instance,algorithm,s,h,c,p,tau,initial_acc,initial_acc_pct,acc,acc_pct,moves,crane_time,elapsed_ms,nodes,proved_optimal,stop_reason
BF_BF10_h8s16n1.txt,BBLCT,16,8,77,16,600.0,0,0.0,2,2.6,2,199.80,4874.7,52028,true,completed
BF_BF10_h8s16n10.txt,BBLCT,16,8,77,16,600.0,2,2.6,5,6.5,4,464.96,39.4,607,true,completed
BF_BF10_h8s16n11.txt,BBLCT,16,8,77,16,600.0,2,2.6,3,3.9,3,288.18,1183.9,13075,true,completed
BF_BF10_h8s16n12.txt,BBLCT,16,8,77,16,600.0,1,1.3,4,5.2,4,547.88,4.9,34,true,completed
BF_BF10_h8s16n13.txt,BBLCT,16,8,77,16,600.0,1,1.3,3,3.9,5,545.24,36.5,353,true,completed
BF_BF10_h8s16n14.txt,BBLCT,16,8,77,16,600.0,1,1.3,4,5.2,5,500.19,71.5,1005,true,completed
BF_BF10_h8s16n15.txt,BBLCT,16,8,77,16,600.0,2,2.6,3,3.9,1,117.99,359.6,3219,true,completed
BF_BF10_h8s16n16.txt,BBLCT,16,8,77,16,600.0,0,0.0,2,2.6,3,321.42,1995.7,17714,true,completed
BF_BF10_h8s16n17.txt,BBLCT,16,8,77,16,600.0,0,0.0,2,2.6,4,564.25,1.4,2,true,completed
BF_BF10_h8s16n18.txt,BBLCT,16,8,77,16,600.0,1,1.3,3,3.9,5,599.66,136.7,1633,true,completed
BF_BF10_h8s16n19.txt,BBLCT,16,8,77,16,600.0,0,0.0,2,2.6,5,495.83,63.2,557,true,completed
BF_BF10_h8s16n2.txt,BBLCT,16,8,77,16,600.0,2,2.6,3,3.9,2,190.58,250.1,2424,true,completed
BF_BF10_h8s16n20.txt,BBLCT,16,8,77,16,600.0,0,0.0,2,2.6,2,175.75,1936.9,21220,true,completed
BF_BF10_h8s16n3.txt,BBLCT,16,8,77,16,600.0,2,2.6,7,9.1,4,584.88,1.4,4,true,completed
BF_BF10_h8s16n4.txt,BBLCT,16,8,77,16,600.0,0,0.0,3,3.9,5,552.05,70.1,478,true,completed
BF_BF10_h8s16n5.txt,BBLCT,16,8,77,16,600.0,1,1.3,3,3.9,5,550.18,55.6,451,true,completed
BF_BF10_h8s16n6.txt,BBLCT,16,8,77,16,600.0,1,1.3,4,5.2,6,593.27,18.6,237,true,completed
BF_BF10_h8s16n7.txt,BBLCT,16,8,77,16,600.0,0,0.0,2,2.6,5,594.49,17063.5,223083,true,completed
BF_BF10_h8s16n8.txt,BBLCT,16,8,77,16,600.0,1,1.3,2,2.6,4,555.77,1.2,1,true,completed
BF_BF10_h8s16n9.txt,BBLCT,16,8,77,16,600.0,2,2.6,4,5.2,5,565.87,78.4,542,true,completed
BF_BF11_h8s16n1.txt,BBLCT,16,8,77,31,600.0,0,0.0,0,0.0,0,0.00,1.9,1,true,completed
BF_BF11_h8s16n10.txt,BBLCT,16,8,77,31,600.0,0,0.0,0,0.0,0,0.00,1.7,1,true,completed
BF_BF11_h8s16n11.txt,BBLCT,16,8,77,31,600.0,0,0.0,1,1.3,3,554.60,1.8,1,true,completed
BF_BF11_h8s16n12.txt,BBLCT,16,8,77,31,600.0,0,0.0,1,1.3,4,530.58,1.9,1,true,completed
BF_BF11_h8s16n13.txt,BBLCT,16,8,77,31,600.0,0,0.0,1,1.3,3,479.88,1.7,1,true,completed
BF_BF11_h8s16n14.txt,BBLCT,16,8,77,31,600.0,0,0.0,4,5.2,5,596.68,13.2,111,true,completed
BF_BF11_h8s16n15.txt,BBLCT,16,8,77,31,600.0,1,1.3,1,1.3,0,0.00,1.9,1,true,completed
BF_BF11_h8s16n16.txt,BBLCT,16,8,77,31,600.0,0,0.0,1,1.3,3,480.41,1.9,1,true,completed
BF_BF11_h8s16n17.txt,BBLCT,16,8,77,31,600.0,2,2.6,2,2.6,0,0.00,1.8,1,true,completed
BF_BF11_h8s16n18.txt,BBLCT,16,8,77,31,600.0,0,0.0,3,3.9,5,560.85,48.6,583,true,completed
BF_BF11_h8s16n19.txt,BBLCT,16,8,77,31,600.0,0,0.0,2,2.6,4,536.35,1.8,1,true,completed
BF_BF11_h8s16n2.txt,BBLCT,16,8,77,31,600.0,1,1.3,2,2.6,3,503.20,2.1,2,true,completed
BF_BF11_h8s16n20.txt,BBLCT,16,8,77,31,600.0,1,1.3,4,5.2,4,572.64,5.9,30,true,completed
BF_BF11_h8s16n3.txt,BBLCT,16,8,77,31,600.0,1,1.3,3,3.9,3,367.86,25.3,278,true,completed
BF_BF11_h8s16n4.txt,BBLCT,16,8,77,31,600.0,0,0.0,1,1.3,3,482.67,1.8,1,true,completed
BF_BF11_h8s16n5.txt,BBLCT,16,8,77,31,600.0,0,0.0,5,6.5,5,587.97,4.2,29,true,completed
BF_BF11_h8s16n6.txt,BBLCT,16,8,77,31,600.0,0,0.0,2,2.6,4,598.44,8.4,49,true,completed
BF_BF11_h8s16n7.txt,BBLCT,16,8,77,31,600.0,0,0.0,2,2.6,4,543.83,8.5,87,true,completed
BF_BF11_h8s16n8.txt,BBLCT,16,8,77,31,600.0,0,0.0,1,1.3,4,557.68,1.8,1,true,completed
BF_BF11_h8s16n9.txt,BBLCT,16,8,77,31,600.0,0,0.0,1,1.3,3,505.01,1.8,1,true,completed
BF_BF12_h8s16n1.txt,BBLCT,16,8,77,31,600.0,0,0.0,1,1.3,4,516.40,25.4,456,true,completed
BF_BF12_h8s16n10.txt,BBLCT,16,8,77,31,600.0,0,0.0,3,3.9,5,590.49,5.3,40,true,completed
BF_BF12_h8s16n11.txt,BBLCT,16,8,77,31,600.0,0,0.0,0,0.0,0,0.00,1.8,1,true,completed
BF_BF12_h8s16n12.txt,BBLCT,16,8,77,31,600.0,0,0.0,3,3.9,4,590.53,1.9,1,true,completed
BF_BF12_h8s16n13.txt,BBLCT,16,8,77,31,600.0,0,0.0,1,1.3,4,514.19,1.9,1,true,completed
BF_BF12_h8s16n14.txt,BBLCT,16,8,77,31,600.0,0,0.0,3,3.9,5,568.34,5.7,76,true,completed
BF_BF12_h8s16n15.txt,BBLCT,16,8,77,31,600.0,0,0.0,2,2.6,4,572.73,1.8,1,true,completed
BF_BF12_h8s16n16.txt,BBLCT,16,8,77,31,600.0,2,2.6,4,5.2,4,549.03,44.3,458,true,completed
BF_BF12_h8s16n17.txt,BBLCT,16,8,77,31,600.0,0,0.0,1,1.3,3,529.45,1.7,1,true,completed
BF_BF12_h8s16n18.txt,BBLCT,16,8,77,31,600.0,1,1.3,3,3.9,4,596.27,2.6,11,true,completed
BF_BF12_h8s16n19.txt,BBLCT,16,8,77,31,600.0,1,1.3,3,3.9,5,571.19,50.9,407,true,completed
BF_BF12_h8s16n2.txt,BBLCT,16,8,77,31,600.0,1,1.3,1,1.3,0,0.00,1.7,1,true,completed
BF_BF12_h8s16n20.txt,BBLCT,16,8,77,31,600.0,1,1.3,2,2.6,3,501.95,1.9,1,true,completed
BF_BF12_h8s16n3.txt,BBLCT,16,8,77,31,600.0,2,2.6,5,6.5,6,549.22,40.8,274,true,completed
BF_BF12_h8s16n4.txt,BBLCT,16,8,77,31,600.0,3,3.9,4,5.2,3,596.99,1.8,1,true,completed
BF_BF12_h8s16n5.txt,BBLCT,16,8,77,31,600.0,0,0.0,1,1.3,4,497.97,33.7,525,true,completed
BF_BF12_h8s16n6.txt,BBLCT,16,8,77,31,600.0,1,1.3,5,6.5,5,598.16,49.3,377,true,completed
BF_BF12_h8s16n7.txt,BBLCT,16,8,77,31,600.0,0,0.0,3,3.9,5,595.23,32.4,293,true,completed
BF_BF12_h8s16n8.txt,BBLCT,16,8,77,31,600.0,0,0.0,1,1.3,4,548.80,1.9,1,true,completed
BF_BF12_h8s16n9.txt,BBLCT,16,8,77,31,600.0,0,0.0,1,1.3,3,291.86,7.0,90,true,completed
BF_BF13_h8s16n1.txt,BBLCT,16,8,103,21,600.0,1,1.0,3,2.9,5,563.16,64.8,498,true,completed
BF_BF13_h8s16n10.txt,BBLCT,16,8,103,21,600.0,2,1.9,3,2.9,4,484.39,1.8,1,true,completed
BF_BF13_h8s16n11.txt,BBLCT,16,8,103,21,600.0,0,0.0,1,1.0,1,107.07,14464.3,108483,true,completed
BF_BF13_h8s16n12.txt,BBLCT,16,8,103,21,600.0,1,1.0,5,4.9,6,598.51,40.9,374,true,completed
BF_BF13_h8s16n13.txt,BBLCT,16,8,103,21,600.0,0,0.0,2,1.9,4,538.16,1.9,1,true,completed
BF_BF13_h8s16n14.txt,BBLCT,16,8,103,21,600.0,0,0.0,2,1.9,5,513.92,1.9,1,true,completed
BF_BF13_h8s16n15.txt,BBLCT,16,8,103,21,600.0,0,0.0,2,1.9,4,523.06,23.5,144,true,completed
BF_BF13_h8s16n16.txt,BBLCT,16,8,103,21,600.0,1,1.0,4,3.9,4,514.57,1.9,1,true,completed
BF_BF13_h8s16n17.txt,BBLCT,16,8,103,21,600.0,0,0.0,3,2.9,5,590.39,61.0,468,true,completed
BF_BF13_h8s16n18.txt,BBLCT,16,8,103,21,600.0,0,0.0,3,2.9,4,539.14,2.1,1,true,completed
BF_BF13_h8s16n19.txt,BBLCT,16,8,103,21,600.0,1,1.0,2,1.9,3,524.00,7.1,49,true,completed
BF_BF13_h8s16n2.txt,BBLCT,16,8,103,21,600.0,1,1.0,2,1.9,4,518.51,2.0,1,true,completed
BF_BF13_h8s16n20.txt,BBLCT,16,8,103,21,600.0,0,0.0,3,2.9,5,580.11,2691.7,94672,true,completed
BF_BF13_h8s16n3.txt,BBLCT,16,8,103,21,600.0,1,1.0,4,3.9,5,564.58,73.0,493,true,completed
BF_BF13_h8s16n4.txt,BBLCT,16,8,103,21,600.0,2,1.9,3,2.9,2,194.37,319.6,2268,true,completed
BF_BF13_h8s16n5.txt,BBLCT,16,8,103,21,600.0,2,1.9,3,2.9,4,509.82,15.3,102,true,completed
BF_BF13_h8s16n6.txt,BBLCT,16,8,103,21,600.0,1,1.0,4,3.9,5,568.46,36.7,469,true,completed
BF_BF13_h8s16n7.txt,BBLCT,16,8,103,21,600.0,0,0.0,2,1.9,4,531.24,1.8,1,true,completed
BF_BF13_h8s16n8.txt,BBLCT,16,8,103,21,600.0,2,1.9,3,2.9,4,567.04,5.1,27,true,completed
BF_BF13_h8s16n9.txt,BBLCT,16,8,103,21,600.0,0,0.0,4,3.9,4,569.47,1.8,1,true,completed
BF_BF14_h8s16n1.txt,BBLCT,16,8,103,21,600.0,2,1.9,7,6.8,3,304.09,5.1,20,true,completed
BF_BF14_h8s16n10.txt,BBLCT,16,8,103,21,600.0,1,1.0,3,2.9,4,598.34,2.3,1,true,completed
BF_BF14_h8s16n11.txt,BBLCT,16,8,103,21,600.0,0,0.0,2,1.9,4,512.86,1.6,1,true,completed
BF_BF14_h8s16n12.txt,BBLCT,16,8,103,21,600.0,1,1.0,4,3.9,3,372.21,309.9,2538,true,completed
BF_BF14_h8s16n13.txt,BBLCT,16,8,103,21,600.0,0,0.0,2,1.9,5,562.92,2.1,1,true,completed
BF_BF14_h8s16n14.txt,BBLCT,16,8,103,21,600.0,1,1.0,3,2.9,5,582.49,17.6,327,true,completed
BF_BF14_h8s16n15.txt,BBLCT,16,8,103,21,600.0,2,1.9,4,3.9,2,215.06,5.3,60,true,completed
BF_BF14_h8s16n16.txt,BBLCT,16,8,103,21,600.0,0,0.0,2,1.9,5,544.97,57.0,500,true,completed
BF_BF14_h8s16n17.txt,BBLCT,16,8,103,21,600.0,1,1.0,4,3.9,5,581.59,2.0,1,true,completed
BF_BF14_h8s16n18.txt,BBLCT,16,8,103,21,600.0,0,0.0,2,1.9,4,544.30,2.0,1,true,completed
BF_BF14_h8s16n19.txt,BBLCT,16,8,103,21,600.0,0,0.0,2,1.9,2,203.83,346.8,2985,true,completed
BF_BF14_h8s16n2.txt,BBLCT,16,8,103,21,600.0,1,1.0,2,1.9,3,303.51,2416.6,19948,true,completed
BF_BF14_h8s16n20.txt,BBLCT,16,8,103,21,600.0,0,0.0,2,1.9,3,336.37,15550.9,141704,true,completed
BF_BF14_h8s16n3.txt,BBLCT,16,8,103,21,600.0,0,0.0,4,3.9,5,493.37,113.8,1149,true,completed
BF_BF14_h8s16n4.txt,BBLCT,16,8,103,21,600.0,2,1.9,4,3.9,5,491.03,56.7,461,true,completed
BF_BF14_h8s16n5.txt,BBLCT,16,8,103,21,600.0,2,1.9,3,2.9,3,513.77,65.3,507,true,completed
BF_BF14_h8s16n6.txt,BBLCT,16,8,103,21,600.0,0,0.0,3,2.9,5,596.39,151.4,1395,true,completed
BF_BF14_h8s16n7.txt,BBLCT,16,8,103,21,600.0,1,1.0,2,1.9,3,357.02,90.9,1030,true,completed
BF_BF14_h8s16n8.txt,BBLCT,16,8,103,21,600.0,0,0.0,3,2.9,5,596.37,24.3,268,true,completed
BF_BF14_h8s16n9.txt,BBLCT,16,8,103,21,600.0,1,1.0,2,1.9,4,512.07,73.2,727,true,completed
BF_BF15_h8s16n1.txt,BBLCT,16,8,103,42,600.0,0,0.0,2,1.9,4,584.91,3.4,1,true,completed
BF_BF15_h8s16n10.txt,BBLCT,16,8,103,42,600.0,0,0.0,1,1.0,4,490.05,3.5,1,true,completed
BF_BF15_h8s16n11.txt,BBLCT,16,8,103,42,600.0,0,0.0,2,1.9,6,586.51,60.7,523,true,completed
BF_BF15_h8s16n12.txt,BBLCT,16,8,103,42,600.0,1,1.0,2,1.9,5,588.90,3.5,1,true,completed
BF_BF15_h8s16n13.txt,BBLCT,16,8,103,42,600.0,1,1.0,5,4.9,5,564.22,20.3,169,true,completed
BF_BF15_h8s16n14.txt,BBLCT,16,8,103,42,600.0,1,1.0,3,2.9,4,507.06,4.5,18,true,completed
BF_BF15_h8s16n15.txt,BBLCT,16,8,103,42,600.0,0,0.0,1,1.0,4,496.57,3.2,1,true,completed
BF_BF15_h8s16n16.txt,BBLCT,16,8,103,42,600.0,0,0.0,2,1.9,4,576.10,3.2,1,true,completed
BF_BF15_h8s16n17.txt,BBLCT,16,8,103,42,600.0,0,0.0,1,1.0,4,505.08,3.5,1,true,completed
BF_BF15_h8s16n18.txt,BBLCT,16,8,103,42,600.0,0,0.0,1,1.0,4,478.12,3.4,1,true,completed
BF_BF15_h8s16n19.txt,BBLCT,16,8,103,42,600.0,2,1.9,4,3.9,4,527.17,3.3,1,true,completed
BF_BF15_h8s16n2.txt,BBLCT,16,8,103,42,600.0,1,1.0,3,2.9,4,431.17,260.5,1619,true,completed
BF_BF15_h8s16n20.txt,BBLCT,16,8,103,42,600.0,1,1.0,4,3.9,6,590.86,3.5,1,true,completed
BF_BF15_h8s16n3.txt,BBLCT,16,8,103,42,600.0,0,0.0,2,1.9,4,472.03,3.4,1,true,completed
BF_BF15_h8s16n4.txt,BBLCT,16,8,103,42,600.0,0,0.0,1,1.0,2,201.02,49.3,707,true,completed
BF_BF15_h8s16n5.txt,BBLCT,16,8,103,42,600.0,0,0.0,2,1.9,4,509.04,3.7,1,true,completed
BF_BF15_h8s16n6.txt,BBLCT,16,8,103,42,600.0,0,0.0,0,0.0,0,0.00,3.6,1,true,completed
BF_BF15_h8s16n7.txt,BBLCT,16,8,103,42,600.0,0,0.0,4,3.9,4,481.48,3.4,1,true,completed
BF_BF15_h8s16n8.txt,BBLCT,16,8,103,42,600.0,0,0.0,2,1.9,5,598.94,1380.2,12106,true,completed
BF_BF15_h8s16n9.txt,BBLCT,16,8,103,42,600.0,1,1.0,4,3.9,3,416.53,30.2,271,true,completed
BF_BF16_h8s16n1.txt,BBLCT,16,8,103,42,600.0,0,0.0,3,2.9,5,582.83,12.1,68,true,completed
BF_BF16_h8s16n10.txt,BBLCT,16,8,103,42,600.0,0,0.0,1,1.0,5,587.81,194.1,2034,true,completed
BF_BF16_h8s16n11.txt,BBLCT,16,8,103,42,600.0,0,0.0,1,1.0,2,236.39,239.9,2761,true,completed
BF_BF16_h8s16n12.txt,BBLCT,16,8,103,42,600.0,0,0.0,2,1.9,4,475.95,4.2,1,true,completed
BF_BF16_h8s16n13.txt,BBLCT,16,8,103,42,600.0,1,1.0,4,3.9,6,592.33,16.9,155,true,completed
BF_BF16_h8s16n14.txt,BBLCT,16,8,103,42,600.0,0,0.0,2,1.9,4,490.40,3.9,1,true,completed
BF_BF16_h8s16n15.txt,BBLCT,16,8,103,42,600.0,0,0.0,1,1.0,4,559.72,3.5,1,true,completed
BF_BF16_h8s16n16.txt,BBLCT,16,8,103,42,600.0,1,1.0,2,1.9,2,208.45,6.9,63,true,completed
BF_BF16_h8s16n17.txt,BBLCT,16,8,103,42,600.0,0,0.0,1,1.0,5,507.33,3.7,1,true,completed
BF_BF16_h8s16n18.txt,BBLCT,16,8,103,42,600.0,0,0.0,2,1.9,5,512.70,4.0,1,true,completed
BF_BF16_h8s16n19.txt,BBLCT,16,8,103,42,600.0,0,0.0,1,1.0,3,296.29,3706.9,42237,true,completed
BF_BF16_h8s16n2.txt,BBLCT,16,8,103,42,600.0,0,0.0,2,1.9,5,555.16,3.8,1,true,completed
BF_BF16_h8s16n20.txt,BBLCT,16,8,103,42,600.0,0,0.0,2,1.9,5,593.28,38.7,461,true,completed
BF_BF16_h8s16n3.txt,BBLCT,16,8,103,42,600.0,0,0.0,0,0.0,0,0.00,3.6,1,true,completed
BF_BF16_h8s16n4.txt,BBLCT,16,8,103,42,600.0,1,1.0,1,1.0,0,0.00,94.4,770,true,completed
BF_BF16_h8s16n5.txt,BBLCT,16,8,103,42,600.0,0,0.0,2,1.9,4,592.77,38.2,224,true,completed
BF_BF16_h8s16n6.txt,BBLCT,16,8,103,42,600.0,1,1.0,2,1.9,4,592.72,3.6,1,true,completed
BF_BF16_h8s16n7.txt,BBLCT,16,8,103,42,600.0,0,0.0,0,0.0,0,0.00,3.5,1,true,completed
BF_BF16_h8s16n8.txt,BBLCT,16,8,103,42,600.0,0,0.0,1,1.0,3,533.00,3.8,1,true,completed
BF_BF16_h8s16n9.txt,BBLCT,16,8,103,42,600.0,0,0.0,2,1.9,4,520.41,3.8,1,true,completed
BF_BF17_h5s20n1.txt,BBLCT,20,5,60,12,600.0,1,1.7,4,6.7,5,520.56,73.6,790,true,completed
BF_BF17_h5s20n10.txt,BBLCT,20,5,60,12,600.0,1,1.7,13,21.7,5,582.88,0.8,1,true,completed
BF_BF17_h5s20n11.txt,BBLCT,20,5,60,12,600.0,0,0.0,4,6.7,6,589.66,44.5,418,true,completed
BF_BF17_h5s20n12.txt,BBLCT,20,5,60,12,600.0,2,3.3,5,8.3,5,576.19,98.4,523,true,completed
BF_BF17_h5s20n13.txt,BBLCT,20,5,60,12,600.0,2,3.3,8,13.3,5,449.03,181.4,1026,true,completed
BF_BF17_h5s20n14.txt,BBLCT,20,5,60,12,600.0,2,3.3,5,8.3,5,568.28,1.9,10,true,completed
BF_BF17_h5s20n15.txt,BBLCT,20,5,60,12,600.0,0,0.0,4,6.7,5,594.24,0.8,1,true,completed
BF_BF17_h5s20n16.txt,BBLCT,20,5,60,12,600.0,1,1.7,3,5.0,4,560.87,0.8,1,true,completed
BF_BF17_h5s20n17.txt,BBLCT,20,5,60,12,600.0,2,3.3,7,11.7,5,558.61,73.5,426,true,completed
BF_BF17_h5s20n18.txt,BBLCT,20,5,60,12,600.0,0,0.0,3,5.0,5,587.84,0.8,1,true,completed
BF_BF17_h5s20n19.txt,BBLCT,20,5,60,12,600.0,2,3.3,6,10.0,6,589.72,49.3,294,true,completed
BF_BF17_h5s20n2.txt,BBLCT,20,5,60,12,600.0,3,5.0,4,6.7,3,509.95,0.7,1,true,completed
BF_BF17_h5s20n20.txt,BBLCT,20,5,60,12,600.0,1,1.7,3,5.0,4,524.50,0.7,1,true,completed
BF_BF17_h5s20n3.txt,BBLCT,20,5,60,12,600.0,4,6.7,9,15.0,5,567.64,43.4,209,true,completed
BF_BF17_h5s20n4.txt,BBLCT,20,5,60,12,600.0,3,5.0,5,8.3,5,558.10,60.0,590,true,completed
BF_BF17_h5s20n5.txt,BBLCT,20,5,60,12,600.0,2,3.3,6,10.0,5,599.40,34.7,205,true,completed
BF_BF17_h5s20n6.txt,BBLCT,20,5,60,12,600.0,1,1.7,4,6.7,5,496.28,121.7,1128,true,completed
BF_BF17_h5s20n7.txt,BBLCT,20,5,60,12,600.0,2,3.3,4,6.7,5,543.97,0.8,1,true,completed
BF_BF17_h5s20n8.txt,BBLCT,20,5,60,12,600.0,2,3.3,4,6.7,5,548.80,132.3,828,true,completed
BF_BF17_h5s20n9.txt,BBLCT,20,5,60,12,600.0,1,1.7,3,5.0,4,485.96,0.8,1,true,completed
BF_BF18_h5s20n1.txt,BBLCT,20,5,60,12,600.0,1,1.7,3,5.0,5,576.31,75.7,549,true,completed
BF_BF18_h5s20n10.txt,BBLCT,20,5,60,12,600.0,0,0.0,3,5.0,5,586.39,0.8,1,true,completed
BF_BF18_h5s20n11.txt,BBLCT,20,5,60,12,600.0,0,0.0,2,3.3,2,193.74,1353.3,12940,true,completed
BF_BF18_h5s20n12.txt,BBLCT,20,5,60,12,600.0,1,1.7,5,8.3,5,582.32,81.4,758,true,completed
BF_BF18_h5s20n13.txt,BBLCT,20,5,60,12,600.0,3,5.0,5,8.3,3,316.58,15.7,295,true,completed
BF_BF18_h5s20n14.txt,BBLCT,20,5,60,12,600.0,1,1.7,6,10.0,6,585.20,80.9,812,true,completed
BF_BF18_h5s20n15.txt,BBLCT,20,5,60,12,600.0,0,0.0,3,5.0,4,430.44,1520.5,15016,true,completed
BF_BF18_h5s20n16.txt,BBLCT,20,5,60,12,600.0,1,1.7,4,6.7,3,286.78,580.5,5888,true,completed
BF_BF18_h5s20n17.txt,BBLCT,20,5,60,12,600.0,1,1.7,3,5.0,5,596.38,51.5,429,true,completed
BF_BF18_h5s20n18.txt,BBLCT,20,5,60,12,600.0,1,1.7,4,6.7,5,585.96,0.9,1,true,completed
BF_BF18_h5s20n19.txt,BBLCT,20,5,60,12,600.0,3,5.0,6,10.0,5,581.86,0.8,1,true,completed
BF_BF18_h5s20n2.txt,BBLCT,20,5,60,12,600.0,3,5.0,9,15.0,5,558.36,32.8,372,true,completed
BF_BF18_h5s20n20.txt,BBLCT,20,5,60,12,600.0,2,3.3,4,6.7,4,538.45,13.9,135,true,completed
BF_BF18_h5s20n3.txt,BBLCT,20,5,60,12,600.0,0,0.0,3,5.0,5,535.12,33.6,543,true,completed
BF_BF18_h5s20n4.txt,BBLCT,20,5,60,12,600.0,2,3.3,4,6.7,5,549.62,32.8,519,true,completed
BF_BF18_h5s20n5.txt,BBLCT,20,5,60,12,600.0,3,5.0,6,10.0,6,598.52,243.4,2461,true,completed
BF_BF18_h5s20n6.txt,BBLCT,20,5,60,12,600.0,0,0.0,3,5.0,4,427.62,214.2,3633,true,completed
BF_BF18_h5s20n7.txt,BBLCT,20,5,60,12,600.0,1,1.7,4,6.7,5,546.96,71.5,594,true,completed
BF_BF18_h5s20n8.txt,BBLCT,20,5,60,12,600.0,2,3.3,5,8.3,4,491.77,19.7,194,true,completed
BF_BF18_h5s20n9.txt,BBLCT,20,5,60,12,600.0,2,3.3,4,6.7,2,171.21,16.0,254,true,completed
BF_BF19_h5s20n1.txt,BBLCT,20,5,60,24,600.0,1,1.7,4,6.7,5,586.71,41.1,375,true,completed
BF_BF19_h5s20n10.txt,BBLCT,20,5,60,24,600.0,1,1.7,6,10.0,5,516.74,96.8,547,true,completed
BF_BF19_h5s20n11.txt,BBLCT,20,5,60,24,600.0,1,1.7,8,13.3,6,565.50,44.1,264,true,completed
BF_BF19_h5s20n12.txt,BBLCT,20,5,60,24,600.0,0,0.0,3,5.0,5,594.00,1.3,1,true,completed
BF_BF19_h5s20n13.txt,BBLCT,20,5,60,24,600.0,0,0.0,1,1.7,4,555.40,1.3,1,true,completed
BF_BF19_h5s20n14.txt,BBLCT,20,5,60,24,600.0,0,0.0,5,8.3,6,590.18,13.2,113,true,completed
BF_BF19_h5s20n15.txt,BBLCT,20,5,60,24,600.0,0,0.0,3,5.0,5,592.71,49.0,384,true,completed
BF_BF19_h5s20n16.txt,BBLCT,20,5,60,24,600.0,3,5.0,4,6.7,2,225.05,2.5,8,true,completed
BF_BF19_h5s20n17.txt,BBLCT,20,5,60,24,600.0,0,0.0,2,3.3,5,540.71,69.5,382,true,completed
BF_BF19_h5s20n18.txt,BBLCT,20,5,60,24,600.0,1,1.7,7,11.7,5,562.20,16.8,128,true,completed
BF_BF19_h5s20n19.txt,BBLCT,20,5,60,24,600.0,1,1.7,4,6.7,6,596.34,15.2,83,true,completed
BF_BF19_h5s20n2.txt,BBLCT,20,5,60,24,600.0,0,0.0,3,5.0,2,174.39,477.2,4144,true,completed
BF_BF19_h5s20n20.txt,BBLCT,20,5,60,24,600.0,2,3.3,5,8.3,5,513.55,52.7,378,true,completed
BF_BF19_h5s20n3.txt,BBLCT,20,5,60,24,600.0,1,1.7,6,10.0,6,587.14,49.0,445,true,completed
BF_BF19_h5s20n4.txt,BBLCT,20,5,60,24,600.0,1,1.7,8,13.3,5,560.95,6.9,47,true,completed
BF_BF19_h5s20n5.txt,BBLCT,20,5,60,24,600.0,0,0.0,3,5.0,4,514.86,1.3,1,true,completed
BF_BF19_h5s20n6.txt,BBLCT,20,5,60,24,600.0,2,3.3,6,10.0,5,541.96,72.5,384,true,completed
BF_BF19_h5s20n7.txt,BBLCT,20,5,60,24,600.0,1,1.7,2,3.3,4,565.52,1.4,1,true,completed
BF_BF19_h5s20n8.txt,BBLCT,20,5,60,24,600.0,1,1.7,8,13.3,4,486.05,32.7,218,true,completed
BF_BF19_h5s20n9.txt,BBLCT,20,5,60,24,600.0,3,5.0,6,10.0,4,541.04,1.4,1,true,completed
BF_BF1_h5s16n1.txt,BBLCT,16,5,48,10,600.0,2,4.2,4,8.3,3,322.79,58.0,1230,true,completed
BF_BF1_h5s16n10.txt,BBLCT,16,5,48,10,600.0,3,6.2,9,18.8,6,597.98,7.0,136,true,completed
BF_BF1_h5s16n11.txt,BBLCT,16,5,48,10,600.0,2,4.2,4,8.3,5,546.02,41.9,621,true,completed
BF_BF1_h5s16n12.txt,BBLCT,16,5,48,10,600.0,2,4.2,4,8.3,4,512.05,0.6,1,true,completed
BF_BF1_h5s16n13.txt,BBLCT,16,5,48,10,600.0,2,4.2,3,6.2,2,195.12,22.4,665,true,completed
BF_BF1_h5s16n14.txt,BBLCT,16,5,48,10,600.0,0,0.0,2,4.2,4,521.43,299.0,3310,true,completed
BF_BF1_h5s16n15.txt,BBLCT,16,5,48,10,600.0,1,2.1,2,4.2,4,517.77,14.4,161,true,completed
BF_BF1_h5s16n16.txt,BBLCT,16,5,48,10,600.0,2,4.2,4,8.3,4,364.16,375.5,3891,true,completed
BF_BF1_h5s16n17.txt,BBLCT,16,5,48,10,600.0,2,4.2,5,10.4,5,587.17,0.6,1,true,completed
BF_BF1_h5s16n18.txt,BBLCT,16,5,48,10,600.0,3,6.2,8,16.7,6,591.50,7.5,70,true,completed
BF_BF1_h5s16n19.txt,BBLCT,16,5,48,10,600.0,0,0.0,2,4.2,5,542.72,0.6,1,true,completed
BF_BF1_h5s16n2.txt,BBLCT,16,5,48,10,600.0,1,2.1,4,8.3,5,531.04,27.6,570,true,completed
BF_BF1_h5s16n20.txt,BBLCT,16,5,48,10,600.0,1,2.1,4,8.3,4,534.19,0.6,1,true,completed
BF_BF1_h5s16n3.txt,BBLCT,16,5,48,10,600.0,2,4.2,4,8.3,4,548.62,0.6,1,true,completed
BF_BF1_h5s16n4.txt,BBLCT,16,5,48,10,600.0,3,6.2,8,16.7,6,586.30,8.2,96,true,completed
BF_BF1_h5s16n5.txt,BBLCT,16,5,48,10,600.0,1,2.1,3,6.2,4,520.60,0.6,1,true,completed
BF_BF1_h5s16n6.txt,BBLCT,16,5,48,10,600.0,0,0.0,3,6.2,5,576.65,123.2,1698,true,completed
BF_BF1_h5s16n7.txt,BBLCT,16,5,48,10,600.0,1,2.1,3,6.2,3,322.78,381.0,3917,true,completed
BF_BF1_h5s16n8.txt,BBLCT,16,5,48,10,600.0,1,2.1,4,8.3,3,276.05,1371.5,16099,true,completed
BF_BF1_h5s16n9.txt,BBLCT,16,5,48,10,600.0,1,2.1,4,8.3,6,594.92,17.6,310,true,completed
BF_BF20_h5s20n1.txt,BBLCT,20,5,60,24,600.0,0,0.0,1,1.7,4,536.82,1.4,1,true,completed
BF_BF20_h5s20n10.txt,BBLCT,20,5,60,24,600.0,1,1.7,5,8.3,5,579.57,1.4,1,true,completed
BF_BF20_h5s20n11.txt,BBLCT,20,5,60,24,600.0,0,0.0,2,3.3,4,596.40,1.4,1,true,completed
BF_BF20_h5s20n12.txt,BBLCT,20,5,60,24,600.0,0,0.0,4,6.7,5,570.93,13.0,197,true,completed
BF_BF20_h5s20n13.txt,BBLCT,20,5,60,24,600.0,0,0.0,2,3.3,2,175.78,57.3,791,true,completed
BF_BF20_h5s20n14.txt,BBLCT,20,5,60,24,600.0,0,0.0,2,3.3,4,485.72,1.4,2,true,completed
BF_BF20_h5s20n15.txt,BBLCT,20,5,60,24,600.0,1,1.7,2,3.3,2,216.69,4.8,57,true,completed
BF_BF20_h5s20n16.txt,BBLCT,20,5,60,24,600.0,2,3.3,3,5.0,2,220.29,2.4,16,true,completed
BF_BF20_h5s20n17.txt,BBLCT,20,5,60,24,600.0,2,3.3,7,11.7,5,585.06,3.2,23,true,completed
BF_BF20_h5s20n18.txt,BBLCT,20,5,60,24,600.0,0,0.0,4,6.7,5,523.77,120.7,1139,true,completed
BF_BF20_h5s20n19.txt,BBLCT,20,5,60,24,600.0,1,1.7,3,5.0,5,599.08,13.9,227,true,completed
BF_BF20_h5s20n2.txt,BBLCT,20,5,60,24,600.0,0,0.0,4,6.7,5,587.36,4.2,32,true,completed
BF_BF20_h5s20n20.txt,BBLCT,20,5,60,24,600.0,1,1.7,5,8.3,5,562.29,1.4,1,true,completed
BF_BF20_h5s20n3.txt,BBLCT,20,5,60,24,600.0,1,1.7,3,5.0,5,565.35,25.8,235,true,completed
BF_BF20_h5s20n4.txt,BBLCT,20,5,60,24,600.0,0,0.0,3,5.0,5,597.66,2.1,8,true,completed
BF_BF20_h5s20n5.txt,BBLCT,20,5,60,24,600.0,1,1.7,9,15.0,5,562.71,282.8,3647,true,completed
BF_BF20_h5s20n6.txt,BBLCT,20,5,60,24,600.0,0,0.0,5,8.3,5,592.33,1.5,1,true,completed
BF_BF20_h5s20n7.txt,BBLCT,20,5,60,24,600.0,0,0.0,1,1.7,2,225.90,4.0,52,true,completed
BF_BF20_h5s20n8.txt,BBLCT,20,5,60,24,600.0,0,0.0,3,5.0,4,494.21,1.5,1,true,completed
BF_BF20_h5s20n9.txt,BBLCT,20,5,60,24,600.0,0,0.0,2,3.3,5,565.08,53.4,430,true,completed
BF_BF21_h5s20n1.txt,BBLCT,20,5,80,16,600.0,2,2.5,4,5.0,4,510.12,5.7,52,true,completed
BF_BF21_h5s20n10.txt,BBLCT,20,5,80,16,600.0,3,3.8,9,11.2,5,545.92,1.2,1,true,completed
BF_BF21_h5s20n11.txt,BBLCT,20,5,80,16,600.0,2,2.5,7,8.8,6,595.85,13.9,109,true,completed
BF_BF21_h5s20n12.txt,BBLCT,20,5,80,16,600.0,1,1.2,3,3.8,6,598.63,180.4,1617,true,completed
BF_BF21_h5s20n13.txt,BBLCT,20,5,80,16,600.0,1,1.2,4,5.0,4,560.28,1.2,1,true,completed
BF_BF21_h5s20n14.txt,BBLCT,20,5,80,16,600.0,1,1.2,8,10.0,6,574.88,14.3,129,true,completed
BF_BF21_h5s20n15.txt,BBLCT,20,5,80,16,600.0,4,5.0,7,8.8,5,521.14,153.3,976,true,completed
BF_BF21_h5s20n16.txt,BBLCT,20,5,80,16,600.0,2,2.5,5,6.2,4,336.47,7.6,68,true,completed
BF_BF21_h5s20n17.txt,BBLCT,20,5,80,16,600.0,1,1.2,4,5.0,6,584.30,62.6,536,true,completed
BF_BF21_h5s20n18.txt,BBLCT,20,5,80,16,600.0,1,1.2,4,5.0,5,568.25,1.2,1,true,completed
BF_BF21_h5s20n19.txt,BBLCT,20,5,80,16,600.0,3,3.8,5,6.2,5,566.01,1.3,1,true,completed
BF_BF21_h5s20n2.txt,BBLCT,20,5,80,16,600.0,3,3.8,4,5.0,3,290.90,2336.0,14401,true,completed
BF_BF21_h5s20n20.txt,BBLCT,20,5,80,16,600.0,1,1.2,4,5.0,2,170.06,114.6,1743,true,completed
BF_BF21_h5s20n3.txt,BBLCT,20,5,80,16,600.0,1,1.2,4,5.0,6,576.37,41.2,425,true,completed
BF_BF21_h5s20n4.txt,BBLCT,20,5,80,16,600.0,1,1.2,7,8.8,6,574.06,41.3,265,true,completed
BF_BF21_h5s20n5.txt,BBLCT,20,5,80,16,600.0,0,0.0,2,2.5,5,514.02,1.3,1,true,completed
BF_BF21_h5s20n6.txt,BBLCT,20,5,80,16,600.0,2,2.5,5,6.2,4,518.44,1.2,1,true,completed
BF_BF21_h5s20n7.txt,BBLCT,20,5,80,16,600.0,0,0.0,2,2.5,4,371.13,298.6,2226,true,completed
BF_BF21_h5s20n8.txt,BBLCT,20,5,80,16,600.0,0,0.0,3,3.8,4,520.02,1.2,1,true,completed
BF_BF21_h5s20n9.txt,BBLCT,20,5,80,16,600.0,1,1.2,5,6.2,6,582.15,49.8,338,true,completed
BF_BF22_h5s20n1.txt,BBLCT,20,5,80,16,600.0,0,0.0,4,5.0,5,588.81,1.2,1,true,completed
BF_BF22_h5s20n10.txt,BBLCT,20,5,80,16,600.0,0,0.0,3,3.8,4,388.14,1204.1,12291,true,completed
BF_BF22_h5s20n11.txt,BBLCT,20,5,80,16,600.0,3,3.8,8,10.0,5,538.61,32.7,361,true,completed
BF_BF22_h5s20n12.txt,BBLCT,20,5,80,16,600.0,3,3.8,5,6.2,4,484.66,2.3,26,true,completed
BF_BF22_h5s20n13.txt,BBLCT,20,5,80,16,600.0,0,0.0,3,3.8,4,523.70,1.3,1,true,completed
BF_BF22_h5s20n14.txt,BBLCT,20,5,80,16,600.0,0,0.0,2,2.5,5,544.49,19.9,210,true,completed
BF_BF22_h5s20n15.txt,BBLCT,20,5,80,16,600.0,2,2.5,3,3.8,2,190.13,24.6,405,true,completed
BF_BF22_h5s20n16.txt,BBLCT,20,5,80,16,600.0,1,1.2,3,3.8,3,295.67,2.7,34,true,completed
BF_BF22_h5s20n17.txt,BBLCT,20,5,80,16,600.0,2,2.5,5,6.2,5,530.56,14.0,266,true,completed
BF_BF22_h5s20n18.txt,BBLCT,20,5,80,16,600.0,0,0.0,3,3.8,4,376.86,16.1,162,true,completed
BF_BF22_h5s20n19.txt,BBLCT,20,5,80,16,600.0,0,0.0,3,3.8,4,483.81,67.4,643,true,completed
BF_BF22_h5s20n2.txt,BBLCT,20,5,80,16,600.0,1,1.2,4,5.0,5,545.32,38.8,380,true,completed
BF_BF22_h5s20n20.txt,BBLCT,20,5,80,16,600.0,0,0.0,3,3.8,5,588.15,11.2,207,true,completed
BF_BF22_h5s20n3.txt,BBLCT,20,5,80,16,600.0,0,0.0,3,3.8,4,399.15,1074.4,11267,true,completed
BF_BF22_h5s20n4.txt,BBLCT,20,5,80,16,600.0,4,5.0,9,11.2,5,560.78,129.6,801,true,completed
BF_BF22_h5s20n5.txt,BBLCT,20,5,80,16,600.0,1,1.2,3,3.8,4,513.01,1.2,1,true,completed
BF_BF22_h5s20n6.txt,BBLCT,20,5,80,16,600.0,0,0.0,4,5.0,5,545.93,1.2,1,true,completed
BF_BF22_h5s20n7.txt,BBLCT,20,5,80,16,600.0,0,0.0,2,2.5,3,341.39,107.6,1247,true,completed
BF_BF22_h5s20n8.txt,BBLCT,20,5,80,16,600.0,1,1.2,5,6.2,5,609.36,1.2,1,true,completed
BF_BF22_h5s20n9.txt,BBLCT,20,5,80,16,600.0,0,0.0,3,3.8,5,582.68,1.4,2,true,completed
BF_BF23_h5s20n1.txt,BBLCT,20,5,80,32,600.0,0,0.0,4,5.0,4,463.14,395.4,4780,true,completed
BF_BF23_h5s20n10.txt,BBLCT,20,5,80,32,600.0,1,1.2,4,5.0,5,543.58,65.3,413,true,completed
BF_BF23_h5s20n11.txt,BBLCT,20,5,80,32,600.0,0,0.0,2,2.5,4,435.61,628.7,3516,true,completed
BF_BF23_h5s20n12.txt,BBLCT,20,5,80,32,600.0,0,0.0,3,3.8,4,328.89,13652.7,84781,true,completed
BF_BF23_h5s20n13.txt,BBLCT,20,5,80,32,600.0,1,1.2,6,7.5,5,565.74,2.3,1,true,completed
BF_BF23_h5s20n14.txt,BBLCT,20,5,80,32,600.0,3,3.8,9,11.2,6,552.37,41.3,252,true,completed
BF_BF23_h5s20n15.txt,BBLCT,20,5,80,32,600.0,0,0.0,7,8.8,6,549.39,48.6,268,true,completed
BF_BF23_h5s20n16.txt,BBLCT,20,5,80,32,600.0,1,1.2,5,6.2,4,577.05,2.4,1,true,completed
BF_BF23_h5s20n17.txt,BBLCT,20,5,80,32,600.0,1,1.2,3,3.8,4,518.04,2.2,2,true,completed
BF_BF23_h5s20n18.txt,BBLCT,20,5,80,32,600.0,1,1.2,3,3.8,4,572.13,1.9,1,true,completed
BF_BF23_h5s20n19.txt,BBLCT,20,5,80,32,600.0,2,2.5,5,6.2,6,556.53,19.4,183,true,completed
BF_BF23_h5s20n2.txt,BBLCT,20,5,80,32,600.0,1,1.2,2,2.5,4,542.04,1.9,1,true,completed
BF_BF23_h5s20n20.txt,BBLCT,20,5,80,32,600.0,0,0.0,2,2.5,4,396.54,282.2,2681,true,completed
BF_BF23_h5s20n3.txt,BBLCT,20,5,80,32,600.0,0,0.0,3,3.8,5,442.04,2335.9,13626,true,completed
BF_BF23_h5s20n4.txt,BBLCT,20,5,80,32,600.0,2,2.5,6,7.5,4,515.14,2.1,1,true,completed
BF_BF23_h5s20n5.txt,BBLCT,20,5,80,32,600.0,1,1.2,9,11.2,6,507.47,50.0,502,true,completed
BF_BF23_h5s20n6.txt,BBLCT,20,5,80,32,600.0,1,1.2,4,5.0,5,513.61,87.0,768,true,completed
BF_BF23_h5s20n7.txt,BBLCT,20,5,80,32,600.0,0,0.0,5,6.2,6,599.68,7.3,67,true,completed
BF_BF23_h5s20n8.txt,BBLCT,20,5,80,32,600.0,1,1.2,3,3.8,4,480.71,3.9,22,true,completed
BF_BF23_h5s20n9.txt,BBLCT,20,5,80,32,600.0,1,1.2,2,2.5,3,289.15,151.5,2079,true,completed
BF_BF24_h5s20n1.txt,BBLCT,20,5,80,32,600.0,1,1.2,2,2.5,4,506.01,2.3,1,true,completed
BF_BF24_h5s20n10.txt,BBLCT,20,5,80,32,600.0,0,0.0,3,3.8,5,545.05,10.8,171,true,completed
BF_BF24_h5s20n11.txt,BBLCT,20,5,80,32,600.0,0,0.0,2,2.5,5,553.97,18.2,287,true,completed
BF_BF24_h5s20n12.txt,BBLCT,20,5,80,32,600.0,0,0.0,3,3.8,5,570.81,14.2,226,true,completed
BF_BF24_h5s20n13.txt,BBLCT,20,5,80,32,600.0,0,0.0,1,1.2,3,485.73,2.4,1,true,completed
BF_BF24_h5s20n14.txt,BBLCT,20,5,80,32,600.0,0,0.0,6,7.5,6,596.32,6.8,70,true,completed
BF_BF24_h5s20n15.txt,BBLCT,20,5,80,32,600.0,0,0.0,5,6.2,5,558.48,20.4,210,true,completed
BF_BF24_h5s20n16.txt,BBLCT,20,5,80,32,600.0,1,1.2,4,5.0,6,599.94,19.2,272,true,completed
BF_BF24_h5s20n17.txt,BBLCT,20,5,80,32,600.0,1,1.2,7,8.8,4,558.25,2.2,1,true,completed
BF_BF24_h5s20n18.txt,BBLCT,20,5,80,32,600.0,0,0.0,1,1.2,4,507.36,2.0,1,true,completed
BF_BF24_h5s20n19.txt,BBLCT,20,5,80,32,600.0,0,0.0,2,2.5,4,488.34,2.7,19,true,completed
BF_BF24_h5s20n2.txt,BBLCT,20,5,80,32,600.0,0,0.0,2,2.5,4,520.80,2.1,1,true,completed
BF_BF24_h5s20n20.txt,BBLCT,20,5,80,32,600.0,0,0.0,6,7.5,5,577.04,7.1,63,true,completed
BF_BF24_h5s20n3.txt,BBLCT,20,5,80,32,600.0,2,2.5,4,5.0,5,579.03,17.6,234,true,completed
BF_BF24_h5s20n4.txt,BBLCT,20,5,80,32,600.0,1,1.2,8,10.0,6,596.07,10.6,169,true,completed
BF_BF24_h5s20n5.txt,BBLCT,20,5,80,32,600.0,0,0.0,4,5.0,5,590.96,9.7,178,true,completed
BF_BF24_h5s20n6.txt,BBLCT,20,5,80,32,600.0,0,0.0,2,2.5,5,566.57,20.2,204,true,completed
BF_BF24_h5s20n7.txt,BBLCT,20,5,80,32,600.0,0,0.0,1,1.2,2,196.17,13.8,198,true,completed
BF_BF24_h5s20n8.txt,BBLCT,20,5,80,32,600.0,0,0.0,2,2.5,5,589.75,5.9,89,true,completed
BF_BF24_h5s20n9.txt,BBLCT,20,5,80,32,600.0,1,1.2,6,7.5,5,586.58,59.1,856,true,completed
BF_BF25_h8s20n1.txt,BBLCT,20,8,96,20,600.0,1,1.0,3,3.1,5,552.77,151.3,908,true,completed
BF_BF25_h8s20n10.txt,BBLCT,20,8,96,20,600.0,1,1.0,3,3.1,5,566.41,138.4,926,true,completed
BF_BF25_h8s20n11.txt,BBLCT,20,8,96,20,600.0,3,3.1,4,4.2,3,515.48,1.7,1,true,completed
BF_BF25_h8s20n12.txt,BBLCT,20,8,96,20,600.0,1,1.0,4,4.2,5,588.36,220.5,876,true,completed
BF_BF25_h8s20n13.txt,BBLCT,20,8,96,20,600.0,1,1.0,4,4.2,5,582.49,202.4,718,true,completed
BF_BF25_h8s20n14.txt,BBLCT,20,8,96,20,600.0,2,2.1,3,3.1,1,159.99,5927.0,23233,true,completed
BF_BF25_h8s20n15.txt,BBLCT,20,8,96,20,600.0,1,1.0,3,3.1,3,526.39,1.7,1,true,completed
BF_BF25_h8s20n16.txt,BBLCT,20,8,96,20,600.0,1,1.0,3,3.1,4,598.33,275.8,1316,true,completed
BF_BF25_h8s20n17.txt,BBLCT,20,8,96,20,600.0,0,0.0,3,3.1,4,503.78,105.7,811,true,completed
BF_BF25_h8s20n18.txt,BBLCT,20,8,96,20,600.0,2,2.1,4,4.2,3,321.37,629.0,2578,true,completed
BF_BF25_h8s20n19.txt,BBLCT,20,8,96,20,600.0,2,2.1,4,4.2,4,491.39,1.6,1,true,completed
BF_BF25_h8s20n2.txt,BBLCT,20,8,96,20,600.0,1,1.0,3,3.1,3,495.99,1.7,1,true,completed
BF_BF25_h8s20n20.txt,BBLCT,20,8,96,20,600.0,1,1.0,3,3.1,4,562.89,201.7,781,true,completed
BF_BF25_h8s20n3.txt,BBLCT,20,8,96,20,600.0,1,1.0,4,4.2,5,598.19,113.5,703,true,completed
BF_BF25_h8s20n4.txt,BBLCT,20,8,96,20,600.0,1,1.0,3,3.1,3,350.51,347.5,1418,true,completed
BF_BF25_h8s20n5.txt,BBLCT,20,8,96,20,600.0,1,1.0,3,3.1,3,524.53,1.6,1,true,completed
BF_BF25_h8s20n6.txt,BBLCT,20,8,96,20,600.0,0,0.0,3,3.1,5,503.00,153.8,940,true,completed
BF_BF25_h8s20n7.txt,BBLCT,20,8,96,20,600.0,0,0.0,3,3.1,5,598.74,65.3,358,true,completed
BF_BF25_h8s20n8.txt,BBLCT,20,8,96,20,600.0,3,3.1,7,7.3,3,533.26,1.5,1,true,completed
BF_BF25_h8s20n9.txt,BBLCT,20,8,96,20,600.0,1,1.0,3,3.1,2,230.31,9883.8,43930,true,completed
BF_BF26_h8s20n1.txt,BBLCT,20,8,96,20,600.0,1,1.0,2,2.1,2,193.09,1458.2,10843,true,completed
BF_BF26_h8s20n10.txt,BBLCT,20,8,96,20,600.0,1,1.0,4,4.2,6,578.18,60.1,339,true,completed
BF_BF26_h8s20n11.txt,BBLCT,20,8,96,20,600.0,2,2.1,3,3.1,2,203.31,845.8,3838,true,completed
BF_BF26_h8s20n12.txt,BBLCT,20,8,96,20,600.0,0,0.0,2,2.1,3,325.13,77.8,350,true,completed
BF_BF26_h8s20n13.txt,BBLCT,20,8,96,20,600.0,0,0.0,3,3.1,4,491.72,1293.1,6557,true,completed
BF_BF26_h8s20n14.txt,BBLCT,20,8,96,20,600.0,0,0.0,2,2.1,3,470.08,1.7,1,true,completed
BF_BF26_h8s20n15.txt,BBLCT,20,8,96,20,600.0,0,0.0,2,2.1,4,510.42,106.3,670,true,completed
BF_BF26_h8s20n16.txt,BBLCT,20,8,96,20,600.0,0,0.0,3,3.1,5,586.51,121.5,650,true,completed
BF_BF26_h8s20n17.txt,BBLCT,20,8,96,20,600.0,0,0.0,3,3.1,4,579.91,243.1,911,true,completed
BF_BF26_h8s20n18.txt,BBLCT,20,8,96,20,600.0,1,1.0,3,3.1,4,564.44,1.9,1,true,completed
BF_BF26_h8s20n19.txt,BBLCT,20,8,96,20,600.0,2,2.1,4,4.2,2,204.93,38244.8,200772,true,completed
BF_BF26_h8s20n2.txt,BBLCT,20,8,96,20,600.0,2,2.1,4,4.2,3,550.91,1.8,1,true,completed
BF_BF26_h8s20n20.txt,BBLCT,20,8,96,20,600.0,1,1.0,4,4.2,5,554.68,171.9,807,true,completed
BF_BF26_h8s20n3.txt,BBLCT,20,8,96,20,600.0,2,2.1,4,4.2,4,564.63,65.3,629,true,completed
BF_BF26_h8s20n4.txt,BBLCT,20,8,96,20,600.0,0,0.0,3,3.1,3,280.29,113.2,412,true,completed
BF_BF26_h8s20n5.txt,BBLCT,20,8,96,20,600.0,1,1.0,2,2.1,3,511.56,9.7,50,true,completed
BF_BF26_h8s20n6.txt,BBLCT,20,8,96,20,600.0,1,1.0,3,3.1,4,533.80,185.9,1064,true,completed
BF_BF26_h8s20n7.txt,BBLCT,20,8,96,20,600.0,1,1.0,3,3.1,3,488.71,1.6,1,true,completed
BF_BF26_h8s20n8.txt,BBLCT,20,8,96,20,600.0,0,0.0,2,2.1,2,201.33,4.7,27,true,completed
BF_BF26_h8s20n9.txt,BBLCT,20,8,96,20,600.0,1,1.0,2,2.1,1,123.31,6724.8,36620,true,completed
BF_BF27_h8s20n1.txt,BBLCT,20,8,96,39,600.0,1,1.0,5,5.2,6,598.71,100.7,334,true,completed
BF_BF27_h8s20n10.txt,BBLCT,20,8,96,39,600.0,0,0.0,2,2.1,4,540.88,3.0,1,true,completed
BF_BF27_h8s20n11.txt,BBLCT,20,8,96,39,600.0,1,1.0,5,5.2,3,418.88,95.2,325,true,completed
BF_BF27_h8s20n12.txt,BBLCT,20,8,96,39,600.0,0,0.0,1,1.0,3,468.05,2.7,1,true,completed
BF_BF27_h8s20n13.txt,BBLCT,20,8,96,39,600.0,0,0.0,1,1.0,4,538.96,6.5,13,true,completed
BF_BF27_h8s20n14.txt,BBLCT,20,8,96,39,600.0,2,2.1,4,4.2,4,512.16,3.0,1,true,completed
BF_BF27_h8s20n15.txt,BBLCT,20,8,96,39,600.0,1,1.0,2,2.1,3,571.63,2.8,1,true,completed
BF_BF27_h8s20n16.txt,BBLCT,20,8,96,39,600.0,0,0.0,3,3.1,4,574.55,2.8,1,true,completed
BF_BF27_h8s20n17.txt,BBLCT,20,8,96,39,600.0,1,1.0,4,4.2,3,449.00,3.0,1,true,completed
BF_BF27_h8s20n18.txt,BBLCT,20,8,96,39,600.0,0,0.0,2,2.1,2,294.34,370.7,1500,true,completed
BF_BF27_h8s20n19.txt,BBLCT,20,8,96,39,600.0,2,2.1,2,2.1,0,0.00,3.0,1,true,completed
BF_BF27_h8s20n2.txt,BBLCT,20,8,96,39,600.0,1,1.0,3,3.1,2,268.15,16057.6,48348,true,completed
BF_BF27_h8s20n20.txt,BBLCT,20,8,96,39,600.0,1,1.0,5,5.2,3,325.04,1715.0,7586,true,completed
BF_BF27_h8s20n3.txt,BBLCT,20,8,96,39,600.0,0,0.0,1,1.0,3,534.27,3.0,1,true,completed
BF_BF27_h8s20n4.txt,BBLCT,20,8,96,39,600.0,1,1.0,4,4.2,5,550.91,371.4,4501,true,completed
BF_BF27_h8s20n5.txt,BBLCT,20,8,96,39,600.0,2,2.1,4,4.2,4,569.73,40.3,235,true,completed
BF_BF27_h8s20n6.txt,BBLCT,20,8,96,39,600.0,2,2.1,4,4.2,3,510.00,2.9,1,true,completed
BF_BF27_h8s20n7.txt,BBLCT,20,8,96,39,600.0,0,0.0,4,4.2,3,479.97,3.1,1,true,completed
BF_BF27_h8s20n8.txt,BBLCT,20,8,96,39,600.0,1,1.0,1,1.0,0,0.00,2.8,1,true,completed
BF_BF27_h8s20n9.txt,BBLCT,20,8,96,39,600.0,0,0.0,5,5.2,4,593.39,3.7,4,true,completed
BF_BF28_h8s20n1.txt,BBLCT,20,8,96,39,600.0,1,1.0,4,4.2,2,289.30,78.6,314,true,completed
BF_BF28_h8s20n10.txt,BBLCT,20,8,96,39,600.0,1,1.0,4,4.2,5,534.74,35.7,186,true,completed
BF_BF28_h8s20n11.txt,BBLCT,20,8,96,39,600.0,1,1.0,4,4.2,3,536.82,3.0,1,true,completed
BF_BF28_h8s20n12.txt,BBLCT,20,8,96,39,600.0,0,0.0,2,2.1,3,534.65,2.8,1,true,completed
BF_BF28_h8s20n13.txt,BBLCT,20,8,96,39,600.0,1,1.0,2,2.1,4,423.45,267.4,1223,true,completed
BF_BF28_h8s20n14.txt,BBLCT,20,8,96,39,600.0,1,1.0,2,2.1,3,486.65,3.0,1,true,completed
BF_BF28_h8s20n15.txt,BBLCT,20,8,96,39,600.0,0,0.0,2,2.1,5,521.57,22563.8,176401,true,completed
BF_BF28_h8s20n16.txt,BBLCT,20,8,96,39,600.0,1,1.0,2,2.1,3,478.73,2.9,1,true,completed
BF_BF28_h8s20n17.txt,BBLCT,20,8,96,39,600.0,1,1.0,3,3.1,4,590.29,9.0,32,true,completed
BF_BF28_h8s20n18.txt,BBLCT,20,8,96,39,600.0,0,0.0,1,1.0,3,567.94,3.1,1,true,completed
BF_BF28_h8s20n19.txt,BBLCT,20,8,96,39,600.0,0,0.0,2,2.1,4,591.44,500.1,2259,true,completed
BF_BF28_h8s20n2.txt,BBLCT,20,8,96,39,600.0,0,0.0,2,2.1,4,595.73,3.0,1,true,completed
BF_BF28_h8s20n20.txt,BBLCT,20,8,96,39,600.0,0,0.0,1,1.0,2,304.47,23306.5,109208,true,completed
BF_BF28_h8s20n3.txt,BBLCT,20,8,96,39,600.0,0,0.0,1,1.0,4,576.82,2.9,1,true,completed
BF_BF28_h8s20n4.txt,BBLCT,20,8,96,39,600.0,0,0.0,1,1.0,3,492.28,3.0,1,true,completed
BF_BF28_h8s20n5.txt,BBLCT,20,8,96,39,600.0,0,0.0,1,1.0,4,583.99,3.1,1,true,completed
BF_BF28_h8s20n6.txt,BBLCT,20,8,96,39,600.0,0,0.0,2,2.1,3,512.08,3.2,1,true,completed
BF_BF28_h8s20n7.txt,BBLCT,20,8,96,39,600.0,0,0.0,2,2.1,6,595.01,20.5,131,true,completed
BF_BF28_h8s20n8.txt,BBLCT,20,8,96,39,600.0,0,0.0,1,1.0,1,89.52,5.9,25,true,completed
BF_BF28_h8s20n9.txt,BBLCT,20,8,96,39,600.0,0,0.0,1,1.0,1,135.84,65.0,400,true,completed
BF_BF29_h8s20n1.txt,BBLCT,20,8,128,26,600.0,1,0.8,5,3.9,6,597.15,226.5,1140,true,completed
BF_BF29_h8s20n10.txt,BBLCT,20,8,128,26,600.0,0,0.0,3,2.3,5,570.27,148.9,659,true,completed
BF_BF29_h8s20n11.txt,BBLCT,20,8,128,26,600.0,1,0.8,2,1.6,3,327.20,887.9,3626,true,completed
BF_BF29_h8s20n12.txt,BBLCT,20,8,128,26,600.0,0,0.0,2,1.6,3,255.78,24348.9,131356,true,completed
BF_BF29_h8s20n13.txt,BBLCT,20,8,128,26,600.0,1,0.8,4,3.1,5,559.50,2.9,1,true,completed
BF_BF29_h8s20n14.txt,BBLCT,20,8,128,26,600.0,1,0.8,3,2.3,4,589.61,2.9,1,true,completed
BF_BF29_h8s20n15.txt,BBLCT,20,8,128,26,600.0,2,1.6,4,3.1,4,535.64,2.8,1,true,completed
BF_BF29_h8s20n16.txt,BBLCT,20,8,128,26,600.0,0,0.0,3,2.3,4,447.57,2218.1,9352,true,completed
BF_BF29_h8s20n17.txt,BBLCT,20,8,128,26,600.0,0,0.0,2,1.6,5,563.53,3.1,1,true,completed
BF_BF29_h8s20n18.txt,BBLCT,20,8,128,26,600.0,2,1.6,4,3.1,4,504.22,3.1,1,true,completed
BF_BF29_h8s20n19.txt,BBLCT,20,8,128,26,600.0,2,1.6,3,2.3,3,291.33,3136.5,13502,true,completed
BF_BF29_h8s20n2.txt,BBLCT,20,8,128,26,600.0,0,0.0,2,1.6,5,586.21,193.7,805,true,completed
BF_BF29_h8s20n20.txt,BBLCT,20,8,128,26,600.0,0,0.0,2,1.6,4,441.93,1010.1,4702,true,completed
BF_BF29_h8s20n3.txt,BBLCT,20,8,128,26,600.0,0,0.0,2,1.6,4,536.32,2.9,1,true,completed
BF_BF29_h8s20n4.txt,BBLCT,20,8,128,26,600.0,2,1.6,4,3.1,4,512.55,2.6,1,true,completed
BF_BF29_h8s20n5.txt,BBLCT,20,8,128,26,600.0,2,1.6,4,3.1,5,593.32,107.0,804,true,completed
BF_BF29_h8s20n6.txt,BBLCT,20,8,128,26,600.0,0,0.0,3,2.3,4,560.23,22.7,87,true,completed
BF_BF29_h8s20n7.txt,BBLCT,20,8,128,26,600.0,0,0.0,2,1.6,4,541.58,3.2,1,true,completed
BF_BF29_h8s20n8.txt,BBLCT,20,8,128,26,600.0,1,0.8,3,2.3,5,542.30,2.8,1,true,completed
BF_BF29_h8s20n9.txt,BBLCT,20,8,128,26,600.0,2,1.6,4,3.1,5,563.11,3.0,1,true,completed
BF_BF2_h5s16n1.txt,BBLCT,16,5,48,10,600.0,1,2.1,5,10.4,6,599.33,32.6,672,true,completed
BF_BF2_h5s16n10.txt,BBLCT,16,5,48,10,600.0,2,4.2,4,8.3,4,514.08,0.7,1,true,completed
BF_BF2_h5s16n11.txt,BBLCT,16,5,48,10,600.0,2,4.2,4,8.3,4,491.41,0.7,6,true,completed
BF_BF2_h5s16n12.txt,BBLCT,16,5,48,10,600.0,1,2.1,3,6.2,4,408.28,247.0,3880,true,completed
BF_BF2_h5s16n13.txt,BBLCT,16,5,48,10,600.0,1,2.1,6,12.5,5,598.75,14.8,225,true,completed
BF_BF2_h5s16n14.txt,BBLCT,16,5,48,10,600.0,1,2.1,4,8.3,6,583.25,7.7,208,true,completed
BF_BF2_h5s16n15.txt,BBLCT,16,5,48,10,600.0,1,2.1,3,6.2,4,598.19,2.1,23,true,completed
BF_BF2_h5s16n16.txt,BBLCT,16,5,48,10,600.0,0,0.0,3,6.2,5,545.43,0.6,1,true,completed
BF_BF2_h5s16n17.txt,BBLCT,16,5,48,10,600.0,2,4.2,6,12.5,5,543.04,12.7,200,true,completed
BF_BF2_h5s16n18.txt,BBLCT,16,5,48,10,600.0,1,2.1,3,6.2,3,303.34,10.4,172,true,completed
BF_BF2_h5s16n19.txt,BBLCT,16,5,48,10,600.0,0,0.0,4,8.3,4,505.97,0.6,1,true,completed
BF_BF2_h5s16n2.txt,BBLCT,16,5,48,10,600.0,1,2.1,4,8.3,6,599.47,20.7,500,true,completed
BF_BF2_h5s16n20.txt,BBLCT,16,5,48,10,600.0,1,2.1,5,10.4,5,564.80,0.7,1,true,completed
BF_BF2_h5s16n3.txt,BBLCT,16,5,48,10,600.0,1,2.1,3,6.2,5,589.61,0.7,1,true,completed
BF_BF2_h5s16n4.txt,BBLCT,16,5,48,10,600.0,2,4.2,4,8.3,4,497.83,0.6,1,true,completed
BF_BF2_h5s16n5.txt,BBLCT,16,5,48,10,600.0,1,2.1,5,10.4,2,163.49,25.4,669,true,completed
BF_BF2_h5s16n6.txt,BBLCT,16,5,48,10,600.0,1,2.1,3,6.2,5,574.37,17.0,292,true,completed
BF_BF2_h5s16n7.txt,BBLCT,16,5,48,10,600.0,4,8.3,7,14.6,5,581.03,0.6,1,true,completed
BF_BF2_h5s16n8.txt,BBLCT,16,5,48,10,600.0,0,0.0,3,6.2,5,582.86,11.5,190,true,completed
BF_BF2_h5s16n9.txt,BBLCT,16,5,48,10,600.0,1,2.1,4,8.3,5,553.36,0.6,1,true,completed
BF_BF30_h8s20n1.txt,BBLCT,20,8,128,26,600.0,1,0.8,3,2.3,4,365.66,564.1,2651,true,completed
BF_BF30_h8s20n10.txt,BBLCT,20,8,128,26,600.0,0,0.0,2,1.6,2,208.04,7346.5,33100,true,completed
BF_BF30_h8s20n11.txt,BBLCT,20,8,128,26,600.0,2,1.6,3,2.3,2,188.41,58.3,250,true,completed
BF_BF30_h8s20n12.txt,BBLCT,20,8,128,26,600.0,0,0.0,1,0.8,4,580.77,23.5,115,true,completed
BF_BF30_h8s20n13.txt,BBLCT,20,8,128,26,600.0,1,0.8,3,2.3,3,314.32,2410.3,12263,true,completed
BF_BF30_h8s20n14.txt,BBLCT,20,8,128,26,600.0,1,0.8,1,0.8,0,0.00,3595082.2,83533824,false,cpu_limit
BF_BF30_h8s20n15.txt,BBLCT,20,8,128,26,600.0,1,0.8,2,1.6,4,581.03,3.8,1,true,completed
BF_BF30_h8s20n16.txt,BBLCT,20,8,128,26,600.0,1,0.8,3,2.3,4,487.11,4.4,9,true,completed
BF_BF30_h8s20n17.txt,BBLCT,20,8,128,26,600.0,1,0.8,2,1.6,2,200.96,4481.4,27112,true,completed
BF_BF30_h8s20n18.txt,BBLCT,20,8,128,26,600.0,1,0.8,2,1.6,5,592.33,64.9,560,true,completed
BF_BF30_h8s20n19.txt,BBLCT,20,8,128,26,600.0,0,0.0,3,2.3,5,596.86,5259.4,31817,true,completed
BF_BF30_h8s20n2.txt,BBLCT,20,8,128,26,600.0,1,0.8,2,1.6,1,106.29,10964.2,46318,true,completed
BF_BF30_h8s20n20.txt,BBLCT,20,8,128,26,600.0,2,1.6,3,2.3,4,428.86,717.6,3368,true,completed
BF_BF30_h8s20n3.txt,BBLCT,20,8,128,26,600.0,1,0.8,4,3.1,5,471.38,254.0,1271,true,completed
BF_BF30_h8s20n4.txt,BBLCT,20,8,128,26,600.0,1,0.8,3,2.3,4,524.74,3.0,1,true,completed
BF_BF30_h8s20n5.txt,BBLCT,20,8,128,26,600.0,1,0.8,2,1.6,1,108.69,3836.7,21708,true,completed
BF_BF30_h8s20n6.txt,BBLCT,20,8,128,26,600.0,0,0.0,2,1.6,4,509.11,3.1,1,true,completed
BF_BF30_h8s20n7.txt,BBLCT,20,8,128,26,600.0,2,1.6,3,2.3,4,464.29,82.2,692,true,completed
BF_BF30_h8s20n8.txt,BBLCT,20,8,128,26,600.0,1,0.8,2,1.6,3,294.39,2460.2,12730,true,completed
BF_BF30_h8s20n9.txt,BBLCT,20,8,128,26,600.0,3,2.3,4,3.1,1,142.67,850.5,4295,true,completed
BF_BF31_h8s20n1.txt,BBLCT,20,8,128,52,600.0,0,0.0,1,0.8,3,499.63,5.6,1,true,completed
BF_BF31_h8s20n10.txt,BBLCT,20,8,128,52,600.0,0,0.0,1,0.8,4,481.71,5.5,1,true,completed
BF_BF31_h8s20n11.txt,BBLCT,20,8,128,52,600.0,0,0.0,1,0.8,1,131.35,2148.2,8555,true,completed
BF_BF31_h8s20n12.txt,BBLCT,20,8,128,52,600.0,1,0.8,3,2.3,4,572.12,6.0,1,true,completed
BF_BF31_h8s20n13.txt,BBLCT,20,8,128,52,600.0,1,0.8,2,1.6,4,512.90,5.6,1,true,completed
BF_BF31_h8s20n14.txt,BBLCT,20,8,128,52,600.0,0,0.0,1,0.8,4,500.19,5.7,1,true,completed
BF_BF31_h8s20n15.txt,BBLCT,20,8,128,52,600.0,0,0.0,5,3.9,6,594.75,34.4,169,true,completed
BF_BF31_h8s20n16.txt,BBLCT,20,8,128,52,600.0,2,1.6,3,2.3,3,320.91,2026.2,9672,true,completed
BF_BF31_h8s20n17.txt,BBLCT,20,8,128,52,600.0,0,0.0,3,2.3,6,599.62,32.8,144,true,completed
BF_BF31_h8s20n18.txt,BBLCT,20,8,128,52,600.0,0,0.0,2,1.6,6,599.07,23.0,75,true,completed
BF_BF31_h8s20n19.txt,BBLCT,20,8,128,52,600.0,0,0.0,1,0.8,4,562.41,73.1,246,true,completed
BF_BF31_h8s20n2.txt,BBLCT,20,8,128,52,600.0,3,2.3,4,3.1,4,583.78,5.6,1,true,completed
BF_BF31_h8s20n20.txt,BBLCT,20,8,128,52,600.0,0,0.0,1,0.8,4,503.97,5.4,1,true,completed
BF_BF31_h8s20n3.txt,BBLCT,20,8,128,52,600.0,3,2.3,4,3.1,4,464.13,5.6,1,true,completed
BF_BF31_h8s20n4.txt,BBLCT,20,8,128,52,600.0,2,1.6,3,2.3,3,469.25,5.6,1,true,completed
BF_BF31_h8s20n5.txt,BBLCT,20,8,128,52,600.0,0,0.0,2,1.6,3,265.89,84.5,256,true,completed
BF_BF31_h8s20n6.txt,BBLCT,20,8,128,52,600.0,1,0.8,1,0.8,0,0.00,5.3,1,true,completed
BF_BF31_h8s20n7.txt,BBLCT,20,8,128,52,600.0,0,0.0,2,1.6,4,476.99,6.7,3,true,completed
BF_BF31_h8s20n8.txt,BBLCT,20,8,128,52,600.0,0,0.0,1,0.8,4,487.81,5.6,1,true,completed
BF_BF31_h8s20n9.txt,BBLCT,20,8,128,52,600.0,1,0.8,4,3.1,5,534.57,145.2,600,true,completed
BF_BF32_h8s20n1.txt,BBLCT,20,8,128,52,600.0,0,0.0,1,0.8,2,180.83,58.2,567,true,completed
BF_BF32_h8s20n10.txt,BBLCT,20,8,128,52,600.0,0,0.0,1,0.8,3,300.81,15.7,58,true,completed
BF_BF32_h8s20n11.txt,BBLCT,20,8,128,52,600.0,0,0.0,1,0.8,3,309.30,1974.6,14148,true,completed
BF_BF32_h8s20n12.txt,BBLCT,20,8,128,52,600.0,1,0.8,2,1.6,4,589.18,6.2,3,true,completed
BF_BF32_h8s20n13.txt,BBLCT,20,8,128,52,600.0,1,0.8,2,1.6,5,547.73,17.4,64,true,completed
BF_BF32_h8s20n14.txt,BBLCT,20,8,128,52,600.0,0,0.0,0,0.0,0,0.00,5.8,1,true,completed
BF_BF32_h8s20n15.txt,BBLCT,20,8,128,52,600.0,0,0.0,0,0.0,0,0.00,5.8,1,true,completed
BF_BF32_h8s20n16.txt,BBLCT,20,8,128,52,600.0,1,0.8,2,1.6,4,487.62,6.0,1,true,completed
BF_BF32_h8s20n17.txt,BBLCT,20,8,128,52,600.0,0,0.0,1,0.8,4,506.43,6.2,1,true,completed
BF_BF32_h8s20n18.txt,BBLCT,20,8,128,52,600.0,0,0.0,1,0.8,4,530.92,5.8,1,true,completed
BF_BF32_h8s20n19.txt,BBLCT,20,8,128,52,600.0,1,0.8,3,2.3,5,579.31,6.1,1,true,completed
BF_BF32_h8s20n2.txt,BBLCT,20,8,128,52,600.0,0,0.0,3,2.3,5,458.56,96.7,759,true,completed
BF_BF32_h8s20n20.txt,BBLCT,20,8,128,52,600.0,0,0.0,1,0.8,4,577.16,5.9,1,true,completed
BF_BF32_h8s20n3.txt,BBLCT,20,8,128,52,600.0,1,0.8,2,1.6,4,579.39,5.4,1,true,completed
BF_BF32_h8s20n4.txt,BBLCT,20,8,128,52,600.0,1,0.8,2,1.6,3,286.99,1178.3,4654,true,completed
BF_BF32_h8s20n5.txt,BBLCT,20,8,128,52,600.0,0,0.0,2,1.6,5,558.76,73.2,593,true,completed
BF_BF32_h8s20n6.txt,BBLCT,20,8,128,52,600.0,0,0.0,3,2.3,2,244.65,177.4,661,true,completed
BF_BF32_h8s20n7.txt,BBLCT,20,8,128,52,600.0,0,0.0,2,1.6,4,532.76,5.8,1,true,completed
BF_BF32_h8s20n8.txt,BBLCT,20,8,128,52,600.0,0,0.0,1,0.8,4,489.79,5.9,1,true,completed
BF_BF32_h8s20n9.txt,BBLCT,20,8,128,52,600.0,0,0.0,1,0.8,3,528.41,6.0,1,true,completed
BF_BF3_h5s16n1.txt,BBLCT,16,5,48,20,600.0,1,2.1,4,8.3,5,500.34,16.7,344,true,completed
BF_BF3_h5s16n10.txt,BBLCT,16,5,48,20,600.0,1,2.1,5,10.4,4,519.11,0.9,1,true,completed
BF_BF3_h5s16n11.txt,BBLCT,16,5,48,20,600.0,0,0.0,2,4.2,4,472.53,3.7,56,true,completed
BF_BF3_h5s16n12.txt,BBLCT,16,5,48,20,600.0,1,2.1,2,4.2,5,568.01,0.9,1,true,completed
BF_BF3_h5s16n13.txt,BBLCT,16,5,48,20,600.0,1,2.1,4,8.3,4,585.72,0.8,1,true,completed
BF_BF3_h5s16n14.txt,BBLCT,16,5,48,20,600.0,2,4.2,6,12.5,5,551.36,1.3,5,true,completed
BF_BF3_h5s16n15.txt,BBLCT,16,5,48,20,600.0,0,0.0,1,2.1,2,196.18,21.0,417,true,completed
BF_BF3_h5s16n16.txt,BBLCT,16,5,48,20,600.0,1,2.1,5,10.4,6,599.00,81.0,891,true,completed
BF_BF3_h5s16n17.txt,BBLCT,16,5,48,20,600.0,1,2.1,5,10.4,5,559.02,10.1,140,true,completed
BF_BF3_h5s16n18.txt,BBLCT,16,5,48,20,600.0,2,4.2,4,8.3,4,498.82,1.0,1,true,completed
BF_BF3_h5s16n19.txt,BBLCT,16,5,48,20,600.0,1,2.1,5,10.4,4,522.57,0.9,1,true,completed
BF_BF3_h5s16n2.txt,BBLCT,16,5,48,20,600.0,0,0.0,5,10.4,6,598.20,8.8,92,true,completed
BF_BF3_h5s16n20.txt,BBLCT,16,5,48,20,600.0,1,2.1,2,4.2,3,306.40,18.4,423,true,completed
BF_BF3_h5s16n3.txt,BBLCT,16,5,48,20,600.0,2,4.2,5,10.4,3,336.50,4.5,65,true,completed
BF_BF3_h5s16n4.txt,BBLCT,16,5,48,20,600.0,1,2.1,6,12.5,5,483.04,36.9,638,true,completed
BF_BF3_h5s16n5.txt,BBLCT,16,5,48,20,600.0,1,2.1,6,12.5,6,592.71,9.5,96,true,completed
BF_BF3_h5s16n6.txt,BBLCT,16,5,48,20,600.0,1,2.1,4,8.3,4,540.75,0.9,1,true,completed
BF_BF3_h5s16n7.txt,BBLCT,16,5,48,20,600.0,1,2.1,5,10.4,6,574.61,9.3,139,true,completed
BF_BF3_h5s16n8.txt,BBLCT,16,5,48,20,600.0,0,0.0,5,10.4,6,593.67,10.8,188,true,completed
BF_BF3_h5s16n9.txt,BBLCT,16,5,48,20,600.0,1,2.1,3,6.2,4,444.40,10.8,101,true,completed
BF_BF4_h5s16n1.txt,BBLCT,16,5,48,20,600.0,0,0.0,3,6.2,5,572.64,2.8,35,true,completed
BF_BF4_h5s16n10.txt,BBLCT,16,5,48,20,600.0,0,0.0,5,10.4,6,599.64,35.1,627,true,completed
BF_BF4_h5s16n11.txt,BBLCT,16,5,48,20,600.0,0,0.0,3,6.2,5,576.76,6.8,164,true,completed
BF_BF4_h5s16n12.txt,BBLCT,16,5,48,20,600.0,0,0.0,4,8.3,5,553.57,13.7,195,true,completed
BF_BF4_h5s16n13.txt,BBLCT,16,5,48,20,600.0,1,2.1,4,8.3,5,517.99,1.0,1,true,completed
BF_BF4_h5s16n14.txt,BBLCT,16,5,48,20,600.0,1,2.1,9,18.8,6,596.35,79.2,1163,true,completed
BF_BF4_h5s16n15.txt,BBLCT,16,5,48,20,600.0,0,0.0,2,4.2,5,587.89,1.0,1,true,completed
BF_BF4_h5s16n16.txt,BBLCT,16,5,48,20,600.0,1,2.1,4,8.3,5,542.87,1.0,1,true,completed
BF_BF4_h5s16n17.txt,BBLCT,16,5,48,20,600.0,1,2.1,4,8.3,2,183.69,25.1,513,true,completed
BF_BF4_h5s16n18.txt,BBLCT,16,5,48,20,600.0,1,2.1,4,8.3,4,555.78,0.9,1,true,completed
BF_BF4_h5s16n19.txt,BBLCT,16,5,48,20,600.0,1,2.1,8,16.7,5,577.06,11.2,147,true,completed
BF_BF4_h5s16n2.txt,BBLCT,16,5,48,20,600.0,1,2.1,4,8.3,4,495.11,1.0,1,true,completed
BF_BF4_h5s16n20.txt,BBLCT,16,5,48,20,600.0,1,2.1,6,12.5,5,536.83,12.3,238,true,completed
BF_BF4_h5s16n3.txt,BBLCT,16,5,48,20,600.0,0,0.0,6,12.5,5,555.52,173.5,4343,true,completed
BF_BF4_h5s16n4.txt,BBLCT,16,5,48,20,600.0,0,0.0,4,8.3,5,593.99,6.8,103,true,completed
BF_BF4_h5s16n5.txt,BBLCT,16,5,48,20,600.0,0,0.0,1,2.1,4,575.05,0.9,1,true,completed
BF_BF4_h5s16n6.txt,BBLCT,16,5,48,20,600.0,2,4.2,7,14.6,5,538.68,8.4,202,true,completed
BF_BF4_h5s16n7.txt,BBLCT,16,5,48,20,600.0,0,0.0,3,6.2,5,515.20,290.9,4216,true,completed
BF_BF4_h5s16n8.txt,BBLCT,16,5,48,20,600.0,0,0.0,2,4.2,5,567.00,20.5,423,true,completed
BF_BF4_h5s16n9.txt,BBLCT,16,5,48,20,600.0,0,0.0,2,4.2,5,536.33,12.8,360,true,completed
BF_BF5_h5s16n1.txt,BBLCT,16,5,64,13,600.0,1,1.6,3,4.7,5,590.90,0.9,1,true,completed
BF_BF5_h5s16n10.txt,BBLCT,16,5,64,13,600.0,1,1.6,8,12.5,6,582.42,72.0,1110,true,completed
BF_BF5_h5s16n11.txt,BBLCT,16,5,64,13,600.0,1,1.6,4,6.2,5,531.22,0.9,1,true,completed
BF_BF5_h5s16n12.txt,BBLCT,16,5,64,13,600.0,1,1.6,6,9.4,5,513.59,0.9,1,true,completed
BF_BF5_h5s16n13.txt,BBLCT,16,5,64,13,600.0,0,0.0,3,4.7,5,562.16,0.8,1,true,completed
BF_BF5_h5s16n14.txt,BBLCT,16,5,64,13,600.0,2,3.1,4,6.2,5,513.05,0.8,1,true,completed
BF_BF5_h5s16n15.txt,BBLCT,16,5,64,13,600.0,3,4.7,6,9.4,5,570.99,16.6,185,true,completed
BF_BF5_h5s16n16.txt,BBLCT,16,5,64,13,600.0,1,1.6,3,4.7,5,560.58,11.3,168,true,completed
BF_BF5_h5s16n17.txt,BBLCT,16,5,64,13,600.0,1,1.6,5,7.8,6,599.78,172.0,2605,true,completed
BF_BF5_h5s16n18.txt,BBLCT,16,5,64,13,600.0,1,1.6,3,4.7,5,553.02,172.7,2044,true,completed
BF_BF5_h5s16n19.txt,BBLCT,16,5,64,13,600.0,2,3.1,5,7.8,6,580.81,10.5,262,true,completed
BF_BF5_h5s16n2.txt,BBLCT,16,5,64,13,600.0,1,1.6,5,7.8,6,596.99,6.6,132,true,completed
BF_BF5_h5s16n20.txt,BBLCT,16,5,64,13,600.0,2,3.1,4,6.2,5,537.60,0.7,1,true,completed
BF_BF5_h5s16n3.txt,BBLCT,16,5,64,13,600.0,2,3.1,8,12.5,6,599.21,9.0,116,true,completed
BF_BF5_h5s16n4.txt,BBLCT,16,5,64,13,600.0,4,6.2,8,12.5,5,580.89,0.8,1,true,completed
BF_BF5_h5s16n5.txt,BBLCT,16,5,64,13,600.0,1,1.6,4,6.2,4,500.94,0.8,1,true,completed
BF_BF5_h5s16n6.txt,BBLCT,16,5,64,13,600.0,0,0.0,5,7.8,6,577.68,6.1,69,true,completed
BF_BF5_h5s16n7.txt,BBLCT,16,5,64,13,600.0,0,0.0,3,4.7,5,557.39,0.8,1,true,completed
BF_BF5_h5s16n8.txt,BBLCT,16,5,64,13,600.0,0,0.0,3,4.7,6,592.84,2203.7,36941,true,completed
BF_BF5_h5s16n9.txt,BBLCT,16,5,64,13,600.0,1,1.6,6,9.4,6,574.51,1.2,2,true,completed
BF_BF6_h5s16n1.txt,BBLCT,16,5,64,13,600.0,2,3.1,6,9.4,5,561.50,2.2,29,true,completed
BF_BF6_h5s16n10.txt,BBLCT,16,5,64,13,600.0,1,1.6,2,3.1,3,332.26,57.1,1162,true,completed
BF_BF6_h5s16n11.txt,BBLCT,16,5,64,13,600.0,0,0.0,2,3.1,4,518.53,2.6,42,true,completed
BF_BF6_h5s16n12.txt,BBLCT,16,5,64,13,600.0,0,0.0,2,3.1,2,200.80,2.1,51,true,completed
BF_BF6_h5s16n13.txt,BBLCT,16,5,64,13,600.0,2,3.1,4,6.2,5,527.67,10.5,210,true,completed
BF_BF6_h5s16n14.txt,BBLCT,16,5,64,13,600.0,1,1.6,3,4.7,3,294.87,130.3,3754,true,completed
BF_BF6_h5s16n15.txt,BBLCT,16,5,64,13,600.0,0,0.0,3,4.7,4,505.56,0.8,1,true,completed
BF_BF6_h5s16n16.txt,BBLCT,16,5,64,13,600.0,2,3.1,8,12.5,5,489.16,470.7,8944,true,completed
BF_BF6_h5s16n17.txt,BBLCT,16,5,64,13,600.0,0,0.0,2,3.1,4,418.50,33.5,546,true,completed
BF_BF6_h5s16n18.txt,BBLCT,16,5,64,13,600.0,0,0.0,2,3.1,3,280.97,498.4,11602,true,completed
BF_BF6_h5s16n19.txt,BBLCT,16,5,64,13,600.0,2,3.1,5,7.8,5,540.41,5.4,100,true,completed
BF_BF6_h5s16n2.txt,BBLCT,16,5,64,13,600.0,1,1.6,3,4.7,4,503.33,6.7,119,true,completed
BF_BF6_h5s16n20.txt,BBLCT,16,5,64,13,600.0,0,0.0,4,6.2,6,596.82,17.5,397,true,completed
BF_BF6_h5s16n3.txt,BBLCT,16,5,64,13,600.0,2,3.1,6,9.4,5,556.19,28.0,532,true,completed
BF_BF6_h5s16n4.txt,BBLCT,16,5,64,13,600.0,0,0.0,3,4.7,6,597.09,76.0,1421,true,completed
BF_BF6_h5s16n5.txt,BBLCT,16,5,64,13,600.0,2,3.1,4,6.2,5,578.91,3.5,51,true,completed
BF_BF6_h5s16n6.txt,BBLCT,16,5,64,13,600.0,0,0.0,3,4.7,6,598.63,161.3,3057,true,completed
BF_BF6_h5s16n7.txt,BBLCT,16,5,64,13,600.0,0,0.0,4,6.2,5,584.09,0.9,1,true,completed
BF_BF6_h5s16n8.txt,BBLCT,16,5,64,13,600.0,1,1.6,3,4.7,4,568.58,0.7,1,true,completed
BF_BF6_h5s16n9.txt,BBLCT,16,5,64,13,600.0,5,7.8,6,9.4,2,233.50,61.2,887,true,completed
BF_BF7_h5s16n1.txt,BBLCT,16,5,64,26,600.0,1,1.6,2,3.1,4,412.33,31.1,425,true,completed
BF_BF7_h5s16n10.txt,BBLCT,16,5,64,26,600.0,2,3.1,7,10.9,5,579.44,1.5,1,true,completed
BF_BF7_h5s16n11.txt,BBLCT,16,5,64,26,600.0,1,1.6,4,6.2,5,504.25,116.6,1244,true,completed
BF_BF7_h5s16n12.txt,BBLCT,16,5,64,26,600.0,1,1.6,8,12.5,5,563.98,9.2,113,true,completed
BF_BF7_h5s16n13.txt,BBLCT,16,5,64,26,600.0,0,0.0,3,4.7,6,591.14,5.0,58,true,completed
BF_BF7_h5s16n14.txt,BBLCT,16,5,64,26,600.0,1,1.6,3,4.7,5,596.56,1.4,1,true,completed
BF_BF7_h5s16n15.txt,BBLCT,16,5,64,26,600.0,2,3.1,5,7.8,2,212.33,566.6,6687,true,completed
BF_BF7_h5s16n16.txt,BBLCT,16,5,64,26,600.0,1,1.6,4,6.2,5,538.64,11.9,221,true,completed
BF_BF7_h5s16n17.txt,BBLCT,16,5,64,26,600.0,0,0.0,3,4.7,6,583.82,9.8,85,true,completed
BF_BF7_h5s16n18.txt,BBLCT,16,5,64,26,600.0,3,4.7,4,6.2,5,581.28,1.4,1,true,completed
BF_BF7_h5s16n19.txt,BBLCT,16,5,64,26,600.0,0,0.0,3,4.7,6,599.83,241.8,2442,true,completed
BF_BF7_h5s16n2.txt,BBLCT,16,5,64,26,600.0,1,1.6,5,7.8,5,558.49,1.6,3,true,completed
BF_BF7_h5s16n20.txt,BBLCT,16,5,64,26,600.0,1,1.6,7,10.9,5,587.85,849.1,9952,true,completed
BF_BF7_h5s16n3.txt,BBLCT,16,5,64,26,600.0,1,1.6,4,6.2,5,523.21,12.0,117,true,completed
BF_BF7_h5s16n4.txt,BBLCT,16,5,64,26,600.0,2,3.1,8,12.5,6,598.88,22.0,608,true,completed
BF_BF7_h5s16n5.txt,BBLCT,16,5,64,26,600.0,0,0.0,3,4.7,6,591.08,8.6,79,true,completed
BF_BF7_h5s16n6.txt,BBLCT,16,5,64,26,600.0,1,1.6,5,7.8,5,512.34,1.5,1,true,completed
BF_BF7_h5s16n7.txt,BBLCT,16,5,64,26,600.0,1,1.6,5,7.8,6,567.61,8.6,84,true,completed
BF_BF7_h5s16n8.txt,BBLCT,16,5,64,26,600.0,0,0.0,8,12.5,6,599.45,5.9,83,true,completed
BF_BF7_h5s16n9.txt,BBLCT,16,5,64,26,600.0,0,0.0,6,9.4,5,585.58,24.2,243,true,completed
BF_BF8_h5s16n1.txt,BBLCT,16,5,64,26,600.0,1,1.6,3,4.7,4,527.97,1.4,1,true,completed
BF_BF8_h5s16n10.txt,BBLCT,16,5,64,26,600.0,0,0.0,2,3.1,5,557.37,1.5,1,true,completed
BF_BF8_h5s16n11.txt,BBLCT,16,5,64,26,600.0,0,0.0,1,1.6,4,527.94,1.3,1,true,completed
BF_BF8_h5s16n12.txt,BBLCT,16,5,64,26,600.0,0,0.0,1,1.6,2,208.90,4.0,81,true,completed
BF_BF8_h5s16n13.txt,BBLCT,16,5,64,26,600.0,0,0.0,3,4.7,5,550.60,14.3,235,true,completed
BF_BF8_h5s16n14.txt,BBLCT,16,5,64,26,600.0,0,0.0,3,4.7,5,579.56,5.3,127,true,completed
BF_BF8_h5s16n15.txt,BBLCT,16,5,64,26,600.0,1,1.6,3,4.7,5,583.67,1.4,1,true,completed
BF_BF8_h5s16n16.txt,BBLCT,16,5,64,26,600.0,1,1.6,2,3.1,2,217.94,2.4,24,true,completed
BF_BF8_h5s16n17.txt,BBLCT,16,5,64,26,600.0,0,0.0,1,1.6,4,513.89,1.3,1,true,completed
BF_BF8_h5s16n18.txt,BBLCT,16,5,64,26,600.0,1,1.6,5,7.8,5,548.27,5.0,136,true,completed
BF_BF8_h5s16n19.txt,BBLCT,16,5,64,26,600.0,1,1.6,3,4.7,5,544.40,11.5,147,true,completed
BF_BF8_h5s16n2.txt,BBLCT,16,5,64,26,600.0,0,0.0,4,6.2,4,481.46,11.8,229,true,completed
BF_BF8_h5s16n20.txt,BBLCT,16,5,64,26,600.0,1,1.6,2,3.1,2,198.07,3.0,50,true,completed
BF_BF8_h5s16n3.txt,BBLCT,16,5,64,26,600.0,1,1.6,3,4.7,5,564.04,3.7,96,true,completed
BF_BF8_h5s16n4.txt,BBLCT,16,5,64,26,600.0,1,1.6,7,10.9,6,593.91,4.7,108,true,completed
BF_BF8_h5s16n5.txt,BBLCT,16,5,64,26,600.0,1,1.6,5,7.8,4,530.47,18.8,319,true,completed
BF_BF8_h5s16n6.txt,BBLCT,16,5,64,26,600.0,0,0.0,4,6.2,6,598.82,10.9,141,true,completed
BF_BF8_h5s16n7.txt,BBLCT,16,5,64,26,600.0,2,3.1,4,6.2,4,435.18,6.3,77,true,completed
BF_BF8_h5s16n8.txt,BBLCT,16,5,64,26,600.0,1,1.6,3,4.7,5,538.76,9.8,301,true,completed
BF_BF8_h5s16n9.txt,BBLCT,16,5,64,26,600.0,1,1.6,2,3.1,2,211.73,2.0,17,true,completed
BF_BF9_h8s16n1.txt,BBLCT,16,8,77,16,600.0,0,0.0,1,1.3,2,266.39,131.7,919,true,completed
BF_BF9_h8s16n10.txt,BBLCT,16,8,77,16,600.0,1,1.3,3,3.9,4,589.74,1.2,1,true,completed
BF_BF9_h8s16n11.txt,BBLCT,16,8,77,16,600.0,2,2.6,3,3.9,3,503.05,1.0,1,true,completed
BF_BF9_h8s16n12.txt,BBLCT,16,8,77,16,600.0,1,1.3,2,2.6,2,299.16,260.4,1719,true,completed
BF_BF9_h8s16n13.txt,BBLCT,16,8,77,16,600.0,1,1.3,3,3.9,3,519.49,1.1,1,true,completed
BF_BF9_h8s16n14.txt,BBLCT,16,8,77,16,600.0,2,2.6,3,3.9,4,564.61,1.1,1,true,completed
BF_BF9_h8s16n15.txt,BBLCT,16,8,77,16,600.0,3,3.9,6,7.8,4,566.80,42.3,467,true,completed
BF_BF9_h8s16n16.txt,BBLCT,16,8,77,16,600.0,1,1.3,3,3.9,4,567.93,4.6,25,true,completed
BF_BF9_h8s16n17.txt,BBLCT,16,8,77,16,600.0,2,2.6,3,3.9,4,569.20,53.1,514,true,completed
BF_BF9_h8s16n18.txt,BBLCT,16,8,77,16,600.0,3,3.9,4,5.2,1,86.07,14.7,94,true,completed
BF_BF9_h8s16n19.txt,BBLCT,16,8,77,16,600.0,1,1.3,3,3.9,4,562.70,4.0,19,true,completed
BF_BF9_h8s16n2.txt,BBLCT,16,8,77,16,600.0,1,1.3,3,3.9,4,583.10,46.0,528,true,completed
BF_BF9_h8s16n20.txt,BBLCT,16,8,77,16,600.0,1,1.3,3,3.9,4,591.04,17.8,201,true,completed
BF_BF9_h8s16n3.txt,BBLCT,16,8,77,16,600.0,1,1.3,2,2.6,2,235.79,16146.7,124521,true,completed
BF_BF9_h8s16n4.txt,BBLCT,16,8,77,16,600.0,1,1.3,2,2.6,1,147.35,403.1,2587,true,completed
BF_BF9_h8s16n5.txt,BBLCT,16,8,77,16,600.0,3,3.9,3,3.9,0,0.00,564.2,3705,true,completed
BF_BF9_h8s16n6.txt,BBLCT,16,8,77,16,600.0,1,1.3,3,3.9,3,510.75,1.2,1,true,completed
BF_BF9_h8s16n7.txt,BBLCT,16,8,77,16,600.0,1,1.3,4,5.2,4,517.20,57.3,677,true,completed
BF_BF9_h8s16n8.txt,BBLCT,16,8,77,16,600.0,4,5.2,6,7.8,3,363.49,137.0,847,true,completed
BF_BF9_h8s16n9.txt,BBLCT,16,8,77,16,600.0,1,1.3,4,5.2,4,533.53,1.0,1,true,completed
BF_BF10_h8s16n1.txt,BBLCT,16,8,77,16,900.0,0,0.0,3,3.9,6,853.97,1.4,1,true,completed
BF_BF10_h8s16n10.txt,BBLCT,16,8,77,16,900.0,2,2.6,5,6.5,5,814.94,1.2,1,true,completed
BF_BF10_h8s16n11.txt,BBLCT,16,8,77,16,900.0,2,2.6,4,5.2,6,615.93,89862.0,700732,true,completed
BF_BF10_h8s16n12.txt,BBLCT,16,8,77,16,900.0,1,1.3,5,6.5,7,795.93,56.5,823,true,completed
BF_BF10_h8s16n13.txt,BBLCT,16,8,77,16,900.0,1,1.3,3,3.9,5,545.24,48439.6,501084,true,completed
BF_BF10_h8s16n14.txt,BBLCT,16,8,77,16,900.0,1,1.3,5,6.5,8,872.14,51.0,677,true,completed
BF_BF10_h8s16n15.txt,BBLCT,16,8,77,16,900.0,2,2.6,4,5.2,6,832.74,54.2,840,true,completed
BF_BF10_h8s16n16.txt,BBLCT,16,8,77,16,900.0,0,0.0,3,3.9,7,882.41,2223329.9,20719339,true,completed
BF_BF10_h8s16n17.txt,BBLCT,16,8,77,16,900.0,0,0.0,3,3.9,8,845.46,129.4,1022,true,completed
BF_BF10_h8s16n18.txt,BBLCT,16,8,77,16,900.0,1,1.3,3,3.9,5,599.66,1501.5,15824,true,completed
BF_BF10_h8s16n19.txt,BBLCT,16,8,77,16,900.0,0,0.0,2,2.6,5,495.83,974262.1,7879093,true,completed
BF_BF10_h8s16n2.txt,BBLCT,16,8,77,16,900.0,2,2.6,4,5.2,6,879.90,8.3,67,true,completed
BF_BF10_h8s16n20.txt,BBLCT,16,8,77,16,900.0,0,0.0,3,3.9,6,850.41,1.3,1,true,completed
BF_BF10_h8s16n3.txt,BBLCT,16,8,77,16,900.0,2,2.6,8,10.4,7,858.67,108.5,1161,true,completed
BF_BF10_h8s16n4.txt,BBLCT,16,8,77,16,900.0,0,0.0,3,3.9,5,542.89,24050.0,161127,true,completed
BF_BF10_h8s16n5.txt,BBLCT,16,8,77,16,900.0,1,1.3,3,3.9,5,544.97,19429.0,176217,true,completed
BF_BF10_h8s16n6.txt,BBLCT,16,8,77,16,900.0,1,1.3,4,5.2,6,885.16,1.4,1,true,completed
BF_BF10_h8s16n7.txt,BBLCT,16,8,77,16,900.0,0,0.0,3,3.9,7,899.81,81.2,1271,true,completed
BF_BF10_h8s16n8.txt,BBLCT,16,8,77,16,900.0,1,1.3,2,2.6,2,222.27,84494.1,919036,true,completed
BF_BF10_h8s16n9.txt,BBLCT,16,8,77,16,900.0,2,2.6,4,5.2,5,558.12,832814.5,6161020,true,completed
BF_BF11_h8s16n1.txt,BBLCT,16,8,77,31,900.0,0,0.0,3,3.9,7,899.82,653.0,4096,true,completed
BF_BF11_h8s16n10.txt,BBLCT,16,8,77,31,900.0,0,0.0,3,3.9,7,849.13,153.8,998,true,completed
BF_BF11_h8s16n11.txt,BBLCT,16,8,77,31,900.0,0,0.0,2,2.6,7,847.63,67.9,683,true,completed
BF_BF11_h8s16n12.txt,BBLCT,16,8,77,31,900.0,0,0.0,1,1.3,6,797.91,2.2,1,true,completed
BF_BF11_h8s16n13.txt,BBLCT,16,8,77,31,900.0,0,0.0,3,3.9,7,888.98,9.8,79,true,completed
BF_BF11_h8s16n14.txt,BBLCT,16,8,77,31,900.0,0,0.0,4,5.2,6,792.46,2.3,1,true,completed
BF_BF11_h8s16n15.txt,BBLCT,16,8,77,31,900.0,1,1.3,4,5.2,7,871.37,27.2,275,true,completed
BF_BF11_h8s16n16.txt,BBLCT,16,8,77,31,900.0,0,0.0,4,5.2,6,894.82,2.2,1,true,completed
BF_BF11_h8s16n17.txt,BBLCT,16,8,77,31,900.0,2,2.6,5,6.5,7,850.46,17.0,109,true,completed
BF_BF11_h8s16n18.txt,BBLCT,16,8,77,31,900.0,0,0.0,3,3.9,6,812.91,2.4,1,true,completed
BF_BF11_h8s16n19.txt,BBLCT,16,8,77,31,900.0,0,0.0,4,5.2,7,807.18,45.0,502,true,completed
BF_BF11_h8s16n2.txt,BBLCT,16,8,77,31,900.0,1,1.3,3,3.9,5,769.71,107.0,944,true,completed
BF_BF11_h8s16n20.txt,BBLCT,16,8,77,31,900.0,1,1.3,5,6.5,6,827.02,2.2,1,true,completed
BF_BF11_h8s16n3.txt,BBLCT,16,8,77,31,900.0,1,1.3,4,5.2,5,801.54,2.1,1,true,completed
BF_BF11_h8s16n4.txt,BBLCT,16,8,77,31,900.0,0,0.0,1,1.3,2,334.27,6.6,56,true,completed
BF_BF11_h8s16n5.txt,BBLCT,16,8,77,31,900.0,0,0.0,5,6.5,5,811.94,1.9,1,true,completed
BF_BF11_h8s16n6.txt,BBLCT,16,8,77,31,900.0,0,0.0,3,3.9,5,821.41,22.5,131,true,completed
BF_BF11_h8s16n7.txt,BBLCT,16,8,77,31,900.0,0,0.0,4,5.2,6,810.18,72.9,719,true,completed
BF_BF11_h8s16n8.txt,BBLCT,16,8,77,31,900.0,0,0.0,2,2.6,7,824.37,77.5,511,true,completed
BF_BF11_h8s16n9.txt,BBLCT,16,8,77,31,900.0,0,0.0,1,1.3,6,795.18,2.1,1,true,completed
BF_BF12_h8s16n1.txt,BBLCT,16,8,77,31,900.0,0,0.0,1,1.3,5,865.69,2.2,1,true,completed
BF_BF12_h8s16n10.txt,BBLCT,16,8,77,31,900.0,0,0.0,4,5.2,7,772.34,36.1,524,true,completed
BF_BF12_h8s16n11.txt,BBLCT,16,8,77,31,900.0,0,0.0,1,1.3,6,814.25,20.9,285,true,completed
BF_BF12_h8s16n12.txt,BBLCT,16,8,77,31,900.0,0,0.0,4,5.2,7,878.06,22.6,250,true,completed
BF_BF12_h8s16n13.txt,BBLCT,16,8,77,31,900.0,0,0.0,1,1.3,5,779.24,2.1,1,true,completed
BF_BF12_h8s16n14.txt,BBLCT,16,8,77,31,900.0,0,0.0,3,3.9,6,863.16,2.3,1,true,completed
BF_BF12_h8s16n15.txt,BBLCT,16,8,77,31,900.0,0,0.0,4,5.2,8,884.64,21.8,249,true,completed
BF_BF12_h8s16n16.txt,BBLCT,16,8,77,31,900.0,2,2.6,7,9.1,7,898.91,83.0,819,true,completed
BF_BF12_h8s16n17.txt,BBLCT,16,8,77,31,900.0,0,0.0,1,1.3,1,88.54,2.5,7,true,completed
BF_BF12_h8s16n18.txt,BBLCT,16,8,77,31,900.0,1,1.3,4,5.2,7,669.40,880608.9,8882630,true,completed
BF_BF12_h8s16n19.txt,BBLCT,16,8,77,31,900.0,1,1.3,3,3.9,5,582.78,393992.0,3392227,true,completed
BF_BF12_h8s16n2.txt,BBLCT,16,8,77,31,900.0,1,1.3,1,1.3,0,0.00,302.6,5136,true,completed
BF_BF12_h8s16n20.txt,BBLCT,16,8,77,31,900.0,1,1.3,4,5.2,7,884.68,8.4,88,true,completed
BF_BF12_h8s16n3.txt,BBLCT,16,8,77,31,900.0,2,2.6,6,7.8,8,816.81,81.1,1044,true,completed
BF_BF12_h8s16n4.txt,BBLCT,16,8,77,31,900.0,3,3.9,6,7.8,6,780.91,40.9,498,true,completed
BF_BF12_h8s16n5.txt,BBLCT,16,8,77,31,900.0,0,0.0,1,1.3,5,829.76,2.2,1,true,completed
BF_BF12_h8s16n6.txt,BBLCT,16,8,77,31,900.0,1,1.3,6,7.8,7,893.69,113.2,785,true,completed
BF_BF12_h8s16n7.txt,BBLCT,16,8,77,31,900.0,0,0.0,3,3.9,5,589.49,13541.4,140572,true,completed
BF_BF12_h8s16n8.txt,BBLCT,16,8,77,31,900.0,0,0.0,3,3.9,8,872.05,36.9,245,true,completed
BF_BF12_h8s16n9.txt,BBLCT,16,8,77,31,900.0,0,0.0,2,2.6,6,622.51,91193.5,950202,true,completed
BF_BF13_h8s16n1.txt,BBLCT,16,8,103,21,900.0,1,1.0,3,2.9,5,546.03,913976.3,7312555,true,completed
BF_BF13_h8s16n10.txt,BBLCT,16,8,103,21,900.0,2,1.9,3,2.9,7,801.95,2.2,1,true,completed
BF_BF13_h8s16n11.txt,BBLCT,16,8,103,21,900.0,0,0.0,2,1.9,6,803.32,23178.4,169766,true,completed
BF_BF13_h8s16n12.txt,BBLCT,16,8,103,21,900.0,1,1.0,6,5.8,8,880.64,2.0,1,true,completed
BF_BF13_h8s16n13.txt,BBLCT,16,8,103,21,900.0,0,0.0,2,1.9,6,810.71,2.1,1,true,completed
BF_BF13_h8s16n14.txt,BBLCT,16,8,103,21,900.0,0,0.0,2,1.9,4,360.76,3595142.8,28622848,false,cpu_limit
BF_BF13_h8s16n15.txt,BBLCT,16,8,103,21,900.0,0,0.0,3,2.9,7,838.37,2.3,1,true,completed
BF_BF13_h8s16n16.txt,BBLCT,16,8,103,21,900.0,1,1.0,6,5.8,8,866.88,92.6,677,true,completed
BF_BF13_h8s16n17.txt,BBLCT,16,8,103,21,900.0,0,0.0,3,2.9,6,640.63,3595129.1,32477184,false,cpu_limit
BF_BF13_h8s16n18.txt,BBLCT,16,8,103,21,900.0,0,0.0,3,2.9,4,482.29,3595085.3,28908544,false,cpu_limit
BF_BF13_h8s16n19.txt,BBLCT,16,8,103,21,900.0,1,1.0,3,2.9,7,898.05,40.4,637,true,completed
BF_BF13_h8s16n2.txt,BBLCT,16,8,103,21,900.0,1,1.0,2,1.9,3,362.26,4758.4,37507,true,completed
BF_BF13_h8s16n20.txt,BBLCT,16,8,103,21,900.0,0,0.0,3,2.9,6,810.11,2.3,1,true,completed
BF_BF13_h8s16n3.txt,BBLCT,16,8,103,21,900.0,1,1.0,4,3.9,5,548.29,938913.8,7116784,true,completed
BF_BF13_h8s16n4.txt,BBLCT,16,8,103,21,900.0,2,1.9,4,3.9,6,890.53,2.2,1,true,completed
BF_BF13_h8s16n5.txt,BBLCT,16,8,103,21,900.0,2,1.9,4,3.9,7,803.94,65.2,872,true,completed
BF_BF13_h8s16n6.txt,BBLCT,16,8,103,21,900.0,1,1.0,4,3.9,6,787.22,2.1,1,true,completed
BF_BF13_h8s16n7.txt,BBLCT,16,8,103,21,900.0,0,0.0,2,1.9,4,463.76,733430.2,6487306,true,completed
BF_BF13_h8s16n8.txt,BBLCT,16,8,103,21,900.0,2,1.9,4,3.9,7,898.10,195.5,1865,true,completed
BF_BF13_h8s16n9.txt,BBLCT,16,8,103,21,900.0,0,0.0,4,3.9,4,450.00,116013.7,1115154,true,completed
BF_BF14_h8s16n1.txt,BBLCT,16,8,103,21,900.0,2,1.9,8,7.8,7,837.76,6.4,26,true,completed
BF_BF14_h8s16n10.txt,BBLCT,16,8,103,21,900.0,1,1.0,3,2.9,4,461.10,130573.6,1495440,true,completed
BF_BF14_h8s16n11.txt,BBLCT,16,8,103,21,900.0,0,0.0,3,2.9,7,898.10,1.8,1,true,completed
BF_BF14_h8s16n12.txt,BBLCT,16,8,103,21,900.0,1,1.0,5,4.9,6,817.57,1514.8,12281,true,completed
BF_BF14_h8s16n13.txt,BBLCT,16,8,103,21,900.0,0,0.0,2,1.9,5,468.56,3595044.9,33148928,false,cpu_limit
BF_BF14_h8s16n14.txt,BBLCT,16,8,103,21,900.0,1,1.0,3,2.9,6,863.32,2.0,1,true,completed
BF_BF14_h8s16n15.txt,BBLCT,16,8,103,21,900.0,2,1.9,7,6.8,7,846.99,72.6,654,true,completed
BF_BF14_h8s16n16.txt,BBLCT,16,8,103,21,900.0,0,0.0,2,1.9,6,801.07,5938.8,51553,true,completed
BF_BF14_h8s16n17.txt,BBLCT,16,8,103,21,900.0,1,1.0,7,6.8,8,864.45,48.5,426,true,completed
BF_BF14_h8s16n18.txt,BBLCT,16,8,103,21,900.0,0,0.0,3,2.9,8,893.46,6563.9,76882,true,completed
BF_BF14_h8s16n19.txt,BBLCT,16,8,103,21,900.0,0,0.0,3,2.9,6,876.08,121.0,1005,true,completed
BF_BF14_h8s16n2.txt,BBLCT,16,8,103,21,900.0,1,1.0,3,2.9,7,807.89,2.2,1,true,completed
BF_BF14_h8s16n20.txt,BBLCT,16,8,103,21,900.0,0,0.0,3,2.9,6,811.54,2.2,1,true,completed
BF_BF14_h8s16n3.txt,BBLCT,16,8,103,21,900.0,0,0.0,5,4.9,7,794.91,124743.2,1305003,true,completed
BF_BF14_h8s16n4.txt,BBLCT,16,8,103,21,900.0,2,1.9,5,4.9,8,899.05,863589.2,8023833,true,completed
BF_BF14_h8s16n5.txt,BBLCT,16,8,103,21,900.0,2,1.9,4,3.9,6,875.69,48.5,681,true,completed
BF_BF14_h8s16n6.txt,BBLCT,16,8,103,21,900.0,0,0.0,3,2.9,6,805.52,85467.7,781408,true,completed
BF_BF14_h8s16n7.txt,BBLCT,16,8,103,21,900.0,1,1.0,3,2.9,7,863.06,2.0,1,true,completed
BF_BF14_h8s16n8.txt,BBLCT,16,8,103,21,900.0,0,0.0,3,2.9,6,826.32,1200.8,13794,true,completed
BF_BF14_h8s16n9.txt,BBLCT,16,8,103,21,900.0,1,1.0,3,2.9,7,879.37,209.6,2023,true,completed
BF_BF15_h8s16n1.txt,BBLCT,16,8,103,42,900.0,0,0.0,2,1.9,6,816.65,4.0,1,true,completed
BF_BF15_h8s16n10.txt,BBLCT,16,8,103,42,900.0,0,0.0,1,1.0,1,133.88,23.9,390,true,completed
BF_BF15_h8s16n11.txt,BBLCT,16,8,103,42,900.0,0,0.0,2,1.9,5,508.50,3507908.3,30104059,true,completed
BF_BF15_h8s16n12.txt,BBLCT,16,8,103,42,900.0,1,1.0,3,2.9,8,884.24,48.5,567,true,completed
BF_BF15_h8s16n13.txt,BBLCT,16,8,103,42,900.0,1,1.0,8,7.8,7,869.97,13862.9,76864,true,completed
BF_BF15_h8s16n14.txt,BBLCT,16,8,103,42,900.0,1,1.0,8,7.8,7,853.22,3.9,1,true,completed
BF_BF15_h8s16n15.txt,BBLCT,16,8,103,42,900.0,0,0.0,4,3.9,8,892.43,3.9,1,true,completed
BF_BF15_h8s16n16.txt,BBLCT,16,8,103,42,900.0,0,0.0,2,1.9,5,804.71,3.8,1,true,completed
BF_BF15_h8s16n17.txt,BBLCT,16,8,103,42,900.0,0,0.0,1,1.0,7,769.80,4.2,1,true,completed
BF_BF15_h8s16n18.txt,BBLCT,16,8,103,42,900.0,0,0.0,1,1.0,6,764.38,4.5,11,true,completed
BF_BF15_h8s16n19.txt,BBLCT,16,8,103,42,900.0,2,1.9,4,3.9,6,792.82,3.9,1,true,completed
BF_BF15_h8s16n2.txt,BBLCT,16,8,103,42,900.0,1,1.0,4,3.9,7,817.88,4.8,1,true,completed
BF_BF15_h8s16n20.txt,BBLCT,16,8,103,42,900.0,1,1.0,4,3.9,8,797.73,4.4,1,true,completed
BF_BF15_h8s16n3.txt,BBLCT,16,8,103,42,900.0,0,0.0,2,1.9,6,759.48,4.3,1,true,completed
BF_BF15_h8s16n4.txt,BBLCT,16,8,103,42,900.0,0,0.0,3,2.9,6,815.10,3.7,1,true,completed
BF_BF15_h8s16n5.txt,BBLCT,16,8,103,42,900.0,0,0.0,2,1.9,6,757.33,4.4,1,true,completed
BF_BF15_h8s16n6.txt,BBLCT,16,8,103,42,900.0,0,0.0,1,1.0,7,873.30,27.7,177,true,completed
BF_BF15_h8s16n7.txt,BBLCT,16,8,103,42,900.0,0,0.0,4,3.9,6,760.74,4.6,6,true,completed
BF_BF15_h8s16n8.txt,BBLCT,16,8,103,42,900.0,0,0.0,2,1.9,6,833.05,4.5,1,true,completed
BF_BF15_h8s16n9.txt,BBLCT,16,8,103,42,900.0,1,1.0,5,4.9,6,812.77,3866.1,34704,true,completed
BF_BF16_h8s16n1.txt,BBLCT,16,8,103,42,900.0,0,0.0,4,3.9,7,813.03,4.2,1,true,completed
BF_BF16_h8s16n10.txt,BBLCT,16,8,103,42,900.0,0,0.0,1,1.0,5,812.87,3.8,1,true,completed
BF_BF16_h8s16n11.txt,BBLCT,16,8,103,42,900.0,0,0.0,2,1.9,6,818.75,4.3,1,true,completed
BF_BF16_h8s16n12.txt,BBLCT,16,8,103,42,900.0,0,0.0,3,2.9,7,881.41,4.8,1,true,completed
BF_BF16_h8s16n13.txt,BBLCT,16,8,103,42,900.0,1,1.0,4,3.9,7,872.90,4.4,1,true,completed
BF_BF16_h8s16n14.txt,BBLCT,16,8,103,42,900.0,0,0.0,4,3.9,7,830.79,4.5,1,true,completed
BF_BF16_h8s16n15.txt,BBLCT,16,8,103,42,900.0,0,0.0,2,1.9,8,881.16,27.2,245,true,completed
BF_BF16_h8s16n16.txt,BBLCT,16,8,103,42,900.0,1,1.0,4,3.9,5,642.28,20138.6,214368,true,completed
BF_BF16_h8s16n17.txt,BBLCT,16,8,103,42,900.0,0,0.0,1,1.0,7,771.17,4.2,1,true,completed
BF_BF16_h8s16n18.txt,BBLCT,16,8,103,42,900.0,0,0.0,4,3.9,8,835.88,45430.7,356498,true,completed
BF_BF16_h8s16n19.txt,BBLCT,16,8,103,42,900.0,0,0.0,2,1.9,9,878.20,1445.8,18571,true,completed
BF_BF16_h8s16n2.txt,BBLCT,16,8,103,42,900.0,0,0.0,2,1.9,7,781.72,4.3,1,true,completed
BF_BF16_h8s16n20.txt,BBLCT,16,8,103,42,900.0,0,0.0,3,2.9,7,895.92,194.0,2138,true,completed
BF_BF16_h8s16n3.txt,BBLCT,16,8,103,42,900.0,0,0.0,1,1.0,7,880.99,65.2,589,true,completed
BF_BF16_h8s16n4.txt,BBLCT,16,8,103,42,900.0,1,1.0,2,1.9,6,782.18,48.7,636,true,completed
BF_BF16_h8s16n5.txt,BBLCT,16,8,103,42,900.0,0,0.0,3,2.9,7,834.45,76.4,976,true,completed
BF_BF16_h8s16n6.txt,BBLCT,16,8,103,42,900.0,1,1.0,2,1.9,5,802.97,4.2,5,true,completed
BF_BF16_h8s16n7.txt,BBLCT,16,8,103,42,900.0,0,0.0,2,1.9,7,876.19,9.2,83,true,completed
BF_BF16_h8s16n8.txt,BBLCT,16,8,103,42,900.0,0,0.0,1,1.0,6,776.64,4.5,5,true,completed
BF_BF16_h8s16n9.txt,BBLCT,16,8,103,42,900.0,0,0.0,4,3.9,7,840.34,2846.9,26031,true,completed
BF_BF17_h5s20n1.txt,BBLCT,20,5,60,12,900.0,1,1.7,4,6.7,5,512.98,1226.3,13659,true,completed
BF_BF17_h5s20n10.txt,BBLCT,20,5,60,12,900.0,1,1.7,14,23.3,9,861.08,162.1,1016,true,completed
BF_BF17_h5s20n11.txt,BBLCT,20,5,60,12,900.0,0,0.0,6,10.0,9,898.32,195.3,1140,true,completed
BF_BF17_h5s20n12.txt,BBLCT,20,5,60,12,900.0,2,3.3,6,10.0,7,843.74,1.0,1,true,completed
BF_BF17_h5s20n13.txt,BBLCT,20,5,60,12,900.0,2,3.3,9,15.0,7,871.66,1.0,1,true,completed
BF_BF17_h5s20n14.txt,BBLCT,20,5,60,12,900.0,2,3.3,9,15.0,9,885.96,101.3,850,true,completed
BF_BF17_h5s20n15.txt,BBLCT,20,5,60,12,900.0,0,0.0,10,16.7,8,869.84,52.0,669,true,completed
BF_BF17_h5s20n16.txt,BBLCT,20,5,60,12,900.0,1,1.7,7,11.7,8,828.12,186.2,1224,true,completed
BF_BF17_h5s20n17.txt,BBLCT,20,5,60,12,900.0,2,3.3,8,13.3,8,888.71,90.4,848,true,completed
BF_BF17_h5s20n18.txt,BBLCT,20,5,60,12,900.0,0,0.0,6,10.0,9,893.25,2537.1,29956,true,completed
BF_BF17_h5s20n19.txt,BBLCT,20,5,60,12,900.0,2,3.3,6,10.0,6,571.49,3595113.9,19810304,false,cpu_limit
BF_BF17_h5s20n2.txt,BBLCT,20,5,60,12,900.0,3,5.0,6,10.0,7,738.71,2916.5,15884,true,completed
BF_BF17_h5s20n20.txt,BBLCT,20,5,60,12,900.0,1,1.7,7,11.7,7,693.50,982679.8,5692095,true,completed
BF_BF17_h5s20n3.txt,BBLCT,20,5,60,12,900.0,4,6.7,10,16.7,7,721.44,701068.5,3238376,true,completed
BF_BF17_h5s20n4.txt,BBLCT,20,5,60,12,900.0,3,5.0,5,8.3,5,524.27,101.0,1016,true,completed
BF_BF17_h5s20n5.txt,BBLCT,20,5,60,12,900.0,2,3.3,7,11.7,7,845.74,166.4,1418,true,completed
BF_BF17_h5s20n6.txt,BBLCT,20,5,60,12,900.0,1,1.7,7,11.7,8,785.89,349.6,1695,true,completed
BF_BF17_h5s20n7.txt,BBLCT,20,5,60,12,900.0,2,3.3,9,15.0,9,899.50,22951.7,130157,true,completed
BF_BF17_h5s20n8.txt,BBLCT,20,5,60,12,900.0,2,3.3,4,6.7,5,526.70,3595177.1,21370880,false,cpu_limit
BF_BF17_h5s20n9.txt,BBLCT,20,5,60,12,900.0,1,1.7,7,11.7,9,878.54,72.7,396,true,completed
BF_BF18_h5s20n1.txt,BBLCT,20,5,60,12,900.0,1,1.7,4,6.7,7,757.79,324.7,2607,true,completed
BF_BF18_h5s20n10.txt,BBLCT,20,5,60,12,900.0,0,0.0,3,5.0,5,503.33,2786.8,40562,true,completed
BF_BF18_h5s20n11.txt,BBLCT,20,5,60,12,900.0,0,0.0,3,5.0,6,860.44,1.0,1,true,completed
BF_BF18_h5s20n12.txt,BBLCT,20,5,60,12,900.0,1,1.7,6,10.0,7,875.26,12096.1,181812,true,completed
BF_BF18_h5s20n13.txt,BBLCT,20,5,60,12,900.0,3,5.0,8,13.3,8,897.20,56.7,526,true,completed
BF_BF18_h5s20n14.txt,BBLCT,20,5,60,12,900.0,1,1.7,8,13.3,8,812.34,198779.6,1662141,true,completed
BF_BF18_h5s20n15.txt,BBLCT,20,5,60,12,900.0,0,0.0,5,8.3,8,899.62,83.5,1235,true,completed
BF_BF18_h5s20n16.txt,BBLCT,20,5,60,12,900.0,1,1.7,5,8.3,7,847.18,1.0,1,true,completed
BF_BF18_h5s20n17.txt,BBLCT,20,5,60,12,900.0,1,1.7,3,5.0,5,555.90,238850.1,1982844,true,completed
BF_BF18_h5s20n18.txt,BBLCT,20,5,60,12,900.0,1,1.7,4,6.7,5,498.27,3851.5,52909,true,completed
BF_BF18_h5s20n19.txt,BBLCT,20,5,60,12,900.0,3,5.0,10,16.7,8,896.30,365.9,3130,true,completed
BF_BF18_h5s20n2.txt,BBLCT,20,5,60,12,900.0,3,5.0,12,20.0,9,899.30,468.7,4309,true,completed
BF_BF18_h5s20n20.txt,BBLCT,20,5,60,12,900.0,2,3.3,6,10.0,8,897.18,97.2,843,true,completed
BF_BF18_h5s20n3.txt,BBLCT,20,5,60,12,900.0,0,0.0,3,5.0,6,817.91,74.5,1126,true,completed
BF_BF18_h5s20n4.txt,BBLCT,20,5,60,12,900.0,2,3.3,4,6.7,6,787.84,52.2,679,true,completed
BF_BF18_h5s20n5.txt,BBLCT,20,5,60,12,900.0,3,5.0,7,11.7,8,888.19,92.1,810,true,completed
BF_BF18_h5s20n6.txt,BBLCT,20,5,60,12,900.0,0,0.0,7,11.7,7,715.05,617231.3,4979248,true,completed
BF_BF18_h5s20n7.txt,BBLCT,20,5,60,12,900.0,1,1.7,4,6.7,5,529.30,2588669.1,18716478,true,completed
BF_BF18_h5s20n8.txt,BBLCT,20,5,60,12,900.0,2,3.3,6,10.0,6,793.09,8708.0,74608,true,completed
BF_BF18_h5s20n9.txt,BBLCT,20,5,60,12,900.0,2,3.3,13,21.7,8,886.75,137.3,1235,true,completed
BF_BF19_h5s20n1.txt,BBLCT,20,5,60,24,900.0,1,1.7,4,6.7,5,807.44,2.3,7,true,completed
BF_BF19_h5s20n10.txt,BBLCT,20,5,60,24,900.0,1,1.7,7,11.7,8,863.22,138.8,1114,true,completed
BF_BF19_h5s20n11.txt,BBLCT,20,5,60,24,900.0,1,1.7,11,18.3,9,896.00,13852.3,77840,true,completed
BF_BF19_h5s20n12.txt,BBLCT,20,5,60,24,900.0,0,0.0,6,10.0,8,775.83,52590.5,413477,true,completed
BF_BF19_h5s20n13.txt,BBLCT,20,5,60,24,900.0,0,0.0,3,5.0,8,859.99,64.6,622,true,completed
BF_BF19_h5s20n14.txt,BBLCT,20,5,60,24,900.0,0,0.0,8,13.3,9,899.33,6906.3,38038,true,completed
BF_BF19_h5s20n15.txt,BBLCT,20,5,60,24,900.0,0,0.0,3,5.0,5,810.61,1.8,1,true,completed
BF_BF19_h5s20n16.txt,BBLCT,20,5,60,24,900.0,3,5.0,7,11.7,6,848.54,32.7,115,true,completed
BF_BF19_h5s20n17.txt,BBLCT,20,5,60,24,900.0,0,0.0,3,5.0,7,808.04,1.7,1,true,completed
BF_BF19_h5s20n18.txt,BBLCT,20,5,60,24,900.0,1,1.7,15,25.0,8,859.25,97.5,703,true,completed
BF_BF19_h5s20n19.txt,BBLCT,20,5,60,24,900.0,1,1.7,6,10.0,9,889.39,206.4,1676,true,completed
BF_BF19_h5s20n2.txt,BBLCT,20,5,60,24,900.0,0,0.0,6,10.0,7,821.68,848.0,6769,true,completed
BF_BF19_h5s20n20.txt,BBLCT,20,5,60,24,900.0,2,3.3,6,10.0,7,882.45,1.7,1,true,completed
BF_BF19_h5s20n3.txt,BBLCT,20,5,60,24,900.0,1,1.7,7,11.7,9,898.79,48.5,316,true,completed
BF_BF19_h5s20n4.txt,BBLCT,20,5,60,24,900.0,1,1.7,17,28.3,9,886.60,3273.1,24552,true,completed
BF_BF19_h5s20n5.txt,BBLCT,20,5,60,24,900.0,0,0.0,6,10.0,9,890.30,274.1,2199,true,completed
BF_BF19_h5s20n6.txt,BBLCT,20,5,60,24,900.0,2,3.3,7,11.7,6,647.34,11194.3,56588,true,completed
BF_BF19_h5s20n7.txt,BBLCT,20,5,60,24,900.0,1,1.7,4,6.7,8,896.93,49.9,283,true,completed
BF_BF19_h5s20n8.txt,BBLCT,20,5,60,24,900.0,1,1.7,11,18.3,7,755.00,238.8,1734,true,completed
BF_BF19_h5s20n9.txt,BBLCT,20,5,60,24,900.0,3,5.0,8,13.3,7,858.40,140.5,926,true,completed
BF_BF1_h5s16n1.txt,BBLCT,16,5,48,10,900.0,2,4.2,8,16.7,8,871.40,31.7,629,true,completed
BF_BF1_h5s16n10.txt,BBLCT,16,5,48,10,900.0,3,6.2,9,18.8,7,833.27,0.9,4,true,completed
BF_BF1_h5s16n11.txt,BBLCT,16,5,48,10,900.0,2,4.2,4,8.3,6,598.40,85.1,1546,true,completed
BF_BF1_h5s16n12.txt,BBLCT,16,5,48,10,900.0,2,4.2,6,12.5,7,855.55,841.2,11327,true,completed
BF_BF1_h5s16n13.txt,BBLCT,16,5,48,10,900.0,2,4.2,7,14.6,7,810.89,0.7,1,true,completed
BF_BF1_h5s16n14.txt,BBLCT,16,5,48,10,900.0,0,0.0,3,6.2,7,898.22,0.8,1,true,completed
BF_BF1_h5s16n15.txt,BBLCT,16,5,48,10,900.0,1,2.1,3,6.2,7,786.40,108.6,1197,true,completed
BF_BF1_h5s16n16.txt,BBLCT,16,5,48,10,900.0,2,4.2,5,10.4,7,826.14,0.8,1,true,completed
BF_BF1_h5s16n17.txt,BBLCT,16,5,48,10,900.0,2,4.2,6,12.5,7,719.46,76782.1,755308,true,completed
BF_BF1_h5s16n18.txt,BBLCT,16,5,48,10,900.0,3,6.2,9,18.8,8,832.75,93.1,848,true,completed
BF_BF1_h5s16n19.txt,BBLCT,16,5,48,10,900.0,0,0.0,12,25.0,9,899.70,76.9,782,true,completed
BF_BF1_h5s16n2.txt,BBLCT,16,5,48,10,900.0,1,2.1,8,16.7,8,885.88,566.6,5934,true,completed
BF_BF1_h5s16n20.txt,BBLCT,16,5,48,10,900.0,1,2.1,9,18.8,8,881.65,12.3,245,true,completed
BF_BF1_h5s16n3.txt,BBLCT,16,5,48,10,900.0,2,4.2,7,14.6,8,839.14,162.5,1840,true,completed
BF_BF1_h5s16n4.txt,BBLCT,16,5,48,10,900.0,3,6.2,9,18.8,8,847.77,41.0,752,true,completed
BF_BF1_h5s16n5.txt,BBLCT,16,5,48,10,900.0,1,2.1,7,14.6,7,687.78,457774.6,4537170,true,completed
BF_BF1_h5s16n6.txt,BBLCT,16,5,48,10,900.0,0,0.0,4,8.3,7,876.75,0.8,1,true,completed
BF_BF1_h5s16n7.txt,BBLCT,16,5,48,10,900.0,1,2.1,4,8.3,6,848.32,0.7,1,true,completed
BF_BF1_h5s16n8.txt,BBLCT,16,5,48,10,900.0,1,2.1,5,10.4,6,826.43,0.8,1,true,completed
BF_BF1_h5s16n9.txt,BBLCT,16,5,48,10,900.0,1,2.1,6,12.5,9,867.41,18.9,194,true,completed
BF_BF20_h5s20n1.txt,BBLCT,20,5,60,24,900.0,0,0.0,1,1.7,4,454.32,6515.2,112267,true,completed
BF_BF20_h5s20n10.txt,BBLCT,20,5,60,24,900.0,1,1.7,5,8.3,7,837.31,444.0,7456,true,completed
BF_BF20_h5s20n11.txt,BBLCT,20,5,60,24,900.0,0,0.0,2,3.3,4,459.62,1009.2,18372,true,completed
BF_BF20_h5s20n12.txt,BBLCT,20,5,60,24,900.0,0,0.0,6,10.0,7,831.37,1.9,1,true,completed
BF_BF20_h5s20n13.txt,BBLCT,20,5,60,24,900.0,0,0.0,4,6.7,8,874.54,66.0,820,true,completed
BF_BF20_h5s20n14.txt,BBLCT,20,5,60,24,900.0,0,0.0,4,6.7,7,765.30,66.9,810,true,completed
BF_BF20_h5s20n15.txt,BBLCT,20,5,60,24,900.0,1,1.7,5,8.3,7,867.69,1.7,1,true,completed
BF_BF20_h5s20n16.txt,BBLCT,20,5,60,24,900.0,2,3.3,5,8.3,8,895.61,1683.7,16669,true,completed
BF_BF20_h5s20n17.txt,BBLCT,20,5,60,24,900.0,2,3.3,12,20.0,7,835.29,1.9,1,true,completed
BF_BF20_h5s20n18.txt,BBLCT,20,5,60,24,900.0,0,0.0,9,15.0,8,895.55,41.3,501,true,completed
BF_BF20_h5s20n19.txt,BBLCT,20,5,60,24,900.0,1,1.7,3,5.0,6,833.96,16.4,290,true,completed
BF_BF20_h5s20n2.txt,BBLCT,20,5,60,24,900.0,0,0.0,5,8.3,7,862.43,2.0,1,true,completed
BF_BF20_h5s20n20.txt,BBLCT,20,5,60,24,900.0,1,1.7,5,8.3,5,477.40,15919.0,203564,true,completed
BF_BF20_h5s20n3.txt,BBLCT,20,5,60,24,900.0,1,1.7,4,6.7,7,887.80,1.8,1,true,completed
BF_BF20_h5s20n4.txt,BBLCT,20,5,60,24,900.0,0,0.0,4,6.7,7,877.20,4.6,30,true,completed
BF_BF20_h5s20n5.txt,BBLCT,20,5,60,24,900.0,1,1.7,15,25.0,8,813.10,70.8,910,true,completed
BF_BF20_h5s20n6.txt,BBLCT,20,5,60,24,900.0,0,0.0,5,8.3,5,498.42,3292.0,46073,true,completed
BF_BF20_h5s20n7.txt,BBLCT,20,5,60,24,900.0,0,0.0,5,8.3,8,873.29,41.0,587,true,completed
BF_BF20_h5s20n8.txt,BBLCT,20,5,60,24,900.0,0,0.0,5,8.3,7,737.75,38481.0,303054,true,completed
BF_BF20_h5s20n9.txt,BBLCT,20,5,60,24,900.0,0,0.0,8,13.3,8,895.40,145.9,1240,true,completed
BF_BF21_h5s20n1.txt,BBLCT,20,5,80,16,900.0,2,2.5,9,11.2,8,896.27,4414.4,25452,true,completed
BF_BF21_h5s20n10.txt,BBLCT,20,5,80,16,900.0,3,3.8,11,13.8,8,892.16,3082.3,19763,true,completed
BF_BF21_h5s20n11.txt,BBLCT,20,5,80,16,900.0,2,2.5,8,10.0,8,871.65,11178.2,71782,true,completed
BF_BF21_h5s20n12.txt,BBLCT,20,5,80,16,900.0,1,1.2,3,3.8,7,807.49,1.4,1,true,completed
BF_BF21_h5s20n13.txt,BBLCT,20,5,80,16,900.0,1,1.2,8,10.0,8,898.19,4276.6,30322,true,completed
BF_BF21_h5s20n14.txt,BBLCT,20,5,80,16,900.0,1,1.2,8,10.0,7,829.86,3.0,15,true,completed
BF_BF21_h5s20n15.txt,BBLCT,20,5,80,16,900.0,4,5.0,8,10.0,8,825.77,1.6,1,true,completed
BF_BF21_h5s20n16.txt,BBLCT,20,5,80,16,900.0,2,2.5,10,12.5,9,877.63,1.5,1,true,completed
BF_BF21_h5s20n17.txt,BBLCT,20,5,80,16,900.0,1,1.2,6,7.5,9,852.45,499.6,2755,true,completed
BF_BF21_h5s20n18.txt,BBLCT,20,5,80,16,900.0,1,1.2,6,7.5,8,802.75,227.1,1414,true,completed
BF_BF21_h5s20n19.txt,BBLCT,20,5,80,16,900.0,3,3.8,7,8.8,7,827.29,1060.3,6285,true,completed
BF_BF21_h5s20n2.txt,BBLCT,20,5,80,16,900.0,3,3.8,5,6.2,7,797.68,1.7,1,true,completed
BF_BF21_h5s20n20.txt,BBLCT,20,5,80,16,900.0,1,1.2,7,8.8,8,845.13,5954.0,48317,true,completed
BF_BF21_h5s20n3.txt,BBLCT,20,5,80,16,900.0,1,1.2,4,5.0,7,821.15,3.3,27,true,completed
BF_BF21_h5s20n4.txt,BBLCT,20,5,80,16,900.0,1,1.2,8,10.0,9,890.43,80.1,879,true,completed
BF_BF21_h5s20n5.txt,BBLCT,20,5,80,16,900.0,0,0.0,3,3.8,8,858.08,1.6,1,true,completed
BF_BF21_h5s20n6.txt,BBLCT,20,5,80,16,900.0,2,2.5,9,11.2,8,801.43,590738.5,3532403,true,completed
BF_BF21_h5s20n7.txt,BBLCT,20,5,80,16,900.0,0,0.0,3,3.8,7,815.71,1.6,1,true,completed
BF_BF21_h5s20n8.txt,BBLCT,20,5,80,16,900.0,0,0.0,4,5.0,8,877.04,506.8,3518,true,completed
BF_BF21_h5s20n9.txt,BBLCT,20,5,80,16,900.0,1,1.2,6,7.5,8,813.11,1.8,1,true,completed
BF_BF22_h5s20n1.txt,BBLCT,20,5,80,16,900.0,0,0.0,4,5.0,5,500.34,3711.9,60987,true,completed
BF_BF22_h5s20n10.txt,BBLCT,20,5,80,16,900.0,0,0.0,4,5.0,7,808.20,687.0,12552,true,completed
BF_BF22_h5s20n11.txt,BBLCT,20,5,80,16,900.0,3,3.8,9,11.2,7,858.32,9.2,85,true,completed
BF_BF22_h5s20n12.txt,BBLCT,20,5,80,16,900.0,3,3.8,7,8.8,7,742.60,7450.6,73102,true,completed
BF_BF22_h5s20n13.txt,BBLCT,20,5,80,16,900.0,0,0.0,4,5.0,8,897.93,25813.6,241932,true,completed
BF_BF22_h5s20n14.txt,BBLCT,20,5,80,16,900.0,0,0.0,3,3.8,7,848.78,37.1,361,true,completed
BF_BF22_h5s20n15.txt,BBLCT,20,5,80,16,900.0,2,2.5,6,7.5,8,878.79,156.7,1351,true,completed
BF_BF22_h5s20n16.txt,BBLCT,20,5,80,16,900.0,1,1.2,7,8.8,8,894.04,3089.5,29794,true,completed
BF_BF22_h5s20n17.txt,BBLCT,20,5,80,16,900.0,2,2.5,7,8.8,8,885.52,2481.1,24695,true,completed
BF_BF22_h5s20n18.txt,BBLCT,20,5,80,16,900.0,0,0.0,4,5.0,7,892.18,1.5,1,true,completed
BF_BF22_h5s20n19.txt,BBLCT,20,5,80,16,900.0,0,0.0,4,5.0,7,802.53,1.6,1,true,completed
BF_BF22_h5s20n2.txt,BBLCT,20,5,80,16,900.0,1,1.2,5,6.2,7,815.73,42.7,620,true,completed
BF_BF22_h5s20n20.txt,BBLCT,20,5,80,16,900.0,0,0.0,3,3.8,7,860.74,33.4,603,true,completed
BF_BF22_h5s20n3.txt,BBLCT,20,5,80,16,900.0,0,0.0,5,6.2,8,878.98,44.1,664,true,completed
BF_BF22_h5s20n4.txt,BBLCT,20,5,80,16,900.0,4,5.0,10,12.5,7,801.18,1.6,1,true,completed
BF_BF22_h5s20n5.txt,BBLCT,20,5,80,16,900.0,1,1.2,3,3.8,4,421.52,1278.7,26583,true,completed
BF_BF22_h5s20n6.txt,BBLCT,20,5,80,16,900.0,0,0.0,10,12.5,8,866.12,62.1,567,true,completed
BF_BF22_h5s20n7.txt,BBLCT,20,5,80,16,900.0,0,0.0,3,3.8,6,789.54,90.2,1723,true,completed
BF_BF22_h5s20n8.txt,BBLCT,20,5,80,16,900.0,1,1.2,7,8.8,8,849.52,7965.4,66781,true,completed
BF_BF22_h5s20n9.txt,BBLCT,20,5,80,16,900.0,0,0.0,4,5.0,8,849.64,36.1,660,true,completed
BF_BF23_h5s20n1.txt,BBLCT,20,5,80,32,900.0,0,0.0,9,11.2,8,823.60,93819.1,694645,true,completed
BF_BF23_h5s20n10.txt,BBLCT,20,5,80,32,900.0,1,1.2,5,6.2,7,875.74,2.9,1,true,completed
BF_BF23_h5s20n11.txt,BBLCT,20,5,80,32,900.0,0,0.0,3,3.8,7,809.67,2.8,1,true,completed
BF_BF23_h5s20n12.txt,BBLCT,20,5,80,32,900.0,0,0.0,4,5.0,7,830.25,2.9,1,true,completed
BF_BF23_h5s20n13.txt,BBLCT,20,5,80,32,900.0,1,1.2,7,8.8,8,896.54,413776.7,2540238,true,completed
BF_BF23_h5s20n14.txt,BBLCT,20,5,80,32,900.0,3,3.8,9,11.2,7,793.61,55.2,393,true,completed
BF_BF23_h5s20n15.txt,BBLCT,20,5,80,32,900.0,0,0.0,8,10.0,8,789.30,137.8,1235,true,completed
BF_BF23_h5s20n16.txt,BBLCT,20,5,80,32,900.0,1,1.2,10,12.5,9,898.60,286.0,1784,true,completed
BF_BF23_h5s20n17.txt,BBLCT,20,5,80,32,900.0,1,1.2,6,7.5,7,865.44,2.7,1,true,completed
BF_BF23_h5s20n18.txt,BBLCT,20,5,80,32,900.0,1,1.2,4,5.0,7,885.68,2.4,1,true,completed
BF_BF23_h5s20n19.txt,BBLCT,20,5,80,32,900.0,2,2.5,6,7.5,9,866.76,4905.0,28617,true,completed
BF_BF23_h5s20n2.txt,BBLCT,20,5,80,32,900.0,1,1.2,2,2.5,4,460.64,919.1,15227,true,completed
BF_BF23_h5s20n20.txt,BBLCT,20,5,80,32,900.0,0,0.0,3,3.8,7,834.19,5228.2,37211,true,completed
BF_BF23_h5s20n3.txt,BBLCT,20,5,80,32,900.0,0,0.0,5,6.2,9,845.75,21526.9,131954,true,completed
BF_BF23_h5s20n4.txt,BBLCT,20,5,80,32,900.0,2,2.5,9,11.2,9,897.52,71.7,731,true,completed
BF_BF23_h5s20n5.txt,BBLCT,20,5,80,32,900.0,1,1.2,12,15.0,9,799.88,97.1,1040,true,completed
BF_BF23_h5s20n6.txt,BBLCT,20,5,80,32,900.0,1,1.2,8,10.0,9,894.41,519.6,3086,true,completed
BF_BF23_h5s20n7.txt,BBLCT,20,5,80,32,900.0,0,0.0,11,13.8,9,899.02,1869.4,21941,true,completed
BF_BF23_h5s20n8.txt,BBLCT,20,5,80,32,900.0,1,1.2,5,6.2,7,844.60,4666.0,49390,true,completed
BF_BF23_h5s20n9.txt,BBLCT,20,5,80,32,900.0,1,1.2,4,5.0,8,798.24,65.9,855,true,completed
BF_BF24_h5s20n1.txt,BBLCT,20,5,80,32,900.0,1,1.2,4,5.0,7,797.76,171.1,2356,true,completed
BF_BF24_h5s20n10.txt,BBLCT,20,5,80,32,900.0,0,0.0,4,5.0,7,869.91,2.8,1,true,completed
BF_BF24_h5s20n11.txt,BBLCT,20,5,80,32,900.0,0,0.0,2,2.5,7,829.60,153.3,2647,true,completed
BF_BF24_h5s20n12.txt,BBLCT,20,5,80,32,900.0,0,0.0,3,3.8,6,793.88,15.8,243,true,completed
BF_BF24_h5s20n13.txt,BBLCT,20,5,80,32,900.0,0,0.0,2,2.5,7,867.66,6297.6,43881,true,completed
BF_BF24_h5s20n14.txt,BBLCT,20,5,80,32,900.0,0,0.0,7,8.8,8,788.66,61.0,707,true,completed
BF_BF24_h5s20n15.txt,BBLCT,20,5,80,32,900.0,0,0.0,6,7.5,7,807.18,50.9,620,true,completed
BF_BF24_h5s20n16.txt,BBLCT,20,5,80,32,900.0,1,1.2,4,5.0,7,810.14,3.1,9,true,completed
BF_BF24_h5s20n17.txt,BBLCT,20,5,80,32,900.0,1,1.2,11,13.8,8,894.87,809.9,6317,true,completed
BF_BF24_h5s20n18.txt,BBLCT,20,5,80,32,900.0,0,0.0,3,3.8,7,841.31,358.9,3815,true,completed
BF_BF24_h5s20n19.txt,BBLCT,20,5,80,32,900.0,0,0.0,7,8.8,8,898.14,911.3,9423,true,completed
BF_BF24_h5s20n2.txt,BBLCT,20,5,80,32,900.0,0,0.0,5,6.2,8,846.89,59.7,871,true,completed
BF_BF24_h5s20n20.txt,BBLCT,20,5,80,32,900.0,0,0.0,7,8.8,7,699.52,54622.0,784447,true,completed
BF_BF24_h5s20n3.txt,BBLCT,20,5,80,32,900.0,2,2.5,4,5.0,6,826.55,4.0,27,true,completed
BF_BF24_h5s20n4.txt,BBLCT,20,5,80,32,900.0,1,1.2,8,10.0,5,515.67,5.9,53,true,completed
BF_BF24_h5s20n5.txt,BBLCT,20,5,80,32,900.0,0,0.0,4,5.0,5,590.96,2172.8,41689,true,completed
BF_BF24_h5s20n6.txt,BBLCT,20,5,80,32,900.0,0,0.0,4,5.0,8,867.40,100.5,934,true,completed
BF_BF24_h5s20n7.txt,BBLCT,20,5,80,32,900.0,0,0.0,3,3.8,7,848.53,2.6,1,true,completed
BF_BF24_h5s20n8.txt,BBLCT,20,5,80,32,900.0,0,0.0,4,5.0,7,846.41,2.5,1,true,completed
BF_BF24_h5s20n9.txt,BBLCT,20,5,80,32,900.0,1,1.2,10,12.5,8,826.82,40.9,534,true,completed
BF_BF25_h8s20n1.txt,BBLCT,20,8,96,20,900.0,1,1.0,3,3.1,5,791.22,1.7,1,true,completed
BF_BF25_h8s20n10.txt,BBLCT,20,8,96,20,900.0,1,1.0,3,3.1,6,831.97,1.9,1,true,completed
BF_BF25_h8s20n11.txt,BBLCT,20,8,96,20,900.0,3,3.1,7,7.3,6,899.73,6741.0,21815,true,completed
BF_BF25_h8s20n12.txt,BBLCT,20,8,96,20,900.0,1,1.0,5,5.2,8,898.25,273371.0,1194463,true,completed
BF_BF25_h8s20n13.txt,BBLCT,20,8,96,20,900.0,1,1.0,4,4.2,5,551.67,3595245.7,13351936,false,cpu_limit
BF_BF25_h8s20n14.txt,BBLCT,20,8,96,20,900.0,2,2.1,4,4.2,5,816.78,1.8,1,true,completed
BF_BF25_h8s20n15.txt,BBLCT,20,8,96,20,900.0,1,1.0,3,3.1,5,812.57,1.9,1,true,completed
BF_BF25_h8s20n16.txt,BBLCT,20,8,96,20,900.0,1,1.0,4,4.2,6,860.80,182.2,1167,true,completed
BF_BF25_h8s20n17.txt,BBLCT,20,8,96,20,900.0,0,0.0,3,3.1,5,788.99,1.9,1,true,completed
BF_BF25_h8s20n18.txt,BBLCT,20,8,96,20,900.0,2,2.1,5,5.2,6,895.27,2.0,1,true,completed
BF_BF25_h8s20n19.txt,BBLCT,20,8,96,20,900.0,2,2.1,6,6.2,8,898.82,82.4,296,true,completed
BF_BF25_h8s20n2.txt,BBLCT,20,8,96,20,900.0,1,1.0,5,5.2,5,842.94,2.7,3,true,completed
BF_BF25_h8s20n20.txt,BBLCT,20,8,96,20,900.0,1,1.0,4,4.2,7,891.36,186.3,1267,true,completed
BF_BF25_h8s20n3.txt,BBLCT,20,8,96,20,900.0,1,1.0,6,6.2,7,839.65,74.3,250,true,completed
BF_BF25_h8s20n4.txt,BBLCT,20,8,96,20,900.0,1,1.0,4,4.2,5,838.45,2.0,1,true,completed
BF_BF25_h8s20n5.txt,BBLCT,20,8,96,20,900.0,1,1.0,3,3.1,5,788.81,1.8,1,true,completed
BF_BF25_h8s20n6.txt,BBLCT,20,8,96,20,900.0,0,0.0,6,6.2,8,809.53,227676.8,723676,true,completed
BF_BF25_h8s20n7.txt,BBLCT,20,8,96,20,900.0,0,0.0,3,3.1,5,802.29,2.0,1,true,completed
BF_BF25_h8s20n8.txt,BBLCT,20,8,96,20,900.0,3,3.1,12,12.5,6,861.10,201.6,986,true,completed
BF_BF25_h8s20n9.txt,BBLCT,20,8,96,20,900.0,1,1.0,4,4.2,5,824.50,2.1,1,true,completed
BF_BF26_h8s20n1.txt,BBLCT,20,8,96,20,900.0,1,1.0,3,3.1,6,885.65,2.0,1,true,completed
BF_BF26_h8s20n10.txt,BBLCT,20,8,96,20,900.0,1,1.0,4,4.2,6,817.04,2.0,1,true,completed
BF_BF26_h8s20n11.txt,BBLCT,20,8,96,20,900.0,2,2.1,4,4.2,6,701.54,170.1,1346,true,completed
BF_BF26_h8s20n12.txt,BBLCT,20,8,96,20,900.0,0,0.0,3,3.1,6,843.00,258.3,2045,true,completed
BF_BF26_h8s20n13.txt,BBLCT,20,8,96,20,900.0,0,0.0,4,4.2,6,739.04,185.0,1726,true,completed
BF_BF26_h8s20n14.txt,BBLCT,20,8,96,20,900.0,0,0.0,2,2.1,5,740.07,2.1,4,true,completed
BF_BF26_h8s20n15.txt,BBLCT,20,8,96,20,900.0,0,0.0,2,2.1,4,489.31,100444.6,537210,true,completed
BF_BF26_h8s20n16.txt,BBLCT,20,8,96,20,900.0,0,0.0,3,3.1,5,557.66,3321299.2,16918865,true,completed
BF_BF26_h8s20n17.txt,BBLCT,20,8,96,20,900.0,0,0.0,4,4.2,6,876.37,194.3,1458,true,completed
BF_BF26_h8s20n18.txt,BBLCT,20,8,96,20,900.0,1,1.0,4,4.2,7,890.15,129.7,1105,true,completed
BF_BF26_h8s20n19.txt,BBLCT,20,8,96,20,900.0,2,2.1,4,4.2,2,204.93,3595178.8,19190784,false,cpu_limit
BF_BF26_h8s20n2.txt,BBLCT,20,8,96,20,900.0,2,2.1,4,4.2,5,805.43,2.1,1,true,completed
BF_BF26_h8s20n20.txt,BBLCT,20,8,96,20,900.0,1,1.0,4,4.2,5,549.56,3595181.5,17299456,false,cpu_limit
BF_BF26_h8s20n3.txt,BBLCT,20,8,96,20,900.0,2,2.1,4,4.2,5,879.51,1.9,1,true,completed
BF_BF26_h8s20n4.txt,BBLCT,20,8,96,20,900.0,0,0.0,4,4.2,7,762.78,453.0,1913,true,completed
BF_BF26_h8s20n5.txt,BBLCT,20,8,96,20,900.0,1,1.0,3,3.1,7,847.91,93.9,925,true,completed
BF_BF26_h8s20n6.txt,BBLCT,20,8,96,20,900.0,1,1.0,3,3.1,4,533.80,3595268.4,16804864,false,cpu_limit
BF_BF26_h8s20n7.txt,BBLCT,20,8,96,20,900.0,1,1.0,5,5.2,7,867.40,154.3,631,true,completed
BF_BF26_h8s20n8.txt,BBLCT,20,8,96,20,900.0,0,0.0,6,6.2,8,897.01,11492.1,76159,true,completed
BF_BF26_h8s20n9.txt,BBLCT,20,8,96,20,900.0,1,1.0,3,3.1,5,874.04,2.0,1,true,completed
BF_BF27_h8s20n1.txt,BBLCT,20,8,96,39,900.0,1,1.0,6,6.2,8,879.10,308.2,1621,true,completed
BF_BF27_h8s20n10.txt,BBLCT,20,8,96,39,900.0,0,0.0,2,2.1,6,780.53,3.4,1,true,completed
BF_BF27_h8s20n11.txt,BBLCT,20,8,96,39,900.0,1,1.0,6,6.2,5,822.25,3.4,1,true,completed
BF_BF27_h8s20n12.txt,BBLCT,20,8,96,39,900.0,0,0.0,3,3.1,6,709.28,293.1,1719,true,completed
BF_BF27_h8s20n13.txt,BBLCT,20,8,96,39,900.0,0,0.0,2,2.1,7,856.27,28679.8,115240,true,completed
BF_BF27_h8s20n14.txt,BBLCT,20,8,96,39,900.0,2,2.1,5,5.2,8,890.72,65.3,244,true,completed
BF_BF27_h8s20n15.txt,BBLCT,20,8,96,39,900.0,1,1.0,2,2.1,3,434.72,525.0,4168,true,completed
BF_BF27_h8s20n16.txt,BBLCT,20,8,96,39,900.0,0,0.0,5,5.2,7,838.31,186.1,1057,true,completed
BF_BF27_h8s20n17.txt,BBLCT,20,8,96,39,900.0,1,1.0,7,7.3,6,873.18,3.7,1,true,completed
BF_BF27_h8s20n18.txt,BBLCT,20,8,96,39,900.0,0,0.0,3,3.1,5,899.35,3.6,1,true,completed
BF_BF27_h8s20n19.txt,BBLCT,20,8,96,39,900.0,2,2.1,3,3.1,7,888.28,19.9,108,true,completed
BF_BF27_h8s20n2.txt,BBLCT,20,8,96,39,900.0,1,1.0,4,4.2,6,798.23,3.7,1,true,completed
BF_BF27_h8s20n20.txt,BBLCT,20,8,96,39,900.0,1,1.0,6,6.2,6,806.44,3.7,1,true,completed
BF_BF27_h8s20n3.txt,BBLCT,20,8,96,39,900.0,0,0.0,1,1.0,5,856.59,3.4,1,true,completed
BF_BF27_h8s20n4.txt,BBLCT,20,8,96,39,900.0,1,1.0,4,4.2,5,529.43,3090460.4,14897479,true,completed
BF_BF27_h8s20n5.txt,BBLCT,20,8,96,39,900.0,2,2.1,4,4.2,5,797.36,4.4,8,true,completed
BF_BF27_h8s20n6.txt,BBLCT,20,8,96,39,900.0,2,2.1,8,8.3,6,697.69,128583.8,450993,true,completed
BF_BF27_h8s20n7.txt,BBLCT,20,8,96,39,900.0,0,0.0,5,5.2,7,884.40,274.8,1363,true,completed
BF_BF27_h8s20n8.txt,BBLCT,20,8,96,39,900.0,1,1.0,3,3.1,7,864.11,170.0,1010,true,completed
BF_BF27_h8s20n9.txt,BBLCT,20,8,96,39,900.0,0,0.0,6,6.2,6,856.15,221.9,1254,true,completed
BF_BF28_h8s20n1.txt,BBLCT,20,8,96,39,900.0,1,1.0,5,5.2,6,749.92,161.4,1251,true,completed
BF_BF28_h8s20n10.txt,BBLCT,20,8,96,39,900.0,1,1.0,4,4.2,5,788.34,3.6,1,true,completed
BF_BF28_h8s20n11.txt,BBLCT,20,8,96,39,900.0,1,1.0,4,4.2,5,820.76,3.5,1,true,completed
BF_BF28_h8s20n12.txt,BBLCT,20,8,96,39,900.0,0,0.0,2,2.1,5,788.26,4.8,15,true,completed
BF_BF28_h8s20n13.txt,BBLCT,20,8,96,39,900.0,1,1.0,3,3.1,6,717.78,10463.6,38049,true,completed
BF_BF28_h8s20n14.txt,BBLCT,20,8,96,39,900.0,1,1.0,2,2.1,5,782.35,3.3,1,true,completed
BF_BF28_h8s20n15.txt,BBLCT,20,8,96,39,900.0,0,0.0,4,4.2,6,718.34,353136.0,3653025,true,completed
BF_BF28_h8s20n16.txt,BBLCT,20,8,96,39,900.0,1,1.0,3,3.1,7,846.85,122.6,504,true,completed
BF_BF28_h8s20n17.txt,BBLCT,20,8,96,39,900.0,1,1.0,4,4.2,6,890.29,85.2,648,true,completed
BF_BF28_h8s20n18.txt,BBLCT,20,8,96,39,900.0,0,0.0,1,1.0,4,786.49,3.5,1,true,completed
BF_BF28_h8s20n19.txt,BBLCT,20,8,96,39,900.0,0,0.0,3,3.1,7,682.32,49648.1,230126,true,completed
BF_BF28_h8s20n2.txt,BBLCT,20,8,96,39,900.0,0,0.0,3,3.1,7,798.42,50358.1,236306,true,completed
BF_BF28_h8s20n20.txt,BBLCT,20,8,96,39,900.0,0,0.0,2,2.1,4,829.36,3.4,1,true,completed
BF_BF28_h8s20n3.txt,BBLCT,20,8,96,39,900.0,0,0.0,8,8.3,8,898.12,1562.6,13594,true,completed
BF_BF28_h8s20n4.txt,BBLCT,20,8,96,39,900.0,0,0.0,1,1.0,1,107.25,137.1,1624,true,completed
BF_BF28_h8s20n5.txt,BBLCT,20,8,96,39,900.0,0,0.0,1,1.0,5,824.08,8.5,40,true,completed
BF_BF28_h8s20n6.txt,BBLCT,20,8,96,39,900.0,0,0.0,2,2.1,5,773.46,3.7,1,true,completed
BF_BF28_h8s20n7.txt,BBLCT,20,8,96,39,900.0,0,0.0,3,3.1,8,866.22,145.1,1185,true,completed
BF_BF28_h8s20n8.txt,BBLCT,20,8,96,39,900.0,0,0.0,2,2.1,6,640.73,7709.0,37059,true,completed
BF_BF28_h8s20n9.txt,BBLCT,20,8,96,39,900.0,0,0.0,5,5.2,6,884.97,3.3,1,true,completed
BF_BF29_h8s20n1.txt,BBLCT,20,8,128,26,900.0,1,0.8,6,4.7,8,864.03,395.7,7625,true,completed
BF_BF29_h8s20n10.txt,BBLCT,20,8,128,26,900.0,0,0.0,4,3.1,8,858.68,177.9,1301,true,completed
BF_BF29_h8s20n11.txt,BBLCT,20,8,128,26,900.0,1,0.8,3,2.3,7,862.77,3.5,1,true,completed
BF_BF29_h8s20n12.txt,BBLCT,20,8,128,26,900.0,0,0.0,3,2.3,7,852.73,1195061.4,5098036,true,completed
BF_BF29_h8s20n13.txt,BBLCT,20,8,128,26,900.0,1,0.8,4,3.1,7,785.20,3.3,1,true,completed
BF_BF29_h8s20n14.txt,BBLCT,20,8,128,26,900.0,1,0.8,3,2.3,3,423.73,849735.6,4041554,true,completed
BF_BF29_h8s20n15.txt,BBLCT,20,8,128,26,900.0,2,1.6,5,3.9,7,721.92,3595133.6,30679040,false,cpu_limit
BF_BF29_h8s20n16.txt,BBLCT,20,8,128,26,900.0,0,0.0,6,4.7,8,896.79,51.4,197,true,completed
BF_BF29_h8s20n17.txt,BBLCT,20,8,128,26,900.0,0,0.0,3,2.3,8,852.92,180.8,1383,true,completed
BF_BF29_h8s20n18.txt,BBLCT,20,8,128,26,900.0,2,1.6,5,3.9,8,856.27,195.5,1275,true,completed
BF_BF29_h8s20n19.txt,BBLCT,20,8,128,26,900.0,2,1.6,4,3.1,6,814.34,3.4,1,true,completed
BF_BF29_h8s20n2.txt,BBLCT,20,8,128,26,900.0,0,0.0,2,1.6,5,562.85,3595194.4,16296960,false,cpu_limit
BF_BF29_h8s20n20.txt,BBLCT,20,8,128,26,900.0,0,0.0,3,2.3,6,825.91,3.3,1,true,completed
BF_BF29_h8s20n3.txt,BBLCT,20,8,128,26,900.0,0,0.0,2,1.6,4,443.76,145114.2,592381,true,completed
BF_BF29_h8s20n4.txt,BBLCT,20,8,128,26,900.0,2,1.6,4,3.1,2,208.53,460.1,3776,true,completed
BF_BF29_h8s20n5.txt,BBLCT,20,8,128,26,900.0,2,1.6,4,3.1,7,802.83,11.9,68,true,completed
BF_BF29_h8s20n6.txt,BBLCT,20,8,128,26,900.0,0,0.0,4,3.1,7,890.24,427.1,1770,true,completed
BF_BF29_h8s20n7.txt,BBLCT,20,8,128,26,900.0,0,0.0,3,2.3,8,895.45,251.2,1152,true,completed
BF_BF29_h8s20n8.txt,BBLCT,20,8,128,26,900.0,1,0.8,3,2.3,7,780.40,5.0,14,true,completed
BF_BF29_h8s20n9.txt,BBLCT,20,8,128,26,900.0,2,1.6,4,3.1,6,772.99,3.4,1,true,completed
BF_BF2_h5s16n1.txt,BBLCT,16,5,48,10,900.0,1,2.1,5,10.4,6,599.33,69345.1,918500,true,completed
BF_BF2_h5s16n10.txt,BBLCT,16,5,48,10,900.0,2,4.2,9,18.8,9,892.41,733.8,10606,true,completed
BF_BF2_h5s16n11.txt,BBLCT,16,5,48,10,900.0,2,4.2,8,16.7,6,809.53,77.8,1008,true,completed
BF_BF2_h5s16n12.txt,BBLCT,16,5,48,10,900.0,1,2.1,4,8.3,7,862.91,2.6,55,true,completed
BF_BF2_h5s16n13.txt,BBLCT,16,5,48,10,900.0,1,2.1,7,14.6,7,751.12,1997.3,24583,true,completed
BF_BF2_h5s16n14.txt,BBLCT,16,5,48,10,900.0,1,2.1,4,8.3,7,855.82,1.7,33,true,completed
BF_BF2_h5s16n15.txt,BBLCT,16,5,48,10,900.0,1,2.1,4,8.3,7,871.06,19.2,467,true,completed
BF_BF2_h5s16n16.txt,BBLCT,16,5,48,10,900.0,0,0.0,6,12.5,7,721.96,22412.8,332204,true,completed
BF_BF2_h5s16n17.txt,BBLCT,16,5,48,10,900.0,2,4.2,7,14.6,7,852.10,142.3,2061,true,completed
BF_BF2_h5s16n18.txt,BBLCT,16,5,48,10,900.0,1,2.1,4,8.3,7,882.33,0.8,1,true,completed
BF_BF2_h5s16n19.txt,BBLCT,16,5,48,10,900.0,0,0.0,6,12.5,7,893.31,407.8,6271,true,completed
BF_BF2_h5s16n2.txt,BBLCT,16,5,48,10,900.0,1,2.1,4,8.3,7,826.53,0.8,1,true,completed
BF_BF2_h5s16n20.txt,BBLCT,16,5,48,10,900.0,1,2.1,6,12.5,8,849.72,23.2,597,true,completed
BF_BF2_h5s16n3.txt,BBLCT,16,5,48,10,900.0,1,2.1,4,8.3,8,887.14,23.1,621,true,completed
BF_BF2_h5s16n4.txt,BBLCT,16,5,48,10,900.0,2,4.2,9,18.8,8,819.15,38.2,502,true,completed
BF_BF2_h5s16n5.txt,BBLCT,16,5,48,10,900.0,1,2.1,8,16.7,6,614.20,26157.5,370335,true,completed
BF_BF2_h5s16n6.txt,BBLCT,16,5,48,10,900.0,1,2.1,3,6.2,5,550.63,617939.7,8224255,true,completed
BF_BF2_h5s16n7.txt,BBLCT,16,5,48,10,900.0,4,8.3,9,18.8,8,870.53,660.9,10048,true,completed
BF_BF2_h5s16n8.txt,BBLCT,16,5,48,10,900.0,0,0.0,4,8.3,7,873.09,1.2,18,true,completed
BF_BF2_h5s16n9.txt,BBLCT,16,5,48,10,900.0,1,2.1,6,12.5,8,817.88,41297.0,536562,true,completed
BF_BF30_h8s20n1.txt,BBLCT,20,8,128,26,900.0,1,0.8,4,3.1,7,901.10,3.8,1,true,completed
BF_BF30_h8s20n10.txt,BBLCT,20,8,128,26,900.0,0,0.0,3,2.3,6,800.02,11259.1,46891,true,completed
BF_BF30_h8s20n11.txt,BBLCT,20,8,128,26,900.0,2,1.6,4,3.1,7,774.91,122.5,1202,true,completed
BF_BF30_h8s20n12.txt,BBLCT,20,8,128,26,900.0,0,0.0,2,1.6,7,794.12,186.2,1094,true,completed
BF_BF30_h8s20n13.txt,BBLCT,20,8,128,26,900.0,1,0.8,4,3.1,6,828.05,3.2,1,true,completed
BF_BF30_h8s20n14.txt,BBLCT,20,8,128,26,900.0,1,0.8,3,2.3,5,824.65,3.3,1,true,completed
BF_BF30_h8s20n15.txt,BBLCT,20,8,128,26,900.0,1,0.8,3,2.3,8,886.28,403.5,1541,true,completed
BF_BF30_h8s20n16.txt,BBLCT,20,8,128,26,900.0,1,0.8,6,4.7,7,710.23,314730.9,1181666,true,completed
BF_BF30_h8s20n17.txt,BBLCT,20,8,128,26,900.0,1,0.8,3,2.3,6,832.70,3.0,1,true,completed
BF_BF30_h8s20n18.txt,BBLCT,20,8,128,26,900.0,1,0.8,2,1.6,6,864.67,3.2,1,true,completed
BF_BF30_h8s20n19.txt,BBLCT,20,8,128,26,900.0,0,0.0,3,2.3,6,866.77,3.3,1,true,completed
BF_BF30_h8s20n2.txt,BBLCT,20,8,128,26,900.0,1,0.8,3,2.3,6,809.35,3.4,1,true,completed
BF_BF30_h8s20n20.txt,BBLCT,20,8,128,26,900.0,2,1.6,4,3.1,6,884.72,2275.8,10760,true,completed
BF_BF30_h8s20n3.txt,BBLCT,20,8,128,26,900.0,1,0.8,5,3.9,7,890.11,17544.7,81872,true,completed
BF_BF30_h8s20n4.txt,BBLCT,20,8,128,26,900.0,1,0.8,3,2.3,2,214.03,25.8,185,true,completed
BF_BF30_h8s20n5.txt,BBLCT,20,8,128,26,900.0,1,0.8,3,2.3,5,881.82,581.1,3175,true,completed
BF_BF30_h8s20n6.txt,BBLCT,20,8,128,26,900.0,0,0.0,3,2.3,8,828.28,128.4,1141,true,completed
BF_BF30_h8s20n7.txt,BBLCT,20,8,128,26,900.0,2,1.6,3,2.3,5,790.96,3.2,1,true,completed
BF_BF30_h8s20n8.txt,BBLCT,20,8,128,26,900.0,1,0.8,3,2.3,6,807.55,3470.2,16495,true,completed
BF_BF30_h8s20n9.txt,BBLCT,20,8,128,26,900.0,3,2.3,5,3.9,6,878.32,3.2,1,true,completed
BF_BF31_h8s20n1.txt,BBLCT,20,8,128,52,900.0,0,0.0,1,0.8,5,801.30,6.4,1,true,completed
BF_BF31_h8s20n10.txt,BBLCT,20,8,128,52,900.0,0,0.0,4,3.1,7,773.63,275.5,1598,true,completed
BF_BF31_h8s20n11.txt,BBLCT,20,8,128,52,900.0,0,0.0,2,1.6,6,785.23,6.8,1,true,completed
BF_BF31_h8s20n12.txt,BBLCT,20,8,128,52,900.0,1,0.8,3,2.3,4,457.49,233.0,1477,true,completed
BF_BF31_h8s20n13.txt,BBLCT,20,8,128,52,900.0,1,0.8,5,3.9,7,858.94,15.8,69,true,completed
BF_BF31_h8s20n14.txt,BBLCT,20,8,128,52,900.0,0,0.0,3,2.3,8,899.66,81.4,595,true,completed
BF_BF31_h8s20n15.txt,BBLCT,20,8,128,52,900.0,0,0.0,5,3.9,6,790.73,7.2,1,true,completed
BF_BF31_h8s20n16.txt,BBLCT,20,8,128,52,900.0,2,1.6,4,3.1,7,789.83,6.0,1,true,completed
BF_BF31_h8s20n17.txt,BBLCT,20,8,128,52,900.0,0,0.0,3,2.3,7,883.64,6.5,1,true,completed
BF_BF31_h8s20n18.txt,BBLCT,20,8,128,52,900.0,0,0.0,4,3.1,8,875.36,5533.1,21778,true,completed
BF_BF31_h8s20n19.txt,BBLCT,20,8,128,52,900.0,0,0.0,2,1.6,7,795.81,209.4,1481,true,completed
BF_BF31_h8s20n2.txt,BBLCT,20,8,128,52,900.0,3,2.3,5,3.9,6,839.75,6.3,1,true,completed
BF_BF31_h8s20n20.txt,BBLCT,20,8,128,52,900.0,0,0.0,2,1.6,7,816.39,284.0,1263,true,completed
BF_BF31_h8s20n3.txt,BBLCT,20,8,128,52,900.0,3,2.3,5,3.9,7,833.94,6.8,2,true,completed
BF_BF31_h8s20n4.txt,BBLCT,20,8,128,52,900.0,2,1.6,3,2.3,2,264.75,11.2,32,true,completed
BF_BF31_h8s20n5.txt,BBLCT,20,8,128,52,900.0,0,0.0,3,2.3,7,877.54,6.8,1,true,completed
BF_BF31_h8s20n6.txt,BBLCT,20,8,128,52,900.0,1,0.8,1,0.8,0,0.00,32.9,153,true,completed
BF_BF31_h8s20n7.txt,BBLCT,20,8,128,52,900.0,0,0.0,3,2.3,7,847.29,6.8,1,true,completed
BF_BF31_h8s20n8.txt,BBLCT,20,8,128,52,900.0,0,0.0,1,0.8,7,777.15,6.4,1,true,completed
BF_BF31_h8s20n9.txt,BBLCT,20,8,128,52,900.0,1,0.8,5,3.9,7,879.94,6.3,1,true,completed
BF_BF32_h8s20n1.txt,BBLCT,20,8,128,52,900.0,0,0.0,3,2.3,6,606.84,272421.7,1975405,true,completed
BF_BF32_h8s20n10.txt,BBLCT,20,8,128,52,900.0,0,0.0,2,1.6,7,873.68,90.9,871,true,completed
BF_BF32_h8s20n11.txt,BBLCT,20,8,128,52,900.0,0,0.0,2,1.6,6,780.33,6.1,1,true,completed
BF_BF32_h8s20n12.txt,BBLCT,20,8,128,52,900.0,1,0.8,4,3.1,7,751.01,556.0,4639,true,completed
BF_BF32_h8s20n13.txt,BBLCT,20,8,128,52,900.0,1,0.8,4,3.1,7,890.11,6.9,1,true,completed
BF_BF32_h8s20n14.txt,BBLCT,20,8,128,52,900.0,0,0.0,2,1.6,7,882.11,41.2,136,true,completed
BF_BF32_h8s20n15.txt,BBLCT,20,8,128,52,900.0,0,0.0,2,1.6,6,776.34,12169.2,73070,true,completed
BF_BF32_h8s20n16.txt,BBLCT,20,8,128,52,900.0,1,0.8,4,3.1,6,813.57,6.8,1,true,completed
BF_BF32_h8s20n17.txt,BBLCT,20,8,128,52,900.0,0,0.0,3,2.3,7,883.60,7.2,1,true,completed
BF_BF32_h8s20n18.txt,BBLCT,20,8,128,52,900.0,0,0.0,4,3.1,8,893.29,116.2,862,true,completed
BF_BF32_h8s20n19.txt,BBLCT,20,8,128,52,900.0,1,0.8,3,2.3,6,778.20,6.6,1,true,completed
BF_BF32_h8s20n2.txt,BBLCT,20,8,128,52,900.0,0,0.0,4,3.1,8,801.22,3595050.1,14997504,false,cpu_limit
BF_BF32_h8s20n20.txt,BBLCT,20,8,128,52,900.0,0,0.0,1,0.8,5,791.76,6.6,1,true,completed
BF_BF32_h8s20n3.txt,BBLCT,20,8,128,52,900.0,1,0.8,2,1.6,6,828.09,5.9,1,true,completed
BF_BF32_h8s20n4.txt,BBLCT,20,8,128,52,900.0,1,0.8,3,2.3,7,844.65,7.7,1,true,completed
BF_BF32_h8s20n5.txt,BBLCT,20,8,128,52,900.0,0,0.0,2,1.6,6,862.31,6.1,1,true,completed
BF_BF32_h8s20n6.txt,BBLCT,20,8,128,52,900.0,0,0.0,4,3.1,6,860.15,7.6,1,true,completed
BF_BF32_h8s20n7.txt,BBLCT,20,8,128,52,900.0,0,0.0,2,1.6,6,772.47,6.4,1,true,completed
BF_BF32_h8s20n8.txt,BBLCT,20,8,128,52,900.0,0,0.0,1,0.8,1,95.30,6.8,5,true,completed
BF_BF32_h8s20n9.txt,BBLCT,20,8,128,52,900.0,0,0.0,1,0.8,5,790.45,6.7,1,true,completed
BF_BF3_h5s16n1.txt,BBLCT,16,5,48,20,900.0,1,2.1,10,20.8,8,895.49,431.7,4856,true,completed
BF_BF3_h5s16n10.txt,BBLCT,16,5,48,20,900.0,1,2.1,8,16.7,8,898.71,381.9,3994,true,completed
BF_BF3_h5s16n11.txt,BBLCT,16,5,48,20,900.0,0,0.0,8,16.7,8,888.22,12469.8,123513,true,completed
BF_BF3_h5s16n12.txt,BBLCT,16,5,48,20,900.0,1,2.1,5,10.4,8,800.18,41.1,743,true,completed
BF_BF3_h5s16n13.txt,BBLCT,16,5,48,20,900.0,1,2.1,7,14.6,7,898.69,1.2,1,true,completed
BF_BF3_h5s16n14.txt,BBLCT,16,5,48,20,900.0,2,4.2,8,16.7,9,895.85,2473870.2,23355963,true,completed
BF_BF3_h5s16n15.txt,BBLCT,16,5,48,20,900.0,0,0.0,8,16.7,8,826.23,33.4,601,true,completed
BF_BF3_h5s16n16.txt,BBLCT,16,5,48,20,900.0,1,2.1,10,20.8,9,899.69,7244.0,96085,true,completed
BF_BF3_h5s16n17.txt,BBLCT,16,5,48,20,900.0,1,2.1,5,10.4,6,799.70,17.2,225,true,completed
BF_BF3_h5s16n18.txt,BBLCT,16,5,48,20,900.0,2,4.2,6,12.5,8,895.20,107.9,1343,true,completed
BF_BF3_h5s16n19.txt,BBLCT,16,5,48,20,900.0,1,2.1,7,14.6,7,783.94,99.8,886,true,completed
BF_BF3_h5s16n2.txt,BBLCT,16,5,48,20,900.0,0,0.0,8,16.7,9,898.64,818.6,7848,true,completed
BF_BF3_h5s16n20.txt,BBLCT,16,5,48,20,900.0,1,2.1,4,8.3,7,859.97,1.2,1,true,completed
BF_BF3_h5s16n3.txt,BBLCT,16,5,48,20,900.0,2,4.2,8,16.7,8,879.52,1.3,1,true,completed
BF_BF3_h5s16n4.txt,BBLCT,16,5,48,20,900.0,1,2.1,8,16.7,8,892.38,32.9,501,true,completed
BF_BF3_h5s16n5.txt,BBLCT,16,5,48,20,900.0,1,2.1,7,14.6,7,709.73,8402.6,137555,true,completed
BF_BF3_h5s16n6.txt,BBLCT,16,5,48,20,900.0,1,2.1,8,16.7,8,885.64,105.6,1251,true,completed
BF_BF3_h5s16n7.txt,BBLCT,16,5,48,20,900.0,1,2.1,8,16.7,9,899.90,100.2,1026,true,completed
BF_BF3_h5s16n8.txt,BBLCT,16,5,48,20,900.0,0,0.0,8,16.7,8,741.20,65.0,1209,true,completed
BF_BF3_h5s16n9.txt,BBLCT,16,5,48,20,900.0,1,2.1,4,8.3,6,673.71,43497.2,422132,true,completed
BF_BF4_h5s16n1.txt,BBLCT,16,5,48,20,900.0,0,0.0,4,8.3,7,805.91,1.4,1,true,completed
BF_BF4_h5s16n10.txt,BBLCT,16,5,48,20,900.0,0,0.0,7,14.6,7,860.97,84.6,1930,true,completed
BF_BF4_h5s16n11.txt,BBLCT,16,5,48,20,900.0,0,0.0,5,10.4,7,877.43,1.3,1,true,completed
BF_BF4_h5s16n12.txt,BBLCT,16,5,48,20,900.0,0,0.0,6,12.5,8,821.32,24.2,533,true,completed
BF_BF4_h5s16n13.txt,BBLCT,16,5,48,20,900.0,1,2.1,11,22.9,8,862.65,34.5,532,true,completed
BF_BF4_h5s16n14.txt,BBLCT,16,5,48,20,900.0,1,2.1,13,27.1,8,826.61,1828.4,22056,true,completed
BF_BF4_h5s16n15.txt,BBLCT,16,5,48,20,900.0,0,0.0,4,8.3,9,895.74,36.0,729,true,completed
BF_BF4_h5s16n16.txt,BBLCT,16,5,48,20,900.0,1,2.1,5,10.4,7,854.41,1055.6,22514,true,completed
BF_BF4_h5s16n17.txt,BBLCT,16,5,48,20,900.0,1,2.1,6,12.5,8,797.17,104875.1,1241065,true,completed
BF_BF4_h5s16n18.txt,BBLCT,16,5,48,20,900.0,1,2.1,6,12.5,8,874.92,11.6,290,true,completed
BF_BF4_h5s16n19.txt,BBLCT,16,5,48,20,900.0,1,2.1,9,18.8,7,875.78,1.4,1,true,completed
BF_BF4_h5s16n2.txt,BBLCT,16,5,48,20,900.0,1,2.1,7,14.6,8,880.81,41.6,589,true,completed
BF_BF4_h5s16n20.txt,BBLCT,16,5,48,20,900.0,1,2.1,6,12.5,5,513.21,88.8,1636,true,completed
BF_BF4_h5s16n3.txt,BBLCT,16,5,48,20,900.0,0,0.0,12,25.0,8,794.16,36.7,640,true,completed
BF_BF4_h5s16n4.txt,BBLCT,16,5,48,20,900.0,0,0.0,4,8.3,5,581.71,44762.9,604975,true,completed
BF_BF4_h5s16n5.txt,BBLCT,16,5,48,20,900.0,0,0.0,3,6.2,7,865.97,16.4,400,true,completed
BF_BF4_h5s16n6.txt,BBLCT,16,5,48,20,900.0,2,4.2,7,14.6,5,512.42,74.3,1713,true,completed
BF_BF4_h5s16n7.txt,BBLCT,16,5,48,20,900.0,0,0.0,4,8.3,6,789.05,512.4,12560,true,completed
BF_BF4_h5s16n8.txt,BBLCT,16,5,48,20,900.0,0,0.0,2,4.2,6,840.76,41.2,749,true,completed
BF_BF4_h5s16n9.txt,BBLCT,16,5,48,20,900.0,0,0.0,2,4.2,6,780.25,9.2,226,true,completed
BF_BF5_h5s16n1.txt,BBLCT,16,5,64,13,900.0,1,1.6,3,4.7,5,525.82,131.7,2988,true,completed
BF_BF5_h5s16n10.txt,BBLCT,16,5,64,13,900.0,1,1.6,9,14.1,7,621.36,9044.2,204952,true,completed
BF_BF5_h5s16n11.txt,BBLCT,16,5,64,13,900.0,1,1.6,7,10.9,8,850.13,48.9,500,true,completed
BF_BF5_h5s16n12.txt,BBLCT,16,5,64,13,900.0,1,1.6,8,12.5,8,739.69,31086.2,337016,true,completed
BF_BF5_h5s16n13.txt,BBLCT,16,5,64,13,900.0,0,0.0,6,9.4,9,842.09,82.3,989,true,completed
BF_BF5_h5s16n14.txt,BBLCT,16,5,64,13,900.0,2,3.1,6,9.4,8,815.72,244727.0,2660869,true,completed
BF_BF5_h5s16n15.txt,BBLCT,16,5,64,13,900.0,3,4.7,8,12.5,8,898.83,1507.2,19619,true,completed
BF_BF5_h5s16n16.txt,BBLCT,16,5,64,13,900.0,1,1.6,4,6.2,7,863.59,1.0,1,true,completed
BF_BF5_h5s16n17.txt,BBLCT,16,5,64,13,900.0,1,1.6,9,14.1,9,892.96,2166.6,48107,true,completed
BF_BF5_h5s16n18.txt,BBLCT,16,5,64,13,900.0,1,1.6,4,6.2,7,828.38,3.6,51,true,completed
BF_BF5_h5s16n19.txt,BBLCT,16,5,64,13,900.0,2,3.1,5,7.8,6,543.87,3515.3,105348,true,completed
BF_BF5_h5s16n2.txt,BBLCT,16,5,64,13,900.0,1,1.6,9,14.1,9,898.00,3401.8,46175,true,completed
BF_BF5_h5s16n20.txt,BBLCT,16,5,64,13,900.0,2,3.1,7,10.9,8,899.50,1202.9,16660,true,completed
BF_BF5_h5s16n3.txt,BBLCT,16,5,64,13,900.0,2,3.1,9,14.1,8,857.89,38.4,583,true,completed
BF_BF5_h5s16n4.txt,BBLCT,16,5,64,13,900.0,4,6.2,12,18.8,9,899.83,3150.2,35681,true,completed
BF_BF5_h5s16n5.txt,BBLCT,16,5,64,13,900.0,1,1.6,4,6.2,4,443.82,16991.3,404437,true,completed
BF_BF5_h5s16n6.txt,BBLCT,16,5,64,13,900.0,0,0.0,7,10.9,9,874.66,22.9,411,true,completed
BF_BF5_h5s16n7.txt,BBLCT,16,5,64,13,900.0,0,0.0,3,4.7,5,480.90,18023.3,457399,true,completed
BF_BF5_h5s16n8.txt,BBLCT,16,5,64,13,900.0,0,0.0,3,4.7,6,585.17,1596314.4,16983092,true,completed
BF_BF5_h5s16n9.txt,BBLCT,16,5,64,13,900.0,1,1.6,7,10.9,8,837.94,9093.2,86959,true,completed
BF_BF6_h5s16n1.txt,BBLCT,16,5,64,13,900.0,2,3.1,7,10.9,7,816.50,1.0,1,true,completed
BF_BF6_h5s16n10.txt,BBLCT,16,5,64,13,900.0,1,1.6,3,4.7,7,873.75,1.0,1,true,completed
BF_BF6_h5s16n11.txt,BBLCT,16,5,64,13,900.0,0,0.0,3,4.7,7,872.82,1.0,1,true,completed
BF_BF6_h5s16n12.txt,BBLCT,16,5,64,13,900.0,0,0.0,6,9.4,8,896.77,3125.7,49699,true,completed
BF_BF6_h5s16n13.txt,BBLCT,16,5,64,13,900.0,2,3.1,4,6.2,5,522.69,40629.7,708185,true,completed
BF_BF6_h5s16n14.txt,BBLCT,16,5,64,13,900.0,1,1.6,12,18.8,9,897.51,565.0,7770,true,completed
BF_BF6_h5s16n15.txt,BBLCT,16,5,64,13,900.0,0,0.0,7,10.9,7,850.91,2.4,50,true,completed
BF_BF6_h5s16n16.txt,BBLCT,16,5,64,13,900.0,2,3.1,10,15.6,8,842.87,18.4,474,true,completed
BF_BF6_h5s16n17.txt,BBLCT,16,5,64,13,900.0,0,0.0,3,4.7,6,794.42,1.0,1,true,completed
BF_BF6_h5s16n18.txt,BBLCT,16,5,64,13,900.0,0,0.0,3,4.7,7,809.58,1.0,1,true,completed
BF_BF6_h5s16n19.txt,BBLCT,16,5,64,13,900.0,2,3.1,6,9.4,7,752.00,2199.7,33730,true,completed
BF_BF6_h5s16n2.txt,BBLCT,16,5,64,13,900.0,1,1.6,4,6.2,7,835.04,1.0,1,true,completed
BF_BF6_h5s16n20.txt,BBLCT,16,5,64,13,900.0,0,0.0,4,6.2,7,814.19,2.8,69,true,completed
BF_BF6_h5s16n3.txt,BBLCT,16,5,64,13,900.0,2,3.1,8,12.5,8,864.29,13.4,356,true,completed
BF_BF6_h5s16n4.txt,BBLCT,16,5,64,13,900.0,0,0.0,3,4.7,6,597.09,5765.0,92797,true,completed
BF_BF6_h5s16n5.txt,BBLCT,16,5,64,13,900.0,2,3.1,5,7.8,7,838.02,16.5,284,true,completed
BF_BF6_h5s16n6.txt,BBLCT,16,5,64,13,900.0,0,0.0,3,4.7,6,598.63,13832.1,219944,true,completed
BF_BF6_h5s16n7.txt,BBLCT,16,5,64,13,900.0,0,0.0,7,10.9,8,886.46,9614.7,133200,true,completed
BF_BF6_h5s16n8.txt,BBLCT,16,5,64,13,900.0,1,1.6,10,15.6,8,889.27,293.3,5531,true,completed
BF_BF6_h5s16n9.txt,BBLCT,16,5,64,13,900.0,5,7.8,7,10.9,6,807.11,1.0,1,true,completed
BF_BF7_h5s16n1.txt,BBLCT,16,5,64,26,900.0,1,1.6,5,7.8,8,889.33,61.8,1270,true,completed
BF_BF7_h5s16n10.txt,BBLCT,16,5,64,26,900.0,2,3.1,8,12.5,7,810.30,2.0,1,true,completed
BF_BF7_h5s16n11.txt,BBLCT,16,5,64,26,900.0,1,1.6,7,10.9,9,879.77,34.4,393,true,completed
BF_BF7_h5s16n12.txt,BBLCT,16,5,64,26,900.0,1,1.6,9,14.1,7,864.09,1.8,1,true,completed
BF_BF7_h5s16n13.txt,BBLCT,16,5,64,26,900.0,0,0.0,3,4.7,8,823.51,2.1,3,true,completed
BF_BF7_h5s16n14.txt,BBLCT,16,5,64,26,900.0,1,1.6,3,4.7,5,479.42,5598.5,128245,true,completed
BF_BF7_h5s16n15.txt,BBLCT,16,5,64,26,900.0,2,3.1,6,9.4,7,801.03,1.7,1,true,completed
BF_BF7_h5s16n16.txt,BBLCT,16,5,64,26,900.0,1,1.6,5,7.8,7,726.00,52844.5,593038,true,completed
BF_BF7_h5s16n17.txt,BBLCT,16,5,64,26,900.0,0,0.0,4,6.2,9,877.74,51.8,479,true,completed
BF_BF7_h5s16n18.txt,BBLCT,16,5,64,26,900.0,3,4.7,6,9.4,8,884.56,20.5,326,true,completed
BF_BF7_h5s16n19.txt,BBLCT,16,5,64,26,900.0,0,0.0,6,9.4,8,839.62,1095.9,17326,true,completed
BF_BF7_h5s16n2.txt,BBLCT,16,5,64,26,900.0,1,1.6,8,12.5,8,896.59,19.8,337,true,completed
BF_BF7_h5s16n20.txt,BBLCT,16,5,64,26,900.0,1,1.6,8,12.5,7,807.60,10655.0,108060,true,completed
BF_BF7_h5s16n3.txt,BBLCT,16,5,64,26,900.0,1,1.6,5,7.8,7,801.69,2.0,1,true,completed
BF_BF7_h5s16n4.txt,BBLCT,16,5,64,26,900.0,2,3.1,12,18.8,9,898.99,7975.5,111260,true,completed
BF_BF7_h5s16n5.txt,BBLCT,16,5,64,26,900.0,0,0.0,4,6.2,7,706.22,13014.4,285653,true,completed
BF_BF7_h5s16n6.txt,BBLCT,16,5,64,26,900.0,1,1.6,7,10.9,9,885.70,167.9,1697,true,completed
BF_BF7_h5s16n7.txt,BBLCT,16,5,64,26,900.0,1,1.6,6,9.4,7,698.73,85565.7,1738768,true,completed
BF_BF7_h5s16n8.txt,BBLCT,16,5,64,26,900.0,0,0.0,10,15.6,8,871.68,7561.8,82943,true,completed
BF_BF7_h5s16n9.txt,BBLCT,16,5,64,26,900.0,0,0.0,7,10.9,7,801.49,6.8,93,true,completed
BF_BF8_h5s16n1.txt,BBLCT,16,5,64,26,900.0,1,1.6,7,10.9,8,896.95,185.7,2828,true,completed
BF_BF8_h5s16n10.txt,BBLCT,16,5,64,26,900.0,0,0.0,3,4.7,8,831.78,12.9,331,true,completed
BF_BF8_h5s16n11.txt,BBLCT,16,5,64,26,900.0,0,0.0,6,9.4,8,895.63,53.9,1609,true,completed
BF_BF8_h5s16n12.txt,BBLCT,16,5,64,26,900.0,0,0.0,6,9.4,8,894.31,32.9,585,true,completed
BF_BF8_h5s16n13.txt,BBLCT,16,5,64,26,900.0,0,0.0,4,6.2,8,897.10,20.5,487,true,completed
BF_BF8_h5s16n14.txt,BBLCT,16,5,64,26,900.0,0,0.0,3,4.7,6,785.27,3.6,59,true,completed
BF_BF8_h5s16n15.txt,BBLCT,16,5,64,26,900.0,1,1.6,3,4.7,5,516.73,33.0,803,true,completed
BF_BF8_h5s16n16.txt,BBLCT,16,5,64,26,900.0,1,1.6,5,7.8,7,732.68,56.9,702,true,completed
BF_BF8_h5s16n17.txt,BBLCT,16,5,64,26,900.0,0,0.0,3,4.7,7,873.45,3.2,58,true,completed
BF_BF8_h5s16n18.txt,BBLCT,16,5,64,26,900.0,1,1.6,5,7.8,5,515.93,43.3,1130,true,completed
BF_BF8_h5s16n19.txt,BBLCT,16,5,64,26,900.0,1,1.6,4,6.2,7,724.24,12963.5,160816,true,completed
BF_BF8_h5s16n2.txt,BBLCT,16,5,64,26,900.0,0,0.0,6,9.4,8,818.50,22.2,441,true,completed
BF_BF8_h5s16n20.txt,BBLCT,16,5,64,26,900.0,1,1.6,4,6.2,7,838.05,568.1,8437,true,completed
BF_BF8_h5s16n3.txt,BBLCT,16,5,64,26,900.0,1,1.6,5,7.8,8,866.18,170.1,2854,true,completed
BF_BF8_h5s16n4.txt,BBLCT,16,5,64,26,900.0,1,1.6,7,10.9,7,799.90,3.3,52,true,completed
BF_BF8_h5s16n5.txt,BBLCT,16,5,64,26,900.0,1,1.6,7,10.9,8,822.54,4961.8,75922,true,completed
BF_BF8_h5s16n6.txt,BBLCT,16,5,64,26,900.0,0,0.0,5,7.8,8,865.65,2.2,3,true,completed
BF_BF8_h5s16n7.txt,BBLCT,16,5,64,26,900.0,2,3.1,5,7.8,7,807.05,1.8,1,true,completed
BF_BF8_h5s16n8.txt,BBLCT,16,5,64,26,900.0,1,1.6,8,12.5,8,842.43,4333.6,103371,true,completed
BF_BF8_h5s16n9.txt,BBLCT,16,5,64,26,900.0,1,1.6,4,6.2,6,653.97,276.2,4116,true,completed
BF_BF9_h8s16n1.txt,BBLCT,16,8,77,16,900.0,0,0.0,2,2.6,5,855.34,1.3,1,true,completed
BF_BF9_h8s16n10.txt,BBLCT,16,8,77,16,900.0,1,1.3,3,3.9,4,526.22,1135525.6,7279436,true,completed
BF_BF9_h8s16n11.txt,BBLCT,16,8,77,16,900.0,2,2.6,7,9.1,7,893.87,49.2,313,true,completed
BF_BF9_h8s16n12.txt,BBLCT,16,8,77,16,900.0,1,1.3,3,3.9,5,775.26,64.8,833,true,completed
BF_BF9_h8s16n13.txt,BBLCT,16,8,77,16,900.0,1,1.3,3,3.9,3,386.27,3595078.0,26267648,false,cpu_limit
BF_BF9_h8s16n14.txt,BBLCT,16,8,77,16,900.0,2,2.6,4,5.2,8,898.97,6153.4,46094,true,completed
BF_BF9_h8s16n15.txt,BBLCT,16,8,77,16,900.0,3,3.9,6,7.8,6,813.66,1.3,1,true,completed
BF_BF9_h8s16n16.txt,BBLCT,16,8,77,16,900.0,1,1.3,4,5.2,6,865.79,1.2,1,true,completed
BF_BF9_h8s16n17.txt,BBLCT,16,8,77,16,900.0,2,2.6,3,3.9,5,850.29,1.2,1,true,completed
BF_BF9_h8s16n18.txt,BBLCT,16,8,77,16,900.0,3,3.9,5,6.5,7,899.51,88.3,1097,true,completed
BF_BF9_h8s16n19.txt,BBLCT,16,8,77,16,900.0,1,1.3,4,5.2,6,826.70,153.3,1052,true,completed
BF_BF9_h8s16n2.txt,BBLCT,16,8,77,16,900.0,1,1.3,3,3.9,5,824.47,1.3,1,true,completed
BF_BF9_h8s16n20.txt,BBLCT,16,8,77,16,900.0,1,1.3,3,3.9,4,586.62,1125.0,14750,true,completed
BF_BF9_h8s16n3.txt,BBLCT,16,8,77,16,900.0,1,1.3,3,3.9,5,610.67,3595154.5,24397824,false,cpu_limit
BF_BF9_h8s16n4.txt,BBLCT,16,8,77,16,900.0,1,1.3,3,3.9,6,764.85,89.6,1146,true,completed
BF_BF9_h8s16n5.txt,BBLCT,16,8,77,16,900.0,3,3.9,4,5.2,6,884.53,1.3,1,true,completed
BF_BF9_h8s16n6.txt,BBLCT,16,8,77,16,900.0,1,1.3,3,3.9,2,267.77,395613.1,2833479,true,completed
BF_BF9_h8s16n7.txt,BBLCT,16,8,77,16,900.0,1,1.3,4,5.2,5,822.26,1.3,1,true,completed
BF_BF9_h8s16n8.txt,BBLCT,16,8,77,16,900.0,4,5.2,7,9.1,6,817.93,1.4,1,true,completed
BF_BF9_h8s16n9.txt,BBLCT,16,8,77,16,900.0,1,1.3,6,7.8,6,874.01,13277.1,93276,true,completed
BF_BF10_h8s16n1.txt,BBLCT,16,8,77,16,1200.0,0,0.0,3,3.9,8,1090.10,2.1,7,true,completed
BF_BF10_h8s16n10.txt,BBLCT,16,8,77,16,1200.0,2,2.6,5,6.5,7,1083.77,1.5,2,true,completed
BF_BF10_h8s16n11.txt,BBLCT,16,8,77,16,1200.0,2,2.6,5,6.5,9,1005.28,92.9,1334,true,completed
BF_BF10_h8s16n12.txt,BBLCT,16,8,77,16,1200.0,1,1.3,5,6.5,7,1084.73,1.6,1,true,completed
BF_BF10_h8s16n13.txt,BBLCT,16,8,77,16,1200.0,1,1.3,4,5.2,9,1199.10,56.5,932,true,completed
BF_BF10_h8s16n14.txt,BBLCT,16,8,77,16,1200.0,1,1.3,5,6.5,8,1190.31,1.7,1,true,completed
BF_BF10_h8s16n15.txt,BBLCT,16,8,77,16,1200.0,2,2.6,4,5.2,7,1132.62,3.2,30,true,completed
BF_BF10_h8s16n16.txt,BBLCT,16,8,77,16,1200.0,0,0.0,6,7.8,9,1197.38,347445.4,2874380,true,completed
BF_BF10_h8s16n17.txt,BBLCT,16,8,77,16,1200.0,0,0.0,3,3.9,8,835.78,3595063.1,26590208,false,cpu_limit
BF_BF10_h8s16n18.txt,BBLCT,16,8,77,16,1200.0,1,1.3,3,3.9,5,609.57,3595075.3,38264832,false,cpu_limit
BF_BF10_h8s16n19.txt,BBLCT,16,8,77,16,1200.0,0,0.0,3,3.9,9,965.34,109.2,1453,true,completed
BF_BF10_h8s16n2.txt,BBLCT,16,8,77,16,1200.0,2,2.6,4,5.2,6,652.53,3595033.2,33756160,false,cpu_limit
BF_BF10_h8s16n20.txt,BBLCT,16,8,77,16,1200.0,0,0.0,3,3.9,8,1082.62,1.6,1,true,completed
BF_BF10_h8s16n3.txt,BBLCT,16,8,77,16,1200.0,2,2.6,9,11.7,10,1197.87,6273.4,61116,true,completed
BF_BF10_h8s16n4.txt,BBLCT,16,8,77,16,1200.0,0,0.0,4,5.2,9,1185.22,108.1,1370,true,completed
BF_BF10_h8s16n5.txt,BBLCT,16,8,77,16,1200.0,1,1.3,4,5.2,9,1171.15,138.7,1904,true,completed
BF_BF10_h8s16n6.txt,BBLCT,16,8,77,16,1200.0,1,1.3,8,10.4,11,1199.66,17285.1,145689,true,completed
BF_BF10_h8s16n7.txt,BBLCT,16,8,77,16,1200.0,0,0.0,3,3.9,7,914.07,41.1,842,true,completed
BF_BF10_h8s16n8.txt,BBLCT,16,8,77,16,1200.0,1,1.3,3,3.9,8,1076.26,48.6,778,true,completed
BF_BF10_h8s16n9.txt,BBLCT,16,8,77,16,1200.0,2,2.6,5,6.5,9,1010.53,120.6,1485,true,completed
BF_BF11_h8s16n1.txt,BBLCT,16,8,77,31,1200.0,0,0.0,4,5.2,9,1182.79,131.0,1129,true,completed
BF_BF11_h8s16n10.txt,BBLCT,16,8,77,31,1200.0,0,0.0,4,5.2,9,1103.31,129.8,1336,true,completed
BF_BF11_h8s16n11.txt,BBLCT,16,8,77,31,1200.0,0,0.0,2,2.6,8,1164.08,2.9,1,true,completed
BF_BF11_h8s16n12.txt,BBLCT,16,8,77,31,1200.0,0,0.0,2,2.6,9,1100.02,210188.3,1611777,true,completed
BF_BF11_h8s16n13.txt,BBLCT,16,8,77,31,1200.0,0,0.0,3,3.9,7,1189.95,319.0,3382,true,completed
BF_BF11_h8s16n14.txt,BBLCT,16,8,77,31,1200.0,0,0.0,4,5.2,8,1061.68,14.0,113,true,completed
BF_BF11_h8s16n15.txt,BBLCT,16,8,77,31,1200.0,1,1.3,4,5.2,8,1100.68,3.1,1,true,completed
BF_BF11_h8s16n16.txt,BBLCT,16,8,77,31,1200.0,0,0.0,6,7.8,9,1137.92,77.5,774,true,completed
BF_BF11_h8s16n17.txt,BBLCT,16,8,77,31,1200.0,2,2.6,6,7.8,8,1147.96,2.9,1,true,completed
BF_BF11_h8s16n18.txt,BBLCT,16,8,77,31,1200.0,0,0.0,3,3.9,8,1095.73,2.6,1,true,completed
BF_BF11_h8s16n19.txt,BBLCT,16,8,77,31,1200.0,0,0.0,5,6.5,10,1196.78,184.9,1234,true,completed
BF_BF11_h8s16n2.txt,BBLCT,16,8,77,31,1200.0,1,1.3,3,3.9,6,1084.40,2.7,1,true,completed
BF_BF11_h8s16n20.txt,BBLCT,16,8,77,31,1200.0,1,1.3,6,7.8,10,1173.87,38951.6,260991,true,completed
BF_BF11_h8s16n3.txt,BBLCT,16,8,77,31,1200.0,1,1.3,7,9.1,10,1195.55,93.1,1001,true,completed
BF_BF11_h8s16n4.txt,BBLCT,16,8,77,31,1200.0,0,0.0,3,3.9,8,1107.03,2152.4,28416,true,completed
BF_BF11_h8s16n5.txt,BBLCT,16,8,77,31,1200.0,0,0.0,7,9.1,9,1126.05,131.7,1324,true,completed
BF_BF11_h8s16n6.txt,BBLCT,16,8,77,31,1200.0,0,0.0,4,5.2,8,1157.12,2.6,1,true,completed
BF_BF11_h8s16n7.txt,BBLCT,16,8,77,31,1200.0,0,0.0,6,7.8,9,1157.23,68.4,623,true,completed
BF_BF11_h8s16n8.txt,BBLCT,16,8,77,31,1200.0,0,0.0,3,3.9,9,1173.37,121.6,1358,true,completed
BF_BF11_h8s16n9.txt,BBLCT,16,8,77,31,1200.0,0,0.0,4,5.2,9,1194.95,32.7,209,true,completed
BF_BF12_h8s16n1.txt,BBLCT,16,8,77,31,1200.0,0,0.0,1,1.3,7,1147.21,2.6,1,true,completed
BF_BF12_h8s16n10.txt,BBLCT,16,8,77,31,1200.0,0,0.0,5,6.5,10,1174.67,1227.5,13052,true,completed
BF_BF12_h8s16n11.txt,BBLCT,16,8,77,31,1200.0,0,0.0,2,2.6,8,1146.00,10751.7,98108,true,completed
BF_BF12_h8s16n12.txt,BBLCT,16,8,77,31,1200.0,0,0.0,5,6.5,9,1130.15,44.6,678,true,completed
BF_BF12_h8s16n13.txt,BBLCT,16,8,77,31,1200.0,0,0.0,2,2.6,9,1138.37,84.0,864,true,completed
BF_BF12_h8s16n14.txt,BBLCT,16,8,77,31,1200.0,0,0.0,3,3.9,7,1081.70,2.9,1,true,completed
BF_BF12_h8s16n15.txt,BBLCT,16,8,77,31,1200.0,0,0.0,5,6.5,10,1165.51,89.1,626,true,completed
BF_BF12_h8s16n16.txt,BBLCT,16,8,77,31,1200.0,2,2.6,7,9.1,6,1058.68,2.8,1,true,completed
BF_BF12_h8s16n17.txt,BBLCT,16,8,77,31,1200.0,0,0.0,3,3.9,10,1198.64,133.8,1566,true,completed
BF_BF12_h8s16n18.txt,BBLCT,16,8,77,31,1200.0,1,1.3,5,6.5,9,960.02,3595041.5,57648128,false,cpu_limit
BF_BF12_h8s16n19.txt,BBLCT,16,8,77,31,1200.0,1,1.3,4,5.2,8,998.05,75.1,1043,true,completed
BF_BF12_h8s16n2.txt,BBLCT,16,8,77,31,1200.0,1,1.3,3,3.9,7,1184.68,1028.2,9792,true,completed
BF_BF12_h8s16n20.txt,BBLCT,16,8,77,31,1200.0,1,1.3,4,5.2,7,1154.23,2.5,1,true,completed
BF_BF12_h8s16n3.txt,BBLCT,16,8,77,31,1200.0,2,2.6,11,14.3,11,1171.83,113.5,1422,true,completed
BF_BF12_h8s16n4.txt,BBLCT,16,8,77,31,1200.0,3,3.9,6,7.8,6,768.12,14319.5,165373,true,completed
BF_BF12_h8s16n5.txt,BBLCT,16,8,77,31,1200.0,0,0.0,1,1.3,7,1109.37,2.5,1,true,completed
BF_BF12_h8s16n6.txt,BBLCT,16,8,77,31,1200.0,1,1.3,7,9.1,9,1195.74,2892.0,24452,true,completed
BF_BF12_h8s16n7.txt,BBLCT,16,8,77,31,1200.0,0,0.0,4,5.2,9,1127.40,56.2,949,true,completed
BF_BF12_h8s16n8.txt,BBLCT,16,8,77,31,1200.0,0,0.0,5,6.5,11,1178.85,98.5,1741,true,completed
BF_BF12_h8s16n9.txt,BBLCT,16,8,77,31,1200.0,0,0.0,3,3.9,9,955.21,68.7,1062,true,completed
BF_BF13_h8s16n1.txt,BBLCT,16,8,103,21,1200.0,1,1.0,4,3.9,9,1080.35,2.4,1,true,completed
BF_BF13_h8s16n10.txt,BBLCT,16,8,103,21,1200.0,2,1.9,3,2.9,4,400.33,83841.1,1111548,true,completed
BF_BF13_h8s16n11.txt,BBLCT,16,8,103,21,1200.0,0,0.0,2,1.9,5,651.92,3595041.8,28002304,false,cpu_limit
BF_BF13_h8s16n12.txt,BBLCT,16,8,103,21,1200.0,1,1.0,6,5.8,9,1090.32,2.4,1,true,completed
BF_BF13_h8s16n13.txt,BBLCT,16,8,103,21,1200.0,0,0.0,6,5.8,9,1167.46,2.5,1,true,completed
BF_BF13_h8s16n14.txt,BBLCT,16,8,103,21,1200.0,0,0.0,3,2.9,10,1110.88,2.7,1,true,completed
BF_BF13_h8s16n15.txt,BBLCT,16,8,103,21,1200.0,0,0.0,3,2.9,9,1085.34,2.7,1,true,completed
BF_BF13_h8s16n16.txt,BBLCT,16,8,103,21,1200.0,1,1.0,7,6.8,9,998.82,3595127.3,27330560,false,cpu_limit
BF_BF13_h8s16n17.txt,BBLCT,16,8,103,21,1200.0,0,0.0,4,3.9,9,1122.27,205.5,3079,true,completed
BF_BF13_h8s16n18.txt,BBLCT,16,8,103,21,1200.0,0,0.0,4,3.9,8,1099.96,2.9,1,true,completed
BF_BF13_h8s16n19.txt,BBLCT,16,8,103,21,1200.0,1,1.0,3,2.9,8,1116.92,2.6,1,true,completed
BF_BF13_h8s16n2.txt,BBLCT,16,8,103,21,1200.0,1,1.0,2,1.9,5,543.31,3595141.7,30099456,false,cpu_limit
BF_BF13_h8s16n20.txt,BBLCT,16,8,103,21,1200.0,0,0.0,3,2.9,8,1106.53,8.6,106,true,completed
BF_BF13_h8s16n3.txt,BBLCT,16,8,103,21,1200.0,1,1.0,5,4.9,9,1154.17,2.6,1,true,completed
BF_BF13_h8s16n4.txt,BBLCT,16,8,103,21,1200.0,2,1.9,4,3.9,8,1077.38,2.6,1,true,completed
BF_BF13_h8s16n5.txt,BBLCT,16,8,103,21,1200.0,2,1.9,4,3.9,9,1113.24,635.7,8911,true,completed
BF_BF13_h8s16n6.txt,BBLCT,16,8,103,21,1200.0,1,1.0,8,7.8,10,1113.19,122.1,942,true,completed
BF_BF13_h8s16n7.txt,BBLCT,16,8,103,21,1200.0,0,0.0,3,2.9,9,1124.64,2.5,1,true,completed
BF_BF13_h8s16n8.txt,BBLCT,16,8,103,21,1200.0,2,1.9,4,3.9,7,889.52,3595073.6,30650368,false,cpu_limit
BF_BF13_h8s16n9.txt,BBLCT,16,8,103,21,1200.0,0,0.0,5,4.9,9,1175.88,2.3,1,true,completed
BF_BF14_h8s16n1.txt,BBLCT,16,8,103,21,1200.0,2,1.9,8,7.8,7,821.37,3595052.7,22674432,false,cpu_limit
BF_BF14_h8s16n10.txt,BBLCT,16,8,103,21,1200.0,1,1.0,4,3.9,9,1189.63,2.7,1,true,completed
BF_BF14_h8s16n11.txt,BBLCT,16,8,103,21,1200.0,0,0.0,3,2.9,9,1114.43,2.2,1,true,completed
BF_BF14_h8s16n12.txt,BBLCT,16,8,103,21,1200.0,1,1.0,6,5.8,10,1184.90,12097.3,97205,true,completed
BF_BF14_h8s16n13.txt,BBLCT,16,8,103,21,1200.0,0,0.0,3,2.9,10,1117.47,2.7,1,true,completed
BF_BF14_h8s16n14.txt,BBLCT,16,8,103,21,1200.0,1,1.0,3,2.9,8,1098.08,2.4,1,true,completed
BF_BF14_h8s16n15.txt,BBLCT,16,8,103,21,1200.0,2,1.9,8,7.8,9,1104.09,185.7,1683,true,completed
BF_BF14_h8s16n16.txt,BBLCT,16,8,103,21,1200.0,0,0.0,3,2.9,10,1134.27,72.8,1131,true,completed
BF_BF14_h8s16n17.txt,BBLCT,16,8,103,21,1200.0,1,1.0,7,6.8,9,886.99,3595124.8,31172608,false,cpu_limit
BF_BF14_h8s16n18.txt,BBLCT,16,8,103,21,1200.0,0,0.0,3,2.9,8,1132.81,182.9,3580,true,completed
BF_BF14_h8s16n19.txt,BBLCT,16,8,103,21,1200.0,0,0.0,3,2.9,7,774.67,3595149.9,30892032,false,cpu_limit
BF_BF14_h8s16n2.txt,BBLCT,16,8,103,21,1200.0,1,1.0,3,2.9,9,1071.73,2.6,1,true,completed
BF_BF14_h8s16n20.txt,BBLCT,16,8,103,21,1200.0,0,0.0,3,2.9,9,1088.40,2.5,1,true,completed
BF_BF14_h8s16n3.txt,BBLCT,16,8,103,21,1200.0,0,0.0,6,5.8,11,1186.35,2786401.9,28639375,true,completed
BF_BF14_h8s16n4.txt,BBLCT,16,8,103,21,1200.0,2,1.9,5,4.9,8,1117.41,3027.9,50359,true,completed
BF_BF14_h8s16n5.txt,BBLCT,16,8,103,21,1200.0,2,1.9,4,3.9,8,1107.97,32.7,358,true,completed
BF_BF14_h8s16n6.txt,BBLCT,16,8,103,21,1200.0,0,0.0,4,3.9,9,1146.26,65.7,936,true,completed
BF_BF14_h8s16n7.txt,BBLCT,16,8,103,21,1200.0,1,1.0,3,2.9,8,1118.70,2.6,7,true,completed
BF_BF14_h8s16n8.txt,BBLCT,16,8,103,21,1200.0,0,0.0,3,2.9,6,650.62,3595037.4,37120000,false,cpu_limit
BF_BF14_h8s16n9.txt,BBLCT,16,8,103,21,1200.0,1,1.0,3,2.9,7,743.15,3595128.5,37392384,false,cpu_limit
BF_BF15_h8s16n1.txt,BBLCT,16,8,103,42,1200.0,0,0.0,2,1.9,8,1074.67,4.8,1,true,completed
BF_BF15_h8s16n10.txt,BBLCT,16,8,103,42,1200.0,0,0.0,3,2.9,8,1151.59,4.6,1,true,completed
BF_BF15_h8s16n11.txt,BBLCT,16,8,103,42,1200.0,0,0.0,3,2.9,8,1121.17,4.7,1,true,completed
BF_BF15_h8s16n12.txt,BBLCT,16,8,103,42,1200.0,1,1.0,3,2.9,9,1113.30,5.1,1,true,completed
BF_BF15_h8s16n13.txt,BBLCT,16,8,103,42,1200.0,1,1.0,10,9.7,10,1188.50,6829.4,39357,true,completed
BF_BF15_h8s16n14.txt,BBLCT,16,8,103,42,1200.0,1,1.0,8,7.8,9,1072.16,5.0,1,true,completed
BF_BF15_h8s16n15.txt,BBLCT,16,8,103,42,1200.0,0,0.0,5,4.9,10,1151.34,324.6,2583,true,completed
BF_BF15_h8s16n16.txt,BBLCT,16,8,103,42,1200.0,0,0.0,2,1.9,7,1053.12,6.9,27,true,completed
BF_BF15_h8s16n17.txt,BBLCT,16,8,103,42,1200.0,0,0.0,5,4.9,11,1197.66,39.5,231,true,completed
BF_BF15_h8s16n18.txt,BBLCT,16,8,103,42,1200.0,0,0.0,3,2.9,8,1012.46,63.2,911,true,completed
BF_BF15_h8s16n19.txt,BBLCT,16,8,103,42,1200.0,2,1.9,6,5.8,10,1184.59,27068.0,204497,true,completed
BF_BF15_h8s16n2.txt,BBLCT,16,8,103,42,1200.0,1,1.0,4,3.9,7,771.25,3595134.3,23175168,false,cpu_limit
BF_BF15_h8s16n20.txt,BBLCT,16,8,103,42,1200.0,1,1.0,5,4.9,10,1137.29,2883.7,22401,true,completed
BF_BF15_h8s16n3.txt,BBLCT,16,8,103,42,1200.0,0,0.0,4,3.9,9,1175.56,56.8,763,true,completed
BF_BF15_h8s16n4.txt,BBLCT,16,8,103,42,1200.0,0,0.0,5,4.9,10,1190.06,49666.0,385147,true,completed
BF_BF15_h8s16n5.txt,BBLCT,16,8,103,42,1200.0,0,0.0,4,3.9,9,1198.88,59.7,521,true,completed
BF_BF15_h8s16n6.txt,BBLCT,16,8,103,42,1200.0,0,0.0,1,1.0,7,851.46,3595102.4,27287552,false,cpu_limit
BF_BF15_h8s16n7.txt,BBLCT,16,8,103,42,1200.0,0,0.0,5,4.9,8,1133.76,5.3,1,true,completed
BF_BF15_h8s16n8.txt,BBLCT,16,8,103,42,1200.0,0,0.0,4,3.9,9,1194.53,23.8,227,true,completed
BF_BF15_h8s16n9.txt,BBLCT,16,8,103,42,1200.0,1,1.0,6,5.8,8,1113.66,4.4,1,true,completed
BF_BF16_h8s16n1.txt,BBLCT,16,8,103,42,1200.0,0,0.0,6,5.8,11,1105.51,87.4,1099,true,completed
BF_BF16_h8s16n10.txt,BBLCT,16,8,103,42,1200.0,0,0.0,1,1.0,5,564.88,147.2,2862,true,completed
BF_BF16_h8s16n11.txt,BBLCT,16,8,103,42,1200.0,0,0.0,4,3.9,10,1109.26,36.0,588,true,completed
BF_BF16_h8s16n12.txt,BBLCT,16,8,103,42,1200.0,0,0.0,3,2.9,7,818.71,76223.9,587226,true,completed
BF_BF16_h8s16n13.txt,BBLCT,16,8,103,42,1200.0,1,1.0,4,3.9,6,601.72,3595107.7,51532800,false,cpu_limit
BF_BF16_h8s16n14.txt,BBLCT,16,8,103,42,1200.0,0,0.0,4,3.9,9,1083.61,5.4,1,true,completed
BF_BF16_h8s16n15.txt,BBLCT,16,8,103,42,1200.0,0,0.0,2,1.9,8,871.87,3595048.4,43674624,false,cpu_limit
BF_BF16_h8s16n16.txt,BBLCT,16,8,103,42,1200.0,1,1.0,5,4.9,8,1136.98,5.8,22,true,completed
BF_BF16_h8s16n17.txt,BBLCT,16,8,103,42,1200.0,0,0.0,2,1.9,10,1169.96,48.4,399,true,completed
BF_BF16_h8s16n18.txt,BBLCT,16,8,103,42,1200.0,0,0.0,5,4.9,9,1092.96,5.5,1,true,completed
BF_BF16_h8s16n19.txt,BBLCT,16,8,103,42,1200.0,0,0.0,6,5.8,11,1193.51,41.2,681,true,completed
BF_BF16_h8s16n2.txt,BBLCT,16,8,103,42,1200.0,0,0.0,4,3.9,10,1198.05,4277.7,40772,true,completed
BF_BF16_h8s16n20.txt,BBLCT,16,8,103,42,1200.0,0,0.0,7,6.8,10,1198.19,26474.0,262820,true,completed
BF_BF16_h8s16n3.txt,BBLCT,16,8,103,42,1200.0,0,0.0,2,1.9,7,933.61,433281.5,4369466,true,completed
BF_BF16_h8s16n4.txt,BBLCT,16,8,103,42,1200.0,1,1.0,2,1.9,7,1093.07,5.3,1,true,completed
BF_BF16_h8s16n5.txt,BBLCT,16,8,103,42,1200.0,0,0.0,3,2.9,8,1112.29,5.7,1,true,completed
BF_BF16_h8s16n6.txt,BBLCT,16,8,103,42,1200.0,1,1.0,3,2.9,9,1101.65,57.0,597,true,completed
BF_BF16_h8s16n7.txt,BBLCT,16,8,103,42,1200.0,0,0.0,2,1.9,8,1097.26,4.8,1,true,completed
BF_BF16_h8s16n8.txt,BBLCT,16,8,103,42,1200.0,0,0.0,2,1.9,8,1112.50,4.8,1,true,completed
BF_BF16_h8s16n9.txt,BBLCT,16,8,103,42,1200.0,0,0.0,5,4.9,8,996.13,481155.2,7165146,true,completed
BF_BF17_h5s20n1.txt,BBLCT,20,5,60,12,1200.0,1,1.7,8,13.3,11,1128.13,1257275.6,7250288,true,completed
BF_BF17_h5s20n10.txt,BBLCT,20,5,60,12,1200.0,1,1.7,14,23.3,9,854.76,3595140.6,17105920,false,cpu_limit
BF_BF17_h5s20n11.txt,BBLCT,20,5,60,12,1200.0,0,0.0,7,11.7,10,972.28,3595039.2,19196928,false,cpu_limit
BF_BF17_h5s20n12.txt,BBLCT,20,5,60,12,1200.0,2,3.3,12,20.0,11,1199.65,1177.6,7859,true,completed
BF_BF17_h5s20n13.txt,BBLCT,20,5,60,12,1200.0,2,3.3,13,21.7,11,1198.02,7240.8,43141,true,completed
BF_BF17_h5s20n14.txt,BBLCT,20,5,60,12,1200.0,2,3.3,13,21.7,12,1192.29,178.1,1320,true,completed
BF_BF17_h5s20n15.txt,BBLCT,20,5,60,12,1200.0,0,0.0,10,16.7,8,802.76,1004860.2,12877418,true,completed
BF_BF17_h5s20n16.txt,BBLCT,20,5,60,12,1200.0,1,1.7,7,11.7,8,809.16,3595189.3,22420480,false,cpu_limit
BF_BF17_h5s20n17.txt,BBLCT,20,5,60,12,1200.0,2,3.3,8,13.3,8,1106.04,22353.5,214699,true,completed
BF_BF17_h5s20n18.txt,BBLCT,20,5,60,12,1200.0,0,0.0,7,11.7,12,1199.97,282083.4,1771667,true,completed
BF_BF17_h5s20n19.txt,BBLCT,20,5,60,12,1200.0,2,3.3,7,11.7,9,1130.71,3595081.0,18411520,false,cpu_limit
BF_BF17_h5s20n2.txt,BBLCT,20,5,60,12,1200.0,3,5.0,8,13.3,11,1196.98,3263.0,18431,true,completed
BF_BF17_h5s20n20.txt,BBLCT,20,5,60,12,1200.0,1,1.7,9,15.0,11,1197.35,1612.7,12923,true,completed
BF_BF17_h5s20n3.txt,BBLCT,20,5,60,12,1200.0,4,6.7,11,18.3,9,933.95,3595122.7,31862784,false,cpu_limit
BF_BF17_h5s20n4.txt,BBLCT,20,5,60,12,1200.0,3,5.0,11,18.3,11,1193.35,105.6,988,true,completed
BF_BF17_h5s20n5.txt,BBLCT,20,5,60,12,1200.0,2,3.3,7,11.7,7,810.70,22556.8,202489,true,completed
BF_BF17_h5s20n6.txt,BBLCT,20,5,60,12,1200.0,1,1.7,8,13.3,10,1043.31,282.2,2388,true,completed
BF_BF17_h5s20n7.txt,BBLCT,20,5,60,12,1200.0,2,3.3,10,16.7,11,1159.73,2049.1,10998,true,completed
BF_BF17_h5s20n8.txt,BBLCT,20,5,60,12,1200.0,2,3.3,5,8.3,9,1167.54,3595130.6,20402176,false,cpu_limit
BF_BF17_h5s20n9.txt,BBLCT,20,5,60,12,1200.0,1,1.7,8,13.3,11,1164.77,194.3,1837,true,completed
BF_BF18_h5s20n1.txt,BBLCT,20,5,60,12,1200.0,1,1.7,5,8.3,11,1196.91,378.3,4397,true,completed
BF_BF18_h5s20n10.txt,BBLCT,20,5,60,12,1200.0,0,0.0,8,13.3,10,1033.14,3595036.8,46066688,false,cpu_limit
BF_BF18_h5s20n11.txt,BBLCT,20,5,60,12,1200.0,0,0.0,9,15.0,10,1182.80,3595053.8,29449216,false,cpu_limit
BF_BF18_h5s20n12.txt,BBLCT,20,5,60,12,1200.0,1,1.7,9,15.0,10,1076.89,2969550.6,22269960,true,completed
BF_BF18_h5s20n13.txt,BBLCT,20,5,60,12,1200.0,3,5.0,8,13.3,8,869.83,3595149.3,24218624,false,cpu_limit
BF_BF18_h5s20n14.txt,BBLCT,20,5,60,12,1200.0,1,1.7,9,15.0,10,1002.19,3595104.6,22947840,false,cpu_limit
BF_BF18_h5s20n15.txt,BBLCT,20,5,60,12,1200.0,0,0.0,9,15.0,10,1179.15,15962.0,150002,true,completed
BF_BF18_h5s20n16.txt,BBLCT,20,5,60,12,1200.0,1,1.7,9,15.0,10,1191.56,1.3,1,true,completed
BF_BF18_h5s20n17.txt,BBLCT,20,5,60,12,1200.0,1,1.7,4,6.7,9,1122.09,70.0,1154,true,completed
BF_BF18_h5s20n18.txt,BBLCT,20,5,60,12,1200.0,1,1.7,7,11.7,10,1040.21,3595079.0,24456192,false,cpu_limit
BF_BF18_h5s20n19.txt,BBLCT,20,5,60,12,1200.0,3,5.0,11,18.3,10,1184.34,80.6,1071,true,completed
BF_BF18_h5s20n2.txt,BBLCT,20,5,60,12,1200.0,3,5.0,12,20.0,9,891.89,3595087.6,19603456,false,cpu_limit
BF_BF18_h5s20n20.txt,BBLCT,20,5,60,12,1200.0,2,3.3,7,11.7,10,1162.07,73.4,995,true,completed
BF_BF18_h5s20n3.txt,BBLCT,20,5,60,12,1200.0,0,0.0,7,11.7,11,1163.65,2342433.2,18534697,true,completed
BF_BF18_h5s20n4.txt,BBLCT,20,5,60,12,1200.0,2,3.3,9,15.0,10,1105.04,78.3,1044,true,completed
BF_BF18_h5s20n5.txt,BBLCT,20,5,60,12,1200.0,3,5.0,7,11.7,8,846.87,3595050.6,26678272,false,cpu_limit
BF_BF18_h5s20n6.txt,BBLCT,20,5,60,12,1200.0,0,0.0,9,15.0,11,1158.51,123.4,1862,true,completed
BF_BF18_h5s20n7.txt,BBLCT,20,5,60,12,1200.0,1,1.7,5,8.3,9,1181.36,1.9,9,true,completed
BF_BF18_h5s20n8.txt,BBLCT,20,5,60,12,1200.0,2,3.3,7,11.7,9,1189.58,1.3,1,true,completed
BF_BF18_h5s20n9.txt,BBLCT,20,5,60,12,1200.0,2,3.3,14,23.3,10,1093.01,98.0,1379,true,completed
BF_BF19_h5s20n1.txt,BBLCT,20,5,60,24,1200.0,1,1.7,6,10.0,9,982.31,187.2,1683,true,completed
BF_BF19_h5s20n10.txt,BBLCT,20,5,60,24,1200.0,1,1.7,7,11.7,8,826.04,13990.6,125029,true,completed
BF_BF19_h5s20n11.txt,BBLCT,20,5,60,24,1200.0,1,1.7,14,23.3,12,1196.47,457530.6,2487743,true,completed
BF_BF19_h5s20n12.txt,BBLCT,20,5,60,24,1200.0,0,0.0,13,21.7,11,1119.52,227.0,1761,true,completed
BF_BF19_h5s20n13.txt,BBLCT,20,5,60,24,1200.0,0,0.0,3,5.0,8,863.33,3595060.1,37783552,false,cpu_limit
BF_BF19_h5s20n14.txt,BBLCT,20,5,60,24,1200.0,0,0.0,9,15.0,9,1208.71,11863.9,112436,true,completed
BF_BF19_h5s20n15.txt,BBLCT,20,5,60,24,1200.0,0,0.0,8,13.3,11,1193.66,3497.0,26366,true,completed
BF_BF19_h5s20n16.txt,BBLCT,20,5,60,24,1200.0,3,5.0,8,13.3,10,1145.84,310.0,1987,true,completed
BF_BF19_h5s20n17.txt,BBLCT,20,5,60,24,1200.0,0,0.0,5,8.3,10,1060.29,161.7,1584,true,completed
BF_BF19_h5s20n18.txt,BBLCT,20,5,60,24,1200.0,1,1.7,17,28.3,11,1199.51,213.8,1114,true,completed
BF_BF19_h5s20n19.txt,BBLCT,20,5,60,24,1200.0,1,1.7,6,10.0,9,1120.03,32.9,241,true,completed
BF_BF19_h5s20n2.txt,BBLCT,20,5,60,24,1200.0,0,0.0,14,23.3,11,1199.45,1425.1,10614,true,completed
BF_BF19_h5s20n20.txt,BBLCT,20,5,60,24,1200.0,2,3.3,7,11.7,11,1149.33,138.1,1005,true,completed
BF_BF19_h5s20n3.txt,BBLCT,20,5,60,24,1200.0,1,1.7,8,13.3,10,1000.90,3595128.8,20117504,false,cpu_limit
BF_BF19_h5s20n4.txt,BBLCT,20,5,60,24,1200.0,1,1.7,19,31.7,12,1192.31,1894660.5,7651467,true,completed
BF_BF19_h5s20n5.txt,BBLCT,20,5,60,24,1200.0,0,0.0,8,13.3,11,1144.99,140.0,1704,true,completed
BF_BF19_h5s20n6.txt,BBLCT,20,5,60,24,1200.0,2,3.3,8,13.3,9,1041.54,221.0,1857,true,completed
BF_BF19_h5s20n7.txt,BBLCT,20,5,60,24,1200.0,1,1.7,5,8.3,10,1066.97,155.6,1417,true,completed
BF_BF19_h5s20n8.txt,BBLCT,20,5,60,24,1200.0,1,1.7,16,26.7,10,1155.34,319.3,1995,true,completed
BF_BF19_h5s20n9.txt,BBLCT,20,5,60,24,1200.0,3,5.0,12,20.0,10,1194.56,50803.7,209873,true,completed
BF_BF1_h5s16n1.txt,BBLCT,16,5,48,10,1200.0,2,4.2,8,16.7,9,1117.31,413.0,7836,true,completed
BF_BF1_h5s16n10.txt,BBLCT,16,5,48,10,1200.0,3,6.2,11,22.9,10,1017.97,3595117.4,34882560,false,cpu_limit
BF_BF1_h5s16n11.txt,BBLCT,16,5,48,10,1200.0,2,4.2,8,16.7,11,1162.63,457716.5,4399088,true,completed
BF_BF1_h5s16n12.txt,BBLCT,16,5,48,10,1200.0,2,4.2,7,14.6,9,943.28,3595110.5,41843712,false,cpu_limit
BF_BF1_h5s16n13.txt,BBLCT,16,5,48,10,1200.0,2,4.2,12,25.0,11,1148.59,258829.3,3561936,true,completed
BF_BF1_h5s16n14.txt,BBLCT,16,5,48,10,1200.0,0,0.0,7,14.6,11,1182.07,108989.1,1260403,true,completed
BF_BF1_h5s16n15.txt,BBLCT,16,5,48,10,1200.0,1,2.1,4,8.3,11,1199.72,6982.3,81787,true,completed
BF_BF1_h5s16n16.txt,BBLCT,16,5,48,10,1200.0,2,4.2,12,25.0,12,1198.69,43744.1,776864,true,completed
BF_BF1_h5s16n17.txt,BBLCT,16,5,48,10,1200.0,2,4.2,7,14.6,9,949.48,3595147.2,31542272,false,cpu_limit
BF_BF1_h5s16n18.txt,BBLCT,16,5,48,10,1200.0,3,6.2,10,20.8,11,1187.53,86.8,1268,true,completed
BF_BF1_h5s16n19.txt,BBLCT,16,5,48,10,1200.0,0,0.0,13,27.1,11,1159.45,73.9,1158,true,completed
BF_BF1_h5s16n2.txt,BBLCT,16,5,48,10,1200.0,1,2.1,9,18.8,10,1144.20,71.9,1210,true,completed
BF_BF1_h5s16n20.txt,BBLCT,16,5,48,10,1200.0,1,2.1,9,18.8,8,866.71,248670.4,5066495,true,completed
BF_BF1_h5s16n3.txt,BBLCT,16,5,48,10,1200.0,2,4.2,9,18.8,10,1152.68,62.3,1048,true,completed
BF_BF1_h5s16n4.txt,BBLCT,16,5,48,10,1200.0,3,6.2,13,27.1,12,1198.32,7240.6,85928,true,completed
BF_BF1_h5s16n5.txt,BBLCT,16,5,48,10,1200.0,1,2.1,8,16.7,9,1132.01,1.1,1,true,completed
BF_BF1_h5s16n6.txt,BBLCT,16,5,48,10,1200.0,0,0.0,7,14.6,11,1123.37,3595064.0,46556160,false,cpu_limit
BF_BF1_h5s16n7.txt,BBLCT,16,5,48,10,1200.0,1,2.1,8,16.7,10,1170.26,852681.1,8369912,true,completed
BF_BF1_h5s16n8.txt,BBLCT,16,5,48,10,1200.0,1,2.1,11,22.9,11,1199.25,95.4,1779,true,completed
BF_BF1_h5s16n9.txt,BBLCT,16,5,48,10,1200.0,1,2.1,7,14.6,11,1029.08,3595128.0,35846144,false,cpu_limit
BF_BF20_h5s20n1.txt,BBLCT,20,5,60,24,1200.0,0,0.0,9,15.0,11,1199.06,913690.9,12401527,true,completed
BF_BF20_h5s20n10.txt,BBLCT,20,5,60,24,1200.0,1,1.7,8,13.3,10,1109.82,117.8,1655,true,completed
BF_BF20_h5s20n11.txt,BBLCT,20,5,60,24,1200.0,0,0.0,8,13.3,9,1144.65,342.8,3396,true,completed
BF_BF20_h5s20n12.txt,BBLCT,20,5,60,24,1200.0,0,0.0,9,15.0,11,1193.50,31716.6,454689,true,completed
BF_BF20_h5s20n13.txt,BBLCT,20,5,60,24,1200.0,0,0.0,10,16.7,12,1196.93,248813.5,1780701,true,completed
BF_BF20_h5s20n14.txt,BBLCT,20,5,60,24,1200.0,0,0.0,7,11.7,11,1182.76,12045.6,134664,true,completed
BF_BF20_h5s20n15.txt,BBLCT,20,5,60,24,1200.0,1,1.7,6,10.0,11,1198.90,197523.4,1706385,true,completed
BF_BF20_h5s20n16.txt,BBLCT,20,5,60,24,1200.0,2,3.3,7,11.7,10,1167.77,89.3,1105,true,completed
BF_BF20_h5s20n17.txt,BBLCT,20,5,60,24,1200.0,2,3.3,14,23.3,11,1189.33,141.6,1277,true,completed
BF_BF20_h5s20n18.txt,BBLCT,20,5,60,24,1200.0,0,0.0,10,16.7,11,1199.38,3595074.9,23653376,false,cpu_limit
BF_BF20_h5s20n19.txt,BBLCT,20,5,60,24,1200.0,1,1.7,8,13.3,11,1199.19,41.1,662,true,completed
BF_BF20_h5s20n2.txt,BBLCT,20,5,60,24,1200.0,0,0.0,6,10.0,11,1167.31,2788872.2,20848268,true,completed
BF_BF20_h5s20n20.txt,BBLCT,20,5,60,24,1200.0,1,1.7,7,11.7,9,1133.27,11.1,133,true,completed
BF_BF20_h5s20n3.txt,BBLCT,20,5,60,24,1200.0,1,1.7,6,10.0,11,1197.56,3595151.4,28518400,false,cpu_limit
BF_BF20_h5s20n4.txt,BBLCT,20,5,60,24,1200.0,0,0.0,5,8.3,11,1197.56,75.9,1065,true,completed
BF_BF20_h5s20n5.txt,BBLCT,20,5,60,24,1200.0,1,1.7,17,28.3,10,1187.38,2.7,1,true,completed
BF_BF20_h5s20n6.txt,BBLCT,20,5,60,24,1200.0,0,0.0,9,15.0,11,1197.06,65247.3,896752,true,completed
BF_BF20_h5s20n7.txt,BBLCT,20,5,60,24,1200.0,0,0.0,7,11.7,11,1199.63,49188.6,420801,true,completed
BF_BF20_h5s20n8.txt,BBLCT,20,5,60,24,1200.0,0,0.0,6,10.0,9,1098.53,21.8,314,true,completed
BF_BF20_h5s20n9.txt,BBLCT,20,5,60,24,1200.0,0,0.0,9,15.0,10,1142.30,768.6,10631,true,completed
BF_BF21_h5s20n1.txt,BBLCT,20,5,80,16,1200.0,2,2.5,10,12.5,10,1173.05,3595074.1,32167936,false,cpu_limit
BF_BF21_h5s20n10.txt,BBLCT,20,5,80,16,1200.0,3,3.8,12,15.0,10,1116.22,3595166.8,19624960,false,cpu_limit
BF_BF21_h5s20n11.txt,BBLCT,20,5,80,16,1200.0,2,2.5,9,11.2,10,972.87,3595057.8,41427968,false,cpu_limit
BF_BF21_h5s20n12.txt,BBLCT,20,5,80,16,1200.0,1,1.2,5,6.2,11,1146.89,15948.7,104080,true,completed
BF_BF21_h5s20n13.txt,BBLCT,20,5,80,16,1200.0,1,1.2,10,12.5,10,1137.52,106.1,1219,true,completed
BF_BF21_h5s20n14.txt,BBLCT,20,5,80,16,1200.0,1,1.2,9,11.2,10,1021.63,3595198.9,20727808,false,cpu_limit
BF_BF21_h5s20n15.txt,BBLCT,20,5,80,16,1200.0,4,5.0,12,15.0,12,1198.49,3125.4,23172,true,completed
BF_BF21_h5s20n16.txt,BBLCT,20,5,80,16,1200.0,2,2.5,17,21.2,12,1196.84,96.0,913,true,completed
BF_BF21_h5s20n17.txt,BBLCT,20,5,80,16,1200.0,1,1.2,8,10.0,11,1038.60,3595063.5,38640640,false,cpu_limit
BF_BF21_h5s20n18.txt,BBLCT,20,5,80,16,1200.0,1,1.2,8,10.0,12,1179.23,97.8,1042,true,completed
BF_BF21_h5s20n19.txt,BBLCT,20,5,80,16,1200.0,3,3.8,8,10.0,9,998.58,3595067.6,25834496,false,cpu_limit
BF_BF21_h5s20n2.txt,BBLCT,20,5,80,16,1200.0,3,3.8,9,11.2,11,1173.38,1907104.6,12596281,true,completed
BF_BF21_h5s20n20.txt,BBLCT,20,5,80,16,1200.0,1,1.2,8,10.0,10,1076.55,27483.4,425065,true,completed
BF_BF21_h5s20n3.txt,BBLCT,20,5,80,16,1200.0,1,1.2,10,12.5,12,1198.88,258.2,1847,true,completed
BF_BF21_h5s20n4.txt,BBLCT,20,5,80,16,1200.0,1,1.2,8,10.0,10,1114.61,18511.8,202980,true,completed
BF_BF21_h5s20n5.txt,BBLCT,20,5,80,16,1200.0,0,0.0,7,8.8,12,1198.93,2928392.8,19832982,true,completed
BF_BF21_h5s20n6.txt,BBLCT,20,5,80,16,1200.0,2,2.5,11,13.8,11,1199.16,14240.8,90003,true,completed
BF_BF21_h5s20n7.txt,BBLCT,20,5,80,16,1200.0,0,0.0,5,6.2,11,1169.44,43427.6,335816,true,completed
BF_BF21_h5s20n8.txt,BBLCT,20,5,80,16,1200.0,0,0.0,6,7.5,11,1197.94,4100.1,26628,true,completed
BF_BF21_h5s20n9.txt,BBLCT,20,5,80,16,1200.0,1,1.2,10,12.5,11,1044.75,3595168.9,21493760,false,cpu_limit
BF_BF22_h5s20n1.txt,BBLCT,20,5,80,16,1200.0,0,0.0,8,10.0,11,1183.04,41.7,666,true,completed
BF_BF22_h5s20n10.txt,BBLCT,20,5,80,16,1200.0,0,0.0,7,8.8,11,1195.98,41557.8,394581,true,completed
BF_BF22_h5s20n11.txt,BBLCT,20,5,80,16,1200.0,3,3.8,10,12.5,11,1182.72,71.3,983,true,completed
BF_BF22_h5s20n12.txt,BBLCT,20,5,80,16,1200.0,3,3.8,9,11.2,11,1174.00,40.3,632,true,completed
BF_BF22_h5s20n13.txt,BBLCT,20,5,80,16,1200.0,0,0.0,4,5.0,8,1117.05,1345.2,23536,true,completed
BF_BF22_h5s20n14.txt,BBLCT,20,5,80,16,1200.0,0,0.0,3,3.8,7,787.96,3595092.5,30704640,false,cpu_limit
BF_BF22_h5s20n15.txt,BBLCT,20,5,80,16,1200.0,2,2.5,7,8.8,10,1161.32,481.0,3921,true,completed
BF_BF22_h5s20n16.txt,BBLCT,20,5,80,16,1200.0,1,1.2,8,10.0,10,1151.88,121.0,1157,true,completed
BF_BF22_h5s20n17.txt,BBLCT,20,5,80,16,1200.0,2,2.5,11,13.8,9,1105.15,19148.7,177191,true,completed
BF_BF22_h5s20n18.txt,BBLCT,20,5,80,16,1200.0,0,0.0,4,5.0,7,729.92,3595087.5,60234752,false,cpu_limit
BF_BF22_h5s20n19.txt,BBLCT,20,5,80,16,1200.0,0,0.0,7,8.8,11,1179.66,2985070.3,26180899,true,completed
BF_BF22_h5s20n2.txt,BBLCT,20,5,80,16,1200.0,1,1.2,5,6.2,7,757.86,388011.1,5736985,true,completed
BF_BF22_h5s20n20.txt,BBLCT,20,5,80,16,1200.0,0,0.0,7,8.8,10,1166.13,47532.2,446554,true,completed
BF_BF22_h5s20n3.txt,BBLCT,20,5,80,16,1200.0,0,0.0,5,6.2,9,1079.08,22524.7,387946,true,completed
BF_BF22_h5s20n4.txt,BBLCT,20,5,80,16,1200.0,4,5.0,13,16.2,12,1199.75,3045932.9,15886572,true,completed
BF_BF22_h5s20n5.txt,BBLCT,20,5,80,16,1200.0,1,1.2,5,6.2,8,1006.04,3595079.9,33150976,false,cpu_limit
BF_BF22_h5s20n6.txt,BBLCT,20,5,80,16,1200.0,0,0.0,11,13.8,10,1136.38,61.6,552,true,completed
BF_BF22_h5s20n7.txt,BBLCT,20,5,80,16,1200.0,0,0.0,7,8.8,9,981.57,25604.6,460542,true,completed
BF_BF22_h5s20n8.txt,BBLCT,20,5,80,16,1200.0,1,1.2,9,11.2,9,917.76,3595105.3,27362304,false,cpu_limit
BF_BF22_h5s20n9.txt,BBLCT,20,5,80,16,1200.0,0,0.0,4,5.0,9,892.74,71307.5,1287033,true,completed
BF_BF23_h5s20n1.txt,BBLCT,20,5,80,32,1200.0,0,0.0,12,15.0,11,1190.84,8289.0,61345,true,completed
BF_BF23_h5s20n10.txt,BBLCT,20,5,80,32,1200.0,1,1.2,8,10.0,11,1180.10,592.2,4121,true,completed
BF_BF23_h5s20n11.txt,BBLCT,20,5,80,32,1200.0,0,0.0,7,8.8,11,1197.84,3595074.9,30925824,false,cpu_limit
BF_BF23_h5s20n12.txt,BBLCT,20,5,80,32,1200.0,0,0.0,8,10.0,12,1191.30,226.8,1453,true,completed
BF_BF23_h5s20n13.txt,BBLCT,20,5,80,32,1200.0,1,1.2,8,10.0,10,1129.33,2659.9,32370,true,completed
BF_BF23_h5s20n14.txt,BBLCT,20,5,80,32,1200.0,3,3.8,13,16.2,12,1193.51,3595192.8,15209472,false,cpu_limit
BF_BF23_h5s20n15.txt,BBLCT,20,5,80,32,1200.0,0,0.0,8,10.0,9,870.01,3595115.7,25937920,false,cpu_limit
BF_BF23_h5s20n16.txt,BBLCT,20,5,80,32,1200.0,1,1.2,11,13.8,11,1049.24,3595129.0,17683456,false,cpu_limit
BF_BF23_h5s20n17.txt,BBLCT,20,5,80,32,1200.0,1,1.2,8,10.0,10,1196.47,3.7,1,true,completed
BF_BF23_h5s20n18.txt,BBLCT,20,5,80,32,1200.0,1,1.2,5,6.2,11,1199.29,1383072.2,18493665,true,completed
BF_BF23_h5s20n19.txt,BBLCT,20,5,80,32,1200.0,2,2.5,7,8.8,10,1010.35,3595121.2,20466688,false,cpu_limit
BF_BF23_h5s20n2.txt,BBLCT,20,5,80,32,1200.0,1,1.2,6,7.5,10,1143.39,140564.4,1085716,true,completed
BF_BF23_h5s20n20.txt,BBLCT,20,5,80,32,1200.0,0,0.0,4,5.0,10,1188.32,4.0,1,true,completed
BF_BF23_h5s20n3.txt,BBLCT,20,5,80,32,1200.0,0,0.0,7,8.8,12,1197.67,837683.1,5046669,true,completed
BF_BF23_h5s20n4.txt,BBLCT,20,5,80,32,1200.0,2,2.5,9,11.2,9,1124.23,51.5,560,true,completed
BF_BF23_h5s20n5.txt,BBLCT,20,5,80,32,1200.0,1,1.2,14,17.5,12,1150.75,121.4,1167,true,completed
BF_BF23_h5s20n6.txt,BBLCT,20,5,80,32,1200.0,1,1.2,9,11.2,10,1030.48,70486.4,654212,true,completed
BF_BF23_h5s20n7.txt,BBLCT,20,5,80,32,1200.0,0,0.0,12,15.0,10,969.22,3595148.4,22407168,false,cpu_limit
BF_BF23_h5s20n8.txt,BBLCT,20,5,80,32,1200.0,1,1.2,8,10.0,10,1166.85,3595037.7,33055744,false,cpu_limit
BF_BF23_h5s20n9.txt,BBLCT,20,5,80,32,1200.0,1,1.2,5,6.2,12,1195.54,4704.6,64013,true,completed
BF_BF24_h5s20n1.txt,BBLCT,20,5,80,32,1200.0,1,1.2,6,7.5,10,1175.10,505844.9,5880670,true,completed
BF_BF24_h5s20n10.txt,BBLCT,20,5,80,32,1200.0,0,0.0,5,6.2,11,1190.59,46.4,726,true,completed
BF_BF24_h5s20n11.txt,BBLCT,20,5,80,32,1200.0,0,0.0,5,6.2,9,1104.73,225.5,3992,true,completed
BF_BF24_h5s20n12.txt,BBLCT,20,5,80,32,1200.0,0,0.0,5,6.2,9,1192.81,3595137.7,28921856,false,cpu_limit
BF_BF24_h5s20n13.txt,BBLCT,20,5,80,32,1200.0,0,0.0,4,5.0,10,1189.47,155.6,1039,true,completed
BF_BF24_h5s20n14.txt,BBLCT,20,5,80,32,1200.0,0,0.0,9,11.2,12,1198.45,452837.4,5032448,true,completed
BF_BF24_h5s20n15.txt,BBLCT,20,5,80,32,1200.0,0,0.0,8,10.0,11,1189.04,36.0,410,true,completed
BF_BF24_h5s20n16.txt,BBLCT,20,5,80,32,1200.0,1,1.2,8,10.0,11,1182.78,3595087.6,25205760,false,cpu_limit
BF_BF24_h5s20n17.txt,BBLCT,20,5,80,32,1200.0,1,1.2,12,15.0,9,1175.98,6.4,44,true,completed
BF_BF24_h5s20n18.txt,BBLCT,20,5,80,32,1200.0,0,0.0,6,7.5,11,1186.68,131447.0,2152660,true,completed
BF_BF24_h5s20n19.txt,BBLCT,20,5,80,32,1200.0,0,0.0,8,10.0,9,1119.39,6.0,60,true,completed
BF_BF24_h5s20n2.txt,BBLCT,20,5,80,32,1200.0,0,0.0,9,11.2,12,1194.62,556.4,6396,true,completed
BF_BF24_h5s20n20.txt,BBLCT,20,5,80,32,1200.0,0,0.0,15,18.8,11,1162.72,64.8,956,true,completed
BF_BF24_h5s20n3.txt,BBLCT,20,5,80,32,1200.0,2,2.5,7,8.8,9,1157.71,8150.8,115184,true,completed
BF_BF24_h5s20n4.txt,BBLCT,20,5,80,32,1200.0,1,1.2,9,11.2,9,966.54,439180.1,3241455,true,completed
BF_BF24_h5s20n5.txt,BBLCT,20,5,80,32,1200.0,0,0.0,10,12.5,10,1115.94,50.4,719,true,completed
BF_BF24_h5s20n6.txt,BBLCT,20,5,80,32,1200.0,0,0.0,5,6.2,10,1024.32,2625485.5,32690160,true,completed
BF_BF24_h5s20n7.txt,BBLCT,20,5,80,32,1200.0,0,0.0,7,8.8,11,1191.02,3595099.8,31543296,false,cpu_limit
BF_BF24_h5s20n8.txt,BBLCT,20,5,80,32,1200.0,0,0.0,6,7.5,10,1162.10,306965.5,2913351,true,completed
BF_BF24_h5s20n9.txt,BBLCT,20,5,80,32,1200.0,1,1.2,14,17.5,11,1155.11,81.5,845,true,completed
BF_BF25_h8s20n1.txt,BBLCT,20,8,96,20,1200.0,1,1.0,8,8.3,9,1124.01,344.9,1316,true,completed
BF_BF25_h8s20n10.txt,BBLCT,20,8,96,20,1200.0,1,1.0,5,5.2,10,1151.55,3509476.8,12853073,true,completed
BF_BF25_h8s20n11.txt,BBLCT,20,8,96,20,1200.0,3,3.1,10,10.4,9,1199.49,45380.2,228276,true,completed
BF_BF25_h8s20n12.txt,BBLCT,20,8,96,20,1200.0,1,1.0,5,5.2,8,1181.12,2.3,1,true,completed
BF_BF25_h8s20n13.txt,BBLCT,20,8,96,20,1200.0,1,1.0,5,5.2,8,974.40,3595104.5,12642304,false,cpu_limit
BF_BF25_h8s20n14.txt,BBLCT,20,8,96,20,1200.0,2,2.1,4,4.2,7,1083.54,2.1,1,true,completed
BF_BF25_h8s20n15.txt,BBLCT,20,8,96,20,1200.0,1,1.0,7,7.3,8,1183.17,216.7,781,true,completed
BF_BF25_h8s20n16.txt,BBLCT,20,8,96,20,1200.0,1,1.0,4,4.2,6,1081.12,2.2,1,true,completed
BF_BF25_h8s20n17.txt,BBLCT,20,8,96,20,1200.0,0,0.0,3,3.1,7,1072.40,8.4,47,true,completed
BF_BF25_h8s20n18.txt,BBLCT,20,8,96,20,1200.0,2,2.1,5,5.2,7,1091.29,2.3,1,true,completed
BF_BF25_h8s20n19.txt,BBLCT,20,8,96,20,1200.0,2,2.1,7,7.3,10,1039.68,3566611.7,12089059,true,completed
BF_BF25_h8s20n2.txt,BBLCT,20,8,96,20,1200.0,1,1.0,6,6.2,8,1168.24,4495.7,15376,true,completed
BF_BF25_h8s20n20.txt,BBLCT,20,8,96,20,1200.0,1,1.0,4,4.2,7,1193.73,12.4,74,true,completed
BF_BF25_h8s20n3.txt,BBLCT,20,8,96,20,1200.0,1,1.0,8,8.3,9,1117.38,267.5,917,true,completed
BF_BF25_h8s20n4.txt,BBLCT,20,8,96,20,1200.0,1,1.0,5,5.2,9,1197.31,4915.1,36990,true,completed
BF_BF25_h8s20n5.txt,BBLCT,20,8,96,20,1200.0,1,1.0,5,5.2,9,1170.59,6894.4,24137,true,completed
BF_BF25_h8s20n6.txt,BBLCT,20,8,96,20,1200.0,0,0.0,8,8.3,10,1124.71,478.1,2738,true,completed
BF_BF25_h8s20n7.txt,BBLCT,20,8,96,20,1200.0,0,0.0,4,4.2,9,1107.02,299610.1,938385,true,completed
BF_BF25_h8s20n8.txt,BBLCT,20,8,96,20,1200.0,3,3.1,12,12.5,7,1109.29,2.3,1,true,completed
BF_BF25_h8s20n9.txt,BBLCT,20,8,96,20,1200.0,1,1.0,4,4.2,7,1081.19,2.3,1,true,completed
BF_BF26_h8s20n1.txt,BBLCT,20,8,96,20,1200.0,1,1.0,3,3.1,6,612.79,1512.8,16680,true,completed
BF_BF26_h8s20n10.txt,BBLCT,20,8,96,20,1200.0,1,1.0,7,7.3,10,1168.45,2755.0,9535,true,completed
BF_BF26_h8s20n11.txt,BBLCT,20,8,96,20,1200.0,2,2.1,4,4.2,6,648.31,17809.1,129124,true,completed
BF_BF26_h8s20n12.txt,BBLCT,20,8,96,20,1200.0,0,0.0,3,3.1,7,1176.69,2.2,1,true,completed
BF_BF26_h8s20n13.txt,BBLCT,20,8,96,20,1200.0,0,0.0,8,8.3,11,1199.52,230535.2,1235883,true,completed
BF_BF26_h8s20n14.txt,BBLCT,20,8,96,20,1200.0,0,0.0,6,6.2,9,1197.73,1159.8,6585,true,completed
BF_BF26_h8s20n15.txt,BBLCT,20,8,96,20,1200.0,0,0.0,3,3.1,9,1102.18,435.7,2479,true,completed
BF_BF26_h8s20n16.txt,BBLCT,20,8,96,20,1200.0,0,0.0,4,4.2,8,955.52,194.7,1708,true,completed
BF_BF26_h8s20n17.txt,BBLCT,20,8,96,20,1200.0,0,0.0,4,4.2,6,826.03,4135.1,29841,true,completed
BF_BF26_h8s20n18.txt,BBLCT,20,8,96,20,1200.0,1,1.0,4,4.2,7,1125.47,2.4,2,true,completed
BF_BF26_h8s20n19.txt,BBLCT,20,8,96,20,1200.0,2,2.1,7,7.3,9,1116.69,90527.7,324931,true,completed
BF_BF26_h8s20n2.txt,BBLCT,20,8,96,20,1200.0,2,2.1,7,7.3,9,1117.11,2911506.9,12314840,true,completed
BF_BF26_h8s20n20.txt,BBLCT,20,8,96,20,1200.0,1,1.0,5,5.2,8,938.12,2382968.4,10594310,true,completed
BF_BF26_h8s20n3.txt,BBLCT,20,8,96,20,1200.0,2,2.1,7,7.3,9,1172.91,14078.1,79277,true,completed
BF_BF26_h8s20n4.txt,BBLCT,20,8,96,20,1200.0,0,0.0,4,4.2,8,851.56,3595207.3,13991936,false,cpu_limit
BF_BF26_h8s20n5.txt,BBLCT,20,8,96,20,1200.0,1,1.0,3,3.1,7,1158.82,2.4,1,true,completed
BF_BF26_h8s20n6.txt,BBLCT,20,8,96,20,1200.0,1,1.0,4,4.2,8,957.14,3595055.1,16407552,false,cpu_limit
BF_BF26_h8s20n7.txt,BBLCT,20,8,96,20,1200.0,1,1.0,6,6.2,9,1132.15,65037.4,448405,true,completed
BF_BF26_h8s20n8.txt,BBLCT,20,8,96,20,1200.0,0,0.0,7,7.3,10,1199.70,844223.4,3573601,true,completed
BF_BF26_h8s20n9.txt,BBLCT,20,8,96,20,1200.0,1,1.0,3,3.1,7,1124.84,11.6,80,true,completed
BF_BF27_h8s20n1.txt,BBLCT,20,8,96,39,1200.0,1,1.0,8,8.3,10,1090.31,1051617.8,3327887,true,completed
BF_BF27_h8s20n10.txt,BBLCT,20,8,96,39,1200.0,0,0.0,3,3.1,9,1166.18,172.3,630,true,completed
BF_BF27_h8s20n11.txt,BBLCT,20,8,96,39,1200.0,1,1.0,6,6.2,5,665.16,48667.5,216297,true,completed
BF_BF27_h8s20n12.txt,BBLCT,20,8,96,39,1200.0,0,0.0,3,3.1,6,712.93,14360.6,80514,true,completed
BF_BF27_h8s20n13.txt,BBLCT,20,8,96,39,1200.0,0,0.0,2,2.1,7,1074.87,4.2,1,true,completed
BF_BF27_h8s20n14.txt,BBLCT,20,8,96,39,1200.0,2,2.1,5,5.2,8,1091.45,25467.4,101100,true,completed
BF_BF27_h8s20n15.txt,BBLCT,20,8,96,39,1200.0,1,1.0,3,3.1,7,914.69,832945.3,3352248,true,completed
BF_BF27_h8s20n16.txt,BBLCT,20,8,96,39,1200.0,0,0.0,10,10.4,10,1196.36,203390.7,1067941,true,completed
BF_BF27_h8s20n17.txt,BBLCT,20,8,96,39,1200.0,1,1.0,8,8.3,8,1015.10,633859.4,1800314,true,completed
BF_BF27_h8s20n18.txt,BBLCT,20,8,96,39,1200.0,0,0.0,5,5.2,9,1089.72,1002526.4,3543504,true,completed
BF_BF27_h8s20n19.txt,BBLCT,20,8,96,39,1200.0,2,2.1,3,3.1,7,1174.34,686.3,4248,true,completed
BF_BF27_h8s20n2.txt,BBLCT,20,8,96,39,1200.0,1,1.0,5,5.2,9,1155.89,420.9,1209,true,completed
BF_BF27_h8s20n20.txt,BBLCT,20,8,96,39,1200.0,1,1.0,8,8.3,10,1155.25,506.0,2092,true,completed
BF_BF27_h8s20n3.txt,BBLCT,20,8,96,39,1200.0,0,0.0,2,2.1,8,1074.54,109440.9,780828,true,completed
BF_BF27_h8s20n4.txt,BBLCT,20,8,96,39,1200.0,1,1.0,5,5.2,10,1139.54,3326.7,21692,true,completed
BF_BF27_h8s20n5.txt,BBLCT,20,8,96,39,1200.0,2,2.1,8,8.3,9,1141.57,161.9,1034,true,completed
BF_BF27_h8s20n6.txt,BBLCT,20,8,96,39,1200.0,2,2.1,9,9.4,8,1039.37,362.7,2153,true,completed
BF_BF27_h8s20n7.txt,BBLCT,20,8,96,39,1200.0,0,0.0,5,5.2,6,776.42,2078.2,11326,true,completed
BF_BF27_h8s20n8.txt,BBLCT,20,8,96,39,1200.0,1,1.0,3,3.1,8,1148.88,4.0,1,true,completed
BF_BF27_h8s20n9.txt,BBLCT,20,8,96,39,1200.0,0,0.0,6,6.2,6,1058.20,1281.1,7644,true,completed
BF_BF28_h8s20n1.txt,BBLCT,20,8,96,39,1200.0,1,1.0,5,5.2,6,734.68,3595126.1,28083200,false,cpu_limit
BF_BF28_h8s20n10.txt,BBLCT,20,8,96,39,1200.0,1,1.0,5,5.2,9,1107.73,306.4,1057,true,completed
BF_BF28_h8s20n11.txt,BBLCT,20,8,96,39,1200.0,1,1.0,4,4.2,3,347.71,1989.1,17760,true,completed
BF_BF28_h8s20n12.txt,BBLCT,20,8,96,39,1200.0,0,0.0,4,4.2,8,1022.38,170.6,1272,true,completed
BF_BF28_h8s20n13.txt,BBLCT,20,8,96,39,1200.0,1,1.0,4,4.2,9,1180.17,262965.4,919067,true,completed
BF_BF28_h8s20n14.txt,BBLCT,20,8,96,39,1200.0,1,1.0,3,3.1,9,1179.82,114.7,987,true,completed
BF_BF28_h8s20n15.txt,BBLCT,20,8,96,39,1200.0,0,0.0,9,9.4,9,1063.56,476.3,2221,true,completed
BF_BF28_h8s20n16.txt,BBLCT,20,8,96,39,1200.0,1,1.0,4,4.2,10,1191.28,238.3,1683,true,completed
BF_BF28_h8s20n17.txt,BBLCT,20,8,96,39,1200.0,1,1.0,4,4.2,6,1086.61,4.2,1,true,completed
BF_BF28_h8s20n18.txt,BBLCT,20,8,96,39,1200.0,0,0.0,1,1.0,2,357.38,3022.3,28926,true,completed
BF_BF28_h8s20n19.txt,BBLCT,20,8,96,39,1200.0,0,0.0,4,4.2,10,1195.89,65340.5,302612,true,completed
BF_BF28_h8s20n2.txt,BBLCT,20,8,96,39,1200.0,0,0.0,4,4.2,8,927.83,244.2,1841,true,completed
BF_BF28_h8s20n20.txt,BBLCT,20,8,96,39,1200.0,0,0.0,3,3.1,9,1193.88,72.8,280,true,completed
BF_BF28_h8s20n3.txt,BBLCT,20,8,96,39,1200.0,0,0.0,8,8.3,9,1006.62,274.4,2366,true,completed
BF_BF28_h8s20n4.txt,BBLCT,20,8,96,39,1200.0,0,0.0,2,2.1,7,917.31,626910.2,4633827,true,completed
BF_BF28_h8s20n5.txt,BBLCT,20,8,96,39,1200.0,0,0.0,3,3.1,9,972.40,3716.3,28206,true,completed
BF_BF28_h8s20n6.txt,BBLCT,20,8,96,39,1200.0,0,0.0,4,4.2,8,993.43,270.8,1880,true,completed
BF_BF28_h8s20n7.txt,BBLCT,20,8,96,39,1200.0,0,0.0,3,3.1,8,1174.05,4.4,1,true,completed
BF_BF28_h8s20n8.txt,BBLCT,20,8,96,39,1200.0,0,0.0,3,3.1,9,1006.30,985427.0,4433147,true,completed
BF_BF28_h8s20n9.txt,BBLCT,20,8,96,39,1200.0,0,0.0,5,5.2,7,1118.46,4.1,1,true,completed
BF_BF29_h8s20n1.txt,BBLCT,20,8,128,26,1200.0,1,0.8,7,5.5,11,1198.44,230.9,997,true,completed
BF_BF29_h8s20n10.txt,BBLCT,20,8,128,26,1200.0,0,0.0,4,3.1,9,1104.27,4.0,1,true,completed
BF_BF29_h8s20n11.txt,BBLCT,20,8,128,26,1200.0,1,0.8,3,2.3,8,1107.68,48.6,286,true,completed
BF_BF29_h8s20n12.txt,BBLCT,20,8,128,26,1200.0,0,0.0,4,3.1,10,1089.07,242.2,1906,true,completed
BF_BF29_h8s20n13.txt,BBLCT,20,8,128,26,1200.0,1,0.8,4,3.1,4,395.99,880.5,6430,true,completed
BF_BF29_h8s20n14.txt,BBLCT,20,8,128,26,1200.0,1,0.8,4,3.1,8,1182.74,3.6,1,true,completed
BF_BF29_h8s20n15.txt,BBLCT,20,8,128,26,1200.0,2,1.6,5,3.9,7,756.02,3595105.1,41221120,false,cpu_limit
BF_BF29_h8s20n16.txt,BBLCT,20,8,128,26,1200.0,0,0.0,6,4.7,8,870.04,3595261.5,14573568,false,cpu_limit
BF_BF29_h8s20n17.txt,BBLCT,20,8,128,26,1200.0,0,0.0,3,2.3,9,1100.71,4.0,1,true,completed
BF_BF29_h8s20n18.txt,BBLCT,20,8,128,26,1200.0,2,1.6,5,3.9,9,1118.40,4.0,1,true,completed
BF_BF29_h8s20n19.txt,BBLCT,20,8,128,26,1200.0,2,1.6,9,7.0,10,1197.50,298.4,1179,true,completed
BF_BF29_h8s20n2.txt,BBLCT,20,8,128,26,1200.0,0,0.0,3,2.3,8,1140.26,3595098.4,16846848,false,cpu_limit
BF_BF29_h8s20n20.txt,BBLCT,20,8,128,26,1200.0,0,0.0,3,2.3,8,1091.40,17.6,131,true,completed
BF_BF29_h8s20n3.txt,BBLCT,20,8,128,26,1200.0,0,0.0,3,2.3,9,1192.75,1272.8,6660,true,completed
BF_BF29_h8s20n4.txt,BBLCT,20,8,128,26,1200.0,2,1.6,7,5.5,9,1116.15,3.8,2,true,completed
BF_BF29_h8s20n5.txt,BBLCT,20,8,128,26,1200.0,2,1.6,7,5.5,9,1012.47,3595266.5,13895680,false,cpu_limit
BF_BF29_h8s20n6.txt,BBLCT,20,8,128,26,1200.0,0,0.0,5,3.9,11,1195.14,3853.2,16589,true,completed
BF_BF29_h8s20n7.txt,BBLCT,20,8,128,26,1200.0,0,0.0,3,2.3,9,1115.69,3595089.0,16557056,false,cpu_limit
BF_BF29_h8s20n8.txt,BBLCT,20,8,128,26,1200.0,1,0.8,5,3.9,10,1084.79,3595171.3,15545344,false,cpu_limit
BF_BF29_h8s20n9.txt,BBLCT,20,8,128,26,1200.0,2,1.6,6,4.7,10,1199.46,806.7,3593,true,completed
BF_BF2_h5s16n1.txt,BBLCT,16,5,48,10,1200.0,1,2.1,6,12.5,10,1105.41,36.4,840,true,completed
BF_BF2_h5s16n10.txt,BBLCT,16,5,48,10,1200.0,2,4.2,11,22.9,11,1159.48,182.8,2984,true,completed
BF_BF2_h5s16n11.txt,BBLCT,16,5,48,10,1200.0,2,4.2,9,18.8,9,1181.50,1.0,1,true,completed
BF_BF2_h5s16n12.txt,BBLCT,16,5,48,10,1200.0,1,2.1,13,27.1,9,1141.65,0.9,1,true,completed
BF_BF2_h5s16n13.txt,BBLCT,16,5,48,10,1200.0,1,2.1,8,16.7,9,1167.61,1.0,1,true,completed
BF_BF2_h5s16n14.txt,BBLCT,16,5,48,10,1200.0,1,2.1,8,16.7,11,1187.75,36.7,766,true,completed
BF_BF2_h5s16n15.txt,BBLCT,16,5,48,10,1200.0,1,2.1,4,8.3,8,1103.10,35121.5,803154,true,completed
BF_BF2_h5s16n16.txt,BBLCT,16,5,48,10,1200.0,0,0.0,7,14.6,9,1099.70,32212.7,810633,true,completed
BF_BF2_h5s16n17.txt,BBLCT,16,5,48,10,1200.0,2,4.2,8,16.7,10,1080.30,42.0,827,true,completed
BF_BF2_h5s16n18.txt,BBLCT,16,5,48,10,1200.0,1,2.1,6,12.5,11,1198.82,10791.2,181442,true,completed
BF_BF2_h5s16n19.txt,BBLCT,16,5,48,10,1200.0,0,0.0,8,16.7,11,1197.26,639.2,9663,true,completed
BF_BF2_h5s16n2.txt,BBLCT,16,5,48,10,1200.0,1,2.1,11,22.9,12,1192.63,52.3,1080,true,completed
BF_BF2_h5s16n20.txt,BBLCT,16,5,48,10,1200.0,1,2.1,6,12.5,8,812.96,26032.9,618664,true,completed
BF_BF2_h5s16n3.txt,BBLCT,16,5,48,10,1200.0,1,2.1,4,8.3,8,1080.53,570.4,15920,true,completed
BF_BF2_h5s16n4.txt,BBLCT,16,5,48,10,1200.0,2,4.2,10,20.8,10,1021.26,3595065.7,45169664,false,cpu_limit
BF_BF2_h5s16n5.txt,BBLCT,16,5,48,10,1200.0,1,2.1,9,18.8,9,1183.00,0.9,1,true,completed
BF_BF2_h5s16n6.txt,BBLCT,16,5,48,10,1200.0,1,2.1,4,8.3,9,1125.58,1.2,10,true,completed
BF_BF2_h5s16n7.txt,BBLCT,16,5,48,10,1200.0,4,8.3,10,20.8,10,1105.74,4544.7,66339,true,completed
BF_BF2_h5s16n8.txt,BBLCT,16,5,48,10,1200.0,0,0.0,7,14.6,11,1165.52,1629.5,25330,true,completed
BF_BF2_h5s16n9.txt,BBLCT,16,5,48,10,1200.0,1,2.1,8,16.7,11,1159.98,84.8,1145,true,completed
BF_BF30_h8s20n1.txt,BBLCT,20,8,128,26,1200.0,1,0.8,4,3.1,8,1077.19,4.1,1,true,completed
BF_BF30_h8s20n10.txt,BBLCT,20,8,128,26,1200.0,0,0.0,3,2.3,6,660.13,3595208.7,15467520,false,cpu_limit
BF_BF30_h8s20n11.txt,BBLCT,20,8,128,26,1200.0,2,1.6,4,3.1,9,1114.43,3.9,1,true,completed
BF_BF30_h8s20n12.txt,BBLCT,20,8,128,26,1200.0,0,0.0,2,1.6,7,763.85,3595116.7,20871168,false,cpu_limit
BF_BF30_h8s20n13.txt,BBLCT,20,8,128,26,1200.0,1,0.8,5,3.9,11,1199.54,1241.2,12393,true,completed
BF_BF30_h8s20n14.txt,BBLCT,20,8,128,26,1200.0,1,0.8,3,2.3,7,1101.50,3.7,1,true,completed
BF_BF30_h8s20n15.txt,BBLCT,20,8,128,26,1200.0,1,0.8,3,2.3,8,860.54,3595125.3,14871552,false,cpu_limit
BF_BF30_h8s20n16.txt,BBLCT,20,8,128,26,1200.0,1,0.8,7,5.5,9,1106.81,325725.0,1204369,true,completed
BF_BF30_h8s20n17.txt,BBLCT,20,8,128,26,1200.0,1,0.8,5,3.9,11,1198.22,185.9,1044,true,completed
BF_BF30_h8s20n18.txt,BBLCT,20,8,128,26,1200.0,1,0.8,2,1.6,7,1103.45,3.6,1,true,completed
BF_BF30_h8s20n19.txt,BBLCT,20,8,128,26,1200.0,0,0.0,6,4.7,10,1149.69,7162.7,36575,true,completed
BF_BF30_h8s20n2.txt,BBLCT,20,8,128,26,1200.0,1,0.8,3,2.3,7,1078.86,4.0,1,true,completed
BF_BF30_h8s20n20.txt,BBLCT,20,8,128,26,1200.0,2,1.6,4,3.1,7,893.02,3595092.6,17489920,false,cpu_limit
BF_BF30_h8s20n3.txt,BBLCT,20,8,128,26,1200.0,1,0.8,6,4.7,10,1196.31,188.8,1600,true,completed
BF_BF30_h8s20n4.txt,BBLCT,20,8,128,26,1200.0,1,0.8,5,3.9,9,1056.52,3595208.8,17631232,false,cpu_limit
BF_BF30_h8s20n5.txt,BBLCT,20,8,128,26,1200.0,1,0.8,3,2.3,6,656.57,3595209.2,20124672,false,cpu_limit
BF_BF30_h8s20n6.txt,BBLCT,20,8,128,26,1200.0,0,0.0,3,2.3,8,1152.07,4.1,1,true,completed
BF_BF30_h8s20n7.txt,BBLCT,20,8,128,26,1200.0,2,1.6,9,7.0,10,1188.40,1174042.8,5861322,true,completed
BF_BF30_h8s20n8.txt,BBLCT,20,8,128,26,1200.0,1,0.8,3,2.3,6,643.19,3595091.7,17402880,false,cpu_limit
BF_BF30_h8s20n9.txt,BBLCT,20,8,128,26,1200.0,3,2.3,5,3.9,6,672.69,35.9,295,true,completed
BF_BF31_h8s20n1.txt,BBLCT,20,8,128,52,1200.0,0,0.0,1,0.8,3,391.38,42.2,189,true,completed
BF_BF31_h8s20n10.txt,BBLCT,20,8,128,52,1200.0,0,0.0,4,3.1,8,1066.13,7.5,1,true,completed
BF_BF31_h8s20n11.txt,BBLCT,20,8,128,52,1200.0,0,0.0,2,1.6,8,1054.65,7.8,1,true,completed
BF_BF31_h8s20n12.txt,BBLCT,20,8,128,52,1200.0,1,0.8,4,3.1,8,930.88,1130864.9,4413781,true,completed
BF_BF31_h8s20n13.txt,BBLCT,20,8,128,52,1200.0,1,0.8,7,5.5,9,950.46,3595130.5,14354432,false,cpu_limit
BF_BF31_h8s20n14.txt,BBLCT,20,8,128,52,1200.0,0,0.0,3,2.3,9,1132.72,7.5,1,true,completed
BF_BF31_h8s20n15.txt,BBLCT,20,8,128,52,1200.0,0,0.0,7,5.5,11,1161.60,274.6,1695,true,completed
BF_BF31_h8s20n16.txt,BBLCT,20,8,128,52,1200.0,2,1.6,6,4.7,10,1158.26,15.7,66,true,completed
BF_BF31_h8s20n17.txt,BBLCT,20,8,128,52,1200.0,0,0.0,4,3.1,11,1143.48,145.3,1003,true,completed
BF_BF31_h8s20n18.txt,BBLCT,20,8,128,52,1200.0,0,0.0,5,3.9,10,974.42,3595082.6,23886848,false,cpu_limit
BF_BF31_h8s20n19.txt,BBLCT,20,8,128,52,1200.0,0,0.0,2,1.6,8,1107.82,8.3,4,true,completed
BF_BF31_h8s20n2.txt,BBLCT,20,8,128,52,1200.0,3,2.3,6,4.7,10,1178.31,1047.2,3849,true,completed
BF_BF31_h8s20n20.txt,BBLCT,20,8,128,52,1200.0,0,0.0,3,2.3,9,1166.66,196.1,1574,true,completed
BF_BF31_h8s20n3.txt,BBLCT,20,8,128,52,1200.0,3,2.3,6,4.7,9,1094.44,7.5,1,true,completed
BF_BF31_h8s20n4.txt,BBLCT,20,8,128,52,1200.0,2,1.6,5,3.9,7,938.64,145257.2,565934,true,completed
BF_BF31_h8s20n5.txt,BBLCT,20,8,128,52,1200.0,0,0.0,5,3.9,11,1182.34,9221.5,57705,true,completed
BF_BF31_h8s20n6.txt,BBLCT,20,8,128,52,1200.0,1,0.8,3,2.3,7,1126.38,1206.3,4680,true,completed
BF_BF31_h8s20n7.txt,BBLCT,20,8,128,52,1200.0,0,0.0,3,2.3,8,1051.97,7.7,1,true,completed
BF_BF31_h8s20n8.txt,BBLCT,20,8,128,52,1200.0,0,0.0,4,3.1,10,1165.46,194.1,1484,true,completed
BF_BF31_h8s20n9.txt,BBLCT,20,8,128,52,1200.0,1,0.8,5,3.9,7,754.02,3595168.0,22658048,false,cpu_limit
BF_BF32_h8s20n1.txt,BBLCT,20,8,128,52,1200.0,0,0.0,4,3.1,9,954.60,121.8,1206,true,completed
BF_BF32_h8s20n10.txt,BBLCT,20,8,128,52,1200.0,0,0.0,2,1.6,8,1068.55,242.1,2551,true,completed
BF_BF32_h8s20n11.txt,BBLCT,20,8,128,52,1200.0,0,0.0,4,3.1,11,1199.11,335318.9,2043517,true,completed
BF_BF32_h8s20n12.txt,BBLCT,20,8,128,52,1200.0,1,0.8,5,3.9,9,935.11,3595094.8,16107520,false,cpu_limit
BF_BF32_h8s20n13.txt,BBLCT,20,8,128,52,1200.0,1,0.8,4,3.1,9,1096.33,8.0,1,true,completed
BF_BF32_h8s20n14.txt,BBLCT,20,8,128,52,1200.0,0,0.0,2,1.6,8,1101.94,66.4,214,true,completed
BF_BF32_h8s20n15.txt,BBLCT,20,8,128,52,1200.0,0,0.0,3,2.3,7,940.17,1288999.8,6764697,true,completed
BF_BF32_h8s20n16.txt,BBLCT,20,8,128,52,1200.0,1,0.8,6,4.7,9,1199.14,23354.7,85262,true,completed
BF_BF32_h8s20n17.txt,BBLCT,20,8,128,52,1200.0,0,0.0,4,3.1,10,1042.49,376.2,2256,true,completed
BF_BF32_h8s20n18.txt,BBLCT,20,8,128,52,1200.0,0,0.0,4,3.1,8,1179.29,7.7,1,true,completed
BF_BF32_h8s20n19.txt,BBLCT,20,8,128,52,1200.0,1,0.8,3,2.3,5,461.53,130.4,1086,true,completed
BF_BF32_h8s20n2.txt,BBLCT,20,8,128,52,1200.0,0,0.0,6,4.7,11,1183.83,3595164.8,13325312,false,cpu_limit
BF_BF32_h8s20n20.txt,BBLCT,20,8,128,52,1200.0,0,0.0,1,0.8,3,399.43,48.6,465,true,completed
BF_BF32_h8s20n3.txt,BBLCT,20,8,128,52,1200.0,1,0.8,3,2.3,9,1079.44,177.4,1068,true,completed
BF_BF32_h8s20n4.txt,BBLCT,20,8,128,52,1200.0,1,0.8,3,2.3,9,1087.28,8.7,1,true,completed
BF_BF32_h8s20n5.txt,BBLCT,20,8,128,52,1200.0,0,0.0,3,2.3,10,1199.58,123713.0,608867,true,completed
BF_BF32_h8s20n6.txt,BBLCT,20,8,128,52,1200.0,0,0.0,4,3.1,8,1101.52,8.8,1,true,completed
BF_BF32_h8s20n7.txt,BBLCT,20,8,128,52,1200.0,0,0.0,6,4.7,10,1190.98,93385.2,427519,true,completed
BF_BF32_h8s20n8.txt,BBLCT,20,8,128,52,1200.0,0,0.0,3,2.3,8,1158.73,114.3,1116,true,completed
BF_BF32_h8s20n9.txt,BBLCT,20,8,128,52,1200.0,0,0.0,2,1.6,10,1180.10,157.6,655,true,completed
BF_BF3_h5s16n1.txt,BBLCT,16,5,48,20,1200.0,1,2.1,14,29.2,9,1180.40,245.5,4340,true,completed
BF_BF3_h5s16n10.txt,BBLCT,16,5,48,20,1200.0,1,2.1,11,22.9,10,1152.60,18677.6,190080,true,completed
BF_BF3_h5s16n11.txt,BBLCT,16,5,48,20,1200.0,0,0.0,10,20.8,10,1185.07,1.9,1,true,completed
BF_BF3_h5s16n12.txt,BBLCT,16,5,48,20,1200.0,1,2.1,9,18.8,12,1199.63,1228839.5,22941849,true,completed
BF_BF3_h5s16n13.txt,BBLCT,16,5,48,20,1200.0,1,2.1,9,18.8,11,1199.56,954.7,16308,true,completed
BF_BF3_h5s16n14.txt,BBLCT,16,5,48,20,1200.0,2,4.2,9,18.8,11,1185.93,711.6,7109,true,completed
BF_BF3_h5s16n15.txt,BBLCT,16,5,48,20,1200.0,0,0.0,13,27.1,11,1183.27,89.0,1602,true,completed
BF_BF3_h5s16n16.txt,BBLCT,16,5,48,20,1200.0,1,2.1,18,37.5,10,1059.67,3085.6,47626,true,completed
BF_BF3_h5s16n17.txt,BBLCT,16,5,48,20,1200.0,1,2.1,10,20.8,10,1120.81,341189.7,2663012,true,completed
BF_BF3_h5s16n18.txt,BBLCT,16,5,48,20,1200.0,2,4.2,6,12.5,9,1097.14,894.6,15601,true,completed
BF_BF3_h5s16n19.txt,BBLCT,16,5,48,20,1200.0,1,2.1,8,16.7,10,1121.62,98.1,1300,true,completed
BF_BF3_h5s16n2.txt,BBLCT,16,5,48,20,1200.0,0,0.0,9,18.8,11,1198.55,280938.4,2466484,true,completed
BF_BF3_h5s16n20.txt,BBLCT,16,5,48,20,1200.0,1,2.1,9,18.8,12,1199.80,1498650.2,17267313,true,completed
BF_BF3_h5s16n3.txt,BBLCT,16,5,48,20,1200.0,2,4.2,13,27.1,11,1191.10,290.1,3193,true,completed
BF_BF3_h5s16n4.txt,BBLCT,16,5,48,20,1200.0,1,2.1,8,16.7,8,846.71,1053444.6,17993511,true,completed
BF_BF3_h5s16n5.txt,BBLCT,16,5,48,20,1200.0,1,2.1,9,18.8,9,1103.00,1.8,1,true,completed
BF_BF3_h5s16n6.txt,BBLCT,16,5,48,20,1200.0,1,2.1,9,18.8,10,1069.34,116.7,1777,true,completed
BF_BF3_h5s16n7.txt,BBLCT,16,5,48,20,1200.0,1,2.1,10,20.8,12,1199.01,667348.3,7213559,true,completed
BF_BF3_h5s16n8.txt,BBLCT,16,5,48,20,1200.0,0,0.0,10,20.8,10,964.38,3595128.7,32866304,false,cpu_limit
BF_BF3_h5s16n9.txt,BBLCT,16,5,48,20,1200.0,1,2.1,5,10.4,8,1106.97,3.1,24,true,completed
BF_BF4_h5s16n1.txt,BBLCT,16,5,48,20,1200.0,0,0.0,6,12.5,11,1160.05,22.5,584,true,completed
BF_BF4_h5s16n10.txt,BBLCT,16,5,48,20,1200.0,0,0.0,9,18.8,11,1162.25,33.7,648,true,completed
BF_BF4_h5s16n11.txt,BBLCT,16,5,48,20,1200.0,0,0.0,7,14.6,11,1193.59,80122.6,1595502,true,completed
BF_BF4_h5s16n12.txt,BBLCT,16,5,48,20,1200.0,0,0.0,6,12.5,8,808.53,30438.6,634566,true,completed
BF_BF4_h5s16n13.txt,BBLCT,16,5,48,20,1200.0,1,2.1,11,22.9,9,1094.02,35724.0,748483,true,completed
BF_BF4_h5s16n14.txt,BBLCT,16,5,48,20,1200.0,1,2.1,14,29.2,10,985.22,3595045.5,49671168,false,cpu_limit
BF_BF4_h5s16n15.txt,BBLCT,16,5,48,20,1200.0,0,0.0,4,8.3,9,1135.79,98.1,2768,true,completed
BF_BF4_h5s16n16.txt,BBLCT,16,5,48,20,1200.0,1,2.1,7,14.6,9,1105.08,6.7,143,true,completed
BF_BF4_h5s16n17.txt,BBLCT,16,5,48,20,1200.0,1,2.1,7,14.6,9,1114.79,122788.3,2198206,true,completed
BF_BF4_h5s16n18.txt,BBLCT,16,5,48,20,1200.0,1,2.1,6,12.5,8,884.12,124851.1,3284171,true,completed
BF_BF4_h5s16n19.txt,BBLCT,16,5,48,20,1200.0,1,2.1,10,20.8,11,1189.28,22518.1,276324,true,completed
BF_BF4_h5s16n2.txt,BBLCT,16,5,48,20,1200.0,1,2.1,7,14.6,9,1077.42,686.5,14749,true,completed
BF_BF4_h5s16n20.txt,BBLCT,16,5,48,20,1200.0,1,2.1,10,20.8,11,1190.55,49.2,749,true,completed
BF_BF4_h5s16n3.txt,BBLCT,16,5,48,20,1200.0,0,0.0,12,25.0,8,780.12,3595053.2,63312896,false,cpu_limit
BF_BF4_h5s16n4.txt,BBLCT,16,5,48,20,1200.0,0,0.0,5,10.4,9,1165.37,6.3,131,true,completed
BF_BF4_h5s16n5.txt,BBLCT,16,5,48,20,1200.0,0,0.0,3,6.2,7,822.64,13775.8,343482,true,completed
BF_BF4_h5s16n6.txt,BBLCT,16,5,48,20,1200.0,2,4.2,12,25.0,11,1194.96,10003.4,124702,true,completed
BF_BF4_h5s16n7.txt,BBLCT,16,5,48,20,1200.0,0,0.0,8,16.7,9,1134.94,1297.7,31145,true,completed
BF_BF4_h5s16n8.txt,BBLCT,16,5,48,20,1200.0,0,0.0,3,6.2,9,1054.74,3595056.5,43483136,false,cpu_limit
BF_BF4_h5s16n9.txt,BBLCT,16,5,48,20,1200.0,0,0.0,6,12.5,11,1199.20,493967.7,6725102,true,completed
BF_BF5_h5s16n1.txt,BBLCT,16,5,64,13,1200.0,1,1.6,6,9.4,9,949.11,3595030.6,45841408,false,cpu_limit
BF_BF5_h5s16n10.txt,BBLCT,16,5,64,13,1200.0,1,1.6,16,25.0,12,1199.02,236239.2,2924463,true,completed
BF_BF5_h5s16n11.txt,BBLCT,16,5,64,13,1200.0,1,1.6,8,12.5,11,1182.80,42.1,810,true,completed
BF_BF5_h5s16n12.txt,BBLCT,16,5,64,13,1200.0,1,1.6,10,15.6,12,1196.59,2908.7,32177,true,completed
BF_BF5_h5s16n13.txt,BBLCT,16,5,64,13,1200.0,0,0.0,7,10.9,11,995.99,3595047.1,38443008,false,cpu_limit
BF_BF5_h5s16n14.txt,BBLCT,16,5,64,13,1200.0,2,3.1,12,18.8,11,1189.12,44285.7,750472,true,completed
BF_BF5_h5s16n15.txt,BBLCT,16,5,64,13,1200.0,3,4.7,8,12.5,9,1089.61,721.5,15034,true,completed
BF_BF5_h5s16n16.txt,BBLCT,16,5,64,13,1200.0,1,1.6,4,6.2,7,728.47,576990.2,17008735,true,completed
BF_BF5_h5s16n17.txt,BBLCT,16,5,64,13,1200.0,1,1.6,9,14.1,9,885.00,3595091.6,38128640,false,cpu_limit
BF_BF5_h5s16n18.txt,BBLCT,16,5,64,13,1200.0,1,1.6,5,7.8,10,1032.04,3595092.2,44491776,false,cpu_limit
BF_BF5_h5s16n19.txt,BBLCT,16,5,64,13,1200.0,2,3.1,8,12.5,12,1197.43,47786.2,709963,true,completed
BF_BF5_h5s16n2.txt,BBLCT,16,5,64,13,1200.0,1,1.6,12,18.8,12,1199.56,208350.0,2734883,true,completed
BF_BF5_h5s16n20.txt,BBLCT,16,5,64,13,1200.0,2,3.1,9,14.1,11,1191.69,12741.2,162171,true,completed
BF_BF5_h5s16n3.txt,BBLCT,16,5,64,13,1200.0,2,3.1,9,14.1,10,1107.28,5564.9,113453,true,completed
BF_BF5_h5s16n4.txt,BBLCT,16,5,64,13,1200.0,4,6.2,16,25.0,12,1194.12,17726.7,195921,true,completed
BF_BF5_h5s16n5.txt,BBLCT,16,5,64,13,1200.0,1,1.6,13,20.3,10,1122.63,377316.4,4499596,true,completed
BF_BF5_h5s16n6.txt,BBLCT,16,5,64,13,1200.0,0,0.0,12,18.8,12,1198.46,1708692.9,17338287,true,completed
BF_BF5_h5s16n7.txt,BBLCT,16,5,64,13,1200.0,0,0.0,7,10.9,12,1197.59,11286.7,148747,true,completed
BF_BF5_h5s16n8.txt,BBLCT,16,5,64,13,1200.0,0,0.0,4,6.2,10,1112.83,1.4,1,true,completed
BF_BF5_h5s16n9.txt,BBLCT,16,5,64,13,1200.0,1,1.6,8,12.5,11,1125.73,1.6,1,true,completed
BF_BF6_h5s16n1.txt,BBLCT,16,5,64,13,1200.0,2,3.1,10,15.6,11,1197.26,135591.6,1986195,true,completed
BF_BF6_h5s16n10.txt,BBLCT,16,5,64,13,1200.0,1,1.6,9,14.1,11,1196.74,25.6,489,true,completed
BF_BF6_h5s16n11.txt,BBLCT,16,5,64,13,1200.0,0,0.0,3,4.7,7,803.12,34470.4,1158129,true,completed
BF_BF6_h5s16n12.txt,BBLCT,16,5,64,13,1200.0,0,0.0,6,9.4,8,874.14,1994015.2,25783424,true,completed
BF_BF6_h5s16n13.txt,BBLCT,16,5,64,13,1200.0,2,3.1,5,7.8,9,1112.03,163007.5,2616771,true,completed
BF_BF6_h5s16n14.txt,BBLCT,16,5,64,13,1200.0,1,1.6,12,18.8,9,873.35,3595078.4,72207360,false,cpu_limit
BF_BF6_h5s16n15.txt,BBLCT,16,5,64,13,1200.0,0,0.0,13,20.3,11,1191.44,23904.5,355929,true,completed
BF_BF6_h5s16n16.txt,BBLCT,16,5,64,13,1200.0,2,3.1,10,15.6,9,1095.95,76949.7,1959944,true,completed
BF_BF6_h5s16n17.txt,BBLCT,16,5,64,13,1200.0,0,0.0,5,7.8,10,1190.60,254401.2,4047532,true,completed
BF_BF6_h5s16n18.txt,BBLCT,16,5,64,13,1200.0,0,0.0,7,10.9,11,1172.51,25.7,385,true,completed
BF_BF6_h5s16n19.txt,BBLCT,16,5,64,13,1200.0,2,3.1,7,10.9,9,1101.79,17587.9,254130,true,completed
BF_BF6_h5s16n2.txt,BBLCT,16,5,64,13,1200.0,1,1.6,4,6.2,7,745.75,223341.9,6075220,true,completed
BF_BF6_h5s16n20.txt,BBLCT,16,5,64,13,1200.0,0,0.0,10,15.6,12,1199.49,389.0,5393,true,completed
BF_BF6_h5s16n3.txt,BBLCT,16,5,64,13,1200.0,2,3.1,8,12.5,10,1121.93,26088.7,664461,true,completed
BF_BF6_h5s16n4.txt,BBLCT,16,5,64,13,1200.0,0,0.0,4,6.2,10,1113.19,24.2,684,true,completed
BF_BF6_h5s16n5.txt,BBLCT,16,5,64,13,1200.0,2,3.1,6,9.4,11,1198.65,24012.9,394338,true,completed
BF_BF6_h5s16n6.txt,BBLCT,16,5,64,13,1200.0,0,0.0,4,6.2,9,1089.58,1.3,2,true,completed
BF_BF6_h5s16n7.txt,BBLCT,16,5,64,13,1200.0,0,0.0,8,12.5,10,1182.10,46639.1,566175,true,completed
BF_BF6_h5s16n8.txt,BBLCT,16,5,64,13,1200.0,1,1.6,11,17.2,9,1097.83,1.9,21,true,completed
BF_BF6_h5s16n9.txt,BBLCT,16,5,64,13,1200.0,5,7.8,11,17.2,10,1113.67,89894.2,1093630,true,completed
BF_BF7_h5s16n1.txt,BBLCT,16,5,64,26,1200.0,1,1.6,8,12.5,11,1182.42,33.3,555,true,completed
BF_BF7_h5s16n10.txt,BBLCT,16,5,64,26,1200.0,2,3.1,9,14.1,11,1164.62,133.8,1228,true,completed
BF_BF7_h5s16n11.txt,BBLCT,16,5,64,26,1200.0,1,1.6,8,12.5,11,1169.42,20.8,396,true,completed
BF_BF7_h5s16n12.txt,BBLCT,16,5,64,26,1200.0,1,1.6,10,15.6,10,1182.63,41.3,534,true,completed
BF_BF7_h5s16n13.txt,BBLCT,16,5,64,26,1200.0,0,0.0,7,10.9,10,994.58,3595076.3,60122112,false,cpu_limit
BF_BF7_h5s16n14.txt,BBLCT,16,5,64,26,1200.0,1,1.6,5,7.8,9,1094.59,12503.7,298089,true,completed
BF_BF7_h5s16n15.txt,BBLCT,16,5,64,26,1200.0,2,3.1,10,15.6,11,1198.04,72464.0,1530652,true,completed
BF_BF7_h5s16n16.txt,BBLCT,16,5,64,26,1200.0,1,1.6,9,14.1,11,1190.88,358759.7,3888863,true,completed
BF_BF7_h5s16n17.txt,BBLCT,16,5,64,26,1200.0,0,0.0,4,6.2,9,855.34,3595144.1,29475840,false,cpu_limit
BF_BF7_h5s16n18.txt,BBLCT,16,5,64,26,1200.0,3,4.7,6,9.4,9,1092.04,1451.8,26143,true,completed
BF_BF7_h5s16n19.txt,BBLCT,16,5,64,26,1200.0,0,0.0,11,17.2,11,1198.31,54149.7,555241,true,completed
BF_BF7_h5s16n2.txt,BBLCT,16,5,64,26,1200.0,1,1.6,8,12.5,10,1100.70,5543.4,100453,true,completed
BF_BF7_h5s16n20.txt,BBLCT,16,5,64,26,1200.0,1,1.6,9,14.1,10,1121.00,3.0,1,true,completed
BF_BF7_h5s16n3.txt,BBLCT,16,5,64,26,1200.0,1,1.6,7,10.9,10,1071.85,3595043.1,72104960,false,cpu_limit
BF_BF7_h5s16n4.txt,BBLCT,16,5,64,26,1200.0,2,3.1,13,20.3,11,1199.68,7466.6,89468,true,completed
BF_BF7_h5s16n5.txt,BBLCT,16,5,64,26,1200.0,0,0.0,6,9.4,10,1105.95,3595048.8,72426496,false,cpu_limit
BF_BF7_h5s16n6.txt,BBLCT,16,5,64,26,1200.0,1,1.6,9,14.1,12,1199.07,3595119.1,34532352,false,cpu_limit
BF_BF7_h5s16n7.txt,BBLCT,16,5,64,26,1200.0,1,1.6,9,14.1,11,1189.16,43.4,707,true,completed
BF_BF7_h5s16n8.txt,BBLCT,16,5,64,26,1200.0,0,0.0,10,15.6,8,854.71,3595074.6,50958336,false,cpu_limit
BF_BF7_h5s16n9.txt,BBLCT,16,5,64,26,1200.0,0,0.0,9,14.1,10,1141.70,1129.4,20217,true,completed
BF_BF8_h5s16n1.txt,BBLCT,16,5,64,26,1200.0,1,1.6,9,14.1,10,1037.55,903716.7,11211708,true,completed
BF_BF8_h5s16n10.txt,BBLCT,16,5,64,26,1200.0,0,0.0,3,4.7,8,807.52,48049.2,1235767,true,completed
BF_BF8_h5s16n11.txt,BBLCT,16,5,64,26,1200.0,0,0.0,11,17.2,11,1192.56,669962.3,10886239,true,completed
BF_BF8_h5s16n12.txt,BBLCT,16,5,64,26,1200.0,0,0.0,6,9.4,8,861.66,665743.7,8412017,true,completed
BF_BF8_h5s16n13.txt,BBLCT,16,5,64,26,1200.0,0,0.0,4,6.2,9,1120.58,12795.9,411386,true,completed
BF_BF8_h5s16n14.txt,BBLCT,16,5,64,26,1200.0,0,0.0,6,9.4,9,1187.78,2.3,1,true,completed
BF_BF8_h5s16n15.txt,BBLCT,16,5,64,26,1200.0,1,1.6,9,14.1,11,1169.00,13.8,335,true,completed
BF_BF8_h5s16n16.txt,BBLCT,16,5,64,26,1200.0,1,1.6,6,9.4,10,1042.87,37.1,769,true,completed
BF_BF8_h5s16n17.txt,BBLCT,16,5,64,26,1200.0,0,0.0,5,7.8,9,1123.29,134.3,4125,true,completed
BF_BF8_h5s16n18.txt,BBLCT,16,5,64,26,1200.0,1,1.6,9,14.1,11,1195.82,148526.1,3475000,true,completed
BF_BF8_h5s16n19.txt,BBLCT,16,5,64,26,1200.0,1,1.6,5,7.8,9,1107.25,3.2,1,true,completed
BF_BF8_h5s16n2.txt,BBLCT,16,5,64,26,1200.0,0,0.0,6,9.4,8,811.28,137533.7,2580563,true,completed
BF_BF8_h5s16n20.txt,BBLCT,16,5,64,26,1200.0,1,1.6,7,10.9,11,1183.04,21.7,459,true,completed
BF_BF8_h5s16n3.txt,BBLCT,16,5,64,26,1200.0,1,1.6,7,10.9,11,1177.63,155.4,2536,true,completed
BF_BF8_h5s16n4.txt,BBLCT,16,5,64,26,1200.0,1,1.6,9,14.1,10,1123.52,409970.8,7850648,true,completed
BF_BF8_h5s16n5.txt,BBLCT,16,5,64,26,1200.0,1,1.6,10,15.6,11,1163.39,26.5,571,true,completed
BF_BF8_h5s16n6.txt,BBLCT,16,5,64,26,1200.0,0,0.0,9,14.1,12,1199.78,140.3,2748,true,completed
BF_BF8_h5s16n7.txt,BBLCT,16,5,64,26,1200.0,2,3.1,7,10.9,11,1196.80,17.3,362,true,completed
BF_BF8_h5s16n8.txt,BBLCT,16,5,64,26,1200.0,1,1.6,10,15.6,9,969.85,3595090.4,38953984,false,cpu_limit
BF_BF8_h5s16n9.txt,BBLCT,16,5,64,26,1200.0,1,1.6,5,7.8,9,1171.78,2.6,4,true,completed
BF_BF9_h8s16n1.txt,BBLCT,16,8,77,16,1200.0,0,0.0,2,2.6,7,1073.10,1.5,1,true,completed
BF_BF9_h8s16n10.txt,BBLCT,16,8,77,16,1200.0,1,1.3,4,5.2,8,1172.40,1.6,1,true,completed
BF_BF9_h8s16n11.txt,BBLCT,16,8,77,16,1200.0,2,2.6,7,9.1,7,882.06,3595076.6,27725824,false,cpu_limit
BF_BF9_h8s16n12.txt,BBLCT,16,8,77,16,1200.0,1,1.3,3,3.9,7,1088.48,1.5,1,true,completed
BF_BF9_h8s16n13.txt,BBLCT,16,8,77,16,1200.0,1,1.3,4,5.2,8,1190.12,1.5,1,true,completed
BF_BF9_h8s16n14.txt,BBLCT,16,8,77,16,1200.0,2,2.6,4,5.2,8,1188.25,1.5,1,true,completed
BF_BF9_h8s16n15.txt,BBLCT,16,8,77,16,1200.0,3,3.9,8,10.4,9,1126.58,105694.6,741991,true,completed
BF_BF9_h8s16n16.txt,BBLCT,16,8,77,16,1200.0,1,1.3,8,10.4,8,1189.65,1.5,1,true,completed
BF_BF9_h8s16n17.txt,BBLCT,16,8,77,16,1200.0,2,2.6,4,5.2,9,1171.29,22.6,140,true,completed
BF_BF9_h8s16n18.txt,BBLCT,16,8,77,16,1200.0,3,3.9,5,6.5,7,1120.05,1.5,1,true,completed
BF_BF9_h8s16n19.txt,BBLCT,16,8,77,16,1200.0,1,1.3,4,5.2,6,805.04,3595129.9,24506368,false,cpu_limit
BF_BF9_h8s16n2.txt,BBLCT,16,8,77,16,1200.0,1,1.3,3,3.9,7,1085.04,1.5,1,true,completed
BF_BF9_h8s16n20.txt,BBLCT,16,8,77,16,1200.0,1,1.3,5,6.5,8,1168.02,1363171.5,9349061,true,completed
BF_BF9_h8s16n3.txt,BBLCT,16,8,77,16,1200.0,1,1.3,4,5.2,8,1180.77,1.6,1,true,completed
BF_BF9_h8s16n4.txt,BBLCT,16,8,77,16,1200.0,1,1.3,3,3.9,7,1097.32,1.8,5,true,completed
BF_BF9_h8s16n5.txt,BBLCT,16,8,77,16,1200.0,3,3.9,4,5.2,7,1065.34,1.5,1,true,completed
BF_BF9_h8s16n6.txt,BBLCT,16,8,77,16,1200.0,1,1.3,4,5.2,8,1155.32,1.5,1,true,completed
BF_BF9_h8s16n7.txt,BBLCT,16,8,77,16,1200.0,1,1.3,7,9.1,9,1142.86,20610.7,143068,true,completed
BF_BF9_h8s16n8.txt,BBLCT,16,8,77,16,1200.0,4,5.2,7,9.1,8,1076.38,1.6,1,true,completed
BF_BF9_h8s16n9.txt,BBLCT,16,8,77,16,1200.0,1,1.3,8,10.4,8,1142.82,94.9,1146,true,completed
BZ_h4s3f50p2n1.txt,BBLCT,3,4,6,2,600.0,0,0.0,6,100.0,3,316.52,0.2,1,true,completed
BZ_h4s3f50p2n10.txt,BBLCT,3,4,6,2,600.0,0,0.0,6,100.0,2,215.59,0.2,1,true,completed
BZ_h4s3f50p2n11.txt,BBLCT,3,4,6,2,600.0,1,16.7,6,100.0,1,108.07,0.2,1,true,completed
BZ_h4s3f50p2n12.txt,BBLCT,3,4,6,2,600.0,2,33.3,6,100.0,1,102.84,0.2,1,true,completed
BZ_h4s3f50p2n13.txt,BBLCT,3,4,6,2,600.0,1,16.7,6,100.0,4,444.71,0.2,1,true,completed
BZ_h4s3f50p2n14.txt,BBLCT,3,4,6,2,600.0,1,16.7,6,100.0,2,212.82,0.2,1,true,completed
BZ_h4s3f50p2n15.txt,BBLCT,3,4,6,2,600.0,3,50.0,6,100.0,3,335.61,0.2,1,true,completed
BZ_h4s3f50p2n16.txt,BBLCT,3,4,6,2,600.0,2,33.3,6,100.0,3,311.66,0.2,1,true,completed
BZ_h4s3f50p2n17.txt,BBLCT,3,4,6,2,600.0,2,33.3,6,100.0,2,233.55,0.2,1,true,completed
BZ_h4s3f50p2n18.txt,BBLCT,3,4,6,2,600.0,3,50.0,6,100.0,1,120.84,0.2,1,true,completed
BZ_h4s3f50p2n19.txt,BBLCT,3,4,6,2,600.0,2,33.3,6,100.0,2,219.55,0.2,1,true,completed
BZ_h4s3f50p2n2.txt,BBLCT,3,4,6,2,600.0,2,33.3,6,100.0,2,197.64,0.2,1,true,completed
BZ_h4s3f50p2n20.txt,BBLCT,3,4,6,2,600.0,3,50.0,6,100.0,2,228.26,0.2,1,true,completed
BZ_h4s3f50p2n3.txt,BBLCT,3,4,6,2,600.0,1,16.7,6,100.0,1,108.07,0.2,1,true,completed
BZ_h4s3f50p2n4.txt,BBLCT,3,4,6,2,600.0,3,50.0,6,100.0,2,236.04,0.2,1,true,completed
BZ_h4s3f50p2n5.txt,BBLCT,3,4,6,2,600.0,1,16.7,6,100.0,3,284.21,0.2,1,true,completed
BZ_h4s3f50p2n6.txt,BBLCT,3,4,6,2,600.0,0,0.0,6,100.0,2,212.80,0.2,1,true,completed
BZ_h4s3f50p2n7.txt,BBLCT,3,4,6,2,600.0,1,16.7,6,100.0,1,104.17,0.2,1,true,completed
BZ_h4s3f50p2n8.txt,BBLCT,3,4,6,2,600.0,0,0.0,6,100.0,4,429.49,0.2,1,true,completed
BZ_h4s3f50p2n9.txt,BBLCT,3,4,6,2,600.0,1,16.7,6,100.0,1,95.06,0.2,1,true,completed
BZ_h4s3f50p3n1.txt,BBLCT,3,4,6,3,600.0,1,16.7,4,66.7,1,105.22,0.2,44,true,completed
BZ_h4s3f50p3n10.txt,BBLCT,3,4,6,3,600.0,2,33.3,6,100.0,3,308.94,0.2,1,true,completed
BZ_h4s3f50p3n11.txt,BBLCT,3,4,6,3,600.0,1,16.7,6,100.0,2,201.51,0.2,1,true,completed
BZ_h4s3f50p3n12.txt,BBLCT,3,4,6,3,600.0,2,33.3,6,100.0,3,305.06,0.2,1,true,completed
BZ_h4s3f50p3n13.txt,BBLCT,3,4,6,3,600.0,0,0.0,6,100.0,2,218.34,0.1,1,true,completed
BZ_h4s3f50p3n14.txt,BBLCT,3,4,6,3,600.0,1,16.7,6,100.0,4,425.34,0.2,1,true,completed
BZ_h4s3f50p3n15.txt,BBLCT,3,4,6,3,600.0,0,0.0,6,100.0,5,548.15,0.2,1,true,completed
BZ_h4s3f50p3n16.txt,BBLCT,3,4,6,3,600.0,1,16.7,6,100.0,2,228.36,0.1,1,true,completed
BZ_h4s3f50p3n17.txt,BBLCT,3,4,6,3,600.0,0,0.0,6,100.0,2,212.64,0.2,1,true,completed
BZ_h4s3f50p3n18.txt,BBLCT,3,4,6,3,600.0,2,33.3,6,100.0,1,102.99,0.2,1,true,completed
BZ_h4s3f50p3n19.txt,BBLCT,3,4,6,3,600.0,0,0.0,6,100.0,2,214.31,0.1,1,true,completed
BZ_h4s3f50p3n2.txt,BBLCT,3,4,6,3,600.0,1,16.7,6,100.0,2,211.51,0.2,1,true,completed
BZ_h4s3f50p3n20.txt,BBLCT,3,4,6,3,600.0,2,33.3,6,100.0,1,126.02,0.1,1,true,completed
BZ_h4s3f50p3n3.txt,BBLCT,3,4,6,3,600.0,3,50.0,6,100.0,3,297.47,0.2,1,true,completed
BZ_h4s3f50p3n4.txt,BBLCT,3,4,6,3,600.0,0,0.0,6,100.0,4,422.59,0.2,1,true,completed
BZ_h4s3f50p3n5.txt,BBLCT,3,4,6,3,600.0,1,16.7,6,100.0,2,193.74,0.2,1,true,completed
BZ_h4s3f50p3n6.txt,BBLCT,3,4,6,3,600.0,0,0.0,6,100.0,3,284.21,0.2,1,true,completed
BZ_h4s3f50p3n7.txt,BBLCT,3,4,6,2,600.0,0,0.0,6,100.0,1,109.17,0.2,1,true,completed
BZ_h4s3f50p3n8.txt,BBLCT,3,4,6,3,600.0,0,0.0,6,100.0,2,215.63,0.2,1,true,completed
BZ_h4s3f50p3n9.txt,BBLCT,3,4,6,3,600.0,0,0.0,6,100.0,2,236.04,0.2,1,true,completed
BZ_h4s3f50p6n1.txt,BBLCT,3,4,6,6,600.0,0,0.0,6,100.0,2,215.65,0.2,1,true,completed
BZ_h4s3f50p6n10.txt,BBLCT,3,4,6,6,600.0,1,16.7,6,100.0,4,411.54,0.2,1,true,completed
BZ_h4s3f50p6n11.txt,BBLCT,3,4,6,6,600.0,0,0.0,6,100.0,4,407.64,0.2,1,true,completed
BZ_h4s3f50p6n12.txt,BBLCT,3,4,6,6,600.0,2,33.3,6,100.0,3,351.23,0.2,1,true,completed
BZ_h4s3f50p6n13.txt,BBLCT,3,4,6,5,600.0,1,16.7,6,100.0,1,99.99,0.2,1,true,completed
BZ_h4s3f50p6n14.txt,BBLCT,3,4,6,6,600.0,0,0.0,6,100.0,4,407.64,0.2,1,true,completed
BZ_h4s3f50p6n15.txt,BBLCT,3,4,6,6,600.0,0,0.0,6,100.0,2,233.55,0.2,1,true,completed
BZ_h4s3f50p6n16.txt,BBLCT,3,4,6,5,600.0,1,16.7,6,100.0,1,125.98,0.2,1,true,completed
BZ_h4s3f50p6n17.txt,BBLCT,3,4,6,6,600.0,2,33.3,6,100.0,3,351.23,0.2,1,true,completed
BZ_h4s3f50p6n18.txt,BBLCT,3,4,6,6,600.0,1,16.7,6,100.0,4,447.34,0.2,1,true,completed
BZ_h4s3f50p6n19.txt,BBLCT,3,4,6,6,600.0,1,16.7,6,100.0,1,110.47,0.2,1,true,completed
BZ_h4s3f50p6n2.txt,BBLCT,3,4,6,6,600.0,2,33.3,6,100.0,4,439.63,0.2,1,true,completed
BZ_h4s3f50p6n20.txt,BBLCT,3,4,6,4,600.0,0,0.0,6,100.0,1,102.58,0.2,1,true,completed
BZ_h4s3f50p6n3.txt,BBLCT,3,4,6,5,600.0,0,0.0,6,100.0,5,545.90,0.2,1,true,completed
BZ_h4s3f50p6n4.txt,BBLCT,3,4,6,5,600.0,0,0.0,6,100.0,5,511.12,0.2,1,true,completed
BZ_h4s3f50p6n5.txt,BBLCT,3,4,6,6,600.0,2,33.3,6,100.0,5,537.78,0.2,1,true,completed
BZ_h4s3f50p6n6.txt,BBLCT,3,4,6,6,600.0,2,33.3,6,100.0,3,310.14,0.2,1,true,completed
BZ_h4s3f50p6n7.txt,BBLCT,3,4,6,5,600.0,0,0.0,6,100.0,3,316.52,0.2,1,true,completed
BZ_h4s3f50p6n8.txt,BBLCT,3,4,6,6,600.0,0,0.0,6,100.0,5,553.78,0.2,1,true,completed
BZ_h4s3f50p6n9.txt,BBLCT,3,4,6,6,600.0,0,0.0,6,100.0,3,348.38,0.2,1,true,completed
BZ_h4s3f70p2n1.txt,BBLCT,3,4,8,2,600.0,2,25.0,8,100.0,5,499.44,0.2,1,true,completed
BZ_h4s3f70p2n10.txt,BBLCT,3,4,8,2,600.0,3,37.5,8,100.0,2,200.05,0.2,1,true,completed
BZ_h4s3f70p2n11.txt,BBLCT,3,4,8,2,600.0,3,37.5,4,50.0,3,281.67,0.2,44,true,completed
BZ_h4s3f70p2n12.txt,BBLCT,3,4,8,2,600.0,0,0.0,8,100.0,3,284.21,0.3,1,true,completed
BZ_h4s3f70p2n13.txt,BBLCT,3,4,8,2,600.0,0,0.0,1,12.5,2,209.47,0.3,46,true,completed
BZ_h4s3f70p2n14.txt,BBLCT,3,4,8,2,600.0,2,25.0,8,100.0,3,285.72,0.2,1,true,completed
BZ_h4s3f70p2n15.txt,BBLCT,3,4,8,2,600.0,0,0.0,8,100.0,2,184.64,0.2,1,true,completed
BZ_h4s3f70p2n16.txt,BBLCT,3,4,8,2,600.0,1,12.5,8,100.0,1,110.47,0.2,1,true,completed
BZ_h4s3f70p2n17.txt,BBLCT,3,4,8,2,600.0,4,50.0,8,100.0,3,296.09,0.3,1,true,completed
BZ_h4s3f70p2n18.txt,BBLCT,3,4,8,2,600.0,5,62.5,8,100.0,5,500.55,0.2,1,true,completed
BZ_h4s3f70p2n19.txt,BBLCT,3,4,8,2,600.0,3,37.5,8,100.0,5,497.03,0.2,1,true,completed
BZ_h4s3f70p2n2.txt,BBLCT,3,4,8,2,600.0,0,0.0,8,100.0,3,281.98,0.1,1,true,completed
BZ_h4s3f70p2n20.txt,BBLCT,3,4,8,2,600.0,2,25.0,3,37.5,5,503.19,0.2,7,true,completed
BZ_h4s3f70p2n3.txt,BBLCT,3,4,8,2,600.0,2,25.0,8,100.0,1,88.54,0.1,1,true,completed
BZ_h4s3f70p2n4.txt,BBLCT,3,4,8,2,600.0,2,25.0,2,25.0,0,0.00,0.2,64,true,completed
BZ_h4s3f70p2n5.txt,BBLCT,3,4,8,2,600.0,5,62.5,8,100.0,5,503.35,0.2,1,true,completed
BZ_h4s3f70p2n6.txt,BBLCT,3,4,8,2,600.0,3,37.5,8,100.0,3,301.35,0.2,1,true,completed
BZ_h4s3f70p2n7.txt,BBLCT,3,4,8,2,600.0,2,25.0,8,100.0,2,187.02,0.1,1,true,completed
BZ_h4s3f70p2n8.txt,BBLCT,3,4,8,2,600.0,1,12.5,8,100.0,5,499.13,0.2,1,true,completed
BZ_h4s3f70p2n9.txt,BBLCT,3,4,8,2,600.0,0,0.0,8,100.0,1,101.32,0.1,1,true,completed
BZ_h4s3f70p3n1.txt,BBLCT,3,4,8,3,600.0,0,0.0,8,100.0,3,289.44,0.2,1,true,completed
BZ_h4s3f70p3n10.txt,BBLCT,3,4,8,3,600.0,2,25.0,8,100.0,1,102.99,0.1,1,true,completed
BZ_h4s3f70p3n11.txt,BBLCT,3,4,8,3,600.0,0,0.0,3,37.5,5,524.76,0.2,37,true,completed
BZ_h4s3f70p3n12.txt,BBLCT,3,4,8,3,600.0,1,12.5,8,100.0,6,597.84,0.2,31,true,completed
BZ_h4s3f70p3n13.txt,BBLCT,3,4,8,3,600.0,3,37.5,8,100.0,1,108.07,0.1,1,true,completed
BZ_h4s3f70p3n14.txt,BBLCT,3,4,8,3,600.0,1,12.5,8,100.0,3,289.60,0.2,1,true,completed
BZ_h4s3f70p3n15.txt,BBLCT,3,4,8,3,600.0,0,0.0,8,100.0,5,464.80,0.2,1,true,completed
BZ_h4s3f70p3n16.txt,BBLCT,3,4,8,3,600.0,3,37.5,8,100.0,5,499.47,0.2,1,true,completed
BZ_h4s3f70p3n17.txt,BBLCT,3,4,8,3,600.0,1,12.5,8,100.0,6,598.00,0.2,1,true,completed
BZ_h4s3f70p3n18.txt,BBLCT,3,4,8,3,600.0,0,0.0,8,100.0,6,591.30,0.2,20,true,completed
BZ_h4s3f70p3n19.txt,BBLCT,3,4,8,3,600.0,1,12.5,5,62.5,6,590.38,0.2,66,true,completed
BZ_h4s3f70p3n2.txt,BBLCT,3,4,8,3,600.0,1,12.5,8,100.0,1,96.39,0.1,1,true,completed
BZ_h4s3f70p3n20.txt,BBLCT,3,4,8,3,600.0,3,37.5,8,100.0,4,381.61,0.2,1,true,completed
BZ_h4s3f70p3n3.txt,BBLCT,3,4,8,3,600.0,4,50.0,8,100.0,2,219.55,0.1,1,true,completed
BZ_h4s3f70p3n4.txt,BBLCT,3,4,8,3,600.0,0,0.0,8,100.0,5,485.11,0.2,1,true,completed
BZ_h4s3f70p3n5.txt,BBLCT,3,4,8,3,600.0,0,0.0,2,25.0,2,184.42,0.2,50,true,completed
BZ_h4s3f70p3n6.txt,BBLCT,3,4,8,3,600.0,2,25.0,8,100.0,4,394.27,0.2,1,true,completed
BZ_h4s3f70p3n7.txt,BBLCT,3,4,8,3,600.0,0,0.0,8,100.0,5,504.65,0.2,1,true,completed
BZ_h4s3f70p3n8.txt,BBLCT,3,4,8,3,600.0,0,0.0,1,12.5,1,107.84,0.2,60,true,completed
BZ_h4s3f70p3n9.txt,BBLCT,3,4,8,3,600.0,0,0.0,8,100.0,6,575.72,0.2,1,true,completed
BZ_h4s3f70p6n1.txt,BBLCT,3,4,8,6,600.0,0,0.0,5,62.5,5,489.03,0.2,5,true,completed
BZ_h4s3f70p6n10.txt,BBLCT,3,4,8,4,600.0,2,25.0,8,100.0,6,583.79,0.2,37,true,completed
BZ_h4s3f70p6n11.txt,BBLCT,3,4,8,5,600.0,2,25.0,8,100.0,5,492.82,0.2,16,true,completed
BZ_h4s3f70p6n12.txt,BBLCT,3,4,8,6,600.0,1,12.5,8,100.0,2,200.16,0.2,1,true,completed
BZ_h4s3f70p6n13.txt,BBLCT,3,4,8,6,600.0,1,12.5,8,100.0,4,388.15,0.2,1,true,completed
BZ_h4s3f70p6n14.txt,BBLCT,3,4,8,6,600.0,2,25.0,4,50.0,5,504.76,0.2,14,true,completed
BZ_h4s3f70p6n15.txt,BBLCT,3,4,8,4,600.0,1,12.5,5,62.5,3,278.13,0.2,37,true,completed
BZ_h4s3f70p6n16.txt,BBLCT,3,4,8,6,600.0,6,75.0,8,100.0,4,402.00,0.2,1,true,completed
BZ_h4s3f70p6n17.txt,BBLCT,3,4,8,6,600.0,0,0.0,5,62.5,3,285.72,0.2,19,true,completed
BZ_h4s3f70p6n18.txt,BBLCT,3,4,8,6,600.0,0,0.0,2,25.0,5,522.16,0.2,7,true,completed
BZ_h4s3f70p6n19.txt,BBLCT,3,4,8,6,600.0,0,0.0,8,100.0,2,184.64,0.2,1,true,completed
BZ_h4s3f70p6n2.txt,BBLCT,3,4,8,6,600.0,4,50.0,8,100.0,5,500.60,0.2,1,true,completed
BZ_h4s3f70p6n20.txt,BBLCT,3,4,8,6,600.0,3,37.5,6,75.0,3,286.85,0.2,18,true,completed
BZ_h4s3f70p6n3.txt,BBLCT,3,4,8,6,600.0,1,12.5,8,100.0,6,572.22,0.2,1,true,completed
BZ_h4s3f70p6n4.txt,BBLCT,3,4,8,6,600.0,0,0.0,2,25.0,3,279.07,0.3,51,true,completed
BZ_h4s3f70p6n5.txt,BBLCT,3,4,8,5,600.0,4,50.0,8,100.0,4,409.72,0.2,1,true,completed
BZ_h4s3f70p6n6.txt,BBLCT,3,4,8,6,600.0,1,12.5,8,100.0,5,492.98,0.2,1,true,completed
BZ_h4s3f70p6n7.txt,BBLCT,3,4,8,5,600.0,0,0.0,2,25.0,3,285.54,0.3,52,true,completed
BZ_h4s3f70p6n8.txt,BBLCT,3,4,8,6,600.0,0,0.0,8,100.0,5,504.65,0.2,1,true,completed
BZ_h4s3f70p6n9.txt,BBLCT,3,4,8,6,600.0,0,0.0,8,100.0,2,182.02,0.2,1,true,completed
BZ_h4s5f50p2n1.txt,BBLCT,5,4,10,2,600.0,3,30.0,10,100.0,2,206.47,0.2,1,true,completed
BZ_h4s5f50p2n10.txt,BBLCT,5,4,10,2,600.0,4,40.0,10,100.0,3,323.99,0.2,1,true,completed
BZ_h4s5f50p2n11.txt,BBLCT,5,4,10,2,600.0,0,0.0,10,100.0,5,499.33,0.2,1,true,completed
BZ_h4s5f50p2n12.txt,BBLCT,5,4,10,2,600.0,0,0.0,10,100.0,5,567.31,0.2,1,true,completed
BZ_h4s5f50p2n13.txt,BBLCT,5,4,10,2,600.0,3,30.0,10,100.0,2,211.14,0.2,1,true,completed
BZ_h4s5f50p2n14.txt,BBLCT,5,4,10,2,600.0,1,10.0,10,100.0,3,300.87,0.2,1,true,completed
BZ_h4s5f50p2n15.txt,BBLCT,5,4,10,2,600.0,3,30.0,10,100.0,4,431.20,0.2,1,true,completed
BZ_h4s5f50p2n16.txt,BBLCT,5,4,10,2,600.0,2,20.0,10,100.0,2,200.95,0.1,1,true,completed
BZ_h4s5f50p2n17.txt,BBLCT,5,4,10,2,600.0,3,30.0,10,100.0,5,529.09,0.2,1,true,completed
BZ_h4s5f50p2n18.txt,BBLCT,5,4,10,2,600.0,2,20.0,10,100.0,5,544.14,0.2,1,true,completed
BZ_h4s5f50p2n19.txt,BBLCT,5,4,10,2,600.0,2,20.0,10,100.0,1,118.37,0.1,1,true,completed
BZ_h4s5f50p2n2.txt,BBLCT,5,4,10,2,600.0,3,30.0,10,100.0,1,117.94,0.1,1,true,completed
BZ_h4s5f50p2n20.txt,BBLCT,5,4,10,2,600.0,1,10.0,10,100.0,4,437.44,0.2,1,true,completed
BZ_h4s5f50p2n3.txt,BBLCT,5,4,10,2,600.0,2,20.0,10,100.0,3,301.16,0.2,1,true,completed
BZ_h4s5f50p2n4.txt,BBLCT,5,4,10,2,600.0,4,40.0,10,100.0,2,185.97,0.1,1,true,completed
BZ_h4s5f50p2n5.txt,BBLCT,5,4,10,2,600.0,6,60.0,10,100.0,3,308.94,0.2,1,true,completed
BZ_h4s5f50p2n6.txt,BBLCT,5,4,10,2,600.0,2,20.0,10,100.0,3,312.88,0.1,1,true,completed
BZ_h4s5f50p2n7.txt,BBLCT,5,4,10,2,600.0,1,10.0,10,100.0,2,220.02,0.1,1,true,completed
BZ_h4s5f50p2n8.txt,BBLCT,5,4,10,2,600.0,1,10.0,10,100.0,2,193.56,0.2,1,true,completed
BZ_h4s5f50p2n9.txt,BBLCT,5,4,10,2,600.0,5,50.0,10,100.0,1,105.52,0.1,1,true,completed
BZ_h4s5f50p3n1.txt,BBLCT,5,4,10,3,600.0,1,10.0,10,100.0,1,99.09,0.1,1,true,completed
BZ_h4s5f50p3n10.txt,BBLCT,5,4,10,3,600.0,1,10.0,10,100.0,3,330.74,0.2,1,true,completed
BZ_h4s5f50p3n11.txt,BBLCT,5,4,10,3,600.0,2,20.0,10,100.0,3,319.05,0.2,1,true,completed
BZ_h4s5f50p3n12.txt,BBLCT,5,4,10,3,600.0,3,30.0,10,100.0,1,119.45,0.1,1,true,completed
BZ_h4s5f50p3n13.txt,BBLCT,5,4,10,3,600.0,6,60.0,10,100.0,2,251.49,0.2,1,true,completed
BZ_h4s5f50p3n14.txt,BBLCT,5,4,10,3,600.0,3,30.0,10,100.0,2,179.56,0.1,1,true,completed
BZ_h4s5f50p3n15.txt,BBLCT,5,4,10,3,600.0,2,20.0,10,100.0,4,406.47,0.2,1,true,completed
BZ_h4s5f50p3n16.txt,BBLCT,5,4,10,3,600.0,1,10.0,5,50.0,5,560.79,0.3,18,true,completed
BZ_h4s5f50p3n17.txt,BBLCT,5,4,10,3,600.0,3,30.0,10,100.0,2,230.38,0.2,1,true,completed
BZ_h4s5f50p3n18.txt,BBLCT,5,4,10,3,600.0,0,0.0,10,100.0,3,306.65,0.2,1,true,completed
BZ_h4s5f50p3n19.txt,BBLCT,5,4,10,3,600.0,1,10.0,10,100.0,3,302.25,0.2,1,true,completed
BZ_h4s5f50p3n2.txt,BBLCT,5,4,10,3,600.0,2,20.0,10,100.0,3,305.16,0.1,1,true,completed
BZ_h4s5f50p3n20.txt,BBLCT,5,4,10,3,600.0,1,10.0,10,100.0,3,312.62,0.2,1,true,completed
BZ_h4s5f50p3n3.txt,BBLCT,5,4,10,3,600.0,4,40.0,10,100.0,3,305.08,0.2,1,true,completed
BZ_h4s5f50p3n4.txt,BBLCT,5,4,10,3,600.0,3,30.0,10,100.0,4,430.42,0.2,1,true,completed
BZ_h4s5f50p3n5.txt,BBLCT,5,4,10,3,600.0,4,40.0,10,100.0,4,486.75,0.2,1,true,completed
BZ_h4s5f50p3n6.txt,BBLCT,5,4,10,3,600.0,1,10.0,10,100.0,4,466.45,0.2,1,true,completed
BZ_h4s5f50p3n7.txt,BBLCT,5,4,10,3,600.0,5,50.0,10,100.0,4,485.37,0.2,1,true,completed
BZ_h4s5f50p3n8.txt,BBLCT,5,4,10,3,600.0,3,30.0,10,100.0,2,211.14,0.1,1,true,completed
BZ_h4s5f50p3n9.txt,BBLCT,5,4,10,3,600.0,5,50.0,10,100.0,4,443.76,0.2,1,true,completed
BZ_h4s5f50p6n1.txt,BBLCT,5,4,10,5,600.0,3,30.0,10,100.0,3,338.21,0.2,1,true,completed
BZ_h4s5f50p6n10.txt,BBLCT,5,4,10,6,600.0,4,40.0,10,100.0,2,209.47,0.1,1,true,completed
BZ_h4s5f50p6n11.txt,BBLCT,5,4,10,6,600.0,2,20.0,10,100.0,5,537.59,0.2,1,true,completed
BZ_h4s5f50p6n12.txt,BBLCT,5,4,10,6,600.0,0,0.0,10,100.0,2,216.80,0.2,1,true,completed
BZ_h4s5f50p6n13.txt,BBLCT,5,4,10,6,600.0,2,20.0,10,100.0,3,324.01,0.2,1,true,completed
BZ_h4s5f50p6n14.txt,BBLCT,5,4,10,6,600.0,2,20.0,10,100.0,4,458.88,0.2,1,true,completed
BZ_h4s5f50p6n15.txt,BBLCT,5,4,10,5,600.0,0,0.0,10,100.0,5,531.82,0.2,1,true,completed
BZ_h4s5f50p6n16.txt,BBLCT,5,4,10,6,600.0,3,30.0,10,100.0,2,224.35,0.2,1,true,completed
BZ_h4s5f50p6n17.txt,BBLCT,5,4,10,6,600.0,0,0.0,10,100.0,5,557.29,0.2,1,true,completed
BZ_h4s5f50p6n18.txt,BBLCT,5,4,10,6,600.0,0,0.0,10,100.0,5,516.44,0.2,1,true,completed
BZ_h4s5f50p6n19.txt,BBLCT,5,4,10,6,600.0,1,10.0,10,100.0,3,340.87,0.2,1,true,completed
BZ_h4s5f50p6n2.txt,BBLCT,5,4,10,6,600.0,2,20.0,10,100.0,2,197.64,0.1,1,true,completed
BZ_h4s5f50p6n20.txt,BBLCT,5,4,10,5,600.0,2,20.0,10,100.0,2,214.36,0.2,1,true,completed
BZ_h4s5f50p6n3.txt,BBLCT,5,4,10,6,600.0,3,30.0,10,100.0,2,239.97,0.2,1,true,completed
BZ_h4s5f50p6n4.txt,BBLCT,5,4,10,6,600.0,0,0.0,8,80.0,5,550.58,0.4,63,true,completed
BZ_h4s5f50p6n5.txt,BBLCT,5,4,10,6,600.0,0,0.0,10,100.0,1,113.20,0.1,1,true,completed
BZ_h4s5f50p6n6.txt,BBLCT,5,4,10,6,600.0,1,10.0,6,60.0,3,359.50,0.7,124,true,completed
BZ_h4s5f50p6n7.txt,BBLCT,5,4,10,6,600.0,0,0.0,3,30.0,4,402.52,0.7,152,true,completed
BZ_h4s5f50p6n8.txt,BBLCT,5,4,10,6,600.0,1,10.0,4,40.0,3,305.86,0.8,172,true,completed
BZ_h4s5f50p6n9.txt,BBLCT,5,4,10,6,600.0,0,0.0,10,100.0,5,540.48,0.3,53,true,completed
BZ_h4s5f70p2n1.txt,BBLCT,5,4,14,2,600.0,4,28.6,14,100.0,3,259.23,0.2,1,true,completed
BZ_h4s5f70p2n10.txt,BBLCT,5,4,14,2,600.0,4,28.6,14,100.0,2,188.60,0.1,1,true,completed
BZ_h4s5f70p2n11.txt,BBLCT,5,4,14,2,600.0,4,28.6,14,100.0,4,381.59,0.2,1,true,completed
BZ_h4s5f70p2n12.txt,BBLCT,5,4,14,2,600.0,3,21.4,14,100.0,2,191.30,0.2,1,true,completed
BZ_h4s5f70p2n13.txt,BBLCT,5,4,14,2,600.0,2,14.3,14,100.0,4,407.30,0.2,1,true,completed
BZ_h4s5f70p2n14.txt,BBLCT,5,4,14,2,600.0,4,28.6,7,50.0,6,583.65,0.5,117,true,completed
BZ_h4s5f70p2n15.txt,BBLCT,5,4,14,2,600.0,6,42.9,14,100.0,3,290.72,0.2,1,true,completed
BZ_h4s5f70p2n16.txt,BBLCT,5,4,14,2,600.0,8,57.1,11,78.6,5,474.82,20.8,6214,true,completed
BZ_h4s5f70p2n17.txt,BBLCT,5,4,14,2,600.0,5,35.7,14,100.0,4,381.56,0.1,1,true,completed
BZ_h4s5f70p2n18.txt,BBLCT,5,4,14,2,600.0,7,50.0,14,100.0,4,411.81,0.2,1,true,completed
BZ_h4s5f70p2n19.txt,BBLCT,5,4,14,2,600.0,1,7.1,14,100.0,2,192.55,0.2,1,true,completed
BZ_h4s5f70p2n2.txt,BBLCT,5,4,14,2,600.0,9,64.3,14,100.0,1,106.69,0.1,1,true,completed
BZ_h4s5f70p2n20.txt,BBLCT,5,4,14,2,600.0,4,28.6,14,100.0,2,171.61,0.1,1,true,completed
BZ_h4s5f70p2n3.txt,BBLCT,5,4,14,2,600.0,3,21.4,14,100.0,4,405.61,0.2,1,true,completed
BZ_h4s5f70p2n4.txt,BBLCT,5,4,14,2,600.0,7,50.0,14,100.0,1,107.51,0.2,1,true,completed
BZ_h4s5f70p2n5.txt,BBLCT,5,4,14,2,600.0,6,42.9,14,100.0,4,430.21,0.2,1,true,completed
BZ_h4s5f70p2n6.txt,BBLCT,5,4,14,2,600.0,1,7.1,14,100.0,2,199.90,0.1,1,true,completed
BZ_h4s5f70p2n7.txt,BBLCT,5,4,14,2,600.0,3,21.4,6,42.9,6,598.42,2.3,579,true,completed
BZ_h4s5f70p2n8.txt,BBLCT,5,4,14,2,600.0,4,28.6,7,50.0,5,515.47,0.3,32,true,completed
BZ_h4s5f70p2n9.txt,BBLCT,5,4,14,2,600.0,2,14.3,6,42.9,4,417.87,0.5,127,true,completed
BZ_h4s5f70p3n1.txt,BBLCT,5,4,14,3,600.0,1,7.1,7,50.0,5,534.08,2.1,435,true,completed
BZ_h4s5f70p3n10.txt,BBLCT,5,4,14,3,600.0,5,35.7,14,100.0,4,464.77,0.2,1,true,completed
BZ_h4s5f70p3n11.txt,BBLCT,5,4,14,3,600.0,1,7.1,9,64.3,6,595.07,0.5,71,true,completed
BZ_h4s5f70p3n12.txt,BBLCT,5,4,14,3,600.0,3,21.4,14,100.0,6,588.42,0.5,62,true,completed
BZ_h4s5f70p3n13.txt,BBLCT,5,4,14,3,600.0,4,28.6,14,100.0,5,495.28,0.2,1,true,completed
BZ_h4s5f70p3n14.txt,BBLCT,5,4,14,3,600.0,1,7.1,14,100.0,4,363.44,0.2,1,true,completed
BZ_h4s5f70p3n15.txt,BBLCT,5,4,14,3,600.0,0,0.0,14,100.0,4,410.87,0.2,1,true,completed
BZ_h4s5f70p3n16.txt,BBLCT,5,4,14,3,600.0,4,28.6,7,50.0,6,561.46,0.2,2,true,completed
BZ_h4s5f70p3n17.txt,BBLCT,5,4,14,3,600.0,1,7.1,3,21.4,4,392.50,0.3,37,true,completed
BZ_h4s5f70p3n18.txt,BBLCT,5,4,14,3,600.0,2,14.3,4,28.6,5,517.65,0.2,11,true,completed
BZ_h4s5f70p3n19.txt,BBLCT,5,4,14,3,600.0,3,21.4,10,71.4,6,594.15,0.2,6,true,completed
BZ_h4s5f70p3n2.txt,BBLCT,5,4,14,3,600.0,3,21.4,7,50.0,5,484.94,0.5,64,true,completed
BZ_h4s5f70p3n20.txt,BBLCT,5,4,14,3,600.0,8,57.1,14,100.0,4,383.46,0.2,1,true,completed
BZ_h4s5f70p3n3.txt,BBLCT,5,4,14,3,600.0,3,21.4,14,100.0,3,334.45,0.2,1,true,completed
BZ_h4s5f70p3n4.txt,BBLCT,5,4,14,3,600.0,3,21.4,14,100.0,4,386.59,0.2,1,true,completed
BZ_h4s5f70p3n5.txt,BBLCT,5,4,14,3,600.0,1,7.1,6,42.9,6,566.37,0.2,1,true,completed
BZ_h4s5f70p3n6.txt,BBLCT,5,4,14,3,600.0,1,7.1,3,21.4,3,320.09,0.4,81,true,completed
BZ_h4s5f70p3n7.txt,BBLCT,5,4,14,3,600.0,3,21.4,14,100.0,6,598.06,0.2,1,true,completed
BZ_h4s5f70p3n8.txt,BBLCT,5,4,14,3,600.0,5,35.7,14,100.0,3,285.54,0.2,1,true,completed
BZ_h4s5f70p3n9.txt,BBLCT,5,4,14,3,600.0,2,14.3,14,100.0,4,392.81,0.2,1,true,completed
BZ_h4s5f70p6n1.txt,BBLCT,5,4,14,6,600.0,0,0.0,2,14.3,4,362.53,3.2,1668,true,completed
BZ_h4s5f70p6n10.txt,BBLCT,5,4,14,6,600.0,2,14.3,5,35.7,6,599.43,0.3,22,true,completed
BZ_h4s5f70p6n11.txt,BBLCT,5,4,14,6,600.0,0,0.0,5,35.7,5,534.08,0.4,65,true,completed
BZ_h4s5f70p6n12.txt,BBLCT,5,4,14,6,600.0,2,14.3,4,28.6,3,316.23,0.5,70,true,completed
BZ_h4s5f70p6n13.txt,BBLCT,5,4,14,6,600.0,0,0.0,11,78.6,5,523.55,0.6,117,true,completed
BZ_h4s5f70p6n14.txt,BBLCT,5,4,14,5,600.0,2,14.3,9,64.3,6,597.75,3.0,1037,true,completed
BZ_h4s5f70p6n15.txt,BBLCT,5,4,14,6,600.0,0,0.0,7,50.0,5,448.15,0.8,145,true,completed
BZ_h4s5f70p6n16.txt,BBLCT,5,4,14,6,600.0,1,7.1,14,100.0,5,459.42,0.2,1,true,completed
BZ_h4s5f70p6n17.txt,BBLCT,5,4,14,6,600.0,1,7.1,14,100.0,6,576.97,0.3,1,true,completed
BZ_h4s5f70p6n18.txt,BBLCT,5,4,14,6,600.0,0,0.0,3,21.4,4,359.93,3.3,1705,true,completed
BZ_h4s5f70p6n19.txt,BBLCT,5,4,14,6,600.0,2,14.3,14,100.0,4,408.54,0.3,1,true,completed
BZ_h4s5f70p6n2.txt,BBLCT,5,4,14,6,600.0,3,21.4,7,50.0,5,504.22,1.9,375,true,completed
BZ_h4s5f70p6n20.txt,BBLCT,5,4,14,6,600.0,0,0.0,14,100.0,5,495.35,0.2,1,true,completed
BZ_h4s5f70p6n3.txt,BBLCT,5,4,14,6,600.0,0,0.0,5,35.7,4,380.36,0.5,63,true,completed
BZ_h4s5f70p6n4.txt,BBLCT,5,4,14,6,600.0,3,21.4,14,100.0,6,568.34,0.3,58,true,completed
BZ_h4s5f70p6n5.txt,BBLCT,5,4,14,6,600.0,0,0.0,9,64.3,6,593.41,0.6,89,true,completed
BZ_h4s5f70p6n6.txt,BBLCT,5,4,14,6,600.0,4,28.6,5,35.7,3,301.24,0.4,43,true,completed
BZ_h4s5f70p6n7.txt,BBLCT,5,4,14,6,600.0,0,0.0,9,64.3,5,481.43,0.3,1,true,completed
BZ_h4s5f70p6n8.txt,BBLCT,5,4,14,6,600.0,4,28.6,14,100.0,4,414.33,0.2,1,true,completed
BZ_h4s5f70p6n9.txt,BBLCT,5,4,14,6,600.0,1,7.1,5,35.7,6,587.49,0.4,33,true,completed
BZ_h4s7f50p2n1.txt,BBLCT,7,4,14,2,600.0,7,50.0,14,100.0,3,322.28,0.2,1,true,completed
BZ_h4s7f50p2n10.txt,BBLCT,7,4,14,2,600.0,5,35.7,14,100.0,2,218.84,0.1,1,true,completed
BZ_h4s7f50p2n11.txt,BBLCT,7,4,14,2,600.0,5,35.7,14,100.0,1,107.68,0.1,1,true,completed
BZ_h4s7f50p2n12.txt,BBLCT,7,4,14,2,600.0,5,35.7,14,100.0,2,183.18,0.2,1,true,completed
BZ_h4s7f50p2n13.txt,BBLCT,7,4,14,2,600.0,3,21.4,14,100.0,6,592.83,1.5,230,true,completed
BZ_h4s7f50p2n14.txt,BBLCT,7,4,14,2,600.0,2,14.3,14,100.0,5,502.09,0.2,1,true,completed
BZ_h4s7f50p2n15.txt,BBLCT,7,4,14,2,600.0,7,50.0,14,100.0,6,598.69,0.3,21,true,completed
BZ_h4s7f50p2n16.txt,BBLCT,7,4,14,2,600.0,2,14.3,14,100.0,3,316.82,0.1,1,true,completed
BZ_h4s7f50p2n17.txt,BBLCT,7,4,14,2,600.0,3,21.4,6,42.9,5,535.71,0.2,1,true,completed
BZ_h4s7f50p2n18.txt,BBLCT,7,4,14,2,600.0,5,35.7,14,100.0,4,398.96,0.2,1,true,completed
BZ_h4s7f50p2n19.txt,BBLCT,7,4,14,2,600.0,4,28.6,14,100.0,5,556.04,0.2,1,true,completed
BZ_h4s7f50p2n2.txt,BBLCT,7,4,14,2,600.0,6,42.9,14,100.0,1,93.95,0.1,1,true,completed
BZ_h4s7f50p2n20.txt,BBLCT,7,4,14,2,600.0,5,35.7,14,100.0,2,184.12,0.1,1,true,completed
BZ_h4s7f50p2n3.txt,BBLCT,7,4,14,2,600.0,8,57.1,14,100.0,3,334.68,0.2,1,true,completed
BZ_h4s7f50p2n4.txt,BBLCT,7,4,14,2,600.0,3,21.4,14,100.0,2,193.39,0.1,1,true,completed
BZ_h4s7f50p2n5.txt,BBLCT,7,4,14,2,600.0,3,21.4,14,100.0,2,192.29,0.1,1,true,completed
BZ_h4s7f50p2n6.txt,BBLCT,7,4,14,2,600.0,3,21.4,14,100.0,6,597.50,0.5,75,true,completed
BZ_h4s7f50p2n7.txt,BBLCT,7,4,14,2,600.0,3,21.4,5,35.7,3,326.21,1.6,254,true,completed
BZ_h4s7f50p2n8.txt,BBLCT,7,4,14,2,600.0,4,28.6,14,100.0,2,218.10,0.1,1,true,completed
BZ_h4s7f50p2n9.txt,BBLCT,7,4,14,2,600.0,7,50.0,14,100.0,2,237.33,0.1,1,true,completed
BZ_h4s7f50p3n1.txt,BBLCT,7,4,14,3,600.0,3,21.4,9,64.3,5,515.68,0.8,69,true,completed
BZ_h4s7f50p3n10.txt,BBLCT,7,4,14,3,600.0,1,7.1,14,100.0,3,320.68,0.2,1,true,completed
BZ_h4s7f50p3n11.txt,BBLCT,7,4,14,3,600.0,4,28.6,14,100.0,4,430.35,0.2,1,true,completed
BZ_h4s7f50p3n12.txt,BBLCT,7,4,14,3,600.0,2,14.3,14,100.0,5,527.45,0.2,1,true,completed
BZ_h4s7f50p3n13.txt,BBLCT,7,4,14,3,600.0,4,28.6,14,100.0,4,483.88,0.2,1,true,completed
BZ_h4s7f50p3n14.txt,BBLCT,7,4,14,3,600.0,1,7.1,8,57.1,5,497.06,5.9,731,true,completed
BZ_h4s7f50p3n15.txt,BBLCT,7,4,14,3,600.0,1,7.1,14,100.0,4,421.68,0.2,1,true,completed
BZ_h4s7f50p3n16.txt,BBLCT,7,4,14,3,600.0,2,14.3,14,100.0,3,286.80,0.2,1,true,completed
BZ_h4s7f50p3n17.txt,BBLCT,7,4,14,3,600.0,2,14.3,14,100.0,2,200.02,0.2,1,true,completed
BZ_h4s7f50p3n18.txt,BBLCT,7,4,14,3,600.0,8,57.1,14,100.0,2,245.15,0.2,1,true,completed
BZ_h4s7f50p3n19.txt,BBLCT,7,4,14,3,600.0,3,21.4,14,100.0,4,434.07,0.2,1,true,completed
BZ_h4s7f50p3n2.txt,BBLCT,7,4,14,3,600.0,5,35.7,14,100.0,6,596.52,0.3,41,true,completed
BZ_h4s7f50p3n20.txt,BBLCT,7,4,14,3,600.0,2,14.3,14,100.0,5,523.58,0.2,1,true,completed
BZ_h4s7f50p3n3.txt,BBLCT,7,4,14,3,600.0,1,7.1,7,50.0,5,525.45,0.7,63,true,completed
BZ_h4s7f50p3n4.txt,BBLCT,7,4,14,3,600.0,3,21.4,10,71.4,5,510.17,0.2,1,true,completed
BZ_h4s7f50p3n5.txt,BBLCT,7,4,14,3,600.0,4,28.6,14,100.0,4,431.34,0.2,1,true,completed
BZ_h4s7f50p3n6.txt,BBLCT,7,4,14,3,600.0,5,35.7,14,100.0,3,319.07,0.2,1,true,completed
BZ_h4s7f50p3n7.txt,BBLCT,7,4,14,3,600.0,2,14.3,14,100.0,2,219.28,0.2,1,true,completed
BZ_h4s7f50p3n8.txt,BBLCT,7,4,14,3,600.0,0,0.0,14,100.0,4,418.91,0.2,1,true,completed
BZ_h4s7f50p3n9.txt,BBLCT,7,4,14,3,600.0,7,50.0,14,100.0,3,314.30,0.2,1,true,completed
BZ_h4s7f50p6n1.txt,BBLCT,7,4,14,5,600.0,2,14.3,14,100.0,5,519.87,0.2,1,true,completed
BZ_h4s7f50p6n10.txt,BBLCT,7,4,14,6,600.0,1,7.1,14,100.0,4,411.95,0.2,1,true,completed
BZ_h4s7f50p6n11.txt,BBLCT,7,4,14,6,600.0,1,7.1,14,100.0,6,597.53,0.7,51,true,completed
BZ_h4s7f50p6n12.txt,BBLCT,7,4,14,6,600.0,3,21.4,14,100.0,4,422.97,0.2,1,true,completed
BZ_h4s7f50p6n13.txt,BBLCT,7,4,14,6,600.0,0,0.0,14,100.0,5,557.66,0.2,1,true,completed
BZ_h4s7f50p6n14.txt,BBLCT,7,4,14,6,600.0,5,35.7,14,100.0,2,214.27,0.2,1,true,completed
BZ_h4s7f50p6n15.txt,BBLCT,7,4,14,6,600.0,0,0.0,7,50.0,4,473.95,0.3,1,true,completed
BZ_h4s7f50p6n16.txt,BBLCT,7,4,14,6,600.0,2,14.3,14,100.0,4,454.40,0.2,1,true,completed
BZ_h4s7f50p6n17.txt,BBLCT,7,4,14,6,600.0,2,14.3,9,64.3,4,412.60,1.3,95,true,completed
BZ_h4s7f50p6n18.txt,BBLCT,7,4,14,6,600.0,0,0.0,14,100.0,5,541.47,0.2,1,true,completed
BZ_h4s7f50p6n19.txt,BBLCT,7,4,14,6,600.0,0,0.0,14,100.0,5,558.41,0.2,1,true,completed
BZ_h4s7f50p6n2.txt,BBLCT,7,4,14,6,600.0,4,28.6,14,100.0,1,125.16,0.1,1,true,completed
BZ_h4s7f50p6n20.txt,BBLCT,7,4,14,6,600.0,1,7.1,14,100.0,5,536.35,0.2,1,true,completed
BZ_h4s7f50p6n3.txt,BBLCT,7,4,14,6,600.0,1,7.1,14,100.0,5,488.83,0.2,1,true,completed
BZ_h4s7f50p6n4.txt,BBLCT,7,4,14,6,600.0,5,35.7,14,100.0,5,546.15,0.2,1,true,completed
BZ_h4s7f50p6n5.txt,BBLCT,7,4,14,6,600.0,1,7.1,14,100.0,2,224.82,0.2,1,true,completed
BZ_h4s7f50p6n6.txt,BBLCT,7,4,14,6,600.0,5,35.7,10,71.4,5,529.30,14.1,667,true,completed
BZ_h4s7f50p6n7.txt,BBLCT,7,4,14,6,600.0,0,0.0,14,100.0,3,295.70,0.2,1,true,completed
BZ_h4s7f50p6n8.txt,BBLCT,7,4,14,6,600.0,0,0.0,9,64.3,5,552.53,0.3,1,true,completed
BZ_h4s7f50p6n9.txt,BBLCT,7,4,14,6,600.0,3,21.4,14,100.0,4,439.12,0.2,1,true,completed
BZ_h4s7f70p2n1.txt,BBLCT,7,4,19,2,600.0,8,42.1,19,100.0,4,443.74,0.2,1,true,completed
BZ_h4s7f70p2n10.txt,BBLCT,7,4,19,2,600.0,8,42.1,19,100.0,1,101.56,0.1,1,true,completed
BZ_h4s7f70p2n11.txt,BBLCT,7,4,19,2,600.0,4,21.1,19,100.0,4,390.08,0.2,1,true,completed
BZ_h4s7f70p2n12.txt,BBLCT,7,4,19,2,600.0,5,26.3,19,100.0,5,512.06,0.2,1,true,completed
BZ_h4s7f70p2n13.txt,BBLCT,7,4,19,2,600.0,8,42.1,19,100.0,6,590.79,0.2,1,true,completed
BZ_h4s7f70p2n14.txt,BBLCT,7,4,19,2,600.0,4,21.1,19,100.0,2,193.10,0.1,1,true,completed
BZ_h4s7f70p2n15.txt,BBLCT,7,4,19,2,600.0,7,36.8,19,100.0,6,589.38,1.1,186,true,completed
BZ_h4s7f70p2n16.txt,BBLCT,7,4,19,2,600.0,4,21.1,8,42.1,4,340.30,11.7,1076,true,completed
BZ_h4s7f70p2n17.txt,BBLCT,7,4,19,2,600.0,4,21.1,19,100.0,3,271.93,0.2,1,true,completed
BZ_h4s7f70p2n18.txt,BBLCT,7,4,19,2,600.0,1,5.3,6,31.6,6,568.26,0.2,1,true,completed
BZ_h4s7f70p2n19.txt,BBLCT,7,4,19,2,600.0,4,21.1,8,42.1,3,300.54,0.6,54,true,completed
BZ_h4s7f70p2n2.txt,BBLCT,7,4,19,2,600.0,4,21.1,7,36.8,5,531.71,11.7,1416,true,completed
BZ_h4s7f70p2n20.txt,BBLCT,7,4,19,2,600.0,5,26.3,12,63.2,6,595.42,0.2,1,true,completed
BZ_h4s7f70p2n3.txt,BBLCT,7,4,19,2,600.0,9,47.4,19,100.0,2,184.55,0.2,1,true,completed
BZ_h4s7f70p2n4.txt,BBLCT,7,4,19,2,600.0,6,31.6,19,100.0,5,520.86,0.2,1,true,completed
BZ_h4s7f70p2n5.txt,BBLCT,7,4,19,2,600.0,8,42.1,19,100.0,1,95.87,0.1,1,true,completed
BZ_h4s7f70p2n6.txt,BBLCT,7,4,19,2,600.0,2,10.5,8,42.1,6,586.75,0.2,1,true,completed
BZ_h4s7f70p2n7.txt,BBLCT,7,4,19,2,600.0,9,47.4,11,57.9,5,533.78,0.2,1,true,completed
BZ_h4s7f70p2n8.txt,BBLCT,7,4,19,2,600.0,10,52.6,19,100.0,2,215.24,0.1,1,true,completed
BZ_h4s7f70p2n9.txt,BBLCT,7,4,19,2,600.0,4,21.1,19,100.0,2,193.92,0.1,1,true,completed
BZ_h4s7f70p3n1.txt,BBLCT,7,4,19,3,600.0,4,21.1,19,100.0,2,213.04,0.1,1,true,completed
BZ_h4s7f70p3n10.txt,BBLCT,7,4,19,3,600.0,4,21.1,13,68.4,6,590.83,0.2,1,true,completed
BZ_h4s7f70p3n11.txt,BBLCT,7,4,19,3,600.0,3,15.8,11,57.9,3,311.75,20.3,3035,true,completed
BZ_h4s7f70p3n12.txt,BBLCT,7,4,19,3,600.0,4,21.1,19,100.0,4,452.04,0.2,1,true,completed
BZ_h4s7f70p3n13.txt,BBLCT,7,4,19,3,600.0,2,10.5,19,100.0,3,301.85,0.2,1,true,completed
BZ_h4s7f70p3n14.txt,BBLCT,7,4,19,3,600.0,10,52.6,11,57.9,5,515.10,0.4,21,true,completed
BZ_h4s7f70p3n15.txt,BBLCT,7,4,19,3,600.0,2,10.5,5,26.3,5,546.04,0.3,8,true,completed
BZ_h4s7f70p3n16.txt,BBLCT,7,4,19,3,600.0,1,5.3,3,15.8,4,394.31,1.4,273,true,completed
BZ_h4s7f70p3n17.txt,BBLCT,7,4,19,3,600.0,3,15.8,10,52.6,6,586.73,5.4,522,true,completed
BZ_h4s7f70p3n18.txt,BBLCT,7,4,19,3,600.0,6,31.6,8,42.1,5,540.07,0.2,1,true,completed
BZ_h4s7f70p3n19.txt,BBLCT,7,4,19,3,600.0,9,47.4,19,100.0,4,438.17,0.2,1,true,completed
BZ_h4s7f70p3n2.txt,BBLCT,7,4,19,3,600.0,0,0.0,9,47.4,5,502.28,7.3,1224,true,completed
BZ_h4s7f70p3n20.txt,BBLCT,7,4,19,3,600.0,6,31.6,7,36.8,3,315.85,2.3,343,true,completed
BZ_h4s7f70p3n3.txt,BBLCT,7,4,19,3,600.0,4,21.1,11,57.9,5,515.70,3.3,278,true,completed
BZ_h4s7f70p3n4.txt,BBLCT,7,4,19,3,600.0,1,5.3,19,100.0,3,315.93,0.2,1,true,completed
BZ_h4s7f70p3n5.txt,BBLCT,7,4,19,3,600.0,1,5.3,12,63.2,6,595.59,0.2,1,true,completed
BZ_h4s7f70p3n6.txt,BBLCT,7,4,19,3,600.0,4,21.1,11,57.9,6,563.00,0.3,1,true,completed
BZ_h4s7f70p3n7.txt,BBLCT,7,4,19,3,600.0,5,26.3,19,100.0,5,595.83,1.8,247,true,completed
BZ_h4s7f70p3n8.txt,BBLCT,7,4,19,3,600.0,2,10.5,6,31.6,4,417.05,10.1,1169,true,completed
BZ_h4s7f70p3n9.txt,BBLCT,7,4,19,3,600.0,4,21.1,12,63.2,3,319.97,1.0,86,true,completed
BZ_h4s7f70p6n1.txt,BBLCT,7,4,19,6,600.0,2,10.5,7,36.8,5,501.55,1.7,199,true,completed
BZ_h4s7f70p6n10.txt,BBLCT,7,4,19,6,600.0,1,5.3,10,52.6,6,598.13,0.6,21,true,completed
BZ_h4s7f70p6n11.txt,BBLCT,7,4,19,6,600.0,1,5.3,8,42.1,5,505.44,0.3,1,true,completed
BZ_h4s7f70p6n12.txt,BBLCT,7,4,19,6,600.0,3,15.8,19,100.0,6,596.30,0.9,96,true,completed
BZ_h4s7f70p6n13.txt,BBLCT,7,4,19,6,600.0,0,0.0,9,47.4,5,544.01,1.3,126,true,completed
BZ_h4s7f70p6n14.txt,BBLCT,7,4,19,6,600.0,0,0.0,13,68.4,6,596.63,5.2,615,true,completed
BZ_h4s7f70p6n15.txt,BBLCT,7,4,19,6,600.0,2,10.5,5,26.3,6,563.00,0.3,1,true,completed
BZ_h4s7f70p6n16.txt,BBLCT,7,4,19,6,600.0,0,0.0,9,47.4,6,569.11,1.0,67,true,completed
BZ_h4s7f70p6n17.txt,BBLCT,7,4,19,6,600.0,2,10.5,19,100.0,5,553.56,0.3,1,true,completed
BZ_h4s7f70p6n18.txt,BBLCT,7,4,19,6,600.0,0,0.0,6,31.6,5,496.80,1.0,72,true,completed
BZ_h4s7f70p6n19.txt,BBLCT,7,4,19,6,600.0,0,0.0,12,63.2,5,546.34,0.9,51,true,completed
BZ_h4s7f70p6n2.txt,BBLCT,7,4,19,6,600.0,1,5.3,7,36.8,5,540.46,1.3,97,true,completed
BZ_h4s7f70p6n20.txt,BBLCT,7,4,19,6,600.0,2,10.5,14,73.7,5,503.67,2.0,140,true,completed
BZ_h4s7f70p6n3.txt,BBLCT,7,4,19,6,600.0,2,10.5,6,31.6,6,564.43,1.0,87,true,completed
BZ_h4s7f70p6n4.txt,BBLCT,7,4,19,6,600.0,1,5.3,19,100.0,5,482.31,0.3,1,true,completed
BZ_h4s7f70p6n5.txt,BBLCT,7,4,19,6,600.0,0,0.0,19,100.0,5,486.47,0.3,1,true,completed
BZ_h4s7f70p6n6.txt,BBLCT,7,4,19,6,600.0,3,15.8,7,36.8,5,541.65,2.3,221,true,completed
BZ_h4s7f70p6n7.txt,BBLCT,7,4,19,6,600.0,0,0.0,16,84.2,6,586.71,7.2,1478,true,completed
BZ_h4s7f70p6n8.txt,BBLCT,7,4,19,6,600.0,1,5.3,19,100.0,5,517.87,0.3,1,true,completed
BZ_h4s7f70p6n9.txt,BBLCT,7,4,19,6,600.0,1,5.3,8,42.1,5,480.49,2.5,223,true,completed
BZ_h4s9f50p2n1.txt,BBLCT,9,4,18,2,600.0,6,33.3,18,100.0,2,225.37,0.2,1,true,completed
BZ_h4s9f50p2n10.txt,BBLCT,9,4,18,2,600.0,8,44.4,18,100.0,3,308.66,0.2,1,true,completed
BZ_h4s9f50p2n11.txt,BBLCT,9,4,18,2,600.0,1,5.6,18,100.0,4,421.60,0.2,1,true,completed
BZ_h4s9f50p2n12.txt,BBLCT,9,4,18,2,600.0,3,16.7,18,100.0,4,420.31,0.2,1,true,completed
BZ_h4s9f50p2n13.txt,BBLCT,9,4,18,2,600.0,7,38.9,18,100.0,5,547.42,0.2,1,true,completed
BZ_h4s9f50p2n14.txt,BBLCT,9,4,18,2,600.0,9,50.0,18,100.0,2,216.21,0.1,1,true,completed
BZ_h4s9f50p2n15.txt,BBLCT,9,4,18,2,600.0,6,33.3,18,100.0,1,126.67,0.1,1,true,completed
BZ_h4s9f50p2n16.txt,BBLCT,9,4,18,2,600.0,5,27.8,18,100.0,5,511.28,0.2,1,true,completed
BZ_h4s9f50p2n17.txt,BBLCT,9,4,18,2,600.0,6,33.3,18,100.0,4,410.31,0.2,1,true,completed
BZ_h4s9f50p2n18.txt,BBLCT,9,4,18,2,600.0,3,16.7,18,100.0,5,525.38,0.2,1,true,completed
BZ_h4s9f50p2n19.txt,BBLCT,9,4,18,2,600.0,4,22.2,18,100.0,4,440.65,0.2,1,true,completed
BZ_h4s9f50p2n2.txt,BBLCT,9,4,18,2,600.0,2,11.1,18,100.0,3,304.29,0.2,1,true,completed
BZ_h4s9f50p2n20.txt,BBLCT,9,4,18,2,600.0,3,16.7,18,100.0,2,208.51,0.1,1,true,completed
BZ_h4s9f50p2n3.txt,BBLCT,9,4,18,2,600.0,8,44.4,18,100.0,4,422.76,0.2,1,true,completed
BZ_h4s9f50p2n4.txt,BBLCT,9,4,18,2,600.0,7,38.9,9,50.0,5,539.92,0.2,1,true,completed
BZ_h4s9f50p2n5.txt,BBLCT,9,4,18,2,600.0,7,38.9,18,100.0,2,203.60,0.2,1,true,completed
BZ_h4s9f50p2n6.txt,BBLCT,9,4,18,2,600.0,6,33.3,8,44.4,3,324.33,6.9,389,true,completed
BZ_h4s9f50p2n7.txt,BBLCT,9,4,18,2,600.0,9,50.0,18,100.0,1,102.58,0.1,1,true,completed
BZ_h4s9f50p2n8.txt,BBLCT,9,4,18,2,600.0,7,38.9,18,100.0,3,322.43,0.2,1,true,completed
BZ_h4s9f50p2n9.txt,BBLCT,9,4,18,2,600.0,10,55.6,18,100.0,3,349.95,0.2,1,true,completed
BZ_h4s9f50p3n1.txt,BBLCT,9,4,18,3,600.0,5,27.8,13,72.2,5,490.29,15.6,840,true,completed
BZ_h4s9f50p3n10.txt,BBLCT,9,4,18,3,600.0,0,0.0,7,38.9,5,521.84,4.6,216,true,completed
BZ_h4s9f50p3n11.txt,BBLCT,9,4,18,3,600.0,5,27.8,18,100.0,6,598.79,0.5,59,true,completed
BZ_h4s9f50p3n12.txt,BBLCT,9,4,18,3,600.0,5,27.8,15,83.3,5,562.77,0.2,1,true,completed
BZ_h4s9f50p3n13.txt,BBLCT,9,4,18,3,600.0,3,16.7,18,100.0,4,436.80,0.2,1,true,completed
BZ_h4s9f50p3n14.txt,BBLCT,9,4,18,3,600.0,3,16.7,18,100.0,3,346.69,0.2,1,true,completed
BZ_h4s9f50p3n15.txt,BBLCT,9,4,18,3,600.0,4,22.2,18,100.0,4,424.85,0.2,1,true,completed
BZ_h4s9f50p3n16.txt,BBLCT,9,4,18,3,600.0,5,27.8,18,100.0,4,375.51,0.2,1,true,completed
BZ_h4s9f50p3n17.txt,BBLCT,9,4,18,3,600.0,5,27.8,18,100.0,4,453.62,0.2,1,true,completed
BZ_h4s9f50p3n18.txt,BBLCT,9,4,18,3,600.0,1,5.6,11,61.1,5,574.89,0.2,1,true,completed
BZ_h4s9f50p3n19.txt,BBLCT,9,4,18,3,600.0,3,16.7,13,72.2,5,563.33,10.1,345,true,completed
BZ_h4s9f50p3n2.txt,BBLCT,9,4,18,3,600.0,3,16.7,10,55.6,6,569.59,2.5,162,true,completed
BZ_h4s9f50p3n20.txt,BBLCT,9,4,18,3,600.0,7,38.9,18,100.0,3,353.07,0.2,1,true,completed
BZ_h4s9f50p3n3.txt,BBLCT,9,4,18,3,600.0,5,27.8,18,100.0,2,241.20,0.2,1,true,completed
BZ_h4s9f50p3n4.txt,BBLCT,9,4,18,3,600.0,0,0.0,9,50.0,5,494.22,51.3,4300,true,completed
BZ_h4s9f50p3n5.txt,BBLCT,9,4,18,3,600.0,6,33.3,18,100.0,3,346.03,0.2,1,true,completed
BZ_h4s9f50p3n6.txt,BBLCT,9,4,18,3,600.0,5,27.8,18,100.0,1,134.39,0.1,1,true,completed
BZ_h4s9f50p3n7.txt,BBLCT,9,4,18,3,600.0,3,16.7,18,100.0,4,435.29,0.2,1,true,completed
BZ_h4s9f50p3n8.txt,BBLCT,9,4,18,3,600.0,0,0.0,18,100.0,5,554.21,0.2,1,true,completed
BZ_h4s9f50p3n9.txt,BBLCT,9,4,18,3,600.0,2,11.1,18,100.0,4,422.57,0.2,1,true,completed
BZ_h4s9f50p6n1.txt,BBLCT,9,4,18,6,600.0,8,44.4,18,100.0,4,472.80,0.2,1,true,completed
BZ_h4s9f50p6n10.txt,BBLCT,9,4,18,6,600.0,2,11.1,11,61.1,5,554.10,0.3,1,true,completed
BZ_h4s9f50p6n11.txt,BBLCT,9,4,18,5,600.0,3,16.7,9,50.0,5,534.15,5.8,364,true,completed
BZ_h4s9f50p6n12.txt,BBLCT,9,4,18,6,600.0,3,16.7,8,44.4,5,542.04,0.3,1,true,completed
BZ_h4s9f50p6n13.txt,BBLCT,9,4,18,6,600.0,2,11.1,10,55.6,5,507.39,0.3,1,true,completed
BZ_h4s9f50p6n14.txt,BBLCT,9,4,18,6,600.0,3,16.7,9,50.0,5,564.02,5.1,267,true,completed
BZ_h4s9f50p6n15.txt,BBLCT,9,4,18,6,600.0,0,0.0,18,100.0,4,430.51,0.2,1,true,completed
BZ_h4s9f50p6n16.txt,BBLCT,9,4,18,6,600.0,1,5.6,7,38.9,5,536.89,1.7,93,true,completed
BZ_h4s9f50p6n17.txt,BBLCT,9,4,18,6,600.0,2,11.1,6,33.3,5,495.76,0.3,1,true,completed
BZ_h4s9f50p6n18.txt,BBLCT,9,4,18,6,600.0,3,16.7,5,27.8,3,299.65,10.1,529,true,completed
BZ_h4s9f50p6n19.txt,BBLCT,9,4,18,6,600.0,2,11.1,10,55.6,6,596.40,44.4,2018,true,completed
BZ_h4s9f50p6n2.txt,BBLCT,9,4,18,6,600.0,0,0.0,15,83.3,4,458.97,1.2,50,true,completed
BZ_h4s9f50p6n20.txt,BBLCT,9,4,18,6,600.0,1,5.6,18,100.0,5,566.61,0.3,1,true,completed
BZ_h4s9f50p6n3.txt,BBLCT,9,4,18,6,600.0,3,16.7,5,27.8,5,580.81,0.3,1,true,completed
BZ_h4s9f50p6n4.txt,BBLCT,9,4,18,6,600.0,1,5.6,7,38.9,5,559.06,0.3,1,true,completed
BZ_h4s9f50p6n5.txt,BBLCT,9,4,18,6,600.0,1,5.6,5,27.8,4,404.36,33.0,2386,true,completed
BZ_h4s9f50p6n6.txt,BBLCT,9,4,18,6,600.0,0,0.0,18,100.0,5,544.47,0.3,1,true,completed
BZ_h4s9f50p6n7.txt,BBLCT,9,4,18,6,600.0,1,5.6,10,55.6,5,528.53,0.3,1,true,completed
BZ_h4s9f50p6n8.txt,BBLCT,9,4,18,6,600.0,5,27.8,13,72.2,5,586.75,0.3,1,true,completed
BZ_h4s9f50p6n9.txt,BBLCT,9,4,18,6,600.0,2,11.1,11,61.1,5,567.19,0.4,1,true,completed
BZ_h4s9f70p2n1.txt,BBLCT,9,4,25,2,600.0,12,48.0,14,56.0,3,327.62,1.2,96,true,completed
BZ_h4s9f70p2n10.txt,BBLCT,9,4,25,2,600.0,9,36.0,14,56.0,4,405.43,6.2,462,true,completed
BZ_h4s9f70p2n11.txt,BBLCT,9,4,25,2,600.0,7,28.0,25,100.0,3,297.99,0.2,1,true,completed
BZ_h4s9f70p2n12.txt,BBLCT,9,4,25,2,600.0,9,36.0,25,100.0,6,597.44,0.2,1,true,completed
BZ_h4s9f70p2n13.txt,BBLCT,9,4,25,2,600.0,2,8.0,5,20.0,6,596.30,10.3,710,true,completed
BZ_h4s9f70p2n14.txt,BBLCT,9,4,25,2,600.0,8,32.0,12,48.0,6,564.31,0.2,1,true,completed
BZ_h4s9f70p2n15.txt,BBLCT,9,4,25,2,600.0,9,36.0,12,48.0,4,353.20,50.4,1858,true,completed
BZ_h4s9f70p2n16.txt,BBLCT,9,4,25,2,600.0,9,36.0,25,100.0,3,319.52,0.2,1,true,completed
BZ_h4s9f70p2n17.txt,BBLCT,9,4,25,2,600.0,8,32.0,25,100.0,4,393.59,0.2,1,true,completed
BZ_h4s9f70p2n18.txt,BBLCT,9,4,25,2,600.0,9,36.0,11,44.0,5,548.67,0.2,1,true,completed
BZ_h4s9f70p2n19.txt,BBLCT,9,4,25,2,600.0,3,12.0,9,36.0,6,581.30,2.5,149,true,completed
BZ_h4s9f70p2n2.txt,BBLCT,9,4,25,2,600.0,14,56.0,16,64.0,5,540.00,0.2,1,true,completed
BZ_h4s9f70p2n20.txt,BBLCT,9,4,25,2,600.0,11,44.0,25,100.0,4,435.06,0.2,1,true,completed
BZ_h4s9f70p2n3.txt,BBLCT,9,4,25,2,600.0,5,20.0,9,36.0,6,596.17,2.2,132,true,completed
BZ_h4s9f70p2n4.txt,BBLCT,9,4,25,2,600.0,4,16.0,10,40.0,5,520.76,0.5,19,true,completed
BZ_h4s9f70p2n5.txt,BBLCT,9,4,25,2,600.0,13,52.0,15,60.0,5,516.26,20.1,990,true,completed
BZ_h4s9f70p2n6.txt,BBLCT,9,4,25,2,600.0,10,40.0,12,48.0,5,495.62,0.2,1,true,completed
BZ_h4s9f70p2n7.txt,BBLCT,9,4,25,2,600.0,4,16.0,8,32.0,6,583.68,0.2,1,true,completed
BZ_h4s9f70p2n8.txt,BBLCT,9,4,25,2,600.0,3,12.0,25,100.0,6,567.42,0.2,1,true,completed
BZ_h4s9f70p2n9.txt,BBLCT,9,4,25,2,600.0,9,36.0,25,100.0,5,489.56,0.2,1,true,completed
BZ_h4s9f70p3n1.txt,BBLCT,9,4,25,3,600.0,1,4.0,7,28.0,4,425.63,12.9,702,true,completed
BZ_h4s9f70p3n10.txt,BBLCT,9,4,25,3,600.0,4,16.0,7,28.0,5,502.87,0.2,1,true,completed
BZ_h4s9f70p3n11.txt,BBLCT,9,4,25,3,600.0,4,16.0,8,32.0,4,450.36,196.4,10445,true,completed
BZ_h4s9f70p3n12.txt,BBLCT,9,4,25,3,600.0,5,20.0,25,100.0,5,489.44,0.2,1,true,completed
BZ_h4s9f70p3n13.txt,BBLCT,9,4,25,3,600.0,4,16.0,16,64.0,6,597.86,7.9,351,true,completed
BZ_h4s9f70p3n14.txt,BBLCT,9,4,25,3,600.0,6,24.0,13,52.0,5,515.74,0.3,1,true,completed
BZ_h4s9f70p3n15.txt,BBLCT,9,4,25,3,600.0,9,36.0,14,56.0,5,521.60,0.2,1,true,completed
BZ_h4s9f70p3n16.txt,BBLCT,9,4,25,3,600.0,5,20.0,8,32.0,5,447.57,49.7,2509,true,completed
BZ_h4s9f70p3n17.txt,BBLCT,9,4,25,3,600.0,4,16.0,25,100.0,6,597.80,0.2,1,true,completed
BZ_h4s9f70p3n18.txt,BBLCT,9,4,25,3,600.0,2,8.0,25,100.0,5,540.40,0.2,1,true,completed
BZ_h4s9f70p3n19.txt,BBLCT,9,4,25,3,600.0,2,8.0,17,68.0,5,508.78,0.2,1,true,completed
BZ_h4s9f70p3n2.txt,BBLCT,9,4,25,3,600.0,8,32.0,12,48.0,5,545.80,0.2,1,true,completed
BZ_h4s9f70p3n20.txt,BBLCT,9,4,25,3,600.0,5,20.0,8,32.0,5,525.87,0.2,1,true,completed
BZ_h4s9f70p3n3.txt,BBLCT,9,4,25,3,600.0,6,24.0,9,36.0,5,435.60,0.3,6,true,completed
BZ_h4s9f70p3n4.txt,BBLCT,9,4,25,3,600.0,5,20.0,9,36.0,6,595.54,2.2,128,true,completed
BZ_h4s9f70p3n5.txt,BBLCT,9,4,25,3,600.0,1,4.0,12,48.0,6,599.63,2.2,113,true,completed
BZ_h4s9f70p3n6.txt,BBLCT,9,4,25,3,600.0,2,8.0,8,32.0,5,493.83,2.8,130,true,completed
BZ_h4s9f70p3n7.txt,BBLCT,9,4,25,3,600.0,5,20.0,19,76.0,6,599.50,5.3,412,true,completed
BZ_h4s9f70p3n8.txt,BBLCT,9,4,25,3,600.0,7,28.0,9,36.0,3,280.67,1.4,90,true,completed
BZ_h4s9f70p3n9.txt,BBLCT,9,4,25,3,600.0,1,4.0,5,20.0,6,582.24,1.8,72,true,completed
BZ_h4s9f70p6n1.txt,BBLCT,9,4,25,6,600.0,2,8.0,6,24.0,5,512.00,0.3,1,true,completed
BZ_h4s9f70p6n10.txt,BBLCT,9,4,25,6,600.0,1,4.0,5,20.0,6,579.74,0.4,2,true,completed
BZ_h4s9f70p6n11.txt,BBLCT,9,4,25,6,600.0,2,8.0,8,32.0,6,559.49,0.3,1,true,completed
BZ_h4s9f70p6n12.txt,BBLCT,9,4,25,6,600.0,3,12.0,13,52.0,5,510.75,0.4,10,true,completed
BZ_h4s9f70p6n13.txt,BBLCT,9,4,25,6,600.0,4,16.0,8,32.0,5,534.33,1.5,89,true,completed
BZ_h4s9f70p6n14.txt,BBLCT,9,4,25,6,600.0,3,12.0,9,36.0,5,549.38,0.3,1,true,completed
BZ_h4s9f70p6n15.txt,BBLCT,9,4,25,6,600.0,0,0.0,17,68.0,6,564.88,0.3,1,true,completed
BZ_h4s9f70p6n16.txt,BBLCT,9,4,25,6,600.0,2,8.0,13,52.0,4,386.28,4.5,267,true,completed
BZ_h4s9f70p6n17.txt,BBLCT,9,4,25,6,600.0,1,4.0,9,36.0,6,598.86,33.2,1543,true,completed
BZ_h4s9f70p6n18.txt,BBLCT,9,4,25,6,600.0,5,20.0,7,28.0,4,455.38,0.3,1,true,completed
BZ_h4s9f70p6n19.txt,BBLCT,9,4,25,6,600.0,2,8.0,13,52.0,5,487.15,12.7,1053,true,completed
BZ_h4s9f70p6n2.txt,BBLCT,9,4,25,6,600.0,1,4.0,6,24.0,5,519.40,2.0,70,true,completed
BZ_h4s9f70p6n20.txt,BBLCT,9,4,25,6,600.0,2,8.0,5,20.0,6,553.24,0.3,1,true,completed
BZ_h4s9f70p6n3.txt,BBLCT,9,4,25,6,600.0,1,4.0,4,16.0,4,394.84,77.0,6820,true,completed
BZ_h4s9f70p6n4.txt,BBLCT,9,4,25,6,600.0,3,12.0,7,28.0,5,530.70,0.3,1,true,completed
BZ_h4s9f70p6n5.txt,BBLCT,9,4,25,6,600.0,2,8.0,7,28.0,6,591.45,0.4,9,true,completed
BZ_h4s9f70p6n6.txt,BBLCT,9,4,25,6,600.0,1,4.0,11,44.0,6,561.51,3.4,136,true,completed
BZ_h4s9f70p6n7.txt,BBLCT,9,4,25,6,600.0,1,4.0,6,24.0,6,585.58,41.8,1289,true,completed
BZ_h4s9f70p6n8.txt,BBLCT,9,4,25,6,600.0,1,4.0,15,60.0,6,598.63,57.0,1949,true,completed
BZ_h4s9f70p6n9.txt,BBLCT,9,4,25,6,600.0,0,0.0,3,12.0,5,527.75,0.4,5,true,completed
BZ_h6s3f50p2n1.txt,BBLCT,3,6,9,2,600.0,4,44.4,6,66.7,4,491.09,0.2,3,true,completed
BZ_h6s3f50p2n10.txt,BBLCT,3,6,9,2,600.0,3,33.3,9,100.0,4,514.45,0.2,1,true,completed
BZ_h6s3f50p2n11.txt,BBLCT,3,6,9,2,600.0,6,66.7,9,100.0,1,159.34,0.1,1,true,completed
BZ_h6s3f50p2n12.txt,BBLCT,3,6,9,2,600.0,2,22.2,9,100.0,2,252.68,0.1,1,true,completed
BZ_h6s3f50p2n13.txt,BBLCT,3,6,9,2,600.0,5,55.6,9,100.0,4,484.12,0.2,1,true,completed
BZ_h6s3f50p2n14.txt,BBLCT,3,6,9,2,600.0,2,22.2,9,100.0,4,532.26,0.2,1,true,completed
BZ_h6s3f50p2n15.txt,BBLCT,3,6,9,2,600.0,0,0.0,9,100.0,2,259.53,0.1,1,true,completed
BZ_h6s3f50p2n16.txt,BBLCT,3,6,9,2,600.0,4,44.4,9,100.0,3,394.73,0.2,1,true,completed
BZ_h6s3f50p2n17.txt,BBLCT,3,6,9,2,600.0,3,33.3,9,100.0,4,503.62,0.2,1,true,completed
BZ_h6s3f50p2n18.txt,BBLCT,3,6,9,2,600.0,0,0.0,9,100.0,4,581.60,0.2,12,true,completed
BZ_h6s3f50p2n19.txt,BBLCT,3,6,9,2,600.0,2,22.2,4,44.4,1,145.26,0.2,6,true,completed
BZ_h6s3f50p2n2.txt,BBLCT,3,6,9,2,600.0,2,22.2,5,55.6,3,389.73,0.2,34,true,completed
BZ_h6s3f50p2n20.txt,BBLCT,3,6,9,2,600.0,1,11.1,9,100.0,4,508.98,0.1,1,true,completed
BZ_h6s3f50p2n3.txt,BBLCT,3,6,9,2,600.0,2,22.2,3,33.3,1,143.75,0.2,11,true,completed
BZ_h6s3f50p2n4.txt,BBLCT,3,6,9,2,600.0,3,33.3,4,44.4,4,542.44,0.2,2,true,completed
BZ_h6s3f50p2n5.txt,BBLCT,3,6,9,2,600.0,2,22.2,4,44.4,2,256.87,0.2,34,true,completed
BZ_h6s3f50p2n6.txt,BBLCT,3,6,9,2,600.0,3,33.3,9,100.0,4,520.47,0.2,1,true,completed
BZ_h6s3f50p2n7.txt,BBLCT,3,6,9,2,600.0,4,44.4,9,100.0,1,132.49,0.2,1,true,completed
BZ_h6s3f50p2n8.txt,BBLCT,3,6,9,2,600.0,1,11.1,2,22.2,3,452.57,0.2,17,true,completed
BZ_h6s3f50p2n9.txt,BBLCT,3,6,9,2,600.0,4,44.4,9,100.0,1,146.39,0.1,1,true,completed
BZ_h6s3f50p3n1.txt,BBLCT,3,6,9,3,600.0,7,77.8,7,77.8,0,0.00,0.2,30,true,completed
BZ_h6s3f50p3n10.txt,BBLCT,3,6,9,3,600.0,1,11.1,9,100.0,4,533.24,0.2,1,true,completed
BZ_h6s3f50p3n11.txt,BBLCT,3,6,9,3,600.0,0,0.0,3,33.3,4,495.11,0.2,13,true,completed
BZ_h6s3f50p3n12.txt,BBLCT,3,6,9,3,600.0,3,33.3,9,100.0,4,530.47,0.2,1,true,completed
BZ_h6s3f50p3n13.txt,BBLCT,3,6,9,3,600.0,2,22.2,4,44.4,4,511.58,0.2,14,true,completed
BZ_h6s3f50p3n14.txt,BBLCT,3,6,9,2,600.0,2,22.2,3,33.3,4,522.66,0.2,1,true,completed
BZ_h6s3f50p3n15.txt,BBLCT,3,6,9,3,600.0,1,11.1,2,22.2,1,121.94,0.2,5,true,completed
BZ_h6s3f50p3n16.txt,BBLCT,3,6,9,3,600.0,5,55.6,9,100.0,3,410.10,0.2,1,true,completed
BZ_h6s3f50p3n17.txt,BBLCT,3,6,9,3,600.0,1,11.1,3,33.3,4,523.89,0.2,13,true,completed
BZ_h6s3f50p3n18.txt,BBLCT,3,6,9,3,600.0,2,22.2,9,100.0,4,509.10,0.2,38,true,completed
BZ_h6s3f50p3n19.txt,BBLCT,3,6,9,3,600.0,2,22.2,3,33.3,4,506.21,0.2,2,true,completed
BZ_h6s3f50p3n2.txt,BBLCT,3,6,9,3,600.0,2,22.2,4,44.4,4,505.04,0.2,6,true,completed
BZ_h6s3f50p3n20.txt,BBLCT,3,6,9,3,600.0,1,11.1,2,22.2,1,125.53,0.2,5,true,completed
BZ_h6s3f50p3n3.txt,BBLCT,3,6,9,3,600.0,0,0.0,9,100.0,2,251.35,0.2,1,true,completed
BZ_h6s3f50p3n4.txt,BBLCT,3,6,9,3,600.0,1,11.1,4,44.4,4,544.45,0.2,38,true,completed
BZ_h6s3f50p3n5.txt,BBLCT,3,6,9,3,600.0,0,0.0,9,100.0,4,532.62,0.2,14,true,completed
BZ_h6s3f50p3n6.txt,BBLCT,3,6,9,3,600.0,1,11.1,3,33.3,3,379.73,0.2,1,true,completed
BZ_h6s3f50p3n7.txt,BBLCT,3,6,9,3,600.0,0,0.0,9,100.0,3,335.95,0.1,1,true,completed
BZ_h6s3f50p3n8.txt,BBLCT,3,6,9,3,600.0,0,0.0,4,44.4,4,515.93,0.2,1,true,completed
BZ_h6s3f50p3n9.txt,BBLCT,3,6,9,3,600.0,1,11.1,4,44.4,4,419.13,0.2,5,true,completed
BZ_h6s3f50p6n1.txt,BBLCT,3,6,9,5,600.0,1,11.1,4,44.4,3,432.29,0.2,17,true,completed
BZ_h6s3f50p6n10.txt,BBLCT,3,6,9,5,600.0,0,0.0,5,55.6,4,492.44,0.2,9,true,completed
BZ_h6s3f50p6n11.txt,BBLCT,3,6,9,6,600.0,2,22.2,9,100.0,4,555.07,0.2,16,true,completed
BZ_h6s3f50p6n12.txt,BBLCT,3,6,9,6,600.0,1,11.1,6,66.7,4,522.60,0.2,1,true,completed
BZ_h6s3f50p6n13.txt,BBLCT,3,6,9,6,600.0,0,0.0,6,66.7,5,589.98,0.3,23,true,completed
BZ_h6s3f50p6n14.txt,BBLCT,3,6,9,6,600.0,3,33.3,6,66.7,3,386.70,0.2,18,true,completed
BZ_h6s3f50p6n15.txt,BBLCT,3,6,9,6,600.0,1,11.1,4,44.4,4,557.67,0.2,14,true,completed
BZ_h6s3f50p6n16.txt,BBLCT,3,6,9,6,600.0,0,0.0,2,22.2,3,360.92,0.2,20,true,completed
BZ_h6s3f50p6n17.txt,BBLCT,3,6,9,6,600.0,0,0.0,2,22.2,1,143.79,0.2,10,true,completed
BZ_h6s3f50p6n18.txt,BBLCT,3,6,9,6,600.0,0,0.0,1,11.1,1,101.32,0.2,6,true,completed
BZ_h6s3f50p6n19.txt,BBLCT,3,6,9,6,600.0,2,22.2,4,44.4,2,236.21,0.2,31,true,completed
BZ_h6s3f50p6n2.txt,BBLCT,3,6,9,6,600.0,0,0.0,3,33.3,4,563.69,0.2,13,true,completed
BZ_h6s3f50p6n20.txt,BBLCT,3,6,9,6,600.0,0,0.0,3,33.3,2,251.35,0.2,16,true,completed
BZ_h6s3f50p6n3.txt,BBLCT,3,6,9,6,600.0,1,11.1,6,66.7,4,517.70,0.3,38,true,completed
BZ_h6s3f50p6n4.txt,BBLCT,3,6,9,6,600.0,1,11.1,3,33.3,4,548.62,0.2,29,true,completed
BZ_h6s3f50p6n5.txt,BBLCT,3,6,9,6,600.0,0,0.0,9,100.0,2,259.51,0.1,1,true,completed
BZ_h6s3f50p6n6.txt,BBLCT,3,6,9,6,600.0,1,11.1,2,22.2,4,535.98,0.2,12,true,completed
BZ_h6s3f50p6n7.txt,BBLCT,3,6,9,6,600.0,1,11.1,4,44.4,4,514.12,0.2,16,true,completed
BZ_h6s3f50p6n8.txt,BBLCT,3,6,9,6,600.0,0,0.0,3,33.3,3,360.36,0.2,7,true,completed
BZ_h6s3f50p6n9.txt,BBLCT,3,6,9,6,600.0,3,33.3,9,100.0,3,375.97,0.2,1,true,completed
BZ_h6s3f70p2n1.txt,BBLCT,3,6,12,2,600.0,5,41.7,12,100.0,4,466.28,0.2,1,true,completed
BZ_h6s3f70p2n10.txt,BBLCT,3,6,12,2,600.0,0,0.0,3,25.0,5,563.63,0.2,42,true,completed
BZ_h6s3f70p2n11.txt,BBLCT,3,6,12,2,600.0,2,16.7,2,16.7,0,0.00,0.2,14,true,completed
BZ_h6s3f70p2n12.txt,BBLCT,3,6,12,2,600.0,2,16.7,12,100.0,2,221.51,0.2,1,true,completed
BZ_h6s3f70p2n13.txt,BBLCT,3,6,12,2,600.0,1,8.3,4,33.3,4,440.44,0.2,1,true,completed
BZ_h6s3f70p2n14.txt,BBLCT,3,6,12,2,600.0,1,8.3,3,25.0,5,528.10,0.2,1,true,completed
BZ_h6s3f70p2n15.txt,BBLCT,3,6,12,2,600.0,1,8.3,5,41.7,5,572.74,0.2,7,true,completed
BZ_h6s3f70p2n16.txt,BBLCT,3,6,12,2,600.0,0,0.0,1,8.3,3,325.20,0.2,1,true,completed
BZ_h6s3f70p2n17.txt,BBLCT,3,6,12,2,600.0,2,16.7,3,25.0,4,438.21,0.2,2,true,completed
BZ_h6s3f70p2n18.txt,BBLCT,3,6,12,2,600.0,2,16.7,5,41.7,5,537.78,0.2,17,true,completed
BZ_h6s3f70p2n19.txt,BBLCT,3,6,12,2,600.0,5,41.7,12,100.0,4,444.60,0.2,1,true,completed
BZ_h6s3f70p2n2.txt,BBLCT,3,6,12,2,600.0,7,58.3,7,58.3,0,0.00,0.2,25,true,completed
BZ_h6s3f70p2n20.txt,BBLCT,3,6,12,2,600.0,3,25.0,5,41.7,4,421.28,0.2,1,true,completed
BZ_h6s3f70p2n3.txt,BBLCT,3,6,12,2,600.0,0,0.0,4,33.3,2,212.64,0.2,39,true,completed
BZ_h6s3f70p2n4.txt,BBLCT,3,6,12,2,600.0,2,16.7,4,33.3,5,517.95,0.2,19,true,completed
BZ_h6s3f70p2n5.txt,BBLCT,3,6,12,2,600.0,3,25.0,5,41.7,3,323.01,0.2,46,true,completed
BZ_h6s3f70p2n6.txt,BBLCT,3,6,12,2,600.0,1,8.3,5,41.7,4,443.03,0.2,3,true,completed
BZ_h6s3f70p2n7.txt,BBLCT,3,6,12,2,600.0,1,8.3,4,33.3,5,517.82,0.2,8,true,completed
BZ_h6s3f70p2n8.txt,BBLCT,3,6,12,2,600.0,7,58.3,12,100.0,5,527.21,0.2,1,true,completed
BZ_h6s3f70p2n9.txt,BBLCT,3,6,12,2,600.0,1,8.3,4,33.3,5,565.35,0.3,40,true,completed
BZ_h6s3f70p3n1.txt,BBLCT,3,6,12,3,600.0,2,16.7,12,100.0,2,215.49,0.2,1,true,completed
BZ_h6s3f70p3n10.txt,BBLCT,3,6,12,3,600.0,2,16.7,3,25.0,4,409.93,0.2,3,true,completed
BZ_h6s3f70p3n11.txt,BBLCT,3,6,12,3,600.0,3,25.0,12,100.0,2,218.01,0.2,1,true,completed
BZ_h6s3f70p3n12.txt,BBLCT,3,6,12,3,600.0,1,8.3,3,25.0,1,82.21,0.2,8,true,completed
BZ_h6s3f70p3n13.txt,BBLCT,3,6,12,3,600.0,0,0.0,6,50.0,3,299.58,0.2,9,true,completed
BZ_h6s3f70p3n14.txt,BBLCT,3,6,12,3,600.0,2,16.7,5,41.7,5,555.21,0.2,5,true,completed
BZ_h6s3f70p3n15.txt,BBLCT,3,6,12,3,600.0,4,33.3,5,41.7,5,563.96,0.2,1,true,completed
BZ_h6s3f70p3n16.txt,BBLCT,3,6,12,3,600.0,2,16.7,6,50.0,4,456.36,0.2,1,true,completed
BZ_h6s3f70p3n17.txt,BBLCT,3,6,12,3,600.0,1,8.3,3,25.0,5,512.74,0.2,6,true,completed
BZ_h6s3f70p3n18.txt,BBLCT,3,6,12,3,600.0,0,0.0,3,25.0,2,211.59,0.2,15,true,completed
BZ_h6s3f70p3n19.txt,BBLCT,3,6,12,3,600.0,0,0.0,9,75.0,4,425.44,0.2,33,true,completed
BZ_h6s3f70p3n2.txt,BBLCT,3,6,12,3,600.0,2,16.7,3,25.0,2,196.39,0.2,16,true,completed
BZ_h6s3f70p3n20.txt,BBLCT,3,6,12,3,600.0,5,41.7,7,58.3,5,598.12,0.2,1,true,completed
BZ_h6s3f70p3n3.txt,BBLCT,3,6,12,3,600.0,0,0.0,2,16.7,4,438.19,0.2,1,true,completed
BZ_h6s3f70p3n4.txt,BBLCT,3,6,12,3,600.0,1,8.3,2,16.7,1,120.84,0.2,7,true,completed
BZ_h6s3f70p3n5.txt,BBLCT,3,6,12,3,600.0,0,0.0,2,16.7,4,430.66,0.2,25,true,completed
BZ_h6s3f70p3n6.txt,BBLCT,3,6,12,3,600.0,1,8.3,2,16.7,4,484.12,0.2,1,true,completed
BZ_h6s3f70p3n7.txt,BBLCT,3,6,12,3,600.0,0,0.0,7,58.3,4,446.41,0.2,31,true,completed
BZ_h6s3f70p3n8.txt,BBLCT,3,6,12,3,600.0,3,25.0,5,41.7,3,325.36,0.2,27,true,completed
BZ_h6s3f70p3n9.txt,BBLCT,3,6,12,3,600.0,1,8.3,6,50.0,4,439.61,0.3,35,true,completed
BZ_h6s3f70p6n1.txt,BBLCT,3,6,12,5,600.0,3,25.0,3,25.0,0,0.00,0.2,18,true,completed
BZ_h6s3f70p6n10.txt,BBLCT,3,6,12,6,600.0,2,16.7,4,33.3,2,204.97,0.3,50,true,completed
BZ_h6s3f70p6n11.txt,BBLCT,3,6,12,6,600.0,0,0.0,3,25.0,5,549.28,0.3,32,true,completed
BZ_h6s3f70p6n12.txt,BBLCT,3,6,12,6,600.0,0,0.0,3,25.0,5,569.29,0.2,1,true,completed
BZ_h6s3f70p6n13.txt,BBLCT,3,6,12,6,600.0,0,0.0,3,25.0,5,541.67,0.2,1,true,completed
BZ_h6s3f70p6n14.txt,BBLCT,3,6,12,6,600.0,2,16.7,5,41.7,1,121.94,0.2,10,true,completed
BZ_h6s3f70p6n15.txt,BBLCT,3,6,12,6,600.0,0,0.0,12,100.0,4,425.18,0.2,1,true,completed
BZ_h6s3f70p6n16.txt,BBLCT,3,6,12,6,600.0,0,0.0,2,16.7,4,476.46,0.2,7,true,completed
BZ_h6s3f70p6n17.txt,BBLCT,3,6,12,6,600.0,0,0.0,4,33.3,3,306.27,0.2,1,true,completed
BZ_h6s3f70p6n18.txt,BBLCT,3,6,12,6,600.0,0,0.0,2,16.7,4,414.82,0.3,27,true,completed
BZ_h6s3f70p6n19.txt,BBLCT,3,6,12,6,600.0,0,0.0,7,58.3,5,537.90,0.3,42,true,completed
BZ_h6s3f70p6n2.txt,BBLCT,3,6,12,6,600.0,1,8.3,5,41.7,1,82.21,0.2,4,true,completed
BZ_h6s3f70p6n20.txt,BBLCT,3,6,12,6,600.0,1,8.3,2,16.7,5,581.47,0.3,20,true,completed
BZ_h6s3f70p6n3.txt,BBLCT,3,6,12,6,600.0,2,16.7,4,33.3,1,123.38,0.3,31,true,completed
BZ_h6s3f70p6n4.txt,BBLCT,3,6,12,6,600.0,1,8.3,3,25.0,5,599.74,0.2,22,true,completed
BZ_h6s3f70p6n5.txt,BBLCT,3,6,12,6,600.0,0,0.0,5,41.7,2,207.33,0.2,16,true,completed
BZ_h6s3f70p6n6.txt,BBLCT,3,6,12,6,600.0,0,0.0,3,25.0,3,320.45,0.3,21,true,completed
BZ_h6s3f70p6n7.txt,BBLCT,3,6,12,6,600.0,1,8.3,3,25.0,5,579.91,0.5,24,true,completed
BZ_h6s3f70p6n8.txt,BBLCT,3,6,12,6,600.0,1,8.3,4,33.3,5,550.46,0.2,1,true,completed
BZ_h6s3f70p6n9.txt,BBLCT,3,6,12,6,600.0,1,8.3,5,41.7,6,599.56,0.3,58,true,completed
BZ_h6s5f50p2n1.txt,BBLCT,5,6,15,2,600.0,3,20.0,15,100.0,2,233.99,0.2,1,true,completed
BZ_h6s5f50p2n10.txt,BBLCT,5,6,15,2,600.0,2,13.3,4,26.7,3,375.08,0.3,22,true,completed
BZ_h6s5f50p2n11.txt,BBLCT,5,6,15,2,600.0,5,33.3,10,66.7,4,549.23,0.2,7,true,completed
BZ_h6s5f50p2n12.txt,BBLCT,5,6,15,2,600.0,3,20.0,15,100.0,2,235.23,0.2,1,true,completed
BZ_h6s5f50p2n13.txt,BBLCT,5,6,15,2,600.0,4,26.7,15,100.0,4,453.79,0.1,1,true,completed
BZ_h6s5f50p2n14.txt,BBLCT,5,6,15,2,600.0,3,20.0,7,46.7,4,492.08,0.2,1,true,completed
BZ_h6s5f50p2n15.txt,BBLCT,5,6,15,2,600.0,5,33.3,8,53.3,4,491.99,0.6,75,true,completed
BZ_h6s5f50p2n16.txt,BBLCT,5,6,15,2,600.0,2,13.3,6,40.0,4,580.09,0.2,1,true,completed
BZ_h6s5f50p2n17.txt,BBLCT,5,6,15,2,600.0,3,20.0,9,60.0,4,531.33,0.2,1,true,completed
BZ_h6s5f50p2n18.txt,BBLCT,5,6,15,2,600.0,2,13.3,6,40.0,5,570.33,0.2,1,true,completed
BZ_h6s5f50p2n19.txt,BBLCT,5,6,15,2,600.0,4,26.7,7,46.7,5,596.96,0.6,97,true,completed
BZ_h6s5f50p2n2.txt,BBLCT,5,6,15,2,600.0,6,40.0,9,60.0,4,465.56,3.2,735,true,completed
BZ_h6s5f50p2n20.txt,BBLCT,5,6,15,2,600.0,6,40.0,9,60.0,4,448.66,0.2,1,true,completed
BZ_h6s5f50p2n3.txt,BBLCT,5,6,15,2,600.0,9,60.0,15,100.0,2,271.87,0.1,1,true,completed
BZ_h6s5f50p2n4.txt,BBLCT,5,6,15,2,600.0,3,20.0,15,100.0,4,502.03,0.2,1,true,completed
BZ_h6s5f50p2n5.txt,BBLCT,5,6,15,2,600.0,3,20.0,7,46.7,3,355.16,0.3,26,true,completed
BZ_h6s5f50p2n6.txt,BBLCT,5,6,15,2,600.0,6,40.0,8,53.3,4,548.58,0.3,16,true,completed
BZ_h6s5f50p2n7.txt,BBLCT,5,6,15,2,600.0,6,40.0,15,100.0,2,273.18,0.2,1,true,completed
BZ_h6s5f50p2n8.txt,BBLCT,5,6,15,2,600.0,4,26.7,15,100.0,3,358.08,0.1,1,true,completed
BZ_h6s5f50p2n9.txt,BBLCT,5,6,15,2,600.0,2,13.3,5,33.3,2,256.58,1.3,339,true,completed
BZ_h6s5f50p3n1.txt,BBLCT,5,6,15,3,600.0,1,6.7,9,60.0,4,560.64,0.2,1,true,completed
BZ_h6s5f50p3n10.txt,BBLCT,5,6,15,3,600.0,2,13.3,15,100.0,2,272.28,0.1,1,true,completed
BZ_h6s5f50p3n11.txt,BBLCT,5,6,15,3,600.0,2,13.3,5,33.3,4,528.16,0.2,1,true,completed
BZ_h6s5f50p3n12.txt,BBLCT,5,6,15,3,600.0,4,26.7,10,66.7,4,509.67,0.7,118,true,completed
BZ_h6s5f50p3n13.txt,BBLCT,5,6,15,3,600.0,0,0.0,3,20.0,3,354.84,1.1,176,true,completed
BZ_h6s5f50p3n14.txt,BBLCT,5,6,15,3,600.0,1,6.7,5,33.3,3,376.78,0.9,111,true,completed
BZ_h6s5f50p3n15.txt,BBLCT,5,6,15,3,600.0,4,26.7,7,46.7,4,575.44,0.3,31,true,completed
BZ_h6s5f50p3n16.txt,BBLCT,5,6,15,3,600.0,0,0.0,15,100.0,4,472.77,0.2,1,true,completed
BZ_h6s5f50p3n17.txt,BBLCT,5,6,15,3,600.0,1,6.7,4,26.7,2,242.54,0.3,24,true,completed
BZ_h6s5f50p3n18.txt,BBLCT,5,6,15,3,600.0,0,0.0,7,46.7,4,493.07,0.2,1,true,completed
BZ_h6s5f50p3n19.txt,BBLCT,5,6,15,3,600.0,1,6.7,3,20.0,3,352.21,1.0,229,true,completed
BZ_h6s5f50p3n2.txt,BBLCT,5,6,15,3,600.0,1,6.7,15,100.0,5,590.68,0.2,1,true,completed
BZ_h6s5f50p3n20.txt,BBLCT,5,6,15,3,600.0,1,6.7,9,60.0,4,469.37,0.2,7,true,completed
BZ_h6s5f50p3n3.txt,BBLCT,5,6,15,3,600.0,1,6.7,8,53.3,4,540.62,0.2,1,true,completed
BZ_h6s5f50p3n4.txt,BBLCT,5,6,15,3,600.0,2,13.3,7,46.7,4,490.37,0.6,64,true,completed
BZ_h6s5f50p3n5.txt,BBLCT,5,6,15,3,600.0,0,0.0,5,33.3,4,505.81,0.2,14,true,completed
BZ_h6s5f50p3n6.txt,BBLCT,5,6,15,3,600.0,1,6.7,7,46.7,4,578.44,0.2,1,true,completed
BZ_h6s5f50p3n7.txt,BBLCT,5,6,15,3,600.0,1,6.7,4,26.7,3,348.18,0.2,12,true,completed
BZ_h6s5f50p3n8.txt,BBLCT,5,6,15,3,600.0,3,20.0,11,73.3,4,526.89,0.9,122,true,completed
BZ_h6s5f50p3n9.txt,BBLCT,5,6,15,3,600.0,2,13.3,9,60.0,5,496.75,1.0,147,true,completed
BZ_h6s5f50p6n1.txt,BBLCT,5,6,15,6,600.0,3,20.0,7,46.7,4,489.73,0.2,1,true,completed
BZ_h6s5f50p6n10.txt,BBLCT,5,6,15,5,600.0,1,6.7,15,100.0,3,378.65,0.2,1,true,completed
BZ_h6s5f50p6n11.txt,BBLCT,5,6,15,6,600.0,0,0.0,2,13.3,5,561.57,0.2,1,true,completed
BZ_h6s5f50p6n12.txt,BBLCT,5,6,15,6,600.0,2,13.3,5,33.3,4,548.39,0.2,1,true,completed
BZ_h6s5f50p6n13.txt,BBLCT,5,6,15,6,600.0,0,0.0,3,20.0,5,598.49,0.6,87,true,completed
BZ_h6s5f50p6n14.txt,BBLCT,5,6,15,5,600.0,0,0.0,2,13.3,4,561.28,0.2,1,true,completed
BZ_h6s5f50p6n15.txt,BBLCT,5,6,15,6,600.0,1,6.7,15,100.0,4,529.82,0.2,1,true,completed
BZ_h6s5f50p6n16.txt,BBLCT,5,6,15,6,600.0,0,0.0,4,26.7,4,499.63,2.2,532,true,completed
BZ_h6s5f50p6n17.txt,BBLCT,5,6,15,6,600.0,2,13.3,5,33.3,4,526.69,0.2,1,true,completed
BZ_h6s5f50p6n18.txt,BBLCT,5,6,15,6,600.0,1,6.7,9,60.0,5,578.86,0.3,5,true,completed
BZ_h6s5f50p6n19.txt,BBLCT,5,6,15,6,600.0,1,6.7,3,20.0,2,242.12,0.3,21,true,completed
BZ_h6s5f50p6n2.txt,BBLCT,5,6,15,6,600.0,0,0.0,2,13.3,4,512.47,0.2,1,true,completed
BZ_h6s5f50p6n20.txt,BBLCT,5,6,15,6,600.0,0,0.0,1,6.7,4,490.81,0.2,1,true,completed
BZ_h6s5f50p6n3.txt,BBLCT,5,6,15,5,600.0,1,6.7,9,60.0,4,517.41,0.2,1,true,completed
BZ_h6s5f50p6n4.txt,BBLCT,5,6,15,6,600.0,0,0.0,2,13.3,4,523.11,0.2,1,true,completed
BZ_h6s5f50p6n5.txt,BBLCT,5,6,15,6,600.0,0,0.0,3,20.0,2,199.79,0.9,121,true,completed
BZ_h6s5f50p6n6.txt,BBLCT,5,6,15,6,600.0,0,0.0,3,20.0,4,489.34,0.6,133,true,completed
BZ_h6s5f50p6n7.txt,BBLCT,5,6,15,6,600.0,2,13.3,5,33.3,3,364.22,1.0,115,true,completed
BZ_h6s5f50p6n8.txt,BBLCT,5,6,15,6,600.0,0,0.0,3,20.0,5,599.20,0.5,53,true,completed
BZ_h6s5f50p6n9.txt,BBLCT,5,6,15,6,600.0,0,0.0,3,20.0,4,535.37,0.2,1,true,completed
BZ_h6s5f70p2n1.txt,BBLCT,5,6,21,2,600.0,4,19.0,8,38.1,5,544.71,0.2,1,true,completed
BZ_h6s5f70p2n10.txt,BBLCT,5,6,21,2,600.0,4,19.0,9,42.9,5,583.16,0.2,7,true,completed
BZ_h6s5f70p2n11.txt,BBLCT,5,6,21,2,600.0,1,4.8,8,38.1,5,586.54,0.4,30,true,completed
BZ_h6s5f70p2n12.txt,BBLCT,5,6,21,2,600.0,3,14.3,6,28.6,5,506.11,1.9,410,true,completed
BZ_h6s5f70p2n13.txt,BBLCT,5,6,21,2,600.0,4,19.0,8,38.1,5,568.25,0.2,3,true,completed
BZ_h6s5f70p2n14.txt,BBLCT,5,6,21,2,600.0,2,9.5,6,28.6,6,571.77,0.5,67,true,completed
BZ_h6s5f70p2n15.txt,BBLCT,5,6,21,2,600.0,7,33.3,11,52.4,4,521.69,0.4,30,true,completed
BZ_h6s5f70p2n16.txt,BBLCT,5,6,21,2,600.0,10,47.6,11,52.4,3,357.58,7.3,1438,true,completed
BZ_h6s5f70p2n17.txt,BBLCT,5,6,21,2,600.0,8,38.1,9,42.9,3,288.07,3.3,671,true,completed
BZ_h6s5f70p2n18.txt,BBLCT,5,6,21,2,600.0,4,19.0,8,38.1,5,541.85,0.6,86,true,completed
BZ_h6s5f70p2n19.txt,BBLCT,5,6,21,2,600.0,5,23.8,21,100.0,5,541.25,0.2,1,true,completed
BZ_h6s5f70p2n2.txt,BBLCT,5,6,21,2,600.0,7,33.3,21,100.0,5,587.96,0.2,1,true,completed
BZ_h6s5f70p2n20.txt,BBLCT,5,6,21,2,600.0,4,19.0,8,38.1,5,581.74,0.5,54,true,completed
BZ_h6s5f70p2n3.txt,BBLCT,5,6,21,2,600.0,11,52.4,13,61.9,4,512.87,0.5,75,true,completed
BZ_h6s5f70p2n4.txt,BBLCT,5,6,21,2,600.0,1,4.8,8,38.1,4,399.70,0.5,61,true,completed
BZ_h6s5f70p2n5.txt,BBLCT,5,6,21,2,600.0,9,42.9,12,57.1,5,543.89,0.8,115,true,completed
BZ_h6s5f70p2n6.txt,BBLCT,5,6,21,2,600.0,3,14.3,5,23.8,5,500.49,0.2,1,true,completed
BZ_h6s5f70p2n7.txt,BBLCT,5,6,21,2,600.0,7,33.3,11,52.4,5,532.91,0.2,1,true,completed
BZ_h6s5f70p2n8.txt,BBLCT,5,6,21,2,600.0,5,23.8,9,42.9,5,538.09,0.4,45,true,completed
BZ_h6s5f70p2n9.txt,BBLCT,5,6,21,2,600.0,8,38.1,11,52.4,4,457.56,0.4,36,true,completed
BZ_h6s5f70p3n1.txt,BBLCT,5,6,21,3,600.0,2,9.5,6,28.6,4,451.05,0.2,1,true,completed
BZ_h6s5f70p3n10.txt,BBLCT,5,6,21,3,600.0,3,14.3,6,28.6,5,564.67,0.7,84,true,completed
BZ_h6s5f70p3n11.txt,BBLCT,5,6,21,3,600.0,4,19.0,6,28.6,3,342.01,0.7,105,true,completed
BZ_h6s5f70p3n12.txt,BBLCT,5,6,21,3,600.0,1,4.8,5,23.8,5,559.57,0.2,1,true,completed
BZ_h6s5f70p3n13.txt,BBLCT,5,6,21,3,600.0,8,38.1,13,61.9,2,234.42,0.4,39,true,completed
BZ_h6s5f70p3n14.txt,BBLCT,5,6,21,3,600.0,2,9.5,7,33.3,5,522.17,0.3,13,true,completed
BZ_h6s5f70p3n15.txt,BBLCT,5,6,21,3,600.0,7,33.3,9,42.9,1,115.40,0.8,123,true,completed
BZ_h6s5f70p3n16.txt,BBLCT,5,6,21,3,600.0,3,14.3,5,23.8,4,440.34,0.9,133,true,completed
BZ_h6s5f70p3n17.txt,BBLCT,5,6,21,3,600.0,3,14.3,8,38.1,5,522.14,0.2,3,true,completed
BZ_h6s5f70p3n18.txt,BBLCT,5,6,21,3,600.0,6,28.6,7,33.3,4,562.45,0.2,1,true,completed
BZ_h6s5f70p3n19.txt,BBLCT,5,6,21,3,600.0,1,4.8,4,19.0,5,594.67,1.2,221,true,completed
BZ_h6s5f70p3n2.txt,BBLCT,5,6,21,3,600.0,3,14.3,6,28.6,5,547.30,0.6,80,true,completed
BZ_h6s5f70p3n20.txt,BBLCT,5,6,21,3,600.0,7,33.3,14,66.7,5,537.64,0.7,78,true,completed
BZ_h6s5f70p3n3.txt,BBLCT,5,6,21,3,600.0,7,33.3,11,52.4,5,541.08,0.7,91,true,completed
BZ_h6s5f70p3n4.txt,BBLCT,5,6,21,3,600.0,1,4.8,3,14.3,4,497.98,0.6,94,true,completed
BZ_h6s5f70p3n5.txt,BBLCT,5,6,21,3,600.0,2,9.5,4,19.0,4,459.95,0.2,1,true,completed
BZ_h6s5f70p3n6.txt,BBLCT,5,6,21,3,600.0,4,19.0,7,33.3,4,413.96,1.1,274,true,completed
BZ_h6s5f70p3n7.txt,BBLCT,5,6,21,3,600.0,3,14.3,7,33.3,5,468.24,0.4,38,true,completed
BZ_h6s5f70p3n8.txt,BBLCT,5,6,21,3,600.0,2,9.5,6,28.6,4,405.02,0.5,74,true,completed
BZ_h6s5f70p3n9.txt,BBLCT,5,6,21,3,600.0,4,19.0,9,42.9,5,566.60,0.2,5,true,completed
BZ_h6s5f70p6n1.txt,BBLCT,5,6,21,6,600.0,1,4.8,4,19.0,5,535.38,0.3,1,true,completed
BZ_h6s5f70p6n10.txt,BBLCT,5,6,21,6,600.0,0,0.0,2,9.5,4,414.24,0.3,4,true,completed
BZ_h6s5f70p6n11.txt,BBLCT,5,6,21,6,600.0,2,9.5,3,14.3,2,265.85,2.8,583,true,completed
BZ_h6s5f70p6n12.txt,BBLCT,5,6,21,6,600.0,1,4.8,3,14.3,3,370.51,1.2,202,true,completed
BZ_h6s5f70p6n13.txt,BBLCT,5,6,21,6,600.0,2,9.5,4,19.0,5,521.30,0.3,1,true,completed
BZ_h6s5f70p6n14.txt,BBLCT,5,6,21,5,600.0,0,0.0,2,9.5,5,534.91,0.3,1,true,completed
BZ_h6s5f70p6n15.txt,BBLCT,5,6,21,6,600.0,0,0.0,8,38.1,3,312.12,2.2,433,true,completed
BZ_h6s5f70p6n16.txt,BBLCT,5,6,21,6,600.0,1,4.8,2,9.5,5,514.87,0.3,3,true,completed
BZ_h6s5f70p6n17.txt,BBLCT,5,6,21,5,600.0,0,0.0,6,28.6,5,546.59,0.3,3,true,completed
BZ_h6s5f70p6n18.txt,BBLCT,5,6,21,6,600.0,1,4.8,3,14.3,2,241.93,4.9,1115,true,completed
BZ_h6s5f70p6n19.txt,BBLCT,5,6,21,6,600.0,2,9.5,7,33.3,5,563.78,0.3,2,true,completed
BZ_h6s5f70p6n2.txt,BBLCT,5,6,21,6,600.0,0,0.0,6,28.6,5,533.19,0.6,85,true,completed
BZ_h6s5f70p6n20.txt,BBLCT,5,6,21,6,600.0,1,4.8,3,14.3,5,519.94,0.3,1,true,completed
BZ_h6s5f70p6n3.txt,BBLCT,5,6,21,6,600.0,1,4.8,3,14.3,5,534.82,0.3,1,true,completed
BZ_h6s5f70p6n4.txt,BBLCT,5,6,21,6,600.0,0,0.0,5,23.8,5,530.15,0.3,1,true,completed
BZ_h6s5f70p6n5.txt,BBLCT,5,6,21,6,600.0,0,0.0,1,4.8,5,563.14,0.3,1,true,completed
BZ_h6s5f70p6n6.txt,BBLCT,5,6,21,6,600.0,0,0.0,2,9.5,5,519.83,0.3,1,true,completed
BZ_h6s5f70p6n7.txt,BBLCT,5,6,21,6,600.0,1,4.8,9,42.9,3,303.48,7.8,1421,true,completed
BZ_h6s5f70p6n8.txt,BBLCT,5,6,21,6,600.0,0,0.0,6,28.6,5,596.22,0.3,1,true,completed
BZ_h6s5f70p6n9.txt,BBLCT,5,6,21,6,600.0,0,0.0,2,9.5,3,368.59,0.3,1,true,completed
BZ_h6s7f50p2n1.txt,BBLCT,7,6,21,2,600.0,4,19.0,9,42.9,3,357.62,0.6,55,true,completed
BZ_h6s7f50p2n10.txt,BBLCT,7,6,21,2,600.0,4,19.0,11,52.4,3,364.84,1.6,91,true,completed
BZ_h6s7f50p2n11.txt,BBLCT,7,6,21,2,600.0,4,19.0,7,33.3,4,494.24,14.6,1681,true,completed
BZ_h6s7f50p2n12.txt,BBLCT,7,6,21,2,600.0,7,33.3,21,100.0,3,376.54,0.2,1,true,completed
BZ_h6s7f50p2n13.txt,BBLCT,7,6,21,2,600.0,4,19.0,7,33.3,4,587.87,0.2,1,true,completed
BZ_h6s7f50p2n14.txt,BBLCT,7,6,21,2,600.0,7,33.3,9,42.9,4,543.42,0.2,1,true,completed
BZ_h6s7f50p2n15.txt,BBLCT,7,6,21,2,600.0,4,19.0,8,38.1,4,472.87,1.1,66,true,completed
BZ_h6s7f50p2n16.txt,BBLCT,7,6,21,2,600.0,10,47.6,21,100.0,1,149.87,0.1,1,true,completed
BZ_h6s7f50p2n17.txt,BBLCT,7,6,21,2,600.0,9,42.9,21,100.0,5,521.77,0.5,123,true,completed
BZ_h6s7f50p2n18.txt,BBLCT,7,6,21,2,600.0,7,33.3,8,38.1,2,239.66,1.2,132,true,completed
BZ_h6s7f50p2n19.txt,BBLCT,7,6,21,2,600.0,3,14.3,7,33.3,4,516.06,2.6,192,true,completed
BZ_h6s7f50p2n2.txt,BBLCT,7,6,21,2,600.0,8,38.1,10,47.6,4,499.50,0.2,1,true,completed
BZ_h6s7f50p2n20.txt,BBLCT,7,6,21,2,600.0,7,33.3,9,42.9,3,388.15,7.3,499,true,completed
BZ_h6s7f50p2n3.txt,BBLCT,7,6,21,2,600.0,2,9.5,6,28.6,5,554.50,1.7,127,true,completed
BZ_h6s7f50p2n4.txt,BBLCT,7,6,21,2,600.0,10,47.6,11,52.4,1,154.05,0.8,54,true,completed
BZ_h6s7f50p2n5.txt,BBLCT,7,6,21,2,600.0,4,19.0,7,33.3,5,554.47,1.0,69,true,completed
BZ_h6s7f50p2n6.txt,BBLCT,7,6,21,2,600.0,13,61.9,14,66.7,3,434.69,0.2,5,true,completed
BZ_h6s7f50p2n7.txt,BBLCT,7,6,21,2,600.0,8,38.1,11,52.4,2,281.47,9.1,638,true,completed
BZ_h6s7f50p2n8.txt,BBLCT,7,6,21,2,600.0,3,14.3,6,28.6,4,503.35,0.3,8,true,completed
BZ_h6s7f50p2n9.txt,BBLCT,7,6,21,2,600.0,5,23.8,11,52.4,5,575.21,2.9,242,true,completed
BZ_h6s7f50p3n1.txt,BBLCT,7,6,21,3,600.0,4,19.0,7,33.3,4,540.29,0.2,1,true,completed
BZ_h6s7f50p3n10.txt,BBLCT,7,6,21,3,600.0,2,9.5,3,14.3,2,195.97,21.6,2572,true,completed
BZ_h6s7f50p3n11.txt,BBLCT,7,6,21,3,600.0,4,19.0,7,33.3,5,591.64,1.0,68,true,completed
BZ_h6s7f50p3n12.txt,BBLCT,7,6,21,3,600.0,3,14.3,7,33.3,5,579.21,0.7,55,true,completed
BZ_h6s7f50p3n13.txt,BBLCT,7,6,21,3,600.0,2,9.5,6,28.6,5,599.50,3.0,494,true,completed
BZ_h6s7f50p3n14.txt,BBLCT,7,6,21,3,600.0,6,28.6,7,33.3,4,557.31,0.2,1,true,completed
BZ_h6s7f50p3n15.txt,BBLCT,7,6,21,3,600.0,3,14.3,7,33.3,5,550.30,0.6,55,true,completed
BZ_h6s7f50p3n16.txt,BBLCT,7,6,21,3,600.0,4,19.0,21,100.0,3,318.51,0.2,1,true,completed
BZ_h6s7f50p3n17.txt,BBLCT,7,6,21,3,600.0,2,9.5,11,52.4,4,524.91,0.9,45,true,completed
BZ_h6s7f50p3n18.txt,BBLCT,7,6,21,3,600.0,0,0.0,4,19.0,3,363.39,1.2,95,true,completed
BZ_h6s7f50p3n19.txt,BBLCT,7,6,21,3,600.0,1,4.8,15,71.4,5,597.20,2.2,171,true,completed
BZ_h6s7f50p3n2.txt,BBLCT,7,6,21,3,600.0,2,9.5,5,23.8,4,448.58,2.1,184,true,completed
BZ_h6s7f50p3n20.txt,BBLCT,7,6,21,3,600.0,4,19.0,7,33.3,4,549.76,0.5,23,true,completed
BZ_h6s7f50p3n3.txt,BBLCT,7,6,21,3,600.0,2,9.5,4,19.0,4,528.68,0.2,2,true,completed
BZ_h6s7f50p3n4.txt,BBLCT,7,6,21,3,600.0,3,14.3,6,28.6,4,537.26,0.2,1,true,completed
BZ_h6s7f50p3n5.txt,BBLCT,7,6,21,3,600.0,4,19.0,7,33.3,4,583.23,0.2,1,true,completed
BZ_h6s7f50p3n6.txt,BBLCT,7,6,21,3,600.0,6,28.6,8,38.1,4,513.84,0.2,1,true,completed
BZ_h6s7f50p3n7.txt,BBLCT,7,6,21,3,600.0,5,23.8,21,100.0,1,145.26,0.1,1,true,completed
BZ_h6s7f50p3n8.txt,BBLCT,7,6,21,3,600.0,3,14.3,16,76.2,4,522.56,0.2,1,true,completed
BZ_h6s7f50p3n9.txt,BBLCT,7,6,21,3,600.0,1,4.8,3,14.3,4,493.21,1.4,101,true,completed
BZ_h6s7f50p6n1.txt,BBLCT,7,6,21,6,600.0,1,4.8,12,57.1,4,513.84,0.3,1,true,completed
BZ_h6s7f50p6n10.txt,BBLCT,7,6,21,6,600.0,4,19.0,7,33.3,2,259.35,1.1,76,true,completed
BZ_h6s7f50p6n11.txt,BBLCT,7,6,21,6,600.0,3,14.3,6,28.6,4,486.54,0.2,1,true,completed
BZ_h6s7f50p6n12.txt,BBLCT,7,6,21,6,600.0,4,19.0,6,28.6,4,584.59,0.8,29,true,completed
BZ_h6s7f50p6n13.txt,BBLCT,7,6,21,6,600.0,0,0.0,5,23.8,4,496.47,0.4,9,true,completed
BZ_h6s7f50p6n14.txt,BBLCT,7,6,21,6,600.0,2,9.5,4,19.0,4,488.42,0.3,1,true,completed
BZ_h6s7f50p6n15.txt,BBLCT,7,6,21,6,600.0,4,19.0,7,33.3,5,595.10,1.2,75,true,completed
BZ_h6s7f50p6n16.txt,BBLCT,7,6,21,6,600.0,0,0.0,6,28.6,4,523.72,0.7,30,true,completed
BZ_h6s7f50p6n17.txt,BBLCT,7,6,21,6,600.0,2,9.5,5,23.8,1,129.77,0.6,31,true,completed
BZ_h6s7f50p6n18.txt,BBLCT,7,6,21,6,600.0,3,14.3,8,38.1,4,566.31,0.3,1,true,completed
BZ_h6s7f50p6n19.txt,BBLCT,7,6,21,6,600.0,3,14.3,5,23.8,4,490.95,0.3,1,true,completed
BZ_h6s7f50p6n2.txt,BBLCT,7,6,21,6,600.0,1,4.8,5,23.8,4,521.85,0.2,1,true,completed
BZ_h6s7f50p6n20.txt,BBLCT,7,6,21,6,600.0,1,4.8,5,23.8,5,580.98,0.8,61,true,completed
BZ_h6s7f50p6n3.txt,BBLCT,7,6,21,6,600.0,1,4.8,5,23.8,4,479.14,2.0,133,true,completed
BZ_h6s7f50p6n4.txt,BBLCT,7,6,21,6,600.0,0,0.0,2,9.5,5,590.85,0.3,3,true,completed
BZ_h6s7f50p6n5.txt,BBLCT,7,6,21,6,600.0,2,9.5,14,66.7,5,599.89,2.0,136,true,completed
BZ_h6s7f50p6n6.txt,BBLCT,7,6,21,6,600.0,0,0.0,2,9.5,3,347.90,34.9,5190,true,completed
BZ_h6s7f50p6n7.txt,BBLCT,7,6,21,6,600.0,0,0.0,6,28.6,4,575.86,0.3,1,true,completed
BZ_h6s7f50p6n8.txt,BBLCT,7,6,21,6,600.0,0,0.0,5,23.8,4,569.63,0.2,1,true,completed
BZ_h6s7f50p6n9.txt,BBLCT,7,6,21,6,600.0,0,0.0,8,38.1,4,512.43,0.3,1,true,completed
BZ_h6s7f70p2n1.txt,BBLCT,7,6,29,2,600.0,12,41.4,15,51.7,5,527.60,0.2,1,true,completed
BZ_h6s7f70p2n10.txt,BBLCT,7,6,29,2,600.0,2,6.9,8,27.6,5,507.87,1.7,109,true,completed
BZ_h6s7f70p2n11.txt,BBLCT,7,6,29,2,600.0,6,20.7,10,34.5,5,503.82,0.2,1,true,completed
BZ_h6s7f70p2n12.txt,BBLCT,7,6,29,2,600.0,13,44.8,16,55.2,4,365.87,20.6,1833,true,completed
BZ_h6s7f70p2n13.txt,BBLCT,7,6,29,2,600.0,1,3.4,7,24.1,3,296.02,11.0,808,true,completed
BZ_h6s7f70p2n14.txt,BBLCT,7,6,29,2,600.0,4,13.8,8,27.6,5,493.32,1.9,141,true,completed
BZ_h6s7f70p2n15.txt,BBLCT,7,6,29,2,600.0,9,31.0,12,41.4,5,541.95,0.4,10,true,completed
BZ_h6s7f70p2n16.txt,BBLCT,7,6,29,2,600.0,4,13.8,6,20.7,3,366.49,24.8,1948,true,completed
BZ_h6s7f70p2n17.txt,BBLCT,7,6,29,2,600.0,9,31.0,14,48.3,5,567.11,1.3,100,true,completed
BZ_h6s7f70p2n18.txt,BBLCT,7,6,29,2,600.0,2,6.9,6,20.7,4,411.16,18.4,1783,true,completed
BZ_h6s7f70p2n19.txt,BBLCT,7,6,29,2,600.0,5,17.2,10,34.5,4,462.22,9.0,688,true,completed
BZ_h6s7f70p2n2.txt,BBLCT,7,6,29,2,600.0,11,37.9,13,44.8,1,80.86,0.6,49,true,completed
BZ_h6s7f70p2n20.txt,BBLCT,7,6,29,2,600.0,10,34.5,15,51.7,5,598.38,13.5,1161,true,completed
BZ_h6s7f70p2n3.txt,BBLCT,7,6,29,2,600.0,5,17.2,11,37.9,5,543.32,1.3,85,true,completed
BZ_h6s7f70p2n4.txt,BBLCT,7,6,29,2,600.0,2,6.9,5,17.2,4,468.54,41.0,3382,true,completed
BZ_h6s7f70p2n5.txt,BBLCT,7,6,29,2,600.0,5,17.2,11,37.9,5,533.46,0.3,9,true,completed
BZ_h6s7f70p2n6.txt,BBLCT,7,6,29,2,600.0,2,6.9,6,20.7,6,587.47,0.2,1,true,completed
BZ_h6s7f70p2n7.txt,BBLCT,7,6,29,2,600.0,5,17.2,10,34.5,5,586.52,0.2,2,true,completed
BZ_h6s7f70p2n8.txt,BBLCT,7,6,29,2,600.0,10,34.5,13,44.8,5,558.11,73.9,5578,true,completed
BZ_h6s7f70p2n9.txt,BBLCT,7,6,29,2,600.0,11,37.9,14,48.3,3,342.26,1.7,111,true,completed
BZ_h6s7f70p3n1.txt,BBLCT,7,6,29,3,600.0,4,13.8,8,27.6,5,594.67,3.0,209,true,completed
BZ_h6s7f70p3n10.txt,BBLCT,7,6,29,3,600.0,6,20.7,8,27.6,5,547.11,3.1,332,true,completed
BZ_h6s7f70p3n11.txt,BBLCT,7,6,29,3,600.0,1,3.4,8,27.6,5,550.01,0.3,1,true,completed
BZ_h6s7f70p3n12.txt,BBLCT,7,6,29,3,600.0,2,6.9,5,17.2,4,393.07,65.5,6781,true,completed
BZ_h6s7f70p3n13.txt,BBLCT,7,6,29,3,600.0,2,6.9,5,17.2,3,322.97,1.9,152,true,completed
BZ_h6s7f70p3n14.txt,BBLCT,7,6,29,3,600.0,1,3.4,3,10.3,3,356.89,3.6,312,true,completed
BZ_h6s7f70p3n15.txt,BBLCT,7,6,29,3,600.0,1,3.4,9,31.0,4,423.15,0.2,1,true,completed
BZ_h6s7f70p3n16.txt,BBLCT,7,6,29,3,600.0,3,10.3,7,24.1,5,565.21,1.9,172,true,completed
BZ_h6s7f70p3n17.txt,BBLCT,7,6,29,3,600.0,3,10.3,9,31.0,3,330.40,1.8,111,true,completed
BZ_h6s7f70p3n18.txt,BBLCT,7,6,29,3,600.0,2,6.9,5,17.2,5,579.06,0.4,13,true,completed
BZ_h6s7f70p3n19.txt,BBLCT,7,6,29,3,600.0,2,6.9,9,31.0,5,544.94,0.3,1,true,completed
BZ_h6s7f70p3n2.txt,BBLCT,7,6,29,3,600.0,4,13.8,6,20.7,5,560.84,8.3,781,true,completed
BZ_h6s7f70p3n20.txt,BBLCT,7,6,29,3,600.0,6,20.7,9,31.0,4,404.89,3.4,274,true,completed
BZ_h6s7f70p3n3.txt,BBLCT,7,6,29,3,600.0,3,10.3,7,24.1,4,392.26,80.8,8049,true,completed
BZ_h6s7f70p3n4.txt,BBLCT,7,6,29,3,600.0,3,10.3,8,27.6,5,487.55,2.0,146,true,completed
BZ_h6s7f70p3n5.txt,BBLCT,7,6,29,3,600.0,3,10.3,7,24.1,5,522.01,1.8,112,true,completed
BZ_h6s7f70p3n6.txt,BBLCT,7,6,29,3,600.0,1,3.4,14,48.3,5,537.77,7.5,611,true,completed
BZ_h6s7f70p3n7.txt,BBLCT,7,6,29,3,600.0,7,24.1,9,31.0,4,434.19,0.2,1,true,completed
BZ_h6s7f70p3n8.txt,BBLCT,7,6,29,3,600.0,2,6.9,8,27.6,5,598.05,23.2,2360,true,completed
BZ_h6s7f70p3n9.txt,BBLCT,7,6,29,3,600.0,4,13.8,8,27.6,6,598.32,1.9,139,true,completed
BZ_h6s7f70p6n1.txt,BBLCT,7,6,29,6,600.0,1,3.4,6,20.7,5,563.02,0.3,1,true,completed
BZ_h6s7f70p6n10.txt,BBLCT,7,6,29,6,600.0,1,3.4,6,20.7,5,518.09,0.3,1,true,completed
BZ_h6s7f70p6n11.txt,BBLCT,7,6,29,6,600.0,0,0.0,6,20.7,5,577.28,2.0,159,true,completed
BZ_h6s7f70p6n12.txt,BBLCT,7,6,29,6,600.0,0,0.0,6,20.7,5,582.60,0.7,39,true,completed
BZ_h6s7f70p6n13.txt,BBLCT,7,6,29,6,600.0,1,3.4,4,13.8,3,355.36,5.5,433,true,completed
BZ_h6s7f70p6n14.txt,BBLCT,7,6,29,6,600.0,1,3.4,3,10.3,5,532.47,0.3,1,true,completed
BZ_h6s7f70p6n15.txt,BBLCT,7,6,29,6,600.0,1,3.4,3,10.3,5,566.50,0.3,1,true,completed
BZ_h6s7f70p6n16.txt,BBLCT,7,6,29,6,600.0,2,6.9,7,24.1,5,598.54,2.1,149,true,completed
BZ_h6s7f70p6n17.txt,BBLCT,7,6,29,6,600.0,3,10.3,4,13.8,2,245.73,10.6,860,true,completed
BZ_h6s7f70p6n18.txt,BBLCT,7,6,29,6,600.0,0,0.0,8,27.6,5,568.56,0.3,1,true,completed
BZ_h6s7f70p6n19.txt,BBLCT,7,6,29,6,600.0,0,0.0,3,10.3,5,591.69,0.3,1,true,completed
BZ_h6s7f70p6n2.txt,BBLCT,7,6,29,6,600.0,2,6.9,5,17.2,5,500.60,0.3,1,true,completed
BZ_h6s7f70p6n20.txt,BBLCT,7,6,29,6,600.0,1,3.4,4,13.8,5,548.66,0.3,2,true,completed
BZ_h6s7f70p6n3.txt,BBLCT,7,6,29,6,600.0,0,0.0,4,13.8,5,572.32,5.4,514,true,completed
BZ_h6s7f70p6n4.txt,BBLCT,7,6,29,6,600.0,1,3.4,7,24.1,4,425.26,8.5,631,true,completed
BZ_h6s7f70p6n5.txt,BBLCT,7,6,29,6,600.0,1,3.4,5,17.2,5,522.22,0.6,38,true,completed
BZ_h6s7f70p6n6.txt,BBLCT,7,6,29,6,600.0,0,0.0,4,13.8,5,560.46,0.7,45,true,completed
BZ_h6s7f70p6n7.txt,BBLCT,7,6,29,6,600.0,2,6.9,4,13.8,3,350.65,1.9,118,true,completed
BZ_h6s7f70p6n8.txt,BBLCT,7,6,29,6,600.0,0,0.0,6,20.7,5,557.36,0.3,1,true,completed
BZ_h6s7f70p6n9.txt,BBLCT,7,6,29,6,600.0,2,6.9,4,13.8,2,189.79,0.8,72,true,completed
BZ_h6s9f50p2n1.txt,BBLCT,9,6,27,2,600.0,6,22.2,10,37.0,4,512.57,0.2,1,true,completed
BZ_h6s9f50p2n10.txt,BBLCT,9,6,27,2,600.0,13,48.1,27,100.0,3,458.23,0.2,1,true,completed
BZ_h6s9f50p2n11.txt,BBLCT,9,6,27,2,600.0,5,18.5,11,40.7,5,550.98,0.2,1,true,completed
BZ_h6s9f50p2n12.txt,BBLCT,9,6,27,2,600.0,8,29.6,13,48.1,4,581.50,0.2,1,true,completed
BZ_h6s9f50p2n13.txt,BBLCT,9,6,27,2,600.0,12,44.4,15,55.6,4,511.40,0.2,1,true,completed
BZ_h6s9f50p2n14.txt,BBLCT,9,6,27,2,600.0,4,14.8,7,25.9,4,485.58,21.2,827,true,completed
BZ_h6s9f50p2n15.txt,BBLCT,9,6,27,2,600.0,7,25.9,10,37.0,5,526.05,4.4,151,true,completed
BZ_h6s9f50p2n16.txt,BBLCT,9,6,27,2,600.0,3,11.1,11,40.7,5,560.62,1.2,50,true,completed
BZ_h6s9f50p2n17.txt,BBLCT,9,6,27,2,600.0,11,40.7,13,48.1,2,288.28,0.7,36,true,completed
BZ_h6s9f50p2n18.txt,BBLCT,9,6,27,2,600.0,6,22.2,13,48.1,5,589.06,2.0,66,true,completed
BZ_h6s9f50p2n19.txt,BBLCT,9,6,27,2,600.0,9,33.3,14,51.9,4,527.77,0.2,1,true,completed
BZ_h6s9f50p2n2.txt,BBLCT,9,6,27,2,600.0,11,40.7,16,59.3,4,505.10,0.2,1,true,completed
BZ_h6s9f50p2n20.txt,BBLCT,9,6,27,2,600.0,3,11.1,10,37.0,4,483.16,3.1,155,true,completed
BZ_h6s9f50p2n3.txt,BBLCT,9,6,27,2,600.0,3,11.1,8,29.6,4,496.04,0.2,1,true,completed
BZ_h6s9f50p2n4.txt,BBLCT,9,6,27,2,600.0,13,48.1,16,59.3,2,295.16,19.4,805,true,completed
BZ_h6s9f50p2n5.txt,BBLCT,9,6,27,2,600.0,5,18.5,11,40.7,4,390.99,113.5,5139,true,completed
BZ_h6s9f50p2n6.txt,BBLCT,9,6,27,2,600.0,6,22.2,12,44.4,3,421.75,49.1,1805,true,completed
BZ_h6s9f50p2n7.txt,BBLCT,9,6,27,2,600.0,5,18.5,8,29.6,4,518.67,0.7,20,true,completed
BZ_h6s9f50p2n8.txt,BBLCT,9,6,27,2,600.0,2,7.4,8,29.6,4,490.10,13.7,798,true,completed
BZ_h6s9f50p2n9.txt,BBLCT,9,6,27,2,600.0,9,33.3,15,55.6,4,529.49,0.2,1,true,completed
BZ_h6s9f50p3n1.txt,BBLCT,9,6,27,3,600.0,8,29.6,11,40.7,4,470.42,49.2,2052,true,completed
BZ_h6s9f50p3n10.txt,BBLCT,9,6,27,3,600.0,2,7.4,7,25.9,5,590.97,2.1,139,true,completed
BZ_h6s9f50p3n11.txt,BBLCT,9,6,27,3,600.0,5,18.5,7,25.9,4,535.28,0.2,2,true,completed
BZ_h6s9f50p3n12.txt,BBLCT,9,6,27,3,600.0,4,14.8,6,22.2,4,515.21,0.2,1,true,completed
BZ_h6s9f50p3n13.txt,BBLCT,9,6,27,3,600.0,5,18.5,9,33.3,2,248.25,17.4,898,true,completed
BZ_h6s9f50p3n14.txt,BBLCT,9,6,27,3,600.0,1,3.7,6,22.2,4,540.60,0.3,1,true,completed
BZ_h6s9f50p3n15.txt,BBLCT,9,6,27,3,600.0,1,3.7,3,11.1,4,592.41,1.3,44,true,completed
BZ_h6s9f50p3n16.txt,BBLCT,9,6,27,3,600.0,0,0.0,4,14.8,4,525.42,0.2,1,true,completed
BZ_h6s9f50p3n17.txt,BBLCT,9,6,27,3,600.0,4,14.8,7,25.9,4,554.32,9.2,305,true,completed
BZ_h6s9f50p3n18.txt,BBLCT,9,6,27,3,600.0,2,7.4,7,25.9,4,515.71,19.6,1157,true,completed
BZ_h6s9f50p3n19.txt,BBLCT,9,6,27,3,600.0,7,25.9,10,37.0,4,557.58,0.2,1,true,completed
BZ_h6s9f50p3n2.txt,BBLCT,9,6,27,3,600.0,4,14.8,9,33.3,6,585.74,2.6,199,true,completed
BZ_h6s9f50p3n20.txt,BBLCT,9,6,27,3,600.0,8,29.6,27,100.0,4,524.01,0.2,1,true,completed
BZ_h6s9f50p3n3.txt,BBLCT,9,6,27,3,600.0,2,7.4,8,29.6,4,521.16,0.9,28,true,completed
BZ_h6s9f50p3n4.txt,BBLCT,9,6,27,3,600.0,8,29.6,11,40.7,5,595.07,0.3,1,true,completed
BZ_h6s9f50p3n5.txt,BBLCT,9,6,27,3,600.0,2,7.4,5,18.5,3,349.40,89.0,4486,true,completed
BZ_h6s9f50p3n6.txt,BBLCT,9,6,27,3,600.0,3,11.1,7,25.9,4,512.83,0.3,2,true,completed
BZ_h6s9f50p3n7.txt,BBLCT,9,6,27,3,600.0,3,11.1,9,33.3,4,517.73,0.2,1,true,completed
BZ_h6s9f50p3n8.txt,BBLCT,9,6,27,3,600.0,6,22.2,9,33.3,4,559.35,0.2,1,true,completed
BZ_h6s9f50p3n9.txt,BBLCT,9,6,27,3,600.0,8,29.6,12,44.4,4,529.79,1.3,42,true,completed
BZ_h6s9f50p6n1.txt,BBLCT,9,6,27,6,600.0,5,18.5,7,25.9,5,597.59,2.5,140,true,completed
BZ_h6s9f50p6n10.txt,BBLCT,9,6,27,6,600.0,3,11.1,5,18.5,2,266.26,66.4,3260,true,completed
BZ_h6s9f50p6n11.txt,BBLCT,9,6,27,6,600.0,3,11.1,8,29.6,4,474.60,0.3,1,true,completed
BZ_h6s9f50p6n12.txt,BBLCT,9,6,27,6,600.0,1,3.7,4,14.8,4,510.61,0.3,1,true,completed
BZ_h6s9f50p6n13.txt,BBLCT,9,6,27,6,600.0,1,3.7,5,18.5,4,516.78,0.3,1,true,completed
BZ_h6s9f50p6n14.txt,BBLCT,9,6,27,6,600.0,4,14.8,7,25.9,4,541.47,0.3,1,true,completed
BZ_h6s9f50p6n15.txt,BBLCT,9,6,27,6,600.0,1,3.7,3,11.1,4,488.93,17.0,1232,true,completed
BZ_h6s9f50p6n16.txt,BBLCT,9,6,27,6,600.0,0,0.0,4,14.8,4,546.99,0.3,1,true,completed
BZ_h6s9f50p6n17.txt,BBLCT,9,6,27,6,600.0,0,0.0,5,18.5,4,479.05,18.8,811,true,completed
BZ_h6s9f50p6n18.txt,BBLCT,9,6,27,5,600.0,4,14.8,7,25.9,4,503.26,0.3,4,true,completed
BZ_h6s9f50p6n19.txt,BBLCT,9,6,27,6,600.0,3,11.1,6,22.2,4,568.32,0.9,21,true,completed
BZ_h6s9f50p6n2.txt,BBLCT,9,6,27,6,600.0,3,11.1,5,18.5,4,532.42,0.3,1,true,completed
BZ_h6s9f50p6n20.txt,BBLCT,9,6,27,6,600.0,1,3.7,5,18.5,4,503.76,2.5,95,true,completed
BZ_h6s9f50p6n3.txt,BBLCT,9,6,27,6,600.0,2,7.4,5,18.5,4,499.80,0.4,10,true,completed
BZ_h6s9f50p6n4.txt,BBLCT,9,6,27,6,600.0,1,3.7,5,18.5,4,496.55,1.9,48,true,completed
BZ_h6s9f50p6n5.txt,BBLCT,9,6,27,6,600.0,2,7.4,9,33.3,4,575.77,0.3,1,true,completed
BZ_h6s9f50p6n6.txt,BBLCT,9,6,27,6,600.0,4,14.8,7,25.9,5,594.04,2.4,131,true,completed
BZ_h6s9f50p6n7.txt,BBLCT,9,6,27,6,600.0,1,3.7,3,11.1,4,482.15,0.3,3,true,completed
BZ_h6s9f50p6n8.txt,BBLCT,9,6,27,6,600.0,4,14.8,11,40.7,4,435.69,5.9,168,true,completed
BZ_h6s9f50p6n9.txt,BBLCT,9,6,27,6,600.0,1,3.7,6,22.2,4,542.90,3.1,143,true,completed
BZ_h6s9f70p2n1.txt,BBLCT,9,6,37,2,600.0,14,37.8,19,51.4,5,554.48,2.5,90,true,completed
BZ_h6s9f70p2n10.txt,BBLCT,9,6,37,2,600.0,12,32.4,19,51.4,4,384.68,61.5,2312,true,completed
BZ_h6s9f70p2n11.txt,BBLCT,9,6,37,2,600.0,13,35.1,16,43.2,4,515.38,1.5,52,true,completed
BZ_h6s9f70p2n12.txt,BBLCT,9,6,37,2,600.0,2,5.4,11,29.7,5,531.11,0.3,1,true,completed
BZ_h6s9f70p2n13.txt,BBLCT,9,6,37,2,600.0,5,13.5,11,29.7,5,591.08,3.4,132,true,completed
BZ_h6s9f70p2n14.txt,BBLCT,9,6,37,2,600.0,8,21.6,13,35.1,5,549.51,301.8,12155,true,completed
BZ_h6s9f70p2n15.txt,BBLCT,9,6,37,2,600.0,3,8.1,12,32.4,5,561.31,2.2,74,true,completed
BZ_h6s9f70p2n16.txt,BBLCT,9,6,37,2,600.0,5,13.5,11,29.7,5,502.39,15.2,595,true,completed
BZ_h6s9f70p2n17.txt,BBLCT,9,6,37,2,600.0,3,8.1,11,29.7,5,548.85,0.2,1,true,completed
BZ_h6s9f70p2n18.txt,BBLCT,9,6,37,2,600.0,5,13.5,10,27.0,5,558.90,0.2,1,true,completed
BZ_h6s9f70p2n19.txt,BBLCT,9,6,37,2,600.0,14,37.8,20,54.1,4,434.57,12.7,457,true,completed
BZ_h6s9f70p2n2.txt,BBLCT,9,6,37,2,600.0,7,18.9,12,32.4,6,586.27,99.8,3883,true,completed
BZ_h6s9f70p2n20.txt,BBLCT,9,6,37,2,600.0,9,24.3,12,32.4,5,496.96,2.3,73,true,completed
BZ_h6s9f70p2n3.txt,BBLCT,9,6,37,2,600.0,11,29.7,17,45.9,5,527.01,5.9,208,true,completed
BZ_h6s9f70p2n4.txt,BBLCT,9,6,37,2,600.0,11,29.7,16,43.2,5,573.49,3.4,126,true,completed
BZ_h6s9f70p2n5.txt,BBLCT,9,6,37,2,600.0,9,24.3,15,40.5,4,472.85,9.4,378,true,completed
BZ_h6s9f70p2n6.txt,BBLCT,9,6,37,2,600.0,12,32.4,20,54.1,6,576.92,0.3,1,true,completed
BZ_h6s9f70p2n7.txt,BBLCT,9,6,37,2,600.0,12,32.4,19,51.4,3,276.20,16.8,1114,true,completed
BZ_h6s9f70p2n8.txt,BBLCT,9,6,37,2,600.0,3,8.1,11,29.7,5,556.73,4.4,180,true,completed
BZ_h6s9f70p2n9.txt,BBLCT,9,6,37,2,600.0,7,18.9,11,29.7,5,521.01,41.2,1462,true,completed
BZ_h6s9f70p3n1.txt,BBLCT,9,6,37,3,600.0,0,0.0,4,10.8,5,474.78,100.1,5742,true,completed
BZ_h6s9f70p3n10.txt,BBLCT,9,6,37,3,600.0,3,8.1,6,16.2,4,412.74,165.7,8755,true,completed
BZ_h6s9f70p3n11.txt,BBLCT,9,6,37,3,600.0,3,8.1,18,48.6,5,566.16,0.4,7,true,completed
BZ_h6s9f70p3n12.txt,BBLCT,9,6,37,3,600.0,3,8.1,9,24.3,5,500.47,10.3,441,true,completed
BZ_h6s9f70p3n13.txt,BBLCT,9,6,37,3,600.0,7,18.9,12,32.4,6,584.32,0.2,1,true,completed
BZ_h6s9f70p3n14.txt,BBLCT,9,6,37,3,600.0,10,27.0,13,35.1,5,514.45,11.0,479,true,completed
BZ_h6s9f70p3n15.txt,BBLCT,9,6,37,3,600.0,3,8.1,9,24.3,6,565.81,2.5,91,true,completed
BZ_h6s9f70p3n16.txt,BBLCT,9,6,37,3,600.0,7,18.9,11,29.7,5,598.02,16.5,742,true,completed
BZ_h6s9f70p3n17.txt,BBLCT,9,6,37,3,600.0,6,16.2,8,21.6,3,391.29,37.3,1399,true,completed
BZ_h6s9f70p3n18.txt,BBLCT,9,6,37,3,600.0,4,10.8,10,27.0,6,561.88,3.2,126,true,completed
BZ_h6s9f70p3n19.txt,BBLCT,9,6,37,3,600.0,8,21.6,12,32.4,5,560.07,0.3,1,true,completed
BZ_h6s9f70p3n2.txt,BBLCT,9,6,37,3,600.0,1,2.7,8,21.6,4,486.66,1.5,99,true,completed
BZ_h6s9f70p3n20.txt,BBLCT,9,6,37,3,600.0,3,8.1,8,21.6,4,545.74,0.4,6,true,completed
BZ_h6s9f70p3n3.txt,BBLCT,9,6,37,3,600.0,3,8.1,8,21.6,6,558.57,14.8,597,true,completed
BZ_h6s9f70p3n4.txt,BBLCT,9,6,37,3,600.0,7,18.9,12,32.4,5,540.51,4.2,239,true,completed
BZ_h6s9f70p3n5.txt,BBLCT,9,6,37,3,600.0,1,2.7,8,21.6,5,553.53,42.7,1978,true,completed
BZ_h6s9f70p3n6.txt,BBLCT,9,6,37,3,600.0,5,13.5,10,27.0,5,516.50,12.3,402,true,completed
BZ_h6s9f70p3n7.txt,BBLCT,9,6,37,3,600.0,6,16.2,10,27.0,5,502.45,0.3,1,true,completed
BZ_h6s9f70p3n8.txt,BBLCT,9,6,37,3,600.0,5,13.5,9,24.3,5,559.87,3.3,131,true,completed
BZ_h6s9f70p3n9.txt,BBLCT,9,6,37,3,600.0,7,18.9,11,29.7,4,378.85,86.4,3086,true,completed
BZ_h6s9f70p6n1.txt,BBLCT,9,6,37,6,600.0,1,2.7,4,10.8,4,381.11,363.7,19976,true,completed
BZ_h6s9f70p6n10.txt,BBLCT,9,6,37,6,600.0,2,5.4,4,10.8,2,226.24,7.1,317,true,completed
BZ_h6s9f70p6n11.txt,BBLCT,9,6,37,6,600.0,2,5.4,7,18.9,4,423.62,32.5,1361,true,completed
BZ_h6s9f70p6n12.txt,BBLCT,9,6,37,6,600.0,2,5.4,5,13.5,4,471.33,0.3,1,true,completed
BZ_h6s9f70p6n13.txt,BBLCT,9,6,37,6,600.0,2,5.4,3,8.1,5,522.78,0.4,2,true,completed
BZ_h6s9f70p6n14.txt,BBLCT,9,6,37,6,600.0,0,0.0,3,8.1,5,504.37,0.3,1,true,completed
BZ_h6s9f70p6n15.txt,BBLCT,9,6,37,6,600.0,1,2.7,4,10.8,5,505.70,9.4,342,true,completed
BZ_h6s9f70p6n16.txt,BBLCT,9,6,37,6,600.0,1,2.7,5,13.5,5,532.10,1.3,71,true,completed
BZ_h6s9f70p6n17.txt,BBLCT,9,6,37,6,600.0,3,8.1,4,10.8,2,189.77,347.2,18730,true,completed
BZ_h6s9f70p6n18.txt,BBLCT,9,6,37,6,600.0,1,2.7,5,13.5,6,581.19,8.0,448,true,completed
BZ_h6s9f70p6n19.txt,BBLCT,9,6,37,6,600.0,3,8.1,5,13.5,5,522.56,2.0,65,true,completed
BZ_h6s9f70p6n2.txt,BBLCT,9,6,37,6,600.0,0,0.0,2,5.4,5,512.30,0.3,1,true,completed
BZ_h6s9f70p6n20.txt,BBLCT,9,6,37,6,600.0,3,8.1,9,24.3,5,545.11,0.3,1,true,completed
BZ_h6s9f70p6n3.txt,BBLCT,9,6,37,6,600.0,2,5.4,4,10.8,5,574.16,5.0,172,true,completed
BZ_h6s9f70p6n4.txt,BBLCT,9,6,37,6,600.0,1,2.7,7,18.9,4,438.99,18.8,875,true,completed
BZ_h6s9f70p6n5.txt,BBLCT,9,6,37,6,600.0,5,13.5,9,24.3,6,588.58,5.8,210,true,completed
BZ_h6s9f70p6n6.txt,BBLCT,9,6,37,6,600.0,0,0.0,4,10.8,5,488.95,4.1,141,true,completed
BZ_h6s9f70p6n7.txt,BBLCT,9,6,37,6,600.0,1,2.7,5,13.5,3,267.61,40.7,1979,true,completed
BZ_h6s9f70p6n8.txt,BBLCT,9,6,37,6,600.0,4,10.8,8,21.6,5,544.27,0.4,1,true,completed
BZ_h6s9f70p6n9.txt,BBLCT,9,6,37,6,600.0,0,0.0,8,21.6,5,566.20,2.3,78,true,completed
BZ_h4s3f50p2n1.txt,BBLCT,3,4,6,2,900.0,0,0.0,6,100.0,3,316.52,0.1,1,true,completed
BZ_h4s3f50p2n10.txt,BBLCT,3,4,6,2,900.0,0,0.0,6,100.0,2,215.59,0.1,1,true,completed
BZ_h4s3f50p2n11.txt,BBLCT,3,4,6,2,900.0,1,16.7,6,100.0,1,108.07,0.1,1,true,completed
BZ_h4s3f50p2n12.txt,BBLCT,3,4,6,2,900.0,2,33.3,6,100.0,1,102.84,0.1,1,true,completed
BZ_h4s3f50p2n13.txt,BBLCT,3,4,6,2,900.0,1,16.7,6,100.0,4,444.71,0.1,1,true,completed
BZ_h4s3f50p2n14.txt,BBLCT,3,4,6,2,900.0,1,16.7,6,100.0,2,212.82,0.1,1,true,completed
BZ_h4s3f50p2n15.txt,BBLCT,3,4,6,2,900.0,3,50.0,6,100.0,3,335.61,0.1,1,true,completed
BZ_h4s3f50p2n16.txt,BBLCT,3,4,6,2,900.0,2,33.3,6,100.0,3,311.66,0.1,1,true,completed
BZ_h4s3f50p2n17.txt,BBLCT,3,4,6,2,900.0,2,33.3,6,100.0,2,233.55,0.1,1,true,completed
BZ_h4s3f50p2n18.txt,BBLCT,3,4,6,2,900.0,3,50.0,6,100.0,1,120.84,0.1,1,true,completed
BZ_h4s3f50p2n19.txt,BBLCT,3,4,6,2,900.0,2,33.3,6,100.0,2,219.55,0.1,1,true,completed
BZ_h4s3f50p2n2.txt,BBLCT,3,4,6,2,900.0,2,33.3,6,100.0,2,197.64,0.2,1,true,completed
BZ_h4s3f50p2n20.txt,BBLCT,3,4,6,2,900.0,3,50.0,6,100.0,2,228.26,0.1,1,true,completed
BZ_h4s3f50p2n3.txt,BBLCT,3,4,6,2,900.0,1,16.7,6,100.0,1,108.07,0.1,1,true,completed
BZ_h4s3f50p2n4.txt,BBLCT,3,4,6,2,900.0,3,50.0,6,100.0,2,236.04,0.1,1,true,completed
BZ_h4s3f50p2n5.txt,BBLCT,3,4,6,2,900.0,1,16.7,6,100.0,3,284.21,0.2,1,true,completed
BZ_h4s3f50p2n6.txt,BBLCT,3,4,6,2,900.0,0,0.0,6,100.0,2,212.80,0.2,1,true,completed
BZ_h4s3f50p2n7.txt,BBLCT,3,4,6,2,900.0,1,16.7,6,100.0,1,104.17,0.1,1,true,completed
BZ_h4s3f50p2n8.txt,BBLCT,3,4,6,2,900.0,0,0.0,6,100.0,4,429.49,0.1,1,true,completed
BZ_h4s3f50p2n9.txt,BBLCT,3,4,6,2,900.0,1,16.7,6,100.0,1,95.06,0.2,1,true,completed
BZ_h4s3f50p3n1.txt,BBLCT,3,4,6,3,900.0,1,16.7,6,100.0,6,640.55,0.2,1,true,completed
BZ_h4s3f50p3n10.txt,BBLCT,3,4,6,3,900.0,2,33.3,6,100.0,3,308.94,0.2,1,true,completed
BZ_h4s3f50p3n11.txt,BBLCT,3,4,6,3,900.0,1,16.7,6,100.0,2,201.51,0.1,1,true,completed
BZ_h4s3f50p3n12.txt,BBLCT,3,4,6,3,900.0,2,33.3,6,100.0,3,305.06,0.2,1,true,completed
BZ_h4s3f50p3n13.txt,BBLCT,3,4,6,3,900.0,0,0.0,6,100.0,2,218.34,0.1,1,true,completed
BZ_h4s3f50p3n14.txt,BBLCT,3,4,6,3,900.0,1,16.7,6,100.0,4,425.34,0.2,1,true,completed
BZ_h4s3f50p3n15.txt,BBLCT,3,4,6,3,900.0,0,0.0,6,100.0,5,548.15,0.2,1,true,completed
BZ_h4s3f50p3n16.txt,BBLCT,3,4,6,3,900.0,1,16.7,6,100.0,2,228.36,0.1,1,true,completed
BZ_h4s3f50p3n17.txt,BBLCT,3,4,6,3,900.0,0,0.0,6,100.0,2,212.64,0.1,1,true,completed
BZ_h4s3f50p3n18.txt,BBLCT,3,4,6,3,900.0,2,33.3,6,100.0,1,102.99,0.1,1,true,completed
BZ_h4s3f50p3n19.txt,BBLCT,3,4,6,3,900.0,0,0.0,6,100.0,2,214.31,0.2,1,true,completed
BZ_h4s3f50p3n2.txt,BBLCT,3,4,6,3,900.0,1,16.7,6,100.0,2,211.51,0.2,1,true,completed
BZ_h4s3f50p3n20.txt,BBLCT,3,4,6,3,900.0,2,33.3,6,100.0,1,126.02,0.1,1,true,completed
BZ_h4s3f50p3n3.txt,BBLCT,3,4,6,3,900.0,3,50.0,6,100.0,3,297.47,0.2,1,true,completed
BZ_h4s3f50p3n4.txt,BBLCT,3,4,6,3,900.0,0,0.0,6,100.0,4,422.59,0.2,1,true,completed
BZ_h4s3f50p3n5.txt,BBLCT,3,4,6,3,900.0,1,16.7,6,100.0,2,193.74,0.1,1,true,completed
BZ_h4s3f50p3n6.txt,BBLCT,3,4,6,3,900.0,0,0.0,6,100.0,3,284.21,0.2,1,true,completed
BZ_h4s3f50p3n7.txt,BBLCT,3,4,6,2,900.0,0,0.0,6,100.0,1,109.17,0.1,1,true,completed
BZ_h4s3f50p3n8.txt,BBLCT,3,4,6,3,900.0,0,0.0,6,100.0,2,215.63,0.2,1,true,completed
BZ_h4s3f50p3n9.txt,BBLCT,3,4,6,3,900.0,0,0.0,6,100.0,2,236.04,0.2,1,true,completed
BZ_h4s3f50p6n1.txt,BBLCT,3,4,6,6,900.0,0,0.0,6,100.0,2,215.65,0.1,1,true,completed
BZ_h4s3f50p6n10.txt,BBLCT,3,4,6,6,900.0,1,16.7,6,100.0,4,411.54,0.2,1,true,completed
BZ_h4s3f50p6n11.txt,BBLCT,3,4,6,6,900.0,0,0.0,6,100.0,4,407.64,0.2,1,true,completed
BZ_h4s3f50p6n12.txt,BBLCT,3,4,6,6,900.0,2,33.3,6,100.0,3,351.23,0.2,1,true,completed
BZ_h4s3f50p6n13.txt,BBLCT,3,4,6,5,900.0,1,16.7,6,100.0,1,99.99,0.1,1,true,completed
BZ_h4s3f50p6n14.txt,BBLCT,3,4,6,6,900.0,0,0.0,6,100.0,4,407.64,0.2,1,true,completed
BZ_h4s3f50p6n15.txt,BBLCT,3,4,6,6,900.0,0,0.0,6,100.0,2,233.55,0.2,1,true,completed
BZ_h4s3f50p6n16.txt,BBLCT,3,4,6,5,900.0,1,16.7,6,100.0,1,125.98,0.1,1,true,completed
BZ_h4s3f50p6n17.txt,BBLCT,3,4,6,6,900.0,2,33.3,6,100.0,3,351.23,0.2,1,true,completed
BZ_h4s3f50p6n18.txt,BBLCT,3,4,6,6,900.0,1,16.7,6,100.0,4,447.34,0.2,1,true,completed
BZ_h4s3f50p6n19.txt,BBLCT,3,4,6,6,900.0,1,16.7,6,100.0,1,110.47,0.1,1,true,completed
BZ_h4s3f50p6n2.txt,BBLCT,3,4,6,6,900.0,2,33.3,6,100.0,4,439.63,0.2,1,true,completed
BZ_h4s3f50p6n20.txt,BBLCT,3,4,6,4,900.0,0,0.0,6,100.0,1,102.58,0.1,1,true,completed
BZ_h4s3f50p6n3.txt,BBLCT,3,4,6,5,900.0,0,0.0,6,100.0,5,545.90,0.2,1,true,completed
BZ_h4s3f50p6n4.txt,BBLCT,3,4,6,5,900.0,0,0.0,6,100.0,5,511.12,0.2,1,true,completed
BZ_h4s3f50p6n5.txt,BBLCT,3,4,6,6,900.0,2,33.3,6,100.0,5,537.78,0.2,1,true,completed
BZ_h4s3f50p6n6.txt,BBLCT,3,4,6,6,900.0,2,33.3,6,100.0,3,310.14,0.2,1,true,completed
BZ_h4s3f50p6n7.txt,BBLCT,3,4,6,5,900.0,0,0.0,6,100.0,3,316.52,0.2,1,true,completed
BZ_h4s3f50p6n8.txt,BBLCT,3,4,6,6,900.0,0,0.0,6,100.0,5,553.78,0.2,1,true,completed
BZ_h4s3f50p6n9.txt,BBLCT,3,4,6,6,900.0,0,0.0,6,100.0,3,348.38,0.2,1,true,completed
BZ_h4s3f70p2n1.txt,BBLCT,3,4,8,2,900.0,2,25.0,8,100.0,5,499.44,0.2,1,true,completed
BZ_h4s3f70p2n10.txt,BBLCT,3,4,8,2,900.0,3,37.5,8,100.0,2,200.05,0.2,1,true,completed
BZ_h4s3f70p2n11.txt,BBLCT,3,4,8,2,900.0,3,37.5,8,100.0,7,686.14,0.2,1,true,completed
BZ_h4s3f70p2n12.txt,BBLCT,3,4,8,2,900.0,0,0.0,8,100.0,3,284.21,0.2,1,true,completed
BZ_h4s3f70p2n13.txt,BBLCT,3,4,8,2,900.0,0,0.0,8,100.0,9,884.64,0.2,16,true,completed
BZ_h4s3f70p2n14.txt,BBLCT,3,4,8,2,900.0,2,25.0,8,100.0,3,285.72,0.1,1,true,completed
BZ_h4s3f70p2n15.txt,BBLCT,3,4,8,2,900.0,0,0.0,8,100.0,2,184.64,0.1,1,true,completed
BZ_h4s3f70p2n16.txt,BBLCT,3,4,8,2,900.0,1,12.5,8,100.0,1,110.47,0.1,1,true,completed
BZ_h4s3f70p2n17.txt,BBLCT,3,4,8,2,900.0,4,50.0,8,100.0,3,296.09,0.2,1,true,completed
BZ_h4s3f70p2n18.txt,BBLCT,3,4,8,2,900.0,5,62.5,8,100.0,5,500.55,0.2,1,true,completed
BZ_h4s3f70p2n19.txt,BBLCT,3,4,8,2,900.0,3,37.5,8,100.0,5,497.03,0.2,1,true,completed
BZ_h4s3f70p2n2.txt,BBLCT,3,4,8,2,900.0,0,0.0,8,100.0,3,281.98,0.1,1,true,completed
BZ_h4s3f70p2n20.txt,BBLCT,3,4,8,2,900.0,2,25.0,8,100.0,7,713.04,0.2,1,true,completed
BZ_h4s3f70p2n3.txt,BBLCT,3,4,8,2,900.0,2,25.0,8,100.0,1,88.54,0.2,1,true,completed
BZ_h4s3f70p2n4.txt,BBLCT,3,4,8,2,900.0,2,25.0,8,100.0,9,886.93,0.2,23,true,completed
BZ_h4s3f70p2n5.txt,BBLCT,3,4,8,2,900.0,5,62.5,8,100.0,5,503.35,0.2,1,true,completed
BZ_h4s3f70p2n6.txt,BBLCT,3,4,8,2,900.0,3,37.5,8,100.0,3,301.35,0.1,1,true,completed
BZ_h4s3f70p2n7.txt,BBLCT,3,4,8,2,900.0,2,25.0,8,100.0,2,187.02,0.1,1,true,completed
BZ_h4s3f70p2n8.txt,BBLCT,3,4,8,2,900.0,1,12.5,8,100.0,5,499.13,0.2,1,true,completed
BZ_h4s3f70p2n9.txt,BBLCT,3,4,8,2,900.0,0,0.0,8,100.0,1,101.32,0.2,1,true,completed
BZ_h4s3f70p3n1.txt,BBLCT,3,4,8,3,900.0,0,0.0,8,100.0,3,289.44,0.1,1,true,completed
BZ_h4s3f70p3n10.txt,BBLCT,3,4,8,3,900.0,2,25.0,8,100.0,1,102.99,0.1,1,true,completed
BZ_h4s3f70p3n11.txt,BBLCT,3,4,8,3,900.0,0,0.0,8,100.0,8,792.22,0.2,52,true,completed
BZ_h4s3f70p3n12.txt,BBLCT,3,4,8,3,900.0,1,12.5,8,100.0,6,603.10,0.2,1,true,completed
BZ_h4s3f70p3n13.txt,BBLCT,3,4,8,3,900.0,3,37.5,8,100.0,1,108.07,0.1,1,true,completed
BZ_h4s3f70p3n14.txt,BBLCT,3,4,8,3,900.0,1,12.5,8,100.0,3,289.60,0.2,1,true,completed
BZ_h4s3f70p3n15.txt,BBLCT,3,4,8,3,900.0,0,0.0,8,100.0,5,464.80,0.2,1,true,completed
BZ_h4s3f70p3n16.txt,BBLCT,3,4,8,3,900.0,3,37.5,8,100.0,5,499.47,0.2,1,true,completed
BZ_h4s3f70p3n17.txt,BBLCT,3,4,8,3,900.0,1,12.5,8,100.0,6,598.00,0.2,1,true,completed
BZ_h4s3f70p3n18.txt,BBLCT,3,4,8,3,900.0,0,0.0,8,100.0,7,646.98,0.2,1,true,completed
BZ_h4s3f70p3n19.txt,BBLCT,3,4,8,3,900.0,1,12.5,8,100.0,9,865.00,0.2,47,true,completed
BZ_h4s3f70p3n2.txt,BBLCT,3,4,8,3,900.0,1,12.5,8,100.0,1,96.39,0.1,1,true,completed
BZ_h4s3f70p3n20.txt,BBLCT,3,4,8,3,900.0,3,37.5,8,100.0,4,381.61,0.2,1,true,completed
BZ_h4s3f70p3n3.txt,BBLCT,3,4,8,3,900.0,4,50.0,8,100.0,2,219.55,0.2,1,true,completed
BZ_h4s3f70p3n4.txt,BBLCT,3,4,8,3,900.0,0,0.0,8,100.0,5,485.11,0.2,1,true,completed
BZ_h4s3f70p3n5.txt,BBLCT,3,4,8,3,900.0,0,0.0,8,100.0,9,893.70,0.2,30,true,completed
BZ_h4s3f70p3n6.txt,BBLCT,3,4,8,3,900.0,2,25.0,8,100.0,4,394.27,0.2,1,true,completed
BZ_h4s3f70p3n7.txt,BBLCT,3,4,8,3,900.0,0,0.0,8,100.0,5,504.65,0.2,1,true,completed
BZ_h4s3f70p3n8.txt,BBLCT,3,4,8,3,900.0,0,0.0,3,37.5,9,891.82,0.4,186,true,completed
BZ_h4s3f70p3n9.txt,BBLCT,3,4,8,3,900.0,0,0.0,8,100.0,6,575.72,0.5,1,true,completed
BZ_h4s3f70p6n1.txt,BBLCT,3,4,8,6,900.0,0,0.0,5,62.5,5,489.03,0.4,215,true,completed
BZ_h4s3f70p6n10.txt,BBLCT,3,4,8,4,900.0,2,25.0,8,100.0,7,701.47,0.2,1,true,completed
BZ_h4s3f70p6n11.txt,BBLCT,3,4,8,5,900.0,2,25.0,8,100.0,9,856.20,0.2,1,true,completed
BZ_h4s3f70p6n12.txt,BBLCT,3,4,8,6,900.0,1,12.5,8,100.0,2,200.16,0.2,1,true,completed
BZ_h4s3f70p6n13.txt,BBLCT,3,4,8,6,900.0,1,12.5,8,100.0,4,388.15,0.2,1,true,completed
BZ_h4s3f70p6n14.txt,BBLCT,3,4,8,6,900.0,2,25.0,8,100.0,9,891.21,0.4,82,true,completed
BZ_h4s3f70p6n15.txt,BBLCT,3,4,8,4,900.0,1,12.5,8,100.0,8,775.68,0.3,47,true,completed
BZ_h4s3f70p6n16.txt,BBLCT,3,4,8,6,900.0,6,75.0,8,100.0,4,402.00,0.2,1,true,completed
BZ_h4s3f70p6n17.txt,BBLCT,3,4,8,6,900.0,0,0.0,8,100.0,8,780.68,0.2,1,true,completed
BZ_h4s3f70p6n18.txt,BBLCT,3,4,8,6,900.0,0,0.0,2,25.0,5,522.16,0.4,219,true,completed
BZ_h4s3f70p6n19.txt,BBLCT,3,4,8,6,900.0,0,0.0,8,100.0,2,184.64,0.1,1,true,completed
BZ_h4s3f70p6n2.txt,BBLCT,3,4,8,6,900.0,4,50.0,8,100.0,5,500.60,0.2,1,true,completed
BZ_h4s3f70p6n20.txt,BBLCT,3,4,8,6,900.0,3,37.5,8,100.0,8,815.80,0.2,1,true,completed
BZ_h4s3f70p6n3.txt,BBLCT,3,4,8,6,900.0,1,12.5,8,100.0,6,572.22,0.2,1,true,completed
BZ_h4s3f70p6n4.txt,BBLCT,3,4,8,6,900.0,0,0.0,8,100.0,7,714.84,0.3,1,true,completed
BZ_h4s3f70p6n5.txt,BBLCT,3,4,8,5,900.0,4,50.0,8,100.0,4,409.72,0.2,1,true,completed
BZ_h4s3f70p6n6.txt,BBLCT,3,4,8,6,900.0,1,12.5,8,100.0,5,492.98,0.2,1,true,completed
BZ_h4s3f70p6n7.txt,BBLCT,3,4,8,5,900.0,0,0.0,5,62.5,9,886.93,0.4,162,true,completed
BZ_h4s3f70p6n8.txt,BBLCT,3,4,8,6,900.0,0,0.0,8,100.0,5,504.65,0.2,1,true,completed
BZ_h4s3f70p6n9.txt,BBLCT,3,4,8,6,900.0,0,0.0,8,100.0,2,182.02,0.2,1,true,completed
BZ_h4s5f50p2n1.txt,BBLCT,5,4,10,2,900.0,3,30.0,10,100.0,2,206.47,0.1,1,true,completed
BZ_h4s5f50p2n10.txt,BBLCT,5,4,10,2,900.0,4,40.0,10,100.0,3,323.99,0.2,1,true,completed
BZ_h4s5f50p2n11.txt,BBLCT,5,4,10,2,900.0,0,0.0,10,100.0,5,499.33,0.2,1,true,completed
BZ_h4s5f50p2n12.txt,BBLCT,5,4,10,2,900.0,0,0.0,10,100.0,5,567.31,0.2,1,true,completed
BZ_h4s5f50p2n13.txt,BBLCT,5,4,10,2,900.0,3,30.0,10,100.0,2,211.14,0.1,1,true,completed
BZ_h4s5f50p2n14.txt,BBLCT,5,4,10,2,900.0,1,10.0,10,100.0,3,300.87,0.2,1,true,completed
BZ_h4s5f50p2n15.txt,BBLCT,5,4,10,2,900.0,3,30.0,10,100.0,4,431.20,0.2,1,true,completed
BZ_h4s5f50p2n16.txt,BBLCT,5,4,10,2,900.0,2,20.0,10,100.0,2,200.95,0.1,1,true,completed
BZ_h4s5f50p2n17.txt,BBLCT,5,4,10,2,900.0,3,30.0,10,100.0,5,529.09,0.2,1,true,completed
BZ_h4s5f50p2n18.txt,BBLCT,5,4,10,2,900.0,2,20.0,10,100.0,5,544.14,0.2,1,true,completed
BZ_h4s5f50p2n19.txt,BBLCT,5,4,10,2,900.0,2,20.0,10,100.0,1,118.37,0.1,1,true,completed
BZ_h4s5f50p2n2.txt,BBLCT,5,4,10,2,900.0,3,30.0,10,100.0,1,117.94,0.2,1,true,completed
BZ_h4s5f50p2n20.txt,BBLCT,5,4,10,2,900.0,1,10.0,10,100.0,4,437.44,0.2,1,true,completed
BZ_h4s5f50p2n3.txt,BBLCT,5,4,10,2,900.0,2,20.0,10,100.0,3,301.16,0.2,1,true,completed
BZ_h4s5f50p2n4.txt,BBLCT,5,4,10,2,900.0,4,40.0,10,100.0,2,185.97,0.1,1,true,completed
BZ_h4s5f50p2n5.txt,BBLCT,5,4,10,2,900.0,6,60.0,10,100.0,3,308.94,0.2,1,true,completed
BZ_h4s5f50p2n6.txt,BBLCT,5,4,10,2,900.0,2,20.0,10,100.0,3,312.88,0.1,1,true,completed
BZ_h4s5f50p2n7.txt,BBLCT,5,4,10,2,900.0,1,10.0,10,100.0,2,220.02,0.1,1,true,completed
BZ_h4s5f50p2n8.txt,BBLCT,5,4,10,2,900.0,1,10.0,10,100.0,2,193.56,0.1,1,true,completed
BZ_h4s5f50p2n9.txt,BBLCT,5,4,10,2,900.0,5,50.0,10,100.0,1,105.52,0.1,1,true,completed
BZ_h4s5f50p3n1.txt,BBLCT,5,4,10,3,900.0,1,10.0,10,100.0,1,99.09,0.1,1,true,completed
BZ_h4s5f50p3n10.txt,BBLCT,5,4,10,3,900.0,1,10.0,10,100.0,3,330.74,0.2,1,true,completed
BZ_h4s5f50p3n11.txt,BBLCT,5,4,10,3,900.0,2,20.0,10,100.0,3,319.05,0.2,1,true,completed
BZ_h4s5f50p3n12.txt,BBLCT,5,4,10,3,900.0,3,30.0,10,100.0,1,119.45,0.2,1,true,completed
BZ_h4s5f50p3n13.txt,BBLCT,5,4,10,3,900.0,6,60.0,10,100.0,2,251.49,0.2,1,true,completed
BZ_h4s5f50p3n14.txt,BBLCT,5,4,10,3,900.0,3,30.0,10,100.0,2,179.56,0.2,1,true,completed
BZ_h4s5f50p3n15.txt,BBLCT,5,4,10,3,900.0,2,20.0,10,100.0,4,406.47,0.2,1,true,completed
BZ_h4s5f50p3n16.txt,BBLCT,5,4,10,3,900.0,1,10.0,10,100.0,6,668.21,0.2,1,true,completed
BZ_h4s5f50p3n17.txt,BBLCT,5,4,10,3,900.0,3,30.0,10,100.0,2,230.38,0.2,1,true,completed
BZ_h4s5f50p3n18.txt,BBLCT,5,4,10,3,900.0,0,0.0,10,100.0,3,306.65,0.2,1,true,completed
BZ_h4s5f50p3n19.txt,BBLCT,5,4,10,3,900.0,1,10.0,10,100.0,3,302.25,0.2,1,true,completed
BZ_h4s5f50p3n2.txt,BBLCT,5,4,10,3,900.0,2,20.0,10,100.0,3,305.16,0.2,1,true,completed
BZ_h4s5f50p3n20.txt,BBLCT,5,4,10,3,900.0,1,10.0,10,100.0,3,312.62,0.2,1,true,completed
BZ_h4s5f50p3n3.txt,BBLCT,5,4,10,3,900.0,4,40.0,10,100.0,3,305.08,0.2,1,true,completed
BZ_h4s5f50p3n4.txt,BBLCT,5,4,10,3,900.0,3,30.0,10,100.0,4,430.42,0.2,1,true,completed
BZ_h4s5f50p3n5.txt,BBLCT,5,4,10,3,900.0,4,40.0,10,100.0,4,486.75,0.2,1,true,completed
BZ_h4s5f50p3n6.txt,BBLCT,5,4,10,3,900.0,1,10.0,10,100.0,4,466.45,0.2,1,true,completed
BZ_h4s5f50p3n7.txt,BBLCT,5,4,10,3,900.0,5,50.0,10,100.0,4,485.37,0.2,1,true,completed
BZ_h4s5f50p3n8.txt,BBLCT,5,4,10,3,900.0,3,30.0,10,100.0,2,211.14,0.1,1,true,completed
BZ_h4s5f50p3n9.txt,BBLCT,5,4,10,3,900.0,5,50.0,10,100.0,4,443.76,0.2,1,true,completed
BZ_h4s5f50p6n1.txt,BBLCT,5,4,10,5,900.0,3,30.0,10,100.0,3,338.21,0.2,1,true,completed
BZ_h4s5f50p6n10.txt,BBLCT,5,4,10,6,900.0,4,40.0,10,100.0,2,209.47,0.1,1,true,completed
BZ_h4s5f50p6n11.txt,BBLCT,5,4,10,6,900.0,2,20.0,10,100.0,5,537.59,0.2,1,true,completed
BZ_h4s5f50p6n12.txt,BBLCT,5,4,10,6,900.0,0,0.0,10,100.0,2,216.80,0.2,1,true,completed
BZ_h4s5f50p6n13.txt,BBLCT,5,4,10,6,900.0,2,20.0,10,100.0,3,324.01,0.2,1,true,completed
BZ_h4s5f50p6n14.txt,BBLCT,5,4,10,6,900.0,2,20.0,10,100.0,4,458.88,0.2,1,true,completed
BZ_h4s5f50p6n15.txt,BBLCT,5,4,10,5,900.0,0,0.0,10,100.0,5,531.82,0.2,1,true,completed
BZ_h4s5f50p6n16.txt,BBLCT,5,4,10,6,900.0,3,30.0,10,100.0,2,224.35,0.2,1,true,completed
BZ_h4s5f50p6n17.txt,BBLCT,5,4,10,6,900.0,0,0.0,10,100.0,5,557.29,0.2,1,true,completed
BZ_h4s5f50p6n18.txt,BBLCT,5,4,10,6,900.0,0,0.0,10,100.0,5,516.44,0.2,1,true,completed
BZ_h4s5f50p6n19.txt,BBLCT,5,4,10,6,900.0,1,10.0,10,100.0,3,340.87,0.2,1,true,completed
BZ_h4s5f50p6n2.txt,BBLCT,5,4,10,6,900.0,2,20.0,10,100.0,2,197.64,0.2,1,true,completed
BZ_h4s5f50p6n20.txt,BBLCT,5,4,10,5,900.0,2,20.0,10,100.0,2,214.36,0.2,1,true,completed
BZ_h4s5f50p6n3.txt,BBLCT,5,4,10,6,900.0,3,30.0,10,100.0,2,239.97,0.2,1,true,completed
BZ_h4s5f50p6n4.txt,BBLCT,5,4,10,6,900.0,0,0.0,10,100.0,7,794.20,0.3,1,true,completed
BZ_h4s5f50p6n5.txt,BBLCT,5,4,10,6,900.0,0,0.0,10,100.0,1,113.20,0.1,1,true,completed
BZ_h4s5f50p6n6.txt,BBLCT,5,4,10,6,900.0,1,10.0,10,100.0,6,635.74,0.2,1,true,completed
BZ_h4s5f50p6n7.txt,BBLCT,5,4,10,6,900.0,0,0.0,10,100.0,6,643.09,0.3,1,true,completed
BZ_h4s5f50p6n8.txt,BBLCT,5,4,10,6,900.0,1,10.0,10,100.0,6,636.34,0.3,1,true,completed
BZ_h4s5f50p6n9.txt,BBLCT,5,4,10,6,900.0,0,0.0,10,100.0,6,653.10,0.3,1,true,completed
BZ_h4s5f70p2n1.txt,BBLCT,5,4,14,2,900.0,4,28.6,14,100.0,3,259.23,0.2,1,true,completed
BZ_h4s5f70p2n10.txt,BBLCT,5,4,14,2,900.0,4,28.6,14,100.0,2,188.60,0.1,1,true,completed
BZ_h4s5f70p2n11.txt,BBLCT,5,4,14,2,900.0,4,28.6,14,100.0,4,381.59,0.2,1,true,completed
BZ_h4s5f70p2n12.txt,BBLCT,5,4,14,2,900.0,3,21.4,14,100.0,2,191.30,0.2,1,true,completed
BZ_h4s5f70p2n13.txt,BBLCT,5,4,14,2,900.0,2,14.3,14,100.0,4,407.30,0.1,1,true,completed
BZ_h4s5f70p2n14.txt,BBLCT,5,4,14,2,900.0,4,28.6,14,100.0,6,612.57,0.2,1,true,completed
BZ_h4s5f70p2n15.txt,BBLCT,5,4,14,2,900.0,6,42.9,14,100.0,3,290.72,0.2,1,true,completed
BZ_h4s5f70p2n16.txt,BBLCT,5,4,14,2,900.0,8,57.1,14,100.0,6,610.29,0.2,1,true,completed
BZ_h4s5f70p2n17.txt,BBLCT,5,4,14,2,900.0,5,35.7,14,100.0,4,381.56,0.2,1,true,completed
BZ_h4s5f70p2n18.txt,BBLCT,5,4,14,2,900.0,7,50.0,14,100.0,4,411.81,0.2,1,true,completed
BZ_h4s5f70p2n19.txt,BBLCT,5,4,14,2,900.0,1,7.1,14,100.0,2,192.55,0.1,1,true,completed
BZ_h4s5f70p2n2.txt,BBLCT,5,4,14,2,900.0,9,64.3,14,100.0,1,106.69,0.1,1,true,completed
BZ_h4s5f70p2n20.txt,BBLCT,5,4,14,2,900.0,4,28.6,14,100.0,2,171.61,0.1,1,true,completed
BZ_h4s5f70p2n3.txt,BBLCT,5,4,14,2,900.0,3,21.4,14,100.0,4,405.61,0.2,1,true,completed
BZ_h4s5f70p2n4.txt,BBLCT,5,4,14,2,900.0,7,50.0,14,100.0,1,107.51,0.1,1,true,completed
BZ_h4s5f70p2n5.txt,BBLCT,5,4,14,2,900.0,6,42.9,14,100.0,4,430.21,0.2,1,true,completed
BZ_h4s5f70p2n6.txt,BBLCT,5,4,14,2,900.0,1,7.1,14,100.0,2,199.90,0.1,1,true,completed
BZ_h4s5f70p2n7.txt,BBLCT,5,4,14,2,900.0,3,21.4,6,42.9,6,598.42,33.4,12533,true,completed
BZ_h4s5f70p2n8.txt,BBLCT,5,4,14,2,900.0,4,28.6,14,100.0,7,743.41,0.2,1,true,completed
BZ_h4s5f70p2n9.txt,BBLCT,5,4,14,2,900.0,2,14.3,14,100.0,7,712.69,0.2,1,true,completed
BZ_h4s5f70p3n1.txt,BBLCT,5,4,14,3,900.0,1,7.1,14,100.0,7,714.59,0.3,1,true,completed
BZ_h4s5f70p3n10.txt,BBLCT,5,4,14,3,900.0,5,35.7,14,100.0,4,464.77,0.2,1,true,completed
BZ_h4s5f70p3n11.txt,BBLCT,5,4,14,3,900.0,1,7.1,14,100.0,9,892.98,0.2,1,true,completed
BZ_h4s5f70p3n12.txt,BBLCT,5,4,14,3,900.0,3,21.4,14,100.0,8,803.68,0.2,1,true,completed
BZ_h4s5f70p3n13.txt,BBLCT,5,4,14,3,900.0,4,28.6,14,100.0,5,495.28,0.2,1,true,completed
BZ_h4s5f70p3n14.txt,BBLCT,5,4,14,3,900.0,1,7.1,14,100.0,4,363.44,0.2,1,true,completed
BZ_h4s5f70p3n15.txt,BBLCT,5,4,14,3,900.0,0,0.0,14,100.0,4,410.87,0.2,1,true,completed
BZ_h4s5f70p3n16.txt,BBLCT,5,4,14,3,900.0,4,28.6,14,100.0,7,682.42,0.2,1,true,completed
BZ_h4s5f70p3n17.txt,BBLCT,5,4,14,3,900.0,1,7.1,14,100.0,9,894.97,2.2,652,true,completed
BZ_h4s5f70p3n18.txt,BBLCT,5,4,14,3,900.0,2,14.3,14,100.0,9,894.00,2.6,886,true,completed
BZ_h4s5f70p3n19.txt,BBLCT,5,4,14,3,900.0,3,21.4,14,100.0,8,792.10,0.2,1,true,completed
BZ_h4s5f70p3n2.txt,BBLCT,5,4,14,3,900.0,3,21.4,14,100.0,7,668.72,0.3,1,true,completed
BZ_h4s5f70p3n20.txt,BBLCT,5,4,14,3,900.0,8,57.1,14,100.0,4,383.46,0.2,1,true,completed
BZ_h4s5f70p3n3.txt,BBLCT,5,4,14,3,900.0,3,21.4,14,100.0,3,334.45,0.2,1,true,completed
BZ_h4s5f70p3n4.txt,BBLCT,5,4,14,3,900.0,3,21.4,14,100.0,4,386.59,0.2,1,true,completed
BZ_h4s5f70p3n5.txt,BBLCT,5,4,14,3,900.0,1,7.1,14,100.0,9,898.21,5.0,1573,true,completed
BZ_h4s5f70p3n6.txt,BBLCT,5,4,14,3,900.0,1,7.1,14,100.0,7,709.00,0.2,1,true,completed
BZ_h4s5f70p3n7.txt,BBLCT,5,4,14,3,900.0,3,21.4,14,100.0,6,598.06,0.2,1,true,completed
BZ_h4s5f70p3n8.txt,BBLCT,5,4,14,3,900.0,5,35.7,14,100.0,3,285.54,0.2,1,true,completed
BZ_h4s5f70p3n9.txt,BBLCT,5,4,14,3,900.0,2,14.3,14,100.0,4,392.81,0.2,1,true,completed
BZ_h4s5f70p6n1.txt,BBLCT,5,4,14,6,900.0,0,0.0,14,100.0,9,879.80,0.7,156,true,completed
BZ_h4s5f70p6n10.txt,BBLCT,5,4,14,6,900.0,2,14.3,5,35.7,6,599.43,0.9,209,true,completed
BZ_h4s5f70p6n11.txt,BBLCT,5,4,14,6,900.0,0,0.0,14,100.0,9,868.47,0.9,199,true,completed
BZ_h4s5f70p6n12.txt,BBLCT,5,4,14,6,900.0,2,14.3,12,85.7,9,890.68,2.5,542,true,completed
BZ_h4s5f70p6n13.txt,BBLCT,5,4,14,6,900.0,0,0.0,14,100.0,6,666.42,0.4,1,true,completed
BZ_h4s5f70p6n14.txt,BBLCT,5,4,14,5,900.0,2,14.3,14,100.0,6,636.90,0.2,1,true,completed
BZ_h4s5f70p6n15.txt,BBLCT,5,4,14,6,900.0,0,0.0,14,100.0,9,887.66,3.8,859,true,completed
BZ_h4s5f70p6n16.txt,BBLCT,5,4,14,6,900.0,1,7.1,14,100.0,5,459.42,0.2,1,true,completed
BZ_h4s5f70p6n17.txt,BBLCT,5,4,14,6,900.0,1,7.1,14,100.0,6,576.97,0.3,1,true,completed
BZ_h4s5f70p6n18.txt,BBLCT,5,4,14,6,900.0,0,0.0,14,100.0,9,858.45,0.5,82,true,completed
BZ_h4s5f70p6n19.txt,BBLCT,5,4,14,6,900.0,2,14.3,14,100.0,4,408.54,0.2,1,true,completed
BZ_h4s5f70p6n2.txt,BBLCT,5,4,14,6,900.0,3,21.4,8,57.1,6,607.91,9.8,2389,true,completed
BZ_h4s5f70p6n20.txt,BBLCT,5,4,14,6,900.0,0,0.0,14,100.0,5,495.35,0.2,1,true,completed
BZ_h4s5f70p6n3.txt,BBLCT,5,4,14,6,900.0,0,0.0,14,100.0,8,783.41,0.3,1,true,completed
BZ_h4s5f70p6n4.txt,BBLCT,5,4,14,6,900.0,3,21.4,14,100.0,7,708.79,0.3,1,true,completed
BZ_h4s5f70p6n5.txt,BBLCT,5,4,14,6,900.0,0,0.0,14,100.0,9,843.04,0.9,167,true,completed
BZ_h4s5f70p6n6.txt,BBLCT,5,4,14,6,900.0,4,28.6,14,100.0,9,886.80,118.3,30477,true,completed
BZ_h4s5f70p6n7.txt,BBLCT,5,4,14,6,900.0,0,0.0,14,100.0,7,708.91,0.3,1,true,completed
BZ_h4s5f70p6n8.txt,BBLCT,5,4,14,6,900.0,4,28.6,14,100.0,4,414.33,0.2,1,true,completed
BZ_h4s5f70p6n9.txt,BBLCT,5,4,14,6,900.0,1,7.1,8,57.1,8,833.66,50.8,18103,true,completed
BZ_h4s7f50p2n1.txt,BBLCT,7,4,14,2,900.0,7,50.0,14,100.0,3,322.28,0.2,1,true,completed
BZ_h4s7f50p2n10.txt,BBLCT,7,4,14,2,900.0,5,35.7,14,100.0,2,218.84,0.2,1,true,completed
BZ_h4s7f50p2n11.txt,BBLCT,7,4,14,2,900.0,5,35.7,14,100.0,1,107.68,0.1,1,true,completed
BZ_h4s7f50p2n12.txt,BBLCT,7,4,14,2,900.0,5,35.7,14,100.0,2,183.18,0.2,1,true,completed
BZ_h4s7f50p2n13.txt,BBLCT,7,4,14,2,900.0,3,21.4,14,100.0,6,610.98,0.2,1,true,completed
BZ_h4s7f50p2n14.txt,BBLCT,7,4,14,2,900.0,2,14.3,14,100.0,5,502.09,0.2,1,true,completed
BZ_h4s7f50p2n15.txt,BBLCT,7,4,14,2,900.0,7,50.0,14,100.0,6,619.83,0.2,1,true,completed
BZ_h4s7f50p2n16.txt,BBLCT,7,4,14,2,900.0,2,14.3,14,100.0,3,316.82,0.2,1,true,completed
BZ_h4s7f50p2n17.txt,BBLCT,7,4,14,2,900.0,3,21.4,14,100.0,7,771.09,0.2,1,true,completed
BZ_h4s7f50p2n18.txt,BBLCT,7,4,14,2,900.0,5,35.7,14,100.0,4,398.96,0.2,1,true,completed
BZ_h4s7f50p2n19.txt,BBLCT,7,4,14,2,900.0,4,28.6,14,100.0,5,556.04,0.2,1,true,completed
BZ_h4s7f50p2n2.txt,BBLCT,7,4,14,2,900.0,6,42.9,14,100.0,1,93.95,0.1,1,true,completed
BZ_h4s7f50p2n20.txt,BBLCT,7,4,14,2,900.0,5,35.7,14,100.0,2,184.12,0.2,1,true,completed
BZ_h4s7f50p2n3.txt,BBLCT,7,4,14,2,900.0,8,57.1,14,100.0,3,334.68,0.1,1,true,completed
BZ_h4s7f50p2n4.txt,BBLCT,7,4,14,2,900.0,3,21.4,14,100.0,2,193.39,0.2,1,true,completed
BZ_h4s7f50p2n5.txt,BBLCT,7,4,14,2,900.0,3,21.4,14,100.0,2,192.29,0.2,1,true,completed
BZ_h4s7f50p2n6.txt,BBLCT,7,4,14,2,900.0,3,21.4,14,100.0,6,611.74,0.2,1,true,completed
BZ_h4s7f50p2n7.txt,BBLCT,7,4,14,2,900.0,3,21.4,14,100.0,6,637.81,0.2,1,true,completed
BZ_h4s7f50p2n8.txt,BBLCT,7,4,14,2,900.0,4,28.6,14,100.0,2,218.10,0.1,1,true,completed
BZ_h4s7f50p2n9.txt,BBLCT,7,4,14,2,900.0,7,50.0,14,100.0,2,237.33,0.2,1,true,completed
BZ_h4s7f50p3n1.txt,BBLCT,7,4,14,3,900.0,3,21.4,14,100.0,6,635.45,0.2,1,true,completed
BZ_h4s7f50p3n10.txt,BBLCT,7,4,14,3,900.0,1,7.1,14,100.0,3,320.68,0.2,1,true,completed
BZ_h4s7f50p3n11.txt,BBLCT,7,4,14,3,900.0,4,28.6,14,100.0,4,430.35,0.2,1,true,completed
BZ_h4s7f50p3n12.txt,BBLCT,7,4,14,3,900.0,2,14.3,14,100.0,5,527.45,0.2,1,true,completed
BZ_h4s7f50p3n13.txt,BBLCT,7,4,14,3,900.0,4,28.6,14,100.0,4,483.88,0.2,1,true,completed
BZ_h4s7f50p3n14.txt,BBLCT,7,4,14,3,900.0,1,7.1,14,100.0,6,652.20,0.2,1,true,completed
BZ_h4s7f50p3n15.txt,BBLCT,7,4,14,3,900.0,1,7.1,14,100.0,4,421.68,0.2,1,true,completed
BZ_h4s7f50p3n16.txt,BBLCT,7,4,14,3,900.0,2,14.3,14,100.0,3,286.80,0.2,1,true,completed
BZ_h4s7f50p3n17.txt,BBLCT,7,4,14,3,900.0,2,14.3,14,100.0,2,200.02,0.2,1,true,completed
BZ_h4s7f50p3n18.txt,BBLCT,7,4,14,3,900.0,8,57.1,14,100.0,2,245.15,0.2,1,true,completed
BZ_h4s7f50p3n19.txt,BBLCT,7,4,14,3,900.0,3,21.4,14,100.0,4,434.07,0.2,1,true,completed
BZ_h4s7f50p3n2.txt,BBLCT,7,4,14,3,900.0,5,35.7,14,100.0,6,623.58,0.2,1,true,completed
BZ_h4s7f50p3n20.txt,BBLCT,7,4,14,3,900.0,2,14.3,14,100.0,5,523.58,0.2,1,true,completed
BZ_h4s7f50p3n3.txt,BBLCT,7,4,14,3,900.0,1,7.1,14,100.0,6,656.55,0.2,1,true,completed
BZ_h4s7f50p3n4.txt,BBLCT,7,4,14,3,900.0,3,21.4,14,100.0,7,713.19,0.3,1,true,completed
BZ_h4s7f50p3n5.txt,BBLCT,7,4,14,3,900.0,4,28.6,14,100.0,4,431.34,0.2,1,true,completed
BZ_h4s7f50p3n6.txt,BBLCT,7,4,14,3,900.0,5,35.7,14,100.0,3,319.07,0.2,1,true,completed
BZ_h4s7f50p3n7.txt,BBLCT,7,4,14,3,900.0,2,14.3,14,100.0,2,219.28,0.2,1,true,completed
BZ_h4s7f50p3n8.txt,BBLCT,7,4,14,3,900.0,0,0.0,14,100.0,4,418.91,0.2,1,true,completed
BZ_h4s7f50p3n9.txt,BBLCT,7,4,14,3,900.0,7,50.0,14,100.0,3,314.30,0.2,1,true,completed
BZ_h4s7f50p6n1.txt,BBLCT,7,4,14,5,900.0,2,14.3,14,100.0,5,519.87,0.3,1,true,completed
BZ_h4s7f50p6n10.txt,BBLCT,7,4,14,6,900.0,1,7.1,14,100.0,4,411.95,0.2,1,true,completed
BZ_h4s7f50p6n11.txt,BBLCT,7,4,14,6,900.0,1,7.1,14,100.0,6,612.68,0.3,1,true,completed
BZ_h4s7f50p6n12.txt,BBLCT,7,4,14,6,900.0,3,21.4,14,100.0,4,422.97,0.2,1,true,completed
BZ_h4s7f50p6n13.txt,BBLCT,7,4,14,6,900.0,0,0.0,14,100.0,5,557.66,0.3,1,true,completed
BZ_h4s7f50p6n14.txt,BBLCT,7,4,14,6,900.0,5,35.7,14,100.0,2,214.27,0.2,1,true,completed
BZ_h4s7f50p6n15.txt,BBLCT,7,4,14,6,900.0,0,0.0,14,100.0,7,758.64,0.3,1,true,completed
BZ_h4s7f50p6n16.txt,BBLCT,7,4,14,6,900.0,2,14.3,14,100.0,4,454.40,0.2,1,true,completed
BZ_h4s7f50p6n17.txt,BBLCT,7,4,14,6,900.0,2,14.3,14,100.0,6,622.27,0.3,1,true,completed
BZ_h4s7f50p6n18.txt,BBLCT,7,4,14,6,900.0,0,0.0,14,100.0,5,541.47,0.2,1,true,completed
BZ_h4s7f50p6n19.txt,BBLCT,7,4,14,6,900.0,0,0.0,14,100.0,5,558.41,0.3,1,true,completed
BZ_h4s7f50p6n2.txt,BBLCT,7,4,14,6,900.0,4,28.6,14,100.0,1,125.16,0.1,1,true,completed
BZ_h4s7f50p6n20.txt,BBLCT,7,4,14,6,900.0,1,7.1,14,100.0,5,536.35,0.3,1,true,completed
BZ_h4s7f50p6n3.txt,BBLCT,7,4,14,6,900.0,1,7.1,14,100.0,5,488.83,0.3,1,true,completed
BZ_h4s7f50p6n4.txt,BBLCT,7,4,14,6,900.0,5,35.7,14,100.0,5,546.15,0.3,1,true,completed
BZ_h4s7f50p6n5.txt,BBLCT,7,4,14,6,900.0,1,7.1,14,100.0,2,224.82,0.2,1,true,completed
BZ_h4s7f50p6n6.txt,BBLCT,7,4,14,6,900.0,5,35.7,14,100.0,8,897.54,12.9,980,true,completed
BZ_h4s7f50p6n7.txt,BBLCT,7,4,14,6,900.0,0,0.0,14,100.0,3,295.70,0.2,1,true,completed
BZ_h4s7f50p6n8.txt,BBLCT,7,4,14,6,900.0,0,0.0,14,100.0,7,762.45,0.3,1,true,completed
BZ_h4s7f50p6n9.txt,BBLCT,7,4,14,6,900.0,3,21.4,14,100.0,4,439.12,0.2,1,true,completed
BZ_h4s7f70p2n1.txt,BBLCT,7,4,19,2,900.0,8,42.1,19,100.0,4,443.74,0.2,1,true,completed
BZ_h4s7f70p2n10.txt,BBLCT,7,4,19,2,900.0,8,42.1,19,100.0,1,101.56,0.2,1,true,completed
BZ_h4s7f70p2n11.txt,BBLCT,7,4,19,2,900.0,4,21.1,19,100.0,4,390.08,0.2,1,true,completed
BZ_h4s7f70p2n12.txt,BBLCT,7,4,19,2,900.0,5,26.3,19,100.0,5,512.06,0.2,1,true,completed
BZ_h4s7f70p2n13.txt,BBLCT,7,4,19,2,900.0,8,42.1,19,100.0,6,590.79,0.2,1,true,completed
BZ_h4s7f70p2n14.txt,BBLCT,7,4,19,2,900.0,4,21.1,19,100.0,2,193.10,0.2,1,true,completed
BZ_h4s7f70p2n15.txt,BBLCT,7,4,19,2,900.0,7,36.8,19,100.0,6,611.55,0.2,1,true,completed
BZ_h4s7f70p2n16.txt,BBLCT,7,4,19,2,900.0,4,21.1,10,52.6,8,868.22,4.2,602,true,completed
BZ_h4s7f70p2n17.txt,BBLCT,7,4,19,2,900.0,4,21.1,19,100.0,3,271.93,0.2,1,true,completed
BZ_h4s7f70p2n18.txt,BBLCT,7,4,19,2,900.0,1,5.3,19,100.0,9,895.06,1.8,317,true,completed
BZ_h4s7f70p2n19.txt,BBLCT,7,4,19,2,900.0,4,21.1,19,100.0,7,769.95,0.2,1,true,completed
BZ_h4s7f70p2n2.txt,BBLCT,7,4,19,2,900.0,4,21.1,19,100.0,8,895.60,1.1,239,true,completed
BZ_h4s7f70p2n20.txt,BBLCT,7,4,19,2,900.0,5,26.3,12,63.2,6,589.87,4043.3,638342,true,completed
BZ_h4s7f70p2n3.txt,BBLCT,7,4,19,2,900.0,9,47.4,19,100.0,2,184.55,0.1,1,true,completed
BZ_h4s7f70p2n4.txt,BBLCT,7,4,19,2,900.0,6,31.6,19,100.0,5,520.86,0.2,1,true,completed
BZ_h4s7f70p2n5.txt,BBLCT,7,4,19,2,900.0,8,42.1,19,100.0,1,95.87,0.1,1,true,completed
BZ_h4s7f70p2n6.txt,BBLCT,7,4,19,2,900.0,2,10.5,9,47.4,7,697.00,71.1,10301,true,completed
BZ_h4s7f70p2n7.txt,BBLCT,7,4,19,2,900.0,9,47.4,19,100.0,8,876.52,0.2,1,true,completed
BZ_h4s7f70p2n8.txt,BBLCT,7,4,19,2,900.0,10,52.6,19,100.0,2,215.24,0.1,1,true,completed
BZ_h4s7f70p2n9.txt,BBLCT,7,4,19,2,900.0,4,21.1,19,100.0,2,193.92,0.2,1,true,completed
BZ_h4s7f70p3n1.txt,BBLCT,7,4,19,3,900.0,4,21.1,19,100.0,2,213.04,0.1,1,true,completed
BZ_h4s7f70p3n10.txt,BBLCT,7,4,19,3,900.0,4,21.1,19,100.0,8,815.66,0.3,1,true,completed
BZ_h4s7f70p3n11.txt,BBLCT,7,4,19,3,900.0,3,15.8,19,100.0,6,625.52,0.2,1,true,completed
BZ_h4s7f70p3n12.txt,BBLCT,7,4,19,3,900.0,4,21.1,19,100.0,4,452.04,0.2,1,true,completed
BZ_h4s7f70p3n13.txt,BBLCT,7,4,19,3,900.0,2,10.5,19,100.0,3,301.85,0.2,1,true,completed
BZ_h4s7f70p3n14.txt,BBLCT,7,4,19,3,900.0,10,52.6,19,100.0,7,721.04,0.2,1,true,completed
BZ_h4s7f70p3n15.txt,BBLCT,7,4,19,3,900.0,2,10.5,19,100.0,8,883.36,0.3,1,true,completed
BZ_h4s7f70p3n16.txt,BBLCT,7,4,19,3,900.0,1,5.3,12,63.2,8,848.77,105.2,10874,true,completed
BZ_h4s7f70p3n17.txt,BBLCT,7,4,19,3,900.0,3,15.8,11,57.9,9,882.99,1258.0,105442,true,completed
BZ_h4s7f70p3n18.txt,BBLCT,7,4,19,3,900.0,6,31.6,8,42.1,5,524.82,493.4,77902,true,completed
BZ_h4s7f70p3n19.txt,BBLCT,7,4,19,3,900.0,9,47.4,19,100.0,4,438.17,0.2,1,true,completed
BZ_h4s7f70p3n2.txt,BBLCT,7,4,19,3,900.0,0,0.0,19,100.0,6,643.01,0.2,1,true,completed
BZ_h4s7f70p3n20.txt,BBLCT,7,4,19,3,900.0,6,31.6,19,100.0,7,782.77,0.2,1,true,completed
BZ_h4s7f70p3n3.txt,BBLCT,7,4,19,3,900.0,4,21.1,13,68.4,7,681.73,82.3,9806,true,completed
BZ_h4s7f70p3n4.txt,BBLCT,7,4,19,3,900.0,1,5.3,19,100.0,3,315.93,0.2,1,true,completed
BZ_h4s7f70p3n5.txt,BBLCT,7,4,19,3,900.0,1,5.3,19,100.0,8,786.02,0.3,1,true,completed
BZ_h4s7f70p3n6.txt,BBLCT,7,4,19,3,900.0,4,21.1,19,100.0,8,843.99,0.3,1,true,completed
BZ_h4s7f70p3n7.txt,BBLCT,7,4,19,3,900.0,5,26.3,19,100.0,7,790.80,0.2,1,true,completed
BZ_h4s7f70p3n8.txt,BBLCT,7,4,19,3,900.0,2,10.5,7,36.8,6,620.47,4673.2,427807,true,completed
BZ_h4s7f70p3n9.txt,BBLCT,7,4,19,3,900.0,4,21.1,19,100.0,6,615.05,0.2,1,true,completed
BZ_h4s7f70p6n1.txt,BBLCT,7,4,19,6,900.0,2,10.5,13,68.4,9,899.47,1506.5,128876,true,completed
BZ_h4s7f70p6n10.txt,BBLCT,7,4,19,6,900.0,1,5.3,11,57.9,8,811.88,8.9,996,true,completed
BZ_h4s7f70p6n11.txt,BBLCT,7,4,19,6,900.0,1,5.3,17,89.5,9,899.91,2307.7,257190,true,completed
BZ_h4s7f70p6n12.txt,BBLCT,7,4,19,6,900.0,3,15.8,19,100.0,6,608.28,0.3,1,true,completed
BZ_h4s7f70p6n13.txt,BBLCT,7,4,19,6,900.0,0,0.0,12,63.2,9,896.08,169.7,12963,true,completed
BZ_h4s7f70p6n14.txt,BBLCT,7,4,19,6,900.0,0,0.0,19,100.0,7,714.75,0.4,1,true,completed
BZ_h4s7f70p6n15.txt,BBLCT,7,4,19,6,900.0,2,10.5,8,42.1,9,890.90,73.0,8908,true,completed
BZ_h4s7f70p6n16.txt,BBLCT,7,4,19,6,900.0,0,0.0,19,100.0,8,782.34,0.4,1,true,completed
BZ_h4s7f70p6n17.txt,BBLCT,7,4,19,6,900.0,2,10.5,19,100.0,5,553.56,0.3,1,true,completed
BZ_h4s7f70p6n18.txt,BBLCT,7,4,19,6,900.0,0,0.0,7,36.8,8,851.58,10.2,1566,true,completed
BZ_h4s7f70p6n19.txt,BBLCT,7,4,19,6,900.0,0,0.0,13,68.4,7,740.28,7.6,955,true,completed
BZ_h4s7f70p6n2.txt,BBLCT,7,4,19,6,900.0,1,5.3,8,42.1,7,754.08,2.1,257,true,completed
BZ_h4s7f70p6n20.txt,BBLCT,7,4,19,6,900.0,2,10.5,19,100.0,7,736.08,0.3,1,true,completed
BZ_h4s7f70p6n3.txt,BBLCT,7,4,19,6,900.0,2,10.5,10,52.6,8,870.99,0.9,63,true,completed
BZ_h4s7f70p6n4.txt,BBLCT,7,4,19,6,900.0,1,5.3,19,100.0,5,482.31,0.3,1,true,completed
BZ_h4s7f70p6n5.txt,BBLCT,7,4,19,6,900.0,0,0.0,19,100.0,5,486.47,0.3,1,true,completed
BZ_h4s7f70p6n6.txt,BBLCT,7,4,19,6,900.0,3,15.8,8,42.1,6,661.99,1160.1,129177,true,completed
BZ_h4s7f70p6n7.txt,BBLCT,7,4,19,6,900.0,0,0.0,19,100.0,8,829.75,0.4,1,true,completed
BZ_h4s7f70p6n8.txt,BBLCT,7,4,19,6,900.0,1,5.3,19,100.0,5,517.87,0.3,1,true,completed
BZ_h4s7f70p6n9.txt,BBLCT,7,4,19,6,900.0,1,5.3,19,100.0,9,869.12,24.8,2509,true,completed
BZ_h4s9f50p2n1.txt,BBLCT,9,4,18,2,900.0,6,33.3,18,100.0,2,225.37,0.1,1,true,completed
BZ_h4s9f50p2n10.txt,BBLCT,9,4,18,2,900.0,8,44.4,18,100.0,3,308.66,0.2,1,true,completed
BZ_h4s9f50p2n11.txt,BBLCT,9,4,18,2,900.0,1,5.6,18,100.0,4,421.60,0.2,1,true,completed
BZ_h4s9f50p2n12.txt,BBLCT,9,4,18,2,900.0,3,16.7,18,100.0,4,420.31,0.2,1,true,completed
BZ_h4s9f50p2n13.txt,BBLCT,9,4,18,2,900.0,7,38.9,18,100.0,5,547.42,0.2,1,true,completed
BZ_h4s9f50p2n14.txt,BBLCT,9,4,18,2,900.0,9,50.0,18,100.0,2,216.21,0.1,1,true,completed
BZ_h4s9f50p2n15.txt,BBLCT,9,4,18,2,900.0,6,33.3,18,100.0,1,126.67,0.1,1,true,completed
BZ_h4s9f50p2n16.txt,BBLCT,9,4,18,2,900.0,5,27.8,18,100.0,5,511.28,0.2,1,true,completed
BZ_h4s9f50p2n17.txt,BBLCT,9,4,18,2,900.0,6,33.3,18,100.0,4,410.31,0.2,1,true,completed
BZ_h4s9f50p2n18.txt,BBLCT,9,4,18,2,900.0,3,16.7,18,100.0,5,525.38,0.2,1,true,completed
BZ_h4s9f50p2n19.txt,BBLCT,9,4,18,2,900.0,4,22.2,18,100.0,4,440.65,0.2,1,true,completed
BZ_h4s9f50p2n2.txt,BBLCT,9,4,18,2,900.0,2,11.1,18,100.0,3,304.29,0.2,1,true,completed
BZ_h4s9f50p2n20.txt,BBLCT,9,4,18,2,900.0,3,16.7,18,100.0,2,208.51,0.1,1,true,completed
BZ_h4s9f50p2n3.txt,BBLCT,9,4,18,2,900.0,8,44.4,18,100.0,4,422.76,0.2,1,true,completed
BZ_h4s9f50p2n4.txt,BBLCT,9,4,18,2,900.0,7,38.9,18,100.0,7,752.45,0.2,1,true,completed
BZ_h4s9f50p2n5.txt,BBLCT,9,4,18,2,900.0,7,38.9,18,100.0,2,203.60,0.1,1,true,completed
BZ_h4s9f50p2n6.txt,BBLCT,9,4,18,2,900.0,6,33.3,18,100.0,6,643.32,0.2,1,true,completed
BZ_h4s9f50p2n7.txt,BBLCT,9,4,18,2,900.0,9,50.0,18,100.0,1,102.58,0.1,1,true,completed
BZ_h4s9f50p2n8.txt,BBLCT,9,4,18,2,900.0,7,38.9,18,100.0,3,322.43,0.2,1,true,completed
BZ_h4s9f50p2n9.txt,BBLCT,9,4,18,2,900.0,10,55.6,18,100.0,3,349.95,0.2,1,true,completed
BZ_h4s9f50p3n1.txt,BBLCT,9,4,18,3,900.0,5,27.8,18,100.0,6,641.89,0.3,1,true,completed
BZ_h4s9f50p3n10.txt,BBLCT,9,4,18,3,900.0,0,0.0,18,100.0,8,828.41,0.5,1,true,completed
BZ_h4s9f50p3n11.txt,BBLCT,9,4,18,3,900.0,5,27.8,18,100.0,6,635.85,0.2,1,true,completed
BZ_h4s9f50p3n12.txt,BBLCT,9,4,18,3,900.0,5,27.8,18,100.0,7,775.24,0.3,1,true,completed
BZ_h4s9f50p3n13.txt,BBLCT,9,4,18,3,900.0,3,16.7,18,100.0,4,436.80,0.2,1,true,completed
BZ_h4s9f50p3n14.txt,BBLCT,9,4,18,3,900.0,3,16.7,18,100.0,3,346.69,0.2,1,true,completed
BZ_h4s9f50p3n15.txt,BBLCT,9,4,18,3,900.0,4,22.2,18,100.0,4,424.85,0.2,1,true,completed
BZ_h4s9f50p3n16.txt,BBLCT,9,4,18,3,900.0,5,27.8,18,100.0,4,375.51,0.2,1,true,completed
BZ_h4s9f50p3n17.txt,BBLCT,9,4,18,3,900.0,5,27.8,18,100.0,4,453.62,0.2,1,true,completed
BZ_h4s9f50p3n18.txt,BBLCT,9,4,18,3,900.0,1,5.6,18,100.0,7,775.81,0.3,1,true,completed
BZ_h4s9f50p3n19.txt,BBLCT,9,4,18,3,900.0,3,16.7,18,100.0,7,824.71,56.5,2867,true,completed
BZ_h4s9f50p3n2.txt,BBLCT,9,4,18,3,900.0,3,16.7,18,100.0,7,729.36,0.3,1,true,completed
BZ_h4s9f50p3n20.txt,BBLCT,9,4,18,3,900.0,7,38.9,18,100.0,3,353.07,0.2,1,true,completed
BZ_h4s9f50p3n3.txt,BBLCT,9,4,18,3,900.0,5,27.8,18,100.0,2,241.20,0.2,1,true,completed
BZ_h4s9f50p3n4.txt,BBLCT,9,4,18,3,900.0,0,0.0,18,100.0,6,645.97,0.2,1,true,completed
BZ_h4s9f50p3n5.txt,BBLCT,9,4,18,3,900.0,6,33.3,18,100.0,3,346.03,0.2,1,true,completed
BZ_h4s9f50p3n6.txt,BBLCT,9,4,18,3,900.0,5,27.8,18,100.0,1,134.39,0.1,1,true,completed
BZ_h4s9f50p3n7.txt,BBLCT,9,4,18,3,900.0,3,16.7,18,100.0,4,435.29,0.2,1,true,completed
BZ_h4s9f50p3n8.txt,BBLCT,9,4,18,3,900.0,0,0.0,18,100.0,5,554.21,0.2,1,true,completed
BZ_h4s9f50p3n9.txt,BBLCT,9,4,18,3,900.0,2,11.1,18,100.0,4,422.57,0.2,1,true,completed
BZ_h4s9f50p6n1.txt,BBLCT,9,4,18,6,900.0,8,44.4,18,100.0,4,472.80,0.2,1,true,completed
BZ_h4s9f50p6n10.txt,BBLCT,9,4,18,6,900.0,2,11.1,18,100.0,8,864.07,0.4,1,true,completed
BZ_h4s9f50p6n11.txt,BBLCT,9,4,18,5,900.0,3,16.7,18,100.0,6,675.51,0.3,1,true,completed
BZ_h4s9f50p6n12.txt,BBLCT,9,4,18,6,900.0,3,16.7,18,100.0,7,769.95,0.4,1,true,completed
BZ_h4s9f50p6n13.txt,BBLCT,9,4,18,6,900.0,2,11.1,18,100.0,7,729.24,0.3,1,true,completed
BZ_h4s9f50p6n14.txt,BBLCT,9,4,18,6,900.0,3,16.7,18,100.0,6,671.29,0.4,1,true,completed
BZ_h4s9f50p6n15.txt,BBLCT,9,4,18,6,900.0,0,0.0,18,100.0,4,430.51,0.2,1,true,completed
BZ_h4s9f50p6n16.txt,BBLCT,9,4,18,6,900.0,1,5.6,18,100.0,8,882.93,1.6,245,true,completed
BZ_h4s9f50p6n17.txt,BBLCT,9,4,18,6,900.0,2,11.1,18,100.0,7,709.72,0.3,1,true,completed
BZ_h4s9f50p6n18.txt,BBLCT,9,4,18,6,900.0,3,16.7,18,100.0,6,636.29,0.3,1,true,completed
BZ_h4s9f50p6n19.txt,BBLCT,9,4,18,6,900.0,2,11.1,18,100.0,6,646.46,0.4,1,true,completed
BZ_h4s9f50p6n2.txt,BBLCT,9,4,18,6,900.0,0,0.0,18,100.0,6,693.54,0.3,1,true,completed
BZ_h4s9f50p6n20.txt,BBLCT,9,4,18,6,900.0,1,5.6,18,100.0,5,566.61,0.3,1,true,completed
BZ_h4s9f50p6n3.txt,BBLCT,9,4,18,6,900.0,3,16.7,6,33.3,8,872.47,0.4,1,true,completed
BZ_h4s9f50p6n4.txt,BBLCT,9,4,18,6,900.0,1,5.6,18,100.0,8,881.75,0.4,1,true,completed
BZ_h4s9f50p6n5.txt,BBLCT,9,4,18,6,900.0,1,5.6,18,100.0,7,736.84,0.4,1,true,completed
BZ_h4s9f50p6n6.txt,BBLCT,9,4,18,6,900.0,0,0.0,18,100.0,5,544.47,0.3,1,true,completed
BZ_h4s9f50p6n7.txt,BBLCT,9,4,18,6,900.0,1,5.6,18,100.0,7,757.50,0.4,1,true,completed
BZ_h4s9f50p6n8.txt,BBLCT,9,4,18,6,900.0,5,27.8,18,100.0,8,886.07,137.1,6804,true,completed
BZ_h4s9f50p6n9.txt,BBLCT,9,4,18,6,900.0,2,11.1,18,100.0,7,824.67,0.6,1,true,completed
BZ_h4s9f70p2n1.txt,BBLCT,9,4,25,2,900.0,12,48.0,25,100.0,6,671.93,0.2,1,true,completed
BZ_h4s9f70p2n10.txt,BBLCT,9,4,25,2,900.0,9,36.0,25,100.0,7,781.99,0.2,1,true,completed
BZ_h4s9f70p2n11.txt,BBLCT,9,4,25,2,900.0,7,28.0,25,100.0,3,297.99,0.2,1,true,completed
BZ_h4s9f70p2n12.txt,BBLCT,9,4,25,2,900.0,9,36.0,25,100.0,6,642.35,0.2,1,true,completed
BZ_h4s9f70p2n13.txt,BBLCT,9,4,25,2,900.0,2,8.0,5,20.0,6,596.30,2887.1,280081,true,completed
BZ_h4s9f70p2n14.txt,BBLCT,9,4,25,2,900.0,8,32.0,25,100.0,8,798.35,0.2,1,true,completed
BZ_h4s9f70p2n15.txt,BBLCT,9,4,25,2,900.0,9,36.0,13,52.0,8,784.22,40.6,2641,true,completed
BZ_h4s9f70p2n16.txt,BBLCT,9,4,25,2,900.0,9,36.0,25,100.0,3,319.52,0.2,1,true,completed
BZ_h4s9f70p2n17.txt,BBLCT,9,4,25,2,900.0,8,32.0,25,100.0,4,393.59,0.2,1,true,completed
BZ_h4s9f70p2n18.txt,BBLCT,9,4,25,2,900.0,9,36.0,25,100.0,8,894.30,0.2,1,true,completed
BZ_h4s9f70p2n19.txt,BBLCT,9,4,25,2,900.0,3,12.0,25,100.0,8,896.03,0.2,1,true,completed
BZ_h4s9f70p2n2.txt,BBLCT,9,4,25,2,900.0,14,56.0,25,100.0,8,830.73,0.2,1,true,completed
BZ_h4s9f70p2n20.txt,BBLCT,9,4,25,2,900.0,11,44.0,25,100.0,4,435.06,0.2,1,true,completed
BZ_h4s9f70p2n3.txt,BBLCT,9,4,25,2,900.0,5,20.0,9,36.0,6,584.87,1634.8,126655,true,completed
BZ_h4s9f70p2n4.txt,BBLCT,9,4,25,2,900.0,4,16.0,25,100.0,7,723.10,0.2,1,true,completed
BZ_h4s9f70p2n5.txt,BBLCT,9,4,25,2,900.0,13,52.0,16,64.0,8,862.49,0.4,11,true,completed
BZ_h4s9f70p2n6.txt,BBLCT,9,4,25,2,900.0,10,40.0,25,100.0,7,710.94,0.2,1,true,completed
BZ_h4s9f70p2n7.txt,BBLCT,9,4,25,2,900.0,4,16.0,25,100.0,8,786.04,0.2,1,true,completed
BZ_h4s9f70p2n8.txt,BBLCT,9,4,25,2,900.0,3,12.0,25,100.0,6,567.42,0.2,1,true,completed
BZ_h4s9f70p2n9.txt,BBLCT,9,4,25,2,900.0,9,36.0,25,100.0,5,489.56,0.2,1,true,completed
BZ_h4s9f70p3n1.txt,BBLCT,9,4,25,3,900.0,1,4.0,8,32.0,7,709.01,19893.0,881329,true,completed
BZ_h4s9f70p3n10.txt,BBLCT,9,4,25,3,900.0,4,16.0,17,68.0,8,857.74,1707.8,142216,true,completed
BZ_h4s9f70p3n11.txt,BBLCT,9,4,25,3,900.0,4,16.0,11,44.0,8,839.17,2.4,164,true,completed
BZ_h4s9f70p3n12.txt,BBLCT,9,4,25,3,900.0,5,20.0,25,100.0,5,489.44,0.2,1,true,completed
BZ_h4s9f70p3n13.txt,BBLCT,9,4,25,3,900.0,4,16.0,25,100.0,7,792.04,0.3,1,true,completed
BZ_h4s9f70p3n14.txt,BBLCT,9,4,25,3,900.0,6,24.0,25,100.0,7,719.84,0.3,1,true,completed
BZ_h4s9f70p3n15.txt,BBLCT,9,4,25,3,900.0,9,36.0,25,100.0,8,817.65,0.3,1,true,completed
BZ_h4s9f70p3n16.txt,BBLCT,9,4,25,3,900.0,5,20.0,9,36.0,7,670.63,23751.8,2528866,true,completed
BZ_h4s9f70p3n17.txt,BBLCT,9,4,25,3,900.0,4,16.0,25,100.0,6,595.46,0.3,1,true,completed
BZ_h4s9f70p3n18.txt,BBLCT,9,4,25,3,900.0,2,8.0,25,100.0,5,540.40,0.2,1,true,completed
BZ_h4s9f70p3n19.txt,BBLCT,9,4,25,3,900.0,2,8.0,25,100.0,7,738.65,0.3,1,true,completed
BZ_h4s9f70p3n2.txt,BBLCT,9,4,25,3,900.0,8,32.0,15,60.0,8,853.83,862.4,41176,true,completed
BZ_h4s9f70p3n20.txt,BBLCT,9,4,25,3,900.0,5,20.0,19,76.0,8,813.35,0.5,15,true,completed
BZ_h4s9f70p3n3.txt,BBLCT,9,4,25,3,900.0,6,24.0,25,100.0,8,746.14,0.3,1,true,completed
BZ_h4s9f70p3n4.txt,BBLCT,9,4,25,3,900.0,5,20.0,9,36.0,6,584.96,5855.4,507739,true,completed
BZ_h4s9f70p3n5.txt,BBLCT,9,4,25,3,900.0,1,4.0,13,52.0,8,857.65,0.5,15,true,completed
BZ_h4s9f70p3n6.txt,BBLCT,9,4,25,3,900.0,2,8.0,9,36.0,8,841.95,1.0,45,true,completed
BZ_h4s9f70p3n7.txt,BBLCT,9,4,25,3,900.0,5,20.0,25,100.0,7,750.30,0.3,1,true,completed
BZ_h4s9f70p3n8.txt,BBLCT,9,4,25,3,900.0,7,28.0,12,48.0,8,808.23,1563.1,130019,true,completed
BZ_h4s9f70p3n9.txt,BBLCT,9,4,25,3,900.0,1,4.0,6,24.0,9,898.27,12.4,775,true,completed
BZ_h4s9f70p6n1.txt,BBLCT,9,4,25,6,900.0,2,8.0,8,32.0,9,899.35,42396.7,2299845,true,completed
BZ_h4s9f70p6n10.txt,BBLCT,9,4,25,6,900.0,1,4.0,10,40.0,8,810.03,3238.7,165046,true,completed
BZ_h4s9f70p6n11.txt,BBLCT,9,4,25,6,900.0,2,8.0,16,64.0,8,793.13,741.3,25790,true,completed
BZ_h4s9f70p6n12.txt,BBLCT,9,4,25,6,900.0,3,12.0,25,100.0,7,695.04,0.4,1,true,completed
BZ_h4s9f70p6n13.txt,BBLCT,9,4,25,6,900.0,4,16.0,14,56.0,9,895.77,1023.7,76404,true,completed
BZ_h4s9f70p6n14.txt,BBLCT,9,4,25,6,900.0,3,12.0,9,36.0,5,546.86,1385.7,88289,true,completed
BZ_h4s9f70p6n15.txt,BBLCT,9,4,25,6,900.0,0,0.0,23,92.0,9,897.09,64.7,2883,true,completed
BZ_h4s9f70p6n16.txt,BBLCT,9,4,25,6,900.0,2,8.0,25,100.0,8,795.24,0.4,1,true,completed
BZ_h4s9f70p6n17.txt,BBLCT,9,4,25,6,900.0,1,4.0,11,44.0,6,627.02,2376.5,157916,true,completed
BZ_h4s9f70p6n18.txt,BBLCT,9,4,25,6,900.0,5,20.0,25,100.0,8,894.76,14.1,1215,true,completed
BZ_h4s9f70p6n19.txt,BBLCT,9,4,25,6,900.0,2,8.0,16,64.0,9,885.08,1.7,85,true,completed
BZ_h4s9f70p6n2.txt,BBLCT,9,4,25,6,900.0,1,4.0,7,28.0,7,696.41,4478.7,372339,true,completed
BZ_h4s9f70p6n20.txt,BBLCT,9,4,25,6,900.0,2,8.0,10,40.0,9,852.96,15117.0,701361,true,completed
BZ_h4s9f70p6n3.txt,BBLCT,9,4,25,6,900.0,1,4.0,9,36.0,9,899.15,32.5,2461,true,completed
BZ_h4s9f70p6n4.txt,BBLCT,9,4,25,6,900.0,3,12.0,11,44.0,8,857.37,40.7,1494,true,completed
BZ_h4s9f70p6n5.txt,BBLCT,9,4,25,6,900.0,2,8.0,8,32.0,7,712.89,0.8,30,true,completed
BZ_h4s9f70p6n6.txt,BBLCT,9,4,25,6,900.0,1,4.0,12,48.0,8,862.71,217.5,12409,true,completed
BZ_h4s9f70p6n7.txt,BBLCT,9,4,25,6,900.0,1,4.0,7,28.0,7,660.63,147941.6,12252113,true,completed
BZ_h4s9f70p6n8.txt,BBLCT,9,4,25,6,900.0,1,4.0,22,88.0,8,814.13,12.2,647,true,completed
BZ_h4s9f70p6n9.txt,BBLCT,9,4,25,6,900.0,0,0.0,4,16.0,8,819.22,0.4,1,true,completed
BZ_h6s3f50p2n1.txt,BBLCT,3,6,9,2,900.0,4,44.4,9,100.0,6,762.36,0.2,1,true,completed
BZ_h6s3f50p2n10.txt,BBLCT,3,6,9,2,900.0,3,33.3,9,100.0,4,514.45,0.2,1,true,completed
BZ_h6s3f50p2n11.txt,BBLCT,3,6,9,2,900.0,6,66.7,9,100.0,1,159.34,0.1,1,true,completed
BZ_h6s3f50p2n12.txt,BBLCT,3,6,9,2,900.0,2,22.2,9,100.0,2,252.68,0.1,1,true,completed
BZ_h6s3f50p2n13.txt,BBLCT,3,6,9,2,900.0,5,55.6,9,100.0,4,484.12,0.2,1,true,completed
BZ_h6s3f50p2n14.txt,BBLCT,3,6,9,2,900.0,2,22.2,9,100.0,4,532.26,0.2,1,true,completed
BZ_h6s3f50p2n15.txt,BBLCT,3,6,9,2,900.0,0,0.0,9,100.0,2,259.53,0.1,1,true,completed
BZ_h6s3f50p2n16.txt,BBLCT,3,6,9,2,900.0,4,44.4,9,100.0,3,394.73,0.2,1,true,completed
BZ_h6s3f50p2n17.txt,BBLCT,3,6,9,2,900.0,3,33.3,9,100.0,4,503.62,0.2,1,true,completed
BZ_h6s3f50p2n18.txt,BBLCT,3,6,9,2,900.0,0,0.0,9,100.0,6,799.41,0.2,21,true,completed
BZ_h6s3f50p2n19.txt,BBLCT,3,6,9,2,900.0,2,22.2,9,100.0,5,655.25,0.2,1,true,completed
BZ_h6s3f50p2n2.txt,BBLCT,3,6,9,2,900.0,2,22.2,9,100.0,5,643.26,0.2,1,true,completed
BZ_h6s3f50p2n20.txt,BBLCT,3,6,9,2,900.0,1,11.1,9,100.0,4,508.98,0.2,1,true,completed
BZ_h6s3f50p2n3.txt,BBLCT,3,6,9,2,900.0,2,22.2,9,100.0,5,722.67,0.2,1,true,completed
BZ_h6s3f50p2n4.txt,BBLCT,3,6,9,2,900.0,3,33.3,4,44.4,3,410.57,0.3,72,true,completed
BZ_h6s3f50p2n5.txt,BBLCT,3,6,9,2,900.0,2,22.2,5,55.6,6,820.52,0.2,16,true,completed
BZ_h6s3f50p2n6.txt,BBLCT,3,6,9,2,900.0,3,33.3,9,100.0,4,520.47,0.2,1,true,completed
BZ_h6s3f50p2n7.txt,BBLCT,3,6,9,2,900.0,4,44.4,9,100.0,1,132.49,0.1,1,true,completed
BZ_h6s3f50p2n8.txt,BBLCT,3,6,9,2,900.0,1,11.1,2,22.2,6,801.01,0.2,9,true,completed
BZ_h6s3f50p2n9.txt,BBLCT,3,6,9,2,900.0,4,44.4,9,100.0,1,146.39,0.1,1,true,completed
BZ_h6s3f50p3n1.txt,BBLCT,3,6,9,3,900.0,7,77.8,9,100.0,7,895.51,0.2,1,true,completed
BZ_h6s3f50p3n10.txt,BBLCT,3,6,9,3,900.0,1,11.1,9,100.0,4,533.24,0.2,1,true,completed
BZ_h6s3f50p3n11.txt,BBLCT,3,6,9,3,900.0,0,0.0,9,100.0,7,870.30,0.2,24,true,completed
BZ_h6s3f50p3n12.txt,BBLCT,3,6,9,3,900.0,3,33.3,9,100.0,4,530.47,0.2,1,true,completed
BZ_h6s3f50p3n13.txt,BBLCT,3,6,9,3,900.0,2,22.2,9,100.0,6,794.89,0.2,1,true,completed
BZ_h6s3f50p3n14.txt,BBLCT,3,6,9,2,900.0,2,22.2,3,33.3,2,247.06,0.2,21,true,completed
BZ_h6s3f50p3n15.txt,BBLCT,3,6,9,3,900.0,1,11.1,9,100.0,6,785.81,0.2,1,true,completed
BZ_h6s3f50p3n16.txt,BBLCT,3,6,9,3,900.0,5,55.6,9,100.0,3,410.10,0.2,1,true,completed
BZ_h6s3f50p3n17.txt,BBLCT,3,6,9,3,900.0,1,11.1,3,33.3,4,523.89,0.2,44,true,completed
BZ_h6s3f50p3n18.txt,BBLCT,3,6,9,3,900.0,2,22.2,9,100.0,5,633.37,0.2,1,true,completed
BZ_h6s3f50p3n19.txt,BBLCT,3,6,9,3,900.0,2,22.2,9,100.0,6,798.24,0.2,1,true,completed
BZ_h6s3f50p3n2.txt,BBLCT,3,6,9,3,900.0,2,22.2,9,100.0,6,784.00,0.2,25,true,completed
BZ_h6s3f50p3n20.txt,BBLCT,3,6,9,3,900.0,1,11.1,9,100.0,6,795.83,0.2,1,true,completed
BZ_h6s3f50p3n3.txt,BBLCT,3,6,9,3,900.0,0,0.0,9,100.0,2,251.35,0.2,1,true,completed
BZ_h6s3f50p3n4.txt,BBLCT,3,6,9,3,900.0,1,11.1,4,44.4,6,815.44,0.2,43,true,completed
BZ_h6s3f50p3n5.txt,BBLCT,3,6,9,3,900.0,0,0.0,9,100.0,5,653.11,0.2,1,true,completed
BZ_h6s3f50p3n6.txt,BBLCT,3,6,9,3,900.0,1,11.1,6,66.7,7,887.08,0.3,72,true,completed
BZ_h6s3f50p3n7.txt,BBLCT,3,6,9,3,900.0,0,0.0,9,100.0,3,335.95,0.2,1,true,completed
BZ_h6s3f50p3n8.txt,BBLCT,3,6,9,3,900.0,0,0.0,4,44.4,3,360.42,0.2,38,true,completed
BZ_h6s3f50p3n9.txt,BBLCT,3,6,9,3,900.0,1,11.1,9,100.0,6,783.09,0.3,80,true,completed
BZ_h6s3f50p6n1.txt,BBLCT,3,6,9,5,900.0,1,11.1,9,100.0,6,761.39,0.2,1,true,completed
BZ_h6s3f50p6n10.txt,BBLCT,3,6,9,5,900.0,0,0.0,9,100.0,7,870.41,0.2,24,true,completed
BZ_h6s3f50p6n11.txt,BBLCT,3,6,9,6,900.0,2,22.2,9,100.0,5,643.11,0.2,1,true,completed
BZ_h6s3f50p6n12.txt,BBLCT,3,6,9,6,900.0,1,11.1,6,66.7,6,730.48,0.3,38,true,completed
BZ_h6s3f50p6n13.txt,BBLCT,3,6,9,6,900.0,0,0.0,7,77.8,6,744.84,0.7,307,true,completed
BZ_h6s3f50p6n14.txt,BBLCT,3,6,9,6,900.0,3,33.3,6,66.7,3,386.70,0.6,264,true,completed
BZ_h6s3f50p6n15.txt,BBLCT,3,6,9,6,900.0,1,11.1,9,100.0,7,891.45,0.3,22,true,completed
BZ_h6s3f50p6n16.txt,BBLCT,3,6,9,6,900.0,0,0.0,3,33.3,6,808.79,0.3,34,true,completed
BZ_h6s3f50p6n17.txt,BBLCT,3,6,9,6,900.0,0,0.0,5,55.6,6,838.03,0.4,149,true,completed
BZ_h6s3f50p6n18.txt,BBLCT,3,6,9,6,900.0,0,0.0,5,55.6,7,886.00,0.3,16,true,completed
BZ_h6s3f50p6n19.txt,BBLCT,3,6,9,6,900.0,2,22.2,9,100.0,5,630.97,0.2,1,true,completed
BZ_h6s3f50p6n2.txt,BBLCT,3,6,9,6,900.0,0,0.0,3,33.3,4,540.39,0.4,172,true,completed
BZ_h6s3f50p6n20.txt,BBLCT,3,6,9,6,900.0,0,0.0,5,55.6,6,776.23,0.3,33,true,completed
BZ_h6s3f50p6n3.txt,BBLCT,3,6,9,6,900.0,1,11.1,9,100.0,6,768.64,0.2,1,true,completed
BZ_h6s3f50p6n4.txt,BBLCT,3,6,9,6,900.0,1,11.1,3,33.3,6,780.16,0.2,36,true,completed
BZ_h6s3f50p6n5.txt,BBLCT,3,6,9,6,900.0,0,0.0,9,100.0,2,259.51,0.2,1,true,completed
BZ_h6s3f50p6n6.txt,BBLCT,3,6,9,6,900.0,1,11.1,7,77.8,7,820.11,0.2,10,true,completed
BZ_h6s3f50p6n7.txt,BBLCT,3,6,9,6,900.0,1,11.1,9,100.0,5,612.82,0.2,1,true,completed
BZ_h6s3f50p6n8.txt,BBLCT,3,6,9,6,900.0,0,0.0,3,33.3,2,251.21,0.3,106,true,completed
BZ_h6s3f50p6n9.txt,BBLCT,3,6,9,6,900.0,3,33.3,9,100.0,3,375.97,0.2,1,true,completed
BZ_h6s3f70p2n1.txt,BBLCT,3,6,12,2,900.0,5,41.7,12,100.0,4,466.28,0.2,1,true,completed
BZ_h6s3f70p2n10.txt,BBLCT,3,6,12,2,900.0,0,0.0,3,25.0,6,640.22,0.2,62,true,completed
BZ_h6s3f70p2n11.txt,BBLCT,3,6,12,2,900.0,2,16.7,12,100.0,6,762.36,0.3,118,true,completed
BZ_h6s3f70p2n12.txt,BBLCT,3,6,12,2,900.0,2,16.7,12,100.0,2,221.51,0.1,1,true,completed
BZ_h6s3f70p2n13.txt,BBLCT,3,6,12,2,900.0,1,8.3,4,33.3,3,340.77,0.3,85,true,completed
BZ_h6s3f70p2n14.txt,BBLCT,3,6,12,2,900.0,1,8.3,3,25.0,4,429.24,0.3,118,true,completed
BZ_h6s3f70p2n15.txt,BBLCT,3,6,12,2,900.0,1,8.3,12,100.0,8,888.06,0.2,27,true,completed
BZ_h6s3f70p2n16.txt,BBLCT,3,6,12,2,900.0,0,0.0,1,8.3,3,325.20,0.2,76,true,completed
BZ_h6s3f70p2n17.txt,BBLCT,3,6,12,2,900.0,2,16.7,12,100.0,7,805.37,0.2,1,true,completed
BZ_h6s3f70p2n18.txt,BBLCT,3,6,12,2,900.0,2,16.7,12,100.0,8,888.61,0.3,108,true,completed
BZ_h6s3f70p2n19.txt,BBLCT,3,6,12,2,900.0,5,41.7,12,100.0,4,444.60,0.2,1,true,completed
BZ_h6s3f70p2n2.txt,BBLCT,3,6,12,2,900.0,7,58.3,12,100.0,7,818.51,0.2,1,true,completed
BZ_h6s3f70p2n20.txt,BBLCT,3,6,12,2,900.0,3,25.0,5,41.7,4,421.28,0.2,15,true,completed
BZ_h6s3f70p2n3.txt,BBLCT,3,6,12,2,900.0,0,0.0,5,41.7,7,761.73,0.3,103,true,completed
BZ_h6s3f70p2n4.txt,BBLCT,3,6,12,2,900.0,2,16.7,4,33.3,5,494.65,0.4,150,true,completed
BZ_h6s3f70p2n5.txt,BBLCT,3,6,12,2,900.0,3,25.0,6,50.0,7,808.21,0.4,149,true,completed
BZ_h6s3f70p2n6.txt,BBLCT,3,6,12,2,900.0,1,8.3,5,41.7,4,431.72,0.3,89,true,completed
BZ_h6s3f70p2n7.txt,BBLCT,3,6,12,2,900.0,1,8.3,12,100.0,6,674.89,0.2,1,true,completed
BZ_h6s3f70p2n8.txt,BBLCT,3,6,12,2,900.0,7,58.3,12,100.0,5,527.21,0.2,1,true,completed
BZ_h6s3f70p2n9.txt,BBLCT,3,6,12,2,900.0,1,8.3,4,33.3,7,752.00,0.2,27,true,completed
BZ_h6s3f70p3n1.txt,BBLCT,3,6,12,3,900.0,2,16.7,12,100.0,2,215.49,0.2,1,true,completed
BZ_h6s3f70p3n10.txt,BBLCT,3,6,12,3,900.0,2,16.7,12,100.0,7,807.28,0.2,1,true,completed
BZ_h6s3f70p3n11.txt,BBLCT,3,6,12,3,900.0,3,25.0,12,100.0,2,218.01,0.2,1,true,completed
BZ_h6s3f70p3n12.txt,BBLCT,3,6,12,3,900.0,1,8.3,6,50.0,8,894.04,0.4,191,true,completed
BZ_h6s3f70p3n13.txt,BBLCT,3,6,12,3,900.0,0,0.0,12,100.0,7,813.52,0.2,1,true,completed
BZ_h6s3f70p3n14.txt,BBLCT,3,6,12,3,900.0,2,16.7,6,50.0,8,827.11,0.3,72,true,completed
BZ_h6s3f70p3n15.txt,BBLCT,3,6,12,3,900.0,4,33.3,5,41.7,2,207.56,0.2,27,true,completed
BZ_h6s3f70p3n16.txt,BBLCT,3,6,12,3,900.0,2,16.7,6,50.0,4,456.36,0.2,37,true,completed
BZ_h6s3f70p3n17.txt,BBLCT,3,6,12,3,900.0,1,8.3,7,58.3,7,804.25,0.5,208,true,completed
BZ_h6s3f70p3n18.txt,BBLCT,3,6,12,3,900.0,0,0.0,12,100.0,7,863.40,0.2,63,true,completed
BZ_h6s3f70p3n19.txt,BBLCT,3,6,12,3,900.0,0,0.0,9,75.0,4,425.44,0.9,611,true,completed
BZ_h6s3f70p3n2.txt,BBLCT,3,6,12,3,900.0,2,16.7,7,58.3,7,725.05,0.5,213,true,completed
BZ_h6s3f70p3n20.txt,BBLCT,3,6,12,3,900.0,5,41.7,7,58.3,5,598.12,0.2,25,true,completed
BZ_h6s3f70p3n3.txt,BBLCT,3,6,12,3,900.0,0,0.0,2,16.7,3,339.48,0.3,138,true,completed
BZ_h6s3f70p3n4.txt,BBLCT,3,6,12,3,900.0,1,8.3,4,33.3,8,884.56,0.4,166,true,completed
BZ_h6s3f70p3n5.txt,BBLCT,3,6,12,3,900.0,0,0.0,3,25.0,6,685.70,0.3,119,true,completed
BZ_h6s3f70p3n6.txt,BBLCT,3,6,12,3,900.0,1,8.3,2,16.7,3,363.52,0.2,37,true,completed
BZ_h6s3f70p3n7.txt,BBLCT,3,6,12,3,900.0,0,0.0,8,66.7,8,874.11,0.3,85,true,completed
BZ_h6s3f70p3n8.txt,BBLCT,3,6,12,3,900.0,3,25.0,6,50.0,8,884.69,0.6,304,true,completed
BZ_h6s3f70p3n9.txt,BBLCT,3,6,12,3,900.0,1,8.3,7,58.3,8,845.51,0.4,142,true,completed
BZ_h6s3f70p6n1.txt,BBLCT,3,6,12,5,900.0,3,25.0,5,41.7,7,822.41,0.3,52,true,completed
BZ_h6s3f70p6n10.txt,BBLCT,3,6,12,6,900.0,2,16.7,5,41.7,6,657.10,0.4,101,true,completed
BZ_h6s3f70p6n11.txt,BBLCT,3,6,12,6,900.0,0,0.0,3,25.0,7,765.82,0.3,32,true,completed
BZ_h6s3f70p6n12.txt,BBLCT,3,6,12,6,900.0,0,0.0,3,25.0,4,474.64,0.3,32,true,completed
BZ_h6s3f70p6n13.txt,BBLCT,3,6,12,6,900.0,0,0.0,3,25.0,5,541.51,0.4,65,true,completed
BZ_h6s3f70p6n14.txt,BBLCT,3,6,12,6,900.0,2,16.7,7,58.3,8,883.27,0.4,90,true,completed
BZ_h6s3f70p6n15.txt,BBLCT,3,6,12,6,900.0,0,0.0,12,100.0,4,425.18,0.2,1,true,completed
BZ_h6s3f70p6n16.txt,BBLCT,3,6,12,6,900.0,0,0.0,2,16.7,3,358.38,0.5,189,true,completed
BZ_h6s3f70p6n17.txt,BBLCT,3,6,12,6,900.0,0,0.0,4,33.3,3,306.27,0.4,110,true,completed
BZ_h6s3f70p6n18.txt,BBLCT,3,6,12,6,900.0,0,0.0,3,25.0,7,801.61,0.3,25,true,completed
BZ_h6s3f70p6n19.txt,BBLCT,3,6,12,6,900.0,0,0.0,8,66.7,8,867.00,0.4,131,true,completed
BZ_h6s3f70p6n2.txt,BBLCT,3,6,12,6,900.0,1,8.3,5,41.7,1,82.21,0.4,102,true,completed
BZ_h6s3f70p6n20.txt,BBLCT,3,6,12,6,900.0,1,8.3,2,16.7,7,833.99,0.3,23,true,completed
BZ_h6s3f70p6n3.txt,BBLCT,3,6,12,6,900.0,2,16.7,5,41.7,8,887.49,0.3,31,true,completed
BZ_h6s3f70p6n4.txt,BBLCT,3,6,12,6,900.0,1,8.3,5,41.7,7,809.59,0.4,153,true,completed
BZ_h6s3f70p6n5.txt,BBLCT,3,6,12,6,900.0,0,0.0,12,100.0,8,875.93,0.2,1,true,completed
BZ_h6s3f70p6n6.txt,BBLCT,3,6,12,6,900.0,0,0.0,12,100.0,8,895.47,0.3,48,true,completed
BZ_h6s3f70p6n7.txt,BBLCT,3,6,12,6,900.0,1,8.3,3,25.0,7,764.37,0.3,6,true,completed
BZ_h6s3f70p6n8.txt,BBLCT,3,6,12,6,900.0,1,8.3,4,33.3,5,547.86,0.4,135,true,completed
BZ_h6s3f70p6n9.txt,BBLCT,3,6,12,6,900.0,1,8.3,6,50.0,8,872.32,0.3,47,true,completed
BZ_h6s5f50p2n1.txt,BBLCT,5,6,15,2,900.0,3,20.0,15,100.0,2,233.99,0.1,1,true,completed
BZ_h6s5f50p2n10.txt,BBLCT,5,6,15,2,900.0,2,13.3,15,100.0,5,706.11,0.2,1,true,completed
BZ_h6s5f50p2n11.txt,BBLCT,5,6,15,2,900.0,5,33.3,15,100.0,6,833.76,0.2,1,true,completed
BZ_h6s5f50p2n12.txt,BBLCT,5,6,15,2,900.0,3,20.0,15,100.0,2,235.23,0.2,1,true,completed
BZ_h6s5f50p2n13.txt,BBLCT,5,6,15,2,900.0,4,26.7,15,100.0,4,453.79,0.2,1,true,completed
BZ_h6s5f50p2n14.txt,BBLCT,5,6,15,2,900.0,3,20.0,15,100.0,6,764.66,0.2,1,true,completed
BZ_h6s5f50p2n15.txt,BBLCT,5,6,15,2,900.0,5,33.3,15,100.0,5,638.27,0.2,1,true,completed
BZ_h6s5f50p2n16.txt,BBLCT,5,6,15,2,900.0,2,13.3,6,40.0,6,802.59,0.3,14,true,completed
BZ_h6s5f50p2n17.txt,BBLCT,5,6,15,2,900.0,3,20.0,15,100.0,7,899.80,0.4,71,true,completed
BZ_h6s5f50p2n18.txt,BBLCT,5,6,15,2,900.0,2,13.3,6,40.0,5,554.74,1.8,418,true,completed
BZ_h6s5f50p2n19.txt,BBLCT,5,6,15,2,900.0,4,26.7,15,100.0,5,647.38,0.2,1,true,completed
BZ_h6s5f50p2n2.txt,BBLCT,5,6,15,2,900.0,6,40.0,15,100.0,5,658.56,0.2,1,true,completed
BZ_h6s5f50p2n20.txt,BBLCT,5,6,15,2,900.0,6,40.0,15,100.0,6,709.59,0.2,1,true,completed
BZ_h6s5f50p2n3.txt,BBLCT,5,6,15,2,900.0,9,60.0,15,100.0,2,271.87,0.1,1,true,completed
BZ_h6s5f50p2n4.txt,BBLCT,5,6,15,2,900.0,3,20.0,15,100.0,4,502.03,0.2,1,true,completed
BZ_h6s5f50p2n5.txt,BBLCT,5,6,15,2,900.0,3,20.0,15,100.0,5,647.27,0.2,1,true,completed
BZ_h6s5f50p2n6.txt,BBLCT,5,6,15,2,900.0,6,40.0,15,100.0,6,824.81,0.2,1,true,completed
BZ_h6s5f50p2n7.txt,BBLCT,5,6,15,2,900.0,6,40.0,15,100.0,2,273.18,0.2,1,true,completed
BZ_h6s5f50p2n8.txt,BBLCT,5,6,15,2,900.0,4,26.7,15,100.0,3,358.08,0.2,1,true,completed
BZ_h6s5f50p2n9.txt,BBLCT,5,6,15,2,900.0,2,13.3,6,40.0,6,790.88,0.2,1,true,completed
BZ_h6s5f50p3n1.txt,BBLCT,5,6,15,3,900.0,1,6.7,9,60.0,4,557.80,2.7,617,true,completed
BZ_h6s5f50p3n10.txt,BBLCT,5,6,15,3,900.0,2,13.3,15,100.0,2,272.28,0.2,1,true,completed
BZ_h6s5f50p3n11.txt,BBLCT,5,6,15,3,900.0,2,13.3,5,33.3,3,413.83,10.8,4495,true,completed
BZ_h6s5f50p3n12.txt,BBLCT,5,6,15,3,900.0,4,26.7,10,66.7,4,532.85,41.2,8972,true,completed
BZ_h6s5f50p3n13.txt,BBLCT,5,6,15,3,900.0,0,0.0,8,53.3,7,893.47,0.4,44,true,completed
BZ_h6s5f50p3n14.txt,BBLCT,5,6,15,3,900.0,1,6.7,6,40.0,5,656.91,1.0,165,true,completed
BZ_h6s5f50p3n15.txt,BBLCT,5,6,15,3,900.0,4,26.7,7,46.7,5,661.26,0.3,34,true,completed
BZ_h6s5f50p3n16.txt,BBLCT,5,6,15,3,900.0,0,0.0,15,100.0,4,472.77,0.2,1,true,completed
BZ_h6s5f50p3n17.txt,BBLCT,5,6,15,3,900.0,1,6.7,15,100.0,6,850.65,0.2,1,true,completed
BZ_h6s5f50p3n18.txt,BBLCT,5,6,15,3,900.0,0,0.0,15,100.0,6,779.96,0.2,1,true,completed
BZ_h6s5f50p3n19.txt,BBLCT,5,6,15,3,900.0,1,6.7,10,66.7,7,890.42,5.0,1003,true,completed
BZ_h6s5f50p3n2.txt,BBLCT,5,6,15,3,900.0,1,6.7,15,100.0,5,590.68,0.2,1,true,completed
BZ_h6s5f50p3n20.txt,BBLCT,5,6,15,3,900.0,1,6.7,15,100.0,6,748.08,0.2,1,true,completed
BZ_h6s5f50p3n3.txt,BBLCT,5,6,15,3,900.0,1,6.7,8,53.3,4,539.66,1.1,193,true,completed
BZ_h6s5f50p3n4.txt,BBLCT,5,6,15,3,900.0,2,13.3,8,53.3,7,850.38,0.8,135,true,completed
BZ_h6s5f50p3n5.txt,BBLCT,5,6,15,3,900.0,0,0.0,6,40.0,6,780.00,0.2,5,true,completed
BZ_h6s5f50p3n6.txt,BBLCT,5,6,15,3,900.0,1,6.7,7,46.7,4,538.61,1.6,345,true,completed
BZ_h6s5f50p3n7.txt,BBLCT,5,6,15,3,900.0,1,6.7,9,60.0,7,895.75,1.6,255,true,completed
BZ_h6s5f50p3n8.txt,BBLCT,5,6,15,3,900.0,3,20.0,15,100.0,6,828.48,0.2,1,true,completed
BZ_h6s5f50p3n9.txt,BBLCT,5,6,15,3,900.0,2,13.3,10,66.7,6,812.74,0.2,3,true,completed
BZ_h6s5f50p6n1.txt,BBLCT,5,6,15,6,900.0,3,20.0,15,100.0,7,882.52,0.3,1,true,completed
BZ_h6s5f50p6n10.txt,BBLCT,5,6,15,5,900.0,1,6.7,15,100.0,3,378.65,0.2,1,true,completed
BZ_h6s5f50p6n11.txt,BBLCT,5,6,15,6,900.0,0,0.0,5,33.3,7,854.87,0.3,1,true,completed
BZ_h6s5f50p6n12.txt,BBLCT,5,6,15,6,900.0,2,13.3,5,33.3,4,532.87,2.4,573,true,completed
BZ_h6s5f50p6n13.txt,BBLCT,5,6,15,6,900.0,0,0.0,4,26.7,6,794.38,0.3,1,true,completed
BZ_h6s5f50p6n14.txt,BBLCT,5,6,15,5,900.0,0,0.0,2,13.3,4,550.44,3.9,1355,true,completed
BZ_h6s5f50p6n15.txt,BBLCT,5,6,15,6,900.0,1,6.7,15,100.0,4,529.82,0.2,1,true,completed
BZ_h6s5f50p6n16.txt,BBLCT,5,6,15,6,900.0,0,0.0,5,33.3,6,806.84,0.5,63,true,completed
BZ_h6s5f50p6n17.txt,BBLCT,5,6,15,6,900.0,2,13.3,15,100.0,6,792.04,0.3,1,true,completed
BZ_h6s5f50p6n18.txt,BBLCT,5,6,15,6,900.0,1,6.7,13,86.7,6,812.24,0.3,4,true,completed
BZ_h6s5f50p6n19.txt,BBLCT,5,6,15,6,900.0,1,6.7,9,60.0,6,822.68,4.8,662,true,completed
BZ_h6s5f50p6n2.txt,BBLCT,5,6,15,6,900.0,0,0.0,4,26.7,7,899.73,2.7,513,true,completed
BZ_h6s5f50p6n20.txt,BBLCT,5,6,15,6,900.0,0,0.0,8,53.3,7,851.01,2.6,640,true,completed
BZ_h6s5f50p6n3.txt,BBLCT,5,6,15,5,900.0,1,6.7,10,66.7,6,783.49,34.1,5299,true,completed
BZ_h6s5f50p6n4.txt,BBLCT,5,6,15,6,900.0,0,0.0,5,33.3,7,897.86,2.2,566,true,completed
BZ_h6s5f50p6n5.txt,BBLCT,5,6,15,6,900.0,0,0.0,4,26.7,6,788.24,0.3,1,true,completed
BZ_h6s5f50p6n6.txt,BBLCT,5,6,15,6,900.0,0,0.0,9,60.0,7,899.79,1.7,437,true,completed
BZ_h6s5f50p6n7.txt,BBLCT,5,6,15,6,900.0,2,13.3,11,73.3,7,874.66,1.3,224,true,completed
BZ_h6s5f50p6n8.txt,BBLCT,5,6,15,6,900.0,0,0.0,4,26.7,6,791.32,0.3,1,true,completed
BZ_h6s5f50p6n9.txt,BBLCT,5,6,15,6,900.0,0,0.0,3,20.0,4,465.89,9.9,5343,true,completed
BZ_h6s5f70p2n1.txt,BBLCT,5,6,21,2,900.0,4,19.0,9,42.9,7,836.65,0.4,67,true,completed
BZ_h6s5f70p2n10.txt,BBLCT,5,6,21,2,900.0,4,19.0,9,42.9,5,583.16,107.2,23446,true,completed
BZ_h6s5f70p2n11.txt,BBLCT,5,6,21,2,900.0,1,4.8,8,38.1,7,768.34,0.2,3,true,completed
BZ_h6s5f70p2n12.txt,BBLCT,5,6,21,2,900.0,3,14.3,7,33.3,8,863.24,0.2,5,true,completed
BZ_h6s5f70p2n13.txt,BBLCT,5,6,21,2,900.0,4,19.0,9,42.9,6,697.51,1.4,244,true,completed
BZ_h6s5f70p2n14.txt,BBLCT,5,6,21,2,900.0,2,9.5,6,28.6,5,498.43,16.0,3459,true,completed
BZ_h6s5f70p2n15.txt,BBLCT,5,6,21,2,900.0,7,33.3,12,57.1,6,647.49,5.7,1001,true,completed
BZ_h6s5f70p2n16.txt,BBLCT,5,6,21,2,900.0,10,47.6,13,61.9,8,898.86,18.5,3688,true,completed
BZ_h6s5f70p2n17.txt,BBLCT,5,6,21,2,900.0,8,38.1,10,47.6,6,663.27,56.7,10352,true,completed
BZ_h6s5f70p2n18.txt,BBLCT,5,6,21,2,900.0,4,19.0,9,42.9,7,823.34,0.7,97,true,completed
BZ_h6s5f70p2n19.txt,BBLCT,5,6,21,2,900.0,5,23.8,21,100.0,5,541.25,0.2,1,true,completed
BZ_h6s5f70p2n2.txt,BBLCT,5,6,21,2,900.0,7,33.3,21,100.0,5,587.96,0.2,1,true,completed
BZ_h6s5f70p2n20.txt,BBLCT,5,6,21,2,900.0,4,19.0,8,38.1,5,573.91,15.0,3359,true,completed
BZ_h6s5f70p2n3.txt,BBLCT,5,6,21,2,900.0,11,52.4,21,100.0,7,782.94,0.2,1,true,completed
BZ_h6s5f70p2n4.txt,BBLCT,5,6,21,2,900.0,1,4.8,9,42.9,6,650.99,6.1,1792,true,completed
BZ_h6s5f70p2n5.txt,BBLCT,5,6,21,2,900.0,9,42.9,13,61.9,8,894.85,3.0,549,true,completed
BZ_h6s5f70p2n6.txt,BBLCT,5,6,21,2,900.0,3,14.3,21,100.0,8,853.23,0.2,1,true,completed
BZ_h6s5f70p2n7.txt,BBLCT,5,6,21,2,900.0,7,33.3,21,100.0,6,678.87,0.2,1,true,completed
BZ_h6s5f70p2n8.txt,BBLCT,5,6,21,2,900.0,5,23.8,10,47.6,7,857.89,0.2,1,true,completed
BZ_h6s5f70p2n9.txt,BBLCT,5,6,21,2,900.0,8,38.1,12,57.1,7,840.61,0.4,48,true,completed
BZ_h6s5f70p3n1.txt,BBLCT,5,6,21,3,900.0,2,9.5,6,28.6,3,340.74,2.6,812,true,completed
BZ_h6s5f70p3n10.txt,BBLCT,5,6,21,3,900.0,3,14.3,7,33.3,7,823.17,5.8,1125,true,completed
BZ_h6s5f70p3n11.txt,BBLCT,5,6,21,3,900.0,4,19.0,7,33.3,7,843.94,0.3,3,true,completed
BZ_h6s5f70p3n12.txt,BBLCT,5,6,21,3,900.0,1,4.8,5,23.8,5,551.90,16.8,4088,true,completed
BZ_h6s5f70p3n13.txt,BBLCT,5,6,21,3,900.0,8,38.1,21,100.0,6,792.82,0.2,1,true,completed
BZ_h6s5f70p3n14.txt,BBLCT,5,6,21,3,900.0,2,9.5,8,38.1,8,865.94,6.4,1225,true,completed
BZ_h6s5f70p3n15.txt,BBLCT,5,6,21,3,900.0,7,33.3,10,47.6,7,834.06,0.2,1,true,completed
BZ_h6s5f70p3n16.txt,BBLCT,5,6,21,3,900.0,3,14.3,6,28.6,7,866.46,0.3,24,true,completed
BZ_h6s5f70p3n17.txt,BBLCT,5,6,21,3,900.0,3,14.3,15,71.4,8,893.56,24.1,5892,true,completed
BZ_h6s5f70p3n18.txt,BBLCT,5,6,21,3,900.0,6,28.6,7,33.3,5,482.30,3.3,997,true,completed
BZ_h6s5f70p3n19.txt,BBLCT,5,6,21,3,900.0,1,4.8,4,19.0,5,541.43,580.3,141409,true,completed
BZ_h6s5f70p3n2.txt,BBLCT,5,6,21,3,900.0,3,14.3,7,33.3,7,876.75,1.1,177,true,completed
BZ_h6s5f70p3n20.txt,BBLCT,5,6,21,3,900.0,7,33.3,15,71.4,8,844.79,6.4,1058,true,completed
BZ_h6s5f70p3n3.txt,BBLCT,5,6,21,3,900.0,7,33.3,21,100.0,8,894.29,0.2,1,true,completed
BZ_h6s5f70p3n4.txt,BBLCT,5,6,21,3,900.0,1,4.8,3,14.3,4,475.46,115.8,28072,true,completed
BZ_h6s5f70p3n5.txt,BBLCT,5,6,21,3,900.0,2,9.5,12,57.1,8,887.46,3.3,830,true,completed
BZ_h6s5f70p3n6.txt,BBLCT,5,6,21,3,900.0,4,19.0,12,57.1,6,671.37,0.5,65,true,completed
BZ_h6s5f70p3n7.txt,BBLCT,5,6,21,3,900.0,3,14.3,15,71.4,8,894.33,4.4,894,true,completed
BZ_h6s5f70p3n8.txt,BBLCT,5,6,21,3,900.0,2,9.5,13,61.9,8,897.37,17.1,2988,true,completed
BZ_h6s5f70p3n9.txt,BBLCT,5,6,21,3,900.0,4,19.0,9,42.9,5,564.84,50.4,9440,true,completed
BZ_h6s5f70p6n1.txt,BBLCT,5,6,21,6,900.0,1,4.8,4,19.0,7,731.02,0.3,1,true,completed
BZ_h6s5f70p6n10.txt,BBLCT,5,6,21,6,900.0,0,0.0,6,28.6,7,833.14,0.4,1,true,completed
BZ_h6s5f70p6n11.txt,BBLCT,5,6,21,6,900.0,2,9.5,4,19.0,7,817.71,0.4,31,true,completed
BZ_h6s5f70p6n12.txt,BBLCT,5,6,21,6,900.0,1,4.8,4,19.0,7,774.26,0.4,12,true,completed
BZ_h6s5f70p6n13.txt,BBLCT,5,6,21,6,900.0,2,9.5,6,28.6,8,893.45,5.3,1050,true,completed
BZ_h6s5f70p6n14.txt,BBLCT,5,6,21,5,900.0,0,0.0,2,9.5,3,322.27,32.4,13033,true,completed
BZ_h6s5f70p6n15.txt,BBLCT,5,6,21,6,900.0,0,0.0,9,42.9,7,849.22,1.2,272,true,completed
BZ_h6s5f70p6n16.txt,BBLCT,5,6,21,6,900.0,1,4.8,6,28.6,7,819.30,1.7,274,true,completed
BZ_h6s5f70p6n17.txt,BBLCT,5,6,21,5,900.0,0,0.0,9,42.9,8,879.24,22.1,4292,true,completed
BZ_h6s5f70p6n18.txt,BBLCT,5,6,21,6,900.0,1,4.8,4,19.0,7,862.71,1.5,442,true,completed
BZ_h6s5f70p6n19.txt,BBLCT,5,6,21,6,900.0,2,9.5,7,33.3,5,563.78,9.3,2863,true,completed
BZ_h6s5f70p6n2.txt,BBLCT,5,6,21,6,900.0,0,0.0,7,33.3,7,895.24,6.0,1277,true,completed
BZ_h6s5f70p6n20.txt,BBLCT,5,6,21,6,900.0,1,4.8,4,19.0,7,708.73,96.0,20468,true,completed
BZ_h6s5f70p6n3.txt,BBLCT,5,6,21,6,900.0,1,4.8,3,14.3,3,350.62,1.0,292,true,completed
BZ_h6s5f70p6n4.txt,BBLCT,5,6,21,6,900.0,0,0.0,5,23.8,5,518.66,89.0,15798,true,completed
BZ_h6s5f70p6n5.txt,BBLCT,5,6,21,6,900.0,0,0.0,4,19.0,6,696.21,1.3,231,true,completed
BZ_h6s5f70p6n6.txt,BBLCT,5,6,21,6,900.0,0,0.0,7,33.3,7,749.86,5.7,1093,true,completed
BZ_h6s5f70p6n7.txt,BBLCT,5,6,21,6,900.0,1,4.8,11,52.4,7,843.37,26.4,4727,true,completed
BZ_h6s5f70p6n8.txt,BBLCT,5,6,21,6,900.0,0,0.0,6,28.6,5,593.70,23.7,4766,true,completed
BZ_h6s5f70p6n9.txt,BBLCT,5,6,21,6,900.0,0,0.0,5,23.8,7,896.41,17.7,4628,true,completed
BZ_h6s7f50p2n1.txt,BBLCT,7,6,21,2,900.0,4,19.0,21,100.0,5,706.92,0.2,1,true,completed
BZ_h6s7f50p2n10.txt,BBLCT,7,6,21,2,900.0,4,19.0,12,57.1,6,836.18,12.9,1033,true,completed
BZ_h6s7f50p2n11.txt,BBLCT,7,6,21,2,900.0,4,19.0,21,100.0,6,767.68,0.2,1,true,completed
BZ_h6s7f50p2n12.txt,BBLCT,7,6,21,2,900.0,7,33.3,21,100.0,3,376.54,0.2,1,true,completed
BZ_h6s7f50p2n13.txt,BBLCT,7,6,21,2,900.0,4,19.0,7,33.3,5,705.18,0.2,3,true,completed
BZ_h6s7f50p2n14.txt,BBLCT,7,6,21,2,900.0,7,33.3,21,100.0,7,864.11,0.4,69,true,completed
BZ_h6s7f50p2n15.txt,BBLCT,7,6,21,2,900.0,4,19.0,9,42.9,6,787.38,0.2,1,true,completed
BZ_h6s7f50p2n16.txt,BBLCT,7,6,21,2,900.0,10,47.6,21,100.0,1,149.87,0.1,1,true,completed
BZ_h6s7f50p2n17.txt,BBLCT,7,6,21,2,900.0,9,42.9,21,100.0,5,614.91,0.2,1,true,completed
BZ_h6s7f50p2n18.txt,BBLCT,7,6,21,2,900.0,7,33.3,21,100.0,5,650.43,0.2,1,true,completed
BZ_h6s7f50p2n19.txt,BBLCT,7,6,21,2,900.0,3,14.3,8,38.1,6,709.23,862.5,68636,true,completed
BZ_h6s7f50p2n2.txt,BBLCT,7,6,21,2,900.0,8,38.1,21,100.0,6,775.22,0.2,1,true,completed
BZ_h6s7f50p2n20.txt,BBLCT,7,6,21,2,900.0,7,33.3,10,47.6,5,664.30,347.3,23028,true,completed
BZ_h6s7f50p2n3.txt,BBLCT,7,6,21,2,900.0,2,9.5,7,33.3,7,843.14,4.7,454,true,completed
BZ_h6s7f50p2n4.txt,BBLCT,7,6,21,2,900.0,10,47.6,21,100.0,5,639.99,0.2,1,true,completed
BZ_h6s7f50p2n5.txt,BBLCT,7,6,21,2,900.0,4,19.0,8,38.1,7,863.54,0.9,100,true,completed
BZ_h6s7f50p2n6.txt,BBLCT,7,6,21,2,900.0,13,61.9,21,100.0,6,842.19,0.2,1,true,completed
BZ_h6s7f50p2n7.txt,BBLCT,7,6,21,2,900.0,8,38.1,12,57.1,6,846.49,1.8,150,true,completed
BZ_h6s7f50p2n8.txt,BBLCT,7,6,21,2,900.0,3,14.3,7,33.3,7,881.67,331.7,26204,true,completed
BZ_h6s7f50p2n9.txt,BBLCT,7,6,21,2,900.0,5,23.8,21,100.0,6,765.97,0.2,1,true,completed
BZ_h6s7f50p3n1.txt,BBLCT,7,6,21,3,900.0,4,19.0,21,100.0,7,871.11,0.2,1,true,completed
BZ_h6s7f50p3n10.txt,BBLCT,7,6,21,3,900.0,2,9.5,4,19.0,6,818.54,0.3,10,true,completed
BZ_h6s7f50p3n11.txt,BBLCT,7,6,21,3,900.0,4,19.0,8,38.1,7,857.34,56.8,3627,true,completed
BZ_h6s7f50p3n12.txt,BBLCT,7,6,21,3,900.0,3,14.3,7,33.3,6,796.50,6.9,803,true,completed
BZ_h6s7f50p3n13.txt,BBLCT,7,6,21,3,900.0,2,9.5,13,61.9,8,891.57,35.0,1836,true,completed
BZ_h6s7f50p3n14.txt,BBLCT,7,6,21,3,900.0,6,28.6,7,33.3,7,863.04,0.2,1,true,completed
BZ_h6s7f50p3n15.txt,BBLCT,7,6,21,3,900.0,3,14.3,11,52.4,7,894.61,0.3,1,true,completed
BZ_h6s7f50p3n16.txt,BBLCT,7,6,21,3,900.0,4,19.0,21,100.0,3,318.51,0.2,1,true,completed
BZ_h6s7f50p3n17.txt,BBLCT,7,6,21,3,900.0,2,9.5,12,57.1,6,888.87,7.6,543,true,completed
BZ_h6s7f50p3n18.txt,BBLCT,7,6,21,3,900.0,0,0.0,5,23.8,6,834.57,0.2,1,true,completed
BZ_h6s7f50p3n19.txt,BBLCT,7,6,21,3,900.0,1,4.8,16,76.2,7,897.04,319.0,32009,true,completed
BZ_h6s7f50p3n2.txt,BBLCT,7,6,21,3,900.0,2,9.5,10,47.6,7,889.55,5.7,433,true,completed
BZ_h6s7f50p3n20.txt,BBLCT,7,6,21,3,900.0,4,19.0,8,38.1,6,807.87,0.2,1,true,completed
BZ_h6s7f50p3n3.txt,BBLCT,7,6,21,3,900.0,2,9.5,12,57.1,6,776.59,5.1,440,true,completed
BZ_h6s7f50p3n4.txt,BBLCT,7,6,21,3,900.0,3,14.3,14,66.7,6,824.50,0.3,1,true,completed
BZ_h6s7f50p3n5.txt,BBLCT,7,6,21,3,900.0,4,19.0,7,33.3,4,557.49,3.9,419,true,completed
BZ_h6s7f50p3n6.txt,BBLCT,7,6,21,3,900.0,6,28.6,14,66.7,7,889.42,1.3,70,true,completed
BZ_h6s7f50p3n7.txt,BBLCT,7,6,21,3,900.0,5,23.8,21,100.0,1,145.26,0.2,1,true,completed
BZ_h6s7f50p3n8.txt,BBLCT,7,6,21,3,900.0,3,14.3,16,76.2,6,802.33,0.3,6,true,completed
BZ_h6s7f50p3n9.txt,BBLCT,7,6,21,3,900.0,1,4.8,4,19.0,7,850.52,0.2,1,true,completed
BZ_h6s7f50p6n1.txt,BBLCT,7,6,21,6,900.0,1,4.8,21,100.0,7,898.48,1.8,144,true,completed
BZ_h6s7f50p6n10.txt,BBLCT,7,6,21,6,900.0,4,19.0,17,81.0,7,896.28,6.4,534,true,completed
BZ_h6s7f50p6n11.txt,BBLCT,7,6,21,6,900.0,3,14.3,9,42.9,6,744.69,5.3,575,true,completed
BZ_h6s7f50p6n12.txt,BBLCT,7,6,21,6,900.0,4,19.0,7,33.3,6,839.61,0.3,1,true,completed
BZ_h6s7f50p6n13.txt,BBLCT,7,6,21,6,900.0,0,0.0,16,76.2,5,616.95,340.5,20055,true,completed
BZ_h6s7f50p6n14.txt,BBLCT,7,6,21,6,900.0,2,9.5,15,71.4,7,889.42,0.4,1,true,completed
BZ_h6s7f50p6n15.txt,BBLCT,7,6,21,6,900.0,4,19.0,10,47.6,7,883.41,1.3,105,true,completed
BZ_h6s7f50p6n16.txt,BBLCT,7,6,21,6,900.0,0,0.0,8,38.1,5,651.36,34.6,3221,true,completed
BZ_h6s7f50p6n17.txt,BBLCT,7,6,21,6,900.0,2,9.5,8,38.1,6,825.93,1.7,139,true,completed
BZ_h6s7f50p6n18.txt,BBLCT,7,6,21,6,900.0,3,14.3,9,42.9,6,835.02,0.5,17,true,completed
BZ_h6s7f50p6n19.txt,BBLCT,7,6,21,6,900.0,3,14.3,11,52.4,7,871.54,2.0,161,true,completed
BZ_h6s7f50p6n2.txt,BBLCT,7,6,21,6,900.0,1,4.8,7,33.3,7,875.35,0.3,1,true,completed
BZ_h6s7f50p6n20.txt,BBLCT,7,6,21,6,900.0,1,4.8,9,42.9,7,892.56,3.6,424,true,completed
BZ_h6s7f50p6n3.txt,BBLCT,7,6,21,6,900.0,1,4.8,11,52.4,7,890.85,0.8,30,true,completed
BZ_h6s7f50p6n4.txt,BBLCT,7,6,21,6,900.0,0,0.0,4,19.0,7,798.05,0.4,1,true,completed
BZ_h6s7f50p6n5.txt,BBLCT,7,6,21,6,900.0,2,9.5,15,71.4,7,891.04,1.5,107,true,completed
BZ_h6s7f50p6n6.txt,BBLCT,7,6,21,6,900.0,0,0.0,3,14.3,6,772.37,0.5,25,true,completed
BZ_h6s7f50p6n7.txt,BBLCT,7,6,21,6,900.0,0,0.0,6,28.6,6,793.06,0.8,48,true,completed
BZ_h6s7f50p6n8.txt,BBLCT,7,6,21,6,900.0,0,0.0,8,38.1,6,813.01,10.5,1105,true,completed
BZ_h6s7f50p6n9.txt,BBLCT,7,6,21,6,900.0,0,0.0,9,42.9,6,819.71,0.3,1,true,completed
BZ_h6s7f70p2n1.txt,BBLCT,7,6,29,2,900.0,12,41.4,16,55.2,7,817.31,0.2,1,true,completed
BZ_h6s7f70p2n10.txt,BBLCT,7,6,29,2,900.0,2,6.9,9,31.0,6,727.29,250.2,20411,true,completed
BZ_h6s7f70p2n11.txt,BBLCT,7,6,29,2,900.0,6,20.7,29,100.0,8,884.43,0.5,129,true,completed
BZ_h6s7f70p2n12.txt,BBLCT,7,6,29,2,900.0,13,44.8,18,62.1,8,878.73,4.1,391,true,completed
BZ_h6s7f70p2n13.txt,BBLCT,7,6,29,2,900.0,1,3.4,8,27.6,6,666.58,89.4,6788,true,completed
BZ_h6s7f70p2n14.txt,BBLCT,7,6,29,2,900.0,4,13.8,9,31.0,7,711.80,57.5,3881,true,completed
BZ_h6s7f70p2n15.txt,BBLCT,7,6,29,2,900.0,9,31.0,13,44.8,7,818.50,0.3,1,true,completed
BZ_h6s7f70p2n16.txt,BBLCT,7,6,29,2,900.0,4,13.8,7,24.1,7,811.98,2.3,281,true,completed
BZ_h6s7f70p2n17.txt,BBLCT,7,6,29,2,900.0,9,31.0,17,58.6,8,894.00,1.8,170,true,completed
BZ_h6s7f70p2n18.txt,BBLCT,7,6,29,2,900.0,2,6.9,8,27.6,8,858.97,2.7,231,true,completed
BZ_h6s7f70p2n19.txt,BBLCT,7,6,29,2,900.0,5,17.2,12,41.4,7,855.16,596.1,46276,true,completed
BZ_h6s7f70p2n2.txt,BBLCT,7,6,29,2,900.0,11,37.9,29,100.0,6,720.56,0.2,1,true,completed
BZ_h6s7f70p2n20.txt,BBLCT,7,6,29,2,900.0,10,34.5,16,55.2,8,891.48,17.0,1343,true,completed
BZ_h6s7f70p2n3.txt,BBLCT,7,6,29,2,900.0,5,17.2,12,41.4,9,893.63,0.2,1,true,completed
BZ_h6s7f70p2n4.txt,BBLCT,7,6,29,2,900.0,2,6.9,7,24.1,8,851.90,97.1,7405,true,completed
BZ_h6s7f70p2n5.txt,BBLCT,7,6,29,2,900.0,5,17.2,12,41.4,8,885.09,0.2,1,true,completed
BZ_h6s7f70p2n6.txt,BBLCT,7,6,29,2,900.0,2,6.9,7,24.1,6,579.77,177.9,15358,true,completed
BZ_h6s7f70p2n7.txt,BBLCT,7,6,29,2,900.0,5,17.2,11,37.9,8,899.48,23.6,2293,true,completed
BZ_h6s7f70p2n8.txt,BBLCT,7,6,29,2,900.0,10,34.5,29,100.0,7,826.45,0.2,1,true,completed
BZ_h6s7f70p2n9.txt,BBLCT,7,6,29,2,900.0,11,37.9,15,51.7,7,850.23,0.2,1,true,completed
BZ_h6s7f70p3n1.txt,BBLCT,7,6,29,3,900.0,4,13.8,9,31.0,7,834.89,113.2,7807,true,completed
BZ_h6s7f70p3n10.txt,BBLCT,7,6,29,3,900.0,6,20.7,14,48.3,8,897.07,2288.0,154686,true,completed
BZ_h6s7f70p3n11.txt,BBLCT,7,6,29,3,900.0,1,3.4,9,31.0,8,899.42,20.1,1520,true,completed
BZ_h6s7f70p3n12.txt,BBLCT,7,6,29,3,900.0,2,6.9,7,24.1,6,627.73,1635.1,194453,true,completed
BZ_h6s7f70p3n13.txt,BBLCT,7,6,29,3,900.0,2,6.9,6,20.7,7,803.20,0.3,1,true,completed
BZ_h6s7f70p3n14.txt,BBLCT,7,6,29,3,900.0,1,3.4,4,13.8,7,884.55,0.3,1,true,completed
BZ_h6s7f70p3n15.txt,BBLCT,7,6,29,3,900.0,1,3.4,18,62.1,7,774.36,381.1,28174,true,completed
BZ_h6s7f70p3n16.txt,BBLCT,7,6,29,3,900.0,3,10.3,8,27.6,8,848.03,4.4,317,true,completed
BZ_h6s7f70p3n17.txt,BBLCT,7,6,29,3,900.0,3,10.3,10,34.5,6,722.84,0.3,1,true,completed
BZ_h6s7f70p3n18.txt,BBLCT,7,6,29,3,900.0,2,6.9,6,20.7,8,893.92,4.4,329,true,completed
BZ_h6s7f70p3n19.txt,BBLCT,7,6,29,3,900.0,2,6.9,10,34.5,8,872.52,8.6,593,true,completed
BZ_h6s7f70p3n2.txt,BBLCT,7,6,29,3,900.0,4,13.8,7,24.1,8,851.66,3.3,333,true,completed
BZ_h6s7f70p3n20.txt,BBLCT,7,6,29,3,900.0,6,20.7,10,34.5,7,876.44,49.9,3765,true,completed
BZ_h6s7f70p3n3.txt,BBLCT,7,6,29,3,900.0,3,10.3,9,31.0,9,899.44,1700.8,134405,true,completed
BZ_h6s7f70p3n4.txt,BBLCT,7,6,29,3,900.0,3,10.3,10,34.5,8,896.26,185.9,13179,true,completed
BZ_h6s7f70p3n5.txt,BBLCT,7,6,29,3,900.0,3,10.3,8,27.6,7,736.86,125.3,9896,true,completed
BZ_h6s7f70p3n6.txt,BBLCT,7,6,29,3,900.0,1,3.4,15,51.7,6,712.99,825.9,63193,true,completed
BZ_h6s7f70p3n7.txt,BBLCT,7,6,29,3,900.0,7,24.1,13,44.8,7,860.22,116.3,8937,true,completed
BZ_h6s7f70p3n8.txt,BBLCT,7,6,29,3,900.0,2,6.9,9,31.0,7,787.13,2.5,288,true,completed
BZ_h6s7f70p3n9.txt,BBLCT,7,6,29,3,900.0,4,13.8,8,27.6,6,595.32,213.3,16999,true,completed
BZ_h6s7f70p6n1.txt,BBLCT,7,6,29,6,900.0,1,3.4,6,20.7,7,779.80,0.4,3,true,completed
BZ_h6s7f70p6n10.txt,BBLCT,7,6,29,6,900.0,1,3.4,9,31.0,8,851.54,3.4,209,true,completed
BZ_h6s7f70p6n11.txt,BBLCT,7,6,29,6,900.0,0,0.0,7,24.1,7,809.02,0.8,78,true,completed
BZ_h6s7f70p6n12.txt,BBLCT,7,6,29,6,900.0,0,0.0,7,24.1,7,862.58,19.1,1681,true,completed
BZ_h6s7f70p6n13.txt,BBLCT,7,6,29,6,900.0,1,3.4,5,17.2,7,807.32,0.4,1,true,completed
BZ_h6s7f70p6n14.txt,BBLCT,7,6,29,6,900.0,1,3.4,3,10.3,8,847.44,0.6,31,true,completed
BZ_h6s7f70p6n15.txt,BBLCT,7,6,29,6,900.0,1,3.4,6,20.7,8,899.35,975.6,202938,true,completed
BZ_h6s7f70p6n16.txt,BBLCT,7,6,29,6,900.0,2,6.9,8,27.6,6,703.67,1777.8,158754,true,completed
BZ_h6s7f70p6n17.txt,BBLCT,7,6,29,6,900.0,3,10.3,5,17.2,6,781.03,0.4,1,true,completed
BZ_h6s7f70p6n18.txt,BBLCT,7,6,29,6,900.0,0,0.0,12,41.4,8,855.63,1.8,113,true,completed
BZ_h6s7f70p6n19.txt,BBLCT,7,6,29,6,900.0,0,0.0,3,10.3,6,682.27,0.4,1,true,completed
BZ_h6s7f70p6n2.txt,BBLCT,7,6,29,6,900.0,2,6.9,10,34.5,8,864.18,1.6,105,true,completed
BZ_h6s7f70p6n20.txt,BBLCT,7,6,29,6,900.0,1,3.4,4,13.8,5,543.45,2441.3,212153,true,completed
BZ_h6s7f70p6n3.txt,BBLCT,7,6,29,6,900.0,0,0.0,5,17.2,7,836.09,0.4,1,true,completed
BZ_h6s7f70p6n4.txt,BBLCT,7,6,29,6,900.0,1,3.4,8,27.6,6,631.94,665.5,49427,true,completed
BZ_h6s7f70p6n5.txt,BBLCT,7,6,29,6,900.0,1,3.4,7,24.1,6,625.85,596.9,54517,true,completed
BZ_h6s7f70p6n6.txt,BBLCT,7,6,29,6,900.0,0,0.0,9,31.0,8,865.15,14.7,1142,true,completed
BZ_h6s7f70p6n7.txt,BBLCT,7,6,29,6,900.0,2,6.9,5,17.2,7,831.96,0.3,1,true,completed
BZ_h6s7f70p6n8.txt,BBLCT,7,6,29,6,900.0,0,0.0,7,24.1,8,862.53,0.4,1,true,completed
BZ_h6s7f70p6n9.txt,BBLCT,7,6,29,6,900.0,2,6.9,8,27.6,7,790.42,0.4,1,true,completed
BZ_h6s9f50p2n1.txt,BBLCT,9,6,27,2,900.0,6,22.2,10,37.0,6,744.21,0.7,24,true,completed
BZ_h6s9f50p2n10.txt,BBLCT,9,6,27,2,900.0,13,48.1,27,100.0,3,458.23,0.2,1,true,completed
BZ_h6s9f50p2n11.txt,BBLCT,9,6,27,2,900.0,5,18.5,12,44.4,7,858.24,0.2,1,true,completed
BZ_h6s9f50p2n12.txt,BBLCT,9,6,27,2,900.0,8,29.6,27,100.0,6,863.46,0.2,1,true,completed
BZ_h6s9f50p2n13.txt,BBLCT,9,6,27,2,900.0,12,44.4,27,100.0,6,797.95,0.2,1,true,completed
BZ_h6s9f50p2n14.txt,BBLCT,9,6,27,2,900.0,4,14.8,8,29.6,6,764.84,1474.8,56822,true,completed
BZ_h6s9f50p2n15.txt,BBLCT,9,6,27,2,900.0,7,25.9,11,40.7,8,893.28,32.4,2899,true,completed
BZ_h6s9f50p2n16.txt,BBLCT,9,6,27,2,900.0,3,11.1,13,48.1,7,863.31,15.2,1000,true,completed
BZ_h6s9f50p2n17.txt,BBLCT,9,6,27,2,900.0,11,40.7,27,100.0,5,637.01,0.2,1,true,completed
BZ_h6s9f50p2n18.txt,BBLCT,9,6,27,2,900.0,6,22.2,14,51.9,7,868.06,0.2,1,true,completed
BZ_h6s9f50p2n19.txt,BBLCT,9,6,27,2,900.0,9,33.3,14,51.9,4,527.66,2080.8,81242,true,completed
BZ_h6s9f50p2n2.txt,BBLCT,9,6,27,2,900.0,11,40.7,27,100.0,6,795.81,0.2,1,true,completed
BZ_h6s9f50p2n20.txt,BBLCT,9,6,27,2,900.0,3,11.1,12,44.4,7,857.60,0.3,1,true,completed
BZ_h6s9f50p2n3.txt,BBLCT,9,6,27,2,900.0,3,11.1,27,100.0,7,868.72,0.2,1,true,completed
BZ_h6s9f50p2n4.txt,BBLCT,9,6,27,2,900.0,13,48.1,17,63.0,6,795.67,0.4,12,true,completed
BZ_h6s9f50p2n5.txt,BBLCT,9,6,27,2,900.0,5,18.5,13,48.1,7,819.79,0.2,1,true,completed
BZ_h6s9f50p2n6.txt,BBLCT,9,6,27,2,900.0,6,22.2,27,100.0,7,888.68,0.2,1,true,completed
BZ_h6s9f50p2n7.txt,BBLCT,9,6,27,2,900.0,5,18.5,9,33.3,6,793.34,0.3,1,true,completed
BZ_h6s9f50p2n8.txt,BBLCT,9,6,27,2,900.0,2,7.4,10,37.0,7,896.16,16.2,697,true,completed
BZ_h6s9f50p2n9.txt,BBLCT,9,6,27,2,900.0,9,33.3,16,59.3,7,876.71,0.2,1,true,completed
BZ_h6s9f50p3n1.txt,BBLCT,9,6,27,3,900.0,8,29.6,12,44.4,7,853.78,20.7,778,true,completed
BZ_h6s9f50p3n10.txt,BBLCT,9,6,27,3,900.0,2,7.4,12,44.4,8,897.32,845.9,31844,true,completed
BZ_h6s9f50p3n11.txt,BBLCT,9,6,27,3,900.0,5,18.5,19,70.4,5,664.22,64.7,3030,true,completed
BZ_h6s9f50p3n12.txt,BBLCT,9,6,27,3,900.0,4,14.8,10,37.0,6,772.18,137.6,4798,true,completed
BZ_h6s9f50p3n13.txt,BBLCT,9,6,27,3,900.0,5,18.5,10,37.0,6,804.82,0.3,1,true,completed
BZ_h6s9f50p3n14.txt,BBLCT,9,6,27,3,900.0,1,3.7,7,25.9,6,816.67,0.5,12,true,completed
BZ_h6s9f50p3n15.txt,BBLCT,9,6,27,3,900.0,1,3.7,4,14.8,7,864.46,87.7,3275,true,completed
BZ_h6s9f50p3n16.txt,BBLCT,9,6,27,3,900.0,0,0.0,14,51.9,7,866.76,23.2,797,true,completed
BZ_h6s9f50p3n17.txt,BBLCT,9,6,27,3,900.0,4,14.8,8,29.6,6,700.37,13724.0,485634,true,completed
BZ_h6s9f50p3n18.txt,BBLCT,9,6,27,3,900.0,2,7.4,8,29.6,6,699.29,975.0,41584,true,completed
BZ_h6s9f50p3n19.txt,BBLCT,9,6,27,3,900.0,7,25.9,27,100.0,7,857.55,16.0,733,true,completed
BZ_h6s9f50p3n2.txt,BBLCT,9,6,27,3,900.0,4,14.8,9,33.3,5,538.33,210.3,13655,true,completed
BZ_h6s9f50p3n20.txt,BBLCT,9,6,27,3,900.0,8,29.6,27,100.0,4,524.01,0.2,1,true,completed
BZ_h6s9f50p3n3.txt,BBLCT,9,6,27,3,900.0,2,7.4,9,33.3,6,793.29,0.3,1,true,completed
BZ_h6s9f50p3n4.txt,BBLCT,9,6,27,3,900.0,8,29.6,18,66.7,7,862.32,49.3,2234,true,completed
BZ_h6s9f50p3n5.txt,BBLCT,9,6,27,3,900.0,2,7.4,7,25.9,7,899.02,790.4,35141,true,completed
BZ_h6s9f50p3n6.txt,BBLCT,9,6,27,3,900.0,3,11.1,8,29.6,6,735.54,894.9,33767,true,completed
BZ_h6s9f50p3n7.txt,BBLCT,9,6,27,3,900.0,3,11.1,13,48.1,6,823.06,600.8,19399,true,completed
BZ_h6s9f50p3n8.txt,BBLCT,9,6,27,3,900.0,6,22.2,9,33.3,4,499.33,81.0,4752,true,completed
BZ_h6s9f50p3n9.txt,BBLCT,9,6,27,3,900.0,8,29.6,13,48.1,6,803.44,0.4,6,true,completed
BZ_h6s9f50p6n1.txt,BBLCT,9,6,27,6,900.0,5,18.5,7,25.9,6,765.72,2.8,146,true,completed
BZ_h6s9f50p6n10.txt,BBLCT,9,6,27,6,900.0,3,11.1,6,22.2,6,820.13,0.4,1,true,completed
BZ_h6s9f50p6n11.txt,BBLCT,9,6,27,6,900.0,3,11.1,8,29.6,3,376.34,16.3,745,true,completed
BZ_h6s9f50p6n12.txt,BBLCT,9,6,27,6,900.0,1,3.7,11,40.7,6,684.36,7.5,390,true,completed
BZ_h6s9f50p6n13.txt,BBLCT,9,6,27,6,900.0,1,3.7,11,40.7,7,896.76,7.0,269,true,completed
BZ_h6s9f50p6n14.txt,BBLCT,9,6,27,6,900.0,4,14.8,11,40.7,6,860.03,33.1,1062,true,completed
BZ_h6s9f50p6n15.txt,BBLCT,9,6,27,6,900.0,1,3.7,6,22.2,7,880.12,0.4,1,true,completed
BZ_h6s9f50p6n16.txt,BBLCT,9,6,27,6,900.0,0,0.0,7,25.9,7,865.25,1.7,95,true,completed
BZ_h6s9f50p6n17.txt,BBLCT,9,6,27,6,900.0,0,0.0,7,25.9,6,784.75,0.8,24,true,completed
BZ_h6s9f50p6n18.txt,BBLCT,9,6,27,5,900.0,4,14.8,8,29.6,6,787.75,2.7,185,true,completed
BZ_h6s9f50p6n19.txt,BBLCT,9,6,27,6,900.0,3,11.1,7,25.9,7,858.48,5.1,297,true,completed
BZ_h6s9f50p6n2.txt,BBLCT,9,6,27,6,900.0,3,11.1,5,18.5,6,786.40,2.3,88,true,completed
BZ_h6s9f50p6n20.txt,BBLCT,9,6,27,6,900.0,1,3.7,9,33.3,7,898.88,896.0,36329,true,completed
BZ_h6s9f50p6n3.txt,BBLCT,9,6,27,6,900.0,2,7.4,11,40.7,7,837.99,0.4,1,true,completed
BZ_h6s9f50p6n4.txt,BBLCT,9,6,27,6,900.0,1,3.7,6,22.2,6,770.51,19.0,852,true,completed
BZ_h6s9f50p6n5.txt,BBLCT,9,6,27,6,900.0,2,7.4,9,33.3,6,808.67,3.9,164,true,completed
BZ_h6s9f50p6n6.txt,BBLCT,9,6,27,6,900.0,4,14.8,7,25.9,6,768.55,1.7,69,true,completed
BZ_h6s9f50p6n7.txt,BBLCT,9,6,27,6,900.0,1,3.7,4,14.8,6,651.67,7952.5,364729,true,completed
BZ_h6s9f50p6n8.txt,BBLCT,9,6,27,6,900.0,4,14.8,12,44.4,6,831.45,82.9,3758,true,completed
BZ_h6s9f50p6n9.txt,BBLCT,9,6,27,6,900.0,1,3.7,7,25.9,5,603.56,1233.0,56590,true,completed
BZ_h6s9f70p2n1.txt,BBLCT,9,6,37,2,900.0,14,37.8,20,54.1,8,884.10,21.0,767,true,completed
BZ_h6s9f70p2n10.txt,BBLCT,9,6,37,2,900.0,12,32.4,20,54.1,7,673.57,36981.1,1404577,true,completed
BZ_h6s9f70p2n11.txt,BBLCT,9,6,37,2,900.0,13,35.1,17,45.9,7,878.28,145.8,5838,true,completed
BZ_h6s9f70p2n12.txt,BBLCT,9,6,37,2,900.0,2,5.4,13,35.1,8,873.70,0.3,1,true,completed
BZ_h6s9f70p2n13.txt,BBLCT,9,6,37,2,900.0,5,13.5,12,32.4,7,837.58,513.7,23168,true,completed
BZ_h6s9f70p2n14.txt,BBLCT,9,6,37,2,900.0,8,21.6,14,37.8,7,836.00,5654.4,207211,true,completed
BZ_h6s9f70p2n15.txt,BBLCT,9,6,37,2,900.0,3,8.1,13,35.1,8,885.29,118.3,4427,true,completed
BZ_h6s9f70p2n16.txt,BBLCT,9,6,37,2,900.0,5,13.5,12,32.4,6,645.97,93826.0,4102822,true,completed
BZ_h6s9f70p2n17.txt,BBLCT,9,6,37,2,900.0,3,8.1,12,32.4,8,863.96,1339.0,83273,true,completed
BZ_h6s9f70p2n18.txt,BBLCT,9,6,37,2,900.0,5,13.5,11,29.7,7,818.92,7.4,292,true,completed
BZ_h6s9f70p2n19.txt,BBLCT,9,6,37,2,900.0,14,37.8,23,62.2,8,891.52,0.3,1,true,completed
BZ_h6s9f70p2n2.txt,BBLCT,9,6,37,2,900.0,7,18.9,13,35.1,7,744.69,8747.0,337275,true,completed
BZ_h6s9f70p2n20.txt,BBLCT,9,6,37,2,900.0,9,24.3,13,35.1,8,831.73,0.3,1,true,completed
BZ_h6s9f70p2n3.txt,BBLCT,9,6,37,2,900.0,11,29.7,18,48.6,8,848.81,128.1,3877,true,completed
BZ_h6s9f70p2n4.txt,BBLCT,9,6,37,2,900.0,11,29.7,16,43.2,5,573.49,5765.1,243431,true,completed
BZ_h6s9f70p2n5.txt,BBLCT,9,6,37,2,900.0,9,24.3,17,45.9,8,811.01,153.2,5711,true,completed
BZ_h6s9f70p2n6.txt,BBLCT,9,6,37,2,900.0,12,32.4,21,56.8,7,839.72,0.3,1,true,completed
BZ_h6s9f70p2n7.txt,BBLCT,9,6,37,2,900.0,12,32.4,21,56.8,7,837.60,0.3,4,true,completed
BZ_h6s9f70p2n8.txt,BBLCT,9,6,37,2,900.0,3,8.1,14,37.8,8,841.02,7.2,312,true,completed
BZ_h6s9f70p2n9.txt,BBLCT,9,6,37,2,900.0,7,18.9,13,35.1,8,890.59,66.5,2515,true,completed
BZ_h6s9f70p3n1.txt,BBLCT,9,6,37,3,900.0,0,0.0,6,16.2,9,895.74,15768.8,751595,true,completed
BZ_h6s9f70p3n10.txt,BBLCT,9,6,37,3,900.0,3,8.1,8,21.6,8,827.83,415.9,19329,true,completed
BZ_h6s9f70p3n11.txt,BBLCT,9,6,37,3,900.0,3,8.1,20,54.1,8,874.84,1160.3,63710,true,completed
BZ_h6s9f70p3n12.txt,BBLCT,9,6,37,3,900.0,3,8.1,12,32.4,8,887.38,113.2,4699,true,completed
BZ_h6s9f70p3n13.txt,BBLCT,9,6,37,3,900.0,7,18.9,12,32.4,6,576.67,1734.8,101902,true,completed
BZ_h6s9f70p3n14.txt,BBLCT,9,6,37,3,900.0,10,27.0,14,37.8,8,884.54,235.0,8924,true,completed
BZ_h6s9f70p3n15.txt,BBLCT,9,6,37,3,900.0,3,8.1,10,27.0,9,858.55,470.5,18921,true,completed
BZ_h6s9f70p3n16.txt,BBLCT,9,6,37,3,900.0,7,18.9,11,29.7,7,833.42,0.3,1,true,completed
BZ_h6s9f70p3n17.txt,BBLCT,9,6,37,3,900.0,6,16.2,9,24.3,6,672.30,8601.5,371324,true,completed
BZ_h6s9f70p3n18.txt,BBLCT,9,6,37,3,900.0,4,10.8,11,29.7,9,898.62,1562.9,64069,true,completed
BZ_h6s9f70p3n19.txt,BBLCT,9,6,37,3,900.0,8,21.6,12,32.4,5,554.86,3085.1,120864,true,completed
BZ_h6s9f70p3n2.txt,BBLCT,9,6,37,3,900.0,1,2.7,10,27.0,7,859.81,0.3,1,true,completed
BZ_h6s9f70p3n20.txt,BBLCT,9,6,37,3,900.0,3,8.1,8,21.6,4,470.76,97265.3,4321415,true,completed
BZ_h6s9f70p3n3.txt,BBLCT,9,6,37,3,900.0,3,8.1,10,27.0,9,883.53,9.7,369,true,completed
BZ_h6s9f70p3n4.txt,BBLCT,9,6,37,3,900.0,7,18.9,13,35.1,7,726.43,686.8,27541,true,completed
BZ_h6s9f70p3n5.txt,BBLCT,9,6,37,3,900.0,1,2.7,10,27.0,8,868.85,4979.2,212077,true,completed
BZ_h6s9f70p3n6.txt,BBLCT,9,6,37,3,900.0,5,13.5,12,32.4,7,821.45,35.5,1127,true,completed
BZ_h6s9f70p3n7.txt,BBLCT,9,6,37,3,900.0,6,16.2,11,29.7,8,870.95,22.9,776,true,completed
BZ_h6s9f70p3n8.txt,BBLCT,9,6,37,3,900.0,5,13.5,10,27.0,8,873.97,115.0,4790,true,completed
BZ_h6s9f70p3n9.txt,BBLCT,9,6,37,3,900.0,7,18.9,12,32.4,7,810.53,0.3,1,true,completed
BZ_h6s9f70p6n1.txt,BBLCT,9,6,37,6,900.0,1,2.7,5,13.5,6,636.34,48304.0,1990337,true,completed
BZ_h6s9f70p6n10.txt,BBLCT,9,6,37,6,900.0,2,5.4,5,13.5,7,796.77,0.4,1,true,completed
BZ_h6s9f70p6n11.txt,BBLCT,9,6,37,6,900.0,2,5.4,8,21.6,6,649.11,797.7,56733,true,completed
BZ_h6s9f70p6n12.txt,BBLCT,9,6,37,6,900.0,2,5.4,11,29.7,6,737.04,161.2,6737,true,completed
BZ_h6s9f70p6n13.txt,BBLCT,9,6,37,6,900.0,2,5.4,4,10.8,8,884.27,0.4,1,true,completed
BZ_h6s9f70p6n14.txt,BBLCT,9,6,37,6,900.0,0,0.0,5,13.5,8,887.03,80.6,3145,true,completed
BZ_h6s9f70p6n15.txt,BBLCT,9,6,37,6,900.0,1,2.7,5,13.5,7,835.05,0.4,1,true,completed
BZ_h6s9f70p6n16.txt,BBLCT,9,6,37,6,900.0,1,2.7,15,40.5,7,845.23,2.3,128,true,completed
BZ_h6s9f70p6n17.txt,BBLCT,9,6,37,6,900.0,3,8.1,5,13.5,7,801.08,0.4,1,true,completed
BZ_h6s9f70p6n18.txt,BBLCT,9,6,37,6,900.0,1,2.7,6,16.2,8,859.59,18.1,682,true,completed
BZ_h6s9f70p6n19.txt,BBLCT,9,6,37,6,900.0,3,8.1,6,16.2,8,887.64,4.7,290,true,completed
BZ_h6s9f70p6n2.txt,BBLCT,9,6,37,6,900.0,0,0.0,4,10.8,7,791.23,2472.9,123641,true,completed
BZ_h6s9f70p6n20.txt,BBLCT,9,6,37,6,900.0,3,8.1,9,24.3,5,532.32,805.8,53961,true,completed
BZ_h6s9f70p6n3.txt,BBLCT,9,6,37,6,900.0,2,5.4,4,10.8,5,559.80,32671.8,1298012,true,completed
BZ_h6s9f70p6n4.txt,BBLCT,9,6,37,6,900.0,1,2.7,9,24.3,8,874.74,15.6,649,true,completed
BZ_h6s9f70p6n5.txt,BBLCT,9,6,37,6,900.0,5,13.5,10,27.0,9,880.95,170.5,6139,true,completed
BZ_h6s9f70p6n6.txt,BBLCT,9,6,37,6,900.0,0,0.0,5,13.5,8,896.40,24.3,980,true,completed
BZ_h6s9f70p6n7.txt,BBLCT,9,6,37,6,900.0,1,2.7,6,16.2,7,815.90,0.4,1,true,completed
BZ_h6s9f70p6n8.txt,BBLCT,9,6,37,6,900.0,4,10.8,8,21.6,5,525.28,8320.7,315502,true,completed
BZ_h6s9f70p6n9.txt,BBLCT,9,6,37,6,900.0,0,0.0,10,27.0,6,669.79,4575.0,213070,true,completed
BZ_h4s3f50p2n1.txt,BBLCT,3,4,6,2,1200.0,0,0.0,6,100.0,3,316.52,0.1,1,true,completed
BZ_h4s3f50p2n10.txt,BBLCT,3,4,6,2,1200.0,0,0.0,6,100.0,2,215.59,0.1,1,true,completed
BZ_h4s3f50p2n11.txt,BBLCT,3,4,6,2,1200.0,1,16.7,6,100.0,1,108.07,0.1,1,true,completed
BZ_h4s3f50p2n12.txt,BBLCT,3,4,6,2,1200.0,2,33.3,6,100.0,1,102.84,0.1,1,true,completed
BZ_h4s3f50p2n13.txt,BBLCT,3,4,6,2,1200.0,1,16.7,6,100.0,4,444.71,0.2,1,true,completed
BZ_h4s3f50p2n14.txt,BBLCT,3,4,6,2,1200.0,1,16.7,6,100.0,2,212.82,0.1,1,true,completed
BZ_h4s3f50p2n15.txt,BBLCT,3,4,6,2,1200.0,3,50.0,6,100.0,3,335.61,0.2,1,true,completed
BZ_h4s3f50p2n16.txt,BBLCT,3,4,6,2,1200.0,2,33.3,6,100.0,3,311.66,0.2,1,true,completed
BZ_h4s3f50p2n17.txt,BBLCT,3,4,6,2,1200.0,2,33.3,6,100.0,2,233.55,0.2,1,true,completed
BZ_h4s3f50p2n18.txt,BBLCT,3,4,6,2,1200.0,3,50.0,6,100.0,1,120.84,0.2,1,true,completed
BZ_h4s3f50p2n19.txt,BBLCT,3,4,6,2,1200.0,2,33.3,6,100.0,2,219.55,0.1,1,true,completed
BZ_h4s3f50p2n2.txt,BBLCT,3,4,6,2,1200.0,2,33.3,6,100.0,2,197.64,0.2,1,true,completed
BZ_h4s3f50p2n20.txt,BBLCT,3,4,6,2,1200.0,3,50.0,6,100.0,2,228.26,0.2,1,true,completed
BZ_h4s3f50p2n3.txt,BBLCT,3,4,6,2,1200.0,1,16.7,6,100.0,1,108.07,0.2,1,true,completed
BZ_h4s3f50p2n4.txt,BBLCT,3,4,6,2,1200.0,3,50.0,6,100.0,2,236.04,0.2,1,true,completed
BZ_h4s3f50p2n5.txt,BBLCT,3,4,6,2,1200.0,1,16.7,6,100.0,3,284.21,0.2,1,true,completed
BZ_h4s3f50p2n6.txt,BBLCT,3,4,6,2,1200.0,0,0.0,6,100.0,2,212.80,0.2,1,true,completed
BZ_h4s3f50p2n7.txt,BBLCT,3,4,6,2,1200.0,1,16.7,6,100.0,1,104.17,0.2,1,true,completed
BZ_h4s3f50p2n8.txt,BBLCT,3,4,6,2,1200.0,0,0.0,6,100.0,4,429.49,0.2,1,true,completed
BZ_h4s3f50p2n9.txt,BBLCT,3,4,6,2,1200.0,1,16.7,6,100.0,1,95.06,0.2,1,true,completed
BZ_h4s3f50p3n1.txt,BBLCT,3,4,6,3,1200.0,1,16.7,6,100.0,6,640.55,0.2,1,true,completed
BZ_h4s3f50p3n10.txt,BBLCT,3,4,6,3,1200.0,2,33.3,6,100.0,3,308.94,0.2,1,true,completed
BZ_h4s3f50p3n11.txt,BBLCT,3,4,6,3,1200.0,1,16.7,6,100.0,2,201.51,0.2,1,true,completed
BZ_h4s3f50p3n12.txt,BBLCT,3,4,6,3,1200.0,2,33.3,6,100.0,3,305.06,0.2,1,true,completed
BZ_h4s3f50p3n13.txt,BBLCT,3,4,6,3,1200.0,0,0.0,6,100.0,2,218.34,0.2,1,true,completed
BZ_h4s3f50p3n14.txt,BBLCT,3,4,6,3,1200.0,1,16.7,6,100.0,4,425.34,0.2,1,true,completed
BZ_h4s3f50p3n15.txt,BBLCT,3,4,6,3,1200.0,0,0.0,6,100.0,5,548.15,0.2,1,true,completed
BZ_h4s3f50p3n16.txt,BBLCT,3,4,6,3,1200.0,1,16.7,6,100.0,2,228.36,0.2,1,true,completed
BZ_h4s3f50p3n17.txt,BBLCT,3,4,6,3,1200.0,0,0.0,6,100.0,2,212.64,0.2,1,true,completed
BZ_h4s3f50p3n18.txt,BBLCT,3,4,6,3,1200.0,2,33.3,6,100.0,1,102.99,0.2,1,true,completed
BZ_h4s3f50p3n19.txt,BBLCT,3,4,6,3,1200.0,0,0.0,6,100.0,2,214.31,0.2,1,true,completed
BZ_h4s3f50p3n2.txt,BBLCT,3,4,6,3,1200.0,1,16.7,6,100.0,2,211.51,0.2,1,true,completed
BZ_h4s3f50p3n20.txt,BBLCT,3,4,6,3,1200.0,2,33.3,6,100.0,1,126.02,0.2,1,true,completed
BZ_h4s3f50p3n3.txt,BBLCT,3,4,6,3,1200.0,3,50.0,6,100.0,3,297.47,0.2,1,true,completed
BZ_h4s3f50p3n4.txt,BBLCT,3,4,6,3,1200.0,0,0.0,6,100.0,4,422.59,0.2,1,true,completed
BZ_h4s3f50p3n5.txt,BBLCT,3,4,6,3,1200.0,1,16.7,6,100.0,2,193.74,0.2,1,true,completed
BZ_h4s3f50p3n6.txt,BBLCT,3,4,6,3,1200.0,0,0.0,6,100.0,3,284.21,0.2,1,true,completed
BZ_h4s3f50p3n7.txt,BBLCT,3,4,6,2,1200.0,0,0.0,6,100.0,1,109.17,0.1,1,true,completed
BZ_h4s3f50p3n8.txt,BBLCT,3,4,6,3,1200.0,0,0.0,6,100.0,2,215.63,0.2,1,true,completed
BZ_h4s3f50p3n9.txt,BBLCT,3,4,6,3,1200.0,0,0.0,6,100.0,2,236.04,0.2,1,true,completed
BZ_h4s3f50p6n1.txt,BBLCT,3,4,6,6,1200.0,0,0.0,6,100.0,2,215.65,0.2,1,true,completed
BZ_h4s3f50p6n10.txt,BBLCT,3,4,6,6,1200.0,1,16.7,6,100.0,4,411.54,0.2,1,true,completed
BZ_h4s3f50p6n11.txt,BBLCT,3,4,6,6,1200.0,0,0.0,6,100.0,4,407.64,0.2,1,true,completed
BZ_h4s3f50p6n12.txt,BBLCT,3,4,6,6,1200.0,2,33.3,6,100.0,3,351.23,0.2,1,true,completed
BZ_h4s3f50p6n13.txt,BBLCT,3,4,6,5,1200.0,1,16.7,6,100.0,1,99.99,0.2,1,true,completed
BZ_h4s3f50p6n14.txt,BBLCT,3,4,6,6,1200.0,0,0.0,6,100.0,4,407.64,0.2,1,true,completed
BZ_h4s3f50p6n15.txt,BBLCT,3,4,6,6,1200.0,0,0.0,6,100.0,2,233.55,0.2,1,true,completed
BZ_h4s3f50p6n16.txt,BBLCT,3,4,6,5,1200.0,1,16.7,6,100.0,1,125.98,0.2,1,true,completed
BZ_h4s3f50p6n17.txt,BBLCT,3,4,6,6,1200.0,2,33.3,6,100.0,3,351.23,0.2,1,true,completed
BZ_h4s3f50p6n18.txt,BBLCT,3,4,6,6,1200.0,1,16.7,6,100.0,4,447.34,0.2,1,true,completed
BZ_h4s3f50p6n19.txt,BBLCT,3,4,6,6,1200.0,1,16.7,6,100.0,1,110.47,0.2,1,true,completed
BZ_h4s3f50p6n2.txt,BBLCT,3,4,6,6,1200.0,2,33.3,6,100.0,4,439.63,0.2,1,true,completed
BZ_h4s3f50p6n20.txt,BBLCT,3,4,6,4,1200.0,0,0.0,6,100.0,1,102.58,0.2,1,true,completed
BZ_h4s3f50p6n3.txt,BBLCT,3,4,6,5,1200.0,0,0.0,6,100.0,5,545.90,0.2,1,true,completed
BZ_h4s3f50p6n4.txt,BBLCT,3,4,6,5,1200.0,0,0.0,6,100.0,5,511.12,0.2,1,true,completed
BZ_h4s3f50p6n5.txt,BBLCT,3,4,6,6,1200.0,2,33.3,6,100.0,5,537.78,0.2,1,true,completed
BZ_h4s3f50p6n6.txt,BBLCT,3,4,6,6,1200.0,2,33.3,6,100.0,3,310.14,0.2,1,true,completed
BZ_h4s3f50p6n7.txt,BBLCT,3,4,6,5,1200.0,0,0.0,6,100.0,3,316.52,0.2,1,true,completed
BZ_h4s3f50p6n8.txt,BBLCT,3,4,6,6,1200.0,0,0.0,6,100.0,5,553.78,0.2,1,true,completed
BZ_h4s3f50p6n9.txt,BBLCT,3,4,6,6,1200.0,0,0.0,6,100.0,3,348.38,0.2,1,true,completed
BZ_h4s3f70p2n1.txt,BBLCT,3,4,8,2,1200.0,2,25.0,8,100.0,5,499.44,0.2,1,true,completed
BZ_h4s3f70p2n10.txt,BBLCT,3,4,8,2,1200.0,3,37.5,8,100.0,2,200.05,0.2,1,true,completed
BZ_h4s3f70p2n11.txt,BBLCT,3,4,8,2,1200.0,3,37.5,8,100.0,7,686.14,0.2,1,true,completed
BZ_h4s3f70p2n12.txt,BBLCT,3,4,8,2,1200.0,0,0.0,8,100.0,3,284.21,0.1,1,true,completed
BZ_h4s3f70p2n13.txt,BBLCT,3,4,8,2,1200.0,0,0.0,8,100.0,11,1060.09,0.2,1,true,completed
BZ_h4s3f70p2n14.txt,BBLCT,3,4,8,2,1200.0,2,25.0,8,100.0,3,285.72,0.1,1,true,completed
BZ_h4s3f70p2n15.txt,BBLCT,3,4,8,2,1200.0,0,0.0,8,100.0,2,184.64,0.1,1,true,completed
BZ_h4s3f70p2n16.txt,BBLCT,3,4,8,2,1200.0,1,12.5,8,100.0,1,110.47,0.1,1,true,completed
BZ_h4s3f70p2n17.txt,BBLCT,3,4,8,2,1200.0,4,50.0,8,100.0,3,296.09,0.2,1,true,completed
BZ_h4s3f70p2n18.txt,BBLCT,3,4,8,2,1200.0,5,62.5,8,100.0,5,500.55,0.2,1,true,completed
BZ_h4s3f70p2n19.txt,BBLCT,3,4,8,2,1200.0,3,37.5,8,100.0,5,497.03,0.2,1,true,completed
BZ_h4s3f70p2n2.txt,BBLCT,3,4,8,2,1200.0,0,0.0,8,100.0,3,281.98,0.1,1,true,completed
BZ_h4s3f70p2n20.txt,BBLCT,3,4,8,2,1200.0,2,25.0,8,100.0,7,713.04,0.2,1,true,completed
BZ_h4s3f70p2n3.txt,BBLCT,3,4,8,2,1200.0,2,25.0,8,100.0,1,88.54,0.1,1,true,completed
BZ_h4s3f70p2n4.txt,BBLCT,3,4,8,2,1200.0,2,25.0,8,100.0,10,1001.05,0.2,1,true,completed
BZ_h4s3f70p2n5.txt,BBLCT,3,4,8,2,1200.0,5,62.5,8,100.0,5,503.35,0.2,1,true,completed
BZ_h4s3f70p2n6.txt,BBLCT,3,4,8,2,1200.0,3,37.5,8,100.0,3,301.35,0.1,1,true,completed
BZ_h4s3f70p2n7.txt,BBLCT,3,4,8,2,1200.0,2,25.0,8,100.0,2,187.02,0.1,1,true,completed
BZ_h4s3f70p2n8.txt,BBLCT,3,4,8,2,1200.0,1,12.5,8,100.0,5,499.13,0.2,1,true,completed
BZ_h4s3f70p2n9.txt,BBLCT,3,4,8,2,1200.0,0,0.0,8,100.0,1,101.32,0.1,1,true,completed
BZ_h4s3f70p3n1.txt,BBLCT,3,4,8,3,1200.0,0,0.0,8,100.0,3,289.44,0.1,1,true,completed
BZ_h4s3f70p3n10.txt,BBLCT,3,4,8,3,1200.0,2,25.0,8,100.0,1,102.99,0.1,1,true,completed
BZ_h4s3f70p3n11.txt,BBLCT,3,4,8,3,1200.0,0,0.0,8,100.0,12,1151.92,0.2,1,true,completed
BZ_h4s3f70p3n12.txt,BBLCT,3,4,8,3,1200.0,1,12.5,8,100.0,6,603.10,0.2,1,true,completed
BZ_h4s3f70p3n13.txt,BBLCT,3,4,8,3,1200.0,3,37.5,8,100.0,1,108.07,0.1,1,true,completed
BZ_h4s3f70p3n14.txt,BBLCT,3,4,8,3,1200.0,1,12.5,8,100.0,3,289.60,0.2,1,true,completed
BZ_h4s3f70p3n15.txt,BBLCT,3,4,8,3,1200.0,0,0.0,8,100.0,5,464.80,0.2,1,true,completed
BZ_h4s3f70p3n16.txt,BBLCT,3,4,8,3,1200.0,3,37.5,8,100.0,5,499.47,0.2,1,true,completed
BZ_h4s3f70p3n17.txt,BBLCT,3,4,8,3,1200.0,1,12.5,8,100.0,6,598.00,0.2,1,true,completed
BZ_h4s3f70p3n18.txt,BBLCT,3,4,8,3,1200.0,0,0.0,8,100.0,7,646.98,0.2,1,true,completed
BZ_h4s3f70p3n19.txt,BBLCT,3,4,8,3,1200.0,1,12.5,8,100.0,10,1002.81,0.2,1,true,completed
BZ_h4s3f70p3n2.txt,BBLCT,3,4,8,3,1200.0,1,12.5,8,100.0,1,96.39,0.1,1,true,completed
BZ_h4s3f70p3n20.txt,BBLCT,3,4,8,3,1200.0,3,37.5,8,100.0,4,381.61,0.2,1,true,completed
BZ_h4s3f70p3n3.txt,BBLCT,3,4,8,3,1200.0,4,50.0,8,100.0,2,219.55,0.2,1,true,completed
BZ_h4s3f70p3n4.txt,BBLCT,3,4,8,3,1200.0,0,0.0,8,100.0,5,485.11,0.2,1,true,completed
BZ_h4s3f70p3n5.txt,BBLCT,3,4,8,3,1200.0,0,0.0,8,100.0,11,1067.41,0.2,1,true,completed
BZ_h4s3f70p3n6.txt,BBLCT,3,4,8,3,1200.0,2,25.0,8,100.0,4,394.27,0.2,1,true,completed
BZ_h4s3f70p3n7.txt,BBLCT,3,4,8,3,1200.0,0,0.0,8,100.0,5,504.65,0.2,1,true,completed
BZ_h4s3f70p3n8.txt,BBLCT,3,4,8,3,1200.0,0,0.0,8,100.0,11,1082.96,0.2,1,true,completed
BZ_h4s3f70p3n9.txt,BBLCT,3,4,8,3,1200.0,0,0.0,8,100.0,6,575.72,0.2,1,true,completed
BZ_h4s3f70p6n1.txt,BBLCT,3,4,8,6,1200.0,0,0.0,8,100.0,12,1195.90,0.2,1,true,completed
BZ_h4s3f70p6n10.txt,BBLCT,3,4,8,4,1200.0,2,25.0,8,100.0,7,701.47,0.2,1,true,completed
BZ_h4s3f70p6n11.txt,BBLCT,3,4,8,5,1200.0,2,25.0,8,100.0,9,856.20,0.2,1,true,completed
BZ_h4s3f70p6n12.txt,BBLCT,3,4,8,6,1200.0,1,12.5,8,100.0,2,200.16,0.2,1,true,completed
BZ_h4s3f70p6n13.txt,BBLCT,3,4,8,6,1200.0,1,12.5,8,100.0,4,388.15,0.2,1,true,completed
BZ_h4s3f70p6n14.txt,BBLCT,3,4,8,6,1200.0,2,25.0,8,100.0,12,1165.73,0.4,33,true,completed
BZ_h4s3f70p6n15.txt,BBLCT,3,4,8,4,1200.0,1,12.5,8,100.0,10,981.58,0.2,1,true,completed
BZ_h4s3f70p6n16.txt,BBLCT,3,4,8,6,1200.0,6,75.0,8,100.0,4,402.00,0.2,1,true,completed
BZ_h4s3f70p6n17.txt,BBLCT,3,4,8,6,1200.0,0,0.0,8,100.0,8,780.68,0.3,1,true,completed
BZ_h4s3f70p6n18.txt,BBLCT,3,4,8,6,1200.0,0,0.0,8,100.0,12,1199.18,1.1,1109,true,completed
BZ_h4s3f70p6n19.txt,BBLCT,3,4,8,6,1200.0,0,0.0,8,100.0,2,184.64,0.2,1,true,completed
BZ_h4s3f70p6n2.txt,BBLCT,3,4,8,6,1200.0,4,50.0,8,100.0,5,500.60,0.2,1,true,completed
BZ_h4s3f70p6n20.txt,BBLCT,3,4,8,6,1200.0,3,37.5,8,100.0,8,815.80,0.2,1,true,completed
BZ_h4s3f70p6n3.txt,BBLCT,3,4,8,6,1200.0,1,12.5,8,100.0,6,572.22,0.2,1,true,completed
BZ_h4s3f70p6n4.txt,BBLCT,3,4,8,6,1200.0,0,0.0,8,100.0,7,714.84,0.3,1,true,completed
BZ_h4s3f70p6n5.txt,BBLCT,3,4,8,5,1200.0,4,50.0,8,100.0,4,409.72,0.2,1,true,completed
BZ_h4s3f70p6n6.txt,BBLCT,3,4,8,6,1200.0,1,12.5,8,100.0,5,492.98,0.2,1,true,completed
BZ_h4s3f70p6n7.txt,BBLCT,3,4,8,5,1200.0,0,0.0,8,100.0,12,1173.55,0.4,88,true,completed
BZ_h4s3f70p6n8.txt,BBLCT,3,4,8,6,1200.0,0,0.0,8,100.0,5,504.65,0.2,1,true,completed
BZ_h4s3f70p6n9.txt,BBLCT,3,4,8,6,1200.0,0,0.0,8,100.0,2,182.02,0.2,1,true,completed
BZ_h4s5f50p2n1.txt,BBLCT,5,4,10,2,1200.0,3,30.0,10,100.0,2,206.47,0.2,1,true,completed
BZ_h4s5f50p2n10.txt,BBLCT,5,4,10,2,1200.0,4,40.0,10,100.0,3,323.99,0.2,1,true,completed
BZ_h4s5f50p2n11.txt,BBLCT,5,4,10,2,1200.0,0,0.0,10,100.0,5,499.33,0.2,1,true,completed
BZ_h4s5f50p2n12.txt,BBLCT,5,4,10,2,1200.0,0,0.0,10,100.0,5,567.31,0.2,1,true,completed
BZ_h4s5f50p2n13.txt,BBLCT,5,4,10,2,1200.0,3,30.0,10,100.0,2,211.14,0.1,1,true,completed
BZ_h4s5f50p2n14.txt,BBLCT,5,4,10,2,1200.0,1,10.0,10,100.0,3,300.87,0.1,1,true,completed
BZ_h4s5f50p2n15.txt,BBLCT,5,4,10,2,1200.0,3,30.0,10,100.0,4,431.20,0.2,1,true,completed
BZ_h4s5f50p2n16.txt,BBLCT,5,4,10,2,1200.0,2,20.0,10,100.0,2,200.95,0.1,1,true,completed
BZ_h4s5f50p2n17.txt,BBLCT,5,4,10,2,1200.0,3,30.0,10,100.0,5,529.09,0.2,1,true,completed
BZ_h4s5f50p2n18.txt,BBLCT,5,4,10,2,1200.0,2,20.0,10,100.0,5,544.14,0.2,1,true,completed
BZ_h4s5f50p2n19.txt,BBLCT,5,4,10,2,1200.0,2,20.0,10,100.0,1,118.37,0.1,1,true,completed
BZ_h4s5f50p2n2.txt,BBLCT,5,4,10,2,1200.0,3,30.0,10,100.0,1,117.94,0.1,1,true,completed
BZ_h4s5f50p2n20.txt,BBLCT,5,4,10,2,1200.0,1,10.0,10,100.0,4,437.44,0.2,1,true,completed
BZ_h4s5f50p2n3.txt,BBLCT,5,4,10,2,1200.0,2,20.0,10,100.0,3,301.16,0.1,1,true,completed
BZ_h4s5f50p2n4.txt,BBLCT,5,4,10,2,1200.0,4,40.0,10,100.0,2,185.97,0.1,1,true,completed
BZ_h4s5f50p2n5.txt,BBLCT,5,4,10,2,1200.0,6,60.0,10,100.0,3,308.94,0.2,1,true,completed
BZ_h4s5f50p2n6.txt,BBLCT,5,4,10,2,1200.0,2,20.0,10,100.0,3,312.88,0.1,1,true,completed
BZ_h4s5f50p2n7.txt,BBLCT,5,4,10,2,1200.0,1,10.0,10,100.0,2,220.02,0.1,1,true,completed
BZ_h4s5f50p2n8.txt,BBLCT,5,4,10,2,1200.0,1,10.0,10,100.0,2,193.56,0.1,1,true,completed
BZ_h4s5f50p2n9.txt,BBLCT,5,4,10,2,1200.0,5,50.0,10,100.0,1,105.52,0.1,1,true,completed
BZ_h4s5f50p3n1.txt,BBLCT,5,4,10,3,1200.0,1,10.0,10,100.0,1,99.09,0.1,1,true,completed
BZ_h4s5f50p3n10.txt,BBLCT,5,4,10,3,1200.0,1,10.0,10,100.0,3,330.74,0.2,1,true,completed
BZ_h4s5f50p3n11.txt,BBLCT,5,4,10,3,1200.0,2,20.0,10,100.0,3,319.05,0.2,1,true,completed
BZ_h4s5f50p3n12.txt,BBLCT,5,4,10,3,1200.0,3,30.0,10,100.0,1,119.45,0.2,1,true,completed
BZ_h4s5f50p3n13.txt,BBLCT,5,4,10,3,1200.0,6,60.0,10,100.0,2,251.49,0.1,1,true,completed
BZ_h4s5f50p3n14.txt,BBLCT,5,4,10,3,1200.0,3,30.0,10,100.0,2,179.56,0.2,1,true,completed
BZ_h4s5f50p3n15.txt,BBLCT,5,4,10,3,1200.0,2,20.0,10,100.0,4,406.47,0.2,1,true,completed
BZ_h4s5f50p3n16.txt,BBLCT,5,4,10,3,1200.0,1,10.0,10,100.0,6,668.21,0.2,1,true,completed
BZ_h4s5f50p3n17.txt,BBLCT,5,4,10,3,1200.0,3,30.0,10,100.0,2,230.38,0.2,1,true,completed
BZ_h4s5f50p3n18.txt,BBLCT,5,4,10,3,1200.0,0,0.0,10,100.0,3,306.65,0.2,1,true,completed
BZ_h4s5f50p3n19.txt,BBLCT,5,4,10,3,1200.0,1,10.0,10,100.0,3,302.25,0.2,1,true,completed
BZ_h4s5f50p3n2.txt,BBLCT,5,4,10,3,1200.0,2,20.0,10,100.0,3,305.16,0.2,1,true,completed
BZ_h4s5f50p3n20.txt,BBLCT,5,4,10,3,1200.0,1,10.0,10,100.0,3,312.62,0.2,1,true,completed
BZ_h4s5f50p3n3.txt,BBLCT,5,4,10,3,1200.0,4,40.0,10,100.0,3,305.08,0.1,1,true,completed
BZ_h4s5f50p3n4.txt,BBLCT,5,4,10,3,1200.0,3,30.0,10,100.0,4,430.42,0.2,1,true,completed
BZ_h4s5f50p3n5.txt,BBLCT,5,4,10,3,1200.0,4,40.0,10,100.0,4,486.75,0.2,1,true,completed
BZ_h4s5f50p3n6.txt,BBLCT,5,4,10,3,1200.0,1,10.0,10,100.0,4,466.45,0.2,1,true,completed
BZ_h4s5f50p3n7.txt,BBLCT,5,4,10,3,1200.0,5,50.0,10,100.0,4,485.37,0.2,1,true,completed
BZ_h4s5f50p3n8.txt,BBLCT,5,4,10,3,1200.0,3,30.0,10,100.0,2,211.14,0.1,1,true,completed
BZ_h4s5f50p3n9.txt,BBLCT,5,4,10,3,1200.0,5,50.0,10,100.0,4,443.76,0.2,1,true,completed
BZ_h4s5f50p6n1.txt,BBLCT,5,4,10,5,1200.0,3,30.0,10,100.0,3,338.21,0.2,1,true,completed
BZ_h4s5f50p6n10.txt,BBLCT,5,4,10,6,1200.0,4,40.0,10,100.0,2,209.47,0.2,1,true,completed
BZ_h4s5f50p6n11.txt,BBLCT,5,4,10,6,1200.0,2,20.0,10,100.0,5,537.59,0.2,1,true,completed
BZ_h4s5f50p6n12.txt,BBLCT,5,4,10,6,1200.0,0,0.0,10,100.0,2,216.80,0.2,1,true,completed
BZ_h4s5f50p6n13.txt,BBLCT,5,4,10,6,1200.0,2,20.0,10,100.0,3,324.01,0.2,1,true,completed
BZ_h4s5f50p6n14.txt,BBLCT,5,4,10,6,1200.0,2,20.0,10,100.0,4,458.88,0.2,1,true,completed
BZ_h4s5f50p6n15.txt,BBLCT,5,4,10,5,1200.0,0,0.0,10,100.0,5,531.82,0.2,1,true,completed
BZ_h4s5f50p6n16.txt,BBLCT,5,4,10,6,1200.0,3,30.0,10,100.0,2,224.35,0.2,1,true,completed
BZ_h4s5f50p6n17.txt,BBLCT,5,4,10,6,1200.0,0,0.0,10,100.0,5,557.29,0.2,1,true,completed
BZ_h4s5f50p6n18.txt,BBLCT,5,4,10,6,1200.0,0,0.0,10,100.0,5,516.44,0.2,1,true,completed
BZ_h4s5f50p6n19.txt,BBLCT,5,4,10,6,1200.0,1,10.0,10,100.0,3,340.87,0.2,1,true,completed
BZ_h4s5f50p6n2.txt,BBLCT,5,4,10,6,1200.0,2,20.0,10,100.0,2,197.64,0.2,1,true,completed
BZ_h4s5f50p6n20.txt,BBLCT,5,4,10,5,1200.0,2,20.0,10,100.0,2,214.36,0.2,1,true,completed
BZ_h4s5f50p6n3.txt,BBLCT,5,4,10,6,1200.0,3,30.0,10,100.0,2,239.97,0.2,1,true,completed
BZ_h4s5f50p6n4.txt,BBLCT,5,4,10,6,1200.0,0,0.0,10,100.0,7,794.20,0.3,1,true,completed
BZ_h4s5f50p6n5.txt,BBLCT,5,4,10,6,1200.0,0,0.0,10,100.0,1,113.20,0.2,1,true,completed
BZ_h4s5f50p6n6.txt,BBLCT,5,4,10,6,1200.0,1,10.0,10,100.0,6,635.74,0.2,1,true,completed
BZ_h4s5f50p6n7.txt,BBLCT,5,4,10,6,1200.0,0,0.0,10,100.0,6,643.09,0.3,1,true,completed
BZ_h4s5f50p6n8.txt,BBLCT,5,4,10,6,1200.0,1,10.0,10,100.0,6,636.34,0.3,1,true,completed
BZ_h4s5f50p6n9.txt,BBLCT,5,4,10,6,1200.0,0,0.0,10,100.0,6,653.10,0.3,1,true,completed
BZ_h4s5f70p2n1.txt,BBLCT,5,4,14,2,1200.0,4,28.6,14,100.0,3,259.23,0.2,1,true,completed
BZ_h4s5f70p2n10.txt,BBLCT,5,4,14,2,1200.0,4,28.6,14,100.0,2,188.60,0.2,1,true,completed
BZ_h4s5f70p2n11.txt,BBLCT,5,4,14,2,1200.0,4,28.6,14,100.0,4,381.59,0.2,1,true,completed
BZ_h4s5f70p2n12.txt,BBLCT,5,4,14,2,1200.0,3,21.4,14,100.0,2,191.30,0.1,1,true,completed
BZ_h4s5f70p2n13.txt,BBLCT,5,4,14,2,1200.0,2,14.3,14,100.0,4,407.30,0.2,1,true,completed
BZ_h4s5f70p2n14.txt,BBLCT,5,4,14,2,1200.0,4,28.6,14,100.0,6,612.57,0.2,1,true,completed
BZ_h4s5f70p2n15.txt,BBLCT,5,4,14,2,1200.0,6,42.9,14,100.0,3,290.72,0.2,1,true,completed
BZ_h4s5f70p2n16.txt,BBLCT,5,4,14,2,1200.0,8,57.1,14,100.0,6,610.29,0.2,1,true,completed
BZ_h4s5f70p2n17.txt,BBLCT,5,4,14,2,1200.0,5,35.7,14,100.0,4,381.56,0.2,1,true,completed
BZ_h4s5f70p2n18.txt,BBLCT,5,4,14,2,1200.0,7,50.0,14,100.0,4,411.81,0.2,1,true,completed
BZ_h4s5f70p2n19.txt,BBLCT,5,4,14,2,1200.0,1,7.1,14,100.0,2,192.55,0.2,1,true,completed
BZ_h4s5f70p2n2.txt,BBLCT,5,4,14,2,1200.0,9,64.3,14,100.0,1,106.69,0.1,1,true,completed
BZ_h4s5f70p2n20.txt,BBLCT,5,4,14,2,1200.0,4,28.6,14,100.0,2,171.61,0.1,1,true,completed
BZ_h4s5f70p2n3.txt,BBLCT,5,4,14,2,1200.0,3,21.4,14,100.0,4,405.61,0.2,1,true,completed
BZ_h4s5f70p2n4.txt,BBLCT,5,4,14,2,1200.0,7,50.0,14,100.0,1,107.51,0.2,1,true,completed
BZ_h4s5f70p2n5.txt,BBLCT,5,4,14,2,1200.0,6,42.9,14,100.0,4,430.21,0.2,1,true,completed
BZ_h4s5f70p2n6.txt,BBLCT,5,4,14,2,1200.0,1,7.1,14,100.0,2,199.90,0.1,1,true,completed
BZ_h4s5f70p2n7.txt,BBLCT,5,4,14,2,1200.0,3,21.4,14,100.0,10,1038.87,0.2,1,true,completed
BZ_h4s5f70p2n8.txt,BBLCT,5,4,14,2,1200.0,4,28.6,14,100.0,7,743.41,0.2,1,true,completed
BZ_h4s5f70p2n9.txt,BBLCT,5,4,14,2,1200.0,2,14.3,14,100.0,7,712.69,0.2,1,true,completed
BZ_h4s5f70p3n1.txt,BBLCT,5,4,14,3,1200.0,1,7.1,14,100.0,7,714.59,0.2,1,true,completed
BZ_h4s5f70p3n10.txt,BBLCT,5,4,14,3,1200.0,5,35.7,14,100.0,4,464.77,0.2,1,true,completed
BZ_h4s5f70p3n11.txt,BBLCT,5,4,14,3,1200.0,1,7.1,14,100.0,9,892.98,0.3,1,true,completed
BZ_h4s5f70p3n12.txt,BBLCT,5,4,14,3,1200.0,3,21.4,14,100.0,8,803.68,0.3,1,true,completed
BZ_h4s5f70p3n13.txt,BBLCT,5,4,14,3,1200.0,4,28.6,14,100.0,5,495.28,0.2,1,true,completed
BZ_h4s5f70p3n14.txt,BBLCT,5,4,14,3,1200.0,1,7.1,14,100.0,4,363.44,0.2,1,true,completed
BZ_h4s5f70p3n15.txt,BBLCT,5,4,14,3,1200.0,0,0.0,14,100.0,4,410.87,0.2,1,true,completed
BZ_h4s5f70p3n16.txt,BBLCT,5,4,14,3,1200.0,4,28.6,14,100.0,7,682.42,0.2,1,true,completed
BZ_h4s5f70p3n17.txt,BBLCT,5,4,14,3,1200.0,1,7.1,14,100.0,10,1064.84,0.3,1,true,completed
BZ_h4s5f70p3n18.txt,BBLCT,5,4,14,3,1200.0,2,14.3,14,100.0,9,924.31,0.3,1,true,completed
BZ_h4s5f70p3n19.txt,BBLCT,5,4,14,3,1200.0,3,21.4,14,100.0,8,792.10,0.3,1,true,completed
BZ_h4s5f70p3n2.txt,BBLCT,5,4,14,3,1200.0,3,21.4,14,100.0,7,668.72,0.3,1,true,completed
BZ_h4s5f70p3n20.txt,BBLCT,5,4,14,3,1200.0,8,57.1,14,100.0,4,383.46,0.2,1,true,completed
BZ_h4s5f70p3n3.txt,BBLCT,5,4,14,3,1200.0,3,21.4,14,100.0,3,334.45,0.2,1,true,completed
BZ_h4s5f70p3n4.txt,BBLCT,5,4,14,3,1200.0,3,21.4,14,100.0,4,386.59,0.2,1,true,completed
BZ_h4s5f70p3n5.txt,BBLCT,5,4,14,3,1200.0,1,7.1,14,100.0,10,994.82,0.2,1,true,completed
BZ_h4s5f70p3n6.txt,BBLCT,5,4,14,3,1200.0,1,7.1,14,100.0,7,709.00,0.3,1,true,completed
BZ_h4s5f70p3n7.txt,BBLCT,5,4,14,3,1200.0,3,21.4,14,100.0,6,598.06,0.2,1,true,completed
BZ_h4s5f70p3n8.txt,BBLCT,5,4,14,3,1200.0,5,35.7,14,100.0,3,285.54,0.2,1,true,completed
BZ_h4s5f70p3n9.txt,BBLCT,5,4,14,3,1200.0,2,14.3,14,100.0,4,392.81,0.2,1,true,completed
BZ_h4s5f70p6n1.txt,BBLCT,5,4,14,6,1200.0,0,0.0,14,100.0,11,1148.56,0.4,1,true,completed
BZ_h4s5f70p6n10.txt,BBLCT,5,4,14,6,1200.0,2,14.3,14,100.0,12,1177.11,0.4,1,true,completed
BZ_h4s5f70p6n11.txt,BBLCT,5,4,14,6,1200.0,0,0.0,14,100.0,9,952.09,0.4,1,true,completed
BZ_h4s5f70p6n12.txt,BBLCT,5,4,14,6,1200.0,2,14.3,14,100.0,11,1114.64,0.4,1,true,completed
BZ_h4s5f70p6n13.txt,BBLCT,5,4,14,6,1200.0,0,0.0,14,100.0,6,666.42,0.3,1,true,completed
BZ_h4s5f70p6n14.txt,BBLCT,5,4,14,5,1200.0,2,14.3,14,100.0,6,636.90,0.3,1,true,completed
BZ_h4s5f70p6n15.txt,BBLCT,5,4,14,6,1200.0,0,0.0,14,100.0,9,905.83,0.4,1,true,completed
BZ_h4s5f70p6n16.txt,BBLCT,5,4,14,6,1200.0,1,7.1,14,100.0,5,459.42,0.2,1,true,completed
BZ_h4s5f70p6n17.txt,BBLCT,5,4,14,6,1200.0,1,7.1,14,100.0,6,576.97,0.3,1,true,completed
BZ_h4s5f70p6n18.txt,BBLCT,5,4,14,6,1200.0,0,0.0,14,100.0,9,932.60,0.4,1,true,completed
BZ_h4s5f70p6n19.txt,BBLCT,5,4,14,6,1200.0,2,14.3,14,100.0,4,408.54,0.2,1,true,completed
BZ_h4s5f70p6n2.txt,BBLCT,5,4,14,6,1200.0,3,21.4,14,100.0,9,907.54,0.3,1,true,completed
BZ_h4s5f70p6n20.txt,BBLCT,5,4,14,6,1200.0,0,0.0,14,100.0,5,495.35,0.2,1,true,completed
BZ_h4s5f70p6n3.txt,BBLCT,5,4,14,6,1200.0,0,0.0,14,100.0,8,783.41,0.4,1,true,completed
BZ_h4s5f70p6n4.txt,BBLCT,5,4,14,6,1200.0,3,21.4,14,100.0,7,708.79,0.3,1,true,completed
BZ_h4s5f70p6n5.txt,BBLCT,5,4,14,6,1200.0,0,0.0,14,100.0,9,912.09,0.4,1,true,completed
BZ_h4s5f70p6n6.txt,BBLCT,5,4,14,6,1200.0,4,28.6,14,100.0,10,1006.51,0.3,1,true,completed
BZ_h4s5f70p6n7.txt,BBLCT,5,4,14,6,1200.0,0,0.0,14,100.0,7,708.91,0.3,1,true,completed
BZ_h4s5f70p6n8.txt,BBLCT,5,4,14,6,1200.0,4,28.6,14,100.0,4,414.33,0.2,1,true,completed
BZ_h4s5f70p6n9.txt,BBLCT,5,4,14,6,1200.0,1,7.1,14,100.0,9,947.88,0.4,1,true,completed
BZ_h4s7f50p2n1.txt,BBLCT,7,4,14,2,1200.0,7,50.0,14,100.0,3,322.28,0.2,1,true,completed
BZ_h4s7f50p2n10.txt,BBLCT,7,4,14,2,1200.0,5,35.7,14,100.0,2,218.84,0.1,1,true,completed
BZ_h4s7f50p2n11.txt,BBLCT,7,4,14,2,1200.0,5,35.7,14,100.0,1,107.68,0.1,1,true,completed
BZ_h4s7f50p2n12.txt,BBLCT,7,4,14,2,1200.0,5,35.7,14,100.0,2,183.18,0.1,1,true,completed
BZ_h4s7f50p2n13.txt,BBLCT,7,4,14,2,1200.0,3,21.4,14,100.0,6,610.98,0.2,1,true,completed
BZ_h4s7f50p2n14.txt,BBLCT,7,4,14,2,1200.0,2,14.3,14,100.0,5,502.09,0.2,1,true,completed
BZ_h4s7f50p2n15.txt,BBLCT,7,4,14,2,1200.0,7,50.0,14,100.0,6,619.83,0.2,1,true,completed
BZ_h4s7f50p2n16.txt,BBLCT,7,4,14,2,1200.0,2,14.3,14,100.0,3,316.82,0.2,1,true,completed
BZ_h4s7f50p2n17.txt,BBLCT,7,4,14,2,1200.0,3,21.4,14,100.0,7,771.09,0.2,1,true,completed
BZ_h4s7f50p2n18.txt,BBLCT,7,4,14,2,1200.0,5,35.7,14,100.0,4,398.96,0.2,1,true,completed
BZ_h4s7f50p2n19.txt,BBLCT,7,4,14,2,1200.0,4,28.6,14,100.0,5,556.04,0.2,1,true,completed
BZ_h4s7f50p2n2.txt,BBLCT,7,4,14,2,1200.0,6,42.9,14,100.0,1,93.95,0.1,1,true,completed
BZ_h4s7f50p2n20.txt,BBLCT,7,4,14,2,1200.0,5,35.7,14,100.0,2,184.12,0.1,1,true,completed
BZ_h4s7f50p2n3.txt,BBLCT,7,4,14,2,1200.0,8,57.1,14,100.0,3,334.68,0.2,1,true,completed
BZ_h4s7f50p2n4.txt,BBLCT,7,4,14,2,1200.0,3,21.4,14,100.0,2,193.39,0.1,1,true,completed
BZ_h4s7f50p2n5.txt,BBLCT,7,4,14,2,1200.0,3,21.4,14,100.0,2,192.29,0.1,1,true,completed
BZ_h4s7f50p2n6.txt,BBLCT,7,4,14,2,1200.0,3,21.4,14,100.0,6,611.74,0.2,1,true,completed
BZ_h4s7f50p2n7.txt,BBLCT,7,4,14,2,1200.0,3,21.4,14,100.0,6,637.81,0.2,1,true,completed
BZ_h4s7f50p2n8.txt,BBLCT,7,4,14,2,1200.0,4,28.6,14,100.0,2,218.10,0.1,1,true,completed
BZ_h4s7f50p2n9.txt,BBLCT,7,4,14,2,1200.0,7,50.0,14,100.0,2,237.33,0.1,1,true,completed
BZ_h4s7f50p3n1.txt,BBLCT,7,4,14,3,1200.0,3,21.4,14,100.0,6,635.45,0.2,1,true,completed
BZ_h4s7f50p3n10.txt,BBLCT,7,4,14,3,1200.0,1,7.1,14,100.0,3,320.68,0.2,1,true,completed
BZ_h4s7f50p3n11.txt,BBLCT,7,4,14,3,1200.0,4,28.6,14,100.0,4,430.35,0.2,1,true,completed
BZ_h4s7f50p3n12.txt,BBLCT,7,4,14,3,1200.0,2,14.3,14,100.0,5,527.45,0.2,1,true,completed
BZ_h4s7f50p3n13.txt,BBLCT,7,4,14,3,1200.0,4,28.6,14,100.0,4,483.88,0.2,1,true,completed
BZ_h4s7f50p3n14.txt,BBLCT,7,4,14,3,1200.0,1,7.1,14,100.0,6,652.20,0.2,1,true,completed
BZ_h4s7f50p3n15.txt,BBLCT,7,4,14,3,1200.0,1,7.1,14,100.0,4,421.68,0.2,1,true,completed
BZ_h4s7f50p3n16.txt,BBLCT,7,4,14,3,1200.0,2,14.3,14,100.0,3,286.80,0.2,1,true,completed
BZ_h4s7f50p3n17.txt,BBLCT,7,4,14,3,1200.0,2,14.3,14,100.0,2,200.02,0.2,1,true,completed
BZ_h4s7f50p3n18.txt,BBLCT,7,4,14,3,1200.0,8,57.1,14,100.0,2,245.15,0.2,1,true,completed
BZ_h4s7f50p3n19.txt,BBLCT,7,4,14,3,1200.0,3,21.4,14,100.0,4,434.07,0.2,1,true,completed
BZ_h4s7f50p3n2.txt,BBLCT,7,4,14,3,1200.0,5,35.7,14,100.0,6,623.58,0.2,1,true,completed
BZ_h4s7f50p3n20.txt,BBLCT,7,4,14,3,1200.0,2,14.3,14,100.0,5,523.58,0.2,1,true,completed
BZ_h4s7f50p3n3.txt,BBLCT,7,4,14,3,1200.0,1,7.1,14,100.0,6,656.55,0.2,1,true,completed
BZ_h4s7f50p3n4.txt,BBLCT,7,4,14,3,1200.0,3,21.4,14,100.0,7,713.19,0.2,1,true,completed
BZ_h4s7f50p3n5.txt,BBLCT,7,4,14,3,1200.0,4,28.6,14,100.0,4,431.34,0.2,1,true,completed
BZ_h4s7f50p3n6.txt,BBLCT,7,4,14,3,1200.0,5,35.7,14,100.0,3,319.07,0.2,1,true,completed
BZ_h4s7f50p3n7.txt,BBLCT,7,4,14,3,1200.0,2,14.3,14,100.0,2,219.28,0.2,1,true,completed
BZ_h4s7f50p3n8.txt,BBLCT,7,4,14,3,1200.0,0,0.0,14,100.0,4,418.91,0.2,1,true,completed
BZ_h4s7f50p3n9.txt,BBLCT,7,4,14,3,1200.0,7,50.0,14,100.0,3,314.30,0.2,1,true,completed
BZ_h4s7f50p6n1.txt,BBLCT,7,4,14,5,1200.0,2,14.3,14,100.0,5,519.87,0.3,1,true,completed
BZ_h4s7f50p6n10.txt,BBLCT,7,4,14,6,1200.0,1,7.1,14,100.0,4,411.95,0.2,1,true,completed
BZ_h4s7f50p6n11.txt,BBLCT,7,4,14,6,1200.0,1,7.1,14,100.0,6,612.68,0.3,1,true,completed
BZ_h4s7f50p6n12.txt,BBLCT,7,4,14,6,1200.0,3,21.4,14,100.0,4,422.97,0.2,1,true,completed
BZ_h4s7f50p6n13.txt,BBLCT,7,4,14,6,1200.0,0,0.0,14,100.0,5,557.66,0.3,1,true,completed
BZ_h4s7f50p6n14.txt,BBLCT,7,4,14,6,1200.0,5,35.7,14,100.0,2,214.27,0.2,1,true,completed
BZ_h4s7f50p6n15.txt,BBLCT,7,4,14,6,1200.0,0,0.0,14,100.0,7,758.64,0.4,1,true,completed
BZ_h4s7f50p6n16.txt,BBLCT,7,4,14,6,1200.0,2,14.3,14,100.0,4,454.40,0.2,1,true,completed
BZ_h4s7f50p6n17.txt,BBLCT,7,4,14,6,1200.0,2,14.3,14,100.0,6,622.27,0.3,1,true,completed
BZ_h4s7f50p6n18.txt,BBLCT,7,4,14,6,1200.0,0,0.0,14,100.0,5,541.47,0.2,1,true,completed
BZ_h4s7f50p6n19.txt,BBLCT,7,4,14,6,1200.0,0,0.0,14,100.0,5,558.41,0.2,1,true,completed
BZ_h4s7f50p6n2.txt,BBLCT,7,4,14,6,1200.0,4,28.6,14,100.0,1,125.16,0.2,1,true,completed
BZ_h4s7f50p6n20.txt,BBLCT,7,4,14,6,1200.0,1,7.1,14,100.0,5,536.35,0.3,1,true,completed
BZ_h4s7f50p6n3.txt,BBLCT,7,4,14,6,1200.0,1,7.1,14,100.0,5,488.83,0.3,1,true,completed
BZ_h4s7f50p6n4.txt,BBLCT,7,4,14,6,1200.0,5,35.7,14,100.0,5,546.15,0.3,1,true,completed
BZ_h4s7f50p6n5.txt,BBLCT,7,4,14,6,1200.0,1,7.1,14,100.0,2,224.82,0.2,1,true,completed
BZ_h4s7f50p6n6.txt,BBLCT,7,4,14,6,1200.0,5,35.7,14,100.0,8,945.28,0.3,1,true,completed
BZ_h4s7f50p6n7.txt,BBLCT,7,4,14,6,1200.0,0,0.0,14,100.0,3,295.70,0.2,1,true,completed
BZ_h4s7f50p6n8.txt,BBLCT,7,4,14,6,1200.0,0,0.0,14,100.0,7,762.45,0.4,1,true,completed
BZ_h4s7f50p6n9.txt,BBLCT,7,4,14,6,1200.0,3,21.4,14,100.0,4,439.12,0.2,1,true,completed
BZ_h4s7f70p2n1.txt,BBLCT,7,4,19,2,1200.0,8,42.1,19,100.0,4,443.74,0.2,1,true,completed
BZ_h4s7f70p2n10.txt,BBLCT,7,4,19,2,1200.0,8,42.1,19,100.0,1,101.56,0.1,1,true,completed
BZ_h4s7f70p2n11.txt,BBLCT,7,4,19,2,1200.0,4,21.1,19,100.0,4,390.08,0.2,1,true,completed
BZ_h4s7f70p2n12.txt,BBLCT,7,4,19,2,1200.0,5,26.3,19,100.0,5,512.06,0.2,1,true,completed
BZ_h4s7f70p2n13.txt,BBLCT,7,4,19,2,1200.0,8,42.1,19,100.0,6,590.79,0.2,1,true,completed
BZ_h4s7f70p2n14.txt,BBLCT,7,4,19,2,1200.0,4,21.1,19,100.0,2,193.10,0.1,1,true,completed
BZ_h4s7f70p2n15.txt,BBLCT,7,4,19,2,1200.0,7,36.8,19,100.0,6,611.55,0.2,1,true,completed
BZ_h4s7f70p2n16.txt,BBLCT,7,4,19,2,1200.0,4,21.1,19,100.0,10,1103.34,0.2,1,true,completed
BZ_h4s7f70p2n17.txt,BBLCT,7,4,19,2,1200.0,4,21.1,19,100.0,3,271.93,0.2,1,true,completed
BZ_h4s7f70p2n18.txt,BBLCT,7,4,19,2,1200.0,1,5.3,19,100.0,9,920.35,0.3,1,true,completed
BZ_h4s7f70p2n19.txt,BBLCT,7,4,19,2,1200.0,4,21.1,19,100.0,7,769.95,0.2,1,true,completed
BZ_h4s7f70p2n2.txt,BBLCT,7,4,19,2,1200.0,4,21.1,19,100.0,8,918.50,0.2,1,true,completed
BZ_h4s7f70p2n20.txt,BBLCT,7,4,19,2,1200.0,5,26.3,19,100.0,9,940.85,0.2,1,true,completed
BZ_h4s7f70p2n3.txt,BBLCT,7,4,19,2,1200.0,9,47.4,19,100.0,2,184.55,0.2,1,true,completed
BZ_h4s7f70p2n4.txt,BBLCT,7,4,19,2,1200.0,6,31.6,19,100.0,5,520.86,0.2,1,true,completed
BZ_h4s7f70p2n5.txt,BBLCT,7,4,19,2,1200.0,8,42.1,19,100.0,1,95.87,0.2,1,true,completed
BZ_h4s7f70p2n6.txt,BBLCT,7,4,19,2,1200.0,2,10.5,19,100.0,10,1087.51,0.3,1,true,completed
BZ_h4s7f70p2n7.txt,BBLCT,7,4,19,2,1200.0,9,47.4,19,100.0,8,876.52,0.2,1,true,completed
BZ_h4s7f70p2n8.txt,BBLCT,7,4,19,2,1200.0,10,52.6,19,100.0,2,215.24,0.2,1,true,completed
BZ_h4s7f70p2n9.txt,BBLCT,7,4,19,2,1200.0,4,21.1,19,100.0,2,193.92,0.1,1,true,completed
BZ_h4s7f70p3n1.txt,BBLCT,7,4,19,3,1200.0,4,21.1,19,100.0,2,213.04,0.2,1,true,completed
BZ_h4s7f70p3n10.txt,BBLCT,7,4,19,3,1200.0,4,21.1,19,100.0,8,815.66,0.3,1,true,completed
BZ_h4s7f70p3n11.txt,BBLCT,7,4,19,3,1200.0,3,15.8,19,100.0,6,625.52,0.2,1,true,completed
BZ_h4s7f70p3n12.txt,BBLCT,7,4,19,3,1200.0,4,21.1,19,100.0,4,452.04,0.2,1,true,completed
BZ_h4s7f70p3n13.txt,BBLCT,7,4,19,3,1200.0,2,10.5,19,100.0,3,301.85,0.2,1,true,completed
BZ_h4s7f70p3n14.txt,BBLCT,7,4,19,3,1200.0,10,52.6,19,100.0,7,721.04,0.2,1,true,completed
BZ_h4s7f70p3n15.txt,BBLCT,7,4,19,3,1200.0,2,10.5,19,100.0,8,883.36,0.3,1,true,completed
BZ_h4s7f70p3n16.txt,BBLCT,7,4,19,3,1200.0,1,5.3,13,68.4,11,1133.05,378.8,65161,true,completed
BZ_h4s7f70p3n17.txt,BBLCT,7,4,19,3,1200.0,3,15.8,11,57.9,9,881.28,19574.4,2525474,true,completed
BZ_h4s7f70p3n18.txt,BBLCT,7,4,19,3,1200.0,6,31.6,19,100.0,9,935.50,0.3,1,true,completed
BZ_h4s7f70p3n19.txt,BBLCT,7,4,19,3,1200.0,9,47.4,19,100.0,4,438.17,0.2,1,true,completed
BZ_h4s7f70p3n2.txt,BBLCT,7,4,19,3,1200.0,0,0.0,19,100.0,6,643.01,0.2,1,true,completed
BZ_h4s7f70p3n20.txt,BBLCT,7,4,19,3,1200.0,6,31.6,19,100.0,7,782.77,0.2,1,true,completed
BZ_h4s7f70p3n3.txt,BBLCT,7,4,19,3,1200.0,4,21.1,19,100.0,9,961.65,0.6,1,true,completed
BZ_h4s7f70p3n4.txt,BBLCT,7,4,19,3,1200.0,1,5.3,19,100.0,3,315.93,0.2,1,true,completed
BZ_h4s7f70p3n5.txt,BBLCT,7,4,19,3,1200.0,1,5.3,19,100.0,8,786.02,0.3,1,true,completed
BZ_h4s7f70p3n6.txt,BBLCT,7,4,19,3,1200.0,4,21.1,19,100.0,8,843.99,0.3,1,true,completed
BZ_h4s7f70p3n7.txt,BBLCT,7,4,19,3,1200.0,5,26.3,19,100.0,7,790.80,0.2,1,true,completed
BZ_h4s7f70p3n8.txt,BBLCT,7,4,19,3,1200.0,2,10.5,8,42.1,9,931.60,6105.0,895478,true,completed
BZ_h4s7f70p3n9.txt,BBLCT,7,4,19,3,1200.0,4,21.1,19,100.0,6,615.05,0.2,1,true,completed
BZ_h4s7f70p6n1.txt,BBLCT,7,4,19,6,1200.0,2,10.5,19,100.0,9,930.25,0.5,1,true,completed
BZ_h4s7f70p6n10.txt,BBLCT,7,4,19,6,1200.0,1,5.3,19,100.0,11,1159.53,0.5,1,true,completed
BZ_h4s7f70p6n11.txt,BBLCT,7,4,19,6,1200.0,1,5.3,19,100.0,11,1168.69,0.5,1,true,completed
BZ_h4s7f70p6n12.txt,BBLCT,7,4,19,6,1200.0,3,15.8,19,100.0,6,608.28,0.4,1,true,completed
BZ_h4s7f70p6n13.txt,BBLCT,7,4,19,6,1200.0,0,0.0,19,100.0,11,1199.85,9581.2,969486,true,completed
BZ_h4s7f70p6n14.txt,BBLCT,7,4,19,6,1200.0,0,0.0,19,100.0,7,714.75,0.4,1,true,completed
BZ_h4s7f70p6n15.txt,BBLCT,7,4,19,6,1200.0,2,10.5,19,100.0,10,1061.29,0.5,1,true,completed
BZ_h4s7f70p6n16.txt,BBLCT,7,4,19,6,1200.0,0,0.0,19,100.0,8,782.34,0.5,1,true,completed
BZ_h4s7f70p6n17.txt,BBLCT,7,4,19,6,1200.0,2,10.5,19,100.0,5,553.56,0.3,1,true,completed
BZ_h4s7f70p6n18.txt,BBLCT,7,4,19,6,1200.0,0,0.0,19,100.0,11,1193.46,77.5,10953,true,completed
BZ_h4s7f70p6n19.txt,BBLCT,7,4,19,6,1200.0,0,0.0,19,100.0,9,952.52,0.4,1,true,completed
BZ_h4s7f70p6n2.txt,BBLCT,7,4,19,6,1200.0,1,5.3,19,100.0,10,1127.54,0.5,1,true,completed
BZ_h4s7f70p6n20.txt,BBLCT,7,4,19,6,1200.0,2,10.5,19,100.0,7,736.08,0.3,1,true,completed
BZ_h4s7f70p6n3.txt,BBLCT,7,4,19,6,1200.0,2,10.5,19,100.0,11,1183.10,0.5,1,true,completed
BZ_h4s7f70p6n4.txt,BBLCT,7,4,19,6,1200.0,1,5.3,19,100.0,5,482.31,0.3,1,true,completed
BZ_h4s7f70p6n5.txt,BBLCT,7,4,19,6,1200.0,0,0.0,19,100.0,5,486.47,0.3,1,true,completed
BZ_h4s7f70p6n6.txt,BBLCT,7,4,19,6,1200.0,3,15.8,19,100.0,9,989.31,0.4,1,true,completed
BZ_h4s7f70p6n7.txt,BBLCT,7,4,19,6,1200.0,0,0.0,19,100.0,8,829.75,0.4,1,true,completed
BZ_h4s7f70p6n8.txt,BBLCT,7,4,19,6,1200.0,1,5.3,19,100.0,5,517.87,0.3,1,true,completed
BZ_h4s7f70p6n9.txt,BBLCT,7,4,19,6,1200.0,1,5.3,19,100.0,9,912.15,0.4,1,true,completed
BZ_h4s9f50p2n1.txt,BBLCT,9,4,18,2,1200.0,6,33.3,18,100.0,2,225.37,0.1,1,true,completed
BZ_h4s9f50p2n10.txt,BBLCT,9,4,18,2,1200.0,8,44.4,18,100.0,3,308.66,0.2,1,true,completed
BZ_h4s9f50p2n11.txt,BBLCT,9,4,18,2,1200.0,1,5.6,18,100.0,4,421.60,0.2,1,true,completed
BZ_h4s9f50p2n12.txt,BBLCT,9,4,18,2,1200.0,3,16.7,18,100.0,4,420.31,0.2,1,true,completed
BZ_h4s9f50p2n13.txt,BBLCT,9,4,18,2,1200.0,7,38.9,18,100.0,5,547.42,0.2,1,true,completed
BZ_h4s9f50p2n14.txt,BBLCT,9,4,18,2,1200.0,9,50.0,18,100.0,2,216.21,0.2,1,true,completed
BZ_h4s9f50p2n15.txt,BBLCT,9,4,18,2,1200.0,6,33.3,18,100.0,1,126.67,0.1,1,true,completed
BZ_h4s9f50p2n16.txt,BBLCT,9,4,18,2,1200.0,5,27.8,18,100.0,5,511.28,0.2,1,true,completed
BZ_h4s9f50p2n17.txt,BBLCT,9,4,18,2,1200.0,6,33.3,18,100.0,4,410.31,0.2,1,true,completed
BZ_h4s9f50p2n18.txt,BBLCT,9,4,18,2,1200.0,3,16.7,18,100.0,5,525.38,0.2,1,true,completed
BZ_h4s9f50p2n19.txt,BBLCT,9,4,18,2,1200.0,4,22.2,18,100.0,4,440.65,0.2,1,true,completed
BZ_h4s9f50p2n2.txt,BBLCT,9,4,18,2,1200.0,2,11.1,18,100.0,3,304.29,0.2,1,true,completed
BZ_h4s9f50p2n20.txt,BBLCT,9,4,18,2,1200.0,3,16.7,18,100.0,2,208.51,0.2,1,true,completed
BZ_h4s9f50p2n3.txt,BBLCT,9,4,18,2,1200.0,8,44.4,18,100.0,4,422.76,0.2,1,true,completed
BZ_h4s9f50p2n4.txt,BBLCT,9,4,18,2,1200.0,7,38.9,18,100.0,7,752.45,0.2,1,true,completed
BZ_h4s9f50p2n5.txt,BBLCT,9,4,18,2,1200.0,7,38.9,18,100.0,2,203.60,0.1,1,true,completed
BZ_h4s9f50p2n6.txt,BBLCT,9,4,18,2,1200.0,6,33.3,18,100.0,6,643.32,0.2,1,true,completed
BZ_h4s9f50p2n7.txt,BBLCT,9,4,18,2,1200.0,9,50.0,18,100.0,1,102.58,0.1,1,true,completed
BZ_h4s9f50p2n8.txt,BBLCT,9,4,18,2,1200.0,7,38.9,18,100.0,3,322.43,0.2,1,true,completed
BZ_h4s9f50p2n9.txt,BBLCT,9,4,18,2,1200.0,10,55.6,18,100.0,3,349.95,0.1,1,true,completed
BZ_h4s9f50p3n1.txt,BBLCT,9,4,18,3,1200.0,5,27.8,18,100.0,6,641.89,0.3,1,true,completed
BZ_h4s9f50p3n10.txt,BBLCT,9,4,18,3,1200.0,0,0.0,18,100.0,8,828.41,0.3,1,true,completed
BZ_h4s9f50p3n11.txt,BBLCT,9,4,18,3,1200.0,5,27.8,18,100.0,6,635.85,0.2,1,true,completed
BZ_h4s9f50p3n12.txt,BBLCT,9,4,18,3,1200.0,5,27.8,18,100.0,7,775.24,0.3,1,true,completed
BZ_h4s9f50p3n13.txt,BBLCT,9,4,18,3,1200.0,3,16.7,18,100.0,4,436.80,0.2,1,true,completed
BZ_h4s9f50p3n14.txt,BBLCT,9,4,18,3,1200.0,3,16.7,18,100.0,3,346.69,0.2,1,true,completed
BZ_h4s9f50p3n15.txt,BBLCT,9,4,18,3,1200.0,4,22.2,18,100.0,4,424.85,0.2,1,true,completed
BZ_h4s9f50p3n16.txt,BBLCT,9,4,18,3,1200.0,5,27.8,18,100.0,4,375.51,0.2,1,true,completed
BZ_h4s9f50p3n17.txt,BBLCT,9,4,18,3,1200.0,5,27.8,18,100.0,4,453.62,0.2,1,true,completed
BZ_h4s9f50p3n18.txt,BBLCT,9,4,18,3,1200.0,1,5.6,18,100.0,7,775.81,0.3,1,true,completed
BZ_h4s9f50p3n19.txt,BBLCT,9,4,18,3,1200.0,3,16.7,18,100.0,8,914.07,0.3,1,true,completed
BZ_h4s9f50p3n2.txt,BBLCT,9,4,18,3,1200.0,3,16.7,18,100.0,7,729.36,0.3,1,true,completed
BZ_h4s9f50p3n20.txt,BBLCT,9,4,18,3,1200.0,7,38.9,18,100.0,3,353.07,0.2,1,true,completed
BZ_h4s9f50p3n3.txt,BBLCT,9,4,18,3,1200.0,5,27.8,18,100.0,2,241.20,0.2,1,true,completed
BZ_h4s9f50p3n4.txt,BBLCT,9,4,18,3,1200.0,0,0.0,18,100.0,6,645.97,0.2,1,true,completed
BZ_h4s9f50p3n5.txt,BBLCT,9,4,18,3,1200.0,6,33.3,18,100.0,3,346.03,0.2,1,true,completed
BZ_h4s9f50p3n6.txt,BBLCT,9,4,18,3,1200.0,5,27.8,18,100.0,1,134.39,0.1,1,true,completed
BZ_h4s9f50p3n7.txt,BBLCT,9,4,18,3,1200.0,3,16.7,18,100.0,4,435.29,0.2,1,true,completed
BZ_h4s9f50p3n8.txt,BBLCT,9,4,18,3,1200.0,0,0.0,18,100.0,5,554.21,0.2,1,true,completed
BZ_h4s9f50p3n9.txt,BBLCT,9,4,18,3,1200.0,2,11.1,18,100.0,4,422.57,0.2,1,true,completed
BZ_h4s9f50p6n1.txt,BBLCT,9,4,18,6,1200.0,8,44.4,18,100.0,4,472.80,0.2,1,true,completed
BZ_h4s9f50p6n10.txt,BBLCT,9,4,18,6,1200.0,2,11.1,18,100.0,8,864.07,0.5,1,true,completed
BZ_h4s9f50p6n11.txt,BBLCT,9,4,18,5,1200.0,3,16.7,18,100.0,6,675.51,0.4,1,true,completed
BZ_h4s9f50p6n12.txt,BBLCT,9,4,18,6,1200.0,3,16.7,18,100.0,7,769.95,0.4,1,true,completed
BZ_h4s9f50p6n13.txt,BBLCT,9,4,18,6,1200.0,2,11.1,18,100.0,7,729.24,0.3,1,true,completed
BZ_h4s9f50p6n14.txt,BBLCT,9,4,18,6,1200.0,3,16.7,18,100.0,6,671.29,0.4,1,true,completed
BZ_h4s9f50p6n15.txt,BBLCT,9,4,18,6,1200.0,0,0.0,18,100.0,4,430.51,0.2,1,true,completed
BZ_h4s9f50p6n16.txt,BBLCT,9,4,18,6,1200.0,1,5.6,18,100.0,8,904.77,0.6,1,true,completed
BZ_h4s9f50p6n17.txt,BBLCT,9,4,18,6,1200.0,2,11.1,18,100.0,7,709.72,0.4,1,true,completed
BZ_h4s9f50p6n18.txt,BBLCT,9,4,18,6,1200.0,3,16.7,18,100.0,6,636.29,0.4,1,true,completed
BZ_h4s9f50p6n19.txt,BBLCT,9,4,18,6,1200.0,2,11.1,18,100.0,6,646.46,0.4,1,true,completed
BZ_h4s9f50p6n2.txt,BBLCT,9,4,18,6,1200.0,0,0.0,18,100.0,6,693.54,0.4,1,true,completed
BZ_h4s9f50p6n20.txt,BBLCT,9,4,18,6,1200.0,1,5.6,18,100.0,5,566.61,0.3,1,true,completed
BZ_h4s9f50p6n3.txt,BBLCT,9,4,18,6,1200.0,3,16.7,18,100.0,11,1183.32,0.5,1,true,completed
BZ_h4s9f50p6n4.txt,BBLCT,9,4,18,6,1200.0,1,5.6,18,100.0,8,881.75,0.5,1,true,completed
BZ_h4s9f50p6n5.txt,BBLCT,9,4,18,6,1200.0,1,5.6,18,100.0,7,736.84,0.4,1,true,completed
BZ_h4s9f50p6n6.txt,BBLCT,9,4,18,6,1200.0,0,0.0,18,100.0,5,544.47,0.3,1,true,completed
BZ_h4s9f50p6n7.txt,BBLCT,9,4,18,6,1200.0,1,5.6,18,100.0,7,757.50,0.5,1,true,completed
BZ_h4s9f50p6n8.txt,BBLCT,9,4,18,6,1200.0,5,27.8,18,100.0,8,924.15,0.5,1,true,completed
BZ_h4s9f50p6n9.txt,BBLCT,9,4,18,6,1200.0,2,11.1,18,100.0,7,824.67,0.4,1,true,completed
BZ_h4s9f70p2n1.txt,BBLCT,9,4,25,2,1200.0,12,48.0,25,100.0,6,671.93,0.2,1,true,completed
BZ_h4s9f70p2n10.txt,BBLCT,9,4,25,2,1200.0,9,36.0,25,100.0,7,781.99,0.2,1,true,completed
BZ_h4s9f70p2n11.txt,BBLCT,9,4,25,2,1200.0,7,28.0,25,100.0,3,297.99,0.2,1,true,completed
BZ_h4s9f70p2n12.txt,BBLCT,9,4,25,2,1200.0,9,36.0,25,100.0,6,642.35,0.2,1,true,completed
BZ_h4s9f70p2n13.txt,BBLCT,9,4,25,2,1200.0,2,8.0,25,100.0,10,1061.75,0.2,1,true,completed
BZ_h4s9f70p2n14.txt,BBLCT,9,4,25,2,1200.0,8,32.0,25,100.0,8,798.35,0.2,1,true,completed
BZ_h4s9f70p2n15.txt,BBLCT,9,4,25,2,1200.0,9,36.0,25,100.0,11,1150.35,0.3,1,true,completed
BZ_h4s9f70p2n16.txt,BBLCT,9,4,25,2,1200.0,9,36.0,25,100.0,3,319.52,0.1,1,true,completed
BZ_h4s9f70p2n17.txt,BBLCT,9,4,25,2,1200.0,8,32.0,25,100.0,4,393.59,0.2,1,true,completed
BZ_h4s9f70p2n18.txt,BBLCT,9,4,25,2,1200.0,9,36.0,25,100.0,8,894.30,0.2,1,true,completed
BZ_h4s9f70p2n19.txt,BBLCT,9,4,25,2,1200.0,3,12.0,25,100.0,8,896.03,0.2,1,true,completed
BZ_h4s9f70p2n2.txt,BBLCT,9,4,25,2,1200.0,14,56.0,25,100.0,8,830.73,0.2,1,true,completed
BZ_h4s9f70p2n20.txt,BBLCT,9,4,25,2,1200.0,11,44.0,25,100.0,4,435.06,0.2,1,true,completed
BZ_h4s9f70p2n3.txt,BBLCT,9,4,25,2,1200.0,5,20.0,25,100.0,10,1044.94,0.3,1,true,completed
BZ_h4s9f70p2n4.txt,BBLCT,9,4,25,2,1200.0,4,16.0,25,100.0,7,723.10,0.2,1,true,completed
BZ_h4s9f70p2n5.txt,BBLCT,9,4,25,2,1200.0,13,52.0,25,100.0,11,1181.38,10.4,1032,true,completed
BZ_h4s9f70p2n6.txt,BBLCT,9,4,25,2,1200.0,10,40.0,25,100.0,7,710.94,0.2,1,true,completed
BZ_h4s9f70p2n7.txt,BBLCT,9,4,25,2,1200.0,4,16.0,25,100.0,8,786.04,0.2,1,true,completed
BZ_h4s9f70p2n8.txt,BBLCT,9,4,25,2,1200.0,3,12.0,25,100.0,6,567.42,0.2,1,true,completed
BZ_h4s9f70p2n9.txt,BBLCT,9,4,25,2,1200.0,9,36.0,25,100.0,5,489.56,0.2,1,true,completed
BZ_h4s9f70p3n1.txt,BBLCT,9,4,25,3,1200.0,1,4.0,9,36.0,9,930.14,43239.3,3500077,true,completed
BZ_h4s9f70p3n10.txt,BBLCT,9,4,25,3,1200.0,4,16.0,25,100.0,9,1014.66,0.3,1,true,completed
BZ_h4s9f70p3n11.txt,BBLCT,9,4,25,3,1200.0,4,16.0,25,100.0,12,1198.80,18.1,1490,true,completed
BZ_h4s9f70p3n12.txt,BBLCT,9,4,25,3,1200.0,5,20.0,25,100.0,5,489.44,0.2,1,true,completed
BZ_h4s9f70p3n13.txt,BBLCT,9,4,25,3,1200.0,4,16.0,25,100.0,7,792.04,0.3,1,true,completed
BZ_h4s9f70p3n14.txt,BBLCT,9,4,25,3,1200.0,6,24.0,25,100.0,7,719.84,0.3,1,true,completed
BZ_h4s9f70p3n15.txt,BBLCT,9,4,25,3,1200.0,9,36.0,25,100.0,8,817.65,0.3,1,true,completed
BZ_h4s9f70p3n16.txt,BBLCT,9,4,25,3,1200.0,5,20.0,25,100.0,10,1010.57,0.3,1,true,completed
BZ_h4s9f70p3n17.txt,BBLCT,9,4,25,3,1200.0,4,16.0,25,100.0,6,595.46,0.3,1,true,completed
BZ_h4s9f70p3n18.txt,BBLCT,9,4,25,3,1200.0,2,8.0,25,100.0,5,540.40,0.2,1,true,completed
BZ_h4s9f70p3n19.txt,BBLCT,9,4,25,3,1200.0,2,8.0,25,100.0,7,738.65,0.3,1,true,completed
BZ_h4s9f70p3n2.txt,BBLCT,9,4,25,3,1200.0,8,32.0,16,64.0,9,958.57,215531.9,16452188,true,completed
BZ_h4s9f70p3n20.txt,BBLCT,9,4,25,3,1200.0,5,20.0,25,100.0,10,1017.16,0.4,1,true,completed
BZ_h4s9f70p3n3.txt,BBLCT,9,4,25,3,1200.0,6,24.0,25,100.0,8,746.14,0.3,1,true,completed
BZ_h4s9f70p3n4.txt,BBLCT,9,4,25,3,1200.0,5,20.0,18,72.0,12,1199.46,965.4,67249,true,completed
BZ_h4s9f70p3n5.txt,BBLCT,9,4,25,3,1200.0,1,4.0,25,100.0,11,1141.44,0.4,1,true,completed
BZ_h4s9f70p3n6.txt,BBLCT,9,4,25,3,1200.0,2,8.0,17,68.0,12,1198.13,2391973.6,154027007,true,completed
BZ_h4s9f70p3n7.txt,BBLCT,9,4,25,3,1200.0,5,20.0,25,100.0,7,750.30,0.3,1,true,completed
BZ_h4s9f70p3n8.txt,BBLCT,9,4,25,3,1200.0,7,28.0,25,100.0,9,952.02,0.3,1,true,completed
BZ_h4s9f70p3n9.txt,BBLCT,9,4,25,3,1200.0,1,4.0,6,24.0,9,882.56,3595042.9,327854080,false,cpu_limit
BZ_h4s9f70p6n1.txt,BBLCT,9,4,25,6,1200.0,2,8.0,25,100.0,11,1177.89,0.5,1,true,completed
BZ_h4s9f70p6n10.txt,BBLCT,9,4,25,6,1200.0,1,4.0,11,44.0,9,902.96,36009.9,2759299,true,completed
BZ_h4s9f70p6n11.txt,BBLCT,9,4,25,6,1200.0,2,8.0,17,68.0,10,975.29,1842817.6,86842321,true,completed
BZ_h4s9f70p6n12.txt,BBLCT,9,4,25,6,1200.0,3,12.0,25,100.0,7,695.04,0.4,1,true,completed
BZ_h4s9f70p6n13.txt,BBLCT,9,4,25,6,1200.0,4,16.0,25,100.0,12,1189.22,7428.6,381100,true,completed
BZ_h4s9f70p6n14.txt,BBLCT,9,4,25,6,1200.0,3,12.0,16,64.0,11,1177.47,43635.9,2036761,true,completed
BZ_h4s9f70p6n15.txt,BBLCT,9,4,25,6,1200.0,0,0.0,25,100.0,11,1136.69,66.1,3241,true,completed
BZ_h4s9f70p6n16.txt,BBLCT,9,4,25,6,1200.0,2,8.0,25,100.0,8,795.24,0.5,1,true,completed
BZ_h4s9f70p6n17.txt,BBLCT,9,4,25,6,1200.0,1,4.0,25,100.0,9,993.35,0.5,1,true,completed
BZ_h4s9f70p6n18.txt,BBLCT,9,4,25,6,1200.0,5,20.0,25,100.0,9,1001.53,0.6,1,true,completed
BZ_h4s9f70p6n19.txt,BBLCT,9,4,25,6,1200.0,2,8.0,25,100.0,11,1130.11,0.6,1,true,completed
BZ_h4s9f70p6n2.txt,BBLCT,9,4,25,6,1200.0,1,4.0,25,100.0,11,1139.75,0.6,1,true,completed
BZ_h4s9f70p6n20.txt,BBLCT,9,4,25,6,1200.0,2,8.0,11,44.0,12,1185.26,32993.2,2309278,true,completed
BZ_h4s9f70p6n3.txt,BBLCT,9,4,25,6,1200.0,1,4.0,20,80.0,12,1199.27,1428597.8,97808575,true,completed
BZ_h4s9f70p6n4.txt,BBLCT,9,4,25,6,1200.0,3,12.0,12,48.0,10,1033.07,185625.4,11230513,true,completed
BZ_h4s9f70p6n5.txt,BBLCT,9,4,25,6,1200.0,2,8.0,16,64.0,11,1169.92,111757.3,5051390,true,completed
BZ_h4s9f70p6n6.txt,BBLCT,9,4,25,6,1200.0,1,4.0,15,60.0,11,1175.42,18500.0,713475,true,completed
BZ_h4s9f70p6n7.txt,BBLCT,9,4,25,6,1200.0,1,4.0,16,64.0,12,1198.88,96.9,6239,true,completed
BZ_h4s9f70p6n8.txt,BBLCT,9,4,25,6,1200.0,1,4.0,25,100.0,11,1109.16,0.6,1,true,completed
BZ_h4s9f70p6n9.txt,BBLCT,9,4,25,6,1200.0,0,0.0,9,36.0,12,1189.72,1962899.2,164200372,true,completed
BZ_h6s3f50p2n1.txt,BBLCT,3,6,9,2,1200.0,4,44.4,9,100.0,6,762.36,0.2,1,true,completed
BZ_h6s3f50p2n10.txt,BBLCT,3,6,9,2,1200.0,3,33.3,9,100.0,4,514.45,0.2,1,true,completed
BZ_h6s3f50p2n11.txt,BBLCT,3,6,9,2,1200.0,6,66.7,9,100.0,1,159.34,0.1,1,true,completed
BZ_h6s3f50p2n12.txt,BBLCT,3,6,9,2,1200.0,2,22.2,9,100.0,2,252.68,0.1,1,true,completed
BZ_h6s3f50p2n13.txt,BBLCT,3,6,9,2,1200.0,5,55.6,9,100.0,4,484.12,0.2,1,true,completed
BZ_h6s3f50p2n14.txt,BBLCT,3,6,9,2,1200.0,2,22.2,9,100.0,4,532.26,0.2,1,true,completed
BZ_h6s3f50p2n15.txt,BBLCT,3,6,9,2,1200.0,0,0.0,9,100.0,2,259.53,0.1,1,true,completed
BZ_h6s3f50p2n16.txt,BBLCT,3,6,9,2,1200.0,4,44.4,9,100.0,3,394.73,0.2,1,true,completed
BZ_h6s3f50p2n17.txt,BBLCT,3,6,9,2,1200.0,3,33.3,9,100.0,4,503.62,0.2,1,true,completed
BZ_h6s3f50p2n18.txt,BBLCT,3,6,9,2,1200.0,0,0.0,9,100.0,9,1183.74,0.2,1,true,completed
BZ_h6s3f50p2n19.txt,BBLCT,3,6,9,2,1200.0,2,22.2,9,100.0,5,655.25,0.2,1,true,completed
BZ_h6s3f50p2n2.txt,BBLCT,3,6,9,2,1200.0,2,22.2,9,100.0,5,643.26,0.2,1,true,completed
BZ_h6s3f50p2n20.txt,BBLCT,3,6,9,2,1200.0,1,11.1,9,100.0,4,508.98,0.2,1,true,completed
BZ_h6s3f50p2n3.txt,BBLCT,3,6,9,2,1200.0,2,22.2,9,100.0,5,722.67,0.2,1,true,completed
BZ_h6s3f50p2n4.txt,BBLCT,3,6,9,2,1200.0,3,33.3,9,100.0,7,928.98,0.2,1,true,completed
BZ_h6s3f50p2n5.txt,BBLCT,3,6,9,2,1200.0,2,22.2,9,100.0,8,1055.97,0.2,35,true,completed
BZ_h6s3f50p2n6.txt,BBLCT,3,6,9,2,1200.0,3,33.3,9,100.0,4,520.47,0.1,1,true,completed
BZ_h6s3f50p2n7.txt,BBLCT,3,6,9,2,1200.0,4,44.4,9,100.0,1,132.49,0.1,1,true,completed
BZ_h6s3f50p2n8.txt,BBLCT,3,6,9,2,1200.0,1,11.1,9,100.0,8,1073.70,0.2,1,true,completed
BZ_h6s3f50p2n9.txt,BBLCT,3,6,9,2,1200.0,4,44.4,9,100.0,1,146.39,0.1,1,true,completed
BZ_h6s3f50p3n1.txt,BBLCT,3,6,9,3,1200.0,7,77.8,9,100.0,7,895.51,0.2,1,true,completed
BZ_h6s3f50p3n10.txt,BBLCT,3,6,9,3,1200.0,1,11.1,9,100.0,4,533.24,0.4,1,true,completed
BZ_h6s3f50p3n11.txt,BBLCT,3,6,9,3,1200.0,0,0.0,9,100.0,8,1002.10,0.2,1,true,completed
BZ_h6s3f50p3n12.txt,BBLCT,3,6,9,3,1200.0,3,33.3,9,100.0,4,530.47,0.4,1,true,completed
BZ_h6s3f50p3n13.txt,BBLCT,3,6,9,3,1200.0,2,22.2,9,100.0,6,794.89,0.2,1,true,completed
BZ_h6s3f50p3n14.txt,BBLCT,3,6,9,2,1200.0,2,22.2,9,100.0,8,1024.54,0.2,1,true,completed
BZ_h6s3f50p3n15.txt,BBLCT,3,6,9,3,1200.0,1,11.1,9,100.0,6,785.81,0.2,1,true,completed
BZ_h6s3f50p3n16.txt,BBLCT,3,6,9,3,1200.0,5,55.6,9,100.0,3,410.10,0.2,1,true,completed
BZ_h6s3f50p3n17.txt,BBLCT,3,6,9,3,1200.0,1,11.1,9,100.0,8,1051.95,0.2,1,true,completed
BZ_h6s3f50p3n18.txt,BBLCT,3,6,9,3,1200.0,2,22.2,9,100.0,5,633.37,0.2,1,true,completed
BZ_h6s3f50p3n19.txt,BBLCT,3,6,9,3,1200.0,2,22.2,9,100.0,6,798.24,0.2,1,true,completed
BZ_h6s3f50p3n2.txt,BBLCT,3,6,9,3,1200.0,2,22.2,9,100.0,8,1055.64,0.2,1,true,completed
BZ_h6s3f50p3n20.txt,BBLCT,3,6,9,3,1200.0,1,11.1,9,100.0,6,795.83,0.2,1,true,completed
BZ_h6s3f50p3n3.txt,BBLCT,3,6,9,3,1200.0,0,0.0,9,100.0,2,251.35,0.1,1,true,completed
BZ_h6s3f50p3n4.txt,BBLCT,3,6,9,3,1200.0,1,11.1,9,100.0,8,1051.80,0.3,61,true,completed
BZ_h6s3f50p3n5.txt,BBLCT,3,6,9,3,1200.0,0,0.0,9,100.0,5,653.11,0.2,1,true,completed
BZ_h6s3f50p3n6.txt,BBLCT,3,6,9,3,1200.0,1,11.1,9,100.0,8,965.09,0.2,1,true,completed
BZ_h6s3f50p3n7.txt,BBLCT,3,6,9,3,1200.0,0,0.0,9,100.0,3,335.95,0.2,1,true,completed
BZ_h6s3f50p3n8.txt,BBLCT,3,6,9,3,1200.0,0,0.0,9,100.0,7,922.88,0.2,1,true,completed
BZ_h6s3f50p3n9.txt,BBLCT,3,6,9,3,1200.0,1,11.1,9,100.0,7,923.04,0.2,1,true,completed
BZ_h6s3f50p6n1.txt,BBLCT,3,6,9,5,1200.0,1,11.1,9,100.0,6,761.39,0.2,1,true,completed
BZ_h6s3f50p6n10.txt,BBLCT,3,6,9,5,1200.0,0,0.0,9,100.0,9,1162.78,0.2,1,true,completed
BZ_h6s3f50p6n11.txt,BBLCT,3,6,9,6,1200.0,2,22.2,9,100.0,5,643.11,0.2,1,true,completed
BZ_h6s3f50p6n12.txt,BBLCT,3,6,9,6,1200.0,1,11.1,9,100.0,9,1143.68,0.3,1,true,completed
BZ_h6s3f50p6n13.txt,BBLCT,3,6,9,6,1200.0,0,0.0,9,100.0,9,1135.58,0.3,43,true,completed
BZ_h6s3f50p6n14.txt,BBLCT,3,6,9,6,1200.0,3,33.3,9,100.0,10,1196.98,1.3,808,true,completed
BZ_h6s3f50p6n15.txt,BBLCT,3,6,9,6,1200.0,1,11.1,9,100.0,9,1140.82,0.3,1,true,completed
BZ_h6s3f50p6n16.txt,BBLCT,3,6,9,6,1200.0,0,0.0,4,44.4,9,1197.09,1.0,779,true,completed
BZ_h6s3f50p6n17.txt,BBLCT,3,6,9,6,1200.0,0,0.0,6,66.7,9,1154.52,0.6,290,true,completed
BZ_h6s3f50p6n18.txt,BBLCT,3,6,9,6,1200.0,0,0.0,5,55.6,6,792.43,0.7,378,true,completed
BZ_h6s3f50p6n19.txt,BBLCT,3,6,9,6,1200.0,2,22.2,9,100.0,5,630.97,0.2,1,true,completed
BZ_h6s3f50p6n2.txt,BBLCT,3,6,9,6,1200.0,0,0.0,6,66.7,9,1175.22,1.3,807,true,completed
BZ_h6s3f50p6n20.txt,BBLCT,3,6,9,6,1200.0,0,0.0,6,66.7,9,1179.12,1.2,751,true,completed
BZ_h6s3f50p6n3.txt,BBLCT,3,6,9,6,1200.0,1,11.1,9,100.0,6,768.64,0.2,1,true,completed
BZ_h6s3f50p6n4.txt,BBLCT,3,6,9,6,1200.0,1,11.1,4,44.4,9,1161.08,0.8,596,true,completed
BZ_h6s3f50p6n5.txt,BBLCT,3,6,9,6,1200.0,0,0.0,9,100.0,2,259.51,0.2,1,true,completed
BZ_h6s3f50p6n6.txt,BBLCT,3,6,9,6,1200.0,1,11.1,7,77.8,6,712.69,0.6,302,true,completed
BZ_h6s3f50p6n7.txt,BBLCT,3,6,9,6,1200.0,1,11.1,9,100.0,5,612.82,0.2,1,true,completed
BZ_h6s3f50p6n8.txt,BBLCT,3,6,9,6,1200.0,0,0.0,9,100.0,8,1094.33,0.5,260,true,completed
BZ_h6s3f50p6n9.txt,BBLCT,3,6,9,6,1200.0,3,33.3,9,100.0,3,375.97,0.2,1,true,completed
BZ_h6s3f70p2n1.txt,BBLCT,3,6,12,2,1200.0,5,41.7,12,100.0,4,466.28,0.2,1,true,completed
BZ_h6s3f70p2n10.txt,BBLCT,3,6,12,2,1200.0,0,0.0,12,100.0,10,1141.94,0.4,178,true,completed
BZ_h6s3f70p2n11.txt,BBLCT,3,6,12,2,1200.0,2,16.7,12,100.0,9,1002.59,0.2,27,true,completed
BZ_h6s3f70p2n12.txt,BBLCT,3,6,12,2,1200.0,2,16.7,12,100.0,2,221.51,0.1,1,true,completed
BZ_h6s3f70p2n13.txt,BBLCT,3,6,12,2,1200.0,1,8.3,12,100.0,8,940.67,0.2,1,true,completed
BZ_h6s3f70p2n14.txt,BBLCT,3,6,12,2,1200.0,1,8.3,12,100.0,8,927.07,0.2,1,true,completed
BZ_h6s3f70p2n15.txt,BBLCT,3,6,12,2,1200.0,1,8.3,12,100.0,11,1191.46,0.2,48,true,completed
BZ_h6s3f70p2n16.txt,BBLCT,3,6,12,2,1200.0,0,0.0,12,100.0,9,1069.37,0.2,24,true,completed
BZ_h6s3f70p2n17.txt,BBLCT,3,6,12,2,1200.0,2,16.7,12,100.0,7,805.37,0.2,1,true,completed
BZ_h6s3f70p2n18.txt,BBLCT,3,6,12,2,1200.0,2,16.7,12,100.0,10,1128.38,0.2,1,true,completed
BZ_h6s3f70p2n19.txt,BBLCT,3,6,12,2,1200.0,5,41.7,12,100.0,4,444.60,0.2,1,true,completed
BZ_h6s3f70p2n2.txt,BBLCT,3,6,12,2,1200.0,7,58.3,12,100.0,7,818.51,0.2,1,true,completed
BZ_h6s3f70p2n20.txt,BBLCT,3,6,12,2,1200.0,3,25.0,5,41.7,4,421.28,0.5,313,true,completed
BZ_h6s3f70p2n3.txt,BBLCT,3,6,12,2,1200.0,0,0.0,12,100.0,10,1143.82,0.2,1,true,completed
BZ_h6s3f70p2n4.txt,BBLCT,3,6,12,2,1200.0,2,16.7,5,41.7,10,1123.55,0.3,23,true,completed
BZ_h6s3f70p2n5.txt,BBLCT,3,6,12,2,1200.0,3,25.0,6,50.0,6,708.11,2.6,2230,true,completed
BZ_h6s3f70p2n6.txt,BBLCT,3,6,12,2,1200.0,1,8.3,12,100.0,10,1149.23,0.4,191,true,completed
BZ_h6s3f70p2n7.txt,BBLCT,3,6,12,2,1200.0,1,8.3,12,100.0,6,674.89,0.2,1,true,completed
BZ_h6s3f70p2n8.txt,BBLCT,3,6,12,2,1200.0,7,58.3,12,100.0,5,527.21,0.2,1,true,completed
BZ_h6s3f70p2n9.txt,BBLCT,3,6,12,2,1200.0,1,8.3,12,100.0,10,1110.53,0.3,118,true,completed
BZ_h6s3f70p3n1.txt,BBLCT,3,6,12,3,1200.0,2,16.7,12,100.0,2,215.49,0.2,1,true,completed
BZ_h6s3f70p3n10.txt,BBLCT,3,6,12,3,1200.0,2,16.7,12,100.0,7,807.28,0.2,1,true,completed
BZ_h6s3f70p3n11.txt,BBLCT,3,6,12,3,1200.0,3,25.0,12,100.0,2,218.01,0.2,1,true,completed
BZ_h6s3f70p3n12.txt,BBLCT,3,6,12,3,1200.0,1,8.3,7,58.3,10,1084.38,0.3,95,true,completed
BZ_h6s3f70p3n13.txt,BBLCT,3,6,12,3,1200.0,0,0.0,12,100.0,7,813.52,0.2,1,true,completed
BZ_h6s3f70p3n14.txt,BBLCT,3,6,12,3,1200.0,2,16.7,6,50.0,8,917.56,0.7,472,true,completed
BZ_h6s3f70p3n15.txt,BBLCT,3,6,12,3,1200.0,4,33.3,12,100.0,8,936.64,0.2,1,true,completed
BZ_h6s3f70p3n16.txt,BBLCT,3,6,12,3,1200.0,2,16.7,6,50.0,4,456.36,1.1,950,true,completed
BZ_h6s3f70p3n17.txt,BBLCT,3,6,12,3,1200.0,1,8.3,12,100.0,11,1190.50,0.4,110,true,completed
BZ_h6s3f70p3n18.txt,BBLCT,3,6,12,3,1200.0,0,0.0,12,100.0,10,1145.89,0.2,24,true,completed
BZ_h6s3f70p3n19.txt,BBLCT,3,6,12,3,1200.0,0,0.0,12,100.0,9,1016.19,0.2,1,true,completed
BZ_h6s3f70p3n2.txt,BBLCT,3,6,12,3,1200.0,2,16.7,8,66.7,11,1152.70,1.2,712,true,completed
BZ_h6s3f70p3n20.txt,BBLCT,3,6,12,3,1200.0,5,41.7,7,58.3,5,598.12,0.7,450,true,completed
BZ_h6s3f70p3n3.txt,BBLCT,3,6,12,3,1200.0,0,0.0,12,100.0,9,1108.21,0.5,462,true,completed
BZ_h6s3f70p3n4.txt,BBLCT,3,6,12,3,1200.0,1,8.3,4,33.3,8,863.70,3.7,2838,true,completed
BZ_h6s3f70p3n5.txt,BBLCT,3,6,12,3,1200.0,0,0.0,6,50.0,10,1198.13,1.5,1262,true,completed
BZ_h6s3f70p3n6.txt,BBLCT,3,6,12,3,1200.0,1,8.3,2,16.7,3,363.52,0.7,622,true,completed
BZ_h6s3f70p3n7.txt,BBLCT,3,6,12,3,1200.0,0,0.0,8,66.7,10,1068.33,1.2,701,true,completed
BZ_h6s3f70p3n8.txt,BBLCT,3,6,12,3,1200.0,3,25.0,12,100.0,10,1100.93,0.2,1,true,completed
BZ_h6s3f70p3n9.txt,BBLCT,3,6,12,3,1200.0,1,8.3,7,58.3,6,640.66,0.8,497,true,completed
BZ_h6s3f70p6n1.txt,BBLCT,3,6,12,5,1200.0,3,25.0,5,41.7,7,819.82,0.7,493,true,completed
BZ_h6s3f70p6n10.txt,BBLCT,3,6,12,6,1200.0,2,16.7,7,58.3,10,1155.11,0.7,308,true,completed
BZ_h6s3f70p6n11.txt,BBLCT,3,6,12,6,1200.0,0,0.0,3,25.0,5,549.28,1.7,1197,true,completed
BZ_h6s3f70p6n12.txt,BBLCT,3,6,12,6,1200.0,0,0.0,7,58.3,10,1172.16,1.0,623,true,completed
BZ_h6s3f70p6n13.txt,BBLCT,3,6,12,6,1200.0,0,0.0,3,25.0,5,541.51,1.7,1550,true,completed
BZ_h6s3f70p6n14.txt,BBLCT,3,6,12,6,1200.0,2,16.7,7,58.3,8,883.27,2.4,2090,true,completed
BZ_h6s3f70p6n15.txt,BBLCT,3,6,12,6,1200.0,0,0.0,12,100.0,4,425.18,0.2,1,true,completed
BZ_h6s3f70p6n16.txt,BBLCT,3,6,12,6,1200.0,0,0.0,4,33.3,10,1184.65,0.5,215,true,completed
BZ_h6s3f70p6n17.txt,BBLCT,3,6,12,6,1200.0,0,0.0,7,58.3,9,1038.39,2.5,1663,true,completed
BZ_h6s3f70p6n18.txt,BBLCT,3,6,12,6,1200.0,0,0.0,3,25.0,6,708.27,1.1,1063,true,completed
BZ_h6s3f70p6n19.txt,BBLCT,3,6,12,6,1200.0,0,0.0,12,100.0,10,1117.63,0.5,183,true,completed
BZ_h6s3f70p6n2.txt,BBLCT,3,6,12,6,1200.0,1,8.3,12,100.0,10,1163.82,2.1,1337,true,completed
BZ_h6s3f70p6n20.txt,BBLCT,3,6,12,6,1200.0,1,8.3,2,16.7,5,578.88,0.6,360,true,completed
BZ_h6s3f70p6n3.txt,BBLCT,3,6,12,6,1200.0,2,16.7,6,50.0,11,1190.00,1.1,708,true,completed
BZ_h6s3f70p6n4.txt,BBLCT,3,6,12,6,1200.0,1,8.3,5,41.7,8,939.23,0.9,709,true,completed
BZ_h6s3f70p6n5.txt,BBLCT,3,6,12,6,1200.0,0,0.0,12,100.0,8,875.93,0.2,1,true,completed
BZ_h6s3f70p6n6.txt,BBLCT,3,6,12,6,1200.0,0,0.0,12,100.0,10,1079.69,0.5,259,true,completed
BZ_h6s3f70p6n7.txt,BBLCT,3,6,12,6,1200.0,1,8.3,3,25.0,5,579.91,0.6,360,true,completed
BZ_h6s3f70p6n8.txt,BBLCT,3,6,12,6,1200.0,1,8.3,5,41.7,9,1067.99,2.8,2584,true,completed
BZ_h6s3f70p6n9.txt,BBLCT,3,6,12,6,1200.0,1,8.3,7,58.3,10,1164.39,1.5,991,true,completed
BZ_h6s5f50p2n1.txt,BBLCT,5,6,15,2,1200.0,3,20.0,15,100.0,2,233.99,0.1,1,true,completed
BZ_h6s5f50p2n10.txt,BBLCT,5,6,15,2,1200.0,2,13.3,15,100.0,5,706.11,0.2,1,true,completed
BZ_h6s5f50p2n11.txt,BBLCT,5,6,15,2,1200.0,5,33.3,15,100.0,6,833.76,0.2,1,true,completed
BZ_h6s5f50p2n12.txt,BBLCT,5,6,15,2,1200.0,3,20.0,15,100.0,2,235.23,0.1,1,true,completed
BZ_h6s5f50p2n13.txt,BBLCT,5,6,15,2,1200.0,4,26.7,15,100.0,4,453.79,0.1,1,true,completed
BZ_h6s5f50p2n14.txt,BBLCT,5,6,15,2,1200.0,3,20.0,15,100.0,6,764.66,0.2,1,true,completed
BZ_h6s5f50p2n15.txt,BBLCT,5,6,15,2,1200.0,5,33.3,15,100.0,5,638.27,0.2,1,true,completed
BZ_h6s5f50p2n16.txt,BBLCT,5,6,15,2,1200.0,2,13.3,6,40.0,4,516.50,132.5,45839,true,completed
BZ_h6s5f50p2n17.txt,BBLCT,5,6,15,2,1200.0,3,20.0,15,100.0,7,938.34,0.2,1,true,completed
BZ_h6s5f50p2n18.txt,BBLCT,5,6,15,2,1200.0,2,13.3,15,100.0,8,1013.41,0.2,1,true,completed
BZ_h6s5f50p2n19.txt,BBLCT,5,6,15,2,1200.0,4,26.7,15,100.0,5,647.38,0.2,1,true,completed
BZ_h6s5f50p2n2.txt,BBLCT,5,6,15,2,1200.0,6,40.0,15,100.0,5,658.56,0.2,1,true,completed
BZ_h6s5f50p2n20.txt,BBLCT,5,6,15,2,1200.0,6,40.0,15,100.0,6,709.59,0.2,1,true,completed
BZ_h6s5f50p2n3.txt,BBLCT,5,6,15,2,1200.0,9,60.0,15,100.0,2,271.87,0.2,1,true,completed
BZ_h6s5f50p2n4.txt,BBLCT,5,6,15,2,1200.0,3,20.0,15,100.0,4,502.03,0.2,1,true,completed
BZ_h6s5f50p2n5.txt,BBLCT,5,6,15,2,1200.0,3,20.0,15,100.0,5,647.27,0.2,1,true,completed
BZ_h6s5f50p2n6.txt,BBLCT,5,6,15,2,1200.0,6,40.0,15,100.0,6,824.81,0.2,1,true,completed
BZ_h6s5f50p2n7.txt,BBLCT,5,6,15,2,1200.0,6,40.0,15,100.0,2,273.18,0.1,1,true,completed
BZ_h6s5f50p2n8.txt,BBLCT,5,6,15,2,1200.0,4,26.7,15,100.0,3,358.08,0.1,1,true,completed
BZ_h6s5f50p2n9.txt,BBLCT,5,6,15,2,1200.0,2,13.3,15,100.0,8,1059.93,0.2,1,true,completed
BZ_h6s5f50p3n1.txt,BBLCT,5,6,15,3,1200.0,1,6.7,15,100.0,7,909.10,0.2,1,true,completed
BZ_h6s5f50p3n10.txt,BBLCT,5,6,15,3,1200.0,2,13.3,15,100.0,2,272.28,0.2,1,true,completed
BZ_h6s5f50p3n11.txt,BBLCT,5,6,15,3,1200.0,2,13.3,15,100.0,9,1146.01,12.3,3285,true,completed
BZ_h6s5f50p3n12.txt,BBLCT,5,6,15,3,1200.0,4,26.7,15,100.0,9,1155.25,0.2,1,true,completed
BZ_h6s5f50p3n13.txt,BBLCT,5,6,15,3,1200.0,0,0.0,9,60.0,9,1179.44,38.3,6736,true,completed
BZ_h6s5f50p3n14.txt,BBLCT,5,6,15,3,1200.0,1,6.7,15,100.0,8,1096.74,0.2,1,true,completed
BZ_h6s5f50p3n15.txt,BBLCT,5,6,15,3,1200.0,4,26.7,15,100.0,8,1033.57,0.2,1,true,completed
BZ_h6s5f50p3n16.txt,BBLCT,5,6,15,3,1200.0,0,0.0,15,100.0,4,472.77,0.2,1,true,completed
BZ_h6s5f50p3n17.txt,BBLCT,5,6,15,3,1200.0,1,6.7,15,100.0,6,850.65,0.3,1,true,completed
BZ_h6s5f50p3n18.txt,BBLCT,5,6,15,3,1200.0,0,0.0,15,100.0,6,779.96,0.2,1,true,completed
BZ_h6s5f50p3n19.txt,BBLCT,5,6,15,3,1200.0,1,6.7,15,100.0,8,1045.26,0.3,1,true,completed
BZ_h6s5f50p3n2.txt,BBLCT,5,6,15,3,1200.0,1,6.7,15,100.0,5,590.68,0.2,1,true,completed
BZ_h6s5f50p3n20.txt,BBLCT,5,6,15,3,1200.0,1,6.7,15,100.0,6,748.08,0.2,1,true,completed
BZ_h6s5f50p3n3.txt,BBLCT,5,6,15,3,1200.0,1,6.7,15,100.0,7,936.18,0.2,1,true,completed
BZ_h6s5f50p3n4.txt,BBLCT,5,6,15,3,1200.0,2,13.3,15,100.0,8,1127.99,0.3,1,true,completed
BZ_h6s5f50p3n5.txt,BBLCT,5,6,15,3,1200.0,0,0.0,15,100.0,8,1062.44,0.2,1,true,completed
BZ_h6s5f50p3n6.txt,BBLCT,5,6,15,3,1200.0,1,6.7,15,100.0,7,936.61,0.2,1,true,completed
BZ_h6s5f50p3n7.txt,BBLCT,5,6,15,3,1200.0,1,6.7,10,66.7,8,1026.46,1.5,328,true,completed
BZ_h6s5f50p3n8.txt,BBLCT,5,6,15,3,1200.0,3,20.0,15,100.0,6,828.48,0.2,1,true,completed
BZ_h6s5f50p3n9.txt,BBLCT,5,6,15,3,1200.0,2,13.3,15,100.0,9,1188.88,0.3,1,true,completed
BZ_h6s5f50p6n1.txt,BBLCT,5,6,15,6,1200.0,3,20.0,15,100.0,7,882.52,0.3,1,true,completed
BZ_h6s5f50p6n10.txt,BBLCT,5,6,15,5,1200.0,1,6.7,15,100.0,3,378.65,0.2,1,true,completed
BZ_h6s5f50p6n11.txt,BBLCT,5,6,15,6,1200.0,0,0.0,15,100.0,9,1107.91,0.4,1,true,completed
BZ_h6s5f50p6n12.txt,BBLCT,5,6,15,6,1200.0,2,13.3,9,60.0,7,1004.56,267.8,44516,true,completed
BZ_h6s5f50p6n13.txt,BBLCT,5,6,15,6,1200.0,0,0.0,7,46.7,8,1065.44,9.5,3077,true,completed
BZ_h6s5f50p6n14.txt,BBLCT,5,6,15,5,1200.0,0,0.0,5,33.3,7,922.84,1.6,407,true,completed
BZ_h6s5f50p6n15.txt,BBLCT,5,6,15,6,1200.0,1,6.7,15,100.0,4,529.82,0.2,1,true,completed
BZ_h6s5f50p6n16.txt,BBLCT,5,6,15,6,1200.0,0,0.0,8,53.3,9,1191.25,277.6,75735,true,completed
BZ_h6s5f50p6n17.txt,BBLCT,5,6,15,6,1200.0,2,13.3,15,100.0,6,792.04,0.3,1,true,completed
BZ_h6s5f50p6n18.txt,BBLCT,5,6,15,6,1200.0,1,6.7,13,86.7,6,806.88,11.1,2473,true,completed
BZ_h6s5f50p6n19.txt,BBLCT,5,6,15,6,1200.0,1,6.7,15,100.0,9,1192.44,40.1,5014,true,completed
BZ_h6s5f50p6n2.txt,BBLCT,5,6,15,6,1200.0,0,0.0,10,66.7,9,1165.78,72.4,16639,true,completed
BZ_h6s5f50p6n20.txt,BBLCT,5,6,15,6,1200.0,0,0.0,15,100.0,9,1108.29,0.9,181,true,completed
BZ_h6s5f50p6n3.txt,BBLCT,5,6,15,5,1200.0,1,6.7,15,100.0,7,952.99,0.3,1,true,completed
BZ_h6s5f50p6n4.txt,BBLCT,5,6,15,6,1200.0,0,0.0,7,46.7,9,1180.88,35.8,9508,true,completed
BZ_h6s5f50p6n5.txt,BBLCT,5,6,15,6,1200.0,0,0.0,6,40.0,9,1174.76,13.1,2583,true,completed
BZ_h6s5f50p6n6.txt,BBLCT,5,6,15,6,1200.0,0,0.0,15,100.0,9,1161.42,23.9,3897,true,completed
BZ_h6s5f50p6n7.txt,BBLCT,5,6,15,6,1200.0,2,13.3,15,100.0,8,1059.56,0.4,1,true,completed
BZ_h6s5f50p6n8.txt,BBLCT,5,6,15,6,1200.0,0,0.0,9,60.0,9,1149.83,18.1,3439,true,completed
BZ_h6s5f50p6n9.txt,BBLCT,5,6,15,6,1200.0,0,0.0,15,100.0,9,1189.66,2.5,717,true,completed
BZ_h6s5f70p2n1.txt,BBLCT,5,6,21,2,1200.0,4,19.0,9,42.9,9,1007.78,3.4,1158,true,completed
BZ_h6s5f70p2n10.txt,BBLCT,5,6,21,2,1200.0,4,19.0,11,52.4,10,1183.26,1329.4,279864,true,completed
BZ_h6s5f70p2n11.txt,BBLCT,5,6,21,2,1200.0,1,4.8,8,38.1,5,574.54,132.3,40860,true,completed
BZ_h6s5f70p2n12.txt,BBLCT,5,6,21,2,1200.0,3,14.3,21,100.0,10,1116.66,0.2,1,true,completed
BZ_h6s5f70p2n13.txt,BBLCT,5,6,21,2,1200.0,4,19.0,10,47.6,9,1138.69,0.2,1,true,completed
BZ_h6s5f70p2n14.txt,BBLCT,5,6,21,2,1200.0,2,9.5,7,33.3,10,1148.60,599.8,129602,true,completed
BZ_h6s5f70p2n15.txt,BBLCT,5,6,21,2,1200.0,7,33.3,13,61.9,10,1091.96,3.1,744,true,completed
BZ_h6s5f70p2n16.txt,BBLCT,5,6,21,2,1200.0,10,47.6,13,61.9,9,1138.62,4.0,1107,true,completed
BZ_h6s5f70p2n17.txt,BBLCT,5,6,21,2,1200.0,8,38.1,11,52.4,8,900.74,9.0,2370,true,completed
BZ_h6s5f70p2n18.txt,BBLCT,5,6,21,2,1200.0,4,19.0,10,47.6,10,1191.89,0.3,1,true,completed
BZ_h6s5f70p2n19.txt,BBLCT,5,6,21,2,1200.0,5,23.8,21,100.0,5,541.25,0.2,1,true,completed
BZ_h6s5f70p2n2.txt,BBLCT,5,6,21,2,1200.0,7,33.3,21,100.0,5,587.96,0.2,1,true,completed
BZ_h6s5f70p2n20.txt,BBLCT,5,6,21,2,1200.0,4,19.0,9,42.9,10,1193.22,1.2,217,true,completed
BZ_h6s5f70p2n3.txt,BBLCT,5,6,21,2,1200.0,11,52.4,21,100.0,7,782.94,0.2,1,true,completed
BZ_h6s5f70p2n4.txt,BBLCT,5,6,21,2,1200.0,1,4.8,21,100.0,8,952.72,0.2,1,true,completed
BZ_h6s5f70p2n5.txt,BBLCT,5,6,21,2,1200.0,9,42.9,13,61.9,8,866.21,851.9,178449,true,completed
BZ_h6s5f70p2n6.txt,BBLCT,5,6,21,2,1200.0,3,14.3,21,100.0,8,853.23,0.2,1,true,completed
BZ_h6s5f70p2n7.txt,BBLCT,5,6,21,2,1200.0,7,33.3,21,100.0,6,678.87,0.2,1,true,completed
BZ_h6s5f70p2n8.txt,BBLCT,5,6,21,2,1200.0,5,23.8,10,47.6,6,700.50,4.3,1090,true,completed
BZ_h6s5f70p2n9.txt,BBLCT,5,6,21,2,1200.0,8,38.1,21,100.0,8,1016.06,0.2,1,true,completed
BZ_h6s5f70p3n1.txt,BBLCT,5,6,21,3,1200.0,2,9.5,10,47.6,10,1198.95,167.8,33462,true,completed
BZ_h6s5f70p3n10.txt,BBLCT,5,6,21,3,1200.0,3,14.3,8,38.1,10,1188.88,1608.5,325585,true,completed
BZ_h6s5f70p3n11.txt,BBLCT,5,6,21,3,1200.0,4,19.0,10,47.6,10,1197.29,21.8,6718,true,completed
BZ_h6s5f70p3n12.txt,BBLCT,5,6,21,3,1200.0,1,4.8,6,28.6,9,1042.45,0.3,1,true,completed
BZ_h6s5f70p3n13.txt,BBLCT,5,6,21,3,1200.0,8,38.1,21,100.0,6,792.82,0.2,1,true,completed
BZ_h6s5f70p3n14.txt,BBLCT,5,6,21,3,1200.0,2,9.5,8,38.1,7,735.81,400.6,136107,true,completed
BZ_h6s5f70p3n15.txt,BBLCT,5,6,21,3,1200.0,7,33.3,10,47.6,6,736.94,4.0,1084,true,completed
BZ_h6s5f70p3n16.txt,BBLCT,5,6,21,3,1200.0,3,14.3,10,47.6,9,1121.46,314.5,60539,true,completed
BZ_h6s5f70p3n17.txt,BBLCT,5,6,21,3,1200.0,3,14.3,21,100.0,8,934.45,0.3,1,true,completed
BZ_h6s5f70p3n18.txt,BBLCT,5,6,21,3,1200.0,6,28.6,12,57.1,8,999.87,739.3,141609,true,completed
BZ_h6s5f70p3n19.txt,BBLCT,5,6,21,3,1200.0,1,4.8,5,23.8,8,997.19,9720.8,2347540,true,completed
BZ_h6s5f70p3n2.txt,BBLCT,5,6,21,3,1200.0,3,14.3,8,38.1,10,1198.94,0.3,1,true,completed
BZ_h6s5f70p3n20.txt,BBLCT,5,6,21,3,1200.0,7,33.3,21,100.0,11,1198.62,253.5,64254,true,completed
BZ_h6s5f70p3n3.txt,BBLCT,5,6,21,3,1200.0,7,33.3,21,100.0,8,894.29,0.3,1,true,completed
BZ_h6s5f70p3n4.txt,BBLCT,5,6,21,3,1200.0,1,4.8,4,19.0,9,1119.85,0.4,65,true,completed
BZ_h6s5f70p3n5.txt,BBLCT,5,6,21,3,1200.0,2,9.5,21,100.0,10,1155.38,0.8,213,true,completed
BZ_h6s5f70p3n6.txt,BBLCT,5,6,21,3,1200.0,4,19.0,21,100.0,8,964.04,0.3,1,true,completed
BZ_h6s5f70p3n7.txt,BBLCT,5,6,21,3,1200.0,3,14.3,15,71.4,9,1030.24,11.9,3212,true,completed
BZ_h6s5f70p3n8.txt,BBLCT,5,6,21,3,1200.0,2,9.5,13,61.9,8,894.69,821.0,154249,true,completed
BZ_h6s5f70p3n9.txt,BBLCT,5,6,21,3,1200.0,4,19.0,9,42.9,5,564.84,69905.0,18437651,true,completed
BZ_h6s5f70p6n1.txt,BBLCT,5,6,21,6,1200.0,1,4.8,10,47.6,10,1198.91,110.7,20568,true,completed
BZ_h6s5f70p6n10.txt,BBLCT,5,6,21,6,1200.0,0,0.0,6,28.6,8,957.38,5.2,1757,true,completed
BZ_h6s5f70p6n11.txt,BBLCT,5,6,21,6,1200.0,2,9.5,4,19.0,6,676.78,145.4,56565,true,completed
BZ_h6s5f70p6n12.txt,BBLCT,5,6,21,6,1200.0,1,4.8,4,19.0,6,651.78,425.6,138207,true,completed
BZ_h6s5f70p6n13.txt,BBLCT,5,6,21,6,1200.0,2,9.5,10,47.6,11,1198.02,77.3,11355,true,completed
BZ_h6s5f70p6n14.txt,BBLCT,5,6,21,5,1200.0,0,0.0,5,23.8,10,1196.66,294.7,82770,true,completed
BZ_h6s5f70p6n15.txt,BBLCT,5,6,21,6,1200.0,0,0.0,12,57.1,10,1188.63,8.0,1577,true,completed
BZ_h6s5f70p6n16.txt,BBLCT,5,6,21,6,1200.0,1,4.8,6,28.6,7,819.17,264.5,57184,true,completed
BZ_h6s5f70p6n17.txt,BBLCT,5,6,21,5,1200.0,0,0.0,10,47.6,10,1183.05,56.5,9677,true,completed
BZ_h6s5f70p6n18.txt,BBLCT,5,6,21,6,1200.0,1,4.8,8,38.1,9,1072.90,3.1,879,true,completed
BZ_h6s5f70p6n19.txt,BBLCT,5,6,21,6,1200.0,2,9.5,9,42.9,10,1131.05,5.8,1389,true,completed
BZ_h6s5f70p6n2.txt,BBLCT,5,6,21,6,1200.0,0,0.0,8,38.1,9,1109.07,1.3,324,true,completed
BZ_h6s5f70p6n20.txt,BBLCT,5,6,21,6,1200.0,1,4.8,6,28.6,10,1189.46,225.8,46051,true,completed
BZ_h6s5f70p6n3.txt,BBLCT,5,6,21,6,1200.0,1,4.8,5,23.8,9,1176.20,12.6,2878,true,completed
BZ_h6s5f70p6n4.txt,BBLCT,5,6,21,6,1200.0,0,0.0,6,28.6,9,951.96,2211.5,432814,true,completed
BZ_h6s5f70p6n5.txt,BBLCT,5,6,21,6,1200.0,0,0.0,5,23.8,9,1148.87,107.5,26589,true,completed
BZ_h6s5f70p6n6.txt,BBLCT,5,6,21,6,1200.0,0,0.0,8,38.1,11,1197.13,228.3,48106,true,completed
BZ_h6s5f70p6n7.txt,BBLCT,5,6,21,6,1200.0,1,4.8,11,52.4,7,801.21,6657.8,1129427,true,completed
BZ_h6s5f70p6n8.txt,BBLCT,5,6,21,6,1200.0,0,0.0,7,33.3,9,991.01,0.4,1,true,completed
BZ_h6s5f70p6n9.txt,BBLCT,5,6,21,6,1200.0,0,0.0,6,28.6,8,935.27,81.8,19301,true,completed
BZ_h6s7f50p2n1.txt,BBLCT,7,6,21,2,1200.0,4,19.0,21,100.0,5,706.92,0.2,1,true,completed
BZ_h6s7f50p2n10.txt,BBLCT,7,6,21,2,1200.0,4,19.0,12,57.1,7,928.42,181.8,18570,true,completed
BZ_h6s7f50p2n11.txt,BBLCT,7,6,21,2,1200.0,4,19.0,21,100.0,6,767.68,0.2,1,true,completed
BZ_h6s7f50p2n12.txt,BBLCT,7,6,21,2,1200.0,7,33.3,21,100.0,3,376.54,0.2,1,true,completed
BZ_h6s7f50p2n13.txt,BBLCT,7,6,21,2,1200.0,4,19.0,21,100.0,8,1098.35,0.2,1,true,completed
BZ_h6s7f50p2n14.txt,BBLCT,7,6,21,2,1200.0,7,33.3,21,100.0,7,936.90,0.2,1,true,completed
BZ_h6s7f50p2n15.txt,BBLCT,7,6,21,2,1200.0,4,19.0,21,100.0,9,1196.21,8.1,926,true,completed
BZ_h6s7f50p2n16.txt,BBLCT,7,6,21,2,1200.0,10,47.6,21,100.0,1,149.87,0.1,1,true,completed
BZ_h6s7f50p2n17.txt,BBLCT,7,6,21,2,1200.0,9,42.9,21,100.0,5,614.91,0.2,1,true,completed
BZ_h6s7f50p2n18.txt,BBLCT,7,6,21,2,1200.0,7,33.3,21,100.0,5,650.43,0.2,1,true,completed
BZ_h6s7f50p2n19.txt,BBLCT,7,6,21,2,1200.0,3,14.3,9,42.9,8,958.81,71351.9,5426243,true,completed
BZ_h6s7f50p2n2.txt,BBLCT,7,6,21,2,1200.0,8,38.1,21,100.0,6,775.22,0.2,1,true,completed
BZ_h6s7f50p2n20.txt,BBLCT,7,6,21,2,1200.0,7,33.3,11,52.4,8,1089.26,2.3,186,true,completed
BZ_h6s7f50p2n3.txt,BBLCT,7,6,21,2,1200.0,2,9.5,21,100.0,9,1184.22,0.3,1,true,completed
BZ_h6s7f50p2n4.txt,BBLCT,7,6,21,2,1200.0,10,47.6,21,100.0,5,639.99,0.2,1,true,completed
BZ_h6s7f50p2n5.txt,BBLCT,7,6,21,2,1200.0,4,19.0,21,100.0,8,1090.48,0.2,1,true,completed
BZ_h6s7f50p2n6.txt,BBLCT,7,6,21,2,1200.0,13,61.9,21,100.0,6,842.19,0.2,1,true,completed
BZ_h6s7f50p2n7.txt,BBLCT,7,6,21,2,1200.0,8,38.1,21,100.0,9,1191.95,0.2,1,true,completed
BZ_h6s7f50p2n8.txt,BBLCT,7,6,21,2,1200.0,3,14.3,7,33.3,8,1092.73,197.3,25176,true,completed
BZ_h6s7f50p2n9.txt,BBLCT,7,6,21,2,1200.0,5,23.8,21,100.0,6,765.97,0.2,1,true,completed
BZ_h6s7f50p3n1.txt,BBLCT,7,6,21,3,1200.0,4,19.0,21,100.0,7,871.11,0.3,1,true,completed
BZ_h6s7f50p3n10.txt,BBLCT,7,6,21,3,1200.0,2,9.5,21,100.0,8,1125.69,0.3,1,true,completed
BZ_h6s7f50p3n11.txt,BBLCT,7,6,21,3,1200.0,4,19.0,9,42.9,9,1096.06,2.1,227,true,completed
BZ_h6s7f50p3n12.txt,BBLCT,7,6,21,3,1200.0,3,14.3,21,100.0,8,1048.20,0.3,1,true,completed
BZ_h6s7f50p3n13.txt,BBLCT,7,6,21,3,1200.0,2,9.5,21,100.0,9,1183.76,0.3,1,true,completed
BZ_h6s7f50p3n14.txt,BBLCT,7,6,21,3,1200.0,6,28.6,21,100.0,9,1126.48,0.3,1,true,completed
BZ_h6s7f50p3n15.txt,BBLCT,7,6,21,3,1200.0,3,14.3,11,52.4,7,848.39,218.1,21516,true,completed
BZ_h6s7f50p3n16.txt,BBLCT,7,6,21,3,1200.0,4,19.0,21,100.0,3,318.51,0.2,1,true,completed
BZ_h6s7f50p3n17.txt,BBLCT,7,6,21,3,1200.0,2,9.5,12,57.1,8,1174.65,10.0,1028,true,completed
BZ_h6s7f50p3n18.txt,BBLCT,7,6,21,3,1200.0,0,0.0,5,23.8,6,783.26,3516.0,602230,true,completed
BZ_h6s7f50p3n19.txt,BBLCT,7,6,21,3,1200.0,1,4.8,21,100.0,7,971.24,0.3,1,true,completed
BZ_h6s7f50p3n2.txt,BBLCT,7,6,21,3,1200.0,2,9.5,21,100.0,10,1194.53,1.0,260,true,completed
BZ_h6s7f50p3n20.txt,BBLCT,7,6,21,3,1200.0,4,19.0,21,100.0,9,1156.68,0.3,1,true,completed
BZ_h6s7f50p3n3.txt,BBLCT,7,6,21,3,1200.0,2,9.5,21,100.0,8,1072.58,0.3,1,true,completed
BZ_h6s7f50p3n4.txt,BBLCT,7,6,21,3,1200.0,3,14.3,21,100.0,9,1139.36,0.3,1,true,completed
BZ_h6s7f50p3n5.txt,BBLCT,7,6,21,3,1200.0,4,19.0,21,100.0,7,951.41,0.2,1,true,completed
BZ_h6s7f50p3n6.txt,BBLCT,7,6,21,3,1200.0,6,28.6,14,66.7,8,1065.85,359.2,34931,true,completed
BZ_h6s7f50p3n7.txt,BBLCT,7,6,21,3,1200.0,5,23.8,21,100.0,1,145.26,0.1,1,true,completed
BZ_h6s7f50p3n8.txt,BBLCT,7,6,21,3,1200.0,3,14.3,21,100.0,8,1016.71,0.3,1,true,completed
BZ_h6s7f50p3n9.txt,BBLCT,7,6,21,3,1200.0,1,4.8,4,19.0,6,744.68,40848.0,8323467,true,completed
BZ_h6s7f50p6n1.txt,BBLCT,7,6,21,6,1200.0,1,4.8,21,100.0,7,928.34,0.4,1,true,completed
BZ_h6s7f50p6n10.txt,BBLCT,7,6,21,6,1200.0,4,19.0,21,100.0,9,1137.78,1.5,305,true,completed
BZ_h6s7f50p6n11.txt,BBLCT,7,6,21,6,1200.0,3,14.3,13,61.9,9,1195.00,7.3,549,true,completed
BZ_h6s7f50p6n12.txt,BBLCT,7,6,21,6,1200.0,4,19.0,11,52.4,9,1188.49,629.4,36951,true,completed
BZ_h6s7f50p6n13.txt,BBLCT,7,6,21,6,1200.0,0,0.0,21,100.0,8,1171.62,0.4,1,true,completed
BZ_h6s7f50p6n14.txt,BBLCT,7,6,21,6,1200.0,2,9.5,19,90.5,9,1175.55,2785.3,241060,true,completed
BZ_h6s7f50p6n15.txt,BBLCT,7,6,21,6,1200.0,4,19.0,21,100.0,9,1168.94,0.4,1,true,completed
BZ_h6s7f50p6n16.txt,BBLCT,7,6,21,6,1200.0,0,0.0,10,47.6,7,920.31,1410.5,173781,true,completed
BZ_h6s7f50p6n17.txt,BBLCT,7,6,21,6,1200.0,2,9.5,8,38.1,6,825.93,27.5,2385,true,completed
BZ_h6s7f50p6n18.txt,BBLCT,7,6,21,6,1200.0,3,14.3,21,100.0,8,1077.24,0.4,1,true,completed
BZ_h6s7f50p6n19.txt,BBLCT,7,6,21,6,1200.0,3,14.3,11,52.4,7,861.14,92.2,9461,true,completed
BZ_h6s7f50p6n2.txt,BBLCT,7,6,21,6,1200.0,1,4.8,15,71.4,9,1153.35,26.1,2592,true,completed
BZ_h6s7f50p6n20.txt,BBLCT,7,6,21,6,1200.0,1,4.8,10,47.6,9,1169.16,0.4,1,true,completed
BZ_h6s7f50p6n3.txt,BBLCT,7,6,21,6,1200.0,1,4.8,12,57.1,8,1086.31,6.4,615,true,completed
BZ_h6s7f50p6n4.txt,BBLCT,7,6,21,6,1200.0,0,0.0,8,38.1,10,1155.95,5.7,413,true,completed
BZ_h6s7f50p6n5.txt,BBLCT,7,6,21,6,1200.0,2,9.5,21,100.0,9,1171.58,0.4,1,true,completed
BZ_h6s7f50p6n6.txt,BBLCT,7,6,21,6,1200.0,0,0.0,11,52.4,9,1197.40,32.4,2226,true,completed
BZ_h6s7f50p6n7.txt,BBLCT,7,6,21,6,1200.0,0,0.0,8,38.1,9,1119.68,104.9,9328,true,completed
BZ_h6s7f50p6n8.txt,BBLCT,7,6,21,6,1200.0,0,0.0,11,52.4,9,1194.26,533.8,37479,true,completed
BZ_h6s7f50p6n9.txt,BBLCT,7,6,21,6,1200.0,0,0.0,14,66.7,9,1198.95,555.8,35252,true,completed
BZ_h6s7f70p2n1.txt,BBLCT,7,6,29,2,1200.0,12,41.4,29,100.0,10,1174.15,0.5,116,true,completed
BZ_h6s7f70p2n10.txt,BBLCT,7,6,29,2,1200.0,2,6.9,10,34.5,11,1180.86,7037.6,566188,true,completed
BZ_h6s7f70p2n11.txt,BBLCT,7,6,29,2,1200.0,6,20.7,29,100.0,8,911.36,0.2,1,true,completed
BZ_h6s7f70p2n12.txt,BBLCT,7,6,29,2,1200.0,13,44.8,29,100.0,10,1189.56,975.4,106182,true,completed
BZ_h6s7f70p2n13.txt,BBLCT,7,6,29,2,1200.0,1,3.4,9,31.0,10,1180.19,10.2,964,true,completed
BZ_h6s7f70p2n14.txt,BBLCT,7,6,29,2,1200.0,4,13.8,10,34.5,10,1194.64,88.8,10422,true,completed
BZ_h6s7f70p2n15.txt,BBLCT,7,6,29,2,1200.0,9,31.0,29,100.0,10,1118.38,0.5,135,true,completed
BZ_h6s7f70p2n16.txt,BBLCT,7,6,29,2,1200.0,4,13.8,29,100.0,9,1011.50,0.2,1,true,completed
BZ_h6s7f70p2n17.txt,BBLCT,7,6,29,2,1200.0,9,31.0,17,58.6,8,882.83,5010.1,603247,true,completed
BZ_h6s7f70p2n18.txt,BBLCT,7,6,29,2,1200.0,2,6.9,8,27.6,8,821.48,103428.3,9406995,true,completed
BZ_h6s7f70p2n19.txt,BBLCT,7,6,29,2,1200.0,5,17.2,13,44.8,10,1151.30,510774.9,40356738,true,completed
BZ_h6s7f70p2n2.txt,BBLCT,7,6,29,2,1200.0,11,37.9,29,100.0,6,720.56,0.2,1,true,completed
BZ_h6s7f70p2n20.txt,BBLCT,7,6,29,2,1200.0,10,34.5,17,58.6,10,1188.43,402.8,31623,true,completed
BZ_h6s7f70p2n3.txt,BBLCT,7,6,29,2,1200.0,5,17.2,29,100.0,11,1188.19,0.3,1,true,completed
BZ_h6s7f70p2n4.txt,BBLCT,7,6,29,2,1200.0,2,6.9,8,27.6,11,1199.85,3863.6,313705,true,completed
BZ_h6s7f70p2n5.txt,BBLCT,7,6,29,2,1200.0,5,17.2,29,100.0,10,1158.95,0.2,1,true,completed
BZ_h6s7f70p2n6.txt,BBLCT,7,6,29,2,1200.0,2,6.9,8,27.6,11,1150.12,104.9,9049,true,completed
BZ_h6s7f70p2n7.txt,BBLCT,7,6,29,2,1200.0,5,17.2,12,41.4,10,1195.21,1715.6,129584,true,completed
BZ_h6s7f70p2n8.txt,BBLCT,7,6,29,2,1200.0,10,34.5,29,100.0,7,826.45,0.2,1,true,completed
BZ_h6s7f70p2n9.txt,BBLCT,7,6,29,2,1200.0,11,37.9,29,100.0,10,1175.80,0.6,137,true,completed
BZ_h6s7f70p3n1.txt,BBLCT,7,6,29,3,1200.0,4,13.8,10,34.5,10,1175.62,1144.6,82693,true,completed
BZ_h6s7f70p3n10.txt,BBLCT,7,6,29,3,1200.0,6,20.7,16,55.2,9,1014.73,495.3,34301,true,completed
BZ_h6s7f70p3n11.txt,BBLCT,7,6,29,3,1200.0,1,3.4,9,31.0,8,874.47,66331.9,5071679,true,completed
BZ_h6s7f70p3n12.txt,BBLCT,7,6,29,3,1200.0,2,6.9,9,31.0,10,1135.23,0.3,1,true,completed
BZ_h6s7f70p3n13.txt,BBLCT,7,6,29,3,1200.0,2,6.9,13,44.8,9,1041.50,4864.8,407446,true,completed
BZ_h6s7f70p3n14.txt,BBLCT,7,6,29,3,1200.0,1,3.4,4,13.8,8,974.16,3.4,475,true,completed
BZ_h6s7f70p3n15.txt,BBLCT,7,6,29,3,1200.0,1,3.4,20,69.0,9,985.97,115865.7,9523609,true,completed
BZ_h6s7f70p3n16.txt,BBLCT,7,6,29,3,1200.0,3,10.3,8,27.6,8,821.67,188828.8,16073716,true,completed
BZ_h6s7f70p3n17.txt,BBLCT,7,6,29,3,1200.0,3,10.3,10,34.5,6,719.41,1278.3,174394,true,completed
BZ_h6s7f70p3n18.txt,BBLCT,7,6,29,3,1200.0,2,6.9,7,24.1,10,1150.33,0.3,1,true,completed
BZ_h6s7f70p3n19.txt,BBLCT,7,6,29,3,1200.0,2,6.9,11,37.9,10,1098.63,2692.9,192837,true,completed
BZ_h6s7f70p3n2.txt,BBLCT,7,6,29,3,1200.0,4,13.8,7,24.1,9,1099.49,325.7,46771,true,completed
BZ_h6s7f70p3n20.txt,BBLCT,7,6,29,3,1200.0,6,20.7,11,37.9,9,1127.17,0.3,1,true,completed
BZ_h6s7f70p3n3.txt,BBLCT,7,6,29,3,1200.0,3,10.3,10,34.5,11,1164.55,4466.2,368836,true,completed
BZ_h6s7f70p3n4.txt,BBLCT,7,6,29,3,1200.0,3,10.3,11,37.9,10,1094.93,0.3,1,true,completed
BZ_h6s7f70p3n5.txt,BBLCT,7,6,29,3,1200.0,3,10.3,9,31.0,10,1168.83,3927.1,313869,true,completed
BZ_h6s7f70p3n6.txt,BBLCT,7,6,29,3,1200.0,1,3.4,16,55.2,8,964.04,36532.1,2651404,true,completed
BZ_h6s7f70p3n7.txt,BBLCT,7,6,29,3,1200.0,7,24.1,16,55.2,10,1142.43,804.2,58855,true,completed
BZ_h6s7f70p3n8.txt,BBLCT,7,6,29,3,1200.0,2,6.9,17,58.6,10,1185.78,28348.2,2032638,true,completed
BZ_h6s7f70p3n9.txt,BBLCT,7,6,29,3,1200.0,4,13.8,9,31.0,10,1111.28,0.3,2,true,completed
BZ_h6s7f70p6n1.txt,BBLCT,7,6,29,6,1200.0,1,3.4,9,31.0,10,1180.00,1050.3,71985,true,completed
BZ_h6s7f70p6n10.txt,BBLCT,7,6,29,6,1200.0,1,3.4,9,31.0,7,750.51,41621.2,2656355,true,completed
BZ_h6s7f70p6n11.txt,BBLCT,7,6,29,6,1200.0,0,0.0,9,31.0,10,1197.49,2.4,265,true,completed
BZ_h6s7f70p6n12.txt,BBLCT,7,6,29,6,1200.0,0,0.0,8,27.6,9,1127.90,0.8,48,true,completed
BZ_h6s7f70p6n13.txt,BBLCT,7,6,29,6,1200.0,1,3.4,9,31.0,10,1159.80,1411.6,139780,true,completed
BZ_h6s7f70p6n14.txt,BBLCT,7,6,29,6,1200.0,1,3.4,9,31.0,9,974.11,44630.4,4164069,true,completed
BZ_h6s7f70p6n15.txt,BBLCT,7,6,29,6,1200.0,1,3.4,8,27.6,10,1114.03,2.6,257,true,completed
BZ_h6s7f70p6n16.txt,BBLCT,7,6,29,6,1200.0,2,6.9,13,44.8,9,1116.70,1056.7,80856,true,completed
BZ_h6s7f70p6n17.txt,BBLCT,7,6,29,6,1200.0,3,10.3,5,17.2,6,669.56,16227.9,2714521,true,completed
BZ_h6s7f70p6n18.txt,BBLCT,7,6,29,6,1200.0,0,0.0,12,41.4,8,850.42,158230.4,12215425,true,completed
BZ_h6s7f70p6n19.txt,BBLCT,7,6,29,6,1200.0,0,0.0,3,10.3,5,579.46,55686.5,11112409,true,completed
BZ_h6s7f70p6n2.txt,BBLCT,7,6,29,6,1200.0,2,6.9,16,55.2,10,1096.15,13319.9,1433035,true,completed
BZ_h6s7f70p6n20.txt,BBLCT,7,6,29,6,1200.0,1,3.4,5,17.2,9,1113.38,0.5,1,true,completed
BZ_h6s7f70p6n3.txt,BBLCT,7,6,29,6,1200.0,0,0.0,5,17.2,8,919.87,776.5,108012,true,completed
BZ_h6s7f70p6n4.txt,BBLCT,7,6,29,6,1200.0,1,3.4,9,31.0,9,1146.85,8547.9,595695,true,completed
BZ_h6s7f70p6n5.txt,BBLCT,7,6,29,6,1200.0,1,3.4,8,27.6,9,1154.41,0.7,23,true,completed
BZ_h6s7f70p6n6.txt,BBLCT,7,6,29,6,1200.0,0,0.0,11,37.9,10,1156.33,499.7,42181,true,completed
BZ_h6s7f70p6n7.txt,BBLCT,7,6,29,6,1200.0,2,6.9,5,17.2,6,714.25,1888.0,252491,true,completed
BZ_h6s7f70p6n8.txt,BBLCT,7,6,29,6,1200.0,0,0.0,7,24.1,7,756.86,1842.2,224615,true,completed
BZ_h6s7f70p6n9.txt,BBLCT,7,6,29,6,1200.0,2,6.9,14,48.3,10,1154.54,1216.2,95106,true,completed
BZ_h6s9f50p2n1.txt,BBLCT,9,6,27,2,1200.0,6,22.2,27,100.0,8,1031.31,0.3,1,true,completed
BZ_h6s9f50p2n10.txt,BBLCT,9,6,27,2,1200.0,13,48.1,27,100.0,3,458.23,0.2,1,true,completed
BZ_h6s9f50p2n11.txt,BBLCT,9,6,27,2,1200.0,5,18.5,27,100.0,10,1192.59,1.8,226,true,completed
BZ_h6s9f50p2n12.txt,BBLCT,9,6,27,2,1200.0,8,29.6,27,100.0,6,863.46,0.2,1,true,completed
BZ_h6s9f50p2n13.txt,BBLCT,9,6,27,2,1200.0,12,44.4,27,100.0,6,797.95,0.2,1,true,completed
BZ_h6s9f50p2n14.txt,BBLCT,9,6,27,2,1200.0,4,14.8,27,100.0,10,1192.68,0.9,151,true,completed
BZ_h6s9f50p2n15.txt,BBLCT,9,6,27,2,1200.0,7,25.9,27,100.0,9,1073.92,0.3,1,true,completed
BZ_h6s9f50p2n16.txt,BBLCT,9,6,27,2,1200.0,3,11.1,27,100.0,8,1024.70,0.2,1,true,completed
BZ_h6s9f50p2n17.txt,BBLCT,9,6,27,2,1200.0,11,40.7,27,100.0,5,637.01,0.2,1,true,completed
BZ_h6s9f50p2n18.txt,BBLCT,9,6,27,2,1200.0,6,22.2,14,51.9,8,1039.35,598.7,31405,true,completed
BZ_h6s9f50p2n19.txt,BBLCT,9,6,27,2,1200.0,9,33.3,15,55.6,9,1083.78,25.1,1386,true,completed
BZ_h6s9f50p2n2.txt,BBLCT,9,6,27,2,1200.0,11,40.7,27,100.0,6,795.81,0.4,1,true,completed
BZ_h6s9f50p2n20.txt,BBLCT,9,6,27,2,1200.0,3,11.1,12,44.4,7,854.01,2490.6,129251,true,completed
BZ_h6s9f50p2n3.txt,BBLCT,9,6,27,2,1200.0,3,11.1,27,100.0,7,868.72,0.2,1,true,completed
BZ_h6s9f50p2n4.txt,BBLCT,9,6,27,2,1200.0,13,48.1,27,100.0,8,1064.04,0.2,1,true,completed
BZ_h6s9f50p2n5.txt,BBLCT,9,6,27,2,1200.0,5,18.5,27,100.0,10,1153.54,0.8,254,true,completed
BZ_h6s9f50p2n6.txt,BBLCT,9,6,27,2,1200.0,6,22.2,27,100.0,7,888.68,0.2,1,true,completed
BZ_h6s9f50p2n7.txt,BBLCT,9,6,27,2,1200.0,5,18.5,27,100.0,8,1052.80,0.2,1,true,completed
BZ_h6s9f50p2n8.txt,BBLCT,9,6,27,2,1200.0,2,7.4,10,37.0,7,880.96,287442.4,11310634,true,completed
BZ_h6s9f50p2n9.txt,BBLCT,9,6,27,2,1200.0,9,33.3,16,59.3,6,791.23,9329.9,449909,true,completed
BZ_h6s9f50p3n1.txt,BBLCT,9,6,27,3,1200.0,8,29.6,20,74.1,9,1167.44,11494.1,560852,true,completed
BZ_h6s9f50p3n10.txt,BBLCT,9,6,27,3,1200.0,2,7.4,14,51.9,9,1136.56,2.2,107,true,completed
BZ_h6s9f50p3n11.txt,BBLCT,9,6,27,3,1200.0,5,18.5,27,100.0,7,945.80,0.3,1,true,completed
BZ_h6s9f50p3n12.txt,BBLCT,9,6,27,3,1200.0,4,14.8,12,44.4,10,1197.84,243081.2,8053159,true,completed
BZ_h6s9f50p3n13.txt,BBLCT,9,6,27,3,1200.0,5,18.5,17,63.0,9,1141.71,1.5,62,true,completed
BZ_h6s9f50p3n14.txt,BBLCT,9,6,27,3,1200.0,1,3.7,8,29.6,9,1159.78,0.3,1,true,completed
BZ_h6s9f50p3n15.txt,BBLCT,9,6,27,3,1200.0,1,3.7,4,14.8,7,875.78,3595049.3,148264960,false,cpu_limit
BZ_h6s9f50p3n16.txt,BBLCT,9,6,27,3,1200.0,0,0.0,15,55.6,8,1106.49,12067.0,411096,true,completed
BZ_h6s9f50p3n17.txt,BBLCT,9,6,27,3,1200.0,4,14.8,9,33.3,8,946.95,3595043.8,126682112,false,cpu_limit
BZ_h6s9f50p3n18.txt,BBLCT,9,6,27,3,1200.0,2,7.4,9,33.3,8,946.07,2861611.7,121773245,true,completed
BZ_h6s9f50p3n19.txt,BBLCT,9,6,27,3,1200.0,7,25.9,27,100.0,7,932.97,0.3,1,true,completed
BZ_h6s9f50p3n2.txt,BBLCT,9,6,27,3,1200.0,4,14.8,17,63.0,10,1197.69,61169.3,2081239,true,completed
BZ_h6s9f50p3n20.txt,BBLCT,9,6,27,3,1200.0,8,29.6,27,100.0,4,524.01,0.2,1,true,completed
BZ_h6s9f50p3n3.txt,BBLCT,9,6,27,3,1200.0,2,7.4,12,44.4,9,1197.53,557.1,21149,true,completed
BZ_h6s9f50p3n4.txt,BBLCT,9,6,27,3,1200.0,8,29.6,27,100.0,9,1190.80,0.3,1,true,completed
BZ_h6s9f50p3n5.txt,BBLCT,9,6,27,3,1200.0,2,7.4,7,25.9,8,1053.80,236.6,17749,true,completed
BZ_h6s9f50p3n6.txt,BBLCT,9,6,27,3,1200.0,3,11.1,9,33.3,8,998.58,530476.9,20283370,true,completed
BZ_h6s9f50p3n7.txt,BBLCT,9,6,27,3,1200.0,3,11.1,15,55.6,9,1195.34,266.2,9292,true,completed
BZ_h6s9f50p3n8.txt,BBLCT,9,6,27,3,1200.0,6,22.2,17,63.0,8,957.51,9.5,520,true,completed
BZ_h6s9f50p3n9.txt,BBLCT,9,6,27,3,1200.0,8,29.6,27,100.0,8,1112.42,0.3,1,true,completed
BZ_h6s9f50p6n1.txt,BBLCT,9,6,27,6,1200.0,5,18.5,16,59.3,9,1177.46,258.6,8725,true,completed
BZ_h6s9f50p6n10.txt,BBLCT,9,6,27,6,1200.0,3,11.1,9,33.3,8,1141.12,8.3,413,true,completed
BZ_h6s9f50p6n11.txt,BBLCT,9,6,27,6,1200.0,3,11.1,27,100.0,8,1088.54,0.4,1,true,completed
BZ_h6s9f50p6n12.txt,BBLCT,9,6,27,6,1200.0,1,3.7,15,55.6,9,1159.47,266.5,8943,true,completed
BZ_h6s9f50p6n13.txt,BBLCT,9,6,27,6,1200.0,1,3.7,12,44.4,9,1153.92,196.2,10976,true,completed
BZ_h6s9f50p6n14.txt,BBLCT,9,6,27,6,1200.0,4,14.8,12,44.4,8,980.69,2916.8,125789,true,completed
BZ_h6s9f50p6n15.txt,BBLCT,9,6,27,6,1200.0,1,3.7,6,22.2,8,1089.55,137.2,7959,true,completed
BZ_h6s9f50p6n16.txt,BBLCT,9,6,27,6,1200.0,0,0.0,17,63.0,9,1197.10,460.5,15673,true,completed
BZ_h6s9f50p6n17.txt,BBLCT,9,6,27,6,1200.0,0,0.0,13,48.1,9,1161.45,9.5,451,true,completed
BZ_h6s9f50p6n18.txt,BBLCT,9,6,27,5,1200.0,4,14.8,13,48.1,9,1189.10,339.2,12231,true,completed
BZ_h6s9f50p6n19.txt,BBLCT,9,6,27,6,1200.0,3,11.1,7,25.9,8,1087.98,0.7,16,true,completed
BZ_h6s9f50p6n2.txt,BBLCT,9,6,27,6,1200.0,3,11.1,22,81.5,9,1199.88,12.9,486,true,completed
BZ_h6s9f50p6n20.txt,BBLCT,9,6,27,6,1200.0,1,3.7,11,40.7,8,1015.20,37201.0,1250270,true,completed
BZ_h6s9f50p6n3.txt,BBLCT,9,6,27,6,1200.0,2,7.4,11,40.7,6,755.36,213.7,9510,true,completed
BZ_h6s9f50p6n4.txt,BBLCT,9,6,27,6,1200.0,1,3.7,16,59.3,9,1102.77,17104.7,450893,true,completed
BZ_h6s9f50p6n5.txt,BBLCT,9,6,27,6,1200.0,2,7.4,12,44.4,9,1198.70,294.0,11661,true,completed
BZ_h6s9f50p6n6.txt,BBLCT,9,6,27,6,1200.0,4,14.8,14,51.9,9,1174.55,14.4,488,true,completed
BZ_h6s9f50p6n7.txt,BBLCT,9,6,27,6,1200.0,1,3.7,6,22.2,10,1198.30,33.0,1526,true,completed
BZ_h6s9f50p6n8.txt,BBLCT,9,6,27,6,1200.0,4,14.8,15,55.6,8,972.39,28251.0,797025,true,completed
BZ_h6s9f50p6n9.txt,BBLCT,9,6,27,6,1200.0,1,3.7,8,29.6,7,927.06,19997.0,775764,true,completed
BZ_h6s9f70p2n1.txt,BBLCT,9,6,37,2,1200.0,14,37.8,20,54.1,7,791.74,3595047.9,136407040,false,cpu_limit
BZ_h6s9f70p2n10.txt,BBLCT,9,6,37,2,1200.0,12,32.4,22,59.5,11,1192.94,470.9,16862,true,completed
BZ_h6s9f70p2n11.txt,BBLCT,9,6,37,2,1200.0,13,35.1,18,48.6,9,1186.35,4236.5,170216,true,completed
BZ_h6s9f70p2n12.txt,BBLCT,9,6,37,2,1200.0,2,5.4,14,37.8,10,1167.85,0.4,1,true,completed
BZ_h6s9f70p2n13.txt,BBLCT,9,6,37,2,1200.0,5,13.5,12,32.4,7,814.68,3595034.6,151844864,false,cpu_limit
BZ_h6s9f70p2n14.txt,BBLCT,9,6,37,2,1200.0,8,21.6,15,40.5,10,1199.89,201971.2,7435688,true,completed
BZ_h6s9f70p2n15.txt,BBLCT,9,6,37,2,1200.0,3,8.1,14,37.8,9,1141.92,299088.6,11976862,true,completed
BZ_h6s9f70p2n16.txt,BBLCT,9,6,37,2,1200.0,5,13.5,14,37.8,9,1007.48,76972.9,3034146,true,completed
BZ_h6s9f70p2n17.txt,BBLCT,9,6,37,2,1200.0,3,8.1,37,100.0,9,1097.34,0.2,1,true,completed
BZ_h6s9f70p2n18.txt,BBLCT,9,6,37,2,1200.0,5,13.5,12,32.4,9,1050.87,18072.3,730012,true,completed
BZ_h6s9f70p2n19.txt,BBLCT,9,6,37,2,1200.0,14,37.8,24,64.9,10,1187.10,0.3,1,true,completed
BZ_h6s9f70p2n2.txt,BBLCT,9,6,37,2,1200.0,7,18.9,15,40.5,10,1188.12,55990.9,2093832,true,completed
BZ_h6s9f70p2n20.txt,BBLCT,9,6,37,2,1200.0,9,24.3,13,35.1,7,724.84,959243.1,60877678,true,completed
BZ_h6s9f70p2n3.txt,BBLCT,9,6,37,2,1200.0,11,29.7,19,51.4,11,1198.61,12824.9,428645,true,completed
BZ_h6s9f70p2n4.txt,BBLCT,9,6,37,2,1200.0,11,29.7,17,45.9,8,919.31,157962.8,6241346,true,completed
BZ_h6s9f70p2n5.txt,BBLCT,9,6,37,2,1200.0,9,24.3,18,48.6,9,947.23,381484.1,14666203,true,completed
BZ_h6s9f70p2n6.txt,BBLCT,9,6,37,2,1200.0,12,32.4,22,59.5,10,1196.65,765807.6,29462398,true,completed
BZ_h6s9f70p2n7.txt,BBLCT,9,6,37,2,1200.0,12,32.4,37,100.0,11,1186.00,991.1,57079,true,completed
BZ_h6s9f70p2n8.txt,BBLCT,9,6,37,2,1200.0,3,8.1,15,40.5,10,1163.25,1458.2,54752,true,completed
BZ_h6s9f70p2n9.txt,BBLCT,9,6,37,2,1200.0,7,18.9,14,37.8,11,1186.63,55696.2,2207452,true,completed
BZ_h6s9f70p3n1.txt,BBLCT,9,6,37,3,1200.0,0,0.0,7,18.9,11,1199.75,42.1,1688,true,completed
BZ_h6s9f70p3n10.txt,BBLCT,9,6,37,3,1200.0,3,8.1,8,21.6,8,824.40,3595038.5,165237760,false,cpu_limit
BZ_h6s9f70p3n11.txt,BBLCT,9,6,37,3,1200.0,3,8.1,20,54.1,8,839.94,74227.8,3903091,true,completed
BZ_h6s9f70p3n12.txt,BBLCT,9,6,37,3,1200.0,3,8.1,13,35.1,10,1198.95,5258.8,212940,true,completed
BZ_h6s9f70p3n13.txt,BBLCT,9,6,37,3,1200.0,7,18.9,22,59.5,11,1198.20,28344.1,996378,true,completed
BZ_h6s9f70p3n14.txt,BBLCT,9,6,37,3,1200.0,10,27.0,15,40.5,10,1163.48,5236.1,203720,true,completed
BZ_h6s9f70p3n15.txt,BBLCT,9,6,37,3,1200.0,3,8.1,11,29.7,10,1039.71,636087.2,25950570,true,completed
BZ_h6s9f70p3n16.txt,BBLCT,9,6,37,3,1200.0,7,18.9,18,48.6,10,1199.36,4474.3,159363,true,completed
BZ_h6s9f70p3n17.txt,BBLCT,9,6,37,3,1200.0,6,16.2,10,27.0,9,1016.38,1442446.6,60740737,true,completed
BZ_h6s9f70p3n18.txt,BBLCT,9,6,37,3,1200.0,4,10.8,12,32.4,10,1169.13,0.4,1,true,completed
BZ_h6s9f70p3n19.txt,BBLCT,9,6,37,3,1200.0,8,21.6,13,35.1,10,1169.26,218736.6,8275989,true,completed
BZ_h6s9f70p3n2.txt,BBLCT,9,6,37,3,1200.0,1,2.7,11,29.7,10,1200.00,62.8,2558,true,completed
BZ_h6s9f70p3n20.txt,BBLCT,9,6,37,3,1200.0,3,8.1,9,24.3,8,974.27,515627.8,22180829,true,completed
BZ_h6s9f70p3n3.txt,BBLCT,9,6,37,3,1200.0,3,8.1,11,29.7,11,1146.18,757.4,30701,true,completed
BZ_h6s9f70p3n4.txt,BBLCT,9,6,37,3,1200.0,7,18.9,14,37.8,9,1028.69,1357429.1,53953957,true,completed
BZ_h6s9f70p3n5.txt,BBLCT,9,6,37,3,1200.0,1,2.7,12,32.4,9,1080.30,323759.9,12547044,true,completed
BZ_h6s9f70p3n6.txt,BBLCT,9,6,37,3,1200.0,5,13.5,13,35.1,9,974.97,440608.1,16004980,true,completed
BZ_h6s9f70p3n7.txt,BBLCT,9,6,37,3,1200.0,6,16.2,11,29.7,8,850.78,3595036.4,132214784,false,cpu_limit
BZ_h6s9f70p3n8.txt,BBLCT,9,6,37,3,1200.0,5,13.5,11,29.7,10,1197.17,5629.4,237272,true,completed
BZ_h6s9f70p3n9.txt,BBLCT,9,6,37,3,1200.0,7,18.9,22,59.5,9,1062.02,581289.9,23379946,true,completed
BZ_h6s9f70p6n1.txt,BBLCT,9,6,37,6,1200.0,1,2.7,6,16.2,9,1107.15,3.3,208,true,completed
BZ_h6s9f70p6n10.txt,BBLCT,9,6,37,6,1200.0,2,5.4,9,24.3,10,1168.56,3551.5,158385,true,completed
BZ_h6s9f70p6n11.txt,BBLCT,9,6,37,6,1200.0,2,5.4,11,29.7,10,1166.50,2.3,110,true,completed
BZ_h6s9f70p6n12.txt,BBLCT,9,6,37,6,1200.0,2,5.4,12,32.4,8,1049.05,18506.8,745519,true,completed
BZ_h6s9f70p6n13.txt,BBLCT,9,6,37,6,1200.0,2,5.4,4,10.8,9,975.15,4.5,302,true,completed
BZ_h6s9f70p6n14.txt,BBLCT,9,6,37,6,1200.0,0,0.0,9,24.3,10,1113.20,0.5,1,true,completed
BZ_h6s9f70p6n15.txt,BBLCT,9,6,37,6,1200.0,1,2.7,5,13.5,9,1010.11,0.5,1,true,completed
BZ_h6s9f70p6n16.txt,BBLCT,9,6,37,6,1200.0,1,2.7,15,40.5,7,775.37,4233.1,264519,true,completed
BZ_h6s9f70p6n17.txt,BBLCT,9,6,37,6,1200.0,3,8.1,8,21.6,10,1167.98,164510.0,11830804,true,completed
BZ_h6s9f70p6n18.txt,BBLCT,9,6,37,6,1200.0,1,2.7,7,18.9,10,1127.81,0.6,1,true,completed
BZ_h6s9f70p6n19.txt,BBLCT,9,6,37,6,1200.0,3,8.1,6,16.2,9,1089.52,967.4,72515,true,completed
BZ_h6s9f70p6n2.txt,BBLCT,9,6,37,6,1200.0,0,0.0,5,13.5,10,1129.51,447.8,16452,true,completed
BZ_h6s9f70p6n20.txt,BBLCT,9,6,37,6,1200.0,3,8.1,15,40.5,11,1198.16,275.5,9872,true,completed
BZ_h6s9f70p6n3.txt,BBLCT,9,6,37,6,1200.0,2,5.4,5,13.5,9,1062.75,0.5,1,true,completed
BZ_h6s9f70p6n4.txt,BBLCT,9,6,37,6,1200.0,1,2.7,10,27.0,9,1166.28,0.5,1,true,completed
BZ_h6s9f70p6n5.txt,BBLCT,9,6,37,6,1200.0,5,13.5,11,29.7,10,1183.42,6.0,317,true,completed
BZ_h6s9f70p6n6.txt,BBLCT,9,6,37,6,1200.0,0,0.0,5,13.5,10,1111.03,0.6,2,true,completed
BZ_h6s9f70p6n7.txt,BBLCT,9,6,37,6,1200.0,1,2.7,12,32.4,10,1165.91,322.6,12454,true,completed
BZ_h6s9f70p6n8.txt,BBLCT,9,6,37,6,1200.0,4,10.8,9,24.3,9,1088.10,1.7,69,true,completed
BZ_h6s9f70p6n9.txt,BBLCT,9,6,37,6,1200.0,0,0.0,11,29.7,8,972.94,811408.4,32942053,true,completed
CV_h12s10n1.txt,BBLCT,10,12,100,100,600.0,0,0.0,0,0.0,0,0.00,10.2,1,true,completed
CV_h12s10n10.txt,BBLCT,10,12,100,100,600.0,1,1.0,1,1.0,0,0.00,11.3,1,true,completed
CV_h12s10n11.txt,BBLCT,10,12,100,100,600.0,0,0.0,0,0.0,0,0.00,10.9,1,true,completed
CV_h12s10n12.txt,BBLCT,10,12,100,100,600.0,0,0.0,0,0.0,0,0.00,11.2,1,true,completed
CV_h12s10n13.txt,BBLCT,10,12,100,100,600.0,0,0.0,2,2.0,4,465.78,10.2,1,true,completed
CV_h12s10n14.txt,BBLCT,10,12,100,100,600.0,0,0.0,3,3.0,5,599.33,10.8,1,true,completed
CV_h12s10n15.txt,BBLCT,10,12,100,100,600.0,0,0.0,0,0.0,0,0.00,10.6,1,true,completed
CV_h12s10n16.txt,BBLCT,10,12,100,100,600.0,0,0.0,2,2.0,5,590.10,10.9,1,true,completed
CV_h12s10n17.txt,BBLCT,10,12,100,100,600.0,0,0.0,1,1.0,4,515.29,11.8,1,true,completed
CV_h12s10n18.txt,BBLCT,10,12,100,100,600.0,0,0.0,0,0.0,0,0.00,10.1,1,true,completed
CV_h12s10n19.txt,BBLCT,10,12,100,100,600.0,0,0.0,0,0.0,0,0.00,10.7,1,true,completed
CV_h12s10n2.txt,BBLCT,10,12,100,100,600.0,0,0.0,3,3.0,4,460.18,10.8,1,true,completed
CV_h12s10n20.txt,BBLCT,10,12,100,100,600.0,0,0.0,1,1.0,4,472.73,11.3,1,true,completed
CV_h12s10n21.txt,BBLCT,10,12,100,100,600.0,0,0.0,0,0.0,0,0.00,10.2,1,true,completed
CV_h12s10n22.txt,BBLCT,10,12,100,100,600.0,0,0.0,0,0.0,0,0.00,10.5,1,true,completed
CV_h12s10n23.txt,BBLCT,10,12,100,100,600.0,0,0.0,0,0.0,0,0.00,9.9,1,true,completed
CV_h12s10n24.txt,BBLCT,10,12,100,100,600.0,0,0.0,0,0.0,0,0.00,10.0,1,true,completed
CV_h12s10n25.txt,BBLCT,10,12,100,100,600.0,0,0.0,0,0.0,0,0.00,11.0,1,true,completed
CV_h12s10n26.txt,BBLCT,10,12,100,100,600.0,1,1.0,2,2.0,4,556.01,11.6,1,true,completed
CV_h12s10n27.txt,BBLCT,10,12,100,100,600.0,0,0.0,0,0.0,0,0.00,10.5,1,true,completed
CV_h12s10n28.txt,BBLCT,10,12,100,100,600.0,0,0.0,0,0.0,0,0.00,10.3,1,true,completed
CV_h12s10n29.txt,BBLCT,10,12,100,100,600.0,0,0.0,2,2.0,4,500.45,10.9,1,true,completed
CV_h12s10n3.txt,BBLCT,10,12,100,100,600.0,0,0.0,1,1.0,4,497.74,11.4,40,true,completed
CV_h12s10n30.txt,BBLCT,10,12,100,100,600.0,0,0.0,1,1.0,4,521.98,10.2,1,true,completed
CV_h12s10n31.txt,BBLCT,10,12,100,100,600.0,1,1.0,1,1.0,0,0.00,11.4,1,true,completed
CV_h12s10n32.txt,BBLCT,10,12,100,100,600.0,1,1.0,1,1.0,0,0.00,10.4,1,true,completed
CV_h12s10n33.txt,BBLCT,10,12,100,100,600.0,0,0.0,0,0.0,0,0.00,10.0,1,true,completed
CV_h12s10n34.txt,BBLCT,10,12,100,100,600.0,0,0.0,0,0.0,0,0.00,10.0,1,true,completed
CV_h12s10n35.txt,BBLCT,10,12,100,100,600.0,1,1.0,2,2.0,4,506.92,10.7,1,true,completed
CV_h12s10n36.txt,BBLCT,10,12,100,100,600.0,0,0.0,3,3.0,4,473.58,10.6,1,true,completed
CV_h12s10n37.txt,BBLCT,10,12,100,100,600.0,4,4.0,4,4.0,0,0.00,11.0,1,true,completed
CV_h12s10n38.txt,BBLCT,10,12,100,100,600.0,0,0.0,0,0.0,0,0.00,10.4,1,true,completed
CV_h12s10n39.txt,BBLCT,10,12,100,100,600.0,0,0.0,0,0.0,0,0.00,10.7,1,true,completed
CV_h12s10n4.txt,BBLCT,10,12,100,100,600.0,0,0.0,0,0.0,0,0.00,10.5,1,true,completed
CV_h12s10n40.txt,BBLCT,10,12,100,100,600.0,1,1.0,2,2.0,4,511.50,10.7,1,true,completed
CV_h12s10n5.txt,BBLCT,10,12,100,100,600.0,0,0.0,0,0.0,0,0.00,10.7,1,true,completed
CV_h12s10n6.txt,BBLCT,10,12,100,100,600.0,0,0.0,1,1.0,4,467.10,10.6,1,true,completed
CV_h12s10n7.txt,BBLCT,10,12,100,100,600.0,0,0.0,0,0.0,0,0.00,10.5,1,true,completed
CV_h12s10n8.txt,BBLCT,10,12,100,100,600.0,0,0.0,1,1.0,4,522.32,11.1,1,true,completed
CV_h12s10n9.txt,BBLCT,10,12,100,100,600.0,0,0.0,0,0.0,0,0.00,10.1,1,true,completed
CV_h12s6n1.txt,BBLCT,6,12,60,60,600.0,0,0.0,0,0.0,0,0.00,3.1,1,true,completed
CV_h12s6n10.txt,BBLCT,6,12,60,60,600.0,0,0.0,0,0.0,0,0.00,3.5,1,true,completed
CV_h12s6n11.txt,BBLCT,6,12,60,60,600.0,0,0.0,1,1.7,4,496.17,3.1,1,true,completed
CV_h12s6n12.txt,BBLCT,6,12,60,60,600.0,0,0.0,0,0.0,0,0.00,3.3,1,true,completed
CV_h12s6n13.txt,BBLCT,6,12,60,60,600.0,0,0.0,0,0.0,0,0.00,3.3,1,true,completed
CV_h12s6n14.txt,BBLCT,6,12,60,60,600.0,0,0.0,1,1.7,4,463.37,3.4,1,true,completed
CV_h12s6n15.txt,BBLCT,6,12,60,60,600.0,0,0.0,0,0.0,0,0.00,3.1,1,true,completed
CV_h12s6n16.txt,BBLCT,6,12,60,60,600.0,0,0.0,0,0.0,0,0.00,3.1,1,true,completed
CV_h12s6n17.txt,BBLCT,6,12,60,60,600.0,1,1.7,1,1.7,0,0.00,3.2,1,true,completed
CV_h12s6n18.txt,BBLCT,6,12,60,60,600.0,1,1.7,1,1.7,0,0.00,3.3,1,true,completed
CV_h12s6n19.txt,BBLCT,6,12,60,60,600.0,0,0.0,0,0.0,0,0.00,3.2,1,true,completed
CV_h12s6n2.txt,BBLCT,6,12,60,60,600.0,0,0.0,0,0.0,0,0.00,3.2,1,true,completed
CV_h12s6n20.txt,BBLCT,6,12,60,60,600.0,0,0.0,0,0.0,0,0.00,3.3,1,true,completed
CV_h12s6n21.txt,BBLCT,6,12,60,60,600.0,0,0.0,4,6.7,4,443.81,3.6,1,true,completed
CV_h12s6n22.txt,BBLCT,6,12,60,60,600.0,0,0.0,2,3.3,5,595.53,3.3,1,true,completed
CV_h12s6n23.txt,BBLCT,6,12,60,60,600.0,0,0.0,1,1.7,4,488.31,3.1,1,true,completed
CV_h12s6n24.txt,BBLCT,6,12,60,60,600.0,0,0.0,1,1.7,4,533.90,3.2,1,true,completed
CV_h12s6n25.txt,BBLCT,6,12,60,60,600.0,0,0.0,1,1.7,4,497.74,3.4,1,true,completed
CV_h12s6n26.txt,BBLCT,6,12,60,60,600.0,0,0.0,2,3.3,4,537.33,3.1,1,true,completed
CV_h12s6n27.txt,BBLCT,6,12,60,60,600.0,0,0.0,2,3.3,5,551.08,3.4,1,true,completed
CV_h12s6n28.txt,BBLCT,6,12,60,60,600.0,0,0.0,0,0.0,0,0.00,3.2,1,true,completed
CV_h12s6n29.txt,BBLCT,6,12,60,60,600.0,0,0.0,0,0.0,0,0.00,3.2,1,true,completed
CV_h12s6n3.txt,BBLCT,6,12,60,60,600.0,0,0.0,0,0.0,0,0.00,3.2,1,true,completed
CV_h12s6n30.txt,BBLCT,6,12,60,60,600.0,0,0.0,1,1.7,4,506.38,3.1,1,true,completed
CV_h12s6n31.txt,BBLCT,6,12,60,60,600.0,0,0.0,0,0.0,0,0.00,3.3,1,true,completed
CV_h12s6n32.txt,BBLCT,6,12,60,60,600.0,0,0.0,1,1.7,4,508.97,3.3,1,true,completed
CV_h12s6n33.txt,BBLCT,6,12,60,60,600.0,0,0.0,1,1.7,4,481.67,3.4,1,true,completed
CV_h12s6n34.txt,BBLCT,6,12,60,60,600.0,0,0.0,0,0.0,0,0.00,3.4,1,true,completed
CV_h12s6n35.txt,BBLCT,6,12,60,60,600.0,0,0.0,0,0.0,0,0.00,3.4,1,true,completed
CV_h12s6n36.txt,BBLCT,6,12,60,60,600.0,0,0.0,0,0.0,0,0.00,3.2,1,true,completed
CV_h12s6n37.txt,BBLCT,6,12,60,60,600.0,0,0.0,1,1.7,4,497.74,3.1,1,true,completed
CV_h12s6n38.txt,BBLCT,6,12,60,60,600.0,1,1.7,1,1.7,0,0.00,3.4,1,true,completed
CV_h12s6n39.txt,BBLCT,6,12,60,60,600.0,0,0.0,3,5.0,4,445.31,3.4,1,true,completed
CV_h12s6n4.txt,BBLCT,6,12,60,60,600.0,0,0.0,0,0.0,0,0.00,3.2,1,true,completed
CV_h12s6n40.txt,BBLCT,6,12,60,60,600.0,0,0.0,0,0.0,0,0.00,3.3,1,true,completed
CV_h12s6n5.txt,BBLCT,6,12,60,60,600.0,0,0.0,2,3.3,5,599.89,3.7,24,true,completed
CV_h12s6n6.txt,BBLCT,6,12,60,60,600.0,0,0.0,2,3.3,4,515.85,3.3,1,true,completed
CV_h12s6n7.txt,BBLCT,6,12,60,60,600.0,0,0.0,0,0.0,0,0.00,3.3,1,true,completed
CV_h12s6n8.txt,BBLCT,6,12,60,60,600.0,0,0.0,0,0.0,0,0.00,3.3,1,true,completed
CV_h12s6n9.txt,BBLCT,6,12,60,60,600.0,0,0.0,1,1.7,4,466.58,3.6,1,true,completed
CV_h5s3n1.txt,BBLCT,3,5,9,9,600.0,1,11.1,2,22.2,2,221.51,0.3,28,true,completed
CV_h5s3n10.txt,BBLCT,3,5,9,9,600.0,0,0.0,4,44.4,4,426.47,0.3,13,true,completed
CV_h5s3n11.txt,BBLCT,3,5,9,9,600.0,2,22.2,7,77.8,5,557.36,0.3,56,true,completed
CV_h5s3n12.txt,BBLCT,3,5,9,9,600.0,0,0.0,5,55.6,5,599.66,0.3,43,true,completed
CV_h5s3n13.txt,BBLCT,3,5,9,9,600.0,0,0.0,3,33.3,5,555.67,0.3,1,true,completed
CV_h5s3n14.txt,BBLCT,3,5,9,9,600.0,0,0.0,1,11.1,2,221.51,0.3,27,true,completed
CV_h5s3n15.txt,BBLCT,3,5,9,9,600.0,0,0.0,2,22.2,5,597.07,0.3,27,true,completed
CV_h5s3n16.txt,BBLCT,3,5,9,9,600.0,0,0.0,2,22.2,4,477.81,0.3,23,true,completed
CV_h5s3n17.txt,BBLCT,3,5,9,9,600.0,2,22.2,3,33.3,2,229.47,0.3,10,true,completed
CV_h5s3n18.txt,BBLCT,3,5,9,9,600.0,0,0.0,7,77.8,1,107.84,0.3,37,true,completed
CV_h5s3n19.txt,BBLCT,3,5,9,9,600.0,0,0.0,1,11.1,2,222.78,0.3,27,true,completed
CV_h5s3n2.txt,BBLCT,3,5,9,9,600.0,0,0.0,4,44.4,2,222.78,0.3,11,true,completed
CV_h5s3n20.txt,BBLCT,3,5,9,9,600.0,0,0.0,3,33.3,5,559.73,0.3,10,true,completed
CV_h5s3n21.txt,BBLCT,3,5,9,9,600.0,1,11.1,2,22.2,2,226.87,0.3,28,true,completed
CV_h5s3n22.txt,BBLCT,3,5,9,9,600.0,2,22.2,4,44.4,5,571.16,0.3,1,true,completed
CV_h5s3n23.txt,BBLCT,3,5,9,9,600.0,0,0.0,1,11.1,2,222.78,0.3,27,true,completed
CV_h5s3n24.txt,BBLCT,3,5,9,9,600.0,1,11.1,3,33.3,5,530.01,0.3,12,true,completed
CV_h5s3n25.txt,BBLCT,3,5,9,9,600.0,0,0.0,2,22.2,2,221.51,0.3,26,true,completed
CV_h5s3n26.txt,BBLCT,3,5,9,9,600.0,0,0.0,9,100.0,5,596.84,0.2,1,true,completed
CV_h5s3n27.txt,BBLCT,3,5,9,9,600.0,0,0.0,2,22.2,5,562.21,0.3,15,true,completed
CV_h5s3n28.txt,BBLCT,3,5,9,9,600.0,0,0.0,4,44.4,5,599.66,0.2,18,true,completed
CV_h5s3n29.txt,BBLCT,3,5,9,9,600.0,0,0.0,1,11.1,2,221.51,0.3,27,true,completed
CV_h5s3n3.txt,BBLCT,3,5,9,9,600.0,0,0.0,9,100.0,2,225.78,0.2,1,true,completed
CV_h5s3n30.txt,BBLCT,3,5,9,9,600.0,0,0.0,5,55.6,4,440.44,0.2,1,true,completed
CV_h5s3n31.txt,BBLCT,3,5,9,9,600.0,0,0.0,2,22.2,2,230.67,0.3,25,true,completed
CV_h5s3n32.txt,BBLCT,3,5,9,9,600.0,1,11.1,9,100.0,5,540.38,0.2,1,true,completed
CV_h5s3n33.txt,BBLCT,3,5,9,9,600.0,1,11.1,6,66.7,4,439.68,0.3,67,true,completed
CV_h5s3n34.txt,BBLCT,3,5,9,9,600.0,0,0.0,2,22.2,2,221.51,0.3,26,true,completed
CV_h5s3n35.txt,BBLCT,3,5,9,9,600.0,0,0.0,5,55.6,4,473.87,0.2,1,true,completed
CV_h5s3n36.txt,BBLCT,3,5,9,9,600.0,0,0.0,1,11.1,2,221.51,0.3,27,true,completed
CV_h5s3n37.txt,BBLCT,3,5,9,9,600.0,0,0.0,2,22.2,2,233.26,0.3,25,true,completed
CV_h5s3n38.txt,BBLCT,3,5,9,9,600.0,0,0.0,2,22.2,1,110.43,0.3,52,true,completed
CV_h5s3n39.txt,BBLCT,3,5,9,9,600.0,9,100.0,9,100.0,0,0.00,0.1,1,true,completed
CV_h5s3n4.txt,BBLCT,3,5,9,9,600.0,1,11.1,4,44.4,3,320.06,0.2,32,true,completed
CV_h5s3n40.txt,BBLCT,3,5,9,9,600.0,1,11.1,4,44.4,2,221.51,0.2,11,true,completed
CV_h5s3n5.txt,BBLCT,3,5,9,9,600.0,4,44.4,9,100.0,5,538.08,0.2,1,true,completed
CV_h5s3n6.txt,BBLCT,3,5,9,9,600.0,0,0.0,1,11.1,2,222.78,0.3,27,true,completed
CV_h5s3n7.txt,BBLCT,3,5,9,9,600.0,0,0.0,3,33.3,4,435.90,0.3,17,true,completed
CV_h5s3n8.txt,BBLCT,3,5,9,9,600.0,1,11.1,4,44.4,2,225.78,0.3,37,true,completed
CV_h5s3n9.txt,BBLCT,3,5,9,9,600.0,0,0.0,1,11.1,2,220.18,0.3,26,true,completed
CV_h5s4n1.txt,BBLCT,4,5,12,12,600.0,2,16.7,6,50.0,5,579.17,0.3,1,true,completed
CV_h5s4n10.txt,BBLCT,4,5,12,12,600.0,0,0.0,3,25.0,4,444.94,0.3,1,true,completed
CV_h5s4n11.txt,BBLCT,4,5,12,12,600.0,1,8.3,4,33.3,4,456.91,0.4,21,true,completed
CV_h5s4n12.txt,BBLCT,4,5,12,12,600.0,1,8.3,3,25.0,3,348.46,0.4,25,true,completed
CV_h5s4n13.txt,BBLCT,4,5,12,12,600.0,1,8.3,12,100.0,5,574.90,0.3,1,true,completed
CV_h5s4n14.txt,BBLCT,4,5,12,12,600.0,0,0.0,2,16.7,4,400.78,0.3,12,true,completed
CV_h5s4n15.txt,BBLCT,4,5,12,12,600.0,0,0.0,8,66.7,5,588.72,0.3,1,true,completed
CV_h5s4n16.txt,BBLCT,4,5,12,12,600.0,0,0.0,3,25.0,5,545.26,0.3,1,true,completed
CV_h5s4n17.txt,BBLCT,4,5,12,12,600.0,0,0.0,7,58.3,5,550.58,0.8,189,true,completed
CV_h5s4n18.txt,BBLCT,4,5,12,12,600.0,0,0.0,3,25.0,5,590.22,0.5,118,true,completed
CV_h5s4n19.txt,BBLCT,4,5,12,12,600.0,0,0.0,5,41.7,4,407.43,0.3,11,true,completed
CV_h5s4n2.txt,BBLCT,4,5,12,12,600.0,0,0.0,9,75.0,2,234.53,0.3,26,true,completed
CV_h5s4n20.txt,BBLCT,4,5,12,12,600.0,0,0.0,5,41.7,4,414.76,0.3,14,true,completed
CV_h5s4n21.txt,BBLCT,4,5,12,12,600.0,1,8.3,4,33.3,3,340.61,0.4,15,true,completed
CV_h5s4n22.txt,BBLCT,4,5,12,12,600.0,0,0.0,6,50.0,5,573.53,0.3,1,true,completed
CV_h5s4n23.txt,BBLCT,4,5,12,12,600.0,3,25.0,5,41.7,2,221.51,0.3,16,true,completed
CV_h5s4n24.txt,BBLCT,4,5,12,12,600.0,0,0.0,4,33.3,4,445.71,0.3,7,true,completed
CV_h5s4n25.txt,BBLCT,4,5,12,12,600.0,0,0.0,2,16.7,4,433.89,0.3,12,true,completed
CV_h5s4n26.txt,BBLCT,4,5,12,12,600.0,1,8.3,9,75.0,5,539.26,0.8,186,true,completed
CV_h5s4n27.txt,BBLCT,4,5,12,12,600.0,4,33.3,12,100.0,5,550.62,0.3,1,true,completed
CV_h5s4n28.txt,BBLCT,4,5,12,12,600.0,0,0.0,3,25.0,4,448.79,0.3,14,true,completed
CV_h5s4n29.txt,BBLCT,4,5,12,12,600.0,0,0.0,4,33.3,5,595.65,0.4,56,true,completed
CV_h5s4n3.txt,BBLCT,4,5,12,12,600.0,1,8.3,6,50.0,5,560.62,0.4,20,true,completed
CV_h5s4n30.txt,BBLCT,4,5,12,12,600.0,0,0.0,5,41.7,5,565.98,0.4,31,true,completed
CV_h5s4n31.txt,BBLCT,4,5,12,12,600.0,0,0.0,3,25.0,2,211.47,0.4,25,true,completed
CV_h5s4n32.txt,BBLCT,4,5,12,12,600.0,0,0.0,2,16.7,4,457.88,0.3,1,true,completed
CV_h5s4n33.txt,BBLCT,4,5,12,12,600.0,0,0.0,3,25.0,5,583.86,0.5,67,true,completed
CV_h5s4n34.txt,BBLCT,4,5,12,12,600.0,0,0.0,4,33.3,3,339.13,0.4,37,true,completed
CV_h5s4n35.txt,BBLCT,4,5,12,12,600.0,1,8.3,8,66.7,5,577.65,0.3,1,true,completed
CV_h5s4n36.txt,BBLCT,4,5,12,12,600.0,0,0.0,3,25.0,5,562.11,0.4,25,true,completed
CV_h5s4n37.txt,BBLCT,4,5,12,12,600.0,3,25.0,7,58.3,5,590.02,0.4,41,true,completed
CV_h5s4n38.txt,BBLCT,4,5,12,12,600.0,2,16.7,6,50.0,5,556.95,0.6,98,true,completed
CV_h5s4n39.txt,BBLCT,4,5,12,12,600.0,0,0.0,4,33.3,5,576.43,0.4,26,true,completed
CV_h5s4n4.txt,BBLCT,4,5,12,12,600.0,0,0.0,9,75.0,5,596.76,0.5,65,true,completed
CV_h5s4n40.txt,BBLCT,4,5,12,12,600.0,0,0.0,4,33.3,2,212.64,0.4,25,true,completed
CV_h5s4n5.txt,BBLCT,4,5,12,12,600.0,1,8.3,4,33.3,2,233.26,0.5,69,true,completed
CV_h5s4n6.txt,BBLCT,4,5,12,12,600.0,0,0.0,4,33.3,5,582.39,0.4,14,true,completed
CV_h5s4n7.txt,BBLCT,4,5,12,12,600.0,0,0.0,3,25.0,5,596.43,0.4,20,true,completed
CV_h5s4n8.txt,BBLCT,4,5,12,12,600.0,2,16.7,4,33.3,4,451.39,0.5,56,true,completed
CV_h5s4n9.txt,BBLCT,4,5,12,12,600.0,0,0.0,7,58.3,4,473.81,0.4,31,true,completed
CV_h5s5n1.txt,BBLCT,5,5,15,15,600.0,1,6.7,7,46.7,5,563.70,0.4,1,true,completed
CV_h5s5n10.txt,BBLCT,5,5,15,15,600.0,3,20.0,13,86.7,5,594.23,0.3,1,true,completed
CV_h5s5n11.txt,BBLCT,5,5,15,15,600.0,0,0.0,2,13.3,4,451.25,0.4,1,true,completed
CV_h5s5n12.txt,BBLCT,5,5,15,15,600.0,0,0.0,4,26.7,4,509.24,0.4,9,true,completed
CV_h5s5n13.txt,BBLCT,5,5,15,15,600.0,0,0.0,2,13.3,3,331.62,1.2,327,true,completed
CV_h5s5n14.txt,BBLCT,5,5,15,15,600.0,0,0.0,10,66.7,4,471.48,1.1,149,true,completed
CV_h5s5n15.txt,BBLCT,5,5,15,15,600.0,0,0.0,7,46.7,4,452.14,0.4,1,true,completed
CV_h5s5n16.txt,BBLCT,5,5,15,15,600.0,0,0.0,5,33.3,3,338.20,0.4,11,true,completed
CV_h5s5n17.txt,BBLCT,5,5,15,15,600.0,0,0.0,11,73.3,5,573.29,2.6,550,true,completed
CV_h5s5n18.txt,BBLCT,5,5,15,15,600.0,1,6.7,10,66.7,5,590.42,1.9,284,true,completed
CV_h5s5n19.txt,BBLCT,5,5,15,15,600.0,1,6.7,6,40.0,4,450.44,0.6,50,true,completed
CV_h5s5n2.txt,BBLCT,5,5,15,15,600.0,0,0.0,3,20.0,3,339.42,0.9,163,true,completed
CV_h5s5n20.txt,BBLCT,5,5,15,15,600.0,0,0.0,8,53.3,5,592.04,0.4,1,true,completed
CV_h5s5n21.txt,BBLCT,5,5,15,15,600.0,0,0.0,5,33.3,5,574.59,0.8,102,true,completed
CV_h5s5n22.txt,BBLCT,5,5,15,15,600.0,1,6.7,4,26.7,4,451.75,0.7,60,true,completed
CV_h5s5n23.txt,BBLCT,5,5,15,15,600.0,1,6.7,5,33.3,5,563.57,0.5,35,true,completed
CV_h5s5n24.txt,BBLCT,5,5,15,15,600.0,0,0.0,3,20.0,3,337.53,0.4,12,true,completed
CV_h5s5n25.txt,BBLCT,5,5,15,15,600.0,2,13.3,11,73.3,4,451.98,0.4,2,true,completed
CV_h5s5n26.txt,BBLCT,5,5,15,15,600.0,0,0.0,5,33.3,5,587.26,0.6,37,true,completed
CV_h5s5n27.txt,BBLCT,5,5,15,15,600.0,0,0.0,6,40.0,4,501.33,0.5,29,true,completed
CV_h5s5n28.txt,BBLCT,5,5,15,15,600.0,0,0.0,8,53.3,4,464.50,0.4,10,true,completed
CV_h5s5n29.txt,BBLCT,5,5,15,15,600.0,0,0.0,2,13.3,3,332.73,1.2,327,true,completed
CV_h5s5n3.txt,BBLCT,5,5,15,15,600.0,0,0.0,4,26.7,4,407.18,0.4,12,true,completed
CV_h5s5n30.txt,BBLCT,5,5,15,15,600.0,0,0.0,8,53.3,5,563.63,0.6,45,true,completed
CV_h5s5n31.txt,BBLCT,5,5,15,15,600.0,1,6.7,3,20.0,5,536.72,0.4,12,true,completed
CV_h5s5n32.txt,BBLCT,5,5,15,15,600.0,0,0.0,5,33.3,5,596.51,0.4,1,true,completed
CV_h5s5n33.txt,BBLCT,5,5,15,15,600.0,1,6.7,10,66.7,4,456.01,0.4,1,true,completed
CV_h5s5n34.txt,BBLCT,5,5,15,15,600.0,0,0.0,2,13.3,3,330.36,1.1,327,true,completed
CV_h5s5n35.txt,BBLCT,5,5,15,15,600.0,1,6.7,8,53.3,5,579.96,0.4,1,true,completed
CV_h5s5n36.txt,BBLCT,5,5,15,15,600.0,1,6.7,4,26.7,5,573.58,0.7,58,true,completed
CV_h5s5n37.txt,BBLCT,5,5,15,15,600.0,0,0.0,2,13.3,4,459.01,0.4,1,true,completed
CV_h5s5n38.txt,BBLCT,5,5,15,15,600.0,0,0.0,15,100.0,5,572.48,1.8,265,true,completed
CV_h5s5n39.txt,BBLCT,5,5,15,15,600.0,0,0.0,8,53.3,5,556.26,0.3,1,true,completed
CV_h5s5n4.txt,BBLCT,5,5,15,15,600.0,0,0.0,7,46.7,5,574.95,0.6,54,true,completed
CV_h5s5n40.txt,BBLCT,5,5,15,15,600.0,2,13.3,7,46.7,5,572.44,0.8,72,true,completed
CV_h5s5n5.txt,BBLCT,5,5,15,15,600.0,0,0.0,3,20.0,4,459.66,0.4,1,true,completed
CV_h5s5n6.txt,BBLCT,5,5,15,15,600.0,0,0.0,5,33.3,5,553.96,0.4,1,true,completed
CV_h5s5n7.txt,BBLCT,5,5,15,15,600.0,0,0.0,5,33.3,5,559.37,0.8,94,true,completed
CV_h5s5n8.txt,BBLCT,5,5,15,15,600.0,0,0.0,2,13.3,4,452.08,0.4,1,true,completed
CV_h5s5n9.txt,BBLCT,5,5,15,15,600.0,0,0.0,5,33.3,4,452.09,0.4,1,true,completed
CV_h5s6n1.txt,BBLCT,6,5,18,18,600.0,0,0.0,3,16.7,3,336.64,1.9,327,true,completed
CV_h5s6n10.txt,BBLCT,6,5,18,18,600.0,1,5.6,7,38.9,4,466.00,0.8,46,true,completed
CV_h5s6n11.txt,BBLCT,6,5,18,18,600.0,3,16.7,18,100.0,4,476.03,0.3,1,true,completed
CV_h5s6n12.txt,BBLCT,6,5,18,18,600.0,0,0.0,5,27.8,5,570.44,0.5,1,true,completed
CV_h5s6n13.txt,BBLCT,6,5,18,18,600.0,0,0.0,7,38.9,5,560.18,0.5,1,true,completed
CV_h5s6n14.txt,BBLCT,6,5,18,18,600.0,0,0.0,5,27.8,4,456.67,0.5,1,true,completed
CV_h5s6n15.txt,BBLCT,6,5,18,18,600.0,0,0.0,4,22.2,4,426.13,0.5,1,true,completed
CV_h5s6n16.txt,BBLCT,6,5,18,18,600.0,0,0.0,4,22.2,5,563.11,0.5,1,true,completed
CV_h5s6n17.txt,BBLCT,6,5,18,18,600.0,0,0.0,3,16.7,5,539.31,0.5,1,true,completed
CV_h5s6n18.txt,BBLCT,6,5,18,18,600.0,2,11.1,8,44.4,4,467.48,0.5,9,true,completed
CV_h5s6n19.txt,BBLCT,6,5,18,18,600.0,0,0.0,3,16.7,5,558.13,0.4,1,true,completed
CV_h5s6n2.txt,BBLCT,6,5,18,18,600.0,0,0.0,5,27.8,5,593.57,0.4,1,true,completed
CV_h5s6n20.txt,BBLCT,6,5,18,18,600.0,0,0.0,10,55.6,5,560.25,0.5,1,true,completed
CV_h5s6n21.txt,BBLCT,6,5,18,18,600.0,1,5.6,6,33.3,5,578.70,0.5,1,true,completed
CV_h5s6n22.txt,BBLCT,6,5,18,18,600.0,0,0.0,3,16.7,5,552.70,0.5,1,true,completed
CV_h5s6n23.txt,BBLCT,6,5,18,18,600.0,0,0.0,4,22.2,4,454.31,0.5,1,true,completed
CV_h5s6n24.txt,BBLCT,6,5,18,18,600.0,0,0.0,3,16.7,5,565.21,0.5,1,true,completed
CV_h5s6n25.txt,BBLCT,6,5,18,18,600.0,1,5.6,4,22.2,4,455.71,0.4,1,true,completed
CV_h5s6n26.txt,BBLCT,6,5,18,18,600.0,0,0.0,3,16.7,5,567.60,0.5,1,true,completed
CV_h5s6n27.txt,BBLCT,6,5,18,18,600.0,1,5.6,3,16.7,5,580.77,0.5,1,true,completed
CV_h5s6n28.txt,BBLCT,6,5,18,18,600.0,2,11.1,10,55.6,4,439.92,5.6,522,true,completed
CV_h5s6n29.txt,BBLCT,6,5,18,18,600.0,0,0.0,4,22.2,5,540.69,0.4,1,true,completed
CV_h5s6n3.txt,BBLCT,6,5,18,18,600.0,0,0.0,3,16.7,3,318.89,3.5,619,true,completed
CV_h5s6n30.txt,BBLCT,6,5,18,18,600.0,4,22.2,8,44.4,5,582.05,1.1,61,true,completed
CV_h5s6n31.txt,BBLCT,6,5,18,18,600.0,0,0.0,5,27.8,4,451.31,0.4,1,true,completed
CV_h5s6n32.txt,BBLCT,6,5,18,18,600.0,0,0.0,7,38.9,5,594.28,0.7,29,true,completed
CV_h5s6n33.txt,BBLCT,6,5,18,18,600.0,1,5.6,4,22.2,4,515.13,0.5,1,true,completed
CV_h5s6n34.txt,BBLCT,6,5,18,18,600.0,0,0.0,9,50.0,5,559.34,0.5,1,true,completed
CV_h5s6n35.txt,BBLCT,6,5,18,18,600.0,1,5.6,11,61.1,4,473.88,0.5,1,true,completed
CV_h5s6n36.txt,BBLCT,6,5,18,18,600.0,2,11.1,5,27.8,5,582.11,1.0,47,true,completed
CV_h5s6n37.txt,BBLCT,6,5,18,18,600.0,0,0.0,3,16.7,5,563.88,0.5,1,true,completed
CV_h5s6n38.txt,BBLCT,6,5,18,18,600.0,0,0.0,8,44.4,5,581.73,1.2,111,true,completed
CV_h5s6n39.txt,BBLCT,6,5,18,18,600.0,0,0.0,5,27.8,4,446.33,0.5,1,true,completed
CV_h5s6n4.txt,BBLCT,6,5,18,18,600.0,0,0.0,7,38.9,5,579.20,1.2,125,true,completed
CV_h5s6n40.txt,BBLCT,6,5,18,18,600.0,1,5.6,7,38.9,5,571.53,0.5,1,true,completed
CV_h5s6n5.txt,BBLCT,6,5,18,18,600.0,0,0.0,11,61.1,4,467.02,0.4,1,true,completed
CV_h5s6n6.txt,BBLCT,6,5,18,18,600.0,0,0.0,3,16.7,5,561.69,0.4,1,true,completed
CV_h5s6n7.txt,BBLCT,6,5,18,18,600.0,0,0.0,2,11.1,5,567.17,0.5,1,true,completed
CV_h5s6n8.txt,BBLCT,6,5,18,18,600.0,1,5.6,5,27.8,5,578.32,0.5,1,true,completed
CV_h5s6n9.txt,BBLCT,6,5,18,18,600.0,0,0.0,3,16.7,3,332.88,2.1,327,true,completed
CV_h5s7n1.txt,BBLCT,7,5,21,21,600.0,0,0.0,12,57.1,4,486.40,0.6,1,true,completed
CV_h5s7n10.txt,BBLCT,7,5,21,21,600.0,0,0.0,12,57.1,5,599.71,1.3,38,true,completed
CV_h5s7n11.txt,BBLCT,7,5,21,21,600.0,0,0.0,7,33.3,5,559.19,0.6,1,true,completed
CV_h5s7n12.txt,BBLCT,7,5,21,21,600.0,1,4.8,11,52.4,5,569.65,0.9,1,true,completed
CV_h5s7n13.txt,BBLCT,7,5,21,21,600.0,0,0.0,3,14.3,5,550.44,0.6,1,true,completed
CV_h5s7n14.txt,BBLCT,7,5,21,21,600.0,0,0.0,7,33.3,5,569.52,0.6,1,true,completed
CV_h5s7n15.txt,BBLCT,7,5,21,21,600.0,0,0.0,12,57.1,5,591.72,0.6,1,true,completed
CV_h5s7n16.txt,BBLCT,7,5,21,21,600.0,3,14.3,5,23.8,4,476.03,0.6,1,true,completed
CV_h5s7n17.txt,BBLCT,7,5,21,21,600.0,1,4.8,9,42.9,5,561.77,0.9,1,true,completed
CV_h5s7n18.txt,BBLCT,7,5,21,21,600.0,5,23.8,9,42.9,5,587.40,2.3,96,true,completed
CV_h5s7n19.txt,BBLCT,7,5,21,21,600.0,0,0.0,3,14.3,5,532.96,0.5,1,true,completed
CV_h5s7n2.txt,BBLCT,7,5,21,21,600.0,0,0.0,8,38.1,5,573.58,0.6,1,true,completed
CV_h5s7n20.txt,BBLCT,7,5,21,21,600.0,0,0.0,10,47.6,4,419.30,0.7,15,true,completed
CV_h5s7n21.txt,BBLCT,7,5,21,21,600.0,0,0.0,5,23.8,5,556.51,0.6,1,true,completed
CV_h5s7n22.txt,BBLCT,7,5,21,21,600.0,0,0.0,6,28.6,5,593.50,0.6,1,true,completed
CV_h5s7n23.txt,BBLCT,7,5,21,21,600.0,0,0.0,5,23.8,5,552.15,0.6,1,true,completed
CV_h5s7n24.txt,BBLCT,7,5,21,21,600.0,1,4.8,8,38.1,4,455.24,0.6,1,true,completed
CV_h5s7n25.txt,BBLCT,7,5,21,21,600.0,1,4.8,6,28.6,5,565.64,0.6,1,true,completed
CV_h5s7n26.txt,BBLCT,7,5,21,21,600.0,0,0.0,6,28.6,5,574.45,1.4,69,true,completed
CV_h5s7n27.txt,BBLCT,7,5,21,21,600.0,0,0.0,5,23.8,5,561.51,0.7,1,true,completed
CV_h5s7n28.txt,BBLCT,7,5,21,21,600.0,2,9.5,10,47.6,5,590.08,0.6,1,true,completed
CV_h5s7n29.txt,BBLCT,7,5,21,21,600.0,1,4.8,4,19.0,4,489.21,0.6,1,true,completed
CV_h5s7n3.txt,BBLCT,7,5,21,21,600.0,3,14.3,8,38.1,5,575.96,0.6,1,true,completed
CV_h5s7n30.txt,BBLCT,7,5,21,21,600.0,2,9.5,6,28.6,5,578.69,0.6,1,true,completed
CV_h5s7n31.txt,BBLCT,7,5,21,21,600.0,0,0.0,5,23.8,4,441.25,0.6,1,true,completed
CV_h5s7n32.txt,BBLCT,7,5,21,21,600.0,1,4.8,4,19.0,4,452.82,6.2,619,true,completed
CV_h5s7n33.txt,BBLCT,7,5,21,21,600.0,0,0.0,4,19.0,5,561.44,5.1,619,true,completed
CV_h5s7n34.txt,BBLCT,7,5,21,21,600.0,0,0.0,6,28.6,4,439.08,0.6,1,true,completed
CV_h5s7n35.txt,BBLCT,7,5,21,21,600.0,0,0.0,4,19.0,4,481.18,2.6,327,true,completed
CV_h5s7n36.txt,BBLCT,7,5,21,21,600.0,0,0.0,7,33.3,4,459.89,0.6,1,true,completed
CV_h5s7n37.txt,BBLCT,7,5,21,21,600.0,0,0.0,9,42.9,5,561.39,3.1,239,true,completed
CV_h5s7n38.txt,BBLCT,7,5,21,21,600.0,1,4.8,3,14.3,5,546.42,0.6,1,true,completed
CV_h5s7n39.txt,BBLCT,7,5,21,21,600.0,0,0.0,9,42.9,5,577.84,0.6,1,true,completed
CV_h5s7n4.txt,BBLCT,7,5,21,21,600.0,0,0.0,8,38.1,5,532.67,0.6,1,true,completed
CV_h5s7n40.txt,BBLCT,7,5,21,21,600.0,0,0.0,8,38.1,5,570.80,0.6,1,true,completed
CV_h5s7n5.txt,BBLCT,7,5,21,21,600.0,0,0.0,4,19.0,5,548.63,0.6,1,true,completed
CV_h5s7n6.txt,BBLCT,7,5,21,21,600.0,1,4.8,7,33.3,5,560.45,0.6,1,true,completed
CV_h5s7n7.txt,BBLCT,7,5,21,21,600.0,0,0.0,4,19.0,5,571.37,0.6,1,true,completed
CV_h5s7n8.txt,BBLCT,7,5,21,21,600.0,0,0.0,10,47.6,5,572.07,0.6,1,true,completed
CV_h5s7n9.txt,BBLCT,7,5,21,21,600.0,0,0.0,4,19.0,4,434.51,5.8,619,true,completed
CV_h5s8n1.txt,BBLCT,8,5,24,24,600.0,0,0.0,6,25.0,5,574.70,1.0,24,true,completed
CV_h5s8n10.txt,BBLCT,8,5,24,24,600.0,0,0.0,6,25.0,4,455.94,9.0,619,true,completed
CV_h5s8n11.txt,BBLCT,8,5,24,24,600.0,1,4.2,4,16.7,5,551.46,0.7,1,true,completed
CV_h5s8n12.txt,BBLCT,8,5,24,24,600.0,0,0.0,7,29.2,5,528.37,0.7,1,true,completed
CV_h5s8n13.txt,BBLCT,8,5,24,24,600.0,0,0.0,6,25.0,5,587.32,0.7,1,true,completed
CV_h5s8n14.txt,BBLCT,8,5,24,24,600.0,0,0.0,5,20.8,4,433.72,10.6,619,true,completed
CV_h5s8n15.txt,BBLCT,8,5,24,24,600.0,0,0.0,6,25.0,5,581.67,0.7,1,true,completed
CV_h5s8n16.txt,BBLCT,8,5,24,24,600.0,1,4.2,8,33.3,5,588.04,0.7,1,true,completed
CV_h5s8n17.txt,BBLCT,8,5,24,24,600.0,1,4.2,11,45.8,3,337.41,10.0,381,true,completed
CV_h5s8n18.txt,BBLCT,8,5,24,24,600.0,0,0.0,8,33.3,5,544.63,0.7,1,true,completed
CV_h5s8n19.txt,BBLCT,8,5,24,24,600.0,0,0.0,8,33.3,5,555.14,0.7,1,true,completed
CV_h5s8n2.txt,BBLCT,8,5,24,24,600.0,0,0.0,8,33.3,5,570.00,0.7,1,true,completed
CV_h5s8n20.txt,BBLCT,8,5,24,24,600.0,0,0.0,4,16.7,5,545.35,0.7,1,true,completed
CV_h5s8n21.txt,BBLCT,8,5,24,24,600.0,0,0.0,10,41.7,5,593.59,0.7,1,true,completed
CV_h5s8n22.txt,BBLCT,8,5,24,24,600.0,0,0.0,6,25.0,5,564.92,0.7,1,true,completed
CV_h5s8n23.txt,BBLCT,8,5,24,24,600.0,0,0.0,9,37.5,5,587.11,0.6,1,true,completed
CV_h5s8n24.txt,BBLCT,8,5,24,24,600.0,0,0.0,11,45.8,5,549.57,0.7,1,true,completed
CV_h5s8n25.txt,BBLCT,8,5,24,24,600.0,1,4.2,10,41.7,5,571.42,2.6,90,true,completed
CV_h5s8n26.txt,BBLCT,8,5,24,24,600.0,0,0.0,3,12.5,5,586.28,0.7,1,true,completed
CV_h5s8n27.txt,BBLCT,8,5,24,24,600.0,0,0.0,5,20.8,5,580.89,0.7,1,true,completed
CV_h5s8n28.txt,BBLCT,8,5,24,24,600.0,0,0.0,10,41.7,5,573.85,0.7,1,true,completed
CV_h5s8n29.txt,BBLCT,8,5,24,24,600.0,0,0.0,5,20.8,5,560.03,0.7,1,true,completed
CV_h5s8n3.txt,BBLCT,8,5,24,24,600.0,0,0.0,7,29.2,5,574.23,0.7,1,true,completed
CV_h5s8n30.txt,BBLCT,8,5,24,24,600.0,0,0.0,6,25.0,5,589.98,0.7,1,true,completed
CV_h5s8n31.txt,BBLCT,8,5,24,24,600.0,0,0.0,4,16.7,5,590.88,0.7,1,true,completed
CV_h5s8n32.txt,BBLCT,8,5,24,24,600.0,0,0.0,3,12.5,5,556.60,0.6,1,true,completed
CV_h5s8n33.txt,BBLCT,8,5,24,24,600.0,0,0.0,4,16.7,5,583.41,0.7,1,true,completed
CV_h5s8n34.txt,BBLCT,8,5,24,24,600.0,0,0.0,3,12.5,5,577.86,0.7,1,true,completed
CV_h5s8n35.txt,BBLCT,8,5,24,24,600.0,0,0.0,5,20.8,5,569.07,0.7,1,true,completed
CV_h5s8n36.txt,BBLCT,8,5,24,24,600.0,0,0.0,4,16.7,4,512.64,0.7,1,true,completed
CV_h5s8n37.txt,BBLCT,8,5,24,24,600.0,0,0.0,13,54.2,5,579.77,0.7,1,true,completed
CV_h5s8n38.txt,BBLCT,8,5,24,24,600.0,0,0.0,7,29.2,5,542.43,0.8,1,true,completed
CV_h5s8n39.txt,BBLCT,8,5,24,24,600.0,0,0.0,4,16.7,5,559.39,0.6,1,true,completed
CV_h5s8n4.txt,BBLCT,8,5,24,24,600.0,1,4.2,6,25.0,4,428.59,1.0,12,true,completed
CV_h5s8n40.txt,BBLCT,8,5,24,24,600.0,1,4.2,6,25.0,5,571.89,0.7,1,true,completed
CV_h5s8n5.txt,BBLCT,8,5,24,24,600.0,0,0.0,7,29.2,4,477.88,0.8,1,true,completed
CV_h5s8n6.txt,BBLCT,8,5,24,24,600.0,0,0.0,5,20.8,5,568.40,0.9,1,true,completed
CV_h5s8n7.txt,BBLCT,8,5,24,24,600.0,0,0.0,4,16.7,5,539.76,0.8,1,true,completed
CV_h5s8n8.txt,BBLCT,8,5,24,24,600.0,2,8.3,4,16.7,4,500.22,0.7,1,true,completed
CV_h5s8n9.txt,BBLCT,8,5,24,24,600.0,0,0.0,5,20.8,5,549.94,9.4,619,true,completed
CV_h6s4n1.txt,BBLCT,4,6,16,16,600.0,0,0.0,4,25.0,4,498.41,0.4,1,true,completed
CV_h6s4n10.txt,BBLCT,4,6,16,16,600.0,0,0.0,5,31.2,4,468.81,0.4,9,true,completed
CV_h6s4n11.txt,BBLCT,4,6,16,16,600.0,0,0.0,3,18.8,4,469.43,0.4,1,true,completed
CV_h6s4n12.txt,BBLCT,4,6,16,16,600.0,3,18.8,5,31.2,5,589.25,0.4,1,true,completed
CV_h6s4n13.txt,BBLCT,4,6,16,16,600.0,0,0.0,4,25.0,5,558.46,0.4,1,true,completed
CV_h6s4n14.txt,BBLCT,4,6,16,16,600.0,0,0.0,2,12.5,4,464.41,0.4,1,true,completed
CV_h6s4n15.txt,BBLCT,4,6,16,16,600.0,1,6.2,5,31.2,5,596.92,0.6,90,true,completed
CV_h6s4n16.txt,BBLCT,4,6,16,16,600.0,0,0.0,2,12.5,4,456.74,0.4,1,true,completed
CV_h6s4n17.txt,BBLCT,4,6,16,16,600.0,0,0.0,3,18.8,4,452.73,0.4,1,true,completed
CV_h6s4n18.txt,BBLCT,4,6,16,16,600.0,0,0.0,1,6.2,4,455.36,0.4,1,true,completed
CV_h6s4n19.txt,BBLCT,4,6,16,16,600.0,0,0.0,3,18.8,5,599.57,0.5,24,true,completed
CV_h6s4n2.txt,BBLCT,4,6,16,16,600.0,0,0.0,6,37.5,4,449.20,0.4,1,true,completed
CV_h6s4n20.txt,BBLCT,4,6,16,16,600.0,0,0.0,6,37.5,5,564.83,0.4,1,true,completed
CV_h6s4n21.txt,BBLCT,4,6,16,16,600.0,0,0.0,2,12.5,3,361.17,0.4,1,true,completed
CV_h6s4n22.txt,BBLCT,4,6,16,16,600.0,0,0.0,3,18.8,5,584.88,0.8,40,true,completed
CV_h6s4n23.txt,BBLCT,4,6,16,16,600.0,0,0.0,3,18.8,3,357.12,0.5,52,true,completed
CV_h6s4n24.txt,BBLCT,4,6,16,16,600.0,0,0.0,4,25.0,2,229.47,0.4,16,true,completed
CV_h6s4n25.txt,BBLCT,4,6,16,16,600.0,1,6.2,4,25.0,2,220.18,0.4,17,true,completed
CV_h6s4n26.txt,BBLCT,4,6,16,16,600.0,0,0.0,5,31.2,4,476.25,0.4,1,true,completed
CV_h6s4n27.txt,BBLCT,4,6,16,16,600.0,0,0.0,4,25.0,2,230.67,0.5,35,true,completed
CV_h6s4n28.txt,BBLCT,4,6,16,16,600.0,0,0.0,3,18.8,4,450.42,0.4,1,true,completed
CV_h6s4n29.txt,BBLCT,4,6,16,16,600.0,0,0.0,6,37.5,5,577.58,0.5,43,true,completed
CV_h6s4n3.txt,BBLCT,4,6,16,16,600.0,2,12.5,3,18.8,4,439.94,0.4,5,true,completed
CV_h6s4n30.txt,BBLCT,4,6,16,16,600.0,0,0.0,2,12.5,3,336.93,0.4,12,true,completed
CV_h6s4n31.txt,BBLCT,4,6,16,16,600.0,1,6.2,3,18.8,2,210.05,0.5,18,true,completed
CV_h6s4n32.txt,BBLCT,4,6,16,16,600.0,2,12.5,4,25.0,5,580.18,0.4,1,true,completed
CV_h6s4n33.txt,BBLCT,4,6,16,16,600.0,0,0.0,2,12.5,2,224.04,0.5,7,true,completed
CV_h6s4n34.txt,BBLCT,4,6,16,16,600.0,1,6.2,3,18.8,4,465.67,0.4,1,true,completed
CV_h6s4n35.txt,BBLCT,4,6,16,16,600.0,0,0.0,1,6.2,4,454.06,0.4,1,true,completed
CV_h6s4n36.txt,BBLCT,4,6,16,16,600.0,0,0.0,3,18.8,4,457.96,0.4,1,true,completed
CV_h6s4n37.txt,BBLCT,4,6,16,16,600.0,1,6.2,7,43.8,5,576.16,0.5,45,true,completed
CV_h6s4n38.txt,BBLCT,4,6,16,16,600.0,0,0.0,3,18.8,5,577.36,0.5,30,true,completed
CV_h6s4n39.txt,BBLCT,4,6,16,16,600.0,1,6.2,2,12.5,3,366.25,0.4,7,true,completed
CV_h6s4n4.txt,BBLCT,4,6,16,16,600.0,1,6.2,3,18.8,4,463.67,0.4,15,true,completed
CV_h6s4n40.txt,BBLCT,4,6,16,16,600.0,0,0.0,2,12.5,3,332.88,0.4,1,true,completed
CV_h6s4n5.txt,BBLCT,4,6,16,16,600.0,0,0.0,2,12.5,4,469.43,0.4,11,true,completed
CV_h6s4n6.txt,BBLCT,4,6,16,16,600.0,1,6.2,8,50.0,3,346.05,0.5,63,true,completed
CV_h6s4n7.txt,BBLCT,4,6,16,16,600.0,0,0.0,3,18.8,4,406.83,0.4,1,true,completed
CV_h6s4n8.txt,BBLCT,4,6,16,16,600.0,1,6.2,3,18.8,3,366.25,0.4,1,true,completed
CV_h6s4n9.txt,BBLCT,4,6,16,16,600.0,0,0.0,5,31.2,5,582.44,0.5,100,true,completed
CV_h6s5n1.txt,BBLCT,5,6,20,20,600.0,0,0.0,3,15.0,2,232.00,1.0,145,true,completed
CV_h6s5n10.txt,BBLCT,5,6,20,20,600.0,0,0.0,4,20.0,5,569.27,0.6,1,true,completed
CV_h6s5n11.txt,BBLCT,5,6,20,20,600.0,1,5.0,8,40.0,4,495.05,0.5,1,true,completed
CV_h6s5n12.txt,BBLCT,5,6,20,20,600.0,0,0.0,5,25.0,5,591.96,0.6,1,true,completed
CV_h6s5n13.txt,BBLCT,5,6,20,20,600.0,1,5.0,4,20.0,4,472.30,0.5,1,true,completed
CV_h6s5n14.txt,BBLCT,5,6,20,20,600.0,0,0.0,4,20.0,4,436.51,0.6,1,true,completed
CV_h6s5n15.txt,BBLCT,5,6,20,20,600.0,0,0.0,4,20.0,4,483.68,0.5,1,true,completed
CV_h6s5n16.txt,BBLCT,5,6,20,20,600.0,0,0.0,2,10.0,4,466.67,0.5,1,true,completed
CV_h6s5n17.txt,BBLCT,5,6,20,20,600.0,1,5.0,2,10.0,3,366.25,0.8,123,true,completed
CV_h6s5n18.txt,BBLCT,5,6,20,20,600.0,0,0.0,4,20.0,4,466.71,0.5,1,true,completed
CV_h6s5n19.txt,BBLCT,5,6,20,20,600.0,0,0.0,3,15.0,4,473.97,0.5,1,true,completed
CV_h6s5n2.txt,BBLCT,5,6,20,20,600.0,0,0.0,4,20.0,4,466.18,0.5,1,true,completed
CV_h6s5n20.txt,BBLCT,5,6,20,20,600.0,0,0.0,1,5.0,4,470.47,0.5,1,true,completed
CV_h6s5n21.txt,BBLCT,5,6,20,20,600.0,0,0.0,3,15.0,4,443.81,1.4,327,true,completed
CV_h6s5n22.txt,BBLCT,5,6,20,20,600.0,0,0.0,4,20.0,5,545.56,0.6,1,true,completed
CV_h6s5n23.txt,BBLCT,5,6,20,20,600.0,0,0.0,2,10.0,4,466.67,1.3,327,true,completed
CV_h6s5n24.txt,BBLCT,5,6,20,20,600.0,1,5.0,2,10.0,2,221.51,0.8,123,true,completed
CV_h6s5n25.txt,BBLCT,5,6,20,20,600.0,0,0.0,4,20.0,4,435.25,0.5,1,true,completed
CV_h6s5n26.txt,BBLCT,5,6,20,20,600.0,0,0.0,3,15.0,5,582.30,0.5,1,true,completed
CV_h6s5n27.txt,BBLCT,5,6,20,20,600.0,0,0.0,6,30.0,4,447.25,0.6,10,true,completed
CV_h6s5n28.txt,BBLCT,5,6,20,20,600.0,0,0.0,4,20.0,2,211.47,0.6,27,true,completed
CV_h6s5n29.txt,BBLCT,5,6,20,20,600.0,0,0.0,4,20.0,4,451.34,0.5,1,true,completed
CV_h6s5n3.txt,BBLCT,5,6,20,20,600.0,1,5.0,5,25.0,5,596.58,0.6,1,true,completed
CV_h6s5n30.txt,BBLCT,5,6,20,20,600.0,0,0.0,3,15.0,5,578.19,0.6,1,true,completed
CV_h6s5n31.txt,BBLCT,5,6,20,20,600.0,0,0.0,1,5.0,4,501.30,0.5,1,true,completed
CV_h6s5n32.txt,BBLCT,5,6,20,20,600.0,3,15.0,7,35.0,3,336.95,0.8,39,true,completed
CV_h6s5n33.txt,BBLCT,5,6,20,20,600.0,1,5.0,5,25.0,5,594.57,0.6,18,true,completed
CV_h6s5n34.txt,BBLCT,5,6,20,20,600.0,0,0.0,3,15.0,4,464.41,0.5,1,true,completed
CV_h6s5n35.txt,BBLCT,5,6,20,20,600.0,0,0.0,2,10.0,2,211.47,1.1,233,true,completed
CV_h6s5n36.txt,BBLCT,5,6,20,20,600.0,0,0.0,5,25.0,5,582.47,0.5,1,true,completed
CV_h6s5n37.txt,BBLCT,5,6,20,20,600.0,0,0.0,2,10.0,5,579.61,0.5,1,true,completed
CV_h6s5n38.txt,BBLCT,5,6,20,20,600.0,1,5.0,3,15.0,3,366.25,0.8,99,true,completed
CV_h6s5n39.txt,BBLCT,5,6,20,20,600.0,0,0.0,6,30.0,4,468.01,0.5,1,true,completed
CV_h6s5n4.txt,BBLCT,5,6,20,20,600.0,0,0.0,9,45.0,5,582.46,0.5,1,true,completed
CV_h6s5n40.txt,BBLCT,5,6,20,20,600.0,1,5.0,3,15.0,4,418.46,0.6,12,true,completed
CV_h6s5n5.txt,BBLCT,5,6,20,20,600.0,0,0.0,2,10.0,5,581.92,0.5,1,true,completed
CV_h6s5n6.txt,BBLCT,5,6,20,20,600.0,0,0.0,3,15.0,4,475.57,0.5,1,true,completed
CV_h6s5n7.txt,BBLCT,5,6,20,20,600.0,0,0.0,5,25.0,5,596.38,0.5,1,true,completed
CV_h6s5n8.txt,BBLCT,5,6,20,20,600.0,0,0.0,5,25.0,5,585.80,0.5,1,true,completed
CV_h6s5n9.txt,BBLCT,5,6,20,20,600.0,1,5.0,5,25.0,4,462.45,0.5,1,true,completed
CV_h6s6n1.txt,BBLCT,6,6,24,24,600.0,0,0.0,3,12.5,5,576.89,1.2,123,true,completed
CV_h6s6n10.txt,BBLCT,6,6,24,24,600.0,0,0.0,3,12.5,5,565.93,0.7,1,true,completed
CV_h6s6n11.txt,BBLCT,6,6,24,24,600.0,0,0.0,1,4.2,4,486.69,0.6,1,true,completed
CV_h6s6n12.txt,BBLCT,6,6,24,24,600.0,2,8.3,5,20.8,4,491.15,0.7,1,true,completed
CV_h6s6n13.txt,BBLCT,6,6,24,24,600.0,0,0.0,5,20.8,4,433.58,0.7,1,true,completed
CV_h6s6n14.txt,BBLCT,6,6,24,24,600.0,0,0.0,8,33.3,5,555.81,0.6,1,true,completed
CV_h6s6n15.txt,BBLCT,6,6,24,24,600.0,1,4.2,6,25.0,3,331.66,1.4,96,true,completed
CV_h6s6n16.txt,BBLCT,6,6,24,24,600.0,2,8.3,6,25.0,4,499.11,0.7,1,true,completed
CV_h6s6n17.txt,BBLCT,6,6,24,24,600.0,0,0.0,3,12.5,4,452.48,0.7,1,true,completed
CV_h6s6n18.txt,BBLCT,6,6,24,24,600.0,0,0.0,2,8.3,4,497.18,0.7,1,true,completed
CV_h6s6n19.txt,BBLCT,6,6,24,24,600.0,0,0.0,3,12.5,5,592.11,0.7,1,true,completed
CV_h6s6n2.txt,BBLCT,6,6,24,24,600.0,1,4.2,6,25.0,5,574.56,0.6,1,true,completed
CV_h6s6n20.txt,BBLCT,6,6,24,24,600.0,0,0.0,8,33.3,4,473.63,0.6,1,true,completed
CV_h6s6n21.txt,BBLCT,6,6,24,24,600.0,0,0.0,7,29.2,5,588.95,0.7,1,true,completed
CV_h6s6n22.txt,BBLCT,6,6,24,24,600.0,0,0.0,3,12.5,4,479.00,1.7,233,true,completed
CV_h6s6n23.txt,BBLCT,6,6,24,24,600.0,0,0.0,5,20.8,5,551.61,0.6,1,true,completed
CV_h6s6n24.txt,BBLCT,6,6,24,24,600.0,0,0.0,3,12.5,4,457.88,2.4,327,true,completed
CV_h6s6n25.txt,BBLCT,6,6,24,24,600.0,1,4.2,2,8.3,4,477.24,0.7,1,true,completed
CV_h6s6n26.txt,BBLCT,6,6,24,24,600.0,0,0.0,4,16.7,4,474.55,0.6,1,true,completed
CV_h6s6n27.txt,BBLCT,6,6,24,24,600.0,1,4.2,5,20.8,5,596.63,1.1,47,true,completed
CV_h6s6n28.txt,BBLCT,6,6,24,24,600.0,1,4.2,2,8.3,5,555.24,0.7,1,true,completed
CV_h6s6n29.txt,BBLCT,6,6,24,24,600.0,0,0.0,3,12.5,5,585.53,0.7,1,true,completed
CV_h6s6n3.txt,BBLCT,6,6,24,24,600.0,3,12.5,8,33.3,5,568.79,0.7,1,true,completed
CV_h6s6n30.txt,BBLCT,6,6,24,24,600.0,0,0.0,2,8.3,5,580.50,0.6,1,true,completed
CV_h6s6n31.txt,BBLCT,6,6,24,24,600.0,1,4.2,5,20.8,4,488.18,2.7,351,true,completed
CV_h6s6n32.txt,BBLCT,6,6,24,24,600.0,0,0.0,4,16.7,5,591.06,0.7,1,true,completed
CV_h6s6n33.txt,BBLCT,6,6,24,24,600.0,0,0.0,5,20.8,4,455.64,0.6,1,true,completed
CV_h6s6n34.txt,BBLCT,6,6,24,24,600.0,0,0.0,3,12.5,5,565.45,0.7,1,true,completed
CV_h6s6n35.txt,BBLCT,6,6,24,24,600.0,0,0.0,3,12.5,4,472.47,2.0,233,true,completed
CV_h6s6n36.txt,BBLCT,6,6,24,24,600.0,0,0.0,3,12.5,4,466.93,0.6,1,true,completed
CV_h6s6n37.txt,BBLCT,6,6,24,24,600.0,0,0.0,3,12.5,4,480.45,0.7,1,true,completed
CV_h6s6n38.txt,BBLCT,6,6,24,24,600.0,0,0.0,3,12.5,5,584.45,0.6,1,true,completed
CV_h6s6n39.txt,BBLCT,6,6,24,24,600.0,0,0.0,2,8.3,5,568.28,0.6,1,true,completed
CV_h6s6n4.txt,BBLCT,6,6,24,24,600.0,2,8.3,3,12.5,4,462.06,0.7,1,true,completed
CV_h6s6n40.txt,BBLCT,6,6,24,24,600.0,0,0.0,3,12.5,5,582.26,1.3,123,true,completed
CV_h6s6n5.txt,BBLCT,6,6,24,24,600.0,0,0.0,1,4.2,4,477.92,0.6,1,true,completed
CV_h6s6n6.txt,BBLCT,6,6,24,24,600.0,0,0.0,3,12.5,5,583.58,0.7,1,true,completed
CV_h6s6n7.txt,BBLCT,6,6,24,24,600.0,0,0.0,3,12.5,5,591.40,0.6,1,true,completed
CV_h6s6n8.txt,BBLCT,6,6,24,24,600.0,0,0.0,9,37.5,5,587.47,0.6,1,true,completed
CV_h6s6n9.txt,BBLCT,6,6,24,24,600.0,1,4.2,3,12.5,5,587.40,0.7,1,true,completed
CV_h6s7n1.txt,BBLCT,7,6,28,28,600.0,1,3.6,3,10.7,5,564.16,0.8,1,true,completed
CV_h6s7n10.txt,BBLCT,7,6,28,28,600.0,2,7.1,4,14.3,5,582.56,1.1,1,true,completed
CV_h6s7n11.txt,BBLCT,7,6,28,28,600.0,0,0.0,2,7.1,5,587.42,0.8,1,true,completed
CV_h6s7n12.txt,BBLCT,7,6,28,28,600.0,2,7.1,6,21.4,5,557.36,1.0,1,true,completed
CV_h6s7n13.txt,BBLCT,7,6,28,28,600.0,0,0.0,5,17.9,4,447.00,0.8,1,true,completed
CV_h6s7n14.txt,BBLCT,7,6,28,28,600.0,0,0.0,2,7.1,5,584.74,0.8,1,true,completed
CV_h6s7n15.txt,BBLCT,7,6,28,28,600.0,0,0.0,4,14.3,5,580.92,0.8,1,true,completed
CV_h6s7n16.txt,BBLCT,7,6,28,28,600.0,1,3.6,4,14.3,5,568.89,0.8,1,true,completed
CV_h6s7n17.txt,BBLCT,7,6,28,28,600.0,2,7.1,4,14.3,4,480.03,0.8,1,true,completed
CV_h6s7n18.txt,BBLCT,7,6,28,28,600.0,1,3.6,3,10.7,5,592.11,0.8,1,true,completed
CV_h6s7n19.txt,BBLCT,7,6,28,28,600.0,0,0.0,6,21.4,5,566.32,1.5,58,true,completed
CV_h6s7n2.txt,BBLCT,7,6,28,28,600.0,0,0.0,1,3.6,4,476.54,0.7,1,true,completed
CV_h6s7n20.txt,BBLCT,7,6,28,28,600.0,1,3.6,3,10.7,5,594.64,1.1,27,true,completed
CV_h6s7n21.txt,BBLCT,7,6,28,28,600.0,0,0.0,1,3.6,4,478.79,0.8,1,true,completed
CV_h6s7n22.txt,BBLCT,7,6,28,28,600.0,0,0.0,4,14.3,4,473.17,0.9,1,true,completed
CV_h6s7n23.txt,BBLCT,7,6,28,28,600.0,0,0.0,7,25.0,5,533.33,0.9,1,true,completed
CV_h6s7n24.txt,BBLCT,7,6,28,28,600.0,0,0.0,4,14.3,5,582.78,0.9,1,true,completed
CV_h6s7n25.txt,BBLCT,7,6,28,28,600.0,0,0.0,2,7.1,4,486.17,0.8,1,true,completed
CV_h6s7n26.txt,BBLCT,7,6,28,28,600.0,0,0.0,5,17.9,5,567.98,0.8,1,true,completed
CV_h6s7n27.txt,BBLCT,7,6,28,28,600.0,0,0.0,4,14.3,5,586.09,0.8,1,true,completed
CV_h6s7n28.txt,BBLCT,7,6,28,28,600.0,0,0.0,1,3.6,4,475.83,0.8,1,true,completed
CV_h6s7n29.txt,BBLCT,7,6,28,28,600.0,1,3.6,3,10.7,4,476.60,0.8,1,true,completed
CV_h6s7n3.txt,BBLCT,7,6,28,28,600.0,1,3.6,4,14.3,5,587.26,0.8,1,true,completed
CV_h6s7n30.txt,BBLCT,7,6,28,28,600.0,1,3.6,6,21.4,5,597.13,0.8,1,true,completed
CV_h6s7n31.txt,BBLCT,7,6,28,28,600.0,0,0.0,2,7.1,5,575.67,0.8,1,true,completed
CV_h6s7n32.txt,BBLCT,7,6,28,28,600.0,0,0.0,3,10.7,5,576.43,0.8,1,true,completed
CV_h6s7n33.txt,BBLCT,7,6,28,28,600.0,0,0.0,2,7.1,5,595.61,0.8,1,true,completed
CV_h6s7n34.txt,BBLCT,7,6,28,28,600.0,0,0.0,4,14.3,5,591.99,0.8,1,true,completed
CV_h6s7n35.txt,BBLCT,7,6,28,28,600.0,0,0.0,2,7.1,5,599.62,1.3,34,true,completed
CV_h6s7n36.txt,BBLCT,7,6,28,28,600.0,0,0.0,3,10.7,5,568.76,0.8,1,true,completed
CV_h6s7n37.txt,BBLCT,7,6,28,28,600.0,0,0.0,5,17.9,5,599.30,1.2,23,true,completed
CV_h6s7n38.txt,BBLCT,7,6,28,28,600.0,0,0.0,5,17.9,5,569.25,0.8,1,true,completed
CV_h6s7n39.txt,BBLCT,7,6,28,28,600.0,1,3.6,5,17.9,4,476.45,3.2,233,true,completed
CV_h6s7n4.txt,BBLCT,7,6,28,28,600.0,0,0.0,2,7.1,5,588.25,0.8,1,true,completed
CV_h6s7n40.txt,BBLCT,7,6,28,28,600.0,0,0.0,4,14.3,5,589.29,0.8,1,true,completed
CV_h6s7n5.txt,BBLCT,7,6,28,28,600.0,0,0.0,5,17.9,5,575.77,0.9,1,true,completed
CV_h6s7n6.txt,BBLCT,7,6,28,28,600.0,2,7.1,3,10.7,4,480.67,0.8,1,true,completed
CV_h6s7n7.txt,BBLCT,7,6,28,28,600.0,1,3.6,5,17.9,5,565.41,0.9,1,true,completed
CV_h6s7n8.txt,BBLCT,7,6,28,28,600.0,0,0.0,5,17.9,5,589.26,0.8,1,true,completed
CV_h6s7n9.txt,BBLCT,7,6,28,28,600.0,0,0.0,2,7.1,5,587.24,0.7,1,true,completed
CV_h7s10n1.txt,BBLCT,10,7,50,50,600.0,0,0.0,1,2.0,4,468.12,2.1,1,true,completed
CV_h7s10n10.txt,BBLCT,10,7,50,50,600.0,0,0.0,2,4.0,4,473.96,2.2,1,true,completed
CV_h7s10n11.txt,BBLCT,10,7,50,50,600.0,0,0.0,1,2.0,4,475.18,2.3,1,true,completed
CV_h7s10n12.txt,BBLCT,10,7,50,50,600.0,0,0.0,1,2.0,4,544.91,2.6,19,true,completed
CV_h7s10n13.txt,BBLCT,10,7,50,50,600.0,0,0.0,4,8.0,4,494.83,2.2,1,true,completed
CV_h7s10n14.txt,BBLCT,10,7,50,50,600.0,0,0.0,2,4.0,4,498.69,3.6,59,true,completed
CV_h7s10n15.txt,BBLCT,10,7,50,50,600.0,0,0.0,1,2.0,1,114.22,3.3,31,true,completed
CV_h7s10n16.txt,BBLCT,10,7,50,50,600.0,1,2.0,5,10.0,4,487.00,2.4,1,true,completed
CV_h7s10n17.txt,BBLCT,10,7,50,50,600.0,0,0.0,4,8.0,5,540.85,2.7,1,true,completed
CV_h7s10n18.txt,BBLCT,10,7,50,50,600.0,0,0.0,5,10.0,5,590.63,2.2,1,true,completed
CV_h7s10n19.txt,BBLCT,10,7,50,50,600.0,1,2.0,2,4.0,1,112.96,4.4,58,true,completed
CV_h7s10n2.txt,BBLCT,10,7,50,50,600.0,0,0.0,1,2.0,4,535.50,2.1,1,true,completed
CV_h7s10n20.txt,BBLCT,10,7,50,50,600.0,0,0.0,4,8.0,4,492.80,2.1,1,true,completed
CV_h7s10n21.txt,BBLCT,10,7,50,50,600.0,0,0.0,4,8.0,4,507.20,2.1,1,true,completed
CV_h7s10n22.txt,BBLCT,10,7,50,50,600.0,0,0.0,2,4.0,4,537.01,2.3,1,true,completed
CV_h7s10n23.txt,BBLCT,10,7,50,50,600.0,0,0.0,1,2.0,4,499.07,2.0,1,true,completed
CV_h7s10n24.txt,BBLCT,10,7,50,50,600.0,0,0.0,1,2.0,4,543.65,2.0,1,true,completed
CV_h7s10n25.txt,BBLCT,10,7,50,50,600.0,2,4.0,3,6.0,4,534.42,2.4,1,true,completed
CV_h7s10n26.txt,BBLCT,10,7,50,50,600.0,0,0.0,1,2.0,4,516.77,1.9,1,true,completed
CV_h7s10n27.txt,BBLCT,10,7,50,50,600.0,0,0.0,2,4.0,4,491.23,2.4,1,true,completed
CV_h7s10n28.txt,BBLCT,10,7,50,50,600.0,0,0.0,1,2.0,4,480.72,2.2,1,true,completed
CV_h7s10n29.txt,BBLCT,10,7,50,50,600.0,0,0.0,3,6.0,5,581.84,2.4,1,true,completed
CV_h7s10n3.txt,BBLCT,10,7,50,50,600.0,0,0.0,2,4.0,4,499.07,3.6,59,true,completed
CV_h7s10n30.txt,BBLCT,10,7,50,50,600.0,0,0.0,2,4.0,4,478.34,2.1,1,true,completed
CV_h7s10n31.txt,BBLCT,10,7,50,50,600.0,1,2.0,4,8.0,5,582.26,3.8,49,true,completed
CV_h7s10n32.txt,BBLCT,10,7,50,50,600.0,0,0.0,5,10.0,4,480.40,2.3,1,true,completed
CV_h7s10n33.txt,BBLCT,10,7,50,50,600.0,0,0.0,1,2.0,4,497.43,3.9,80,true,completed
CV_h7s10n34.txt,BBLCT,10,7,50,50,600.0,0,0.0,5,10.0,5,589.05,2.3,1,true,completed
CV_h7s10n35.txt,BBLCT,10,7,50,50,600.0,0,0.0,2,4.0,4,483.31,2.1,1,true,completed
CV_h7s10n36.txt,BBLCT,10,7,50,50,600.0,0,0.0,4,8.0,4,501.89,2.0,1,true,completed
CV_h7s10n37.txt,BBLCT,10,7,50,50,600.0,0,0.0,1,2.0,4,481.52,2.1,1,true,completed
CV_h7s10n38.txt,BBLCT,10,7,50,50,600.0,0,0.0,3,6.0,4,519.01,5.8,78,true,completed
CV_h7s10n39.txt,BBLCT,10,7,50,50,600.0,0,0.0,1,2.0,4,498.69,3.5,60,true,completed
CV_h7s10n4.txt,BBLCT,10,7,50,50,600.0,0,0.0,2,4.0,5,583.25,3.6,53,true,completed
CV_h7s10n40.txt,BBLCT,10,7,50,50,600.0,0,0.0,1,2.0,4,482.67,1.9,1,true,completed
CV_h7s10n5.txt,BBLCT,10,7,50,50,600.0,0,0.0,1,2.0,4,485.27,2.1,1,true,completed
CV_h7s10n6.txt,BBLCT,10,7,50,50,600.0,0,0.0,2,4.0,4,493.52,2.2,1,true,completed
CV_h7s10n7.txt,BBLCT,10,7,50,50,600.0,0,0.0,1,2.0,4,485.83,2.3,1,true,completed
CV_h7s10n8.txt,BBLCT,10,7,50,50,600.0,0,0.0,1,2.0,4,486.08,2.3,1,true,completed
CV_h7s10n9.txt,BBLCT,10,7,50,50,600.0,0,0.0,5,10.0,5,568.35,2.1,1,true,completed
CV_h7s4n1.txt,BBLCT,4,7,20,20,600.0,0,0.0,2,10.0,1,111.69,0.6,23,true,completed
CV_h7s4n10.txt,BBLCT,4,7,20,20,600.0,0,0.0,3,15.0,4,465.62,0.5,1,true,completed
CV_h7s4n11.txt,BBLCT,4,7,20,20,600.0,0,0.0,3,15.0,5,575.99,0.5,21,true,completed
CV_h7s4n12.txt,BBLCT,4,7,20,20,600.0,0,0.0,1,5.0,4,456.69,0.5,1,true,completed
CV_h7s4n13.txt,BBLCT,4,7,20,20,600.0,0,0.0,1,5.0,4,454.06,0.5,1,true,completed
CV_h7s4n14.txt,BBLCT,4,7,20,20,600.0,0,0.0,3,15.0,4,492.38,0.5,1,true,completed
CV_h7s4n15.txt,BBLCT,4,7,20,20,600.0,0,0.0,7,35.0,4,476.47,0.5,1,true,completed
CV_h7s4n16.txt,BBLCT,4,7,20,20,600.0,0,0.0,2,10.0,4,511.79,0.5,1,true,completed
CV_h7s4n17.txt,BBLCT,4,7,20,20,600.0,0,0.0,1,5.0,4,461.57,0.5,1,true,completed
CV_h7s4n18.txt,BBLCT,4,7,20,20,600.0,1,5.0,5,25.0,5,595.27,0.7,125,true,completed
CV_h7s4n19.txt,BBLCT,4,7,20,20,600.0,0,0.0,2,10.0,3,330.36,0.7,99,true,completed
CV_h7s4n2.txt,BBLCT,4,7,20,20,600.0,0,0.0,1,5.0,4,497.74,0.5,1,true,completed
CV_h7s4n20.txt,BBLCT,4,7,20,20,600.0,0,0.0,2,10.0,3,359.80,0.5,1,true,completed
CV_h7s4n21.txt,BBLCT,4,7,20,20,600.0,0,0.0,3,15.0,2,211.38,0.6,35,true,completed
CV_h7s4n22.txt,BBLCT,4,7,20,20,600.0,3,15.0,3,15.0,0,0.00,0.6,24,true,completed
CV_h7s4n23.txt,BBLCT,4,7,20,20,600.0,0,0.0,7,35.0,5,559.79,0.4,1,true,completed
CV_h7s4n24.txt,BBLCT,4,7,20,20,600.0,0,0.0,1,5.0,4,510.24,0.5,1,true,completed
CV_h7s4n25.txt,BBLCT,4,7,20,20,600.0,3,15.0,4,20.0,2,233.26,0.5,15,true,completed
CV_h7s4n26.txt,BBLCT,4,7,20,20,600.0,0,0.0,1,5.0,4,492.38,0.5,1,true,completed
CV_h7s4n27.txt,BBLCT,4,7,20,20,600.0,0,0.0,1,5.0,4,453.05,0.5,1,true,completed
CV_h7s4n28.txt,BBLCT,4,7,20,20,600.0,0,0.0,1,5.0,4,439.95,0.5,1,true,completed
CV_h7s4n29.txt,BBLCT,4,7,20,20,600.0,1,5.0,3,15.0,4,395.92,0.6,1,true,completed
CV_h7s4n3.txt,BBLCT,4,7,20,20,600.0,0,0.0,5,25.0,4,447.14,0.5,1,true,completed
CV_h7s4n30.txt,BBLCT,4,7,20,20,600.0,1,5.0,2,10.0,1,111.69,0.5,6,true,completed
CV_h7s4n31.txt,BBLCT,4,7,20,20,600.0,1,5.0,5,25.0,5,588.49,0.6,26,true,completed
CV_h7s4n32.txt,BBLCT,4,7,20,20,600.0,0,0.0,1,5.0,4,456.78,0.5,1,true,completed
CV_h7s4n33.txt,BBLCT,4,7,20,20,600.0,0,0.0,2,10.0,4,404.83,0.5,1,true,completed
CV_h7s4n34.txt,BBLCT,4,7,20,20,600.0,0,0.0,1,5.0,3,370.11,0.6,123,true,completed
CV_h7s4n35.txt,BBLCT,4,7,20,20,600.0,0,0.0,2,10.0,4,456.74,0.6,1,true,completed
CV_h7s4n36.txt,BBLCT,4,7,20,20,600.0,0,0.0,3,15.0,4,448.95,0.5,1,true,completed
CV_h7s4n37.txt,BBLCT,4,7,20,20,600.0,0,0.0,1,5.0,4,499.07,0.4,1,true,completed
CV_h7s4n38.txt,BBLCT,4,7,20,20,600.0,0,0.0,1,5.0,1,111.69,0.6,71,true,completed
CV_h7s4n39.txt,BBLCT,4,7,20,20,600.0,0,0.0,1,5.0,1,111.69,0.6,63,true,completed
CV_h7s4n4.txt,BBLCT,4,7,20,20,600.0,0,0.0,3,15.0,3,345.53,0.5,1,true,completed
CV_h7s4n40.txt,BBLCT,4,7,20,20,600.0,0,0.0,3,15.0,3,365.80,0.5,1,true,completed
CV_h7s4n5.txt,BBLCT,4,7,20,20,600.0,0,0.0,2,10.0,4,510.24,0.6,1,true,completed
CV_h7s4n6.txt,BBLCT,4,7,20,20,600.0,0,0.0,2,10.0,3,339.53,0.5,12,true,completed
CV_h7s4n7.txt,BBLCT,4,7,20,20,600.0,0,0.0,5,25.0,5,592.79,0.7,85,true,completed
CV_h7s4n8.txt,BBLCT,4,7,20,20,600.0,0,0.0,2,10.0,3,373.72,0.5,1,true,completed
CV_h7s4n9.txt,BBLCT,4,7,20,20,600.0,2,10.0,3,15.0,2,232.00,0.6,42,true,completed
CV_h7s5n1.txt,BBLCT,5,7,25,25,600.0,0,0.0,1,4.0,4,475.83,0.7,1,true,completed
CV_h7s5n10.txt,BBLCT,5,7,25,25,600.0,0,0.0,1,4.0,5,562.18,0.7,1,true,completed
CV_h7s5n11.txt,BBLCT,5,7,25,25,600.0,0,0.0,2,8.0,1,110.43,1.0,72,true,completed
CV_h7s5n12.txt,BBLCT,5,7,25,25,600.0,0,0.0,2,8.0,4,492.38,0.7,1,true,completed
CV_h7s5n13.txt,BBLCT,5,7,25,25,600.0,0,0.0,5,20.0,4,451.03,0.7,1,true,completed
CV_h7s5n14.txt,BBLCT,5,7,25,25,600.0,0,0.0,3,12.0,4,415.63,0.8,1,true,completed
CV_h7s5n15.txt,BBLCT,5,7,25,25,600.0,0,0.0,2,8.0,5,599.80,0.7,1,true,completed
CV_h7s5n16.txt,BBLCT,5,7,25,25,600.0,0,0.0,3,12.0,4,476.99,0.7,1,true,completed
CV_h7s5n17.txt,BBLCT,5,7,25,25,600.0,0,0.0,2,8.0,2,212.64,1.4,233,true,completed
CV_h7s5n18.txt,BBLCT,5,7,25,25,600.0,1,4.0,4,16.0,4,463.81,0.7,1,true,completed
CV_h7s5n19.txt,BBLCT,5,7,25,25,600.0,1,4.0,3,12.0,5,559.40,0.7,1,true,completed
CV_h7s5n2.txt,BBLCT,5,7,25,25,600.0,1,4.0,7,28.0,4,478.72,0.7,1,true,completed
CV_h7s5n20.txt,BBLCT,5,7,25,25,600.0,0,0.0,1,4.0,4,516.93,0.7,1,true,completed
CV_h7s5n21.txt,BBLCT,5,7,25,25,600.0,0,0.0,1,4.0,4,530.29,0.6,1,true,completed
CV_h7s5n22.txt,BBLCT,5,7,25,25,600.0,0,0.0,4,16.0,4,464.47,0.6,1,true,completed
CV_h7s5n23.txt,BBLCT,5,7,25,25,600.0,0,0.0,1,4.0,4,500.33,0.9,74,true,completed
CV_h7s5n24.txt,BBLCT,5,7,25,25,600.0,1,4.0,2,8.0,4,497.74,0.8,44,true,completed
CV_h7s5n25.txt,BBLCT,5,7,25,25,600.0,1,4.0,5,20.0,4,463.87,0.7,1,true,completed
CV_h7s5n26.txt,BBLCT,5,7,25,25,600.0,0,0.0,2,8.0,5,599.80,0.8,21,true,completed
CV_h7s5n27.txt,BBLCT,5,7,25,25,600.0,0,0.0,1,4.0,4,467.14,0.6,1,true,completed
CV_h7s5n28.txt,BBLCT,5,7,25,25,600.0,0,0.0,2,8.0,4,466.22,0.7,1,true,completed
CV_h7s5n29.txt,BBLCT,5,7,25,25,600.0,0,0.0,2,8.0,5,588.50,0.7,1,true,completed
CV_h7s5n3.txt,BBLCT,5,7,25,25,600.0,0,0.0,1,4.0,4,501.75,0.8,1,true,completed
CV_h7s5n30.txt,BBLCT,5,7,25,25,600.0,0,0.0,6,24.0,5,597.91,1.1,84,true,completed
CV_h7s5n31.txt,BBLCT,5,7,25,25,600.0,0,0.0,1,4.0,4,492.38,0.7,1,true,completed
CV_h7s5n32.txt,BBLCT,5,7,25,25,600.0,2,8.0,3,12.0,4,518.53,0.6,1,true,completed
CV_h7s5n33.txt,BBLCT,5,7,25,25,600.0,0,0.0,3,12.0,5,580.99,0.8,1,true,completed
CV_h7s5n34.txt,BBLCT,5,7,25,25,600.0,1,4.0,4,16.0,5,579.89,0.8,1,true,completed
CV_h7s5n35.txt,BBLCT,5,7,25,25,600.0,0,0.0,5,20.0,5,582.49,1.0,55,true,completed
CV_h7s5n36.txt,BBLCT,5,7,25,25,600.0,0,0.0,2,8.0,3,340.50,1.6,327,true,completed
CV_h7s5n37.txt,BBLCT,5,7,25,25,600.0,1,4.0,2,8.0,4,505.03,0.7,1,true,completed
CV_h7s5n38.txt,BBLCT,5,7,25,25,600.0,1,4.0,5,20.0,4,470.92,0.6,1,true,completed
CV_h7s5n39.txt,BBLCT,5,7,25,25,600.0,0,0.0,2,8.0,4,522.82,0.8,22,true,completed
CV_h7s5n4.txt,BBLCT,5,7,25,25,600.0,0,0.0,2,8.0,4,440.61,0.7,1,true,completed
CV_h7s5n40.txt,BBLCT,5,7,25,25,600.0,0,0.0,3,12.0,4,480.67,0.6,1,true,completed
CV_h7s5n5.txt,BBLCT,5,7,25,25,600.0,1,4.0,5,20.0,5,584.56,0.7,1,true,completed
CV_h7s5n6.txt,BBLCT,5,7,25,25,600.0,0,0.0,3,12.0,2,221.57,0.8,11,true,completed
CV_h7s5n7.txt,BBLCT,5,7,25,25,600.0,0,0.0,2,8.0,4,464.40,0.6,1,true,completed
CV_h7s5n8.txt,BBLCT,5,7,25,25,600.0,0,0.0,1,4.0,4,497.06,0.7,1,true,completed
CV_h7s5n9.txt,BBLCT,5,7,25,25,600.0,0,0.0,3,12.0,4,473.45,0.6,1,true,completed
CV_h7s6n1.txt,BBLCT,6,7,30,30,600.0,0,0.0,1,3.3,4,496.34,1.0,1,true,completed
CV_h7s6n10.txt,BBLCT,6,7,30,30,600.0,0,0.0,1,3.3,4,492.31,0.9,1,true,completed
CV_h7s6n11.txt,BBLCT,6,7,30,30,600.0,0,0.0,2,6.7,1,116.86,1.0,14,true,completed
CV_h7s6n12.txt,BBLCT,6,7,30,30,600.0,0,0.0,5,16.7,4,505.21,1.0,21,true,completed
CV_h7s6n13.txt,BBLCT,6,7,30,30,600.0,0,0.0,1,3.3,1,107.84,1.5,81,true,completed
CV_h7s6n14.txt,BBLCT,6,7,30,30,600.0,2,6.7,5,16.7,4,439.06,1.7,40,true,completed
CV_h7s6n15.txt,BBLCT,6,7,30,30,600.0,0,0.0,4,13.3,5,563.49,1.0,1,true,completed
CV_h7s6n16.txt,BBLCT,6,7,30,30,600.0,0,0.0,2,6.7,5,552.37,1.1,1,true,completed
CV_h7s6n17.txt,BBLCT,6,7,30,30,600.0,0,0.0,4,13.3,1,111.80,1.1,6,true,completed
CV_h7s6n18.txt,BBLCT,6,7,30,30,600.0,0,0.0,2,6.7,5,582.25,1.0,1,true,completed
CV_h7s6n19.txt,BBLCT,6,7,30,30,600.0,0,0.0,1,3.3,5,567.84,0.8,1,true,completed
CV_h7s6n2.txt,BBLCT,6,7,30,30,600.0,0,0.0,3,10.0,4,497.10,0.9,1,true,completed
CV_h7s6n20.txt,BBLCT,6,7,30,30,600.0,0,0.0,1,3.3,4,491.18,0.8,1,true,completed
CV_h7s6n21.txt,BBLCT,6,7,30,30,600.0,0,0.0,3,10.0,4,515.56,0.9,1,true,completed
CV_h7s6n22.txt,BBLCT,6,7,30,30,600.0,0,0.0,2,6.7,5,598.65,0.9,1,true,completed
CV_h7s6n23.txt,BBLCT,6,7,30,30,600.0,1,3.3,2,6.7,4,506.29,1.0,1,true,completed
CV_h7s6n24.txt,BBLCT,6,7,30,30,600.0,0,0.0,1,3.3,4,512.24,0.9,1,true,completed
CV_h7s6n25.txt,BBLCT,6,7,30,30,600.0,1,3.3,2,6.7,4,522.89,1.0,12,true,completed
CV_h7s6n26.txt,BBLCT,6,7,30,30,600.0,0,0.0,1,3.3,4,499.07,0.9,1,true,completed
CV_h7s6n27.txt,BBLCT,6,7,30,30,600.0,0,0.0,1,3.3,4,516.04,0.9,1,true,completed
CV_h7s6n28.txt,BBLCT,6,7,30,30,600.0,0,0.0,1,3.3,4,521.99,0.9,1,true,completed
CV_h7s6n29.txt,BBLCT,6,7,30,30,600.0,0,0.0,1,3.3,4,466.43,0.9,1,true,completed
CV_h7s6n3.txt,BBLCT,6,7,30,30,600.0,1,3.3,4,13.3,4,500.49,1.0,1,true,completed
CV_h7s6n30.txt,BBLCT,6,7,30,30,600.0,0,0.0,1,3.3,4,517.00,0.8,1,true,completed
CV_h7s6n31.txt,BBLCT,6,7,30,30,600.0,0,0.0,3,10.0,5,563.59,0.9,1,true,completed
CV_h7s6n32.txt,BBLCT,6,7,30,30,600.0,0,0.0,2,6.7,4,526.68,0.9,1,true,completed
CV_h7s6n33.txt,BBLCT,6,7,30,30,600.0,2,6.7,3,10.0,3,372.63,3.2,294,true,completed
CV_h7s6n34.txt,BBLCT,6,7,30,30,600.0,0,0.0,5,16.7,5,566.85,0.9,1,true,completed
CV_h7s6n35.txt,BBLCT,6,7,30,30,600.0,0,0.0,3,10.0,4,465.24,0.9,1,true,completed
CV_h7s6n36.txt,BBLCT,6,7,30,30,600.0,0,0.0,1,3.3,4,511.81,0.9,1,true,completed
CV_h7s6n37.txt,BBLCT,6,7,30,30,600.0,0,0.0,1,3.3,4,469.34,1.0,1,true,completed
CV_h7s6n38.txt,BBLCT,6,7,30,30,600.0,0,0.0,1,3.3,4,497.74,1.2,57,true,completed
CV_h7s6n39.txt,BBLCT,6,7,30,30,600.0,1,3.3,4,13.3,5,541.49,0.9,1,true,completed
CV_h7s6n4.txt,BBLCT,6,7,30,30,600.0,0,0.0,1,3.3,4,500.33,1.3,88,true,completed
CV_h7s6n40.txt,BBLCT,6,7,30,30,600.0,0,0.0,2,6.7,4,544.55,0.9,1,true,completed
CV_h7s6n5.txt,BBLCT,6,7,30,30,600.0,0,0.0,1,3.3,4,509.65,0.9,1,true,completed
CV_h7s6n6.txt,BBLCT,6,7,30,30,600.0,0,0.0,9,30.0,5,579.16,1.2,67,true,completed
CV_h7s6n7.txt,BBLCT,6,7,30,30,600.0,0,0.0,1,3.3,4,530.11,0.9,1,true,completed
CV_h7s6n8.txt,BBLCT,6,7,30,30,600.0,4,13.3,5,16.7,4,419.22,1.0,1,true,completed
CV_h7s6n9.txt,BBLCT,6,7,30,30,600.0,0,0.0,1,3.3,4,500.33,1.3,88,true,completed
CV_h7s7n1.txt,BBLCT,7,7,35,35,600.0,2,5.7,4,11.4,5,594.20,1.2,1,true,completed
CV_h7s7n10.txt,BBLCT,7,7,35,35,600.0,2,5.7,3,8.6,4,515.85,1.2,1,true,completed
CV_h7s7n11.txt,BBLCT,7,7,35,35,600.0,1,2.9,3,8.6,5,593.64,1.2,1,true,completed
CV_h7s7n12.txt,BBLCT,7,7,35,35,600.0,0,0.0,4,11.4,4,503.01,1.2,1,true,completed
CV_h7s7n13.txt,BBLCT,7,7,35,35,600.0,0,0.0,4,11.4,5,546.50,1.3,1,true,completed
CV_h7s7n14.txt,BBLCT,7,7,35,35,600.0,2,5.7,4,11.4,5,560.70,1.3,1,true,completed
CV_h7s7n15.txt,BBLCT,7,7,35,35,600.0,0,0.0,2,5.7,4,514.58,1.1,1,true,completed
CV_h7s7n16.txt,BBLCT,7,7,35,35,600.0,0,0.0,1,2.9,4,458.92,1.2,1,true,completed
CV_h7s7n17.txt,BBLCT,7,7,35,35,600.0,3,8.6,5,14.3,5,523.61,1.4,1,true,completed
CV_h7s7n18.txt,BBLCT,7,7,35,35,600.0,0,0.0,1,2.9,4,509.71,1.1,1,true,completed
CV_h7s7n19.txt,BBLCT,7,7,35,35,600.0,0,0.0,1,2.9,4,460.64,1.1,1,true,completed
CV_h7s7n2.txt,BBLCT,7,7,35,35,600.0,0,0.0,1,2.9,4,502.86,1.1,1,true,completed
CV_h7s7n20.txt,BBLCT,7,7,35,35,600.0,0,0.0,1,2.9,4,486.83,1.3,1,true,completed
CV_h7s7n21.txt,BBLCT,7,7,35,35,600.0,0,0.0,1,2.9,4,515.67,1.0,1,true,completed
CV_h7s7n22.txt,BBLCT,7,7,35,35,600.0,0,0.0,1,2.9,4,516.93,1.0,1,true,completed
CV_h7s7n23.txt,BBLCT,7,7,35,35,600.0,0,0.0,3,8.6,4,467.17,1.2,1,true,completed
CV_h7s7n24.txt,BBLCT,7,7,35,35,600.0,0,0.0,5,14.3,5,588.25,1.2,1,true,completed
CV_h7s7n25.txt,BBLCT,7,7,35,35,600.0,0,0.0,4,11.4,4,474.27,1.2,1,true,completed
CV_h7s7n26.txt,BBLCT,7,7,35,35,600.0,0,0.0,6,17.1,4,445.80,1.2,1,true,completed
CV_h7s7n27.txt,BBLCT,7,7,35,35,600.0,0,0.0,2,5.7,5,577.72,1.2,1,true,completed
CV_h7s7n28.txt,BBLCT,7,7,35,35,600.0,0,0.0,4,11.4,5,586.27,1.2,1,true,completed
CV_h7s7n29.txt,BBLCT,7,7,35,35,600.0,0,0.0,1,2.9,4,475.37,1.1,1,true,completed
CV_h7s7n3.txt,BBLCT,7,7,35,35,600.0,0,0.0,1,2.9,4,516.03,1.1,1,true,completed
CV_h7s7n30.txt,BBLCT,7,7,35,35,600.0,0,0.0,1,2.9,1,110.43,1.9,64,true,completed
CV_h7s7n31.txt,BBLCT,7,7,35,35,600.0,0,0.0,3,8.6,5,587.55,1.2,1,true,completed
CV_h7s7n32.txt,BBLCT,7,7,35,35,600.0,1,2.9,3,8.6,5,558.01,1.3,1,true,completed
CV_h7s7n33.txt,BBLCT,7,7,35,35,600.0,0,0.0,2,5.7,4,518.19,1.3,16,true,completed
CV_h7s7n34.txt,BBLCT,7,7,35,35,600.0,0,0.0,2,5.7,5,595.53,1.1,1,true,completed
CV_h7s7n35.txt,BBLCT,7,7,35,35,600.0,0,0.0,1,2.9,4,467.94,1.1,1,true,completed
CV_h7s7n36.txt,BBLCT,7,7,35,35,600.0,1,2.9,3,8.6,4,472.05,1.2,1,true,completed
CV_h7s7n37.txt,BBLCT,7,7,35,35,600.0,0,0.0,2,5.7,4,468.60,1.1,1,true,completed
CV_h7s7n38.txt,BBLCT,7,7,35,35,600.0,0,0.0,4,11.4,5,587.42,1.1,1,true,completed
CV_h7s7n39.txt,BBLCT,7,7,35,35,600.0,0,0.0,3,8.6,4,496.95,1.3,1,true,completed
CV_h7s7n4.txt,BBLCT,7,7,35,35,600.0,0,0.0,4,11.4,4,516.14,1.1,1,true,completed
CV_h7s7n40.txt,BBLCT,7,7,35,35,600.0,0,0.0,3,8.6,5,562.71,1.2,1,true,completed
CV_h7s7n5.txt,BBLCT,7,7,35,35,600.0,0,0.0,1,2.9,5,559.71,1.2,1,true,completed
CV_h7s7n6.txt,BBLCT,7,7,35,35,600.0,0,0.0,1,2.9,4,495.58,1.1,1,true,completed
CV_h7s7n7.txt,BBLCT,7,7,35,35,600.0,0,0.0,5,14.3,4,500.87,1.1,1,true,completed
CV_h7s7n8.txt,BBLCT,7,7,35,35,600.0,1,2.9,3,8.6,4,474.32,1.2,1,true,completed
CV_h7s7n9.txt,BBLCT,7,7,35,35,600.0,0,0.0,3,8.6,5,562.73,1.2,1,true,completed
CV_h7s8n1.txt,BBLCT,8,7,40,40,600.0,0,0.0,4,10.0,4,543.01,1.5,1,true,completed
CV_h7s8n10.txt,BBLCT,8,7,40,40,600.0,0,0.0,3,7.5,4,552.58,1.6,1,true,completed
CV_h7s8n11.txt,BBLCT,8,7,40,40,600.0,1,2.5,2,5.0,4,525.80,1.6,1,true,completed
CV_h7s8n12.txt,BBLCT,8,7,40,40,600.0,0,0.0,4,10.0,5,588.84,2.2,39,true,completed
CV_h7s8n13.txt,BBLCT,8,7,40,40,600.0,0,0.0,2,5.0,4,465.52,1.5,1,true,completed
CV_h7s8n14.txt,BBLCT,8,7,40,40,600.0,0,0.0,1,2.5,4,496.17,2.7,107,true,completed
CV_h7s8n15.txt,BBLCT,8,7,40,40,600.0,1,2.5,3,7.5,5,576.78,2.3,36,true,completed
CV_h7s8n16.txt,BBLCT,8,7,40,40,600.0,0,0.0,2,5.0,5,573.49,1.5,1,true,completed
CV_h7s8n17.txt,BBLCT,8,7,40,40,600.0,0,0.0,4,10.0,5,588.69,1.3,1,true,completed
CV_h7s8n18.txt,BBLCT,8,7,40,40,600.0,0,0.0,3,7.5,5,585.91,1.4,1,true,completed
CV_h7s8n19.txt,BBLCT,8,7,40,40,600.0,0,0.0,1,2.5,4,553.03,1.8,24,true,completed
CV_h7s8n2.txt,BBLCT,8,7,40,40,600.0,0,0.0,1,2.5,4,496.17,2.7,105,true,completed
CV_h7s8n20.txt,BBLCT,8,7,40,40,600.0,1,2.5,3,7.5,2,214.74,3.0,57,true,completed
CV_h7s8n21.txt,BBLCT,8,7,40,40,600.0,0,0.0,5,12.5,5,587.25,1.7,1,true,completed
CV_h7s8n22.txt,BBLCT,8,7,40,40,600.0,0,0.0,2,5.0,5,551.53,1.6,1,true,completed
CV_h7s8n23.txt,BBLCT,8,7,40,40,600.0,1,2.5,2,5.0,1,114.22,2.4,40,true,completed
CV_h7s8n24.txt,BBLCT,8,7,40,40,600.0,0,0.0,5,12.5,5,567.41,1.7,1,true,completed
CV_h7s8n25.txt,BBLCT,8,7,40,40,600.0,0,0.0,2,5.0,1,107.84,2.6,76,true,completed
CV_h7s8n26.txt,BBLCT,8,7,40,40,600.0,1,2.5,3,7.5,4,512.87,1.5,1,true,completed
CV_h7s8n27.txt,BBLCT,8,7,40,40,600.0,0,0.0,1,2.5,4,522.89,1.6,1,true,completed
CV_h7s8n28.txt,BBLCT,8,7,40,40,600.0,0,0.0,4,10.0,4,488.95,1.4,1,true,completed
CV_h7s8n29.txt,BBLCT,8,7,40,40,600.0,0,0.0,1,2.5,4,533.26,1.3,1,true,completed
CV_h7s8n3.txt,BBLCT,8,7,40,40,600.0,0,0.0,2,5.0,4,511.79,1.4,1,true,completed
CV_h7s8n30.txt,BBLCT,8,7,40,40,600.0,0,0.0,2,5.0,4,498.69,2.3,50,true,completed
CV_h7s8n31.txt,BBLCT,8,7,40,40,600.0,1,2.5,3,7.5,4,520.61,1.4,1,true,completed
CV_h7s8n32.txt,BBLCT,8,7,40,40,600.0,0,0.0,1,2.5,4,501.75,1.3,1,true,completed
CV_h7s8n33.txt,BBLCT,8,7,40,40,600.0,1,2.5,2,5.0,4,477.99,1.6,1,true,completed
CV_h7s8n34.txt,BBLCT,8,7,40,40,600.0,0,0.0,2,5.0,4,490.11,1.3,1,true,completed
CV_h7s8n35.txt,BBLCT,8,7,40,40,600.0,0,0.0,3,7.5,4,500.33,2.1,37,true,completed
CV_h7s8n36.txt,BBLCT,8,7,40,40,600.0,0,0.0,4,10.0,5,553.38,1.4,1,true,completed
CV_h7s8n37.txt,BBLCT,8,7,40,40,600.0,0,0.0,2,5.0,4,492.80,1.5,1,true,completed
CV_h7s8n38.txt,BBLCT,8,7,40,40,600.0,0,0.0,2,5.0,5,529.82,1.5,1,true,completed
CV_h7s8n39.txt,BBLCT,8,7,40,40,600.0,0,0.0,2,5.0,5,571.94,1.5,1,true,completed
CV_h7s8n4.txt,BBLCT,8,7,40,40,600.0,0,0.0,1,2.5,4,497.36,1.4,1,true,completed
CV_h7s8n40.txt,BBLCT,8,7,40,40,600.0,0,0.0,1,2.5,4,485.31,1.6,1,true,completed
CV_h7s8n5.txt,BBLCT,8,7,40,40,600.0,0,0.0,1,2.5,4,489.82,1.5,1,true,completed
CV_h7s8n6.txt,BBLCT,8,7,40,40,600.0,0,0.0,1,2.5,4,495.76,1.5,1,true,completed
CV_h7s8n7.txt,BBLCT,8,7,40,40,600.0,0,0.0,7,17.5,5,563.47,1.5,1,true,completed
CV_h7s8n8.txt,BBLCT,8,7,40,40,600.0,1,2.5,3,7.5,4,473.00,1.5,1,true,completed
CV_h7s8n9.txt,BBLCT,8,7,40,40,600.0,0,0.0,1,2.5,4,487.91,1.4,1,true,completed
CV_h7s9n1.txt,BBLCT,9,7,45,45,600.0,0,0.0,1,2.2,4,468.36,1.7,1,true,completed
CV_h7s9n10.txt,BBLCT,9,7,45,45,600.0,1,2.2,2,4.4,4,489.07,1.8,1,true,completed
CV_h7s9n11.txt,BBLCT,9,7,45,45,600.0,1,2.2,3,6.7,5,585.87,2.9,44,true,completed
CV_h7s9n12.txt,BBLCT,9,7,45,45,600.0,0,0.0,1,2.2,4,514.14,1.4,1,true,completed
CV_h7s9n13.txt,BBLCT,9,7,45,45,600.0,1,2.2,3,6.7,4,540.86,1.8,1,true,completed
CV_h7s9n14.txt,BBLCT,9,7,45,45,600.0,0,0.0,1,2.2,1,120.65,2.4,11,true,completed
CV_h7s9n15.txt,BBLCT,9,7,45,45,600.0,0,0.0,5,11.1,5,561.45,1.9,1,true,completed
CV_h7s9n16.txt,BBLCT,9,7,45,45,600.0,0,0.0,1,2.2,4,520.28,1.7,1,true,completed
CV_h7s9n17.txt,BBLCT,9,7,45,45,600.0,0,0.0,1,2.2,4,471.23,1.9,1,true,completed
CV_h7s9n18.txt,BBLCT,9,7,45,45,600.0,2,4.4,3,6.7,4,510.24,1.8,1,true,completed
CV_h7s9n19.txt,BBLCT,9,7,45,45,600.0,0,0.0,2,4.4,5,587.90,2.8,52,true,completed
CV_h7s9n2.txt,BBLCT,9,7,45,45,600.0,0,0.0,3,6.7,5,599.80,2.9,43,true,completed
CV_h7s9n20.txt,BBLCT,9,7,45,45,600.0,0,0.0,3,6.7,5,547.45,1.7,1,true,completed
CV_h7s9n21.txt,BBLCT,9,7,45,45,600.0,0,0.0,4,8.9,5,598.43,1.5,1,true,completed
CV_h7s9n22.txt,BBLCT,9,7,45,45,600.0,0,0.0,3,6.7,5,593.24,2.9,71,true,completed
CV_h7s9n23.txt,BBLCT,9,7,45,45,600.0,0,0.0,1,2.2,4,515.67,1.8,1,true,completed
CV_h7s9n24.txt,BBLCT,9,7,45,45,600.0,0,0.0,2,4.4,2,216.25,3.7,73,true,completed
CV_h7s9n25.txt,BBLCT,9,7,45,45,600.0,1,2.2,2,4.4,4,516.03,2.1,1,true,completed
CV_h7s9n26.txt,BBLCT,9,7,45,45,600.0,0,0.0,3,6.7,5,548.43,1.9,1,true,completed
CV_h7s9n27.txt,BBLCT,9,7,45,45,600.0,0,0.0,3,6.7,4,498.58,2.0,1,true,completed
CV_h7s9n28.txt,BBLCT,9,7,45,45,600.0,1,2.2,3,6.7,1,109.17,2.7,26,true,completed
CV_h7s9n29.txt,BBLCT,9,7,45,45,600.0,0,0.0,2,4.4,4,497.43,3.3,65,true,completed
CV_h7s9n3.txt,BBLCT,9,7,45,45,600.0,0,0.0,2,4.4,5,590.78,1.8,1,true,completed
CV_h7s9n30.txt,BBLCT,9,7,45,45,600.0,1,2.2,2,4.4,4,466.99,2.2,1,true,completed
CV_h7s9n31.txt,BBLCT,9,7,45,45,600.0,0,0.0,3,6.7,4,487.80,1.9,1,true,completed
CV_h7s9n32.txt,BBLCT,9,7,45,45,600.0,0,0.0,2,4.4,4,488.43,1.7,1,true,completed
CV_h7s9n33.txt,BBLCT,9,7,45,45,600.0,0,0.0,1,2.2,4,538.22,1.8,1,true,completed
CV_h7s9n34.txt,BBLCT,9,7,45,45,600.0,0,0.0,4,8.9,5,587.64,2.0,1,true,completed
CV_h7s9n35.txt,BBLCT,9,7,45,45,600.0,0,0.0,1,2.2,1,111.69,3.2,60,true,completed
CV_h7s9n36.txt,BBLCT,9,7,45,45,600.0,0,0.0,3,6.7,4,484.68,1.9,1,true,completed
CV_h7s9n37.txt,BBLCT,9,7,45,45,600.0,1,2.2,2,4.4,4,477.71,1.5,1,true,completed
CV_h7s9n38.txt,BBLCT,9,7,45,45,600.0,0,0.0,2,4.4,4,516.16,1.9,1,true,completed
CV_h7s9n39.txt,BBLCT,9,7,45,45,600.0,1,2.2,2,4.4,4,473.10,2.1,1,true,completed
CV_h7s9n4.txt,BBLCT,9,7,45,45,600.0,0,0.0,4,8.9,2,234.52,4.7,89,true,completed
CV_h7s9n40.txt,BBLCT,9,7,45,45,600.0,0,0.0,2,4.4,4,505.03,1.7,1,true,completed
CV_h7s9n5.txt,BBLCT,9,7,45,45,600.0,1,2.2,3,6.7,4,494.41,1.8,1,true,completed
CV_h7s9n6.txt,BBLCT,9,7,45,45,600.0,1,2.2,4,8.9,4,494.50,2.1,1,true,completed
CV_h7s9n7.txt,BBLCT,9,7,45,45,600.0,0,0.0,2,4.4,4,537.33,1.9,1,true,completed
CV_h7s9n8.txt,BBLCT,9,7,45,45,600.0,0,0.0,4,8.9,5,574.57,1.9,1,true,completed
CV_h7s9n9.txt,BBLCT,9,7,45,45,600.0,0,0.0,2,4.4,4,496.17,3.1,86,true,completed
CV_h8s10n1.txt,BBLCT,10,8,60,60,600.0,0,0.0,2,3.3,4,503.43,3.4,1,true,completed
CV_h8s10n10.txt,BBLCT,10,8,60,60,600.0,0,0.0,3,5.0,4,490.26,2.8,1,true,completed
CV_h8s10n11.txt,BBLCT,10,8,60,60,600.0,0,0.0,0,0.0,0,0.00,3.0,1,true,completed
CV_h8s10n12.txt,BBLCT,10,8,60,60,600.0,0,0.0,2,3.3,4,480.70,3.3,1,true,completed
CV_h8s10n13.txt,BBLCT,10,8,60,60,600.0,0,0.0,0,0.0,0,0.00,3.1,1,true,completed
CV_h8s10n14.txt,BBLCT,10,8,60,60,600.0,0,0.0,1,1.7,4,503.69,3.0,1,true,completed
CV_h8s10n15.txt,BBLCT,10,8,60,60,600.0,0,0.0,2,3.3,5,589.95,3.2,1,true,completed
CV_h8s10n16.txt,BBLCT,10,8,60,60,600.0,0,0.0,1,1.7,4,472.66,3.6,1,true,completed
CV_h8s10n17.txt,BBLCT,10,8,60,60,600.0,0,0.0,3,5.0,5,580.57,4.8,60,true,completed
CV_h8s10n18.txt,BBLCT,10,8,60,60,600.0,0,0.0,1,1.7,4,508.15,3.1,1,true,completed
CV_h8s10n19.txt,BBLCT,10,8,60,60,600.0,0,0.0,2,3.3,4,480.85,3.2,1,true,completed
CV_h8s10n2.txt,BBLCT,10,8,60,60,600.0,0,0.0,4,6.7,4,486.01,3.6,1,true,completed
CV_h8s10n20.txt,BBLCT,10,8,60,60,600.0,1,1.7,3,5.0,4,507.87,3.3,1,true,completed
CV_h8s10n21.txt,BBLCT,10,8,60,60,600.0,0,0.0,3,5.0,5,583.92,3.2,1,true,completed
CV_h8s10n22.txt,BBLCT,10,8,60,60,600.0,0,0.0,1,1.7,4,487.17,3.3,1,true,completed
CV_h8s10n23.txt,BBLCT,10,8,60,60,600.0,0,0.0,1,1.7,4,500.33,5.2,94,true,completed
CV_h8s10n24.txt,BBLCT,10,8,60,60,600.0,0,0.0,2,3.3,4,480.59,3.5,1,true,completed
CV_h8s10n25.txt,BBLCT,10,8,60,60,600.0,1,1.7,4,6.7,4,488.36,3.3,1,true,completed
CV_h8s10n26.txt,BBLCT,10,8,60,60,600.0,1,1.7,3,5.0,4,475.43,3.3,1,true,completed
CV_h8s10n27.txt,BBLCT,10,8,60,60,600.0,1,1.7,3,5.0,5,596.19,5.1,47,true,completed
CV_h8s10n28.txt,BBLCT,10,8,60,60,600.0,0,0.0,2,3.3,4,511.79,3.3,1,true,completed
CV_h8s10n29.txt,BBLCT,10,8,60,60,600.0,0,0.0,0,0.0,0,0.00,3.2,1,true,completed
CV_h8s10n3.txt,BBLCT,10,8,60,60,600.0,0,0.0,2,3.3,4,483.39,3.5,1,true,completed
CV_h8s10n30.txt,BBLCT,10,8,60,60,600.0,0,0.0,2,3.3,4,492.94,3.5,1,true,completed
CV_h8s10n31.txt,BBLCT,10,8,60,60,600.0,1,1.7,3,5.0,5,552.70,3.3,1,true,completed
CV_h8s10n32.txt,BBLCT,10,8,60,60,600.0,0,0.0,1,1.7,4,492.94,3.2,1,true,completed
CV_h8s10n33.txt,BBLCT,10,8,60,60,600.0,0,0.0,1,1.7,4,493.30,3.2,1,true,completed
CV_h8s10n34.txt,BBLCT,10,8,60,60,600.0,0,0.0,1,1.7,4,466.22,3.3,1,true,completed
CV_h8s10n35.txt,BBLCT,10,8,60,60,600.0,1,1.7,5,8.3,4,460.83,3.5,1,true,completed
CV_h8s10n36.txt,BBLCT,10,8,60,60,600.0,0,0.0,1,1.7,4,497.74,4.9,77,true,completed
CV_h8s10n37.txt,BBLCT,10,8,60,60,600.0,0,0.0,0,0.0,0,0.00,3.0,1,true,completed
CV_h8s10n38.txt,BBLCT,10,8,60,60,600.0,0,0.0,0,0.0,0,0.00,3.0,1,true,completed
CV_h8s10n39.txt,BBLCT,10,8,60,60,600.0,0,0.0,0,0.0,0,0.00,3.5,1,true,completed
CV_h8s10n4.txt,BBLCT,10,8,60,60,600.0,0,0.0,1,1.7,4,477.99,2.9,1,true,completed
CV_h8s10n40.txt,BBLCT,10,8,60,60,600.0,0,0.0,1,1.7,4,470.16,3.4,1,true,completed
CV_h8s10n5.txt,BBLCT,10,8,60,60,600.0,0,0.0,1,1.7,4,477.10,3.2,1,true,completed
CV_h8s10n6.txt,BBLCT,10,8,60,60,600.0,0,0.0,2,3.3,5,580.66,4.5,53,true,completed
CV_h8s10n7.txt,BBLCT,10,8,60,60,600.0,0,0.0,1,1.7,4,534.42,3.4,1,true,completed
CV_h8s10n8.txt,BBLCT,10,8,60,60,600.0,1,1.7,2,3.3,4,494.79,3.5,1,true,completed
CV_h8s10n9.txt,BBLCT,10,8,60,60,600.0,1,1.7,3,5.0,4,464.23,3.1,1,true,completed
CV_h8s6n1.txt,BBLCT,6,8,36,36,600.0,0,0.0,2,5.6,4,491.52,1.2,1,true,completed
CV_h8s6n10.txt,BBLCT,6,8,36,36,600.0,1,2.8,5,13.9,5,533.82,1.1,1,true,completed
CV_h8s6n11.txt,BBLCT,6,8,36,36,600.0,0,0.0,1,2.8,4,530.11,1.5,43,true,completed
CV_h8s6n12.txt,BBLCT,6,8,36,36,600.0,1,2.8,3,8.3,4,454.61,1.2,1,true,completed
CV_h8s6n13.txt,BBLCT,6,8,36,36,600.0,0,0.0,5,13.9,5,559.17,1.2,1,true,completed
CV_h8s6n14.txt,BBLCT,6,8,36,36,600.0,0,0.0,5,13.9,5,584.83,1.3,1,true,completed
CV_h8s6n15.txt,BBLCT,6,8,36,36,600.0,0,0.0,1,2.8,4,510.98,1.2,1,true,completed
CV_h8s6n16.txt,BBLCT,6,8,36,36,600.0,0,0.0,2,5.6,5,587.58,1.2,1,true,completed
CV_h8s6n17.txt,BBLCT,6,8,36,36,600.0,0,0.0,2,5.6,4,479.86,1.2,1,true,completed
CV_h8s6n18.txt,BBLCT,6,8,36,36,600.0,1,2.8,2,5.6,4,478.11,1.4,1,true,completed
CV_h8s6n19.txt,BBLCT,6,8,36,36,600.0,0,0.0,1,2.8,4,488.25,1.3,1,true,completed
CV_h8s6n2.txt,BBLCT,6,8,36,36,600.0,0,0.0,1,2.8,4,493.64,1.2,1,true,completed
CV_h8s6n20.txt,BBLCT,6,8,36,36,600.0,0,0.0,2,5.6,5,585.57,1.1,1,true,completed
CV_h8s6n21.txt,BBLCT,6,8,36,36,600.0,0,0.0,1,2.8,4,545.81,1.3,23,true,completed
CV_h8s6n22.txt,BBLCT,6,8,36,36,600.0,0,0.0,1,2.8,4,483.64,1.2,1,true,completed
CV_h8s6n23.txt,BBLCT,6,8,36,36,600.0,1,2.8,5,13.9,4,474.72,1.4,1,true,completed
CV_h8s6n24.txt,BBLCT,6,8,36,36,600.0,0,0.0,0,0.0,0,0.00,1.5,1,true,completed
CV_h8s6n25.txt,BBLCT,6,8,36,36,600.0,0,0.0,1,2.8,4,479.51,1.2,1,true,completed
CV_h8s6n26.txt,BBLCT,6,8,36,36,600.0,0,0.0,1,2.8,4,511.50,1.3,1,true,completed
CV_h8s6n27.txt,BBLCT,6,8,36,36,600.0,0,0.0,1,2.8,4,531.55,1.2,1,true,completed
CV_h8s6n28.txt,BBLCT,6,8,36,36,600.0,0,0.0,4,11.1,4,471.40,1.3,1,true,completed
CV_h8s6n29.txt,BBLCT,6,8,36,36,600.0,0,0.0,1,2.8,4,505.03,1.2,1,true,completed
CV_h8s6n3.txt,BBLCT,6,8,36,36,600.0,0,0.0,0,0.0,0,0.00,1.3,1,true,completed
CV_h8s6n30.txt,BBLCT,6,8,36,36,600.0,0,0.0,1,2.8,4,497.74,1.7,79,true,completed
CV_h8s6n31.txt,BBLCT,6,8,36,36,600.0,0,0.0,1,2.8,4,501.75,1.3,1,true,completed
CV_h8s6n32.txt,BBLCT,6,8,36,36,600.0,0,0.0,2,5.6,4,460.77,1.2,1,true,completed
CV_h8s6n33.txt,BBLCT,6,8,36,36,600.0,0,0.0,3,8.3,4,466.64,1.2,1,true,completed
CV_h8s6n34.txt,BBLCT,6,8,36,36,600.0,0,0.0,0,0.0,0,0.00,1.2,1,true,completed
CV_h8s6n35.txt,BBLCT,6,8,36,36,600.0,1,2.8,2,5.6,4,502.86,1.3,1,true,completed
CV_h8s6n36.txt,BBLCT,6,8,36,36,600.0,1,2.8,2,5.6,4,468.45,1.3,1,true,completed
CV_h8s6n37.txt,BBLCT,6,8,36,36,600.0,1,2.8,2,5.6,4,505.54,1.6,38,true,completed
CV_h8s6n38.txt,BBLCT,6,8,36,36,600.0,0,0.0,3,8.3,4,516.68,1.2,1,true,completed
CV_h8s6n39.txt,BBLCT,6,8,36,36,600.0,0,0.0,2,5.6,4,482.90,1.6,1,true,completed
CV_h8s6n4.txt,BBLCT,6,8,36,36,600.0,0,0.0,1,2.8,4,518.53,1.1,1,true,completed
CV_h8s6n40.txt,BBLCT,6,8,36,36,600.0,0,0.0,0,0.0,0,0.00,1.2,1,true,completed
CV_h8s6n5.txt,BBLCT,6,8,36,36,600.0,0,0.0,0,0.0,0,0.00,1.2,1,true,completed
CV_h8s6n6.txt,BBLCT,6,8,36,36,600.0,1,2.8,1,2.8,0,0.00,1.5,1,true,completed
CV_h8s6n7.txt,BBLCT,6,8,36,36,600.0,0,0.0,2,5.6,5,543.40,1.4,1,true,completed
CV_h8s6n8.txt,BBLCT,6,8,36,36,600.0,0,0.0,2,5.6,4,464.41,1.2,1,true,completed
CV_h8s6n9.txt,BBLCT,6,8,36,36,600.0,0,0.0,1,2.8,4,515.67,1.1,1,true,completed
CV_h12s10n1.txt,BBLCT,10,12,100,100,900.0,0,0.0,0,0.0,0,0.00,11.0,1,true,completed
CV_h12s10n10.txt,BBLCT,10,12,100,100,900.0,1,1.0,1,1.0,0,0.00,12.1,1,true,completed
CV_h12s10n11.txt,BBLCT,10,12,100,100,900.0,0,0.0,1,1.0,6,823.71,11.8,1,true,completed
CV_h12s10n12.txt,BBLCT,10,12,100,100,900.0,0,0.0,1,1.0,6,799.87,12.0,1,true,completed
CV_h12s10n13.txt,BBLCT,10,12,100,100,900.0,0,0.0,2,2.0,6,743.44,11.7,1,true,completed
CV_h12s10n14.txt,BBLCT,10,12,100,100,900.0,0,0.0,3,3.0,7,794.44,13.1,1,true,completed
CV_h12s10n15.txt,BBLCT,10,12,100,100,900.0,0,0.0,0,0.0,0,0.00,11.5,1,true,completed
CV_h12s10n16.txt,BBLCT,10,12,100,100,900.0,0,0.0,3,3.0,7,821.60,12.4,1,true,completed
CV_h12s10n17.txt,BBLCT,10,12,100,100,900.0,0,0.0,1,1.0,6,766.55,13.2,1,true,completed
CV_h12s10n18.txt,BBLCT,10,12,100,100,900.0,0,0.0,0,0.0,0,0.00,10.9,1,true,completed
CV_h12s10n19.txt,BBLCT,10,12,100,100,900.0,0,0.0,2,2.0,7,891.49,12.1,1,true,completed
CV_h12s10n2.txt,BBLCT,10,12,100,100,900.0,0,0.0,4,4.0,6,806.24,12.4,1,true,completed
CV_h12s10n20.txt,BBLCT,10,12,100,100,900.0,0,0.0,2,2.0,6,837.47,12.6,1,true,completed
CV_h12s10n21.txt,BBLCT,10,12,100,100,900.0,0,0.0,0,0.0,0,0.00,11.0,1,true,completed
CV_h12s10n22.txt,BBLCT,10,12,100,100,900.0,0,0.0,0,0.0,0,0.00,11.6,1,true,completed
CV_h12s10n23.txt,BBLCT,10,12,100,100,900.0,0,0.0,2,2.0,7,881.04,13.4,64,true,completed
CV_h12s10n24.txt,BBLCT,10,12,100,100,900.0,0,0.0,0,0.0,0,0.00,11.2,1,true,completed
CV_h12s10n25.txt,BBLCT,10,12,100,100,900.0,0,0.0,0,0.0,0,0.00,12.0,1,true,completed
CV_h12s10n26.txt,BBLCT,10,12,100,100,900.0,1,1.0,2,2.0,6,779.62,13.1,1,true,completed
CV_h12s10n27.txt,BBLCT,10,12,100,100,900.0,0,0.0,2,2.0,6,879.94,11.7,1,true,completed
CV_h12s10n28.txt,BBLCT,10,12,100,100,900.0,0,0.0,0,0.0,0,0.00,11.4,1,true,completed
CV_h12s10n29.txt,BBLCT,10,12,100,100,900.0,0,0.0,2,2.0,6,747.19,12.4,1,true,completed
CV_h12s10n3.txt,BBLCT,10,12,100,100,900.0,0,0.0,3,3.0,7,886.38,11.8,1,true,completed
CV_h12s10n30.txt,BBLCT,10,12,100,100,900.0,0,0.0,1,1.0,5,724.90,11.5,1,true,completed
CV_h12s10n31.txt,BBLCT,10,12,100,100,900.0,1,1.0,1,1.0,0,0.00,12.7,1,true,completed
CV_h12s10n32.txt,BBLCT,10,12,100,100,900.0,1,1.0,1,1.0,0,0.00,11.8,1,true,completed
CV_h12s10n33.txt,BBLCT,10,12,100,100,900.0,0,0.0,0,0.0,0,0.00,11.2,1,true,completed
CV_h12s10n34.txt,BBLCT,10,12,100,100,900.0,0,0.0,1,1.0,6,815.71,11.2,1,true,completed
CV_h12s10n35.txt,BBLCT,10,12,100,100,900.0,1,1.0,2,2.0,6,753.88,12.0,1,true,completed
CV_h12s10n36.txt,BBLCT,10,12,100,100,900.0,0,0.0,3,3.0,6,748.83,12.2,1,true,completed
CV_h12s10n37.txt,BBLCT,10,12,100,100,900.0,4,4.0,5,5.0,6,848.81,15.8,45,true,completed
CV_h12s10n38.txt,BBLCT,10,12,100,100,900.0,0,0.0,0,0.0,0,0.00,11.4,1,true,completed
CV_h12s10n39.txt,BBLCT,10,12,100,100,900.0,0,0.0,0,0.0,0,0.00,11.7,1,true,completed
CV_h12s10n4.txt,BBLCT,10,12,100,100,900.0,0,0.0,0,0.0,0,0.00,11.5,1,true,completed
CV_h12s10n40.txt,BBLCT,10,12,100,100,900.0,1,1.0,2,2.0,6,763.95,12.2,1,true,completed
CV_h12s10n5.txt,BBLCT,10,12,100,100,900.0,0,0.0,0,0.0,0,0.00,11.7,1,true,completed
CV_h12s10n6.txt,BBLCT,10,12,100,100,900.0,0,0.0,1,1.0,6,736.04,11.6,1,true,completed
CV_h12s10n7.txt,BBLCT,10,12,100,100,900.0,0,0.0,0,0.0,0,0.00,11.2,1,true,completed
CV_h12s10n8.txt,BBLCT,10,12,100,100,900.0,0,0.0,1,1.0,6,760.97,13.0,1,true,completed
CV_h12s10n9.txt,BBLCT,10,12,100,100,900.0,0,0.0,0,0.0,0,0.00,11.1,1,true,completed
CV_h12s6n1.txt,BBLCT,6,12,60,60,900.0,0,0.0,0,0.0,0,0.00,3.6,1,true,completed
CV_h12s6n10.txt,BBLCT,6,12,60,60,900.0,0,0.0,0,0.0,0,0.00,3.9,1,true,completed
CV_h12s6n11.txt,BBLCT,6,12,60,60,900.0,0,0.0,2,3.3,7,846.53,3.8,1,true,completed
CV_h12s6n12.txt,BBLCT,6,12,60,60,900.0,0,0.0,2,3.3,6,788.20,3.8,1,true,completed
CV_h12s6n13.txt,BBLCT,6,12,60,60,900.0,0,0.0,0,0.0,0,0.00,3.7,1,true,completed
CV_h12s6n14.txt,BBLCT,6,12,60,60,900.0,0,0.0,2,3.3,6,782.44,3.9,1,true,completed
CV_h12s6n15.txt,BBLCT,6,12,60,60,900.0,0,0.0,2,3.3,6,855.85,3.6,1,true,completed
CV_h12s6n16.txt,BBLCT,6,12,60,60,900.0,0,0.0,2,3.3,6,798.97,3.6,1,true,completed
CV_h12s6n17.txt,BBLCT,6,12,60,60,900.0,1,1.7,2,3.3,6,835.02,3.7,1,true,completed
CV_h12s6n18.txt,BBLCT,6,12,60,60,900.0,1,1.7,2,3.3,6,851.62,3.8,1,true,completed
CV_h12s6n19.txt,BBLCT,6,12,60,60,900.0,0,0.0,0,0.0,0,0.00,3.7,1,true,completed
CV_h12s6n2.txt,BBLCT,6,12,60,60,900.0,0,0.0,1,1.7,6,846.48,3.6,1,true,completed
CV_h12s6n20.txt,BBLCT,6,12,60,60,900.0,0,0.0,1,1.7,6,787.45,3.8,1,true,completed
CV_h12s6n21.txt,BBLCT,6,12,60,60,900.0,0,0.0,4,6.7,6,653.81,4.4,1,true,completed
CV_h12s6n22.txt,BBLCT,6,12,60,60,900.0,0,0.0,3,5.0,6,708.26,3.9,1,true,completed
CV_h12s6n23.txt,BBLCT,6,12,60,60,900.0,0,0.0,2,3.3,6,726.15,3.7,1,true,completed
CV_h12s6n24.txt,BBLCT,6,12,60,60,900.0,0,0.0,1,1.7,6,762.76,3.8,1,true,completed
CV_h12s6n25.txt,BBLCT,6,12,60,60,900.0,0,0.0,3,5.0,6,746.31,4.1,1,true,completed
CV_h12s6n26.txt,BBLCT,6,12,60,60,900.0,0,0.0,3,5.0,6,765.74,3.8,1,true,completed
CV_h12s6n27.txt,BBLCT,6,12,60,60,900.0,0,0.0,2,3.3,6,709.07,4.2,1,true,completed
CV_h12s6n28.txt,BBLCT,6,12,60,60,900.0,0,0.0,2,3.3,6,759.90,3.8,1,true,completed
CV_h12s6n29.txt,BBLCT,6,12,60,60,900.0,0,0.0,0,0.0,0,0.00,3.6,1,true,completed
CV_h12s6n3.txt,BBLCT,6,12,60,60,900.0,0,0.0,0,0.0,0,0.00,3.6,1,true,completed
CV_h12s6n30.txt,BBLCT,6,12,60,60,900.0,0,0.0,1,1.7,7,788.32,3.7,1,true,completed
CV_h12s6n31.txt,BBLCT,6,12,60,60,900.0,0,0.0,0,0.0,0,0.00,3.8,1,true,completed
CV_h12s6n32.txt,BBLCT,6,12,60,60,900.0,0,0.0,1,1.7,7,824.17,4.0,1,true,completed
CV_h12s6n33.txt,BBLCT,6,12,60,60,900.0,0,0.0,1,1.7,7,795.69,3.9,1,true,completed
CV_h12s6n34.txt,BBLCT,6,12,60,60,900.0,0,0.0,1,1.7,6,831.66,3.9,1,true,completed
CV_h12s6n35.txt,BBLCT,6,12,60,60,900.0,0,0.0,0,0.0,0,0.00,3.8,1,true,completed
CV_h12s6n36.txt,BBLCT,6,12,60,60,900.0,0,0.0,1,1.7,6,780.59,3.8,1,true,completed
CV_h12s6n37.txt,BBLCT,6,12,60,60,900.0,0,0.0,6,10.0,7,866.78,7.7,613,true,completed
CV_h12s6n38.txt,BBLCT,6,12,60,60,900.0,1,1.7,2,3.3,6,833.08,4.0,1,true,completed
CV_h12s6n39.txt,BBLCT,6,12,60,60,900.0,0,0.0,5,8.3,8,897.17,5.8,148,true,completed
CV_h12s6n4.txt,BBLCT,6,12,60,60,900.0,0,0.0,0,0.0,0,0.00,3.7,1,true,completed
CV_h12s6n40.txt,BBLCT,6,12,60,60,900.0,0,0.0,0,0.0,0,0.00,3.7,1,true,completed
CV_h12s6n5.txt,BBLCT,6,12,60,60,900.0,0,0.0,2,3.3,6,708.99,4.0,1,true,completed
CV_h12s6n6.txt,BBLCT,6,12,60,60,900.0,0,0.0,2,3.3,7,841.82,3.9,1,true,completed
CV_h12s6n7.txt,BBLCT,6,12,60,60,900.0,0,0.0,0,0.0,0,0.00,3.6,1,true,completed
CV_h12s6n8.txt,BBLCT,6,12,60,60,900.0,0,0.0,0,0.0,0,0.00,3.7,1,true,completed
CV_h12s6n9.txt,BBLCT,6,12,60,60,900.0,0,0.0,1,1.7,6,746.82,4.1,1,true,completed
CV_h5s3n1.txt,BBLCT,3,5,9,9,900.0,1,11.1,4,44.4,7,798.65,0.7,457,true,completed
CV_h5s3n10.txt,BBLCT,3,5,9,9,900.0,0,0.0,5,55.6,7,768.00,0.8,491,true,completed
CV_h5s3n11.txt,BBLCT,3,5,9,9,900.0,2,22.2,9,100.0,8,870.90,0.3,34,true,completed
CV_h5s3n12.txt,BBLCT,3,5,9,9,900.0,0,0.0,7,77.8,7,796.58,0.6,311,true,completed
CV_h5s3n13.txt,BBLCT,3,5,9,9,900.0,0,0.0,3,33.3,4,473.87,0.4,94,true,completed
CV_h5s3n14.txt,BBLCT,3,5,9,9,900.0,0,0.0,5,55.6,7,809.09,0.5,270,true,completed
CV_h5s3n15.txt,BBLCT,3,5,9,9,900.0,0,0.0,4,44.4,8,867.12,0.7,376,true,completed
CV_h5s3n16.txt,BBLCT,3,5,9,9,900.0,0,0.0,4,44.4,7,786.37,0.5,211,true,completed
CV_h5s3n17.txt,BBLCT,3,5,9,9,900.0,2,22.2,3,33.3,2,229.47,0.5,206,true,completed
CV_h5s3n18.txt,BBLCT,3,5,9,9,900.0,0,0.0,9,100.0,7,797.13,0.2,1,true,completed
CV_h5s3n19.txt,BBLCT,3,5,9,9,900.0,0,0.0,4,44.4,8,884.62,0.6,346,true,completed
CV_h5s3n2.txt,BBLCT,3,5,9,9,900.0,0,0.0,6,66.7,6,731.35,0.5,230,true,completed
CV_h5s3n20.txt,BBLCT,3,5,9,9,900.0,0,0.0,5,55.6,8,884.62,0.4,103,true,completed
CV_h5s3n21.txt,BBLCT,3,5,9,9,900.0,1,11.1,3,33.3,7,806.76,0.3,35,true,completed
CV_h5s3n22.txt,BBLCT,3,5,9,9,900.0,2,22.2,4,44.4,5,571.16,0.5,169,true,completed
CV_h5s3n23.txt,BBLCT,3,5,9,9,900.0,0,0.0,4,44.4,8,879.41,0.4,141,true,completed
CV_h5s3n24.txt,BBLCT,3,5,9,9,900.0,1,11.1,4,44.4,8,891.16,0.4,78,true,completed
CV_h5s3n25.txt,BBLCT,3,5,9,9,900.0,0,0.0,4,44.4,7,801.40,0.7,543,true,completed
CV_h5s3n26.txt,BBLCT,3,5,9,9,900.0,0,0.0,9,100.0,5,596.84,0.3,1,true,completed
CV_h5s3n27.txt,BBLCT,3,5,9,9,900.0,0,0.0,9,100.0,8,866.97,0.3,1,true,completed
CV_h5s3n28.txt,BBLCT,3,5,9,9,900.0,0,0.0,4,44.4,7,777.76,0.4,119,true,completed
CV_h5s3n29.txt,BBLCT,3,5,9,9,900.0,0,0.0,5,55.6,7,842.64,0.4,133,true,completed
CV_h5s3n3.txt,BBLCT,3,5,9,9,900.0,0,0.0,9,100.0,2,225.78,0.2,1,true,completed
CV_h5s3n30.txt,BBLCT,3,5,9,9,900.0,0,0.0,5,55.6,4,440.44,0.4,107,true,completed
CV_h5s3n31.txt,BBLCT,3,5,9,9,900.0,0,0.0,9,100.0,8,880.83,0.8,153,true,completed
CV_h5s3n32.txt,BBLCT,3,5,9,9,900.0,1,11.1,9,100.0,5,540.38,0.3,1,true,completed
CV_h5s3n33.txt,BBLCT,3,5,9,9,900.0,1,11.1,9,100.0,7,796.84,0.3,1,true,completed
CV_h5s3n34.txt,BBLCT,3,5,9,9,900.0,0,0.0,3,33.3,7,841.31,0.4,113,true,completed
CV_h5s3n35.txt,BBLCT,3,5,9,9,900.0,0,0.0,5,55.6,4,473.87,0.4,119,true,completed
CV_h5s3n36.txt,BBLCT,3,5,9,9,900.0,0,0.0,3,33.3,7,814.61,0.4,102,true,completed
CV_h5s3n37.txt,BBLCT,3,5,9,9,900.0,0,0.0,5,55.6,7,801.40,0.5,167,true,completed
CV_h5s3n38.txt,BBLCT,3,5,9,9,900.0,0,0.0,6,66.7,8,863.01,0.4,142,true,completed
CV_h5s3n39.txt,BBLCT,3,5,9,9,900.0,9,100.0,9,100.0,0,0.00,0.1,1,true,completed
CV_h5s3n4.txt,BBLCT,3,5,9,9,900.0,1,11.1,9,100.0,8,884.92,0.3,1,true,completed
CV_h5s3n40.txt,BBLCT,3,5,9,9,900.0,1,11.1,5,55.6,8,897.35,0.5,187,true,completed
CV_h5s3n5.txt,BBLCT,3,5,9,9,900.0,4,44.4,9,100.0,5,538.08,0.2,1,true,completed
CV_h5s3n6.txt,BBLCT,3,5,9,9,900.0,0,0.0,7,77.8,7,841.31,0.5,282,true,completed
CV_h5s3n7.txt,BBLCT,3,5,9,9,900.0,0,0.0,9,100.0,8,886.31,0.5,127,true,completed
CV_h5s3n8.txt,BBLCT,3,5,9,9,900.0,1,11.1,9,100.0,7,725.81,0.3,1,true,completed
CV_h5s3n9.txt,BBLCT,3,5,9,9,900.0,0,0.0,3,33.3,7,826.78,0.4,102,true,completed
CV_h5s4n1.txt,BBLCT,4,5,12,12,900.0,2,16.7,6,50.0,5,579.17,4.5,1595,true,completed
CV_h5s4n10.txt,BBLCT,4,5,12,12,900.0,0,0.0,3,25.0,4,439.95,2.0,1082,true,completed
CV_h5s4n11.txt,BBLCT,4,5,12,12,900.0,1,8.3,5,41.7,7,829.02,0.6,47,true,completed
CV_h5s4n12.txt,BBLCT,4,5,12,12,900.0,1,8.3,10,83.3,8,892.29,6.2,2515,true,completed
CV_h5s4n13.txt,BBLCT,4,5,12,12,900.0,1,8.3,12,100.0,5,574.90,0.3,1,true,completed
CV_h5s4n14.txt,BBLCT,4,5,12,12,900.0,0,0.0,5,41.7,8,892.16,3.7,1901,true,completed
CV_h5s4n15.txt,BBLCT,4,5,12,12,900.0,0,0.0,8,66.7,5,586.56,0.8,141,true,completed
CV_h5s4n16.txt,BBLCT,4,5,12,12,900.0,0,0.0,3,25.0,4,447.82,2.2,1127,true,completed
CV_h5s4n17.txt,BBLCT,4,5,12,12,900.0,0,0.0,12,100.0,8,899.28,15.3,5675,true,completed
CV_h5s4n18.txt,BBLCT,4,5,12,12,900.0,0,0.0,6,50.0,8,868.98,3.3,1449,true,completed
CV_h5s4n19.txt,BBLCT,4,5,12,12,900.0,0,0.0,7,58.3,7,859.52,1.2,363,true,completed
CV_h5s4n2.txt,BBLCT,4,5,12,12,900.0,0,0.0,12,100.0,8,892.42,0.4,57,true,completed
CV_h5s4n20.txt,BBLCT,4,5,12,12,900.0,0,0.0,9,75.0,8,894.52,8.4,3599,true,completed
CV_h5s4n21.txt,BBLCT,4,5,12,12,900.0,1,8.3,6,50.0,7,859.24,5.8,2484,true,completed
CV_h5s4n22.txt,BBLCT,4,5,12,12,900.0,0,0.0,6,50.0,5,561.87,1.0,261,true,completed
CV_h5s4n23.txt,BBLCT,4,5,12,12,900.0,3,25.0,12,100.0,7,823.30,0.3,1,true,completed
CV_h5s4n24.txt,BBLCT,4,5,12,12,900.0,0,0.0,5,41.7,8,895.06,17.3,8400,true,completed
CV_h5s4n25.txt,BBLCT,4,5,12,12,900.0,0,0.0,6,50.0,7,842.58,1.0,301,true,completed
CV_h5s4n26.txt,BBLCT,4,5,12,12,900.0,1,8.3,12,100.0,8,896.30,49.2,17679,true,completed
CV_h5s4n27.txt,BBLCT,4,5,12,12,900.0,4,33.3,12,100.0,5,550.62,0.3,1,true,completed
CV_h5s4n28.txt,BBLCT,4,5,12,12,900.0,0,0.0,4,33.3,7,840.35,1.3,463,true,completed
CV_h5s4n29.txt,BBLCT,4,5,12,12,900.0,0,0.0,4,33.3,5,595.65,2.4,1161,true,completed
CV_h5s4n3.txt,BBLCT,4,5,12,12,900.0,1,8.3,6,50.0,7,826.01,3.6,1484,true,completed
CV_h5s4n30.txt,BBLCT,4,5,12,12,900.0,0,0.0,6,50.0,7,833.85,6.8,3119,true,completed
CV_h5s4n31.txt,BBLCT,4,5,12,12,900.0,0,0.0,12,100.0,8,898.08,6.8,2700,true,completed
CV_h5s4n32.txt,BBLCT,4,5,12,12,900.0,0,0.0,2,16.7,4,456.62,1.8,1042,true,completed
CV_h5s4n33.txt,BBLCT,4,5,12,12,900.0,0,0.0,4,33.3,6,741.40,0.6,76,true,completed
CV_h5s4n34.txt,BBLCT,4,5,12,12,900.0,0,0.0,6,50.0,6,662.86,1.1,283,true,completed
CV_h5s4n35.txt,BBLCT,4,5,12,12,900.0,1,8.3,8,66.7,4,462.25,2.5,968,true,completed
CV_h5s4n36.txt,BBLCT,4,5,12,12,900.0,0,0.0,4,33.3,7,808.07,0.9,269,true,completed
CV_h5s4n37.txt,BBLCT,4,5,12,12,900.0,3,25.0,7,58.3,5,590.02,3.1,988,true,completed
CV_h5s4n38.txt,BBLCT,4,5,12,12,900.0,2,16.7,12,100.0,7,792.74,0.5,85,true,completed
CV_h5s4n39.txt,BBLCT,4,5,12,12,900.0,0,0.0,12,100.0,7,817.23,1.1,287,true,completed
CV_h5s4n4.txt,BBLCT,4,5,12,12,900.0,0,0.0,12,100.0,7,841.73,2.6,937,true,completed
CV_h5s4n40.txt,BBLCT,4,5,12,12,900.0,0,0.0,12,100.0,8,896.01,0.6,87,true,completed
CV_h5s4n5.txt,BBLCT,4,5,12,12,900.0,1,8.3,7,58.3,7,817.20,0.7,102,true,completed
CV_h5s4n6.txt,BBLCT,4,5,12,12,900.0,0,0.0,5,41.7,7,859.40,0.9,218,true,completed
CV_h5s4n7.txt,BBLCT,4,5,12,12,900.0,0,0.0,3,25.0,6,734.03,0.8,154,true,completed
CV_h5s4n8.txt,BBLCT,4,5,12,12,900.0,2,16.7,8,66.7,6,665.99,1.6,432,true,completed
CV_h5s4n9.txt,BBLCT,4,5,12,12,900.0,0,0.0,12,100.0,7,880.09,0.4,1,true,completed
CV_h5s5n1.txt,BBLCT,5,5,15,15,900.0,1,6.7,8,53.3,8,896.46,38.6,6533,true,completed
CV_h5s5n10.txt,BBLCT,5,5,15,15,900.0,3,20.0,13,86.7,6,728.91,4.7,803,true,completed
CV_h5s5n11.txt,BBLCT,5,5,15,15,900.0,0,0.0,4,26.7,7,881.07,18.0,5686,true,completed
CV_h5s5n12.txt,BBLCT,5,5,15,15,900.0,0,0.0,8,53.3,7,871.81,2.3,504,true,completed
CV_h5s5n13.txt,BBLCT,5,5,15,15,900.0,0,0.0,5,33.3,7,802.84,2.0,382,true,completed
CV_h5s5n14.txt,BBLCT,5,5,15,15,900.0,0,0.0,15,100.0,7,853.23,527.2,103116,true,completed
CV_h5s5n15.txt,BBLCT,5,5,15,15,900.0,0,0.0,7,46.7,4,437.10,51.9,10680,true,completed
CV_h5s5n16.txt,BBLCT,5,5,15,15,900.0,0,0.0,6,40.0,7,846.77,2.9,532,true,completed
CV_h5s5n17.txt,BBLCT,5,5,15,15,900.0,0,0.0,11,73.3,5,584.22,24.6,6009,true,completed
CV_h5s5n18.txt,BBLCT,5,5,15,15,900.0,1,6.7,13,86.7,8,899.51,48.4,9105,true,completed
CV_h5s5n19.txt,BBLCT,5,5,15,15,900.0,1,6.7,8,53.3,7,825.91,0.8,42,true,completed
CV_h5s5n2.txt,BBLCT,5,5,15,15,900.0,0,0.0,5,33.3,6,704.16,2.2,461,true,completed
CV_h5s5n20.txt,BBLCT,5,5,15,15,900.0,0,0.0,8,53.3,5,592.04,3.1,636,true,completed
CV_h5s5n21.txt,BBLCT,5,5,15,15,900.0,0,0.0,7,46.7,6,682.48,6.1,1492,true,completed
CV_h5s5n22.txt,BBLCT,5,5,15,15,900.0,1,6.7,5,33.3,7,813.20,7.3,1588,true,completed
CV_h5s5n23.txt,BBLCT,5,5,15,15,900.0,1,6.7,6,40.0,7,810.44,9.6,1925,true,completed
CV_h5s5n24.txt,BBLCT,5,5,15,15,900.0,0,0.0,4,26.7,7,841.79,2.1,475,true,completed
CV_h5s5n25.txt,BBLCT,5,5,15,15,900.0,2,13.3,11,73.3,4,451.98,36.6,7559,true,completed
CV_h5s5n26.txt,BBLCT,5,5,15,15,900.0,0,0.0,7,46.7,7,868.35,24.7,6150,true,completed
CV_h5s5n27.txt,BBLCT,5,5,15,15,900.0,0,0.0,11,73.3,7,845.17,0.7,42,true,completed
CV_h5s5n28.txt,BBLCT,5,5,15,15,900.0,0,0.0,9,60.0,7,796.52,0.9,80,true,completed
CV_h5s5n29.txt,BBLCT,5,5,15,15,900.0,0,0.0,8,53.3,7,836.70,11.6,2965,true,completed
CV_h5s5n3.txt,BBLCT,5,5,15,15,900.0,0,0.0,6,40.0,6,746.17,5.1,1200,true,completed
CV_h5s5n30.txt,BBLCT,5,5,15,15,900.0,0,0.0,15,100.0,8,897.29,15.1,3631,true,completed
CV_h5s5n31.txt,BBLCT,5,5,15,15,900.0,1,6.7,6,40.0,8,873.35,1.0,100,true,completed
CV_h5s5n32.txt,BBLCT,5,5,15,15,900.0,0,0.0,5,33.3,5,593.94,5.7,1433,true,completed
CV_h5s5n33.txt,BBLCT,5,5,15,15,900.0,1,6.7,10,66.7,4,456.01,4.3,781,true,completed
CV_h5s5n34.txt,BBLCT,5,5,15,15,900.0,0,0.0,6,40.0,6,706.29,41.8,10892,true,completed
CV_h5s5n35.txt,BBLCT,5,5,15,15,900.0,1,6.7,10,66.7,6,716.79,1.0,88,true,completed
CV_h5s5n36.txt,BBLCT,5,5,15,15,900.0,1,6.7,9,60.0,7,805.40,4.2,745,true,completed
CV_h5s5n37.txt,BBLCT,5,5,15,15,900.0,0,0.0,4,26.7,7,878.06,0.6,18,true,completed
CV_h5s5n38.txt,BBLCT,5,5,15,15,900.0,0,0.0,15,100.0,7,797.68,0.5,1,true,completed
CV_h5s5n39.txt,BBLCT,5,5,15,15,900.0,0,0.0,9,60.0,8,895.80,40.6,7560,true,completed
CV_h5s5n4.txt,BBLCT,5,5,15,15,900.0,0,0.0,15,100.0,6,723.87,0.5,1,true,completed
CV_h5s5n40.txt,BBLCT,5,5,15,15,900.0,2,13.3,9,60.0,6,668.02,17.9,3213,true,completed
CV_h5s5n5.txt,BBLCT,5,5,15,15,900.0,0,0.0,5,33.3,7,874.75,0.8,42,true,completed
CV_h5s5n6.txt,BBLCT,5,5,15,15,900.0,0,0.0,7,46.7,7,870.87,14.1,3690,true,completed
CV_h5s5n7.txt,BBLCT,5,5,15,15,900.0,0,0.0,15,100.0,7,807.93,0.5,1,true,completed
CV_h5s5n8.txt,BBLCT,5,5,15,15,900.0,0,0.0,7,46.7,7,877.87,16.1,5418,true,completed
CV_h5s5n9.txt,BBLCT,5,5,15,15,900.0,0,0.0,6,40.0,7,870.99,56.9,14536,true,completed
CV_h5s6n1.txt,BBLCT,6,5,18,18,900.0,0,0.0,4,22.2,6,686.71,6.8,1151,true,completed
CV_h5s6n10.txt,BBLCT,6,5,18,18,900.0,1,5.6,12,66.7,7,834.00,39.2,3908,true,completed
CV_h5s6n11.txt,BBLCT,6,5,18,18,900.0,3,16.7,18,100.0,4,476.03,0.4,1,true,completed
CV_h5s6n12.txt,BBLCT,6,5,18,18,900.0,0,0.0,6,33.3,6,679.35,1.0,54,true,completed
CV_h5s6n13.txt,BBLCT,6,5,18,18,900.0,0,0.0,12,66.7,8,899.56,10.1,1610,true,completed
CV_h5s6n14.txt,BBLCT,6,5,18,18,900.0,0,0.0,8,44.4,7,878.70,113.2,15645,true,completed
CV_h5s6n15.txt,BBLCT,6,5,18,18,900.0,0,0.0,6,33.3,8,898.92,2.0,201,true,completed
CV_h5s6n16.txt,BBLCT,6,5,18,18,900.0,0,0.0,4,22.2,5,559.03,234.1,45184,true,completed
CV_h5s6n17.txt,BBLCT,6,5,18,18,900.0,0,0.0,7,38.9,7,870.09,4.1,553,true,completed
CV_h5s6n18.txt,BBLCT,6,5,18,18,900.0,2,11.1,16,88.9,7,814.20,1.5,89,true,completed
CV_h5s6n19.txt,BBLCT,6,5,18,18,900.0,0,0.0,5,27.8,7,879.18,0.8,31,true,completed
CV_h5s6n2.txt,BBLCT,6,5,18,18,900.0,0,0.0,15,83.3,7,820.02,0.8,31,true,completed
CV_h5s6n20.txt,BBLCT,6,5,18,18,900.0,0,0.0,10,55.6,6,657.46,2.2,194,true,completed
CV_h5s6n21.txt,BBLCT,6,5,18,18,900.0,1,5.6,6,33.3,6,702.80,10.3,1334,true,completed
CV_h5s6n22.txt,BBLCT,6,5,18,18,900.0,0,0.0,3,16.7,5,552.70,161.1,36740,true,completed
CV_h5s6n23.txt,BBLCT,6,5,18,18,900.0,0,0.0,7,38.9,7,891.43,0.7,1,true,completed
CV_h5s6n24.txt,BBLCT,6,5,18,18,900.0,0,0.0,6,33.3,7,854.13,0.8,26,true,completed
CV_h5s6n25.txt,BBLCT,6,5,18,18,900.0,1,5.6,13,72.2,7,890.43,2.9,273,true,completed
CV_h5s6n26.txt,BBLCT,6,5,18,18,900.0,0,0.0,3,16.7,5,550.13,166.3,34587,true,completed
CV_h5s6n27.txt,BBLCT,6,5,18,18,900.0,1,5.6,5,27.8,6,727.79,4.7,662,true,completed
CV_h5s6n28.txt,BBLCT,6,5,18,18,900.0,2,11.1,13,72.2,6,667.41,63.1,6070,true,completed
CV_h5s6n29.txt,BBLCT,6,5,18,18,900.0,0,0.0,7,38.9,7,835.79,1.6,116,true,completed
CV_h5s6n3.txt,BBLCT,6,5,18,18,900.0,0,0.0,6,33.3,7,837.61,1.6,148,true,completed
CV_h5s6n30.txt,BBLCT,6,5,18,18,900.0,4,22.2,9,50.0,7,838.42,67.7,7296,true,completed
CV_h5s6n31.txt,BBLCT,6,5,18,18,900.0,0,0.0,7,38.9,6,707.37,27.1,3523,true,completed
CV_h5s6n32.txt,BBLCT,6,5,18,18,900.0,0,0.0,7,38.9,5,594.13,137.3,19708,true,completed
CV_h5s6n33.txt,BBLCT,6,5,18,18,900.0,1,5.6,5,27.8,6,692.27,350.8,56840,true,completed
CV_h5s6n34.txt,BBLCT,6,5,18,18,900.0,0,0.0,14,77.8,8,883.94,56.6,6597,true,completed
CV_h5s6n35.txt,BBLCT,6,5,18,18,900.0,1,5.6,18,100.0,7,878.65,0.7,1,true,completed
CV_h5s6n36.txt,BBLCT,6,5,18,18,900.0,2,11.1,6,33.3,8,898.14,676.7,83744,true,completed
CV_h5s6n37.txt,BBLCT,6,5,18,18,900.0,0,0.0,5,27.8,7,837.93,0.8,26,true,completed
CV_h5s6n38.txt,BBLCT,6,5,18,18,900.0,0,0.0,10,55.6,8,888.87,3.1,298,true,completed
CV_h5s6n39.txt,BBLCT,6,5,18,18,900.0,0,0.0,7,38.9,7,840.92,13.4,1897,true,completed
CV_h5s6n4.txt,BBLCT,6,5,18,18,900.0,0,0.0,8,44.4,6,719.23,9.7,1359,true,completed
CV_h5s6n40.txt,BBLCT,6,5,18,18,900.0,1,5.6,7,38.9,5,569.16,58.4,6055,true,completed
CV_h5s6n5.txt,BBLCT,6,5,18,18,900.0,0,0.0,18,100.0,7,850.31,0.6,1,true,completed
CV_h5s6n6.txt,BBLCT,6,5,18,18,900.0,0,0.0,7,38.9,8,893.32,1.8,179,true,completed
CV_h5s6n7.txt,BBLCT,6,5,18,18,900.0,0,0.0,7,38.9,6,696.93,1.9,216,true,completed
CV_h5s6n8.txt,BBLCT,6,5,18,18,900.0,1,5.6,5,27.8,6,689.75,7.9,944,true,completed
CV_h5s6n9.txt,BBLCT,6,5,18,18,900.0,0,0.0,5,27.8,7,790.53,6.0,847,true,completed
CV_h5s7n1.txt,BBLCT,7,5,21,21,900.0,0,0.0,17,81.0,6,688.67,4.7,295,true,completed
CV_h5s7n10.txt,BBLCT,7,5,21,21,900.0,0,0.0,16,76.2,8,895.90,82.7,4558,true,completed
CV_h5s7n11.txt,BBLCT,7,5,21,21,900.0,0,0.0,9,42.9,7,807.19,0.9,1,true,completed
CV_h5s7n12.txt,BBLCT,7,5,21,21,900.0,1,4.8,11,52.4,6,658.25,57.2,3771,true,completed
CV_h5s7n13.txt,BBLCT,7,5,21,21,900.0,0,0.0,9,42.9,7,893.57,5.6,571,true,completed
CV_h5s7n14.txt,BBLCT,7,5,21,21,900.0,0,0.0,16,76.2,8,899.73,18.3,1899,true,completed
CV_h5s7n15.txt,BBLCT,7,5,21,21,900.0,0,0.0,14,66.7,7,815.17,0.9,1,true,completed
CV_h5s7n16.txt,BBLCT,7,5,21,21,900.0,3,14.3,6,28.6,6,692.19,1809.6,153011,true,completed
CV_h5s7n17.txt,BBLCT,7,5,21,21,900.0,1,4.8,11,52.4,7,814.90,0.9,1,true,completed
CV_h5s7n18.txt,BBLCT,7,5,21,21,900.0,5,23.8,11,52.4,8,879.53,8.7,424,true,completed
CV_h5s7n19.txt,BBLCT,7,5,21,21,900.0,0,0.0,5,23.8,6,668.60,1005.2,122190,true,completed
CV_h5s7n2.txt,BBLCT,7,5,21,21,900.0,0,0.0,8,38.1,6,682.73,18.7,1719,true,completed
CV_h5s7n20.txt,BBLCT,7,5,21,21,900.0,0,0.0,15,71.4,7,862.41,2.0,92,true,completed
CV_h5s7n21.txt,BBLCT,7,5,21,21,900.0,0,0.0,6,28.6,6,670.80,2152.5,194292,true,completed
CV_h5s7n22.txt,BBLCT,7,5,21,21,900.0,0,0.0,6,28.6,5,588.45,1023.9,111062,true,completed
CV_h5s7n23.txt,BBLCT,7,5,21,21,900.0,0,0.0,10,47.6,7,804.87,9.5,769,true,completed
CV_h5s7n24.txt,BBLCT,7,5,21,21,900.0,1,4.8,11,52.4,7,854.65,768.1,60485,true,completed
CV_h5s7n25.txt,BBLCT,7,5,21,21,900.0,1,4.8,9,42.9,7,793.18,6.2,486,true,completed
CV_h5s7n26.txt,BBLCT,7,5,21,21,900.0,0,0.0,6,28.6,5,566.71,185.4,16382,true,completed
CV_h5s7n27.txt,BBLCT,7,5,21,21,900.0,0,0.0,5,23.8,5,559.35,491.6,60471,true,completed
CV_h5s7n28.txt,BBLCT,7,5,21,21,900.0,2,9.5,10,47.6,7,839.43,50.2,3064,true,completed
CV_h5s7n29.txt,BBLCT,7,5,21,21,900.0,1,4.8,5,23.8,6,722.18,7.4,741,true,completed
CV_h5s7n3.txt,BBLCT,7,5,21,21,900.0,3,14.3,8,38.1,7,775.14,22.7,1538,true,completed
CV_h5s7n30.txt,BBLCT,7,5,21,21,900.0,2,9.5,7,33.3,6,684.74,58.0,3523,true,completed
CV_h5s7n31.txt,BBLCT,7,5,21,21,900.0,0,0.0,9,42.9,7,830.78,9.7,855,true,completed
CV_h5s7n32.txt,BBLCT,7,5,21,21,900.0,1,4.8,6,28.6,6,678.51,35.8,2946,true,completed
CV_h5s7n33.txt,BBLCT,7,5,21,21,900.0,0,0.0,5,23.8,7,769.91,16.9,1804,true,completed
CV_h5s7n34.txt,BBLCT,7,5,21,21,900.0,0,0.0,9,42.9,7,847.43,126.0,11963,true,completed
CV_h5s7n35.txt,BBLCT,7,5,21,21,900.0,0,0.0,5,23.8,6,705.74,31.0,3430,true,completed
CV_h5s7n36.txt,BBLCT,7,5,21,21,900.0,0,0.0,8,38.1,7,875.13,236.0,18625,true,completed
CV_h5s7n37.txt,BBLCT,7,5,21,21,900.0,0,0.0,15,71.4,6,716.06,64.4,5124,true,completed
CV_h5s7n38.txt,BBLCT,7,5,21,21,900.0,1,4.8,4,19.0,6,676.54,15.7,1652,true,completed
CV_h5s7n39.txt,BBLCT,7,5,21,21,900.0,0,0.0,13,61.9,7,829.26,3.3,204,true,completed
CV_h5s7n4.txt,BBLCT,7,5,21,21,900.0,0,0.0,11,52.4,7,810.99,9.0,882,true,completed
CV_h5s7n40.txt,BBLCT,7,5,21,21,900.0,0,0.0,9,42.9,8,896.30,3.5,234,true,completed
CV_h5s7n5.txt,BBLCT,7,5,21,21,900.0,0,0.0,4,19.0,5,537.24,942.3,107886,true,completed
CV_h5s7n6.txt,BBLCT,7,5,21,21,900.0,1,4.8,12,57.1,8,899.39,15.5,1151,true,completed
CV_h5s7n7.txt,BBLCT,7,5,21,21,900.0,0,0.0,4,19.0,5,552.76,521.2,62164,true,completed
CV_h5s7n8.txt,BBLCT,7,5,21,21,900.0,0,0.0,10,47.6,5,565.68,105.1,8936,true,completed
CV_h5s7n9.txt,BBLCT,7,5,21,21,900.0,0,0.0,5,23.8,6,680.82,32.7,2754,true,completed
CV_h5s8n1.txt,BBLCT,8,5,24,24,900.0,0,0.0,8,33.3,7,830.39,28.9,1960,true,completed
CV_h5s8n10.txt,BBLCT,8,5,24,24,900.0,0,0.0,7,29.2,6,686.62,4534.7,316042,true,completed
CV_h5s8n11.txt,BBLCT,8,5,24,24,900.0,1,4.2,13,54.2,8,895.65,6.1,272,true,completed
CV_h5s8n12.txt,BBLCT,8,5,24,24,900.0,0,0.0,8,33.3,7,828.98,4.9,294,true,completed
CV_h5s8n13.txt,BBLCT,8,5,24,24,900.0,0,0.0,10,41.7,7,889.91,1.2,10,true,completed
CV_h5s8n14.txt,BBLCT,8,5,24,24,900.0,0,0.0,6,25.0,6,677.77,150.7,8575,true,completed
CV_h5s8n15.txt,BBLCT,8,5,24,24,900.0,0,0.0,10,41.7,7,803.77,3031.1,178381,true,completed
CV_h5s8n16.txt,BBLCT,8,5,24,24,900.0,1,4.2,13,54.2,7,820.46,46.9,1805,true,completed
CV_h5s8n17.txt,BBLCT,8,5,24,24,900.0,1,4.2,14,58.3,6,746.69,17.8,752,true,completed
CV_h5s8n18.txt,BBLCT,8,5,24,24,900.0,0,0.0,9,37.5,7,822.10,141.6,8423,true,completed
CV_h5s8n19.txt,BBLCT,8,5,24,24,900.0,0,0.0,9,37.5,6,663.14,11270.0,839372,true,completed
CV_h5s8n2.txt,BBLCT,8,5,24,24,900.0,0,0.0,9,37.5,8,890.95,4.8,216,true,completed
CV_h5s8n20.txt,BBLCT,8,5,24,24,900.0,0,0.0,8,33.3,8,887.53,4.2,208,true,completed
CV_h5s8n21.txt,BBLCT,8,5,24,24,900.0,0,0.0,11,45.8,8,895.14,387.4,19974,true,completed
CV_h5s8n22.txt,BBLCT,8,5,24,24,900.0,0,0.0,8,33.3,7,826.78,56.8,3842,true,completed
CV_h5s8n23.txt,BBLCT,8,5,24,24,900.0,0,0.0,9,37.5,5,569.11,548.1,30056,true,completed
CV_h5s8n24.txt,BBLCT,8,5,24,24,900.0,0,0.0,16,66.7,7,817.75,3.2,122,true,completed
CV_h5s8n25.txt,BBLCT,8,5,24,24,900.0,1,4.2,11,45.8,7,884.50,2.1,47,true,completed
CV_h5s8n26.txt,BBLCT,8,5,24,24,900.0,0,0.0,4,16.7,6,681.03,1486.0,128177,true,completed
CV_h5s8n27.txt,BBLCT,8,5,24,24,900.0,0,0.0,9,37.5,7,845.44,728.5,44273,true,completed
CV_h5s8n28.txt,BBLCT,8,5,24,24,900.0,0,0.0,10,41.7,5,556.54,290.3,16307,true,completed
CV_h5s8n29.txt,BBLCT,8,5,24,24,900.0,0,0.0,6,25.0,7,806.78,58.8,3908,true,completed
CV_h5s8n3.txt,BBLCT,8,5,24,24,900.0,0,0.0,10,41.7,7,783.24,81.9,3296,true,completed
CV_h5s8n30.txt,BBLCT,8,5,24,24,900.0,0,0.0,8,33.3,7,839.95,109.8,6947,true,completed
CV_h5s8n31.txt,BBLCT,8,5,24,24,900.0,0,0.0,4,16.7,5,585.72,15627.7,1589095,true,completed
CV_h5s8n32.txt,BBLCT,8,5,24,24,900.0,0,0.0,4,16.7,6,658.41,2127.9,197150,true,completed
CV_h5s8n33.txt,BBLCT,8,5,24,24,900.0,0,0.0,6,25.0,6,668.61,50.2,3529,true,completed
CV_h5s8n34.txt,BBLCT,8,5,24,24,900.0,0,0.0,4,16.7,6,701.33,31124.6,2726498,true,completed
CV_h5s8n35.txt,BBLCT,8,5,24,24,900.0,0,0.0,7,29.2,7,802.04,1.0,1,true,completed
CV_h5s8n36.txt,BBLCT,8,5,24,24,900.0,0,0.0,5,20.8,6,681.58,1224.9,100191,true,completed
CV_h5s8n37.txt,BBLCT,8,5,24,24,900.0,0,0.0,13,54.2,5,549.51,249.0,17096,true,completed
CV_h5s8n38.txt,BBLCT,8,5,24,24,900.0,0,0.0,7,29.2,5,538.71,5381.1,336080,true,completed
CV_h5s8n39.txt,BBLCT,8,5,24,24,900.0,0,0.0,6,25.0,6,680.22,2247.8,155646,true,completed
CV_h5s8n4.txt,BBLCT,8,5,24,24,900.0,1,4.2,8,33.3,7,835.03,96.7,4963,true,completed
CV_h5s8n40.txt,BBLCT,8,5,24,24,900.0,1,4.2,8,33.3,7,844.60,1.2,1,true,completed
CV_h5s8n5.txt,BBLCT,8,5,24,24,900.0,0,0.0,8,33.3,7,873.16,25.3,1469,true,completed
CV_h5s8n6.txt,BBLCT,8,5,24,24,900.0,0,0.0,7,29.2,7,791.10,3683.1,241006,true,completed
CV_h5s8n7.txt,BBLCT,8,5,24,24,900.0,0,0.0,6,25.0,7,829.18,65.8,3515,true,completed
CV_h5s8n8.txt,BBLCT,8,5,24,24,900.0,2,8.3,8,33.3,6,733.62,57.4,2717,true,completed
CV_h5s8n9.txt,BBLCT,8,5,24,24,900.0,0,0.0,7,29.2,6,659.02,1430.6,94173,true,completed
CV_h6s4n1.txt,BBLCT,4,6,16,16,900.0,0,0.0,4,25.0,6,683.62,0.7,69,true,completed
CV_h6s4n10.txt,BBLCT,4,6,16,16,900.0,0,0.0,6,37.5,7,804.91,8.6,4294,true,completed
CV_h6s4n11.txt,BBLCT,4,6,16,16,900.0,0,0.0,3,18.8,6,717.03,0.6,101,true,completed
CV_h6s4n12.txt,BBLCT,4,6,16,16,900.0,3,18.8,5,31.2,7,784.95,0.6,10,true,completed
CV_h6s4n13.txt,BBLCT,4,6,16,16,900.0,0,0.0,6,37.5,7,890.00,4.4,1662,true,completed
CV_h6s4n14.txt,BBLCT,4,6,16,16,900.0,0,0.0,2,12.5,4,461.57,1.9,846,true,completed
CV_h6s4n15.txt,BBLCT,4,6,16,16,900.0,1,6.2,10,62.5,8,872.65,11.3,4078,true,completed
CV_h6s4n16.txt,BBLCT,4,6,16,16,900.0,0,0.0,2,12.5,4,454.06,3.0,2043,true,completed
CV_h6s4n17.txt,BBLCT,4,6,16,16,900.0,0,0.0,4,25.0,7,830.43,0.7,126,true,completed
CV_h6s4n18.txt,BBLCT,4,6,16,16,900.0,0,0.0,1,6.2,3,355.79,2.8,2252,true,completed
CV_h6s4n19.txt,BBLCT,4,6,16,16,900.0,0,0.0,3,18.8,5,600.94,0.9,151,true,completed
CV_h6s4n2.txt,BBLCT,4,6,16,16,900.0,0,0.0,9,56.2,8,872.65,0.7,49,true,completed
CV_h6s4n20.txt,BBLCT,4,6,16,16,900.0,0,0.0,6,37.5,3,344.56,2.5,844,true,completed
CV_h6s4n21.txt,BBLCT,4,6,16,16,900.0,0,0.0,2,12.5,3,357.12,1.3,541,true,completed
CV_h6s4n22.txt,BBLCT,4,6,16,16,900.0,0,0.0,5,31.2,8,892.61,0.9,161,true,completed
CV_h6s4n23.txt,BBLCT,4,6,16,16,900.0,0,0.0,6,37.5,6,719.41,1.1,328,true,completed
CV_h6s4n24.txt,BBLCT,4,6,16,16,900.0,0,0.0,6,37.5,8,895.73,3.5,1546,true,completed
CV_h6s4n25.txt,BBLCT,4,6,16,16,900.0,1,6.2,5,31.2,8,898.08,1.3,342,true,completed
CV_h6s4n26.txt,BBLCT,4,6,16,16,900.0,0,0.0,5,31.2,4,470.97,0.8,112,true,completed
CV_h6s4n27.txt,BBLCT,4,6,16,16,900.0,0,0.0,5,31.2,8,895.82,0.7,79,true,completed
CV_h6s4n28.txt,BBLCT,4,6,16,16,900.0,0,0.0,3,18.8,4,450.42,5.0,2403,true,completed
CV_h6s4n29.txt,BBLCT,4,6,16,16,900.0,0,0.0,6,37.5,6,708.50,0.7,107,true,completed
CV_h6s4n3.txt,BBLCT,4,6,16,16,900.0,2,12.5,5,31.2,7,872.08,1.2,261,true,completed
CV_h6s4n30.txt,BBLCT,4,6,16,16,900.0,0,0.0,4,25.0,7,849.13,1.1,269,true,completed
CV_h6s4n31.txt,BBLCT,4,6,16,16,900.0,1,6.2,4,25.0,6,741.47,0.8,98,true,completed
CV_h6s4n32.txt,BBLCT,4,6,16,16,900.0,2,12.5,4,25.0,6,681.47,0.8,69,true,completed
CV_h6s4n33.txt,BBLCT,4,6,16,16,900.0,0,0.0,4,25.0,7,868.99,2.2,866,true,completed
CV_h6s4n34.txt,BBLCT,4,6,16,16,900.0,1,6.2,4,25.0,7,848.90,1.2,353,true,completed
CV_h6s4n35.txt,BBLCT,4,6,16,16,900.0,0,0.0,1,6.2,3,354.48,2.9,2192,true,completed
CV_h6s4n36.txt,BBLCT,4,6,16,16,900.0,0,0.0,4,25.0,7,851.49,1.9,806,true,completed
CV_h6s4n37.txt,BBLCT,4,6,16,16,900.0,1,6.2,7,43.8,7,846.59,0.9,145,true,completed
CV_h6s4n38.txt,BBLCT,4,6,16,16,900.0,0,0.0,3,18.8,6,701.38,0.6,10,true,completed
CV_h6s4n39.txt,BBLCT,4,6,16,16,900.0,1,6.2,3,18.8,7,814.16,0.6,10,true,completed
CV_h6s4n4.txt,BBLCT,4,6,16,16,900.0,1,6.2,9,56.2,8,875.27,2.0,670,true,completed
CV_h6s4n40.txt,BBLCT,4,6,16,16,900.0,0,0.0,2,12.5,3,329.02,1.7,840,true,completed
CV_h6s4n5.txt,BBLCT,4,6,16,16,900.0,0,0.0,8,50.0,7,802.52,1.0,272,true,completed
CV_h6s4n6.txt,BBLCT,4,6,16,16,900.0,1,6.2,11,68.8,7,831.30,59.5,16373,true,completed
CV_h6s4n7.txt,BBLCT,4,6,16,16,900.0,0,0.0,4,25.0,7,870.58,1.7,716,true,completed
CV_h6s4n8.txt,BBLCT,4,6,16,16,900.0,1,6.2,3,18.8,3,366.25,1.4,505,true,completed
CV_h6s4n9.txt,BBLCT,4,6,16,16,900.0,0,0.0,16,100.0,7,868.75,0.6,1,true,completed
CV_h6s5n1.txt,BBLCT,5,6,20,20,900.0,0,0.0,4,20.0,7,824.26,2.2,326,true,completed
CV_h6s5n10.txt,BBLCT,5,6,20,20,900.0,0,0.0,6,30.0,7,899.36,0.8,1,true,completed
CV_h6s5n11.txt,BBLCT,5,6,20,20,900.0,1,5.0,10,50.0,6,738.63,0.8,2,true,completed
CV_h6s5n12.txt,BBLCT,5,6,20,20,900.0,0,0.0,6,30.0,7,880.94,1.7,218,true,completed
CV_h6s5n13.txt,BBLCT,5,6,20,20,900.0,1,5.0,9,45.0,7,874.01,0.7,1,true,completed
CV_h6s5n14.txt,BBLCT,5,6,20,20,900.0,0,0.0,5,25.0,7,833.21,2.0,302,true,completed
CV_h6s5n15.txt,BBLCT,5,6,20,20,900.0,0,0.0,5,25.0,6,733.65,0.7,1,true,completed
CV_h6s5n16.txt,BBLCT,5,6,20,20,900.0,0,0.0,4,20.0,7,885.78,0.8,21,true,completed
CV_h6s5n17.txt,BBLCT,5,6,20,20,900.0,1,5.0,4,20.0,8,899.98,1.0,70,true,completed
CV_h6s5n18.txt,BBLCT,5,6,20,20,900.0,0,0.0,5,25.0,7,816.37,1.6,212,true,completed
CV_h6s5n19.txt,BBLCT,5,6,20,20,900.0,0,0.0,5,25.0,7,854.93,0.8,15,true,completed
CV_h6s5n2.txt,BBLCT,5,6,20,20,900.0,0,0.0,6,30.0,7,838.43,17.1,4860,true,completed
CV_h6s5n20.txt,BBLCT,5,6,20,20,900.0,0,0.0,7,35.0,7,885.06,1.5,258,true,completed
CV_h6s5n21.txt,BBLCT,5,6,20,20,900.0,0,0.0,4,20.0,7,848.15,0.8,20,true,completed
CV_h6s5n22.txt,BBLCT,5,6,20,20,900.0,0,0.0,5,25.0,6,740.00,0.8,1,true,completed
CV_h6s5n23.txt,BBLCT,5,6,20,20,900.0,0,0.0,6,30.0,7,870.16,0.8,14,true,completed
CV_h6s5n24.txt,BBLCT,5,6,20,20,900.0,1,5.0,3,15.0,7,872.88,0.7,3,true,completed
CV_h6s5n25.txt,BBLCT,5,6,20,20,900.0,0,0.0,9,45.0,7,838.51,7.7,1924,true,completed
CV_h6s5n26.txt,BBLCT,5,6,20,20,900.0,0,0.0,3,15.0,5,579.66,10.5,3329,true,completed
CV_h6s5n27.txt,BBLCT,5,6,20,20,900.0,0,0.0,8,40.0,6,733.54,0.9,17,true,completed
CV_h6s5n28.txt,BBLCT,5,6,20,20,900.0,0,0.0,7,35.0,7,821.41,1.1,51,true,completed
CV_h6s5n29.txt,BBLCT,5,6,20,20,900.0,0,0.0,4,20.0,5,557.78,1.8,280,true,completed
CV_h6s5n3.txt,BBLCT,5,6,20,20,900.0,1,5.0,5,25.0,7,818.18,1.3,138,true,completed
CV_h6s5n30.txt,BBLCT,5,6,20,20,900.0,0,0.0,3,15.0,6,725.66,0.8,13,true,completed
CV_h6s5n31.txt,BBLCT,5,6,20,20,900.0,0,0.0,2,10.0,6,709.34,6.6,2273,true,completed
CV_h6s5n32.txt,BBLCT,5,6,20,20,900.0,3,15.0,8,40.0,7,816.88,1.0,36,true,completed
CV_h6s5n33.txt,BBLCT,5,6,20,20,900.0,1,5.0,5,25.0,5,625.74,0.7,3,true,completed
CV_h6s5n34.txt,BBLCT,5,6,20,20,900.0,0,0.0,3,15.0,4,461.57,4.8,1344,true,completed
CV_h6s5n35.txt,BBLCT,5,6,20,20,900.0,0,0.0,4,20.0,7,812.25,2.3,416,true,completed
CV_h6s5n36.txt,BBLCT,5,6,20,20,900.0,0,0.0,6,30.0,7,890.15,45.3,11825,true,completed
CV_h6s5n37.txt,BBLCT,5,6,20,20,900.0,0,0.0,2,10.0,6,686.00,0.7,8,true,completed
CV_h6s5n38.txt,BBLCT,5,6,20,20,900.0,1,5.0,4,20.0,5,609.12,12.9,3645,true,completed
CV_h6s5n39.txt,BBLCT,5,6,20,20,900.0,0,0.0,6,30.0,4,467.72,16.8,5063,true,completed
CV_h6s5n4.txt,BBLCT,5,6,20,20,900.0,0,0.0,9,45.0,6,656.42,0.8,14,true,completed
CV_h6s5n40.txt,BBLCT,5,6,20,20,900.0,1,5.0,4,20.0,7,782.06,5.3,1169,true,completed
CV_h6s5n5.txt,BBLCT,5,6,20,20,900.0,0,0.0,2,10.0,5,579.53,12.1,4599,true,completed
CV_h6s5n6.txt,BBLCT,5,6,20,20,900.0,0,0.0,4,20.0,7,877.51,0.7,1,true,completed
CV_h6s5n7.txt,BBLCT,5,6,20,20,900.0,0,0.0,6,30.0,7,872.97,3.9,810,true,completed
CV_h6s5n8.txt,BBLCT,5,6,20,20,900.0,0,0.0,5,25.0,7,845.86,0.8,13,true,completed
CV_h6s5n9.txt,BBLCT,5,6,20,20,900.0,1,5.0,6,30.0,7,879.08,0.7,9,true,completed
CV_h6s6n1.txt,BBLCT,6,6,24,24,900.0,0,0.0,9,37.5,7,848.85,11.8,1716,true,completed
CV_h6s6n10.txt,BBLCT,6,6,24,24,900.0,0,0.0,6,25.0,7,871.94,1.0,1,true,completed
CV_h6s6n11.txt,BBLCT,6,6,24,24,900.0,0,0.0,2,8.3,6,734.58,0.9,10,true,completed
CV_h6s6n12.txt,BBLCT,6,6,24,24,900.0,2,8.3,5,20.8,6,693.18,2.7,214,true,completed
CV_h6s6n13.txt,BBLCT,6,6,24,24,900.0,0,0.0,6,25.0,7,857.05,1.4,55,true,completed
CV_h6s6n14.txt,BBLCT,6,6,24,24,900.0,0,0.0,9,37.5,7,820.10,1.5,78,true,completed
CV_h6s6n15.txt,BBLCT,6,6,24,24,900.0,1,4.2,7,29.2,7,830.70,4.3,413,true,completed
CV_h6s6n16.txt,BBLCT,6,6,24,24,900.0,2,8.3,6,25.0,4,484.30,46.7,6455,true,completed
CV_h6s6n17.txt,BBLCT,6,6,24,24,900.0,0,0.0,4,16.7,7,890.36,1.0,7,true,completed
CV_h6s6n18.txt,BBLCT,6,6,24,24,900.0,0,0.0,4,16.7,6,723.97,1.0,1,true,completed
CV_h6s6n19.txt,BBLCT,6,6,24,24,900.0,0,0.0,3,12.5,6,677.49,1.0,8,true,completed
CV_h6s6n2.txt,BBLCT,6,6,24,24,900.0,1,4.2,7,29.2,8,897.28,4.5,400,true,completed
CV_h6s6n20.txt,BBLCT,6,6,24,24,900.0,0,0.0,10,41.7,7,859.50,26.1,3020,true,completed
CV_h6s6n21.txt,BBLCT,6,6,24,24,900.0,0,0.0,7,29.2,5,586.27,94.3,14287,true,completed
CV_h6s6n22.txt,BBLCT,6,6,24,24,900.0,0,0.0,9,37.5,7,817.03,1.0,4,true,completed
CV_h6s6n23.txt,BBLCT,6,6,24,24,900.0,0,0.0,5,20.8,4,453.34,88.2,14256,true,completed
CV_h6s6n24.txt,BBLCT,6,6,24,24,900.0,0,0.0,6,25.0,7,822.63,1.1,16,true,completed
CV_h6s6n25.txt,BBLCT,6,6,24,24,900.0,1,4.2,4,16.7,6,748.54,0.9,1,true,completed
CV_h6s6n26.txt,BBLCT,6,6,24,24,900.0,0,0.0,5,20.8,6,733.04,36.2,4155,true,completed
CV_h6s6n27.txt,BBLCT,6,6,24,24,900.0,1,4.2,6,25.0,7,818.60,2.3,160,true,completed
CV_h6s6n28.txt,BBLCT,6,6,24,24,900.0,1,4.2,6,25.0,7,894.83,0.9,1,true,completed
CV_h6s6n29.txt,BBLCT,6,6,24,24,900.0,0,0.0,4,16.7,7,839.11,6.4,1045,true,completed
CV_h6s6n3.txt,BBLCT,6,6,24,24,900.0,3,12.5,8,33.3,5,564.17,161.9,16611,true,completed
CV_h6s6n30.txt,BBLCT,6,6,24,24,900.0,0,0.0,9,37.5,7,878.65,0.9,1,true,completed
CV_h6s6n31.txt,BBLCT,6,6,24,24,900.0,1,4.2,7,29.2,7,823.08,15.0,1807,true,completed
CV_h6s6n32.txt,BBLCT,6,6,24,24,900.0,0,0.0,6,25.0,7,848.05,1.4,67,true,completed
CV_h6s6n33.txt,BBLCT,6,6,24,24,900.0,0,0.0,6,25.0,7,882.49,1.5,89,true,completed
CV_h6s6n34.txt,BBLCT,6,6,24,24,900.0,0,0.0,4,16.7,7,825.53,1.0,10,true,completed
CV_h6s6n35.txt,BBLCT,6,6,24,24,900.0,0,0.0,4,16.7,7,829.66,5.8,663,true,completed
CV_h6s6n36.txt,BBLCT,6,6,24,24,900.0,0,0.0,4,16.7,7,876.67,1.1,20,true,completed
CV_h6s6n37.txt,BBLCT,6,6,24,24,900.0,0,0.0,4,16.7,6,726.39,2.0,176,true,completed
CV_h6s6n38.txt,BBLCT,6,6,24,24,900.0,0,0.0,6,25.0,6,702.19,154.1,24494,true,completed
CV_h6s6n39.txt,BBLCT,6,6,24,24,900.0,0,0.0,2,8.3,4,457.96,171.8,47502,true,completed
CV_h6s6n4.txt,BBLCT,6,6,24,24,900.0,2,8.3,4,16.7,7,841.36,3.2,287,true,completed
CV_h6s6n40.txt,BBLCT,6,6,24,24,900.0,0,0.0,6,25.0,8,891.22,9.0,1161,true,completed
CV_h6s6n5.txt,BBLCT,6,6,24,24,900.0,0,0.0,2,8.3,6,734.78,0.9,15,true,completed
CV_h6s6n6.txt,BBLCT,6,6,24,24,900.0,0,0.0,5,20.8,7,869.77,0.9,1,true,completed
CV_h6s6n7.txt,BBLCT,6,6,24,24,900.0,0,0.0,5,20.8,7,840.06,3.4,507,true,completed
CV_h6s6n8.txt,BBLCT,6,6,24,24,900.0,0,0.0,9,37.5,5,579.53,48.5,6439,true,completed
CV_h6s6n9.txt,BBLCT,6,6,24,24,900.0,1,4.2,3,12.5,6,689.50,1.1,8,true,completed
CV_h6s7n1.txt,BBLCT,7,6,28,28,900.0,1,3.6,6,21.4,7,777.09,1.2,1,true,completed
CV_h6s7n10.txt,BBLCT,7,6,28,28,900.0,2,7.1,7,25.0,6,706.93,241.8,17482,true,completed
CV_h6s7n11.txt,BBLCT,7,6,28,28,900.0,0,0.0,4,14.3,6,681.94,24.4,2592,true,completed
CV_h6s7n12.txt,BBLCT,7,6,28,28,900.0,2,7.1,8,28.6,7,824.20,1.3,1,true,completed
CV_h6s7n13.txt,BBLCT,7,6,28,28,900.0,0,0.0,9,32.1,7,857.07,4.6,270,true,completed
CV_h6s7n14.txt,BBLCT,7,6,28,28,900.0,0,0.0,5,17.9,7,824.75,13.7,1285,true,completed
CV_h6s7n15.txt,BBLCT,7,6,28,28,900.0,0,0.0,6,21.4,7,823.02,1.1,1,true,completed
CV_h6s7n16.txt,BBLCT,7,6,28,28,900.0,1,3.6,4,14.3,5,566.57,616.1,59722,true,completed
CV_h6s7n17.txt,BBLCT,7,6,28,28,900.0,2,7.1,10,35.7,6,746.66,10.7,658,true,completed
CV_h6s7n18.txt,BBLCT,7,6,28,28,900.0,1,3.6,4,14.3,6,702.67,1.3,13,true,completed
CV_h6s7n19.txt,BBLCT,7,6,28,28,900.0,0,0.0,7,25.0,6,688.83,5.5,352,true,completed
CV_h6s7n2.txt,BBLCT,7,6,28,28,900.0,0,0.0,3,10.7,7,831.55,209.6,31543,true,completed
CV_h6s7n20.txt,BBLCT,7,6,28,28,900.0,1,3.6,4,14.3,6,702.22,283.5,29085,true,completed
CV_h6s7n21.txt,BBLCT,7,6,28,28,900.0,0,0.0,2,7.1,7,828.07,1.1,1,true,completed
CV_h6s7n22.txt,BBLCT,7,6,28,28,900.0,0,0.0,7,25.0,7,869.03,1.4,15,true,completed
CV_h6s7n23.txt,BBLCT,7,6,28,28,900.0,0,0.0,10,35.7,7,844.14,1.3,1,true,completed
CV_h6s7n24.txt,BBLCT,7,6,28,28,900.0,0,0.0,6,21.4,7,850.82,1.7,43,true,completed
CV_h6s7n25.txt,BBLCT,7,6,28,28,900.0,0,0.0,3,10.7,6,715.81,261.5,34418,true,completed
CV_h6s7n26.txt,BBLCT,7,6,28,28,900.0,0,0.0,8,28.6,7,881.79,1.3,1,true,completed
CV_h6s7n27.txt,BBLCT,7,6,28,28,900.0,0,0.0,4,14.3,6,699.70,1.2,9,true,completed
CV_h6s7n28.txt,BBLCT,7,6,28,28,900.0,0,0.0,3,10.7,7,829.83,1.1,1,true,completed
CV_h6s7n29.txt,BBLCT,7,6,28,28,900.0,1,3.6,5,17.9,7,866.96,2.0,66,true,completed
CV_h6s7n3.txt,BBLCT,7,6,28,28,900.0,1,3.6,6,21.4,7,837.10,238.2,22859,true,completed
CV_h6s7n30.txt,BBLCT,7,6,28,28,900.0,1,3.6,6,21.4,6,686.30,10.4,870,true,completed
CV_h6s7n31.txt,BBLCT,7,6,28,28,900.0,0,0.0,4,14.3,7,823.73,1.1,1,true,completed
CV_h6s7n32.txt,BBLCT,7,6,28,28,900.0,0,0.0,5,17.9,7,848.60,1.2,1,true,completed
CV_h6s7n33.txt,BBLCT,7,6,28,28,900.0,0,0.0,6,21.4,6,713.79,14.6,1442,true,completed
CV_h6s7n34.txt,BBLCT,7,6,28,28,900.0,0,0.0,4,14.3,6,683.56,1.9,63,true,completed
CV_h6s7n35.txt,BBLCT,7,6,28,28,900.0,0,0.0,2,7.1,7,826.00,1.2,3,true,completed
CV_h6s7n36.txt,BBLCT,7,6,28,28,900.0,0,0.0,3,10.7,4,464.36,187.0,26299,true,completed
CV_h6s7n37.txt,BBLCT,7,6,28,28,900.0,0,0.0,5,17.9,6,733.94,2.0,59,true,completed
CV_h6s7n38.txt,BBLCT,7,6,28,28,900.0,0,0.0,6,21.4,7,853.08,983.2,99456,true,completed
CV_h6s7n39.txt,BBLCT,7,6,28,28,900.0,1,3.6,7,25.0,6,778.24,21.1,1524,true,completed
CV_h6s7n4.txt,BBLCT,7,6,28,28,900.0,0,0.0,3,10.7,7,810.53,1.1,1,true,completed
CV_h6s7n40.txt,BBLCT,7,6,28,28,900.0,0,0.0,4,14.3,6,693.62,1.2,7,true,completed
CV_h6s7n5.txt,BBLCT,7,6,28,28,900.0,0,0.0,5,17.9,6,656.32,2.9,161,true,completed
CV_h6s7n6.txt,BBLCT,7,6,28,28,900.0,2,7.1,4,14.3,6,731.12,1.1,1,true,completed
CV_h6s7n7.txt,BBLCT,7,6,28,28,900.0,1,3.6,6,21.4,6,681.31,11.0,854,true,completed
CV_h6s7n8.txt,BBLCT,7,6,28,28,900.0,0,0.0,5,17.9,5,587.70,577.3,54228,true,completed
CV_h6s7n9.txt,BBLCT,7,6,28,28,900.0,0,0.0,3,10.7,6,679.15,3955.1,633244,true,completed
CV_h7s10n1.txt,BBLCT,10,7,50,50,900.0,0,0.0,2,4.0,6,785.91,2.7,1,true,completed
CV_h7s10n10.txt,BBLCT,10,7,50,50,900.0,0,0.0,3,6.0,7,869.04,2.9,1,true,completed
CV_h7s10n11.txt,BBLCT,10,7,50,50,900.0,0,0.0,4,8.0,7,835.58,3.0,1,true,completed
CV_h7s10n12.txt,BBLCT,10,7,50,50,900.0,0,0.0,2,4.0,6,767.85,2.7,1,true,completed
CV_h7s10n13.txt,BBLCT,10,7,50,50,900.0,0,0.0,7,14.0,7,836.84,3.1,1,true,completed
CV_h7s10n14.txt,BBLCT,10,7,50,50,900.0,0,0.0,4,8.0,6,775.55,3.0,1,true,completed
CV_h7s10n15.txt,BBLCT,10,7,50,50,900.0,0,0.0,4,8.0,7,863.77,3.0,1,true,completed
CV_h7s10n16.txt,BBLCT,10,7,50,50,900.0,1,2.0,6,12.0,7,893.02,3.6,6,true,completed
CV_h7s10n17.txt,BBLCT,10,7,50,50,900.0,0,0.0,4,8.0,7,771.52,3.8,10,true,completed
CV_h7s10n18.txt,BBLCT,10,7,50,50,900.0,0,0.0,6,12.0,7,855.62,3.1,1,true,completed
CV_h7s10n19.txt,BBLCT,10,7,50,50,900.0,1,2.0,3,6.0,6,770.38,3.2,1,true,completed
CV_h7s10n2.txt,BBLCT,10,7,50,50,900.0,0,0.0,1,2.0,6,781.73,2.7,1,true,completed
CV_h7s10n20.txt,BBLCT,10,7,50,50,900.0,0,0.0,5,10.0,6,794.85,3.0,1,true,completed
CV_h7s10n21.txt,BBLCT,10,7,50,50,900.0,0,0.0,4,8.0,6,761.15,2.9,1,true,completed
CV_h7s10n22.txt,BBLCT,10,7,50,50,900.0,0,0.0,3,6.0,7,878.94,3.0,1,true,completed
CV_h7s10n23.txt,BBLCT,10,7,50,50,900.0,0,0.0,1,2.0,6,775.49,2.6,1,true,completed
CV_h7s10n24.txt,BBLCT,10,7,50,50,900.0,0,0.0,2,4.0,7,895.57,5.0,75,true,completed
CV_h7s10n25.txt,BBLCT,10,7,50,50,900.0,2,4.0,4,8.0,7,872.53,6.4,76,true,completed
CV_h7s10n26.txt,BBLCT,10,7,50,50,900.0,0,0.0,5,10.0,7,857.58,2.6,1,true,completed
CV_h7s10n27.txt,BBLCT,10,7,50,50,900.0,0,0.0,2,4.0,7,795.88,3.1,1,true,completed
CV_h7s10n28.txt,BBLCT,10,7,50,50,900.0,0,0.0,2,4.0,7,888.21,2.7,1,true,completed
CV_h7s10n29.txt,BBLCT,10,7,50,50,900.0,0,0.0,6,12.0,8,896.21,6.1,92,true,completed
CV_h7s10n3.txt,BBLCT,10,7,50,50,900.0,0,0.0,3,6.0,6,824.82,2.9,1,true,completed
CV_h7s10n30.txt,BBLCT,10,7,50,50,900.0,0,0.0,4,8.0,7,840.03,2.9,1,true,completed
CV_h7s10n31.txt,BBLCT,10,7,50,50,900.0,1,2.0,4,8.0,7,807.06,3.0,1,true,completed
CV_h7s10n32.txt,BBLCT,10,7,50,50,900.0,0,0.0,6,12.0,7,810.85,3.6,1,true,completed
CV_h7s10n33.txt,BBLCT,10,7,50,50,900.0,0,0.0,2,4.0,6,795.05,2.7,1,true,completed
CV_h7s10n34.txt,BBLCT,10,7,50,50,900.0,0,0.0,9,18.0,7,836.98,3.3,1,true,completed
CV_h7s10n35.txt,BBLCT,10,7,50,50,900.0,0,0.0,4,8.0,7,858.39,2.8,1,true,completed
CV_h7s10n36.txt,BBLCT,10,7,50,50,900.0,0,0.0,5,10.0,7,837.00,3.1,1,true,completed
CV_h7s10n37.txt,BBLCT,10,7,50,50,900.0,0,0.0,6,12.0,7,859.31,2.9,1,true,completed
CV_h7s10n38.txt,BBLCT,10,7,50,50,900.0,0,0.0,4,8.0,6,778.23,3.2,1,true,completed
CV_h7s10n39.txt,BBLCT,10,7,50,50,900.0,0,0.0,3,6.0,7,857.89,3.1,9,true,completed
CV_h7s10n4.txt,BBLCT,10,7,50,50,900.0,0,0.0,4,8.0,7,826.95,141.5,4604,true,completed
CV_h7s10n40.txt,BBLCT,10,7,50,50,900.0,0,0.0,3,6.0,7,831.62,7.7,206,true,completed
CV_h7s10n5.txt,BBLCT,10,7,50,50,900.0,0,0.0,4,8.0,7,862.17,2.9,1,true,completed
CV_h7s10n6.txt,BBLCT,10,7,50,50,900.0,0,0.0,3,6.0,7,886.42,2.8,1,true,completed
CV_h7s10n7.txt,BBLCT,10,7,50,50,900.0,0,0.0,3,6.0,7,870.67,5.5,91,true,completed
CV_h7s10n8.txt,BBLCT,10,7,50,50,900.0,0,0.0,3,6.0,7,873.35,2.9,1,true,completed
CV_h7s10n9.txt,BBLCT,10,7,50,50,900.0,0,0.0,6,12.0,7,799.59,3.2,1,true,completed
CV_h7s4n1.txt,BBLCT,4,7,20,20,900.0,0,0.0,3,15.0,7,832.64,0.7,1,true,completed
CV_h7s4n10.txt,BBLCT,4,7,20,20,900.0,0,0.0,3,15.0,4,465.62,0.9,125,true,completed
CV_h7s4n11.txt,BBLCT,4,7,20,20,900.0,0,0.0,3,15.0,5,575.99,5.0,2339,true,completed
CV_h7s4n12.txt,BBLCT,4,7,20,20,900.0,0,0.0,1,5.0,3,354.48,3.1,2049,true,completed
CV_h7s4n13.txt,BBLCT,4,7,20,20,900.0,0,0.0,1,5.0,3,354.48,3.2,2192,true,completed
CV_h7s4n14.txt,BBLCT,4,7,20,20,900.0,0,0.0,3,15.0,4,492.38,0.8,71,true,completed
CV_h7s4n15.txt,BBLCT,4,7,20,20,900.0,0,0.0,7,35.0,5,613.43,0.7,1,true,completed
CV_h7s4n16.txt,BBLCT,4,7,20,20,900.0,0,0.0,2,10.0,4,501.60,0.8,155,true,completed
CV_h7s4n17.txt,BBLCT,4,7,20,20,900.0,0,0.0,1,5.0,3,361.99,0.8,159,true,completed
CV_h7s4n18.txt,BBLCT,4,7,20,20,900.0,1,5.0,7,35.0,7,829.82,0.7,21,true,completed
CV_h7s4n19.txt,BBLCT,4,7,20,20,900.0,0,0.0,4,20.0,6,719.46,0.6,1,true,completed
CV_h7s4n2.txt,BBLCT,4,7,20,20,900.0,0,0.0,1,5.0,4,497.74,0.8,159,true,completed
CV_h7s4n20.txt,BBLCT,4,7,20,20,900.0,0,0.0,2,10.0,3,355.75,3.0,1579,true,completed
CV_h7s4n21.txt,BBLCT,4,7,20,20,900.0,0,0.0,5,25.0,7,872.91,0.7,1,true,completed
CV_h7s4n22.txt,BBLCT,4,7,20,20,900.0,3,15.0,4,20.0,6,757.96,1.5,236,true,completed
CV_h7s4n23.txt,BBLCT,4,7,20,20,900.0,0,0.0,7,35.0,5,559.79,0.8,60,true,completed
CV_h7s4n24.txt,BBLCT,4,7,20,20,900.0,0,0.0,1,5.0,4,510.24,0.6,1,true,completed
CV_h7s4n25.txt,BBLCT,4,7,20,20,900.0,3,15.0,8,40.0,7,842.56,2.1,520,true,completed
CV_h7s4n26.txt,BBLCT,4,7,20,20,900.0,0,0.0,1,5.0,4,492.38,2.2,1396,true,completed
CV_h7s4n27.txt,BBLCT,4,7,20,20,900.0,0,0.0,1,5.0,2,220.18,2.1,1358,true,completed
CV_h7s4n28.txt,BBLCT,4,7,20,20,900.0,0,0.0,1,5.0,2,220.18,2.3,1405,true,completed
CV_h7s4n29.txt,BBLCT,4,7,20,20,900.0,1,5.0,3,15.0,2,240.93,1.3,281,true,completed
CV_h7s4n3.txt,BBLCT,4,7,20,20,900.0,0,0.0,5,25.0,3,334.26,0.8,51,true,completed
CV_h7s4n30.txt,BBLCT,4,7,20,20,900.0,1,5.0,3,15.0,7,824.46,0.7,1,true,completed
CV_h7s4n31.txt,BBLCT,4,7,20,20,900.0,1,5.0,7,35.0,7,809.29,0.7,1,true,completed
CV_h7s4n32.txt,BBLCT,4,7,20,20,900.0,0,0.0,1,5.0,3,359.65,0.8,159,true,completed
CV_h7s4n33.txt,BBLCT,4,7,20,20,900.0,0,0.0,2,10.0,3,336.64,0.8,77,true,completed
CV_h7s4n34.txt,BBLCT,4,7,20,20,900.0,0,0.0,4,20.0,7,867.16,0.9,136,true,completed
CV_h7s4n35.txt,BBLCT,4,7,20,20,900.0,0,0.0,2,10.0,4,454.06,4.0,2171,true,completed
CV_h7s4n36.txt,BBLCT,4,7,20,20,900.0,0,0.0,3,15.0,4,443.81,2.8,1155,true,completed
CV_h7s4n37.txt,BBLCT,4,7,20,20,900.0,0,0.0,1,5.0,4,492.38,2.1,1359,true,completed
CV_h7s4n38.txt,BBLCT,4,7,20,20,900.0,0,0.0,2,10.0,6,773.30,0.7,1,true,completed
CV_h7s4n39.txt,BBLCT,4,7,20,20,900.0,0,0.0,3,15.0,7,873.95,0.8,73,true,completed
CV_h7s4n4.txt,BBLCT,4,7,20,20,900.0,0,0.0,3,15.0,2,230.73,2.1,752,true,completed
CV_h7s4n40.txt,BBLCT,4,7,20,20,900.0,0,0.0,3,15.0,6,712.97,0.7,7,true,completed
CV_h7s4n5.txt,BBLCT,4,7,20,20,900.0,0,0.0,2,10.0,4,507.55,1.0,155,true,completed
CV_h7s4n6.txt,BBLCT,4,7,20,20,900.0,0,0.0,4,20.0,7,844.06,0.9,129,true,completed
CV_h7s4n7.txt,BBLCT,4,7,20,20,900.0,0,0.0,5,25.0,6,693.93,0.8,75,true,completed
CV_h7s4n8.txt,BBLCT,4,7,20,20,900.0,0,0.0,2,10.0,3,370.11,1.6,557,true,completed
CV_h7s4n9.txt,BBLCT,4,7,20,20,900.0,2,10.0,4,20.0,7,789.75,0.7,1,true,completed
CV_h7s5n1.txt,BBLCT,5,7,25,25,900.0,0,0.0,1,4.0,3,357.12,11.1,6445,true,completed
CV_h7s5n10.txt,BBLCT,5,7,25,25,900.0,0,0.0,3,12.0,6,704.62,1.0,13,true,completed
CV_h7s5n11.txt,BBLCT,5,7,25,25,900.0,0,0.0,3,12.0,5,608.84,1.0,1,true,completed
CV_h7s5n12.txt,BBLCT,5,7,25,25,900.0,0,0.0,7,28.0,7,835.50,1.7,210,true,completed
CV_h7s5n13.txt,BBLCT,5,7,25,25,900.0,0,0.0,6,24.0,6,734.46,1.0,1,true,completed
CV_h7s5n14.txt,BBLCT,5,7,25,25,900.0,0,0.0,3,12.0,3,337.91,2.5,520,true,completed
CV_h7s5n15.txt,BBLCT,5,7,25,25,900.0,0,0.0,2,8.0,5,599.80,0.9,1,true,completed
CV_h7s5n16.txt,BBLCT,5,7,25,25,900.0,0,0.0,3,12.0,4,475.57,3.7,1013,true,completed
CV_h7s5n17.txt,BBLCT,5,7,25,25,900.0,0,0.0,3,12.0,6,731.94,1.0,1,true,completed
CV_h7s5n18.txt,BBLCT,5,7,25,25,900.0,1,4.0,5,20.0,6,763.68,1.0,1,true,completed
CV_h7s5n19.txt,BBLCT,5,7,25,25,900.0,1,4.0,3,12.0,4,459.42,9.0,2040,true,completed
CV_h7s5n2.txt,BBLCT,5,7,25,25,900.0,1,4.0,7,28.0,4,471.87,3.2,399,true,completed
CV_h7s5n20.txt,BBLCT,5,7,25,25,900.0,0,0.0,1,4.0,4,502.86,12.8,6445,true,completed
CV_h7s5n21.txt,BBLCT,5,7,25,25,900.0,0,0.0,3,12.0,6,743.63,0.8,1,true,completed
CV_h7s5n22.txt,BBLCT,5,7,25,25,900.0,0,0.0,4,16.0,5,559.27,0.9,1,true,completed
CV_h7s5n23.txt,BBLCT,5,7,25,25,900.0,0,0.0,3,12.0,7,853.58,0.9,4,true,completed
CV_h7s5n24.txt,BBLCT,5,7,25,25,900.0,1,4.0,3,12.0,7,856.80,0.9,1,true,completed
CV_h7s5n25.txt,BBLCT,5,7,25,25,900.0,1,4.0,5,20.0,5,610.20,1.3,73,true,completed
CV_h7s5n26.txt,BBLCT,5,7,25,25,900.0,0,0.0,4,16.0,7,884.66,1.0,7,true,completed
CV_h7s5n27.txt,BBLCT,5,7,25,25,900.0,0,0.0,4,16.0,7,897.88,1.7,261,true,completed
CV_h7s5n28.txt,BBLCT,5,7,25,25,900.0,0,0.0,3,12.0,7,839.75,2.4,416,true,completed
CV_h7s5n29.txt,BBLCT,5,7,25,25,900.0,0,0.0,2,8.0,6,682.53,0.9,1,true,completed
CV_h7s5n3.txt,BBLCT,5,7,25,25,900.0,0,0.0,1,4.0,3,355.75,12.6,6445,true,completed
CV_h7s5n30.txt,BBLCT,5,7,25,25,900.0,0,0.0,7,28.0,7,866.89,4.4,716,true,completed
CV_h7s5n31.txt,BBLCT,5,7,25,25,900.0,0,0.0,2,8.0,6,713.56,2.3,582,true,completed
CV_h7s5n32.txt,BBLCT,5,7,25,25,900.0,2,8.0,3,12.0,6,732.67,1.5,79,true,completed
CV_h7s5n33.txt,BBLCT,5,7,25,25,900.0,0,0.0,5,20.0,7,882.84,1.0,1,true,completed
CV_h7s5n34.txt,BBLCT,5,7,25,25,900.0,1,4.0,4,16.0,6,685.98,1.1,15,true,completed
CV_h7s5n35.txt,BBLCT,5,7,25,25,900.0,0,0.0,5,20.0,5,574.51,33.0,8509,true,completed
CV_h7s5n36.txt,BBLCT,5,7,25,25,900.0,0,0.0,4,16.0,6,727.18,1.0,1,true,completed
CV_h7s5n37.txt,BBLCT,5,7,25,25,900.0,1,4.0,2,8.0,4,505.03,1.3,159,true,completed
CV_h7s5n38.txt,BBLCT,5,7,25,25,900.0,1,4.0,6,24.0,7,851.33,4.0,791,true,completed
CV_h7s5n39.txt,BBLCT,5,7,25,25,900.0,0,0.0,4,16.0,5,636.57,3.7,822,true,completed
CV_h7s5n4.txt,BBLCT,5,7,25,25,900.0,0,0.0,3,12.0,7,869.44,0.9,1,true,completed
CV_h7s5n40.txt,BBLCT,5,7,25,25,900.0,0,0.0,3,12.0,6,704.10,0.9,1,true,completed
CV_h7s5n5.txt,BBLCT,5,7,25,25,900.0,1,4.0,5,20.0,6,655.09,1.0,1,true,completed
CV_h7s5n6.txt,BBLCT,5,7,25,25,900.0,0,0.0,5,20.0,7,836.75,1.0,1,true,completed
CV_h7s5n7.txt,BBLCT,5,7,25,25,900.0,0,0.0,2,8.0,3,358.38,1.2,159,true,completed
CV_h7s5n8.txt,BBLCT,5,7,25,25,900.0,0,0.0,1,4.0,3,358.13,12.1,6445,true,completed
CV_h7s5n9.txt,BBLCT,5,7,25,25,900.0,0,0.0,3,12.0,6,681.14,0.9,1,true,completed
CV_h7s6n1.txt,BBLCT,6,7,30,30,900.0,0,0.0,2,6.7,7,849.57,1.2,1,true,completed
CV_h7s6n10.txt,BBLCT,6,7,30,30,900.0,0,0.0,2,6.7,6,714.55,137.6,33089,true,completed
CV_h7s6n11.txt,BBLCT,6,7,30,30,900.0,0,0.0,6,20.0,7,892.07,8.8,1081,true,completed
CV_h7s6n12.txt,BBLCT,6,7,30,30,900.0,0,0.0,6,20.0,5,622.49,1.3,1,true,completed
CV_h7s6n13.txt,BBLCT,6,7,30,30,900.0,0,0.0,3,10.0,6,705.71,1.2,1,true,completed
CV_h7s6n14.txt,BBLCT,6,7,30,30,900.0,2,6.7,6,20.0,7,833.67,1.5,1,true,completed
CV_h7s6n15.txt,BBLCT,6,7,30,30,900.0,0,0.0,6,20.0,7,854.42,1.3,1,true,completed
CV_h7s6n16.txt,BBLCT,6,7,30,30,900.0,0,0.0,3,10.0,6,700.36,154.1,29912,true,completed
CV_h7s6n17.txt,BBLCT,6,7,30,30,900.0,0,0.0,6,20.0,6,759.81,1.3,1,true,completed
CV_h7s6n18.txt,BBLCT,6,7,30,30,900.0,0,0.0,2,6.7,5,575.56,534.0,154204,true,completed
CV_h7s6n19.txt,BBLCT,6,7,30,30,900.0,0,0.0,3,10.0,6,712.36,1.2,12,true,completed
CV_h7s6n2.txt,BBLCT,6,7,30,30,900.0,0,0.0,3,10.0,6,701.06,1.3,1,true,completed
CV_h7s6n20.txt,BBLCT,6,7,30,30,900.0,0,0.0,2,6.7,7,855.91,1.1,1,true,completed
CV_h7s6n21.txt,BBLCT,6,7,30,30,900.0,0,0.0,3,10.0,6,736.57,1.2,1,true,completed
CV_h7s6n22.txt,BBLCT,6,7,30,30,900.0,0,0.0,2,6.7,6,698.38,1.3,12,true,completed
CV_h7s6n23.txt,BBLCT,6,7,30,30,900.0,1,3.3,3,10.0,6,736.27,1.3,1,true,completed
CV_h7s6n24.txt,BBLCT,6,7,30,30,900.0,0,0.0,3,10.0,7,871.06,1.2,1,true,completed
CV_h7s6n25.txt,BBLCT,6,7,30,30,900.0,1,3.3,3,10.0,6,709.44,1.3,1,true,completed
CV_h7s6n26.txt,BBLCT,6,7,30,30,900.0,0,0.0,1,3.3,6,799.07,1.2,1,true,completed
CV_h7s6n27.txt,BBLCT,6,7,30,30,900.0,0,0.0,2,6.7,6,751.30,80.7,18703,true,completed
CV_h7s6n28.txt,BBLCT,6,7,30,30,900.0,0,0.0,2,6.7,7,885.53,1.2,1,true,completed
CV_h7s6n29.txt,BBLCT,6,7,30,30,900.0,0,0.0,2,6.7,7,848.53,1.2,1,true,completed
CV_h7s6n3.txt,BBLCT,6,7,30,30,900.0,1,3.3,5,16.7,7,863.93,2.1,98,true,completed
CV_h7s6n30.txt,BBLCT,6,7,30,30,900.0,0,0.0,5,16.7,6,741.91,1.2,1,true,completed
CV_h7s6n31.txt,BBLCT,6,7,30,30,900.0,0,0.0,3,10.0,7,781.41,1.3,1,true,completed
CV_h7s6n32.txt,BBLCT,6,7,30,30,900.0,0,0.0,2,6.7,6,725.47,1.2,1,true,completed
CV_h7s6n33.txt,BBLCT,6,7,30,30,900.0,2,6.7,4,13.3,6,716.71,1.3,1,true,completed
CV_h7s6n34.txt,BBLCT,6,7,30,30,900.0,0,0.0,5,16.7,6,727.73,1.2,1,true,completed
CV_h7s6n35.txt,BBLCT,6,7,30,30,900.0,0,0.0,5,16.7,7,872.15,1.3,1,true,completed
CV_h7s6n36.txt,BBLCT,6,7,30,30,900.0,0,0.0,2,6.7,7,888.47,22.1,6445,true,completed
CV_h7s6n37.txt,BBLCT,6,7,30,30,900.0,0,0.0,5,16.7,6,725.31,21.6,3596,true,completed
CV_h7s6n38.txt,BBLCT,6,7,30,30,900.0,0,0.0,2,6.7,6,707.42,1.2,1,true,completed
CV_h7s6n39.txt,BBLCT,6,7,30,30,900.0,1,3.3,4,13.3,4,452.76,129.8,20885,true,completed
CV_h7s6n4.txt,BBLCT,6,7,30,30,900.0,0,0.0,3,10.0,6,722.82,1.2,1,true,completed
CV_h7s6n40.txt,BBLCT,6,7,30,30,900.0,0,0.0,2,6.7,6,754.27,1.2,1,true,completed
CV_h7s6n5.txt,BBLCT,6,7,30,30,900.0,0,0.0,2,6.7,7,876.91,1.2,1,true,completed
CV_h7s6n6.txt,BBLCT,6,7,30,30,900.0,0,0.0,9,30.0,5,603.60,7.0,866,true,completed
CV_h7s6n7.txt,BBLCT,6,7,30,30,900.0,0,0.0,2,6.7,7,870.80,1.1,1,true,completed
CV_h7s6n8.txt,BBLCT,6,7,30,30,900.0,4,13.3,5,16.7,2,229.47,17.3,1788,true,completed
CV_h7s6n9.txt,BBLCT,6,7,30,30,900.0,0,0.0,3,10.0,6,684.74,1.2,1,true,completed
CV_h7s7n1.txt,BBLCT,7,7,35,35,900.0,2,5.7,6,17.1,6,706.91,435.7,33616,true,completed
CV_h7s7n10.txt,BBLCT,7,7,35,35,900.0,2,5.7,3,8.6,6,767.92,1.6,1,true,completed
CV_h7s7n11.txt,BBLCT,7,7,35,35,900.0,1,2.9,4,11.4,6,706.05,1.7,1,true,completed
CV_h7s7n12.txt,BBLCT,7,7,35,35,900.0,0,0.0,5,14.3,7,868.74,1.7,1,true,completed
CV_h7s7n13.txt,BBLCT,7,7,35,35,900.0,0,0.0,4,11.4,6,673.17,1.7,1,true,completed
CV_h7s7n14.txt,BBLCT,7,7,35,35,900.0,2,5.7,4,11.4,6,675.35,1.7,1,true,completed
CV_h7s7n15.txt,BBLCT,7,7,35,35,900.0,0,0.0,2,5.7,6,764.78,1.4,1,true,completed
CV_h7s7n16.txt,BBLCT,7,7,35,35,900.0,0,0.0,2,5.7,7,831.73,1.5,1,true,completed
CV_h7s7n17.txt,BBLCT,7,7,35,35,900.0,3,8.6,6,17.1,7,809.58,1.9,1,true,completed
CV_h7s7n18.txt,BBLCT,7,7,35,35,900.0,0,0.0,1,2.9,7,832.93,1.4,1,true,completed
CV_h7s7n19.txt,BBLCT,7,7,35,35,900.0,0,0.0,2,5.7,7,826.60,1.5,1,true,completed
CV_h7s7n2.txt,BBLCT,7,7,35,35,900.0,0,0.0,5,14.3,7,845.09,1.5,1,true,completed
CV_h7s7n20.txt,BBLCT,7,7,35,35,900.0,0,0.0,2,5.7,7,879.57,1.6,1,true,completed
CV_h7s7n21.txt,BBLCT,7,7,35,35,900.0,0,0.0,2,5.7,7,874.65,1.3,1,true,completed
CV_h7s7n22.txt,BBLCT,7,7,35,35,900.0,0,0.0,1,2.9,7,839.35,1.4,1,true,completed
CV_h7s7n23.txt,BBLCT,7,7,35,35,900.0,0,0.0,5,14.3,7,807.63,1.6,1,true,completed
CV_h7s7n24.txt,BBLCT,7,7,35,35,900.0,0,0.0,6,17.1,6,692.25,1.7,10,true,completed
CV_h7s7n25.txt,BBLCT,7,7,35,35,900.0,0,0.0,5,14.3,6,757.38,1.8,3,true,completed
CV_h7s7n26.txt,BBLCT,7,7,35,35,900.0,0,0.0,9,25.7,7,824.97,2.0,1,true,completed
CV_h7s7n27.txt,BBLCT,7,7,35,35,900.0,0,0.0,3,8.6,7,823.51,8.5,639,true,completed
CV_h7s7n28.txt,BBLCT,7,7,35,35,900.0,0,0.0,4,11.4,7,807.50,1.5,1,true,completed
CV_h7s7n29.txt,BBLCT,7,7,35,35,900.0,0,0.0,2,5.7,7,812.68,1.5,1,true,completed
CV_h7s7n3.txt,BBLCT,7,7,35,35,900.0,0,0.0,3,8.6,7,837.74,1.5,1,true,completed
CV_h7s7n30.txt,BBLCT,7,7,35,35,900.0,0,0.0,2,5.7,6,806.57,1.6,1,true,completed
CV_h7s7n31.txt,BBLCT,7,7,35,35,900.0,0,0.0,3,8.6,7,802.87,1.7,1,true,completed
CV_h7s7n32.txt,BBLCT,7,7,35,35,900.0,1,2.9,3,8.6,6,707.66,1.7,1,true,completed
CV_h7s7n33.txt,BBLCT,7,7,35,35,900.0,0,0.0,3,8.6,6,724.17,1.8,1,true,completed
CV_h7s7n34.txt,BBLCT,7,7,35,35,900.0,0,0.0,2,5.7,7,797.58,1.6,6,true,completed
CV_h7s7n35.txt,BBLCT,7,7,35,35,900.0,0,0.0,3,8.6,7,844.57,1.5,1,true,completed
CV_h7s7n36.txt,BBLCT,7,7,35,35,900.0,1,2.9,3,8.6,3,355.75,65.0,6445,true,completed
CV_h7s7n37.txt,BBLCT,7,7,35,35,900.0,0,0.0,3,8.6,6,753.98,1.5,1,true,completed
CV_h7s7n38.txt,BBLCT,7,7,35,35,900.0,0,0.0,8,22.9,7,813.33,32.2,3153,true,completed
CV_h7s7n39.txt,BBLCT,7,7,35,35,900.0,0,0.0,4,11.4,6,724.66,1.7,5,true,completed
CV_h7s7n4.txt,BBLCT,7,7,35,35,900.0,0,0.0,8,22.9,6,704.78,1.6,1,true,completed
CV_h7s7n40.txt,BBLCT,7,7,35,35,900.0,0,0.0,4,11.4,7,810.66,1.7,1,true,completed
CV_h7s7n5.txt,BBLCT,7,7,35,35,900.0,0,0.0,2,5.7,7,878.06,1.5,1,true,completed
CV_h7s7n6.txt,BBLCT,7,7,35,35,900.0,0,0.0,5,14.3,7,853.46,2.3,63,true,completed
CV_h7s7n7.txt,BBLCT,7,7,35,35,900.0,0,0.0,9,25.7,6,748.55,3.1,123,true,completed
CV_h7s7n8.txt,BBLCT,7,7,35,35,900.0,1,2.9,5,14.3,7,881.87,1.6,1,true,completed
CV_h7s7n9.txt,BBLCT,7,7,35,35,900.0,0,0.0,4,11.4,6,671.05,974.7,107502,true,completed
CV_h7s8n1.txt,BBLCT,8,7,40,40,900.0,0,0.0,5,12.5,7,887.87,2.0,1,true,completed
CV_h7s8n10.txt,BBLCT,8,7,40,40,900.0,0,0.0,3,7.5,6,774.92,2.0,1,true,completed
CV_h7s8n11.txt,BBLCT,8,7,40,40,900.0,1,2.5,3,7.5,7,863.56,2.0,1,true,completed
CV_h7s8n12.txt,BBLCT,8,7,40,40,900.0,0,0.0,5,12.5,7,855.86,2.1,1,true,completed
CV_h7s8n13.txt,BBLCT,8,7,40,40,900.0,0,0.0,3,7.5,7,853.38,2.2,13,true,completed
CV_h7s8n14.txt,BBLCT,8,7,40,40,900.0,0,0.0,2,5.0,7,841.47,1.9,1,true,completed
CV_h7s8n15.txt,BBLCT,8,7,40,40,900.0,1,2.5,5,12.5,7,834.09,2.2,1,true,completed
CV_h7s8n16.txt,BBLCT,8,7,40,40,900.0,0,0.0,3,7.5,7,795.49,2.1,1,true,completed
CV_h7s8n17.txt,BBLCT,8,7,40,40,900.0,0,0.0,4,10.0,5,579.46,1619.9,127257,true,completed
CV_h7s8n18.txt,BBLCT,8,7,40,40,900.0,0,0.0,4,10.0,7,797.89,1.9,1,true,completed
CV_h7s8n19.txt,BBLCT,8,7,40,40,900.0,0,0.0,3,7.5,7,848.47,2.1,11,true,completed
CV_h7s8n2.txt,BBLCT,8,7,40,40,900.0,0,0.0,7,17.5,7,830.92,2.0,1,true,completed
CV_h7s8n20.txt,BBLCT,8,7,40,40,900.0,1,2.5,6,15.0,6,732.98,2.3,1,true,completed
CV_h7s8n21.txt,BBLCT,8,7,40,40,900.0,0,0.0,6,15.0,7,860.62,2.3,1,true,completed
CV_h7s8n22.txt,BBLCT,8,7,40,40,900.0,0,0.0,3,7.5,7,814.03,2.1,1,true,completed
CV_h7s8n23.txt,BBLCT,8,7,40,40,900.0,1,2.5,4,10.0,6,788.36,2.1,1,true,completed
CV_h7s8n24.txt,BBLCT,8,7,40,40,900.0,0,0.0,5,12.5,5,564.75,3265.3,188360,true,completed
CV_h7s8n25.txt,BBLCT,8,7,40,40,900.0,0,0.0,5,12.5,7,826.98,1.8,1,true,completed
CV_h7s8n26.txt,BBLCT,8,7,40,40,900.0,1,2.5,4,10.0,7,844.40,2.1,1,true,completed
CV_h7s8n27.txt,BBLCT,8,7,40,40,900.0,0,0.0,2,5.0,7,880.49,2.0,1,true,completed
CV_h7s8n28.txt,BBLCT,8,7,40,40,900.0,0,0.0,4,10.0,7,795.01,2.0,1,true,completed
CV_h7s8n29.txt,BBLCT,8,7,40,40,900.0,0,0.0,3,7.5,7,865.79,1.8,1,true,completed
CV_h7s8n3.txt,BBLCT,8,7,40,40,900.0,0,0.0,3,7.5,7,828.70,2.0,1,true,completed
CV_h7s8n30.txt,BBLCT,8,7,40,40,900.0,0,0.0,3,7.5,7,829.89,2.1,1,true,completed
CV_h7s8n31.txt,BBLCT,8,7,40,40,900.0,1,2.5,4,10.0,7,873.10,1.9,1,true,completed
CV_h7s8n32.txt,BBLCT,8,7,40,40,900.0,0,0.0,5,12.5,7,862.34,1.9,1,true,completed
CV_h7s8n33.txt,BBLCT,8,7,40,40,900.0,1,2.5,3,7.5,7,874.65,2.0,1,true,completed
CV_h7s8n34.txt,BBLCT,8,7,40,40,900.0,0,0.0,4,10.0,6,725.38,1.9,1,true,completed
CV_h7s8n35.txt,BBLCT,8,7,40,40,900.0,0,0.0,4,10.0,7,828.83,2.1,1,true,completed
CV_h7s8n36.txt,BBLCT,8,7,40,40,900.0,0,0.0,6,15.0,7,860.15,1.9,1,true,completed
CV_h7s8n37.txt,BBLCT,8,7,40,40,900.0,0,0.0,3,7.5,7,854.01,2.1,1,true,completed
CV_h7s8n38.txt,BBLCT,8,7,40,40,900.0,0,0.0,4,10.0,6,755.17,2.2,13,true,completed
CV_h7s8n39.txt,BBLCT,8,7,40,40,900.0,0,0.0,2,5.0,7,788.60,2.0,1,true,completed
CV_h7s8n4.txt,BBLCT,8,7,40,40,900.0,0,0.0,2,5.0,6,792.83,1.8,1,true,completed
CV_h7s8n40.txt,BBLCT,8,7,40,40,900.0,0,0.0,2,5.0,7,881.14,2.0,1,true,completed
CV_h7s8n5.txt,BBLCT,8,7,40,40,900.0,0,0.0,3,7.5,7,894.32,1.9,1,true,completed
CV_h7s8n6.txt,BBLCT,8,7,40,40,900.0,0,0.0,2,5.0,7,807.44,2.0,1,true,completed
CV_h7s8n7.txt,BBLCT,8,7,40,40,900.0,0,0.0,7,17.5,7,781.38,2.1,1,true,completed
CV_h7s8n8.txt,BBLCT,8,7,40,40,900.0,1,2.5,5,12.5,6,732.39,2.1,1,true,completed
CV_h7s8n9.txt,BBLCT,8,7,40,40,900.0,0,0.0,3,7.5,7,896.88,1.8,1,true,completed
CV_h7s9n1.txt,BBLCT,9,7,45,45,900.0,0,0.0,2,4.4,6,763.04,2.4,1,true,completed
CV_h7s9n10.txt,BBLCT,9,7,45,45,900.0,1,2.2,3,6.7,6,807.22,2.3,1,true,completed
CV_h7s9n11.txt,BBLCT,9,7,45,45,900.0,1,2.2,4,8.9,7,788.39,2.5,1,true,completed
CV_h7s9n12.txt,BBLCT,9,7,45,45,900.0,0,0.0,8,17.8,7,866.38,2.2,1,true,completed
CV_h7s9n13.txt,BBLCT,9,7,45,45,900.0,1,2.2,4,8.9,6,797.21,2.5,1,true,completed
CV_h7s9n14.txt,BBLCT,9,7,45,45,900.0,0,0.0,2,4.4,6,780.42,2.5,1,true,completed
CV_h7s9n15.txt,BBLCT,9,7,45,45,900.0,0,0.0,6,13.3,8,898.46,11.7,413,true,completed
CV_h7s9n16.txt,BBLCT,9,7,45,45,900.0,0,0.0,2,4.4,7,851.84,2.3,1,true,completed
CV_h7s9n17.txt,BBLCT,9,7,45,45,900.0,0,0.0,3,6.7,7,838.03,2.5,1,true,completed
CV_h7s9n18.txt,BBLCT,9,7,45,45,900.0,2,4.4,4,8.9,6,791.90,2.4,1,true,completed
CV_h7s9n19.txt,BBLCT,9,7,45,45,900.0,0,0.0,3,6.7,7,883.66,3.8,61,true,completed
CV_h7s9n2.txt,BBLCT,9,7,45,45,900.0,0,0.0,5,11.1,7,823.32,2.8,1,true,completed
CV_h7s9n20.txt,BBLCT,9,7,45,45,900.0,0,0.0,8,17.8,7,835.52,231.1,10058,true,completed
CV_h7s9n21.txt,BBLCT,9,7,45,45,900.0,0,0.0,4,8.9,6,798.72,2.2,1,true,completed
CV_h7s9n22.txt,BBLCT,9,7,45,45,900.0,0,0.0,3,6.7,6,803.62,2.5,1,true,completed
CV_h7s9n23.txt,BBLCT,9,7,45,45,900.0,0,0.0,2,4.4,7,898.58,2.3,1,true,completed
CV_h7s9n24.txt,BBLCT,9,7,45,45,900.0,0,0.0,5,11.1,7,857.29,2.6,1,true,completed
CV_h7s9n25.txt,BBLCT,9,7,45,45,900.0,1,2.2,2,4.4,6,770.45,2.7,1,true,completed
CV_h7s9n26.txt,BBLCT,9,7,45,45,900.0,0,0.0,4,8.9,7,797.64,2.8,1,true,completed
CV_h7s9n27.txt,BBLCT,9,7,45,45,900.0,0,0.0,3,6.7,7,797.72,2.5,1,true,completed
CV_h7s9n28.txt,BBLCT,9,7,45,45,900.0,1,2.2,5,11.1,6,779.74,2.6,1,true,completed
CV_h7s9n29.txt,BBLCT,9,7,45,45,900.0,0,0.0,5,11.1,7,875.87,2.6,1,true,completed
CV_h7s9n3.txt,BBLCT,9,7,45,45,900.0,0,0.0,2,4.4,7,786.43,2.4,1,true,completed
CV_h7s9n30.txt,BBLCT,9,7,45,45,900.0,1,2.2,5,11.1,7,845.54,2.6,1,true,completed
CV_h7s9n31.txt,BBLCT,9,7,45,45,900.0,0,0.0,3,6.7,7,811.21,2.6,1,true,completed
CV_h7s9n32.txt,BBLCT,9,7,45,45,900.0,0,0.0,8,17.8,7,850.38,2.4,1,true,completed
CV_h7s9n33.txt,BBLCT,9,7,45,45,900.0,0,0.0,2,4.4,6,808.68,2.4,1,true,completed
CV_h7s9n34.txt,BBLCT,9,7,45,45,900.0,0,0.0,5,11.1,7,846.13,2.6,1,true,completed
CV_h7s9n35.txt,BBLCT,9,7,45,45,900.0,0,0.0,3,6.7,7,857.29,2.5,1,true,completed
CV_h7s9n36.txt,BBLCT,9,7,45,45,900.0,0,0.0,3,6.7,6,791.28,2.6,1,true,completed
CV_h7s9n37.txt,BBLCT,9,7,45,45,900.0,1,2.2,3,6.7,7,867.32,2.1,1,true,completed
CV_h7s9n38.txt,BBLCT,9,7,45,45,900.0,0,0.0,3,6.7,7,825.43,2.6,1,true,completed
CV_h7s9n39.txt,BBLCT,9,7,45,45,900.0,1,2.2,3,6.7,7,860.61,2.7,1,true,completed
CV_h7s9n4.txt,BBLCT,9,7,45,45,900.0,0,0.0,5,11.1,6,785.86,2.5,1,true,completed
CV_h7s9n40.txt,BBLCT,9,7,45,45,900.0,0,0.0,2,4.4,6,760.98,2.3,1,true,completed
CV_h7s9n5.txt,BBLCT,9,7,45,45,900.0,1,2.2,6,13.3,7,810.46,2.6,1,true,completed
CV_h7s9n6.txt,BBLCT,9,7,45,45,900.0,1,2.2,4,8.9,6,785.85,2.4,1,true,completed
CV_h7s9n7.txt,BBLCT,9,7,45,45,900.0,0,0.0,4,8.9,7,838.27,2.5,1,true,completed
CV_h7s9n8.txt,BBLCT,9,7,45,45,900.0,0,0.0,5,11.1,7,798.29,2.7,1,true,completed
CV_h7s9n9.txt,BBLCT,9,7,45,45,900.0,0,0.0,3,6.7,7,848.91,2.3,1,true,completed
CV_h8s10n1.txt,BBLCT,10,8,60,60,900.0,0,0.0,3,5.0,7,800.77,4.5,1,true,completed
CV_h8s10n10.txt,BBLCT,10,8,60,60,900.0,0,0.0,5,8.3,7,856.43,3.8,1,true,completed
CV_h8s10n11.txt,BBLCT,10,8,60,60,900.0,0,0.0,2,3.3,6,793.13,3.8,1,true,completed
CV_h8s10n12.txt,BBLCT,10,8,60,60,900.0,0,0.0,2,3.3,6,751.10,4.1,1,true,completed
CV_h8s10n13.txt,BBLCT,10,8,60,60,900.0,0,0.0,2,3.3,7,884.83,5.8,82,true,completed
CV_h8s10n14.txt,BBLCT,10,8,60,60,900.0,0,0.0,1,1.7,6,770.76,3.8,1,true,completed
CV_h8s10n15.txt,BBLCT,10,8,60,60,900.0,0,0.0,2,3.3,7,806.73,4.3,6,true,completed
CV_h8s10n16.txt,BBLCT,10,8,60,60,900.0,0,0.0,1,1.7,6,743.96,4.0,1,true,completed
CV_h8s10n17.txt,BBLCT,10,8,60,60,900.0,0,0.0,4,6.7,7,882.30,6.6,78,true,completed
CV_h8s10n18.txt,BBLCT,10,8,60,60,900.0,0,0.0,2,3.3,7,884.93,6.3,78,true,completed
CV_h8s10n19.txt,BBLCT,10,8,60,60,900.0,0,0.0,4,6.7,6,846.05,4.0,1,true,completed
CV_h8s10n2.txt,BBLCT,10,8,60,60,900.0,0,0.0,4,6.7,7,793.47,4.6,3,true,completed
CV_h8s10n20.txt,BBLCT,10,8,60,60,900.0,1,1.7,4,6.7,7,875.10,7.0,76,true,completed
CV_h8s10n21.txt,BBLCT,10,8,60,60,900.0,0,0.0,4,6.7,7,815.04,4.3,1,true,completed
CV_h8s10n22.txt,BBLCT,10,8,60,60,900.0,0,0.0,2,3.3,7,832.77,4.1,1,true,completed
CV_h8s10n23.txt,BBLCT,10,8,60,60,900.0,0,0.0,2,3.3,6,788.14,3.8,1,true,completed
CV_h8s10n24.txt,BBLCT,10,8,60,60,900.0,0,0.0,3,5.0,6,785.86,4.3,1,true,completed
CV_h8s10n25.txt,BBLCT,10,8,60,60,900.0,1,1.7,5,8.3,6,802.63,4.4,1,true,completed
CV_h8s10n26.txt,BBLCT,10,8,60,60,900.0,1,1.7,5,8.3,7,888.36,4.3,1,true,completed
CV_h8s10n27.txt,BBLCT,10,8,60,60,900.0,1,1.7,4,6.7,7,838.01,4.2,1,true,completed
CV_h8s10n28.txt,BBLCT,10,8,60,60,900.0,0,0.0,3,5.0,7,846.27,4.1,1,true,completed
CV_h8s10n29.txt,BBLCT,10,8,60,60,900.0,0,0.0,1,1.7,6,799.84,3.8,1,true,completed
CV_h8s10n3.txt,BBLCT,10,8,60,60,900.0,0,0.0,2,3.3,6,751.26,4.3,1,true,completed
CV_h8s10n30.txt,BBLCT,10,8,60,60,900.0,0,0.0,3,5.0,7,835.43,16.1,366,true,completed
CV_h8s10n31.txt,BBLCT,10,8,60,60,900.0,1,1.7,4,6.7,7,844.57,4.2,1,true,completed
CV_h8s10n32.txt,BBLCT,10,8,60,60,900.0,0,0.0,1,1.7,6,767.54,4.1,1,true,completed
CV_h8s10n33.txt,BBLCT,10,8,60,60,900.0,0,0.0,2,3.3,7,881.19,6.6,90,true,completed
CV_h8s10n34.txt,BBLCT,10,8,60,60,900.0,0,0.0,2,3.3,6,793.22,4.0,1,true,completed
CV_h8s10n35.txt,BBLCT,10,8,60,60,900.0,1,1.7,6,10.0,6,788.27,4.8,6,true,completed
CV_h8s10n36.txt,BBLCT,10,8,60,60,900.0,0,0.0,4,6.7,7,844.03,4.3,1,true,completed
CV_h8s10n37.txt,BBLCT,10,8,60,60,900.0,0,0.0,2,3.3,6,791.63,3.7,1,true,completed
CV_h8s10n38.txt,BBLCT,10,8,60,60,900.0,0,0.0,1,1.7,6,809.76,3.8,1,true,completed
CV_h8s10n39.txt,BBLCT,10,8,60,60,900.0,0,0.0,1,1.7,6,781.49,4.3,1,true,completed
CV_h8s10n4.txt,BBLCT,10,8,60,60,900.0,0,0.0,1,1.7,6,756.51,3.9,1,true,completed
CV_h8s10n40.txt,BBLCT,10,8,60,60,900.0,0,0.0,3,5.0,7,859.98,4.5,9,true,completed
CV_h8s10n5.txt,BBLCT,10,8,60,60,900.0,0,0.0,3,5.0,7,885.12,3.9,1,true,completed
CV_h8s10n6.txt,BBLCT,10,8,60,60,900.0,0,0.0,3,5.0,7,855.95,3.9,1,true,completed
CV_h8s10n7.txt,BBLCT,10,8,60,60,900.0,0,0.0,3,5.0,7,899.85,4.1,1,true,completed
CV_h8s10n8.txt,BBLCT,10,8,60,60,900.0,1,1.7,2,3.3,6,756.86,4.3,1,true,completed
CV_h8s10n9.txt,BBLCT,10,8,60,60,900.0,1,1.7,6,10.0,6,826.74,4.1,1,true,completed
CV_h8s6n1.txt,BBLCT,6,8,36,36,900.0,0,0.0,3,8.3,7,805.77,1.7,10,true,completed
CV_h8s6n10.txt,BBLCT,6,8,36,36,900.0,1,2.8,6,16.7,7,866.90,1.5,1,true,completed
CV_h8s6n11.txt,BBLCT,6,8,36,36,900.0,0,0.0,2,5.6,5,630.31,86.3,18483,true,completed
CV_h8s6n12.txt,BBLCT,6,8,36,36,900.0,1,2.8,5,13.9,6,729.35,1.6,1,true,completed
CV_h8s6n13.txt,BBLCT,6,8,36,36,900.0,0,0.0,5,13.9,6,653.92,1.7,1,true,completed
CV_h8s6n14.txt,BBLCT,6,8,36,36,900.0,0,0.0,5,13.9,6,712.11,1.8,1,true,completed
CV_h8s6n15.txt,BBLCT,6,8,36,36,900.0,0,0.0,1,2.8,6,814.95,1.6,1,true,completed
CV_h8s6n16.txt,BBLCT,6,8,36,36,900.0,0,0.0,2,5.6,5,582.10,701.1,165965,true,completed
CV_h8s6n17.txt,BBLCT,6,8,36,36,900.0,0,0.0,2,5.6,6,762.81,1.6,1,true,completed
CV_h8s6n18.txt,BBLCT,6,8,36,36,900.0,1,2.8,4,11.1,7,886.67,1.7,1,true,completed
CV_h8s6n19.txt,BBLCT,6,8,36,36,900.0,0,0.0,2,5.6,6,709.54,1.7,15,true,completed
CV_h8s6n2.txt,BBLCT,6,8,36,36,900.0,0,0.0,2,5.6,6,717.51,1.6,1,true,completed
CV_h8s6n20.txt,BBLCT,6,8,36,36,900.0,0,0.0,3,8.3,6,686.57,7.4,1105,true,completed
CV_h8s6n21.txt,BBLCT,6,8,36,36,900.0,0,0.0,2,5.6,6,736.02,1.5,1,true,completed
CV_h8s6n22.txt,BBLCT,6,8,36,36,900.0,0,0.0,2,5.6,7,869.49,33.8,6445,true,completed
CV_h8s6n23.txt,BBLCT,6,8,36,36,900.0,1,2.8,5,13.9,6,762.48,1.7,1,true,completed
CV_h8s6n24.txt,BBLCT,6,8,36,36,900.0,0,0.0,1,2.8,6,777.65,1.5,1,true,completed
CV_h8s6n25.txt,BBLCT,6,8,36,36,900.0,0,0.0,4,11.1,7,851.85,1.5,1,true,completed
CV_h8s6n26.txt,BBLCT,6,8,36,36,900.0,0,0.0,1,2.8,7,828.64,1.6,1,true,completed
CV_h8s6n27.txt,BBLCT,6,8,36,36,900.0,0,0.0,3,8.3,7,869.22,32.9,6445,true,completed
CV_h8s6n28.txt,BBLCT,6,8,36,36,900.0,0,0.0,4,11.1,3,323.85,41.7,3301,true,completed
CV_h8s6n29.txt,BBLCT,6,8,36,36,900.0,0,0.0,2,5.6,6,731.49,1.5,1,true,completed
CV_h8s6n3.txt,BBLCT,6,8,36,36,900.0,0,0.0,4,11.1,6,769.70,1.6,1,true,completed
CV_h8s6n30.txt,BBLCT,6,8,36,36,900.0,0,0.0,3,8.3,7,851.90,1.8,1,true,completed
CV_h8s6n31.txt,BBLCT,6,8,36,36,900.0,0,0.0,2,5.6,6,714.71,1.7,1,true,completed
CV_h8s6n32.txt,BBLCT,6,8,36,36,900.0,0,0.0,3,8.3,6,802.00,1.7,1,true,completed
CV_h8s6n33.txt,BBLCT,6,8,36,36,900.0,0,0.0,4,11.1,6,750.25,1.7,5,true,completed
CV_h8s6n34.txt,BBLCT,6,8,36,36,900.0,0,0.0,1,2.8,5,686.72,20.5,3286,true,completed
CV_h8s6n35.txt,BBLCT,6,8,36,36,900.0,1,2.8,4,11.1,6,743.92,1.7,1,true,completed
CV_h8s6n36.txt,BBLCT,6,8,36,36,900.0,1,2.8,4,11.1,6,787.56,1.9,1,true,completed
CV_h8s6n37.txt,BBLCT,6,8,36,36,900.0,1,2.8,3,8.3,6,703.33,1.7,1,true,completed
CV_h8s6n38.txt,BBLCT,6,8,36,36,900.0,0,0.0,3,8.3,4,497.74,26.3,6445,true,completed
CV_h8s6n39.txt,BBLCT,6,8,36,36,900.0,0,0.0,3,8.3,6,708.39,1.7,1,true,completed
CV_h8s6n4.txt,BBLCT,6,8,36,36,900.0,0,0.0,2,5.6,6,743.26,1.4,1,true,completed
CV_h8s6n40.txt,BBLCT,6,8,36,36,900.0,0,0.0,2,5.6,6,789.03,1.4,1,true,completed
CV_h8s6n5.txt,BBLCT,6,8,36,36,900.0,0,0.0,3,8.3,7,899.71,1.6,42,true,completed
CV_h8s6n6.txt,BBLCT,6,8,36,36,900.0,1,2.8,2,5.6,5,663.99,18.0,3910,true,completed
CV_h8s6n7.txt,BBLCT,6,8,36,36,900.0,0,0.0,2,5.6,6,680.78,1.7,1,true,completed
CV_h8s6n8.txt,BBLCT,6,8,36,36,900.0,0,0.0,4,11.1,6,767.51,4.0,329,true,completed
CV_h8s6n9.txt,BBLCT,6,8,36,36,900.0,0,0.0,1,2.8,7,837.66,1.4,1,true,completed
CV_h12s10n1.txt,BBLCT,10,12,100,100,1200.0,0,0.0,0,0.0,0,0.00,12.2,1,true,completed
CV_h12s10n10.txt,BBLCT,10,12,100,100,1200.0,1,1.0,2,2.0,7,1099.84,13.2,1,true,completed
CV_h12s10n11.txt,BBLCT,10,12,100,100,1200.0,0,0.0,1,1.0,6,822.29,34839.0,1306659,true,completed
CV_h12s10n12.txt,BBLCT,10,12,100,100,1200.0,0,0.0,1,1.0,8,1062.41,13.5,1,true,completed
CV_h12s10n13.txt,BBLCT,10,12,100,100,1200.0,0,0.0,5,5.0,8,1148.32,13.6,1,true,completed
CV_h12s10n14.txt,BBLCT,10,12,100,100,1200.0,0,0.0,3,3.0,9,1052.19,14.9,1,true,completed
CV_h12s10n15.txt,BBLCT,10,12,100,100,1200.0,0,0.0,0,0.0,0,0.00,12.4,1,true,completed
CV_h12s10n16.txt,BBLCT,10,12,100,100,1200.0,0,0.0,3,3.0,9,1065.98,14.4,1,true,completed
CV_h12s10n17.txt,BBLCT,10,12,100,100,1200.0,0,0.0,1,1.0,8,1036.41,14.6,1,true,completed
CV_h12s10n18.txt,BBLCT,10,12,100,100,1200.0,0,0.0,1,1.0,7,1091.37,12.2,1,true,completed
CV_h12s10n19.txt,BBLCT,10,12,100,100,1200.0,0,0.0,2,2.0,8,1085.96,13.9,1,true,completed
CV_h12s10n2.txt,BBLCT,10,12,100,100,1200.0,0,0.0,4,4.0,8,1086.11,14.3,1,true,completed
CV_h12s10n20.txt,BBLCT,10,12,100,100,1200.0,0,0.0,2,2.0,8,1063.93,14.3,1,true,completed
CV_h12s10n21.txt,BBLCT,10,12,100,100,1200.0,0,0.0,0,0.0,0,0.00,32.8,493,true,completed
CV_h12s10n22.txt,BBLCT,10,12,100,100,1200.0,0,0.0,0,0.0,0,0.00,56.5,1164,true,completed
CV_h12s10n23.txt,BBLCT,10,12,100,100,1200.0,0,0.0,2,2.0,8,1062.25,16.8,103,true,completed
CV_h12s10n24.txt,BBLCT,10,12,100,100,1200.0,0,0.0,0,0.0,0,0.00,54.6,1164,true,completed
CV_h12s10n25.txt,BBLCT,10,12,100,100,1200.0,0,0.0,0,0.0,0,0.00,13.1,1,true,completed
CV_h12s10n26.txt,BBLCT,10,12,100,100,1200.0,1,1.0,3,3.0,8,1085.21,14.9,1,true,completed
CV_h12s10n27.txt,BBLCT,10,12,100,100,1200.0,0,0.0,2,2.0,7,1087.72,13.2,1,true,completed
CV_h12s10n28.txt,BBLCT,10,12,100,100,1200.0,0,0.0,0,0.0,0,0.00,64.5,1814,true,completed
CV_h12s10n29.txt,BBLCT,10,12,100,100,1200.0,0,0.0,2,2.0,8,1045.10,13.9,1,true,completed
CV_h12s10n3.txt,BBLCT,10,12,100,100,1200.0,0,0.0,3,3.0,8,1082.43,13.9,1,true,completed
CV_h12s10n30.txt,BBLCT,10,12,100,100,1200.0,0,0.0,1,1.0,8,1033.14,12.9,1,true,completed
CV_h12s10n31.txt,BBLCT,10,12,100,100,1200.0,1,1.0,1,1.0,0,0.00,14.2,1,true,completed
CV_h12s10n32.txt,BBLCT,10,12,100,100,1200.0,1,1.0,1,1.0,0,0.00,12.9,1,true,completed
CV_h12s10n33.txt,BBLCT,10,12,100,100,1200.0,0,0.0,0,0.0,0,0.00,64.7,1814,true,completed
CV_h12s10n34.txt,BBLCT,10,12,100,100,1200.0,0,0.0,1,1.0,8,1081.28,12.8,1,true,completed
CV_h12s10n35.txt,BBLCT,10,12,100,100,1200.0,1,1.0,2,2.0,4,492.38,98.8,1707,true,completed
CV_h12s10n36.txt,BBLCT,10,12,100,100,1200.0,0,0.0,3,3.0,8,1026.96,15.2,30,true,completed
CV_h12s10n37.txt,BBLCT,10,12,100,100,1200.0,4,4.0,5,5.0,8,1109.08,14.7,1,true,completed
CV_h12s10n38.txt,BBLCT,10,12,100,100,1200.0,0,0.0,3,3.0,7,1091.87,13.0,1,true,completed
CV_h12s10n39.txt,BBLCT,10,12,100,100,1200.0,0,0.0,0,0.0,0,0.00,12.8,1,true,completed
CV_h12s10n4.txt,BBLCT,10,12,100,100,1200.0,0,0.0,1,1.0,8,1114.13,13.1,1,true,completed
CV_h12s10n40.txt,BBLCT,10,12,100,100,1200.0,1,1.0,2,2.0,8,1045.39,13.7,1,true,completed
CV_h12s10n5.txt,BBLCT,10,12,100,100,1200.0,0,0.0,0,0.0,0,0.00,12.9,1,true,completed
CV_h12s10n6.txt,BBLCT,10,12,100,100,1200.0,0,0.0,2,2.0,8,1157.61,12.9,1,true,completed
CV_h12s10n7.txt,BBLCT,10,12,100,100,1200.0,0,0.0,0,0.0,0,0.00,12.3,1,true,completed
CV_h12s10n8.txt,BBLCT,10,12,100,100,1200.0,0,0.0,2,2.0,9,1189.78,13.8,1,true,completed
CV_h12s10n9.txt,BBLCT,10,12,100,100,1200.0,0,0.0,0,0.0,0,0.00,129.5,3957,true,completed
CV_h12s6n1.txt,BBLCT,6,12,60,60,1200.0,0,0.0,1,1.7,8,1111.06,4.0,1,true,completed
CV_h12s6n10.txt,BBLCT,6,12,60,60,1200.0,0,0.0,1,1.7,8,1108.62,4.3,1,true,completed
CV_h12s6n11.txt,BBLCT,6,12,60,60,1200.0,0,0.0,4,6.7,10,1199.59,1142.7,167292,true,completed
CV_h12s6n12.txt,BBLCT,6,12,60,60,1200.0,0,0.0,2,3.3,7,889.14,4.4,1,true,completed
CV_h12s6n13.txt,BBLCT,6,12,60,60,1200.0,0,0.0,0,0.0,0,0.00,4.1,1,true,completed
CV_h12s6n14.txt,BBLCT,6,12,60,60,1200.0,0,0.0,2,3.3,8,1024.89,4.6,1,true,completed
CV_h12s6n15.txt,BBLCT,6,12,60,60,1200.0,0,0.0,2,3.3,7,964.70,4.2,1,true,completed
CV_h12s6n16.txt,BBLCT,6,12,60,60,1200.0,0,0.0,3,5.0,8,1043.71,5.5,130,true,completed
CV_h12s6n17.txt,BBLCT,6,12,60,60,1200.0,1,1.7,2,3.3,6,833.76,6.2,274,true,completed
CV_h12s6n18.txt,BBLCT,6,12,60,60,1200.0,1,1.7,2,3.3,7,951.20,4.5,1,true,completed
CV_h12s6n19.txt,BBLCT,6,12,60,60,1200.0,0,0.0,2,3.3,8,1172.35,4.2,1,true,completed
CV_h12s6n2.txt,BBLCT,6,12,60,60,1200.0,0,0.0,1,1.7,6,833.76,6.4,403,true,completed
CV_h12s6n20.txt,BBLCT,6,12,60,60,1200.0,0,0.0,1,1.7,8,1027.71,4.4,1,true,completed
CV_h12s6n21.txt,BBLCT,6,12,60,60,1200.0,0,0.0,4,6.7,8,940.17,5.2,1,true,completed
CV_h12s6n22.txt,BBLCT,6,12,60,60,1200.0,0,0.0,3,5.0,8,949.89,4.8,1,true,completed
CV_h12s6n23.txt,BBLCT,6,12,60,60,1200.0,0,0.0,2,3.3,8,933.91,4.4,1,true,completed
CV_h12s6n24.txt,BBLCT,6,12,60,60,1200.0,0,0.0,1,1.7,8,993.80,4.3,1,true,completed
CV_h12s6n25.txt,BBLCT,6,12,60,60,1200.0,0,0.0,3,5.0,8,986.37,5.1,1,true,completed
CV_h12s6n26.txt,BBLCT,6,12,60,60,1200.0,0,0.0,3,5.0,8,995.09,4.5,1,true,completed
CV_h12s6n27.txt,BBLCT,6,12,60,60,1200.0,0,0.0,2,3.3,8,871.43,4.8,1,true,completed
CV_h12s6n28.txt,BBLCT,6,12,60,60,1200.0,0,0.0,2,3.3,5,654.79,12.4,981,true,completed
CV_h12s6n29.txt,BBLCT,6,12,60,60,1200.0,0,0.0,0,0.0,0,0.00,4.1,1,true,completed
CV_h12s6n3.txt,BBLCT,6,12,60,60,1200.0,0,0.0,1,1.7,8,1104.76,4.1,1,true,completed
CV_h12s6n30.txt,BBLCT,6,12,60,60,1200.0,0,0.0,1,1.7,8,1017.04,4.2,1,true,completed
CV_h12s6n31.txt,BBLCT,6,12,60,60,1200.0,0,0.0,0,0.0,0,0.00,12.1,1454,true,completed
CV_h12s6n32.txt,BBLCT,6,12,60,60,1200.0,0,0.0,1,1.7,8,993.49,4.4,1,true,completed
CV_h12s6n33.txt,BBLCT,6,12,60,60,1200.0,0,0.0,1,1.7,8,1026.45,4.4,1,true,completed
CV_h12s6n34.txt,BBLCT,6,12,60,60,1200.0,0,0.0,1,1.7,8,1042.30,4.4,1,true,completed
CV_h12s6n35.txt,BBLCT,6,12,60,60,1200.0,0,0.0,0,0.0,0,0.00,4.3,1,true,completed
CV_h12s6n36.txt,BBLCT,6,12,60,60,1200.0,0,0.0,1,1.7,8,1017.72,4.3,1,true,completed
CV_h12s6n37.txt,BBLCT,6,12,60,60,1200.0,0,0.0,7,11.7,8,990.30,2453.3,403365,true,completed
CV_h12s6n38.txt,BBLCT,6,12,60,60,1200.0,1,1.7,2,3.3,7,926.66,4.6,1,true,completed
CV_h12s6n39.txt,BBLCT,6,12,60,60,1200.0,0,0.0,5,8.3,9,1059.67,5.3,1,true,completed
CV_h12s6n4.txt,BBLCT,6,12,60,60,1200.0,0,0.0,0,0.0,0,0.00,4.0,1,true,completed
CV_h12s6n40.txt,BBLCT,6,12,60,60,1200.0,0,0.0,0,0.0,0,0.00,5.4,164,true,completed
CV_h12s6n5.txt,BBLCT,6,12,60,60,1200.0,0,0.0,2,3.3,8,929.10,4.7,1,true,completed
CV_h12s6n6.txt,BBLCT,6,12,60,60,1200.0,0,0.0,2,3.3,8,954.21,4.5,1,true,completed
CV_h12s6n7.txt,BBLCT,6,12,60,60,1200.0,0,0.0,1,1.7,8,1127.41,4.2,1,true,completed
CV_h12s6n8.txt,BBLCT,6,12,60,60,1200.0,0,0.0,0,0.0,0,0.00,3.9,1,true,completed
CV_h12s6n9.txt,BBLCT,6,12,60,60,1200.0,0,0.0,1,1.7,2,221.51,5.6,138,true,completed
CV_h5s3n1.txt,BBLCT,3,5,9,9,1200.0,1,11.1,7,77.8,10,1157.95,2.2,1895,true,completed
CV_h5s3n10.txt,BBLCT,3,5,9,9,1200.0,0,0.0,7,77.8,8,918.11,2.5,2183,true,completed
CV_h5s3n11.txt,BBLCT,3,5,9,9,1200.0,2,22.2,9,100.0,9,985.98,0.3,1,true,completed
CV_h5s3n12.txt,BBLCT,3,5,9,9,1200.0,0,0.0,9,100.0,10,1143.63,1.6,1379,true,completed
CV_h5s3n13.txt,BBLCT,3,5,9,9,1200.0,0,0.0,6,66.7,10,1142.09,3.8,3831,true,completed
CV_h5s3n14.txt,BBLCT,3,5,9,9,1200.0,0,0.0,6,66.7,10,1149.71,1.8,1668,true,completed
CV_h5s3n15.txt,BBLCT,3,5,9,9,1200.0,0,0.0,9,100.0,9,936.86,0.3,1,true,completed
CV_h5s3n16.txt,BBLCT,3,5,9,9,1200.0,0,0.0,9,100.0,10,1079.51,0.4,1,true,completed
CV_h5s3n17.txt,BBLCT,3,5,9,9,1200.0,2,22.2,9,100.0,9,986.07,0.3,1,true,completed
CV_h5s3n18.txt,BBLCT,3,5,9,9,1200.0,0,0.0,9,100.0,7,797.13,0.2,1,true,completed
CV_h5s3n19.txt,BBLCT,3,5,9,9,1200.0,0,0.0,6,66.7,10,1142.25,1.9,1637,true,completed
CV_h5s3n2.txt,BBLCT,3,5,9,9,1200.0,0,0.0,9,100.0,11,1189.38,0.7,287,true,completed
CV_h5s3n20.txt,BBLCT,3,5,9,9,1200.0,0,0.0,5,55.6,8,884.62,2.0,1708,true,completed
CV_h5s3n21.txt,BBLCT,3,5,9,9,1200.0,1,11.1,4,44.4,10,1156.40,1.7,1360,true,completed
CV_h5s3n22.txt,BBLCT,3,5,9,9,1200.0,2,22.2,6,66.7,10,1141.46,7.4,6782,true,completed
CV_h5s3n23.txt,BBLCT,3,5,9,9,1200.0,0,0.0,9,100.0,11,1174.95,2.2,2030,true,completed
CV_h5s3n24.txt,BBLCT,3,5,9,9,1200.0,1,11.1,4,44.4,7,769.68,2.2,1748,true,completed
CV_h5s3n25.txt,BBLCT,3,5,9,9,1200.0,0,0.0,9,100.0,10,1171.59,0.4,112,true,completed
CV_h5s3n26.txt,BBLCT,3,5,9,9,1200.0,0,0.0,9,100.0,5,596.84,0.2,1,true,completed
CV_h5s3n27.txt,BBLCT,3,5,9,9,1200.0,0,0.0,9,100.0,8,866.97,0.4,1,true,completed
CV_h5s3n28.txt,BBLCT,3,5,9,9,1200.0,0,0.0,7,77.8,10,1141.46,5.1,4905,true,completed
CV_h5s3n29.txt,BBLCT,3,5,9,9,1200.0,0,0.0,7,77.8,10,1166.85,1.7,1528,true,completed
CV_h5s3n3.txt,BBLCT,3,5,9,9,1200.0,0,0.0,9,100.0,2,225.78,0.2,1,true,completed
CV_h5s3n30.txt,BBLCT,3,5,9,9,1200.0,0,0.0,9,100.0,10,1129.74,0.3,1,true,completed
CV_h5s3n31.txt,BBLCT,3,5,9,9,1200.0,0,0.0,9,100.0,10,1096.03,0.5,55,true,completed
CV_h5s3n32.txt,BBLCT,3,5,9,9,1200.0,1,11.1,9,100.0,5,540.38,0.3,1,true,completed
CV_h5s3n33.txt,BBLCT,3,5,9,9,1200.0,1,11.1,9,100.0,7,796.84,0.3,1,true,completed
CV_h5s3n34.txt,BBLCT,3,5,9,9,1200.0,0,0.0,7,77.8,10,1146.46,3.7,3455,true,completed
CV_h5s3n35.txt,BBLCT,3,5,9,9,1200.0,0,0.0,9,100.0,10,1090.52,0.3,1,true,completed
CV_h5s3n36.txt,BBLCT,3,5,9,9,1200.0,0,0.0,9,100.0,9,1003.76,0.6,263,true,completed
CV_h5s3n37.txt,BBLCT,3,5,9,9,1200.0,0,0.0,9,100.0,10,1089.25,0.6,211,true,completed
CV_h5s3n38.txt,BBLCT,3,5,9,9,1200.0,0,0.0,9,100.0,10,1162.95,3.1,3003,true,completed
CV_h5s3n39.txt,BBLCT,3,5,9,9,1200.0,9,100.0,9,100.0,0,0.00,0.1,1,true,completed
CV_h5s3n4.txt,BBLCT,3,5,9,9,1200.0,1,11.1,9,100.0,8,884.92,0.3,1,true,completed
CV_h5s3n40.txt,BBLCT,3,5,9,9,1200.0,1,11.1,9,100.0,10,1149.71,0.4,112,true,completed
CV_h5s3n5.txt,BBLCT,3,5,9,9,1200.0,4,44.4,9,100.0,5,538.08,0.2,1,true,completed
CV_h5s3n6.txt,BBLCT,3,5,9,9,1200.0,0,0.0,9,100.0,10,1105.06,1.4,1190,true,completed
CV_h5s3n7.txt,BBLCT,3,5,9,9,1200.0,0,0.0,9,100.0,10,1093.41,0.4,1,true,completed
CV_h5s3n8.txt,BBLCT,3,5,9,9,1200.0,1,11.1,9,100.0,7,725.81,0.3,1,true,completed
CV_h5s3n9.txt,BBLCT,3,5,9,9,1200.0,0,0.0,9,100.0,10,1170.75,2.6,2507,true,completed
CV_h5s4n1.txt,BBLCT,4,5,12,12,1200.0,2,16.7,12,100.0,10,1130.59,28.8,10848,true,completed
CV_h5s4n10.txt,BBLCT,4,5,12,12,1200.0,0,0.0,4,33.3,9,1108.85,2.4,1137,true,completed
CV_h5s4n11.txt,BBLCT,4,5,12,12,1200.0,1,8.3,12,100.0,10,1147.11,3.6,1392,true,completed
CV_h5s4n12.txt,BBLCT,4,5,12,12,1200.0,1,8.3,12,100.0,11,1194.60,1.3,341,true,completed
CV_h5s4n13.txt,BBLCT,4,5,12,12,1200.0,1,8.3,12,100.0,5,574.90,0.3,1,true,completed
CV_h5s4n14.txt,BBLCT,4,5,12,12,1200.0,0,0.0,12,100.0,10,1189.27,0.5,1,true,completed
CV_h5s4n15.txt,BBLCT,4,5,12,12,1200.0,0,0.0,12,100.0,10,1186.81,0.4,1,true,completed
CV_h5s4n16.txt,BBLCT,4,5,12,12,1200.0,0,0.0,4,33.3,10,1118.45,22.6,12263,true,completed
CV_h5s4n17.txt,BBLCT,4,5,12,12,1200.0,0,0.0,12,100.0,10,1148.32,0.5,1,true,completed
CV_h5s4n18.txt,BBLCT,4,5,12,12,1200.0,0,0.0,12,100.0,10,1121.40,36.3,13736,true,completed
CV_h5s4n19.txt,BBLCT,4,5,12,12,1200.0,0,0.0,12,100.0,10,1161.73,21.3,9957,true,completed
CV_h5s4n2.txt,BBLCT,4,5,12,12,1200.0,0,0.0,12,100.0,8,905.16,0.3,1,true,completed
CV_h5s4n20.txt,BBLCT,4,5,12,12,1200.0,0,0.0,12,100.0,8,932.42,0.5,1,true,completed
CV_h5s4n21.txt,BBLCT,4,5,12,12,1200.0,1,8.3,6,50.0,8,929.53,26.3,10820,true,completed
CV_h5s4n22.txt,BBLCT,4,5,12,12,1200.0,0,0.0,9,75.0,10,1149.79,6.1,2718,true,completed
CV_h5s4n23.txt,BBLCT,4,5,12,12,1200.0,3,25.0,12,100.0,7,823.30,0.4,1,true,completed
CV_h5s4n24.txt,BBLCT,4,5,12,12,1200.0,0,0.0,8,66.7,10,1150.38,354.6,151698,true,completed
CV_h5s4n25.txt,BBLCT,4,5,12,12,1200.0,0,0.0,12,100.0,10,1163.13,0.5,1,true,completed
CV_h5s4n26.txt,BBLCT,4,5,12,12,1200.0,1,8.3,12,100.0,9,1026.89,0.5,1,true,completed
CV_h5s4n27.txt,BBLCT,4,5,12,12,1200.0,4,33.3,12,100.0,5,550.62,0.3,1,true,completed
CV_h5s4n28.txt,BBLCT,4,5,12,12,1200.0,0,0.0,12,100.0,10,1108.81,65.7,27965,true,completed
CV_h5s4n29.txt,BBLCT,4,5,12,12,1200.0,0,0.0,6,50.0,10,1138.30,3.8,1582,true,completed
CV_h5s4n3.txt,BBLCT,4,5,12,12,1200.0,1,8.3,7,58.3,8,955.49,5.1,1961,true,completed
CV_h5s4n30.txt,BBLCT,4,5,12,12,1200.0,0,0.0,7,58.3,10,1154.70,43.4,18739,true,completed
CV_h5s4n31.txt,BBLCT,4,5,12,12,1200.0,0,0.0,12,100.0,10,1077.03,0.6,1,true,completed
CV_h5s4n32.txt,BBLCT,4,5,12,12,1200.0,0,0.0,12,100.0,9,1053.49,0.5,1,true,completed
CV_h5s4n33.txt,BBLCT,4,5,12,12,1200.0,0,0.0,4,33.3,5,645.68,84.0,44262,true,completed
CV_h5s4n34.txt,BBLCT,4,5,12,12,1200.0,0,0.0,12,100.0,10,1159.86,1.7,539,true,completed
CV_h5s4n35.txt,BBLCT,4,5,12,12,1200.0,1,8.3,12,100.0,9,999.88,0.5,1,true,completed
CV_h5s4n36.txt,BBLCT,4,5,12,12,1200.0,0,0.0,12,100.0,10,1156.75,76.0,36904,true,completed
CV_h5s4n37.txt,BBLCT,4,5,12,12,1200.0,3,25.0,12,100.0,10,1162.78,0.6,97,true,completed
CV_h5s4n38.txt,BBLCT,4,5,12,12,1200.0,2,16.7,12,100.0,11,1182.19,0.8,150,true,completed
CV_h5s4n39.txt,BBLCT,4,5,12,12,1200.0,0,0.0,12,100.0,11,1173.64,1.7,461,true,completed
CV_h5s4n4.txt,BBLCT,4,5,12,12,1200.0,0,0.0,12,100.0,9,1040.64,0.5,1,true,completed
CV_h5s4n40.txt,BBLCT,4,5,12,12,1200.0,0,0.0,12,100.0,9,999.78,0.5,1,true,completed
CV_h5s4n5.txt,BBLCT,4,5,12,12,1200.0,1,8.3,12,100.0,10,1178.52,6.8,2740,true,completed
CV_h5s4n6.txt,BBLCT,4,5,12,12,1200.0,0,0.0,5,41.7,7,788.38,25.1,13517,true,completed
CV_h5s4n7.txt,BBLCT,4,5,12,12,1200.0,0,0.0,7,58.3,10,1197.81,32.4,13353,true,completed
CV_h5s4n8.txt,BBLCT,4,5,12,12,1200.0,2,16.7,12,100.0,10,1124.03,1.2,295,true,completed
CV_h5s4n9.txt,BBLCT,4,5,12,12,1200.0,0,0.0,12,100.0,7,880.09,0.5,1,true,completed
CV_h5s5n1.txt,BBLCT,5,5,15,15,1200.0,1,6.7,15,100.0,10,1155.29,65.1,13226,true,completed
CV_h5s5n10.txt,BBLCT,5,5,15,15,1200.0,3,20.0,15,100.0,10,1190.56,1.3,211,true,completed
CV_h5s5n11.txt,BBLCT,5,5,15,15,1200.0,0,0.0,6,40.0,10,1137.95,33.7,8455,true,completed
CV_h5s5n12.txt,BBLCT,5,5,15,15,1200.0,0,0.0,12,80.0,10,1180.03,3.1,614,true,completed
CV_h5s5n13.txt,BBLCT,5,5,15,15,1200.0,0,0.0,6,40.0,10,1135.25,3.3,639,true,completed
CV_h5s5n14.txt,BBLCT,5,5,15,15,1200.0,0,0.0,15,100.0,10,1160.87,0.6,1,true,completed
CV_h5s5n15.txt,BBLCT,5,5,15,15,1200.0,0,0.0,10,66.7,9,1082.81,57.0,11523,true,completed
CV_h5s5n16.txt,BBLCT,5,5,15,15,1200.0,0,0.0,15,100.0,9,1065.81,0.7,1,true,completed
CV_h5s5n17.txt,BBLCT,5,5,15,15,1200.0,0,0.0,12,80.0,10,1162.71,83.3,18596,true,completed
CV_h5s5n18.txt,BBLCT,5,5,15,15,1200.0,1,6.7,15,100.0,10,1159.21,8.1,1616,true,completed
CV_h5s5n19.txt,BBLCT,5,5,15,15,1200.0,1,6.7,15,100.0,10,1197.58,1.5,219,true,completed
CV_h5s5n2.txt,BBLCT,5,5,15,15,1200.0,0,0.0,7,46.7,9,1072.59,78.3,18088,true,completed
CV_h5s5n20.txt,BBLCT,5,5,15,15,1200.0,0,0.0,11,73.3,10,1191.05,3.1,509,true,completed
CV_h5s5n21.txt,BBLCT,5,5,15,15,1200.0,0,0.0,15,100.0,10,1163.00,1.2,163,true,completed
CV_h5s5n22.txt,BBLCT,5,5,15,15,1200.0,1,6.7,15,100.0,10,1177.97,94.9,22796,true,completed
CV_h5s5n23.txt,BBLCT,5,5,15,15,1200.0,1,6.7,15,100.0,11,1199.72,105.9,20536,true,completed
CV_h5s5n24.txt,BBLCT,5,5,15,15,1200.0,0,0.0,15,100.0,10,1174.46,264.2,72249,true,completed
CV_h5s5n25.txt,BBLCT,5,5,15,15,1200.0,2,13.3,15,100.0,11,1195.58,1.4,211,true,completed
CV_h5s5n26.txt,BBLCT,5,5,15,15,1200.0,0,0.0,15,100.0,10,1163.35,84.6,17479,true,completed
CV_h5s5n27.txt,BBLCT,5,5,15,15,1200.0,0,0.0,15,100.0,10,1184.90,24.2,5461,true,completed
CV_h5s5n28.txt,BBLCT,5,5,15,15,1200.0,0,0.0,15,100.0,10,1169.43,25.7,5976,true,completed
CV_h5s5n29.txt,BBLCT,5,5,15,15,1200.0,0,0.0,10,66.7,10,1189.55,49.0,11602,true,completed
CV_h5s5n3.txt,BBLCT,5,5,15,15,1200.0,0,0.0,13,86.7,9,1069.32,105.7,25544,true,completed
CV_h5s5n30.txt,BBLCT,5,5,15,15,1200.0,0,0.0,15,100.0,10,1131.94,0.7,1,true,completed
CV_h5s5n31.txt,BBLCT,5,5,15,15,1200.0,1,6.7,7,46.7,10,1196.90,1008.7,246777,true,completed
CV_h5s5n32.txt,BBLCT,5,5,15,15,1200.0,0,0.0,15,100.0,9,1098.70,0.7,1,true,completed
CV_h5s5n33.txt,BBLCT,5,5,15,15,1200.0,1,6.7,15,100.0,10,1145.68,9.5,2347,true,completed
CV_h5s5n34.txt,BBLCT,5,5,15,15,1200.0,0,0.0,15,100.0,11,1181.05,3.6,795,true,completed
CV_h5s5n35.txt,BBLCT,5,5,15,15,1200.0,1,6.7,15,100.0,10,1162.27,209.7,39049,true,completed
CV_h5s5n36.txt,BBLCT,5,5,15,15,1200.0,1,6.7,15,100.0,10,1157.44,543.4,110683,true,completed
CV_h5s5n37.txt,BBLCT,5,5,15,15,1200.0,0,0.0,4,26.7,7,874.96,241.4,82189,true,completed
CV_h5s5n38.txt,BBLCT,5,5,15,15,1200.0,0,0.0,15,100.0,7,797.68,0.6,1,true,completed
CV_h5s5n39.txt,BBLCT,5,5,15,15,1200.0,0,0.0,15,100.0,10,1167.85,0.7,1,true,completed
CV_h5s5n4.txt,BBLCT,5,5,15,15,1200.0,0,0.0,15,100.0,6,723.87,0.7,1,true,completed
CV_h5s5n40.txt,BBLCT,5,5,15,15,1200.0,2,13.3,15,100.0,10,1187.54,1.2,154,true,completed
CV_h5s5n5.txt,BBLCT,5,5,15,15,1200.0,0,0.0,6,40.0,10,1197.72,1401.7,377032,true,completed
CV_h5s5n6.txt,BBLCT,5,5,15,15,1200.0,0,0.0,7,46.7,7,871.83,563.1,156217,true,completed
CV_h5s5n7.txt,BBLCT,5,5,15,15,1200.0,0,0.0,15,100.0,7,807.93,0.7,1,true,completed
CV_h5s5n8.txt,BBLCT,5,5,15,15,1200.0,0,0.0,8,53.3,10,1175.54,3.5,684,true,completed
CV_h5s5n9.txt,BBLCT,5,5,15,15,1200.0,0,0.0,8,53.3,8,919.12,274.7,71935,true,completed
CV_h5s6n1.txt,BBLCT,6,5,18,18,1200.0,0,0.0,6,33.3,8,1017.84,617.6,108010,true,completed
CV_h5s6n10.txt,BBLCT,6,5,18,18,1200.0,1,5.6,18,100.0,10,1170.34,1.1,1,true,completed
CV_h5s6n11.txt,BBLCT,6,5,18,18,1200.0,3,16.7,18,100.0,4,476.03,0.4,1,true,completed
CV_h5s6n12.txt,BBLCT,6,5,18,18,1200.0,0,0.0,8,44.4,10,1199.91,1256.6,203623,true,completed
CV_h5s6n13.txt,BBLCT,6,5,18,18,1200.0,0,0.0,18,100.0,10,1193.72,88.7,12606,true,completed
CV_h5s6n14.txt,BBLCT,6,5,18,18,1200.0,0,0.0,12,66.7,8,1000.33,1670.1,244133,true,completed
CV_h5s6n15.txt,BBLCT,6,5,18,18,1200.0,0,0.0,6,33.3,7,813.31,37381.8,5218491,true,completed
CV_h5s6n16.txt,BBLCT,6,5,18,18,1200.0,0,0.0,9,50.0,10,1172.12,87.0,14019,true,completed
CV_h5s6n17.txt,BBLCT,6,5,18,18,1200.0,0,0.0,8,44.4,9,1133.64,1863.2,306886,true,completed
CV_h5s6n18.txt,BBLCT,6,5,18,18,1200.0,2,11.1,18,100.0,10,1189.11,9290.5,1018155,true,completed
CV_h5s6n19.txt,BBLCT,6,5,18,18,1200.0,0,0.0,7,38.9,10,1189.21,10.8,1627,true,completed
CV_h5s6n2.txt,BBLCT,6,5,18,18,1200.0,0,0.0,18,100.0,10,1197.72,105.2,14322,true,completed
CV_h5s6n20.txt,BBLCT,6,5,18,18,1200.0,0,0.0,18,100.0,10,1186.46,31.7,3240,true,completed
CV_h5s6n21.txt,BBLCT,6,5,18,18,1200.0,1,5.6,9,50.0,9,1113.70,65.7,7406,true,completed
CV_h5s6n22.txt,BBLCT,6,5,18,18,1200.0,0,0.0,5,27.8,10,1198.96,4207.7,811641,true,completed
CV_h5s6n23.txt,BBLCT,6,5,18,18,1200.0,0,0.0,7,38.9,8,1038.73,451.4,81779,true,completed
CV_h5s6n24.txt,BBLCT,6,5,18,18,1200.0,0,0.0,9,50.0,10,1199.25,580.6,89848,true,completed
CV_h5s6n25.txt,BBLCT,6,5,18,18,1200.0,1,5.6,18,100.0,10,1174.90,26.9,3390,true,completed
CV_h5s6n26.txt,BBLCT,6,5,18,18,1200.0,0,0.0,5,27.8,9,1098.83,169.8,28189,true,completed
CV_h5s6n27.txt,BBLCT,6,5,18,18,1200.0,1,5.6,12,66.7,10,1177.58,1306.3,186858,true,completed
CV_h5s6n28.txt,BBLCT,6,5,18,18,1200.0,2,11.1,18,100.0,11,1192.88,4.7,516,true,completed
CV_h5s6n29.txt,BBLCT,6,5,18,18,1200.0,0,0.0,18,100.0,10,1185.13,492.0,68077,true,completed
CV_h5s6n3.txt,BBLCT,6,5,18,18,1200.0,0,0.0,6,33.3,7,812.43,26286.0,3920427,true,completed
CV_h5s6n30.txt,BBLCT,6,5,18,18,1200.0,4,22.2,9,50.0,10,1184.76,385.4,42512,true,completed
CV_h5s6n31.txt,BBLCT,6,5,18,18,1200.0,0,0.0,11,61.1,9,1110.31,807.7,104028,true,completed
CV_h5s6n32.txt,BBLCT,6,5,18,18,1200.0,0,0.0,15,83.3,10,1194.53,3336.4,423674,true,completed
CV_h5s6n33.txt,BBLCT,6,5,18,18,1200.0,1,5.6,13,72.2,10,1192.84,66.3,7790,true,completed
CV_h5s6n34.txt,BBLCT,6,5,18,18,1200.0,0,0.0,14,77.8,9,1103.88,2223.1,295798,true,completed
CV_h5s6n35.txt,BBLCT,6,5,18,18,1200.0,1,5.6,18,100.0,7,878.65,0.8,1,true,completed
CV_h5s6n36.txt,BBLCT,6,5,18,18,1200.0,2,11.1,9,50.0,10,1141.50,12385.7,1554505,true,completed
CV_h5s6n37.txt,BBLCT,6,5,18,18,1200.0,0,0.0,6,33.3,10,1198.57,2078.7,367071,true,completed
CV_h5s6n38.txt,BBLCT,6,5,18,18,1200.0,0,0.0,12,66.7,10,1139.74,50.0,6044,true,completed
CV_h5s6n39.txt,BBLCT,6,5,18,18,1200.0,0,0.0,12,66.7,10,1175.34,999.3,131767,true,completed
CV_h5s6n4.txt,BBLCT,6,5,18,18,1200.0,0,0.0,18,100.0,11,1192.60,1.3,173,true,completed
CV_h5s6n40.txt,BBLCT,6,5,18,18,1200.0,1,5.6,9,50.0,10,1161.60,1606.5,202882,true,completed
CV_h5s6n5.txt,BBLCT,6,5,18,18,1200.0,0,0.0,18,100.0,7,850.31,0.7,1,true,completed
CV_h5s6n6.txt,BBLCT,6,5,18,18,1200.0,0,0.0,9,50.0,10,1196.09,282.4,45098,true,completed
CV_h5s6n7.txt,BBLCT,6,5,18,18,1200.0,0,0.0,8,44.4,10,1187.64,8.8,1250,true,completed
CV_h5s6n8.txt,BBLCT,6,5,18,18,1200.0,1,5.6,6,33.3,9,1112.13,769.2,93634,true,completed
CV_h5s6n9.txt,BBLCT,6,5,18,18,1200.0,0,0.0,8,44.4,10,1173.09,52.8,7919,true,completed
CV_h5s7n1.txt,BBLCT,7,5,21,21,1200.0,0,0.0,21,100.0,10,1168.28,7.7,642,true,completed
CV_h5s7n10.txt,BBLCT,7,5,21,21,1200.0,0,0.0,17,81.0,10,1185.31,43646.5,2512721,true,completed
CV_h5s7n11.txt,BBLCT,7,5,21,21,1200.0,0,0.0,11,52.4,9,1118.55,113.2,11386,true,completed
CV_h5s7n12.txt,BBLCT,7,5,21,21,1200.0,1,4.8,14,66.7,10,1190.08,75.9,4609,true,completed
CV_h5s7n13.txt,BBLCT,7,5,21,21,1200.0,0,0.0,17,81.0,10,1197.36,902.1,93166,true,completed
CV_h5s7n14.txt,BBLCT,7,5,21,21,1200.0,0,0.0,16,76.2,10,1173.33,212.1,20653,true,completed
CV_h5s7n15.txt,BBLCT,7,5,21,21,1200.0,0,0.0,15,71.4,10,1169.71,32416.0,2626343,true,completed
CV_h5s7n16.txt,BBLCT,7,5,21,21,1200.0,3,14.3,13,61.9,10,1198.06,98.6,6342,true,completed
CV_h5s7n17.txt,BBLCT,7,5,21,21,1200.0,1,4.8,11,52.4,7,788.97,9912.0,723134,true,completed
CV_h5s7n18.txt,BBLCT,7,5,21,21,1200.0,5,23.8,12,57.1,10,1197.08,421.4,26958,true,completed
CV_h5s7n19.txt,BBLCT,7,5,21,21,1200.0,0,0.0,7,33.3,8,960.24,1123.3,130925,true,completed
CV_h5s7n2.txt,BBLCT,7,5,21,21,1200.0,0,0.0,15,71.4,8,960.77,1029.7,108487,true,completed
CV_h5s7n20.txt,BBLCT,7,5,21,21,1200.0,0,0.0,16,76.2,9,1039.30,117.8,8335,true,completed
CV_h5s7n21.txt,BBLCT,7,5,21,21,1200.0,0,0.0,12,57.1,10,1191.55,1950.5,163308,true,completed
CV_h5s7n22.txt,BBLCT,7,5,21,21,1200.0,0,0.0,7,33.3,8,984.54,1815.1,182111,true,completed
CV_h5s7n23.txt,BBLCT,7,5,21,21,1200.0,0,0.0,11,52.4,10,1177.71,636.2,47963,true,completed
CV_h5s7n24.txt,BBLCT,7,5,21,21,1200.0,1,4.8,21,100.0,11,1199.55,129.6,9617,true,completed
CV_h5s7n25.txt,BBLCT,7,5,21,21,1200.0,1,4.8,15,71.4,10,1160.32,41.4,3496,true,completed
CV_h5s7n26.txt,BBLCT,7,5,21,21,1200.0,0,0.0,10,47.6,10,1199.61,1635.3,144351,true,completed
CV_h5s7n27.txt,BBLCT,7,5,21,21,1200.0,0,0.0,8,38.1,9,1138.60,1.6,42,true,completed
CV_h5s7n28.txt,BBLCT,7,5,21,21,1200.0,2,9.5,13,61.9,9,1125.14,40.3,2036,true,completed
CV_h5s7n29.txt,BBLCT,7,5,21,21,1200.0,1,4.8,6,28.6,10,1193.26,413.1,42533,true,completed
CV_h5s7n3.txt,BBLCT,7,5,21,21,1200.0,3,14.3,9,42.9,9,1106.94,55740.5,4306269,true,completed
CV_h5s7n30.txt,BBLCT,7,5,21,21,1200.0,2,9.5,12,57.1,10,1198.87,7734.5,568576,true,completed
CV_h5s7n31.txt,BBLCT,7,5,21,21,1200.0,0,0.0,21,100.0,10,1143.43,8547.6,718956,true,completed
CV_h5s7n32.txt,BBLCT,7,5,21,21,1200.0,1,4.8,11,52.4,10,1184.78,63050.9,5432447,true,completed
CV_h5s7n33.txt,BBLCT,7,5,21,21,1200.0,0,0.0,10,47.6,10,1198.23,16.4,1564,true,completed
CV_h5s7n34.txt,BBLCT,7,5,21,21,1200.0,0,0.0,21,100.0,10,1196.39,129.8,11474,true,completed
CV_h5s7n35.txt,BBLCT,7,5,21,21,1200.0,0,0.0,8,38.1,10,1193.06,6725.3,741363,true,completed
CV_h5s7n36.txt,BBLCT,7,5,21,21,1200.0,0,0.0,19,90.5,10,1172.77,13905.3,1107243,true,completed
CV_h5s7n37.txt,BBLCT,7,5,21,21,1200.0,0,0.0,17,81.0,10,1158.23,65.3,5140,true,completed
CV_h5s7n38.txt,BBLCT,7,5,21,21,1200.0,1,4.8,7,33.3,10,1199.31,1249.0,115113,true,completed
CV_h5s7n39.txt,BBLCT,7,5,21,21,1200.0,0,0.0,21,100.0,10,1195.86,677.3,54027,true,completed
CV_h5s7n4.txt,BBLCT,7,5,21,21,1200.0,0,0.0,13,61.9,10,1188.87,29.1,2707,true,completed
CV_h5s7n40.txt,BBLCT,7,5,21,21,1200.0,0,0.0,10,47.6,10,1182.04,72.7,6475,true,completed
CV_h5s7n5.txt,BBLCT,7,5,21,21,1200.0,0,0.0,5,23.8,9,1052.12,976.9,98306,true,completed
CV_h5s7n6.txt,BBLCT,7,5,21,21,1200.0,1,4.8,14,66.7,10,1174.63,154.9,13044,true,completed
CV_h5s7n7.txt,BBLCT,7,5,21,21,1200.0,0,0.0,7,33.3,8,1003.68,65.7,6493,true,completed
CV_h5s7n8.txt,BBLCT,7,5,21,21,1200.0,0,0.0,14,66.7,9,1128.08,97.4,7401,true,completed
CV_h5s7n9.txt,BBLCT,7,5,21,21,1200.0,0,0.0,8,38.1,10,1180.21,41.1,3293,true,completed
CV_h5s8n1.txt,BBLCT,8,5,24,24,1200.0,0,0.0,24,100.0,10,1198.32,1453.5,94807,true,completed
CV_h5s8n10.txt,BBLCT,8,5,24,24,1200.0,0,0.0,9,37.5,10,1198.88,20754.5,1534713,true,completed
CV_h5s8n11.txt,BBLCT,8,5,24,24,1200.0,1,4.2,15,62.5,9,1073.09,251.5,13465,true,completed
CV_h5s8n12.txt,BBLCT,8,5,24,24,1200.0,0,0.0,9,37.5,10,1197.77,427.4,29857,true,completed
CV_h5s8n13.txt,BBLCT,8,5,24,24,1200.0,0,0.0,12,50.0,10,1178.94,6718.5,427548,true,completed
CV_h5s8n14.txt,BBLCT,8,5,24,24,1200.0,0,0.0,8,33.3,9,1122.39,412.0,24596,true,completed
CV_h5s8n15.txt,BBLCT,8,5,24,24,1200.0,0,0.0,17,70.8,9,1106.19,3205.5,164042,true,completed
CV_h5s8n16.txt,BBLCT,8,5,24,24,1200.0,1,4.2,16,66.7,9,1081.46,725.4,35415,true,completed
CV_h5s8n17.txt,BBLCT,8,5,24,24,1200.0,1,4.2,20,83.3,10,1193.69,1885.4,98492,true,completed
CV_h5s8n18.txt,BBLCT,8,5,24,24,1200.0,0,0.0,19,79.2,10,1176.01,7145.4,417743,true,completed
CV_h5s8n19.txt,BBLCT,8,5,24,24,1200.0,0,0.0,11,45.8,8,938.19,13353.8,891172,true,completed
CV_h5s8n2.txt,BBLCT,8,5,24,24,1200.0,0,0.0,11,45.8,10,1179.94,16547.8,805791,true,completed
CV_h5s8n20.txt,BBLCT,8,5,24,24,1200.0,0,0.0,8,33.3,7,790.12,85463.1,6718768,true,completed
CV_h5s8n21.txt,BBLCT,8,5,24,24,1200.0,0,0.0,14,58.3,9,1054.05,8.8,407,true,completed
CV_h5s8n22.txt,BBLCT,8,5,24,24,1200.0,0,0.0,13,54.2,9,1143.48,139.8,9119,true,completed
CV_h5s8n23.txt,BBLCT,8,5,24,24,1200.0,0,0.0,16,66.7,9,1115.73,1059.7,56592,true,completed
CV_h5s8n24.txt,BBLCT,8,5,24,24,1200.0,0,0.0,17,70.8,9,1142.91,8409.0,488140,true,completed
CV_h5s8n25.txt,BBLCT,8,5,24,24,1200.0,1,4.2,18,75.0,10,1178.18,123895.4,6741736,true,completed
CV_h5s8n26.txt,BBLCT,8,5,24,24,1200.0,0,0.0,6,25.0,9,1050.44,2312.6,180053,true,completed
CV_h5s8n27.txt,BBLCT,8,5,24,24,1200.0,0,0.0,24,100.0,9,1110.99,1.6,1,true,completed
CV_h5s8n28.txt,BBLCT,8,5,24,24,1200.0,0,0.0,12,50.0,9,1117.41,283.4,16190,true,completed
CV_h5s8n29.txt,BBLCT,8,5,24,24,1200.0,0,0.0,7,29.2,9,1117.06,56.7,4092,true,completed
CV_h5s8n3.txt,BBLCT,8,5,24,24,1200.0,0,0.0,15,62.5,10,1172.72,8118.4,391159,true,completed
CV_h5s8n30.txt,BBLCT,8,5,24,24,1200.0,0,0.0,13,54.2,10,1174.60,67.1,3405,true,completed
CV_h5s8n31.txt,BBLCT,8,5,24,24,1200.0,0,0.0,10,41.7,10,1165.15,532.5,42549,true,completed
CV_h5s8n32.txt,BBLCT,8,5,24,24,1200.0,0,0.0,14,58.3,10,1179.50,1152.7,93925,true,completed
CV_h5s8n33.txt,BBLCT,8,5,24,24,1200.0,0,0.0,7,29.2,9,1114.03,73.6,4643,true,completed
CV_h5s8n34.txt,BBLCT,8,5,24,24,1200.0,0,0.0,5,20.8,8,931.37,159430.5,12268796,true,completed
CV_h5s8n35.txt,BBLCT,8,5,24,24,1200.0,0,0.0,9,37.5,10,1187.39,291.1,20406,true,completed
CV_h5s8n36.txt,BBLCT,8,5,24,24,1200.0,0,0.0,7,29.2,10,1199.75,34712.2,2543283,true,completed
CV_h5s8n37.txt,BBLCT,8,5,24,24,1200.0,0,0.0,16,66.7,8,954.70,2049.3,140258,true,completed
CV_h5s8n38.txt,BBLCT,8,5,24,24,1200.0,0,0.0,10,41.7,10,1196.99,12.8,778,true,completed
CV_h5s8n39.txt,BBLCT,8,5,24,24,1200.0,0,0.0,16,66.7,8,998.74,2498.3,156227,true,completed
CV_h5s8n4.txt,BBLCT,8,5,24,24,1200.0,1,4.2,9,37.5,9,1155.50,451.4,25306,true,completed
CV_h5s8n40.txt,BBLCT,8,5,24,24,1200.0,1,4.2,12,50.0,10,1197.63,491.5,27678,true,completed
CV_h5s8n5.txt,BBLCT,8,5,24,24,1200.0,0,0.0,11,45.8,10,1177.77,56.8,2956,true,completed
CV_h5s8n6.txt,BBLCT,8,5,24,24,1200.0,0,0.0,15,62.5,10,1181.45,25522.4,1532485,true,completed
CV_h5s8n7.txt,BBLCT,8,5,24,24,1200.0,0,0.0,8,33.3,10,1162.85,15180.9,867432,true,completed
CV_h5s8n8.txt,BBLCT,8,5,24,24,1200.0,2,8.3,9,37.5,9,1093.44,40935.6,2348770,true,completed
CV_h5s8n9.txt,BBLCT,8,5,24,24,1200.0,0,0.0,13,54.2,9,1126.90,218.6,14051,true,completed
CV_h6s4n1.txt,BBLCT,4,6,16,16,1200.0,0,0.0,4,25.0,4,489.05,89.5,45483,true,completed
CV_h6s4n10.txt,BBLCT,4,6,16,16,1200.0,0,0.0,9,56.2,10,1178.73,73.1,34669,true,completed
CV_h6s4n11.txt,BBLCT,4,6,16,16,1200.0,0,0.0,4,25.0,9,1197.02,35.0,21326,true,completed
CV_h6s4n12.txt,BBLCT,4,6,16,16,1200.0,3,18.8,5,31.2,5,589.25,41.2,13446,true,completed
CV_h6s4n13.txt,BBLCT,4,6,16,16,1200.0,0,0.0,6,37.5,8,931.84,3.5,1224,true,completed
CV_h6s4n14.txt,BBLCT,4,6,16,16,1200.0,0,0.0,3,18.8,8,954.25,2.4,870,true,completed
CV_h6s4n15.txt,BBLCT,4,6,16,16,1200.0,1,6.2,10,62.5,9,1037.63,32.7,9262,true,completed
CV_h6s4n16.txt,BBLCT,4,6,16,16,1200.0,0,0.0,4,25.0,10,1199.12,53.3,32588,true,completed
CV_h6s4n17.txt,BBLCT,4,6,16,16,1200.0,0,0.0,4,25.0,7,827.75,54.5,33284,true,completed
CV_h6s4n18.txt,BBLCT,4,6,16,16,1200.0,0,0.0,4,25.0,9,1128.16,1.1,340,true,completed
CV_h6s4n19.txt,BBLCT,4,6,16,16,1200.0,0,0.0,7,43.8,10,1184.13,121.7,61378,true,completed
CV_h6s4n2.txt,BBLCT,4,6,16,16,1200.0,0,0.0,10,62.5,10,1194.88,41.0,15746,true,completed
CV_h6s4n20.txt,BBLCT,4,6,16,16,1200.0,0,0.0,7,43.8,9,1050.32,1.0,100,true,completed
CV_h6s4n21.txt,BBLCT,4,6,16,16,1200.0,0,0.0,4,25.0,9,1120.73,5.3,3033,true,completed
CV_h6s4n22.txt,BBLCT,4,6,16,16,1200.0,0,0.0,5,31.2,6,705.23,89.0,46537,true,completed
CV_h6s4n23.txt,BBLCT,4,6,16,16,1200.0,0,0.0,7,43.8,9,1156.55,10.8,5526,true,completed
CV_h6s4n24.txt,BBLCT,4,6,16,16,1200.0,0,0.0,6,37.5,7,815.04,41.2,20467,true,completed
CV_h6s4n25.txt,BBLCT,4,6,16,16,1200.0,1,6.2,6,37.5,10,1196.98,3.3,1239,true,completed
CV_h6s4n26.txt,BBLCT,4,6,16,16,1200.0,0,0.0,6,37.5,10,1198.78,34.6,13787,true,completed
CV_h6s4n27.txt,BBLCT,4,6,16,16,1200.0,0,0.0,5,31.2,6,735.34,5.2,2784,true,completed
CV_h6s4n28.txt,BBLCT,4,6,16,16,1200.0,0,0.0,4,25.0,9,1022.92,33.1,11698,true,completed
CV_h6s4n29.txt,BBLCT,4,6,16,16,1200.0,0,0.0,7,43.8,10,1191.86,45.9,23594,true,completed
CV_h6s4n3.txt,BBLCT,4,6,16,16,1200.0,2,12.5,5,31.2,10,1162.86,2.4,737,true,completed
CV_h6s4n30.txt,BBLCT,4,6,16,16,1200.0,0,0.0,8,50.0,10,1175.63,17.7,8654,true,completed
CV_h6s4n31.txt,BBLCT,4,6,16,16,1200.0,1,6.2,6,37.5,9,1124.21,38.3,13691,true,completed
CV_h6s4n32.txt,BBLCT,4,6,16,16,1200.0,2,12.5,4,25.0,4,494.32,99.1,44991,true,completed
CV_h6s4n33.txt,BBLCT,4,6,16,16,1200.0,0,0.0,5,31.2,8,955.79,8.9,3994,true,completed
CV_h6s4n34.txt,BBLCT,4,6,16,16,1200.0,1,6.2,6,37.5,10,1198.16,57.7,28656,true,completed
CV_h6s4n35.txt,BBLCT,4,6,16,16,1200.0,0,0.0,4,25.0,9,1133.32,1.2,413,true,completed
CV_h6s4n36.txt,BBLCT,4,6,16,16,1200.0,0,0.0,5,31.2,10,1191.30,0.9,96,true,completed
CV_h6s4n37.txt,BBLCT,4,6,16,16,1200.0,1,6.2,10,62.5,9,1100.10,1.1,147,true,completed
CV_h6s4n38.txt,BBLCT,4,6,16,16,1200.0,0,0.0,3,18.8,5,574.32,15.1,9300,true,completed
CV_h6s4n39.txt,BBLCT,4,6,16,16,1200.0,1,6.2,3,18.8,6,712.84,22.7,11682,true,completed
CV_h6s4n4.txt,BBLCT,4,6,16,16,1200.0,1,6.2,12,75.0,10,1159.70,44.7,16569,true,completed
CV_h6s4n40.txt,BBLCT,4,6,16,16,1200.0,0,0.0,3,18.8,9,1063.96,2.1,812,true,completed
CV_h6s4n5.txt,BBLCT,4,6,16,16,1200.0,0,0.0,9,56.2,10,1120.61,3.6,1508,true,completed
CV_h6s4n6.txt,BBLCT,4,6,16,16,1200.0,1,6.2,16,100.0,9,1068.40,0.6,1,true,completed
CV_h6s4n7.txt,BBLCT,4,6,16,16,1200.0,0,0.0,5,31.2,9,1115.48,5.4,3007,true,completed
CV_h6s4n8.txt,BBLCT,4,6,16,16,1200.0,1,6.2,4,25.0,9,1163.49,2.3,884,true,completed
CV_h6s4n9.txt,BBLCT,4,6,16,16,1200.0,0,0.0,16,100.0,7,868.75,0.7,1,true,completed
CV_h6s5n1.txt,BBLCT,5,6,20,20,1200.0,0,0.0,5,25.0,9,1115.72,2.7,351,true,completed
CV_h6s5n10.txt,BBLCT,5,6,20,20,1200.0,0,0.0,6,30.0,7,910.95,4.6,968,true,completed
CV_h6s5n11.txt,BBLCT,5,6,20,20,1200.0,1,5.0,10,50.0,6,732.00,97.1,18571,true,completed
CV_h6s5n12.txt,BBLCT,5,6,20,20,1200.0,0,0.0,6,30.0,7,880.94,483.7,130585,true,completed
CV_h6s5n13.txt,BBLCT,5,6,20,20,1200.0,1,5.0,9,45.0,9,1163.53,28.9,6186,true,completed
CV_h6s5n14.txt,BBLCT,5,6,20,20,1200.0,0,0.0,8,40.0,10,1182.28,76.6,18207,true,completed
CV_h6s5n15.txt,BBLCT,5,6,20,20,1200.0,0,0.0,5,25.0,6,758.52,23.7,8405,true,completed
CV_h6s5n16.txt,BBLCT,5,6,20,20,1200.0,0,0.0,4,20.0,7,870.72,271.6,89900,true,completed
CV_h6s5n17.txt,BBLCT,5,6,20,20,1200.0,1,5.0,6,30.0,9,1127.25,2.6,466,true,completed
CV_h6s5n18.txt,BBLCT,5,6,20,20,1200.0,0,0.0,5,25.0,9,1109.84,13.1,3631,true,completed
CV_h6s5n19.txt,BBLCT,5,6,20,20,1200.0,0,0.0,5,25.0,7,853.36,257.8,65960,true,completed
CV_h6s5n2.txt,BBLCT,5,6,20,20,1200.0,0,0.0,8,40.0,9,1118.27,3.2,578,true,completed
CV_h6s5n20.txt,BBLCT,5,6,20,20,1200.0,0,0.0,9,45.0,9,1166.84,0.9,1,true,completed
CV_h6s5n21.txt,BBLCT,5,6,20,20,1200.0,0,0.0,4,20.0,6,715.36,208.0,66701,true,completed
CV_h6s5n22.txt,BBLCT,5,6,20,20,1200.0,0,0.0,5,25.0,8,984.39,12.3,3204,true,completed
CV_h6s5n23.txt,BBLCT,5,6,20,20,1200.0,0,0.0,6,30.0,6,702.86,152.5,47714,true,completed
CV_h6s5n24.txt,BBLCT,5,6,20,20,1200.0,1,5.0,3,15.0,6,697.41,129.2,38172,true,completed
CV_h6s5n25.txt,BBLCT,5,6,20,20,1200.0,0,0.0,11,55.0,10,1198.55,27.2,7434,true,completed
CV_h6s5n26.txt,BBLCT,5,6,20,20,1200.0,0,0.0,4,20.0,9,1124.64,1.0,30,true,completed
CV_h6s5n27.txt,BBLCT,5,6,20,20,1200.0,0,0.0,11,55.0,10,1184.18,278.4,68286,true,completed
CV_h6s5n28.txt,BBLCT,5,6,20,20,1200.0,0,0.0,9,45.0,10,1159.28,5.8,988,true,completed
CV_h6s5n29.txt,BBLCT,5,6,20,20,1200.0,0,0.0,7,35.0,10,1184.61,1.1,12,true,completed
CV_h6s5n3.txt,BBLCT,5,6,20,20,1200.0,1,5.0,6,30.0,10,1185.84,57.8,15498,true,completed
CV_h6s5n30.txt,BBLCT,5,6,20,20,1200.0,0,0.0,4,20.0,9,1183.92,21.5,7470,true,completed
CV_h6s5n31.txt,BBLCT,5,6,20,20,1200.0,0,0.0,4,20.0,9,1183.38,35.7,13572,true,completed
CV_h6s5n32.txt,BBLCT,5,6,20,20,1200.0,3,15.0,9,45.0,10,1191.99,162.2,31324,true,completed
CV_h6s5n33.txt,BBLCT,5,6,20,20,1200.0,1,5.0,6,30.0,9,1177.56,153.6,39755,true,completed
CV_h6s5n34.txt,BBLCT,5,6,20,20,1200.0,0,0.0,4,20.0,9,1066.46,1.0,17,true,completed
CV_h6s5n35.txt,BBLCT,5,6,20,20,1200.0,0,0.0,6,30.0,9,1162.17,112.9,32008,true,completed
CV_h6s5n36.txt,BBLCT,5,6,20,20,1200.0,0,0.0,6,30.0,9,1107.57,34.1,7339,true,completed
CV_h6s5n37.txt,BBLCT,5,6,20,20,1200.0,0,0.0,3,15.0,9,1157.23,2.0,296,true,completed
CV_h6s5n38.txt,BBLCT,5,6,20,20,1200.0,1,5.0,7,35.0,9,1153.24,507.7,134030,true,completed
CV_h6s5n39.txt,BBLCT,5,6,20,20,1200.0,0,0.0,7,35.0,8,962.15,1.7,183,true,completed
CV_h6s5n4.txt,BBLCT,5,6,20,20,1200.0,0,0.0,9,45.0,5,577.05,338.5,80184,true,completed
CV_h6s5n40.txt,BBLCT,5,6,20,20,1200.0,1,5.0,7,35.0,9,1110.18,37.7,8061,true,completed
CV_h6s5n5.txt,BBLCT,5,6,20,20,1200.0,0,0.0,4,20.0,9,1156.50,1.0,29,true,completed
CV_h6s5n6.txt,BBLCT,5,6,20,20,1200.0,0,0.0,4,20.0,7,852.80,10.1,3039,true,completed
CV_h6s5n7.txt,BBLCT,5,6,20,20,1200.0,0,0.0,9,45.0,9,1125.64,1.5,128,true,completed
CV_h6s5n8.txt,BBLCT,5,6,20,20,1200.0,0,0.0,5,25.0,5,575.84,146.0,43332,true,completed
CV_h6s5n9.txt,BBLCT,5,6,20,20,1200.0,1,5.0,10,50.0,9,1171.85,116.9,28490,true,completed
CV_h6s6n1.txt,BBLCT,6,6,24,24,1200.0,0,0.0,9,37.5,10,1194.60,3.7,329,true,completed
CV_h6s6n10.txt,BBLCT,6,6,24,24,1200.0,0,0.0,6,25.0,8,1008.31,42.9,6219,true,completed
CV_h6s6n11.txt,BBLCT,6,6,24,24,1200.0,0,0.0,6,25.0,9,1151.86,3.3,391,true,completed
CV_h6s6n12.txt,BBLCT,6,6,24,24,1200.0,2,8.3,8,33.3,10,1190.03,311.4,40932,true,completed
CV_h6s6n13.txt,BBLCT,6,6,24,24,1200.0,0,0.0,10,41.7,10,1169.17,8102.2,986029,true,completed
CV_h6s6n14.txt,BBLCT,6,6,24,24,1200.0,0,0.0,14,58.3,10,1198.91,133.2,18082,true,completed
CV_h6s6n15.txt,BBLCT,6,6,24,24,1200.0,1,4.2,8,33.3,10,1198.67,2.7,191,true,completed
CV_h6s6n16.txt,BBLCT,6,6,24,24,1200.0,2,8.3,14,58.3,9,1123.31,194.4,24687,true,completed
CV_h6s6n17.txt,BBLCT,6,6,24,24,1200.0,0,0.0,6,25.0,9,1183.66,145.9,26375,true,completed
CV_h6s6n18.txt,BBLCT,6,6,24,24,1200.0,0,0.0,4,16.7,7,825.36,205.1,39815,true,completed
CV_h6s6n19.txt,BBLCT,6,6,24,24,1200.0,0,0.0,4,16.7,9,1186.00,56.7,7840,true,completed
CV_h6s6n2.txt,BBLCT,6,6,24,24,1200.0,1,4.2,10,41.7,10,1172.21,1007.3,121167,true,completed
CV_h6s6n20.txt,BBLCT,6,6,24,24,1200.0,0,0.0,11,45.8,9,1088.62,2.2,102,true,completed
CV_h6s6n21.txt,BBLCT,6,6,24,24,1200.0,0,0.0,8,33.3,9,1147.32,1.6,43,true,completed
CV_h6s6n22.txt,BBLCT,6,6,24,24,1200.0,0,0.0,9,37.5,6,702.66,407.8,65197,true,completed
CV_h6s6n23.txt,BBLCT,6,6,24,24,1200.0,0,0.0,8,33.3,9,1116.81,16.7,2232,true,completed
CV_h6s6n24.txt,BBLCT,6,6,24,24,1200.0,0,0.0,7,29.2,9,1156.06,781.9,128870,true,completed
CV_h6s6n25.txt,BBLCT,6,6,24,24,1200.0,1,4.2,4,16.7,7,847.90,301.5,54492,true,completed
CV_h6s6n26.txt,BBLCT,6,6,24,24,1200.0,0,0.0,6,25.0,8,977.95,1478.2,243010,true,completed
CV_h6s6n27.txt,BBLCT,6,6,24,24,1200.0,1,4.2,6,25.0,7,811.68,879.4,128336,true,completed
CV_h6s6n28.txt,BBLCT,6,6,24,24,1200.0,1,4.2,6,25.0,9,1108.97,12.3,1771,true,completed
CV_h6s6n29.txt,BBLCT,6,6,24,24,1200.0,0,0.0,6,25.0,9,1114.14,234.7,34573,true,completed
CV_h6s6n3.txt,BBLCT,6,6,24,24,1200.0,3,12.5,9,37.5,9,1020.65,24.3,2511,true,completed
CV_h6s6n30.txt,BBLCT,6,6,24,24,1200.0,0,0.0,9,37.5,9,1062.19,36.0,5088,true,completed
CV_h6s6n31.txt,BBLCT,6,6,24,24,1200.0,1,4.2,12,50.0,8,945.95,65.1,8526,true,completed
CV_h6s6n32.txt,BBLCT,6,6,24,24,1200.0,0,0.0,10,41.7,9,1144.33,214.2,36309,true,completed
CV_h6s6n33.txt,BBLCT,6,6,24,24,1200.0,0,0.0,7,29.2,10,1176.73,12.8,1633,true,completed
CV_h6s6n34.txt,BBLCT,6,6,24,24,1200.0,0,0.0,8,33.3,9,1197.47,1991.2,308038,true,completed
CV_h6s6n35.txt,BBLCT,6,6,24,24,1200.0,0,0.0,8,33.3,10,1171.64,12.0,1952,true,completed
CV_h6s6n36.txt,BBLCT,6,6,24,24,1200.0,0,0.0,4,16.7,7,823.82,3206.8,510422,true,completed
CV_h6s6n37.txt,BBLCT,6,6,24,24,1200.0,0,0.0,5,20.8,10,1189.63,6.8,854,true,completed
CV_h6s6n38.txt,BBLCT,6,6,24,24,1200.0,0,0.0,7,29.2,9,1051.70,169.2,24505,true,completed
CV_h6s6n39.txt,BBLCT,6,6,24,24,1200.0,0,0.0,4,16.7,10,1166.23,67.9,11981,true,completed
CV_h6s6n4.txt,BBLCT,6,6,24,24,1200.0,2,8.3,7,29.2,10,1194.94,186.2,29367,true,completed
CV_h6s6n40.txt,BBLCT,6,6,24,24,1200.0,0,0.0,8,33.3,10,1164.19,2457.0,363430,true,completed
CV_h6s6n5.txt,BBLCT,6,6,24,24,1200.0,0,0.0,7,29.2,9,1163.77,821.6,204475,true,completed
CV_h6s6n6.txt,BBLCT,6,6,24,24,1200.0,0,0.0,5,20.8,8,951.39,41.4,7210,true,completed
CV_h6s6n7.txt,BBLCT,6,6,24,24,1200.0,0,0.0,9,37.5,10,1175.03,20.9,3542,true,completed
CV_h6s6n8.txt,BBLCT,6,6,24,24,1200.0,0,0.0,11,45.8,9,1148.37,1.7,56,true,completed
CV_h6s6n9.txt,BBLCT,6,6,24,24,1200.0,1,4.2,11,45.8,9,1196.17,463.5,68136,true,completed
CV_h6s7n1.txt,BBLCT,7,6,28,28,1200.0,1,3.6,8,28.6,9,1151.54,181.8,16285,true,completed
CV_h6s7n10.txt,BBLCT,7,6,28,28,1200.0,2,7.1,10,35.7,8,946.61,70.0,4568,true,completed
CV_h6s7n11.txt,BBLCT,7,6,28,28,1200.0,0,0.0,8,28.6,10,1185.08,129.5,12833,true,completed
CV_h6s7n12.txt,BBLCT,7,6,28,28,1200.0,2,7.1,8,28.6,7,813.52,2464.4,212237,true,completed
CV_h6s7n13.txt,BBLCT,7,6,28,28,1200.0,0,0.0,12,42.9,10,1157.36,1132.5,93371,true,completed
CV_h6s7n14.txt,BBLCT,7,6,28,28,1200.0,0,0.0,6,21.4,9,1106.02,2.2,31,true,completed
CV_h6s7n15.txt,BBLCT,7,6,28,28,1200.0,0,0.0,7,25.0,9,1092.64,26036.1,3291170,true,completed
CV_h6s7n16.txt,BBLCT,7,6,28,28,1200.0,1,3.6,6,21.4,8,995.53,42.1,3098,true,completed
CV_h6s7n17.txt,BBLCT,7,6,28,28,1200.0,2,7.1,12,42.9,9,1133.98,10.0,597,true,completed
CV_h6s7n18.txt,BBLCT,7,6,28,28,1200.0,1,3.6,5,17.9,10,1191.35,3987.9,413022,true,completed
CV_h6s7n19.txt,BBLCT,7,6,28,28,1200.0,0,0.0,9,32.1,9,1131.35,4.7,218,true,completed
CV_h6s7n2.txt,BBLCT,7,6,28,28,1200.0,0,0.0,9,32.1,10,1192.49,895.4,108630,true,completed
CV_h6s7n20.txt,BBLCT,7,6,28,28,1200.0,1,3.6,6,21.4,9,1162.40,2.0,31,true,completed
CV_h6s7n21.txt,BBLCT,7,6,28,28,1200.0,0,0.0,2,7.1,6,705.96,1126746.7,234130767,true,completed
CV_h6s7n22.txt,BBLCT,7,6,28,28,1200.0,0,0.0,9,32.1,10,1194.81,282.7,23298,true,completed
CV_h6s7n23.txt,BBLCT,7,6,28,28,1200.0,0,0.0,11,39.3,10,1168.24,59.4,4060,true,completed
CV_h6s7n24.txt,BBLCT,7,6,28,28,1200.0,0,0.0,7,25.0,9,1182.26,113.8,9775,true,completed
CV_h6s7n25.txt,BBLCT,7,6,28,28,1200.0,0,0.0,5,17.9,9,1168.10,59.9,7201,true,completed
CV_h6s7n26.txt,BBLCT,7,6,28,28,1200.0,0,0.0,8,28.6,7,814.38,15334.3,1345269,true,completed
CV_h6s7n27.txt,BBLCT,7,6,28,28,1200.0,0,0.0,7,25.0,9,1061.00,1.5,1,true,completed
CV_h6s7n28.txt,BBLCT,7,6,28,28,1200.0,0,0.0,4,14.3,10,1199.75,3.3,205,true,completed
CV_h6s7n29.txt,BBLCT,7,6,28,28,1200.0,1,3.6,6,21.4,9,1096.10,9.1,776,true,completed
CV_h6s7n3.txt,BBLCT,7,6,28,28,1200.0,1,3.6,7,25.0,8,1036.78,2.5,59,true,completed
CV_h6s7n30.txt,BBLCT,7,6,28,28,1200.0,1,3.6,8,28.6,10,1167.87,1004.2,100781,true,completed
CV_h6s7n31.txt,BBLCT,7,6,28,28,1200.0,0,0.0,4,14.3,8,919.39,1058.7,170677,true,completed
CV_h6s7n32.txt,BBLCT,7,6,28,28,1200.0,0,0.0,5,17.9,8,917.06,38.8,4689,true,completed
CV_h6s7n33.txt,BBLCT,7,6,28,28,1200.0,0,0.0,9,32.1,9,1126.00,1.7,1,true,completed
CV_h6s7n34.txt,BBLCT,7,6,28,28,1200.0,0,0.0,7,25.0,10,1192.59,386.7,33750,true,completed
CV_h6s7n35.txt,BBLCT,7,6,28,28,1200.0,0,0.0,3,10.7,8,991.15,78157.6,10421602,true,completed
CV_h6s7n36.txt,BBLCT,7,6,28,28,1200.0,0,0.0,8,28.6,10,1190.01,252.1,27066,true,completed
CV_h6s7n37.txt,BBLCT,7,6,28,28,1200.0,0,0.0,6,21.4,8,994.96,1.7,1,true,completed
CV_h6s7n38.txt,BBLCT,7,6,28,28,1200.0,0,0.0,11,39.3,9,1122.05,76.9,7106,true,completed
CV_h6s7n39.txt,BBLCT,7,6,28,28,1200.0,1,3.6,8,28.6,10,1194.75,116.2,8946,true,completed
CV_h6s7n4.txt,BBLCT,7,6,28,28,1200.0,0,0.0,3,10.7,7,800.31,123182.2,19753520,true,completed
CV_h6s7n40.txt,BBLCT,7,6,28,28,1200.0,0,0.0,7,25.0,9,1068.89,276.5,32623,true,completed
CV_h6s7n5.txt,BBLCT,7,6,28,28,1200.0,0,0.0,8,28.6,9,1116.74,7.1,485,true,completed
CV_h6s7n6.txt,BBLCT,7,6,28,28,1200.0,2,7.1,4,14.3,6,728.44,29678.3,3592875,true,completed
CV_h6s7n7.txt,BBLCT,7,6,28,28,1200.0,1,3.6,7,25.0,8,990.00,2.0,1,true,completed
CV_h6s7n8.txt,BBLCT,7,6,28,28,1200.0,0,0.0,6,21.4,9,1124.34,13.5,997,true,completed
CV_h6s7n9.txt,BBLCT,7,6,28,28,1200.0,0,0.0,8,28.6,8,1004.37,35.5,3378,true,completed
CV_h7s10n1.txt,BBLCT,10,7,50,50,1200.0,0,0.0,2,4.0,8,1071.01,56.8,1698,true,completed
CV_h7s10n10.txt,BBLCT,10,7,50,50,1200.0,0,0.0,3,6.0,9,1103.69,73.3,2094,true,completed
CV_h7s10n11.txt,BBLCT,10,7,50,50,1200.0,0,0.0,5,10.0,9,1100.92,3.9,1,true,completed
CV_h7s10n12.txt,BBLCT,10,7,50,50,1200.0,0,0.0,3,6.0,9,1145.29,3.6,1,true,completed
CV_h7s10n13.txt,BBLCT,10,7,50,50,1200.0,0,0.0,8,16.0,9,1083.86,4.5,1,true,completed
CV_h7s10n14.txt,BBLCT,10,7,50,50,1200.0,0,0.0,6,12.0,9,1173.11,3.9,1,true,completed
CV_h7s10n15.txt,BBLCT,10,7,50,50,1200.0,0,0.0,4,8.0,7,823.67,210.8,5815,true,completed
CV_h7s10n16.txt,BBLCT,10,7,50,50,1200.0,1,2.0,8,16.0,9,1107.37,4.2,1,true,completed
CV_h7s10n17.txt,BBLCT,10,7,50,50,1200.0,0,0.0,5,10.0,9,1075.58,4.6,1,true,completed
CV_h7s10n18.txt,BBLCT,10,7,50,50,1200.0,0,0.0,7,14.0,10,1158.27,19.1,455,true,completed
CV_h7s10n19.txt,BBLCT,10,7,50,50,1200.0,1,2.0,6,12.0,9,1120.80,4.2,1,true,completed
CV_h7s10n2.txt,BBLCT,10,7,50,50,1200.0,0,0.0,2,4.0,8,1078.57,3.5,1,true,completed
CV_h7s10n20.txt,BBLCT,10,7,50,50,1200.0,0,0.0,6,12.0,9,1147.68,3.9,1,true,completed
CV_h7s10n21.txt,BBLCT,10,7,50,50,1200.0,0,0.0,5,10.0,8,1018.02,3.9,1,true,completed
CV_h7s10n22.txt,BBLCT,10,7,50,50,1200.0,0,0.0,3,6.0,8,1093.32,4.0,1,true,completed
CV_h7s10n23.txt,BBLCT,10,7,50,50,1200.0,0,0.0,2,4.0,9,1123.73,161.8,6933,true,completed
CV_h7s10n24.txt,BBLCT,10,7,50,50,1200.0,0,0.0,3,6.0,9,1160.27,3.5,1,true,completed
CV_h7s10n25.txt,BBLCT,10,7,50,50,1200.0,2,4.0,7,14.0,9,1102.65,4.3,1,true,completed
CV_h7s10n26.txt,BBLCT,10,7,50,50,1200.0,0,0.0,5,10.0,7,829.98,300982.8,10316892,true,completed
CV_h7s10n27.txt,BBLCT,10,7,50,50,1200.0,0,0.0,4,8.0,10,1171.20,7.7,122,true,completed
CV_h7s10n28.txt,BBLCT,10,7,50,50,1200.0,0,0.0,2,4.0,9,1100.11,3.5,1,true,completed
CV_h7s10n29.txt,BBLCT,10,7,50,50,1200.0,0,0.0,7,14.0,9,1044.00,4.4,1,true,completed
CV_h7s10n3.txt,BBLCT,10,7,50,50,1200.0,0,0.0,4,8.0,9,1140.02,3.6,1,true,completed
CV_h7s10n30.txt,BBLCT,10,7,50,50,1200.0,0,0.0,4,8.0,9,1066.55,4.1,1,true,completed
CV_h7s10n31.txt,BBLCT,10,7,50,50,1200.0,1,2.0,6,12.0,9,1130.66,607065.1,18061602,true,completed
CV_h7s10n32.txt,BBLCT,10,7,50,50,1200.0,0,0.0,8,16.0,10,1199.17,15.9,327,true,completed
CV_h7s10n33.txt,BBLCT,10,7,50,50,1200.0,0,0.0,5,10.0,9,1141.50,3.5,1,true,completed
CV_h7s10n34.txt,BBLCT,10,7,50,50,1200.0,0,0.0,10,20.0,9,1088.65,4.8,1,true,completed
CV_h7s10n35.txt,BBLCT,10,7,50,50,1200.0,0,0.0,4,8.0,6,712.20,5218.7,197360,true,completed
CV_h7s10n36.txt,BBLCT,10,7,50,50,1200.0,0,0.0,6,12.0,9,1100.02,38.6,789,true,completed
CV_h7s10n37.txt,BBLCT,10,7,50,50,1200.0,0,0.0,8,16.0,9,1113.93,4.0,1,true,completed
CV_h7s10n38.txt,BBLCT,10,7,50,50,1200.0,0,0.0,6,12.0,8,1072.46,4.3,1,true,completed
CV_h7s10n39.txt,BBLCT,10,7,50,50,1200.0,0,0.0,5,10.0,8,953.35,448097.7,18781574,true,completed
CV_h7s10n4.txt,BBLCT,10,7,50,50,1200.0,0,0.0,8,16.0,10,1203.51,4.1,1,true,completed
CV_h7s10n40.txt,BBLCT,10,7,50,50,1200.0,0,0.0,6,12.0,10,1149.47,1522814.9,72828649,true,completed
CV_h7s10n5.txt,BBLCT,10,7,50,50,1200.0,0,0.0,5,10.0,9,1102.08,3.9,1,true,completed
CV_h7s10n6.txt,BBLCT,10,7,50,50,1200.0,0,0.0,3,6.0,9,1089.33,2976.1,113078,true,completed
CV_h7s10n7.txt,BBLCT,10,7,50,50,1200.0,0,0.0,4,8.0,9,1106.19,3.8,1,true,completed
CV_h7s10n8.txt,BBLCT,10,7,50,50,1200.0,0,0.0,4,8.0,9,1103.86,3.8,1,true,completed
CV_h7s10n9.txt,BBLCT,10,7,50,50,1200.0,0,0.0,6,12.0,7,781.42,3595047.9,136813568,false,cpu_limit
CV_h7s4n1.txt,BBLCT,4,7,20,20,1200.0,0,0.0,3,15.0,6,774.21,3.8,1522,true,completed
CV_h7s4n10.txt,BBLCT,4,7,20,20,1200.0,0,0.0,4,20.0,9,1185.34,74.0,34444,true,completed
CV_h7s4n11.txt,BBLCT,4,7,20,20,1200.0,0,0.0,6,30.0,8,954.24,36.7,13150,true,completed
CV_h7s4n12.txt,BBLCT,4,7,20,20,1200.0,0,0.0,2,10.0,9,1104.91,1.3,392,true,completed
CV_h7s4n13.txt,BBLCT,4,7,20,20,1200.0,0,0.0,3,15.0,9,1192.56,49.8,28738,true,completed
CV_h7s4n14.txt,BBLCT,4,7,20,20,1200.0,0,0.0,5,25.0,9,1179.15,20.4,13389,true,completed
CV_h7s4n15.txt,BBLCT,4,7,20,20,1200.0,0,0.0,7,35.0,4,473.84,2.6,638,true,completed
CV_h7s4n16.txt,BBLCT,4,7,20,20,1200.0,0,0.0,3,15.0,9,1180.12,23.8,14727,true,completed
CV_h7s4n17.txt,BBLCT,4,7,20,20,1200.0,0,0.0,2,10.0,9,1195.89,3.7,1949,true,completed
CV_h7s4n18.txt,BBLCT,4,7,20,20,1200.0,1,5.0,7,35.0,7,829.82,16.3,6133,true,completed
CV_h7s4n19.txt,BBLCT,4,7,20,20,1200.0,0,0.0,4,20.0,8,951.41,1.1,147,true,completed
CV_h7s4n2.txt,BBLCT,4,7,20,20,1200.0,0,0.0,2,10.0,9,1186.37,19.1,17196,true,completed
CV_h7s4n20.txt,BBLCT,4,7,20,20,1200.0,0,0.0,5,25.0,10,1198.03,8.4,4484,true,completed
CV_h7s4n21.txt,BBLCT,4,7,20,20,1200.0,0,0.0,5,25.0,9,1041.51,0.9,1,true,completed
CV_h7s4n22.txt,BBLCT,4,7,20,20,1200.0,3,15.0,6,30.0,9,1115.10,0.8,22,true,completed
CV_h7s4n23.txt,BBLCT,4,7,20,20,1200.0,0,0.0,7,35.0,4,449.45,32.7,15123,true,completed
CV_h7s4n24.txt,BBLCT,4,7,20,20,1200.0,0,0.0,1,5.0,4,501.60,8.7,6907,true,completed
CV_h7s4n25.txt,BBLCT,4,7,20,20,1200.0,3,15.0,13,65.0,10,1166.61,9.7,2837,true,completed
CV_h7s4n26.txt,BBLCT,4,7,20,20,1200.0,0,0.0,2,10.0,9,1106.97,1.0,173,true,completed
CV_h7s4n27.txt,BBLCT,4,7,20,20,1200.0,0,0.0,6,30.0,10,1162.06,0.8,8,true,completed
CV_h7s4n28.txt,BBLCT,4,7,20,20,1200.0,0,0.0,2,10.0,9,1103.12,3.8,2134,true,completed
CV_h7s4n29.txt,BBLCT,4,7,20,20,1200.0,1,5.0,4,20.0,9,1105.23,0.9,8,true,completed
CV_h7s4n3.txt,BBLCT,4,7,20,20,1200.0,0,0.0,6,30.0,9,1137.37,4.3,1253,true,completed
CV_h7s4n30.txt,BBLCT,4,7,20,20,1200.0,1,5.0,3,15.0,7,860.28,3.0,1032,true,completed
CV_h7s4n31.txt,BBLCT,4,7,20,20,1200.0,1,5.0,7,35.0,7,816.00,1.9,411,true,completed
CV_h7s4n32.txt,BBLCT,4,7,20,20,1200.0,0,0.0,2,10.0,9,1186.37,21.3,17295,true,completed
CV_h7s4n33.txt,BBLCT,4,7,20,20,1200.0,0,0.0,5,25.0,9,1168.76,33.2,16134,true,completed
CV_h7s4n34.txt,BBLCT,4,7,20,20,1200.0,0,0.0,5,25.0,10,1188.14,0.9,64,true,completed
CV_h7s4n35.txt,BBLCT,4,7,20,20,1200.0,0,0.0,8,40.0,9,1121.95,1.4,301,true,completed
CV_h7s4n36.txt,BBLCT,4,7,20,20,1200.0,0,0.0,4,20.0,9,1090.93,3.1,1155,true,completed
CV_h7s4n37.txt,BBLCT,4,7,20,20,1200.0,0,0.0,9,45.0,9,1116.28,4.7,2647,true,completed
CV_h7s4n38.txt,BBLCT,4,7,20,20,1200.0,0,0.0,2,10.0,8,991.08,1.1,134,true,completed
CV_h7s4n39.txt,BBLCT,4,7,20,20,1200.0,0,0.0,5,25.0,9,1130.16,12.7,6392,true,completed
CV_h7s4n4.txt,BBLCT,4,7,20,20,1200.0,0,0.0,4,20.0,10,1178.48,4.7,1996,true,completed
CV_h7s4n40.txt,BBLCT,4,7,20,20,1200.0,0,0.0,4,20.0,9,1195.57,8.0,4590,true,completed
CV_h7s4n5.txt,BBLCT,4,7,20,20,1200.0,0,0.0,3,15.0,9,1168.80,1.5,293,true,completed
CV_h7s4n6.txt,BBLCT,4,7,20,20,1200.0,0,0.0,6,30.0,10,1177.69,22.9,11649,true,completed
CV_h7s4n7.txt,BBLCT,4,7,20,20,1200.0,0,0.0,7,35.0,10,1171.92,12.1,6158,true,completed
CV_h7s4n8.txt,BBLCT,4,7,20,20,1200.0,0,0.0,4,20.0,10,1198.74,6.4,3307,true,completed
CV_h7s4n9.txt,BBLCT,4,7,20,20,1200.0,2,10.0,4,20.0,7,789.75,1.4,150,true,completed
CV_h7s5n1.txt,BBLCT,5,7,25,25,1200.0,0,0.0,2,8.0,8,1143.95,35.2,11906,true,completed
CV_h7s5n10.txt,BBLCT,5,7,25,25,1200.0,0,0.0,4,16.0,10,1196.82,1.8,191,true,completed
CV_h7s5n11.txt,BBLCT,5,7,25,25,1200.0,0,0.0,3,12.0,5,608.84,371.3,132148,true,completed
CV_h7s5n12.txt,BBLCT,5,7,25,25,1200.0,0,0.0,8,32.0,9,1107.73,56.8,14426,true,completed
CV_h7s5n13.txt,BBLCT,5,7,25,25,1200.0,0,0.0,6,24.0,8,927.71,6.6,1284,true,completed
CV_h7s5n14.txt,BBLCT,5,7,25,25,1200.0,0,0.0,6,24.0,9,1151.99,7.7,1985,true,completed
CV_h7s5n15.txt,BBLCT,5,7,25,25,1200.0,0,0.0,2,8.0,5,599.80,16.2,6410,true,completed
CV_h7s5n16.txt,BBLCT,5,7,25,25,1200.0,0,0.0,11,44.0,9,1161.72,55.7,14181,true,completed
CV_h7s5n17.txt,BBLCT,5,7,25,25,1200.0,0,0.0,3,12.0,8,975.68,4.3,759,true,completed
CV_h7s5n18.txt,BBLCT,5,7,25,25,1200.0,1,4.0,5,20.0,6,761.33,33.3,6043,true,completed
CV_h7s5n19.txt,BBLCT,5,7,25,25,1200.0,1,4.0,5,20.0,9,1113.64,1.3,26,true,completed
CV_h7s5n2.txt,BBLCT,5,7,25,25,1200.0,1,4.0,10,40.0,9,1160.49,1.4,25,true,completed
CV_h7s5n20.txt,BBLCT,5,7,25,25,1200.0,0,0.0,2,8.0,9,1151.35,3.2,799,true,completed
CV_h7s5n21.txt,BBLCT,5,7,25,25,1200.0,0,0.0,3,12.0,8,1043.68,24.0,8043,true,completed
CV_h7s5n22.txt,BBLCT,5,7,25,25,1200.0,0,0.0,6,24.0,9,1164.29,404.3,134315,true,completed
CV_h7s5n23.txt,BBLCT,5,7,25,25,1200.0,0,0.0,3,12.0,7,854.84,105.0,35397,true,completed
CV_h7s5n24.txt,BBLCT,5,7,25,25,1200.0,1,4.0,3,12.0,6,722.70,185.4,63776,true,completed
CV_h7s5n25.txt,BBLCT,5,7,25,25,1200.0,1,4.0,7,28.0,9,1191.45,1.3,1,true,completed
CV_h7s5n26.txt,BBLCT,5,7,25,25,1200.0,0,0.0,4,16.0,7,864.01,98.9,26072,true,completed
CV_h7s5n27.txt,BBLCT,5,7,25,25,1200.0,0,0.0,5,20.0,9,1140.97,1.3,35,true,completed
CV_h7s5n28.txt,BBLCT,5,7,25,25,1200.0,0,0.0,4,16.0,9,1148.38,21.0,5000,true,completed
CV_h7s5n29.txt,BBLCT,5,7,25,25,1200.0,0,0.0,2,8.0,5,585.82,33.2,11604,true,completed
CV_h7s5n3.txt,BBLCT,5,7,25,25,1200.0,0,0.0,2,8.0,8,1100.62,1.1,1,true,completed
CV_h7s5n30.txt,BBLCT,5,7,25,25,1200.0,0,0.0,9,36.0,11,1184.86,9.6,1823,true,completed
CV_h7s5n31.txt,BBLCT,5,7,25,25,1200.0,0,0.0,3,12.0,10,1148.06,103.4,35776,true,completed
CV_h7s5n32.txt,BBLCT,5,7,25,25,1200.0,2,8.0,7,28.0,10,1190.91,55.9,11447,true,completed
CV_h7s5n33.txt,BBLCT,5,7,25,25,1200.0,0,0.0,5,20.0,8,998.37,58.2,16233,true,completed
CV_h7s5n34.txt,BBLCT,5,7,25,25,1200.0,1,4.0,4,16.0,5,573.31,290.9,70268,true,completed
CV_h7s5n35.txt,BBLCT,5,7,25,25,1200.0,0,0.0,7,28.0,9,1095.15,218.5,60210,true,completed
CV_h7s5n36.txt,BBLCT,5,7,25,25,1200.0,0,0.0,5,20.0,9,1183.78,24.6,6520,true,completed
CV_h7s5n37.txt,BBLCT,5,7,25,25,1200.0,1,4.0,3,12.0,8,1029.74,81.8,24176,true,completed
CV_h7s5n38.txt,BBLCT,5,7,25,25,1200.0,1,4.0,6,24.0,9,1106.91,73.2,21424,true,completed
CV_h7s5n39.txt,BBLCT,5,7,25,25,1200.0,0,0.0,7,28.0,9,1105.26,2.0,222,true,completed
CV_h7s5n4.txt,BBLCT,5,7,25,25,1200.0,0,0.0,3,12.0,7,869.44,49.2,12549,true,completed
CV_h7s5n40.txt,BBLCT,5,7,25,25,1200.0,0,0.0,3,12.0,4,480.51,73.4,21591,true,completed
CV_h7s5n5.txt,BBLCT,5,7,25,25,1200.0,1,4.0,5,20.0,5,586.90,7.7,1559,true,completed
CV_h7s5n6.txt,BBLCT,5,7,25,25,1200.0,0,0.0,7,28.0,9,1169.87,33.1,6760,true,completed
CV_h7s5n7.txt,BBLCT,5,7,25,25,1200.0,0,0.0,3,12.0,9,1183.27,1.0,1,true,completed
CV_h7s5n8.txt,BBLCT,5,7,25,25,1200.0,0,0.0,2,8.0,8,1100.93,473.5,214799,true,completed
CV_h7s5n9.txt,BBLCT,5,7,25,25,1200.0,0,0.0,7,28.0,9,1154.82,91.8,22404,true,completed
CV_h7s6n1.txt,BBLCT,6,7,30,30,1200.0,0,0.0,3,10.0,8,1038.06,2069.9,437469,true,completed
CV_h7s6n10.txt,BBLCT,6,7,30,30,1200.0,0,0.0,3,10.0,8,982.42,6406.4,1552769,true,completed
CV_h7s6n11.txt,BBLCT,6,7,30,30,1200.0,0,0.0,6,20.0,7,904.32,1.7,1,true,completed
CV_h7s6n12.txt,BBLCT,6,7,30,30,1200.0,0,0.0,6,20.0,8,1065.08,7.8,1062,true,completed
CV_h7s6n13.txt,BBLCT,6,7,30,30,1200.0,0,0.0,5,16.7,9,1154.13,1.6,1,true,completed
CV_h7s6n14.txt,BBLCT,6,7,30,30,1200.0,2,6.7,6,20.0,9,1001.49,7.2,541,true,completed
CV_h7s6n15.txt,BBLCT,6,7,30,30,1200.0,0,0.0,7,23.3,9,1074.85,1.8,1,true,completed
CV_h7s6n16.txt,BBLCT,6,7,30,30,1200.0,0,0.0,4,13.3,9,1101.50,190.2,32148,true,completed
CV_h7s6n17.txt,BBLCT,6,7,30,30,1200.0,0,0.0,7,23.3,9,1170.25,1.7,1,true,completed
CV_h7s6n18.txt,BBLCT,6,7,30,30,1200.0,0,0.0,3,10.0,9,1115.15,9.2,1821,true,completed
CV_h7s6n19.txt,BBLCT,6,7,30,30,1200.0,0,0.0,4,13.3,9,1161.10,10.4,1902,true,completed
CV_h7s6n2.txt,BBLCT,6,7,30,30,1200.0,0,0.0,5,16.7,9,1131.51,12.1,1505,true,completed
CV_h7s6n20.txt,BBLCT,6,7,30,30,1200.0,0,0.0,2,6.7,7,853.07,5936.7,1439905,true,completed
CV_h7s6n21.txt,BBLCT,6,7,30,30,1200.0,0,0.0,4,13.3,10,1198.19,138.9,29414,true,completed
CV_h7s6n22.txt,BBLCT,6,7,30,30,1200.0,0,0.0,3,10.0,9,1160.77,186.2,40519,true,completed
CV_h7s6n23.txt,BBLCT,6,7,30,30,1200.0,1,3.3,5,16.7,9,1173.90,599.3,112746,true,completed
CV_h7s6n24.txt,BBLCT,6,7,30,30,1200.0,0,0.0,3,10.0,7,860.56,4719.6,1257663,true,completed
CV_h7s6n25.txt,BBLCT,6,7,30,30,1200.0,1,3.3,3,10.0,8,980.40,69.2,11995,true,completed
CV_h7s6n26.txt,BBLCT,6,7,30,30,1200.0,0,0.0,2,6.7,8,995.07,1.4,1,true,completed
CV_h7s6n27.txt,BBLCT,6,7,30,30,1200.0,0,0.0,4,13.3,8,1089.95,2569.4,540162,true,completed
CV_h7s6n28.txt,BBLCT,6,7,30,30,1200.0,0,0.0,5,16.7,9,1124.51,1.5,1,true,completed
CV_h7s6n29.txt,BBLCT,6,7,30,30,1200.0,0,0.0,6,20.0,9,1121.25,23.5,4106,true,completed
CV_h7s6n3.txt,BBLCT,6,7,30,30,1200.0,1,3.3,5,16.7,8,1094.88,7.8,947,true,completed
CV_h7s6n30.txt,BBLCT,6,7,30,30,1200.0,0,0.0,5,16.7,6,730.68,2047.7,419831,true,completed
CV_h7s6n31.txt,BBLCT,6,7,30,30,1200.0,0,0.0,4,13.3,9,1180.13,15.2,2269,true,completed
CV_h7s6n32.txt,BBLCT,6,7,30,30,1200.0,0,0.0,3,10.0,9,1173.66,2.4,127,true,completed
CV_h7s6n33.txt,BBLCT,6,7,30,30,1200.0,2,6.7,4,13.3,5,605.87,198.2,26462,true,completed
CV_h7s6n34.txt,BBLCT,6,7,30,30,1200.0,0,0.0,6,20.0,9,1092.78,5.2,536,true,completed
CV_h7s6n35.txt,BBLCT,6,7,30,30,1200.0,0,0.0,5,16.7,8,953.46,1.8,10,true,completed
CV_h7s6n36.txt,BBLCT,6,7,30,30,1200.0,0,0.0,3,10.0,8,1093.41,154.2,36141,true,completed
CV_h7s6n37.txt,BBLCT,6,7,30,30,1200.0,0,0.0,6,20.0,8,957.85,1034.3,176812,true,completed
CV_h7s6n38.txt,BBLCT,6,7,30,30,1200.0,0,0.0,2,6.7,5,607.84,1474.8,415709,true,completed
CV_h7s6n39.txt,BBLCT,6,7,30,30,1200.0,1,3.3,5,16.7,9,1124.15,1.7,1,true,completed
CV_h7s6n4.txt,BBLCT,6,7,30,30,1200.0,0,0.0,4,13.3,9,1198.95,3.3,363,true,completed
CV_h7s6n40.txt,BBLCT,6,7,30,30,1200.0,0,0.0,7,23.3,10,1195.45,15.2,2027,true,completed
CV_h7s6n5.txt,BBLCT,6,7,30,30,1200.0,0,0.0,4,13.3,10,1198.73,7.9,1473,true,completed
CV_h7s6n6.txt,BBLCT,6,7,30,30,1200.0,0,0.0,10,33.3,9,1114.56,162.1,25726,true,completed
CV_h7s6n7.txt,BBLCT,6,7,30,30,1200.0,0,0.0,3,10.0,9,1191.33,9.7,1553,true,completed
CV_h7s6n8.txt,BBLCT,6,7,30,30,1200.0,4,13.3,7,23.3,8,1033.90,2.5,65,true,completed
CV_h7s6n9.txt,BBLCT,6,7,30,30,1200.0,0,0.0,4,13.3,9,1111.88,3.4,329,true,completed
CV_h7s7n1.txt,BBLCT,7,7,35,35,1200.0,2,5.7,8,22.9,9,1106.97,582.4,40296,true,completed
CV_h7s7n10.txt,BBLCT,7,7,35,35,1200.0,2,5.7,6,17.1,8,1033.63,5.2,203,true,completed
CV_h7s7n11.txt,BBLCT,7,7,35,35,1200.0,1,2.9,4,11.4,6,698.25,1130.8,125939,true,completed
CV_h7s7n12.txt,BBLCT,7,7,35,35,1200.0,0,0.0,5,14.3,8,997.38,2.3,1,true,completed
CV_h7s7n13.txt,BBLCT,7,7,35,35,1200.0,0,0.0,5,14.3,9,1136.89,847.1,105728,true,completed
CV_h7s7n14.txt,BBLCT,7,7,35,35,1200.0,2,5.7,6,17.1,9,1117.19,2.3,1,true,completed
CV_h7s7n15.txt,BBLCT,7,7,35,35,1200.0,0,0.0,3,8.6,8,1060.09,7.0,626,true,completed
CV_h7s7n16.txt,BBLCT,7,7,35,35,1200.0,0,0.0,2,5.7,6,722.79,564799.5,102336569,true,completed
CV_h7s7n17.txt,BBLCT,7,7,35,35,1200.0,3,8.6,6,17.1,8,1002.38,302.5,20658,true,completed
CV_h7s7n18.txt,BBLCT,7,7,35,35,1200.0,0,0.0,2,5.7,8,1032.27,80.9,9013,true,completed
CV_h7s7n19.txt,BBLCT,7,7,35,35,1200.0,0,0.0,2,5.7,6,714.83,695331.4,129267960,true,completed
CV_h7s7n2.txt,BBLCT,7,7,35,35,1200.0,0,0.0,5,14.3,7,839.29,1444.7,204905,true,completed
CV_h7s7n20.txt,BBLCT,7,7,35,35,1200.0,0,0.0,2,5.7,8,969.04,974.5,122157,true,completed
CV_h7s7n21.txt,BBLCT,7,7,35,35,1200.0,0,0.0,2,5.7,7,855.60,520371.9,107549947,true,completed
CV_h7s7n22.txt,BBLCT,7,7,35,35,1200.0,0,0.0,4,11.4,9,1104.80,1.9,1,true,completed
CV_h7s7n23.txt,BBLCT,7,7,35,35,1200.0,0,0.0,6,17.1,9,1165.36,2.0,1,true,completed
CV_h7s7n24.txt,BBLCT,7,7,35,35,1200.0,0,0.0,7,20.0,9,1117.84,2.3,1,true,completed
CV_h7s7n25.txt,BBLCT,7,7,35,35,1200.0,0,0.0,6,17.1,9,1177.38,2.6,1,true,completed
CV_h7s7n26.txt,BBLCT,7,7,35,35,1200.0,0,0.0,9,25.7,9,1064.36,4.8,176,true,completed
CV_h7s7n27.txt,BBLCT,7,7,35,35,1200.0,0,0.0,8,22.9,10,1191.62,114.3,9047,true,completed
CV_h7s7n28.txt,BBLCT,7,7,35,35,1200.0,0,0.0,5,14.3,9,1123.64,2.0,1,true,completed
CV_h7s7n29.txt,BBLCT,7,7,35,35,1200.0,0,0.0,2,5.7,6,702.01,1186072.2,232438243,true,completed
CV_h7s7n3.txt,BBLCT,7,7,35,35,1200.0,0,0.0,5,14.3,10,1199.61,218.1,31265,true,completed
CV_h7s7n30.txt,BBLCT,7,7,35,35,1200.0,0,0.0,3,8.6,8,987.76,35707.3,5006666,true,completed
CV_h7s7n31.txt,BBLCT,7,7,35,35,1200.0,0,0.0,4,11.4,9,1105.14,1458.5,156436,true,completed
CV_h7s7n32.txt,BBLCT,7,7,35,35,1200.0,1,2.9,5,14.3,9,1179.87,1798.7,155915,true,completed
CV_h7s7n33.txt,BBLCT,7,7,35,35,1200.0,0,0.0,3,8.6,5,623.91,4125.6,535693,true,completed
CV_h7s7n34.txt,BBLCT,7,7,35,35,1200.0,0,0.0,3,8.6,8,955.58,74894.2,10944436,true,completed
CV_h7s7n35.txt,BBLCT,7,7,35,35,1200.0,0,0.0,4,11.4,8,967.65,37.3,4230,true,completed
CV_h7s7n36.txt,BBLCT,7,7,35,35,1200.0,1,2.9,4,11.4,8,1077.90,98.1,8558,true,completed
CV_h7s7n37.txt,BBLCT,7,7,35,35,1200.0,0,0.0,3,8.6,8,936.95,10.0,770,true,completed
CV_h7s7n38.txt,BBLCT,7,7,35,35,1200.0,0,0.0,9,25.7,10,1198.22,33.5,2211,true,completed
CV_h7s7n39.txt,BBLCT,7,7,35,35,1200.0,0,0.0,5,14.3,8,940.52,2.3,1,true,completed
CV_h7s7n4.txt,BBLCT,7,7,35,35,1200.0,0,0.0,8,22.9,6,692.13,1958.3,197218,true,completed
CV_h7s7n40.txt,BBLCT,7,7,35,35,1200.0,0,0.0,4,11.4,7,795.33,174374.6,22959674,true,completed
CV_h7s7n5.txt,BBLCT,7,7,35,35,1200.0,0,0.0,2,5.7,8,982.28,871.3,122102,true,completed
CV_h7s7n6.txt,BBLCT,7,7,35,35,1200.0,0,0.0,9,25.7,9,1141.42,4.0,151,true,completed
CV_h7s7n7.txt,BBLCT,7,7,35,35,1200.0,0,0.0,10,28.6,9,1146.71,26.4,2054,true,completed
CV_h7s7n8.txt,BBLCT,7,7,35,35,1200.0,1,2.9,5,14.3,7,861.71,946.7,87023,true,completed
CV_h7s7n9.txt,BBLCT,7,7,35,35,1200.0,0,0.0,5,14.3,9,1053.54,38.8,4093,true,completed
CV_h7s8n1.txt,BBLCT,8,7,40,40,1200.0,0,0.0,5,12.5,7,896.92,2.8,1,true,completed
CV_h7s8n10.txt,BBLCT,8,7,40,40,1200.0,0,0.0,6,15.0,8,1051.30,2.6,1,true,completed
CV_h7s8n11.txt,BBLCT,8,7,40,40,1200.0,1,2.5,3,7.5,8,986.34,45.9,2868,true,completed
CV_h7s8n12.txt,BBLCT,8,7,40,40,1200.0,0,0.0,5,12.5,7,824.87,257594.0,19419010,true,completed
CV_h7s8n13.txt,BBLCT,8,7,40,40,1200.0,0,0.0,4,10.0,8,980.55,2.7,1,true,completed
CV_h7s8n14.txt,BBLCT,8,7,40,40,1200.0,0,0.0,3,7.5,8,988.19,2.5,1,true,completed
CV_h7s8n15.txt,BBLCT,8,7,40,40,1200.0,1,2.5,5,12.5,8,959.21,2.9,1,true,completed
CV_h7s8n16.txt,BBLCT,8,7,40,40,1200.0,0,0.0,4,10.0,10,1198.97,129.4,9914,true,completed
CV_h7s8n17.txt,BBLCT,8,7,40,40,1200.0,0,0.0,7,17.5,9,1142.86,572.3,43320,true,completed
CV_h7s8n18.txt,BBLCT,8,7,40,40,1200.0,0,0.0,4,10.0,6,685.66,78583.6,7644942,true,completed
CV_h7s8n19.txt,BBLCT,8,7,40,40,1200.0,0,0.0,4,10.0,8,963.37,2.6,1,true,completed
CV_h7s8n2.txt,BBLCT,8,7,40,40,1200.0,0,0.0,9,22.5,10,1195.43,57.0,3568,true,completed
CV_h7s8n20.txt,BBLCT,8,7,40,40,1200.0,1,2.5,6,15.0,8,1042.30,435.5,23491,true,completed
CV_h7s8n21.txt,BBLCT,8,7,40,40,1200.0,0,0.0,6,15.0,8,984.54,3.2,1,true,completed
CV_h7s8n22.txt,BBLCT,8,7,40,40,1200.0,0,0.0,4,10.0,10,1198.37,9.5,414,true,completed
CV_h7s8n23.txt,BBLCT,8,7,40,40,1200.0,1,2.5,8,20.0,9,1150.18,2.8,1,true,completed
CV_h7s8n24.txt,BBLCT,8,7,40,40,1200.0,0,0.0,9,22.5,10,1190.54,8.9,273,true,completed
CV_h7s8n25.txt,BBLCT,8,7,40,40,1200.0,0,0.0,6,15.0,9,1135.00,2.5,1,true,completed
CV_h7s8n26.txt,BBLCT,8,7,40,40,1200.0,1,2.5,5,12.5,8,1009.77,2.9,1,true,completed
CV_h7s8n27.txt,BBLCT,8,7,40,40,1200.0,0,0.0,2,5.0,7,859.47,1727.4,150280,true,completed
CV_h7s8n28.txt,BBLCT,8,7,40,40,1200.0,0,0.0,6,15.0,8,985.64,2.6,1,true,completed
CV_h7s8n29.txt,BBLCT,8,7,40,40,1200.0,0,0.0,3,7.5,9,1098.30,17.4,989,true,completed
CV_h7s8n3.txt,BBLCT,8,7,40,40,1200.0,0,0.0,3,7.5,6,714.67,98.1,5778,true,completed
CV_h7s8n30.txt,BBLCT,8,7,40,40,1200.0,0,0.0,4,10.0,8,985.06,2.7,1,true,completed
CV_h7s8n31.txt,BBLCT,8,7,40,40,1200.0,1,2.5,8,20.0,8,986.25,48007.8,2822265,true,completed
CV_h7s8n32.txt,BBLCT,8,7,40,40,1200.0,0,0.0,7,17.5,9,1108.05,1951.9,159830,true,completed
CV_h7s8n33.txt,BBLCT,8,7,40,40,1200.0,1,2.5,3,7.5,9,1101.11,2.6,1,true,completed
CV_h7s8n34.txt,BBLCT,8,7,40,40,1200.0,0,0.0,4,10.0,6,721.59,1161.0,116210,true,completed
CV_h7s8n35.txt,BBLCT,8,7,40,40,1200.0,0,0.0,5,12.5,9,1117.59,2.7,1,true,completed
CV_h7s8n36.txt,BBLCT,8,7,40,40,1200.0,0,0.0,6,15.0,8,973.22,2.7,1,true,completed
CV_h7s8n37.txt,BBLCT,8,7,40,40,1200.0,0,0.0,3,7.5,7,827.77,125573.6,10782647,true,completed
CV_h7s8n38.txt,BBLCT,8,7,40,40,1200.0,0,0.0,5,12.5,9,1151.53,3922.1,291960,true,completed
CV_h7s8n39.txt,BBLCT,8,7,40,40,1200.0,0,0.0,3,7.5,8,980.87,2.5,1,true,completed
CV_h7s8n4.txt,BBLCT,8,7,40,40,1200.0,0,0.0,3,7.5,9,1084.68,2.4,1,true,completed
CV_h7s8n40.txt,BBLCT,8,7,40,40,1200.0,0,0.0,2,5.0,8,1091.48,644.9,47021,true,completed
CV_h7s8n5.txt,BBLCT,8,7,40,40,1200.0,0,0.0,3,7.5,9,1099.72,2.4,1,true,completed
CV_h7s8n6.txt,BBLCT,8,7,40,40,1200.0,0,0.0,2,5.0,6,703.27,3036.7,239172,true,completed
CV_h7s8n7.txt,BBLCT,8,7,40,40,1200.0,0,0.0,9,22.5,10,1193.12,451.7,22798,true,completed
CV_h7s8n8.txt,BBLCT,8,7,40,40,1200.0,1,2.5,5,12.5,8,911.93,11.9,562,true,completed
CV_h7s8n9.txt,BBLCT,8,7,40,40,1200.0,0,0.0,3,7.5,7,868.78,361508.2,30195010,true,completed
CV_h7s9n1.txt,BBLCT,9,7,45,45,1200.0,0,0.0,4,8.9,9,1149.05,3.2,1,true,completed
CV_h7s9n10.txt,BBLCT,9,7,45,45,1200.0,1,2.2,3,6.7,6,719.05,567.6,21904,true,completed
CV_h7s9n11.txt,BBLCT,9,7,45,45,1200.0,1,2.2,6,13.3,9,1103.52,3.4,1,true,completed
CV_h7s9n12.txt,BBLCT,9,7,45,45,1200.0,0,0.0,8,17.8,7,838.37,18397.7,1012674,true,completed
CV_h7s9n13.txt,BBLCT,9,7,45,45,1200.0,1,2.2,6,13.3,8,1018.66,3.4,1,true,completed
CV_h7s9n14.txt,BBLCT,9,7,45,45,1200.0,0,0.0,4,8.9,8,1004.54,3.2,1,true,completed
CV_h7s9n15.txt,BBLCT,9,7,45,45,1200.0,0,0.0,6,13.3,9,1070.36,3.6,1,true,completed
CV_h7s9n16.txt,BBLCT,9,7,45,45,1200.0,0,0.0,2,4.4,6,716.09,255.6,13210,true,completed
CV_h7s9n17.txt,BBLCT,9,7,45,45,1200.0,0,0.0,3,6.7,9,1075.32,41.5,1757,true,completed
CV_h7s9n18.txt,BBLCT,9,7,45,45,1200.0,2,4.4,7,15.6,9,1139.23,15882.8,551910,true,completed
CV_h7s9n19.txt,BBLCT,9,7,45,45,1200.0,0,0.0,3,6.7,8,1068.58,3.2,1,true,completed
CV_h7s9n2.txt,BBLCT,9,7,45,45,1200.0,0,0.0,7,15.6,10,1196.41,475816.8,20723317,true,completed
CV_h7s9n20.txt,BBLCT,9,7,45,45,1200.0,0,0.0,9,20.0,9,1043.78,4.0,1,true,completed
CV_h7s9n21.txt,BBLCT,9,7,45,45,1200.0,0,0.0,5,11.1,9,1093.10,202845.1,10928277,true,completed
CV_h7s9n22.txt,BBLCT,9,7,45,45,1200.0,0,0.0,4,8.9,9,1140.79,3.0,1,true,completed
CV_h7s9n23.txt,BBLCT,9,7,45,45,1200.0,0,0.0,2,4.4,7,856.57,3398.7,187993,true,completed
CV_h7s9n24.txt,BBLCT,9,7,45,45,1200.0,0,0.0,7,15.6,9,1091.49,3.5,1,true,completed
CV_h7s9n25.txt,BBLCT,9,7,45,45,1200.0,1,2.2,3,6.7,9,1105.05,3.4,1,true,completed
CV_h7s9n26.txt,BBLCT,9,7,45,45,1200.0,0,0.0,5,11.1,9,1073.42,1598198.0,76442298,true,completed
CV_h7s9n27.txt,BBLCT,9,7,45,45,1200.0,0,0.0,4,8.9,8,969.22,173262.0,8744785,true,completed
CV_h7s9n28.txt,BBLCT,9,7,45,45,1200.0,1,2.2,7,15.6,9,1154.06,3.5,1,true,completed
CV_h7s9n29.txt,BBLCT,9,7,45,45,1200.0,0,0.0,5,11.1,7,839.78,79943.5,3696183,true,completed
CV_h7s9n3.txt,BBLCT,9,7,45,45,1200.0,0,0.0,4,8.9,9,1118.55,3.1,1,true,completed
CV_h7s9n30.txt,BBLCT,9,7,45,45,1200.0,1,2.2,5,11.1,7,841.93,18732.2,736203,true,completed
CV_h7s9n31.txt,BBLCT,9,7,45,45,1200.0,0,0.0,4,8.9,8,958.42,1528.4,54567,true,completed
CV_h7s9n32.txt,BBLCT,9,7,45,45,1200.0,0,0.0,8,17.8,8,970.58,330.4,12750,true,completed
CV_h7s9n33.txt,BBLCT,9,7,45,45,1200.0,0,0.0,2,4.4,9,1094.05,145.3,6582,true,completed
CV_h7s9n34.txt,BBLCT,9,7,45,45,1200.0,0,0.0,5,11.1,7,820.03,719858.2,37544184,true,completed
CV_h7s9n35.txt,BBLCT,9,7,45,45,1200.0,0,0.0,4,8.9,9,1138.91,3.2,1,true,completed
CV_h7s9n36.txt,BBLCT,9,7,45,45,1200.0,0,0.0,4,8.9,8,979.33,3129094.2,155384259,true,completed
CV_h7s9n37.txt,BBLCT,9,7,45,45,1200.0,1,2.2,4,8.9,9,1078.71,3.0,1,true,completed
CV_h7s9n38.txt,BBLCT,9,7,45,45,1200.0,0,0.0,4,8.9,9,1108.61,3.3,1,true,completed
CV_h7s9n39.txt,BBLCT,9,7,45,45,1200.0,1,2.2,3,6.7,9,1075.44,185.5,7225,true,completed
CV_h7s9n4.txt,BBLCT,9,7,45,45,1200.0,0,0.0,6,13.3,8,1042.46,615625.1,24542934,true,completed
CV_h7s9n40.txt,BBLCT,9,7,45,45,1200.0,0,0.0,4,8.9,9,1149.22,3.0,1,true,completed
CV_h7s9n5.txt,BBLCT,9,7,45,45,1200.0,1,2.2,7,15.6,9,1105.58,3.5,1,true,completed
CV_h7s9n6.txt,BBLCT,9,7,45,45,1200.0,1,2.2,6,13.3,8,967.64,4971.7,209563,true,completed
CV_h7s9n7.txt,BBLCT,9,7,45,45,1200.0,0,0.0,5,11.1,9,1098.83,3.2,1,true,completed
CV_h7s9n8.txt,BBLCT,9,7,45,45,1200.0,0,0.0,5,11.1,6,689.61,83337.5,3561169,true,completed
CV_h7s9n9.txt,BBLCT,9,7,45,45,1200.0,0,0.0,4,8.9,9,1127.86,3.0,1,true,completed
CV_h8s10n1.txt,BBLCT,10,8,60,60,1200.0,0,0.0,3,5.0,9,1057.41,5.4,1,true,completed
CV_h8s10n10.txt,BBLCT,10,8,60,60,1200.0,0,0.0,5,8.3,9,1075.14,4.9,1,true,completed
CV_h8s10n11.txt,BBLCT,10,8,60,60,1200.0,0,0.0,3,5.0,9,1150.65,4.8,1,true,completed
CV_h8s10n12.txt,BBLCT,10,8,60,60,1200.0,0,0.0,6,10.0,9,1152.74,5.2,1,true,completed
CV_h8s10n13.txt,BBLCT,10,8,60,60,1200.0,0,0.0,2,3.3,8,1069.31,9.9,206,true,completed
CV_h8s10n14.txt,BBLCT,10,8,60,60,1200.0,0,0.0,3,5.0,9,1119.02,4.8,1,true,completed
CV_h8s10n15.txt,BBLCT,10,8,60,60,1200.0,0,0.0,3,5.0,9,1073.95,5.2,1,true,completed
CV_h8s10n16.txt,BBLCT,10,8,60,60,1200.0,0,0.0,2,3.3,8,1076.11,13.1,293,true,completed
CV_h8s10n17.txt,BBLCT,10,8,60,60,1200.0,0,0.0,4,6.7,8,1090.25,5.1,1,true,completed
CV_h8s10n18.txt,BBLCT,10,8,60,60,1200.0,0,0.0,2,3.3,8,1077.47,4.7,1,true,completed
CV_h8s10n19.txt,BBLCT,10,8,60,60,1200.0,0,0.0,4,6.7,8,1069.20,5.1,1,true,completed
CV_h8s10n2.txt,BBLCT,10,8,60,60,1200.0,0,0.0,5,8.3,9,1094.85,5.9,1,true,completed
CV_h8s10n20.txt,BBLCT,10,8,60,60,1200.0,1,1.7,4,6.7,8,1078.71,5.5,1,true,completed
CV_h8s10n21.txt,BBLCT,10,8,60,60,1200.0,0,0.0,6,10.0,9,1067.21,5.7,1,true,completed
CV_h8s10n22.txt,BBLCT,10,8,60,60,1200.0,0,0.0,2,3.3,6,713.29,3397.3,117100,true,completed
CV_h8s10n23.txt,BBLCT,10,8,60,60,1200.0,0,0.0,3,5.0,9,1101.88,4.8,1,true,completed
CV_h8s10n24.txt,BBLCT,10,8,60,60,1200.0,0,0.0,5,8.3,9,1119.69,5.8,1,true,completed
CV_h8s10n25.txt,BBLCT,10,8,60,60,1200.0,1,1.7,7,11.7,8,1019.53,6.1,1,true,completed
CV_h8s10n26.txt,BBLCT,10,8,60,60,1200.0,1,1.7,8,13.3,9,1106.71,5.7,1,true,completed
CV_h8s10n27.txt,BBLCT,10,8,60,60,1200.0,1,1.7,4,6.7,9,1068.55,5.5,1,true,completed
CV_h8s10n28.txt,BBLCT,10,8,60,60,1200.0,0,0.0,3,5.0,9,1073.65,5.1,1,true,completed
CV_h8s10n29.txt,BBLCT,10,8,60,60,1200.0,0,0.0,1,1.7,8,1060.94,4.7,1,true,completed
CV_h8s10n3.txt,BBLCT,10,8,60,60,1200.0,0,0.0,3,5.0,9,1146.82,5.2,1,true,completed
CV_h8s10n30.txt,BBLCT,10,8,60,60,1200.0,0,0.0,8,13.3,9,1104.25,5.8,1,true,completed
CV_h8s10n31.txt,BBLCT,10,8,60,60,1200.0,1,1.7,4,6.7,9,1061.40,5.2,1,true,completed
CV_h8s10n32.txt,BBLCT,10,8,60,60,1200.0,0,0.0,3,5.0,9,1172.89,4.9,1,true,completed
CV_h8s10n33.txt,BBLCT,10,8,60,60,1200.0,0,0.0,3,5.0,9,1160.36,4.9,1,true,completed
CV_h8s10n34.txt,BBLCT,10,8,60,60,1200.0,0,0.0,4,6.7,9,1116.59,5.2,1,true,completed
CV_h8s10n35.txt,BBLCT,10,8,60,60,1200.0,1,1.7,7,11.7,9,1129.28,6.0,1,true,completed
CV_h8s10n36.txt,BBLCT,10,8,60,60,1200.0,0,0.0,4,6.7,9,1078.23,5.6,1,true,completed
CV_h8s10n37.txt,BBLCT,10,8,60,60,1200.0,0,0.0,4,6.7,9,1150.63,7.2,89,true,completed
CV_h8s10n38.txt,BBLCT,10,8,60,60,1200.0,0,0.0,1,1.7,8,1071.78,4.6,1,true,completed
CV_h8s10n39.txt,BBLCT,10,8,60,60,1200.0,0,0.0,3,5.0,9,1187.37,5.0,1,true,completed
CV_h8s10n4.txt,BBLCT,10,8,60,60,1200.0,0,0.0,2,3.3,8,1118.61,4.7,1,true,completed
CV_h8s10n40.txt,BBLCT,10,8,60,60,1200.0,0,0.0,4,6.7,9,1073.72,5.3,1,true,completed
CV_h8s10n5.txt,BBLCT,10,8,60,60,1200.0,0,0.0,3,5.0,7,858.32,2902.3,108120,true,completed
CV_h8s10n6.txt,BBLCT,10,8,60,60,1200.0,0,0.0,3,5.0,9,1076.01,5.3,1,true,completed
CV_h8s10n7.txt,BBLCT,10,8,60,60,1200.0,0,0.0,3,5.0,8,1095.93,5.2,1,true,completed
CV_h8s10n8.txt,BBLCT,10,8,60,60,1200.0,1,1.7,3,5.0,8,1101.43,5.3,1,true,completed
CV_h8s10n9.txt,BBLCT,10,8,60,60,1200.0,1,1.7,6,10.0,8,1055.43,5.3,1,true,completed
CV_h8s6n1.txt,BBLCT,6,8,36,36,1200.0,0,0.0,4,11.1,9,1179.08,14.4,2176,true,completed
CV_h8s6n10.txt,BBLCT,6,8,36,36,1200.0,1,2.8,6,16.7,9,1092.94,193.9,26252,true,completed
CV_h8s6n11.txt,BBLCT,6,8,36,36,1200.0,0,0.0,5,13.9,8,1011.46,2.1,1,true,completed
CV_h8s6n12.txt,BBLCT,6,8,36,36,1200.0,1,2.8,6,16.7,9,1124.19,3.6,167,true,completed
CV_h8s6n13.txt,BBLCT,6,8,36,36,1200.0,0,0.0,5,13.9,9,1005.50,9.5,1258,true,completed
CV_h8s6n14.txt,BBLCT,6,8,36,36,1200.0,0,0.0,5,13.9,6,712.11,2.9,89,true,completed
CV_h8s6n15.txt,BBLCT,6,8,36,36,1200.0,0,0.0,1,2.8,4,492.38,1702.6,649927,true,completed
CV_h8s6n16.txt,BBLCT,6,8,36,36,1200.0,0,0.0,3,8.3,8,1054.22,2.1,1,true,completed
CV_h8s6n17.txt,BBLCT,6,8,36,36,1200.0,0,0.0,3,8.3,8,1020.76,3.6,227,true,completed
CV_h8s6n18.txt,BBLCT,6,8,36,36,1200.0,1,2.8,4,11.1,7,942.09,2.2,1,true,completed
CV_h8s6n19.txt,BBLCT,6,8,36,36,1200.0,0,0.0,5,13.9,9,1139.84,12.8,1968,true,completed
CV_h8s6n2.txt,BBLCT,6,8,36,36,1200.0,0,0.0,2,5.6,6,717.51,5444.2,1439905,true,completed
CV_h8s6n20.txt,BBLCT,6,8,36,36,1200.0,0,0.0,4,11.1,9,1170.73,2.0,1,true,completed
CV_h8s6n21.txt,BBLCT,6,8,36,36,1200.0,0,0.0,6,16.7,9,1199.58,653.0,116263,true,completed
CV_h8s6n22.txt,BBLCT,6,8,36,36,1200.0,0,0.0,4,11.1,9,1164.77,2.0,1,true,completed
CV_h8s6n23.txt,BBLCT,6,8,36,36,1200.0,1,2.8,6,16.7,9,1190.47,2.3,1,true,completed
CV_h8s6n24.txt,BBLCT,6,8,36,36,1200.0,0,0.0,1,2.8,5,656.05,1765.5,649905,true,completed
CV_h8s6n25.txt,BBLCT,6,8,36,36,1200.0,0,0.0,4,11.1,7,856.79,3264.5,725171,true,completed
CV_h8s6n26.txt,BBLCT,6,8,36,36,1200.0,0,0.0,1,2.8,4,492.38,1712.6,649927,true,completed
CV_h8s6n27.txt,BBLCT,6,8,36,36,1200.0,0,0.0,5,13.9,9,1146.00,2.0,1,true,completed
CV_h8s6n28.txt,BBLCT,6,8,36,36,1200.0,0,0.0,5,13.9,8,1036.80,5.9,443,true,completed
CV_h8s6n29.txt,BBLCT,6,8,36,36,1200.0,0,0.0,2,5.6,6,720.26,5259.7,1414468,true,completed
CV_h8s6n3.txt,BBLCT,6,8,36,36,1200.0,0,0.0,5,13.9,9,1190.77,62.0,11410,true,completed
CV_h8s6n30.txt,BBLCT,6,8,36,36,1200.0,0,0.0,3,8.3,7,869.47,2.2,1,true,completed
CV_h8s6n31.txt,BBLCT,6,8,36,36,1200.0,0,0.0,2,5.6,7,907.57,2.1,1,true,completed
CV_h8s6n32.txt,BBLCT,6,8,36,36,1200.0,0,0.0,6,16.7,9,1134.63,4.0,229,true,completed
CV_h8s6n33.txt,BBLCT,6,8,36,36,1200.0,0,0.0,6,16.7,10,1191.19,81.5,10324,true,completed
CV_h8s6n34.txt,BBLCT,6,8,36,36,1200.0,0,0.0,2,5.6,7,929.05,1.9,1,true,completed
CV_h8s6n35.txt,BBLCT,6,8,36,36,1200.0,1,2.8,4,11.1,8,1004.98,226.5,34522,true,completed
CV_h8s6n36.txt,BBLCT,6,8,36,36,1200.0,1,2.8,4,11.1,7,890.64,2.2,1,true,completed
CV_h8s6n37.txt,BBLCT,6,8,36,36,1200.0,1,2.8,3,8.3,8,988.52,2.1,1,true,completed
CV_h8s6n38.txt,BBLCT,6,8,36,36,1200.0,0,0.0,5,13.9,8,988.92,2.9,208,true,completed
CV_h8s6n39.txt,BBLCT,6,8,36,36,1200.0,0,0.0,3,8.3,7,823.99,314.8,68950,true,completed
CV_h8s6n4.txt,BBLCT,6,8,36,36,1200.0,0,0.0,2,5.6,8,963.52,1.8,1,true,completed
CV_h8s6n40.txt,BBLCT,6,8,36,36,1200.0,0,0.0,3,8.3,9,1191.51,2.5,120,true,completed
CV_h8s6n5.txt,BBLCT,6,8,36,36,1200.0,0,0.0,3,8.3,7,901.74,3.0,226,true,completed
CV_h8s6n6.txt,BBLCT,6,8,36,36,1200.0,1,2.8,3,8.3,9,1134.03,2.0,1,true,completed
CV_h8s6n7.txt,BBLCT,6,8,36,36,1200.0,0,0.0,2,5.6,4,445.23,1501.3,332989,true,completed
CV_h8s6n8.txt,BBLCT,6,8,36,36,1200.0,0,0.0,7,19.4,8,1045.50,2.2,1,true,completed
CV_h8s6n9.txt,BBLCT,6,8,36,36,1200.0,0,0.0,2,5.6,8,1023.71,9.5,1456,true,completed
EMM_h4s10f50c0n1.txt,BBLCT,10,4,20,5,600.0,0,0.0,3,15.0,5,542.34,2.0,91,true,completed
EMM_h4s10f50c0n10.txt,BBLCT,10,4,20,5,600.0,1,5.0,6,30.0,5,573.62,23.6,707,true,completed
EMM_h4s10f50c0n11.txt,BBLCT,10,4,20,5,600.0,0,0.0,3,15.0,5,586.24,0.3,1,true,completed
EMM_h4s10f50c0n12.txt,BBLCT,10,4,20,5,600.0,1,5.0,6,30.0,5,553.37,22.0,640,true,completed
EMM_h4s10f50c0n13.txt,BBLCT,10,4,20,5,600.0,1,5.0,6,30.0,5,511.63,41.2,1376,true,completed
EMM_h4s10f50c0n14.txt,BBLCT,10,4,20,5,600.0,1,5.0,7,35.0,5,545.71,0.3,1,true,completed
EMM_h4s10f50c0n15.txt,BBLCT,10,4,20,5,600.0,0,0.0,3,15.0,5,571.25,2.9,168,true,completed
EMM_h4s10f50c0n16.txt,BBLCT,10,4,20,5,600.0,0,0.0,5,25.0,5,592.16,26.8,958,true,completed
EMM_h4s10f50c0n17.txt,BBLCT,10,4,20,5,600.0,0,0.0,3,15.0,5,567.96,0.3,1,true,completed
EMM_h4s10f50c0n18.txt,BBLCT,10,4,20,5,600.0,0,0.0,3,15.0,5,575.17,0.5,1,true,completed
EMM_h4s10f50c0n19.txt,BBLCT,10,4,20,5,600.0,0,0.0,2,10.0,4,404.39,4744.0,210738,true,completed
EMM_h4s10f50c0n2.txt,BBLCT,10,4,20,5,600.0,0,0.0,3,15.0,4,412.53,2.6,143,true,completed
EMM_h4s10f50c0n20.txt,BBLCT,10,4,20,5,600.0,0,0.0,3,15.0,6,599.93,1834.1,107522,true,completed
EMM_h4s10f50c0n21.txt,BBLCT,10,4,20,5,600.0,0,0.0,6,30.0,5,537.72,13.2,437,true,completed
EMM_h4s10f50c0n22.txt,BBLCT,10,4,20,5,600.0,0,0.0,3,15.0,5,571.74,0.3,1,true,completed
EMM_h4s10f50c0n23.txt,BBLCT,10,4,20,5,600.0,1,5.0,10,50.0,5,531.34,3.2,83,true,completed
EMM_h4s10f50c0n24.txt,BBLCT,10,4,20,5,600.0,0,0.0,3,15.0,5,560.48,0.3,1,true,completed
EMM_h4s10f50c0n25.txt,BBLCT,10,4,20,5,600.0,1,5.0,6,30.0,6,598.48,73.2,2645,true,completed
EMM_h4s10f50c0n3.txt,BBLCT,10,4,20,5,600.0,0,0.0,6,30.0,5,522.22,6.4,185,true,completed
EMM_h4s10f50c0n4.txt,BBLCT,10,4,20,5,600.0,0,0.0,3,15.0,5,565.32,2.3,107,true,completed
EMM_h4s10f50c0n5.txt,BBLCT,10,4,20,5,600.0,1,5.0,4,20.0,6,592.39,1.4,49,true,completed
EMM_h4s10f50c0n6.txt,BBLCT,10,4,20,5,600.0,0,0.0,7,35.0,5,559.95,0.4,7,true,completed
EMM_h4s10f50c0n7.txt,BBLCT,10,4,20,5,600.0,2,10.0,7,35.0,5,571.87,0.3,1,true,completed
EMM_h4s10f50c0n8.txt,BBLCT,10,4,20,5,600.0,1,5.0,8,40.0,5,587.39,12.4,380,true,completed
EMM_h4s10f50c0n9.txt,BBLCT,10,4,20,5,600.0,1,5.0,7,35.0,5,544.07,1.1,36,true,completed
EMM_h4s10f50c1n1.txt,BBLCT,10,4,20,5,600.0,5,25.0,11,55.0,5,543.20,0.3,1,true,completed
EMM_h4s10f50c1n10.txt,BBLCT,10,4,20,5,600.0,2,10.0,7,35.0,5,523.36,0.3,1,true,completed
EMM_h4s10f50c1n11.txt,BBLCT,10,4,20,5,600.0,0,0.0,15,75.0,5,568.28,1.2,41,true,completed
EMM_h4s10f50c1n12.txt,BBLCT,10,4,20,5,600.0,2,10.0,20,100.0,5,532.21,0.3,1,true,completed
EMM_h4s10f50c1n13.txt,BBLCT,10,4,20,5,600.0,0,0.0,14,70.0,5,589.40,22.0,644,true,completed
EMM_h4s10f50c1n14.txt,BBLCT,10,4,20,5,600.0,2,10.0,20,100.0,5,599.87,3.1,226,true,completed
EMM_h4s10f50c1n15.txt,BBLCT,10,4,20,5,600.0,3,15.0,11,55.0,4,458.99,10.6,446,true,completed
EMM_h4s10f50c1n16.txt,BBLCT,10,4,20,5,600.0,2,10.0,15,75.0,5,567.86,1.0,33,true,completed
EMM_h4s10f50c1n17.txt,BBLCT,10,4,20,5,600.0,2,10.0,7,35.0,5,540.07,0.3,1,true,completed
EMM_h4s10f50c1n18.txt,BBLCT,10,4,20,5,600.0,2,10.0,7,35.0,5,557.06,9.2,621,true,completed
EMM_h4s10f50c1n19.txt,BBLCT,10,4,20,5,600.0,2,10.0,15,75.0,5,574.30,0.4,5,true,completed
EMM_h4s10f50c1n2.txt,BBLCT,10,4,20,5,600.0,2,10.0,11,55.0,5,563.18,2.7,141,true,completed
EMM_h4s10f50c1n20.txt,BBLCT,10,4,20,5,600.0,3,15.0,11,55.0,4,433.41,17.9,681,true,completed
EMM_h4s10f50c1n21.txt,BBLCT,10,4,20,5,600.0,0,0.0,6,30.0,4,402.18,234.3,8743,true,completed
EMM_h4s10f50c1n22.txt,BBLCT,10,4,20,5,600.0,3,15.0,11,55.0,5,514.18,32.2,856,true,completed
EMM_h4s10f50c1n23.txt,BBLCT,10,4,20,5,600.0,2,10.0,11,55.0,5,564.16,0.4,6,true,completed
EMM_h4s10f50c1n24.txt,BBLCT,10,4,20,5,600.0,2,10.0,20,100.0,5,540.00,0.2,1,true,completed
EMM_h4s10f50c1n25.txt,BBLCT,10,4,20,5,600.0,2,10.0,20,100.0,4,488.72,0.2,1,true,completed
EMM_h4s10f50c1n3.txt,BBLCT,10,4,20,5,600.0,2,10.0,20,100.0,5,539.84,0.3,1,true,completed
EMM_h4s10f50c1n4.txt,BBLCT,10,4,20,5,600.0,1,5.0,20,100.0,4,469.01,0.3,1,true,completed
EMM_h4s10f50c1n5.txt,BBLCT,10,4,20,5,600.0,1,5.0,11,55.0,6,599.85,1.4,65,true,completed
EMM_h4s10f50c1n6.txt,BBLCT,10,4,20,5,600.0,2,10.0,11,55.0,5,571.66,0.3,1,true,completed
EMM_h4s10f50c1n7.txt,BBLCT,10,4,20,5,600.0,2,10.0,7,35.0,5,573.23,0.3,1,true,completed
EMM_h4s10f50c1n8.txt,BBLCT,10,4,20,5,600.0,1,5.0,11,55.0,4,484.08,0.3,1,true,completed
EMM_h4s10f50c1n9.txt,BBLCT,10,4,20,5,600.0,3,15.0,10,50.0,4,418.29,65.1,1777,true,completed
EMM_h4s10f50c2n1.txt,BBLCT,10,4,20,5,600.0,3,15.0,20,100.0,5,548.86,0.3,1,true,completed
EMM_h4s10f50c2n10.txt,BBLCT,10,4,20,5,600.0,3,15.0,20,100.0,2,235.24,0.2,1,true,completed
EMM_h4s10f50c2n11.txt,BBLCT,10,4,20,5,600.0,3,15.0,20,100.0,1,111.75,0.2,1,true,completed
EMM_h4s10f50c2n12.txt,BBLCT,10,4,20,5,600.0,6,30.0,20,100.0,4,473.42,0.2,1,true,completed
EMM_h4s10f50c2n13.txt,BBLCT,10,4,20,5,600.0,2,10.0,20,100.0,4,439.83,0.2,1,true,completed
EMM_h4s10f50c2n14.txt,BBLCT,10,4,20,5,600.0,3,15.0,20,100.0,5,575.29,0.3,1,true,completed
EMM_h4s10f50c2n15.txt,BBLCT,10,4,20,5,600.0,7,35.0,20,100.0,1,132.29,0.2,1,true,completed
EMM_h4s10f50c2n16.txt,BBLCT,10,4,20,5,600.0,7,35.0,20,100.0,3,339.10,0.2,1,true,completed
EMM_h4s10f50c2n17.txt,BBLCT,10,4,20,5,600.0,6,30.0,20,100.0,4,457.21,0.2,1,true,completed
EMM_h4s10f50c2n18.txt,BBLCT,10,4,20,5,600.0,6,30.0,14,70.0,4,414.74,81.2,2217,true,completed
EMM_h4s10f50c2n19.txt,BBLCT,10,4,20,5,600.0,3,15.0,20,100.0,5,557.72,0.3,1,true,completed
EMM_h4s10f50c2n2.txt,BBLCT,10,4,20,5,600.0,7,35.0,20,100.0,5,585.52,0.2,1,true,completed
EMM_h4s10f50c2n20.txt,BBLCT,10,4,20,5,600.0,6,30.0,20,100.0,5,570.17,0.2,1,true,completed
EMM_h4s10f50c2n21.txt,BBLCT,10,4,20,5,600.0,5,25.0,20,100.0,5,576.52,0.2,1,true,completed
EMM_h4s10f50c2n22.txt,BBLCT,10,4,20,5,600.0,3,15.0,20,100.0,3,347.04,0.2,1,true,completed
EMM_h4s10f50c2n23.txt,BBLCT,10,4,20,5,600.0,3,15.0,20,100.0,1,88.71,0.2,1,true,completed
EMM_h4s10f50c2n24.txt,BBLCT,10,4,20,5,600.0,3,15.0,20,100.0,2,228.42,0.2,1,true,completed
EMM_h4s10f50c2n25.txt,BBLCT,10,4,20,5,600.0,11,55.0,20,100.0,1,113.07,0.2,1,true,completed
EMM_h4s10f50c2n3.txt,BBLCT,10,4,20,5,600.0,3,15.0,15,75.0,3,311.11,25.9,836,true,completed
EMM_h4s10f50c2n4.txt,BBLCT,10,4,20,5,600.0,7,35.0,20,100.0,3,388.06,0.2,1,true,completed
EMM_h4s10f50c2n5.txt,BBLCT,10,4,20,5,600.0,3,15.0,15,75.0,5,532.12,0.8,22,true,completed
EMM_h4s10f50c2n6.txt,BBLCT,10,4,20,5,600.0,11,55.0,20,100.0,2,238.79,0.2,1,true,completed
EMM_h4s10f50c2n7.txt,BBLCT,10,4,20,5,600.0,10,50.0,20,100.0,5,543.06,0.2,1,true,completed
EMM_h4s10f50c2n8.txt,BBLCT,10,4,20,5,600.0,3,15.0,20,100.0,2,238.37,0.2,1,true,completed
EMM_h4s10f50c2n9.txt,BBLCT,10,4,20,5,600.0,11,55.0,20,100.0,1,139.80,0.1,1,true,completed
EMM_h4s10f75c0n1.txt,BBLCT,10,4,30,8,600.0,0,0.0,3,10.0,6,572.97,0.5,1,true,completed
EMM_h4s10f75c0n10.txt,BBLCT,10,4,30,8,600.0,0,0.0,3,10.0,6,575.61,0.5,1,true,completed
EMM_h4s10f75c0n11.txt,BBLCT,10,4,30,8,600.0,0,0.0,3,10.0,6,589.42,0.4,1,true,completed
EMM_h4s10f75c0n12.txt,BBLCT,10,4,30,8,600.0,0,0.0,3,10.0,6,571.33,0.4,1,true,completed
EMM_h4s10f75c0n13.txt,BBLCT,10,4,30,8,600.0,0,0.0,3,10.0,6,570.24,0.5,1,true,completed
EMM_h4s10f75c0n14.txt,BBLCT,10,4,30,8,600.0,0,0.0,3,10.0,6,574.19,0.4,1,true,completed
EMM_h4s10f75c0n15.txt,BBLCT,10,4,30,8,600.0,0,0.0,3,10.0,6,599.93,371.3,25391,true,completed
EMM_h4s10f75c0n16.txt,BBLCT,10,4,30,8,600.0,0,0.0,3,10.0,6,567.65,0.4,1,true,completed
EMM_h4s10f75c0n17.txt,BBLCT,10,4,30,8,600.0,0,0.0,3,10.0,6,597.25,500.1,37161,true,completed
EMM_h4s10f75c0n18.txt,BBLCT,10,4,30,8,600.0,0,0.0,3,10.0,6,595.25,0.4,1,true,completed
EMM_h4s10f75c0n19.txt,BBLCT,10,4,30,8,600.0,0,0.0,3,10.0,6,593.35,161.2,11574,true,completed
EMM_h4s10f75c0n2.txt,BBLCT,10,4,30,8,600.0,0,0.0,3,10.0,6,575.18,0.5,1,true,completed
EMM_h4s10f75c0n20.txt,BBLCT,10,4,30,8,600.0,0,0.0,3,10.0,6,568.87,0.5,1,true,completed
EMM_h4s10f75c0n21.txt,BBLCT,10,4,30,8,600.0,0,0.0,3,10.0,6,593.35,166.5,11580,true,completed
EMM_h4s10f75c0n22.txt,BBLCT,10,4,30,8,600.0,0,0.0,3,10.0,6,580.59,0.5,1,true,completed
EMM_h4s10f75c0n23.txt,BBLCT,10,4,30,8,600.0,0,0.0,3,10.0,6,592.20,0.5,1,true,completed
EMM_h4s10f75c0n24.txt,BBLCT,10,4,30,8,600.0,0,0.0,3,10.0,6,576.61,4.3,199,true,completed
EMM_h4s10f75c0n25.txt,BBLCT,10,4,30,8,600.0,0,0.0,3,10.0,6,578.25,0.4,1,true,completed
EMM_h4s10f75c0n3.txt,BBLCT,10,4,30,8,600.0,0,0.0,3,10.0,6,590.63,0.5,1,true,completed
EMM_h4s10f75c0n4.txt,BBLCT,10,4,30,8,600.0,0,0.0,3,10.0,6,575.61,0.5,1,true,completed
EMM_h4s10f75c0n5.txt,BBLCT,10,4,30,8,600.0,0,0.0,3,10.0,6,575.30,0.5,1,true,completed
EMM_h4s10f75c0n6.txt,BBLCT,10,4,30,8,600.0,0,0.0,3,10.0,6,572.97,0.4,1,true,completed
EMM_h4s10f75c0n7.txt,BBLCT,10,4,30,8,600.0,0,0.0,3,10.0,6,599.42,11.0,673,true,completed
EMM_h4s10f75c0n8.txt,BBLCT,10,4,30,8,600.0,0,0.0,3,10.0,6,589.48,0.5,1,true,completed
EMM_h4s10f75c0n9.txt,BBLCT,10,4,30,8,600.0,0,0.0,3,10.0,6,577.62,0.5,1,true,completed
EMM_h4s10f75c1n1.txt,BBLCT,10,4,30,8,600.0,1,3.3,10,33.3,6,548.98,1.0,25,true,completed
EMM_h4s10f75c1n10.txt,BBLCT,10,4,30,8,600.0,1,3.3,7,23.3,5,538.16,0.4,1,true,completed
EMM_h4s10f75c1n11.txt,BBLCT,10,4,30,8,600.0,2,6.7,7,23.3,6,582.53,0.4,1,true,completed
EMM_h4s10f75c1n12.txt,BBLCT,10,4,30,8,600.0,2,6.7,4,13.3,5,575.71,61.8,2137,true,completed
EMM_h4s10f75c1n13.txt,BBLCT,10,4,30,8,600.0,0,0.0,3,10.0,5,499.40,0.4,1,true,completed
EMM_h4s10f75c1n14.txt,BBLCT,10,4,30,8,600.0,3,10.0,15,50.0,6,590.86,1.6,56,true,completed
EMM_h4s10f75c1n15.txt,BBLCT,10,4,30,8,600.0,1,3.3,7,23.3,5,535.37,0.3,1,true,completed
EMM_h4s10f75c1n16.txt,BBLCT,10,4,30,8,600.0,1,3.3,7,23.3,6,577.31,0.4,1,true,completed
EMM_h4s10f75c1n17.txt,BBLCT,10,4,30,8,600.0,1,3.3,6,20.0,4,391.52,73.4,3947,true,completed
EMM_h4s10f75c1n18.txt,BBLCT,10,4,30,8,600.0,0,0.0,7,23.3,6,552.80,0.4,1,true,completed
EMM_h4s10f75c1n19.txt,BBLCT,10,4,30,8,600.0,3,10.0,7,23.3,5,497.09,0.4,1,true,completed
EMM_h4s10f75c1n2.txt,BBLCT,10,4,30,8,600.0,1,3.3,3,10.0,5,505.44,0.4,1,true,completed
EMM_h4s10f75c1n20.txt,BBLCT,10,4,30,8,600.0,1,3.3,7,23.3,6,570.42,0.4,1,true,completed
EMM_h4s10f75c1n21.txt,BBLCT,10,4,30,8,600.0,2,6.7,13,43.3,6,596.79,6.6,223,true,completed
EMM_h4s10f75c1n22.txt,BBLCT,10,4,30,8,600.0,2,6.7,9,30.0,5,486.54,156.3,5993,true,completed
EMM_h4s10f75c1n23.txt,BBLCT,10,4,30,8,600.0,2,6.7,11,36.7,6,596.72,1.1,32,true,completed
EMM_h4s10f75c1n24.txt,BBLCT,10,4,30,8,600.0,1,3.3,13,43.3,6,599.73,29.5,1279,true,completed
EMM_h4s10f75c1n25.txt,BBLCT,10,4,30,8,600.0,1,3.3,12,40.0,6,589.85,26.6,1191,true,completed
EMM_h4s10f75c1n3.txt,BBLCT,10,4,30,8,600.0,1,3.3,7,23.3,6,547.01,0.5,4,true,completed
EMM_h4s10f75c1n4.txt,BBLCT,10,4,30,8,600.0,1,3.3,3,10.0,5,504.07,0.4,1,true,completed
EMM_h4s10f75c1n5.txt,BBLCT,10,4,30,8,600.0,0,0.0,6,20.0,6,561.80,0.4,1,true,completed
EMM_h4s10f75c1n6.txt,BBLCT,10,4,30,8,600.0,3,10.0,6,20.0,6,566.02,2.8,94,true,completed
EMM_h4s10f75c1n7.txt,BBLCT,10,4,30,8,600.0,2,6.7,7,23.3,6,584.24,0.4,1,true,completed
EMM_h4s10f75c1n8.txt,BBLCT,10,4,30,8,600.0,3,10.0,7,23.3,4,407.41,15.4,929,true,completed
EMM_h4s10f75c1n9.txt,BBLCT,10,4,30,8,600.0,1,3.3,9,30.0,6,583.37,8.1,276,true,completed
EMM_h4s10f75c2n1.txt,BBLCT,10,4,30,8,600.0,2,6.7,11,36.7,3,270.49,203.8,9646,true,completed
EMM_h4s10f75c2n10.txt,BBLCT,10,4,30,8,600.0,7,23.3,19,63.3,6,569.19,0.4,1,true,completed
EMM_h4s10f75c2n11.txt,BBLCT,10,4,30,8,600.0,3,10.0,30,100.0,3,290.37,0.3,1,true,completed
EMM_h4s10f75c2n12.txt,BBLCT,10,4,30,8,600.0,15,50.0,26,86.7,5,531.70,821.1,25560,true,completed
EMM_h4s10f75c2n13.txt,BBLCT,10,4,30,8,600.0,3,10.0,11,36.7,5,546.01,0.4,1,true,completed
EMM_h4s10f75c2n14.txt,BBLCT,10,4,30,8,600.0,0,0.0,10,33.3,5,505.68,11.1,338,true,completed
EMM_h4s10f75c2n15.txt,BBLCT,10,4,30,8,600.0,11,36.7,19,63.3,6,592.21,3.9,124,true,completed
EMM_h4s10f75c2n16.txt,BBLCT,10,4,30,8,600.0,3,10.0,11,36.7,5,517.15,0.7,12,true,completed
EMM_h4s10f75c2n17.txt,BBLCT,10,4,30,8,600.0,3,10.0,19,63.3,6,563.46,11.0,433,true,completed
EMM_h4s10f75c2n18.txt,BBLCT,10,4,30,8,600.0,3,10.0,19,63.3,5,542.66,0.4,1,true,completed
EMM_h4s10f75c2n19.txt,BBLCT,10,4,30,8,600.0,2,6.7,11,36.7,6,537.31,4.5,220,true,completed
EMM_h4s10f75c2n2.txt,BBLCT,10,4,30,8,600.0,3,10.0,18,60.0,6,596.00,6.6,223,true,completed
EMM_h4s10f75c2n20.txt,BBLCT,10,4,30,8,600.0,1,3.3,11,36.7,6,551.52,0.4,1,true,completed
EMM_h4s10f75c2n21.txt,BBLCT,10,4,30,8,600.0,3,10.0,11,36.7,4,337.55,3.7,147,true,completed
EMM_h4s10f75c2n22.txt,BBLCT,10,4,30,8,600.0,3,10.0,14,46.7,6,582.15,3.5,105,true,completed
EMM_h4s10f75c2n23.txt,BBLCT,10,4,30,8,600.0,2,6.7,23,76.7,5,546.57,0.4,1,true,completed
EMM_h4s10f75c2n24.txt,BBLCT,10,4,30,8,600.0,2,6.7,15,50.0,5,507.60,3.8,119,true,completed
EMM_h4s10f75c2n25.txt,BBLCT,10,4,30,8,600.0,3,10.0,15,50.0,4,450.99,44.8,1632,true,completed
EMM_h4s10f75c2n3.txt,BBLCT,10,4,30,8,600.0,4,13.3,15,50.0,6,548.07,1.4,45,true,completed
EMM_h4s10f75c2n4.txt,BBLCT,10,4,30,8,600.0,2,6.7,15,50.0,6,593.24,2.1,73,true,completed
EMM_h4s10f75c2n5.txt,BBLCT,10,4,30,8,600.0,3,10.0,26,86.7,5,463.57,14.3,628,true,completed
EMM_h4s10f75c2n6.txt,BBLCT,10,4,30,8,600.0,1,3.3,15,50.0,6,548.80,8.3,396,true,completed
EMM_h4s10f75c2n7.txt,BBLCT,10,4,30,8,600.0,1,3.3,19,63.3,6,579.27,0.4,1,true,completed
EMM_h4s10f75c2n8.txt,BBLCT,10,4,30,8,600.0,7,23.3,11,36.7,5,517.05,4.6,171,true,completed
EMM_h4s10f75c2n9.txt,BBLCT,10,4,30,8,600.0,2,6.7,19,63.3,5,508.77,0.4,1,true,completed
EMM_h4s4f50c0n1.txt,BBLCT,4,4,8,2,600.0,0,0.0,8,100.0,2,197.49,0.1,1,true,completed
EMM_h4s4f50c0n10.txt,BBLCT,4,4,8,2,600.0,2,25.0,8,100.0,1,98.92,0.2,1,true,completed
EMM_h4s4f50c0n11.txt,BBLCT,4,4,8,2,600.0,2,25.0,8,100.0,1,96.05,0.1,1,true,completed
EMM_h4s4f50c0n12.txt,BBLCT,4,4,8,2,600.0,2,25.0,8,100.0,1,103.90,0.1,1,true,completed
EMM_h4s4f50c0n13.txt,BBLCT,4,4,8,2,600.0,0,0.0,8,100.0,3,318.87,0.2,1,true,completed
EMM_h4s4f50c0n14.txt,BBLCT,4,4,8,2,600.0,0,0.0,8,100.0,4,422.66,0.1,1,true,completed
EMM_h4s4f50c0n15.txt,BBLCT,4,4,8,2,600.0,0,0.0,8,100.0,2,211.66,0.1,1,true,completed
EMM_h4s4f50c0n16.txt,BBLCT,4,4,8,2,600.0,2,25.0,8,100.0,4,444.65,0.2,1,true,completed
EMM_h4s4f50c0n17.txt,BBLCT,4,4,8,2,600.0,0,0.0,8,100.0,3,312.47,0.1,1,true,completed
EMM_h4s4f50c0n18.txt,BBLCT,4,4,8,2,600.0,3,37.5,8,100.0,2,207.29,0.1,1,true,completed
EMM_h4s4f50c0n19.txt,BBLCT,4,4,8,2,600.0,1,12.5,8,100.0,3,314.01,0.1,1,true,completed
EMM_h4s4f50c0n2.txt,BBLCT,4,4,8,2,600.0,1,12.5,8,100.0,3,299.70,0.1,1,true,completed
EMM_h4s4f50c0n20.txt,BBLCT,4,4,8,2,600.0,2,25.0,8,100.0,1,113.24,0.2,1,true,completed
EMM_h4s4f50c0n21.txt,BBLCT,4,4,8,2,600.0,2,25.0,8,100.0,2,214.06,0.1,1,true,completed
EMM_h4s4f50c0n22.txt,BBLCT,4,4,8,2,600.0,1,12.5,8,100.0,3,313.72,0.1,1,true,completed
EMM_h4s4f50c0n23.txt,BBLCT,4,4,8,2,600.0,0,0.0,8,100.0,3,313.89,0.1,1,true,completed
EMM_h4s4f50c0n24.txt,BBLCT,4,4,8,2,600.0,0,0.0,8,100.0,3,312.47,0.2,1,true,completed
EMM_h4s4f50c0n25.txt,BBLCT,4,4,8,2,600.0,1,12.5,8,100.0,3,301.03,0.1,1,true,completed
EMM_h4s4f50c0n3.txt,BBLCT,4,4,8,2,600.0,2,25.0,8,100.0,1,97.66,0.1,1,true,completed
EMM_h4s4f50c0n4.txt,BBLCT,4,4,8,2,600.0,1,12.5,8,100.0,3,297.06,0.1,1,true,completed
EMM_h4s4f50c0n5.txt,BBLCT,4,4,8,2,600.0,2,25.0,8,100.0,2,208.74,0.1,1,true,completed
EMM_h4s4f50c0n6.txt,BBLCT,4,4,8,2,600.0,0,0.0,8,100.0,3,312.47,0.1,1,true,completed
EMM_h4s4f50c0n7.txt,BBLCT,4,4,8,2,600.0,0,0.0,8,100.0,3,322.73,0.1,1,true,completed
EMM_h4s4f50c0n8.txt,BBLCT,4,4,8,2,600.0,0,0.0,8,100.0,4,422.66,0.1,1,true,completed
EMM_h4s4f50c0n9.txt,BBLCT,4,4,8,2,600.0,1,12.5,8,100.0,2,201.13,0.1,1,true,completed
EMM_h4s4f50c1n1.txt,BBLCT,4,4,8,2,600.0,2,25.0,8,100.0,3,310.28,0.2,1,true,completed
EMM_h4s4f50c1n10.txt,BBLCT,4,4,8,2,600.0,3,37.5,8,100.0,2,228.40,0.2,1,true,completed
EMM_h4s4f50c1n11.txt,BBLCT,4,4,8,2,600.0,1,12.5,8,100.0,3,298.85,0.2,1,true,completed
EMM_h4s4f50c1n12.txt,BBLCT,4,4,8,2,600.0,8,100.0,8,100.0,0,0.00,0.1,1,true,completed
EMM_h4s4f50c1n13.txt,BBLCT,4,4,8,2,600.0,8,100.0,8,100.0,0,0.00,0.1,1,true,completed
EMM_h4s4f50c1n14.txt,BBLCT,4,4,8,2,600.0,3,37.5,8,100.0,2,195.97,0.1,1,true,completed
EMM_h4s4f50c1n15.txt,BBLCT,4,4,8,2,600.0,1,12.5,8,100.0,4,438.08,0.2,1,true,completed
EMM_h4s4f50c1n16.txt,BBLCT,4,4,8,2,600.0,3,37.5,8,100.0,1,111.94,0.1,1,true,completed
EMM_h4s4f50c1n17.txt,BBLCT,4,4,8,2,600.0,3,37.5,8,100.0,2,235.09,0.1,1,true,completed
EMM_h4s4f50c1n18.txt,BBLCT,4,4,8,2,600.0,8,100.0,8,100.0,0,0.00,0.1,1,true,completed
EMM_h4s4f50c1n19.txt,BBLCT,4,4,8,2,600.0,3,37.5,8,100.0,1,110.43,0.1,1,true,completed
EMM_h4s4f50c1n2.txt,BBLCT,4,4,8,2,600.0,2,25.0,8,100.0,2,206.87,0.1,1,true,completed
EMM_h4s4f50c1n20.txt,BBLCT,4,4,8,2,600.0,3,37.5,8,100.0,2,204.04,0.1,1,true,completed
EMM_h4s4f50c1n21.txt,BBLCT,4,4,8,2,600.0,2,25.0,8,100.0,3,309.83,0.1,1,true,completed
EMM_h4s4f50c1n22.txt,BBLCT,4,4,8,2,600.0,3,37.5,8,100.0,3,304.99,0.2,1,true,completed
EMM_h4s4f50c1n23.txt,BBLCT,4,4,8,2,600.0,3,37.5,8,100.0,2,207.64,0.2,1,true,completed
EMM_h4s4f50c1n24.txt,BBLCT,4,4,8,2,600.0,2,25.0,8,100.0,3,318.83,0.2,1,true,completed
EMM_h4s4f50c1n25.txt,BBLCT,4,4,8,2,600.0,8,100.0,8,100.0,0,0.00,0.1,1,true,completed
EMM_h4s4f50c1n3.txt,BBLCT,4,4,8,2,600.0,3,37.5,8,100.0,3,310.20,0.1,1,true,completed
EMM_h4s4f50c1n4.txt,BBLCT,4,4,8,2,600.0,2,25.0,8,100.0,3,356.30,0.1,1,true,completed
EMM_h4s4f50c1n5.txt,BBLCT,4,4,8,2,600.0,1,12.5,8,100.0,3,306.48,0.2,1,true,completed
EMM_h4s4f50c1n6.txt,BBLCT,4,4,8,2,600.0,3,37.5,8,100.0,1,113.07,0.1,1,true,completed
EMM_h4s4f50c1n7.txt,BBLCT,4,4,8,2,600.0,3,37.5,8,100.0,1,109.17,0.1,1,true,completed
EMM_h4s4f50c1n8.txt,BBLCT,4,4,8,2,600.0,2,25.0,8,100.0,1,89.85,0.1,1,true,completed
EMM_h4s4f50c1n9.txt,BBLCT,4,4,8,2,600.0,3,37.5,8,100.0,3,310.28,0.2,1,true,completed
EMM_h4s4f50c2n1.txt,BBLCT,4,4,8,2,600.0,3,37.5,8,100.0,1,120.59,0.1,1,true,completed
EMM_h4s4f50c2n10.txt,BBLCT,4,4,8,2,600.0,3,37.5,8,100.0,1,123.38,0.1,1,true,completed
EMM_h4s4f50c2n11.txt,BBLCT,4,4,8,2,600.0,3,37.5,8,100.0,1,111.69,0.1,1,true,completed
EMM_h4s4f50c2n12.txt,BBLCT,4,4,8,2,600.0,3,37.5,8,100.0,1,125.98,0.1,1,true,completed
EMM_h4s4f50c2n13.txt,BBLCT,4,4,8,2,600.0,8,100.0,8,100.0,0,0.00,0.1,1,true,completed
EMM_h4s4f50c2n14.txt,BBLCT,4,4,8,2,600.0,8,100.0,8,100.0,0,0.00,0.1,1,true,completed
EMM_h4s4f50c2n15.txt,BBLCT,4,4,8,2,600.0,8,100.0,8,100.0,0,0.00,0.1,1,true,completed
EMM_h4s4f50c2n16.txt,BBLCT,4,4,8,2,600.0,8,100.0,8,100.0,0,0.00,0.1,1,true,completed
EMM_h4s4f50c2n17.txt,BBLCT,4,4,8,2,600.0,3,37.5,8,100.0,1,132.22,0.1,1,true,completed
EMM_h4s4f50c2n18.txt,BBLCT,4,4,8,2,600.0,8,100.0,8,100.0,0,0.00,0.1,1,true,completed
EMM_h4s4f50c2n19.txt,BBLCT,4,4,8,2,600.0,8,100.0,8,100.0,0,0.00,0.1,1,true,completed
EMM_h4s4f50c2n2.txt,BBLCT,4,4,8,2,600.0,3,37.5,8,100.0,3,296.97,0.2,1,true,completed
EMM_h4s4f50c2n20.txt,BBLCT,4,4,8,2,600.0,8,100.0,8,100.0,0,0.00,0.1,1,true,completed
EMM_h4s4f50c2n21.txt,BBLCT,4,4,8,2,600.0,8,100.0,8,100.0,0,0.00,0.1,1,true,completed
EMM_h4s4f50c2n22.txt,BBLCT,4,4,8,2,600.0,2,25.0,8,100.0,3,328.23,0.2,1,true,completed
EMM_h4s4f50c2n23.txt,BBLCT,4,4,8,2,600.0,8,100.0,8,100.0,0,0.00,0.1,1,true,completed
EMM_h4s4f50c2n24.txt,BBLCT,4,4,8,2,600.0,8,100.0,8,100.0,0,0.00,0.1,1,true,completed
EMM_h4s4f50c2n25.txt,BBLCT,4,4,8,2,600.0,3,37.5,8,100.0,2,214.23,0.2,1,true,completed
EMM_h4s4f50c2n3.txt,BBLCT,4,4,8,2,600.0,8,100.0,8,100.0,0,0.00,0.1,1,true,completed
EMM_h4s4f50c2n4.txt,BBLCT,4,4,8,2,600.0,8,100.0,8,100.0,0,0.00,0.1,1,true,completed
EMM_h4s4f50c2n5.txt,BBLCT,4,4,8,2,600.0,2,25.0,8,100.0,2,225.67,0.1,1,true,completed
EMM_h4s4f50c2n6.txt,BBLCT,4,4,8,2,600.0,3,37.5,8,100.0,2,215.49,0.2,1,true,completed
EMM_h4s4f50c2n7.txt,BBLCT,4,4,8,2,600.0,8,100.0,8,100.0,0,0.00,0.1,1,true,completed
EMM_h4s4f50c2n8.txt,BBLCT,4,4,8,2,600.0,3,37.5,8,100.0,2,238.36,0.2,1,true,completed
EMM_h4s4f50c2n9.txt,BBLCT,4,4,8,2,600.0,3,37.5,8,100.0,2,220.49,0.1,1,true,completed
EMM_h4s4f75c0n1.txt,BBLCT,4,4,12,3,600.0,0,0.0,1,8.3,2,188.12,1.6,1009,true,completed
EMM_h4s4f75c0n10.txt,BBLCT,4,4,12,3,600.0,0,0.0,1,8.3,2,188.12,1.6,1009,true,completed
EMM_h4s4f75c0n11.txt,BBLCT,4,4,12,3,600.0,0,0.0,1,8.3,2,188.12,1.6,1009,true,completed
EMM_h4s4f75c0n12.txt,BBLCT,4,4,12,3,600.0,0,0.0,1,8.3,2,188.12,1.6,1009,true,completed
EMM_h4s4f75c0n13.txt,BBLCT,4,4,12,3,600.0,0,0.0,1,8.3,2,188.12,1.6,1009,true,completed
EMM_h4s4f75c0n14.txt,BBLCT,4,4,12,3,600.0,0,0.0,1,8.3,2,188.12,1.6,1009,true,completed
EMM_h4s4f75c0n15.txt,BBLCT,4,4,12,3,600.0,0,0.0,1,8.3,2,188.12,1.6,1009,true,completed
EMM_h4s4f75c0n16.txt,BBLCT,4,4,12,3,600.0,0,0.0,1,8.3,2,188.12,1.6,1009,true,completed
EMM_h4s4f75c0n17.txt,BBLCT,4,4,12,3,600.0,0,0.0,1,8.3,2,188.12,1.6,1009,true,completed
EMM_h4s4f75c0n18.txt,BBLCT,4,4,12,3,600.0,0,0.0,1,8.3,2,188.12,1.6,1009,true,completed
EMM_h4s4f75c0n19.txt,BBLCT,4,4,12,3,600.0,0,0.0,1,8.3,2,188.12,1.6,1009,true,completed
EMM_h4s4f75c0n2.txt,BBLCT,4,4,12,3,600.0,0,0.0,1,8.3,2,188.12,1.6,1009,true,completed
EMM_h4s4f75c0n20.txt,BBLCT,4,4,12,3,600.0,0,0.0,1,8.3,2,188.12,1.6,1009,true,completed
EMM_h4s4f75c0n21.txt,BBLCT,4,4,12,3,600.0,0,0.0,1,8.3,2,188.12,1.6,1009,true,completed
EMM_h4s4f75c0n22.txt,BBLCT,4,4,12,3,600.0,0,0.0,1,8.3,2,188.12,1.6,1009,true,completed
EMM_h4s4f75c0n23.txt,BBLCT,4,4,12,3,600.0,0,0.0,1,8.3,2,188.12,1.6,1009,true,completed
EMM_h4s4f75c0n24.txt,BBLCT,4,4,12,3,600.0,0,0.0,1,8.3,2,188.12,1.6,1009,true,completed
EMM_h4s4f75c0n25.txt,BBLCT,4,4,12,3,600.0,0,0.0,1,8.3,2,188.12,1.9,1009,true,completed
EMM_h4s4f75c0n3.txt,BBLCT,4,4,12,3,600.0,0,0.0,1,8.3,2,188.12,1.6,1009,true,completed
EMM_h4s4f75c0n4.txt,BBLCT,4,4,12,3,600.0,0,0.0,1,8.3,2,188.12,1.6,1009,true,completed
EMM_h4s4f75c0n5.txt,BBLCT,4,4,12,3,600.0,0,0.0,1,8.3,2,188.12,1.6,1009,true,completed
EMM_h4s4f75c0n6.txt,BBLCT,4,4,12,3,600.0,0,0.0,1,8.3,2,188.12,1.6,1009,true,completed
EMM_h4s4f75c0n7.txt,BBLCT,4,4,12,3,600.0,0,0.0,1,8.3,2,188.12,1.6,1009,true,completed
EMM_h4s4f75c0n8.txt,BBLCT,4,4,12,3,600.0,0,0.0,1,8.3,2,188.12,1.6,1009,true,completed
EMM_h4s4f75c0n9.txt,BBLCT,4,4,12,3,600.0,0,0.0,1,8.3,2,188.12,1.6,1009,true,completed
EMM_h4s4f75c1n1.txt,BBLCT,4,4,12,3,600.0,2,16.7,7,58.3,3,279.00,0.3,23,true,completed
EMM_h4s4f75c1n10.txt,BBLCT,4,4,12,3,600.0,2,16.7,3,25.0,2,201.29,0.3,102,true,completed
EMM_h4s4f75c1n11.txt,BBLCT,4,4,12,3,600.0,2,16.7,12,100.0,4,375.30,0.2,1,true,completed
EMM_h4s4f75c1n12.txt,BBLCT,4,4,12,3,600.0,1,8.3,3,25.0,4,358.63,0.3,34,true,completed
EMM_h4s4f75c1n13.txt,BBLCT,4,4,12,3,600.0,5,41.7,7,58.3,1,74.36,0.5,176,true,completed
EMM_h4s4f75c1n14.txt,BBLCT,4,4,12,3,600.0,1,8.3,12,100.0,4,400.80,0.2,1,true,completed
EMM_h4s4f75c1n15.txt,BBLCT,4,4,12,3,600.0,1,8.3,7,58.3,6,583.64,0.2,14,true,completed
EMM_h4s4f75c1n16.txt,BBLCT,4,4,12,3,600.0,1,8.3,3,25.0,3,278.10,0.3,70,true,completed
EMM_h4s4f75c1n17.txt,BBLCT,4,4,12,3,600.0,0,0.0,12,100.0,6,565.60,0.2,1,true,completed
EMM_h4s4f75c1n18.txt,BBLCT,4,4,12,3,600.0,2,16.7,12,100.0,5,472.40,0.4,85,true,completed
EMM_h4s4f75c1n19.txt,BBLCT,4,4,12,3,600.0,1,8.3,12,100.0,6,589.11,0.2,1,true,completed
EMM_h4s4f75c1n2.txt,BBLCT,4,4,12,3,600.0,1,8.3,3,25.0,5,466.97,0.2,11,true,completed
EMM_h4s4f75c1n20.txt,BBLCT,4,4,12,3,600.0,2,16.7,12,100.0,5,531.37,0.2,1,true,completed
EMM_h4s4f75c1n21.txt,BBLCT,4,4,12,3,600.0,0,0.0,3,25.0,4,394.64,0.3,45,true,completed
EMM_h4s4f75c1n22.txt,BBLCT,4,4,12,3,600.0,1,8.3,12,100.0,1,88.71,0.1,1,true,completed
EMM_h4s4f75c1n23.txt,BBLCT,4,4,12,3,600.0,1,8.3,12,100.0,4,350.71,0.2,1,true,completed
EMM_h4s4f75c1n24.txt,BBLCT,4,4,12,3,600.0,1,8.3,12,100.0,6,574.32,0.2,1,true,completed
EMM_h4s4f75c1n25.txt,BBLCT,4,4,12,3,600.0,1,8.3,12,100.0,6,533.52,0.7,300,true,completed
EMM_h4s4f75c1n3.txt,BBLCT,4,4,12,3,600.0,2,16.7,12,100.0,5,509.72,0.2,1,true,completed
EMM_h4s4f75c1n4.txt,BBLCT,4,4,12,3,600.0,1,8.3,12,100.0,2,192.20,0.2,1,true,completed
EMM_h4s4f75c1n5.txt,BBLCT,4,4,12,3,600.0,2,16.7,7,58.3,5,465.87,0.3,59,true,completed
EMM_h4s4f75c1n6.txt,BBLCT,4,4,12,3,600.0,0,0.0,7,58.3,6,595.62,0.4,112,true,completed
EMM_h4s4f75c1n7.txt,BBLCT,4,4,12,3,600.0,3,25.0,7,58.3,2,176.57,0.3,63,true,completed
EMM_h4s4f75c1n8.txt,BBLCT,4,4,12,3,600.0,3,25.0,7,58.3,3,268.98,0.4,92,true,completed
EMM_h4s4f75c1n9.txt,BBLCT,4,4,12,3,600.0,0,0.0,3,25.0,5,449.75,0.2,14,true,completed
EMM_h4s4f75c2n1.txt,BBLCT,4,4,12,3,600.0,3,25.0,12,100.0,1,83.21,0.1,1,true,completed
EMM_h4s4f75c2n10.txt,BBLCT,4,4,12,3,600.0,3,25.0,12,100.0,4,373.54,0.2,1,true,completed
EMM_h4s4f75c2n11.txt,BBLCT,4,4,12,3,600.0,12,100.0,12,100.0,0,0.00,0.1,1,true,completed
EMM_h4s4f75c2n12.txt,BBLCT,4,4,12,3,600.0,3,25.0,12,100.0,1,78.22,0.1,1,true,completed
EMM_h4s4f75c2n13.txt,BBLCT,4,4,12,3,600.0,12,100.0,12,100.0,0,0.00,0.1,1,true,completed
EMM_h4s4f75c2n14.txt,BBLCT,4,4,12,3,600.0,3,25.0,7,58.3,6,590.13,0.3,29,true,completed
EMM_h4s4f75c2n15.txt,BBLCT,4,4,12,3,600.0,3,25.0,12,100.0,4,376.58,0.2,1,true,completed
EMM_h4s4f75c2n16.txt,BBLCT,4,4,12,3,600.0,12,100.0,12,100.0,0,0.00,0.1,1,true,completed
EMM_h4s4f75c2n17.txt,BBLCT,4,4,12,3,600.0,3,25.0,12,100.0,6,577.95,0.2,29,true,completed
EMM_h4s4f75c2n18.txt,BBLCT,4,4,12,3,600.0,7,58.3,12,100.0,4,373.50,0.2,1,true,completed
EMM_h4s4f75c2n19.txt,BBLCT,4,4,12,3,600.0,7,58.3,12,100.0,2,206.11,0.1,1,true,completed
EMM_h4s4f75c2n2.txt,BBLCT,4,4,12,3,600.0,12,100.0,12,100.0,0,0.00,0.1,1,true,completed
EMM_h4s4f75c2n20.txt,BBLCT,4,4,12,3,600.0,12,100.0,12,100.0,0,0.00,0.1,1,true,completed
EMM_h4s4f75c2n21.txt,BBLCT,4,4,12,3,600.0,3,25.0,12,100.0,1,77.00,0.2,1,true,completed
EMM_h4s4f75c2n22.txt,BBLCT,4,4,12,3,600.0,12,100.0,12,100.0,0,0.00,0.1,1,true,completed
EMM_h4s4f75c2n23.txt,BBLCT,4,4,12,3,600.0,12,100.0,12,100.0,0,0.00,0.1,1,true,completed
EMM_h4s4f75c2n24.txt,BBLCT,4,4,12,3,600.0,12,100.0,12,100.0,0,0.00,0.1,1,true,completed
EMM_h4s4f75c2n25.txt,BBLCT,4,4,12,3,600.0,3,25.0,12,100.0,2,194.68,0.2,1,true,completed
EMM_h4s4f75c2n3.txt,BBLCT,4,4,12,3,600.0,12,100.0,12,100.0,0,0.00,0.1,1,true,completed
EMM_h4s4f75c2n4.txt,BBLCT,4,4,12,3,600.0,3,25.0,12,100.0,6,581.44,0.2,1,true,completed
EMM_h4s4f75c2n5.txt,BBLCT,4,4,12,3,600.0,3,25.0,12,100.0,2,205.32,0.2,1,true,completed
EMM_h4s4f75c2n6.txt,BBLCT,4,4,12,3,600.0,12,100.0,12,100.0,0,0.00,0.1,1,true,completed
EMM_h4s4f75c2n7.txt,BBLCT,4,4,12,3,600.0,3,25.0,12,100.0,6,582.51,0.2,1,true,completed
EMM_h4s4f75c2n8.txt,BBLCT,4,4,12,3,600.0,2,16.7,12,100.0,4,357.19,0.2,1,true,completed
EMM_h4s4f75c2n9.txt,BBLCT,4,4,12,3,600.0,3,25.0,12,100.0,6,578.52,0.2,1,true,completed
EMM_h4s7f50c0n1.txt,BBLCT,7,4,14,4,600.0,1,7.1,3,21.4,4,407.08,1.9,256,true,completed
EMM_h4s7f50c0n10.txt,BBLCT,7,4,14,4,600.0,1,7.1,3,21.4,4,390.28,2.7,525,true,completed
EMM_h4s7f50c0n11.txt,BBLCT,7,4,14,4,600.0,1,7.1,7,50.0,4,438.50,0.4,15,true,completed
EMM_h4s7f50c0n12.txt,BBLCT,7,4,14,4,600.0,0,0.0,3,21.4,5,536.57,0.4,29,true,completed
EMM_h4s7f50c0n13.txt,BBLCT,7,4,14,4,600.0,1,7.1,7,50.0,5,585.31,0.2,1,true,completed
EMM_h4s7f50c0n14.txt,BBLCT,7,4,14,4,600.0,1,7.1,7,50.0,5,549.40,0.8,62,true,completed
EMM_h4s7f50c0n15.txt,BBLCT,7,4,14,4,600.0,2,14.3,7,50.0,5,542.93,0.2,1,true,completed
EMM_h4s7f50c0n16.txt,BBLCT,7,4,14,4,600.0,2,14.3,7,50.0,6,599.17,1.7,151,true,completed
EMM_h4s7f50c0n17.txt,BBLCT,7,4,14,4,600.0,0,0.0,7,50.0,5,559.92,1.4,162,true,completed
EMM_h4s7f50c0n18.txt,BBLCT,7,4,14,4,600.0,1,7.1,7,50.0,5,552.53,0.2,1,true,completed
EMM_h4s7f50c0n19.txt,BBLCT,7,4,14,4,600.0,1,7.1,7,50.0,5,563.63,0.2,1,true,completed
EMM_h4s7f50c0n2.txt,BBLCT,7,4,14,4,600.0,1,7.1,6,42.9,5,504.06,4.0,349,true,completed
EMM_h4s7f50c0n20.txt,BBLCT,7,4,14,4,600.0,0,0.0,7,50.0,5,580.73,0.2,1,true,completed
EMM_h4s7f50c0n21.txt,BBLCT,7,4,14,4,600.0,1,7.1,7,50.0,5,517.54,0.5,35,true,completed
EMM_h4s7f50c0n22.txt,BBLCT,7,4,14,4,600.0,1,7.1,3,21.4,4,408.43,1.3,139,true,completed
EMM_h4s7f50c0n23.txt,BBLCT,7,4,14,4,600.0,1,7.1,5,35.7,5,543.35,2.3,199,true,completed
EMM_h4s7f50c0n24.txt,BBLCT,7,4,14,4,600.0,0,0.0,7,50.0,5,536.47,0.8,59,true,completed
EMM_h4s7f50c0n25.txt,BBLCT,7,4,14,4,600.0,0,0.0,6,42.9,5,549.49,0.6,27,true,completed
EMM_h4s7f50c0n3.txt,BBLCT,7,4,14,4,600.0,1,7.1,7,50.0,5,545.76,0.6,41,true,completed
EMM_h4s7f50c0n4.txt,BBLCT,7,4,14,4,600.0,0,0.0,3,21.4,5,553.69,0.4,24,true,completed
EMM_h4s7f50c0n5.txt,BBLCT,7,4,14,4,600.0,0,0.0,7,50.0,5,532.25,0.9,71,true,completed
EMM_h4s7f50c0n6.txt,BBLCT,7,4,14,4,600.0,0,0.0,3,21.4,5,545.36,0.4,28,true,completed
EMM_h4s7f50c0n7.txt,BBLCT,7,4,14,4,600.0,1,7.1,6,42.9,5,513.50,2.6,189,true,completed
EMM_h4s7f50c0n8.txt,BBLCT,7,4,14,4,600.0,1,7.1,6,42.9,5,544.16,0.6,34,true,completed
EMM_h4s7f50c0n9.txt,BBLCT,7,4,14,4,600.0,1,7.1,7,50.0,4,436.89,0.3,4,true,completed
EMM_h4s7f50c1n1.txt,BBLCT,7,4,14,4,600.0,0,0.0,14,100.0,5,542.42,0.2,1,true,completed
EMM_h4s7f50c1n10.txt,BBLCT,7,4,14,4,600.0,2,14.3,14,100.0,4,439.24,0.2,1,true,completed
EMM_h4s7f50c1n11.txt,BBLCT,7,4,14,4,600.0,3,21.4,14,100.0,3,334.54,0.2,1,true,completed
EMM_h4s7f50c1n12.txt,BBLCT,7,4,14,4,600.0,1,7.1,14,100.0,4,400.25,0.2,1,true,completed
EMM_h4s7f50c1n13.txt,BBLCT,7,4,14,4,600.0,3,21.4,14,100.0,5,562.54,0.2,1,true,completed
EMM_h4s7f50c1n14.txt,BBLCT,7,4,14,4,600.0,3,21.4,14,100.0,4,431.09,0.2,1,true,completed
EMM_h4s7f50c1n15.txt,BBLCT,7,4,14,4,600.0,3,21.4,10,71.4,3,367.06,7.0,609,true,completed
EMM_h4s7f50c1n16.txt,BBLCT,7,4,14,4,600.0,2,14.3,14,100.0,4,477.14,0.2,1,true,completed
EMM_h4s7f50c1n17.txt,BBLCT,7,4,14,4,600.0,14,100.0,14,100.0,0,0.00,0.1,1,true,completed
EMM_h4s7f50c1n18.txt,BBLCT,7,4,14,4,600.0,3,21.4,14,100.0,2,209.25,0.2,1,true,completed
EMM_h4s7f50c1n19.txt,BBLCT,7,4,14,4,600.0,14,100.0,14,100.0,0,0.00,0.1,1,true,completed
EMM_h4s7f50c1n2.txt,BBLCT,7,4,14,4,600.0,3,21.4,14,100.0,4,458.31,0.2,1,true,completed
EMM_h4s7f50c1n20.txt,BBLCT,7,4,14,4,600.0,3,21.4,7,50.0,3,324.56,9.8,924,true,completed
EMM_h4s7f50c1n21.txt,BBLCT,7,4,14,4,600.0,1,7.1,14,100.0,3,329.09,0.4,1,true,completed
EMM_h4s7f50c1n22.txt,BBLCT,7,4,14,4,600.0,1,7.1,14,100.0,3,348.36,0.2,1,true,completed
EMM_h4s7f50c1n23.txt,BBLCT,7,4,14,4,600.0,3,21.4,10,71.4,3,304.29,3.3,275,true,completed
EMM_h4s7f50c1n24.txt,BBLCT,7,4,14,4,600.0,2,14.3,14,100.0,2,217.99,0.2,1,true,completed
EMM_h4s7f50c1n25.txt,BBLCT,7,4,14,4,600.0,1,7.1,14,100.0,5,557.37,0.2,1,true,completed
EMM_h4s7f50c1n3.txt,BBLCT,7,4,14,4,600.0,2,14.3,14,100.0,3,291.00,0.2,1,true,completed
EMM_h4s7f50c1n4.txt,BBLCT,7,4,14,4,600.0,1,7.1,7,50.0,5,506.01,3.4,436,true,completed
EMM_h4s7f50c1n5.txt,BBLCT,7,4,14,4,600.0,1,7.1,14,100.0,5,534.91,0.2,1,true,completed
EMM_h4s7f50c1n6.txt,BBLCT,7,4,14,4,600.0,3,21.4,14,100.0,1,123.37,0.1,1,true,completed
EMM_h4s7f50c1n7.txt,BBLCT,7,4,14,4,600.0,3,21.4,14,100.0,2,222.60,0.2,1,true,completed
EMM_h4s7f50c1n8.txt,BBLCT,7,4,14,4,600.0,2,14.3,14,100.0,2,211.77,0.2,1,true,completed
EMM_h4s7f50c1n9.txt,BBLCT,7,4,14,4,600.0,3,21.4,14,100.0,4,431.44,0.2,1,true,completed
EMM_h4s7f50c2n1.txt,BBLCT,7,4,14,4,600.0,7,50.0,14,100.0,2,216.83,0.2,1,true,completed
EMM_h4s7f50c2n10.txt,BBLCT,7,4,14,4,600.0,14,100.0,14,100.0,0,0.00,0.1,1,true,completed
EMM_h4s7f50c2n11.txt,BBLCT,7,4,14,4,600.0,7,50.0,14,100.0,1,118.20,0.1,1,true,completed
EMM_h4s7f50c2n12.txt,BBLCT,7,4,14,4,600.0,7,50.0,14,100.0,3,321.14,0.2,1,true,completed
EMM_h4s7f50c2n13.txt,BBLCT,7,4,14,4,600.0,3,21.4,14,100.0,5,540.89,0.2,1,true,completed
EMM_h4s7f50c2n14.txt,BBLCT,7,4,14,4,600.0,7,50.0,14,100.0,2,215.41,0.2,1,true,completed
EMM_h4s7f50c2n15.txt,BBLCT,7,4,14,4,600.0,14,100.0,14,100.0,0,0.00,0.1,1,true,completed
EMM_h4s7f50c2n16.txt,BBLCT,7,4,14,4,600.0,3,21.4,10,71.4,5,535.11,3.5,260,true,completed
EMM_h4s7f50c2n17.txt,BBLCT,7,4,14,4,600.0,3,21.4,14,100.0,5,535.80,0.2,1,true,completed
EMM_h4s7f50c2n18.txt,BBLCT,7,4,14,4,600.0,3,21.4,14,100.0,3,312.39,0.2,1,true,completed
EMM_h4s7f50c2n19.txt,BBLCT,7,4,14,4,600.0,7,50.0,14,100.0,2,216.83,0.2,1,true,completed
EMM_h4s7f50c2n2.txt,BBLCT,7,4,14,4,600.0,3,21.4,10,71.4,5,558.56,0.3,1,true,completed
EMM_h4s7f50c2n20.txt,BBLCT,7,4,14,4,600.0,14,100.0,14,100.0,0,0.00,0.1,1,true,completed
EMM_h4s7f50c2n21.txt,BBLCT,7,4,14,4,600.0,10,71.4,14,100.0,2,229.43,0.2,1,true,completed
EMM_h4s7f50c2n22.txt,BBLCT,7,4,14,4,600.0,7,50.0,14,100.0,5,554.70,0.2,1,true,completed
EMM_h4s7f50c2n23.txt,BBLCT,7,4,14,4,600.0,3,21.4,10,71.4,5,544.24,0.2,1,true,completed
EMM_h4s7f50c2n24.txt,BBLCT,7,4,14,4,600.0,14,100.0,14,100.0,0,0.00,0.1,1,true,completed
EMM_h4s7f50c2n25.txt,BBLCT,7,4,14,4,600.0,7,50.0,14,100.0,2,221.19,0.2,1,true,completed
EMM_h4s7f50c2n3.txt,BBLCT,7,4,14,4,600.0,3,21.4,14,100.0,2,218.80,0.2,1,true,completed
EMM_h4s7f50c2n4.txt,BBLCT,7,4,14,4,600.0,7,50.0,14,100.0,4,504.60,0.2,1,true,completed
EMM_h4s7f50c2n5.txt,BBLCT,7,4,14,4,600.0,7,50.0,14,100.0,1,110.43,0.1,1,true,completed
EMM_h4s7f50c2n6.txt,BBLCT,7,4,14,4,600.0,6,42.9,14,100.0,5,560.22,0.2,1,true,completed
EMM_h4s7f50c2n7.txt,BBLCT,7,4,14,4,600.0,2,14.3,10,71.4,4,407.08,2.9,233,true,completed
EMM_h4s7f50c2n8.txt,BBLCT,7,4,14,4,600.0,7,50.0,14,100.0,2,222.09,0.2,1,true,completed
EMM_h4s7f50c2n9.txt,BBLCT,7,4,14,4,600.0,3,21.4,14,100.0,3,333.75,0.2,1,true,completed
EMM_h4s7f75c0n1.txt,BBLCT,7,4,21,6,600.0,0,0.0,2,9.5,4,377.13,160.1,19311,true,completed
EMM_h4s7f75c0n10.txt,BBLCT,7,4,21,6,600.0,0,0.0,3,14.3,6,597.17,20.9,2773,true,completed
EMM_h4s7f75c0n11.txt,BBLCT,7,4,21,6,600.0,0,0.0,3,14.3,3,277.45,110.8,27173,true,completed
EMM_h4s7f75c0n12.txt,BBLCT,7,4,21,6,600.0,0,0.0,3,14.3,6,599.89,264.3,38003,true,completed
EMM_h4s7f75c0n13.txt,BBLCT,7,4,21,6,600.0,0,0.0,2,9.5,4,377.22,163.2,20557,true,completed
EMM_h4s7f75c0n14.txt,BBLCT,7,4,21,6,600.0,0,0.0,3,14.3,3,280.17,97.4,25762,true,completed
EMM_h4s7f75c0n15.txt,BBLCT,7,4,21,6,600.0,0,0.0,3,14.3,3,277.45,104.1,27244,true,completed
EMM_h4s7f75c0n16.txt,BBLCT,7,4,21,6,600.0,0,0.0,2,9.5,4,378.43,157.1,19884,true,completed
EMM_h4s7f75c0n17.txt,BBLCT,7,4,21,6,600.0,0,0.0,3,14.3,6,597.17,21.1,2796,true,completed
EMM_h4s7f75c0n18.txt,BBLCT,7,4,21,6,600.0,0,0.0,3,14.3,3,277.60,92.5,25053,true,completed
EMM_h4s7f75c0n19.txt,BBLCT,7,4,21,6,600.0,0,0.0,3,14.3,3,280.24,105.1,27265,true,completed
EMM_h4s7f75c0n2.txt,BBLCT,7,4,21,6,600.0,0,0.0,3,14.3,6,599.08,7.7,1020,true,completed
EMM_h4s7f75c0n20.txt,BBLCT,7,4,21,6,600.0,0,0.0,2,9.5,4,375.91,163.5,20450,true,completed
EMM_h4s7f75c0n21.txt,BBLCT,7,4,21,6,600.0,0,0.0,3,14.3,6,599.12,1.6,186,true,completed
EMM_h4s7f75c0n22.txt,BBLCT,7,4,21,6,600.0,0,0.0,2,9.5,3,278.87,1017.7,145629,true,completed
EMM_h4s7f75c0n23.txt,BBLCT,7,4,21,6,600.0,0,0.0,2,9.5,3,276.22,1063.5,151967,true,completed
EMM_h4s7f75c0n24.txt,BBLCT,7,4,21,6,600.0,0,0.0,2,9.5,4,378.43,154.3,19097,true,completed
EMM_h4s7f75c0n25.txt,BBLCT,7,4,21,6,600.0,0,0.0,2,9.5,4,377.22,146.0,18412,true,completed
EMM_h4s7f75c0n3.txt,BBLCT,7,4,21,6,600.0,0,0.0,2,9.5,3,278.87,1038.0,147004,true,completed
EMM_h4s7f75c0n4.txt,BBLCT,7,4,21,6,600.0,0,0.0,2,9.5,4,377.13,160.6,20449,true,completed
EMM_h4s7f75c0n5.txt,BBLCT,7,4,21,6,600.0,0,0.0,2,9.5,4,375.91,165.5,20290,true,completed
EMM_h4s7f75c0n6.txt,BBLCT,7,4,21,6,600.0,0,0.0,2,9.5,4,375.91,161.8,20156,true,completed
EMM_h4s7f75c0n7.txt,BBLCT,7,4,21,6,600.0,0,0.0,2,9.5,4,381.08,153.9,19449,true,completed
EMM_h4s7f75c0n8.txt,BBLCT,7,4,21,6,600.0,0,0.0,3,14.3,6,596.24,2.3,275,true,completed
EMM_h4s7f75c0n9.txt,BBLCT,7,4,21,6,600.0,0,0.0,3,14.3,3,277.45,98.4,25316,true,completed
EMM_h4s7f75c1n1.txt,BBLCT,7,4,21,6,600.0,1,4.8,10,47.6,6,592.18,8.5,814,true,completed
EMM_h4s7f75c1n10.txt,BBLCT,7,4,21,6,600.0,0,0.0,9,42.9,5,468.17,6.9,764,true,completed
EMM_h4s7f75c1n11.txt,BBLCT,7,4,21,6,600.0,2,9.5,7,33.3,6,596.73,3.5,402,true,completed
EMM_h4s7f75c1n12.txt,BBLCT,7,4,21,6,600.0,3,14.3,7,33.3,2,205.08,5.7,827,true,completed
EMM_h4s7f75c1n13.txt,BBLCT,7,4,21,6,600.0,1,4.8,7,33.3,5,431.06,8.4,1214,true,completed
EMM_h4s7f75c1n14.txt,BBLCT,7,4,21,6,600.0,1,4.8,3,14.3,3,263.84,1.0,146,true,completed
EMM_h4s7f75c1n15.txt,BBLCT,7,4,21,6,600.0,2,9.5,6,28.6,5,503.87,1.6,128,true,completed
EMM_h4s7f75c1n16.txt,BBLCT,7,4,21,6,600.0,1,4.8,17,81.0,6,572.63,0.3,1,true,completed
EMM_h4s7f75c1n17.txt,BBLCT,7,4,21,6,600.0,4,19.0,6,28.6,4,378.05,10.7,864,true,completed
EMM_h4s7f75c1n18.txt,BBLCT,7,4,21,6,600.0,1,4.8,3,14.3,3,278.15,3.0,618,true,completed
EMM_h4s7f75c1n19.txt,BBLCT,7,4,21,6,600.0,0,0.0,7,33.3,5,467.71,5.6,1034,true,completed
EMM_h4s7f75c1n2.txt,BBLCT,7,4,21,6,600.0,2,9.5,7,33.3,3,318.05,4.5,723,true,completed
EMM_h4s7f75c1n20.txt,BBLCT,7,4,21,6,600.0,3,14.3,6,28.6,5,509.25,10.6,824,true,completed
EMM_h4s7f75c1n21.txt,BBLCT,7,4,21,6,600.0,2,9.5,10,47.6,6,583.21,0.9,51,true,completed
EMM_h4s7f75c1n22.txt,BBLCT,7,4,21,6,600.0,1,4.8,7,33.3,6,563.16,1.3,131,true,completed
EMM_h4s7f75c1n23.txt,BBLCT,7,4,21,6,600.0,1,4.8,7,33.3,6,596.33,0.7,67,true,completed
EMM_h4s7f75c1n24.txt,BBLCT,7,4,21,6,600.0,3,14.3,7,33.3,6,579.14,1.2,109,true,completed
EMM_h4s7f75c1n25.txt,BBLCT,7,4,21,6,600.0,2,9.5,13,61.9,6,580.95,1.3,89,true,completed
EMM_h4s7f75c1n3.txt,BBLCT,7,4,21,6,600.0,0,0.0,3,14.3,4,350.24,9.3,1849,true,completed
EMM_h4s7f75c1n4.txt,BBLCT,7,4,21,6,600.0,2,9.5,7,33.3,6,546.35,0.3,1,true,completed
EMM_h4s7f75c1n5.txt,BBLCT,7,4,21,6,600.0,2,9.5,7,33.3,5,494.88,0.3,1,true,completed
EMM_h4s7f75c1n6.txt,BBLCT,7,4,21,6,600.0,1,4.8,3,14.3,3,298.54,7.2,1931,true,completed
EMM_h4s7f75c1n7.txt,BBLCT,7,4,21,6,600.0,3,14.3,7,33.3,6,593.68,1.1,104,true,completed
EMM_h4s7f75c1n8.txt,BBLCT,7,4,21,6,600.0,2,9.5,13,61.9,4,399.73,10.8,972,true,completed
EMM_h4s7f75c1n9.txt,BBLCT,7,4,21,6,600.0,3,14.3,10,47.6,6,533.27,5.8,457,true,completed
EMM_h4s7f75c2n1.txt,BBLCT,7,4,21,6,600.0,2,9.5,17,81.0,6,562.80,1.4,123,true,completed
EMM_h4s7f75c2n10.txt,BBLCT,7,4,21,6,600.0,7,33.3,21,100.0,2,187.87,0.2,1,true,completed
EMM_h4s7f75c2n11.txt,BBLCT,7,4,21,6,600.0,2,9.5,14,66.7,4,397.22,5.0,603,true,completed
EMM_h4s7f75c2n12.txt,BBLCT,7,4,21,6,600.0,7,33.3,21,100.0,5,545.53,0.2,1,true,completed
EMM_h4s7f75c2n13.txt,BBLCT,7,4,21,6,600.0,7,33.3,21,100.0,4,386.45,0.2,1,true,completed
EMM_h4s7f75c2n14.txt,BBLCT,7,4,21,6,600.0,3,14.3,14,66.7,6,587.20,0.3,1,true,completed
EMM_h4s7f75c2n15.txt,BBLCT,7,4,21,6,600.0,7,33.3,17,81.0,6,582.57,0.3,1,true,completed
EMM_h4s7f75c2n16.txt,BBLCT,7,4,21,6,600.0,14,66.7,21,100.0,5,518.87,0.2,1,true,completed
EMM_h4s7f75c2n17.txt,BBLCT,7,4,21,6,600.0,2,9.5,14,66.7,3,256.66,21.8,1982,true,completed
EMM_h4s7f75c2n18.txt,BBLCT,7,4,21,6,600.0,3,14.3,21,100.0,4,368.82,0.3,1,true,completed
EMM_h4s7f75c2n19.txt,BBLCT,7,4,21,6,600.0,11,52.4,21,100.0,3,331.96,0.2,1,true,completed
EMM_h4s7f75c2n2.txt,BBLCT,7,4,21,6,600.0,1,4.8,17,81.0,6,583.16,0.3,1,true,completed
EMM_h4s7f75c2n20.txt,BBLCT,7,4,21,6,600.0,2,9.5,17,81.0,6,588.09,0.3,3,true,completed
EMM_h4s7f75c2n21.txt,BBLCT,7,4,21,6,600.0,1,4.8,21,100.0,5,494.90,0.3,1,true,completed
EMM_h4s7f75c2n22.txt,BBLCT,7,4,21,6,600.0,3,14.3,17,81.0,6,589.91,0.3,1,true,completed
EMM_h4s7f75c2n23.txt,BBLCT,7,4,21,6,600.0,2,9.5,21,100.0,6,599.61,3.1,341,true,completed
EMM_h4s7f75c2n24.txt,BBLCT,7,4,21,6,600.0,2,9.5,14,66.7,3,282.59,12.7,1719,true,completed
EMM_h4s7f75c2n25.txt,BBLCT,7,4,21,6,600.0,2,9.5,11,52.4,6,569.60,0.3,1,true,completed
EMM_h4s7f75c2n3.txt,BBLCT,7,4,21,6,600.0,6,28.6,14,66.7,5,520.60,0.3,1,true,completed
EMM_h4s7f75c2n4.txt,BBLCT,7,4,21,6,600.0,2,9.5,14,66.7,5,505.62,0.8,79,true,completed
EMM_h4s7f75c2n5.txt,BBLCT,7,4,21,6,600.0,3,14.3,11,52.4,6,550.80,0.3,4,true,completed
EMM_h4s7f75c2n6.txt,BBLCT,7,4,21,6,600.0,7,33.3,21,100.0,5,489.14,0.2,1,true,completed
EMM_h4s7f75c2n7.txt,BBLCT,7,4,21,6,600.0,2,9.5,10,47.6,6,549.07,2.8,195,true,completed
EMM_h4s7f75c2n8.txt,BBLCT,7,4,21,6,600.0,7,33.3,21,100.0,1,101.56,0.1,1,true,completed
EMM_h4s7f75c2n9.txt,BBLCT,7,4,21,6,600.0,3,14.3,14,66.7,6,580.26,18.0,1474,true,completed
EMM_h4s10f50c0n1.txt,BBLCT,10,4,20,5,900.0,0,0.0,7,35.0,8,875.70,0.4,1,true,completed
EMM_h4s10f50c0n10.txt,BBLCT,10,4,20,5,900.0,1,5.0,11,55.0,8,858.75,13.5,629,true,completed
EMM_h4s10f50c0n11.txt,BBLCT,10,4,20,5,900.0,0,0.0,6,30.0,8,888.99,1849.4,103696,true,completed
EMM_h4s10f50c0n12.txt,BBLCT,10,4,20,5,900.0,1,5.0,7,35.0,7,766.28,1329.8,67840,true,completed
EMM_h4s10f50c0n13.txt,BBLCT,10,4,20,5,900.0,1,5.0,20,100.0,8,851.34,0.4,1,true,completed
EMM_h4s10f50c0n14.txt,BBLCT,10,4,20,5,900.0,1,5.0,20,100.0,7,770.29,0.4,1,true,completed
EMM_h4s10f50c0n15.txt,BBLCT,10,4,20,5,900.0,0,0.0,7,35.0,7,796.19,8.7,478,true,completed
EMM_h4s10f50c0n16.txt,BBLCT,10,4,20,5,900.0,0,0.0,7,35.0,8,898.90,9.5,437,true,completed
EMM_h4s10f50c0n17.txt,BBLCT,10,4,20,5,900.0,0,0.0,7,35.0,8,884.35,4.1,198,true,completed
EMM_h4s10f50c0n18.txt,BBLCT,10,4,20,5,900.0,0,0.0,11,55.0,8,886.64,4.6,205,true,completed
EMM_h4s10f50c0n19.txt,BBLCT,10,4,20,5,900.0,0,0.0,7,35.0,8,887.87,83.8,4311,true,completed
EMM_h4s10f50c0n2.txt,BBLCT,10,4,20,5,900.0,0,0.0,7,35.0,7,815.33,12.6,615,true,completed
EMM_h4s10f50c0n20.txt,BBLCT,10,4,20,5,900.0,0,0.0,6,30.0,8,804.81,11542.6,446742,true,completed
EMM_h4s10f50c0n21.txt,BBLCT,10,4,20,5,900.0,0,0.0,15,75.0,8,869.34,325.2,10531,true,completed
EMM_h4s10f50c0n22.txt,BBLCT,10,4,20,5,900.0,0,0.0,7,35.0,8,900.63,7.5,357,true,completed
EMM_h4s10f50c0n23.txt,BBLCT,10,4,20,5,900.0,1,5.0,11,55.0,8,866.49,3.8,151,true,completed
EMM_h4s10f50c0n24.txt,BBLCT,10,4,20,5,900.0,0,0.0,10,50.0,8,887.60,130.0,4370,true,completed
EMM_h4s10f50c0n25.txt,BBLCT,10,4,20,5,900.0,1,5.0,20,100.0,8,871.88,0.4,1,true,completed
EMM_h4s10f50c0n3.txt,BBLCT,10,4,20,5,900.0,0,0.0,11,55.0,8,899.83,147.6,5834,true,completed
EMM_h4s10f50c0n4.txt,BBLCT,10,4,20,5,900.0,0,0.0,7,35.0,8,888.92,4.1,177,true,completed
EMM_h4s10f50c0n5.txt,BBLCT,10,4,20,5,900.0,1,5.0,7,35.0,8,890.95,3.4,177,true,completed
EMM_h4s10f50c0n6.txt,BBLCT,10,4,20,5,900.0,0,0.0,11,55.0,8,892.78,6.1,243,true,completed
EMM_h4s10f50c0n7.txt,BBLCT,10,4,20,5,900.0,2,10.0,10,50.0,8,898.56,4212.3,137744,true,completed
EMM_h4s10f50c0n8.txt,BBLCT,10,4,20,5,900.0,1,5.0,20,100.0,7,775.87,0.4,1,true,completed
EMM_h4s10f50c0n9.txt,BBLCT,10,4,20,5,900.0,1,5.0,20,100.0,7,833.37,0.3,1,true,completed
EMM_h4s10f50c1n1.txt,BBLCT,10,4,20,5,900.0,5,25.0,20,100.0,7,775.82,0.4,1,true,completed
EMM_h4s10f50c1n10.txt,BBLCT,10,4,20,5,900.0,2,10.0,20,100.0,7,754.51,0.4,1,true,completed
EMM_h4s10f50c1n11.txt,BBLCT,10,4,20,5,900.0,0,0.0,20,100.0,7,775.86,0.3,1,true,completed
EMM_h4s10f50c1n12.txt,BBLCT,10,4,20,5,900.0,2,10.0,20,100.0,5,532.21,0.3,1,true,completed
EMM_h4s10f50c1n13.txt,BBLCT,10,4,20,5,900.0,0,0.0,20,100.0,6,688.85,0.3,1,true,completed
EMM_h4s10f50c1n14.txt,BBLCT,10,4,20,5,900.0,2,10.0,20,100.0,5,598.71,0.3,1,true,completed
EMM_h4s10f50c1n15.txt,BBLCT,10,4,20,5,900.0,3,15.0,20,100.0,6,700.50,0.3,1,true,completed
EMM_h4s10f50c1n16.txt,BBLCT,10,4,20,5,900.0,2,10.0,20,100.0,6,691.65,0.3,1,true,completed
EMM_h4s10f50c1n17.txt,BBLCT,10,4,20,5,900.0,2,10.0,20,100.0,7,766.63,0.3,1,true,completed
EMM_h4s10f50c1n18.txt,BBLCT,10,4,20,5,900.0,2,10.0,20,100.0,6,747.64,0.4,1,true,completed
EMM_h4s10f50c1n19.txt,BBLCT,10,4,20,5,900.0,2,10.0,20,100.0,6,697.39,0.3,1,true,completed
EMM_h4s10f50c1n2.txt,BBLCT,10,4,20,5,900.0,2,10.0,15,75.0,7,844.69,2.4,114,true,completed
EMM_h4s10f50c1n20.txt,BBLCT,10,4,20,5,900.0,3,15.0,20,100.0,6,725.41,0.3,1,true,completed
EMM_h4s10f50c1n21.txt,BBLCT,10,4,20,5,900.0,0,0.0,15,75.0,9,899.90,864.0,45239,true,completed
EMM_h4s10f50c1n22.txt,BBLCT,10,4,20,5,900.0,3,15.0,20,100.0,7,840.40,0.3,1,true,completed
EMM_h4s10f50c1n23.txt,BBLCT,10,4,20,5,900.0,2,10.0,15,75.0,6,685.29,4315.6,162051,true,completed
EMM_h4s10f50c1n24.txt,BBLCT,10,4,20,5,900.0,2,10.0,20,100.0,5,540.00,0.3,1,true,completed
EMM_h4s10f50c1n25.txt,BBLCT,10,4,20,5,900.0,2,10.0,20,100.0,4,488.72,0.2,1,true,completed
EMM_h4s10f50c1n3.txt,BBLCT,10,4,20,5,900.0,2,10.0,20,100.0,5,539.84,0.3,1,true,completed
EMM_h4s10f50c1n4.txt,BBLCT,10,4,20,5,900.0,1,5.0,20,100.0,4,469.01,0.2,1,true,completed
EMM_h4s10f50c1n5.txt,BBLCT,10,4,20,5,900.0,1,5.0,20,100.0,8,877.01,0.4,1,true,completed
EMM_h4s10f50c1n6.txt,BBLCT,10,4,20,5,900.0,2,10.0,15,75.0,7,807.94,22.2,1058,true,completed
EMM_h4s10f50c1n7.txt,BBLCT,10,4,20,5,900.0,2,10.0,20,100.0,8,873.12,1.2,212,true,completed
EMM_h4s10f50c1n8.txt,BBLCT,10,4,20,5,900.0,1,5.0,20,100.0,7,801.71,0.3,1,true,completed
EMM_h4s10f50c1n9.txt,BBLCT,10,4,20,5,900.0,3,15.0,11,55.0,6,620.26,3645.1,152872,true,completed
EMM_h4s10f50c2n1.txt,BBLCT,10,4,20,5,900.0,3,15.0,20,100.0,5,548.86,0.3,1,true,completed
EMM_h4s10f50c2n10.txt,BBLCT,10,4,20,5,900.0,3,15.0,20,100.0,2,235.24,0.2,1,true,completed
EMM_h4s10f50c2n11.txt,BBLCT,10,4,20,5,900.0,3,15.0,20,100.0,1,111.75,0.1,1,true,completed
EMM_h4s10f50c2n12.txt,BBLCT,10,4,20,5,900.0,6,30.0,20,100.0,4,473.42,0.2,1,true,completed
EMM_h4s10f50c2n13.txt,BBLCT,10,4,20,5,900.0,2,10.0,20,100.0,4,439.83,0.2,1,true,completed
EMM_h4s10f50c2n14.txt,BBLCT,10,4,20,5,900.0,3,15.0,20,100.0,5,575.29,0.3,1,true,completed
EMM_h4s10f50c2n15.txt,BBLCT,10,4,20,5,900.0,7,35.0,20,100.0,1,132.29,0.1,1,true,completed
EMM_h4s10f50c2n16.txt,BBLCT,10,4,20,5,900.0,7,35.0,20,100.0,3,339.10,0.2,1,true,completed
EMM_h4s10f50c2n17.txt,BBLCT,10,4,20,5,900.0,6,30.0,20,100.0,4,457.21,0.2,1,true,completed
EMM_h4s10f50c2n18.txt,BBLCT,10,4,20,5,900.0,6,30.0,20,100.0,8,867.89,1.0,199,true,completed
EMM_h4s10f50c2n19.txt,BBLCT,10,4,20,5,900.0,3,15.0,20,100.0,5,557.72,0.3,1,true,completed
EMM_h4s10f50c2n2.txt,BBLCT,10,4,20,5,900.0,7,35.0,20,100.0,5,585.52,0.3,1,true,completed
EMM_h4s10f50c2n20.txt,BBLCT,10,4,20,5,900.0,6,30.0,20,100.0,5,570.17,0.2,1,true,completed
EMM_h4s10f50c2n21.txt,BBLCT,10,4,20,5,900.0,5,25.0,20,100.0,5,576.52,0.3,1,true,completed
EMM_h4s10f50c2n22.txt,BBLCT,10,4,20,5,900.0,3,15.0,20,100.0,3,347.04,0.2,1,true,completed
EMM_h4s10f50c2n23.txt,BBLCT,10,4,20,5,900.0,3,15.0,20,100.0,1,88.71,0.2,1,true,completed
EMM_h4s10f50c2n24.txt,BBLCT,10,4,20,5,900.0,3,15.0,20,100.0,2,228.42,0.2,1,true,completed
EMM_h4s10f50c2n25.txt,BBLCT,10,4,20,5,900.0,11,55.0,20,100.0,1,113.07,0.2,1,true,completed
EMM_h4s10f50c2n3.txt,BBLCT,10,4,20,5,900.0,3,15.0,20,100.0,6,684.66,0.3,1,true,completed
EMM_h4s10f50c2n4.txt,BBLCT,10,4,20,5,900.0,7,35.0,20,100.0,3,388.06,0.2,1,true,completed
EMM_h4s10f50c2n5.txt,BBLCT,10,4,20,5,900.0,3,15.0,20,100.0,6,670.16,0.3,1,true,completed
EMM_h4s10f50c2n6.txt,BBLCT,10,4,20,5,900.0,11,55.0,20,100.0,2,238.79,0.2,1,true,completed
EMM_h4s10f50c2n7.txt,BBLCT,10,4,20,5,900.0,10,50.0,20,100.0,5,543.06,0.2,1,true,completed
EMM_h4s10f50c2n8.txt,BBLCT,10,4,20,5,900.0,3,15.0,20,100.0,2,238.37,0.2,1,true,completed
EMM_h4s10f50c2n9.txt,BBLCT,10,4,20,5,900.0,11,55.0,20,100.0,1,139.80,0.2,1,true,completed
EMM_h4s10f75c0n1.txt,BBLCT,10,4,30,8,900.0,0,0.0,3,10.0,6,570.18,627275.3,60372148,true,completed
EMM_h4s10f75c0n10.txt,BBLCT,10,4,30,8,900.0,0,0.0,3,10.0,6,566.19,608938.2,56492695,true,completed
EMM_h4s10f75c0n11.txt,BBLCT,10,4,30,8,900.0,0,0.0,3,10.0,6,575.91,519379.2,50983431,true,completed
EMM_h4s10f75c0n12.txt,BBLCT,10,4,30,8,900.0,0,0.0,3,10.0,6,563.71,783448.2,74358712,true,completed
EMM_h4s10f75c0n13.txt,BBLCT,10,4,30,8,900.0,0,0.0,3,10.0,6,566.19,607551.6,57702402,true,completed
EMM_h4s10f75c0n14.txt,BBLCT,10,4,30,8,900.0,0,0.0,3,10.0,6,564.97,571367.4,53055207,true,completed
EMM_h4s10f75c0n15.txt,BBLCT,10,4,30,8,900.0,0,0.0,3,10.0,6,594.72,311725.4,25994309,true,completed
EMM_h4s10f75c0n16.txt,BBLCT,10,4,30,8,900.0,0,0.0,3,10.0,6,565.01,696447.6,65879524,true,completed
EMM_h4s10f75c0n17.txt,BBLCT,10,4,30,8,900.0,0,0.0,3,10.0,6,592.20,311144.0,25994523,true,completed
EMM_h4s10f75c0n18.txt,BBLCT,10,4,30,8,900.0,0,0.0,3,10.0,6,566.19,735383.4,70543266,true,completed
EMM_h4s10f75c0n19.txt,BBLCT,10,4,30,8,900.0,0,0.0,3,10.0,6,583.45,404781.5,34961972,true,completed
EMM_h4s10f75c0n2.txt,BBLCT,10,4,30,8,900.0,0,0.0,3,10.0,6,573.88,680084.0,65914903,true,completed
EMM_h4s10f75c0n20.txt,BBLCT,10,4,30,8,900.0,0,0.0,3,10.0,6,566.23,681650.8,65986532,true,completed
EMM_h4s10f75c0n21.txt,BBLCT,10,4,30,8,900.0,0,0.0,3,10.0,6,583.45,412611.7,35563225,true,completed
EMM_h4s10f75c0n22.txt,BBLCT,10,4,30,8,900.0,0,0.0,3,10.0,6,564.97,724895.1,68539496,true,completed
EMM_h4s10f75c0n23.txt,BBLCT,10,4,30,8,900.0,0,0.0,3,10.0,6,574.60,568086.2,54465560,true,completed
EMM_h4s10f75c0n24.txt,BBLCT,10,4,30,8,900.0,0,0.0,3,10.0,6,564.92,632373.5,61567055,true,completed
EMM_h4s10f75c0n25.txt,BBLCT,10,4,30,8,900.0,0,0.0,3,10.0,6,568.87,686112.3,64428377,true,completed
EMM_h4s10f75c0n3.txt,BBLCT,10,4,30,8,900.0,0,0.0,3,10.0,6,571.40,663564.5,61067081,true,completed
EMM_h4s10f75c0n4.txt,BBLCT,10,4,30,8,900.0,0,0.0,3,10.0,6,566.19,599752.4,56035237,true,completed
EMM_h4s10f75c0n5.txt,BBLCT,10,4,30,8,900.0,0,0.0,3,10.0,6,566.19,652957.1,60512626,true,completed
EMM_h4s10f75c0n6.txt,BBLCT,10,4,30,8,900.0,0,0.0,3,10.0,6,570.18,641969.3,61536750,true,completed
EMM_h4s10f75c0n7.txt,BBLCT,10,4,30,8,900.0,0,0.0,3,10.0,6,583.74,376889.2,32592575,true,completed
EMM_h4s10f75c0n8.txt,BBLCT,10,4,30,8,900.0,0,0.0,3,10.0,6,573.99,741453.8,69064123,true,completed
EMM_h4s10f75c0n9.txt,BBLCT,10,4,30,8,900.0,0,0.0,3,10.0,6,574.69,648270.4,62912296,true,completed
EMM_h4s10f75c1n1.txt,BBLCT,10,4,30,8,900.0,1,3.3,11,36.7,8,862.74,1112.2,74213,true,completed
EMM_h4s10f75c1n10.txt,BBLCT,10,4,30,8,900.0,1,3.3,10,33.3,8,889.50,4418.0,178569,true,completed
EMM_h4s10f75c1n11.txt,BBLCT,10,4,30,8,900.0,2,6.7,14,46.7,9,882.58,723.4,23525,true,completed
EMM_h4s10f75c1n12.txt,BBLCT,10,4,30,8,900.0,2,6.7,6,20.0,8,888.98,35176.2,1314896,true,completed
EMM_h4s10f75c1n13.txt,BBLCT,10,4,30,8,900.0,0,0.0,7,23.3,9,889.54,4655.5,204124,true,completed
EMM_h4s10f75c1n14.txt,BBLCT,10,4,30,8,900.0,3,10.0,15,50.0,6,588.18,112488.0,5465905,true,completed
EMM_h4s10f75c1n15.txt,BBLCT,10,4,30,8,900.0,1,3.3,7,23.3,5,535.08,74858.1,4546495,true,completed
EMM_h4s10f75c1n16.txt,BBLCT,10,4,30,8,900.0,1,3.3,15,50.0,9,897.82,1947.7,78551,true,completed
EMM_h4s10f75c1n17.txt,BBLCT,10,4,30,8,900.0,1,3.3,7,23.3,6,605.25,2114.2,165414,true,completed
EMM_h4s10f75c1n18.txt,BBLCT,10,4,30,8,900.0,0,0.0,23,76.7,9,897.89,81.8,4279,true,completed
EMM_h4s10f75c1n19.txt,BBLCT,10,4,30,8,900.0,3,10.0,10,33.3,8,854.28,7853.4,265752,true,completed
EMM_h4s10f75c1n2.txt,BBLCT,10,4,30,8,900.0,1,3.3,7,23.3,9,881.23,5.6,348,true,completed
EMM_h4s10f75c1n20.txt,BBLCT,10,4,30,8,900.0,1,3.3,11,36.7,9,891.33,258.3,10065,true,completed
EMM_h4s10f75c1n21.txt,BBLCT,10,4,30,8,900.0,2,6.7,15,50.0,9,851.24,38.8,1532,true,completed
EMM_h4s10f75c1n22.txt,BBLCT,10,4,30,8,900.0,2,6.7,14,46.7,8,859.88,6839.3,251117,true,completed
EMM_h4s10f75c1n23.txt,BBLCT,10,4,30,8,900.0,2,6.7,18,60.0,9,897.23,129.6,4091,true,completed
EMM_h4s10f75c1n24.txt,BBLCT,10,4,30,8,900.0,1,3.3,14,46.7,7,673.27,7528.7,288872,true,completed
EMM_h4s10f75c1n25.txt,BBLCT,10,4,30,8,900.0,1,3.3,14,46.7,9,897.24,1031.2,35539,true,completed
EMM_h4s10f75c1n3.txt,BBLCT,10,4,30,8,900.0,1,3.3,11,36.7,9,895.47,823444.8,33099524,true,completed
EMM_h4s10f75c1n4.txt,BBLCT,10,4,30,8,900.0,1,3.3,7,23.3,8,851.43,237.8,19157,true,completed
EMM_h4s10f75c1n5.txt,BBLCT,10,4,30,8,900.0,0,0.0,7,23.3,9,876.75,10.1,530,true,completed
EMM_h4s10f75c1n6.txt,BBLCT,10,4,30,8,900.0,3,10.0,7,23.3,9,880.95,9796.2,362525,true,completed
EMM_h4s10f75c1n7.txt,BBLCT,10,4,30,8,900.0,2,6.7,9,30.0,8,812.90,19715.0,790240,true,completed
EMM_h4s10f75c1n8.txt,BBLCT,10,4,30,8,900.0,3,10.0,23,76.7,9,892.40,138.9,4690,true,completed
EMM_h4s10f75c1n9.txt,BBLCT,10,4,30,8,900.0,1,3.3,11,36.7,9,896.03,5.7,262,true,completed
EMM_h4s10f75c2n1.txt,BBLCT,10,4,30,8,900.0,2,6.7,19,63.3,6,619.30,17711.7,762778,true,completed
EMM_h4s10f75c2n10.txt,BBLCT,10,4,30,8,900.0,7,23.3,30,100.0,8,793.59,0.4,1,true,completed
EMM_h4s10f75c2n11.txt,BBLCT,10,4,30,8,900.0,3,10.0,30,100.0,3,290.37,0.2,1,true,completed
EMM_h4s10f75c2n12.txt,BBLCT,10,4,30,8,900.0,15,50.0,30,100.0,6,651.41,0.4,1,true,completed
EMM_h4s10f75c2n13.txt,BBLCT,10,4,30,8,900.0,3,10.0,15,50.0,8,851.49,225.6,8257,true,completed
EMM_h4s10f75c2n14.txt,BBLCT,10,4,30,8,900.0,0,0.0,11,36.7,7,699.05,7377.1,352591,true,completed
EMM_h4s10f75c2n15.txt,BBLCT,10,4,30,8,900.0,11,36.7,25,83.3,9,899.46,100476.0,3251932,true,completed
EMM_h4s10f75c2n16.txt,BBLCT,10,4,30,8,900.0,3,10.0,15,50.0,9,872.38,1974.5,53029,true,completed
EMM_h4s10f75c2n17.txt,BBLCT,10,4,30,8,900.0,3,10.0,23,76.7,8,882.71,6671.0,270699,true,completed
EMM_h4s10f75c2n18.txt,BBLCT,10,4,30,8,900.0,3,10.0,30,100.0,8,856.35,0.5,1,true,completed
EMM_h4s10f75c2n19.txt,BBLCT,10,4,30,8,900.0,2,6.7,19,63.3,9,893.77,5.9,289,true,completed
EMM_h4s10f75c2n2.txt,BBLCT,10,4,30,8,900.0,3,10.0,19,63.3,8,848.58,17.2,550,true,completed
EMM_h4s10f75c2n20.txt,BBLCT,10,4,30,8,900.0,1,3.3,26,86.7,9,867.24,73.4,2861,true,completed
EMM_h4s10f75c2n21.txt,BBLCT,10,4,30,8,900.0,3,10.0,15,50.0,8,821.16,17.0,696,true,completed
EMM_h4s10f75c2n22.txt,BBLCT,10,4,30,8,900.0,3,10.0,26,86.7,9,895.77,994.2,29464,true,completed
EMM_h4s10f75c2n23.txt,BBLCT,10,4,30,8,900.0,2,6.7,30,100.0,8,886.12,0.5,1,true,completed
EMM_h4s10f75c2n24.txt,BBLCT,10,4,30,8,900.0,2,6.7,30,100.0,7,761.00,0.5,1,true,completed
EMM_h4s10f75c2n25.txt,BBLCT,10,4,30,8,900.0,3,10.0,23,76.7,8,848.10,26.0,978,true,completed
EMM_h4s10f75c2n3.txt,BBLCT,10,4,30,8,900.0,4,13.3,18,60.0,7,635.44,478327.2,14004298,true,completed
EMM_h4s10f75c2n4.txt,BBLCT,10,4,30,8,900.0,2,6.7,15,50.0,6,562.22,249873.9,11351943,true,completed
EMM_h4s10f75c2n5.txt,BBLCT,10,4,30,8,900.0,3,10.0,30,100.0,7,744.95,0.5,1,true,completed
EMM_h4s10f75c2n6.txt,BBLCT,10,4,30,8,900.0,1,3.3,26,86.7,8,704.73,15642.6,614736,true,completed
EMM_h4s10f75c2n7.txt,BBLCT,10,4,30,8,900.0,1,3.3,23,76.7,9,893.68,9101.8,354227,true,completed
EMM_h4s10f75c2n8.txt,BBLCT,10,4,30,8,900.0,7,23.3,15,50.0,8,859.28,196.1,8124,true,completed
EMM_h4s10f75c2n9.txt,BBLCT,10,4,30,8,900.0,2,6.7,30,100.0,8,858.28,0.6,1,true,completed
EMM_h4s4f50c0n1.txt,BBLCT,4,4,8,2,900.0,0,0.0,8,100.0,2,197.49,0.1,1,true,completed
EMM_h4s4f50c0n10.txt,BBLCT,4,4,8,2,900.0,2,25.0,8,100.0,1,98.92,0.1,1,true,completed
EMM_h4s4f50c0n11.txt,BBLCT,4,4,8,2,900.0,2,25.0,8,100.0,1,96.05,0.1,1,true,completed
EMM_h4s4f50c0n12.txt,BBLCT,4,4,8,2,900.0,2,25.0,8,100.0,1,103.90,0.1,1,true,completed
EMM_h4s4f50c0n13.txt,BBLCT,4,4,8,2,900.0,0,0.0,8,100.0,3,318.87,0.1,1,true,completed
EMM_h4s4f50c0n14.txt,BBLCT,4,4,8,2,900.0,0,0.0,8,100.0,4,422.66,0.1,1,true,completed
EMM_h4s4f50c0n15.txt,BBLCT,4,4,8,2,900.0,0,0.0,8,100.0,2,211.66,0.1,1,true,completed
EMM_h4s4f50c0n16.txt,BBLCT,4,4,8,2,900.0,2,25.0,8,100.0,4,444.65,0.1,1,true,completed
EMM_h4s4f50c0n17.txt,BBLCT,4,4,8,2,900.0,0,0.0,8,100.0,3,312.47,0.1,1,true,completed
EMM_h4s4f50c0n18.txt,BBLCT,4,4,8,2,900.0,3,37.5,8,100.0,2,207.29,0.1,1,true,completed
EMM_h4s4f50c0n19.txt,BBLCT,4,4,8,2,900.0,1,12.5,8,100.0,3,314.01,0.1,1,true,completed
EMM_h4s4f50c0n2.txt,BBLCT,4,4,8,2,900.0,1,12.5,8,100.0,3,299.70,0.1,1,true,completed
EMM_h4s4f50c0n20.txt,BBLCT,4,4,8,2,900.0,2,25.0,8,100.0,1,113.24,0.1,1,true,completed
EMM_h4s4f50c0n21.txt,BBLCT,4,4,8,2,900.0,2,25.0,8,100.0,2,214.06,0.1,1,true,completed
EMM_h4s4f50c0n22.txt,BBLCT,4,4,8,2,900.0,1,12.5,8,100.0,3,313.72,0.1,1,true,completed
EMM_h4s4f50c0n23.txt,BBLCT,4,4,8,2,900.0,0,0.0,8,100.0,3,313.89,0.2,1,true,completed
EMM_h4s4f50c0n24.txt,BBLCT,4,4,8,2,900.0,0,0.0,8,100.0,3,312.47,0.1,1,true,completed
EMM_h4s4f50c0n25.txt,BBLCT,4,4,8,2,900.0,1,12.5,8,100.0,3,301.03,0.1,1,true,completed
EMM_h4s4f50c0n3.txt,BBLCT,4,4,8,2,900.0,2,25.0,8,100.0,1,97.66,0.1,1,true,completed
EMM_h4s4f50c0n4.txt,BBLCT,4,4,8,2,900.0,1,12.5,8,100.0,3,297.06,0.1,1,true,completed
EMM_h4s4f50c0n5.txt,BBLCT,4,4,8,2,900.0,2,25.0,8,100.0,2,208.74,0.1,1,true,completed
EMM_h4s4f50c0n6.txt,BBLCT,4,4,8,2,900.0,0,0.0,8,100.0,3,312.47,0.1,1,true,completed
EMM_h4s4f50c0n7.txt,BBLCT,4,4,8,2,900.0,0,0.0,8,100.0,3,322.73,0.1,1,true,completed
EMM_h4s4f50c0n8.txt,BBLCT,4,4,8,2,900.0,0,0.0,8,100.0,4,422.66,0.2,1,true,completed
EMM_h4s4f50c0n9.txt,BBLCT,4,4,8,2,900.0,1,12.5,8,100.0,2,201.13,0.1,1,true,completed
EMM_h4s4f50c1n1.txt,BBLCT,4,4,8,2,900.0,2,25.0,8,100.0,3,310.28,0.1,1,true,completed
EMM_h4s4f50c1n10.txt,BBLCT,4,4,8,2,900.0,3,37.5,8,100.0,2,228.40,0.1,1,true,completed
EMM_h4s4f50c1n11.txt,BBLCT,4,4,8,2,900.0,1,12.5,8,100.0,3,298.85,0.2,1,true,completed
EMM_h4s4f50c1n12.txt,BBLCT,4,4,8,2,900.0,8,100.0,8,100.0,0,0.00,0.1,1,true,completed
EMM_h4s4f50c1n13.txt,BBLCT,4,4,8,2,900.0,8,100.0,8,100.0,0,0.00,0.1,1,true,completed
EMM_h4s4f50c1n14.txt,BBLCT,4,4,8,2,900.0,3,37.5,8,100.0,2,195.97,0.1,1,true,completed
EMM_h4s4f50c1n15.txt,BBLCT,4,4,8,2,900.0,1,12.5,8,100.0,4,438.08,0.2,1,true,completed
EMM_h4s4f50c1n16.txt,BBLCT,4,4,8,2,900.0,3,37.5,8,100.0,1,111.94,0.1,1,true,completed
EMM_h4s4f50c1n17.txt,BBLCT,4,4,8,2,900.0,3,37.5,8,100.0,2,235.09,0.1,1,true,completed
EMM_h4s4f50c1n18.txt,BBLCT,4,4,8,2,900.0,8,100.0,8,100.0,0,0.00,0.1,1,true,completed
EMM_h4s4f50c1n19.txt,BBLCT,4,4,8,2,900.0,3,37.5,8,100.0,1,110.43,0.1,1,true,completed
EMM_h4s4f50c1n2.txt,BBLCT,4,4,8,2,900.0,2,25.0,8,100.0,2,206.87,0.1,1,true,completed
EMM_h4s4f50c1n20.txt,BBLCT,4,4,8,2,900.0,3,37.5,8,100.0,2,204.04,0.1,1,true,completed
EMM_h4s4f50c1n21.txt,BBLCT,4,4,8,2,900.0,2,25.0,8,100.0,3,309.83,0.1,1,true,completed
EMM_h4s4f50c1n22.txt,BBLCT,4,4,8,2,900.0,3,37.5,8,100.0,3,304.99,0.1,1,true,completed
EMM_h4s4f50c1n23.txt,BBLCT,4,4,8,2,900.0,3,37.5,8,100.0,2,207.64,0.2,1,true,completed
EMM_h4s4f50c1n24.txt,BBLCT,4,4,8,2,900.0,2,25.0,8,100.0,3,318.83,0.2,1,true,completed
EMM_h4s4f50c1n25.txt,BBLCT,4,4,8,2,900.0,8,100.0,8,100.0,0,0.00,0.1,1,true,completed
EMM_h4s4f50c1n3.txt,BBLCT,4,4,8,2,900.0,3,37.5,8,100.0,3,310.20,0.1,1,true,completed
EMM_h4s4f50c1n4.txt,BBLCT,4,4,8,2,900.0,2,25.0,8,100.0,3,356.30,0.2,1,true,completed
EMM_h4s4f50c1n5.txt,BBLCT,4,4,8,2,900.0,1,12.5,8,100.0,3,306.48,0.1,1,true,completed
EMM_h4s4f50c1n6.txt,BBLCT,4,4,8,2,900.0,3,37.5,8,100.0,1,113.07,0.1,1,true,completed
EMM_h4s4f50c1n7.txt,BBLCT,4,4,8,2,900.0,3,37.5,8,100.0,1,109.17,0.1,1,true,completed
EMM_h4s4f50c1n8.txt,BBLCT,4,4,8,2,900.0,2,25.0,8,100.0,1,89.85,0.1,1,true,completed
EMM_h4s4f50c1n9.txt,BBLCT,4,4,8,2,900.0,3,37.5,8,100.0,3,310.28,0.2,1,true,completed
EMM_h4s4f50c2n1.txt,BBLCT,4,4,8,2,900.0,3,37.5,8,100.0,1,120.59,0.1,1,true,completed
EMM_h4s4f50c2n10.txt,BBLCT,4,4,8,2,900.0,3,37.5,8,100.0,1,123.38,0.1,1,true,completed
EMM_h4s4f50c2n11.txt,BBLCT,4,4,8,2,900.0,3,37.5,8,100.0,1,111.69,0.1,1,true,completed
EMM_h4s4f50c2n12.txt,BBLCT,4,4,8,2,900.0,3,37.5,8,100.0,1,125.98,0.1,1,true,completed
EMM_h4s4f50c2n13.txt,BBLCT,4,4,8,2,900.0,8,100.0,8,100.0,0,0.00,0.1,1,true,completed
EMM_h4s4f50c2n14.txt,BBLCT,4,4,8,2,900.0,8,100.0,8,100.0,0,0.00,0.1,1,true,completed
EMM_h4s4f50c2n15.txt,BBLCT,4,4,8,2,900.0,8,100.0,8,100.0,0,0.00,0.1,1,true,completed
EMM_h4s4f50c2n16.txt,BBLCT,4,4,8,2,900.0,8,100.0,8,100.0,0,0.00,0.1,1,true,completed
EMM_h4s4f50c2n17.txt,BBLCT,4,4,8,2,900.0,3,37.5,8,100.0,1,132.22,0.1,1,true,completed
EMM_h4s4f50c2n18.txt,BBLCT,4,4,8,2,900.0,8,100.0,8,100.0,0,0.00,0.1,1,true,completed
EMM_h4s4f50c2n19.txt,BBLCT,4,4,8,2,900.0,8,100.0,8,100.0,0,0.00,0.1,1,true,completed
EMM_h4s4f50c2n2.txt,BBLCT,4,4,8,2,900.0,3,37.5,8,100.0,3,296.97,0.2,1,true,completed
EMM_h4s4f50c2n20.txt,BBLCT,4,4,8,2,900.0,8,100.0,8,100.0,0,0.00,0.1,1,true,completed
EMM_h4s4f50c2n21.txt,BBLCT,4,4,8,2,900.0,8,100.0,8,100.0,0,0.00,0.1,1,true,completed
EMM_h4s4f50c2n22.txt,BBLCT,4,4,8,2,900.0,2,25.0,8,100.0,3,328.23,0.2,1,true,completed
EMM_h4s4f50c2n23.txt,BBLCT,4,4,8,2,900.0,8,100.0,8,100.0,0,0.00,0.1,1,true,completed
EMM_h4s4f50c2n24.txt,BBLCT,4,4,8,2,900.0,8,100.0,8,100.0,0,0.00,0.1,1,true,completed
EMM_h4s4f50c2n25.txt,BBLCT,4,4,8,2,900.0,3,37.5,8,100.0,2,214.23,0.1,1,true,completed
EMM_h4s4f50c2n3.txt,BBLCT,4,4,8,2,900.0,8,100.0,8,100.0,0,0.00,0.1,1,true,completed
EMM_h4s4f50c2n4.txt,BBLCT,4,4,8,2,900.0,8,100.0,8,100.0,0,0.00,0.1,1,true,completed
EMM_h4s4f50c2n5.txt,BBLCT,4,4,8,2,900.0,2,25.0,8,100.0,2,225.67,0.1,1,true,completed
EMM_h4s4f50c2n6.txt,BBLCT,4,4,8,2,900.0,3,37.5,8,100.0,2,215.49,0.1,1,true,completed
EMM_h4s4f50c2n7.txt,BBLCT,4,4,8,2,900.0,8,100.0,8,100.0,0,0.00,0.1,1,true,completed
EMM_h4s4f50c2n8.txt,BBLCT,4,4,8,2,900.0,3,37.5,8,100.0,2,238.36,0.1,1,true,completed
EMM_h4s4f50c2n9.txt,BBLCT,4,4,8,2,900.0,3,37.5,8,100.0,2,220.49,0.1,1,true,completed
EMM_h4s4f75c0n1.txt,BBLCT,4,4,12,3,900.0,0,0.0,2,16.7,6,610.29,12.5,7591,true,completed
EMM_h4s4f75c0n10.txt,BBLCT,4,4,12,3,900.0,0,0.0,2,16.7,6,610.29,12.5,7591,true,completed
EMM_h4s4f75c0n11.txt,BBLCT,4,4,12,3,900.0,0,0.0,2,16.7,6,610.29,12.5,7591,true,completed
EMM_h4s4f75c0n12.txt,BBLCT,4,4,12,3,900.0,0,0.0,2,16.7,6,610.29,12.8,7591,true,completed
EMM_h4s4f75c0n13.txt,BBLCT,4,4,12,3,900.0,0,0.0,2,16.7,6,610.29,12.5,7591,true,completed
EMM_h4s4f75c0n14.txt,BBLCT,4,4,12,3,900.0,0,0.0,2,16.7,6,610.29,12.5,7591,true,completed
EMM_h4s4f75c0n15.txt,BBLCT,4,4,12,3,900.0,0,0.0,2,16.7,6,610.29,12.5,7591,true,completed
EMM_h4s4f75c0n16.txt,BBLCT,4,4,12,3,900.0,0,0.0,2,16.7,6,610.29,12.4,7591,true,completed
EMM_h4s4f75c0n17.txt,BBLCT,4,4,12,3,900.0,0,0.0,2,16.7,6,610.29,12.4,7591,true,completed
EMM_h4s4f75c0n18.txt,BBLCT,4,4,12,3,900.0,0,0.0,2,16.7,6,610.29,12.5,7591,true,completed
EMM_h4s4f75c0n19.txt,BBLCT,4,4,12,3,900.0,0,0.0,2,16.7,6,610.29,12.8,7591,true,completed
EMM_h4s4f75c0n2.txt,BBLCT,4,4,12,3,900.0,0,0.0,2,16.7,6,610.29,12.5,7591,true,completed
EMM_h4s4f75c0n20.txt,BBLCT,4,4,12,3,900.0,0,0.0,2,16.7,6,610.29,12.5,7591,true,completed
EMM_h4s4f75c0n21.txt,BBLCT,4,4,12,3,900.0,0,0.0,2,16.7,6,610.29,12.5,7591,true,completed
EMM_h4s4f75c0n22.txt,BBLCT,4,4,12,3,900.0,0,0.0,2,16.7,6,610.29,12.5,7591,true,completed
EMM_h4s4f75c0n23.txt,BBLCT,4,4,12,3,900.0,0,0.0,2,16.7,6,610.29,12.7,7591,true,completed
EMM_h4s4f75c0n24.txt,BBLCT,4,4,12,3,900.0,0,0.0,2,16.7,6,610.29,12.5,7591,true,completed
EMM_h4s4f75c0n25.txt,BBLCT,4,4,12,3,900.0,0,0.0,2,16.7,6,610.29,12.8,7591,true,completed
EMM_h4s4f75c0n3.txt,BBLCT,4,4,12,3,900.0,0,0.0,2,16.7,6,610.29,12.7,7591,true,completed
EMM_h4s4f75c0n4.txt,BBLCT,4,4,12,3,900.0,0,0.0,2,16.7,6,610.29,12.8,7591,true,completed
EMM_h4s4f75c0n5.txt,BBLCT,4,4,12,3,900.0,0,0.0,2,16.7,6,610.29,12.4,7591,true,completed
EMM_h4s4f75c0n6.txt,BBLCT,4,4,12,3,900.0,0,0.0,2,16.7,6,610.29,12.7,7591,true,completed
EMM_h4s4f75c0n7.txt,BBLCT,4,4,12,3,900.0,0,0.0,2,16.7,6,610.29,12.5,7591,true,completed
EMM_h4s4f75c0n8.txt,BBLCT,4,4,12,3,900.0,0,0.0,2,16.7,6,610.29,12.5,7591,true,completed
EMM_h4s4f75c0n9.txt,BBLCT,4,4,12,3,900.0,0,0.0,2,16.7,6,610.29,12.6,7591,true,completed
EMM_h4s4f75c1n1.txt,BBLCT,4,4,12,3,900.0,2,16.7,12,100.0,8,784.21,0.2,1,true,completed
EMM_h4s4f75c1n10.txt,BBLCT,4,4,12,3,900.0,2,16.7,12,100.0,8,781.91,0.2,1,true,completed
EMM_h4s4f75c1n11.txt,BBLCT,4,4,12,3,900.0,2,16.7,12,100.0,4,375.30,0.2,1,true,completed
EMM_h4s4f75c1n12.txt,BBLCT,4,4,12,3,900.0,1,8.3,12,100.0,8,779.40,0.2,1,true,completed
EMM_h4s4f75c1n13.txt,BBLCT,4,4,12,3,900.0,5,41.7,12,100.0,6,613.07,0.2,1,true,completed
EMM_h4s4f75c1n14.txt,BBLCT,4,4,12,3,900.0,1,8.3,12,100.0,4,400.80,0.2,1,true,completed
EMM_h4s4f75c1n15.txt,BBLCT,4,4,12,3,900.0,1,8.3,12,100.0,9,886.96,4.6,2986,true,completed
EMM_h4s4f75c1n16.txt,BBLCT,4,4,12,3,900.0,1,8.3,12,100.0,8,761.80,0.2,1,true,completed
EMM_h4s4f75c1n17.txt,BBLCT,4,4,12,3,900.0,0,0.0,12,100.0,6,565.60,0.2,1,true,completed
EMM_h4s4f75c1n18.txt,BBLCT,4,4,12,3,900.0,2,16.7,12,100.0,8,772.75,0.2,1,true,completed
EMM_h4s4f75c1n19.txt,BBLCT,4,4,12,3,900.0,1,8.3,12,100.0,6,589.11,0.2,1,true,completed
EMM_h4s4f75c1n2.txt,BBLCT,4,4,12,3,900.0,1,8.3,12,100.0,9,867.54,1.6,667,true,completed
EMM_h4s4f75c1n20.txt,BBLCT,4,4,12,3,900.0,2,16.7,12,100.0,5,531.37,0.2,1,true,completed
EMM_h4s4f75c1n21.txt,BBLCT,4,4,12,3,900.0,0,0.0,12,100.0,9,841.77,0.2,1,true,completed
EMM_h4s4f75c1n22.txt,BBLCT,4,4,12,3,900.0,1,8.3,12,100.0,1,88.71,0.1,1,true,completed
EMM_h4s4f75c1n23.txt,BBLCT,4,4,12,3,900.0,1,8.3,12,100.0,4,350.71,0.2,1,true,completed
EMM_h4s4f75c1n24.txt,BBLCT,4,4,12,3,900.0,1,8.3,12,100.0,6,574.32,0.2,1,true,completed
EMM_h4s4f75c1n25.txt,BBLCT,4,4,12,3,900.0,1,8.3,12,100.0,8,770.61,0.2,1,true,completed
EMM_h4s4f75c1n3.txt,BBLCT,4,4,12,3,900.0,2,16.7,12,100.0,5,509.72,0.2,1,true,completed
EMM_h4s4f75c1n4.txt,BBLCT,4,4,12,3,900.0,1,8.3,12,100.0,2,192.20,0.1,1,true,completed
EMM_h4s4f75c1n5.txt,BBLCT,4,4,12,3,900.0,2,16.7,12,100.0,6,606.97,0.2,1,true,completed
EMM_h4s4f75c1n6.txt,BBLCT,4,4,12,3,900.0,0,0.0,12,100.0,8,785.59,0.2,1,true,completed
EMM_h4s4f75c1n7.txt,BBLCT,4,4,12,3,900.0,3,25.0,12,100.0,6,601.50,0.2,1,true,completed
EMM_h4s4f75c1n8.txt,BBLCT,4,4,12,3,900.0,3,25.0,12,100.0,8,784.35,0.2,1,true,completed
EMM_h4s4f75c1n9.txt,BBLCT,4,4,12,3,900.0,0,0.0,12,100.0,9,890.64,2.0,924,true,completed
EMM_h4s4f75c2n1.txt,BBLCT,4,4,12,3,900.0,3,25.0,12,100.0,1,83.21,0.1,1,true,completed
EMM_h4s4f75c2n10.txt,BBLCT,4,4,12,3,900.0,3,25.0,12,100.0,4,373.54,0.2,1,true,completed
EMM_h4s4f75c2n11.txt,BBLCT,4,4,12,3,900.0,12,100.0,12,100.0,0,0.00,0.1,1,true,completed
EMM_h4s4f75c2n12.txt,BBLCT,4,4,12,3,900.0,3,25.0,12,100.0,1,78.22,0.1,1,true,completed
EMM_h4s4f75c2n13.txt,BBLCT,4,4,12,3,900.0,12,100.0,12,100.0,0,0.00,0.1,1,true,completed
EMM_h4s4f75c2n14.txt,BBLCT,4,4,12,3,900.0,3,25.0,12,100.0,9,894.20,0.9,401,true,completed
EMM_h4s4f75c2n15.txt,BBLCT,4,4,12,3,900.0,3,25.0,12,100.0,4,376.58,0.2,1,true,completed
EMM_h4s4f75c2n16.txt,BBLCT,4,4,12,3,900.0,12,100.0,12,100.0,0,0.00,0.1,1,true,completed
EMM_h4s4f75c2n17.txt,BBLCT,4,4,12,3,900.0,3,25.0,12,100.0,9,798.59,0.2,48,true,completed
EMM_h4s4f75c2n18.txt,BBLCT,4,4,12,3,900.0,7,58.3,12,100.0,4,373.50,0.1,1,true,completed
EMM_h4s4f75c2n19.txt,BBLCT,4,4,12,3,900.0,7,58.3,12,100.0,2,206.11,0.1,1,true,completed
EMM_h4s4f75c2n2.txt,BBLCT,4,4,12,3,900.0,12,100.0,12,100.0,0,0.00,0.1,1,true,completed
EMM_h4s4f75c2n20.txt,BBLCT,4,4,12,3,900.0,12,100.0,12,100.0,0,0.00,0.1,1,true,completed
EMM_h4s4f75c2n21.txt,BBLCT,4,4,12,3,900.0,3,25.0,12,100.0,1,77.00,0.1,1,true,completed
EMM_h4s4f75c2n22.txt,BBLCT,4,4,12,3,900.0,12,100.0,12,100.0,0,0.00,0.1,1,true,completed
EMM_h4s4f75c2n23.txt,BBLCT,4,4,12,3,900.0,12,100.0,12,100.0,0,0.00,0.1,1,true,completed
EMM_h4s4f75c2n24.txt,BBLCT,4,4,12,3,900.0,12,100.0,12,100.0,0,0.00,0.1,1,true,completed
EMM_h4s4f75c2n25.txt,BBLCT,4,4,12,3,900.0,3,25.0,12,100.0,2,194.68,0.1,1,true,completed
EMM_h4s4f75c2n3.txt,BBLCT,4,4,12,3,900.0,12,100.0,12,100.0,0,0.00,0.1,1,true,completed
EMM_h4s4f75c2n4.txt,BBLCT,4,4,12,3,900.0,3,25.0,12,100.0,6,581.44,0.2,1,true,completed
EMM_h4s4f75c2n5.txt,BBLCT,4,4,12,3,900.0,3,25.0,12,100.0,2,205.32,0.2,1,true,completed
EMM_h4s4f75c2n6.txt,BBLCT,4,4,12,3,900.0,12,100.0,12,100.0,0,0.00,0.1,1,true,completed
EMM_h4s4f75c2n7.txt,BBLCT,4,4,12,3,900.0,3,25.0,12,100.0,6,582.51,0.2,1,true,completed
EMM_h4s4f75c2n8.txt,BBLCT,4,4,12,3,900.0,2,16.7,12,100.0,4,357.19,0.2,1,true,completed
EMM_h4s4f75c2n9.txt,BBLCT,4,4,12,3,900.0,3,25.0,12,100.0,6,578.52,0.2,1,true,completed
EMM_h4s7f50c0n1.txt,BBLCT,7,4,14,4,900.0,1,7.1,14,100.0,7,799.63,0.3,1,true,completed
EMM_h4s7f50c0n10.txt,BBLCT,7,4,14,4,900.0,1,7.1,7,50.0,8,899.13,16.3,2138,true,completed
EMM_h4s7f50c0n11.txt,BBLCT,7,4,14,4,900.0,1,7.1,14,100.0,7,808.79,0.3,1,true,completed
EMM_h4s7f50c0n12.txt,BBLCT,7,4,14,4,900.0,0,0.0,14,100.0,6,643.81,0.3,1,true,completed
EMM_h4s7f50c0n13.txt,BBLCT,7,4,14,4,900.0,1,7.1,7,50.0,5,565.60,522.9,60131,true,completed
EMM_h4s7f50c0n14.txt,BBLCT,7,4,14,4,900.0,1,7.1,14,100.0,8,898.76,9.0,817,true,completed
EMM_h4s7f50c0n15.txt,BBLCT,7,4,14,4,900.0,2,14.3,14,100.0,8,882.09,0.3,1,true,completed
EMM_h4s7f50c0n16.txt,BBLCT,7,4,14,4,900.0,2,14.3,14,100.0,7,817.61,0.3,1,true,completed
EMM_h4s7f50c0n17.txt,BBLCT,7,4,14,4,900.0,0,0.0,14,100.0,6,698.95,0.3,1,true,completed
EMM_h4s7f50c0n18.txt,BBLCT,7,4,14,4,900.0,1,7.1,14,100.0,8,898.15,0.9,174,true,completed
EMM_h4s7f50c0n19.txt,BBLCT,7,4,14,4,900.0,1,7.1,14,100.0,8,887.74,1.6,327,true,completed
EMM_h4s7f50c0n2.txt,BBLCT,7,4,14,4,900.0,1,7.1,14,100.0,8,899.55,1.0,188,true,completed
EMM_h4s7f50c0n20.txt,BBLCT,7,4,14,4,900.0,0,0.0,7,50.0,5,570.45,595.8,74458,true,completed
EMM_h4s7f50c0n21.txt,BBLCT,7,4,14,4,900.0,1,7.1,14,100.0,7,793.11,0.3,1,true,completed
EMM_h4s7f50c0n22.txt,BBLCT,7,4,14,4,900.0,1,7.1,14,100.0,7,778.65,0.3,1,true,completed
EMM_h4s7f50c0n23.txt,BBLCT,7,4,14,4,900.0,1,7.1,14,100.0,8,899.87,11.2,1515,true,completed
EMM_h4s7f50c0n24.txt,BBLCT,7,4,14,4,900.0,0,0.0,10,71.4,7,838.80,16.4,2000,true,completed
EMM_h4s7f50c0n25.txt,BBLCT,7,4,14,4,900.0,0,0.0,7,50.0,6,694.57,19.5,2545,true,completed
EMM_h4s7f50c0n3.txt,BBLCT,7,4,14,4,900.0,1,7.1,14,100.0,7,789.79,0.3,1,true,completed
EMM_h4s7f50c0n4.txt,BBLCT,7,4,14,4,900.0,0,0.0,14,100.0,8,880.34,0.3,1,true,completed
EMM_h4s7f50c0n5.txt,BBLCT,7,4,14,4,900.0,0,0.0,14,100.0,7,830.40,0.3,1,true,completed
EMM_h4s7f50c0n6.txt,BBLCT,7,4,14,4,900.0,0,0.0,14,100.0,8,898.63,2.7,453,true,completed
EMM_h4s7f50c0n7.txt,BBLCT,7,4,14,4,900.0,1,7.1,14,100.0,8,898.87,10.0,1438,true,completed
EMM_h4s7f50c0n8.txt,BBLCT,7,4,14,4,900.0,1,7.1,7,50.0,6,661.99,24.4,3198,true,completed
EMM_h4s7f50c0n9.txt,BBLCT,7,4,14,4,900.0,1,7.1,14,100.0,8,899.17,24.3,2587,true,completed
EMM_h4s7f50c1n1.txt,BBLCT,7,4,14,4,900.0,0,0.0,14,100.0,5,542.42,0.2,1,true,completed
EMM_h4s7f50c1n10.txt,BBLCT,7,4,14,4,900.0,2,14.3,14,100.0,4,439.24,0.2,1,true,completed
EMM_h4s7f50c1n11.txt,BBLCT,7,4,14,4,900.0,3,21.4,14,100.0,3,334.54,0.2,1,true,completed
EMM_h4s7f50c1n12.txt,BBLCT,7,4,14,4,900.0,1,7.1,14,100.0,4,400.25,0.2,1,true,completed
EMM_h4s7f50c1n13.txt,BBLCT,7,4,14,4,900.0,3,21.4,14,100.0,5,562.54,0.2,1,true,completed
EMM_h4s7f50c1n14.txt,BBLCT,7,4,14,4,900.0,3,21.4,14,100.0,4,431.09,0.2,1,true,completed
EMM_h4s7f50c1n15.txt,BBLCT,7,4,14,4,900.0,3,21.4,14,100.0,6,682.76,0.2,1,true,completed
EMM_h4s7f50c1n16.txt,BBLCT,7,4,14,4,900.0,2,14.3,14,100.0,4,477.14,0.2,1,true,completed
EMM_h4s7f50c1n17.txt,BBLCT,7,4,14,4,900.0,14,100.0,14,100.0,0,0.00,0.1,1,true,completed
EMM_h4s7f50c1n18.txt,BBLCT,7,4,14,4,900.0,3,21.4,14,100.0,2,209.25,0.2,1,true,completed
EMM_h4s7f50c1n19.txt,BBLCT,7,4,14,4,900.0,14,100.0,14,100.0,0,0.00,0.1,1,true,completed
EMM_h4s7f50c1n2.txt,BBLCT,7,4,14,4,900.0,3,21.4,14,100.0,4,458.31,0.2,1,true,completed
EMM_h4s7f50c1n20.txt,BBLCT,7,4,14,4,900.0,3,21.4,14,100.0,6,636.82,0.3,1,true,completed
EMM_h4s7f50c1n21.txt,BBLCT,7,4,14,4,900.0,1,7.1,14,100.0,3,329.09,0.2,1,true,completed
EMM_h4s7f50c1n22.txt,BBLCT,7,4,14,4,900.0,1,7.1,14,100.0,3,348.36,0.2,1,true,completed
EMM_h4s7f50c1n23.txt,BBLCT,7,4,14,4,900.0,3,21.4,14,100.0,7,780.74,0.3,1,true,completed
EMM_h4s7f50c1n24.txt,BBLCT,7,4,14,4,900.0,2,14.3,14,100.0,2,217.99,0.2,1,true,completed
EMM_h4s7f50c1n25.txt,BBLCT,7,4,14,4,900.0,1,7.1,14,100.0,5,557.37,0.2,1,true,completed
EMM_h4s7f50c1n3.txt,BBLCT,7,4,14,4,900.0,2,14.3,14,100.0,3,291.00,0.2,1,true,completed
EMM_h4s7f50c1n4.txt,BBLCT,7,4,14,4,900.0,1,7.1,14,100.0,6,639.72,0.2,1,true,completed
EMM_h4s7f50c1n5.txt,BBLCT,7,4,14,4,900.0,1,7.1,14,100.0,5,534.91,0.2,1,true,completed
EMM_h4s7f50c1n6.txt,BBLCT,7,4,14,4,900.0,3,21.4,14,100.0,1,123.37,0.1,1,true,completed
EMM_h4s7f50c1n7.txt,BBLCT,7,4,14,4,900.0,3,21.4,14,100.0,2,222.60,0.1,1,true,completed
EMM_h4s7f50c1n8.txt,BBLCT,7,4,14,4,900.0,2,14.3,14,100.0,2,211.77,0.2,1,true,completed
EMM_h4s7f50c1n9.txt,BBLCT,7,4,14,4,900.0,3,21.4,14,100.0,4,431.44,0.2,1,true,completed
EMM_h4s7f50c2n1.txt,BBLCT,7,4,14,4,900.0,7,50.0,14,100.0,2,216.83,0.2,1,true,completed
EMM_h4s7f50c2n10.txt,BBLCT,7,4,14,4,900.0,14,100.0,14,100.0,0,0.00,0.1,1,true,completed
EMM_h4s7f50c2n11.txt,BBLCT,7,4,14,4,900.0,7,50.0,14,100.0,1,118.20,0.2,1,true,completed
EMM_h4s7f50c2n12.txt,BBLCT,7,4,14,4,900.0,7,50.0,14,100.0,3,321.14,0.2,1,true,completed
EMM_h4s7f50c2n13.txt,BBLCT,7,4,14,4,900.0,3,21.4,14,100.0,5,540.89,0.2,1,true,completed
EMM_h4s7f50c2n14.txt,BBLCT,7,4,14,4,900.0,7,50.0,14,100.0,2,215.41,0.2,1,true,completed
EMM_h4s7f50c2n15.txt,BBLCT,7,4,14,4,900.0,14,100.0,14,100.0,0,0.00,0.1,1,true,completed
EMM_h4s7f50c2n16.txt,BBLCT,7,4,14,4,900.0,3,21.4,14,100.0,6,687.79,0.3,1,true,completed
EMM_h4s7f50c2n17.txt,BBLCT,7,4,14,4,900.0,3,21.4,14,100.0,5,535.80,0.2,1,true,completed
EMM_h4s7f50c2n18.txt,BBLCT,7,4,14,4,900.0,3,21.4,14,100.0,3,312.39,0.2,1,true,completed
EMM_h4s7f50c2n19.txt,BBLCT,7,4,14,4,900.0,7,50.0,14,100.0,2,216.83,0.2,1,true,completed
EMM_h4s7f50c2n2.txt,BBLCT,7,4,14,4,900.0,3,21.4,14,100.0,7,782.26,0.3,1,true,completed
EMM_h4s7f50c2n20.txt,BBLCT,7,4,14,4,900.0,14,100.0,14,100.0,0,0.00,0.1,1,true,completed
EMM_h4s7f50c2n21.txt,BBLCT,7,4,14,4,900.0,10,71.4,14,100.0,2,229.43,0.1,1,true,completed
EMM_h4s7f50c2n22.txt,BBLCT,7,4,14,4,900.0,7,50.0,14,100.0,5,554.70,0.2,1,true,completed
EMM_h4s7f50c2n23.txt,BBLCT,7,4,14,4,900.0,3,21.4,14,100.0,7,740.99,0.3,1,true,completed
EMM_h4s7f50c2n24.txt,BBLCT,7,4,14,4,900.0,14,100.0,14,100.0,0,0.00,0.1,1,true,completed
EMM_h4s7f50c2n25.txt,BBLCT,7,4,14,4,900.0,7,50.0,14,100.0,2,221.19,0.2,1,true,completed
EMM_h4s7f50c2n3.txt,BBLCT,7,4,14,4,900.0,3,21.4,14,100.0,2,218.80,0.2,1,true,completed
EMM_h4s7f50c2n4.txt,BBLCT,7,4,14,4,900.0,7,50.0,14,100.0,4,504.60,0.2,1,true,completed
EMM_h4s7f50c2n5.txt,BBLCT,7,4,14,4,900.0,7,50.0,14,100.0,1,110.43,0.1,1,true,completed
EMM_h4s7f50c2n6.txt,BBLCT,7,4,14,4,900.0,6,42.9,14,100.0,5,560.22,0.2,1,true,completed
EMM_h4s7f50c2n7.txt,BBLCT,7,4,14,4,900.0,2,14.3,14,100.0,6,630.79,0.3,1,true,completed
EMM_h4s7f50c2n8.txt,BBLCT,7,4,14,4,900.0,7,50.0,14,100.0,2,222.09,0.1,1,true,completed
EMM_h4s7f50c2n9.txt,BBLCT,7,4,14,4,900.0,3,21.4,14,100.0,3,333.75,0.2,1,true,completed
EMM_h4s7f75c0n1.txt,BBLCT,7,4,21,6,900.0,0,0.0,3,14.3,8,838.27,74.6,16235,true,completed
EMM_h4s7f75c0n10.txt,BBLCT,7,4,21,6,900.0,0,0.0,5,23.8,8,866.38,23.9,2544,true,completed
EMM_h4s7f75c0n11.txt,BBLCT,7,4,21,6,900.0,0,0.0,5,23.8,8,844.50,114.2,10828,true,completed
EMM_h4s7f75c0n12.txt,BBLCT,7,4,21,6,900.0,0,0.0,5,23.8,8,889.48,33.4,3918,true,completed
EMM_h4s7f75c0n13.txt,BBLCT,7,4,21,6,900.0,0,0.0,3,14.3,8,827.71,74.5,16384,true,completed
EMM_h4s7f75c0n14.txt,BBLCT,7,4,21,6,900.0,0,0.0,5,23.8,8,878.49,129.1,13051,true,completed
EMM_h4s7f75c0n15.txt,BBLCT,7,4,21,6,900.0,0,0.0,5,23.8,8,846.02,113.0,10894,true,completed
EMM_h4s7f75c0n16.txt,BBLCT,7,4,21,6,900.0,0,0.0,3,14.3,8,846.92,74.0,16065,true,completed
EMM_h4s7f75c0n17.txt,BBLCT,7,4,21,6,900.0,0,0.0,5,23.8,8,866.38,23.3,2518,true,completed
EMM_h4s7f75c0n18.txt,BBLCT,7,4,21,6,900.0,0,0.0,5,23.8,8,863.79,105.9,11193,true,completed
EMM_h4s7f75c0n19.txt,BBLCT,7,4,21,6,900.0,0,0.0,5,23.8,8,853.40,125.2,12220,true,completed
EMM_h4s7f75c0n2.txt,BBLCT,7,4,21,6,900.0,0,0.0,5,23.8,8,848.24,32.4,2643,true,completed
EMM_h4s7f75c0n20.txt,BBLCT,7,4,21,6,900.0,0,0.0,3,14.3,8,818.39,80.8,16518,true,completed
EMM_h4s7f75c0n21.txt,BBLCT,7,4,21,6,900.0,0,0.0,5,23.8,8,886.09,49.2,6466,true,completed
EMM_h4s7f75c0n22.txt,BBLCT,7,4,21,6,900.0,0,0.0,5,23.8,8,862.90,41.0,3685,true,completed
EMM_h4s7f75c0n23.txt,BBLCT,7,4,21,6,900.0,0,0.0,5,23.8,8,856.90,24.8,2686,true,completed
EMM_h4s7f75c0n24.txt,BBLCT,7,4,21,6,900.0,0,0.0,3,14.3,7,772.56,72.7,16069,true,completed
EMM_h4s7f75c0n25.txt,BBLCT,7,4,21,6,900.0,0,0.0,3,14.3,7,783.39,81.9,16510,true,completed
EMM_h4s7f75c0n3.txt,BBLCT,7,4,21,6,900.0,0,0.0,5,23.8,8,862.90,34.2,3684,true,completed
EMM_h4s7f75c0n4.txt,BBLCT,7,4,21,6,900.0,0,0.0,3,14.3,8,821.95,73.2,16286,true,completed
EMM_h4s7f75c0n5.txt,BBLCT,7,4,21,6,900.0,0,0.0,3,14.3,8,821.02,80.7,16576,true,completed
EMM_h4s7f75c0n6.txt,BBLCT,7,4,21,6,900.0,0,0.0,3,14.3,8,851.89,75.8,16475,true,completed
EMM_h4s7f75c0n7.txt,BBLCT,7,4,21,6,900.0,0,0.0,3,14.3,8,834.93,75.6,16077,true,completed
EMM_h4s7f75c0n8.txt,BBLCT,7,4,21,6,900.0,0,0.0,5,23.8,8,862.77,23.6,2557,true,completed
EMM_h4s7f75c0n9.txt,BBLCT,7,4,21,6,900.0,0,0.0,5,23.8,8,849.41,109.6,11157,true,completed
EMM_h4s7f75c1n1.txt,BBLCT,7,4,21,6,900.0,1,4.8,16,76.2,9,899.87,1172.5,178540,true,completed
EMM_h4s7f75c1n10.txt,BBLCT,7,4,21,6,900.0,0,0.0,11,52.4,9,885.84,68.2,8918,true,completed
EMM_h4s7f75c1n11.txt,BBLCT,7,4,21,6,900.0,2,9.5,7,33.3,6,596.73,201.5,35516,true,completed
EMM_h4s7f75c1n12.txt,BBLCT,7,4,21,6,900.0,3,14.3,21,100.0,9,899.03,2.7,354,true,completed
EMM_h4s7f75c1n13.txt,BBLCT,7,4,21,6,900.0,1,4.8,21,100.0,9,896.20,56.6,7229,true,completed
EMM_h4s7f75c1n14.txt,BBLCT,7,4,21,6,900.0,1,4.8,10,47.6,7,666.49,105.5,10966,true,completed
EMM_h4s7f75c1n15.txt,BBLCT,7,4,21,6,900.0,2,9.5,7,33.3,8,839.38,7.3,1088,true,completed
EMM_h4s7f75c1n16.txt,BBLCT,7,4,21,6,900.0,1,4.8,17,81.0,6,570.10,780.1,115718,true,completed
EMM_h4s7f75c1n17.txt,BBLCT,7,4,21,6,900.0,4,19.0,7,33.3,8,801.48,5.4,672,true,completed
EMM_h4s7f75c1n18.txt,BBLCT,7,4,21,6,900.0,1,4.8,11,52.4,9,864.76,342.4,33175,true,completed
EMM_h4s7f75c1n19.txt,BBLCT,7,4,21,6,900.0,0,0.0,11,52.4,9,898.02,185.8,30356,true,completed
EMM_h4s7f75c1n2.txt,BBLCT,7,4,21,6,900.0,2,9.5,21,100.0,8,863.67,0.4,1,true,completed
EMM_h4s7f75c1n20.txt,BBLCT,7,4,21,6,900.0,3,14.3,7,33.3,8,840.61,1.4,137,true,completed
EMM_h4s7f75c1n21.txt,BBLCT,7,4,21,6,900.0,2,9.5,11,52.4,9,882.23,814.3,70292,true,completed
EMM_h4s7f75c1n22.txt,BBLCT,7,4,21,6,900.0,1,4.8,14,66.7,9,895.06,101.1,14090,true,completed
EMM_h4s7f75c1n23.txt,BBLCT,7,4,21,6,900.0,1,4.8,10,47.6,8,816.44,124.6,12167,true,completed
EMM_h4s7f75c1n24.txt,BBLCT,7,4,21,6,900.0,3,14.3,11,52.4,9,896.62,49.2,6562,true,completed
EMM_h4s7f75c1n25.txt,BBLCT,7,4,21,6,900.0,2,9.5,14,66.7,9,875.54,0.4,1,true,completed
EMM_h4s7f75c1n3.txt,BBLCT,7,4,21,6,900.0,0,0.0,14,66.7,7,713.47,98.0,14923,true,completed
EMM_h4s7f75c1n4.txt,BBLCT,7,4,21,6,900.0,2,9.5,11,52.4,9,892.81,73.1,6631,true,completed
EMM_h4s7f75c1n5.txt,BBLCT,7,4,21,6,900.0,2,9.5,13,61.9,8,805.89,11.9,1209,true,completed
EMM_h4s7f75c1n6.txt,BBLCT,7,4,21,6,900.0,1,4.8,11,52.4,8,859.92,632.6,99211,true,completed
EMM_h4s7f75c1n7.txt,BBLCT,7,4,21,6,900.0,3,14.3,14,66.7,9,885.61,2.6,302,true,completed
EMM_h4s7f75c1n8.txt,BBLCT,7,4,21,6,900.0,2,9.5,21,100.0,8,858.07,2.9,440,true,completed
EMM_h4s7f75c1n9.txt,BBLCT,7,4,21,6,900.0,3,14.3,11,52.4,9,889.12,89.9,11631,true,completed
EMM_h4s7f75c2n1.txt,BBLCT,7,4,21,6,900.0,2,9.5,21,100.0,9,898.68,15986.4,1725784,true,completed
EMM_h4s7f75c2n10.txt,BBLCT,7,4,21,6,900.0,7,33.3,21,100.0,2,187.87,0.2,1,true,completed
EMM_h4s7f75c2n11.txt,BBLCT,7,4,21,6,900.0,2,9.5,17,81.0,7,690.64,733.3,95288,true,completed
EMM_h4s7f75c2n12.txt,BBLCT,7,4,21,6,900.0,7,33.3,21,100.0,5,545.53,0.2,1,true,completed
EMM_h4s7f75c2n13.txt,BBLCT,7,4,21,6,900.0,7,33.3,21,100.0,4,386.45,0.2,1,true,completed
EMM_h4s7f75c2n14.txt,BBLCT,7,4,21,6,900.0,3,14.3,14,66.7,6,585.12,105.0,13885,true,completed
EMM_h4s7f75c2n15.txt,BBLCT,7,4,21,6,900.0,7,33.3,21,100.0,8,813.30,0.4,1,true,completed
EMM_h4s7f75c2n16.txt,BBLCT,7,4,21,6,900.0,14,66.7,21,100.0,5,518.87,0.2,1,true,completed
EMM_h4s7f75c2n17.txt,BBLCT,7,4,21,6,900.0,2,9.5,21,100.0,9,899.04,4607.5,481875,true,completed
EMM_h4s7f75c2n18.txt,BBLCT,7,4,21,6,900.0,3,14.3,21,100.0,4,368.82,0.2,1,true,completed
EMM_h4s7f75c2n19.txt,BBLCT,7,4,21,6,900.0,11,52.4,21,100.0,3,331.96,0.2,1,true,completed
EMM_h4s7f75c2n2.txt,BBLCT,7,4,21,6,900.0,1,4.8,21,100.0,8,812.87,0.4,1,true,completed
EMM_h4s7f75c2n20.txt,BBLCT,7,4,21,6,900.0,2,9.5,21,100.0,9,887.42,8.3,860,true,completed
EMM_h4s7f75c2n21.txt,BBLCT,7,4,21,6,900.0,1,4.8,21,100.0,5,494.90,0.3,1,true,completed
EMM_h4s7f75c2n22.txt,BBLCT,7,4,21,6,900.0,3,14.3,21,100.0,9,893.86,15.1,2169,true,completed
EMM_h4s7f75c2n23.txt,BBLCT,7,4,21,6,900.0,2,9.5,21,100.0,6,630.04,0.3,1,true,completed
EMM_h4s7f75c2n24.txt,BBLCT,7,4,21,6,900.0,2,9.5,21,100.0,8,840.22,0.3,1,true,completed
EMM_h4s7f75c2n25.txt,BBLCT,7,4,21,6,900.0,2,9.5,21,100.0,7,688.59,0.3,1,true,completed
EMM_h4s7f75c2n3.txt,BBLCT,7,4,21,6,900.0,6,28.6,21,100.0,7,699.02,0.3,1,true,completed
EMM_h4s7f75c2n4.txt,BBLCT,7,4,21,6,900.0,2,9.5,21,100.0,8,823.50,0.4,1,true,completed
EMM_h4s7f75c2n5.txt,BBLCT,7,4,21,6,900.0,3,14.3,21,100.0,7,663.10,0.3,1,true,completed
EMM_h4s7f75c2n6.txt,BBLCT,7,4,21,6,900.0,7,33.3,21,100.0,5,489.14,0.2,1,true,completed
EMM_h4s7f75c2n7.txt,BBLCT,7,4,21,6,900.0,2,9.5,11,52.4,9,864.27,40.8,4174,true,completed
EMM_h4s7f75c2n8.txt,BBLCT,7,4,21,6,900.0,7,33.3,21,100.0,1,101.56,0.1,1,true,completed
EMM_h4s7f75c2n9.txt,BBLCT,7,4,21,6,900.0,3,14.3,21,100.0,8,817.35,0.4,1,true,completed
EMM_h4s10f50c0n1.txt,BBLCT,10,4,20,5,1200.0,0,0.0,20,100.0,10,1110.86,0.5,1,true,completed
EMM_h4s10f50c0n10.txt,BBLCT,10,4,20,5,1200.0,1,5.0,20,100.0,10,1158.18,0.5,1,true,completed
EMM_h4s10f50c0n11.txt,BBLCT,10,4,20,5,1200.0,0,0.0,11,55.0,9,984.23,3595034.7,180049920,false,cpu_limit
EMM_h4s10f50c0n12.txt,BBLCT,10,4,20,5,1200.0,1,5.0,20,100.0,9,1052.52,0.4,1,true,completed
EMM_h4s10f50c0n13.txt,BBLCT,10,4,20,5,1200.0,1,5.0,20,100.0,8,851.34,0.4,1,true,completed
EMM_h4s10f50c0n14.txt,BBLCT,10,4,20,5,1200.0,1,5.0,20,100.0,7,770.29,0.4,1,true,completed
EMM_h4s10f50c0n15.txt,BBLCT,10,4,20,5,1200.0,0,0.0,20,100.0,10,1168.73,0.5,1,true,completed
EMM_h4s10f50c0n16.txt,BBLCT,10,4,20,5,1200.0,0,0.0,15,75.0,11,1195.31,28134.1,1297364,true,completed
EMM_h4s10f50c0n17.txt,BBLCT,10,4,20,5,1200.0,0,0.0,10,50.0,11,1187.72,3595027.9,109133824,false,cpu_limit
EMM_h4s10f50c0n18.txt,BBLCT,10,4,20,5,1200.0,0,0.0,20,100.0,9,1059.12,0.5,1,true,completed
EMM_h4s10f50c0n19.txt,BBLCT,10,4,20,5,1200.0,0,0.0,20,100.0,9,999.87,0.5,1,true,completed
EMM_h4s10f50c0n2.txt,BBLCT,10,4,20,5,1200.0,0,0.0,20,100.0,10,1158.97,0.5,1,true,completed
EMM_h4s10f50c0n20.txt,BBLCT,10,4,20,5,1200.0,0,0.0,20,100.0,9,994.46,0.5,1,true,completed
EMM_h4s10f50c0n21.txt,BBLCT,10,4,20,5,1200.0,0,0.0,20,100.0,9,1030.20,0.5,1,true,completed
EMM_h4s10f50c0n22.txt,BBLCT,10,4,20,5,1200.0,0,0.0,20,100.0,9,1028.89,0.4,1,true,completed
EMM_h4s10f50c0n23.txt,BBLCT,10,4,20,5,1200.0,1,5.0,20,100.0,9,998.46,0.5,1,true,completed
EMM_h4s10f50c0n24.txt,BBLCT,10,4,20,5,1200.0,0,0.0,20,100.0,9,996.15,0.5,1,true,completed
EMM_h4s10f50c0n25.txt,BBLCT,10,4,20,5,1200.0,1,5.0,20,100.0,8,871.88,0.5,1,true,completed
EMM_h4s10f50c0n3.txt,BBLCT,10,4,20,5,1200.0,0,0.0,20,100.0,10,1198.67,65895.3,1779363,true,completed
EMM_h4s10f50c0n4.txt,BBLCT,10,4,20,5,1200.0,0,0.0,11,55.0,10,1100.27,57439.6,2624143,true,completed
EMM_h4s10f50c0n5.txt,BBLCT,10,4,20,5,1200.0,1,5.0,11,55.0,10,1142.92,19933.7,958824,true,completed
EMM_h4s10f50c0n6.txt,BBLCT,10,4,20,5,1200.0,0,0.0,20,100.0,10,1173.83,0.5,1,true,completed
EMM_h4s10f50c0n7.txt,BBLCT,10,4,20,5,1200.0,2,10.0,20,100.0,10,1139.00,0.5,1,true,completed
EMM_h4s10f50c0n8.txt,BBLCT,10,4,20,5,1200.0,1,5.0,20,100.0,7,775.87,0.4,1,true,completed
EMM_h4s10f50c0n9.txt,BBLCT,10,4,20,5,1200.0,1,5.0,20,100.0,7,833.37,0.4,1,true,completed
EMM_h4s10f50c1n1.txt,BBLCT,10,4,20,5,1200.0,5,25.0,20,100.0,7,775.82,0.4,1,true,completed
EMM_h4s10f50c1n10.txt,BBLCT,10,4,20,5,1200.0,2,10.0,20,100.0,7,754.51,0.4,1,true,completed
EMM_h4s10f50c1n11.txt,BBLCT,10,4,20,5,1200.0,0,0.0,20,100.0,7,775.86,0.3,1,true,completed
EMM_h4s10f50c1n12.txt,BBLCT,10,4,20,5,1200.0,2,10.0,20,100.0,5,532.21,0.3,1,true,completed
EMM_h4s10f50c1n13.txt,BBLCT,10,4,20,5,1200.0,0,0.0,20,100.0,6,688.85,0.3,1,true,completed
EMM_h4s10f50c1n14.txt,BBLCT,10,4,20,5,1200.0,2,10.0,20,100.0,5,598.71,0.3,1,true,completed
EMM_h4s10f50c1n15.txt,BBLCT,10,4,20,5,1200.0,3,15.0,20,100.0,6,700.50,0.3,1,true,completed
EMM_h4s10f50c1n16.txt,BBLCT,10,4,20,5,1200.0,2,10.0,20,100.0,6,691.65,0.3,1,true,completed
EMM_h4s10f50c1n17.txt,BBLCT,10,4,20,5,1200.0,2,10.0,20,100.0,7,766.63,0.4,1,true,completed
EMM_h4s10f50c1n18.txt,BBLCT,10,4,20,5,1200.0,2,10.0,20,100.0,6,747.64,0.4,1,true,completed
EMM_h4s10f50c1n19.txt,BBLCT,10,4,20,5,1200.0,2,10.0,20,100.0,6,697.39,0.3,1,true,completed
EMM_h4s10f50c1n2.txt,BBLCT,10,4,20,5,1200.0,2,10.0,20,100.0,9,1082.77,0.5,1,true,completed
EMM_h4s10f50c1n20.txt,BBLCT,10,4,20,5,1200.0,3,15.0,20,100.0,6,725.41,0.4,1,true,completed
EMM_h4s10f50c1n21.txt,BBLCT,10,4,20,5,1200.0,0,0.0,20,100.0,9,1005.60,0.5,1,true,completed
EMM_h4s10f50c1n22.txt,BBLCT,10,4,20,5,1200.0,3,15.0,20,100.0,7,840.40,0.4,1,true,completed
EMM_h4s10f50c1n23.txt,BBLCT,10,4,20,5,1200.0,2,10.0,20,100.0,9,1064.40,0.4,1,true,completed
EMM_h4s10f50c1n24.txt,BBLCT,10,4,20,5,1200.0,2,10.0,20,100.0,5,540.00,0.3,1,true,completed
EMM_h4s10f50c1n25.txt,BBLCT,10,4,20,5,1200.0,2,10.0,20,100.0,4,488.72,0.2,1,true,completed
EMM_h4s10f50c1n3.txt,BBLCT,10,4,20,5,1200.0,2,10.0,20,100.0,5,539.84,0.3,1,true,completed
EMM_h4s10f50c1n4.txt,BBLCT,10,4,20,5,1200.0,1,5.0,20,100.0,4,469.01,0.2,1,true,completed
EMM_h4s10f50c1n5.txt,BBLCT,10,4,20,5,1200.0,1,5.0,20,100.0,8,877.01,0.5,1,true,completed
EMM_h4s10f50c1n6.txt,BBLCT,10,4,20,5,1200.0,2,10.0,20,100.0,9,1023.25,0.5,1,true,completed
EMM_h4s10f50c1n7.txt,BBLCT,10,4,20,5,1200.0,2,10.0,20,100.0,8,913.30,0.4,1,true,completed
EMM_h4s10f50c1n8.txt,BBLCT,10,4,20,5,1200.0,1,5.0,20,100.0,7,801.71,0.4,1,true,completed
EMM_h4s10f50c1n9.txt,BBLCT,10,4,20,5,1200.0,3,15.0,20,100.0,9,1002.56,0.5,1,true,completed
EMM_h4s10f50c2n1.txt,BBLCT,10,4,20,5,1200.0,3,15.0,20,100.0,5,548.86,0.3,1,true,completed
EMM_h4s10f50c2n10.txt,BBLCT,10,4,20,5,1200.0,3,15.0,20,100.0,2,235.24,0.2,1,true,completed
EMM_h4s10f50c2n11.txt,BBLCT,10,4,20,5,1200.0,3,15.0,20,100.0,1,111.75,0.2,1,true,completed
EMM_h4s10f50c2n12.txt,BBLCT,10,4,20,5,1200.0,6,30.0,20,100.0,4,473.42,0.2,1,true,completed
EMM_h4s10f50c2n13.txt,BBLCT,10,4,20,5,1200.0,2,10.0,20,100.0,4,439.83,0.2,1,true,completed
EMM_h4s10f50c2n14.txt,BBLCT,10,4,20,5,1200.0,3,15.0,20,100.0,5,575.29,0.3,1,true,completed
EMM_h4s10f50c2n15.txt,BBLCT,10,4,20,5,1200.0,7,35.0,20,100.0,1,132.29,0.2,1,true,completed
EMM_h4s10f50c2n16.txt,BBLCT,10,4,20,5,1200.0,7,35.0,20,100.0,3,339.10,0.2,1,true,completed
EMM_h4s10f50c2n17.txt,BBLCT,10,4,20,5,1200.0,6,30.0,20,100.0,4,457.21,0.2,1,true,completed
EMM_h4s10f50c2n18.txt,BBLCT,10,4,20,5,1200.0,6,30.0,20,100.0,8,901.86,0.4,1,true,completed
EMM_h4s10f50c2n19.txt,BBLCT,10,4,20,5,1200.0,3,15.0,20,100.0,5,557.72,0.3,1,true,completed
EMM_h4s10f50c2n2.txt,BBLCT,10,4,20,5,1200.0,7,35.0,20,100.0,5,585.52,0.3,1,true,completed
EMM_h4s10f50c2n20.txt,BBLCT,10,4,20,5,1200.0,6,30.0,20,100.0,5,570.17,0.2,1,true,completed
EMM_h4s10f50c2n21.txt,BBLCT,10,4,20,5,1200.0,5,25.0,20,100.0,5,576.52,0.3,1,true,completed
EMM_h4s10f50c2n22.txt,BBLCT,10,4,20,5,1200.0,3,15.0,20,100.0,3,347.04,0.2,1,true,completed
EMM_h4s10f50c2n23.txt,BBLCT,10,4,20,5,1200.0,3,15.0,20,100.0,1,88.71,0.2,1,true,completed
EMM_h4s10f50c2n24.txt,BBLCT,10,4,20,5,1200.0,3,15.0,20,100.0,2,228.42,0.2,1,true,completed
EMM_h4s10f50c2n25.txt,BBLCT,10,4,20,5,1200.0,11,55.0,20,100.0,1,113.07,0.1,1,true,completed
EMM_h4s10f50c2n3.txt,BBLCT,10,4,20,5,1200.0,3,15.0,20,100.0,6,684.66,0.3,1,true,completed
EMM_h4s10f50c2n4.txt,BBLCT,10,4,20,5,1200.0,7,35.0,20,100.0,3,388.06,0.2,1,true,completed
EMM_h4s10f50c2n5.txt,BBLCT,10,4,20,5,1200.0,3,15.0,20,100.0,6,670.16,0.3,1,true,completed
EMM_h4s10f50c2n6.txt,BBLCT,10,4,20,5,1200.0,11,55.0,20,100.0,2,238.79,0.2,1,true,completed
EMM_h4s10f50c2n7.txt,BBLCT,10,4,20,5,1200.0,10,50.0,20,100.0,5,543.06,0.2,1,true,completed
EMM_h4s10f50c2n8.txt,BBLCT,10,4,20,5,1200.0,3,15.0,20,100.0,2,238.37,0.2,1,true,completed
EMM_h4s10f50c2n9.txt,BBLCT,10,4,20,5,1200.0,11,55.0,20,100.0,1,139.80,0.1,1,true,completed
EMM_h4s10f75c0n1.txt,BBLCT,10,4,30,8,1200.0,0,0.0,4,13.3,9,925.89,3595038.5,171565056,false,cpu_limit
EMM_h4s10f75c0n10.txt,BBLCT,10,4,30,8,1200.0,0,0.0,4,13.3,9,940.71,3595030.1,167751680,false,cpu_limit
EMM_h4s10f75c0n11.txt,BBLCT,10,4,30,8,1200.0,0,0.0,4,13.3,9,939.51,3595036.3,178308096,false,cpu_limit
EMM_h4s10f75c0n12.txt,BBLCT,10,4,30,8,1200.0,0,0.0,4,13.3,9,923.34,3595042.6,172442624,false,cpu_limit
EMM_h4s10f75c0n13.txt,BBLCT,10,4,30,8,1200.0,0,0.0,4,13.3,9,933.22,3595041.6,171000832,false,cpu_limit
EMM_h4s10f75c0n14.txt,BBLCT,10,4,30,8,1200.0,0,0.0,4,13.3,9,933.07,3595031.1,169625600,false,cpu_limit
EMM_h4s10f75c0n15.txt,BBLCT,10,4,30,8,1200.0,0,0.0,4,13.3,9,961.23,3595033.6,162973696,false,cpu_limit
EMM_h4s10f75c0n16.txt,BBLCT,10,4,30,8,1200.0,0,0.0,4,13.3,9,924.65,3595045.3,172635136,false,cpu_limit
EMM_h4s10f75c0n17.txt,BBLCT,10,4,30,8,1200.0,0,0.0,4,13.3,9,954.43,3595026.1,162624512,false,cpu_limit
EMM_h4s10f75c0n18.txt,BBLCT,10,4,30,8,1200.0,0,0.0,4,13.3,9,924.87,3595033.2,175599616,false,cpu_limit
EMM_h4s10f75c0n19.txt,BBLCT,10,4,30,8,1200.0,0,0.0,4,13.3,9,952.64,3595037.1,160576512,false,cpu_limit
EMM_h4s10f75c0n2.txt,BBLCT,10,4,30,8,1200.0,0,0.0,4,13.3,9,933.02,3595045.4,174659584,false,cpu_limit
EMM_h4s10f75c0n20.txt,BBLCT,10,4,30,8,1200.0,0,0.0,4,13.3,9,925.89,3595041.2,174501888,false,cpu_limit
EMM_h4s10f75c0n21.txt,BBLCT,10,4,30,8,1200.0,0,0.0,4,13.3,9,957.62,3595047.5,163763200,false,cpu_limit
EMM_h4s10f75c0n22.txt,BBLCT,10,4,30,8,1200.0,0,0.0,4,13.3,9,926.14,3595031.9,171900928,false,cpu_limit
EMM_h4s10f75c0n23.txt,BBLCT,10,4,30,8,1200.0,0,0.0,4,13.3,9,938.50,3595038.8,176905216,false,cpu_limit
EMM_h4s10f75c0n24.txt,BBLCT,10,4,30,8,1200.0,0,0.0,4,13.3,9,929.57,3595044.9,176683008,false,cpu_limit
EMM_h4s10f75c0n25.txt,BBLCT,10,4,30,8,1200.0,0,0.0,4,13.3,9,929.75,3595052.4,170697728,false,cpu_limit
EMM_h4s10f75c0n3.txt,BBLCT,10,4,30,8,1200.0,0,0.0,4,13.3,9,938.54,3595034.1,169406464,false,cpu_limit
EMM_h4s10f75c0n4.txt,BBLCT,10,4,30,8,1200.0,0,0.0,4,13.3,9,935.73,3595036.7,169991168,false,cpu_limit
EMM_h4s10f75c0n5.txt,BBLCT,10,4,30,8,1200.0,0,0.0,4,13.3,9,933.98,3595036.6,168328192,false,cpu_limit
EMM_h4s10f75c0n6.txt,BBLCT,10,4,30,8,1200.0,0,0.0,4,13.3,9,928.57,3595047.5,172038144,false,cpu_limit
EMM_h4s10f75c0n7.txt,BBLCT,10,4,30,8,1200.0,0,0.0,4,13.3,9,939.04,3595047.6,162856960,false,cpu_limit
EMM_h4s10f75c0n8.txt,BBLCT,10,4,30,8,1200.0,0,0.0,4,13.3,9,934.14,3595048.8,172635136,false,cpu_limit
EMM_h4s10f75c0n9.txt,BBLCT,10,4,30,8,1200.0,0,0.0,4,13.3,9,934.48,3595052.6,175777792,false,cpu_limit
EMM_h4s10f75c1n1.txt,BBLCT,10,4,30,8,1200.0,1,3.3,23,76.7,12,1199.63,39639.2,2331483,true,completed
EMM_h4s10f75c1n10.txt,BBLCT,10,4,30,8,1200.0,1,3.3,15,50.0,12,1199.05,283.1,17801,true,completed
EMM_h4s10f75c1n11.txt,BBLCT,10,4,30,8,1200.0,2,6.7,15,50.0,12,1198.41,6775.9,317021,true,completed
EMM_h4s10f75c1n12.txt,BBLCT,10,4,30,8,1200.0,2,6.7,7,23.3,10,1000.93,2743374.9,166791304,true,completed
EMM_h4s10f75c1n13.txt,BBLCT,10,4,30,8,1200.0,0,0.0,11,36.7,12,1197.44,2343.6,143836,true,completed
EMM_h4s10f75c1n14.txt,BBLCT,10,4,30,8,1200.0,3,10.0,30,100.0,11,1172.24,23966.7,1133442,true,completed
EMM_h4s10f75c1n15.txt,BBLCT,10,4,30,8,1200.0,1,3.3,19,63.3,9,923.09,320367.9,17536642,true,completed
EMM_h4s10f75c1n16.txt,BBLCT,10,4,30,8,1200.0,1,3.3,19,63.3,12,1193.79,16640.0,952662,true,completed
EMM_h4s10f75c1n17.txt,BBLCT,10,4,30,8,1200.0,1,3.3,23,76.7,11,1188.54,132567.2,5197552,true,completed
EMM_h4s10f75c1n18.txt,BBLCT,10,4,30,8,1200.0,0,0.0,30,100.0,11,1147.11,0.8,1,true,completed
EMM_h4s10f75c1n19.txt,BBLCT,10,4,30,8,1200.0,3,10.0,11,36.7,10,980.56,3595033.7,194939904,false,cpu_limit
EMM_h4s10f75c1n2.txt,BBLCT,10,4,30,8,1200.0,1,3.3,15,50.0,12,1198.36,456344.6,20318435,true,completed
EMM_h4s10f75c1n20.txt,BBLCT,10,4,30,8,1200.0,1,3.3,11,36.7,9,879.34,1304287.4,71277830,true,completed
EMM_h4s10f75c1n21.txt,BBLCT,10,4,30,8,1200.0,2,6.7,26,86.7,11,1194.08,561673.2,29665195,true,completed
EMM_h4s10f75c1n22.txt,BBLCT,10,4,30,8,1200.0,2,6.7,15,50.0,11,1165.04,22240.7,1150943,true,completed
EMM_h4s10f75c1n23.txt,BBLCT,10,4,30,8,1200.0,2,6.7,23,76.7,12,1197.25,137131.5,6736840,true,completed
EMM_h4s10f75c1n24.txt,BBLCT,10,4,30,8,1200.0,1,3.3,15,50.0,12,1188.51,18321.4,1099512,true,completed
EMM_h4s10f75c1n25.txt,BBLCT,10,4,30,8,1200.0,1,3.3,15,50.0,10,997.14,3595044.1,172806144,false,cpu_limit
EMM_h4s10f75c1n3.txt,BBLCT,10,4,30,8,1200.0,1,3.3,11,36.7,10,971.20,3595041.8,220549120,false,cpu_limit
EMM_h4s10f75c1n4.txt,BBLCT,10,4,30,8,1200.0,1,3.3,11,36.7,11,1146.63,17971.4,845793,true,completed
EMM_h4s10f75c1n5.txt,BBLCT,10,4,30,8,1200.0,0,0.0,10,33.3,12,1198.92,3595055.8,145731584,false,cpu_limit
EMM_h4s10f75c1n6.txt,BBLCT,10,4,30,8,1200.0,3,10.0,7,23.3,9,865.65,3595051.5,226065408,false,cpu_limit
EMM_h4s10f75c1n7.txt,BBLCT,10,4,30,8,1200.0,2,6.7,11,36.7,10,1104.28,9705.4,596046,true,completed
EMM_h4s10f75c1n8.txt,BBLCT,10,4,30,8,1200.0,3,10.0,26,86.7,11,1194.02,33158.9,1173549,true,completed
EMM_h4s10f75c1n9.txt,BBLCT,10,4,30,8,1200.0,1,3.3,26,86.7,12,1198.64,387445.5,19909184,true,completed
EMM_h4s10f75c2n1.txt,BBLCT,10,4,30,8,1200.0,2,6.7,30,100.0,9,979.73,0.6,1,true,completed
EMM_h4s10f75c2n10.txt,BBLCT,10,4,30,8,1200.0,7,23.3,30,100.0,8,793.59,0.5,1,true,completed
EMM_h4s10f75c2n11.txt,BBLCT,10,4,30,8,1200.0,3,10.0,30,100.0,3,290.37,0.2,1,true,completed
EMM_h4s10f75c2n12.txt,BBLCT,10,4,30,8,1200.0,15,50.0,30,100.0,6,651.41,0.4,1,true,completed
EMM_h4s10f75c2n13.txt,BBLCT,10,4,30,8,1200.0,3,10.0,26,86.7,11,1154.41,169309.1,6629504,true,completed
EMM_h4s10f75c2n14.txt,BBLCT,10,4,30,8,1200.0,0,0.0,30,100.0,11,1168.40,0.8,1,true,completed
EMM_h4s10f75c2n15.txt,BBLCT,10,4,30,8,1200.0,11,36.7,30,100.0,12,1198.14,462238.2,18218674,true,completed
EMM_h4s10f75c2n16.txt,BBLCT,10,4,30,8,1200.0,3,10.0,30,100.0,11,1145.39,0.8,1,true,completed
EMM_h4s10f75c2n17.txt,BBLCT,10,4,30,8,1200.0,3,10.0,30,100.0,9,978.14,0.6,1,true,completed
EMM_h4s10f75c2n18.txt,BBLCT,10,4,30,8,1200.0,3,10.0,30,100.0,8,856.35,0.6,1,true,completed
EMM_h4s10f75c2n19.txt,BBLCT,10,4,30,8,1200.0,2,6.7,23,76.7,11,1089.01,244304.1,10637875,true,completed
EMM_h4s10f75c2n2.txt,BBLCT,10,4,30,8,1200.0,3,10.0,23,76.7,12,1198.24,1360.9,40443,true,completed
EMM_h4s10f75c2n20.txt,BBLCT,10,4,30,8,1200.0,1,3.3,30,100.0,11,1136.29,0.8,1,true,completed
EMM_h4s10f75c2n21.txt,BBLCT,10,4,30,8,1200.0,3,10.0,26,86.7,11,1133.17,12092.6,431257,true,completed
EMM_h4s10f75c2n22.txt,BBLCT,10,4,30,8,1200.0,3,10.0,26,86.7,9,884.43,3595035.7,153292800,false,cpu_limit
EMM_h4s10f75c2n23.txt,BBLCT,10,4,30,8,1200.0,2,6.7,30,100.0,8,886.12,0.6,1,true,completed
EMM_h4s10f75c2n24.txt,BBLCT,10,4,30,8,1200.0,2,6.7,30,100.0,7,761.00,0.5,1,true,completed
EMM_h4s10f75c2n25.txt,BBLCT,10,4,30,8,1200.0,3,10.0,26,86.7,10,1100.24,3779.6,151541,true,completed
EMM_h4s10f75c2n3.txt,BBLCT,10,4,30,8,1200.0,4,13.3,22,73.3,12,1196.83,36878.8,1402073,true,completed
EMM_h4s10f75c2n4.txt,BBLCT,10,4,30,8,1200.0,2,6.7,30,100.0,9,984.20,0.7,1,true,completed
EMM_h4s10f75c2n5.txt,BBLCT,10,4,30,8,1200.0,3,10.0,30,100.0,7,744.95,0.6,1,true,completed
EMM_h4s10f75c2n6.txt,BBLCT,10,4,30,8,1200.0,1,3.3,30,100.0,12,1187.16,77770.3,3146201,true,completed
EMM_h4s10f75c2n7.txt,BBLCT,10,4,30,8,1200.0,1,3.3,30,100.0,10,1072.33,0.8,1,true,completed
EMM_h4s10f75c2n8.txt,BBLCT,10,4,30,8,1200.0,7,23.3,30,100.0,12,1165.01,65.1,3203,true,completed
EMM_h4s10f75c2n9.txt,BBLCT,10,4,30,8,1200.0,2,6.7,30,100.0,8,858.28,0.7,1,true,completed
EMM_h4s4f50c0n1.txt,BBLCT,4,4,8,2,1200.0,0,0.0,8,100.0,2,197.49,0.1,1,true,completed
EMM_h4s4f50c0n10.txt,BBLCT,4,4,8,2,1200.0,2,25.0,8,100.0,1,98.92,0.1,1,true,completed
EMM_h4s4f50c0n11.txt,BBLCT,4,4,8,2,1200.0,2,25.0,8,100.0,1,96.05,0.1,1,true,completed
EMM_h4s4f50c0n12.txt,BBLCT,4,4,8,2,1200.0,2,25.0,8,100.0,1,103.90,0.1,1,true,completed
EMM_h4s4f50c0n13.txt,BBLCT,4,4,8,2,1200.0,0,0.0,8,100.0,3,318.87,0.1,1,true,completed
EMM_h4s4f50c0n14.txt,BBLCT,4,4,8,2,1200.0,0,0.0,8,100.0,4,422.66,0.1,1,true,completed
EMM_h4s4f50c0n15.txt,BBLCT,4,4,8,2,1200.0,0,0.0,8,100.0,2,211.66,0.1,1,true,completed
EMM_h4s4f50c0n16.txt,BBLCT,4,4,8,2,1200.0,2,25.0,8,100.0,4,444.65,0.1,1,true,completed
EMM_h4s4f50c0n17.txt,BBLCT,4,4,8,2,1200.0,0,0.0,8,100.0,3,312.47,0.1,1,true,completed
EMM_h4s4f50c0n18.txt,BBLCT,4,4,8,2,1200.0,3,37.5,8,100.0,2,207.29,0.1,1,true,completed
EMM_h4s4f50c0n19.txt,BBLCT,4,4,8,2,1200.0,1,12.5,8,100.0,3,314.01,0.1,1,true,completed
EMM_h4s4f50c0n2.txt,BBLCT,4,4,8,2,1200.0,1,12.5,8,100.0,3,299.70,0.1,1,true,completed
EMM_h4s4f50c0n20.txt,BBLCT,4,4,8,2,1200.0,2,25.0,8,100.0,1,113.24,0.1,1,true,completed
EMM_h4s4f50c0n21.txt,BBLCT,4,4,8,2,1200.0,2,25.0,8,100.0,2,214.06,0.1,1,true,completed
EMM_h4s4f50c0n22.txt,BBLCT,4,4,8,2,1200.0,1,12.5,8,100.0,3,313.72,0.1,1,true,completed
EMM_h4s4f50c0n23.txt,BBLCT,4,4,8,2,1200.0,0,0.0,8,100.0,3,313.89,0.1,1,true,completed
EMM_h4s4f50c0n24.txt,BBLCT,4,4,8,2,1200.0,0,0.0,8,100.0,3,312.47,0.1,1,true,completed
EMM_h4s4f50c0n25.txt,BBLCT,4,4,8,2,1200.0,1,12.5,8,100.0,3,301.03,0.1,1,true,completed
EMM_h4s4f50c0n3.txt,BBLCT,4,4,8,2,1200.0,2,25.0,8,100.0,1,97.66,0.1,1,true,completed
EMM_h4s4f50c0n4.txt,BBLCT,4,4,8,2,1200.0,1,12.5,8,100.0,3,297.06,0.1,1,true,completed
EMM_h4s4f50c0n5.txt,BBLCT,4,4,8,2,1200.0,2,25.0,8,100.0,2,208.74,0.1,1,true,completed
EMM_h4s4f50c0n6.txt,BBLCT,4,4,8,2,1200.0,0,0.0,8,100.0,3,312.47,0.1,1,true,completed
EMM_h4s4f50c0n7.txt,BBLCT,4,4,8,2,1200.0,0,0.0,8,100.0,3,322.73,0.1,1,true,completed
EMM_h4s4f50c0n8.txt,BBLCT,4,4,8,2,1200.0,0,0.0,8,100.0,4,422.66,0.1,1,true,completed
EMM_h4s4f50c0n9.txt,BBLCT,4,4,8,2,1200.0,1,12.5,8,100.0,2,201.13,0.1,1,true,completed
EMM_h4s4f50c1n1.txt,BBLCT,4,4,8,2,1200.0,2,25.0,8,100.0,3,310.28,0.2,1,true,completed
EMM_h4s4f50c1n10.txt,BBLCT,4,4,8,2,1200.0,3,37.5,8,100.0,2,228.40,0.2,1,true,completed
EMM_h4s4f50c1n11.txt,BBLCT,4,4,8,2,1200.0,1,12.5,8,100.0,3,298.85,0.1,1,true,completed
EMM_h4s4f50c1n12.txt,BBLCT,4,4,8,2,1200.0,8,100.0,8,100.0,0,0.00,0.1,1,true,completed
EMM_h4s4f50c1n13.txt,BBLCT,4,4,8,2,1200.0,8,100.0,8,100.0,0,0.00,0.1,1,true,completed
EMM_h4s4f50c1n14.txt,BBLCT,4,4,8,2,1200.0,3,37.5,8,100.0,2,195.97,0.1,1,true,completed
EMM_h4s4f50c1n15.txt,BBLCT,4,4,8,2,1200.0,1,12.5,8,100.0,4,438.08,0.2,1,true,completed
EMM_h4s4f50c1n16.txt,BBLCT,4,4,8,2,1200.0,3,37.5,8,100.0,1,111.94,0.1,1,true,completed
EMM_h4s4f50c1n17.txt,BBLCT,4,4,8,2,1200.0,3,37.5,8,100.0,2,235.09,0.1,1,true,completed
EMM_h4s4f50c1n18.txt,BBLCT,4,4,8,2,1200.0,8,100.0,8,100.0,0,0.00,0.1,1,true,completed
EMM_h4s4f50c1n19.txt,BBLCT,4,4,8,2,1200.0,3,37.5,8,100.0,1,110.43,0.1,1,true,completed
EMM_h4s4f50c1n2.txt,BBLCT,4,4,8,2,1200.0,2,25.0,8,100.0,2,206.87,0.1,1,true,completed
EMM_h4s4f50c1n20.txt,BBLCT,4,4,8,2,1200.0,3,37.5,8,100.0,2,204.04,0.2,1,true,completed
EMM_h4s4f50c1n21.txt,BBLCT,4,4,8,2,1200.0,2,25.0,8,100.0,3,309.83,0.1,1,true,completed
EMM_h4s4f50c1n22.txt,BBLCT,4,4,8,2,1200.0,3,37.5,8,100.0,3,304.99,0.1,1,true,completed
EMM_h4s4f50c1n23.txt,BBLCT,4,4,8,2,1200.0,3,37.5,8,100.0,2,207.64,0.2,1,true,completed
EMM_h4s4f50c1n24.txt,BBLCT,4,4,8,2,1200.0,2,25.0,8,100.0,3,318.83,0.2,1,true,completed
EMM_h4s4f50c1n25.txt,BBLCT,4,4,8,2,1200.0,8,100.0,8,100.0,0,0.00,0.1,1,true,completed
EMM_h4s4f50c1n3.txt,BBLCT,4,4,8,2,1200.0,3,37.5,8,100.0,3,310.20,0.1,1,true,completed
EMM_h4s4f50c1n4.txt,BBLCT,4,4,8,2,1200.0,2,25.0,8,100.0,3,356.30,0.1,1,true,completed
EMM_h4s4f50c1n5.txt,BBLCT,4,4,8,2,1200.0,1,12.5,8,100.0,3,306.48,0.2,1,true,completed
EMM_h4s4f50c1n6.txt,BBLCT,4,4,8,2,1200.0,3,37.5,8,100.0,1,113.07,0.1,1,true,completed
EMM_h4s4f50c1n7.txt,BBLCT,4,4,8,2,1200.0,3,37.5,8,100.0,1,109.17,0.1,1,true,completed
EMM_h4s4f50c1n8.txt,BBLCT,4,4,8,2,1200.0,2,25.0,8,100.0,1,89.85,0.1,1,true,completed
EMM_h4s4f50c1n9.txt,BBLCT,4,4,8,2,1200.0,3,37.5,8,100.0,3,310.28,0.1,1,true,completed
EMM_h4s4f50c2n1.txt,BBLCT,4,4,8,2,1200.0,3,37.5,8,100.0,1,120.59,0.1,1,true,completed
EMM_h4s4f50c2n10.txt,BBLCT,4,4,8,2,1200.0,3,37.5,8,100.0,1,123.38,0.1,1,true,completed
EMM_h4s4f50c2n11.txt,BBLCT,4,4,8,2,1200.0,3,37.5,8,100.0,1,111.69,0.1,1,true,completed
EMM_h4s4f50c2n12.txt,BBLCT,4,4,8,2,1200.0,3,37.5,8,100.0,1,125.98,0.1,1,true,completed
EMM_h4s4f50c2n13.txt,BBLCT,4,4,8,2,1200.0,8,100.0,8,100.0,0,0.00,0.1,1,true,completed
EMM_h4s4f50c2n14.txt,BBLCT,4,4,8,2,1200.0,8,100.0,8,100.0,0,0.00,0.1,1,true,completed
EMM_h4s4f50c2n15.txt,BBLCT,4,4,8,2,1200.0,8,100.0,8,100.0,0,0.00,0.1,1,true,completed
EMM_h4s4f50c2n16.txt,BBLCT,4,4,8,2,1200.0,8,100.0,8,100.0,0,0.00,0.1,1,true,completed
EMM_h4s4f50c2n17.txt,BBLCT,4,4,8,2,1200.0,3,37.5,8,100.0,1,132.22,0.1,1,true,completed
EMM_h4s4f50c2n18.txt,BBLCT,4,4,8,2,1200.0,8,100.0,8,100.0,0,0.00,0.1,1,true,completed
EMM_h4s4f50c2n19.txt,BBLCT,4,4,8,2,1200.0,8,100.0,8,100.0,0,0.00,0.1,1,true,completed
EMM_h4s4f50c2n2.txt,BBLCT,4,4,8,2,1200.0,3,37.5,8,100.0,3,296.97,0.2,1,true,completed
EMM_h4s4f50c2n20.txt,BBLCT,4,4,8,2,1200.0,8,100.0,8,100.0,0,0.00,0.1,1,true,completed
EMM_h4s4f50c2n21.txt,BBLCT,4,4,8,2,1200.0,8,100.0,8,100.0,0,0.00,0.1,1,true,completed
EMM_h4s4f50c2n22.txt,BBLCT,4,4,8,2,1200.0,2,25.0,8,100.0,3,328.23,0.2,1,true,completed
EMM_h4s4f50c2n23.txt,BBLCT,4,4,8,2,1200.0,8,100.0,8,100.0,0,0.00,0.1,1,true,completed
EMM_h4s4f50c2n24.txt,BBLCT,4,4,8,2,1200.0,8,100.0,8,100.0,0,0.00,0.1,1,true,completed
EMM_h4s4f50c2n25.txt,BBLCT,4,4,8,2,1200.0,3,37.5,8,100.0,2,214.23,0.2,1,true,completed
EMM_h4s4f50c2n3.txt,BBLCT,4,4,8,2,1200.0,8,100.0,8,100.0,0,0.00,0.1,1,true,completed
EMM_h4s4f50c2n4.txt,BBLCT,4,4,8,2,1200.0,8,100.0,8,100.0,0,0.00,0.1,1,true,completed
EMM_h4s4f50c2n5.txt,BBLCT,4,4,8,2,1200.0,2,25.0,8,100.0,2,225.67,0.1,1,true,completed
EMM_h4s4f50c2n6.txt,BBLCT,4,4,8,2,1200.0,3,37.5,8,100.0,2,215.49,0.2,1,true,completed
EMM_h4s4f50c2n7.txt,BBLCT,4,4,8,2,1200.0,8,100.0,8,100.0,0,0.00,0.1,1,true,completed
EMM_h4s4f50c2n8.txt,BBLCT,4,4,8,2,1200.0,3,37.5,8,100.0,2,238.36,0.2,1,true,completed
EMM_h4s4f50c2n9.txt,BBLCT,4,4,8,2,1200.0,3,37.5,8,100.0,2,220.49,0.1,1,true,completed
EMM_h4s4f75c0n1.txt,BBLCT,4,4,12,3,1200.0,0,0.0,3,25.0,11,1137.96,51.3,32092,true,completed
EMM_h4s4f75c0n10.txt,BBLCT,4,4,12,3,1200.0,0,0.0,3,25.0,11,1137.96,49.8,32092,true,completed
EMM_h4s4f75c0n11.txt,BBLCT,4,4,12,3,1200.0,0,0.0,3,25.0,11,1137.96,47.0,32092,true,completed
EMM_h4s4f75c0n12.txt,BBLCT,4,4,12,3,1200.0,0,0.0,3,25.0,11,1137.96,52.0,32092,true,completed
EMM_h4s4f75c0n13.txt,BBLCT,4,4,12,3,1200.0,0,0.0,3,25.0,11,1137.96,48.4,32092,true,completed
EMM_h4s4f75c0n14.txt,BBLCT,4,4,12,3,1200.0,0,0.0,3,25.0,11,1137.96,48.4,32092,true,completed
EMM_h4s4f75c0n15.txt,BBLCT,4,4,12,3,1200.0,0,0.0,3,25.0,11,1137.96,49.4,32092,true,completed
EMM_h4s4f75c0n16.txt,BBLCT,4,4,12,3,1200.0,0,0.0,3,25.0,11,1137.96,49.3,32092,true,completed
EMM_h4s4f75c0n17.txt,BBLCT,4,4,12,3,1200.0,0,0.0,3,25.0,11,1137.96,50.7,32092,true,completed
EMM_h4s4f75c0n18.txt,BBLCT,4,4,12,3,1200.0,0,0.0,3,25.0,11,1137.96,52.8,32092,true,completed
EMM_h4s4f75c0n19.txt,BBLCT,4,4,12,3,1200.0,0,0.0,3,25.0,11,1137.96,52.8,32092,true,completed
EMM_h4s4f75c0n2.txt,BBLCT,4,4,12,3,1200.0,0,0.0,3,25.0,11,1137.96,48.7,32092,true,completed
EMM_h4s4f75c0n20.txt,BBLCT,4,4,12,3,1200.0,0,0.0,3,25.0,11,1137.96,48.8,32092,true,completed
EMM_h4s4f75c0n21.txt,BBLCT,4,4,12,3,1200.0,0,0.0,3,25.0,11,1137.96,50.8,32092,true,completed
EMM_h4s4f75c0n22.txt,BBLCT,4,4,12,3,1200.0,0,0.0,3,25.0,11,1137.96,48.0,32092,true,completed
EMM_h4s4f75c0n23.txt,BBLCT,4,4,12,3,1200.0,0,0.0,3,25.0,11,1137.96,48.1,32092,true,completed
EMM_h4s4f75c0n24.txt,BBLCT,4,4,12,3,1200.0,0,0.0,3,25.0,11,1137.96,51.9,32092,true,completed
EMM_h4s4f75c0n25.txt,BBLCT,4,4,12,3,1200.0,0,0.0,3,25.0,11,1137.96,48.8,32092,true,completed
EMM_h4s4f75c0n3.txt,BBLCT,4,4,12,3,1200.0,0,0.0,3,25.0,11,1137.96,48.4,32092,true,completed
EMM_h4s4f75c0n4.txt,BBLCT,4,4,12,3,1200.0,0,0.0,3,25.0,11,1137.96,48.4,32092,true,completed
EMM_h4s4f75c0n5.txt,BBLCT,4,4,12,3,1200.0,0,0.0,3,25.0,11,1137.96,48.5,32092,true,completed
EMM_h4s4f75c0n6.txt,BBLCT,4,4,12,3,1200.0,0,0.0,3,25.0,11,1137.96,49.8,32092,true,completed
EMM_h4s4f75c0n7.txt,BBLCT,4,4,12,3,1200.0,0,0.0,3,25.0,11,1137.96,50.8,32092,true,completed
EMM_h4s4f75c0n8.txt,BBLCT,4,4,12,3,1200.0,0,0.0,3,25.0,11,1137.96,49.8,32092,true,completed
EMM_h4s4f75c0n9.txt,BBLCT,4,4,12,3,1200.0,0,0.0,3,25.0,11,1137.96,51.8,32092,true,completed
EMM_h4s4f75c1n1.txt,BBLCT,4,4,12,3,1200.0,2,16.7,12,100.0,8,784.21,0.2,1,true,completed
EMM_h4s4f75c1n10.txt,BBLCT,4,4,12,3,1200.0,2,16.7,12,100.0,8,781.91,0.2,1,true,completed
EMM_h4s4f75c1n11.txt,BBLCT,4,4,12,3,1200.0,2,16.7,12,100.0,4,375.30,0.2,1,true,completed
EMM_h4s4f75c1n12.txt,BBLCT,4,4,12,3,1200.0,1,8.3,12,100.0,8,779.40,0.2,1,true,completed
EMM_h4s4f75c1n13.txt,BBLCT,4,4,12,3,1200.0,5,41.7,12,100.0,6,613.07,0.2,1,true,completed
EMM_h4s4f75c1n14.txt,BBLCT,4,4,12,3,1200.0,1,8.3,12,100.0,4,400.80,0.2,1,true,completed
EMM_h4s4f75c1n15.txt,BBLCT,4,4,12,3,1200.0,1,8.3,12,100.0,10,968.69,0.2,1,true,completed
EMM_h4s4f75c1n16.txt,BBLCT,4,4,12,3,1200.0,1,8.3,12,100.0,8,761.80,0.2,1,true,completed
EMM_h4s4f75c1n17.txt,BBLCT,4,4,12,3,1200.0,0,0.0,12,100.0,6,565.60,0.2,1,true,completed
EMM_h4s4f75c1n18.txt,BBLCT,4,4,12,3,1200.0,2,16.7,12,100.0,8,772.75,0.2,1,true,completed
EMM_h4s4f75c1n19.txt,BBLCT,4,4,12,3,1200.0,1,8.3,12,100.0,6,589.11,0.3,1,true,completed
EMM_h4s4f75c1n2.txt,BBLCT,4,4,12,3,1200.0,1,8.3,12,100.0,12,1138.57,1.9,1043,true,completed
EMM_h4s4f75c1n20.txt,BBLCT,4,4,12,3,1200.0,2,16.7,12,100.0,5,531.37,0.2,1,true,completed
EMM_h4s4f75c1n21.txt,BBLCT,4,4,12,3,1200.0,0,0.0,12,100.0,9,841.77,0.3,1,true,completed
EMM_h4s4f75c1n22.txt,BBLCT,4,4,12,3,1200.0,1,8.3,12,100.0,1,88.71,0.1,1,true,completed
EMM_h4s4f75c1n23.txt,BBLCT,4,4,12,3,1200.0,1,8.3,12,100.0,4,350.71,0.2,1,true,completed
EMM_h4s4f75c1n24.txt,BBLCT,4,4,12,3,1200.0,1,8.3,12,100.0,6,574.32,0.2,1,true,completed
EMM_h4s4f75c1n25.txt,BBLCT,4,4,12,3,1200.0,1,8.3,12,100.0,8,770.61,0.2,1,true,completed
EMM_h4s4f75c1n3.txt,BBLCT,4,4,12,3,1200.0,2,16.7,12,100.0,5,509.72,0.2,1,true,completed
EMM_h4s4f75c1n4.txt,BBLCT,4,4,12,3,1200.0,1,8.3,12,100.0,2,192.20,0.2,1,true,completed
EMM_h4s4f75c1n5.txt,BBLCT,4,4,12,3,1200.0,2,16.7,12,100.0,6,606.97,0.2,1,true,completed
EMM_h4s4f75c1n6.txt,BBLCT,4,4,12,3,1200.0,0,0.0,12,100.0,8,785.59,0.3,1,true,completed
EMM_h4s4f75c1n7.txt,BBLCT,4,4,12,3,1200.0,3,25.0,12,100.0,6,601.50,0.2,1,true,completed
EMM_h4s4f75c1n8.txt,BBLCT,4,4,12,3,1200.0,3,25.0,12,100.0,8,784.35,0.2,1,true,completed
EMM_h4s4f75c1n9.txt,BBLCT,4,4,12,3,1200.0,0,0.0,12,100.0,11,1099.31,0.3,1,true,completed
EMM_h4s4f75c2n1.txt,BBLCT,4,4,12,3,1200.0,3,25.0,12,100.0,1,83.21,0.1,1,true,completed
EMM_h4s4f75c2n10.txt,BBLCT,4,4,12,3,1200.0,3,25.0,12,100.0,4,373.54,0.2,1,true,completed
EMM_h4s4f75c2n11.txt,BBLCT,4,4,12,3,1200.0,12,100.0,12,100.0,0,0.00,0.1,1,true,completed
EMM_h4s4f75c2n12.txt,BBLCT,4,4,12,3,1200.0,3,25.0,12,100.0,1,78.22,0.1,1,true,completed
EMM_h4s4f75c2n13.txt,BBLCT,4,4,12,3,1200.0,12,100.0,12,100.0,0,0.00,0.1,1,true,completed
EMM_h4s4f75c2n14.txt,BBLCT,4,4,12,3,1200.0,3,25.0,12,100.0,11,1110.83,0.2,1,true,completed
EMM_h4s4f75c2n15.txt,BBLCT,4,4,12,3,1200.0,3,25.0,12,100.0,4,376.58,0.2,1,true,completed
EMM_h4s4f75c2n16.txt,BBLCT,4,4,12,3,1200.0,12,100.0,12,100.0,0,0.00,0.1,1,true,completed
EMM_h4s4f75c2n17.txt,BBLCT,4,4,12,3,1200.0,3,25.0,12,100.0,10,1003.14,0.2,1,true,completed
EMM_h4s4f75c2n18.txt,BBLCT,4,4,12,3,1200.0,7,58.3,12,100.0,4,373.50,0.2,1,true,completed
EMM_h4s4f75c2n19.txt,BBLCT,4,4,12,3,1200.0,7,58.3,12,100.0,2,206.11,0.1,1,true,completed
EMM_h4s4f75c2n2.txt,BBLCT,4,4,12,3,1200.0,12,100.0,12,100.0,0,0.00,0.1,1,true,completed
EMM_h4s4f75c2n20.txt,BBLCT,4,4,12,3,1200.0,12,100.0,12,100.0,0,0.00,0.1,1,true,completed
EMM_h4s4f75c2n21.txt,BBLCT,4,4,12,3,1200.0,3,25.0,12,100.0,1,77.00,0.1,1,true,completed
EMM_h4s4f75c2n22.txt,BBLCT,4,4,12,3,1200.0,12,100.0,12,100.0,0,0.00,0.1,1,true,completed
EMM_h4s4f75c2n23.txt,BBLCT,4,4,12,3,1200.0,12,100.0,12,100.0,0,0.00,0.1,1,true,completed
EMM_h4s4f75c2n24.txt,BBLCT,4,4,12,3,1200.0,12,100.0,12,100.0,0,0.00,0.1,1,true,completed
EMM_h4s4f75c2n25.txt,BBLCT,4,4,12,3,1200.0,3,25.0,12,100.0,2,194.68,0.2,1,true,completed
EMM_h4s4f75c2n3.txt,BBLCT,4,4,12,3,1200.0,12,100.0,12,100.0,0,0.00,0.1,1,true,completed
EMM_h4s4f75c2n4.txt,BBLCT,4,4,12,3,1200.0,3,25.0,12,100.0,6,581.44,0.2,1,true,completed
EMM_h4s4f75c2n5.txt,BBLCT,4,4,12,3,1200.0,3,25.0,12,100.0,2,205.32,0.1,1,true,completed
EMM_h4s4f75c2n6.txt,BBLCT,4,4,12,3,1200.0,12,100.0,12,100.0,0,0.00,0.1,1,true,completed
EMM_h4s4f75c2n7.txt,BBLCT,4,4,12,3,1200.0,3,25.0,12,100.0,6,582.51,0.2,1,true,completed
EMM_h4s4f75c2n8.txt,BBLCT,4,4,12,3,1200.0,2,16.7,12,100.0,4,357.19,0.2,1,true,completed
EMM_h4s4f75c2n9.txt,BBLCT,4,4,12,3,1200.0,3,25.0,12,100.0,6,578.52,0.2,1,true,completed
EMM_h4s7f50c0n1.txt,BBLCT,7,4,14,4,1200.0,1,7.1,14,100.0,7,799.63,0.4,1,true,completed
EMM_h4s7f50c0n10.txt,BBLCT,7,4,14,4,1200.0,1,7.1,14,100.0,9,1042.20,0.3,1,true,completed
EMM_h4s7f50c0n11.txt,BBLCT,7,4,14,4,1200.0,1,7.1,14,100.0,7,808.79,0.3,1,true,completed
EMM_h4s7f50c0n12.txt,BBLCT,7,4,14,4,1200.0,0,0.0,14,100.0,6,643.81,0.2,1,true,completed
EMM_h4s7f50c0n13.txt,BBLCT,7,4,14,4,1200.0,1,7.1,14,100.0,8,949.81,0.3,1,true,completed
EMM_h4s7f50c0n14.txt,BBLCT,7,4,14,4,1200.0,1,7.1,14,100.0,9,1011.64,0.3,1,true,completed
EMM_h4s7f50c0n15.txt,BBLCT,7,4,14,4,1200.0,2,14.3,14,100.0,8,882.09,0.3,1,true,completed
EMM_h4s7f50c0n16.txt,BBLCT,7,4,14,4,1200.0,2,14.3,14,100.0,7,817.61,0.3,1,true,completed
EMM_h4s7f50c0n17.txt,BBLCT,7,4,14,4,1200.0,0,0.0,14,100.0,6,698.95,0.3,1,true,completed
EMM_h4s7f50c0n18.txt,BBLCT,7,4,14,4,1200.0,1,7.1,14,100.0,8,894.33,0.3,1,true,completed
EMM_h4s7f50c0n19.txt,BBLCT,7,4,14,4,1200.0,1,7.1,14,100.0,9,977.06,0.4,1,true,completed
EMM_h4s7f50c0n2.txt,BBLCT,7,4,14,4,1200.0,1,7.1,14,100.0,9,1006.07,0.3,1,true,completed
EMM_h4s7f50c0n20.txt,BBLCT,7,4,14,4,1200.0,0,0.0,14,100.0,8,919.89,0.3,1,true,completed
EMM_h4s7f50c0n21.txt,BBLCT,7,4,14,4,1200.0,1,7.1,14,100.0,7,793.11,0.3,1,true,completed
EMM_h4s7f50c0n22.txt,BBLCT,7,4,14,4,1200.0,1,7.1,14,100.0,7,778.65,0.3,1,true,completed
EMM_h4s7f50c0n23.txt,BBLCT,7,4,14,4,1200.0,1,7.1,14,100.0,10,1111.77,0.4,1,true,completed
EMM_h4s7f50c0n24.txt,BBLCT,7,4,14,4,1200.0,0,0.0,14,100.0,9,1026.73,0.3,1,true,completed
EMM_h4s7f50c0n25.txt,BBLCT,7,4,14,4,1200.0,0,0.0,14,100.0,11,1162.07,1.2,238,true,completed
EMM_h4s7f50c0n3.txt,BBLCT,7,4,14,4,1200.0,1,7.1,14,100.0,7,789.79,0.3,1,true,completed
EMM_h4s7f50c0n4.txt,BBLCT,7,4,14,4,1200.0,0,0.0,14,100.0,8,880.34,0.3,1,true,completed
EMM_h4s7f50c0n5.txt,BBLCT,7,4,14,4,1200.0,0,0.0,14,100.0,7,830.40,0.3,1,true,completed
EMM_h4s7f50c0n6.txt,BBLCT,7,4,14,4,1200.0,0,0.0,14,100.0,8,898.47,0.3,1,true,completed
EMM_h4s7f50c0n7.txt,BBLCT,7,4,14,4,1200.0,1,7.1,14,100.0,9,1022.21,0.3,1,true,completed
EMM_h4s7f50c0n8.txt,BBLCT,7,4,14,4,1200.0,1,7.1,14,100.0,9,1047.23,0.3,1,true,completed
EMM_h4s7f50c0n9.txt,BBLCT,7,4,14,4,1200.0,1,7.1,14,100.0,10,1142.36,0.4,1,true,completed
EMM_h4s7f50c1n1.txt,BBLCT,7,4,14,4,1200.0,0,0.0,14,100.0,5,542.42,0.3,1,true,completed
EMM_h4s7f50c1n10.txt,BBLCT,7,4,14,4,1200.0,2,14.3,14,100.0,4,439.24,0.2,1,true,completed
EMM_h4s7f50c1n11.txt,BBLCT,7,4,14,4,1200.0,3,21.4,14,100.0,3,334.54,0.2,1,true,completed
EMM_h4s7f50c1n12.txt,BBLCT,7,4,14,4,1200.0,1,7.1,14,100.0,4,400.25,0.2,1,true,completed
EMM_h4s7f50c1n13.txt,BBLCT,7,4,14,4,1200.0,3,21.4,14,100.0,5,562.54,0.2,1,true,completed
EMM_h4s7f50c1n14.txt,BBLCT,7,4,14,4,1200.0,3,21.4,14,100.0,4,431.09,0.2,1,true,completed
EMM_h4s7f50c1n15.txt,BBLCT,7,4,14,4,1200.0,3,21.4,14,100.0,6,682.76,0.2,1,true,completed
EMM_h4s7f50c1n16.txt,BBLCT,7,4,14,4,1200.0,2,14.3,14,100.0,4,477.14,0.2,1,true,completed
EMM_h4s7f50c1n17.txt,BBLCT,7,4,14,4,1200.0,14,100.0,14,100.0,0,0.00,0.1,1,true,completed
EMM_h4s7f50c1n18.txt,BBLCT,7,4,14,4,1200.0,3,21.4,14,100.0,2,209.25,0.2,1,true,completed
EMM_h4s7f50c1n19.txt,BBLCT,7,4,14,4,1200.0,14,100.0,14,100.0,0,0.00,0.1,1,true,completed
EMM_h4s7f50c1n2.txt,BBLCT,7,4,14,4,1200.0,3,21.4,14,100.0,4,458.31,0.2,1,true,completed
EMM_h4s7f50c1n20.txt,BBLCT,7,4,14,4,1200.0,3,21.4,14,100.0,6,636.82,0.3,1,true,completed
EMM_h4s7f50c1n21.txt,BBLCT,7,4,14,4,1200.0,1,7.1,14,100.0,3,329.09,0.2,1,true,completed
EMM_h4s7f50c1n22.txt,BBLCT,7,4,14,4,1200.0,1,7.1,14,100.0,3,348.36,0.2,1,true,completed
EMM_h4s7f50c1n23.txt,BBLCT,7,4,14,4,1200.0,3,21.4,14,100.0,7,780.74,0.2,1,true,completed
EMM_h4s7f50c1n24.txt,BBLCT,7,4,14,4,1200.0,2,14.3,14,100.0,2,217.99,0.1,1,true,completed
EMM_h4s7f50c1n25.txt,BBLCT,7,4,14,4,1200.0,1,7.1,14,100.0,5,557.37,0.2,1,true,completed
EMM_h4s7f50c1n3.txt,BBLCT,7,4,14,4,1200.0,2,14.3,14,100.0,3,291.00,0.2,1,true,completed
EMM_h4s7f50c1n4.txt,BBLCT,7,4,14,4,1200.0,1,7.1,14,100.0,6,639.72,0.3,1,true,completed
EMM_h4s7f50c1n5.txt,BBLCT,7,4,14,4,1200.0,1,7.1,14,100.0,5,534.91,0.2,1,true,completed
EMM_h4s7f50c1n6.txt,BBLCT,7,4,14,4,1200.0,3,21.4,14,100.0,1,123.37,0.1,1,true,completed
EMM_h4s7f50c1n7.txt,BBLCT,7,4,14,4,1200.0,3,21.4,14,100.0,2,222.60,0.2,1,true,completed
EMM_h4s7f50c1n8.txt,BBLCT,7,4,14,4,1200.0,2,14.3,14,100.0,2,211.77,0.2,1,true,completed
EMM_h4s7f50c1n9.txt,BBLCT,7,4,14,4,1200.0,3,21.4,14,100.0,4,431.44,0.2,1,true,completed
EMM_h4s7f50c2n1.txt,BBLCT,7,4,14,4,1200.0,7,50.0,14,100.0,2,216.83,0.2,1,true,completed
EMM_h4s7f50c2n10.txt,BBLCT,7,4,14,4,1200.0,14,100.0,14,100.0,0,0.00,0.1,1,true,completed
EMM_h4s7f50c2n11.txt,BBLCT,7,4,14,4,1200.0,7,50.0,14,100.0,1,118.20,0.1,1,true,completed
EMM_h4s7f50c2n12.txt,BBLCT,7,4,14,4,1200.0,7,50.0,14,100.0,3,321.14,0.2,1,true,completed
EMM_h4s7f50c2n13.txt,BBLCT,7,4,14,4,1200.0,3,21.4,14,100.0,5,540.89,0.2,1,true,completed
EMM_h4s7f50c2n14.txt,BBLCT,7,4,14,4,1200.0,7,50.0,14,100.0,2,215.41,0.1,1,true,completed
EMM_h4s7f50c2n15.txt,BBLCT,7,4,14,4,1200.0,14,100.0,14,100.0,0,0.00,0.1,1,true,completed
EMM_h4s7f50c2n16.txt,BBLCT,7,4,14,4,1200.0,3,21.4,14,100.0,6,687.79,0.3,1,true,completed
EMM_h4s7f50c2n17.txt,BBLCT,7,4,14,4,1200.0,3,21.4,14,100.0,5,535.80,0.2,1,true,completed
EMM_h4s7f50c2n18.txt,BBLCT,7,4,14,4,1200.0,3,21.4,14,100.0,3,312.39,0.2,1,true,completed
EMM_h4s7f50c2n19.txt,BBLCT,7,4,14,4,1200.0,7,50.0,14,100.0,2,216.83,0.2,1,true,completed
EMM_h4s7f50c2n2.txt,BBLCT,7,4,14,4,1200.0,3,21.4,14,100.0,7,782.26,0.3,1,true,completed
EMM_h4s7f50c2n20.txt,BBLCT,7,4,14,4,1200.0,14,100.0,14,100.0,0,0.00,0.1,1,true,completed
EMM_h4s7f50c2n21.txt,BBLCT,7,4,14,4,1200.0,10,71.4,14,100.0,2,229.43,0.1,1,true,completed
EMM_h4s7f50c2n22.txt,BBLCT,7,4,14,4,1200.0,7,50.0,14,100.0,5,554.70,0.2,1,true,completed
EMM_h4s7f50c2n23.txt,BBLCT,7,4,14,4,1200.0,3,21.4,14,100.0,7,740.99,0.3,1,true,completed
EMM_h4s7f50c2n24.txt,BBLCT,7,4,14,4,1200.0,14,100.0,14,100.0,0,0.00,0.1,1,true,completed
EMM_h4s7f50c2n25.txt,BBLCT,7,4,14,4,1200.0,7,50.0,14,100.0,2,221.19,0.2,1,true,completed
EMM_h4s7f50c2n3.txt,BBLCT,7,4,14,4,1200.0,3,21.4,14,100.0,2,218.80,0.2,1,true,completed
EMM_h4s7f50c2n4.txt,BBLCT,7,4,14,4,1200.0,7,50.0,14,100.0,4,504.60,0.2,1,true,completed
EMM_h4s7f50c2n5.txt,BBLCT,7,4,14,4,1200.0,7,50.0,14,100.0,1,110.43,0.1,1,true,completed
EMM_h4s7f50c2n6.txt,BBLCT,7,4,14,4,1200.0,6,42.9,14,100.0,5,560.22,0.2,1,true,completed
EMM_h4s7f50c2n7.txt,BBLCT,7,4,14,4,1200.0,2,14.3,14,100.0,6,630.79,0.3,1,true,completed
EMM_h4s7f50c2n8.txt,BBLCT,7,4,14,4,1200.0,7,50.0,14,100.0,2,222.09,0.2,1,true,completed
EMM_h4s7f50c2n9.txt,BBLCT,7,4,14,4,1200.0,3,21.4,14,100.0,3,333.75,0.2,1,true,completed
EMM_h4s7f75c0n1.txt,BBLCT,7,4,21,6,1200.0,0,0.0,5,23.8,11,1185.09,23464.6,2720737,true,completed
EMM_h4s7f75c0n10.txt,BBLCT,7,4,21,6,1200.0,0,0.0,5,23.8,8,852.14,553544.4,63554265,true,completed
EMM_h4s7f75c0n11.txt,BBLCT,7,4,21,6,1200.0,0,0.0,5,23.8,8,836.83,2592209.6,269713800,true,completed
EMM_h4s7f75c0n12.txt,BBLCT,7,4,21,6,1200.0,0,0.0,5,23.8,8,862.66,545570.6,64058434,true,completed
EMM_h4s7f75c0n13.txt,BBLCT,7,4,21,6,1200.0,0,0.0,4,19.0,10,1093.31,668608.0,93567736,true,completed
EMM_h4s7f75c0n14.txt,BBLCT,7,4,21,6,1200.0,0,0.0,5,23.8,8,868.30,1824553.0,200322236,true,completed
EMM_h4s7f75c0n15.txt,BBLCT,7,4,21,6,1200.0,0,0.0,5,23.8,8,835.83,2275755.4,242390586,true,completed
EMM_h4s7f75c0n16.txt,BBLCT,7,4,21,6,1200.0,0,0.0,4,19.0,10,1098.00,593108.8,83298508,true,completed
EMM_h4s7f75c0n17.txt,BBLCT,7,4,21,6,1200.0,0,0.0,5,23.8,8,852.14,547342.1,62828869,true,completed
EMM_h4s7f75c0n18.txt,BBLCT,7,4,21,6,1200.0,0,0.0,5,23.8,8,839.00,1941988.6,215456914,true,completed
EMM_h4s7f75c0n19.txt,BBLCT,7,4,21,6,1200.0,0,0.0,5,23.8,8,845.74,2118135.0,222913287,true,completed
EMM_h4s7f75c0n2.txt,BBLCT,7,4,21,6,1200.0,0,0.0,5,23.8,8,835.83,571334.0,66223784,true,completed
EMM_h4s7f75c0n20.txt,BBLCT,7,4,21,6,1200.0,0,0.0,4,19.0,10,1092.23,641688.5,89436073,true,completed
EMM_h4s7f75c0n21.txt,BBLCT,7,4,21,6,1200.0,0,0.0,5,23.8,8,849.45,524581.7,61972505,true,completed
EMM_h4s7f75c0n22.txt,BBLCT,7,4,21,6,1200.0,0,0.0,5,23.8,8,855.44,581147.3,65805251,true,completed
EMM_h4s7f75c0n23.txt,BBLCT,7,4,21,6,1200.0,0,0.0,5,23.8,8,839.64,555011.4,63769057,true,completed
EMM_h4s7f75c0n24.txt,BBLCT,7,4,21,6,1200.0,0,0.0,5,23.8,10,1136.46,22605.9,2681415,true,completed
EMM_h4s7f75c0n25.txt,BBLCT,7,4,21,6,1200.0,0,0.0,5,23.8,10,1143.34,22973.7,2726955,true,completed
EMM_h4s7f75c0n3.txt,BBLCT,7,4,21,6,1200.0,0,0.0,5,23.8,8,855.44,579281.6,65644212,true,completed
EMM_h4s7f75c0n4.txt,BBLCT,7,4,21,6,1200.0,0,0.0,5,23.8,11,1191.27,23091.0,2714750,true,completed
EMM_h4s7f75c0n5.txt,BBLCT,7,4,21,6,1200.0,0,0.0,5,23.8,11,1184.73,23471.2,2763973,true,completed
EMM_h4s7f75c0n6.txt,BBLCT,7,4,21,6,1200.0,0,0.0,4,19.0,10,1099.82,670021.1,91419714,true,completed
EMM_h4s7f75c0n7.txt,BBLCT,7,4,21,6,1200.0,0,0.0,5,23.8,11,1187.37,22460.5,2700127,true,completed
EMM_h4s7f75c0n8.txt,BBLCT,7,4,21,6,1200.0,0,0.0,5,23.8,8,848.08,570521.2,65549746,true,completed
EMM_h4s7f75c0n9.txt,BBLCT,7,4,21,6,1200.0,0,0.0,5,23.8,8,841.74,2024760.0,225350069,true,completed
EMM_h4s7f75c1n1.txt,BBLCT,7,4,21,6,1200.0,1,4.8,21,100.0,12,1163.22,115.7,10128,true,completed
EMM_h4s7f75c1n10.txt,BBLCT,7,4,21,6,1200.0,0,0.0,21,100.0,11,1119.08,0.5,1,true,completed
EMM_h4s7f75c1n11.txt,BBLCT,7,4,21,6,1200.0,2,9.5,21,100.0,11,1176.77,0.5,1,true,completed
EMM_h4s7f75c1n12.txt,BBLCT,7,4,21,6,1200.0,3,14.3,21,100.0,11,1109.84,0.6,1,true,completed
EMM_h4s7f75c1n13.txt,BBLCT,7,4,21,6,1200.0,1,4.8,21,100.0,10,997.75,0.6,1,true,completed
EMM_h4s7f75c1n14.txt,BBLCT,7,4,21,6,1200.0,1,4.8,11,52.4,9,919.86,211.2,34082,true,completed
EMM_h4s7f75c1n15.txt,BBLCT,7,4,21,6,1200.0,2,9.5,11,52.4,12,1196.11,80469.3,8825608,true,completed
EMM_h4s7f75c1n16.txt,BBLCT,7,4,21,6,1200.0,1,4.8,21,100.0,10,1059.21,0.4,1,true,completed
EMM_h4s7f75c1n17.txt,BBLCT,7,4,21,6,1200.0,4,19.0,16,76.2,12,1199.45,546381.0,49544754,true,completed
EMM_h4s7f75c1n18.txt,BBLCT,7,4,21,6,1200.0,1,4.8,21,100.0,12,1167.79,28882.7,3742061,true,completed
EMM_h4s7f75c1n19.txt,BBLCT,7,4,21,6,1200.0,0,0.0,17,81.0,12,1196.27,30494.6,4650397,true,completed
EMM_h4s7f75c1n2.txt,BBLCT,7,4,21,6,1200.0,2,9.5,21,100.0,8,863.67,0.5,1,true,completed
EMM_h4s7f75c1n20.txt,BBLCT,7,4,21,6,1200.0,3,14.3,11,52.4,12,1194.62,4160.4,551018,true,completed
EMM_h4s7f75c1n21.txt,BBLCT,7,4,21,6,1200.0,2,9.5,21,100.0,11,1194.87,17599.0,2389467,true,completed
EMM_h4s7f75c1n22.txt,BBLCT,7,4,21,6,1200.0,1,4.8,21,100.0,11,1164.39,0.5,1,true,completed
EMM_h4s7f75c1n23.txt,BBLCT,7,4,21,6,1200.0,1,4.8,11,52.4,12,1199.33,1965.3,285002,true,completed
EMM_h4s7f75c1n24.txt,BBLCT,7,4,21,6,1200.0,3,14.3,21,100.0,12,1157.35,2747.5,343814,true,completed
EMM_h4s7f75c1n25.txt,BBLCT,7,4,21,6,1200.0,2,9.5,14,66.7,8,788.71,137350.4,18434326,true,completed
EMM_h4s7f75c1n3.txt,BBLCT,7,4,21,6,1200.0,0,0.0,17,81.0,12,1187.55,10554.6,1580997,true,completed
EMM_h4s7f75c1n4.txt,BBLCT,7,4,21,6,1200.0,2,9.5,11,52.4,9,879.80,3780.0,573931,true,completed
EMM_h4s7f75c1n5.txt,BBLCT,7,4,21,6,1200.0,2,9.5,21,100.0,11,1104.63,0.5,1,true,completed
EMM_h4s7f75c1n6.txt,BBLCT,7,4,21,6,1200.0,1,4.8,21,100.0,12,1199.68,137.9,19471,true,completed
EMM_h4s7f75c1n7.txt,BBLCT,7,4,21,6,1200.0,3,14.3,21,100.0,11,1132.30,0.6,1,true,completed
EMM_h4s7f75c1n8.txt,BBLCT,7,4,21,6,1200.0,2,9.5,21,100.0,10,1054.53,0.5,1,true,completed
EMM_h4s7f75c1n9.txt,BBLCT,7,4,21,6,1200.0,3,14.3,21,100.0,12,1188.89,10731.7,1333121,true,completed
EMM_h4s7f75c2n1.txt,BBLCT,7,4,21,6,1200.0,2,9.5,21,100.0,10,1028.61,0.4,1,true,completed
EMM_h4s7f75c2n10.txt,BBLCT,7,4,21,6,1200.0,7,33.3,21,100.0,2,187.87,0.2,1,true,completed
EMM_h4s7f75c2n11.txt,BBLCT,7,4,21,6,1200.0,2,9.5,21,100.0,11,1136.91,0.5,1,true,completed
EMM_h4s7f75c2n12.txt,BBLCT,7,4,21,6,1200.0,7,33.3,21,100.0,5,545.53,0.2,1,true,completed
EMM_h4s7f75c2n13.txt,BBLCT,7,4,21,6,1200.0,7,33.3,21,100.0,4,386.45,0.2,1,true,completed
EMM_h4s7f75c2n14.txt,BBLCT,7,4,21,6,1200.0,3,14.3,21,100.0,10,1034.44,0.5,1,true,completed
EMM_h4s7f75c2n15.txt,BBLCT,7,4,21,6,1200.0,7,33.3,21,100.0,8,813.30,0.4,1,true,completed
EMM_h4s7f75c2n16.txt,BBLCT,7,4,21,6,1200.0,14,66.7,21,100.0,5,518.87,0.2,1,true,completed
EMM_h4s7f75c2n17.txt,BBLCT,7,4,21,6,1200.0,2,9.5,21,100.0,9,908.75,0.4,1,true,completed
EMM_h4s7f75c2n18.txt,BBLCT,7,4,21,6,1200.0,3,14.3,21,100.0,4,368.82,0.2,1,true,completed
EMM_h4s7f75c2n19.txt,BBLCT,7,4,21,6,1200.0,11,52.4,21,100.0,3,331.96,0.2,1,true,completed
EMM_h4s7f75c2n2.txt,BBLCT,7,4,21,6,1200.0,1,4.8,21,100.0,8,812.87,0.4,1,true,completed
EMM_h4s7f75c2n20.txt,BBLCT,7,4,21,6,1200.0,2,9.5,21,100.0,9,962.67,0.4,1,true,completed
EMM_h4s7f75c2n21.txt,BBLCT,7,4,21,6,1200.0,1,4.8,21,100.0,5,494.90,0.3,1,true,completed
EMM_h4s7f75c2n22.txt,BBLCT,7,4,21,6,1200.0,3,14.3,21,100.0,9,917.36,0.4,1,true,completed
EMM_h4s7f75c2n23.txt,BBLCT,7,4,21,6,1200.0,2,9.5,21,100.0,6,630.04,0.3,1,true,completed
EMM_h4s7f75c2n24.txt,BBLCT,7,4,21,6,1200.0,2,9.5,21,100.0,8,840.22,0.3,1,true,completed
EMM_h4s7f75c2n25.txt,BBLCT,7,4,21,6,1200.0,2,9.5,21,100.0,7,688.59,0.4,1,true,completed
EMM_h4s7f75c2n3.txt,BBLCT,7,4,21,6,1200.0,6,28.6,21,100.0,7,699.02,0.3,1,true,completed
EMM_h4s7f75c2n4.txt,BBLCT,7,4,21,6,1200.0,2,9.5,21,100.0,8,823.50,0.4,1,true,completed
EMM_h4s7f75c2n5.txt,BBLCT,7,4,21,6,1200.0,3,14.3,21,100.0,7,663.10,0.4,1,true,completed
EMM_h4s7f75c2n6.txt,BBLCT,7,4,21,6,1200.0,7,33.3,21,100.0,5,489.14,0.2,1,true,completed
EMM_h4s7f75c2n7.txt,BBLCT,7,4,21,6,1200.0,2,9.5,21,100.0,11,1101.87,0.6,1,true,completed
EMM_h4s7f75c2n8.txt,BBLCT,7,4,21,6,1200.0,7,33.3,21,100.0,1,101.56,0.2,1,true,completed
EMM_h4s7f75c2n9.txt,BBLCT,7,4,21,6,1200.0,3,14.3,21,100.0,8,817.35,0.4,1,true,completed
ZJY_h4s6n1.txt,BBLCT,6,4,17,10,600.0,1,5.9,7,41.2,4,390.34,7.3,819,true,completed
ZJY_h4s6n10.txt,BBLCT,6,4,17,10,600.0,0,0.0,8,47.1,6,586.68,2.1,321,true,completed
ZJY_h4s6n11.txt,BBLCT,6,4,17,9,600.0,0,0.0,4,23.5,4,372.21,2.8,407,true,completed
ZJY_h4s6n12.txt,BBLCT,6,4,17,10,600.0,1,5.9,10,58.8,5,544.42,0.5,27,true,completed
ZJY_h4s6n13.txt,BBLCT,6,4,17,10,600.0,0,0.0,7,41.2,5,541.48,2.6,289,true,completed
ZJY_h4s6n14.txt,BBLCT,6,4,17,10,600.0,1,5.9,4,23.5,5,487.34,0.8,104,true,completed
ZJY_h4s6n15.txt,BBLCT,6,4,17,10,600.0,1,5.9,7,41.2,4,411.77,0.6,34,true,completed
ZJY_h4s6n16.txt,BBLCT,6,4,17,10,600.0,1,5.9,8,47.1,5,519.90,0.4,10,true,completed
ZJY_h4s6n17.txt,BBLCT,6,4,17,10,600.0,1,5.9,11,64.7,6,594.99,4.3,479,true,completed
ZJY_h4s6n18.txt,BBLCT,6,4,17,10,600.0,1,5.9,7,41.2,6,595.22,1.6,199,true,completed
ZJY_h4s6n19.txt,BBLCT,6,4,17,10,600.0,1,5.9,6,35.3,4,395.33,3.2,736,true,completed
ZJY_h4s6n2.txt,BBLCT,6,4,17,10,600.0,3,17.6,8,47.1,5,582.61,1.9,226,true,completed
ZJY_h4s6n20.txt,BBLCT,6,4,17,10,600.0,1,5.9,8,47.1,4,412.09,0.5,20,true,completed
ZJY_h4s6n3.txt,BBLCT,6,4,17,10,600.0,1,5.9,5,29.4,5,504.15,0.6,76,true,completed
ZJY_h4s6n4.txt,BBLCT,6,4,17,10,600.0,0,0.0,2,11.8,4,391.56,78.3,20136,true,completed
ZJY_h4s6n5.txt,BBLCT,6,4,17,10,600.0,1,5.9,11,64.7,6,596.19,1.4,210,true,completed
ZJY_h4s6n6.txt,BBLCT,6,4,17,10,600.0,3,17.6,10,58.8,6,598.50,5.7,789,true,completed
ZJY_h4s6n7.txt,BBLCT,6,4,17,10,600.0,2,11.8,4,23.5,4,408.27,0.9,84,true,completed
ZJY_h4s6n8.txt,BBLCT,6,4,17,10,600.0,0,0.0,2,11.8,4,383.61,3.1,979,true,completed
ZJY_h4s6n9.txt,BBLCT,6,4,17,10,600.0,1,5.9,10,58.8,6,592.89,9.8,1242,true,completed
ZJY_h4s7n1.txt,BBLCT,7,4,20,10,600.0,1,5.0,9,45.0,6,594.55,1.1,76,true,completed
ZJY_h4s7n10.txt,BBLCT,7,4,20,9,600.0,1,5.0,4,20.0,4,379.54,18.8,2646,true,completed
ZJY_h4s7n11.txt,BBLCT,7,4,20,10,600.0,1,5.0,7,35.0,6,590.87,1.2,86,true,completed
ZJY_h4s7n12.txt,BBLCT,7,4,20,10,600.0,0,0.0,7,35.0,3,282.54,16.4,1769,true,completed
ZJY_h4s7n13.txt,BBLCT,7,4,20,10,600.0,1,5.0,5,25.0,4,388.51,2.4,254,true,completed
ZJY_h4s7n14.txt,BBLCT,7,4,20,10,600.0,0,0.0,7,35.0,5,488.66,1.7,113,true,completed
ZJY_h4s7n15.txt,BBLCT,7,4,20,9,600.0,1,5.0,5,25.0,6,591.20,1.3,82,true,completed
ZJY_h4s7n16.txt,BBLCT,7,4,20,10,600.0,1,5.0,5,25.0,3,305.40,14.1,2314,true,completed
ZJY_h4s7n17.txt,BBLCT,7,4,20,10,600.0,1,5.0,8,40.0,6,597.65,1.8,195,true,completed
ZJY_h4s7n18.txt,BBLCT,7,4,20,10,600.0,0,0.0,11,55.0,5,499.49,1.1,77,true,completed
ZJY_h4s7n19.txt,BBLCT,7,4,20,10,600.0,0,0.0,5,25.0,4,374.64,13.8,2023,true,completed
ZJY_h4s7n2.txt,BBLCT,7,4,20,10,600.0,1,5.0,12,60.0,5,526.81,0.4,1,true,completed
ZJY_h4s7n20.txt,BBLCT,7,4,20,10,600.0,0,0.0,5,25.0,4,394.06,12.3,2204,true,completed
ZJY_h4s7n3.txt,BBLCT,7,4,20,10,600.0,2,10.0,8,40.0,5,482.35,1.4,96,true,completed
ZJY_h4s7n4.txt,BBLCT,7,4,20,10,600.0,1,5.0,6,30.0,6,591.37,1.2,85,true,completed
ZJY_h4s7n5.txt,BBLCT,7,4,20,9,600.0,3,15.0,9,45.0,6,590.56,1.9,146,true,completed
ZJY_h4s7n6.txt,BBLCT,7,4,20,10,600.0,3,15.0,7,35.0,4,400.49,2.5,212,true,completed
ZJY_h4s7n7.txt,BBLCT,7,4,20,10,600.0,0,0.0,5,25.0,4,408.46,1.5,177,true,completed
ZJY_h4s7n8.txt,BBLCT,7,4,20,10,600.0,0,0.0,4,20.0,5,493.00,0.5,1,true,completed
ZJY_h4s7n9.txt,BBLCT,7,4,20,10,600.0,0,0.0,7,35.0,5,482.78,11.4,1598,true,completed
ZJY_h4s8n1.txt,BBLCT,8,4,22,10,600.0,9,40.9,22,100.0,2,194.70,0.2,1,true,completed
ZJY_h4s8n10.txt,BBLCT,8,4,22,10,600.0,0,0.0,9,40.9,4,413.25,36.6,2322,true,completed
ZJY_h4s8n11.txt,BBLCT,8,4,22,10,600.0,2,9.1,5,22.7,5,518.41,0.4,1,true,completed
ZJY_h4s8n12.txt,BBLCT,8,4,22,10,600.0,0,0.0,13,59.1,6,598.62,0.4,1,true,completed
ZJY_h4s8n13.txt,BBLCT,8,4,22,10,600.0,1,4.5,7,31.8,5,509.01,1.9,80,true,completed
ZJY_h4s8n14.txt,BBLCT,8,4,22,10,600.0,0,0.0,22,100.0,5,513.87,0.4,1,true,completed
ZJY_h4s8n15.txt,BBLCT,8,4,22,10,600.0,1,4.5,7,31.8,5,498.68,120.5,8679,true,completed
ZJY_h4s8n16.txt,BBLCT,8,4,22,10,600.0,0,0.0,6,27.3,4,396.05,1.0,57,true,completed
ZJY_h4s8n17.txt,BBLCT,8,4,22,10,600.0,2,9.1,7,31.8,5,482.94,1.9,123,true,completed
ZJY_h4s8n18.txt,BBLCT,8,4,22,10,600.0,2,9.1,5,22.7,5,499.50,53.4,3861,true,completed
ZJY_h4s8n19.txt,BBLCT,8,4,22,10,600.0,0,0.0,11,50.0,5,510.76,1.3,82,true,completed
ZJY_h4s8n2.txt,BBLCT,8,4,22,10,600.0,1,4.5,9,40.9,6,596.70,1.1,31,true,completed
ZJY_h4s8n20.txt,BBLCT,8,4,22,10,600.0,0,0.0,4,18.2,5,522.62,26.6,3165,true,completed
ZJY_h4s8n3.txt,BBLCT,8,4,22,10,600.0,2,9.1,12,54.5,5,532.56,1.0,62,true,completed
ZJY_h4s8n4.txt,BBLCT,8,4,22,10,600.0,0,0.0,6,27.3,5,506.43,0.4,1,true,completed
ZJY_h4s8n5.txt,BBLCT,8,4,22,10,600.0,0,0.0,8,36.4,6,588.15,2.2,102,true,completed
ZJY_h4s8n6.txt,BBLCT,8,4,22,10,600.0,4,18.2,9,40.9,5,551.10,6.7,540,true,completed
ZJY_h4s8n7.txt,BBLCT,8,4,22,10,600.0,5,22.7,22,100.0,6,567.60,1.0,143,true,completed
ZJY_h4s8n8.txt,BBLCT,8,4,22,10,600.0,1,4.5,9,40.9,5,485.10,183.4,11645,true,completed
ZJY_h4s8n9.txt,BBLCT,8,4,22,10,600.0,1,4.5,11,50.0,5,524.17,3.0,155,true,completed
ZJY_h4s9n1.txt,BBLCT,9,4,25,10,600.0,0,0.0,7,28.0,6,596.41,9.2,528,true,completed
ZJY_h4s9n10.txt,BBLCT,9,4,25,10,600.0,0,0.0,9,36.0,5,514.46,43.4,2330,true,completed
ZJY_h4s9n11.txt,BBLCT,9,4,25,10,600.0,0,0.0,8,32.0,6,593.69,3.8,133,true,completed
ZJY_h4s9n12.txt,BBLCT,9,4,25,10,600.0,0,0.0,5,20.0,5,495.29,0.4,1,true,completed
ZJY_h4s9n13.txt,BBLCT,9,4,25,10,600.0,0,0.0,9,36.0,6,599.36,20.8,1281,true,completed
ZJY_h4s9n14.txt,BBLCT,9,4,25,10,600.0,3,12.0,9,36.0,5,479.03,102.4,9173,true,completed
ZJY_h4s9n15.txt,BBLCT,9,4,25,10,600.0,1,4.0,17,68.0,5,537.10,1.1,35,true,completed
ZJY_h4s9n16.txt,BBLCT,9,4,25,9,600.0,2,8.0,15,60.0,6,584.72,11.6,576,true,completed
ZJY_h4s9n17.txt,BBLCT,9,4,25,10,600.0,0,0.0,10,40.0,6,599.25,24.6,2054,true,completed
ZJY_h4s9n18.txt,BBLCT,9,4,25,10,600.0,0,0.0,10,40.0,6,598.84,46.1,2241,true,completed
ZJY_h4s9n19.txt,BBLCT,9,4,25,10,600.0,1,4.0,12,48.0,5,520.09,0.9,26,true,completed
ZJY_h4s9n2.txt,BBLCT,9,4,25,10,600.0,6,24.0,22,88.0,4,397.26,124.0,5106,true,completed
ZJY_h4s9n20.txt,BBLCT,9,4,25,10,600.0,1,4.0,4,16.0,5,535.96,0.4,1,true,completed
ZJY_h4s9n3.txt,BBLCT,9,4,25,9,600.0,6,24.0,12,48.0,4,372.65,16.9,766,true,completed
ZJY_h4s9n4.txt,BBLCT,9,4,25,10,600.0,0,0.0,6,24.0,5,508.71,0.4,1,true,completed
ZJY_h4s9n5.txt,BBLCT,9,4,25,10,600.0,3,12.0,14,56.0,5,521.36,1.3,32,true,completed
ZJY_h4s9n6.txt,BBLCT,9,4,25,10,600.0,0,0.0,9,36.0,6,599.93,218.2,11306,true,completed
ZJY_h4s9n7.txt,BBLCT,9,4,25,10,600.0,0,0.0,7,28.0,5,498.68,0.4,1,true,completed
ZJY_h4s9n8.txt,BBLCT,9,4,25,10,600.0,0,0.0,6,24.0,6,594.06,1.7,46,true,completed
ZJY_h4s9n9.txt,BBLCT,9,4,25,10,600.0,4,16.0,16,64.0,5,517.34,22.5,812,true,completed
ZJY_h5s6n1.txt,BBLCT,6,5,21,10,600.0,0,0.0,3,14.3,4,431.55,0.4,1,true,completed
ZJY_h5s6n10.txt,BBLCT,6,5,21,10,600.0,0,0.0,4,19.0,3,300.79,10.8,2280,true,completed
ZJY_h5s6n11.txt,BBLCT,6,5,21,10,600.0,1,4.8,3,14.3,5,524.46,0.5,38,true,completed
ZJY_h5s6n12.txt,BBLCT,6,5,21,10,600.0,0,0.0,4,19.0,4,415.55,14.3,2395,true,completed
ZJY_h5s6n13.txt,BBLCT,6,5,21,10,600.0,0,0.0,3,14.3,4,391.24,19.6,2526,true,completed
ZJY_h5s6n14.txt,BBLCT,6,5,21,10,600.0,0,0.0,5,23.8,5,572.00,0.4,1,true,completed
ZJY_h5s6n15.txt,BBLCT,6,5,21,10,600.0,0,0.0,3,14.3,5,532.73,0.4,1,true,completed
ZJY_h5s6n16.txt,BBLCT,6,5,21,10,600.0,0,0.0,2,9.5,5,524.16,0.4,1,true,completed
ZJY_h5s6n17.txt,BBLCT,6,5,21,10,600.0,2,9.5,11,52.4,6,593.79,11.1,793,true,completed
ZJY_h5s6n18.txt,BBLCT,6,5,21,10,600.0,1,4.8,4,19.0,4,424.26,0.5,2,true,completed
ZJY_h5s6n19.txt,BBLCT,6,5,21,10,600.0,1,4.8,3,14.3,4,409.25,0.4,2,true,completed
ZJY_h5s6n2.txt,BBLCT,6,5,21,10,600.0,1,4.8,4,19.0,4,397.67,20.6,3157,true,completed
ZJY_h5s6n20.txt,BBLCT,6,5,21,10,600.0,1,4.8,6,28.6,4,428.94,0.4,2,true,completed
ZJY_h5s6n3.txt,BBLCT,6,5,21,10,600.0,1,4.8,4,19.0,5,543.63,0.4,1,true,completed
ZJY_h5s6n4.txt,BBLCT,6,5,21,10,600.0,0,0.0,8,38.1,5,547.67,3.4,613,true,completed
ZJY_h5s6n5.txt,BBLCT,6,5,21,10,600.0,0,0.0,2,9.5,3,298.27,3.7,1094,true,completed
ZJY_h5s6n6.txt,BBLCT,6,5,21,10,600.0,0,0.0,3,14.3,4,410.09,0.4,1,true,completed
ZJY_h5s6n7.txt,BBLCT,6,5,21,10,600.0,1,4.8,2,9.5,5,532.30,0.4,2,true,completed
ZJY_h5s6n8.txt,BBLCT,6,5,21,10,600.0,2,9.5,3,14.3,3,319.63,10.7,1618,true,completed
ZJY_h5s6n9.txt,BBLCT,6,5,21,10,600.0,0,0.0,9,42.9,5,523.74,0.4,1,true,completed
ZJY_h4s6n1.txt,BBLCT,6,4,17,10,900.0,1,5.9,8,47.1,6,620.86,188.7,32999,true,completed
ZJY_h4s6n10.txt,BBLCT,6,4,17,10,900.0,0,0.0,17,100.0,9,895.87,1.4,233,true,completed
ZJY_h4s6n11.txt,BBLCT,6,4,17,9,900.0,0,0.0,5,29.4,6,616.74,34.7,6776,true,completed
ZJY_h4s6n12.txt,BBLCT,6,4,17,10,900.0,1,5.9,17,100.0,8,846.05,0.4,1,true,completed
ZJY_h4s6n13.txt,BBLCT,6,4,17,10,900.0,0,0.0,8,47.1,7,707.40,389.2,76381,true,completed
ZJY_h4s6n14.txt,BBLCT,6,4,17,10,900.0,1,5.9,7,41.2,8,839.73,68.0,14239,true,completed
ZJY_h4s6n15.txt,BBLCT,6,4,17,10,900.0,1,5.9,8,47.1,7,730.34,156.5,22371,true,completed
ZJY_h4s6n16.txt,BBLCT,6,4,17,10,900.0,1,5.9,14,82.4,8,852.61,177.1,23426,true,completed
ZJY_h4s6n17.txt,BBLCT,6,4,17,10,900.0,1,5.9,11,64.7,6,572.72,377.5,62806,true,completed
ZJY_h4s6n18.txt,BBLCT,6,4,17,10,900.0,1,5.9,8,47.1,8,782.58,111.7,20127,true,completed
ZJY_h4s6n19.txt,BBLCT,6,4,17,10,900.0,1,5.9,17,100.0,8,842.54,0.5,1,true,completed
ZJY_h4s6n2.txt,BBLCT,6,4,17,10,900.0,3,17.6,9,52.9,6,624.87,21.6,3202,true,completed
ZJY_h4s6n20.txt,BBLCT,6,4,17,10,900.0,1,5.9,17,100.0,8,839.36,2.2,422,true,completed
ZJY_h4s6n3.txt,BBLCT,6,4,17,10,900.0,1,5.9,8,47.1,8,827.57,41.4,8084,true,completed
ZJY_h4s6n4.txt,BBLCT,6,4,17,10,900.0,0,0.0,7,41.2,8,881.27,84.2,19714,true,completed
ZJY_h4s6n5.txt,BBLCT,6,4,17,10,900.0,1,5.9,13,76.5,9,880.24,0.5,1,true,completed
ZJY_h4s6n6.txt,BBLCT,6,4,17,10,900.0,3,17.6,17,100.0,8,869.40,9.9,1346,true,completed
ZJY_h4s6n7.txt,BBLCT,6,4,17,10,900.0,2,11.8,11,64.7,9,893.82,22.1,3474,true,completed
ZJY_h4s6n8.txt,BBLCT,6,4,17,10,900.0,0,0.0,5,29.4,8,860.62,36.8,6340,true,completed
ZJY_h4s6n9.txt,BBLCT,6,4,17,10,900.0,1,5.9,17,100.0,8,847.53,0.5,1,true,completed
ZJY_h4s7n1.txt,BBLCT,7,4,20,10,900.0,1,5.0,16,80.0,8,867.55,826.9,90871,true,completed
ZJY_h4s7n10.txt,BBLCT,7,4,20,9,900.0,1,5.0,7,35.0,8,861.61,20.9,2565,true,completed
ZJY_h4s7n11.txt,BBLCT,7,4,20,10,900.0,1,5.0,14,70.0,9,899.20,1440.3,185571,true,completed
ZJY_h4s7n12.txt,BBLCT,7,4,20,10,900.0,0,0.0,16,80.0,7,734.26,26.1,2883,true,completed
ZJY_h4s7n13.txt,BBLCT,7,4,20,10,900.0,1,5.0,16,80.0,8,847.86,958.6,91523,true,completed
ZJY_h4s7n14.txt,BBLCT,7,4,20,10,900.0,0,0.0,13,65.0,9,893.48,3464.2,306950,true,completed
ZJY_h4s7n15.txt,BBLCT,7,4,20,9,900.0,1,5.0,6,30.0,8,864.08,15.1,1998,true,completed
ZJY_h4s7n16.txt,BBLCT,7,4,20,10,900.0,1,5.0,15,75.0,8,879.41,256.2,33728,true,completed
ZJY_h4s7n17.txt,BBLCT,7,4,20,10,900.0,1,5.0,20,100.0,8,890.56,13.9,1807,true,completed
ZJY_h4s7n18.txt,BBLCT,7,4,20,10,900.0,0,0.0,13,65.0,9,898.11,663.1,82282,true,completed
ZJY_h4s7n19.txt,BBLCT,7,4,20,10,900.0,0,0.0,7,35.0,6,600.02,383.2,49772,true,completed
ZJY_h4s7n2.txt,BBLCT,7,4,20,10,900.0,1,5.0,20,100.0,8,880.63,0.5,1,true,completed
ZJY_h4s7n20.txt,BBLCT,7,4,20,10,900.0,0,0.0,9,45.0,6,615.71,314.8,49100,true,completed
ZJY_h4s7n3.txt,BBLCT,7,4,20,10,900.0,2,10.0,10,50.0,8,898.09,275.6,27385,true,completed
ZJY_h4s7n4.txt,BBLCT,7,4,20,10,900.0,1,5.0,8,40.0,8,858.87,89.4,7555,true,completed
ZJY_h4s7n5.txt,BBLCT,7,4,20,9,900.0,3,15.0,10,50.0,9,887.88,11.4,1225,true,completed
ZJY_h4s7n6.txt,BBLCT,7,4,20,10,900.0,3,15.0,9,45.0,6,633.11,48.9,5360,true,completed
ZJY_h4s7n7.txt,BBLCT,7,4,20,10,900.0,0,0.0,8,40.0,8,834.37,22.2,3020,true,completed
ZJY_h4s7n8.txt,BBLCT,7,4,20,10,900.0,0,0.0,7,35.0,8,886.50,1.2,84,true,completed
ZJY_h4s7n9.txt,BBLCT,7,4,20,10,900.0,0,0.0,14,70.0,9,892.49,170.7,20981,true,completed
ZJY_h4s8n1.txt,BBLCT,8,4,22,10,900.0,9,40.9,22,100.0,2,194.70,0.2,1,true,completed
ZJY_h4s8n10.txt,BBLCT,8,4,22,10,900.0,0,0.0,14,63.6,8,897.78,56.9,2546,true,completed
ZJY_h4s8n11.txt,BBLCT,8,4,22,10,900.0,2,9.1,9,40.9,8,894.84,208.3,14879,true,completed
ZJY_h4s8n12.txt,BBLCT,8,4,22,10,900.0,0,0.0,18,81.8,9,890.04,114.0,7232,true,completed
ZJY_h4s8n13.txt,BBLCT,8,4,22,10,900.0,1,4.5,8,36.4,8,857.97,325.1,26294,true,completed
ZJY_h4s8n14.txt,BBLCT,8,4,22,10,900.0,0,0.0,22,100.0,5,513.87,0.5,1,true,completed
ZJY_h4s8n15.txt,BBLCT,8,4,22,10,900.0,1,4.5,15,68.2,8,839.73,56.3,3819,true,completed
ZJY_h4s8n16.txt,BBLCT,8,4,22,10,900.0,0,0.0,10,45.5,7,743.10,4.4,306,true,completed
ZJY_h4s8n17.txt,BBLCT,8,4,22,10,900.0,2,9.1,13,59.1,8,866.83,1532.6,97364,true,completed
ZJY_h4s8n18.txt,BBLCT,8,4,22,10,900.0,2,9.1,6,27.3,7,699.67,1045.9,111876,true,completed
ZJY_h4s8n19.txt,BBLCT,8,4,22,10,900.0,0,0.0,22,100.0,8,897.81,160.9,14196,true,completed
ZJY_h4s8n2.txt,BBLCT,8,4,22,10,900.0,1,4.5,9,40.9,6,584.27,3231.7,194641,true,completed
ZJY_h4s8n20.txt,BBLCT,8,4,22,10,900.0,0,0.0,10,45.5,6,621.93,604.9,61837,true,completed
ZJY_h4s8n3.txt,BBLCT,8,4,22,10,900.0,2,9.1,14,63.6,8,873.02,173.4,9955,true,completed
ZJY_h4s8n4.txt,BBLCT,8,4,22,10,900.0,0,0.0,7,31.8,8,889.41,194.0,13185,true,completed
ZJY_h4s8n5.txt,BBLCT,8,4,22,10,900.0,0,0.0,12,54.5,8,880.54,8.9,508,true,completed
ZJY_h4s8n6.txt,BBLCT,8,4,22,10,900.0,4,18.2,22,100.0,7,813.28,0.5,1,true,completed
ZJY_h4s8n7.txt,BBLCT,8,4,22,10,900.0,5,22.7,22,100.0,6,651.40,0.4,1,true,completed
ZJY_h4s8n8.txt,BBLCT,8,4,22,10,900.0,1,4.5,12,54.5,9,898.54,31.5,2187,true,completed
ZJY_h4s8n9.txt,BBLCT,8,4,22,10,900.0,1,4.5,13,59.1,8,850.50,39.8,2064,true,completed
ZJY_h4s9n1.txt,BBLCT,9,4,25,10,900.0,0,0.0,8,32.0,8,896.52,14.4,996,true,completed
ZJY_h4s9n10.txt,BBLCT,9,4,25,10,900.0,0,0.0,10,40.0,7,706.10,36952.0,3025005,true,completed
ZJY_h4s9n11.txt,BBLCT,9,4,25,10,900.0,0,0.0,9,36.0,9,895.12,7.5,435,true,completed
ZJY_h4s9n12.txt,BBLCT,9,4,25,10,900.0,0,0.0,8,32.0,8,886.57,374.9,20836,true,completed
ZJY_h4s9n13.txt,BBLCT,9,4,25,10,900.0,0,0.0,12,48.0,8,862.49,164.0,9911,true,completed
ZJY_h4s9n14.txt,BBLCT,9,4,25,10,900.0,3,12.0,17,68.0,9,898.78,24.0,1077,true,completed
ZJY_h4s9n15.txt,BBLCT,9,4,25,10,900.0,1,4.0,25,100.0,7,753.87,0.6,1,true,completed
ZJY_h4s9n16.txt,BBLCT,9,4,25,9,900.0,2,8.0,16,64.0,9,899.89,506.6,19033,true,completed
ZJY_h4s9n17.txt,BBLCT,9,4,25,10,900.0,0,0.0,11,44.0,8,853.50,246.9,18477,true,completed
ZJY_h4s9n18.txt,BBLCT,9,4,25,10,900.0,0,0.0,11,44.0,7,701.09,604.3,43719,true,completed
ZJY_h4s9n19.txt,BBLCT,9,4,25,10,900.0,1,4.0,17,68.0,7,744.30,641.3,25243,true,completed
ZJY_h4s9n2.txt,BBLCT,9,4,25,10,900.0,6,24.0,25,100.0,7,775.53,0.5,1,true,completed
ZJY_h4s9n20.txt,BBLCT,9,4,25,10,900.0,1,4.0,6,24.0,8,812.25,30421.3,1610518,true,completed
ZJY_h4s9n3.txt,BBLCT,9,4,25,9,900.0,6,24.0,15,60.0,8,883.86,71.9,3078,true,completed
ZJY_h4s9n4.txt,BBLCT,9,4,25,10,900.0,0,0.0,8,32.0,8,875.84,80.7,3294,true,completed
ZJY_h4s9n5.txt,BBLCT,9,4,25,10,900.0,3,12.0,25,100.0,8,895.44,17434.5,800321,true,completed
ZJY_h4s9n6.txt,BBLCT,9,4,25,10,900.0,0,0.0,9,36.0,6,599.93,8889.9,610575,true,completed
ZJY_h4s9n7.txt,BBLCT,9,4,25,10,900.0,0,0.0,9,36.0,9,897.87,5790.7,244141,true,completed
ZJY_h4s9n8.txt,BBLCT,9,4,25,10,900.0,0,0.0,7,28.0,8,864.40,14.6,477,true,completed
ZJY_h4s9n9.txt,BBLCT,9,4,25,10,900.0,4,16.0,19,76.0,8,880.80,2550.7,96813,true,completed
ZJY_h5s6n1.txt,BBLCT,6,5,21,10,900.0,0,0.0,3,14.3,4,422.93,2028.0,271086,true,completed
ZJY_h5s6n10.txt,BBLCT,6,5,21,10,900.0,0,0.0,8,38.1,8,842.26,3.5,459,true,completed
ZJY_h5s6n11.txt,BBLCT,6,5,21,10,900.0,1,4.8,10,47.6,6,643.43,48.7,5292,true,completed
ZJY_h5s6n12.txt,BBLCT,6,5,21,10,900.0,0,0.0,9,42.9,7,822.42,0.9,66,true,completed
ZJY_h5s6n13.txt,BBLCT,6,5,21,10,900.0,0,0.0,4,19.0,8,840.72,4.2,788,true,completed
ZJY_h5s6n14.txt,BBLCT,6,5,21,10,900.0,0,0.0,5,23.8,5,534.47,846.0,100863,true,completed
ZJY_h5s6n15.txt,BBLCT,6,5,21,10,900.0,0,0.0,5,23.8,8,887.80,735.5,113457,true,completed
ZJY_h5s6n16.txt,BBLCT,6,5,21,10,900.0,0,0.0,2,9.5,4,412.87,589.4,194337,true,completed
ZJY_h5s6n17.txt,BBLCT,6,5,21,10,900.0,2,9.5,12,57.1,8,860.85,154.1,15113,true,completed
ZJY_h5s6n18.txt,BBLCT,6,5,21,10,900.0,1,4.8,5,23.8,7,854.66,12.2,2247,true,completed
ZJY_h5s6n19.txt,BBLCT,6,5,21,10,900.0,1,4.8,4,19.0,7,831.04,120.9,16006,true,completed
ZJY_h5s6n2.txt,BBLCT,6,5,21,10,900.0,1,4.8,5,23.8,8,837.20,5.4,985,true,completed
ZJY_h5s6n20.txt,BBLCT,6,5,21,10,900.0,1,4.8,9,42.9,8,886.25,24.9,2457,true,completed
ZJY_h5s6n3.txt,BBLCT,6,5,21,10,900.0,1,4.8,4,19.0,5,518.38,145.6,30106,true,completed
ZJY_h5s6n4.txt,BBLCT,6,5,21,10,900.0,0,0.0,9,42.9,6,717.70,8.8,1554,true,completed
ZJY_h5s6n5.txt,BBLCT,6,5,21,10,900.0,0,0.0,7,33.3,8,897.81,371.5,51302,true,completed
ZJY_h5s6n6.txt,BBLCT,6,5,21,10,900.0,0,0.0,7,33.3,8,899.68,33.1,4405,true,completed
ZJY_h5s6n7.txt,BBLCT,6,5,21,10,900.0,1,4.8,4,19.0,7,754.80,2.2,410,true,completed
ZJY_h5s6n8.txt,BBLCT,6,5,21,10,900.0,2,9.5,4,19.0,7,806.45,21.5,4964,true,completed
ZJY_h5s6n9.txt,BBLCT,6,5,21,10,900.0,0,0.0,13,61.9,8,861.72,153.9,17600,true,completed
ZJY_h4s6n1.txt,BBLCT,6,4,17,10,1200.0,1,5.9,17,100.0,10,1068.53,0.7,1,true,completed
ZJY_h4s6n10.txt,BBLCT,6,4,17,10,1200.0,0,0.0,17,100.0,9,1004.75,0.6,1,true,completed
ZJY_h4s6n11.txt,BBLCT,6,4,17,9,1200.0,0,0.0,17,100.0,11,1187.55,34.5,5966,true,completed
ZJY_h4s6n12.txt,BBLCT,6,4,17,10,1200.0,1,5.9,17,100.0,8,846.05,0.6,1,true,completed
ZJY_h4s6n13.txt,BBLCT,6,4,17,10,1200.0,0,0.0,17,100.0,10,1067.65,0.6,1,true,completed
ZJY_h4s6n14.txt,BBLCT,6,4,17,10,1200.0,1,5.9,9,52.9,11,1133.76,827.3,187478,true,completed
ZJY_h4s6n15.txt,BBLCT,6,4,17,10,1200.0,1,5.9,9,52.9,9,955.69,6735.2,1504018,true,completed
ZJY_h4s6n16.txt,BBLCT,6,4,17,10,1200.0,1,5.9,17,100.0,12,1198.35,36553.2,6848528,true,completed
ZJY_h4s6n17.txt,BBLCT,6,4,17,10,1200.0,1,5.9,13,76.5,10,989.75,32503.0,5196210,true,completed
ZJY_h4s6n18.txt,BBLCT,6,4,17,10,1200.0,1,5.9,17,100.0,11,1164.53,569.6,93413,true,completed
ZJY_h4s6n19.txt,BBLCT,6,4,17,10,1200.0,1,5.9,17,100.0,8,842.54,0.5,1,true,completed
ZJY_h4s6n2.txt,BBLCT,6,4,17,10,1200.0,3,17.6,17,100.0,11,1192.28,0.6,1,true,completed
ZJY_h4s6n20.txt,BBLCT,6,4,17,10,1200.0,1,5.9,17,100.0,9,915.43,0.6,1,true,completed
ZJY_h4s6n3.txt,BBLCT,6,4,17,10,1200.0,1,5.9,17,100.0,11,1171.62,42.7,9331,true,completed
ZJY_h4s6n4.txt,BBLCT,6,4,17,10,1200.0,0,0.0,8,47.1,11,1185.94,6742.8,1111982,true,completed
ZJY_h4s6n5.txt,BBLCT,6,4,17,10,1200.0,1,5.9,13,76.5,8,787.93,2965.9,603486,true,completed
ZJY_h4s6n6.txt,BBLCT,6,4,17,10,1200.0,3,17.6,17,100.0,12,1180.54,1.5,238,true,completed
ZJY_h4s6n7.txt,BBLCT,6,4,17,10,1200.0,2,11.8,12,70.6,11,1175.15,340.3,50042,true,completed
ZJY_h4s6n8.txt,BBLCT,6,4,17,10,1200.0,0,0.0,7,41.2,11,1185.35,992.5,226967,true,completed
ZJY_h4s6n9.txt,BBLCT,6,4,17,10,1200.0,1,5.9,17,100.0,8,847.53,0.6,1,true,completed
ZJY_h4s7n1.txt,BBLCT,7,4,20,10,1200.0,1,5.0,20,100.0,11,1179.05,0.7,1,true,completed
ZJY_h4s7n10.txt,BBLCT,7,4,20,9,1200.0,1,5.0,16,80.0,11,1180.28,142213.3,16853273,true,completed
ZJY_h4s7n11.txt,BBLCT,7,4,20,10,1200.0,1,5.0,20,100.0,12,1177.02,7.8,1054,true,completed
ZJY_h4s7n12.txt,BBLCT,7,4,20,10,1200.0,0,0.0,20,100.0,11,1153.65,0.6,1,true,completed
ZJY_h4s7n13.txt,BBLCT,7,4,20,10,1200.0,1,5.0,20,100.0,11,1140.77,383.4,47393,true,completed
ZJY_h4s7n14.txt,BBLCT,7,4,20,10,1200.0,0,0.0,20,100.0,12,1194.79,22.4,2311,true,completed
ZJY_h4s7n15.txt,BBLCT,7,4,20,9,1200.0,1,5.0,11,55.0,11,1183.12,208.9,27846,true,completed
ZJY_h4s7n16.txt,BBLCT,7,4,20,10,1200.0,1,5.0,20,100.0,12,1182.06,1.3,226,true,completed
ZJY_h4s7n17.txt,BBLCT,7,4,20,10,1200.0,1,5.0,20,100.0,12,1196.26,2.6,369,true,completed
ZJY_h4s7n18.txt,BBLCT,7,4,20,10,1200.0,0,0.0,20,100.0,10,1035.02,0.7,1,true,completed
ZJY_h4s7n19.txt,BBLCT,7,4,20,10,1200.0,0,0.0,14,70.0,10,1080.82,4964.6,610115,true,completed
ZJY_h4s7n2.txt,BBLCT,7,4,20,10,1200.0,1,5.0,20,100.0,8,880.63,0.6,1,true,completed
ZJY_h4s7n20.txt,BBLCT,7,4,20,10,1200.0,0,0.0,20,100.0,11,1197.12,11.5,1706,true,completed
ZJY_h4s7n3.txt,BBLCT,7,4,20,10,1200.0,2,10.0,13,65.0,11,1177.10,26651.7,3199102,true,completed
ZJY_h4s7n4.txt,BBLCT,7,4,20,10,1200.0,1,5.0,9,45.0,12,1199.70,1171.6,121174,true,completed
ZJY_h4s7n5.txt,BBLCT,7,4,20,9,1200.0,3,15.0,20,100.0,11,1195.92,7901.1,1051687,true,completed
ZJY_h4s7n6.txt,BBLCT,7,4,20,10,1200.0,3,15.0,20,100.0,12,1199.30,8122.7,891586,true,completed
ZJY_h4s7n7.txt,BBLCT,7,4,20,10,1200.0,0,0.0,20,100.0,11,1139.35,845.8,107413,true,completed
ZJY_h4s7n8.txt,BBLCT,7,4,20,10,1200.0,0,0.0,8,40.0,11,1199.67,23365.9,2367558,true,completed
ZJY_h4s7n9.txt,BBLCT,7,4,20,10,1200.0,0,0.0,20,100.0,12,1183.99,1578.6,171632,true,completed
ZJY_h4s8n1.txt,BBLCT,8,4,22,10,1200.0,9,40.9,22,100.0,2,194.70,0.2,1,true,completed
ZJY_h4s8n10.txt,BBLCT,8,4,22,10,1200.0,0,0.0,22,100.0,11,1197.77,27871.1,1734334,true,completed
ZJY_h4s8n11.txt,BBLCT,8,4,22,10,1200.0,2,9.1,22,100.0,11,1163.82,6060.3,432181,true,completed
ZJY_h4s8n12.txt,BBLCT,8,4,22,10,1200.0,0,0.0,22,100.0,11,1147.18,200.3,10675,true,completed
ZJY_h4s8n13.txt,BBLCT,8,4,22,10,1200.0,1,4.5,11,50.0,11,1184.82,6576.5,445359,true,completed
ZJY_h4s8n14.txt,BBLCT,8,4,22,10,1200.0,0,0.0,22,100.0,5,513.87,0.5,1,true,completed
ZJY_h4s8n15.txt,BBLCT,8,4,22,10,1200.0,1,4.5,22,100.0,11,1199.74,0.8,1,true,completed
ZJY_h4s8n16.txt,BBLCT,8,4,22,10,1200.0,0,0.0,22,100.0,11,1195.36,1491.0,135668,true,completed
ZJY_h4s8n17.txt,BBLCT,8,4,22,10,1200.0,2,9.1,19,86.4,11,1197.76,69955.6,5435421,true,completed
ZJY_h4s8n18.txt,BBLCT,8,4,22,10,1200.0,2,9.1,14,63.6,11,1178.94,2590.9,238511,true,completed
ZJY_h4s8n19.txt,BBLCT,8,4,22,10,1200.0,0,0.0,22,100.0,9,976.74,0.7,1,true,completed
ZJY_h4s8n2.txt,BBLCT,8,4,22,10,1200.0,1,4.5,17,77.3,11,1173.92,5461.7,288995,true,completed
ZJY_h4s8n20.txt,BBLCT,8,4,22,10,1200.0,0,0.0,14,63.6,9,983.25,16334.2,1597868,true,completed
ZJY_h4s8n3.txt,BBLCT,8,4,22,10,1200.0,2,9.1,22,100.0,11,1181.18,126.4,11566,true,completed
ZJY_h4s8n4.txt,BBLCT,8,4,22,10,1200.0,0,0.0,8,36.4,11,1194.45,8948.7,662996,true,completed
ZJY_h4s8n5.txt,BBLCT,8,4,22,10,1200.0,0,0.0,16,72.7,11,1183.72,44260.1,2301582,true,completed
ZJY_h4s8n6.txt,BBLCT,8,4,22,10,1200.0,4,18.2,22,100.0,7,813.28,0.8,1,true,completed
ZJY_h4s8n7.txt,BBLCT,8,4,22,10,1200.0,5,22.7,22,100.0,6,651.40,0.6,1,true,completed
ZJY_h4s8n8.txt,BBLCT,8,4,22,10,1200.0,1,4.5,22,100.0,11,1166.10,39077.8,2929886,true,completed
ZJY_h4s8n9.txt,BBLCT,8,4,22,10,1200.0,1,4.5,22,100.0,10,1129.39,0.9,1,true,completed
ZJY_h4s9n1.txt,BBLCT,9,4,25,10,1200.0,0,0.0,12,48.0,11,1178.44,30034.3,2095244,true,completed
ZJY_h4s9n10.txt,BBLCT,9,4,25,10,1200.0,0,0.0,25,100.0,11,1189.39,20455.3,1504119,true,completed
ZJY_h4s9n11.txt,BBLCT,9,4,25,10,1200.0,0,0.0,12,48.0,11,1161.95,8350.4,595835,true,completed
ZJY_h4s9n12.txt,BBLCT,9,4,25,10,1200.0,0,0.0,20,80.0,11,1199.90,960339.6,38004040,true,completed
ZJY_h4s9n13.txt,BBLCT,9,4,25,10,1200.0,0,0.0,15,60.0,9,988.41,729290.1,43441603,true,completed
ZJY_h4s9n14.txt,BBLCT,9,4,25,10,1200.0,3,12.0,25,100.0,12,1196.76,159.5,10375,true,completed
ZJY_h4s9n15.txt,BBLCT,9,4,25,10,1200.0,1,4.0,25,100.0,7,753.87,0.6,1,true,completed
ZJY_h4s9n16.txt,BBLCT,9,4,25,9,1200.0,2,8.0,22,88.0,11,1186.89,51577.6,2888357,true,completed
ZJY_h4s9n17.txt,BBLCT,9,4,25,10,1200.0,0,0.0,14,56.0,11,1193.25,9364.1,659389,true,completed
ZJY_h4s9n18.txt,BBLCT,9,4,25,10,1200.0,0,0.0,18,72.0,10,1173.77,24334.4,1632341,true,completed
ZJY_h4s9n19.txt,BBLCT,9,4,25,10,1200.0,1,4.0,18,72.0,12,1184.53,6439.3,358108,true,completed
ZJY_h4s9n2.txt,BBLCT,9,4,25,10,1200.0,6,24.0,25,100.0,7,775.53,0.5,1,true,completed
ZJY_h4s9n20.txt,BBLCT,9,4,25,10,1200.0,1,4.0,9,36.0,11,1194.84,5456.9,479040,true,completed
ZJY_h4s9n3.txt,BBLCT,9,4,25,9,1200.0,6,24.0,25,100.0,12,1196.67,41817.8,2171345,true,completed
ZJY_h4s9n4.txt,BBLCT,9,4,25,10,1200.0,0,0.0,9,36.0,11,1196.81,206562.5,8901225,true,completed
ZJY_h4s9n5.txt,BBLCT,9,4,25,10,1200.0,3,12.0,25,100.0,9,927.69,0.7,1,true,completed
ZJY_h4s9n6.txt,BBLCT,9,4,25,10,1200.0,0,0.0,11,44.0,9,982.26,56768.6,3668764,true,completed
ZJY_h4s9n7.txt,BBLCT,9,4,25,10,1200.0,0,0.0,11,44.0,10,1019.03,888824.4,52610616,true,completed
ZJY_h4s9n8.txt,BBLCT,9,4,25,10,1200.0,0,0.0,8,32.0,11,1193.97,209.1,11075,true,completed
ZJY_h4s9n9.txt,BBLCT,9,4,25,10,1200.0,4,16.0,25,100.0,10,1110.74,0.8,1,true,completed
ZJY_h5s6n1.txt,BBLCT,6,5,21,10,1200.0,0,0.0,4,19.0,10,1109.63,80.7,14844,true,completed
ZJY_h5s6n10.txt,BBLCT,6,5,21,10,1200.0,0,0.0,18,85.7,11,1196.64,26182.1,3980091,true,completed
ZJY_h5s6n11.txt,BBLCT,6,5,21,10,1200.0,1,4.8,11,52.4,11,1188.74,649.4,82922,true,completed
ZJY_h5s6n12.txt,BBLCT,6,5,21,10,1200.0,0,0.0,9,42.9,7,801.51,8590.3,1528340,true,completed
ZJY_h5s6n13.txt,BBLCT,6,5,21,10,1200.0,0,0.0,8,38.1,11,1192.07,217.2,40549,true,completed
ZJY_h5s6n14.txt,BBLCT,6,5,21,10,1200.0,0,0.0,6,28.6,10,1125.91,2.9,395,true,completed
ZJY_h5s6n15.txt,BBLCT,6,5,21,10,1200.0,0,0.0,7,33.3,11,1194.02,73.8,16572,true,completed
ZJY_h5s6n16.txt,BBLCT,6,5,21,10,1200.0,0,0.0,12,57.1,10,1160.84,3685.6,886657,true,completed
ZJY_h5s6n17.txt,BBLCT,6,5,21,10,1200.0,2,9.5,21,100.0,11,1181.83,17837.1,1877141,true,completed
ZJY_h5s6n18.txt,BBLCT,6,5,21,10,1200.0,1,4.8,8,38.1,11,1198.13,210.6,39876,true,completed
ZJY_h5s6n19.txt,BBLCT,6,5,21,10,1200.0,1,4.8,5,23.8,8,941.01,16323.6,2313866,true,completed
ZJY_h5s6n2.txt,BBLCT,6,5,21,10,1200.0,1,4.8,12,57.1,11,1199.83,826.9,133836,true,completed
ZJY_h5s6n20.txt,BBLCT,6,5,21,10,1200.0,1,4.8,11,52.4,10,1195.27,65.9,9813,true,completed
ZJY_h5s6n3.txt,BBLCT,6,5,21,10,1200.0,1,4.8,7,33.3,10,1159.68,5012.8,609215,true,completed
ZJY_h5s6n4.txt,BBLCT,6,5,21,10,1200.0,0,0.0,13,61.9,10,1081.38,13570.2,1673435,true,completed
ZJY_h5s6n5.txt,BBLCT,6,5,21,10,1200.0,0,0.0,21,100.0,11,1180.07,6938.5,999617,true,completed
ZJY_h5s6n6.txt,BBLCT,6,5,21,10,1200.0,0,0.0,7,33.3,8,891.85,2756.0,600237,true,completed
ZJY_h5s6n7.txt,BBLCT,6,5,21,10,1200.0,1,4.8,7,33.3,11,1199.55,911.5,145336,true,completed
ZJY_h5s6n8.txt,BBLCT,6,5,21,10,1200.0,2,9.5,10,47.6,11,1198.66,95.0,17834,true,completed
ZJY_h5s6n9.txt,BBLCT,6,5,21,10,1200.0,0,0.0,14,66.7,10,1170.98,16606.6,1869873,true,completed
