instance,algorithm,s,h,c,p,tau,initial_acc,initial_acc_pct,acc,acc_pct,moves,crane_time,elapsed_ms,nodes,proved_optimal,stop_reason
CV_h5s3n1.txt,LCT1-CPSAT,3,5,9,9,600.0,1,11.1,2,22.2,4,457.48,4878.4,,true,solver_status:optimal
CV_h5s3n10.txt,LCT1-CPSAT,3,5,9,9,600.0,0,0.0,4,44.4,5,558.31,4486.6,,true,solver_status:optimal
CV_h5s3n11.txt,LCT1-CPSAT,3,5,9,9,600.0,2,22.2,7,77.8,5,557.36,4394.4,,true,solver_status:optimal
CV_h5s3n12.txt,LCT1-CPSAT,3,5,9,9,600.0,0,0.0,5,55.6,5,599.66,4681.3,,true,solver_status:optimal
CV_h5s3n13.txt,LCT1-CPSAT,3,5,9,9,600.0,0,0.0,3,33.3,4,473.87,4573.9,,true,solver_status:optimal
CV_h5s3n14.txt,LCT1-CPSAT,3,5,9,9,600.0,0,0.0,1,11.1,5,517.32,4555.7,,true,solver_status:optimal
CV_h5s3n15.txt,LCT1-CPSAT,3,5,9,9,600.0,0,0.0,2,22.2,5,551.72,4971.4,,true,solver_status:optimal
CV_h5s3n16.txt,LCT1-CPSAT,3,5,9,9,600.0,0,0.0,2,22.2,5,588.43,4879.7,,true,solver_status:optimal
CV_h5s3n17.txt,LCT1-CPSAT,3,5,9,9,600.0,2,22.2,3,33.3,5,558.57,5019.5,,true,solver_status:optimal
CV_h5s3n18.txt,LCT1-CPSAT,3,5,9,9,600.0,0,0.0,7,77.8,3,349.84,3901.7,,true,solver_status:optimal
CV_h5s3n19.txt,LCT1-CPSAT,3,5,9,9,600.0,0,0.0,1,11.1,5,592.97,4709.7,,true,solver_status:optimal
CV_h5s3n2.txt,LCT1-CPSAT,3,5,9,9,600.0,0,0.0,4,44.4,5,599.66,4620.1,,true,solver_status:optimal
CV_h5s3n20.txt,LCT1-CPSAT,3,5,9,9,600.0,0,0.0,3,33.3,3,320.22,4806.3,,true,solver_status:optimal
CV_h5s3n21.txt,LCT1-CPSAT,3,5,9,9,600.0,1,11.1,2,22.2,3,349.84,4940.9,,true,solver_status:optimal
CV_h5s3n22.txt,LCT1-CPSAT,3,5,9,9,600.0,2,22.2,4,44.4,5,571.16,4625.0,,true,solver_status:optimal
CV_h5s3n23.txt,LCT1-CPSAT,3,5,9,9,600.0,0,0.0,1,11.1,5,585.87,4161.5,,true,solver_status:optimal
CV_h5s3n24.txt,LCT1-CPSAT,3,5,9,9,600.0,1,11.1,3,33.3,5,562.29,3905.6,,true,solver_status:optimal
CV_h5s3n25.txt,LCT1-CPSAT,3,5,9,9,600.0,0,0.0,2,22.2,5,563.67,3968.3,,true,solver_status:optimal
CV_h5s3n26.txt,LCT1-CPSAT,3,5,9,9,600.0,0,0.0,9,100.0,5,596.84,2754.6,,true,solver_status:optimal
CV_h5s3n27.txt,LCT1-CPSAT,3,5,9,9,600.0,0,0.0,2,22.2,5,577.75,3957.0,,true,solver_status:optimal
CV_h5s3n28.txt,LCT1-CPSAT,3,5,9,9,600.0,0,0.0,4,44.4,5,599.66,3932.3,,true,solver_status:optimal
CV_h5s3n29.txt,LCT1-CPSAT,3,5,9,9,600.0,0,0.0,1,11.1,5,596.84,3978.0,,true,solver_status:optimal
CV_h5s3n3.txt,LCT1-CPSAT,3,5,9,9,600.0,0,0.0,9,100.0,4,439.57,3021.7,,true,solver_status:optimal
CV_h5s3n30.txt,LCT1-CPSAT,3,5,9,9,600.0,0,0.0,5,55.6,5,576.58,4059.1,,true,solver_status:optimal
CV_h5s3n31.txt,LCT1-CPSAT,3,5,9,9,600.0,0,0.0,2,22.2,5,579.22,4328.2,,true,solver_status:optimal
CV_h5s3n32.txt,LCT1-CPSAT,3,5,9,9,600.0,1,11.1,9,100.0,5,558.38,2993.3,,true,solver_status:optimal
CV_h5s3n33.txt,LCT1-CPSAT,3,5,9,9,600.0,1,11.1,6,66.7,5,558.38,4152.8,,true,solver_status:optimal
CV_h5s3n34.txt,LCT1-CPSAT,3,5,9,9,600.0,0,0.0,2,22.2,5,571.16,4319.6,,true,solver_status:optimal
CV_h5s3n35.txt,LCT1-CPSAT,3,5,9,9,600.0,0,0.0,5,55.6,5,550.46,3936.1,,true,solver_status:optimal
CV_h5s3n36.txt,LCT1-CPSAT,3,5,9,9,600.0,0,0.0,1,11.1,5,596.84,3897.5,,true,solver_status:optimal
CV_h5s3n37.txt,LCT1-CPSAT,3,5,9,9,600.0,0,0.0,2,22.2,5,572.58,4019.5,,true,solver_status:optimal
CV_h5s3n38.txt,LCT1-CPSAT,3,5,9,9,600.0,0,0.0,2,22.2,5,539.14,4087.9,,true,solver_status:optimal
CV_h5s3n39.txt,LCT1-CPSAT,3,5,9,9,600.0,9,100.0,9,100.0,5,536.82,2987.7,,true,solver_status:optimal
CV_h5s3n4.txt,LCT1-CPSAT,3,5,9,9,600.0,1,11.1,4,44.4,4,443.03,4451.8,,true,solver_status:optimal
CV_h5s3n40.txt,LCT1-CPSAT,3,5,9,9,600.0,1,11.1,4,44.4,5,550.61,3698.4,,true,solver_status:optimal
CV_h5s3n5.txt,LCT1-CPSAT,3,5,9,9,600.0,4,44.4,9,100.0,5,571.22,2788.3,,true,solver_status:optimal
CV_h5s3n6.txt,LCT1-CPSAT,3,5,9,9,600.0,0,0.0,1,11.1,5,549.28,3899.8,,true,solver_status:optimal
CV_h5s3n7.txt,LCT1-CPSAT,3,5,9,9,600.0,0,0.0,3,33.3,5,531.33,3873.6,,true,solver_status:optimal
CV_h5s3n8.txt,LCT1-CPSAT,3,5,9,9,600.0,1,11.1,4,44.4,5,559.77,4395.1,,true,solver_status:optimal
CV_h5s3n9.txt,LCT1-CPSAT,3,5,9,9,600.0,0,0.0,1,11.1,3,361.26,4164.3,,true,solver_status:optimal
CV_h5s4n1.txt,LCT1-CPSAT,4,5,12,12,600.0,2,16.7,6,50.0,5,553.14,40759.3,,true,solver_status:optimal
CV_h5s4n10.txt,LCT1-CPSAT,4,5,12,12,600.0,0,0.0,3,25.0,4,452.60,8184.4,,true,solver_status:optimal
CV_h5s4n11.txt,LCT1-CPSAT,4,5,12,12,600.0,1,8.3,4,33.3,5,567.04,24262.2,,true,solver_status:optimal
CV_h5s4n12.txt,LCT1-CPSAT,4,5,12,12,600.0,1,8.3,3,25.0,5,546.90,35320.9,,true,solver_status:optimal
CV_h5s4n13.txt,LCT1-CPSAT,4,5,12,12,600.0,1,8.3,12,100.0,5,567.55,4681.5,,true,solver_status:optimal
CV_h5s4n14.txt,LCT1-CPSAT,4,5,12,12,600.0,0,0.0,2,16.7,5,552.79,12748.0,,true,solver_status:optimal
CV_h5s4n15.txt,LCT1-CPSAT,4,5,12,12,600.0,0,0.0,8,66.7,5,586.56,10029.6,,true,solver_status:optimal
CV_h5s4n16.txt,LCT1-CPSAT,4,5,12,12,600.0,0,0.0,3,25.0,5,568.75,10078.2,,true,solver_status:optimal
CV_h5s4n17.txt,LCT1-CPSAT,4,5,12,12,600.0,0,0.0,7,58.3,5,545.35,31332.0,,true,solver_status:optimal
CV_h5s4n18.txt,LCT1-CPSAT,4,5,12,12,600.0,0,0.0,3,25.0,5,596.76,41202.0,,true,solver_status:optimal
CV_h5s4n19.txt,LCT1-CPSAT,4,5,12,12,600.0,0,0.0,5,41.7,5,568.86,16185.4,,true,solver_status:optimal
CV_h5s4n2.txt,LCT1-CPSAT,4,5,12,12,600.0,0,0.0,9,75.0,4,430.37,10733.7,,true,solver_status:optimal
CV_h5s4n20.txt,LCT1-CPSAT,4,5,12,12,600.0,0,0.0,5,41.7,5,572.31,22518.4,,true,solver_status:optimal
CV_h5s4n21.txt,LCT1-CPSAT,4,5,12,12,600.0,1,8.3,4,33.3,5,577.79,18708.0,,true,solver_status:optimal
CV_h5s4n22.txt,LCT1-CPSAT,4,5,12,12,600.0,0,0.0,6,50.0,5,577.25,13847.8,,true,solver_status:optimal
CV_h5s4n23.txt,LCT1-CPSAT,4,5,12,12,600.0,3,25.0,5,41.7,5,555.24,32137.6,,true,solver_status:optimal
CV_h5s4n24.txt,LCT1-CPSAT,4,5,12,12,600.0,0,0.0,4,33.3,5,553.52,40258.7,,true,solver_status:optimal
CV_h5s4n25.txt,LCT1-CPSAT,4,5,12,12,600.0,0,0.0,2,16.7,5,552.92,18175.3,,true,solver_status:optimal
CV_h5s4n26.txt,LCT1-CPSAT,4,5,12,12,600.0,1,8.3,9,75.0,5,550.83,16622.4,,true,solver_status:optimal
CV_h5s4n27.txt,LCT1-CPSAT,4,5,12,12,600.0,4,33.3,12,100.0,5,591.87,4486.3,,true,solver_status:optimal
CV_h5s4n28.txt,LCT1-CPSAT,4,5,12,12,600.0,0,0.0,3,25.0,5,550.34,16159.8,,true,solver_status:optimal
CV_h5s4n29.txt,LCT1-CPSAT,4,5,12,12,600.0,0,0.0,4,33.3,5,562.77,16798.1,,true,solver_status:optimal
CV_h5s4n3.txt,LCT1-CPSAT,4,5,12,12,600.0,1,8.3,6,50.0,5,560.62,18259.6,,true,solver_status:optimal
CV_h5s4n30.txt,LCT1-CPSAT,4,5,12,12,600.0,0,0.0,5,41.7,5,563.14,19681.3,,true,solver_status:optimal
CV_h5s4n31.txt,LCT1-CPSAT,4,5,12,12,600.0,0,0.0,3,25.0,5,567.42,69264.5,,true,solver_status:optimal
CV_h5s4n32.txt,LCT1-CPSAT,4,5,12,12,600.0,0,0.0,2,16.7,4,458.33,8135.1,,true,solver_status:optimal
CV_h5s4n33.txt,LCT1-CPSAT,4,5,12,12,600.0,0,0.0,3,25.0,5,560.62,22147.8,,true,solver_status:optimal
CV_h5s4n34.txt,LCT1-CPSAT,4,5,12,12,600.0,0,0.0,4,33.3,5,563.48,45352.8,,true,solver_status:optimal
CV_h5s4n35.txt,LCT1-CPSAT,4,5,12,12,600.0,1,8.3,8,66.7,5,593.12,11816.3,,true,solver_status:optimal
CV_h5s4n36.txt,LCT1-CPSAT,4,5,12,12,600.0,0,0.0,3,25.0,5,571.30,34914.4,,true,solver_status:optimal
CV_h5s4n37.txt,LCT1-CPSAT,4,5,12,12,600.0,3,25.0,7,58.3,5,590.02,21932.8,,true,solver_status:optimal
CV_h5s4n38.txt,LCT1-CPSAT,4,5,12,12,600.0,2,16.7,6,50.0,5,563.46,43387.4,,true,solver_status:optimal
CV_h5s4n39.txt,LCT1-CPSAT,4,5,12,12,600.0,0,0.0,4,33.3,5,542.93,43183.7,,true,solver_status:optimal
CV_h5s4n4.txt,LCT1-CPSAT,4,5,12,12,600.0,0,0.0,9,75.0,5,596.76,10004.9,,true,solver_status:optimal
CV_h5s4n40.txt,LCT1-CPSAT,4,5,12,12,600.0,0,0.0,4,33.3,5,564.97,52568.0,,true,solver_status:optimal
CV_h5s4n5.txt,LCT1-CPSAT,4,5,12,12,600.0,1,8.3,4,33.3,5,584.17,29942.8,,true,solver_status:optimal
CV_h5s4n6.txt,LCT1-CPSAT,4,5,12,12,600.0,0,0.0,4,33.3,5,574.82,24245.9,,true,solver_status:optimal
CV_h5s4n7.txt,LCT1-CPSAT,4,5,12,12,600.0,0,0.0,3,25.0,5,575.71,10826.5,,true,solver_status:optimal
CV_h5s4n8.txt,LCT1-CPSAT,4,5,12,12,600.0,2,16.7,4,33.3,5,546.96,96538.3,,true,solver_status:optimal
CV_h5s4n9.txt,LCT1-CPSAT,4,5,12,12,600.0,0,0.0,7,58.3,5,573.68,15868.4,,true,solver_status:optimal
CV_h5s5n1.txt,LCT1-CPSAT,5,5,15,15,600.0,1,6.7,7,46.7,5,570.90,144389.1,,true,solver_status:optimal
CV_h5s5n10.txt,LCT1-CPSAT,5,5,15,15,600.0,3,20.0,13,86.7,5,594.23,278693.1,,true,solver_status:optimal
CV_h5s5n11.txt,LCT1-CPSAT,5,5,15,15,600.0,0,0.0,2,13.3,5,568.34,32930.3,,true,solver_status:optimal
CV_h5s5n12.txt,LCT1-CPSAT,5,5,15,15,600.0,0,0.0,4,26.7,4,509.24,501693.4,,true,solver_status:optimal
CV_h5s5n13.txt,LCT1-CPSAT,5,5,15,15,600.0,0,0.0,2,13.3,5,554.11,155674.7,,true,solver_status:optimal
CV_h5s5n14.txt,LCT1-CPSAT,5,5,15,15,600.0,0,0.0,10,66.7,5,560.92,223792.6,,true,solver_status:optimal
CV_h5s5n15.txt,LCT1-CPSAT,5,5,15,15,600.0,0,0.0,7,46.7,5,542.53,107254.2,,true,solver_status:optimal
CV_h5s5n16.txt,LCT1-CPSAT,5,5,15,15,600.0,0,0.0,5,33.3,5,535.10,293522.8,,true,solver_status:optimal
CV_h5s5n17.txt,LCT1-CPSAT,5,5,15,15,600.0,0,0.0,11,73.3,5,573.29,23690.2,,true,solver_status:optimal
CV_h5s5n18.txt,LCT1-CPSAT,5,5,15,15,600.0,1,6.7,10,66.7,5,590.42,48643.5,,true,solver_status:optimal
CV_h5s5n19.txt,LCT1-CPSAT,5,5,15,15,600.0,1,6.7,6,40.0,5,579.61,306119.8,,true,solver_status:optimal
CV_h5s5n2.txt,LCT1-CPSAT,5,5,15,15,600.0,0,0.0,3,20.0,4,451.06,355952.6,,true,solver_status:optimal
CV_h5s5n20.txt,LCT1-CPSAT,5,5,15,15,600.0,0,0.0,8,53.3,5,594.41,36766.0,,true,solver_status:optimal
CV_h5s5n21.txt,LCT1-CPSAT,5,5,15,15,600.0,0,0.0,5,33.3,5,598.07,775776.8,,true,solver_status:optimal
CV_h5s5n22.txt,LCT1-CPSAT,5,5,15,15,600.0,1,6.7,4,26.7,5,574.95,956376.9,,true,solver_status:optimal
CV_h5s5n23.txt,LCT1-CPSAT,5,5,15,15,600.0,1,6.7,5,33.3,5,555.61,811087.8,,true,solver_status:optimal
CV_h5s5n24.txt,LCT1-CPSAT,5,5,15,15,600.0,0,0.0,3,20.0,5,570.94,144687.4,,true,solver_status:optimal
CV_h5s5n25.txt,LCT1-CPSAT,5,5,15,15,600.0,2,13.3,11,73.3,4,452.14,32601.8,,true,solver_status:optimal
CV_h5s5n26.txt,LCT1-CPSAT,5,5,15,15,600.0,0,0.0,5,33.3,5,566.55,127671.1,,true,solver_status:optimal
CV_h5s5n27.txt,LCT1-CPSAT,5,5,15,15,600.0,0,0.0,6,40.0,5,523.45,262918.7,,true,solver_status:optimal
CV_h5s5n28.txt,LCT1-CPSAT,5,5,15,15,600.0,0,0.0,8,53.3,5,578.81,126224.1,,true,solver_status:optimal
CV_h5s5n29.txt,LCT1-CPSAT,5,5,15,15,600.0,0,0.0,2,13.3,5,562.89,209397.1,,true,solver_status:optimal
CV_h5s5n3.txt,LCT1-CPSAT,5,5,15,15,600.0,0,0.0,4,26.7,4,502.38,237422.4,,true,solver_status:optimal
CV_h5s5n30.txt,LCT1-CPSAT,5,5,15,15,600.0,0,0.0,8,53.3,5,587.76,190515.2,,true,solver_status:optimal
CV_h5s5n31.txt,LCT1-CPSAT,5,5,15,15,600.0,1,6.7,3,20.0,5,581.31,240629.5,,true,solver_status:optimal
CV_h5s5n32.txt,LCT1-CPSAT,5,5,15,15,600.0,0,0.0,5,33.3,5,599.02,157560.0,,true,solver_status:optimal
CV_h5s5n33.txt,LCT1-CPSAT,5,5,15,15,600.0,1,6.7,10,66.7,5,555.38,36213.0,,true,solver_status:optimal
CV_h5s5n34.txt,LCT1-CPSAT,5,5,15,15,600.0,0,0.0,2,13.3,5,536.48,156034.2,,true,solver_status:optimal
CV_h5s5n35.txt,LCT1-CPSAT,5,5,15,15,600.0,1,6.7,8,53.3,5,573.62,103956.3,,true,solver_status:optimal
CV_h5s5n36.txt,LCT1-CPSAT,5,5,15,15,600.0,1,6.7,4,26.7,5,571.53,924824.7,,true,solver_status:optimal
CV_h5s5n37.txt,LCT1-CPSAT,5,5,15,15,600.0,0,0.0,2,13.3,5,563.90,30104.2,,true,solver_status:optimal
CV_h5s5n38.txt,LCT1-CPSAT,5,5,15,15,600.0,0,0.0,15,100.0,5,572.48,81170.7,,true,solver_status:optimal
CV_h5s5n39.txt,LCT1-CPSAT,5,5,15,15,600.0,0,0.0,8,53.3,5,599.02,61288.4,,true,solver_status:optimal
CV_h5s5n4.txt,LCT1-CPSAT,5,5,15,15,600.0,0,0.0,7,46.7,5,574.95,341057.0,,true,solver_status:optimal
CV_h5s5n40.txt,LCT1-CPSAT,5,5,15,15,600.0,2,13.3,7,46.7,5,569.60,362178.4,,true,solver_status:optimal
CV_h5s5n5.txt,LCT1-CPSAT,5,5,15,15,600.0,0,0.0,3,20.0,5,596.12,84036.9,,true,solver_status:optimal
CV_h5s5n6.txt,LCT1-CPSAT,5,5,15,15,600.0,0,0.0,5,33.3,5,572.22,389134.9,,true,solver_status:optimal
CV_h5s5n7.txt,LCT1-CPSAT,5,5,15,15,600.0,0,0.0,5,33.3,5,559.53,434488.8,,true,solver_status:optimal
CV_h5s5n8.txt,LCT1-CPSAT,5,5,15,15,600.0,0,0.0,2,13.3,5,594.22,29909.9,,true,solver_status:optimal
CV_h5s5n9.txt,LCT1-CPSAT,5,5,15,15,600.0,0,0.0,5,33.3,5,552.06,188861.6,,true,solver_status:optimal
CV_h5s6n1.txt,LCT1-CPSAT,6,5,18,18,600.0,0,0.0,3,16.7,5,553.90,1732544.3,,true,solver_status:optimal
CV_h5s6n10.txt,LCT1-CPSAT,6,5,18,18,600.0,1,5.6,7,38.9,5,587.43,3598746.0,,false,solver_status:feasible
CV_h5s6n11.txt,LCT1-CPSAT,6,5,18,18,600.0,3,16.7,18,100.0,4,476.03,276533.0,,true,solver_status:optimal
CV_h5s6n12.txt,LCT1-CPSAT,6,5,18,18,600.0,0,0.0,5,27.8,5,568.73,1390766.5,,true,solver_status:optimal
CV_h5s6n13.txt,LCT1-CPSAT,6,5,18,18,600.0,0,0.0,7,38.9,5,574.23,578194.1,,true,solver_status:optimal
CV_h5s6n14.txt,LCT1-CPSAT,6,5,18,18,600.0,0,0.0,5,27.8,5,585.68,898005.6,,true,solver_status:optimal
CV_h5s6n15.txt,LCT1-CPSAT,6,5,18,18,600.0,0,0.0,4,22.2,5,585.75,1121362.6,,true,solver_status:optimal
CV_h5s6n16.txt,LCT1-CPSAT,6,5,18,18,600.0,0,0.0,4,22.2,5,559.03,452013.3,,true,solver_status:optimal
CV_h5s6n17.txt,LCT1-CPSAT,6,5,18,18,600.0,0,0.0,3,16.7,5,592.31,500289.6,,true,solver_status:optimal
CV_h5s6n18.txt,LCT1-CPSAT,6,5,18,18,600.0,2,11.1,8,44.4,5,580.10,3596705.0,,false,solver_status:feasible
CV_h5s6n19.txt,LCT1-CPSAT,6,5,18,18,600.0,0,0.0,3,16.7,5,552.74,1098505.1,,true,solver_status:optimal
CV_h5s6n2.txt,LCT1-CPSAT,6,5,18,18,600.0,0,0.0,5,27.8,5,590.45,1164324.8,,true,solver_status:optimal
CV_h5s6n20.txt,LCT1-CPSAT,6,5,18,18,600.0,0,0.0,10,55.6,5,579.50,288514.6,,true,solver_status:optimal
CV_h5s6n21.txt,LCT1-CPSAT,6,5,18,18,600.0,1,5.6,6,33.3,5,587.03,633312.6,,true,solver_status:optimal
CV_h5s6n22.txt,LCT1-CPSAT,6,5,18,18,600.0,0,0.0,3,16.7,5,576.29,192529.6,,true,solver_status:optimal
CV_h5s6n23.txt,LCT1-CPSAT,6,5,18,18,600.0,0,0.0,4,22.2,5,581.76,506452.7,,true,solver_status:optimal
CV_h5s6n24.txt,LCT1-CPSAT,6,5,18,18,600.0,0,0.0,3,16.7,5,582.83,583538.5,,true,solver_status:optimal
CV_h5s6n25.txt,LCT1-CPSAT,6,5,18,18,600.0,1,5.6,4,22.2,5,592.71,1499468.0,,true,solver_status:optimal
CV_h5s6n26.txt,LCT1-CPSAT,6,5,18,18,600.0,0,0.0,3,16.7,5,562.96,160919.5,,true,solver_status:optimal
CV_h5s6n27.txt,LCT1-CPSAT,6,5,18,18,600.0,1,5.6,3,16.7,5,591.28,1191288.8,,true,solver_status:optimal
CV_h5s6n28.txt,LCT1-CPSAT,6,5,18,18,600.0,2,11.1,10,55.6,5,567.05,3597235.1,,false,solver_status:feasible
CV_h5s6n29.txt,LCT1-CPSAT,6,5,18,18,600.0,0,0.0,4,22.2,5,549.77,2161497.2,,true,solver_status:optimal
CV_h5s6n3.txt,LCT1-CPSAT,6,5,18,18,600.0,0,0.0,3,16.7,5,557.91,2994881.7,,true,solver_status:optimal
CV_h5s6n30.txt,LCT1-CPSAT,6,5,18,18,600.0,4,22.2,8,44.4,5,583.65,1690189.9,,true,solver_status:optimal
CV_h5s6n31.txt,LCT1-CPSAT,6,5,18,18,600.0,0,0.0,5,27.8,5,579.47,3596690.4,,false,solver_status:feasible
CV_h5s6n32.txt,LCT1-CPSAT,6,5,18,18,600.0,0,0.0,6,33.3,5,590.89,3598585.5,,false,solver_status:feasible
CV_h5s6n33.txt,LCT1-CPSAT,6,5,18,18,600.0,1,5.6,4,22.2,5,573.65,1650605.9,,true,solver_status:optimal
CV_h5s6n34.txt,LCT1-CPSAT,6,5,18,18,600.0,0,0.0,9,50.0,5,583.63,1312418.5,,true,solver_status:optimal
CV_h5s6n35.txt,LCT1-CPSAT,6,5,18,18,600.0,1,5.6,11,61.1,5,563.20,481769.2,,true,solver_status:optimal
CV_h5s6n36.txt,LCT1-CPSAT,6,5,18,18,600.0,2,11.1,5,27.8,5,574.31,3596721.7,,false,solver_status:feasible
CV_h5s6n37.txt,LCT1-CPSAT,6,5,18,18,600.0,0,0.0,3,16.7,5,573.94,582928.2,,true,solver_status:optimal
CV_h5s6n38.txt,LCT1-CPSAT,6,5,18,18,600.0,0,0.0,8,44.4,5,580.31,2219285.1,,true,solver_status:optimal
CV_h5s6n39.txt,LCT1-CPSAT,6,5,18,18,600.0,0,0.0,5,27.8,5,567.98,1799270.4,,true,solver_status:optimal
CV_h5s6n4.txt,LCT1-CPSAT,6,5,18,18,600.0,0,0.0,7,38.9,5,581.59,2339121.8,,true,solver_status:optimal
CV_h5s6n40.txt,LCT1-CPSAT,6,5,18,18,600.0,1,5.6,7,38.9,5,578.03,1791849.0,,true,solver_status:optimal
CV_h5s6n5.txt,LCT1-CPSAT,6,5,18,18,600.0,0,0.0,11,61.1,5,575.73,1089751.1,,true,solver_status:optimal
CV_h5s6n6.txt,LCT1-CPSAT,6,5,18,18,600.0,0,0.0,3,16.7,5,571.26,769774.7,,true,solver_status:optimal
CV_h5s6n7.txt,LCT1-CPSAT,6,5,18,18,600.0,0,0.0,2,11.1,5,567.05,1176024.6,,true,solver_status:optimal
CV_h5s6n8.txt,LCT1-CPSAT,6,5,18,18,600.0,1,5.6,5,27.8,5,581.01,801872.1,,true,solver_status:optimal
CV_h5s6n9.txt,LCT1-CPSAT,6,5,18,18,600.0,0,0.0,3,16.7,5,587.53,2786357.8,,true,solver_status:optimal
CV_h5s7n1.txt,LCT1-CPSAT,7,5,21,21,600.0,0,0.0,12,57.1,5,591.30,3596836.2,,false,solver_status:feasible
CV_h5s7n10.txt,LCT1-CPSAT,7,5,21,21,600.0,0,0.0,11,52.4,5,577.95,3596813.0,,false,solver_status:feasible
CV_h5s7n11.txt,LCT1-CPSAT,7,5,21,21,600.0,0,0.0,7,33.3,5,575.63,3597346.6,,false,solver_status:feasible
CV_h5s7n12.txt,LCT1-CPSAT,7,5,21,21,600.0,1,4.8,11,52.4,5,597.59,2955096.3,,true,solver_status:optimal
CV_h5s7n13.txt,LCT1-CPSAT,7,5,21,21,600.0,0,0.0,3,14.3,5,566.90,3596736.8,,false,solver_status:feasible
CV_h5s7n14.txt,LCT1-CPSAT,7,5,21,21,600.0,0,0.0,7,33.3,5,590.37,3596898.3,,false,solver_status:feasible
CV_h5s7n15.txt,LCT1-CPSAT,7,5,21,21,600.0,0,0.0,12,57.1,5,596.24,3597475.2,,false,solver_status:feasible
CV_h5s7n16.txt,LCT1-CPSAT,7,5,21,21,600.0,3,14.3,5,23.8,5,589.83,3597415.1,,false,solver_status:feasible
CV_h5s7n17.txt,LCT1-CPSAT,7,5,21,21,600.0,1,4.8,9,42.9,5,594.79,3597671.8,,false,solver_status:feasible
CV_h5s7n18.txt,LCT1-CPSAT,7,5,21,21,600.0,5,23.8,9,42.9,5,592.09,3596915.8,,false,solver_status:feasible
CV_h5s7n19.txt,LCT1-CPSAT,7,5,21,21,600.0,0,0.0,3,14.3,5,562.48,3596709.3,,false,solver_status:feasible
CV_h5s7n2.txt,LCT1-CPSAT,7,5,21,21,600.0,0,0.0,8,38.1,5,576.57,3596735.3,,false,solver_status:feasible
CV_h5s7n20.txt,LCT1-CPSAT,7,5,21,21,600.0,0,0.0,10,47.6,5,554.44,3597295.5,,false,solver_status:feasible
CV_h5s7n21.txt,LCT1-CPSAT,7,5,21,21,600.0,0,0.0,5,23.8,5,597.79,3598962.4,,false,solver_status:feasible
CV_h5s7n22.txt,LCT1-CPSAT,7,5,21,21,600.0,0,0.0,6,28.6,5,593.50,3597462.7,,false,solver_status:feasible
CV_h5s7n23.txt,LCT1-CPSAT,7,5,21,21,600.0,0,0.0,5,23.8,5,599.70,3596653.0,,false,solver_status:feasible
CV_h5s7n24.txt,LCT1-CPSAT,7,5,21,21,600.0,1,4.8,8,38.1,5,583.62,3598089.5,,false,solver_status:feasible
CV_h5s7n25.txt,LCT1-CPSAT,7,5,21,21,600.0,1,4.8,6,28.6,5,576.76,3596820.0,,false,solver_status:feasible
CV_h5s7n26.txt,LCT1-CPSAT,7,5,21,21,600.0,0,0.0,6,28.6,5,567.00,3596856.6,,false,solver_status:feasible
CV_h5s7n27.txt,LCT1-CPSAT,7,5,21,21,600.0,0,0.0,5,23.8,5,579.13,2003121.5,,true,solver_status:optimal
CV_h5s7n28.txt,LCT1-CPSAT,7,5,21,21,600.0,2,9.5,10,47.6,5,597.14,3600185.5,,false,solver_status:feasible
CV_h5s7n29.txt,LCT1-CPSAT,7,5,21,21,600.0,1,4.8,4,19.0,5,597.39,3597331.2,,false,solver_status:feasible
CV_h5s7n3.txt,LCT1-CPSAT,7,5,21,21,600.0,3,14.3,8,38.1,5,579.81,3597247.3,,false,solver_status:feasible
CV_h5s7n30.txt,LCT1-CPSAT,7,5,21,21,600.0,2,9.5,6,28.6,5,588.77,3596848.2,,false,solver_status:feasible
CV_h5s7n31.txt,LCT1-CPSAT,7,5,21,21,600.0,0,0.0,5,23.8,5,597.45,3596877.7,,false,solver_status:feasible
CV_h5s7n32.txt,LCT1-CPSAT,7,5,21,21,600.0,1,4.8,4,19.0,5,576.96,3596748.7,,false,solver_status:feasible
CV_h5s7n33.txt,LCT1-CPSAT,7,5,21,21,600.0,0,0.0,4,19.0,5,561.10,3597346.8,,false,solver_status:feasible
CV_h5s7n34.txt,LCT1-CPSAT,7,5,21,21,600.0,0,0.0,6,28.6,5,598.78,3597550.6,,false,solver_status:feasible
CV_h5s7n35.txt,LCT1-CPSAT,7,5,21,21,600.0,0,0.0,4,19.0,5,592.70,3597272.6,,false,solver_status:feasible
CV_h5s7n36.txt,LCT1-CPSAT,7,5,21,21,600.0,0,0.0,7,33.3,5,564.65,3596833.3,,false,solver_status:feasible
CV_h5s7n37.txt,LCT1-CPSAT,7,5,21,21,600.0,0,0.0,9,42.9,5,556.81,3598569.0,,false,solver_status:feasible
CV_h5s7n38.txt,LCT1-CPSAT,7,5,21,21,600.0,1,4.8,3,14.3,5,598.61,3359336.3,,true,solver_status:optimal
CV_h5s7n39.txt,LCT1-CPSAT,7,5,21,21,600.0,0,0.0,9,42.9,5,598.82,3599798.4,,false,solver_status:feasible
CV_h5s7n4.txt,LCT1-CPSAT,7,5,21,21,600.0,0,0.0,8,38.1,5,580.60,3597983.6,,false,solver_status:feasible
CV_h5s7n40.txt,LCT1-CPSAT,7,5,21,21,600.0,0,0.0,8,38.1,5,575.57,3596809.6,,false,solver_status:feasible
CV_h5s7n5.txt,LCT1-CPSAT,7,5,21,21,600.0,0,0.0,4,19.0,5,571.55,2822905.2,,true,solver_status:optimal
CV_h5s7n6.txt,LCT1-CPSAT,7,5,21,21,600.0,1,4.8,7,33.3,5,563.14,3596964.7,,false,solver_status:feasible
CV_h5s7n7.txt,LCT1-CPSAT,7,5,21,21,600.0,0,0.0,4,19.0,5,581.97,2146753.7,,true,solver_status:optimal
CV_h5s7n8.txt,LCT1-CPSAT,7,5,21,21,600.0,0,0.0,10,47.6,5,563.38,3596723.3,,false,solver_status:feasible
CV_h5s7n9.txt,LCT1-CPSAT,7,5,21,21,600.0,0,0.0,4,19.0,5,559.28,3596794.6,,false,solver_status:feasible
CV_h5s8n1.txt,LCT1-CPSAT,8,5,24,24,600.0,0,0.0,6,25.0,5,594.47,3596897.0,,false,solver_status:feasible
CV_h5s8n10.txt,LCT1-CPSAT,8,5,24,24,600.0,0,0.0,6,25.0,5,559.58,3596916.1,,false,solver_status:feasible
CV_h5s8n11.txt,LCT1-CPSAT,8,5,24,24,600.0,1,4.2,4,16.7,5,574.03,3597409.2,,false,solver_status:feasible
CV_h5s8n12.txt,LCT1-CPSAT,8,5,24,24,600.0,0,0.0,7,29.2,5,564.46,3598148.7,,false,solver_status:feasible
CV_h5s8n13.txt,LCT1-CPSAT,8,5,24,24,600.0,0,0.0,6,25.0,5,590.20,3598901.3,,false,solver_status:feasible
CV_h5s8n14.txt,LCT1-CPSAT,8,5,24,24,600.0,0,0.0,5,20.8,5,567.08,3596874.3,,false,solver_status:feasible
CV_h5s8n15.txt,LCT1-CPSAT,8,5,24,24,600.0,0,0.0,6,25.0,5,596.43,3598422.1,,false,solver_status:feasible
CV_h5s8n16.txt,LCT1-CPSAT,8,5,24,24,600.0,1,4.2,8,33.3,5,589.54,3596951.3,,false,solver_status:feasible
CV_h5s8n17.txt,LCT1-CPSAT,8,5,24,24,600.0,1,4.2,11,45.8,5,570.62,3596944.4,,false,solver_status:feasible
CV_h5s8n18.txt,LCT1-CPSAT,8,5,24,24,600.0,0,0.0,8,33.3,5,598.18,3597251.8,,false,solver_status:feasible
CV_h5s8n19.txt,LCT1-CPSAT,8,5,24,24,600.0,0,0.0,8,33.3,5,579.28,3598051.0,,false,solver_status:feasible
CV_h5s8n2.txt,LCT1-CPSAT,8,5,24,24,600.0,0,0.0,8,33.3,5,577.13,3598126.8,,false,solver_status:feasible
CV_h5s8n20.txt,LCT1-CPSAT,8,5,24,24,600.0,0,0.0,4,16.7,5,583.31,3596918.1,,false,solver_status:feasible
CV_h5s8n21.txt,LCT1-CPSAT,8,5,24,24,600.0,0,0.0,7,29.2,5,582.37,3599614.8,,false,solver_status:feasible
CV_h5s8n22.txt,LCT1-CPSAT,8,5,24,24,600.0,0,0.0,6,25.0,5,582.04,3597834.2,,false,solver_status:feasible
CV_h5s8n23.txt,LCT1-CPSAT,8,5,24,24,600.0,0,0.0,9,37.5,5,572.90,3596911.3,,false,solver_status:feasible
CV_h5s8n24.txt,LCT1-CPSAT,8,5,24,24,600.0,0,0.0,11,45.8,5,584.68,3596882.7,,false,solver_status:feasible
CV_h5s8n25.txt,LCT1-CPSAT,8,5,24,24,600.0,1,4.2,10,41.7,5,593.09,3596907.5,,false,solver_status:feasible
CV_h5s8n26.txt,LCT1-CPSAT,8,5,24,24,600.0,0,0.0,3,12.5,5,593.77,3596917.1,,false,solver_status:feasible
CV_h5s8n27.txt,LCT1-CPSAT,8,5,24,24,600.0,0,0.0,5,20.8,5,565.00,3598484.7,,false,solver_status:feasible
CV_h5s8n28.txt,LCT1-CPSAT,8,5,24,24,600.0,0,0.0,5,20.8,5,556.15,3596897.3,,false,solver_status:feasible
CV_h5s8n29.txt,LCT1-CPSAT,8,5,24,24,600.0,0,0.0,5,20.8,5,591.51,3597306.8,,false,solver_status:feasible
CV_h5s8n3.txt,LCT1-CPSAT,8,5,24,24,600.0,0,0.0,7,29.2,5,595.73,3596933.5,,false,solver_status:feasible
CV_h5s8n30.txt,LCT1-CPSAT,8,5,24,24,600.0,0,0.0,6,25.0,5,595.92,3596939.5,,false,solver_status:feasible
CV_h5s8n31.txt,LCT1-CPSAT,8,5,24,24,600.0,0,0.0,4,16.7,5,595.58,3597936.3,,false,solver_status:feasible
CV_h5s8n32.txt,LCT1-CPSAT,8,5,24,24,600.0,0,0.0,3,12.5,5,576.49,3596871.2,,false,solver_status:feasible
CV_h5s8n33.txt,LCT1-CPSAT,8,5,24,24,600.0,0,0.0,4,16.7,5,586.73,3596979.8,,false,solver_status:feasible
CV_h5s8n34.txt,LCT1-CPSAT,8,5,24,24,600.0,0,0.0,3,12.5,5,596.03,3598330.1,,false,solver_status:feasible
CV_h5s8n35.txt,LCT1-CPSAT,8,5,24,24,600.0,0,0.0,5,20.8,5,584.84,3596950.8,,false,solver_status:feasible
CV_h5s8n36.txt,LCT1-CPSAT,8,5,24,24,600.0,0,0.0,4,16.7,5,562.36,3597779.4,,false,solver_status:feasible
CV_h5s8n37.txt,LCT1-CPSAT,8,5,24,24,600.0,0,0.0,13,54.2,5,551.02,2876004.2,,true,solver_status:optimal
CV_h5s8n38.txt,LCT1-CPSAT,8,5,24,24,600.0,0,0.0,7,29.2,5,569.06,3596957.7,,false,solver_status:feasible
CV_h5s8n39.txt,LCT1-CPSAT,8,5,24,24,600.0,0,0.0,4,16.7,5,585.18,3597010.8,,false,solver_status:feasible
CV_h5s8n4.txt,LCT1-CPSAT,8,5,24,24,600.0,1,4.2,6,25.0,5,591.61,3597397.2,,false,solver_status:feasible
CV_h5s8n40.txt,LCT1-CPSAT,8,5,24,24,600.0,1,4.2,6,25.0,5,582.69,3597031.0,,false,solver_status:feasible
CV_h5s8n5.txt,LCT1-CPSAT,8,5,24,24,600.0,0,0.0,7,29.2,5,568.92,3597298.3,,false,solver_status:feasible
CV_h5s8n6.txt,LCT1-CPSAT,8,5,24,24,600.0,0,0.0,5,20.8,5,579.82,3598397.6,,false,solver_status:feasible
CV_h5s8n7.txt,LCT1-CPSAT,8,5,24,24,600.0,0,0.0,4,16.7,5,584.31,3597370.8,,false,solver_status:feasible
CV_h5s8n8.txt,LCT1-CPSAT,8,5,24,24,600.0,2,8.3,4,16.7,5,596.57,3597139.6,,false,solver_status:feasible
CV_h5s8n9.txt,LCT1-CPSAT,8,5,24,24,600.0,0,0.0,5,20.8,5,570.78,3597014.4,,false,solver_status:feasible
CV_h6s4n1.txt,LCT1-CPSAT,4,6,16,16,600.0,0,0.0,4,25.0,4,489.05,20049.6,,true,solver_status:optimal
CV_h6s4n10.txt,LCT1-CPSAT,4,6,16,16,600.0,0,0.0,5,31.2,5,598.11,44394.4,,true,solver_status:optimal
CV_h6s4n11.txt,LCT1-CPSAT,4,6,16,16,600.0,0,0.0,3,18.8,5,586.59,20065.8,,true,solver_status:optimal
CV_h6s4n12.txt,LCT1-CPSAT,4,6,16,16,600.0,3,18.8,5,31.2,5,589.25,72035.9,,true,solver_status:optimal
CV_h6s4n13.txt,LCT1-CPSAT,4,6,16,16,600.0,0,0.0,4,25.0,5,545.07,78272.4,,true,solver_status:optimal
CV_h6s4n14.txt,LCT1-CPSAT,4,6,16,16,600.0,0,0.0,2,12.5,5,595.12,14155.5,,true,solver_status:optimal
CV_h6s4n15.txt,LCT1-CPSAT,4,6,16,16,600.0,1,6.2,5,31.2,5,594.17,67984.9,,true,solver_status:optimal
CV_h6s4n16.txt,LCT1-CPSAT,4,6,16,16,600.0,0,0.0,2,12.5,5,575.84,13266.5,,true,solver_status:optimal
CV_h6s4n17.txt,LCT1-CPSAT,4,6,16,16,600.0,0,0.0,3,18.8,5,598.77,21011.6,,true,solver_status:optimal
CV_h6s4n18.txt,LCT1-CPSAT,4,6,16,16,600.0,0,0.0,1,6.2,5,596.38,14030.9,,true,solver_status:optimal
CV_h6s4n19.txt,LCT1-CPSAT,4,6,16,16,600.0,0,0.0,3,18.8,5,584.88,16455.9,,true,solver_status:optimal
CV_h6s4n2.txt,LCT1-CPSAT,4,6,16,16,600.0,0,0.0,6,37.5,5,578.91,40802.9,,true,solver_status:optimal
CV_h6s4n20.txt,LCT1-CPSAT,4,6,16,16,600.0,0,0.0,6,37.5,5,578.00,33771.4,,true,solver_status:optimal
CV_h6s4n21.txt,LCT1-CPSAT,4,6,16,16,600.0,0,0.0,2,12.5,5,560.43,11781.8,,true,solver_status:optimal
CV_h6s4n22.txt,LCT1-CPSAT,4,6,16,16,600.0,0,0.0,3,18.8,5,584.88,34148.5,,true,solver_status:optimal
CV_h6s4n23.txt,LCT1-CPSAT,4,6,16,16,600.0,0,0.0,3,18.8,5,575.12,27171.5,,true,solver_status:optimal
CV_h6s4n24.txt,LCT1-CPSAT,4,6,16,16,600.0,0,0.0,4,25.0,5,555.63,49246.2,,true,solver_status:optimal
CV_h6s4n25.txt,LCT1-CPSAT,4,6,16,16,600.0,1,6.2,4,25.0,5,541.40,28789.5,,true,solver_status:optimal
CV_h6s4n26.txt,LCT1-CPSAT,4,6,16,16,600.0,0,0.0,5,31.2,5,555.22,17531.7,,true,solver_status:optimal
CV_h6s4n27.txt,LCT1-CPSAT,4,6,16,16,600.0,0,0.0,4,25.0,5,576.43,20242.8,,true,solver_status:optimal
CV_h6s4n28.txt,LCT1-CPSAT,4,6,16,16,600.0,0,0.0,3,18.8,4,453.10,27822.6,,true,solver_status:optimal
CV_h6s4n29.txt,LCT1-CPSAT,4,6,16,16,600.0,0,0.0,6,37.5,5,574.74,24481.0,,true,solver_status:optimal
CV_h6s4n3.txt,LCT1-CPSAT,4,6,16,16,600.0,2,12.5,3,18.8,5,574.67,44807.7,,true,solver_status:optimal
CV_h6s4n30.txt,LCT1-CPSAT,4,6,16,16,600.0,0,0.0,2,12.5,5,574.95,29408.1,,true,solver_status:optimal
CV_h6s4n31.txt,LCT1-CPSAT,4,6,16,16,600.0,1,6.2,3,18.8,5,545.55,34972.8,,true,solver_status:optimal
CV_h6s4n32.txt,LCT1-CPSAT,4,6,16,16,600.0,2,12.5,4,25.0,5,592.77,33218.3,,true,solver_status:optimal
CV_h6s4n33.txt,LCT1-CPSAT,4,6,16,16,600.0,0,0.0,2,12.5,4,431.45,16654.6,,true,solver_status:optimal
CV_h6s4n34.txt,LCT1-CPSAT,4,6,16,16,600.0,1,6.2,3,18.8,5,599.41,15082.8,,true,solver_status:optimal
CV_h6s4n35.txt,LCT1-CPSAT,4,6,16,16,600.0,0,0.0,1,6.2,5,599.17,12196.9,,true,solver_status:optimal
CV_h6s4n36.txt,LCT1-CPSAT,4,6,16,16,600.0,0,0.0,3,18.8,5,539.78,14288.4,,true,solver_status:optimal
CV_h6s4n37.txt,LCT1-CPSAT,4,6,16,16,600.0,1,6.2,7,43.8,5,576.16,24241.6,,true,solver_status:optimal
CV_h6s4n38.txt,LCT1-CPSAT,4,6,16,16,600.0,0,0.0,3,18.8,5,577.36,13603.0,,true,solver_status:optimal
CV_h6s4n39.txt,LCT1-CPSAT,4,6,16,16,600.0,1,6.2,2,12.5,5,599.57,15395.5,,true,solver_status:optimal
CV_h6s4n4.txt,LCT1-CPSAT,4,6,16,16,600.0,1,6.2,3,18.8,5,595.36,40790.4,,true,solver_status:optimal
CV_h6s4n40.txt,LCT1-CPSAT,4,6,16,16,600.0,0,0.0,2,12.5,5,546.69,20723.1,,true,solver_status:optimal
CV_h6s4n5.txt,LCT1-CPSAT,4,6,16,16,600.0,0,0.0,2,12.5,4,470.70,18557.5,,true,solver_status:optimal
CV_h6s4n6.txt,LCT1-CPSAT,4,6,16,16,600.0,1,6.2,8,50.0,4,441.92,32428.3,,true,solver_status:optimal
CV_h6s4n7.txt,LCT1-CPSAT,4,6,16,16,600.0,0,0.0,3,18.8,5,555.67,13965.2,,true,solver_status:optimal
CV_h6s4n8.txt,LCT1-CPSAT,4,6,16,16,600.0,1,6.2,3,18.8,5,578.93,12408.8,,true,solver_status:optimal
CV_h6s4n9.txt,LCT1-CPSAT,4,6,16,16,600.0,0,0.0,5,31.2,5,582.44,29112.1,,true,solver_status:optimal
CV_h6s5n1.txt,LCT1-CPSAT,5,6,20,20,600.0,0,0.0,3,15.0,5,555.66,212999.6,,true,solver_status:optimal
CV_h6s5n10.txt,LCT1-CPSAT,5,6,20,20,600.0,0,0.0,4,20.0,5,596.27,129848.1,,true,solver_status:optimal
CV_h6s5n11.txt,LCT1-CPSAT,5,6,20,20,600.0,1,5.0,8,40.0,5,587.35,302674.9,,true,solver_status:optimal
CV_h6s5n12.txt,LCT1-CPSAT,5,6,20,20,600.0,0,0.0,5,25.0,5,598.31,140228.0,,true,solver_status:optimal
CV_h6s5n13.txt,LCT1-CPSAT,5,6,20,20,600.0,1,5.0,4,20.0,5,592.29,184837.2,,true,solver_status:optimal
CV_h6s5n14.txt,LCT1-CPSAT,5,6,20,20,600.0,0,0.0,4,20.0,5,596.47,137877.3,,true,solver_status:optimal
CV_h6s5n15.txt,LCT1-CPSAT,5,6,20,20,600.0,0,0.0,4,20.0,5,575.70,116998.6,,true,solver_status:optimal
CV_h6s5n16.txt,LCT1-CPSAT,5,6,20,20,600.0,0,0.0,2,10.0,5,588.79,67098.6,,true,solver_status:optimal
CV_h6s5n17.txt,LCT1-CPSAT,5,6,20,20,600.0,1,5.0,2,10.0,5,578.93,132743.4,,true,solver_status:optimal
CV_h6s5n18.txt,LCT1-CPSAT,5,6,20,20,600.0,0,0.0,4,20.0,5,559.55,131252.9,,true,solver_status:optimal
CV_h6s5n19.txt,LCT1-CPSAT,5,6,20,20,600.0,0,0.0,3,15.0,5,581.90,70438.2,,true,solver_status:optimal
CV_h6s5n2.txt,LCT1-CPSAT,5,6,20,20,600.0,0,0.0,4,20.0,4,481.58,126784.2,,true,solver_status:optimal
CV_h6s5n20.txt,LCT1-CPSAT,5,6,20,20,600.0,0,0.0,1,5.0,5,567.01,64825.5,,true,solver_status:optimal
CV_h6s5n21.txt,LCT1-CPSAT,5,6,20,20,600.0,0,0.0,3,15.0,5,570.57,102939.2,,true,solver_status:optimal
CV_h6s5n22.txt,LCT1-CPSAT,5,6,20,20,600.0,0,0.0,4,20.0,5,591.78,158016.8,,true,solver_status:optimal
CV_h6s5n23.txt,LCT1-CPSAT,5,6,20,20,600.0,0,0.0,2,10.0,5,557.56,230627.0,,true,solver_status:optimal
CV_h6s5n24.txt,LCT1-CPSAT,5,6,20,20,600.0,1,5.0,2,10.0,5,553.90,141107.7,,true,solver_status:optimal
CV_h6s5n25.txt,LCT1-CPSAT,5,6,20,20,600.0,0,0.0,4,20.0,5,574.89,127836.3,,true,solver_status:optimal
CV_h6s5n26.txt,LCT1-CPSAT,5,6,20,20,600.0,0,0.0,3,15.0,5,593.82,44602.0,,true,solver_status:optimal
CV_h6s5n27.txt,LCT1-CPSAT,5,6,20,20,600.0,0,0.0,6,30.0,5,549.63,447364.8,,true,solver_status:optimal
CV_h6s5n28.txt,LCT1-CPSAT,5,6,20,20,600.0,0,0.0,4,20.0,5,589.00,393780.0,,true,solver_status:optimal
CV_h6s5n29.txt,LCT1-CPSAT,5,6,20,20,600.0,0,0.0,4,20.0,5,556.16,60117.3,,true,solver_status:optimal
CV_h6s5n3.txt,LCT1-CPSAT,5,6,20,20,600.0,1,5.0,5,25.0,5,593.45,86688.1,,true,solver_status:optimal
CV_h6s5n30.txt,LCT1-CPSAT,5,6,20,20,600.0,0,0.0,3,15.0,5,590.69,43313.6,,true,solver_status:optimal
CV_h6s5n31.txt,LCT1-CPSAT,5,6,20,20,600.0,0,0.0,1,5.0,5,557.68,53002.8,,true,solver_status:optimal
CV_h6s5n32.txt,LCT1-CPSAT,5,6,20,20,600.0,3,15.0,7,35.0,5,572.25,847673.3,,true,solver_status:optimal
CV_h6s5n33.txt,LCT1-CPSAT,5,6,20,20,600.0,1,5.0,5,25.0,5,598.63,75121.1,,true,solver_status:optimal
CV_h6s5n34.txt,LCT1-CPSAT,5,6,20,20,600.0,0,0.0,3,15.0,5,591.35,41490.4,,true,solver_status:optimal
CV_h6s5n35.txt,LCT1-CPSAT,5,6,20,20,600.0,0,0.0,2,10.0,5,589.75,203140.1,,true,solver_status:optimal
CV_h6s5n36.txt,LCT1-CPSAT,5,6,20,20,600.0,0,0.0,5,25.0,5,587.94,240706.1,,true,solver_status:optimal
CV_h6s5n37.txt,LCT1-CPSAT,5,6,20,20,600.0,0,0.0,2,10.0,5,584.31,37703.0,,true,solver_status:optimal
CV_h6s5n38.txt,LCT1-CPSAT,5,6,20,20,600.0,1,5.0,3,15.0,5,591.28,213630.3,,true,solver_status:optimal
CV_h6s5n39.txt,LCT1-CPSAT,5,6,20,20,600.0,0,0.0,6,30.0,5,569.31,66262.7,,true,solver_status:optimal
CV_h6s5n4.txt,LCT1-CPSAT,5,6,20,20,600.0,0,0.0,9,45.0,5,588.96,240172.5,,true,solver_status:optimal
CV_h6s5n40.txt,LCT1-CPSAT,5,6,20,20,600.0,1,5.0,3,15.0,5,554.16,327533.7,,true,solver_status:optimal
CV_h6s5n5.txt,LCT1-CPSAT,5,6,20,20,600.0,0,0.0,2,10.0,5,592.47,44664.8,,true,solver_status:optimal
CV_h6s5n6.txt,LCT1-CPSAT,5,6,20,20,600.0,0,0.0,3,15.0,5,593.47,112574.8,,true,solver_status:optimal
CV_h6s5n7.txt,LCT1-CPSAT,5,6,20,20,600.0,0,0.0,5,25.0,5,580.79,185652.4,,true,solver_status:optimal
CV_h6s5n8.txt,LCT1-CPSAT,5,6,20,20,600.0,0,0.0,5,25.0,5,580.82,49707.3,,true,solver_status:optimal
CV_h6s5n9.txt,LCT1-CPSAT,5,6,20,20,600.0,1,5.0,5,25.0,5,565.88,91526.8,,true,solver_status:optimal
CV_h5s3n1.txt,LCT1-CPSAT,3,5,9,9,900.0,1,11.1,4,44.4,8,897.35,14530.2,,true,solver_status:optimal
CV_h5s3n10.txt,LCT1-CPSAT,3,5,9,9,900.0,0,0.0,5,55.6,7,794.22,14300.5,,true,solver_status:optimal
CV_h5s3n11.txt,LCT1-CPSAT,3,5,9,9,900.0,2,22.2,9,100.0,8,886.31,5489.9,,true,solver_status:optimal
CV_h5s3n12.txt,LCT1-CPSAT,3,5,9,9,900.0,0,0.0,7,77.8,7,796.58,6696.5,,true,solver_status:optimal
CV_h5s3n13.txt,LCT1-CPSAT,3,5,9,9,900.0,0,0.0,3,33.3,8,891.46,12796.7,,true,solver_status:optimal
CV_h5s3n14.txt,LCT1-CPSAT,3,5,9,9,900.0,0,0.0,5,55.6,7,809.09,8012.4,,true,solver_status:optimal
CV_h5s3n15.txt,LCT1-CPSAT,3,5,9,9,900.0,0,0.0,4,44.4,8,891.23,18323.0,,true,solver_status:optimal
CV_h5s3n16.txt,LCT1-CPSAT,3,5,9,9,900.0,0,0.0,4,44.4,8,867.12,16861.3,,true,solver_status:optimal
CV_h5s3n17.txt,LCT1-CPSAT,3,5,9,9,900.0,2,22.2,3,33.3,8,879.25,26005.1,,true,solver_status:optimal
CV_h5s3n18.txt,LCT1-CPSAT,3,5,9,9,900.0,0,0.0,9,100.0,7,813.67,8927.1,,true,solver_status:optimal
CV_h5s3n19.txt,LCT1-CPSAT,3,5,9,9,900.0,0,0.0,4,44.4,8,887.10,16181.3,,true,solver_status:optimal
CV_h5s3n2.txt,LCT1-CPSAT,3,5,9,9,900.0,0,0.0,6,66.7,7,830.11,14746.6,,true,solver_status:optimal
CV_h5s3n20.txt,LCT1-CPSAT,3,5,9,9,900.0,0,0.0,5,55.6,8,884.62,13670.0,,true,solver_status:optimal
CV_h5s3n21.txt,LCT1-CPSAT,3,5,9,9,900.0,1,11.1,3,33.3,7,802.82,12225.4,,true,solver_status:optimal
CV_h5s3n22.txt,LCT1-CPSAT,3,5,9,9,900.0,2,22.2,4,44.4,8,862.73,18283.7,,true,solver_status:optimal
CV_h5s3n23.txt,LCT1-CPSAT,3,5,9,9,900.0,0,0.0,4,44.4,8,884.62,14034.2,,true,solver_status:optimal
CV_h5s3n24.txt,LCT1-CPSAT,3,5,9,9,900.0,1,11.1,4,44.4,7,821.26,11232.0,,true,solver_status:optimal
CV_h5s3n25.txt,LCT1-CPSAT,3,5,9,9,900.0,0,0.0,4,44.4,7,801.40,16348.6,,true,solver_status:optimal
CV_h5s3n26.txt,LCT1-CPSAT,3,5,9,9,900.0,0,0.0,9,100.0,8,879.56,6124.9,,true,solver_status:optimal
CV_h5s3n27.txt,LCT1-CPSAT,3,5,9,9,900.0,0,0.0,9,100.0,8,866.97,7218.9,,true,solver_status:optimal
CV_h5s3n28.txt,LCT1-CPSAT,3,5,9,9,900.0,0,0.0,4,44.4,8,853.02,17314.1,,true,solver_status:optimal
CV_h5s3n29.txt,LCT1-CPSAT,3,5,9,9,900.0,0,0.0,5,55.6,7,809.09,11101.7,,true,solver_status:optimal
CV_h5s3n3.txt,LCT1-CPSAT,3,5,9,9,900.0,0,0.0,9,100.0,8,879.01,3481.4,,true,solver_status:optimal
CV_h5s3n30.txt,LCT1-CPSAT,3,5,9,9,900.0,0,0.0,5,55.6,7,769.38,12140.6,,true,solver_status:optimal
CV_h5s3n31.txt,LCT1-CPSAT,3,5,9,9,900.0,0,0.0,9,100.0,8,880.83,5179.8,,true,solver_status:optimal
CV_h5s3n32.txt,LCT1-CPSAT,3,5,9,9,900.0,1,11.1,9,100.0,7,746.51,3994.3,,true,solver_status:optimal
CV_h5s3n33.txt,LCT1-CPSAT,3,5,9,9,900.0,1,11.1,9,100.0,7,791.66,4223.2,,true,solver_status:optimal
CV_h5s3n34.txt,LCT1-CPSAT,3,5,9,9,900.0,0,0.0,3,33.3,7,798.65,13388.0,,true,solver_status:optimal
CV_h5s3n35.txt,LCT1-CPSAT,3,5,9,9,900.0,0,0.0,5,55.6,8,870.92,15477.4,,true,solver_status:optimal
CV_h5s3n36.txt,LCT1-CPSAT,3,5,9,9,900.0,0,0.0,3,33.3,7,857.78,14890.8,,true,solver_status:optimal
CV_h5s3n37.txt,LCT1-CPSAT,3,5,9,9,900.0,0,0.0,5,55.6,7,801.40,15506.0,,true,solver_status:optimal
CV_h5s3n38.txt,LCT1-CPSAT,3,5,9,9,900.0,0,0.0,6,66.7,8,896.67,8182.4,,true,solver_status:optimal
CV_h5s3n39.txt,LCT1-CPSAT,3,5,9,9,900.0,9,100.0,9,100.0,8,883.71,5750.9,,true,solver_status:optimal
CV_h5s3n4.txt,LCT1-CPSAT,3,5,9,9,900.0,1,11.1,9,100.0,8,898.93,6259.8,,true,solver_status:optimal
CV_h5s3n40.txt,LCT1-CPSAT,3,5,9,9,900.0,1,11.1,5,55.6,8,897.35,11524.1,,true,solver_status:optimal
CV_h5s3n5.txt,LCT1-CPSAT,3,5,9,9,900.0,4,44.4,9,100.0,8,899.05,3217.2,,true,solver_status:optimal
CV_h5s3n6.txt,LCT1-CPSAT,3,5,9,9,900.0,0,0.0,7,77.8,7,841.31,10175.6,,true,solver_status:optimal
CV_h5s3n7.txt,LCT1-CPSAT,3,5,9,9,900.0,0,0.0,9,100.0,8,886.31,8039.1,,true,solver_status:optimal
CV_h5s3n8.txt,LCT1-CPSAT,3,5,9,9,900.0,1,11.1,9,100.0,8,887.33,3216.5,,true,solver_status:optimal
CV_h5s3n9.txt,LCT1-CPSAT,3,5,9,9,900.0,0,0.0,3,33.3,7,876.48,10197.6,,true,solver_status:optimal
CV_h5s4n1.txt,LCT1-CPSAT,4,5,12,12,900.0,2,16.7,6,50.0,8,890.59,3596580.6,,false,solver_status:feasible
CV_h5s4n10.txt,LCT1-CPSAT,4,5,12,12,900.0,0,0.0,3,25.0,7,851.80,885837.9,,true,solver_status:optimal
CV_h5s4n11.txt,LCT1-CPSAT,4,5,12,12,900.0,1,8.3,5,41.7,7,870.82,211301.9,,true,solver_status:optimal
CV_h5s4n12.txt,LCT1-CPSAT,4,5,12,12,900.0,1,8.3,10,83.3,8,892.29,345565.5,,true,solver_status:optimal
CV_h5s4n13.txt,LCT1-CPSAT,4,5,12,12,900.0,1,8.3,12,100.0,8,859.68,9195.0,,true,solver_status:optimal
CV_h5s4n14.txt,LCT1-CPSAT,4,5,12,12,900.0,0,0.0,5,41.7,8,879.57,3599832.8,,false,solver_status:feasible
CV_h5s4n15.txt,LCT1-CPSAT,4,5,12,12,900.0,0,0.0,8,66.7,8,885.88,321061.2,,true,solver_status:optimal
CV_h5s4n16.txt,LCT1-CPSAT,4,5,12,12,900.0,0,0.0,3,25.0,8,886.95,1170368.4,,true,solver_status:optimal
CV_h5s4n17.txt,LCT1-CPSAT,4,5,12,12,900.0,0,0.0,12,100.0,8,890.01,39098.7,,true,solver_status:optimal
CV_h5s4n18.txt,LCT1-CPSAT,4,5,12,12,900.0,0,0.0,6,50.0,7,814.64,2371363.2,,true,solver_status:optimal
CV_h5s4n19.txt,LCT1-CPSAT,4,5,12,12,900.0,0,0.0,7,58.3,7,859.52,591470.4,,true,solver_status:optimal
CV_h5s4n2.txt,LCT1-CPSAT,4,5,12,12,900.0,0,0.0,12,100.0,8,887.21,13481.2,,true,solver_status:optimal
CV_h5s4n20.txt,LCT1-CPSAT,4,5,12,12,900.0,0,0.0,9,75.0,8,897.21,1892216.4,,true,solver_status:optimal
CV_h5s4n21.txt,LCT1-CPSAT,4,5,12,12,900.0,1,8.3,6,50.0,7,859.24,510293.3,,true,solver_status:optimal
CV_h5s4n22.txt,LCT1-CPSAT,4,5,12,12,900.0,0,0.0,6,50.0,7,827.06,1568664.2,,true,solver_status:optimal
CV_h5s4n23.txt,LCT1-CPSAT,4,5,12,12,900.0,3,25.0,12,100.0,7,810.26,13762.6,,true,solver_status:optimal
CV_h5s4n24.txt,LCT1-CPSAT,4,5,12,12,900.0,0,0.0,5,41.7,7,847.86,3597164.8,,false,solver_status:feasible
CV_h5s4n25.txt,LCT1-CPSAT,4,5,12,12,900.0,0,0.0,6,50.0,8,880.54,1377708.6,,true,solver_status:optimal
CV_h5s4n26.txt,LCT1-CPSAT,4,5,12,12,900.0,1,8.3,12,100.0,8,896.26,2345611.2,,true,solver_status:optimal
CV_h5s4n27.txt,LCT1-CPSAT,4,5,12,12,900.0,4,33.3,12,100.0,8,899.90,11990.0,,true,solver_status:optimal
CV_h5s4n28.txt,LCT1-CPSAT,4,5,12,12,900.0,0,0.0,4,33.3,7,864.51,1895252.5,,true,solver_status:optimal
CV_h5s4n29.txt,LCT1-CPSAT,4,5,12,12,900.0,0,0.0,4,33.3,8,892.56,1774457.0,,true,solver_status:optimal
CV_h5s4n3.txt,LCT1-CPSAT,4,5,12,12,900.0,1,8.3,6,50.0,8,893.72,1214250.5,,true,solver_status:optimal
CV_h5s4n30.txt,LCT1-CPSAT,4,5,12,12,900.0,0,0.0,6,50.0,7,828.72,3597196.5,,false,solver_status:feasible
CV_h5s4n31.txt,LCT1-CPSAT,4,5,12,12,900.0,0,0.0,12,100.0,8,898.08,925791.1,,true,solver_status:optimal
CV_h5s4n32.txt,LCT1-CPSAT,4,5,12,12,900.0,0,0.0,2,16.7,7,842.93,2207404.8,,true,solver_status:optimal
CV_h5s4n33.txt,LCT1-CPSAT,4,5,12,12,900.0,0,0.0,4,33.3,7,892.10,178604.5,,true,solver_status:optimal
CV_h5s4n34.txt,LCT1-CPSAT,4,5,12,12,900.0,0,0.0,6,50.0,7,784.89,1997866.2,,true,solver_status:optimal
CV_h5s4n35.txt,LCT1-CPSAT,4,5,12,12,900.0,1,8.3,8,66.7,7,848.08,1517323.3,,true,solver_status:optimal
CV_h5s4n36.txt,LCT1-CPSAT,4,5,12,12,900.0,0,0.0,4,33.3,8,891.07,1120302.4,,true,solver_status:optimal
CV_h5s4n37.txt,LCT1-CPSAT,4,5,12,12,900.0,3,25.0,7,58.3,7,850.19,1576922.3,,true,solver_status:optimal
CV_h5s4n38.txt,LCT1-CPSAT,4,5,12,12,900.0,2,16.7,12,100.0,8,899.11,5893.0,,true,solver_status:optimal
CV_h5s4n39.txt,LCT1-CPSAT,4,5,12,12,900.0,0,0.0,12,100.0,7,830.27,686165.9,,true,solver_status:optimal
CV_h5s4n4.txt,LCT1-CPSAT,4,5,12,12,900.0,0,0.0,12,100.0,7,863.19,9588.0,,true,solver_status:optimal
CV_h5s4n40.txt,LCT1-CPSAT,4,5,12,12,900.0,0,0.0,12,100.0,8,896.01,103067.0,,true,solver_status:optimal
CV_h5s4n5.txt,LCT1-CPSAT,4,5,12,12,900.0,1,8.3,7,58.3,8,893.76,244990.7,,true,solver_status:optimal
CV_h5s4n6.txt,LCT1-CPSAT,4,5,12,12,900.0,0,0.0,5,41.7,7,848.89,259858.7,,true,solver_status:optimal
CV_h5s4n7.txt,LCT1-CPSAT,4,5,12,12,900.0,0,0.0,3,25.0,8,833.21,631854.6,,true,solver_status:optimal
CV_h5s4n8.txt,LCT1-CPSAT,4,5,12,12,900.0,2,16.7,8,66.7,8,896.37,363532.4,,true,solver_status:optimal
CV_h5s4n9.txt,LCT1-CPSAT,4,5,12,12,900.0,0,0.0,12,100.0,7,880.09,202342.0,,true,solver_status:optimal
CV_h5s5n1.txt,LCT1-CPSAT,5,5,15,15,900.0,1,6.7,7,46.7,8,892.51,3596794.7,,false,solver_status:feasible
CV_h5s5n10.txt,LCT1-CPSAT,5,5,15,15,900.0,3,20.0,13,86.7,8,886.10,3598027.7,,false,solver_status:feasible
CV_h5s5n11.txt,LCT1-CPSAT,5,5,15,15,900.0,0,0.0,4,26.7,7,868.37,3596724.1,,false,solver_status:feasible
CV_h5s5n12.txt,LCT1-CPSAT,5,5,15,15,900.0,0,0.0,8,53.3,7,852.04,3596944.8,,false,solver_status:feasible
CV_h5s5n13.txt,LCT1-CPSAT,5,5,15,15,900.0,0,0.0,5,33.3,7,878.06,3596918.4,,false,solver_status:feasible
CV_h5s5n14.txt,LCT1-CPSAT,5,5,15,15,900.0,0,0.0,13,86.7,8,894.89,3597218.5,,false,solver_status:feasible
CV_h5s5n15.txt,LCT1-CPSAT,5,5,15,15,900.0,0,0.0,7,46.7,8,880.26,3597057.0,,false,solver_status:feasible
CV_h5s5n16.txt,LCT1-CPSAT,5,5,15,15,900.0,0,0.0,6,40.0,7,852.84,3596718.7,,false,solver_status:feasible
CV_h5s5n17.txt,LCT1-CPSAT,5,5,15,15,900.0,0,0.0,11,73.3,8,865.55,3596666.1,,false,solver_status:feasible
CV_h5s5n18.txt,LCT1-CPSAT,5,5,15,15,900.0,1,6.7,10,66.7,8,892.13,3596596.8,,false,solver_status:feasible
CV_h5s5n19.txt,LCT1-CPSAT,5,5,15,15,900.0,1,6.7,8,53.3,7,833.20,3596940.3,,false,solver_status:feasible
CV_h5s5n2.txt,LCT1-CPSAT,5,5,15,15,900.0,0,0.0,5,33.3,7,854.97,3596926.5,,false,solver_status:feasible
CV_h5s5n20.txt,LCT1-CPSAT,5,5,15,15,900.0,0,0.0,8,53.3,7,824.43,3596932.4,,false,solver_status:feasible
CV_h5s5n21.txt,LCT1-CPSAT,5,5,15,15,900.0,0,0.0,7,46.7,7,866.69,3597062.9,,false,solver_status:feasible
CV_h5s5n22.txt,LCT1-CPSAT,5,5,15,15,900.0,1,6.7,5,33.3,8,876.57,3597062.8,,false,solver_status:feasible
CV_h5s5n23.txt,LCT1-CPSAT,5,5,15,15,900.0,1,6.7,6,40.0,8,874.22,3596773.1,,false,solver_status:feasible
CV_h5s5n24.txt,LCT1-CPSAT,5,5,15,15,900.0,0,0.0,4,26.7,7,831.72,3596681.0,,false,solver_status:feasible
CV_h5s5n25.txt,LCT1-CPSAT,5,5,15,15,900.0,2,13.3,11,73.3,8,894.97,3597053.1,,false,solver_status:feasible
CV_h5s5n26.txt,LCT1-CPSAT,5,5,15,15,900.0,0,0.0,5,33.3,7,774.54,3597225.7,,false,solver_status:feasible
CV_h5s5n27.txt,LCT1-CPSAT,5,5,15,15,900.0,0,0.0,11,73.3,7,867.93,3361388.4,,true,solver_status:optimal
CV_h5s5n28.txt,LCT1-CPSAT,5,5,15,15,900.0,0,0.0,9,60.0,8,878.06,3596884.9,,false,solver_status:feasible
CV_h5s5n29.txt,LCT1-CPSAT,5,5,15,15,900.0,0,0.0,8,53.3,8,893.58,3598169.8,,false,solver_status:feasible
CV_h5s5n3.txt,LCT1-CPSAT,5,5,15,15,900.0,0,0.0,6,40.0,7,806.12,3596788.9,,false,solver_status:feasible
CV_h5s5n30.txt,LCT1-CPSAT,5,5,15,15,900.0,0,0.0,10,66.7,8,885.56,3597108.5,,false,solver_status:feasible
CV_h5s5n31.txt,LCT1-CPSAT,5,5,15,15,900.0,1,6.7,6,40.0,8,877.63,3596754.3,,false,solver_status:feasible
CV_h5s5n32.txt,LCT1-CPSAT,5,5,15,15,900.0,0,0.0,5,33.3,8,882.56,3596690.1,,false,solver_status:feasible
CV_h5s5n33.txt,LCT1-CPSAT,5,5,15,15,900.0,1,6.7,10,66.7,7,840.03,3596698.0,,false,solver_status:feasible
CV_h5s5n34.txt,LCT1-CPSAT,5,5,15,15,900.0,0,0.0,6,40.0,7,840.05,3597237.4,,false,solver_status:feasible
CV_h5s5n35.txt,LCT1-CPSAT,5,5,15,15,900.0,1,6.7,10,66.7,8,892.08,3599873.8,,false,solver_status:feasible
CV_h5s5n36.txt,LCT1-CPSAT,5,5,15,15,900.0,1,6.7,9,60.0,8,885.61,3596636.8,,false,solver_status:feasible
CV_h5s5n37.txt,LCT1-CPSAT,5,5,15,15,900.0,0,0.0,4,26.7,7,872.14,1396909.3,,true,solver_status:optimal
CV_h5s5n38.txt,LCT1-CPSAT,5,5,15,15,900.0,0,0.0,15,100.0,8,892.92,73206.4,,true,solver_status:optimal
CV_h5s5n39.txt,LCT1-CPSAT,5,5,15,15,900.0,0,0.0,9,60.0,8,893.12,3597077.9,,false,solver_status:feasible
CV_h5s5n4.txt,LCT1-CPSAT,5,5,15,15,900.0,0,0.0,15,100.0,8,896.58,75103.5,,true,solver_status:optimal
CV_h5s5n40.txt,LCT1-CPSAT,5,5,15,15,900.0,2,13.3,9,60.0,8,899.03,3596683.9,,false,solver_status:feasible
CV_h5s5n5.txt,LCT1-CPSAT,5,5,15,15,900.0,0,0.0,5,33.3,7,877.43,3596740.3,,false,solver_status:feasible
CV_h5s5n6.txt,LCT1-CPSAT,5,5,15,15,900.0,0,0.0,7,46.7,7,843.02,3597193.6,,false,solver_status:feasible
CV_h5s5n7.txt,LCT1-CPSAT,5,5,15,15,900.0,0,0.0,9,60.0,6,712.21,3597133.4,,false,solver_status:feasible
CV_h5s5n8.txt,LCT1-CPSAT,5,5,15,15,900.0,0,0.0,7,46.7,7,876.96,3597262.5,,false,solver_status:feasible
CV_h5s5n9.txt,LCT1-CPSAT,5,5,15,15,900.0,0,0.0,6,40.0,7,852.62,3596669.1,,false,solver_status:feasible
CV_h5s6n1.txt,LCT1-CPSAT,6,5,18,18,900.0,0,0.0,4,22.2,7,837.08,3596792.6,,false,solver_status:feasible
CV_h5s6n10.txt,LCT1-CPSAT,6,5,18,18,900.0,1,5.6,12,66.7,8,893.87,3598070.7,,false,solver_status:feasible
CV_h5s6n11.txt,LCT1-CPSAT,6,5,18,18,900.0,3,16.7,18,100.0,8,898.88,77887.9,,true,solver_status:optimal
CV_h5s6n12.txt,LCT1-CPSAT,6,5,18,18,900.0,0,0.0,6,33.3,7,826.06,3596910.9,,false,solver_status:feasible
CV_h5s6n13.txt,LCT1-CPSAT,6,5,18,18,900.0,0,0.0,12,66.7,8,899.56,3597284.8,,false,solver_status:feasible
CV_h5s6n14.txt,LCT1-CPSAT,6,5,18,18,900.0,0,0.0,5,27.8,8,897.68,3597523.4,,false,solver_status:feasible
CV_h5s6n15.txt,LCT1-CPSAT,6,5,18,18,900.0,0,0.0,6,33.3,8,895.69,3597293.5,,false,solver_status:feasible
CV_h5s6n16.txt,LCT1-CPSAT,6,5,18,18,900.0,0,0.0,4,22.2,7,817.81,3597334.0,,false,solver_status:feasible
CV_h5s6n17.txt,LCT1-CPSAT,6,5,18,18,900.0,0,0.0,7,38.9,7,886.74,3596903.1,,false,solver_status:feasible
CV_h5s6n18.txt,LCT1-CPSAT,6,5,18,18,900.0,2,11.1,8,44.4,7,812.79,3597588.7,,false,solver_status:feasible
CV_h5s6n19.txt,LCT1-CPSAT,6,5,18,18,900.0,0,0.0,5,27.8,7,810.82,3596866.4,,false,solver_status:feasible
CV_h5s6n2.txt,LCT1-CPSAT,6,5,18,18,900.0,0,0.0,5,27.8,7,870.54,3596798.0,,false,solver_status:feasible
CV_h5s6n20.txt,LCT1-CPSAT,6,5,18,18,900.0,0,0.0,10,55.6,8,855.64,3596815.2,,false,solver_status:feasible
CV_h5s6n21.txt,LCT1-CPSAT,6,5,18,18,900.0,1,5.6,6,33.3,8,844.38,3596924.9,,false,solver_status:feasible
CV_h5s6n22.txt,LCT1-CPSAT,6,5,18,18,900.0,0,0.0,3,16.7,8,899.66,3597498.8,,false,solver_status:feasible
CV_h5s6n23.txt,LCT1-CPSAT,6,5,18,18,900.0,0,0.0,4,22.2,8,898.41,3596968.9,,false,solver_status:feasible
CV_h5s6n24.txt,LCT1-CPSAT,6,5,18,18,900.0,0,0.0,6,33.3,8,898.99,3597449.7,,false,solver_status:feasible
CV_h5s6n25.txt,LCT1-CPSAT,6,5,18,18,900.0,1,5.6,13,72.2,7,899.32,3596859.0,,false,solver_status:feasible
CV_h5s6n26.txt,LCT1-CPSAT,6,5,18,18,900.0,0,0.0,3,16.7,8,891.63,3597150.0,,false,solver_status:feasible
CV_h5s6n27.txt,LCT1-CPSAT,6,5,18,18,900.0,1,5.6,5,27.8,8,886.10,3598219.5,,false,solver_status:feasible
CV_h5s6n28.txt,LCT1-CPSAT,6,5,18,18,900.0,2,11.1,13,72.2,8,872.91,3596995.9,,false,solver_status:feasible
CV_h5s6n29.txt,LCT1-CPSAT,6,5,18,18,900.0,0,0.0,7,38.9,7,850.36,3599211.9,,false,solver_status:feasible
CV_h5s6n3.txt,LCT1-CPSAT,6,5,18,18,900.0,0,0.0,6,33.3,8,898.16,3596822.2,,false,solver_status:feasible
CV_h5s6n30.txt,LCT1-CPSAT,6,5,18,18,900.0,4,22.2,5,27.8,8,890.10,3596747.4,,false,solver_status:feasible
CV_h5s6n31.txt,LCT1-CPSAT,6,5,18,18,900.0,0,0.0,7,38.9,8,899.50,3596857.9,,false,solver_status:feasible
CV_h5s6n32.txt,LCT1-CPSAT,6,5,18,18,900.0,0,0.0,7,38.9,8,894.99,3596813.6,,false,solver_status:feasible
CV_h5s6n33.txt,LCT1-CPSAT,6,5,18,18,900.0,1,5.6,4,22.2,8,887.18,3598086.9,,false,solver_status:feasible
CV_h5s6n34.txt,LCT1-CPSAT,6,5,18,18,900.0,0,0.0,12,66.7,8,885.36,3596955.9,,false,solver_status:feasible
CV_h5s6n35.txt,LCT1-CPSAT,6,5,18,18,900.0,1,5.6,18,100.0,7,882.71,275295.3,,true,solver_status:optimal
CV_h5s6n36.txt,LCT1-CPSAT,6,5,18,18,900.0,2,11.1,5,27.8,8,880.06,3596713.0,,false,solver_status:feasible
CV_h5s6n37.txt,LCT1-CPSAT,6,5,18,18,900.0,0,0.0,5,27.8,7,846.92,3596751.7,,false,solver_status:feasible
CV_h5s6n38.txt,LCT1-CPSAT,6,5,18,18,900.0,0,0.0,10,55.6,8,886.64,3596877.6,,false,solver_status:feasible
CV_h5s6n39.txt,LCT1-CPSAT,6,5,18,18,900.0,0,0.0,7,38.9,7,858.24,3596962.3,,false,solver_status:feasible
CV_h5s6n4.txt,LCT1-CPSAT,6,5,18,18,900.0,0,0.0,8,44.4,8,880.50,3596940.2,,false,solver_status:feasible
CV_h5s6n40.txt,LCT1-CPSAT,6,5,18,18,900.0,1,5.6,7,38.9,8,892.47,3596851.5,,false,solver_status:feasible
CV_h5s6n5.txt,LCT1-CPSAT,6,5,18,18,900.0,0,0.0,18,100.0,7,828.21,1750681.7,,true,solver_status:optimal
CV_h5s6n6.txt,LCT1-CPSAT,6,5,18,18,900.0,0,0.0,3,16.7,8,872.97,3596789.0,,false,solver_status:feasible
CV_h5s6n7.txt,LCT1-CPSAT,6,5,18,18,900.0,0,0.0,7,38.9,7,835.31,3596860.0,,false,solver_status:feasible
CV_h5s6n8.txt,LCT1-CPSAT,6,5,18,18,900.0,1,5.6,5,27.8,8,895.29,3597131.2,,false,solver_status:feasible
CV_h5s6n9.txt,LCT1-CPSAT,6,5,18,18,900.0,0,0.0,5,27.8,8,884.95,3597409.0,,false,solver_status:feasible
CV_h5s7n1.txt,LCT1-CPSAT,7,5,21,21,900.0,0,0.0,12,57.1,7,851.46,3596900.5,,false,solver_status:feasible
CV_h5s7n10.txt,LCT1-CPSAT,7,5,21,21,900.0,0,0.0,11,52.4,8,874.87,3597349.0,,false,solver_status:feasible
CV_h5s7n11.txt,LCT1-CPSAT,7,5,21,21,900.0,0,0.0,7,33.3,8,889.65,3597026.7,,false,solver_status:feasible
CV_h5s7n12.txt,LCT1-CPSAT,7,5,21,21,900.0,1,4.8,11,52.4,7,831.91,3598558.4,,false,solver_status:feasible
CV_h5s7n13.txt,LCT1-CPSAT,7,5,21,21,900.0,0,0.0,3,14.3,7,806.96,3596956.2,,false,solver_status:feasible
CV_h5s7n14.txt,LCT1-CPSAT,7,5,21,21,900.0,0,0.0,16,76.2,8,899.73,3596954.8,,false,solver_status:feasible
CV_h5s7n15.txt,LCT1-CPSAT,7,5,21,21,900.0,0,0.0,14,66.7,8,897.92,3597061.1,,false,solver_status:feasible
CV_h5s7n16.txt,LCT1-CPSAT,7,5,21,21,900.0,3,14.3,6,28.6,8,885.18,3597544.5,,false,solver_status:feasible
CV_h5s7n17.txt,LCT1-CPSAT,7,5,21,21,900.0,1,4.8,11,52.4,8,884.42,3597425.9,,false,solver_status:feasible
CV_h5s7n18.txt,LCT1-CPSAT,7,5,21,21,900.0,5,23.8,9,42.9,8,883.01,3597017.1,,false,solver_status:feasible
CV_h5s7n19.txt,LCT1-CPSAT,7,5,21,21,900.0,0,0.0,5,23.8,8,881.04,3597669.0,,false,solver_status:feasible
CV_h5s7n2.txt,LCT1-CPSAT,7,5,21,21,900.0,0,0.0,8,38.1,8,879.88,3598953.5,,false,solver_status:feasible
CV_h5s7n20.txt,LCT1-CPSAT,7,5,21,21,900.0,0,0.0,10,47.6,8,885.71,3596965.7,,false,solver_status:feasible
CV_h5s7n21.txt,LCT1-CPSAT,7,5,21,21,900.0,0,0.0,6,28.6,8,899.55,3596992.7,,false,solver_status:feasible
CV_h5s7n22.txt,LCT1-CPSAT,7,5,21,21,900.0,0,0.0,6,28.6,8,898.31,3597363.1,,false,solver_status:feasible
CV_h5s7n23.txt,LCT1-CPSAT,7,5,21,21,900.0,0,0.0,10,47.6,8,889.32,3597678.8,,false,solver_status:feasible
CV_h5s7n24.txt,LCT1-CPSAT,7,5,21,21,900.0,1,4.8,8,38.1,8,899.41,3598984.4,,false,solver_status:feasible
CV_h5s7n25.txt,LCT1-CPSAT,7,5,21,21,900.0,1,4.8,8,38.1,8,896.60,3596931.9,,false,solver_status:feasible
CV_h5s7n26.txt,LCT1-CPSAT,7,5,21,21,900.0,0,0.0,6,28.6,8,885.62,3599572.8,,false,solver_status:feasible
CV_h5s7n27.txt,LCT1-CPSAT,7,5,21,21,900.0,0,0.0,5,23.8,8,894.84,3598449.3,,false,solver_status:feasible
CV_h5s7n28.txt,LCT1-CPSAT,7,5,21,21,900.0,2,9.5,10,47.6,8,899.76,3598827.8,,false,solver_status:feasible
CV_h5s7n29.txt,LCT1-CPSAT,7,5,21,21,900.0,1,4.8,4,19.0,8,898.71,3597545.6,,false,solver_status:feasible
CV_h5s7n3.txt,LCT1-CPSAT,7,5,21,21,900.0,3,14.3,6,28.6,8,886.15,3597378.7,,false,solver_status:feasible
CV_h5s7n30.txt,LCT1-CPSAT,7,5,21,21,900.0,2,9.5,7,33.3,8,883.65,3596996.6,,false,solver_status:feasible
CV_h5s7n31.txt,LCT1-CPSAT,7,5,21,21,900.0,0,0.0,5,23.8,7,797.21,3597982.9,,false,solver_status:feasible
CV_h5s7n32.txt,LCT1-CPSAT,7,5,21,21,900.0,1,4.8,6,28.6,8,886.99,3597007.1,,false,solver_status:feasible
CV_h5s7n33.txt,LCT1-CPSAT,7,5,21,21,900.0,0,0.0,5,23.8,7,782.89,3598781.0,,false,solver_status:feasible
CV_h5s7n34.txt,LCT1-CPSAT,7,5,21,21,900.0,0,0.0,6,28.6,8,882.70,3596981.7,,false,solver_status:feasible
CV_h5s7n35.txt,LCT1-CPSAT,7,5,21,21,900.0,0,0.0,5,23.8,7,895.70,3596932.0,,false,solver_status:feasible
CV_h5s7n36.txt,LCT1-CPSAT,7,5,21,21,900.0,0,0.0,7,33.3,7,816.85,3596986.1,,false,solver_status:feasible
CV_h5s7n37.txt,LCT1-CPSAT,7,5,21,21,900.0,0,0.0,15,71.4,7,828.43,3596991.5,,false,solver_status:feasible
CV_h5s7n38.txt,LCT1-CPSAT,7,5,21,21,900.0,1,4.8,4,19.0,7,870.32,3596920.0,,false,solver_status:feasible
CV_h5s7n39.txt,LCT1-CPSAT,7,5,21,21,900.0,0,0.0,6,28.6,7,803.20,3597680.2,,false,solver_status:feasible
CV_h5s7n4.txt,LCT1-CPSAT,7,5,21,21,900.0,0,0.0,11,52.4,8,872.25,3596966.9,,false,solver_status:feasible
CV_h5s7n40.txt,LCT1-CPSAT,7,5,21,21,900.0,0,0.0,9,42.9,7,832.76,3597332.4,,false,solver_status:feasible
CV_h5s7n5.txt,LCT1-CPSAT,7,5,21,21,900.0,0,0.0,4,19.0,8,894.05,3597496.3,,false,solver_status:feasible
CV_h5s7n6.txt,LCT1-CPSAT,7,5,21,21,900.0,1,4.8,7,33.3,8,875.50,3597007.1,,false,solver_status:feasible
CV_h5s7n7.txt,LCT1-CPSAT,7,5,21,21,900.0,0,0.0,4,19.0,7,856.32,3597129.0,,false,solver_status:feasible
CV_h5s7n8.txt,LCT1-CPSAT,7,5,21,21,900.0,0,0.0,10,47.6,8,878.03,3596980.4,,false,solver_status:feasible
CV_h5s7n9.txt,LCT1-CPSAT,7,5,21,21,900.0,0,0.0,5,23.8,8,881.96,3596941.8,,false,solver_status:feasible
CV_h5s8n1.txt,LCT1-CPSAT,8,5,24,24,900.0,0,0.0,6,25.0,7,832.41,3597110.9,,false,solver_status:feasible
CV_h5s8n10.txt,LCT1-CPSAT,8,5,24,24,900.0,0,0.0,7,29.2,8,896.20,3597052.4,,false,solver_status:feasible
CV_h5s8n11.txt,LCT1-CPSAT,8,5,24,24,900.0,1,4.2,4,16.7,8,856.73,3597105.1,,false,solver_status:feasible
CV_h5s8n12.txt,LCT1-CPSAT,8,5,24,24,900.0,0,0.0,7,29.2,7,789.78,3597879.6,,false,solver_status:feasible
CV_h5s8n13.txt,LCT1-CPSAT,8,5,24,24,900.0,0,0.0,10,41.7,7,817.29,3597128.0,,false,solver_status:feasible
CV_h5s8n14.txt,LCT1-CPSAT,8,5,24,24,900.0,0,0.0,6,25.0,7,865.43,3597594.6,,false,solver_status:feasible
CV_h5s8n15.txt,LCT1-CPSAT,8,5,24,24,900.0,0,0.0,6,25.0,8,897.59,3597418.2,,false,solver_status:feasible
CV_h5s8n16.txt,LCT1-CPSAT,8,5,24,24,900.0,1,4.2,7,29.2,7,815.82,3597216.1,,false,solver_status:feasible
CV_h5s8n17.txt,LCT1-CPSAT,8,5,24,24,900.0,1,4.2,11,45.8,8,877.88,3597187.6,,false,solver_status:feasible
CV_h5s8n18.txt,LCT1-CPSAT,8,5,24,24,900.0,0,0.0,8,33.3,8,896.19,3597160.5,,false,solver_status:feasible
CV_h5s8n19.txt,LCT1-CPSAT,8,5,24,24,900.0,0,0.0,9,37.5,8,898.56,3597185.7,,false,solver_status:feasible
CV_h5s8n2.txt,LCT1-CPSAT,8,5,24,24,900.0,0,0.0,8,33.3,7,822.92,3598717.5,,false,solver_status:feasible
CV_h5s8n20.txt,LCT1-CPSAT,8,5,24,24,900.0,0,0.0,4,16.7,7,849.95,3598019.2,,false,solver_status:feasible
CV_h5s8n21.txt,LCT1-CPSAT,8,5,24,24,900.0,0,0.0,7,29.2,8,895.11,3597176.0,,false,solver_status:feasible
CV_h5s8n22.txt,LCT1-CPSAT,8,5,24,24,900.0,0,0.0,6,25.0,7,845.19,3598624.4,,false,solver_status:feasible
CV_h5s8n23.txt,LCT1-CPSAT,8,5,24,24,900.0,0,0.0,9,37.5,7,853.95,3597062.0,,false,solver_status:feasible
CV_h5s8n24.txt,LCT1-CPSAT,8,5,24,24,900.0,0,0.0,11,45.8,7,834.88,3597088.3,,false,solver_status:feasible
CV_h5s8n25.txt,LCT1-CPSAT,8,5,24,24,900.0,1,4.2,10,41.7,8,895.01,3597518.9,,false,solver_status:feasible
CV_h5s8n26.txt,LCT1-CPSAT,8,5,24,24,900.0,0,0.0,4,16.7,7,819.82,3598192.9,,false,solver_status:feasible
CV_h5s8n27.txt,LCT1-CPSAT,8,5,24,24,900.0,0,0.0,9,37.5,7,830.10,3597826.3,,false,solver_status:feasible
CV_h5s8n28.txt,LCT1-CPSAT,8,5,24,24,900.0,0,0.0,10,41.7,8,899.55,3598399.1,,false,solver_status:feasible
CV_h5s8n29.txt,LCT1-CPSAT,8,5,24,24,900.0,0,0.0,5,20.8,7,884.72,3597539.3,,false,solver_status:feasible
CV_h5s8n3.txt,LCT1-CPSAT,8,5,24,24,900.0,0,0.0,10,41.7,8,888.51,3597176.7,,false,solver_status:feasible
CV_h5s8n30.txt,LCT1-CPSAT,8,5,24,24,900.0,0,0.0,6,25.0,7,879.90,3597611.1,,false,solver_status:feasible
CV_h5s8n31.txt,LCT1-CPSAT,8,5,24,24,900.0,0,0.0,4,16.7,8,885.67,3597532.8,,false,solver_status:feasible
CV_h5s8n32.txt,LCT1-CPSAT,8,5,24,24,900.0,0,0.0,4,16.7,8,862.40,3597583.2,,false,solver_status:feasible
CV_h5s8n33.txt,LCT1-CPSAT,8,5,24,24,900.0,0,0.0,6,25.0,7,820.46,3597042.5,,false,solver_status:feasible
CV_h5s8n34.txt,LCT1-CPSAT,8,5,24,24,900.0,0,0.0,4,16.7,7,884.14,3597570.7,,false,solver_status:feasible
CV_h5s8n35.txt,LCT1-CPSAT,8,5,24,24,900.0,0,0.0,5,20.8,8,864.04,3598227.3,,false,solver_status:feasible
CV_h5s8n36.txt,LCT1-CPSAT,8,5,24,24,900.0,0,0.0,4,16.7,8,825.76,3597441.8,,false,solver_status:feasible
CV_h5s8n37.txt,LCT1-CPSAT,8,5,24,24,900.0,0,0.0,13,54.2,8,887.06,3598954.9,,false,solver_status:feasible
CV_h5s8n38.txt,LCT1-CPSAT,8,5,24,24,900.0,0,0.0,7,29.2,8,897.15,3599327.2,,false,solver_status:feasible
CV_h5s8n39.txt,LCT1-CPSAT,8,5,24,24,900.0,0,0.0,6,25.0,8,895.01,3597237.0,,false,solver_status:feasible
CV_h5s8n4.txt,LCT1-CPSAT,8,5,24,24,900.0,1,4.2,6,25.0,7,871.78,3597117.7,,false,solver_status:feasible
CV_h5s8n40.txt,LCT1-CPSAT,8,5,24,24,900.0,1,4.2,6,25.0,7,783.68,3599053.6,,false,solver_status:feasible
CV_h5s8n5.txt,LCT1-CPSAT,8,5,24,24,900.0,0,0.0,8,33.3,8,892.38,3597876.3,,false,solver_status:feasible
CV_h5s8n6.txt,LCT1-CPSAT,8,5,24,24,900.0,0,0.0,7,29.2,8,895.81,3597079.9,,false,solver_status:feasible
CV_h5s8n7.txt,LCT1-CPSAT,8,5,24,24,900.0,0,0.0,6,25.0,8,896.81,3597721.3,,false,solver_status:feasible
CV_h5s8n8.txt,LCT1-CPSAT,8,5,24,24,900.0,2,8.3,4,16.7,8,898.92,3597721.0,,false,solver_status:feasible
CV_h5s8n9.txt,LCT1-CPSAT,8,5,24,24,900.0,0,0.0,7,29.2,8,896.60,3597088.0,,false,solver_status:feasible
CV_h6s4n1.txt,LCT1-CPSAT,4,6,16,16,900.0,0,0.0,4,25.0,7,848.13,365578.9,,true,solver_status:optimal
CV_h6s4n10.txt,LCT1-CPSAT,4,6,16,16,900.0,0,0.0,6,37.5,8,898.64,1577323.1,,true,solver_status:optimal
CV_h6s4n11.txt,LCT1-CPSAT,4,6,16,16,900.0,0,0.0,3,18.8,7,834.71,151442.2,,true,solver_status:optimal
CV_h6s4n12.txt,LCT1-CPSAT,4,6,16,16,900.0,3,18.8,5,31.2,8,882.02,271696.2,,true,solver_status:optimal
CV_h6s4n13.txt,LCT1-CPSAT,4,6,16,16,900.0,0,0.0,6,37.5,7,890.00,1176599.1,,true,solver_status:optimal
CV_h6s4n14.txt,LCT1-CPSAT,4,6,16,16,900.0,0,0.0,2,12.5,8,870.77,1206185.0,,true,solver_status:optimal
CV_h6s4n15.txt,LCT1-CPSAT,4,6,16,16,900.0,1,6.2,10,62.5,8,896.45,440114.7,,true,solver_status:optimal
CV_h6s4n16.txt,LCT1-CPSAT,4,6,16,16,900.0,0,0.0,2,12.5,8,871.11,223082.9,,true,solver_status:optimal
CV_h6s4n17.txt,LCT1-CPSAT,4,6,16,16,900.0,0,0.0,4,25.0,7,845.76,182257.2,,true,solver_status:optimal
CV_h6s4n18.txt,LCT1-CPSAT,4,6,16,16,900.0,0,0.0,1,6.2,7,861.30,214692.7,,true,solver_status:optimal
CV_h6s4n19.txt,LCT1-CPSAT,4,6,16,16,900.0,0,0.0,3,18.8,8,890.99,596739.3,,true,solver_status:optimal
CV_h6s4n2.txt,LCT1-CPSAT,4,6,16,16,900.0,0,0.0,9,56.2,8,898.40,371234.1,,true,solver_status:optimal
CV_h6s4n20.txt,LCT1-CPSAT,4,6,16,16,900.0,0,0.0,6,37.5,8,893.81,2575412.6,,true,solver_status:optimal
CV_h6s4n21.txt,LCT1-CPSAT,4,6,16,16,900.0,0,0.0,2,12.5,7,761.59,219767.8,,true,solver_status:optimal
CV_h6s4n22.txt,LCT1-CPSAT,4,6,16,16,900.0,0,0.0,5,31.2,7,806.33,639820.1,,true,solver_status:optimal
CV_h6s4n23.txt,LCT1-CPSAT,4,6,16,16,900.0,0,0.0,6,37.5,7,831.38,244354.6,,true,solver_status:optimal
CV_h6s4n24.txt,LCT1-CPSAT,4,6,16,16,900.0,0,0.0,6,37.5,8,888.06,1387875.1,,true,solver_status:optimal
CV_h6s4n25.txt,LCT1-CPSAT,4,6,16,16,900.0,1,6.2,5,31.2,7,838.25,431000.7,,true,solver_status:optimal
CV_h6s4n26.txt,LCT1-CPSAT,4,6,16,16,900.0,0,0.0,5,31.2,8,898.78,253554.1,,true,solver_status:optimal
CV_h6s4n27.txt,LCT1-CPSAT,4,6,16,16,900.0,0,0.0,5,31.2,7,864.32,135788.4,,true,solver_status:optimal
CV_h6s4n28.txt,LCT1-CPSAT,4,6,16,16,900.0,0,0.0,3,18.8,8,891.08,3596686.4,,false,solver_status:feasible
CV_h6s4n29.txt,LCT1-CPSAT,4,6,16,16,900.0,0,0.0,6,37.5,8,878.37,144285.9,,true,solver_status:optimal
CV_h6s4n3.txt,LCT1-CPSAT,4,6,16,16,900.0,2,12.5,5,31.2,7,871.92,514042.0,,true,solver_status:optimal
CV_h6s4n30.txt,LCT1-CPSAT,4,6,16,16,900.0,0,0.0,4,25.0,8,892.38,1296164.9,,true,solver_status:optimal
CV_h6s4n31.txt,LCT1-CPSAT,4,6,16,16,900.0,1,6.2,4,25.0,8,891.86,285977.1,,true,solver_status:optimal
CV_h6s4n32.txt,LCT1-CPSAT,4,6,16,16,900.0,2,12.5,4,25.0,8,898.02,247385.1,,true,solver_status:optimal
CV_h6s4n33.txt,LCT1-CPSAT,4,6,16,16,900.0,0,0.0,4,25.0,7,888.74,1324420.8,,true,solver_status:optimal
CV_h6s4n34.txt,LCT1-CPSAT,4,6,16,16,900.0,1,6.2,4,25.0,7,861.84,369215.9,,true,solver_status:optimal
CV_h6s4n35.txt,LCT1-CPSAT,4,6,16,16,900.0,0,0.0,1,6.2,8,896.00,278437.2,,true,solver_status:optimal
CV_h6s4n36.txt,LCT1-CPSAT,4,6,16,16,900.0,0,0.0,4,25.0,7,854.17,637774.3,,true,solver_status:optimal
CV_h6s4n37.txt,LCT1-CPSAT,4,6,16,16,900.0,1,6.2,7,43.8,8,896.11,638631.5,,true,solver_status:optimal
CV_h6s4n38.txt,LCT1-CPSAT,4,6,16,16,900.0,0,0.0,3,18.8,7,796.29,49933.2,,true,solver_status:optimal
CV_h6s4n39.txt,LCT1-CPSAT,4,6,16,16,900.0,1,6.2,3,18.8,7,895.96,136107.1,,true,solver_status:optimal
CV_h6s4n4.txt,LCT1-CPSAT,4,6,16,16,900.0,1,6.2,9,56.2,8,895.73,184445.6,,true,solver_status:optimal
CV_h6s4n40.txt,LCT1-CPSAT,4,6,16,16,900.0,0,0.0,2,12.5,8,898.97,886476.2,,true,solver_status:optimal
CV_h6s4n5.txt,LCT1-CPSAT,4,6,16,16,900.0,0,0.0,8,50.0,8,879.27,507949.8,,true,solver_status:optimal
CV_h6s4n6.txt,LCT1-CPSAT,4,6,16,16,900.0,1,6.2,11,68.8,8,895.14,806854.2,,true,solver_status:optimal
CV_h6s4n7.txt,LCT1-CPSAT,4,6,16,16,900.0,0,0.0,4,25.0,7,870.58,960013.0,,true,solver_status:optimal
CV_h6s4n8.txt,LCT1-CPSAT,4,6,16,16,900.0,1,6.2,3,18.8,7,802.77,256360.1,,true,solver_status:optimal
CV_h6s4n9.txt,LCT1-CPSAT,4,6,16,16,900.0,0,0.0,16,100.0,7,868.75,56145.3,,true,solver_status:optimal
CV_h6s5n1.txt,LCT1-CPSAT,5,6,20,20,900.0,0,0.0,4,20.0,7,853.98,3596789.2,,false,solver_status:feasible
CV_h6s5n10.txt,LCT1-CPSAT,5,6,20,20,900.0,0,0.0,6,30.0,7,819.84,727397.8,,true,solver_status:optimal
CV_h6s5n11.txt,LCT1-CPSAT,5,6,20,20,900.0,1,5.0,10,50.0,8,896.13,2037661.4,,true,solver_status:optimal
CV_h6s5n12.txt,LCT1-CPSAT,5,6,20,20,900.0,0,0.0,5,25.0,8,877.94,3596745.0,,false,solver_status:feasible
CV_h6s5n13.txt,LCT1-CPSAT,5,6,20,20,900.0,1,5.0,9,45.0,7,883.03,1575815.6,,true,solver_status:optimal
CV_h6s5n14.txt,LCT1-CPSAT,5,6,20,20,900.0,0,0.0,4,20.0,7,790.07,3596776.2,,false,solver_status:feasible
CV_h6s5n15.txt,LCT1-CPSAT,5,6,20,20,900.0,0,0.0,5,25.0,7,837.95,609850.1,,true,solver_status:optimal
CV_h6s5n16.txt,LCT1-CPSAT,5,6,20,20,900.0,0,0.0,4,20.0,7,885.62,1479943.4,,true,solver_status:optimal
CV_h6s5n17.txt,LCT1-CPSAT,5,6,20,20,900.0,1,5.0,4,20.0,8,876.99,1398829.6,,true,solver_status:optimal
CV_h6s5n18.txt,LCT1-CPSAT,5,6,20,20,900.0,0,0.0,5,25.0,7,841.95,1860195.3,,true,solver_status:optimal
CV_h6s5n19.txt,LCT1-CPSAT,5,6,20,20,900.0,0,0.0,5,25.0,7,853.96,2905507.1,,true,solver_status:optimal
CV_h6s5n2.txt,LCT1-CPSAT,5,6,20,20,900.0,0,0.0,6,30.0,7,827.49,3596790.9,,false,solver_status:feasible
CV_h6s5n20.txt,LCT1-CPSAT,5,6,20,20,900.0,0,0.0,7,35.0,7,847.54,3596983.3,,false,solver_status:feasible
CV_h6s5n21.txt,LCT1-CPSAT,5,6,20,20,900.0,0,0.0,4,20.0,7,860.91,644022.7,,true,solver_status:optimal
CV_h6s5n22.txt,LCT1-CPSAT,5,6,20,20,900.0,0,0.0,5,25.0,7,829.62,968936.0,,true,solver_status:optimal
CV_h6s5n23.txt,LCT1-CPSAT,5,6,20,20,900.0,0,0.0,6,30.0,7,845.16,1569289.1,,true,solver_status:optimal
CV_h6s5n24.txt,LCT1-CPSAT,5,6,20,20,900.0,1,5.0,3,15.0,8,888.08,728548.8,,true,solver_status:optimal
CV_h6s5n25.txt,LCT1-CPSAT,5,6,20,20,900.0,0,0.0,9,45.0,7,850.94,3597049.6,,false,solver_status:feasible
CV_h6s5n26.txt,LCT1-CPSAT,5,6,20,20,900.0,0,0.0,3,15.0,7,868.98,3596690.0,,false,solver_status:feasible
CV_h6s5n27.txt,LCT1-CPSAT,5,6,20,20,900.0,0,0.0,8,40.0,8,885.69,3596858.3,,false,solver_status:feasible
CV_h6s5n28.txt,LCT1-CPSAT,5,6,20,20,900.0,0,0.0,7,35.0,8,890.64,3597807.3,,false,solver_status:feasible
CV_h6s5n29.txt,LCT1-CPSAT,5,6,20,20,900.0,0,0.0,4,20.0,8,894.36,3596839.2,,false,solver_status:feasible
CV_h6s5n3.txt,LCT1-CPSAT,5,6,20,20,900.0,1,5.0,5,25.0,8,898.41,3596754.4,,false,solver_status:feasible
CV_h6s5n30.txt,LCT1-CPSAT,5,6,20,20,900.0,0,0.0,3,15.0,7,842.38,1240486.3,,true,solver_status:optimal
CV_h6s5n31.txt,LCT1-CPSAT,5,6,20,20,900.0,0,0.0,2,10.0,7,857.03,3596981.8,,false,solver_status:feasible
CV_h6s5n32.txt,LCT1-CPSAT,5,6,20,20,900.0,3,15.0,8,40.0,7,872.47,3598747.9,,false,solver_status:feasible
CV_h6s5n33.txt,LCT1-CPSAT,5,6,20,20,900.0,1,5.0,5,25.0,8,887.79,2679302.7,,true,solver_status:optimal
CV_h6s5n34.txt,LCT1-CPSAT,5,6,20,20,900.0,0,0.0,3,15.0,7,836.46,3597007.1,,false,solver_status:feasible
CV_h6s5n35.txt,LCT1-CPSAT,5,6,20,20,900.0,0,0.0,4,20.0,7,892.28,3258877.7,,true,solver_status:optimal
CV_h6s5n36.txt,LCT1-CPSAT,5,6,20,20,900.0,0,0.0,5,25.0,8,890.68,3596816.1,,false,solver_status:feasible
CV_h6s5n37.txt,LCT1-CPSAT,5,6,20,20,900.0,0,0.0,2,10.0,8,868.22,1020812.5,,true,solver_status:optimal
CV_h6s5n38.txt,LCT1-CPSAT,5,6,20,20,900.0,1,5.0,4,20.0,8,899.57,3596746.9,,false,solver_status:feasible
CV_h6s5n39.txt,LCT1-CPSAT,5,6,20,20,900.0,0,0.0,6,30.0,7,809.16,3597126.8,,false,solver_status:feasible
CV_h6s5n4.txt,LCT1-CPSAT,5,6,20,20,900.0,0,0.0,9,45.0,7,782.63,3598005.5,,false,solver_status:feasible
CV_h6s5n40.txt,LCT1-CPSAT,5,6,20,20,900.0,1,5.0,4,20.0,8,890.47,3596701.9,,false,solver_status:feasible
CV_h6s5n5.txt,LCT1-CPSAT,5,6,20,20,900.0,0,0.0,2,10.0,8,894.96,3597198.9,,false,solver_status:feasible
CV_h6s5n6.txt,LCT1-CPSAT,5,6,20,20,900.0,0,0.0,4,20.0,7,850.39,824228.6,,true,solver_status:optimal
CV_h6s5n7.txt,LCT1-CPSAT,5,6,20,20,900.0,0,0.0,5,25.0,8,892.64,3596844.4,,false,solver_status:feasible
CV_h6s5n8.txt,LCT1-CPSAT,5,6,20,20,900.0,0,0.0,5,25.0,8,892.90,2276127.8,,true,solver_status:optimal
CV_h6s5n9.txt,LCT1-CPSAT,5,6,20,20,900.0,1,5.0,6,30.0,7,881.68,1709868.8,,true,solver_status:optimal
CV_h5s3n1.txt,LCT1-CPSAT,3,5,9,9,1200.0,1,11.1,7,77.8,10,1140.92,34750.9,,true,solver_status:optimal
CV_h5s3n10.txt,LCT1-CPSAT,3,5,9,9,1200.0,0,0.0,7,77.8,11,1186.60,46622.9,,true,solver_status:optimal
CV_h5s3n11.txt,LCT1-CPSAT,3,5,9,9,1200.0,2,22.2,9,100.0,9,980.96,5578.8,,true,solver_status:optimal
CV_h5s3n12.txt,LCT1-CPSAT,3,5,9,9,1200.0,0,0.0,9,100.0,10,1143.63,82660.6,,true,solver_status:optimal
CV_h5s3n13.txt,LCT1-CPSAT,3,5,9,9,1200.0,0,0.0,6,66.7,11,1189.22,71655.3,,true,solver_status:optimal
CV_h5s3n14.txt,LCT1-CPSAT,3,5,9,9,1200.0,0,0.0,6,66.7,10,1149.71,48357.9,,true,solver_status:optimal
CV_h5s3n15.txt,LCT1-CPSAT,3,5,9,9,1200.0,0,0.0,9,100.0,11,1195.92,4977.2,,true,solver_status:optimal
CV_h5s3n16.txt,LCT1-CPSAT,3,5,9,9,1200.0,0,0.0,9,100.0,10,1117.91,19509.0,,true,solver_status:optimal
CV_h5s3n17.txt,LCT1-CPSAT,3,5,9,9,1200.0,2,22.2,9,100.0,8,931.46,10842.4,,true,solver_status:optimal
CV_h5s3n18.txt,LCT1-CPSAT,3,5,9,9,1200.0,0,0.0,9,100.0,10,1163.27,9359.6,,true,solver_status:optimal
CV_h5s3n19.txt,LCT1-CPSAT,3,5,9,9,1200.0,0,0.0,6,66.7,10,1130.34,44403.8,,true,solver_status:optimal
CV_h5s3n2.txt,LCT1-CPSAT,3,5,9,9,1200.0,0,0.0,9,100.0,11,1188.02,6830.2,,true,solver_status:optimal
CV_h5s3n20.txt,LCT1-CPSAT,3,5,9,9,1200.0,0,0.0,5,55.6,9,1005.18,91709.8,,true,solver_status:optimal
CV_h5s3n21.txt,LCT1-CPSAT,3,5,9,9,1200.0,1,11.1,4,44.4,10,1156.40,96827.3,,true,solver_status:optimal
CV_h5s3n22.txt,LCT1-CPSAT,3,5,9,9,1200.0,2,22.2,6,66.7,10,1149.23,236999.8,,true,solver_status:optimal
CV_h5s3n23.txt,LCT1-CPSAT,3,5,9,9,1200.0,0,0.0,9,100.0,10,1135.71,18632.6,,true,solver_status:optimal
CV_h5s3n24.txt,LCT1-CPSAT,3,5,9,9,1200.0,1,11.1,4,44.4,10,1097.46,135189.4,,true,solver_status:optimal
CV_h5s3n25.txt,LCT1-CPSAT,3,5,9,9,1200.0,0,0.0,9,100.0,10,1137.13,7959.2,,true,solver_status:optimal
CV_h5s3n26.txt,LCT1-CPSAT,3,5,9,9,1200.0,0,0.0,9,100.0,11,1193.47,8257.3,,true,solver_status:optimal
CV_h5s3n27.txt,LCT1-CPSAT,3,5,9,9,1200.0,0,0.0,9,100.0,11,1193.32,11396.6,,true,solver_status:optimal
CV_h5s3n28.txt,LCT1-CPSAT,3,5,9,9,1200.0,0,0.0,7,77.8,10,1141.46,67443.3,,true,solver_status:optimal
CV_h5s3n29.txt,LCT1-CPSAT,3,5,9,9,1200.0,0,0.0,7,77.8,10,1166.85,34772.2,,true,solver_status:optimal
CV_h5s3n3.txt,LCT1-CPSAT,3,5,9,9,1200.0,0,0.0,9,100.0,11,1196.88,7590.3,,true,solver_status:optimal
CV_h5s3n30.txt,LCT1-CPSAT,3,5,9,9,1200.0,0,0.0,9,100.0,10,1129.74,23376.5,,true,solver_status:optimal
CV_h5s3n31.txt,LCT1-CPSAT,3,5,9,9,1200.0,0,0.0,9,100.0,11,1172.47,11469.1,,true,solver_status:optimal
CV_h5s3n32.txt,LCT1-CPSAT,3,5,9,9,1200.0,1,11.1,9,100.0,11,1197.25,7467.0,,true,solver_status:optimal
CV_h5s3n33.txt,LCT1-CPSAT,3,5,9,9,1200.0,1,11.1,9,100.0,10,1136.49,7888.3,,true,solver_status:optimal
CV_h5s3n34.txt,LCT1-CPSAT,3,5,9,9,1200.0,0,0.0,7,77.8,10,1097.21,65298.5,,true,solver_status:optimal
CV_h5s3n35.txt,LCT1-CPSAT,3,5,9,9,1200.0,0,0.0,9,100.0,10,1137.28,8895.9,,true,solver_status:optimal
CV_h5s3n36.txt,LCT1-CPSAT,3,5,9,9,1200.0,0,0.0,9,100.0,11,1174.95,23241.0,,true,solver_status:optimal
CV_h5s3n37.txt,LCT1-CPSAT,3,5,9,9,1200.0,0,0.0,9,100.0,10,1130.50,16642.7,,true,solver_status:optimal
CV_h5s3n38.txt,LCT1-CPSAT,3,5,9,9,1200.0,0,0.0,9,100.0,10,1159.16,23384.2,,true,solver_status:optimal
CV_h5s3n39.txt,LCT1-CPSAT,3,5,9,9,1200.0,9,100.0,9,100.0,11,1193.21,7783.6,,true,solver_status:optimal
CV_h5s3n4.txt,LCT1-CPSAT,3,5,9,9,1200.0,1,11.1,9,100.0,9,1049.13,8329.6,,true,solver_status:optimal
CV_h5s3n40.txt,LCT1-CPSAT,3,5,9,9,1200.0,1,11.1,9,100.0,10,1149.71,14430.8,,true,solver_status:optimal
CV_h5s3n5.txt,LCT1-CPSAT,3,5,9,9,1200.0,4,44.4,9,100.0,11,1188.21,6226.5,,true,solver_status:optimal
CV_h5s3n6.txt,LCT1-CPSAT,3,5,9,9,1200.0,0,0.0,9,100.0,10,1135.55,6871.0,,true,solver_status:optimal
CV_h5s3n7.txt,LCT1-CPSAT,3,5,9,9,1200.0,0,0.0,9,100.0,10,1134.77,7447.0,,true,solver_status:optimal
CV_h5s3n8.txt,LCT1-CPSAT,3,5,9,9,1200.0,1,11.1,9,100.0,11,1175.73,5351.6,,true,solver_status:optimal
CV_h5s3n9.txt,LCT1-CPSAT,3,5,9,9,1200.0,0,0.0,9,100.0,10,1170.75,7502.7,,true,solver_status:optimal
CV_h5s4n1.txt,LCT1-CPSAT,4,5,12,12,1200.0,2,16.7,12,100.0,10,1168.17,193191.3,,true,solver_status:optimal
CV_h5s4n10.txt,LCT1-CPSAT,4,5,12,12,1200.0,0,0.0,4,33.3,10,1176.14,3602725.3,,false,solver_status:feasible
CV_h5s4n11.txt,LCT1-CPSAT,4,5,12,12,1200.0,1,8.3,5,41.7,8,985.51,3601326.3,,false,solver_status:feasible
CV_h5s4n12.txt,LCT1-CPSAT,4,5,12,12,1200.0,1,8.3,12,100.0,9,1020.24,11963.6,,true,solver_status:optimal
CV_h5s4n13.txt,LCT1-CPSAT,4,5,12,12,1200.0,1,8.3,12,100.0,9,1052.70,22040.1,,true,solver_status:optimal
CV_h5s4n14.txt,LCT1-CPSAT,4,5,12,12,1200.0,0,0.0,12,100.0,10,1182.03,31013.8,,true,solver_status:optimal
CV_h5s4n15.txt,LCT1-CPSAT,4,5,12,12,1200.0,0,0.0,12,100.0,10,1197.88,35065.6,,true,solver_status:optimal
CV_h5s4n16.txt,LCT1-CPSAT,4,5,12,12,1200.0,0,0.0,4,33.3,10,1190.49,3599977.9,,false,solver_status:feasible
CV_h5s4n17.txt,LCT1-CPSAT,4,5,12,12,1200.0,0,0.0,12,100.0,10,1159.15,16876.7,,true,solver_status:optimal
CV_h5s4n18.txt,LCT1-CPSAT,4,5,12,12,1200.0,0,0.0,12,100.0,10,1142.62,1018521.2,,true,solver_status:optimal
CV_h5s4n19.txt,LCT1-CPSAT,4,5,12,12,1200.0,0,0.0,12,100.0,10,1136.05,30966.7,,true,solver_status:optimal
CV_h5s4n2.txt,LCT1-CPSAT,4,5,12,12,1200.0,0,0.0,12,100.0,10,1141.20,25983.4,,true,solver_status:optimal
CV_h5s4n20.txt,LCT1-CPSAT,4,5,12,12,1200.0,0,0.0,12,100.0,10,1187.83,37948.8,,true,solver_status:optimal
CV_h5s4n21.txt,LCT1-CPSAT,4,5,12,12,1200.0,1,8.3,6,50.0,10,1138.63,3597823.8,,false,solver_status:feasible
CV_h5s4n22.txt,LCT1-CPSAT,4,5,12,12,1200.0,0,0.0,9,75.0,10,1168.92,3598354.0,,false,solver_status:feasible
CV_h5s4n23.txt,LCT1-CPSAT,4,5,12,12,1200.0,3,25.0,12,100.0,9,1102.65,10414.8,,true,solver_status:optimal
CV_h5s4n24.txt,LCT1-CPSAT,4,5,12,12,1200.0,0,0.0,8,66.7,10,1147.88,3596781.1,,false,solver_status:feasible
CV_h5s4n25.txt,LCT1-CPSAT,4,5,12,12,1200.0,0,0.0,12,100.0,10,1129.46,36514.1,,true,solver_status:optimal
CV_h5s4n26.txt,LCT1-CPSAT,4,5,12,12,1200.0,1,8.3,12,100.0,10,1159.51,11376.7,,true,solver_status:optimal
CV_h5s4n27.txt,LCT1-CPSAT,4,5,12,12,1200.0,4,33.3,12,100.0,11,1192.25,10661.7,,true,solver_status:optimal
CV_h5s4n28.txt,LCT1-CPSAT,4,5,12,12,1200.0,0,0.0,12,100.0,10,1137.28,750463.2,,true,solver_status:optimal
CV_h5s4n29.txt,LCT1-CPSAT,4,5,12,12,1200.0,0,0.0,6,50.0,10,1147.42,3598677.7,,false,solver_status:feasible
CV_h5s4n3.txt,LCT1-CPSAT,4,5,12,12,1200.0,1,8.3,7,58.3,10,1183.05,3596851.1,,false,solver_status:feasible
CV_h5s4n30.txt,LCT1-CPSAT,4,5,12,12,1200.0,0,0.0,7,58.3,10,1187.11,3600675.2,,false,solver_status:feasible
CV_h5s4n31.txt,LCT1-CPSAT,4,5,12,12,1200.0,0,0.0,12,100.0,10,1131.00,21311.4,,true,solver_status:optimal
CV_h5s4n32.txt,LCT1-CPSAT,4,5,12,12,1200.0,0,0.0,12,100.0,10,1157.02,890776.3,,true,solver_status:optimal
CV_h5s4n33.txt,LCT1-CPSAT,4,5,12,12,1200.0,0,0.0,4,33.3,9,1127.08,3598400.7,,false,solver_status:feasible
CV_h5s4n34.txt,LCT1-CPSAT,4,5,12,12,1200.0,0,0.0,12,100.0,10,1199.89,297429.4,,true,solver_status:optimal
CV_h5s4n35.txt,LCT1-CPSAT,4,5,12,12,1200.0,1,8.3,12,100.0,9,1048.60,78471.0,,true,solver_status:optimal
CV_h5s4n36.txt,LCT1-CPSAT,4,5,12,12,1200.0,0,0.0,4,33.3,11,1196.46,3598982.4,,false,solver_status:feasible
CV_h5s4n37.txt,LCT1-CPSAT,4,5,12,12,1200.0,3,25.0,12,100.0,10,1145.86,535031.9,,true,solver_status:optimal
CV_h5s4n38.txt,LCT1-CPSAT,4,5,12,12,1200.0,2,16.7,12,100.0,10,1148.57,91125.5,,true,solver_status:optimal
CV_h5s4n39.txt,LCT1-CPSAT,4,5,12,12,1200.0,0,0.0,12,100.0,10,1158.03,34032.0,,true,solver_status:optimal
CV_h5s4n4.txt,LCT1-CPSAT,4,5,12,12,1200.0,0,0.0,12,100.0,10,1119.99,40999.1,,true,solver_status:optimal
CV_h5s4n40.txt,LCT1-CPSAT,4,5,12,12,1200.0,0,0.0,12,100.0,10,1129.25,134258.2,,true,solver_status:optimal
CV_h5s4n5.txt,LCT1-CPSAT,4,5,12,12,1200.0,1,8.3,12,100.0,10,1177.40,94771.1,,true,solver_status:optimal
CV_h5s4n6.txt,LCT1-CPSAT,4,5,12,12,1200.0,0,0.0,5,41.7,10,1160.15,3600658.8,,false,solver_status:feasible
CV_h5s4n7.txt,LCT1-CPSAT,4,5,12,12,1200.0,0,0.0,7,58.3,10,1182.03,3599560.8,,false,solver_status:feasible
CV_h5s4n8.txt,LCT1-CPSAT,4,5,12,12,1200.0,2,16.7,12,100.0,10,1156.68,555989.4,,true,solver_status:optimal
CV_h5s4n9.txt,LCT1-CPSAT,4,5,12,12,1200.0,0,0.0,12,100.0,10,1137.85,50666.1,,true,solver_status:optimal
CV_h5s5n1.txt,LCT1-CPSAT,5,5,15,15,1200.0,1,6.7,11,73.3,10,1155.93,3597720.0,,false,solver_status:feasible
CV_h5s5n10.txt,LCT1-CPSAT,5,5,15,15,1200.0,3,20.0,13,86.7,10,1130.04,3596967.2,,false,solver_status:feasible
CV_h5s5n11.txt,LCT1-CPSAT,5,5,15,15,1200.0,0,0.0,6,40.0,10,1196.06,3596755.7,,false,solver_status:feasible
CV_h5s5n12.txt,LCT1-CPSAT,5,5,15,15,1200.0,0,0.0,8,53.3,10,1168.97,3596823.8,,false,solver_status:feasible
CV_h5s5n13.txt,LCT1-CPSAT,5,5,15,15,1200.0,0,0.0,5,33.3,10,1196.87,3598439.4,,false,solver_status:feasible
CV_h5s5n14.txt,LCT1-CPSAT,5,5,15,15,1200.0,0,0.0,15,100.0,10,1181.22,612881.8,,true,solver_status:optimal
CV_h5s5n15.txt,LCT1-CPSAT,5,5,15,15,1200.0,0,0.0,10,66.7,10,1161.16,3596797.9,,false,solver_status:feasible
CV_h5s5n16.txt,LCT1-CPSAT,5,5,15,15,1200.0,0,0.0,6,40.0,10,1149.07,3597351.1,,false,solver_status:feasible
CV_h5s5n17.txt,LCT1-CPSAT,5,5,15,15,1200.0,0,0.0,11,73.3,10,1178.91,3597378.8,,false,solver_status:feasible
CV_h5s5n18.txt,LCT1-CPSAT,5,5,15,15,1200.0,1,6.7,15,100.0,10,1186.77,2827453.3,,true,solver_status:optimal
CV_h5s5n19.txt,LCT1-CPSAT,5,5,15,15,1200.0,1,6.7,8,53.3,10,1126.35,3598249.7,,false,solver_status:feasible
CV_h5s5n2.txt,LCT1-CPSAT,5,5,15,15,1200.0,0,0.0,5,33.3,10,1144.56,3597323.9,,false,solver_status:feasible
CV_h5s5n20.txt,LCT1-CPSAT,5,5,15,15,1200.0,0,0.0,11,73.3,10,1198.72,3596847.8,,false,solver_status:feasible
CV_h5s5n21.txt,LCT1-CPSAT,5,5,15,15,1200.0,0,0.0,10,66.7,10,1199.40,3596725.1,,false,solver_status:feasible
CV_h5s5n22.txt,LCT1-CPSAT,5,5,15,15,1200.0,1,6.7,5,33.3,11,1186.76,3596875.2,,false,solver_status:feasible
CV_h5s5n23.txt,LCT1-CPSAT,5,5,15,15,1200.0,1,6.7,7,46.7,10,1169.54,3598078.3,,false,solver_status:feasible
CV_h5s5n24.txt,LCT1-CPSAT,5,5,15,15,1200.0,0,0.0,10,66.7,10,1182.76,3596786.0,,false,solver_status:feasible
CV_h5s5n25.txt,LCT1-CPSAT,5,5,15,15,1200.0,2,13.3,15,100.0,10,1135.71,391416.9,,true,solver_status:optimal
CV_h5s5n26.txt,LCT1-CPSAT,5,5,15,15,1200.0,0,0.0,7,46.7,10,1156.95,3596983.3,,false,solver_status:feasible
CV_h5s5n27.txt,LCT1-CPSAT,5,5,15,15,1200.0,0,0.0,11,73.3,10,1173.07,3596778.0,,false,solver_status:feasible
CV_h5s5n28.txt,LCT1-CPSAT,5,5,15,15,1200.0,0,0.0,9,60.0,10,1136.64,3597890.1,,false,solver_status:feasible
CV_h5s5n29.txt,LCT1-CPSAT,5,5,15,15,1200.0,0,0.0,10,66.7,11,1196.93,3599307.8,,false,solver_status:feasible
CV_h5s5n3.txt,LCT1-CPSAT,5,5,15,15,1200.0,0,0.0,13,86.7,10,1186.95,3598118.4,,false,solver_status:feasible
CV_h5s5n30.txt,LCT1-CPSAT,5,5,15,15,1200.0,0,0.0,15,100.0,11,1194.07,106474.2,,true,solver_status:optimal
CV_h5s5n31.txt,LCT1-CPSAT,5,5,15,15,1200.0,1,6.7,6,40.0,10,1155.72,3597400.6,,false,solver_status:feasible
CV_h5s5n32.txt,LCT1-CPSAT,5,5,15,15,1200.0,0,0.0,15,100.0,10,1184.34,1944106.7,,true,solver_status:optimal
CV_h5s5n33.txt,LCT1-CPSAT,5,5,15,15,1200.0,1,6.7,10,66.7,11,1193.00,3596862.9,,false,solver_status:feasible
CV_h5s5n34.txt,LCT1-CPSAT,5,5,15,15,1200.0,0,0.0,15,100.0,10,1160.15,502728.0,,true,solver_status:optimal
CV_h5s5n35.txt,LCT1-CPSAT,5,5,15,15,1200.0,1,6.7,10,66.7,10,1102.84,3596930.9,,false,solver_status:feasible
CV_h5s5n36.txt,LCT1-CPSAT,5,5,15,15,1200.0,1,6.7,10,66.7,10,1142.93,3597187.1,,false,solver_status:feasible
CV_h5s5n37.txt,LCT1-CPSAT,5,5,15,15,1200.0,0,0.0,4,26.7,11,1198.54,3596765.2,,false,solver_status:feasible
CV_h5s5n38.txt,LCT1-CPSAT,5,5,15,15,1200.0,0,0.0,15,100.0,10,1092.75,42441.0,,true,solver_status:optimal
CV_h5s5n39.txt,LCT1-CPSAT,5,5,15,15,1200.0,0,0.0,15,100.0,10,1147.54,3505778.0,,true,solver_status:optimal
CV_h5s5n4.txt,LCT1-CPSAT,5,5,15,15,1200.0,0,0.0,15,100.0,10,1173.39,132141.2,,true,solver_status:optimal
CV_h5s5n40.txt,LCT1-CPSAT,5,5,15,15,1200.0,2,13.3,13,86.7,10,1144.27,3596716.3,,false,solver_status:feasible
CV_h5s5n5.txt,LCT1-CPSAT,5,5,15,15,1200.0,0,0.0,5,33.3,10,1142.63,3596721.5,,false,solver_status:feasible
CV_h5s5n6.txt,LCT1-CPSAT,5,5,15,15,1200.0,0,0.0,7,46.7,10,1167.01,3596787.8,,false,solver_status:feasible
CV_h5s5n7.txt,LCT1-CPSAT,5,5,15,15,1200.0,0,0.0,15,100.0,10,1196.20,287200.0,,true,solver_status:optimal
CV_h5s5n8.txt,LCT1-CPSAT,5,5,15,15,1200.0,0,0.0,8,53.3,10,1188.41,3596768.8,,false,solver_status:feasible
CV_h5s5n9.txt,LCT1-CPSAT,5,5,15,15,1200.0,0,0.0,8,53.3,10,1148.26,3596791.1,,false,solver_status:feasible
CV_h5s6n1.txt,LCT1-CPSAT,6,5,18,18,1200.0,0,0.0,6,33.3,10,1171.54,3598208.8,,false,solver_status:feasible
CV_h5s6n10.txt,LCT1-CPSAT,6,5,18,18,1200.0,1,5.6,12,66.7,10,1190.90,3598504.7,,false,solver_status:feasible
CV_h5s6n11.txt,LCT1-CPSAT,6,5,18,18,1200.0,3,16.7,18,100.0,10,1184.86,220953.3,,true,solver_status:optimal
CV_h5s6n12.txt,LCT1-CPSAT,6,5,18,18,1200.0,0,0.0,6,33.3,9,1073.70,3596934.1,,false,solver_status:feasible
CV_h5s6n13.txt,LCT1-CPSAT,6,5,18,18,1200.0,0,0.0,12,66.7,10,1147.66,3598123.5,,false,solver_status:feasible
CV_h5s6n14.txt,LCT1-CPSAT,6,5,18,18,1200.0,0,0.0,12,66.7,10,1198.23,3597089.9,,false,solver_status:feasible
CV_h5s6n15.txt,LCT1-CPSAT,6,5,18,18,1200.0,0,0.0,6,33.3,10,1181.17,3597057.7,,false,solver_status:feasible
CV_h5s6n16.txt,LCT1-CPSAT,6,5,18,18,1200.0,0,0.0,4,22.2,9,1174.03,3597321.1,,false,solver_status:feasible
CV_h5s6n17.txt,LCT1-CPSAT,6,5,18,18,1200.0,0,0.0,7,38.9,10,1142.79,3597680.3,,false,solver_status:feasible
CV_h5s6n18.txt,LCT1-CPSAT,6,5,18,18,1200.0,2,11.1,8,44.4,11,1194.26,3596868.3,,false,solver_status:feasible
CV_h5s6n19.txt,LCT1-CPSAT,6,5,18,18,1200.0,0,0.0,5,27.8,10,1132.81,3596878.0,,false,solver_status:feasible
CV_h5s6n2.txt,LCT1-CPSAT,6,5,18,18,1200.0,0,0.0,15,83.3,9,1150.72,3597530.6,,false,solver_status:feasible
CV_h5s6n20.txt,LCT1-CPSAT,6,5,18,18,1200.0,0,0.0,10,55.6,10,1195.45,3597232.4,,false,solver_status:feasible
CV_h5s6n21.txt,LCT1-CPSAT,6,5,18,18,1200.0,1,5.6,6,33.3,10,1184.56,3597463.2,,false,solver_status:feasible
CV_h5s6n22.txt,LCT1-CPSAT,6,5,18,18,1200.0,0,0.0,4,22.2,10,1177.80,3596968.5,,false,solver_status:feasible
CV_h5s6n23.txt,LCT1-CPSAT,6,5,18,18,1200.0,0,0.0,7,38.9,10,1195.59,3597085.9,,false,solver_status:feasible
CV_h5s6n24.txt,LCT1-CPSAT,6,5,18,18,1200.0,0,0.0,6,33.3,9,993.48,3596961.2,,false,solver_status:feasible
CV_h5s6n25.txt,LCT1-CPSAT,6,5,18,18,1200.0,1,5.6,13,72.2,9,1086.82,3597690.9,,false,solver_status:feasible
CV_h5s6n26.txt,LCT1-CPSAT,6,5,18,18,1200.0,0,0.0,5,27.8,10,1178.32,3598375.6,,false,solver_status:feasible
CV_h5s6n27.txt,LCT1-CPSAT,6,5,18,18,1200.0,1,5.6,5,27.8,10,1114.63,3596935.3,,false,solver_status:feasible
CV_h5s6n28.txt,LCT1-CPSAT,6,5,18,18,1200.0,2,11.1,13,72.2,11,1179.13,3596877.6,,false,solver_status:feasible
CV_h5s6n29.txt,LCT1-CPSAT,6,5,18,18,1200.0,0,0.0,7,38.9,10,1137.39,3597570.2,,false,solver_status:feasible
CV_h5s6n3.txt,LCT1-CPSAT,6,5,18,18,1200.0,0,0.0,5,27.8,10,1169.41,3597575.0,,false,solver_status:feasible
CV_h5s6n30.txt,LCT1-CPSAT,6,5,18,18,1200.0,4,22.2,9,50.0,10,1179.31,3596971.5,,false,solver_status:feasible
CV_h5s6n31.txt,LCT1-CPSAT,6,5,18,18,1200.0,0,0.0,7,38.9,10,1190.95,3596858.0,,false,solver_status:feasible
CV_h5s6n32.txt,LCT1-CPSAT,6,5,18,18,1200.0,0,0.0,7,38.9,10,1127.35,3597655.4,,false,solver_status:feasible
CV_h5s6n33.txt,LCT1-CPSAT,6,5,18,18,1200.0,1,5.6,13,72.2,10,1162.87,3596889.7,,false,solver_status:feasible
CV_h5s6n34.txt,LCT1-CPSAT,6,5,18,18,1200.0,0,0.0,12,66.7,10,1143.17,3597427.4,,false,solver_status:feasible
CV_h5s6n35.txt,LCT1-CPSAT,6,5,18,18,1200.0,1,5.6,18,100.0,10,1172.78,1987855.3,,true,solver_status:optimal
CV_h5s6n36.txt,LCT1-CPSAT,6,5,18,18,1200.0,2,11.1,5,27.8,11,1199.66,3597427.1,,false,solver_status:feasible
CV_h5s6n37.txt,LCT1-CPSAT,6,5,18,18,1200.0,0,0.0,5,27.8,10,1190.40,3596901.8,,false,solver_status:feasible
CV_h5s6n38.txt,LCT1-CPSAT,6,5,18,18,1200.0,0,0.0,10,55.6,11,1196.46,3599093.7,,false,solver_status:feasible
CV_h5s6n39.txt,LCT1-CPSAT,6,5,18,18,1200.0,0,0.0,7,38.9,10,1180.32,3597014.6,,false,solver_status:feasible
CV_h5s6n4.txt,LCT1-CPSAT,6,5,18,18,1200.0,0,0.0,18,100.0,10,1179.94,589964.5,,true,solver_status:optimal
CV_h5s6n40.txt,LCT1-CPSAT,6,5,18,18,1200.0,1,5.6,7,38.9,10,1146.45,3596891.7,,false,solver_status:feasible
CV_h5s6n5.txt,LCT1-CPSAT,6,5,18,18,1200.0,0,0.0,18,100.0,10,1197.65,81154.7,,true,solver_status:optimal
CV_h5s6n6.txt,LCT1-CPSAT,6,5,18,18,1200.0,0,0.0,7,38.9,10,1174.35,3598152.0,,false,solver_status:feasible
CV_h5s6n7.txt,LCT1-CPSAT,6,5,18,18,1200.0,0,0.0,7,38.9,10,1181.74,3597426.6,,false,solver_status:feasible
CV_h5s6n8.txt,LCT1-CPSAT,6,5,18,18,1200.0,1,5.6,5,27.8,10,1190.15,3597043.2,,false,solver_status:feasible
CV_h5s6n9.txt,LCT1-CPSAT,6,5,18,18,1200.0,0,0.0,5,27.8,10,1188.33,3597030.5,,false,solver_status:feasible
CV_h5s7n1.txt,LCT1-CPSAT,7,5,21,21,1200.0,0,0.0,17,81.0,10,1169.72,3597182.2,,false,solver_status:feasible
CV_h5s7n10.txt,LCT1-CPSAT,7,5,21,21,1200.0,0,0.0,12,57.1,11,1196.50,3597103.5,,false,solver_status:feasible
CV_h5s7n11.txt,LCT1-CPSAT,7,5,21,21,1200.0,0,0.0,7,33.3,11,1169.90,3597231.8,,false,solver_status:feasible
CV_h5s7n12.txt,LCT1-CPSAT,7,5,21,21,1200.0,1,4.8,7,33.3,11,1193.90,3597622.8,,false,solver_status:feasible
CV_h5s7n13.txt,LCT1-CPSAT,7,5,21,21,1200.0,0,0.0,9,42.9,10,1168.31,3597230.5,,false,solver_status:feasible
CV_h5s7n14.txt,LCT1-CPSAT,7,5,21,21,1200.0,0,0.0,16,76.2,10,1195.91,3597252.3,,false,solver_status:feasible
CV_h5s7n15.txt,LCT1-CPSAT,7,5,21,21,1200.0,0,0.0,12,57.1,10,1155.44,3597241.8,,false,solver_status:feasible
CV_h5s7n16.txt,LCT1-CPSAT,7,5,21,21,1200.0,3,14.3,7,33.3,10,1152.20,3597664.0,,false,solver_status:feasible
CV_h5s7n17.txt,LCT1-CPSAT,7,5,21,21,1200.0,1,4.8,9,42.9,10,1164.19,3600169.3,,false,solver_status:feasible
CV_h5s7n18.txt,LCT1-CPSAT,7,5,21,21,1200.0,5,23.8,11,52.4,10,1170.86,3597122.5,,false,solver_status:feasible
CV_h5s7n19.txt,LCT1-CPSAT,7,5,21,21,1200.0,0,0.0,7,33.3,10,1129.40,3597007.7,,false,solver_status:feasible
CV_h5s7n2.txt,LCT1-CPSAT,7,5,21,21,1200.0,0,0.0,8,38.1,10,1149.37,3596942.0,,false,solver_status:feasible
CV_h5s7n20.txt,LCT1-CPSAT,7,5,21,21,1200.0,0,0.0,10,47.6,10,1147.41,3599295.8,,false,solver_status:feasible
CV_h5s7n21.txt,LCT1-CPSAT,7,5,21,21,1200.0,0,0.0,11,52.4,10,1187.52,3597126.1,,false,solver_status:feasible
CV_h5s7n22.txt,LCT1-CPSAT,7,5,21,21,1200.0,0,0.0,6,28.6,11,1180.26,3597110.5,,false,solver_status:feasible
CV_h5s7n23.txt,LCT1-CPSAT,7,5,21,21,1200.0,0,0.0,10,47.6,10,1127.48,3596981.8,,false,solver_status:feasible
CV_h5s7n24.txt,LCT1-CPSAT,7,5,21,21,1200.0,1,4.8,21,100.0,10,1198.36,1713575.4,,true,solver_status:optimal
CV_h5s7n25.txt,LCT1-CPSAT,7,5,21,21,1200.0,1,4.8,6,28.6,10,1158.45,3597432.9,,false,solver_status:feasible
CV_h5s7n26.txt,LCT1-CPSAT,7,5,21,21,1200.0,0,0.0,6,28.6,11,1191.32,3597889.3,,false,solver_status:feasible
CV_h5s7n27.txt,LCT1-CPSAT,7,5,21,21,1200.0,0,0.0,5,23.8,10,1145.15,3597610.6,,false,solver_status:feasible
CV_h5s7n28.txt,LCT1-CPSAT,7,5,21,21,1200.0,2,9.5,5,23.8,11,1191.62,3597177.2,,false,solver_status:feasible
CV_h5s7n29.txt,LCT1-CPSAT,7,5,21,21,1200.0,1,4.8,5,23.8,10,1176.44,3598405.1,,false,solver_status:feasible
CV_h5s7n3.txt,LCT1-CPSAT,7,5,21,21,1200.0,3,14.3,8,38.1,10,1132.72,3597088.0,,false,solver_status:feasible
CV_h5s7n30.txt,LCT1-CPSAT,7,5,21,21,1200.0,2,9.5,7,33.3,10,1190.45,3597060.3,,false,solver_status:feasible
CV_h5s7n31.txt,LCT1-CPSAT,7,5,21,21,1200.0,0,0.0,4,19.0,10,1152.72,3597109.6,,false,solver_status:feasible
CV_h5s7n32.txt,LCT1-CPSAT,7,5,21,21,1200.0,1,4.8,6,28.6,9,1097.49,3596996.7,,false,solver_status:feasible
CV_h5s7n33.txt,LCT1-CPSAT,7,5,21,21,1200.0,0,0.0,5,23.8,10,1187.53,3597371.6,,false,solver_status:feasible
CV_h5s7n34.txt,LCT1-CPSAT,7,5,21,21,1200.0,0,0.0,15,71.4,10,1165.02,3597168.9,,false,solver_status:feasible
CV_h5s7n35.txt,LCT1-CPSAT,7,5,21,21,1200.0,0,0.0,5,23.8,12,1197.96,3597206.5,,false,solver_status:feasible
CV_h5s7n36.txt,LCT1-CPSAT,7,5,21,21,1200.0,0,0.0,6,28.6,11,1191.80,3597202.8,,false,solver_status:feasible
CV_h5s7n37.txt,LCT1-CPSAT,7,5,21,21,1200.0,0,0.0,17,81.0,11,1193.82,3597299.5,,false,solver_status:feasible
CV_h5s7n38.txt,LCT1-CPSAT,7,5,21,21,1200.0,1,4.8,4,19.0,10,1159.99,3597108.4,,false,solver_status:feasible
CV_h5s7n39.txt,LCT1-CPSAT,7,5,21,21,1200.0,0,0.0,12,57.1,10,1176.02,3597194.3,,false,solver_status:feasible
CV_h5s7n4.txt,LCT1-CPSAT,7,5,21,21,1200.0,0,0.0,8,38.1,10,1159.87,3597286.5,,false,solver_status:feasible
CV_h5s7n40.txt,LCT1-CPSAT,7,5,21,21,1200.0,0,0.0,9,42.9,10,1199.81,3598169.8,,false,solver_status:feasible
CV_h5s7n5.txt,LCT1-CPSAT,7,5,21,21,1200.0,0,0.0,5,23.8,9,1144.66,3597182.7,,false,solver_status:feasible
CV_h5s7n6.txt,LCT1-CPSAT,7,5,21,21,1200.0,1,4.8,12,57.1,10,1156.11,3597103.2,,false,solver_status:feasible
CV_h5s7n7.txt,LCT1-CPSAT,7,5,21,21,1200.0,0,0.0,4,19.0,10,1153.06,3598078.9,,false,solver_status:feasible
CV_h5s7n8.txt,LCT1-CPSAT,7,5,21,21,1200.0,0,0.0,10,47.6,11,1182.63,3597127.2,,false,solver_status:feasible
CV_h5s7n9.txt,LCT1-CPSAT,7,5,21,21,1200.0,0,0.0,5,23.8,10,1187.45,3597126.2,,false,solver_status:feasible
CV_h5s8n1.txt,LCT1-CPSAT,8,5,24,24,1200.0,0,0.0,6,25.0,11,1197.33,3597291.9,,false,solver_status:feasible
CV_h5s8n10.txt,LCT1-CPSAT,8,5,24,24,1200.0,0,0.0,7,29.2,10,1196.97,3597677.5,,false,solver_status:feasible
CV_h5s8n11.txt,LCT1-CPSAT,8,5,24,24,1200.0,1,4.2,7,29.2,10,1147.35,3597677.1,,false,solver_status:feasible
CV_h5s8n12.txt,LCT1-CPSAT,8,5,24,24,1200.0,0,0.0,8,33.3,10,1179.26,3598185.2,,false,solver_status:feasible
CV_h5s8n13.txt,LCT1-CPSAT,8,5,24,24,1200.0,0,0.0,10,41.7,10,1144.49,3597880.0,,false,solver_status:feasible
CV_h5s8n14.txt,LCT1-CPSAT,8,5,24,24,1200.0,0,0.0,6,25.0,10,1193.21,3598660.5,,false,solver_status:feasible
CV_h5s8n15.txt,LCT1-CPSAT,8,5,24,24,1200.0,0,0.0,17,70.8,9,1060.07,3597513.3,,false,solver_status:feasible
CV_h5s8n16.txt,LCT1-CPSAT,8,5,24,24,1200.0,1,4.2,8,33.3,11,1182.92,3597485.4,,false,solver_status:feasible
CV_h5s8n17.txt,LCT1-CPSAT,8,5,24,24,1200.0,1,4.2,14,58.3,10,1195.98,3598035.4,,false,solver_status:feasible
CV_h5s8n18.txt,LCT1-CPSAT,8,5,24,24,1200.0,0,0.0,8,33.3,10,1181.46,3597309.4,,false,solver_status:feasible
CV_h5s8n19.txt,LCT1-CPSAT,8,5,24,24,1200.0,0,0.0,11,45.8,10,1175.82,3597483.7,,false,solver_status:feasible
CV_h5s8n2.txt,LCT1-CPSAT,8,5,24,24,1200.0,0,0.0,9,37.5,10,1183.06,3597854.1,,false,solver_status:feasible
CV_h5s8n20.txt,LCT1-CPSAT,8,5,24,24,1200.0,0,0.0,8,33.3,10,1055.22,3597632.1,,false,solver_status:feasible
CV_h5s8n21.txt,LCT1-CPSAT,8,5,24,24,1200.0,0,0.0,11,45.8,10,1161.87,3597339.6,,false,solver_status:feasible
CV_h5s8n22.txt,LCT1-CPSAT,8,5,24,24,1200.0,0,0.0,8,33.3,10,1194.85,3597970.0,,false,solver_status:feasible
CV_h5s8n23.txt,LCT1-CPSAT,8,5,24,24,1200.0,0,0.0,5,20.8,9,1151.08,3597529.6,,false,solver_status:feasible
CV_h5s8n24.txt,LCT1-CPSAT,8,5,24,24,1200.0,0,0.0,11,45.8,11,1187.14,3597331.3,,false,solver_status:feasible
CV_h5s8n25.txt,LCT1-CPSAT,8,5,24,24,1200.0,1,4.2,10,41.7,11,1189.00,3597341.2,,false,solver_status:feasible
CV_h5s8n26.txt,LCT1-CPSAT,8,5,24,24,1200.0,0,0.0,4,16.7,10,1184.98,3597343.7,,false,solver_status:feasible
CV_h5s8n27.txt,LCT1-CPSAT,8,5,24,24,1200.0,0,0.0,24,100.0,10,1195.70,2825763.8,,true,solver_status:optimal
CV_h5s8n28.txt,LCT1-CPSAT,8,5,24,24,1200.0,0,0.0,5,20.8,9,1046.44,3597232.0,,false,solver_status:feasible
CV_h5s8n29.txt,LCT1-CPSAT,8,5,24,24,1200.0,0,0.0,5,20.8,10,1123.83,3597966.9,,false,solver_status:feasible
CV_h5s8n3.txt,LCT1-CPSAT,8,5,24,24,1200.0,0,0.0,9,37.5,10,1198.96,3598265.7,,false,solver_status:feasible
CV_h5s8n30.txt,LCT1-CPSAT,8,5,24,24,1200.0,0,0.0,11,45.8,10,1172.01,3597616.3,,false,solver_status:feasible
CV_h5s8n31.txt,LCT1-CPSAT,8,5,24,24,1200.0,0,0.0,4,16.7,10,1136.83,3597902.9,,false,solver_status:feasible
CV_h5s8n32.txt,LCT1-CPSAT,8,5,24,24,1200.0,0,0.0,4,16.7,10,1168.18,3597351.8,,false,solver_status:feasible
CV_h5s8n33.txt,LCT1-CPSAT,8,5,24,24,1200.0,0,0.0,6,25.0,10,1191.03,3597302.6,,false,solver_status:feasible
CV_h5s8n34.txt,LCT1-CPSAT,8,5,24,24,1200.0,0,0.0,4,16.7,11,1197.91,3598672.0,,false,solver_status:feasible
CV_h5s8n35.txt,LCT1-CPSAT,8,5,24,24,1200.0,0,0.0,7,29.2,10,1179.67,3597321.0,,false,solver_status:feasible
CV_h5s8n36.txt,LCT1-CPSAT,8,5,24,24,1200.0,0,0.0,4,16.7,10,1142.10,3597270.9,,false,solver_status:feasible
CV_h5s8n37.txt,LCT1-CPSAT,8,5,24,24,1200.0,0,0.0,13,54.2,10,1127.31,3597373.3,,false,solver_status:feasible
CV_h5s8n38.txt,LCT1-CPSAT,8,5,24,24,1200.0,0,0.0,7,29.2,11,1166.34,3597492.1,,false,solver_status:feasible
CV_h5s8n39.txt,LCT1-CPSAT,8,5,24,24,1200.0,0,0.0,4,16.7,11,1199.75,3597426.4,,false,solver_status:feasible
CV_h5s8n4.txt,LCT1-CPSAT,8,5,24,24,1200.0,1,4.2,8,33.3,10,1198.73,3597299.5,,false,solver_status:feasible
CV_h5s8n40.txt,LCT1-CPSAT,8,5,24,24,1200.0,1,4.2,8,33.3,9,1072.77,3599327.0,,false,solver_status:feasible
CV_h5s8n5.txt,LCT1-CPSAT,8,5,24,24,1200.0,0,0.0,8,33.3,10,1175.64,3597286.5,,false,solver_status:feasible
CV_h5s8n6.txt,LCT1-CPSAT,8,5,24,24,1200.0,0,0.0,8,33.3,10,1154.05,3597930.1,,false,solver_status:feasible
CV_h5s8n7.txt,LCT1-CPSAT,8,5,24,24,1200.0,0,0.0,4,16.7,10,1165.36,3597381.3,,false,solver_status:feasible
CV_h5s8n8.txt,LCT1-CPSAT,8,5,24,24,1200.0,2,8.3,4,16.7,10,1156.57,3597350.0,,false,solver_status:feasible
CV_h5s8n9.txt,LCT1-CPSAT,8,5,24,24,1200.0,0,0.0,7,29.2,10,1143.48,3597312.0,,false,solver_status:feasible
CV_h6s4n1.txt,LCT1-CPSAT,4,6,16,16,1200.0,0,0.0,4,25.0,10,1143.58,3596731.8,,false,solver_status:feasible
CV_h6s4n10.txt,LCT1-CPSAT,4,6,16,16,1200.0,0,0.0,8,50.0,10,1180.01,3596822.9,,false,solver_status:feasible
CV_h6s4n11.txt,LCT1-CPSAT,4,6,16,16,1200.0,0,0.0,4,25.0,9,1197.02,3597260.2,,false,solver_status:feasible
CV_h6s4n12.txt,LCT1-CPSAT,4,6,16,16,1200.0,3,18.8,5,31.2,9,1019.96,3596869.8,,false,solver_status:feasible
CV_h6s4n13.txt,LCT1-CPSAT,4,6,16,16,1200.0,0,0.0,6,37.5,10,1193.57,3597944.4,,false,solver_status:feasible
CV_h6s4n14.txt,LCT1-CPSAT,4,6,16,16,1200.0,0,0.0,3,18.8,10,1187.60,3599194.1,,false,solver_status:feasible
CV_h6s4n15.txt,LCT1-CPSAT,4,6,16,16,1200.0,1,6.2,10,62.5,8,905.17,3598476.6,,false,solver_status:feasible
CV_h6s4n16.txt,LCT1-CPSAT,4,6,16,16,1200.0,0,0.0,4,25.0,8,1042.57,3596783.1,,false,solver_status:feasible
CV_h6s4n17.txt,LCT1-CPSAT,4,6,16,16,1200.0,0,0.0,4,25.0,10,1199.06,3596556.0,,false,solver_status:feasible
CV_h6s4n18.txt,LCT1-CPSAT,4,6,16,16,1200.0,0,0.0,4,25.0,9,1168.86,1250129.0,,true,solver_status:optimal
CV_h6s4n19.txt,LCT1-CPSAT,4,6,16,16,1200.0,0,0.0,5,31.2,9,1141.75,3598781.1,,false,solver_status:feasible
CV_h6s4n2.txt,LCT1-CPSAT,4,6,16,16,1200.0,0,0.0,9,56.2,10,1181.99,3596761.0,,false,solver_status:feasible
CV_h6s4n20.txt,LCT1-CPSAT,4,6,16,16,1200.0,0,0.0,7,43.8,10,1115.77,3596818.9,,false,solver_status:feasible
CV_h6s4n21.txt,LCT1-CPSAT,4,6,16,16,1200.0,0,0.0,4,25.0,9,1136.11,3596806.8,,false,solver_status:feasible
CV_h6s4n22.txt,LCT1-CPSAT,4,6,16,16,1200.0,0,0.0,5,31.2,9,1035.75,3597468.0,,false,solver_status:feasible
CV_h6s4n23.txt,LCT1-CPSAT,4,6,16,16,1200.0,0,0.0,7,43.8,10,1187.74,3598507.1,,false,solver_status:feasible
CV_h6s4n24.txt,LCT1-CPSAT,4,6,16,16,1200.0,0,0.0,6,37.5,10,1107.53,3596997.3,,false,solver_status:feasible
CV_h6s4n25.txt,LCT1-CPSAT,4,6,16,16,1200.0,1,6.2,6,37.5,10,1139.27,3125156.0,,true,solver_status:optimal
CV_h6s4n26.txt,LCT1-CPSAT,4,6,16,16,1200.0,0,0.0,5,31.2,10,1194.28,3598411.1,,false,solver_status:feasible
CV_h6s4n27.txt,LCT1-CPSAT,4,6,16,16,1200.0,0,0.0,5,31.2,10,1113.25,3597157.4,,false,solver_status:feasible
CV_h6s4n28.txt,LCT1-CPSAT,4,6,16,16,1200.0,0,0.0,4,25.0,10,1125.88,3596849.2,,false,solver_status:feasible
CV_h6s4n29.txt,LCT1-CPSAT,4,6,16,16,1200.0,0,0.0,6,37.5,10,1150.26,3598319.6,,false,solver_status:feasible
CV_h6s4n3.txt,LCT1-CPSAT,4,6,16,16,1200.0,2,12.5,5,31.2,10,1157.01,3596952.3,,false,solver_status:feasible
CV_h6s4n30.txt,LCT1-CPSAT,4,6,16,16,1200.0,0,0.0,8,50.0,10,1162.79,3596912.7,,false,solver_status:feasible
CV_h6s4n31.txt,LCT1-CPSAT,4,6,16,16,1200.0,1,6.2,6,37.5,9,1124.21,3596880.9,,false,solver_status:feasible
CV_h6s4n32.txt,LCT1-CPSAT,4,6,16,16,1200.0,2,12.5,4,25.0,10,1129.03,3597535.2,,false,solver_status:feasible
CV_h6s4n33.txt,LCT1-CPSAT,4,6,16,16,1200.0,0,0.0,5,31.2,10,1176.57,3596717.2,,false,solver_status:feasible
CV_h6s4n34.txt,LCT1-CPSAT,4,6,16,16,1200.0,1,6.2,6,37.5,9,1128.40,3597036.9,,false,solver_status:feasible
CV_h6s4n35.txt,LCT1-CPSAT,4,6,16,16,1200.0,0,0.0,4,25.0,8,1070.49,1295411.1,,true,solver_status:optimal
CV_h6s4n36.txt,LCT1-CPSAT,4,6,16,16,1200.0,0,0.0,5,31.2,10,1117.04,1053178.9,,true,solver_status:optimal
CV_h6s4n37.txt,LCT1-CPSAT,4,6,16,16,1200.0,1,6.2,10,62.5,11,1199.87,2325727.0,,true,solver_status:optimal
CV_h6s4n38.txt,LCT1-CPSAT,4,6,16,16,1200.0,0,0.0,3,18.8,11,1185.82,3597251.7,,false,solver_status:feasible
CV_h6s4n39.txt,LCT1-CPSAT,4,6,16,16,1200.0,1,6.2,3,18.8,9,1098.56,3596650.8,,false,solver_status:feasible
CV_h6s4n4.txt,LCT1-CPSAT,4,6,16,16,1200.0,1,6.2,9,56.2,10,1174.13,3596741.2,,false,solver_status:feasible
CV_h6s4n40.txt,LCT1-CPSAT,4,6,16,16,1200.0,0,0.0,3,18.8,9,1169.30,3596701.4,,false,solver_status:feasible
CV_h6s4n5.txt,LCT1-CPSAT,4,6,16,16,1200.0,0,0.0,9,56.2,10,1188.69,3598459.8,,false,solver_status:feasible
CV_h6s4n6.txt,LCT1-CPSAT,4,6,16,16,1200.0,1,6.2,14,87.5,11,1198.25,3597294.7,,false,solver_status:feasible
CV_h6s4n7.txt,LCT1-CPSAT,4,6,16,16,1200.0,0,0.0,5,31.2,10,1198.69,3596733.6,,false,solver_status:feasible
CV_h6s4n8.txt,LCT1-CPSAT,4,6,16,16,1200.0,1,6.2,4,25.0,9,1158.96,3596697.6,,false,solver_status:feasible
CV_h6s4n9.txt,LCT1-CPSAT,4,6,16,16,1200.0,0,0.0,16,100.0,10,1149.84,14508.2,,true,solver_status:optimal
CV_h6s5n1.txt,LCT1-CPSAT,5,6,20,20,1200.0,0,0.0,4,20.0,10,1154.21,3597872.6,,false,solver_status:feasible
CV_h6s5n10.txt,LCT1-CPSAT,5,6,20,20,1200.0,0,0.0,6,30.0,8,1014.74,3597151.1,,false,solver_status:feasible
CV_h6s5n11.txt,LCT1-CPSAT,5,6,20,20,1200.0,1,5.0,10,50.0,10,1167.92,3600318.4,,false,solver_status:feasible
CV_h6s5n12.txt,LCT1-CPSAT,5,6,20,20,1200.0,0,0.0,6,30.0,10,1195.95,3597050.8,,false,solver_status:feasible
CV_h6s5n13.txt,LCT1-CPSAT,5,6,20,20,1200.0,1,5.0,9,45.0,10,1137.71,3596920.2,,false,solver_status:feasible
CV_h6s5n14.txt,LCT1-CPSAT,5,6,20,20,1200.0,0,0.0,5,25.0,10,1197.73,3597438.8,,false,solver_status:feasible
CV_h6s5n15.txt,LCT1-CPSAT,5,6,20,20,1200.0,0,0.0,5,25.0,10,1184.98,3598644.5,,false,solver_status:feasible
CV_h6s5n16.txt,LCT1-CPSAT,5,6,20,20,1200.0,0,0.0,4,20.0,10,1181.24,3597285.2,,false,solver_status:feasible
CV_h6s5n17.txt,LCT1-CPSAT,5,6,20,20,1200.0,1,5.0,4,20.0,10,1132.18,3597828.9,,false,solver_status:feasible
CV_h6s5n18.txt,LCT1-CPSAT,5,6,20,20,1200.0,0,0.0,5,25.0,10,1197.03,3599196.3,,false,solver_status:feasible
CV_h6s5n19.txt,LCT1-CPSAT,5,6,20,20,1200.0,0,0.0,5,25.0,10,1159.35,3597271.3,,false,solver_status:feasible
CV_h6s5n2.txt,LCT1-CPSAT,5,6,20,20,1200.0,0,0.0,8,40.0,10,1188.56,3597216.2,,false,solver_status:feasible
CV_h6s5n20.txt,LCT1-CPSAT,5,6,20,20,1200.0,0,0.0,9,45.0,10,1139.72,3596987.9,,false,solver_status:feasible
CV_h6s5n21.txt,LCT1-CPSAT,5,6,20,20,1200.0,0,0.0,4,20.0,10,1129.54,3596991.5,,false,solver_status:feasible
CV_h6s5n22.txt,LCT1-CPSAT,5,6,20,20,1200.0,0,0.0,5,25.0,11,1195.72,3596924.5,,false,solver_status:feasible
CV_h6s5n23.txt,LCT1-CPSAT,5,6,20,20,1200.0,0,0.0,6,30.0,11,1198.85,3597001.4,,false,solver_status:feasible
CV_h6s5n24.txt,LCT1-CPSAT,5,6,20,20,1200.0,1,5.0,3,15.0,10,1197.14,3596920.6,,false,solver_status:feasible
CV_h6s5n25.txt,LCT1-CPSAT,5,6,20,20,1200.0,0,0.0,11,55.0,10,1176.24,3596927.5,,false,solver_status:feasible
CV_h6s5n26.txt,LCT1-CPSAT,5,6,20,20,1200.0,0,0.0,3,15.0,10,1113.04,3598175.4,,false,solver_status:feasible
CV_h6s5n27.txt,LCT1-CPSAT,5,6,20,20,1200.0,0,0.0,10,50.0,10,1186.94,3599881.4,,false,solver_status:feasible
CV_h6s5n28.txt,LCT1-CPSAT,5,6,20,20,1200.0,0,0.0,7,35.0,10,1196.44,3596906.4,,false,solver_status:feasible
CV_h6s5n29.txt,LCT1-CPSAT,5,6,20,20,1200.0,0,0.0,4,20.0,11,1198.34,3598865.9,,false,solver_status:feasible
CV_h6s5n3.txt,LCT1-CPSAT,5,6,20,20,1200.0,1,5.0,6,30.0,10,1167.93,3597293.7,,false,solver_status:feasible
CV_h6s5n30.txt,LCT1-CPSAT,5,6,20,20,1200.0,0,0.0,3,15.0,10,1166.89,3596847.1,,false,solver_status:feasible
CV_h6s5n31.txt,LCT1-CPSAT,5,6,20,20,1200.0,0,0.0,4,20.0,9,1074.70,3598000.8,,false,solver_status:feasible
CV_h6s5n32.txt,LCT1-CPSAT,5,6,20,20,1200.0,3,15.0,8,40.0,10,1130.82,3597140.3,,false,solver_status:feasible
CV_h6s5n33.txt,LCT1-CPSAT,5,6,20,20,1200.0,1,5.0,5,25.0,11,1184.39,3596862.1,,false,solver_status:feasible
CV_h6s5n34.txt,LCT1-CPSAT,5,6,20,20,1200.0,0,0.0,4,20.0,10,1181.10,3596944.4,,false,solver_status:feasible
CV_h6s5n35.txt,LCT1-CPSAT,5,6,20,20,1200.0,0,0.0,4,20.0,10,1110.26,3596867.5,,false,solver_status:feasible
CV_h6s5n36.txt,LCT1-CPSAT,5,6,20,20,1200.0,0,0.0,6,30.0,10,1176.74,3596872.0,,false,solver_status:feasible
CV_h6s5n37.txt,LCT1-CPSAT,5,6,20,20,1200.0,0,0.0,3,15.0,9,1180.18,3596825.6,,false,solver_status:feasible
CV_h6s5n38.txt,LCT1-CPSAT,5,6,20,20,1200.0,1,5.0,4,20.0,10,1178.34,3597513.7,,false,solver_status:feasible
CV_h6s5n39.txt,LCT1-CPSAT,5,6,20,20,1200.0,0,0.0,7,35.0,10,1194.41,3597117.3,,false,solver_status:feasible
CV_h6s5n4.txt,LCT1-CPSAT,5,6,20,20,1200.0,0,0.0,9,45.0,10,1170.33,3598431.3,,false,solver_status:feasible
CV_h6s5n40.txt,LCT1-CPSAT,5,6,20,20,1200.0,1,5.0,7,35.0,10,1184.47,3596895.9,,false,solver_status:feasible
CV_h6s5n5.txt,LCT1-CPSAT,5,6,20,20,1200.0,0,0.0,4,20.0,9,1097.58,3596985.9,,false,solver_status:feasible
CV_h6s5n6.txt,LCT1-CPSAT,5,6,20,20,1200.0,0,0.0,4,20.0,9,1034.41,3598184.4,,false,solver_status:feasible
CV_h6s5n7.txt,LCT1-CPSAT,5,6,20,20,1200.0,0,0.0,9,45.0,9,1167.44,3597465.1,,false,solver_status:feasible
CV_h6s5n8.txt,LCT1-CPSAT,5,6,20,20,1200.0,0,0.0,5,25.0,10,1142.77,3596866.5,,false,solver_status:feasible
CV_h6s5n9.txt,LCT1-CPSAT,5,6,20,20,1200.0,1,5.0,6,30.0,9,1159.62,3599150.7,,false,solver_status:feasible
ZJY_h4s6n1.txt,LCT1-CPSAT,6,4,17,10,600.0,1,5.9,7,41.2,6,571.70,2628131.4,,true,solver_status:optimal
ZJY_h4s6n10.txt,LCT1-CPSAT,6,4,17,10,600.0,0,0.0,8,47.1,6,595.73,758574.8,,true,solver_status:optimal
ZJY_h4s6n11.txt,LCT1-CPSAT,6,4,17,9,600.0,0,0.0,4,23.5,6,575.81,434851.0,,true,solver_status:optimal
ZJY_h4s6n12.txt,LCT1-CPSAT,6,4,17,10,600.0,1,5.9,10,58.8,6,581.54,63818.8,,true,solver_status:optimal
ZJY_h4s6n13.txt,LCT1-CPSAT,6,4,17,10,600.0,0,0.0,7,41.2,5,538.80,1078849.6,,true,solver_status:optimal
ZJY_h4s6n14.txt,LCT1-CPSAT,6,4,17,10,600.0,1,5.9,4,23.5,6,572.03,174632.8,,true,solver_status:optimal
ZJY_h4s6n15.txt,LCT1-CPSAT,6,4,17,10,600.0,1,5.9,7,41.2,5,588.34,244028.8,,true,solver_status:optimal
ZJY_h4s6n16.txt,LCT1-CPSAT,6,4,17,10,600.0,1,5.9,8,47.1,6,587.72,380142.6,,true,solver_status:optimal
ZJY_h4s6n17.txt,LCT1-CPSAT,6,4,17,10,600.0,1,5.9,11,64.7,6,592.55,533481.8,,true,solver_status:optimal
ZJY_h4s6n18.txt,LCT1-CPSAT,6,4,17,10,600.0,1,5.9,7,41.2,6,596.64,1395704.1,,true,solver_status:optimal
ZJY_h4s6n19.txt,LCT1-CPSAT,6,4,17,10,600.0,1,5.9,6,35.3,6,590.65,511930.1,,true,solver_status:optimal
ZJY_h4s6n2.txt,LCT1-CPSAT,6,4,17,10,600.0,3,17.6,8,47.1,6,599.32,368020.5,,true,solver_status:optimal
ZJY_h4s6n20.txt,LCT1-CPSAT,6,4,17,10,600.0,1,5.9,8,47.1,6,587.75,196211.0,,true,solver_status:optimal
ZJY_h4s6n3.txt,LCT1-CPSAT,6,4,17,10,600.0,1,5.9,5,29.4,6,576.44,165160.7,,true,solver_status:optimal
ZJY_h4s6n4.txt,LCT1-CPSAT,6,4,17,10,600.0,0,0.0,2,11.8,6,579.94,1059855.4,,true,solver_status:optimal
ZJY_h4s6n5.txt,LCT1-CPSAT,6,4,17,10,600.0,1,5.9,11,64.7,6,596.19,244080.6,,true,solver_status:optimal
ZJY_h4s6n6.txt,LCT1-CPSAT,6,4,17,10,600.0,3,17.6,10,58.8,6,593.13,818917.9,,true,solver_status:optimal
ZJY_h4s6n7.txt,LCT1-CPSAT,6,4,17,10,600.0,2,11.8,4,23.5,6,597.18,923747.0,,true,solver_status:optimal
ZJY_h4s6n8.txt,LCT1-CPSAT,6,4,17,10,600.0,0,0.0,2,11.8,6,597.72,88310.5,,true,solver_status:optimal
ZJY_h4s6n9.txt,LCT1-CPSAT,6,4,17,10,600.0,1,5.9,10,58.8,6,592.74,2324110.1,,true,solver_status:optimal
ZJY_h4s7n1.txt,LCT1-CPSAT,7,4,20,10,600.0,1,5.0,9,45.0,6,596.79,650221.4,,true,solver_status:optimal
ZJY_h4s7n10.txt,LCT1-CPSAT,7,4,20,9,600.0,1,5.0,4,20.0,6,590.05,3597419.1,,false,solver_status:feasible
ZJY_h4s7n11.txt,LCT1-CPSAT,7,4,20,10,600.0,1,5.0,7,35.0,6,593.22,1632319.0,,true,solver_status:optimal
ZJY_h4s7n12.txt,LCT1-CPSAT,7,4,20,10,600.0,0,0.0,7,35.0,6,577.05,3596631.2,,false,solver_status:feasible
ZJY_h4s7n13.txt,LCT1-CPSAT,7,4,20,10,600.0,1,5.0,5,25.0,6,597.71,3598189.6,,false,solver_status:feasible
ZJY_h4s7n14.txt,LCT1-CPSAT,7,4,20,10,600.0,0,0.0,7,35.0,6,594.22,3596685.6,,false,solver_status:feasible
ZJY_h4s7n15.txt,LCT1-CPSAT,7,4,20,9,600.0,1,5.0,5,25.0,6,587.79,2313885.4,,true,solver_status:optimal
ZJY_h4s7n16.txt,LCT1-CPSAT,7,4,20,10,600.0,1,5.0,5,25.0,6,588.40,3597802.7,,false,solver_status:feasible
ZJY_h4s7n17.txt,LCT1-CPSAT,7,4,20,10,600.0,1,5.0,7,35.0,6,579.58,3600680.5,,false,solver_status:feasible
ZJY_h4s7n18.txt,LCT1-CPSAT,7,4,20,10,600.0,0,0.0,11,55.0,6,592.85,899932.7,,true,solver_status:optimal
ZJY_h4s7n19.txt,LCT1-CPSAT,7,4,20,10,600.0,0,0.0,5,25.0,6,598.93,3604010.9,,false,solver_status:feasible
ZJY_h4s7n2.txt,LCT1-CPSAT,7,4,20,10,600.0,1,5.0,12,60.0,6,599.45,147063.0,,true,solver_status:optimal
ZJY_h4s7n20.txt,LCT1-CPSAT,7,4,20,10,600.0,0,0.0,5,25.0,6,576.67,3600636.5,,false,solver_status:feasible
ZJY_h4s7n3.txt,LCT1-CPSAT,7,4,20,10,600.0,2,10.0,8,40.0,6,582.47,1474497.4,,true,solver_status:optimal
ZJY_h4s7n4.txt,LCT1-CPSAT,7,4,20,10,600.0,1,5.0,6,30.0,6,596.76,3215019.6,,true,solver_status:optimal
ZJY_h4s7n5.txt,LCT1-CPSAT,7,4,20,9,600.0,3,15.0,9,45.0,6,593.09,2462866.1,,true,solver_status:optimal
ZJY_h4s7n6.txt,LCT1-CPSAT,7,4,20,10,600.0,3,15.0,7,35.0,6,597.98,3603527.9,,false,solver_status:feasible
ZJY_h4s7n7.txt,LCT1-CPSAT,7,4,20,10,600.0,0,0.0,5,25.0,6,590.35,2781721.6,,true,solver_status:optimal
ZJY_h4s7n8.txt,LCT1-CPSAT,7,4,20,10,600.0,0,0.0,4,20.0,6,577.57,288294.3,,true,solver_status:optimal
ZJY_h4s7n9.txt,LCT1-CPSAT,7,4,20,10,600.0,0,0.0,7,35.0,6,593.37,3600932.0,,false,solver_status:feasible
ZJY_h4s8n1.txt,LCT1-CPSAT,8,4,22,10,600.0,9,40.9,22,100.0,5,522.29,10286.9,,true,solver_status:optimal
ZJY_h4s8n10.txt,LCT1-CPSAT,8,4,22,10,600.0,0,0.0,9,40.9,6,586.44,3602614.7,,false,solver_status:feasible
ZJY_h4s8n11.txt,LCT1-CPSAT,8,4,22,10,600.0,2,9.1,5,22.7,6,594.16,3603491.5,,false,solver_status:feasible
ZJY_h4s8n12.txt,LCT1-CPSAT,8,4,22,10,600.0,0,0.0,13,59.1,6,596.04,3601171.9,,false,solver_status:feasible
ZJY_h4s8n13.txt,LCT1-CPSAT,8,4,22,10,600.0,1,4.5,7,31.8,6,596.10,3601174.1,,false,solver_status:feasible
ZJY_h4s8n14.txt,LCT1-CPSAT,8,4,22,10,600.0,0,0.0,22,100.0,6,588.04,658411.7,,true,solver_status:optimal
ZJY_h4s8n15.txt,LCT1-CPSAT,8,4,22,10,600.0,1,4.5,7,31.8,6,586.44,3601192.0,,false,solver_status:feasible
ZJY_h4s8n16.txt,LCT1-CPSAT,8,4,22,10,600.0,0,0.0,6,27.3,6,587.03,3601214.8,,false,solver_status:feasible
ZJY_h4s8n17.txt,LCT1-CPSAT,8,4,22,10,600.0,2,9.1,7,31.8,6,595.42,3603299.2,,false,solver_status:feasible
ZJY_h4s8n18.txt,LCT1-CPSAT,8,4,22,10,600.0,2,9.1,5,22.7,5,535.49,3601358.9,,false,solver_status:feasible
ZJY_h4s8n19.txt,LCT1-CPSAT,8,4,22,10,600.0,0,0.0,11,50.0,6,592.37,3601356.2,,false,solver_status:feasible
ZJY_h4s8n2.txt,LCT1-CPSAT,8,4,22,10,600.0,1,4.5,9,40.9,6,589.09,3601420.9,,false,solver_status:feasible
ZJY_h4s8n20.txt,LCT1-CPSAT,8,4,22,10,600.0,0,0.0,4,18.2,6,599.19,3601281.1,,false,solver_status:feasible
ZJY_h4s8n3.txt,LCT1-CPSAT,8,4,22,10,600.0,2,9.1,12,54.5,6,585.50,3282338.9,,true,solver_status:optimal
ZJY_h4s8n4.txt,LCT1-CPSAT,8,4,22,10,600.0,0,0.0,6,27.3,6,586.36,3601461.6,,false,solver_status:feasible
ZJY_h4s8n5.txt,LCT1-CPSAT,8,4,22,10,600.0,0,0.0,8,36.4,6,599.30,3601401.2,,false,solver_status:feasible
ZJY_h4s8n6.txt,LCT1-CPSAT,8,4,22,10,600.0,4,18.2,9,40.9,6,587.67,3601192.6,,false,solver_status:feasible
ZJY_h4s8n7.txt,LCT1-CPSAT,8,4,22,10,600.0,5,22.7,22,100.0,6,596.83,50773.4,,true,solver_status:optimal
ZJY_h4s8n8.txt,LCT1-CPSAT,8,4,22,10,600.0,1,4.5,9,40.9,6,598.87,3601210.8,,false,solver_status:feasible
ZJY_h4s8n9.txt,LCT1-CPSAT,8,4,22,10,600.0,1,4.5,11,50.0,5,509.21,3601956.3,,false,solver_status:feasible
ZJY_h4s9n1.txt,LCT1-CPSAT,9,4,25,10,600.0,0,0.0,4,16.0,5,506.13,3601182.2,,false,solver_status:feasible
ZJY_h4s9n10.txt,LCT1-CPSAT,9,4,25,10,600.0,0,0.0,9,36.0,6,598.29,3601236.0,,false,solver_status:feasible
ZJY_h4s9n11.txt,LCT1-CPSAT,9,4,25,10,600.0,0,0.0,8,32.0,6,599.01,3601775.4,,false,solver_status:feasible
ZJY_h4s9n12.txt,LCT1-CPSAT,9,4,25,10,600.0,0,0.0,5,20.0,6,594.82,3601466.2,,false,solver_status:feasible
ZJY_h4s9n13.txt,LCT1-CPSAT,9,4,25,10,600.0,0,0.0,9,36.0,6,599.80,3601396.3,,false,solver_status:feasible
ZJY_h4s9n14.txt,LCT1-CPSAT,9,4,25,10,600.0,3,12.0,9,36.0,6,579.49,3602106.5,,false,solver_status:feasible
ZJY_h4s9n15.txt,LCT1-CPSAT,9,4,25,10,600.0,1,4.0,17,68.0,6,598.93,3601400.6,,false,solver_status:feasible
ZJY_h4s9n16.txt,LCT1-CPSAT,9,4,25,9,600.0,2,8.0,15,60.0,6,597.39,3604642.0,,false,solver_status:feasible
ZJY_h4s9n17.txt,LCT1-CPSAT,9,4,25,10,600.0,0,0.0,10,40.0,6,598.01,3601452.9,,false,solver_status:feasible
ZJY_h4s9n18.txt,LCT1-CPSAT,9,4,25,10,600.0,0,0.0,8,32.0,5,529.83,3600552.2,,false,solver_status:feasible
ZJY_h4s9n19.txt,LCT1-CPSAT,9,4,25,10,600.0,1,4.0,12,48.0,6,587.94,3600006.2,,false,solver_status:feasible
ZJY_h4s9n2.txt,LCT1-CPSAT,9,4,25,10,600.0,6,24.0,22,88.0,6,586.04,2140585.5,,true,solver_status:optimal
ZJY_h4s9n20.txt,LCT1-CPSAT,9,4,25,10,600.0,1,4.0,4,16.0,5,539.00,3600078.5,,false,solver_status:feasible
ZJY_h4s9n3.txt,LCT1-CPSAT,9,4,25,9,600.0,6,24.0,12,48.0,6,591.08,3600119.6,,false,solver_status:feasible
ZJY_h4s9n4.txt,LCT1-CPSAT,9,4,25,10,600.0,0,0.0,6,24.0,6,580.36,3601501.7,,false,solver_status:feasible
ZJY_h4s9n5.txt,LCT1-CPSAT,9,4,25,10,600.0,3,12.0,14,56.0,6,596.44,3600070.9,,false,solver_status:feasible
ZJY_h4s9n6.txt,LCT1-CPSAT,9,4,25,10,600.0,0,0.0,8,32.0,6,596.26,3600076.5,,false,solver_status:feasible
ZJY_h4s9n7.txt,LCT1-CPSAT,9,4,25,10,600.0,0,0.0,7,28.0,6,581.04,3596748.6,,false,solver_status:feasible
ZJY_h4s9n8.txt,LCT1-CPSAT,9,4,25,10,600.0,0,0.0,4,16.0,6,595.65,3596834.0,,false,solver_status:feasible
ZJY_h4s9n9.txt,LCT1-CPSAT,9,4,25,10,600.0,4,16.0,16,64.0,6,595.15,3597527.7,,false,solver_status:feasible
ZJY_h5s6n1.txt,LCT1-CPSAT,6,5,21,10,600.0,0,0.0,3,14.3,5,553.78,98821.1,,true,solver_status:optimal
ZJY_h5s6n10.txt,LCT1-CPSAT,6,5,21,10,600.0,0,0.0,4,19.0,6,588.51,3596697.8,,false,solver_status:feasible
ZJY_h5s6n11.txt,LCT1-CPSAT,6,5,21,10,600.0,1,4.8,3,14.3,5,561.26,2594913.1,,true,solver_status:optimal
ZJY_h5s6n12.txt,LCT1-CPSAT,6,5,21,10,600.0,0,0.0,4,19.0,5,564.19,707931.2,,true,solver_status:optimal
ZJY_h5s6n13.txt,LCT1-CPSAT,6,5,21,10,600.0,0,0.0,3,14.3,6,587.15,2137763.0,,true,solver_status:optimal
ZJY_h5s6n14.txt,LCT1-CPSAT,6,5,21,10,600.0,0,0.0,5,23.8,5,542.65,300789.1,,true,solver_status:optimal
ZJY_h5s6n15.txt,LCT1-CPSAT,6,5,21,10,600.0,0,0.0,3,14.3,5,538.93,507749.1,,true,solver_status:optimal
ZJY_h5s6n16.txt,LCT1-CPSAT,6,5,21,10,600.0,0,0.0,2,9.5,5,526.84,83949.0,,true,solver_status:optimal
ZJY_h5s6n17.txt,LCT1-CPSAT,6,5,21,10,600.0,2,9.5,11,52.4,6,593.63,2056971.9,,true,solver_status:optimal
ZJY_h5s6n18.txt,LCT1-CPSAT,6,5,21,10,600.0,1,4.8,4,19.0,5,538.37,789696.2,,true,solver_status:optimal
ZJY_h5s6n19.txt,LCT1-CPSAT,6,5,21,10,600.0,1,4.8,3,14.3,5,556.23,488627.6,,true,solver_status:optimal
ZJY_h5s6n2.txt,LCT1-CPSAT,6,5,21,10,600.0,1,4.8,4,19.0,6,583.75,3597239.1,,false,solver_status:feasible
ZJY_h5s6n20.txt,LCT1-CPSAT,6,5,21,10,600.0,1,4.8,6,28.6,5,545.50,1661648.2,,true,solver_status:optimal
ZJY_h5s6n3.txt,LCT1-CPSAT,6,5,21,10,600.0,1,4.8,4,19.0,5,595.95,240446.1,,true,solver_status:optimal
ZJY_h5s6n4.txt,LCT1-CPSAT,6,5,21,10,600.0,0,0.0,8,38.1,5,552.44,2075526.4,,true,solver_status:optimal
ZJY_h5s6n5.txt,LCT1-CPSAT,6,5,21,10,600.0,0,0.0,2,9.5,5,596.76,926982.9,,true,solver_status:optimal
ZJY_h5s6n6.txt,LCT1-CPSAT,6,5,21,10,600.0,0,0.0,3,14.3,6,589.68,198971.1,,true,solver_status:optimal
ZJY_h5s6n7.txt,LCT1-CPSAT,6,5,21,10,600.0,1,4.8,2,9.5,5,542.43,1244512.7,,true,solver_status:optimal
ZJY_h5s6n8.txt,LCT1-CPSAT,6,5,21,10,600.0,2,9.5,3,14.3,5,569.42,2587874.5,,true,solver_status:optimal
ZJY_h5s6n9.txt,LCT1-CPSAT,6,5,21,10,600.0,0,0.0,9,42.9,5,515.71,449902.5,,true,solver_status:optimal
ZJY_h4s6n1.txt,LCT1-CPSAT,6,4,17,10,900.0,1,5.9,8,47.1,9,894.17,3601273.2,,false,solver_status:feasible
ZJY_h4s6n10.txt,LCT1-CPSAT,6,4,17,10,900.0,0,0.0,17,100.0,9,895.62,453406.4,,true,solver_status:optimal
ZJY_h4s6n11.txt,LCT1-CPSAT,6,4,17,9,900.0,0,0.0,5,29.4,9,887.68,3598278.8,,false,solver_status:feasible
ZJY_h4s6n12.txt,LCT1-CPSAT,6,4,17,10,900.0,1,5.9,17,100.0,9,899.39,2561556.1,,true,solver_status:optimal
ZJY_h4s6n13.txt,LCT1-CPSAT,6,4,17,10,900.0,0,0.0,8,47.1,9,890.04,3598228.7,,false,solver_status:feasible
ZJY_h4s6n14.txt,LCT1-CPSAT,6,4,17,10,900.0,1,5.9,7,41.2,9,899.67,3598656.3,,false,solver_status:feasible
ZJY_h4s6n15.txt,LCT1-CPSAT,6,4,17,10,900.0,1,5.9,7,41.2,9,891.24,3598571.7,,false,solver_status:feasible
ZJY_h4s6n16.txt,LCT1-CPSAT,6,4,17,10,900.0,1,5.9,8,47.1,9,849.39,3597176.8,,false,solver_status:feasible
ZJY_h4s6n17.txt,LCT1-CPSAT,6,4,17,10,900.0,1,5.9,11,64.7,9,882.90,3597620.7,,false,solver_status:feasible
ZJY_h4s6n18.txt,LCT1-CPSAT,6,4,17,10,900.0,1,5.9,8,47.1,9,897.67,3600071.6,,false,solver_status:feasible
ZJY_h4s6n19.txt,LCT1-CPSAT,6,4,17,10,900.0,1,5.9,17,100.0,8,842.39,1324679.4,,true,solver_status:optimal
ZJY_h4s6n2.txt,LCT1-CPSAT,6,4,17,10,900.0,3,17.6,9,52.9,9,894.10,3597281.7,,false,solver_status:feasible
ZJY_h4s6n20.txt,LCT1-CPSAT,6,4,17,10,900.0,1,5.9,9,52.9,9,867.12,3597265.6,,false,solver_status:feasible
ZJY_h4s6n3.txt,LCT1-CPSAT,6,4,17,10,900.0,1,5.9,8,47.1,8,844.36,3597240.8,,false,solver_status:feasible
ZJY_h4s6n4.txt,LCT1-CPSAT,6,4,17,10,900.0,0,0.0,6,35.3,9,889.03,3599825.8,,false,solver_status:feasible
ZJY_h4s6n5.txt,LCT1-CPSAT,6,4,17,10,900.0,1,5.9,11,64.7,9,871.90,3599811.5,,false,solver_status:feasible
ZJY_h4s6n6.txt,LCT1-CPSAT,6,4,17,10,900.0,3,17.6,17,100.0,8,868.88,1645929.2,,true,solver_status:optimal
ZJY_h4s6n7.txt,LCT1-CPSAT,6,4,17,10,900.0,2,11.8,11,64.7,9,884.01,3599818.9,,false,solver_status:feasible
ZJY_h4s6n8.txt,LCT1-CPSAT,6,4,17,10,900.0,0,0.0,5,29.4,8,851.08,3599814.5,,false,solver_status:feasible
ZJY_h4s6n9.txt,LCT1-CPSAT,6,4,17,10,900.0,1,5.9,17,100.0,9,886.16,86420.0,,true,solver_status:optimal
ZJY_h4s7n1.txt,LCT1-CPSAT,7,4,20,10,900.0,1,5.0,14,70.0,8,886.60,3600158.8,,false,solver_status:feasible
ZJY_h4s7n10.txt,LCT1-CPSAT,7,4,20,9,900.0,1,5.0,7,35.0,9,891.92,3600158.6,,false,solver_status:feasible
ZJY_h4s7n11.txt,LCT1-CPSAT,7,4,20,10,900.0,1,5.0,7,35.0,8,796.25,3601243.7,,false,solver_status:feasible
ZJY_h4s7n12.txt,LCT1-CPSAT,7,4,20,10,900.0,0,0.0,16,80.0,8,801.83,3600571.5,,false,solver_status:feasible
ZJY_h4s7n13.txt,LCT1-CPSAT,7,4,20,10,900.0,1,5.0,9,45.0,9,890.63,3600200.4,,false,solver_status:feasible
ZJY_h4s7n14.txt,LCT1-CPSAT,7,4,20,10,900.0,0,0.0,7,35.0,9,892.82,3600180.1,,false,solver_status:feasible
ZJY_h4s7n15.txt,LCT1-CPSAT,7,4,20,9,900.0,1,5.0,6,30.0,8,869.69,3600198.5,,false,solver_status:feasible
ZJY_h4s7n16.txt,LCT1-CPSAT,7,4,20,10,900.0,1,5.0,7,35.0,9,891.04,3599375.5,,false,solver_status:feasible
ZJY_h4s7n17.txt,LCT1-CPSAT,7,4,20,10,900.0,1,5.0,20,100.0,8,887.88,1143683.8,,true,solver_status:optimal
ZJY_h4s7n18.txt,LCT1-CPSAT,7,4,20,10,900.0,0,0.0,11,55.0,9,899.93,3598309.5,,false,solver_status:feasible
ZJY_h4s7n19.txt,LCT1-CPSAT,7,4,20,10,900.0,0,0.0,7,35.0,9,897.94,3598442.6,,false,solver_status:feasible
ZJY_h4s7n2.txt,LCT1-CPSAT,7,4,20,10,900.0,1,5.0,12,60.0,9,893.82,3598347.9,,false,solver_status:feasible
ZJY_h4s7n20.txt,LCT1-CPSAT,7,4,20,10,900.0,0,0.0,9,45.0,9,886.60,3598460.3,,false,solver_status:feasible
ZJY_h4s7n3.txt,LCT1-CPSAT,7,4,20,10,900.0,2,10.0,10,50.0,8,873.03,3599055.9,,false,solver_status:feasible
ZJY_h4s7n4.txt,LCT1-CPSAT,7,4,20,10,900.0,1,5.0,8,40.0,9,887.53,3598285.2,,false,solver_status:feasible
ZJY_h4s7n5.txt,LCT1-CPSAT,7,4,20,9,900.0,3,15.0,10,50.0,9,874.67,3600938.0,,false,solver_status:feasible
ZJY_h4s7n6.txt,LCT1-CPSAT,7,4,20,10,900.0,3,15.0,7,35.0,8,832.81,3601155.7,,false,solver_status:feasible
ZJY_h4s7n7.txt,LCT1-CPSAT,7,4,20,10,900.0,0,0.0,8,40.0,8,839.74,3600829.7,,false,solver_status:feasible
ZJY_h4s7n8.txt,LCT1-CPSAT,7,4,20,10,900.0,0,0.0,7,35.0,8,852.66,3600983.0,,false,solver_status:feasible
ZJY_h4s7n9.txt,LCT1-CPSAT,7,4,20,10,900.0,0,0.0,14,70.0,9,897.78,3600828.3,,false,solver_status:feasible
ZJY_h4s8n1.txt,LCT1-CPSAT,8,4,22,10,900.0,9,40.9,22,100.0,9,887.69,22481.9,,true,solver_status:optimal
ZJY_h4s8n10.txt,LCT1-CPSAT,8,4,22,10,900.0,0,0.0,9,40.9,8,833.04,3601125.2,,false,solver_status:feasible
ZJY_h4s8n11.txt,LCT1-CPSAT,8,4,22,10,900.0,2,9.1,5,22.7,9,877.30,3601357.6,,false,solver_status:feasible
ZJY_h4s8n12.txt,LCT1-CPSAT,8,4,22,10,900.0,0,0.0,18,81.8,9,894.67,3601099.7,,false,solver_status:feasible
ZJY_h4s8n13.txt,LCT1-CPSAT,8,4,22,10,900.0,1,4.5,7,31.8,8,844.95,3601172.0,,false,solver_status:feasible
ZJY_h4s8n14.txt,LCT1-CPSAT,8,4,22,10,900.0,0,0.0,22,100.0,9,895.37,67342.8,,true,solver_status:optimal
ZJY_h4s8n15.txt,LCT1-CPSAT,8,4,22,10,900.0,1,4.5,15,68.2,9,899.52,3601191.9,,false,solver_status:feasible
ZJY_h4s8n16.txt,LCT1-CPSAT,8,4,22,10,900.0,0,0.0,10,45.5,8,899.72,3601199.5,,false,solver_status:feasible
ZJY_h4s8n17.txt,LCT1-CPSAT,8,4,22,10,900.0,2,9.1,7,31.8,9,874.75,3601235.2,,false,solver_status:feasible
ZJY_h4s8n18.txt,LCT1-CPSAT,8,4,22,10,900.0,2,9.1,6,27.3,9,882.46,3600989.3,,false,solver_status:feasible
ZJY_h4s8n19.txt,LCT1-CPSAT,8,4,22,10,900.0,0,0.0,11,50.0,9,874.37,3601415.7,,false,solver_status:feasible
ZJY_h4s8n2.txt,LCT1-CPSAT,8,4,22,10,900.0,1,4.5,9,40.9,8,894.31,3602863.5,,false,solver_status:feasible
ZJY_h4s8n20.txt,LCT1-CPSAT,8,4,22,10,900.0,0,0.0,4,18.2,7,776.68,3600986.8,,false,solver_status:feasible
ZJY_h4s8n3.txt,LCT1-CPSAT,8,4,22,10,900.0,2,9.1,13,59.1,9,897.59,3601169.4,,false,solver_status:feasible
ZJY_h4s8n4.txt,LCT1-CPSAT,8,4,22,10,900.0,0,0.0,7,31.8,8,885.81,3601051.9,,false,solver_status:feasible
ZJY_h4s8n5.txt,LCT1-CPSAT,8,4,22,10,900.0,0,0.0,8,36.4,8,834.23,3601201.2,,false,solver_status:feasible
ZJY_h4s8n6.txt,LCT1-CPSAT,8,4,22,10,900.0,4,18.2,22,100.0,8,877.20,3371372.4,,true,solver_status:optimal
ZJY_h4s8n7.txt,LCT1-CPSAT,8,4,22,10,900.0,5,22.7,22,100.0,9,877.97,255645.4,,true,solver_status:optimal
ZJY_h4s8n8.txt,LCT1-CPSAT,8,4,22,10,900.0,1,4.5,12,54.5,9,892.21,3601364.7,,false,solver_status:feasible
ZJY_h4s8n9.txt,LCT1-CPSAT,8,4,22,10,900.0,1,4.5,11,50.0,9,882.52,3601513.5,,false,solver_status:feasible
ZJY_h4s9n1.txt,LCT1-CPSAT,9,4,25,10,900.0,0,0.0,8,32.0,8,877.68,3601141.6,,false,solver_status:feasible
ZJY_h4s9n10.txt,LCT1-CPSAT,9,4,25,10,900.0,0,0.0,10,40.0,9,895.68,3601891.1,,false,solver_status:feasible
ZJY_h4s9n11.txt,LCT1-CPSAT,9,4,25,10,900.0,0,0.0,8,32.0,9,885.72,3601603.0,,false,solver_status:feasible
ZJY_h4s9n12.txt,LCT1-CPSAT,9,4,25,10,900.0,0,0.0,5,20.0,9,895.85,3599880.5,,false,solver_status:feasible
ZJY_h4s9n13.txt,LCT1-CPSAT,9,4,25,10,900.0,0,0.0,9,36.0,8,850.46,3599902.9,,false,solver_status:feasible
ZJY_h4s9n14.txt,LCT1-CPSAT,9,4,25,10,900.0,3,12.0,9,36.0,9,895.11,3599902.0,,false,solver_status:feasible
ZJY_h4s9n15.txt,LCT1-CPSAT,9,4,25,10,900.0,1,4.0,17,68.0,9,899.86,3599872.5,,false,solver_status:feasible
ZJY_h4s9n16.txt,LCT1-CPSAT,9,4,25,9,900.0,2,8.0,15,60.0,9,872.87,3601232.7,,false,solver_status:feasible
ZJY_h4s9n17.txt,LCT1-CPSAT,9,4,25,10,900.0,0,0.0,11,44.0,8,884.26,3600848.9,,false,solver_status:feasible
ZJY_h4s9n18.txt,LCT1-CPSAT,9,4,25,10,900.0,0,0.0,11,44.0,8,879.13,3599930.4,,false,solver_status:feasible
ZJY_h4s9n19.txt,LCT1-CPSAT,9,4,25,10,900.0,1,4.0,12,48.0,9,897.00,3599728.1,,false,solver_status:feasible
ZJY_h4s9n2.txt,LCT1-CPSAT,9,4,25,10,900.0,6,24.0,22,88.0,9,891.71,3600260.9,,false,solver_status:feasible
ZJY_h4s9n20.txt,LCT1-CPSAT,9,4,25,10,900.0,1,4.0,6,24.0,8,899.81,3599759.5,,false,solver_status:feasible
ZJY_h4s9n3.txt,LCT1-CPSAT,9,4,25,9,900.0,6,24.0,12,48.0,8,807.84,3601650.3,,false,solver_status:feasible
ZJY_h4s9n4.txt,LCT1-CPSAT,9,4,25,10,900.0,0,0.0,6,24.0,9,898.56,3599815.0,,false,solver_status:feasible
ZJY_h4s9n5.txt,LCT1-CPSAT,9,4,25,10,900.0,3,12.0,13,52.0,8,892.24,3599685.1,,false,solver_status:feasible
ZJY_h4s9n6.txt,LCT1-CPSAT,9,4,25,10,900.0,0,0.0,9,36.0,8,871.11,3599806.6,,false,solver_status:feasible
ZJY_h4s9n7.txt,LCT1-CPSAT,9,4,25,10,900.0,0,0.0,8,32.0,8,840.44,3596916.4,,false,solver_status:feasible
ZJY_h4s9n8.txt,LCT1-CPSAT,9,4,25,10,900.0,0,0.0,7,28.0,8,855.44,3598131.4,,false,solver_status:feasible
ZJY_h4s9n9.txt,LCT1-CPSAT,9,4,25,10,900.0,4,16.0,16,64.0,9,882.53,3596953.9,,false,solver_status:feasible
ZJY_h5s6n1.txt,LCT1-CPSAT,6,5,21,10,900.0,0,0.0,3,14.3,8,842.27,3597535.3,,false,solver_status:feasible
ZJY_h5s6n10.txt,LCT1-CPSAT,6,5,21,10,900.0,0,0.0,8,38.1,9,896.56,3597449.7,,false,solver_status:feasible
ZJY_h5s6n11.txt,LCT1-CPSAT,6,5,21,10,900.0,1,4.8,10,47.6,8,859.27,3599438.7,,false,solver_status:feasible
ZJY_h5s6n12.txt,LCT1-CPSAT,6,5,21,10,900.0,0,0.0,4,19.0,8,899.59,3597360.8,,false,solver_status:feasible
ZJY_h5s6n13.txt,LCT1-CPSAT,6,5,21,10,900.0,0,0.0,4,19.0,8,861.27,3596667.3,,false,solver_status:feasible
ZJY_h5s6n14.txt,LCT1-CPSAT,6,5,21,10,900.0,0,0.0,5,23.8,8,893.64,3597378.5,,false,solver_status:feasible
ZJY_h5s6n15.txt,LCT1-CPSAT,6,5,21,10,900.0,0,0.0,3,14.3,8,861.80,3596680.3,,false,solver_status:feasible
ZJY_h5s6n16.txt,LCT1-CPSAT,6,5,21,10,900.0,0,0.0,2,9.5,9,863.61,3597725.5,,false,solver_status:feasible
ZJY_h5s6n17.txt,LCT1-CPSAT,6,5,21,10,900.0,2,9.5,12,57.1,8,859.49,3597325.9,,false,solver_status:feasible
ZJY_h5s6n18.txt,LCT1-CPSAT,6,5,21,10,900.0,1,4.8,5,23.8,7,846.77,3597310.6,,false,solver_status:feasible
ZJY_h5s6n19.txt,LCT1-CPSAT,6,5,21,10,900.0,1,4.8,4,19.0,8,876.96,3597394.8,,false,solver_status:feasible
ZJY_h5s6n2.txt,LCT1-CPSAT,6,5,21,10,900.0,1,4.8,5,23.8,8,878.44,3598011.3,,false,solver_status:feasible
ZJY_h5s6n20.txt,LCT1-CPSAT,6,5,21,10,900.0,1,4.8,6,28.6,8,855.73,3597371.5,,false,solver_status:feasible
ZJY_h5s6n3.txt,LCT1-CPSAT,6,5,21,10,900.0,1,4.8,4,19.0,8,806.61,3597346.6,,false,solver_status:feasible
ZJY_h5s6n4.txt,LCT1-CPSAT,6,5,21,10,900.0,0,0.0,9,42.9,8,839.31,3597407.3,,false,solver_status:feasible
ZJY_h5s6n5.txt,LCT1-CPSAT,6,5,21,10,900.0,0,0.0,6,28.6,7,855.36,3597525.6,,false,solver_status:feasible
ZJY_h5s6n6.txt,LCT1-CPSAT,6,5,21,10,900.0,0,0.0,6,28.6,8,896.52,3598150.7,,false,solver_status:feasible
ZJY_h5s6n7.txt,LCT1-CPSAT,6,5,21,10,900.0,1,4.8,4,19.0,8,844.21,3597329.0,,false,solver_status:feasible
ZJY_h5s6n8.txt,LCT1-CPSAT,6,5,21,10,900.0,2,9.5,4,19.0,9,894.21,3596913.5,,false,solver_status:feasible
ZJY_h5s6n9.txt,LCT1-CPSAT,6,5,21,10,900.0,0,0.0,13,61.9,8,897.66,3597200.9,,false,solver_status:feasible
ZJY_h4s6n1.txt,LCT1-CPSAT,6,4,17,10,1200.0,1,5.9,8,47.1,12,1174.41,3597490.8,,false,solver_status:feasible
ZJY_h4s6n10.txt,LCT1-CPSAT,6,4,17,10,1200.0,0,0.0,17,100.0,8,841.18,121260.6,,true,solver_status:optimal
ZJY_h4s6n11.txt,LCT1-CPSAT,6,4,17,9,1200.0,0,0.0,17,100.0,11,1184.48,1808846.5,,true,solver_status:optimal
ZJY_h4s6n12.txt,LCT1-CPSAT,6,4,17,10,1200.0,1,5.9,17,100.0,12,1194.91,105320.1,,true,solver_status:optimal
ZJY_h4s6n13.txt,LCT1-CPSAT,6,4,17,10,1200.0,0,0.0,17,100.0,12,1196.20,943227.6,,true,solver_status:optimal
ZJY_h4s6n14.txt,LCT1-CPSAT,6,4,17,10,1200.0,1,5.9,9,52.9,12,1191.67,3597346.8,,false,solver_status:feasible
ZJY_h4s6n15.txt,LCT1-CPSAT,6,4,17,10,1200.0,1,5.9,9,52.9,11,1189.55,3597886.3,,false,solver_status:feasible
ZJY_h4s6n16.txt,LCT1-CPSAT,6,4,17,10,1200.0,1,5.9,14,82.4,12,1194.46,3597295.9,,false,solver_status:feasible
ZJY_h4s6n17.txt,LCT1-CPSAT,6,4,17,10,1200.0,1,5.9,13,76.5,12,1196.71,3597260.6,,false,solver_status:feasible
ZJY_h4s6n18.txt,LCT1-CPSAT,6,4,17,10,1200.0,1,5.9,14,82.4,11,1136.23,3598856.7,,false,solver_status:feasible
ZJY_h4s6n19.txt,LCT1-CPSAT,6,4,17,10,1200.0,1,5.9,17,100.0,11,1167.85,503854.3,,true,solver_status:optimal
ZJY_h4s6n2.txt,LCT1-CPSAT,6,4,17,10,1200.0,3,17.6,9,52.9,12,1188.65,3597239.0,,false,solver_status:feasible
ZJY_h4s6n20.txt,LCT1-CPSAT,6,4,17,10,1200.0,1,5.9,17,100.0,12,1193.14,361394.6,,true,solver_status:optimal
ZJY_h4s6n3.txt,LCT1-CPSAT,6,4,17,10,1200.0,1,5.9,17,100.0,11,1137.98,1244204.6,,true,solver_status:optimal
ZJY_h4s6n4.txt,LCT1-CPSAT,6,4,17,10,1200.0,0,0.0,7,41.2,11,1177.53,3597378.4,,false,solver_status:feasible
ZJY_h4s6n5.txt,LCT1-CPSAT,6,4,17,10,1200.0,1,5.9,11,64.7,12,1199.01,3596800.0,,false,solver_status:feasible
ZJY_h4s6n6.txt,LCT1-CPSAT,6,4,17,10,1200.0,3,17.6,17,100.0,12,1183.57,597648.5,,true,solver_status:optimal
ZJY_h4s6n7.txt,LCT1-CPSAT,6,4,17,10,1200.0,2,11.8,11,64.7,11,1136.29,3596950.1,,false,solver_status:feasible
ZJY_h4s6n8.txt,LCT1-CPSAT,6,4,17,10,1200.0,0,0.0,7,41.2,11,1174.85,3596890.4,,false,solver_status:feasible
ZJY_h4s6n9.txt,LCT1-CPSAT,6,4,17,10,1200.0,1,5.9,17,100.0,12,1193.63,52427.0,,true,solver_status:optimal
ZJY_h4s7n1.txt,LCT1-CPSAT,7,4,20,10,1200.0,1,5.0,20,100.0,12,1199.62,1572790.9,,true,solver_status:optimal
ZJY_h4s7n10.txt,LCT1-CPSAT,7,4,20,9,1200.0,1,5.0,7,35.0,12,1198.13,3600928.4,,false,solver_status:feasible
ZJY_h4s7n11.txt,LCT1-CPSAT,7,4,20,10,1200.0,1,5.0,20,100.0,12,1186.21,398547.2,,true,solver_status:optimal
ZJY_h4s7n12.txt,LCT1-CPSAT,7,4,20,10,1200.0,0,0.0,12,60.0,11,1177.52,3600924.4,,false,solver_status:feasible
ZJY_h4s7n13.txt,LCT1-CPSAT,7,4,20,10,1200.0,1,5.0,16,80.0,11,1146.32,3600871.3,,false,solver_status:feasible
ZJY_h4s7n14.txt,LCT1-CPSAT,7,4,20,10,1200.0,0,0.0,20,100.0,12,1180.25,1152677.9,,true,solver_status:optimal
ZJY_h4s7n15.txt,LCT1-CPSAT,7,4,20,9,1200.0,1,5.0,6,30.0,11,1167.15,3600919.1,,false,solver_status:feasible
ZJY_h4s7n16.txt,LCT1-CPSAT,7,4,20,10,1200.0,1,5.0,7,35.0,12,1188.30,3602537.7,,false,solver_status:feasible
ZJY_h4s7n17.txt,LCT1-CPSAT,7,4,20,10,1200.0,1,5.0,7,35.0,12,1185.56,3600857.5,,false,solver_status:feasible
ZJY_h4s7n18.txt,LCT1-CPSAT,7,4,20,10,1200.0,0,0.0,13,65.0,12,1184.78,3600515.9,,false,solver_status:feasible
ZJY_h4s7n19.txt,LCT1-CPSAT,7,4,20,10,1200.0,0,0.0,7,35.0,12,1190.40,3600494.1,,false,solver_status:feasible
ZJY_h4s7n2.txt,LCT1-CPSAT,7,4,20,10,1200.0,1,5.0,20,100.0,12,1173.94,157340.8,,true,solver_status:optimal
ZJY_h4s7n20.txt,LCT1-CPSAT,7,4,20,10,1200.0,0,0.0,15,75.0,11,1193.18,3600471.5,,false,solver_status:feasible
ZJY_h4s7n3.txt,LCT1-CPSAT,7,4,20,10,1200.0,2,10.0,10,50.0,11,1189.06,3600565.9,,false,solver_status:feasible
ZJY_h4s7n4.txt,LCT1-CPSAT,7,4,20,10,1200.0,1,5.0,8,40.0,12,1198.04,3600529.7,,false,solver_status:feasible
ZJY_h4s7n5.txt,LCT1-CPSAT,7,4,20,9,1200.0,3,15.0,10,50.0,10,1033.60,3600849.2,,false,solver_status:feasible
ZJY_h4s7n6.txt,LCT1-CPSAT,7,4,20,10,1200.0,3,15.0,7,35.0,11,1143.56,3603931.4,,false,solver_status:feasible
ZJY_h4s7n7.txt,LCT1-CPSAT,7,4,20,10,1200.0,0,0.0,8,40.0,12,1178.09,3601054.4,,false,solver_status:feasible
ZJY_h4s7n8.txt,LCT1-CPSAT,7,4,20,10,1200.0,0,0.0,7,35.0,12,1192.26,3600930.3,,false,solver_status:feasible
ZJY_h4s7n9.txt,LCT1-CPSAT,7,4,20,10,1200.0,0,0.0,12,60.0,12,1191.18,3600933.0,,false,solver_status:feasible
ZJY_h4s8n1.txt,LCT1-CPSAT,8,4,22,10,1200.0,9,40.9,22,100.0,11,1167.78,135448.1,,true,solver_status:optimal
ZJY_h4s8n10.txt,LCT1-CPSAT,8,4,22,10,1200.0,0,0.0,9,40.9,11,1150.02,3601327.0,,false,solver_status:feasible
ZJY_h4s8n11.txt,LCT1-CPSAT,8,4,22,10,1200.0,2,9.1,22,100.0,11,1194.28,3244934.6,,true,solver_status:optimal
ZJY_h4s8n12.txt,LCT1-CPSAT,8,4,22,10,1200.0,0,0.0,18,81.8,11,1146.13,3600754.7,,false,solver_status:feasible
ZJY_h4s8n13.txt,LCT1-CPSAT,8,4,22,10,1200.0,1,4.5,11,50.0,11,1195.43,3600828.3,,false,solver_status:feasible
ZJY_h4s8n14.txt,LCT1-CPSAT,8,4,22,10,1200.0,0,0.0,22,100.0,12,1199.96,25128.1,,true,solver_status:optimal
ZJY_h4s8n15.txt,LCT1-CPSAT,8,4,22,10,1200.0,1,4.5,22,100.0,11,1188.62,246573.5,,true,solver_status:optimal
ZJY_h4s8n16.txt,LCT1-CPSAT,8,4,22,10,1200.0,0,0.0,6,27.3,11,1186.58,3601226.2,,false,solver_status:feasible
ZJY_h4s8n17.txt,LCT1-CPSAT,8,4,22,10,1200.0,2,9.1,14,63.6,11,1174.87,3600863.2,,false,solver_status:feasible
ZJY_h4s8n18.txt,LCT1-CPSAT,8,4,22,10,1200.0,2,9.1,6,27.3,12,1189.51,3601242.5,,false,solver_status:feasible
ZJY_h4s8n19.txt,LCT1-CPSAT,8,4,22,10,1200.0,0,0.0,22,100.0,11,1191.64,2054971.5,,true,solver_status:optimal
ZJY_h4s8n2.txt,LCT1-CPSAT,8,4,22,10,1200.0,1,4.5,9,40.9,12,1196.45,3601263.9,,false,solver_status:feasible
ZJY_h4s8n20.txt,LCT1-CPSAT,8,4,22,10,1200.0,0,0.0,10,45.5,12,1195.71,3601286.2,,false,solver_status:feasible
ZJY_h4s8n3.txt,LCT1-CPSAT,8,4,22,10,1200.0,2,9.1,14,63.6,11,1169.65,3601254.6,,false,solver_status:feasible
ZJY_h4s8n4.txt,LCT1-CPSAT,8,4,22,10,1200.0,0,0.0,6,27.3,11,1191.23,3601491.9,,false,solver_status:feasible
ZJY_h4s8n5.txt,LCT1-CPSAT,8,4,22,10,1200.0,0,0.0,8,36.4,11,1151.07,3601281.5,,false,solver_status:feasible
ZJY_h4s8n6.txt,LCT1-CPSAT,8,4,22,10,1200.0,4,18.2,9,40.9,11,1109.33,3598642.0,,false,solver_status:feasible
ZJY_h4s8n7.txt,LCT1-CPSAT,8,4,22,10,1200.0,5,22.7,22,100.0,11,1179.68,1372857.7,,true,solver_status:optimal
ZJY_h4s8n8.txt,LCT1-CPSAT,8,4,22,10,1200.0,1,4.5,12,54.5,12,1193.17,3596861.3,,false,solver_status:feasible
ZJY_h4s8n9.txt,LCT1-CPSAT,8,4,22,10,1200.0,1,4.5,11,50.0,11,1142.54,3597031.7,,false,solver_status:feasible
ZJY_h4s9n1.txt,LCT1-CPSAT,9,4,25,10,1200.0,0,0.0,4,16.0,12,1192.98,3597827.3,,false,solver_status:feasible
ZJY_h4s9n10.txt,LCT1-CPSAT,9,4,25,10,1200.0,0,0.0,10,40.0,12,1199.71,3597276.7,,false,solver_status:feasible
ZJY_h4s9n11.txt,LCT1-CPSAT,9,4,25,10,1200.0,0,0.0,9,36.0,12,1161.84,3597085.5,,false,solver_status:feasible
ZJY_h4s9n12.txt,LCT1-CPSAT,9,4,25,10,1200.0,0,0.0,8,32.0,12,1192.28,3601648.3,,false,solver_status:feasible
ZJY_h4s9n13.txt,LCT1-CPSAT,9,4,25,10,1200.0,0,0.0,12,48.0,11,1184.85,3599951.3,,false,solver_status:feasible
ZJY_h4s9n14.txt,LCT1-CPSAT,9,4,25,10,1200.0,3,12.0,17,68.0,12,1189.95,3599951.2,,false,solver_status:feasible
ZJY_h4s9n15.txt,LCT1-CPSAT,9,4,25,10,1200.0,1,4.0,25,100.0,12,1189.08,173933.5,,true,solver_status:optimal
ZJY_h4s9n16.txt,LCT1-CPSAT,9,4,25,9,1200.0,2,8.0,16,64.0,12,1195.03,3600766.4,,false,solver_status:feasible
ZJY_h4s9n17.txt,LCT1-CPSAT,9,4,25,10,1200.0,0,0.0,11,44.0,11,1140.10,3600056.6,,false,solver_status:feasible
ZJY_h4s9n18.txt,LCT1-CPSAT,9,4,25,10,1200.0,0,0.0,11,44.0,12,1195.76,3600148.4,,false,solver_status:feasible
ZJY_h4s9n19.txt,LCT1-CPSAT,9,4,25,10,1200.0,1,4.0,8,32.0,12,1187.73,3599989.8,,false,solver_status:feasible
ZJY_h4s9n2.txt,LCT1-CPSAT,9,4,25,10,1200.0,6,24.0,22,88.0,12,1194.80,3599927.2,,false,solver_status:feasible
ZJY_h4s9n20.txt,LCT1-CPSAT,9,4,25,10,1200.0,1,4.0,4,16.0,11,1118.99,3600559.7,,false,solver_status:feasible
ZJY_h4s9n3.txt,LCT1-CPSAT,9,4,25,9,1200.0,6,24.0,12,48.0,12,1156.67,3600039.0,,false,solver_status:feasible
ZJY_h4s9n4.txt,LCT1-CPSAT,9,4,25,10,1200.0,0,0.0,8,32.0,11,1146.88,3600042.9,,false,solver_status:feasible
ZJY_h4s9n5.txt,LCT1-CPSAT,9,4,25,10,1200.0,3,12.0,14,56.0,11,1151.77,3600337.4,,false,solver_status:feasible
ZJY_h4s9n6.txt,LCT1-CPSAT,9,4,25,10,1200.0,0,0.0,2,8.0,11,1148.14,3600028.7,,false,solver_status:feasible
ZJY_h4s9n7.txt,LCT1-CPSAT,9,4,25,10,1200.0,0,0.0,11,44.0,11,1195.44,3597884.3,,false,solver_status:feasible
ZJY_h4s9n8.txt,LCT1-CPSAT,9,4,25,10,1200.0,0,0.0,6,24.0,12,1188.45,3596890.7,,false,solver_status:feasible
ZJY_h4s9n9.txt,LCT1-CPSAT,9,4,25,10,1200.0,4,16.0,18,72.0,11,1141.42,3597447.2,,false,solver_status:feasible
ZJY_h5s6n1.txt,LCT1-CPSAT,6,5,21,10,1200.0,0,0.0,4,19.0,10,1143.84,3597308.9,,false,solver_status:feasible
ZJY_h5s6n10.txt,LCT1-CPSAT,6,5,21,10,1200.0,0,0.0,15,71.4,11,1199.75,3596799.1,,false,solver_status:feasible
ZJY_h5s6n11.txt,LCT1-CPSAT,6,5,21,10,1200.0,1,4.8,7,33.3,10,1108.81,3596723.5,,false,solver_status:feasible
ZJY_h5s6n12.txt,LCT1-CPSAT,6,5,21,10,1200.0,0,0.0,9,42.9,11,1189.70,3596884.3,,false,solver_status:feasible
ZJY_h5s6n13.txt,LCT1-CPSAT,6,5,21,10,1200.0,0,0.0,4,19.0,11,1182.69,3596700.6,,false,solver_status:feasible
ZJY_h5s6n14.txt,LCT1-CPSAT,6,5,21,10,1200.0,0,0.0,5,23.8,11,1140.11,3597142.9,,false,solver_status:feasible
ZJY_h5s6n15.txt,LCT1-CPSAT,6,5,21,10,1200.0,0,0.0,3,14.3,12,1174.16,3596900.2,,false,solver_status:feasible
ZJY_h5s6n16.txt,LCT1-CPSAT,6,5,21,10,1200.0,0,0.0,4,19.0,11,1179.71,3597896.0,,false,solver_status:feasible
ZJY_h5s6n17.txt,LCT1-CPSAT,6,5,21,10,1200.0,2,9.5,18,85.7,11,1198.18,3598036.6,,false,solver_status:feasible
ZJY_h5s6n18.txt,LCT1-CPSAT,6,5,21,10,1200.0,1,4.8,5,23.8,11,1181.12,3597479.1,,false,solver_status:feasible
ZJY_h5s6n19.txt,LCT1-CPSAT,6,5,21,10,1200.0,1,4.8,5,23.8,11,1179.89,3596770.5,,false,solver_status:feasible
ZJY_h5s6n2.txt,LCT1-CPSAT,6,5,21,10,1200.0,1,4.8,5,23.8,11,1115.38,3597140.3,,false,solver_status:feasible
ZJY_h5s6n20.txt,LCT1-CPSAT,6,5,21,10,1200.0,1,4.8,9,42.9,11,1192.73,3597453.7,,false,solver_status:feasible
ZJY_h5s6n3.txt,LCT1-CPSAT,6,5,21,10,1200.0,1,4.8,4,19.0,11,1090.22,3596753.5,,false,solver_status:feasible
ZJY_h5s6n4.txt,LCT1-CPSAT,6,5,21,10,1200.0,0,0.0,9,42.9,10,1127.11,3597436.1,,false,solver_status:feasible
ZJY_h5s6n5.txt,LCT1-CPSAT,6,5,21,10,1200.0,0,0.0,7,33.3,11,1175.32,3597155.2,,false,solver_status:feasible
ZJY_h5s6n6.txt,LCT1-CPSAT,6,5,21,10,1200.0,0,0.0,7,33.3,11,1180.54,3596723.3,,false,solver_status:feasible
ZJY_h5s6n7.txt,LCT1-CPSAT,6,5,21,10,1200.0,1,4.8,4,19.0,11,1151.51,3597371.4,,false,solver_status:feasible
ZJY_h5s6n8.txt,LCT1-CPSAT,6,5,21,10,1200.0,2,9.5,4,19.0,10,1090.93,3597621.5,,false,solver_status:feasible
ZJY_h5s6n9.txt,LCT1-CPSAT,6,5,21,10,1200.0,0,0.0,14,66.7,10,1157.57,3597728.3,,false,solver_status:feasible
