instance,algorithm,s,h,c,p,tau,initial_acc,initial_acc_pct,acc,acc_pct,moves,crane_time,elapsed_ms,nodes,proved_optimal,stop_reason
BF_BF10_h8s16n1.txt,HLCT,16,8,77,16,600.0,0,0.0,2,2.6,3,508.36,1.0,,,
BF_BF10_h8s16n10.txt,HLCT,16,8,77,16,600.0,2,2.6,4,5.2,3,524.51,0.9,,,
BF_BF10_h8s16n11.txt,HLCT,16,8,77,16,600.0,2,2.6,3,3.9,4,583.81,0.9,,,
BF_BF10_h8s16n12.txt,HLCT,16,8,77,16,600.0,1,1.3,4,5.2,4,547.88,1.0,,,
BF_BF10_h8s16n13.txt,HLCT,16,8,77,16,600.0,1,1.3,2,2.6,4,540.33,0.9,,,
BF_BF10_h8s16n14.txt,HLCT,16,8,77,16,600.0,1,1.3,2,2.6,4,553.61,1.0,,,
BF_BF10_h8s16n15.txt,HLCT,16,8,77,16,600.0,2,2.6,3,3.9,3,516.40,0.8,,,
BF_BF10_h8s16n16.txt,HLCT,16,8,77,16,600.0,0,0.0,2,2.6,4,562.66,0.9,,,
BF_BF10_h8s16n17.txt,HLCT,16,8,77,16,600.0,0,0.0,2,2.6,4,564.25,0.9,,,
BF_BF10_h8s16n18.txt,HLCT,16,8,77,16,600.0,1,1.3,2,2.6,3,486.11,0.9,,,
BF_BF10_h8s16n19.txt,HLCT,16,8,77,16,600.0,0,0.0,1,1.3,3,508.47,0.9,,,
BF_BF10_h8s16n2.txt,HLCT,16,8,77,16,600.0,2,2.6,3,3.9,3,505.72,0.9,,,
BF_BF10_h8s16n20.txt,HLCT,16,8,77,16,600.0,0,0.0,2,2.6,4,511.93,0.9,,,
BF_BF10_h8s16n3.txt,HLCT,16,8,77,16,600.0,2,2.6,7,9.1,4,584.88,1.0,,,
BF_BF10_h8s16n4.txt,HLCT,16,8,77,16,600.0,0,0.0,2,2.6,4,568.87,1.0,,,
BF_BF10_h8s16n5.txt,HLCT,16,8,77,16,600.0,1,1.3,2,2.6,3,561.00,0.9,,,
BF_BF10_h8s16n6.txt,HLCT,16,8,77,16,600.0,1,1.3,3,3.9,4,568.40,0.9,,,
BF_BF10_h8s16n7.txt,HLCT,16,8,77,16,600.0,0,0.0,1,1.3,4,569.66,1.0,,,
BF_BF10_h8s16n8.txt,HLCT,16,8,77,16,600.0,1,1.3,2,2.6,4,555.77,1.0,,,
BF_BF10_h8s16n9.txt,HLCT,16,8,77,16,600.0,2,2.6,3,3.9,3,541.42,1.0,,,
BF_BF11_h8s16n1.txt,HLCT,16,8,77,31,600.0,0,0.0,0,0.0,3,469.30,1.6,,,
BF_BF11_h8s16n10.txt,HLCT,16,8,77,31,600.0,0,0.0,0,0.0,3,460.32,1.4,,,
BF_BF11_h8s16n11.txt,HLCT,16,8,77,31,600.0,0,0.0,1,1.3,3,554.60,1.5,,,
BF_BF11_h8s16n12.txt,HLCT,16,8,77,31,600.0,0,0.0,1,1.3,4,530.58,1.7,,,
BF_BF11_h8s16n13.txt,HLCT,16,8,77,31,600.0,0,0.0,1,1.3,3,479.88,1.5,,,
BF_BF11_h8s16n14.txt,HLCT,16,8,77,31,600.0,0,0.0,3,3.9,3,501.38,1.6,,,
BF_BF11_h8s16n15.txt,HLCT,16,8,77,31,600.0,1,1.3,1,1.3,4,497.74,1.6,,,
BF_BF11_h8s16n16.txt,HLCT,16,8,77,31,600.0,0,0.0,1,1.3,3,480.41,1.7,,,
BF_BF11_h8s16n17.txt,HLCT,16,8,77,31,600.0,2,2.6,2,2.6,4,485.09,1.6,,,
BF_BF11_h8s16n18.txt,HLCT,16,8,77,31,600.0,0,0.0,2,2.6,3,533.03,1.6,,,
BF_BF11_h8s16n19.txt,HLCT,16,8,77,31,600.0,0,0.0,2,2.6,4,536.35,1.6,,,
BF_BF11_h8s16n2.txt,HLCT,16,8,77,31,600.0,1,1.3,2,2.6,3,503.20,1.5,,,
BF_BF11_h8s16n20.txt,HLCT,16,8,77,31,600.0,1,1.3,4,5.2,4,572.64,1.5,,,
BF_BF11_h8s16n3.txt,HLCT,16,8,77,31,600.0,1,1.3,3,3.9,3,495.16,1.5,,,
BF_BF11_h8s16n4.txt,HLCT,16,8,77,31,600.0,0,0.0,1,1.3,3,482.67,1.6,,,
BF_BF11_h8s16n5.txt,HLCT,16,8,77,31,600.0,0,0.0,1,1.3,3,481.05,1.4,,,
BF_BF11_h8s16n6.txt,HLCT,16,8,77,31,600.0,0,0.0,1,1.3,3,479.20,1.5,,,
BF_BF11_h8s16n7.txt,HLCT,16,8,77,31,600.0,0,0.0,1,1.3,3,480.40,1.4,,,
BF_BF11_h8s16n8.txt,HLCT,16,8,77,31,600.0,0,0.0,1,1.3,4,557.68,1.5,,,
BF_BF11_h8s16n9.txt,HLCT,16,8,77,31,600.0,0,0.0,1,1.3,3,505.01,1.6,,,
BF_BF12_h8s16n1.txt,HLCT,16,8,77,31,600.0,0,0.0,0,0.0,3,480.32,1.7,,,
BF_BF12_h8s16n10.txt,HLCT,16,8,77,31,600.0,0,0.0,2,2.6,4,569.47,1.7,,,
BF_BF12_h8s16n11.txt,HLCT,16,8,77,31,600.0,0,0.0,0,0.0,3,474.39,1.6,,,
BF_BF12_h8s16n12.txt,HLCT,16,8,77,31,600.0,0,0.0,3,3.9,4,590.53,1.7,,,
BF_BF12_h8s16n13.txt,HLCT,16,8,77,31,600.0,0,0.0,1,1.3,4,514.19,1.7,,,
BF_BF12_h8s16n14.txt,HLCT,16,8,77,31,600.0,0,0.0,1,1.3,3,524.89,1.7,,,
BF_BF12_h8s16n15.txt,HLCT,16,8,77,31,600.0,0,0.0,2,2.6,4,572.73,1.6,,,
BF_BF12_h8s16n16.txt,HLCT,16,8,77,31,600.0,2,2.6,3,3.9,3,476.10,1.7,,,
BF_BF12_h8s16n17.txt,HLCT,16,8,77,31,600.0,0,0.0,1,1.3,3,529.45,1.5,,,
BF_BF12_h8s16n18.txt,HLCT,16,8,77,31,600.0,1,1.3,3,3.9,4,596.27,1.8,,,
BF_BF12_h8s16n19.txt,HLCT,16,8,77,31,600.0,1,1.3,2,2.6,3,503.32,1.9,,,
BF_BF12_h8s16n2.txt,HLCT,16,8,77,31,600.0,1,1.3,1,1.3,3,518.27,1.5,,,
BF_BF12_h8s16n20.txt,HLCT,16,8,77,31,600.0,1,1.3,2,2.6,3,501.95,1.7,,,
BF_BF12_h8s16n3.txt,HLCT,16,8,77,31,600.0,2,2.6,4,5.2,4,556.96,1.7,,,
BF_BF12_h8s16n4.txt,HLCT,16,8,77,31,600.0,3,3.9,4,5.2,3,596.99,1.6,,,
BF_BF12_h8s16n5.txt,HLCT,16,8,77,31,600.0,0,0.0,0,0.0,3,514.00,1.7,,,
BF_BF12_h8s16n6.txt,HLCT,16,8,77,31,600.0,1,1.3,2,2.6,3,443.93,1.7,,,
BF_BF12_h8s16n7.txt,HLCT,16,8,77,31,600.0,0,0.0,2,2.6,4,578.87,2.9,,,
BF_BF12_h8s16n8.txt,HLCT,16,8,77,31,600.0,0,0.0,1,1.3,4,548.80,3.0,,,
BF_BF12_h8s16n9.txt,HLCT,16,8,77,31,600.0,0,0.0,1,1.3,3,522.70,2.7,,,
BF_BF13_h8s16n1.txt,HLCT,16,8,103,21,600.0,1,1.0,2,1.9,4,508.45,2.6,,,
BF_BF13_h8s16n10.txt,HLCT,16,8,103,21,600.0,2,1.9,3,2.9,4,484.39,2.7,,,
BF_BF13_h8s16n11.txt,HLCT,16,8,103,21,600.0,0,0.0,1,1.0,4,515.50,2.7,,,
BF_BF13_h8s16n12.txt,HLCT,16,8,103,21,600.0,1,1.0,4,3.9,4,529.61,2.6,,,
BF_BF13_h8s16n13.txt,HLCT,16,8,103,21,600.0,0,0.0,2,1.9,4,538.16,1.6,,,
BF_BF13_h8s16n14.txt,HLCT,16,8,103,21,600.0,0,0.0,2,1.9,5,513.92,1.7,,,
BF_BF13_h8s16n15.txt,HLCT,16,8,103,21,600.0,0,0.0,2,1.9,4,523.06,1.7,,,
BF_BF13_h8s16n16.txt,HLCT,16,8,103,21,600.0,1,1.0,4,3.9,4,514.57,1.7,,,
BF_BF13_h8s16n17.txt,HLCT,16,8,103,21,600.0,0,0.0,2,1.9,4,519.62,1.6,,,
BF_BF13_h8s16n18.txt,HLCT,16,8,103,21,600.0,0,0.0,3,2.9,4,539.14,1.8,,,
BF_BF13_h8s16n19.txt,HLCT,16,8,103,21,600.0,1,1.0,2,1.9,3,524.00,1.6,,,
BF_BF13_h8s16n2.txt,HLCT,16,8,103,21,600.0,1,1.0,2,1.9,4,518.51,1.7,,,
BF_BF13_h8s16n20.txt,HLCT,16,8,103,21,600.0,0,0.0,1,1.0,4,520.20,1.6,,,
BF_BF13_h8s16n3.txt,HLCT,16,8,103,21,600.0,1,1.0,3,2.9,4,520.57,1.6,,,
BF_BF13_h8s16n4.txt,HLCT,16,8,103,21,600.0,2,1.9,3,2.9,4,508.97,1.7,,,
BF_BF13_h8s16n5.txt,HLCT,16,8,103,21,600.0,2,1.9,3,2.9,4,509.82,1.7,,,
BF_BF13_h8s16n6.txt,HLCT,16,8,103,21,600.0,1,1.0,3,2.9,4,489.55,1.6,,,
BF_BF13_h8s16n7.txt,HLCT,16,8,103,21,600.0,0,0.0,2,1.9,4,531.24,1.5,,,
BF_BF13_h8s16n8.txt,HLCT,16,8,103,21,600.0,2,1.9,3,2.9,4,567.04,1.8,,,
BF_BF13_h8s16n9.txt,HLCT,16,8,103,21,600.0,0,0.0,4,3.9,4,569.47,1.6,,,
BF_BF14_h8s16n1.txt,HLCT,16,8,103,21,600.0,2,1.9,7,6.8,5,516.00,2.0,,,
BF_BF14_h8s16n10.txt,HLCT,16,8,103,21,600.0,1,1.0,3,2.9,4,598.34,1.8,,,
BF_BF14_h8s16n11.txt,HLCT,16,8,103,21,600.0,0,0.0,2,1.9,4,512.86,1.5,,,
BF_BF14_h8s16n12.txt,HLCT,16,8,103,21,600.0,1,1.0,4,3.9,4,532.64,1.8,,,
BF_BF14_h8s16n13.txt,HLCT,16,8,103,21,600.0,0,0.0,2,1.9,5,562.92,1.9,,,
BF_BF14_h8s16n14.txt,HLCT,16,8,103,21,600.0,1,1.0,2,1.9,4,565.45,1.6,,,
BF_BF14_h8s16n15.txt,HLCT,16,8,103,21,600.0,2,1.9,4,3.9,3,460.76,1.6,,,
BF_BF14_h8s16n16.txt,HLCT,16,8,103,21,600.0,0,0.0,1,1.0,4,531.38,2.0,,,
BF_BF14_h8s16n17.txt,HLCT,16,8,103,21,600.0,1,1.0,4,3.9,5,581.59,1.8,,,
BF_BF14_h8s16n18.txt,HLCT,16,8,103,21,600.0,0,0.0,2,1.9,4,544.30,1.9,,,
BF_BF14_h8s16n19.txt,HLCT,16,8,103,21,600.0,0,0.0,2,1.9,4,532.69,1.9,,,
BF_BF14_h8s16n2.txt,HLCT,16,8,103,21,600.0,1,1.0,2,1.9,4,515.48,1.7,,,
BF_BF14_h8s16n20.txt,HLCT,16,8,103,21,600.0,0,0.0,2,1.9,4,508.46,1.8,,,
BF_BF14_h8s16n3.txt,HLCT,16,8,103,21,600.0,0,0.0,3,2.9,4,557.54,2.0,,,
BF_BF14_h8s16n4.txt,HLCT,16,8,103,21,600.0,2,1.9,3,2.9,3,524.68,1.7,,,
BF_BF14_h8s16n5.txt,HLCT,16,8,103,21,600.0,2,1.9,3,2.9,3,513.77,1.8,,,
BF_BF14_h8s16n6.txt,HLCT,16,8,103,21,600.0,0,0.0,2,1.9,4,536.48,1.8,,,
BF_BF14_h8s16n7.txt,HLCT,16,8,103,21,600.0,1,1.0,2,1.9,4,525.37,1.6,,,
BF_BF14_h8s16n8.txt,HLCT,16,8,103,21,600.0,0,0.0,2,1.9,4,534.55,1.8,,,
BF_BF14_h8s16n9.txt,HLCT,16,8,103,21,600.0,1,1.0,2,1.9,4,512.07,1.8,,,
BF_BF15_h8s16n1.txt,HLCT,16,8,103,42,600.0,0,0.0,2,1.9,4,584.91,3.2,,,
BF_BF15_h8s16n10.txt,HLCT,16,8,103,42,600.0,0,0.0,1,1.0,4,490.05,3.3,,,
BF_BF15_h8s16n11.txt,HLCT,16,8,103,42,600.0,0,0.0,1,1.0,4,508.81,3.2,,,
BF_BF15_h8s16n12.txt,HLCT,16,8,103,42,600.0,1,1.0,2,1.9,5,588.90,3.2,,,
BF_BF15_h8s16n13.txt,HLCT,16,8,103,42,600.0,1,1.0,2,1.9,3,508.10,2.9,,,
BF_BF15_h8s16n14.txt,HLCT,16,8,103,42,600.0,1,1.0,3,2.9,4,507.06,3.1,,,
BF_BF15_h8s16n15.txt,HLCT,16,8,103,42,600.0,0,0.0,1,1.0,4,496.57,3.0,,,
BF_BF15_h8s16n16.txt,HLCT,16,8,103,42,600.0,0,0.0,2,1.9,4,576.10,3.0,,,
BF_BF15_h8s16n17.txt,HLCT,16,8,103,42,600.0,0,0.0,1,1.0,4,505.08,3.3,,,
BF_BF15_h8s16n18.txt,HLCT,16,8,103,42,600.0,0,0.0,1,1.0,4,478.12,3.2,,,
BF_BF15_h8s16n19.txt,HLCT,16,8,103,42,600.0,2,1.9,4,3.9,4,527.17,3.1,,,
BF_BF15_h8s16n2.txt,HLCT,16,8,103,42,600.0,1,1.0,3,2.9,4,505.94,3.6,,,
BF_BF15_h8s16n20.txt,HLCT,16,8,103,42,600.0,1,1.0,4,3.9,6,590.86,3.3,,,
BF_BF15_h8s16n3.txt,HLCT,16,8,103,42,600.0,0,0.0,2,1.9,4,472.03,3.2,,,
BF_BF15_h8s16n4.txt,HLCT,16,8,103,42,600.0,0,0.0,1,1.0,3,482.71,3.0,,,
BF_BF15_h8s16n5.txt,HLCT,16,8,103,42,600.0,0,0.0,2,1.9,4,509.04,3.5,,,
BF_BF15_h8s16n6.txt,HLCT,16,8,103,42,600.0,0,0.0,0,0.0,4,468.89,3.3,,,
BF_BF15_h8s16n7.txt,HLCT,16,8,103,42,600.0,0,0.0,4,3.9,4,481.48,3.2,,,
BF_BF15_h8s16n8.txt,HLCT,16,8,103,42,600.0,0,0.0,1,1.0,4,488.28,3.7,,,
BF_BF15_h8s16n9.txt,HLCT,16,8,103,42,600.0,1,1.0,4,3.9,4,531.27,2.9,,,
BF_BF16_h8s16n1.txt,HLCT,16,8,103,42,600.0,0,0.0,3,2.9,5,582.83,3.3,,,
BF_BF16_h8s16n10.txt,HLCT,16,8,103,42,600.0,0,0.0,0,0.0,4,518.35,3.2,,,
BF_BF16_h8s16n11.txt,HLCT,16,8,103,42,600.0,0,0.0,1,1.0,3,509.31,3.7,,,
BF_BF16_h8s16n12.txt,HLCT,16,8,103,42,600.0,0,0.0,2,1.9,4,475.95,4.0,,,
BF_BF16_h8s16n13.txt,HLCT,16,8,103,42,600.0,1,1.0,3,2.9,4,508.18,3.3,,,
BF_BF16_h8s16n14.txt,HLCT,16,8,103,42,600.0,0,0.0,2,1.9,4,490.40,3.6,,,
BF_BF16_h8s16n15.txt,HLCT,16,8,103,42,600.0,0,0.0,1,1.0,4,559.72,3.3,,,
BF_BF16_h8s16n16.txt,HLCT,16,8,103,42,600.0,1,1.0,2,1.9,4,476.23,5.3,,,
BF_BF16_h8s16n17.txt,HLCT,16,8,103,42,600.0,0,0.0,1,1.0,5,507.33,5.9,,,
BF_BF16_h8s16n18.txt,HLCT,16,8,103,42,600.0,0,0.0,2,1.9,5,512.70,6.3,,,
BF_BF16_h8s16n19.txt,HLCT,16,8,103,42,600.0,0,0.0,1,1.0,4,587.28,5.2,,,
BF_BF16_h8s16n2.txt,HLCT,16,8,103,42,600.0,0,0.0,2,1.9,5,555.16,6.0,,,
BF_BF16_h8s16n20.txt,HLCT,16,8,103,42,600.0,0,0.0,1,1.0,4,534.78,5.6,,,
BF_BF16_h8s16n3.txt,HLCT,16,8,103,42,600.0,0,0.0,0,0.0,4,495.44,5.5,,,
BF_BF16_h8s16n4.txt,HLCT,16,8,103,42,600.0,1,1.0,1,1.0,3,497.09,4.0,,,
BF_BF16_h8s16n5.txt,HLCT,16,8,103,42,600.0,0,0.0,2,1.9,4,592.77,4.1,,,
BF_BF16_h8s16n6.txt,HLCT,16,8,103,42,600.0,1,1.0,2,1.9,4,592.72,3.5,,,
BF_BF16_h8s16n7.txt,HLCT,16,8,103,42,600.0,0,0.0,0,0.0,4,481.83,3.3,,,
BF_BF16_h8s16n8.txt,HLCT,16,8,103,42,600.0,0,0.0,1,1.0,3,533.00,3.6,,,
BF_BF16_h8s16n9.txt,HLCT,16,8,103,42,600.0,0,0.0,2,1.9,4,520.41,3.6,,,
BF_BF17_h5s20n1.txt,HLCT,20,5,60,12,600.0,1,1.7,3,5.0,4,519.56,0.6,,,
BF_BF17_h5s20n10.txt,HLCT,20,5,60,12,600.0,1,1.7,13,21.7,5,582.88,0.6,,,
BF_BF17_h5s20n11.txt,HLCT,20,5,60,12,600.0,0,0.0,3,5.0,4,518.94,0.6,,,
BF_BF17_h5s20n12.txt,HLCT,20,5,60,12,600.0,2,3.3,5,8.3,5,576.19,0.6,,,
BF_BF17_h5s20n13.txt,HLCT,20,5,60,12,600.0,2,3.3,7,11.7,4,509.42,0.5,,,
BF_BF17_h5s20n14.txt,HLCT,20,5,60,12,600.0,2,3.3,5,8.3,5,568.28,0.6,,,
BF_BF17_h5s20n15.txt,HLCT,20,5,60,12,600.0,0,0.0,4,6.7,5,594.24,0.6,,,
BF_BF17_h5s20n16.txt,HLCT,20,5,60,12,600.0,1,1.7,3,5.0,4,560.87,0.6,,,
BF_BF17_h5s20n17.txt,HLCT,20,5,60,12,600.0,2,3.3,6,10.0,4,521.82,0.6,,,
BF_BF17_h5s20n18.txt,HLCT,20,5,60,12,600.0,0,0.0,3,5.0,5,587.84,0.6,,,
BF_BF17_h5s20n19.txt,HLCT,20,5,60,12,600.0,2,3.3,5,8.3,5,578.62,0.6,,,
BF_BF17_h5s20n2.txt,HLCT,20,5,60,12,600.0,3,5.0,4,6.7,3,509.95,0.5,,,
BF_BF17_h5s20n20.txt,HLCT,20,5,60,12,600.0,1,1.7,3,5.0,4,524.50,0.5,,,
BF_BF17_h5s20n3.txt,HLCT,20,5,60,12,600.0,4,6.7,6,10.0,4,504.48,0.6,,,
BF_BF17_h5s20n4.txt,HLCT,20,5,60,12,600.0,3,5.0,4,6.7,4,494.93,0.6,,,
BF_BF17_h5s20n5.txt,HLCT,20,5,60,12,600.0,2,3.3,5,8.3,4,537.66,0.6,,,
BF_BF17_h5s20n6.txt,HLCT,20,5,60,12,600.0,1,1.7,3,5.0,4,542.75,0.6,,,
BF_BF17_h5s20n7.txt,HLCT,20,5,60,12,600.0,2,3.3,4,6.7,5,543.97,0.6,,,
BF_BF17_h5s20n8.txt,HLCT,20,5,60,12,600.0,2,3.3,3,5.0,4,552.97,0.6,,,
BF_BF17_h5s20n9.txt,HLCT,20,5,60,12,600.0,1,1.7,3,5.0,4,485.96,0.6,,,
BF_BF18_h5s20n1.txt,HLCT,20,5,60,12,600.0,1,1.7,3,5.0,5,576.31,0.7,,,
BF_BF18_h5s20n10.txt,HLCT,20,5,60,12,600.0,0,0.0,3,5.0,5,586.39,0.6,,,
BF_BF18_h5s20n11.txt,HLCT,20,5,60,12,600.0,0,0.0,2,3.3,4,517.42,0.7,,,
BF_BF18_h5s20n12.txt,HLCT,20,5,60,12,600.0,1,1.7,5,8.3,5,582.32,0.7,,,
BF_BF18_h5s20n13.txt,HLCT,20,5,60,12,600.0,3,5.0,5,8.3,4,553.32,0.6,,,
BF_BF18_h5s20n14.txt,HLCT,20,5,60,12,600.0,1,1.7,4,6.7,4,507.28,0.6,,,
BF_BF18_h5s20n15.txt,HLCT,20,5,60,12,600.0,0,0.0,3,5.0,4,496.98,0.8,,,
BF_BF18_h5s20n16.txt,HLCT,20,5,60,12,600.0,1,1.7,4,6.7,5,552.77,0.6,,,
BF_BF18_h5s20n17.txt,HLCT,20,5,60,12,600.0,1,1.7,2,3.3,4,496.08,0.6,,,
BF_BF18_h5s20n18.txt,HLCT,20,5,60,12,600.0,1,1.7,4,6.7,5,585.96,0.7,,,
BF_BF18_h5s20n19.txt,HLCT,20,5,60,12,600.0,3,5.0,6,10.0,5,581.86,0.6,,,
BF_BF18_h5s20n2.txt,HLCT,20,5,60,12,600.0,3,5.0,9,15.0,5,558.36,0.7,,,
BF_BF18_h5s20n20.txt,HLCT,20,5,60,12,600.0,2,3.3,4,6.7,4,538.45,0.6,,,
BF_BF18_h5s20n3.txt,HLCT,20,5,60,12,600.0,0,0.0,2,3.3,4,515.66,0.7,,,
BF_BF18_h5s20n4.txt,HLCT,20,5,60,12,600.0,2,3.3,3,5.0,4,499.69,0.6,,,
BF_BF18_h5s20n5.txt,HLCT,20,5,60,12,600.0,3,5.0,5,8.3,5,586.84,0.7,,,
BF_BF18_h5s20n6.txt,HLCT,20,5,60,12,600.0,0,0.0,3,5.0,4,486.78,0.6,,,
BF_BF18_h5s20n7.txt,HLCT,20,5,60,12,600.0,1,1.7,3,5.0,4,528.44,0.7,,,
BF_BF18_h5s20n8.txt,HLCT,20,5,60,12,600.0,2,3.3,5,8.3,4,491.77,0.7,,,
BF_BF18_h5s20n9.txt,HLCT,20,5,60,12,600.0,2,3.3,4,6.7,4,462.04,0.6,,,
BF_BF19_h5s20n1.txt,HLCT,20,5,60,24,600.0,1,1.7,3,5.0,4,543.27,1.0,,,
BF_BF19_h5s20n10.txt,HLCT,20,5,60,24,600.0,1,1.7,4,6.7,4,500.03,1.0,,,
BF_BF19_h5s20n11.txt,HLCT,20,5,60,24,600.0,1,1.7,4,6.7,4,531.67,1.4,,,
BF_BF19_h5s20n12.txt,HLCT,20,5,60,24,600.0,0,0.0,3,5.0,5,594.00,1.1,,,
BF_BF19_h5s20n13.txt,HLCT,20,5,60,24,600.0,0,0.0,1,1.7,4,555.40,1.0,,,
BF_BF19_h5s20n14.txt,HLCT,20,5,60,24,600.0,0,0.0,2,3.3,4,478.30,1.1,,,
BF_BF19_h5s20n15.txt,HLCT,20,5,60,24,600.0,0,0.0,2,3.3,3,523.12,1.1,,,
BF_BF19_h5s20n16.txt,HLCT,20,5,60,24,600.0,3,5.0,4,6.7,4,514.65,1.1,,,
BF_BF19_h5s20n17.txt,HLCT,20,5,60,24,600.0,0,0.0,1,1.7,4,478.35,1.0,,,
BF_BF19_h5s20n18.txt,HLCT,20,5,60,24,600.0,1,1.7,3,5.0,4,497.62,1.0,,,
BF_BF19_h5s20n19.txt,HLCT,20,5,60,24,600.0,1,1.7,3,5.0,4,510.96,1.2,,,
BF_BF19_h5s20n2.txt,HLCT,20,5,60,24,600.0,0,0.0,3,5.0,4,478.43,1.1,,,
BF_BF19_h5s20n20.txt,HLCT,20,5,60,24,600.0,2,3.3,3,5.0,4,478.76,1.1,,,
BF_BF19_h5s20n3.txt,HLCT,20,5,60,24,600.0,1,1.7,5,8.3,4,501.14,1.2,,,
BF_BF19_h5s20n4.txt,HLCT,20,5,60,24,600.0,1,1.7,8,13.3,5,560.95,1.1,,,
BF_BF19_h5s20n5.txt,HLCT,20,5,60,24,600.0,0,0.0,3,5.0,4,514.86,1.1,,,
BF_BF19_h5s20n6.txt,HLCT,20,5,60,24,600.0,2,3.3,4,6.7,4,510.97,1.7,,,
BF_BF19_h5s20n7.txt,HLCT,20,5,60,24,600.0,1,1.7,2,3.3,4,565.52,2.0,,,
BF_BF19_h5s20n8.txt,HLCT,20,5,60,24,600.0,1,1.7,8,13.3,4,486.05,1.8,,,
BF_BF19_h5s20n9.txt,HLCT,20,5,60,24,600.0,3,5.0,6,10.0,4,541.04,2.1,,,
BF_BF1_h5s16n1.txt,HLCT,16,5,48,10,600.0,2,4.2,4,8.3,4,516.14,0.6,,,
BF_BF1_h5s16n10.txt,HLCT,16,5,48,10,600.0,3,6.2,8,16.7,5,589.45,0.7,,,
BF_BF1_h5s16n11.txt,HLCT,16,5,48,10,600.0,2,4.2,3,6.2,4,524.97,0.7,,,
BF_BF1_h5s16n12.txt,HLCT,16,5,48,10,600.0,2,4.2,4,8.3,4,512.05,0.7,,,
BF_BF1_h5s16n13.txt,HLCT,16,5,48,10,600.0,2,4.2,3,6.2,4,496.51,0.6,,,
BF_BF1_h5s16n14.txt,HLCT,16,5,48,10,600.0,0,0.0,2,4.2,4,521.43,0.6,,,
BF_BF1_h5s16n15.txt,HLCT,16,5,48,10,600.0,1,2.1,2,4.2,4,517.77,0.7,,,
BF_BF1_h5s16n16.txt,HLCT,16,5,48,10,600.0,2,4.2,4,8.3,5,546.75,0.4,,,
BF_BF1_h5s16n17.txt,HLCT,16,5,48,10,600.0,2,4.2,5,10.4,5,587.17,0.4,,,
BF_BF1_h5s16n18.txt,HLCT,16,5,48,10,600.0,3,6.2,5,10.4,5,562.38,0.4,,,
BF_BF1_h5s16n19.txt,HLCT,16,5,48,10,600.0,0,0.0,2,4.2,5,542.72,0.4,,,
BF_BF1_h5s16n2.txt,HLCT,16,5,48,10,600.0,1,2.1,3,6.2,4,512.32,0.4,,,
BF_BF1_h5s16n20.txt,HLCT,16,5,48,10,600.0,1,2.1,4,8.3,4,534.19,0.4,,,
BF_BF1_h5s16n3.txt,HLCT,16,5,48,10,600.0,2,4.2,4,8.3,4,548.62,0.4,,,
BF_BF1_h5s16n4.txt,HLCT,16,5,48,10,600.0,3,6.2,7,14.6,5,600.36,0.4,,,
BF_BF1_h5s16n5.txt,HLCT,16,5,48,10,600.0,1,2.1,3,6.2,4,520.60,0.4,,,
BF_BF1_h5s16n6.txt,HLCT,16,5,48,10,600.0,0,0.0,3,6.2,5,576.65,0.4,,,
BF_BF1_h5s16n7.txt,HLCT,16,5,48,10,600.0,1,2.1,3,6.2,4,547.93,0.4,,,
BF_BF1_h5s16n8.txt,HLCT,16,5,48,10,600.0,1,2.1,4,8.3,4,495.14,0.5,,,
BF_BF1_h5s16n9.txt,HLCT,16,5,48,10,600.0,1,2.1,3,6.2,5,579.89,0.4,,,
BF_BF20_h5s20n1.txt,HLCT,20,5,60,24,600.0,0,0.0,1,1.7,4,536.82,1.2,,,
BF_BF20_h5s20n10.txt,HLCT,20,5,60,24,600.0,1,1.7,5,8.3,5,579.57,1.2,,,
BF_BF20_h5s20n11.txt,HLCT,20,5,60,24,600.0,0,0.0,2,3.3,4,596.40,1.2,,,
BF_BF20_h5s20n12.txt,HLCT,20,5,60,24,600.0,0,0.0,4,6.7,5,570.93,1.4,,,
BF_BF20_h5s20n13.txt,HLCT,20,5,60,24,600.0,0,0.0,2,3.3,4,504.04,1.1,,,
BF_BF20_h5s20n14.txt,HLCT,20,5,60,24,600.0,0,0.0,2,3.3,4,485.72,1.2,,,
BF_BF20_h5s20n15.txt,HLCT,20,5,60,24,600.0,1,1.7,2,3.3,4,478.32,1.2,,,
BF_BF20_h5s20n16.txt,HLCT,20,5,60,24,600.0,2,3.3,3,5.0,4,487.43,1.2,,,
BF_BF20_h5s20n17.txt,HLCT,20,5,60,24,600.0,2,3.3,7,11.7,5,585.06,1.2,,,
BF_BF20_h5s20n18.txt,HLCT,20,5,60,24,600.0,0,0.0,2,3.3,4,477.12,1.2,,,
BF_BF20_h5s20n19.txt,HLCT,20,5,60,24,600.0,1,1.7,2,3.3,4,548.38,1.0,,,
BF_BF20_h5s20n2.txt,HLCT,20,5,60,24,600.0,0,0.0,4,6.7,5,587.36,1.3,,,
BF_BF20_h5s20n20.txt,HLCT,20,5,60,24,600.0,1,1.7,5,8.3,5,562.29,1.1,,,
BF_BF20_h5s20n3.txt,HLCT,20,5,60,24,600.0,1,1.7,2,3.3,4,526.77,1.2,,,
BF_BF20_h5s20n4.txt,HLCT,20,5,60,24,600.0,0,0.0,3,5.0,5,597.66,1.2,,,
BF_BF20_h5s20n5.txt,HLCT,20,5,60,24,600.0,1,1.7,7,11.7,4,502.72,1.2,,,
BF_BF20_h5s20n6.txt,HLCT,20,5,60,24,600.0,0,0.0,5,8.3,5,592.33,1.3,,,
BF_BF20_h5s20n7.txt,HLCT,20,5,60,24,600.0,0,0.0,1,1.7,4,489.54,1.2,,,
BF_BF20_h5s20n8.txt,HLCT,20,5,60,24,600.0,0,0.0,3,5.0,4,494.21,1.3,,,
BF_BF20_h5s20n9.txt,HLCT,20,5,60,24,600.0,0,0.0,1,1.7,4,486.52,1.1,,,
BF_BF21_h5s20n1.txt,HLCT,20,5,80,16,600.0,2,2.5,4,5.0,4,510.12,0.9,,,
BF_BF21_h5s20n10.txt,HLCT,20,5,80,16,600.0,3,3.8,9,11.2,5,545.92,1.0,,,
BF_BF21_h5s20n11.txt,HLCT,20,5,80,16,600.0,2,2.5,4,5.0,4,509.45,1.0,,,
BF_BF21_h5s20n12.txt,HLCT,20,5,80,16,600.0,1,1.2,2,2.5,5,529.84,0.9,,,
BF_BF21_h5s20n13.txt,HLCT,20,5,80,16,600.0,1,1.2,4,5.0,4,560.28,0.9,,,
BF_BF21_h5s20n14.txt,HLCT,20,5,80,16,600.0,1,1.2,7,8.8,5,596.94,1.1,,,
BF_BF21_h5s20n15.txt,HLCT,20,5,80,16,600.0,4,5.0,7,8.8,5,521.14,1.1,,,
BF_BF21_h5s20n16.txt,HLCT,20,5,80,16,600.0,2,2.5,5,6.2,5,510.57,0.9,,,
BF_BF21_h5s20n17.txt,HLCT,20,5,80,16,600.0,1,1.2,3,3.8,4,517.43,1.1,,,
BF_BF21_h5s20n18.txt,HLCT,20,5,80,16,600.0,1,1.2,4,5.0,5,568.25,0.9,,,
BF_BF21_h5s20n19.txt,HLCT,20,5,80,16,600.0,3,3.8,5,6.2,5,566.01,1.1,,,
BF_BF21_h5s20n2.txt,HLCT,20,5,80,16,600.0,3,3.8,4,5.0,4,513.69,1.2,,,
BF_BF21_h5s20n20.txt,HLCT,20,5,80,16,600.0,1,1.2,4,5.0,4,489.88,0.8,,,
BF_BF21_h5s20n3.txt,HLCT,20,5,80,16,600.0,1,1.2,3,3.8,4,514.83,1.0,,,
BF_BF21_h5s20n4.txt,HLCT,20,5,80,16,600.0,1,1.2,3,3.8,5,533.86,1.0,,,
BF_BF21_h5s20n5.txt,HLCT,20,5,80,16,600.0,0,0.0,2,2.5,5,514.02,1.1,,,
BF_BF21_h5s20n6.txt,HLCT,20,5,80,16,600.0,2,2.5,5,6.2,4,518.44,0.9,,,
BF_BF21_h5s20n7.txt,HLCT,20,5,80,16,600.0,0,0.0,2,2.5,4,524.24,1.0,,,
BF_BF21_h5s20n8.txt,HLCT,20,5,80,16,600.0,0,0.0,3,3.8,4,520.02,1.0,,,
BF_BF21_h5s20n9.txt,HLCT,20,5,80,16,600.0,1,1.2,4,5.0,5,504.39,1.1,,,
BF_BF22_h5s20n1.txt,HLCT,20,5,80,16,600.0,0,0.0,4,5.0,5,588.81,1.0,,,
BF_BF22_h5s20n10.txt,HLCT,20,5,80,16,600.0,0,0.0,3,3.8,4,513.40,1.1,,,
BF_BF22_h5s20n11.txt,HLCT,20,5,80,16,600.0,3,3.8,7,8.8,4,511.11,1.0,,,
BF_BF22_h5s20n12.txt,HLCT,20,5,80,16,600.0,3,3.8,5,6.2,4,484.66,0.9,,,
BF_BF22_h5s20n13.txt,HLCT,20,5,80,16,600.0,0,0.0,3,3.8,4,523.70,1.1,,,
BF_BF22_h5s20n14.txt,HLCT,20,5,80,16,600.0,0,0.0,2,2.5,5,544.49,1.1,,,
BF_BF22_h5s20n15.txt,HLCT,20,5,80,16,600.0,2,2.5,3,3.8,4,477.64,1.0,,,
BF_BF22_h5s20n16.txt,HLCT,20,5,80,16,600.0,1,1.2,3,3.8,4,503.63,1.0,,,
BF_BF22_h5s20n17.txt,HLCT,20,5,80,16,600.0,2,2.5,4,5.0,4,495.55,1.0,,,
BF_BF22_h5s20n18.txt,HLCT,20,5,80,16,600.0,0,0.0,3,3.8,5,580.59,1.1,,,
BF_BF22_h5s20n19.txt,HLCT,20,5,80,16,600.0,0,0.0,3,3.8,4,483.81,1.1,,,
BF_BF22_h5s20n2.txt,HLCT,20,5,80,16,600.0,1,1.2,3,3.8,4,568.63,1.7,,,
BF_BF22_h5s20n20.txt,HLCT,20,5,80,16,600.0,0,0.0,2,2.5,4,509.52,1.7,,,
BF_BF22_h5s20n3.txt,HLCT,20,5,80,16,600.0,0,0.0,3,3.8,5,562.53,2.0,,,
BF_BF22_h5s20n4.txt,HLCT,20,5,80,16,600.0,4,5.0,9,11.2,5,560.78,1.6,,,
BF_BF22_h5s20n5.txt,HLCT,20,5,80,16,600.0,1,1.2,3,3.8,4,513.01,1.7,,,
BF_BF22_h5s20n6.txt,HLCT,20,5,80,16,600.0,0,0.0,4,5.0,5,545.93,1.7,,,
BF_BF22_h5s20n7.txt,HLCT,20,5,80,16,600.0,0,0.0,2,2.5,4,490.21,1.1,,,
BF_BF22_h5s20n8.txt,HLCT,20,5,80,16,600.0,1,1.2,5,6.2,5,609.36,1.0,,,
BF_BF22_h5s20n9.txt,HLCT,20,5,80,16,600.0,0,0.0,3,3.8,5,582.68,1.1,,,
BF_BF23_h5s20n1.txt,HLCT,20,5,80,32,600.0,0,0.0,4,5.0,4,522.96,1.9,,,
BF_BF23_h5s20n10.txt,HLCT,20,5,80,32,600.0,1,1.2,3,3.8,4,542.00,1.9,,,
BF_BF23_h5s20n11.txt,HLCT,20,5,80,32,600.0,0,0.0,2,2.5,4,512.45,1.9,,,
BF_BF23_h5s20n12.txt,HLCT,20,5,80,32,600.0,0,0.0,3,3.8,5,539.27,2.0,,,
BF_BF23_h5s20n13.txt,HLCT,20,5,80,32,600.0,1,1.2,6,7.5,5,565.74,2.0,,,
BF_BF23_h5s20n14.txt,HLCT,20,5,80,32,600.0,3,3.8,8,10.0,5,524.52,2.2,,,
BF_BF23_h5s20n15.txt,HLCT,20,5,80,32,600.0,0,0.0,5,6.2,5,560.09,1.9,,,
BF_BF23_h5s20n16.txt,HLCT,20,5,80,32,600.0,1,1.2,5,6.2,4,577.05,2.1,,,
BF_BF23_h5s20n17.txt,HLCT,20,5,80,32,600.0,1,1.2,3,3.8,4,518.04,1.8,,,
BF_BF23_h5s20n18.txt,HLCT,20,5,80,32,600.0,1,1.2,3,3.8,4,572.13,1.7,,,
BF_BF23_h5s20n19.txt,HLCT,20,5,80,32,600.0,2,2.5,4,5.0,5,524.20,2.1,,,
BF_BF23_h5s20n2.txt,HLCT,20,5,80,32,600.0,1,1.2,2,2.5,4,542.04,1.7,,,
BF_BF23_h5s20n20.txt,HLCT,20,5,80,32,600.0,0,0.0,2,2.5,4,521.44,2.0,,,
BF_BF23_h5s20n3.txt,HLCT,20,5,80,32,600.0,0,0.0,3,3.8,5,509.45,2.1,,,
BF_BF23_h5s20n4.txt,HLCT,20,5,80,32,600.0,2,2.5,6,7.5,4,515.14,1.9,,,
BF_BF23_h5s20n5.txt,HLCT,20,5,80,32,600.0,1,1.2,4,5.0,5,497.77,2.0,,,
BF_BF23_h5s20n6.txt,HLCT,20,5,80,32,600.0,1,1.2,3,3.8,4,494.28,1.8,,,
BF_BF23_h5s20n7.txt,HLCT,20,5,80,32,600.0,0,0.0,3,3.8,5,556.71,1.9,,,
BF_BF23_h5s20n8.txt,HLCT,20,5,80,32,600.0,1,1.2,3,3.8,4,480.71,2.0,,,
BF_BF23_h5s20n9.txt,HLCT,20,5,80,32,600.0,1,1.2,2,2.5,4,510.29,1.9,,,
BF_BF24_h5s20n1.txt,HLCT,20,5,80,32,600.0,1,1.2,2,2.5,4,506.01,1.9,,,
BF_BF24_h5s20n10.txt,HLCT,20,5,80,32,600.0,0,0.0,1,1.2,4,484.88,2.0,,,
BF_BF24_h5s20n11.txt,HLCT,20,5,80,32,600.0,0,0.0,1,1.2,4,523.80,2.0,,,
BF_BF24_h5s20n12.txt,HLCT,20,5,80,32,600.0,0,0.0,2,2.5,4,557.11,1.8,,,
BF_BF24_h5s20n13.txt,HLCT,20,5,80,32,600.0,0,0.0,1,1.2,3,485.73,2.2,,,
BF_BF24_h5s20n14.txt,HLCT,20,5,80,32,600.0,0,0.0,3,3.8,4,500.96,2.0,,,
BF_BF24_h5s20n15.txt,HLCT,20,5,80,32,600.0,0,0.0,3,3.8,4,558.23,2.0,,,
BF_BF24_h5s20n16.txt,HLCT,20,5,80,32,600.0,1,1.2,3,3.8,4,504.73,2.1,,,
BF_BF24_h5s20n17.txt,HLCT,20,5,80,32,600.0,1,1.2,7,8.8,4,558.25,2.0,,,
BF_BF24_h5s20n18.txt,HLCT,20,5,80,32,600.0,0,0.0,1,1.2,4,507.36,1.8,,,
BF_BF24_h5s20n19.txt,HLCT,20,5,80,32,600.0,0,0.0,2,2.5,4,488.34,1.7,,,
BF_BF24_h5s20n2.txt,HLCT,20,5,80,32,600.0,0,0.0,2,2.5,4,520.80,1.9,,,
BF_BF24_h5s20n20.txt,HLCT,20,5,80,32,600.0,0,0.0,6,7.5,5,577.04,2.0,,,
BF_BF24_h5s20n3.txt,HLCT,20,5,80,32,600.0,2,2.5,3,3.8,4,535.44,1.9,,,
BF_BF24_h5s20n4.txt,HLCT,20,5,80,32,600.0,1,1.2,4,5.0,4,571.37,1.6,,,
BF_BF24_h5s20n5.txt,HLCT,20,5,80,32,600.0,0,0.0,2,2.5,4,592.06,1.7,,,
BF_BF24_h5s20n6.txt,HLCT,20,5,80,32,600.0,0,0.0,1,1.2,4,467.70,1.9,,,
BF_BF24_h5s20n7.txt,HLCT,20,5,80,32,600.0,0,0.0,1,1.2,4,505.77,1.8,,,
BF_BF24_h5s20n8.txt,HLCT,20,5,80,32,600.0,0,0.0,1,1.2,4,565.71,1.7,,,
BF_BF24_h5s20n9.txt,HLCT,20,5,80,32,600.0,1,1.2,6,7.5,5,586.58,2.0,,,
BF_BF25_h8s20n1.txt,HLCT,20,8,96,20,600.0,1,1.0,2,2.1,3,489.45,1.2,,,
BF_BF25_h8s20n10.txt,HLCT,20,8,96,20,600.0,1,1.0,2,2.1,3,530.00,1.3,,,
BF_BF25_h8s20n11.txt,HLCT,20,8,96,20,600.0,3,3.1,4,4.2,3,515.48,1.3,,,
BF_BF25_h8s20n12.txt,HLCT,20,8,96,20,600.0,1,1.0,3,3.1,3,535.58,1.4,,,
BF_BF25_h8s20n13.txt,HLCT,20,8,96,20,600.0,1,1.0,3,3.1,3,513.50,1.5,,,
BF_BF25_h8s20n14.txt,HLCT,20,8,96,20,600.0,2,2.1,3,3.1,3,510.77,1.3,,,
BF_BF25_h8s20n15.txt,HLCT,20,8,96,20,600.0,1,1.0,3,3.1,3,526.39,1.4,,,
BF_BF25_h8s20n16.txt,HLCT,20,8,96,20,600.0,1,1.0,2,2.1,3,509.61,1.4,,,
BF_BF25_h8s20n17.txt,HLCT,20,8,96,20,600.0,0,0.0,2,2.1,3,485.43,1.4,,,
BF_BF25_h8s20n18.txt,HLCT,20,8,96,20,600.0,2,2.1,4,4.2,3,515.39,1.4,,,
BF_BF25_h8s20n19.txt,HLCT,20,8,96,20,600.0,2,2.1,4,4.2,4,491.39,1.4,,,
BF_BF25_h8s20n2.txt,HLCT,20,8,96,20,600.0,1,1.0,3,3.1,3,495.99,1.4,,,
BF_BF25_h8s20n20.txt,HLCT,20,8,96,20,600.0,1,1.0,2,2.1,3,561.50,1.5,,,
BF_BF25_h8s20n3.txt,HLCT,20,8,96,20,600.0,1,1.0,3,3.1,3,492.93,1.5,,,
BF_BF25_h8s20n4.txt,HLCT,20,8,96,20,600.0,1,1.0,3,3.1,3,479.71,1.4,,,
BF_BF25_h8s20n5.txt,HLCT,20,8,96,20,600.0,1,1.0,3,3.1,3,524.53,1.3,,,
BF_BF25_h8s20n6.txt,HLCT,20,8,96,20,600.0,0,0.0,2,2.1,4,494.14,1.3,,,
BF_BF25_h8s20n7.txt,HLCT,20,8,96,20,600.0,0,0.0,2,2.1,4,553.14,1.4,,,
BF_BF25_h8s20n8.txt,HLCT,20,8,96,20,600.0,3,3.1,7,7.3,3,533.26,1.2,,,
BF_BF25_h8s20n9.txt,HLCT,20,8,96,20,600.0,1,1.0,3,3.1,3,494.48,1.4,,,
BF_BF26_h8s20n1.txt,HLCT,20,8,96,20,600.0,1,1.0,2,2.1,4,543.91,1.6,,,
BF_BF26_h8s20n10.txt,HLCT,20,8,96,20,600.0,1,1.0,3,3.1,4,536.01,2.4,,,
BF_BF26_h8s20n11.txt,HLCT,20,8,96,20,600.0,2,2.1,3,3.1,3,535.42,2.6,,,
BF_BF26_h8s20n12.txt,HLCT,20,8,96,20,600.0,0,0.0,2,2.1,3,561.88,2.5,,,
BF_BF26_h8s20n13.txt,HLCT,20,8,96,20,600.0,0,0.0,2,2.1,3,534.51,2.6,,,
BF_BF26_h8s20n14.txt,HLCT,20,8,96,20,600.0,0,0.0,2,2.1,3,470.08,2.4,,,
BF_BF26_h8s20n15.txt,HLCT,20,8,96,20,600.0,0,0.0,1,1.0,3,539.58,2.5,,,
BF_BF26_h8s20n16.txt,HLCT,20,8,96,20,600.0,0,0.0,2,2.1,3,539.40,2.6,,,
BF_BF26_h8s20n17.txt,HLCT,20,8,96,20,600.0,0,0.0,3,3.1,4,579.91,1.5,,,
BF_BF26_h8s20n18.txt,HLCT,20,8,96,20,600.0,1,1.0,3,3.1,4,564.44,1.4,,,
BF_BF26_h8s20n19.txt,HLCT,20,8,96,20,600.0,2,2.1,4,4.2,4,565.02,1.5,,,
BF_BF26_h8s20n2.txt,HLCT,20,8,96,20,600.0,2,2.1,4,4.2,3,550.91,1.6,,,
BF_BF26_h8s20n20.txt,HLCT,20,8,96,20,600.0,1,1.0,3,3.1,4,589.48,1.7,,,
BF_BF26_h8s20n3.txt,HLCT,20,8,96,20,600.0,2,2.1,3,3.1,3,487.98,1.4,,,
BF_BF26_h8s20n4.txt,HLCT,20,8,96,20,600.0,0,0.0,3,3.1,4,555.73,1.7,,,
BF_BF26_h8s20n5.txt,HLCT,20,8,96,20,600.0,1,1.0,2,2.1,3,511.56,1.5,,,
BF_BF26_h8s20n6.txt,HLCT,20,8,96,20,600.0,1,1.0,2,2.1,3,519.77,1.6,,,
BF_BF26_h8s20n7.txt,HLCT,20,8,96,20,600.0,1,1.0,3,3.1,3,488.71,1.3,,,
BF_BF26_h8s20n8.txt,HLCT,20,8,96,20,600.0,0,0.0,2,2.1,3,505.60,1.4,,,
BF_BF26_h8s20n9.txt,HLCT,20,8,96,20,600.0,1,1.0,2,2.1,3,493.02,1.5,,,
BF_BF27_h8s20n1.txt,HLCT,20,8,96,39,600.0,1,1.0,4,4.2,4,524.90,2.9,,,
BF_BF27_h8s20n10.txt,HLCT,20,8,96,39,600.0,0,0.0,2,2.1,4,540.88,2.6,,,
BF_BF27_h8s20n11.txt,HLCT,20,8,96,39,600.0,1,1.0,5,5.2,3,501.66,2.3,,,
BF_BF27_h8s20n12.txt,HLCT,20,8,96,39,600.0,0,0.0,1,1.0,3,468.05,2.4,,,
BF_BF27_h8s20n13.txt,HLCT,20,8,96,39,600.0,0,0.0,1,1.0,4,538.96,2.9,,,
BF_BF27_h8s20n14.txt,HLCT,20,8,96,39,600.0,2,2.1,4,4.2,4,512.16,2.6,,,
BF_BF27_h8s20n15.txt,HLCT,20,8,96,39,600.0,1,1.0,2,2.1,3,571.63,2.5,,,
BF_BF27_h8s20n16.txt,HLCT,20,8,96,39,600.0,0,0.0,3,3.1,4,574.55,2.6,,,
BF_BF27_h8s20n17.txt,HLCT,20,8,96,39,600.0,1,1.0,4,4.2,3,449.00,2.7,,,
BF_BF27_h8s20n18.txt,HLCT,20,8,96,39,600.0,0,0.0,2,2.1,3,501.89,2.7,,,
BF_BF27_h8s20n19.txt,HLCT,20,8,96,39,600.0,2,2.1,2,2.1,3,473.60,2.7,,,
BF_BF27_h8s20n2.txt,HLCT,20,8,96,39,600.0,1,1.0,3,3.1,3,512.03,2.8,,,
BF_BF27_h8s20n20.txt,HLCT,20,8,96,39,600.0,1,1.0,5,5.2,4,564.21,2.8,,,
BF_BF27_h8s20n3.txt,HLCT,20,8,96,39,600.0,0,0.0,1,1.0,3,534.27,2.8,,,
BF_BF27_h8s20n4.txt,HLCT,20,8,96,39,600.0,1,1.0,2,2.1,3,548.45,2.8,,,
BF_BF27_h8s20n5.txt,HLCT,20,8,96,39,600.0,2,2.1,3,3.1,4,581.74,2.5,,,
BF_BF27_h8s20n6.txt,HLCT,20,8,96,39,600.0,2,2.1,4,4.2,3,510.00,2.6,,,
BF_BF27_h8s20n7.txt,HLCT,20,8,96,39,600.0,0,0.0,4,4.2,3,479.97,2.6,,,
BF_BF27_h8s20n8.txt,HLCT,20,8,96,39,600.0,1,1.0,1,1.0,3,521.79,2.5,,,
BF_BF27_h8s20n9.txt,HLCT,20,8,96,39,600.0,0,0.0,5,5.2,4,593.39,2.4,,,
BF_BF28_h8s20n1.txt,HLCT,20,8,96,39,600.0,1,1.0,4,4.2,3,520.91,2.8,,,
BF_BF28_h8s20n10.txt,HLCT,20,8,96,39,600.0,1,1.0,2,2.1,3,486.63,2.9,,,
BF_BF28_h8s20n11.txt,HLCT,20,8,96,39,600.0,1,1.0,4,4.2,3,536.82,2.7,,,
BF_BF28_h8s20n12.txt,HLCT,20,8,96,39,600.0,0,0.0,2,2.1,3,534.65,2.5,,,
BF_BF28_h8s20n13.txt,HLCT,20,8,96,39,600.0,1,1.0,1,1.0,3,480.48,2.7,,,
BF_BF28_h8s20n14.txt,HLCT,20,8,96,39,600.0,1,1.0,2,2.1,3,486.65,2.7,,,
BF_BF28_h8s20n15.txt,HLCT,20,8,96,39,600.0,0,0.0,1,1.0,3,570.32,2.7,,,
BF_BF28_h8s20n16.txt,HLCT,20,8,96,39,600.0,1,1.0,2,2.1,3,478.73,2.6,,,
BF_BF28_h8s20n17.txt,HLCT,20,8,96,39,600.0,1,1.0,2,2.1,3,463.80,2.9,,,
BF_BF28_h8s20n18.txt,HLCT,20,8,96,39,600.0,0,0.0,1,1.0,3,567.94,2.9,,,
BF_BF28_h8s20n19.txt,HLCT,20,8,96,39,600.0,0,0.0,2,2.1,4,591.44,2.9,,,
BF_BF28_h8s20n2.txt,HLCT,20,8,96,39,600.0,0,0.0,2,2.1,4,595.73,2.7,,,
BF_BF28_h8s20n20.txt,HLCT,20,8,96,39,600.0,0,0.0,1,1.0,3,585.46,2.7,,,
BF_BF28_h8s20n3.txt,HLCT,20,8,96,39,600.0,0,0.0,1,1.0,4,576.82,2.8,,,
BF_BF28_h8s20n4.txt,HLCT,20,8,96,39,600.0,0,0.0,1,1.0,3,492.28,2.7,,,
BF_BF28_h8s20n5.txt,HLCT,20,8,96,39,600.0,0,0.0,1,1.0,4,583.99,2.8,,,
BF_BF28_h8s20n6.txt,HLCT,20,8,96,39,600.0,0,0.0,2,2.1,3,512.08,3.0,,,
BF_BF28_h8s20n7.txt,HLCT,20,8,96,39,600.0,0,0.0,1,1.0,4,575.54,2.8,,,
BF_BF28_h8s20n8.txt,HLCT,20,8,96,39,600.0,0,0.0,1,1.0,3,501.76,3.1,,,
BF_BF28_h8s20n9.txt,HLCT,20,8,96,39,600.0,0,0.0,1,1.0,3,487.45,2.6,,,
BF_BF29_h8s20n1.txt,HLCT,20,8,128,26,600.0,1,0.8,3,2.3,4,515.02,2.6,,,
BF_BF29_h8s20n10.txt,HLCT,20,8,128,26,600.0,0,0.0,2,1.6,4,511.59,2.7,,,
BF_BF29_h8s20n11.txt,HLCT,20,8,128,26,600.0,1,0.8,2,1.6,4,515.71,2.7,,,
BF_BF29_h8s20n12.txt,HLCT,20,8,128,26,600.0,0,0.0,2,1.6,5,552.46,2.6,,,
BF_BF29_h8s20n13.txt,HLCT,20,8,128,26,600.0,1,0.8,4,3.1,5,559.50,2.6,,,
BF_BF29_h8s20n14.txt,HLCT,20,8,128,26,600.0,1,0.8,3,2.3,4,589.61,2.5,,,
BF_BF29_h8s20n15.txt,HLCT,20,8,128,26,600.0,2,1.6,4,3.1,4,535.64,2.5,,,
BF_BF29_h8s20n16.txt,HLCT,20,8,128,26,600.0,0,0.0,3,2.3,4,517.36,4.7,,,
BF_BF29_h8s20n17.txt,HLCT,20,8,128,26,600.0,0,0.0,2,1.6,5,563.53,4.6,,,
BF_BF29_h8s20n18.txt,HLCT,20,8,128,26,600.0,2,1.6,4,3.1,4,504.22,4.4,,,
BF_BF29_h8s20n19.txt,HLCT,20,8,128,26,600.0,2,1.6,3,2.3,4,508.72,4.4,,,
BF_BF29_h8s20n2.txt,HLCT,20,8,128,26,600.0,0,0.0,1,0.8,4,524.27,4.9,,,
BF_BF29_h8s20n20.txt,HLCT,20,8,128,26,600.0,0,0.0,2,1.6,4,542.24,4.5,,,
BF_BF29_h8s20n3.txt,HLCT,20,8,128,26,600.0,0,0.0,2,1.6,4,536.32,4.0,,,
BF_BF29_h8s20n4.txt,HLCT,20,8,128,26,600.0,2,1.6,4,3.1,4,512.55,2.3,,,
BF_BF29_h8s20n5.txt,HLCT,20,8,128,26,600.0,2,1.6,3,2.3,5,487.41,2.5,,,
BF_BF29_h8s20n6.txt,HLCT,20,8,128,26,600.0,0,0.0,3,2.3,4,560.23,2.8,,,
BF_BF29_h8s20n7.txt,HLCT,20,8,128,26,600.0,0,0.0,2,1.6,4,541.58,2.9,,,
BF_BF29_h8s20n8.txt,HLCT,20,8,128,26,600.0,1,0.8,3,2.3,5,542.30,2.6,,,
BF_BF29_h8s20n9.txt,HLCT,20,8,128,26,600.0,2,1.6,4,3.1,5,563.11,2.7,,,
BF_BF2_h5s16n1.txt,HLCT,16,5,48,10,600.0,1,2.1,4,8.3,5,573.86,0.8,,,
BF_BF2_h5s16n10.txt,HLCT,16,5,48,10,600.0,2,4.2,4,8.3,4,514.08,0.8,,,
BF_BF2_h5s16n11.txt,HLCT,16,5,48,10,600.0,2,4.2,4,8.3,4,491.41,0.6,,,
BF_BF2_h5s16n12.txt,HLCT,16,5,48,10,600.0,1,2.1,3,6.2,5,589.57,0.4,,,
BF_BF2_h5s16n13.txt,HLCT,16,5,48,10,600.0,1,2.1,3,6.2,4,477.29,0.4,,,
BF_BF2_h5s16n14.txt,HLCT,16,5,48,10,600.0,1,2.1,3,6.2,4,552.77,0.4,,,
BF_BF2_h5s16n15.txt,HLCT,16,5,48,10,600.0,1,2.1,3,6.2,4,598.19,0.4,,,
BF_BF2_h5s16n16.txt,HLCT,16,5,48,10,600.0,0,0.0,3,6.2,5,545.43,0.4,,,
BF_BF2_h5s16n17.txt,HLCT,16,5,48,10,600.0,2,4.2,5,10.4,4,542.51,0.4,,,
BF_BF2_h5s16n18.txt,HLCT,16,5,48,10,600.0,1,2.1,3,6.2,4,492.26,0.5,,,
BF_BF2_h5s16n19.txt,HLCT,16,5,48,10,600.0,0,0.0,4,8.3,4,505.97,0.4,,,
BF_BF2_h5s16n2.txt,HLCT,16,5,48,10,600.0,1,2.1,3,6.2,4,511.25,0.5,,,
BF_BF2_h5s16n20.txt,HLCT,16,5,48,10,600.0,1,2.1,5,10.4,5,564.80,0.5,,,
BF_BF2_h5s16n3.txt,HLCT,16,5,48,10,600.0,1,2.1,3,6.2,5,589.61,0.5,,,
BF_BF2_h5s16n4.txt,HLCT,16,5,48,10,600.0,2,4.2,4,8.3,4,497.83,0.4,,,
BF_BF2_h5s16n5.txt,HLCT,16,5,48,10,600.0,1,2.1,5,10.4,4,488.65,0.4,,,
BF_BF2_h5s16n6.txt,HLCT,16,5,48,10,600.0,1,2.1,2,4.2,4,508.32,0.5,,,
BF_BF2_h5s16n7.txt,HLCT,16,5,48,10,600.0,4,8.3,7,14.6,5,581.03,0.4,,,
BF_BF2_h5s16n8.txt,HLCT,16,5,48,10,600.0,0,0.0,3,6.2,5,582.86,0.4,,,
BF_BF2_h5s16n9.txt,HLCT,16,5,48,10,600.0,1,2.1,4,8.3,5,553.36,0.5,,,
BF_BF30_h8s20n1.txt,HLCT,20,8,128,26,600.0,1,0.8,3,2.3,4,502.50,3.2,,,
BF_BF30_h8s20n10.txt,HLCT,20,8,128,26,600.0,0,0.0,2,1.6,4,509.16,2.9,,,
BF_BF30_h8s20n11.txt,HLCT,20,8,128,26,600.0,2,1.6,3,2.3,4,507.31,2.8,,,
BF_BF30_h8s20n12.txt,HLCT,20,8,128,26,600.0,0,0.0,1,0.8,4,580.77,2.8,,,
BF_BF30_h8s20n13.txt,HLCT,20,8,128,26,600.0,1,0.8,3,2.3,4,555.06,2.6,,,
BF_BF30_h8s20n14.txt,HLCT,20,8,128,26,600.0,1,0.8,1,0.8,4,531.55,2.7,,,
BF_BF30_h8s20n15.txt,HLCT,20,8,128,26,600.0,1,0.8,2,1.6,4,581.03,3.0,,,
BF_BF30_h8s20n16.txt,HLCT,20,8,128,26,600.0,1,0.8,3,2.3,4,487.11,3.0,,,
BF_BF30_h8s20n17.txt,HLCT,20,8,128,26,600.0,1,0.8,2,1.6,4,528.25,2.4,,,
BF_BF30_h8s20n18.txt,HLCT,20,8,128,26,600.0,1,0.8,1,0.8,3,517.30,2.6,,,
BF_BF30_h8s20n19.txt,HLCT,20,8,128,26,600.0,0,0.0,2,1.6,4,560.97,2.7,,,
BF_BF30_h8s20n2.txt,HLCT,20,8,128,26,600.0,1,0.8,2,1.6,4,510.33,2.8,,,
BF_BF30_h8s20n20.txt,HLCT,20,8,128,26,600.0,2,1.6,3,2.3,3,513.96,3.1,,,
BF_BF30_h8s20n3.txt,HLCT,20,8,128,26,600.0,1,0.8,3,2.3,4,538.34,2.6,,,
BF_BF30_h8s20n4.txt,HLCT,20,8,128,26,600.0,1,0.8,3,2.3,4,524.74,2.8,,,
BF_BF30_h8s20n5.txt,HLCT,20,8,128,26,600.0,1,0.8,2,1.6,4,512.12,2.9,,,
BF_BF30_h8s20n6.txt,HLCT,20,8,128,26,600.0,0,0.0,2,1.6,4,509.11,3.1,,,
BF_BF30_h8s20n7.txt,HLCT,20,8,128,26,600.0,2,1.6,2,1.6,3,501.02,2.7,,,
BF_BF30_h8s20n8.txt,HLCT,20,8,128,26,600.0,1,0.8,2,1.6,4,501.19,3.1,,,
BF_BF30_h8s20n9.txt,HLCT,20,8,128,26,600.0,3,2.3,4,3.1,3,524.49,2.7,,,
BF_BF31_h8s20n1.txt,HLCT,20,8,128,52,600.0,0,0.0,1,0.8,3,499.63,5.4,,,
BF_BF31_h8s20n10.txt,HLCT,20,8,128,52,600.0,0,0.0,1,0.8,4,481.71,5.2,,,
BF_BF31_h8s20n11.txt,HLCT,20,8,128,52,600.0,0,0.0,1,0.8,4,483.13,5.6,,,
BF_BF31_h8s20n12.txt,HLCT,20,8,128,52,600.0,1,0.8,3,2.3,4,572.12,5.6,,,
BF_BF31_h8s20n13.txt,HLCT,20,8,128,52,600.0,1,0.8,2,1.6,4,512.90,5.4,,,
BF_BF31_h8s20n14.txt,HLCT,20,8,128,52,600.0,0,0.0,1,0.8,4,500.19,5.4,,,
BF_BF31_h8s20n15.txt,HLCT,20,8,128,52,600.0,0,0.0,4,3.1,5,578.43,5.7,,,
BF_BF31_h8s20n16.txt,HLCT,20,8,128,52,600.0,2,1.6,3,2.3,5,514.88,4.8,,,
BF_BF31_h8s20n17.txt,HLCT,20,8,128,52,600.0,0,0.0,1,0.8,4,497.35,5.3,,,
BF_BF31_h8s20n18.txt,HLCT,20,8,128,52,600.0,0,0.0,1,0.8,4,511.21,5.3,,,
BF_BF31_h8s20n19.txt,HLCT,20,8,128,52,600.0,0,0.0,1,0.8,4,562.41,6.2,,,
BF_BF31_h8s20n2.txt,HLCT,20,8,128,52,600.0,3,2.3,4,3.1,4,583.78,5.1,,,
BF_BF31_h8s20n20.txt,HLCT,20,8,128,52,600.0,0,0.0,1,0.8,4,503.97,5.5,,,
BF_BF31_h8s20n3.txt,HLCT,20,8,128,52,600.0,3,2.3,4,3.1,4,464.13,8.9,,,
BF_BF31_h8s20n4.txt,HLCT,20,8,128,52,600.0,2,1.6,3,2.3,3,469.25,8.9,,,
BF_BF31_h8s20n5.txt,HLCT,20,8,128,52,600.0,0,0.0,2,1.6,4,503.81,9.1,,,
BF_BF31_h8s20n6.txt,HLCT,20,8,128,52,600.0,1,0.8,1,0.8,3,455.31,8.0,,,
BF_BF31_h8s20n7.txt,HLCT,20,8,128,52,600.0,0,0.0,2,1.6,4,476.99,9.8,,,
BF_BF31_h8s20n8.txt,HLCT,20,8,128,52,600.0,0,0.0,1,0.8,4,487.81,5.3,,,
BF_BF31_h8s20n9.txt,HLCT,20,8,128,52,600.0,1,0.8,3,2.3,4,535.47,8.1,,,
BF_BF32_h8s20n1.txt,HLCT,20,8,128,52,600.0,0,0.0,1,0.8,4,549.98,5.5,,,
BF_BF32_h8s20n10.txt,HLCT,20,8,128,52,600.0,0,0.0,1,0.8,4,531.29,5.9,,,
BF_BF32_h8s20n11.txt,HLCT,20,8,128,52,600.0,0,0.0,1,0.8,4,556.42,5.3,,,
BF_BF32_h8s20n12.txt,HLCT,20,8,128,52,600.0,1,0.8,2,1.6,4,589.18,5.7,,,
BF_BF32_h8s20n13.txt,HLCT,20,8,128,52,600.0,1,0.8,1,0.8,4,467.34,5.8,,,
BF_BF32_h8s20n14.txt,HLCT,20,8,128,52,600.0,0,0.0,0,0.0,4,467.15,5.6,,,
BF_BF32_h8s20n15.txt,HLCT,20,8,128,52,600.0,0,0.0,0,0.0,3,497.75,5.5,,,
BF_BF32_h8s20n16.txt,HLCT,20,8,128,52,600.0,1,0.8,2,1.6,4,487.62,5.6,,,
BF_BF32_h8s20n17.txt,HLCT,20,8,128,52,600.0,0,0.0,1,0.8,4,506.43,5.9,,,
BF_BF32_h8s20n18.txt,HLCT,20,8,128,52,600.0,0,0.0,1,0.8,4,530.92,5.6,,,
BF_BF32_h8s20n19.txt,HLCT,20,8,128,52,600.0,1,0.8,3,2.3,5,579.31,5.7,,,
BF_BF32_h8s20n2.txt,HLCT,20,8,128,52,600.0,0,0.0,2,1.6,4,551.97,5.3,,,
BF_BF32_h8s20n20.txt,HLCT,20,8,128,52,600.0,0,0.0,1,0.8,4,577.16,5.6,,,
BF_BF32_h8s20n3.txt,HLCT,20,8,128,52,600.0,1,0.8,2,1.6,4,579.39,5.1,,,
BF_BF32_h8s20n4.txt,HLCT,20,8,128,52,600.0,1,0.8,2,1.6,4,523.07,6.4,,,
BF_BF32_h8s20n5.txt,HLCT,20,8,128,52,600.0,0,0.0,1,0.8,4,568.71,5.0,,,
BF_BF32_h8s20n6.txt,HLCT,20,8,128,52,600.0,0,0.0,3,2.3,4,512.61,6.5,,,
BF_BF32_h8s20n7.txt,HLCT,20,8,128,52,600.0,0,0.0,2,1.6,4,532.76,5.4,,,
BF_BF32_h8s20n8.txt,HLCT,20,8,128,52,600.0,0,0.0,1,0.8,4,489.79,5.7,,,
BF_BF32_h8s20n9.txt,HLCT,20,8,128,52,600.0,0,0.0,1,0.8,3,528.41,5.8,,,
BF_BF3_h5s16n1.txt,HLCT,16,5,48,20,600.0,1,2.1,2,4.2,4,485.28,0.7,,,
BF_BF3_h5s16n10.txt,HLCT,16,5,48,20,600.0,1,2.1,5,10.4,4,519.11,0.7,,,
BF_BF3_h5s16n11.txt,HLCT,16,5,48,20,600.0,0,0.0,2,4.2,4,472.53,0.7,,,
BF_BF3_h5s16n12.txt,HLCT,16,5,48,20,600.0,1,2.1,2,4.2,5,568.01,0.7,,,
BF_BF3_h5s16n13.txt,HLCT,16,5,48,20,600.0,1,2.1,4,8.3,4,585.72,0.7,,,
BF_BF3_h5s16n14.txt,HLCT,16,5,48,20,600.0,2,4.2,6,12.5,5,551.36,0.7,,,
BF_BF3_h5s16n15.txt,HLCT,16,5,48,20,600.0,0,0.0,1,2.1,4,533.18,0.7,,,
BF_BF3_h5s16n16.txt,HLCT,16,5,48,20,600.0,1,2.1,2,4.2,4,485.97,0.7,,,
BF_BF3_h5s16n17.txt,HLCT,16,5,48,20,600.0,1,2.1,3,6.2,4,484.50,0.8,,,
BF_BF3_h5s16n18.txt,HLCT,16,5,48,20,600.0,2,4.2,4,8.3,4,498.82,0.7,,,
BF_BF3_h5s16n19.txt,HLCT,16,5,48,20,600.0,1,2.1,5,10.4,4,522.57,0.8,,,
BF_BF3_h5s16n2.txt,HLCT,16,5,48,20,600.0,0,0.0,4,8.3,4,546.28,0.7,,,
BF_BF3_h5s16n20.txt,HLCT,16,5,48,20,600.0,1,2.1,2,4.2,4,497.33,0.7,,,
BF_BF3_h5s16n3.txt,HLCT,16,5,48,20,600.0,2,4.2,5,10.4,4,520.35,0.8,,,
BF_BF3_h5s16n4.txt,HLCT,16,5,48,20,600.0,1,2.1,3,6.2,4,500.15,0.6,,,
BF_BF3_h5s16n5.txt,HLCT,16,5,48,20,600.0,1,2.1,4,8.3,4,479.36,0.7,,,
BF_BF3_h5s16n6.txt,HLCT,16,5,48,20,600.0,1,2.1,4,8.3,4,540.75,0.7,,,
BF_BF3_h5s16n7.txt,HLCT,16,5,48,20,600.0,1,2.1,3,6.2,4,527.72,0.7,,,
BF_BF3_h5s16n8.txt,HLCT,16,5,48,20,600.0,0,0.0,3,6.2,4,511.31,0.7,,,
BF_BF3_h5s16n9.txt,HLCT,16,5,48,20,600.0,1,2.1,3,6.2,4,592.55,0.7,,,
BF_BF4_h5s16n1.txt,HLCT,16,5,48,20,600.0,0,0.0,3,6.2,5,572.64,0.9,,,
BF_BF4_h5s16n10.txt,HLCT,16,5,48,20,600.0,0,0.0,3,6.2,4,501.33,0.9,,,
BF_BF4_h5s16n11.txt,HLCT,16,5,48,20,600.0,0,0.0,2,4.2,4,543.96,0.8,,,
BF_BF4_h5s16n12.txt,HLCT,16,5,48,20,600.0,0,0.0,2,4.2,4,489.14,0.8,,,
BF_BF4_h5s16n13.txt,HLCT,16,5,48,20,600.0,1,2.1,4,8.3,5,517.99,0.8,,,
BF_BF4_h5s16n14.txt,HLCT,16,5,48,20,600.0,1,2.1,8,16.7,5,591.31,0.8,,,
BF_BF4_h5s16n15.txt,HLCT,16,5,48,20,600.0,0,0.0,2,4.2,5,587.89,0.8,,,
BF_BF4_h5s16n16.txt,HLCT,16,5,48,20,600.0,1,2.1,4,8.3,5,542.87,0.8,,,
BF_BF4_h5s16n17.txt,HLCT,16,5,48,20,600.0,1,2.1,4,8.3,4,496.09,0.8,,,
BF_BF4_h5s16n18.txt,HLCT,16,5,48,20,600.0,1,2.1,4,8.3,4,555.78,0.7,,,
BF_BF4_h5s16n19.txt,HLCT,16,5,48,20,600.0,1,2.1,5,10.4,4,479.76,0.8,,,
BF_BF4_h5s16n2.txt,HLCT,16,5,48,20,600.0,1,2.1,4,8.3,4,495.11,0.8,,,
BF_BF4_h5s16n20.txt,HLCT,16,5,48,20,600.0,1,2.1,5,10.4,4,558.27,0.7,,,
BF_BF4_h5s16n3.txt,HLCT,16,5,48,20,600.0,0,0.0,3,6.2,4,503.40,0.7,,,
BF_BF4_h5s16n4.txt,HLCT,16,5,48,20,600.0,0,0.0,1,2.1,4,500.79,0.8,,,
BF_BF4_h5s16n5.txt,HLCT,16,5,48,20,600.0,0,0.0,1,2.1,4,575.05,0.7,,,
BF_BF4_h5s16n6.txt,HLCT,16,5,48,20,600.0,2,4.2,4,8.3,4,564.26,0.6,,,
BF_BF4_h5s16n7.txt,HLCT,16,5,48,20,600.0,0,0.0,3,6.2,5,589.88,0.8,,,
BF_BF4_h5s16n8.txt,HLCT,16,5,48,20,600.0,0,0.0,1,2.1,4,515.97,0.9,,,
BF_BF4_h5s16n9.txt,HLCT,16,5,48,20,600.0,0,0.0,1,2.1,4,493.36,0.8,,,
BF_BF5_h5s16n1.txt,HLCT,16,5,64,13,600.0,1,1.6,3,4.7,5,590.90,0.7,,,
BF_BF5_h5s16n10.txt,HLCT,16,5,64,13,600.0,1,1.6,7,10.9,5,544.61,0.6,,,
BF_BF5_h5s16n11.txt,HLCT,16,5,64,13,600.0,1,1.6,4,6.2,5,531.22,0.7,,,
BF_BF5_h5s16n12.txt,HLCT,16,5,64,13,600.0,1,1.6,6,9.4,5,513.59,0.7,,,
BF_BF5_h5s16n13.txt,HLCT,16,5,64,13,600.0,0,0.0,3,4.7,5,562.16,0.7,,,
BF_BF5_h5s16n14.txt,HLCT,16,5,64,13,600.0,2,3.1,4,6.2,5,513.05,0.6,,,
BF_BF5_h5s16n15.txt,HLCT,16,5,64,13,600.0,3,4.7,6,9.4,5,570.99,0.6,,,
BF_BF5_h5s16n16.txt,HLCT,16,5,64,13,600.0,1,1.6,3,4.7,5,560.58,0.6,,,
BF_BF5_h5s16n17.txt,HLCT,16,5,64,13,600.0,1,1.6,4,6.2,5,517.77,0.7,,,
BF_BF5_h5s16n18.txt,HLCT,16,5,64,13,600.0,1,1.6,3,4.7,5,553.02,0.7,,,
BF_BF5_h5s16n19.txt,HLCT,16,5,64,13,600.0,2,3.1,4,6.2,4,508.89,0.6,,,
BF_BF5_h5s16n2.txt,HLCT,16,5,64,13,600.0,1,1.6,2,3.1,5,540.92,0.5,,,
BF_BF5_h5s16n20.txt,HLCT,16,5,64,13,600.0,2,3.1,4,6.2,5,537.60,0.6,,,
BF_BF5_h5s16n3.txt,HLCT,16,5,64,13,600.0,2,3.1,7,10.9,5,534.47,0.7,,,
BF_BF5_h5s16n4.txt,HLCT,16,5,64,13,600.0,4,6.2,8,12.5,5,580.89,0.6,,,
BF_BF5_h5s16n5.txt,HLCT,16,5,64,13,600.0,1,1.6,4,6.2,4,500.94,0.6,,,
BF_BF5_h5s16n6.txt,HLCT,16,5,64,13,600.0,0,0.0,3,4.7,5,500.49,0.7,,,
BF_BF5_h5s16n7.txt,HLCT,16,5,64,13,600.0,0,0.0,3,4.7,5,557.39,0.7,,,
BF_BF5_h5s16n8.txt,HLCT,16,5,64,13,600.0,0,0.0,2,3.1,5,517.88,0.7,,,
BF_BF5_h5s16n9.txt,HLCT,16,5,64,13,600.0,1,1.6,6,9.4,6,574.51,0.8,,,
BF_BF6_h5s16n1.txt,HLCT,16,5,64,13,600.0,2,3.1,6,9.4,5,561.50,1.2,,,
BF_BF6_h5s16n10.txt,HLCT,16,5,64,13,600.0,1,1.6,2,3.1,4,519.81,1.0,,,
BF_BF6_h5s16n11.txt,HLCT,16,5,64,13,600.0,0,0.0,2,3.1,4,518.53,0.7,,,
BF_BF6_h5s16n12.txt,HLCT,16,5,64,13,600.0,0,0.0,2,3.1,5,571.78,0.7,,,
BF_BF6_h5s16n13.txt,HLCT,16,5,64,13,600.0,2,3.1,3,4.7,4,508.21,1.4,,,
BF_BF6_h5s16n14.txt,HLCT,16,5,64,13,600.0,1,1.6,3,4.7,5,553.14,1.1,,,
BF_BF6_h5s16n15.txt,HLCT,16,5,64,13,600.0,0,0.0,3,4.7,4,505.56,1.0,,,
BF_BF6_h5s16n16.txt,HLCT,16,5,64,13,600.0,2,3.1,4,6.2,4,506.00,0.6,,,
BF_BF6_h5s16n17.txt,HLCT,16,5,64,13,600.0,0,0.0,2,3.1,4,516.68,0.6,,,
BF_BF6_h5s16n18.txt,HLCT,16,5,64,13,600.0,0,0.0,2,3.1,5,525.88,0.7,,,
BF_BF6_h5s16n19.txt,HLCT,16,5,64,13,600.0,2,3.1,3,4.7,4,490.64,0.6,,,
BF_BF6_h5s16n2.txt,HLCT,16,5,64,13,600.0,1,1.6,3,4.7,4,503.33,0.7,,,
BF_BF6_h5s16n20.txt,HLCT,16,5,64,13,600.0,0,0.0,3,4.7,5,564.22,0.7,,,
BF_BF6_h5s16n3.txt,HLCT,16,5,64,13,600.0,2,3.1,3,4.7,4,502.25,0.6,,,
BF_BF6_h5s16n4.txt,HLCT,16,5,64,13,600.0,0,0.0,2,3.1,5,571.43,0.8,,,
BF_BF6_h5s16n5.txt,HLCT,16,5,64,13,600.0,2,3.1,4,6.2,5,578.91,0.7,,,
BF_BF6_h5s16n6.txt,HLCT,16,5,64,13,600.0,0,0.0,2,3.1,5,554.69,0.7,,,
BF_BF6_h5s16n7.txt,HLCT,16,5,64,13,600.0,0,0.0,4,6.2,5,584.09,0.7,,,
BF_BF6_h5s16n8.txt,HLCT,16,5,64,13,600.0,1,1.6,3,4.7,4,568.58,0.6,,,
BF_BF6_h5s16n9.txt,HLCT,16,5,64,13,600.0,5,7.8,6,9.4,4,505.02,0.6,,,
BF_BF7_h5s16n1.txt,HLCT,16,5,64,26,600.0,1,1.6,2,3.1,5,573.40,1.2,,,
BF_BF7_h5s16n10.txt,HLCT,16,5,64,26,600.0,2,3.1,7,10.9,5,579.44,1.2,,,
BF_BF7_h5s16n11.txt,HLCT,16,5,64,26,600.0,1,1.6,4,6.2,5,504.25,1.3,,,
BF_BF7_h5s16n12.txt,HLCT,16,5,64,26,600.0,1,1.6,4,6.2,4,534.95,1.1,,,
BF_BF7_h5s16n13.txt,HLCT,16,5,64,26,600.0,0,0.0,2,3.1,5,566.90,1.2,,,
BF_BF7_h5s16n14.txt,HLCT,16,5,64,26,600.0,1,1.6,3,4.7,5,596.56,1.2,,,
BF_BF7_h5s16n15.txt,HLCT,16,5,64,26,600.0,2,3.1,5,7.8,4,537.69,1.2,,,
BF_BF7_h5s16n16.txt,HLCT,16,5,64,26,600.0,1,1.6,2,3.1,4,465.75,1.3,,,
BF_BF7_h5s16n17.txt,HLCT,16,5,64,26,600.0,0,0.0,2,3.1,5,500.81,1.5,,,
BF_BF7_h5s16n18.txt,HLCT,16,5,64,26,600.0,3,4.7,4,6.2,5,581.28,1.3,,,
BF_BF7_h5s16n19.txt,HLCT,16,5,64,26,600.0,0,0.0,1,1.6,4,493.11,1.2,,,
BF_BF7_h5s16n2.txt,HLCT,16,5,64,26,600.0,1,1.6,5,7.8,5,558.49,1.3,,,
BF_BF7_h5s16n20.txt,HLCT,16,5,64,26,600.0,1,1.6,7,10.9,5,587.85,1.4,,,
BF_BF7_h5s16n3.txt,HLCT,16,5,64,26,600.0,1,1.6,4,6.2,5,542.60,1.3,,,
BF_BF7_h5s16n4.txt,HLCT,16,5,64,26,600.0,2,3.1,6,9.4,5,604.68,1.2,,,
BF_BF7_h5s16n5.txt,HLCT,16,5,64,26,600.0,0,0.0,2,3.1,5,551.29,1.2,,,
BF_BF7_h5s16n6.txt,HLCT,16,5,64,26,600.0,1,1.6,5,7.8,5,512.34,1.3,,,
BF_BF7_h5s16n7.txt,HLCT,16,5,64,26,600.0,1,1.6,3,4.7,5,595.88,1.2,,,
BF_BF7_h5s16n8.txt,HLCT,16,5,64,26,600.0,0,0.0,5,7.8,5,496.69,1.3,,,
BF_BF7_h5s16n9.txt,HLCT,16,5,64,26,600.0,0,0.0,6,9.4,5,585.58,1.3,,,
BF_BF8_h5s16n1.txt,HLCT,16,5,64,26,600.0,1,1.6,3,4.7,4,527.97,1.2,,,
BF_BF8_h5s16n10.txt,HLCT,16,5,64,26,600.0,0,0.0,2,3.1,5,557.37,1.4,,,
BF_BF8_h5s16n11.txt,HLCT,16,5,64,26,600.0,0,0.0,1,1.6,4,527.94,1.2,,,
BF_BF8_h5s16n12.txt,HLCT,16,5,64,26,600.0,0,0.0,1,1.6,4,485.52,1.4,,,
BF_BF8_h5s16n13.txt,HLCT,16,5,64,26,600.0,0,0.0,2,3.1,4,525.29,1.2,,,
BF_BF8_h5s16n14.txt,HLCT,16,5,64,26,600.0,0,0.0,1,1.6,4,486.94,1.2,,,
BF_BF8_h5s16n15.txt,HLCT,16,5,64,26,600.0,1,1.6,3,4.7,5,583.67,1.2,,,
BF_BF8_h5s16n16.txt,HLCT,16,5,64,26,600.0,1,1.6,2,3.1,4,487.29,1.3,,,
BF_BF8_h5s16n17.txt,HLCT,16,5,64,26,600.0,0,0.0,1,1.6,4,513.89,1.1,,,
BF_BF8_h5s16n18.txt,HLCT,16,5,64,26,600.0,1,1.6,3,4.7,4,516.38,1.1,,,
BF_BF8_h5s16n19.txt,HLCT,16,5,64,26,600.0,1,1.6,2,3.1,4,486.13,1.4,,,
BF_BF8_h5s16n2.txt,HLCT,16,5,64,26,600.0,0,0.0,4,6.2,4,481.46,1.3,,,
BF_BF8_h5s16n20.txt,HLCT,16,5,64,26,600.0,1,1.6,2,3.1,4,500.07,1.2,,,
BF_BF8_h5s16n3.txt,HLCT,16,5,64,26,600.0,1,1.6,2,3.1,4,574.72,1.2,,,
BF_BF8_h5s16n4.txt,HLCT,16,5,64,26,600.0,1,1.6,6,9.4,4,510.01,1.2,,,
BF_BF8_h5s16n5.txt,HLCT,16,5,64,26,600.0,1,1.6,5,7.8,4,530.47,1.1,,,
BF_BF8_h5s16n6.txt,HLCT,16,5,64,26,600.0,0,0.0,2,3.1,5,510.17,1.4,,,
BF_BF8_h5s16n7.txt,HLCT,16,5,64,26,600.0,2,3.1,4,6.2,4,519.00,1.2,,,
BF_BF8_h5s16n8.txt,HLCT,16,5,64,26,600.0,1,1.6,2,3.1,4,525.35,1.2,,,
BF_BF8_h5s16n9.txt,HLCT,16,5,64,26,600.0,1,1.6,2,3.1,4,469.31,1.3,,,
BF_BF9_h8s16n1.txt,HLCT,16,8,77,16,600.0,0,0.0,1,1.3,3,471.87,0.9,,,
BF_BF9_h8s16n10.txt,HLCT,16,8,77,16,600.0,1,1.3,3,3.9,4,589.74,0.9,,,
BF_BF9_h8s16n11.txt,HLCT,16,8,77,16,600.0,2,2.6,3,3.9,3,503.05,0.8,,,
BF_BF9_h8s16n12.txt,HLCT,16,8,77,16,600.0,1,1.3,2,2.6,3,497.21,0.9,,,
BF_BF9_h8s16n13.txt,HLCT,16,8,77,16,600.0,1,1.3,3,3.9,3,519.49,0.8,,,
BF_BF9_h8s16n14.txt,HLCT,16,8,77,16,600.0,2,2.6,3,3.9,4,564.61,0.8,,,
BF_BF9_h8s16n15.txt,HLCT,16,8,77,16,600.0,3,3.9,5,6.5,3,507.87,1.5,,,
BF_BF9_h8s16n16.txt,HLCT,16,8,77,16,600.0,1,1.3,3,3.9,4,567.93,1.4,,,
BF_BF9_h8s16n17.txt,HLCT,16,8,77,16,600.0,2,2.6,2,2.6,3,496.82,1.4,,,
BF_BF9_h8s16n18.txt,HLCT,16,8,77,16,600.0,3,3.9,4,5.2,3,527.45,1.3,,,
BF_BF9_h8s16n19.txt,HLCT,16,8,77,16,600.0,1,1.3,3,3.9,4,562.70,1.7,,,
BF_BF9_h8s16n2.txt,HLCT,16,8,77,16,600.0,1,1.3,2,2.6,4,515.15,1.5,,,
BF_BF9_h8s16n20.txt,HLCT,16,8,77,16,600.0,1,1.3,2,2.6,3,529.02,1.4,,,
BF_BF9_h8s16n3.txt,HLCT,16,8,77,16,600.0,1,1.3,2,2.6,4,549.79,0.9,,,
BF_BF9_h8s16n4.txt,HLCT,16,8,77,16,600.0,1,1.3,2,2.6,3,488.13,0.8,,,
BF_BF9_h8s16n5.txt,HLCT,16,8,77,16,600.0,3,3.9,3,3.9,3,509.58,0.8,,,
BF_BF9_h8s16n6.txt,HLCT,16,8,77,16,600.0,1,1.3,3,3.9,3,510.75,0.9,,,
BF_BF9_h8s16n7.txt,HLCT,16,8,77,16,600.0,1,1.3,3,3.9,3,520.61,0.9,,,
BF_BF9_h8s16n8.txt,HLCT,16,8,77,16,600.0,4,5.2,6,7.8,4,505.83,0.9,,,
BF_BF9_h8s16n9.txt,HLCT,16,8,77,16,600.0,1,1.3,4,5.2,4,533.53,0.8,,,
BF_BF10_h8s16n1.txt,HLCT,16,8,77,16,900.0,0,0.0,3,3.9,6,853.97,1.1,,,
BF_BF10_h8s16n10.txt,HLCT,16,8,77,16,900.0,2,2.6,5,6.5,5,814.94,1.0,,,
BF_BF10_h8s16n11.txt,HLCT,16,8,77,16,900.0,2,2.6,4,5.2,6,858.82,1.1,,,
BF_BF10_h8s16n12.txt,HLCT,16,8,77,16,900.0,1,1.3,4,5.2,5,793.72,1.2,,,
BF_BF10_h8s16n13.txt,HLCT,16,8,77,16,900.0,1,1.3,3,3.9,6,829.77,1.2,,,
BF_BF10_h8s16n14.txt,HLCT,16,8,77,16,900.0,1,1.3,4,5.2,6,834.57,1.2,,,
BF_BF10_h8s16n15.txt,HLCT,16,8,77,16,900.0,2,2.6,3,3.9,5,846.29,0.9,,,
BF_BF10_h8s16n16.txt,HLCT,16,8,77,16,900.0,0,0.0,2,2.6,5,778.27,1.0,,,
BF_BF10_h8s16n17.txt,HLCT,16,8,77,16,900.0,0,0.0,2,2.6,6,829.42,1.1,,,
BF_BF10_h8s16n18.txt,HLCT,16,8,77,16,900.0,1,1.3,3,3.9,5,841.96,1.0,,,
BF_BF10_h8s16n19.txt,HLCT,16,8,77,16,900.0,0,0.0,2,2.6,6,847.54,1.1,,,
BF_BF10_h8s16n2.txt,HLCT,16,8,77,16,900.0,2,2.6,4,5.2,6,879.90,1.2,,,
BF_BF10_h8s16n20.txt,HLCT,16,8,77,16,900.0,0,0.0,3,3.9,6,850.41,1.1,,,
BF_BF10_h8s16n3.txt,HLCT,16,8,77,16,900.0,2,2.6,7,9.1,6,825.15,1.3,,,
BF_BF10_h8s16n4.txt,HLCT,16,8,77,16,900.0,0,0.0,3,3.9,6,864.78,1.2,,,
BF_BF10_h8s16n5.txt,HLCT,16,8,77,16,900.0,1,1.3,3,3.9,5,819.59,1.0,,,
BF_BF10_h8s16n6.txt,HLCT,16,8,77,16,900.0,1,1.3,4,5.2,6,885.16,1.1,,,
BF_BF10_h8s16n7.txt,HLCT,16,8,77,16,900.0,0,0.0,2,2.6,5,846.62,1.1,,,
BF_BF10_h8s16n8.txt,HLCT,16,8,77,16,900.0,1,1.3,2,2.6,6,812.63,1.2,,,
BF_BF10_h8s16n9.txt,HLCT,16,8,77,16,900.0,2,2.6,4,5.2,5,857.32,1.2,,,
BF_BF11_h8s16n1.txt,HLCT,16,8,77,31,900.0,0,0.0,2,2.6,5,875.48,1.9,,,
BF_BF11_h8s16n10.txt,HLCT,16,8,77,31,900.0,0,0.0,0,0.0,5,759.85,1.7,,,
BF_BF11_h8s16n11.txt,HLCT,16,8,77,31,900.0,0,0.0,1,1.3,5,834.84,1.8,,,
BF_BF11_h8s16n12.txt,HLCT,16,8,77,31,900.0,0,0.0,1,1.3,6,797.91,2.0,,,
BF_BF11_h8s16n13.txt,HLCT,16,8,77,31,900.0,0,0.0,1,1.3,5,768.76,1.7,,,
BF_BF11_h8s16n14.txt,HLCT,16,8,77,31,900.0,0,0.0,4,5.2,6,792.46,2.1,,,
BF_BF11_h8s16n15.txt,HLCT,16,8,77,31,900.0,1,1.3,3,3.9,6,794.43,2.1,,,
BF_BF11_h8s16n16.txt,HLCT,16,8,77,31,900.0,0,0.0,4,5.2,6,894.82,2.0,,,
BF_BF11_h8s16n17.txt,HLCT,16,8,77,31,900.0,2,2.6,2,2.6,5,760.77,1.9,,,
BF_BF11_h8s16n18.txt,HLCT,16,8,77,31,900.0,0,0.0,3,3.9,6,812.91,1.9,,,
BF_BF11_h8s16n19.txt,HLCT,16,8,77,31,900.0,0,0.0,2,2.6,6,783.58,1.9,,,
BF_BF11_h8s16n2.txt,HLCT,16,8,77,31,900.0,1,1.3,2,2.6,5,781.74,1.9,,,
BF_BF11_h8s16n20.txt,HLCT,16,8,77,31,900.0,1,1.3,5,6.5,6,827.02,2.0,,,
BF_BF11_h8s16n3.txt,HLCT,16,8,77,31,900.0,1,1.3,4,5.2,5,801.54,1.9,,,
BF_BF11_h8s16n4.txt,HLCT,16,8,77,31,900.0,0,0.0,1,1.3,5,764.66,1.8,,,
BF_BF11_h8s16n5.txt,HLCT,16,8,77,31,900.0,0,0.0,5,6.5,5,811.94,1.6,,,
BF_BF11_h8s16n6.txt,HLCT,16,8,77,31,900.0,0,0.0,3,3.9,5,821.41,1.8,,,
BF_BF11_h8s16n7.txt,HLCT,16,8,77,31,900.0,0,0.0,3,3.9,5,893.04,1.7,,,
BF_BF11_h8s16n8.txt,HLCT,16,8,77,31,900.0,0,0.0,1,1.3,5,808.95,1.9,,,
BF_BF11_h8s16n9.txt,HLCT,16,8,77,31,900.0,0,0.0,1,1.3,6,795.18,1.9,,,
BF_BF12_h8s16n1.txt,HLCT,16,8,77,31,900.0,0,0.0,1,1.3,5,865.69,2.0,,,
BF_BF12_h8s16n10.txt,HLCT,16,8,77,31,900.0,0,0.0,3,3.9,5,825.20,2.0,,,
BF_BF12_h8s16n11.txt,HLCT,16,8,77,31,900.0,0,0.0,0,0.0,5,758.25,1.8,,,
BF_BF12_h8s16n12.txt,HLCT,16,8,77,31,900.0,0,0.0,3,3.9,5,760.11,2.1,,,
BF_BF12_h8s16n13.txt,HLCT,16,8,77,31,900.0,0,0.0,1,1.3,5,779.24,2.0,,,
BF_BF12_h8s16n14.txt,HLCT,16,8,77,31,900.0,0,0.0,3,3.9,6,863.16,2.1,,,
BF_BF12_h8s16n15.txt,HLCT,16,8,77,31,900.0,0,0.0,2,2.6,6,816.25,2.0,,,
BF_BF12_h8s16n16.txt,HLCT,16,8,77,31,900.0,2,2.6,4,5.2,5,833.28,2.0,,,
BF_BF12_h8s16n17.txt,HLCT,16,8,77,31,900.0,0,0.0,1,1.3,5,752.36,1.8,,,
BF_BF12_h8s16n18.txt,HLCT,16,8,77,31,900.0,1,1.3,3,3.9,6,836.60,2.2,,,
BF_BF12_h8s16n19.txt,HLCT,16,8,77,31,900.0,1,1.3,3,3.9,5,827.62,2.1,,,
BF_BF12_h8s16n2.txt,HLCT,16,8,77,31,900.0,1,1.3,1,1.3,5,774.69,1.9,,,
BF_BF12_h8s16n20.txt,HLCT,16,8,77,31,900.0,1,1.3,2,2.6,5,771.43,2.0,,,
BF_BF12_h8s16n3.txt,HLCT,16,8,77,31,900.0,2,2.6,5,6.5,6,887.45,2.2,,,
BF_BF12_h8s16n4.txt,HLCT,16,8,77,31,900.0,3,3.9,4,5.2,5,862.80,1.8,,,
BF_BF12_h8s16n5.txt,HLCT,16,8,77,31,900.0,0,0.0,1,1.3,5,829.76,2.0,,,
BF_BF12_h8s16n6.txt,HLCT,16,8,77,31,900.0,1,1.3,5,6.5,5,764.28,2.0,,,
BF_BF12_h8s16n7.txt,HLCT,16,8,77,31,900.0,0,0.0,3,3.9,5,839.19,3.6,,,
BF_BF12_h8s16n8.txt,HLCT,16,8,77,31,900.0,0,0.0,1,1.3,6,849.02,3.3,,,
BF_BF12_h8s16n9.txt,HLCT,16,8,77,31,900.0,0,0.0,1,1.3,5,799.61,3.1,,,
BF_BF13_h8s16n1.txt,HLCT,16,8,103,21,900.0,1,1.0,3,2.9,7,816.29,3.1,,,
BF_BF13_h8s16n10.txt,HLCT,16,8,103,21,900.0,2,1.9,3,2.9,7,801.95,3.3,,,
BF_BF13_h8s16n11.txt,HLCT,16,8,103,21,900.0,0,0.0,2,1.9,6,803.32,3.3,,,
BF_BF13_h8s16n12.txt,HLCT,16,8,103,21,900.0,1,1.0,6,5.8,8,880.64,3.0,,,
BF_BF13_h8s16n13.txt,HLCT,16,8,103,21,900.0,0,0.0,2,1.9,6,810.71,1.9,,,
BF_BF13_h8s16n14.txt,HLCT,16,8,103,21,900.0,0,0.0,2,1.9,7,809.71,2.0,,,
BF_BF13_h8s16n15.txt,HLCT,16,8,103,21,900.0,0,0.0,3,2.9,7,838.37,2.4,,,
BF_BF13_h8s16n16.txt,HLCT,16,8,103,21,900.0,1,1.0,4,3.9,7,793.38,2.0,,,
BF_BF13_h8s16n17.txt,HLCT,16,8,103,21,900.0,0,0.0,3,2.9,6,807.97,1.9,,,
BF_BF13_h8s16n18.txt,HLCT,16,8,103,21,900.0,0,0.0,3,2.9,6,802.48,2.2,,,
BF_BF13_h8s16n19.txt,HLCT,16,8,103,21,900.0,1,1.0,2,1.9,6,820.06,1.9,,,
BF_BF13_h8s16n2.txt,HLCT,16,8,103,21,900.0,1,1.0,2,1.9,7,814.84,2.1,,,
BF_BF13_h8s16n20.txt,HLCT,16,8,103,21,900.0,0,0.0,3,2.9,6,810.11,1.8,,,
BF_BF13_h8s16n3.txt,HLCT,16,8,103,21,900.0,1,1.0,4,3.9,7,862.95,1.9,,,
BF_BF13_h8s16n4.txt,HLCT,16,8,103,21,900.0,2,1.9,4,3.9,6,890.53,2.0,,,
BF_BF13_h8s16n5.txt,HLCT,16,8,103,21,900.0,2,1.9,3,2.9,6,802.82,2.0,,,
BF_BF13_h8s16n6.txt,HLCT,16,8,103,21,900.0,1,1.0,4,3.9,6,787.22,1.9,,,
BF_BF13_h8s16n7.txt,HLCT,16,8,103,21,900.0,0,0.0,2,1.9,7,830.67,1.9,,,
BF_BF13_h8s16n8.txt,HLCT,16,8,103,21,900.0,2,1.9,3,2.9,6,819.38,2.2,,,
BF_BF13_h8s16n9.txt,HLCT,16,8,103,21,900.0,0,0.0,4,3.9,6,798.09,1.8,,,
BF_BF14_h8s16n1.txt,HLCT,16,8,103,21,900.0,2,1.9,8,7.8,7,837.76,2.4,,,
BF_BF14_h8s16n10.txt,HLCT,16,8,103,21,900.0,1,1.0,3,2.9,6,805.17,2.3,,,
BF_BF14_h8s16n11.txt,HLCT,16,8,103,21,900.0,0,0.0,3,2.9,7,898.10,1.6,,,
BF_BF14_h8s16n12.txt,HLCT,16,8,103,21,900.0,1,1.0,5,4.9,6,817.57,2.1,,,
BF_BF14_h8s16n13.txt,HLCT,16,8,103,21,900.0,0,0.0,2,1.9,7,809.79,2.2,,,
BF_BF14_h8s16n14.txt,HLCT,16,8,103,21,900.0,1,1.0,3,2.9,6,863.32,1.8,,,
BF_BF14_h8s16n15.txt,HLCT,16,8,103,21,900.0,2,1.9,6,5.8,5,806.41,1.9,,,
BF_BF14_h8s16n16.txt,HLCT,16,8,103,21,900.0,0,0.0,2,1.9,6,801.07,2.1,,,
BF_BF14_h8s16n17.txt,HLCT,16,8,103,21,900.0,1,1.0,4,3.9,7,798.33,2.1,,,
BF_BF14_h8s16n18.txt,HLCT,16,8,103,21,900.0,0,0.0,2,1.9,6,811.12,2.0,,,
BF_BF14_h8s16n19.txt,HLCT,16,8,103,21,900.0,0,0.0,3,2.9,6,876.08,2.2,,,
BF_BF14_h8s16n2.txt,HLCT,16,8,103,21,900.0,1,1.0,3,2.9,7,807.89,2.1,,,
BF_BF14_h8s16n20.txt,HLCT,16,8,103,21,900.0,0,0.0,3,2.9,6,811.54,2.0,,,
BF_BF14_h8s16n3.txt,HLCT,16,8,103,21,900.0,0,0.0,4,3.9,6,831.90,2.4,,,
BF_BF14_h8s16n4.txt,HLCT,16,8,103,21,900.0,2,1.9,4,3.9,6,815.84,2.0,,,
BF_BF14_h8s16n5.txt,HLCT,16,8,103,21,900.0,2,1.9,3,2.9,5,817.28,2.2,,,
BF_BF14_h8s16n6.txt,HLCT,16,8,103,21,900.0,0,0.0,3,2.9,6,805.52,2.1,,,
BF_BF14_h8s16n7.txt,HLCT,16,8,103,21,900.0,1,1.0,3,2.9,7,863.06,1.8,,,
BF_BF14_h8s16n8.txt,HLCT,16,8,103,21,900.0,0,0.0,3,2.9,6,826.32,2.2,,,
BF_BF14_h8s16n9.txt,HLCT,16,8,103,21,900.0,1,1.0,3,2.9,7,879.37,2.2,,,
BF_BF15_h8s16n1.txt,HLCT,16,8,103,42,900.0,0,0.0,2,1.9,6,816.65,3.8,,,
BF_BF15_h8s16n10.txt,HLCT,16,8,103,42,900.0,0,0.0,1,1.0,5,732.72,3.8,,,
BF_BF15_h8s16n11.txt,HLCT,16,8,103,42,900.0,0,0.0,2,1.9,6,806.54,3.7,,,
BF_BF15_h8s16n12.txt,HLCT,16,8,103,42,900.0,1,1.0,2,1.9,7,816.77,4.0,,,
BF_BF15_h8s16n13.txt,HLCT,16,8,103,42,900.0,1,1.0,7,6.8,6,723.73,3.6,,,
BF_BF15_h8s16n14.txt,HLCT,16,8,103,42,900.0,1,1.0,8,7.8,7,853.22,3.6,,,
BF_BF15_h8s16n15.txt,HLCT,16,8,103,42,900.0,0,0.0,4,3.9,8,892.43,3.6,,,
BF_BF15_h8s16n16.txt,HLCT,16,8,103,42,900.0,0,0.0,2,1.9,5,804.71,3.5,,,
BF_BF15_h8s16n17.txt,HLCT,16,8,103,42,900.0,0,0.0,1,1.0,7,769.80,3.9,,,
BF_BF15_h8s16n18.txt,HLCT,16,8,103,42,900.0,0,0.0,1,1.0,6,764.38,3.7,,,
BF_BF15_h8s16n19.txt,HLCT,16,8,103,42,900.0,2,1.9,4,3.9,6,792.82,3.6,,,
BF_BF15_h8s16n2.txt,HLCT,16,8,103,42,900.0,1,1.0,4,3.9,7,817.88,4.4,,,
BF_BF15_h8s16n20.txt,HLCT,16,8,103,42,900.0,1,1.0,4,3.9,8,797.73,3.9,,,
BF_BF15_h8s16n3.txt,HLCT,16,8,103,42,900.0,0,0.0,2,1.9,6,759.48,3.8,,,
BF_BF15_h8s16n4.txt,HLCT,16,8,103,42,900.0,0,0.0,3,2.9,6,815.10,3.5,,,
BF_BF15_h8s16n5.txt,HLCT,16,8,103,42,900.0,0,0.0,2,1.9,6,757.33,4.2,,,
BF_BF15_h8s16n6.txt,HLCT,16,8,103,42,900.0,0,0.0,0,0.0,6,758.88,3.9,,,
BF_BF15_h8s16n7.txt,HLCT,16,8,103,42,900.0,0,0.0,4,3.9,6,760.74,4.0,,,
BF_BF15_h8s16n8.txt,HLCT,16,8,103,42,900.0,0,0.0,2,1.9,6,833.05,4.3,,,
BF_BF15_h8s16n9.txt,HLCT,16,8,103,42,900.0,1,1.0,5,4.9,6,812.77,3.6,,,
BF_BF16_h8s16n1.txt,HLCT,16,8,103,42,900.0,0,0.0,4,3.9,7,813.03,4.0,,,
BF_BF16_h8s16n10.txt,HLCT,16,8,103,42,900.0,0,0.0,1,1.0,5,812.87,3.6,,,
BF_BF16_h8s16n11.txt,HLCT,16,8,103,42,900.0,0,0.0,2,1.9,6,818.75,4.2,,,
BF_BF16_h8s16n12.txt,HLCT,16,8,103,42,900.0,0,0.0,3,2.9,7,881.41,4.5,,,
BF_BF16_h8s16n13.txt,HLCT,16,8,103,42,900.0,1,1.0,4,3.9,7,872.90,4.1,,,
BF_BF16_h8s16n14.txt,HLCT,16,8,103,42,900.0,0,0.0,4,3.9,7,830.79,4.2,,,
BF_BF16_h8s16n15.txt,HLCT,16,8,103,42,900.0,0,0.0,1,1.0,6,814.07,3.7,,,
BF_BF16_h8s16n16.txt,HLCT,16,8,103,42,900.0,1,1.0,4,3.9,6,828.89,3.7,,,
BF_BF16_h8s16n17.txt,HLCT,16,8,103,42,900.0,0,0.0,1,1.0,7,771.17,6.7,,,
BF_BF16_h8s16n18.txt,HLCT,16,8,103,42,900.0,0,0.0,2,1.9,7,789.27,7.2,,,
BF_BF16_h8s16n19.txt,HLCT,16,8,103,42,900.0,0,0.0,1,1.0,5,790.57,3.7,,,
BF_BF16_h8s16n2.txt,HLCT,16,8,103,42,900.0,0,0.0,2,1.9,7,781.72,6.8,,,
BF_BF16_h8s16n20.txt,HLCT,16,8,103,42,900.0,0,0.0,2,1.9,5,754.25,6.5,,,
BF_BF16_h8s16n3.txt,HLCT,16,8,103,42,900.0,0,0.0,0,0.0,5,776.45,6.3,,,
BF_BF16_h8s16n4.txt,HLCT,16,8,103,42,900.0,1,1.0,1,1.0,6,799.03,7.8,,,
BF_BF16_h8s16n5.txt,HLCT,16,8,103,42,900.0,0,0.0,2,1.9,6,821.21,4.7,,,
BF_BF16_h8s16n6.txt,HLCT,16,8,103,42,900.0,1,1.0,2,1.9,5,802.97,3.9,,,
BF_BF16_h8s16n7.txt,HLCT,16,8,103,42,900.0,0,0.0,0,0.0,6,763.42,3.9,,,
BF_BF16_h8s16n8.txt,HLCT,16,8,103,42,900.0,0,0.0,1,1.0,6,776.64,4.0,,,
BF_BF16_h8s16n9.txt,HLCT,16,8,103,42,900.0,0,0.0,2,1.9,6,787.45,4.1,,,
BF_BF17_h5s20n1.txt,HLCT,20,5,60,12,900.0,1,1.7,4,6.7,6,803.71,0.8,,,
BF_BF17_h5s20n10.txt,HLCT,20,5,60,12,900.0,1,1.7,13,21.7,7,828.53,0.8,,,
BF_BF17_h5s20n11.txt,HLCT,20,5,60,12,900.0,0,0.0,4,6.7,6,807.46,0.8,,,
BF_BF17_h5s20n12.txt,HLCT,20,5,60,12,900.0,2,3.3,6,10.0,7,843.74,0.8,,,
BF_BF17_h5s20n13.txt,HLCT,20,5,60,12,900.0,2,3.3,9,15.0,7,871.66,0.8,,,
BF_BF17_h5s20n14.txt,HLCT,20,5,60,12,900.0,2,3.3,8,13.3,7,821.53,0.9,,,
BF_BF17_h5s20n15.txt,HLCT,20,5,60,12,900.0,0,0.0,9,15.0,7,885.61,0.8,,,
BF_BF17_h5s20n16.txt,HLCT,20,5,60,12,900.0,1,1.7,3,5.0,6,785.59,0.7,,,
BF_BF17_h5s20n17.txt,HLCT,20,5,60,12,900.0,2,3.3,7,11.7,6,800.65,0.8,,,
BF_BF17_h5s20n18.txt,HLCT,20,5,60,12,900.0,0,0.0,3,5.0,6,808.14,0.8,,,
BF_BF17_h5s20n19.txt,HLCT,20,5,60,12,900.0,2,3.3,6,10.0,7,822.47,1.0,,,
BF_BF17_h5s20n2.txt,HLCT,20,5,60,12,900.0,3,5.0,4,6.7,6,781.05,0.7,,,
BF_BF17_h5s20n20.txt,HLCT,20,5,60,12,900.0,1,1.7,7,11.7,7,885.86,0.7,,,
BF_BF17_h5s20n3.txt,HLCT,20,5,60,12,900.0,4,6.7,10,16.7,7,892.47,0.8,,,
BF_BF17_h5s20n4.txt,HLCT,20,5,60,12,900.0,3,5.0,5,8.3,6,807.51,0.8,,,
BF_BF17_h5s20n5.txt,HLCT,20,5,60,12,900.0,2,3.3,6,10.0,6,807.03,0.8,,,
BF_BF17_h5s20n6.txt,HLCT,20,5,60,12,900.0,1,1.7,4,6.7,6,793.78,0.8,,,
BF_BF17_h5s20n7.txt,HLCT,20,5,60,12,900.0,2,3.3,4,6.7,7,806.04,0.8,,,
BF_BF17_h5s20n8.txt,HLCT,20,5,60,12,900.0,2,3.3,4,6.7,6,853.08,0.8,,,
BF_BF17_h5s20n9.txt,HLCT,20,5,60,12,900.0,1,1.7,6,10.0,7,880.03,0.8,,,
BF_BF18_h5s20n1.txt,HLCT,20,5,60,12,900.0,1,1.7,3,5.0,6,811.88,0.9,,,
BF_BF18_h5s20n10.txt,HLCT,20,5,60,12,900.0,0,0.0,3,5.0,6,789.93,0.8,,,
BF_BF18_h5s20n11.txt,HLCT,20,5,60,12,900.0,0,0.0,3,5.0,6,860.44,0.8,,,
BF_BF18_h5s20n12.txt,HLCT,20,5,60,12,900.0,1,1.7,6,10.0,7,875.26,0.9,,,
BF_BF18_h5s20n13.txt,HLCT,20,5,60,12,900.0,3,5.0,7,11.7,7,826.36,0.8,,,
BF_BF18_h5s20n14.txt,HLCT,20,5,60,12,900.0,1,1.7,7,11.7,7,838.80,0.9,,,
BF_BF18_h5s20n15.txt,HLCT,20,5,60,12,900.0,0,0.0,4,6.7,7,801.15,0.9,,,
BF_BF18_h5s20n16.txt,HLCT,20,5,60,12,900.0,1,1.7,5,8.3,7,847.18,0.8,,,
BF_BF18_h5s20n17.txt,HLCT,20,5,60,12,900.0,1,1.7,3,5.0,6,862.59,0.8,,,
BF_BF18_h5s20n18.txt,HLCT,20,5,60,12,900.0,1,1.7,4,6.7,7,809.52,0.9,,,
BF_BF18_h5s20n19.txt,HLCT,20,5,60,12,900.0,3,5.0,6,10.0,6,798.93,0.8,,,
BF_BF18_h5s20n2.txt,HLCT,20,5,60,12,900.0,3,5.0,11,18.3,7,820.40,0.9,,,
BF_BF18_h5s20n20.txt,HLCT,20,5,60,12,900.0,2,3.3,5,8.3,6,805.20,0.8,,,
BF_BF18_h5s20n3.txt,HLCT,20,5,60,12,900.0,0,0.0,3,5.0,6,817.91,0.9,,,
BF_BF18_h5s20n4.txt,HLCT,20,5,60,12,900.0,2,3.3,4,6.7,6,787.84,0.8,,,
BF_BF18_h5s20n5.txt,HLCT,20,5,60,12,900.0,3,5.0,6,10.0,7,879.33,0.9,,,
BF_BF18_h5s20n6.txt,HLCT,20,5,60,12,900.0,0,0.0,7,11.7,7,821.62,0.9,,,
BF_BF18_h5s20n7.txt,HLCT,20,5,60,12,900.0,1,1.7,4,6.7,6,809.13,0.9,,,
BF_BF18_h5s20n8.txt,HLCT,20,5,60,12,900.0,2,3.3,6,10.0,6,793.09,0.9,,,
BF_BF18_h5s20n9.txt,HLCT,20,5,60,12,900.0,2,3.3,9,15.0,6,826.84,0.8,,,
BF_BF19_h5s20n1.txt,HLCT,20,5,60,24,900.0,1,1.7,4,6.7,5,807.44,1.4,,,
BF_BF19_h5s20n10.txt,HLCT,20,5,60,24,900.0,1,1.7,6,10.0,6,812.53,1.7,,,
BF_BF19_h5s20n11.txt,HLCT,20,5,60,24,900.0,1,1.7,9,15.0,7,859.28,1.7,,,
BF_BF19_h5s20n12.txt,HLCT,20,5,60,24,900.0,0,0.0,5,8.3,7,849.94,1.6,,,
BF_BF19_h5s20n13.txt,HLCT,20,5,60,24,900.0,0,0.0,1,1.7,6,792.71,1.4,,,
BF_BF19_h5s20n14.txt,HLCT,20,5,60,24,900.0,0,0.0,5,8.3,6,800.53,1.5,,,
BF_BF19_h5s20n15.txt,HLCT,20,5,60,24,900.0,0,0.0,3,5.0,5,810.61,1.5,,,
BF_BF19_h5s20n16.txt,HLCT,20,5,60,24,900.0,3,5.0,7,11.7,6,848.54,1.5,,,
BF_BF19_h5s20n17.txt,HLCT,20,5,60,24,900.0,0,0.0,3,5.0,7,808.04,1.5,,,
BF_BF19_h5s20n18.txt,HLCT,20,5,60,24,900.0,1,1.7,7,11.7,6,812.29,1.4,,,
BF_BF19_h5s20n19.txt,HLCT,20,5,60,24,900.0,1,1.7,5,8.3,7,848.78,1.6,,,
BF_BF19_h5s20n2.txt,HLCT,20,5,60,24,900.0,0,0.0,6,10.0,7,821.68,1.6,,,
BF_BF19_h5s20n20.txt,HLCT,20,5,60,24,900.0,2,3.3,6,10.0,7,882.45,2.4,,,
BF_BF19_h5s20n3.txt,HLCT,20,5,60,24,900.0,1,1.7,6,10.0,6,830.38,2.6,,,
BF_BF19_h5s20n4.txt,HLCT,20,5,60,24,900.0,1,1.7,12,20.0,7,803.41,2.8,,,
BF_BF19_h5s20n5.txt,HLCT,20,5,60,24,900.0,0,0.0,3,5.0,6,782.24,2.4,,,
BF_BF19_h5s20n6.txt,HLCT,20,5,60,24,900.0,2,3.3,7,11.7,6,847.31,1.5,,,
BF_BF19_h5s20n7.txt,HLCT,20,5,60,24,900.0,1,1.7,2,3.3,6,795.87,2.7,,,
BF_BF19_h5s20n8.txt,HLCT,20,5,60,24,900.0,1,1.7,10,16.7,7,885.38,2.8,,,
BF_BF19_h5s20n9.txt,HLCT,20,5,60,24,900.0,3,5.0,6,10.0,6,784.23,1.6,,,
BF_BF1_h5s16n1.txt,HLCT,16,5,48,10,900.0,2,4.2,7,14.6,7,851.93,1.1,,,
BF_BF1_h5s16n10.txt,HLCT,16,5,48,10,900.0,3,6.2,9,18.8,7,833.27,0.9,,,
BF_BF1_h5s16n11.txt,HLCT,16,5,48,10,900.0,2,4.2,4,8.3,6,798.34,0.9,,,
BF_BF1_h5s16n12.txt,HLCT,16,5,48,10,900.0,2,4.2,6,12.5,7,855.55,0.6,,,
BF_BF1_h5s16n13.txt,HLCT,16,5,48,10,900.0,2,4.2,7,14.6,7,810.89,0.9,,,
BF_BF1_h5s16n14.txt,HLCT,16,5,48,10,900.0,0,0.0,3,6.2,7,898.22,1.0,,,
BF_BF1_h5s16n15.txt,HLCT,16,5,48,10,900.0,1,2.1,2,4.2,6,819.62,1.0,,,
BF_BF1_h5s16n16.txt,HLCT,16,5,48,10,900.0,2,4.2,5,10.4,7,826.14,0.6,,,
BF_BF1_h5s16n17.txt,HLCT,16,5,48,10,900.0,2,4.2,6,12.5,7,845.27,0.6,,,
BF_BF1_h5s16n18.txt,HLCT,16,5,48,10,900.0,3,6.2,8,16.7,7,820.81,0.6,,,
BF_BF1_h5s16n19.txt,HLCT,16,5,48,10,900.0,0,0.0,8,16.7,7,855.51,0.6,,,
BF_BF1_h5s16n2.txt,HLCT,16,5,48,10,900.0,1,2.1,4,8.3,7,839.85,0.6,,,
BF_BF1_h5s16n20.txt,HLCT,16,5,48,10,900.0,1,2.1,4,8.3,6,778.53,0.5,,,
BF_BF1_h5s16n3.txt,HLCT,16,5,48,10,900.0,2,4.2,4,8.3,6,786.83,0.5,,,
BF_BF1_h5s16n4.txt,HLCT,16,5,48,10,900.0,3,6.2,8,16.7,7,817.43,0.6,,,
BF_BF1_h5s16n5.txt,HLCT,16,5,48,10,900.0,1,2.1,7,14.6,7,813.95,0.6,,,
BF_BF1_h5s16n6.txt,HLCT,16,5,48,10,900.0,0,0.0,4,8.3,7,876.75,0.6,,,
BF_BF1_h5s16n7.txt,HLCT,16,5,48,10,900.0,1,2.1,4,8.3,6,848.32,0.5,,,
BF_BF1_h5s16n8.txt,HLCT,16,5,48,10,900.0,1,2.1,5,10.4,6,826.43,0.6,,,
BF_BF1_h5s16n9.txt,HLCT,16,5,48,10,900.0,1,2.1,4,8.3,7,804.46,0.6,,,
BF_BF20_h5s20n1.txt,HLCT,20,5,60,24,900.0,0,0.0,1,1.7,6,794.02,1.5,,,
BF_BF20_h5s20n10.txt,HLCT,20,5,60,24,900.0,1,1.7,5,8.3,7,837.31,1.6,,,
BF_BF20_h5s20n11.txt,HLCT,20,5,60,24,900.0,0,0.0,2,3.3,6,857.34,1.5,,,
BF_BF20_h5s20n12.txt,HLCT,20,5,60,24,900.0,0,0.0,6,10.0,7,831.37,1.8,,,
BF_BF20_h5s20n13.txt,HLCT,20,5,60,24,900.0,0,0.0,3,5.0,7,872.62,1.5,,,
BF_BF20_h5s20n14.txt,HLCT,20,5,60,24,900.0,0,0.0,2,3.3,6,758.65,1.6,,,
BF_BF20_h5s20n15.txt,HLCT,20,5,60,24,900.0,1,1.7,5,8.3,7,867.69,1.6,,,
BF_BF20_h5s20n16.txt,HLCT,20,5,60,24,900.0,2,3.3,4,6.7,6,865.86,1.5,,,
BF_BF20_h5s20n17.txt,HLCT,20,5,60,24,900.0,2,3.3,12,20.0,7,835.29,1.7,,,
BF_BF20_h5s20n18.txt,HLCT,20,5,60,24,900.0,0,0.0,7,11.7,7,881.18,1.7,,,
BF_BF20_h5s20n19.txt,HLCT,20,5,60,24,900.0,1,1.7,3,5.0,6,833.96,1.4,,,
BF_BF20_h5s20n2.txt,HLCT,20,5,60,24,900.0,0,0.0,5,8.3,7,862.43,1.8,,,
BF_BF20_h5s20n20.txt,HLCT,20,5,60,24,900.0,1,1.7,5,8.3,7,808.45,1.6,,,
BF_BF20_h5s20n3.txt,HLCT,20,5,60,24,900.0,1,1.7,4,6.7,7,887.80,1.6,,,
BF_BF20_h5s20n4.txt,HLCT,20,5,60,24,900.0,0,0.0,4,6.7,7,877.20,1.7,,,
BF_BF20_h5s20n5.txt,HLCT,20,5,60,24,900.0,1,1.7,14,23.3,6,784.22,1.8,,,
BF_BF20_h5s20n6.txt,HLCT,20,5,60,24,900.0,0,0.0,5,8.3,7,807.62,1.7,,,
BF_BF20_h5s20n7.txt,HLCT,20,5,60,24,900.0,0,0.0,4,6.7,6,834.37,1.5,,,
BF_BF20_h5s20n8.txt,HLCT,20,5,60,24,900.0,0,0.0,5,8.3,7,863.24,1.7,,,
BF_BF20_h5s20n9.txt,HLCT,20,5,60,24,900.0,0,0.0,3,5.0,6,809.51,1.5,,,
BF_BF21_h5s20n1.txt,HLCT,20,5,80,16,900.0,2,2.5,8,10.0,6,840.28,1.3,,,
BF_BF21_h5s20n10.txt,HLCT,20,5,80,16,900.0,3,3.8,11,13.8,8,892.16,1.3,,,
BF_BF21_h5s20n11.txt,HLCT,20,5,80,16,900.0,2,2.5,8,10.0,8,871.65,1.3,,,
BF_BF21_h5s20n12.txt,HLCT,20,5,80,16,900.0,1,1.2,3,3.8,7,807.49,1.2,,,
BF_BF21_h5s20n13.txt,HLCT,20,5,80,16,900.0,1,1.2,4,5.0,6,793.41,1.2,,,
BF_BF21_h5s20n14.txt,HLCT,20,5,80,16,900.0,1,1.2,8,10.0,7,829.86,1.4,,,
BF_BF21_h5s20n15.txt,HLCT,20,5,80,16,900.0,4,5.0,8,10.0,8,825.77,1.4,,,
BF_BF21_h5s20n16.txt,HLCT,20,5,80,16,900.0,2,2.5,10,12.5,9,877.63,1.3,,,
BF_BF21_h5s20n17.txt,HLCT,20,5,80,16,900.0,1,1.2,4,5.0,7,797.96,1.4,,,
BF_BF21_h5s20n18.txt,HLCT,20,5,80,16,900.0,1,1.2,4,5.0,7,777.36,1.2,,,
BF_BF21_h5s20n19.txt,HLCT,20,5,80,16,900.0,3,3.8,7,8.8,7,827.29,1.3,,,
BF_BF21_h5s20n2.txt,HLCT,20,5,80,16,900.0,3,3.8,5,6.2,7,797.68,1.4,,,
BF_BF21_h5s20n20.txt,HLCT,20,5,80,16,900.0,1,1.2,6,7.5,6,843.31,1.1,,,
BF_BF21_h5s20n3.txt,HLCT,20,5,80,16,900.0,1,1.2,4,5.0,7,821.15,1.3,,,
BF_BF21_h5s20n4.txt,HLCT,20,5,80,16,900.0,1,1.2,7,8.8,7,821.27,1.4,,,
BF_BF21_h5s20n5.txt,HLCT,20,5,80,16,900.0,0,0.0,3,3.8,8,858.08,2.4,,,
BF_BF21_h5s20n6.txt,HLCT,20,5,80,16,900.0,2,2.5,8,10.0,7,840.04,2.1,,,
BF_BF21_h5s20n7.txt,HLCT,20,5,80,16,900.0,0,0.0,3,3.8,7,815.71,2.3,,,
BF_BF21_h5s20n8.txt,HLCT,20,5,80,16,900.0,0,0.0,3,3.8,7,794.52,2.1,,,
BF_BF21_h5s20n9.txt,HLCT,20,5,80,16,900.0,1,1.2,6,7.5,8,813.11,2.6,,,
BF_BF22_h5s20n1.txt,HLCT,20,5,80,16,900.0,0,0.0,4,5.0,7,795.12,2.2,,,
BF_BF22_h5s20n10.txt,HLCT,20,5,80,16,900.0,0,0.0,4,5.0,7,808.20,2.3,,,
BF_BF22_h5s20n11.txt,HLCT,20,5,80,16,900.0,3,3.8,9,11.2,7,858.32,1.3,,,
BF_BF22_h5s20n12.txt,HLCT,20,5,80,16,900.0,3,3.8,7,8.8,7,850.24,1.3,,,
BF_BF22_h5s20n13.txt,HLCT,20,5,80,16,900.0,0,0.0,3,3.8,6,803.66,1.4,,,
BF_BF22_h5s20n14.txt,HLCT,20,5,80,16,900.0,0,0.0,3,3.8,7,848.78,1.3,,,
BF_BF22_h5s20n15.txt,HLCT,20,5,80,16,900.0,2,2.5,5,6.2,7,835.43,1.3,,,
BF_BF22_h5s20n16.txt,HLCT,20,5,80,16,900.0,1,1.2,6,7.5,6,823.53,1.3,,,
BF_BF22_h5s20n17.txt,HLCT,20,5,80,16,900.0,2,2.5,5,6.2,7,809.63,1.2,,,
BF_BF22_h5s20n18.txt,HLCT,20,5,80,16,900.0,0,0.0,4,5.0,7,892.18,1.3,,,
BF_BF22_h5s20n19.txt,HLCT,20,5,80,16,900.0,0,0.0,4,5.0,7,802.53,1.5,,,
BF_BF22_h5s20n2.txt,HLCT,20,5,80,16,900.0,1,1.2,4,5.0,6,809.31,1.4,,,
BF_BF22_h5s20n20.txt,HLCT,20,5,80,16,900.0,0,0.0,3,3.8,7,860.74,1.2,,,
BF_BF22_h5s20n3.txt,HLCT,20,5,80,16,900.0,0,0.0,4,5.0,7,808.69,1.5,,,
BF_BF22_h5s20n4.txt,HLCT,20,5,80,16,900.0,4,5.0,10,12.5,7,801.18,1.4,,,
BF_BF22_h5s20n5.txt,HLCT,20,5,80,16,900.0,1,1.2,3,3.8,6,778.31,1.2,,,
BF_BF22_h5s20n6.txt,HLCT,20,5,80,16,900.0,0,0.0,9,11.2,8,868.13,1.3,,,
BF_BF22_h5s20n7.txt,HLCT,20,5,80,16,900.0,0,0.0,3,3.8,6,789.54,1.3,,,
BF_BF22_h5s20n8.txt,HLCT,20,5,80,16,900.0,1,1.2,5,6.2,6,783.38,1.2,,,
BF_BF22_h5s20n9.txt,HLCT,20,5,80,16,900.0,0,0.0,3,3.8,7,823.27,1.4,,,
BF_BF23_h5s20n1.txt,HLCT,20,5,80,32,900.0,0,0.0,7,8.8,6,807.75,2.5,,,
BF_BF23_h5s20n10.txt,HLCT,20,5,80,32,900.0,1,1.2,5,6.2,7,875.74,2.7,,,
BF_BF23_h5s20n11.txt,HLCT,20,5,80,32,900.0,0,0.0,3,3.8,7,809.67,2.7,,,
BF_BF23_h5s20n12.txt,HLCT,20,5,80,32,900.0,0,0.0,4,5.0,7,830.25,2.6,,,
BF_BF23_h5s20n13.txt,HLCT,20,5,80,32,900.0,1,1.2,6,7.5,7,802.40,2.9,,,
BF_BF23_h5s20n14.txt,HLCT,20,5,80,32,900.0,3,3.8,9,11.2,7,793.61,3.1,,,
BF_BF23_h5s20n15.txt,HLCT,20,5,80,32,900.0,0,0.0,7,8.8,7,790.68,2.8,,,
BF_BF23_h5s20n16.txt,HLCT,20,5,80,32,900.0,1,1.2,5,6.2,6,805.05,2.8,,,
BF_BF23_h5s20n17.txt,HLCT,20,5,80,32,900.0,1,1.2,6,7.5,7,865.44,2.5,,,
BF_BF23_h5s20n18.txt,HLCT,20,5,80,32,900.0,1,1.2,4,5.0,7,885.68,2.2,,,
BF_BF23_h5s20n19.txt,HLCT,20,5,80,32,900.0,2,2.5,5,6.2,7,810.95,2.7,,,
BF_BF23_h5s20n2.txt,HLCT,20,5,80,32,900.0,1,1.2,2,2.5,6,776.28,2.1,,,
BF_BF23_h5s20n20.txt,HLCT,20,5,80,32,900.0,0,0.0,3,3.8,7,834.19,2.8,,,
BF_BF23_h5s20n3.txt,HLCT,20,5,80,32,900.0,0,0.0,4,5.0,8,815.26,2.8,,,
BF_BF23_h5s20n4.txt,HLCT,20,5,80,32,900.0,2,2.5,7,8.8,7,840.94,2.5,,,
BF_BF23_h5s20n5.txt,HLCT,20,5,80,32,900.0,1,1.2,11,13.8,8,814.26,3.0,,,
BF_BF23_h5s20n6.txt,HLCT,20,5,80,32,900.0,1,1.2,4,5.0,6,810.97,2.6,,,
BF_BF23_h5s20n7.txt,HLCT,20,5,80,32,900.0,0,0.0,5,6.2,8,839.83,2.6,,,
BF_BF23_h5s20n8.txt,HLCT,20,5,80,32,900.0,1,1.2,5,6.2,7,844.60,2.6,,,
BF_BF23_h5s20n9.txt,HLCT,20,5,80,32,900.0,1,1.2,3,3.8,7,843.54,2.6,,,
BF_BF24_h5s20n1.txt,HLCT,20,5,80,32,900.0,1,1.2,3,3.8,6,828.71,2.4,,,
BF_BF24_h5s20n10.txt,HLCT,20,5,80,32,900.0,0,0.0,4,5.0,7,869.91,2.6,,,
BF_BF24_h5s20n11.txt,HLCT,20,5,80,32,900.0,0,0.0,2,2.5,7,829.60,2.6,,,
BF_BF24_h5s20n12.txt,HLCT,20,5,80,32,900.0,0,0.0,3,3.8,6,793.88,2.4,,,
BF_BF24_h5s20n13.txt,HLCT,20,5,80,32,900.0,0,0.0,1,1.2,5,765.83,2.6,,,
BF_BF24_h5s20n14.txt,HLCT,20,5,80,32,900.0,0,0.0,6,7.5,7,788.99,2.8,,,
BF_BF24_h5s20n15.txt,HLCT,20,5,80,32,900.0,0,0.0,5,6.2,6,785.94,2.7,,,
BF_BF24_h5s20n16.txt,HLCT,20,5,80,32,900.0,1,1.2,4,5.0,7,810.14,2.6,,,
BF_BF24_h5s20n17.txt,HLCT,20,5,80,32,900.0,1,1.2,7,8.8,6,770.20,2.7,,,
BF_BF24_h5s20n18.txt,HLCT,20,5,80,32,900.0,0,0.0,1,1.2,6,774.12,2.2,,,
BF_BF24_h5s20n19.txt,HLCT,20,5,80,32,900.0,0,0.0,4,5.0,6,807.41,2.2,,,
BF_BF24_h5s20n2.txt,HLCT,20,5,80,32,900.0,0,0.0,2,2.5,6,762.13,2.4,,,
BF_BF24_h5s20n20.txt,HLCT,20,5,80,32,900.0,0,0.0,7,8.8,7,799.16,2.6,,,
BF_BF24_h5s20n3.txt,HLCT,20,5,80,32,900.0,2,2.5,4,5.0,6,826.55,2.3,,,
BF_BF24_h5s20n4.txt,HLCT,20,5,80,32,900.0,1,1.2,8,10.0,6,796.73,2.4,,,
BF_BF24_h5s20n5.txt,HLCT,20,5,80,32,900.0,0,0.0,4,5.0,6,837.60,2.2,,,
BF_BF24_h5s20n6.txt,HLCT,20,5,80,32,900.0,0,0.0,3,3.8,7,843.27,2.5,,,
BF_BF24_h5s20n7.txt,HLCT,20,5,80,32,900.0,0,0.0,3,3.8,7,848.53,2.3,,,
BF_BF24_h5s20n8.txt,HLCT,20,5,80,32,900.0,0,0.0,4,5.0,7,846.41,2.3,,,
BF_BF24_h5s20n9.txt,HLCT,20,5,80,32,900.0,1,1.2,8,10.0,7,798.33,4.7,,,
BF_BF25_h8s20n1.txt,HLCT,20,8,96,20,900.0,1,1.0,3,3.1,5,791.22,1.5,,,
BF_BF25_h8s20n10.txt,HLCT,20,8,96,20,900.0,1,1.0,3,3.1,6,831.97,2.1,,,
BF_BF25_h8s20n11.txt,HLCT,20,8,96,20,900.0,3,3.1,5,5.2,5,891.88,2.6,,,
BF_BF25_h8s20n12.txt,HLCT,20,8,96,20,900.0,1,1.0,4,4.2,5,806.70,2.8,,,
BF_BF25_h8s20n13.txt,HLCT,20,8,96,20,900.0,1,1.0,4,4.2,6,869.82,1.8,,,
BF_BF25_h8s20n14.txt,HLCT,20,8,96,20,900.0,2,2.1,4,4.2,5,816.78,2.5,,,
BF_BF25_h8s20n15.txt,HLCT,20,8,96,20,900.0,1,1.0,3,3.1,5,812.57,1.6,,,
BF_BF25_h8s20n16.txt,HLCT,20,8,96,20,900.0,1,1.0,3,3.1,5,849.81,1.6,,,
BF_BF25_h8s20n17.txt,HLCT,20,8,96,20,900.0,0,0.0,3,3.1,5,788.99,1.5,,,
BF_BF25_h8s20n18.txt,HLCT,20,8,96,20,900.0,2,2.1,5,5.2,6,895.27,1.7,,,
BF_BF25_h8s20n19.txt,HLCT,20,8,96,20,900.0,2,2.1,4,4.2,6,774.82,1.6,,,
BF_BF25_h8s20n2.txt,HLCT,20,8,96,20,900.0,1,1.0,5,5.2,5,842.94,1.6,,,
BF_BF25_h8s20n20.txt,HLCT,20,8,96,20,900.0,1,1.0,3,3.1,4,803.51,1.4,,,
BF_BF25_h8s20n3.txt,HLCT,20,8,96,20,900.0,1,1.0,4,4.2,5,787.82,1.7,,,
BF_BF25_h8s20n4.txt,HLCT,20,8,96,20,900.0,1,1.0,4,4.2,5,838.45,1.7,,,
BF_BF25_h8s20n5.txt,HLCT,20,8,96,20,900.0,1,1.0,3,3.1,5,788.81,1.6,,,
BF_BF25_h8s20n6.txt,HLCT,20,8,96,20,900.0,0,0.0,3,3.1,6,755.55,1.6,,,
BF_BF25_h8s20n7.txt,HLCT,20,8,96,20,900.0,0,0.0,3,3.1,5,802.29,1.6,,,
BF_BF25_h8s20n8.txt,HLCT,20,8,96,20,900.0,3,3.1,10,10.4,5,831.39,1.6,,,
BF_BF25_h8s20n9.txt,HLCT,20,8,96,20,900.0,1,1.0,4,4.2,5,824.50,1.7,,,
BF_BF26_h8s20n1.txt,HLCT,20,8,96,20,900.0,1,1.0,3,3.1,6,885.65,1.8,,,
BF_BF26_h8s20n10.txt,HLCT,20,8,96,20,900.0,1,1.0,4,4.2,6,817.04,1.6,,,
BF_BF26_h8s20n11.txt,HLCT,20,8,96,20,900.0,2,2.1,3,3.1,5,799.11,1.9,,,
BF_BF26_h8s20n12.txt,HLCT,20,8,96,20,900.0,0,0.0,2,2.1,5,777.24,1.7,,,
BF_BF26_h8s20n13.txt,HLCT,20,8,96,20,900.0,0,0.0,3,3.1,5,825.80,1.8,,,
BF_BF26_h8s20n14.txt,HLCT,20,8,96,20,900.0,0,0.0,2,2.1,5,740.07,1.6,,,
BF_BF26_h8s20n15.txt,HLCT,20,8,96,20,900.0,0,0.0,2,2.1,5,847.69,1.8,,,
BF_BF26_h8s20n16.txt,HLCT,20,8,96,20,900.0,0,0.0,3,3.1,5,844.92,1.8,,,
BF_BF26_h8s20n17.txt,HLCT,20,8,96,20,900.0,0,0.0,3,3.1,5,802.81,1.8,,,
BF_BF26_h8s20n18.txt,HLCT,20,8,96,20,900.0,1,1.0,3,3.1,5,822.55,1.7,,,
BF_BF26_h8s20n19.txt,HLCT,20,8,96,20,900.0,2,2.1,4,4.2,5,772.75,1.6,,,
BF_BF26_h8s20n2.txt,HLCT,20,8,96,20,900.0,2,2.1,4,4.2,5,805.43,1.8,,,
BF_BF26_h8s20n20.txt,HLCT,20,8,96,20,900.0,1,1.0,4,4.2,5,833.07,1.9,,,
BF_BF26_h8s20n3.txt,HLCT,20,8,96,20,900.0,2,2.1,4,4.2,5,879.51,1.6,,,
BF_BF26_h8s20n4.txt,HLCT,20,8,96,20,900.0,0,0.0,3,3.1,5,803.52,2.0,,,
BF_BF26_h8s20n5.txt,HLCT,20,8,96,20,900.0,1,1.0,2,2.1,5,810.66,1.8,,,
BF_BF26_h8s20n6.txt,HLCT,20,8,96,20,900.0,1,1.0,3,3.1,5,864.18,1.8,,,
BF_BF26_h8s20n7.txt,HLCT,20,8,96,20,900.0,1,1.0,3,3.1,5,789.64,1.5,,,
BF_BF26_h8s20n8.txt,HLCT,20,8,96,20,900.0,0,0.0,2,2.1,5,775.56,1.6,,,
BF_BF26_h8s20n9.txt,HLCT,20,8,96,20,900.0,1,1.0,3,3.1,5,874.04,1.7,,,
BF_BF27_h8s20n1.txt,HLCT,20,8,96,39,900.0,1,1.0,5,5.2,6,789.13,3.6,,,
BF_BF27_h8s20n10.txt,HLCT,20,8,96,39,900.0,0,0.0,2,2.1,6,780.53,3.1,,,
BF_BF27_h8s20n11.txt,HLCT,20,8,96,39,900.0,1,1.0,6,6.2,5,822.25,3.0,,,
BF_BF27_h8s20n12.txt,HLCT,20,8,96,39,900.0,0,0.0,1,1.0,5,750.21,2.9,,,
BF_BF27_h8s20n13.txt,HLCT,20,8,96,39,900.0,0,0.0,1,1.0,5,781.40,3.3,,,
BF_BF27_h8s20n14.txt,HLCT,20,8,96,39,900.0,2,2.1,4,4.2,6,775.42,3.2,,,
BF_BF27_h8s20n15.txt,HLCT,20,8,96,39,900.0,1,1.0,2,2.1,4,811.37,2.9,,,
BF_BF27_h8s20n16.txt,HLCT,20,8,96,39,900.0,0,0.0,3,3.1,6,830.38,3.0,,,
BF_BF27_h8s20n17.txt,HLCT,20,8,96,39,900.0,1,1.0,7,7.3,6,873.18,3.5,,,
BF_BF27_h8s20n18.txt,HLCT,20,8,96,39,900.0,0,0.0,3,3.1,5,899.35,3.3,,,
BF_BF27_h8s20n19.txt,HLCT,20,8,96,39,900.0,2,2.1,2,2.1,5,766.48,3.1,,,
BF_BF27_h8s20n2.txt,HLCT,20,8,96,39,900.0,1,1.0,4,4.2,6,798.23,3.5,,,
BF_BF27_h8s20n20.txt,HLCT,20,8,96,39,900.0,1,1.0,6,6.2,6,806.44,3.7,,,
BF_BF27_h8s20n3.txt,HLCT,20,8,96,39,900.0,0,0.0,1,1.0,5,856.59,3.1,,,
BF_BF27_h8s20n4.txt,HLCT,20,8,96,39,900.0,1,1.0,3,3.1,5,794.57,3.1,,,
BF_BF27_h8s20n5.txt,HLCT,20,8,96,39,900.0,2,2.1,4,4.2,5,797.36,3.0,,,
BF_BF27_h8s20n6.txt,HLCT,20,8,96,39,900.0,2,2.1,8,8.3,6,875.47,3.3,,,
BF_BF27_h8s20n7.txt,HLCT,20,8,96,39,900.0,0,0.0,4,4.2,5,772.79,3.2,,,
BF_BF27_h8s20n8.txt,HLCT,20,8,96,39,900.0,1,1.0,2,2.1,6,884.10,3.0,,,
BF_BF27_h8s20n9.txt,HLCT,20,8,96,39,900.0,0,0.0,5,5.2,5,753.65,3.0,,,
BF_BF28_h8s20n1.txt,HLCT,20,8,96,39,900.0,1,1.0,4,4.2,5,835.51,3.3,,,
BF_BF28_h8s20n10.txt,HLCT,20,8,96,39,900.0,1,1.0,4,4.2,5,788.34,3.3,,,
BF_BF28_h8s20n11.txt,HLCT,20,8,96,39,900.0,1,1.0,4,4.2,5,820.76,3.2,,,
BF_BF28_h8s20n12.txt,HLCT,20,8,96,39,900.0,0,0.0,2,2.1,5,788.26,3.1,,,
BF_BF28_h8s20n13.txt,HLCT,20,8,96,39,900.0,1,1.0,2,2.1,5,830.70,3.3,,,
BF_BF28_h8s20n14.txt,HLCT,20,8,96,39,900.0,1,1.0,2,2.1,5,782.35,3.0,,,
BF_BF28_h8s20n15.txt,HLCT,20,8,96,39,900.0,0,0.0,1,1.0,4,827.14,3.0,,,
BF_BF28_h8s20n16.txt,HLCT,20,8,96,39,900.0,1,1.0,2,2.1,5,737.28,3.0,,,
BF_BF28_h8s20n17.txt,HLCT,20,8,96,39,900.0,1,1.0,3,3.1,4,797.82,3.3,,,
BF_BF28_h8s20n18.txt,HLCT,20,8,96,39,900.0,0,0.0,1,1.0,4,786.49,3.3,,,
BF_BF28_h8s20n19.txt,HLCT,20,8,96,39,900.0,0,0.0,2,2.1,5,818.44,3.4,,,
BF_BF28_h8s20n2.txt,HLCT,20,8,96,39,900.0,0,0.0,2,2.1,5,796.76,3.1,,,
BF_BF28_h8s20n20.txt,HLCT,20,8,96,39,900.0,0,0.0,2,2.1,4,829.36,3.1,,,
BF_BF28_h8s20n3.txt,HLCT,20,8,96,39,900.0,0,0.0,1,1.0,5,806.28,4.5,,,
BF_BF28_h8s20n4.txt,HLCT,20,8,96,39,900.0,0,0.0,1,1.0,4,775.32,4.6,,,
BF_BF28_h8s20n5.txt,HLCT,20,8,96,39,900.0,0,0.0,1,1.0,5,824.08,5.3,,,
BF_BF28_h8s20n6.txt,HLCT,20,8,96,39,900.0,0,0.0,2,2.1,5,773.46,5.8,,,
BF_BF28_h8s20n7.txt,HLCT,20,8,96,39,900.0,0,0.0,2,2.1,6,880.40,5.9,,,
BF_BF28_h8s20n8.txt,HLCT,20,8,96,39,900.0,0,0.0,1,1.0,5,778.41,5.9,,,
BF_BF28_h8s20n9.txt,HLCT,20,8,96,39,900.0,0,0.0,5,5.2,6,884.97,5.1,,,
BF_BF29_h8s20n1.txt,HLCT,20,8,128,26,900.0,1,0.8,4,3.1,6,811.58,3.0,,,
BF_BF29_h8s20n10.txt,HLCT,20,8,128,26,900.0,0,0.0,3,2.3,6,793.47,3.2,,,
BF_BF29_h8s20n11.txt,HLCT,20,8,128,26,900.0,1,0.8,3,2.3,7,862.77,3.2,,,
BF_BF29_h8s20n12.txt,HLCT,20,8,128,26,900.0,0,0.0,3,2.3,7,852.73,3.1,,,
BF_BF29_h8s20n13.txt,HLCT,20,8,128,26,900.0,1,0.8,4,3.1,7,785.20,3.0,,,
BF_BF29_h8s20n14.txt,HLCT,20,8,128,26,900.0,1,0.8,3,2.3,5,818.11,2.9,,,
BF_BF29_h8s20n15.txt,HLCT,20,8,128,26,900.0,2,1.6,5,3.9,7,788.43,2.9,,,
BF_BF29_h8s20n16.txt,HLCT,20,8,128,26,900.0,0,0.0,4,3.1,7,815.17,3.1,,,
BF_BF29_h8s20n17.txt,HLCT,20,8,128,26,900.0,0,0.0,2,1.6,6,824.67,3.2,,,
BF_BF29_h8s20n18.txt,HLCT,20,8,128,26,900.0,2,1.6,4,3.1,6,804.29,3.1,,,
BF_BF29_h8s20n19.txt,HLCT,20,8,128,26,900.0,2,1.6,4,3.1,6,814.34,3.1,,,
BF_BF29_h8s20n2.txt,HLCT,20,8,128,26,900.0,0,0.0,2,1.6,5,798.41,3.3,,,
BF_BF29_h8s20n20.txt,HLCT,20,8,128,26,900.0,0,0.0,3,2.3,6,825.91,3.0,,,
BF_BF29_h8s20n3.txt,HLCT,20,8,128,26,900.0,0,0.0,2,1.6,6,797.66,2.9,,,
BF_BF29_h8s20n4.txt,HLCT,20,8,128,26,900.0,2,1.6,4,3.1,6,773.24,2.6,,,
BF_BF29_h8s20n5.txt,HLCT,20,8,128,26,900.0,2,1.6,4,3.1,7,802.83,2.9,,,
BF_BF29_h8s20n6.txt,HLCT,20,8,128,26,900.0,0,0.0,4,3.1,7,890.24,3.3,,,
BF_BF29_h8s20n7.txt,HLCT,20,8,128,26,900.0,0,0.0,2,1.6,6,808.64,3.2,,,
BF_BF29_h8s20n8.txt,HLCT,20,8,128,26,900.0,1,0.8,3,2.3,7,780.40,2.9,,,
BF_BF29_h8s20n9.txt,HLCT,20,8,128,26,900.0,2,1.6,4,3.1,6,772.99,3.1,,,
BF_BF2_h5s16n1.txt,HLCT,16,5,48,10,900.0,1,2.1,5,10.4,7,846.83,0.6,,,
BF_BF2_h5s16n10.txt,HLCT,16,5,48,10,900.0,2,4.2,7,14.6,7,832.47,0.6,,,
BF_BF2_h5s16n11.txt,HLCT,16,5,48,10,900.0,2,4.2,8,16.7,6,809.53,0.6,,,
BF_BF2_h5s16n12.txt,HLCT,16,5,48,10,900.0,1,2.1,4,8.3,7,862.91,0.5,,,
BF_BF2_h5s16n13.txt,HLCT,16,5,48,10,900.0,1,2.1,6,12.5,6,801.95,0.6,,,
BF_BF2_h5s16n14.txt,HLCT,16,5,48,10,900.0,1,2.1,4,8.3,7,855.82,0.6,,,
BF_BF2_h5s16n15.txt,HLCT,16,5,48,10,900.0,1,2.1,3,6.2,6,796.70,0.6,,,
BF_BF2_h5s16n16.txt,HLCT,16,5,48,10,900.0,0,0.0,6,12.5,7,872.65,0.6,,,
BF_BF2_h5s16n17.txt,HLCT,16,5,48,10,900.0,2,4.2,7,14.6,7,852.10,0.6,,,
BF_BF2_h5s16n18.txt,HLCT,16,5,48,10,900.0,1,2.1,4,8.3,7,882.33,0.6,,,
BF_BF2_h5s16n19.txt,HLCT,16,5,48,10,900.0,0,0.0,6,12.5,7,893.31,0.6,,,
BF_BF2_h5s16n2.txt,HLCT,16,5,48,10,900.0,1,2.1,4,8.3,7,826.53,0.6,,,
BF_BF2_h5s16n20.txt,HLCT,16,5,48,10,900.0,1,2.1,5,10.4,6,793.00,0.6,,,
BF_BF2_h5s16n3.txt,HLCT,16,5,48,10,900.0,1,2.1,3,6.2,6,800.00,0.6,,,
BF_BF2_h5s16n4.txt,HLCT,16,5,48,10,900.0,2,4.2,4,8.3,7,788.98,0.5,,,
BF_BF2_h5s16n5.txt,HLCT,16,5,48,10,900.0,1,2.1,8,16.7,7,885.81,0.5,,,
BF_BF2_h5s16n6.txt,HLCT,16,5,48,10,900.0,1,2.1,3,6.2,7,863.16,0.6,,,
BF_BF2_h5s16n7.txt,HLCT,16,5,48,10,900.0,4,8.3,7,14.6,7,825.96,0.6,,,
BF_BF2_h5s16n8.txt,HLCT,16,5,48,10,900.0,0,0.0,4,8.3,7,873.09,0.6,,,
BF_BF2_h5s16n9.txt,HLCT,16,5,48,10,900.0,1,2.1,4,8.3,7,786.56,0.6,,,
BF_BF30_h8s20n1.txt,HLCT,20,8,128,26,900.0,1,0.8,4,3.1,7,901.10,3.5,,,
BF_BF30_h8s20n10.txt,HLCT,20,8,128,26,900.0,0,0.0,3,2.3,6,800.02,3.3,,,
BF_BF30_h8s20n11.txt,HLCT,20,8,128,26,900.0,2,1.6,3,2.3,6,803.37,3.2,,,
BF_BF30_h8s20n12.txt,HLCT,20,8,128,26,900.0,0,0.0,1,0.8,5,820.30,3.2,,,
BF_BF30_h8s20n13.txt,HLCT,20,8,128,26,900.0,1,0.8,4,3.1,6,828.05,3.3,,,
BF_BF30_h8s20n14.txt,HLCT,20,8,128,26,900.0,1,0.8,3,2.3,5,824.65,3.1,,,
BF_BF30_h8s20n15.txt,HLCT,20,8,128,26,900.0,1,0.8,2,1.6,6,809.96,3.5,,,
BF_BF30_h8s20n16.txt,HLCT,20,8,128,26,900.0,1,0.8,6,4.7,7,861.49,3.5,,,
BF_BF30_h8s20n17.txt,HLCT,20,8,128,26,900.0,1,0.8,3,2.3,6,832.70,2.8,,,
BF_BF30_h8s20n18.txt,HLCT,20,8,128,26,900.0,1,0.8,2,1.6,6,864.67,3.0,,,
BF_BF30_h8s20n19.txt,HLCT,20,8,128,26,900.0,0,0.0,3,2.3,6,866.77,3.1,,,
BF_BF30_h8s20n2.txt,HLCT,20,8,128,26,900.0,1,0.8,3,2.3,6,809.35,3.2,,,
BF_BF30_h8s20n20.txt,HLCT,20,8,128,26,900.0,2,1.6,4,3.1,6,884.72,3.4,,,
BF_BF30_h8s20n3.txt,HLCT,20,8,128,26,900.0,1,0.8,5,3.9,7,890.11,3.1,,,
BF_BF30_h8s20n4.txt,HLCT,20,8,128,26,900.0,1,0.8,3,2.3,7,783.43,3.1,,,
BF_BF30_h8s20n5.txt,HLCT,20,8,128,26,900.0,1,0.8,3,2.3,5,881.82,3.3,,,
BF_BF30_h8s20n6.txt,HLCT,20,8,128,26,900.0,0,0.0,2,1.6,6,787.71,3.3,,,
BF_BF30_h8s20n7.txt,HLCT,20,8,128,26,900.0,2,1.6,3,2.3,5,790.96,3.0,,,
BF_BF30_h8s20n8.txt,HLCT,20,8,128,26,900.0,1,0.8,3,2.3,6,807.55,3.5,,,
BF_BF30_h8s20n9.txt,HLCT,20,8,128,26,900.0,3,2.3,5,3.9,6,878.32,3.0,,,
BF_BF31_h8s20n1.txt,HLCT,20,8,128,52,900.0,0,0.0,1,0.8,5,801.30,6.0,,,
BF_BF31_h8s20n10.txt,HLCT,20,8,128,52,900.0,0,0.0,3,2.3,6,787.61,6.0,,,
BF_BF31_h8s20n11.txt,HLCT,20,8,128,52,900.0,0,0.0,2,1.6,6,785.23,6.5,,,
BF_BF31_h8s20n12.txt,HLCT,20,8,128,52,900.0,1,0.8,3,2.3,6,788.90,6.5,,,
BF_BF31_h8s20n13.txt,HLCT,20,8,128,52,900.0,1,0.8,5,3.9,7,858.94,6.3,,,
BF_BF31_h8s20n14.txt,HLCT,20,8,128,52,900.0,0,0.0,2,1.6,7,874.01,10.3,,,
BF_BF31_h8s20n15.txt,HLCT,20,8,128,52,900.0,0,0.0,5,3.9,6,790.73,11.5,,,
BF_BF31_h8s20n16.txt,HLCT,20,8,128,52,900.0,2,1.6,4,3.1,7,789.83,9.6,,,
BF_BF31_h8s20n17.txt,HLCT,20,8,128,52,900.0,0,0.0,3,2.3,7,883.64,10.4,,,
BF_BF31_h8s20n18.txt,HLCT,20,8,128,52,900.0,0,0.0,4,3.1,8,875.36,9.7,,,
BF_BF31_h8s20n19.txt,HLCT,20,8,128,52,900.0,0,0.0,1,0.8,5,808.18,10.9,,,
BF_BF31_h8s20n2.txt,HLCT,20,8,128,52,900.0,3,2.3,5,3.9,6,839.75,6.0,,,
BF_BF31_h8s20n20.txt,HLCT,20,8,128,52,900.0,0,0.0,1,0.8,6,779.53,5.9,,,
BF_BF31_h8s20n3.txt,HLCT,20,8,128,52,900.0,3,2.3,5,3.9,7,833.94,6.2,,,
BF_BF31_h8s20n4.txt,HLCT,20,8,128,52,900.0,2,1.6,3,2.3,5,752.77,5.8,,,
BF_BF31_h8s20n5.txt,HLCT,20,8,128,52,900.0,0,0.0,3,2.3,7,877.54,6.5,,,
BF_BF31_h8s20n6.txt,HLCT,20,8,128,52,900.0,1,0.8,1,0.8,5,741.72,5.3,,,
BF_BF31_h8s20n7.txt,HLCT,20,8,128,52,900.0,0,0.0,3,2.3,7,847.29,6.6,,,
BF_BF31_h8s20n8.txt,HLCT,20,8,128,52,900.0,0,0.0,1,0.8,7,777.15,6.0,,,
BF_BF31_h8s20n9.txt,HLCT,20,8,128,52,900.0,1,0.8,5,3.9,7,879.94,6.0,,,
BF_BF32_h8s20n1.txt,HLCT,20,8,128,52,900.0,0,0.0,3,2.3,6,878.85,6.4,,,
BF_BF32_h8s20n10.txt,HLCT,20,8,128,52,900.0,0,0.0,1,0.8,6,801.76,6.6,,,
BF_BF32_h8s20n11.txt,HLCT,20,8,128,52,900.0,0,0.0,2,1.6,6,780.33,5.9,,,
BF_BF32_h8s20n12.txt,HLCT,20,8,128,52,900.0,1,0.8,3,2.3,6,866.16,6.7,,,
BF_BF32_h8s20n13.txt,HLCT,20,8,128,52,900.0,1,0.8,4,3.1,7,890.11,6.6,,,
BF_BF32_h8s20n14.txt,HLCT,20,8,128,52,900.0,0,0.0,0,0.0,6,750.60,6.3,,,
BF_BF32_h8s20n15.txt,HLCT,20,8,128,52,900.0,0,0.0,2,1.6,6,890.78,6.0,,,
BF_BF32_h8s20n16.txt,HLCT,20,8,128,52,900.0,1,0.8,4,3.1,6,813.57,6.6,,,
BF_BF32_h8s20n17.txt,HLCT,20,8,128,52,900.0,0,0.0,3,2.3,7,883.60,6.8,,,
BF_BF32_h8s20n18.txt,HLCT,20,8,128,52,900.0,0,0.0,1,0.8,6,783.03,6.3,,,
BF_BF32_h8s20n19.txt,HLCT,20,8,128,52,900.0,1,0.8,3,2.3,6,778.20,6.4,,,
BF_BF32_h8s20n2.txt,HLCT,20,8,128,52,900.0,0,0.0,3,2.3,6,839.08,6.3,,,
BF_BF32_h8s20n20.txt,HLCT,20,8,128,52,900.0,0,0.0,1,0.8,5,791.76,6.4,,,
BF_BF32_h8s20n3.txt,HLCT,20,8,128,52,900.0,1,0.8,2,1.6,6,828.09,5.6,,,
BF_BF32_h8s20n4.txt,HLCT,20,8,128,52,900.0,1,0.8,3,2.3,7,844.65,7.3,,,
BF_BF32_h8s20n5.txt,HLCT,20,8,128,52,900.0,0,0.0,2,1.6,6,862.31,5.9,,,
BF_BF32_h8s20n6.txt,HLCT,20,8,128,52,900.0,0,0.0,4,3.1,6,860.15,7.3,,,
BF_BF32_h8s20n7.txt,HLCT,20,8,128,52,900.0,0,0.0,2,1.6,6,772.47,6.1,,,
BF_BF32_h8s20n8.txt,HLCT,20,8,128,52,900.0,0,0.0,1,0.8,6,757.12,6.4,,,
BF_BF32_h8s20n9.txt,HLCT,20,8,128,52,900.0,0,0.0,1,0.8,5,790.45,6.5,,,
BF_BF3_h5s16n1.txt,HLCT,16,5,48,20,900.0,1,2.1,7,14.6,6,828.83,1.0,,,
BF_BF3_h5s16n10.txt,HLCT,16,5,48,20,900.0,1,2.1,5,10.4,7,861.96,1.0,,,
BF_BF3_h5s16n11.txt,HLCT,16,5,48,20,900.0,0,0.0,7,14.6,7,846.99,1.0,,,
BF_BF3_h5s16n12.txt,HLCT,16,5,48,20,900.0,1,2.1,4,8.3,7,881.53,1.0,,,
BF_BF3_h5s16n13.txt,HLCT,16,5,48,20,900.0,1,2.1,7,14.6,7,898.69,1.1,,,
BF_BF3_h5s16n14.txt,HLCT,16,5,48,20,900.0,2,4.2,7,14.6,7,810.22,1.2,,,
BF_BF3_h5s16n15.txt,HLCT,16,5,48,20,900.0,0,0.0,7,14.6,7,844.99,1.0,,,
BF_BF3_h5s16n16.txt,HLCT,16,5,48,20,900.0,1,2.1,6,12.5,7,865.68,1.0,,,
BF_BF3_h5s16n17.txt,HLCT,16,5,48,20,900.0,1,2.1,5,10.4,6,799.70,1.1,,,
BF_BF3_h5s16n18.txt,HLCT,16,5,48,20,900.0,2,4.2,4,8.3,6,766.43,1.1,,,
BF_BF3_h5s16n19.txt,HLCT,16,5,48,20,900.0,1,2.1,5,10.4,6,790.18,1.1,,,
BF_BF3_h5s16n2.txt,HLCT,16,5,48,20,900.0,0,0.0,6,12.5,7,878.90,1.1,,,
BF_BF3_h5s16n20.txt,HLCT,16,5,48,20,900.0,1,2.1,4,8.3,7,859.97,1.0,,,
BF_BF3_h5s16n3.txt,HLCT,16,5,48,20,900.0,2,4.2,8,16.7,8,879.52,1.1,,,
BF_BF3_h5s16n4.txt,HLCT,16,5,48,20,900.0,1,2.1,7,14.6,6,788.61,1.0,,,
BF_BF3_h5s16n5.txt,HLCT,16,5,48,20,900.0,1,2.1,7,14.6,7,878.26,1.1,,,
BF_BF3_h5s16n6.txt,HLCT,16,5,48,20,900.0,1,2.1,4,8.3,6,784.32,1.3,,,
BF_BF3_h5s16n7.txt,HLCT,16,5,48,20,900.0,1,2.1,6,12.5,7,872.28,1.1,,,
BF_BF3_h5s16n8.txt,HLCT,16,5,48,20,900.0,0,0.0,7,14.6,7,835.13,1.2,,,
BF_BF3_h5s16n9.txt,HLCT,16,5,48,20,900.0,1,2.1,4,8.3,6,838.25,1.0,,,
BF_BF4_h5s16n1.txt,HLCT,16,5,48,20,900.0,0,0.0,4,8.3,7,805.91,1.2,,,
BF_BF4_h5s16n10.txt,HLCT,16,5,48,20,900.0,0,0.0,7,14.6,7,860.97,1.2,,,
BF_BF4_h5s16n11.txt,HLCT,16,5,48,20,900.0,0,0.0,5,10.4,7,877.43,1.2,,,
BF_BF4_h5s16n12.txt,HLCT,16,5,48,20,900.0,0,0.0,5,10.4,6,808.65,1.1,,,
BF_BF4_h5s16n13.txt,HLCT,16,5,48,20,900.0,1,2.1,9,18.8,7,880.28,1.1,,,
BF_BF4_h5s16n14.txt,HLCT,16,5,48,20,900.0,1,2.1,9,18.8,7,788.45,1.3,,,
BF_BF4_h5s16n15.txt,HLCT,16,5,48,20,900.0,0,0.0,2,4.2,7,787.44,1.1,,,
BF_BF4_h5s16n16.txt,HLCT,16,5,48,20,900.0,1,2.1,5,10.4,7,854.41,1.1,,,
BF_BF4_h5s16n17.txt,HLCT,16,5,48,20,900.0,1,2.1,5,10.4,7,855.56,1.2,,,
BF_BF4_h5s16n18.txt,HLCT,16,5,48,20,900.0,1,2.1,4,8.3,6,799.16,1.0,,,
BF_BF4_h5s16n19.txt,HLCT,16,5,48,20,900.0,1,2.1,9,18.8,7,875.78,1.2,,,
BF_BF4_h5s16n2.txt,HLCT,16,5,48,20,900.0,1,2.1,4,8.3,7,810.02,1.2,,,
BF_BF4_h5s16n20.txt,HLCT,16,5,48,20,900.0,1,2.1,6,12.5,6,780.79,1.1,,,
BF_BF4_h5s16n3.txt,HLCT,16,5,48,20,900.0,0,0.0,10,20.8,7,848.31,1.1,,,
BF_BF4_h5s16n4.txt,HLCT,16,5,48,20,900.0,0,0.0,4,8.3,7,856.94,1.2,,,
BF_BF4_h5s16n5.txt,HLCT,16,5,48,20,900.0,0,0.0,1,2.1,6,799.57,1.0,,,
BF_BF4_h5s16n6.txt,HLCT,16,5,48,20,900.0,2,4.2,7,14.6,6,809.64,1.0,,,
BF_BF4_h5s16n7.txt,HLCT,16,5,48,20,900.0,0,0.0,4,8.3,6,789.05,1.1,,,
BF_BF4_h5s16n8.txt,HLCT,16,5,48,20,900.0,0,0.0,2,4.2,6,840.76,1.2,,,
BF_BF4_h5s16n9.txt,HLCT,16,5,48,20,900.0,0,0.0,2,4.2,6,780.25,1.1,,,
BF_BF5_h5s16n1.txt,HLCT,16,5,64,13,900.0,1,1.6,3,4.7,7,791.45,1.0,,,
BF_BF5_h5s16n10.txt,HLCT,16,5,64,13,900.0,1,1.6,9,14.1,7,820.09,0.9,,,
BF_BF5_h5s16n11.txt,HLCT,16,5,64,13,900.0,1,1.6,6,9.4,8,865.72,1.0,,,
BF_BF5_h5s16n12.txt,HLCT,16,5,64,13,900.0,1,1.6,7,10.9,8,812.87,1.0,,,
BF_BF5_h5s16n13.txt,HLCT,16,5,64,13,900.0,0,0.0,5,7.8,8,851.70,0.9,,,
BF_BF5_h5s16n14.txt,HLCT,16,5,64,13,900.0,2,3.1,6,9.4,8,877.61,1.4,,,
BF_BF5_h5s16n15.txt,HLCT,16,5,64,13,900.0,3,4.7,7,10.9,7,831.88,1.4,,,
BF_BF5_h5s16n16.txt,HLCT,16,5,64,13,900.0,1,1.6,4,6.2,7,863.59,0.8,,,
BF_BF5_h5s16n17.txt,HLCT,16,5,64,13,900.0,1,1.6,5,7.8,7,798.59,0.9,,,
BF_BF5_h5s16n18.txt,HLCT,16,5,64,13,900.0,1,1.6,4,6.2,7,828.38,1.6,,,
BF_BF5_h5s16n19.txt,HLCT,16,5,64,13,900.0,2,3.1,5,7.8,7,809.64,1.4,,,
BF_BF5_h5s16n2.txt,HLCT,16,5,64,13,900.0,1,1.6,6,9.4,7,794.29,1.3,,,
BF_BF5_h5s16n20.txt,HLCT,16,5,64,13,900.0,2,3.1,4,6.2,7,788.27,0.8,,,
BF_BF5_h5s16n3.txt,HLCT,16,5,64,13,900.0,2,3.1,8,12.5,7,790.88,1.0,,,
BF_BF5_h5s16n4.txt,HLCT,16,5,64,13,900.0,4,6.2,8,12.5,7,789.05,0.8,,,
BF_BF5_h5s16n5.txt,HLCT,16,5,64,13,900.0,1,1.6,4,6.2,7,787.34,0.9,,,
BF_BF5_h5s16n6.txt,HLCT,16,5,64,13,900.0,0,0.0,6,9.4,8,813.96,1.0,,,
BF_BF5_h5s16n7.txt,HLCT,16,5,64,13,900.0,0,0.0,3,4.7,7,804.97,0.9,,,
BF_BF5_h5s16n8.txt,HLCT,16,5,64,13,900.0,0,0.0,3,4.7,7,810.27,1.0,,,
BF_BF5_h5s16n9.txt,HLCT,16,5,64,13,900.0,1,1.6,7,10.9,8,837.94,1.1,,,
BF_BF6_h5s16n1.txt,HLCT,16,5,64,13,900.0,2,3.1,7,10.9,7,816.50,0.9,,,
BF_BF6_h5s16n10.txt,HLCT,16,5,64,13,900.0,1,1.6,3,4.7,7,873.75,0.8,,,
BF_BF6_h5s16n11.txt,HLCT,16,5,64,13,900.0,0,0.0,3,4.7,7,872.82,0.9,,,
BF_BF6_h5s16n12.txt,HLCT,16,5,64,13,900.0,0,0.0,4,6.2,7,862.41,0.9,,,
BF_BF6_h5s16n13.txt,HLCT,16,5,64,13,900.0,2,3.1,4,6.2,7,818.34,1.0,,,
BF_BF6_h5s16n14.txt,HLCT,16,5,64,13,900.0,1,1.6,11,17.2,8,855.75,0.9,,,
BF_BF6_h5s16n15.txt,HLCT,16,5,64,13,900.0,0,0.0,7,10.9,7,850.91,0.8,,,
BF_BF6_h5s16n16.txt,HLCT,16,5,64,13,900.0,2,3.1,9,14.1,7,852.39,0.9,,,
BF_BF6_h5s16n17.txt,HLCT,16,5,64,13,900.0,0,0.0,3,4.7,6,794.42,0.8,,,
BF_BF6_h5s16n18.txt,HLCT,16,5,64,13,900.0,0,0.0,3,4.7,7,809.58,0.9,,,
BF_BF6_h5s16n19.txt,HLCT,16,5,64,13,900.0,2,3.1,6,9.4,7,849.79,0.8,,,
BF_BF6_h5s16n2.txt,HLCT,16,5,64,13,900.0,1,1.6,4,6.2,7,835.04,0.8,,,
BF_BF6_h5s16n20.txt,HLCT,16,5,64,13,900.0,0,0.0,4,6.2,7,814.19,0.9,,,
BF_BF6_h5s16n3.txt,HLCT,16,5,64,13,900.0,2,3.1,7,10.9,7,817.98,0.8,,,
BF_BF6_h5s16n4.txt,HLCT,16,5,64,13,900.0,0,0.0,3,4.7,7,816.86,1.0,,,
BF_BF6_h5s16n5.txt,HLCT,16,5,64,13,900.0,2,3.1,5,7.8,7,838.02,1.0,,,
BF_BF6_h5s16n6.txt,HLCT,16,5,64,13,900.0,0,0.0,3,4.7,7,812.98,0.9,,,
BF_BF6_h5s16n7.txt,HLCT,16,5,64,13,900.0,0,0.0,4,6.2,7,807.40,1.0,,,
BF_BF6_h5s16n8.txt,HLCT,16,5,64,13,900.0,1,1.6,7,10.9,7,898.70,0.8,,,
BF_BF6_h5s16n9.txt,HLCT,16,5,64,13,900.0,5,7.8,7,10.9,6,807.11,0.8,,,
BF_BF7_h5s16n1.txt,HLCT,16,5,64,26,900.0,1,1.6,3,4.7,7,797.27,1.7,,,
BF_BF7_h5s16n10.txt,HLCT,16,5,64,26,900.0,2,3.1,8,12.5,7,810.30,1.7,,,
BF_BF7_h5s16n11.txt,HLCT,16,5,64,26,900.0,1,1.6,5,7.8,8,821.73,2.0,,,
BF_BF7_h5s16n12.txt,HLCT,16,5,64,26,900.0,1,1.6,9,14.1,7,864.09,1.7,,,
BF_BF7_h5s16n13.txt,HLCT,16,5,64,26,900.0,0,0.0,3,4.7,8,823.51,1.8,,,
BF_BF7_h5s16n14.txt,HLCT,16,5,64,26,900.0,1,1.6,3,4.7,7,821.47,1.6,,,
BF_BF7_h5s16n15.txt,HLCT,16,5,64,26,900.0,2,3.1,6,9.4,7,801.03,1.5,,,
BF_BF7_h5s16n16.txt,HLCT,16,5,64,26,900.0,1,1.6,5,7.8,7,821.62,1.8,,,
BF_BF7_h5s16n17.txt,HLCT,16,5,64,26,900.0,0,0.0,3,4.7,7,816.97,2.2,,,
BF_BF7_h5s16n18.txt,HLCT,16,5,64,26,900.0,3,4.7,4,6.2,7,833.35,1.7,,,
BF_BF7_h5s16n19.txt,HLCT,16,5,64,26,900.0,0,0.0,3,4.7,7,795.86,1.7,,,
BF_BF7_h5s16n2.txt,HLCT,16,5,64,26,900.0,1,1.6,7,10.9,7,815.22,1.9,,,
BF_BF7_h5s16n20.txt,HLCT,16,5,64,26,900.0,1,1.6,8,12.5,7,807.60,2.1,,,
BF_BF7_h5s16n3.txt,HLCT,16,5,64,26,900.0,1,1.6,5,7.8,7,801.69,1.8,,,
BF_BF7_h5s16n4.txt,HLCT,16,5,64,26,900.0,2,3.1,11,17.2,8,885.20,1.8,,,
BF_BF7_h5s16n5.txt,HLCT,16,5,64,26,900.0,0,0.0,4,6.2,7,801.90,1.7,,,
BF_BF7_h5s16n6.txt,HLCT,16,5,64,26,900.0,1,1.6,6,9.4,8,852.74,1.9,,,
BF_BF7_h5s16n7.txt,HLCT,16,5,64,26,900.0,1,1.6,6,9.4,7,846.34,1.8,,,
BF_BF7_h5s16n8.txt,HLCT,16,5,64,26,900.0,0,0.0,8,12.5,7,814.82,1.9,,,
BF_BF7_h5s16n9.txt,HLCT,16,5,64,26,900.0,0,0.0,7,10.9,7,801.49,2.0,,,
BF_BF8_h5s16n1.txt,HLCT,16,5,64,26,900.0,1,1.6,3,4.7,7,798.47,1.6,,,
BF_BF8_h5s16n10.txt,HLCT,16,5,64,26,900.0,0,0.0,2,3.1,7,787.03,1.8,,,
BF_BF8_h5s16n11.txt,HLCT,16,5,64,26,900.0,0,0.0,1,1.6,7,807.53,1.5,,,
BF_BF8_h5s16n12.txt,HLCT,16,5,64,26,900.0,0,0.0,5,7.8,7,850.49,1.8,,,
BF_BF8_h5s16n13.txt,HLCT,16,5,64,26,900.0,0,0.0,3,4.7,7,825.17,1.8,,,
BF_BF8_h5s16n14.txt,HLCT,16,5,64,26,900.0,0,0.0,3,4.7,6,785.27,1.6,,,
BF_BF8_h5s16n15.txt,HLCT,16,5,64,26,900.0,1,1.6,3,4.7,7,792.18,1.6,,,
BF_BF8_h5s16n16.txt,HLCT,16,5,64,26,900.0,1,1.6,4,6.2,6,824.45,1.7,,,
BF_BF8_h5s16n17.txt,HLCT,16,5,64,26,900.0,0,0.0,3,4.7,7,873.45,1.5,,,
BF_BF8_h5s16n18.txt,HLCT,16,5,64,26,900.0,1,1.6,5,7.8,7,835.47,1.6,,,
BF_BF8_h5s16n19.txt,HLCT,16,5,64,26,900.0,1,1.6,4,6.2,7,807.99,2.0,,,
BF_BF8_h5s16n2.txt,HLCT,16,5,64,26,900.0,0,0.0,5,7.8,7,801.42,1.9,,,
BF_BF8_h5s16n20.txt,HLCT,16,5,64,26,900.0,1,1.6,4,6.2,7,838.05,1.6,,,
BF_BF8_h5s16n3.txt,HLCT,16,5,64,26,900.0,1,1.6,4,6.2,7,883.80,1.7,,,
BF_BF8_h5s16n4.txt,HLCT,16,5,64,26,900.0,1,1.6,7,10.9,7,799.90,2.9,,,
BF_BF8_h5s16n5.txt,HLCT,16,5,64,26,900.0,1,1.6,6,9.4,7,834.48,2.6,,,
BF_BF8_h5s16n6.txt,HLCT,16,5,64,26,900.0,0,0.0,5,7.8,8,865.65,3.1,,,
BF_BF8_h5s16n7.txt,HLCT,16,5,64,26,900.0,2,3.1,5,7.8,7,807.05,1.7,,,
BF_BF8_h5s16n8.txt,HLCT,16,5,64,26,900.0,1,1.6,7,10.9,7,869.33,3.0,,,
BF_BF8_h5s16n9.txt,HLCT,16,5,64,26,900.0,1,1.6,4,6.2,6,825.00,2.8,,,
BF_BF9_h8s16n1.txt,HLCT,16,8,77,16,900.0,0,0.0,2,2.6,5,855.34,1.1,,,
BF_BF9_h8s16n10.txt,HLCT,16,8,77,16,900.0,1,1.3,3,3.9,6,826.12,1.1,,,
BF_BF9_h8s16n11.txt,HLCT,16,8,77,16,900.0,2,2.6,3,3.9,5,773.58,1.0,,,
BF_BF9_h8s16n12.txt,HLCT,16,8,77,16,900.0,1,1.3,2,2.6,5,788.53,1.0,,,
BF_BF9_h8s16n13.txt,HLCT,16,8,77,16,900.0,1,1.3,3,3.9,5,796.71,1.0,,,
BF_BF9_h8s16n14.txt,HLCT,16,8,77,16,900.0,2,2.6,3,3.9,6,802.19,1.0,,,
BF_BF9_h8s16n15.txt,HLCT,16,8,77,16,900.0,3,3.9,6,7.8,6,813.66,1.1,,,
BF_BF9_h8s16n16.txt,HLCT,16,8,77,16,900.0,1,1.3,4,5.2,6,865.79,1.0,,,
BF_BF9_h8s16n17.txt,HLCT,16,8,77,16,900.0,2,2.6,3,3.9,5,850.29,1.0,,,
BF_BF9_h8s16n18.txt,HLCT,16,8,77,16,900.0,3,3.9,4,5.2,5,807.90,1.0,,,
BF_BF9_h8s16n19.txt,HLCT,16,8,77,16,900.0,1,1.3,3,3.9,5,788.55,1.2,,,
BF_BF9_h8s16n2.txt,HLCT,16,8,77,16,900.0,1,1.3,3,3.9,5,824.47,1.0,,,
BF_BF9_h8s16n20.txt,HLCT,16,8,77,16,900.0,1,1.3,3,3.9,4,773.71,1.1,,,
BF_BF9_h8s16n3.txt,HLCT,16,8,77,16,900.0,1,1.3,3,3.9,6,842.99,1.1,,,
BF_BF9_h8s16n4.txt,HLCT,16,8,77,16,900.0,1,1.3,2,2.6,5,801.10,1.0,,,
BF_BF9_h8s16n5.txt,HLCT,16,8,77,16,900.0,3,3.9,4,5.2,6,884.53,1.0,,,
BF_BF9_h8s16n6.txt,HLCT,16,8,77,16,900.0,1,1.3,3,3.9,5,793.73,1.1,,,
BF_BF9_h8s16n7.txt,HLCT,16,8,77,16,900.0,1,1.3,4,5.2,5,822.26,1.1,,,
BF_BF9_h8s16n8.txt,HLCT,16,8,77,16,900.0,4,5.2,7,9.1,6,817.93,1.2,,,
BF_BF9_h8s16n9.txt,HLCT,16,8,77,16,900.0,1,1.3,4,5.2,5,769.52,0.9,,,
BF_BF10_h8s16n1.txt,HLCT,16,8,77,16,1200.0,0,0.0,3,3.9,8,1090.10,1.4,,,
BF_BF10_h8s16n10.txt,HLCT,16,8,77,16,1200.0,2,2.6,5,6.5,7,1083.77,1.3,,,
BF_BF10_h8s16n11.txt,HLCT,16,8,77,16,1200.0,2,2.6,4,5.2,8,1092.18,1.3,,,
BF_BF10_h8s16n12.txt,HLCT,16,8,77,16,1200.0,1,1.3,5,6.5,7,1084.73,1.4,,,
BF_BF10_h8s16n13.txt,HLCT,16,8,77,16,1200.0,1,1.3,3,3.9,8,1104.73,1.5,,,
BF_BF10_h8s16n14.txt,HLCT,16,8,77,16,1200.0,1,1.3,5,6.5,8,1190.31,1.4,,,
BF_BF10_h8s16n15.txt,HLCT,16,8,77,16,1200.0,2,2.6,4,5.2,7,1132.62,1.1,,,
BF_BF10_h8s16n16.txt,HLCT,16,8,77,16,1200.0,0,0.0,3,3.9,7,1133.32,1.2,,,
BF_BF10_h8s16n17.txt,HLCT,16,8,77,16,1200.0,0,0.0,3,3.9,8,1126.23,1.4,,,
BF_BF10_h8s16n18.txt,HLCT,16,8,77,16,1200.0,1,1.3,3,3.9,7,1129.06,1.3,,,
BF_BF10_h8s16n19.txt,HLCT,16,8,77,16,1200.0,0,0.0,2,2.6,8,1094.69,1.3,,,
BF_BF10_h8s16n2.txt,HLCT,16,8,77,16,1200.0,2,2.6,4,5.2,8,1148.01,1.4,,,
BF_BF10_h8s16n20.txt,HLCT,16,8,77,16,1200.0,0,0.0,3,3.9,8,1082.62,1.4,,,
BF_BF10_h8s16n3.txt,HLCT,16,8,77,16,1200.0,2,2.6,8,10.4,8,1135.19,1.8,,,
BF_BF10_h8s16n4.txt,HLCT,16,8,77,16,1200.0,0,0.0,3,3.9,7,1108.00,1.4,,,
BF_BF10_h8s16n5.txt,HLCT,16,8,77,16,1200.0,1,1.3,3,3.9,7,1076.17,1.2,,,
BF_BF10_h8s16n6.txt,HLCT,16,8,77,16,1200.0,1,1.3,4,5.2,8,1108.13,1.4,,,
BF_BF10_h8s16n7.txt,HLCT,16,8,77,16,1200.0,0,0.0,2,2.6,7,1108.40,1.4,,,
BF_BF10_h8s16n8.txt,HLCT,16,8,77,16,1200.0,1,1.3,2,2.6,7,1094.01,1.5,,,
BF_BF10_h8s16n9.txt,HLCT,16,8,77,16,1200.0,2,2.6,4,5.2,7,1093.05,1.4,,,
BF_BF11_h8s16n1.txt,HLCT,16,8,77,31,1200.0,0,0.0,3,3.9,7,1125.04,2.4,,,
BF_BF11_h8s16n10.txt,HLCT,16,8,77,31,1200.0,0,0.0,3,3.9,7,1106.83,2.3,,,
BF_BF11_h8s16n11.txt,HLCT,16,8,77,31,1200.0,0,0.0,2,2.6,8,1164.08,2.4,,,
BF_BF11_h8s16n12.txt,HLCT,16,8,77,31,1200.0,0,0.0,1,1.3,7,1050.42,2.4,,,
BF_BF11_h8s16n13.txt,HLCT,16,8,77,31,1200.0,0,0.0,3,3.9,7,1189.95,2.1,,,
BF_BF11_h8s16n14.txt,HLCT,16,8,77,31,1200.0,0,0.0,4,5.2,8,1061.68,2.6,,,
BF_BF11_h8s16n15.txt,HLCT,16,8,77,31,1200.0,1,1.3,4,5.2,8,1100.68,2.6,,,
BF_BF11_h8s16n16.txt,HLCT,16,8,77,31,1200.0,0,0.0,5,6.5,8,1160.94,2.6,,,
BF_BF11_h8s16n17.txt,HLCT,16,8,77,31,1200.0,2,2.6,6,7.8,8,1147.96,2.4,,,
BF_BF11_h8s16n18.txt,HLCT,16,8,77,31,1200.0,0,0.0,3,3.9,8,1095.73,2.3,,,
BF_BF11_h8s16n19.txt,HLCT,16,8,77,31,1200.0,0,0.0,4,5.2,8,1126.75,2.5,,,
BF_BF11_h8s16n2.txt,HLCT,16,8,77,31,1200.0,1,1.3,3,3.9,6,1084.40,2.4,,,
BF_BF11_h8s16n20.txt,HLCT,16,8,77,31,1200.0,1,1.3,5,6.5,8,1090.22,2.6,,,
BF_BF11_h8s16n3.txt,HLCT,16,8,77,31,1200.0,1,1.3,4,5.2,7,1068.09,2.4,,,
BF_BF11_h8s16n4.txt,HLCT,16,8,77,31,1200.0,0,0.0,2,2.6,7,1140.21,2.2,,,
BF_BF11_h8s16n5.txt,HLCT,16,8,77,31,1200.0,0,0.0,5,6.5,7,1077.31,2.2,,,
BF_BF11_h8s16n6.txt,HLCT,16,8,77,31,1200.0,0,0.0,4,5.2,8,1157.12,4.0,,,
BF_BF11_h8s16n7.txt,HLCT,16,8,77,31,1200.0,0,0.0,4,5.2,7,1134.48,3.8,,,
BF_BF11_h8s16n8.txt,HLCT,16,8,77,31,1200.0,0,0.0,2,2.6,7,1055.76,3.9,,,
BF_BF11_h8s16n9.txt,HLCT,16,8,77,31,1200.0,0,0.0,3,3.9,8,1151.55,3.9,,,
BF_BF12_h8s16n1.txt,HLCT,16,8,77,31,1200.0,0,0.0,1,1.3,7,1147.21,4.0,,,
BF_BF12_h8s16n10.txt,HLCT,16,8,77,31,1200.0,0,0.0,4,5.2,7,1116.23,4.0,,,
BF_BF12_h8s16n11.txt,HLCT,16,8,77,31,1200.0,0,0.0,1,1.3,6,1060.11,3.8,,,
BF_BF12_h8s16n12.txt,HLCT,16,8,77,31,1200.0,0,0.0,4,5.2,7,1165.99,2.4,,,
BF_BF12_h8s16n13.txt,HLCT,16,8,77,31,1200.0,0,0.0,1,1.3,7,1047.71,2.3,,,
BF_BF12_h8s16n14.txt,HLCT,16,8,77,31,1200.0,0,0.0,3,3.9,7,1081.70,2.7,,,
BF_BF12_h8s16n15.txt,HLCT,16,8,77,31,1200.0,0,0.0,4,5.2,8,1161.75,2.5,,,
BF_BF12_h8s16n16.txt,HLCT,16,8,77,31,1200.0,2,2.6,7,9.1,6,1058.68,2.5,,,
BF_BF12_h8s16n17.txt,HLCT,16,8,77,31,1200.0,0,0.0,1,1.3,7,1067.00,2.1,,,
BF_BF12_h8s16n18.txt,HLCT,16,8,77,31,1200.0,1,1.3,4,5.2,8,1142.85,2.8,,,
BF_BF12_h8s16n19.txt,HLCT,16,8,77,31,1200.0,1,1.3,3,3.9,7,1096.59,2.6,,,
BF_BF12_h8s16n2.txt,HLCT,16,8,77,31,1200.0,1,1.3,3,3.9,7,1184.68,2.3,,,
BF_BF12_h8s16n20.txt,HLCT,16,8,77,31,1200.0,1,1.3,4,5.2,7,1154.23,2.3,,,
BF_BF12_h8s16n3.txt,HLCT,16,8,77,31,1200.0,2,2.6,6,7.8,8,1158.76,2.7,,,
BF_BF12_h8s16n4.txt,HLCT,16,8,77,31,1200.0,3,3.9,6,7.8,7,1139.21,2.2,,,
BF_BF12_h8s16n5.txt,HLCT,16,8,77,31,1200.0,0,0.0,1,1.3,7,1109.37,2.3,,,
BF_BF12_h8s16n6.txt,HLCT,16,8,77,31,1200.0,1,1.3,6,7.8,7,1060.36,2.6,,,
BF_BF12_h8s16n7.txt,HLCT,16,8,77,31,1200.0,0,0.0,3,3.9,7,1120.28,2.6,,,
BF_BF12_h8s16n8.txt,HLCT,16,8,77,31,1200.0,0,0.0,1,1.3,7,1044.89,2.4,,,
BF_BF12_h8s16n9.txt,HLCT,16,8,77,31,1200.0,0,0.0,2,2.6,7,1085.17,2.3,,,
BF_BF13_h8s16n1.txt,HLCT,16,8,103,21,1200.0,1,1.0,4,3.9,9,1080.35,2.3,,,
BF_BF13_h8s16n10.txt,HLCT,16,8,103,21,1200.0,2,1.9,3,2.9,8,1061.56,2.3,,,
BF_BF13_h8s16n11.txt,HLCT,16,8,103,21,1200.0,0,0.0,2,1.9,9,1094.07,2.3,,,
BF_BF13_h8s16n12.txt,HLCT,16,8,103,21,1200.0,1,1.0,6,5.8,9,1090.32,2.2,,,
BF_BF13_h8s16n13.txt,HLCT,16,8,103,21,1200.0,0,0.0,6,5.8,9,1167.46,2.3,,,
BF_BF13_h8s16n14.txt,HLCT,16,8,103,21,1200.0,0,0.0,3,2.9,10,1110.88,2.5,,,
BF_BF13_h8s16n15.txt,HLCT,16,8,103,21,1200.0,0,0.0,3,2.9,9,1085.34,2.5,,,
BF_BF13_h8s16n16.txt,HLCT,16,8,103,21,1200.0,1,1.0,7,6.8,9,1085.93,2.5,,,
BF_BF13_h8s16n17.txt,HLCT,16,8,103,21,1200.0,0,0.0,4,3.9,9,1122.27,2.2,,,
BF_BF13_h8s16n18.txt,HLCT,16,8,103,21,1200.0,0,0.0,4,3.9,8,1099.96,2.6,,,
BF_BF13_h8s16n19.txt,HLCT,16,8,103,21,1200.0,1,1.0,3,2.9,8,1116.92,2.2,,,
BF_BF13_h8s16n2.txt,HLCT,16,8,103,21,1200.0,1,1.0,2,1.9,8,1118.55,2.5,,,
BF_BF13_h8s16n20.txt,HLCT,16,8,103,21,1200.0,0,0.0,3,2.9,8,1106.53,2.1,,,
BF_BF13_h8s16n3.txt,HLCT,16,8,103,21,1200.0,1,1.0,5,4.9,9,1154.17,2.4,,,
BF_BF13_h8s16n4.txt,HLCT,16,8,103,21,1200.0,2,1.9,4,3.9,8,1077.38,2.3,,,
BF_BF13_h8s16n5.txt,HLCT,16,8,103,21,1200.0,2,1.9,4,3.9,9,1113.24,2.4,,,
BF_BF13_h8s16n6.txt,HLCT,16,8,103,21,1200.0,1,1.0,7,6.8,9,1176.50,3.8,,,
BF_BF13_h8s16n7.txt,HLCT,16,8,103,21,1200.0,0,0.0,3,2.9,9,1124.64,3.9,,,
BF_BF13_h8s16n8.txt,HLCT,16,8,103,21,1200.0,2,1.9,4,3.9,8,1119.15,4.1,,,
BF_BF13_h8s16n9.txt,HLCT,16,8,103,21,1200.0,0,0.0,5,4.9,9,1175.88,3.5,,,
BF_BF14_h8s16n1.txt,HLCT,16,8,103,21,1200.0,2,1.9,8,7.8,10,1129.41,4.8,,,
BF_BF14_h8s16n10.txt,HLCT,16,8,103,21,1200.0,1,1.0,4,3.9,9,1189.63,2.6,,,
BF_BF14_h8s16n11.txt,HLCT,16,8,103,21,1200.0,0,0.0,3,2.9,9,1114.43,3.3,,,
BF_BF14_h8s16n12.txt,HLCT,16,8,103,21,1200.0,1,1.0,5,4.9,8,1083.75,2.4,,,
BF_BF14_h8s16n13.txt,HLCT,16,8,103,21,1200.0,0,0.0,3,2.9,10,1117.47,2.5,,,
BF_BF14_h8s16n14.txt,HLCT,16,8,103,21,1200.0,1,1.0,3,2.9,8,1098.08,2.1,,,
BF_BF14_h8s16n15.txt,HLCT,16,8,103,21,1200.0,2,1.9,7,6.8,8,1110.72,2.4,,,
BF_BF14_h8s16n16.txt,HLCT,16,8,103,21,1200.0,0,0.0,2,1.9,8,1105.33,2.6,,,
BF_BF14_h8s16n17.txt,HLCT,16,8,103,21,1200.0,1,1.0,7,6.8,9,1105.74,2.6,,,
BF_BF14_h8s16n18.txt,HLCT,16,8,103,21,1200.0,0,0.0,3,2.9,8,1132.81,2.3,,,
BF_BF14_h8s16n19.txt,HLCT,16,8,103,21,1200.0,0,0.0,3,2.9,8,1120.54,2.6,,,
BF_BF14_h8s16n2.txt,HLCT,16,8,103,21,1200.0,1,1.0,3,2.9,9,1071.73,2.5,,,
BF_BF14_h8s16n20.txt,HLCT,16,8,103,21,1200.0,0,0.0,3,2.9,9,1088.40,2.3,,,
BF_BF14_h8s16n3.txt,HLCT,16,8,103,21,1200.0,0,0.0,5,4.9,7,1109.49,2.9,,,
BF_BF14_h8s16n4.txt,HLCT,16,8,103,21,1200.0,2,1.9,5,4.9,8,1117.41,2.4,,,
BF_BF14_h8s16n5.txt,HLCT,16,8,103,21,1200.0,2,1.9,4,3.9,8,1107.97,2.5,,,
BF_BF14_h8s16n6.txt,HLCT,16,8,103,21,1200.0,0,0.0,3,2.9,8,1095.11,2.5,,,
BF_BF14_h8s16n7.txt,HLCT,16,8,103,21,1200.0,1,1.0,3,2.9,8,1118.70,2.1,,,
BF_BF14_h8s16n8.txt,HLCT,16,8,103,21,1200.0,0,0.0,3,2.9,8,1109.48,2.7,,,
BF_BF14_h8s16n9.txt,HLCT,16,8,103,21,1200.0,1,1.0,3,2.9,9,1108.24,2.6,,,
BF_BF15_h8s16n1.txt,HLCT,16,8,103,42,1200.0,0,0.0,2,1.9,8,1074.67,4.6,,,
BF_BF15_h8s16n10.txt,HLCT,16,8,103,42,1200.0,0,0.0,3,2.9,8,1151.59,4.5,,,
BF_BF15_h8s16n11.txt,HLCT,16,8,103,42,1200.0,0,0.0,3,2.9,8,1121.17,4.6,,,
BF_BF15_h8s16n12.txt,HLCT,16,8,103,42,1200.0,1,1.0,3,2.9,9,1113.30,4.8,,,
BF_BF15_h8s16n13.txt,HLCT,16,8,103,42,1200.0,1,1.0,10,9.7,10,1188.50,4.7,,,
BF_BF15_h8s16n14.txt,HLCT,16,8,103,42,1200.0,1,1.0,8,7.8,9,1072.16,4.7,,,
BF_BF15_h8s16n15.txt,HLCT,16,8,103,42,1200.0,0,0.0,5,4.9,10,1151.34,4.5,,,
BF_BF15_h8s16n16.txt,HLCT,16,8,103,42,1200.0,0,0.0,2,1.9,7,1053.12,4.4,,,
BF_BF15_h8s16n17.txt,HLCT,16,8,103,42,1200.0,0,0.0,4,3.9,9,1118.98,4.9,,,
BF_BF15_h8s16n18.txt,HLCT,16,8,103,42,1200.0,0,0.0,2,1.9,8,1092.74,4.4,,,
BF_BF15_h8s16n19.txt,HLCT,16,8,103,42,1200.0,2,1.9,4,3.9,8,1052.45,4.4,,,
BF_BF15_h8s16n2.txt,HLCT,16,8,103,42,1200.0,1,1.0,4,3.9,10,1088.39,5.3,,,
BF_BF15_h8s16n20.txt,HLCT,16,8,103,42,1200.0,1,1.0,5,4.9,10,1137.29,4.7,,,
BF_BF15_h8s16n3.txt,HLCT,16,8,103,42,1200.0,0,0.0,2,1.9,8,1034.89,4.5,,,
BF_BF15_h8s16n4.txt,HLCT,16,8,103,42,1200.0,0,0.0,3,2.9,8,1081.36,4.2,,,
BF_BF15_h8s16n5.txt,HLCT,16,8,103,42,1200.0,0,0.0,2,1.9,8,1065.99,4.8,,,
BF_BF15_h8s16n6.txt,HLCT,16,8,103,42,1200.0,0,0.0,1,1.0,8,1128.87,4.8,,,
BF_BF15_h8s16n7.txt,HLCT,16,8,103,42,1200.0,0,0.0,5,4.9,8,1133.76,5.0,,,
BF_BF15_h8s16n8.txt,HLCT,16,8,103,42,1200.0,0,0.0,2,1.9,8,1083.70,4.9,,,
BF_BF15_h8s16n9.txt,HLCT,16,8,103,42,1200.0,1,1.0,6,5.8,8,1113.66,4.3,,,
BF_BF16_h8s16n1.txt,HLCT,16,8,103,42,1200.0,0,0.0,4,3.9,9,1095.22,5.0,,,
BF_BF16_h8s16n10.txt,HLCT,16,8,103,42,1200.0,0,0.0,1,1.0,7,1077.75,4.3,,,
BF_BF16_h8s16n11.txt,HLCT,16,8,103,42,1200.0,0,0.0,2,1.9,8,1081.63,4.8,,,
BF_BF16_h8s16n12.txt,HLCT,16,8,103,42,1200.0,0,0.0,3,2.9,9,1099.49,9.2,,,
BF_BF16_h8s16n13.txt,HLCT,16,8,103,42,1200.0,1,1.0,4,3.9,8,1073.53,8.3,,,
BF_BF16_h8s16n14.txt,HLCT,16,8,103,42,1200.0,0,0.0,4,3.9,9,1083.61,8.4,,,
BF_BF16_h8s16n15.txt,HLCT,16,8,103,42,1200.0,0,0.0,2,1.9,8,1130.36,7.6,,,
BF_BF16_h8s16n16.txt,HLCT,16,8,103,42,1200.0,1,1.0,5,4.9,8,1136.98,7.5,,,
BF_BF16_h8s16n17.txt,HLCT,16,8,103,42,1200.0,0,0.0,1,1.0,9,1051.26,7.8,,,
BF_BF16_h8s16n18.txt,HLCT,16,8,103,42,1200.0,0,0.0,5,4.9,9,1092.96,8.8,,,
BF_BF16_h8s16n19.txt,HLCT,16,8,103,42,1200.0,0,0.0,2,1.9,8,1094.47,4.3,,,
BF_BF16_h8s16n2.txt,HLCT,16,8,103,42,1200.0,0,0.0,2,1.9,9,1050.30,4.7,,,
BF_BF16_h8s16n20.txt,HLCT,16,8,103,42,1200.0,0,0.0,6,5.8,8,1121.46,4.7,,,
BF_BF16_h8s16n3.txt,HLCT,16,8,103,42,1200.0,0,0.0,2,1.9,8,1128.36,4.6,,,
BF_BF16_h8s16n4.txt,HLCT,16,8,103,42,1200.0,1,1.0,2,1.9,7,1093.07,5.1,,,
BF_BF16_h8s16n5.txt,HLCT,16,8,103,42,1200.0,0,0.0,3,2.9,8,1112.29,5.4,,,
BF_BF16_h8s16n6.txt,HLCT,16,8,103,42,1200.0,1,1.0,2,1.9,7,1083.49,4.5,,,
BF_BF16_h8s16n7.txt,HLCT,16,8,103,42,1200.0,0,0.0,2,1.9,8,1097.26,4.5,,,
BF_BF16_h8s16n8.txt,HLCT,16,8,103,42,1200.0,0,0.0,2,1.9,8,1112.50,4.7,,,
BF_BF16_h8s16n9.txt,HLCT,16,8,103,42,1200.0,0,0.0,4,3.9,8,1117.83,5.1,,,
BF_BF17_h5s20n1.txt,HLCT,20,5,60,12,1200.0,1,1.7,6,10.0,9,1135.18,1.1,,,
BF_BF17_h5s20n10.txt,HLCT,20,5,60,12,1200.0,1,1.7,14,23.3,9,1096.41,1.1,,,
BF_BF17_h5s20n11.txt,HLCT,20,5,60,12,1200.0,0,0.0,6,10.0,9,1166.45,1.2,,,
BF_BF17_h5s20n12.txt,HLCT,20,5,60,12,1200.0,2,3.3,6,10.0,9,1102.56,1.0,,,
BF_BF17_h5s20n13.txt,HLCT,20,5,60,12,1200.0,2,3.3,9,15.0,8,1109.59,1.1,,,
BF_BF17_h5s20n14.txt,HLCT,20,5,60,12,1200.0,2,3.3,9,15.0,9,1124.51,1.3,,,
BF_BF17_h5s20n15.txt,HLCT,20,5,60,12,1200.0,0,0.0,10,16.7,9,1100.99,1.2,,,
BF_BF17_h5s20n16.txt,HLCT,20,5,60,12,1200.0,1,1.7,7,11.7,9,1167.28,1.0,,,
BF_BF17_h5s20n17.txt,HLCT,20,5,60,12,1200.0,2,3.3,8,13.3,8,1106.04,1.1,,,
BF_BF17_h5s20n18.txt,HLCT,20,5,60,12,1200.0,0,0.0,6,10.0,9,1111.56,1.1,,,
BF_BF17_h5s20n19.txt,HLCT,20,5,60,12,1200.0,2,3.3,7,11.7,9,1130.71,1.4,,,
BF_BF17_h5s20n2.txt,HLCT,20,5,60,12,1200.0,3,5.0,7,11.7,9,1199.74,1.0,,,
BF_BF17_h5s20n20.txt,HLCT,20,5,60,12,1200.0,1,1.7,8,13.3,9,1113.84,1.1,,,
BF_BF17_h5s20n3.txt,HLCT,20,5,60,12,1200.0,4,6.7,11,18.3,9,1130.02,1.2,,,
BF_BF17_h5s20n4.txt,HLCT,20,5,60,12,1200.0,3,5.0,10,16.7,9,1123.97,1.1,,,
BF_BF17_h5s20n5.txt,HLCT,20,5,60,12,1200.0,2,3.3,7,11.7,8,1088.99,1.1,,,
BF_BF17_h5s20n6.txt,HLCT,20,5,60,12,1200.0,1,1.7,7,11.7,9,1146.23,1.1,,,
BF_BF17_h5s20n7.txt,HLCT,20,5,60,12,1200.0,2,3.3,9,15.0,9,1140.21,1.1,,,
BF_BF17_h5s20n8.txt,HLCT,20,5,60,12,1200.0,2,3.3,5,8.3,9,1167.54,1.1,,,
BF_BF17_h5s20n9.txt,HLCT,20,5,60,12,1200.0,1,1.7,7,11.7,9,1097.11,1.1,,,
BF_BF18_h5s20n1.txt,HLCT,20,5,60,12,1200.0,1,1.7,4,6.7,9,1127.19,1.2,,,
BF_BF18_h5s20n10.txt,HLCT,20,5,60,12,1200.0,0,0.0,6,10.0,9,1150.94,1.0,,,
BF_BF18_h5s20n11.txt,HLCT,20,5,60,12,1200.0,0,0.0,3,5.0,8,1112.98,1.0,,,
BF_BF18_h5s20n12.txt,HLCT,20,5,60,12,1200.0,1,1.7,8,13.3,9,1144.14,1.1,,,
BF_BF18_h5s20n13.txt,HLCT,20,5,60,12,1200.0,3,5.0,8,13.3,9,1097.66,1.0,,,
BF_BF18_h5s20n14.txt,HLCT,20,5,60,12,1200.0,1,1.7,9,15.0,10,1196.78,1.3,,,
BF_BF18_h5s20n15.txt,HLCT,20,5,60,12,1200.0,0,0.0,5,8.3,9,1093.62,1.2,,,
BF_BF18_h5s20n16.txt,HLCT,20,5,60,12,1200.0,1,1.7,9,15.0,10,1191.56,1.0,,,
BF_BF18_h5s20n17.txt,HLCT,20,5,60,12,1200.0,1,1.7,3,5.0,8,1133.05,1.0,,,
BF_BF18_h5s20n18.txt,HLCT,20,5,60,12,1200.0,1,1.7,6,10.0,9,1171.14,1.1,,,
BF_BF18_h5s20n19.txt,HLCT,20,5,60,12,1200.0,3,5.0,10,16.7,9,1143.15,1.1,,,
BF_BF18_h5s20n2.txt,HLCT,20,5,60,12,1200.0,3,5.0,12,20.0,9,1098.62,1.3,,,
BF_BF18_h5s20n20.txt,HLCT,20,5,60,12,1200.0,2,3.3,6,10.0,9,1119.17,1.1,,,
BF_BF18_h5s20n3.txt,HLCT,20,5,60,12,1200.0,0,0.0,5,8.3,9,1170.30,1.1,,,
BF_BF18_h5s20n4.txt,HLCT,20,5,60,12,1200.0,2,3.3,7,11.7,9,1184.96,1.0,,,
BF_BF18_h5s20n5.txt,HLCT,20,5,60,12,1200.0,3,5.0,7,11.7,9,1189.61,1.2,,,
BF_BF18_h5s20n6.txt,HLCT,20,5,60,12,1200.0,0,0.0,8,13.3,9,1099.32,1.3,,,
BF_BF18_h5s20n7.txt,HLCT,20,5,60,12,1200.0,1,1.7,5,8.3,9,1181.36,2.0,,,
BF_BF18_h5s20n8.txt,HLCT,20,5,60,12,1200.0,2,3.3,7,11.7,9,1189.58,1.9,,,
BF_BF18_h5s20n9.txt,HLCT,20,5,60,12,1200.0,2,3.3,13,21.7,9,1127.73,1.9,,,
BF_BF19_h5s20n1.txt,HLCT,20,5,60,24,1200.0,1,1.7,4,6.7,8,1072.22,3.2,,,
BF_BF19_h5s20n10.txt,HLCT,20,5,60,24,1200.0,1,1.7,7,11.7,9,1106.72,3.8,,,
BF_BF19_h5s20n11.txt,HLCT,20,5,60,24,1200.0,1,1.7,11,18.3,9,1139.35,4.0,,,
BF_BF19_h5s20n12.txt,HLCT,20,5,60,24,1200.0,0,0.0,10,16.7,9,1144.29,3.8,,,
BF_BF19_h5s20n13.txt,HLCT,20,5,60,24,1200.0,0,0.0,3,5.0,8,1097.08,2.0,,,
BF_BF19_h5s20n14.txt,HLCT,20,5,60,24,1200.0,0,0.0,9,15.0,9,1208.71,2.1,,,
BF_BF19_h5s20n15.txt,HLCT,20,5,60,24,1200.0,0,0.0,3,5.0,8,1066.33,2.0,,,
BF_BF19_h5s20n16.txt,HLCT,20,5,60,24,1200.0,3,5.0,7,11.7,8,1106.80,2.2,,,
BF_BF19_h5s20n17.txt,HLCT,20,5,60,24,1200.0,0,0.0,3,5.0,9,1082.71,2.1,,,
BF_BF19_h5s20n18.txt,HLCT,20,5,60,24,1200.0,1,1.7,15,25.0,8,1103.45,2.1,,,
BF_BF19_h5s20n19.txt,HLCT,20,5,60,24,1200.0,1,1.7,6,10.0,9,1120.03,2.3,,,
BF_BF19_h5s20n2.txt,HLCT,20,5,60,24,1200.0,0,0.0,13,21.7,10,1207.21,2.5,,,
BF_BF19_h5s20n20.txt,HLCT,20,5,60,24,1200.0,2,3.3,6,10.0,9,1130.92,2.0,,,
BF_BF19_h5s20n3.txt,HLCT,20,5,60,24,1200.0,1,1.7,7,11.7,9,1093.88,2.2,,,
BF_BF19_h5s20n4.txt,HLCT,20,5,60,24,1200.0,1,1.7,18,30.0,10,1152.94,2.7,,,
BF_BF19_h5s20n5.txt,HLCT,20,5,60,24,1200.0,0,0.0,6,10.0,9,1177.17,1.9,,,
BF_BF19_h5s20n6.txt,HLCT,20,5,60,24,1200.0,2,3.3,7,11.7,8,1097.13,2.1,,,
BF_BF19_h5s20n7.txt,HLCT,20,5,60,24,1200.0,1,1.7,4,6.7,8,1126.61,2.1,,,
BF_BF19_h5s20n8.txt,HLCT,20,5,60,24,1200.0,1,1.7,13,21.7,9,1171.20,2.3,,,
BF_BF19_h5s20n9.txt,HLCT,20,5,60,24,1200.0,3,5.0,8,13.3,8,1096.19,2.2,,,
BF_BF1_h5s16n1.txt,HLCT,16,5,48,10,1200.0,2,4.2,8,16.7,9,1117.31,1.4,,,
BF_BF1_h5s16n10.txt,HLCT,16,5,48,10,1200.0,3,6.2,9,18.8,9,1077.12,1.3,,,
BF_BF1_h5s16n11.txt,HLCT,16,5,48,10,1200.0,2,4.2,4,8.3,8,1075.34,1.3,,,
BF_BF1_h5s16n12.txt,HLCT,16,5,48,10,1200.0,2,4.2,7,14.6,9,1155.84,1.4,,,
BF_BF1_h5s16n13.txt,HLCT,16,5,48,10,1200.0,2,4.2,11,22.9,10,1187.48,1.4,,,
BF_BF1_h5s16n14.txt,HLCT,16,5,48,10,1200.0,0,0.0,3,6.2,9,1126.32,1.3,,,
BF_BF1_h5s16n15.txt,HLCT,16,5,48,10,1200.0,1,2.1,3,6.2,8,1103.86,1.4,,,
BF_BF1_h5s16n16.txt,HLCT,16,5,48,10,1200.0,2,4.2,5,10.4,9,1074.87,0.8,,,
BF_BF1_h5s16n17.txt,HLCT,16,5,48,10,1200.0,2,4.2,7,14.6,9,1120.21,0.9,,,
BF_BF1_h5s16n18.txt,HLCT,16,5,48,10,1200.0,3,6.2,9,18.8,9,1118.25,0.9,,,
BF_BF1_h5s16n19.txt,HLCT,16,5,48,10,1200.0,0,0.0,12,25.0,10,1156.28,0.9,,,
BF_BF1_h5s16n2.txt,HLCT,16,5,48,10,1200.0,1,2.1,8,16.7,9,1098.61,0.8,,,
BF_BF1_h5s16n20.txt,HLCT,16,5,48,10,1200.0,1,2.1,9,18.8,8,1128.21,0.8,,,
BF_BF1_h5s16n3.txt,HLCT,16,5,48,10,1200.0,2,4.2,8,16.7,9,1152.33,0.8,,,
BF_BF1_h5s16n4.txt,HLCT,16,5,48,10,1200.0,3,6.2,9,18.8,9,1109.66,0.8,,,
BF_BF1_h5s16n5.txt,HLCT,16,5,48,10,1200.0,1,2.1,8,16.7,9,1132.01,0.9,,,
BF_BF1_h5s16n6.txt,HLCT,16,5,48,10,1200.0,0,0.0,4,8.3,9,1104.11,0.8,,,
BF_BF1_h5s16n7.txt,HLCT,16,5,48,10,1200.0,1,2.1,4,8.3,8,1104.31,0.7,,,
BF_BF1_h5s16n8.txt,HLCT,16,5,48,10,1200.0,1,2.1,5,10.4,9,1093.07,0.8,,,
BF_BF1_h5s16n9.txt,HLCT,16,5,48,10,1200.0,1,2.1,6,12.5,9,1122.97,0.8,,,
BF_BF20_h5s20n1.txt,HLCT,20,5,60,24,1200.0,0,0.0,5,8.3,9,1186.97,3.7,,,
BF_BF20_h5s20n10.txt,HLCT,20,5,60,24,1200.0,1,1.7,7,11.7,9,1134.03,3.6,,,
BF_BF20_h5s20n11.txt,HLCT,20,5,60,24,1200.0,0,0.0,7,11.7,8,1194.33,2.9,,,
BF_BF20_h5s20n12.txt,HLCT,20,5,60,24,1200.0,0,0.0,6,10.0,9,1087.03,2.3,,,
BF_BF20_h5s20n13.txt,HLCT,20,5,60,24,1200.0,0,0.0,4,6.7,9,1117.53,2.1,,,
BF_BF20_h5s20n14.txt,HLCT,20,5,60,24,1200.0,0,0.0,4,6.7,8,1091.08,2.1,,,
BF_BF20_h5s20n15.txt,HLCT,20,5,60,24,1200.0,1,1.7,5,8.3,9,1126.52,2.1,,,
BF_BF20_h5s20n16.txt,HLCT,20,5,60,24,1200.0,2,3.3,5,8.3,8,1135.67,2.1,,,
BF_BF20_h5s20n17.txt,HLCT,20,5,60,24,1200.0,2,3.3,12,20.0,9,1088.68,2.4,,,
BF_BF20_h5s20n18.txt,HLCT,20,5,60,24,1200.0,0,0.0,9,15.0,8,1082.58,2.5,,,
BF_BF20_h5s20n19.txt,HLCT,20,5,60,24,1200.0,1,1.7,5,8.3,9,1173.45,1.9,,,
BF_BF20_h5s20n2.txt,HLCT,20,5,60,24,1200.0,0,0.0,5,8.3,8,1071.57,2.4,,,
BF_BF20_h5s20n20.txt,HLCT,20,5,60,24,1200.0,1,1.7,7,11.7,9,1133.27,2.1,,,
BF_BF20_h5s20n3.txt,HLCT,20,5,60,24,1200.0,1,1.7,4,6.7,8,1106.23,2.1,,,
BF_BF20_h5s20n4.txt,HLCT,20,5,60,24,1200.0,0,0.0,4,6.7,9,1109.47,2.3,,,
BF_BF20_h5s20n5.txt,HLCT,20,5,60,24,1200.0,1,1.7,17,28.3,10,1187.38,2.5,,,
BF_BF20_h5s20n6.txt,HLCT,20,5,60,24,1200.0,0,0.0,6,10.0,9,1120.13,2.3,,,
BF_BF20_h5s20n7.txt,HLCT,20,5,60,24,1200.0,0,0.0,5,8.3,8,1099.43,2.0,,,
BF_BF20_h5s20n8.txt,HLCT,20,5,60,24,1200.0,0,0.0,6,10.0,9,1098.53,2.3,,,
BF_BF20_h5s20n9.txt,HLCT,20,5,60,24,1200.0,0,0.0,8,13.3,8,1096.12,2.2,,,
BF_BF21_h5s20n1.txt,HLCT,20,5,80,16,1200.0,2,2.5,10,12.5,10,1173.05,1.8,,,
BF_BF21_h5s20n10.txt,HLCT,20,5,80,16,1200.0,3,3.8,12,15.0,10,1116.22,1.9,,,
BF_BF21_h5s20n11.txt,HLCT,20,5,80,16,1200.0,2,2.5,9,11.2,10,1094.57,1.8,,,
BF_BF21_h5s20n12.txt,HLCT,20,5,80,16,1200.0,1,1.2,4,5.0,10,1148.52,1.7,,,
BF_BF21_h5s20n13.txt,HLCT,20,5,80,16,1200.0,1,1.2,9,11.2,10,1171.55,1.6,,,
BF_BF21_h5s20n14.txt,HLCT,20,5,80,16,1200.0,1,1.2,9,11.2,10,1157.49,1.8,,,
BF_BF21_h5s20n15.txt,HLCT,20,5,80,16,1200.0,4,5.0,11,13.8,11,1179.16,1.8,,,
BF_BF21_h5s20n16.txt,HLCT,20,5,80,16,1200.0,2,2.5,10,12.5,11,1098.73,1.7,,,
BF_BF21_h5s20n17.txt,HLCT,20,5,80,16,1200.0,1,1.2,8,10.0,11,1186.92,1.8,,,
BF_BF21_h5s20n18.txt,HLCT,20,5,80,16,1200.0,1,1.2,7,8.8,10,1115.82,1.6,,,
BF_BF21_h5s20n19.txt,HLCT,20,5,80,16,1200.0,3,3.8,8,10.0,9,1094.17,1.7,,,
BF_BF21_h5s20n2.txt,HLCT,20,5,80,16,1200.0,3,3.8,7,8.8,10,1139.99,1.7,,,
BF_BF21_h5s20n20.txt,HLCT,20,5,80,16,1200.0,1,1.2,7,8.8,9,1111.61,1.5,,,
BF_BF21_h5s20n3.txt,HLCT,20,5,80,16,1200.0,1,1.2,8,10.0,10,1179.11,1.7,,,
BF_BF21_h5s20n4.txt,HLCT,20,5,80,16,1200.0,1,1.2,8,10.0,10,1114.61,1.8,,,
BF_BF21_h5s20n5.txt,HLCT,20,5,80,16,1200.0,0,0.0,3,3.8,10,1105.36,1.7,,,
BF_BF21_h5s20n6.txt,HLCT,20,5,80,16,1200.0,2,2.5,10,12.5,10,1160.57,1.7,,,
BF_BF21_h5s20n7.txt,HLCT,20,5,80,16,1200.0,0,0.0,3,3.8,9,1080.36,1.7,,,
BF_BF21_h5s20n8.txt,HLCT,20,5,80,16,1200.0,0,0.0,5,6.2,9,1099.96,1.7,,,
BF_BF21_h5s20n9.txt,HLCT,20,5,80,16,1200.0,1,1.2,10,12.5,11,1145.61,2.0,,,
BF_BF22_h5s20n1.txt,HLCT,20,5,80,16,1200.0,0,0.0,7,8.8,10,1187.84,1.7,,,
BF_BF22_h5s20n10.txt,HLCT,20,5,80,16,1200.0,0,0.0,6,7.5,10,1142.35,1.9,,,
BF_BF22_h5s20n11.txt,HLCT,20,5,80,16,1200.0,3,3.8,9,11.2,9,1103.91,1.8,,,
BF_BF22_h5s20n12.txt,HLCT,20,5,80,16,1200.0,3,3.8,8,10.0,9,1111.66,1.7,,,
BF_BF22_h5s20n13.txt,HLCT,20,5,80,16,1200.0,0,0.0,4,5.0,8,1117.05,1.7,,,
BF_BF22_h5s20n14.txt,HLCT,20,5,80,16,1200.0,0,0.0,3,3.8,9,1105.88,1.6,,,
BF_BF22_h5s20n15.txt,HLCT,20,5,80,16,1200.0,2,2.5,7,8.8,10,1161.32,1.8,,,
BF_BF22_h5s20n16.txt,HLCT,20,5,80,16,1200.0,1,1.2,7,8.8,9,1111.89,1.7,,,
BF_BF22_h5s20n17.txt,HLCT,20,5,80,16,1200.0,2,2.5,11,13.8,9,1105.15,1.6,,,
BF_BF22_h5s20n18.txt,HLCT,20,5,80,16,1200.0,0,0.0,4,5.0,9,1089.72,1.6,,,
BF_BF22_h5s20n19.txt,HLCT,20,5,80,16,1200.0,0,0.0,4,5.0,9,1087.83,3.1,,,
BF_BF22_h5s20n2.txt,HLCT,20,5,80,16,1200.0,1,1.2,5,6.2,9,1117.38,2.8,,,
BF_BF22_h5s20n20.txt,HLCT,20,5,80,16,1200.0,0,0.0,6,7.5,9,1166.11,2.5,,,
BF_BF22_h5s20n3.txt,HLCT,20,5,80,16,1200.0,0,0.0,5,6.2,9,1079.08,3.1,,,
BF_BF22_h5s20n4.txt,HLCT,20,5,80,16,1200.0,4,5.0,10,12.5,9,1064.63,3.1,,,
BF_BF22_h5s20n5.txt,HLCT,20,5,80,16,1200.0,1,1.2,5,6.2,8,1106.43,2.6,,,
BF_BF22_h5s20n6.txt,HLCT,20,5,80,16,1200.0,0,0.0,11,13.8,10,1136.38,1.8,,,
BF_BF22_h5s20n7.txt,HLCT,20,5,80,16,1200.0,0,0.0,7,8.8,9,1125.78,1.6,,,
BF_BF22_h5s20n8.txt,HLCT,20,5,80,16,1200.0,1,1.2,9,11.2,9,1101.59,1.6,,,
BF_BF22_h5s20n9.txt,HLCT,20,5,80,16,1200.0,0,0.0,4,5.0,9,1092.63,1.6,,,
BF_BF23_h5s20n1.txt,HLCT,20,5,80,32,1200.0,0,0.0,10,12.5,9,1060.21,3.9,,,
BF_BF23_h5s20n10.txt,HLCT,20,5,80,32,1200.0,1,1.2,7,8.8,10,1194.38,3.6,,,
BF_BF23_h5s20n11.txt,HLCT,20,5,80,32,1200.0,0,0.0,3,3.8,9,1077.48,3.4,,,
BF_BF23_h5s20n12.txt,HLCT,20,5,80,32,1200.0,0,0.0,4,5.0,9,1088.45,3.3,,,
BF_BF23_h5s20n13.txt,HLCT,20,5,80,32,1200.0,1,1.2,8,10.0,10,1129.33,4.1,,,
BF_BF23_h5s20n14.txt,HLCT,20,5,80,32,1200.0,3,3.8,11,13.8,10,1187.79,4.2,,,
BF_BF23_h5s20n15.txt,HLCT,20,5,80,32,1200.0,0,0.0,8,10.0,9,1064.35,4.0,,,
BF_BF23_h5s20n16.txt,HLCT,20,5,80,32,1200.0,1,1.2,11,13.8,10,1183.64,3.9,,,
BF_BF23_h5s20n17.txt,HLCT,20,5,80,32,1200.0,1,1.2,8,10.0,10,1196.47,3.5,,,
BF_BF23_h5s20n18.txt,HLCT,20,5,80,32,1200.0,1,1.2,4,5.0,9,1096.90,3.1,,,
BF_BF23_h5s20n19.txt,HLCT,20,5,80,32,1200.0,2,2.5,7,8.8,10,1125.25,3.7,,,
BF_BF23_h5s20n2.txt,HLCT,20,5,80,32,1200.0,1,1.2,5,6.2,9,1120.90,2.9,,,
BF_BF23_h5s20n20.txt,HLCT,20,5,80,32,1200.0,0,0.0,4,5.0,10,1188.32,3.8,,,
BF_BF23_h5s20n3.txt,HLCT,20,5,80,32,1200.0,0,0.0,6,7.5,10,1091.55,3.8,,,
BF_BF23_h5s20n4.txt,HLCT,20,5,80,32,1200.0,2,2.5,9,11.2,9,1124.23,3.6,,,
BF_BF23_h5s20n5.txt,HLCT,20,5,80,32,1200.0,1,1.2,13,16.2,11,1164.98,4.4,,,
BF_BF23_h5s20n6.txt,HLCT,20,5,80,32,1200.0,1,1.2,8,10.0,10,1148.14,3.6,,,
BF_BF23_h5s20n7.txt,HLCT,20,5,80,32,1200.0,0,0.0,12,15.0,10,1106.74,3.6,,,
BF_BF23_h5s20n8.txt,HLCT,20,5,80,32,1200.0,1,1.2,8,10.0,10,1166.85,3.8,,,
BF_BF23_h5s20n9.txt,HLCT,20,5,80,32,1200.0,1,1.2,4,5.0,9,1123.70,3.5,,,
BF_BF24_h5s20n1.txt,HLCT,20,5,80,32,1200.0,1,1.2,6,7.5,10,1175.10,3.7,,,
BF_BF24_h5s20n10.txt,HLCT,20,5,80,32,1200.0,0,0.0,4,5.0,9,1098.15,3.5,,,
BF_BF24_h5s20n11.txt,HLCT,20,5,80,32,1200.0,0,0.0,5,6.2,9,1104.73,3.3,,,
BF_BF24_h5s20n12.txt,HLCT,20,5,80,32,1200.0,0,0.0,3,3.8,8,1061.32,3.2,,,
BF_BF24_h5s20n13.txt,HLCT,20,5,80,32,1200.0,0,0.0,3,3.8,8,1143.76,3.3,,,
BF_BF24_h5s20n14.txt,HLCT,20,5,80,32,1200.0,0,0.0,7,8.8,9,1094.52,3.9,,,
BF_BF24_h5s20n15.txt,HLCT,20,5,80,32,1200.0,0,0.0,6,7.5,9,1076.60,3.6,,,
BF_BF24_h5s20n16.txt,HLCT,20,5,80,32,1200.0,1,1.2,4,5.0,9,1068.09,3.5,,,
BF_BF24_h5s20n17.txt,HLCT,20,5,80,32,1200.0,1,1.2,12,15.0,9,1175.98,3.5,,,
BF_BF24_h5s20n18.txt,HLCT,20,5,80,32,1200.0,0,0.0,4,5.0,9,1177.71,3.0,,,
BF_BF24_h5s20n19.txt,HLCT,20,5,80,32,1200.0,0,0.0,8,10.0,9,1119.39,3.1,,,
BF_BF24_h5s20n2.txt,HLCT,20,5,80,32,1200.0,0,0.0,5,6.2,9,1131.35,3.1,,,
BF_BF24_h5s20n20.txt,HLCT,20,5,80,32,1200.0,0,0.0,13,16.2,10,1139.93,3.6,,,
BF_BF24_h5s20n3.txt,HLCT,20,5,80,32,1200.0,2,2.5,4,5.0,8,1084.43,2.8,,,
BF_BF24_h5s20n4.txt,HLCT,20,5,80,32,1200.0,1,1.2,9,11.2,9,1152.91,3.3,,,
BF_BF24_h5s20n5.txt,HLCT,20,5,80,32,1200.0,0,0.0,7,8.8,8,1116.59,3.1,,,
BF_BF24_h5s20n6.txt,HLCT,20,5,80,32,1200.0,0,0.0,5,6.2,10,1169.59,3.4,,,
BF_BF24_h5s20n7.txt,HLCT,20,5,80,32,1200.0,0,0.0,3,3.8,9,1103.76,5.4,,,
BF_BF24_h5s20n8.txt,HLCT,20,5,80,32,1200.0,0,0.0,4,5.0,9,1082.97,5.1,,,
BF_BF24_h5s20n9.txt,HLCT,20,5,80,32,1200.0,1,1.2,10,12.5,9,1062.87,6.7,,,
BF_BF25_h8s20n1.txt,HLCT,20,8,96,20,1200.0,1,1.0,3,3.1,7,1065.24,2.8,,,
BF_BF25_h8s20n10.txt,HLCT,20,8,96,20,1200.0,1,1.0,3,3.1,8,1106.15,2.0,,,
BF_BF25_h8s20n11.txt,HLCT,20,8,96,20,1200.0,3,3.1,8,8.3,7,1172.73,1.9,,,
BF_BF25_h8s20n12.txt,HLCT,20,8,96,20,1200.0,1,1.0,5,5.2,8,1181.12,3.4,,,
BF_BF25_h8s20n13.txt,HLCT,20,8,96,20,1200.0,1,1.0,4,4.2,7,1115.35,2.1,,,
BF_BF25_h8s20n14.txt,HLCT,20,8,96,20,1200.0,2,2.1,4,4.2,7,1083.54,1.9,,,
BF_BF25_h8s20n15.txt,HLCT,20,8,96,20,1200.0,1,1.0,3,3.1,6,1086.10,1.9,,,
BF_BF25_h8s20n16.txt,HLCT,20,8,96,20,1200.0,1,1.0,4,4.2,6,1081.12,1.9,,,
BF_BF25_h8s20n17.txt,HLCT,20,8,96,20,1200.0,0,0.0,3,3.1,7,1072.40,1.9,,,
BF_BF25_h8s20n18.txt,HLCT,20,8,96,20,1200.0,2,2.1,5,5.2,7,1091.29,2.0,,,
BF_BF25_h8s20n19.txt,HLCT,20,8,96,20,1200.0,2,2.1,6,6.2,8,1118.99,2.2,,,
BF_BF25_h8s20n2.txt,HLCT,20,8,96,20,1200.0,1,1.0,5,5.2,7,1094.44,2.0,,,
BF_BF25_h8s20n20.txt,HLCT,20,8,96,20,1200.0,1,1.0,4,4.2,7,1193.73,1.7,,,
BF_BF25_h8s20n3.txt,HLCT,20,8,96,20,1200.0,1,1.0,7,7.3,8,1159.15,2.2,,,
BF_BF25_h8s20n4.txt,HLCT,20,8,96,20,1200.0,1,1.0,4,4.2,7,1066.63,2.0,,,
BF_BF25_h8s20n5.txt,HLCT,20,8,96,20,1200.0,1,1.0,3,3.1,7,1079.29,1.8,,,
BF_BF25_h8s20n6.txt,HLCT,20,8,96,20,1200.0,0,0.0,7,7.3,9,1171.13,2.1,,,
BF_BF25_h8s20n7.txt,HLCT,20,8,96,20,1200.0,0,0.0,3,3.1,7,1046.94,2.0,,,
BF_BF25_h8s20n8.txt,HLCT,20,8,96,20,1200.0,3,3.1,12,12.5,7,1109.29,2.0,,,
BF_BF25_h8s20n9.txt,HLCT,20,8,96,20,1200.0,1,1.0,4,4.2,7,1081.19,2.0,,,
BF_BF26_h8s20n1.txt,HLCT,20,8,96,20,1200.0,1,1.0,3,3.1,7,1087.55,2.1,,,
BF_BF26_h8s20n10.txt,HLCT,20,8,96,20,1200.0,1,1.0,4,4.2,8,1118.51,1.9,,,
BF_BF26_h8s20n11.txt,HLCT,20,8,96,20,1200.0,2,2.1,4,4.2,7,1089.74,2.1,,,
BF_BF26_h8s20n12.txt,HLCT,20,8,96,20,1200.0,0,0.0,3,3.1,7,1176.69,2.0,,,
BF_BF26_h8s20n13.txt,HLCT,20,8,96,20,1200.0,0,0.0,4,4.2,7,1112.04,2.2,,,
BF_BF26_h8s20n14.txt,HLCT,20,8,96,20,1200.0,0,0.0,2,2.1,6,1060.31,1.9,,,
BF_BF26_h8s20n15.txt,HLCT,20,8,96,20,1200.0,0,0.0,2,2.1,7,1135.13,2.1,,,
BF_BF26_h8s20n16.txt,HLCT,20,8,96,20,1200.0,0,0.0,3,3.1,7,1134.72,2.2,,,
BF_BF26_h8s20n17.txt,HLCT,20,8,96,20,1200.0,0,0.0,4,4.2,7,1110.01,2.1,,,
BF_BF26_h8s20n18.txt,HLCT,20,8,96,20,1200.0,1,1.0,4,4.2,7,1125.47,2.0,,,
BF_BF26_h8s20n19.txt,HLCT,20,8,96,20,1200.0,2,2.1,5,5.2,7,1075.93,1.9,,,
BF_BF26_h8s20n2.txt,HLCT,20,8,96,20,1200.0,2,2.1,4,4.2,7,1045.63,2.1,,,
BF_BF26_h8s20n20.txt,HLCT,20,8,96,20,1200.0,1,1.0,4,4.2,7,1128.35,2.3,,,
BF_BF26_h8s20n3.txt,HLCT,20,8,96,20,1200.0,2,2.1,4,4.2,6,1082.81,1.8,,,
BF_BF26_h8s20n4.txt,HLCT,20,8,96,20,1200.0,0,0.0,4,4.2,8,1183.58,2.3,,,
BF_BF26_h8s20n5.txt,HLCT,20,8,96,20,1200.0,1,1.0,3,3.1,7,1158.82,2.1,,,
BF_BF26_h8s20n6.txt,HLCT,20,8,96,20,1200.0,1,1.0,3,3.1,6,1100.89,2.1,,,
BF_BF26_h8s20n7.txt,HLCT,20,8,96,20,1200.0,1,1.0,5,5.2,7,1161.03,1.8,,,
BF_BF26_h8s20n8.txt,HLCT,20,8,96,20,1200.0,0,0.0,5,5.2,7,1121.60,2.0,,,
BF_BF26_h8s20n9.txt,HLCT,20,8,96,20,1200.0,1,1.0,3,3.1,7,1124.84,2.0,,,
BF_BF27_h8s20n1.txt,HLCT,20,8,96,39,1200.0,1,1.0,6,6.2,8,1067.47,4.5,,,
BF_BF27_h8s20n10.txt,HLCT,20,8,96,39,1200.0,0,0.0,2,2.1,7,1044.71,3.7,,,
BF_BF27_h8s20n11.txt,HLCT,20,8,96,39,1200.0,1,1.0,6,6.2,8,1112.87,4.0,,,
BF_BF27_h8s20n12.txt,HLCT,20,8,96,39,1200.0,0,0.0,3,3.1,7,1088.55,3.5,,,
BF_BF27_h8s20n13.txt,HLCT,20,8,96,39,1200.0,0,0.0,2,2.1,7,1074.87,6.8,,,
BF_BF27_h8s20n14.txt,HLCT,20,8,96,39,1200.0,2,2.1,5,5.2,8,1091.45,6.9,,,
BF_BF27_h8s20n15.txt,HLCT,20,8,96,39,1200.0,1,1.0,3,3.1,7,1188.04,6.0,,,
BF_BF27_h8s20n16.txt,HLCT,20,8,96,39,1200.0,0,0.0,5,5.2,7,1066.96,6.4,,,
BF_BF27_h8s20n17.txt,HLCT,20,8,96,39,1200.0,1,1.0,8,8.3,8,1187.46,4.1,,,
BF_BF27_h8s20n18.txt,HLCT,20,8,96,39,1200.0,0,0.0,3,3.1,7,1095.30,4.0,,,
BF_BF27_h8s20n19.txt,HLCT,20,8,96,39,1200.0,2,2.1,3,3.1,7,1174.34,3.6,,,
BF_BF27_h8s20n2.txt,HLCT,20,8,96,39,1200.0,1,1.0,4,4.2,8,1082.54,4.1,,,
BF_BF27_h8s20n20.txt,HLCT,20,8,96,39,1200.0,1,1.0,6,6.2,8,1076.42,4.1,,,
BF_BF27_h8s20n3.txt,HLCT,20,8,96,39,1200.0,0,0.0,1,1.0,6,1044.49,3.5,,,
BF_BF27_h8s20n4.txt,HLCT,20,8,96,39,1200.0,1,1.0,4,4.2,8,1180.55,3.7,,,
BF_BF27_h8s20n5.txt,HLCT,20,8,96,39,1200.0,2,2.1,7,7.3,8,1087.00,3.9,,,
BF_BF27_h8s20n6.txt,HLCT,20,8,96,39,1200.0,2,2.1,8,8.3,8,1149.80,4.4,,,
BF_BF27_h8s20n7.txt,HLCT,20,8,96,39,1200.0,0,0.0,5,5.2,6,1057.28,3.9,,,
BF_BF27_h8s20n8.txt,HLCT,20,8,96,39,1200.0,1,1.0,3,3.1,8,1148.88,3.7,,,
BF_BF27_h8s20n9.txt,HLCT,20,8,96,39,1200.0,0,0.0,6,6.2,6,1058.20,3.8,,,
BF_BF28_h8s20n1.txt,HLCT,20,8,96,39,1200.0,1,1.0,5,5.2,6,1081.15,3.9,,,
BF_BF28_h8s20n10.txt,HLCT,20,8,96,39,1200.0,1,1.0,4,4.2,7,1053.80,3.9,,,
BF_BF28_h8s20n11.txt,HLCT,20,8,96,39,1200.0,1,1.0,4,4.2,6,1067.17,3.9,,,
BF_BF28_h8s20n12.txt,HLCT,20,8,96,39,1200.0,0,0.0,2,2.1,7,1078.89,3.7,,,
BF_BF28_h8s20n13.txt,HLCT,20,8,96,39,1200.0,1,1.0,3,3.1,7,1148.46,4.1,,,
BF_BF28_h8s20n14.txt,HLCT,20,8,96,39,1200.0,1,1.0,2,2.1,6,1043.74,3.6,,,
BF_BF28_h8s20n15.txt,HLCT,20,8,96,39,1200.0,0,0.0,4,4.2,7,1168.96,3.6,,,
BF_BF28_h8s20n16.txt,HLCT,20,8,96,39,1200.0,1,1.0,2,2.1,6,1020.36,3.5,,,
BF_BF28_h8s20n17.txt,HLCT,20,8,96,39,1200.0,1,1.0,4,4.2,6,1086.61,3.9,,,
BF_BF28_h8s20n18.txt,HLCT,20,8,96,39,1200.0,0,0.0,1,1.0,6,1058.24,3.9,,,
BF_BF28_h8s20n19.txt,HLCT,20,8,96,39,1200.0,0,0.0,3,3.1,7,1122.76,4.2,,,
BF_BF28_h8s20n2.txt,HLCT,20,8,96,39,1200.0,0,0.0,3,3.1,7,1131.93,3.7,,,
BF_BF28_h8s20n20.txt,HLCT,20,8,96,39,1200.0,0,0.0,2,2.1,6,1104.40,3.6,,,
BF_BF28_h8s20n3.txt,HLCT,20,8,96,39,1200.0,0,0.0,5,5.2,7,1122.92,3.6,,,
BF_BF28_h8s20n4.txt,HLCT,20,8,96,39,1200.0,0,0.0,1,1.0,6,1057.13,3.4,,,
BF_BF28_h8s20n5.txt,HLCT,20,8,96,39,1200.0,0,0.0,1,1.0,7,1078.07,3.6,,,
BF_BF28_h8s20n6.txt,HLCT,20,8,96,39,1200.0,0,0.0,2,2.1,7,1063.41,4.0,,,
BF_BF28_h8s20n7.txt,HLCT,20,8,96,39,1200.0,0,0.0,3,3.1,8,1174.05,4.2,,,
BF_BF28_h8s20n8.txt,HLCT,20,8,96,39,1200.0,0,0.0,2,2.1,7,1111.23,4.2,,,
BF_BF28_h8s20n9.txt,HLCT,20,8,96,39,1200.0,0,0.0,5,5.2,7,1118.46,3.8,,,
BF_BF29_h8s20n1.txt,HLCT,20,8,128,26,1200.0,1,0.8,6,4.7,9,1118.74,3.4,,,
BF_BF29_h8s20n10.txt,HLCT,20,8,128,26,1200.0,0,0.0,4,3.1,9,1104.27,3.8,,,
BF_BF29_h8s20n11.txt,HLCT,20,8,128,26,1200.0,1,0.8,3,2.3,8,1107.68,3.7,,,
BF_BF29_h8s20n12.txt,HLCT,20,8,128,26,1200.0,0,0.0,3,2.3,9,1107.06,3.6,,,
BF_BF29_h8s20n13.txt,HLCT,20,8,128,26,1200.0,1,0.8,4,3.1,9,1050.06,6.1,,,
BF_BF29_h8s20n14.txt,HLCT,20,8,128,26,1200.0,1,0.8,4,3.1,8,1182.74,5.6,,,
BF_BF29_h8s20n15.txt,HLCT,20,8,128,26,1200.0,2,1.6,5,3.9,9,1070.26,4.0,,,
BF_BF29_h8s20n16.txt,HLCT,20,8,128,26,1200.0,0,0.0,6,4.7,9,1123.66,6.5,,,
BF_BF29_h8s20n17.txt,HLCT,20,8,128,26,1200.0,0,0.0,3,2.3,9,1100.71,6.3,,,
BF_BF29_h8s20n18.txt,HLCT,20,8,128,26,1200.0,2,1.6,5,3.9,9,1118.40,6.2,,,
BF_BF29_h8s20n19.txt,HLCT,20,8,128,26,1200.0,2,1.6,8,6.2,9,1118.19,6.5,,,
BF_BF29_h8s20n2.txt,HLCT,20,8,128,26,1200.0,0,0.0,3,2.3,8,1140.26,3.8,,,
BF_BF29_h8s20n20.txt,HLCT,20,8,128,26,1200.0,0,0.0,3,2.3,8,1091.40,3.5,,,
BF_BF29_h8s20n3.txt,HLCT,20,8,128,26,1200.0,0,0.0,2,1.6,8,1085.04,3.6,,,
BF_BF29_h8s20n4.txt,HLCT,20,8,128,26,1200.0,2,1.6,7,5.5,9,1116.15,3.1,,,
BF_BF29_h8s20n5.txt,HLCT,20,8,128,26,1200.0,2,1.6,7,5.5,9,1113.75,3.5,,,
BF_BF29_h8s20n6.txt,HLCT,20,8,128,26,1200.0,0,0.0,4,3.1,9,1122.56,3.9,,,
BF_BF29_h8s20n7.txt,HLCT,20,8,128,26,1200.0,0,0.0,3,2.3,9,1115.69,3.8,,,
BF_BF29_h8s20n8.txt,HLCT,20,8,128,26,1200.0,1,0.8,5,3.9,10,1186.93,3.6,,,
BF_BF29_h8s20n9.txt,HLCT,20,8,128,26,1200.0,2,1.6,5,3.9,9,1167.93,3.7,,,
BF_BF2_h5s16n1.txt,HLCT,16,5,48,10,1200.0,1,2.1,5,10.4,9,1101.00,0.9,,,
BF_BF2_h5s16n10.txt,HLCT,16,5,48,10,1200.0,2,4.2,10,20.8,10,1148.43,0.9,,,
BF_BF2_h5s16n11.txt,HLCT,16,5,48,10,1200.0,2,4.2,9,18.8,9,1181.50,0.8,,,
BF_BF2_h5s16n12.txt,HLCT,16,5,48,10,1200.0,1,2.1,13,27.1,9,1141.65,0.8,,,
BF_BF2_h5s16n13.txt,HLCT,16,5,48,10,1200.0,1,2.1,8,16.7,9,1167.61,0.8,,,
BF_BF2_h5s16n14.txt,HLCT,16,5,48,10,1200.0,1,2.1,4,8.3,9,1116.97,0.8,,,
BF_BF2_h5s16n15.txt,HLCT,16,5,48,10,1200.0,1,2.1,4,8.3,8,1103.10,0.8,,,
BF_BF2_h5s16n16.txt,HLCT,16,5,48,10,1200.0,0,0.0,7,14.6,9,1099.70,0.8,,,
BF_BF2_h5s16n17.txt,HLCT,16,5,48,10,1200.0,2,4.2,7,14.6,9,1115.46,0.8,,,
BF_BF2_h5s16n18.txt,HLCT,16,5,48,10,1200.0,1,2.1,4,8.3,9,1112.40,0.8,,,
BF_BF2_h5s16n19.txt,HLCT,16,5,48,10,1200.0,0,0.0,7,14.6,9,1143.98,0.8,,,
BF_BF2_h5s16n2.txt,HLCT,16,5,48,10,1200.0,1,2.1,4,8.3,9,1078.09,0.7,,,
BF_BF2_h5s16n20.txt,HLCT,16,5,48,10,1200.0,1,2.1,6,12.5,9,1096.27,0.8,,,
BF_BF2_h5s16n3.txt,HLCT,16,5,48,10,1200.0,1,2.1,4,8.3,8,1080.53,0.8,,,
BF_BF2_h5s16n4.txt,HLCT,16,5,48,10,1200.0,2,4.2,10,20.8,10,1166.82,0.8,,,
BF_BF2_h5s16n5.txt,HLCT,16,5,48,10,1200.0,1,2.1,9,18.8,9,1183.00,0.8,,,
BF_BF2_h5s16n6.txt,HLCT,16,5,48,10,1200.0,1,2.1,4,8.3,9,1125.58,1.3,,,
BF_BF2_h5s16n7.txt,HLCT,16,5,48,10,1200.0,4,8.3,9,18.8,9,1106.24,1.4,,,
BF_BF2_h5s16n8.txt,HLCT,16,5,48,10,1200.0,0,0.0,4,8.3,9,1082.58,1.2,,,
BF_BF2_h5s16n9.txt,HLCT,16,5,48,10,1200.0,1,2.1,7,14.6,9,1107.64,1.5,,,
BF_BF30_h8s20n1.txt,HLCT,20,8,128,26,1200.0,1,0.8,4,3.1,8,1077.19,3.9,,,
BF_BF30_h8s20n10.txt,HLCT,20,8,128,26,1200.0,0,0.0,3,2.3,8,1106.50,3.9,,,
BF_BF30_h8s20n11.txt,HLCT,20,8,128,26,1200.0,2,1.6,4,3.1,9,1114.43,3.7,,,
BF_BF30_h8s20n12.txt,HLCT,20,8,128,26,1200.0,0,0.0,2,1.6,8,1174.76,3.7,,,
BF_BF30_h8s20n13.txt,HLCT,20,8,128,26,1200.0,1,0.8,4,3.1,8,1107.04,3.6,,,
BF_BF30_h8s20n14.txt,HLCT,20,8,128,26,1200.0,1,0.8,3,2.3,7,1101.50,3.5,,,
BF_BF30_h8s20n15.txt,HLCT,20,8,128,26,1200.0,1,0.8,3,2.3,9,1126.70,4.1,,,
BF_BF30_h8s20n16.txt,HLCT,20,8,128,26,1200.0,1,0.8,7,5.5,9,1106.81,4.2,,,
BF_BF30_h8s20n17.txt,HLCT,20,8,128,26,1200.0,1,0.8,3,2.3,8,1098.77,3.1,,,
BF_BF30_h8s20n18.txt,HLCT,20,8,128,26,1200.0,1,0.8,2,1.6,7,1103.45,3.4,,,
BF_BF30_h8s20n19.txt,HLCT,20,8,128,26,1200.0,0,0.0,3,2.3,7,1076.63,3.7,,,
BF_BF30_h8s20n2.txt,HLCT,20,8,128,26,1200.0,1,0.8,3,2.3,7,1078.86,3.7,,,
BF_BF30_h8s20n20.txt,HLCT,20,8,128,26,1200.0,2,1.6,4,3.1,8,1101.10,3.9,,,
BF_BF30_h8s20n3.txt,HLCT,20,8,128,26,1200.0,1,0.8,5,3.9,8,1116.06,3.6,,,
BF_BF30_h8s20n4.txt,HLCT,20,8,128,26,1200.0,1,0.8,4,3.1,8,1137.66,3.6,,,
BF_BF30_h8s20n5.txt,HLCT,20,8,128,26,1200.0,1,0.8,3,2.3,7,1084.20,3.8,,,
BF_BF30_h8s20n6.txt,HLCT,20,8,128,26,1200.0,0,0.0,3,2.3,8,1152.07,4.0,,,
BF_BF30_h8s20n7.txt,HLCT,20,8,128,26,1200.0,2,1.6,3,2.3,7,1060.66,5.7,,,
BF_BF30_h8s20n8.txt,HLCT,20,8,128,26,1200.0,1,0.8,3,2.3,9,1102.72,6.7,,,
BF_BF30_h8s20n9.txt,HLCT,20,8,128,26,1200.0,3,2.3,5,3.9,7,1088.04,5.7,,,
BF_BF31_h8s20n1.txt,HLCT,20,8,128,52,1200.0,0,0.0,1,0.8,7,1046.03,11.6,,,
BF_BF31_h8s20n10.txt,HLCT,20,8,128,52,1200.0,0,0.0,4,3.1,8,1066.13,12.0,,,
BF_BF31_h8s20n11.txt,HLCT,20,8,128,52,1200.0,0,0.0,2,1.6,8,1054.65,12.5,,,
BF_BF31_h8s20n12.txt,HLCT,20,8,128,52,1200.0,1,0.8,4,3.1,8,1128.05,7.6,,,
BF_BF31_h8s20n13.txt,HLCT,20,8,128,52,1200.0,1,0.8,7,5.5,9,1114.93,7.7,,,
BF_BF31_h8s20n14.txt,HLCT,20,8,128,52,1200.0,0,0.0,3,2.3,9,1132.72,7.3,,,
BF_BF31_h8s20n15.txt,HLCT,20,8,128,52,1200.0,0,0.0,5,3.9,9,1071.37,8.2,,,
BF_BF31_h8s20n16.txt,HLCT,20,8,128,52,1200.0,2,1.6,6,4.7,10,1158.26,7.0,,,
BF_BF31_h8s20n17.txt,HLCT,20,8,128,52,1200.0,0,0.0,3,2.3,9,1093.74,7.6,,,
BF_BF31_h8s20n18.txt,HLCT,20,8,128,52,1200.0,0,0.0,5,3.9,10,1102.72,7.2,,,
BF_BF31_h8s20n19.txt,HLCT,20,8,128,52,1200.0,0,0.0,2,1.6,8,1107.82,7.9,,,
BF_BF31_h8s20n2.txt,HLCT,20,8,128,52,1200.0,3,2.3,5,3.9,8,1078.76,7.3,,,
BF_BF31_h8s20n20.txt,HLCT,20,8,128,52,1200.0,0,0.0,2,1.6,8,1096.81,7.5,,,
BF_BF31_h8s20n3.txt,HLCT,20,8,128,52,1200.0,3,2.3,6,4.7,9,1094.44,7.2,,,
BF_BF31_h8s20n4.txt,HLCT,20,8,128,52,1200.0,2,1.6,5,3.9,7,1123.67,6.6,,,
BF_BF31_h8s20n5.txt,HLCT,20,8,128,52,1200.0,0,0.0,3,2.3,8,1084.77,7.9,,,
BF_BF31_h8s20n6.txt,HLCT,20,8,128,52,1200.0,1,0.8,3,2.3,7,1126.38,6.2,,,
BF_BF31_h8s20n7.txt,HLCT,20,8,128,52,1200.0,0,0.0,3,2.3,8,1051.97,7.7,,,
BF_BF31_h8s20n8.txt,HLCT,20,8,128,52,1200.0,0,0.0,1,0.8,8,1042.14,7.1,,,
BF_BF31_h8s20n9.txt,HLCT,20,8,128,52,1200.0,1,0.8,5,3.9,8,1060.84,7.3,,,
BF_BF32_h8s20n1.txt,HLCT,20,8,128,52,1200.0,0,0.0,3,2.3,8,1129.03,7.3,,,
BF_BF32_h8s20n10.txt,HLCT,20,8,128,52,1200.0,0,0.0,2,1.6,8,1068.55,7.7,,,
BF_BF32_h8s20n11.txt,HLCT,20,8,128,52,1200.0,0,0.0,2,1.6,8,1100.28,6.7,,,
BF_BF32_h8s20n12.txt,HLCT,20,8,128,52,1200.0,1,0.8,5,3.9,9,1181.13,8.2,,,
BF_BF32_h8s20n13.txt,HLCT,20,8,128,52,1200.0,1,0.8,4,3.1,9,1096.33,7.8,,,
BF_BF32_h8s20n14.txt,HLCT,20,8,128,52,1200.0,0,0.0,2,1.6,8,1101.94,7.5,,,
BF_BF32_h8s20n15.txt,HLCT,20,8,128,52,1200.0,0,0.0,3,2.3,7,1106.29,7.1,,,
BF_BF32_h8s20n16.txt,HLCT,20,8,128,52,1200.0,1,0.8,4,3.1,7,1046.35,7.9,,,
BF_BF32_h8s20n17.txt,HLCT,20,8,128,52,1200.0,0,0.0,3,2.3,8,1116.22,8.2,,,
BF_BF32_h8s20n18.txt,HLCT,20,8,128,52,1200.0,0,0.0,4,3.1,8,1179.29,7.4,,,
BF_BF32_h8s20n19.txt,HLCT,20,8,128,52,1200.0,1,0.8,3,2.3,8,1068.15,7.3,,,
BF_BF32_h8s20n2.txt,HLCT,20,8,128,52,1200.0,0,0.0,5,3.9,9,1192.86,7.2,,,
BF_BF32_h8s20n20.txt,HLCT,20,8,128,52,1200.0,0,0.0,1,0.8,7,1073.81,7.2,,,
BF_BF32_h8s20n3.txt,HLCT,20,8,128,52,1200.0,1,0.8,2,1.6,8,1105.81,6.4,,,
BF_BF32_h8s20n4.txt,HLCT,20,8,128,52,1200.0,1,0.8,3,2.3,9,1087.28,8.4,,,
BF_BF32_h8s20n5.txt,HLCT,20,8,128,52,1200.0,0,0.0,2,1.6,7,1099.85,6.8,,,
BF_BF32_h8s20n6.txt,HLCT,20,8,128,52,1200.0,0,0.0,4,3.1,8,1101.52,8.6,,,
BF_BF32_h8s20n7.txt,HLCT,20,8,128,52,1200.0,0,0.0,2,1.6,7,1043.29,6.9,,,
BF_BF32_h8s20n8.txt,HLCT,20,8,128,52,1200.0,0,0.0,3,2.3,8,1158.73,7.1,,,
BF_BF32_h8s20n9.txt,HLCT,20,8,128,52,1200.0,0,0.0,1,0.8,7,1073.64,7.4,,,
BF_BF3_h5s16n1.txt,HLCT,16,5,48,20,1200.0,1,2.1,14,29.2,9,1180.40,1.6,,,
BF_BF3_h5s16n10.txt,HLCT,16,5,48,20,1200.0,1,2.1,8,16.7,8,1077.50,1.5,,,
BF_BF3_h5s16n11.txt,HLCT,16,5,48,20,1200.0,0,0.0,10,20.8,10,1185.07,1.8,,,
BF_BF3_h5s16n12.txt,HLCT,16,5,48,20,1200.0,1,2.1,5,10.4,9,1114.82,1.5,,,
BF_BF3_h5s16n13.txt,HLCT,16,5,48,20,1200.0,1,2.1,7,14.6,8,1116.47,1.5,,,
BF_BF3_h5s16n14.txt,HLCT,16,5,48,20,1200.0,2,4.2,8,16.7,10,1118.21,1.7,,,
BF_BF3_h5s16n15.txt,HLCT,16,5,48,20,1200.0,0,0.0,8,16.7,9,1079.43,1.6,,,
BF_BF3_h5s16n16.txt,HLCT,16,5,48,20,1200.0,1,2.1,13,27.1,9,1121.35,1.6,,,
BF_BF3_h5s16n17.txt,HLCT,16,5,48,20,1200.0,1,2.1,8,16.7,9,1158.78,1.6,,,
BF_BF3_h5s16n18.txt,HLCT,16,5,48,20,1200.0,2,4.2,6,12.5,9,1097.14,1.6,,,
BF_BF3_h5s16n19.txt,HLCT,16,5,48,20,1200.0,1,2.1,7,14.6,8,1090.79,1.9,,,
BF_BF3_h5s16n2.txt,HLCT,16,5,48,20,1200.0,0,0.0,8,16.7,9,1108.09,1.7,,,
BF_BF3_h5s16n20.txt,HLCT,16,5,48,20,1200.0,1,2.1,4,8.3,9,1093.55,1.4,,,
BF_BF3_h5s16n3.txt,HLCT,16,5,48,20,1200.0,2,4.2,8,16.7,8,1095.37,1.6,,,
BF_BF3_h5s16n4.txt,HLCT,16,5,48,20,1200.0,1,2.1,8,16.7,8,1086.31,1.5,,,
BF_BF3_h5s16n5.txt,HLCT,16,5,48,20,1200.0,1,2.1,9,18.8,9,1103.00,1.7,,,
BF_BF3_h5s16n6.txt,HLCT,16,5,48,20,1200.0,1,2.1,8,16.7,9,1153.39,1.8,,,
BF_BF3_h5s16n7.txt,HLCT,16,5,48,20,1200.0,1,2.1,8,16.7,9,1101.67,1.8,,,
BF_BF3_h5s16n8.txt,HLCT,16,5,48,20,1200.0,0,0.0,8,16.7,9,1079.81,1.7,,,
BF_BF3_h5s16n9.txt,HLCT,16,5,48,20,1200.0,1,2.1,5,10.4,8,1106.97,1.5,,,
BF_BF4_h5s16n1.txt,HLCT,16,5,48,20,1200.0,0,0.0,4,8.3,9,1080.60,1.7,,,
BF_BF4_h5s16n10.txt,HLCT,16,5,48,20,1200.0,0,0.0,8,16.7,10,1179.83,1.8,,,
BF_BF4_h5s16n11.txt,HLCT,16,5,48,20,1200.0,0,0.0,5,10.4,9,1076.46,1.6,,,
BF_BF4_h5s16n12.txt,HLCT,16,5,48,20,1200.0,0,0.0,6,12.5,9,1108.90,1.6,,,
BF_BF4_h5s16n13.txt,HLCT,16,5,48,20,1200.0,1,2.1,11,22.9,9,1094.02,1.6,,,
BF_BF4_h5s16n14.txt,HLCT,16,5,48,20,1200.0,1,2.1,14,29.2,10,1116.49,2.0,,,
BF_BF4_h5s16n15.txt,HLCT,16,5,48,20,1200.0,0,0.0,4,8.3,9,1135.79,2.6,,,
BF_BF4_h5s16n16.txt,HLCT,16,5,48,20,1200.0,1,2.1,7,14.6,9,1105.08,2.7,,,
BF_BF4_h5s16n17.txt,HLCT,16,5,48,20,1200.0,1,2.1,7,14.6,9,1114.79,2.8,,,
BF_BF4_h5s16n18.txt,HLCT,16,5,48,20,1200.0,1,2.1,6,12.5,8,1134.48,2.3,,,
BF_BF4_h5s16n19.txt,HLCT,16,5,48,20,1200.0,1,2.1,9,18.8,8,1083.10,2.7,,,
BF_BF4_h5s16n2.txt,HLCT,16,5,48,20,1200.0,1,2.1,7,14.6,9,1077.42,2.8,,,
BF_BF4_h5s16n20.txt,HLCT,16,5,48,20,1200.0,1,2.1,9,18.8,9,1114.25,2.6,,,
BF_BF4_h5s16n3.txt,HLCT,16,5,48,20,1200.0,0,0.0,12,25.0,9,1106.58,1.8,,,
BF_BF4_h5s16n4.txt,HLCT,16,5,48,20,1200.0,0,0.0,5,10.4,9,1165.37,1.6,,,
BF_BF4_h5s16n5.txt,HLCT,16,5,48,20,1200.0,0,0.0,3,6.2,8,1145.85,1.3,,,
BF_BF4_h5s16n6.txt,HLCT,16,5,48,20,1200.0,2,4.2,9,18.8,9,1180.09,1.4,,,
BF_BF4_h5s16n7.txt,HLCT,16,5,48,20,1200.0,0,0.0,8,16.7,9,1134.94,1.5,,,
BF_BF4_h5s16n8.txt,HLCT,16,5,48,20,1200.0,0,0.0,2,4.2,8,1092.85,1.5,,,
BF_BF4_h5s16n9.txt,HLCT,16,5,48,20,1200.0,0,0.0,4,8.3,9,1169.24,1.4,,,
BF_BF5_h5s16n1.txt,HLCT,16,5,64,13,1200.0,1,1.6,6,9.4,10,1112.60,1.3,,,
BF_BF5_h5s16n10.txt,HLCT,16,5,64,13,1200.0,1,1.6,14,21.9,10,1103.22,1.4,,,
BF_BF5_h5s16n11.txt,HLCT,16,5,64,13,1200.0,1,1.6,7,10.9,10,1095.10,1.4,,,
BF_BF5_h5s16n12.txt,HLCT,16,5,64,13,1200.0,1,1.6,9,14.1,11,1131.01,1.4,,,
BF_BF5_h5s16n13.txt,HLCT,16,5,64,13,1200.0,0,0.0,7,10.9,11,1122.61,1.4,,,
BF_BF5_h5s16n14.txt,HLCT,16,5,64,13,1200.0,2,3.1,8,12.5,10,1090.28,1.2,,,
BF_BF5_h5s16n15.txt,HLCT,16,5,64,13,1200.0,3,4.7,8,12.5,9,1089.61,1.1,,,
BF_BF5_h5s16n16.txt,HLCT,16,5,64,13,1200.0,1,1.6,4,6.2,9,1093.27,1.1,,,
BF_BF5_h5s16n17.txt,HLCT,16,5,64,13,1200.0,1,1.6,9,14.1,10,1107.73,1.3,,,
BF_BF5_h5s16n18.txt,HLCT,16,5,64,13,1200.0,1,1.6,5,7.8,10,1140.96,1.3,,,
BF_BF5_h5s16n19.txt,HLCT,16,5,64,13,1200.0,2,3.1,7,10.9,10,1177.20,1.1,,,
BF_BF5_h5s16n2.txt,HLCT,16,5,64,13,1200.0,1,1.6,10,15.6,10,1127.02,1.2,,,
BF_BF5_h5s16n20.txt,HLCT,16,5,64,13,1200.0,2,3.1,9,14.1,11,1191.69,1.1,,,
BF_BF5_h5s16n3.txt,HLCT,16,5,64,13,1200.0,2,3.1,9,14.1,10,1107.28,1.2,,,
BF_BF5_h5s16n4.txt,HLCT,16,5,64,13,1200.0,4,6.2,14,21.9,10,1175.42,1.2,,,
BF_BF5_h5s16n5.txt,HLCT,16,5,64,13,1200.0,1,1.6,13,20.3,10,1122.63,1.1,,,
BF_BF5_h5s16n6.txt,HLCT,16,5,64,13,1200.0,0,0.0,7,10.9,11,1103.53,1.3,,,
BF_BF5_h5s16n7.txt,HLCT,16,5,64,13,1200.0,0,0.0,6,9.4,10,1125.66,1.3,,,
BF_BF5_h5s16n8.txt,HLCT,16,5,64,13,1200.0,0,0.0,4,6.2,10,1112.83,1.3,,,
BF_BF5_h5s16n9.txt,HLCT,16,5,64,13,1200.0,1,1.6,8,12.5,11,1125.73,1.4,,,
BF_BF6_h5s16n1.txt,HLCT,16,5,64,13,1200.0,2,3.1,7,10.9,9,1088.78,1.2,,,
BF_BF6_h5s16n10.txt,HLCT,16,5,64,13,1200.0,1,1.6,3,4.7,9,1113.76,1.1,,,
BF_BF6_h5s16n11.txt,HLCT,16,5,64,13,1200.0,0,0.0,3,4.7,9,1077.18,1.1,,,
BF_BF6_h5s16n12.txt,HLCT,16,5,64,13,1200.0,0,0.0,6,9.4,10,1151.86,1.2,,,
BF_BF6_h5s16n13.txt,HLCT,16,5,64,13,1200.0,2,3.1,5,7.8,9,1112.03,1.3,,,
BF_BF6_h5s16n14.txt,HLCT,16,5,64,13,1200.0,1,1.6,12,18.8,11,1142.95,1.3,,,
BF_BF6_h5s16n15.txt,HLCT,16,5,64,13,1200.0,0,0.0,12,18.8,9,1107.87,1.1,,,
BF_BF6_h5s16n16.txt,HLCT,16,5,64,13,1200.0,2,3.1,10,15.6,9,1095.95,1.2,,,
BF_BF6_h5s16n17.txt,HLCT,16,5,64,13,1200.0,0,0.0,3,4.7,9,1081.75,1.0,,,
BF_BF6_h5s16n18.txt,HLCT,16,5,64,13,1200.0,0,0.0,6,9.4,10,1152.51,1.2,,,
BF_BF6_h5s16n19.txt,HLCT,16,5,64,13,1200.0,2,3.1,7,10.9,9,1101.79,1.2,,,
BF_BF6_h5s16n2.txt,HLCT,16,5,64,13,1200.0,1,1.6,4,6.2,9,1070.60,1.8,,,
BF_BF6_h5s16n20.txt,HLCT,16,5,64,13,1200.0,0,0.0,8,12.5,10,1168.03,1.9,,,
BF_BF6_h5s16n3.txt,HLCT,16,5,64,13,1200.0,2,3.1,8,12.5,10,1121.93,1.9,,,
BF_BF6_h5s16n4.txt,HLCT,16,5,64,13,1200.0,0,0.0,3,4.7,10,1119.89,2.2,,,
BF_BF6_h5s16n5.txt,HLCT,16,5,64,13,1200.0,2,3.1,5,7.8,10,1117.03,2.1,,,
BF_BF6_h5s16n6.txt,HLCT,16,5,64,13,1200.0,0,0.0,4,6.2,9,1089.58,2.0,,,
BF_BF6_h5s16n7.txt,HLCT,16,5,64,13,1200.0,0,0.0,8,12.5,10,1182.10,2.2,,,
BF_BF6_h5s16n8.txt,HLCT,16,5,64,13,1200.0,1,1.6,11,17.2,9,1097.83,1.2,,,
BF_BF6_h5s16n9.txt,HLCT,16,5,64,13,1200.0,5,7.8,7,10.9,9,1097.35,1.0,,,
BF_BF7_h5s16n1.txt,HLCT,16,5,64,26,1200.0,1,1.6,7,10.9,10,1115.73,2.5,,,
BF_BF7_h5s16n10.txt,HLCT,16,5,64,26,1200.0,2,3.1,8,12.5,10,1099.12,2.4,,,
BF_BF7_h5s16n11.txt,HLCT,16,5,64,26,1200.0,1,1.6,8,12.5,11,1169.42,2.6,,,
BF_BF7_h5s16n12.txt,HLCT,16,5,64,26,1200.0,1,1.6,9,14.1,8,981.74,2.3,,,
BF_BF7_h5s16n13.txt,HLCT,16,5,64,26,1200.0,0,0.0,7,10.9,10,1112.06,2.4,,,
BF_BF7_h5s16n14.txt,HLCT,16,5,64,26,1200.0,1,1.6,5,7.8,9,1094.59,2.3,,,
BF_BF7_h5s16n15.txt,HLCT,16,5,64,26,1200.0,2,3.1,8,12.5,10,1122.66,2.1,,,
BF_BF7_h5s16n16.txt,HLCT,16,5,64,26,1200.0,1,1.6,6,9.4,10,1093.90,2.6,,,
BF_BF7_h5s16n17.txt,HLCT,16,5,64,26,1200.0,0,0.0,4,6.2,10,1095.28,2.9,,,
BF_BF7_h5s16n18.txt,HLCT,16,5,64,26,1200.0,3,4.7,6,9.4,9,1092.04,2.2,,,
BF_BF7_h5s16n19.txt,HLCT,16,5,64,26,1200.0,0,0.0,9,14.1,10,1118.39,2.5,,,
BF_BF7_h5s16n2.txt,HLCT,16,5,64,26,1200.0,1,1.6,8,12.5,10,1100.70,2.6,,,
BF_BF7_h5s16n20.txt,HLCT,16,5,64,26,1200.0,1,1.6,9,14.1,10,1121.00,2.8,,,
BF_BF7_h5s16n3.txt,HLCT,16,5,64,26,1200.0,1,1.6,7,10.9,10,1074.50,2.3,,,
BF_BF7_h5s16n4.txt,HLCT,16,5,64,26,1200.0,2,3.1,12,18.8,10,1119.01,2.9,,,
BF_BF7_h5s16n5.txt,HLCT,16,5,64,26,1200.0,0,0.0,6,9.4,10,1105.95,2.4,,,
BF_BF7_h5s16n6.txt,HLCT,16,5,64,26,1200.0,1,1.6,8,12.5,11,1161.56,2.7,,,
BF_BF7_h5s16n7.txt,HLCT,16,5,64,26,1200.0,1,1.6,8,12.5,9,1116.50,2.6,,,
BF_BF7_h5s16n8.txt,HLCT,16,5,64,26,1200.0,0,0.0,10,15.6,10,1108.91,2.7,,,
BF_BF7_h5s16n9.txt,HLCT,16,5,64,26,1200.0,0,0.0,9,14.1,10,1141.70,2.8,,,
BF_BF8_h5s16n1.txt,HLCT,16,5,64,26,1200.0,1,1.6,9,14.1,10,1141.26,2.4,,,
BF_BF8_h5s16n10.txt,HLCT,16,5,64,26,1200.0,0,0.0,3,4.7,10,1104.81,2.5,,,
BF_BF8_h5s16n11.txt,HLCT,16,5,64,26,1200.0,0,0.0,6,9.4,10,1140.60,2.1,,,
BF_BF8_h5s16n12.txt,HLCT,16,5,64,26,1200.0,0,0.0,6,9.4,9,1106.46,2.6,,,
BF_BF8_h5s16n13.txt,HLCT,16,5,64,26,1200.0,0,0.0,4,6.2,9,1120.58,2.5,,,
BF_BF8_h5s16n14.txt,HLCT,16,5,64,26,1200.0,0,0.0,6,9.4,9,1187.78,2.1,,,
BF_BF8_h5s16n15.txt,HLCT,16,5,64,26,1200.0,1,1.6,7,10.9,10,1113.85,2.2,,,
BF_BF8_h5s16n16.txt,HLCT,16,5,64,26,1200.0,1,1.6,5,7.8,9,1106.94,2.4,,,
BF_BF8_h5s16n17.txt,HLCT,16,5,64,26,1200.0,0,0.0,5,7.8,9,1123.29,2.1,,,
BF_BF8_h5s16n18.txt,HLCT,16,5,64,26,1200.0,1,1.6,7,10.9,9,1173.55,2.3,,,
BF_BF8_h5s16n19.txt,HLCT,16,5,64,26,1200.0,1,1.6,5,7.8,9,1107.25,2.7,,,
BF_BF8_h5s16n2.txt,HLCT,16,5,64,26,1200.0,0,0.0,6,9.4,10,1104.93,2.6,,,
BF_BF8_h5s16n20.txt,HLCT,16,5,64,26,1200.0,1,1.6,5,7.8,9,1104.97,2.2,,,
BF_BF8_h5s16n3.txt,HLCT,16,5,64,26,1200.0,1,1.6,6,9.4,9,1109.89,2.3,,,
BF_BF8_h5s16n4.txt,HLCT,16,5,64,26,1200.0,1,1.6,9,14.1,10,1123.52,2.4,,,
BF_BF8_h5s16n5.txt,HLCT,16,5,64,26,1200.0,1,1.6,8,12.5,10,1114.46,2.4,,,
BF_BF8_h5s16n6.txt,HLCT,16,5,64,26,1200.0,0,0.0,7,10.9,11,1186.32,4.2,,,
BF_BF8_h5s16n7.txt,HLCT,16,5,64,26,1200.0,2,3.1,6,9.4,10,1170.30,3.7,,,
BF_BF8_h5s16n8.txt,HLCT,16,5,64,26,1200.0,1,1.6,10,15.6,10,1163.57,4.4,,,
BF_BF8_h5s16n9.txt,HLCT,16,5,64,26,1200.0,1,1.6,5,7.8,9,1171.78,3.8,,,
BF_BF9_h8s16n1.txt,HLCT,16,8,77,16,1200.0,0,0.0,2,2.6,7,1073.10,1.3,,,
BF_BF9_h8s16n10.txt,HLCT,16,8,77,16,1200.0,1,1.3,4,5.2,8,1172.40,2.2,,,
BF_BF9_h8s16n11.txt,HLCT,16,8,77,16,1200.0,2,2.6,7,9.1,8,1167.71,2.2,,,
BF_BF9_h8s16n12.txt,HLCT,16,8,77,16,1200.0,1,1.3,3,3.9,7,1088.48,1.3,,,
BF_BF9_h8s16n13.txt,HLCT,16,8,77,16,1200.0,1,1.3,4,5.2,8,1190.12,1.4,,,
BF_BF9_h8s16n14.txt,HLCT,16,8,77,16,1200.0,2,2.6,4,5.2,8,1188.25,1.3,,,
BF_BF9_h8s16n15.txt,HLCT,16,8,77,16,1200.0,3,3.9,6,7.8,8,1069.66,1.4,,,
BF_BF9_h8s16n16.txt,HLCT,16,8,77,16,1200.0,1,1.3,8,10.4,8,1189.65,1.3,,,
BF_BF9_h8s16n17.txt,HLCT,16,8,77,16,1200.0,2,2.6,3,3.9,6,1046.45,1.2,,,
BF_BF9_h8s16n18.txt,HLCT,16,8,77,16,1200.0,3,3.9,5,6.5,7,1120.05,1.2,,,
BF_BF9_h8s16n19.txt,HLCT,16,8,77,16,1200.0,1,1.3,4,5.2,7,1073.17,1.4,,,
BF_BF9_h8s16n2.txt,HLCT,16,8,77,16,1200.0,1,1.3,3,3.9,7,1085.04,1.3,,,
BF_BF9_h8s16n20.txt,HLCT,16,8,77,16,1200.0,1,1.3,4,5.2,6,1102.57,1.2,,,
BF_BF9_h8s16n3.txt,HLCT,16,8,77,16,1200.0,1,1.3,4,5.2,8,1180.77,1.3,,,
BF_BF9_h8s16n4.txt,HLCT,16,8,77,16,1200.0,1,1.3,3,3.9,7,1097.32,1.3,,,
BF_BF9_h8s16n5.txt,HLCT,16,8,77,16,1200.0,3,3.9,4,5.2,7,1065.34,1.2,,,
BF_BF9_h8s16n6.txt,HLCT,16,8,77,16,1200.0,1,1.3,4,5.2,8,1155.32,1.4,,,
BF_BF9_h8s16n7.txt,HLCT,16,8,77,16,1200.0,1,1.3,4,5.2,8,1103.20,1.4,,,
BF_BF9_h8s16n8.txt,HLCT,16,8,77,16,1200.0,4,5.2,7,9.1,8,1076.38,1.4,,,
BF_BF9_h8s16n9.txt,HLCT,16,8,77,16,1200.0,1,1.3,7,9.1,7,1086.82,1.3,,,
BZ_h4s3f50p2n1.txt,HLCT,3,4,6,2,600.0,0,0.0,6,100.0,3,316.52,0.0,,,
BZ_h4s3f50p2n10.txt,HLCT,3,4,6,2,600.0,0,0.0,6,100.0,2,215.59,0.0,,,
BZ_h4s3f50p2n11.txt,HLCT,3,4,6,2,600.0,1,16.7,6,100.0,1,108.07,0.0,,,
BZ_h4s3f50p2n12.txt,HLCT,3,4,6,2,600.0,2,33.3,6,100.0,1,102.84,0.0,,,
BZ_h4s3f50p2n13.txt,HLCT,3,4,6,2,600.0,1,16.7,6,100.0,4,444.71,0.1,,,
BZ_h4s3f50p2n14.txt,HLCT,3,4,6,2,600.0,1,16.7,6,100.0,2,212.82,0.0,,,
BZ_h4s3f50p2n15.txt,HLCT,3,4,6,2,600.0,3,50.0,6,100.0,3,335.61,0.1,,,
BZ_h4s3f50p2n16.txt,HLCT,3,4,6,2,600.0,2,33.3,6,100.0,3,311.66,0.0,,,
BZ_h4s3f50p2n17.txt,HLCT,3,4,6,2,600.0,2,33.3,6,100.0,2,233.55,0.0,,,
BZ_h4s3f50p2n18.txt,HLCT,3,4,6,2,600.0,3,50.0,6,100.0,1,120.84,0.0,,,
BZ_h4s3f50p2n19.txt,HLCT,3,4,6,2,600.0,2,33.3,6,100.0,2,219.55,0.0,,,
BZ_h4s3f50p2n2.txt,HLCT,3,4,6,2,600.0,2,33.3,6,100.0,2,197.64,0.0,,,
BZ_h4s3f50p2n20.txt,HLCT,3,4,6,2,600.0,3,50.0,6,100.0,2,228.26,0.0,,,
BZ_h4s3f50p2n3.txt,HLCT,3,4,6,2,600.0,1,16.7,6,100.0,1,108.07,0.0,,,
BZ_h4s3f50p2n4.txt,HLCT,3,4,6,2,600.0,3,50.0,6,100.0,2,236.04,0.0,,,
BZ_h4s3f50p2n5.txt,HLCT,3,4,6,2,600.0,1,16.7,6,100.0,3,284.21,0.0,,,
BZ_h4s3f50p2n6.txt,HLCT,3,4,6,2,600.0,0,0.0,6,100.0,2,212.80,0.0,,,
BZ_h4s3f50p2n7.txt,HLCT,3,4,6,2,600.0,1,16.7,6,100.0,1,104.17,0.0,,,
BZ_h4s3f50p2n8.txt,HLCT,3,4,6,2,600.0,0,0.0,6,100.0,4,429.49,0.0,,,
BZ_h4s3f50p2n9.txt,HLCT,3,4,6,2,600.0,1,16.7,6,100.0,1,95.06,0.0,,,
BZ_h4s3f50p3n1.txt,HLCT,3,4,6,3,600.0,1,16.7,4,66.7,4,434.38,0.1,,,
BZ_h4s3f50p3n10.txt,HLCT,3,4,6,3,600.0,2,33.3,6,100.0,3,308.94,0.0,,,
BZ_h4s3f50p3n11.txt,HLCT,3,4,6,3,600.0,1,16.7,6,100.0,2,201.51,0.0,,,
BZ_h4s3f50p3n12.txt,HLCT,3,4,6,3,600.0,2,33.3,6,100.0,3,305.06,0.0,,,
BZ_h4s3f50p3n13.txt,HLCT,3,4,6,3,600.0,0,0.0,6,100.0,2,218.34,0.0,,,
BZ_h4s3f50p3n14.txt,HLCT,3,4,6,3,600.0,1,16.7,6,100.0,4,425.34,0.0,,,
BZ_h4s3f50p3n15.txt,HLCT,3,4,6,3,600.0,0,0.0,6,100.0,5,548.15,0.1,,,
BZ_h4s3f50p3n16.txt,HLCT,3,4,6,3,600.0,1,16.7,6,100.0,2,228.36,0.0,,,
BZ_h4s3f50p3n17.txt,HLCT,3,4,6,3,600.0,0,0.0,6,100.0,2,212.64,0.0,,,
BZ_h4s3f50p3n18.txt,HLCT,3,4,6,3,600.0,2,33.3,6,100.0,1,102.99,0.0,,,
BZ_h4s3f50p3n19.txt,HLCT,3,4,6,3,600.0,0,0.0,6,100.0,2,214.31,0.0,,,
BZ_h4s3f50p3n2.txt,HLCT,3,4,6,3,600.0,1,16.7,6,100.0,2,211.51,0.0,,,
BZ_h4s3f50p3n20.txt,HLCT,3,4,6,3,600.0,2,33.3,6,100.0,1,126.02,0.0,,,
BZ_h4s3f50p3n3.txt,HLCT,3,4,6,3,600.0,3,50.0,6,100.0,3,297.47,0.0,,,
BZ_h4s3f50p3n4.txt,HLCT,3,4,6,3,600.0,0,0.0,6,100.0,4,422.59,0.1,,,
BZ_h4s3f50p3n5.txt,HLCT,3,4,6,3,600.0,1,16.7,6,100.0,2,193.74,0.0,,,
BZ_h4s3f50p3n6.txt,HLCT,3,4,6,3,600.0,0,0.0,6,100.0,3,284.21,0.0,,,
BZ_h4s3f50p3n7.txt,HLCT,3,4,6,2,600.0,0,0.0,6,100.0,1,109.17,0.0,,,
BZ_h4s3f50p3n8.txt,HLCT,3,4,6,3,600.0,0,0.0,6,100.0,2,215.63,0.0,,,
BZ_h4s3f50p3n9.txt,HLCT,3,4,6,3,600.0,0,0.0,6,100.0,2,236.04,0.0,,,
BZ_h4s3f50p6n1.txt,HLCT,3,4,6,6,600.0,0,0.0,6,100.0,2,215.65,0.0,,,
BZ_h4s3f50p6n10.txt,HLCT,3,4,6,6,600.0,1,16.7,6,100.0,4,411.54,0.1,,,
BZ_h4s3f50p6n11.txt,HLCT,3,4,6,6,600.0,0,0.0,6,100.0,4,407.64,0.1,,,
BZ_h4s3f50p6n12.txt,HLCT,3,4,6,6,600.0,2,33.3,6,100.0,3,351.23,0.0,,,
BZ_h4s3f50p6n13.txt,HLCT,3,4,6,5,600.0,1,16.7,6,100.0,1,99.99,0.0,,,
BZ_h4s3f50p6n14.txt,HLCT,3,4,6,6,600.0,0,0.0,6,100.0,4,407.64,0.1,,,
BZ_h4s3f50p6n15.txt,HLCT,3,4,6,6,600.0,0,0.0,6,100.0,2,233.55,0.0,,,
BZ_h4s3f50p6n16.txt,HLCT,3,4,6,5,600.0,1,16.7,6,100.0,1,125.98,0.0,,,
BZ_h4s3f50p6n17.txt,HLCT,3,4,6,6,600.0,2,33.3,6,100.0,3,351.23,0.0,,,
BZ_h4s3f50p6n18.txt,HLCT,3,4,6,6,600.0,1,16.7,6,100.0,4,447.34,0.1,,,
BZ_h4s3f50p6n19.txt,HLCT,3,4,6,6,600.0,1,16.7,6,100.0,1,110.47,0.0,,,
BZ_h4s3f50p6n2.txt,HLCT,3,4,6,6,600.0,2,33.3,6,100.0,4,439.63,0.1,,,
BZ_h4s3f50p6n20.txt,HLCT,3,4,6,4,600.0,0,0.0,6,100.0,1,102.58,0.0,,,
BZ_h4s3f50p6n3.txt,HLCT,3,4,6,5,600.0,0,0.0,6,100.0,5,545.90,0.1,,,
BZ_h4s3f50p6n4.txt,HLCT,3,4,6,5,600.0,0,0.0,6,100.0,5,511.12,0.1,,,
BZ_h4s3f50p6n5.txt,HLCT,3,4,6,6,600.0,2,33.3,6,100.0,5,537.78,0.1,,,
BZ_h4s3f50p6n6.txt,HLCT,3,4,6,6,600.0,2,33.3,6,100.0,3,310.14,0.0,,,
BZ_h4s3f50p6n7.txt,HLCT,3,4,6,5,600.0,0,0.0,6,100.0,3,316.52,0.1,,,
BZ_h4s3f50p6n8.txt,HLCT,3,4,6,6,600.0,0,0.0,6,100.0,5,553.78,0.1,,,
BZ_h4s3f50p6n9.txt,HLCT,3,4,6,6,600.0,0,0.0,6,100.0,3,348.38,0.1,,,
BZ_h4s3f70p2n1.txt,HLCT,3,4,8,2,600.0,2,25.0,8,100.0,5,499.44,0.0,,,
BZ_h4s3f70p2n10.txt,HLCT,3,4,8,2,600.0,3,37.5,8,100.0,2,200.05,0.0,,,
BZ_h4s3f70p2n11.txt,HLCT,3,4,8,2,600.0,3,37.5,4,50.0,3,281.67,0.0,,,
BZ_h4s3f70p2n12.txt,HLCT,3,4,8,2,600.0,0,0.0,8,100.0,3,284.21,0.0,,,
BZ_h4s3f70p2n13.txt,HLCT,3,4,8,2,600.0,0,0.0,1,12.5,4,378.07,0.0,,,
BZ_h4s3f70p2n14.txt,HLCT,3,4,8,2,600.0,2,25.0,8,100.0,3,285.72,0.0,,,
BZ_h4s3f70p2n15.txt,HLCT,3,4,8,2,600.0,0,0.0,8,100.0,2,184.64,0.0,,,
BZ_h4s3f70p2n16.txt,HLCT,3,4,8,2,600.0,1,12.5,8,100.0,1,110.47,0.0,,,
BZ_h4s3f70p2n17.txt,HLCT,3,4,8,2,600.0,4,50.0,8,100.0,3,296.09,0.0,,,
BZ_h4s3f70p2n18.txt,HLCT,3,4,8,2,600.0,5,62.5,8,100.0,5,500.55,0.0,,,
BZ_h4s3f70p2n19.txt,HLCT,3,4,8,2,600.0,3,37.5,8,100.0,5,497.03,0.0,,,
BZ_h4s3f70p2n2.txt,HLCT,3,4,8,2,600.0,0,0.0,8,100.0,3,281.98,0.0,,,
BZ_h4s3f70p2n20.txt,HLCT,3,4,8,2,600.0,2,25.0,3,37.5,5,503.19,0.0,,,
BZ_h4s3f70p2n3.txt,HLCT,3,4,8,2,600.0,2,25.0,8,100.0,1,88.54,0.0,,,
BZ_h4s3f70p2n4.txt,HLCT,3,4,8,2,600.0,2,25.0,2,25.0,4,343.30,0.0,,,
BZ_h4s3f70p2n5.txt,HLCT,3,4,8,2,600.0,5,62.5,8,100.0,5,503.35,0.0,,,
BZ_h4s3f70p2n6.txt,HLCT,3,4,8,2,600.0,3,37.5,8,100.0,3,301.35,0.0,,,
BZ_h4s3f70p2n7.txt,HLCT,3,4,8,2,600.0,2,25.0,8,100.0,2,187.02,0.1,,,
BZ_h4s3f70p2n8.txt,HLCT,3,4,8,2,600.0,1,12.5,8,100.0,5,499.13,0.1,,,
BZ_h4s3f70p2n9.txt,HLCT,3,4,8,2,600.0,0,0.0,8,100.0,1,101.32,0.0,,,
BZ_h4s3f70p3n1.txt,HLCT,3,4,8,3,600.0,0,0.0,8,100.0,3,289.44,0.1,,,
BZ_h4s3f70p3n10.txt,HLCT,3,4,8,3,600.0,2,25.0,8,100.0,1,102.99,0.0,,,
BZ_h4s3f70p3n11.txt,HLCT,3,4,8,3,600.0,0,0.0,1,12.5,1,105.22,0.1,,,
BZ_h4s3f70p3n12.txt,HLCT,3,4,8,3,600.0,1,12.5,4,50.0,5,496.54,0.1,,,
BZ_h4s3f70p3n13.txt,HLCT,3,4,8,3,600.0,3,37.5,8,100.0,1,108.07,0.0,,,
BZ_h4s3f70p3n14.txt,HLCT,3,4,8,3,600.0,1,12.5,8,100.0,3,289.60,0.0,,,
BZ_h4s3f70p3n15.txt,HLCT,3,4,8,3,600.0,0,0.0,8,100.0,5,464.80,0.1,,,
BZ_h4s3f70p3n16.txt,HLCT,3,4,8,3,600.0,3,37.5,8,100.0,5,499.47,0.0,,,
BZ_h4s3f70p3n17.txt,HLCT,3,4,8,3,600.0,1,12.5,8,100.0,6,598.00,0.1,,,
BZ_h4s3f70p3n18.txt,HLCT,3,4,8,3,600.0,0,0.0,4,50.0,1,88.54,0.1,,,
BZ_h4s3f70p3n19.txt,HLCT,3,4,8,3,600.0,1,12.5,1,12.5,0,0.00,0.0,,,
BZ_h4s3f70p3n2.txt,HLCT,3,4,8,3,600.0,1,12.5,8,100.0,1,96.39,0.0,,,
BZ_h4s3f70p3n20.txt,HLCT,3,4,8,3,600.0,3,37.5,8,100.0,4,381.61,0.1,,,
BZ_h4s3f70p3n3.txt,HLCT,3,4,8,3,600.0,4,50.0,8,100.0,2,219.55,0.0,,,
BZ_h4s3f70p3n4.txt,HLCT,3,4,8,3,600.0,0,0.0,8,100.0,5,485.11,0.0,,,
BZ_h4s3f70p3n5.txt,HLCT,3,4,8,3,600.0,0,0.0,2,25.0,3,288.27,0.1,,,
BZ_h4s3f70p3n6.txt,HLCT,3,4,8,3,600.0,2,25.0,8,100.0,4,394.27,0.0,,,
BZ_h4s3f70p3n7.txt,HLCT,3,4,8,3,600.0,0,0.0,8,100.0,5,504.65,0.1,,,
BZ_h4s3f70p3n8.txt,HLCT,3,4,8,3,600.0,0,0.0,1,12.5,1,109.17,0.0,,,
BZ_h4s3f70p3n9.txt,HLCT,3,4,8,3,600.0,0,0.0,8,100.0,6,575.72,0.1,,,
BZ_h4s3f70p6n1.txt,HLCT,3,4,8,6,600.0,0,0.0,5,62.5,5,489.03,0.1,,,
BZ_h4s3f70p6n10.txt,HLCT,3,4,8,4,600.0,2,25.0,6,75.0,5,483.67,0.1,,,
BZ_h4s3f70p6n11.txt,HLCT,3,4,8,5,600.0,2,25.0,4,50.0,6,554.15,0.1,,,
BZ_h4s3f70p6n12.txt,HLCT,3,4,8,6,600.0,1,12.5,8,100.0,2,200.16,0.0,,,
BZ_h4s3f70p6n13.txt,HLCT,3,4,8,6,600.0,1,12.5,8,100.0,4,388.15,0.1,,,
BZ_h4s3f70p6n14.txt,HLCT,3,4,8,6,600.0,2,25.0,4,50.0,5,504.76,0.1,,,
BZ_h4s3f70p6n15.txt,HLCT,3,4,8,4,600.0,1,12.5,5,62.5,5,483.88,0.1,,,
BZ_h4s3f70p6n16.txt,HLCT,3,4,8,6,600.0,6,75.0,8,100.0,4,402.00,0.0,,,
BZ_h4s3f70p6n17.txt,HLCT,3,4,8,6,600.0,0,0.0,5,62.5,3,285.72,0.1,,,
BZ_h4s3f70p6n18.txt,HLCT,3,4,8,6,600.0,0,0.0,2,25.0,5,522.16,0.1,,,
BZ_h4s3f70p6n19.txt,HLCT,3,4,8,6,600.0,0,0.0,8,100.0,2,184.64,0.0,,,
BZ_h4s3f70p6n2.txt,HLCT,3,4,8,6,600.0,4,50.0,8,100.0,5,500.60,0.1,,,
BZ_h4s3f70p6n20.txt,HLCT,3,4,8,6,600.0,3,37.5,6,75.0,3,289.44,0.1,,,
BZ_h4s3f70p6n3.txt,HLCT,3,4,8,6,600.0,1,12.5,8,100.0,6,572.22,0.1,,,
BZ_h4s3f70p6n4.txt,HLCT,3,4,8,6,600.0,0,0.0,2,25.0,5,456.87,0.1,,,
BZ_h4s3f70p6n5.txt,HLCT,3,4,8,5,600.0,4,50.0,8,100.0,4,409.72,0.1,,,
BZ_h4s3f70p6n6.txt,HLCT,3,4,8,6,600.0,1,12.5,8,100.0,5,492.98,0.1,,,
BZ_h4s3f70p6n7.txt,HLCT,3,4,8,5,600.0,0,0.0,1,12.5,4,363.55,0.1,,,
BZ_h4s3f70p6n8.txt,HLCT,3,4,8,6,600.0,0,0.0,8,100.0,5,504.65,0.1,,,
BZ_h4s3f70p6n9.txt,HLCT,3,4,8,6,600.0,0,0.0,8,100.0,2,182.02,0.0,,,
BZ_h4s5f50p2n1.txt,HLCT,5,4,10,2,600.0,3,30.0,10,100.0,2,206.47,0.0,,,
BZ_h4s5f50p2n10.txt,HLCT,5,4,10,2,600.0,4,40.0,10,100.0,3,323.99,0.0,,,
BZ_h4s5f50p2n11.txt,HLCT,5,4,10,2,600.0,0,0.0,10,100.0,5,499.33,0.1,,,
BZ_h4s5f50p2n12.txt,HLCT,5,4,10,2,600.0,0,0.0,10,100.0,5,567.31,0.0,,,
BZ_h4s5f50p2n13.txt,HLCT,5,4,10,2,600.0,3,30.0,10,100.0,2,211.14,0.0,,,
BZ_h4s5f50p2n14.txt,HLCT,5,4,10,2,600.0,1,10.0,10,100.0,3,300.87,0.0,,,
BZ_h4s5f50p2n15.txt,HLCT,5,4,10,2,600.0,3,30.0,10,100.0,4,431.20,0.0,,,
BZ_h4s5f50p2n16.txt,HLCT,5,4,10,2,600.0,2,20.0,10,100.0,2,200.95,0.0,,,
BZ_h4s5f50p2n17.txt,HLCT,5,4,10,2,600.0,3,30.0,10,100.0,5,529.09,0.1,,,
BZ_h4s5f50p2n18.txt,HLCT,5,4,10,2,600.0,2,20.0,10,100.0,5,544.14,0.1,,,
BZ_h4s5f50p2n19.txt,HLCT,5,4,10,2,600.0,2,20.0,10,100.0,1,118.37,0.0,,,
BZ_h4s5f50p2n2.txt,HLCT,5,4,10,2,600.0,3,30.0,10,100.0,1,117.94,0.0,,,
BZ_h4s5f50p2n20.txt,HLCT,5,4,10,2,600.0,1,10.0,10,100.0,4,437.44,0.0,,,
BZ_h4s5f50p2n3.txt,HLCT,5,4,10,2,600.0,2,20.0,10,100.0,3,301.16,0.0,,,
BZ_h4s5f50p2n4.txt,HLCT,5,4,10,2,600.0,4,40.0,10,100.0,2,185.97,0.0,,,
BZ_h4s5f50p2n5.txt,HLCT,5,4,10,2,600.0,6,60.0,10,100.0,3,308.94,0.0,,,
BZ_h4s5f50p2n6.txt,HLCT,5,4,10,2,600.0,2,20.0,10,100.0,3,312.88,0.0,,,
BZ_h4s5f50p2n7.txt,HLCT,5,4,10,2,600.0,1,10.0,10,100.0,2,220.02,0.0,,,
BZ_h4s5f50p2n8.txt,HLCT,5,4,10,2,600.0,1,10.0,10,100.0,2,193.56,0.0,,,
BZ_h4s5f50p2n9.txt,HLCT,5,4,10,2,600.0,5,50.0,10,100.0,1,105.52,0.0,,,
BZ_h4s5f50p3n1.txt,HLCT,5,4,10,3,600.0,1,10.0,10,100.0,1,99.09,0.0,,,
BZ_h4s5f50p3n10.txt,HLCT,5,4,10,3,600.0,1,10.0,10,100.0,3,330.74,0.0,,,
BZ_h4s5f50p3n11.txt,HLCT,5,4,10,3,600.0,2,20.0,10,100.0,3,319.05,0.0,,,
BZ_h4s5f50p3n12.txt,HLCT,5,4,10,3,600.0,3,30.0,10,100.0,1,119.45,0.0,,,
BZ_h4s5f50p3n13.txt,HLCT,5,4,10,3,600.0,6,60.0,10,100.0,2,251.49,0.0,,,
BZ_h4s5f50p3n14.txt,HLCT,5,4,10,3,600.0,3,30.0,10,100.0,2,179.56,0.0,,,
BZ_h4s5f50p3n15.txt,HLCT,5,4,10,3,600.0,2,20.0,10,100.0,4,406.47,0.1,,,
BZ_h4s5f50p3n16.txt,HLCT,5,4,10,3,600.0,1,10.0,5,50.0,5,560.79,0.1,,,
BZ_h4s5f50p3n17.txt,HLCT,5,4,10,3,600.0,3,30.0,10,100.0,2,230.38,0.0,,,
BZ_h4s5f50p3n18.txt,HLCT,5,4,10,3,600.0,0,0.0,10,100.0,3,306.65,0.1,,,
BZ_h4s5f50p3n19.txt,HLCT,5,4,10,3,600.0,1,10.0,10,100.0,3,302.25,0.1,,,
BZ_h4s5f50p3n2.txt,HLCT,5,4,10,3,600.0,2,20.0,10,100.0,3,305.16,0.1,,,
BZ_h4s5f50p3n20.txt,HLCT,5,4,10,3,600.0,1,10.0,10,100.0,3,312.62,0.1,,,
BZ_h4s5f50p3n3.txt,HLCT,5,4,10,3,600.0,4,40.0,10,100.0,3,305.08,0.0,,,
BZ_h4s5f50p3n4.txt,HLCT,5,4,10,3,600.0,3,30.0,10,100.0,4,430.42,0.1,,,
BZ_h4s5f50p3n5.txt,HLCT,5,4,10,3,600.0,4,40.0,10,100.0,4,486.75,0.1,,,
BZ_h4s5f50p3n6.txt,HLCT,5,4,10,3,600.0,1,10.0,10,100.0,4,466.45,0.0,,,
BZ_h4s5f50p3n7.txt,HLCT,5,4,10,3,600.0,5,50.0,10,100.0,4,485.37,0.0,,,
BZ_h4s5f50p3n8.txt,HLCT,5,4,10,3,600.0,3,30.0,10,100.0,2,211.14,0.0,,,
BZ_h4s5f50p3n9.txt,HLCT,5,4,10,3,600.0,5,50.0,10,100.0,4,443.76,0.1,,,
BZ_h4s5f50p6n1.txt,HLCT,5,4,10,5,600.0,3,30.0,10,100.0,3,338.21,0.0,,,
BZ_h4s5f50p6n10.txt,HLCT,5,4,10,6,600.0,4,40.0,10,100.0,2,209.47,0.0,,,
BZ_h4s5f50p6n11.txt,HLCT,5,4,10,6,600.0,2,20.0,10,100.0,5,537.59,0.1,,,
BZ_h4s5f50p6n12.txt,HLCT,5,4,10,6,600.0,0,0.0,10,100.0,2,216.80,0.0,,,
BZ_h4s5f50p6n13.txt,HLCT,5,4,10,6,600.0,2,20.0,10,100.0,3,324.01,0.1,,,
BZ_h4s5f50p6n14.txt,HLCT,5,4,10,6,600.0,2,20.0,10,100.0,4,458.88,0.1,,,
BZ_h4s5f50p6n15.txt,HLCT,5,4,10,5,600.0,0,0.0,10,100.0,5,531.82,0.1,,,
BZ_h4s5f50p6n16.txt,HLCT,5,4,10,6,600.0,3,30.0,10,100.0,2,224.35,0.0,,,
BZ_h4s5f50p6n17.txt,HLCT,5,4,10,6,600.0,0,0.0,10,100.0,5,557.29,0.1,,,
BZ_h4s5f50p6n18.txt,HLCT,5,4,10,6,600.0,0,0.0,10,100.0,5,516.44,0.1,,,
BZ_h4s5f50p6n19.txt,HLCT,5,4,10,6,600.0,1,10.0,10,100.0,3,340.87,0.1,,,
BZ_h4s5f50p6n2.txt,HLCT,5,4,10,6,600.0,2,20.0,10,100.0,2,197.64,0.0,,,
BZ_h4s5f50p6n20.txt,HLCT,5,4,10,5,600.0,2,20.0,10,100.0,2,214.36,0.0,,,
BZ_h4s5f50p6n3.txt,HLCT,5,4,10,6,600.0,3,30.0,10,100.0,2,239.97,0.0,,,
BZ_h4s5f50p6n4.txt,HLCT,5,4,10,6,600.0,0,0.0,8,80.0,5,550.58,0.1,,,
BZ_h4s5f50p6n5.txt,HLCT,5,4,10,6,600.0,0,0.0,10,100.0,1,113.20,0.0,,,
BZ_h4s5f50p6n6.txt,HLCT,5,4,10,6,600.0,1,10.0,6,60.0,4,433.45,0.1,,,
BZ_h4s5f50p6n7.txt,HLCT,5,4,10,6,600.0,0,0.0,3,30.0,5,526.71,0.1,,,
BZ_h4s5f50p6n8.txt,HLCT,5,4,10,6,600.0,1,10.0,4,40.0,4,410.08,0.1,,,
BZ_h4s5f50p6n9.txt,HLCT,5,4,10,6,600.0,0,0.0,6,60.0,4,443.34,0.1,,,
BZ_h4s5f70p2n1.txt,HLCT,5,4,14,2,600.0,4,28.6,14,100.0,3,259.23,0.0,,,
BZ_h4s5f70p2n10.txt,HLCT,5,4,14,2,600.0,4,28.6,14,100.0,2,188.60,0.0,,,
BZ_h4s5f70p2n11.txt,HLCT,5,4,14,2,600.0,4,28.6,14,100.0,4,381.59,0.0,,,
BZ_h4s5f70p2n12.txt,HLCT,5,4,14,2,600.0,3,21.4,14,100.0,2,191.30,0.0,,,
BZ_h4s5f70p2n13.txt,HLCT,5,4,14,2,600.0,2,14.3,14,100.0,4,407.30,0.0,,,
BZ_h4s5f70p2n14.txt,HLCT,5,4,14,2,600.0,4,28.6,7,50.0,6,583.65,0.0,,,
BZ_h4s5f70p2n15.txt,HLCT,5,4,14,2,600.0,6,42.9,14,100.0,3,290.72,0.0,,,
BZ_h4s5f70p2n16.txt,HLCT,5,4,14,2,600.0,8,57.1,10,71.4,3,250.88,0.1,,,
BZ_h4s5f70p2n17.txt,HLCT,5,4,14,2,600.0,5,35.7,14,100.0,4,381.56,0.0,,,
BZ_h4s5f70p2n18.txt,HLCT,5,4,14,2,600.0,7,50.0,14,100.0,4,411.81,0.1,,,
BZ_h4s5f70p2n19.txt,HLCT,5,4,14,2,600.0,1,7.1,14,100.0,2,192.55,0.0,,,
BZ_h4s5f70p2n2.txt,HLCT,5,4,14,2,600.0,9,64.3,14,100.0,1,106.69,0.0,,,
BZ_h4s5f70p2n20.txt,HLCT,5,4,14,2,600.0,4,28.6,14,100.0,2,171.61,0.0,,,
BZ_h4s5f70p2n3.txt,HLCT,5,4,14,2,600.0,3,21.4,14,100.0,4,405.61,0.0,,,
BZ_h4s5f70p2n4.txt,HLCT,5,4,14,2,600.0,7,50.0,14,100.0,1,107.51,0.0,,,
BZ_h4s5f70p2n5.txt,HLCT,5,4,14,2,600.0,6,42.9,14,100.0,4,430.21,0.1,,,
BZ_h4s5f70p2n6.txt,HLCT,5,4,14,2,600.0,1,7.1,14,100.0,2,199.90,0.0,,,
BZ_h4s5f70p2n7.txt,HLCT,5,4,14,2,600.0,3,21.4,5,35.7,5,513.42,0.1,,,
BZ_h4s5f70p2n8.txt,HLCT,5,4,14,2,600.0,4,28.6,7,50.0,5,515.47,0.1,,,
BZ_h4s5f70p2n9.txt,HLCT,5,4,14,2,600.0,2,14.3,6,42.9,5,495.87,0.1,,,
BZ_h4s5f70p3n1.txt,HLCT,5,4,14,3,600.0,1,7.1,6,42.9,6,544.14,0.1,,,
BZ_h4s5f70p3n10.txt,HLCT,5,4,14,3,600.0,5,35.7,14,100.0,4,464.77,0.1,,,
BZ_h4s5f70p3n11.txt,HLCT,5,4,14,3,600.0,1,7.1,7,50.0,5,526.73,0.1,,,
BZ_h4s5f70p3n12.txt,HLCT,5,4,14,3,600.0,3,21.4,8,57.1,6,596.58,0.1,,,
BZ_h4s5f70p3n13.txt,HLCT,5,4,14,3,600.0,4,28.6,14,100.0,5,495.28,0.1,,,
BZ_h4s5f70p3n14.txt,HLCT,5,4,14,3,600.0,1,7.1,14,100.0,4,363.44,0.1,,,
BZ_h4s5f70p3n15.txt,HLCT,5,4,14,3,600.0,0,0.0,14,100.0,4,410.87,0.1,,,
BZ_h4s5f70p3n16.txt,HLCT,5,4,14,3,600.0,4,28.6,7,50.0,6,561.46,0.1,,,
BZ_h4s5f70p3n17.txt,HLCT,5,4,14,3,600.0,1,7.1,3,21.4,4,392.50,0.1,,,
BZ_h4s5f70p3n18.txt,HLCT,5,4,14,3,600.0,2,14.3,4,28.6,5,517.65,0.1,,,
BZ_h4s5f70p3n19.txt,HLCT,5,4,14,3,600.0,3,21.4,10,71.4,6,594.15,0.1,,,
BZ_h4s5f70p3n2.txt,HLCT,5,4,14,3,600.0,3,21.4,7,50.0,6,561.53,0.1,,,
BZ_h4s5f70p3n20.txt,HLCT,5,4,14,3,600.0,8,57.1,14,100.0,4,383.46,0.0,,,
BZ_h4s5f70p3n3.txt,HLCT,5,4,14,3,600.0,3,21.4,14,100.0,3,334.45,0.0,,,
BZ_h4s5f70p3n4.txt,HLCT,5,4,14,3,600.0,3,21.4,14,100.0,4,386.59,0.0,,,
BZ_h4s5f70p3n5.txt,HLCT,5,4,14,3,600.0,1,7.1,6,42.9,6,566.37,0.1,,,
BZ_h4s5f70p3n6.txt,HLCT,5,4,14,3,600.0,1,7.1,3,21.4,5,507.11,0.1,,,
BZ_h4s5f70p3n7.txt,HLCT,5,4,14,3,600.0,3,21.4,14,100.0,6,598.06,0.1,,,
BZ_h4s5f70p3n8.txt,HLCT,5,4,14,3,600.0,5,35.7,14,100.0,3,285.54,0.1,,,
BZ_h4s5f70p3n9.txt,HLCT,5,4,14,3,600.0,2,14.3,14,100.0,4,392.81,0.1,,,
BZ_h4s5f70p6n1.txt,HLCT,5,4,14,6,600.0,0,0.0,2,14.3,5,459.45,0.2,,,
BZ_h4s5f70p6n10.txt,HLCT,5,4,14,6,600.0,2,14.3,4,28.6,6,557.92,0.2,,,
BZ_h4s5f70p6n11.txt,HLCT,5,4,14,6,600.0,0,0.0,5,35.7,5,534.08,0.2,,,
BZ_h4s5f70p6n12.txt,HLCT,5,4,14,6,600.0,2,14.3,4,28.6,4,436.21,0.2,,,
BZ_h4s5f70p6n13.txt,HLCT,5,4,14,6,600.0,0,0.0,11,78.6,5,523.55,0.1,,,
BZ_h4s5f70p6n14.txt,HLCT,5,4,14,5,600.0,2,14.3,3,21.4,3,275.49,0.1,,,
BZ_h4s5f70p6n15.txt,HLCT,5,4,14,6,600.0,0,0.0,7,50.0,5,448.15,0.1,,,
BZ_h4s5f70p6n16.txt,HLCT,5,4,14,6,600.0,1,7.1,14,100.0,5,459.42,0.1,,,
BZ_h4s5f70p6n17.txt,HLCT,5,4,14,6,600.0,1,7.1,14,100.0,6,576.97,0.1,,,
BZ_h4s5f70p6n18.txt,HLCT,5,4,14,6,600.0,0,0.0,3,21.4,5,446.73,0.1,,,
BZ_h4s5f70p6n19.txt,HLCT,5,4,14,6,600.0,2,14.3,14,100.0,4,408.54,0.1,,,
BZ_h4s5f70p6n2.txt,HLCT,5,4,14,6,600.0,3,21.4,7,50.0,5,504.22,0.1,,,
BZ_h4s5f70p6n20.txt,HLCT,5,4,14,6,600.0,0,0.0,14,100.0,5,495.35,0.1,,,
BZ_h4s5f70p6n3.txt,HLCT,5,4,14,6,600.0,0,0.0,5,35.7,5,471.37,0.1,,,
BZ_h4s5f70p6n4.txt,HLCT,5,4,14,6,600.0,3,21.4,6,42.9,5,433.63,0.1,,,
BZ_h4s5f70p6n5.txt,HLCT,5,4,14,6,600.0,0,0.0,9,64.3,6,593.41,0.1,,,
BZ_h4s5f70p6n6.txt,HLCT,5,4,14,6,600.0,4,28.6,5,35.7,4,382.63,0.1,,,
BZ_h4s5f70p6n7.txt,HLCT,5,4,14,6,600.0,0,0.0,9,64.3,5,481.43,0.1,,,
BZ_h4s5f70p6n8.txt,HLCT,5,4,14,6,600.0,4,28.6,14,100.0,4,414.33,0.1,,,
BZ_h4s5f70p6n9.txt,HLCT,5,4,14,6,600.0,1,7.1,4,28.6,6,583.55,0.1,,,
BZ_h4s7f50p2n1.txt,HLCT,7,4,14,2,600.0,7,50.0,14,100.0,3,322.28,0.0,,,
BZ_h4s7f50p2n10.txt,HLCT,7,4,14,2,600.0,5,35.7,14,100.0,2,218.84,0.0,,,
BZ_h4s7f50p2n11.txt,HLCT,7,4,14,2,600.0,5,35.7,14,100.0,1,107.68,0.0,,,
BZ_h4s7f50p2n12.txt,HLCT,7,4,14,2,600.0,5,35.7,14,100.0,2,183.18,0.0,,,
BZ_h4s7f50p2n13.txt,HLCT,7,4,14,2,600.0,3,21.4,6,42.9,5,497.95,0.1,,,
BZ_h4s7f50p2n14.txt,HLCT,7,4,14,2,600.0,2,14.3,14,100.0,5,502.09,0.1,,,
BZ_h4s7f50p2n15.txt,HLCT,7,4,14,2,600.0,7,50.0,8,57.1,5,496.52,0.1,,,
BZ_h4s7f50p2n16.txt,HLCT,7,4,14,2,600.0,2,14.3,14,100.0,3,316.82,0.0,,,
BZ_h4s7f50p2n17.txt,HLCT,7,4,14,2,600.0,3,21.4,6,42.9,5,535.71,0.1,,,
BZ_h4s7f50p2n18.txt,HLCT,7,4,14,2,600.0,5,35.7,14,100.0,4,398.96,0.0,,,
BZ_h4s7f50p2n19.txt,HLCT,7,4,14,2,600.0,4,28.6,14,100.0,5,556.04,0.1,,,
BZ_h4s7f50p2n2.txt,HLCT,7,4,14,2,600.0,6,42.9,14,100.0,1,93.95,0.0,,,
BZ_h4s7f50p2n20.txt,HLCT,7,4,14,2,600.0,5,35.7,14,100.0,2,184.12,0.0,,,
BZ_h4s7f50p2n3.txt,HLCT,7,4,14,2,600.0,8,57.1,14,100.0,3,334.68,0.0,,,
BZ_h4s7f50p2n4.txt,HLCT,7,4,14,2,600.0,3,21.4,14,100.0,2,193.39,0.0,,,
BZ_h4s7f50p2n5.txt,HLCT,7,4,14,2,600.0,3,21.4,14,100.0,2,192.29,0.0,,,
BZ_h4s7f50p2n6.txt,HLCT,7,4,14,2,600.0,3,21.4,6,42.9,5,491.56,0.1,,,
BZ_h4s7f50p2n7.txt,HLCT,7,4,14,2,600.0,3,21.4,5,35.7,5,530.57,0.1,,,
BZ_h4s7f50p2n8.txt,HLCT,7,4,14,2,600.0,4,28.6,14,100.0,2,218.10,0.0,,,
BZ_h4s7f50p2n9.txt,HLCT,7,4,14,2,600.0,7,50.0,14,100.0,2,237.33,0.0,,,
BZ_h4s7f50p3n1.txt,HLCT,7,4,14,3,600.0,3,21.4,9,64.3,5,515.68,0.1,,,
BZ_h4s7f50p3n10.txt,HLCT,7,4,14,3,600.0,1,7.1,14,100.0,3,320.68,0.0,,,
BZ_h4s7f50p3n11.txt,HLCT,7,4,14,3,600.0,4,28.6,14,100.0,4,430.35,0.1,,,
BZ_h4s7f50p3n12.txt,HLCT,7,4,14,3,600.0,2,14.3,14,100.0,5,527.45,0.1,,,
BZ_h4s7f50p3n13.txt,HLCT,7,4,14,3,600.0,4,28.6,14,100.0,4,483.88,0.1,,,
BZ_h4s7f50p3n14.txt,HLCT,7,4,14,3,600.0,1,7.1,7,50.0,5,552.52,0.1,,,
BZ_h4s7f50p3n15.txt,HLCT,7,4,14,3,600.0,1,7.1,14,100.0,4,421.68,0.1,,,
BZ_h4s7f50p3n16.txt,HLCT,7,4,14,3,600.0,2,14.3,14,100.0,3,286.80,0.1,,,
BZ_h4s7f50p3n17.txt,HLCT,7,4,14,3,600.0,2,14.3,14,100.0,2,200.02,0.0,,,
BZ_h4s7f50p3n18.txt,HLCT,7,4,14,3,600.0,8,57.1,14,100.0,2,245.15,0.0,,,
BZ_h4s7f50p3n19.txt,HLCT,7,4,14,3,600.0,3,21.4,14,100.0,4,434.07,0.1,,,
BZ_h4s7f50p3n2.txt,HLCT,7,4,14,3,600.0,5,35.7,6,42.9,5,508.38,0.1,,,
BZ_h4s7f50p3n20.txt,HLCT,7,4,14,3,600.0,2,14.3,14,100.0,5,523.58,0.1,,,
BZ_h4s7f50p3n3.txt,HLCT,7,4,14,3,600.0,1,7.1,7,50.0,5,525.45,0.1,,,
BZ_h4s7f50p3n4.txt,HLCT,7,4,14,3,600.0,3,21.4,10,71.4,5,510.17,0.1,,,
BZ_h4s7f50p3n5.txt,HLCT,7,4,14,3,600.0,4,28.6,14,100.0,4,431.34,0.1,,,
BZ_h4s7f50p3n6.txt,HLCT,7,4,14,3,600.0,5,35.7,14,100.0,3,319.07,0.1,,,
BZ_h4s7f50p3n7.txt,HLCT,7,4,14,3,600.0,2,14.3,14,100.0,2,219.28,0.0,,,
BZ_h4s7f50p3n8.txt,HLCT,7,4,14,3,600.0,0,0.0,14,100.0,4,418.91,0.0,,,
BZ_h4s7f50p3n9.txt,HLCT,7,4,14,3,600.0,7,50.0,14,100.0,3,314.30,0.0,,,
BZ_h4s7f50p6n1.txt,HLCT,7,4,14,5,600.0,2,14.3,14,100.0,5,519.87,0.1,,,
BZ_h4s7f50p6n10.txt,HLCT,7,4,14,6,600.0,1,7.1,14,100.0,4,411.95,0.1,,,
BZ_h4s7f50p6n11.txt,HLCT,7,4,14,6,600.0,1,7.1,7,50.0,5,497.59,0.1,,,
BZ_h4s7f50p6n12.txt,HLCT,7,4,14,6,600.0,3,21.4,14,100.0,4,422.97,0.1,,,
BZ_h4s7f50p6n13.txt,HLCT,7,4,14,6,600.0,0,0.0,14,100.0,5,557.66,0.1,,,
BZ_h4s7f50p6n14.txt,HLCT,7,4,14,6,600.0,5,35.7,14,100.0,2,214.27,0.1,,,
BZ_h4s7f50p6n15.txt,HLCT,7,4,14,6,600.0,0,0.0,7,50.0,4,473.95,0.1,,,
BZ_h4s7f50p6n16.txt,HLCT,7,4,14,6,600.0,2,14.3,14,100.0,4,454.40,0.2,,,
BZ_h4s7f50p6n17.txt,HLCT,7,4,14,6,600.0,2,14.3,9,64.3,5,499.41,0.2,,,
BZ_h4s7f50p6n18.txt,HLCT,7,4,14,6,600.0,0,0.0,14,100.0,5,541.47,0.2,,,
BZ_h4s7f50p6n19.txt,HLCT,7,4,14,6,600.0,0,0.0,14,100.0,5,558.41,0.2,,,
BZ_h4s7f50p6n2.txt,HLCT,7,4,14,6,600.0,4,28.6,14,100.0,1,125.16,0.1,,,
BZ_h4s7f50p6n20.txt,HLCT,7,4,14,6,600.0,1,7.1,14,100.0,5,536.35,0.2,,,
BZ_h4s7f50p6n3.txt,HLCT,7,4,14,6,600.0,1,7.1,14,100.0,5,488.83,0.2,,,
BZ_h4s7f50p6n4.txt,HLCT,7,4,14,6,600.0,5,35.7,14,100.0,5,546.15,0.1,,,
BZ_h4s7f50p6n5.txt,HLCT,7,4,14,6,600.0,1,7.1,14,100.0,2,224.82,0.0,,,
BZ_h4s7f50p6n6.txt,HLCT,7,4,14,6,600.0,5,35.7,10,71.4,5,529.30,0.1,,,
BZ_h4s7f50p6n7.txt,HLCT,7,4,14,6,600.0,0,0.0,14,100.0,3,295.70,0.1,,,
BZ_h4s7f50p6n8.txt,HLCT,7,4,14,6,600.0,0,0.0,9,64.3,5,552.53,0.1,,,
BZ_h4s7f50p6n9.txt,HLCT,7,4,14,6,600.0,3,21.4,14,100.0,4,439.12,0.1,,,
BZ_h4s7f70p2n1.txt,HLCT,7,4,19,2,600.0,8,42.1,19,100.0,4,443.74,0.0,,,
BZ_h4s7f70p2n10.txt,HLCT,7,4,19,2,600.0,8,42.1,19,100.0,1,101.56,0.0,,,
BZ_h4s7f70p2n11.txt,HLCT,7,4,19,2,600.0,4,21.1,19,100.0,4,390.08,0.1,,,
BZ_h4s7f70p2n12.txt,HLCT,7,4,19,2,600.0,5,26.3,19,100.0,5,512.06,0.1,,,
BZ_h4s7f70p2n13.txt,HLCT,7,4,19,2,600.0,8,42.1,19,100.0,6,590.79,0.1,,,
BZ_h4s7f70p2n14.txt,HLCT,7,4,19,2,600.0,4,21.1,19,100.0,2,193.10,0.0,,,
BZ_h4s7f70p2n15.txt,HLCT,7,4,19,2,600.0,7,36.8,11,57.9,5,495.91,0.1,,,
BZ_h4s7f70p2n16.txt,HLCT,7,4,19,2,600.0,4,21.1,8,42.1,5,539.16,0.1,,,
BZ_h4s7f70p2n17.txt,HLCT,7,4,19,2,600.0,4,21.1,19,100.0,3,271.93,0.0,,,
BZ_h4s7f70p2n18.txt,HLCT,7,4,19,2,600.0,1,5.3,6,31.6,6,568.26,0.1,,,
BZ_h4s7f70p2n19.txt,HLCT,7,4,19,2,600.0,4,21.1,8,42.1,5,530.33,0.1,,,
BZ_h4s7f70p2n2.txt,HLCT,7,4,19,2,600.0,4,21.1,6,31.6,5,546.65,0.1,,,
BZ_h4s7f70p2n20.txt,HLCT,7,4,19,2,600.0,5,26.3,12,63.2,6,595.42,0.1,,,
BZ_h4s7f70p2n3.txt,HLCT,7,4,19,2,600.0,9,47.4,19,100.0,2,184.55,0.0,,,
BZ_h4s7f70p2n4.txt,HLCT,7,4,19,2,600.0,6,31.6,19,100.0,5,520.86,0.1,,,
BZ_h4s7f70p2n5.txt,HLCT,7,4,19,2,600.0,8,42.1,19,100.0,1,95.87,0.0,,,
BZ_h4s7f70p2n6.txt,HLCT,7,4,19,2,600.0,2,10.5,8,42.1,6,586.75,0.1,,,
BZ_h4s7f70p2n7.txt,HLCT,7,4,19,2,600.0,9,47.4,11,57.9,5,533.78,0.1,,,
BZ_h4s7f70p2n8.txt,HLCT,7,4,19,2,600.0,10,52.6,19,100.0,2,215.24,0.0,,,
BZ_h4s7f70p2n9.txt,HLCT,7,4,19,2,600.0,4,21.1,19,100.0,2,193.92,0.0,,,
BZ_h4s7f70p3n1.txt,HLCT,7,4,19,3,600.0,4,21.1,19,100.0,2,213.04,0.0,,,
BZ_h4s7f70p3n10.txt,HLCT,7,4,19,3,600.0,4,21.1,13,68.4,6,590.83,0.1,,,
BZ_h4s7f70p3n11.txt,HLCT,7,4,19,3,600.0,3,15.8,11,57.9,4,387.12,0.1,,,
BZ_h4s7f70p3n12.txt,HLCT,7,4,19,3,600.0,4,21.1,19,100.0,4,452.04,0.1,,,
BZ_h4s7f70p3n13.txt,HLCT,7,4,19,3,600.0,2,10.5,19,100.0,3,301.85,0.0,,,
BZ_h4s7f70p3n14.txt,HLCT,7,4,19,3,600.0,10,52.6,11,57.9,5,515.10,0.1,,,
BZ_h4s7f70p3n15.txt,HLCT,7,4,19,3,600.0,2,10.5,5,26.3,5,546.04,0.1,,,
BZ_h4s7f70p3n16.txt,HLCT,7,4,19,3,600.0,1,5.3,3,15.8,4,409.70,0.1,,,
BZ_h4s7f70p3n17.txt,HLCT,7,4,19,3,600.0,3,15.8,9,47.4,5,546.55,0.1,,,
BZ_h4s7f70p3n18.txt,HLCT,7,4,19,3,600.0,6,31.6,8,42.1,5,540.07,0.1,,,
BZ_h4s7f70p3n19.txt,HLCT,7,4,19,3,600.0,9,47.4,19,100.0,4,438.17,0.1,,,
BZ_h4s7f70p3n2.txt,HLCT,7,4,19,3,600.0,0,0.0,8,42.1,5,494.21,0.1,,,
BZ_h4s7f70p3n20.txt,HLCT,7,4,19,3,600.0,6,31.6,7,36.8,5,505.95,0.1,,,
BZ_h4s7f70p3n3.txt,HLCT,7,4,19,3,600.0,4,21.1,11,57.9,5,545.47,0.1,,,
BZ_h4s7f70p3n4.txt,HLCT,7,4,19,3,600.0,1,5.3,19,100.0,3,315.93,0.0,,,
BZ_h4s7f70p3n5.txt,HLCT,7,4,19,3,600.0,1,5.3,12,63.2,6,595.59,0.1,,,
BZ_h4s7f70p3n6.txt,HLCT,7,4,19,3,600.0,4,21.1,11,57.9,6,563.00,0.1,,,
BZ_h4s7f70p3n7.txt,HLCT,7,4,19,3,600.0,5,26.3,15,78.9,5,558.12,0.1,,,
BZ_h4s7f70p3n8.txt,HLCT,7,4,19,3,600.0,2,10.5,6,31.6,5,544.17,0.1,,,
BZ_h4s7f70p3n9.txt,HLCT,7,4,19,3,600.0,4,21.1,12,63.2,5,505.40,0.1,,,
BZ_h4s7f70p6n1.txt,HLCT,7,4,19,6,600.0,2,10.5,7,36.8,5,501.55,0.2,,,
BZ_h4s7f70p6n10.txt,HLCT,7,4,19,6,600.0,1,5.3,10,52.6,6,598.13,0.2,,,
BZ_h4s7f70p6n11.txt,HLCT,7,4,19,6,600.0,1,5.3,8,42.1,5,505.44,0.1,,,
BZ_h4s7f70p6n12.txt,HLCT,7,4,19,6,600.0,3,15.8,13,68.4,6,573.27,0.2,,,
BZ_h4s7f70p6n13.txt,HLCT,7,4,19,6,600.0,0,0.0,9,47.4,5,544.01,0.2,,,
BZ_h4s7f70p6n14.txt,HLCT,7,4,19,6,600.0,0,0.0,13,68.4,6,596.63,0.2,,,
BZ_h4s7f70p6n15.txt,HLCT,7,4,19,6,600.0,2,10.5,5,26.3,6,563.00,0.2,,,
BZ_h4s7f70p6n16.txt,HLCT,7,4,19,6,600.0,0,0.0,8,42.1,5,571.06,0.2,,,
BZ_h4s7f70p6n17.txt,HLCT,7,4,19,6,600.0,2,10.5,19,100.0,5,553.56,0.1,,,
BZ_h4s7f70p6n18.txt,HLCT,7,4,19,6,600.0,0,0.0,6,31.6,5,496.80,0.2,,,
BZ_h4s7f70p6n19.txt,HLCT,7,4,19,6,600.0,0,0.0,12,63.2,5,546.34,0.1,,,
BZ_h4s7f70p6n2.txt,HLCT,7,4,19,6,600.0,1,5.3,7,36.8,5,540.46,0.1,,,
BZ_h4s7f70p6n20.txt,HLCT,7,4,19,6,600.0,2,10.5,14,73.7,5,503.67,0.1,,,
BZ_h4s7f70p6n3.txt,HLCT,7,4,19,6,600.0,2,10.5,4,21.1,6,574.23,0.2,,,
BZ_h4s7f70p6n4.txt,HLCT,7,4,19,6,600.0,1,5.3,19,100.0,5,482.31,0.1,,,
BZ_h4s7f70p6n5.txt,HLCT,7,4,19,6,600.0,0,0.0,19,100.0,5,486.47,0.1,,,
BZ_h4s7f70p6n6.txt,HLCT,7,4,19,6,600.0,3,15.8,7,36.8,5,541.65,0.1,,,
BZ_h4s7f70p6n7.txt,HLCT,7,4,19,6,600.0,0,0.0,15,78.9,6,597.42,0.2,,,
BZ_h4s7f70p6n8.txt,HLCT,7,4,19,6,600.0,1,5.3,19,100.0,5,517.87,0.1,,,
BZ_h4s7f70p6n9.txt,HLCT,7,4,19,6,600.0,1,5.3,8,42.1,5,480.49,0.2,,,
BZ_h4s9f50p2n1.txt,HLCT,9,4,18,2,600.0,6,33.3,18,100.0,2,225.37,0.0,,,
BZ_h4s9f50p2n10.txt,HLCT,9,4,18,2,600.0,8,44.4,18,100.0,3,308.66,0.1,,,
BZ_h4s9f50p2n11.txt,HLCT,9,4,18,2,600.0,1,5.6,18,100.0,4,421.60,0.1,,,
BZ_h4s9f50p2n12.txt,HLCT,9,4,18,2,600.0,3,16.7,18,100.0,4,420.31,0.1,,,
BZ_h4s9f50p2n13.txt,HLCT,9,4,18,2,600.0,7,38.9,18,100.0,5,547.42,0.1,,,
BZ_h4s9f50p2n14.txt,HLCT,9,4,18,2,600.0,9,50.0,18,100.0,2,216.21,0.1,,,
BZ_h4s9f50p2n15.txt,HLCT,9,4,18,2,600.0,6,33.3,18,100.0,1,126.67,0.0,,,
BZ_h4s9f50p2n16.txt,HLCT,9,4,18,2,600.0,5,27.8,18,100.0,5,511.28,0.1,,,
BZ_h4s9f50p2n17.txt,HLCT,9,4,18,2,600.0,6,33.3,18,100.0,4,410.31,0.0,,,
BZ_h4s9f50p2n18.txt,HLCT,9,4,18,2,600.0,3,16.7,18,100.0,5,525.38,0.1,,,
BZ_h4s9f50p2n19.txt,HLCT,9,4,18,2,600.0,4,22.2,18,100.0,4,440.65,0.0,,,
BZ_h4s9f50p2n2.txt,HLCT,9,4,18,2,600.0,2,11.1,18,100.0,3,304.29,0.0,,,
BZ_h4s9f50p2n20.txt,HLCT,9,4,18,2,600.0,3,16.7,18,100.0,2,208.51,0.0,,,
BZ_h4s9f50p2n3.txt,HLCT,9,4,18,2,600.0,8,44.4,18,100.0,4,422.76,0.0,,,
BZ_h4s9f50p2n4.txt,HLCT,9,4,18,2,600.0,7,38.9,9,50.0,5,539.92,0.1,,,
BZ_h4s9f50p2n5.txt,HLCT,9,4,18,2,600.0,7,38.9,18,100.0,2,203.60,0.0,,,
BZ_h4s9f50p2n6.txt,HLCT,9,4,18,2,600.0,6,33.3,8,44.4,5,520.38,0.1,,,
BZ_h4s9f50p2n7.txt,HLCT,9,4,18,2,600.0,9,50.0,18,100.0,1,102.58,0.0,,,
BZ_h4s9f50p2n8.txt,HLCT,9,4,18,2,600.0,7,38.9,18,100.0,3,322.43,0.0,,,
BZ_h4s9f50p2n9.txt,HLCT,9,4,18,2,600.0,10,55.6,18,100.0,3,349.95,0.1,,,
BZ_h4s9f50p3n1.txt,HLCT,9,4,18,3,600.0,5,27.8,12,66.7,5,533.51,0.1,,,
BZ_h4s9f50p3n10.txt,HLCT,9,4,18,3,600.0,0,0.0,6,33.3,5,512.24,0.1,,,
BZ_h4s9f50p3n11.txt,HLCT,9,4,18,3,600.0,5,27.8,10,55.6,5,523.75,0.1,,,
BZ_h4s9f50p3n12.txt,HLCT,9,4,18,3,600.0,5,27.8,15,83.3,5,562.77,0.1,,,
BZ_h4s9f50p3n13.txt,HLCT,9,4,18,3,600.0,3,16.7,18,100.0,4,436.80,0.1,,,
BZ_h4s9f50p3n14.txt,HLCT,9,4,18,3,600.0,3,16.7,18,100.0,3,346.69,0.1,,,
BZ_h4s9f50p3n15.txt,HLCT,9,4,18,3,600.0,4,22.2,18,100.0,4,424.85,0.1,,,
BZ_h4s9f50p3n16.txt,HLCT,9,4,18,3,600.0,5,27.8,18,100.0,4,375.51,0.1,,,
BZ_h4s9f50p3n17.txt,HLCT,9,4,18,3,600.0,5,27.8,18,100.0,4,453.62,0.1,,,
BZ_h4s9f50p3n18.txt,HLCT,9,4,18,3,600.0,1,5.6,11,61.1,5,574.89,0.1,,,
BZ_h4s9f50p3n19.txt,HLCT,9,4,18,3,600.0,3,16.7,12,66.7,5,559.73,0.1,,,
BZ_h4s9f50p3n2.txt,HLCT,9,4,18,3,600.0,3,16.7,8,44.4,6,582.84,0.1,,,
BZ_h4s9f50p3n20.txt,HLCT,9,4,18,3,600.0,7,38.9,18,100.0,3,353.07,0.0,,,
BZ_h4s9f50p3n3.txt,HLCT,9,4,18,3,600.0,5,27.8,18,100.0,2,241.20,0.0,,,
BZ_h4s9f50p3n4.txt,HLCT,9,4,18,3,600.0,0,0.0,9,50.0,5,528.09,0.1,,,
BZ_h4s9f50p3n5.txt,HLCT,9,4,18,3,600.0,6,33.3,18,100.0,3,346.03,0.1,,,
BZ_h4s9f50p3n6.txt,HLCT,9,4,18,3,600.0,5,27.8,18,100.0,1,134.39,0.0,,,
BZ_h4s9f50p3n7.txt,HLCT,9,4,18,3,600.0,3,16.7,18,100.0,4,435.29,0.1,,,
BZ_h4s9f50p3n8.txt,HLCT,9,4,18,3,600.0,0,0.0,18,100.0,5,554.21,0.1,,,
BZ_h4s9f50p3n9.txt,HLCT,9,4,18,3,600.0,2,11.1,18,100.0,4,422.57,0.1,,,
BZ_h4s9f50p6n1.txt,HLCT,9,4,18,6,600.0,8,44.4,18,100.0,4,472.80,0.1,,,
BZ_h4s9f50p6n10.txt,HLCT,9,4,18,6,600.0,2,11.1,11,61.1,5,554.10,0.1,,,
BZ_h4s9f50p6n11.txt,HLCT,9,4,18,5,600.0,3,16.7,9,50.0,5,534.15,0.1,,,
BZ_h4s9f50p6n12.txt,HLCT,9,4,18,6,600.0,3,16.7,8,44.4,5,542.04,0.1,,,
BZ_h4s9f50p6n13.txt,HLCT,9,4,18,6,600.0,2,11.1,10,55.6,5,507.39,0.1,,,
BZ_h4s9f50p6n14.txt,HLCT,9,4,18,6,600.0,3,16.7,9,50.0,5,564.02,0.1,,,
BZ_h4s9f50p6n15.txt,HLCT,9,4,18,6,600.0,0,0.0,18,100.0,4,430.51,0.1,,,
BZ_h4s9f50p6n16.txt,HLCT,9,4,18,6,600.0,1,5.6,7,38.9,5,536.89,0.2,,,
BZ_h4s9f50p6n17.txt,HLCT,9,4,18,6,600.0,2,11.1,6,33.3,5,495.76,0.1,,,
BZ_h4s9f50p6n18.txt,HLCT,9,4,18,6,600.0,3,16.7,5,27.8,5,522.80,0.1,,,
BZ_h4s9f50p6n19.txt,HLCT,9,4,18,6,600.0,2,11.1,7,38.9,5,525.90,0.1,,,
BZ_h4s9f50p6n2.txt,HLCT,9,4,18,6,600.0,0,0.0,15,83.3,4,458.97,0.1,,,
BZ_h4s9f50p6n20.txt,HLCT,9,4,18,6,600.0,1,5.6,18,100.0,5,566.61,0.1,,,
BZ_h4s9f50p6n3.txt,HLCT,9,4,18,6,600.0,3,16.7,5,27.8,5,580.81,0.1,,,
BZ_h4s9f50p6n4.txt,HLCT,9,4,18,6,600.0,1,5.6,7,38.9,5,559.06,0.1,,,
BZ_h4s9f50p6n5.txt,HLCT,9,4,18,6,600.0,1,5.6,5,27.8,5,522.24,0.1,,,
BZ_h4s9f50p6n6.txt,HLCT,9,4,18,6,600.0,0,0.0,18,100.0,5,544.47,0.1,,,
BZ_h4s9f50p6n7.txt,HLCT,9,4,18,6,600.0,1,5.6,10,55.6,5,528.53,0.2,,,
BZ_h4s9f50p6n8.txt,HLCT,9,4,18,6,600.0,5,27.8,13,72.2,5,586.75,0.2,,,
BZ_h4s9f50p6n9.txt,HLCT,9,4,18,6,600.0,2,11.1,11,61.1,5,567.19,0.1,,,
BZ_h4s9f70p2n1.txt,HLCT,9,4,25,2,600.0,12,48.0,14,56.0,5,526.78,0.1,,,
BZ_h4s9f70p2n10.txt,HLCT,9,4,25,2,600.0,9,36.0,14,56.0,5,519.61,0.1,,,
BZ_h4s9f70p2n11.txt,HLCT,9,4,25,2,600.0,7,28.0,25,100.0,3,297.99,0.0,,,
BZ_h4s9f70p2n12.txt,HLCT,9,4,25,2,600.0,9,36.0,25,100.0,6,597.44,0.1,,,
BZ_h4s9f70p2n13.txt,HLCT,9,4,25,2,600.0,2,8.0,4,16.0,5,513.80,0.1,,,
BZ_h4s9f70p2n14.txt,HLCT,9,4,25,2,600.0,8,32.0,12,48.0,6,564.31,0.1,,,
BZ_h4s9f70p2n15.txt,HLCT,9,4,25,2,600.0,9,36.0,12,48.0,5,518.24,0.1,,,
BZ_h4s9f70p2n16.txt,HLCT,9,4,25,2,600.0,9,36.0,25,100.0,3,319.52,0.1,,,
BZ_h4s9f70p2n17.txt,HLCT,9,4,25,2,600.0,8,32.0,25,100.0,4,393.59,0.1,,,
BZ_h4s9f70p2n18.txt,HLCT,9,4,25,2,600.0,9,36.0,11,44.0,5,548.67,0.1,,,
BZ_h4s9f70p2n19.txt,HLCT,9,4,25,2,600.0,3,12.0,8,32.0,5,529.97,0.1,,,
BZ_h4s9f70p2n2.txt,HLCT,9,4,25,2,600.0,14,56.0,16,64.0,5,540.00,0.1,,,
BZ_h4s9f70p2n20.txt,HLCT,9,4,25,2,600.0,11,44.0,25,100.0,4,435.06,0.1,,,
BZ_h4s9f70p2n3.txt,HLCT,9,4,25,2,600.0,5,20.0,8,32.0,5,513.31,0.1,,,
BZ_h4s9f70p2n4.txt,HLCT,9,4,25,2,600.0,4,16.0,10,40.0,5,520.76,0.1,,,
BZ_h4s9f70p2n5.txt,HLCT,9,4,25,2,600.0,13,52.0,15,60.0,5,516.26,0.1,,,
BZ_h4s9f70p2n6.txt,HLCT,9,4,25,2,600.0,10,40.0,12,48.0,5,495.62,0.1,,,
BZ_h4s9f70p2n7.txt,HLCT,9,4,25,2,600.0,4,16.0,8,32.0,6,583.68,0.1,,,
BZ_h4s9f70p2n8.txt,HLCT,9,4,25,2,600.0,3,12.0,25,100.0,6,567.42,0.1,,,
BZ_h4s9f70p2n9.txt,HLCT,9,4,25,2,600.0,9,36.0,25,100.0,5,489.56,0.1,,,
BZ_h4s9f70p3n1.txt,HLCT,9,4,25,3,600.0,1,4.0,7,28.0,6,571.85,0.1,,,
BZ_h4s9f70p3n10.txt,HLCT,9,4,25,3,600.0,4,16.0,7,28.0,5,502.87,0.1,,,
BZ_h4s9f70p3n11.txt,HLCT,9,4,25,3,600.0,4,16.0,8,32.0,5,538.76,0.1,,,
BZ_h4s9f70p3n12.txt,HLCT,9,4,25,3,600.0,5,20.0,25,100.0,5,489.44,0.1,,,
BZ_h4s9f70p3n13.txt,HLCT,9,4,25,3,600.0,4,16.0,8,32.0,5,510.20,0.1,,,
BZ_h4s9f70p3n14.txt,HLCT,9,4,25,3,600.0,6,24.0,13,52.0,5,515.74,0.1,,,
BZ_h4s9f70p3n15.txt,HLCT,9,4,25,3,600.0,9,36.0,14,56.0,5,521.60,0.1,,,
BZ_h4s9f70p3n16.txt,HLCT,9,4,25,3,600.0,5,20.0,8,32.0,5,519.88,0.1,,,
BZ_h4s9f70p3n17.txt,HLCT,9,4,25,3,600.0,4,16.0,25,100.0,6,597.80,0.1,,,
BZ_h4s9f70p3n18.txt,HLCT,9,4,25,3,600.0,2,8.0,25,100.0,5,540.40,0.1,,,
BZ_h4s9f70p3n19.txt,HLCT,9,4,25,3,600.0,2,8.0,17,68.0,5,508.78,0.1,,,
BZ_h4s9f70p3n2.txt,HLCT,9,4,25,3,600.0,8,32.0,12,48.0,5,545.80,0.1,,,
BZ_h4s9f70p3n20.txt,HLCT,9,4,25,3,600.0,5,20.0,8,32.0,5,525.87,0.1,,,
BZ_h4s9f70p3n3.txt,HLCT,9,4,25,3,600.0,6,24.0,9,36.0,5,435.60,0.1,,,
BZ_h4s9f70p3n4.txt,HLCT,9,4,25,3,600.0,5,20.0,8,32.0,6,563.73,0.1,,,
BZ_h4s9f70p3n5.txt,HLCT,9,4,25,3,600.0,1,4.0,11,44.0,6,594.26,0.1,,,
BZ_h4s9f70p3n6.txt,HLCT,9,4,25,3,600.0,2,8.0,7,28.0,5,526.03,0.1,,,
BZ_h4s9f70p3n7.txt,HLCT,9,4,25,3,600.0,5,20.0,17,68.0,5,531.59,0.1,,,
BZ_h4s9f70p3n8.txt,HLCT,9,4,25,3,600.0,7,28.0,9,36.0,5,505.41,0.1,,,
BZ_h4s9f70p3n9.txt,HLCT,9,4,25,3,600.0,1,4.0,4,16.0,5,519.12,0.1,,,
BZ_h4s9f70p6n1.txt,HLCT,9,4,25,6,600.0,2,8.0,6,24.0,5,512.00,0.2,,,
BZ_h4s9f70p6n10.txt,HLCT,9,4,25,6,600.0,1,4.0,5,20.0,6,579.74,0.2,,,
BZ_h4s9f70p6n11.txt,HLCT,9,4,25,6,600.0,2,8.0,8,32.0,6,559.49,0.2,,,
BZ_h4s9f70p6n12.txt,HLCT,9,4,25,6,600.0,3,12.0,13,52.0,5,510.75,0.2,,,
BZ_h4s9f70p6n13.txt,HLCT,9,4,25,6,600.0,4,16.0,8,32.0,5,534.33,0.2,,,
BZ_h4s9f70p6n14.txt,HLCT,9,4,25,6,600.0,3,12.0,9,36.0,5,549.38,0.2,,,
BZ_h4s9f70p6n15.txt,HLCT,9,4,25,6,600.0,0,0.0,17,68.0,6,564.88,0.2,,,
BZ_h4s9f70p6n16.txt,HLCT,9,4,25,6,600.0,2,8.0,13,52.0,4,398.68,0.2,,,
BZ_h4s9f70p6n17.txt,HLCT,9,4,25,6,600.0,1,4.0,3,12.0,5,525.59,0.1,,,
BZ_h4s9f70p6n18.txt,HLCT,9,4,25,6,600.0,5,20.0,7,28.0,4,455.38,0.2,,,
BZ_h4s9f70p6n19.txt,HLCT,9,4,25,6,600.0,2,8.0,13,52.0,5,510.44,0.2,,,
BZ_h4s9f70p6n2.txt,HLCT,9,4,25,6,600.0,1,4.0,6,24.0,5,519.40,0.2,,,
BZ_h4s9f70p6n20.txt,HLCT,9,4,25,6,600.0,2,8.0,5,20.0,6,553.24,0.2,,,
BZ_h4s9f70p6n3.txt,HLCT,9,4,25,6,600.0,1,4.0,4,16.0,5,523.26,0.2,,,
BZ_h4s9f70p6n4.txt,HLCT,9,4,25,6,600.0,3,12.0,7,28.0,5,530.70,0.1,,,
BZ_h4s9f70p6n5.txt,HLCT,9,4,25,6,600.0,2,8.0,7,28.0,6,591.45,0.2,,,
BZ_h4s9f70p6n6.txt,HLCT,9,4,25,6,600.0,1,4.0,9,36.0,6,587.87,0.2,,,
BZ_h4s9f70p6n7.txt,HLCT,9,4,25,6,600.0,1,4.0,6,24.0,6,585.58,0.2,,,
BZ_h4s9f70p6n8.txt,HLCT,9,4,25,6,600.0,1,4.0,10,40.0,5,538.89,0.2,,,
BZ_h4s9f70p6n9.txt,HLCT,9,4,25,6,600.0,0,0.0,3,12.0,5,527.75,0.2,,,
BZ_h6s3f50p2n1.txt,HLCT,3,6,9,2,600.0,4,44.4,6,66.7,4,491.09,0.0,,,
BZ_h6s3f50p2n10.txt,HLCT,3,6,9,2,600.0,3,33.3,9,100.0,4,514.45,0.0,,,
BZ_h6s3f50p2n11.txt,HLCT,3,6,9,2,600.0,6,66.7,9,100.0,1,159.34,0.0,,,
BZ_h6s3f50p2n12.txt,HLCT,3,6,9,2,600.0,2,22.2,9,100.0,2,252.68,0.0,,,
BZ_h6s3f50p2n13.txt,HLCT,3,6,9,2,600.0,5,55.6,9,100.0,4,484.12,0.0,,,
BZ_h6s3f50p2n14.txt,HLCT,3,6,9,2,600.0,2,22.2,9,100.0,4,532.26,0.0,,,
BZ_h6s3f50p2n15.txt,HLCT,3,6,9,2,600.0,0,0.0,9,100.0,2,259.53,0.0,,,
BZ_h6s3f50p2n16.txt,HLCT,3,6,9,2,600.0,4,44.4,9,100.0,3,394.73,0.0,,,
BZ_h6s3f50p2n17.txt,HLCT,3,6,9,2,600.0,3,33.3,9,100.0,4,503.62,0.0,,,
BZ_h6s3f50p2n18.txt,HLCT,3,6,9,2,600.0,0,0.0,1,11.1,2,251.12,0.0,,,
BZ_h6s3f50p2n19.txt,HLCT,3,6,9,2,600.0,2,22.2,4,44.4,3,378.76,0.0,,,
BZ_h6s3f50p2n2.txt,HLCT,3,6,9,2,600.0,2,22.2,4,44.4,4,507.52,0.0,,,
BZ_h6s3f50p2n20.txt,HLCT,3,6,9,2,600.0,1,11.1,9,100.0,4,508.98,0.0,,,
BZ_h6s3f50p2n3.txt,HLCT,3,6,9,2,600.0,2,22.2,3,33.3,4,524.51,0.1,,,
BZ_h6s3f50p2n4.txt,HLCT,3,6,9,2,600.0,3,33.3,4,44.4,4,542.44,0.0,,,
BZ_h6s3f50p2n5.txt,HLCT,3,6,9,2,600.0,2,22.2,4,44.4,4,506.09,0.0,,,
BZ_h6s3f50p2n6.txt,HLCT,3,6,9,2,600.0,3,33.3,9,100.0,4,520.47,0.0,,,
BZ_h6s3f50p2n7.txt,HLCT,3,6,9,2,600.0,4,44.4,9,100.0,1,132.49,0.0,,,
BZ_h6s3f50p2n8.txt,HLCT,3,6,9,2,600.0,1,11.1,1,11.1,4,502.00,0.1,,,
BZ_h6s3f50p2n9.txt,HLCT,3,6,9,2,600.0,4,44.4,9,100.0,1,146.39,0.0,,,
BZ_h6s3f50p3n1.txt,HLCT,3,6,9,3,600.0,7,77.8,7,77.8,3,342.59,0.1,,,
BZ_h6s3f50p3n10.txt,HLCT,3,6,9,3,600.0,1,11.1,9,100.0,4,533.24,0.1,,,
BZ_h6s3f50p3n11.txt,HLCT,3,6,9,3,600.0,0,0.0,2,22.2,3,397.46,0.1,,,
BZ_h6s3f50p3n12.txt,HLCT,3,6,9,3,600.0,3,33.3,9,100.0,4,530.47,0.0,,,
BZ_h6s3f50p3n13.txt,HLCT,3,6,9,3,600.0,2,22.2,4,44.4,4,511.58,0.1,,,
BZ_h6s3f50p3n14.txt,HLCT,3,6,9,2,600.0,2,22.2,3,33.3,4,522.66,0.0,,,
BZ_h6s3f50p3n15.txt,HLCT,3,6,9,3,600.0,1,11.1,2,22.2,3,393.79,0.0,,,
BZ_h6s3f50p3n16.txt,HLCT,3,6,9,3,600.0,5,55.6,9,100.0,3,410.10,0.0,,,
BZ_h6s3f50p3n17.txt,HLCT,3,6,9,3,600.0,1,11.1,1,11.1,1,115.35,0.0,,,
BZ_h6s3f50p3n18.txt,HLCT,3,6,9,3,600.0,2,22.2,6,66.7,3,410.39,0.1,,,
BZ_h6s3f50p3n19.txt,HLCT,3,6,9,3,600.0,2,22.2,3,33.3,4,506.21,0.0,,,
BZ_h6s3f50p3n2.txt,HLCT,3,6,9,3,600.0,2,22.2,4,44.4,4,505.04,0.0,,,
BZ_h6s3f50p3n20.txt,HLCT,3,6,9,3,600.0,1,11.1,2,22.2,3,384.40,0.1,,,
BZ_h6s3f50p3n3.txt,HLCT,3,6,9,3,600.0,0,0.0,9,100.0,2,251.35,0.0,,,
BZ_h6s3f50p3n4.txt,HLCT,3,6,9,3,600.0,1,11.1,3,33.3,3,392.32,0.0,,,
BZ_h6s3f50p3n5.txt,HLCT,3,6,9,3,600.0,0,0.0,3,33.3,3,373.70,0.0,,,
BZ_h6s3f50p3n6.txt,HLCT,3,6,9,3,600.0,1,11.1,3,33.3,3,379.73,0.0,,,
BZ_h6s3f50p3n7.txt,HLCT,3,6,9,3,600.0,0,0.0,9,100.0,3,335.95,0.0,,,
BZ_h6s3f50p3n8.txt,HLCT,3,6,9,3,600.0,0,0.0,4,44.4,4,515.93,0.0,,,
BZ_h6s3f50p3n9.txt,HLCT,3,6,9,3,600.0,1,11.1,4,44.4,4,419.13,0.1,,,
BZ_h6s3f50p6n1.txt,HLCT,3,6,9,5,600.0,1,11.1,4,44.4,4,538.77,0.1,,,
BZ_h6s3f50p6n10.txt,HLCT,3,6,9,5,600.0,0,0.0,5,55.6,4,492.44,0.1,,,
BZ_h6s3f50p6n11.txt,HLCT,3,6,9,6,600.0,2,22.2,4,44.4,1,138.79,0.0,,,
BZ_h6s3f50p6n12.txt,HLCT,3,6,9,6,600.0,1,11.1,6,66.7,4,522.60,0.1,,,
BZ_h6s3f50p6n13.txt,HLCT,3,6,9,6,600.0,0,0.0,6,66.7,5,589.98,0.1,,,
BZ_h6s3f50p6n14.txt,HLCT,3,6,9,6,600.0,3,33.3,6,66.7,3,417.87,0.1,,,
BZ_h6s3f50p6n15.txt,HLCT,3,6,9,6,600.0,1,11.1,4,44.4,4,557.67,0.1,,,
BZ_h6s3f50p6n16.txt,HLCT,3,6,9,6,600.0,0,0.0,2,22.2,3,360.92,0.1,,,
BZ_h6s3f50p6n17.txt,HLCT,3,6,9,6,600.0,0,0.0,2,22.2,3,406.72,0.1,,,
BZ_h6s3f50p6n18.txt,HLCT,3,6,9,6,600.0,0,0.0,1,11.1,4,475.16,0.1,,,
BZ_h6s3f50p6n19.txt,HLCT,3,6,9,6,600.0,2,22.2,4,44.4,2,236.21,0.1,,,
BZ_h6s3f50p6n2.txt,HLCT,3,6,9,6,600.0,0,0.0,3,33.3,4,563.69,0.1,,,
BZ_h6s3f50p6n20.txt,HLCT,3,6,9,6,600.0,0,0.0,3,33.3,4,515.29,0.1,,,
BZ_h6s3f50p6n3.txt,HLCT,3,6,9,6,600.0,1,11.1,6,66.7,4,517.70,0.1,,,
BZ_h6s3f50p6n4.txt,HLCT,3,6,9,6,600.0,1,11.1,1,11.1,0,0.00,0.1,,,
BZ_h6s3f50p6n5.txt,HLCT,3,6,9,6,600.0,0,0.0,9,100.0,2,259.51,0.0,,,
BZ_h6s3f50p6n6.txt,HLCT,3,6,9,6,600.0,1,11.1,2,22.2,4,535.98,0.1,,,
BZ_h6s3f50p6n7.txt,HLCT,3,6,9,6,600.0,1,11.1,4,44.4,4,514.12,0.1,,,
BZ_h6s3f50p6n8.txt,HLCT,3,6,9,6,600.0,0,0.0,3,33.3,3,360.36,0.1,,,
BZ_h6s3f50p6n9.txt,HLCT,3,6,9,6,600.0,3,33.3,9,100.0,3,375.97,0.0,,,
BZ_h6s3f70p2n1.txt,HLCT,3,6,12,2,600.0,5,41.7,12,100.0,4,466.28,0.0,,,
BZ_h6s3f70p2n10.txt,HLCT,3,6,12,2,600.0,0,0.0,2,16.7,3,331.95,0.0,,,
BZ_h6s3f70p2n11.txt,HLCT,3,6,12,2,600.0,2,16.7,2,16.7,2,170.34,0.0,,,
BZ_h6s3f70p2n12.txt,HLCT,3,6,12,2,600.0,2,16.7,12,100.0,2,221.51,0.0,,,
BZ_h6s3f70p2n13.txt,HLCT,3,6,12,2,600.0,1,8.3,4,33.3,4,440.44,0.0,,,
BZ_h6s3f70p2n14.txt,HLCT,3,6,12,2,600.0,1,8.3,3,25.0,5,528.10,0.1,,,
BZ_h6s3f70p2n15.txt,HLCT,3,6,12,2,600.0,1,8.3,5,41.7,5,572.74,0.1,,,
BZ_h6s3f70p2n16.txt,HLCT,3,6,12,2,600.0,0,0.0,1,8.3,3,325.20,0.0,,,
BZ_h6s3f70p2n17.txt,HLCT,3,6,12,2,600.0,2,16.7,3,25.0,4,438.21,0.0,,,
BZ_h6s3f70p2n18.txt,HLCT,3,6,12,2,600.0,2,16.7,3,25.0,5,541.59,0.0,,,
BZ_h6s3f70p2n19.txt,HLCT,3,6,12,2,600.0,5,41.7,12,100.0,4,444.60,0.0,,,
BZ_h6s3f70p2n2.txt,HLCT,3,6,12,2,600.0,7,58.3,7,58.3,4,426.64,0.1,,,
BZ_h6s3f70p2n20.txt,HLCT,3,6,12,2,600.0,3,25.0,5,41.7,4,421.28,0.1,,,
BZ_h6s3f70p2n3.txt,HLCT,3,6,12,2,600.0,0,0.0,4,33.3,2,212.80,0.0,,,
BZ_h6s3f70p2n4.txt,HLCT,3,6,12,2,600.0,2,16.7,3,25.0,5,571.69,0.1,,,
BZ_h6s3f70p2n5.txt,HLCT,3,6,12,2,600.0,3,25.0,5,41.7,5,554.61,0.1,,,
BZ_h6s3f70p2n6.txt,HLCT,3,6,12,2,600.0,1,8.3,5,41.7,4,443.03,0.0,,,
BZ_h6s3f70p2n7.txt,HLCT,3,6,12,2,600.0,1,8.3,4,33.3,5,517.82,0.1,,,
BZ_h6s3f70p2n8.txt,HLCT,3,6,12,2,600.0,7,58.3,12,100.0,5,527.21,0.0,,,
BZ_h6s3f70p2n9.txt,HLCT,3,6,12,2,600.0,1,8.3,3,25.0,4,430.66,0.1,,,
BZ_h6s3f70p3n1.txt,HLCT,3,6,12,3,600.0,2,16.7,12,100.0,2,215.49,0.1,,,
BZ_h6s3f70p3n10.txt,HLCT,3,6,12,3,600.0,2,16.7,3,25.0,4,409.93,0.1,,,
BZ_h6s3f70p3n11.txt,HLCT,3,6,12,3,600.0,3,25.0,12,100.0,2,218.01,0.1,,,
BZ_h6s3f70p3n12.txt,HLCT,3,6,12,3,600.0,1,8.3,3,25.0,4,428.06,0.1,,,
BZ_h6s3f70p3n13.txt,HLCT,3,6,12,3,600.0,0,0.0,6,50.0,3,299.58,0.1,,,
BZ_h6s3f70p3n14.txt,HLCT,3,6,12,3,600.0,2,16.7,5,41.7,5,555.21,0.1,,,
BZ_h6s3f70p3n15.txt,HLCT,3,6,12,3,600.0,4,33.3,5,41.7,5,563.96,0.1,,,
BZ_h6s3f70p3n16.txt,HLCT,3,6,12,3,600.0,2,16.7,6,50.0,4,456.36,0.1,,,
BZ_h6s3f70p3n17.txt,HLCT,3,6,12,3,600.0,1,8.3,3,25.0,5,512.74,0.1,,,
BZ_h6s3f70p3n18.txt,HLCT,3,6,12,3,600.0,0,0.0,3,25.0,3,312.47,0.1,,,
BZ_h6s3f70p3n19.txt,HLCT,3,6,12,3,600.0,0,0.0,9,75.0,4,425.44,0.1,,,
BZ_h6s3f70p3n2.txt,HLCT,3,6,12,3,600.0,2,16.7,3,25.0,4,360.16,0.1,,,
BZ_h6s3f70p3n20.txt,HLCT,3,6,12,3,600.0,5,41.7,7,58.3,5,598.12,0.0,,,
BZ_h6s3f70p3n3.txt,HLCT,3,6,12,3,600.0,0,0.0,2,16.7,4,438.19,0.1,,,
BZ_h6s3f70p3n4.txt,HLCT,3,6,12,3,600.0,1,8.3,2,16.7,4,443.03,0.1,,,
BZ_h6s3f70p3n5.txt,HLCT,3,6,12,3,600.0,0,0.0,2,16.7,4,460.91,0.1,,,
BZ_h6s3f70p3n6.txt,HLCT,3,6,12,3,600.0,1,8.3,2,16.7,4,484.12,0.1,,,
BZ_h6s3f70p3n7.txt,HLCT,3,6,12,3,600.0,0,0.0,6,50.0,5,516.99,0.1,,,
BZ_h6s3f70p3n8.txt,HLCT,3,6,12,3,600.0,3,25.0,5,41.7,3,325.36,0.1,,,
BZ_h6s3f70p3n9.txt,HLCT,3,6,12,3,600.0,1,8.3,5,41.7,5,512.69,0.1,,,
BZ_h6s3f70p6n1.txt,HLCT,3,6,12,5,600.0,3,25.0,3,25.0,3,317.94,0.1,,,
BZ_h6s3f70p6n10.txt,HLCT,3,6,12,6,600.0,2,16.7,4,33.3,4,455.91,0.1,,,
BZ_h6s3f70p6n11.txt,HLCT,3,6,12,6,600.0,0,0.0,2,16.7,4,387.96,0.1,,,
BZ_h6s3f70p6n12.txt,HLCT,3,6,12,6,600.0,0,0.0,3,25.0,5,569.29,0.1,,,
BZ_h6s3f70p6n13.txt,HLCT,3,6,12,6,600.0,0,0.0,3,25.0,5,541.67,0.1,,,
BZ_h6s3f70p6n14.txt,HLCT,3,6,12,6,600.0,2,16.7,5,41.7,4,463.73,0.1,,,
BZ_h6s3f70p6n15.txt,HLCT,3,6,12,6,600.0,0,0.0,12,100.0,4,425.18,0.1,,,
BZ_h6s3f70p6n16.txt,HLCT,3,6,12,6,600.0,0,0.0,2,16.7,4,476.46,0.1,,,
BZ_h6s3f70p6n17.txt,HLCT,3,6,12,6,600.0,0,0.0,4,33.3,3,306.27,0.1,,,
BZ_h6s3f70p6n18.txt,HLCT,3,6,12,6,600.0,0,0.0,2,16.7,5,558.78,0.1,,,
BZ_h6s3f70p6n19.txt,HLCT,3,6,12,6,600.0,0,0.0,4,33.3,5,541.84,0.1,,,
BZ_h6s3f70p6n2.txt,HLCT,3,6,12,6,600.0,1,8.3,5,41.7,3,327.94,0.1,,,
BZ_h6s3f70p6n20.txt,HLCT,3,6,12,6,600.0,1,8.3,1,8.3,2,171.61,0.1,,,
BZ_h6s3f70p6n3.txt,HLCT,3,6,12,6,600.0,2,16.7,4,33.3,4,447.40,0.1,,,
BZ_h6s3f70p6n4.txt,HLCT,3,6,12,6,600.0,1,8.3,1,8.3,0,0.00,0.1,,,
BZ_h6s3f70p6n5.txt,HLCT,3,6,12,6,600.0,0,0.0,5,41.7,2,209.93,0.1,,,
BZ_h6s3f70p6n6.txt,HLCT,3,6,12,6,600.0,0,0.0,3,25.0,4,420.03,0.1,,,
BZ_h6s3f70p6n7.txt,HLCT,3,6,12,6,600.0,1,8.3,2,16.7,4,500.15,0.1,,,
BZ_h6s3f70p6n8.txt,HLCT,3,6,12,6,600.0,1,8.3,4,33.3,5,550.46,0.1,,,
BZ_h6s3f70p6n9.txt,HLCT,3,6,12,6,600.0,1,8.3,4,33.3,5,512.69,0.1,,,
BZ_h6s5f50p2n1.txt,HLCT,5,6,15,2,600.0,3,20.0,15,100.0,2,233.99,0.0,,,
BZ_h6s5f50p2n10.txt,HLCT,5,6,15,2,600.0,2,13.3,4,26.7,4,505.80,0.0,,,
BZ_h6s5f50p2n11.txt,HLCT,5,6,15,2,600.0,5,33.3,10,66.7,4,549.23,0.0,,,
BZ_h6s5f50p2n12.txt,HLCT,5,6,15,2,600.0,3,20.0,15,100.0,2,235.23,0.0,,,
BZ_h6s5f50p2n13.txt,HLCT,5,6,15,2,600.0,4,26.7,15,100.0,4,453.79,0.0,,,
BZ_h6s5f50p2n14.txt,HLCT,5,6,15,2,600.0,3,20.0,7,46.7,4,492.08,0.0,,,
BZ_h6s5f50p2n15.txt,HLCT,5,6,15,2,600.0,5,33.3,7,46.7,4,508.88,0.0,,,
BZ_h6s5f50p2n16.txt,HLCT,5,6,15,2,600.0,2,13.3,6,40.0,4,580.09,0.0,,,
BZ_h6s5f50p2n17.txt,HLCT,5,6,15,2,600.0,3,20.0,9,60.0,4,531.33,0.1,,,
BZ_h6s5f50p2n18.txt,HLCT,5,6,15,2,600.0,2,13.3,6,40.0,5,570.33,0.0,,,
BZ_h6s5f50p2n19.txt,HLCT,5,6,15,2,600.0,4,26.7,6,40.0,4,519.42,0.1,,,
BZ_h6s5f50p2n2.txt,HLCT,5,6,15,2,600.0,6,40.0,8,53.3,4,523.87,0.0,,,
BZ_h6s5f50p2n20.txt,HLCT,5,6,15,2,600.0,6,40.0,9,60.0,4,448.66,0.1,,,
BZ_h6s5f50p2n3.txt,HLCT,5,6,15,2,600.0,9,60.0,15,100.0,2,271.87,0.0,,,
BZ_h6s5f50p2n4.txt,HLCT,5,6,15,2,600.0,3,20.0,15,100.0,4,502.03,0.1,,,
BZ_h6s5f50p2n5.txt,HLCT,5,6,15,2,600.0,3,20.0,7,46.7,4,499.94,0.0,,,
BZ_h6s5f50p2n6.txt,HLCT,5,6,15,2,600.0,6,40.0,8,53.3,4,548.58,0.1,,,
BZ_h6s5f50p2n7.txt,HLCT,5,6,15,2,600.0,6,40.0,15,100.0,2,273.18,0.0,,,
BZ_h6s5f50p2n8.txt,HLCT,5,6,15,2,600.0,4,26.7,15,100.0,3,358.08,0.0,,,
BZ_h6s5f50p2n9.txt,HLCT,5,6,15,2,600.0,2,13.3,5,33.3,4,507.86,0.1,,,
BZ_h6s5f50p3n1.txt,HLCT,5,6,15,3,600.0,1,6.7,9,60.0,4,560.64,0.1,,,
BZ_h6s5f50p3n10.txt,HLCT,5,6,15,3,600.0,2,13.3,15,100.0,2,272.28,0.0,,,
BZ_h6s5f50p3n11.txt,HLCT,5,6,15,3,600.0,2,13.3,5,33.3,4,528.16,0.1,,,
BZ_h6s5f50p3n12.txt,HLCT,5,6,15,3,600.0,4,26.7,9,60.0,3,365.32,0.1,,,
BZ_h6s5f50p3n13.txt,HLCT,5,6,15,3,600.0,0,0.0,3,20.0,4,503.34,0.1,,,
BZ_h6s5f50p3n14.txt,HLCT,5,6,15,3,600.0,1,6.7,5,33.3,4,557.59,0.1,,,
BZ_h6s5f50p3n15.txt,HLCT,5,6,15,3,600.0,4,26.7,6,40.0,4,594.79,0.1,,,
BZ_h6s5f50p3n16.txt,HLCT,5,6,15,3,600.0,0,0.0,15,100.0,4,472.77,0.1,,,
BZ_h6s5f50p3n17.txt,HLCT,5,6,15,3,600.0,1,6.7,4,26.7,4,504.92,0.1,,,
BZ_h6s5f50p3n18.txt,HLCT,5,6,15,3,600.0,0,0.0,7,46.7,4,493.07,0.1,,,
BZ_h6s5f50p3n19.txt,HLCT,5,6,15,3,600.0,1,6.7,2,13.3,4,519.92,0.1,,,
BZ_h6s5f50p3n2.txt,HLCT,5,6,15,3,600.0,1,6.7,15,100.0,5,590.68,0.1,,,
BZ_h6s5f50p3n20.txt,HLCT,5,6,15,3,600.0,1,6.7,9,60.0,4,469.37,0.1,,,
BZ_h6s5f50p3n3.txt,HLCT,5,6,15,3,600.0,1,6.7,8,53.3,4,540.62,0.1,,,
BZ_h6s5f50p3n4.txt,HLCT,5,6,15,3,600.0,2,13.3,5,33.3,4,579.46,0.1,,,
BZ_h6s5f50p3n5.txt,HLCT,5,6,15,3,600.0,0,0.0,5,33.3,4,505.81,0.1,,,
BZ_h6s5f50p3n6.txt,HLCT,5,6,15,3,600.0,1,6.7,7,46.7,4,578.44,0.1,,,
BZ_h6s5f50p3n7.txt,HLCT,5,6,15,3,600.0,1,6.7,4,26.7,3,348.18,0.1,,,
BZ_h6s5f50p3n8.txt,HLCT,5,6,15,3,600.0,3,20.0,10,66.7,4,464.86,0.1,,,
BZ_h6s5f50p3n9.txt,HLCT,5,6,15,3,600.0,2,13.3,7,46.7,4,531.07,0.1,,,
BZ_h6s5f50p6n1.txt,HLCT,5,6,15,6,600.0,3,20.0,7,46.7,4,489.73,0.1,,,
BZ_h6s5f50p6n10.txt,HLCT,5,6,15,5,600.0,1,6.7,15,100.0,3,378.65,0.1,,,
BZ_h6s5f50p6n11.txt,HLCT,5,6,15,6,600.0,0,0.0,2,13.3,5,561.57,0.1,,,
BZ_h6s5f50p6n12.txt,HLCT,5,6,15,6,600.0,2,13.3,5,33.3,4,548.39,0.1,,,
BZ_h6s5f50p6n13.txt,HLCT,5,6,15,6,600.0,0,0.0,2,13.3,4,485.93,0.1,,,
BZ_h6s5f50p6n14.txt,HLCT,5,6,15,5,600.0,0,0.0,2,13.3,4,561.28,0.1,,,
BZ_h6s5f50p6n15.txt,HLCT,5,6,15,6,600.0,1,6.7,15,100.0,4,529.82,0.1,,,
BZ_h6s5f50p6n16.txt,HLCT,5,6,15,6,600.0,0,0.0,3,20.0,3,361.21,0.1,,,
BZ_h6s5f50p6n17.txt,HLCT,5,6,15,6,600.0,2,13.3,5,33.3,4,526.69,0.1,,,
BZ_h6s5f50p6n18.txt,HLCT,5,6,15,6,600.0,1,6.7,9,60.0,5,578.86,0.1,,,
BZ_h6s5f50p6n19.txt,HLCT,5,6,15,6,600.0,1,6.7,3,20.0,4,503.87,0.1,,,
BZ_h6s5f50p6n2.txt,HLCT,5,6,15,6,600.0,0,0.0,2,13.3,4,512.47,0.1,,,
BZ_h6s5f50p6n20.txt,HLCT,5,6,15,6,600.0,0,0.0,1,6.7,4,490.81,0.1,,,
BZ_h6s5f50p6n3.txt,HLCT,5,6,15,5,600.0,1,6.7,9,60.0,4,517.41,0.1,,,
BZ_h6s5f50p6n4.txt,HLCT,5,6,15,6,600.0,0,0.0,2,13.3,4,523.11,0.1,,,
BZ_h6s5f50p6n5.txt,HLCT,5,6,15,6,600.0,0,0.0,3,20.0,4,529.59,0.1,,,
BZ_h6s5f50p6n6.txt,HLCT,5,6,15,6,600.0,0,0.0,3,20.0,4,527.12,0.1,,,
BZ_h6s5f50p6n7.txt,HLCT,5,6,15,6,600.0,2,13.3,5,33.3,4,489.43,0.1,,,
BZ_h6s5f50p6n8.txt,HLCT,5,6,15,6,600.0,0,0.0,2,13.3,4,571.20,0.1,,,
BZ_h6s5f50p6n9.txt,HLCT,5,6,15,6,600.0,0,0.0,3,20.0,4,535.37,0.1,,,
BZ_h6s5f70p2n1.txt,HLCT,5,6,21,2,600.0,4,19.0,8,38.1,5,544.71,0.1,,,
BZ_h6s5f70p2n10.txt,HLCT,5,6,21,2,600.0,4,19.0,9,42.9,5,583.16,0.1,,,
BZ_h6s5f70p2n11.txt,HLCT,5,6,21,2,600.0,1,4.8,7,33.3,5,569.59,0.1,,,
BZ_h6s5f70p2n12.txt,HLCT,5,6,21,2,600.0,3,14.3,5,23.8,5,532.93,0.1,,,
BZ_h6s5f70p2n13.txt,HLCT,5,6,21,2,600.0,4,19.0,8,38.1,5,568.25,0.1,,,
BZ_h6s5f70p2n14.txt,HLCT,5,6,21,2,600.0,2,9.5,4,19.0,6,527.55,0.1,,,
BZ_h6s5f70p2n15.txt,HLCT,5,6,21,2,600.0,7,33.3,11,52.4,4,521.69,0.1,,,
BZ_h6s5f70p2n16.txt,HLCT,5,6,21,2,600.0,10,47.6,11,52.4,4,539.06,0.1,,,
BZ_h6s5f70p2n17.txt,HLCT,5,6,21,2,600.0,8,38.1,9,42.9,5,502.73,0.1,,,
BZ_h6s5f70p2n18.txt,HLCT,5,6,21,2,600.0,4,19.0,7,33.3,5,576.78,0.1,,,
BZ_h6s5f70p2n19.txt,HLCT,5,6,21,2,600.0,5,23.8,21,100.0,5,541.25,0.1,,,
BZ_h6s5f70p2n2.txt,HLCT,5,6,21,2,600.0,7,33.3,21,100.0,5,587.96,0.1,,,
BZ_h6s5f70p2n20.txt,HLCT,5,6,21,2,600.0,4,19.0,6,28.6,5,587.20,0.1,,,
BZ_h6s5f70p2n3.txt,HLCT,5,6,21,2,600.0,11,52.4,12,57.1,5,555.06,0.1,,,
BZ_h6s5f70p2n4.txt,HLCT,5,6,21,2,600.0,1,4.8,6,28.6,5,557.31,0.1,,,
BZ_h6s5f70p2n5.txt,HLCT,5,6,21,2,600.0,9,42.9,11,52.4,4,544.20,0.1,,,
BZ_h6s5f70p2n6.txt,HLCT,5,6,21,2,600.0,3,14.3,5,23.8,5,500.49,0.1,,,
BZ_h6s5f70p2n7.txt,HLCT,5,6,21,2,600.0,7,33.3,11,52.4,5,532.91,0.1,,,
BZ_h6s5f70p2n8.txt,HLCT,5,6,21,2,600.0,5,23.8,8,38.1,5,560.36,0.1,,,
BZ_h6s5f70p2n9.txt,HLCT,5,6,21,2,600.0,8,38.1,10,47.6,4,492.12,0.1,,,
BZ_h6s5f70p3n1.txt,HLCT,5,6,21,3,600.0,2,9.5,6,28.6,4,451.05,0.1,,,
BZ_h6s5f70p3n10.txt,HLCT,5,6,21,3,600.0,3,14.3,4,19.0,4,517.47,0.1,,,
BZ_h6s5f70p3n11.txt,HLCT,5,6,21,3,600.0,4,19.0,6,28.6,4,551.40,0.1,,,
BZ_h6s5f70p3n12.txt,HLCT,5,6,21,3,600.0,1,4.8,5,23.8,5,559.57,0.1,,,
BZ_h6s5f70p3n13.txt,HLCT,5,6,21,3,600.0,8,38.1,13,61.9,2,238.42,0.1,,,
BZ_h6s5f70p3n14.txt,HLCT,5,6,21,3,600.0,2,9.5,7,33.3,5,522.17,0.1,,,
BZ_h6s5f70p3n15.txt,HLCT,5,6,21,3,600.0,7,33.3,9,42.9,5,539.52,0.1,,,
BZ_h6s5f70p3n16.txt,HLCT,5,6,21,3,600.0,3,14.3,5,23.8,4,511.06,0.1,,,
BZ_h6s5f70p3n17.txt,HLCT,5,6,21,3,600.0,3,14.3,8,38.1,5,522.14,0.1,,,
BZ_h6s5f70p3n18.txt,HLCT,5,6,21,3,600.0,6,28.6,7,33.3,4,562.45,0.1,,,
BZ_h6s5f70p3n19.txt,HLCT,5,6,21,3,600.0,1,4.8,3,14.3,5,540.01,0.1,,,
BZ_h6s5f70p3n2.txt,HLCT,5,6,21,3,600.0,3,14.3,5,23.8,5,555.24,0.1,,,
BZ_h6s5f70p3n20.txt,HLCT,5,6,21,3,600.0,7,33.3,13,61.9,5,523.85,0.1,,,
BZ_h6s5f70p3n3.txt,HLCT,5,6,21,3,600.0,7,33.3,10,47.6,5,558.00,0.1,,,
BZ_h6s5f70p3n4.txt,HLCT,5,6,21,3,600.0,1,4.8,2,9.5,4,521.65,0.1,,,
BZ_h6s5f70p3n5.txt,HLCT,5,6,21,3,600.0,2,9.5,4,19.0,4,459.95,0.1,,,
BZ_h6s5f70p3n6.txt,HLCT,5,6,21,3,600.0,4,19.0,6,28.6,4,397.13,0.1,,,
BZ_h6s5f70p3n7.txt,HLCT,5,6,21,3,600.0,3,14.3,7,33.3,5,568.93,0.1,,,
BZ_h6s5f70p3n8.txt,HLCT,5,6,21,3,600.0,2,9.5,4,19.0,5,545.90,0.1,,,
BZ_h6s5f70p3n9.txt,HLCT,5,6,21,3,600.0,4,19.0,9,42.9,5,566.60,0.1,,,
BZ_h6s5f70p6n1.txt,HLCT,5,6,21,6,600.0,1,4.8,4,19.0,5,535.38,0.1,,,
BZ_h6s5f70p6n10.txt,HLCT,5,6,21,6,600.0,0,0.0,2,9.5,4,414.24,0.2,,,
BZ_h6s5f70p6n11.txt,HLCT,5,6,21,6,600.0,2,9.5,3,14.3,5,521.50,0.3,,,
BZ_h6s5f70p6n12.txt,HLCT,5,6,21,6,600.0,1,4.8,3,14.3,5,585.22,0.2,,,
BZ_h6s5f70p6n13.txt,HLCT,5,6,21,6,600.0,2,9.5,4,19.0,5,521.30,0.2,,,
BZ_h6s5f70p6n14.txt,HLCT,5,6,21,5,600.0,0,0.0,2,9.5,5,534.91,0.2,,,
BZ_h6s5f70p6n15.txt,HLCT,5,6,21,6,600.0,0,0.0,8,38.1,4,529.01,0.2,,,
BZ_h6s5f70p6n16.txt,HLCT,5,6,21,6,600.0,1,4.8,2,9.5,5,514.87,0.2,,,
BZ_h6s5f70p6n17.txt,HLCT,5,6,21,5,600.0,0,0.0,6,28.6,5,546.59,0.1,,,
BZ_h6s5f70p6n18.txt,HLCT,5,6,21,6,600.0,1,4.8,3,14.3,4,530.19,0.1,,,
BZ_h6s5f70p6n19.txt,HLCT,5,6,21,6,600.0,2,9.5,7,33.3,5,563.78,0.1,,,
BZ_h6s5f70p6n2.txt,HLCT,5,6,21,6,600.0,0,0.0,4,19.0,5,538.03,0.1,,,
BZ_h6s5f70p6n20.txt,HLCT,5,6,21,6,600.0,1,4.8,3,14.3,5,519.94,0.1,,,
BZ_h6s5f70p6n3.txt,HLCT,5,6,21,6,600.0,1,4.8,3,14.3,5,534.82,0.1,,,
BZ_h6s5f70p6n4.txt,HLCT,5,6,21,6,600.0,0,0.0,5,23.8,5,530.15,0.2,,,
BZ_h6s5f70p6n5.txt,HLCT,5,6,21,6,600.0,0,0.0,1,4.8,5,563.14,0.1,,,
BZ_h6s5f70p6n6.txt,HLCT,5,6,21,6,600.0,0,0.0,2,9.5,5,519.83,0.1,,,
BZ_h6s5f70p6n7.txt,HLCT,5,6,21,6,600.0,1,4.8,9,42.9,5,519.87,0.1,,,
BZ_h6s5f70p6n8.txt,HLCT,5,6,21,6,600.0,0,0.0,6,28.6,5,596.22,0.1,,,
BZ_h6s5f70p6n9.txt,HLCT,5,6,21,6,600.0,0,0.0,2,9.5,3,368.59,0.1,,,
BZ_h6s7f50p2n1.txt,HLCT,7,6,21,2,600.0,4,19.0,8,38.1,4,571.20,0.1,,,
BZ_h6s7f50p2n10.txt,HLCT,7,6,21,2,600.0,4,19.0,10,47.6,4,584.67,0.1,,,
BZ_h6s7f50p2n11.txt,HLCT,7,6,21,2,600.0,4,19.0,6,28.6,4,499.78,0.1,,,
BZ_h6s7f50p2n12.txt,HLCT,7,6,21,2,600.0,7,33.3,21,100.0,3,376.54,0.0,,,
BZ_h6s7f50p2n13.txt,HLCT,7,6,21,2,600.0,4,19.0,7,33.3,4,587.87,0.1,,,
BZ_h6s7f50p2n14.txt,HLCT,7,6,21,2,600.0,7,33.3,9,42.9,4,543.42,0.1,,,
BZ_h6s7f50p2n15.txt,HLCT,7,6,21,2,600.0,4,19.0,7,33.3,4,543.06,0.1,,,
BZ_h6s7f50p2n16.txt,HLCT,7,6,21,2,600.0,10,47.6,21,100.0,1,149.87,0.0,,,
BZ_h6s7f50p2n17.txt,HLCT,7,6,21,2,600.0,9,42.9,13,61.9,4,459.67,0.1,,,
BZ_h6s7f50p2n18.txt,HLCT,7,6,21,2,600.0,7,33.3,8,38.1,3,356.07,0.0,,,
BZ_h6s7f50p2n19.txt,HLCT,7,6,21,2,600.0,3,14.3,7,33.3,4,527.93,0.1,,,
BZ_h6s7f50p2n2.txt,HLCT,7,6,21,2,600.0,8,38.1,10,47.6,4,499.50,0.1,,,
BZ_h6s7f50p2n20.txt,HLCT,7,6,21,2,600.0,7,33.3,9,42.9,4,533.86,0.1,,,
BZ_h6s7f50p2n3.txt,HLCT,7,6,21,2,600.0,2,9.5,5,23.8,4,511.85,0.1,,,
BZ_h6s7f50p2n4.txt,HLCT,7,6,21,2,600.0,10,47.6,11,52.4,4,499.35,0.1,,,
BZ_h6s7f50p2n5.txt,HLCT,7,6,21,2,600.0,4,19.0,6,28.6,4,508.43,0.1,,,
BZ_h6s7f50p2n6.txt,HLCT,7,6,21,2,600.0,13,61.9,14,66.7,3,434.69,0.1,,,
BZ_h6s7f50p2n7.txt,HLCT,7,6,21,2,600.0,8,38.1,11,52.4,4,509.18,0.1,,,
BZ_h6s7f50p2n8.txt,HLCT,7,6,21,2,600.0,3,14.3,6,28.6,4,503.35,0.1,,,
BZ_h6s7f50p2n9.txt,HLCT,7,6,21,2,600.0,5,23.8,10,47.6,4,492.47,0.1,,,
BZ_h6s7f50p3n1.txt,HLCT,7,6,21,3,600.0,4,19.0,7,33.3,4,540.29,0.1,,,
BZ_h6s7f50p3n10.txt,HLCT,7,6,21,3,600.0,2,9.5,3,14.3,4,542.32,0.1,,,
BZ_h6s7f50p3n11.txt,HLCT,7,6,21,3,600.0,4,19.0,6,28.6,4,500.14,0.1,,,
BZ_h6s7f50p3n12.txt,HLCT,7,6,21,3,600.0,3,14.3,6,28.6,3,384.97,0.1,,,
BZ_h6s7f50p3n13.txt,HLCT,7,6,21,3,600.0,2,9.5,5,23.8,4,523.52,0.1,,,
BZ_h6s7f50p3n14.txt,HLCT,7,6,21,3,600.0,6,28.6,7,33.3,4,557.31,0.1,,,
BZ_h6s7f50p3n15.txt,HLCT,7,6,21,3,600.0,3,14.3,6,28.6,4,537.78,0.1,,,
BZ_h6s7f50p3n16.txt,HLCT,7,6,21,3,600.0,4,19.0,21,100.0,3,318.51,0.1,,,
BZ_h6s7f50p3n17.txt,HLCT,7,6,21,3,600.0,2,9.5,10,47.6,4,543.64,0.1,,,
BZ_h6s7f50p3n18.txt,HLCT,7,6,21,3,600.0,0,0.0,4,19.0,4,557.54,0.1,,,
BZ_h6s7f50p3n19.txt,HLCT,7,6,21,3,600.0,1,4.8,4,19.0,4,483.57,0.1,,,
BZ_h6s7f50p3n2.txt,HLCT,7,6,21,3,600.0,2,9.5,4,19.0,4,532.53,0.1,,,
BZ_h6s7f50p3n20.txt,HLCT,7,6,21,3,600.0,4,19.0,7,33.3,4,549.76,0.1,,,
BZ_h6s7f50p3n3.txt,HLCT,7,6,21,3,600.0,2,9.5,4,19.0,4,528.68,0.1,,,
BZ_h6s7f50p3n4.txt,HLCT,7,6,21,3,600.0,3,14.3,6,28.6,4,537.26,0.1,,,
BZ_h6s7f50p3n5.txt,HLCT,7,6,21,3,600.0,4,19.0,7,33.3,4,583.23,0.1,,,
BZ_h6s7f50p3n6.txt,HLCT,7,6,21,3,600.0,6,28.6,8,38.1,4,513.84,0.1,,,
BZ_h6s7f50p3n7.txt,HLCT,7,6,21,3,600.0,5,23.8,21,100.0,1,145.26,0.0,,,
BZ_h6s7f50p3n8.txt,HLCT,7,6,21,3,600.0,3,14.3,16,76.2,4,522.56,0.1,,,
BZ_h6s7f50p3n9.txt,HLCT,7,6,21,3,600.0,1,4.8,3,14.3,4,493.21,0.1,,,
BZ_h6s7f50p6n1.txt,HLCT,7,6,21,6,600.0,1,4.8,12,57.1,4,513.84,0.1,,,
BZ_h6s7f50p6n10.txt,HLCT,7,6,21,6,600.0,4,19.0,7,33.3,4,492.46,0.1,,,
BZ_h6s7f50p6n11.txt,HLCT,7,6,21,6,600.0,3,14.3,6,28.6,4,486.54,0.1,,,
BZ_h6s7f50p6n12.txt,HLCT,7,6,21,6,600.0,4,19.0,6,28.6,4,584.59,0.1,,,
BZ_h6s7f50p6n13.txt,HLCT,7,6,21,6,600.0,0,0.0,5,23.8,4,496.47,0.2,,,
BZ_h6s7f50p6n14.txt,HLCT,7,6,21,6,600.0,2,9.5,4,19.0,4,488.42,0.2,,,
BZ_h6s7f50p6n15.txt,HLCT,7,6,21,6,600.0,4,19.0,6,28.6,4,532.33,0.2,,,
BZ_h6s7f50p6n16.txt,HLCT,7,6,21,6,600.0,0,0.0,6,28.6,4,547.31,0.2,,,
BZ_h6s7f50p6n17.txt,HLCT,7,6,21,6,600.0,2,9.5,5,23.8,4,510.50,0.2,,,
BZ_h6s7f50p6n18.txt,HLCT,7,6,21,6,600.0,3,14.3,8,38.1,4,566.31,0.2,,,
BZ_h6s7f50p6n19.txt,HLCT,7,6,21,6,600.0,3,14.3,5,23.8,4,490.95,0.2,,,
BZ_h6s7f50p6n2.txt,HLCT,7,6,21,6,600.0,1,4.8,5,23.8,4,521.85,0.1,,,
BZ_h6s7f50p6n20.txt,HLCT,7,6,21,6,600.0,1,4.8,4,19.0,4,484.05,0.1,,,
BZ_h6s7f50p6n3.txt,HLCT,7,6,21,6,600.0,1,4.8,5,23.8,4,500.75,0.1,,,
BZ_h6s7f50p6n4.txt,HLCT,7,6,21,6,600.0,0,0.0,2,9.5,5,590.85,0.1,,,
BZ_h6s7f50p6n5.txt,HLCT,7,6,21,6,600.0,2,9.5,6,28.6,5,584.26,0.1,,,
BZ_h6s7f50p6n6.txt,HLCT,7,6,21,6,600.0,0,0.0,2,9.5,4,518.62,0.1,,,
BZ_h6s7f50p6n7.txt,HLCT,7,6,21,6,600.0,0,0.0,6,28.6,4,575.86,0.1,,,
BZ_h6s7f50p6n8.txt,HLCT,7,6,21,6,600.0,0,0.0,5,23.8,4,569.63,0.1,,,
BZ_h6s7f50p6n9.txt,HLCT,7,6,21,6,600.0,0,0.0,8,38.1,4,512.43,0.1,,,
BZ_h6s7f70p2n1.txt,HLCT,7,6,29,2,600.0,12,41.4,15,51.7,5,527.60,0.1,,,
BZ_h6s7f70p2n10.txt,HLCT,7,6,29,2,600.0,2,6.9,7,24.1,5,494.39,0.1,,,
BZ_h6s7f70p2n11.txt,HLCT,7,6,29,2,600.0,6,20.7,10,34.5,5,503.82,0.1,,,
BZ_h6s7f70p2n12.txt,HLCT,7,6,29,2,600.0,13,44.8,16,55.2,5,501.61,0.1,,,
BZ_h6s7f70p2n13.txt,HLCT,7,6,29,2,600.0,1,3.4,7,24.1,5,528.98,0.1,,,
BZ_h6s7f70p2n14.txt,HLCT,7,6,29,2,600.0,4,13.8,7,24.1,5,582.65,0.1,,,
BZ_h6s7f70p2n15.txt,HLCT,7,6,29,2,600.0,9,31.0,12,41.4,5,541.95,0.1,,,
BZ_h6s7f70p2n16.txt,HLCT,7,6,29,2,600.0,4,13.8,6,20.7,5,572.51,0.1,,,
BZ_h6s7f70p2n17.txt,HLCT,7,6,29,2,600.0,9,31.0,12,41.4,5,572.09,0.1,,,
BZ_h6s7f70p2n18.txt,HLCT,7,6,29,2,600.0,2,6.9,6,20.7,5,549.51,0.1,,,
BZ_h6s7f70p2n19.txt,HLCT,7,6,29,2,600.0,5,17.2,10,34.5,5,550.73,0.1,,,
BZ_h6s7f70p2n2.txt,HLCT,7,6,29,2,600.0,11,37.9,13,44.8,4,452.54,0.1,,,
BZ_h6s7f70p2n20.txt,HLCT,7,6,29,2,600.0,10,34.5,13,44.8,4,534.22,0.1,,,
BZ_h6s7f70p2n3.txt,HLCT,7,6,29,2,600.0,5,17.2,9,31.0,5,503.42,0.1,,,
BZ_h6s7f70p2n4.txt,HLCT,7,6,29,2,600.0,2,6.9,5,17.2,5,596.30,0.1,,,
BZ_h6s7f70p2n5.txt,HLCT,7,6,29,2,600.0,5,17.2,11,37.9,5,533.46,0.1,,,
BZ_h6s7f70p2n6.txt,HLCT,7,6,29,2,600.0,2,6.9,6,20.7,6,587.47,0.1,,,
BZ_h6s7f70p2n7.txt,HLCT,7,6,29,2,600.0,5,17.2,10,34.5,5,586.52,0.1,,,
BZ_h6s7f70p2n8.txt,HLCT,7,6,29,2,600.0,10,34.5,12,41.4,5,554.44,0.1,,,
BZ_h6s7f70p2n9.txt,HLCT,7,6,29,2,600.0,11,37.9,14,48.3,5,578.07,0.1,,,
BZ_h6s7f70p3n1.txt,HLCT,7,6,29,3,600.0,4,13.8,8,27.6,5,594.67,0.1,,,
BZ_h6s7f70p3n10.txt,HLCT,7,6,29,3,600.0,6,20.7,8,27.6,5,547.11,0.1,,,
BZ_h6s7f70p3n11.txt,HLCT,7,6,29,3,600.0,1,3.4,8,27.6,5,550.01,0.1,,,
BZ_h6s7f70p3n12.txt,HLCT,7,6,29,3,600.0,2,6.9,5,17.2,5,544.09,0.1,,,
BZ_h6s7f70p3n13.txt,HLCT,7,6,29,3,600.0,2,6.9,5,17.2,5,556.05,0.1,,,
BZ_h6s7f70p3n14.txt,HLCT,7,6,29,3,600.0,1,3.4,3,10.3,4,439.66,0.1,,,
BZ_h6s7f70p3n15.txt,HLCT,7,6,29,3,600.0,1,3.4,9,31.0,4,423.15,0.1,,,
BZ_h6s7f70p3n16.txt,HLCT,7,6,29,3,600.0,3,10.3,5,17.2,5,570.97,0.1,,,
BZ_h6s7f70p3n17.txt,HLCT,7,6,29,3,600.0,3,10.3,7,24.1,4,458.23,0.1,,,
BZ_h6s7f70p3n18.txt,HLCT,7,6,29,3,600.0,2,6.9,5,17.2,5,579.06,0.1,,,
BZ_h6s7f70p3n19.txt,HLCT,7,6,29,3,600.0,2,6.9,9,31.0,5,544.94,0.1,,,
BZ_h6s7f70p3n2.txt,HLCT,7,6,29,3,600.0,4,13.8,5,17.2,5,526.53,0.1,,,
BZ_h6s7f70p3n20.txt,HLCT,7,6,29,3,600.0,6,20.7,9,31.0,4,518.18,0.1,,,
BZ_h6s7f70p3n3.txt,HLCT,7,6,29,3,600.0,3,10.3,7,24.1,5,518.97,0.1,,,
BZ_h6s7f70p3n4.txt,HLCT,7,6,29,3,600.0,3,10.3,8,27.6,5,522.93,0.1,,,
BZ_h6s7f70p3n5.txt,HLCT,7,6,29,3,600.0,3,10.3,6,20.7,5,556.53,0.1,,,
BZ_h6s7f70p3n6.txt,HLCT,7,6,29,3,600.0,1,3.4,14,48.3,5,537.77,0.1,,,
BZ_h6s7f70p3n7.txt,HLCT,7,6,29,3,600.0,7,24.1,9,31.0,4,434.19,0.1,,,
BZ_h6s7f70p3n8.txt,HLCT,7,6,29,3,600.0,2,6.9,7,24.1,5,498.89,0.1,,,
BZ_h6s7f70p3n9.txt,HLCT,7,6,29,3,600.0,4,13.8,7,24.1,5,510.10,0.1,,,
BZ_h6s7f70p6n1.txt,HLCT,7,6,29,6,600.0,1,3.4,6,20.7,5,563.02,0.2,,,
BZ_h6s7f70p6n10.txt,HLCT,7,6,29,6,600.0,1,3.4,6,20.7,5,518.09,0.2,,,
BZ_h6s7f70p6n11.txt,HLCT,7,6,29,6,600.0,0,0.0,6,20.7,5,577.28,0.2,,,
BZ_h6s7f70p6n12.txt,HLCT,7,6,29,6,600.0,0,0.0,5,17.2,5,593.53,0.2,,,
BZ_h6s7f70p6n13.txt,HLCT,7,6,29,6,600.0,1,3.4,4,13.8,5,583.91,0.2,,,
BZ_h6s7f70p6n14.txt,HLCT,7,6,29,6,600.0,1,3.4,3,10.3,5,532.47,0.2,,,
BZ_h6s7f70p6n15.txt,HLCT,7,6,29,6,600.0,1,3.4,3,10.3,5,566.50,0.2,,,
BZ_h6s7f70p6n16.txt,HLCT,7,6,29,6,600.0,2,6.9,6,20.7,5,592.86,0.2,,,
BZ_h6s7f70p6n17.txt,HLCT,7,6,29,6,600.0,3,10.3,4,13.8,4,516.48,0.3,,,
BZ_h6s7f70p6n18.txt,HLCT,7,6,29,6,600.0,0,0.0,8,27.6,5,568.56,0.3,,,
BZ_h6s7f70p6n19.txt,HLCT,7,6,29,6,600.0,0,0.0,3,10.3,5,591.69,0.3,,,
BZ_h6s7f70p6n2.txt,HLCT,7,6,29,6,600.0,2,6.9,5,17.2,5,500.60,0.3,,,
BZ_h6s7f70p6n20.txt,HLCT,7,6,29,6,600.0,1,3.4,4,13.8,5,548.66,0.3,,,
BZ_h6s7f70p6n3.txt,HLCT,7,6,29,6,600.0,0,0.0,3,10.3,5,590.64,0.3,,,
BZ_h6s7f70p6n4.txt,HLCT,7,6,29,6,600.0,1,3.4,7,24.1,5,554.29,0.2,,,
BZ_h6s7f70p6n5.txt,HLCT,7,6,29,6,600.0,1,3.4,5,17.2,5,522.22,0.2,,,
BZ_h6s7f70p6n6.txt,HLCT,7,6,29,6,600.0,0,0.0,3,10.3,4,519.45,0.2,,,
BZ_h6s7f70p6n7.txt,HLCT,7,6,29,6,600.0,2,6.9,4,13.8,4,510.84,0.2,,,
BZ_h6s7f70p6n8.txt,HLCT,7,6,29,6,600.0,0,0.0,6,20.7,5,557.36,0.2,,,
BZ_h6s7f70p6n9.txt,HLCT,7,6,29,6,600.0,2,6.9,4,13.8,5,516.15,0.2,,,
BZ_h6s9f50p2n1.txt,HLCT,9,6,27,2,600.0,6,22.2,10,37.0,4,512.57,0.1,,,
BZ_h6s9f50p2n10.txt,HLCT,9,6,27,2,600.0,13,48.1,27,100.0,3,458.23,0.1,,,
BZ_h6s9f50p2n11.txt,HLCT,9,6,27,2,600.0,5,18.5,11,40.7,5,550.98,0.1,,,
BZ_h6s9f50p2n12.txt,HLCT,9,6,27,2,600.0,8,29.6,13,48.1,4,581.50,0.0,,,
BZ_h6s9f50p2n13.txt,HLCT,9,6,27,2,600.0,12,44.4,15,55.6,4,511.40,0.1,,,
BZ_h6s9f50p2n14.txt,HLCT,9,6,27,2,600.0,4,14.8,7,25.9,4,514.57,0.1,,,
BZ_h6s9f50p2n15.txt,HLCT,9,6,27,2,600.0,7,25.9,10,37.0,5,566.15,0.1,,,
BZ_h6s9f50p2n16.txt,HLCT,9,6,27,2,600.0,3,11.1,9,33.3,4,542.47,0.1,,,
BZ_h6s9f50p2n17.txt,HLCT,9,6,27,2,600.0,11,40.7,13,48.1,4,492.68,0.1,,,
BZ_h6s9f50p2n18.txt,HLCT,9,6,27,2,600.0,6,22.2,12,44.4,4,487.53,0.1,,,
BZ_h6s9f50p2n19.txt,HLCT,9,6,27,2,600.0,9,33.3,14,51.9,4,527.77,0.1,,,
BZ_h6s9f50p2n2.txt,HLCT,9,6,27,2,600.0,11,40.7,16,59.3,4,505.10,0.1,,,
BZ_h6s9f50p2n20.txt,HLCT,9,6,27,2,600.0,3,11.1,10,37.0,4,513.12,0.1,,,
BZ_h6s9f50p2n3.txt,HLCT,9,6,27,2,600.0,3,11.1,8,29.6,4,496.04,0.1,,,
BZ_h6s9f50p2n4.txt,HLCT,9,6,27,2,600.0,13,48.1,16,59.3,4,540.67,0.1,,,
BZ_h6s9f50p2n5.txt,HLCT,9,6,27,2,600.0,5,18.5,11,40.7,5,563.13,0.1,,,
BZ_h6s9f50p2n6.txt,HLCT,9,6,27,2,600.0,6,22.2,12,44.4,4,507.61,0.1,,,
BZ_h6s9f50p2n7.txt,HLCT,9,6,27,2,600.0,5,18.5,8,29.6,4,518.67,0.1,,,
BZ_h6s9f50p2n8.txt,HLCT,9,6,27,2,600.0,2,7.4,8,29.6,5,587.44,0.1,,,
BZ_h6s9f50p2n9.txt,HLCT,9,6,27,2,600.0,9,33.3,15,55.6,4,529.49,0.1,,,
BZ_h6s9f50p3n1.txt,HLCT,9,6,27,3,600.0,8,29.6,10,37.0,4,488.50,0.1,,,
BZ_h6s9f50p3n10.txt,HLCT,9,6,27,3,600.0,2,7.4,5,18.5,4,504.73,0.1,,,
BZ_h6s9f50p3n11.txt,HLCT,9,6,27,3,600.0,5,18.5,7,25.9,4,535.28,0.1,,,
BZ_h6s9f50p3n12.txt,HLCT,9,6,27,3,600.0,4,14.8,6,22.2,4,515.21,0.1,,,
BZ_h6s9f50p3n13.txt,HLCT,9,6,27,3,600.0,5,18.5,9,33.3,4,534.62,0.1,,,
BZ_h6s9f50p3n14.txt,HLCT,9,6,27,3,600.0,1,3.7,6,22.2,4,540.60,0.1,,,
BZ_h6s9f50p3n15.txt,HLCT,9,6,27,3,600.0,1,3.7,3,11.1,4,592.41,0.1,,,
BZ_h6s9f50p3n16.txt,HLCT,9,6,27,3,600.0,0,0.0,4,14.8,4,525.42,0.1,,,
BZ_h6s9f50p3n17.txt,HLCT,9,6,27,3,600.0,4,14.8,7,25.9,4,554.32,0.1,,,
BZ_h6s9f50p3n18.txt,HLCT,9,6,27,3,600.0,2,7.4,5,18.5,4,596.58,0.1,,,
BZ_h6s9f50p3n19.txt,HLCT,9,6,27,3,600.0,7,25.9,10,37.0,4,557.58,0.1,,,
BZ_h6s9f50p3n2.txt,HLCT,9,6,27,3,600.0,4,14.8,6,22.2,4,496.62,0.1,,,
BZ_h6s9f50p3n20.txt,HLCT,9,6,27,3,600.0,8,29.6,27,100.0,4,524.01,0.1,,,
BZ_h6s9f50p3n3.txt,HLCT,9,6,27,3,600.0,2,7.4,8,29.6,4,521.16,0.1,,,
BZ_h6s9f50p3n4.txt,HLCT,9,6,27,3,600.0,8,29.6,11,40.7,5,595.07,0.1,,,
BZ_h6s9f50p3n5.txt,HLCT,9,6,27,3,600.0,2,7.4,5,18.5,4,536.35,0.1,,,
BZ_h6s9f50p3n6.txt,HLCT,9,6,27,3,600.0,3,11.1,7,25.9,4,512.83,0.1,,,
BZ_h6s9f50p3n7.txt,HLCT,9,6,27,3,600.0,3,11.1,9,33.3,4,517.73,0.1,,,
BZ_h6s9f50p3n8.txt,HLCT,9,6,27,3,600.0,6,22.2,9,33.3,4,559.35,0.1,,,
BZ_h6s9f50p3n9.txt,HLCT,9,6,27,3,600.0,8,29.6,12,44.4,4,529.79,0.1,,,
BZ_h6s9f50p6n1.txt,HLCT,9,6,27,6,600.0,5,18.5,6,22.2,4,488.02,0.1,,,
BZ_h6s9f50p6n10.txt,HLCT,9,6,27,6,600.0,3,11.1,5,18.5,3,502.24,0.1,,,
BZ_h6s9f50p6n11.txt,HLCT,9,6,27,6,600.0,3,11.1,8,29.6,4,474.60,0.1,,,
BZ_h6s9f50p6n12.txt,HLCT,9,6,27,6,600.0,1,3.7,4,14.8,4,510.61,0.1,,,
BZ_h6s9f50p6n13.txt,HLCT,9,6,27,6,600.0,1,3.7,5,18.5,4,516.78,0.1,,,
BZ_h6s9f50p6n14.txt,HLCT,9,6,27,6,600.0,4,14.8,7,25.9,4,541.47,0.2,,,
BZ_h6s9f50p6n15.txt,HLCT,9,6,27,6,600.0,1,3.7,3,11.1,4,540.34,0.2,,,
BZ_h6s9f50p6n16.txt,HLCT,9,6,27,6,600.0,0,0.0,4,14.8,4,546.99,0.1,,,
BZ_h6s9f50p6n17.txt,HLCT,9,6,27,6,600.0,0,0.0,5,18.5,4,559.99,0.1,,,
BZ_h6s9f50p6n18.txt,HLCT,9,6,27,5,600.0,4,14.8,7,25.9,4,503.26,0.1,,,
BZ_h6s9f50p6n19.txt,HLCT,9,6,27,6,600.0,3,11.1,6,22.2,4,568.32,0.2,,,
BZ_h6s9f50p6n2.txt,HLCT,9,6,27,6,600.0,3,11.1,5,18.5,4,532.42,0.1,,,
BZ_h6s9f50p6n20.txt,HLCT,9,6,27,6,600.0,1,3.7,5,18.5,4,582.73,0.1,,,
BZ_h6s9f50p6n3.txt,HLCT,9,6,27,6,600.0,2,7.4,5,18.5,4,499.80,0.1,,,
BZ_h6s9f50p6n4.txt,HLCT,9,6,27,6,600.0,1,3.7,5,18.5,4,496.55,0.2,,,
BZ_h6s9f50p6n5.txt,HLCT,9,6,27,6,600.0,2,7.4,9,33.3,4,575.77,0.2,,,
BZ_h6s9f50p6n6.txt,HLCT,9,6,27,6,600.0,4,14.8,6,22.2,4,511.09,0.2,,,
BZ_h6s9f50p6n7.txt,HLCT,9,6,27,6,600.0,1,3.7,3,11.1,4,482.15,0.1,,,
BZ_h6s9f50p6n8.txt,HLCT,9,6,27,6,600.0,4,14.8,11,40.7,4,489.04,0.1,,,
BZ_h6s9f50p6n9.txt,HLCT,9,6,27,6,600.0,1,3.7,5,18.5,4,592.44,0.2,,,
BZ_h6s9f70p2n1.txt,HLCT,9,6,37,2,600.0,14,37.8,18,48.6,5,582.40,0.1,,,
BZ_h6s9f70p2n10.txt,HLCT,9,6,37,2,600.0,12,32.4,18,48.6,6,567.20,0.1,,,
BZ_h6s9f70p2n11.txt,HLCT,9,6,37,2,600.0,13,35.1,16,43.2,4,515.38,0.1,,,
BZ_h6s9f70p2n12.txt,HLCT,9,6,37,2,600.0,2,5.4,11,29.7,5,531.11,0.1,,,
BZ_h6s9f70p2n13.txt,HLCT,9,6,37,2,600.0,5,13.5,10,27.0,6,597.72,0.2,,,
BZ_h6s9f70p2n14.txt,HLCT,9,6,37,2,600.0,8,21.6,12,32.4,5,592.37,0.2,,,
BZ_h6s9f70p2n15.txt,HLCT,9,6,37,2,600.0,3,8.1,11,29.7,5,572.60,0.2,,,
BZ_h6s9f70p2n16.txt,HLCT,9,6,37,2,600.0,5,13.5,10,27.0,4,515.46,0.2,,,
BZ_h6s9f70p2n17.txt,HLCT,9,6,37,2,600.0,3,8.1,11,29.7,5,548.85,0.1,,,
BZ_h6s9f70p2n18.txt,HLCT,9,6,37,2,600.0,5,13.5,10,27.0,5,558.90,0.2,,,
BZ_h6s9f70p2n19.txt,HLCT,9,6,37,2,600.0,14,37.8,20,54.1,5,519.27,0.2,,,
BZ_h6s9f70p2n2.txt,HLCT,9,6,37,2,600.0,7,18.9,10,27.0,5,577.07,0.1,,,
BZ_h6s9f70p2n20.txt,HLCT,9,6,37,2,600.0,9,24.3,12,32.4,5,496.96,0.1,,,
BZ_h6s9f70p2n3.txt,HLCT,9,6,37,2,600.0,11,29.7,16,43.2,5,545.85,0.1,,,
BZ_h6s9f70p2n4.txt,HLCT,9,6,37,2,600.0,11,29.7,15,40.5,5,588.78,0.1,,,
BZ_h6s9f70p2n5.txt,HLCT,9,6,37,2,600.0,9,24.3,13,35.1,4,555.12,0.1,,,
BZ_h6s9f70p2n6.txt,HLCT,9,6,37,2,600.0,12,32.4,20,54.1,6,576.92,0.1,,,
BZ_h6s9f70p2n7.txt,HLCT,9,6,37,2,600.0,12,32.4,19,51.4,5,495.40,0.1,,,
BZ_h6s9f70p2n8.txt,HLCT,9,6,37,2,600.0,3,8.1,8,21.6,5,579.52,0.1,,,
BZ_h6s9f70p2n9.txt,HLCT,9,6,37,2,600.0,7,18.9,10,27.0,4,532.26,0.1,,,
BZ_h6s9f70p3n1.txt,HLCT,9,6,37,3,600.0,0,0.0,3,8.1,5,567.39,0.1,,,
BZ_h6s9f70p3n10.txt,HLCT,9,6,37,3,600.0,3,8.1,5,13.5,5,531.87,0.2,,,
BZ_h6s9f70p3n11.txt,HLCT,9,6,37,3,600.0,3,8.1,18,48.6,5,566.16,0.1,,,
BZ_h6s9f70p3n12.txt,HLCT,9,6,37,3,600.0,3,8.1,8,21.6,5,577.73,0.1,,,
BZ_h6s9f70p3n13.txt,HLCT,9,6,37,3,600.0,7,18.9,12,32.4,6,584.32,0.1,,,
BZ_h6s9f70p3n14.txt,HLCT,9,6,37,3,600.0,10,27.0,12,32.4,4,537.94,0.1,,,
BZ_h6s9f70p3n15.txt,HLCT,9,6,37,3,600.0,3,8.1,8,21.6,6,578.17,0.2,,,
BZ_h6s9f70p3n16.txt,HLCT,9,6,37,3,600.0,7,18.9,10,27.0,4,500.89,0.1,,,
BZ_h6s9f70p3n17.txt,HLCT,9,6,37,3,600.0,6,16.2,8,21.6,4,544.27,0.1,,,
BZ_h6s9f70p3n18.txt,HLCT,9,6,37,3,600.0,4,10.8,8,21.6,5,542.66,0.1,,,
BZ_h6s9f70p3n19.txt,HLCT,9,6,37,3,600.0,8,21.6,12,32.4,5,560.07,0.1,,,
BZ_h6s9f70p3n2.txt,HLCT,9,6,37,3,600.0,1,2.7,8,21.6,4,550.50,0.1,,,
BZ_h6s9f70p3n20.txt,HLCT,9,6,37,3,600.0,3,8.1,8,21.6,4,545.74,0.1,,,
BZ_h6s9f70p3n3.txt,HLCT,9,6,37,3,600.0,3,8.1,6,16.2,5,560.65,0.1,,,
BZ_h6s9f70p3n4.txt,HLCT,9,6,37,3,600.0,7,18.9,10,27.0,4,555.44,0.1,,,
BZ_h6s9f70p3n5.txt,HLCT,9,6,37,3,600.0,1,2.7,6,16.2,4,525.32,0.1,,,
BZ_h6s9f70p3n6.txt,HLCT,9,6,37,3,600.0,5,13.5,10,27.0,5,572.88,0.1,,,
BZ_h6s9f70p3n7.txt,HLCT,9,6,37,3,600.0,6,16.2,10,27.0,5,502.45,0.1,,,
BZ_h6s9f70p3n8.txt,HLCT,9,6,37,3,600.0,5,13.5,8,21.6,5,514.91,0.1,,,
BZ_h6s9f70p3n9.txt,HLCT,9,6,37,3,600.0,7,18.9,11,29.7,4,530.65,0.1,,,
BZ_h6s9f70p6n1.txt,HLCT,9,6,37,6,600.0,1,2.7,4,10.8,5,587.41,0.2,,,
BZ_h6s9f70p6n10.txt,HLCT,9,6,37,6,600.0,2,5.4,4,10.8,5,529.11,0.2,,,
BZ_h6s9f70p6n11.txt,HLCT,9,6,37,6,600.0,2,5.4,7,18.9,4,502.34,0.2,,,
BZ_h6s9f70p6n12.txt,HLCT,9,6,37,6,600.0,2,5.4,5,13.5,4,471.33,0.2,,,
BZ_h6s9f70p6n13.txt,HLCT,9,6,37,6,600.0,2,5.4,3,8.1,5,522.78,0.2,,,
BZ_h6s9f70p6n14.txt,HLCT,9,6,37,6,600.0,0,0.0,3,8.1,5,504.37,0.2,,,
BZ_h6s9f70p6n15.txt,HLCT,9,6,37,6,600.0,1,2.7,4,10.8,5,505.70,0.3,,,
BZ_h6s9f70p6n16.txt,HLCT,9,6,37,6,600.0,1,2.7,4,10.8,4,516.39,0.2,,,
BZ_h6s9f70p6n17.txt,HLCT,9,6,37,6,600.0,3,8.1,4,10.8,4,544.78,0.2,,,
BZ_h6s9f70p6n18.txt,HLCT,9,6,37,6,600.0,1,2.7,4,10.8,5,521.03,0.2,,,
BZ_h6s9f70p6n19.txt,HLCT,9,6,37,6,600.0,3,8.1,5,13.5,5,522.56,0.2,,,
BZ_h6s9f70p6n2.txt,HLCT,9,6,37,6,600.0,0,0.0,2,5.4,5,512.30,0.2,,,
BZ_h6s9f70p6n20.txt,HLCT,9,6,37,6,600.0,3,8.1,9,24.3,5,545.11,0.2,,,
BZ_h6s9f70p6n3.txt,HLCT,9,6,37,6,600.0,2,5.4,3,8.1,5,508.41,0.2,,,
BZ_h6s9f70p6n4.txt,HLCT,9,6,37,6,600.0,1,2.7,7,18.9,5,585.26,0.2,,,
BZ_h6s9f70p6n5.txt,HLCT,9,6,37,6,600.0,5,13.5,8,21.6,4,533.04,0.2,,,
BZ_h6s9f70p6n6.txt,HLCT,9,6,37,6,600.0,0,0.0,3,8.1,5,517.90,0.2,,,
BZ_h6s9f70p6n7.txt,HLCT,9,6,37,6,600.0,1,2.7,5,13.5,4,511.88,0.2,,,
BZ_h6s9f70p6n8.txt,HLCT,9,6,37,6,600.0,4,10.8,8,21.6,5,544.27,0.2,,,
BZ_h6s9f70p6n9.txt,HLCT,9,6,37,6,600.0,0,0.0,5,13.5,5,582.86,0.2,,,
BZ_h4s3f50p2n1.txt,HLCT,3,4,6,2,900.0,0,0.0,6,100.0,3,316.52,0.0,,,
BZ_h4s3f50p2n10.txt,HLCT,3,4,6,2,900.0,0,0.0,6,100.0,2,215.59,0.0,,,
BZ_h4s3f50p2n11.txt,HLCT,3,4,6,2,900.0,1,16.7,6,100.0,1,108.07,0.0,,,
BZ_h4s3f50p2n12.txt,HLCT,3,4,6,2,900.0,2,33.3,6,100.0,1,102.84,0.0,,,
BZ_h4s3f50p2n13.txt,HLCT,3,4,6,2,900.0,1,16.7,6,100.0,4,444.71,0.0,,,
BZ_h4s3f50p2n14.txt,HLCT,3,4,6,2,900.0,1,16.7,6,100.0,2,212.82,0.0,,,
BZ_h4s3f50p2n15.txt,HLCT,3,4,6,2,900.0,3,50.0,6,100.0,3,335.61,0.0,,,
BZ_h4s3f50p2n16.txt,HLCT,3,4,6,2,900.0,2,33.3,6,100.0,3,311.66,0.0,,,
BZ_h4s3f50p2n17.txt,HLCT,3,4,6,2,900.0,2,33.3,6,100.0,2,233.55,0.0,,,
BZ_h4s3f50p2n18.txt,HLCT,3,4,6,2,900.0,3,50.0,6,100.0,1,120.84,0.0,,,
BZ_h4s3f50p2n19.txt,HLCT,3,4,6,2,900.0,2,33.3,6,100.0,2,219.55,0.0,,,
BZ_h4s3f50p2n2.txt,HLCT,3,4,6,2,900.0,2,33.3,6,100.0,2,197.64,0.0,,,
BZ_h4s3f50p2n20.txt,HLCT,3,4,6,2,900.0,3,50.0,6,100.0,2,228.26,0.0,,,
BZ_h4s3f50p2n3.txt,HLCT,3,4,6,2,900.0,1,16.7,6,100.0,1,108.07,0.0,,,
BZ_h4s3f50p2n4.txt,HLCT,3,4,6,2,900.0,3,50.0,6,100.0,2,236.04,0.0,,,
BZ_h4s3f50p2n5.txt,HLCT,3,4,6,2,900.0,1,16.7,6,100.0,3,284.21,0.0,,,
BZ_h4s3f50p2n6.txt,HLCT,3,4,6,2,900.0,0,0.0,6,100.0,2,212.80,0.0,,,
BZ_h4s3f50p2n7.txt,HLCT,3,4,6,2,900.0,1,16.7,6,100.0,1,104.17,0.0,,,
BZ_h4s3f50p2n8.txt,HLCT,3,4,6,2,900.0,0,0.0,6,100.0,4,429.49,0.0,,,
BZ_h4s3f50p2n9.txt,HLCT,3,4,6,2,900.0,1,16.7,6,100.0,1,95.06,0.0,,,
BZ_h4s3f50p3n1.txt,HLCT,3,4,6,3,900.0,1,16.7,6,100.0,6,640.55,0.1,,,
BZ_h4s3f50p3n10.txt,HLCT,3,4,6,3,900.0,2,33.3,6,100.0,3,308.94,0.0,,,
BZ_h4s3f50p3n11.txt,HLCT,3,4,6,3,900.0,1,16.7,6,100.0,2,201.51,0.0,,,
BZ_h4s3f50p3n12.txt,HLCT,3,4,6,3,900.0,2,33.3,6,100.0,3,305.06,0.0,,,
BZ_h4s3f50p3n13.txt,HLCT,3,4,6,3,900.0,0,0.0,6,100.0,2,218.34,0.0,,,
BZ_h4s3f50p3n14.txt,HLCT,3,4,6,3,900.0,1,16.7,6,100.0,4,425.34,0.1,,,
BZ_h4s3f50p3n15.txt,HLCT,3,4,6,3,900.0,0,0.0,6,100.0,5,548.15,0.0,,,
BZ_h4s3f50p3n16.txt,HLCT,3,4,6,3,900.0,1,16.7,6,100.0,2,228.36,0.0,,,
BZ_h4s3f50p3n17.txt,HLCT,3,4,6,3,900.0,0,0.0,6,100.0,2,212.64,0.0,,,
BZ_h4s3f50p3n18.txt,HLCT,3,4,6,3,900.0,2,33.3,6,100.0,1,102.99,0.0,,,
BZ_h4s3f50p3n19.txt,HLCT,3,4,6,3,900.0,0,0.0,6,100.0,2,214.31,0.0,,,
BZ_h4s3f50p3n2.txt,HLCT,3,4,6,3,900.0,1,16.7,6,100.0,2,211.51,0.0,,,
BZ_h4s3f50p3n20.txt,HLCT,3,4,6,3,900.0,2,33.3,6,100.0,1,126.02,0.0,,,
BZ_h4s3f50p3n3.txt,HLCT,3,4,6,3,900.0,3,50.0,6,100.0,3,297.47,0.0,,,
BZ_h4s3f50p3n4.txt,HLCT,3,4,6,3,900.0,0,0.0,6,100.0,4,422.59,0.1,,,
BZ_h4s3f50p3n5.txt,HLCT,3,4,6,3,900.0,1,16.7,6,100.0,2,193.74,0.0,,,
BZ_h4s3f50p3n6.txt,HLCT,3,4,6,3,900.0,0,0.0,6,100.0,3,284.21,0.0,,,
BZ_h4s3f50p3n7.txt,HLCT,3,4,6,2,900.0,0,0.0,6,100.0,1,109.17,0.0,,,
BZ_h4s3f50p3n8.txt,HLCT,3,4,6,3,900.0,0,0.0,6,100.0,2,215.63,0.0,,,
BZ_h4s3f50p3n9.txt,HLCT,3,4,6,3,900.0,0,0.0,6,100.0,2,236.04,0.0,,,
BZ_h4s3f50p6n1.txt,HLCT,3,4,6,6,900.0,0,0.0,6,100.0,2,215.65,0.0,,,
BZ_h4s3f50p6n10.txt,HLCT,3,4,6,6,900.0,1,16.7,6,100.0,4,411.54,0.1,,,
BZ_h4s3f50p6n11.txt,HLCT,3,4,6,6,900.0,0,0.0,6,100.0,4,407.64,0.1,,,
BZ_h4s3f50p6n12.txt,HLCT,3,4,6,6,900.0,2,33.3,6,100.0,3,351.23,0.0,,,
BZ_h4s3f50p6n13.txt,HLCT,3,4,6,5,900.0,1,16.7,6,100.0,1,99.99,0.0,,,
BZ_h4s3f50p6n14.txt,HLCT,3,4,6,6,900.0,0,0.0,6,100.0,4,407.64,0.1,,,
BZ_h4s3f50p6n15.txt,HLCT,3,4,6,6,900.0,0,0.0,6,100.0,2,233.55,0.0,,,
BZ_h4s3f50p6n16.txt,HLCT,3,4,6,5,900.0,1,16.7,6,100.0,1,125.98,0.0,,,
BZ_h4s3f50p6n17.txt,HLCT,3,4,6,6,900.0,2,33.3,6,100.0,3,351.23,0.0,,,
BZ_h4s3f50p6n18.txt,HLCT,3,4,6,6,900.0,1,16.7,6,100.0,4,447.34,0.1,,,
BZ_h4s3f50p6n19.txt,HLCT,3,4,6,6,900.0,1,16.7,6,100.0,1,110.47,0.0,,,
BZ_h4s3f50p6n2.txt,HLCT,3,4,6,6,900.0,2,33.3,6,100.0,4,439.63,0.1,,,
BZ_h4s3f50p6n20.txt,HLCT,3,4,6,4,900.0,0,0.0,6,100.0,1,102.58,0.0,,,
BZ_h4s3f50p6n3.txt,HLCT,3,4,6,5,900.0,0,0.0,6,100.0,5,545.90,0.1,,,
BZ_h4s3f50p6n4.txt,HLCT,3,4,6,5,900.0,0,0.0,6,100.0,5,511.12,0.1,,,
BZ_h4s3f50p6n5.txt,HLCT,3,4,6,6,900.0,2,33.3,6,100.0,5,537.78,0.1,,,
BZ_h4s3f50p6n6.txt,HLCT,3,4,6,6,900.0,2,33.3,6,100.0,3,310.14,0.0,,,
BZ_h4s3f50p6n7.txt,HLCT,3,4,6,5,900.0,0,0.0,6,100.0,3,316.52,0.1,,,
BZ_h4s3f50p6n8.txt,HLCT,3,4,6,6,900.0,0,0.0,6,100.0,5,553.78,0.1,,,
BZ_h4s3f50p6n9.txt,HLCT,3,4,6,6,900.0,0,0.0,6,100.0,3,348.38,0.1,,,
BZ_h4s3f70p2n1.txt,HLCT,3,4,8,2,900.0,2,25.0,8,100.0,5,499.44,0.0,,,
BZ_h4s3f70p2n10.txt,HLCT,3,4,8,2,900.0,3,37.5,8,100.0,2,200.05,0.0,,,
BZ_h4s3f70p2n11.txt,HLCT,3,4,8,2,900.0,3,37.5,8,100.0,7,686.14,0.1,,,
BZ_h4s3f70p2n12.txt,HLCT,3,4,8,2,900.0,0,0.0,8,100.0,3,284.21,0.0,,,
BZ_h4s3f70p2n13.txt,HLCT,3,4,8,2,900.0,0,0.0,1,12.5,4,378.07,0.1,,,
BZ_h4s3f70p2n14.txt,HLCT,3,4,8,2,900.0,2,25.0,8,100.0,3,285.72,0.0,,,
BZ_h4s3f70p2n15.txt,HLCT,3,4,8,2,900.0,0,0.0,8,100.0,2,184.64,0.0,,,
BZ_h4s3f70p2n16.txt,HLCT,3,4,8,2,900.0,1,12.5,8,100.0,1,110.47,0.0,,,
BZ_h4s3f70p2n17.txt,HLCT,3,4,8,2,900.0,4,50.0,8,100.0,3,296.09,0.0,,,
BZ_h4s3f70p2n18.txt,HLCT,3,4,8,2,900.0,5,62.5,8,100.0,5,500.55,0.0,,,
BZ_h4s3f70p2n19.txt,HLCT,3,4,8,2,900.0,3,37.5,8,100.0,5,497.03,0.1,,,
BZ_h4s3f70p2n2.txt,HLCT,3,4,8,2,900.0,0,0.0,8,100.0,3,281.98,0.0,,,
BZ_h4s3f70p2n20.txt,HLCT,3,4,8,2,900.0,2,25.0,8,100.0,7,713.04,0.1,,,
BZ_h4s3f70p2n3.txt,HLCT,3,4,8,2,900.0,2,25.0,8,100.0,1,88.54,0.0,,,
BZ_h4s3f70p2n4.txt,HLCT,3,4,8,2,900.0,2,25.0,3,37.5,9,893.62,0.1,,,
BZ_h4s3f70p2n5.txt,HLCT,3,4,8,2,900.0,5,62.5,8,100.0,5,503.35,0.0,,,
BZ_h4s3f70p2n6.txt,HLCT,3,4,8,2,900.0,3,37.5,8,100.0,3,301.35,0.0,,,
BZ_h4s3f70p2n7.txt,HLCT,3,4,8,2,900.0,2,25.0,8,100.0,2,187.02,0.0,,,
BZ_h4s3f70p2n8.txt,HLCT,3,4,8,2,900.0,1,12.5,8,100.0,5,499.13,0.1,,,
BZ_h4s3f70p2n9.txt,HLCT,3,4,8,2,900.0,0,0.0,8,100.0,1,101.32,0.0,,,
BZ_h4s3f70p3n1.txt,HLCT,3,4,8,3,900.0,0,0.0,8,100.0,3,289.44,0.0,,,
BZ_h4s3f70p3n10.txt,HLCT,3,4,8,3,900.0,2,25.0,8,100.0,1,102.99,0.0,,,
BZ_h4s3f70p3n11.txt,HLCT,3,4,8,3,900.0,0,0.0,1,12.5,1,105.22,0.1,,,
BZ_h4s3f70p3n12.txt,HLCT,3,4,8,3,900.0,1,12.5,8,100.0,6,603.10,0.1,,,
BZ_h4s3f70p3n13.txt,HLCT,3,4,8,3,900.0,3,37.5,8,100.0,1,108.07,0.0,,,
BZ_h4s3f70p3n14.txt,HLCT,3,4,8,3,900.0,1,12.5,8,100.0,3,289.60,0.0,,,
BZ_h4s3f70p3n15.txt,HLCT,3,4,8,3,900.0,0,0.0,8,100.0,5,464.80,0.1,,,
BZ_h4s3f70p3n16.txt,HLCT,3,4,8,3,900.0,3,37.5,8,100.0,5,499.47,0.1,,,
BZ_h4s3f70p3n17.txt,HLCT,3,4,8,3,900.0,1,12.5,8,100.0,6,598.00,0.1,,,
BZ_h4s3f70p3n18.txt,HLCT,3,4,8,3,900.0,0,0.0,8,100.0,7,646.98,0.1,,,
BZ_h4s3f70p3n19.txt,HLCT,3,4,8,3,900.0,1,12.5,3,37.5,9,866.73,0.1,,,
BZ_h4s3f70p3n2.txt,HLCT,3,4,8,3,900.0,1,12.5,8,100.0,1,96.39,0.0,,,
BZ_h4s3f70p3n20.txt,HLCT,3,4,8,3,900.0,3,37.5,8,100.0,4,381.61,0.1,,,
BZ_h4s3f70p3n3.txt,HLCT,3,4,8,3,900.0,4,50.0,8,100.0,2,219.55,0.0,,,
BZ_h4s3f70p3n4.txt,HLCT,3,4,8,3,900.0,0,0.0,8,100.0,5,485.11,0.0,,,
BZ_h4s3f70p3n5.txt,HLCT,3,4,8,3,900.0,0,0.0,2,25.0,3,288.27,0.1,,,
BZ_h4s3f70p3n6.txt,HLCT,3,4,8,3,900.0,2,25.0,8,100.0,4,394.27,0.0,,,
BZ_h4s3f70p3n7.txt,HLCT,3,4,8,3,900.0,0,0.0,8,100.0,5,504.65,0.1,,,
BZ_h4s3f70p3n8.txt,HLCT,3,4,8,3,900.0,0,0.0,2,25.0,8,783.27,0.1,,,
BZ_h4s3f70p3n9.txt,HLCT,3,4,8,3,900.0,0,0.0,8,100.0,6,575.72,0.1,,,
BZ_h4s3f70p6n1.txt,HLCT,3,4,8,6,900.0,0,0.0,5,62.5,7,701.36,0.1,,,
BZ_h4s3f70p6n10.txt,HLCT,3,4,8,4,900.0,2,25.0,8,100.0,7,701.47,0.1,,,
BZ_h4s3f70p6n11.txt,HLCT,3,4,8,5,900.0,2,25.0,8,100.0,9,856.20,0.1,,,
BZ_h4s3f70p6n12.txt,HLCT,3,4,8,6,900.0,1,12.5,8,100.0,2,200.16,0.0,,,
BZ_h4s3f70p6n13.txt,HLCT,3,4,8,6,900.0,1,12.5,8,100.0,4,388.15,0.1,,,
BZ_h4s3f70p6n14.txt,HLCT,3,4,8,6,900.0,2,25.0,5,62.5,7,718.56,0.2,,,
BZ_h4s3f70p6n15.txt,HLCT,3,4,8,4,900.0,1,12.5,5,62.5,5,483.88,0.1,,,
BZ_h4s3f70p6n16.txt,HLCT,3,4,8,6,900.0,6,75.0,8,100.0,4,402.00,0.0,,,
BZ_h4s3f70p6n17.txt,HLCT,3,4,8,6,900.0,0,0.0,8,100.0,8,780.68,0.1,,,
BZ_h4s3f70p6n18.txt,HLCT,3,4,8,6,900.0,0,0.0,2,25.0,7,702.59,0.1,,,
BZ_h4s3f70p6n19.txt,HLCT,3,4,8,6,900.0,0,0.0,8,100.0,2,184.64,0.0,,,
BZ_h4s3f70p6n2.txt,HLCT,3,4,8,6,900.0,4,50.0,8,100.0,5,500.60,0.1,,,
BZ_h4s3f70p6n20.txt,HLCT,3,4,8,6,900.0,3,37.5,8,100.0,8,815.80,0.1,,,
BZ_h4s3f70p6n3.txt,HLCT,3,4,8,6,900.0,1,12.5,8,100.0,6,572.22,0.1,,,
BZ_h4s3f70p6n4.txt,HLCT,3,4,8,6,900.0,0,0.0,8,100.0,7,714.84,0.1,,,
BZ_h4s3f70p6n5.txt,HLCT,3,4,8,5,900.0,4,50.0,8,100.0,4,409.72,0.1,,,
BZ_h4s3f70p6n6.txt,HLCT,3,4,8,6,900.0,1,12.5,8,100.0,5,492.98,0.1,,,
BZ_h4s3f70p6n7.txt,HLCT,3,4,8,5,900.0,0,0.0,3,37.5,8,791.20,0.1,,,
BZ_h4s3f70p6n8.txt,HLCT,3,4,8,6,900.0,0,0.0,8,100.0,5,504.65,0.1,,,
BZ_h4s3f70p6n9.txt,HLCT,3,4,8,6,900.0,0,0.0,8,100.0,2,182.02,0.0,,,
BZ_h4s5f50p2n1.txt,HLCT,5,4,10,2,900.0,3,30.0,10,100.0,2,206.47,0.0,,,
BZ_h4s5f50p2n10.txt,HLCT,5,4,10,2,900.0,4,40.0,10,100.0,3,323.99,0.0,,,
BZ_h4s5f50p2n11.txt,HLCT,5,4,10,2,900.0,0,0.0,10,100.0,5,499.33,0.0,,,
BZ_h4s5f50p2n12.txt,HLCT,5,4,10,2,900.0,0,0.0,10,100.0,5,567.31,0.1,,,
BZ_h4s5f50p2n13.txt,HLCT,5,4,10,2,900.0,3,30.0,10,100.0,2,211.14,0.0,,,
BZ_h4s5f50p2n14.txt,HLCT,5,4,10,2,900.0,1,10.0,10,100.0,3,300.87,0.0,,,
BZ_h4s5f50p2n15.txt,HLCT,5,4,10,2,900.0,3,30.0,10,100.0,4,431.20,0.1,,,
BZ_h4s5f50p2n16.txt,HLCT,5,4,10,2,900.0,2,20.0,10,100.0,2,200.95,0.0,,,
BZ_h4s5f50p2n17.txt,HLCT,5,4,10,2,900.0,3,30.0,10,100.0,5,529.09,0.1,,,
BZ_h4s5f50p2n18.txt,HLCT,5,4,10,2,900.0,2,20.0,10,100.0,5,544.14,0.1,,,
BZ_h4s5f50p2n19.txt,HLCT,5,4,10,2,900.0,2,20.0,10,100.0,1,118.37,0.0,,,
BZ_h4s5f50p2n2.txt,HLCT,5,4,10,2,900.0,3,30.0,10,100.0,1,117.94,0.0,,,
BZ_h4s5f50p2n20.txt,HLCT,5,4,10,2,900.0,1,10.0,10,100.0,4,437.44,0.0,,,
BZ_h4s5f50p2n3.txt,HLCT,5,4,10,2,900.0,2,20.0,10,100.0,3,301.16,0.0,,,
BZ_h4s5f50p2n4.txt,HLCT,5,4,10,2,900.0,4,40.0,10,100.0,2,185.97,0.0,,,
BZ_h4s5f50p2n5.txt,HLCT,5,4,10,2,900.0,6,60.0,10,100.0,3,308.94,0.0,,,
BZ_h4s5f50p2n6.txt,HLCT,5,4,10,2,900.0,2,20.0,10,100.0,3,312.88,0.0,,,
BZ_h4s5f50p2n7.txt,HLCT,5,4,10,2,900.0,1,10.0,10,100.0,2,220.02,0.0,,,
BZ_h4s5f50p2n8.txt,HLCT,5,4,10,2,900.0,1,10.0,10,100.0,2,193.56,0.0,,,
BZ_h4s5f50p2n9.txt,HLCT,5,4,10,2,900.0,5,50.0,10,100.0,1,105.52,0.0,,,
BZ_h4s5f50p3n1.txt,HLCT,5,4,10,3,900.0,1,10.0,10,100.0,1,99.09,0.0,,,
BZ_h4s5f50p3n10.txt,HLCT,5,4,10,3,900.0,1,10.0,10,100.0,3,330.74,0.0,,,
BZ_h4s5f50p3n11.txt,HLCT,5,4,10,3,900.0,2,20.0,10,100.0,3,319.05,0.0,,,
BZ_h4s5f50p3n12.txt,HLCT,5,4,10,3,900.0,3,30.0,10,100.0,1,119.45,0.0,,,
BZ_h4s5f50p3n13.txt,HLCT,5,4,10,3,900.0,6,60.0,10,100.0,2,251.49,0.0,,,
BZ_h4s5f50p3n14.txt,HLCT,5,4,10,3,900.0,3,30.0,10,100.0,2,179.56,0.0,,,
BZ_h4s5f50p3n15.txt,HLCT,5,4,10,3,900.0,2,20.0,10,100.0,4,406.47,0.1,,,
BZ_h4s5f50p3n16.txt,HLCT,5,4,10,3,900.0,1,10.0,10,100.0,6,668.21,0.1,,,
BZ_h4s5f50p3n17.txt,HLCT,5,4,10,3,900.0,3,30.0,10,100.0,2,230.38,0.0,,,
BZ_h4s5f50p3n18.txt,HLCT,5,4,10,3,900.0,0,0.0,10,100.0,3,306.65,0.0,,,
BZ_h4s5f50p3n19.txt,HLCT,5,4,10,3,900.0,1,10.0,10,100.0,3,302.25,0.0,,,
BZ_h4s5f50p3n2.txt,HLCT,5,4,10,3,900.0,2,20.0,10,100.0,3,305.16,0.0,,,
BZ_h4s5f50p3n20.txt,HLCT,5,4,10,3,900.0,1,10.0,10,100.0,3,312.62,0.1,,,
BZ_h4s5f50p3n3.txt,HLCT,5,4,10,3,900.0,4,40.0,10,100.0,3,305.08,0.0,,,
BZ_h4s5f50p3n4.txt,HLCT,5,4,10,3,900.0,3,30.0,10,100.0,4,430.42,0.1,,,
BZ_h4s5f50p3n5.txt,HLCT,5,4,10,3,900.0,4,40.0,10,100.0,4,486.75,0.1,,,
BZ_h4s5f50p3n6.txt,HLCT,5,4,10,3,900.0,1,10.0,10,100.0,4,466.45,0.0,,,
BZ_h4s5f50p3n7.txt,HLCT,5,4,10,3,900.0,5,50.0,10,100.0,4,485.37,0.0,,,
BZ_h4s5f50p3n8.txt,HLCT,5,4,10,3,900.0,3,30.0,10,100.0,2,211.14,0.0,,,
BZ_h4s5f50p3n9.txt,HLCT,5,4,10,3,900.0,5,50.0,10,100.0,4,443.76,0.1,,,
BZ_h4s5f50p6n1.txt,HLCT,5,4,10,5,900.0,3,30.0,10,100.0,3,338.21,0.0,,,
BZ_h4s5f50p6n10.txt,HLCT,5,4,10,6,900.0,4,40.0,10,100.0,2,209.47,0.0,,,
BZ_h4s5f50p6n11.txt,HLCT,5,4,10,6,900.0,2,20.0,10,100.0,5,537.59,0.1,,,
BZ_h4s5f50p6n12.txt,HLCT,5,4,10,6,900.0,0,0.0,10,100.0,2,216.80,0.0,,,
BZ_h4s5f50p6n13.txt,HLCT,5,4,10,6,900.0,2,20.0,10,100.0,3,324.01,0.1,,,
BZ_h4s5f50p6n14.txt,HLCT,5,4,10,6,900.0,2,20.0,10,100.0,4,458.88,0.1,,,
BZ_h4s5f50p6n15.txt,HLCT,5,4,10,5,900.0,0,0.0,10,100.0,5,531.82,0.1,,,
BZ_h4s5f50p6n16.txt,HLCT,5,4,10,6,900.0,3,30.0,10,100.0,2,224.35,0.0,,,
BZ_h4s5f50p6n17.txt,HLCT,5,4,10,6,900.0,0,0.0,10,100.0,5,557.29,0.1,,,
BZ_h4s5f50p6n18.txt,HLCT,5,4,10,6,900.0,0,0.0,10,100.0,5,516.44,0.1,,,
BZ_h4s5f50p6n19.txt,HLCT,5,4,10,6,900.0,1,10.0,10,100.0,3,340.87,0.1,,,
BZ_h4s5f50p6n2.txt,HLCT,5,4,10,6,900.0,2,20.0,10,100.0,2,197.64,0.0,,,
BZ_h4s5f50p6n20.txt,HLCT,5,4,10,5,900.0,2,20.0,10,100.0,2,214.36,0.0,,,
BZ_h4s5f50p6n3.txt,HLCT,5,4,10,6,900.0,3,30.0,10,100.0,2,239.97,0.0,,,
BZ_h4s5f50p6n4.txt,HLCT,5,4,10,6,900.0,0,0.0,10,100.0,7,794.20,0.2,,,
BZ_h4s5f50p6n5.txt,HLCT,5,4,10,6,900.0,0,0.0,10,100.0,1,113.20,0.0,,,
BZ_h4s5f50p6n6.txt,HLCT,5,4,10,6,900.0,1,10.0,10,100.0,6,635.74,0.1,,,
BZ_h4s5f50p6n7.txt,HLCT,5,4,10,6,900.0,0,0.0,10,100.0,6,643.09,0.2,,,
BZ_h4s5f50p6n8.txt,HLCT,5,4,10,6,900.0,1,10.0,10,100.0,6,636.34,0.2,,,
BZ_h4s5f50p6n9.txt,HLCT,5,4,10,6,900.0,0,0.0,10,100.0,6,653.10,0.1,,,
BZ_h4s5f70p2n1.txt,HLCT,5,4,14,2,900.0,4,28.6,14,100.0,3,259.23,0.1,,,
BZ_h4s5f70p2n10.txt,HLCT,5,4,14,2,900.0,4,28.6,14,100.0,2,188.60,0.0,,,
BZ_h4s5f70p2n11.txt,HLCT,5,4,14,2,900.0,4,28.6,14,100.0,4,381.59,0.0,,,
BZ_h4s5f70p2n12.txt,HLCT,5,4,14,2,900.0,3,21.4,14,100.0,2,191.30,0.0,,,
BZ_h4s5f70p2n13.txt,HLCT,5,4,14,2,900.0,2,14.3,14,100.0,4,407.30,0.0,,,
BZ_h4s5f70p2n14.txt,HLCT,5,4,14,2,900.0,4,28.6,14,100.0,6,612.57,0.1,,,
BZ_h4s5f70p2n15.txt,HLCT,5,4,14,2,900.0,6,42.9,14,100.0,3,290.72,0.0,,,
BZ_h4s5f70p2n16.txt,HLCT,5,4,14,2,900.0,8,57.1,14,100.0,6,610.29,0.1,,,
BZ_h4s5f70p2n17.txt,HLCT,5,4,14,2,900.0,5,35.7,14,100.0,4,381.56,0.0,,,
BZ_h4s5f70p2n18.txt,HLCT,5,4,14,2,900.0,7,50.0,14,100.0,4,411.81,0.0,,,
BZ_h4s5f70p2n19.txt,HLCT,5,4,14,2,900.0,1,7.1,14,100.0,2,192.55,0.0,,,
BZ_h4s5f70p2n2.txt,HLCT,5,4,14,2,900.0,9,64.3,14,100.0,1,106.69,0.0,,,
BZ_h4s5f70p2n20.txt,HLCT,5,4,14,2,900.0,4,28.6,14,100.0,2,171.61,0.0,,,
BZ_h4s5f70p2n3.txt,HLCT,5,4,14,2,900.0,3,21.4,14,100.0,4,405.61,0.0,,,
BZ_h4s5f70p2n4.txt,HLCT,5,4,14,2,900.0,7,50.0,14,100.0,1,107.51,0.0,,,
BZ_h4s5f70p2n5.txt,HLCT,5,4,14,2,900.0,6,42.9,14,100.0,4,430.21,0.0,,,
BZ_h4s5f70p2n6.txt,HLCT,5,4,14,2,900.0,1,7.1,14,100.0,2,199.90,0.0,,,
BZ_h4s5f70p2n7.txt,HLCT,5,4,14,2,900.0,3,21.4,6,42.9,8,821.70,0.1,,,
BZ_h4s5f70p2n8.txt,HLCT,5,4,14,2,900.0,4,28.6,14,100.0,7,743.41,0.1,,,
BZ_h4s5f70p2n9.txt,HLCT,5,4,14,2,900.0,2,14.3,14,100.0,7,712.69,0.1,,,
BZ_h4s5f70p3n1.txt,HLCT,5,4,14,3,900.0,1,7.1,14,100.0,7,714.59,0.2,,,
BZ_h4s5f70p3n10.txt,HLCT,5,4,14,3,900.0,5,35.7,14,100.0,4,464.77,0.1,,,
BZ_h4s5f70p3n11.txt,HLCT,5,4,14,3,900.0,1,7.1,14,100.0,9,892.98,0.1,,,
BZ_h4s5f70p3n12.txt,HLCT,5,4,14,3,900.0,3,21.4,14,100.0,8,803.68,0.1,,,
BZ_h4s5f70p3n13.txt,HLCT,5,4,14,3,900.0,4,28.6,14,100.0,5,495.28,0.1,,,
BZ_h4s5f70p3n14.txt,HLCT,5,4,14,3,900.0,1,7.1,14,100.0,4,363.44,0.1,,,
BZ_h4s5f70p3n15.txt,HLCT,5,4,14,3,900.0,0,0.0,14,100.0,4,410.87,0.1,,,
BZ_h4s5f70p3n16.txt,HLCT,5,4,14,3,900.0,4,28.6,14,100.0,7,682.42,0.1,,,
BZ_h4s5f70p3n17.txt,HLCT,5,4,14,3,900.0,1,7.1,8,57.1,9,885.27,0.1,,,
BZ_h4s5f70p3n18.txt,HLCT,5,4,14,3,900.0,2,14.3,10,71.4,8,826.05,0.1,,,
BZ_h4s5f70p3n19.txt,HLCT,5,4,14,3,900.0,3,21.4,14,100.0,8,792.10,0.1,,,
BZ_h4s5f70p3n2.txt,HLCT,5,4,14,3,900.0,3,21.4,14,100.0,7,668.72,0.1,,,
BZ_h4s5f70p3n20.txt,HLCT,5,4,14,3,900.0,8,57.1,14,100.0,4,383.46,0.1,,,
BZ_h4s5f70p3n3.txt,HLCT,5,4,14,3,900.0,3,21.4,14,100.0,3,334.45,0.0,,,
BZ_h4s5f70p3n4.txt,HLCT,5,4,14,3,900.0,3,21.4,14,100.0,4,386.59,0.0,,,
BZ_h4s5f70p3n5.txt,HLCT,5,4,14,3,900.0,1,7.1,6,42.9,7,695.34,0.1,,,
BZ_h4s5f70p3n6.txt,HLCT,5,4,14,3,900.0,1,7.1,14,100.0,7,709.00,0.1,,,
BZ_h4s5f70p3n7.txt,HLCT,5,4,14,3,900.0,3,21.4,14,100.0,6,598.06,0.1,,,
BZ_h4s5f70p3n8.txt,HLCT,5,4,14,3,900.0,5,35.7,14,100.0,3,285.54,0.0,,,
BZ_h4s5f70p3n9.txt,HLCT,5,4,14,3,900.0,2,14.3,14,100.0,4,392.81,0.1,,,
BZ_h4s5f70p6n1.txt,HLCT,5,4,14,6,900.0,0,0.0,10,71.4,8,776.24,0.2,,,
BZ_h4s5f70p6n10.txt,HLCT,5,4,14,6,900.0,2,14.3,5,35.7,9,893.31,0.2,,,
BZ_h4s5f70p6n11.txt,HLCT,5,4,14,6,900.0,0,0.0,8,57.1,7,740.86,0.2,,,
BZ_h4s5f70p6n12.txt,HLCT,5,4,14,6,900.0,2,14.3,9,64.3,8,835.22,0.2,,,
BZ_h4s5f70p6n13.txt,HLCT,5,4,14,6,900.0,0,0.0,14,100.0,6,666.42,0.2,,,
BZ_h4s5f70p6n14.txt,HLCT,5,4,14,5,900.0,2,14.3,14,100.0,6,636.90,0.1,,,
BZ_h4s5f70p6n15.txt,HLCT,5,4,14,6,900.0,0,0.0,10,71.4,7,681.53,0.2,,,
BZ_h4s5f70p6n16.txt,HLCT,5,4,14,6,900.0,1,7.1,14,100.0,5,459.42,0.1,,,
BZ_h4s5f70p6n17.txt,HLCT,5,4,14,6,900.0,1,7.1,14,100.0,6,576.97,0.2,,,
BZ_h4s5f70p6n18.txt,HLCT,5,4,14,6,900.0,0,0.0,11,78.6,8,765.11,0.2,,,
BZ_h4s5f70p6n19.txt,HLCT,5,4,14,6,900.0,2,14.3,14,100.0,4,408.54,0.1,,,
BZ_h4s5f70p6n2.txt,HLCT,5,4,14,6,900.0,3,21.4,8,57.1,7,709.33,0.2,,,
BZ_h4s5f70p6n20.txt,HLCT,5,4,14,6,900.0,0,0.0,14,100.0,5,495.35,0.1,,,
BZ_h4s5f70p6n3.txt,HLCT,5,4,14,6,900.0,0,0.0,14,100.0,8,783.41,0.2,,,
BZ_h4s5f70p6n4.txt,HLCT,5,4,14,6,900.0,3,21.4,14,100.0,7,708.79,0.1,,,
BZ_h4s5f70p6n5.txt,HLCT,5,4,14,6,900.0,0,0.0,11,78.6,8,784.56,0.2,,,
BZ_h4s5f70p6n6.txt,HLCT,5,4,14,6,900.0,4,28.6,9,64.3,9,886.44,0.1,,,
BZ_h4s5f70p6n7.txt,HLCT,5,4,14,6,900.0,0,0.0,14,100.0,7,708.91,0.2,,,
BZ_h4s5f70p6n8.txt,HLCT,5,4,14,6,900.0,4,28.6,14,100.0,4,414.33,0.1,,,
BZ_h4s5f70p6n9.txt,HLCT,5,4,14,6,900.0,1,7.1,5,35.7,8,799.98,0.2,,,
BZ_h4s7f50p2n1.txt,HLCT,7,4,14,2,900.0,7,50.0,14,100.0,3,322.28,0.0,,,
BZ_h4s7f50p2n10.txt,HLCT,7,4,14,2,900.0,5,35.7,14,100.0,2,218.84,0.0,,,
BZ_h4s7f50p2n11.txt,HLCT,7,4,14,2,900.0,5,35.7,14,100.0,1,107.68,0.0,,,
BZ_h4s7f50p2n12.txt,HLCT,7,4,14,2,900.0,5,35.7,14,100.0,2,183.18,0.0,,,
BZ_h4s7f50p2n13.txt,HLCT,7,4,14,2,900.0,3,21.4,14,100.0,6,610.98,0.1,,,
BZ_h4s7f50p2n14.txt,HLCT,7,4,14,2,900.0,2,14.3,14,100.0,5,502.09,0.1,,,
BZ_h4s7f50p2n15.txt,HLCT,7,4,14,2,900.0,7,50.0,14,100.0,6,619.83,0.1,,,
BZ_h4s7f50p2n16.txt,HLCT,7,4,14,2,900.0,2,14.3,14,100.0,3,316.82,0.0,,,
BZ_h4s7f50p2n17.txt,HLCT,7,4,14,2,900.0,3,21.4,14,100.0,7,771.09,0.1,,,
BZ_h4s7f50p2n18.txt,HLCT,7,4,14,2,900.0,5,35.7,14,100.0,4,398.96,0.0,,,
BZ_h4s7f50p2n19.txt,HLCT,7,4,14,2,900.0,4,28.6,14,100.0,5,556.04,0.1,,,
BZ_h4s7f50p2n2.txt,HLCT,7,4,14,2,900.0,6,42.9,14,100.0,1,93.95,0.0,,,
BZ_h4s7f50p2n20.txt,HLCT,7,4,14,2,900.0,5,35.7,14,100.0,2,184.12,0.0,,,
BZ_h4s7f50p2n3.txt,HLCT,7,4,14,2,900.0,8,57.1,14,100.0,3,334.68,0.0,,,
BZ_h4s7f50p2n4.txt,HLCT,7,4,14,2,900.0,3,21.4,14,100.0,2,193.39,0.0,,,
BZ_h4s7f50p2n5.txt,HLCT,7,4,14,2,900.0,3,21.4,14,100.0,2,192.29,0.0,,,
BZ_h4s7f50p2n6.txt,HLCT,7,4,14,2,900.0,3,21.4,14,100.0,6,611.74,0.1,,,
BZ_h4s7f50p2n7.txt,HLCT,7,4,14,2,900.0,3,21.4,14,100.0,6,637.81,0.1,,,
BZ_h4s7f50p2n8.txt,HLCT,7,4,14,2,900.0,4,28.6,14,100.0,2,218.10,0.0,,,
BZ_h4s7f50p2n9.txt,HLCT,7,4,14,2,900.0,7,50.0,14,100.0,2,237.33,0.0,,,
BZ_h4s7f50p3n1.txt,HLCT,7,4,14,3,900.0,3,21.4,14,100.0,6,635.45,0.1,,,
BZ_h4s7f50p3n10.txt,HLCT,7,4,14,3,900.0,1,7.1,14,100.0,3,320.68,0.0,,,
BZ_h4s7f50p3n11.txt,HLCT,7,4,14,3,900.0,4,28.6,14,100.0,4,430.35,0.1,,,
BZ_h4s7f50p3n12.txt,HLCT,7,4,14,3,900.0,2,14.3,14,100.0,5,527.45,0.1,,,
BZ_h4s7f50p3n13.txt,HLCT,7,4,14,3,900.0,4,28.6,14,100.0,4,483.88,0.1,,,
BZ_h4s7f50p3n14.txt,HLCT,7,4,14,3,900.0,1,7.1,14,100.0,6,652.20,0.1,,,
BZ_h4s7f50p3n15.txt,HLCT,7,4,14,3,900.0,1,7.1,14,100.0,4,421.68,0.1,,,
BZ_h4s7f50p3n16.txt,HLCT,7,4,14,3,900.0,2,14.3,14,100.0,3,286.80,0.0,,,
BZ_h4s7f50p3n17.txt,HLCT,7,4,14,3,900.0,2,14.3,14,100.0,2,200.02,0.0,,,
BZ_h4s7f50p3n18.txt,HLCT,7,4,14,3,900.0,8,57.1,14,100.0,2,245.15,0.0,,,
BZ_h4s7f50p3n19.txt,HLCT,7,4,14,3,900.0,3,21.4,14,100.0,4,434.07,0.1,,,
BZ_h4s7f50p3n2.txt,HLCT,7,4,14,3,900.0,5,35.7,14,100.0,6,623.58,0.1,,,
BZ_h4s7f50p3n20.txt,HLCT,7,4,14,3,900.0,2,14.3,14,100.0,5,523.58,0.1,,,
BZ_h4s7f50p3n3.txt,HLCT,7,4,14,3,900.0,1,7.1,14,100.0,6,656.55,0.1,,,
BZ_h4s7f50p3n4.txt,HLCT,7,4,14,3,900.0,3,21.4,14,100.0,7,713.19,0.1,,,
BZ_h4s7f50p3n5.txt,HLCT,7,4,14,3,900.0,4,28.6,14,100.0,4,431.34,0.1,,,
BZ_h4s7f50p3n6.txt,HLCT,7,4,14,3,900.0,5,35.7,14,100.0,3,319.07,0.1,,,
BZ_h4s7f50p3n7.txt,HLCT,7,4,14,3,900.0,2,14.3,14,100.0,2,219.28,0.0,,,
BZ_h4s7f50p3n8.txt,HLCT,7,4,14,3,900.0,0,0.0,14,100.0,4,418.91,0.0,,,
BZ_h4s7f50p3n9.txt,HLCT,7,4,14,3,900.0,7,50.0,14,100.0,3,314.30,0.0,,,
BZ_h4s7f50p6n1.txt,HLCT,7,4,14,5,900.0,2,14.3,14,100.0,5,519.87,0.1,,,
BZ_h4s7f50p6n10.txt,HLCT,7,4,14,6,900.0,1,7.1,14,100.0,4,411.95,0.1,,,
BZ_h4s7f50p6n11.txt,HLCT,7,4,14,6,900.0,1,7.1,14,100.0,6,612.68,0.2,,,
BZ_h4s7f50p6n12.txt,HLCT,7,4,14,6,900.0,3,21.4,14,100.0,4,422.97,0.1,,,
BZ_h4s7f50p6n13.txt,HLCT,7,4,14,6,900.0,0,0.0,14,100.0,5,557.66,0.1,,,
BZ_h4s7f50p6n14.txt,HLCT,7,4,14,6,900.0,5,35.7,14,100.0,2,214.27,0.1,,,
BZ_h4s7f50p6n15.txt,HLCT,7,4,14,6,900.0,0,0.0,14,100.0,7,758.64,0.2,,,
BZ_h4s7f50p6n16.txt,HLCT,7,4,14,6,900.0,2,14.3,14,100.0,4,454.40,0.1,,,
BZ_h4s7f50p6n17.txt,HLCT,7,4,14,6,900.0,2,14.3,14,100.0,6,622.27,0.3,,,
BZ_h4s7f50p6n18.txt,HLCT,7,4,14,6,900.0,0,0.0,14,100.0,5,541.47,0.1,,,
BZ_h4s7f50p6n19.txt,HLCT,7,4,14,6,900.0,0,0.0,14,100.0,5,558.41,0.1,,,
BZ_h4s7f50p6n2.txt,HLCT,7,4,14,6,900.0,4,28.6,14,100.0,1,125.16,0.0,,,
BZ_h4s7f50p6n20.txt,HLCT,7,4,14,6,900.0,1,7.1,14,100.0,5,536.35,0.1,,,
BZ_h4s7f50p6n3.txt,HLCT,7,4,14,6,900.0,1,7.1,14,100.0,5,488.83,0.2,,,
BZ_h4s7f50p6n4.txt,HLCT,7,4,14,6,900.0,5,35.7,14,100.0,5,546.15,0.1,,,
BZ_h4s7f50p6n5.txt,HLCT,7,4,14,6,900.0,1,7.1,14,100.0,2,224.82,0.0,,,
BZ_h4s7f50p6n6.txt,HLCT,7,4,14,6,900.0,5,35.7,11,78.6,7,818.70,0.2,,,
BZ_h4s7f50p6n7.txt,HLCT,7,4,14,6,900.0,0,0.0,14,100.0,3,295.70,0.1,,,
BZ_h4s7f50p6n8.txt,HLCT,7,4,14,6,900.0,0,0.0,14,100.0,7,762.45,0.2,,,
BZ_h4s7f50p6n9.txt,HLCT,7,4,14,6,900.0,3,21.4,14,100.0,4,439.12,0.1,,,
BZ_h4s7f70p2n1.txt,HLCT,7,4,19,2,900.0,8,42.1,19,100.0,4,443.74,0.0,,,
BZ_h4s7f70p2n10.txt,HLCT,7,4,19,2,900.0,8,42.1,19,100.0,1,101.56,0.0,,,
BZ_h4s7f70p2n11.txt,HLCT,7,4,19,2,900.0,4,21.1,19,100.0,4,390.08,0.0,,,
BZ_h4s7f70p2n12.txt,HLCT,7,4,19,2,900.0,5,26.3,19,100.0,5,512.06,0.1,,,
BZ_h4s7f70p2n13.txt,HLCT,7,4,19,2,900.0,8,42.1,19,100.0,6,590.79,0.1,,,
BZ_h4s7f70p2n14.txt,HLCT,7,4,19,2,900.0,4,21.1,19,100.0,2,193.10,0.0,,,
BZ_h4s7f70p2n15.txt,HLCT,7,4,19,2,900.0,7,36.8,19,100.0,6,611.55,0.1,,,
BZ_h4s7f70p2n16.txt,HLCT,7,4,19,2,900.0,4,21.1,10,52.6,8,868.22,0.1,,,
BZ_h4s7f70p2n17.txt,HLCT,7,4,19,2,900.0,4,21.1,19,100.0,3,271.93,0.0,,,
BZ_h4s7f70p2n18.txt,HLCT,7,4,19,2,900.0,1,5.3,7,36.8,8,778.92,0.1,,,
BZ_h4s7f70p2n19.txt,HLCT,7,4,19,2,900.0,4,21.1,19,100.0,7,769.95,0.1,,,
BZ_h4s7f70p2n2.txt,HLCT,7,4,19,2,900.0,4,21.1,7,36.8,7,798.33,0.1,,,
BZ_h4s7f70p2n20.txt,HLCT,7,4,19,2,900.0,5,26.3,12,63.2,7,684.86,0.1,,,
BZ_h4s7f70p2n3.txt,HLCT,7,4,19,2,900.0,9,47.4,19,100.0,2,184.55,0.0,,,
BZ_h4s7f70p2n4.txt,HLCT,7,4,19,2,900.0,6,31.6,19,100.0,5,520.86,0.1,,,
BZ_h4s7f70p2n5.txt,HLCT,7,4,19,2,900.0,8,42.1,19,100.0,1,95.87,0.0,,,
BZ_h4s7f70p2n6.txt,HLCT,7,4,19,2,900.0,2,10.5,8,42.1,8,869.90,0.1,,,
BZ_h4s7f70p2n7.txt,HLCT,7,4,19,2,900.0,9,47.4,19,100.0,8,876.52,0.1,,,
BZ_h4s7f70p2n8.txt,HLCT,7,4,19,2,900.0,10,52.6,19,100.0,2,215.24,0.0,,,
BZ_h4s7f70p2n9.txt,HLCT,7,4,19,2,900.0,4,21.1,19,100.0,2,193.92,0.0,,,
BZ_h4s7f70p3n1.txt,HLCT,7,4,19,3,900.0,4,21.1,19,100.0,2,213.04,0.0,,,
BZ_h4s7f70p3n10.txt,HLCT,7,4,19,3,900.0,4,21.1,19,100.0,8,815.66,0.1,,,
BZ_h4s7f70p3n11.txt,HLCT,7,4,19,3,900.0,3,15.8,19,100.0,6,625.52,0.1,,,
BZ_h4s7f70p3n12.txt,HLCT,7,4,19,3,900.0,4,21.1,19,100.0,4,452.04,0.1,,,
BZ_h4s7f70p3n13.txt,HLCT,7,4,19,3,900.0,2,10.5,19,100.0,3,301.85,0.0,,,
BZ_h4s7f70p3n14.txt,HLCT,7,4,19,3,900.0,10,52.6,19,100.0,7,721.04,0.1,,,
BZ_h4s7f70p3n15.txt,HLCT,7,4,19,3,900.0,2,10.5,19,100.0,8,883.36,0.1,,,
BZ_h4s7f70p3n16.txt,HLCT,7,4,19,3,900.0,1,5.3,12,63.2,8,848.77,0.2,,,
BZ_h4s7f70p3n17.txt,HLCT,7,4,19,3,900.0,3,15.8,10,52.6,8,834.12,0.1,,,
BZ_h4s7f70p3n18.txt,HLCT,7,4,19,3,900.0,6,31.6,8,42.1,7,754.56,0.1,,,
BZ_h4s7f70p3n19.txt,HLCT,7,4,19,3,900.0,9,47.4,19,100.0,4,438.17,0.1,,,
BZ_h4s7f70p3n2.txt,HLCT,7,4,19,3,900.0,0,0.0,19,100.0,6,643.01,0.1,,,
BZ_h4s7f70p3n20.txt,HLCT,7,4,19,3,900.0,6,31.6,19,100.0,7,782.77,0.1,,,
BZ_h4s7f70p3n3.txt,HLCT,7,4,19,3,900.0,4,21.1,13,68.4,8,867.49,0.2,,,
BZ_h4s7f70p3n4.txt,HLCT,7,4,19,3,900.0,1,5.3,19,100.0,3,315.93,0.0,,,
BZ_h4s7f70p3n5.txt,HLCT,7,4,19,3,900.0,1,5.3,19,100.0,8,786.02,0.1,,,
BZ_h4s7f70p3n6.txt,HLCT,7,4,19,3,900.0,4,21.1,19,100.0,8,843.99,0.1,,,
BZ_h4s7f70p3n7.txt,HLCT,7,4,19,3,900.0,5,26.3,19,100.0,7,790.80,0.1,,,
BZ_h4s7f70p3n8.txt,HLCT,7,4,19,3,900.0,2,10.5,7,36.8,8,834.17,0.1,,,
BZ_h4s7f70p3n9.txt,HLCT,7,4,19,3,900.0,4,21.1,19,100.0,6,615.05,0.1,,,
BZ_h4s7f70p6n1.txt,HLCT,7,4,19,6,900.0,2,10.5,10,52.6,8,839.39,0.3,,,
BZ_h4s7f70p6n10.txt,HLCT,7,4,19,6,900.0,1,5.3,11,57.9,8,811.88,0.3,,,
BZ_h4s7f70p6n11.txt,HLCT,7,4,19,6,900.0,1,5.3,11,57.9,7,679.34,0.2,,,
BZ_h4s7f70p6n12.txt,HLCT,7,4,19,6,900.0,3,15.8,19,100.0,6,608.28,0.2,,,
BZ_h4s7f70p6n13.txt,HLCT,7,4,19,6,900.0,0,0.0,11,57.9,8,831.57,0.2,,,
BZ_h4s7f70p6n14.txt,HLCT,7,4,19,6,900.0,0,0.0,19,100.0,7,714.75,0.3,,,
BZ_h4s7f70p6n15.txt,HLCT,7,4,19,6,900.0,2,10.5,7,36.8,8,788.18,0.3,,,
BZ_h4s7f70p6n16.txt,HLCT,7,4,19,6,900.0,0,0.0,19,100.0,8,782.34,0.3,,,
BZ_h4s7f70p6n17.txt,HLCT,7,4,19,6,900.0,2,10.5,19,100.0,5,553.56,0.2,,,
BZ_h4s7f70p6n18.txt,HLCT,7,4,19,6,900.0,0,0.0,7,36.8,8,851.58,0.2,,,
BZ_h4s7f70p6n19.txt,HLCT,7,4,19,6,900.0,0,0.0,13,68.4,7,740.28,0.2,,,
BZ_h4s7f70p6n2.txt,HLCT,7,4,19,6,900.0,1,5.3,8,42.1,7,754.08,0.2,,,
BZ_h4s7f70p6n20.txt,HLCT,7,4,19,6,900.0,2,10.5,19,100.0,7,736.08,0.2,,,
BZ_h4s7f70p6n3.txt,HLCT,7,4,19,6,900.0,2,10.5,10,52.6,8,870.99,0.2,,,
BZ_h4s7f70p6n4.txt,HLCT,7,4,19,6,900.0,1,5.3,19,100.0,5,482.31,0.2,,,
BZ_h4s7f70p6n5.txt,HLCT,7,4,19,6,900.0,0,0.0,19,100.0,5,486.47,0.1,,,
BZ_h4s7f70p6n6.txt,HLCT,7,4,19,6,900.0,3,15.8,8,42.1,8,880.95,0.2,,,
BZ_h4s7f70p6n7.txt,HLCT,7,4,19,6,900.0,0,0.0,19,100.0,8,829.75,0.3,,,
BZ_h4s7f70p6n8.txt,HLCT,7,4,19,6,900.0,1,5.3,19,100.0,5,517.87,0.2,,,
BZ_h4s7f70p6n9.txt,HLCT,7,4,19,6,900.0,1,5.3,15,78.9,8,790.81,0.2,,,
BZ_h4s9f50p2n1.txt,HLCT,9,4,18,2,900.0,6,33.3,18,100.0,2,225.37,0.0,,,
BZ_h4s9f50p2n10.txt,HLCT,9,4,18,2,900.0,8,44.4,18,100.0,3,308.66,0.0,,,
BZ_h4s9f50p2n11.txt,HLCT,9,4,18,2,900.0,1,5.6,18,100.0,4,421.60,0.0,,,
BZ_h4s9f50p2n12.txt,HLCT,9,4,18,2,900.0,3,16.7,18,100.0,4,420.31,0.0,,,
BZ_h4s9f50p2n13.txt,HLCT,9,4,18,2,900.0,7,38.9,18,100.0,5,547.42,0.1,,,
BZ_h4s9f50p2n14.txt,HLCT,9,4,18,2,900.0,9,50.0,18,100.0,2,216.21,0.0,,,
BZ_h4s9f50p2n15.txt,HLCT,9,4,18,2,900.0,6,33.3,18,100.0,1,126.67,0.0,,,
BZ_h4s9f50p2n16.txt,HLCT,9,4,18,2,900.0,5,27.8,18,100.0,5,511.28,0.1,,,
BZ_h4s9f50p2n17.txt,HLCT,9,4,18,2,900.0,6,33.3,18,100.0,4,410.31,0.1,,,
BZ_h4s9f50p2n18.txt,HLCT,9,4,18,2,900.0,3,16.7,18,100.0,5,525.38,0.1,,,
BZ_h4s9f50p2n19.txt,HLCT,9,4,18,2,900.0,4,22.2,18,100.0,4,440.65,0.0,,,
BZ_h4s9f50p2n2.txt,HLCT,9,4,18,2,900.0,2,11.1,18,100.0,3,304.29,0.0,,,
BZ_h4s9f50p2n20.txt,HLCT,9,4,18,2,900.0,3,16.7,18,100.0,2,208.51,0.0,,,
BZ_h4s9f50p2n3.txt,HLCT,9,4,18,2,900.0,8,44.4,18,100.0,4,422.76,0.1,,,
BZ_h4s9f50p2n4.txt,HLCT,9,4,18,2,900.0,7,38.9,18,100.0,7,752.45,0.1,,,
BZ_h4s9f50p2n5.txt,HLCT,9,4,18,2,900.0,7,38.9,18,100.0,2,203.60,0.0,,,
BZ_h4s9f50p2n6.txt,HLCT,9,4,18,2,900.0,6,33.3,18,100.0,6,643.32,0.1,,,
BZ_h4s9f50p2n7.txt,HLCT,9,4,18,2,900.0,9,50.0,18,100.0,1,102.58,0.0,,,
BZ_h4s9f50p2n8.txt,HLCT,9,4,18,2,900.0,7,38.9,18,100.0,3,322.43,0.0,,,
BZ_h4s9f50p2n9.txt,HLCT,9,4,18,2,900.0,10,55.6,18,100.0,3,349.95,0.0,,,
BZ_h4s9f50p3n1.txt,HLCT,9,4,18,3,900.0,5,27.8,18,100.0,6,641.89,0.1,,,
BZ_h4s9f50p3n10.txt,HLCT,9,4,18,3,900.0,0,0.0,18,100.0,8,828.41,0.1,,,
BZ_h4s9f50p3n11.txt,HLCT,9,4,18,3,900.0,5,27.8,18,100.0,6,635.85,0.1,,,
BZ_h4s9f50p3n12.txt,HLCT,9,4,18,3,900.0,5,27.8,18,100.0,7,775.24,0.1,,,
BZ_h4s9f50p3n13.txt,HLCT,9,4,18,3,900.0,3,16.7,18,100.0,4,436.80,0.1,,,
BZ_h4s9f50p3n14.txt,HLCT,9,4,18,3,900.0,3,16.7,18,100.0,3,346.69,0.0,,,
BZ_h4s9f50p3n15.txt,HLCT,9,4,18,3,900.0,4,22.2,18,100.0,4,424.85,0.1,,,
BZ_h4s9f50p3n16.txt,HLCT,9,4,18,3,900.0,5,27.8,18,100.0,4,375.51,0.1,,,
BZ_h4s9f50p3n17.txt,HLCT,9,4,18,3,900.0,5,27.8,18,100.0,4,453.62,0.1,,,
BZ_h4s9f50p3n18.txt,HLCT,9,4,18,3,900.0,1,5.6,18,100.0,7,775.81,0.2,,,
BZ_h4s9f50p3n19.txt,HLCT,9,4,18,3,900.0,3,16.7,13,72.2,7,802.49,0.1,,,
BZ_h4s9f50p3n2.txt,HLCT,9,4,18,3,900.0,3,16.7,18,100.0,7,729.36,0.1,,,
BZ_h4s9f50p3n20.txt,HLCT,9,4,18,3,900.0,7,38.9,18,100.0,3,353.07,0.0,,,
BZ_h4s9f50p3n3.txt,HLCT,9,4,18,3,900.0,5,27.8,18,100.0,2,241.20,0.0,,,
BZ_h4s9f50p3n4.txt,HLCT,9,4,18,3,900.0,0,0.0,18,100.0,6,645.97,0.1,,,
BZ_h4s9f50p3n5.txt,HLCT,9,4,18,3,900.0,6,33.3,18,100.0,3,346.03,0.1,,,
BZ_h4s9f50p3n6.txt,HLCT,9,4,18,3,900.0,5,27.8,18,100.0,1,134.39,0.0,,,
BZ_h4s9f50p3n7.txt,HLCT,9,4,18,3,900.0,3,16.7,18,100.0,4,435.29,0.1,,,
BZ_h4s9f50p3n8.txt,HLCT,9,4,18,3,900.0,0,0.0,18,100.0,5,554.21,0.1,,,
BZ_h4s9f50p3n9.txt,HLCT,9,4,18,3,900.0,2,11.1,18,100.0,4,422.57,0.1,,,
BZ_h4s9f50p6n1.txt,HLCT,9,4,18,6,900.0,8,44.4,18,100.0,4,472.80,0.1,,,
BZ_h4s9f50p6n10.txt,HLCT,9,4,18,6,900.0,2,11.1,18,100.0,8,864.07,0.3,,,
BZ_h4s9f50p6n11.txt,HLCT,9,4,18,5,900.0,3,16.7,18,100.0,6,675.51,0.2,,,
BZ_h4s9f50p6n12.txt,HLCT,9,4,18,6,900.0,3,16.7,18,100.0,7,769.95,0.3,,,
BZ_h4s9f50p6n13.txt,HLCT,9,4,18,6,900.0,2,11.1,18,100.0,7,729.24,0.2,,,
BZ_h4s9f50p6n14.txt,HLCT,9,4,18,6,900.0,3,16.7,18,100.0,6,671.29,0.3,,,
BZ_h4s9f50p6n15.txt,HLCT,9,4,18,6,900.0,0,0.0,18,100.0,4,430.51,0.1,,,
BZ_h4s9f50p6n16.txt,HLCT,9,4,18,6,900.0,1,5.6,11,61.1,8,887.79,0.2,,,
BZ_h4s9f50p6n17.txt,HLCT,9,4,18,6,900.0,2,11.1,18,100.0,7,709.72,0.2,,,
BZ_h4s9f50p6n18.txt,HLCT,9,4,18,6,900.0,3,16.7,18,100.0,6,636.29,0.2,,,
BZ_h4s9f50p6n19.txt,HLCT,9,4,18,6,900.0,2,11.1,18,100.0,6,646.46,0.2,,,
BZ_h4s9f50p6n2.txt,HLCT,9,4,18,6,900.0,0,0.0,18,100.0,6,693.54,0.2,,,
BZ_h4s9f50p6n20.txt,HLCT,9,4,18,6,900.0,1,5.6,18,100.0,5,566.61,0.2,,,
BZ_h4s9f50p6n3.txt,HLCT,9,4,18,6,900.0,3,16.7,6,33.3,8,872.47,0.2,,,
BZ_h4s9f50p6n4.txt,HLCT,9,4,18,6,900.0,1,5.6,18,100.0,8,881.75,0.3,,,
BZ_h4s9f50p6n5.txt,HLCT,9,4,18,6,900.0,1,5.6,18,100.0,7,736.84,0.3,,,
BZ_h4s9f50p6n6.txt,HLCT,9,4,18,6,900.0,0,0.0,18,100.0,5,544.47,0.2,,,
BZ_h4s9f50p6n7.txt,HLCT,9,4,18,6,900.0,1,5.6,18,100.0,7,757.50,0.3,,,
BZ_h4s9f50p6n8.txt,HLCT,9,4,18,6,900.0,5,27.8,13,72.2,6,668.03,0.2,,,
BZ_h4s9f50p6n9.txt,HLCT,9,4,18,6,900.0,2,11.1,18,100.0,7,824.67,0.2,,,
BZ_h4s9f70p2n1.txt,HLCT,9,4,25,2,900.0,12,48.0,25,100.0,6,671.93,0.1,,,
BZ_h4s9f70p2n10.txt,HLCT,9,4,25,2,900.0,9,36.0,25,100.0,7,781.99,0.1,,,
BZ_h4s9f70p2n11.txt,HLCT,9,4,25,2,900.0,7,28.0,25,100.0,3,297.99,0.0,,,
BZ_h4s9f70p2n12.txt,HLCT,9,4,25,2,900.0,9,36.0,25,100.0,6,642.35,0.1,,,
BZ_h4s9f70p2n13.txt,HLCT,9,4,25,2,900.0,2,8.0,5,20.0,8,826.41,0.1,,,
BZ_h4s9f70p2n14.txt,HLCT,9,4,25,2,900.0,8,32.0,25,100.0,8,798.35,0.1,,,
BZ_h4s9f70p2n15.txt,HLCT,9,4,25,2,900.0,9,36.0,13,52.0,8,784.22,0.1,,,
BZ_h4s9f70p2n16.txt,HLCT,9,4,25,2,900.0,9,36.0,25,100.0,3,319.52,0.0,,,
BZ_h4s9f70p2n17.txt,HLCT,9,4,25,2,900.0,8,32.0,25,100.0,4,393.59,0.1,,,
BZ_h4s9f70p2n18.txt,HLCT,9,4,25,2,900.0,9,36.0,25,100.0,8,894.30,0.1,,,
BZ_h4s9f70p2n19.txt,HLCT,9,4,25,2,900.0,3,12.0,25,100.0,8,896.03,0.1,,,
BZ_h4s9f70p2n2.txt,HLCT,9,4,25,2,900.0,14,56.0,25,100.0,8,830.73,0.1,,,
BZ_h4s9f70p2n20.txt,HLCT,9,4,25,2,900.0,11,44.0,25,100.0,4,435.06,0.0,,,
BZ_h4s9f70p2n3.txt,HLCT,9,4,25,2,900.0,5,20.0,9,36.0,8,805.99,0.1,,,
BZ_h4s9f70p2n4.txt,HLCT,9,4,25,2,900.0,4,16.0,25,100.0,7,723.10,0.1,,,
BZ_h4s9f70p2n5.txt,HLCT,9,4,25,2,900.0,13,52.0,16,64.0,8,862.49,0.1,,,
BZ_h4s9f70p2n6.txt,HLCT,9,4,25,2,900.0,10,40.0,25,100.0,7,710.94,0.1,,,
BZ_h4s9f70p2n7.txt,HLCT,9,4,25,2,900.0,4,16.0,25,100.0,8,786.04,0.1,,,
BZ_h4s9f70p2n8.txt,HLCT,9,4,25,2,900.0,3,12.0,25,100.0,6,567.42,0.1,,,
BZ_h4s9f70p2n9.txt,HLCT,9,4,25,2,900.0,9,36.0,25,100.0,5,489.56,0.1,,,
BZ_h4s9f70p3n1.txt,HLCT,9,4,25,3,900.0,1,4.0,8,32.0,8,825.18,0.2,,,
BZ_h4s9f70p3n10.txt,HLCT,9,4,25,3,900.0,4,16.0,17,68.0,8,857.74,0.1,,,
BZ_h4s9f70p3n11.txt,HLCT,9,4,25,3,900.0,4,16.0,10,40.0,8,838.73,0.2,,,
BZ_h4s9f70p3n12.txt,HLCT,9,4,25,3,900.0,5,20.0,25,100.0,5,489.44,0.1,,,
BZ_h4s9f70p3n13.txt,HLCT,9,4,25,3,900.0,4,16.0,25,100.0,7,792.04,0.1,,,
BZ_h4s9f70p3n14.txt,HLCT,9,4,25,3,900.0,6,24.0,25,100.0,7,719.84,0.2,,,
BZ_h4s9f70p3n15.txt,HLCT,9,4,25,3,900.0,9,36.0,25,100.0,8,817.65,0.2,,,
BZ_h4s9f70p3n16.txt,HLCT,9,4,25,3,900.0,5,20.0,9,36.0,8,764.81,0.2,,,
BZ_h4s9f70p3n17.txt,HLCT,9,4,25,3,900.0,4,16.0,25,100.0,6,595.46,0.1,,,
BZ_h4s9f70p3n18.txt,HLCT,9,4,25,3,900.0,2,8.0,25,100.0,5,540.40,0.1,,,
BZ_h4s9f70p3n19.txt,HLCT,9,4,25,3,900.0,2,8.0,25,100.0,7,738.65,0.2,,,
BZ_h4s9f70p3n2.txt,HLCT,9,4,25,3,900.0,8,32.0,15,60.0,8,853.83,0.2,,,
BZ_h4s9f70p3n20.txt,HLCT,9,4,25,3,900.0,5,20.0,19,76.0,8,813.35,0.2,,,
BZ_h4s9f70p3n3.txt,HLCT,9,4,25,3,900.0,6,24.0,25,100.0,8,746.14,0.2,,,
BZ_h4s9f70p3n4.txt,HLCT,9,4,25,3,900.0,5,20.0,9,36.0,7,696.30,0.2,,,
BZ_h4s9f70p3n5.txt,HLCT,9,4,25,3,900.0,1,4.0,13,52.0,8,857.65,0.2,,,
BZ_h4s9f70p3n6.txt,HLCT,9,4,25,3,900.0,2,8.0,9,36.0,8,841.95,0.2,,,
BZ_h4s9f70p3n7.txt,HLCT,9,4,25,3,900.0,5,20.0,25,100.0,7,750.30,0.1,,,
BZ_h4s9f70p3n8.txt,HLCT,9,4,25,3,900.0,7,28.0,12,48.0,8,808.23,0.1,,,
BZ_h4s9f70p3n9.txt,HLCT,9,4,25,3,900.0,1,4.0,5,20.0,8,823.51,0.2,,,
BZ_h4s9f70p6n1.txt,HLCT,9,4,25,6,900.0,2,8.0,6,24.0,8,833.18,0.2,,,
BZ_h4s9f70p6n10.txt,HLCT,9,4,25,6,900.0,1,4.0,10,40.0,8,820.23,0.3,,,
BZ_h4s9f70p6n11.txt,HLCT,9,4,25,6,900.0,2,8.0,16,64.0,9,888.93,0.3,,,
BZ_h4s9f70p6n12.txt,HLCT,9,4,25,6,900.0,3,12.0,25,100.0,7,695.04,0.3,,,
BZ_h4s9f70p6n13.txt,HLCT,9,4,25,6,900.0,4,16.0,10,40.0,8,849.17,0.3,,,
BZ_h4s9f70p6n14.txt,HLCT,9,4,25,6,900.0,3,12.0,9,36.0,7,776.03,0.3,,,
BZ_h4s9f70p6n15.txt,HLCT,9,4,25,6,900.0,0,0.0,17,68.0,7,648.48,0.3,,,
BZ_h4s9f70p6n16.txt,HLCT,9,4,25,6,900.0,2,8.0,25,100.0,8,795.24,0.3,,,
BZ_h4s9f70p6n17.txt,HLCT,9,4,25,6,900.0,1,4.0,11,44.0,8,828.19,0.2,,,
BZ_h4s9f70p6n18.txt,HLCT,9,4,25,6,900.0,5,20.0,11,44.0,8,846.56,0.3,,,
BZ_h4s9f70p6n19.txt,HLCT,9,4,25,6,900.0,2,8.0,15,60.0,8,808.49,0.3,,,
BZ_h4s9f70p6n2.txt,HLCT,9,4,25,6,900.0,1,4.0,7,28.0,7,735.89,0.3,,,
BZ_h4s9f70p6n20.txt,HLCT,9,4,25,6,900.0,2,8.0,7,28.0,8,755.40,0.3,,,
BZ_h4s9f70p6n3.txt,HLCT,9,4,25,6,900.0,1,4.0,6,24.0,8,798.02,0.3,,,
BZ_h4s9f70p6n4.txt,HLCT,9,4,25,6,900.0,3,12.0,11,44.0,8,857.37,0.3,,,
BZ_h4s9f70p6n5.txt,HLCT,9,4,25,6,900.0,2,8.0,8,32.0,7,712.89,0.3,,,
BZ_h4s9f70p6n6.txt,HLCT,9,4,25,6,900.0,1,4.0,12,48.0,8,862.71,0.3,,,
BZ_h4s9f70p6n7.txt,HLCT,9,4,25,6,900.0,1,4.0,7,28.0,8,776.16,0.3,,,
BZ_h4s9f70p6n8.txt,HLCT,9,4,25,6,900.0,1,4.0,22,88.0,8,814.13,0.3,,,
BZ_h4s9f70p6n9.txt,HLCT,9,4,25,6,900.0,0,0.0,4,16.0,8,819.22,0.3,,,
BZ_h6s3f50p2n1.txt,HLCT,3,6,9,2,900.0,4,44.4,9,100.0,6,762.36,0.0,,,
BZ_h6s3f50p2n10.txt,HLCT,3,6,9,2,900.0,3,33.3,9,100.0,4,514.45,0.0,,,
BZ_h6s3f50p2n11.txt,HLCT,3,6,9,2,900.0,6,66.7,9,100.0,1,159.34,0.0,,,
BZ_h6s3f50p2n12.txt,HLCT,3,6,9,2,900.0,2,22.2,9,100.0,2,252.68,0.0,,,
BZ_h6s3f50p2n13.txt,HLCT,3,6,9,2,900.0,5,55.6,9,100.0,4,484.12,0.0,,,
BZ_h6s3f50p2n14.txt,HLCT,3,6,9,2,900.0,2,22.2,9,100.0,4,532.26,0.0,,,
BZ_h6s3f50p2n15.txt,HLCT,3,6,9,2,900.0,0,0.0,9,100.0,2,259.53,0.0,,,
BZ_h6s3f50p2n16.txt,HLCT,3,6,9,2,900.0,4,44.4,9,100.0,3,394.73,0.0,,,
BZ_h6s3f50p2n17.txt,HLCT,3,6,9,2,900.0,3,33.3,9,100.0,4,503.62,0.0,,,
BZ_h6s3f50p2n18.txt,HLCT,3,6,9,2,900.0,0,0.0,1,11.1,2,251.12,0.0,,,
BZ_h6s3f50p2n19.txt,HLCT,3,6,9,2,900.0,2,22.2,9,100.0,5,655.25,0.0,,,
BZ_h6s3f50p2n2.txt,HLCT,3,6,9,2,900.0,2,22.2,9,100.0,5,643.26,0.1,,,
BZ_h6s3f50p2n20.txt,HLCT,3,6,9,2,900.0,1,11.1,9,100.0,4,508.98,0.0,,,
BZ_h6s3f50p2n3.txt,HLCT,3,6,9,2,900.0,2,22.2,9,100.0,5,722.67,0.1,,,
BZ_h6s3f50p2n4.txt,HLCT,3,6,9,2,900.0,3,33.3,4,44.4,6,777.83,0.0,,,
BZ_h6s3f50p2n5.txt,HLCT,3,6,9,2,900.0,2,22.2,5,55.6,6,820.52,0.1,,,
BZ_h6s3f50p2n6.txt,HLCT,3,6,9,2,900.0,3,33.3,9,100.0,4,520.47,0.0,,,
BZ_h6s3f50p2n7.txt,HLCT,3,6,9,2,900.0,4,44.4,9,100.0,1,132.49,0.0,,,
BZ_h6s3f50p2n8.txt,HLCT,3,6,9,2,900.0,1,11.1,2,22.2,6,801.01,0.0,,,
BZ_h6s3f50p2n9.txt,HLCT,3,6,9,2,900.0,4,44.4,9,100.0,1,146.39,0.0,,,
BZ_h6s3f50p3n1.txt,HLCT,3,6,9,3,900.0,7,77.8,9,100.0,7,895.51,0.1,,,
BZ_h6s3f50p3n10.txt,HLCT,3,6,9,3,900.0,1,11.1,9,100.0,4,533.24,0.0,,,
BZ_h6s3f50p3n11.txt,HLCT,3,6,9,3,900.0,0,0.0,3,33.3,6,762.65,0.1,,,
BZ_h6s3f50p3n12.txt,HLCT,3,6,9,3,900.0,3,33.3,9,100.0,4,530.47,0.1,,,
BZ_h6s3f50p3n13.txt,HLCT,3,6,9,3,900.0,2,22.2,9,100.0,6,794.89,0.1,,,
BZ_h6s3f50p3n14.txt,HLCT,3,6,9,2,900.0,2,22.2,3,33.3,6,793.43,0.1,,,
BZ_h6s3f50p3n15.txt,HLCT,3,6,9,3,900.0,1,11.1,9,100.0,6,785.81,0.1,,,
BZ_h6s3f50p3n16.txt,HLCT,3,6,9,3,900.0,5,55.6,9,100.0,3,410.10,0.0,,,
BZ_h6s3f50p3n17.txt,HLCT,3,6,9,3,900.0,1,11.1,2,22.2,5,663.84,0.1,,,
BZ_h6s3f50p3n18.txt,HLCT,3,6,9,3,900.0,2,22.2,9,100.0,5,633.37,0.1,,,
BZ_h6s3f50p3n19.txt,HLCT,3,6,9,3,900.0,2,22.2,9,100.0,6,798.24,0.1,,,
BZ_h6s3f50p3n2.txt,HLCT,3,6,9,3,900.0,2,22.2,4,44.4,6,779.16,0.1,,,
BZ_h6s3f50p3n20.txt,HLCT,3,6,9,3,900.0,1,11.1,9,100.0,6,795.83,0.1,,,
BZ_h6s3f50p3n3.txt,HLCT,3,6,9,3,900.0,0,0.0,9,100.0,2,251.35,0.0,,,
BZ_h6s3f50p3n4.txt,HLCT,3,6,9,3,900.0,1,11.1,4,44.4,6,815.44,0.2,,,
BZ_h6s3f50p3n5.txt,HLCT,3,6,9,3,900.0,0,0.0,9,100.0,5,653.11,0.1,,,
BZ_h6s3f50p3n6.txt,HLCT,3,6,9,3,900.0,1,11.1,5,55.6,6,788.38,0.2,,,
BZ_h6s3f50p3n7.txt,HLCT,3,6,9,3,900.0,0,0.0,9,100.0,3,335.95,0.0,,,
BZ_h6s3f50p3n8.txt,HLCT,3,6,9,3,900.0,0,0.0,4,44.4,4,515.93,0.1,,,
BZ_h6s3f50p3n9.txt,HLCT,3,6,9,3,900.0,1,11.1,5,55.6,6,812.84,0.1,,,
BZ_h6s3f50p6n1.txt,HLCT,3,6,9,5,900.0,1,11.1,9,100.0,6,761.39,0.1,,,
BZ_h6s3f50p6n10.txt,HLCT,3,6,9,5,900.0,0,0.0,5,55.6,4,492.44,0.1,,,
BZ_h6s3f50p6n11.txt,HLCT,3,6,9,6,900.0,2,22.2,9,100.0,5,643.11,0.1,,,
BZ_h6s3f50p6n12.txt,HLCT,3,6,9,6,900.0,1,11.1,6,66.7,6,730.48,0.1,,,
BZ_h6s3f50p6n13.txt,HLCT,3,6,9,6,900.0,0,0.0,7,77.8,6,744.84,0.2,,,
BZ_h6s3f50p6n14.txt,HLCT,3,6,9,6,900.0,3,33.3,6,66.7,3,417.87,0.1,,,
BZ_h6s3f50p6n15.txt,HLCT,3,6,9,6,900.0,1,11.1,4,44.4,5,692.47,0.1,,,
BZ_h6s3f50p6n16.txt,HLCT,3,6,9,6,900.0,0,0.0,3,33.3,6,808.79,0.1,,,
BZ_h6s3f50p6n17.txt,HLCT,3,6,9,6,900.0,0,0.0,4,44.4,5,677.56,0.1,,,
BZ_h6s3f50p6n18.txt,HLCT,3,6,9,6,900.0,0,0.0,5,55.6,7,886.00,0.1,,,
BZ_h6s3f50p6n19.txt,HLCT,3,6,9,6,900.0,2,22.2,9,100.0,5,630.97,0.1,,,
BZ_h6s3f50p6n2.txt,HLCT,3,6,9,6,900.0,0,0.0,3,33.3,6,839.29,0.1,,,
BZ_h6s3f50p6n20.txt,HLCT,3,6,9,6,900.0,0,0.0,5,55.6,6,776.23,0.1,,,
BZ_h6s3f50p6n3.txt,HLCT,3,6,9,6,900.0,1,11.1,9,100.0,6,768.64,0.1,,,
BZ_h6s3f50p6n4.txt,HLCT,3,6,9,6,900.0,1,11.1,1,11.1,0,0.00,0.1,,,
BZ_h6s3f50p6n5.txt,HLCT,3,6,9,6,900.0,0,0.0,9,100.0,2,259.51,0.0,,,
BZ_h6s3f50p6n6.txt,HLCT,3,6,9,6,900.0,1,11.1,7,77.8,7,820.11,0.1,,,
BZ_h6s3f50p6n7.txt,HLCT,3,6,9,6,900.0,1,11.1,9,100.0,5,612.82,0.1,,,
BZ_h6s3f50p6n8.txt,HLCT,3,6,9,6,900.0,0,0.0,3,33.3,6,793.24,0.1,,,
BZ_h6s3f50p6n9.txt,HLCT,3,6,9,6,900.0,3,33.3,9,100.0,3,375.97,0.0,,,
BZ_h6s3f70p2n1.txt,HLCT,3,6,12,2,900.0,5,41.7,12,100.0,4,466.28,0.0,,,
BZ_h6s3f70p2n10.txt,HLCT,3,6,12,2,900.0,0,0.0,2,16.7,3,331.95,0.1,,,
BZ_h6s3f70p2n11.txt,HLCT,3,6,12,2,900.0,2,16.7,2,16.7,2,170.34,0.1,,,
BZ_h6s3f70p2n12.txt,HLCT,3,6,12,2,900.0,2,16.7,12,100.0,2,221.51,0.0,,,
BZ_h6s3f70p2n13.txt,HLCT,3,6,12,2,900.0,1,8.3,4,33.3,4,440.44,0.1,,,
BZ_h6s3f70p2n14.txt,HLCT,3,6,12,2,900.0,1,8.3,3,25.0,6,677.70,0.1,,,
BZ_h6s3f70p2n15.txt,HLCT,3,6,12,2,900.0,1,8.3,5,41.7,5,572.74,0.1,,,
BZ_h6s3f70p2n16.txt,HLCT,3,6,12,2,900.0,0,0.0,1,8.3,3,325.20,0.0,,,
BZ_h6s3f70p2n17.txt,HLCT,3,6,12,2,900.0,2,16.7,12,100.0,7,805.37,0.1,,,
BZ_h6s3f70p2n18.txt,HLCT,3,6,12,2,900.0,2,16.7,5,41.7,6,664.56,0.1,,,
BZ_h6s3f70p2n19.txt,HLCT,3,6,12,2,900.0,5,41.7,12,100.0,4,444.60,0.0,,,
BZ_h6s3f70p2n2.txt,HLCT,3,6,12,2,900.0,7,58.3,12,100.0,7,818.51,0.1,,,
BZ_h6s3f70p2n20.txt,HLCT,3,6,12,2,900.0,3,25.0,5,41.7,4,421.28,0.1,,,
BZ_h6s3f70p2n3.txt,HLCT,3,6,12,2,900.0,0,0.0,4,33.3,2,212.80,0.1,,,
BZ_h6s3f70p2n4.txt,HLCT,3,6,12,2,900.0,2,16.7,4,33.3,7,803.36,0.1,,,
BZ_h6s3f70p2n5.txt,HLCT,3,6,12,2,900.0,3,25.0,6,50.0,7,808.21,0.1,,,
BZ_h6s3f70p2n6.txt,HLCT,3,6,12,2,900.0,1,8.3,5,41.7,4,443.03,0.1,,,
BZ_h6s3f70p2n7.txt,HLCT,3,6,12,2,900.0,1,8.3,12,100.0,6,674.89,0.1,,,
BZ_h6s3f70p2n8.txt,HLCT,3,6,12,2,900.0,7,58.3,12,100.0,5,527.21,0.0,,,
BZ_h6s3f70p2n9.txt,HLCT,3,6,12,2,900.0,1,8.3,4,33.3,7,752.00,0.1,,,
BZ_h6s3f70p3n1.txt,HLCT,3,6,12,3,900.0,2,16.7,12,100.0,2,215.49,0.0,,,
BZ_h6s3f70p3n10.txt,HLCT,3,6,12,3,900.0,2,16.7,12,100.0,7,807.28,0.1,,,
BZ_h6s3f70p3n11.txt,HLCT,3,6,12,3,900.0,3,25.0,12,100.0,2,218.01,0.0,,,
BZ_h6s3f70p3n12.txt,HLCT,3,6,12,3,900.0,1,8.3,3,25.0,4,428.06,0.1,,,
BZ_h6s3f70p3n13.txt,HLCT,3,6,12,3,900.0,0,0.0,12,100.0,7,813.52,0.1,,,
BZ_h6s3f70p3n14.txt,HLCT,3,6,12,3,900.0,2,16.7,5,41.7,5,555.21,0.1,,,
BZ_h6s3f70p3n15.txt,HLCT,3,6,12,3,900.0,4,33.3,5,41.7,7,807.47,0.1,,,
BZ_h6s3f70p3n16.txt,HLCT,3,6,12,3,900.0,2,16.7,6,50.0,4,456.36,0.1,,,
BZ_h6s3f70p3n17.txt,HLCT,3,6,12,3,900.0,1,8.3,6,50.0,6,688.94,0.1,,,
BZ_h6s3f70p3n18.txt,HLCT,3,6,12,3,900.0,0,0.0,3,25.0,3,312.47,0.1,,,
BZ_h6s3f70p3n19.txt,HLCT,3,6,12,3,900.0,0,0.0,9,75.0,7,757.13,0.1,,,
BZ_h6s3f70p3n2.txt,HLCT,3,6,12,3,900.0,2,16.7,6,50.0,6,605.79,0.1,,,
BZ_h6s3f70p3n20.txt,HLCT,3,6,12,3,900.0,5,41.7,7,58.3,5,598.12,0.1,,,
BZ_h6s3f70p3n3.txt,HLCT,3,6,12,3,900.0,0,0.0,2,16.7,4,438.19,0.1,,,
BZ_h6s3f70p3n4.txt,HLCT,3,6,12,3,900.0,1,8.3,2,16.7,4,443.03,0.1,,,
BZ_h6s3f70p3n5.txt,HLCT,3,6,12,3,900.0,0,0.0,3,25.0,6,685.70,0.1,,,
BZ_h6s3f70p3n6.txt,HLCT,3,6,12,3,900.0,1,8.3,2,16.7,4,484.12,0.1,,,
BZ_h6s3f70p3n7.txt,HLCT,3,6,12,3,900.0,0,0.0,6,50.0,7,770.07,0.1,,,
BZ_h6s3f70p3n8.txt,HLCT,3,6,12,3,900.0,3,25.0,5,41.7,3,325.36,0.1,,,
BZ_h6s3f70p3n9.txt,HLCT,3,6,12,3,900.0,1,8.3,5,41.7,6,654.63,0.1,,,
BZ_h6s3f70p6n1.txt,HLCT,3,6,12,5,900.0,3,25.0,3,25.0,3,317.94,0.1,,,
BZ_h6s3f70p6n10.txt,HLCT,3,6,12,6,900.0,2,16.7,5,41.7,6,657.10,0.1,,,
BZ_h6s3f70p6n11.txt,HLCT,3,6,12,6,900.0,0,0.0,3,25.0,7,765.82,0.2,,,
BZ_h6s3f70p6n12.txt,HLCT,3,6,12,6,900.0,0,0.0,3,25.0,6,668.87,0.1,,,
BZ_h6s3f70p6n13.txt,HLCT,3,6,12,6,900.0,0,0.0,3,25.0,6,661.06,0.2,,,
BZ_h6s3f70p6n14.txt,HLCT,3,6,12,6,900.0,2,16.7,6,50.0,6,714.67,0.1,,,
BZ_h6s3f70p6n15.txt,HLCT,3,6,12,6,900.0,0,0.0,12,100.0,4,425.18,0.1,,,
BZ_h6s3f70p6n16.txt,HLCT,3,6,12,6,900.0,0,0.0,2,16.7,7,757.56,0.1,,,
BZ_h6s3f70p6n17.txt,HLCT,3,6,12,6,900.0,0,0.0,4,33.3,3,306.27,0.1,,,
BZ_h6s3f70p6n18.txt,HLCT,3,6,12,6,900.0,0,0.0,3,25.0,7,801.61,0.1,,,
BZ_h6s3f70p6n19.txt,HLCT,3,6,12,6,900.0,0,0.0,4,33.3,6,644.26,0.1,,,
BZ_h6s3f70p6n2.txt,HLCT,3,6,12,6,900.0,1,8.3,5,41.7,3,327.94,0.1,,,
BZ_h6s3f70p6n20.txt,HLCT,3,6,12,6,900.0,1,8.3,1,8.3,2,171.61,0.1,,,
BZ_h6s3f70p6n3.txt,HLCT,3,6,12,6,900.0,2,16.7,5,41.7,8,887.49,0.1,,,
BZ_h6s3f70p6n4.txt,HLCT,3,6,12,6,900.0,1,8.3,3,25.0,8,884.20,0.1,,,
BZ_h6s3f70p6n5.txt,HLCT,3,6,12,6,900.0,0,0.0,12,100.0,8,875.93,0.1,,,
BZ_h6s3f70p6n6.txt,HLCT,3,6,12,6,900.0,0,0.0,7,58.3,7,778.96,0.1,,,
BZ_h6s3f70p6n7.txt,HLCT,3,6,12,6,900.0,1,8.3,3,25.0,7,764.37,0.2,,,
BZ_h6s3f70p6n8.txt,HLCT,3,6,12,6,900.0,1,8.3,4,33.3,6,689.08,0.2,,,
BZ_h6s3f70p6n9.txt,HLCT,3,6,12,6,900.0,1,8.3,4,33.3,6,624.17,0.1,,,
BZ_h6s5f50p2n1.txt,HLCT,5,6,15,2,900.0,3,20.0,15,100.0,2,233.99,0.0,,,
BZ_h6s5f50p2n10.txt,HLCT,5,6,15,2,900.0,2,13.3,15,100.0,5,706.11,0.0,,,
BZ_h6s5f50p2n11.txt,HLCT,5,6,15,2,900.0,5,33.3,15,100.0,6,833.76,0.1,,,
BZ_h6s5f50p2n12.txt,HLCT,5,6,15,2,900.0,3,20.0,15,100.0,2,235.23,0.0,,,
BZ_h6s5f50p2n13.txt,HLCT,5,6,15,2,900.0,4,26.7,15,100.0,4,453.79,0.0,,,
BZ_h6s5f50p2n14.txt,HLCT,5,6,15,2,900.0,3,20.0,15,100.0,6,764.66,0.1,,,
BZ_h6s5f50p2n15.txt,HLCT,5,6,15,2,900.0,5,33.3,15,100.0,5,638.27,0.1,,,
BZ_h6s5f50p2n16.txt,HLCT,5,6,15,2,900.0,2,13.3,6,40.0,6,802.59,0.1,,,
BZ_h6s5f50p2n17.txt,HLCT,5,6,15,2,900.0,3,20.0,9,60.0,6,766.72,0.1,,,
BZ_h6s5f50p2n18.txt,HLCT,5,6,15,2,900.0,2,13.3,6,40.0,6,706.07,0.1,,,
BZ_h6s5f50p2n19.txt,HLCT,5,6,15,2,900.0,4,26.7,15,100.0,5,647.38,0.1,,,
BZ_h6s5f50p2n2.txt,HLCT,5,6,15,2,900.0,6,40.0,15,100.0,5,658.56,0.1,,,
BZ_h6s5f50p2n20.txt,HLCT,5,6,15,2,900.0,6,40.0,15,100.0,6,709.59,0.1,,,
BZ_h6s5f50p2n3.txt,HLCT,5,6,15,2,900.0,9,60.0,15,100.0,2,271.87,0.0,,,
BZ_h6s5f50p2n4.txt,HLCT,5,6,15,2,900.0,3,20.0,15,100.0,4,502.03,0.1,,,
BZ_h6s5f50p2n5.txt,HLCT,5,6,15,2,900.0,3,20.0,15,100.0,5,647.27,0.1,,,
BZ_h6s5f50p2n6.txt,HLCT,5,6,15,2,900.0,6,40.0,15,100.0,6,824.81,0.1,,,
BZ_h6s5f50p2n7.txt,HLCT,5,6,15,2,900.0,6,40.0,15,100.0,2,273.18,0.0,,,
BZ_h6s5f50p2n8.txt,HLCT,5,6,15,2,900.0,4,26.7,15,100.0,3,358.08,0.0,,,
BZ_h6s5f50p2n9.txt,HLCT,5,6,15,2,900.0,2,13.3,6,40.0,6,790.88,0.1,,,
BZ_h6s5f50p3n1.txt,HLCT,5,6,15,3,900.0,1,6.7,9,60.0,6,779.71,0.1,,,
BZ_h6s5f50p3n10.txt,HLCT,5,6,15,3,900.0,2,13.3,15,100.0,2,272.28,0.0,,,
BZ_h6s5f50p3n11.txt,HLCT,5,6,15,3,900.0,2,13.3,5,33.3,5,627.73,0.1,,,
BZ_h6s5f50p3n12.txt,HLCT,5,6,15,3,900.0,4,26.7,10,66.7,6,808.64,0.1,,,
BZ_h6s5f50p3n13.txt,HLCT,5,6,15,3,900.0,0,0.0,4,26.7,6,802.80,0.1,,,
BZ_h6s5f50p3n14.txt,HLCT,5,6,15,3,900.0,1,6.7,6,40.0,6,812.59,0.1,,,
BZ_h6s5f50p3n15.txt,HLCT,5,6,15,3,900.0,4,26.7,7,46.7,5,661.26,0.1,,,
BZ_h6s5f50p3n16.txt,HLCT,5,6,15,3,900.0,0,0.0,15,100.0,4,472.77,0.1,,,
BZ_h6s5f50p3n17.txt,HLCT,5,6,15,3,900.0,1,6.7,15,100.0,6,850.65,0.1,,,
BZ_h6s5f50p3n18.txt,HLCT,5,6,15,3,900.0,0,0.0,15,100.0,6,779.96,0.1,,,
BZ_h6s5f50p3n19.txt,HLCT,5,6,15,3,900.0,1,6.7,9,60.0,6,813.66,0.1,,,
BZ_h6s5f50p3n2.txt,HLCT,5,6,15,3,900.0,1,6.7,15,100.0,5,590.68,0.1,,,
BZ_h6s5f50p3n20.txt,HLCT,5,6,15,3,900.0,1,6.7,15,100.0,6,748.08,0.1,,,
BZ_h6s5f50p3n3.txt,HLCT,5,6,15,3,900.0,1,6.7,8,53.3,6,773.64,0.1,,,
BZ_h6s5f50p3n4.txt,HLCT,5,6,15,3,900.0,2,13.3,7,46.7,6,793.56,0.1,,,
BZ_h6s5f50p3n5.txt,HLCT,5,6,15,3,900.0,0,0.0,6,40.0,6,780.00,0.1,,,
BZ_h6s5f50p3n6.txt,HLCT,5,6,15,3,900.0,1,6.7,7,46.7,5,689.92,0.1,,,
BZ_h6s5f50p3n7.txt,HLCT,5,6,15,3,900.0,1,6.7,9,60.0,7,895.75,0.1,,,
BZ_h6s5f50p3n8.txt,HLCT,5,6,15,3,900.0,3,20.0,15,100.0,6,828.48,0.1,,,
BZ_h6s5f50p3n9.txt,HLCT,5,6,15,3,900.0,2,13.3,10,66.7,6,812.74,0.1,,,
BZ_h6s5f50p6n1.txt,HLCT,5,6,15,6,900.0,3,20.0,15,100.0,7,882.52,0.2,,,
BZ_h6s5f50p6n10.txt,HLCT,5,6,15,5,900.0,1,6.7,15,100.0,3,378.65,0.1,,,
BZ_h6s5f50p6n11.txt,HLCT,5,6,15,6,900.0,0,0.0,5,33.3,7,854.87,0.2,,,
BZ_h6s5f50p6n12.txt,HLCT,5,6,15,6,900.0,2,13.3,5,33.3,6,821.44,0.2,,,
BZ_h6s5f50p6n13.txt,HLCT,5,6,15,6,900.0,0,0.0,4,26.7,6,794.38,0.2,,,
BZ_h6s5f50p6n14.txt,HLCT,5,6,15,5,900.0,0,0.0,2,13.3,6,787.70,0.1,,,
BZ_h6s5f50p6n15.txt,HLCT,5,6,15,6,900.0,1,6.7,15,100.0,4,529.82,0.1,,,
BZ_h6s5f50p6n16.txt,HLCT,5,6,15,6,900.0,0,0.0,5,33.3,6,806.84,0.1,,,
BZ_h6s5f50p6n17.txt,HLCT,5,6,15,6,900.0,2,13.3,15,100.0,6,792.04,0.1,,,
BZ_h6s5f50p6n18.txt,HLCT,5,6,15,6,900.0,1,6.7,13,86.7,6,812.24,0.2,,,
BZ_h6s5f50p6n19.txt,HLCT,5,6,15,6,900.0,1,6.7,8,53.3,5,667.76,0.1,,,
BZ_h6s5f50p6n2.txt,HLCT,5,6,15,6,900.0,0,0.0,3,20.0,7,885.07,0.2,,,
BZ_h6s5f50p6n20.txt,HLCT,5,6,15,6,900.0,0,0.0,8,53.3,7,851.01,0.2,,,
BZ_h6s5f50p6n3.txt,HLCT,5,6,15,5,900.0,1,6.7,10,66.7,6,828.83,0.1,,,
BZ_h6s5f50p6n4.txt,HLCT,5,6,15,6,900.0,0,0.0,2,13.3,6,758.77,0.1,,,
BZ_h6s5f50p6n5.txt,HLCT,5,6,15,6,900.0,0,0.0,4,26.7,6,788.24,0.1,,,
BZ_h6s5f50p6n6.txt,HLCT,5,6,15,6,900.0,0,0.0,6,40.0,6,761.09,0.2,,,
BZ_h6s5f50p6n7.txt,HLCT,5,6,15,6,900.0,2,13.3,11,73.3,7,874.66,0.2,,,
BZ_h6s5f50p6n8.txt,HLCT,5,6,15,6,900.0,0,0.0,4,26.7,6,791.32,0.2,,,
BZ_h6s5f50p6n9.txt,HLCT,5,6,15,6,900.0,0,0.0,3,20.0,6,790.26,0.1,,,
BZ_h6s5f70p2n1.txt,HLCT,5,6,21,2,900.0,4,19.0,8,38.1,8,876.26,0.1,,,
BZ_h6s5f70p2n10.txt,HLCT,5,6,21,2,900.0,4,19.0,9,42.9,7,796.88,0.1,,,
BZ_h6s5f70p2n11.txt,HLCT,5,6,21,2,900.0,1,4.8,8,38.1,7,768.34,0.1,,,
BZ_h6s5f70p2n12.txt,HLCT,5,6,21,2,900.0,3,14.3,7,33.3,8,863.24,0.1,,,
BZ_h6s5f70p2n13.txt,HLCT,5,6,21,2,900.0,4,19.0,9,42.9,7,838.56,0.1,,,
BZ_h6s5f70p2n14.txt,HLCT,5,6,21,2,900.0,2,9.5,6,28.6,8,849.13,0.1,,,
BZ_h6s5f70p2n15.txt,HLCT,5,6,21,2,900.0,7,33.3,12,57.1,7,828.89,0.1,,,
BZ_h6s5f70p2n16.txt,HLCT,5,6,21,2,900.0,10,47.6,12,57.1,7,871.36,0.1,,,
BZ_h6s5f70p2n17.txt,HLCT,5,6,21,2,900.0,8,38.1,10,47.6,7,758.99,0.1,,,
BZ_h6s5f70p2n18.txt,HLCT,5,6,21,2,900.0,4,19.0,9,42.9,7,823.34,0.1,,,
BZ_h6s5f70p2n19.txt,HLCT,5,6,21,2,900.0,5,23.8,21,100.0,5,541.25,0.1,,,
BZ_h6s5f70p2n2.txt,HLCT,5,6,21,2,900.0,7,33.3,21,100.0,5,587.96,0.1,,,
BZ_h6s5f70p2n20.txt,HLCT,5,6,21,2,900.0,4,19.0,8,38.1,7,860.15,0.1,,,
BZ_h6s5f70p2n3.txt,HLCT,5,6,21,2,900.0,11,52.4,21,100.0,7,782.94,0.1,,,
BZ_h6s5f70p2n4.txt,HLCT,5,6,21,2,900.0,1,4.8,9,42.9,7,791.58,0.1,,,
BZ_h6s5f70p2n5.txt,HLCT,5,6,21,2,900.0,9,42.9,12,57.1,7,887.36,0.1,,,
BZ_h6s5f70p2n6.txt,HLCT,5,6,21,2,900.0,3,14.3,21,100.0,8,853.23,0.1,,,
BZ_h6s5f70p2n7.txt,HLCT,5,6,21,2,900.0,7,33.3,21,100.0,6,678.87,0.1,,,
BZ_h6s5f70p2n8.txt,HLCT,5,6,21,2,900.0,5,23.8,10,47.6,7,857.89,0.1,,,
BZ_h6s5f70p2n9.txt,HLCT,5,6,21,2,900.0,8,38.1,12,57.1,7,840.61,0.1,,,
BZ_h6s5f70p3n1.txt,HLCT,5,6,21,3,900.0,2,9.5,6,28.6,6,697.82,0.1,,,
BZ_h6s5f70p3n10.txt,HLCT,5,6,21,3,900.0,3,14.3,6,28.6,7,845.79,0.1,,,
BZ_h6s5f70p3n11.txt,HLCT,5,6,21,3,900.0,4,19.0,7,33.3,7,843.94,0.1,,,
BZ_h6s5f70p3n12.txt,HLCT,5,6,21,3,900.0,1,4.8,5,23.8,7,783.88,0.1,,,
BZ_h6s5f70p3n13.txt,HLCT,5,6,21,3,900.0,8,38.1,21,100.0,6,792.82,0.1,,,
BZ_h6s5f70p3n14.txt,HLCT,5,6,21,3,900.0,2,9.5,7,33.3,7,805.57,0.1,,,
BZ_h6s5f70p3n15.txt,HLCT,5,6,21,3,900.0,7,33.3,10,47.6,7,834.06,0.1,,,
BZ_h6s5f70p3n16.txt,HLCT,5,6,21,3,900.0,3,14.3,6,28.6,7,866.46,0.1,,,
BZ_h6s5f70p3n17.txt,HLCT,5,6,21,3,900.0,3,14.3,13,61.9,7,808.49,0.1,,,
BZ_h6s5f70p3n18.txt,HLCT,5,6,21,3,900.0,6,28.6,7,33.3,6,764.61,0.1,,,
BZ_h6s5f70p3n19.txt,HLCT,5,6,21,3,900.0,1,4.8,4,19.0,7,817.90,0.1,,,
BZ_h6s5f70p3n2.txt,HLCT,5,6,21,3,900.0,3,14.3,7,33.3,7,876.75,0.1,,,
BZ_h6s5f70p3n20.txt,HLCT,5,6,21,3,900.0,7,33.3,13,61.9,6,614.70,0.1,,,
BZ_h6s5f70p3n3.txt,HLCT,5,6,21,3,900.0,7,33.3,21,100.0,8,894.29,0.1,,,
BZ_h6s5f70p3n4.txt,HLCT,5,6,21,3,900.0,1,4.8,3,14.3,6,773.86,0.1,,,
BZ_h6s5f70p3n5.txt,HLCT,5,6,21,3,900.0,2,9.5,4,19.0,7,831.34,0.1,,,
BZ_h6s5f70p3n6.txt,HLCT,5,6,21,3,900.0,4,19.0,12,57.1,6,671.37,0.1,,,
BZ_h6s5f70p3n7.txt,HLCT,5,6,21,3,900.0,3,14.3,7,33.3,7,765.37,0.1,,,
BZ_h6s5f70p3n8.txt,HLCT,5,6,21,3,900.0,2,9.5,9,42.9,8,894.27,0.1,,,
BZ_h6s5f70p3n9.txt,HLCT,5,6,21,3,900.0,4,19.0,9,42.9,6,642.69,0.1,,,
BZ_h6s5f70p6n1.txt,HLCT,5,6,21,6,900.0,1,4.8,4,19.0,7,731.02,0.2,,,
BZ_h6s5f70p6n10.txt,HLCT,5,6,21,6,900.0,0,0.0,6,28.6,7,833.14,0.2,,,
BZ_h6s5f70p6n11.txt,HLCT,5,6,21,6,900.0,2,9.5,4,19.0,7,817.71,0.2,,,
BZ_h6s5f70p6n12.txt,HLCT,5,6,21,6,900.0,1,4.8,4,19.0,7,774.26,0.2,,,
BZ_h6s5f70p6n13.txt,HLCT,5,6,21,6,900.0,2,9.5,6,28.6,8,893.45,0.2,,,
BZ_h6s5f70p6n14.txt,HLCT,5,6,21,5,900.0,0,0.0,2,9.5,6,674.71,0.2,,,
BZ_h6s5f70p6n15.txt,HLCT,5,6,21,6,900.0,0,0.0,9,42.9,7,849.22,0.2,,,
BZ_h6s5f70p6n16.txt,HLCT,5,6,21,6,900.0,1,4.8,5,23.8,7,813.21,0.2,,,
BZ_h6s5f70p6n17.txt,HLCT,5,6,21,5,900.0,0,0.0,6,28.6,8,833.84,0.2,,,
BZ_h6s5f70p6n18.txt,HLCT,5,6,21,6,900.0,1,4.8,4,19.0,7,862.71,0.2,,,
BZ_h6s5f70p6n19.txt,HLCT,5,6,21,6,900.0,2,9.5,7,33.3,5,563.78,0.2,,,
BZ_h6s5f70p6n2.txt,HLCT,5,6,21,6,900.0,0,0.0,7,33.3,7,895.24,0.2,,,
BZ_h6s5f70p6n20.txt,HLCT,5,6,21,6,900.0,1,4.8,4,19.0,8,830.39,0.3,,,
BZ_h6s5f70p6n3.txt,HLCT,5,6,21,6,900.0,1,4.8,3,14.3,6,771.84,0.2,,,
BZ_h6s5f70p6n4.txt,HLCT,5,6,21,6,900.0,0,0.0,5,23.8,7,749.92,0.3,,,
BZ_h6s5f70p6n5.txt,HLCT,5,6,21,6,900.0,0,0.0,4,19.0,6,696.21,0.2,,,
BZ_h6s5f70p6n6.txt,HLCT,5,6,21,6,900.0,0,0.0,6,28.6,8,844.42,0.2,,,
BZ_h6s5f70p6n7.txt,HLCT,5,6,21,6,900.0,1,4.8,9,42.9,7,738.91,0.2,,,
BZ_h6s5f70p6n8.txt,HLCT,5,6,21,6,900.0,0,0.0,6,28.6,7,811.42,0.2,,,
BZ_h6s5f70p6n9.txt,HLCT,5,6,21,6,900.0,0,0.0,5,23.8,7,896.41,0.3,,,
BZ_h6s7f50p2n1.txt,HLCT,7,6,21,2,900.0,4,19.0,21,100.0,5,706.92,0.1,,,
BZ_h6s7f50p2n10.txt,HLCT,7,6,21,2,900.0,4,19.0,11,52.4,6,869.11,0.1,,,
BZ_h6s7f50p2n11.txt,HLCT,7,6,21,2,900.0,4,19.0,21,100.0,6,767.68,0.1,,,
BZ_h6s7f50p2n12.txt,HLCT,7,6,21,2,900.0,7,33.3,21,100.0,3,376.54,0.0,,,
BZ_h6s7f50p2n13.txt,HLCT,7,6,21,2,900.0,4,19.0,7,33.3,5,705.18,0.1,,,
BZ_h6s7f50p2n14.txt,HLCT,7,6,21,2,900.0,7,33.3,9,42.9,6,752.97,0.1,,,
BZ_h6s7f50p2n15.txt,HLCT,7,6,21,2,900.0,4,19.0,9,42.9,6,787.38,0.1,,,
BZ_h6s7f50p2n16.txt,HLCT,7,6,21,2,900.0,10,47.6,21,100.0,1,149.87,0.0,,,
BZ_h6s7f50p2n17.txt,HLCT,7,6,21,2,900.0,9,42.9,21,100.0,5,614.91,0.1,,,
BZ_h6s7f50p2n18.txt,HLCT,7,6,21,2,900.0,7,33.3,21,100.0,5,650.43,0.1,,,
BZ_h6s7f50p2n19.txt,HLCT,7,6,21,2,900.0,3,14.3,8,38.1,7,892.49,0.1,,,
BZ_h6s7f50p2n2.txt,HLCT,7,6,21,2,900.0,8,38.1,21,100.0,6,775.22,0.1,,,
BZ_h6s7f50p2n20.txt,HLCT,7,6,21,2,900.0,7,33.3,10,47.6,6,817.28,0.1,,,
BZ_h6s7f50p2n3.txt,HLCT,7,6,21,2,900.0,2,9.5,6,28.6,6,804.77,0.1,,,
BZ_h6s7f50p2n4.txt,HLCT,7,6,21,2,900.0,10,47.6,21,100.0,5,639.99,0.1,,,
BZ_h6s7f50p2n5.txt,HLCT,7,6,21,2,900.0,4,19.0,8,38.1,7,863.54,0.1,,,
BZ_h6s7f50p2n6.txt,HLCT,7,6,21,2,900.0,13,61.9,21,100.0,6,842.19,0.1,,,
BZ_h6s7f50p2n7.txt,HLCT,7,6,21,2,900.0,8,38.1,12,57.1,6,846.49,0.1,,,
BZ_h6s7f50p2n8.txt,HLCT,7,6,21,2,900.0,3,14.3,6,28.6,6,766.99,0.1,,,
BZ_h6s7f50p2n9.txt,HLCT,7,6,21,2,900.0,5,23.8,21,100.0,6,765.97,0.1,,,
BZ_h6s7f50p3n1.txt,HLCT,7,6,21,3,900.0,4,19.0,21,100.0,7,871.11,0.1,,,
BZ_h6s7f50p3n10.txt,HLCT,7,6,21,3,900.0,2,9.5,4,19.0,6,818.54,0.1,,,
BZ_h6s7f50p3n11.txt,HLCT,7,6,21,3,900.0,4,19.0,8,38.1,7,857.34,0.1,,,
BZ_h6s7f50p3n12.txt,HLCT,7,6,21,3,900.0,3,14.3,7,33.3,6,796.50,0.1,,,
BZ_h6s7f50p3n13.txt,HLCT,7,6,21,3,900.0,2,9.5,10,47.6,6,819.78,0.1,,,
BZ_h6s7f50p3n14.txt,HLCT,7,6,21,3,900.0,6,28.6,7,33.3,7,863.04,0.1,,,
BZ_h6s7f50p3n15.txt,HLCT,7,6,21,3,900.0,3,14.3,11,52.4,7,894.61,0.1,,,
BZ_h6s7f50p3n16.txt,HLCT,7,6,21,3,900.0,4,19.0,21,100.0,3,318.51,0.1,,,
BZ_h6s7f50p3n17.txt,HLCT,7,6,21,3,900.0,2,9.5,11,52.4,6,803.13,0.1,,,
BZ_h6s7f50p3n18.txt,HLCT,7,6,21,3,900.0,0,0.0,5,23.8,6,834.57,0.1,,,
BZ_h6s7f50p3n19.txt,HLCT,7,6,21,3,900.0,1,4.8,15,71.4,5,640.07,0.1,,,
BZ_h6s7f50p3n2.txt,HLCT,7,6,21,3,900.0,2,9.5,4,19.0,6,775.60,0.1,,,
BZ_h6s7f50p3n20.txt,HLCT,7,6,21,3,900.0,4,19.0,8,38.1,6,807.87,0.1,,,
BZ_h6s7f50p3n3.txt,HLCT,7,6,21,3,900.0,2,9.5,10,47.6,6,820.59,0.1,,,
BZ_h6s7f50p3n4.txt,HLCT,7,6,21,3,900.0,3,14.3,14,66.7,6,824.50,0.1,,,
BZ_h6s7f50p3n5.txt,HLCT,7,6,21,3,900.0,4,19.0,7,33.3,6,807.16,0.1,,,
BZ_h6s7f50p3n6.txt,HLCT,7,6,21,3,900.0,6,28.6,13,61.9,7,885.21,0.1,,,
BZ_h6s7f50p3n7.txt,HLCT,7,6,21,3,900.0,5,23.8,21,100.0,1,145.26,0.0,,,
BZ_h6s7f50p3n8.txt,HLCT,7,6,21,3,900.0,3,14.3,16,76.2,6,802.33,0.1,,,
BZ_h6s7f50p3n9.txt,HLCT,7,6,21,3,900.0,1,4.8,4,19.0,7,850.52,0.1,,,
BZ_h6s7f50p6n1.txt,HLCT,7,6,21,6,900.0,1,4.8,12,57.1,5,637.63,0.2,,,
BZ_h6s7f50p6n10.txt,HLCT,7,6,21,6,900.0,4,19.0,17,81.0,7,896.28,0.2,,,
BZ_h6s7f50p6n11.txt,HLCT,7,6,21,6,900.0,3,14.3,9,42.9,6,744.69,0.2,,,
BZ_h6s7f50p6n12.txt,HLCT,7,6,21,6,900.0,4,19.0,7,33.3,6,839.61,0.2,,,
BZ_h6s7f50p6n13.txt,HLCT,7,6,21,6,900.0,0,0.0,16,76.2,5,668.17,0.2,,,
BZ_h6s7f50p6n14.txt,HLCT,7,6,21,6,900.0,2,9.5,15,71.4,7,889.42,0.2,,,
BZ_h6s7f50p6n15.txt,HLCT,7,6,21,6,900.0,4,19.0,7,33.3,6,777.71,0.1,,,
BZ_h6s7f50p6n16.txt,HLCT,7,6,21,6,900.0,0,0.0,8,38.1,6,762.94,0.2,,,
BZ_h6s7f50p6n17.txt,HLCT,7,6,21,6,900.0,2,9.5,7,33.3,6,825.93,0.2,,,
BZ_h6s7f50p6n18.txt,HLCT,7,6,21,6,900.0,3,14.3,9,42.9,6,835.02,0.1,,,
BZ_h6s7f50p6n19.txt,HLCT,7,6,21,6,900.0,3,14.3,8,38.1,6,717.02,0.2,,,
BZ_h6s7f50p6n2.txt,HLCT,7,6,21,6,900.0,1,4.8,7,33.3,7,875.35,0.2,,,
BZ_h6s7f50p6n20.txt,HLCT,7,6,21,6,900.0,1,4.8,7,33.3,7,895.25,0.2,,,
BZ_h6s7f50p6n3.txt,HLCT,7,6,21,6,900.0,1,4.8,11,52.4,7,890.85,0.2,,,
BZ_h6s7f50p6n4.txt,HLCT,7,6,21,6,900.0,0,0.0,4,19.0,7,798.05,0.2,,,
BZ_h6s7f50p6n5.txt,HLCT,7,6,21,6,900.0,2,9.5,14,66.7,7,840.25,0.2,,,
BZ_h6s7f50p6n6.txt,HLCT,7,6,21,6,900.0,0,0.0,3,14.3,6,772.37,0.2,,,
BZ_h6s7f50p6n7.txt,HLCT,7,6,21,6,900.0,0,0.0,6,28.6,6,793.06,0.2,,,
BZ_h6s7f50p6n8.txt,HLCT,7,6,21,6,900.0,0,0.0,7,33.3,6,856.67,0.2,,,
BZ_h6s7f50p6n9.txt,HLCT,7,6,21,6,900.0,0,0.0,9,42.9,6,819.71,0.2,,,
BZ_h6s7f70p2n1.txt,HLCT,7,6,29,2,900.0,12,41.4,16,55.2,7,817.31,0.1,,,
BZ_h6s7f70p2n10.txt,HLCT,7,6,29,2,900.0,2,6.9,9,31.0,8,858.13,0.1,,,
BZ_h6s7f70p2n11.txt,HLCT,7,6,29,2,900.0,6,20.7,10,34.5,7,699.12,0.1,,,
BZ_h6s7f70p2n12.txt,HLCT,7,6,29,2,900.0,13,44.8,17,58.6,8,882.71,0.1,,,
BZ_h6s7f70p2n13.txt,HLCT,7,6,29,2,900.0,1,3.4,8,27.6,7,822.90,0.1,,,
BZ_h6s7f70p2n14.txt,HLCT,7,6,29,2,900.0,4,13.8,8,27.6,7,848.42,0.1,,,
BZ_h6s7f70p2n15.txt,HLCT,7,6,29,2,900.0,9,31.0,13,44.8,7,818.50,0.1,,,
BZ_h6s7f70p2n16.txt,HLCT,7,6,29,2,900.0,4,13.8,7,24.1,7,811.98,0.1,,,
BZ_h6s7f70p2n17.txt,HLCT,7,6,29,2,900.0,9,31.0,14,48.3,7,810.15,0.1,,,
BZ_h6s7f70p2n18.txt,HLCT,7,6,29,2,900.0,2,6.9,6,20.7,7,828.65,0.1,,,
BZ_h6s7f70p2n19.txt,HLCT,7,6,29,2,900.0,5,17.2,12,41.4,7,855.16,0.1,,,
BZ_h6s7f70p2n2.txt,HLCT,7,6,29,2,900.0,11,37.9,29,100.0,6,720.56,0.1,,,
BZ_h6s7f70p2n20.txt,HLCT,7,6,29,2,900.0,10,34.5,15,51.7,7,885.56,0.1,,,
BZ_h6s7f70p2n3.txt,HLCT,7,6,29,2,900.0,5,17.2,12,41.4,9,893.63,0.1,,,
BZ_h6s7f70p2n4.txt,HLCT,7,6,29,2,900.0,2,6.9,6,20.7,7,864.38,0.1,,,
BZ_h6s7f70p2n5.txt,HLCT,7,6,29,2,900.0,5,17.2,12,41.4,8,885.09,0.1,,,
BZ_h6s7f70p2n6.txt,HLCT,7,6,29,2,900.0,2,6.9,7,24.1,7,854.76,0.1,,,
BZ_h6s7f70p2n7.txt,HLCT,7,6,29,2,900.0,5,17.2,10,34.5,7,843.35,0.1,,,
BZ_h6s7f70p2n8.txt,HLCT,7,6,29,2,900.0,10,34.5,29,100.0,7,826.45,0.1,,,
BZ_h6s7f70p2n9.txt,HLCT,7,6,29,2,900.0,11,37.9,15,51.7,7,850.23,0.1,,,
BZ_h6s7f70p3n1.txt,HLCT,7,6,29,3,900.0,4,13.8,9,31.0,7,834.89,0.2,,,
BZ_h6s7f70p3n10.txt,HLCT,7,6,29,3,900.0,6,20.7,13,44.8,8,894.77,0.2,,,
BZ_h6s7f70p3n11.txt,HLCT,7,6,29,3,900.0,1,3.4,8,27.6,7,838.53,0.1,,,
BZ_h6s7f70p3n12.txt,HLCT,7,6,29,3,900.0,2,6.9,7,24.1,7,812.78,0.2,,,
BZ_h6s7f70p3n13.txt,HLCT,7,6,29,3,900.0,2,6.9,6,20.7,7,803.20,0.1,,,
BZ_h6s7f70p3n14.txt,HLCT,7,6,29,3,900.0,1,3.4,4,13.8,7,884.55,0.1,,,
BZ_h6s7f70p3n15.txt,HLCT,7,6,29,3,900.0,1,3.4,17,58.6,7,882.96,0.1,,,
BZ_h6s7f70p3n16.txt,HLCT,7,6,29,3,900.0,3,10.3,6,20.7,6,854.43,0.2,,,
BZ_h6s7f70p3n17.txt,HLCT,7,6,29,3,900.0,3,10.3,10,34.5,6,722.84,0.1,,,
BZ_h6s7f70p3n18.txt,HLCT,7,6,29,3,900.0,2,6.9,6,20.7,8,893.92,0.1,,,
BZ_h6s7f70p3n19.txt,HLCT,7,6,29,3,900.0,2,6.9,10,34.5,8,872.52,0.2,,,
BZ_h6s7f70p3n2.txt,HLCT,7,6,29,3,900.0,4,13.8,6,20.7,7,807.88,0.1,,,
BZ_h6s7f70p3n20.txt,HLCT,7,6,29,3,900.0,6,20.7,10,34.5,7,876.44,0.1,,,
BZ_h6s7f70p3n3.txt,HLCT,7,6,29,3,900.0,3,10.3,8,27.6,7,801.16,0.2,,,
BZ_h6s7f70p3n4.txt,HLCT,7,6,29,3,900.0,3,10.3,9,31.0,8,847.28,0.2,,,
BZ_h6s7f70p3n5.txt,HLCT,7,6,29,3,900.0,3,10.3,7,24.1,7,811.42,0.2,,,
BZ_h6s7f70p3n6.txt,HLCT,7,6,29,3,900.0,1,3.4,15,51.7,8,866.23,0.1,,,
BZ_h6s7f70p3n7.txt,HLCT,7,6,29,3,900.0,7,24.1,12,41.4,7,861.69,0.1,,,
BZ_h6s7f70p3n8.txt,HLCT,7,6,29,3,900.0,2,6.9,9,31.0,7,787.13,0.2,,,
BZ_h6s7f70p3n9.txt,HLCT,7,6,29,3,900.0,4,13.8,8,27.6,8,789.67,0.2,,,
BZ_h6s7f70p6n1.txt,HLCT,7,6,29,6,900.0,1,3.4,6,20.7,7,779.80,0.2,,,
BZ_h6s7f70p6n10.txt,HLCT,7,6,29,6,900.0,1,3.4,8,27.6,8,877.24,0.3,,,
BZ_h6s7f70p6n11.txt,HLCT,7,6,29,6,900.0,0,0.0,7,24.1,7,809.02,0.3,,,
BZ_h6s7f70p6n12.txt,HLCT,7,6,29,6,900.0,0,0.0,6,20.7,7,828.13,0.3,,,
BZ_h6s7f70p6n13.txt,HLCT,7,6,29,6,900.0,1,3.4,5,17.2,7,807.32,0.2,,,
BZ_h6s7f70p6n14.txt,HLCT,7,6,29,6,900.0,1,3.4,3,10.3,8,847.44,0.2,,,
BZ_h6s7f70p6n15.txt,HLCT,7,6,29,6,900.0,1,3.4,3,10.3,6,670.13,0.2,,,
BZ_h6s7f70p6n16.txt,HLCT,7,6,29,6,900.0,2,6.9,8,27.6,7,886.44,0.2,,,
BZ_h6s7f70p6n17.txt,HLCT,7,6,29,6,900.0,3,10.3,5,17.2,6,781.03,0.3,,,
BZ_h6s7f70p6n18.txt,HLCT,7,6,29,6,900.0,0,0.0,11,37.9,8,890.88,0.3,,,
BZ_h6s7f70p6n19.txt,HLCT,7,6,29,6,900.0,0,0.0,3,10.3,6,682.27,0.3,,,
BZ_h6s7f70p6n2.txt,HLCT,7,6,29,6,900.0,2,6.9,8,27.6,8,858.81,0.2,,,
BZ_h6s7f70p6n20.txt,HLCT,7,6,29,6,900.0,1,3.4,4,13.8,7,802.14,0.3,,,
BZ_h6s7f70p6n3.txt,HLCT,7,6,29,6,900.0,0,0.0,5,17.2,7,836.09,0.2,,,
BZ_h6s7f70p6n4.txt,HLCT,7,6,29,6,900.0,1,3.4,8,27.6,6,815.19,0.3,,,
BZ_h6s7f70p6n5.txt,HLCT,7,6,29,6,900.0,1,3.4,7,24.1,8,825.98,0.3,,,
BZ_h6s7f70p6n6.txt,HLCT,7,6,29,6,900.0,0,0.0,7,24.1,7,784.17,0.2,,,
BZ_h6s7f70p6n7.txt,HLCT,7,6,29,6,900.0,2,6.9,5,17.2,7,831.96,0.2,,,
BZ_h6s7f70p6n8.txt,HLCT,7,6,29,6,900.0,0,0.0,7,24.1,8,862.53,0.2,,,
BZ_h6s7f70p6n9.txt,HLCT,7,6,29,6,900.0,2,6.9,8,27.6,7,790.42,0.3,,,
BZ_h6s9f50p2n1.txt,HLCT,9,6,27,2,900.0,6,22.2,10,37.0,6,744.21,0.1,,,
BZ_h6s9f50p2n10.txt,HLCT,9,6,27,2,900.0,13,48.1,27,100.0,3,458.23,0.0,,,
BZ_h6s9f50p2n11.txt,HLCT,9,6,27,2,900.0,5,18.5,12,44.4,7,858.24,0.1,,,
BZ_h6s9f50p2n12.txt,HLCT,9,6,27,2,900.0,8,29.6,27,100.0,6,863.46,0.1,,,
BZ_h6s9f50p2n13.txt,HLCT,9,6,27,2,900.0,12,44.4,27,100.0,6,797.95,0.1,,,
BZ_h6s9f50p2n14.txt,HLCT,9,6,27,2,900.0,4,14.8,8,29.6,7,861.15,0.1,,,
BZ_h6s9f50p2n15.txt,HLCT,9,6,27,2,900.0,7,25.9,10,37.0,7,783.87,0.1,,,
BZ_h6s9f50p2n16.txt,HLCT,9,6,27,2,900.0,3,11.1,13,48.1,7,863.31,0.1,,,
BZ_h6s9f50p2n17.txt,HLCT,9,6,27,2,900.0,11,40.7,27,100.0,5,637.01,0.1,,,
BZ_h6s9f50p2n18.txt,HLCT,9,6,27,2,900.0,6,22.2,14,51.9,7,868.06,0.2,,,
BZ_h6s9f50p2n19.txt,HLCT,9,6,27,2,900.0,9,33.3,14,51.9,6,835.58,0.1,,,
BZ_h6s9f50p2n2.txt,HLCT,9,6,27,2,900.0,11,40.7,27,100.0,6,795.81,0.1,,,
BZ_h6s9f50p2n20.txt,HLCT,9,6,27,2,900.0,3,11.1,12,44.4,7,857.60,0.1,,,
BZ_h6s9f50p2n3.txt,HLCT,9,6,27,2,900.0,3,11.1,27,100.0,7,868.72,0.1,,,
BZ_h6s9f50p2n4.txt,HLCT,9,6,27,2,900.0,13,48.1,17,63.0,6,795.67,0.1,,,
BZ_h6s9f50p2n5.txt,HLCT,9,6,27,2,900.0,5,18.5,13,48.1,7,819.79,0.1,,,
BZ_h6s9f50p2n6.txt,HLCT,9,6,27,2,900.0,6,22.2,27,100.0,7,888.68,0.1,,,
BZ_h6s9f50p2n7.txt,HLCT,9,6,27,2,900.0,5,18.5,9,33.3,6,793.34,0.1,,,
BZ_h6s9f50p2n8.txt,HLCT,9,6,27,2,900.0,2,7.4,9,33.3,6,836.92,0.1,,,
BZ_h6s9f50p2n9.txt,HLCT,9,6,27,2,900.0,9,33.3,16,59.3,7,876.71,0.1,,,
BZ_h6s9f50p3n1.txt,HLCT,9,6,27,3,900.0,8,29.6,11,40.7,6,839.50,0.1,,,
BZ_h6s9f50p3n10.txt,HLCT,9,6,27,3,900.0,2,7.4,7,25.9,7,883.08,0.1,,,
BZ_h6s9f50p3n11.txt,HLCT,9,6,27,3,900.0,5,18.5,19,70.4,6,804.92,0.1,,,
BZ_h6s9f50p3n12.txt,HLCT,9,6,27,3,900.0,4,14.8,9,33.3,7,895.65,0.2,,,
BZ_h6s9f50p3n13.txt,HLCT,9,6,27,3,900.0,5,18.5,10,37.0,6,804.82,0.1,,,
BZ_h6s9f50p3n14.txt,HLCT,9,6,27,3,900.0,1,3.7,7,25.9,6,816.67,0.1,,,
BZ_h6s9f50p3n15.txt,HLCT,9,6,27,3,900.0,1,3.7,3,11.1,6,829.39,0.2,,,
BZ_h6s9f50p3n16.txt,HLCT,9,6,27,3,900.0,0,0.0,11,40.7,7,894.14,0.1,,,
BZ_h6s9f50p3n17.txt,HLCT,9,6,27,3,900.0,4,14.8,8,29.6,6,799.09,0.1,,,
BZ_h6s9f50p3n18.txt,HLCT,9,6,27,3,900.0,2,7.4,8,29.6,6,877.60,0.1,,,
BZ_h6s9f50p3n19.txt,HLCT,9,6,27,3,900.0,7,25.9,10,37.0,6,789.90,0.1,,,
BZ_h6s9f50p3n2.txt,HLCT,9,6,27,3,900.0,4,14.8,9,33.3,7,870.61,0.1,,,
BZ_h6s9f50p3n20.txt,HLCT,9,6,27,3,900.0,8,29.6,27,100.0,4,524.01,0.1,,,
BZ_h6s9f50p3n3.txt,HLCT,9,6,27,3,900.0,2,7.4,9,33.3,6,793.29,0.1,,,
BZ_h6s9f50p3n4.txt,HLCT,9,6,27,3,900.0,8,29.6,17,63.0,7,848.05,0.1,,,
BZ_h6s9f50p3n5.txt,HLCT,9,6,27,3,900.0,2,7.4,6,22.2,6,789.03,0.1,,,
BZ_h6s9f50p3n6.txt,HLCT,9,6,27,3,900.0,3,11.1,8,29.6,6,795.07,0.2,,,
BZ_h6s9f50p3n7.txt,HLCT,9,6,27,3,900.0,3,11.1,13,48.1,6,823.06,0.1,,,
BZ_h6s9f50p3n8.txt,HLCT,9,6,27,3,900.0,6,22.2,9,33.3,7,847.11,0.1,,,
BZ_h6s9f50p3n9.txt,HLCT,9,6,27,3,900.0,8,29.6,13,48.1,6,803.44,0.1,,,
BZ_h6s9f50p6n1.txt,HLCT,9,6,27,6,900.0,5,18.5,7,25.9,6,765.72,0.2,,,
BZ_h6s9f50p6n10.txt,HLCT,9,6,27,6,900.0,3,11.1,6,22.2,6,820.13,0.2,,,
BZ_h6s9f50p6n11.txt,HLCT,9,6,27,6,900.0,3,11.1,8,29.6,6,787.62,0.2,,,
BZ_h6s9f50p6n12.txt,HLCT,9,6,27,6,900.0,1,3.7,10,37.0,7,869.03,0.2,,,
BZ_h6s9f50p6n13.txt,HLCT,9,6,27,6,900.0,1,3.7,5,18.5,6,766.48,0.2,,,
BZ_h6s9f50p6n14.txt,HLCT,9,6,27,6,900.0,4,14.8,11,40.7,6,860.03,0.2,,,
BZ_h6s9f50p6n15.txt,HLCT,9,6,27,6,900.0,1,3.7,6,22.2,7,880.12,0.2,,,
BZ_h6s9f50p6n16.txt,HLCT,9,6,27,6,900.0,0,0.0,4,14.8,6,794.46,0.2,,,
BZ_h6s9f50p6n17.txt,HLCT,9,6,27,6,900.0,0,0.0,7,25.9,6,784.75,0.2,,,
BZ_h6s9f50p6n18.txt,HLCT,9,6,27,5,900.0,4,14.8,8,29.6,6,787.75,0.2,,,
BZ_h6s9f50p6n19.txt,HLCT,9,6,27,6,900.0,3,11.1,6,22.2,6,810.49,0.2,,,
BZ_h6s9f50p6n2.txt,HLCT,9,6,27,6,900.0,3,11.1,5,18.5,6,786.40,0.2,,,
BZ_h6s9f50p6n20.txt,HLCT,9,6,27,6,900.0,1,3.7,6,22.2,5,800.94,0.2,,,
BZ_h6s9f50p6n3.txt,HLCT,9,6,27,6,900.0,2,7.4,11,40.7,7,837.99,0.2,,,
BZ_h6s9f50p6n4.txt,HLCT,9,6,27,6,900.0,1,3.7,6,22.2,6,770.51,0.2,,,
BZ_h6s9f50p6n5.txt,HLCT,9,6,27,6,900.0,2,7.4,9,33.3,6,808.67,0.2,,,
BZ_h6s9f50p6n6.txt,HLCT,9,6,27,6,900.0,4,14.8,7,25.9,6,768.55,0.2,,,
BZ_h6s9f50p6n7.txt,HLCT,9,6,27,6,900.0,1,3.7,4,14.8,6,801.72,0.2,,,
BZ_h6s9f50p6n8.txt,HLCT,9,6,27,6,900.0,4,14.8,12,44.4,6,831.45,0.2,,,
BZ_h6s9f50p6n9.txt,HLCT,9,6,27,6,900.0,1,3.7,7,25.9,6,809.36,0.3,,,
BZ_h6s9f70p2n1.txt,HLCT,9,6,37,2,900.0,14,37.8,19,51.4,7,824.84,0.2,,,
BZ_h6s9f70p2n10.txt,HLCT,9,6,37,2,900.0,12,32.4,20,54.1,8,882.65,0.1,,,
BZ_h6s9f70p2n11.txt,HLCT,9,6,37,2,900.0,13,35.1,17,45.9,7,878.28,0.1,,,
BZ_h6s9f70p2n12.txt,HLCT,9,6,37,2,900.0,2,5.4,13,35.1,8,873.70,0.2,,,
BZ_h6s9f70p2n13.txt,HLCT,9,6,37,2,900.0,5,13.5,11,29.7,8,850.40,0.2,,,
BZ_h6s9f70p2n14.txt,HLCT,9,6,37,2,900.0,8,21.6,14,37.8,7,836.00,0.1,,,
BZ_h6s9f70p2n15.txt,HLCT,9,6,37,2,900.0,3,8.1,12,32.4,7,870.82,0.1,,,
BZ_h6s9f70p2n16.txt,HLCT,9,6,37,2,900.0,5,13.5,12,32.4,7,830.74,0.2,,,
BZ_h6s9f70p2n17.txt,HLCT,9,6,37,2,900.0,3,8.1,11,29.7,6,646.86,0.1,,,
BZ_h6s9f70p2n18.txt,HLCT,9,6,37,2,900.0,5,13.5,11,29.7,7,818.92,0.1,,,
BZ_h6s9f70p2n19.txt,HLCT,9,6,37,2,900.0,14,37.8,23,62.2,8,891.52,0.1,,,
BZ_h6s9f70p2n2.txt,HLCT,9,6,37,2,900.0,7,18.9,12,32.4,7,822.74,0.1,,,
BZ_h6s9f70p2n20.txt,HLCT,9,6,37,2,900.0,9,24.3,13,35.1,8,831.73,0.1,,,
BZ_h6s9f70p2n3.txt,HLCT,9,6,37,2,900.0,11,29.7,18,48.6,8,848.81,0.1,,,
BZ_h6s9f70p2n4.txt,HLCT,9,6,37,2,900.0,11,29.7,15,40.5,6,808.78,0.1,,,
BZ_h6s9f70p2n5.txt,HLCT,9,6,37,2,900.0,9,24.3,14,37.8,7,844.65,0.1,,,
BZ_h6s9f70p2n6.txt,HLCT,9,6,37,2,900.0,12,32.4,21,56.8,7,839.72,0.1,,,
BZ_h6s9f70p2n7.txt,HLCT,9,6,37,2,900.0,12,32.4,21,56.8,7,837.60,0.1,,,
BZ_h6s9f70p2n8.txt,HLCT,9,6,37,2,900.0,3,8.1,11,29.7,7,839.54,0.1,,,
BZ_h6s9f70p2n9.txt,HLCT,9,6,37,2,900.0,7,18.9,11,29.7,7,828.61,0.1,,,
BZ_h6s9f70p3n1.txt,HLCT,9,6,37,3,900.0,0,0.0,5,13.5,8,892.69,0.2,,,
BZ_h6s9f70p3n10.txt,HLCT,9,6,37,3,900.0,3,8.1,7,18.9,7,860.38,0.2,,,
BZ_h6s9f70p3n11.txt,HLCT,9,6,37,3,900.0,3,8.1,18,48.6,7,728.51,0.2,,,
BZ_h6s9f70p3n12.txt,HLCT,9,6,37,3,900.0,3,8.1,10,27.0,7,793.18,0.2,,,
BZ_h6s9f70p3n13.txt,HLCT,9,6,37,3,900.0,7,18.9,12,32.4,8,789.82,0.1,,,
BZ_h6s9f70p3n14.txt,HLCT,9,6,37,3,900.0,10,27.0,14,37.8,8,884.54,0.2,,,
BZ_h6s9f70p3n15.txt,HLCT,9,6,37,3,900.0,3,8.1,8,21.6,7,815.83,0.3,,,
BZ_h6s9f70p3n16.txt,HLCT,9,6,37,3,900.0,7,18.9,11,29.7,7,833.42,0.1,,,
BZ_h6s9f70p3n17.txt,HLCT,9,6,37,3,900.0,6,16.2,9,24.3,7,852.22,0.2,,,
BZ_h6s9f70p3n18.txt,HLCT,9,6,37,3,900.0,4,10.8,9,24.3,7,830.95,0.2,,,
BZ_h6s9f70p3n19.txt,HLCT,9,6,37,3,900.0,8,21.6,12,32.4,7,829.83,0.2,,,
BZ_h6s9f70p3n2.txt,HLCT,9,6,37,3,900.0,1,2.7,10,27.0,7,859.81,0.2,,,
BZ_h6s9f70p3n20.txt,HLCT,9,6,37,3,900.0,3,8.1,8,21.6,6,820.80,0.2,,,
BZ_h6s9f70p3n3.txt,HLCT,9,6,37,3,900.0,3,8.1,8,21.6,7,811.13,0.2,,,
BZ_h6s9f70p3n4.txt,HLCT,9,6,37,3,900.0,7,18.9,13,35.1,7,886.65,0.2,,,
BZ_h6s9f70p3n5.txt,HLCT,9,6,37,3,900.0,1,2.7,9,24.3,7,879.24,0.2,,,
BZ_h6s9f70p3n6.txt,HLCT,9,6,37,3,900.0,5,13.5,12,32.4,7,821.45,0.2,,,
BZ_h6s9f70p3n7.txt,HLCT,9,6,37,3,900.0,6,16.2,11,29.7,8,870.95,0.2,,,
BZ_h6s9f70p3n8.txt,HLCT,9,6,37,3,900.0,5,13.5,10,27.0,8,873.97,0.2,,,
BZ_h6s9f70p3n9.txt,HLCT,9,6,37,3,900.0,7,18.9,12,32.4,7,810.53,0.1,,,
BZ_h6s9f70p6n1.txt,HLCT,9,6,37,6,900.0,1,2.7,5,13.5,8,869.15,0.3,,,
BZ_h6s9f70p6n10.txt,HLCT,9,6,37,6,900.0,2,5.4,5,13.5,7,796.77,0.3,,,
BZ_h6s9f70p6n11.txt,HLCT,9,6,37,6,900.0,2,5.4,8,21.6,7,823.41,0.3,,,
BZ_h6s9f70p6n12.txt,HLCT,9,6,37,6,900.0,2,5.4,10,27.0,7,874.66,0.3,,,
BZ_h6s9f70p6n13.txt,HLCT,9,6,37,6,900.0,2,5.4,4,10.8,8,884.27,0.3,,,
BZ_h6s9f70p6n14.txt,HLCT,9,6,37,6,900.0,0,0.0,5,13.5,8,887.03,0.3,,,
BZ_h6s9f70p6n15.txt,HLCT,9,6,37,6,900.0,1,2.7,5,13.5,7,835.05,0.3,,,
BZ_h6s9f70p6n16.txt,HLCT,9,6,37,6,900.0,1,2.7,14,37.8,7,828.81,0.3,,,
BZ_h6s9f70p6n17.txt,HLCT,9,6,37,6,900.0,3,8.1,5,13.5,7,801.08,0.2,,,
BZ_h6s9f70p6n18.txt,HLCT,9,6,37,6,900.0,1,2.7,6,16.2,8,859.59,0.3,,,
BZ_h6s9f70p6n19.txt,HLCT,9,6,37,6,900.0,3,8.1,5,13.5,7,832.42,0.3,,,
BZ_h6s9f70p6n2.txt,HLCT,9,6,37,6,900.0,0,0.0,4,10.8,7,817.20,0.3,,,
BZ_h6s9f70p6n20.txt,HLCT,9,6,37,6,900.0,3,8.1,9,24.3,7,781.41,0.3,,,
BZ_h6s9f70p6n3.txt,HLCT,9,6,37,6,900.0,2,5.4,4,10.8,7,787.54,0.3,,,
BZ_h6s9f70p6n4.txt,HLCT,9,6,37,6,900.0,1,2.7,8,21.6,7,889.00,0.3,,,
BZ_h6s9f70p6n5.txt,HLCT,9,6,37,6,900.0,5,13.5,9,24.3,7,840.26,0.3,,,
BZ_h6s9f70p6n6.txt,HLCT,9,6,37,6,900.0,0,0.0,4,10.8,7,800.74,0.3,,,
BZ_h6s9f70p6n7.txt,HLCT,9,6,37,6,900.0,1,2.7,6,16.2,7,815.90,0.3,,,
BZ_h6s9f70p6n8.txt,HLCT,9,6,37,6,900.0,4,10.8,8,21.6,7,819.06,0.3,,,
BZ_h6s9f70p6n9.txt,HLCT,9,6,37,6,900.0,0,0.0,9,24.3,7,851.44,0.3,,,
BZ_h4s3f50p2n1.txt,HLCT,3,4,6,2,1200.0,0,0.0,6,100.0,3,316.52,0.0,,,
BZ_h4s3f50p2n10.txt,HLCT,3,4,6,2,1200.0,0,0.0,6,100.0,2,215.59,0.0,,,
BZ_h4s3f50p2n11.txt,HLCT,3,4,6,2,1200.0,1,16.7,6,100.0,1,108.07,0.0,,,
BZ_h4s3f50p2n12.txt,HLCT,3,4,6,2,1200.0,2,33.3,6,100.0,1,102.84,0.0,,,
BZ_h4s3f50p2n13.txt,HLCT,3,4,6,2,1200.0,1,16.7,6,100.0,4,444.71,0.0,,,
BZ_h4s3f50p2n14.txt,HLCT,3,4,6,2,1200.0,1,16.7,6,100.0,2,212.82,0.0,,,
BZ_h4s3f50p2n15.txt,HLCT,3,4,6,2,1200.0,3,50.0,6,100.0,3,335.61,0.0,,,
BZ_h4s3f50p2n16.txt,HLCT,3,4,6,2,1200.0,2,33.3,6,100.0,3,311.66,0.0,,,
BZ_h4s3f50p2n17.txt,HLCT,3,4,6,2,1200.0,2,33.3,6,100.0,2,233.55,0.0,,,
BZ_h4s3f50p2n18.txt,HLCT,3,4,6,2,1200.0,3,50.0,6,100.0,1,120.84,0.0,,,
BZ_h4s3f50p2n19.txt,HLCT,3,4,6,2,1200.0,2,33.3,6,100.0,2,219.55,0.0,,,
BZ_h4s3f50p2n2.txt,HLCT,3,4,6,2,1200.0,2,33.3,6,100.0,2,197.64,0.0,,,
BZ_h4s3f50p2n20.txt,HLCT,3,4,6,2,1200.0,3,50.0,6,100.0,2,228.26,0.0,,,
BZ_h4s3f50p2n3.txt,HLCT,3,4,6,2,1200.0,1,16.7,6,100.0,1,108.07,0.0,,,
BZ_h4s3f50p2n4.txt,HLCT,3,4,6,2,1200.0,3,50.0,6,100.0,2,236.04,0.0,,,
BZ_h4s3f50p2n5.txt,HLCT,3,4,6,2,1200.0,1,16.7,6,100.0,3,284.21,0.0,,,
BZ_h4s3f50p2n6.txt,HLCT,3,4,6,2,1200.0,0,0.0,6,100.0,2,212.80,0.0,,,
BZ_h4s3f50p2n7.txt,HLCT,3,4,6,2,1200.0,1,16.7,6,100.0,1,104.17,0.0,,,
BZ_h4s3f50p2n8.txt,HLCT,3,4,6,2,1200.0,0,0.0,6,100.0,4,429.49,0.0,,,
BZ_h4s3f50p2n9.txt,HLCT,3,4,6,2,1200.0,1,16.7,6,100.0,1,95.06,0.0,,,
BZ_h4s3f50p3n1.txt,HLCT,3,4,6,3,1200.0,1,16.7,6,100.0,6,640.55,0.1,,,
BZ_h4s3f50p3n10.txt,HLCT,3,4,6,3,1200.0,2,33.3,6,100.0,3,308.94,0.0,,,
BZ_h4s3f50p3n11.txt,HLCT,3,4,6,3,1200.0,1,16.7,6,100.0,2,201.51,0.0,,,
BZ_h4s3f50p3n12.txt,HLCT,3,4,6,3,1200.0,2,33.3,6,100.0,3,305.06,0.0,,,
BZ_h4s3f50p3n13.txt,HLCT,3,4,6,3,1200.0,0,0.0,6,100.0,2,218.34,0.0,,,
BZ_h4s3f50p3n14.txt,HLCT,3,4,6,3,1200.0,1,16.7,6,100.0,4,425.34,0.0,,,
BZ_h4s3f50p3n15.txt,HLCT,3,4,6,3,1200.0,0,0.0,6,100.0,5,548.15,0.1,,,
BZ_h4s3f50p3n16.txt,HLCT,3,4,6,3,1200.0,1,16.7,6,100.0,2,228.36,0.0,,,
BZ_h4s3f50p3n17.txt,HLCT,3,4,6,3,1200.0,0,0.0,6,100.0,2,212.64,0.0,,,
BZ_h4s3f50p3n18.txt,HLCT,3,4,6,3,1200.0,2,33.3,6,100.0,1,102.99,0.0,,,
BZ_h4s3f50p3n19.txt,HLCT,3,4,6,3,1200.0,0,0.0,6,100.0,2,214.31,0.0,,,
BZ_h4s3f50p3n2.txt,HLCT,3,4,6,3,1200.0,1,16.7,6,100.0,2,211.51,0.0,,,
BZ_h4s3f50p3n20.txt,HLCT,3,4,6,3,1200.0,2,33.3,6,100.0,1,126.02,0.0,,,
BZ_h4s3f50p3n3.txt,HLCT,3,4,6,3,1200.0,3,50.0,6,100.0,3,297.47,0.0,,,
BZ_h4s3f50p3n4.txt,HLCT,3,4,6,3,1200.0,0,0.0,6,100.0,4,422.59,0.1,,,
BZ_h4s3f50p3n5.txt,HLCT,3,4,6,3,1200.0,1,16.7,6,100.0,2,193.74,0.0,,,
BZ_h4s3f50p3n6.txt,HLCT,3,4,6,3,1200.0,0,0.0,6,100.0,3,284.21,0.0,,,
BZ_h4s3f50p3n7.txt,HLCT,3,4,6,2,1200.0,0,0.0,6,100.0,1,109.17,0.0,,,
BZ_h4s3f50p3n8.txt,HLCT,3,4,6,3,1200.0,0,0.0,6,100.0,2,215.63,0.0,,,
BZ_h4s3f50p3n9.txt,HLCT,3,4,6,3,1200.0,0,0.0,6,100.0,2,236.04,0.0,,,
BZ_h4s3f50p6n1.txt,HLCT,3,4,6,6,1200.0,0,0.0,6,100.0,2,215.65,0.0,,,
BZ_h4s3f50p6n10.txt,HLCT,3,4,6,6,1200.0,1,16.7,6,100.0,4,411.54,0.1,,,
BZ_h4s3f50p6n11.txt,HLCT,3,4,6,6,1200.0,0,0.0,6,100.0,4,407.64,0.1,,,
BZ_h4s3f50p6n12.txt,HLCT,3,4,6,6,1200.0,2,33.3,6,100.0,3,351.23,0.0,,,
BZ_h4s3f50p6n13.txt,HLCT,3,4,6,5,1200.0,1,16.7,6,100.0,1,99.99,0.0,,,
BZ_h4s3f50p6n14.txt,HLCT,3,4,6,6,1200.0,0,0.0,6,100.0,4,407.64,0.1,,,
BZ_h4s3f50p6n15.txt,HLCT,3,4,6,6,1200.0,0,0.0,6,100.0,2,233.55,0.0,,,
BZ_h4s3f50p6n16.txt,HLCT,3,4,6,5,1200.0,1,16.7,6,100.0,1,125.98,0.0,,,
BZ_h4s3f50p6n17.txt,HLCT,3,4,6,6,1200.0,2,33.3,6,100.0,3,351.23,0.0,,,
BZ_h4s3f50p6n18.txt,HLCT,3,4,6,6,1200.0,1,16.7,6,100.0,4,447.34,0.1,,,
BZ_h4s3f50p6n19.txt,HLCT,3,4,6,6,1200.0,1,16.7,6,100.0,1,110.47,0.0,,,
BZ_h4s3f50p6n2.txt,HLCT,3,4,6,6,1200.0,2,33.3,6,100.0,4,439.63,0.1,,,
BZ_h4s3f50p6n20.txt,HLCT,3,4,6,4,1200.0,0,0.0,6,100.0,1,102.58,0.0,,,
BZ_h4s3f50p6n3.txt,HLCT,3,4,6,5,1200.0,0,0.0,6,100.0,5,545.90,0.1,,,
BZ_h4s3f50p6n4.txt,HLCT,3,4,6,5,1200.0,0,0.0,6,100.0,5,511.12,0.1,,,
BZ_h4s3f50p6n5.txt,HLCT,3,4,6,6,1200.0,2,33.3,6,100.0,5,537.78,0.1,,,
BZ_h4s3f50p6n6.txt,HLCT,3,4,6,6,1200.0,2,33.3,6,100.0,3,310.14,0.1,,,
BZ_h4s3f50p6n7.txt,HLCT,3,4,6,5,1200.0,0,0.0,6,100.0,3,316.52,0.0,,,
BZ_h4s3f50p6n8.txt,HLCT,3,4,6,6,1200.0,0,0.0,6,100.0,5,553.78,0.1,,,
BZ_h4s3f50p6n9.txt,HLCT,3,4,6,6,1200.0,0,0.0,6,100.0,3,348.38,0.1,,,
BZ_h4s3f70p2n1.txt,HLCT,3,4,8,2,1200.0,2,25.0,8,100.0,5,499.44,0.0,,,
BZ_h4s3f70p2n10.txt,HLCT,3,4,8,2,1200.0,3,37.5,8,100.0,2,200.05,0.0,,,
BZ_h4s3f70p2n11.txt,HLCT,3,4,8,2,1200.0,3,37.5,8,100.0,7,686.14,0.1,,,
BZ_h4s3f70p2n12.txt,HLCT,3,4,8,2,1200.0,0,0.0,8,100.0,3,284.21,0.0,,,
BZ_h4s3f70p2n13.txt,HLCT,3,4,8,2,1200.0,0,0.0,8,100.0,11,1060.09,0.1,,,
BZ_h4s3f70p2n14.txt,HLCT,3,4,8,2,1200.0,2,25.0,8,100.0,3,285.72,0.0,,,
BZ_h4s3f70p2n15.txt,HLCT,3,4,8,2,1200.0,0,0.0,8,100.0,2,184.64,0.0,,,
BZ_h4s3f70p2n16.txt,HLCT,3,4,8,2,1200.0,1,12.5,8,100.0,1,110.47,0.0,,,
BZ_h4s3f70p2n17.txt,HLCT,3,4,8,2,1200.0,4,50.0,8,100.0,3,296.09,0.0,,,
BZ_h4s3f70p2n18.txt,HLCT,3,4,8,2,1200.0,5,62.5,8,100.0,5,500.55,0.1,,,
BZ_h4s3f70p2n19.txt,HLCT,3,4,8,2,1200.0,3,37.5,8,100.0,5,497.03,0.0,,,
BZ_h4s3f70p2n2.txt,HLCT,3,4,8,2,1200.0,0,0.0,8,100.0,3,281.98,0.0,,,
BZ_h4s3f70p2n20.txt,HLCT,3,4,8,2,1200.0,2,25.0,8,100.0,7,713.04,0.1,,,
BZ_h4s3f70p2n3.txt,HLCT,3,4,8,2,1200.0,2,25.0,8,100.0,1,88.54,0.0,,,
BZ_h4s3f70p2n4.txt,HLCT,3,4,8,2,1200.0,2,25.0,8,100.0,10,1001.05,0.1,,,
BZ_h4s3f70p2n5.txt,HLCT,3,4,8,2,1200.0,5,62.5,8,100.0,5,503.35,0.1,,,
BZ_h4s3f70p2n6.txt,HLCT,3,4,8,2,1200.0,3,37.5,8,100.0,3,301.35,0.0,,,
BZ_h4s3f70p2n7.txt,HLCT,3,4,8,2,1200.0,2,25.0,8,100.0,2,187.02,0.1,,,
BZ_h4s3f70p2n8.txt,HLCT,3,4,8,2,1200.0,1,12.5,8,100.0,5,499.13,0.1,,,
BZ_h4s3f70p2n9.txt,HLCT,3,4,8,2,1200.0,0,0.0,8,100.0,1,101.32,0.0,,,
BZ_h4s3f70p3n1.txt,HLCT,3,4,8,3,1200.0,0,0.0,8,100.0,3,289.44,0.0,,,
BZ_h4s3f70p3n10.txt,HLCT,3,4,8,3,1200.0,2,25.0,8,100.0,1,102.99,0.0,,,
BZ_h4s3f70p3n11.txt,HLCT,3,4,8,3,1200.0,0,0.0,8,100.0,12,1151.92,0.1,,,
BZ_h4s3f70p3n12.txt,HLCT,3,4,8,3,1200.0,1,12.5,8,100.0,6,603.10,0.1,,,
BZ_h4s3f70p3n13.txt,HLCT,3,4,8,3,1200.0,3,37.5,8,100.0,1,108.07,0.0,,,
BZ_h4s3f70p3n14.txt,HLCT,3,4,8,3,1200.0,1,12.5,8,100.0,3,289.60,0.0,,,
BZ_h4s3f70p3n15.txt,HLCT,3,4,8,3,1200.0,0,0.0,8,100.0,5,464.80,0.3,,,
BZ_h4s3f70p3n16.txt,HLCT,3,4,8,3,1200.0,3,37.5,8,100.0,5,499.47,0.1,,,
BZ_h4s3f70p3n17.txt,HLCT,3,4,8,3,1200.0,1,12.5,8,100.0,6,598.00,0.1,,,
BZ_h4s3f70p3n18.txt,HLCT,3,4,8,3,1200.0,0,0.0,8,100.0,7,646.98,0.1,,,
BZ_h4s3f70p3n19.txt,HLCT,3,4,8,3,1200.0,1,12.5,8,100.0,10,1002.81,0.1,,,
BZ_h4s3f70p3n2.txt,HLCT,3,4,8,3,1200.0,1,12.5,8,100.0,1,96.39,0.0,,,
BZ_h4s3f70p3n20.txt,HLCT,3,4,8,3,1200.0,3,37.5,8,100.0,4,381.61,0.1,,,
BZ_h4s3f70p3n3.txt,HLCT,3,4,8,3,1200.0,4,50.0,8,100.0,2,219.55,0.0,,,
BZ_h4s3f70p3n4.txt,HLCT,3,4,8,3,1200.0,0,0.0,8,100.0,5,485.11,0.1,,,
BZ_h4s3f70p3n5.txt,HLCT,3,4,8,3,1200.0,0,0.0,8,100.0,11,1067.41,0.1,,,
BZ_h4s3f70p3n6.txt,HLCT,3,4,8,3,1200.0,2,25.0,8,100.0,4,394.27,0.0,,,
BZ_h4s3f70p3n7.txt,HLCT,3,4,8,3,1200.0,0,0.0,8,100.0,5,504.65,0.1,,,
BZ_h4s3f70p3n8.txt,HLCT,3,4,8,3,1200.0,0,0.0,8,100.0,11,1082.96,0.1,,,
BZ_h4s3f70p3n9.txt,HLCT,3,4,8,3,1200.0,0,0.0,8,100.0,6,575.72,0.1,,,
BZ_h4s3f70p6n1.txt,HLCT,3,4,8,6,1200.0,0,0.0,8,100.0,12,1195.90,0.1,,,
BZ_h4s3f70p6n10.txt,HLCT,3,4,8,4,1200.0,2,25.0,8,100.0,7,701.47,0.1,,,
BZ_h4s3f70p6n11.txt,HLCT,3,4,8,5,1200.0,2,25.0,8,100.0,9,856.20,0.1,,,
BZ_h4s3f70p6n12.txt,HLCT,3,4,8,6,1200.0,1,12.5,8,100.0,2,200.16,0.0,,,
BZ_h4s3f70p6n13.txt,HLCT,3,4,8,6,1200.0,1,12.5,8,100.0,4,388.15,0.1,,,
BZ_h4s3f70p6n14.txt,HLCT,3,4,8,6,1200.0,2,25.0,6,75.0,9,926.94,0.2,,,
BZ_h4s3f70p6n15.txt,HLCT,3,4,8,4,1200.0,1,12.5,8,100.0,10,981.58,0.1,,,
BZ_h4s3f70p6n16.txt,HLCT,3,4,8,6,1200.0,6,75.0,8,100.0,4,402.00,0.0,,,
BZ_h4s3f70p6n17.txt,HLCT,3,4,8,6,1200.0,0,0.0,8,100.0,8,780.68,0.1,,,
BZ_h4s3f70p6n18.txt,HLCT,3,4,8,6,1200.0,0,0.0,2,25.0,7,702.59,0.1,,,
BZ_h4s3f70p6n19.txt,HLCT,3,4,8,6,1200.0,0,0.0,8,100.0,2,184.64,0.0,,,
BZ_h4s3f70p6n2.txt,HLCT,3,4,8,6,1200.0,4,50.0,8,100.0,5,500.60,0.1,,,
BZ_h4s3f70p6n20.txt,HLCT,3,4,8,6,1200.0,3,37.5,8,100.0,8,815.80,0.1,,,
BZ_h4s3f70p6n3.txt,HLCT,3,4,8,6,1200.0,1,12.5,8,100.0,6,572.22,0.1,,,
BZ_h4s3f70p6n4.txt,HLCT,3,4,8,6,1200.0,0,0.0,8,100.0,7,714.84,0.1,,,
BZ_h4s3f70p6n5.txt,HLCT,3,4,8,5,1200.0,4,50.0,8,100.0,4,409.72,0.1,,,
BZ_h4s3f70p6n6.txt,HLCT,3,4,8,6,1200.0,1,12.5,8,100.0,5,492.98,0.1,,,
BZ_h4s3f70p6n7.txt,HLCT,3,4,8,5,1200.0,0,0.0,3,37.5,8,791.20,0.2,,,
BZ_h4s3f70p6n8.txt,HLCT,3,4,8,6,1200.0,0,0.0,8,100.0,5,504.65,0.1,,,
BZ_h4s3f70p6n9.txt,HLCT,3,4,8,6,1200.0,0,0.0,8,100.0,2,182.02,0.0,,,
BZ_h4s5f50p2n1.txt,HLCT,5,4,10,2,1200.0,3,30.0,10,100.0,2,206.47,0.0,,,
BZ_h4s5f50p2n10.txt,HLCT,5,4,10,2,1200.0,4,40.0,10,100.0,3,323.99,0.0,,,
BZ_h4s5f50p2n11.txt,HLCT,5,4,10,2,1200.0,0,0.0,10,100.0,5,499.33,0.0,,,
BZ_h4s5f50p2n12.txt,HLCT,5,4,10,2,1200.0,0,0.0,10,100.0,5,567.31,0.1,,,
BZ_h4s5f50p2n13.txt,HLCT,5,4,10,2,1200.0,3,30.0,10,100.0,2,211.14,0.0,,,
BZ_h4s5f50p2n14.txt,HLCT,5,4,10,2,1200.0,1,10.0,10,100.0,3,300.87,0.0,,,
BZ_h4s5f50p2n15.txt,HLCT,5,4,10,2,1200.0,3,30.0,10,100.0,4,431.20,0.1,,,
BZ_h4s5f50p2n16.txt,HLCT,5,4,10,2,1200.0,2,20.0,10,100.0,2,200.95,0.0,,,
BZ_h4s5f50p2n17.txt,HLCT,5,4,10,2,1200.0,3,30.0,10,100.0,5,529.09,0.1,,,
BZ_h4s5f50p2n18.txt,HLCT,5,4,10,2,1200.0,2,20.0,10,100.0,5,544.14,0.1,,,
BZ_h4s5f50p2n19.txt,HLCT,5,4,10,2,1200.0,2,20.0,10,100.0,1,118.37,0.0,,,
BZ_h4s5f50p2n2.txt,HLCT,5,4,10,2,1200.0,3,30.0,10,100.0,1,117.94,0.0,,,
BZ_h4s5f50p2n20.txt,HLCT,5,4,10,2,1200.0,1,10.0,10,100.0,4,437.44,0.0,,,
BZ_h4s5f50p2n3.txt,HLCT,5,4,10,2,1200.0,2,20.0,10,100.0,3,301.16,0.0,,,
BZ_h4s5f50p2n4.txt,HLCT,5,4,10,2,1200.0,4,40.0,10,100.0,2,185.97,0.0,,,
BZ_h4s5f50p2n5.txt,HLCT,5,4,10,2,1200.0,6,60.0,10,100.0,3,308.94,0.0,,,
BZ_h4s5f50p2n6.txt,HLCT,5,4,10,2,1200.0,2,20.0,10,100.0,3,312.88,0.0,,,
BZ_h4s5f50p2n7.txt,HLCT,5,4,10,2,1200.0,1,10.0,10,100.0,2,220.02,0.0,,,
BZ_h4s5f50p2n8.txt,HLCT,5,4,10,2,1200.0,1,10.0,10,100.0,2,193.56,0.0,,,
BZ_h4s5f50p2n9.txt,HLCT,5,4,10,2,1200.0,5,50.0,10,100.0,1,105.52,0.0,,,
BZ_h4s5f50p3n1.txt,HLCT,5,4,10,3,1200.0,1,10.0,10,100.0,1,99.09,0.0,,,
BZ_h4s5f50p3n10.txt,HLCT,5,4,10,3,1200.0,1,10.0,10,100.0,3,330.74,0.0,,,
BZ_h4s5f50p3n11.txt,HLCT,5,4,10,3,1200.0,2,20.0,10,100.0,3,319.05,0.0,,,
BZ_h4s5f50p3n12.txt,HLCT,5,4,10,3,1200.0,3,30.0,10,100.0,1,119.45,0.0,,,
BZ_h4s5f50p3n13.txt,HLCT,5,4,10,3,1200.0,6,60.0,10,100.0,2,251.49,0.0,,,
BZ_h4s5f50p3n14.txt,HLCT,5,4,10,3,1200.0,3,30.0,10,100.0,2,179.56,0.0,,,
BZ_h4s5f50p3n15.txt,HLCT,5,4,10,3,1200.0,2,20.0,10,100.0,4,406.47,0.1,,,
BZ_h4s5f50p3n16.txt,HLCT,5,4,10,3,1200.0,1,10.0,10,100.0,6,668.21,0.1,,,
BZ_h4s5f50p3n17.txt,HLCT,5,4,10,3,1200.0,3,30.0,10,100.0,2,230.38,0.0,,,
BZ_h4s5f50p3n18.txt,HLCT,5,4,10,3,1200.0,0,0.0,10,100.0,3,306.65,0.0,,,
BZ_h4s5f50p3n19.txt,HLCT,5,4,10,3,1200.0,1,10.0,10,100.0,3,302.25,0.1,,,
BZ_h4s5f50p3n2.txt,HLCT,5,4,10,3,1200.0,2,20.0,10,100.0,3,305.16,0.1,,,
BZ_h4s5f50p3n20.txt,HLCT,5,4,10,3,1200.0,1,10.0,10,100.0,3,312.62,0.1,,,
BZ_h4s5f50p3n3.txt,HLCT,5,4,10,3,1200.0,4,40.0,10,100.0,3,305.08,0.1,,,
BZ_h4s5f50p3n4.txt,HLCT,5,4,10,3,1200.0,3,30.0,10,100.0,4,430.42,0.1,,,
BZ_h4s5f50p3n5.txt,HLCT,5,4,10,3,1200.0,4,40.0,10,100.0,4,486.75,0.1,,,
BZ_h4s5f50p3n6.txt,HLCT,5,4,10,3,1200.0,1,10.0,10,100.0,4,466.45,0.1,,,
BZ_h4s5f50p3n7.txt,HLCT,5,4,10,3,1200.0,5,50.0,10,100.0,4,485.37,0.1,,,
BZ_h4s5f50p3n8.txt,HLCT,5,4,10,3,1200.0,3,30.0,10,100.0,2,211.14,0.0,,,
BZ_h4s5f50p3n9.txt,HLCT,5,4,10,3,1200.0,5,50.0,10,100.0,4,443.76,0.1,,,
BZ_h4s5f50p6n1.txt,HLCT,5,4,10,5,1200.0,3,30.0,10,100.0,3,338.21,0.0,,,
BZ_h4s5f50p6n10.txt,HLCT,5,4,10,6,1200.0,4,40.0,10,100.0,2,209.47,0.0,,,
BZ_h4s5f50p6n11.txt,HLCT,5,4,10,6,1200.0,2,20.0,10,100.0,5,537.59,0.1,,,
BZ_h4s5f50p6n12.txt,HLCT,5,4,10,6,1200.0,0,0.0,10,100.0,2,216.80,0.0,,,
BZ_h4s5f50p6n13.txt,HLCT,5,4,10,6,1200.0,2,20.0,10,100.0,3,324.01,0.1,,,
BZ_h4s5f50p6n14.txt,HLCT,5,4,10,6,1200.0,2,20.0,10,100.0,4,458.88,0.1,,,
BZ_h4s5f50p6n15.txt,HLCT,5,4,10,5,1200.0,0,0.0,10,100.0,5,531.82,0.1,,,
BZ_h4s5f50p6n16.txt,HLCT,5,4,10,6,1200.0,3,30.0,10,100.0,2,224.35,0.0,,,
BZ_h4s5f50p6n17.txt,HLCT,5,4,10,6,1200.0,0,0.0,10,100.0,5,557.29,0.1,,,
BZ_h4s5f50p6n18.txt,HLCT,5,4,10,6,1200.0,0,0.0,10,100.0,5,516.44,0.1,,,
BZ_h4s5f50p6n19.txt,HLCT,5,4,10,6,1200.0,1,10.0,10,100.0,3,340.87,0.1,,,
BZ_h4s5f50p6n2.txt,HLCT,5,4,10,6,1200.0,2,20.0,10,100.0,2,197.64,0.1,,,
BZ_h4s5f50p6n20.txt,HLCT,5,4,10,5,1200.0,2,20.0,10,100.0,2,214.36,0.0,,,
BZ_h4s5f50p6n3.txt,HLCT,5,4,10,6,1200.0,3,30.0,10,100.0,2,239.97,0.0,,,
BZ_h4s5f50p6n4.txt,HLCT,5,4,10,6,1200.0,0,0.0,10,100.0,7,794.20,0.2,,,
BZ_h4s5f50p6n5.txt,HLCT,5,4,10,6,1200.0,0,0.0,10,100.0,1,113.20,0.0,,,
BZ_h4s5f50p6n6.txt,HLCT,5,4,10,6,1200.0,1,10.0,10,100.0,6,635.74,0.1,,,
BZ_h4s5f50p6n7.txt,HLCT,5,4,10,6,1200.0,0,0.0,10,100.0,6,643.09,0.2,,,
BZ_h4s5f50p6n8.txt,HLCT,5,4,10,6,1200.0,1,10.0,10,100.0,6,636.34,0.2,,,
BZ_h4s5f50p6n9.txt,HLCT,5,4,10,6,1200.0,0,0.0,10,100.0,6,653.10,0.2,,,
BZ_h4s5f70p2n1.txt,HLCT,5,4,14,2,1200.0,4,28.6,14,100.0,3,259.23,0.0,,,
BZ_h4s5f70p2n10.txt,HLCT,5,4,14,2,1200.0,4,28.6,14,100.0,2,188.60,0.0,,,
BZ_h4s5f70p2n11.txt,HLCT,5,4,14,2,1200.0,4,28.6,14,100.0,4,381.59,0.0,,,
BZ_h4s5f70p2n12.txt,HLCT,5,4,14,2,1200.0,3,21.4,14,100.0,2,191.30,0.0,,,
BZ_h4s5f70p2n13.txt,HLCT,5,4,14,2,1200.0,2,14.3,14,100.0,4,407.30,0.0,,,
BZ_h4s5f70p2n14.txt,HLCT,5,4,14,2,1200.0,4,28.6,14,100.0,6,612.57,0.1,,,
BZ_h4s5f70p2n15.txt,HLCT,5,4,14,2,1200.0,6,42.9,14,100.0,3,290.72,0.0,,,
BZ_h4s5f70p2n16.txt,HLCT,5,4,14,2,1200.0,8,57.1,14,100.0,6,610.29,0.1,,,
BZ_h4s5f70p2n17.txt,HLCT,5,4,14,2,1200.0,5,35.7,14,100.0,4,381.56,0.0,,,
BZ_h4s5f70p2n18.txt,HLCT,5,4,14,2,1200.0,7,50.0,14,100.0,4,411.81,0.0,,,
BZ_h4s5f70p2n19.txt,HLCT,5,4,14,2,1200.0,1,7.1,14,100.0,2,192.55,0.0,,,
BZ_h4s5f70p2n2.txt,HLCT,5,4,14,2,1200.0,9,64.3,14,100.0,1,106.69,0.0,,,
BZ_h4s5f70p2n20.txt,HLCT,5,4,14,2,1200.0,4,28.6,14,100.0,2,171.61,0.0,,,
BZ_h4s5f70p2n3.txt,HLCT,5,4,14,2,1200.0,3,21.4,14,100.0,4,405.61,0.0,,,
BZ_h4s5f70p2n4.txt,HLCT,5,4,14,2,1200.0,7,50.0,14,100.0,1,107.51,0.0,,,
BZ_h4s5f70p2n5.txt,HLCT,5,4,14,2,1200.0,6,42.9,14,100.0,4,430.21,0.0,,,
BZ_h4s5f70p2n6.txt,HLCT,5,4,14,2,1200.0,1,7.1,14,100.0,2,199.90,0.0,,,
BZ_h4s5f70p2n7.txt,HLCT,5,4,14,2,1200.0,3,21.4,14,100.0,10,1038.87,0.1,,,
BZ_h4s5f70p2n8.txt,HLCT,5,4,14,2,1200.0,4,28.6,14,100.0,7,743.41,0.1,,,
BZ_h4s5f70p2n9.txt,HLCT,5,4,14,2,1200.0,2,14.3,14,100.0,7,712.69,0.1,,,
BZ_h4s5f70p3n1.txt,HLCT,5,4,14,3,1200.0,1,7.1,14,100.0,7,714.59,0.1,,,
BZ_h4s5f70p3n10.txt,HLCT,5,4,14,3,1200.0,5,35.7,14,100.0,4,464.77,0.1,,,
BZ_h4s5f70p3n11.txt,HLCT,5,4,14,3,1200.0,1,7.1,14,100.0,9,892.98,0.1,,,
BZ_h4s5f70p3n12.txt,HLCT,5,4,14,3,1200.0,3,21.4,14,100.0,8,803.68,0.2,,,
BZ_h4s5f70p3n13.txt,HLCT,5,4,14,3,1200.0,4,28.6,14,100.0,5,495.28,0.1,,,
BZ_h4s5f70p3n14.txt,HLCT,5,4,14,3,1200.0,1,7.1,14,100.0,4,363.44,0.1,,,
BZ_h4s5f70p3n15.txt,HLCT,5,4,14,3,1200.0,0,0.0,14,100.0,4,410.87,0.1,,,
BZ_h4s5f70p3n16.txt,HLCT,5,4,14,3,1200.0,4,28.6,14,100.0,7,682.42,0.1,,,
BZ_h4s5f70p3n17.txt,HLCT,5,4,14,3,1200.0,1,7.1,14,100.0,10,1064.84,0.2,,,
BZ_h4s5f70p3n18.txt,HLCT,5,4,14,3,1200.0,2,14.3,14,100.0,9,924.31,0.1,,,
BZ_h4s5f70p3n19.txt,HLCT,5,4,14,3,1200.0,3,21.4,14,100.0,8,792.10,0.1,,,
BZ_h4s5f70p3n2.txt,HLCT,5,4,14,3,1200.0,3,21.4,14,100.0,7,668.72,0.1,,,
BZ_h4s5f70p3n20.txt,HLCT,5,4,14,3,1200.0,8,57.1,14,100.0,4,383.46,0.1,,,
BZ_h4s5f70p3n3.txt,HLCT,5,4,14,3,1200.0,3,21.4,14,100.0,3,334.45,0.0,,,
BZ_h4s5f70p3n4.txt,HLCT,5,4,14,3,1200.0,3,21.4,14,100.0,4,386.59,0.0,,,
BZ_h4s5f70p3n5.txt,HLCT,5,4,14,3,1200.0,1,7.1,14,100.0,10,994.82,0.1,,,
BZ_h4s5f70p3n6.txt,HLCT,5,4,14,3,1200.0,1,7.1,14,100.0,7,709.00,0.1,,,
BZ_h4s5f70p3n7.txt,HLCT,5,4,14,3,1200.0,3,21.4,14,100.0,6,598.06,0.1,,,
BZ_h4s5f70p3n8.txt,HLCT,5,4,14,3,1200.0,5,35.7,14,100.0,3,285.54,0.0,,,
BZ_h4s5f70p3n9.txt,HLCT,5,4,14,3,1200.0,2,14.3,14,100.0,4,392.81,0.1,,,
BZ_h4s5f70p6n1.txt,HLCT,5,4,14,6,1200.0,0,0.0,14,100.0,11,1148.56,0.3,,,
BZ_h4s5f70p6n10.txt,HLCT,5,4,14,6,1200.0,2,14.3,14,100.0,12,1177.11,0.3,,,
BZ_h4s5f70p6n11.txt,HLCT,5,4,14,6,1200.0,0,0.0,14,100.0,9,952.09,0.3,,,
BZ_h4s5f70p6n12.txt,HLCT,5,4,14,6,1200.0,2,14.3,14,100.0,11,1114.64,0.5,,,
BZ_h4s5f70p6n13.txt,HLCT,5,4,14,6,1200.0,0,0.0,14,100.0,6,666.42,0.3,,,
BZ_h4s5f70p6n14.txt,HLCT,5,4,14,5,1200.0,2,14.3,14,100.0,6,636.90,0.2,,,
BZ_h4s5f70p6n15.txt,HLCT,5,4,14,6,1200.0,0,0.0,14,100.0,9,905.83,0.4,,,
BZ_h4s5f70p6n16.txt,HLCT,5,4,14,6,1200.0,1,7.1,14,100.0,5,459.42,0.2,,,
BZ_h4s5f70p6n17.txt,HLCT,5,4,14,6,1200.0,1,7.1,14,100.0,6,576.97,0.4,,,
BZ_h4s5f70p6n18.txt,HLCT,5,4,14,6,1200.0,0,0.0,14,100.0,9,932.60,0.5,,,
BZ_h4s5f70p6n19.txt,HLCT,5,4,14,6,1200.0,2,14.3,14,100.0,4,408.54,0.1,,,
BZ_h4s5f70p6n2.txt,HLCT,5,4,14,6,1200.0,3,21.4,14,100.0,9,907.54,0.2,,,
BZ_h4s5f70p6n20.txt,HLCT,5,4,14,6,1200.0,0,0.0,14,100.0,5,495.35,0.1,,,
BZ_h4s5f70p6n3.txt,HLCT,5,4,14,6,1200.0,0,0.0,14,100.0,8,783.41,0.3,,,
BZ_h4s5f70p6n4.txt,HLCT,5,4,14,6,1200.0,3,21.4,14,100.0,7,708.79,0.1,,,
BZ_h4s5f70p6n5.txt,HLCT,5,4,14,6,1200.0,0,0.0,14,100.0,9,912.09,0.2,,,
BZ_h4s5f70p6n6.txt,HLCT,5,4,14,6,1200.0,4,28.6,14,100.0,10,1006.51,0.2,,,
BZ_h4s5f70p6n7.txt,HLCT,5,4,14,6,1200.0,0,0.0,14,100.0,7,708.91,0.2,,,
BZ_h4s5f70p6n8.txt,HLCT,5,4,14,6,1200.0,4,28.6,14,100.0,4,414.33,0.1,,,
BZ_h4s5f70p6n9.txt,HLCT,5,4,14,6,1200.0,1,7.1,14,100.0,9,947.88,0.3,,,
BZ_h4s7f50p2n1.txt,HLCT,7,4,14,2,1200.0,7,50.0,14,100.0,3,322.28,0.0,,,
BZ_h4s7f50p2n10.txt,HLCT,7,4,14,2,1200.0,5,35.7,14,100.0,2,218.84,0.0,,,
BZ_h4s7f50p2n11.txt,HLCT,7,4,14,2,1200.0,5,35.7,14,100.0,1,107.68,0.0,,,
BZ_h4s7f50p2n12.txt,HLCT,7,4,14,2,1200.0,5,35.7,14,100.0,2,183.18,0.0,,,
BZ_h4s7f50p2n13.txt,HLCT,7,4,14,2,1200.0,3,21.4,14,100.0,6,610.98,0.1,,,
BZ_h4s7f50p2n14.txt,HLCT,7,4,14,2,1200.0,2,14.3,14,100.0,5,502.09,0.1,,,
BZ_h4s7f50p2n15.txt,HLCT,7,4,14,2,1200.0,7,50.0,14,100.0,6,619.83,0.1,,,
BZ_h4s7f50p2n16.txt,HLCT,7,4,14,2,1200.0,2,14.3,14,100.0,3,316.82,0.0,,,
BZ_h4s7f50p2n17.txt,HLCT,7,4,14,2,1200.0,3,21.4,14,100.0,7,771.09,0.1,,,
BZ_h4s7f50p2n18.txt,HLCT,7,4,14,2,1200.0,5,35.7,14,100.0,4,398.96,0.0,,,
BZ_h4s7f50p2n19.txt,HLCT,7,4,14,2,1200.0,4,28.6,14,100.0,5,556.04,0.1,,,
BZ_h4s7f50p2n2.txt,HLCT,7,4,14,2,1200.0,6,42.9,14,100.0,1,93.95,0.0,,,
BZ_h4s7f50p2n20.txt,HLCT,7,4,14,2,1200.0,5,35.7,14,100.0,2,184.12,0.0,,,
BZ_h4s7f50p2n3.txt,HLCT,7,4,14,2,1200.0,8,57.1,14,100.0,3,334.68,0.0,,,
BZ_h4s7f50p2n4.txt,HLCT,7,4,14,2,1200.0,3,21.4,14,100.0,2,193.39,0.0,,,
BZ_h4s7f50p2n5.txt,HLCT,7,4,14,2,1200.0,3,21.4,14,100.0,2,192.29,0.0,,,
BZ_h4s7f50p2n6.txt,HLCT,7,4,14,2,1200.0,3,21.4,14,100.0,6,611.74,0.1,,,
BZ_h4s7f50p2n7.txt,HLCT,7,4,14,2,1200.0,3,21.4,14,100.0,6,637.81,0.1,,,
BZ_h4s7f50p2n8.txt,HLCT,7,4,14,2,1200.0,4,28.6,14,100.0,2,218.10,0.0,,,
BZ_h4s7f50p2n9.txt,HLCT,7,4,14,2,1200.0,7,50.0,14,100.0,2,237.33,0.0,,,
BZ_h4s7f50p3n1.txt,HLCT,7,4,14,3,1200.0,3,21.4,14,100.0,6,635.45,0.1,,,
BZ_h4s7f50p3n10.txt,HLCT,7,4,14,3,1200.0,1,7.1,14,100.0,3,320.68,0.0,,,
BZ_h4s7f50p3n11.txt,HLCT,7,4,14,3,1200.0,4,28.6,14,100.0,4,430.35,0.1,,,
BZ_h4s7f50p3n12.txt,HLCT,7,4,14,3,1200.0,2,14.3,14,100.0,5,527.45,0.1,,,
BZ_h4s7f50p3n13.txt,HLCT,7,4,14,3,1200.0,4,28.6,14,100.0,4,483.88,0.1,,,
BZ_h4s7f50p3n14.txt,HLCT,7,4,14,3,1200.0,1,7.1,14,100.0,6,652.20,0.1,,,
BZ_h4s7f50p3n15.txt,HLCT,7,4,14,3,1200.0,1,7.1,14,100.0,4,421.68,0.1,,,
BZ_h4s7f50p3n16.txt,HLCT,7,4,14,3,1200.0,2,14.3,14,100.0,3,286.80,0.0,,,
BZ_h4s7f50p3n17.txt,HLCT,7,4,14,3,1200.0,2,14.3,14,100.0,2,200.02,0.0,,,
BZ_h4s7f50p3n18.txt,HLCT,7,4,14,3,1200.0,8,57.1,14,100.0,2,245.15,0.0,,,
BZ_h4s7f50p3n19.txt,HLCT,7,4,14,3,1200.0,3,21.4,14,100.0,4,434.07,0.1,,,
BZ_h4s7f50p3n2.txt,HLCT,7,4,14,3,1200.0,5,35.7,14,100.0,6,623.58,0.1,,,
BZ_h4s7f50p3n20.txt,HLCT,7,4,14,3,1200.0,2,14.3,14,100.0,5,523.58,0.1,,,
BZ_h4s7f50p3n3.txt,HLCT,7,4,14,3,1200.0,1,7.1,14,100.0,6,656.55,0.1,,,
BZ_h4s7f50p3n4.txt,HLCT,7,4,14,3,1200.0,3,21.4,14,100.0,7,713.19,0.1,,,
BZ_h4s7f50p3n5.txt,HLCT,7,4,14,3,1200.0,4,28.6,14,100.0,4,431.34,0.1,,,
BZ_h4s7f50p3n6.txt,HLCT,7,4,14,3,1200.0,5,35.7,14,100.0,3,319.07,0.1,,,
BZ_h4s7f50p3n7.txt,HLCT,7,4,14,3,1200.0,2,14.3,14,100.0,2,219.28,0.1,,,
BZ_h4s7f50p3n8.txt,HLCT,7,4,14,3,1200.0,0,0.0,14,100.0,4,418.91,0.1,,,
BZ_h4s7f50p3n9.txt,HLCT,7,4,14,3,1200.0,7,50.0,14,100.0,3,314.30,0.0,,,
BZ_h4s7f50p6n1.txt,HLCT,7,4,14,5,1200.0,2,14.3,14,100.0,5,519.87,0.1,,,
BZ_h4s7f50p6n10.txt,HLCT,7,4,14,6,1200.0,1,7.1,14,100.0,4,411.95,0.1,,,
BZ_h4s7f50p6n11.txt,HLCT,7,4,14,6,1200.0,1,7.1,14,100.0,6,612.68,0.2,,,
BZ_h4s7f50p6n12.txt,HLCT,7,4,14,6,1200.0,3,21.4,14,100.0,4,422.97,0.1,,,
BZ_h4s7f50p6n13.txt,HLCT,7,4,14,6,1200.0,0,0.0,14,100.0,5,557.66,0.1,,,
BZ_h4s7f50p6n14.txt,HLCT,7,4,14,6,1200.0,5,35.7,14,100.0,2,214.27,0.1,,,
BZ_h4s7f50p6n15.txt,HLCT,7,4,14,6,1200.0,0,0.0,14,100.0,7,758.64,0.3,,,
BZ_h4s7f50p6n16.txt,HLCT,7,4,14,6,1200.0,2,14.3,14,100.0,4,454.40,0.1,,,
BZ_h4s7f50p6n17.txt,HLCT,7,4,14,6,1200.0,2,14.3,14,100.0,6,622.27,0.2,,,
BZ_h4s7f50p6n18.txt,HLCT,7,4,14,6,1200.0,0,0.0,14,100.0,5,541.47,0.1,,,
BZ_h4s7f50p6n19.txt,HLCT,7,4,14,6,1200.0,0,0.0,14,100.0,5,558.41,0.1,,,
BZ_h4s7f50p6n2.txt,HLCT,7,4,14,6,1200.0,4,28.6,14,100.0,1,125.16,0.0,,,
BZ_h4s7f50p6n20.txt,HLCT,7,4,14,6,1200.0,1,7.1,14,100.0,5,536.35,0.1,,,
BZ_h4s7f50p6n3.txt,HLCT,7,4,14,6,1200.0,1,7.1,14,100.0,5,488.83,0.2,,,
BZ_h4s7f50p6n4.txt,HLCT,7,4,14,6,1200.0,5,35.7,14,100.0,5,546.15,0.1,,,
BZ_h4s7f50p6n5.txt,HLCT,7,4,14,6,1200.0,1,7.1,14,100.0,2,224.82,0.0,,,
BZ_h4s7f50p6n6.txt,HLCT,7,4,14,6,1200.0,5,35.7,14,100.0,8,945.28,0.2,,,
BZ_h4s7f50p6n7.txt,HLCT,7,4,14,6,1200.0,0,0.0,14,100.0,3,295.70,0.1,,,
BZ_h4s7f50p6n8.txt,HLCT,7,4,14,6,1200.0,0,0.0,14,100.0,7,762.45,0.5,,,
BZ_h4s7f50p6n9.txt,HLCT,7,4,14,6,1200.0,3,21.4,14,100.0,4,439.12,0.1,,,
BZ_h4s7f70p2n1.txt,HLCT,7,4,19,2,1200.0,8,42.1,19,100.0,4,443.74,0.1,,,
BZ_h4s7f70p2n10.txt,HLCT,7,4,19,2,1200.0,8,42.1,19,100.0,1,101.56,0.0,,,
BZ_h4s7f70p2n11.txt,HLCT,7,4,19,2,1200.0,4,21.1,19,100.0,4,390.08,0.1,,,
BZ_h4s7f70p2n12.txt,HLCT,7,4,19,2,1200.0,5,26.3,19,100.0,5,512.06,0.1,,,
BZ_h4s7f70p2n13.txt,HLCT,7,4,19,2,1200.0,8,42.1,19,100.0,6,590.79,0.1,,,
BZ_h4s7f70p2n14.txt,HLCT,7,4,19,2,1200.0,4,21.1,19,100.0,2,193.10,0.0,,,
BZ_h4s7f70p2n15.txt,HLCT,7,4,19,2,1200.0,7,36.8,19,100.0,6,611.55,0.1,,,
BZ_h4s7f70p2n16.txt,HLCT,7,4,19,2,1200.0,4,21.1,19,100.0,10,1103.34,0.1,,,
BZ_h4s7f70p2n17.txt,HLCT,7,4,19,2,1200.0,4,21.1,19,100.0,3,271.93,0.0,,,
BZ_h4s7f70p2n18.txt,HLCT,7,4,19,2,1200.0,1,5.3,19,100.0,9,920.35,0.1,,,
BZ_h4s7f70p2n19.txt,HLCT,7,4,19,2,1200.0,4,21.1,19,100.0,7,769.95,0.1,,,
BZ_h4s7f70p2n2.txt,HLCT,7,4,19,2,1200.0,4,21.1,19,100.0,8,918.50,0.1,,,
BZ_h4s7f70p2n20.txt,HLCT,7,4,19,2,1200.0,5,26.3,19,100.0,9,940.85,0.1,,,
BZ_h4s7f70p2n3.txt,HLCT,7,4,19,2,1200.0,9,47.4,19,100.0,2,184.55,0.0,,,
BZ_h4s7f70p2n4.txt,HLCT,7,4,19,2,1200.0,6,31.6,19,100.0,5,520.86,0.1,,,
BZ_h4s7f70p2n5.txt,HLCT,7,4,19,2,1200.0,8,42.1,19,100.0,1,95.87,0.0,,,
BZ_h4s7f70p2n6.txt,HLCT,7,4,19,2,1200.0,2,10.5,19,100.0,10,1087.51,0.1,,,
BZ_h4s7f70p2n7.txt,HLCT,7,4,19,2,1200.0,9,47.4,19,100.0,8,876.52,0.1,,,
BZ_h4s7f70p2n8.txt,HLCT,7,4,19,2,1200.0,10,52.6,19,100.0,2,215.24,0.0,,,
BZ_h4s7f70p2n9.txt,HLCT,7,4,19,2,1200.0,4,21.1,19,100.0,2,193.92,0.0,,,
BZ_h4s7f70p3n1.txt,HLCT,7,4,19,3,1200.0,4,21.1,19,100.0,2,213.04,0.0,,,
BZ_h4s7f70p3n10.txt,HLCT,7,4,19,3,1200.0,4,21.1,19,100.0,8,815.66,0.2,,,
BZ_h4s7f70p3n11.txt,HLCT,7,4,19,3,1200.0,3,15.8,19,100.0,6,625.52,0.1,,,
BZ_h4s7f70p3n12.txt,HLCT,7,4,19,3,1200.0,4,21.1,19,100.0,4,452.04,0.1,,,
BZ_h4s7f70p3n13.txt,HLCT,7,4,19,3,1200.0,2,10.5,19,100.0,3,301.85,0.0,,,
BZ_h4s7f70p3n14.txt,HLCT,7,4,19,3,1200.0,10,52.6,19,100.0,7,721.04,0.1,,,
BZ_h4s7f70p3n15.txt,HLCT,7,4,19,3,1200.0,2,10.5,19,100.0,8,883.36,0.2,,,
BZ_h4s7f70p3n16.txt,HLCT,7,4,19,3,1200.0,1,5.3,13,68.4,11,1133.05,0.2,,,
BZ_h4s7f70p3n17.txt,HLCT,7,4,19,3,1200.0,3,15.8,11,57.9,11,1168.05,0.2,,,
BZ_h4s7f70p3n18.txt,HLCT,7,4,19,3,1200.0,6,31.6,19,100.0,9,935.50,0.1,,,
BZ_h4s7f70p3n19.txt,HLCT,7,4,19,3,1200.0,9,47.4,19,100.0,4,438.17,0.1,,,
BZ_h4s7f70p3n2.txt,HLCT,7,4,19,3,1200.0,0,0.0,19,100.0,6,643.01,0.1,,,
BZ_h4s7f70p3n20.txt,HLCT,7,4,19,3,1200.0,6,31.6,19,100.0,7,782.77,0.1,,,
BZ_h4s7f70p3n3.txt,HLCT,7,4,19,3,1200.0,4,21.1,19,100.0,9,961.65,0.2,,,
BZ_h4s7f70p3n4.txt,HLCT,7,4,19,3,1200.0,1,5.3,19,100.0,3,315.93,0.1,,,
BZ_h4s7f70p3n5.txt,HLCT,7,4,19,3,1200.0,1,5.3,19,100.0,8,786.02,0.2,,,
BZ_h4s7f70p3n6.txt,HLCT,7,4,19,3,1200.0,4,21.1,19,100.0,8,843.99,0.1,,,
BZ_h4s7f70p3n7.txt,HLCT,7,4,19,3,1200.0,5,26.3,19,100.0,7,790.80,0.1,,,
BZ_h4s7f70p3n8.txt,HLCT,7,4,19,3,1200.0,2,10.5,8,42.1,10,1105.73,0.2,,,
BZ_h4s7f70p3n9.txt,HLCT,7,4,19,3,1200.0,4,21.1,19,100.0,6,615.05,0.1,,,
BZ_h4s7f70p6n1.txt,HLCT,7,4,19,6,1200.0,2,10.5,19,100.0,9,930.25,0.4,,,
BZ_h4s7f70p6n10.txt,HLCT,7,4,19,6,1200.0,1,5.3,19,100.0,11,1159.53,0.4,,,
BZ_h4s7f70p6n11.txt,HLCT,7,4,19,6,1200.0,1,5.3,19,100.0,11,1168.69,0.4,,,
BZ_h4s7f70p6n12.txt,HLCT,7,4,19,6,1200.0,3,15.8,19,100.0,6,608.28,0.2,,,
BZ_h4s7f70p6n13.txt,HLCT,7,4,19,6,1200.0,0,0.0,12,63.2,10,1096.06,0.3,,,
BZ_h4s7f70p6n14.txt,HLCT,7,4,19,6,1200.0,0,0.0,19,100.0,7,714.75,0.3,,,
BZ_h4s7f70p6n15.txt,HLCT,7,4,19,6,1200.0,2,10.5,19,100.0,10,1061.29,0.4,,,
BZ_h4s7f70p6n16.txt,HLCT,7,4,19,6,1200.0,0,0.0,19,100.0,8,782.34,0.3,,,
BZ_h4s7f70p6n17.txt,HLCT,7,4,19,6,1200.0,2,10.5,19,100.0,5,553.56,0.2,,,
BZ_h4s7f70p6n18.txt,HLCT,7,4,19,6,1200.0,0,0.0,10,52.6,10,1056.45,0.4,,,
BZ_h4s7f70p6n19.txt,HLCT,7,4,19,6,1200.0,0,0.0,19,100.0,9,952.52,0.3,,,
BZ_h4s7f70p6n2.txt,HLCT,7,4,19,6,1200.0,1,5.3,19,100.0,10,1127.54,0.3,,,
BZ_h4s7f70p6n20.txt,HLCT,7,4,19,6,1200.0,2,10.5,19,100.0,7,736.08,0.2,,,
BZ_h4s7f70p6n3.txt,HLCT,7,4,19,6,1200.0,2,10.5,19,100.0,11,1183.10,0.4,,,
BZ_h4s7f70p6n4.txt,HLCT,7,4,19,6,1200.0,1,5.3,19,100.0,5,482.31,0.2,,,
BZ_h4s7f70p6n5.txt,HLCT,7,4,19,6,1200.0,0,0.0,19,100.0,5,486.47,0.2,,,
BZ_h4s7f70p6n6.txt,HLCT,7,4,19,6,1200.0,3,15.8,19,100.0,9,989.31,0.3,,,
BZ_h4s7f70p6n7.txt,HLCT,7,4,19,6,1200.0,0,0.0,19,100.0,8,829.75,0.3,,,
BZ_h4s7f70p6n8.txt,HLCT,7,4,19,6,1200.0,1,5.3,19,100.0,5,517.87,0.2,,,
BZ_h4s7f70p6n9.txt,HLCT,7,4,19,6,1200.0,1,5.3,19,100.0,9,912.15,0.3,,,
BZ_h4s9f50p2n1.txt,HLCT,9,4,18,2,1200.0,6,33.3,18,100.0,2,225.37,0.0,,,
BZ_h4s9f50p2n10.txt,HLCT,9,4,18,2,1200.0,8,44.4,18,100.0,3,308.66,0.0,,,
BZ_h4s9f50p2n11.txt,HLCT,9,4,18,2,1200.0,1,5.6,18,100.0,4,421.60,0.0,,,
BZ_h4s9f50p2n12.txt,HLCT,9,4,18,2,1200.0,3,16.7,18,100.0,4,420.31,0.1,,,
BZ_h4s9f50p2n13.txt,HLCT,9,4,18,2,1200.0,7,38.9,18,100.0,5,547.42,0.1,,,
BZ_h4s9f50p2n14.txt,HLCT,9,4,18,2,1200.0,9,50.0,18,100.0,2,216.21,0.1,,,
BZ_h4s9f50p2n15.txt,HLCT,9,4,18,2,1200.0,6,33.3,18,100.0,1,126.67,0.0,,,
BZ_h4s9f50p2n16.txt,HLCT,9,4,18,2,1200.0,5,27.8,18,100.0,5,511.28,0.1,,,
BZ_h4s9f50p2n17.txt,HLCT,9,4,18,2,1200.0,6,33.3,18,100.0,4,410.31,0.1,,,
BZ_h4s9f50p2n18.txt,HLCT,9,4,18,2,1200.0,3,16.7,18,100.0,5,525.38,0.1,,,
BZ_h4s9f50p2n19.txt,HLCT,9,4,18,2,1200.0,4,22.2,18,100.0,4,440.65,0.0,,,
BZ_h4s9f50p2n2.txt,HLCT,9,4,18,2,1200.0,2,11.1,18,100.0,3,304.29,0.0,,,
BZ_h4s9f50p2n20.txt,HLCT,9,4,18,2,1200.0,3,16.7,18,100.0,2,208.51,0.0,,,
BZ_h4s9f50p2n3.txt,HLCT,9,4,18,2,1200.0,8,44.4,18,100.0,4,422.76,0.0,,,
BZ_h4s9f50p2n4.txt,HLCT,9,4,18,2,1200.0,7,38.9,18,100.0,7,752.45,0.1,,,
BZ_h4s9f50p2n5.txt,HLCT,9,4,18,2,1200.0,7,38.9,18,100.0,2,203.60,0.0,,,
BZ_h4s9f50p2n6.txt,HLCT,9,4,18,2,1200.0,6,33.3,18,100.0,6,643.32,0.1,,,
BZ_h4s9f50p2n7.txt,HLCT,9,4,18,2,1200.0,9,50.0,18,100.0,1,102.58,0.0,,,
BZ_h4s9f50p2n8.txt,HLCT,9,4,18,2,1200.0,7,38.9,18,100.0,3,322.43,0.0,,,
BZ_h4s9f50p2n9.txt,HLCT,9,4,18,2,1200.0,10,55.6,18,100.0,3,349.95,0.0,,,
BZ_h4s9f50p3n1.txt,HLCT,9,4,18,3,1200.0,5,27.8,18,100.0,6,641.89,0.1,,,
BZ_h4s9f50p3n10.txt,HLCT,9,4,18,3,1200.0,0,0.0,18,100.0,8,828.41,0.1,,,
BZ_h4s9f50p3n11.txt,HLCT,9,4,18,3,1200.0,5,27.8,18,100.0,6,635.85,0.1,,,
BZ_h4s9f50p3n12.txt,HLCT,9,4,18,3,1200.0,5,27.8,18,100.0,7,775.24,0.1,,,
BZ_h4s9f50p3n13.txt,HLCT,9,4,18,3,1200.0,3,16.7,18,100.0,4,436.80,0.1,,,
BZ_h4s9f50p3n14.txt,HLCT,9,4,18,3,1200.0,3,16.7,18,100.0,3,346.69,0.0,,,
BZ_h4s9f50p3n15.txt,HLCT,9,4,18,3,1200.0,4,22.2,18,100.0,4,424.85,0.1,,,
BZ_h4s9f50p3n16.txt,HLCT,9,4,18,3,1200.0,5,27.8,18,100.0,4,375.51,0.1,,,
BZ_h4s9f50p3n17.txt,HLCT,9,4,18,3,1200.0,5,27.8,18,100.0,4,453.62,0.1,,,
BZ_h4s9f50p3n18.txt,HLCT,9,4,18,3,1200.0,1,5.6,18,100.0,7,775.81,0.2,,,
BZ_h4s9f50p3n19.txt,HLCT,9,4,18,3,1200.0,3,16.7,18,100.0,8,914.07,0.2,,,
BZ_h4s9f50p3n2.txt,HLCT,9,4,18,3,1200.0,3,16.7,18,100.0,7,729.36,0.2,,,
BZ_h4s9f50p3n20.txt,HLCT,9,4,18,3,1200.0,7,38.9,18,100.0,3,353.07,0.1,,,
BZ_h4s9f50p3n3.txt,HLCT,9,4,18,3,1200.0,5,27.8,18,100.0,2,241.20,0.0,,,
BZ_h4s9f50p3n4.txt,HLCT,9,4,18,3,1200.0,0,0.0,18,100.0,6,645.97,0.1,,,
BZ_h4s9f50p3n5.txt,HLCT,9,4,18,3,1200.0,6,33.3,18,100.0,3,346.03,0.1,,,
BZ_h4s9f50p3n6.txt,HLCT,9,4,18,3,1200.0,5,27.8,18,100.0,1,134.39,0.0,,,
BZ_h4s9f50p3n7.txt,HLCT,9,4,18,3,1200.0,3,16.7,18,100.0,4,435.29,0.1,,,
BZ_h4s9f50p3n8.txt,HLCT,9,4,18,3,1200.0,0,0.0,18,100.0,5,554.21,0.1,,,
BZ_h4s9f50p3n9.txt,HLCT,9,4,18,3,1200.0,2,11.1,18,100.0,4,422.57,0.1,,,
BZ_h4s9f50p6n1.txt,HLCT,9,4,18,6,1200.0,8,44.4,18,100.0,4,472.80,0.1,,,
BZ_h4s9f50p6n10.txt,HLCT,9,4,18,6,1200.0,2,11.1,18,100.0,8,864.07,0.3,,,
BZ_h4s9f50p6n11.txt,HLCT,9,4,18,5,1200.0,3,16.7,18,100.0,6,675.51,0.2,,,
BZ_h4s9f50p6n12.txt,HLCT,9,4,18,6,1200.0,3,16.7,18,100.0,7,769.95,0.3,,,
BZ_h4s9f50p6n13.txt,HLCT,9,4,18,6,1200.0,2,11.1,18,100.0,7,729.24,0.2,,,
BZ_h4s9f50p6n14.txt,HLCT,9,4,18,6,1200.0,3,16.7,18,100.0,6,671.29,0.3,,,
BZ_h4s9f50p6n15.txt,HLCT,9,4,18,6,1200.0,0,0.0,18,100.0,4,430.51,0.1,,,
BZ_h4s9f50p6n16.txt,HLCT,9,4,18,6,1200.0,1,5.6,18,100.0,8,904.77,0.4,,,
BZ_h4s9f50p6n17.txt,HLCT,9,4,18,6,1200.0,2,11.1,18,100.0,7,709.72,0.3,,,
BZ_h4s9f50p6n18.txt,HLCT,9,4,18,6,1200.0,3,16.7,18,100.0,6,636.29,0.2,,,
BZ_h4s9f50p6n19.txt,HLCT,9,4,18,6,1200.0,2,11.1,18,100.0,6,646.46,0.2,,,
BZ_h4s9f50p6n2.txt,HLCT,9,4,18,6,1200.0,0,0.0,18,100.0,6,693.54,0.2,,,
BZ_h4s9f50p6n20.txt,HLCT,9,4,18,6,1200.0,1,5.6,18,100.0,5,566.61,0.2,,,
BZ_h4s9f50p6n3.txt,HLCT,9,4,18,6,1200.0,3,16.7,18,100.0,11,1183.32,0.4,,,
BZ_h4s9f50p6n4.txt,HLCT,9,4,18,6,1200.0,1,5.6,18,100.0,8,881.75,0.4,,,
BZ_h4s9f50p6n5.txt,HLCT,9,4,18,6,1200.0,1,5.6,18,100.0,7,736.84,0.3,,,
BZ_h4s9f50p6n6.txt,HLCT,9,4,18,6,1200.0,0,0.0,18,100.0,5,544.47,0.2,,,
BZ_h4s9f50p6n7.txt,HLCT,9,4,18,6,1200.0,1,5.6,18,100.0,7,757.50,0.3,,,
BZ_h4s9f50p6n8.txt,HLCT,9,4,18,6,1200.0,5,27.8,18,100.0,8,924.15,0.4,,,
BZ_h4s9f50p6n9.txt,HLCT,9,4,18,6,1200.0,2,11.1,18,100.0,7,824.67,0.3,,,
BZ_h4s9f70p2n1.txt,HLCT,9,4,25,2,1200.0,12,48.0,25,100.0,6,671.93,0.1,,,
BZ_h4s9f70p2n10.txt,HLCT,9,4,25,2,1200.0,9,36.0,25,100.0,7,781.99,0.1,,,
BZ_h4s9f70p2n11.txt,HLCT,9,4,25,2,1200.0,7,28.0,25,100.0,3,297.99,0.0,,,
BZ_h4s9f70p2n12.txt,HLCT,9,4,25,2,1200.0,9,36.0,25,100.0,6,642.35,0.1,,,
BZ_h4s9f70p2n13.txt,HLCT,9,4,25,2,1200.0,2,8.0,25,100.0,10,1061.75,0.1,,,
BZ_h4s9f70p2n14.txt,HLCT,9,4,25,2,1200.0,8,32.0,25,100.0,8,798.35,0.1,,,
BZ_h4s9f70p2n15.txt,HLCT,9,4,25,2,1200.0,9,36.0,25,100.0,11,1150.35,0.1,,,
BZ_h4s9f70p2n16.txt,HLCT,9,4,25,2,1200.0,9,36.0,25,100.0,3,319.52,0.0,,,
BZ_h4s9f70p2n17.txt,HLCT,9,4,25,2,1200.0,8,32.0,25,100.0,4,393.59,0.0,,,
BZ_h4s9f70p2n18.txt,HLCT,9,4,25,2,1200.0,9,36.0,25,100.0,8,894.30,0.1,,,
BZ_h4s9f70p2n19.txt,HLCT,9,4,25,2,1200.0,3,12.0,25,100.0,8,896.03,0.1,,,
BZ_h4s9f70p2n2.txt,HLCT,9,4,25,2,1200.0,14,56.0,25,100.0,8,830.73,0.1,,,
BZ_h4s9f70p2n20.txt,HLCT,9,4,25,2,1200.0,11,44.0,25,100.0,4,435.06,0.1,,,
BZ_h4s9f70p2n3.txt,HLCT,9,4,25,2,1200.0,5,20.0,25,100.0,10,1044.94,0.3,,,
BZ_h4s9f70p2n4.txt,HLCT,9,4,25,2,1200.0,4,16.0,25,100.0,7,723.10,0.1,,,
BZ_h4s9f70p2n5.txt,HLCT,9,4,25,2,1200.0,13,52.0,16,64.0,10,1057.06,0.2,,,
BZ_h4s9f70p2n6.txt,HLCT,9,4,25,2,1200.0,10,40.0,25,100.0,7,710.94,0.2,,,
BZ_h4s9f70p2n7.txt,HLCT,9,4,25,2,1200.0,4,16.0,25,100.0,8,786.04,0.2,,,
BZ_h4s9f70p2n8.txt,HLCT,9,4,25,2,1200.0,3,12.0,25,100.0,6,567.42,0.1,,,
BZ_h4s9f70p2n9.txt,HLCT,9,4,25,2,1200.0,9,36.0,25,100.0,5,489.56,0.1,,,
BZ_h4s9f70p3n1.txt,HLCT,9,4,25,3,1200.0,1,4.0,9,36.0,10,1034.74,0.2,,,
BZ_h4s9f70p3n10.txt,HLCT,9,4,25,3,1200.0,4,16.0,25,100.0,9,1014.66,0.2,,,
BZ_h4s9f70p3n11.txt,HLCT,9,4,25,3,1200.0,4,16.0,11,44.0,10,1011.36,0.2,,,
BZ_h4s9f70p3n12.txt,HLCT,9,4,25,3,1200.0,5,20.0,25,100.0,5,489.44,0.1,,,
BZ_h4s9f70p3n13.txt,HLCT,9,4,25,3,1200.0,4,16.0,25,100.0,7,792.04,0.2,,,
BZ_h4s9f70p3n14.txt,HLCT,9,4,25,3,1200.0,6,24.0,25,100.0,7,719.84,0.2,,,
BZ_h4s9f70p3n15.txt,HLCT,9,4,25,3,1200.0,9,36.0,25,100.0,8,817.65,0.2,,,
BZ_h4s9f70p3n16.txt,HLCT,9,4,25,3,1200.0,5,20.0,25,100.0,10,1010.57,0.2,,,
BZ_h4s9f70p3n17.txt,HLCT,9,4,25,3,1200.0,4,16.0,25,100.0,6,595.46,0.1,,,
BZ_h4s9f70p3n18.txt,HLCT,9,4,25,3,1200.0,2,8.0,25,100.0,5,540.40,0.1,,,
BZ_h4s9f70p3n19.txt,HLCT,9,4,25,3,1200.0,2,8.0,25,100.0,7,738.65,0.2,,,
BZ_h4s9f70p3n2.txt,HLCT,9,4,25,3,1200.0,8,32.0,16,64.0,10,1064.65,0.2,,,
BZ_h4s9f70p3n20.txt,HLCT,9,4,25,3,1200.0,5,20.0,25,100.0,10,1017.16,0.2,,,
BZ_h4s9f70p3n3.txt,HLCT,9,4,25,3,1200.0,6,24.0,25,100.0,8,746.14,0.2,,,
BZ_h4s9f70p3n4.txt,HLCT,9,4,25,3,1200.0,5,20.0,16,64.0,11,1147.02,0.3,,,
BZ_h4s9f70p3n5.txt,HLCT,9,4,25,3,1200.0,1,4.0,25,100.0,11,1141.44,0.2,,,
BZ_h4s9f70p3n6.txt,HLCT,9,4,25,3,1200.0,2,8.0,16,64.0,11,1192.36,0.2,,,
BZ_h4s9f70p3n7.txt,HLCT,9,4,25,3,1200.0,5,20.0,25,100.0,7,750.30,0.1,,,
BZ_h4s9f70p3n8.txt,HLCT,9,4,25,3,1200.0,7,28.0,25,100.0,9,952.02,0.2,,,
BZ_h4s9f70p3n9.txt,HLCT,9,4,25,3,1200.0,1,4.0,6,24.0,10,1017.24,0.2,,,
BZ_h4s9f70p6n1.txt,HLCT,9,4,25,6,1200.0,2,8.0,25,100.0,11,1177.89,0.4,,,
BZ_h4s9f70p6n10.txt,HLCT,9,4,25,6,1200.0,1,4.0,11,44.0,10,1007.15,0.5,,,
BZ_h4s9f70p6n11.txt,HLCT,9,4,25,6,1200.0,2,8.0,16,64.0,11,1133.68,0.4,,,
BZ_h4s9f70p6n12.txt,HLCT,9,4,25,6,1200.0,3,12.0,25,100.0,7,695.04,0.3,,,
BZ_h4s9f70p6n13.txt,HLCT,9,4,25,6,1200.0,4,16.0,13,52.0,11,1165.99,0.4,,,
BZ_h4s9f70p6n14.txt,HLCT,9,4,25,6,1200.0,3,12.0,15,60.0,10,1131.04,0.4,,,
BZ_h4s9f70p6n15.txt,HLCT,9,4,25,6,1200.0,0,0.0,23,92.0,10,1041.22,0.5,,,
BZ_h4s9f70p6n16.txt,HLCT,9,4,25,6,1200.0,2,8.0,25,100.0,8,795.24,0.4,,,
BZ_h4s9f70p6n17.txt,HLCT,9,4,25,6,1200.0,1,4.0,25,100.0,9,993.35,0.3,,,
BZ_h4s9f70p6n18.txt,HLCT,9,4,25,6,1200.0,5,20.0,25,100.0,9,1001.53,0.4,,,
BZ_h4s9f70p6n19.txt,HLCT,9,4,25,6,1200.0,2,8.0,25,100.0,11,1130.11,0.5,,,
BZ_h4s9f70p6n2.txt,HLCT,9,4,25,6,1200.0,1,4.0,25,100.0,11,1139.75,0.4,,,
BZ_h4s9f70p6n20.txt,HLCT,9,4,25,6,1200.0,2,8.0,10,40.0,10,1023.07,0.5,,,
BZ_h4s9f70p6n3.txt,HLCT,9,4,25,6,1200.0,1,4.0,9,36.0,10,1026.72,0.5,,,
BZ_h4s9f70p6n4.txt,HLCT,9,4,25,6,1200.0,3,12.0,12,48.0,10,1042.35,0.4,,,
BZ_h4s9f70p6n5.txt,HLCT,9,4,25,6,1200.0,2,8.0,15,60.0,10,1061.37,0.5,,,
BZ_h4s9f70p6n6.txt,HLCT,9,4,25,6,1200.0,1,4.0,14,56.0,11,1179.36,0.5,,,
BZ_h4s9f70p6n7.txt,HLCT,9,4,25,6,1200.0,1,4.0,12,48.0,11,1181.72,0.4,,,
BZ_h4s9f70p6n8.txt,HLCT,9,4,25,6,1200.0,1,4.0,25,100.0,11,1109.16,0.5,,,
BZ_h4s9f70p6n9.txt,HLCT,9,4,25,6,1200.0,0,0.0,4,16.0,10,1084.14,0.4,,,
BZ_h6s3f50p2n1.txt,HLCT,3,6,9,2,1200.0,4,44.4,9,100.0,6,762.36,0.0,,,
BZ_h6s3f50p2n10.txt,HLCT,3,6,9,2,1200.0,3,33.3,9,100.0,4,514.45,0.0,,,
BZ_h6s3f50p2n11.txt,HLCT,3,6,9,2,1200.0,6,66.7,9,100.0,1,159.34,0.0,,,
BZ_h6s3f50p2n12.txt,HLCT,3,6,9,2,1200.0,2,22.2,9,100.0,2,252.68,0.0,,,
BZ_h6s3f50p2n13.txt,HLCT,3,6,9,2,1200.0,5,55.6,9,100.0,4,484.12,0.0,,,
BZ_h6s3f50p2n14.txt,HLCT,3,6,9,2,1200.0,2,22.2,9,100.0,4,532.26,0.0,,,
BZ_h6s3f50p2n15.txt,HLCT,3,6,9,2,1200.0,0,0.0,9,100.0,2,259.53,0.0,,,
BZ_h6s3f50p2n16.txt,HLCT,3,6,9,2,1200.0,4,44.4,9,100.0,3,394.73,0.0,,,
BZ_h6s3f50p2n17.txt,HLCT,3,6,9,2,1200.0,3,33.3,9,100.0,4,503.62,0.0,,,
BZ_h6s3f50p2n18.txt,HLCT,3,6,9,2,1200.0,0,0.0,9,100.0,9,1183.74,0.1,,,
BZ_h6s3f50p2n19.txt,HLCT,3,6,9,2,1200.0,2,22.2,9,100.0,5,655.25,0.0,,,
BZ_h6s3f50p2n2.txt,HLCT,3,6,9,2,1200.0,2,22.2,9,100.0,5,643.26,0.0,,,
BZ_h6s3f50p2n20.txt,HLCT,3,6,9,2,1200.0,1,11.1,9,100.0,4,508.98,0.0,,,
BZ_h6s3f50p2n3.txt,HLCT,3,6,9,2,1200.0,2,22.2,9,100.0,5,722.67,0.1,,,
BZ_h6s3f50p2n4.txt,HLCT,3,6,9,2,1200.0,3,33.3,9,100.0,7,928.98,0.1,,,
BZ_h6s3f50p2n5.txt,HLCT,3,6,9,2,1200.0,2,22.2,5,55.6,7,944.82,0.1,,,
BZ_h6s3f50p2n6.txt,HLCT,3,6,9,2,1200.0,3,33.3,9,100.0,4,520.47,0.0,,,
BZ_h6s3f50p2n7.txt,HLCT,3,6,9,2,1200.0,4,44.4,9,100.0,1,132.49,0.0,,,
BZ_h6s3f50p2n8.txt,HLCT,3,6,9,2,1200.0,1,11.1,9,100.0,8,1073.70,0.1,,,
BZ_h6s3f50p2n9.txt,HLCT,3,6,9,2,1200.0,4,44.4,9,100.0,1,146.39,0.0,,,
BZ_h6s3f50p3n1.txt,HLCT,3,6,9,3,1200.0,7,77.8,9,100.0,7,895.51,0.5,,,
BZ_h6s3f50p3n10.txt,HLCT,3,6,9,3,1200.0,1,11.1,9,100.0,4,533.24,0.1,,,
BZ_h6s3f50p3n11.txt,HLCT,3,6,9,3,1200.0,0,0.0,9,100.0,8,1002.10,0.1,,,
BZ_h6s3f50p3n12.txt,HLCT,3,6,9,3,1200.0,3,33.3,9,100.0,4,530.47,0.1,,,
BZ_h6s3f50p3n13.txt,HLCT,3,6,9,3,1200.0,2,22.2,9,100.0,6,794.89,0.1,,,
BZ_h6s3f50p3n14.txt,HLCT,3,6,9,2,1200.0,2,22.2,9,100.0,8,1024.54,0.1,,,
BZ_h6s3f50p3n15.txt,HLCT,3,6,9,3,1200.0,1,11.1,9,100.0,6,785.81,0.1,,,
BZ_h6s3f50p3n16.txt,HLCT,3,6,9,3,1200.0,5,55.6,9,100.0,3,410.10,0.0,,,
BZ_h6s3f50p3n17.txt,HLCT,3,6,9,3,1200.0,1,11.1,9,100.0,8,1051.95,0.1,,,
BZ_h6s3f50p3n18.txt,HLCT,3,6,9,3,1200.0,2,22.2,9,100.0,5,633.37,0.1,,,
BZ_h6s3f50p3n19.txt,HLCT,3,6,9,3,1200.0,2,22.2,9,100.0,6,798.24,0.1,,,
BZ_h6s3f50p3n2.txt,HLCT,3,6,9,3,1200.0,2,22.2,9,100.0,8,1055.64,0.1,,,
BZ_h6s3f50p3n20.txt,HLCT,3,6,9,3,1200.0,1,11.1,9,100.0,6,795.83,0.1,,,
BZ_h6s3f50p3n3.txt,HLCT,3,6,9,3,1200.0,0,0.0,9,100.0,2,251.35,0.0,,,
BZ_h6s3f50p3n4.txt,HLCT,3,6,9,3,1200.0,1,11.1,4,44.4,7,944.82,0.1,,,
BZ_h6s3f50p3n5.txt,HLCT,3,6,9,3,1200.0,0,0.0,9,100.0,5,653.11,0.1,,,
BZ_h6s3f50p3n6.txt,HLCT,3,6,9,3,1200.0,1,11.1,9,100.0,8,965.09,0.1,,,
BZ_h6s3f50p3n7.txt,HLCT,3,6,9,3,1200.0,0,0.0,9,100.0,3,335.95,0.0,,,
BZ_h6s3f50p3n8.txt,HLCT,3,6,9,3,1200.0,0,0.0,9,100.0,7,922.88,0.1,,,
BZ_h6s3f50p3n9.txt,HLCT,3,6,9,3,1200.0,1,11.1,9,100.0,7,923.04,0.1,,,
BZ_h6s3f50p6n1.txt,HLCT,3,6,9,5,1200.0,1,11.1,9,100.0,6,761.39,0.1,,,
BZ_h6s3f50p6n10.txt,HLCT,3,6,9,5,1200.0,0,0.0,9,100.0,9,1162.78,0.1,,,
BZ_h6s3f50p6n11.txt,HLCT,3,6,9,6,1200.0,2,22.2,9,100.0,5,643.11,0.1,,,
BZ_h6s3f50p6n12.txt,HLCT,3,6,9,6,1200.0,1,11.1,9,100.0,9,1143.68,0.2,,,
BZ_h6s3f50p6n13.txt,HLCT,3,6,9,6,1200.0,0,0.0,7,77.8,6,744.84,0.2,,,
BZ_h6s3f50p6n14.txt,HLCT,3,6,9,6,1200.0,3,33.3,6,66.7,6,791.02,0.1,,,
BZ_h6s3f50p6n15.txt,HLCT,3,6,9,6,1200.0,1,11.1,9,100.0,9,1140.82,0.2,,,
BZ_h6s3f50p6n16.txt,HLCT,3,6,9,6,1200.0,0,0.0,4,44.4,9,1197.09,0.1,,,
BZ_h6s3f50p6n17.txt,HLCT,3,6,9,6,1200.0,0,0.0,6,66.7,9,1154.52,0.1,,,
BZ_h6s3f50p6n18.txt,HLCT,3,6,9,6,1200.0,0,0.0,5,55.6,8,1029.52,0.2,,,
BZ_h6s3f50p6n19.txt,HLCT,3,6,9,6,1200.0,2,22.2,9,100.0,5,630.97,0.1,,,
BZ_h6s3f50p6n2.txt,HLCT,3,6,9,6,1200.0,0,0.0,5,55.6,9,1189.09,0.1,,,
BZ_h6s3f50p6n20.txt,HLCT,3,6,9,6,1200.0,0,0.0,5,55.6,6,776.23,0.2,,,
BZ_h6s3f50p6n3.txt,HLCT,3,6,9,6,1200.0,1,11.1,9,100.0,6,768.64,0.1,,,
BZ_h6s3f50p6n4.txt,HLCT,3,6,9,6,1200.0,1,11.1,3,33.3,7,939.04,0.1,,,
BZ_h6s3f50p6n5.txt,HLCT,3,6,9,6,1200.0,0,0.0,9,100.0,2,259.51,0.0,,,
BZ_h6s3f50p6n6.txt,HLCT,3,6,9,6,1200.0,1,11.1,7,77.8,8,1080.64,0.1,,,
BZ_h6s3f50p6n7.txt,HLCT,3,6,9,6,1200.0,1,11.1,9,100.0,5,612.82,0.1,,,
BZ_h6s3f50p6n8.txt,HLCT,3,6,9,6,1200.0,0,0.0,6,66.7,7,930.26,0.1,,,
BZ_h6s3f50p6n9.txt,HLCT,3,6,9,6,1200.0,3,33.3,9,100.0,3,375.97,0.0,,,
BZ_h6s3f70p2n1.txt,HLCT,3,6,12,2,1200.0,5,41.7,12,100.0,4,466.28,0.0,,,
BZ_h6s3f70p2n10.txt,HLCT,3,6,12,2,1200.0,0,0.0,2,16.7,3,331.95,0.1,,,
BZ_h6s3f70p2n11.txt,HLCT,3,6,12,2,1200.0,2,16.7,2,16.7,2,170.34,0.1,,,
BZ_h6s3f70p2n12.txt,HLCT,3,6,12,2,1200.0,2,16.7,12,100.0,2,221.51,0.0,,,
BZ_h6s3f70p2n13.txt,HLCT,3,6,12,2,1200.0,1,8.3,12,100.0,8,940.67,0.1,,,
BZ_h6s3f70p2n14.txt,HLCT,3,6,12,2,1200.0,1,8.3,12,100.0,8,927.07,0.1,,,
BZ_h6s3f70p2n15.txt,HLCT,3,6,12,2,1200.0,1,8.3,5,41.7,5,572.74,0.1,,,
BZ_h6s3f70p2n16.txt,HLCT,3,6,12,2,1200.0,0,0.0,1,8.3,3,325.20,0.1,,,
BZ_h6s3f70p2n17.txt,HLCT,3,6,12,2,1200.0,2,16.7,12,100.0,7,805.37,0.1,,,
BZ_h6s3f70p2n18.txt,HLCT,3,6,12,2,1200.0,2,16.7,12,100.0,10,1128.38,0.1,,,
BZ_h6s3f70p2n19.txt,HLCT,3,6,12,2,1200.0,5,41.7,12,100.0,4,444.60,0.0,,,
BZ_h6s3f70p2n2.txt,HLCT,3,6,12,2,1200.0,7,58.3,12,100.0,7,818.51,0.1,,,
BZ_h6s3f70p2n20.txt,HLCT,3,6,12,2,1200.0,3,25.0,5,41.7,4,421.28,0.1,,,
BZ_h6s3f70p2n3.txt,HLCT,3,6,12,2,1200.0,0,0.0,12,100.0,10,1143.82,0.1,,,
BZ_h6s3f70p2n4.txt,HLCT,3,6,12,2,1200.0,2,16.7,5,41.7,10,1123.55,0.1,,,
BZ_h6s3f70p2n5.txt,HLCT,3,6,12,2,1200.0,3,25.0,6,50.0,10,1130.40,0.1,,,
BZ_h6s3f70p2n6.txt,HLCT,3,6,12,2,1200.0,1,8.3,5,41.7,4,443.03,0.1,,,
BZ_h6s3f70p2n7.txt,HLCT,3,6,12,2,1200.0,1,8.3,12,100.0,6,674.89,0.1,,,
BZ_h6s3f70p2n8.txt,HLCT,3,6,12,2,1200.0,7,58.3,12,100.0,5,527.21,0.0,,,
BZ_h6s3f70p2n9.txt,HLCT,3,6,12,2,1200.0,1,8.3,4,33.3,7,752.00,0.1,,,
BZ_h6s3f70p3n1.txt,HLCT,3,6,12,3,1200.0,2,16.7,12,100.0,2,215.49,0.0,,,
BZ_h6s3f70p3n10.txt,HLCT,3,6,12,3,1200.0,2,16.7,12,100.0,7,807.28,0.1,,,
BZ_h6s3f70p3n11.txt,HLCT,3,6,12,3,1200.0,3,25.0,12,100.0,2,218.01,0.0,,,
BZ_h6s3f70p3n12.txt,HLCT,3,6,12,3,1200.0,1,8.3,5,41.7,10,1083.81,0.2,,,
BZ_h6s3f70p3n13.txt,HLCT,3,6,12,3,1200.0,0,0.0,12,100.0,7,813.52,0.1,,,
BZ_h6s3f70p3n14.txt,HLCT,3,6,12,3,1200.0,2,16.7,6,50.0,8,917.56,0.2,,,
BZ_h6s3f70p3n15.txt,HLCT,3,6,12,3,1200.0,4,33.3,12,100.0,8,936.64,0.1,,,
BZ_h6s3f70p3n16.txt,HLCT,3,6,12,3,1200.0,2,16.7,6,50.0,4,456.36,0.2,,,
BZ_h6s3f70p3n17.txt,HLCT,3,6,12,3,1200.0,1,8.3,6,50.0,8,943.79,0.2,,,
BZ_h6s3f70p3n18.txt,HLCT,3,6,12,3,1200.0,0,0.0,3,25.0,3,312.47,0.1,,,
BZ_h6s3f70p3n19.txt,HLCT,3,6,12,3,1200.0,0,0.0,12,100.0,9,1016.19,0.1,,,
BZ_h6s3f70p3n2.txt,HLCT,3,6,12,3,1200.0,2,16.7,7,58.3,10,1131.25,0.1,,,
BZ_h6s3f70p3n20.txt,HLCT,3,6,12,3,1200.0,5,41.7,7,58.3,5,598.12,0.1,,,
BZ_h6s3f70p3n3.txt,HLCT,3,6,12,3,1200.0,0,0.0,2,16.7,4,438.19,0.1,,,
BZ_h6s3f70p3n4.txt,HLCT,3,6,12,3,1200.0,1,8.3,3,25.0,10,1095.94,0.1,,,
BZ_h6s3f70p3n5.txt,HLCT,3,6,12,3,1200.0,0,0.0,5,41.7,9,1096.83,0.1,,,
BZ_h6s3f70p3n6.txt,HLCT,3,6,12,3,1200.0,1,8.3,2,16.7,4,484.12,0.1,,,
BZ_h6s3f70p3n7.txt,HLCT,3,6,12,3,1200.0,0,0.0,6,50.0,7,770.07,0.1,,,
BZ_h6s3f70p3n8.txt,HLCT,3,6,12,3,1200.0,3,25.0,12,100.0,10,1100.93,0.1,,,
BZ_h6s3f70p3n9.txt,HLCT,3,6,12,3,1200.0,1,8.3,5,41.7,6,654.63,0.1,,,
BZ_h6s3f70p6n1.txt,HLCT,3,6,12,5,1200.0,3,25.0,3,25.0,3,317.94,0.1,,,
BZ_h6s3f70p6n10.txt,HLCT,3,6,12,6,1200.0,2,16.7,5,41.7,6,657.10,0.2,,,
BZ_h6s3f70p6n11.txt,HLCT,3,6,12,6,1200.0,0,0.0,3,25.0,7,765.82,0.2,,,
BZ_h6s3f70p6n12.txt,HLCT,3,6,12,6,1200.0,0,0.0,7,58.3,10,1172.16,0.1,,,
BZ_h6s3f70p6n13.txt,HLCT,3,6,12,6,1200.0,0,0.0,3,25.0,6,661.06,0.2,,,
BZ_h6s3f70p6n14.txt,HLCT,3,6,12,6,1200.0,2,16.7,7,58.3,10,1121.78,0.2,,,
BZ_h6s3f70p6n15.txt,HLCT,3,6,12,6,1200.0,0,0.0,12,100.0,4,425.18,0.1,,,
BZ_h6s3f70p6n16.txt,HLCT,3,6,12,6,1200.0,0,0.0,4,33.3,10,1184.65,0.2,,,
BZ_h6s3f70p6n17.txt,HLCT,3,6,12,6,1200.0,0,0.0,4,33.3,3,306.27,0.1,,,
BZ_h6s3f70p6n18.txt,HLCT,3,6,12,6,1200.0,0,0.0,3,25.0,7,801.61,0.2,,,
BZ_h6s3f70p6n19.txt,HLCT,3,6,12,6,1200.0,0,0.0,7,58.3,10,1109.06,0.2,,,
BZ_h6s3f70p6n2.txt,HLCT,3,6,12,6,1200.0,1,8.3,5,41.7,3,327.94,0.1,,,
BZ_h6s3f70p6n20.txt,HLCT,3,6,12,6,1200.0,1,8.3,2,16.7,10,1128.59,0.2,,,
BZ_h6s3f70p6n3.txt,HLCT,3,6,12,6,1200.0,2,16.7,5,41.7,8,887.49,0.2,,,
BZ_h6s3f70p6n4.txt,HLCT,3,6,12,6,1200.0,1,8.3,5,41.7,9,1023.34,0.2,,,
BZ_h6s3f70p6n5.txt,HLCT,3,6,12,6,1200.0,0,0.0,12,100.0,8,875.93,0.1,,,
BZ_h6s3f70p6n6.txt,HLCT,3,6,12,6,1200.0,0,0.0,7,58.3,7,778.96,0.1,,,
BZ_h6s3f70p6n7.txt,HLCT,3,6,12,6,1200.0,1,8.3,3,25.0,10,1134.55,0.2,,,
BZ_h6s3f70p6n8.txt,HLCT,3,6,12,6,1200.0,1,8.3,4,33.3,6,689.08,0.2,,,
BZ_h6s3f70p6n9.txt,HLCT,3,6,12,6,1200.0,1,8.3,4,33.3,6,624.17,0.1,,,
BZ_h6s5f50p2n1.txt,HLCT,5,6,15,2,1200.0,3,20.0,15,100.0,2,233.99,0.0,,,
BZ_h6s5f50p2n10.txt,HLCT,5,6,15,2,1200.0,2,13.3,15,100.0,5,706.11,0.0,,,
BZ_h6s5f50p2n11.txt,HLCT,5,6,15,2,1200.0,5,33.3,15,100.0,6,833.76,0.1,,,
BZ_h6s5f50p2n12.txt,HLCT,5,6,15,2,1200.0,3,20.0,15,100.0,2,235.23,0.0,,,
BZ_h6s5f50p2n13.txt,HLCT,5,6,15,2,1200.0,4,26.7,15,100.0,4,453.79,0.0,,,
BZ_h6s5f50p2n14.txt,HLCT,5,6,15,2,1200.0,3,20.0,15,100.0,6,764.66,0.1,,,
BZ_h6s5f50p2n15.txt,HLCT,5,6,15,2,1200.0,5,33.3,15,100.0,5,638.27,0.1,,,
BZ_h6s5f50p2n16.txt,HLCT,5,6,15,2,1200.0,2,13.3,6,40.0,7,922.60,0.1,,,
BZ_h6s5f50p2n17.txt,HLCT,5,6,15,2,1200.0,3,20.0,15,100.0,7,938.34,0.1,,,
BZ_h6s5f50p2n18.txt,HLCT,5,6,15,2,1200.0,2,13.3,15,100.0,8,1013.41,0.1,,,
BZ_h6s5f50p2n19.txt,HLCT,5,6,15,2,1200.0,4,26.7,15,100.0,5,647.38,0.1,,,
BZ_h6s5f50p2n2.txt,HLCT,5,6,15,2,1200.0,6,40.0,15,100.0,5,658.56,0.1,,,
BZ_h6s5f50p2n20.txt,HLCT,5,6,15,2,1200.0,6,40.0,15,100.0,6,709.59,0.1,,,
BZ_h6s5f50p2n3.txt,HLCT,5,6,15,2,1200.0,9,60.0,15,100.0,2,271.87,0.0,,,
BZ_h6s5f50p2n4.txt,HLCT,5,6,15,2,1200.0,3,20.0,15,100.0,4,502.03,0.1,,,
BZ_h6s5f50p2n5.txt,HLCT,5,6,15,2,1200.0,3,20.0,15,100.0,5,647.27,0.1,,,
BZ_h6s5f50p2n6.txt,HLCT,5,6,15,2,1200.0,6,40.0,15,100.0,6,824.81,0.1,,,
BZ_h6s5f50p2n7.txt,HLCT,5,6,15,2,1200.0,6,40.0,15,100.0,2,273.18,0.0,,,
BZ_h6s5f50p2n8.txt,HLCT,5,6,15,2,1200.0,4,26.7,15,100.0,3,358.08,0.0,,,
BZ_h6s5f50p2n9.txt,HLCT,5,6,15,2,1200.0,2,13.3,15,100.0,8,1059.93,0.1,,,
BZ_h6s5f50p3n1.txt,HLCT,5,6,15,3,1200.0,1,6.7,15,100.0,7,909.10,0.1,,,
BZ_h6s5f50p3n10.txt,HLCT,5,6,15,3,1200.0,2,13.3,15,100.0,2,272.28,0.0,,,
BZ_h6s5f50p3n11.txt,HLCT,5,6,15,3,1200.0,2,13.3,8,53.3,8,1049.53,0.1,,,
BZ_h6s5f50p3n12.txt,HLCT,5,6,15,3,1200.0,4,26.7,15,100.0,9,1155.25,0.1,,,
BZ_h6s5f50p3n13.txt,HLCT,5,6,15,3,1200.0,0,0.0,8,53.3,9,1121.07,0.1,,,
BZ_h6s5f50p3n14.txt,HLCT,5,6,15,3,1200.0,1,6.7,15,100.0,8,1096.74,0.1,,,
BZ_h6s5f50p3n15.txt,HLCT,5,6,15,3,1200.0,4,26.7,15,100.0,8,1033.57,0.1,,,
BZ_h6s5f50p3n16.txt,HLCT,5,6,15,3,1200.0,0,0.0,15,100.0,4,472.77,0.1,,,
BZ_h6s5f50p3n17.txt,HLCT,5,6,15,3,1200.0,1,6.7,15,100.0,6,850.65,0.1,,,
BZ_h6s5f50p3n18.txt,HLCT,5,6,15,3,1200.0,0,0.0,15,100.0,6,779.96,0.1,,,
BZ_h6s5f50p3n19.txt,HLCT,5,6,15,3,1200.0,1,6.7,15,100.0,8,1045.26,0.1,,,
BZ_h6s5f50p3n2.txt,HLCT,5,6,15,3,1200.0,1,6.7,15,100.0,5,590.68,0.1,,,
BZ_h6s5f50p3n20.txt,HLCT,5,6,15,3,1200.0,1,6.7,15,100.0,6,748.08,0.1,,,
BZ_h6s5f50p3n3.txt,HLCT,5,6,15,3,1200.0,1,6.7,15,100.0,7,936.18,0.1,,,
BZ_h6s5f50p3n4.txt,HLCT,5,6,15,3,1200.0,2,13.3,15,100.0,8,1127.99,0.2,,,
BZ_h6s5f50p3n5.txt,HLCT,5,6,15,3,1200.0,0,0.0,15,100.0,8,1062.44,0.2,,,
BZ_h6s5f50p3n6.txt,HLCT,5,6,15,3,1200.0,1,6.7,15,100.0,7,936.61,0.2,,,
BZ_h6s5f50p3n7.txt,HLCT,5,6,15,3,1200.0,1,6.7,10,66.7,8,1026.46,0.2,,,
BZ_h6s5f50p3n8.txt,HLCT,5,6,15,3,1200.0,3,20.0,15,100.0,6,828.48,0.2,,,
BZ_h6s5f50p3n9.txt,HLCT,5,6,15,3,1200.0,2,13.3,15,100.0,9,1188.88,0.2,,,
BZ_h6s5f50p6n1.txt,HLCT,5,6,15,6,1200.0,3,20.0,15,100.0,7,882.52,0.3,,,
BZ_h6s5f50p6n10.txt,HLCT,5,6,15,5,1200.0,1,6.7,15,100.0,3,378.65,0.1,,,
BZ_h6s5f50p6n11.txt,HLCT,5,6,15,6,1200.0,0,0.0,15,100.0,9,1107.91,0.3,,,
BZ_h6s5f50p6n12.txt,HLCT,5,6,15,6,1200.0,2,13.3,9,60.0,8,1161.67,0.2,,,
BZ_h6s5f50p6n13.txt,HLCT,5,6,15,6,1200.0,0,0.0,7,46.7,8,1065.44,0.2,,,
BZ_h6s5f50p6n14.txt,HLCT,5,6,15,5,1200.0,0,0.0,5,33.3,7,922.84,0.2,,,
BZ_h6s5f50p6n15.txt,HLCT,5,6,15,6,1200.0,1,6.7,15,100.0,4,529.82,0.1,,,
BZ_h6s5f50p6n16.txt,HLCT,5,6,15,6,1200.0,0,0.0,5,33.3,8,1057.47,0.2,,,
BZ_h6s5f50p6n17.txt,HLCT,5,6,15,6,1200.0,2,13.3,15,100.0,6,792.04,0.2,,,
BZ_h6s5f50p6n18.txt,HLCT,5,6,15,6,1200.0,1,6.7,13,86.7,8,1075.94,0.2,,,
BZ_h6s5f50p6n19.txt,HLCT,5,6,15,6,1200.0,1,6.7,10,66.7,8,1096.65,0.2,,,
BZ_h6s5f50p6n2.txt,HLCT,5,6,15,6,1200.0,0,0.0,10,66.7,9,1165.78,0.2,,,
BZ_h6s5f50p6n20.txt,HLCT,5,6,15,6,1200.0,0,0.0,11,73.3,9,1137.44,0.3,,,
BZ_h6s5f50p6n3.txt,HLCT,5,6,15,5,1200.0,1,6.7,15,100.0,7,952.99,0.2,,,
BZ_h6s5f50p6n4.txt,HLCT,5,6,15,6,1200.0,0,0.0,6,40.0,8,1022.48,0.2,,,
BZ_h6s5f50p6n5.txt,HLCT,5,6,15,6,1200.0,0,0.0,6,40.0,9,1174.76,0.2,,,
BZ_h6s5f50p6n6.txt,HLCT,5,6,15,6,1200.0,0,0.0,12,80.0,8,1078.54,0.2,,,
BZ_h6s5f50p6n7.txt,HLCT,5,6,15,6,1200.0,2,13.3,15,100.0,8,1059.56,0.2,,,
BZ_h6s5f50p6n8.txt,HLCT,5,6,15,6,1200.0,0,0.0,7,46.7,9,1149.83,0.3,,,
BZ_h6s5f50p6n9.txt,HLCT,5,6,15,6,1200.0,0,0.0,10,66.7,9,1158.82,0.2,,,
BZ_h6s5f70p2n1.txt,HLCT,5,6,21,2,1200.0,4,19.0,9,42.9,9,1007.78,0.2,,,
BZ_h6s5f70p2n10.txt,HLCT,5,6,21,2,1200.0,4,19.0,10,47.6,10,1158.81,0.1,,,
BZ_h6s5f70p2n11.txt,HLCT,5,6,21,2,1200.0,1,4.8,8,38.1,9,1069.48,0.1,,,
BZ_h6s5f70p2n12.txt,HLCT,5,6,21,2,1200.0,3,14.3,21,100.0,10,1116.66,0.1,,,
BZ_h6s5f70p2n13.txt,HLCT,5,6,21,2,1200.0,4,19.0,10,47.6,9,1138.69,0.1,,,
BZ_h6s5f70p2n14.txt,HLCT,5,6,21,2,1200.0,2,9.5,6,28.6,11,1094.19,0.1,,,
BZ_h6s5f70p2n15.txt,HLCT,5,6,21,2,1200.0,7,33.3,13,61.9,10,1091.96,0.1,,,
BZ_h6s5f70p2n16.txt,HLCT,5,6,21,2,1200.0,10,47.6,13,61.9,9,1138.62,0.1,,,
BZ_h6s5f70p2n17.txt,HLCT,5,6,21,2,1200.0,8,38.1,11,52.4,9,1113.05,0.1,,,
BZ_h6s5f70p2n18.txt,HLCT,5,6,21,2,1200.0,4,19.0,10,47.6,10,1191.89,0.1,,,
BZ_h6s5f70p2n19.txt,HLCT,5,6,21,2,1200.0,5,23.8,21,100.0,5,541.25,0.1,,,
BZ_h6s5f70p2n2.txt,HLCT,5,6,21,2,1200.0,7,33.3,21,100.0,5,587.96,0.1,,,
BZ_h6s5f70p2n20.txt,HLCT,5,6,21,2,1200.0,4,19.0,8,38.1,9,1110.88,0.1,,,
BZ_h6s5f70p2n3.txt,HLCT,5,6,21,2,1200.0,11,52.4,21,100.0,7,782.94,0.1,,,
BZ_h6s5f70p2n4.txt,HLCT,5,6,21,2,1200.0,1,4.8,21,100.0,8,952.72,0.1,,,
BZ_h6s5f70p2n5.txt,HLCT,5,6,21,2,1200.0,9,42.9,13,61.9,9,1166.53,0.1,,,
BZ_h6s5f70p2n6.txt,HLCT,5,6,21,2,1200.0,3,14.3,21,100.0,8,853.23,0.1,,,
BZ_h6s5f70p2n7.txt,HLCT,5,6,21,2,1200.0,7,33.3,21,100.0,6,678.87,0.1,,,
BZ_h6s5f70p2n8.txt,HLCT,5,6,21,2,1200.0,5,23.8,10,47.6,10,1143.96,0.1,,,
BZ_h6s5f70p2n9.txt,HLCT,5,6,21,2,1200.0,8,38.1,21,100.0,8,1016.06,0.1,,,
BZ_h6s5f70p3n1.txt,HLCT,5,6,21,3,1200.0,2,9.5,9,42.9,9,1160.33,0.2,,,
BZ_h6s5f70p3n10.txt,HLCT,5,6,21,3,1200.0,3,14.3,7,33.3,10,1177.17,0.2,,,
BZ_h6s5f70p3n11.txt,HLCT,5,6,21,3,1200.0,4,19.0,7,33.3,9,1071.83,0.2,,,
BZ_h6s5f70p3n12.txt,HLCT,5,6,21,3,1200.0,1,4.8,6,28.6,9,1042.45,0.2,,,
BZ_h6s5f70p3n13.txt,HLCT,5,6,21,3,1200.0,8,38.1,21,100.0,6,792.82,0.1,,,
BZ_h6s5f70p3n14.txt,HLCT,5,6,21,3,1200.0,2,9.5,8,38.1,9,1030.03,0.2,,,
BZ_h6s5f70p3n15.txt,HLCT,5,6,21,3,1200.0,7,33.3,10,47.6,9,1027.57,0.2,,,
BZ_h6s5f70p3n16.txt,HLCT,5,6,21,3,1200.0,3,14.3,10,47.6,9,1121.46,0.2,,,
BZ_h6s5f70p3n17.txt,HLCT,5,6,21,3,1200.0,3,14.3,21,100.0,8,934.45,0.1,,,
BZ_h6s5f70p3n18.txt,HLCT,5,6,21,3,1200.0,6,28.6,12,57.1,9,1144.94,0.2,,,
BZ_h6s5f70p3n19.txt,HLCT,5,6,21,3,1200.0,1,4.8,5,23.8,10,1151.16,0.2,,,
BZ_h6s5f70p3n2.txt,HLCT,5,6,21,3,1200.0,3,14.3,8,38.1,10,1198.94,0.2,,,
BZ_h6s5f70p3n20.txt,HLCT,5,6,21,3,1200.0,7,33.3,15,71.4,9,1160.68,0.2,,,
BZ_h6s5f70p3n3.txt,HLCT,5,6,21,3,1200.0,7,33.3,21,100.0,8,894.29,0.1,,,
BZ_h6s5f70p3n4.txt,HLCT,5,6,21,3,1200.0,1,4.8,4,19.0,9,1119.85,0.1,,,
BZ_h6s5f70p3n5.txt,HLCT,5,6,21,3,1200.0,2,9.5,12,57.1,9,1082.28,0.2,,,
BZ_h6s5f70p3n6.txt,HLCT,5,6,21,3,1200.0,4,19.0,21,100.0,8,964.04,0.1,,,
BZ_h6s5f70p3n7.txt,HLCT,5,6,21,3,1200.0,3,14.3,15,71.4,9,1030.24,0.2,,,
BZ_h6s5f70p3n8.txt,HLCT,5,6,21,3,1200.0,2,9.5,12,57.1,11,1163.67,0.2,,,
BZ_h6s5f70p3n9.txt,HLCT,5,6,21,3,1200.0,4,19.0,9,42.9,6,642.69,0.2,,,
BZ_h6s5f70p6n1.txt,HLCT,5,6,21,6,1200.0,1,4.8,8,38.1,10,1185.97,0.3,,,
BZ_h6s5f70p6n10.txt,HLCT,5,6,21,6,1200.0,0,0.0,6,28.6,8,957.38,0.3,,,
BZ_h6s5f70p6n11.txt,HLCT,5,6,21,6,1200.0,2,9.5,4,19.0,7,944.51,0.3,,,
BZ_h6s5f70p6n12.txt,HLCT,5,6,21,6,1200.0,1,4.8,4,19.0,9,1084.99,0.3,,,
BZ_h6s5f70p6n13.txt,HLCT,5,6,21,6,1200.0,2,9.5,8,38.1,10,1121.09,0.5,,,
BZ_h6s5f70p6n14.txt,HLCT,5,6,21,5,1200.0,0,0.0,4,19.0,9,1095.75,0.4,,,
BZ_h6s5f70p6n15.txt,HLCT,5,6,21,6,1200.0,0,0.0,12,57.1,10,1188.63,0.2,,,
BZ_h6s5f70p6n16.txt,HLCT,5,6,21,6,1200.0,1,4.8,6,28.6,10,1152.55,0.3,,,
BZ_h6s5f70p6n17.txt,HLCT,5,6,21,5,1200.0,0,0.0,9,42.9,10,1163.02,0.3,,,
BZ_h6s5f70p6n18.txt,HLCT,5,6,21,6,1200.0,1,4.8,8,38.1,9,1072.90,0.3,,,
BZ_h6s5f70p6n19.txt,HLCT,5,6,21,6,1200.0,2,9.5,8,38.1,9,1131.89,0.3,,,
BZ_h6s5f70p6n2.txt,HLCT,5,6,21,6,1200.0,0,0.0,8,38.1,9,1109.07,0.2,,,
BZ_h6s5f70p6n20.txt,HLCT,5,6,21,6,1200.0,1,4.8,5,23.8,10,1158.89,0.3,,,
BZ_h6s5f70p6n3.txt,HLCT,5,6,21,6,1200.0,1,4.8,5,23.8,9,1176.20,0.4,,,
BZ_h6s5f70p6n4.txt,HLCT,5,6,21,6,1200.0,0,0.0,6,28.6,10,1116.67,0.6,,,
BZ_h6s5f70p6n5.txt,HLCT,5,6,21,6,1200.0,0,0.0,4,19.0,10,1189.83,0.5,,,
BZ_h6s5f70p6n6.txt,HLCT,5,6,21,6,1200.0,0,0.0,7,33.3,10,1134.02,0.5,,,
BZ_h6s5f70p6n7.txt,HLCT,5,6,21,6,1200.0,1,4.8,11,52.4,10,1143.40,0.5,,,
BZ_h6s5f70p6n8.txt,HLCT,5,6,21,6,1200.0,0,0.0,7,33.3,9,991.01,0.5,,,
BZ_h6s5f70p6n9.txt,HLCT,5,6,21,6,1200.0,0,0.0,6,28.6,9,1123.14,0.5,,,
BZ_h6s7f50p2n1.txt,HLCT,7,6,21,2,1200.0,4,19.0,21,100.0,5,706.92,0.1,,,
BZ_h6s7f50p2n10.txt,HLCT,7,6,21,2,1200.0,4,19.0,12,57.1,8,1129.76,0.1,,,
BZ_h6s7f50p2n11.txt,HLCT,7,6,21,2,1200.0,4,19.0,21,100.0,6,767.68,0.1,,,
BZ_h6s7f50p2n12.txt,HLCT,7,6,21,2,1200.0,7,33.3,21,100.0,3,376.54,0.0,,,
BZ_h6s7f50p2n13.txt,HLCT,7,6,21,2,1200.0,4,19.0,21,100.0,8,1098.35,0.1,,,
BZ_h6s7f50p2n14.txt,HLCT,7,6,21,2,1200.0,7,33.3,21,100.0,7,936.90,0.1,,,
BZ_h6s7f50p2n15.txt,HLCT,7,6,21,2,1200.0,4,19.0,9,42.9,8,1044.14,0.1,,,
BZ_h6s7f50p2n16.txt,HLCT,7,6,21,2,1200.0,10,47.6,21,100.0,1,149.87,0.0,,,
BZ_h6s7f50p2n17.txt,HLCT,7,6,21,2,1200.0,9,42.9,21,100.0,5,614.91,0.1,,,
BZ_h6s7f50p2n18.txt,HLCT,7,6,21,2,1200.0,7,33.3,21,100.0,5,650.43,0.1,,,
BZ_h6s7f50p2n19.txt,HLCT,7,6,21,2,1200.0,3,14.3,9,42.9,9,1172.89,0.1,,,
BZ_h6s7f50p2n2.txt,HLCT,7,6,21,2,1200.0,8,38.1,21,100.0,6,775.22,0.1,,,
BZ_h6s7f50p2n20.txt,HLCT,7,6,21,2,1200.0,7,33.3,11,52.4,8,1089.26,0.1,,,
BZ_h6s7f50p2n3.txt,HLCT,7,6,21,2,1200.0,2,9.5,21,100.0,9,1184.22,0.1,,,
BZ_h6s7f50p2n4.txt,HLCT,7,6,21,2,1200.0,10,47.6,21,100.0,5,639.99,0.1,,,
BZ_h6s7f50p2n5.txt,HLCT,7,6,21,2,1200.0,4,19.0,21,100.0,8,1090.48,0.1,,,
BZ_h6s7f50p2n6.txt,HLCT,7,6,21,2,1200.0,13,61.9,21,100.0,6,842.19,0.1,,,
BZ_h6s7f50p2n7.txt,HLCT,7,6,21,2,1200.0,8,38.1,21,100.0,9,1191.95,0.1,,,
BZ_h6s7f50p2n8.txt,HLCT,7,6,21,2,1200.0,3,14.3,7,33.3,8,1092.73,0.1,,,
BZ_h6s7f50p2n9.txt,HLCT,7,6,21,2,1200.0,5,23.8,21,100.0,6,765.97,0.1,,,
BZ_h6s7f50p3n1.txt,HLCT,7,6,21,3,1200.0,4,19.0,21,100.0,7,871.11,0.1,,,
BZ_h6s7f50p3n10.txt,HLCT,7,6,21,3,1200.0,2,9.5,21,100.0,8,1125.69,0.1,,,
BZ_h6s7f50p3n11.txt,HLCT,7,6,21,3,1200.0,4,19.0,9,42.9,9,1096.06,0.2,,,
BZ_h6s7f50p3n12.txt,HLCT,7,6,21,3,1200.0,3,14.3,21,100.0,8,1048.20,0.2,,,
BZ_h6s7f50p3n13.txt,HLCT,7,6,21,3,1200.0,2,9.5,21,100.0,9,1183.76,0.2,,,
BZ_h6s7f50p3n14.txt,HLCT,7,6,21,3,1200.0,6,28.6,21,100.0,9,1126.48,0.2,,,
BZ_h6s7f50p3n15.txt,HLCT,7,6,21,3,1200.0,3,14.3,11,52.4,9,1126.05,0.2,,,
BZ_h6s7f50p3n16.txt,HLCT,7,6,21,3,1200.0,4,19.0,21,100.0,3,318.51,0.0,,,
BZ_h6s7f50p3n17.txt,HLCT,7,6,21,3,1200.0,2,9.5,12,57.1,8,1174.65,0.2,,,
BZ_h6s7f50p3n18.txt,HLCT,7,6,21,3,1200.0,0,0.0,5,23.8,8,1007.88,0.1,,,
BZ_h6s7f50p3n19.txt,HLCT,7,6,21,3,1200.0,1,4.8,21,100.0,7,971.24,0.1,,,
BZ_h6s7f50p3n2.txt,HLCT,7,6,21,3,1200.0,2,9.5,10,47.6,9,1106.64,0.2,,,
BZ_h6s7f50p3n20.txt,HLCT,7,6,21,3,1200.0,4,19.0,21,100.0,9,1156.68,0.2,,,
BZ_h6s7f50p3n3.txt,HLCT,7,6,21,3,1200.0,2,9.5,21,100.0,8,1072.58,0.2,,,
BZ_h6s7f50p3n4.txt,HLCT,7,6,21,3,1200.0,3,14.3,21,100.0,9,1139.36,0.2,,,
BZ_h6s7f50p3n5.txt,HLCT,7,6,21,3,1200.0,4,19.0,21,100.0,7,951.41,0.1,,,
BZ_h6s7f50p3n6.txt,HLCT,7,6,21,3,1200.0,6,28.6,14,66.7,9,1170.32,0.2,,,
BZ_h6s7f50p3n7.txt,HLCT,7,6,21,3,1200.0,5,23.8,21,100.0,1,145.26,0.0,,,
BZ_h6s7f50p3n8.txt,HLCT,7,6,21,3,1200.0,3,14.3,21,100.0,8,1016.71,0.1,,,
BZ_h6s7f50p3n9.txt,HLCT,7,6,21,3,1200.0,1,4.8,4,19.0,8,970.17,0.1,,,
BZ_h6s7f50p6n1.txt,HLCT,7,6,21,6,1200.0,1,4.8,21,100.0,7,928.34,0.2,,,
BZ_h6s7f50p6n10.txt,HLCT,7,6,21,6,1200.0,4,19.0,17,81.0,8,1083.45,0.3,,,
BZ_h6s7f50p6n11.txt,HLCT,7,6,21,6,1200.0,3,14.3,12,57.1,8,1119.39,0.3,,,
BZ_h6s7f50p6n12.txt,HLCT,7,6,21,6,1200.0,4,19.0,8,38.1,8,1113.22,0.2,,,
BZ_h6s7f50p6n13.txt,HLCT,7,6,21,6,1200.0,0,0.0,21,100.0,8,1171.62,0.3,,,
BZ_h6s7f50p6n14.txt,HLCT,7,6,21,6,1200.0,2,9.5,19,90.5,9,1175.55,0.3,,,
BZ_h6s7f50p6n15.txt,HLCT,7,6,21,6,1200.0,4,19.0,21,100.0,9,1168.94,0.3,,,
BZ_h6s7f50p6n16.txt,HLCT,7,6,21,6,1200.0,0,0.0,10,47.6,8,1073.56,0.3,,,
BZ_h6s7f50p6n17.txt,HLCT,7,6,21,6,1200.0,2,9.5,8,38.1,9,1114.21,0.3,,,
BZ_h6s7f50p6n18.txt,HLCT,7,6,21,6,1200.0,3,14.3,21,100.0,8,1077.24,0.2,,,
BZ_h6s7f50p6n19.txt,HLCT,7,6,21,6,1200.0,3,14.3,11,52.4,9,1140.75,0.3,,,
BZ_h6s7f50p6n2.txt,HLCT,7,6,21,6,1200.0,1,4.8,14,66.7,9,1153.65,0.3,,,
BZ_h6s7f50p6n20.txt,HLCT,7,6,21,6,1200.0,1,4.8,10,47.6,9,1169.16,0.3,,,
BZ_h6s7f50p6n3.txt,HLCT,7,6,21,6,1200.0,1,4.8,12,57.1,8,1086.31,0.3,,,
BZ_h6s7f50p6n4.txt,HLCT,7,6,21,6,1200.0,0,0.0,4,19.0,9,1057.71,0.3,,,
BZ_h6s7f50p6n5.txt,HLCT,7,6,21,6,1200.0,2,9.5,21,100.0,9,1171.58,0.3,,,
BZ_h6s7f50p6n6.txt,HLCT,7,6,21,6,1200.0,0,0.0,10,47.6,9,1191.70,0.3,,,
BZ_h6s7f50p6n7.txt,HLCT,7,6,21,6,1200.0,0,0.0,8,38.1,9,1119.68,0.3,,,
BZ_h6s7f50p6n8.txt,HLCT,7,6,21,6,1200.0,0,0.0,10,47.6,8,1113.41,0.3,,,
BZ_h6s7f50p6n9.txt,HLCT,7,6,21,6,1200.0,0,0.0,9,42.9,8,1073.45,0.3,,,
BZ_h6s7f70p2n1.txt,HLCT,7,6,29,2,1200.0,12,41.4,16,55.2,9,1035.92,0.1,,,
BZ_h6s7f70p2n10.txt,HLCT,7,6,29,2,1200.0,2,6.9,10,34.5,11,1180.86,0.2,,,
BZ_h6s7f70p2n11.txt,HLCT,7,6,29,2,1200.0,6,20.7,29,100.0,8,911.36,0.1,,,
BZ_h6s7f70p2n12.txt,HLCT,7,6,29,2,1200.0,13,44.8,18,62.1,9,1082.64,0.1,,,
BZ_h6s7f70p2n13.txt,HLCT,7,6,29,2,1200.0,1,3.4,8,27.6,9,1083.56,0.1,,,
BZ_h6s7f70p2n14.txt,HLCT,7,6,29,2,1200.0,4,13.8,10,34.5,10,1194.64,0.2,,,
BZ_h6s7f70p2n15.txt,HLCT,7,6,29,2,1200.0,9,31.0,13,44.8,9,1013.95,0.2,,,
BZ_h6s7f70p2n16.txt,HLCT,7,6,29,2,1200.0,4,13.8,29,100.0,9,1011.50,0.1,,,
BZ_h6s7f70p2n17.txt,HLCT,7,6,29,2,1200.0,9,31.0,17,58.6,9,1018.57,0.1,,,
BZ_h6s7f70p2n18.txt,HLCT,7,6,29,2,1200.0,2,6.9,8,27.6,10,1176.52,0.1,,,
BZ_h6s7f70p2n19.txt,HLCT,7,6,29,2,1200.0,5,17.2,12,41.4,10,1114.65,0.2,,,
BZ_h6s7f70p2n2.txt,HLCT,7,6,29,2,1200.0,11,37.9,29,100.0,6,720.56,0.1,,,
BZ_h6s7f70p2n20.txt,HLCT,7,6,29,2,1200.0,10,34.5,16,55.2,8,1118.07,0.2,,,
BZ_h6s7f70p2n3.txt,HLCT,7,6,29,2,1200.0,5,17.2,29,100.0,11,1188.19,0.3,,,
BZ_h6s7f70p2n4.txt,HLCT,7,6,29,2,1200.0,2,6.9,7,24.1,10,1197.06,0.3,,,
BZ_h6s7f70p2n5.txt,HLCT,7,6,29,2,1200.0,5,17.2,29,100.0,10,1158.95,0.2,,,
BZ_h6s7f70p2n6.txt,HLCT,7,6,29,2,1200.0,2,6.9,7,24.1,9,1047.35,0.2,,,
BZ_h6s7f70p2n7.txt,HLCT,7,6,29,2,1200.0,5,17.2,11,37.9,9,1135.38,0.1,,,
BZ_h6s7f70p2n8.txt,HLCT,7,6,29,2,1200.0,10,34.5,29,100.0,7,826.45,0.1,,,
BZ_h6s7f70p2n9.txt,HLCT,7,6,29,2,1200.0,11,37.9,15,51.7,9,1054.68,0.1,,,
BZ_h6s7f70p3n1.txt,HLCT,7,6,29,3,1200.0,4,13.8,10,34.5,10,1175.62,0.2,,,
BZ_h6s7f70p3n10.txt,HLCT,7,6,29,3,1200.0,6,20.7,16,55.2,10,1191.85,0.3,,,
BZ_h6s7f70p3n11.txt,HLCT,7,6,29,3,1200.0,1,3.4,9,31.0,9,1099.18,0.2,,,
BZ_h6s7f70p3n12.txt,HLCT,7,6,29,3,1200.0,2,6.9,9,31.0,10,1135.23,0.2,,,
BZ_h6s7f70p3n13.txt,HLCT,7,6,29,3,1200.0,2,6.9,11,37.9,10,1157.73,0.2,,,
BZ_h6s7f70p3n14.txt,HLCT,7,6,29,3,1200.0,1,3.4,4,13.8,8,974.16,0.2,,,
BZ_h6s7f70p3n15.txt,HLCT,7,6,29,3,1200.0,1,3.4,17,58.6,9,1131.48,0.2,,,
BZ_h6s7f70p3n16.txt,HLCT,7,6,29,3,1200.0,3,10.3,8,27.6,9,1171.94,0.2,,,
BZ_h6s7f70p3n17.txt,HLCT,7,6,29,3,1200.0,3,10.3,10,34.5,8,1066.89,0.2,,,
BZ_h6s7f70p3n18.txt,HLCT,7,6,29,3,1200.0,2,6.9,7,24.1,10,1150.33,0.2,,,
BZ_h6s7f70p3n19.txt,HLCT,7,6,29,3,1200.0,2,6.9,11,37.9,10,1098.63,0.2,,,
BZ_h6s7f70p3n2.txt,HLCT,7,6,29,3,1200.0,4,13.8,7,24.1,9,1099.49,0.2,,,
BZ_h6s7f70p3n20.txt,HLCT,7,6,29,3,1200.0,6,20.7,11,37.9,9,1127.17,0.2,,,
BZ_h6s7f70p3n3.txt,HLCT,7,6,29,3,1200.0,3,10.3,9,31.0,10,1116.86,0.2,,,
BZ_h6s7f70p3n4.txt,HLCT,7,6,29,3,1200.0,3,10.3,11,37.9,10,1094.93,0.2,,,
BZ_h6s7f70p3n5.txt,HLCT,7,6,29,3,1200.0,3,10.3,9,31.0,10,1168.83,0.2,,,
BZ_h6s7f70p3n6.txt,HLCT,7,6,29,3,1200.0,1,3.4,15,51.7,10,1100.90,0.2,,,
BZ_h6s7f70p3n7.txt,HLCT,7,6,29,3,1200.0,7,24.1,14,48.3,10,1182.74,0.2,,,
BZ_h6s7f70p3n8.txt,HLCT,7,6,29,3,1200.0,2,6.9,17,58.6,10,1185.78,0.2,,,
BZ_h6s7f70p3n9.txt,HLCT,7,6,29,3,1200.0,4,13.8,9,31.0,10,1111.28,0.2,,,
BZ_h6s7f70p6n1.txt,HLCT,7,6,29,6,1200.0,1,3.4,8,27.6,10,1192.71,0.3,,,
BZ_h6s7f70p6n10.txt,HLCT,7,6,29,6,1200.0,1,3.4,9,31.0,10,1130.66,0.4,,,
BZ_h6s7f70p6n11.txt,HLCT,7,6,29,6,1200.0,0,0.0,8,27.6,10,1130.20,0.4,,,
BZ_h6s7f70p6n12.txt,HLCT,7,6,29,6,1200.0,0,0.0,8,27.6,9,1127.90,0.4,,,
BZ_h6s7f70p6n13.txt,HLCT,7,6,29,6,1200.0,1,3.4,5,17.2,9,1100.46,0.3,,,
BZ_h6s7f70p6n14.txt,HLCT,7,6,29,6,1200.0,1,3.4,9,31.0,10,1123.07,0.4,,,
BZ_h6s7f70p6n15.txt,HLCT,7,6,29,6,1200.0,1,3.4,7,24.1,10,1154.56,0.4,,,
BZ_h6s7f70p6n16.txt,HLCT,7,6,29,6,1200.0,2,6.9,13,44.8,9,1193.96,0.3,,,
BZ_h6s7f70p6n17.txt,HLCT,7,6,29,6,1200.0,3,10.3,5,17.2,9,1053.76,0.3,,,
BZ_h6s7f70p6n18.txt,HLCT,7,6,29,6,1200.0,0,0.0,12,41.4,10,1104.95,0.4,,,
BZ_h6s7f70p6n19.txt,HLCT,7,6,29,6,1200.0,0,0.0,3,10.3,8,890.76,0.3,,,
BZ_h6s7f70p6n2.txt,HLCT,7,6,29,6,1200.0,2,6.9,16,55.2,10,1096.15,0.4,,,
BZ_h6s7f70p6n20.txt,HLCT,7,6,29,6,1200.0,1,3.4,5,17.2,9,1113.38,0.4,,,
BZ_h6s7f70p6n3.txt,HLCT,7,6,29,6,1200.0,0,0.0,5,17.2,8,919.87,0.3,,,
BZ_h6s7f70p6n4.txt,HLCT,7,6,29,6,1200.0,1,3.4,9,31.0,9,1146.85,0.4,,,
BZ_h6s7f70p6n5.txt,HLCT,7,6,29,6,1200.0,1,3.4,8,27.6,9,1154.41,0.3,,,
BZ_h6s7f70p6n6.txt,HLCT,7,6,29,6,1200.0,0,0.0,9,31.0,11,1179.78,0.3,,,
BZ_h6s7f70p6n7.txt,HLCT,7,6,29,6,1200.0,2,6.9,5,17.2,8,943.10,0.3,,,
BZ_h6s7f70p6n8.txt,HLCT,7,6,29,6,1200.0,0,0.0,7,24.1,9,994.43,0.3,,,
BZ_h6s7f70p6n9.txt,HLCT,7,6,29,6,1200.0,2,6.9,8,27.6,8,914.67,0.4,,,
BZ_h6s9f50p2n1.txt,HLCT,9,6,27,2,1200.0,6,22.2,27,100.0,8,1031.31,0.1,,,
BZ_h6s9f50p2n10.txt,HLCT,9,6,27,2,1200.0,13,48.1,27,100.0,3,458.23,0.0,,,
BZ_h6s9f50p2n11.txt,HLCT,9,6,27,2,1200.0,5,18.5,12,44.4,9,1106.88,0.1,,,
BZ_h6s9f50p2n12.txt,HLCT,9,6,27,2,1200.0,8,29.6,27,100.0,6,863.46,0.1,,,
BZ_h6s9f50p2n13.txt,HLCT,9,6,27,2,1200.0,12,44.4,27,100.0,6,797.95,0.1,,,
BZ_h6s9f50p2n14.txt,HLCT,9,6,27,2,1200.0,4,14.8,9,33.3,9,1077.66,0.1,,,
BZ_h6s9f50p2n15.txt,HLCT,9,6,27,2,1200.0,7,25.9,27,100.0,9,1073.92,0.2,,,
BZ_h6s9f50p2n16.txt,HLCT,9,6,27,2,1200.0,3,11.1,27,100.0,8,1024.70,0.1,,,
BZ_h6s9f50p2n17.txt,HLCT,9,6,27,2,1200.0,11,40.7,27,100.0,5,637.01,0.1,,,
BZ_h6s9f50p2n18.txt,HLCT,9,6,27,2,1200.0,6,22.2,14,51.9,8,1039.35,0.1,,,
BZ_h6s9f50p2n19.txt,HLCT,9,6,27,2,1200.0,9,33.3,15,55.6,9,1083.78,0.2,,,
BZ_h6s9f50p2n2.txt,HLCT,9,6,27,2,1200.0,11,40.7,27,100.0,6,795.81,0.1,,,
BZ_h6s9f50p2n20.txt,HLCT,9,6,27,2,1200.0,3,11.1,12,44.4,9,1120.39,0.1,,,
BZ_h6s9f50p2n3.txt,HLCT,9,6,27,2,1200.0,3,11.1,27,100.0,7,868.72,0.1,,,
BZ_h6s9f50p2n4.txt,HLCT,9,6,27,2,1200.0,13,48.1,27,100.0,8,1064.04,0.1,,,
BZ_h6s9f50p2n5.txt,HLCT,9,6,27,2,1200.0,5,18.5,13,48.1,9,1062.31,0.1,,,
BZ_h6s9f50p2n6.txt,HLCT,9,6,27,2,1200.0,6,22.2,27,100.0,7,888.68,0.1,,,
BZ_h6s9f50p2n7.txt,HLCT,9,6,27,2,1200.0,5,18.5,27,100.0,8,1052.80,0.2,,,
BZ_h6s9f50p2n8.txt,HLCT,9,6,27,2,1200.0,2,7.4,10,37.0,8,1111.58,0.2,,,
BZ_h6s9f50p2n9.txt,HLCT,9,6,27,2,1200.0,9,33.3,16,59.3,8,1076.51,0.2,,,
BZ_h6s9f50p3n1.txt,HLCT,9,6,27,3,1200.0,8,29.6,12,44.4,8,1083.87,0.3,,,
BZ_h6s9f50p3n10.txt,HLCT,9,6,27,3,1200.0,2,7.4,14,51.9,9,1136.56,0.2,,,
BZ_h6s9f50p3n11.txt,HLCT,9,6,27,3,1200.0,5,18.5,27,100.0,7,945.80,0.3,,,
BZ_h6s9f50p3n12.txt,HLCT,9,6,27,3,1200.0,4,14.8,10,37.0,9,1134.36,0.4,,,
BZ_h6s9f50p3n13.txt,HLCT,9,6,27,3,1200.0,5,18.5,17,63.0,9,1141.71,0.2,,,
BZ_h6s9f50p3n14.txt,HLCT,9,6,27,3,1200.0,1,3.7,8,29.6,9,1159.78,0.2,,,
BZ_h6s9f50p3n15.txt,HLCT,9,6,27,3,1200.0,1,3.7,4,14.8,8,1127.49,0.2,,,
BZ_h6s9f50p3n16.txt,HLCT,9,6,27,3,1200.0,0,0.0,15,55.6,8,1106.49,0.2,,,
BZ_h6s9f50p3n17.txt,HLCT,9,6,27,3,1200.0,4,14.8,9,33.3,9,1136.88,0.2,,,
BZ_h6s9f50p3n18.txt,HLCT,9,6,27,3,1200.0,2,7.4,9,33.3,8,1152.60,0.2,,,
BZ_h6s9f50p3n19.txt,HLCT,9,6,27,3,1200.0,7,25.9,27,100.0,7,932.97,0.2,,,
BZ_h6s9f50p3n2.txt,HLCT,9,6,27,3,1200.0,4,14.8,15,55.6,9,1176.30,0.2,,,
BZ_h6s9f50p3n20.txt,HLCT,9,6,27,3,1200.0,8,29.6,27,100.0,4,524.01,0.1,,,
BZ_h6s9f50p3n3.txt,HLCT,9,6,27,3,1200.0,2,7.4,9,33.3,8,1058.38,0.2,,,
BZ_h6s9f50p3n4.txt,HLCT,9,6,27,3,1200.0,8,29.6,27,100.0,9,1190.80,0.2,,,
BZ_h6s9f50p3n5.txt,HLCT,9,6,27,3,1200.0,2,7.4,7,25.9,8,1053.80,0.2,,,
BZ_h6s9f50p3n6.txt,HLCT,9,6,27,3,1200.0,3,11.1,9,33.3,8,1104.41,0.2,,,
BZ_h6s9f50p3n7.txt,HLCT,9,6,27,3,1200.0,3,11.1,14,51.9,8,1125.88,0.2,,,
BZ_h6s9f50p3n8.txt,HLCT,9,6,27,3,1200.0,6,22.2,16,59.3,9,1129.14,0.2,,,
BZ_h6s9f50p3n9.txt,HLCT,9,6,27,3,1200.0,8,29.6,27,100.0,8,1112.42,0.2,,,
BZ_h6s9f50p6n1.txt,HLCT,9,6,27,6,1200.0,5,18.5,11,40.7,9,1136.47,0.3,,,
BZ_h6s9f50p6n10.txt,HLCT,9,6,27,6,1200.0,3,11.1,9,33.3,8,1141.12,0.3,,,
BZ_h6s9f50p6n11.txt,HLCT,9,6,27,6,1200.0,3,11.1,27,100.0,8,1088.54,0.3,,,
BZ_h6s9f50p6n12.txt,HLCT,9,6,27,6,1200.0,1,3.7,11,40.7,8,987.68,0.4,,,
BZ_h6s9f50p6n13.txt,HLCT,9,6,27,6,1200.0,1,3.7,12,44.4,9,1153.92,0.3,,,
BZ_h6s9f50p6n14.txt,HLCT,9,6,27,6,1200.0,4,14.8,12,44.4,9,1187.03,0.4,,,
BZ_h6s9f50p6n15.txt,HLCT,9,6,27,6,1200.0,1,3.7,6,22.2,8,1089.55,0.3,,,
BZ_h6s9f50p6n16.txt,HLCT,9,6,27,6,1200.0,0,0.0,15,55.6,8,1135.71,0.3,,,
BZ_h6s9f50p6n17.txt,HLCT,9,6,27,6,1200.0,0,0.0,12,44.4,9,1155.76,0.4,,,
BZ_h6s9f50p6n18.txt,HLCT,9,6,27,5,1200.0,4,14.8,11,40.7,9,1177.71,0.3,,,
BZ_h6s9f50p6n19.txt,HLCT,9,6,27,6,1200.0,3,11.1,7,25.9,8,1087.98,0.3,,,
BZ_h6s9f50p6n2.txt,HLCT,9,6,27,6,1200.0,3,11.1,14,51.9,8,1105.34,0.3,,,
BZ_h6s9f50p6n20.txt,HLCT,9,6,27,6,1200.0,1,3.7,11,40.7,8,1180.71,0.3,,,
BZ_h6s9f50p6n3.txt,HLCT,9,6,27,6,1200.0,2,7.4,11,40.7,8,940.30,0.3,,,
BZ_h6s9f50p6n4.txt,HLCT,9,6,27,6,1200.0,1,3.7,15,55.6,9,1184.60,0.4,,,
BZ_h6s9f50p6n5.txt,HLCT,9,6,27,6,1200.0,2,7.4,11,40.7,7,970.22,0.3,,,
BZ_h6s9f50p6n6.txt,HLCT,9,6,27,6,1200.0,4,14.8,13,48.1,9,1107.70,0.4,,,
BZ_h6s9f50p6n7.txt,HLCT,9,6,27,6,1200.0,1,3.7,5,18.5,9,1150.03,0.3,,,
BZ_h6s9f50p6n8.txt,HLCT,9,6,27,6,1200.0,4,14.8,15,55.6,8,1115.14,0.3,,,
BZ_h6s9f50p6n9.txt,HLCT,9,6,27,6,1200.0,1,3.7,8,29.6,8,1052.06,0.4,,,
BZ_h6s9f70p2n1.txt,HLCT,9,6,37,2,1200.0,14,37.8,20,54.1,10,1133.34,0.2,,,
BZ_h6s9f70p2n10.txt,HLCT,9,6,37,2,1200.0,12,32.4,21,56.8,10,1143.06,0.2,,,
BZ_h6s9f70p2n11.txt,HLCT,9,6,37,2,1200.0,13,35.1,17,45.9,9,1108.58,0.2,,,
BZ_h6s9f70p2n12.txt,HLCT,9,6,37,2,1200.0,2,5.4,14,37.8,10,1167.85,0.2,,,
BZ_h6s9f70p2n13.txt,HLCT,9,6,37,2,1200.0,5,13.5,12,32.4,9,1163.50,0.2,,,
BZ_h6s9f70p2n14.txt,HLCT,9,6,37,2,1200.0,8,21.6,14,37.8,9,1133.97,0.2,,,
BZ_h6s9f70p2n15.txt,HLCT,9,6,37,2,1200.0,3,8.1,13,35.1,9,1097.40,0.2,,,
BZ_h6s9f70p2n16.txt,HLCT,9,6,37,2,1200.0,5,13.5,13,35.1,9,1136.55,0.2,,,
BZ_h6s9f70p2n17.txt,HLCT,9,6,37,2,1200.0,3,8.1,37,100.0,9,1097.34,0.1,,,
BZ_h6s9f70p2n18.txt,HLCT,9,6,37,2,1200.0,5,13.5,12,32.4,10,1154.96,0.2,,,
BZ_h6s9f70p2n19.txt,HLCT,9,6,37,2,1200.0,14,37.8,24,64.9,10,1187.10,0.2,,,
BZ_h6s9f70p2n2.txt,HLCT,9,6,37,2,1200.0,7,18.9,14,37.8,10,1158.25,0.2,,,
BZ_h6s9f70p2n20.txt,HLCT,9,6,37,2,1200.0,9,24.3,13,35.1,9,948.27,0.2,,,
BZ_h6s9f70p2n3.txt,HLCT,9,6,37,2,1200.0,11,29.7,18,48.6,9,1133.79,0.2,,,
BZ_h6s9f70p2n4.txt,HLCT,9,6,37,2,1200.0,11,29.7,16,43.2,8,1122.45,0.1,,,
BZ_h6s9f70p2n5.txt,HLCT,9,6,37,2,1200.0,9,24.3,17,45.9,9,1152.08,0.2,,,
BZ_h6s9f70p2n6.txt,HLCT,9,6,37,2,1200.0,12,32.4,21,56.8,9,1168.59,0.2,,,
BZ_h6s9f70p2n7.txt,HLCT,9,6,37,2,1200.0,12,32.4,21,56.8,9,1085.88,0.2,,,
BZ_h6s9f70p2n8.txt,HLCT,9,6,37,2,1200.0,3,8.1,13,35.1,10,1116.66,0.3,,,
BZ_h6s9f70p2n9.txt,HLCT,9,6,37,2,1200.0,7,18.9,12,32.4,10,1146.35,0.3,,,
BZ_h6s9f70p3n1.txt,HLCT,9,6,37,3,1200.0,0,0.0,6,16.2,10,1126.98,0.3,,,
BZ_h6s9f70p3n10.txt,HLCT,9,6,37,3,1200.0,3,8.1,8,21.6,9,1154.04,0.2,,,
BZ_h6s9f70p3n11.txt,HLCT,9,6,37,3,1200.0,3,8.1,20,54.1,9,916.76,0.4,,,
BZ_h6s9f70p3n12.txt,HLCT,9,6,37,3,1200.0,3,8.1,11,29.7,9,1102.49,0.4,,,
BZ_h6s9f70p3n13.txt,HLCT,9,6,37,3,1200.0,7,18.9,22,59.5,11,1198.20,0.3,,,
BZ_h6s9f70p3n14.txt,HLCT,9,6,37,3,1200.0,10,27.0,14,37.8,9,1105.97,0.3,,,
BZ_h6s9f70p3n15.txt,HLCT,9,6,37,3,1200.0,3,8.1,11,29.7,10,1193.22,0.3,,,
BZ_h6s9f70p3n16.txt,HLCT,9,6,37,3,1200.0,7,18.9,17,45.9,10,1169.55,0.2,,,
BZ_h6s9f70p3n17.txt,HLCT,9,6,37,3,1200.0,6,16.2,10,27.0,9,1175.33,0.3,,,
BZ_h6s9f70p3n18.txt,HLCT,9,6,37,3,1200.0,4,10.8,12,32.4,10,1169.13,0.2,,,
BZ_h6s9f70p3n19.txt,HLCT,9,6,37,3,1200.0,8,21.6,12,32.4,9,1124.40,0.2,,,
BZ_h6s9f70p3n2.txt,HLCT,9,6,37,3,1200.0,1,2.7,10,27.0,10,1133.04,0.2,,,
BZ_h6s9f70p3n20.txt,HLCT,9,6,37,3,1200.0,3,8.1,9,24.3,9,1135.86,0.2,,,
BZ_h6s9f70p3n3.txt,HLCT,9,6,37,3,1200.0,3,8.1,8,21.6,10,1157.38,0.2,,,
BZ_h6s9f70p3n4.txt,HLCT,9,6,37,3,1200.0,7,18.9,14,37.8,9,1169.60,0.2,,,
BZ_h6s9f70p3n5.txt,HLCT,9,6,37,3,1200.0,1,2.7,10,27.0,10,1128.66,0.3,,,
BZ_h6s9f70p3n6.txt,HLCT,9,6,37,3,1200.0,5,13.5,13,35.1,10,1140.71,0.2,,,
BZ_h6s9f70p3n7.txt,HLCT,9,6,37,3,1200.0,6,16.2,11,29.7,10,1092.95,0.3,,,
BZ_h6s9f70p3n8.txt,HLCT,9,6,37,3,1200.0,5,13.5,10,27.0,10,1101.13,0.3,,,
BZ_h6s9f70p3n9.txt,HLCT,9,6,37,3,1200.0,7,18.9,22,59.5,9,1079.66,0.2,,,
BZ_h6s9f70p6n1.txt,HLCT,9,6,37,6,1200.0,1,2.7,6,16.2,9,1107.15,0.4,,,
BZ_h6s9f70p6n10.txt,HLCT,9,6,37,6,1200.0,2,5.4,6,16.2,10,1156.10,0.4,,,
BZ_h6s9f70p6n11.txt,HLCT,9,6,37,6,1200.0,2,5.4,11,29.7,10,1166.50,0.4,,,
BZ_h6s9f70p6n12.txt,HLCT,9,6,37,6,1200.0,2,5.4,12,32.4,10,1169.69,0.4,,,
BZ_h6s9f70p6n13.txt,HLCT,9,6,37,6,1200.0,2,5.4,4,10.8,9,975.15,0.3,,,
BZ_h6s9f70p6n14.txt,HLCT,9,6,37,6,1200.0,0,0.0,9,24.3,10,1113.20,0.4,,,
BZ_h6s9f70p6n15.txt,HLCT,9,6,37,6,1200.0,1,2.7,5,13.5,9,1010.11,0.4,,,
BZ_h6s9f70p6n16.txt,HLCT,9,6,37,6,1200.0,1,2.7,15,40.5,9,1033.71,0.5,,,
BZ_h6s9f70p6n17.txt,HLCT,9,6,37,6,1200.0,3,8.1,8,21.6,10,1167.98,0.4,,,
BZ_h6s9f70p6n18.txt,HLCT,9,6,37,6,1200.0,1,2.7,7,18.9,10,1127.81,0.4,,,
BZ_h6s9f70p6n19.txt,HLCT,9,6,37,6,1200.0,3,8.1,6,16.2,9,1089.52,0.4,,,
BZ_h6s9f70p6n2.txt,HLCT,9,6,37,6,1200.0,0,0.0,5,13.5,10,1129.51,0.5,,,
BZ_h6s9f70p6n20.txt,HLCT,9,6,37,6,1200.0,3,8.1,13,35.1,9,1096.64,0.4,,,
BZ_h6s9f70p6n3.txt,HLCT,9,6,37,6,1200.0,2,5.4,5,13.5,9,1062.75,0.4,,,
BZ_h6s9f70p6n4.txt,HLCT,9,6,37,6,1200.0,1,2.7,10,27.0,9,1166.28,0.4,,,
BZ_h6s9f70p6n5.txt,HLCT,9,6,37,6,1200.0,5,13.5,11,29.7,10,1183.42,0.4,,,
BZ_h6s9f70p6n6.txt,HLCT,9,6,37,6,1200.0,0,0.0,5,13.5,10,1111.03,0.4,,,
BZ_h6s9f70p6n7.txt,HLCT,9,6,37,6,1200.0,1,2.7,10,27.0,9,1126.21,0.4,,,
BZ_h6s9f70p6n8.txt,HLCT,9,6,37,6,1200.0,4,10.8,9,24.3,9,1088.10,0.4,,,
BZ_h6s9f70p6n9.txt,HLCT,9,6,37,6,1200.0,0,0.0,11,29.7,9,1155.51,0.4,,,
CV_h12s10n1.txt,HLCT,10,12,100,100,600.0,0,0.0,0,0.0,4,467.03,17.4,,,
CV_h12s10n10.txt,HLCT,10,12,100,100,600.0,1,1.0,1,1.0,4,474.31,18.1,,,
CV_h12s10n11.txt,HLCT,10,12,100,100,600.0,0,0.0,0,0.0,4,476.43,17.6,,,
CV_h12s10n12.txt,HLCT,10,12,100,100,600.0,0,0.0,0,0.0,4,481.85,17.8,,,
CV_h12s10n13.txt,HLCT,10,12,100,100,600.0,0,0.0,2,2.0,4,465.78,16.8,,,
CV_h12s10n14.txt,HLCT,10,12,100,100,600.0,0,0.0,3,3.0,5,599.33,17.6,,,
CV_h12s10n15.txt,HLCT,10,12,100,100,600.0,0,0.0,0,0.0,4,467.20,17.2,,,
CV_h12s10n16.txt,HLCT,10,12,100,100,600.0,0,0.0,2,2.0,5,590.10,11.3,,,
CV_h12s10n17.txt,HLCT,10,12,100,100,600.0,0,0.0,1,1.0,4,515.29,12.5,,,
CV_h12s10n18.txt,HLCT,10,12,100,100,600.0,0,0.0,0,0.0,4,473.51,10.7,,,
CV_h12s10n19.txt,HLCT,10,12,100,100,600.0,0,0.0,0,0.0,4,466.73,10.5,,,
CV_h12s10n2.txt,HLCT,10,12,100,100,600.0,0,0.0,3,3.0,4,460.18,10.6,,,
CV_h12s10n20.txt,HLCT,10,12,100,100,600.0,0,0.0,1,1.0,4,472.73,11.1,,,
CV_h12s10n21.txt,HLCT,10,12,100,100,600.0,0,0.0,0,0.0,4,464.42,10.0,,,
CV_h12s10n22.txt,HLCT,10,12,100,100,600.0,0,0.0,0,0.0,4,463.49,11.2,,,
CV_h12s10n23.txt,HLCT,10,12,100,100,600.0,0,0.0,0,0.0,4,467.04,10.4,,,
CV_h12s10n24.txt,HLCT,10,12,100,100,600.0,0,0.0,0,0.0,4,474.03,9.8,,,
CV_h12s10n25.txt,HLCT,10,12,100,100,600.0,0,0.0,0,0.0,4,467.16,10.8,,,
CV_h12s10n26.txt,HLCT,10,12,100,100,600.0,1,1.0,2,2.0,4,556.01,11.4,,,
CV_h12s10n27.txt,HLCT,10,12,100,100,600.0,0,0.0,0,0.0,4,479.78,10.4,,,
CV_h12s10n28.txt,HLCT,10,12,100,100,600.0,0,0.0,0,0.0,4,479.96,10.2,,,
CV_h12s10n29.txt,HLCT,10,12,100,100,600.0,0,0.0,2,2.0,4,500.45,10.7,,,
CV_h12s10n3.txt,HLCT,10,12,100,100,600.0,0,0.0,1,1.0,4,525.80,12.7,,,
CV_h12s10n30.txt,HLCT,10,12,100,100,600.0,0,0.0,1,1.0,4,521.98,11.0,,,
CV_h12s10n31.txt,HLCT,10,12,100,100,600.0,1,1.0,1,1.0,4,462.05,11.1,,,
CV_h12s10n32.txt,HLCT,10,12,100,100,600.0,1,1.0,1,1.0,4,460.71,10.3,,,
CV_h12s10n33.txt,HLCT,10,12,100,100,600.0,0,0.0,0,0.0,4,473.27,9.7,,,
CV_h12s10n34.txt,HLCT,10,12,100,100,600.0,0,0.0,0,0.0,4,481.33,9.8,,,
CV_h12s10n35.txt,HLCT,10,12,100,100,600.0,1,1.0,2,2.0,4,506.92,11.3,,,
CV_h12s10n36.txt,HLCT,10,12,100,100,600.0,0,0.0,3,3.0,4,473.58,11.5,,,
CV_h12s10n37.txt,HLCT,10,12,100,100,600.0,4,4.0,4,4.0,4,479.60,11.7,,,
CV_h12s10n38.txt,HLCT,10,12,100,100,600.0,0,0.0,0,0.0,4,470.92,10.2,,,
CV_h12s10n39.txt,HLCT,10,12,100,100,600.0,0,0.0,0,0.0,4,456.62,10.7,,,
CV_h12s10n4.txt,HLCT,10,12,100,100,600.0,0,0.0,0,0.0,4,473.53,10.3,,,
CV_h12s10n40.txt,HLCT,10,12,100,100,600.0,1,1.0,2,2.0,4,511.50,10.6,,,
CV_h12s10n5.txt,HLCT,10,12,100,100,600.0,0,0.0,0,0.0,4,469.39,10.4,,,
CV_h12s10n6.txt,HLCT,10,12,100,100,600.0,0,0.0,1,1.0,4,467.10,10.3,,,
CV_h12s10n7.txt,HLCT,10,12,100,100,600.0,0,0.0,0,0.0,4,475.30,10.0,,,
CV_h12s10n8.txt,HLCT,10,12,100,100,600.0,0,0.0,1,1.0,4,522.32,15.5,,,
CV_h12s10n9.txt,HLCT,10,12,100,100,600.0,0,0.0,0,0.0,4,462.73,9.9,,,
CV_h12s6n1.txt,HLCT,6,12,60,60,600.0,0,0.0,0,0.0,4,468.08,2.9,,,
CV_h12s6n10.txt,HLCT,6,12,60,60,600.0,0,0.0,0,0.0,4,465.53,3.3,,,
CV_h12s6n11.txt,HLCT,6,12,60,60,600.0,0,0.0,1,1.7,4,496.17,6.7,,,
CV_h12s6n12.txt,HLCT,6,12,60,60,600.0,0,0.0,0,0.0,4,459.01,3.9,,,
CV_h12s6n13.txt,HLCT,6,12,60,60,600.0,0,0.0,0,0.0,4,454.33,3.1,,,
CV_h12s6n14.txt,HLCT,6,12,60,60,600.0,0,0.0,1,1.7,4,463.37,3.2,,,
CV_h12s6n15.txt,HLCT,6,12,60,60,600.0,0,0.0,0,0.0,4,463.18,3.5,,,
CV_h12s6n16.txt,HLCT,6,12,60,60,600.0,0,0.0,0,0.0,4,468.52,2.9,,,
CV_h12s6n17.txt,HLCT,6,12,60,60,600.0,1,1.7,1,1.7,4,471.10,3.1,,,
CV_h12s6n18.txt,HLCT,6,12,60,60,600.0,1,1.7,1,1.7,4,469.90,3.9,,,
CV_h12s6n19.txt,HLCT,6,12,60,60,600.0,0,0.0,0,0.0,4,471.06,3.1,,,
CV_h12s6n2.txt,HLCT,6,12,60,60,600.0,0,0.0,0,0.0,4,473.93,3.0,,,
CV_h12s6n20.txt,HLCT,6,12,60,60,600.0,0,0.0,0,0.0,4,464.41,3.2,,,
CV_h12s6n21.txt,HLCT,6,12,60,60,600.0,0,0.0,4,6.7,4,443.81,3.4,,,
CV_h12s6n22.txt,HLCT,6,12,60,60,600.0,0,0.0,2,3.3,5,595.53,3.1,,,
CV_h12s6n23.txt,HLCT,6,12,60,60,600.0,0,0.0,1,1.7,4,488.31,2.9,,,
CV_h12s6n24.txt,HLCT,6,12,60,60,600.0,0,0.0,1,1.7,4,533.90,3.1,,,
CV_h12s6n25.txt,HLCT,6,12,60,60,600.0,0,0.0,1,1.7,4,497.74,3.3,,,
CV_h12s6n26.txt,HLCT,6,12,60,60,600.0,0,0.0,2,3.3,4,537.33,4.4,,,
CV_h12s6n27.txt,HLCT,6,12,60,60,600.0,0,0.0,2,3.3,5,551.08,4.7,,,
CV_h12s6n28.txt,HLCT,6,12,60,60,600.0,0,0.0,0,0.0,4,452.73,3.0,,,
CV_h12s6n29.txt,HLCT,6,12,60,60,600.0,0,0.0,0,0.0,4,464.59,3.0,,,
CV_h12s6n3.txt,HLCT,6,12,60,60,600.0,0,0.0,0,0.0,4,470.21,3.0,,,
CV_h12s6n30.txt,HLCT,6,12,60,60,600.0,0,0.0,1,1.7,4,506.38,4.1,,,
CV_h12s6n31.txt,HLCT,6,12,60,60,600.0,0,0.0,0,0.0,4,466.67,3.2,,,
CV_h12s6n32.txt,HLCT,6,12,60,60,600.0,0,0.0,1,1.7,4,508.97,3.2,,,
CV_h12s6n33.txt,HLCT,6,12,60,60,600.0,0,0.0,1,1.7,4,481.67,3.2,,,
CV_h12s6n34.txt,HLCT,6,12,60,60,600.0,0,0.0,0,0.0,4,465.94,3.2,,,
CV_h12s6n35.txt,HLCT,6,12,60,60,600.0,0,0.0,0,0.0,4,463.15,3.3,,,
CV_h12s6n36.txt,HLCT,6,12,60,60,600.0,0,0.0,0,0.0,4,458.20,3.1,,,
CV_h12s6n37.txt,HLCT,6,12,60,60,600.0,0,0.0,1,1.7,4,497.74,3.8,,,
CV_h12s6n38.txt,HLCT,6,12,60,60,600.0,1,1.7,1,1.7,4,461.34,4.1,,,
CV_h12s6n39.txt,HLCT,6,12,60,60,600.0,0,0.0,3,5.0,4,445.31,4.2,,,
CV_h12s6n4.txt,HLCT,6,12,60,60,600.0,0,0.0,0,0.0,4,467.20,3.9,,,
CV_h12s6n40.txt,HLCT,6,12,60,60,600.0,0,0.0,0,0.0,4,454.61,3.1,,,
CV_h12s6n5.txt,HLCT,6,12,60,60,600.0,0,0.0,1,1.7,4,503.01,3.1,,,
CV_h12s6n6.txt,HLCT,6,12,60,60,600.0,0,0.0,2,3.3,4,515.85,3.1,,,
CV_h12s6n7.txt,HLCT,6,12,60,60,600.0,0,0.0,0,0.0,4,461.15,5.4,,,
CV_h12s6n8.txt,HLCT,6,12,60,60,600.0,0,0.0,0,0.0,4,467.97,4.4,,,
CV_h12s6n9.txt,HLCT,6,12,60,60,600.0,0,0.0,1,1.7,4,466.58,5.6,,,
CV_h5s3n1.txt,HLCT,3,5,9,9,600.0,1,11.1,2,22.2,3,345.90,0.2,,,
CV_h5s3n10.txt,HLCT,3,5,9,9,600.0,0,0.0,4,44.4,4,426.47,0.2,,,
CV_h5s3n11.txt,HLCT,3,5,9,9,600.0,2,22.2,7,77.8,5,557.36,0.2,,,
CV_h5s3n12.txt,HLCT,3,5,9,9,600.0,0,0.0,1,11.1,2,207.41,0.2,,,
CV_h5s3n13.txt,HLCT,3,5,9,9,600.0,0,0.0,3,33.3,5,555.67,0.1,,,
CV_h5s3n14.txt,HLCT,3,5,9,9,600.0,0,0.0,1,11.1,2,221.51,0.1,,,
CV_h5s3n15.txt,HLCT,3,5,9,9,600.0,0,0.0,1,11.1,2,207.41,0.1,,,
CV_h5s3n16.txt,HLCT,3,5,9,9,600.0,0,0.0,1,11.1,2,222.78,0.1,,,
CV_h5s3n17.txt,HLCT,3,5,9,9,600.0,2,22.2,3,33.3,2,229.47,0.1,,,
CV_h5s3n18.txt,HLCT,3,5,9,9,600.0,0,0.0,7,77.8,1,107.84,0.1,,,
CV_h5s3n19.txt,HLCT,3,5,9,9,600.0,0,0.0,1,11.1,2,229.47,0.1,,,
CV_h5s3n2.txt,HLCT,3,5,9,9,600.0,0,0.0,4,44.4,4,480.41,0.1,,,
CV_h5s3n20.txt,HLCT,3,5,9,9,600.0,0,0.0,3,33.3,5,559.73,0.1,,,
CV_h5s3n21.txt,HLCT,3,5,9,9,600.0,1,11.1,2,22.2,3,349.84,0.1,,,
CV_h5s3n22.txt,HLCT,3,5,9,9,600.0,2,22.2,4,44.4,5,571.16,0.1,,,
CV_h5s3n23.txt,HLCT,3,5,9,9,600.0,0,0.0,1,11.1,2,229.47,0.1,,,
CV_h5s3n24.txt,HLCT,3,5,9,9,600.0,1,11.1,3,33.3,5,530.01,0.1,,,
CV_h5s3n25.txt,HLCT,3,5,9,9,600.0,0,0.0,2,22.2,2,221.51,0.1,,,
CV_h5s3n26.txt,HLCT,3,5,9,9,600.0,0,0.0,9,100.0,5,596.84,0.1,,,
CV_h5s3n27.txt,HLCT,3,5,9,9,600.0,0,0.0,2,22.2,5,562.21,0.1,,,
CV_h5s3n28.txt,HLCT,3,5,9,9,600.0,0,0.0,3,33.3,4,465.04,0.1,,,
CV_h5s3n29.txt,HLCT,3,5,9,9,600.0,0,0.0,1,11.1,2,221.51,0.1,,,
CV_h5s3n3.txt,HLCT,3,5,9,9,600.0,0,0.0,9,100.0,2,225.78,0.1,,,
CV_h5s3n30.txt,HLCT,3,5,9,9,600.0,0,0.0,5,55.6,4,440.44,0.1,,,
CV_h5s3n31.txt,HLCT,3,5,9,9,600.0,0,0.0,2,22.2,3,317.47,0.1,,,
CV_h5s3n32.txt,HLCT,3,5,9,9,600.0,1,11.1,9,100.0,5,540.38,0.1,,,
CV_h5s3n33.txt,HLCT,3,5,9,9,600.0,1,11.1,6,66.7,4,439.68,0.1,,,
CV_h5s3n34.txt,HLCT,3,5,9,9,600.0,0,0.0,2,22.2,2,221.51,0.1,,,
CV_h5s3n35.txt,HLCT,3,5,9,9,600.0,0,0.0,5,55.6,4,473.87,0.1,,,
CV_h5s3n36.txt,HLCT,3,5,9,9,600.0,0,0.0,1,11.1,2,221.51,0.1,,,
CV_h5s3n37.txt,HLCT,3,5,9,9,600.0,0,0.0,2,22.2,3,320.06,0.1,,,
CV_h5s3n38.txt,HLCT,3,5,9,9,600.0,0,0.0,2,22.2,2,207.41,0.1,,,
CV_h5s3n39.txt,HLCT,3,5,9,9,600.0,9,100.0,9,100.0,0,0.00,0.0,,,
CV_h5s3n4.txt,HLCT,3,5,9,9,600.0,1,11.1,4,44.4,3,320.06,0.1,,,
CV_h5s3n40.txt,HLCT,3,5,9,9,600.0,1,11.1,4,44.4,2,221.51,0.1,,,
CV_h5s3n5.txt,HLCT,3,5,9,9,600.0,4,44.4,9,100.0,5,538.08,0.1,,,
CV_h5s3n6.txt,HLCT,3,5,9,9,600.0,0,0.0,1,11.1,2,229.47,0.1,,,
CV_h5s3n7.txt,HLCT,3,5,9,9,600.0,0,0.0,3,33.3,4,435.90,0.1,,,
CV_h5s3n8.txt,HLCT,3,5,9,9,600.0,1,11.1,4,44.4,4,436.93,0.1,,,
CV_h5s3n9.txt,HLCT,3,5,9,9,600.0,0,0.0,1,11.1,2,220.18,0.1,,,
CV_h5s4n1.txt,HLCT,4,5,12,12,600.0,2,16.7,6,50.0,5,579.17,0.2,,,
CV_h5s4n10.txt,HLCT,4,5,12,12,600.0,0,0.0,3,25.0,4,444.94,0.2,,,
CV_h5s4n11.txt,HLCT,4,5,12,12,600.0,1,8.3,4,33.3,4,456.91,0.2,,,
CV_h5s4n12.txt,HLCT,4,5,12,12,600.0,1,8.3,3,25.0,4,444.10,0.2,,,
CV_h5s4n13.txt,HLCT,4,5,12,12,600.0,1,8.3,12,100.0,5,574.90,0.1,,,
CV_h5s4n14.txt,HLCT,4,5,12,12,600.0,0,0.0,2,16.7,4,400.78,0.2,,,
CV_h5s4n15.txt,HLCT,4,5,12,12,600.0,0,0.0,8,66.7,5,588.72,0.1,,,
CV_h5s4n16.txt,HLCT,4,5,12,12,600.0,0,0.0,3,25.0,5,545.26,0.2,,,
CV_h5s4n17.txt,HLCT,4,5,12,12,600.0,0,0.0,7,58.3,5,550.58,0.2,,,
CV_h5s4n18.txt,HLCT,4,5,12,12,600.0,0,0.0,3,25.0,5,590.22,0.2,,,
CV_h5s4n19.txt,HLCT,4,5,12,12,600.0,0,0.0,5,41.7,4,407.43,0.2,,,
CV_h5s4n2.txt,HLCT,4,5,12,12,600.0,0,0.0,9,75.0,3,328.99,0.1,,,
CV_h5s4n20.txt,HLCT,4,5,12,12,600.0,0,0.0,5,41.7,4,414.76,0.2,,,
CV_h5s4n21.txt,HLCT,4,5,12,12,600.0,1,8.3,4,33.3,3,340.61,0.2,,,
CV_h5s4n22.txt,HLCT,4,5,12,12,600.0,0,0.0,6,50.0,5,573.53,0.2,,,
CV_h5s4n23.txt,HLCT,4,5,12,12,600.0,3,25.0,5,41.7,4,436.69,0.1,,,
CV_h5s4n24.txt,HLCT,4,5,12,12,600.0,0,0.0,4,33.3,4,445.71,0.2,,,
CV_h5s4n25.txt,HLCT,4,5,12,12,600.0,0,0.0,2,16.7,4,433.89,0.2,,,
CV_h5s4n26.txt,HLCT,4,5,12,12,600.0,1,8.3,9,75.0,5,539.26,0.2,,,
CV_h5s4n27.txt,HLCT,4,5,12,12,600.0,4,33.3,12,100.0,5,550.62,0.1,,,
CV_h5s4n28.txt,HLCT,4,5,12,12,600.0,0,0.0,3,25.0,4,448.79,0.2,,,
CV_h5s4n29.txt,HLCT,4,5,12,12,600.0,0,0.0,3,25.0,4,446.56,0.2,,,
CV_h5s4n3.txt,HLCT,4,5,12,12,600.0,1,8.3,3,25.0,4,436.06,0.2,,,
CV_h5s4n30.txt,HLCT,4,5,12,12,600.0,0,0.0,4,33.3,5,560.54,0.2,,,
CV_h5s4n31.txt,HLCT,4,5,12,12,600.0,0,0.0,3,25.0,4,406.19,0.2,,,
CV_h5s4n32.txt,HLCT,4,5,12,12,600.0,0,0.0,2,16.7,4,457.88,0.2,,,
CV_h5s4n33.txt,HLCT,4,5,12,12,600.0,0,0.0,2,16.7,3,328.99,0.3,,,
CV_h5s4n34.txt,HLCT,4,5,12,12,600.0,0,0.0,4,33.3,4,439.32,0.3,,,
CV_h5s4n35.txt,HLCT,4,5,12,12,600.0,1,8.3,8,66.7,5,577.65,0.3,,,
CV_h5s4n36.txt,HLCT,4,5,12,12,600.0,0,0.0,3,25.0,5,562.11,0.3,,,
CV_h5s4n37.txt,HLCT,4,5,12,12,600.0,3,25.0,6,50.0,4,468.81,0.3,,,
CV_h5s4n38.txt,HLCT,4,5,12,12,600.0,2,16.7,6,50.0,5,556.95,0.2,,,
CV_h5s4n39.txt,HLCT,4,5,12,12,600.0,0,0.0,4,33.3,5,576.43,0.2,,,
CV_h5s4n4.txt,HLCT,4,5,12,12,600.0,0,0.0,3,25.0,4,408.69,0.2,,,
CV_h5s4n40.txt,HLCT,4,5,12,12,600.0,0,0.0,4,33.3,4,437.08,0.2,,,
CV_h5s4n5.txt,HLCT,4,5,12,12,600.0,1,8.3,4,33.3,3,320.06,0.2,,,
CV_h5s4n6.txt,HLCT,4,5,12,12,600.0,0,0.0,4,33.3,5,582.39,0.2,,,
CV_h5s4n7.txt,HLCT,4,5,12,12,600.0,0,0.0,2,16.7,3,328.99,0.2,,,
CV_h5s4n8.txt,HLCT,4,5,12,12,600.0,2,16.7,4,33.3,4,451.39,0.2,,,
CV_h5s4n9.txt,HLCT,4,5,12,12,600.0,0,0.0,7,58.3,4,473.81,0.2,,,
CV_h5s5n1.txt,HLCT,5,5,15,15,600.0,1,6.7,7,46.7,5,563.70,0.3,,,
CV_h5s5n10.txt,HLCT,5,5,15,15,600.0,3,20.0,13,86.7,5,594.23,0.2,,,
CV_h5s5n11.txt,HLCT,5,5,15,15,600.0,0,0.0,2,13.3,4,451.25,0.3,,,
CV_h5s5n12.txt,HLCT,5,5,15,15,600.0,0,0.0,4,26.7,4,509.24,0.2,,,
CV_h5s5n13.txt,HLCT,5,5,15,15,600.0,0,0.0,2,13.3,4,428.60,0.3,,,
CV_h5s5n14.txt,HLCT,5,5,15,15,600.0,0,0.0,10,66.7,4,471.48,0.3,,,
CV_h5s5n15.txt,HLCT,5,5,15,15,600.0,0,0.0,7,46.7,4,452.14,0.2,,,
CV_h5s5n16.txt,HLCT,5,5,15,15,600.0,0,0.0,5,33.3,3,338.20,0.2,,,
CV_h5s5n17.txt,HLCT,5,5,15,15,600.0,0,0.0,9,60.0,4,459.76,0.3,,,
CV_h5s5n18.txt,HLCT,5,5,15,15,600.0,1,6.7,7,46.7,5,559.19,0.2,,,
CV_h5s5n19.txt,HLCT,5,5,15,15,600.0,1,6.7,6,40.0,4,450.44,0.2,,,
CV_h5s5n2.txt,HLCT,5,5,15,15,600.0,0,0.0,3,20.0,4,446.37,0.3,,,
CV_h5s5n20.txt,HLCT,5,5,15,15,600.0,0,0.0,8,53.3,5,592.04,0.2,,,
CV_h5s5n21.txt,HLCT,5,5,15,15,600.0,0,0.0,3,20.0,4,426.46,0.3,,,
CV_h5s5n22.txt,HLCT,5,5,15,15,600.0,1,6.7,4,26.7,4,454.44,0.3,,,
CV_h5s5n23.txt,HLCT,5,5,15,15,600.0,1,6.7,5,33.3,5,563.57,0.3,,,
CV_h5s5n24.txt,HLCT,5,5,15,15,600.0,0,0.0,3,20.0,3,337.53,0.3,,,
CV_h5s5n25.txt,HLCT,5,5,15,15,600.0,2,13.3,11,73.3,4,451.98,0.2,,,
CV_h5s5n26.txt,HLCT,5,5,15,15,600.0,0,0.0,3,20.0,4,429.27,0.2,,,
CV_h5s5n27.txt,HLCT,5,5,15,15,600.0,0,0.0,6,40.0,4,501.33,0.3,,,
CV_h5s5n28.txt,HLCT,5,5,15,15,600.0,0,0.0,8,53.3,4,464.50,0.2,,,
CV_h5s5n29.txt,HLCT,5,5,15,15,600.0,0,0.0,2,13.3,4,429.86,0.3,,,
CV_h5s5n3.txt,HLCT,5,5,15,15,600.0,0,0.0,4,26.7,4,407.18,0.2,,,
CV_h5s5n30.txt,HLCT,5,5,15,15,600.0,0,0.0,8,53.3,5,563.63,0.2,,,
CV_h5s5n31.txt,HLCT,5,5,15,15,600.0,1,6.7,3,20.0,5,536.72,0.3,,,
CV_h5s5n32.txt,HLCT,5,5,15,15,600.0,0,0.0,5,33.3,5,596.51,0.2,,,
CV_h5s5n33.txt,HLCT,5,5,15,15,600.0,1,6.7,10,66.7,4,456.01,0.3,,,
CV_h5s5n34.txt,HLCT,5,5,15,15,600.0,0,0.0,2,13.3,4,436.51,0.2,,,
CV_h5s5n35.txt,HLCT,5,5,15,15,600.0,1,6.7,8,53.3,5,579.96,0.3,,,
CV_h5s5n36.txt,HLCT,5,5,15,15,600.0,1,6.7,4,26.7,5,573.58,0.3,,,
CV_h5s5n37.txt,HLCT,5,5,15,15,600.0,0,0.0,2,13.3,4,459.01,0.2,,,
CV_h5s5n38.txt,HLCT,5,5,15,15,600.0,0,0.0,9,60.0,5,559.35,0.2,,,
CV_h5s5n39.txt,HLCT,5,5,15,15,600.0,0,0.0,8,53.3,5,556.26,0.2,,,
CV_h5s5n4.txt,HLCT,5,5,15,15,600.0,0,0.0,7,46.7,5,574.95,0.3,,,
CV_h5s5n40.txt,HLCT,5,5,15,15,600.0,2,13.3,6,40.0,5,573.55,0.3,,,
CV_h5s5n5.txt,HLCT,5,5,15,15,600.0,0,0.0,3,20.0,4,459.66,0.3,,,
CV_h5s5n6.txt,HLCT,5,5,15,15,600.0,0,0.0,5,33.3,5,553.96,0.3,,,
CV_h5s5n7.txt,HLCT,5,5,15,15,600.0,0,0.0,4,26.7,4,436.56,0.2,,,
CV_h5s5n8.txt,HLCT,5,5,15,15,600.0,0,0.0,2,13.3,4,452.08,0.2,,,
CV_h5s5n9.txt,HLCT,5,5,15,15,600.0,0,0.0,5,33.3,4,452.09,0.3,,,
CV_h5s6n1.txt,HLCT,6,5,18,18,600.0,0,0.0,3,16.7,4,440.56,0.3,,,
CV_h5s6n10.txt,HLCT,6,5,18,18,600.0,1,5.6,7,38.9,4,466.00,0.3,,,
CV_h5s6n11.txt,HLCT,6,5,18,18,600.0,3,16.7,18,100.0,4,476.03,0.2,,,
CV_h5s6n12.txt,HLCT,6,5,18,18,600.0,0,0.0,5,27.8,5,570.44,0.3,,,
CV_h5s6n13.txt,HLCT,6,5,18,18,600.0,0,0.0,7,38.9,5,560.18,0.3,,,
CV_h5s6n14.txt,HLCT,6,5,18,18,600.0,0,0.0,5,27.8,4,456.67,0.3,,,
CV_h5s6n15.txt,HLCT,6,5,18,18,600.0,0,0.0,4,22.2,4,426.13,0.4,,,
CV_h5s6n16.txt,HLCT,6,5,18,18,600.0,0,0.0,4,22.2,5,563.11,0.4,,,
CV_h5s6n17.txt,HLCT,6,5,18,18,600.0,0,0.0,3,16.7,5,539.31,0.3,,,
CV_h5s6n18.txt,HLCT,6,5,18,18,600.0,2,11.1,8,44.4,4,467.48,0.3,,,
CV_h5s6n19.txt,HLCT,6,5,18,18,600.0,0,0.0,3,16.7,5,558.13,0.3,,,
CV_h5s6n2.txt,HLCT,6,5,18,18,600.0,0,0.0,5,27.8,5,593.57,0.3,,,
CV_h5s6n20.txt,HLCT,6,5,18,18,600.0,0,0.0,10,55.6,5,560.25,0.3,,,
CV_h5s6n21.txt,HLCT,6,5,18,18,600.0,1,5.6,6,33.3,5,578.70,0.7,,,
CV_h5s6n22.txt,HLCT,6,5,18,18,600.0,0,0.0,3,16.7,5,552.70,0.4,,,
CV_h5s6n23.txt,HLCT,6,5,18,18,600.0,0,0.0,4,22.2,4,454.31,0.6,,,
CV_h5s6n24.txt,HLCT,6,5,18,18,600.0,0,0.0,3,16.7,5,565.21,0.6,,,
CV_h5s6n25.txt,HLCT,6,5,18,18,600.0,1,5.6,4,22.2,4,455.71,0.5,,,
CV_h5s6n26.txt,HLCT,6,5,18,18,600.0,0,0.0,3,16.7,5,567.60,0.6,,,
CV_h5s6n27.txt,HLCT,6,5,18,18,600.0,1,5.6,3,16.7,5,580.77,0.5,,,
CV_h5s6n28.txt,HLCT,6,5,18,18,600.0,2,11.1,10,55.6,4,439.92,0.3,,,
CV_h5s6n29.txt,HLCT,6,5,18,18,600.0,0,0.0,4,22.2,5,540.69,0.3,,,
CV_h5s6n3.txt,HLCT,6,5,18,18,600.0,0,0.0,3,16.7,4,432.49,0.4,,,
CV_h5s6n30.txt,HLCT,6,5,18,18,600.0,4,22.2,6,33.3,4,459.81,0.3,,,
CV_h5s6n31.txt,HLCT,6,5,18,18,600.0,0,0.0,5,27.8,4,451.31,0.3,,,
CV_h5s6n32.txt,HLCT,6,5,18,18,600.0,0,0.0,6,33.3,4,473.20,0.3,,,
CV_h5s6n33.txt,HLCT,6,5,18,18,600.0,1,5.6,4,22.2,4,515.13,0.3,,,
CV_h5s6n34.txt,HLCT,6,5,18,18,600.0,0,0.0,9,50.0,5,559.34,0.4,,,
CV_h5s6n35.txt,HLCT,6,5,18,18,600.0,1,5.6,11,61.1,4,473.88,0.3,,,
CV_h5s6n36.txt,HLCT,6,5,18,18,600.0,2,11.1,4,22.2,4,419.09,0.3,,,
CV_h5s6n37.txt,HLCT,6,5,18,18,600.0,0,0.0,3,16.7,5,563.88,0.3,,,
CV_h5s6n38.txt,HLCT,6,5,18,18,600.0,0,0.0,8,44.4,5,581.73,0.4,,,
CV_h5s6n39.txt,HLCT,6,5,18,18,600.0,0,0.0,5,27.8,4,446.33,0.3,,,
CV_h5s6n4.txt,HLCT,6,5,18,18,600.0,0,0.0,7,38.9,5,579.20,0.3,,,
CV_h5s6n40.txt,HLCT,6,5,18,18,600.0,1,5.6,7,38.9,5,571.53,0.4,,,
CV_h5s6n5.txt,HLCT,6,5,18,18,600.0,0,0.0,11,61.1,4,467.02,0.3,,,
CV_h5s6n6.txt,HLCT,6,5,18,18,600.0,0,0.0,3,16.7,5,561.69,0.3,,,
CV_h5s6n7.txt,HLCT,6,5,18,18,600.0,0,0.0,2,11.1,5,567.17,0.4,,,
CV_h5s6n8.txt,HLCT,6,5,18,18,600.0,1,5.6,5,27.8,5,578.32,0.3,,,
CV_h5s6n9.txt,HLCT,6,5,18,18,600.0,0,0.0,3,16.7,4,439.19,0.4,,,
CV_h5s7n1.txt,HLCT,7,5,21,21,600.0,0,0.0,12,57.1,4,486.40,0.4,,,
CV_h5s7n10.txt,HLCT,7,5,21,21,600.0,0,0.0,11,52.4,4,441.81,0.4,,,
CV_h5s7n11.txt,HLCT,7,5,21,21,600.0,0,0.0,7,33.3,5,559.19,0.4,,,
CV_h5s7n12.txt,HLCT,7,5,21,21,600.0,1,4.8,11,52.4,5,569.65,0.5,,,
CV_h5s7n13.txt,HLCT,7,5,21,21,600.0,0,0.0,3,14.3,5,550.44,0.4,,,
CV_h5s7n14.txt,HLCT,7,5,21,21,600.0,0,0.0,7,33.3,5,569.52,0.4,,,
CV_h5s7n15.txt,HLCT,7,5,21,21,600.0,0,0.0,12,57.1,5,591.72,0.4,,,
CV_h5s7n16.txt,HLCT,7,5,21,21,600.0,3,14.3,5,23.8,4,476.03,0.4,,,
CV_h5s7n17.txt,HLCT,7,5,21,21,600.0,1,4.8,9,42.9,5,561.77,0.5,,,
CV_h5s7n18.txt,HLCT,7,5,21,21,600.0,5,23.8,7,33.3,4,467.56,0.5,,,
CV_h5s7n19.txt,HLCT,7,5,21,21,600.0,0,0.0,3,14.3,5,532.96,0.4,,,
CV_h5s7n2.txt,HLCT,7,5,21,21,600.0,0,0.0,8,38.1,5,573.58,0.4,,,
CV_h5s7n20.txt,HLCT,7,5,21,21,600.0,0,0.0,10,47.6,4,419.30,0.4,,,
CV_h5s7n21.txt,HLCT,7,5,21,21,600.0,0,0.0,5,23.8,5,556.51,0.5,,,
CV_h5s7n22.txt,HLCT,7,5,21,21,600.0,0,0.0,6,28.6,5,593.50,0.5,,,
CV_h5s7n23.txt,HLCT,7,5,21,21,600.0,0,0.0,5,23.8,5,552.15,0.5,,,
CV_h5s7n24.txt,HLCT,7,5,21,21,600.0,1,4.8,8,38.1,4,455.24,0.5,,,
CV_h5s7n25.txt,HLCT,7,5,21,21,600.0,1,4.8,6,28.6,5,565.64,0.4,,,
CV_h5s7n26.txt,HLCT,7,5,21,21,600.0,0,0.0,5,23.8,4,455.25,0.5,,,
CV_h5s7n27.txt,HLCT,7,5,21,21,600.0,0,0.0,5,23.8,5,561.51,0.5,,,
CV_h5s7n28.txt,HLCT,7,5,21,21,600.0,2,9.5,10,47.6,5,590.08,0.4,,,
CV_h5s7n29.txt,HLCT,7,5,21,21,600.0,1,4.8,4,19.0,4,489.21,0.4,,,
CV_h5s7n3.txt,HLCT,7,5,21,21,600.0,3,14.3,8,38.1,5,575.96,0.5,,,
CV_h5s7n30.txt,HLCT,7,5,21,21,600.0,2,9.5,6,28.6,5,578.69,0.5,,,
CV_h5s7n31.txt,HLCT,7,5,21,21,600.0,0,0.0,5,23.8,4,441.25,0.4,,,
CV_h5s7n32.txt,HLCT,7,5,21,21,600.0,1,4.8,4,19.0,4,454.08,0.5,,,
CV_h5s7n33.txt,HLCT,7,5,21,21,600.0,0,0.0,4,19.0,5,561.44,0.5,,,
CV_h5s7n34.txt,HLCT,7,5,21,21,600.0,0,0.0,6,28.6,4,439.08,0.4,,,
CV_h5s7n35.txt,HLCT,7,5,21,21,600.0,0,0.0,4,19.0,4,482.45,0.4,,,
CV_h5s7n36.txt,HLCT,7,5,21,21,600.0,0,0.0,7,33.3,4,459.89,0.4,,,
CV_h5s7n37.txt,HLCT,7,5,21,21,600.0,0,0.0,9,42.9,5,561.39,0.4,,,
CV_h5s7n38.txt,HLCT,7,5,21,21,600.0,1,4.8,3,14.3,5,546.42,0.4,,,
CV_h5s7n39.txt,HLCT,7,5,21,21,600.0,0,0.0,9,42.9,5,577.84,0.5,,,
CV_h5s7n4.txt,HLCT,7,5,21,21,600.0,0,0.0,8,38.1,5,532.67,0.5,,,
CV_h5s7n40.txt,HLCT,7,5,21,21,600.0,0,0.0,8,38.1,5,570.80,0.5,,,
CV_h5s7n5.txt,HLCT,7,5,21,21,600.0,0,0.0,4,19.0,5,548.63,0.5,,,
CV_h5s7n6.txt,HLCT,7,5,21,21,600.0,1,4.8,7,33.3,5,560.45,0.5,,,
CV_h5s7n7.txt,HLCT,7,5,21,21,600.0,0,0.0,4,19.0,5,571.37,0.5,,,
CV_h5s7n8.txt,HLCT,7,5,21,21,600.0,0,0.0,10,47.6,5,572.07,0.4,,,
CV_h5s7n9.txt,HLCT,7,5,21,21,600.0,0,0.0,4,19.0,5,523.99,0.8,,,
CV_h5s8n1.txt,HLCT,8,5,24,24,600.0,0,0.0,5,20.8,5,592.91,0.8,,,
CV_h5s8n10.txt,HLCT,8,5,24,24,600.0,0,0.0,6,25.0,4,457.65,1.0,,,
CV_h5s8n11.txt,HLCT,8,5,24,24,600.0,1,4.2,4,16.7,5,551.46,0.9,,,
CV_h5s8n12.txt,HLCT,8,5,24,24,600.0,0,0.0,7,29.2,5,528.37,0.8,,,
CV_h5s8n13.txt,HLCT,8,5,24,24,600.0,0,0.0,6,25.0,5,587.32,1.0,,,
CV_h5s8n14.txt,HLCT,8,5,24,24,600.0,0,0.0,5,20.8,5,544.40,1.0,,,
CV_h5s8n15.txt,HLCT,8,5,24,24,600.0,0,0.0,6,25.0,5,581.67,0.5,,,
CV_h5s8n16.txt,HLCT,8,5,24,24,600.0,1,4.2,8,33.3,5,588.04,0.5,,,
CV_h5s8n17.txt,HLCT,8,5,24,24,600.0,1,4.2,11,45.8,4,465.48,0.6,,,
CV_h5s8n18.txt,HLCT,8,5,24,24,600.0,0,0.0,8,33.3,5,544.63,0.5,,,
CV_h5s8n19.txt,HLCT,8,5,24,24,600.0,0,0.0,8,33.3,5,555.14,0.6,,,
CV_h5s8n2.txt,HLCT,8,5,24,24,600.0,0,0.0,8,33.3,5,570.00,0.5,,,
CV_h5s8n20.txt,HLCT,8,5,24,24,600.0,0,0.0,4,16.7,5,545.35,0.5,,,
CV_h5s8n21.txt,HLCT,8,5,24,24,600.0,0,0.0,10,41.7,5,593.59,0.6,,,
CV_h5s8n22.txt,HLCT,8,5,24,24,600.0,0,0.0,6,25.0,5,564.92,0.5,,,
CV_h5s8n23.txt,HLCT,8,5,24,24,600.0,0,0.0,9,37.5,5,587.11,0.5,,,
CV_h5s8n24.txt,HLCT,8,5,24,24,600.0,0,0.0,11,45.8,5,549.57,0.6,,,
CV_h5s8n25.txt,HLCT,8,5,24,24,600.0,1,4.2,9,37.5,5,583.19,0.5,,,
CV_h5s8n26.txt,HLCT,8,5,24,24,600.0,0,0.0,3,12.5,5,586.28,0.6,,,
CV_h5s8n27.txt,HLCT,8,5,24,24,600.0,0,0.0,5,20.8,5,580.89,0.5,,,
CV_h5s8n28.txt,HLCT,8,5,24,24,600.0,0,0.0,10,41.7,5,573.85,0.6,,,
CV_h5s8n29.txt,HLCT,8,5,24,24,600.0,0,0.0,5,20.8,5,560.03,0.5,,,
CV_h5s8n3.txt,HLCT,8,5,24,24,600.0,0,0.0,7,29.2,5,574.23,0.5,,,
CV_h5s8n30.txt,HLCT,8,5,24,24,600.0,0,0.0,6,25.0,5,589.98,0.5,,,
CV_h5s8n31.txt,HLCT,8,5,24,24,600.0,0,0.0,4,16.7,5,590.88,0.5,,,
CV_h5s8n32.txt,HLCT,8,5,24,24,600.0,0,0.0,3,12.5,5,556.60,0.5,,,
CV_h5s8n33.txt,HLCT,8,5,24,24,600.0,0,0.0,4,16.7,5,583.41,0.6,,,
CV_h5s8n34.txt,HLCT,8,5,24,24,600.0,0,0.0,3,12.5,5,577.86,0.5,,,
CV_h5s8n35.txt,HLCT,8,5,24,24,600.0,0,0.0,5,20.8,5,569.07,0.6,,,
CV_h5s8n36.txt,HLCT,8,5,24,24,600.0,0,0.0,4,16.7,4,512.64,0.6,,,
CV_h5s8n37.txt,HLCT,8,5,24,24,600.0,0,0.0,13,54.2,5,579.77,0.6,,,
CV_h5s8n38.txt,HLCT,8,5,24,24,600.0,0,0.0,7,29.2,5,542.43,0.6,,,
CV_h5s8n39.txt,HLCT,8,5,24,24,600.0,0,0.0,4,16.7,5,559.39,0.5,,,
CV_h5s8n4.txt,HLCT,8,5,24,24,600.0,1,4.2,6,25.0,4,428.59,0.6,,,
CV_h5s8n40.txt,HLCT,8,5,24,24,600.0,1,4.2,6,25.0,5,571.89,0.6,,,
CV_h5s8n5.txt,HLCT,8,5,24,24,600.0,0,0.0,7,29.2,4,477.88,0.6,,,
CV_h5s8n6.txt,HLCT,8,5,24,24,600.0,0,0.0,5,20.8,5,568.40,0.5,,,
CV_h5s8n7.txt,HLCT,8,5,24,24,600.0,0,0.0,4,16.7,5,539.76,0.6,,,
CV_h5s8n8.txt,HLCT,8,5,24,24,600.0,2,8.3,4,16.7,4,500.22,0.5,,,
CV_h5s8n9.txt,HLCT,8,5,24,24,600.0,0,0.0,5,20.8,5,549.94,0.5,,,
CV_h6s4n1.txt,HLCT,4,6,16,16,600.0,0,0.0,4,25.0,4,498.41,0.3,,,
CV_h6s4n10.txt,HLCT,4,6,16,16,600.0,0,0.0,5,31.2,4,468.81,0.3,,,
CV_h6s4n11.txt,HLCT,4,6,16,16,600.0,0,0.0,3,18.8,4,469.43,0.2,,,
CV_h6s4n12.txt,HLCT,4,6,16,16,600.0,3,18.8,5,31.2,5,589.25,0.3,,,
CV_h6s4n13.txt,HLCT,4,6,16,16,600.0,0,0.0,4,25.0,5,558.46,0.3,,,
CV_h6s4n14.txt,HLCT,4,6,16,16,600.0,0,0.0,2,12.5,4,464.41,0.3,,,
CV_h6s4n15.txt,HLCT,4,6,16,16,600.0,1,6.2,3,18.8,3,340.77,0.3,,,
CV_h6s4n16.txt,HLCT,4,6,16,16,600.0,0,0.0,2,12.5,4,456.74,0.3,,,
CV_h6s4n17.txt,HLCT,4,6,16,16,600.0,0,0.0,3,18.8,4,452.73,0.2,,,
CV_h6s4n18.txt,HLCT,4,6,16,16,600.0,0,0.0,1,6.2,4,455.36,0.3,,,
CV_h6s4n19.txt,HLCT,4,6,16,16,600.0,0,0.0,2,12.5,3,355.75,0.3,,,
CV_h6s4n2.txt,HLCT,4,6,16,16,600.0,0,0.0,6,37.5,4,449.20,0.2,,,
CV_h6s4n20.txt,HLCT,4,6,16,16,600.0,0,0.0,6,37.5,5,564.83,0.3,,,
CV_h6s4n21.txt,HLCT,4,6,16,16,600.0,0,0.0,2,12.5,3,361.17,0.3,,,
CV_h6s4n22.txt,HLCT,4,6,16,16,600.0,0,0.0,2,12.5,3,355.75,0.3,,,
CV_h6s4n23.txt,HLCT,4,6,16,16,600.0,0,0.0,3,18.8,3,357.12,0.2,,,
CV_h6s4n24.txt,HLCT,4,6,16,16,600.0,0,0.0,4,25.0,3,339.53,0.3,,,
CV_h6s4n25.txt,HLCT,4,6,16,16,600.0,1,6.2,4,25.0,3,345.79,0.3,,,
CV_h6s4n26.txt,HLCT,4,6,16,16,600.0,0,0.0,5,31.2,4,476.25,0.3,,,
CV_h6s4n27.txt,HLCT,4,6,16,16,600.0,0,0.0,4,25.0,4,448.06,0.3,,,
CV_h6s4n28.txt,HLCT,4,6,16,16,600.0,0,0.0,3,18.8,4,450.42,0.3,,,
CV_h6s4n29.txt,HLCT,4,6,16,16,600.0,0,0.0,2,12.5,3,340.77,0.2,,,
CV_h6s4n3.txt,HLCT,4,6,16,16,600.0,2,12.5,3,18.8,4,439.94,0.3,,,
CV_h6s4n30.txt,HLCT,4,6,16,16,600.0,0,0.0,2,12.5,3,336.93,0.3,,,
CV_h6s4n31.txt,HLCT,4,6,16,16,600.0,1,6.2,3,18.8,3,327.88,0.3,,,
CV_h6s4n32.txt,HLCT,4,6,16,16,600.0,2,12.5,4,25.0,5,580.18,0.3,,,
CV_h6s4n33.txt,HLCT,4,6,16,16,600.0,0,0.0,2,12.5,3,330.41,0.3,,,
CV_h6s4n34.txt,HLCT,4,6,16,16,600.0,1,6.2,3,18.8,4,465.67,0.3,,,
CV_h6s4n35.txt,HLCT,4,6,16,16,600.0,0,0.0,1,6.2,4,454.06,0.3,,,
CV_h6s4n36.txt,HLCT,4,6,16,16,600.0,0,0.0,3,18.8,4,457.96,0.3,,,
CV_h6s4n37.txt,HLCT,4,6,16,16,600.0,1,6.2,4,25.0,5,596.43,0.3,,,
CV_h6s4n38.txt,HLCT,4,6,16,16,600.0,0,0.0,2,12.5,4,462.05,0.3,,,
CV_h6s4n39.txt,HLCT,4,6,16,16,600.0,1,6.2,2,12.5,3,366.25,0.5,,,
CV_h6s4n4.txt,HLCT,4,6,16,16,600.0,1,6.2,3,18.8,4,463.67,0.4,,,
CV_h6s4n40.txt,HLCT,4,6,16,16,600.0,0,0.0,2,12.5,3,332.88,0.4,,,
CV_h6s4n5.txt,HLCT,4,6,16,16,600.0,0,0.0,2,12.5,4,469.43,0.4,,,
CV_h6s4n6.txt,HLCT,4,6,16,16,600.0,1,6.2,8,50.0,3,346.05,0.3,,,
CV_h6s4n7.txt,HLCT,4,6,16,16,600.0,0,0.0,3,18.8,4,406.83,0.3,,,
CV_h6s4n8.txt,HLCT,4,6,16,16,600.0,1,6.2,3,18.8,3,366.25,0.4,,,
CV_h6s4n9.txt,HLCT,4,6,16,16,600.0,0,0.0,4,25.0,5,599.33,0.2,,,
CV_h6s5n1.txt,HLCT,5,6,20,20,600.0,0,0.0,3,15.0,4,442.37,0.4,,,
CV_h6s5n10.txt,HLCT,5,6,20,20,600.0,0,0.0,4,20.0,5,569.27,0.4,,,
CV_h6s5n11.txt,HLCT,5,6,20,20,600.0,1,5.0,8,40.0,4,495.05,0.5,,,
CV_h6s5n12.txt,HLCT,5,6,20,20,600.0,0,0.0,5,25.0,5,591.96,0.4,,,
CV_h6s5n13.txt,HLCT,5,6,20,20,600.0,1,5.0,4,20.0,4,472.30,0.4,,,
CV_h6s5n14.txt,HLCT,5,6,20,20,600.0,0,0.0,4,20.0,4,436.51,0.4,,,
CV_h6s5n15.txt,HLCT,5,6,20,20,600.0,0,0.0,4,20.0,4,483.68,0.4,,,
CV_h6s5n16.txt,HLCT,5,6,20,20,600.0,0,0.0,2,10.0,4,466.67,0.4,,,
CV_h6s5n17.txt,HLCT,5,6,20,20,600.0,1,5.0,2,10.0,4,469.72,0.4,,,
CV_h6s5n18.txt,HLCT,5,6,20,20,600.0,0,0.0,4,20.0,4,466.71,0.4,,,
CV_h6s5n19.txt,HLCT,5,6,20,20,600.0,0,0.0,3,15.0,4,473.97,0.4,,,
CV_h6s5n2.txt,HLCT,5,6,20,20,600.0,0,0.0,4,20.0,4,466.18,0.4,,,
CV_h6s5n20.txt,HLCT,5,6,20,20,600.0,0,0.0,1,5.0,4,470.47,0.4,,,
CV_h6s5n21.txt,HLCT,5,6,20,20,600.0,0,0.0,3,15.0,4,446.27,0.4,,,
CV_h6s5n22.txt,HLCT,5,6,20,20,600.0,0,0.0,4,20.0,5,545.56,0.4,,,
CV_h6s5n23.txt,HLCT,5,6,20,20,600.0,0,0.0,2,10.0,4,466.67,0.4,,,
CV_h6s5n24.txt,HLCT,5,6,20,20,600.0,1,5.0,2,10.0,4,445.23,0.4,,,
CV_h6s5n25.txt,HLCT,5,6,20,20,600.0,0,0.0,4,20.0,4,435.25,0.4,,,
CV_h6s5n26.txt,HLCT,5,6,20,20,600.0,0,0.0,3,15.0,5,582.30,0.4,,,
CV_h6s5n27.txt,HLCT,5,6,20,20,600.0,0,0.0,6,30.0,4,447.25,0.4,,,
CV_h6s5n28.txt,HLCT,5,6,20,20,600.0,0,0.0,4,20.0,4,422.33,0.4,,,
CV_h6s5n29.txt,HLCT,5,6,20,20,600.0,0,0.0,4,20.0,4,451.34,0.4,,,
CV_h6s5n3.txt,HLCT,5,6,20,20,600.0,1,5.0,5,25.0,5,596.58,0.4,,,
CV_h6s5n30.txt,HLCT,5,6,20,20,600.0,0,0.0,3,15.0,5,578.19,0.4,,,
CV_h6s5n31.txt,HLCT,5,6,20,20,600.0,0,0.0,1,5.0,4,501.30,0.4,,,
CV_h6s5n32.txt,HLCT,5,6,20,20,600.0,3,15.0,7,35.0,4,474.11,0.4,,,
CV_h6s5n33.txt,HLCT,5,6,20,20,600.0,1,5.0,4,20.0,4,501.82,0.4,,,
CV_h6s5n34.txt,HLCT,5,6,20,20,600.0,0,0.0,3,15.0,4,464.41,0.4,,,
CV_h6s5n35.txt,HLCT,5,6,20,20,600.0,0,0.0,2,10.0,4,443.73,0.4,,,
CV_h6s5n36.txt,HLCT,5,6,20,20,600.0,0,0.0,5,25.0,5,582.47,0.3,,,
CV_h6s5n37.txt,HLCT,5,6,20,20,600.0,0,0.0,2,10.0,5,579.61,0.3,,,
CV_h6s5n38.txt,HLCT,5,6,20,20,600.0,1,5.0,3,15.0,4,465.82,0.4,,,
CV_h6s5n39.txt,HLCT,5,6,20,20,600.0,0,0.0,6,30.0,4,468.01,0.4,,,
CV_h6s5n4.txt,HLCT,5,6,20,20,600.0,0,0.0,9,45.0,5,582.46,0.4,,,
CV_h6s5n40.txt,HLCT,5,6,20,20,600.0,1,5.0,3,15.0,4,418.46,0.4,,,
CV_h6s5n5.txt,HLCT,5,6,20,20,600.0,0,0.0,2,10.0,5,581.92,0.4,,,
CV_h6s5n6.txt,HLCT,5,6,20,20,600.0,0,0.0,3,15.0,4,475.57,0.4,,,
CV_h6s5n7.txt,HLCT,5,6,20,20,600.0,0,0.0,5,25.0,5,596.38,0.4,,,
CV_h6s5n8.txt,HLCT,5,6,20,20,600.0,0,0.0,5,25.0,5,585.80,0.4,,,
CV_h6s5n9.txt,HLCT,5,6,20,20,600.0,1,5.0,5,25.0,4,462.45,0.4,,,
CV_h6s6n1.txt,HLCT,6,6,24,24,600.0,0,0.0,3,12.5,5,576.89,0.5,,,
CV_h6s6n10.txt,HLCT,6,6,24,24,600.0,0,0.0,3,12.5,5,565.93,0.6,,,
CV_h6s6n11.txt,HLCT,6,6,24,24,600.0,0,0.0,1,4.2,4,486.69,0.5,,,
CV_h6s6n12.txt,HLCT,6,6,24,24,600.0,2,8.3,5,20.8,4,491.15,0.5,,,
CV_h6s6n13.txt,HLCT,6,6,24,24,600.0,0,0.0,5,20.8,4,433.58,0.5,,,
CV_h6s6n14.txt,HLCT,6,6,24,24,600.0,0,0.0,8,33.3,5,555.81,0.5,,,
CV_h6s6n15.txt,HLCT,6,6,24,24,600.0,1,4.2,6,25.0,4,451.86,0.5,,,
CV_h6s6n16.txt,HLCT,6,6,24,24,600.0,2,8.3,6,25.0,4,499.11,0.5,,,
CV_h6s6n17.txt,HLCT,6,6,24,24,600.0,0,0.0,3,12.5,4,452.48,0.6,,,
CV_h6s6n18.txt,HLCT,6,6,24,24,600.0,0,0.0,2,8.3,4,497.18,0.5,,,
CV_h6s6n19.txt,HLCT,6,6,24,24,600.0,0,0.0,3,12.5,5,592.11,0.9,,,
CV_h6s6n2.txt,HLCT,6,6,24,24,600.0,1,4.2,6,25.0,5,574.56,0.8,,,
CV_h6s6n20.txt,HLCT,6,6,24,24,600.0,0,0.0,8,33.3,4,473.63,0.8,,,
CV_h6s6n21.txt,HLCT,6,6,24,24,600.0,0,0.0,7,29.2,5,588.95,0.5,,,
CV_h6s6n22.txt,HLCT,6,6,24,24,600.0,0,0.0,3,12.5,4,479.29,0.5,,,
CV_h6s6n23.txt,HLCT,6,6,24,24,600.0,0,0.0,5,20.8,5,551.61,0.8,,,
CV_h6s6n24.txt,HLCT,6,6,24,24,600.0,0,0.0,3,12.5,4,459.14,0.9,,,
CV_h6s6n25.txt,HLCT,6,6,24,24,600.0,1,4.2,2,8.3,4,477.24,0.6,,,
CV_h6s6n26.txt,HLCT,6,6,24,24,600.0,0,0.0,4,16.7,4,474.55,0.5,,,
CV_h6s6n27.txt,HLCT,6,6,24,24,600.0,1,4.2,4,16.7,4,445.63,0.5,,,
CV_h6s6n28.txt,HLCT,6,6,24,24,600.0,1,4.2,2,8.3,5,555.24,0.5,,,
CV_h6s6n29.txt,HLCT,6,6,24,24,600.0,0,0.0,3,12.5,5,585.53,0.5,,,
CV_h6s6n3.txt,HLCT,6,6,24,24,600.0,3,12.5,8,33.3,5,568.79,0.6,,,
CV_h6s6n30.txt,HLCT,6,6,24,24,600.0,0,0.0,2,8.3,5,580.50,0.5,,,
CV_h6s6n31.txt,HLCT,6,6,24,24,600.0,1,4.2,5,20.8,4,488.81,0.4,,,
CV_h6s6n32.txt,HLCT,6,6,24,24,600.0,0,0.0,4,16.7,5,591.06,0.5,,,
CV_h6s6n33.txt,HLCT,6,6,24,24,600.0,0,0.0,5,20.8,4,455.64,0.5,,,
CV_h6s6n34.txt,HLCT,6,6,24,24,600.0,0,0.0,3,12.5,5,565.45,0.6,,,
CV_h6s6n35.txt,HLCT,6,6,24,24,600.0,0,0.0,3,12.5,4,479.69,0.6,,,
CV_h6s6n36.txt,HLCT,6,6,24,24,600.0,0,0.0,3,12.5,4,466.93,0.5,,,
CV_h6s6n37.txt,HLCT,6,6,24,24,600.0,0,0.0,3,12.5,4,480.45,0.5,,,
CV_h6s6n38.txt,HLCT,6,6,24,24,600.0,0,0.0,3,12.5,5,584.45,0.4,,,
CV_h6s6n39.txt,HLCT,6,6,24,24,600.0,0,0.0,2,8.3,5,568.28,0.5,,,
CV_h6s6n4.txt,HLCT,6,6,24,24,600.0,2,8.3,3,12.5,4,462.06,0.6,,,
CV_h6s6n40.txt,HLCT,6,6,24,24,600.0,0,0.0,3,12.5,5,582.26,0.5,,,
CV_h6s6n5.txt,HLCT,6,6,24,24,600.0,0,0.0,1,4.2,4,477.92,0.4,,,
CV_h6s6n6.txt,HLCT,6,6,24,24,600.0,0,0.0,3,12.5,5,583.58,0.5,,,
CV_h6s6n7.txt,HLCT,6,6,24,24,600.0,0,0.0,3,12.5,5,591.40,0.5,,,
CV_h6s6n8.txt,HLCT,6,6,24,24,600.0,0,0.0,9,37.5,5,587.47,0.5,,,
CV_h6s6n9.txt,HLCT,6,6,24,24,600.0,1,4.2,3,12.5,5,587.40,0.6,,,
CV_h6s7n1.txt,HLCT,7,6,28,28,600.0,1,3.6,3,10.7,5,564.16,0.7,,,
CV_h6s7n10.txt,HLCT,7,6,28,28,600.0,2,7.1,4,14.3,5,582.56,0.7,,,
CV_h6s7n11.txt,HLCT,7,6,28,28,600.0,0,0.0,2,7.1,5,587.42,0.7,,,
CV_h6s7n12.txt,HLCT,7,6,28,28,600.0,2,7.1,6,21.4,5,557.36,0.8,,,
CV_h6s7n13.txt,HLCT,7,6,28,28,600.0,0,0.0,5,17.9,4,447.00,0.6,,,
CV_h6s7n14.txt,HLCT,7,6,28,28,600.0,0,0.0,2,7.1,5,584.74,0.7,,,
CV_h6s7n15.txt,HLCT,7,6,28,28,600.0,0,0.0,4,14.3,5,580.92,0.6,,,
CV_h6s7n16.txt,HLCT,7,6,28,28,600.0,1,3.6,4,14.3,5,568.89,0.6,,,
CV_h6s7n17.txt,HLCT,7,6,28,28,600.0,2,7.1,4,14.3,4,480.03,0.7,,,
CV_h6s7n18.txt,HLCT,7,6,28,28,600.0,1,3.6,3,10.7,5,592.11,0.6,,,
CV_h6s7n19.txt,HLCT,7,6,28,28,600.0,0,0.0,6,21.4,5,566.32,0.7,,,
CV_h6s7n2.txt,HLCT,7,6,28,28,600.0,0,0.0,1,3.6,4,476.54,0.6,,,
CV_h6s7n20.txt,HLCT,7,6,28,28,600.0,1,3.6,2,7.1,4,476.90,0.7,,,
CV_h6s7n21.txt,HLCT,7,6,28,28,600.0,0,0.0,1,3.6,4,478.79,0.7,,,
CV_h6s7n22.txt,HLCT,7,6,28,28,600.0,0,0.0,4,14.3,4,473.17,0.7,,,
CV_h6s7n23.txt,HLCT,7,6,28,28,600.0,0,0.0,7,25.0,5,533.33,0.7,,,
CV_h6s7n24.txt,HLCT,7,6,28,28,600.0,0,0.0,4,14.3,5,582.78,0.7,,,
CV_h6s7n25.txt,HLCT,7,6,28,28,600.0,0,0.0,2,7.1,4,486.17,0.6,,,
CV_h6s7n26.txt,HLCT,7,6,28,28,600.0,0,0.0,5,17.9,5,567.98,0.7,,,
CV_h6s7n27.txt,HLCT,7,6,28,28,600.0,0,0.0,4,14.3,5,586.09,0.6,,,
CV_h6s7n28.txt,HLCT,7,6,28,28,600.0,0,0.0,1,3.6,4,475.83,0.7,,,
CV_h6s7n29.txt,HLCT,7,6,28,28,600.0,1,3.6,3,10.7,4,476.60,0.6,,,
CV_h6s7n3.txt,HLCT,7,6,28,28,600.0,1,3.6,4,14.3,5,587.26,0.6,,,
CV_h6s7n30.txt,HLCT,7,6,28,28,600.0,1,3.6,6,21.4,5,597.13,0.6,,,
CV_h6s7n31.txt,HLCT,7,6,28,28,600.0,0,0.0,2,7.1,5,575.67,0.7,,,
CV_h6s7n32.txt,HLCT,7,6,28,28,600.0,0,0.0,3,10.7,5,576.43,0.6,,,
CV_h6s7n33.txt,HLCT,7,6,28,28,600.0,0,0.0,2,7.1,5,595.61,0.6,,,
CV_h6s7n34.txt,HLCT,7,6,28,28,600.0,0,0.0,4,14.3,5,591.99,0.7,,,
CV_h6s7n35.txt,HLCT,7,6,28,28,600.0,0,0.0,1,3.6,4,474.32,0.8,,,
CV_h6s7n36.txt,HLCT,7,6,28,28,600.0,0,0.0,3,10.7,5,568.76,0.7,,,
CV_h6s7n37.txt,HLCT,7,6,28,28,600.0,0,0.0,4,14.3,4,467.78,0.7,,,
CV_h6s7n38.txt,HLCT,7,6,28,28,600.0,0,0.0,5,17.9,5,569.25,0.6,,,
CV_h6s7n39.txt,HLCT,7,6,28,28,600.0,1,3.6,5,17.9,4,476.45,0.6,,,
CV_h6s7n4.txt,HLCT,7,6,28,28,600.0,0,0.0,2,7.1,5,588.25,0.7,,,
CV_h6s7n40.txt,HLCT,7,6,28,28,600.0,0,0.0,4,14.3,5,589.29,0.6,,,
CV_h6s7n5.txt,HLCT,7,6,28,28,600.0,0,0.0,5,17.9,5,575.77,0.7,,,
CV_h6s7n6.txt,HLCT,7,6,28,28,600.0,2,7.1,3,10.7,4,480.67,0.7,,,
CV_h6s7n7.txt,HLCT,7,6,28,28,600.0,1,3.6,5,17.9,5,565.41,0.8,,,
CV_h6s7n8.txt,HLCT,7,6,28,28,600.0,0,0.0,5,17.9,5,589.26,0.7,,,
CV_h6s7n9.txt,HLCT,7,6,28,28,600.0,0,0.0,2,7.1,5,587.24,0.6,,,
CV_h7s10n1.txt,HLCT,10,7,50,50,600.0,0,0.0,1,2.0,4,468.12,2.0,,,
CV_h7s10n10.txt,HLCT,10,7,50,50,600.0,0,0.0,2,4.0,4,473.96,2.1,,,
CV_h7s10n11.txt,HLCT,10,7,50,50,600.0,0,0.0,1,2.0,4,475.18,3.6,,,
CV_h7s10n12.txt,HLCT,10,7,50,50,600.0,0,0.0,1,2.0,4,544.91,3.1,,,
CV_h7s10n13.txt,HLCT,10,7,50,50,600.0,0,0.0,4,8.0,4,494.83,3.4,,,
CV_h7s10n14.txt,HLCT,10,7,50,50,600.0,0,0.0,2,4.0,4,554.47,3.5,,,
CV_h7s10n15.txt,HLCT,10,7,50,50,600.0,0,0.0,1,2.0,4,464.96,3.4,,,
CV_h7s10n16.txt,HLCT,10,7,50,50,600.0,1,2.0,5,10.0,4,487.00,3.7,,,
CV_h7s10n17.txt,HLCT,10,7,50,50,600.0,0,0.0,4,8.0,5,540.85,4.2,,,
CV_h7s10n18.txt,HLCT,10,7,50,50,600.0,0,0.0,5,10.0,5,590.63,2.0,,,
CV_h7s10n19.txt,HLCT,10,7,50,50,600.0,1,2.0,2,4.0,4,470.04,2.2,,,
CV_h7s10n2.txt,HLCT,10,7,50,50,600.0,0,0.0,1,2.0,4,535.50,1.9,,,
CV_h7s10n20.txt,HLCT,10,7,50,50,600.0,0,0.0,4,8.0,4,492.80,2.0,,,
CV_h7s10n21.txt,HLCT,10,7,50,50,600.0,0,0.0,4,8.0,4,507.20,1.9,,,
CV_h7s10n22.txt,HLCT,10,7,50,50,600.0,0,0.0,2,4.0,4,537.01,2.1,,,
CV_h7s10n23.txt,HLCT,10,7,50,50,600.0,0,0.0,1,2.0,4,499.07,1.8,,,
CV_h7s10n24.txt,HLCT,10,7,50,50,600.0,0,0.0,1,2.0,4,543.65,1.9,,,
CV_h7s10n25.txt,HLCT,10,7,50,50,600.0,2,4.0,3,6.0,4,534.42,2.2,,,
CV_h7s10n26.txt,HLCT,10,7,50,50,600.0,0,0.0,1,2.0,4,516.77,1.7,,,
CV_h7s10n27.txt,HLCT,10,7,50,50,600.0,0,0.0,2,4.0,4,491.23,2.2,,,
CV_h7s10n28.txt,HLCT,10,7,50,50,600.0,0,0.0,1,2.0,4,480.72,2.0,,,
CV_h7s10n29.txt,HLCT,10,7,50,50,600.0,0,0.0,3,6.0,5,581.84,2.1,,,
CV_h7s10n3.txt,HLCT,10,7,50,50,600.0,0,0.0,2,4.0,4,527.13,2.1,,,
CV_h7s10n30.txt,HLCT,10,7,50,50,600.0,0,0.0,2,4.0,4,478.34,2.0,,,
CV_h7s10n31.txt,HLCT,10,7,50,50,600.0,1,2.0,3,6.0,4,466.37,2.0,,,
CV_h7s10n32.txt,HLCT,10,7,50,50,600.0,0,0.0,5,10.0,4,480.40,2.2,,,
CV_h7s10n33.txt,HLCT,10,7,50,50,600.0,0,0.0,1,2.0,4,532.63,1.8,,,
CV_h7s10n34.txt,HLCT,10,7,50,50,600.0,0,0.0,5,10.0,5,589.05,2.1,,,
CV_h7s10n35.txt,HLCT,10,7,50,50,600.0,0,0.0,2,4.0,4,483.31,1.9,,,
CV_h7s10n36.txt,HLCT,10,7,50,50,600.0,0,0.0,4,8.0,4,501.89,1.8,,,
CV_h7s10n37.txt,HLCT,10,7,50,50,600.0,0,0.0,1,2.0,4,481.52,1.9,,,
CV_h7s10n38.txt,HLCT,10,7,50,50,600.0,0,0.0,3,6.0,4,519.01,2.2,,,
CV_h7s10n39.txt,HLCT,10,7,50,50,600.0,0,0.0,1,2.0,4,539.40,1.9,,,
CV_h7s10n4.txt,HLCT,10,7,50,50,600.0,0,0.0,1,2.0,4,516.77,2.1,,,
CV_h7s10n40.txt,HLCT,10,7,50,50,600.0,0,0.0,1,2.0,4,482.67,1.8,,,
CV_h7s10n5.txt,HLCT,10,7,50,50,600.0,0,0.0,1,2.0,4,485.27,1.9,,,
CV_h7s10n6.txt,HLCT,10,7,50,50,600.0,0,0.0,2,4.0,4,493.52,1.9,,,
CV_h7s10n7.txt,HLCT,10,7,50,50,600.0,0,0.0,1,2.0,4,485.83,2.2,,,
CV_h7s10n8.txt,HLCT,10,7,50,50,600.0,0,0.0,1,2.0,4,486.08,2.1,,,
CV_h7s10n9.txt,HLCT,10,7,50,50,600.0,0,0.0,5,10.0,5,568.35,2.0,,,
CV_h7s4n1.txt,HLCT,4,7,20,20,600.0,0,0.0,2,10.0,3,333.08,0.4,,,
CV_h7s4n10.txt,HLCT,4,7,20,20,600.0,0,0.0,3,15.0,4,465.62,0.4,,,
CV_h7s4n11.txt,HLCT,4,7,20,20,600.0,0,0.0,2,10.0,4,464.41,0.3,,,
CV_h7s4n12.txt,HLCT,4,7,20,20,600.0,0,0.0,1,5.0,4,456.69,0.3,,,
CV_h7s4n13.txt,HLCT,4,7,20,20,600.0,0,0.0,1,5.0,4,454.06,0.4,,,
CV_h7s4n14.txt,HLCT,4,7,20,20,600.0,0,0.0,3,15.0,4,492.38,0.4,,,
CV_h7s4n15.txt,HLCT,4,7,20,20,600.0,0,0.0,7,35.0,4,476.47,0.4,,,
CV_h7s4n16.txt,HLCT,4,7,20,20,600.0,0,0.0,2,10.0,4,511.79,0.4,,,
CV_h7s4n17.txt,HLCT,4,7,20,20,600.0,0,0.0,1,5.0,4,461.57,0.4,,,
CV_h7s4n18.txt,HLCT,4,7,20,20,600.0,1,5.0,4,20.0,3,337.91,0.3,,,
CV_h7s4n19.txt,HLCT,4,7,20,20,600.0,0,0.0,2,10.0,4,447.82,0.4,,,
CV_h7s4n2.txt,HLCT,4,7,20,20,600.0,0,0.0,1,5.0,4,497.74,0.4,,,
CV_h7s4n20.txt,HLCT,4,7,20,20,600.0,0,0.0,2,10.0,3,359.80,0.4,,,
CV_h7s4n21.txt,HLCT,4,7,20,20,600.0,0,0.0,3,15.0,4,425.49,0.4,,,
CV_h7s4n22.txt,HLCT,4,7,20,20,600.0,3,15.0,3,15.0,2,232.83,0.3,,,
CV_h7s4n23.txt,HLCT,4,7,20,20,600.0,0,0.0,7,35.0,5,559.79,0.3,,,
CV_h7s4n24.txt,HLCT,4,7,20,20,600.0,0,0.0,1,5.0,4,510.24,0.4,,,
CV_h7s4n25.txt,HLCT,4,7,20,20,600.0,3,15.0,4,20.0,3,332.84,0.3,,,
CV_h7s4n26.txt,HLCT,4,7,20,20,600.0,0,0.0,1,5.0,4,492.38,0.4,,,
CV_h7s4n27.txt,HLCT,4,7,20,20,600.0,0,0.0,1,5.0,4,453.05,0.4,,,
CV_h7s4n28.txt,HLCT,4,7,20,20,600.0,0,0.0,1,5.0,4,439.95,0.4,,,
CV_h7s4n29.txt,HLCT,4,7,20,20,600.0,1,5.0,3,15.0,4,395.92,0.4,,,
CV_h7s4n3.txt,HLCT,4,7,20,20,600.0,0,0.0,5,25.0,4,447.14,0.4,,,
CV_h7s4n30.txt,HLCT,4,7,20,20,600.0,1,5.0,2,10.0,3,347.12,0.4,,,
CV_h7s4n31.txt,HLCT,4,7,20,20,600.0,1,5.0,5,25.0,5,588.49,0.4,,,
CV_h7s4n32.txt,HLCT,4,7,20,20,600.0,0,0.0,1,5.0,4,456.78,0.4,,,
CV_h7s4n33.txt,HLCT,4,7,20,20,600.0,0,0.0,2,10.0,4,404.83,0.4,,,
CV_h7s4n34.txt,HLCT,4,7,20,20,600.0,0,0.0,1,5.0,4,473.74,0.4,,,
CV_h7s4n35.txt,HLCT,4,7,20,20,600.0,0,0.0,2,10.0,4,456.74,0.6,,,
CV_h7s4n36.txt,HLCT,4,7,20,20,600.0,0,0.0,3,15.0,4,448.95,0.6,,,
CV_h7s4n37.txt,HLCT,4,7,20,20,600.0,0,0.0,1,5.0,4,499.07,0.6,,,
CV_h7s4n38.txt,HLCT,4,7,20,20,600.0,0,0.0,1,5.0,4,456.74,0.7,,,
CV_h7s4n39.txt,HLCT,4,7,20,20,600.0,0,0.0,1,5.0,4,458.20,0.6,,,
CV_h7s4n4.txt,HLCT,4,7,20,20,600.0,0,0.0,3,15.0,3,345.53,0.5,,,
CV_h7s4n40.txt,HLCT,4,7,20,20,600.0,0,0.0,3,15.0,3,365.80,0.6,,,
CV_h7s4n5.txt,HLCT,4,7,20,20,600.0,0,0.0,2,10.0,4,510.24,0.4,,,
CV_h7s4n6.txt,HLCT,4,7,20,20,600.0,0,0.0,2,10.0,3,339.53,0.4,,,
CV_h7s4n7.txt,HLCT,4,7,20,20,600.0,0,0.0,4,20.0,4,463.18,0.4,,,
CV_h7s4n8.txt,HLCT,4,7,20,20,600.0,0,0.0,2,10.0,3,373.72,0.4,,,
CV_h7s4n9.txt,HLCT,4,7,20,20,600.0,2,10.0,3,15.0,4,472.79,0.4,,,
CV_h7s5n1.txt,HLCT,5,7,25,25,600.0,0,0.0,1,4.0,4,475.83,0.6,,,
CV_h7s5n10.txt,HLCT,5,7,25,25,600.0,0,0.0,1,4.0,5,562.18,0.5,,,
CV_h7s5n11.txt,HLCT,5,7,25,25,600.0,0,0.0,2,8.0,4,458.11,0.6,,,
CV_h7s5n12.txt,HLCT,5,7,25,25,600.0,0,0.0,2,8.0,4,492.38,0.5,,,
CV_h7s5n13.txt,HLCT,5,7,25,25,600.0,0,0.0,5,20.0,4,451.03,0.6,,,
CV_h7s5n14.txt,HLCT,5,7,25,25,600.0,0,0.0,3,12.0,4,415.63,0.6,,,
CV_h7s5n15.txt,HLCT,5,7,25,25,600.0,0,0.0,2,8.0,5,599.80,0.5,,,
CV_h7s5n16.txt,HLCT,5,7,25,25,600.0,0,0.0,3,12.0,4,476.99,0.6,,,
CV_h7s5n17.txt,HLCT,5,7,25,25,600.0,0,0.0,2,8.0,4,432.66,0.6,,,
CV_h7s5n18.txt,HLCT,5,7,25,25,600.0,1,4.0,4,16.0,4,463.81,0.6,,,
CV_h7s5n19.txt,HLCT,5,7,25,25,600.0,1,4.0,3,12.0,5,559.40,0.5,,,
CV_h7s5n2.txt,HLCT,5,7,25,25,600.0,1,4.0,7,28.0,4,478.72,0.6,,,
CV_h7s5n20.txt,HLCT,5,7,25,25,600.0,0,0.0,1,4.0,4,516.93,0.5,,,
CV_h7s5n21.txt,HLCT,5,7,25,25,600.0,0,0.0,1,4.0,4,530.29,0.5,,,
CV_h7s5n22.txt,HLCT,5,7,25,25,600.0,0,0.0,4,16.0,4,464.47,0.5,,,
CV_h7s5n23.txt,HLCT,5,7,25,25,600.0,0,0.0,1,4.0,4,500.33,0.5,,,
CV_h7s5n24.txt,HLCT,5,7,25,25,600.0,1,4.0,2,8.0,4,497.74,0.5,,,
CV_h7s5n25.txt,HLCT,5,7,25,25,600.0,1,4.0,5,20.0,4,463.87,0.6,,,
CV_h7s5n26.txt,HLCT,5,7,25,25,600.0,0,0.0,1,4.0,4,454.06,0.6,,,
CV_h7s5n27.txt,HLCT,5,7,25,25,600.0,0,0.0,1,4.0,4,467.14,0.5,,,
CV_h7s5n28.txt,HLCT,5,7,25,25,600.0,0,0.0,2,8.0,4,466.22,0.6,,,
CV_h7s5n29.txt,HLCT,5,7,25,25,600.0,0,0.0,2,8.0,5,588.50,0.6,,,
CV_h7s5n3.txt,HLCT,5,7,25,25,600.0,0,0.0,1,4.0,4,501.75,0.6,,,
CV_h7s5n30.txt,HLCT,5,7,25,25,600.0,0,0.0,5,20.0,4,460.95,0.5,,,
CV_h7s5n31.txt,HLCT,5,7,25,25,600.0,0,0.0,1,4.0,4,492.38,0.6,,,
CV_h7s5n32.txt,HLCT,5,7,25,25,600.0,2,8.0,3,12.0,4,518.53,0.5,,,
CV_h7s5n33.txt,HLCT,5,7,25,25,600.0,0,0.0,3,12.0,5,580.99,0.6,,,
CV_h7s5n34.txt,HLCT,5,7,25,25,600.0,1,4.0,4,16.0,5,579.89,0.6,,,
CV_h7s5n35.txt,HLCT,5,7,25,25,600.0,0,0.0,4,16.0,4,427.64,0.6,,,
CV_h7s5n36.txt,HLCT,5,7,25,25,600.0,0,0.0,2,8.0,4,453.06,0.6,,,
CV_h7s5n37.txt,HLCT,5,7,25,25,600.0,1,4.0,2,8.0,4,505.03,0.5,,,
CV_h7s5n38.txt,HLCT,5,7,25,25,600.0,1,4.0,5,20.0,4,470.92,0.5,,,
CV_h7s5n39.txt,HLCT,5,7,25,25,600.0,0,0.0,2,8.0,4,522.82,0.5,,,
CV_h7s5n4.txt,HLCT,5,7,25,25,600.0,0,0.0,2,8.0,4,440.61,0.6,,,
CV_h7s5n40.txt,HLCT,5,7,25,25,600.0,0,0.0,3,12.0,4,480.67,0.5,,,
CV_h7s5n5.txt,HLCT,5,7,25,25,600.0,1,4.0,5,20.0,5,584.56,0.6,,,
CV_h7s5n6.txt,HLCT,5,7,25,25,600.0,0,0.0,3,12.0,4,431.57,0.7,,,
CV_h7s5n7.txt,HLCT,5,7,25,25,600.0,0,0.0,2,8.0,4,464.40,0.5,,,
CV_h7s5n8.txt,HLCT,5,7,25,25,600.0,0,0.0,1,4.0,4,497.06,0.5,,,
CV_h7s5n9.txt,HLCT,5,7,25,25,600.0,0,0.0,3,12.0,4,473.45,0.5,,,
CV_h7s6n1.txt,HLCT,6,7,30,30,600.0,0,0.0,1,3.3,4,496.34,0.8,,,
CV_h7s6n10.txt,HLCT,6,7,30,30,600.0,0,0.0,1,3.3,4,492.31,0.8,,,
CV_h7s6n11.txt,HLCT,6,7,30,30,600.0,0,0.0,2,6.7,4,464.79,0.7,,,
CV_h7s6n12.txt,HLCT,6,7,30,30,600.0,0,0.0,5,16.7,4,505.21,0.7,,,
CV_h7s6n13.txt,HLCT,6,7,30,30,600.0,0,0.0,1,3.3,4,460.39,0.7,,,
CV_h7s6n14.txt,HLCT,6,7,30,30,600.0,2,6.7,5,16.7,4,439.06,0.9,,,
CV_h7s6n15.txt,HLCT,6,7,30,30,600.0,0,0.0,4,13.3,5,563.49,0.9,,,
CV_h7s6n16.txt,HLCT,6,7,30,30,600.0,0,0.0,2,6.7,5,552.37,0.8,,,
CV_h7s6n17.txt,HLCT,6,7,30,30,600.0,0,0.0,4,13.3,4,466.39,0.9,,,
CV_h7s6n18.txt,HLCT,6,7,30,30,600.0,0,0.0,2,6.7,5,582.25,0.8,,,
CV_h7s6n19.txt,HLCT,6,7,30,30,600.0,0,0.0,1,3.3,5,567.84,0.7,,,
CV_h7s6n2.txt,HLCT,6,7,30,30,600.0,0,0.0,3,10.0,4,497.10,0.8,,,
CV_h7s6n20.txt,HLCT,6,7,30,30,600.0,0,0.0,1,3.3,4,491.18,0.7,,,
CV_h7s6n21.txt,HLCT,6,7,30,30,600.0,0,0.0,3,10.0,4,515.56,0.8,,,
CV_h7s6n22.txt,HLCT,6,7,30,30,600.0,0,0.0,2,6.7,5,598.65,0.8,,,
CV_h7s6n23.txt,HLCT,6,7,30,30,600.0,1,3.3,2,6.7,4,506.29,0.8,,,
CV_h7s6n24.txt,HLCT,6,7,30,30,600.0,0,0.0,1,3.3,4,512.24,0.8,,,
CV_h7s6n25.txt,HLCT,6,7,30,30,600.0,1,3.3,2,6.7,4,522.89,0.8,,,
CV_h7s6n26.txt,HLCT,6,7,30,30,600.0,0,0.0,1,3.3,4,499.07,0.8,,,
CV_h7s6n27.txt,HLCT,6,7,30,30,600.0,0,0.0,1,3.3,4,516.04,1.2,,,
CV_h7s6n28.txt,HLCT,6,7,30,30,600.0,0,0.0,1,3.3,4,521.99,1.2,,,
CV_h7s6n29.txt,HLCT,6,7,30,30,600.0,0,0.0,1,3.3,4,466.43,1.4,,,
CV_h7s6n3.txt,HLCT,6,7,30,30,600.0,1,3.3,4,13.3,4,500.49,1.4,,,
CV_h7s6n30.txt,HLCT,6,7,30,30,600.0,0,0.0,1,3.3,4,517.00,1.1,,,
CV_h7s6n31.txt,HLCT,6,7,30,30,600.0,0,0.0,3,10.0,5,563.59,1.4,,,
CV_h7s6n32.txt,HLCT,6,7,30,30,600.0,0,0.0,2,6.7,4,526.68,1.2,,,
CV_h7s6n33.txt,HLCT,6,7,30,30,600.0,2,6.7,3,10.0,4,490.08,0.8,,,
CV_h7s6n34.txt,HLCT,6,7,30,30,600.0,0,0.0,5,16.7,5,566.85,0.8,,,
CV_h7s6n35.txt,HLCT,6,7,30,30,600.0,0,0.0,3,10.0,4,465.24,0.8,,,
CV_h7s6n36.txt,HLCT,6,7,30,30,600.0,0,0.0,1,3.3,4,511.81,0.7,,,
CV_h7s6n37.txt,HLCT,6,7,30,30,600.0,0,0.0,1,3.3,4,469.34,0.9,,,
CV_h7s6n38.txt,HLCT,6,7,30,30,600.0,0,0.0,1,3.3,4,497.74,0.8,,,
CV_h7s6n39.txt,HLCT,6,7,30,30,600.0,1,3.3,4,13.3,5,541.49,0.7,,,
CV_h7s6n4.txt,HLCT,6,7,30,30,600.0,0,0.0,1,3.3,4,515.67,0.7,,,
CV_h7s6n40.txt,HLCT,6,7,30,30,600.0,0,0.0,2,6.7,4,544.55,0.7,,,
CV_h7s6n5.txt,HLCT,6,7,30,30,600.0,0,0.0,1,3.3,4,509.65,0.8,,,
CV_h7s6n6.txt,HLCT,6,7,30,30,600.0,0,0.0,7,23.3,5,594.59,0.7,,,
CV_h7s6n7.txt,HLCT,6,7,30,30,600.0,0,0.0,1,3.3,4,530.11,0.8,,,
CV_h7s6n8.txt,HLCT,6,7,30,30,600.0,4,13.3,5,16.7,4,419.22,0.9,,,
CV_h7s6n9.txt,HLCT,6,7,30,30,600.0,0,0.0,1,3.3,4,505.54,0.8,,,
CV_h7s7n1.txt,HLCT,7,7,35,35,600.0,2,5.7,4,11.4,5,594.20,0.9,,,
CV_h7s7n10.txt,HLCT,7,7,35,35,600.0,2,5.7,3,8.6,4,515.85,1.0,,,
CV_h7s7n11.txt,HLCT,7,7,35,35,600.0,1,2.9,3,8.6,5,593.64,1.0,,,
CV_h7s7n12.txt,HLCT,7,7,35,35,600.0,0,0.0,4,11.4,4,503.01,1.1,,,
CV_h7s7n13.txt,HLCT,7,7,35,35,600.0,0,0.0,4,11.4,5,546.50,1.2,,,
CV_h7s7n14.txt,HLCT,7,7,35,35,600.0,2,5.7,4,11.4,5,560.70,1.1,,,
CV_h7s7n15.txt,HLCT,7,7,35,35,600.0,0,0.0,2,5.7,4,514.58,0.9,,,
CV_h7s7n16.txt,HLCT,7,7,35,35,600.0,0,0.0,1,2.9,4,458.92,1.0,,,
CV_h7s7n17.txt,HLCT,7,7,35,35,600.0,3,8.6,5,14.3,5,523.61,1.2,,,
CV_h7s7n18.txt,HLCT,7,7,35,35,600.0,0,0.0,1,2.9,4,509.71,0.9,,,
CV_h7s7n19.txt,HLCT,7,7,35,35,600.0,0,0.0,1,2.9,4,460.64,1.0,,,
CV_h7s7n2.txt,HLCT,7,7,35,35,600.0,0,0.0,1,2.9,4,502.86,0.9,,,
CV_h7s7n20.txt,HLCT,7,7,35,35,600.0,0,0.0,1,2.9,4,486.83,1.1,,,
CV_h7s7n21.txt,HLCT,7,7,35,35,600.0,0,0.0,1,2.9,4,515.67,0.8,,,
CV_h7s7n22.txt,HLCT,7,7,35,35,600.0,0,0.0,1,2.9,4,516.93,0.9,,,
CV_h7s7n23.txt,HLCT,7,7,35,35,600.0,0,0.0,3,8.6,4,467.17,1.1,,,
CV_h7s7n24.txt,HLCT,7,7,35,35,600.0,0,0.0,5,14.3,5,588.25,1.0,,,
CV_h7s7n25.txt,HLCT,7,7,35,35,600.0,0,0.0,4,11.4,4,474.27,1.1,,,
CV_h7s7n26.txt,HLCT,7,7,35,35,600.0,0,0.0,6,17.1,4,445.80,1.1,,,
CV_h7s7n27.txt,HLCT,7,7,35,35,600.0,0,0.0,2,5.7,5,577.72,1.1,,,
CV_h7s7n28.txt,HLCT,7,7,35,35,600.0,0,0.0,4,11.4,5,586.27,1.0,,,
CV_h7s7n29.txt,HLCT,7,7,35,35,600.0,0,0.0,1,2.9,4,475.37,0.9,,,
CV_h7s7n3.txt,HLCT,7,7,35,35,600.0,0,0.0,1,2.9,4,516.03,1.0,,,
CV_h7s7n30.txt,HLCT,7,7,35,35,600.0,0,0.0,1,2.9,4,466.64,1.1,,,
CV_h7s7n31.txt,HLCT,7,7,35,35,600.0,0,0.0,3,8.6,5,587.55,1.0,,,
CV_h7s7n32.txt,HLCT,7,7,35,35,600.0,1,2.9,3,8.6,5,558.01,1.2,,,
CV_h7s7n33.txt,HLCT,7,7,35,35,600.0,0,0.0,2,5.7,4,518.19,1.0,,,
CV_h7s7n34.txt,HLCT,7,7,35,35,600.0,0,0.0,2,5.7,5,595.53,1.0,,,
CV_h7s7n35.txt,HLCT,7,7,35,35,600.0,0,0.0,1,2.9,4,467.94,0.9,,,
CV_h7s7n36.txt,HLCT,7,7,35,35,600.0,1,2.9,3,8.6,4,472.05,1.0,,,
CV_h7s7n37.txt,HLCT,7,7,35,35,600.0,0,0.0,2,5.7,4,468.60,1.0,,,
CV_h7s7n38.txt,HLCT,7,7,35,35,600.0,0,0.0,4,11.4,5,587.42,0.9,,,
CV_h7s7n39.txt,HLCT,7,7,35,35,600.0,0,0.0,3,8.6,4,496.95,1.1,,,
CV_h7s7n4.txt,HLCT,7,7,35,35,600.0,0,0.0,4,11.4,4,516.14,1.0,,,
CV_h7s7n40.txt,HLCT,7,7,35,35,600.0,0,0.0,3,8.6,5,562.71,1.1,,,
CV_h7s7n5.txt,HLCT,7,7,35,35,600.0,0,0.0,1,2.9,5,559.71,1.1,,,
CV_h7s7n6.txt,HLCT,7,7,35,35,600.0,0,0.0,1,2.9,4,495.58,1.0,,,
CV_h7s7n7.txt,HLCT,7,7,35,35,600.0,0,0.0,5,14.3,4,500.87,0.8,,,
CV_h7s7n8.txt,HLCT,7,7,35,35,600.0,1,2.9,3,8.6,4,474.32,1.0,,,
CV_h7s7n9.txt,HLCT,7,7,35,35,600.0,0,0.0,3,8.6,5,562.73,1.0,,,
CV_h7s8n1.txt,HLCT,8,7,40,40,600.0,0,0.0,4,10.0,4,543.01,1.3,,,
CV_h7s8n10.txt,HLCT,8,7,40,40,600.0,0,0.0,3,7.5,4,552.58,1.4,,,
CV_h7s8n11.txt,HLCT,8,7,40,40,600.0,1,2.5,2,5.0,4,525.80,1.4,,,
CV_h7s8n12.txt,HLCT,8,7,40,40,600.0,0,0.0,2,5.0,4,479.07,1.3,,,
CV_h7s8n13.txt,HLCT,8,7,40,40,600.0,0,0.0,2,5.0,4,465.52,1.3,,,
CV_h7s8n14.txt,HLCT,8,7,40,40,600.0,0,0.0,1,2.5,4,514.77,1.2,,,
CV_h7s8n15.txt,HLCT,8,7,40,40,600.0,1,2.5,2,5.0,4,465.68,1.4,,,
CV_h7s8n16.txt,HLCT,8,7,40,40,600.0,0,0.0,2,5.0,5,573.49,2.2,,,
CV_h7s8n17.txt,HLCT,8,7,40,40,600.0,0,0.0,4,10.0,5,588.69,1.9,,,
CV_h7s8n18.txt,HLCT,8,7,40,40,600.0,0,0.0,3,7.5,5,585.91,2.1,,,
CV_h7s8n19.txt,HLCT,8,7,40,40,600.0,0,0.0,1,2.5,4,553.03,2.0,,,
CV_h7s8n2.txt,HLCT,8,7,40,40,600.0,0,0.0,1,2.5,4,524.33,1.8,,,
CV_h7s8n20.txt,HLCT,8,7,40,40,600.0,1,2.5,3,7.5,4,477.04,2.4,,,
CV_h7s8n21.txt,HLCT,8,7,40,40,600.0,0,0.0,5,12.5,5,587.25,2.6,,,
CV_h7s8n22.txt,HLCT,8,7,40,40,600.0,0,0.0,2,5.0,5,551.53,1.5,,,
CV_h7s8n23.txt,HLCT,8,7,40,40,600.0,1,2.5,2,5.0,4,460.55,1.4,,,
CV_h7s8n24.txt,HLCT,8,7,40,40,600.0,0,0.0,5,12.5,5,567.41,1.5,,,
CV_h7s8n25.txt,HLCT,8,7,40,40,600.0,0,0.0,2,5.0,4,456.78,1.1,,,
CV_h7s8n26.txt,HLCT,8,7,40,40,600.0,1,2.5,3,7.5,4,512.87,1.3,,,
CV_h7s8n27.txt,HLCT,8,7,40,40,600.0,0,0.0,1,2.5,4,522.89,1.4,,,
CV_h7s8n28.txt,HLCT,8,7,40,40,600.0,0,0.0,4,10.0,4,488.95,1.3,,,
CV_h7s8n29.txt,HLCT,8,7,40,40,600.0,0,0.0,1,2.5,4,533.26,1.1,,,
CV_h7s8n3.txt,HLCT,8,7,40,40,600.0,0,0.0,2,5.0,4,511.79,1.3,,,
CV_h7s8n30.txt,HLCT,8,7,40,40,600.0,0,0.0,2,5.0,4,517.30,1.4,,,
CV_h7s8n31.txt,HLCT,8,7,40,40,600.0,1,2.5,3,7.5,4,520.61,1.3,,,
CV_h7s8n32.txt,HLCT,8,7,40,40,600.0,0,0.0,1,2.5,4,501.75,1.2,,,
CV_h7s8n33.txt,HLCT,8,7,40,40,600.0,1,2.5,2,5.0,4,477.99,1.4,,,
CV_h7s8n34.txt,HLCT,8,7,40,40,600.0,0,0.0,2,5.0,4,490.11,1.1,,,
CV_h7s8n35.txt,HLCT,8,7,40,40,600.0,0,0.0,3,7.5,4,505.54,1.3,,,
CV_h7s8n36.txt,HLCT,8,7,40,40,600.0,0,0.0,4,10.0,5,553.38,1.2,,,
CV_h7s8n37.txt,HLCT,8,7,40,40,600.0,0,0.0,2,5.0,4,492.80,1.4,,,
CV_h7s8n38.txt,HLCT,8,7,40,40,600.0,0,0.0,2,5.0,5,529.82,1.3,,,
CV_h7s8n39.txt,HLCT,8,7,40,40,600.0,0,0.0,2,5.0,5,571.94,1.4,,,
CV_h7s8n4.txt,HLCT,8,7,40,40,600.0,0,0.0,1,2.5,4,497.36,1.2,,,
CV_h7s8n40.txt,HLCT,8,7,40,40,600.0,0,0.0,1,2.5,4,485.31,1.3,,,
CV_h7s8n5.txt,HLCT,8,7,40,40,600.0,0,0.0,1,2.5,4,489.82,1.3,,,
CV_h7s8n6.txt,HLCT,8,7,40,40,600.0,0,0.0,1,2.5,4,495.76,1.3,,,
CV_h7s8n7.txt,HLCT,8,7,40,40,600.0,0,0.0,7,17.5,5,563.47,1.3,,,
CV_h7s8n8.txt,HLCT,8,7,40,40,600.0,1,2.5,3,7.5,4,473.00,1.4,,,
CV_h7s8n9.txt,HLCT,8,7,40,40,600.0,0,0.0,1,2.5,4,487.91,1.2,,,
CV_h7s9n1.txt,HLCT,9,7,45,45,600.0,0,0.0,1,2.2,4,468.36,1.7,,,
CV_h7s9n10.txt,HLCT,9,7,45,45,600.0,1,2.2,2,4.4,4,489.07,1.6,,,
CV_h7s9n11.txt,HLCT,9,7,45,45,600.0,1,2.2,2,4.4,4,472.31,1.6,,,
CV_h7s9n12.txt,HLCT,9,7,45,45,600.0,0,0.0,1,2.2,4,514.14,1.3,,,
CV_h7s9n13.txt,HLCT,9,7,45,45,600.0,1,2.2,3,6.7,4,540.86,1.6,,,
CV_h7s9n14.txt,HLCT,9,7,45,45,600.0,0,0.0,1,2.2,4,465.37,1.7,,,
CV_h7s9n15.txt,HLCT,9,7,45,45,600.0,0,0.0,5,11.1,5,561.45,1.7,,,
CV_h7s9n16.txt,HLCT,9,7,45,45,600.0,0,0.0,1,2.2,4,520.28,1.6,,,
CV_h7s9n17.txt,HLCT,9,7,45,45,600.0,0,0.0,1,2.2,4,471.23,1.7,,,
CV_h7s9n18.txt,HLCT,9,7,45,45,600.0,2,4.4,3,6.7,4,510.24,1.6,,,
CV_h7s9n19.txt,HLCT,9,7,45,45,600.0,0,0.0,1,2.2,4,482.93,1.7,,,
CV_h7s9n2.txt,HLCT,9,7,45,45,600.0,0,0.0,2,4.4,4,464.59,1.8,,,
CV_h7s9n20.txt,HLCT,9,7,45,45,600.0,0,0.0,3,6.7,5,547.45,1.5,,,
CV_h7s9n21.txt,HLCT,9,7,45,45,600.0,0,0.0,4,8.9,5,598.43,1.4,,,
CV_h7s9n22.txt,HLCT,9,7,45,45,600.0,0,0.0,1,2.2,4,477.35,1.5,,,
CV_h7s9n23.txt,HLCT,9,7,45,45,600.0,0,0.0,1,2.2,4,515.67,1.6,,,
CV_h7s9n24.txt,HLCT,9,7,45,45,600.0,0,0.0,2,4.4,4,462.03,1.6,,,
CV_h7s9n25.txt,HLCT,9,7,45,45,600.0,1,2.2,2,4.4,4,516.03,2.0,,,
CV_h7s9n26.txt,HLCT,9,7,45,45,600.0,0,0.0,3,6.7,5,548.43,1.8,,,
CV_h7s9n27.txt,HLCT,9,7,45,45,600.0,0,0.0,3,6.7,4,498.58,1.8,,,
CV_h7s9n28.txt,HLCT,9,7,45,45,600.0,1,2.2,3,6.7,4,476.42,1.7,,,
CV_h7s9n29.txt,HLCT,9,7,45,45,600.0,0,0.0,2,4.4,4,537.96,1.7,,,
CV_h7s9n3.txt,HLCT,9,7,45,45,600.0,0,0.0,2,4.4,5,590.78,1.7,,,
CV_h7s9n30.txt,HLCT,9,7,45,45,600.0,1,2.2,2,4.4,4,466.99,1.8,,,
CV_h7s9n31.txt,HLCT,9,7,45,45,600.0,0,0.0,3,6.7,4,487.80,1.8,,,
CV_h7s9n32.txt,HLCT,9,7,45,45,600.0,0,0.0,2,4.4,4,488.43,1.5,,,
CV_h7s9n33.txt,HLCT,9,7,45,45,600.0,0,0.0,1,2.2,4,538.22,1.6,,,
CV_h7s9n34.txt,HLCT,9,7,45,45,600.0,0,0.0,4,8.9,5,587.64,1.7,,,
CV_h7s9n35.txt,HLCT,9,7,45,45,600.0,0,0.0,1,2.2,4,471.41,1.7,,,
CV_h7s9n36.txt,HLCT,9,7,45,45,600.0,0,0.0,3,6.7,4,484.68,1.8,,,
CV_h7s9n37.txt,HLCT,9,7,45,45,600.0,1,2.2,2,4.4,4,477.71,1.4,,,
CV_h7s9n38.txt,HLCT,9,7,45,45,600.0,0,0.0,2,4.4,4,516.16,1.7,,,
CV_h7s9n39.txt,HLCT,9,7,45,45,600.0,1,2.2,2,4.4,4,473.10,2.0,,,
CV_h7s9n4.txt,HLCT,9,7,45,45,600.0,0,0.0,4,8.9,4,460.00,1.6,,,
CV_h7s9n40.txt,HLCT,9,7,45,45,600.0,0,0.0,2,4.4,4,505.03,1.6,,,
CV_h7s9n5.txt,HLCT,9,7,45,45,600.0,1,2.2,3,6.7,4,494.41,1.6,,,
CV_h7s9n6.txt,HLCT,9,7,45,45,600.0,1,2.2,4,8.9,4,494.50,1.6,,,
CV_h7s9n7.txt,HLCT,9,7,45,45,600.0,0,0.0,2,4.4,4,537.33,1.7,,,
CV_h7s9n8.txt,HLCT,9,7,45,45,600.0,0,0.0,4,8.9,5,574.57,2.9,,,
CV_h7s9n9.txt,HLCT,9,7,45,45,600.0,0,0.0,2,4.4,4,522.96,2.4,,,
CV_h8s10n1.txt,HLCT,10,8,60,60,600.0,0,0.0,2,3.3,4,503.43,5.5,,,
CV_h8s10n10.txt,HLCT,10,8,60,60,600.0,0,0.0,3,5.0,4,490.26,4.3,,,
CV_h8s10n11.txt,HLCT,10,8,60,60,600.0,0,0.0,0,0.0,4,466.98,4.7,,,
CV_h8s10n12.txt,HLCT,10,8,60,60,600.0,0,0.0,2,3.3,4,480.70,5.2,,,
CV_h8s10n13.txt,HLCT,10,8,60,60,600.0,0,0.0,0,0.0,4,473.37,4.8,,,
CV_h8s10n14.txt,HLCT,10,8,60,60,600.0,0,0.0,1,1.7,4,503.69,2.8,,,
CV_h8s10n15.txt,HLCT,10,8,60,60,600.0,0,0.0,2,3.3,5,589.95,3.1,,,
CV_h8s10n16.txt,HLCT,10,8,60,60,600.0,0,0.0,1,1.7,4,472.66,3.1,,,
CV_h8s10n17.txt,HLCT,10,8,60,60,600.0,0,0.0,1,1.7,4,487.89,2.9,,,
CV_h8s10n18.txt,HLCT,10,8,60,60,600.0,0,0.0,1,1.7,4,508.15,2.9,,,
CV_h8s10n19.txt,HLCT,10,8,60,60,600.0,0,0.0,2,3.3,4,480.85,3.0,,,
CV_h8s10n2.txt,HLCT,10,8,60,60,600.0,0,0.0,4,6.7,4,486.01,3.4,,,
CV_h8s10n20.txt,HLCT,10,8,60,60,600.0,1,1.7,3,5.0,4,507.87,3.1,,,
CV_h8s10n21.txt,HLCT,10,8,60,60,600.0,0,0.0,3,5.0,5,583.92,3.1,,,
CV_h8s10n22.txt,HLCT,10,8,60,60,600.0,0,0.0,1,1.7,4,487.17,3.1,,,
CV_h8s10n23.txt,HLCT,10,8,60,60,600.0,0,0.0,1,1.7,4,516.03,3.0,,,
CV_h8s10n24.txt,HLCT,10,8,60,60,600.0,0,0.0,2,3.3,4,480.59,3.3,,,
CV_h8s10n25.txt,HLCT,10,8,60,60,600.0,1,1.7,4,6.7,4,488.36,3.3,,,
CV_h8s10n26.txt,HLCT,10,8,60,60,600.0,1,1.7,3,5.0,4,475.43,3.0,,,
CV_h8s10n27.txt,HLCT,10,8,60,60,600.0,1,1.7,2,3.3,4,477.07,3.1,,,
CV_h8s10n28.txt,HLCT,10,8,60,60,600.0,0,0.0,2,3.3,4,511.79,3.2,,,
CV_h8s10n29.txt,HLCT,10,8,60,60,600.0,0,0.0,0,0.0,4,464.52,3.0,,,
CV_h8s10n3.txt,HLCT,10,8,60,60,600.0,0,0.0,2,3.3,4,483.39,3.2,,,
CV_h8s10n30.txt,HLCT,10,8,60,60,600.0,0,0.0,2,3.3,4,492.94,3.3,,,
CV_h8s10n31.txt,HLCT,10,8,60,60,600.0,1,1.7,3,5.0,5,552.70,3.2,,,
CV_h8s10n32.txt,HLCT,10,8,60,60,600.0,0,0.0,1,1.7,4,492.94,3.1,,,
CV_h8s10n33.txt,HLCT,10,8,60,60,600.0,0,0.0,1,1.7,4,493.30,3.0,,,
CV_h8s10n34.txt,HLCT,10,8,60,60,600.0,0,0.0,1,1.7,4,466.22,3.0,,,
CV_h8s10n35.txt,HLCT,10,8,60,60,600.0,1,1.7,5,8.3,4,460.83,3.3,,,
CV_h8s10n36.txt,HLCT,10,8,60,60,600.0,0,0.0,1,1.7,4,503.69,2.9,,,
CV_h8s10n37.txt,HLCT,10,8,60,60,600.0,0,0.0,0,0.0,4,457.81,2.8,,,
CV_h8s10n38.txt,HLCT,10,8,60,60,600.0,0,0.0,0,0.0,4,461.31,2.8,,,
CV_h8s10n39.txt,HLCT,10,8,60,60,600.0,0,0.0,0,0.0,4,462.94,3.3,,,
CV_h8s10n4.txt,HLCT,10,8,60,60,600.0,0,0.0,1,1.7,4,477.99,2.8,,,
CV_h8s10n40.txt,HLCT,10,8,60,60,600.0,0,0.0,1,1.7,4,470.16,3.3,,,
CV_h8s10n5.txt,HLCT,10,8,60,60,600.0,0,0.0,1,1.7,4,477.10,3.0,,,
CV_h8s10n6.txt,HLCT,10,8,60,60,600.0,0,0.0,1,1.7,4,469.56,2.8,,,
CV_h8s10n7.txt,HLCT,10,8,60,60,600.0,0,0.0,1,1.7,4,534.42,3.2,,,
CV_h8s10n8.txt,HLCT,10,8,60,60,600.0,1,1.7,2,3.3,4,494.79,3.3,,,
CV_h8s10n9.txt,HLCT,10,8,60,60,600.0,1,1.7,3,5.0,4,464.23,3.0,,,
CV_h8s6n1.txt,HLCT,6,8,36,36,600.0,0,0.0,2,5.6,4,491.52,1.1,,,
CV_h8s6n10.txt,HLCT,6,8,36,36,600.0,1,2.8,5,13.9,5,533.82,1.0,,,
CV_h8s6n11.txt,HLCT,6,8,36,36,600.0,0,0.0,1,2.8,4,530.11,1.2,,,
CV_h8s6n12.txt,HLCT,6,8,36,36,600.0,1,2.8,3,8.3,4,454.61,1.0,,,
CV_h8s6n13.txt,HLCT,6,8,36,36,600.0,0,0.0,5,13.9,5,559.17,1.1,,,
CV_h8s6n14.txt,HLCT,6,8,36,36,600.0,0,0.0,5,13.9,5,584.83,1.1,,,
CV_h8s6n15.txt,HLCT,6,8,36,36,600.0,0,0.0,1,2.8,4,510.98,1.1,,,
CV_h8s6n16.txt,HLCT,6,8,36,36,600.0,0,0.0,2,5.6,5,587.58,1.1,,,
CV_h8s6n17.txt,HLCT,6,8,36,36,600.0,0,0.0,2,5.6,4,479.86,1.1,,,
CV_h8s6n18.txt,HLCT,6,8,36,36,600.0,1,2.8,2,5.6,4,478.11,1.2,,,
CV_h8s6n19.txt,HLCT,6,8,36,36,600.0,0,0.0,1,2.8,4,488.25,1.1,,,
CV_h8s6n2.txt,HLCT,6,8,36,36,600.0,0,0.0,1,2.8,4,493.64,1.1,,,
CV_h8s6n20.txt,HLCT,6,8,36,36,600.0,0,0.0,2,5.6,5,585.57,1.0,,,
CV_h8s6n21.txt,HLCT,6,8,36,36,600.0,0,0.0,1,2.8,4,545.81,0.9,,,
CV_h8s6n22.txt,HLCT,6,8,36,36,600.0,0,0.0,1,2.8,4,483.64,1.1,,,
CV_h8s6n23.txt,HLCT,6,8,36,36,600.0,1,2.8,5,13.9,4,474.72,1.1,,,
CV_h8s6n24.txt,HLCT,6,8,36,36,600.0,0,0.0,0,0.0,4,468.60,1.0,,,
CV_h8s6n25.txt,HLCT,6,8,36,36,600.0,0,0.0,1,2.8,4,479.51,1.0,,,
CV_h8s6n26.txt,HLCT,6,8,36,36,600.0,0,0.0,1,2.8,4,511.50,1.1,,,
CV_h8s6n27.txt,HLCT,6,8,36,36,600.0,0,0.0,1,2.8,4,531.55,1.2,,,
CV_h8s6n28.txt,HLCT,6,8,36,36,600.0,0,0.0,4,11.1,4,471.40,1.2,,,
CV_h8s6n29.txt,HLCT,6,8,36,36,600.0,0,0.0,1,2.8,4,505.03,1.3,,,
CV_h8s6n3.txt,HLCT,6,8,36,36,600.0,0,0.0,0,0.0,4,477.42,1.2,,,
CV_h8s6n30.txt,HLCT,6,8,36,36,600.0,0,0.0,1,2.8,4,497.74,1.4,,,
CV_h8s6n31.txt,HLCT,6,8,36,36,600.0,0,0.0,1,2.8,4,501.75,1.4,,,
CV_h8s6n32.txt,HLCT,6,8,36,36,600.0,0,0.0,2,5.6,4,460.77,1.2,,,
CV_h8s6n33.txt,HLCT,6,8,36,36,600.0,0,0.0,3,8.3,4,466.64,1.1,,,
CV_h8s6n34.txt,HLCT,6,8,36,36,600.0,0,0.0,0,0.0,4,462.86,1.2,,,
CV_h8s6n35.txt,HLCT,6,8,36,36,600.0,1,2.8,2,5.6,4,502.86,1.2,,,
CV_h8s6n36.txt,HLCT,6,8,36,36,600.0,1,2.8,2,5.6,4,468.45,1.9,,,
CV_h8s6n37.txt,HLCT,6,8,36,36,600.0,1,2.8,2,5.6,4,505.54,1.8,,,
CV_h8s6n38.txt,HLCT,6,8,36,36,600.0,0,0.0,3,8.3,4,516.68,1.7,,,
CV_h8s6n39.txt,HLCT,6,8,36,36,600.0,0,0.0,2,5.6,4,482.90,2.0,,,
CV_h8s6n4.txt,HLCT,6,8,36,36,600.0,0,0.0,1,2.8,4,518.53,1.6,,,
CV_h8s6n40.txt,HLCT,6,8,36,36,600.0,0,0.0,0,0.0,4,461.15,1.7,,,
CV_h8s6n5.txt,HLCT,6,8,36,36,600.0,0,0.0,0,0.0,4,467.11,1.6,,,
CV_h8s6n6.txt,HLCT,6,8,36,36,600.0,1,2.8,1,2.8,4,466.67,1.1,,,
CV_h8s6n7.txt,HLCT,6,8,36,36,600.0,0,0.0,2,5.6,5,543.40,1.2,,,
CV_h8s6n8.txt,HLCT,6,8,36,36,600.0,0,0.0,2,5.6,4,464.41,1.1,,,
CV_h8s6n9.txt,HLCT,6,8,36,36,600.0,0,0.0,1,2.8,4,515.67,1.0,,,
CV_h12s10n1.txt,HLCT,10,12,100,100,900.0,0,0.0,0,0.0,6,740.61,19.4,,,
CV_h12s10n10.txt,HLCT,10,12,100,100,900.0,1,1.0,1,1.0,5,728.97,19.8,,,
CV_h12s10n11.txt,HLCT,10,12,100,100,900.0,0,0.0,1,1.0,6,823.71,15.7,,,
CV_h12s10n12.txt,HLCT,10,12,100,100,900.0,0,0.0,1,1.0,6,799.87,16.0,,,
CV_h12s10n13.txt,HLCT,10,12,100,100,900.0,0,0.0,2,2.0,6,743.44,19.4,,,
CV_h12s10n14.txt,HLCT,10,12,100,100,900.0,0,0.0,3,3.0,7,794.44,21.3,,,
CV_h12s10n15.txt,HLCT,10,12,100,100,900.0,0,0.0,0,0.0,6,754.63,19.1,,,
CV_h12s10n16.txt,HLCT,10,12,100,100,900.0,0,0.0,3,3.0,7,821.60,13.0,,,
CV_h12s10n17.txt,HLCT,10,12,100,100,900.0,0,0.0,1,1.0,6,766.55,14.0,,,
CV_h12s10n18.txt,HLCT,10,12,100,100,900.0,0,0.0,0,0.0,5,727.09,11.7,,,
CV_h12s10n19.txt,HLCT,10,12,100,100,900.0,0,0.0,2,2.0,7,891.49,13.0,,,
CV_h12s10n2.txt,HLCT,10,12,100,100,900.0,0,0.0,4,4.0,6,806.24,12.2,,,
CV_h12s10n20.txt,HLCT,10,12,100,100,900.0,0,0.0,2,2.0,6,837.47,12.4,,,
CV_h12s10n21.txt,HLCT,10,12,100,100,900.0,0,0.0,0,0.0,6,723.37,10.9,,,
CV_h12s10n22.txt,HLCT,10,12,100,100,900.0,0,0.0,0,0.0,5,740.32,12.3,,,
CV_h12s10n23.txt,HLCT,10,12,100,100,900.0,0,0.0,1,1.0,6,794.97,11.6,,,
CV_h12s10n24.txt,HLCT,10,12,100,100,900.0,0,0.0,0,0.0,5,733.84,11.0,,,
CV_h12s10n25.txt,HLCT,10,12,100,100,900.0,0,0.0,0,0.0,6,747.29,11.8,,,
CV_h12s10n26.txt,HLCT,10,12,100,100,900.0,1,1.0,2,2.0,6,779.62,12.9,,,
CV_h12s10n27.txt,HLCT,10,12,100,100,900.0,0,0.0,2,2.0,6,879.94,11.6,,,
CV_h12s10n28.txt,HLCT,10,12,100,100,900.0,0,0.0,0,0.0,5,746.48,11.5,,,
CV_h12s10n29.txt,HLCT,10,12,100,100,900.0,0,0.0,2,2.0,6,747.19,12.1,,,
CV_h12s10n3.txt,HLCT,10,12,100,100,900.0,0,0.0,3,3.0,7,886.38,11.4,,,
CV_h12s10n30.txt,HLCT,10,12,100,100,900.0,0,0.0,1,1.0,5,724.90,11.2,,,
CV_h12s10n31.txt,HLCT,10,12,100,100,900.0,1,1.0,1,1.0,6,742.67,12.4,,,
CV_h12s10n32.txt,HLCT,10,12,100,100,900.0,1,1.0,1,1.0,6,743.65,11.5,,,
CV_h12s10n33.txt,HLCT,10,12,100,100,900.0,0,0.0,0,0.0,6,762.81,10.7,,,
CV_h12s10n34.txt,HLCT,10,12,100,100,900.0,0,0.0,1,1.0,6,815.71,11.0,,,
CV_h12s10n35.txt,HLCT,10,12,100,100,900.0,1,1.0,2,2.0,6,753.88,12.8,,,
CV_h12s10n36.txt,HLCT,10,12,100,100,900.0,0,0.0,3,3.0,6,748.83,13.0,,,
CV_h12s10n37.txt,HLCT,10,12,100,100,900.0,4,4.0,4,4.0,5,729.67,12.3,,,
CV_h12s10n38.txt,HLCT,10,12,100,100,900.0,0,0.0,0,0.0,5,722.83,11.5,,,
CV_h12s10n39.txt,HLCT,10,12,100,100,900.0,0,0.0,0,0.0,5,727.87,11.6,,,
CV_h12s10n4.txt,HLCT,10,12,100,100,900.0,0,0.0,0,0.0,6,755.04,11.3,,,
CV_h12s10n40.txt,HLCT,10,12,100,100,900.0,1,1.0,2,2.0,6,763.95,12.0,,,
CV_h12s10n5.txt,HLCT,10,12,100,100,900.0,0,0.0,0,0.0,6,738.87,16.1,,,
CV_h12s10n6.txt,HLCT,10,12,100,100,900.0,0,0.0,1,1.0,6,736.04,11.4,,,
CV_h12s10n7.txt,HLCT,10,12,100,100,900.0,0,0.0,0,0.0,5,733.38,11.2,,,
CV_h12s10n8.txt,HLCT,10,12,100,100,900.0,0,0.0,1,1.0,6,760.97,12.4,,,
CV_h12s10n9.txt,HLCT,10,12,100,100,900.0,0,0.0,0,0.0,6,746.97,11.0,,,
CV_h12s6n1.txt,HLCT,6,12,60,60,900.0,0,0.0,0,0.0,6,754.52,3.4,,,
CV_h12s6n10.txt,HLCT,6,12,60,60,900.0,0,0.0,0,0.0,6,757.25,3.8,,,
CV_h12s6n11.txt,HLCT,6,12,60,60,900.0,0,0.0,2,3.3,7,846.53,7.3,,,
CV_h12s6n12.txt,HLCT,6,12,60,60,900.0,0,0.0,2,3.3,6,788.20,3.7,,,
CV_h12s6n13.txt,HLCT,6,12,60,60,900.0,0,0.0,0,0.0,6,731.87,3.5,,,
CV_h12s6n14.txt,HLCT,6,12,60,60,900.0,0,0.0,2,3.3,6,782.44,3.7,,,
CV_h12s6n15.txt,HLCT,6,12,60,60,900.0,0,0.0,2,3.3,6,855.85,3.4,,,
CV_h12s6n16.txt,HLCT,6,12,60,60,900.0,0,0.0,2,3.3,6,798.97,3.7,,,
CV_h12s6n17.txt,HLCT,6,12,60,60,900.0,1,1.7,2,3.3,6,835.02,3.5,,,
CV_h12s6n18.txt,HLCT,6,12,60,60,900.0,1,1.7,2,3.3,6,851.62,3.6,,,
CV_h12s6n19.txt,HLCT,6,12,60,60,900.0,0,0.0,0,0.0,6,750.84,3.5,,,
CV_h12s6n2.txt,HLCT,6,12,60,60,900.0,0,0.0,1,1.7,6,846.48,3.4,,,
CV_h12s6n20.txt,HLCT,6,12,60,60,900.0,0,0.0,1,1.7,6,787.45,3.7,,,
CV_h12s6n21.txt,HLCT,6,12,60,60,900.0,0,0.0,4,6.7,6,653.81,4.1,,,
CV_h12s6n22.txt,HLCT,6,12,60,60,900.0,0,0.0,3,5.0,6,708.26,3.8,,,
CV_h12s6n23.txt,HLCT,6,12,60,60,900.0,0,0.0,2,3.3,6,726.15,3.5,,,
CV_h12s6n24.txt,HLCT,6,12,60,60,900.0,0,0.0,1,1.7,6,762.76,3.6,,,
CV_h12s6n25.txt,HLCT,6,12,60,60,900.0,0,0.0,3,5.0,6,746.31,4.0,,,
CV_h12s6n26.txt,HLCT,6,12,60,60,900.0,0,0.0,3,5.0,6,765.74,3.6,,,
CV_h12s6n27.txt,HLCT,6,12,60,60,900.0,0,0.0,2,3.3,6,709.07,4.0,,,
CV_h12s6n28.txt,HLCT,6,12,60,60,900.0,0,0.0,2,3.3,6,759.90,3.6,,,
CV_h12s6n29.txt,HLCT,6,12,60,60,900.0,0,0.0,0,0.0,6,744.74,3.5,,,
CV_h12s6n3.txt,HLCT,6,12,60,60,900.0,0,0.0,0,0.0,6,757.67,3.4,,,
CV_h12s6n30.txt,HLCT,6,12,60,60,900.0,0,0.0,1,1.7,7,788.32,3.6,,,
CV_h12s6n31.txt,HLCT,6,12,60,60,900.0,0,0.0,0,0.0,6,740.22,3.6,,,
CV_h12s6n32.txt,HLCT,6,12,60,60,900.0,0,0.0,1,1.7,7,824.17,3.7,,,
CV_h12s6n33.txt,HLCT,6,12,60,60,900.0,0,0.0,1,1.7,7,795.69,3.8,,,
CV_h12s6n34.txt,HLCT,6,12,60,60,900.0,0,0.0,1,1.7,6,831.66,3.6,,,
CV_h12s6n35.txt,HLCT,6,12,60,60,900.0,0,0.0,0,0.0,6,743.39,3.7,,,
CV_h12s6n36.txt,HLCT,6,12,60,60,900.0,0,0.0,1,1.7,6,780.59,3.6,,,
CV_h12s6n37.txt,HLCT,6,12,60,60,900.0,0,0.0,6,10.0,7,866.78,4.5,,,
CV_h12s6n38.txt,HLCT,6,12,60,60,900.0,1,1.7,2,3.3,6,833.08,4.6,,,
CV_h12s6n39.txt,HLCT,6,12,60,60,900.0,0,0.0,4,6.7,7,837.33,4.0,,,
CV_h12s6n4.txt,HLCT,6,12,60,60,900.0,0,0.0,0,0.0,6,746.18,3.4,,,
CV_h12s6n40.txt,HLCT,6,12,60,60,900.0,0,0.0,0,0.0,6,734.76,3.5,,,
CV_h12s6n5.txt,HLCT,6,12,60,60,900.0,0,0.0,2,3.3,6,708.99,3.9,,,
CV_h12s6n6.txt,HLCT,6,12,60,60,900.0,0,0.0,2,3.3,7,841.82,3.7,,,
CV_h12s6n7.txt,HLCT,6,12,60,60,900.0,0,0.0,0,0.0,6,744.73,5.8,,,
CV_h12s6n8.txt,HLCT,6,12,60,60,900.0,0,0.0,0,0.0,6,734.26,5.9,,,
CV_h12s6n9.txt,HLCT,6,12,60,60,900.0,0,0.0,1,1.7,6,746.82,6.5,,,
CV_h5s3n1.txt,HLCT,3,5,9,9,900.0,1,11.1,2,22.2,3,345.90,0.3,,,
CV_h5s3n10.txt,HLCT,3,5,9,9,900.0,0,0.0,4,44.4,5,596.84,0.3,,,
CV_h5s3n11.txt,HLCT,3,5,9,9,900.0,2,22.2,7,77.8,5,557.36,0.2,,,
CV_h5s3n12.txt,HLCT,3,5,9,9,900.0,0,0.0,1,11.1,2,207.41,0.1,,,
CV_h5s3n13.txt,HLCT,3,5,9,9,900.0,0,0.0,3,33.3,6,690.64,0.2,,,
CV_h5s3n14.txt,HLCT,3,5,9,9,900.0,0,0.0,1,11.1,2,221.51,0.2,,,
CV_h5s3n15.txt,HLCT,3,5,9,9,900.0,0,0.0,3,33.3,7,776.37,0.2,,,
CV_h5s3n16.txt,HLCT,3,5,9,9,900.0,0,0.0,4,44.4,7,786.37,0.2,,,
CV_h5s3n17.txt,HLCT,3,5,9,9,900.0,2,22.2,3,33.3,2,229.47,0.2,,,
CV_h5s3n18.txt,HLCT,3,5,9,9,900.0,0,0.0,9,100.0,7,797.13,0.1,,,
CV_h5s3n19.txt,HLCT,3,5,9,9,900.0,0,0.0,1,11.1,2,229.47,0.2,,,
CV_h5s3n2.txt,HLCT,3,5,9,9,900.0,0,0.0,6,66.7,6,731.35,0.2,,,
CV_h5s3n20.txt,HLCT,3,5,9,9,900.0,0,0.0,3,33.3,5,559.73,0.2,,,
CV_h5s3n21.txt,HLCT,3,5,9,9,900.0,1,11.1,3,33.3,7,806.76,0.1,,,
CV_h5s3n22.txt,HLCT,3,5,9,9,900.0,2,22.2,4,44.4,5,571.16,0.1,,,
CV_h5s3n23.txt,HLCT,3,5,9,9,900.0,0,0.0,1,11.1,2,229.47,0.1,,,
CV_h5s3n24.txt,HLCT,3,5,9,9,900.0,1,11.1,3,33.3,5,530.01,0.2,,,
CV_h5s3n25.txt,HLCT,3,5,9,9,900.0,0,0.0,2,22.2,2,221.51,0.2,,,
CV_h5s3n26.txt,HLCT,3,5,9,9,900.0,0,0.0,9,100.0,5,596.84,0.1,,,
CV_h5s3n27.txt,HLCT,3,5,9,9,900.0,0,0.0,9,100.0,8,866.97,0.2,,,
CV_h5s3n28.txt,HLCT,3,5,9,9,900.0,0,0.0,4,44.4,7,777.76,0.2,,,
CV_h5s3n29.txt,HLCT,3,5,9,9,900.0,0,0.0,1,11.1,2,221.51,0.2,,,
CV_h5s3n3.txt,HLCT,3,5,9,9,900.0,0,0.0,9,100.0,2,225.78,0.1,,,
CV_h5s3n30.txt,HLCT,3,5,9,9,900.0,0,0.0,5,55.6,6,667.17,0.2,,,
CV_h5s3n31.txt,HLCT,3,5,9,9,900.0,0,0.0,5,55.6,6,728.75,0.2,,,
CV_h5s3n32.txt,HLCT,3,5,9,9,900.0,1,11.1,9,100.0,5,540.38,0.1,,,
CV_h5s3n33.txt,HLCT,3,5,9,9,900.0,1,11.1,9,100.0,7,796.84,0.2,,,
CV_h5s3n34.txt,HLCT,3,5,9,9,900.0,0,0.0,3,33.3,7,841.31,0.2,,,
CV_h5s3n35.txt,HLCT,3,5,9,9,900.0,0,0.0,5,55.6,6,670.09,0.2,,,
CV_h5s3n36.txt,HLCT,3,5,9,9,900.0,0,0.0,3,33.3,7,814.61,0.2,,,
CV_h5s3n37.txt,HLCT,3,5,9,9,900.0,0,0.0,4,44.4,6,731.35,0.2,,,
CV_h5s3n38.txt,HLCT,3,5,9,9,900.0,0,0.0,3,33.3,8,894.11,0.1,,,
CV_h5s3n39.txt,HLCT,3,5,9,9,900.0,9,100.0,9,100.0,0,0.00,0.0,,,
CV_h5s3n4.txt,HLCT,3,5,9,9,900.0,1,11.1,9,100.0,8,884.92,0.1,,,
CV_h5s3n40.txt,HLCT,3,5,9,9,900.0,1,11.1,5,55.6,8,897.35,0.2,,,
CV_h5s3n5.txt,HLCT,3,5,9,9,900.0,4,44.4,9,100.0,5,538.08,0.1,,,
CV_h5s3n6.txt,HLCT,3,5,9,9,900.0,0,0.0,1,11.1,2,229.47,0.1,,,
CV_h5s3n7.txt,HLCT,3,5,9,9,900.0,0,0.0,7,77.8,7,780.17,0.2,,,
CV_h5s3n8.txt,HLCT,3,5,9,9,900.0,1,11.1,9,100.0,7,725.81,0.1,,,
CV_h5s3n9.txt,HLCT,3,5,9,9,900.0,0,0.0,3,33.3,7,826.78,0.2,,,
CV_h5s4n1.txt,HLCT,4,5,12,12,900.0,2,16.7,6,50.0,5,579.17,0.3,,,
CV_h5s4n10.txt,HLCT,4,5,12,12,900.0,0,0.0,3,25.0,6,703.89,0.3,,,
CV_h5s4n11.txt,HLCT,4,5,12,12,900.0,1,8.3,4,33.3,5,545.03,0.3,,,
CV_h5s4n12.txt,HLCT,4,5,12,12,900.0,1,8.3,8,66.7,7,830.79,0.3,,,
CV_h5s4n13.txt,HLCT,4,5,12,12,900.0,1,8.3,12,100.0,5,574.90,0.2,,,
CV_h5s4n14.txt,HLCT,4,5,12,12,900.0,0,0.0,4,33.3,7,845.17,0.3,,,
CV_h5s4n15.txt,HLCT,4,5,12,12,900.0,0,0.0,8,66.7,6,704.10,0.2,,,
CV_h5s4n16.txt,HLCT,4,5,12,12,900.0,0,0.0,3,25.0,7,788.99,0.3,,,
CV_h5s4n17.txt,HLCT,4,5,12,12,900.0,0,0.0,10,83.3,7,737.34,0.3,,,
CV_h5s4n18.txt,HLCT,4,5,12,12,900.0,0,0.0,5,41.7,7,824.54,0.3,,,
CV_h5s4n19.txt,HLCT,4,5,12,12,900.0,0,0.0,5,41.7,4,407.43,0.2,,,
CV_h5s4n2.txt,HLCT,4,5,12,12,900.0,0,0.0,9,75.0,4,481.67,0.2,,,
CV_h5s4n20.txt,HLCT,4,5,12,12,900.0,0,0.0,7,58.3,7,822.39,0.3,,,
CV_h5s4n21.txt,HLCT,4,5,12,12,900.0,1,8.3,4,33.3,3,340.61,0.3,,,
CV_h5s4n22.txt,HLCT,4,5,12,12,900.0,0,0.0,6,50.0,6,670.77,0.3,,,
CV_h5s4n23.txt,HLCT,4,5,12,12,900.0,3,25.0,12,100.0,7,823.30,0.2,,,
CV_h5s4n24.txt,HLCT,4,5,12,12,900.0,0,0.0,4,33.3,6,663.23,0.3,,,
CV_h5s4n25.txt,HLCT,4,5,12,12,900.0,0,0.0,6,50.0,7,842.58,0.3,,,
CV_h5s4n26.txt,HLCT,4,5,12,12,900.0,1,8.3,10,83.3,7,777.61,0.3,,,
CV_h5s4n27.txt,HLCT,4,5,12,12,900.0,4,33.3,12,100.0,5,550.62,0.2,,,
CV_h5s4n28.txt,HLCT,4,5,12,12,900.0,0,0.0,3,25.0,6,707.75,0.3,,,
CV_h5s4n29.txt,HLCT,4,5,12,12,900.0,0,0.0,4,33.3,6,708.51,0.3,,,
CV_h5s4n3.txt,HLCT,4,5,12,12,900.0,1,8.3,6,50.0,7,826.01,0.2,,,
CV_h5s4n30.txt,HLCT,4,5,12,12,900.0,0,0.0,5,41.7,7,781.02,0.3,,,
CV_h5s4n31.txt,HLCT,4,5,12,12,900.0,0,0.0,8,66.7,7,789.87,0.3,,,
CV_h5s4n32.txt,HLCT,4,5,12,12,900.0,0,0.0,2,16.7,6,660.22,0.4,,,
CV_h5s4n33.txt,HLCT,4,5,12,12,900.0,0,0.0,4,33.3,6,741.40,0.5,,,
CV_h5s4n34.txt,HLCT,4,5,12,12,900.0,0,0.0,6,50.0,6,662.86,0.3,,,
CV_h5s4n35.txt,HLCT,4,5,12,12,900.0,1,8.3,8,66.7,7,808.08,0.4,,,
CV_h5s4n36.txt,HLCT,4,5,12,12,900.0,0,0.0,4,33.3,7,808.07,0.5,,,
CV_h5s4n37.txt,HLCT,4,5,12,12,900.0,3,25.0,7,58.3,6,709.36,0.4,,,
CV_h5s4n38.txt,HLCT,4,5,12,12,900.0,2,16.7,10,83.3,7,792.89,0.5,,,
CV_h5s4n39.txt,HLCT,4,5,12,12,900.0,0,0.0,10,83.3,8,861.70,0.3,,,
CV_h5s4n4.txt,HLCT,4,5,12,12,900.0,0,0.0,9,75.0,6,714.94,0.3,,,
CV_h5s4n40.txt,HLCT,4,5,12,12,900.0,0,0.0,7,58.3,7,796.44,0.3,,,
CV_h5s4n5.txt,HLCT,4,5,12,12,900.0,1,8.3,7,58.3,7,817.20,0.3,,,
CV_h5s4n6.txt,HLCT,4,5,12,12,900.0,0,0.0,4,33.3,6,697.48,0.3,,,
CV_h5s4n7.txt,HLCT,4,5,12,12,900.0,0,0.0,3,25.0,6,734.03,0.3,,,
CV_h5s4n8.txt,HLCT,4,5,12,12,900.0,2,16.7,8,66.7,6,665.99,0.3,,,
CV_h5s4n9.txt,HLCT,4,5,12,12,900.0,0,0.0,12,100.0,7,880.09,0.3,,,
CV_h5s5n1.txt,HLCT,5,5,15,15,900.0,1,6.7,7,46.7,6,660.99,0.4,,,
CV_h5s5n10.txt,HLCT,5,5,15,15,900.0,3,20.0,13,86.7,6,728.91,0.3,,,
CV_h5s5n11.txt,HLCT,5,5,15,15,900.0,0,0.0,4,26.7,7,881.07,0.4,,,
CV_h5s5n12.txt,HLCT,5,5,15,15,900.0,0,0.0,8,53.3,7,871.81,0.4,,,
CV_h5s5n13.txt,HLCT,5,5,15,15,900.0,0,0.0,5,33.3,7,802.84,0.5,,,
CV_h5s5n14.txt,HLCT,5,5,15,15,900.0,0,0.0,13,86.7,7,780.91,0.4,,,
CV_h5s5n15.txt,HLCT,5,5,15,15,900.0,0,0.0,7,46.7,4,483.90,0.4,,,
CV_h5s5n16.txt,HLCT,5,5,15,15,900.0,0,0.0,6,40.0,7,846.77,0.4,,,
CV_h5s5n17.txt,HLCT,5,5,15,15,900.0,0,0.0,11,73.3,6,672.13,0.4,,,
CV_h5s5n18.txt,HLCT,5,5,15,15,900.0,1,6.7,10,66.7,7,815.95,0.4,,,
CV_h5s5n19.txt,HLCT,5,5,15,15,900.0,1,6.7,8,53.3,7,825.91,0.4,,,
CV_h5s5n2.txt,HLCT,5,5,15,15,900.0,0,0.0,5,33.3,6,704.16,0.4,,,
CV_h5s5n20.txt,HLCT,5,5,15,15,900.0,0,0.0,8,53.3,6,674.72,0.4,,,
CV_h5s5n21.txt,HLCT,5,5,15,15,900.0,0,0.0,7,46.7,8,884.57,0.4,,,
CV_h5s5n22.txt,HLCT,5,5,15,15,900.0,1,6.7,5,33.3,7,813.20,0.4,,,
CV_h5s5n23.txt,HLCT,5,5,15,15,900.0,1,6.7,6,40.0,7,810.44,0.4,,,
CV_h5s5n24.txt,HLCT,5,5,15,15,900.0,0,0.0,4,26.7,7,841.79,0.4,,,
CV_h5s5n25.txt,HLCT,5,5,15,15,900.0,2,13.3,11,73.3,6,699.26,0.4,,,
CV_h5s5n26.txt,HLCT,5,5,15,15,900.0,0,0.0,6,40.0,7,868.35,0.4,,,
CV_h5s5n27.txt,HLCT,5,5,15,15,900.0,0,0.0,11,73.3,7,845.17,0.4,,,
CV_h5s5n28.txt,HLCT,5,5,15,15,900.0,0,0.0,9,60.0,7,796.52,0.4,,,
CV_h5s5n29.txt,HLCT,5,5,15,15,900.0,0,0.0,4,26.7,7,818.07,0.4,,,
CV_h5s5n3.txt,HLCT,5,5,15,15,900.0,0,0.0,6,40.0,6,746.17,0.4,,,
CV_h5s5n30.txt,HLCT,5,5,15,15,900.0,0,0.0,10,66.7,6,707.50,0.4,,,
CV_h5s5n31.txt,HLCT,5,5,15,15,900.0,1,6.7,4,26.7,7,804.13,0.4,,,
CV_h5s5n32.txt,HLCT,5,5,15,15,900.0,0,0.0,5,33.3,6,671.95,0.4,,,
CV_h5s5n33.txt,HLCT,5,5,15,15,900.0,1,6.7,10,66.7,7,799.08,0.4,,,
CV_h5s5n34.txt,HLCT,5,5,15,15,900.0,0,0.0,6,40.0,7,827.98,0.4,,,
CV_h5s5n35.txt,HLCT,5,5,15,15,900.0,1,6.7,10,66.7,6,716.79,0.4,,,
CV_h5s5n36.txt,HLCT,5,5,15,15,900.0,1,6.7,9,60.0,7,805.40,0.4,,,
CV_h5s5n37.txt,HLCT,5,5,15,15,900.0,0,0.0,4,26.7,7,878.06,0.4,,,
CV_h5s5n38.txt,HLCT,5,5,15,15,900.0,0,0.0,15,100.0,7,797.68,0.3,,,
CV_h5s5n39.txt,HLCT,5,5,15,15,900.0,0,0.0,8,53.3,7,762.75,0.4,,,
CV_h5s5n4.txt,HLCT,5,5,15,15,900.0,0,0.0,15,100.0,6,723.87,0.4,,,
CV_h5s5n40.txt,HLCT,5,5,15,15,900.0,2,13.3,9,60.0,6,668.02,0.4,,,
CV_h5s5n5.txt,HLCT,5,5,15,15,900.0,0,0.0,5,33.3,7,874.75,0.5,,,
CV_h5s5n6.txt,HLCT,5,5,15,15,900.0,0,0.0,6,40.0,8,885.09,0.4,,,
CV_h5s5n7.txt,HLCT,5,5,15,15,900.0,0,0.0,15,100.0,7,807.93,0.4,,,
CV_h5s5n8.txt,HLCT,5,5,15,15,900.0,0,0.0,4,26.7,7,877.87,0.4,,,
CV_h5s5n9.txt,HLCT,5,5,15,15,900.0,0,0.0,6,40.0,7,870.99,0.4,,,
CV_h5s6n1.txt,HLCT,6,5,18,18,900.0,0,0.0,4,22.2,7,809.27,0.6,,,
CV_h5s6n10.txt,HLCT,6,5,18,18,900.0,1,5.6,12,66.7,7,834.00,0.6,,,
CV_h5s6n11.txt,HLCT,6,5,18,18,900.0,3,16.7,18,100.0,4,476.03,0.3,,,
CV_h5s6n12.txt,HLCT,6,5,18,18,900.0,0,0.0,6,33.3,6,679.35,0.6,,,
CV_h5s6n13.txt,HLCT,6,5,18,18,900.0,0,0.0,10,55.6,7,834.50,0.5,,,
CV_h5s6n14.txt,HLCT,6,5,18,18,900.0,0,0.0,7,38.9,7,841.70,0.6,,,
CV_h5s6n15.txt,HLCT,6,5,18,18,900.0,0,0.0,4,22.2,6,660.98,0.6,,,
CV_h5s6n16.txt,HLCT,6,5,18,18,900.0,0,0.0,4,22.2,6,665.20,0.6,,,
CV_h5s6n17.txt,HLCT,6,5,18,18,900.0,0,0.0,3,16.7,6,636.31,0.9,,,
CV_h5s6n18.txt,HLCT,6,5,18,18,900.0,2,11.1,16,88.9,7,814.20,0.8,,,
CV_h5s6n19.txt,HLCT,6,5,18,18,900.0,0,0.0,5,27.8,7,879.18,0.8,,,
CV_h5s6n2.txt,HLCT,6,5,18,18,900.0,0,0.0,15,83.3,7,820.02,0.9,,,
CV_h5s6n20.txt,HLCT,6,5,18,18,900.0,0,0.0,10,55.6,6,657.46,0.9,,,
CV_h5s6n21.txt,HLCT,6,5,18,18,900.0,1,5.6,6,33.3,6,702.80,1.0,,,
CV_h5s6n22.txt,HLCT,6,5,18,18,900.0,0,0.0,3,16.7,6,645.21,0.9,,,
CV_h5s6n23.txt,HLCT,6,5,18,18,900.0,0,0.0,7,38.9,7,891.43,0.6,,,
CV_h5s6n24.txt,HLCT,6,5,18,18,900.0,0,0.0,6,33.3,7,854.13,0.5,,,
CV_h5s6n25.txt,HLCT,6,5,18,18,900.0,1,5.6,13,72.2,7,890.43,0.5,,,
CV_h5s6n26.txt,HLCT,6,5,18,18,900.0,0,0.0,3,16.7,6,678.90,0.6,,,
CV_h5s6n27.txt,HLCT,6,5,18,18,900.0,1,5.6,5,27.8,6,727.79,0.5,,,
CV_h5s6n28.txt,HLCT,6,5,18,18,900.0,2,11.1,13,72.2,6,667.41,0.5,,,
CV_h5s6n29.txt,HLCT,6,5,18,18,900.0,0,0.0,7,38.9,7,835.79,0.5,,,
CV_h5s6n3.txt,HLCT,6,5,18,18,900.0,0,0.0,6,33.3,7,837.61,0.6,,,
CV_h5s6n30.txt,HLCT,6,5,18,18,900.0,4,22.2,8,44.4,6,752.53,0.5,,,
CV_h5s6n31.txt,HLCT,6,5,18,18,900.0,0,0.0,7,38.9,6,707.37,0.5,,,
CV_h5s6n32.txt,HLCT,6,5,18,18,900.0,0,0.0,7,38.9,7,798.96,0.5,,,
CV_h5s6n33.txt,HLCT,6,5,18,18,900.0,1,5.6,5,27.8,6,695.09,0.5,,,
CV_h5s6n34.txt,HLCT,6,5,18,18,900.0,0,0.0,12,66.7,7,847.40,0.6,,,
CV_h5s6n35.txt,HLCT,6,5,18,18,900.0,1,5.6,18,100.0,7,878.65,0.6,,,
CV_h5s6n36.txt,HLCT,6,5,18,18,900.0,2,11.1,5,27.8,6,678.79,0.6,,,
CV_h5s6n37.txt,HLCT,6,5,18,18,900.0,0,0.0,5,27.8,7,837.93,0.5,,,
CV_h5s6n38.txt,HLCT,6,5,18,18,900.0,0,0.0,9,50.0,7,842.24,0.6,,,
CV_h5s6n39.txt,HLCT,6,5,18,18,900.0,0,0.0,7,38.9,7,840.92,0.6,,,
CV_h5s6n4.txt,HLCT,6,5,18,18,900.0,0,0.0,8,44.4,6,719.23,0.5,,,
CV_h5s6n40.txt,HLCT,6,5,18,18,900.0,1,5.6,7,38.9,7,785.89,0.6,,,
CV_h5s6n5.txt,HLCT,6,5,18,18,900.0,0,0.0,18,100.0,7,850.31,0.5,,,
CV_h5s6n6.txt,HLCT,6,5,18,18,900.0,0,0.0,3,16.7,6,655.27,0.5,,,
CV_h5s6n7.txt,HLCT,6,5,18,18,900.0,0,0.0,7,38.9,6,696.93,0.5,,,
CV_h5s6n8.txt,HLCT,6,5,18,18,900.0,1,5.6,5,27.8,6,689.75,0.5,,,
CV_h5s6n9.txt,HLCT,6,5,18,18,900.0,0,0.0,5,27.8,7,790.53,0.6,,,
CV_h5s7n1.txt,HLCT,7,5,21,21,900.0,0,0.0,17,81.0,6,688.67,0.7,,,
CV_h5s7n10.txt,HLCT,7,5,21,21,900.0,0,0.0,14,66.7,7,832.63,0.8,,,
CV_h5s7n11.txt,HLCT,7,5,21,21,900.0,0,0.0,9,42.9,7,807.19,0.7,,,
CV_h5s7n12.txt,HLCT,7,5,21,21,900.0,1,4.8,11,52.4,6,658.25,0.7,,,
CV_h5s7n13.txt,HLCT,7,5,21,21,900.0,0,0.0,9,42.9,7,893.57,0.7,,,
CV_h5s7n14.txt,HLCT,7,5,21,21,900.0,0,0.0,7,33.3,6,673.16,0.7,,,
CV_h5s7n15.txt,HLCT,7,5,21,21,900.0,0,0.0,14,66.7,7,815.17,0.7,,,
CV_h5s7n16.txt,HLCT,7,5,21,21,900.0,3,14.3,6,28.6,6,708.71,0.7,,,
CV_h5s7n17.txt,HLCT,7,5,21,21,900.0,1,4.8,11,52.4,7,814.90,0.7,,,
CV_h5s7n18.txt,HLCT,7,5,21,21,900.0,5,23.8,9,42.9,6,691.55,0.7,,,
CV_h5s7n19.txt,HLCT,7,5,21,21,900.0,0,0.0,5,23.8,6,668.60,0.7,,,
CV_h5s7n2.txt,HLCT,7,5,21,21,900.0,0,0.0,8,38.1,6,682.73,0.7,,,
CV_h5s7n20.txt,HLCT,7,5,21,21,900.0,0,0.0,15,71.4,7,862.41,0.7,,,
CV_h5s7n21.txt,HLCT,7,5,21,21,900.0,0,0.0,6,28.6,6,685.17,0.8,,,
CV_h5s7n22.txt,HLCT,7,5,21,21,900.0,0,0.0,6,28.6,6,687.23,0.7,,,
CV_h5s7n23.txt,HLCT,7,5,21,21,900.0,0,0.0,10,47.6,7,804.87,0.7,,,
CV_h5s7n24.txt,HLCT,7,5,21,21,900.0,1,4.8,8,38.1,6,689.81,0.7,,,
CV_h5s7n25.txt,HLCT,7,5,21,21,900.0,1,4.8,9,42.9,7,793.18,0.7,,,
CV_h5s7n26.txt,HLCT,7,5,21,21,900.0,0,0.0,6,28.6,6,739.58,0.8,,,
CV_h5s7n27.txt,HLCT,7,5,21,21,900.0,0,0.0,5,23.8,6,652.40,0.7,,,
CV_h5s7n28.txt,HLCT,7,5,21,21,900.0,2,9.5,10,47.6,7,839.43,0.7,,,
CV_h5s7n29.txt,HLCT,7,5,21,21,900.0,1,4.8,5,23.8,6,722.18,0.7,,,
CV_h5s7n3.txt,HLCT,7,5,21,21,900.0,3,14.3,8,38.1,7,775.14,0.7,,,
CV_h5s7n30.txt,HLCT,7,5,21,21,900.0,2,9.5,7,33.3,6,710.08,0.7,,,
CV_h5s7n31.txt,HLCT,7,5,21,21,900.0,0,0.0,5,23.8,6,689.42,0.7,,,
CV_h5s7n32.txt,HLCT,7,5,21,21,900.0,1,4.8,6,28.6,6,741.87,0.7,,,
CV_h5s7n33.txt,HLCT,7,5,21,21,900.0,0,0.0,5,23.8,7,769.91,0.7,,,
CV_h5s7n34.txt,HLCT,7,5,21,21,900.0,0,0.0,7,33.3,7,846.99,0.7,,,
CV_h5s7n35.txt,HLCT,7,5,21,21,900.0,0,0.0,5,23.8,6,705.74,0.7,,,
CV_h5s7n36.txt,HLCT,7,5,21,21,900.0,0,0.0,8,38.1,7,875.13,0.7,,,
CV_h5s7n37.txt,HLCT,7,5,21,21,900.0,0,0.0,15,71.4,6,716.06,0.8,,,
CV_h5s7n38.txt,HLCT,7,5,21,21,900.0,1,4.8,4,19.0,6,676.54,0.6,,,
CV_h5s7n39.txt,HLCT,7,5,21,21,900.0,0,0.0,13,61.9,7,829.26,0.8,,,
CV_h5s7n4.txt,HLCT,7,5,21,21,900.0,0,0.0,11,52.4,7,810.99,0.7,,,
CV_h5s7n40.txt,HLCT,7,5,21,21,900.0,0,0.0,8,38.1,6,691.03,0.8,,,
CV_h5s7n5.txt,HLCT,7,5,21,21,900.0,0,0.0,4,19.0,6,670.54,0.8,,,
CV_h5s7n6.txt,HLCT,7,5,21,21,900.0,1,4.8,8,38.1,7,842.31,0.7,,,
CV_h5s7n7.txt,HLCT,7,5,21,21,900.0,0,0.0,4,19.0,6,671.21,0.8,,,
CV_h5s7n8.txt,HLCT,7,5,21,21,900.0,0,0.0,10,47.6,6,699.80,0.7,,,
CV_h5s7n9.txt,HLCT,7,5,21,21,900.0,0,0.0,5,23.8,7,799.40,0.8,,,
CV_h5s8n1.txt,HLCT,8,5,24,24,900.0,0,0.0,8,33.3,7,830.39,0.8,,,
CV_h5s8n10.txt,HLCT,8,5,24,24,900.0,0,0.0,7,29.2,7,819.58,1.8,,,
CV_h5s8n11.txt,HLCT,8,5,24,24,900.0,1,4.2,9,37.5,6,685.87,0.9,,,
CV_h5s8n12.txt,HLCT,8,5,24,24,900.0,0,0.0,7,29.2,6,648.48,1.4,,,
CV_h5s8n13.txt,HLCT,8,5,24,24,900.0,0,0.0,10,41.7,7,889.91,1.7,,,
CV_h5s8n14.txt,HLCT,8,5,24,24,900.0,0,0.0,6,25.0,7,767.99,1.6,,,
CV_h5s8n15.txt,HLCT,8,5,24,24,900.0,0,0.0,10,41.7,7,834.15,1.5,,,
CV_h5s8n16.txt,HLCT,8,5,24,24,900.0,1,4.2,13,54.2,7,820.46,1.6,,,
CV_h5s8n17.txt,HLCT,8,5,24,24,900.0,1,4.2,14,58.3,6,746.69,0.9,,,
CV_h5s8n18.txt,HLCT,8,5,24,24,900.0,0,0.0,9,37.5,7,822.10,0.9,,,
CV_h5s8n19.txt,HLCT,8,5,24,24,900.0,0,0.0,9,37.5,6,672.23,0.9,,,
CV_h5s8n2.txt,HLCT,8,5,24,24,900.0,0,0.0,8,33.3,6,675.02,0.9,,,
CV_h5s8n20.txt,HLCT,8,5,24,24,900.0,0,0.0,7,29.2,7,886.00,0.8,,,
CV_h5s8n21.txt,HLCT,8,5,24,24,900.0,0,0.0,10,41.7,6,711.83,1.0,,,
CV_h5s8n22.txt,HLCT,8,5,24,24,900.0,0,0.0,8,33.3,7,826.78,0.9,,,
CV_h5s8n23.txt,HLCT,8,5,24,24,900.0,0,0.0,9,37.5,6,702.07,0.9,,,
CV_h5s8n24.txt,HLCT,8,5,24,24,900.0,0,0.0,16,66.7,7,817.75,1.0,,,
CV_h5s8n25.txt,HLCT,8,5,24,24,900.0,1,4.2,11,45.8,7,884.50,0.9,,,
CV_h5s8n26.txt,HLCT,8,5,24,24,900.0,0,0.0,4,16.7,6,685.86,0.9,,,
CV_h5s8n27.txt,HLCT,8,5,24,24,900.0,0,0.0,9,37.5,7,845.44,0.9,,,
CV_h5s8n28.txt,HLCT,8,5,24,24,900.0,0,0.0,10,41.7,6,650.17,1.0,,,
CV_h5s8n29.txt,HLCT,8,5,24,24,900.0,0,0.0,6,25.0,7,806.78,0.9,,,
CV_h5s8n3.txt,HLCT,8,5,24,24,900.0,0,0.0,10,41.7,7,783.24,0.9,,,
CV_h5s8n30.txt,HLCT,8,5,24,24,900.0,0,0.0,8,33.3,7,839.95,0.9,,,
CV_h5s8n31.txt,HLCT,8,5,24,24,900.0,0,0.0,4,16.7,6,690.46,0.8,,,
CV_h5s8n32.txt,HLCT,8,5,24,24,900.0,0,0.0,4,16.7,6,668.53,0.8,,,
CV_h5s8n33.txt,HLCT,8,5,24,24,900.0,0,0.0,6,25.0,6,668.61,0.9,,,
CV_h5s8n34.txt,HLCT,8,5,24,24,900.0,0,0.0,4,16.7,6,705.86,0.8,,,
CV_h5s8n35.txt,HLCT,8,5,24,24,900.0,0,0.0,7,29.2,7,802.04,0.9,,,
CV_h5s8n36.txt,HLCT,8,5,24,24,900.0,0,0.0,5,20.8,6,698.07,0.9,,,
CV_h5s8n37.txt,HLCT,8,5,24,24,900.0,0,0.0,13,54.2,7,753.35,1.0,,,
CV_h5s8n38.txt,HLCT,8,5,24,24,900.0,0,0.0,7,29.2,6,650.51,0.9,,,
CV_h5s8n39.txt,HLCT,8,5,24,24,900.0,0,0.0,6,25.0,6,702.78,0.8,,,
CV_h5s8n4.txt,HLCT,8,5,24,24,900.0,1,4.2,8,33.3,7,835.03,0.9,,,
CV_h5s8n40.txt,HLCT,8,5,24,24,900.0,1,4.2,8,33.3,7,844.60,0.9,,,
CV_h5s8n5.txt,HLCT,8,5,24,24,900.0,0,0.0,8,33.3,7,873.16,0.9,,,
CV_h5s8n6.txt,HLCT,8,5,24,24,900.0,0,0.0,7,29.2,7,804.77,0.9,,,
CV_h5s8n7.txt,HLCT,8,5,24,24,900.0,0,0.0,6,25.0,7,829.18,1.0,,,
CV_h5s8n8.txt,HLCT,8,5,24,24,900.0,2,8.3,8,33.3,6,733.62,0.9,,,
CV_h5s8n9.txt,HLCT,8,5,24,24,900.0,0,0.0,7,29.2,7,821.78,0.9,,,
CV_h6s4n1.txt,HLCT,4,6,16,16,900.0,0,0.0,4,25.0,6,683.62,0.4,,,
CV_h6s4n10.txt,HLCT,4,6,16,16,900.0,0,0.0,5,31.2,5,596.78,0.4,,,
CV_h6s4n11.txt,HLCT,4,6,16,16,900.0,0,0.0,3,18.8,6,717.03,0.3,,,
CV_h6s4n12.txt,HLCT,4,6,16,16,900.0,3,18.8,5,31.2,7,784.95,0.4,,,
CV_h6s4n13.txt,HLCT,4,6,16,16,900.0,0,0.0,4,25.0,6,687.82,0.4,,,
CV_h6s4n14.txt,HLCT,4,6,16,16,900.0,0,0.0,2,12.5,6,669.51,0.4,,,
CV_h6s4n15.txt,HLCT,4,6,16,16,900.0,1,6.2,5,31.2,7,822.51,0.4,,,
CV_h6s4n16.txt,HLCT,4,6,16,16,900.0,0,0.0,2,12.5,4,456.74,0.4,,,
CV_h6s4n17.txt,HLCT,4,6,16,16,900.0,0,0.0,3,18.8,4,452.73,0.4,,,
CV_h6s4n18.txt,HLCT,4,6,16,16,900.0,0,0.0,1,6.2,4,455.36,0.4,,,
CV_h6s4n19.txt,HLCT,4,6,16,16,900.0,0,0.0,3,18.8,6,690.36,0.4,,,
CV_h6s4n2.txt,HLCT,4,6,16,16,900.0,0,0.0,6,37.5,7,786.08,0.4,,,
CV_h6s4n20.txt,HLCT,4,6,16,16,900.0,0,0.0,6,37.5,6,660.69,0.4,,,
CV_h6s4n21.txt,HLCT,4,6,16,16,900.0,0,0.0,2,12.5,6,718.33,0.4,,,
CV_h6s4n22.txt,HLCT,4,6,16,16,900.0,0,0.0,4,25.0,7,861.88,0.4,,,
CV_h6s4n23.txt,HLCT,4,6,16,16,900.0,0,0.0,6,37.5,6,719.41,0.4,,,
CV_h6s4n24.txt,HLCT,4,6,16,16,900.0,0,0.0,4,25.0,5,609.58,0.4,,,
CV_h6s4n25.txt,HLCT,4,6,16,16,900.0,1,6.2,4,25.0,3,345.79,0.4,,,
CV_h6s4n26.txt,HLCT,4,6,16,16,900.0,0,0.0,5,31.2,6,741.70,0.4,,,
CV_h6s4n27.txt,HLCT,4,6,16,16,900.0,0,0.0,4,25.0,4,448.06,0.4,,,
CV_h6s4n28.txt,HLCT,4,6,16,16,900.0,0,0.0,3,18.8,6,685.04,0.4,,,
CV_h6s4n29.txt,HLCT,4,6,16,16,900.0,0,0.0,6,37.5,6,708.50,0.4,,,
CV_h6s4n3.txt,HLCT,4,6,16,16,900.0,2,12.5,4,25.0,7,833.53,0.4,,,
CV_h6s4n30.txt,HLCT,4,6,16,16,900.0,0,0.0,4,25.0,7,849.13,0.4,,,
CV_h6s4n31.txt,HLCT,4,6,16,16,900.0,1,6.2,4,25.0,6,741.47,0.4,,,
CV_h6s4n32.txt,HLCT,4,6,16,16,900.0,2,12.5,4,25.0,6,681.47,0.4,,,
CV_h6s4n33.txt,HLCT,4,6,16,16,900.0,0,0.0,4,25.0,7,868.99,0.4,,,
CV_h6s4n34.txt,HLCT,4,6,16,16,900.0,1,6.2,3,18.8,4,465.67,0.4,,,
CV_h6s4n35.txt,HLCT,4,6,16,16,900.0,0,0.0,1,6.2,4,454.06,0.4,,,
CV_h6s4n36.txt,HLCT,4,6,16,16,900.0,0,0.0,3,18.8,6,663.12,0.4,,,
CV_h6s4n37.txt,HLCT,4,6,16,16,900.0,1,6.2,7,43.8,7,846.59,0.4,,,
CV_h6s4n38.txt,HLCT,4,6,16,16,900.0,0,0.0,3,18.8,6,701.38,0.7,,,
CV_h6s4n39.txt,HLCT,4,6,16,16,900.0,1,6.2,3,18.8,7,814.16,0.7,,,
CV_h6s4n4.txt,HLCT,4,6,16,16,900.0,1,6.2,5,31.2,7,841.16,0.6,,,
CV_h6s4n40.txt,HLCT,4,6,16,16,900.0,0,0.0,2,12.5,6,695.18,0.6,,,
CV_h6s4n5.txt,HLCT,4,6,16,16,900.0,0,0.0,2,12.5,6,664.45,0.4,,,
CV_h6s4n6.txt,HLCT,4,6,16,16,900.0,1,6.2,11,68.8,7,831.30,0.5,,,
CV_h6s4n7.txt,HLCT,4,6,16,16,900.0,0,0.0,3,18.8,6,694.20,0.7,,,
CV_h6s4n8.txt,HLCT,4,6,16,16,900.0,1,6.2,3,18.8,5,606.00,0.4,,,
CV_h6s4n9.txt,HLCT,4,6,16,16,900.0,0,0.0,16,100.0,7,868.75,0.4,,,
CV_h6s5n1.txt,HLCT,5,6,20,20,900.0,0,0.0,4,20.0,7,824.26,0.6,,,
CV_h6s5n10.txt,HLCT,5,6,20,20,900.0,0,0.0,6,30.0,7,899.36,0.6,,,
CV_h6s5n11.txt,HLCT,5,6,20,20,900.0,1,5.0,10,50.0,6,738.63,0.6,,,
CV_h6s5n12.txt,HLCT,5,6,20,20,900.0,0,0.0,5,25.0,6,700.80,0.7,,,
CV_h6s5n13.txt,HLCT,5,6,20,20,900.0,1,5.0,9,45.0,7,874.01,0.5,,,
CV_h6s5n14.txt,HLCT,5,6,20,20,900.0,0,0.0,4,20.0,6,672.42,0.6,,,
CV_h6s5n15.txt,HLCT,5,6,20,20,900.0,0,0.0,5,25.0,6,733.65,0.6,,,
CV_h6s5n16.txt,HLCT,5,6,20,20,900.0,0,0.0,4,20.0,7,885.78,0.5,,,
CV_h6s5n17.txt,HLCT,5,6,20,20,900.0,1,5.0,3,15.0,7,822.55,0.5,,,
CV_h6s5n18.txt,HLCT,5,6,20,20,900.0,0,0.0,4,20.0,6,718.81,0.5,,,
CV_h6s5n19.txt,HLCT,5,6,20,20,900.0,0,0.0,5,25.0,7,854.93,0.6,,,
CV_h6s5n2.txt,HLCT,5,6,20,20,900.0,0,0.0,4,20.0,5,598.36,0.6,,,
CV_h6s5n20.txt,HLCT,5,6,20,20,900.0,0,0.0,7,35.0,7,885.06,0.5,,,
CV_h6s5n21.txt,HLCT,5,6,20,20,900.0,0,0.0,4,20.0,7,848.15,0.6,,,
CV_h6s5n22.txt,HLCT,5,6,20,20,900.0,0,0.0,5,25.0,6,740.00,0.7,,,
CV_h6s5n23.txt,HLCT,5,6,20,20,900.0,0,0.0,6,30.0,7,870.16,0.6,,,
CV_h6s5n24.txt,HLCT,5,6,20,20,900.0,1,5.0,3,15.0,7,872.88,0.6,,,
CV_h6s5n25.txt,HLCT,5,6,20,20,900.0,0,0.0,4,20.0,6,609.66,0.6,,,
CV_h6s5n26.txt,HLCT,5,6,20,20,900.0,0,0.0,3,15.0,6,706.29,0.6,,,
CV_h6s5n27.txt,HLCT,5,6,20,20,900.0,0,0.0,8,40.0,6,733.54,0.6,,,
CV_h6s5n28.txt,HLCT,5,6,20,20,900.0,0,0.0,7,35.0,7,821.41,0.6,,,
CV_h6s5n29.txt,HLCT,5,6,20,20,900.0,0,0.0,4,20.0,6,679.71,0.6,,,
CV_h6s5n3.txt,HLCT,5,6,20,20,900.0,1,5.0,5,25.0,7,818.18,0.6,,,
CV_h6s5n30.txt,HLCT,5,6,20,20,900.0,0,0.0,3,15.0,6,725.66,0.6,,,
CV_h6s5n31.txt,HLCT,5,6,20,20,900.0,0,0.0,2,10.0,6,709.34,0.5,,,
CV_h6s5n32.txt,HLCT,5,6,20,20,900.0,3,15.0,8,40.0,7,816.88,0.6,,,
CV_h6s5n33.txt,HLCT,5,6,20,20,900.0,1,5.0,5,25.0,5,625.74,0.6,,,
CV_h6s5n34.txt,HLCT,5,6,20,20,900.0,0,0.0,3,15.0,5,600.55,0.6,,,
CV_h6s5n35.txt,HLCT,5,6,20,20,900.0,0,0.0,4,20.0,7,812.25,0.6,,,
CV_h6s5n36.txt,HLCT,5,6,20,20,900.0,0,0.0,5,25.0,6,709.23,0.6,,,
CV_h6s5n37.txt,HLCT,5,6,20,20,900.0,0,0.0,2,10.0,6,686.00,0.5,,,
CV_h6s5n38.txt,HLCT,5,6,20,20,900.0,1,5.0,4,20.0,6,734.44,0.8,,,
CV_h6s5n39.txt,HLCT,5,6,20,20,900.0,0,0.0,6,30.0,6,667.28,0.6,,,
CV_h6s5n4.txt,HLCT,5,6,20,20,900.0,0,0.0,9,45.0,6,656.42,0.5,,,
CV_h6s5n40.txt,HLCT,5,6,20,20,900.0,1,5.0,4,20.0,7,782.06,0.6,,,
CV_h6s5n5.txt,HLCT,5,6,20,20,900.0,0,0.0,2,10.0,6,683.90,0.6,,,
CV_h6s5n6.txt,HLCT,5,6,20,20,900.0,0,0.0,4,20.0,7,877.51,0.6,,,
CV_h6s5n7.txt,HLCT,5,6,20,20,900.0,0,0.0,6,30.0,7,872.97,0.6,,,
CV_h6s5n8.txt,HLCT,5,6,20,20,900.0,0,0.0,5,25.0,7,845.86,0.6,,,
CV_h6s5n9.txt,HLCT,5,6,20,20,900.0,1,5.0,6,30.0,7,879.08,0.5,,,
CV_h6s6n1.txt,HLCT,6,6,24,24,900.0,0,0.0,8,33.3,7,791.99,0.8,,,
CV_h6s6n10.txt,HLCT,6,6,24,24,900.0,0,0.0,6,25.0,7,871.94,0.8,,,
CV_h6s6n11.txt,HLCT,6,6,24,24,900.0,0,0.0,2,8.3,6,734.58,0.7,,,
CV_h6s6n12.txt,HLCT,6,6,24,24,900.0,2,8.3,5,20.8,6,693.18,0.8,,,
CV_h6s6n13.txt,HLCT,6,6,24,24,900.0,0,0.0,6,25.0,7,857.05,0.8,,,
CV_h6s6n14.txt,HLCT,6,6,24,24,900.0,0,0.0,9,37.5,7,820.10,0.8,,,
CV_h6s6n15.txt,HLCT,6,6,24,24,900.0,1,4.2,7,29.2,7,830.70,0.9,,,
CV_h6s6n16.txt,HLCT,6,6,24,24,900.0,2,8.3,6,25.0,5,586.41,0.8,,,
CV_h6s6n17.txt,HLCT,6,6,24,24,900.0,0,0.0,4,16.7,7,890.36,0.8,,,
CV_h6s6n18.txt,HLCT,6,6,24,24,900.0,0,0.0,4,16.7,6,723.97,0.8,,,
CV_h6s6n19.txt,HLCT,6,6,24,24,900.0,0,0.0,3,12.5,6,677.49,0.8,,,
CV_h6s6n2.txt,HLCT,6,6,24,24,900.0,1,4.2,6,25.0,6,688.64,1.3,,,
CV_h6s6n20.txt,HLCT,6,6,24,24,900.0,0,0.0,10,41.7,7,859.50,1.3,,,
CV_h6s6n21.txt,HLCT,6,6,24,24,900.0,0,0.0,7,29.2,5,588.95,1.3,,,
CV_h6s6n22.txt,HLCT,6,6,24,24,900.0,0,0.0,9,37.5,7,817.03,1.4,,,
CV_h6s6n23.txt,HLCT,6,6,24,24,900.0,0,0.0,5,20.8,6,678.53,1.3,,,
CV_h6s6n24.txt,HLCT,6,6,24,24,900.0,0,0.0,6,25.0,7,822.63,1.4,,,
CV_h6s6n25.txt,HLCT,6,6,24,24,900.0,1,4.2,4,16.7,6,748.54,1.3,,,
CV_h6s6n26.txt,HLCT,6,6,24,24,900.0,0,0.0,5,20.8,6,733.04,0.7,,,
CV_h6s6n27.txt,HLCT,6,6,24,24,900.0,1,4.2,5,20.8,7,795.13,0.8,,,
CV_h6s6n28.txt,HLCT,6,6,24,24,900.0,1,4.2,6,25.0,7,894.83,0.8,,,
CV_h6s6n29.txt,HLCT,6,6,24,24,900.0,0,0.0,4,16.7,7,839.11,0.8,,,
CV_h6s6n3.txt,HLCT,6,6,24,24,900.0,3,12.5,8,33.3,6,685.88,0.9,,,
CV_h6s6n30.txt,HLCT,6,6,24,24,900.0,0,0.0,9,37.5,7,878.65,0.8,,,
CV_h6s6n31.txt,HLCT,6,6,24,24,900.0,1,4.2,7,29.2,7,823.08,0.8,,,
CV_h6s6n32.txt,HLCT,6,6,24,24,900.0,0,0.0,6,25.0,7,848.05,0.8,,,
CV_h6s6n33.txt,HLCT,6,6,24,24,900.0,0,0.0,6,25.0,7,882.49,0.8,,,
CV_h6s6n34.txt,HLCT,6,6,24,24,900.0,0,0.0,4,16.7,7,825.53,0.8,,,
CV_h6s6n35.txt,HLCT,6,6,24,24,900.0,0,0.0,4,16.7,7,829.66,0.8,,,
CV_h6s6n36.txt,HLCT,6,6,24,24,900.0,0,0.0,4,16.7,7,876.67,0.8,,,
CV_h6s6n37.txt,HLCT,6,6,24,24,900.0,0,0.0,4,16.7,6,726.39,0.8,,,
CV_h6s6n38.txt,HLCT,6,6,24,24,900.0,0,0.0,6,25.0,7,790.60,0.7,,,
CV_h6s6n39.txt,HLCT,6,6,24,24,900.0,0,0.0,2,8.3,6,689.79,0.7,,,
CV_h6s6n4.txt,HLCT,6,6,24,24,900.0,2,8.3,4,16.7,7,841.36,0.8,,,
CV_h6s6n40.txt,HLCT,6,6,24,24,900.0,0,0.0,4,16.7,7,875.10,0.8,,,
CV_h6s6n5.txt,HLCT,6,6,24,24,900.0,0,0.0,2,8.3,6,734.78,0.7,,,
CV_h6s6n6.txt,HLCT,6,6,24,24,900.0,0,0.0,5,20.8,7,869.77,0.8,,,
CV_h6s6n7.txt,HLCT,6,6,24,24,900.0,0,0.0,5,20.8,7,840.06,0.7,,,
CV_h6s6n8.txt,HLCT,6,6,24,24,900.0,0,0.0,9,37.5,6,714.03,0.8,,,
CV_h6s6n9.txt,HLCT,6,6,24,24,900.0,1,4.2,3,12.5,6,689.50,0.8,,,
CV_h6s7n1.txt,HLCT,7,6,28,28,900.0,1,3.6,6,21.4,7,777.09,1.0,,,
CV_h6s7n10.txt,HLCT,7,6,28,28,900.0,2,7.1,7,25.0,6,706.93,1.1,,,
CV_h6s7n11.txt,HLCT,7,6,28,28,900.0,0,0.0,4,14.3,6,687.15,1.0,,,
CV_h6s7n12.txt,HLCT,7,6,28,28,900.0,2,7.1,8,28.6,7,824.20,1.1,,,
CV_h6s7n13.txt,HLCT,7,6,28,28,900.0,0,0.0,5,17.9,6,672.07,1.2,,,
CV_h6s7n14.txt,HLCT,7,6,28,28,900.0,0,0.0,5,17.9,7,824.75,1.1,,,
CV_h6s7n15.txt,HLCT,7,6,28,28,900.0,0,0.0,6,21.4,7,823.02,1.0,,,
CV_h6s7n16.txt,HLCT,7,6,28,28,900.0,1,3.6,4,14.3,6,684.85,0.9,,,
CV_h6s7n17.txt,HLCT,7,6,28,28,900.0,2,7.1,10,35.7,6,746.66,1.1,,,
CV_h6s7n18.txt,HLCT,7,6,28,28,900.0,1,3.6,4,14.3,6,702.67,1.0,,,
CV_h6s7n19.txt,HLCT,7,6,28,28,900.0,0,0.0,7,25.0,6,688.83,1.1,,,
CV_h6s7n2.txt,HLCT,7,6,28,28,900.0,0,0.0,3,10.7,7,831.55,0.9,,,
CV_h6s7n20.txt,HLCT,7,6,28,28,900.0,1,3.6,4,14.3,6,702.22,1.0,,,
CV_h6s7n21.txt,HLCT,7,6,28,28,900.0,0,0.0,2,7.1,7,828.07,0.9,,,
CV_h6s7n22.txt,HLCT,7,6,28,28,900.0,0,0.0,7,25.0,7,869.03,1.1,,,
CV_h6s7n23.txt,HLCT,7,6,28,28,900.0,0,0.0,10,35.7,7,844.14,1.1,,,
CV_h6s7n24.txt,HLCT,7,6,28,28,900.0,0,0.0,6,21.4,7,850.82,1.1,,,
CV_h6s7n25.txt,HLCT,7,6,28,28,900.0,0,0.0,3,10.7,6,720.36,1.0,,,
CV_h6s7n26.txt,HLCT,7,6,28,28,900.0,0,0.0,8,28.6,7,881.79,1.1,,,
CV_h6s7n27.txt,HLCT,7,6,28,28,900.0,0,0.0,4,14.3,6,699.70,1.0,,,
CV_h6s7n28.txt,HLCT,7,6,28,28,900.0,0,0.0,3,10.7,7,829.83,0.9,,,
CV_h6s7n29.txt,HLCT,7,6,28,28,900.0,1,3.6,5,17.9,7,866.96,1.0,,,
CV_h6s7n3.txt,HLCT,7,6,28,28,900.0,1,3.6,6,21.4,7,837.10,1.0,,,
CV_h6s7n30.txt,HLCT,7,6,28,28,900.0,1,3.6,6,21.4,6,686.30,1.0,,,
CV_h6s7n31.txt,HLCT,7,6,28,28,900.0,0,0.0,4,14.3,7,823.73,1.0,,,
CV_h6s7n32.txt,HLCT,7,6,28,28,900.0,0,0.0,5,17.9,7,848.60,1.0,,,
CV_h6s7n33.txt,HLCT,7,6,28,28,900.0,0,0.0,6,21.4,6,713.79,1.1,,,
CV_h6s7n34.txt,HLCT,7,6,28,28,900.0,0,0.0,4,14.3,6,683.56,1.0,,,
CV_h6s7n35.txt,HLCT,7,6,28,28,900.0,0,0.0,2,7.1,7,826.00,1.1,,,
CV_h6s7n36.txt,HLCT,7,6,28,28,900.0,0,0.0,3,10.7,6,708.78,1.0,,,
CV_h6s7n37.txt,HLCT,7,6,28,28,900.0,0,0.0,5,17.9,6,733.94,1.1,,,
CV_h6s7n38.txt,HLCT,7,6,28,28,900.0,0,0.0,6,21.4,7,853.08,1.0,,,
CV_h6s7n39.txt,HLCT,7,6,28,28,900.0,1,3.6,7,25.0,6,778.24,1.0,,,
CV_h6s7n4.txt,HLCT,7,6,28,28,900.0,0,0.0,3,10.7,7,810.53,1.0,,,
CV_h6s7n40.txt,HLCT,7,6,28,28,900.0,0,0.0,4,14.3,6,693.62,1.0,,,
CV_h6s7n5.txt,HLCT,7,6,28,28,900.0,0,0.0,5,17.9,6,656.32,1.1,,,
CV_h6s7n6.txt,HLCT,7,6,28,28,900.0,2,7.1,4,14.3,6,731.12,1.0,,,
CV_h6s7n7.txt,HLCT,7,6,28,28,900.0,1,3.6,6,21.4,6,681.31,1.2,,,
CV_h6s7n8.txt,HLCT,7,6,28,28,900.0,0,0.0,5,17.9,6,681.58,1.0,,,
CV_h6s7n9.txt,HLCT,7,6,28,28,900.0,0,0.0,3,10.7,6,686.81,0.9,,,
CV_h7s10n1.txt,HLCT,10,7,50,50,900.0,0,0.0,2,4.0,6,785.91,2.5,,,
CV_h7s10n10.txt,HLCT,10,7,50,50,900.0,0,0.0,3,6.0,7,869.04,2.7,,,
CV_h7s10n11.txt,HLCT,10,7,50,50,900.0,0,0.0,4,8.0,7,835.58,3.0,,,
CV_h7s10n12.txt,HLCT,10,7,50,50,900.0,0,0.0,2,4.0,6,767.85,2.5,,,
CV_h7s10n13.txt,HLCT,10,7,50,50,900.0,0,0.0,7,14.0,7,836.84,4.9,,,
CV_h7s10n14.txt,HLCT,10,7,50,50,900.0,0,0.0,4,8.0,6,775.55,4.7,,,
CV_h7s10n15.txt,HLCT,10,7,50,50,900.0,0,0.0,4,8.0,7,863.77,4.8,,,
CV_h7s10n16.txt,HLCT,10,7,50,50,900.0,1,2.0,6,12.0,7,893.02,4.9,,,
CV_h7s10n17.txt,HLCT,10,7,50,50,900.0,0,0.0,4,8.0,7,771.52,3.4,,,
CV_h7s10n18.txt,HLCT,10,7,50,50,900.0,0,0.0,6,12.0,7,855.62,4.8,,,
CV_h7s10n19.txt,HLCT,10,7,50,50,900.0,1,2.0,3,6.0,6,770.38,5.1,,,
CV_h7s10n2.txt,HLCT,10,7,50,50,900.0,0,0.0,1,2.0,6,781.73,2.6,,,
CV_h7s10n20.txt,HLCT,10,7,50,50,900.0,0,0.0,5,10.0,6,794.85,2.9,,,
CV_h7s10n21.txt,HLCT,10,7,50,50,900.0,0,0.0,4,8.0,6,761.15,2.7,,,
CV_h7s10n22.txt,HLCT,10,7,50,50,900.0,0,0.0,3,6.0,7,878.94,2.8,,,
CV_h7s10n23.txt,HLCT,10,7,50,50,900.0,0,0.0,1,2.0,6,775.49,2.5,,,
CV_h7s10n24.txt,HLCT,10,7,50,50,900.0,0,0.0,1,2.0,6,767.90,2.4,,,
CV_h7s10n25.txt,HLCT,10,7,50,50,900.0,2,4.0,3,6.0,6,766.99,3.0,,,
CV_h7s10n26.txt,HLCT,10,7,50,50,900.0,0,0.0,5,10.0,7,857.58,2.4,,,
CV_h7s10n27.txt,HLCT,10,7,50,50,900.0,0,0.0,2,4.0,7,795.88,3.0,,,
CV_h7s10n28.txt,HLCT,10,7,50,50,900.0,0,0.0,2,4.0,7,888.21,2.5,,,
CV_h7s10n29.txt,HLCT,10,7,50,50,900.0,0,0.0,3,6.0,7,793.37,3.1,,,
CV_h7s10n3.txt,HLCT,10,7,50,50,900.0,0,0.0,3,6.0,6,824.82,2.7,,,
CV_h7s10n30.txt,HLCT,10,7,50,50,900.0,0,0.0,4,8.0,7,840.03,2.8,,,
CV_h7s10n31.txt,HLCT,10,7,50,50,900.0,1,2.0,4,8.0,7,807.06,2.8,,,
CV_h7s10n32.txt,HLCT,10,7,50,50,900.0,0,0.0,6,12.0,7,810.85,3.3,,,
CV_h7s10n33.txt,HLCT,10,7,50,50,900.0,0,0.0,2,4.0,6,795.05,2.5,,,
CV_h7s10n34.txt,HLCT,10,7,50,50,900.0,0,0.0,9,18.0,7,836.98,3.1,,,
CV_h7s10n35.txt,HLCT,10,7,50,50,900.0,0,0.0,4,8.0,7,858.39,2.6,,,
CV_h7s10n36.txt,HLCT,10,7,50,50,900.0,0,0.0,5,10.0,7,837.00,2.7,,,
CV_h7s10n37.txt,HLCT,10,7,50,50,900.0,0,0.0,6,12.0,7,859.31,2.7,,,
CV_h7s10n38.txt,HLCT,10,7,50,50,900.0,0,0.0,4,8.0,6,778.23,3.0,,,
CV_h7s10n39.txt,HLCT,10,7,50,50,900.0,0,0.0,3,6.0,7,857.89,2.7,,,
CV_h7s10n4.txt,HLCT,10,7,50,50,900.0,0,0.0,4,8.0,7,826.95,2.8,,,
CV_h7s10n40.txt,HLCT,10,7,50,50,900.0,0,0.0,3,6.0,7,831.62,2.5,,,
CV_h7s10n5.txt,HLCT,10,7,50,50,900.0,0,0.0,4,8.0,7,862.17,2.7,,,
CV_h7s10n6.txt,HLCT,10,7,50,50,900.0,0,0.0,3,6.0,7,886.42,2.6,,,
CV_h7s10n7.txt,HLCT,10,7,50,50,900.0,0,0.0,1,2.0,6,751.17,2.7,,,
CV_h7s10n8.txt,HLCT,10,7,50,50,900.0,0,0.0,3,6.0,7,873.35,2.7,,,
CV_h7s10n9.txt,HLCT,10,7,50,50,900.0,0,0.0,6,12.0,7,799.59,2.9,,,
CV_h7s4n1.txt,HLCT,4,7,20,20,900.0,0,0.0,3,15.0,7,832.64,0.5,,,
CV_h7s4n10.txt,HLCT,4,7,20,20,900.0,0,0.0,3,15.0,5,606.84,0.5,,,
CV_h7s4n11.txt,HLCT,4,7,20,20,900.0,0,0.0,3,15.0,6,710.82,0.5,,,
CV_h7s4n12.txt,HLCT,4,7,20,20,900.0,0,0.0,1,5.0,4,456.69,0.5,,,
CV_h7s4n13.txt,HLCT,4,7,20,20,900.0,0,0.0,1,5.0,4,454.06,0.5,,,
CV_h7s4n14.txt,HLCT,4,7,20,20,900.0,0,0.0,3,15.0,4,492.38,0.5,,,
CV_h7s4n15.txt,HLCT,4,7,20,20,900.0,0,0.0,7,35.0,5,613.43,0.6,,,
CV_h7s4n16.txt,HLCT,4,7,20,20,900.0,0,0.0,2,10.0,5,599.86,0.5,,,
CV_h7s4n17.txt,HLCT,4,7,20,20,900.0,0,0.0,1,5.0,4,461.57,0.5,,,
CV_h7s4n18.txt,HLCT,4,7,20,20,900.0,1,5.0,7,35.0,7,829.82,0.5,,,
CV_h7s4n19.txt,HLCT,4,7,20,20,900.0,0,0.0,4,20.0,6,719.46,0.5,,,
CV_h7s4n2.txt,HLCT,4,7,20,20,900.0,0,0.0,1,5.0,4,497.74,0.5,,,
CV_h7s4n20.txt,HLCT,4,7,20,20,900.0,0,0.0,2,10.0,4,463.39,0.5,,,
CV_h7s4n21.txt,HLCT,4,7,20,20,900.0,0,0.0,5,25.0,7,872.91,0.6,,,
CV_h7s4n22.txt,HLCT,4,7,20,20,900.0,3,15.0,4,20.0,6,757.96,0.5,,,
CV_h7s4n23.txt,HLCT,4,7,20,20,900.0,0,0.0,7,35.0,5,559.79,0.5,,,
CV_h7s4n24.txt,HLCT,4,7,20,20,900.0,0,0.0,1,5.0,4,510.24,0.5,,,
CV_h7s4n25.txt,HLCT,4,7,20,20,900.0,3,15.0,4,20.0,3,332.84,0.5,,,
CV_h7s4n26.txt,HLCT,4,7,20,20,900.0,0,0.0,1,5.0,4,492.38,0.5,,,
CV_h7s4n27.txt,HLCT,4,7,20,20,900.0,0,0.0,1,5.0,4,453.05,0.5,,,
CV_h7s4n28.txt,HLCT,4,7,20,20,900.0,0,0.0,1,5.0,4,439.95,0.5,,,
CV_h7s4n29.txt,HLCT,4,7,20,20,900.0,1,5.0,3,15.0,6,708.18,0.6,,,
CV_h7s4n3.txt,HLCT,4,7,20,20,900.0,0,0.0,5,25.0,6,700.71,0.6,,,
CV_h7s4n30.txt,HLCT,4,7,20,20,900.0,1,5.0,3,15.0,7,824.46,0.5,,,
CV_h7s4n31.txt,HLCT,4,7,20,20,900.0,1,5.0,7,35.0,7,809.29,0.6,,,
CV_h7s4n32.txt,HLCT,4,7,20,20,900.0,0,0.0,1,5.0,4,456.78,0.5,,,
CV_h7s4n33.txt,HLCT,4,7,20,20,900.0,0,0.0,2,10.0,6,696.84,0.5,,,
CV_h7s4n34.txt,HLCT,4,7,20,20,900.0,0,0.0,4,20.0,7,867.16,0.6,,,
CV_h7s4n35.txt,HLCT,4,7,20,20,900.0,0,0.0,2,10.0,5,602.89,0.5,,,
CV_h7s4n36.txt,HLCT,4,7,20,20,900.0,0,0.0,3,15.0,7,714.60,0.6,,,
CV_h7s4n37.txt,HLCT,4,7,20,20,900.0,0,0.0,1,5.0,4,499.07,0.4,,,
CV_h7s4n38.txt,HLCT,4,7,20,20,900.0,0,0.0,2,10.0,6,773.30,0.5,,,
CV_h7s4n39.txt,HLCT,4,7,20,20,900.0,0,0.0,3,15.0,7,873.95,0.5,,,
CV_h7s4n4.txt,HLCT,4,7,20,20,900.0,0,0.0,3,15.0,4,456.75,0.5,,,
CV_h7s4n40.txt,HLCT,4,7,20,20,900.0,0,0.0,3,15.0,6,712.97,0.5,,,
CV_h7s4n5.txt,HLCT,4,7,20,20,900.0,0,0.0,2,10.0,6,720.24,1.0,,,
CV_h7s4n6.txt,HLCT,4,7,20,20,900.0,0,0.0,4,20.0,7,844.06,0.9,,,
CV_h7s4n7.txt,HLCT,4,7,20,20,900.0,0,0.0,5,25.0,6,693.93,0.9,,,
CV_h7s4n8.txt,HLCT,4,7,20,20,900.0,0,0.0,2,10.0,6,694.07,0.9,,,
CV_h7s4n9.txt,HLCT,4,7,20,20,900.0,2,10.0,4,20.0,7,789.75,1.0,,,
CV_h7s5n1.txt,HLCT,5,7,25,25,900.0,0,0.0,1,4.0,6,731.06,1.3,,,
CV_h7s5n10.txt,HLCT,5,7,25,25,900.0,0,0.0,3,12.0,6,704.62,1.3,,,
CV_h7s5n11.txt,HLCT,5,7,25,25,900.0,0,0.0,3,12.0,5,608.84,0.8,,,
CV_h7s5n12.txt,HLCT,5,7,25,25,900.0,0,0.0,6,24.0,7,880.50,0.7,,,
CV_h7s5n13.txt,HLCT,5,7,25,25,900.0,0,0.0,6,24.0,6,734.46,0.9,,,
CV_h7s5n14.txt,HLCT,5,7,25,25,900.0,0,0.0,3,12.0,6,659.60,0.8,,,
CV_h7s5n15.txt,HLCT,5,7,25,25,900.0,0,0.0,2,8.0,5,599.80,0.7,,,
CV_h7s5n16.txt,HLCT,5,7,25,25,900.0,0,0.0,3,12.0,6,638.52,0.8,,,
CV_h7s5n17.txt,HLCT,5,7,25,25,900.0,0,0.0,3,12.0,6,731.94,0.8,,,
CV_h7s5n18.txt,HLCT,5,7,25,25,900.0,1,4.0,5,20.0,6,763.68,0.8,,,
CV_h7s5n19.txt,HLCT,5,7,25,25,900.0,1,4.0,3,12.0,5,597.83,0.8,,,
CV_h7s5n2.txt,HLCT,5,7,25,25,900.0,1,4.0,7,28.0,6,699.74,0.9,,,
CV_h7s5n20.txt,HLCT,5,7,25,25,900.0,0,0.0,1,4.0,6,721.61,0.8,,,
CV_h7s5n21.txt,HLCT,5,7,25,25,900.0,0,0.0,3,12.0,6,743.63,0.7,,,
CV_h7s5n22.txt,HLCT,5,7,25,25,900.0,0,0.0,4,16.0,5,559.27,0.7,,,
CV_h7s5n23.txt,HLCT,5,7,25,25,900.0,0,0.0,3,12.0,7,853.58,0.8,,,
CV_h7s5n24.txt,HLCT,5,7,25,25,900.0,1,4.0,3,12.0,7,856.80,0.8,,,
CV_h7s5n25.txt,HLCT,5,7,25,25,900.0,1,4.0,5,20.0,5,610.20,0.8,,,
CV_h7s5n26.txt,HLCT,5,7,25,25,900.0,0,0.0,4,16.0,7,884.66,0.8,,,
CV_h7s5n27.txt,HLCT,5,7,25,25,900.0,0,0.0,3,12.0,6,747.80,0.7,,,
CV_h7s5n28.txt,HLCT,5,7,25,25,900.0,0,0.0,3,12.0,7,839.75,0.8,,,
CV_h7s5n29.txt,HLCT,5,7,25,25,900.0,0,0.0,2,8.0,6,682.53,0.8,,,
CV_h7s5n3.txt,HLCT,5,7,25,25,900.0,0,0.0,1,4.0,6,720.95,0.7,,,
CV_h7s5n30.txt,HLCT,5,7,25,25,900.0,0,0.0,6,24.0,6,714.92,0.8,,,
CV_h7s5n31.txt,HLCT,5,7,25,25,900.0,0,0.0,2,8.0,6,713.56,0.7,,,
CV_h7s5n32.txt,HLCT,5,7,25,25,900.0,2,8.0,3,12.0,6,732.67,0.8,,,
CV_h7s5n33.txt,HLCT,5,7,25,25,900.0,0,0.0,5,20.0,7,882.84,0.9,,,
CV_h7s5n34.txt,HLCT,5,7,25,25,900.0,1,4.0,4,16.0,6,685.98,0.9,,,
CV_h7s5n35.txt,HLCT,5,7,25,25,900.0,0,0.0,5,20.0,6,713.86,0.9,,,
CV_h7s5n36.txt,HLCT,5,7,25,25,900.0,0,0.0,4,16.0,6,727.18,0.8,,,
CV_h7s5n37.txt,HLCT,5,7,25,25,900.0,1,4.0,2,8.0,6,717.71,0.8,,,
CV_h7s5n38.txt,HLCT,5,7,25,25,900.0,1,4.0,5,20.0,6,654.74,0.8,,,
CV_h7s5n39.txt,HLCT,5,7,25,25,900.0,0,0.0,4,16.0,5,640.65,0.8,,,
CV_h7s5n4.txt,HLCT,5,7,25,25,900.0,0,0.0,3,12.0,7,869.44,0.8,,,
CV_h7s5n40.txt,HLCT,5,7,25,25,900.0,0,0.0,3,12.0,6,704.10,0.8,,,
CV_h7s5n5.txt,HLCT,5,7,25,25,900.0,1,4.0,5,20.0,6,655.09,0.9,,,
CV_h7s5n6.txt,HLCT,5,7,25,25,900.0,0,0.0,5,20.0,7,836.75,0.9,,,
CV_h7s5n7.txt,HLCT,5,7,25,25,900.0,0,0.0,2,8.0,5,611.58,0.6,,,
CV_h7s5n8.txt,HLCT,5,7,25,25,900.0,0,0.0,1,4.0,6,710.85,0.7,,,
CV_h7s5n9.txt,HLCT,5,7,25,25,900.0,0,0.0,3,12.0,6,681.14,0.7,,,
CV_h7s6n1.txt,HLCT,6,7,30,30,900.0,0,0.0,2,6.7,7,849.57,1.1,,,
CV_h7s6n10.txt,HLCT,6,7,30,30,900.0,0,0.0,2,6.7,6,714.84,1.1,,,
CV_h7s6n11.txt,HLCT,6,7,30,30,900.0,0,0.0,4,13.3,6,769.00,1.1,,,
CV_h7s6n12.txt,HLCT,6,7,30,30,900.0,0,0.0,6,20.0,5,622.49,1.1,,,
CV_h7s6n13.txt,HLCT,6,7,30,30,900.0,0,0.0,3,10.0,6,705.71,1.1,,,
CV_h7s6n14.txt,HLCT,6,7,30,30,900.0,2,6.7,6,20.0,7,833.67,1.3,,,
CV_h7s6n15.txt,HLCT,6,7,30,30,900.0,0,0.0,6,20.0,7,854.42,1.2,,,
CV_h7s6n16.txt,HLCT,6,7,30,30,900.0,0,0.0,3,10.0,6,700.36,1.2,,,
CV_h7s6n17.txt,HLCT,6,7,30,30,900.0,0,0.0,6,20.0,6,759.81,1.2,,,
CV_h7s6n18.txt,HLCT,6,7,30,30,900.0,0,0.0,2,6.7,6,684.46,1.1,,,
CV_h7s6n19.txt,HLCT,6,7,30,30,900.0,0,0.0,3,10.0,6,712.36,1.0,,,
CV_h7s6n2.txt,HLCT,6,7,30,30,900.0,0,0.0,3,10.0,6,701.06,1.1,,,
CV_h7s6n20.txt,HLCT,6,7,30,30,900.0,0,0.0,2,6.7,7,855.91,0.9,,,
CV_h7s6n21.txt,HLCT,6,7,30,30,900.0,0,0.0,3,10.0,6,736.57,1.0,,,
CV_h7s6n22.txt,HLCT,6,7,30,30,900.0,0,0.0,2,6.7,6,698.38,1.1,,,
CV_h7s6n23.txt,HLCT,6,7,30,30,900.0,1,3.3,3,10.0,6,736.27,1.2,,,
CV_h7s6n24.txt,HLCT,6,7,30,30,900.0,0,0.0,3,10.0,7,871.06,1.1,,,
CV_h7s6n25.txt,HLCT,6,7,30,30,900.0,1,3.3,3,10.0,6,709.44,1.1,,,
CV_h7s6n26.txt,HLCT,6,7,30,30,900.0,0,0.0,1,3.3,6,799.07,1.0,,,
CV_h7s6n27.txt,HLCT,6,7,30,30,900.0,0,0.0,2,6.7,6,753.30,1.0,,,
CV_h7s6n28.txt,HLCT,6,7,30,30,900.0,0,0.0,2,6.7,7,885.53,1.0,,,
CV_h7s6n29.txt,HLCT,6,7,30,30,900.0,0,0.0,2,6.7,7,848.53,1.1,,,
CV_h7s6n3.txt,HLCT,6,7,30,30,900.0,1,3.3,4,13.3,6,706.16,1.9,,,
CV_h7s6n30.txt,HLCT,6,7,30,30,900.0,0,0.0,5,16.7,6,741.91,1.8,,,
CV_h7s6n31.txt,HLCT,6,7,30,30,900.0,0,0.0,3,10.0,7,781.41,1.9,,,
CV_h7s6n32.txt,HLCT,6,7,30,30,900.0,0,0.0,2,6.7,6,725.47,1.7,,,
CV_h7s6n33.txt,HLCT,6,7,30,30,900.0,2,6.7,4,13.3,6,716.71,1.9,,,
CV_h7s6n34.txt,HLCT,6,7,30,30,900.0,0,0.0,5,16.7,6,727.73,1.8,,,
CV_h7s6n35.txt,HLCT,6,7,30,30,900.0,0,0.0,5,16.7,7,872.15,1.9,,,
CV_h7s6n36.txt,HLCT,6,7,30,30,900.0,0,0.0,2,6.7,7,888.47,1.0,,,
CV_h7s6n37.txt,HLCT,6,7,30,30,900.0,0,0.0,5,16.7,6,753.32,1.2,,,
CV_h7s6n38.txt,HLCT,6,7,30,30,900.0,0,0.0,2,6.7,6,707.42,1.0,,,
CV_h7s6n39.txt,HLCT,6,7,30,30,900.0,1,3.3,4,13.3,6,675.56,1.1,,,
CV_h7s6n4.txt,HLCT,6,7,30,30,900.0,0,0.0,3,10.0,6,722.82,1.1,,,
CV_h7s6n40.txt,HLCT,6,7,30,30,900.0,0,0.0,2,6.7,6,754.27,1.0,,,
CV_h7s6n5.txt,HLCT,6,7,30,30,900.0,0,0.0,2,6.7,7,876.91,1.0,,,
CV_h7s6n6.txt,HLCT,6,7,30,30,900.0,0,0.0,9,30.0,5,603.60,1.1,,,
CV_h7s6n7.txt,HLCT,6,7,30,30,900.0,0,0.0,2,6.7,7,870.80,1.0,,,
CV_h7s6n8.txt,HLCT,6,7,30,30,900.0,4,13.3,5,16.7,6,660.23,1.2,,,
CV_h7s6n9.txt,HLCT,6,7,30,30,900.0,0,0.0,3,10.0,6,684.74,1.1,,,
CV_h7s7n1.txt,HLCT,7,7,35,35,900.0,2,5.7,6,17.1,6,706.91,1.5,,,
CV_h7s7n10.txt,HLCT,7,7,35,35,900.0,2,5.7,3,8.6,6,767.92,1.5,,,
CV_h7s7n11.txt,HLCT,7,7,35,35,900.0,1,2.9,4,11.4,6,706.05,1.6,,,
CV_h7s7n12.txt,HLCT,7,7,35,35,900.0,0,0.0,5,14.3,7,868.74,1.5,,,
CV_h7s7n13.txt,HLCT,7,7,35,35,900.0,0,0.0,4,11.4,6,673.17,1.6,,,
CV_h7s7n14.txt,HLCT,7,7,35,35,900.0,2,5.7,4,11.4,6,675.35,1.5,,,
CV_h7s7n15.txt,HLCT,7,7,35,35,900.0,0,0.0,2,5.7,6,764.78,1.2,,,
CV_h7s7n16.txt,HLCT,7,7,35,35,900.0,0,0.0,2,5.7,7,831.73,1.4,,,
CV_h7s7n17.txt,HLCT,7,7,35,35,900.0,3,8.6,6,17.1,7,809.58,1.7,,,
CV_h7s7n18.txt,HLCT,7,7,35,35,900.0,0,0.0,1,2.9,7,832.93,1.3,,,
CV_h7s7n19.txt,HLCT,7,7,35,35,900.0,0,0.0,2,5.7,7,826.60,1.4,,,
CV_h7s7n2.txt,HLCT,7,7,35,35,900.0,0,0.0,5,14.3,7,845.09,1.4,,,
CV_h7s7n20.txt,HLCT,7,7,35,35,900.0,0,0.0,2,5.7,7,879.57,1.4,,,
CV_h7s7n21.txt,HLCT,7,7,35,35,900.0,0,0.0,2,5.7,7,874.65,1.2,,,
CV_h7s7n22.txt,HLCT,7,7,35,35,900.0,0,0.0,1,2.9,7,839.35,1.3,,,
CV_h7s7n23.txt,HLCT,7,7,35,35,900.0,0,0.0,5,14.3,7,807.63,1.4,,,
CV_h7s7n24.txt,HLCT,7,7,35,35,900.0,0,0.0,6,17.1,6,692.25,1.5,,,
CV_h7s7n25.txt,HLCT,7,7,35,35,900.0,0,0.0,5,14.3,6,757.38,1.9,,,
CV_h7s7n26.txt,HLCT,7,7,35,35,900.0,0,0.0,9,25.7,7,824.97,1.6,,,
CV_h7s7n27.txt,HLCT,7,7,35,35,900.0,0,0.0,3,8.6,7,823.51,1.4,,,
CV_h7s7n28.txt,HLCT,7,7,35,35,900.0,0,0.0,4,11.4,7,807.50,1.4,,,
CV_h7s7n29.txt,HLCT,7,7,35,35,900.0,0,0.0,2,5.7,7,812.68,1.3,,,
CV_h7s7n3.txt,HLCT,7,7,35,35,900.0,0,0.0,3,8.6,7,837.74,1.4,,,
CV_h7s7n30.txt,HLCT,7,7,35,35,900.0,0,0.0,2,5.7,6,806.57,1.5,,,
CV_h7s7n31.txt,HLCT,7,7,35,35,900.0,0,0.0,3,8.6,7,802.87,1.5,,,
CV_h7s7n32.txt,HLCT,7,7,35,35,900.0,1,2.9,3,8.6,6,707.66,1.5,,,
CV_h7s7n33.txt,HLCT,7,7,35,35,900.0,0,0.0,3,8.6,6,724.17,1.4,,,
CV_h7s7n34.txt,HLCT,7,7,35,35,900.0,0,0.0,2,5.7,7,797.58,1.4,,,
CV_h7s7n35.txt,HLCT,7,7,35,35,900.0,0,0.0,3,8.6,7,844.57,1.3,,,
CV_h7s7n36.txt,HLCT,7,7,35,35,900.0,1,2.9,3,8.6,6,726.09,1.4,,,
CV_h7s7n37.txt,HLCT,7,7,35,35,900.0,0,0.0,3,8.6,6,753.98,1.4,,,
CV_h7s7n38.txt,HLCT,7,7,35,35,900.0,0,0.0,8,22.9,7,813.33,1.5,,,
CV_h7s7n39.txt,HLCT,7,7,35,35,900.0,0,0.0,4,11.4,6,724.66,1.6,,,
CV_h7s7n4.txt,HLCT,7,7,35,35,900.0,0,0.0,8,22.9,6,704.78,1.5,,,
CV_h7s7n40.txt,HLCT,7,7,35,35,900.0,0,0.0,4,11.4,7,810.66,1.5,,,
CV_h7s7n5.txt,HLCT,7,7,35,35,900.0,0,0.0,2,5.7,7,878.06,1.4,,,
CV_h7s7n6.txt,HLCT,7,7,35,35,900.0,0,0.0,5,14.3,7,853.46,1.4,,,
CV_h7s7n7.txt,HLCT,7,7,35,35,900.0,0,0.0,9,25.7,6,748.55,1.4,,,
CV_h7s7n8.txt,HLCT,7,7,35,35,900.0,1,2.9,5,14.3,7,881.87,1.4,,,
CV_h7s7n9.txt,HLCT,7,7,35,35,900.0,0,0.0,4,11.4,6,671.05,1.5,,,
CV_h7s8n1.txt,HLCT,8,7,40,40,900.0,0,0.0,5,12.5,7,887.87,1.9,,,
CV_h7s8n10.txt,HLCT,8,7,40,40,900.0,0,0.0,3,7.5,6,774.92,1.8,,,
CV_h7s8n11.txt,HLCT,8,7,40,40,900.0,1,2.5,3,7.5,7,863.56,1.8,,,
CV_h7s8n12.txt,HLCT,8,7,40,40,900.0,0,0.0,5,12.5,7,855.86,2.0,,,
CV_h7s8n13.txt,HLCT,8,7,40,40,900.0,0,0.0,3,7.5,7,853.38,1.8,,,
CV_h7s8n14.txt,HLCT,8,7,40,40,900.0,0,0.0,2,5.0,7,841.47,1.8,,,
CV_h7s8n15.txt,HLCT,8,7,40,40,900.0,1,2.5,5,12.5,7,834.09,2.1,,,
CV_h7s8n16.txt,HLCT,8,7,40,40,900.0,0,0.0,3,7.5,7,795.49,1.9,,,
CV_h7s8n17.txt,HLCT,8,7,40,40,900.0,0,0.0,4,10.0,6,699.92,1.8,,,
CV_h7s8n18.txt,HLCT,8,7,40,40,900.0,0,0.0,4,10.0,7,797.89,1.8,,,
CV_h7s8n19.txt,HLCT,8,7,40,40,900.0,0,0.0,3,7.5,7,848.47,1.7,,,
CV_h7s8n2.txt,HLCT,8,7,40,40,900.0,0,0.0,7,17.5,7,830.92,1.8,,,
CV_h7s8n20.txt,HLCT,8,7,40,40,900.0,1,2.5,6,15.0,6,732.98,2.1,,,
CV_h7s8n21.txt,HLCT,8,7,40,40,900.0,0,0.0,6,15.0,7,860.62,2.2,,,
CV_h7s8n22.txt,HLCT,8,7,40,40,900.0,0,0.0,3,7.5,7,814.03,3.3,,,
CV_h7s8n23.txt,HLCT,8,7,40,40,900.0,1,2.5,4,10.0,6,788.36,2.0,,,
CV_h7s8n24.txt,HLCT,8,7,40,40,900.0,0,0.0,5,12.5,6,673.35,3.5,,,
CV_h7s8n25.txt,HLCT,8,7,40,40,900.0,0,0.0,5,12.5,7,826.98,2.7,,,
CV_h7s8n26.txt,HLCT,8,7,40,40,900.0,1,2.5,4,10.0,7,844.40,3.2,,,
CV_h7s8n27.txt,HLCT,8,7,40,40,900.0,0,0.0,2,5.0,7,880.49,3.1,,,
CV_h7s8n28.txt,HLCT,8,7,40,40,900.0,0,0.0,4,10.0,7,795.01,1.8,,,
CV_h7s8n29.txt,HLCT,8,7,40,40,900.0,0,0.0,3,7.5,7,865.79,1.7,,,
CV_h7s8n3.txt,HLCT,8,7,40,40,900.0,0,0.0,3,7.5,7,828.70,1.8,,,
CV_h7s8n30.txt,HLCT,8,7,40,40,900.0,0,0.0,3,7.5,7,829.89,2.0,,,
CV_h7s8n31.txt,HLCT,8,7,40,40,900.0,1,2.5,4,10.0,7,873.10,1.8,,,
CV_h7s8n32.txt,HLCT,8,7,40,40,900.0,0,0.0,5,12.5,7,862.34,1.7,,,
CV_h7s8n33.txt,HLCT,8,7,40,40,900.0,1,2.5,3,7.5,7,874.65,1.9,,,
CV_h7s8n34.txt,HLCT,8,7,40,40,900.0,0,0.0,4,10.0,6,725.38,1.7,,,
CV_h7s8n35.txt,HLCT,8,7,40,40,900.0,0,0.0,4,10.0,7,828.83,1.9,,,
CV_h7s8n36.txt,HLCT,8,7,40,40,900.0,0,0.0,6,15.0,7,860.15,1.7,,,
CV_h7s8n37.txt,HLCT,8,7,40,40,900.0,0,0.0,3,7.5,7,854.01,1.9,,,
CV_h7s8n38.txt,HLCT,8,7,40,40,900.0,0,0.0,4,10.0,6,755.17,1.9,,,
CV_h7s8n39.txt,HLCT,8,7,40,40,900.0,0,0.0,2,5.0,7,788.60,1.8,,,
CV_h7s8n4.txt,HLCT,8,7,40,40,900.0,0,0.0,2,5.0,6,792.83,1.7,,,
CV_h7s8n40.txt,HLCT,8,7,40,40,900.0,0,0.0,2,5.0,7,881.14,1.8,,,
CV_h7s8n5.txt,HLCT,8,7,40,40,900.0,0,0.0,3,7.5,7,894.32,1.7,,,
CV_h7s8n6.txt,HLCT,8,7,40,40,900.0,0,0.0,2,5.0,7,807.44,1.7,,,
CV_h7s8n7.txt,HLCT,8,7,40,40,900.0,0,0.0,7,17.5,7,781.38,2.0,,,
CV_h7s8n8.txt,HLCT,8,7,40,40,900.0,1,2.5,5,12.5,6,732.39,1.9,,,
CV_h7s8n9.txt,HLCT,8,7,40,40,900.0,0,0.0,3,7.5,7,896.88,1.6,,,
CV_h7s9n1.txt,HLCT,9,7,45,45,900.0,0,0.0,2,4.4,6,763.04,2.2,,,
CV_h7s9n10.txt,HLCT,9,7,45,45,900.0,1,2.2,3,6.7,6,807.22,2.2,,,
CV_h7s9n11.txt,HLCT,9,7,45,45,900.0,1,2.2,4,8.9,7,788.39,2.4,,,
CV_h7s9n12.txt,HLCT,9,7,45,45,900.0,0,0.0,8,17.8,7,866.38,2.4,,,
CV_h7s9n13.txt,HLCT,9,7,45,45,900.0,1,2.2,4,8.9,6,797.21,2.3,,,
CV_h7s9n14.txt,HLCT,9,7,45,45,900.0,0,0.0,2,4.4,6,780.42,2.6,,,
CV_h7s9n15.txt,HLCT,9,7,45,45,900.0,0,0.0,5,11.1,6,668.69,2.3,,,
CV_h7s9n16.txt,HLCT,9,7,45,45,900.0,0,0.0,2,4.4,7,851.84,2.1,,,
CV_h7s9n17.txt,HLCT,9,7,45,45,900.0,0,0.0,3,6.7,7,838.03,2.3,,,
CV_h7s9n18.txt,HLCT,9,7,45,45,900.0,2,4.4,4,8.9,6,791.90,2.3,,,
CV_h7s9n19.txt,HLCT,9,7,45,45,900.0,0,0.0,2,4.4,6,756.67,2.2,,,
CV_h7s9n2.txt,HLCT,9,7,45,45,900.0,0,0.0,5,11.1,7,823.32,2.6,,,
CV_h7s9n20.txt,HLCT,9,7,45,45,900.0,0,0.0,8,17.8,7,835.52,2.3,,,
CV_h7s9n21.txt,HLCT,9,7,45,45,900.0,0,0.0,4,8.9,6,798.72,2.0,,,
CV_h7s9n22.txt,HLCT,9,7,45,45,900.0,0,0.0,3,6.7,6,803.62,2.3,,,
CV_h7s9n23.txt,HLCT,9,7,45,45,900.0,0,0.0,2,4.4,7,898.58,2.1,,,
CV_h7s9n24.txt,HLCT,9,7,45,45,900.0,0,0.0,5,11.1,7,857.29,2.4,,,
CV_h7s9n25.txt,HLCT,9,7,45,45,900.0,1,2.2,2,4.4,6,770.45,2.5,,,
CV_h7s9n26.txt,HLCT,9,7,45,45,900.0,0,0.0,4,8.9,7,797.64,2.6,,,
CV_h7s9n27.txt,HLCT,9,7,45,45,900.0,0,0.0,3,6.7,7,797.72,2.4,,,
CV_h7s9n28.txt,HLCT,9,7,45,45,900.0,1,2.2,5,11.1,6,779.74,2.4,,,
CV_h7s9n29.txt,HLCT,9,7,45,45,900.0,0,0.0,5,11.1,7,875.87,2.4,,,
CV_h7s9n3.txt,HLCT,9,7,45,45,900.0,0,0.0,2,4.4,7,786.43,2.2,,,
CV_h7s9n30.txt,HLCT,9,7,45,45,900.0,1,2.2,5,11.1,7,845.54,2.4,,,
CV_h7s9n31.txt,HLCT,9,7,45,45,900.0,0,0.0,3,6.7,7,811.21,2.4,,,
CV_h7s9n32.txt,HLCT,9,7,45,45,900.0,0,0.0,8,17.8,7,850.38,2.3,,,
CV_h7s9n33.txt,HLCT,9,7,45,45,900.0,0,0.0,2,4.4,6,808.68,2.2,,,
CV_h7s9n34.txt,HLCT,9,7,45,45,900.0,0,0.0,5,11.1,7,846.13,2.7,,,
CV_h7s9n35.txt,HLCT,9,7,45,45,900.0,0,0.0,3,6.7,7,857.29,2.3,,,
CV_h7s9n36.txt,HLCT,9,7,45,45,900.0,0,0.0,3,6.7,6,791.28,2.4,,,
CV_h7s9n37.txt,HLCT,9,7,45,45,900.0,1,2.2,3,6.7,7,867.32,2.0,,,
CV_h7s9n38.txt,HLCT,9,7,45,45,900.0,0,0.0,3,6.7,7,825.43,2.4,,,
CV_h7s9n39.txt,HLCT,9,7,45,45,900.0,1,2.2,3,6.7,7,860.61,2.5,,,
CV_h7s9n4.txt,HLCT,9,7,45,45,900.0,0,0.0,5,11.1,6,785.86,2.3,,,
CV_h7s9n40.txt,HLCT,9,7,45,45,900.0,0,0.0,2,4.4,6,760.98,2.1,,,
CV_h7s9n5.txt,HLCT,9,7,45,45,900.0,1,2.2,6,13.3,7,810.46,2.4,,,
CV_h7s9n6.txt,HLCT,9,7,45,45,900.0,1,2.2,4,8.9,6,785.85,2.3,,,
CV_h7s9n7.txt,HLCT,9,7,45,45,900.0,0,0.0,4,8.9,7,838.27,2.4,,,
CV_h7s9n8.txt,HLCT,9,7,45,45,900.0,0,0.0,5,11.1,7,798.29,2.5,,,
CV_h7s9n9.txt,HLCT,9,7,45,45,900.0,0,0.0,3,6.7,7,848.91,2.1,,,
CV_h8s10n1.txt,HLCT,10,8,60,60,900.0,0,0.0,3,5.0,7,800.77,4.5,,,
CV_h8s10n10.txt,HLCT,10,8,60,60,900.0,0,0.0,5,8.3,7,856.43,3.8,,,
CV_h8s10n11.txt,HLCT,10,8,60,60,900.0,0,0.0,2,3.3,6,793.13,3.9,,,
CV_h8s10n12.txt,HLCT,10,8,60,60,900.0,0,0.0,2,3.3,6,751.10,6.5,,,
CV_h8s10n13.txt,HLCT,10,8,60,60,900.0,0,0.0,1,1.7,6,785.85,5.9,,,
CV_h8s10n14.txt,HLCT,10,8,60,60,900.0,0,0.0,1,1.7,6,770.76,6.1,,,
CV_h8s10n15.txt,HLCT,10,8,60,60,900.0,0,0.0,2,3.3,7,806.73,6.6,,,
CV_h8s10n16.txt,HLCT,10,8,60,60,900.0,0,0.0,1,1.7,6,743.96,6.5,,,
CV_h8s10n17.txt,HLCT,10,8,60,60,900.0,0,0.0,3,5.0,6,758.30,6.2,,,
CV_h8s10n18.txt,HLCT,10,8,60,60,900.0,0,0.0,1,1.7,6,768.14,6.1,,,
CV_h8s10n19.txt,HLCT,10,8,60,60,900.0,0,0.0,4,6.7,6,846.05,3.8,,,
CV_h8s10n2.txt,HLCT,10,8,60,60,900.0,0,0.0,4,6.7,7,793.47,4.4,,,
CV_h8s10n20.txt,HLCT,10,8,60,60,900.0,1,1.7,3,5.0,6,761.94,3.9,,,
CV_h8s10n21.txt,HLCT,10,8,60,60,900.0,0,0.0,4,6.7,7,815.04,4.0,,,
CV_h8s10n22.txt,HLCT,10,8,60,60,900.0,0,0.0,2,3.3,7,832.77,4.0,,,
CV_h8s10n23.txt,HLCT,10,8,60,60,900.0,0,0.0,2,3.3,6,788.14,3.6,,,
CV_h8s10n24.txt,HLCT,10,8,60,60,900.0,0,0.0,3,5.0,6,785.86,4.0,,,
CV_h8s10n25.txt,HLCT,10,8,60,60,900.0,1,1.7,5,8.3,6,802.63,4.1,,,
CV_h8s10n26.txt,HLCT,10,8,60,60,900.0,1,1.7,5,8.3,7,888.36,4.1,,,
CV_h8s10n27.txt,HLCT,10,8,60,60,900.0,1,1.7,4,6.7,7,838.01,4.0,,,
CV_h8s10n28.txt,HLCT,10,8,60,60,900.0,0,0.0,3,5.0,7,846.27,4.0,,,
CV_h8s10n29.txt,HLCT,10,8,60,60,900.0,0,0.0,1,1.7,6,799.84,3.6,,,
CV_h8s10n3.txt,HLCT,10,8,60,60,900.0,0,0.0,2,3.3,6,751.26,4.0,,,
CV_h8s10n30.txt,HLCT,10,8,60,60,900.0,0,0.0,3,5.0,7,835.43,4.2,,,
CV_h8s10n31.txt,HLCT,10,8,60,60,900.0,1,1.7,4,6.7,7,844.57,4.0,,,
CV_h8s10n32.txt,HLCT,10,8,60,60,900.0,0,0.0,1,1.7,6,767.54,3.8,,,
CV_h8s10n33.txt,HLCT,10,8,60,60,900.0,0,0.0,1,1.7,6,748.40,3.7,,,
CV_h8s10n34.txt,HLCT,10,8,60,60,900.0,0,0.0,2,3.3,6,793.22,3.8,,,
CV_h8s10n35.txt,HLCT,10,8,60,60,900.0,1,1.7,6,10.0,6,788.27,4.4,,,
CV_h8s10n36.txt,HLCT,10,8,60,60,900.0,0,0.0,4,6.7,7,844.03,4.1,,,
CV_h8s10n37.txt,HLCT,10,8,60,60,900.0,0,0.0,2,3.3,6,791.63,3.5,,,
CV_h8s10n38.txt,HLCT,10,8,60,60,900.0,0,0.0,1,1.7,6,809.76,3.5,,,
CV_h8s10n39.txt,HLCT,10,8,60,60,900.0,0,0.0,1,1.7,6,781.49,3.9,,,
CV_h8s10n4.txt,HLCT,10,8,60,60,900.0,0,0.0,1,1.7,6,756.51,3.6,,,
CV_h8s10n40.txt,HLCT,10,8,60,60,900.0,0,0.0,3,5.0,7,859.98,4.0,,,
CV_h8s10n5.txt,HLCT,10,8,60,60,900.0,0,0.0,3,5.0,7,885.12,3.8,,,
CV_h8s10n6.txt,HLCT,10,8,60,60,900.0,0,0.0,3,5.0,7,855.95,3.7,,,
CV_h8s10n7.txt,HLCT,10,8,60,60,900.0,0,0.0,3,5.0,7,899.85,3.9,,,
CV_h8s10n8.txt,HLCT,10,8,60,60,900.0,1,1.7,2,3.3,6,756.86,4.0,,,
CV_h8s10n9.txt,HLCT,10,8,60,60,900.0,1,1.7,6,10.0,6,826.74,3.9,,,
CV_h8s6n1.txt,HLCT,6,8,36,36,900.0,0,0.0,3,8.3,7,805.77,1.5,,,
CV_h8s6n10.txt,HLCT,6,8,36,36,900.0,1,2.8,6,16.7,7,866.90,1.4,,,
CV_h8s6n11.txt,HLCT,6,8,36,36,900.0,0,0.0,2,5.6,6,745.06,1.4,,,
CV_h8s6n12.txt,HLCT,6,8,36,36,900.0,1,2.8,5,13.9,6,729.35,1.5,,,
CV_h8s6n13.txt,HLCT,6,8,36,36,900.0,0,0.0,5,13.9,6,653.92,1.5,,,
CV_h8s6n14.txt,HLCT,6,8,36,36,900.0,0,0.0,5,13.9,6,712.11,1.6,,,
CV_h8s6n15.txt,HLCT,6,8,36,36,900.0,0,0.0,1,2.8,6,814.95,1.5,,,
CV_h8s6n16.txt,HLCT,6,8,36,36,900.0,0,0.0,2,5.6,6,680.65,1.4,,,
CV_h8s6n17.txt,HLCT,6,8,36,36,900.0,0,0.0,2,5.6,6,762.81,1.4,,,
CV_h8s6n18.txt,HLCT,6,8,36,36,900.0,1,2.8,4,11.1,7,886.67,1.6,,,
CV_h8s6n19.txt,HLCT,6,8,36,36,900.0,0,0.0,2,5.6,6,709.54,1.5,,,
CV_h8s6n2.txt,HLCT,6,8,36,36,900.0,0,0.0,2,5.6,6,717.51,1.4,,,
CV_h8s6n20.txt,HLCT,6,8,36,36,900.0,0,0.0,3,8.3,6,686.57,1.4,,,
CV_h8s6n21.txt,HLCT,6,8,36,36,900.0,0,0.0,2,5.6,6,736.02,1.3,,,
CV_h8s6n22.txt,HLCT,6,8,36,36,900.0,0,0.0,2,5.6,7,869.49,1.4,,,
CV_h8s6n23.txt,HLCT,6,8,36,36,900.0,1,2.8,5,13.9,6,762.48,1.6,,,
CV_h8s6n24.txt,HLCT,6,8,36,36,900.0,0,0.0,1,2.8,6,777.65,1.3,,,
CV_h8s6n25.txt,HLCT,6,8,36,36,900.0,0,0.0,4,11.1,7,851.85,1.4,,,
CV_h8s6n26.txt,HLCT,6,8,36,36,900.0,0,0.0,1,2.8,7,828.64,1.4,,,
CV_h8s6n27.txt,HLCT,6,8,36,36,900.0,0,0.0,3,8.3,7,869.22,1.4,,,
CV_h8s6n28.txt,HLCT,6,8,36,36,900.0,0,0.0,4,11.1,6,696.23,1.6,,,
CV_h8s6n29.txt,HLCT,6,8,36,36,900.0,0,0.0,2,5.6,6,731.49,1.4,,,
CV_h8s6n3.txt,HLCT,6,8,36,36,900.0,0,0.0,4,11.1,6,769.70,1.5,,,
CV_h8s6n30.txt,HLCT,6,8,36,36,900.0,0,0.0,3,8.3,7,851.90,1.6,,,
CV_h8s6n31.txt,HLCT,6,8,36,36,900.0,0,0.0,2,5.6,6,714.71,1.5,,,
CV_h8s6n32.txt,HLCT,6,8,36,36,900.0,0,0.0,3,8.3,6,802.00,1.5,,,
CV_h8s6n33.txt,HLCT,6,8,36,36,900.0,0,0.0,4,11.1,6,750.25,1.8,,,
CV_h8s6n34.txt,HLCT,6,8,36,36,900.0,0,0.0,1,2.8,6,791.33,1.4,,,
CV_h8s6n35.txt,HLCT,6,8,36,36,900.0,1,2.8,4,11.1,6,743.92,1.5,,,
CV_h8s6n36.txt,HLCT,6,8,36,36,900.0,1,2.8,4,11.1,6,787.56,1.5,,,
CV_h8s6n37.txt,HLCT,6,8,36,36,900.0,1,2.8,3,8.3,6,703.33,1.5,,,
CV_h8s6n38.txt,HLCT,6,8,36,36,900.0,0,0.0,3,8.3,6,733.59,1.4,,,
CV_h8s6n39.txt,HLCT,6,8,36,36,900.0,0,0.0,3,8.3,6,708.39,1.6,,,
CV_h8s6n4.txt,HLCT,6,8,36,36,900.0,0,0.0,2,5.6,6,743.26,2.1,,,
CV_h8s6n40.txt,HLCT,6,8,36,36,900.0,0,0.0,2,5.6,6,789.03,2.2,,,
CV_h8s6n5.txt,HLCT,6,8,36,36,900.0,0,0.0,1,2.8,6,785.27,2.1,,,
CV_h8s6n6.txt,HLCT,6,8,36,36,900.0,1,2.8,2,5.6,6,763.56,2.4,,,
CV_h8s6n7.txt,HLCT,6,8,36,36,900.0,0,0.0,2,5.6,6,680.78,2.6,,,
CV_h8s6n8.txt,HLCT,6,8,36,36,900.0,0,0.0,4,11.1,6,767.51,2.5,,,
CV_h8s6n9.txt,HLCT,6,8,36,36,900.0,0,0.0,1,2.8,7,837.66,2.2,,,
CV_h12s10n1.txt,HLCT,10,12,100,100,1200.0,0,0.0,0,0.0,7,1023.05,20.2,,,
CV_h12s10n10.txt,HLCT,10,12,100,100,1200.0,1,1.0,2,2.0,7,1099.84,21.6,,,
CV_h12s10n11.txt,HLCT,10,12,100,100,1200.0,0,0.0,1,1.0,8,1100.62,21.6,,,
CV_h12s10n12.txt,HLCT,10,12,100,100,1200.0,0,0.0,1,1.0,8,1062.41,22.0,,,
CV_h12s10n13.txt,HLCT,10,12,100,100,1200.0,0,0.0,5,5.0,8,1148.32,13.1,,,
CV_h12s10n14.txt,HLCT,10,12,100,100,1200.0,0,0.0,3,3.0,9,1052.19,24.5,,,
CV_h12s10n15.txt,HLCT,10,12,100,100,1200.0,0,0.0,0,0.0,7,1013.84,20.8,,,
CV_h12s10n16.txt,HLCT,10,12,100,100,1200.0,0,0.0,3,3.0,9,1065.98,14.2,,,
CV_h12s10n17.txt,HLCT,10,12,100,100,1200.0,0,0.0,1,1.0,8,1036.41,14.4,,,
CV_h12s10n18.txt,HLCT,10,12,100,100,1200.0,0,0.0,1,1.0,7,1091.37,12.0,,,
CV_h12s10n19.txt,HLCT,10,12,100,100,1200.0,0,0.0,2,2.0,8,1085.96,13.5,,,
CV_h12s10n2.txt,HLCT,10,12,100,100,1200.0,0,0.0,4,4.0,8,1086.11,14.4,,,
CV_h12s10n20.txt,HLCT,10,12,100,100,1200.0,0,0.0,2,2.0,8,1063.93,14.0,,,
CV_h12s10n21.txt,HLCT,10,12,100,100,1200.0,0,0.0,0,0.0,7,1023.42,11.9,,,
CV_h12s10n22.txt,HLCT,10,12,100,100,1200.0,0,0.0,0,0.0,7,1006.87,12.4,,,
CV_h12s10n23.txt,HLCT,10,12,100,100,1200.0,0,0.0,2,2.0,8,1062.25,12.7,,,
CV_h12s10n24.txt,HLCT,10,12,100,100,1200.0,0,0.0,0,0.0,7,1018.42,12.1,,,
CV_h12s10n25.txt,HLCT,10,12,100,100,1200.0,0,0.0,0,0.0,7,1025.76,12.8,,,
CV_h12s10n26.txt,HLCT,10,12,100,100,1200.0,1,1.0,3,3.0,8,1085.21,14.8,,,
CV_h12s10n27.txt,HLCT,10,12,100,100,1200.0,0,0.0,2,2.0,7,1087.72,13.0,,,
CV_h12s10n28.txt,HLCT,10,12,100,100,1200.0,0,0.0,0,0.0,7,1040.75,12.3,,,
CV_h12s10n29.txt,HLCT,10,12,100,100,1200.0,0,0.0,2,2.0,8,1045.10,13.7,,,
CV_h12s10n3.txt,HLCT,10,12,100,100,1200.0,0,0.0,3,3.0,8,1082.43,13.6,,,
CV_h12s10n30.txt,HLCT,10,12,100,100,1200.0,0,0.0,1,1.0,8,1033.14,12.6,,,
CV_h12s10n31.txt,HLCT,10,12,100,100,1200.0,1,1.0,1,1.0,7,1024.36,13.5,,,
CV_h12s10n32.txt,HLCT,10,12,100,100,1200.0,1,1.0,1,1.0,7,1018.51,12.7,,,
CV_h12s10n33.txt,HLCT,10,12,100,100,1200.0,0,0.0,0,0.0,7,1011.49,11.7,,,
CV_h12s10n34.txt,HLCT,10,12,100,100,1200.0,0,0.0,1,1.0,8,1081.28,12.5,,,
CV_h12s10n35.txt,HLCT,10,12,100,100,1200.0,1,1.0,2,2.0,7,1019.15,13.7,,,
CV_h12s10n36.txt,HLCT,10,12,100,100,1200.0,0,0.0,3,3.0,8,1026.96,13.7,,,
CV_h12s10n37.txt,HLCT,10,12,100,100,1200.0,4,4.0,5,5.0,8,1109.08,14.4,,,
CV_h12s10n38.txt,HLCT,10,12,100,100,1200.0,0,0.0,3,3.0,7,1091.87,12.7,,,
CV_h12s10n39.txt,HLCT,10,12,100,100,1200.0,0,0.0,0,0.0,8,1024.39,12.9,,,
CV_h12s10n4.txt,HLCT,10,12,100,100,1200.0,0,0.0,1,1.0,8,1114.13,12.7,,,
CV_h12s10n40.txt,HLCT,10,12,100,100,1200.0,1,1.0,2,2.0,8,1045.39,13.4,,,
CV_h12s10n5.txt,HLCT,10,12,100,100,1200.0,0,0.0,0,0.0,7,1030.61,12.6,,,
CV_h12s10n6.txt,HLCT,10,12,100,100,1200.0,0,0.0,2,2.0,8,1157.61,12.6,,,
CV_h12s10n7.txt,HLCT,10,12,100,100,1200.0,0,0.0,0,0.0,7,1023.30,12.1,,,
CV_h12s10n8.txt,HLCT,10,12,100,100,1200.0,0,0.0,2,2.0,9,1189.78,13.6,,,
CV_h12s10n9.txt,HLCT,10,12,100,100,1200.0,0,0.0,0,0.0,8,1034.07,11.9,,,
CV_h12s6n1.txt,HLCT,6,12,60,60,1200.0,0,0.0,1,1.7,8,1111.06,3.9,,,
CV_h12s6n10.txt,HLCT,6,12,60,60,1200.0,0,0.0,1,1.7,8,1108.62,4.1,,,
CV_h12s6n11.txt,HLCT,6,12,60,60,1200.0,0,0.0,3,5.0,9,1187.58,4.3,,,
CV_h12s6n12.txt,HLCT,6,12,60,60,1200.0,0,0.0,2,3.3,7,889.14,4.1,,,
CV_h12s6n13.txt,HLCT,6,12,60,60,1200.0,0,0.0,0,0.0,7,1015.28,4.1,,,
CV_h12s6n14.txt,HLCT,6,12,60,60,1200.0,0,0.0,2,3.3,8,1024.89,4.4,,,
CV_h12s6n15.txt,HLCT,6,12,60,60,1200.0,0,0.0,2,3.3,7,964.70,4.0,,,
CV_h12s6n16.txt,HLCT,6,12,60,60,1200.0,0,0.0,3,5.0,8,1043.71,4.2,,,
CV_h12s6n17.txt,HLCT,6,12,60,60,1200.0,1,1.7,2,3.3,7,1030.18,4.1,,,
CV_h12s6n18.txt,HLCT,6,12,60,60,1200.0,1,1.7,2,3.3,7,951.20,4.4,,,
CV_h12s6n19.txt,HLCT,6,12,60,60,1200.0,0,0.0,2,3.3,8,1172.35,4.0,,,
CV_h12s6n2.txt,HLCT,6,12,60,60,1200.0,0,0.0,1,1.7,7,1031.45,3.9,,,
CV_h12s6n20.txt,HLCT,6,12,60,60,1200.0,0,0.0,1,1.7,8,1027.71,4.2,,,
CV_h12s6n21.txt,HLCT,6,12,60,60,1200.0,0,0.0,4,6.7,8,940.17,5.0,,,
CV_h12s6n22.txt,HLCT,6,12,60,60,1200.0,0,0.0,3,5.0,8,949.89,4.5,,,
CV_h12s6n23.txt,HLCT,6,12,60,60,1200.0,0,0.0,2,3.3,8,933.91,4.3,,,
CV_h12s6n24.txt,HLCT,6,12,60,60,1200.0,0,0.0,1,1.7,8,993.80,4.1,,,
CV_h12s6n25.txt,HLCT,6,12,60,60,1200.0,0,0.0,3,5.0,8,986.37,5.2,,,
CV_h12s6n26.txt,HLCT,6,12,60,60,1200.0,0,0.0,3,5.0,8,995.09,4.4,,,
CV_h12s6n27.txt,HLCT,6,12,60,60,1200.0,0,0.0,2,3.3,8,871.43,4.9,,,
CV_h12s6n28.txt,HLCT,6,12,60,60,1200.0,0,0.0,2,3.3,7,950.47,4.2,,,
CV_h12s6n29.txt,HLCT,6,12,60,60,1200.0,0,0.0,0,0.0,8,1008.46,3.9,,,
CV_h12s6n3.txt,HLCT,6,12,60,60,1200.0,0,0.0,1,1.7,8,1104.76,3.9,,,
CV_h12s6n30.txt,HLCT,6,12,60,60,1200.0,0,0.0,1,1.7,8,1017.04,4.0,,,
CV_h12s6n31.txt,HLCT,6,12,60,60,1200.0,0,0.0,0,0.0,7,1012.75,4.0,,,
CV_h12s6n32.txt,HLCT,6,12,60,60,1200.0,0,0.0,1,1.7,8,993.49,4.2,,,
CV_h12s6n33.txt,HLCT,6,12,60,60,1200.0,0,0.0,1,1.7,8,1026.45,4.6,,,
CV_h12s6n34.txt,HLCT,6,12,60,60,1200.0,0,0.0,1,1.7,8,1042.30,4.2,,,
CV_h12s6n35.txt,HLCT,6,12,60,60,1200.0,0,0.0,0,0.0,7,1022.13,4.1,,,
CV_h12s6n36.txt,HLCT,6,12,60,60,1200.0,0,0.0,1,1.7,8,1017.72,4.1,,,
CV_h12s6n37.txt,HLCT,6,12,60,60,1200.0,0,0.0,7,11.7,8,1006.88,4.6,,,
CV_h12s6n38.txt,HLCT,6,12,60,60,1200.0,1,1.7,2,3.3,7,926.66,4.4,,,
CV_h12s6n39.txt,HLCT,6,12,60,60,1200.0,0,0.0,5,8.3,9,1059.67,5.0,,,
CV_h12s6n4.txt,HLCT,6,12,60,60,1200.0,0,0.0,0,0.0,7,1015.43,3.9,,,
CV_h12s6n40.txt,HLCT,6,12,60,60,1200.0,0,0.0,0,0.0,8,1012.41,3.9,,,
CV_h12s6n5.txt,HLCT,6,12,60,60,1200.0,0,0.0,2,3.3,8,929.10,4.5,,,
CV_h12s6n6.txt,HLCT,6,12,60,60,1200.0,0,0.0,2,3.3,8,954.21,4.3,,,
CV_h12s6n7.txt,HLCT,6,12,60,60,1200.0,0,0.0,1,1.7,8,1127.41,6.7,,,
CV_h12s6n8.txt,HLCT,6,12,60,60,1200.0,0,0.0,0,0.0,8,1015.09,6.4,,,
CV_h12s6n9.txt,HLCT,6,12,60,60,1200.0,0,0.0,1,1.7,8,1048.46,7.4,,,
CV_h5s3n1.txt,HLCT,3,5,9,9,1200.0,1,11.1,2,22.2,3,345.90,0.3,,,
CV_h5s3n10.txt,HLCT,3,5,9,9,1200.0,0,0.0,7,77.8,10,1117.64,0.4,,,
CV_h5s3n11.txt,HLCT,3,5,9,9,1200.0,2,22.2,9,100.0,9,985.98,0.3,,,
CV_h5s3n12.txt,HLCT,3,5,9,9,1200.0,0,0.0,3,33.3,9,995.33,0.3,,,
CV_h5s3n13.txt,HLCT,3,5,9,9,1200.0,0,0.0,4,44.4,10,1159.16,0.2,,,
CV_h5s3n14.txt,HLCT,3,5,9,9,1200.0,0,0.0,2,22.2,9,1006.77,0.2,,,
CV_h5s3n15.txt,HLCT,3,5,9,9,1200.0,0,0.0,9,100.0,9,936.86,0.2,,,
CV_h5s3n16.txt,HLCT,3,5,9,9,1200.0,0,0.0,9,100.0,10,1079.51,0.2,,,
CV_h5s3n17.txt,HLCT,3,5,9,9,1200.0,2,22.2,9,100.0,9,986.07,0.2,,,
CV_h5s3n18.txt,HLCT,3,5,9,9,1200.0,0,0.0,9,100.0,7,797.13,0.1,,,
CV_h5s3n19.txt,HLCT,3,5,9,9,1200.0,0,0.0,1,11.1,2,229.47,0.2,,,
CV_h5s3n2.txt,HLCT,3,5,9,9,1200.0,0,0.0,7,77.8,10,1156.40,0.2,,,
CV_h5s3n20.txt,HLCT,3,5,9,9,1200.0,0,0.0,3,33.3,5,559.73,0.2,,,
CV_h5s3n21.txt,HLCT,3,5,9,9,1200.0,1,11.1,3,33.3,7,806.76,0.2,,,
CV_h5s3n22.txt,HLCT,3,5,9,9,1200.0,2,22.2,4,44.4,5,571.16,0.2,,,
CV_h5s3n23.txt,HLCT,3,5,9,9,1200.0,0,0.0,1,11.1,2,229.47,0.2,,,
CV_h5s3n24.txt,HLCT,3,5,9,9,1200.0,1,11.1,4,44.4,10,1101.68,0.2,,,
CV_h5s3n25.txt,HLCT,3,5,9,9,1200.0,0,0.0,3,33.3,9,993.82,0.2,,,
CV_h5s3n26.txt,HLCT,3,5,9,9,1200.0,0,0.0,9,100.0,5,596.84,0.1,,,
CV_h5s3n27.txt,HLCT,3,5,9,9,1200.0,0,0.0,9,100.0,8,866.97,0.2,,,
CV_h5s3n28.txt,HLCT,3,5,9,9,1200.0,0,0.0,5,55.6,10,1110.05,0.2,,,
CV_h5s3n29.txt,HLCT,3,5,9,9,1200.0,0,0.0,1,11.1,2,221.51,0.2,,,
CV_h5s3n3.txt,HLCT,3,5,9,9,1200.0,0,0.0,9,100.0,2,225.78,0.1,,,
CV_h5s3n30.txt,HLCT,3,5,9,9,1200.0,0,0.0,9,100.0,10,1129.74,0.2,,,
CV_h5s3n31.txt,HLCT,3,5,9,9,1200.0,0,0.0,5,55.6,6,728.75,0.2,,,
CV_h5s3n32.txt,HLCT,3,5,9,9,1200.0,1,11.1,9,100.0,5,540.38,0.2,,,
CV_h5s3n33.txt,HLCT,3,5,9,9,1200.0,1,11.1,9,100.0,7,796.84,0.2,,,
CV_h5s3n34.txt,HLCT,3,5,9,9,1200.0,0,0.0,3,33.3,9,983.47,0.2,,,
CV_h5s3n35.txt,HLCT,3,5,9,9,1200.0,0,0.0,9,100.0,10,1090.52,0.2,,,
CV_h5s3n36.txt,HLCT,3,5,9,9,1200.0,0,0.0,3,33.3,9,1059.12,0.2,,,
CV_h5s3n37.txt,HLCT,3,5,9,9,1200.0,0,0.0,4,44.4,6,731.35,0.2,,,
CV_h5s3n38.txt,HLCT,3,5,9,9,1200.0,0,0.0,4,44.4,9,1003.10,0.2,,,
CV_h5s3n39.txt,HLCT,3,5,9,9,1200.0,9,100.0,9,100.0,0,0.00,0.0,,,
CV_h5s3n4.txt,HLCT,3,5,9,9,1200.0,1,11.1,9,100.0,8,884.92,0.2,,,
CV_h5s3n40.txt,HLCT,3,5,9,9,1200.0,1,11.1,6,66.7,9,975.36,0.2,,,
CV_h5s3n5.txt,HLCT,3,5,9,9,1200.0,4,44.4,9,100.0,5,538.08,0.1,,,
CV_h5s3n6.txt,HLCT,3,5,9,9,1200.0,0,0.0,1,11.1,2,229.47,0.2,,,
CV_h5s3n7.txt,HLCT,3,5,9,9,1200.0,0,0.0,9,100.0,10,1093.41,0.2,,,
CV_h5s3n8.txt,HLCT,3,5,9,9,1200.0,1,11.1,9,100.0,7,725.81,0.2,,,
CV_h5s3n9.txt,HLCT,3,5,9,9,1200.0,0,0.0,7,77.8,11,1193.32,0.2,,,
CV_h5s4n1.txt,HLCT,4,5,12,12,1200.0,2,16.7,9,75.0,10,1156.61,0.7,,,
CV_h5s4n10.txt,HLCT,4,5,12,12,1200.0,0,0.0,4,33.3,9,1108.85,0.4,,,
CV_h5s4n11.txt,HLCT,4,5,12,12,1200.0,1,8.3,5,41.7,9,1045.15,0.4,,,
CV_h5s4n12.txt,HLCT,4,5,12,12,1200.0,1,8.3,10,83.3,8,908.35,0.7,,,
CV_h5s4n13.txt,HLCT,4,5,12,12,1200.0,1,8.3,12,100.0,5,574.90,0.2,,,
CV_h5s4n14.txt,HLCT,4,5,12,12,1200.0,0,0.0,12,100.0,10,1189.27,0.7,,,
CV_h5s4n15.txt,HLCT,4,5,12,12,1200.0,0,0.0,12,100.0,10,1186.81,0.4,,,
CV_h5s4n16.txt,HLCT,4,5,12,12,1200.0,0,0.0,4,33.3,10,1118.45,0.4,,,
CV_h5s4n17.txt,HLCT,4,5,12,12,1200.0,0,0.0,12,100.0,10,1148.32,0.4,,,
CV_h5s4n18.txt,HLCT,4,5,12,12,1200.0,0,0.0,6,50.0,9,1075.59,0.4,,,
CV_h5s4n19.txt,HLCT,4,5,12,12,1200.0,0,0.0,7,58.3,8,932.53,0.3,,,
CV_h5s4n2.txt,HLCT,4,5,12,12,1200.0,0,0.0,12,100.0,8,905.16,0.2,,,
CV_h5s4n20.txt,HLCT,4,5,12,12,1200.0,0,0.0,12,100.0,8,932.42,0.4,,,
CV_h5s4n21.txt,HLCT,4,5,12,12,1200.0,1,8.3,6,50.0,8,929.53,0.4,,,
CV_h5s4n22.txt,HLCT,4,5,12,12,1200.0,0,0.0,9,75.0,10,1149.79,0.4,,,
CV_h5s4n23.txt,HLCT,4,5,12,12,1200.0,3,25.0,12,100.0,7,823.30,0.2,,,
CV_h5s4n24.txt,HLCT,4,5,12,12,1200.0,0,0.0,6,50.0,9,1066.31,0.4,,,
CV_h5s4n25.txt,HLCT,4,5,12,12,1200.0,0,0.0,12,100.0,10,1163.13,0.4,,,
CV_h5s4n26.txt,HLCT,4,5,12,12,1200.0,1,8.3,12,100.0,9,1026.89,0.3,,,
CV_h5s4n27.txt,HLCT,4,5,12,12,1200.0,4,33.3,12,100.0,5,550.62,0.2,,,
CV_h5s4n28.txt,HLCT,4,5,12,12,1200.0,0,0.0,4,33.3,10,1117.47,0.4,,,
CV_h5s4n29.txt,HLCT,4,5,12,12,1200.0,0,0.0,6,50.0,10,1138.30,0.5,,,
CV_h5s4n3.txt,HLCT,4,5,12,12,1200.0,1,8.3,7,58.3,8,955.49,0.4,,,
CV_h5s4n30.txt,HLCT,4,5,12,12,1200.0,0,0.0,7,58.3,10,1154.70,0.5,,,
CV_h5s4n31.txt,HLCT,4,5,12,12,1200.0,0,0.0,12,100.0,10,1077.03,0.8,,,
CV_h5s4n32.txt,HLCT,4,5,12,12,1200.0,0,0.0,12,100.0,9,1053.49,0.6,,,
CV_h5s4n33.txt,HLCT,4,5,12,12,1200.0,0,0.0,4,33.3,8,956.09,0.8,,,
CV_h5s4n34.txt,HLCT,4,5,12,12,1200.0,0,0.0,6,50.0,8,914.04,0.7,,,
CV_h5s4n35.txt,HLCT,4,5,12,12,1200.0,1,8.3,12,100.0,9,999.88,0.6,,,
CV_h5s4n36.txt,HLCT,4,5,12,12,1200.0,0,0.0,6,50.0,10,1140.85,0.7,,,
CV_h5s4n37.txt,HLCT,4,5,12,12,1200.0,3,25.0,8,66.7,9,1034.53,0.5,,,
CV_h5s4n38.txt,HLCT,4,5,12,12,1200.0,2,16.7,10,83.3,7,792.89,0.3,,,
CV_h5s4n39.txt,HLCT,4,5,12,12,1200.0,0,0.0,10,83.3,10,1102.42,0.5,,,
CV_h5s4n4.txt,HLCT,4,5,12,12,1200.0,0,0.0,12,100.0,9,1040.64,0.4,,,
CV_h5s4n40.txt,HLCT,4,5,12,12,1200.0,0,0.0,12,100.0,9,999.78,0.4,,,
CV_h5s4n5.txt,HLCT,4,5,12,12,1200.0,1,8.3,7,58.3,8,928.82,0.4,,,
CV_h5s4n6.txt,HLCT,4,5,12,12,1200.0,0,0.0,5,41.7,9,980.29,0.5,,,
CV_h5s4n7.txt,HLCT,4,5,12,12,1200.0,0,0.0,3,25.0,8,933.98,0.4,,,
CV_h5s4n8.txt,HLCT,4,5,12,12,1200.0,2,16.7,8,66.7,6,669.71,0.4,,,
CV_h5s4n9.txt,HLCT,4,5,12,12,1200.0,0,0.0,12,100.0,7,880.09,0.4,,,
CV_h5s5n1.txt,HLCT,5,5,15,15,1200.0,1,6.7,12,80.0,9,1040.55,0.6,,,
CV_h5s5n10.txt,HLCT,5,5,15,15,1200.0,3,20.0,13,86.7,7,855.09,0.4,,,
CV_h5s5n11.txt,HLCT,5,5,15,15,1200.0,0,0.0,5,33.3,8,1028.53,0.6,,,
CV_h5s5n12.txt,HLCT,5,5,15,15,1200.0,0,0.0,10,66.7,10,1162.07,0.6,,,
CV_h5s5n13.txt,HLCT,5,5,15,15,1200.0,0,0.0,5,33.3,8,907.74,0.6,,,
CV_h5s5n14.txt,HLCT,5,5,15,15,1200.0,0,0.0,15,100.0,10,1160.87,0.5,,,
CV_h5s5n15.txt,HLCT,5,5,15,15,1200.0,0,0.0,10,66.7,9,1082.81,0.5,,,
CV_h5s5n16.txt,HLCT,5,5,15,15,1200.0,0,0.0,15,100.0,9,1065.81,0.6,,,
CV_h5s5n17.txt,HLCT,5,5,15,15,1200.0,0,0.0,11,73.3,7,850.42,0.6,,,
CV_h5s5n18.txt,HLCT,5,5,15,15,1200.0,1,6.7,13,86.7,10,1186.86,0.6,,,
CV_h5s5n19.txt,HLCT,5,5,15,15,1200.0,1,6.7,8,53.3,8,973.89,0.6,,,
CV_h5s5n2.txt,HLCT,5,5,15,15,1200.0,0,0.0,7,46.7,9,1072.59,0.6,,,
CV_h5s5n20.txt,HLCT,5,5,15,15,1200.0,0,0.0,11,73.3,10,1191.05,0.6,,,
CV_h5s5n21.txt,HLCT,5,5,15,15,1200.0,0,0.0,13,86.7,9,1078.76,0.7,,,
CV_h5s5n22.txt,HLCT,5,5,15,15,1200.0,1,6.7,7,46.7,10,1154.23,0.6,,,
CV_h5s5n23.txt,HLCT,5,5,15,15,1200.0,1,6.7,11,73.3,9,1049.20,0.6,,,
CV_h5s5n24.txt,HLCT,5,5,15,15,1200.0,0,0.0,5,33.3,9,1101.81,0.6,,,
CV_h5s5n25.txt,HLCT,5,5,15,15,1200.0,2,13.3,12,80.0,10,1195.93,0.5,,,
CV_h5s5n26.txt,HLCT,5,5,15,15,1200.0,0,0.0,10,66.7,10,1192.83,0.6,,,
CV_h5s5n27.txt,HLCT,5,5,15,15,1200.0,0,0.0,11,73.3,8,947.59,0.6,,,
CV_h5s5n28.txt,HLCT,5,5,15,15,1200.0,0,0.0,9,60.0,7,796.52,0.5,,,
CV_h5s5n29.txt,HLCT,5,5,15,15,1200.0,0,0.0,10,66.7,10,1189.55,0.7,,,
CV_h5s5n3.txt,HLCT,5,5,15,15,1200.0,0,0.0,13,86.7,9,1069.32,0.5,,,
CV_h5s5n30.txt,HLCT,5,5,15,15,1200.0,0,0.0,15,100.0,10,1131.94,0.6,,,
CV_h5s5n31.txt,HLCT,5,5,15,15,1200.0,1,6.7,6,40.0,9,1045.04,0.6,,,
CV_h5s5n32.txt,HLCT,5,5,15,15,1200.0,0,0.0,15,100.0,9,1098.70,0.5,,,
CV_h5s5n33.txt,HLCT,5,5,15,15,1200.0,1,6.7,11,73.3,9,1034.48,0.5,,,
CV_h5s5n34.txt,HLCT,5,5,15,15,1200.0,0,0.0,12,80.0,8,990.72,0.6,,,
CV_h5s5n35.txt,HLCT,5,5,15,15,1200.0,1,6.7,10,66.7,6,716.79,0.6,,,
CV_h5s5n36.txt,HLCT,5,5,15,15,1200.0,1,6.7,11,73.3,10,1160.75,0.7,,,
CV_h5s5n37.txt,HLCT,5,5,15,15,1200.0,0,0.0,4,26.7,9,1109.67,0.6,,,
CV_h5s5n38.txt,HLCT,5,5,15,15,1200.0,0,0.0,15,100.0,7,797.68,0.4,,,
CV_h5s5n39.txt,HLCT,5,5,15,15,1200.0,0,0.0,15,100.0,10,1167.85,0.5,,,
CV_h5s5n4.txt,HLCT,5,5,15,15,1200.0,0,0.0,15,100.0,6,723.87,0.6,,,
CV_h5s5n40.txt,HLCT,5,5,15,15,1200.0,2,13.3,12,80.0,9,1087.77,0.7,,,
CV_h5s5n5.txt,HLCT,5,5,15,15,1200.0,0,0.0,5,33.3,9,1051.46,0.7,,,
CV_h5s5n6.txt,HLCT,5,5,15,15,1200.0,0,0.0,7,46.7,9,1098.59,0.7,,,
CV_h5s5n7.txt,HLCT,5,5,15,15,1200.0,0,0.0,15,100.0,7,807.93,0.6,,,
CV_h5s5n8.txt,HLCT,5,5,15,15,1200.0,0,0.0,8,53.3,10,1175.54,0.6,,,
CV_h5s5n9.txt,HLCT,5,5,15,15,1200.0,0,0.0,8,53.3,10,1152.50,0.6,,,
CV_h5s6n1.txt,HLCT,6,5,18,18,1200.0,0,0.0,6,33.3,8,1017.84,0.9,,,
CV_h5s6n10.txt,HLCT,6,5,18,18,1200.0,1,5.6,18,100.0,10,1170.34,1.0,,,
CV_h5s6n11.txt,HLCT,6,5,18,18,1200.0,3,16.7,18,100.0,4,476.03,0.3,,,
CV_h5s6n12.txt,HLCT,6,5,18,18,1200.0,0,0.0,6,33.3,8,961.54,0.9,,,
CV_h5s6n13.txt,HLCT,6,5,18,18,1200.0,0,0.0,12,66.7,9,1074.76,0.8,,,
CV_h5s6n14.txt,HLCT,6,5,18,18,1200.0,0,0.0,12,66.7,8,1000.33,0.8,,,
CV_h5s6n15.txt,HLCT,6,5,18,18,1200.0,0,0.0,6,33.3,8,971.36,0.9,,,
CV_h5s6n16.txt,HLCT,6,5,18,18,1200.0,0,0.0,8,44.4,9,1091.26,0.8,,,
CV_h5s6n17.txt,HLCT,6,5,18,18,1200.0,0,0.0,7,38.9,8,971.08,0.8,,,
CV_h5s6n18.txt,HLCT,6,5,18,18,1200.0,2,11.1,16,88.9,7,814.20,0.7,,,
CV_h5s6n19.txt,HLCT,6,5,18,18,1200.0,0,0.0,5,27.8,9,1095.21,0.7,,,
CV_h5s6n2.txt,HLCT,6,5,18,18,1200.0,0,0.0,15,83.3,9,1072.07,0.8,,,
CV_h5s6n20.txt,HLCT,6,5,18,18,1200.0,0,0.0,14,77.8,10,1144.88,0.8,,,
CV_h5s6n21.txt,HLCT,6,5,18,18,1200.0,1,5.6,9,50.0,9,1113.70,0.9,,,
CV_h5s6n22.txt,HLCT,6,5,18,18,1200.0,0,0.0,4,22.2,9,1120.81,0.7,,,
CV_h5s6n23.txt,HLCT,6,5,18,18,1200.0,0,0.0,7,38.9,8,1038.73,1.4,,,
CV_h5s6n24.txt,HLCT,6,5,18,18,1200.0,0,0.0,6,33.3,8,988.56,1.3,,,
CV_h5s6n25.txt,HLCT,6,5,18,18,1200.0,1,5.6,13,72.2,8,993.53,1.3,,,
CV_h5s6n26.txt,HLCT,6,5,18,18,1200.0,0,0.0,5,27.8,9,1098.83,1.3,,,
CV_h5s6n27.txt,HLCT,6,5,18,18,1200.0,1,5.6,9,50.0,9,1134.69,1.3,,,
CV_h5s6n28.txt,HLCT,6,5,18,18,1200.0,2,11.1,13,72.2,8,915.80,1.1,,,
CV_h5s6n29.txt,HLCT,6,5,18,18,1200.0,0,0.0,7,38.9,9,1015.15,1.3,,,
CV_h5s6n3.txt,HLCT,6,5,18,18,1200.0,0,0.0,6,33.3,8,967.59,0.9,,,
CV_h5s6n30.txt,HLCT,6,5,18,18,1200.0,4,22.2,9,50.0,10,1184.76,0.8,,,
CV_h5s6n31.txt,HLCT,6,5,18,18,1200.0,0,0.0,11,61.1,9,1110.31,0.8,,,
CV_h5s6n32.txt,HLCT,6,5,18,18,1200.0,0,0.0,15,83.3,10,1194.53,0.8,,,
CV_h5s6n33.txt,HLCT,6,5,18,18,1200.0,1,5.6,13,72.2,10,1192.84,0.8,,,
CV_h5s6n34.txt,HLCT,6,5,18,18,1200.0,0,0.0,14,77.8,9,1103.88,1.0,,,
CV_h5s6n35.txt,HLCT,6,5,18,18,1200.0,1,5.6,18,100.0,7,878.65,0.7,,,
CV_h5s6n36.txt,HLCT,6,5,18,18,1200.0,2,11.1,9,50.0,10,1141.50,1.0,,,
CV_h5s6n37.txt,HLCT,6,5,18,18,1200.0,0,0.0,5,27.8,8,935.22,0.8,,,
CV_h5s6n38.txt,HLCT,6,5,18,18,1200.0,0,0.0,10,55.6,8,977.08,0.9,,,
CV_h5s6n39.txt,HLCT,6,5,18,18,1200.0,0,0.0,10,55.6,9,1107.33,0.9,,,
CV_h5s6n4.txt,HLCT,6,5,18,18,1200.0,0,0.0,9,50.0,10,1164.07,0.8,,,
CV_h5s6n40.txt,HLCT,6,5,18,18,1200.0,1,5.6,9,50.0,10,1161.60,0.9,,,
CV_h5s6n5.txt,HLCT,6,5,18,18,1200.0,0,0.0,18,100.0,7,850.31,0.6,,,
CV_h5s6n6.txt,HLCT,6,5,18,18,1200.0,0,0.0,7,38.9,9,1120.05,0.7,,,
CV_h5s6n7.txt,HLCT,6,5,18,18,1200.0,0,0.0,7,38.9,8,955.89,0.9,,,
CV_h5s6n8.txt,HLCT,6,5,18,18,1200.0,1,5.6,6,33.3,9,1112.13,0.8,,,
CV_h5s6n9.txt,HLCT,6,5,18,18,1200.0,0,0.0,7,38.9,8,986.46,0.8,,,
CV_h5s7n1.txt,HLCT,7,5,21,21,1200.0,0,0.0,19,90.5,10,1174.11,1.0,,,
CV_h5s7n10.txt,HLCT,7,5,21,21,1200.0,0,0.0,17,81.0,10,1185.31,1.2,,,
CV_h5s7n11.txt,HLCT,7,5,21,21,1200.0,0,0.0,11,52.4,9,1118.55,1.2,,,
CV_h5s7n12.txt,HLCT,7,5,21,21,1200.0,1,4.8,14,66.7,10,1190.08,1.1,,,
CV_h5s7n13.txt,HLCT,7,5,21,21,1200.0,0,0.0,13,61.9,9,1125.83,1.1,,,
CV_h5s7n14.txt,HLCT,7,5,21,21,1200.0,0,0.0,16,76.2,10,1173.33,1.1,,,
CV_h5s7n15.txt,HLCT,7,5,21,21,1200.0,0,0.0,15,71.4,10,1169.71,1.1,,,
CV_h5s7n16.txt,HLCT,7,5,21,21,1200.0,3,14.3,7,33.3,9,1055.52,1.1,,,
CV_h5s7n17.txt,HLCT,7,5,21,21,1200.0,1,4.8,11,52.4,7,839.86,1.1,,,
CV_h5s7n18.txt,HLCT,7,5,21,21,1200.0,5,23.8,11,52.4,9,1045.77,1.1,,,
CV_h5s7n19.txt,HLCT,7,5,21,21,1200.0,0,0.0,7,33.3,8,995.73,1.0,,,
CV_h5s7n2.txt,HLCT,7,5,21,21,1200.0,0,0.0,15,71.4,8,960.77,1.1,,,
CV_h5s7n20.txt,HLCT,7,5,21,21,1200.0,0,0.0,16,76.2,9,1039.30,1.0,,,
CV_h5s7n21.txt,HLCT,7,5,21,21,1200.0,0,0.0,12,57.1,10,1191.55,1.1,,,
CV_h5s7n22.txt,HLCT,7,5,21,21,1200.0,0,0.0,7,33.3,9,1074.22,1.1,,,
CV_h5s7n23.txt,HLCT,7,5,21,21,1200.0,0,0.0,11,52.4,10,1177.71,1.2,,,
CV_h5s7n24.txt,HLCT,7,5,21,21,1200.0,1,4.8,18,85.7,9,1092.34,1.2,,,
CV_h5s7n25.txt,HLCT,7,5,21,21,1200.0,1,4.8,9,42.9,8,922.33,1.1,,,
CV_h5s7n26.txt,HLCT,7,5,21,21,1200.0,0,0.0,8,38.1,9,1116.29,1.1,,,
CV_h5s7n27.txt,HLCT,7,5,21,21,1200.0,0,0.0,8,38.1,9,1138.60,1.1,,,
CV_h5s7n28.txt,HLCT,7,5,21,21,1200.0,2,9.5,13,61.9,9,1125.14,1.0,,,
CV_h5s7n29.txt,HLCT,7,5,21,21,1200.0,1,4.8,5,23.8,8,926.81,1.0,,,
CV_h5s7n3.txt,HLCT,7,5,21,21,1200.0,3,14.3,9,42.9,9,1106.94,1.0,,,
CV_h5s7n30.txt,HLCT,7,5,21,21,1200.0,2,9.5,10,47.6,9,1109.16,1.1,,,
CV_h5s7n31.txt,HLCT,7,5,21,21,1200.0,0,0.0,9,42.9,9,1142.58,1.1,,,
CV_h5s7n32.txt,HLCT,7,5,21,21,1200.0,1,4.8,6,28.6,8,990.55,1.1,,,
CV_h5s7n33.txt,HLCT,7,5,21,21,1200.0,0,0.0,10,47.6,10,1198.23,1.1,,,
CV_h5s7n34.txt,HLCT,7,5,21,21,1200.0,0,0.0,15,71.4,9,1079.25,1.1,,,
CV_h5s7n35.txt,HLCT,7,5,21,21,1200.0,0,0.0,6,28.6,9,1133.46,1.1,,,
CV_h5s7n36.txt,HLCT,7,5,21,21,1200.0,0,0.0,11,52.4,9,1103.14,1.0,,,
CV_h5s7n37.txt,HLCT,7,5,21,21,1200.0,0,0.0,17,81.0,10,1158.23,1.2,,,
CV_h5s7n38.txt,HLCT,7,5,21,21,1200.0,1,4.8,4,19.0,8,962.62,1.0,,,
CV_h5s7n39.txt,HLCT,7,5,21,21,1200.0,0,0.0,16,76.2,10,1190.07,1.2,,,
CV_h5s7n4.txt,HLCT,7,5,21,21,1200.0,0,0.0,13,61.9,10,1188.87,1.1,,,
CV_h5s7n40.txt,HLCT,7,5,21,21,1200.0,0,0.0,9,42.9,9,1042.88,1.1,,,
CV_h5s7n5.txt,HLCT,7,5,21,21,1200.0,0,0.0,5,23.8,9,1052.12,1.1,,,
CV_h5s7n6.txt,HLCT,7,5,21,21,1200.0,1,4.8,12,57.1,9,1099.19,1.1,,,
CV_h5s7n7.txt,HLCT,7,5,21,21,1200.0,0,0.0,7,33.3,8,1003.68,1.1,,,
CV_h5s7n8.txt,HLCT,7,5,21,21,1200.0,0,0.0,14,66.7,9,1128.08,1.1,,,
CV_h5s7n9.txt,HLCT,7,5,21,21,1200.0,0,0.0,8,38.1,10,1180.21,1.1,,,
CV_h5s8n1.txt,HLCT,8,5,24,24,1200.0,0,0.0,10,41.7,9,1094.13,1.3,,,
CV_h5s8n10.txt,HLCT,8,5,24,24,1200.0,0,0.0,8,33.3,9,1109.65,1.4,,,
CV_h5s8n11.txt,HLCT,8,5,24,24,1200.0,1,4.2,15,62.5,9,1073.09,1.3,,,
CV_h5s8n12.txt,HLCT,8,5,24,24,1200.0,0,0.0,8,33.3,9,1033.11,1.4,,,
CV_h5s8n13.txt,HLCT,8,5,24,24,1200.0,0,0.0,10,41.7,9,1025.00,1.5,,,
CV_h5s8n14.txt,HLCT,8,5,24,24,1200.0,0,0.0,8,33.3,9,1122.39,1.4,,,
CV_h5s8n15.txt,HLCT,8,5,24,24,1200.0,0,0.0,17,70.8,9,1106.19,1.5,,,
CV_h5s8n16.txt,HLCT,8,5,24,24,1200.0,1,4.2,16,66.7,9,1081.46,1.4,,,
CV_h5s8n17.txt,HLCT,8,5,24,24,1200.0,1,4.2,14,58.3,9,1056.55,2.1,,,
CV_h5s8n18.txt,HLCT,8,5,24,24,1200.0,0,0.0,19,79.2,10,1176.01,1.5,,,
CV_h5s8n19.txt,HLCT,8,5,24,24,1200.0,0,0.0,11,45.8,10,1149.60,2.3,,,
CV_h5s8n2.txt,HLCT,8,5,24,24,1200.0,0,0.0,9,37.5,9,1060.40,1.4,,,
CV_h5s8n20.txt,HLCT,8,5,24,24,1200.0,0,0.0,8,33.3,9,1035.47,2.1,,,
CV_h5s8n21.txt,HLCT,8,5,24,24,1200.0,0,0.0,14,58.3,9,1054.05,1.4,,,
CV_h5s8n22.txt,HLCT,8,5,24,24,1200.0,0,0.0,13,54.2,9,1143.48,2.3,,,
CV_h5s8n23.txt,HLCT,8,5,24,24,1200.0,0,0.0,12,50.0,8,1004.64,1.4,,,
CV_h5s8n24.txt,HLCT,8,5,24,24,1200.0,0,0.0,16,66.7,8,967.13,1.4,,,
CV_h5s8n25.txt,HLCT,8,5,24,24,1200.0,1,4.2,16,66.7,9,1129.72,1.4,,,
CV_h5s8n26.txt,HLCT,8,5,24,24,1200.0,0,0.0,6,25.0,9,1050.44,1.3,,,
CV_h5s8n27.txt,HLCT,8,5,24,24,1200.0,0,0.0,24,100.0,9,1110.99,1.5,,,
CV_h5s8n28.txt,HLCT,8,5,24,24,1200.0,0,0.0,12,50.0,9,1117.41,1.5,,,
CV_h5s8n29.txt,HLCT,8,5,24,24,1200.0,0,0.0,7,29.2,9,1117.06,1.4,,,
CV_h5s8n3.txt,HLCT,8,5,24,24,1200.0,0,0.0,11,45.8,10,1149.97,1.5,,,
CV_h5s8n30.txt,HLCT,8,5,24,24,1200.0,0,0.0,11,45.8,9,1117.68,1.4,,,
CV_h5s8n31.txt,HLCT,8,5,24,24,1200.0,0,0.0,6,25.0,9,1101.11,1.3,,,
CV_h5s8n32.txt,HLCT,8,5,24,24,1200.0,0,0.0,6,25.0,9,1168.09,1.3,,,
CV_h5s8n33.txt,HLCT,8,5,24,24,1200.0,0,0.0,7,29.2,9,1114.03,1.5,,,
CV_h5s8n34.txt,HLCT,8,5,24,24,1200.0,0,0.0,5,20.8,9,1086.67,1.2,,,
CV_h5s8n35.txt,HLCT,8,5,24,24,1200.0,0,0.0,7,29.2,9,1072.18,1.4,,,
CV_h5s8n36.txt,HLCT,8,5,24,24,1200.0,0,0.0,6,25.0,9,1111.75,1.3,,,
CV_h5s8n37.txt,HLCT,8,5,24,24,1200.0,0,0.0,16,66.7,9,1123.21,1.5,,,
CV_h5s8n38.txt,HLCT,8,5,24,24,1200.0,0,0.0,9,37.5,9,1064.91,1.4,,,
CV_h5s8n39.txt,HLCT,8,5,24,24,1200.0,0,0.0,16,66.7,8,998.74,1.3,,,
CV_h5s8n4.txt,HLCT,8,5,24,24,1200.0,1,4.2,9,37.5,9,1155.50,1.4,,,
CV_h5s8n40.txt,HLCT,8,5,24,24,1200.0,1,4.2,11,45.8,9,1106.75,1.5,,,
CV_h5s8n5.txt,HLCT,8,5,24,24,1200.0,0,0.0,8,33.3,8,986.25,1.4,,,
CV_h5s8n6.txt,HLCT,8,5,24,24,1200.0,0,0.0,8,33.3,9,1103.71,1.4,,,
CV_h5s8n7.txt,HLCT,8,5,24,24,1200.0,0,0.0,7,29.2,8,987.30,1.5,,,
CV_h5s8n8.txt,HLCT,8,5,24,24,1200.0,2,8.3,9,37.5,9,1149.96,1.4,,,
CV_h5s8n9.txt,HLCT,8,5,24,24,1200.0,0,0.0,13,54.2,9,1126.90,1.5,,,
CV_h6s4n1.txt,HLCT,4,6,16,16,1200.0,0,0.0,4,25.0,8,934.17,0.6,,,
CV_h6s4n10.txt,HLCT,4,6,16,16,1200.0,0,0.0,8,50.0,9,1128.58,0.5,,,
CV_h6s4n11.txt,HLCT,4,6,16,16,1200.0,0,0.0,3,18.8,6,717.03,0.4,,,
CV_h6s4n12.txt,HLCT,4,6,16,16,1200.0,3,18.8,5,31.2,7,814.59,0.6,,,
CV_h6s4n13.txt,HLCT,4,6,16,16,1200.0,0,0.0,6,37.5,8,931.84,0.6,,,
CV_h6s4n14.txt,HLCT,4,6,16,16,1200.0,0,0.0,3,18.8,8,954.25,0.6,,,
CV_h6s4n15.txt,HLCT,4,6,16,16,1200.0,1,6.2,10,62.5,9,1037.63,0.6,,,
CV_h6s4n16.txt,HLCT,4,6,16,16,1200.0,0,0.0,2,12.5,4,456.74,0.8,,,
CV_h6s4n17.txt,HLCT,4,6,16,16,1200.0,0,0.0,4,25.0,8,973.07,0.5,,,
CV_h6s4n18.txt,HLCT,4,6,16,16,1200.0,0,0.0,4,25.0,9,1128.16,0.5,,,
CV_h6s4n19.txt,HLCT,4,6,16,16,1200.0,0,0.0,6,37.5,10,1159.43,0.6,,,
CV_h6s4n2.txt,HLCT,4,6,16,16,1200.0,0,0.0,10,62.5,10,1194.88,0.6,,,
CV_h6s4n20.txt,HLCT,4,6,16,16,1200.0,0,0.0,7,43.8,9,1050.32,0.6,,,
CV_h6s4n21.txt,HLCT,4,6,16,16,1200.0,0,0.0,4,25.0,9,1120.73,0.6,,,
CV_h6s4n22.txt,HLCT,4,6,16,16,1200.0,0,0.0,5,31.2,8,972.09,0.6,,,
CV_h6s4n23.txt,HLCT,4,6,16,16,1200.0,0,0.0,6,37.5,8,978.45,0.5,,,
CV_h6s4n24.txt,HLCT,4,6,16,16,1200.0,0,0.0,6,37.5,10,1175.55,0.5,,,
CV_h6s4n25.txt,HLCT,4,6,16,16,1200.0,1,6.2,5,31.2,8,985.98,0.5,,,
CV_h6s4n26.txt,HLCT,4,6,16,16,1200.0,0,0.0,5,31.2,6,741.70,0.6,,,
CV_h6s4n27.txt,HLCT,4,6,16,16,1200.0,0,0.0,4,25.0,4,448.06,0.5,,,
CV_h6s4n28.txt,HLCT,4,6,16,16,1200.0,0,0.0,4,25.0,9,1022.92,0.6,,,
CV_h6s4n29.txt,HLCT,4,6,16,16,1200.0,0,0.0,6,37.5,6,708.50,0.5,,,
CV_h6s4n3.txt,HLCT,4,6,16,16,1200.0,2,12.5,5,31.2,10,1162.86,0.6,,,
CV_h6s4n30.txt,HLCT,4,6,16,16,1200.0,0,0.0,6,37.5,10,1172.73,0.7,,,
CV_h6s4n31.txt,HLCT,4,6,16,16,1200.0,1,6.2,6,37.5,9,1124.21,0.5,,,
CV_h6s4n32.txt,HLCT,4,6,16,16,1200.0,2,12.5,4,25.0,7,794.01,0.6,,,
CV_h6s4n33.txt,HLCT,4,6,16,16,1200.0,0,0.0,5,31.2,8,955.79,0.6,,,
CV_h6s4n34.txt,HLCT,4,6,16,16,1200.0,1,6.2,4,25.0,9,1180.24,0.5,,,
CV_h6s4n35.txt,HLCT,4,6,16,16,1200.0,0,0.0,3,18.8,9,1126.98,0.5,,,
CV_h6s4n36.txt,HLCT,4,6,16,16,1200.0,0,0.0,5,31.2,10,1191.30,0.6,,,
CV_h6s4n37.txt,HLCT,4,6,16,16,1200.0,1,6.2,10,62.5,9,1100.10,0.6,,,
CV_h6s4n38.txt,HLCT,4,6,16,16,1200.0,0,0.0,3,18.8,6,701.38,0.6,,,
CV_h6s4n39.txt,HLCT,4,6,16,16,1200.0,1,6.2,3,18.8,7,814.16,0.6,,,
CV_h6s4n4.txt,HLCT,4,6,16,16,1200.0,1,6.2,9,56.2,9,1071.04,0.5,,,
CV_h6s4n40.txt,HLCT,4,6,16,16,1200.0,0,0.0,3,18.8,9,1063.96,0.6,,,
CV_h6s4n5.txt,HLCT,4,6,16,16,1200.0,0,0.0,9,56.2,10,1120.61,0.6,,,
CV_h6s4n6.txt,HLCT,4,6,16,16,1200.0,1,6.2,16,100.0,9,1068.40,0.4,,,
CV_h6s4n7.txt,HLCT,4,6,16,16,1200.0,0,0.0,5,31.2,9,1115.48,0.6,,,
CV_h6s4n8.txt,HLCT,4,6,16,16,1200.0,1,6.2,4,25.0,9,1163.49,0.5,,,
CV_h6s4n9.txt,HLCT,4,6,16,16,1200.0,0,0.0,16,100.0,7,868.75,0.9,,,
CV_h6s5n1.txt,HLCT,5,6,20,20,1200.0,0,0.0,5,25.0,9,1115.72,1.4,,,
CV_h6s5n10.txt,HLCT,5,6,20,20,1200.0,0,0.0,6,30.0,7,910.95,1.5,,,
CV_h6s5n11.txt,HLCT,5,6,20,20,1200.0,1,5.0,10,50.0,8,952.96,1.3,,,
CV_h6s5n12.txt,HLCT,5,6,20,20,1200.0,0,0.0,6,30.0,9,1152.96,1.5,,,
CV_h6s5n13.txt,HLCT,5,6,20,20,1200.0,1,5.0,9,45.0,9,1163.53,1.3,,,
CV_h6s5n14.txt,HLCT,5,6,20,20,1200.0,0,0.0,5,25.0,8,948.80,1.5,,,
CV_h6s5n15.txt,HLCT,5,6,20,20,1200.0,0,0.0,5,25.0,8,1022.53,0.8,,,
CV_h6s5n16.txt,HLCT,5,6,20,20,1200.0,0,0.0,4,20.0,8,983.02,0.8,,,
CV_h6s5n17.txt,HLCT,5,6,20,20,1200.0,1,5.0,4,20.0,9,998.39,0.8,,,
CV_h6s5n18.txt,HLCT,5,6,20,20,1200.0,0,0.0,5,25.0,9,1109.84,0.8,,,
CV_h6s5n19.txt,HLCT,5,6,20,20,1200.0,0,0.0,5,25.0,8,1013.89,0.9,,,
CV_h6s5n2.txt,HLCT,5,6,20,20,1200.0,0,0.0,8,40.0,9,1118.27,0.9,,,
CV_h6s5n20.txt,HLCT,5,6,20,20,1200.0,0,0.0,9,45.0,9,1166.84,0.8,,,
CV_h6s5n21.txt,HLCT,5,6,20,20,1200.0,0,0.0,4,20.0,8,986.71,0.8,,,
CV_h6s5n22.txt,HLCT,5,6,20,20,1200.0,0,0.0,5,25.0,8,984.39,0.9,,,
CV_h6s5n23.txt,HLCT,5,6,20,20,1200.0,0,0.0,6,30.0,9,1016.53,0.9,,,
CV_h6s5n24.txt,HLCT,5,6,20,20,1200.0,1,5.0,3,15.0,8,882.86,0.8,,,
CV_h6s5n25.txt,HLCT,5,6,20,20,1200.0,0,0.0,9,45.0,9,1084.44,0.7,,,
CV_h6s5n26.txt,HLCT,5,6,20,20,1200.0,0,0.0,4,20.0,9,1124.64,0.8,,,
CV_h6s5n27.txt,HLCT,5,6,20,20,1200.0,0,0.0,8,40.0,8,1027.27,0.9,,,
CV_h6s5n28.txt,HLCT,5,6,20,20,1200.0,0,0.0,7,35.0,8,974.94,0.9,,,
CV_h6s5n29.txt,HLCT,5,6,20,20,1200.0,0,0.0,7,35.0,10,1184.61,0.9,,,
CV_h6s5n3.txt,HLCT,5,6,20,20,1200.0,1,5.0,5,25.0,7,818.18,0.9,,,
CV_h6s5n30.txt,HLCT,5,6,20,20,1200.0,0,0.0,3,15.0,8,987.25,0.8,,,
CV_h6s5n31.txt,HLCT,5,6,20,20,1200.0,0,0.0,4,20.0,9,1183.38,0.7,,,
CV_h6s5n32.txt,HLCT,5,6,20,20,1200.0,3,15.0,8,40.0,8,921.10,0.9,,,
CV_h6s5n33.txt,HLCT,5,6,20,20,1200.0,1,5.0,5,25.0,5,625.74,0.8,,,
CV_h6s5n34.txt,HLCT,5,6,20,20,1200.0,0,0.0,4,20.0,9,1066.46,0.8,,,
CV_h6s5n35.txt,HLCT,5,6,20,20,1200.0,0,0.0,4,20.0,9,1024.01,0.8,,,
CV_h6s5n36.txt,HLCT,5,6,20,20,1200.0,0,0.0,6,30.0,9,1107.57,0.9,,,
CV_h6s5n37.txt,HLCT,5,6,20,20,1200.0,0,0.0,2,10.0,8,911.03,0.7,,,
CV_h6s5n38.txt,HLCT,5,6,20,20,1200.0,1,5.0,6,30.0,9,1136.47,0.8,,,
CV_h6s5n39.txt,HLCT,5,6,20,20,1200.0,0,0.0,7,35.0,8,962.15,0.8,,,
CV_h6s5n4.txt,HLCT,5,6,20,20,1200.0,0,0.0,9,45.0,6,656.42,0.7,,,
CV_h6s5n40.txt,HLCT,5,6,20,20,1200.0,1,5.0,7,35.0,9,1110.18,0.9,,,
CV_h6s5n5.txt,HLCT,5,6,20,20,1200.0,0,0.0,4,20.0,9,1156.50,0.8,,,
CV_h6s5n6.txt,HLCT,5,6,20,20,1200.0,0,0.0,4,20.0,9,1018.90,0.9,,,
CV_h6s5n7.txt,HLCT,5,6,20,20,1200.0,0,0.0,8,40.0,9,1126.21,0.9,,,
CV_h6s5n8.txt,HLCT,5,6,20,20,1200.0,0,0.0,5,25.0,9,1074.92,0.8,,,
CV_h6s5n9.txt,HLCT,5,6,20,20,1200.0,1,5.0,6,30.0,8,1018.74,0.7,,,
CV_h6s6n1.txt,HLCT,6,6,24,24,1200.0,0,0.0,9,37.5,10,1194.60,1.2,,,
CV_h6s6n10.txt,HLCT,6,6,24,24,1200.0,0,0.0,6,25.0,8,1008.31,1.2,,,
CV_h6s6n11.txt,HLCT,6,6,24,24,1200.0,0,0.0,4,16.7,9,1128.67,1.0,,,
CV_h6s6n12.txt,HLCT,6,6,24,24,1200.0,2,8.3,6,25.0,9,1174.77,1.1,,,
CV_h6s6n13.txt,HLCT,6,6,24,24,1200.0,0,0.0,9,37.5,10,1195.67,1.2,,,
CV_h6s6n14.txt,HLCT,6,6,24,24,1200.0,0,0.0,9,37.5,8,942.98,1.2,,,
CV_h6s6n15.txt,HLCT,6,6,24,24,1200.0,1,4.2,7,29.2,8,975.98,1.2,,,
CV_h6s6n16.txt,HLCT,6,6,24,24,1200.0,2,8.3,12,50.0,9,1152.16,1.1,,,
CV_h6s6n17.txt,HLCT,6,6,24,24,1200.0,0,0.0,5,20.8,9,1178.67,1.2,,,
CV_h6s6n18.txt,HLCT,6,6,24,24,1200.0,0,0.0,4,16.7,8,976.24,1.1,,,
CV_h6s6n19.txt,HLCT,6,6,24,24,1200.0,0,0.0,3,12.5,8,930.08,1.1,,,
CV_h6s6n2.txt,HLCT,6,6,24,24,1200.0,1,4.2,9,37.5,10,1189.93,1.2,,,
CV_h6s6n20.txt,HLCT,6,6,24,24,1200.0,0,0.0,11,45.8,9,1088.62,1.1,,,
CV_h6s6n21.txt,HLCT,6,6,24,24,1200.0,0,0.0,8,33.3,9,1147.32,1.2,,,
CV_h6s6n22.txt,HLCT,6,6,24,24,1200.0,0,0.0,9,37.5,8,948.41,1.2,,,
CV_h6s6n23.txt,HLCT,6,6,24,24,1200.0,0,0.0,8,33.3,9,1116.81,1.2,,,
CV_h6s6n24.txt,HLCT,6,6,24,24,1200.0,0,0.0,6,25.0,9,1028.10,1.3,,,
CV_h6s6n25.txt,HLCT,6,6,24,24,1200.0,1,4.2,4,16.7,9,1162.90,1.1,,,
CV_h6s6n26.txt,HLCT,6,6,24,24,1200.0,0,0.0,6,25.0,9,1147.84,1.1,,,
CV_h6s6n27.txt,HLCT,6,6,24,24,1200.0,1,4.2,6,25.0,9,1029.79,1.2,,,
CV_h6s6n28.txt,HLCT,6,6,24,24,1200.0,1,4.2,6,25.0,9,1108.97,1.1,,,
CV_h6s6n29.txt,HLCT,6,6,24,24,1200.0,0,0.0,5,20.8,9,1144.75,1.1,,,
CV_h6s6n3.txt,HLCT,6,6,24,24,1200.0,3,12.5,9,37.5,9,1020.65,1.3,,,
CV_h6s6n30.txt,HLCT,6,6,24,24,1200.0,0,0.0,9,37.5,9,1062.19,1.2,,,
CV_h6s6n31.txt,HLCT,6,6,24,24,1200.0,1,4.2,12,50.0,10,1184.52,1.2,,,
CV_h6s6n32.txt,HLCT,6,6,24,24,1200.0,0,0.0,8,33.3,9,1169.34,1.2,,,
CV_h6s6n33.txt,HLCT,6,6,24,24,1200.0,0,0.0,7,29.2,10,1176.73,1.2,,,
CV_h6s6n34.txt,HLCT,6,6,24,24,1200.0,0,0.0,7,29.2,9,1177.08,1.1,,,
CV_h6s6n35.txt,HLCT,6,6,24,24,1200.0,0,0.0,4,16.7,8,944.66,1.2,,,
CV_h6s6n36.txt,HLCT,6,6,24,24,1200.0,0,0.0,4,16.7,8,979.03,1.1,,,
CV_h6s6n37.txt,HLCT,6,6,24,24,1200.0,0,0.0,5,20.8,10,1189.63,1.1,,,
CV_h6s6n38.txt,HLCT,6,6,24,24,1200.0,0,0.0,7,29.2,9,1051.70,1.1,,,
CV_h6s6n39.txt,HLCT,6,6,24,24,1200.0,0,0.0,4,16.7,10,1166.23,1.0,,,
CV_h6s6n4.txt,HLCT,6,6,24,24,1200.0,2,8.3,4,16.7,8,953.93,1.9,,,
CV_h6s6n40.txt,HLCT,6,6,24,24,1200.0,0,0.0,6,25.0,8,1001.01,1.9,,,
CV_h6s6n5.txt,HLCT,6,6,24,24,1200.0,0,0.0,2,8.3,7,889.99,1.5,,,
CV_h6s6n6.txt,HLCT,6,6,24,24,1200.0,0,0.0,5,20.8,8,951.39,1.1,,,
CV_h6s6n7.txt,HLCT,6,6,24,24,1200.0,0,0.0,5,20.8,9,1072.45,1.7,,,
CV_h6s6n8.txt,HLCT,6,6,24,24,1200.0,0,0.0,11,45.8,9,1148.37,2.0,,,
CV_h6s6n9.txt,HLCT,6,6,24,24,1200.0,1,4.2,8,33.3,9,1187.71,1.9,,,
CV_h6s7n1.txt,HLCT,7,6,28,28,1200.0,1,3.6,8,28.6,9,1151.54,1.5,,,
CV_h6s7n10.txt,HLCT,7,6,28,28,1200.0,2,7.1,10,35.7,8,946.61,1.7,,,
CV_h6s7n11.txt,HLCT,7,6,28,28,1200.0,0,0.0,7,25.0,9,1110.86,1.5,,,
CV_h6s7n12.txt,HLCT,7,6,28,28,1200.0,2,7.1,8,28.6,8,962.00,1.7,,,
CV_h6s7n13.txt,HLCT,7,6,28,28,1200.0,0,0.0,9,32.1,8,940.24,1.6,,,
CV_h6s7n14.txt,HLCT,7,6,28,28,1200.0,0,0.0,6,21.4,9,1106.02,1.6,,,
CV_h6s7n15.txt,HLCT,7,6,28,28,1200.0,0,0.0,7,25.0,9,1092.64,1.5,,,
CV_h6s7n16.txt,HLCT,7,6,28,28,1200.0,1,3.6,6,21.4,8,995.53,1.4,,,
CV_h6s7n17.txt,HLCT,7,6,28,28,1200.0,2,7.1,12,42.9,9,1133.98,1.8,,,
CV_h6s7n18.txt,HLCT,7,6,28,28,1200.0,1,3.6,4,14.3,8,935.66,1.4,,,
CV_h6s7n19.txt,HLCT,7,6,28,28,1200.0,0,0.0,9,32.1,9,1131.35,2.0,,,
CV_h6s7n2.txt,HLCT,7,6,28,28,1200.0,0,0.0,5,17.9,9,1187.36,1.4,,,
CV_h6s7n20.txt,HLCT,7,6,28,28,1200.0,1,3.6,6,21.4,9,1162.40,1.7,,,
CV_h6s7n21.txt,HLCT,7,6,28,28,1200.0,0,0.0,2,7.1,8,954.02,1.3,,,
CV_h6s7n22.txt,HLCT,7,6,28,28,1200.0,0,0.0,7,25.0,8,974.95,1.6,,,
CV_h6s7n23.txt,HLCT,7,6,28,28,1200.0,0,0.0,10,35.7,8,980.05,1.7,,,
CV_h6s7n24.txt,HLCT,7,6,28,28,1200.0,0,0.0,7,25.0,9,1182.26,1.5,,,
CV_h6s7n25.txt,HLCT,7,6,28,28,1200.0,0,0.0,5,17.9,9,1168.10,1.3,,,
CV_h6s7n26.txt,HLCT,7,6,28,28,1200.0,0,0.0,8,28.6,8,995.28,1.6,,,
CV_h6s7n27.txt,HLCT,7,6,28,28,1200.0,0,0.0,7,25.0,9,1061.00,1.4,,,
CV_h6s7n28.txt,HLCT,7,6,28,28,1200.0,0,0.0,3,10.7,8,942.24,1.3,,,
CV_h6s7n29.txt,HLCT,7,6,28,28,1200.0,1,3.6,6,21.4,9,1096.10,1.4,,,
CV_h6s7n3.txt,HLCT,7,6,28,28,1200.0,1,3.6,7,25.0,8,1036.78,1.6,,,
CV_h6s7n30.txt,HLCT,7,6,28,28,1200.0,1,3.6,8,28.6,10,1167.87,1.5,,,
CV_h6s7n31.txt,HLCT,7,6,28,28,1200.0,0,0.0,4,14.3,8,919.39,1.4,,,
CV_h6s7n32.txt,HLCT,7,6,28,28,1200.0,0,0.0,5,17.9,8,917.06,1.5,,,
CV_h6s7n33.txt,HLCT,7,6,28,28,1200.0,0,0.0,9,32.1,9,1126.00,1.6,,,
CV_h6s7n34.txt,HLCT,7,6,28,28,1200.0,0,0.0,4,14.3,9,1032.29,1.4,,,
CV_h6s7n35.txt,HLCT,7,6,28,28,1200.0,0,0.0,3,10.7,8,991.15,1.4,,,
CV_h6s7n36.txt,HLCT,7,6,28,28,1200.0,0,0.0,5,17.9,8,993.38,1.4,,,
CV_h6s7n37.txt,HLCT,7,6,28,28,1200.0,0,0.0,6,21.4,8,994.96,1.6,,,
CV_h6s7n38.txt,HLCT,7,6,28,28,1200.0,0,0.0,11,39.3,9,1122.05,1.5,,,
CV_h6s7n39.txt,HLCT,7,6,28,28,1200.0,1,3.6,8,28.6,10,1194.75,1.5,,,
CV_h6s7n4.txt,HLCT,7,6,28,28,1200.0,0,0.0,3,10.7,8,929.40,1.4,,,
CV_h6s7n40.txt,HLCT,7,6,28,28,1200.0,0,0.0,7,25.0,9,1068.89,1.5,,,
CV_h6s7n5.txt,HLCT,7,6,28,28,1200.0,0,0.0,5,17.9,8,937.64,1.5,,,
CV_h6s7n6.txt,HLCT,7,6,28,28,1200.0,2,7.1,4,14.3,7,876.87,1.3,,,
CV_h6s7n7.txt,HLCT,7,6,28,28,1200.0,1,3.6,7,25.0,8,990.00,1.7,,,
CV_h6s7n8.txt,HLCT,7,6,28,28,1200.0,0,0.0,6,21.4,9,1124.34,1.5,,,
CV_h6s7n9.txt,HLCT,7,6,28,28,1200.0,0,0.0,8,28.6,8,1004.37,1.4,,,
CV_h7s10n1.txt,HLCT,10,7,50,50,1200.0,0,0.0,2,4.0,8,1071.01,3.3,,,
CV_h7s10n10.txt,HLCT,10,7,50,50,1200.0,0,0.0,3,6.0,9,1103.69,3.5,,,
CV_h7s10n11.txt,HLCT,10,7,50,50,1200.0,0,0.0,5,10.0,9,1100.92,3.7,,,
CV_h7s10n12.txt,HLCT,10,7,50,50,1200.0,0,0.0,3,6.0,9,1145.29,3.3,,,
CV_h7s10n13.txt,HLCT,10,7,50,50,1200.0,0,0.0,8,16.0,9,1083.86,4.3,,,
CV_h7s10n14.txt,HLCT,10,7,50,50,1200.0,0,0.0,6,12.0,9,1173.11,3.7,,,
CV_h7s10n15.txt,HLCT,10,7,50,50,1200.0,0,0.0,4,8.0,9,1093.75,3.8,,,
CV_h7s10n16.txt,HLCT,10,7,50,50,1200.0,1,2.0,8,16.0,9,1107.37,4.1,,,
CV_h7s10n17.txt,HLCT,10,7,50,50,1200.0,0,0.0,5,10.0,9,1075.58,4.6,,,
CV_h7s10n18.txt,HLCT,10,7,50,50,1200.0,0,0.0,6,12.0,8,1025.21,4.1,,,
CV_h7s10n19.txt,HLCT,10,7,50,50,1200.0,1,2.0,6,12.0,9,1120.80,4.1,,,
CV_h7s10n2.txt,HLCT,10,7,50,50,1200.0,0,0.0,2,4.0,8,1078.57,3.3,,,
CV_h7s10n20.txt,HLCT,10,7,50,50,1200.0,0,0.0,6,12.0,9,1147.68,3.7,,,
CV_h7s10n21.txt,HLCT,10,7,50,50,1200.0,0,0.0,5,10.0,8,1018.02,3.7,,,
CV_h7s10n22.txt,HLCT,10,7,50,50,1200.0,0,0.0,3,6.0,8,1093.32,3.7,,,
CV_h7s10n23.txt,HLCT,10,7,50,50,1200.0,0,0.0,2,4.0,9,1123.73,3.1,,,
CV_h7s10n24.txt,HLCT,10,7,50,50,1200.0,0,0.0,3,6.0,9,1160.27,3.3,,,
CV_h7s10n25.txt,HLCT,10,7,50,50,1200.0,2,4.0,7,14.0,9,1102.65,4.0,,,
CV_h7s10n26.txt,HLCT,10,7,50,50,1200.0,0,0.0,5,10.0,9,1081.71,3.3,,,
CV_h7s10n27.txt,HLCT,10,7,50,50,1200.0,0,0.0,3,6.0,9,1092.63,3.8,,,
CV_h7s10n28.txt,HLCT,10,7,50,50,1200.0,0,0.0,2,4.0,9,1100.11,3.3,,,
CV_h7s10n29.txt,HLCT,10,7,50,50,1200.0,0,0.0,7,14.0,9,1044.00,4.4,,,
CV_h7s10n3.txt,HLCT,10,7,50,50,1200.0,0,0.0,4,8.0,9,1140.02,3.5,,,
CV_h7s10n30.txt,HLCT,10,7,50,50,1200.0,0,0.0,4,8.0,9,1066.55,6.9,,,
CV_h7s10n31.txt,HLCT,10,7,50,50,1200.0,1,2.0,6,12.0,9,1130.66,6.1,,,
CV_h7s10n32.txt,HLCT,10,7,50,50,1200.0,0,0.0,7,14.0,9,1092.17,7.6,,,
CV_h7s10n33.txt,HLCT,10,7,50,50,1200.0,0,0.0,5,10.0,9,1141.50,5.5,,,
CV_h7s10n34.txt,HLCT,10,7,50,50,1200.0,0,0.0,10,20.0,9,1088.65,7.7,,,
CV_h7s10n35.txt,HLCT,10,7,50,50,1200.0,0,0.0,4,8.0,9,1078.40,6.0,,,
CV_h7s10n36.txt,HLCT,10,7,50,50,1200.0,0,0.0,6,12.0,9,1100.02,6.4,,,
CV_h7s10n37.txt,HLCT,10,7,50,50,1200.0,0,0.0,8,16.0,9,1113.93,3.8,,,
CV_h7s10n38.txt,HLCT,10,7,50,50,1200.0,0,0.0,6,12.0,8,1072.46,4.1,,,
CV_h7s10n39.txt,HLCT,10,7,50,50,1200.0,0,0.0,5,10.0,8,962.21,3.6,,,
CV_h7s10n4.txt,HLCT,10,7,50,50,1200.0,0,0.0,8,16.0,10,1203.51,3.9,,,
CV_h7s10n40.txt,HLCT,10,7,50,50,1200.0,0,0.0,6,12.0,10,1149.47,3.6,,,
CV_h7s10n5.txt,HLCT,10,7,50,50,1200.0,0,0.0,5,10.0,9,1102.08,3.7,,,
CV_h7s10n6.txt,HLCT,10,7,50,50,1200.0,0,0.0,3,6.0,9,1089.33,3.5,,,
CV_h7s10n7.txt,HLCT,10,7,50,50,1200.0,0,0.0,4,8.0,9,1106.19,3.5,,,
CV_h7s10n8.txt,HLCT,10,7,50,50,1200.0,0,0.0,4,8.0,9,1103.86,3.7,,,
CV_h7s10n9.txt,HLCT,10,7,50,50,1200.0,0,0.0,6,12.0,8,964.53,4.3,,,
CV_h7s4n1.txt,HLCT,4,7,20,20,1200.0,0,0.0,3,15.0,8,931.35,0.7,,,
CV_h7s4n10.txt,HLCT,4,7,20,20,1200.0,0,0.0,3,15.0,5,606.84,0.7,,,
CV_h7s4n11.txt,HLCT,4,7,20,20,1200.0,0,0.0,5,25.0,9,1104.23,0.7,,,
CV_h7s4n12.txt,HLCT,4,7,20,20,1200.0,0,0.0,2,10.0,9,1104.91,0.6,,,
CV_h7s4n13.txt,HLCT,4,7,20,20,1200.0,0,0.0,1,5.0,4,454.06,0.6,,,
CV_h7s4n14.txt,HLCT,4,7,20,20,1200.0,0,0.0,3,15.0,4,492.38,0.7,,,
CV_h7s4n15.txt,HLCT,4,7,20,20,1200.0,0,0.0,7,35.0,5,613.43,0.8,,,
CV_h7s4n16.txt,HLCT,4,7,20,20,1200.0,0,0.0,2,10.0,5,599.86,0.7,,,
CV_h7s4n17.txt,HLCT,4,7,20,20,1200.0,0,0.0,2,10.0,9,1195.89,0.6,,,
CV_h7s4n18.txt,HLCT,4,7,20,20,1200.0,1,5.0,7,35.0,7,829.82,0.7,,,
CV_h7s4n19.txt,HLCT,4,7,20,20,1200.0,0,0.0,4,20.0,8,951.41,0.7,,,
CV_h7s4n2.txt,HLCT,4,7,20,20,1200.0,0,0.0,1,5.0,4,497.74,0.6,,,
CV_h7s4n20.txt,HLCT,4,7,20,20,1200.0,0,0.0,4,20.0,8,1016.55,0.7,,,
CV_h7s4n21.txt,HLCT,4,7,20,20,1200.0,0,0.0,5,25.0,9,1041.51,0.8,,,
CV_h7s4n22.txt,HLCT,4,7,20,20,1200.0,3,15.0,6,30.0,9,1115.10,0.7,,,
CV_h7s4n23.txt,HLCT,4,7,20,20,1200.0,0,0.0,7,35.0,5,559.79,0.7,,,
CV_h7s4n24.txt,HLCT,4,7,20,20,1200.0,0,0.0,1,5.0,4,510.24,0.6,,,
CV_h7s4n25.txt,HLCT,4,7,20,20,1200.0,3,15.0,8,40.0,9,1052.25,0.7,,,
CV_h7s4n26.txt,HLCT,4,7,20,20,1200.0,0,0.0,2,10.0,9,1106.97,0.6,,,
CV_h7s4n27.txt,HLCT,4,7,20,20,1200.0,0,0.0,6,30.0,10,1162.06,0.6,,,
CV_h7s4n28.txt,HLCT,4,7,20,20,1200.0,0,0.0,2,10.0,9,1103.12,0.7,,,
CV_h7s4n29.txt,HLCT,4,7,20,20,1200.0,1,5.0,4,20.0,9,1105.23,0.8,,,
CV_h7s4n3.txt,HLCT,4,7,20,20,1200.0,0,0.0,5,25.0,6,700.71,0.8,,,
CV_h7s4n30.txt,HLCT,4,7,20,20,1200.0,1,5.0,3,15.0,7,860.28,0.7,,,
CV_h7s4n31.txt,HLCT,4,7,20,20,1200.0,1,5.0,7,35.0,7,816.00,0.8,,,
CV_h7s4n32.txt,HLCT,4,7,20,20,1200.0,0,0.0,1,5.0,4,456.78,0.6,,,
CV_h7s4n33.txt,HLCT,4,7,20,20,1200.0,0,0.0,2,10.0,8,960.58,0.7,,,
CV_h7s4n34.txt,HLCT,4,7,20,20,1200.0,0,0.0,4,20.0,9,1124.19,0.7,,,
CV_h7s4n35.txt,HLCT,4,7,20,20,1200.0,0,0.0,8,40.0,9,1121.95,0.6,,,
CV_h7s4n36.txt,HLCT,4,7,20,20,1200.0,0,0.0,4,20.0,9,1090.93,0.8,,,
CV_h7s4n37.txt,HLCT,4,7,20,20,1200.0,0,0.0,1,5.0,4,499.07,0.5,,,
CV_h7s4n38.txt,HLCT,4,7,20,20,1200.0,0,0.0,2,10.0,8,991.08,0.7,,,
CV_h7s4n39.txt,HLCT,4,7,20,20,1200.0,0,0.0,3,15.0,8,1016.52,0.6,,,
CV_h7s4n4.txt,HLCT,4,7,20,20,1200.0,0,0.0,4,20.0,10,1178.48,0.7,,,
CV_h7s4n40.txt,HLCT,4,7,20,20,1200.0,0,0.0,4,20.0,9,1195.57,0.7,,,
CV_h7s4n5.txt,HLCT,4,7,20,20,1200.0,0,0.0,2,10.0,6,730.53,0.8,,,
CV_h7s4n6.txt,HLCT,4,7,20,20,1200.0,0,0.0,4,20.0,9,1078.25,0.8,,,
CV_h7s4n7.txt,HLCT,4,7,20,20,1200.0,0,0.0,5,25.0,6,693.93,0.8,,,
CV_h7s4n8.txt,HLCT,4,7,20,20,1200.0,0,0.0,3,15.0,8,1060.43,0.7,,,
CV_h7s4n9.txt,HLCT,4,7,20,20,1200.0,2,10.0,4,20.0,7,789.75,0.8,,,
CV_h7s5n1.txt,HLCT,5,7,25,25,1200.0,0,0.0,2,8.0,8,1143.95,0.9,,,
CV_h7s5n10.txt,HLCT,5,7,25,25,1200.0,0,0.0,3,12.0,8,922.29,1.0,,,
CV_h7s5n11.txt,HLCT,5,7,25,25,1200.0,0,0.0,3,12.0,5,608.84,1.0,,,
CV_h7s5n12.txt,HLCT,5,7,25,25,1200.0,0,0.0,7,28.0,9,1179.07,1.0,,,
CV_h7s5n13.txt,HLCT,5,7,25,25,1200.0,0,0.0,6,24.0,8,927.71,1.1,,,
CV_h7s5n14.txt,HLCT,5,7,25,25,1200.0,0,0.0,4,16.0,8,1002.68,1.2,,,
CV_h7s5n15.txt,HLCT,5,7,25,25,1200.0,0,0.0,2,8.0,8,933.97,1.0,,,
CV_h7s5n16.txt,HLCT,5,7,25,25,1200.0,0,0.0,8,32.0,9,1168.80,1.9,,,
CV_h7s5n17.txt,HLCT,5,7,25,25,1200.0,0,0.0,3,12.0,8,975.68,1.9,,,
CV_h7s5n18.txt,HLCT,5,7,25,25,1200.0,1,4.0,5,20.0,8,965.26,1.9,,,
CV_h7s5n19.txt,HLCT,5,7,25,25,1200.0,1,4.0,5,20.0,9,1113.64,1.0,,,
CV_h7s5n2.txt,HLCT,5,7,25,25,1200.0,1,4.0,10,40.0,9,1160.49,1.9,,,
CV_h7s5n20.txt,HLCT,5,7,25,25,1200.0,0,0.0,1,4.0,6,721.61,1.5,,,
CV_h7s5n21.txt,HLCT,5,7,25,25,1200.0,0,0.0,3,12.0,8,1043.68,1.6,,,
CV_h7s5n22.txt,HLCT,5,7,25,25,1200.0,0,0.0,4,16.0,5,559.27,1.0,,,
CV_h7s5n23.txt,HLCT,5,7,25,25,1200.0,0,0.0,3,12.0,8,938.81,1.1,,,
CV_h7s5n24.txt,HLCT,5,7,25,25,1200.0,1,4.0,3,12.0,7,880.58,1.0,,,
CV_h7s5n25.txt,HLCT,5,7,25,25,1200.0,1,4.0,7,28.0,9,1191.45,1.1,,,
CV_h7s5n26.txt,HLCT,5,7,25,25,1200.0,0,0.0,4,16.0,9,1068.60,1.1,,,
CV_h7s5n27.txt,HLCT,5,7,25,25,1200.0,0,0.0,5,20.0,9,1140.97,1.0,,,
CV_h7s5n28.txt,HLCT,5,7,25,25,1200.0,0,0.0,4,16.0,9,1148.38,1.1,,,
CV_h7s5n29.txt,HLCT,5,7,25,25,1200.0,0,0.0,2,8.0,8,915.45,1.0,,,
CV_h7s5n3.txt,HLCT,5,7,25,25,1200.0,0,0.0,2,8.0,8,1100.62,0.9,,,
CV_h7s5n30.txt,HLCT,5,7,25,25,1200.0,0,0.0,7,28.0,9,1075.52,1.2,,,
CV_h7s5n31.txt,HLCT,5,7,25,25,1200.0,0,0.0,2,8.0,8,921.19,1.0,,,
CV_h7s5n32.txt,HLCT,5,7,25,25,1200.0,2,8.0,6,24.0,8,1045.05,1.0,,,
CV_h7s5n33.txt,HLCT,5,7,25,25,1200.0,0,0.0,5,20.0,8,998.37,1.2,,,
CV_h7s5n34.txt,HLCT,5,7,25,25,1200.0,1,4.0,4,16.0,9,1050.63,1.2,,,
CV_h7s5n35.txt,HLCT,5,7,25,25,1200.0,0,0.0,7,28.0,9,1095.15,1.2,,,
CV_h7s5n36.txt,HLCT,5,7,25,25,1200.0,0,0.0,4,16.0,6,727.18,1.1,,,
CV_h7s5n37.txt,HLCT,5,7,25,25,1200.0,1,4.0,3,12.0,8,1029.74,1.0,,,
CV_h7s5n38.txt,HLCT,5,7,25,25,1200.0,1,4.0,6,24.0,9,1106.91,1.2,,,
CV_h7s5n39.txt,HLCT,5,7,25,25,1200.0,0,0.0,6,24.0,9,1175.00,1.1,,,
CV_h7s5n4.txt,HLCT,5,7,25,25,1200.0,0,0.0,3,12.0,7,869.44,1.1,,,
CV_h7s5n40.txt,HLCT,5,7,25,25,1200.0,0,0.0,3,12.0,8,891.46,1.0,,,
CV_h7s5n5.txt,HLCT,5,7,25,25,1200.0,1,4.0,5,20.0,9,1027.80,1.2,,,
CV_h7s5n6.txt,HLCT,5,7,25,25,1200.0,0,0.0,5,20.0,7,891.37,1.2,,,
CV_h7s5n7.txt,HLCT,5,7,25,25,1200.0,0,0.0,3,12.0,9,1183.27,0.9,,,
CV_h7s5n8.txt,HLCT,5,7,25,25,1200.0,0,0.0,2,8.0,8,1100.93,0.9,,,
CV_h7s5n9.txt,HLCT,5,7,25,25,1200.0,0,0.0,5,20.0,9,1154.99,1.0,,,
CV_h7s6n1.txt,HLCT,6,7,30,30,1200.0,0,0.0,3,10.0,8,1038.06,1.5,,,
CV_h7s6n10.txt,HLCT,6,7,30,30,1200.0,0,0.0,3,10.0,8,982.42,1.5,,,
CV_h7s6n11.txt,HLCT,6,7,30,30,1200.0,0,0.0,6,20.0,7,904.32,1.5,,,
CV_h7s6n12.txt,HLCT,6,7,30,30,1200.0,0,0.0,6,20.0,8,1065.08,1.6,,,
CV_h7s6n13.txt,HLCT,6,7,30,30,1200.0,0,0.0,5,16.7,9,1154.13,1.5,,,
CV_h7s6n14.txt,HLCT,6,7,30,30,1200.0,2,6.7,6,20.0,9,1001.49,2.0,,,
CV_h7s6n15.txt,HLCT,6,7,30,30,1200.0,0,0.0,7,23.3,9,1074.85,1.6,,,
CV_h7s6n16.txt,HLCT,6,7,30,30,1200.0,0,0.0,4,13.3,9,1101.50,1.6,,,
CV_h7s6n17.txt,HLCT,6,7,30,30,1200.0,0,0.0,7,23.3,9,1170.25,1.6,,,
CV_h7s6n18.txt,HLCT,6,7,30,30,1200.0,0,0.0,3,10.0,9,1115.15,1.5,,,
CV_h7s6n19.txt,HLCT,6,7,30,30,1200.0,0,0.0,4,13.3,9,1161.10,1.4,,,
CV_h7s6n2.txt,HLCT,6,7,30,30,1200.0,0,0.0,5,16.7,9,1131.51,1.5,,,
CV_h7s6n20.txt,HLCT,6,7,30,30,1200.0,0,0.0,2,6.7,7,873.10,1.3,,,
CV_h7s6n21.txt,HLCT,6,7,30,30,1200.0,0,0.0,3,10.0,7,870.91,1.4,,,
CV_h7s6n22.txt,HLCT,6,7,30,30,1200.0,0,0.0,3,10.0,9,1160.77,1.4,,,
CV_h7s6n23.txt,HLCT,6,7,30,30,1200.0,1,3.3,3,10.0,8,973.04,1.5,,,
CV_h7s6n24.txt,HLCT,6,7,30,30,1200.0,0,0.0,3,10.0,7,871.20,1.4,,,
CV_h7s6n25.txt,HLCT,6,7,30,30,1200.0,1,3.3,3,10.0,8,980.40,1.5,,,
CV_h7s6n26.txt,HLCT,6,7,30,30,1200.0,0,0.0,2,6.7,8,995.07,1.3,,,
CV_h7s6n27.txt,HLCT,6,7,30,30,1200.0,0,0.0,4,13.3,8,1089.95,1.3,,,
CV_h7s6n28.txt,HLCT,6,7,30,30,1200.0,0,0.0,5,16.7,9,1124.51,1.3,,,
CV_h7s6n29.txt,HLCT,6,7,30,30,1200.0,0,0.0,5,16.7,8,1065.45,1.5,,,
CV_h7s6n3.txt,HLCT,6,7,30,30,1200.0,1,3.3,5,16.7,8,1094.88,1.5,,,
CV_h7s6n30.txt,HLCT,6,7,30,30,1200.0,0,0.0,5,16.7,7,858.86,1.4,,,
CV_h7s6n31.txt,HLCT,6,7,30,30,1200.0,0,0.0,4,13.3,9,1180.13,1.5,,,
CV_h7s6n32.txt,HLCT,6,7,30,30,1200.0,0,0.0,2,6.7,7,848.87,1.3,,,
CV_h7s6n33.txt,HLCT,6,7,30,30,1200.0,2,6.7,4,13.3,8,949.10,1.5,,,
CV_h7s6n34.txt,HLCT,6,7,30,30,1200.0,0,0.0,5,16.7,6,727.73,1.5,,,
CV_h7s6n35.txt,HLCT,6,7,30,30,1200.0,0,0.0,5,16.7,8,953.46,1.6,,,
CV_h7s6n36.txt,HLCT,6,7,30,30,1200.0,0,0.0,3,10.0,8,1093.41,1.3,,,
CV_h7s6n37.txt,HLCT,6,7,30,30,1200.0,0,0.0,6,20.0,9,1131.70,1.6,,,
CV_h7s6n38.txt,HLCT,6,7,30,30,1200.0,0,0.0,2,6.7,7,853.17,2.3,,,
CV_h7s6n39.txt,HLCT,6,7,30,30,1200.0,1,3.3,5,16.7,9,1124.15,2.6,,,
CV_h7s6n4.txt,HLCT,6,7,30,30,1200.0,0,0.0,3,10.0,8,912.25,2.4,,,
CV_h7s6n40.txt,HLCT,6,7,30,30,1200.0,0,0.0,2,6.7,7,856.78,2.3,,,
CV_h7s6n5.txt,HLCT,6,7,30,30,1200.0,0,0.0,2,6.7,7,876.91,2.2,,,
CV_h7s6n6.txt,HLCT,6,7,30,30,1200.0,0,0.0,10,33.3,9,1114.56,2.6,,,
CV_h7s6n7.txt,HLCT,6,7,30,30,1200.0,0,0.0,2,6.7,7,870.80,2.2,,,
CV_h7s6n8.txt,HLCT,6,7,30,30,1200.0,4,13.3,7,23.3,8,1033.90,1.6,,,
CV_h7s6n9.txt,HLCT,6,7,30,30,1200.0,0,0.0,3,10.0,8,932.71,1.4,,,
CV_h7s7n1.txt,HLCT,7,7,35,35,1200.0,2,5.7,8,22.9,9,1106.97,2.0,,,
CV_h7s7n10.txt,HLCT,7,7,35,35,1200.0,2,5.7,6,17.1,8,1033.63,2.0,,,
CV_h7s7n11.txt,HLCT,7,7,35,35,1200.0,1,2.9,4,11.4,8,926.28,2.2,,,
CV_h7s7n12.txt,HLCT,7,7,35,35,1200.0,0,0.0,5,14.3,8,997.38,2.1,,,
CV_h7s7n13.txt,HLCT,7,7,35,35,1200.0,0,0.0,5,14.3,9,1136.89,2.2,,,
CV_h7s7n14.txt,HLCT,7,7,35,35,1200.0,2,5.7,6,17.1,9,1117.19,2.1,,,
CV_h7s7n15.txt,HLCT,7,7,35,35,1200.0,0,0.0,3,8.6,8,1060.09,1.7,,,
CV_h7s7n16.txt,HLCT,7,7,35,35,1200.0,0,0.0,2,5.7,8,950.22,1.8,,,
CV_h7s7n17.txt,HLCT,7,7,35,35,1200.0,3,8.6,6,17.1,8,1002.38,2.4,,,
CV_h7s7n18.txt,HLCT,7,7,35,35,1200.0,0,0.0,2,5.7,8,1032.27,1.6,,,
CV_h7s7n19.txt,HLCT,7,7,35,35,1200.0,0,0.0,2,5.7,8,944.79,1.8,,,
CV_h7s7n2.txt,HLCT,7,7,35,35,1200.0,0,0.0,5,14.3,8,953.66,2.0,,,
CV_h7s7n20.txt,HLCT,7,7,35,35,1200.0,0,0.0,2,5.7,8,969.04,1.8,,,
CV_h7s7n21.txt,HLCT,7,7,35,35,1200.0,0,0.0,2,5.7,8,985.66,1.6,,,
CV_h7s7n22.txt,HLCT,7,7,35,35,1200.0,0,0.0,4,11.4,9,1104.80,1.7,,,
CV_h7s7n23.txt,HLCT,7,7,35,35,1200.0,0,0.0,6,17.1,9,1165.36,1.9,,,
CV_h7s7n24.txt,HLCT,7,7,35,35,1200.0,0,0.0,7,20.0,9,1117.84,2.1,,,
CV_h7s7n25.txt,HLCT,7,7,35,35,1200.0,0,0.0,6,17.1,9,1177.38,2.2,,,
CV_h7s7n26.txt,HLCT,7,7,35,35,1200.0,0,0.0,9,25.7,9,1064.36,2.3,,,
CV_h7s7n27.txt,HLCT,7,7,35,35,1200.0,0,0.0,6,17.1,9,1178.62,1.9,,,
CV_h7s7n28.txt,HLCT,7,7,35,35,1200.0,0,0.0,5,14.3,9,1123.64,1.9,,,
CV_h7s7n29.txt,HLCT,7,7,35,35,1200.0,0,0.0,2,5.7,8,940.69,1.8,,,
CV_h7s7n3.txt,HLCT,7,7,35,35,1200.0,0,0.0,3,8.6,8,935.91,1.8,,,
CV_h7s7n30.txt,HLCT,7,7,35,35,1200.0,0,0.0,3,8.6,8,987.76,1.9,,,
CV_h7s7n31.txt,HLCT,7,7,35,35,1200.0,0,0.0,3,8.6,8,931.46,2.0,,,
CV_h7s7n32.txt,HLCT,7,7,35,35,1200.0,1,2.9,5,14.3,9,1179.87,2.1,,,
CV_h7s7n33.txt,HLCT,7,7,35,35,1200.0,0,0.0,3,8.6,7,859.29,1.9,,,
CV_h7s7n34.txt,HLCT,7,7,35,35,1200.0,0,0.0,3,8.6,8,955.58,1.9,,,
CV_h7s7n35.txt,HLCT,7,7,35,35,1200.0,0,0.0,4,11.4,8,967.65,1.8,,,
CV_h7s7n36.txt,HLCT,7,7,35,35,1200.0,1,2.9,4,11.4,8,1077.90,1.9,,,
CV_h7s7n37.txt,HLCT,7,7,35,35,1200.0,0,0.0,3,8.6,8,936.95,1.8,,,
CV_h7s7n38.txt,HLCT,7,7,35,35,1200.0,0,0.0,8,22.9,8,968.28,2.1,,,
CV_h7s7n39.txt,HLCT,7,7,35,35,1200.0,0,0.0,5,14.3,8,940.52,2.1,,,
CV_h7s7n4.txt,HLCT,7,7,35,35,1200.0,0,0.0,8,22.9,8,980.36,2.2,,,
CV_h7s7n40.txt,HLCT,7,7,35,35,1200.0,0,0.0,4,11.4,8,911.67,2.1,,,
CV_h7s7n5.txt,HLCT,7,7,35,35,1200.0,0,0.0,2,5.7,8,982.28,1.9,,,
CV_h7s7n6.txt,HLCT,7,7,35,35,1200.0,0,0.0,9,25.7,9,1141.42,2.0,,,
CV_h7s7n7.txt,HLCT,7,7,35,35,1200.0,0,0.0,9,25.7,8,957.28,2.2,,,
CV_h7s7n8.txt,HLCT,7,7,35,35,1200.0,1,2.9,5,14.3,8,978.68,2.0,,,
CV_h7s7n9.txt,HLCT,7,7,35,35,1200.0,0,0.0,5,14.3,9,1053.54,2.1,,,
CV_h7s8n1.txt,HLCT,8,7,40,40,1200.0,0,0.0,5,12.5,7,896.92,2.6,,,
CV_h7s8n10.txt,HLCT,8,7,40,40,1200.0,0,0.0,6,15.0,8,1051.30,2.5,,,
CV_h7s8n11.txt,HLCT,8,7,40,40,1200.0,1,2.5,3,7.5,8,986.34,2.4,,,
CV_h7s8n12.txt,HLCT,8,7,40,40,1200.0,0,0.0,5,12.5,8,976.23,2.6,,,
CV_h7s8n13.txt,HLCT,8,7,40,40,1200.0,0,0.0,4,10.0,8,980.55,2.5,,,
CV_h7s8n14.txt,HLCT,8,7,40,40,1200.0,0,0.0,3,7.5,8,988.19,2.3,,,
CV_h7s8n15.txt,HLCT,8,7,40,40,1200.0,1,2.5,5,12.5,8,959.21,2.7,,,
CV_h7s8n16.txt,HLCT,8,7,40,40,1200.0,0,0.0,3,7.5,8,929.00,2.5,,,
CV_h7s8n17.txt,HLCT,8,7,40,40,1200.0,0,0.0,7,17.5,9,1142.86,2.7,,,
CV_h7s8n18.txt,HLCT,8,7,40,40,1200.0,0,0.0,4,10.0,9,1011.94,2.5,,,
CV_h7s8n19.txt,HLCT,8,7,40,40,1200.0,0,0.0,4,10.0,8,963.37,2.4,,,
CV_h7s8n2.txt,HLCT,8,7,40,40,1200.0,0,0.0,7,17.5,8,960.21,2.8,,,
CV_h7s8n20.txt,HLCT,8,7,40,40,1200.0,1,2.5,6,15.0,8,1042.30,2.9,,,
CV_h7s8n21.txt,HLCT,8,7,40,40,1200.0,0,0.0,6,15.0,8,984.54,3.1,,,
CV_h7s8n22.txt,HLCT,8,7,40,40,1200.0,0,0.0,3,7.5,8,939.41,2.6,,,
CV_h7s8n23.txt,HLCT,8,7,40,40,1200.0,1,2.5,8,20.0,9,1150.18,2.7,,,
CV_h7s8n24.txt,HLCT,8,7,40,40,1200.0,0,0.0,7,17.5,9,1079.74,3.0,,,
CV_h7s8n25.txt,HLCT,8,7,40,40,1200.0,0,0.0,6,15.0,9,1135.00,4.0,,,
CV_h7s8n26.txt,HLCT,8,7,40,40,1200.0,1,2.5,5,12.5,8,1009.77,4.6,,,
CV_h7s8n27.txt,HLCT,8,7,40,40,1200.0,0,0.0,2,5.0,9,1084.10,4.0,,,
CV_h7s8n28.txt,HLCT,8,7,40,40,1200.0,0,0.0,6,15.0,8,985.64,4.1,,,
CV_h7s8n29.txt,HLCT,8,7,40,40,1200.0,0,0.0,3,7.5,9,1098.30,3.6,,,
CV_h7s8n3.txt,HLCT,8,7,40,40,1200.0,0,0.0,3,7.5,9,1079.15,4.1,,,
CV_h7s8n30.txt,HLCT,8,7,40,40,1200.0,0,0.0,4,10.0,8,985.06,4.2,,,
CV_h7s8n31.txt,HLCT,8,7,40,40,1200.0,1,2.5,8,20.0,9,1132.12,2.7,,,
CV_h7s8n32.txt,HLCT,8,7,40,40,1200.0,0,0.0,7,17.5,9,1108.05,2.5,,,
CV_h7s8n33.txt,HLCT,8,7,40,40,1200.0,1,2.5,3,7.5,9,1101.11,2.4,,,
CV_h7s8n34.txt,HLCT,8,7,40,40,1200.0,0,0.0,4,10.0,8,948.41,2.3,,,
CV_h7s8n35.txt,HLCT,8,7,40,40,1200.0,0,0.0,5,12.5,9,1117.59,2.5,,,
CV_h7s8n36.txt,HLCT,8,7,40,40,1200.0,0,0.0,6,15.0,8,973.22,2.5,,,
CV_h7s8n37.txt,HLCT,8,7,40,40,1200.0,0,0.0,3,7.5,8,954.10,2.5,,,
CV_h7s8n38.txt,HLCT,8,7,40,40,1200.0,0,0.0,4,10.0,7,943.51,2.8,,,
CV_h7s8n39.txt,HLCT,8,7,40,40,1200.0,0,0.0,3,7.5,8,980.87,2.4,,,
CV_h7s8n4.txt,HLCT,8,7,40,40,1200.0,0,0.0,3,7.5,9,1084.68,2.2,,,
CV_h7s8n40.txt,HLCT,8,7,40,40,1200.0,0,0.0,2,5.0,8,1091.48,2.3,,,
CV_h7s8n5.txt,HLCT,8,7,40,40,1200.0,0,0.0,3,7.5,9,1099.72,2.3,,,
CV_h7s8n6.txt,HLCT,8,7,40,40,1200.0,0,0.0,2,5.0,9,1064.32,2.3,,,
CV_h7s8n7.txt,HLCT,8,7,40,40,1200.0,0,0.0,7,17.5,8,938.85,2.7,,,
CV_h7s8n8.txt,HLCT,8,7,40,40,1200.0,1,2.5,5,12.5,8,911.93,2.6,,,
CV_h7s8n9.txt,HLCT,8,7,40,40,1200.0,0,0.0,3,7.5,8,1007.55,2.2,,,
CV_h7s9n1.txt,HLCT,9,7,45,45,1200.0,0,0.0,4,8.9,9,1149.05,2.9,,,
CV_h7s9n10.txt,HLCT,9,7,45,45,1200.0,1,2.2,3,6.7,9,1079.76,2.9,,,
CV_h7s9n11.txt,HLCT,9,7,45,45,1200.0,1,2.2,6,13.3,9,1103.52,3.2,,,
CV_h7s9n12.txt,HLCT,9,7,45,45,1200.0,0,0.0,8,17.8,8,979.58,3.1,,,
CV_h7s9n13.txt,HLCT,9,7,45,45,1200.0,1,2.2,6,13.3,8,1018.66,3.3,,,
CV_h7s9n14.txt,HLCT,9,7,45,45,1200.0,0,0.0,4,8.9,8,1004.54,3.1,,,
CV_h7s9n15.txt,HLCT,9,7,45,45,1200.0,0,0.0,6,13.3,9,1070.36,3.4,,,
CV_h7s9n16.txt,HLCT,9,7,45,45,1200.0,0,0.0,2,4.4,9,1070.84,2.7,,,
CV_h7s9n17.txt,HLCT,9,7,45,45,1200.0,0,0.0,3,6.7,9,1075.32,2.9,,,
CV_h7s9n18.txt,HLCT,9,7,45,45,1200.0,2,4.4,7,15.6,9,1139.23,3.1,,,
CV_h7s9n19.txt,HLCT,9,7,45,45,1200.0,0,0.0,3,6.7,8,1068.58,3.0,,,
CV_h7s9n2.txt,HLCT,9,7,45,45,1200.0,0,0.0,6,13.3,9,1130.29,3.6,,,
CV_h7s9n20.txt,HLCT,9,7,45,45,1200.0,0,0.0,9,20.0,9,1043.78,3.6,,,
CV_h7s9n21.txt,HLCT,9,7,45,45,1200.0,0,0.0,5,11.1,9,1103.31,2.7,,,
CV_h7s9n22.txt,HLCT,9,7,45,45,1200.0,0,0.0,4,8.9,9,1140.79,2.9,,,
CV_h7s9n23.txt,HLCT,9,7,45,45,1200.0,0,0.0,2,4.4,9,1111.87,2.8,,,
CV_h7s9n24.txt,HLCT,9,7,45,45,1200.0,0,0.0,7,15.6,9,1091.49,3.4,,,
CV_h7s9n25.txt,HLCT,9,7,45,45,1200.0,1,2.2,3,6.7,9,1105.05,3.3,,,
CV_h7s9n26.txt,HLCT,9,7,45,45,1200.0,0,0.0,5,11.1,9,1073.42,3.4,,,
CV_h7s9n27.txt,HLCT,9,7,45,45,1200.0,0,0.0,4,8.9,8,974.88,3.1,,,
CV_h7s9n28.txt,HLCT,9,7,45,45,1200.0,1,2.2,7,15.6,9,1154.06,3.2,,,
CV_h7s9n29.txt,HLCT,9,7,45,45,1200.0,0,0.0,5,11.1,8,998.85,3.4,,,
CV_h7s9n3.txt,HLCT,9,7,45,45,1200.0,0,0.0,4,8.9,9,1118.55,2.9,,,
CV_h7s9n30.txt,HLCT,9,7,45,45,1200.0,1,2.2,5,11.1,8,988.75,3.2,,,
CV_h7s9n31.txt,HLCT,9,7,45,45,1200.0,0,0.0,4,8.9,9,1081.25,3.4,,,
CV_h7s9n32.txt,HLCT,9,7,45,45,1200.0,0,0.0,8,17.8,8,970.58,3.4,,,
CV_h7s9n33.txt,HLCT,9,7,45,45,1200.0,0,0.0,2,4.4,9,1094.05,2.8,,,
CV_h7s9n34.txt,HLCT,9,7,45,45,1200.0,0,0.0,5,11.1,8,966.42,3.4,,,
CV_h7s9n35.txt,HLCT,9,7,45,45,1200.0,0,0.0,4,8.9,9,1138.91,3.0,,,
CV_h7s9n36.txt,HLCT,9,7,45,45,1200.0,0,0.0,4,8.9,8,1004.53,3.1,,,
CV_h7s9n37.txt,HLCT,9,7,45,45,1200.0,1,2.2,4,8.9,9,1078.71,2.8,,,
CV_h7s9n38.txt,HLCT,9,7,45,45,1200.0,0,0.0,4,8.9,9,1108.61,3.1,,,
CV_h7s9n39.txt,HLCT,9,7,45,45,1200.0,1,2.2,3,6.7,9,1075.44,3.3,,,
CV_h7s9n4.txt,HLCT,9,7,45,45,1200.0,0,0.0,6,13.3,8,1042.46,3.2,,,
CV_h7s9n40.txt,HLCT,9,7,45,45,1200.0,0,0.0,4,8.9,9,1149.22,2.8,,,
CV_h7s9n5.txt,HLCT,9,7,45,45,1200.0,1,2.2,7,15.6,9,1105.58,3.3,,,
CV_h7s9n6.txt,HLCT,9,7,45,45,1200.0,1,2.2,6,13.3,8,967.64,3.1,,,
CV_h7s9n7.txt,HLCT,9,7,45,45,1200.0,0,0.0,5,11.1,9,1098.83,3.0,,,
CV_h7s9n8.txt,HLCT,9,7,45,45,1200.0,0,0.0,5,11.1,8,956.96,3.5,,,
CV_h7s9n9.txt,HLCT,9,7,45,45,1200.0,0,0.0,4,8.9,9,1127.86,2.8,,,
CV_h8s10n1.txt,HLCT,10,8,60,60,1200.0,0,0.0,3,5.0,9,1057.41,5.4,,,
CV_h8s10n10.txt,HLCT,10,8,60,60,1200.0,0,0.0,5,8.3,9,1075.14,4.8,,,
CV_h8s10n11.txt,HLCT,10,8,60,60,1200.0,0,0.0,3,5.0,9,1150.65,4.6,,,
CV_h8s10n12.txt,HLCT,10,8,60,60,1200.0,0,0.0,6,10.0,9,1152.74,8.4,,,
CV_h8s10n13.txt,HLCT,10,8,60,60,1200.0,0,0.0,2,3.3,8,1069.31,7.7,,,
CV_h8s10n14.txt,HLCT,10,8,60,60,1200.0,0,0.0,3,5.0,9,1119.02,7.8,,,
CV_h8s10n15.txt,HLCT,10,8,60,60,1200.0,0,0.0,3,5.0,9,1073.95,8.4,,,
CV_h8s10n16.txt,HLCT,10,8,60,60,1200.0,0,0.0,2,3.3,8,1076.11,8.0,,,
CV_h8s10n17.txt,HLCT,10,8,60,60,1200.0,0,0.0,4,6.7,8,1090.25,8.2,,,
CV_h8s10n18.txt,HLCT,10,8,60,60,1200.0,0,0.0,2,3.3,8,1077.47,7.6,,,
CV_h8s10n19.txt,HLCT,10,8,60,60,1200.0,0,0.0,4,6.7,8,1069.20,4.9,,,
CV_h8s10n2.txt,HLCT,10,8,60,60,1200.0,0,0.0,5,8.3,9,1094.85,5.7,,,
CV_h8s10n20.txt,HLCT,10,8,60,60,1200.0,1,1.7,4,6.7,8,1078.71,5.3,,,
CV_h8s10n21.txt,HLCT,10,8,60,60,1200.0,0,0.0,6,10.0,9,1067.21,5.5,,,
CV_h8s10n22.txt,HLCT,10,8,60,60,1200.0,0,0.0,2,3.3,9,1061.10,4.9,,,
CV_h8s10n23.txt,HLCT,10,8,60,60,1200.0,0,0.0,3,5.0,9,1101.88,4.6,,,
CV_h8s10n24.txt,HLCT,10,8,60,60,1200.0,0,0.0,5,8.3,9,1119.69,5.4,,,
CV_h8s10n25.txt,HLCT,10,8,60,60,1200.0,1,1.7,7,11.7,8,1019.53,5.9,,,
CV_h8s10n26.txt,HLCT,10,8,60,60,1200.0,1,1.7,8,13.3,9,1106.71,5.8,,,
CV_h8s10n27.txt,HLCT,10,8,60,60,1200.0,1,1.7,4,6.7,9,1068.55,5.5,,,
CV_h8s10n28.txt,HLCT,10,8,60,60,1200.0,0,0.0,3,5.0,9,1073.65,5.0,,,
CV_h8s10n29.txt,HLCT,10,8,60,60,1200.0,0,0.0,1,1.7,8,1060.94,4.4,,,
CV_h8s10n3.txt,HLCT,10,8,60,60,1200.0,0,0.0,3,5.0,9,1146.82,5.1,,,
CV_h8s10n30.txt,HLCT,10,8,60,60,1200.0,0,0.0,8,13.3,9,1104.25,5.5,,,
CV_h8s10n31.txt,HLCT,10,8,60,60,1200.0,1,1.7,4,6.7,9,1061.40,5.5,,,
CV_h8s10n32.txt,HLCT,10,8,60,60,1200.0,0,0.0,3,5.0,9,1172.89,4.7,,,
CV_h8s10n33.txt,HLCT,10,8,60,60,1200.0,0,0.0,3,5.0,9,1160.36,4.8,,,
CV_h8s10n34.txt,HLCT,10,8,60,60,1200.0,0,0.0,4,6.7,9,1116.59,4.9,,,
CV_h8s10n35.txt,HLCT,10,8,60,60,1200.0,1,1.7,7,11.7,9,1129.28,5.8,,,
CV_h8s10n36.txt,HLCT,10,8,60,60,1200.0,0,0.0,4,6.7,9,1078.23,5.0,,,
CV_h8s10n37.txt,HLCT,10,8,60,60,1200.0,0,0.0,2,3.3,8,1062.34,4.4,,,
CV_h8s10n38.txt,HLCT,10,8,60,60,1200.0,0,0.0,1,1.7,8,1071.78,4.5,,,
CV_h8s10n39.txt,HLCT,10,8,60,60,1200.0,0,0.0,3,5.0,9,1187.37,4.8,,,
CV_h8s10n4.txt,HLCT,10,8,60,60,1200.0,0,0.0,2,3.3,8,1118.61,4.5,,,
CV_h8s10n40.txt,HLCT,10,8,60,60,1200.0,0,0.0,4,6.7,9,1073.72,5.2,,,
CV_h8s10n5.txt,HLCT,10,8,60,60,1200.0,0,0.0,3,5.0,8,1085.66,4.9,,,
CV_h8s10n6.txt,HLCT,10,8,60,60,1200.0,0,0.0,3,5.0,9,1076.01,4.7,,,
CV_h8s10n7.txt,HLCT,10,8,60,60,1200.0,0,0.0,3,5.0,8,1095.93,5.0,,,
CV_h8s10n8.txt,HLCT,10,8,60,60,1200.0,1,1.7,3,5.0,8,1101.43,5.0,,,
CV_h8s10n9.txt,HLCT,10,8,60,60,1200.0,1,1.7,6,10.0,8,1055.43,5.1,,,
CV_h8s6n1.txt,HLCT,6,8,36,36,1200.0,0,0.0,4,11.1,9,1179.08,1.9,,,
CV_h8s6n10.txt,HLCT,6,8,36,36,1200.0,1,2.8,6,16.7,9,1092.94,1.9,,,
CV_h8s6n11.txt,HLCT,6,8,36,36,1200.0,0,0.0,5,13.9,8,1011.46,1.9,,,
CV_h8s6n12.txt,HLCT,6,8,36,36,1200.0,1,2.8,5,13.9,8,1017.29,2.0,,,
CV_h8s6n13.txt,HLCT,6,8,36,36,1200.0,0,0.0,5,13.9,9,1005.50,1.9,,,
CV_h8s6n14.txt,HLCT,6,8,36,36,1200.0,0,0.0,5,13.9,6,712.11,2.1,,,
CV_h8s6n15.txt,HLCT,6,8,36,36,1200.0,0,0.0,1,2.8,8,1001.02,1.8,,,
CV_h8s6n16.txt,HLCT,6,8,36,36,1200.0,0,0.0,3,8.3,8,1054.22,1.9,,,
CV_h8s6n17.txt,HLCT,6,8,36,36,1200.0,0,0.0,3,8.3,8,1020.76,1.9,,,
CV_h8s6n18.txt,HLCT,6,8,36,36,1200.0,1,2.8,4,11.1,7,942.09,2.0,,,
CV_h8s6n19.txt,HLCT,6,8,36,36,1200.0,0,0.0,5,13.9,9,1139.84,1.9,,,
CV_h8s6n2.txt,HLCT,6,8,36,36,1200.0,0,0.0,2,5.6,7,867.26,1.8,,,
CV_h8s6n20.txt,HLCT,6,8,36,36,1200.0,0,0.0,4,11.1,9,1170.73,1.9,,,
CV_h8s6n21.txt,HLCT,6,8,36,36,1200.0,0,0.0,2,5.6,7,865.18,1.7,,,
CV_h8s6n22.txt,HLCT,6,8,36,36,1200.0,0,0.0,4,11.1,9,1164.77,1.8,,,
CV_h8s6n23.txt,HLCT,6,8,36,36,1200.0,1,2.8,6,16.7,9,1190.47,2.2,,,
CV_h8s6n24.txt,HLCT,6,8,36,36,1200.0,0,0.0,1,2.8,8,1026.29,1.7,,,
CV_h8s6n25.txt,HLCT,6,8,36,36,1200.0,0,0.0,4,11.1,8,934.51,1.8,,,
CV_h8s6n26.txt,HLCT,6,8,36,36,1200.0,0,0.0,1,2.8,8,1001.02,1.8,,,
CV_h8s6n27.txt,HLCT,6,8,36,36,1200.0,0,0.0,5,13.9,9,1146.00,1.9,,,
CV_h8s6n28.txt,HLCT,6,8,36,36,1200.0,0,0.0,5,13.9,8,1036.80,2.1,,,
CV_h8s6n29.txt,HLCT,6,8,36,36,1200.0,0,0.0,2,5.6,7,872.03,1.9,,,
CV_h8s6n3.txt,HLCT,6,8,36,36,1200.0,0,0.0,4,11.1,7,882.12,1.9,,,
CV_h8s6n30.txt,HLCT,6,8,36,36,1200.0,0,0.0,3,8.3,7,869.47,2.1,,,
CV_h8s6n31.txt,HLCT,6,8,36,36,1200.0,0,0.0,2,5.6,7,907.57,1.9,,,
CV_h8s6n32.txt,HLCT,6,8,36,36,1200.0,0,0.0,3,8.3,7,924.23,2.0,,,
CV_h8s6n33.txt,HLCT,6,8,36,36,1200.0,0,0.0,4,11.1,8,972.59,2.0,,,
CV_h8s6n34.txt,HLCT,6,8,36,36,1200.0,0,0.0,2,5.6,7,929.05,1.8,,,
CV_h8s6n35.txt,HLCT,6,8,36,36,1200.0,1,2.8,4,11.1,8,1004.98,2.1,,,
CV_h8s6n36.txt,HLCT,6,8,36,36,1200.0,1,2.8,4,11.1,7,890.64,2.0,,,
CV_h8s6n37.txt,HLCT,6,8,36,36,1200.0,1,2.8,3,8.3,8,988.52,2.0,,,
CV_h8s6n38.txt,HLCT,6,8,36,36,1200.0,0,0.0,5,13.9,8,988.92,1.8,,,
CV_h8s6n39.txt,HLCT,6,8,36,36,1200.0,0,0.0,3,8.3,9,1045.54,2.9,,,
CV_h8s6n4.txt,HLCT,6,8,36,36,1200.0,0,0.0,2,5.6,8,963.52,2.7,,,
CV_h8s6n40.txt,HLCT,6,8,36,36,1200.0,0,0.0,2,5.6,7,883.04,2.8,,,
CV_h8s6n5.txt,HLCT,6,8,36,36,1200.0,0,0.0,3,8.3,7,901.74,2.8,,,
CV_h8s6n6.txt,HLCT,6,8,36,36,1200.0,1,2.8,3,8.3,9,1134.03,3.0,,,
CV_h8s6n7.txt,HLCT,6,8,36,36,1200.0,0,0.0,2,5.6,8,908.55,2.0,,,
CV_h8s6n8.txt,HLCT,6,8,36,36,1200.0,0,0.0,7,19.4,8,1045.50,3.4,,,
CV_h8s6n9.txt,HLCT,6,8,36,36,1200.0,0,0.0,2,5.6,8,1023.71,1.7,,,
EMM_h4s10f50c0n1.txt,HLCT,10,4,20,5,600.0,0,0.0,3,15.0,5,542.34,0.2,,,
EMM_h4s10f50c0n10.txt,HLCT,10,4,20,5,600.0,1,5.0,6,30.0,5,573.62,0.3,,,
EMM_h4s10f50c0n11.txt,HLCT,10,4,20,5,600.0,0,0.0,3,15.0,5,586.24,0.2,,,
EMM_h4s10f50c0n12.txt,HLCT,10,4,20,5,600.0,1,5.0,5,25.0,5,550.83,0.2,,,
EMM_h4s10f50c0n13.txt,HLCT,10,4,20,5,600.0,1,5.0,6,30.0,5,549.57,0.2,,,
EMM_h4s10f50c0n14.txt,HLCT,10,4,20,5,600.0,1,5.0,7,35.0,5,545.71,0.2,,,
EMM_h4s10f50c0n15.txt,HLCT,10,4,20,5,600.0,0,0.0,3,15.0,5,571.25,0.2,,,
EMM_h4s10f50c0n16.txt,HLCT,10,4,20,5,600.0,0,0.0,5,25.0,5,592.16,0.1,,,
EMM_h4s10f50c0n17.txt,HLCT,10,4,20,5,600.0,0,0.0,3,15.0,5,567.96,0.1,,,
EMM_h4s10f50c0n18.txt,HLCT,10,4,20,5,600.0,0,0.0,3,15.0,5,575.17,0.2,,,
EMM_h4s10f50c0n19.txt,HLCT,10,4,20,5,600.0,0,0.0,2,10.0,5,573.86,0.1,,,
EMM_h4s10f50c0n2.txt,HLCT,10,4,20,5,600.0,0,0.0,3,15.0,5,577.25,0.2,,,
EMM_h4s10f50c0n20.txt,HLCT,10,4,20,5,600.0,0,0.0,2,10.0,5,574.89,0.1,,,
EMM_h4s10f50c0n21.txt,HLCT,10,4,20,5,600.0,0,0.0,3,15.0,4,495.25,0.1,,,
EMM_h4s10f50c0n22.txt,HLCT,10,4,20,5,600.0,0,0.0,3,15.0,5,571.74,0.1,,,
EMM_h4s10f50c0n23.txt,HLCT,10,4,20,5,600.0,1,5.0,9,45.0,5,572.92,0.2,,,
EMM_h4s10f50c0n24.txt,HLCT,10,4,20,5,600.0,0,0.0,3,15.0,5,560.48,0.1,,,
EMM_h4s10f50c0n25.txt,HLCT,10,4,20,5,600.0,1,5.0,5,25.0,5,550.36,0.1,,,
EMM_h4s10f50c0n3.txt,HLCT,10,4,20,5,600.0,0,0.0,6,30.0,5,586.59,0.1,,,
EMM_h4s10f50c0n4.txt,HLCT,10,4,20,5,600.0,0,0.0,3,15.0,5,565.32,0.1,,,
EMM_h4s10f50c0n5.txt,HLCT,10,4,20,5,600.0,1,5.0,3,15.0,4,521.84,0.1,,,
EMM_h4s10f50c0n6.txt,HLCT,10,4,20,5,600.0,0,0.0,7,35.0,5,559.95,0.1,,,
EMM_h4s10f50c0n7.txt,HLCT,10,4,20,5,600.0,2,10.0,7,35.0,5,571.87,0.1,,,
EMM_h4s10f50c0n8.txt,HLCT,10,4,20,5,600.0,1,5.0,8,40.0,5,587.39,0.1,,,
EMM_h4s10f50c0n9.txt,HLCT,10,4,20,5,600.0,1,5.0,7,35.0,5,544.07,0.1,,,
EMM_h4s10f50c1n1.txt,HLCT,10,4,20,5,600.0,5,25.0,11,55.0,5,543.20,0.1,,,
EMM_h4s10f50c1n10.txt,HLCT,10,4,20,5,600.0,2,10.0,7,35.0,5,523.36,0.1,,,
EMM_h4s10f50c1n11.txt,HLCT,10,4,20,5,600.0,0,0.0,15,75.0,5,568.28,0.1,,,
EMM_h4s10f50c1n12.txt,HLCT,10,4,20,5,600.0,2,10.0,20,100.0,5,532.21,0.1,,,
EMM_h4s10f50c1n13.txt,HLCT,10,4,20,5,600.0,0,0.0,14,70.0,5,589.40,0.1,,,
EMM_h4s10f50c1n14.txt,HLCT,10,4,20,5,600.0,2,10.0,15,75.0,5,529.29,0.1,,,
EMM_h4s10f50c1n15.txt,HLCT,10,4,20,5,600.0,3,15.0,11,55.0,4,458.99,0.1,,,
EMM_h4s10f50c1n16.txt,HLCT,10,4,20,5,600.0,2,10.0,15,75.0,5,567.86,0.1,,,
EMM_h4s10f50c1n17.txt,HLCT,10,4,20,5,600.0,2,10.0,7,35.0,5,540.07,0.1,,,
EMM_h4s10f50c1n18.txt,HLCT,10,4,20,5,600.0,2,10.0,7,35.0,5,557.06,0.1,,,
EMM_h4s10f50c1n19.txt,HLCT,10,4,20,5,600.0,2,10.0,15,75.0,5,574.30,0.1,,,
EMM_h4s10f50c1n2.txt,HLCT,10,4,20,5,600.0,2,10.0,7,35.0,4,511.19,0.1,,,
EMM_h4s10f50c1n20.txt,HLCT,10,4,20,5,600.0,3,15.0,11,55.0,4,467.53,0.1,,,
EMM_h4s10f50c1n21.txt,HLCT,10,4,20,5,600.0,0,0.0,6,30.0,5,557.20,0.1,,,
EMM_h4s10f50c1n22.txt,HLCT,10,4,20,5,600.0,3,15.0,10,50.0,5,581.71,0.1,,,
EMM_h4s10f50c1n23.txt,HLCT,10,4,20,5,600.0,2,10.0,11,55.0,5,564.16,0.1,,,
EMM_h4s10f50c1n24.txt,HLCT,10,4,20,5,600.0,2,10.0,20,100.0,5,540.00,0.1,,,
EMM_h4s10f50c1n25.txt,HLCT,10,4,20,5,600.0,2,10.0,20,100.0,4,488.72,0.1,,,
EMM_h4s10f50c1n3.txt,HLCT,10,4,20,5,600.0,2,10.0,20,100.0,5,539.84,0.1,,,
EMM_h4s10f50c1n4.txt,HLCT,10,4,20,5,600.0,1,5.0,20,100.0,4,469.01,0.1,,,
EMM_h4s10f50c1n5.txt,HLCT,10,4,20,5,600.0,1,5.0,7,35.0,5,538.72,0.1,,,
EMM_h4s10f50c1n6.txt,HLCT,10,4,20,5,600.0,2,10.0,11,55.0,5,571.66,0.1,,,
EMM_h4s10f50c1n7.txt,HLCT,10,4,20,5,600.0,2,10.0,7,35.0,5,573.23,0.1,,,
EMM_h4s10f50c1n8.txt,HLCT,10,4,20,5,600.0,1,5.0,11,55.0,4,484.08,0.1,,,
EMM_h4s10f50c1n9.txt,HLCT,10,4,20,5,600.0,3,15.0,10,50.0,5,559.55,0.1,,,
EMM_h4s10f50c2n1.txt,HLCT,10,4,20,5,600.0,3,15.0,20,100.0,5,548.86,0.1,,,
EMM_h4s10f50c2n10.txt,HLCT,10,4,20,5,600.0,3,15.0,20,100.0,2,235.24,0.1,,,
EMM_h4s10f50c2n11.txt,HLCT,10,4,20,5,600.0,3,15.0,20,100.0,1,111.75,0.0,,,
EMM_h4s10f50c2n12.txt,HLCT,10,4,20,5,600.0,6,30.0,20,100.0,4,473.42,0.1,,,
EMM_h4s10f50c2n13.txt,HLCT,10,4,20,5,600.0,2,10.0,20,100.0,4,439.83,0.1,,,
EMM_h4s10f50c2n14.txt,HLCT,10,4,20,5,600.0,3,15.0,20,100.0,5,575.29,0.1,,,
EMM_h4s10f50c2n15.txt,HLCT,10,4,20,5,600.0,7,35.0,20,100.0,1,132.29,0.0,,,
EMM_h4s10f50c2n16.txt,HLCT,10,4,20,5,600.0,7,35.0,20,100.0,3,339.10,0.1,,,
EMM_h4s10f50c2n17.txt,HLCT,10,4,20,5,600.0,6,30.0,20,100.0,4,457.21,0.1,,,
EMM_h4s10f50c2n18.txt,HLCT,10,4,20,5,600.0,6,30.0,14,70.0,5,552.71,0.1,,,
EMM_h4s10f50c2n19.txt,HLCT,10,4,20,5,600.0,3,15.0,20,100.0,5,557.72,0.1,,,
EMM_h4s10f50c2n2.txt,HLCT,10,4,20,5,600.0,7,35.0,20,100.0,5,585.52,0.1,,,
EMM_h4s10f50c2n20.txt,HLCT,10,4,20,5,600.0,6,30.0,20,100.0,5,570.17,0.1,,,
EMM_h4s10f50c2n21.txt,HLCT,10,4,20,5,600.0,5,25.0,20,100.0,5,576.52,0.1,,,
EMM_h4s10f50c2n22.txt,HLCT,10,4,20,5,600.0,3,15.0,20,100.0,3,347.04,0.1,,,
EMM_h4s10f50c2n23.txt,HLCT,10,4,20,5,600.0,3,15.0,20,100.0,1,88.71,0.0,,,
EMM_h4s10f50c2n24.txt,HLCT,10,4,20,5,600.0,3,15.0,20,100.0,2,228.42,0.0,,,
EMM_h4s10f50c2n25.txt,HLCT,10,4,20,5,600.0,11,55.0,20,100.0,1,113.07,0.0,,,
EMM_h4s10f50c2n3.txt,HLCT,10,4,20,5,600.0,3,15.0,15,75.0,5,508.35,0.1,,,
EMM_h4s10f50c2n4.txt,HLCT,10,4,20,5,600.0,7,35.0,20,100.0,3,388.06,0.1,,,
EMM_h4s10f50c2n5.txt,HLCT,10,4,20,5,600.0,3,15.0,15,75.0,5,532.12,0.2,,,
EMM_h4s10f50c2n6.txt,HLCT,10,4,20,5,600.0,11,55.0,20,100.0,2,238.79,0.0,,,
EMM_h4s10f50c2n7.txt,HLCT,10,4,20,5,600.0,10,50.0,20,100.0,5,543.06,0.1,,,
EMM_h4s10f50c2n8.txt,HLCT,10,4,20,5,600.0,3,15.0,20,100.0,2,238.37,0.0,,,
EMM_h4s10f50c2n9.txt,HLCT,10,4,20,5,600.0,11,55.0,20,100.0,1,139.80,0.0,,,
EMM_h4s10f75c0n1.txt,HLCT,10,4,30,8,600.0,0,0.0,3,10.0,6,572.97,0.3,,,
EMM_h4s10f75c0n10.txt,HLCT,10,4,30,8,600.0,0,0.0,3,10.0,6,575.61,0.3,,,
EMM_h4s10f75c0n11.txt,HLCT,10,4,30,8,600.0,0,0.0,3,10.0,6,589.42,0.5,,,
EMM_h4s10f75c0n12.txt,HLCT,10,4,30,8,600.0,0,0.0,3,10.0,6,571.33,0.5,,,
EMM_h4s10f75c0n13.txt,HLCT,10,4,30,8,600.0,0,0.0,3,10.0,6,570.24,0.5,,,
EMM_h4s10f75c0n14.txt,HLCT,10,4,30,8,600.0,0,0.0,3,10.0,6,574.19,0.5,,,
EMM_h4s10f75c0n15.txt,HLCT,10,4,30,8,600.0,0,0.0,2,6.7,5,508.79,0.5,,,
EMM_h4s10f75c0n16.txt,HLCT,10,4,30,8,600.0,0,0.0,3,10.0,6,567.65,0.5,,,
EMM_h4s10f75c0n17.txt,HLCT,10,4,30,8,600.0,0,0.0,2,6.7,5,505.34,0.5,,,
EMM_h4s10f75c0n18.txt,HLCT,10,4,30,8,600.0,0,0.0,3,10.0,6,595.25,0.3,,,
EMM_h4s10f75c0n19.txt,HLCT,10,4,30,8,600.0,0,0.0,2,6.7,5,499.05,0.3,,,
EMM_h4s10f75c0n2.txt,HLCT,10,4,30,8,600.0,0,0.0,3,10.0,6,575.18,0.3,,,
EMM_h4s10f75c0n20.txt,HLCT,10,4,30,8,600.0,0,0.0,3,10.0,6,568.87,0.3,,,
EMM_h4s10f75c0n21.txt,HLCT,10,4,30,8,600.0,0,0.0,2,6.7,5,508.03,0.3,,,
EMM_h4s10f75c0n22.txt,HLCT,10,4,30,8,600.0,0,0.0,3,10.0,6,580.59,0.3,,,
EMM_h4s10f75c0n23.txt,HLCT,10,4,30,8,600.0,0,0.0,3,10.0,6,592.20,0.3,,,
EMM_h4s10f75c0n24.txt,HLCT,10,4,30,8,600.0,0,0.0,2,6.7,6,580.44,0.3,,,
EMM_h4s10f75c0n25.txt,HLCT,10,4,30,8,600.0,0,0.0,3,10.0,6,578.25,0.3,,,
EMM_h4s10f75c0n3.txt,HLCT,10,4,30,8,600.0,0,0.0,3,10.0,6,590.63,0.3,,,
EMM_h4s10f75c0n4.txt,HLCT,10,4,30,8,600.0,0,0.0,3,10.0,6,575.61,0.3,,,
EMM_h4s10f75c0n5.txt,HLCT,10,4,30,8,600.0,0,0.0,3,10.0,6,575.30,0.3,,,
EMM_h4s10f75c0n6.txt,HLCT,10,4,30,8,600.0,0,0.0,3,10.0,6,572.97,0.3,,,
EMM_h4s10f75c0n7.txt,HLCT,10,4,30,8,600.0,0,0.0,2,6.7,5,497.31,0.3,,,
EMM_h4s10f75c0n8.txt,HLCT,10,4,30,8,600.0,0,0.0,3,10.0,6,589.48,0.3,,,
EMM_h4s10f75c0n9.txt,HLCT,10,4,30,8,600.0,0,0.0,3,10.0,6,577.62,0.3,,,
EMM_h4s10f75c1n1.txt,HLCT,10,4,30,8,600.0,1,3.3,10,33.3,6,548.98,0.2,,,
EMM_h4s10f75c1n10.txt,HLCT,10,4,30,8,600.0,1,3.3,7,23.3,5,538.16,0.2,,,
EMM_h4s10f75c1n11.txt,HLCT,10,4,30,8,600.0,2,6.7,7,23.3,6,582.53,0.2,,,
EMM_h4s10f75c1n12.txt,HLCT,10,4,30,8,600.0,2,6.7,4,13.3,5,575.71,0.2,,,
EMM_h4s10f75c1n13.txt,HLCT,10,4,30,8,600.0,0,0.0,3,10.0,5,499.40,0.2,,,
EMM_h4s10f75c1n14.txt,HLCT,10,4,30,8,600.0,3,10.0,14,46.7,5,521.59,0.2,,,
EMM_h4s10f75c1n15.txt,HLCT,10,4,30,8,600.0,1,3.3,7,23.3,5,535.37,0.2,,,
EMM_h4s10f75c1n16.txt,HLCT,10,4,30,8,600.0,1,3.3,7,23.3,6,577.31,0.2,,,
EMM_h4s10f75c1n17.txt,HLCT,10,4,30,8,600.0,1,3.3,6,20.0,5,491.14,0.2,,,
EMM_h4s10f75c1n18.txt,HLCT,10,4,30,8,600.0,0,0.0,7,23.3,6,552.80,0.2,,,
EMM_h4s10f75c1n19.txt,HLCT,10,4,30,8,600.0,3,10.0,7,23.3,5,497.09,0.2,,,
EMM_h4s10f75c1n2.txt,HLCT,10,4,30,8,600.0,1,3.3,3,10.0,5,505.44,0.2,,,
EMM_h4s10f75c1n20.txt,HLCT,10,4,30,8,600.0,1,3.3,7,23.3,6,570.42,0.3,,,
EMM_h4s10f75c1n21.txt,HLCT,10,4,30,8,600.0,2,6.7,7,23.3,4,405.27,0.3,,,
EMM_h4s10f75c1n22.txt,HLCT,10,4,30,8,600.0,2,6.7,9,30.0,5,493.15,0.3,,,
EMM_h4s10f75c1n23.txt,HLCT,10,4,30,8,600.0,2,6.7,10,33.3,6,594.19,0.3,,,
EMM_h4s10f75c1n24.txt,HLCT,10,4,30,8,600.0,1,3.3,13,43.3,6,599.73,0.3,,,
EMM_h4s10f75c1n25.txt,HLCT,10,4,30,8,600.0,1,3.3,7,23.3,4,394.91,0.2,,,
EMM_h4s10f75c1n3.txt,HLCT,10,4,30,8,600.0,1,3.3,7,23.3,6,547.01,0.3,,,
EMM_h4s10f75c1n4.txt,HLCT,10,4,30,8,600.0,1,3.3,3,10.0,5,504.07,0.3,,,
EMM_h4s10f75c1n5.txt,HLCT,10,4,30,8,600.0,0,0.0,6,20.0,6,561.80,0.3,,,
EMM_h4s10f75c1n6.txt,HLCT,10,4,30,8,600.0,3,10.0,5,16.7,5,516.97,0.3,,,
EMM_h4s10f75c1n7.txt,HLCT,10,4,30,8,600.0,2,6.7,7,23.3,6,584.24,0.3,,,
EMM_h4s10f75c1n8.txt,HLCT,10,4,30,8,600.0,3,10.0,7,23.3,5,476.62,0.2,,,
EMM_h4s10f75c1n9.txt,HLCT,10,4,30,8,600.0,1,3.3,9,30.0,6,583.37,0.3,,,
EMM_h4s10f75c2n1.txt,HLCT,10,4,30,8,600.0,2,6.7,11,36.7,4,409.66,0.2,,,
EMM_h4s10f75c2n10.txt,HLCT,10,4,30,8,600.0,7,23.3,19,63.3,6,569.19,0.2,,,
EMM_h4s10f75c2n11.txt,HLCT,10,4,30,8,600.0,3,10.0,30,100.0,3,290.37,0.1,,,
EMM_h4s10f75c2n12.txt,HLCT,10,4,30,8,600.0,15,50.0,26,86.7,5,531.70,0.2,,,
EMM_h4s10f75c2n13.txt,HLCT,10,4,30,8,600.0,3,10.0,11,36.7,5,546.01,0.2,,,
EMM_h4s10f75c2n14.txt,HLCT,10,4,30,8,600.0,0,0.0,10,33.3,5,505.68,0.3,,,
EMM_h4s10f75c2n15.txt,HLCT,10,4,30,8,600.0,11,36.7,15,50.0,5,554.45,0.2,,,
EMM_h4s10f75c2n16.txt,HLCT,10,4,30,8,600.0,3,10.0,11,36.7,5,517.15,0.3,,,
EMM_h4s10f75c2n17.txt,HLCT,10,4,30,8,600.0,3,10.0,18,60.0,5,521.36,0.2,,,
EMM_h4s10f75c2n18.txt,HLCT,10,4,30,8,600.0,3,10.0,19,63.3,5,542.66,0.2,,,
EMM_h4s10f75c2n19.txt,HLCT,10,4,30,8,600.0,2,6.7,11,36.7,6,537.31,0.3,,,
EMM_h4s10f75c2n2.txt,HLCT,10,4,30,8,600.0,3,10.0,15,50.0,4,395.22,0.2,,,
EMM_h4s10f75c2n20.txt,HLCT,10,4,30,8,600.0,1,3.3,11,36.7,6,551.52,0.2,,,
EMM_h4s10f75c2n21.txt,HLCT,10,4,30,8,600.0,3,10.0,11,36.7,5,471.90,0.3,,,
EMM_h4s10f75c2n22.txt,HLCT,10,4,30,8,600.0,3,10.0,14,46.7,6,582.15,0.2,,,
EMM_h4s10f75c2n23.txt,HLCT,10,4,30,8,600.0,2,6.7,23,76.7,5,546.57,0.3,,,
EMM_h4s10f75c2n24.txt,HLCT,10,4,30,8,600.0,2,6.7,15,50.0,5,507.60,0.2,,,
EMM_h4s10f75c2n25.txt,HLCT,10,4,30,8,600.0,3,10.0,15,50.0,4,450.99,0.2,,,
EMM_h4s10f75c2n3.txt,HLCT,10,4,30,8,600.0,4,13.3,15,50.0,6,548.07,0.3,,,
EMM_h4s10f75c2n4.txt,HLCT,10,4,30,8,600.0,2,6.7,14,46.7,5,506.21,0.2,,,
EMM_h4s10f75c2n5.txt,HLCT,10,4,30,8,600.0,3,10.0,26,86.7,5,463.57,0.3,,,
EMM_h4s10f75c2n6.txt,HLCT,10,4,30,8,600.0,1,3.3,15,50.0,6,548.80,0.3,,,
EMM_h4s10f75c2n7.txt,HLCT,10,4,30,8,600.0,1,3.3,19,63.3,6,579.27,0.3,,,
EMM_h4s10f75c2n8.txt,HLCT,10,4,30,8,600.0,7,23.3,11,36.7,5,517.05,0.4,,,
EMM_h4s10f75c2n9.txt,HLCT,10,4,30,8,600.0,2,6.7,19,63.3,5,508.77,0.4,,,
EMM_h4s4f50c0n1.txt,HLCT,4,4,8,2,600.0,0,0.0,8,100.0,2,197.49,0.0,,,
EMM_h4s4f50c0n10.txt,HLCT,4,4,8,2,600.0,2,25.0,8,100.0,1,98.92,0.0,,,
EMM_h4s4f50c0n11.txt,HLCT,4,4,8,2,600.0,2,25.0,8,100.0,1,96.05,0.0,,,
EMM_h4s4f50c0n12.txt,HLCT,4,4,8,2,600.0,2,25.0,8,100.0,1,103.90,0.0,,,
EMM_h4s4f50c0n13.txt,HLCT,4,4,8,2,600.0,0,0.0,8,100.0,3,318.87,0.0,,,
EMM_h4s4f50c0n14.txt,HLCT,4,4,8,2,600.0,0,0.0,8,100.0,4,422.66,0.0,,,
EMM_h4s4f50c0n15.txt,HLCT,4,4,8,2,600.0,0,0.0,8,100.0,2,211.66,0.0,,,
EMM_h4s4f50c0n16.txt,HLCT,4,4,8,2,600.0,2,25.0,8,100.0,4,444.65,0.0,,,
EMM_h4s4f50c0n17.txt,HLCT,4,4,8,2,600.0,0,0.0,8,100.0,3,312.47,0.0,,,
EMM_h4s4f50c0n18.txt,HLCT,4,4,8,2,600.0,3,37.5,8,100.0,2,207.29,0.0,,,
EMM_h4s4f50c0n19.txt,HLCT,4,4,8,2,600.0,1,12.5,8,100.0,3,314.01,0.0,,,
EMM_h4s4f50c0n2.txt,HLCT,4,4,8,2,600.0,1,12.5,8,100.0,3,299.70,0.0,,,
EMM_h4s4f50c0n20.txt,HLCT,4,4,8,2,600.0,2,25.0,8,100.0,1,113.24,0.0,,,
EMM_h4s4f50c0n21.txt,HLCT,4,4,8,2,600.0,2,25.0,8,100.0,2,214.06,0.0,,,
EMM_h4s4f50c0n22.txt,HLCT,4,4,8,2,600.0,1,12.5,8,100.0,3,313.72,0.0,,,
EMM_h4s4f50c0n23.txt,HLCT,4,4,8,2,600.0,0,0.0,8,100.0,3,313.89,0.0,,,
EMM_h4s4f50c0n24.txt,HLCT,4,4,8,2,600.0,0,0.0,8,100.0,3,312.47,0.0,,,
EMM_h4s4f50c0n25.txt,HLCT,4,4,8,2,600.0,1,12.5,8,100.0,3,301.03,0.0,,,
EMM_h4s4f50c0n3.txt,HLCT,4,4,8,2,600.0,2,25.0,8,100.0,1,97.66,0.0,,,
EMM_h4s4f50c0n4.txt,HLCT,4,4,8,2,600.0,1,12.5,8,100.0,3,297.06,0.0,,,
EMM_h4s4f50c0n5.txt,HLCT,4,4,8,2,600.0,2,25.0,8,100.0,2,208.74,0.0,,,
EMM_h4s4f50c0n6.txt,HLCT,4,4,8,2,600.0,0,0.0,8,100.0,3,312.47,0.0,,,
EMM_h4s4f50c0n7.txt,HLCT,4,4,8,2,600.0,0,0.0,8,100.0,3,322.73,0.0,,,
EMM_h4s4f50c0n8.txt,HLCT,4,4,8,2,600.0,0,0.0,8,100.0,4,422.66,0.0,,,
EMM_h4s4f50c0n9.txt,HLCT,4,4,8,2,600.0,1,12.5,8,100.0,2,201.13,0.0,,,
EMM_h4s4f50c1n1.txt,HLCT,4,4,8,2,600.0,2,25.0,8,100.0,3,310.28,0.0,,,
EMM_h4s4f50c1n10.txt,HLCT,4,4,8,2,600.0,3,37.5,8,100.0,2,228.40,0.0,,,
EMM_h4s4f50c1n11.txt,HLCT,4,4,8,2,600.0,1,12.5,8,100.0,3,298.85,0.0,,,
EMM_h4s4f50c1n12.txt,HLCT,4,4,8,2,600.0,8,100.0,8,100.0,0,0.00,0.0,,,
EMM_h4s4f50c1n13.txt,HLCT,4,4,8,2,600.0,8,100.0,8,100.0,0,0.00,0.0,,,
EMM_h4s4f50c1n14.txt,HLCT,4,4,8,2,600.0,3,37.5,8,100.0,2,195.97,0.0,,,
EMM_h4s4f50c1n15.txt,HLCT,4,4,8,2,600.0,1,12.5,8,100.0,4,438.08,0.0,,,
EMM_h4s4f50c1n16.txt,HLCT,4,4,8,2,600.0,3,37.5,8,100.0,1,111.94,0.0,,,
EMM_h4s4f50c1n17.txt,HLCT,4,4,8,2,600.0,3,37.5,8,100.0,2,235.09,0.0,,,
EMM_h4s4f50c1n18.txt,HLCT,4,4,8,2,600.0,8,100.0,8,100.0,0,0.00,0.0,,,
EMM_h4s4f50c1n19.txt,HLCT,4,4,8,2,600.0,3,37.5,8,100.0,1,110.43,0.0,,,
EMM_h4s4f50c1n2.txt,HLCT,4,4,8,2,600.0,2,25.0,8,100.0,2,206.87,0.0,,,
EMM_h4s4f50c1n20.txt,HLCT,4,4,8,2,600.0,3,37.5,8,100.0,2,204.04,0.0,,,
EMM_h4s4f50c1n21.txt,HLCT,4,4,8,2,600.0,2,25.0,8,100.0,3,309.83,0.0,,,
EMM_h4s4f50c1n22.txt,HLCT,4,4,8,2,600.0,3,37.5,8,100.0,3,304.99,0.0,,,
EMM_h4s4f50c1n23.txt,HLCT,4,4,8,2,600.0,3,37.5,8,100.0,2,207.64,0.0,,,
EMM_h4s4f50c1n24.txt,HLCT,4,4,8,2,600.0,2,25.0,8,100.0,3,318.83,0.0,,,
EMM_h4s4f50c1n25.txt,HLCT,4,4,8,2,600.0,8,100.0,8,100.0,0,0.00,0.0,,,
EMM_h4s4f50c1n3.txt,HLCT,4,4,8,2,600.0,3,37.5,8,100.0,3,310.20,0.0,,,
EMM_h4s4f50c1n4.txt,HLCT,4,4,8,2,600.0,2,25.0,8,100.0,3,356.30,0.0,,,
EMM_h4s4f50c1n5.txt,HLCT,4,4,8,2,600.0,1,12.5,8,100.0,3,306.48,0.0,,,
EMM_h4s4f50c1n6.txt,HLCT,4,4,8,2,600.0,3,37.5,8,100.0,1,113.07,0.0,,,
EMM_h4s4f50c1n7.txt,HLCT,4,4,8,2,600.0,3,37.5,8,100.0,1,109.17,0.0,,,
EMM_h4s4f50c1n8.txt,HLCT,4,4,8,2,600.0,2,25.0,8,100.0,1,89.85,0.0,,,
EMM_h4s4f50c1n9.txt,HLCT,4,4,8,2,600.0,3,37.5,8,100.0,3,310.28,0.0,,,
EMM_h4s4f50c2n1.txt,HLCT,4,4,8,2,600.0,3,37.5,8,100.0,1,120.59,0.0,,,
EMM_h4s4f50c2n10.txt,HLCT,4,4,8,2,600.0,3,37.5,8,100.0,1,123.38,0.0,,,
EMM_h4s4f50c2n11.txt,HLCT,4,4,8,2,600.0,3,37.5,8,100.0,1,111.69,0.0,,,
EMM_h4s4f50c2n12.txt,HLCT,4,4,8,2,600.0,3,37.5,8,100.0,1,125.98,0.0,,,
EMM_h4s4f50c2n13.txt,HLCT,4,4,8,2,600.0,8,100.0,8,100.0,0,0.00,0.0,,,
EMM_h4s4f50c2n14.txt,HLCT,4,4,8,2,600.0,8,100.0,8,100.0,0,0.00,0.0,,,
EMM_h4s4f50c2n15.txt,HLCT,4,4,8,2,600.0,8,100.0,8,100.0,0,0.00,0.0,,,
EMM_h4s4f50c2n16.txt,HLCT,4,4,8,2,600.0,8,100.0,8,100.0,0,0.00,0.0,,,
EMM_h4s4f50c2n17.txt,HLCT,4,4,8,2,600.0,3,37.5,8,100.0,1,132.22,0.0,,,
EMM_h4s4f50c2n18.txt,HLCT,4,4,8,2,600.0,8,100.0,8,100.0,0,0.00,0.0,,,
EMM_h4s4f50c2n19.txt,HLCT,4,4,8,2,600.0,8,100.0,8,100.0,0,0.00,0.0,,,
EMM_h4s4f50c2n2.txt,HLCT,4,4,8,2,600.0,3,37.5,8,100.0,3,296.97,0.0,,,
EMM_h4s4f50c2n20.txt,HLCT,4,4,8,2,600.0,8,100.0,8,100.0,0,0.00,0.0,,,
EMM_h4s4f50c2n21.txt,HLCT,4,4,8,2,600.0,8,100.0,8,100.0,0,0.00,0.0,,,
EMM_h4s4f50c2n22.txt,HLCT,4,4,8,2,600.0,2,25.0,8,100.0,3,328.23,0.0,,,
EMM_h4s4f50c2n23.txt,HLCT,4,4,8,2,600.0,8,100.0,8,100.0,0,0.00,0.0,,,
EMM_h4s4f50c2n24.txt,HLCT,4,4,8,2,600.0,8,100.0,8,100.0,0,0.00,0.0,,,
EMM_h4s4f50c2n25.txt,HLCT,4,4,8,2,600.0,3,37.5,8,100.0,2,214.23,0.0,,,
EMM_h4s4f50c2n3.txt,HLCT,4,4,8,2,600.0,8,100.0,8,100.0,0,0.00,0.0,,,
EMM_h4s4f50c2n4.txt,HLCT,4,4,8,2,600.0,8,100.0,8,100.0,0,0.00,0.0,,,
EMM_h4s4f50c2n5.txt,HLCT,4,4,8,2,600.0,2,25.0,8,100.0,2,225.67,0.0,,,
EMM_h4s4f50c2n6.txt,HLCT,4,4,8,2,600.0,3,37.5,8,100.0,2,215.49,0.0,,,
EMM_h4s4f50c2n7.txt,HLCT,4,4,8,2,600.0,8,100.0,8,100.0,0,0.00,0.0,,,
EMM_h4s4f50c2n8.txt,HLCT,4,4,8,2,600.0,3,37.5,8,100.0,2,238.36,0.0,,,
EMM_h4s4f50c2n9.txt,HLCT,4,4,8,2,600.0,3,37.5,8,100.0,2,220.49,0.0,,,
EMM_h4s4f75c0n1.txt,HLCT,4,4,12,3,600.0,0,0.0,1,8.3,4,337.93,0.1,,,
EMM_h4s4f75c0n10.txt,HLCT,4,4,12,3,600.0,0,0.0,1,8.3,4,337.93,0.1,,,
EMM_h4s4f75c0n11.txt,HLCT,4,4,12,3,600.0,0,0.0,1,8.3,4,337.93,0.1,,,
EMM_h4s4f75c0n12.txt,HLCT,4,4,12,3,600.0,0,0.0,1,8.3,4,337.93,0.1,,,
EMM_h4s4f75c0n13.txt,HLCT,4,4,12,3,600.0,0,0.0,1,8.3,4,337.93,0.1,,,
EMM_h4s4f75c0n14.txt,HLCT,4,4,12,3,600.0,0,0.0,1,8.3,4,337.93,0.1,,,
EMM_h4s4f75c0n15.txt,HLCT,4,4,12,3,600.0,0,0.0,1,8.3,4,337.93,0.1,,,
EMM_h4s4f75c0n16.txt,HLCT,4,4,12,3,600.0,0,0.0,1,8.3,4,337.93,0.1,,,
EMM_h4s4f75c0n17.txt,HLCT,4,4,12,3,600.0,0,0.0,1,8.3,4,337.93,0.1,,,
EMM_h4s4f75c0n18.txt,HLCT,4,4,12,3,600.0,0,0.0,1,8.3,4,337.93,0.1,,,
EMM_h4s4f75c0n19.txt,HLCT,4,4,12,3,600.0,0,0.0,1,8.3,4,337.93,0.1,,,
EMM_h4s4f75c0n2.txt,HLCT,4,4,12,3,600.0,0,0.0,1,8.3,4,337.93,0.1,,,
EMM_h4s4f75c0n20.txt,HLCT,4,4,12,3,600.0,0,0.0,1,8.3,4,337.93,0.1,,,
EMM_h4s4f75c0n21.txt,HLCT,4,4,12,3,600.0,0,0.0,1,8.3,4,337.93,0.1,,,
EMM_h4s4f75c0n22.txt,HLCT,4,4,12,3,600.0,0,0.0,1,8.3,4,337.93,0.1,,,
EMM_h4s4f75c0n23.txt,HLCT,4,4,12,3,600.0,0,0.0,1,8.3,4,337.93,0.1,,,
EMM_h4s4f75c0n24.txt,HLCT,4,4,12,3,600.0,0,0.0,1,8.3,4,337.93,0.1,,,
EMM_h4s4f75c0n25.txt,HLCT,4,4,12,3,600.0,0,0.0,1,8.3,4,337.93,0.1,,,
EMM_h4s4f75c0n3.txt,HLCT,4,4,12,3,600.0,0,0.0,1,8.3,4,337.93,0.1,,,
EMM_h4s4f75c0n4.txt,HLCT,4,4,12,3,600.0,0,0.0,1,8.3,4,337.93,0.1,,,
EMM_h4s4f75c0n5.txt,HLCT,4,4,12,3,600.0,0,0.0,1,8.3,4,337.93,0.1,,,
EMM_h4s4f75c0n6.txt,HLCT,4,4,12,3,600.0,0,0.0,1,8.3,4,337.93,0.1,,,
EMM_h4s4f75c0n7.txt,HLCT,4,4,12,3,600.0,0,0.0,1,8.3,4,337.93,0.1,,,
EMM_h4s4f75c0n8.txt,HLCT,4,4,12,3,600.0,0,0.0,1,8.3,4,337.93,0.1,,,
EMM_h4s4f75c0n9.txt,HLCT,4,4,12,3,600.0,0,0.0,1,8.3,4,337.93,0.1,,,
EMM_h4s4f75c1n1.txt,HLCT,4,4,12,3,600.0,2,16.7,7,58.3,4,390.58,0.1,,,
EMM_h4s4f75c1n10.txt,HLCT,4,4,12,3,600.0,2,16.7,3,25.0,3,279.29,0.1,,,
EMM_h4s4f75c1n11.txt,HLCT,4,4,12,3,600.0,2,16.7,12,100.0,4,375.30,0.1,,,
EMM_h4s4f75c1n12.txt,HLCT,4,4,12,3,600.0,1,8.3,3,25.0,5,464.65,0.1,,,
EMM_h4s4f75c1n13.txt,HLCT,4,4,12,3,600.0,5,41.7,7,58.3,1,74.36,0.1,,,
EMM_h4s4f75c1n14.txt,HLCT,4,4,12,3,600.0,1,8.3,12,100.0,4,400.80,0.1,,,
EMM_h4s4f75c1n15.txt,HLCT,4,4,12,3,600.0,1,8.3,7,58.3,6,583.64,0.1,,,
EMM_h4s4f75c1n16.txt,HLCT,4,4,12,3,600.0,1,8.3,3,25.0,5,458.61,0.1,,,
EMM_h4s4f75c1n17.txt,HLCT,4,4,12,3,600.0,0,0.0,12,100.0,6,565.60,0.1,,,
EMM_h4s4f75c1n18.txt,HLCT,4,4,12,3,600.0,2,16.7,6,50.0,4,377.64,0.1,,,
EMM_h4s4f75c1n19.txt,HLCT,4,4,12,3,600.0,1,8.3,12,100.0,6,589.11,0.1,,,
EMM_h4s4f75c1n2.txt,HLCT,4,4,12,3,600.0,1,8.3,3,25.0,5,466.97,0.1,,,
EMM_h4s4f75c1n20.txt,HLCT,4,4,12,3,600.0,2,16.7,12,100.0,5,531.37,0.1,,,
EMM_h4s4f75c1n21.txt,HLCT,4,4,12,3,600.0,0,0.0,3,25.0,6,550.41,0.1,,,
EMM_h4s4f75c1n22.txt,HLCT,4,4,12,3,600.0,1,8.3,12,100.0,1,88.71,0.0,,,
EMM_h4s4f75c1n23.txt,HLCT,4,4,12,3,600.0,1,8.3,12,100.0,4,350.71,0.1,,,
EMM_h4s4f75c1n24.txt,HLCT,4,4,12,3,600.0,1,8.3,12,100.0,6,574.32,0.1,,,
EMM_h4s4f75c1n25.txt,HLCT,4,4,12,3,600.0,1,8.3,6,50.0,5,473.82,0.1,,,
EMM_h4s4f75c1n3.txt,HLCT,4,4,12,3,600.0,2,16.7,12,100.0,5,509.72,0.0,,,
EMM_h4s4f75c1n4.txt,HLCT,4,4,12,3,600.0,1,8.3,12,100.0,2,192.20,0.0,,,
EMM_h4s4f75c1n5.txt,HLCT,4,4,12,3,600.0,2,16.7,7,58.3,5,465.87,0.1,,,
EMM_h4s4f75c1n6.txt,HLCT,4,4,12,3,600.0,0,0.0,3,25.0,2,171.76,0.1,,,
EMM_h4s4f75c1n7.txt,HLCT,4,4,12,3,600.0,3,25.0,7,58.3,4,403.22,0.1,,,
EMM_h4s4f75c1n8.txt,HLCT,4,4,12,3,600.0,3,25.0,7,58.3,5,512.12,0.1,,,
EMM_h4s4f75c1n9.txt,HLCT,4,4,12,3,600.0,0,0.0,3,25.0,5,449.75,0.1,,,
EMM_h4s4f75c2n1.txt,HLCT,4,4,12,3,600.0,3,25.0,12,100.0,1,83.21,0.0,,,
EMM_h4s4f75c2n10.txt,HLCT,4,4,12,3,600.0,3,25.0,12,100.0,4,373.54,0.1,,,
EMM_h4s4f75c2n11.txt,HLCT,4,4,12,3,600.0,12,100.0,12,100.0,0,0.00,0.0,,,
EMM_h4s4f75c2n12.txt,HLCT,4,4,12,3,600.0,3,25.0,12,100.0,1,78.22,0.0,,,
EMM_h4s4f75c2n13.txt,HLCT,4,4,12,3,600.0,12,100.0,12,100.0,0,0.00,0.0,,,
EMM_h4s4f75c2n14.txt,HLCT,4,4,12,3,600.0,3,25.0,7,58.3,6,590.13,0.1,,,
EMM_h4s4f75c2n15.txt,HLCT,4,4,12,3,600.0,3,25.0,12,100.0,4,376.58,0.1,,,
EMM_h4s4f75c2n16.txt,HLCT,4,4,12,3,600.0,12,100.0,12,100.0,0,0.00,0.0,,,
EMM_h4s4f75c2n17.txt,HLCT,4,4,12,3,600.0,3,25.0,7,58.3,2,206.87,0.1,,,
EMM_h4s4f75c2n18.txt,HLCT,4,4,12,3,600.0,7,58.3,12,100.0,4,373.50,0.0,,,
EMM_h4s4f75c2n19.txt,HLCT,4,4,12,3,600.0,7,58.3,12,100.0,2,206.11,0.0,,,
EMM_h4s4f75c2n2.txt,HLCT,4,4,12,3,600.0,12,100.0,12,100.0,0,0.00,0.0,,,
EMM_h4s4f75c2n20.txt,HLCT,4,4,12,3,600.0,12,100.0,12,100.0,0,0.00,0.0,,,
EMM_h4s4f75c2n21.txt,HLCT,4,4,12,3,600.0,3,25.0,12,100.0,1,77.00,0.0,,,
EMM_h4s4f75c2n22.txt,HLCT,4,4,12,3,600.0,12,100.0,12,100.0,0,0.00,0.0,,,
EMM_h4s4f75c2n23.txt,HLCT,4,4,12,3,600.0,12,100.0,12,100.0,0,0.00,0.0,,,
EMM_h4s4f75c2n24.txt,HLCT,4,4,12,3,600.0,12,100.0,12,100.0,0,0.00,0.0,,,
EMM_h4s4f75c2n25.txt,HLCT,4,4,12,3,600.0,3,25.0,12,100.0,2,194.68,0.1,,,
EMM_h4s4f75c2n3.txt,HLCT,4,4,12,3,600.0,12,100.0,12,100.0,0,0.00,0.0,,,
EMM_h4s4f75c2n4.txt,HLCT,4,4,12,3,600.0,3,25.0,12,100.0,6,581.44,0.1,,,
EMM_h4s4f75c2n5.txt,HLCT,4,4,12,3,600.0,3,25.0,12,100.0,2,205.32,0.1,,,
EMM_h4s4f75c2n6.txt,HLCT,4,4,12,3,600.0,12,100.0,12,100.0,0,0.00,0.0,,,
EMM_h4s4f75c2n7.txt,HLCT,4,4,12,3,600.0,3,25.0,12,100.0,6,582.51,0.1,,,
EMM_h4s4f75c2n8.txt,HLCT,4,4,12,3,600.0,2,16.7,12,100.0,4,357.19,0.0,,,
EMM_h4s4f75c2n9.txt,HLCT,4,4,12,3,600.0,3,25.0,12,100.0,6,578.52,0.1,,,
EMM_h4s7f50c0n1.txt,HLCT,7,4,14,4,600.0,1,7.1,3,21.4,5,529.77,0.1,,,
EMM_h4s7f50c0n10.txt,HLCT,7,4,14,4,600.0,1,7.1,3,21.4,5,545.77,0.1,,,
EMM_h4s7f50c0n11.txt,HLCT,7,4,14,4,600.0,1,7.1,7,50.0,4,438.50,0.1,,,
EMM_h4s7f50c0n12.txt,HLCT,7,4,14,4,600.0,0,0.0,3,21.4,5,536.57,0.1,,,
EMM_h4s7f50c0n13.txt,HLCT,7,4,14,4,600.0,1,7.1,7,50.0,5,585.31,0.1,,,
EMM_h4s7f50c0n14.txt,HLCT,7,4,14,4,600.0,1,7.1,6,42.9,5,518.10,0.1,,,
EMM_h4s7f50c0n15.txt,HLCT,7,4,14,4,600.0,2,14.3,7,50.0,5,542.93,0.1,,,
EMM_h4s7f50c0n16.txt,HLCT,7,4,14,4,600.0,2,14.3,5,35.7,5,502.70,0.1,,,
EMM_h4s7f50c0n17.txt,HLCT,7,4,14,4,600.0,0,0.0,6,42.9,5,557.23,0.1,,,
EMM_h4s7f50c0n18.txt,HLCT,7,4,14,4,600.0,1,7.1,7,50.0,5,552.53,0.1,,,
EMM_h4s7f50c0n19.txt,HLCT,7,4,14,4,600.0,1,7.1,7,50.0,5,563.63,0.1,,,
EMM_h4s7f50c0n2.txt,HLCT,7,4,14,4,600.0,1,7.1,6,42.9,5,525.93,0.1,,,
EMM_h4s7f50c0n20.txt,HLCT,7,4,14,4,600.0,0,0.0,7,50.0,5,580.73,0.1,,,
EMM_h4s7f50c0n21.txt,HLCT,7,4,14,4,600.0,1,7.1,7,50.0,5,517.54,0.1,,,
EMM_h4s7f50c0n22.txt,HLCT,7,4,14,4,600.0,1,7.1,3,21.4,5,524.39,0.1,,,
EMM_h4s7f50c0n23.txt,HLCT,7,4,14,4,600.0,1,7.1,5,35.7,5,543.35,0.1,,,
EMM_h4s7f50c0n24.txt,HLCT,7,4,14,4,600.0,0,0.0,6,42.9,5,531.06,0.1,,,
EMM_h4s7f50c0n25.txt,HLCT,7,4,14,4,600.0,0,0.0,6,42.9,5,549.49,0.1,,,
EMM_h4s7f50c0n3.txt,HLCT,7,4,14,4,600.0,1,7.1,5,35.7,5,532.74,0.1,,,
EMM_h4s7f50c0n4.txt,HLCT,7,4,14,4,600.0,0,0.0,3,21.4,5,553.69,0.1,,,
EMM_h4s7f50c0n5.txt,HLCT,7,4,14,4,600.0,0,0.0,6,42.9,5,534.87,0.1,,,
EMM_h4s7f50c0n6.txt,HLCT,7,4,14,4,600.0,0,0.0,3,21.4,5,545.36,0.1,,,
EMM_h4s7f50c0n7.txt,HLCT,7,4,14,4,600.0,1,7.1,6,42.9,5,513.50,0.1,,,
EMM_h4s7f50c0n8.txt,HLCT,7,4,14,4,600.0,1,7.1,6,42.9,5,544.16,0.1,,,
EMM_h4s7f50c0n9.txt,HLCT,7,4,14,4,600.0,1,7.1,7,50.0,4,436.89,0.1,,,
EMM_h4s7f50c1n1.txt,HLCT,7,4,14,4,600.0,0,0.0,14,100.0,5,542.42,0.1,,,
EMM_h4s7f50c1n10.txt,HLCT,7,4,14,4,600.0,2,14.3,14,100.0,4,439.24,0.1,,,
EMM_h4s7f50c1n11.txt,HLCT,7,4,14,4,600.0,3,21.4,14,100.0,3,334.54,0.1,,,
EMM_h4s7f50c1n12.txt,HLCT,7,4,14,4,600.0,1,7.1,14,100.0,4,400.25,0.1,,,
EMM_h4s7f50c1n13.txt,HLCT,7,4,14,4,600.0,3,21.4,14,100.0,5,562.54,0.1,,,
EMM_h4s7f50c1n14.txt,HLCT,7,4,14,4,600.0,3,21.4,14,100.0,4,431.09,0.1,,,
EMM_h4s7f50c1n15.txt,HLCT,7,4,14,4,600.0,3,21.4,10,71.4,5,553.76,0.1,,,
EMM_h4s7f50c1n16.txt,HLCT,7,4,14,4,600.0,2,14.3,14,100.0,4,477.14,0.1,,,
EMM_h4s7f50c1n17.txt,HLCT,7,4,14,4,600.0,14,100.0,14,100.0,0,0.00,0.0,,,
EMM_h4s7f50c1n18.txt,HLCT,7,4,14,4,600.0,3,21.4,14,100.0,2,209.25,0.0,,,
EMM_h4s7f50c1n19.txt,HLCT,7,4,14,4,600.0,14,100.0,14,100.0,0,0.00,0.0,,,
EMM_h4s7f50c1n2.txt,HLCT,7,4,14,4,600.0,3,21.4,14,100.0,4,458.31,0.1,,,
EMM_h4s7f50c1n20.txt,HLCT,7,4,14,4,600.0,3,21.4,7,50.0,5,518.12,0.1,,,
EMM_h4s7f50c1n21.txt,HLCT,7,4,14,4,600.0,1,7.1,14,100.0,3,329.09,0.1,,,
EMM_h4s7f50c1n22.txt,HLCT,7,4,14,4,600.0,1,7.1,14,100.0,3,348.36,0.1,,,
EMM_h4s7f50c1n23.txt,HLCT,7,4,14,4,600.0,3,21.4,10,71.4,4,459.69,0.1,,,
EMM_h4s7f50c1n24.txt,HLCT,7,4,14,4,600.0,2,14.3,14,100.0,2,217.99,0.0,,,
EMM_h4s7f50c1n25.txt,HLCT,7,4,14,4,600.0,1,7.1,14,100.0,5,557.37,0.1,,,
EMM_h4s7f50c1n3.txt,HLCT,7,4,14,4,600.0,2,14.3,14,100.0,3,291.00,0.1,,,
EMM_h4s7f50c1n4.txt,HLCT,7,4,14,4,600.0,1,7.1,7,50.0,5,524.58,0.1,,,
EMM_h4s7f50c1n5.txt,HLCT,7,4,14,4,600.0,1,7.1,14,100.0,5,534.91,0.1,,,
EMM_h4s7f50c1n6.txt,HLCT,7,4,14,4,600.0,3,21.4,14,100.0,1,123.37,0.0,,,
EMM_h4s7f50c1n7.txt,HLCT,7,4,14,4,600.0,3,21.4,14,100.0,2,222.60,0.0,,,
EMM_h4s7f50c1n8.txt,HLCT,7,4,14,4,600.0,2,14.3,14,100.0,2,211.77,0.0,,,
EMM_h4s7f50c1n9.txt,HLCT,7,4,14,4,600.0,3,21.4,14,100.0,4,431.44,0.1,,,
EMM_h4s7f50c2n1.txt,HLCT,7,4,14,4,600.0,7,50.0,14,100.0,2,216.83,0.1,,,
EMM_h4s7f50c2n10.txt,HLCT,7,4,14,4,600.0,14,100.0,14,100.0,0,0.00,0.0,,,
EMM_h4s7f50c2n11.txt,HLCT,7,4,14,4,600.0,7,50.0,14,100.0,1,118.20,0.0,,,
EMM_h4s7f50c2n12.txt,HLCT,7,4,14,4,600.0,7,50.0,14,100.0,3,321.14,0.1,,,
EMM_h4s7f50c2n13.txt,HLCT,7,4,14,4,600.0,3,21.4,14,100.0,5,540.89,0.1,,,
EMM_h4s7f50c2n14.txt,HLCT,7,4,14,4,600.0,7,50.0,14,100.0,2,215.41,0.0,,,
EMM_h4s7f50c2n15.txt,HLCT,7,4,14,4,600.0,14,100.0,14,100.0,0,0.00,0.0,,,
EMM_h4s7f50c2n16.txt,HLCT,7,4,14,4,600.0,3,21.4,10,71.4,5,535.11,0.2,,,
EMM_h4s7f50c2n17.txt,HLCT,7,4,14,4,600.0,3,21.4,14,100.0,5,535.80,0.2,,,
EMM_h4s7f50c2n18.txt,HLCT,7,4,14,4,600.0,3,21.4,14,100.0,3,312.39,0.1,,,
EMM_h4s7f50c2n19.txt,HLCT,7,4,14,4,600.0,7,50.0,14,100.0,2,216.83,0.1,,,
EMM_h4s7f50c2n2.txt,HLCT,7,4,14,4,600.0,3,21.4,10,71.4,5,558.56,0.2,,,
EMM_h4s7f50c2n20.txt,HLCT,7,4,14,4,600.0,14,100.0,14,100.0,0,0.00,0.0,,,
EMM_h4s7f50c2n21.txt,HLCT,7,4,14,4,600.0,10,71.4,14,100.0,2,229.43,0.0,,,
EMM_h4s7f50c2n22.txt,HLCT,7,4,14,4,600.0,7,50.0,14,100.0,5,554.70,0.1,,,
EMM_h4s7f50c2n23.txt,HLCT,7,4,14,4,600.0,3,21.4,10,71.4,5,544.24,0.1,,,
EMM_h4s7f50c2n24.txt,HLCT,7,4,14,4,600.0,14,100.0,14,100.0,0,0.00,0.0,,,
EMM_h4s7f50c2n25.txt,HLCT,7,4,14,4,600.0,7,50.0,14,100.0,2,221.19,0.0,,,
EMM_h4s7f50c2n3.txt,HLCT,7,4,14,4,600.0,3,21.4,14,100.0,2,218.80,0.0,,,
EMM_h4s7f50c2n4.txt,HLCT,7,4,14,4,600.0,7,50.0,14,100.0,4,504.60,0.1,,,
EMM_h4s7f50c2n5.txt,HLCT,7,4,14,4,600.0,7,50.0,14,100.0,1,110.43,0.0,,,
EMM_h4s7f50c2n6.txt,HLCT,7,4,14,4,600.0,6,42.9,14,100.0,5,560.22,0.1,,,
EMM_h4s7f50c2n7.txt,HLCT,7,4,14,4,600.0,2,14.3,10,71.4,5,525.15,0.1,,,
EMM_h4s7f50c2n8.txt,HLCT,7,4,14,4,600.0,7,50.0,14,100.0,2,222.09,0.0,,,
EMM_h4s7f50c2n9.txt,HLCT,7,4,14,4,600.0,3,21.4,14,100.0,3,333.75,0.1,,,
EMM_h4s7f75c0n1.txt,HLCT,7,4,21,6,600.0,0,0.0,2,9.5,5,447.67,0.2,,,
EMM_h4s7f75c0n10.txt,HLCT,7,4,21,6,600.0,0,0.0,2,9.5,5,519.51,0.2,,,
EMM_h4s7f75c0n11.txt,HLCT,7,4,21,6,600.0,0,0.0,3,14.3,4,382.11,0.2,,,
EMM_h4s7f75c0n12.txt,HLCT,7,4,21,6,600.0,0,0.0,2,9.5,5,524.57,0.2,,,
EMM_h4s7f75c0n13.txt,HLCT,7,4,21,6,600.0,0,0.0,2,9.5,5,465.10,0.2,,,
EMM_h4s7f75c0n14.txt,HLCT,7,4,21,6,600.0,0,0.0,3,14.3,4,372.25,0.2,,,
EMM_h4s7f75c0n15.txt,HLCT,7,4,21,6,600.0,0,0.0,3,14.3,4,364.40,0.2,,,
EMM_h4s7f75c0n16.txt,HLCT,7,4,21,6,600.0,0,0.0,2,9.5,5,457.43,0.2,,,
EMM_h4s7f75c0n17.txt,HLCT,7,4,21,6,600.0,0,0.0,2,9.5,5,519.51,0.2,,,
EMM_h4s7f75c0n18.txt,HLCT,7,4,21,6,600.0,0,0.0,3,14.3,4,375.83,0.2,,,
EMM_h4s7f75c0n19.txt,HLCT,7,4,21,6,600.0,0,0.0,3,14.3,4,373.78,0.2,,,
EMM_h4s7f75c0n2.txt,HLCT,7,4,21,6,600.0,0,0.0,2,9.5,5,523.48,0.2,,,
EMM_h4s7f75c0n20.txt,HLCT,7,4,21,6,600.0,0,0.0,2,9.5,5,477.29,0.2,,,
EMM_h4s7f75c0n21.txt,HLCT,7,4,21,6,600.0,0,0.0,2,9.5,5,521.86,0.2,,,
EMM_h4s7f75c0n22.txt,HLCT,7,4,21,6,600.0,0,0.0,2,9.5,5,517.78,0.2,,,
EMM_h4s7f75c0n23.txt,HLCT,7,4,21,6,600.0,0,0.0,2,9.5,5,519.68,0.2,,,
EMM_h4s7f75c0n24.txt,HLCT,7,4,21,6,600.0,0,0.0,2,9.5,5,448.97,0.2,,,
EMM_h4s7f75c0n25.txt,HLCT,7,4,21,6,600.0,0,0.0,2,9.5,5,447.75,0.2,,,
EMM_h4s7f75c0n3.txt,HLCT,7,4,21,6,600.0,0,0.0,2,9.5,5,517.78,0.2,,,
EMM_h4s7f75c0n4.txt,HLCT,7,4,21,6,600.0,0,0.0,2,9.5,5,467.27,0.2,,,
EMM_h4s7f75c0n5.txt,HLCT,7,4,21,6,600.0,0,0.0,2,9.5,5,461.40,0.2,,,
EMM_h4s7f75c0n6.txt,HLCT,7,4,21,6,600.0,0,0.0,2,9.5,5,460.61,0.2,,,
EMM_h4s7f75c0n7.txt,HLCT,7,4,21,6,600.0,0,0.0,2,9.5,5,460.10,0.2,,,
EMM_h4s7f75c0n8.txt,HLCT,7,4,21,6,600.0,0,0.0,2,9.5,5,523.13,0.2,,,
EMM_h4s7f75c0n9.txt,HLCT,7,4,21,6,600.0,0,0.0,3,14.3,4,381.59,0.2,,,
EMM_h4s7f75c1n1.txt,HLCT,7,4,21,6,600.0,1,4.8,9,42.9,6,586.82,0.2,,,
EMM_h4s7f75c1n10.txt,HLCT,7,4,21,6,600.0,0,0.0,8,38.1,6,561.22,0.2,,,
EMM_h4s7f75c1n11.txt,HLCT,7,4,21,6,600.0,2,9.5,6,28.6,6,593.02,0.1,,,
EMM_h4s7f75c1n12.txt,HLCT,7,4,21,6,600.0,3,14.3,7,33.3,5,462.96,0.2,,,
EMM_h4s7f75c1n13.txt,HLCT,7,4,21,6,600.0,1,4.8,7,33.3,6,555.28,0.2,,,
EMM_h4s7f75c1n14.txt,HLCT,7,4,21,6,600.0,1,4.8,3,14.3,5,492.07,0.2,,,
EMM_h4s7f75c1n15.txt,HLCT,7,4,21,6,600.0,2,9.5,6,28.6,5,503.87,0.2,,,
EMM_h4s7f75c1n16.txt,HLCT,7,4,21,6,600.0,1,4.8,17,81.0,6,572.63,0.2,,,
EMM_h4s7f75c1n17.txt,HLCT,7,4,21,6,600.0,4,19.0,6,28.6,4,392.20,0.2,,,
EMM_h4s7f75c1n18.txt,HLCT,7,4,21,6,600.0,1,4.8,3,14.3,5,459.85,0.2,,,
EMM_h4s7f75c1n19.txt,HLCT,7,4,21,6,600.0,0,0.0,7,33.3,5,467.71,0.2,,,
EMM_h4s7f75c1n2.txt,HLCT,7,4,21,6,600.0,2,9.5,7,33.3,4,416.75,0.1,,,
EMM_h4s7f75c1n20.txt,HLCT,7,4,21,6,600.0,3,14.3,6,28.6,5,509.25,0.4,,,
EMM_h4s7f75c1n21.txt,HLCT,7,4,21,6,600.0,2,9.5,10,47.6,6,583.21,0.2,,,
EMM_h4s7f75c1n22.txt,HLCT,7,4,21,6,600.0,1,4.8,6,28.6,6,555.02,0.1,,,
EMM_h4s7f75c1n23.txt,HLCT,7,4,21,6,600.0,1,4.8,6,28.6,6,599.29,0.2,,,
EMM_h4s7f75c1n24.txt,HLCT,7,4,21,6,600.0,3,14.3,5,23.8,5,524.42,0.4,,,
EMM_h4s7f75c1n25.txt,HLCT,7,4,21,6,600.0,2,9.5,12,57.1,6,552.26,0.2,,,
EMM_h4s7f75c1n3.txt,HLCT,7,4,21,6,600.0,0,0.0,3,14.3,5,478.27,0.2,,,
EMM_h4s7f75c1n4.txt,HLCT,7,4,21,6,600.0,2,9.5,7,33.3,6,546.35,0.2,,,
EMM_h4s7f75c1n5.txt,HLCT,7,4,21,6,600.0,2,9.5,7,33.3,5,494.88,0.1,,,
EMM_h4s7f75c1n6.txt,HLCT,7,4,21,6,600.0,1,4.8,3,14.3,5,488.14,0.1,,,
EMM_h4s7f75c1n7.txt,HLCT,7,4,21,6,600.0,3,14.3,6,28.6,6,541.80,0.2,,,
EMM_h4s7f75c1n8.txt,HLCT,7,4,21,6,600.0,2,9.5,13,61.9,5,521.49,0.2,,,
EMM_h4s7f75c1n9.txt,HLCT,7,4,21,6,600.0,3,14.3,9,42.9,6,540.65,0.2,,,
EMM_h4s7f75c2n1.txt,HLCT,7,4,21,6,600.0,2,9.5,16,76.2,6,590.43,0.2,,,
EMM_h4s7f75c2n10.txt,HLCT,7,4,21,6,600.0,7,33.3,21,100.0,2,187.87,0.1,,,
EMM_h4s7f75c2n11.txt,HLCT,7,4,21,6,600.0,2,9.5,14,66.7,5,502.07,0.2,,,
EMM_h4s7f75c2n12.txt,HLCT,7,4,21,6,600.0,7,33.3,21,100.0,5,545.53,0.1,,,
EMM_h4s7f75c2n13.txt,HLCT,7,4,21,6,600.0,7,33.3,21,100.0,4,386.45,0.1,,,
EMM_h4s7f75c2n14.txt,HLCT,7,4,21,6,600.0,3,14.3,14,66.7,6,587.20,0.2,,,
EMM_h4s7f75c2n15.txt,HLCT,7,4,21,6,600.0,7,33.3,17,81.0,6,582.57,0.1,,,
EMM_h4s7f75c2n16.txt,HLCT,7,4,21,6,600.0,14,66.7,21,100.0,5,518.87,0.1,,,
EMM_h4s7f75c2n17.txt,HLCT,7,4,21,6,600.0,2,9.5,14,66.7,5,426.07,0.3,,,
EMM_h4s7f75c2n18.txt,HLCT,7,4,21,6,600.0,3,14.3,21,100.0,4,368.82,0.2,,,
EMM_h4s7f75c2n19.txt,HLCT,7,4,21,6,600.0,11,52.4,21,100.0,3,331.96,0.1,,,
EMM_h4s7f75c2n2.txt,HLCT,7,4,21,6,600.0,1,4.8,17,81.0,6,583.16,0.3,,,
EMM_h4s7f75c2n20.txt,HLCT,7,4,21,6,600.0,2,9.5,17,81.0,6,588.09,0.3,,,
EMM_h4s7f75c2n21.txt,HLCT,7,4,21,6,600.0,1,4.8,21,100.0,5,494.90,0.1,,,
EMM_h4s7f75c2n22.txt,HLCT,7,4,21,6,600.0,3,14.3,17,81.0,6,589.91,0.2,,,
EMM_h4s7f75c2n23.txt,HLCT,7,4,21,6,600.0,2,9.5,17,81.0,4,399.75,0.2,,,
EMM_h4s7f75c2n24.txt,HLCT,7,4,21,6,600.0,2,9.5,14,66.7,5,488.40,0.2,,,
EMM_h4s7f75c2n25.txt,HLCT,7,4,21,6,600.0,2,9.5,11,52.4,6,569.60,0.2,,,
EMM_h4s7f75c2n3.txt,HLCT,7,4,21,6,600.0,6,28.6,14,66.7,5,520.60,0.1,,,
EMM_h4s7f75c2n4.txt,HLCT,7,4,21,6,600.0,2,9.5,14,66.7,5,505.62,0.2,,,
EMM_h4s7f75c2n5.txt,HLCT,7,4,21,6,600.0,3,14.3,11,52.4,6,550.80,0.2,,,
EMM_h4s7f75c2n6.txt,HLCT,7,4,21,6,600.0,7,33.3,21,100.0,5,489.14,0.1,,,
EMM_h4s7f75c2n7.txt,HLCT,7,4,21,6,600.0,2,9.5,10,47.6,6,549.07,0.2,,,
EMM_h4s7f75c2n8.txt,HLCT,7,4,21,6,600.0,7,33.3,21,100.0,1,101.56,0.0,,,
EMM_h4s7f75c2n9.txt,HLCT,7,4,21,6,600.0,3,14.3,13,61.9,6,583.10,0.2,,,
EMM_h4s10f50c0n1.txt,HLCT,10,4,20,5,900.0,0,0.0,7,35.0,8,875.70,0.4,,,
EMM_h4s10f50c0n10.txt,HLCT,10,4,20,5,900.0,1,5.0,11,55.0,8,858.75,0.4,,,
EMM_h4s10f50c0n11.txt,HLCT,10,4,20,5,900.0,0,0.0,4,20.0,7,815.21,0.3,,,
EMM_h4s10f50c0n12.txt,HLCT,10,4,20,5,900.0,1,5.0,7,35.0,7,766.28,0.3,,,
EMM_h4s10f50c0n13.txt,HLCT,10,4,20,5,900.0,1,5.0,20,100.0,8,851.34,0.4,,,
EMM_h4s10f50c0n14.txt,HLCT,10,4,20,5,900.0,1,5.0,20,100.0,7,770.29,0.4,,,
EMM_h4s10f50c0n15.txt,HLCT,10,4,20,5,900.0,0,0.0,7,35.0,7,796.19,0.4,,,
EMM_h4s10f50c0n16.txt,HLCT,10,4,20,5,900.0,0,0.0,6,30.0,7,809.68,0.2,,,
EMM_h4s10f50c0n17.txt,HLCT,10,4,20,5,900.0,0,0.0,6,30.0,7,823.81,0.2,,,
EMM_h4s10f50c0n18.txt,HLCT,10,4,20,5,900.0,0,0.0,9,45.0,8,884.85,0.2,,,
EMM_h4s10f50c0n19.txt,HLCT,10,4,20,5,900.0,0,0.0,7,35.0,8,887.87,0.2,,,
EMM_h4s10f50c0n2.txt,HLCT,10,4,20,5,900.0,0,0.0,7,35.0,7,815.33,0.2,,,
EMM_h4s10f50c0n20.txt,HLCT,10,4,20,5,900.0,0,0.0,6,30.0,8,885.73,0.2,,,
EMM_h4s10f50c0n21.txt,HLCT,10,4,20,5,900.0,0,0.0,7,35.0,7,805.71,0.2,,,
EMM_h4s10f50c0n22.txt,HLCT,10,4,20,5,900.0,0,0.0,7,35.0,8,900.63,0.2,,,
EMM_h4s10f50c0n23.txt,HLCT,10,4,20,5,900.0,1,5.0,11,55.0,8,866.49,0.3,,,
EMM_h4s10f50c0n24.txt,HLCT,10,4,20,5,900.0,0,0.0,10,50.0,8,887.60,0.2,,,
EMM_h4s10f50c0n25.txt,HLCT,10,4,20,5,900.0,1,5.0,20,100.0,8,871.88,0.3,,,
EMM_h4s10f50c0n3.txt,HLCT,10,4,20,5,900.0,0,0.0,10,50.0,7,822.12,0.2,,,
EMM_h4s10f50c0n4.txt,HLCT,10,4,20,5,900.0,0,0.0,7,35.0,8,888.92,0.2,,,
EMM_h4s10f50c0n5.txt,HLCT,10,4,20,5,900.0,1,5.0,6,30.0,7,843.84,0.2,,,
EMM_h4s10f50c0n6.txt,HLCT,10,4,20,5,900.0,0,0.0,10,50.0,7,789.95,0.2,,,
EMM_h4s10f50c0n7.txt,HLCT,10,4,20,5,900.0,2,10.0,9,45.0,7,777.62,0.2,,,
EMM_h4s10f50c0n8.txt,HLCT,10,4,20,5,900.0,1,5.0,20,100.0,7,775.87,0.2,,,
EMM_h4s10f50c0n9.txt,HLCT,10,4,20,5,900.0,1,5.0,20,100.0,7,833.37,0.2,,,
EMM_h4s10f50c1n1.txt,HLCT,10,4,20,5,900.0,5,25.0,20,100.0,7,775.82,0.3,,,
EMM_h4s10f50c1n10.txt,HLCT,10,4,20,5,900.0,2,10.0,20,100.0,7,754.51,0.2,,,
EMM_h4s10f50c1n11.txt,HLCT,10,4,20,5,900.0,0,0.0,20,100.0,7,775.86,0.2,,,
EMM_h4s10f50c1n12.txt,HLCT,10,4,20,5,900.0,2,10.0,20,100.0,5,532.21,0.2,,,
EMM_h4s10f50c1n13.txt,HLCT,10,4,20,5,900.0,0,0.0,20,100.0,6,688.85,0.2,,,
EMM_h4s10f50c1n14.txt,HLCT,10,4,20,5,900.0,2,10.0,20,100.0,5,598.71,0.2,,,
EMM_h4s10f50c1n15.txt,HLCT,10,4,20,5,900.0,3,15.0,20,100.0,6,700.50,0.2,,,
EMM_h4s10f50c1n16.txt,HLCT,10,4,20,5,900.0,2,10.0,20,100.0,6,691.65,0.2,,,
EMM_h4s10f50c1n17.txt,HLCT,10,4,20,5,900.0,2,10.0,20,100.0,7,766.63,0.3,,,
EMM_h4s10f50c1n18.txt,HLCT,10,4,20,5,900.0,2,10.0,20,100.0,6,747.64,0.2,,,
EMM_h4s10f50c1n19.txt,HLCT,10,4,20,5,900.0,2,10.0,20,100.0,6,697.39,0.2,,,
EMM_h4s10f50c1n2.txt,HLCT,10,4,20,5,900.0,2,10.0,15,75.0,7,844.69,0.2,,,
EMM_h4s10f50c1n20.txt,HLCT,10,4,20,5,900.0,3,15.0,20,100.0,6,725.41,0.2,,,
EMM_h4s10f50c1n21.txt,HLCT,10,4,20,5,900.0,0,0.0,7,35.0,7,797.63,0.2,,,
EMM_h4s10f50c1n22.txt,HLCT,10,4,20,5,900.0,3,15.0,20,100.0,7,840.40,0.2,,,
EMM_h4s10f50c1n23.txt,HLCT,10,4,20,5,900.0,2,10.0,15,75.0,6,685.29,0.2,,,
EMM_h4s10f50c1n24.txt,HLCT,10,4,20,5,900.0,2,10.0,20,100.0,5,540.00,0.1,,,
EMM_h4s10f50c1n25.txt,HLCT,10,4,20,5,900.0,2,10.0,20,100.0,4,488.72,0.1,,,
EMM_h4s10f50c1n3.txt,HLCT,10,4,20,5,900.0,2,10.0,20,100.0,5,539.84,0.1,,,
EMM_h4s10f50c1n4.txt,HLCT,10,4,20,5,900.0,1,5.0,20,100.0,4,469.01,0.1,,,
EMM_h4s10f50c1n5.txt,HLCT,10,4,20,5,900.0,1,5.0,20,100.0,8,877.01,0.3,,,
EMM_h4s10f50c1n6.txt,HLCT,10,4,20,5,900.0,2,10.0,15,75.0,7,807.94,0.2,,,
EMM_h4s10f50c1n7.txt,HLCT,10,4,20,5,900.0,2,10.0,11,55.0,8,883.39,0.2,,,
EMM_h4s10f50c1n8.txt,HLCT,10,4,20,5,900.0,1,5.0,20,100.0,7,801.71,0.2,,,
EMM_h4s10f50c1n9.txt,HLCT,10,4,20,5,900.0,3,15.0,11,55.0,7,812.75,0.2,,,
EMM_h4s10f50c2n1.txt,HLCT,10,4,20,5,900.0,3,15.0,20,100.0,5,548.86,0.1,,,
EMM_h4s10f50c2n10.txt,HLCT,10,4,20,5,900.0,3,15.0,20,100.0,2,235.24,0.1,,,
EMM_h4s10f50c2n11.txt,HLCT,10,4,20,5,900.0,3,15.0,20,100.0,1,111.75,0.0,,,
EMM_h4s10f50c2n12.txt,HLCT,10,4,20,5,900.0,6,30.0,20,100.0,4,473.42,0.1,,,
EMM_h4s10f50c2n13.txt,HLCT,10,4,20,5,900.0,2,10.0,20,100.0,4,439.83,0.1,,,
EMM_h4s10f50c2n14.txt,HLCT,10,4,20,5,900.0,3,15.0,20,100.0,5,575.29,0.1,,,
EMM_h4s10f50c2n15.txt,HLCT,10,4,20,5,900.0,7,35.0,20,100.0,1,132.29,0.0,,,
EMM_h4s10f50c2n16.txt,HLCT,10,4,20,5,900.0,7,35.0,20,100.0,3,339.10,0.1,,,
EMM_h4s10f50c2n17.txt,HLCT,10,4,20,5,900.0,6,30.0,20,100.0,4,457.21,0.1,,,
EMM_h4s10f50c2n18.txt,HLCT,10,4,20,5,900.0,6,30.0,15,75.0,7,786.43,0.2,,,
EMM_h4s10f50c2n19.txt,HLCT,10,4,20,5,900.0,3,15.0,20,100.0,5,557.72,0.2,,,
EMM_h4s10f50c2n2.txt,HLCT,10,4,20,5,900.0,7,35.0,20,100.0,5,585.52,0.2,,,
EMM_h4s10f50c2n20.txt,HLCT,10,4,20,5,900.0,6,30.0,20,100.0,5,570.17,0.1,,,
EMM_h4s10f50c2n21.txt,HLCT,10,4,20,5,900.0,5,25.0,20,100.0,5,576.52,0.2,,,
EMM_h4s10f50c2n22.txt,HLCT,10,4,20,5,900.0,3,15.0,20,100.0,3,347.04,0.1,,,
EMM_h4s10f50c2n23.txt,HLCT,10,4,20,5,900.0,3,15.0,20,100.0,1,88.71,0.0,,,
EMM_h4s10f50c2n24.txt,HLCT,10,4,20,5,900.0,3,15.0,20,100.0,2,228.42,0.0,,,
EMM_h4s10f50c2n25.txt,HLCT,10,4,20,5,900.0,11,55.0,20,100.0,1,113.07,0.0,,,
EMM_h4s10f50c2n3.txt,HLCT,10,4,20,5,900.0,3,15.0,20,100.0,6,684.66,0.2,,,
EMM_h4s10f50c2n4.txt,HLCT,10,4,20,5,900.0,7,35.0,20,100.0,3,388.06,0.1,,,
EMM_h4s10f50c2n5.txt,HLCT,10,4,20,5,900.0,3,15.0,20,100.0,6,670.16,0.2,,,
EMM_h4s10f50c2n6.txt,HLCT,10,4,20,5,900.0,11,55.0,20,100.0,2,238.79,0.0,,,
EMM_h4s10f50c2n7.txt,HLCT,10,4,20,5,900.0,10,50.0,20,100.0,5,543.06,0.1,,,
EMM_h4s10f50c2n8.txt,HLCT,10,4,20,5,900.0,3,15.0,20,100.0,2,238.37,0.1,,,
EMM_h4s10f50c2n9.txt,HLCT,10,4,20,5,900.0,11,55.0,20,100.0,1,139.80,0.0,,,
EMM_h4s10f75c0n1.txt,HLCT,10,4,30,8,900.0,0,0.0,3,10.0,6,654.12,0.4,,,
EMM_h4s10f75c0n10.txt,HLCT,10,4,30,8,900.0,0,0.0,3,10.0,7,727.64,0.4,,,
EMM_h4s10f75c0n11.txt,HLCT,10,4,30,8,900.0,0,0.0,3,10.0,7,679.34,0.7,,,
EMM_h4s10f75c0n12.txt,HLCT,10,4,30,8,900.0,0,0.0,3,10.0,7,685.44,0.7,,,
EMM_h4s10f75c0n13.txt,HLCT,10,4,30,8,900.0,0,0.0,3,10.0,7,718.61,0.7,,,
EMM_h4s10f75c0n14.txt,HLCT,10,4,30,8,900.0,0,0.0,3,10.0,7,713.62,0.6,,,
EMM_h4s10f75c0n15.txt,HLCT,10,4,30,8,900.0,0,0.0,3,10.0,7,727.52,0.7,,,
EMM_h4s10f75c0n16.txt,HLCT,10,4,30,8,900.0,0,0.0,3,10.0,7,701.43,0.7,,,
EMM_h4s10f75c0n17.txt,HLCT,10,4,30,8,900.0,0,0.0,3,10.0,7,712.54,0.7,,,
EMM_h4s10f75c0n18.txt,HLCT,10,4,30,8,900.0,0,0.0,3,10.0,7,693.59,0.4,,,
EMM_h4s10f75c0n19.txt,HLCT,10,4,30,8,900.0,0,0.0,3,10.0,7,699.83,0.4,,,
EMM_h4s10f75c0n2.txt,HLCT,10,4,30,8,900.0,0,0.0,3,10.0,7,688.49,0.4,,,
EMM_h4s10f75c0n20.txt,HLCT,10,4,30,8,900.0,0,0.0,3,10.0,7,729.60,0.4,,,
EMM_h4s10f75c0n21.txt,HLCT,10,4,30,8,900.0,0,0.0,3,10.0,7,726.57,0.4,,,
EMM_h4s10f75c0n22.txt,HLCT,10,4,30,8,900.0,0,0.0,3,10.0,7,686.16,0.4,,,
EMM_h4s10f75c0n23.txt,HLCT,10,4,30,8,900.0,0,0.0,3,10.0,7,705.65,0.5,,,
EMM_h4s10f75c0n24.txt,HLCT,10,4,30,8,900.0,0,0.0,3,10.0,7,727.63,0.4,,,
EMM_h4s10f75c0n25.txt,HLCT,10,4,30,8,900.0,0,0.0,3,10.0,7,682.54,0.4,,,
EMM_h4s10f75c0n3.txt,HLCT,10,4,30,8,900.0,0,0.0,3,10.0,7,689.57,0.4,,,
EMM_h4s10f75c0n4.txt,HLCT,10,4,30,8,900.0,0,0.0,3,10.0,7,694.19,0.4,,,
EMM_h4s10f75c0n5.txt,HLCT,10,4,30,8,900.0,0,0.0,3,10.0,7,669.99,0.4,,,
EMM_h4s10f75c0n6.txt,HLCT,10,4,30,8,900.0,0,0.0,3,10.0,7,675.40,0.4,,,
EMM_h4s10f75c0n7.txt,HLCT,10,4,30,8,900.0,0,0.0,3,10.0,7,716.53,0.4,,,
EMM_h4s10f75c0n8.txt,HLCT,10,4,30,8,900.0,0,0.0,3,10.0,7,695.19,0.4,,,
EMM_h4s10f75c0n9.txt,HLCT,10,4,30,8,900.0,0,0.0,3,10.0,6,640.76,0.4,,,
EMM_h4s10f75c1n1.txt,HLCT,10,4,30,8,900.0,1,3.3,11,36.7,8,862.74,0.4,,,
EMM_h4s10f75c1n10.txt,HLCT,10,4,30,8,900.0,1,3.3,10,33.3,8,889.50,0.3,,,
EMM_h4s10f75c1n11.txt,HLCT,10,4,30,8,900.0,2,6.7,13,43.3,8,817.78,0.4,,,
EMM_h4s10f75c1n12.txt,HLCT,10,4,30,8,900.0,2,6.7,6,20.0,8,888.98,0.4,,,
EMM_h4s10f75c1n13.txt,HLCT,10,4,30,8,900.0,0,0.0,6,20.0,8,847.76,0.4,,,
EMM_h4s10f75c1n14.txt,HLCT,10,4,30,8,900.0,3,10.0,15,50.0,8,777.14,0.4,,,
EMM_h4s10f75c1n15.txt,HLCT,10,4,30,8,900.0,1,3.3,7,23.3,6,647.24,0.3,,,
EMM_h4s10f75c1n16.txt,HLCT,10,4,30,8,900.0,1,3.3,11,36.7,8,799.68,0.4,,,
EMM_h4s10f75c1n17.txt,HLCT,10,4,30,8,900.0,1,3.3,7,23.3,7,717.69,0.4,,,
EMM_h4s10f75c1n18.txt,HLCT,10,4,30,8,900.0,0,0.0,15,50.0,8,819.82,0.4,,,
EMM_h4s10f75c1n19.txt,HLCT,10,4,30,8,900.0,3,10.0,10,33.3,8,854.28,0.4,,,
EMM_h4s10f75c1n2.txt,HLCT,10,4,30,8,900.0,1,3.3,7,23.3,9,881.23,0.4,,,
EMM_h4s10f75c1n20.txt,HLCT,10,4,30,8,900.0,1,3.3,7,23.3,7,681.59,0.4,,,
EMM_h4s10f75c1n21.txt,HLCT,10,4,30,8,900.0,2,6.7,13,43.3,7,783.70,0.5,,,
EMM_h4s10f75c1n22.txt,HLCT,10,4,30,8,900.0,2,6.7,13,43.3,8,824.27,0.4,,,
EMM_h4s10f75c1n23.txt,HLCT,10,4,30,8,900.0,2,6.7,17,56.7,8,782.37,0.4,,,
EMM_h4s10f75c1n24.txt,HLCT,10,4,30,8,900.0,1,3.3,13,43.3,8,826.17,0.4,,,
EMM_h4s10f75c1n25.txt,HLCT,10,4,30,8,900.0,1,3.3,13,43.3,8,881.14,0.4,,,
EMM_h4s10f75c1n3.txt,HLCT,10,4,30,8,900.0,1,3.3,9,30.0,7,704.62,0.4,,,
EMM_h4s10f75c1n4.txt,HLCT,10,4,30,8,900.0,1,3.3,7,23.3,8,851.43,0.4,,,
EMM_h4s10f75c1n5.txt,HLCT,10,4,30,8,900.0,0,0.0,6,20.0,8,742.77,0.4,,,
EMM_h4s10f75c1n6.txt,HLCT,10,4,30,8,900.0,3,10.0,6,20.0,8,824.81,0.4,,,
EMM_h4s10f75c1n7.txt,HLCT,10,4,30,8,900.0,2,6.7,9,30.0,8,887.37,0.4,,,
EMM_h4s10f75c1n8.txt,HLCT,10,4,30,8,900.0,3,10.0,22,73.3,8,840.19,0.4,,,
EMM_h4s10f75c1n9.txt,HLCT,10,4,30,8,900.0,1,3.3,10,33.3,8,808.67,0.5,,,
EMM_h4s10f75c2n1.txt,HLCT,10,4,30,8,900.0,2,6.7,19,63.3,7,790.87,0.4,,,
EMM_h4s10f75c2n10.txt,HLCT,10,4,30,8,900.0,7,23.3,30,100.0,8,793.59,0.3,,,
EMM_h4s10f75c2n11.txt,HLCT,10,4,30,8,900.0,3,10.0,30,100.0,3,290.37,0.1,,,
EMM_h4s10f75c2n12.txt,HLCT,10,4,30,8,900.0,15,50.0,30,100.0,6,651.41,0.3,,,
EMM_h4s10f75c2n13.txt,HLCT,10,4,30,8,900.0,3,10.0,15,50.0,8,851.49,0.4,,,
EMM_h4s10f75c2n14.txt,HLCT,10,4,30,8,900.0,0,0.0,11,36.7,8,815.84,0.4,,,
EMM_h4s10f75c2n15.txt,HLCT,10,4,30,8,900.0,11,36.7,19,63.3,8,852.83,0.3,,,
EMM_h4s10f75c2n16.txt,HLCT,10,4,30,8,900.0,3,10.0,12,40.0,8,813.34,0.4,,,
EMM_h4s10f75c2n17.txt,HLCT,10,4,30,8,900.0,3,10.0,23,76.7,8,882.71,0.3,,,
EMM_h4s10f75c2n18.txt,HLCT,10,4,30,8,900.0,3,10.0,30,100.0,8,856.35,0.4,,,
EMM_h4s10f75c2n19.txt,HLCT,10,4,30,8,900.0,2,6.7,19,63.3,9,893.77,0.4,,,
EMM_h4s10f75c2n2.txt,HLCT,10,4,30,8,900.0,3,10.0,18,60.0,8,832.81,0.4,,,
EMM_h4s10f75c2n20.txt,HLCT,10,4,30,8,900.0,1,3.3,26,86.7,9,867.24,0.4,,,
EMM_h4s10f75c2n21.txt,HLCT,10,4,30,8,900.0,3,10.0,15,50.0,8,821.16,0.4,,,
EMM_h4s10f75c2n22.txt,HLCT,10,4,30,8,900.0,3,10.0,23,76.7,7,678.09,0.5,,,
EMM_h4s10f75c2n23.txt,HLCT,10,4,30,8,900.0,2,6.7,30,100.0,8,886.12,0.4,,,
EMM_h4s10f75c2n24.txt,HLCT,10,4,30,8,900.0,2,6.7,30,100.0,7,761.00,0.3,,,
EMM_h4s10f75c2n25.txt,HLCT,10,4,30,8,900.0,3,10.0,19,63.3,7,761.88,0.4,,,
EMM_h4s10f75c2n3.txt,HLCT,10,4,30,8,900.0,4,13.3,18,60.0,8,824.14,0.4,,,
EMM_h4s10f75c2n4.txt,HLCT,10,4,30,8,900.0,2,6.7,15,50.0,6,607.31,0.4,,,
EMM_h4s10f75c2n5.txt,HLCT,10,4,30,8,900.0,3,10.0,30,100.0,7,744.95,0.4,,,
EMM_h4s10f75c2n6.txt,HLCT,10,4,30,8,900.0,1,3.3,26,86.7,9,870.35,0.8,,,
EMM_h4s10f75c2n7.txt,HLCT,10,4,30,8,900.0,1,3.3,19,63.3,7,753.82,0.7,,,
EMM_h4s10f75c2n8.txt,HLCT,10,4,30,8,900.0,7,23.3,15,50.0,8,859.28,0.6,,,
EMM_h4s10f75c2n9.txt,HLCT,10,4,30,8,900.0,2,6.7,30,100.0,8,858.28,0.9,,,
EMM_h4s4f50c0n1.txt,HLCT,4,4,8,2,900.0,0,0.0,8,100.0,2,197.49,0.0,,,
EMM_h4s4f50c0n10.txt,HLCT,4,4,8,2,900.0,2,25.0,8,100.0,1,98.92,0.0,,,
EMM_h4s4f50c0n11.txt,HLCT,4,4,8,2,900.0,2,25.0,8,100.0,1,96.05,0.0,,,
EMM_h4s4f50c0n12.txt,HLCT,4,4,8,2,900.0,2,25.0,8,100.0,1,103.90,0.0,,,
EMM_h4s4f50c0n13.txt,HLCT,4,4,8,2,900.0,0,0.0,8,100.0,3,318.87,0.0,,,
EMM_h4s4f50c0n14.txt,HLCT,4,4,8,2,900.0,0,0.0,8,100.0,4,422.66,0.0,,,
EMM_h4s4f50c0n15.txt,HLCT,4,4,8,2,900.0,0,0.0,8,100.0,2,211.66,0.0,,,
EMM_h4s4f50c0n16.txt,HLCT,4,4,8,2,900.0,2,25.0,8,100.0,4,444.65,0.0,,,
EMM_h4s4f50c0n17.txt,HLCT,4,4,8,2,900.0,0,0.0,8,100.0,3,312.47,0.0,,,
EMM_h4s4f50c0n18.txt,HLCT,4,4,8,2,900.0,3,37.5,8,100.0,2,207.29,0.0,,,
EMM_h4s4f50c0n19.txt,HLCT,4,4,8,2,900.0,1,12.5,8,100.0,3,314.01,0.0,,,
EMM_h4s4f50c0n2.txt,HLCT,4,4,8,2,900.0,1,12.5,8,100.0,3,299.70,0.0,,,
EMM_h4s4f50c0n20.txt,HLCT,4,4,8,2,900.0,2,25.0,8,100.0,1,113.24,0.0,,,
EMM_h4s4f50c0n21.txt,HLCT,4,4,8,2,900.0,2,25.0,8,100.0,2,214.06,0.0,,,
EMM_h4s4f50c0n22.txt,HLCT,4,4,8,2,900.0,1,12.5,8,100.0,3,313.72,0.0,,,
EMM_h4s4f50c0n23.txt,HLCT,4,4,8,2,900.0,0,0.0,8,100.0,3,313.89,0.0,,,
EMM_h4s4f50c0n24.txt,HLCT,4,4,8,2,900.0,0,0.0,8,100.0,3,312.47,0.0,,,
EMM_h4s4f50c0n25.txt,HLCT,4,4,8,2,900.0,1,12.5,8,100.0,3,301.03,0.0,,,
EMM_h4s4f50c0n3.txt,HLCT,4,4,8,2,900.0,2,25.0,8,100.0,1,97.66,0.0,,,
EMM_h4s4f50c0n4.txt,HLCT,4,4,8,2,900.0,1,12.5,8,100.0,3,297.06,0.0,,,
EMM_h4s4f50c0n5.txt,HLCT,4,4,8,2,900.0,2,25.0,8,100.0,2,208.74,0.0,,,
EMM_h4s4f50c0n6.txt,HLCT,4,4,8,2,900.0,0,0.0,8,100.0,3,312.47,0.0,,,
EMM_h4s4f50c0n7.txt,HLCT,4,4,8,2,900.0,0,0.0,8,100.0,3,322.73,0.0,,,
EMM_h4s4f50c0n8.txt,HLCT,4,4,8,2,900.0,0,0.0,8,100.0,4,422.66,0.0,,,
EMM_h4s4f50c0n9.txt,HLCT,4,4,8,2,900.0,1,12.5,8,100.0,2,201.13,0.0,,,
EMM_h4s4f50c1n1.txt,HLCT,4,4,8,2,900.0,2,25.0,8,100.0,3,310.28,0.0,,,
EMM_h4s4f50c1n10.txt,HLCT,4,4,8,2,900.0,3,37.5,8,100.0,2,228.40,0.0,,,
EMM_h4s4f50c1n11.txt,HLCT,4,4,8,2,900.0,1,12.5,8,100.0,3,298.85,0.0,,,
EMM_h4s4f50c1n12.txt,HLCT,4,4,8,2,900.0,8,100.0,8,100.0,0,0.00,0.0,,,
EMM_h4s4f50c1n13.txt,HLCT,4,4,8,2,900.0,8,100.0,8,100.0,0,0.00,0.0,,,
EMM_h4s4f50c1n14.txt,HLCT,4,4,8,2,900.0,3,37.5,8,100.0,2,195.97,0.0,,,
EMM_h4s4f50c1n15.txt,HLCT,4,4,8,2,900.0,1,12.5,8,100.0,4,438.08,0.0,,,
EMM_h4s4f50c1n16.txt,HLCT,4,4,8,2,900.0,3,37.5,8,100.0,1,111.94,0.0,,,
EMM_h4s4f50c1n17.txt,HLCT,4,4,8,2,900.0,3,37.5,8,100.0,2,235.09,0.0,,,
EMM_h4s4f50c1n18.txt,HLCT,4,4,8,2,900.0,8,100.0,8,100.0,0,0.00,0.0,,,
EMM_h4s4f50c1n19.txt,HLCT,4,4,8,2,900.0,3,37.5,8,100.0,1,110.43,0.0,,,
EMM_h4s4f50c1n2.txt,HLCT,4,4,8,2,900.0,2,25.0,8,100.0,2,206.87,0.0,,,
EMM_h4s4f50c1n20.txt,HLCT,4,4,8,2,900.0,3,37.5,8,100.0,2,204.04,0.0,,,
EMM_h4s4f50c1n21.txt,HLCT,4,4,8,2,900.0,2,25.0,8,100.0,3,309.83,0.0,,,
EMM_h4s4f50c1n22.txt,HLCT,4,4,8,2,900.0,3,37.5,8,100.0,3,304.99,0.0,,,
EMM_h4s4f50c1n23.txt,HLCT,4,4,8,2,900.0,3,37.5,8,100.0,2,207.64,0.0,,,
EMM_h4s4f50c1n24.txt,HLCT,4,4,8,2,900.0,2,25.0,8,100.0,3,318.83,0.0,,,
EMM_h4s4f50c1n25.txt,HLCT,4,4,8,2,900.0,8,100.0,8,100.0,0,0.00,0.0,,,
EMM_h4s4f50c1n3.txt,HLCT,4,4,8,2,900.0,3,37.5,8,100.0,3,310.20,0.0,,,
EMM_h4s4f50c1n4.txt,HLCT,4,4,8,2,900.0,2,25.0,8,100.0,3,356.30,0.0,,,
EMM_h4s4f50c1n5.txt,HLCT,4,4,8,2,900.0,1,12.5,8,100.0,3,306.48,0.0,,,
EMM_h4s4f50c1n6.txt,HLCT,4,4,8,2,900.0,3,37.5,8,100.0,1,113.07,0.0,,,
EMM_h4s4f50c1n7.txt,HLCT,4,4,8,2,900.0,3,37.5,8,100.0,1,109.17,0.0,,,
EMM_h4s4f50c1n8.txt,HLCT,4,4,8,2,900.0,2,25.0,8,100.0,1,89.85,0.0,,,
EMM_h4s4f50c1n9.txt,HLCT,4,4,8,2,900.0,3,37.5,8,100.0,3,310.28,0.0,,,
EMM_h4s4f50c2n1.txt,HLCT,4,4,8,2,900.0,3,37.5,8,100.0,1,120.59,0.0,,,
EMM_h4s4f50c2n10.txt,HLCT,4,4,8,2,900.0,3,37.5,8,100.0,1,123.38,0.0,,,
EMM_h4s4f50c2n11.txt,HLCT,4,4,8,2,900.0,3,37.5,8,100.0,1,111.69,0.0,,,
EMM_h4s4f50c2n12.txt,HLCT,4,4,8,2,900.0,3,37.5,8,100.0,1,125.98,0.0,,,
EMM_h4s4f50c2n13.txt,HLCT,4,4,8,2,900.0,8,100.0,8,100.0,0,0.00,0.0,,,
EMM_h4s4f50c2n14.txt,HLCT,4,4,8,2,900.0,8,100.0,8,100.0,0,0.00,0.0,,,
EMM_h4s4f50c2n15.txt,HLCT,4,4,8,2,900.0,8,100.0,8,100.0,0,0.00,0.0,,,
EMM_h4s4f50c2n16.txt,HLCT,4,4,8,2,900.0,8,100.0,8,100.0,0,0.00,0.0,,,
EMM_h4s4f50c2n17.txt,HLCT,4,4,8,2,900.0,3,37.5,8,100.0,1,132.22,0.0,,,
EMM_h4s4f50c2n18.txt,HLCT,4,4,8,2,900.0,8,100.0,8,100.0,0,0.00,0.0,,,
EMM_h4s4f50c2n19.txt,HLCT,4,4,8,2,900.0,8,100.0,8,100.0,0,0.00,0.0,,,
EMM_h4s4f50c2n2.txt,HLCT,4,4,8,2,900.0,3,37.5,8,100.0,3,296.97,0.0,,,
EMM_h4s4f50c2n20.txt,HLCT,4,4,8,2,900.0,8,100.0,8,100.0,0,0.00,0.0,,,
EMM_h4s4f50c2n21.txt,HLCT,4,4,8,2,900.0,8,100.0,8,100.0,0,0.00,0.0,,,
EMM_h4s4f50c2n22.txt,HLCT,4,4,8,2,900.0,2,25.0,8,100.0,3,328.23,0.1,,,
EMM_h4s4f50c2n23.txt,HLCT,4,4,8,2,900.0,8,100.0,8,100.0,0,0.00,0.0,,,
EMM_h4s4f50c2n24.txt,HLCT,4,4,8,2,900.0,8,100.0,8,100.0,0,0.00,0.0,,,
EMM_h4s4f50c2n25.txt,HLCT,4,4,8,2,900.0,3,37.5,8,100.0,2,214.23,0.0,,,
EMM_h4s4f50c2n3.txt,HLCT,4,4,8,2,900.0,8,100.0,8,100.0,0,0.00,0.0,,,
EMM_h4s4f50c2n4.txt,HLCT,4,4,8,2,900.0,8,100.0,8,100.0,0,0.00,0.0,,,
EMM_h4s4f50c2n5.txt,HLCT,4,4,8,2,900.0,2,25.0,8,100.0,2,225.67,0.0,,,
EMM_h4s4f50c2n6.txt,HLCT,4,4,8,2,900.0,3,37.5,8,100.0,2,215.49,0.0,,,
EMM_h4s4f50c2n7.txt,HLCT,4,4,8,2,900.0,8,100.0,8,100.0,0,0.00,0.0,,,
EMM_h4s4f50c2n8.txt,HLCT,4,4,8,2,900.0,3,37.5,8,100.0,2,238.36,0.0,,,
EMM_h4s4f50c2n9.txt,HLCT,4,4,8,2,900.0,3,37.5,8,100.0,2,220.49,0.0,,,
EMM_h4s4f75c0n1.txt,HLCT,4,4,12,3,900.0,0,0.0,2,16.7,9,871.35,0.1,,,
EMM_h4s4f75c0n10.txt,HLCT,4,4,12,3,900.0,0,0.0,2,16.7,9,871.35,0.1,,,
EMM_h4s4f75c0n11.txt,HLCT,4,4,12,3,900.0,0,0.0,2,16.7,9,871.35,0.1,,,
EMM_h4s4f75c0n12.txt,HLCT,4,4,12,3,900.0,0,0.0,2,16.7,9,871.35,0.1,,,
EMM_h4s4f75c0n13.txt,HLCT,4,4,12,3,900.0,0,0.0,2,16.7,9,871.35,0.1,,,
EMM_h4s4f75c0n14.txt,HLCT,4,4,12,3,900.0,0,0.0,2,16.7,9,871.35,0.1,,,
EMM_h4s4f75c0n15.txt,HLCT,4,4,12,3,900.0,0,0.0,2,16.7,9,871.35,0.1,,,
EMM_h4s4f75c0n16.txt,HLCT,4,4,12,3,900.0,0,0.0,2,16.7,9,871.35,0.1,,,
EMM_h4s4f75c0n17.txt,HLCT,4,4,12,3,900.0,0,0.0,2,16.7,9,871.35,0.1,,,
EMM_h4s4f75c0n18.txt,HLCT,4,4,12,3,900.0,0,0.0,2,16.7,9,871.35,0.1,,,
EMM_h4s4f75c0n19.txt,HLCT,4,4,12,3,900.0,0,0.0,2,16.7,9,871.35,0.1,,,
EMM_h4s4f75c0n2.txt,HLCT,4,4,12,3,900.0,0,0.0,2,16.7,9,871.35,0.1,,,
EMM_h4s4f75c0n20.txt,HLCT,4,4,12,3,900.0,0,0.0,2,16.7,9,871.35,0.1,,,
EMM_h4s4f75c0n21.txt,HLCT,4,4,12,3,900.0,0,0.0,2,16.7,9,871.35,0.1,,,
EMM_h4s4f75c0n22.txt,HLCT,4,4,12,3,900.0,0,0.0,2,16.7,9,871.35,0.1,,,
EMM_h4s4f75c0n23.txt,HLCT,4,4,12,3,900.0,0,0.0,2,16.7,9,871.35,0.1,,,
EMM_h4s4f75c0n24.txt,HLCT,4,4,12,3,900.0,0,0.0,2,16.7,9,871.35,0.1,,,
EMM_h4s4f75c0n25.txt,HLCT,4,4,12,3,900.0,0,0.0,2,16.7,9,871.35,0.1,,,
EMM_h4s4f75c0n3.txt,HLCT,4,4,12,3,900.0,0,0.0,2,16.7,9,871.35,0.1,,,
EMM_h4s4f75c0n4.txt,HLCT,4,4,12,3,900.0,0,0.0,2,16.7,9,871.35,0.1,,,
EMM_h4s4f75c0n5.txt,HLCT,4,4,12,3,900.0,0,0.0,2,16.7,9,871.35,0.1,,,
EMM_h4s4f75c0n6.txt,HLCT,4,4,12,3,900.0,0,0.0,2,16.7,9,871.35,0.1,,,
EMM_h4s4f75c0n7.txt,HLCT,4,4,12,3,900.0,0,0.0,2,16.7,9,871.35,0.1,,,
EMM_h4s4f75c0n8.txt,HLCT,4,4,12,3,900.0,0,0.0,2,16.7,9,871.35,0.1,,,
EMM_h4s4f75c0n9.txt,HLCT,4,4,12,3,900.0,0,0.0,2,16.7,9,871.35,0.1,,,
EMM_h4s4f75c1n1.txt,HLCT,4,4,12,3,900.0,2,16.7,12,100.0,8,784.21,0.1,,,
EMM_h4s4f75c1n10.txt,HLCT,4,4,12,3,900.0,2,16.7,12,100.0,8,781.91,0.1,,,
EMM_h4s4f75c1n11.txt,HLCT,4,4,12,3,900.0,2,16.7,12,100.0,4,375.30,0.1,,,
EMM_h4s4f75c1n12.txt,HLCT,4,4,12,3,900.0,1,8.3,12,100.0,8,779.40,0.1,,,
EMM_h4s4f75c1n13.txt,HLCT,4,4,12,3,900.0,5,41.7,12,100.0,6,613.07,0.1,,,
EMM_h4s4f75c1n14.txt,HLCT,4,4,12,3,900.0,1,8.3,12,100.0,4,400.80,0.1,,,
EMM_h4s4f75c1n15.txt,HLCT,4,4,12,3,900.0,1,8.3,7,58.3,7,673.21,0.1,,,
EMM_h4s4f75c1n16.txt,HLCT,4,4,12,3,900.0,1,8.3,12,100.0,8,761.80,0.1,,,
EMM_h4s4f75c1n17.txt,HLCT,4,4,12,3,900.0,0,0.0,12,100.0,6,565.60,0.1,,,
EMM_h4s4f75c1n18.txt,HLCT,4,4,12,3,900.0,2,16.7,12,100.0,8,772.75,0.1,,,
EMM_h4s4f75c1n19.txt,HLCT,4,4,12,3,900.0,1,8.3,12,100.0,6,589.11,0.1,,,
EMM_h4s4f75c1n2.txt,HLCT,4,4,12,3,900.0,1,8.3,6,50.0,9,862.02,0.1,,,
EMM_h4s4f75c1n20.txt,HLCT,4,4,12,3,900.0,2,16.7,12,100.0,5,531.37,0.1,,,
EMM_h4s4f75c1n21.txt,HLCT,4,4,12,3,900.0,0,0.0,12,100.0,9,841.77,0.1,,,
EMM_h4s4f75c1n22.txt,HLCT,4,4,12,3,900.0,1,8.3,12,100.0,1,88.71,0.0,,,
EMM_h4s4f75c1n23.txt,HLCT,4,4,12,3,900.0,1,8.3,12,100.0,4,350.71,0.1,,,
EMM_h4s4f75c1n24.txt,HLCT,4,4,12,3,900.0,1,8.3,12,100.0,6,574.32,0.1,,,
EMM_h4s4f75c1n25.txt,HLCT,4,4,12,3,900.0,1,8.3,12,100.0,8,770.61,0.1,,,
EMM_h4s4f75c1n3.txt,HLCT,4,4,12,3,900.0,2,16.7,12,100.0,5,509.72,0.0,,,
EMM_h4s4f75c1n4.txt,HLCT,4,4,12,3,900.0,1,8.3,12,100.0,2,192.20,0.0,,,
EMM_h4s4f75c1n5.txt,HLCT,4,4,12,3,900.0,2,16.7,12,100.0,6,606.97,0.1,,,
EMM_h4s4f75c1n6.txt,HLCT,4,4,12,3,900.0,0,0.0,12,100.0,8,785.59,0.1,,,
EMM_h4s4f75c1n7.txt,HLCT,4,4,12,3,900.0,3,25.0,12,100.0,6,601.50,0.1,,,
EMM_h4s4f75c1n8.txt,HLCT,4,4,12,3,900.0,3,25.0,12,100.0,8,784.35,0.1,,,
EMM_h4s4f75c1n9.txt,HLCT,4,4,12,3,900.0,0,0.0,5,41.7,9,862.67,0.1,,,
EMM_h4s4f75c2n1.txt,HLCT,4,4,12,3,900.0,3,25.0,12,100.0,1,83.21,0.0,,,
EMM_h4s4f75c2n10.txt,HLCT,4,4,12,3,900.0,3,25.0,12,100.0,4,373.54,0.1,,,
EMM_h4s4f75c2n11.txt,HLCT,4,4,12,3,900.0,12,100.0,12,100.0,0,0.00,0.0,,,
EMM_h4s4f75c2n12.txt,HLCT,4,4,12,3,900.0,3,25.0,12,100.0,1,78.22,0.0,,,
EMM_h4s4f75c2n13.txt,HLCT,4,4,12,3,900.0,12,100.0,12,100.0,0,0.00,0.0,,,
EMM_h4s4f75c2n14.txt,HLCT,4,4,12,3,900.0,3,25.0,7,58.3,8,794.97,0.1,,,
EMM_h4s4f75c2n15.txt,HLCT,4,4,12,3,900.0,3,25.0,12,100.0,4,376.58,0.1,,,
EMM_h4s4f75c2n16.txt,HLCT,4,4,12,3,900.0,12,100.0,12,100.0,0,0.00,0.0,,,
EMM_h4s4f75c2n17.txt,HLCT,4,4,12,3,900.0,3,25.0,7,58.3,2,206.87,0.1,,,
EMM_h4s4f75c2n18.txt,HLCT,4,4,12,3,900.0,7,58.3,12,100.0,4,373.50,0.1,,,
EMM_h4s4f75c2n19.txt,HLCT,4,4,12,3,900.0,7,58.3,12,100.0,2,206.11,0.0,,,
EMM_h4s4f75c2n2.txt,HLCT,4,4,12,3,900.0,12,100.0,12,100.0,0,0.00,0.0,,,
EMM_h4s4f75c2n20.txt,HLCT,4,4,12,3,900.0,12,100.0,12,100.0,0,0.00,0.0,,,
EMM_h4s4f75c2n21.txt,HLCT,4,4,12,3,900.0,3,25.0,12,100.0,1,77.00,0.0,,,
EMM_h4s4f75c2n22.txt,HLCT,4,4,12,3,900.0,12,100.0,12,100.0,0,0.00,0.0,,,
EMM_h4s4f75c2n23.txt,HLCT,4,4,12,3,900.0,12,100.0,12,100.0,0,0.00,0.0,,,
EMM_h4s4f75c2n24.txt,HLCT,4,4,12,3,900.0,12,100.0,12,100.0,0,0.00,0.0,,,
EMM_h4s4f75c2n25.txt,HLCT,4,4,12,3,900.0,3,25.0,12,100.0,2,194.68,0.0,,,
EMM_h4s4f75c2n3.txt,HLCT,4,4,12,3,900.0,12,100.0,12,100.0,0,0.00,0.0,,,
EMM_h4s4f75c2n4.txt,HLCT,4,4,12,3,900.0,3,25.0,12,100.0,6,581.44,0.1,,,
EMM_h4s4f75c2n5.txt,HLCT,4,4,12,3,900.0,3,25.0,12,100.0,2,205.32,0.0,,,
EMM_h4s4f75c2n6.txt,HLCT,4,4,12,3,900.0,12,100.0,12,100.0,0,0.00,0.0,,,
EMM_h4s4f75c2n7.txt,HLCT,4,4,12,3,900.0,3,25.0,12,100.0,6,582.51,0.1,,,
EMM_h4s4f75c2n8.txt,HLCT,4,4,12,3,900.0,2,16.7,12,100.0,4,357.19,0.0,,,
EMM_h4s4f75c2n9.txt,HLCT,4,4,12,3,900.0,3,25.0,12,100.0,6,578.52,0.1,,,
EMM_h4s7f50c0n1.txt,HLCT,7,4,14,4,900.0,1,7.1,14,100.0,7,799.63,0.2,,,
EMM_h4s7f50c0n10.txt,HLCT,7,4,14,4,900.0,1,7.1,7,50.0,8,899.13,0.2,,,
EMM_h4s7f50c0n11.txt,HLCT,7,4,14,4,900.0,1,7.1,14,100.0,7,808.79,0.2,,,
EMM_h4s7f50c0n12.txt,HLCT,7,4,14,4,900.0,0,0.0,14,100.0,6,643.81,0.1,,,
EMM_h4s7f50c0n13.txt,HLCT,7,4,14,4,900.0,1,7.1,7,50.0,6,676.51,0.1,,,
EMM_h4s7f50c0n14.txt,HLCT,7,4,14,4,900.0,1,7.1,7,50.0,7,784.67,0.2,,,
EMM_h4s7f50c0n15.txt,HLCT,7,4,14,4,900.0,2,14.3,14,100.0,8,882.09,0.1,,,
EMM_h4s7f50c0n16.txt,HLCT,7,4,14,4,900.0,2,14.3,14,100.0,7,817.61,0.2,,,
EMM_h4s7f50c0n17.txt,HLCT,7,4,14,4,900.0,0,0.0,14,100.0,6,698.95,0.1,,,
EMM_h4s7f50c0n18.txt,HLCT,7,4,14,4,900.0,1,7.1,7,50.0,7,752.84,0.2,,,
EMM_h4s7f50c0n19.txt,HLCT,7,4,14,4,900.0,1,7.1,7,50.0,6,702.17,0.2,,,
EMM_h4s7f50c0n2.txt,HLCT,7,4,14,4,900.0,1,7.1,7,50.0,8,830.99,0.2,,,
EMM_h4s7f50c0n20.txt,HLCT,7,4,14,4,900.0,0,0.0,7,50.0,7,804.70,0.1,,,
EMM_h4s7f50c0n21.txt,HLCT,7,4,14,4,900.0,1,7.1,14,100.0,7,793.11,0.2,,,
EMM_h4s7f50c0n22.txt,HLCT,7,4,14,4,900.0,1,7.1,14,100.0,7,778.65,0.1,,,
EMM_h4s7f50c0n23.txt,HLCT,7,4,14,4,900.0,1,7.1,7,50.0,8,864.72,0.2,,,
EMM_h4s7f50c0n24.txt,HLCT,7,4,14,4,900.0,0,0.0,10,71.4,7,838.80,0.2,,,
EMM_h4s7f50c0n25.txt,HLCT,7,4,14,4,900.0,0,0.0,7,50.0,7,804.53,0.2,,,
EMM_h4s7f50c0n3.txt,HLCT,7,4,14,4,900.0,1,7.1,14,100.0,7,789.79,0.1,,,
EMM_h4s7f50c0n4.txt,HLCT,7,4,14,4,900.0,0,0.0,14,100.0,8,880.34,0.2,,,
EMM_h4s7f50c0n5.txt,HLCT,7,4,14,4,900.0,0,0.0,14,100.0,7,830.40,0.2,,,
EMM_h4s7f50c0n6.txt,HLCT,7,4,14,4,900.0,0,0.0,7,50.0,7,742.66,0.2,,,
EMM_h4s7f50c0n7.txt,HLCT,7,4,14,4,900.0,1,7.1,7,50.0,7,762.96,0.2,,,
EMM_h4s7f50c0n8.txt,HLCT,7,4,14,4,900.0,1,7.1,7,50.0,8,884.92,0.2,,,
EMM_h4s7f50c0n9.txt,HLCT,7,4,14,4,900.0,1,7.1,9,64.3,7,818.88,0.2,,,
EMM_h4s7f50c1n1.txt,HLCT,7,4,14,4,900.0,0,0.0,14,100.0,5,542.42,0.1,,,
EMM_h4s7f50c1n10.txt,HLCT,7,4,14,4,900.0,2,14.3,14,100.0,4,439.24,0.1,,,
EMM_h4s7f50c1n11.txt,HLCT,7,4,14,4,900.0,3,21.4,14,100.0,3,334.54,0.1,,,
EMM_h4s7f50c1n12.txt,HLCT,7,4,14,4,900.0,1,7.1,14,100.0,4,400.25,0.1,,,
EMM_h4s7f50c1n13.txt,HLCT,7,4,14,4,900.0,3,21.4,14,100.0,5,562.54,0.1,,,
EMM_h4s7f50c1n14.txt,HLCT,7,4,14,4,900.0,3,21.4,14,100.0,4,431.09,0.1,,,
EMM_h4s7f50c1n15.txt,HLCT,7,4,14,4,900.0,3,21.4,14,100.0,6,682.76,0.1,,,
EMM_h4s7f50c1n16.txt,HLCT,7,4,14,4,900.0,2,14.3,14,100.0,4,477.14,0.1,,,
EMM_h4s7f50c1n17.txt,HLCT,7,4,14,4,900.0,14,100.0,14,100.0,0,0.00,0.0,,,
EMM_h4s7f50c1n18.txt,HLCT,7,4,14,4,900.0,3,21.4,14,100.0,2,209.25,0.0,,,
EMM_h4s7f50c1n19.txt,HLCT,7,4,14,4,900.0,14,100.0,14,100.0,0,0.00,0.0,,,
EMM_h4s7f50c1n2.txt,HLCT,7,4,14,4,900.0,3,21.4,14,100.0,4,458.31,0.1,,,
EMM_h4s7f50c1n20.txt,HLCT,7,4,14,4,900.0,3,21.4,14,100.0,6,636.82,0.2,,,
EMM_h4s7f50c1n21.txt,HLCT,7,4,14,4,900.0,1,7.1,14,100.0,3,329.09,0.1,,,
EMM_h4s7f50c1n22.txt,HLCT,7,4,14,4,900.0,1,7.1,14,100.0,3,348.36,0.1,,,
EMM_h4s7f50c1n23.txt,HLCT,7,4,14,4,900.0,3,21.4,14,100.0,7,780.74,0.1,,,
EMM_h4s7f50c1n24.txt,HLCT,7,4,14,4,900.0,2,14.3,14,100.0,2,217.99,0.0,,,
EMM_h4s7f50c1n25.txt,HLCT,7,4,14,4,900.0,1,7.1,14,100.0,5,557.37,0.1,,,
EMM_h4s7f50c1n3.txt,HLCT,7,4,14,4,900.0,2,14.3,14,100.0,3,291.00,0.1,,,
EMM_h4s7f50c1n4.txt,HLCT,7,4,14,4,900.0,1,7.1,14,100.0,6,639.72,0.1,,,
EMM_h4s7f50c1n5.txt,HLCT,7,4,14,4,900.0,1,7.1,14,100.0,5,534.91,0.1,,,
EMM_h4s7f50c1n6.txt,HLCT,7,4,14,4,900.0,3,21.4,14,100.0,1,123.37,0.0,,,
EMM_h4s7f50c1n7.txt,HLCT,7,4,14,4,900.0,3,21.4,14,100.0,2,222.60,0.0,,,
EMM_h4s7f50c1n8.txt,HLCT,7,4,14,4,900.0,2,14.3,14,100.0,2,211.77,0.0,,,
EMM_h4s7f50c1n9.txt,HLCT,7,4,14,4,900.0,3,21.4,14,100.0,4,431.44,0.1,,,
EMM_h4s7f50c2n1.txt,HLCT,7,4,14,4,900.0,7,50.0,14,100.0,2,216.83,0.1,,,
EMM_h4s7f50c2n10.txt,HLCT,7,4,14,4,900.0,14,100.0,14,100.0,0,0.00,0.0,,,
EMM_h4s7f50c2n11.txt,HLCT,7,4,14,4,900.0,7,50.0,14,100.0,1,118.20,0.0,,,
EMM_h4s7f50c2n12.txt,HLCT,7,4,14,4,900.0,7,50.0,14,100.0,3,321.14,0.1,,,
EMM_h4s7f50c2n13.txt,HLCT,7,4,14,4,900.0,3,21.4,14,100.0,5,540.89,0.2,,,
EMM_h4s7f50c2n14.txt,HLCT,7,4,14,4,900.0,7,50.0,14,100.0,2,215.41,0.1,,,
EMM_h4s7f50c2n15.txt,HLCT,7,4,14,4,900.0,14,100.0,14,100.0,0,0.00,0.0,,,
EMM_h4s7f50c2n16.txt,HLCT,7,4,14,4,900.0,3,21.4,14,100.0,6,687.79,0.1,,,
EMM_h4s7f50c2n17.txt,HLCT,7,4,14,4,900.0,3,21.4,14,100.0,5,535.80,0.1,,,
EMM_h4s7f50c2n18.txt,HLCT,7,4,14,4,900.0,3,21.4,14,100.0,3,312.39,0.0,,,
EMM_h4s7f50c2n19.txt,HLCT,7,4,14,4,900.0,7,50.0,14,100.0,2,216.83,0.0,,,
EMM_h4s7f50c2n2.txt,HLCT,7,4,14,4,900.0,3,21.4,14,100.0,7,782.26,0.2,,,
EMM_h4s7f50c2n20.txt,HLCT,7,4,14,4,900.0,14,100.0,14,100.0,0,0.00,0.0,,,
EMM_h4s7f50c2n21.txt,HLCT,7,4,14,4,900.0,10,71.4,14,100.0,2,229.43,0.0,,,
EMM_h4s7f50c2n22.txt,HLCT,7,4,14,4,900.0,7,50.0,14,100.0,5,554.70,0.1,,,
EMM_h4s7f50c2n23.txt,HLCT,7,4,14,4,900.0,3,21.4,14,100.0,7,740.99,0.1,,,
EMM_h4s7f50c2n24.txt,HLCT,7,4,14,4,900.0,14,100.0,14,100.0,0,0.00,0.0,,,
EMM_h4s7f50c2n25.txt,HLCT,7,4,14,4,900.0,7,50.0,14,100.0,2,221.19,0.0,,,
EMM_h4s7f50c2n3.txt,HLCT,7,4,14,4,900.0,3,21.4,14,100.0,2,218.80,0.0,,,
EMM_h4s7f50c2n4.txt,HLCT,7,4,14,4,900.0,7,50.0,14,100.0,4,504.60,0.1,,,
EMM_h4s7f50c2n5.txt,HLCT,7,4,14,4,900.0,7,50.0,14,100.0,1,110.43,0.0,,,
EMM_h4s7f50c2n6.txt,HLCT,7,4,14,4,900.0,6,42.9,14,100.0,5,560.22,0.1,,,
EMM_h4s7f50c2n7.txt,HLCT,7,4,14,4,900.0,2,14.3,14,100.0,6,630.79,0.1,,,
EMM_h4s7f50c2n8.txt,HLCT,7,4,14,4,900.0,7,50.0,14,100.0,2,222.09,0.0,,,
EMM_h4s7f50c2n9.txt,HLCT,7,4,14,4,900.0,3,21.4,14,100.0,3,333.75,0.0,,,
EMM_h4s7f75c0n1.txt,HLCT,7,4,21,6,900.0,0,0.0,3,14.3,8,838.27,0.3,,,
EMM_h4s7f75c0n10.txt,HLCT,7,4,21,6,900.0,0,0.0,5,23.8,8,866.38,0.3,,,
EMM_h4s7f75c0n11.txt,HLCT,7,4,21,6,900.0,0,0.0,4,19.0,8,823.66,0.3,,,
EMM_h4s7f75c0n12.txt,HLCT,7,4,21,6,900.0,0,0.0,3,14.3,7,747.73,0.2,,,
EMM_h4s7f75c0n13.txt,HLCT,7,4,21,6,900.0,0,0.0,3,14.3,8,827.71,0.3,,,
EMM_h4s7f75c0n14.txt,HLCT,7,4,21,6,900.0,0,0.0,4,19.0,8,828.83,0.3,,,
EMM_h4s7f75c0n15.txt,HLCT,7,4,21,6,900.0,0,0.0,4,19.0,8,813.17,0.2,,,
EMM_h4s7f75c0n16.txt,HLCT,7,4,21,6,900.0,0,0.0,3,14.3,8,846.92,0.3,,,
EMM_h4s7f75c0n17.txt,HLCT,7,4,21,6,900.0,0,0.0,5,23.8,8,866.38,0.3,,,
EMM_h4s7f75c0n18.txt,HLCT,7,4,21,6,900.0,0,0.0,4,19.0,8,812.45,0.3,,,
EMM_h4s7f75c0n19.txt,HLCT,7,4,21,6,900.0,0,0.0,4,19.0,8,829.22,0.3,,,
EMM_h4s7f75c0n2.txt,HLCT,7,4,21,6,900.0,0,0.0,5,23.8,8,848.24,0.3,,,
EMM_h4s7f75c0n20.txt,HLCT,7,4,21,6,900.0,0,0.0,3,14.3,8,818.39,0.3,,,
EMM_h4s7f75c0n21.txt,HLCT,7,4,21,6,900.0,0,0.0,3,14.3,8,817.47,0.3,,,
EMM_h4s7f75c0n22.txt,HLCT,7,4,21,6,900.0,0,0.0,3,14.3,7,726.50,0.3,,,
EMM_h4s7f75c0n23.txt,HLCT,7,4,21,6,900.0,0,0.0,5,23.8,8,856.90,0.3,,,
EMM_h4s7f75c0n24.txt,HLCT,7,4,21,6,900.0,0,0.0,3,14.3,7,772.56,0.3,,,
EMM_h4s7f75c0n25.txt,HLCT,7,4,21,6,900.0,0,0.0,3,14.3,7,783.39,0.3,,,
EMM_h4s7f75c0n3.txt,HLCT,7,4,21,6,900.0,0,0.0,3,14.3,7,726.50,0.3,,,
EMM_h4s7f75c0n4.txt,HLCT,7,4,21,6,900.0,0,0.0,3,14.3,8,821.95,0.3,,,
EMM_h4s7f75c0n5.txt,HLCT,7,4,21,6,900.0,0,0.0,3,14.3,8,821.02,0.3,,,
EMM_h4s7f75c0n6.txt,HLCT,7,4,21,6,900.0,0,0.0,3,14.3,8,851.89,0.3,,,
EMM_h4s7f75c0n7.txt,HLCT,7,4,21,6,900.0,0,0.0,3,14.3,8,834.93,0.2,,,
EMM_h4s7f75c0n8.txt,HLCT,7,4,21,6,900.0,0,0.0,5,23.8,8,862.77,0.3,,,
EMM_h4s7f75c0n9.txt,HLCT,7,4,21,6,900.0,0,0.0,4,19.0,8,821.61,0.3,,,
EMM_h4s7f75c1n1.txt,HLCT,7,4,21,6,900.0,1,4.8,10,47.6,9,883.30,0.3,,,
EMM_h4s7f75c1n10.txt,HLCT,7,4,21,6,900.0,0,0.0,10,47.6,9,871.71,0.3,,,
EMM_h4s7f75c1n11.txt,HLCT,7,4,21,6,900.0,2,9.5,7,33.3,7,731.04,0.2,,,
EMM_h4s7f75c1n12.txt,HLCT,7,4,21,6,900.0,3,14.3,13,61.9,9,890.44,0.3,,,
EMM_h4s7f75c1n13.txt,HLCT,7,4,21,6,900.0,1,4.8,11,52.4,8,768.17,0.3,,,
EMM_h4s7f75c1n14.txt,HLCT,7,4,21,6,900.0,1,4.8,10,47.6,7,711.88,0.3,,,
EMM_h4s7f75c1n15.txt,HLCT,7,4,21,6,900.0,2,9.5,7,33.3,8,839.38,0.3,,,
EMM_h4s7f75c1n16.txt,HLCT,7,4,21,6,900.0,1,4.8,17,81.0,8,812.36,0.2,,,
EMM_h4s7f75c1n17.txt,HLCT,7,4,21,6,900.0,4,19.0,7,33.3,8,801.48,0.2,,,
EMM_h4s7f75c1n18.txt,HLCT,7,4,21,6,900.0,1,4.8,10,47.6,9,854.68,0.3,,,
EMM_h4s7f75c1n19.txt,HLCT,7,4,21,6,900.0,0,0.0,11,52.4,9,898.02,0.3,,,
EMM_h4s7f75c1n2.txt,HLCT,7,4,21,6,900.0,2,9.5,21,100.0,8,863.67,0.3,,,
EMM_h4s7f75c1n20.txt,HLCT,7,4,21,6,900.0,3,14.3,7,33.3,8,840.61,0.3,,,
EMM_h4s7f75c1n21.txt,HLCT,7,4,21,6,900.0,2,9.5,10,47.6,8,813.56,0.2,,,
EMM_h4s7f75c1n22.txt,HLCT,7,4,21,6,900.0,1,4.8,13,61.9,8,821.31,0.3,,,
EMM_h4s7f75c1n23.txt,HLCT,7,4,21,6,900.0,1,4.8,9,42.9,8,826.49,0.2,,,
EMM_h4s7f75c1n24.txt,HLCT,7,4,21,6,900.0,3,14.3,7,33.3,8,833.70,0.3,,,
EMM_h4s7f75c1n25.txt,HLCT,7,4,21,6,900.0,2,9.5,14,66.7,9,875.54,0.3,,,
EMM_h4s7f75c1n3.txt,HLCT,7,4,21,6,900.0,0,0.0,14,66.7,9,898.31,0.3,,,
EMM_h4s7f75c1n4.txt,HLCT,7,4,21,6,900.0,2,9.5,10,47.6,9,896.87,0.3,,,
EMM_h4s7f75c1n5.txt,HLCT,7,4,21,6,900.0,2,9.5,13,61.9,8,815.31,0.3,,,
EMM_h4s7f75c1n6.txt,HLCT,7,4,21,6,900.0,1,4.8,9,42.9,8,899.01,0.2,,,
EMM_h4s7f75c1n7.txt,HLCT,7,4,21,6,900.0,3,14.3,13,61.9,9,897.61,0.3,,,
EMM_h4s7f75c1n8.txt,HLCT,7,4,21,6,900.0,2,9.5,14,66.7,7,717.51,0.4,,,
EMM_h4s7f75c1n9.txt,HLCT,7,4,21,6,900.0,3,14.3,11,52.4,9,889.12,0.5,,,
EMM_h4s7f75c2n1.txt,HLCT,7,4,21,6,900.0,2,9.5,16,76.2,8,777.49,0.4,,,
EMM_h4s7f75c2n10.txt,HLCT,7,4,21,6,900.0,7,33.3,21,100.0,2,187.87,0.1,,,
EMM_h4s7f75c2n11.txt,HLCT,7,4,21,6,900.0,2,9.5,17,81.0,8,828.40,0.4,,,
EMM_h4s7f75c2n12.txt,HLCT,7,4,21,6,900.0,7,33.3,21,100.0,5,545.53,0.2,,,
EMM_h4s7f75c2n13.txt,HLCT,7,4,21,6,900.0,7,33.3,21,100.0,4,386.45,0.2,,,
EMM_h4s7f75c2n14.txt,HLCT,7,4,21,6,900.0,3,14.3,14,66.7,8,778.73,0.3,,,
EMM_h4s7f75c2n15.txt,HLCT,7,4,21,6,900.0,7,33.3,21,100.0,8,813.30,0.2,,,
EMM_h4s7f75c2n16.txt,HLCT,7,4,21,6,900.0,14,66.7,21,100.0,5,518.87,0.1,,,
EMM_h4s7f75c2n17.txt,HLCT,7,4,21,6,900.0,2,9.5,17,81.0,7,709.46,0.2,,,
EMM_h4s7f75c2n18.txt,HLCT,7,4,21,6,900.0,3,14.3,21,100.0,4,368.82,0.1,,,
EMM_h4s7f75c2n19.txt,HLCT,7,4,21,6,900.0,11,52.4,21,100.0,3,331.96,0.1,,,
EMM_h4s7f75c2n2.txt,HLCT,7,4,21,6,900.0,1,4.8,21,100.0,8,812.87,0.3,,,
EMM_h4s7f75c2n20.txt,HLCT,7,4,21,6,900.0,2,9.5,17,81.0,6,588.09,0.3,,,
EMM_h4s7f75c2n21.txt,HLCT,7,4,21,6,900.0,1,4.8,21,100.0,5,494.90,0.2,,,
EMM_h4s7f75c2n22.txt,HLCT,7,4,21,6,900.0,3,14.3,17,81.0,7,673.72,0.2,,,
EMM_h4s7f75c2n23.txt,HLCT,7,4,21,6,900.0,2,9.5,21,100.0,6,630.04,0.2,,,
EMM_h4s7f75c2n24.txt,HLCT,7,4,21,6,900.0,2,9.5,21,100.0,8,840.22,0.2,,,
EMM_h4s7f75c2n25.txt,HLCT,7,4,21,6,900.0,2,9.5,21,100.0,7,688.59,0.2,,,
EMM_h4s7f75c2n3.txt,HLCT,7,4,21,6,900.0,6,28.6,21,100.0,7,699.02,0.2,,,
EMM_h4s7f75c2n4.txt,HLCT,7,4,21,6,900.0,2,9.5,21,100.0,8,823.50,0.3,,,
EMM_h4s7f75c2n5.txt,HLCT,7,4,21,6,900.0,3,14.3,21,100.0,7,663.10,0.2,,,
EMM_h4s7f75c2n6.txt,HLCT,7,4,21,6,900.0,7,33.3,21,100.0,5,489.14,0.1,,,
EMM_h4s7f75c2n7.txt,HLCT,7,4,21,6,900.0,2,9.5,11,52.4,9,864.27,0.3,,,
EMM_h4s7f75c2n8.txt,HLCT,7,4,21,6,900.0,7,33.3,21,100.0,1,101.56,0.0,,,
EMM_h4s7f75c2n9.txt,HLCT,7,4,21,6,900.0,3,14.3,21,100.0,8,817.35,0.2,,,
EMM_h4s10f50c0n1.txt,HLCT,10,4,20,5,1200.0,0,0.0,20,100.0,10,1110.86,0.6,,,
EMM_h4s10f50c0n10.txt,HLCT,10,4,20,5,1200.0,1,5.0,20,100.0,10,1158.18,0.6,,,
EMM_h4s10f50c0n11.txt,HLCT,10,4,20,5,1200.0,0,0.0,11,55.0,9,1036.69,0.6,,,
EMM_h4s10f50c0n12.txt,HLCT,10,4,20,5,1200.0,1,5.0,20,100.0,9,1052.52,0.5,,,
EMM_h4s10f50c0n13.txt,HLCT,10,4,20,5,1200.0,1,5.0,20,100.0,8,851.34,0.5,,,
EMM_h4s10f50c0n14.txt,HLCT,10,4,20,5,1200.0,1,5.0,20,100.0,7,770.29,0.5,,,
EMM_h4s10f50c0n15.txt,HLCT,10,4,20,5,1200.0,0,0.0,20,100.0,10,1168.73,0.7,,,
EMM_h4s10f50c0n16.txt,HLCT,10,4,20,5,1200.0,0,0.0,14,70.0,10,1186.63,0.3,,,
EMM_h4s10f50c0n17.txt,HLCT,10,4,20,5,1200.0,0,0.0,10,50.0,11,1187.72,0.3,,,
EMM_h4s10f50c0n18.txt,HLCT,10,4,20,5,1200.0,0,0.0,20,100.0,9,1059.12,0.4,,,
EMM_h4s10f50c0n19.txt,HLCT,10,4,20,5,1200.0,0,0.0,20,100.0,9,999.87,0.3,,,
EMM_h4s10f50c0n2.txt,HLCT,10,4,20,5,1200.0,0,0.0,20,100.0,10,1158.97,0.3,,,
EMM_h4s10f50c0n20.txt,HLCT,10,4,20,5,1200.0,0,0.0,20,100.0,9,994.46,0.4,,,
EMM_h4s10f50c0n21.txt,HLCT,10,4,20,5,1200.0,0,0.0,20,100.0,9,1030.20,0.4,,,
EMM_h4s10f50c0n22.txt,HLCT,10,4,20,5,1200.0,0,0.0,20,100.0,9,1028.89,0.3,,,
EMM_h4s10f50c0n23.txt,HLCT,10,4,20,5,1200.0,1,5.0,20,100.0,9,998.46,0.3,,,
EMM_h4s10f50c0n24.txt,HLCT,10,4,20,5,1200.0,0,0.0,20,100.0,9,996.15,0.4,,,
EMM_h4s10f50c0n25.txt,HLCT,10,4,20,5,1200.0,1,5.0,20,100.0,8,871.88,0.4,,,
EMM_h4s10f50c0n3.txt,HLCT,10,4,20,5,1200.0,0,0.0,14,70.0,9,1064.40,0.3,,,
EMM_h4s10f50c0n4.txt,HLCT,10,4,20,5,1200.0,0,0.0,10,50.0,10,1146.29,0.3,,,
EMM_h4s10f50c0n5.txt,HLCT,10,4,20,5,1200.0,1,5.0,9,45.0,10,1152.00,0.3,,,
EMM_h4s10f50c0n6.txt,HLCT,10,4,20,5,1200.0,0,0.0,20,100.0,10,1173.83,0.4,,,
EMM_h4s10f50c0n7.txt,HLCT,10,4,20,5,1200.0,2,10.0,20,100.0,10,1139.00,0.3,,,
EMM_h4s10f50c0n8.txt,HLCT,10,4,20,5,1200.0,1,5.0,20,100.0,7,775.87,0.4,,,
EMM_h4s10f50c0n9.txt,HLCT,10,4,20,5,1200.0,1,5.0,20,100.0,7,833.37,0.3,,,
EMM_h4s10f50c1n1.txt,HLCT,10,4,20,5,1200.0,5,25.0,20,100.0,7,775.82,0.3,,,
EMM_h4s10f50c1n10.txt,HLCT,10,4,20,5,1200.0,2,10.0,20,100.0,7,754.51,0.3,,,
EMM_h4s10f50c1n11.txt,HLCT,10,4,20,5,1200.0,0,0.0,20,100.0,7,775.86,0.2,,,
EMM_h4s10f50c1n12.txt,HLCT,10,4,20,5,1200.0,2,10.0,20,100.0,5,532.21,0.2,,,
EMM_h4s10f50c1n13.txt,HLCT,10,4,20,5,1200.0,0,0.0,20,100.0,6,688.85,0.2,,,
EMM_h4s10f50c1n14.txt,HLCT,10,4,20,5,1200.0,2,10.0,20,100.0,5,598.71,0.2,,,
EMM_h4s10f50c1n15.txt,HLCT,10,4,20,5,1200.0,3,15.0,20,100.0,6,700.50,0.2,,,
EMM_h4s10f50c1n16.txt,HLCT,10,4,20,5,1200.0,2,10.0,20,100.0,6,691.65,0.2,,,
EMM_h4s10f50c1n17.txt,HLCT,10,4,20,5,1200.0,2,10.0,20,100.0,7,766.63,0.3,,,
EMM_h4s10f50c1n18.txt,HLCT,10,4,20,5,1200.0,2,10.0,20,100.0,6,747.64,0.2,,,
EMM_h4s10f50c1n19.txt,HLCT,10,4,20,5,1200.0,2,10.0,20,100.0,6,697.39,0.2,,,
EMM_h4s10f50c1n2.txt,HLCT,10,4,20,5,1200.0,2,10.0,20,100.0,9,1082.77,0.3,,,
EMM_h4s10f50c1n20.txt,HLCT,10,4,20,5,1200.0,3,15.0,20,100.0,6,725.41,0.2,,,
EMM_h4s10f50c1n21.txt,HLCT,10,4,20,5,1200.0,0,0.0,20,100.0,9,1005.60,0.3,,,
EMM_h4s10f50c1n22.txt,HLCT,10,4,20,5,1200.0,3,15.0,20,100.0,7,840.40,0.3,,,
EMM_h4s10f50c1n23.txt,HLCT,10,4,20,5,1200.0,2,10.0,20,100.0,9,1064.40,0.3,,,
EMM_h4s10f50c1n24.txt,HLCT,10,4,20,5,1200.0,2,10.0,20,100.0,5,540.00,0.1,,,
EMM_h4s10f50c1n25.txt,HLCT,10,4,20,5,1200.0,2,10.0,20,100.0,4,488.72,0.1,,,
EMM_h4s10f50c1n3.txt,HLCT,10,4,20,5,1200.0,2,10.0,20,100.0,5,539.84,0.2,,,
EMM_h4s10f50c1n4.txt,HLCT,10,4,20,5,1200.0,1,5.0,20,100.0,4,469.01,0.1,,,
EMM_h4s10f50c1n5.txt,HLCT,10,4,20,5,1200.0,1,5.0,20,100.0,8,877.01,0.3,,,
EMM_h4s10f50c1n6.txt,HLCT,10,4,20,5,1200.0,2,10.0,20,100.0,9,1023.25,0.3,,,
EMM_h4s10f50c1n7.txt,HLCT,10,4,20,5,1200.0,2,10.0,20,100.0,8,913.30,0.3,,,
EMM_h4s10f50c1n8.txt,HLCT,10,4,20,5,1200.0,1,5.0,20,100.0,7,801.71,0.3,,,
EMM_h4s10f50c1n9.txt,HLCT,10,4,20,5,1200.0,3,15.0,20,100.0,9,1002.56,0.3,,,
EMM_h4s10f50c2n1.txt,HLCT,10,4,20,5,1200.0,3,15.0,20,100.0,5,548.86,0.2,,,
EMM_h4s10f50c2n10.txt,HLCT,10,4,20,5,1200.0,3,15.0,20,100.0,2,235.24,0.1,,,
EMM_h4s10f50c2n11.txt,HLCT,10,4,20,5,1200.0,3,15.0,20,100.0,1,111.75,0.0,,,
EMM_h4s10f50c2n12.txt,HLCT,10,4,20,5,1200.0,6,30.0,20,100.0,4,473.42,0.1,,,
EMM_h4s10f50c2n13.txt,HLCT,10,4,20,5,1200.0,2,10.0,20,100.0,4,439.83,0.1,,,
EMM_h4s10f50c2n14.txt,HLCT,10,4,20,5,1200.0,3,15.0,20,100.0,5,575.29,0.1,,,
EMM_h4s10f50c2n15.txt,HLCT,10,4,20,5,1200.0,7,35.0,20,100.0,1,132.29,0.0,,,
EMM_h4s10f50c2n16.txt,HLCT,10,4,20,5,1200.0,7,35.0,20,100.0,3,339.10,0.1,,,
EMM_h4s10f50c2n17.txt,HLCT,10,4,20,5,1200.0,6,30.0,20,100.0,4,457.21,0.1,,,
EMM_h4s10f50c2n18.txt,HLCT,10,4,20,5,1200.0,6,30.0,20,100.0,8,901.86,0.3,,,
EMM_h4s10f50c2n19.txt,HLCT,10,4,20,5,1200.0,3,15.0,20,100.0,5,557.72,0.1,,,
EMM_h4s10f50c2n2.txt,HLCT,10,4,20,5,1200.0,7,35.0,20,100.0,5,585.52,0.2,,,
EMM_h4s10f50c2n20.txt,HLCT,10,4,20,5,1200.0,6,30.0,20,100.0,5,570.17,0.1,,,
EMM_h4s10f50c2n21.txt,HLCT,10,4,20,5,1200.0,5,25.0,20,100.0,5,576.52,0.1,,,
EMM_h4s10f50c2n22.txt,HLCT,10,4,20,5,1200.0,3,15.0,20,100.0,3,347.04,0.1,,,
EMM_h4s10f50c2n23.txt,HLCT,10,4,20,5,1200.0,3,15.0,20,100.0,1,88.71,0.0,,,
EMM_h4s10f50c2n24.txt,HLCT,10,4,20,5,1200.0,3,15.0,20,100.0,2,228.42,0.0,,,
EMM_h4s10f50c2n25.txt,HLCT,10,4,20,5,1200.0,11,55.0,20,100.0,1,113.07,0.0,,,
EMM_h4s10f50c2n3.txt,HLCT,10,4,20,5,1200.0,3,15.0,20,100.0,6,684.66,0.2,,,
EMM_h4s10f50c2n4.txt,HLCT,10,4,20,5,1200.0,7,35.0,20,100.0,3,388.06,0.1,,,
EMM_h4s10f50c2n5.txt,HLCT,10,4,20,5,1200.0,3,15.0,20,100.0,6,670.16,0.2,,,
EMM_h4s10f50c2n6.txt,HLCT,10,4,20,5,1200.0,11,55.0,20,100.0,2,238.79,0.1,,,
EMM_h4s10f50c2n7.txt,HLCT,10,4,20,5,1200.0,10,50.0,20,100.0,5,543.06,0.1,,,
EMM_h4s10f50c2n8.txt,HLCT,10,4,20,5,1200.0,3,15.0,20,100.0,2,238.37,0.0,,,
EMM_h4s10f50c2n9.txt,HLCT,10,4,20,5,1200.0,11,55.0,20,100.0,1,139.80,0.0,,,
EMM_h4s10f75c0n1.txt,HLCT,10,4,30,8,1200.0,0,0.0,4,13.3,10,1126.75,0.6,,,
EMM_h4s10f75c0n10.txt,HLCT,10,4,30,8,1200.0,0,0.0,4,13.3,11,1139.89,0.6,,,
EMM_h4s10f75c0n11.txt,HLCT,10,4,30,8,1200.0,0,0.0,4,13.3,11,1129.09,1.0,,,
EMM_h4s10f75c0n12.txt,HLCT,10,4,30,8,1200.0,0,0.0,4,13.3,11,1111.20,0.9,,,
EMM_h4s10f75c0n13.txt,HLCT,10,4,30,8,1200.0,0,0.0,4,13.3,11,1130.91,1.0,,,
EMM_h4s10f75c0n14.txt,HLCT,10,4,30,8,1200.0,0,0.0,4,13.3,11,1130.31,0.9,,,
EMM_h4s10f75c0n15.txt,HLCT,10,4,30,8,1200.0,0,0.0,4,13.3,10,1105.17,0.6,,,
EMM_h4s10f75c0n16.txt,HLCT,10,4,30,8,1200.0,0,0.0,4,13.3,11,1122.86,0.6,,,
EMM_h4s10f75c0n17.txt,HLCT,10,4,30,8,1200.0,0,0.0,4,13.3,11,1157.60,0.6,,,
EMM_h4s10f75c0n18.txt,HLCT,10,4,30,8,1200.0,0,0.0,4,13.3,11,1146.25,0.6,,,
EMM_h4s10f75c0n19.txt,HLCT,10,4,30,8,1200.0,0,0.0,4,13.3,11,1154.46,0.6,,,
EMM_h4s10f75c0n2.txt,HLCT,10,4,30,8,1200.0,0,0.0,4,13.3,11,1120.95,0.6,,,
EMM_h4s10f75c0n20.txt,HLCT,10,4,30,8,1200.0,0,0.0,4,13.3,11,1120.12,0.6,,,
EMM_h4s10f75c0n21.txt,HLCT,10,4,30,8,1200.0,0,0.0,4,13.3,11,1142.55,0.6,,,
EMM_h4s10f75c0n22.txt,HLCT,10,4,30,8,1200.0,0,0.0,4,13.3,11,1119.86,0.6,,,
EMM_h4s10f75c0n23.txt,HLCT,10,4,30,8,1200.0,0,0.0,4,13.3,11,1143.88,0.6,,,
EMM_h4s10f75c0n24.txt,HLCT,10,4,30,8,1200.0,0,0.0,4,13.3,11,1124.53,0.6,,,
EMM_h4s10f75c0n25.txt,HLCT,10,4,30,8,1200.0,0,0.0,4,13.3,11,1118.23,0.6,,,
EMM_h4s10f75c0n3.txt,HLCT,10,4,30,8,1200.0,0,0.0,4,13.3,11,1121.68,0.6,,,
EMM_h4s10f75c0n4.txt,HLCT,10,4,30,8,1200.0,0,0.0,4,13.3,11,1128.24,0.6,,,
EMM_h4s10f75c0n5.txt,HLCT,10,4,30,8,1200.0,0,0.0,4,13.3,11,1114.49,0.6,,,
EMM_h4s10f75c0n6.txt,HLCT,10,4,30,8,1200.0,0,0.0,4,13.3,11,1128.28,0.6,,,
EMM_h4s10f75c0n7.txt,HLCT,10,4,30,8,1200.0,0,0.0,4,13.3,11,1154.14,0.6,,,
EMM_h4s10f75c0n8.txt,HLCT,10,4,30,8,1200.0,0,0.0,4,13.3,11,1127.56,0.6,,,
EMM_h4s10f75c0n9.txt,HLCT,10,4,30,8,1200.0,0,0.0,4,13.3,11,1127.35,0.6,,,
EMM_h4s10f75c1n1.txt,HLCT,10,4,30,8,1200.0,1,3.3,15,50.0,10,1115.74,0.6,,,
EMM_h4s10f75c1n10.txt,HLCT,10,4,30,8,1200.0,1,3.3,11,36.7,11,1191.10,0.6,,,
EMM_h4s10f75c1n11.txt,HLCT,10,4,30,8,1200.0,2,6.7,14,46.7,11,1159.63,0.6,,,
EMM_h4s10f75c1n12.txt,HLCT,10,4,30,8,1200.0,2,6.7,7,23.3,11,1152.83,0.5,,,
EMM_h4s10f75c1n13.txt,HLCT,10,4,30,8,1200.0,0,0.0,7,23.3,10,1012.60,0.6,,,
EMM_h4s10f75c1n14.txt,HLCT,10,4,30,8,1200.0,3,10.0,19,63.3,10,1081.08,0.6,,,
EMM_h4s10f75c1n15.txt,HLCT,10,4,30,8,1200.0,1,3.3,19,63.3,11,1167.46,0.6,,,
EMM_h4s10f75c1n16.txt,HLCT,10,4,30,8,1200.0,1,3.3,15,50.0,10,1050.06,0.7,,,
EMM_h4s10f75c1n17.txt,HLCT,10,4,30,8,1200.0,1,3.3,11,36.7,9,1027.46,0.5,,,
EMM_h4s10f75c1n18.txt,HLCT,10,4,30,8,1200.0,0,0.0,30,100.0,11,1147.11,0.7,,,
EMM_h4s10f75c1n19.txt,HLCT,10,4,30,8,1200.0,3,10.0,11,36.7,11,1146.89,0.6,,,
EMM_h4s10f75c1n2.txt,HLCT,10,4,30,8,1200.0,1,3.3,11,36.7,11,1119.28,0.5,,,
EMM_h4s10f75c1n20.txt,HLCT,10,4,30,8,1200.0,1,3.3,10,33.3,11,1108.17,0.6,,,
EMM_h4s10f75c1n21.txt,HLCT,10,4,30,8,1200.0,2,6.7,15,50.0,10,1037.25,0.7,,,
EMM_h4s10f75c1n22.txt,HLCT,10,4,30,8,1200.0,2,6.7,15,50.0,11,1165.04,0.6,,,
EMM_h4s10f75c1n23.txt,HLCT,10,4,30,8,1200.0,2,6.7,19,63.3,11,1126.49,0.6,,,
EMM_h4s10f75c1n24.txt,HLCT,10,4,30,8,1200.0,1,3.3,14,46.7,11,1123.65,0.6,,,
EMM_h4s10f75c1n25.txt,HLCT,10,4,30,8,1200.0,1,3.3,14,46.7,11,1103.80,0.6,,,
EMM_h4s10f75c1n3.txt,HLCT,10,4,30,8,1200.0,1,3.3,11,36.7,10,1060.05,0.7,,,
EMM_h4s10f75c1n4.txt,HLCT,10,4,30,8,1200.0,1,3.3,10,33.3,11,1168.50,0.5,,,
EMM_h4s10f75c1n5.txt,HLCT,10,4,30,8,1200.0,0,0.0,7,23.3,11,1123.34,0.6,,,
EMM_h4s10f75c1n6.txt,HLCT,10,4,30,8,1200.0,3,10.0,7,23.3,11,1095.88,0.6,,,
EMM_h4s10f75c1n7.txt,HLCT,10,4,30,8,1200.0,2,6.7,11,36.7,10,1104.28,0.6,,,
EMM_h4s10f75c1n8.txt,HLCT,10,4,30,8,1200.0,3,10.0,22,73.3,10,1102.32,0.6,,,
EMM_h4s10f75c1n9.txt,HLCT,10,4,30,8,1200.0,1,3.3,13,43.3,11,1134.11,0.6,,,
EMM_h4s10f75c2n1.txt,HLCT,10,4,30,8,1200.0,2,6.7,30,100.0,9,979.73,0.5,,,
EMM_h4s10f75c2n10.txt,HLCT,10,4,30,8,1200.0,7,23.3,30,100.0,8,793.59,0.4,,,
EMM_h4s10f75c2n11.txt,HLCT,10,4,30,8,1200.0,3,10.0,30,100.0,3,290.37,0.1,,,
EMM_h4s10f75c2n12.txt,HLCT,10,4,30,8,1200.0,15,50.0,30,100.0,6,651.41,0.3,,,
EMM_h4s10f75c2n13.txt,HLCT,10,4,30,8,1200.0,3,10.0,25,83.3,11,1168.68,0.6,,,
EMM_h4s10f75c2n14.txt,HLCT,10,4,30,8,1200.0,0,0.0,30,100.0,11,1168.40,0.6,,,
EMM_h4s10f75c2n15.txt,HLCT,10,4,30,8,1200.0,11,36.7,25,83.3,11,1163.55,0.5,,,
EMM_h4s10f75c2n16.txt,HLCT,10,4,30,8,1200.0,3,10.0,30,100.0,11,1145.39,0.7,,,
EMM_h4s10f75c2n17.txt,HLCT,10,4,30,8,1200.0,3,10.0,30,100.0,9,978.14,0.5,,,
EMM_h4s10f75c2n18.txt,HLCT,10,4,30,8,1200.0,3,10.0,30,100.0,8,856.35,0.4,,,
EMM_h4s10f75c2n19.txt,HLCT,10,4,30,8,1200.0,2,6.7,21,70.0,11,1128.87,0.7,,,
EMM_h4s10f75c2n2.txt,HLCT,10,4,30,8,1200.0,3,10.0,19,63.3,11,1139.77,0.6,,,
EMM_h4s10f75c2n20.txt,HLCT,10,4,30,8,1200.0,1,3.3,30,100.0,11,1136.29,0.7,,,
EMM_h4s10f75c2n21.txt,HLCT,10,4,30,8,1200.0,3,10.0,26,86.7,11,1133.17,0.7,,,
EMM_h4s10f75c2n22.txt,HLCT,10,4,30,8,1200.0,3,10.0,26,86.7,11,1128.83,0.7,,,
EMM_h4s10f75c2n23.txt,HLCT,10,4,30,8,1200.0,2,6.7,30,100.0,8,886.12,0.5,,,
EMM_h4s10f75c2n24.txt,HLCT,10,4,30,8,1200.0,2,6.7,30,100.0,7,761.00,0.4,,,
EMM_h4s10f75c2n25.txt,HLCT,10,4,30,8,1200.0,3,10.0,26,86.7,10,1100.24,0.6,,,
EMM_h4s10f75c2n3.txt,HLCT,10,4,30,8,1200.0,4,13.3,19,63.3,11,1103.04,0.6,,,
EMM_h4s10f75c2n4.txt,HLCT,10,4,30,8,1200.0,2,6.7,30,100.0,9,984.20,0.5,,,
EMM_h4s10f75c2n5.txt,HLCT,10,4,30,8,1200.0,3,10.0,30,100.0,7,744.95,0.4,,,
EMM_h4s10f75c2n6.txt,HLCT,10,4,30,8,1200.0,1,3.3,26,86.7,9,872.61,0.7,,,
EMM_h4s10f75c2n7.txt,HLCT,10,4,30,8,1200.0,1,3.3,30,100.0,10,1072.33,1.1,,,
EMM_h4s10f75c2n8.txt,HLCT,10,4,30,8,1200.0,7,23.3,15,50.0,10,1054.98,0.9,,,
EMM_h4s10f75c2n9.txt,HLCT,10,4,30,8,1200.0,2,6.7,30,100.0,8,858.28,0.9,,,
EMM_h4s4f50c0n1.txt,HLCT,4,4,8,2,1200.0,0,0.0,8,100.0,2,197.49,0.0,,,
EMM_h4s4f50c0n10.txt,HLCT,4,4,8,2,1200.0,2,25.0,8,100.0,1,98.92,0.0,,,
EMM_h4s4f50c0n11.txt,HLCT,4,4,8,2,1200.0,2,25.0,8,100.0,1,96.05,0.0,,,
EMM_h4s4f50c0n12.txt,HLCT,4,4,8,2,1200.0,2,25.0,8,100.0,1,103.90,0.0,,,
EMM_h4s4f50c0n13.txt,HLCT,4,4,8,2,1200.0,0,0.0,8,100.0,3,318.87,0.0,,,
EMM_h4s4f50c0n14.txt,HLCT,4,4,8,2,1200.0,0,0.0,8,100.0,4,422.66,0.0,,,
EMM_h4s4f50c0n15.txt,HLCT,4,4,8,2,1200.0,0,0.0,8,100.0,2,211.66,0.0,,,
EMM_h4s4f50c0n16.txt,HLCT,4,4,8,2,1200.0,2,25.0,8,100.0,4,444.65,0.0,,,
EMM_h4s4f50c0n17.txt,HLCT,4,4,8,2,1200.0,0,0.0,8,100.0,3,312.47,0.0,,,
EMM_h4s4f50c0n18.txt,HLCT,4,4,8,2,1200.0,3,37.5,8,100.0,2,207.29,0.0,,,
EMM_h4s4f50c0n19.txt,HLCT,4,4,8,2,1200.0,1,12.5,8,100.0,3,314.01,0.0,,,
EMM_h4s4f50c0n2.txt,HLCT,4,4,8,2,1200.0,1,12.5,8,100.0,3,299.70,0.0,,,
EMM_h4s4f50c0n20.txt,HLCT,4,4,8,2,1200.0,2,25.0,8,100.0,1,113.24,0.0,,,
EMM_h4s4f50c0n21.txt,HLCT,4,4,8,2,1200.0,2,25.0,8,100.0,2,214.06,0.0,,,
EMM_h4s4f50c0n22.txt,HLCT,4,4,8,2,1200.0,1,12.5,8,100.0,3,313.72,0.0,,,
EMM_h4s4f50c0n23.txt,HLCT,4,4,8,2,1200.0,0,0.0,8,100.0,3,313.89,0.0,,,
EMM_h4s4f50c0n24.txt,HLCT,4,4,8,2,1200.0,0,0.0,8,100.0,3,312.47,0.0,,,
EMM_h4s4f50c0n25.txt,HLCT,4,4,8,2,1200.0,1,12.5,8,100.0,3,301.03,0.0,,,
EMM_h4s4f50c0n3.txt,HLCT,4,4,8,2,1200.0,2,25.0,8,100.0,1,97.66,0.0,,,
EMM_h4s4f50c0n4.txt,HLCT,4,4,8,2,1200.0,1,12.5,8,100.0,3,297.06,0.0,,,
EMM_h4s4f50c0n5.txt,HLCT,4,4,8,2,1200.0,2,25.0,8,100.0,2,208.74,0.0,,,
EMM_h4s4f50c0n6.txt,HLCT,4,4,8,2,1200.0,0,0.0,8,100.0,3,312.47,0.0,,,
EMM_h4s4f50c0n7.txt,HLCT,4,4,8,2,1200.0,0,0.0,8,100.0,3,322.73,0.0,,,
EMM_h4s4f50c0n8.txt,HLCT,4,4,8,2,1200.0,0,0.0,8,100.0,4,422.66,0.0,,,
EMM_h4s4f50c0n9.txt,HLCT,4,4,8,2,1200.0,1,12.5,8,100.0,2,201.13,0.0,,,
EMM_h4s4f50c1n1.txt,HLCT,4,4,8,2,1200.0,2,25.0,8,100.0,3,310.28,0.0,,,
EMM_h4s4f50c1n10.txt,HLCT,4,4,8,2,1200.0,3,37.5,8,100.0,2,228.40,0.0,,,
EMM_h4s4f50c1n11.txt,HLCT,4,4,8,2,1200.0,1,12.5,8,100.0,3,298.85,0.0,,,
EMM_h4s4f50c1n12.txt,HLCT,4,4,8,2,1200.0,8,100.0,8,100.0,0,0.00,0.0,,,
EMM_h4s4f50c1n13.txt,HLCT,4,4,8,2,1200.0,8,100.0,8,100.0,0,0.00,0.0,,,
EMM_h4s4f50c1n14.txt,HLCT,4,4,8,2,1200.0,3,37.5,8,100.0,2,195.97,0.0,,,
EMM_h4s4f50c1n15.txt,HLCT,4,4,8,2,1200.0,1,12.5,8,100.0,4,438.08,0.0,,,
EMM_h4s4f50c1n16.txt,HLCT,4,4,8,2,1200.0,3,37.5,8,100.0,1,111.94,0.0,,,
EMM_h4s4f50c1n17.txt,HLCT,4,4,8,2,1200.0,3,37.5,8,100.0,2,235.09,0.0,,,
EMM_h4s4f50c1n18.txt,HLCT,4,4,8,2,1200.0,8,100.0,8,100.0,0,0.00,0.0,,,
EMM_h4s4f50c1n19.txt,HLCT,4,4,8,2,1200.0,3,37.5,8,100.0,1,110.43,0.0,,,
EMM_h4s4f50c1n2.txt,HLCT,4,4,8,2,1200.0,2,25.0,8,100.0,2,206.87,0.0,,,
EMM_h4s4f50c1n20.txt,HLCT,4,4,8,2,1200.0,3,37.5,8,100.0,2,204.04,0.0,,,
EMM_h4s4f50c1n21.txt,HLCT,4,4,8,2,1200.0,2,25.0,8,100.0,3,309.83,0.0,,,
EMM_h4s4f50c1n22.txt,HLCT,4,4,8,2,1200.0,3,37.5,8,100.0,3,304.99,0.0,,,
EMM_h4s4f50c1n23.txt,HLCT,4,4,8,2,1200.0,3,37.5,8,100.0,2,207.64,0.0,,,
EMM_h4s4f50c1n24.txt,HLCT,4,4,8,2,1200.0,2,25.0,8,100.0,3,318.83,0.0,,,
EMM_h4s4f50c1n25.txt,HLCT,4,4,8,2,1200.0,8,100.0,8,100.0,0,0.00,0.0,,,
EMM_h4s4f50c1n3.txt,HLCT,4,4,8,2,1200.0,3,37.5,8,100.0,3,310.20,0.0,,,
EMM_h4s4f50c1n4.txt,HLCT,4,4,8,2,1200.0,2,25.0,8,100.0,3,356.30,0.0,,,
EMM_h4s4f50c1n5.txt,HLCT,4,4,8,2,1200.0,1,12.5,8,100.0,3,306.48,0.0,,,
EMM_h4s4f50c1n6.txt,HLCT,4,4,8,2,1200.0,3,37.5,8,100.0,1,113.07,0.0,,,
EMM_h4s4f50c1n7.txt,HLCT,4,4,8,2,1200.0,3,37.5,8,100.0,1,109.17,0.0,,,
EMM_h4s4f50c1n8.txt,HLCT,4,4,8,2,1200.0,2,25.0,8,100.0,1,89.85,0.0,,,
EMM_h4s4f50c1n9.txt,HLCT,4,4,8,2,1200.0,3,37.5,8,100.0,3,310.28,0.0,,,
EMM_h4s4f50c2n1.txt,HLCT,4,4,8,2,1200.0,3,37.5,8,100.0,1,120.59,0.0,,,
EMM_h4s4f50c2n10.txt,HLCT,4,4,8,2,1200.0,3,37.5,8,100.0,1,123.38,0.0,,,
EMM_h4s4f50c2n11.txt,HLCT,4,4,8,2,1200.0,3,37.5,8,100.0,1,111.69,0.0,,,
EMM_h4s4f50c2n12.txt,HLCT,4,4,8,2,1200.0,3,37.5,8,100.0,1,125.98,0.0,,,
EMM_h4s4f50c2n13.txt,HLCT,4,4,8,2,1200.0,8,100.0,8,100.0,0,0.00,0.0,,,
EMM_h4s4f50c2n14.txt,HLCT,4,4,8,2,1200.0,8,100.0,8,100.0,0,0.00,0.0,,,
EMM_h4s4f50c2n15.txt,HLCT,4,4,8,2,1200.0,8,100.0,8,100.0,0,0.00,0.0,,,
EMM_h4s4f50c2n16.txt,HLCT,4,4,8,2,1200.0,8,100.0,8,100.0,0,0.00,0.0,,,
EMM_h4s4f50c2n17.txt,HLCT,4,4,8,2,1200.0,3,37.5,8,100.0,1,132.22,0.0,,,
EMM_h4s4f50c2n18.txt,HLCT,4,4,8,2,1200.0,8,100.0,8,100.0,0,0.00,0.0,,,
EMM_h4s4f50c2n19.txt,HLCT,4,4,8,2,1200.0,8,100.0,8,100.0,0,0.00,0.0,,,
EMM_h4s4f50c2n2.txt,HLCT,4,4,8,2,1200.0,3,37.5,8,100.0,3,296.97,0.1,,,
EMM_h4s4f50c2n20.txt,HLCT,4,4,8,2,1200.0,8,100.0,8,100.0,0,0.00,0.0,,,
EMM_h4s4f50c2n21.txt,HLCT,4,4,8,2,1200.0,8,100.0,8,100.0,0,0.00,0.0,,,
EMM_h4s4f50c2n22.txt,HLCT,4,4,8,2,1200.0,2,25.0,8,100.0,3,328.23,0.0,,,
EMM_h4s4f50c2n23.txt,HLCT,4,4,8,2,1200.0,8,100.0,8,100.0,0,0.00,0.0,,,
EMM_h4s4f50c2n24.txt,HLCT,4,4,8,2,1200.0,8,100.0,8,100.0,0,0.00,0.0,,,
EMM_h4s4f50c2n25.txt,HLCT,4,4,8,2,1200.0,3,37.5,8,100.0,2,214.23,0.0,,,
EMM_h4s4f50c2n3.txt,HLCT,4,4,8,2,1200.0,8,100.0,8,100.0,0,0.00,0.0,,,
EMM_h4s4f50c2n4.txt,HLCT,4,4,8,2,1200.0,8,100.0,8,100.0,0,0.00,0.0,,,
EMM_h4s4f50c2n5.txt,HLCT,4,4,8,2,1200.0,2,25.0,8,100.0,2,225.67,0.0,,,
EMM_h4s4f50c2n6.txt,HLCT,4,4,8,2,1200.0,3,37.5,8,100.0,2,215.49,0.0,,,
EMM_h4s4f50c2n7.txt,HLCT,4,4,8,2,1200.0,8,100.0,8,100.0,0,0.00,0.0,,,
EMM_h4s4f50c2n8.txt,HLCT,4,4,8,2,1200.0,3,37.5,8,100.0,2,238.36,0.0,,,
EMM_h4s4f50c2n9.txt,HLCT,4,4,8,2,1200.0,3,37.5,8,100.0,2,220.49,0.0,,,
EMM_h4s4f75c0n1.txt,HLCT,4,4,12,3,1200.0,0,0.0,2,16.7,11,1038.84,0.1,,,
EMM_h4s4f75c0n10.txt,HLCT,4,4,12,3,1200.0,0,0.0,2,16.7,11,1038.84,0.2,,,
EMM_h4s4f75c0n11.txt,HLCT,4,4,12,3,1200.0,0,0.0,2,16.7,11,1038.84,0.2,,,
EMM_h4s4f75c0n12.txt,HLCT,4,4,12,3,1200.0,0,0.0,2,16.7,11,1038.84,0.1,,,
EMM_h4s4f75c0n13.txt,HLCT,4,4,12,3,1200.0,0,0.0,2,16.7,11,1038.84,0.1,,,
EMM_h4s4f75c0n14.txt,HLCT,4,4,12,3,1200.0,0,0.0,2,16.7,11,1038.84,0.1,,,
EMM_h4s4f75c0n15.txt,HLCT,4,4,12,3,1200.0,0,0.0,2,16.7,11,1038.84,0.1,,,
EMM_h4s4f75c0n16.txt,HLCT,4,4,12,3,1200.0,0,0.0,2,16.7,11,1038.84,0.1,,,
EMM_h4s4f75c0n17.txt,HLCT,4,4,12,3,1200.0,0,0.0,2,16.7,11,1038.84,0.1,,,
EMM_h4s4f75c0n18.txt,HLCT,4,4,12,3,1200.0,0,0.0,2,16.7,11,1038.84,0.1,,,
EMM_h4s4f75c0n19.txt,HLCT,4,4,12,3,1200.0,0,0.0,2,16.7,11,1038.84,0.2,,,
EMM_h4s4f75c0n2.txt,HLCT,4,4,12,3,1200.0,0,0.0,2,16.7,11,1038.84,0.2,,,
EMM_h4s4f75c0n20.txt,HLCT,4,4,12,3,1200.0,0,0.0,2,16.7,11,1038.84,0.1,,,
EMM_h4s4f75c0n21.txt,HLCT,4,4,12,3,1200.0,0,0.0,2,16.7,11,1038.84,0.1,,,
EMM_h4s4f75c0n22.txt,HLCT,4,4,12,3,1200.0,0,0.0,2,16.7,11,1038.84,0.2,,,
EMM_h4s4f75c0n23.txt,HLCT,4,4,12,3,1200.0,0,0.0,2,16.7,11,1038.84,0.1,,,
EMM_h4s4f75c0n24.txt,HLCT,4,4,12,3,1200.0,0,0.0,2,16.7,11,1038.84,0.2,,,
EMM_h4s4f75c0n25.txt,HLCT,4,4,12,3,1200.0,0,0.0,2,16.7,11,1038.84,0.1,,,
EMM_h4s4f75c0n3.txt,HLCT,4,4,12,3,1200.0,0,0.0,2,16.7,11,1038.84,0.1,,,
EMM_h4s4f75c0n4.txt,HLCT,4,4,12,3,1200.0,0,0.0,2,16.7,11,1038.84,0.1,,,
EMM_h4s4f75c0n5.txt,HLCT,4,4,12,3,1200.0,0,0.0,2,16.7,11,1038.84,0.1,,,
EMM_h4s4f75c0n6.txt,HLCT,4,4,12,3,1200.0,0,0.0,2,16.7,11,1038.84,0.1,,,
EMM_h4s4f75c0n7.txt,HLCT,4,4,12,3,1200.0,0,0.0,2,16.7,11,1038.84,0.2,,,
EMM_h4s4f75c0n8.txt,HLCT,4,4,12,3,1200.0,0,0.0,2,16.7,11,1038.84,0.1,,,
EMM_h4s4f75c0n9.txt,HLCT,4,4,12,3,1200.0,0,0.0,2,16.7,11,1038.84,0.1,,,
EMM_h4s4f75c1n1.txt,HLCT,4,4,12,3,1200.0,2,16.7,12,100.0,8,784.21,0.1,,,
EMM_h4s4f75c1n10.txt,HLCT,4,4,12,3,1200.0,2,16.7,12,100.0,8,781.91,0.1,,,
EMM_h4s4f75c1n11.txt,HLCT,4,4,12,3,1200.0,2,16.7,12,100.0,4,375.30,0.1,,,
EMM_h4s4f75c1n12.txt,HLCT,4,4,12,3,1200.0,1,8.3,12,100.0,8,779.40,0.1,,,
EMM_h4s4f75c1n13.txt,HLCT,4,4,12,3,1200.0,5,41.7,12,100.0,6,613.07,0.1,,,
EMM_h4s4f75c1n14.txt,HLCT,4,4,12,3,1200.0,1,8.3,12,100.0,4,400.80,0.1,,,
EMM_h4s4f75c1n15.txt,HLCT,4,4,12,3,1200.0,1,8.3,12,100.0,10,968.69,0.1,,,
EMM_h4s4f75c1n16.txt,HLCT,4,4,12,3,1200.0,1,8.3,12,100.0,8,761.80,0.1,,,
EMM_h4s4f75c1n17.txt,HLCT,4,4,12,3,1200.0,0,0.0,12,100.0,6,565.60,0.1,,,
EMM_h4s4f75c1n18.txt,HLCT,4,4,12,3,1200.0,2,16.7,12,100.0,8,772.75,0.1,,,
EMM_h4s4f75c1n19.txt,HLCT,4,4,12,3,1200.0,1,8.3,12,100.0,6,589.11,0.1,,,
EMM_h4s4f75c1n2.txt,HLCT,4,4,12,3,1200.0,1,8.3,7,58.3,12,1182.25,0.2,,,
EMM_h4s4f75c1n20.txt,HLCT,4,4,12,3,1200.0,2,16.7,12,100.0,5,531.37,0.1,,,
EMM_h4s4f75c1n21.txt,HLCT,4,4,12,3,1200.0,0,0.0,12,100.0,9,841.77,0.1,,,
EMM_h4s4f75c1n22.txt,HLCT,4,4,12,3,1200.0,1,8.3,12,100.0,1,88.71,0.0,,,
EMM_h4s4f75c1n23.txt,HLCT,4,4,12,3,1200.0,1,8.3,12,100.0,4,350.71,0.0,,,
EMM_h4s4f75c1n24.txt,HLCT,4,4,12,3,1200.0,1,8.3,12,100.0,6,574.32,0.1,,,
EMM_h4s4f75c1n25.txt,HLCT,4,4,12,3,1200.0,1,8.3,12,100.0,8,770.61,0.1,,,
EMM_h4s4f75c1n3.txt,HLCT,4,4,12,3,1200.0,2,16.7,12,100.0,5,509.72,0.0,,,
EMM_h4s4f75c1n4.txt,HLCT,4,4,12,3,1200.0,1,8.3,12,100.0,2,192.20,0.0,,,
EMM_h4s4f75c1n5.txt,HLCT,4,4,12,3,1200.0,2,16.7,12,100.0,6,606.97,0.1,,,
EMM_h4s4f75c1n6.txt,HLCT,4,4,12,3,1200.0,0,0.0,12,100.0,8,785.59,0.1,,,
EMM_h4s4f75c1n7.txt,HLCT,4,4,12,3,1200.0,3,25.0,12,100.0,6,601.50,0.1,,,
EMM_h4s4f75c1n8.txt,HLCT,4,4,12,3,1200.0,3,25.0,12,100.0,8,784.35,0.1,,,
EMM_h4s4f75c1n9.txt,HLCT,4,4,12,3,1200.0,0,0.0,12,100.0,11,1099.31,0.2,,,
EMM_h4s4f75c2n1.txt,HLCT,4,4,12,3,1200.0,3,25.0,12,100.0,1,83.21,0.0,,,
EMM_h4s4f75c2n10.txt,HLCT,4,4,12,3,1200.0,3,25.0,12,100.0,4,373.54,0.1,,,
EMM_h4s4f75c2n11.txt,HLCT,4,4,12,3,1200.0,12,100.0,12,100.0,0,0.00,0.0,,,
EMM_h4s4f75c2n12.txt,HLCT,4,4,12,3,1200.0,3,25.0,12,100.0,1,78.22,0.0,,,
EMM_h4s4f75c2n13.txt,HLCT,4,4,12,3,1200.0,12,100.0,12,100.0,0,0.00,0.0,,,
EMM_h4s4f75c2n14.txt,HLCT,4,4,12,3,1200.0,3,25.0,12,100.0,11,1110.83,0.2,,,
EMM_h4s4f75c2n15.txt,HLCT,4,4,12,3,1200.0,3,25.0,12,100.0,4,376.58,0.1,,,
EMM_h4s4f75c2n16.txt,HLCT,4,4,12,3,1200.0,12,100.0,12,100.0,0,0.00,0.0,,,
EMM_h4s4f75c2n17.txt,HLCT,4,4,12,3,1200.0,3,25.0,12,100.0,10,1003.14,0.1,,,
EMM_h4s4f75c2n18.txt,HLCT,4,4,12,3,1200.0,7,58.3,12,100.0,4,373.50,0.1,,,
EMM_h4s4f75c2n19.txt,HLCT,4,4,12,3,1200.0,7,58.3,12,100.0,2,206.11,0.0,,,
EMM_h4s4f75c2n2.txt,HLCT,4,4,12,3,1200.0,12,100.0,12,100.0,0,0.00,0.0,,,
EMM_h4s4f75c2n20.txt,HLCT,4,4,12,3,1200.0,12,100.0,12,100.0,0,0.00,0.0,,,
EMM_h4s4f75c2n21.txt,HLCT,4,4,12,3,1200.0,3,25.0,12,100.0,1,77.00,0.0,,,
EMM_h4s4f75c2n22.txt,HLCT,4,4,12,3,1200.0,12,100.0,12,100.0,0,0.00,0.0,,,
EMM_h4s4f75c2n23.txt,HLCT,4,4,12,3,1200.0,12,100.0,12,100.0,0,0.00,0.0,,,
EMM_h4s4f75c2n24.txt,HLCT,4,4,12,3,1200.0,12,100.0,12,100.0,0,0.00,0.0,,,
EMM_h4s4f75c2n25.txt,HLCT,4,4,12,3,1200.0,3,25.0,12,100.0,2,194.68,0.0,,,
EMM_h4s4f75c2n3.txt,HLCT,4,4,12,3,1200.0,12,100.0,12,100.0,0,0.00,0.0,,,
EMM_h4s4f75c2n4.txt,HLCT,4,4,12,3,1200.0,3,25.0,12,100.0,6,581.44,0.1,,,
EMM_h4s4f75c2n5.txt,HLCT,4,4,12,3,1200.0,3,25.0,12,100.0,2,205.32,0.0,,,
EMM_h4s4f75c2n6.txt,HLCT,4,4,12,3,1200.0,12,100.0,12,100.0,0,0.00,0.0,,,
EMM_h4s4f75c2n7.txt,HLCT,4,4,12,3,1200.0,3,25.0,12,100.0,6,582.51,0.1,,,
EMM_h4s4f75c2n8.txt,HLCT,4,4,12,3,1200.0,2,16.7,12,100.0,4,357.19,0.1,,,
EMM_h4s4f75c2n9.txt,HLCT,4,4,12,3,1200.0,3,25.0,12,100.0,6,578.52,0.1,,,
EMM_h4s7f50c0n1.txt,HLCT,7,4,14,4,1200.0,1,7.1,14,100.0,7,799.63,0.2,,,
EMM_h4s7f50c0n10.txt,HLCT,7,4,14,4,1200.0,1,7.1,14,100.0,9,1042.20,0.2,,,
EMM_h4s7f50c0n11.txt,HLCT,7,4,14,4,1200.0,1,7.1,14,100.0,7,808.79,0.2,,,
EMM_h4s7f50c0n12.txt,HLCT,7,4,14,4,1200.0,0,0.0,14,100.0,6,643.81,0.1,,,
EMM_h4s7f50c0n13.txt,HLCT,7,4,14,4,1200.0,1,7.1,14,100.0,8,949.81,0.2,,,
EMM_h4s7f50c0n14.txt,HLCT,7,4,14,4,1200.0,1,7.1,14,100.0,9,1011.64,0.2,,,
EMM_h4s7f50c0n15.txt,HLCT,7,4,14,4,1200.0,2,14.3,14,100.0,8,882.09,0.2,,,
EMM_h4s7f50c0n16.txt,HLCT,7,4,14,4,1200.0,2,14.3,14,100.0,7,817.61,0.2,,,
EMM_h4s7f50c0n17.txt,HLCT,7,4,14,4,1200.0,0,0.0,14,100.0,6,698.95,0.2,,,
EMM_h4s7f50c0n18.txt,HLCT,7,4,14,4,1200.0,1,7.1,14,100.0,8,894.33,0.2,,,
EMM_h4s7f50c0n19.txt,HLCT,7,4,14,4,1200.0,1,7.1,14,100.0,9,977.06,0.2,,,
EMM_h4s7f50c0n2.txt,HLCT,7,4,14,4,1200.0,1,7.1,14,100.0,9,1006.07,0.2,,,
EMM_h4s7f50c0n20.txt,HLCT,7,4,14,4,1200.0,0,0.0,14,100.0,8,919.89,0.2,,,
EMM_h4s7f50c0n21.txt,HLCT,7,4,14,4,1200.0,1,7.1,14,100.0,7,793.11,0.2,,,
EMM_h4s7f50c0n22.txt,HLCT,7,4,14,4,1200.0,1,7.1,14,100.0,7,778.65,0.2,,,
EMM_h4s7f50c0n23.txt,HLCT,7,4,14,4,1200.0,1,7.1,14,100.0,10,1111.77,0.2,,,
EMM_h4s7f50c0n24.txt,HLCT,7,4,14,4,1200.0,0,0.0,14,100.0,9,1026.73,0.2,,,
EMM_h4s7f50c0n25.txt,HLCT,7,4,14,4,1200.0,0,0.0,9,64.3,9,1057.09,0.2,,,
EMM_h4s7f50c0n3.txt,HLCT,7,4,14,4,1200.0,1,7.1,14,100.0,7,789.79,0.2,,,
EMM_h4s7f50c0n4.txt,HLCT,7,4,14,4,1200.0,0,0.0,14,100.0,8,880.34,0.2,,,
EMM_h4s7f50c0n5.txt,HLCT,7,4,14,4,1200.0,0,0.0,14,100.0,7,830.40,0.2,,,
EMM_h4s7f50c0n6.txt,HLCT,7,4,14,4,1200.0,0,0.0,14,100.0,8,898.47,0.2,,,
EMM_h4s7f50c0n7.txt,HLCT,7,4,14,4,1200.0,1,7.1,14,100.0,9,1022.21,0.2,,,
EMM_h4s7f50c0n8.txt,HLCT,7,4,14,4,1200.0,1,7.1,14,100.0,9,1047.23,0.2,,,
EMM_h4s7f50c0n9.txt,HLCT,7,4,14,4,1200.0,1,7.1,14,100.0,10,1142.36,0.2,,,
EMM_h4s7f50c1n1.txt,HLCT,7,4,14,4,1200.0,0,0.0,14,100.0,5,542.42,0.1,,,
EMM_h4s7f50c1n10.txt,HLCT,7,4,14,4,1200.0,2,14.3,14,100.0,4,439.24,0.1,,,
EMM_h4s7f50c1n11.txt,HLCT,7,4,14,4,1200.0,3,21.4,14,100.0,3,334.54,0.1,,,
EMM_h4s7f50c1n12.txt,HLCT,7,4,14,4,1200.0,1,7.1,14,100.0,4,400.25,0.1,,,
EMM_h4s7f50c1n13.txt,HLCT,7,4,14,4,1200.0,3,21.4,14,100.0,5,562.54,0.1,,,
EMM_h4s7f50c1n14.txt,HLCT,7,4,14,4,1200.0,3,21.4,14,100.0,4,431.09,0.1,,,
EMM_h4s7f50c1n15.txt,HLCT,7,4,14,4,1200.0,3,21.4,14,100.0,6,682.76,0.1,,,
EMM_h4s7f50c1n16.txt,HLCT,7,4,14,4,1200.0,2,14.3,14,100.0,4,477.14,0.1,,,
EMM_h4s7f50c1n17.txt,HLCT,7,4,14,4,1200.0,14,100.0,14,100.0,0,0.00,0.0,,,
EMM_h4s7f50c1n18.txt,HLCT,7,4,14,4,1200.0,3,21.4,14,100.0,2,209.25,0.0,,,
EMM_h4s7f50c1n19.txt,HLCT,7,4,14,4,1200.0,14,100.0,14,100.0,0,0.00,0.0,,,
EMM_h4s7f50c1n2.txt,HLCT,7,4,14,4,1200.0,3,21.4,14,100.0,4,458.31,0.1,,,
EMM_h4s7f50c1n20.txt,HLCT,7,4,14,4,1200.0,3,21.4,14,100.0,6,636.82,0.1,,,
EMM_h4s7f50c1n21.txt,HLCT,7,4,14,4,1200.0,1,7.1,14,100.0,3,329.09,0.1,,,
EMM_h4s7f50c1n22.txt,HLCT,7,4,14,4,1200.0,1,7.1,14,100.0,3,348.36,0.1,,,
EMM_h4s7f50c1n23.txt,HLCT,7,4,14,4,1200.0,3,21.4,14,100.0,7,780.74,0.1,,,
EMM_h4s7f50c1n24.txt,HLCT,7,4,14,4,1200.0,2,14.3,14,100.0,2,217.99,0.0,,,
EMM_h4s7f50c1n25.txt,HLCT,7,4,14,4,1200.0,1,7.1,14,100.0,5,557.37,0.1,,,
EMM_h4s7f50c1n3.txt,HLCT,7,4,14,4,1200.0,2,14.3,14,100.0,3,291.00,0.1,,,
EMM_h4s7f50c1n4.txt,HLCT,7,4,14,4,1200.0,1,7.1,14,100.0,6,639.72,0.2,,,
EMM_h4s7f50c1n5.txt,HLCT,7,4,14,4,1200.0,1,7.1,14,100.0,5,534.91,0.1,,,
EMM_h4s7f50c1n6.txt,HLCT,7,4,14,4,1200.0,3,21.4,14,100.0,1,123.37,0.0,,,
EMM_h4s7f50c1n7.txt,HLCT,7,4,14,4,1200.0,3,21.4,14,100.0,2,222.60,0.1,,,
EMM_h4s7f50c1n8.txt,HLCT,7,4,14,4,1200.0,2,14.3,14,100.0,2,211.77,0.1,,,
EMM_h4s7f50c1n9.txt,HLCT,7,4,14,4,1200.0,3,21.4,14,100.0,4,431.44,0.1,,,
EMM_h4s7f50c2n1.txt,HLCT,7,4,14,4,1200.0,7,50.0,14,100.0,2,216.83,0.1,,,
EMM_h4s7f50c2n10.txt,HLCT,7,4,14,4,1200.0,14,100.0,14,100.0,0,0.00,0.0,,,
EMM_h4s7f50c2n11.txt,HLCT,7,4,14,4,1200.0,7,50.0,14,100.0,1,118.20,0.0,,,
EMM_h4s7f50c2n12.txt,HLCT,7,4,14,4,1200.0,7,50.0,14,100.0,3,321.14,0.1,,,
EMM_h4s7f50c2n13.txt,HLCT,7,4,14,4,1200.0,3,21.4,14,100.0,5,540.89,0.1,,,
EMM_h4s7f50c2n14.txt,HLCT,7,4,14,4,1200.0,7,50.0,14,100.0,2,215.41,0.0,,,
EMM_h4s7f50c2n15.txt,HLCT,7,4,14,4,1200.0,14,100.0,14,100.0,0,0.00,0.0,,,
EMM_h4s7f50c2n16.txt,HLCT,7,4,14,4,1200.0,3,21.4,14,100.0,6,687.79,0.1,,,
EMM_h4s7f50c2n17.txt,HLCT,7,4,14,4,1200.0,3,21.4,14,100.0,5,535.80,0.1,,,
EMM_h4s7f50c2n18.txt,HLCT,7,4,14,4,1200.0,3,21.4,14,100.0,3,312.39,0.1,,,
EMM_h4s7f50c2n19.txt,HLCT,7,4,14,4,1200.0,7,50.0,14,100.0,2,216.83,0.0,,,
EMM_h4s7f50c2n2.txt,HLCT,7,4,14,4,1200.0,3,21.4,14,100.0,7,782.26,0.2,,,
EMM_h4s7f50c2n20.txt,HLCT,7,4,14,4,1200.0,14,100.0,14,100.0,0,0.00,0.0,,,
EMM_h4s7f50c2n21.txt,HLCT,7,4,14,4,1200.0,10,71.4,14,100.0,2,229.43,0.0,,,
EMM_h4s7f50c2n22.txt,HLCT,7,4,14,4,1200.0,7,50.0,14,100.0,5,554.70,0.1,,,
EMM_h4s7f50c2n23.txt,HLCT,7,4,14,4,1200.0,3,21.4,14,100.0,7,740.99,0.2,,,
EMM_h4s7f50c2n24.txt,HLCT,7,4,14,4,1200.0,14,100.0,14,100.0,0,0.00,0.0,,,
EMM_h4s7f50c2n25.txt,HLCT,7,4,14,4,1200.0,7,50.0,14,100.0,2,221.19,0.0,,,
EMM_h4s7f50c2n3.txt,HLCT,7,4,14,4,1200.0,3,21.4,14,100.0,2,218.80,0.0,,,
EMM_h4s7f50c2n4.txt,HLCT,7,4,14,4,1200.0,7,50.0,14,100.0,4,504.60,0.1,,,
EMM_h4s7f50c2n5.txt,HLCT,7,4,14,4,1200.0,7,50.0,14,100.0,1,110.43,0.0,,,
EMM_h4s7f50c2n6.txt,HLCT,7,4,14,4,1200.0,6,42.9,14,100.0,5,560.22,0.1,,,
EMM_h4s7f50c2n7.txt,HLCT,7,4,14,4,1200.0,2,14.3,14,100.0,6,630.79,0.1,,,
EMM_h4s7f50c2n8.txt,HLCT,7,4,14,4,1200.0,7,50.0,14,100.0,2,222.09,0.0,,,
EMM_h4s7f50c2n9.txt,HLCT,7,4,14,4,1200.0,3,21.4,14,100.0,3,333.75,0.1,,,
EMM_h4s7f75c0n1.txt,HLCT,7,4,21,6,1200.0,0,0.0,4,19.0,11,1188.60,0.4,,,
EMM_h4s7f75c0n10.txt,HLCT,7,4,21,6,1200.0,0,0.0,5,23.8,10,1069.43,0.4,,,
EMM_h4s7f75c0n11.txt,HLCT,7,4,21,6,1200.0,0,0.0,5,23.8,9,923.98,0.4,,,
EMM_h4s7f75c0n12.txt,HLCT,7,4,21,6,1200.0,0,0.0,5,23.8,9,967.15,0.4,,,
EMM_h4s7f75c0n13.txt,HLCT,7,4,21,6,1200.0,0,0.0,4,19.0,11,1172.97,0.4,,,
EMM_h4s7f75c0n14.txt,HLCT,7,4,21,6,1200.0,0,0.0,5,23.8,9,942.32,0.4,,,
EMM_h4s7f75c0n15.txt,HLCT,7,4,21,6,1200.0,0,0.0,5,23.8,11,1096.96,0.4,,,
EMM_h4s7f75c0n16.txt,HLCT,7,4,21,6,1200.0,0,0.0,3,14.3,9,939.26,0.4,,,
EMM_h4s7f75c0n17.txt,HLCT,7,4,21,6,1200.0,0,0.0,5,23.8,10,1035.55,0.4,,,
EMM_h4s7f75c0n18.txt,HLCT,7,4,21,6,1200.0,0,0.0,5,23.8,9,952.85,0.4,,,
EMM_h4s7f75c0n19.txt,HLCT,7,4,21,6,1200.0,0,0.0,5,23.8,10,1023.79,0.4,,,
EMM_h4s7f75c0n2.txt,HLCT,7,4,21,6,1200.0,0,0.0,5,23.8,10,1029.06,0.4,,,
EMM_h4s7f75c0n20.txt,HLCT,7,4,21,6,1200.0,0,0.0,4,19.0,11,1189.23,0.4,,,
EMM_h4s7f75c0n21.txt,HLCT,7,4,21,6,1200.0,0,0.0,5,23.8,9,974.02,0.4,,,
EMM_h4s7f75c0n22.txt,HLCT,7,4,21,6,1200.0,0,0.0,5,23.8,10,1026.43,0.4,,,
EMM_h4s7f75c0n23.txt,HLCT,7,4,21,6,1200.0,0,0.0,5,23.8,11,1141.46,0.4,,,
EMM_h4s7f75c0n24.txt,HLCT,7,4,21,6,1200.0,0,0.0,5,23.8,10,1136.46,0.4,,,
EMM_h4s7f75c0n25.txt,HLCT,7,4,21,6,1200.0,0,0.0,5,23.8,10,1143.34,0.4,,,
EMM_h4s7f75c0n3.txt,HLCT,7,4,21,6,1200.0,0,0.0,5,23.8,10,1031.17,0.4,,,
EMM_h4s7f75c0n4.txt,HLCT,7,4,21,6,1200.0,0,0.0,5,23.8,11,1191.27,0.4,,,
EMM_h4s7f75c0n5.txt,HLCT,7,4,21,6,1200.0,0,0.0,5,23.8,11,1184.73,0.4,,,
EMM_h4s7f75c0n6.txt,HLCT,7,4,21,6,1200.0,0,0.0,3,14.3,9,942.75,0.4,,,
EMM_h4s7f75c0n7.txt,HLCT,7,4,21,6,1200.0,0,0.0,4,19.0,11,1189.17,0.3,,,
EMM_h4s7f75c0n8.txt,HLCT,7,4,21,6,1200.0,0,0.0,5,23.8,10,1048.74,0.4,,,
EMM_h4s7f75c0n9.txt,HLCT,7,4,21,6,1200.0,0,0.0,5,23.8,9,983.37,0.4,,,
EMM_h4s7f75c1n1.txt,HLCT,7,4,21,6,1200.0,1,4.8,16,76.2,10,1085.77,0.4,,,
EMM_h4s7f75c1n10.txt,HLCT,7,4,21,6,1200.0,0,0.0,21,100.0,11,1119.08,0.4,,,
EMM_h4s7f75c1n11.txt,HLCT,7,4,21,6,1200.0,2,9.5,21,100.0,11,1176.77,0.3,,,
EMM_h4s7f75c1n12.txt,HLCT,7,4,21,6,1200.0,3,14.3,21,100.0,11,1109.84,0.4,,,
EMM_h4s7f75c1n13.txt,HLCT,7,4,21,6,1200.0,1,4.8,21,100.0,10,997.75,0.4,,,
EMM_h4s7f75c1n14.txt,HLCT,7,4,21,6,1200.0,1,4.8,11,52.4,10,1031.97,0.4,,,
EMM_h4s7f75c1n15.txt,HLCT,7,4,21,6,1200.0,2,9.5,7,33.3,10,1010.41,0.4,,,
EMM_h4s7f75c1n16.txt,HLCT,7,4,21,6,1200.0,1,4.8,21,100.0,10,1059.21,0.5,,,
EMM_h4s7f75c1n17.txt,HLCT,7,4,21,6,1200.0,4,19.0,10,47.6,11,1192.19,0.5,,,
EMM_h4s7f75c1n18.txt,HLCT,7,4,21,6,1200.0,1,4.8,13,61.9,12,1156.71,0.8,,,
EMM_h4s7f75c1n19.txt,HLCT,7,4,21,6,1200.0,0,0.0,14,66.7,11,1123.14,0.7,,,
EMM_h4s7f75c1n2.txt,HLCT,7,4,21,6,1200.0,2,9.5,21,100.0,8,863.67,0.6,,,
EMM_h4s7f75c1n20.txt,HLCT,7,4,21,6,1200.0,3,14.3,10,47.6,11,1158.31,0.6,,,
EMM_h4s7f75c1n21.txt,HLCT,7,4,21,6,1200.0,2,9.5,11,52.4,11,1163.68,0.6,,,
EMM_h4s7f75c1n22.txt,HLCT,7,4,21,6,1200.0,1,4.8,21,100.0,11,1164.39,0.4,,,
EMM_h4s7f75c1n23.txt,HLCT,7,4,21,6,1200.0,1,4.8,10,47.6,11,1155.32,0.4,,,
EMM_h4s7f75c1n24.txt,HLCT,7,4,21,6,1200.0,3,14.3,11,52.4,11,1127.00,0.4,,,
EMM_h4s7f75c1n25.txt,HLCT,7,4,21,6,1200.0,2,9.5,14,66.7,10,1029.95,0.4,,,
EMM_h4s7f75c1n3.txt,HLCT,7,4,21,6,1200.0,0,0.0,14,66.7,10,980.71,0.4,,,
EMM_h4s7f75c1n4.txt,HLCT,7,4,21,6,1200.0,2,9.5,11,52.4,12,1198.92,0.4,,,
EMM_h4s7f75c1n5.txt,HLCT,7,4,21,6,1200.0,2,9.5,21,100.0,11,1104.63,0.4,,,
EMM_h4s7f75c1n6.txt,HLCT,7,4,21,6,1200.0,1,4.8,14,66.7,11,1150.01,0.4,,,
EMM_h4s7f75c1n7.txt,HLCT,7,4,21,6,1200.0,3,14.3,21,100.0,11,1132.30,0.4,,,
EMM_h4s7f75c1n8.txt,HLCT,7,4,21,6,1200.0,2,9.5,21,100.0,10,1054.53,0.3,,,
EMM_h4s7f75c1n9.txt,HLCT,7,4,21,6,1200.0,3,14.3,11,52.4,9,913.13,0.5,,,
EMM_h4s7f75c2n1.txt,HLCT,7,4,21,6,1200.0,2,9.5,21,100.0,10,1028.61,0.3,,,
EMM_h4s7f75c2n10.txt,HLCT,7,4,21,6,1200.0,7,33.3,21,100.0,2,187.87,0.1,,,
EMM_h4s7f75c2n11.txt,HLCT,7,4,21,6,1200.0,2,9.5,21,100.0,11,1136.91,0.4,,,
EMM_h4s7f75c2n12.txt,HLCT,7,4,21,6,1200.0,7,33.3,21,100.0,5,545.53,0.1,,,
EMM_h4s7f75c2n13.txt,HLCT,7,4,21,6,1200.0,7,33.3,21,100.0,4,386.45,0.1,,,
EMM_h4s7f75c2n14.txt,HLCT,7,4,21,6,1200.0,3,14.3,21,100.0,10,1034.44,0.4,,,
EMM_h4s7f75c2n15.txt,HLCT,7,4,21,6,1200.0,7,33.3,21,100.0,8,813.30,0.3,,,
EMM_h4s7f75c2n16.txt,HLCT,7,4,21,6,1200.0,14,66.7,21,100.0,5,518.87,0.1,,,
EMM_h4s7f75c2n17.txt,HLCT,7,4,21,6,1200.0,2,9.5,21,100.0,9,908.75,0.3,,,
EMM_h4s7f75c2n18.txt,HLCT,7,4,21,6,1200.0,3,14.3,21,100.0,4,368.82,0.1,,,
EMM_h4s7f75c2n19.txt,HLCT,7,4,21,6,1200.0,11,52.4,21,100.0,3,331.96,0.1,,,
EMM_h4s7f75c2n2.txt,HLCT,7,4,21,6,1200.0,1,4.8,21,100.0,8,812.87,0.3,,,
EMM_h4s7f75c2n20.txt,HLCT,7,4,21,6,1200.0,2,9.5,21,100.0,9,962.67,0.3,,,
EMM_h4s7f75c2n21.txt,HLCT,7,4,21,6,1200.0,1,4.8,21,100.0,5,494.90,0.2,,,
EMM_h4s7f75c2n22.txt,HLCT,7,4,21,6,1200.0,3,14.3,21,100.0,9,917.36,0.3,,,
EMM_h4s7f75c2n23.txt,HLCT,7,4,21,6,1200.0,2,9.5,21,100.0,6,630.04,0.2,,,
EMM_h4s7f75c2n24.txt,HLCT,7,4,21,6,1200.0,2,9.5,21,100.0,8,840.22,0.2,,,
EMM_h4s7f75c2n25.txt,HLCT,7,4,21,6,1200.0,2,9.5,21,100.0,7,688.59,0.2,,,
EMM_h4s7f75c2n3.txt,HLCT,7,4,21,6,1200.0,6,28.6,21,100.0,7,699.02,0.2,,,
EMM_h4s7f75c2n4.txt,HLCT,7,4,21,6,1200.0,2,9.5,21,100.0,8,823.50,0.3,,,
EMM_h4s7f75c2n5.txt,HLCT,7,4,21,6,1200.0,3,14.3,21,100.0,7,663.10,0.2,,,
EMM_h4s7f75c2n6.txt,HLCT,7,4,21,6,1200.0,7,33.3,21,100.0,5,489.14,0.1,,,
EMM_h4s7f75c2n7.txt,HLCT,7,4,21,6,1200.0,2,9.5,21,100.0,11,1101.87,0.4,,,
EMM_h4s7f75c2n8.txt,HLCT,7,4,21,6,1200.0,7,33.3,21,100.0,1,101.56,0.0,,,
EMM_h4s7f75c2n9.txt,HLCT,7,4,21,6,1200.0,3,14.3,21,100.0,8,817.35,0.3,,,
ZJY_h4s6n1.txt,HLCT,6,4,17,10,600.0,1,5.9,7,41.2,5,524.69,0.2,,,
ZJY_h4s6n10.txt,HLCT,6,4,17,10,600.0,0,0.0,4,23.5,4,375.90,0.2,,,
ZJY_h4s6n11.txt,HLCT,6,4,17,9,600.0,0,0.0,4,23.5,5,458.71,0.3,,,
ZJY_h4s6n12.txt,HLCT,6,4,17,10,600.0,1,5.9,10,58.8,5,544.42,0.2,,,
ZJY_h4s6n13.txt,HLCT,6,4,17,10,600.0,0,0.0,7,41.2,5,541.48,0.2,,,
ZJY_h4s6n14.txt,HLCT,6,4,17,10,600.0,1,5.9,4,23.5,5,487.34,0.2,,,
ZJY_h4s6n15.txt,HLCT,6,4,17,10,600.0,1,5.9,7,41.2,4,411.77,0.2,,,
ZJY_h4s6n16.txt,HLCT,6,4,17,10,600.0,1,5.9,8,47.1,5,519.90,0.2,,,
ZJY_h4s6n17.txt,HLCT,6,4,17,10,600.0,1,5.9,10,58.8,6,582.10,0.2,,,
ZJY_h4s6n18.txt,HLCT,6,4,17,10,600.0,1,5.9,6,35.3,4,440.43,0.2,,,
ZJY_h4s6n19.txt,HLCT,6,4,17,10,600.0,1,5.9,6,35.3,4,395.33,0.2,,,
ZJY_h4s6n2.txt,HLCT,6,4,17,10,600.0,3,17.6,8,47.1,5,582.61,0.2,,,
ZJY_h4s6n20.txt,HLCT,6,4,17,10,600.0,1,5.9,8,47.1,4,412.09,0.2,,,
ZJY_h4s6n3.txt,HLCT,6,4,17,10,600.0,1,5.9,5,29.4,5,504.15,0.2,,,
ZJY_h4s6n4.txt,HLCT,6,4,17,10,600.0,0,0.0,2,11.8,4,399.23,0.2,,,
ZJY_h4s6n5.txt,HLCT,6,4,17,10,600.0,1,5.9,8,47.1,5,525.02,0.2,,,
ZJY_h4s6n6.txt,HLCT,6,4,17,10,600.0,3,17.6,5,29.4,5,491.93,0.2,,,
ZJY_h4s6n7.txt,HLCT,6,4,17,10,600.0,2,11.8,4,23.5,5,498.28,0.2,,,
ZJY_h4s6n8.txt,HLCT,6,4,17,10,600.0,0,0.0,2,11.8,4,400.88,0.2,,,
ZJY_h4s6n9.txt,HLCT,6,4,17,10,600.0,1,5.9,7,41.2,5,499.47,0.2,,,
ZJY_h4s7n1.txt,HLCT,7,4,20,10,600.0,1,5.0,5,25.0,5,486.52,0.2,,,
ZJY_h4s7n10.txt,HLCT,7,4,20,9,600.0,1,5.0,4,20.0,5,490.56,0.3,,,
ZJY_h4s7n11.txt,HLCT,7,4,20,10,600.0,1,5.0,4,20.0,5,503.05,0.2,,,
ZJY_h4s7n12.txt,HLCT,7,4,20,10,600.0,0,0.0,7,35.0,4,390.61,0.2,,,
ZJY_h4s7n13.txt,HLCT,7,4,20,10,600.0,1,5.0,5,25.0,5,476.94,0.3,,,
ZJY_h4s7n14.txt,HLCT,7,4,20,10,600.0,0,0.0,6,30.0,5,472.55,0.3,,,
ZJY_h4s7n15.txt,HLCT,7,4,20,9,600.0,1,5.0,4,20.0,5,526.73,0.2,,,
ZJY_h4s7n16.txt,HLCT,7,4,20,10,600.0,1,5.0,5,25.0,4,413.60,0.2,,,
ZJY_h4s7n17.txt,HLCT,7,4,20,10,600.0,1,5.0,7,35.0,4,391.98,0.2,,,
ZJY_h4s7n18.txt,HLCT,7,4,20,10,600.0,0,0.0,11,55.0,5,499.49,0.3,,,
ZJY_h4s7n19.txt,HLCT,7,4,20,10,600.0,0,0.0,5,25.0,4,389.53,0.2,,,
ZJY_h4s7n2.txt,HLCT,7,4,20,10,600.0,1,5.0,12,60.0,5,526.81,0.2,,,
ZJY_h4s7n20.txt,HLCT,7,4,20,10,600.0,0,0.0,5,25.0,5,493.45,0.2,,,
ZJY_h4s7n3.txt,HLCT,7,4,20,10,600.0,2,10.0,7,35.0,5,480.35,0.2,,,
ZJY_h4s7n4.txt,HLCT,7,4,20,10,600.0,1,5.0,5,25.0,5,510.47,0.2,,,
ZJY_h4s7n5.txt,HLCT,7,4,20,9,600.0,3,15.0,6,30.0,4,389.78,0.2,,,
ZJY_h4s7n6.txt,HLCT,7,4,20,10,600.0,3,15.0,7,35.0,4,410.32,0.2,,,
ZJY_h4s7n7.txt,HLCT,7,4,20,10,600.0,0,0.0,5,25.0,4,408.46,0.2,,,
ZJY_h4s7n8.txt,HLCT,7,4,20,10,600.0,0,0.0,4,20.0,5,493.00,0.3,,,
ZJY_h4s7n9.txt,HLCT,7,4,20,10,600.0,0,0.0,7,35.0,5,490.67,0.2,,,
ZJY_h4s8n1.txt,HLCT,8,4,22,10,600.0,9,40.9,22,100.0,2,194.70,0.1,,,
ZJY_h4s8n10.txt,HLCT,8,4,22,10,600.0,0,0.0,9,40.9,4,421.50,0.2,,,
ZJY_h4s8n11.txt,HLCT,8,4,22,10,600.0,2,9.1,5,22.7,5,518.41,0.2,,,
ZJY_h4s8n12.txt,HLCT,8,4,22,10,600.0,0,0.0,13,59.1,6,598.62,0.3,,,
ZJY_h4s8n13.txt,HLCT,8,4,22,10,600.0,1,4.5,7,31.8,5,509.01,0.3,,,
ZJY_h4s8n14.txt,HLCT,8,4,22,10,600.0,0,0.0,22,100.0,5,513.87,0.2,,,
ZJY_h4s8n15.txt,HLCT,8,4,22,10,600.0,1,4.5,7,31.8,5,516.10,0.2,,,
ZJY_h4s8n16.txt,HLCT,8,4,22,10,600.0,0,0.0,6,27.3,4,396.05,0.2,,,
ZJY_h4s8n17.txt,HLCT,8,4,22,10,600.0,2,9.1,7,31.8,5,482.94,0.3,,,
ZJY_h4s8n18.txt,HLCT,8,4,22,10,600.0,2,9.1,5,22.7,5,524.74,0.2,,,
ZJY_h4s8n19.txt,HLCT,8,4,22,10,600.0,0,0.0,11,50.0,5,510.76,0.2,,,
ZJY_h4s8n2.txt,HLCT,8,4,22,10,600.0,1,4.5,8,36.4,6,594.23,0.3,,,
ZJY_h4s8n20.txt,HLCT,8,4,22,10,600.0,0,0.0,4,18.2,5,522.62,0.2,,,
ZJY_h4s8n3.txt,HLCT,8,4,22,10,600.0,2,9.1,12,54.5,5,532.56,0.2,,,
ZJY_h4s8n4.txt,HLCT,8,4,22,10,600.0,0,0.0,6,27.3,5,506.43,0.3,,,
ZJY_h4s8n5.txt,HLCT,8,4,22,10,600.0,0,0.0,7,31.8,6,540.40,0.2,,,
ZJY_h4s8n6.txt,HLCT,8,4,22,10,600.0,4,18.2,9,40.9,5,551.10,0.2,,,
ZJY_h4s8n7.txt,HLCT,8,4,22,10,600.0,5,22.7,16,72.7,5,521.96,0.2,,,
ZJY_h4s8n8.txt,HLCT,8,4,22,10,600.0,1,4.5,9,40.9,5,518.60,0.2,,,
ZJY_h4s8n9.txt,HLCT,8,4,22,10,600.0,1,4.5,10,45.5,5,479.42,0.3,,,
ZJY_h4s9n1.txt,HLCT,9,4,25,10,600.0,0,0.0,4,16.0,5,493.09,0.2,,,
ZJY_h4s9n10.txt,HLCT,9,4,25,10,600.0,0,0.0,9,36.0,5,515.99,0.2,,,
ZJY_h4s9n11.txt,HLCT,9,4,25,10,600.0,0,0.0,7,28.0,6,591.74,0.3,,,
ZJY_h4s9n12.txt,HLCT,9,4,25,10,600.0,0,0.0,5,20.0,5,495.29,0.3,,,
ZJY_h4s9n13.txt,HLCT,9,4,25,10,600.0,0,0.0,5,20.0,5,498.16,0.2,,,
ZJY_h4s9n14.txt,HLCT,9,4,25,10,600.0,3,12.0,9,36.0,5,486.77,0.3,,,
ZJY_h4s9n15.txt,HLCT,9,4,25,10,600.0,1,4.0,17,68.0,5,537.10,0.3,,,
ZJY_h4s9n16.txt,HLCT,9,4,25,9,600.0,2,8.0,13,52.0,5,499.33,0.3,,,
ZJY_h4s9n17.txt,HLCT,9,4,25,10,600.0,0,0.0,9,36.0,5,509.34,0.3,,,
ZJY_h4s9n18.txt,HLCT,9,4,25,10,600.0,0,0.0,8,32.0,5,519.81,0.3,,,
ZJY_h4s9n19.txt,HLCT,9,4,25,10,600.0,1,4.0,12,48.0,5,520.09,0.3,,,
ZJY_h4s9n2.txt,HLCT,9,4,25,10,600.0,6,24.0,22,88.0,5,512.04,0.2,,,
ZJY_h4s9n20.txt,HLCT,9,4,25,10,600.0,1,4.0,4,16.0,5,535.96,0.3,,,
ZJY_h4s9n3.txt,HLCT,9,4,25,9,600.0,6,24.0,12,48.0,4,418.64,0.2,,,
ZJY_h4s9n4.txt,HLCT,9,4,25,10,600.0,0,0.0,6,24.0,5,508.71,0.3,,,
ZJY_h4s9n5.txt,HLCT,9,4,25,10,600.0,3,12.0,14,56.0,5,521.36,0.3,,,
ZJY_h4s9n6.txt,HLCT,9,4,25,10,600.0,0,0.0,8,32.0,5,500.02,0.3,,,
ZJY_h4s9n7.txt,HLCT,9,4,25,10,600.0,0,0.0,7,28.0,5,498.68,0.4,,,
ZJY_h4s9n8.txt,HLCT,9,4,25,10,600.0,0,0.0,4,16.0,5,516.15,0.4,,,
ZJY_h4s9n9.txt,HLCT,9,4,25,10,600.0,4,16.0,16,64.0,5,517.34,0.5,,,
ZJY_h5s6n1.txt,HLCT,6,5,21,10,600.0,0,0.0,3,14.3,4,431.55,0.4,,,
ZJY_h5s6n10.txt,HLCT,6,5,21,10,600.0,0,0.0,4,19.0,4,395.26,0.4,,,
ZJY_h5s6n11.txt,HLCT,6,5,21,10,600.0,1,4.8,3,14.3,5,524.46,0.4,,,
ZJY_h5s6n12.txt,HLCT,6,5,21,10,600.0,0,0.0,4,19.0,4,428.20,0.4,,,
ZJY_h5s6n13.txt,HLCT,6,5,21,10,600.0,0,0.0,3,14.3,6,567.42,0.2,,,
ZJY_h5s6n14.txt,HLCT,6,5,21,10,600.0,0,0.0,5,23.8,5,572.00,0.3,,,
ZJY_h5s6n15.txt,HLCT,6,5,21,10,600.0,0,0.0,3,14.3,5,532.73,0.2,,,
ZJY_h5s6n16.txt,HLCT,6,5,21,10,600.0,0,0.0,2,9.5,5,524.16,0.2,,,
ZJY_h5s6n17.txt,HLCT,6,5,21,10,600.0,2,9.5,9,42.9,5,528.85,0.2,,,
ZJY_h5s6n18.txt,HLCT,6,5,21,10,600.0,1,4.8,4,19.0,4,424.26,0.3,,,
ZJY_h5s6n19.txt,HLCT,6,5,21,10,600.0,1,4.8,3,14.3,4,409.25,0.3,,,
ZJY_h5s6n2.txt,HLCT,6,5,21,10,600.0,1,4.8,4,19.0,5,515.05,0.3,,,
ZJY_h5s6n20.txt,HLCT,6,5,21,10,600.0,1,4.8,6,28.6,4,428.94,0.2,,,
ZJY_h5s6n3.txt,HLCT,6,5,21,10,600.0,1,4.8,4,19.0,5,543.63,0.2,,,
ZJY_h5s6n4.txt,HLCT,6,5,21,10,600.0,0,0.0,8,38.1,5,547.67,0.2,,,
ZJY_h5s6n5.txt,HLCT,6,5,21,10,600.0,0,0.0,2,9.5,4,410.54,0.2,,,
ZJY_h5s6n6.txt,HLCT,6,5,21,10,600.0,0,0.0,3,14.3,4,410.09,0.2,,,
ZJY_h5s6n7.txt,HLCT,6,5,21,10,600.0,1,4.8,2,9.5,5,532.30,0.2,,,
ZJY_h5s6n8.txt,HLCT,6,5,21,10,600.0,2,9.5,3,14.3,5,500.15,0.2,,,
ZJY_h5s6n9.txt,HLCT,6,5,21,10,600.0,0,0.0,9,42.9,5,523.74,0.2,,,
ZJY_h4s6n1.txt,HLCT,6,4,17,10,900.0,1,5.9,8,47.1,8,807.93,0.6,,,
ZJY_h4s6n10.txt,HLCT,6,4,17,10,900.0,0,0.0,11,64.7,7,729.81,0.6,,,
ZJY_h4s6n11.txt,HLCT,6,4,17,9,900.0,0,0.0,5,29.4,8,808.35,0.5,,,
ZJY_h4s6n12.txt,HLCT,6,4,17,10,900.0,1,5.9,17,100.0,8,846.05,0.6,,,
ZJY_h4s6n13.txt,HLCT,6,4,17,10,900.0,0,0.0,8,47.1,8,793.30,0.5,,,
ZJY_h4s6n14.txt,HLCT,6,4,17,10,900.0,1,5.9,7,41.2,8,839.73,0.6,,,
ZJY_h4s6n15.txt,HLCT,6,4,17,10,900.0,1,5.9,8,47.1,8,815.42,0.6,,,
ZJY_h4s6n16.txt,HLCT,6,4,17,10,900.0,1,5.9,10,58.8,8,840.27,0.4,,,
ZJY_h4s6n17.txt,HLCT,6,4,17,10,900.0,1,5.9,11,64.7,8,785.37,0.3,,,
ZJY_h4s6n18.txt,HLCT,6,4,17,10,900.0,1,5.9,8,47.1,8,782.58,0.4,,,
ZJY_h4s6n19.txt,HLCT,6,4,17,10,900.0,1,5.9,17,100.0,8,842.54,0.3,,,
ZJY_h4s6n2.txt,HLCT,6,4,17,10,900.0,3,17.6,9,52.9,8,839.47,0.3,,,
ZJY_h4s6n20.txt,HLCT,6,4,17,10,900.0,1,5.9,9,52.9,8,823.14,0.3,,,
ZJY_h4s6n3.txt,HLCT,6,4,17,10,900.0,1,5.9,7,41.2,8,846.17,0.3,,,
ZJY_h4s6n4.txt,HLCT,6,4,17,10,900.0,0,0.0,6,35.3,7,750.22,0.3,,,
ZJY_h4s6n5.txt,HLCT,6,4,17,10,900.0,1,5.9,13,76.5,9,880.24,0.4,,,
ZJY_h4s6n6.txt,HLCT,6,4,17,10,900.0,3,17.6,14,82.4,8,810.51,0.3,,,
ZJY_h4s6n7.txt,HLCT,6,4,17,10,900.0,2,11.8,7,41.2,8,789.90,0.3,,,
ZJY_h4s6n8.txt,HLCT,6,4,17,10,900.0,0,0.0,4,23.5,8,841.13,0.3,,,
ZJY_h4s6n9.txt,HLCT,6,4,17,10,900.0,1,5.9,17,100.0,8,847.53,0.3,,,
ZJY_h4s7n1.txt,HLCT,7,4,20,10,900.0,1,5.0,14,70.0,8,891.81,0.4,,,
ZJY_h4s7n10.txt,HLCT,7,4,20,9,900.0,1,5.0,7,35.0,8,861.61,0.3,,,
ZJY_h4s7n11.txt,HLCT,7,4,20,10,900.0,1,5.0,7,35.0,7,731.87,0.4,,,
ZJY_h4s7n12.txt,HLCT,7,4,20,10,900.0,0,0.0,16,80.0,7,734.26,0.3,,,
ZJY_h4s7n13.txt,HLCT,7,4,20,10,900.0,1,5.0,14,70.0,8,869.32,0.4,,,
ZJY_h4s7n14.txt,HLCT,7,4,20,10,900.0,0,0.0,12,60.0,8,853.04,0.4,,,
ZJY_h4s7n15.txt,HLCT,7,4,20,9,900.0,1,5.0,5,25.0,8,855.90,0.4,,,
ZJY_h4s7n16.txt,HLCT,7,4,20,10,900.0,1,5.0,7,35.0,7,740.43,0.4,,,
ZJY_h4s7n17.txt,HLCT,7,4,20,10,900.0,1,5.0,8,40.0,7,761.16,0.3,,,
ZJY_h4s7n18.txt,HLCT,7,4,20,10,900.0,0,0.0,12,60.0,7,735.62,0.4,,,
ZJY_h4s7n19.txt,HLCT,7,4,20,10,900.0,0,0.0,7,35.0,7,758.86,0.4,,,
ZJY_h4s7n2.txt,HLCT,7,4,20,10,900.0,1,5.0,20,100.0,8,880.63,0.4,,,
ZJY_h4s7n20.txt,HLCT,7,4,20,10,900.0,0,0.0,9,45.0,8,824.22,0.4,,,
ZJY_h4s7n3.txt,HLCT,7,4,20,10,900.0,2,10.0,8,40.0,8,802.10,0.4,,,
ZJY_h4s7n4.txt,HLCT,7,4,20,10,900.0,1,5.0,8,40.0,8,858.87,0.4,,,
ZJY_h4s7n5.txt,HLCT,7,4,20,9,900.0,3,15.0,9,45.0,8,820.32,0.4,,,
ZJY_h4s7n6.txt,HLCT,7,4,20,10,900.0,3,15.0,9,45.0,8,845.98,0.4,,,
ZJY_h4s7n7.txt,HLCT,7,4,20,10,900.0,0,0.0,8,40.0,8,834.37,0.4,,,
ZJY_h4s7n8.txt,HLCT,7,4,20,10,900.0,0,0.0,7,35.0,8,886.50,0.4,,,
ZJY_h4s7n9.txt,HLCT,7,4,20,10,900.0,0,0.0,12,60.0,7,721.52,0.4,,,
ZJY_h4s8n1.txt,HLCT,8,4,22,10,900.0,9,40.9,22,100.0,2,194.70,0.1,,,
ZJY_h4s8n10.txt,HLCT,8,4,22,10,900.0,0,0.0,13,59.1,8,870.30,0.4,,,
ZJY_h4s8n11.txt,HLCT,8,4,22,10,900.0,2,9.1,9,40.9,8,894.84,0.4,,,
ZJY_h4s8n12.txt,HLCT,8,4,22,10,900.0,0,0.0,18,81.8,9,890.04,0.5,,,
ZJY_h4s8n13.txt,HLCT,8,4,22,10,900.0,1,4.5,8,36.4,8,857.97,0.4,,,
ZJY_h4s8n14.txt,HLCT,8,4,22,10,900.0,0,0.0,22,100.0,5,513.87,0.3,,,
ZJY_h4s8n15.txt,HLCT,8,4,22,10,900.0,1,4.5,11,50.0,8,870.81,0.4,,,
ZJY_h4s8n16.txt,HLCT,8,4,22,10,900.0,0,0.0,10,45.5,7,743.10,0.4,,,
ZJY_h4s8n17.txt,HLCT,8,4,22,10,900.0,2,9.1,9,40.9,7,733.62,0.4,,,
ZJY_h4s8n18.txt,HLCT,8,4,22,10,900.0,2,9.1,6,27.3,8,854.43,0.4,,,
ZJY_h4s8n19.txt,HLCT,8,4,22,10,900.0,0,0.0,14,63.6,8,869.45,0.4,,,
ZJY_h4s8n2.txt,HLCT,8,4,22,10,900.0,1,4.5,9,40.9,7,739.31,0.4,,,
ZJY_h4s8n20.txt,HLCT,8,4,22,10,900.0,0,0.0,10,45.5,7,775.34,0.4,,,
ZJY_h4s8n3.txt,HLCT,8,4,22,10,900.0,2,9.1,13,59.1,8,844.19,0.4,,,
ZJY_h4s8n4.txt,HLCT,8,4,22,10,900.0,0,0.0,7,31.8,8,889.41,0.4,,,
ZJY_h4s8n5.txt,HLCT,8,4,22,10,900.0,0,0.0,12,54.5,8,880.54,0.4,,,
ZJY_h4s8n6.txt,HLCT,8,4,22,10,900.0,4,18.2,22,100.0,7,813.28,0.4,,,
ZJY_h4s8n7.txt,HLCT,8,4,22,10,900.0,5,22.7,22,100.0,6,651.40,0.3,,,
ZJY_h4s8n8.txt,HLCT,8,4,22,10,900.0,1,4.5,11,50.0,8,835.12,0.4,,,
ZJY_h4s8n9.txt,HLCT,8,4,22,10,900.0,1,4.5,12,54.5,8,871.52,0.4,,,
ZJY_h4s9n1.txt,HLCT,9,4,25,10,900.0,0,0.0,8,32.0,8,896.52,0.4,,,
ZJY_h4s9n10.txt,HLCT,9,4,25,10,900.0,0,0.0,10,40.0,8,841.57,0.4,,,
ZJY_h4s9n11.txt,HLCT,9,4,25,10,900.0,0,0.0,8,32.0,8,789.87,0.4,,,
ZJY_h4s9n12.txt,HLCT,9,4,25,10,900.0,0,0.0,8,32.0,8,886.57,0.4,,,
ZJY_h4s9n13.txt,HLCT,9,4,25,10,900.0,0,0.0,9,36.0,7,704.27,0.4,,,
ZJY_h4s9n14.txt,HLCT,9,4,25,10,900.0,3,12.0,16,64.0,8,844.30,0.5,,,
ZJY_h4s9n15.txt,HLCT,9,4,25,10,900.0,1,4.0,25,100.0,7,753.87,0.4,,,
ZJY_h4s9n16.txt,HLCT,9,4,25,9,900.0,2,8.0,15,60.0,8,845.91,0.5,,,
ZJY_h4s9n17.txt,HLCT,9,4,25,10,900.0,0,0.0,11,44.0,8,853.50,0.5,,,
ZJY_h4s9n18.txt,HLCT,9,4,25,10,900.0,0,0.0,11,44.0,7,746.50,0.5,,,
ZJY_h4s9n19.txt,HLCT,9,4,25,10,900.0,1,4.0,15,60.0,8,859.76,0.5,,,
ZJY_h4s9n2.txt,HLCT,9,4,25,10,900.0,6,24.0,25,100.0,7,775.53,0.4,,,
ZJY_h4s9n20.txt,HLCT,9,4,25,10,900.0,1,4.0,6,24.0,8,870.24,0.4,,,
ZJY_h4s9n3.txt,HLCT,9,4,25,9,900.0,6,24.0,15,60.0,8,883.86,0.4,,,
ZJY_h4s9n4.txt,HLCT,9,4,25,10,900.0,0,0.0,8,32.0,8,875.84,0.5,,,
ZJY_h4s9n5.txt,HLCT,9,4,25,10,900.0,3,12.0,17,68.0,8,875.69,0.4,,,
ZJY_h4s9n6.txt,HLCT,9,4,25,10,900.0,0,0.0,9,36.0,8,838.06,0.6,,,
ZJY_h4s9n7.txt,HLCT,9,4,25,10,900.0,0,0.0,8,32.0,8,852.90,0.7,,,
ZJY_h4s9n8.txt,HLCT,9,4,25,10,900.0,0,0.0,7,28.0,8,864.40,0.8,,,
ZJY_h4s9n9.txt,HLCT,9,4,25,10,900.0,4,16.0,19,76.0,8,880.80,0.8,,,
ZJY_h5s6n1.txt,HLCT,6,5,21,10,900.0,0,0.0,3,14.3,7,706.01,0.6,,,
ZJY_h5s6n10.txt,HLCT,6,5,21,10,900.0,0,0.0,8,38.1,8,842.26,0.6,,,
ZJY_h5s6n11.txt,HLCT,6,5,21,10,900.0,1,4.8,10,47.6,6,651.48,0.6,,,
ZJY_h5s6n12.txt,HLCT,6,5,21,10,900.0,0,0.0,9,42.9,7,822.42,0.5,,,
ZJY_h5s6n13.txt,HLCT,6,5,21,10,900.0,0,0.0,4,19.0,8,840.72,0.3,,,
ZJY_h5s6n14.txt,HLCT,6,5,21,10,900.0,0,0.0,5,23.8,7,818.00,0.4,,,
ZJY_h5s6n15.txt,HLCT,6,5,21,10,900.0,0,0.0,3,14.3,6,643.58,0.3,,,
ZJY_h5s6n16.txt,HLCT,6,5,21,10,900.0,0,0.0,2,9.5,6,650.93,0.3,,,
ZJY_h5s6n17.txt,HLCT,6,5,21,10,900.0,2,9.5,12,57.1,8,860.85,0.4,,,
ZJY_h5s6n18.txt,HLCT,6,5,21,10,900.0,1,4.8,5,23.8,7,854.66,0.4,,,
ZJY_h5s6n19.txt,HLCT,6,5,21,10,900.0,1,4.8,4,19.0,7,831.04,0.4,,,
ZJY_h5s6n2.txt,HLCT,6,5,21,10,900.0,1,4.8,5,23.8,8,837.20,0.4,,,
ZJY_h5s6n20.txt,HLCT,6,5,21,10,900.0,1,4.8,8,38.1,7,806.03,0.4,,,
ZJY_h5s6n3.txt,HLCT,6,5,21,10,900.0,1,4.8,4,19.0,6,665.34,0.3,,,
ZJY_h5s6n4.txt,HLCT,6,5,21,10,900.0,0,0.0,9,42.9,6,717.70,0.3,,,
ZJY_h5s6n5.txt,HLCT,6,5,21,10,900.0,0,0.0,6,28.6,8,885.01,0.3,,,
ZJY_h5s6n6.txt,HLCT,6,5,21,10,900.0,0,0.0,3,14.3,7,792.27,0.3,,,
ZJY_h5s6n7.txt,HLCT,6,5,21,10,900.0,1,4.8,4,19.0,7,754.80,0.4,,,
ZJY_h5s6n8.txt,HLCT,6,5,21,10,900.0,2,9.5,4,19.0,7,806.45,0.3,,,
ZJY_h5s6n9.txt,HLCT,6,5,21,10,900.0,0,0.0,12,57.1,7,745.06,0.3,,,
ZJY_h4s6n1.txt,HLCT,6,4,17,10,1200.0,1,5.9,17,100.0,10,1068.53,0.9,,,
ZJY_h4s6n10.txt,HLCT,6,4,17,10,1200.0,0,0.0,17,100.0,9,1004.75,0.9,,,
ZJY_h4s6n11.txt,HLCT,6,4,17,9,1200.0,0,0.0,9,52.9,11,1186.39,0.7,,,
ZJY_h4s6n12.txt,HLCT,6,4,17,10,1200.0,1,5.9,17,100.0,8,846.05,0.8,,,
ZJY_h4s6n13.txt,HLCT,6,4,17,10,1200.0,0,0.0,17,100.0,10,1067.65,0.9,,,
ZJY_h4s6n14.txt,HLCT,6,4,17,10,1200.0,1,5.9,9,52.9,11,1133.76,0.9,,,
ZJY_h4s6n15.txt,HLCT,6,4,17,10,1200.0,1,5.9,9,52.9,11,1140.23,1.1,,,
ZJY_h4s6n16.txt,HLCT,6,4,17,10,1200.0,1,5.9,14,82.4,11,1106.03,0.6,,,
ZJY_h4s6n17.txt,HLCT,6,4,17,10,1200.0,1,5.9,13,76.5,11,1122.87,0.5,,,
ZJY_h4s6n18.txt,HLCT,6,4,17,10,1200.0,1,5.9,13,76.5,10,1081.26,0.6,,,
ZJY_h4s6n19.txt,HLCT,6,4,17,10,1200.0,1,5.9,17,100.0,8,842.54,0.4,,,
ZJY_h4s6n2.txt,HLCT,6,4,17,10,1200.0,3,17.6,17,100.0,11,1192.28,0.5,,,
ZJY_h4s6n20.txt,HLCT,6,4,17,10,1200.0,1,5.9,17,100.0,9,915.43,0.5,,,
ZJY_h4s6n3.txt,HLCT,6,4,17,10,1200.0,1,5.9,8,47.1,10,1030.73,0.5,,,
ZJY_h4s6n4.txt,HLCT,6,4,17,10,1200.0,0,0.0,7,41.2,10,1026.12,0.5,,,
ZJY_h4s6n5.txt,HLCT,6,4,17,10,1200.0,1,5.9,13,76.5,11,1097.55,0.5,,,
ZJY_h4s6n6.txt,HLCT,6,4,17,10,1200.0,3,17.6,14,82.4,10,1020.60,0.4,,,
ZJY_h4s6n7.txt,HLCT,6,4,17,10,1200.0,2,11.8,12,70.6,11,1175.15,0.5,,,
ZJY_h4s6n8.txt,HLCT,6,4,17,10,1200.0,0,0.0,7,41.2,11,1185.35,0.6,,,
ZJY_h4s6n9.txt,HLCT,6,4,17,10,1200.0,1,5.9,17,100.0,8,847.53,0.4,,,
ZJY_h4s7n1.txt,HLCT,7,4,20,10,1200.0,1,5.0,20,100.0,11,1179.05,0.6,,,
ZJY_h4s7n10.txt,HLCT,7,4,20,9,1200.0,1,5.0,7,35.0,10,1010.89,0.5,,,
ZJY_h4s7n11.txt,HLCT,7,4,20,10,1200.0,1,5.0,14,70.0,11,1117.38,0.6,,,
ZJY_h4s7n12.txt,HLCT,7,4,20,10,1200.0,0,0.0,20,100.0,11,1153.65,0.5,,,
ZJY_h4s7n13.txt,HLCT,7,4,20,10,1200.0,1,5.0,16,80.0,10,1095.43,0.7,,,
ZJY_h4s7n14.txt,HLCT,7,4,20,10,1200.0,0,0.0,16,80.0,10,1047.06,0.6,,,
ZJY_h4s7n15.txt,HLCT,7,4,20,9,1200.0,1,5.0,11,55.0,11,1183.12,0.6,,,
ZJY_h4s7n16.txt,HLCT,7,4,20,10,1200.0,1,5.0,15,75.0,9,998.48,0.6,,,
ZJY_h4s7n17.txt,HLCT,7,4,20,10,1200.0,1,5.0,17,85.0,11,1185.50,0.5,,,
ZJY_h4s7n18.txt,HLCT,7,4,20,10,1200.0,0,0.0,20,100.0,10,1035.02,0.6,,,
ZJY_h4s7n19.txt,HLCT,7,4,20,10,1200.0,0,0.0,14,70.0,10,1080.82,0.6,,,
ZJY_h4s7n2.txt,HLCT,7,4,20,10,1200.0,1,5.0,20,100.0,8,880.63,0.5,,,
ZJY_h4s7n20.txt,HLCT,7,4,20,10,1200.0,0,0.0,15,75.0,10,1085.42,0.5,,,
ZJY_h4s7n3.txt,HLCT,7,4,20,10,1200.0,2,10.0,12,60.0,11,1139.36,0.6,,,
ZJY_h4s7n4.txt,HLCT,7,4,20,10,1200.0,1,5.0,8,40.0,10,1113.91,0.6,,,
ZJY_h4s7n5.txt,HLCT,7,4,20,9,1200.0,3,15.0,10,50.0,10,1065.23,0.6,,,
ZJY_h4s7n6.txt,HLCT,7,4,20,10,1200.0,3,15.0,12,60.0,11,1161.11,0.5,,,
ZJY_h4s7n7.txt,HLCT,7,4,20,10,1200.0,0,0.0,13,65.0,11,1151.78,0.6,,,
ZJY_h4s7n8.txt,HLCT,7,4,20,10,1200.0,0,0.0,7,35.0,9,983.88,0.6,,,
ZJY_h4s7n9.txt,HLCT,7,4,20,10,1200.0,0,0.0,13,65.0,11,1149.01,0.6,,,
ZJY_h4s8n1.txt,HLCT,8,4,22,10,1200.0,9,40.9,22,100.0,2,194.70,0.1,,,
ZJY_h4s8n10.txt,HLCT,8,4,22,10,1200.0,0,0.0,14,63.6,9,955.47,0.6,,,
ZJY_h4s8n11.txt,HLCT,8,4,22,10,1200.0,2,9.1,11,50.0,11,1192.16,0.5,,,
ZJY_h4s8n12.txt,HLCT,8,4,22,10,1200.0,0,0.0,18,81.8,11,1105.77,0.7,,,
ZJY_h4s8n13.txt,HLCT,8,4,22,10,1200.0,1,4.5,10,45.5,9,1005.30,0.6,,,
ZJY_h4s8n14.txt,HLCT,8,4,22,10,1200.0,0,0.0,22,100.0,5,513.87,0.3,,,
ZJY_h4s8n15.txt,HLCT,8,4,22,10,1200.0,1,4.5,22,100.0,11,1199.74,0.6,,,
ZJY_h4s8n16.txt,HLCT,8,4,22,10,1200.0,0,0.0,10,45.5,9,1005.19,0.6,,,
ZJY_h4s8n17.txt,HLCT,8,4,22,10,1200.0,2,9.1,14,63.6,9,1002.01,0.7,,,
ZJY_h4s8n18.txt,HLCT,8,4,22,10,1200.0,2,9.1,12,54.5,9,994.27,0.6,,,
ZJY_h4s8n19.txt,HLCT,8,4,22,10,1200.0,0,0.0,22,100.0,9,976.74,0.6,,,
ZJY_h4s8n2.txt,HLCT,8,4,22,10,1200.0,1,4.5,17,77.3,11,1173.92,0.6,,,
ZJY_h4s8n20.txt,HLCT,8,4,22,10,1200.0,0,0.0,14,63.6,9,983.25,0.6,,,
ZJY_h4s8n3.txt,HLCT,8,4,22,10,1200.0,2,9.1,14,63.6,9,968.61,0.6,,,
ZJY_h4s8n4.txt,HLCT,8,4,22,10,1200.0,0,0.0,7,31.8,10,1023.35,0.6,,,
ZJY_h4s8n5.txt,HLCT,8,4,22,10,1200.0,0,0.0,12,54.5,9,976.23,0.5,,,
ZJY_h4s8n6.txt,HLCT,8,4,22,10,1200.0,4,18.2,22,100.0,7,813.28,0.5,,,
ZJY_h4s8n7.txt,HLCT,8,4,22,10,1200.0,5,22.7,22,100.0,6,651.40,0.3,,,
ZJY_h4s8n8.txt,HLCT,8,4,22,10,1200.0,1,4.5,12,54.5,10,1027.31,0.6,,,
ZJY_h4s8n9.txt,HLCT,8,4,22,10,1200.0,1,4.5,22,100.0,10,1129.39,0.6,,,
ZJY_h4s9n1.txt,HLCT,9,4,25,10,1200.0,0,0.0,8,32.0,9,983.32,0.7,,,
ZJY_h4s9n10.txt,HLCT,9,4,25,10,1200.0,0,0.0,16,64.0,9,965.03,0.7,,,
ZJY_h4s9n11.txt,HLCT,9,4,25,10,1200.0,0,0.0,9,36.0,11,1158.13,0.7,,,
ZJY_h4s9n12.txt,HLCT,9,4,25,10,1200.0,0,0.0,8,32.0,10,1083.44,0.6,,,
ZJY_h4s9n13.txt,HLCT,9,4,25,10,1200.0,0,0.0,12,48.0,10,1039.37,0.6,,,
ZJY_h4s9n14.txt,HLCT,9,4,25,10,1200.0,3,12.0,17,68.0,10,1113.52,0.8,,,
ZJY_h4s9n15.txt,HLCT,9,4,25,10,1200.0,1,4.0,25,100.0,7,753.87,0.5,,,
ZJY_h4s9n16.txt,HLCT,9,4,25,9,1200.0,2,8.0,22,88.0,11,1186.89,0.7,,,
ZJY_h4s9n17.txt,HLCT,9,4,25,10,1200.0,0,0.0,13,52.0,10,1051.78,0.7,,,
ZJY_h4s9n18.txt,HLCT,9,4,25,10,1200.0,0,0.0,18,72.0,10,1173.77,0.7,,,
ZJY_h4s9n19.txt,HLCT,9,4,25,10,1200.0,1,4.0,17,68.0,11,1137.32,0.8,,,
ZJY_h4s9n2.txt,HLCT,9,4,25,10,1200.0,6,24.0,25,100.0,7,775.53,0.4,,,
ZJY_h4s9n20.txt,HLCT,9,4,25,10,1200.0,1,4.0,7,28.0,10,1110.73,0.6,,,
ZJY_h4s9n3.txt,HLCT,9,4,25,9,1200.0,6,24.0,20,80.0,11,1170.16,0.6,,,
ZJY_h4s9n4.txt,HLCT,9,4,25,10,1200.0,0,0.0,8,32.0,10,1069.71,0.7,,,
ZJY_h4s9n5.txt,HLCT,9,4,25,10,1200.0,3,12.0,25,100.0,9,927.69,0.6,,,
ZJY_h4s9n6.txt,HLCT,9,4,25,10,1200.0,0,0.0,11,44.0,11,1158.47,0.7,,,
ZJY_h4s9n7.txt,HLCT,9,4,25,10,1200.0,0,0.0,9,36.0,10,1012.36,1.1,,,
ZJY_h4s9n8.txt,HLCT,9,4,25,10,1200.0,0,0.0,7,28.0,9,1028.76,1.1,,,
ZJY_h4s9n9.txt,HLCT,9,4,25,10,1200.0,4,16.0,25,100.0,10,1110.74,1.1,,,
ZJY_h5s6n1.txt,HLCT,6,5,21,10,1200.0,0,0.0,4,19.0,10,1109.63,0.9,,,
ZJY_h5s6n10.txt,HLCT,6,5,21,10,1200.0,0,0.0,8,38.1,10,1044.50,0.5,,,
ZJY_h5s6n11.txt,HLCT,6,5,21,10,1200.0,1,4.8,10,47.6,6,651.48,0.5,,,
ZJY_h5s6n12.txt,HLCT,6,5,21,10,1200.0,0,0.0,9,42.9,9,999.29,0.8,,,
ZJY_h5s6n13.txt,HLCT,6,5,21,10,1200.0,0,0.0,4,19.0,10,1064.96,0.5,,,
ZJY_h5s6n14.txt,HLCT,6,5,21,10,1200.0,0,0.0,6,28.6,10,1125.91,0.5,,,
ZJY_h5s6n15.txt,HLCT,6,5,21,10,1200.0,0,0.0,6,28.6,10,1143.01,0.7,,,
ZJY_h5s6n16.txt,HLCT,6,5,21,10,1200.0,0,0.0,5,23.8,10,1135.53,0.5,,,
ZJY_h5s6n17.txt,HLCT,6,5,21,10,1200.0,2,9.5,16,76.2,9,1010.14,0.5,,,
ZJY_h5s6n18.txt,HLCT,6,5,21,10,1200.0,1,4.8,7,33.3,9,1079.79,0.5,,,
ZJY_h5s6n19.txt,HLCT,6,5,21,10,1200.0,1,4.8,5,23.8,10,1098.48,0.5,,,
ZJY_h5s6n2.txt,HLCT,6,5,21,10,1200.0,1,4.8,5,23.8,9,925.42,0.5,,,
ZJY_h5s6n20.txt,HLCT,6,5,21,10,1200.0,1,4.8,9,42.9,9,1008.49,0.6,,,
ZJY_h5s6n3.txt,HLCT,6,5,21,10,1200.0,1,4.8,6,28.6,10,1104.94,0.5,,,
ZJY_h5s6n4.txt,HLCT,6,5,21,10,1200.0,0,0.0,13,61.9,10,1122.95,0.5,,,
ZJY_h5s6n5.txt,HLCT,6,5,21,10,1200.0,0,0.0,10,47.6,11,1182.16,0.4,,,
ZJY_h5s6n6.txt,HLCT,6,5,21,10,1200.0,0,0.0,6,28.6,9,959.74,0.5,,,
ZJY_h5s6n7.txt,HLCT,6,5,21,10,1200.0,1,4.8,6,28.6,10,1139.53,0.5,,,
ZJY_h5s6n8.txt,HLCT,6,5,21,10,1200.0,2,9.5,9,42.9,10,1177.91,0.5,,,
ZJY_h5s6n9.txt,HLCT,6,5,21,10,1200.0,0,0.0,12,57.1,7,745.06,0.5,,,
