instance,algorithm,s,h,c,p,tau,initial_acc,initial_acc_pct,acc,acc_pct,moves,crane_time,elapsed_ms,nodes,proved_optimal,stop_reason
BF_BF10_h8s16n1.txt,BBLCT,16,8,77,16,600.0,0,0.0,2,2.6,2,199.80,4832.7,52353,true,completed
BF_BF10_h8s16n10.txt,BBLCT,16,8,77,16,600.0,2,2.6,5,6.5,5,584.90,314.4,4139,true,completed
BF_BF10_h8s16n11.txt,BBLCT,16,8,77,16,600.0,2,2.6,3,3.9,3,288.18,1200.4,13411,true,completed
BF_BF10_h8s16n12.txt,BBLCT,16,8,77,16,600.0,1,1.3,4,5.2,3,301.27,64.9,635,true,completed
BF_BF10_h8s16n13.txt,BBLCT,16,8,77,16,600.0,1,1.3,3,3.9,5,594.03,2340.6,38683,true,completed
BF_BF10_h8s16n14.txt,BBLCT,16,8,77,16,600.0,1,1.3,4,5.2,6,586.17,64.8,602,true,completed
BF_BF10_h8s16n15.txt,BBLCT,16,8,77,16,600.0,2,2.6,3,3.9,1,117.99,398.2,3646,true,completed
BF_BF10_h8s16n16.txt,BBLCT,16,8,77,16,600.0,0,0.0,2,2.6,3,321.42,2000.6,18347,true,completed
BF_BF10_h8s16n17.txt,BBLCT,16,8,77,16,600.0,0,0.0,2,2.6,6,595.30,92.0,974,true,completed
BF_BF10_h8s16n18.txt,BBLCT,16,8,77,16,600.0,1,1.3,3,3.9,5,599.66,834.1,10318,true,completed
BF_BF10_h8s16n19.txt,BBLCT,16,8,77,16,600.0,0,0.0,2,2.6,6,599.98,84.8,784,true,completed
BF_BF10_h8s16n2.txt,BBLCT,16,8,77,16,600.0,2,2.6,3,3.9,2,190.58,267.2,2781,true,completed
BF_BF10_h8s16n20.txt,BBLCT,16,8,77,16,600.0,0,0.0,2,2.6,2,175.75,1941.1,21638,true,completed
BF_BF10_h8s16n3.txt,BBLCT,16,8,77,16,600.0,2,2.6,7,9.1,5,599.14,25.9,414,true,completed
BF_BF10_h8s16n4.txt,BBLCT,16,8,77,16,600.0,0,0.0,3,3.9,5,584.64,127.6,1043,true,completed
BF_BF10_h8s16n5.txt,BBLCT,16,8,77,16,600.0,1,1.3,3,3.9,5,597.72,1944.1,25527,true,completed
BF_BF10_h8s16n6.txt,BBLCT,16,8,77,16,600.0,1,1.3,4,5.2,6,598.84,404.4,4238,true,completed
BF_BF10_h8s16n7.txt,BBLCT,16,8,77,16,600.0,0,0.0,2,2.6,5,599.45,121066.2,1592717,true,completed
BF_BF10_h8s16n8.txt,BBLCT,16,8,77,16,600.0,1,1.3,2,2.6,5,591.46,22.9,282,true,completed
BF_BF10_h8s16n9.txt,BBLCT,16,8,77,16,600.0,2,2.6,4,5.2,5,589.79,232.7,1869,true,completed
BF_BF11_h8s16n1.txt,BBLCT,16,8,77,31,600.0,0,0.0,0,0.0,0,0.00,0.3,1,true,completed
BF_BF11_h8s16n10.txt,BBLCT,16,8,77,31,600.0,0,0.0,0,0.0,0,0.00,0.2,1,true,completed
BF_BF11_h8s16n11.txt,BBLCT,16,8,77,31,600.0,0,0.0,1,1.3,4,599.00,36.5,185,true,completed
BF_BF11_h8s16n12.txt,BBLCT,16,8,77,31,600.0,0,0.0,1,1.3,5,592.02,28.8,418,true,completed
BF_BF11_h8s16n13.txt,BBLCT,16,8,77,31,600.0,0,0.0,1,1.3,1,109.01,53.8,667,true,completed
BF_BF11_h8s16n14.txt,BBLCT,16,8,77,31,600.0,0,0.0,4,5.2,5,599.50,141.5,1311,true,completed
BF_BF11_h8s16n15.txt,BBLCT,16,8,77,31,600.0,1,1.3,1,1.3,0,0.00,0.2,1,true,completed
BF_BF11_h8s16n16.txt,BBLCT,16,8,77,31,600.0,0,0.0,1,1.3,4,557.33,43.8,478,true,completed
BF_BF11_h8s16n17.txt,BBLCT,16,8,77,31,600.0,2,2.6,2,2.6,0,0.00,0.2,1,true,completed
BF_BF11_h8s16n18.txt,BBLCT,16,8,77,31,600.0,0,0.0,3,3.9,5,597.28,3020.9,34866,true,completed
BF_BF11_h8s16n19.txt,BBLCT,16,8,77,31,600.0,0,0.0,2,2.6,5,595.95,61.6,857,true,completed
BF_BF11_h8s16n2.txt,BBLCT,16,8,77,31,600.0,1,1.3,2,2.6,4,566.77,77.6,445,true,completed
BF_BF11_h8s16n20.txt,BBLCT,16,8,77,31,600.0,1,1.3,4,5.2,4,517.56,130.2,1013,true,completed
BF_BF11_h8s16n3.txt,BBLCT,16,8,77,31,600.0,1,1.3,3,3.9,3,367.86,69.5,788,true,completed
BF_BF11_h8s16n4.txt,BBLCT,16,8,77,31,600.0,0,0.0,1,1.3,4,595.33,69.6,771,true,completed
BF_BF11_h8s16n5.txt,BBLCT,16,8,77,31,600.0,0,0.0,5,6.5,5,587.97,49.4,584,true,completed
BF_BF11_h8s16n6.txt,BBLCT,16,8,77,31,600.0,0,0.0,2,2.6,4,598.44,59.5,517,true,completed
BF_BF11_h8s16n7.txt,BBLCT,16,8,77,31,600.0,0,0.0,2,2.6,4,593.85,58.6,613,true,completed
BF_BF11_h8s16n8.txt,BBLCT,16,8,77,31,600.0,0,0.0,1,1.3,4,539.57,57.4,567,true,completed
BF_BF11_h8s16n9.txt,BBLCT,16,8,77,31,600.0,0,0.0,1,1.3,4,559.24,153.2,1588,true,completed
BF_BF12_h8s16n1.txt,BBLCT,16,8,77,31,600.0,0,0.0,1,1.3,5,598.28,690.5,7507,true,completed
BF_BF12_h8s16n10.txt,BBLCT,16,8,77,31,600.0,0,0.0,3,3.9,5,599.35,34176.4,569439,true,completed
BF_BF12_h8s16n11.txt,BBLCT,16,8,77,31,600.0,0,0.0,0,0.0,0,0.00,0.2,1,true,completed
BF_BF12_h8s16n12.txt,BBLCT,16,8,77,31,600.0,0,0.0,3,3.9,6,599.30,42.9,600,true,completed
BF_BF12_h8s16n13.txt,BBLCT,16,8,77,31,600.0,0,0.0,1,1.3,5,519.20,18.8,402,true,completed
BF_BF12_h8s16n14.txt,BBLCT,16,8,77,31,600.0,0,0.0,3,3.9,5,593.86,24.4,480,true,completed
BF_BF12_h8s16n15.txt,BBLCT,16,8,77,31,600.0,0,0.0,2,2.6,6,597.91,53.7,766,true,completed
BF_BF12_h8s16n16.txt,BBLCT,16,8,77,31,600.0,2,2.6,4,5.2,4,598.82,218.8,1726,true,completed
BF_BF12_h8s16n17.txt,BBLCT,16,8,77,31,600.0,0,0.0,1,1.3,1,88.54,26.9,529,true,completed
BF_BF12_h8s16n18.txt,BBLCT,16,8,77,31,600.0,1,1.3,3,3.9,5,599.48,128.4,2158,true,completed
BF_BF12_h8s16n19.txt,BBLCT,16,8,77,31,600.0,1,1.3,3,3.9,5,590.69,2014.5,21759,true,completed
BF_BF12_h8s16n2.txt,BBLCT,16,8,77,31,600.0,1,1.3,1,1.3,0,0.00,0.2,1,true,completed
BF_BF12_h8s16n20.txt,BBLCT,16,8,77,31,600.0,1,1.3,2,2.6,5,597.40,32.9,378,true,completed
BF_BF12_h8s16n3.txt,BBLCT,16,8,77,31,600.0,2,2.6,5,6.5,6,580.42,113.4,999,true,completed
BF_BF12_h8s16n4.txt,BBLCT,16,8,77,31,600.0,3,3.9,4,5.2,5,591.96,68.0,614,true,completed
BF_BF12_h8s16n5.txt,BBLCT,16,8,77,31,600.0,0,0.0,1,1.3,4,578.42,650.3,7396,true,completed
BF_BF12_h8s16n6.txt,BBLCT,16,8,77,31,600.0,1,1.3,5,6.5,5,586.07,106.1,1239,true,completed
BF_BF12_h8s16n7.txt,BBLCT,16,8,77,31,600.0,0,0.0,3,3.9,5,595.52,1014.9,12809,true,completed
BF_BF12_h8s16n8.txt,BBLCT,16,8,77,31,600.0,0,0.0,1,1.3,5,538.73,21.1,367,true,completed
BF_BF12_h8s16n9.txt,BBLCT,16,8,77,31,600.0,0,0.0,1,1.3,3,291.86,32.5,569,true,completed
BF_BF13_h8s16n1.txt,BBLCT,16,8,103,21,600.0,1,1.0,3,2.9,5,593.23,2980.1,24891,true,completed
BF_BF13_h8s16n10.txt,BBLCT,16,8,103,21,600.0,2,1.9,3,2.9,6,585.97,60.4,589,true,completed
BF_BF13_h8s16n11.txt,BBLCT,16,8,103,21,600.0,0,0.0,1,1.0,1,107.07,14312.4,108845,true,completed
BF_BF13_h8s16n12.txt,BBLCT,16,8,103,21,600.0,1,1.0,5,4.9,6,570.68,258.5,2409,true,completed
BF_BF13_h8s16n13.txt,BBLCT,16,8,103,21,600.0,0,0.0,2,1.9,5,581.19,1314.4,14488,true,completed
BF_BF13_h8s16n14.txt,BBLCT,16,8,103,21,600.0,0,0.0,2,1.9,6,535.99,105.6,1063,true,completed
BF_BF13_h8s16n15.txt,BBLCT,16,8,103,21,600.0,0,0.0,2,1.9,5,597.26,98.7,783,true,completed
BF_BF13_h8s16n16.txt,BBLCT,16,8,103,21,600.0,1,1.0,4,3.9,6,598.98,89.8,1063,true,completed
BF_BF13_h8s16n17.txt,BBLCT,16,8,103,21,600.0,0,0.0,3,2.9,5,592.34,316.1,2989,true,completed
BF_BF13_h8s16n18.txt,BBLCT,16,8,103,21,600.0,0,0.0,3,2.9,5,586.01,347.2,2762,true,completed
BF_BF13_h8s16n19.txt,BBLCT,16,8,103,21,600.0,1,1.0,2,1.9,5,595.35,341.2,3626,true,completed
BF_BF13_h8s16n2.txt,BBLCT,16,8,103,21,600.0,1,1.0,2,1.9,5,577.46,937.3,7785,true,completed
BF_BF13_h8s16n20.txt,BBLCT,16,8,103,21,600.0,0,0.0,3,2.9,5,597.98,738.9,15519,true,completed
BF_BF13_h8s16n3.txt,BBLCT,16,8,103,21,600.0,1,1.0,4,3.9,5,595.94,623.1,5066,true,completed
BF_BF13_h8s16n4.txt,BBLCT,16,8,103,21,600.0,2,1.9,3,2.9,2,194.37,356.9,2614,true,completed
BF_BF13_h8s16n5.txt,BBLCT,16,8,103,21,600.0,2,1.9,3,2.9,5,599.33,306.3,2406,true,completed
BF_BF13_h8s16n6.txt,BBLCT,16,8,103,21,600.0,1,1.0,4,3.9,6,596.83,2086.4,17439,true,completed
BF_BF13_h8s16n7.txt,BBLCT,16,8,103,21,600.0,0,0.0,2,1.9,4,465.12,90.9,1014,true,completed
BF_BF13_h8s16n8.txt,BBLCT,16,8,103,21,600.0,2,1.9,3,2.9,5,595.34,247.6,2509,true,completed
BF_BF13_h8s16n9.txt,BBLCT,16,8,103,21,600.0,0,0.0,4,3.9,5,588.07,50.6,518,true,completed
BF_BF14_h8s16n1.txt,BBLCT,16,8,103,21,600.0,2,1.9,7,6.8,3,304.09,89.3,740,true,completed
BF_BF14_h8s16n10.txt,BBLCT,16,8,103,21,600.0,1,1.0,3,2.9,5,596.67,153.5,1720,true,completed
BF_BF14_h8s16n11.txt,BBLCT,16,8,103,21,600.0,0,0.0,2,1.9,6,599.16,6862.0,230285,true,completed
BF_BF14_h8s16n12.txt,BBLCT,16,8,103,21,600.0,1,1.0,4,3.9,3,372.21,477.3,4083,true,completed
BF_BF14_h8s16n13.txt,BBLCT,16,8,103,21,600.0,0,0.0,2,1.9,6,598.24,315.9,3317,true,completed
BF_BF14_h8s16n14.txt,BBLCT,16,8,103,21,600.0,1,1.0,3,2.9,5,596.29,1997.8,26851,true,completed
BF_BF14_h8s16n15.txt,BBLCT,16,8,103,21,600.0,2,1.9,4,3.9,2,215.06,38.0,559,true,completed
BF_BF14_h8s16n16.txt,BBLCT,16,8,103,21,600.0,0,0.0,2,1.9,5,534.80,411.1,4100,true,completed
BF_BF14_h8s16n17.txt,BBLCT,16,8,103,21,600.0,1,1.0,4,3.9,6,592.79,34.3,505,true,completed
BF_BF14_h8s16n18.txt,BBLCT,16,8,103,21,600.0,0,0.0,2,1.9,5,590.80,145.9,1727,true,completed
BF_BF14_h8s16n19.txt,BBLCT,16,8,103,21,600.0,0,0.0,2,1.9,2,203.83,403.3,3593,true,completed
BF_BF14_h8s16n2.txt,BBLCT,16,8,103,21,600.0,1,1.0,2,1.9,3,303.51,2426.5,20167,true,completed
BF_BF14_h8s16n20.txt,BBLCT,16,8,103,21,600.0,0,0.0,2,1.9,3,336.37,15463.3,142025,true,completed
BF_BF14_h8s16n3.txt,BBLCT,16,8,103,21,600.0,0,0.0,4,3.9,5,599.94,91.0,985,true,completed
BF_BF14_h8s16n4.txt,BBLCT,16,8,103,21,600.0,2,1.9,4,3.9,6,590.82,963.3,10033,true,completed
BF_BF14_h8s16n5.txt,BBLCT,16,8,103,21,600.0,2,1.9,3,2.9,5,597.81,676.8,6224,true,completed
BF_BF14_h8s16n6.txt,BBLCT,16,8,103,21,600.0,0,0.0,3,2.9,5,593.83,4751.8,45065,true,completed
BF_BF14_h8s16n7.txt,BBLCT,16,8,103,21,600.0,1,1.0,2,1.9,3,357.02,195.5,2747,true,completed
BF_BF14_h8s16n8.txt,BBLCT,16,8,103,21,600.0,0,0.0,3,2.9,5,586.24,1258.7,16496,true,completed
BF_BF14_h8s16n9.txt,BBLCT,16,8,103,21,600.0,1,1.0,2,1.9,6,587.14,116.2,1173,true,completed
BF_BF15_h8s16n1.txt,BBLCT,16,8,103,42,600.0,0,0.0,2,1.9,4,589.78,1321.5,12186,true,completed
BF_BF15_h8s16n10.txt,BBLCT,16,8,103,42,600.0,0,0.0,1,1.0,1,133.88,19.5,370,true,completed
BF_BF15_h8s16n11.txt,BBLCT,16,8,103,42,600.0,0,0.0,2,1.9,6,593.59,194.7,1776,true,completed
BF_BF15_h8s16n12.txt,BBLCT,16,8,103,42,600.0,1,1.0,2,1.9,5,596.57,10.8,125,true,completed
BF_BF15_h8s16n13.txt,BBLCT,16,8,103,42,600.0,1,1.0,5,4.9,5,597.60,58.5,694,true,completed
BF_BF15_h8s16n14.txt,BBLCT,16,8,103,42,600.0,1,1.0,3,2.9,5,598.77,129.6,1613,true,completed
BF_BF15_h8s16n15.txt,BBLCT,16,8,103,42,600.0,0,0.0,1,1.0,5,576.38,33.0,561,true,completed
BF_BF15_h8s16n16.txt,BBLCT,16,8,103,42,600.0,0,0.0,2,1.9,5,599.08,180.4,2016,true,completed
BF_BF15_h8s16n17.txt,BBLCT,16,8,103,42,600.0,0,0.0,1,1.0,6,594.45,49.6,638,true,completed
BF_BF15_h8s16n18.txt,BBLCT,16,8,103,42,600.0,0,0.0,1,1.0,6,599.12,27.1,450,true,completed
BF_BF15_h8s16n19.txt,BBLCT,16,8,103,42,600.0,2,1.9,4,3.9,2,219.05,51.8,522,true,completed
BF_BF15_h8s16n2.txt,BBLCT,16,8,103,42,600.0,1,1.0,3,2.9,4,431.17,326.4,2198,true,completed
BF_BF15_h8s16n20.txt,BBLCT,16,8,103,42,600.0,1,1.0,4,3.9,6,596.47,131.0,1546,true,completed
BF_BF15_h8s16n3.txt,BBLCT,16,8,103,42,600.0,0,0.0,2,1.9,6,598.77,33.3,527,true,completed
BF_BF15_h8s16n4.txt,BBLCT,16,8,103,42,600.0,0,0.0,1,1.0,2,201.02,79.2,1162,true,completed
BF_BF15_h8s16n5.txt,BBLCT,16,8,103,42,600.0,0,0.0,2,1.9,5,563.02,162.9,1442,true,completed
BF_BF15_h8s16n6.txt,BBLCT,16,8,103,42,600.0,0,0.0,0,0.0,0,0.00,0.2,1,true,completed
BF_BF15_h8s16n7.txt,BBLCT,16,8,103,42,600.0,0,0.0,4,3.9,6,597.68,48.9,658,true,completed
BF_BF15_h8s16n8.txt,BBLCT,16,8,103,42,600.0,0,0.0,2,1.9,5,598.94,782.1,5948,true,completed
BF_BF15_h8s16n9.txt,BBLCT,16,8,103,42,600.0,1,1.0,4,3.9,3,416.53,57.1,589,true,completed
BF_BF16_h8s16n1.txt,BBLCT,16,8,103,42,600.0,0,0.0,3,2.9,6,593.81,55.9,660,true,completed
BF_BF16_h8s16n10.txt,BBLCT,16,8,103,42,600.0,0,0.0,1,1.0,5,564.88,589.2,5791,true,completed
BF_BF16_h8s16n11.txt,BBLCT,16,8,103,42,600.0,0,0.0,1,1.0,2,236.39,248.7,3067,true,completed
BF_BF16_h8s16n12.txt,BBLCT,16,8,103,42,600.0,0,0.0,2,1.9,5,580.69,383.1,3016,true,completed
BF_BF16_h8s16n13.txt,BBLCT,16,8,103,42,600.0,1,1.0,4,3.9,6,598.28,149.0,1319,true,completed
BF_BF16_h8s16n14.txt,BBLCT,16,8,103,42,600.0,0,0.0,2,1.9,6,592.87,40.1,553,true,completed
BF_BF16_h8s16n15.txt,BBLCT,16,8,103,42,600.0,0,0.0,1,1.0,6,594.98,20.6,353,true,completed
BF_BF16_h8s16n16.txt,BBLCT,16,8,103,42,600.0,1,1.0,2,1.9,2,208.45,22.1,388,true,completed
BF_BF16_h8s16n17.txt,BBLCT,16,8,103,42,600.0,0,0.0,1,1.0,6,598.78,23.9,405,true,completed
BF_BF16_h8s16n18.txt,BBLCT,16,8,103,42,600.0,0,0.0,2,1.9,6,575.35,49.6,640,true,completed
BF_BF16_h8s16n19.txt,BBLCT,16,8,103,42,600.0,0,0.0,1,1.0,3,296.29,3688.9,42431,true,completed
BF_BF16_h8s16n2.txt,BBLCT,16,8,103,42,600.0,0,0.0,2,1.9,6,598.67,290.7,2580,true,completed
BF_BF16_h8s16n20.txt,BBLCT,16,8,103,42,600.0,0,0.0,2,1.9,5,597.90,1407.4,17487,true,completed
BF_BF16_h8s16n3.txt,BBLCT,16,8,103,42,600.0,0,0.0,0,0.0,0,0.00,0.2,1,true,completed
BF_BF16_h8s16n4.txt,BBLCT,16,8,103,42,600.0,1,1.0,1,1.0,0,0.00,89.4,770,true,completed
BF_BF16_h8s16n5.txt,BBLCT,16,8,103,42,600.0,0,0.0,2,1.9,5,595.31,210.3,1814,true,completed
BF_BF16_h8s16n6.txt,BBLCT,16,8,103,42,600.0,1,1.0,2,1.9,5,573.88,6.7,168,true,completed
BF_BF16_h8s16n7.txt,BBLCT,16,8,103,42,600.0,0,0.0,0,0.0,0,0.00,0.2,1,true,completed
BF_BF16_h8s16n8.txt,BBLCT,16,8,103,42,600.0,0,0.0,1,1.0,4,598.56,11556.7,100234,true,completed
BF_BF16_h8s16n9.txt,BBLCT,16,8,103,42,600.0,0,0.0,2,1.9,5,599.06,33.2,493,true,completed
BF_BF17_h5s20n1.txt,BBLCT,20,5,60,12,600.0,1,1.7,4,6.7,5,589.56,2593.3,18478,true,completed
BF_BF17_h5s20n10.txt,BBLCT,20,5,60,12,600.0,1,1.7,13,21.7,6,596.74,109.3,1015,true,completed
BF_BF17_h5s20n11.txt,BBLCT,20,5,60,12,600.0,0,0.0,4,6.7,6,596.18,2118.6,14768,true,completed
BF_BF17_h5s20n12.txt,BBLCT,20,5,60,12,600.0,2,3.3,5,8.3,5,592.66,1431.2,10105,true,completed
BF_BF17_h5s20n13.txt,BBLCT,20,5,60,12,600.0,2,3.3,8,13.3,6,594.25,153.6,1125,true,completed
BF_BF17_h5s20n14.txt,BBLCT,20,5,60,12,600.0,2,3.3,5,8.3,6,599.92,188.2,1182,true,completed
BF_BF17_h5s20n15.txt,BBLCT,20,5,60,12,600.0,0,0.0,4,6.7,6,599.45,61.1,795,true,completed
BF_BF17_h5s20n16.txt,BBLCT,20,5,60,12,600.0,1,1.7,3,5.0,4,405.49,77.2,912,true,completed
BF_BF17_h5s20n17.txt,BBLCT,20,5,60,12,600.0,2,3.3,7,11.7,5,588.68,2024.2,12519,true,completed
BF_BF17_h5s20n18.txt,BBLCT,20,5,60,12,600.0,0,0.0,3,5.0,6,599.03,379.7,3029,true,completed
BF_BF17_h5s20n19.txt,BBLCT,20,5,60,12,600.0,2,3.3,6,10.0,6,593.89,332.5,2285,true,completed
BF_BF17_h5s20n2.txt,BBLCT,20,5,60,12,600.0,3,5.0,4,6.7,4,410.93,113.4,1061,true,completed
BF_BF17_h5s20n20.txt,BBLCT,20,5,60,12,600.0,1,1.7,3,5.0,5,591.83,65.3,853,true,completed
BF_BF17_h5s20n3.txt,BBLCT,20,5,60,12,600.0,4,6.7,9,15.0,5,599.99,113.7,864,true,completed
BF_BF17_h5s20n4.txt,BBLCT,20,5,60,12,600.0,3,5.0,5,8.3,6,599.31,12486.1,88222,true,completed
BF_BF17_h5s20n5.txt,BBLCT,20,5,60,12,600.0,2,3.3,6,10.0,5,585.99,162.0,1067,true,completed
BF_BF17_h5s20n6.txt,BBLCT,20,5,60,12,600.0,1,1.7,4,6.7,6,598.05,5646.3,35932,true,completed
BF_BF17_h5s20n7.txt,BBLCT,20,5,60,12,600.0,2,3.3,4,6.7,6,561.13,162.0,1757,true,completed
BF_BF17_h5s20n8.txt,BBLCT,20,5,60,12,600.0,2,3.3,4,6.7,6,595.50,400.2,2433,true,completed
BF_BF17_h5s20n9.txt,BBLCT,20,5,60,12,600.0,1,1.7,3,5.0,5,579.65,81.3,868,true,completed
BF_BF18_h5s20n1.txt,BBLCT,20,5,60,12,600.0,1,1.7,3,5.0,5,578.09,165.8,1372,true,completed
BF_BF18_h5s20n10.txt,BBLCT,20,5,60,12,600.0,0,0.0,3,5.0,6,586.27,141.3,1501,true,completed
BF_BF18_h5s20n11.txt,BBLCT,20,5,60,12,600.0,0,0.0,2,3.3,2,193.74,1348.3,13226,true,completed
BF_BF18_h5s20n12.txt,BBLCT,20,5,60,12,600.0,1,1.7,5,8.3,6,586.57,124.1,1307,true,completed
BF_BF18_h5s20n13.txt,BBLCT,20,5,60,12,600.0,3,5.0,5,8.3,3,316.58,39.1,651,true,completed
BF_BF18_h5s20n14.txt,BBLCT,20,5,60,12,600.0,1,1.7,6,10.0,6,599.63,120.9,1418,true,completed
BF_BF18_h5s20n15.txt,BBLCT,20,5,60,12,600.0,0,0.0,3,5.0,4,430.44,1539.7,15853,true,completed
BF_BF18_h5s20n16.txt,BBLCT,20,5,60,12,600.0,1,1.7,4,6.7,3,286.78,596.4,6208,true,completed
BF_BF18_h5s20n17.txt,BBLCT,20,5,60,12,600.0,1,1.7,3,5.0,5,561.99,51.7,539,true,completed
BF_BF18_h5s20n18.txt,BBLCT,20,5,60,12,600.0,1,1.7,4,6.7,6,595.47,1216.6,12120,true,completed
BF_BF18_h5s20n19.txt,BBLCT,20,5,60,12,600.0,3,5.0,6,10.0,6,579.50,89.1,1058,true,completed
BF_BF18_h5s20n2.txt,BBLCT,20,5,60,12,600.0,3,5.0,9,15.0,6,591.28,90.4,1140,true,completed
BF_BF18_h5s20n20.txt,BBLCT,20,5,60,12,600.0,2,3.3,4,6.7,5,598.21,56.9,742,true,completed
BF_BF18_h5s20n3.txt,BBLCT,20,5,60,12,600.0,0,0.0,3,5.0,5,590.67,4779.6,45900,true,completed
BF_BF18_h5s20n4.txt,BBLCT,20,5,60,12,600.0,2,3.3,4,6.7,5,540.62,6425.0,60244,true,completed
BF_BF18_h5s20n5.txt,BBLCT,20,5,60,12,600.0,3,5.0,6,10.0,6,598.83,347.1,3692,true,completed
BF_BF18_h5s20n6.txt,BBLCT,20,5,60,12,600.0,0,0.0,3,5.0,4,427.62,728.1,11615,true,completed
BF_BF18_h5s20n7.txt,BBLCT,20,5,60,12,600.0,1,1.7,4,6.7,5,578.77,13288.5,131906,true,completed
BF_BF18_h5s20n8.txt,BBLCT,20,5,60,12,600.0,2,3.3,5,8.3,5,584.48,48.1,503,true,completed
BF_BF18_h5s20n9.txt,BBLCT,20,5,60,12,600.0,2,3.3,4,6.7,2,171.21,51.2,808,true,completed
BF_BF19_h5s20n1.txt,BBLCT,20,5,60,24,600.0,1,1.7,4,6.7,5,599.80,1704.8,10831,true,completed
BF_BF19_h5s20n10.txt,BBLCT,20,5,60,24,600.0,1,1.7,6,10.0,6,599.10,62.2,415,true,completed
BF_BF19_h5s20n11.txt,BBLCT,20,5,60,24,600.0,1,1.7,8,13.3,6,598.09,131.9,1140,true,completed
BF_BF19_h5s20n12.txt,BBLCT,20,5,60,24,600.0,0,0.0,3,5.0,6,599.66,776.5,4369,true,completed
BF_BF19_h5s20n13.txt,BBLCT,20,5,60,24,600.0,0,0.0,1,1.7,5,598.09,789.9,5668,true,completed
BF_BF19_h5s20n14.txt,BBLCT,20,5,60,24,600.0,0,0.0,5,8.3,6,589.80,108.9,1110,true,completed
BF_BF19_h5s20n15.txt,BBLCT,20,5,60,24,600.0,0,0.0,3,5.0,5,592.99,612.3,3268,true,completed
BF_BF19_h5s20n16.txt,BBLCT,20,5,60,24,600.0,3,5.0,4,6.7,2,225.05,169.5,1140,true,completed
BF_BF19_h5s20n17.txt,BBLCT,20,5,60,24,600.0,0,0.0,2,3.3,5,599.22,185.3,1832,true,completed
BF_BF19_h5s20n18.txt,BBLCT,20,5,60,24,600.0,1,1.7,7,11.7,5,598.60,123.0,1005,true,completed
BF_BF19_h5s20n19.txt,BBLCT,20,5,60,24,600.0,1,1.7,4,6.7,6,599.09,81.5,756,true,completed
BF_BF19_h5s20n2.txt,BBLCT,20,5,60,24,600.0,0,0.0,3,5.0,2,174.39,526.5,5002,true,completed
BF_BF19_h5s20n20.txt,BBLCT,20,5,60,24,600.0,2,3.3,5,8.3,6,594.01,124.2,1439,true,completed
BF_BF19_h5s20n3.txt,BBLCT,20,5,60,24,600.0,1,1.7,6,10.0,6,580.54,775.8,5884,true,completed
BF_BF19_h5s20n4.txt,BBLCT,20,5,60,24,600.0,1,1.7,8,13.3,6,598.77,115.2,1060,true,completed
BF_BF19_h5s20n5.txt,BBLCT,20,5,60,24,600.0,0,0.0,3,5.0,6,597.83,67.9,849,true,completed
BF_BF19_h5s20n6.txt,BBLCT,20,5,60,24,600.0,2,3.3,6,10.0,5,565.05,161.6,1006,true,completed
BF_BF19_h5s20n7.txt,BBLCT,20,5,60,24,600.0,1,1.7,2,3.3,5,599.88,693.1,4702,true,completed
BF_BF19_h5s20n8.txt,BBLCT,20,5,60,24,600.0,1,1.7,8,13.3,6,599.39,147.7,1315,true,completed
BF_BF19_h5s20n9.txt,BBLCT,20,5,60,24,600.0,3,5.0,6,10.0,5,597.40,105.6,746,true,completed
BF_BF1_h5s16n1.txt,BBLCT,16,5,48,10,600.0,2,4.2,4,8.3,3,322.79,80.4,1752,true,completed
BF_BF1_h5s16n10.txt,BBLCT,16,5,48,10,600.0,3,6.2,9,18.8,6,589.87,40.3,640,true,completed
BF_BF1_h5s16n11.txt,BBLCT,16,5,48,10,600.0,2,4.2,4,8.3,5,589.50,193.0,2242,true,completed
BF_BF1_h5s16n12.txt,BBLCT,16,5,48,10,600.0,2,4.2,4,8.3,5,584.35,47.8,955,true,completed
BF_BF1_h5s16n13.txt,BBLCT,16,5,48,10,600.0,2,4.2,3,6.2,2,195.12,28.9,855,true,completed
BF_BF1_h5s16n14.txt,BBLCT,16,5,48,10,600.0,0,0.0,2,4.2,6,597.69,335.4,3861,true,completed
BF_BF1_h5s16n15.txt,BBLCT,16,5,48,10,600.0,1,2.1,2,4.2,5,588.23,31.0,427,true,completed
BF_BF1_h5s16n16.txt,BBLCT,16,5,48,10,600.0,2,4.2,4,8.3,4,364.16,406.1,4452,true,completed
BF_BF1_h5s16n17.txt,BBLCT,16,5,48,10,600.0,2,4.2,5,10.4,6,596.91,23.7,508,true,completed
BF_BF1_h5s16n18.txt,BBLCT,16,5,48,10,600.0,3,6.2,8,16.7,6,596.64,50.4,777,true,completed
BF_BF1_h5s16n19.txt,BBLCT,16,5,48,10,600.0,0,0.0,2,4.2,5,575.77,16.7,379,true,completed
BF_BF1_h5s16n2.txt,BBLCT,16,5,48,10,600.0,1,2.1,4,8.3,6,592.09,372.0,4003,true,completed
BF_BF1_h5s16n20.txt,BBLCT,16,5,48,10,600.0,1,2.1,4,8.3,5,597.93,17.7,444,true,completed
BF_BF1_h5s16n3.txt,BBLCT,16,5,48,10,600.0,2,4.2,4,8.3,6,597.32,326.1,4264,true,completed
BF_BF1_h5s16n4.txt,BBLCT,16,5,48,10,600.0,3,6.2,8,16.7,6,582.77,28.1,445,true,completed
BF_BF1_h5s16n5.txt,BBLCT,16,5,48,10,600.0,1,2.1,3,6.2,5,593.25,23.1,520,true,completed
BF_BF1_h5s16n6.txt,BBLCT,16,5,48,10,600.0,0,0.0,3,6.2,6,595.40,295.7,4927,true,completed
BF_BF1_h5s16n7.txt,BBLCT,16,5,48,10,600.0,1,2.1,3,6.2,3,322.78,411.6,4341,true,completed
BF_BF1_h5s16n8.txt,BBLCT,16,5,48,10,600.0,1,2.1,4,8.3,3,276.05,1353.9,16441,true,completed
BF_BF1_h5s16n9.txt,BBLCT,16,5,48,10,600.0,1,2.1,4,8.3,6,597.71,2038.3,24125,true,completed
BF_BF20_h5s20n1.txt,BBLCT,20,5,60,24,600.0,0,0.0,1,1.7,5,588.51,266.4,3453,true,completed
BF_BF20_h5s20n10.txt,BBLCT,20,5,60,24,600.0,1,1.7,5,8.3,5,593.68,17.7,339,true,completed
BF_BF20_h5s20n11.txt,BBLCT,20,5,60,24,600.0,0,0.0,2,3.3,5,539.73,234.5,3316,true,completed
BF_BF20_h5s20n12.txt,BBLCT,20,5,60,24,600.0,0,0.0,4,6.7,6,584.22,64.8,887,true,completed
BF_BF20_h5s20n13.txt,BBLCT,20,5,60,24,600.0,0,0.0,2,3.3,2,175.78,93.8,1290,true,completed
BF_BF20_h5s20n14.txt,BBLCT,20,5,60,24,600.0,0,0.0,2,3.3,6,599.82,32.8,415,true,completed
BF_BF20_h5s20n15.txt,BBLCT,20,5,60,24,600.0,1,1.7,2,3.3,2,216.69,19.7,321,true,completed
BF_BF20_h5s20n16.txt,BBLCT,20,5,60,24,600.0,2,3.3,3,5.0,2,220.29,28.4,419,true,completed
BF_BF20_h5s20n17.txt,BBLCT,20,5,60,24,600.0,2,3.3,7,11.7,6,564.23,74.0,958,true,completed
BF_BF20_h5s20n18.txt,BBLCT,20,5,60,24,600.0,0,0.0,4,6.7,5,523.77,220.3,3210,true,completed
BF_BF20_h5s20n19.txt,BBLCT,20,5,60,24,600.0,1,1.7,3,5.0,5,562.60,24.9,374,true,completed
BF_BF20_h5s20n2.txt,BBLCT,20,5,60,24,600.0,0,0.0,4,6.7,5,599.83,1067.7,16167,true,completed
BF_BF20_h5s20n20.txt,BBLCT,20,5,60,24,600.0,1,1.7,5,8.3,6,598.64,58.7,823,true,completed
BF_BF20_h5s20n3.txt,BBLCT,20,5,60,24,600.0,1,1.7,3,5.0,5,598.70,110.4,1570,true,completed
BF_BF20_h5s20n4.txt,BBLCT,20,5,60,24,600.0,0,0.0,3,5.0,6,592.64,49.0,671,true,completed
BF_BF20_h5s20n5.txt,BBLCT,20,5,60,24,600.0,1,1.7,9,15.0,5,599.88,1284.4,12634,true,completed
BF_BF20_h5s20n6.txt,BBLCT,20,5,60,24,600.0,0,0.0,5,8.3,5,589.51,120.6,1342,true,completed
BF_BF20_h5s20n7.txt,BBLCT,20,5,60,24,600.0,0,0.0,1,1.7,2,225.90,24.9,494,true,completed
BF_BF20_h5s20n8.txt,BBLCT,20,5,60,24,600.0,0,0.0,3,5.0,6,598.82,56.8,1103,true,completed
BF_BF20_h5s20n9.txt,BBLCT,20,5,60,24,600.0,0,0.0,2,3.3,5,597.28,121.1,1771,true,completed
BF_BF21_h5s20n1.txt,BBLCT,20,5,80,16,600.0,2,2.5,4,5.0,6,599.60,138.6,1140,true,completed
BF_BF21_h5s20n10.txt,BBLCT,20,5,80,16,600.0,3,3.8,9,11.2,6,599.96,81.5,893,true,completed
BF_BF21_h5s20n11.txt,BBLCT,20,5,80,16,600.0,2,2.5,7,8.8,6,590.18,64.8,621,true,completed
BF_BF21_h5s20n12.txt,BBLCT,20,5,80,16,600.0,1,1.2,3,3.8,6,592.09,48.6,511,true,completed
BF_BF21_h5s20n13.txt,BBLCT,20,5,80,16,600.0,1,1.2,4,5.0,5,558.53,853.8,19250,true,completed
BF_BF21_h5s20n14.txt,BBLCT,20,5,80,16,600.0,1,1.2,8,10.0,6,599.59,153.1,1152,true,completed
BF_BF21_h5s20n15.txt,BBLCT,20,5,80,16,600.0,4,5.0,7,8.8,6,593.82,451.3,3334,true,completed
BF_BF21_h5s20n16.txt,BBLCT,20,5,80,16,600.0,2,2.5,5,6.2,4,336.47,121.0,1179,true,completed
BF_BF21_h5s20n17.txt,BBLCT,20,5,80,16,600.0,1,1.2,4,5.0,6,590.53,7890.4,45702,true,completed
BF_BF21_h5s20n18.txt,BBLCT,20,5,80,16,600.0,1,1.2,4,5.0,6,586.54,137.2,1296,true,completed
BF_BF21_h5s20n19.txt,BBLCT,20,5,80,16,600.0,3,3.8,5,6.2,5,541.85,471.5,4368,true,completed
BF_BF21_h5s20n2.txt,BBLCT,20,5,80,16,600.0,3,3.8,4,5.0,3,290.90,2312.5,14643,true,completed
BF_BF21_h5s20n20.txt,BBLCT,20,5,80,16,600.0,1,1.2,4,5.0,2,170.06,137.5,2194,true,completed
BF_BF21_h5s20n3.txt,BBLCT,20,5,80,16,600.0,1,1.2,4,5.0,6,584.25,155.9,1316,true,completed
BF_BF21_h5s20n4.txt,BBLCT,20,5,80,16,600.0,1,1.2,7,8.8,6,598.26,186.2,1891,true,completed
BF_BF21_h5s20n5.txt,BBLCT,20,5,80,16,600.0,0,0.0,2,2.5,6,598.17,73.4,506,true,completed
BF_BF21_h5s20n6.txt,BBLCT,20,5,80,16,600.0,2,2.5,5,6.2,5,531.76,71.5,716,true,completed
BF_BF21_h5s20n7.txt,BBLCT,20,5,80,16,600.0,0,0.0,2,2.5,4,371.13,425.7,3439,true,completed
BF_BF21_h5s20n8.txt,BBLCT,20,5,80,16,600.0,0,0.0,3,3.8,5,556.14,730.8,6835,true,completed
BF_BF21_h5s20n9.txt,BBLCT,20,5,80,16,600.0,1,1.2,5,6.2,6,559.72,823.0,5856,true,completed
BF_BF22_h5s20n1.txt,BBLCT,20,5,80,16,600.0,0,0.0,4,5.0,6,597.53,652.9,10888,true,completed
BF_BF22_h5s20n10.txt,BBLCT,20,5,80,16,600.0,0,0.0,3,3.8,4,388.14,1192.3,12532,true,completed
BF_BF22_h5s20n11.txt,BBLCT,20,5,80,16,600.0,3,3.8,8,10.0,6,596.67,57.0,786,true,completed
BF_BF22_h5s20n12.txt,BBLCT,20,5,80,16,600.0,3,3.8,5,6.2,6,593.25,52.8,781,true,completed
BF_BF22_h5s20n13.txt,BBLCT,20,5,80,16,600.0,0,0.0,3,3.8,6,595.46,48.4,522,true,completed
BF_BF22_h5s20n14.txt,BBLCT,20,5,80,16,600.0,0,0.0,2,2.5,6,596.68,65.0,947,true,completed
BF_BF22_h5s20n15.txt,BBLCT,20,5,80,16,600.0,2,2.5,3,3.8,2,190.13,62.4,929,true,completed
BF_BF22_h5s20n16.txt,BBLCT,20,5,80,16,600.0,1,1.2,3,3.8,3,295.67,21.7,430,true,completed
BF_BF22_h5s20n17.txt,BBLCT,20,5,80,16,600.0,2,2.5,5,6.2,5,594.61,741.5,8797,true,completed
BF_BF22_h5s20n18.txt,BBLCT,20,5,80,16,600.0,0,0.0,3,3.8,4,376.86,39.9,460,true,completed
BF_BF22_h5s20n19.txt,BBLCT,20,5,80,16,600.0,0,0.0,3,3.8,6,594.03,89.3,1046,true,completed
BF_BF22_h5s20n2.txt,BBLCT,20,5,80,16,600.0,1,1.2,4,5.0,6,596.79,246.2,2526,true,completed
BF_BF22_h5s20n20.txt,BBLCT,20,5,80,16,600.0,0,0.0,3,3.8,5,588.15,501.9,6032,true,completed
BF_BF22_h5s20n3.txt,BBLCT,20,5,80,16,600.0,0,0.0,3,3.8,4,399.15,1118.2,12290,true,completed
BF_BF22_h5s20n4.txt,BBLCT,20,5,80,16,600.0,4,5.0,9,11.2,6,596.66,356.0,2843,true,completed
BF_BF22_h5s20n5.txt,BBLCT,20,5,80,16,600.0,1,1.2,3,3.8,6,599.92,14.0,264,true,completed
BF_BF22_h5s20n6.txt,BBLCT,20,5,80,16,600.0,0,0.0,4,5.0,6,588.30,32.8,577,true,completed
BF_BF22_h5s20n7.txt,BBLCT,20,5,80,16,600.0,0,0.0,2,2.5,3,341.39,139.3,1722,true,completed
BF_BF22_h5s20n8.txt,BBLCT,20,5,80,16,600.0,1,1.2,5,6.2,6,573.71,81.3,933,true,completed
BF_BF22_h5s20n9.txt,BBLCT,20,5,80,16,600.0,0,0.0,3,3.8,6,595.19,58.5,631,true,completed
BF_BF23_h5s20n1.txt,BBLCT,20,5,80,32,600.0,0,0.0,4,5.0,4,463.14,453.1,5675,true,completed
BF_BF23_h5s20n10.txt,BBLCT,20,5,80,32,600.0,1,1.2,4,5.0,6,595.75,274.5,2744,true,completed
BF_BF23_h5s20n11.txt,BBLCT,20,5,80,32,600.0,0,0.0,2,2.5,4,435.61,717.7,4425,true,completed
BF_BF23_h5s20n12.txt,BBLCT,20,5,80,32,600.0,0,0.0,3,3.8,4,328.89,13443.1,85695,true,completed
BF_BF23_h5s20n13.txt,BBLCT,20,5,80,32,600.0,1,1.2,6,7.5,6,595.29,4350.8,32090,true,completed
BF_BF23_h5s20n14.txt,BBLCT,20,5,80,32,600.0,3,3.8,9,11.2,6,590.56,404.9,2214,true,completed
BF_BF23_h5s20n15.txt,BBLCT,20,5,80,32,600.0,0,0.0,7,8.8,6,572.06,456.9,5116,true,completed
BF_BF23_h5s20n16.txt,BBLCT,20,5,80,32,600.0,1,1.2,5,6.2,5,599.93,781.9,6341,true,completed
BF_BF23_h5s20n17.txt,BBLCT,20,5,80,32,600.0,1,1.2,3,3.8,6,598.40,41.1,353,true,completed
BF_BF23_h5s20n18.txt,BBLCT,20,5,80,32,600.0,1,1.2,3,3.8,5,595.27,24.5,296,true,completed
BF_BF23_h5s20n19.txt,BBLCT,20,5,80,32,600.0,2,2.5,5,6.2,6,598.42,258.7,1855,true,completed
BF_BF23_h5s20n2.txt,BBLCT,20,5,80,32,600.0,1,1.2,2,2.5,5,581.69,1063.9,10912,true,completed
BF_BF23_h5s20n20.txt,BBLCT,20,5,80,32,600.0,0,0.0,2,2.5,4,396.54,352.1,3399,true,completed
BF_BF23_h5s20n3.txt,BBLCT,20,5,80,32,600.0,0,0.0,3,3.8,5,442.04,2345.9,14152,true,completed
BF_BF23_h5s20n4.txt,BBLCT,20,5,80,32,600.0,2,2.5,6,7.5,6,597.27,60.7,669,true,completed
BF_BF23_h5s20n5.txt,BBLCT,20,5,80,32,600.0,1,1.2,9,11.2,7,594.93,82.9,884,true,completed
BF_BF23_h5s20n6.txt,BBLCT,20,5,80,32,600.0,1,1.2,4,5.0,6,599.30,127.8,1173,true,completed
BF_BF23_h5s20n7.txt,BBLCT,20,5,80,32,600.0,0,0.0,5,6.2,6,595.82,57.4,707,true,completed
BF_BF23_h5s20n8.txt,BBLCT,20,5,80,32,600.0,1,1.2,3,3.8,5,563.77,41.0,481,true,completed
BF_BF23_h5s20n9.txt,BBLCT,20,5,80,32,600.0,1,1.2,2,2.5,3,289.15,185.7,2543,true,completed
BF_BF24_h5s20n1.txt,BBLCT,20,5,80,32,600.0,1,1.2,2,2.5,5,580.57,17.4,301,true,completed
BF_BF24_h5s20n10.txt,BBLCT,20,5,80,32,600.0,0,0.0,3,3.8,5,584.05,42.6,773,true,completed
BF_BF24_h5s20n11.txt,BBLCT,20,5,80,32,600.0,0,0.0,2,2.5,5,569.37,474.7,5765,true,completed
BF_BF24_h5s20n12.txt,BBLCT,20,5,80,32,600.0,0,0.0,3,3.8,5,570.81,451.7,5449,true,completed
BF_BF24_h5s20n13.txt,BBLCT,20,5,80,32,600.0,0,0.0,1,1.2,5,598.39,219.3,1737,true,completed
BF_BF24_h5s20n14.txt,BBLCT,20,5,80,32,600.0,0,0.0,6,7.5,6,596.32,107.8,1145,true,completed
BF_BF24_h5s20n15.txt,BBLCT,20,5,80,32,600.0,0,0.0,5,6.2,5,592.99,202.1,3359,true,completed
BF_BF24_h5s20n16.txt,BBLCT,20,5,80,32,600.0,1,1.2,4,5.0,6,597.10,32.3,402,true,completed
BF_BF24_h5s20n17.txt,BBLCT,20,5,80,32,600.0,1,1.2,7,8.8,6,582.10,41.5,590,true,completed
BF_BF24_h5s20n18.txt,BBLCT,20,5,80,32,600.0,0,0.0,1,1.2,5,585.60,50.8,667,true,completed
BF_BF24_h5s20n19.txt,BBLCT,20,5,80,32,600.0,0,0.0,2,2.5,5,559.49,41.7,595,true,completed
BF_BF24_h5s20n2.txt,BBLCT,20,5,80,32,600.0,0,0.0,2,2.5,6,594.07,32.7,461,true,completed
BF_BF24_h5s20n20.txt,BBLCT,20,5,80,32,600.0,0,0.0,6,7.5,6,594.95,43.9,586,true,completed
BF_BF24_h5s20n3.txt,BBLCT,20,5,80,32,600.0,2,2.5,4,5.0,5,579.03,302.8,3069,true,completed
BF_BF24_h5s20n4.txt,BBLCT,20,5,80,32,600.0,1,1.2,8,10.0,6,598.53,45.0,766,true,completed
BF_BF24_h5s20n5.txt,BBLCT,20,5,80,32,600.0,0,0.0,4,5.0,5,590.96,12.2,296,true,completed
BF_BF24_h5s20n6.txt,BBLCT,20,5,80,32,600.0,0,0.0,2,2.5,5,592.92,50.1,815,true,completed
BF_BF24_h5s20n7.txt,BBLCT,20,5,80,32,600.0,0,0.0,1,1.2,2,196.17,38.1,610,true,completed
BF_BF24_h5s20n8.txt,BBLCT,20,5,80,32,600.0,0,0.0,2,2.5,5,589.75,15.2,247,true,completed
BF_BF24_h5s20n9.txt,BBLCT,20,5,80,32,600.0,1,1.2,6,7.5,6,598.90,350.8,5430,true,completed
BF_BF25_h8s20n1.txt,BBLCT,20,8,96,20,600.0,1,1.0,3,3.1,5,586.49,136.1,1108,true,completed
BF_BF25_h8s20n10.txt,BBLCT,20,8,96,20,600.0,1,1.0,3,3.1,5,596.77,4735.6,22873,true,completed
BF_BF25_h8s20n11.txt,BBLCT,20,8,96,20,600.0,3,3.1,4,4.2,4,590.37,132.2,654,true,completed
BF_BF25_h8s20n12.txt,BBLCT,20,8,96,20,600.0,1,1.0,4,4.2,5,594.32,1388.6,6275,true,completed
BF_BF25_h8s20n13.txt,BBLCT,20,8,96,20,600.0,1,1.0,4,4.2,5,597.76,5637.6,24999,true,completed
BF_BF25_h8s20n14.txt,BBLCT,20,8,96,20,600.0,2,2.1,3,3.1,1,159.99,6027.1,23907,true,completed
BF_BF25_h8s20n15.txt,BBLCT,20,8,96,20,600.0,1,1.0,3,3.1,4,587.04,200.5,1178,true,completed
BF_BF25_h8s20n16.txt,BBLCT,20,8,96,20,600.0,1,1.0,3,3.1,4,594.26,217.7,750,true,completed
BF_BF25_h8s20n17.txt,BBLCT,20,8,96,20,600.0,0,0.0,3,3.1,4,536.49,1667.5,8674,true,completed
BF_BF25_h8s20n18.txt,BBLCT,20,8,96,20,600.0,2,2.1,4,4.2,3,321.37,846.4,3421,true,completed
BF_BF25_h8s20n19.txt,BBLCT,20,8,96,20,600.0,2,2.1,4,4.2,5,590.82,145.8,1174,true,completed
BF_BF25_h8s20n2.txt,BBLCT,20,8,96,20,600.0,1,1.0,3,3.1,5,597.12,249.8,1305,true,completed
BF_BF25_h8s20n20.txt,BBLCT,20,8,96,20,600.0,1,1.0,3,3.1,5,588.00,187.9,738,true,completed
BF_BF25_h8s20n3.txt,BBLCT,20,8,96,20,600.0,1,1.0,4,4.2,5,598.75,2676.4,11083,true,completed
BF_BF25_h8s20n4.txt,BBLCT,20,8,96,20,600.0,1,1.0,3,3.1,3,350.51,604.6,2561,true,completed
BF_BF25_h8s20n5.txt,BBLCT,20,8,96,20,600.0,1,1.0,3,3.1,4,581.71,121.4,959,true,completed
BF_BF25_h8s20n6.txt,BBLCT,20,8,96,20,600.0,0,0.0,3,3.1,6,599.65,281.1,1761,true,completed
BF_BF25_h8s20n7.txt,BBLCT,20,8,96,20,600.0,0,0.0,3,3.1,5,599.93,1061.1,3661,true,completed
BF_BF25_h8s20n8.txt,BBLCT,20,8,96,20,600.0,3,3.1,7,7.3,4,585.47,133.5,646,true,completed
BF_BF25_h8s20n9.txt,BBLCT,20,8,96,20,600.0,1,1.0,3,3.1,2,230.31,9739.3,44508,true,completed
BF_BF26_h8s20n1.txt,BBLCT,20,8,96,20,600.0,1,1.0,2,2.1,2,193.09,1490.4,11252,true,completed
BF_BF26_h8s20n10.txt,BBLCT,20,8,96,20,600.0,1,1.0,4,4.2,6,594.64,660.5,2949,true,completed
BF_BF26_h8s20n11.txt,BBLCT,20,8,96,20,600.0,2,2.1,3,3.1,2,203.31,966.6,4523,true,completed
BF_BF26_h8s20n12.txt,BBLCT,20,8,96,20,600.0,0,0.0,2,2.1,3,325.13,164.2,932,true,completed
BF_BF26_h8s20n13.txt,BBLCT,20,8,96,20,600.0,0,0.0,3,3.1,5,599.02,1320.9,7166,true,completed
BF_BF26_h8s20n14.txt,BBLCT,20,8,96,20,600.0,0,0.0,2,2.1,4,548.94,32.5,481,true,completed
BF_BF26_h8s20n15.txt,BBLCT,20,8,96,20,600.0,0,0.0,2,2.1,4,522.41,106.2,635,true,completed
BF_BF26_h8s20n16.txt,BBLCT,20,8,96,20,600.0,0,0.0,3,3.1,5,585.11,3656.2,23535,true,completed
BF_BF26_h8s20n17.txt,BBLCT,20,8,96,20,600.0,0,0.0,3,3.1,5,597.56,704.1,3904,true,completed
BF_BF26_h8s20n18.txt,BBLCT,20,8,96,20,600.0,1,1.0,3,3.1,5,599.76,696.3,21345,true,completed
BF_BF26_h8s20n19.txt,BBLCT,20,8,96,20,600.0,2,2.1,4,4.2,2,204.93,37807.3,201166,true,completed
BF_BF26_h8s20n2.txt,BBLCT,20,8,96,20,600.0,2,2.1,4,4.2,5,594.39,137.9,1005,true,completed
BF_BF26_h8s20n20.txt,BBLCT,20,8,96,20,600.0,1,1.0,4,4.2,5,595.08,166.6,910,true,completed
BF_BF26_h8s20n3.txt,BBLCT,20,8,96,20,600.0,2,2.1,4,4.2,4,579.26,5845.1,36333,true,completed
BF_BF26_h8s20n4.txt,BBLCT,20,8,96,20,600.0,0,0.0,3,3.1,3,280.29,255.7,1236,true,completed
BF_BF26_h8s20n5.txt,BBLCT,20,8,96,20,600.0,1,1.0,2,2.1,5,587.29,77.4,432,true,completed
BF_BF26_h8s20n6.txt,BBLCT,20,8,96,20,600.0,1,1.0,3,3.1,4,592.31,1788.6,11097,true,completed
BF_BF26_h8s20n7.txt,BBLCT,20,8,96,20,600.0,1,1.0,3,3.1,5,598.70,516.3,3246,true,completed
BF_BF26_h8s20n8.txt,BBLCT,20,8,96,20,600.0,0,0.0,2,2.1,2,201.33,65.5,517,true,completed
BF_BF26_h8s20n9.txt,BBLCT,20,8,96,20,600.0,1,1.0,2,2.1,1,123.31,6694.3,37262,true,completed
BF_BF27_h8s20n1.txt,BBLCT,20,8,96,39,600.0,1,1.0,5,5.2,6,599.55,290.7,1123,true,completed
BF_BF27_h8s20n10.txt,BBLCT,20,8,96,39,600.0,0,0.0,2,2.1,5,597.90,169.9,1212,true,completed
BF_BF27_h8s20n11.txt,BBLCT,20,8,96,39,600.0,1,1.0,5,5.2,3,418.88,276.5,983,true,completed
BF_BF27_h8s20n12.txt,BBLCT,20,8,96,39,600.0,0,0.0,1,1.0,5,572.95,142.9,915,true,completed
BF_BF27_h8s20n13.txt,BBLCT,20,8,96,39,600.0,0,0.0,1,1.0,5,594.81,208.0,794,true,completed
BF_BF27_h8s20n14.txt,BBLCT,20,8,96,39,600.0,2,2.1,4,4.2,5,573.46,179.0,719,true,completed
BF_BF27_h8s20n15.txt,BBLCT,20,8,96,39,600.0,1,1.0,2,2.1,4,577.68,110.7,756,true,completed
BF_BF27_h8s20n16.txt,BBLCT,20,8,96,39,600.0,0,0.0,3,3.1,5,597.36,674.6,3256,true,completed
BF_BF27_h8s20n17.txt,BBLCT,20,8,96,39,600.0,1,1.0,4,4.2,5,599.36,101.1,606,true,completed
BF_BF27_h8s20n18.txt,BBLCT,20,8,96,39,600.0,0,0.0,2,2.1,2,294.34,523.9,2269,true,completed
BF_BF27_h8s20n19.txt,BBLCT,20,8,96,39,600.0,2,2.1,2,2.1,0,0.00,0.3,1,true,completed
BF_BF27_h8s20n2.txt,BBLCT,20,8,96,39,600.0,1,1.0,3,3.1,2,268.15,16024.0,49338,true,completed
BF_BF27_h8s20n20.txt,BBLCT,20,8,96,39,600.0,1,1.0,5,5.2,3,325.04,1873.1,8391,true,completed
BF_BF27_h8s20n3.txt,BBLCT,20,8,96,39,600.0,0,0.0,1,1.0,4,565.21,159.0,1068,true,completed
BF_BF27_h8s20n4.txt,BBLCT,20,8,96,39,600.0,1,1.0,4,4.2,5,549.50,3657.2,15400,true,completed
BF_BF27_h8s20n5.txt,BBLCT,20,8,96,39,600.0,2,2.1,4,4.2,4,585.58,57.3,365,true,completed
BF_BF27_h8s20n6.txt,BBLCT,20,8,96,39,600.0,2,2.1,4,4.2,4,588.72,122.1,598,true,completed
BF_BF27_h8s20n7.txt,BBLCT,20,8,96,39,600.0,0,0.0,4,4.2,5,596.82,145.5,456,true,completed
BF_BF27_h8s20n8.txt,BBLCT,20,8,96,39,600.0,1,1.0,1,1.0,0,0.00,0.3,1,true,completed
BF_BF27_h8s20n9.txt,BBLCT,20,8,96,39,600.0,0,0.0,5,5.2,4,592.22,225.6,969,true,completed
BF_BF28_h8s20n1.txt,BBLCT,20,8,96,39,600.0,1,1.0,4,4.2,2,289.30,161.2,762,true,completed
BF_BF28_h8s20n10.txt,BBLCT,20,8,96,39,600.0,1,1.0,4,4.2,5,586.01,299.5,1902,true,completed
BF_BF28_h8s20n11.txt,BBLCT,20,8,96,39,600.0,1,1.0,4,4.2,5,542.40,169.9,1475,true,completed
BF_BF28_h8s20n12.txt,BBLCT,20,8,96,39,600.0,0,0.0,2,2.1,4,574.46,24.8,235,true,completed
BF_BF28_h8s20n13.txt,BBLCT,20,8,96,39,600.0,1,1.0,2,2.1,4,423.45,145.1,667,true,completed
BF_BF28_h8s20n14.txt,BBLCT,20,8,96,39,600.0,1,1.0,2,2.1,5,597.00,89.4,769,true,completed
BF_BF28_h8s20n15.txt,BBLCT,20,8,96,39,600.0,0,0.0,2,2.1,5,546.74,13884.4,88777,true,completed
BF_BF28_h8s20n16.txt,BBLCT,20,8,96,39,600.0,1,1.0,2,2.1,1,94.58,69.3,609,true,completed
BF_BF28_h8s20n17.txt,BBLCT,20,8,96,39,600.0,1,1.0,3,3.1,4,592.82,65.0,286,true,completed
BF_BF28_h8s20n18.txt,BBLCT,20,8,96,39,600.0,0,0.0,1,1.0,4,595.46,664.3,5490,true,completed
BF_BF28_h8s20n19.txt,BBLCT,20,8,96,39,600.0,0,0.0,2,2.1,6,598.54,645.8,3059,true,completed
BF_BF28_h8s20n2.txt,BBLCT,20,8,96,39,600.0,0,0.0,2,2.1,5,579.03,81.0,673,true,completed
BF_BF28_h8s20n20.txt,BBLCT,20,8,96,39,600.0,0,0.0,1,1.0,2,304.47,22759.4,109288,true,completed
BF_BF28_h8s20n3.txt,BBLCT,20,8,96,39,600.0,0,0.0,1,1.0,4,425.71,91.8,943,true,completed
BF_BF28_h8s20n4.txt,BBLCT,20,8,96,39,600.0,0,0.0,1,1.0,1,107.25,57.2,634,true,completed
BF_BF28_h8s20n5.txt,BBLCT,20,8,96,39,600.0,0,0.0,1,1.0,5,597.86,57.6,482,true,completed
BF_BF28_h8s20n6.txt,BBLCT,20,8,96,39,600.0,0,0.0,2,2.1,5,587.99,129.4,934,true,completed
BF_BF28_h8s20n7.txt,BBLCT,20,8,96,39,600.0,0,0.0,2,2.1,6,595.81,121.5,852,true,completed
BF_BF28_h8s20n8.txt,BBLCT,20,8,96,39,600.0,0,0.0,1,1.0,1,89.52,73.0,782,true,completed
BF_BF28_h8s20n9.txt,BBLCT,20,8,96,39,600.0,0,0.0,1,1.0,1,135.84,145.3,1111,true,completed
BF_BF29_h8s20n1.txt,BBLCT,20,8,128,26,600.0,1,0.8,5,3.9,6,597.15,3253.4,16445,true,completed
BF_BF29_h8s20n10.txt,BBLCT,20,8,128,26,600.0,0,0.0,3,2.3,6,589.15,35016.7,191365,true,completed
BF_BF29_h8s20n11.txt,BBLCT,20,8,128,26,600.0,1,0.8,2,1.6,3,327.20,1160.1,5124,true,completed
BF_BF29_h8s20n12.txt,BBLCT,20,8,128,26,600.0,0,0.0,2,1.6,3,255.78,23993.1,131846,true,completed
BF_BF29_h8s20n13.txt,BBLCT,20,8,128,26,600.0,1,0.8,4,3.1,6,597.89,205.2,1217,true,completed
BF_BF29_h8s20n14.txt,BBLCT,20,8,128,26,600.0,1,0.8,3,2.3,4,588.18,1879.8,12056,true,completed
BF_BF29_h8s20n15.txt,BBLCT,20,8,128,26,600.0,2,1.6,4,3.1,5,571.52,169.3,1137,true,completed
BF_BF29_h8s20n16.txt,BBLCT,20,8,128,26,600.0,0,0.0,3,2.3,4,447.57,5190.6,26820,true,completed
BF_BF29_h8s20n17.txt,BBLCT,20,8,128,26,600.0,0,0.0,2,1.6,5,595.44,3915.2,19167,true,completed
BF_BF29_h8s20n18.txt,BBLCT,20,8,128,26,600.0,2,1.6,4,3.1,5,594.70,1696.5,7352,true,completed
BF_BF29_h8s20n19.txt,BBLCT,20,8,128,26,600.0,2,1.6,3,2.3,3,291.33,3224.3,14096,true,completed
BF_BF29_h8s20n2.txt,BBLCT,20,8,128,26,600.0,0,0.0,2,1.6,5,596.77,31182.2,139873,true,completed
BF_BF29_h8s20n20.txt,BBLCT,20,8,128,26,600.0,0,0.0,2,1.6,4,441.93,2005.7,10451,true,completed
BF_BF29_h8s20n3.txt,BBLCT,20,8,128,26,600.0,0,0.0,2,1.6,5,564.39,330.8,1560,true,completed
BF_BF29_h8s20n4.txt,BBLCT,20,8,128,26,600.0,2,1.6,4,3.1,5,566.95,104.8,939,true,completed
BF_BF29_h8s20n5.txt,BBLCT,20,8,128,26,600.0,2,1.6,4,3.1,6,598.96,129.3,987,true,completed
BF_BF29_h8s20n6.txt,BBLCT,20,8,128,26,600.0,0,0.0,3,2.3,5,583.77,612.5,3676,true,completed
BF_BF29_h8s20n7.txt,BBLCT,20,8,128,26,600.0,0,0.0,2,1.6,5,593.40,171.6,852,true,completed
BF_BF29_h8s20n8.txt,BBLCT,20,8,128,26,600.0,1,0.8,3,2.3,6,595.62,1016.2,5259,true,completed
BF_BF29_h8s20n9.txt,BBLCT,20,8,128,26,600.0,2,1.6,4,3.1,6,581.81,879.0,3802,true,completed
BF_BF2_h5s16n1.txt,BBLCT,16,5,48,10,600.0,1,2.1,5,10.4,6,599.33,218.2,3320,true,completed
BF_BF2_h5s16n10.txt,BBLCT,16,5,48,10,600.0,2,4.2,4,8.3,6,573.34,11.0,340,true,completed
BF_BF2_h5s16n11.txt,BBLCT,16,5,48,10,600.0,2,4.2,4,8.3,5,522.22,32.9,639,true,completed
BF_BF2_h5s16n12.txt,BBLCT,16,5,48,10,600.0,1,2.1,3,6.2,4,408.28,251.9,4096,true,completed
BF_BF2_h5s16n13.txt,BBLCT,16,5,48,10,600.0,1,2.1,6,12.5,5,598.75,43.9,806,true,completed
BF_BF2_h5s16n14.txt,BBLCT,16,5,48,10,600.0,1,2.1,4,8.3,6,596.80,228.2,4192,true,completed
BF_BF2_h5s16n15.txt,BBLCT,16,5,48,10,600.0,1,2.1,3,6.2,5,597.77,1716.7,27146,true,completed
BF_BF2_h5s16n16.txt,BBLCT,16,5,48,10,600.0,0,0.0,3,6.2,6,594.82,10.3,340,true,completed
BF_BF2_h5s16n17.txt,BBLCT,16,5,48,10,600.0,2,4.2,6,12.5,5,576.56,122.4,2099,true,completed
BF_BF2_h5s16n18.txt,BBLCT,16,5,48,10,600.0,1,2.1,3,6.2,3,303.34,32.3,469,true,completed
BF_BF2_h5s16n19.txt,BBLCT,16,5,48,10,600.0,0,0.0,4,8.3,5,554.07,129.5,3058,true,completed
BF_BF2_h5s16n2.txt,BBLCT,16,5,48,10,600.0,1,2.1,4,8.3,6,589.44,2046.2,27699,true,completed
BF_BF2_h5s16n20.txt,BBLCT,16,5,48,10,600.0,1,2.1,5,10.4,6,599.64,25.2,447,true,completed
BF_BF2_h5s16n3.txt,BBLCT,16,5,48,10,600.0,1,2.1,3,6.2,6,596.35,43.0,775,true,completed
BF_BF2_h5s16n4.txt,BBLCT,16,5,48,10,600.0,2,4.2,4,8.3,6,598.85,12.8,330,true,completed
BF_BF2_h5s16n5.txt,BBLCT,16,5,48,10,600.0,1,2.1,5,10.4,2,163.49,36.1,977,true,completed
BF_BF2_h5s16n6.txt,BBLCT,16,5,48,10,600.0,1,2.1,3,6.2,5,552.79,32.9,481,true,completed
BF_BF2_h5s16n7.txt,BBLCT,16,5,48,10,600.0,4,8.3,7,14.6,6,597.11,16.6,460,true,completed
BF_BF2_h5s16n8.txt,BBLCT,16,5,48,10,600.0,0,0.0,3,6.2,6,562.66,64.7,1333,true,completed
BF_BF2_h5s16n9.txt,BBLCT,16,5,48,10,600.0,1,2.1,4,8.3,6,588.44,21.7,498,true,completed
BF_BF30_h8s20n1.txt,BBLCT,20,8,128,26,600.0,1,0.8,3,2.3,4,365.66,677.2,3269,true,completed
BF_BF30_h8s20n10.txt,BBLCT,20,8,128,26,600.0,0,0.0,2,1.6,2,208.04,7344.9,33899,true,completed
BF_BF30_h8s20n11.txt,BBLCT,20,8,128,26,600.0,2,1.6,3,2.3,2,188.41,110.1,600,true,completed
BF_BF30_h8s20n12.txt,BBLCT,20,8,128,26,600.0,0,0.0,1,0.8,5,593.56,98.4,603,true,completed
BF_BF30_h8s20n13.txt,BBLCT,20,8,128,26,600.0,1,0.8,3,2.3,3,314.32,2497.3,13007,true,completed
BF_BF30_h8s20n14.txt,BBLCT,20,8,128,26,600.0,1,0.8,1,0.8,0,0.00,595051.0,16986112,false,cpu_limit
BF_BF30_h8s20n15.txt,BBLCT,20,8,128,26,600.0,1,0.8,2,1.6,6,597.21,774.0,4000,true,completed
BF_BF30_h8s20n16.txt,BBLCT,20,8,128,26,600.0,1,0.8,3,2.3,7,598.40,217.7,1261,true,completed
BF_BF30_h8s20n17.txt,BBLCT,20,8,128,26,600.0,1,0.8,2,1.6,2,200.96,4454.9,27640,true,completed
BF_BF30_h8s20n18.txt,BBLCT,20,8,128,26,600.0,1,0.8,2,1.6,5,584.03,12466.9,70485,true,completed
BF_BF30_h8s20n19.txt,BBLCT,20,8,128,26,600.0,0,0.0,3,2.3,5,599.10,237.3,1577,true,completed
BF_BF30_h8s20n2.txt,BBLCT,20,8,128,26,600.0,1,0.8,2,1.6,1,106.29,10943.5,47038,true,completed
BF_BF30_h8s20n20.txt,BBLCT,20,8,128,26,600.0,2,1.6,3,2.3,4,428.86,874.4,4033,true,completed
BF_BF30_h8s20n3.txt,BBLCT,20,8,128,26,600.0,1,0.8,4,3.1,6,598.83,346.8,2066,true,completed
BF_BF30_h8s20n4.txt,BBLCT,20,8,128,26,600.0,1,0.8,3,2.3,6,593.43,102.7,711,true,completed
BF_BF30_h8s20n5.txt,BBLCT,20,8,128,26,600.0,1,0.8,2,1.6,1,108.69,3811.6,22165,true,completed
BF_BF30_h8s20n6.txt,BBLCT,20,8,128,26,600.0,0,0.0,2,1.6,5,585.58,78.5,504,true,completed
BF_BF30_h8s20n7.txt,BBLCT,20,8,128,26,600.0,2,1.6,3,2.3,5,596.28,1341.6,7676,true,completed
BF_BF30_h8s20n8.txt,BBLCT,20,8,128,26,600.0,1,0.8,2,1.6,3,294.39,2505.5,13003,true,completed
BF_BF30_h8s20n9.txt,BBLCT,20,8,128,26,600.0,3,2.3,4,3.1,1,142.67,902.3,4756,true,completed
BF_BF31_h8s20n1.txt,BBLCT,20,8,128,52,600.0,0,0.0,1,0.8,5,595.94,1426.1,7075,true,completed
BF_BF31_h8s20n10.txt,BBLCT,20,8,128,52,600.0,0,0.0,1,0.8,1,125.59,145.3,1003,true,completed
BF_BF31_h8s20n11.txt,BBLCT,20,8,128,52,600.0,0,0.0,1,0.8,1,131.35,2280.4,9353,true,completed
BF_BF31_h8s20n12.txt,BBLCT,20,8,128,52,600.0,1,0.8,3,2.3,5,598.43,7443.7,32236,true,completed
BF_BF31_h8s20n13.txt,BBLCT,20,8,128,52,600.0,1,0.8,2,1.6,5,595.34,102.6,769,true,completed
BF_BF31_h8s20n14.txt,BBLCT,20,8,128,52,600.0,0,0.0,1,0.8,6,595.49,90.6,753,true,completed
BF_BF31_h8s20n15.txt,BBLCT,20,8,128,52,600.0,0,0.0,5,3.9,6,594.75,143.0,956,true,completed
BF_BF31_h8s20n16.txt,BBLCT,20,8,128,52,600.0,2,1.6,3,2.3,3,320.91,2087.8,10201,true,completed
BF_BF31_h8s20n17.txt,BBLCT,20,8,128,52,600.0,0,0.0,3,2.3,6,599.62,116.1,881,true,completed
BF_BF31_h8s20n18.txt,BBLCT,20,8,128,52,600.0,0,0.0,2,1.6,6,594.01,137.6,851,true,completed
BF_BF31_h8s20n19.txt,BBLCT,20,8,128,52,600.0,0,0.0,1,0.8,5,590.81,274.4,1120,true,completed
BF_BF31_h8s20n2.txt,BBLCT,20,8,128,52,600.0,3,2.3,4,3.1,5,598.59,42.5,129,true,completed
BF_BF31_h8s20n20.txt,BBLCT,20,8,128,52,600.0,0,0.0,1,0.8,5,583.36,93.5,723,true,completed
BF_BF31_h8s20n3.txt,BBLCT,20,8,128,52,600.0,3,2.3,4,3.1,5,598.71,116.8,749,true,completed
BF_BF31_h8s20n4.txt,BBLCT,20,8,128,52,600.0,2,1.6,3,2.3,5,594.76,121.6,730,true,completed
BF_BF31_h8s20n5.txt,BBLCT,20,8,128,52,600.0,0,0.0,2,1.6,3,265.89,250.3,1093,true,completed
BF_BF31_h8s20n6.txt,BBLCT,20,8,128,52,600.0,1,0.8,1,0.8,0,0.00,0.3,1,true,completed
BF_BF31_h8s20n7.txt,BBLCT,20,8,128,52,600.0,0,0.0,2,1.6,6,598.42,228.8,1104,true,completed
BF_BF31_h8s20n8.txt,BBLCT,20,8,128,52,600.0,0,0.0,1,0.8,5,595.96,85.3,638,true,completed
BF_BF31_h8s20n9.txt,BBLCT,20,8,128,52,600.0,1,0.8,4,3.1,5,570.07,193.7,870,true,completed
BF_BF32_h8s20n1.txt,BBLCT,20,8,128,52,600.0,0,0.0,1,0.8,2,180.83,92.1,1018,true,completed
BF_BF32_h8s20n10.txt,BBLCT,20,8,128,52,600.0,0,0.0,1,0.8,3,300.81,57.2,347,true,completed
BF_BF32_h8s20n11.txt,BBLCT,20,8,128,52,600.0,0,0.0,1,0.8,3,309.30,2014.0,14672,true,completed
BF_BF32_h8s20n12.txt,BBLCT,20,8,128,52,600.0,1,0.8,2,1.6,5,595.77,23.0,194,true,completed
BF_BF32_h8s20n13.txt,BBLCT,20,8,128,52,600.0,1,0.8,2,1.6,5,599.70,7.4,44,true,completed
BF_BF32_h8s20n14.txt,BBLCT,20,8,128,52,600.0,0,0.0,0,0.0,0,0.00,0.2,1,true,completed
BF_BF32_h8s20n15.txt,BBLCT,20,8,128,52,600.0,0,0.0,0,0.0,0,0.00,0.2,1,true,completed
BF_BF32_h8s20n16.txt,BBLCT,20,8,128,52,600.0,1,0.8,2,1.6,6,598.93,137.8,716,true,completed
BF_BF32_h8s20n17.txt,BBLCT,20,8,128,52,600.0,0,0.0,1,0.8,5,591.49,204.1,1029,true,completed
BF_BF32_h8s20n18.txt,BBLCT,20,8,128,52,600.0,0,0.0,1,0.8,1,108.76,121.8,965,true,completed
BF_BF32_h8s20n19.txt,BBLCT,20,8,128,52,600.0,1,0.8,3,2.3,6,593.12,218.2,1373,true,completed
BF_BF32_h8s20n2.txt,BBLCT,20,8,128,52,600.0,0,0.0,3,2.3,6,599.95,242.3,1546,true,completed
BF_BF32_h8s20n20.txt,BBLCT,20,8,128,52,600.0,0,0.0,1,0.8,5,599.11,298.3,2176,true,completed
BF_BF32_h8s20n3.txt,BBLCT,20,8,128,52,600.0,1,0.8,2,1.6,6,598.83,41.0,443,true,completed
BF_BF32_h8s20n4.txt,BBLCT,20,8,128,52,600.0,1,0.8,2,1.6,3,286.99,1275.5,5144,true,completed
BF_BF32_h8s20n5.txt,BBLCT,20,8,128,52,600.0,0,0.0,2,1.6,5,558.76,3282.5,19751,true,completed
BF_BF32_h8s20n6.txt,BBLCT,20,8,128,52,600.0,0,0.0,3,2.3,2,244.65,339.0,1455,true,completed
BF_BF32_h8s20n7.txt,BBLCT,20,8,128,52,600.0,0,0.0,2,1.6,6,592.92,96.2,878,true,completed
BF_BF32_h8s20n8.txt,BBLCT,20,8,128,52,600.0,0,0.0,1,0.8,1,95.30,58.3,653,true,completed
BF_BF32_h8s20n9.txt,BBLCT,20,8,128,52,600.0,0,0.0,1,0.8,5,597.83,73.2,491,true,completed
BF_BF3_h5s16n1.txt,BBLCT,16,5,48,20,600.0,1,2.1,4,8.3,5,563.04,24.7,586,true,completed
BF_BF3_h5s16n10.txt,BBLCT,16,5,48,20,600.0,1,2.1,5,10.4,6,599.73,14.8,282,true,completed
BF_BF3_h5s16n11.txt,BBLCT,16,5,48,20,600.0,0,0.0,2,4.2,6,596.63,26.9,536,true,completed
BF_BF3_h5s16n12.txt,BBLCT,16,5,48,20,600.0,1,2.1,2,4.2,5,559.94,22.1,457,true,completed
BF_BF3_h5s16n13.txt,BBLCT,16,5,48,20,600.0,1,2.1,4,8.3,5,587.29,19.9,429,true,completed
BF_BF3_h5s16n14.txt,BBLCT,16,5,48,20,600.0,2,4.2,6,12.5,6,598.55,43.7,676,true,completed
BF_BF3_h5s16n15.txt,BBLCT,16,5,48,20,600.0,0,0.0,1,2.1,2,196.18,39.9,762,true,completed
BF_BF3_h5s16n16.txt,BBLCT,16,5,48,20,600.0,1,2.1,5,10.4,6,596.63,106.4,1397,true,completed
BF_BF3_h5s16n17.txt,BBLCT,16,5,48,20,600.0,1,2.1,5,10.4,6,599.54,39.2,546,true,completed
BF_BF3_h5s16n18.txt,BBLCT,16,5,48,20,600.0,2,4.2,4,8.3,6,597.37,51.9,722,true,completed
BF_BF3_h5s16n19.txt,BBLCT,16,5,48,20,600.0,1,2.1,5,10.4,6,570.57,56.9,896,true,completed
BF_BF3_h5s16n2.txt,BBLCT,16,5,48,20,600.0,0,0.0,5,10.4,6,589.64,57.4,954,true,completed
BF_BF3_h5s16n20.txt,BBLCT,16,5,48,20,600.0,1,2.1,2,4.2,3,306.40,37.6,740,true,completed
BF_BF3_h5s16n3.txt,BBLCT,16,5,48,20,600.0,2,4.2,5,10.4,3,336.50,21.5,386,true,completed
BF_BF3_h5s16n4.txt,BBLCT,16,5,48,20,600.0,1,2.1,6,12.5,5,483.04,65.0,1245,true,completed
BF_BF3_h5s16n5.txt,BBLCT,16,5,48,20,600.0,1,2.1,6,12.5,6,594.00,59.1,959,true,completed
BF_BF3_h5s16n6.txt,BBLCT,16,5,48,20,600.0,1,2.1,4,8.3,5,582.87,20.9,448,true,completed
BF_BF3_h5s16n7.txt,BBLCT,16,5,48,20,600.0,1,2.1,5,10.4,6,587.34,132.0,2176,true,completed
BF_BF3_h5s16n8.txt,BBLCT,16,5,48,20,600.0,0,0.0,5,10.4,6,598.94,45.8,775,true,completed
BF_BF3_h5s16n9.txt,BBLCT,16,5,48,20,600.0,1,2.1,3,6.2,4,444.40,43.8,563,true,completed
BF_BF4_h5s16n1.txt,BBLCT,16,5,48,20,600.0,0,0.0,3,6.2,6,596.87,153.9,2882,true,completed
BF_BF4_h5s16n10.txt,BBLCT,16,5,48,20,600.0,0,0.0,5,10.4,6,596.96,48.6,1121,true,completed
BF_BF4_h5s16n11.txt,BBLCT,16,5,48,20,600.0,0,0.0,3,6.2,5,598.43,14.6,291,true,completed
BF_BF4_h5s16n12.txt,BBLCT,16,5,48,20,600.0,0,0.0,4,8.3,5,595.74,33.0,694,true,completed
BF_BF4_h5s16n13.txt,BBLCT,16,5,48,20,600.0,1,2.1,4,8.3,6,585.19,14.1,426,true,completed
BF_BF4_h5s16n14.txt,BBLCT,16,5,48,20,600.0,1,2.1,9,18.8,6,599.96,709.0,27587,true,completed
BF_BF4_h5s16n15.txt,BBLCT,16,5,48,20,600.0,0,0.0,2,4.2,5,588.55,59.8,1334,true,completed
BF_BF4_h5s16n16.txt,BBLCT,16,5,48,20,600.0,1,2.1,4,8.3,6,596.76,10.8,264,true,completed
BF_BF4_h5s16n17.txt,BBLCT,16,5,48,20,600.0,1,2.1,4,8.3,2,183.69,36.2,778,true,completed
BF_BF4_h5s16n18.txt,BBLCT,16,5,48,20,600.0,1,2.1,4,8.3,5,562.53,7.5,214,true,completed
BF_BF4_h5s16n19.txt,BBLCT,16,5,48,20,600.0,1,2.1,8,16.7,5,595.91,24.0,572,true,completed
BF_BF4_h5s16n2.txt,BBLCT,16,5,48,20,600.0,1,2.1,4,8.3,6,596.58,14.9,425,true,completed
BF_BF4_h5s16n20.txt,BBLCT,16,5,48,20,600.0,1,2.1,6,12.5,6,599.29,39.1,636,true,completed
BF_BF4_h5s16n3.txt,BBLCT,16,5,48,20,600.0,0,0.0,6,12.5,5,570.70,451.7,12963,true,completed
BF_BF4_h5s16n4.txt,BBLCT,16,5,48,20,600.0,0,0.0,4,8.3,5,596.17,48.7,1031,true,completed
BF_BF4_h5s16n5.txt,BBLCT,16,5,48,20,600.0,0,0.0,1,2.1,5,595.46,20.5,426,true,completed
BF_BF4_h5s16n6.txt,BBLCT,16,5,48,20,600.0,2,4.2,7,14.6,6,588.42,10.0,259,true,completed
BF_BF4_h5s16n7.txt,BBLCT,16,5,48,20,600.0,0,0.0,3,6.2,5,515.20,298.7,4613,true,completed
BF_BF4_h5s16n8.txt,BBLCT,16,5,48,20,600.0,0,0.0,2,4.2,5,599.86,5500.9,77784,true,completed
BF_BF4_h5s16n9.txt,BBLCT,16,5,48,20,600.0,0,0.0,2,4.2,5,583.90,2130.4,35727,true,completed
BF_BF5_h5s16n1.txt,BBLCT,16,5,64,13,600.0,1,1.6,3,4.7,5,532.59,22.0,510,true,completed
BF_BF5_h5s16n10.txt,BBLCT,16,5,64,13,600.0,1,1.6,8,12.5,6,558.90,84.0,1376,true,completed
BF_BF5_h5s16n11.txt,BBLCT,16,5,64,13,600.0,1,1.6,4,6.2,6,593.48,37.3,556,true,completed
BF_BF5_h5s16n12.txt,BBLCT,16,5,64,13,600.0,1,1.6,6,9.4,6,572.80,24.5,572,true,completed
BF_BF5_h5s16n13.txt,BBLCT,16,5,64,13,600.0,0,0.0,3,4.7,7,597.73,221.1,3010,true,completed
BF_BF5_h5s16n14.txt,BBLCT,16,5,64,13,600.0,2,3.1,4,6.2,6,587.21,24.5,448,true,completed
BF_BF5_h5s16n15.txt,BBLCT,16,5,64,13,600.0,3,4.7,6,9.4,5,595.49,403.3,7920,true,completed
BF_BF5_h5s16n16.txt,BBLCT,16,5,64,13,600.0,1,1.6,3,4.7,6,599.98,32.6,548,true,completed
BF_BF5_h5s16n17.txt,BBLCT,16,5,64,13,600.0,1,1.6,5,7.8,6,597.48,33.6,578,true,completed
BF_BF5_h5s16n18.txt,BBLCT,16,5,64,13,600.0,1,1.6,3,4.7,6,591.51,211.1,2772,true,completed
BF_BF5_h5s16n19.txt,BBLCT,16,5,64,13,600.0,2,3.1,5,7.8,6,595.96,265.9,4279,true,completed
BF_BF5_h5s16n2.txt,BBLCT,16,5,64,13,600.0,1,1.6,5,7.8,6,596.99,24.9,584,true,completed
BF_BF5_h5s16n20.txt,BBLCT,16,5,64,13,600.0,2,3.1,4,6.2,5,597.34,25.0,499,true,completed
BF_BF5_h5s16n3.txt,BBLCT,16,5,64,13,600.0,2,3.1,8,12.5,6,594.16,22.3,390,true,completed
BF_BF5_h5s16n4.txt,BBLCT,16,5,64,13,600.0,4,6.2,8,12.5,6,599.19,412.6,6740,true,completed
BF_BF5_h5s16n5.txt,BBLCT,16,5,64,13,600.0,1,1.6,4,6.2,6,597.24,178.3,2929,true,completed
BF_BF5_h5s16n6.txt,BBLCT,16,5,64,13,600.0,0,0.0,5,7.8,6,594.81,33.0,531,true,completed
BF_BF5_h5s16n7.txt,BBLCT,16,5,64,13,600.0,0,0.0,3,4.7,6,587.59,73.1,1274,true,completed
BF_BF5_h5s16n8.txt,BBLCT,16,5,64,13,600.0,0,0.0,3,4.7,6,596.06,2191.2,29128,true,completed
BF_BF5_h5s16n9.txt,BBLCT,16,5,64,13,600.0,1,1.6,6,9.4,6,566.64,65.2,702,true,completed
BF_BF6_h5s16n1.txt,BBLCT,16,5,64,13,600.0,2,3.1,6,9.4,6,597.68,113.4,3335,true,completed
BF_BF6_h5s16n10.txt,BBLCT,16,5,64,13,600.0,1,1.6,2,3.1,3,332.26,60.4,1241,true,completed
BF_BF6_h5s16n11.txt,BBLCT,16,5,64,13,600.0,0,0.0,2,3.1,4,433.04,12.2,259,true,completed
BF_BF6_h5s16n12.txt,BBLCT,16,5,64,13,600.0,0,0.0,2,3.1,2,200.80,6.8,229,true,completed
BF_BF6_h5s16n13.txt,BBLCT,16,5,64,13,600.0,2,3.1,4,6.2,6,599.10,616.2,13519,true,completed
BF_BF6_h5s16n14.txt,BBLCT,16,5,64,13,600.0,1,1.6,3,4.7,3,294.87,139.9,4105,true,completed
BF_BF6_h5s16n15.txt,BBLCT,16,5,64,13,600.0,0,0.0,3,4.7,6,598.49,11.8,360,true,completed
BF_BF6_h5s16n16.txt,BBLCT,16,5,64,13,600.0,2,3.1,8,12.5,5,502.30,473.5,9270,true,completed
BF_BF6_h5s16n17.txt,BBLCT,16,5,64,13,600.0,0,0.0,2,3.1,4,418.50,41.9,786,true,completed
BF_BF6_h5s16n18.txt,BBLCT,16,5,64,13,600.0,0,0.0,2,3.1,3,280.97,508.7,11823,true,completed
BF_BF6_h5s16n19.txt,BBLCT,16,5,64,13,600.0,2,3.1,5,7.8,5,595.55,22.4,729,true,completed
BF_BF6_h5s16n2.txt,BBLCT,16,5,64,13,600.0,1,1.6,3,4.7,6,594.07,19.0,387,true,completed
BF_BF6_h5s16n20.txt,BBLCT,16,5,64,13,600.0,0,0.0,4,6.2,6,594.59,139.1,2839,true,completed
BF_BF6_h5s16n3.txt,BBLCT,16,5,64,13,600.0,2,3.1,6,9.4,5,551.13,66.2,1937,true,completed
BF_BF6_h5s16n4.txt,BBLCT,16,5,64,13,600.0,0,0.0,3,4.7,6,599.61,60.9,1143,true,completed
BF_BF6_h5s16n5.txt,BBLCT,16,5,64,13,600.0,2,3.1,4,6.2,6,587.88,14.3,276,true,completed
BF_BF6_h5s16n6.txt,BBLCT,16,5,64,13,600.0,0,0.0,3,4.7,6,598.63,56.0,1013,true,completed
BF_BF6_h5s16n7.txt,BBLCT,16,5,64,13,600.0,0,0.0,4,6.2,6,584.81,314.5,6449,true,completed
BF_BF6_h5s16n8.txt,BBLCT,16,5,64,13,600.0,1,1.6,3,4.7,5,572.33,9.0,301,true,completed
BF_BF6_h5s16n9.txt,BBLCT,16,5,64,13,600.0,5,7.8,6,9.4,2,233.50,76.0,1065,true,completed
BF_BF7_h5s16n1.txt,BBLCT,16,5,64,26,600.0,1,1.6,2,3.1,4,412.33,50.7,788,true,completed
BF_BF7_h5s16n10.txt,BBLCT,16,5,64,26,600.0,2,3.1,7,10.9,6,598.23,42.8,576,true,completed
BF_BF7_h5s16n11.txt,BBLCT,16,5,64,26,600.0,1,1.6,4,6.2,6,555.90,145.8,1696,true,completed
BF_BF7_h5s16n12.txt,BBLCT,16,5,64,26,600.0,1,1.6,8,12.5,5,594.53,45.2,1035,true,completed
BF_BF7_h5s16n13.txt,BBLCT,16,5,64,26,600.0,0,0.0,3,4.7,6,598.42,18.5,315,true,completed
BF_BF7_h5s16n14.txt,BBLCT,16,5,64,26,600.0,1,1.6,3,4.7,6,599.54,149.7,2264,true,completed
BF_BF7_h5s16n15.txt,BBLCT,16,5,64,26,600.0,2,3.1,5,7.8,2,212.33,574.5,6980,true,completed
BF_BF7_h5s16n16.txt,BBLCT,16,5,64,26,600.0,1,1.6,4,6.2,5,597.46,43.4,847,true,completed
BF_BF7_h5s16n17.txt,BBLCT,16,5,64,26,600.0,0,0.0,3,4.7,6,595.25,43.0,563,true,completed
BF_BF7_h5s16n18.txt,BBLCT,16,5,64,26,600.0,3,4.7,4,6.2,6,596.45,23.3,350,true,completed
BF_BF7_h5s16n19.txt,BBLCT,16,5,64,26,600.0,0,0.0,3,4.7,6,599.83,113.1,2008,true,completed
BF_BF7_h5s16n2.txt,BBLCT,16,5,64,26,600.0,1,1.6,5,7.8,5,546.40,93.8,1332,true,completed
BF_BF7_h5s16n20.txt,BBLCT,16,5,64,26,600.0,1,1.6,7,10.9,6,593.59,912.4,11805,true,completed
BF_BF7_h5s16n3.txt,BBLCT,16,5,64,26,600.0,1,1.6,4,6.2,5,523.21,42.6,602,true,completed
BF_BF7_h5s16n4.txt,BBLCT,16,5,64,26,600.0,2,3.1,8,12.5,6,591.45,12.4,332,true,completed
BF_BF7_h5s16n5.txt,BBLCT,16,5,64,26,600.0,0,0.0,3,4.7,6,589.25,57.2,687,true,completed
BF_BF7_h5s16n6.txt,BBLCT,16,5,64,26,600.0,1,1.6,5,7.8,7,599.30,69.8,1258,true,completed
BF_BF7_h5s16n7.txt,BBLCT,16,5,64,26,600.0,1,1.6,5,7.8,6,598.64,34.1,394,true,completed
BF_BF7_h5s16n8.txt,BBLCT,16,5,64,26,600.0,0,0.0,8,12.5,6,584.64,89.4,1766,true,completed
BF_BF7_h5s16n9.txt,BBLCT,16,5,64,26,600.0,0,0.0,6,9.4,6,595.65,187.2,2570,true,completed
BF_BF8_h5s16n1.txt,BBLCT,16,5,64,26,600.0,1,1.6,3,4.7,5,583.38,14.3,317,true,completed
BF_BF8_h5s16n10.txt,BBLCT,16,5,64,26,600.0,0,0.0,2,3.1,6,574.08,11.9,291,true,completed
BF_BF8_h5s16n11.txt,BBLCT,16,5,64,26,600.0,0,0.0,1,1.6,6,584.11,44.1,848,true,completed
BF_BF8_h5s16n12.txt,BBLCT,16,5,64,26,600.0,0,0.0,1,1.6,2,208.90,12.0,374,true,completed
BF_BF8_h5s16n13.txt,BBLCT,16,5,64,26,600.0,0,0.0,3,4.7,5,542.97,483.8,15787,true,completed
BF_BF8_h5s16n14.txt,BBLCT,16,5,64,26,600.0,0,0.0,3,4.7,5,579.56,25.3,906,true,completed
BF_BF8_h5s16n15.txt,BBLCT,16,5,64,26,600.0,1,1.6,3,4.7,6,596.83,41.2,692,true,completed
BF_BF8_h5s16n16.txt,BBLCT,16,5,64,26,600.0,1,1.6,2,3.1,2,217.94,8.8,227,true,completed
BF_BF8_h5s16n17.txt,BBLCT,16,5,64,26,600.0,0,0.0,1,1.6,5,595.44,19.0,428,true,completed
BF_BF8_h5s16n18.txt,BBLCT,16,5,64,26,600.0,1,1.6,5,7.8,6,598.38,5.7,209,true,completed
BF_BF8_h5s16n19.txt,BBLCT,16,5,64,26,600.0,1,1.6,3,4.7,5,545.00,43.6,954,true,completed
BF_BF8_h5s16n2.txt,BBLCT,16,5,64,26,600.0,0,0.0,4,6.2,6,598.01,25.1,600,true,completed
BF_BF8_h5s16n20.txt,BBLCT,16,5,64,26,600.0,1,1.6,2,3.1,2,198.07,9.5,302,true,completed
BF_BF8_h5s16n3.txt,BBLCT,16,5,64,26,600.0,1,1.6,3,4.7,5,550.14,7.4,214,true,completed
BF_BF8_h5s16n4.txt,BBLCT,16,5,64,26,600.0,1,1.6,7,10.9,6,595.85,56.9,1213,true,completed
BF_BF8_h5s16n5.txt,BBLCT,16,5,64,26,600.0,1,1.6,5,7.8,5,568.37,40.3,767,true,completed
BF_BF8_h5s16n6.txt,BBLCT,16,5,64,26,600.0,0,0.0,4,6.2,6,598.37,74.0,1582,true,completed
BF_BF8_h5s16n7.txt,BBLCT,16,5,64,26,600.0,2,3.1,4,6.2,4,435.18,14.9,247,true,completed
BF_BF8_h5s16n8.txt,BBLCT,16,5,64,26,600.0,1,1.6,3,4.7,5,526.49,12.1,429,true,completed
BF_BF8_h5s16n9.txt,BBLCT,16,5,64,26,600.0,1,1.6,2,3.1,2,211.73,9.9,292,true,completed
BF_BF9_h8s16n1.txt,BBLCT,16,8,77,16,600.0,0,0.0,1,1.3,2,266.39,222.2,1567,true,completed
BF_BF9_h8s16n10.txt,BBLCT,16,8,77,16,600.0,1,1.3,3,3.9,4,568.92,935.1,7683,true,completed
BF_BF9_h8s16n11.txt,BBLCT,16,8,77,16,600.0,2,2.6,3,3.9,5,581.26,51.2,694,true,completed
BF_BF9_h8s16n12.txt,BBLCT,16,8,77,16,600.0,1,1.3,2,2.6,2,299.16,292.9,2236,true,completed
BF_BF9_h8s16n13.txt,BBLCT,16,8,77,16,600.0,1,1.3,3,3.9,4,576.11,97.5,804,true,completed
BF_BF9_h8s16n14.txt,BBLCT,16,8,77,16,600.0,2,2.6,3,3.9,5,577.02,93.1,606,true,completed
BF_BF9_h8s16n15.txt,BBLCT,16,8,77,16,600.0,3,3.9,6,7.8,4,595.72,2355.5,18093,true,completed
BF_BF9_h8s16n16.txt,BBLCT,16,8,77,16,600.0,1,1.3,3,3.9,4,564.30,92.6,674,true,completed
BF_BF9_h8s16n17.txt,BBLCT,16,8,77,16,600.0,2,2.6,3,3.9,4,599.16,4147.9,28527,true,completed
BF_BF9_h8s16n18.txt,BBLCT,16,8,77,16,600.0,3,3.9,4,5.2,1,86.07,73.5,530,true,completed
BF_BF9_h8s16n19.txt,BBLCT,16,8,77,16,600.0,1,1.3,3,3.9,4,593.60,178.2,1734,true,completed
BF_BF9_h8s16n2.txt,BBLCT,16,8,77,16,600.0,1,1.3,3,3.9,4,598.19,3752.9,27736,true,completed
BF_BF9_h8s16n20.txt,BBLCT,16,8,77,16,600.0,1,1.3,3,3.9,4,594.45,113.0,806,true,completed
BF_BF9_h8s16n3.txt,BBLCT,16,8,77,16,600.0,1,1.3,2,2.6,2,235.79,15986.2,124769,true,completed
BF_BF9_h8s16n4.txt,BBLCT,16,8,77,16,600.0,1,1.3,2,2.6,1,147.35,478.7,3217,true,completed
BF_BF9_h8s16n5.txt,BBLCT,16,8,77,16,600.0,3,3.9,3,3.9,0,0.00,561.2,3705,true,completed
BF_BF9_h8s16n6.txt,BBLCT,16,8,77,16,600.0,1,1.3,3,3.9,4,566.47,65.7,746,true,completed
BF_BF9_h8s16n7.txt,BBLCT,16,8,77,16,600.0,1,1.3,4,5.2,5,578.23,677.3,7425,true,completed
BF_BF9_h8s16n8.txt,BBLCT,16,8,77,16,600.0,4,5.2,6,7.8,3,363.49,246.5,1801,true,completed
BF_BF9_h8s16n9.txt,BBLCT,16,8,77,16,600.0,1,1.3,4,5.2,5,588.56,69.9,851,true,completed
BF_BF10_h8s16n1.txt,BBLCT,16,8,77,16,900.0,0,0.0,3,3.9,8,898.91,4955.4,48096,true,completed
BF_BF10_h8s16n10.txt,BBLCT,16,8,77,16,900.0,2,2.6,5,6.5,7,899.94,98.4,1365,true,completed
BF_BF10_h8s16n11.txt,BBLCT,16,8,77,16,900.0,2,2.6,4,5.2,6,615.93,89828.8,708735,true,completed
BF_BF10_h8s16n12.txt,BBLCT,16,8,77,16,900.0,1,1.3,5,6.5,7,898.89,55.9,841,true,completed
BF_BF10_h8s16n13.txt,BBLCT,16,8,77,16,900.0,1,1.3,3,3.9,5,545.24,57042.0,660718,true,completed
BF_BF10_h8s16n14.txt,BBLCT,16,8,77,16,900.0,1,1.3,5,6.5,9,894.23,1366.8,15242,true,completed
BF_BF10_h8s16n15.txt,BBLCT,16,8,77,16,900.0,2,2.6,4,5.2,6,876.53,62.5,913,true,completed
BF_BF10_h8s16n16.txt,BBLCT,16,8,77,16,900.0,0,0.0,2,2.6,4,498.59,595043.8,5065728,false,cpu_limit
BF_BF10_h8s16n17.txt,BBLCT,16,8,77,16,900.0,0,0.0,3,3.9,8,892.14,143.9,1139,true,completed
BF_BF10_h8s16n18.txt,BBLCT,16,8,77,16,900.0,1,1.3,3,3.9,5,599.66,2846.7,32589,true,completed
BF_BF10_h8s16n19.txt,BBLCT,16,8,77,16,900.0,0,0.0,2,2.6,5,495.83,595063.6,4883456,false,cpu_limit
BF_BF10_h8s16n2.txt,BBLCT,16,8,77,16,900.0,2,2.6,4,5.2,8,897.52,2446.1,24706,true,completed
BF_BF10_h8s16n20.txt,BBLCT,16,8,77,16,900.0,0,0.0,3,3.9,8,899.63,138.8,1613,true,completed
BF_BF10_h8s16n3.txt,BBLCT,16,8,77,16,900.0,2,2.6,8,10.4,8,882.94,2727.8,27021,true,completed
BF_BF10_h8s16n4.txt,BBLCT,16,8,77,16,900.0,0,0.0,3,3.9,5,542.89,23864.1,162232,true,completed
BF_BF10_h8s16n5.txt,BBLCT,16,8,77,16,900.0,1,1.3,3,3.9,5,544.97,19373.0,179055,true,completed
BF_BF10_h8s16n6.txt,BBLCT,16,8,77,16,900.0,1,1.3,4,5.2,8,899.94,226.3,3039,true,completed
BF_BF10_h8s16n7.txt,BBLCT,16,8,77,16,900.0,0,0.0,2,2.6,6,648.96,595113.1,6981632,false,cpu_limit
BF_BF10_h8s16n8.txt,BBLCT,16,8,77,16,900.0,1,1.3,2,2.6,2,222.27,82580.3,919352,true,completed
BF_BF10_h8s16n9.txt,BBLCT,16,8,77,16,900.0,2,2.6,4,5.2,5,558.12,595097.7,4436992,false,cpu_limit
BF_BF11_h8s16n1.txt,BBLCT,16,8,77,31,900.0,0,0.0,3,3.9,7,899.82,491.4,3104,true,completed
BF_BF11_h8s16n10.txt,BBLCT,16,8,77,31,900.0,0,0.0,3,3.9,7,892.44,776.4,5007,true,completed
BF_BF11_h8s16n11.txt,BBLCT,16,8,77,31,900.0,0,0.0,2,2.6,7,895.27,15678.8,119840,true,completed
BF_BF11_h8s16n12.txt,BBLCT,16,8,77,31,900.0,0,0.0,1,1.3,7,881.17,70.1,957,true,completed
BF_BF11_h8s16n13.txt,BBLCT,16,8,77,31,900.0,0,0.0,3,3.9,7,894.19,195.3,2101,true,completed
BF_BF11_h8s16n14.txt,BBLCT,16,8,77,31,900.0,0,0.0,4,5.2,7,893.00,116.9,1184,true,completed
BF_BF11_h8s16n15.txt,BBLCT,16,8,77,31,900.0,1,1.3,4,5.2,7,898.00,164.0,1433,true,completed
BF_BF11_h8s16n16.txt,BBLCT,16,8,77,31,900.0,0,0.0,4,5.2,7,899.37,859.7,6005,true,completed
BF_BF11_h8s16n17.txt,BBLCT,16,8,77,31,900.0,2,2.6,5,6.5,7,898.90,17.8,120,true,completed
BF_BF11_h8s16n18.txt,BBLCT,16,8,77,31,900.0,0,0.0,3,3.9,7,889.87,390.3,3803,true,completed
BF_BF11_h8s16n19.txt,BBLCT,16,8,77,31,900.0,0,0.0,4,5.2,8,898.56,129.6,1596,true,completed
BF_BF11_h8s16n2.txt,BBLCT,16,8,77,31,900.0,1,1.3,3,3.9,6,898.10,3721.1,23772,true,completed
BF_BF11_h8s16n20.txt,BBLCT,16,8,77,31,900.0,1,1.3,5,6.5,7,887.60,137.2,1208,true,completed
BF_BF11_h8s16n3.txt,BBLCT,16,8,77,31,900.0,1,1.3,4,5.2,7,899.97,89.3,1007,true,completed
BF_BF11_h8s16n4.txt,BBLCT,16,8,77,31,900.0,0,0.0,1,1.3,2,334.27,145.8,1639,true,completed
BF_BF11_h8s16n5.txt,BBLCT,16,8,77,31,900.0,0,0.0,5,6.5,7,895.62,84.7,1020,true,completed
BF_BF11_h8s16n6.txt,BBLCT,16,8,77,31,900.0,0,0.0,3,3.9,6,883.68,157.7,1290,true,completed
BF_BF11_h8s16n7.txt,BBLCT,16,8,77,31,900.0,0,0.0,4,5.2,7,897.87,930.8,7311,true,completed
BF_BF11_h8s16n8.txt,BBLCT,16,8,77,31,900.0,0,0.0,2,2.6,7,897.61,122.3,1108,true,completed
BF_BF11_h8s16n9.txt,BBLCT,16,8,77,31,900.0,0,0.0,1,1.3,7,896.92,116.3,1265,true,completed
BF_BF12_h8s16n1.txt,BBLCT,16,8,77,31,900.0,0,0.0,1,1.3,7,896.69,1066.5,10813,true,completed
BF_BF12_h8s16n10.txt,BBLCT,16,8,77,31,900.0,0,0.0,4,5.2,8,893.62,19848.2,348397,true,completed
BF_BF12_h8s16n11.txt,BBLCT,16,8,77,31,900.0,0,0.0,1,1.3,7,899.78,59.9,874,true,completed
BF_BF12_h8s16n12.txt,BBLCT,16,8,77,31,900.0,0,0.0,4,5.2,7,899.62,574.0,11414,true,completed
BF_BF12_h8s16n13.txt,BBLCT,16,8,77,31,900.0,0,0.0,1,1.3,7,797.52,35.5,726,true,completed
BF_BF12_h8s16n14.txt,BBLCT,16,8,77,31,900.0,0,0.0,3,3.9,7,859.12,43.5,800,true,completed
BF_BF12_h8s16n15.txt,BBLCT,16,8,77,31,900.0,0,0.0,4,5.2,8,868.44,107.1,1219,true,completed
BF_BF12_h8s16n16.txt,BBLCT,16,8,77,31,900.0,2,2.6,7,9.1,6,892.35,1073.5,16111,true,completed
BF_BF12_h8s16n17.txt,BBLCT,16,8,77,31,900.0,0,0.0,1,1.3,1,88.54,40.0,621,true,completed
BF_BF12_h8s16n18.txt,BBLCT,16,8,77,31,900.0,1,1.3,4,5.2,7,669.40,595059.8,6199296,false,cpu_limit
BF_BF12_h8s16n19.txt,BBLCT,16,8,77,31,900.0,1,1.3,3,3.9,5,582.78,394381.5,3468834,true,completed
BF_BF12_h8s16n2.txt,BBLCT,16,8,77,31,900.0,1,1.3,1,1.3,0,0.00,293.4,5136,true,completed
BF_BF12_h8s16n20.txt,BBLCT,16,8,77,31,900.0,1,1.3,4,5.2,7,892.26,62.8,852,true,completed
BF_BF12_h8s16n3.txt,BBLCT,16,8,77,31,900.0,2,2.6,6,7.8,9,899.70,1001.7,8916,true,completed
BF_BF12_h8s16n4.txt,BBLCT,16,8,77,31,900.0,3,3.9,6,7.8,7,898.79,130.0,1435,true,completed
BF_BF12_h8s16n5.txt,BBLCT,16,8,77,31,900.0,0,0.0,1,1.3,6,895.34,65.8,1045,true,completed
BF_BF12_h8s16n6.txt,BBLCT,16,8,77,31,900.0,1,1.3,6,7.8,7,897.95,331.5,2763,true,completed
BF_BF12_h8s16n7.txt,BBLCT,16,8,77,31,900.0,0,0.0,3,3.9,5,589.49,14965.2,161759,true,completed
BF_BF12_h8s16n8.txt,BBLCT,16,8,77,31,900.0,0,0.0,3,3.9,8,899.30,145.7,1916,true,completed
BF_BF12_h8s16n9.txt,BBLCT,16,8,77,31,900.0,0,0.0,2,2.6,6,622.51,90767.7,954335,true,completed
BF_BF13_h8s16n1.txt,BBLCT,16,8,103,21,900.0,1,1.0,3,2.9,5,546.03,595141.1,4809728,false,cpu_limit
BF_BF13_h8s16n10.txt,BBLCT,16,8,103,21,900.0,2,1.9,3,2.9,9,899.58,89.4,1014,true,completed
BF_BF13_h8s16n11.txt,BBLCT,16,8,103,21,900.0,0,0.0,2,1.9,8,895.27,69909.9,552834,true,completed
BF_BF13_h8s16n12.txt,BBLCT,16,8,103,21,900.0,1,1.0,5,4.9,7,683.61,595050.9,6267904,false,cpu_limit
BF_BF13_h8s16n13.txt,BBLCT,16,8,103,21,900.0,0,0.0,2,1.9,8,896.46,314.9,3102,true,completed
BF_BF13_h8s16n14.txt,BBLCT,16,8,103,21,900.0,0,0.0,2,1.9,6,542.55,595144.8,4960256,false,cpu_limit
BF_BF13_h8s16n15.txt,BBLCT,16,8,103,21,900.0,0,0.0,2,1.9,3,358.36,595124.5,4359168,false,cpu_limit
BF_BF13_h8s16n16.txt,BBLCT,16,8,103,21,900.0,1,1.0,6,5.8,8,896.14,2778.3,35822,true,completed
BF_BF13_h8s16n17.txt,BBLCT,16,8,103,21,900.0,0,0.0,3,2.9,5,560.61,595050.4,5624832,false,cpu_limit
BF_BF13_h8s16n18.txt,BBLCT,16,8,103,21,900.0,0,0.0,3,2.9,5,556.61,595047.8,4341760,false,cpu_limit
BF_BF13_h8s16n19.txt,BBLCT,16,8,103,21,900.0,1,1.0,2,1.9,4,501.28,595057.5,5569536,false,cpu_limit
BF_BF13_h8s16n2.txt,BBLCT,16,8,103,21,900.0,1,1.0,2,1.9,3,362.26,4787.2,38394,true,completed
BF_BF13_h8s16n20.txt,BBLCT,16,8,103,21,900.0,0,0.0,3,2.9,8,899.18,440.9,15855,true,completed
BF_BF13_h8s16n3.txt,BBLCT,16,8,103,21,900.0,1,1.0,4,3.9,5,548.29,595088.5,4555776,false,cpu_limit
BF_BF13_h8s16n4.txt,BBLCT,16,8,103,21,900.0,2,1.9,3,2.9,4,380.45,595122.4,4534272,false,cpu_limit
BF_BF13_h8s16n5.txt,BBLCT,16,8,103,21,900.0,2,1.9,4,3.9,8,898.75,208820.8,1699989,true,completed
BF_BF13_h8s16n6.txt,BBLCT,16,8,103,21,900.0,1,1.0,4,3.9,8,886.22,1209.2,10178,true,completed
BF_BF13_h8s16n7.txt,BBLCT,16,8,103,21,900.0,0,0.0,2,1.9,4,463.76,595063.5,5291008,false,cpu_limit
BF_BF13_h8s16n8.txt,BBLCT,16,8,103,21,900.0,2,1.9,3,2.9,4,477.65,595075.1,5049344,false,cpu_limit
BF_BF13_h8s16n9.txt,BBLCT,16,8,103,21,900.0,0,0.0,4,3.9,4,450.00,114930.2,1119201,true,completed
BF_BF14_h8s16n1.txt,BBLCT,16,8,103,21,900.0,2,1.9,7,6.8,4,408.20,595101.3,3981312,false,cpu_limit
BF_BF14_h8s16n10.txt,BBLCT,16,8,103,21,900.0,1,1.0,3,2.9,4,461.10,129264.3,1498884,true,completed
BF_BF14_h8s16n11.txt,BBLCT,16,8,103,21,900.0,0,0.0,3,2.9,8,885.62,29517.0,308134,true,completed
BF_BF14_h8s16n12.txt,BBLCT,16,8,103,21,900.0,1,1.0,4,3.9,5,578.46,595156.2,5124096,false,cpu_limit
BF_BF14_h8s16n13.txt,BBLCT,16,8,103,21,900.0,0,0.0,2,1.9,5,478.44,595101.6,5431296,false,cpu_limit
BF_BF14_h8s16n14.txt,BBLCT,16,8,103,21,900.0,1,1.0,3,2.9,8,899.98,1234.2,17151,true,completed
BF_BF14_h8s16n15.txt,BBLCT,16,8,103,21,900.0,2,1.9,7,6.8,7,863.79,88.8,980,true,completed
BF_BF14_h8s16n16.txt,BBLCT,16,8,103,21,900.0,0,0.0,2,1.9,8,846.10,10558.7,98455,true,completed
BF_BF14_h8s16n17.txt,BBLCT,16,8,103,21,900.0,1,1.0,7,6.8,9,893.47,80.7,1328,true,completed
BF_BF14_h8s16n18.txt,BBLCT,16,8,103,21,900.0,0,0.0,2,1.9,5,548.66,595038.2,6213632,false,cpu_limit
BF_BF14_h8s16n19.txt,BBLCT,16,8,103,21,900.0,0,0.0,3,2.9,8,873.50,404740.2,3405949,true,completed
BF_BF14_h8s16n2.txt,BBLCT,16,8,103,21,900.0,1,1.0,3,2.9,8,899.17,81.2,962,true,completed
BF_BF14_h8s16n20.txt,BBLCT,16,8,103,21,900.0,0,0.0,3,2.9,8,896.39,114.6,1339,true,completed
BF_BF14_h8s16n3.txt,BBLCT,16,8,103,21,900.0,0,0.0,5,4.9,7,899.47,124005.8,1305024,true,completed
BF_BF14_h8s16n4.txt,BBLCT,16,8,103,21,900.0,2,1.9,4,3.9,6,559.86,595112.1,5594112,false,cpu_limit
BF_BF14_h8s16n5.txt,BBLCT,16,8,103,21,900.0,2,1.9,3,2.9,4,502.84,595104.1,5110784,false,cpu_limit
BF_BF14_h8s16n6.txt,BBLCT,16,8,103,21,900.0,0,0.0,2,1.9,4,420.39,595123.9,5829632,false,cpu_limit
BF_BF14_h8s16n7.txt,BBLCT,16,8,103,21,900.0,1,1.0,3,2.9,8,898.54,21422.0,225355,true,completed
BF_BF14_h8s16n8.txt,BBLCT,16,8,103,21,900.0,0,0.0,3,2.9,7,874.18,2585.8,31969,true,completed
BF_BF14_h8s16n9.txt,BBLCT,16,8,103,21,900.0,1,1.0,2,1.9,5,505.57,595116.3,5925888,false,cpu_limit
BF_BF15_h8s16n1.txt,BBLCT,16,8,103,42,900.0,0,0.0,2,1.9,6,898.70,1715.9,15765,true,completed
BF_BF15_h8s16n10.txt,BBLCT,16,8,103,42,900.0,0,0.0,1,1.0,1,133.88,53.0,936,true,completed
BF_BF15_h8s16n11.txt,BBLCT,16,8,103,42,900.0,0,0.0,2,1.9,6,583.82,595087.1,5151744,false,cpu_limit
BF_BF15_h8s16n12.txt,BBLCT,16,8,103,42,900.0,1,1.0,3,2.9,8,887.61,79551.0,715038,true,completed
BF_BF15_h8s16n13.txt,BBLCT,16,8,103,42,900.0,1,1.0,8,7.8,7,898.85,17814.7,127977,true,completed
BF_BF15_h8s16n14.txt,BBLCT,16,8,103,42,900.0,1,1.0,8,7.8,8,894.66,132.4,1741,true,completed
BF_BF15_h8s16n15.txt,BBLCT,16,8,103,42,900.0,0,0.0,4,3.9,8,883.96,149.2,1933,true,completed
BF_BF15_h8s16n16.txt,BBLCT,16,8,103,42,900.0,0,0.0,2,1.9,7,895.43,61.0,658,true,completed
BF_BF15_h8s16n17.txt,BBLCT,16,8,103,42,900.0,0,0.0,1,1.0,8,895.12,72.9,877,true,completed
BF_BF15_h8s16n18.txt,BBLCT,16,8,103,42,900.0,0,0.0,1,1.0,6,799.66,48.8,757,true,completed
BF_BF15_h8s16n19.txt,BBLCT,16,8,103,42,900.0,2,1.9,4,3.9,2,219.05,67.2,717,true,completed
BF_BF15_h8s16n2.txt,BBLCT,16,8,103,42,900.0,1,1.0,4,3.9,8,894.80,140.4,937,true,completed
BF_BF15_h8s16n20.txt,BBLCT,16,8,103,42,900.0,1,1.0,4,3.9,8,899.36,174.4,2305,true,completed
BF_BF15_h8s16n3.txt,BBLCT,16,8,103,42,900.0,0,0.0,2,1.9,8,899.52,42.0,751,true,completed
BF_BF15_h8s16n4.txt,BBLCT,16,8,103,42,900.0,0,0.0,3,2.9,7,887.17,113.6,1646,true,completed
BF_BF15_h8s16n5.txt,BBLCT,16,8,103,42,900.0,0,0.0,2,1.9,8,889.79,107.2,1187,true,completed
BF_BF15_h8s16n6.txt,BBLCT,16,8,103,42,900.0,0,0.0,1,1.0,7,853.01,58.3,650,true,completed
BF_BF15_h8s16n7.txt,BBLCT,16,8,103,42,900.0,0,0.0,4,3.9,8,899.09,64.7,894,true,completed
BF_BF15_h8s16n8.txt,BBLCT,16,8,103,42,900.0,0,0.0,2,1.9,8,899.53,4075.6,31424,true,completed
BF_BF15_h8s16n9.txt,BBLCT,16,8,103,42,900.0,1,1.0,5,4.9,6,891.66,8680.7,86944,true,completed
BF_BF16_h8s16n1.txt,BBLCT,16,8,103,42,900.0,0,0.0,4,3.9,9,896.24,6680.2,94188,true,completed
BF_BF16_h8s16n10.txt,BBLCT,16,8,103,42,900.0,0,0.0,1,1.0,8,889.75,153.8,1720,true,completed
BF_BF16_h8s16n11.txt,BBLCT,16,8,103,42,900.0,0,0.0,2,1.9,8,867.82,37635.8,451551,true,completed
BF_BF16_h8s16n12.txt,BBLCT,16,8,103,42,900.0,0,0.0,3,2.9,8,897.52,3450.7,47247,true,completed
BF_BF16_h8s16n13.txt,BBLCT,16,8,103,42,900.0,1,1.0,4,3.9,9,899.54,129.3,1173,true,completed
BF_BF16_h8s16n14.txt,BBLCT,16,8,103,42,900.0,0,0.0,4,3.9,9,896.52,1554.3,16584,true,completed
BF_BF16_h8s16n15.txt,BBLCT,16,8,103,42,900.0,0,0.0,2,1.9,8,898.47,1157.5,21349,true,completed
BF_BF16_h8s16n16.txt,BBLCT,16,8,103,42,900.0,1,1.0,4,3.9,5,642.28,19911.0,214966,true,completed
BF_BF16_h8s16n17.txt,BBLCT,16,8,103,42,900.0,0,0.0,1,1.0,8,889.84,40.4,647,true,completed
BF_BF16_h8s16n18.txt,BBLCT,16,8,103,42,900.0,0,0.0,4,3.9,9,889.15,101108.4,1182669,true,completed
BF_BF16_h8s16n19.txt,BBLCT,16,8,103,42,900.0,0,0.0,2,1.9,9,897.79,12435.2,145428,true,completed
BF_BF16_h8s16n2.txt,BBLCT,16,8,103,42,900.0,0,0.0,2,1.9,9,898.12,100.1,1289,true,completed
BF_BF16_h8s16n20.txt,BBLCT,16,8,103,42,900.0,0,0.0,3,2.9,7,873.27,1734.0,21031,true,completed
BF_BF16_h8s16n3.txt,BBLCT,16,8,103,42,900.0,0,0.0,1,1.0,7,874.67,74.8,802,true,completed
BF_BF16_h8s16n4.txt,BBLCT,16,8,103,42,900.0,1,1.0,2,1.9,7,891.53,340033.5,3252802,true,completed
BF_BF16_h8s16n5.txt,BBLCT,16,8,103,42,900.0,0,0.0,2,1.9,5,543.17,595031.9,4924416,false,cpu_limit
BF_BF16_h8s16n6.txt,BBLCT,16,8,103,42,900.0,1,1.0,2,1.9,7,896.78,10.8,275,true,completed
BF_BF16_h8s16n7.txt,BBLCT,16,8,103,42,900.0,0,0.0,2,1.9,7,877.61,27.6,447,true,completed
BF_BF16_h8s16n8.txt,BBLCT,16,8,103,42,900.0,0,0.0,1,1.0,7,894.51,749.6,7021,true,completed
BF_BF16_h8s16n9.txt,BBLCT,16,8,103,42,900.0,0,0.0,4,3.9,7,897.56,10251.7,131180,true,completed
BF_BF17_h5s20n1.txt,BBLCT,20,5,60,12,900.0,1,1.7,4,6.7,5,512.98,4542.5,43903,true,completed
BF_BF17_h5s20n10.txt,BBLCT,20,5,60,12,900.0,1,1.7,13,21.7,6,532.32,595059.9,3214336,false,cpu_limit
BF_BF17_h5s20n11.txt,BBLCT,20,5,60,12,900.0,0,0.0,6,10.0,9,893.25,216.5,1747,true,completed
BF_BF17_h5s20n12.txt,BBLCT,20,5,60,12,900.0,2,3.3,5,8.3,7,698.20,595180.6,3495936,false,cpu_limit
BF_BF17_h5s20n13.txt,BBLCT,20,5,60,12,900.0,2,3.3,9,15.0,9,898.08,21630.7,115154,true,completed
BF_BF17_h5s20n14.txt,BBLCT,20,5,60,12,900.0,2,3.3,9,15.0,9,895.40,34867.2,170932,true,completed
BF_BF17_h5s20n15.txt,BBLCT,20,5,60,12,900.0,0,0.0,10,16.7,9,897.73,6008.7,57500,true,completed
BF_BF17_h5s20n16.txt,BBLCT,20,5,60,12,900.0,1,1.7,7,11.7,9,888.90,186.1,1360,true,completed
BF_BF17_h5s20n17.txt,BBLCT,20,5,60,12,900.0,2,3.3,7,11.7,6,619.49,595110.7,3265536,false,cpu_limit
BF_BF17_h5s20n18.txt,BBLCT,20,5,60,12,900.0,0,0.0,6,10.0,9,889.64,3394.9,37585,true,completed
BF_BF17_h5s20n19.txt,BBLCT,20,5,60,12,900.0,2,3.3,6,10.0,6,581.46,595164.4,3302400,false,cpu_limit
BF_BF17_h5s20n2.txt,BBLCT,20,5,60,12,900.0,3,5.0,6,10.0,7,738.71,2848.8,15765,true,completed
BF_BF17_h5s20n20.txt,BBLCT,20,5,60,12,900.0,1,1.7,7,11.7,7,693.50,595176.8,3515392,false,cpu_limit
BF_BF17_h5s20n3.txt,BBLCT,20,5,60,12,900.0,4,6.7,10,16.7,7,721.44,595057.7,2826240,false,cpu_limit
BF_BF17_h5s20n4.txt,BBLCT,20,5,60,12,900.0,3,5.0,5,8.3,5,524.27,2474.9,17853,true,completed
BF_BF17_h5s20n5.txt,BBLCT,20,5,60,12,900.0,2,3.3,7,11.7,7,899.15,483032.0,2454893,true,completed
BF_BF17_h5s20n6.txt,BBLCT,20,5,60,12,900.0,1,1.7,7,11.7,9,898.59,1111.7,8972,true,completed
BF_BF17_h5s20n7.txt,BBLCT,20,5,60,12,900.0,2,3.3,9,15.0,9,894.22,586.9,3873,true,completed
BF_BF17_h5s20n8.txt,BBLCT,20,5,60,12,900.0,2,3.3,4,6.7,6,595.50,595082.7,3574784,false,cpu_limit
BF_BF17_h5s20n9.txt,BBLCT,20,5,60,12,900.0,1,1.7,7,11.7,9,878.54,88763.9,551283,true,completed
BF_BF18_h5s20n1.txt,BBLCT,20,5,60,12,900.0,1,1.7,4,6.7,8,859.63,87990.9,642051,true,completed
BF_BF18_h5s20n10.txt,BBLCT,20,5,60,12,900.0,0,0.0,3,5.0,5,503.33,2940.1,42752,true,completed
BF_BF18_h5s20n11.txt,BBLCT,20,5,60,12,900.0,0,0.0,3,5.0,8,899.92,1685.4,16130,true,completed
BF_BF18_h5s20n12.txt,BBLCT,20,5,60,12,900.0,1,1.7,6,10.0,8,874.05,11848.3,182848,true,completed
BF_BF18_h5s20n13.txt,BBLCT,20,5,60,12,900.0,3,5.0,8,13.3,8,897.20,776.7,7399,true,completed
BF_BF18_h5s20n14.txt,BBLCT,20,5,60,12,900.0,1,1.7,8,13.3,9,895.87,195666.0,1669666,true,completed
BF_BF18_h5s20n15.txt,BBLCT,20,5,60,12,900.0,0,0.0,5,8.3,8,898.16,105894.2,910073,true,completed
BF_BF18_h5s20n16.txt,BBLCT,20,5,60,12,900.0,1,1.7,5,8.3,8,898.73,50.0,771,true,completed
BF_BF18_h5s20n17.txt,BBLCT,20,5,60,12,900.0,1,1.7,3,5.0,5,555.90,230779.3,1983227,true,completed
BF_BF18_h5s20n18.txt,BBLCT,20,5,60,12,900.0,1,1.7,4,6.7,5,498.27,9062.5,96949,true,completed
BF_BF18_h5s20n19.txt,BBLCT,20,5,60,12,900.0,3,5.0,10,16.7,8,898.66,13499.0,178492,true,completed
BF_BF18_h5s20n2.txt,BBLCT,20,5,60,12,900.0,3,5.0,12,20.0,9,895.71,330298.9,2449999,true,completed
BF_BF18_h5s20n20.txt,BBLCT,20,5,60,12,900.0,2,3.3,6,10.0,8,893.83,62694.8,537044,true,completed
BF_BF18_h5s20n3.txt,BBLCT,20,5,60,12,900.0,0,0.0,3,5.0,8,898.22,1008.0,9891,true,completed
BF_BF18_h5s20n4.txt,BBLCT,20,5,60,12,900.0,2,3.3,4,6.7,8,856.26,4889.5,46912,true,completed
BF_BF18_h5s20n5.txt,BBLCT,20,5,60,12,900.0,3,5.0,7,11.7,9,893.21,347133.0,2911197,true,completed
BF_BF18_h5s20n6.txt,BBLCT,20,5,60,12,900.0,0,0.0,7,11.7,7,715.05,595080.5,4964352,false,cpu_limit
BF_BF18_h5s20n7.txt,BBLCT,20,5,60,12,900.0,1,1.7,4,6.7,6,603.33,595141.9,4469760,false,cpu_limit
BF_BF18_h5s20n8.txt,BBLCT,20,5,60,12,900.0,2,3.3,6,10.0,8,897.01,8653.5,76947,true,completed
BF_BF18_h5s20n9.txt,BBLCT,20,5,60,12,900.0,2,3.3,13,21.7,8,897.16,13876.4,206857,true,completed
BF_BF19_h5s20n1.txt,BBLCT,20,5,60,24,900.0,1,1.7,4,6.7,8,899.75,134.1,1151,true,completed
BF_BF19_h5s20n10.txt,BBLCT,20,5,60,24,900.0,1,1.7,6,10.0,6,570.57,595157.9,2971648,false,cpu_limit
BF_BF19_h5s20n11.txt,BBLCT,20,5,60,24,900.0,1,1.7,11,18.3,9,899.57,19071.4,160605,true,completed
BF_BF19_h5s20n12.txt,BBLCT,20,5,60,24,900.0,0,0.0,6,10.0,8,775.83,51397.0,414143,true,completed
BF_BF19_h5s20n13.txt,BBLCT,20,5,60,24,900.0,0,0.0,3,5.0,8,894.73,8699.9,92349,true,completed
BF_BF19_h5s20n14.txt,BBLCT,20,5,60,24,900.0,0,0.0,8,13.3,9,899.33,7320.9,37926,true,completed
BF_BF19_h5s20n15.txt,BBLCT,20,5,60,24,900.0,0,0.0,3,5.0,8,897.20,12194.1,101775,true,completed
BF_BF19_h5s20n16.txt,BBLCT,20,5,60,24,900.0,3,5.0,7,11.7,8,898.21,1875.9,11337,true,completed
BF_BF19_h5s20n17.txt,BBLCT,20,5,60,24,900.0,0,0.0,3,5.0,8,897.62,750.3,4627,true,completed
BF_BF19_h5s20n18.txt,BBLCT,20,5,60,24,900.0,1,1.7,15,25.0,8,882.03,314.6,2578,true,completed
BF_BF19_h5s20n19.txt,BBLCT,20,5,60,24,900.0,1,1.7,6,10.0,9,897.21,731.8,7202,true,completed
BF_BF19_h5s20n2.txt,BBLCT,20,5,60,24,900.0,0,0.0,6,10.0,8,896.13,1445.9,12452,true,completed
BF_BF19_h5s20n20.txt,BBLCT,20,5,60,24,900.0,2,3.3,6,10.0,8,882.26,1100.1,9348,true,completed
BF_BF19_h5s20n3.txt,BBLCT,20,5,60,24,900.0,1,1.7,7,11.7,9,884.36,3219.9,20655,true,completed
BF_BF19_h5s20n4.txt,BBLCT,20,5,60,24,900.0,1,1.7,17,28.3,9,899.91,3367.0,26155,true,completed
BF_BF19_h5s20n5.txt,BBLCT,20,5,60,24,900.0,0,0.0,6,10.0,9,882.72,2159.7,25831,true,completed
BF_BF19_h5s20n6.txt,BBLCT,20,5,60,24,900.0,2,3.3,7,11.7,6,647.34,11179.3,57785,true,completed
BF_BF19_h5s20n7.txt,BBLCT,20,5,60,24,900.0,1,1.7,4,6.7,8,898.04,460.9,4091,true,completed
BF_BF19_h5s20n8.txt,BBLCT,20,5,60,24,900.0,1,1.7,11,18.3,8,894.76,252.7,2052,true,completed
BF_BF19_h5s20n9.txt,BBLCT,20,5,60,24,900.0,3,5.0,8,13.3,8,894.68,2371.0,16185,true,completed
BF_BF1_h5s16n1.txt,BBLCT,16,5,48,10,900.0,2,4.2,8,16.7,8,897.87,45.2,852,true,completed
BF_BF1_h5s16n10.txt,BBLCT,16,5,48,10,900.0,3,6.2,9,18.8,9,893.76,80.9,1339,true,completed
BF_BF1_h5s16n11.txt,BBLCT,16,5,48,10,900.0,2,4.2,4,8.3,6,598.40,256.7,3628,true,completed
BF_BF1_h5s16n12.txt,BBLCT,16,5,48,10,900.0,2,4.2,6,12.5,8,895.24,886.0,12659,true,completed
BF_BF1_h5s16n13.txt,BBLCT,16,5,48,10,900.0,2,4.2,7,14.6,8,895.94,48.3,784,true,completed
BF_BF1_h5s16n14.txt,BBLCT,16,5,48,10,900.0,0,0.0,3,6.2,9,892.70,49043.8,553281,true,completed
BF_BF1_h5s16n15.txt,BBLCT,16,5,48,10,900.0,1,2.1,3,6.2,8,896.83,73696.2,876281,true,completed
BF_BF1_h5s16n16.txt,BBLCT,16,5,48,10,900.0,2,4.2,5,10.4,9,891.01,39509.4,425156,true,completed
BF_BF1_h5s16n17.txt,BBLCT,16,5,48,10,900.0,2,4.2,6,12.5,7,719.46,75195.9,758810,true,completed
BF_BF1_h5s16n18.txt,BBLCT,16,5,48,10,900.0,3,6.2,9,18.8,9,899.95,433350.1,4058876,true,completed
BF_BF1_h5s16n19.txt,BBLCT,16,5,48,10,900.0,0,0.0,12,25.0,9,893.03,5974.8,65567,true,completed
BF_BF1_h5s16n2.txt,BBLCT,16,5,48,10,900.0,1,2.1,8,16.7,8,899.63,2125.5,22646,true,completed
BF_BF1_h5s16n20.txt,BBLCT,16,5,48,10,900.0,1,2.1,9,18.8,8,891.86,52.1,951,true,completed
BF_BF1_h5s16n3.txt,BBLCT,16,5,48,10,900.0,2,4.2,7,14.6,8,892.97,25603.6,314757,true,completed
BF_BF1_h5s16n4.txt,BBLCT,16,5,48,10,900.0,3,6.2,9,18.8,9,897.00,59904.5,765313,true,completed
BF_BF1_h5s16n5.txt,BBLCT,16,5,48,10,900.0,1,2.1,7,14.6,7,687.78,449986.2,4538436,true,completed
BF_BF1_h5s16n6.txt,BBLCT,16,5,48,10,900.0,0,0.0,4,8.3,9,895.21,4240.4,50463,true,completed
BF_BF1_h5s16n7.txt,BBLCT,16,5,48,10,900.0,1,2.1,4,8.3,8,895.65,33101.3,374252,true,completed
BF_BF1_h5s16n8.txt,BBLCT,16,5,48,10,900.0,1,2.1,5,10.4,8,899.55,21605.6,240340,true,completed
BF_BF1_h5s16n9.txt,BBLCT,16,5,48,10,900.0,1,2.1,6,12.5,9,896.55,10491.4,123600,true,completed
BF_BF20_h5s20n1.txt,BBLCT,20,5,60,24,900.0,0,0.0,1,1.7,4,454.32,6483.6,114375,true,completed
BF_BF20_h5s20n10.txt,BBLCT,20,5,60,24,900.0,1,1.7,5,8.3,7,872.44,484.0,8441,true,completed
BF_BF20_h5s20n11.txt,BBLCT,20,5,60,24,900.0,0,0.0,2,3.3,4,459.62,1056.7,19506,true,completed
BF_BF20_h5s20n12.txt,BBLCT,20,5,60,24,900.0,0,0.0,6,10.0,9,897.49,564.8,6335,true,completed
BF_BF20_h5s20n13.txt,BBLCT,20,5,60,24,900.0,0,0.0,4,6.7,9,898.03,180.2,1901,true,completed
BF_BF20_h5s20n14.txt,BBLCT,20,5,60,24,900.0,0,0.0,4,6.7,8,895.44,944.2,11904,true,completed
BF_BF20_h5s20n15.txt,BBLCT,20,5,60,24,900.0,1,1.7,5,8.3,8,890.81,58.2,687,true,completed
BF_BF20_h5s20n16.txt,BBLCT,20,5,60,24,900.0,2,3.3,5,8.3,8,898.04,46284.1,394623,true,completed
BF_BF20_h5s20n17.txt,BBLCT,20,5,60,24,900.0,2,3.3,12,20.0,9,886.52,170.0,2241,true,completed
BF_BF20_h5s20n18.txt,BBLCT,20,5,60,24,900.0,0,0.0,9,15.0,8,894.44,6724.7,84494,true,completed
BF_BF20_h5s20n19.txt,BBLCT,20,5,60,24,900.0,1,1.7,3,5.0,8,854.63,63.9,1114,true,completed
BF_BF20_h5s20n2.txt,BBLCT,20,5,60,24,900.0,0,0.0,5,8.3,9,880.81,10871.9,87437,true,completed
BF_BF20_h5s20n20.txt,BBLCT,20,5,60,24,900.0,1,1.7,5,8.3,5,477.40,15455.7,204507,true,completed
BF_BF20_h5s20n3.txt,BBLCT,20,5,60,24,900.0,1,1.7,4,6.7,8,897.13,347.6,3151,true,completed
BF_BF20_h5s20n4.txt,BBLCT,20,5,60,24,900.0,0,0.0,4,6.7,8,899.19,38933.9,367333,true,completed
BF_BF20_h5s20n5.txt,BBLCT,20,5,60,24,900.0,1,1.7,15,25.0,9,896.73,11904.7,99700,true,completed
BF_BF20_h5s20n6.txt,BBLCT,20,5,60,24,900.0,0,0.0,5,8.3,5,498.42,3290.2,47117,true,completed
BF_BF20_h5s20n7.txt,BBLCT,20,5,60,24,900.0,0,0.0,5,8.3,8,898.56,58.2,840,true,completed
BF_BF20_h5s20n8.txt,BBLCT,20,5,60,24,900.0,0,0.0,5,8.3,7,737.75,41321.9,360339,true,completed
BF_BF20_h5s20n9.txt,BBLCT,20,5,60,24,900.0,0,0.0,8,13.3,8,887.94,31022.3,411705,true,completed
BF_BF21_h5s20n1.txt,BBLCT,20,5,80,16,900.0,2,2.5,9,11.2,8,896.49,31998.2,179147,true,completed
BF_BF21_h5s20n10.txt,BBLCT,20,5,80,16,900.0,3,3.8,11,13.8,9,863.76,69322.4,748005,true,completed
BF_BF21_h5s20n11.txt,BBLCT,20,5,80,16,900.0,2,2.5,8,10.0,9,899.39,35516.0,243603,true,completed
BF_BF21_h5s20n12.txt,BBLCT,20,5,80,16,900.0,1,1.2,3,3.8,8,863.05,829.9,7820,true,completed
BF_BF21_h5s20n13.txt,BBLCT,20,5,80,16,900.0,1,1.2,8,10.0,8,895.81,76387.4,983460,true,completed
BF_BF21_h5s20n14.txt,BBLCT,20,5,80,16,900.0,1,1.2,8,10.0,9,890.57,346.6,2888,true,completed
BF_BF21_h5s20n15.txt,BBLCT,20,5,80,16,900.0,4,5.0,8,10.0,9,898.47,25008.8,169698,true,completed
BF_BF21_h5s20n16.txt,BBLCT,20,5,80,16,900.0,2,2.5,10,12.5,9,873.51,3813.6,22731,true,completed
BF_BF21_h5s20n17.txt,BBLCT,20,5,80,16,900.0,1,1.2,6,7.5,9,896.59,3741.4,26039,true,completed
BF_BF21_h5s20n18.txt,BBLCT,20,5,80,16,900.0,1,1.2,6,7.5,9,898.88,242.5,2122,true,completed
BF_BF21_h5s20n19.txt,BBLCT,20,5,80,16,900.0,3,3.8,7,8.8,8,868.84,2928.9,20837,true,completed
BF_BF21_h5s20n2.txt,BBLCT,20,5,80,16,900.0,3,3.8,5,6.2,8,888.60,132.4,1232,true,completed
BF_BF21_h5s20n20.txt,BBLCT,20,5,80,16,900.0,1,1.2,7,8.8,8,893.79,5946.6,48482,true,completed
BF_BF21_h5s20n3.txt,BBLCT,20,5,80,16,900.0,1,1.2,4,5.0,8,898.73,702.6,6724,true,completed
BF_BF21_h5s20n4.txt,BBLCT,20,5,80,16,900.0,1,1.2,7,8.8,7,625.61,595073.4,3432448,false,cpu_limit
BF_BF21_h5s20n5.txt,BBLCT,20,5,80,16,900.0,0,0.0,3,3.8,9,898.47,61364.4,416520,true,completed
BF_BF21_h5s20n6.txt,BBLCT,20,5,80,16,900.0,2,2.5,9,11.2,8,801.43,581997.1,3534017,true,completed
BF_BF21_h5s20n7.txt,BBLCT,20,5,80,16,900.0,0,0.0,3,3.8,9,855.14,64122.0,544388,true,completed
BF_BF21_h5s20n8.txt,BBLCT,20,5,80,16,900.0,0,0.0,4,5.0,8,891.93,2477.6,28435,true,completed
BF_BF21_h5s20n9.txt,BBLCT,20,5,80,16,900.0,1,1.2,6,7.5,10,889.06,27858.3,172162,true,completed
BF_BF22_h5s20n1.txt,BBLCT,20,5,80,16,900.0,0,0.0,4,5.0,5,500.34,6240.8,98020,true,completed
BF_BF22_h5s20n10.txt,BBLCT,20,5,80,16,900.0,0,0.0,4,5.0,8,887.53,705.0,13166,true,completed
BF_BF22_h5s20n11.txt,BBLCT,20,5,80,16,900.0,3,3.8,9,11.2,8,892.66,153.4,1615,true,completed
BF_BF22_h5s20n12.txt,BBLCT,20,5,80,16,900.0,3,3.8,7,8.8,7,742.60,7773.3,77765,true,completed
BF_BF22_h5s20n13.txt,BBLCT,20,5,80,16,900.0,0,0.0,3,3.8,5,475.35,595052.1,5288960,false,cpu_limit
BF_BF22_h5s20n14.txt,BBLCT,20,5,80,16,900.0,0,0.0,3,3.8,8,841.46,257438.2,2485127,true,completed
BF_BF22_h5s20n15.txt,BBLCT,20,5,80,16,900.0,2,2.5,6,7.5,8,853.97,182846.6,1617876,true,completed
BF_BF22_h5s20n16.txt,BBLCT,20,5,80,16,900.0,1,1.2,7,8.8,8,894.04,509.2,4936,true,completed
BF_BF22_h5s20n17.txt,BBLCT,20,5,80,16,900.0,2,2.5,7,8.8,8,885.52,8496.2,136454,true,completed
BF_BF22_h5s20n18.txt,BBLCT,20,5,80,16,900.0,0,0.0,4,5.0,9,897.09,62817.8,643245,true,completed
BF_BF22_h5s20n19.txt,BBLCT,20,5,80,16,900.0,0,0.0,4,5.0,9,899.70,2720.2,28398,true,completed
BF_BF22_h5s20n2.txt,BBLCT,20,5,80,16,900.0,1,1.2,5,6.2,8,899.35,24861.8,190758,true,completed
BF_BF22_h5s20n20.txt,BBLCT,20,5,80,16,900.0,0,0.0,3,3.8,8,898.13,637.1,7288,true,completed
BF_BF22_h5s20n3.txt,BBLCT,20,5,80,16,900.0,0,0.0,5,6.2,8,898.20,523472.9,4647601,true,completed
BF_BF22_h5s20n4.txt,BBLCT,20,5,80,16,900.0,4,5.0,10,12.5,9,896.90,1218.4,8597,true,completed
BF_BF22_h5s20n5.txt,BBLCT,20,5,80,16,900.0,1,1.2,3,3.8,4,421.52,1305.8,27447,true,completed
BF_BF22_h5s20n6.txt,BBLCT,20,5,80,16,900.0,0,0.0,10,12.5,8,887.39,13294.9,109309,true,completed
BF_BF22_h5s20n7.txt,BBLCT,20,5,80,16,900.0,0,0.0,3,3.8,8,898.57,4704.0,49182,true,completed
BF_BF22_h5s20n8.txt,BBLCT,20,5,80,16,900.0,1,1.2,7,8.8,9,893.15,7887.0,67508,true,completed
BF_BF22_h5s20n9.txt,BBLCT,20,5,80,16,900.0,0,0.0,3,3.8,6,523.32,595046.3,5547008,false,cpu_limit
BF_BF23_h5s20n1.txt,BBLCT,20,5,80,32,900.0,0,0.0,9,11.2,8,823.60,98622.4,775998,true,completed
BF_BF23_h5s20n10.txt,BBLCT,20,5,80,32,900.0,1,1.2,5,6.2,9,897.67,90636.6,585550,true,completed
BF_BF23_h5s20n11.txt,BBLCT,20,5,80,32,900.0,0,0.0,3,3.8,9,897.92,4711.9,35195,true,completed
BF_BF23_h5s20n12.txt,BBLCT,20,5,80,32,900.0,0,0.0,4,5.0,10,899.83,180209.2,1211825,true,completed
BF_BF23_h5s20n13.txt,BBLCT,20,5,80,32,900.0,1,1.2,7,8.8,8,894.75,595044.0,5888000,false,cpu_limit
BF_BF23_h5s20n14.txt,BBLCT,20,5,80,32,900.0,3,3.8,9,11.2,10,899.77,441.2,2802,true,completed
BF_BF23_h5s20n15.txt,BBLCT,20,5,80,32,900.0,0,0.0,8,10.0,9,881.53,3336.2,20123,true,completed
BF_BF23_h5s20n16.txt,BBLCT,20,5,80,32,900.0,1,1.2,10,12.5,9,898.11,8595.5,63072,true,completed
BF_BF23_h5s20n17.txt,BBLCT,20,5,80,32,900.0,1,1.2,6,7.5,9,898.43,492.9,3286,true,completed
BF_BF23_h5s20n18.txt,BBLCT,20,5,80,32,900.0,1,1.2,4,5.0,8,896.10,1807.6,20713,true,completed
BF_BF23_h5s20n19.txt,BBLCT,20,5,80,32,900.0,2,2.5,6,7.5,9,897.64,23388.8,216263,true,completed
BF_BF23_h5s20n2.txt,BBLCT,20,5,80,32,900.0,1,1.2,2,2.5,4,460.64,1214.7,18624,true,completed
BF_BF23_h5s20n20.txt,BBLCT,20,5,80,32,900.0,0,0.0,3,3.8,8,851.35,6110.9,44118,true,completed
BF_BF23_h5s20n3.txt,BBLCT,20,5,80,32,900.0,0,0.0,5,6.2,10,894.62,21593.4,137220,true,completed
BF_BF23_h5s20n4.txt,BBLCT,20,5,80,32,900.0,2,2.5,9,11.2,9,894.12,526.0,4634,true,completed
BF_BF23_h5s20n5.txt,BBLCT,20,5,80,32,900.0,1,1.2,12,15.0,10,899.06,153.8,1528,true,completed
BF_BF23_h5s20n6.txt,BBLCT,20,5,80,32,900.0,1,1.2,8,10.0,9,885.31,69403.1,658560,true,completed
BF_BF23_h5s20n7.txt,BBLCT,20,5,80,32,900.0,0,0.0,11,13.8,9,895.10,312.2,2722,true,completed
BF_BF23_h5s20n8.txt,BBLCT,20,5,80,32,900.0,1,1.2,5,6.2,8,855.08,9659.4,84044,true,completed
BF_BF23_h5s20n9.txt,BBLCT,20,5,80,32,900.0,1,1.2,4,5.0,9,891.33,3110.2,21008,true,completed
BF_BF24_h5s20n1.txt,BBLCT,20,5,80,32,900.0,1,1.2,4,5.0,8,882.23,348.1,5938,true,completed
BF_BF24_h5s20n10.txt,BBLCT,20,5,80,32,900.0,0,0.0,4,5.0,8,895.06,99.7,1891,true,completed
BF_BF24_h5s20n11.txt,BBLCT,20,5,80,32,900.0,0,0.0,2,2.5,8,898.04,213.3,3556,true,completed
BF_BF24_h5s20n12.txt,BBLCT,20,5,80,32,900.0,0,0.0,3,3.8,8,895.09,3193.4,32586,true,completed
BF_BF24_h5s20n13.txt,BBLCT,20,5,80,32,900.0,0,0.0,2,2.5,7,885.71,26305.0,305048,true,completed
BF_BF24_h5s20n14.txt,BBLCT,20,5,80,32,900.0,0,0.0,7,8.8,9,896.22,1235.6,13431,true,completed
BF_BF24_h5s20n15.txt,BBLCT,20,5,80,32,900.0,0,0.0,6,7.5,8,897.90,34184.5,300996,true,completed
BF_BF24_h5s20n16.txt,BBLCT,20,5,80,32,900.0,1,1.2,4,5.0,9,895.55,1794.7,25964,true,completed
BF_BF24_h5s20n17.txt,BBLCT,20,5,80,32,900.0,1,1.2,11,13.8,8,895.16,5735.3,75397,true,completed
BF_BF24_h5s20n18.txt,BBLCT,20,5,80,32,900.0,0,0.0,3,3.8,8,896.60,523.9,7266,true,completed
BF_BF24_h5s20n19.txt,BBLCT,20,5,80,32,900.0,0,0.0,7,8.8,8,897.94,1249.0,19921,true,completed
BF_BF24_h5s20n2.txt,BBLCT,20,5,80,32,900.0,0,0.0,5,6.2,9,898.56,589.5,6603,true,completed
BF_BF24_h5s20n20.txt,BBLCT,20,5,80,32,900.0,0,0.0,7,8.8,7,699.52,53801.5,793413,true,completed
BF_BF24_h5s20n3.txt,BBLCT,20,5,80,32,900.0,2,2.5,4,5.0,8,899.30,1306.6,12754,true,completed
BF_BF24_h5s20n4.txt,BBLCT,20,5,80,32,900.0,1,1.2,8,10.0,5,515.67,35.6,545,true,completed
BF_BF24_h5s20n5.txt,BBLCT,20,5,80,32,900.0,0,0.0,4,5.0,5,590.96,2216.4,41928,true,completed
BF_BF24_h5s20n6.txt,BBLCT,20,5,80,32,900.0,0,0.0,4,5.0,8,890.74,110515.1,901096,true,completed
BF_BF24_h5s20n7.txt,BBLCT,20,5,80,32,900.0,0,0.0,3,3.8,9,886.51,693.5,6032,true,completed
BF_BF24_h5s20n8.txt,BBLCT,20,5,80,32,900.0,0,0.0,4,5.0,8,896.51,34.1,608,true,completed
BF_BF24_h5s20n9.txt,BBLCT,20,5,80,32,900.0,1,1.2,10,12.5,9,899.71,140232.6,1704326,true,completed
BF_BF25_h8s20n1.txt,BBLCT,20,8,96,20,900.0,1,1.0,3,3.1,5,624.35,212.2,1616,true,completed
BF_BF25_h8s20n10.txt,BBLCT,20,8,96,20,900.0,1,1.0,3,3.1,7,896.93,3935.8,22331,true,completed
BF_BF25_h8s20n11.txt,BBLCT,20,8,96,20,900.0,3,3.1,7,7.3,6,899.73,2085.3,7238,true,completed
BF_BF25_h8s20n12.txt,BBLCT,20,8,96,20,900.0,1,1.0,4,4.2,5,583.01,595118.2,2485248,false,cpu_limit
BF_BF25_h8s20n13.txt,BBLCT,20,8,96,20,900.0,1,1.0,4,4.2,6,638.87,595281.9,2075648,false,cpu_limit
BF_BF25_h8s20n14.txt,BBLCT,20,8,96,20,900.0,2,2.1,4,4.2,7,892.80,237600.7,1024095,true,completed
BF_BF25_h8s20n15.txt,BBLCT,20,8,96,20,900.0,1,1.0,3,3.1,7,899.04,309.5,1910,true,completed
BF_BF25_h8s20n16.txt,BBLCT,20,8,96,20,900.0,1,1.0,4,4.2,6,899.84,362.6,1719,true,completed
BF_BF25_h8s20n17.txt,BBLCT,20,8,96,20,900.0,0,0.0,3,3.1,6,869.19,1382.1,7444,true,completed
BF_BF25_h8s20n18.txt,BBLCT,20,8,96,20,900.0,2,2.1,5,5.2,7,892.78,7758.4,40271,true,completed
BF_BF25_h8s20n19.txt,BBLCT,20,8,96,20,900.0,2,2.1,6,6.2,8,899.69,573.2,3670,true,completed
BF_BF25_h8s20n2.txt,BBLCT,20,8,96,20,900.0,1,1.0,5,5.2,7,898.66,530.3,2159,true,completed
BF_BF25_h8s20n20.txt,BBLCT,20,8,96,20,900.0,1,1.0,4,4.2,7,895.66,347.0,1890,true,completed
BF_BF25_h8s20n3.txt,BBLCT,20,8,96,20,900.0,1,1.0,3,3.1,6,655.22,595180.5,2137088,false,cpu_limit
BF_BF25_h8s20n4.txt,BBLCT,20,8,96,20,900.0,1,1.0,4,4.2,7,889.37,1170.5,5180,true,completed
BF_BF25_h8s20n5.txt,BBLCT,20,8,96,20,900.0,1,1.0,3,3.1,6,878.12,210.4,1566,true,completed
BF_BF25_h8s20n6.txt,BBLCT,20,8,96,20,900.0,0,0.0,6,6.2,8,809.53,286530.8,930102,true,completed
BF_BF25_h8s20n7.txt,BBLCT,20,8,96,20,900.0,0,0.0,3,3.1,8,899.27,2032.6,8111,true,completed
BF_BF25_h8s20n8.txt,BBLCT,20,8,96,20,900.0,3,3.1,12,12.5,6,897.25,7241.2,23662,true,completed
BF_BF25_h8s20n9.txt,BBLCT,20,8,96,20,900.0,1,1.0,4,4.2,7,896.01,25990.0,124524,true,completed
BF_BF26_h8s20n1.txt,BBLCT,20,8,96,20,900.0,1,1.0,3,3.1,8,898.09,1853.4,12911,true,completed
BF_BF26_h8s20n10.txt,BBLCT,20,8,96,20,900.0,1,1.0,4,4.2,9,897.32,5849.3,23696,true,completed
BF_BF26_h8s20n11.txt,BBLCT,20,8,96,20,900.0,2,2.1,4,4.2,8,888.67,34842.2,162112,true,completed
BF_BF26_h8s20n12.txt,BBLCT,20,8,96,20,900.0,0,0.0,2,2.1,4,438.64,595066.5,3250176,false,cpu_limit
BF_BF26_h8s20n13.txt,BBLCT,20,8,96,20,900.0,0,0.0,4,4.2,8,888.14,206060.7,1147541,true,completed
BF_BF26_h8s20n14.txt,BBLCT,20,8,96,20,900.0,0,0.0,2,2.1,6,872.62,60.9,751,true,completed
BF_BF26_h8s20n15.txt,BBLCT,20,8,96,20,900.0,0,0.0,2,2.1,4,489.31,98396.3,537884,true,completed
BF_BF26_h8s20n16.txt,BBLCT,20,8,96,20,900.0,0,0.0,3,3.1,5,557.66,595143.9,3088384,false,cpu_limit
BF_BF26_h8s20n17.txt,BBLCT,20,8,96,20,900.0,0,0.0,3,3.1,5,594.04,595200.0,2667520,false,cpu_limit
BF_BF26_h8s20n18.txt,BBLCT,20,8,96,20,900.0,1,1.0,3,3.1,4,386.45,595091.2,3673088,false,cpu_limit
BF_BF26_h8s20n19.txt,BBLCT,20,8,96,20,900.0,2,2.1,4,4.2,4,455.83,595125.2,3223552,false,cpu_limit
BF_BF26_h8s20n2.txt,BBLCT,20,8,96,20,900.0,2,2.1,4,4.2,7,845.18,209.4,1635,true,completed
BF_BF26_h8s20n20.txt,BBLCT,20,8,96,20,900.0,1,1.0,4,4.2,5,549.56,595160.2,2818048,false,cpu_limit
BF_BF26_h8s20n3.txt,BBLCT,20,8,96,20,900.0,2,2.1,4,4.2,7,863.06,138.5,1312,true,completed
BF_BF26_h8s20n4.txt,BBLCT,20,8,96,20,900.0,0,0.0,3,3.1,4,446.71,595163.0,2707456,false,cpu_limit
BF_BF26_h8s20n5.txt,BBLCT,20,8,96,20,900.0,1,1.0,3,3.1,8,899.69,357546.7,2150908,true,completed
BF_BF26_h8s20n6.txt,BBLCT,20,8,96,20,900.0,1,1.0,3,3.1,4,533.80,595224.5,2868224,false,cpu_limit
BF_BF26_h8s20n7.txt,BBLCT,20,8,96,20,900.0,1,1.0,5,5.2,7,897.12,7284.0,43527,true,completed
BF_BF26_h8s20n8.txt,BBLCT,20,8,96,20,900.0,0,0.0,6,6.2,8,893.22,14642.3,80807,true,completed
BF_BF26_h8s20n9.txt,BBLCT,20,8,96,20,900.0,1,1.0,3,3.1,8,899.19,199796.9,994284,true,completed
BF_BF27_h8s20n1.txt,BBLCT,20,8,96,39,900.0,1,1.0,6,6.2,8,896.92,6712.2,22977,true,completed
BF_BF27_h8s20n10.txt,BBLCT,20,8,96,39,900.0,0,0.0,2,2.1,7,881.90,294.1,2062,true,completed
BF_BF27_h8s20n11.txt,BBLCT,20,8,96,39,900.0,1,1.0,6,6.2,7,895.97,34742.4,143901,true,completed
BF_BF27_h8s20n12.txt,BBLCT,20,8,96,39,900.0,0,0.0,3,3.1,8,895.62,10422.4,42865,true,completed
BF_BF27_h8s20n13.txt,BBLCT,20,8,96,39,900.0,0,0.0,2,2.1,7,897.07,407061.7,1567068,true,completed
BF_BF27_h8s20n14.txt,BBLCT,20,8,96,39,900.0,2,2.1,5,5.2,8,897.76,499.6,2113,true,completed
BF_BF27_h8s20n15.txt,BBLCT,20,8,96,39,900.0,1,1.0,2,2.1,3,434.72,1137.1,8553,true,completed
BF_BF27_h8s20n16.txt,BBLCT,20,8,96,39,900.0,0,0.0,5,5.2,8,886.32,13243.1,46506,true,completed
BF_BF27_h8s20n17.txt,BBLCT,20,8,96,39,900.0,1,1.0,7,7.3,7,894.27,227.4,1138,true,completed
BF_BF27_h8s20n18.txt,BBLCT,20,8,96,39,900.0,0,0.0,3,3.1,7,897.72,758.7,3385,true,completed
BF_BF27_h8s20n19.txt,BBLCT,20,8,96,39,900.0,2,2.1,3,3.1,7,898.77,68.7,445,true,completed
BF_BF27_h8s20n2.txt,BBLCT,20,8,96,39,900.0,1,1.0,3,3.1,4,509.87,595205.0,2064384,false,cpu_limit
BF_BF27_h8s20n20.txt,BBLCT,20,8,96,39,900.0,1,1.0,6,6.2,7,893.83,102949.4,499665,true,completed
BF_BF27_h8s20n3.txt,BBLCT,20,8,96,39,900.0,0,0.0,1,1.0,7,887.81,212.0,1642,true,completed
BF_BF27_h8s20n4.txt,BBLCT,20,8,96,39,900.0,1,1.0,4,4.2,6,623.23,595297.1,4268032,false,cpu_limit
BF_BF27_h8s20n5.txt,BBLCT,20,8,96,39,900.0,2,2.1,4,4.2,6,877.36,113.6,698,true,completed
BF_BF27_h8s20n6.txt,BBLCT,20,8,96,39,900.0,2,2.1,8,8.3,6,697.69,127228.0,452671,true,completed
BF_BF27_h8s20n7.txt,BBLCT,20,8,96,39,900.0,0,0.0,5,5.2,6,899.00,55245.3,171040,true,completed
BF_BF27_h8s20n8.txt,BBLCT,20,8,96,39,900.0,1,1.0,3,3.1,7,897.17,2767.6,11640,true,completed
BF_BF27_h8s20n9.txt,BBLCT,20,8,96,39,900.0,0,0.0,5,5.2,5,615.30,595086.1,1966080,false,cpu_limit
BF_BF28_h8s20n1.txt,BBLCT,20,8,96,39,900.0,1,1.0,5,5.2,6,861.15,2530.8,11955,true,completed
BF_BF28_h8s20n10.txt,BBLCT,20,8,96,39,900.0,1,1.0,4,4.2,8,899.50,334.7,2240,true,completed
BF_BF28_h8s20n11.txt,BBLCT,20,8,96,39,900.0,1,1.0,4,4.2,8,832.79,236.6,1959,true,completed
BF_BF28_h8s20n12.txt,BBLCT,20,8,96,39,900.0,0,0.0,2,2.1,6,896.41,70.5,596,true,completed
BF_BF28_h8s20n13.txt,BBLCT,20,8,96,39,900.0,1,1.0,3,3.1,7,899.56,116231.5,698415,true,completed
BF_BF28_h8s20n14.txt,BBLCT,20,8,96,39,900.0,1,1.0,2,2.1,7,889.99,164.7,1421,true,completed
BF_BF28_h8s20n15.txt,BBLCT,20,8,96,39,900.0,0,0.0,4,4.2,6,718.34,20928.1,151201,true,completed
BF_BF28_h8s20n16.txt,BBLCT,20,8,96,39,900.0,1,1.0,3,3.1,7,899.92,1977.1,13859,true,completed
BF_BF28_h8s20n17.txt,BBLCT,20,8,96,39,900.0,1,1.0,4,4.2,6,897.24,214.6,1219,true,completed
BF_BF28_h8s20n18.txt,BBLCT,20,8,96,39,900.0,0,0.0,1,1.0,6,891.72,987.1,7957,true,completed
BF_BF28_h8s20n19.txt,BBLCT,20,8,96,39,900.0,0,0.0,3,3.1,9,894.68,58746.5,279126,true,completed
BF_BF28_h8s20n2.txt,BBLCT,20,8,96,39,900.0,0,0.0,3,3.1,7,798.42,50462.6,244100,true,completed
BF_BF28_h8s20n20.txt,BBLCT,20,8,96,39,900.0,0,0.0,2,2.1,5,880.34,128.8,1023,true,completed
BF_BF28_h8s20n3.txt,BBLCT,20,8,96,39,900.0,0,0.0,8,8.3,8,895.30,861.9,7560,true,completed
BF_BF28_h8s20n4.txt,BBLCT,20,8,96,39,900.0,0,0.0,1,1.0,1,107.25,233.6,2642,true,completed
BF_BF28_h8s20n5.txt,BBLCT,20,8,96,39,900.0,0,0.0,1,1.0,6,856.21,230.2,1588,true,completed
BF_BF28_h8s20n6.txt,BBLCT,20,8,96,39,900.0,0,0.0,2,2.1,7,895.57,238.0,1519,true,completed
BF_BF28_h8s20n7.txt,BBLCT,20,8,96,39,900.0,0,0.0,3,3.1,8,897.92,415.0,2826,true,completed
BF_BF28_h8s20n8.txt,BBLCT,20,8,96,39,900.0,0,0.0,2,2.1,6,640.73,7781.4,39123,true,completed
BF_BF28_h8s20n9.txt,BBLCT,20,8,96,39,900.0,0,0.0,5,5.2,7,895.17,2835.1,19305,true,completed
BF_BF29_h8s20n1.txt,BBLCT,20,8,128,26,900.0,1,0.8,6,4.7,9,898.08,148835.2,667065,true,completed
BF_BF29_h8s20n10.txt,BBLCT,20,8,128,26,900.0,0,0.0,3,2.3,6,668.52,595159.1,2711552,false,cpu_limit
BF_BF29_h8s20n11.txt,BBLCT,20,8,128,26,900.0,1,0.8,3,2.3,8,886.08,174200.9,803542,true,completed
BF_BF29_h8s20n12.txt,BBLCT,20,8,128,26,900.0,0,0.0,3,2.3,8,891.33,595219.0,2623488,false,cpu_limit
BF_BF29_h8s20n13.txt,BBLCT,20,8,128,26,900.0,1,0.8,4,3.1,9,887.55,250.6,1783,true,completed
BF_BF29_h8s20n14.txt,BBLCT,20,8,128,26,900.0,1,0.8,3,2.3,3,423.73,595167.4,2902016,false,cpu_limit
BF_BF29_h8s20n15.txt,BBLCT,20,8,128,26,900.0,2,1.6,5,3.9,7,725.75,595125.5,5747712,false,cpu_limit
BF_BF29_h8s20n16.txt,BBLCT,20,8,128,26,900.0,0,0.0,6,4.7,8,889.80,37832.7,176879,true,completed
BF_BF29_h8s20n17.txt,BBLCT,20,8,128,26,900.0,0,0.0,2,1.6,6,629.35,595165.3,2533376,false,cpu_limit
BF_BF29_h8s20n18.txt,BBLCT,20,8,128,26,900.0,2,1.6,4,3.1,5,525.09,595309.3,2223104,false,cpu_limit
BF_BF29_h8s20n19.txt,BBLCT,20,8,128,26,900.0,2,1.6,4,3.1,8,898.95,382635.1,1658850,true,completed
BF_BF29_h8s20n2.txt,BBLCT,20,8,128,26,900.0,0,0.0,2,1.6,6,634.37,595079.4,2640896,false,cpu_limit
BF_BF29_h8s20n20.txt,BBLCT,20,8,128,26,900.0,0,0.0,2,1.6,6,649.72,595093.7,2812928,false,cpu_limit
BF_BF29_h8s20n3.txt,BBLCT,20,8,128,26,900.0,0,0.0,2,1.6,4,443.76,159128.1,680450,true,completed
BF_BF29_h8s20n4.txt,BBLCT,20,8,128,26,900.0,2,1.6,4,3.1,2,208.53,612.1,5080,true,completed
BF_BF29_h8s20n5.txt,BBLCT,20,8,128,26,900.0,2,1.6,4,3.1,8,889.32,196.2,1463,true,completed
BF_BF29_h8s20n6.txt,BBLCT,20,8,128,26,900.0,0,0.0,4,3.1,8,896.59,309658.7,1337876,true,completed
BF_BF29_h8s20n7.txt,BBLCT,20,8,128,26,900.0,0,0.0,2,1.6,5,490.88,595245.2,2834432,false,cpu_limit
BF_BF29_h8s20n8.txt,BBLCT,20,8,128,26,900.0,1,0.8,3,2.3,8,894.21,1030.1,5672,true,completed
BF_BF29_h8s20n9.txt,BBLCT,20,8,128,26,900.0,2,1.6,4,3.1,9,892.55,136171.1,545286,true,completed
BF_BF2_h5s16n1.txt,BBLCT,16,5,48,10,900.0,1,2.1,5,10.4,6,599.33,77883.1,1059570,true,completed
BF_BF2_h5s16n10.txt,BBLCT,16,5,48,10,900.0,2,4.2,9,18.8,9,891.35,93.5,2356,true,completed
BF_BF2_h5s16n11.txt,BBLCT,16,5,48,10,900.0,2,4.2,8,16.7,8,897.05,1102.4,23393,true,completed
BF_BF2_h5s16n12.txt,BBLCT,16,5,48,10,900.0,1,2.1,4,8.3,8,881.12,58.5,1030,true,completed
BF_BF2_h5s16n13.txt,BBLCT,16,5,48,10,900.0,1,2.1,7,14.6,7,751.12,3973.6,51388,true,completed
BF_BF2_h5s16n14.txt,BBLCT,16,5,48,10,900.0,1,2.1,4,8.3,9,897.21,45.7,908,true,completed
BF_BF2_h5s16n15.txt,BBLCT,16,5,48,10,900.0,1,2.1,3,6.2,5,600.93,595070.8,7955456,false,cpu_limit
BF_BF2_h5s16n16.txt,BBLCT,16,5,48,10,900.0,0,0.0,6,12.5,7,721.96,30317.5,452079,true,completed
BF_BF2_h5s16n17.txt,BBLCT,16,5,48,10,900.0,2,4.2,7,14.6,8,892.70,180.1,2789,true,completed
BF_BF2_h5s16n18.txt,BBLCT,16,5,48,10,900.0,1,2.1,4,8.3,8,899.45,17.1,532,true,completed
BF_BF2_h5s16n19.txt,BBLCT,16,5,48,10,900.0,0,0.0,6,12.5,8,888.11,505.1,9231,true,completed
BF_BF2_h5s16n2.txt,BBLCT,16,5,48,10,900.0,1,2.1,4,8.3,9,891.97,370913.9,4660212,true,completed
BF_BF2_h5s16n20.txt,BBLCT,16,5,48,10,900.0,1,2.1,6,12.5,8,877.44,26.7,688,true,completed
BF_BF2_h5s16n3.txt,BBLCT,16,5,48,10,900.0,1,2.1,4,8.3,8,886.36,17.7,502,true,completed
BF_BF2_h5s16n4.txt,BBLCT,16,5,48,10,900.0,2,4.2,9,18.8,9,894.20,40.6,818,true,completed
BF_BF2_h5s16n5.txt,BBLCT,16,5,48,10,900.0,1,2.1,8,16.7,6,614.20,25764.1,371193,true,completed
BF_BF2_h5s16n6.txt,BBLCT,16,5,48,10,900.0,1,2.1,3,6.2,5,550.63,595090.3,8119296,false,cpu_limit
BF_BF2_h5s16n7.txt,BBLCT,16,5,48,10,900.0,4,8.3,9,18.8,8,885.91,4506.9,96129,true,completed
BF_BF2_h5s16n8.txt,BBLCT,16,5,48,10,900.0,0,0.0,4,8.3,9,888.24,3247.6,54212,true,completed
BF_BF2_h5s16n9.txt,BBLCT,16,5,48,10,900.0,1,2.1,6,12.5,8,817.88,36195.3,492955,true,completed
BF_BF30_h8s20n1.txt,BBLCT,20,8,128,26,900.0,1,0.8,4,3.1,9,897.14,188.4,1437,true,completed
BF_BF30_h8s20n10.txt,BBLCT,20,8,128,26,900.0,0,0.0,3,2.3,9,898.26,273959.2,1290272,true,completed
BF_BF30_h8s20n11.txt,BBLCT,20,8,128,26,900.0,2,1.6,3,2.3,3,330.25,595236.5,3100672,false,cpu_limit
BF_BF30_h8s20n12.txt,BBLCT,20,8,128,26,900.0,0,0.0,2,1.6,8,899.92,155105.9,887033,true,completed
BF_BF30_h8s20n13.txt,BBLCT,20,8,128,26,900.0,1,0.8,4,3.1,8,899.54,84867.1,427773,true,completed
BF_BF30_h8s20n14.txt,BBLCT,20,8,128,26,900.0,1,0.8,1,0.8,0,0.00,595035.7,14171136,false,cpu_limit
BF_BF30_h8s20n15.txt,BBLCT,20,8,128,26,900.0,1,0.8,2,1.6,5,507.48,595208.3,2429952,false,cpu_limit
BF_BF30_h8s20n16.txt,BBLCT,20,8,128,26,900.0,1,0.8,6,4.7,7,710.23,308925.0,1184155,true,completed
BF_BF30_h8s20n17.txt,BBLCT,20,8,128,26,900.0,1,0.8,3,2.3,8,882.74,98.1,1016,true,completed
BF_BF30_h8s20n18.txt,BBLCT,20,8,128,26,900.0,1,0.8,2,1.6,8,882.31,12042.5,67467,true,completed
BF_BF30_h8s20n19.txt,BBLCT,20,8,128,26,900.0,0,0.0,3,2.3,7,897.87,635.9,4002,true,completed
BF_BF30_h8s20n2.txt,BBLCT,20,8,128,26,900.0,1,0.8,2,1.6,4,416.02,595187.0,2587648,false,cpu_limit
BF_BF30_h8s20n20.txt,BBLCT,20,8,128,26,900.0,2,1.6,4,3.1,7,897.22,2553.8,12587,true,completed
BF_BF30_h8s20n3.txt,BBLCT,20,8,128,26,900.0,1,0.8,4,3.1,7,697.89,595142.8,2921472,false,cpu_limit
BF_BF30_h8s20n4.txt,BBLCT,20,8,128,26,900.0,1,0.8,3,2.3,2,214.03,164.7,1300,true,completed
BF_BF30_h8s20n5.txt,BBLCT,20,8,128,26,900.0,1,0.8,3,2.3,8,889.16,83360.8,426926,true,completed
BF_BF30_h8s20n6.txt,BBLCT,20,8,128,26,900.0,0,0.0,2,1.6,4,374.60,595088.4,2801664,false,cpu_limit
BF_BF30_h8s20n7.txt,BBLCT,20,8,128,26,900.0,2,1.6,3,2.3,7,897.63,2641.9,14980,true,completed
BF_BF30_h8s20n8.txt,BBLCT,20,8,128,26,900.0,1,0.8,3,2.3,8,899.45,53353.3,262502,true,completed
BF_BF30_h8s20n9.txt,BBLCT,20,8,128,26,900.0,3,2.3,5,3.9,8,887.90,850.3,4952,true,completed
BF_BF31_h8s20n1.txt,BBLCT,20,8,128,52,900.0,0,0.0,1,0.8,7,885.00,395.2,2233,true,completed
BF_BF31_h8s20n10.txt,BBLCT,20,8,128,52,900.0,0,0.0,4,3.1,8,897.15,314.8,1804,true,completed
BF_BF31_h8s20n11.txt,BBLCT,20,8,128,52,900.0,0,0.0,2,1.6,8,888.63,37467.4,150323,true,completed
BF_BF31_h8s20n12.txt,BBLCT,20,8,128,52,900.0,1,0.8,3,2.3,4,457.49,2133.2,9554,true,completed
BF_BF31_h8s20n13.txt,BBLCT,20,8,128,52,900.0,1,0.8,5,3.9,8,899.63,182.8,1391,true,completed
BF_BF31_h8s20n14.txt,BBLCT,20,8,128,52,900.0,0,0.0,3,2.3,8,896.89,39887.8,222316,true,completed
BF_BF31_h8s20n15.txt,BBLCT,20,8,128,52,900.0,0,0.0,5,3.9,8,896.09,218.1,1404,true,completed
BF_BF31_h8s20n16.txt,BBLCT,20,8,128,52,900.0,2,1.6,4,3.1,9,892.97,3857.8,19943,true,completed
BF_BF31_h8s20n17.txt,BBLCT,20,8,128,52,900.0,0,0.0,3,2.3,8,890.98,153.7,1095,true,completed
BF_BF31_h8s20n18.txt,BBLCT,20,8,128,52,900.0,0,0.0,4,3.1,9,898.39,6262.3,26104,true,completed
BF_BF31_h8s20n19.txt,BBLCT,20,8,128,52,900.0,0,0.0,1,0.8,5,508.41,595255.2,2381824,false,cpu_limit
BF_BF31_h8s20n2.txt,BBLCT,20,8,128,52,900.0,3,2.3,5,3.9,7,891.26,10718.6,42358,true,completed
BF_BF31_h8s20n20.txt,BBLCT,20,8,128,52,900.0,0,0.0,2,1.6,8,872.57,250.2,1477,true,completed
BF_BF31_h8s20n3.txt,BBLCT,20,8,128,52,900.0,3,2.3,5,3.9,8,896.85,534.9,3264,true,completed
BF_BF31_h8s20n4.txt,BBLCT,20,8,128,52,900.0,2,1.6,3,2.3,2,264.75,194.1,1213,true,completed
BF_BF31_h8s20n5.txt,BBLCT,20,8,128,52,900.0,0,0.0,3,2.3,9,898.77,161278.9,630143,true,completed
BF_BF31_h8s20n6.txt,BBLCT,20,8,128,52,900.0,1,0.8,1,0.8,0,0.00,22.3,153,true,completed
BF_BF31_h8s20n7.txt,BBLCT,20,8,128,52,900.0,0,0.0,2,1.6,4,419.10,595161.8,2782208,false,cpu_limit
BF_BF31_h8s20n8.txt,BBLCT,20,8,128,52,900.0,0,0.0,1,0.8,7,887.37,139.8,1052,true,completed
BF_BF31_h8s20n9.txt,BBLCT,20,8,128,52,900.0,1,0.8,5,3.9,8,898.94,2176.4,10100,true,completed
BF_BF32_h8s20n1.txt,BBLCT,20,8,128,52,900.0,0,0.0,3,2.3,6,606.84,266316.8,1976686,true,completed
BF_BF32_h8s20n10.txt,BBLCT,20,8,128,52,900.0,0,0.0,2,1.6,8,899.78,58634.9,346827,true,completed
BF_BF32_h8s20n11.txt,BBLCT,20,8,128,52,900.0,0,0.0,2,1.6,9,897.30,7179.7,47455,true,completed
BF_BF32_h8s20n12.txt,BBLCT,20,8,128,52,900.0,1,0.8,4,3.1,8,884.35,501.0,4301,true,completed
BF_BF32_h8s20n13.txt,BBLCT,20,8,128,52,900.0,1,0.8,4,3.1,8,891.62,10219.7,45041,true,completed
BF_BF32_h8s20n14.txt,BBLCT,20,8,128,52,900.0,0,0.0,2,1.6,7,895.66,40.7,243,true,completed
BF_BF32_h8s20n15.txt,BBLCT,20,8,128,52,900.0,0,0.0,2,1.6,6,776.34,12677.6,78770,true,completed
BF_BF32_h8s20n16.txt,BBLCT,20,8,128,52,900.0,1,0.8,4,3.1,7,897.01,1563.6,8790,true,completed
BF_BF32_h8s20n17.txt,BBLCT,20,8,128,52,900.0,0,0.0,3,2.3,8,899.58,886.2,5209,true,completed
BF_BF32_h8s20n18.txt,BBLCT,20,8,128,52,900.0,0,0.0,4,3.1,8,899.90,1446.6,7965,true,completed
BF_BF32_h8s20n19.txt,BBLCT,20,8,128,52,900.0,1,0.8,3,2.3,9,893.96,328.1,2256,true,completed
BF_BF32_h8s20n2.txt,BBLCT,20,8,128,52,900.0,0,0.0,3,2.3,6,562.28,595075.8,4219904,false,cpu_limit
BF_BF32_h8s20n20.txt,BBLCT,20,8,128,52,900.0,0,0.0,1,0.8,7,890.16,276.7,2042,true,completed
BF_BF32_h8s20n3.txt,BBLCT,20,8,128,52,900.0,1,0.8,2,1.6,8,899.65,83.4,922,true,completed
BF_BF32_h8s20n4.txt,BBLCT,20,8,128,52,900.0,1,0.8,2,1.6,5,515.90,595277.0,2598912,false,cpu_limit
BF_BF32_h8s20n5.txt,BBLCT,20,8,128,52,900.0,0,0.0,2,1.6,8,890.33,1313.8,7895,true,completed
BF_BF32_h8s20n6.txt,BBLCT,20,8,128,52,900.0,0,0.0,4,3.1,7,885.05,39496.4,160844,true,completed
BF_BF32_h8s20n7.txt,BBLCT,20,8,128,52,900.0,0,0.0,2,1.6,8,890.78,143.1,1243,true,completed
BF_BF32_h8s20n8.txt,BBLCT,20,8,128,52,900.0,0,0.0,1,0.8,1,95.30,86.7,931,true,completed
BF_BF32_h8s20n9.txt,BBLCT,20,8,128,52,900.0,0,0.0,1,0.8,6,899.69,244.5,1663,true,completed
BF_BF3_h5s16n1.txt,BBLCT,16,5,48,20,900.0,1,2.1,10,20.8,8,885.09,90.4,1155,true,completed
BF_BF3_h5s16n10.txt,BBLCT,16,5,48,20,900.0,1,2.1,8,16.7,8,897.49,410.5,4350,true,completed
BF_BF3_h5s16n11.txt,BBLCT,16,5,48,20,900.0,0,0.0,8,16.7,8,895.44,23733.7,306015,true,completed
BF_BF3_h5s16n12.txt,BBLCT,16,5,48,20,900.0,1,2.1,5,10.4,9,898.87,527.3,7432,true,completed
BF_BF3_h5s16n13.txt,BBLCT,16,5,48,20,900.0,1,2.1,7,14.6,8,894.54,113.2,1396,true,completed
BF_BF3_h5s16n14.txt,BBLCT,16,5,48,20,900.0,2,4.2,8,16.7,9,899.64,4964.6,64494,true,completed
BF_BF3_h5s16n15.txt,BBLCT,16,5,48,20,900.0,0,0.0,8,16.7,9,892.40,17044.6,208833,true,completed
BF_BF3_h5s16n16.txt,BBLCT,16,5,48,20,900.0,1,2.1,10,20.8,9,899.69,9785.9,108359,true,completed
BF_BF3_h5s16n17.txt,BBLCT,16,5,48,20,900.0,1,2.1,5,10.4,8,890.90,75.1,1286,true,completed
BF_BF3_h5s16n18.txt,BBLCT,16,5,48,20,900.0,2,4.2,6,12.5,8,897.50,977.2,17748,true,completed
BF_BF3_h5s16n19.txt,BBLCT,16,5,48,20,900.0,1,2.1,7,14.6,9,890.40,133.1,1367,true,completed
BF_BF3_h5s16n2.txt,BBLCT,16,5,48,20,900.0,0,0.0,8,16.7,9,898.12,4059.3,55901,true,completed
BF_BF3_h5s16n20.txt,BBLCT,16,5,48,20,900.0,1,2.1,4,8.3,8,893.96,355.5,5341,true,completed
BF_BF3_h5s16n3.txt,BBLCT,16,5,48,20,900.0,2,4.2,8,16.7,8,886.78,1876.8,17494,true,completed
BF_BF3_h5s16n4.txt,BBLCT,16,5,48,20,900.0,1,2.1,8,16.7,8,898.13,3724.8,37727,true,completed
BF_BF3_h5s16n5.txt,BBLCT,16,5,48,20,900.0,1,2.1,7,14.6,7,709.73,25489.9,299599,true,completed
BF_BF3_h5s16n6.txt,BBLCT,16,5,48,20,900.0,1,2.1,8,16.7,8,899.58,2552.7,40313,true,completed
BF_BF3_h5s16n7.txt,BBLCT,16,5,48,20,900.0,1,2.1,8,16.7,9,898.68,29537.7,453829,true,completed
BF_BF3_h5s16n8.txt,BBLCT,16,5,48,20,900.0,0,0.0,8,16.7,10,899.70,3223.6,35672,true,completed
BF_BF3_h5s16n9.txt,BBLCT,16,5,48,20,900.0,1,2.1,4,8.3,6,673.71,42451.8,422709,true,completed
BF_BF4_h5s16n1.txt,BBLCT,16,5,48,20,900.0,0,0.0,4,8.3,9,886.12,251.2,4517,true,completed
BF_BF4_h5s16n10.txt,BBLCT,16,5,48,20,900.0,0,0.0,7,14.6,9,897.69,283.7,5483,true,completed
BF_BF4_h5s16n11.txt,BBLCT,16,5,48,20,900.0,0,0.0,5,10.4,8,896.52,652.7,14087,true,completed
BF_BF4_h5s16n12.txt,BBLCT,16,5,48,20,900.0,0,0.0,6,12.5,9,898.61,10834.3,138348,true,completed
BF_BF4_h5s16n13.txt,BBLCT,16,5,48,20,900.0,1,2.1,11,22.9,8,869.81,1555.3,24767,true,completed
BF_BF4_h5s16n14.txt,BBLCT,16,5,48,20,900.0,1,2.1,13,27.1,9,899.53,10506.3,315516,true,completed
BF_BF4_h5s16n15.txt,BBLCT,16,5,48,20,900.0,0,0.0,4,8.3,9,886.89,5100.1,81424,true,completed
BF_BF4_h5s16n16.txt,BBLCT,16,5,48,20,900.0,1,2.1,5,10.4,8,894.29,1069.8,23468,true,completed
BF_BF4_h5s16n17.txt,BBLCT,16,5,48,20,900.0,1,2.1,6,12.5,8,797.17,103188.2,1258096,true,completed
BF_BF4_h5s16n18.txt,BBLCT,16,5,48,20,900.0,1,2.1,6,12.5,8,894.81,409.5,12279,true,completed
BF_BF4_h5s16n19.txt,BBLCT,16,5,48,20,900.0,1,2.1,9,18.8,8,897.12,2715.9,31356,true,completed
BF_BF4_h5s16n2.txt,BBLCT,16,5,48,20,900.0,1,2.1,7,14.6,8,899.41,2118.8,42834,true,completed
BF_BF4_h5s16n20.txt,BBLCT,16,5,48,20,900.0,1,2.1,6,12.5,5,513.21,123.8,2406,true,completed
BF_BF4_h5s16n3.txt,BBLCT,16,5,48,20,900.0,0,0.0,12,25.0,9,887.72,1055.0,22140,true,completed
BF_BF4_h5s16n4.txt,BBLCT,16,5,48,20,900.0,0,0.0,4,8.3,5,581.71,45196.1,620984,true,completed
BF_BF4_h5s16n5.txt,BBLCT,16,5,48,20,900.0,0,0.0,3,6.2,8,898.20,5140.3,139966,true,completed
BF_BF4_h5s16n6.txt,BBLCT,16,5,48,20,900.0,2,4.2,7,14.6,5,512.42,82.7,2108,true,completed
BF_BF4_h5s16n7.txt,BBLCT,16,5,48,20,900.0,0,0.0,4,8.3,8,891.13,558.3,13662,true,completed
BF_BF4_h5s16n8.txt,BBLCT,16,5,48,20,900.0,0,0.0,2,4.2,7,894.68,5042.1,71634,true,completed
BF_BF4_h5s16n9.txt,BBLCT,16,5,48,20,900.0,0,0.0,2,4.2,8,876.09,1342.4,20478,true,completed
BF_BF5_h5s16n1.txt,BBLCT,16,5,64,13,900.0,1,1.6,3,4.7,5,525.82,158.8,3687,true,completed
BF_BF5_h5s16n10.txt,BBLCT,16,5,64,13,900.0,1,1.6,9,14.1,7,621.36,8980.5,205916,true,completed
BF_BF5_h5s16n11.txt,BBLCT,16,5,64,13,900.0,1,1.6,7,10.9,9,899.96,19746.5,241093,true,completed
BF_BF5_h5s16n12.txt,BBLCT,16,5,64,13,900.0,1,1.6,8,12.5,8,739.69,30368.5,341772,true,completed
BF_BF5_h5s16n13.txt,BBLCT,16,5,64,13,900.0,0,0.0,6,9.4,10,893.80,341484.6,4204147,true,completed
BF_BF5_h5s16n14.txt,BBLCT,16,5,64,13,900.0,2,3.1,6,9.4,8,815.72,231152.4,2763769,true,completed
BF_BF5_h5s16n15.txt,BBLCT,16,5,64,13,900.0,3,4.7,8,12.5,8,883.05,14239.3,180271,true,completed
BF_BF5_h5s16n16.txt,BBLCT,16,5,64,13,900.0,1,1.6,4,6.2,9,881.74,28639.5,421497,true,completed
BF_BF5_h5s16n17.txt,BBLCT,16,5,64,13,900.0,1,1.6,9,14.1,9,888.13,306.2,4274,true,completed
BF_BF5_h5s16n18.txt,BBLCT,16,5,64,13,900.0,1,1.6,4,6.2,9,898.83,9410.7,97672,true,completed
BF_BF5_h5s16n19.txt,BBLCT,16,5,64,13,900.0,2,3.1,5,7.8,6,543.87,3584.3,107390,true,completed
BF_BF5_h5s16n2.txt,BBLCT,16,5,64,13,900.0,1,1.6,9,14.1,9,898.76,89.3,1443,true,completed
BF_BF5_h5s16n20.txt,BBLCT,16,5,64,13,900.0,2,3.1,7,10.9,8,891.64,1208.9,17300,true,completed
BF_BF5_h5s16n3.txt,BBLCT,16,5,64,13,900.0,2,3.1,9,14.1,9,899.71,4486.4,50853,true,completed
BF_BF5_h5s16n4.txt,BBLCT,16,5,64,13,900.0,4,6.2,12,18.8,9,893.21,2964.3,37104,true,completed
BF_BF5_h5s16n5.txt,BBLCT,16,5,64,13,900.0,1,1.6,4,6.2,4,443.82,17355.4,416625,true,completed
BF_BF5_h5s16n6.txt,BBLCT,16,5,64,13,900.0,0,0.0,7,10.9,9,893.18,180.5,2319,true,completed
BF_BF5_h5s16n7.txt,BBLCT,16,5,64,13,900.0,0,0.0,3,4.7,5,480.90,17688.8,458318,true,completed
BF_BF5_h5s16n8.txt,BBLCT,16,5,64,13,900.0,0,0.0,3,4.7,6,585.17,595130.4,6359040,false,cpu_limit
BF_BF5_h5s16n9.txt,BBLCT,16,5,64,13,900.0,1,1.6,7,10.9,9,899.14,12410.1,121152,true,completed
BF_BF6_h5s16n1.txt,BBLCT,16,5,64,13,900.0,2,3.1,7,10.9,9,879.43,6659.9,104007,true,completed
BF_BF6_h5s16n10.txt,BBLCT,16,5,64,13,900.0,1,1.6,3,4.7,8,881.12,18.2,512,true,completed
BF_BF6_h5s16n11.txt,BBLCT,16,5,64,13,900.0,0,0.0,3,4.7,8,897.77,124.6,2606,true,completed
BF_BF6_h5s16n12.txt,BBLCT,16,5,64,13,900.0,0,0.0,6,9.4,8,892.71,164.1,4055,true,completed
BF_BF6_h5s16n13.txt,BBLCT,16,5,64,13,900.0,2,3.1,4,6.2,5,522.69,39890.7,708437,true,completed
BF_BF6_h5s16n14.txt,BBLCT,16,5,64,13,900.0,1,1.6,12,18.8,9,895.82,17088.4,278561,true,completed
BF_BF6_h5s16n15.txt,BBLCT,16,5,64,13,900.0,0,0.0,7,10.9,8,865.55,107.6,3302,true,completed
BF_BF6_h5s16n16.txt,BBLCT,16,5,64,13,900.0,2,3.1,9,14.1,7,705.31,595036.4,9537536,false,cpu_limit
BF_BF6_h5s16n17.txt,BBLCT,16,5,64,13,900.0,0,0.0,3,4.7,8,894.46,2032.7,36669,true,completed
BF_BF6_h5s16n18.txt,BBLCT,16,5,64,13,900.0,0,0.0,3,4.7,8,887.73,32423.5,456458,true,completed
BF_BF6_h5s16n19.txt,BBLCT,16,5,64,13,900.0,2,3.1,6,9.4,7,752.00,2323.8,35717,true,completed
BF_BF6_h5s16n2.txt,BBLCT,16,5,64,13,900.0,1,1.6,4,6.2,8,898.69,214771.6,3172831,true,completed
BF_BF6_h5s16n20.txt,BBLCT,16,5,64,13,900.0,0,0.0,4,6.2,9,899.72,1059.6,21851,true,completed
BF_BF6_h5s16n3.txt,BBLCT,16,5,64,13,900.0,2,3.1,8,12.5,8,847.09,114048.4,1797729,true,completed
BF_BF6_h5s16n4.txt,BBLCT,16,5,64,13,900.0,0,0.0,3,4.7,6,597.09,5693.7,93228,true,completed
BF_BF6_h5s16n5.txt,BBLCT,16,5,64,13,900.0,2,3.1,5,7.8,8,844.70,143.4,2644,true,completed
BF_BF6_h5s16n6.txt,BBLCT,16,5,64,13,900.0,0,0.0,3,4.7,6,598.63,13559.3,220236,true,completed
BF_BF6_h5s16n7.txt,BBLCT,16,5,64,13,900.0,0,0.0,7,10.9,8,885.85,231751.5,6214263,true,completed
BF_BF6_h5s16n8.txt,BBLCT,16,5,64,13,900.0,1,1.6,10,15.6,8,897.01,526.7,11507,true,completed
BF_BF6_h5s16n9.txt,BBLCT,16,5,64,13,900.0,5,7.8,7,10.9,8,842.13,171.0,2556,true,completed
BF_BF7_h5s16n1.txt,BBLCT,16,5,64,26,900.0,1,1.6,5,7.8,8,874.10,64.6,1574,true,completed
BF_BF7_h5s16n10.txt,BBLCT,16,5,64,26,900.0,2,3.1,8,12.5,8,896.51,216919.1,2119955,true,completed
BF_BF7_h5s16n11.txt,BBLCT,16,5,64,26,900.0,1,1.6,7,10.9,9,899.67,1175.2,20690,true,completed
BF_BF7_h5s16n12.txt,BBLCT,16,5,64,26,900.0,1,1.6,9,14.1,8,891.17,10221.6,133697,true,completed
BF_BF7_h5s16n13.txt,BBLCT,16,5,64,26,900.0,0,0.0,3,4.7,9,881.63,60.6,1024,true,completed
BF_BF7_h5s16n14.txt,BBLCT,16,5,64,26,900.0,1,1.6,3,4.7,5,479.42,6017.8,138441,true,completed
BF_BF7_h5s16n15.txt,BBLCT,16,5,64,26,900.0,2,3.1,6,9.4,8,855.35,5222.0,71382,true,completed
BF_BF7_h5s16n16.txt,BBLCT,16,5,64,26,900.0,1,1.6,5,7.8,7,726.00,53095.2,612503,true,completed
BF_BF7_h5s16n17.txt,BBLCT,16,5,64,26,900.0,0,0.0,4,6.2,9,893.20,2478.7,24376,true,completed
BF_BF7_h5s16n18.txt,BBLCT,16,5,64,26,900.0,3,4.7,6,9.4,8,897.80,944.3,15563,true,completed
BF_BF7_h5s16n19.txt,BBLCT,16,5,64,26,900.0,0,0.0,6,9.4,9,899.96,161488.8,2787975,true,completed
BF_BF7_h5s16n2.txt,BBLCT,16,5,64,26,900.0,1,1.6,8,12.5,8,878.15,226.1,2980,true,completed
BF_BF7_h5s16n20.txt,BBLCT,16,5,64,26,900.0,1,1.6,8,12.5,8,880.82,10545.3,109546,true,completed
BF_BF7_h5s16n3.txt,BBLCT,16,5,64,26,900.0,1,1.6,5,7.8,8,886.02,26.6,421,true,completed
BF_BF7_h5s16n4.txt,BBLCT,16,5,64,26,900.0,2,3.1,12,18.8,9,896.04,58.3,983,true,completed
BF_BF7_h5s16n5.txt,BBLCT,16,5,64,26,900.0,0,0.0,4,6.2,7,706.22,12870.4,286838,true,completed
BF_BF7_h5s16n6.txt,BBLCT,16,5,64,26,900.0,1,1.6,7,10.9,9,898.51,829.5,11787,true,completed
BF_BF7_h5s16n7.txt,BBLCT,16,5,64,26,900.0,1,1.6,6,9.4,7,698.73,84975.8,1746671,true,completed
BF_BF7_h5s16n8.txt,BBLCT,16,5,64,26,900.0,0,0.0,10,15.6,8,898.14,16862.2,274151,true,completed
BF_BF7_h5s16n9.txt,BBLCT,16,5,64,26,900.0,0,0.0,7,10.9,8,895.28,99.7,1460,true,completed
BF_BF8_h5s16n1.txt,BBLCT,16,5,64,26,900.0,1,1.6,7,10.9,8,896.95,826.3,15805,true,completed
BF_BF8_h5s16n10.txt,BBLCT,16,5,64,26,900.0,0,0.0,3,4.7,9,885.68,540.8,14834,true,completed
BF_BF8_h5s16n11.txt,BBLCT,16,5,64,26,900.0,0,0.0,6,9.4,8,895.72,953.7,31678,true,completed
BF_BF8_h5s16n12.txt,BBLCT,16,5,64,26,900.0,0,0.0,6,9.4,8,898.32,6830.1,119888,true,completed
BF_BF8_h5s16n13.txt,BBLCT,16,5,64,26,900.0,0,0.0,4,6.2,8,876.16,254809.1,3692266,true,completed
BF_BF8_h5s16n14.txt,BBLCT,16,5,64,26,900.0,0,0.0,3,4.7,7,895.74,129.1,3602,true,completed
BF_BF8_h5s16n15.txt,BBLCT,16,5,64,26,900.0,1,1.6,3,4.7,5,516.73,342.3,5959,true,completed
BF_BF8_h5s16n16.txt,BBLCT,16,5,64,26,900.0,1,1.6,5,7.8,8,895.04,43.1,858,true,completed
BF_BF8_h5s16n17.txt,BBLCT,16,5,64,26,900.0,0,0.0,3,4.7,8,899.18,81.0,2351,true,completed
BF_BF8_h5s16n18.txt,BBLCT,16,5,64,26,900.0,1,1.6,5,7.8,5,515.93,53.8,1609,true,completed
BF_BF8_h5s16n19.txt,BBLCT,16,5,64,26,900.0,1,1.6,4,6.2,7,724.24,12950.9,163052,true,completed
BF_BF8_h5s16n2.txt,BBLCT,16,5,64,26,900.0,0,0.0,6,9.4,9,898.24,34765.7,380443,true,completed
BF_BF8_h5s16n20.txt,BBLCT,16,5,64,26,900.0,1,1.6,4,6.2,8,894.35,870.3,16908,true,completed
BF_BF8_h5s16n3.txt,BBLCT,16,5,64,26,900.0,1,1.6,5,7.8,8,846.10,2484.8,45419,true,completed
BF_BF8_h5s16n4.txt,BBLCT,16,5,64,26,900.0,1,1.6,7,10.9,9,899.81,700.1,10326,true,completed
BF_BF8_h5s16n5.txt,BBLCT,16,5,64,26,900.0,1,1.6,7,10.9,8,822.54,5022.7,76948,true,completed
BF_BF8_h5s16n6.txt,BBLCT,16,5,64,26,900.0,0,0.0,5,7.8,9,897.21,2410.0,29668,true,completed
BF_BF8_h5s16n7.txt,BBLCT,16,5,64,26,900.0,2,3.1,5,7.8,9,898.27,48.4,820,true,completed
BF_BF8_h5s16n8.txt,BBLCT,16,5,64,26,900.0,1,1.6,8,12.5,9,898.19,4247.8,103886,true,completed
BF_BF8_h5s16n9.txt,BBLCT,16,5,64,26,900.0,1,1.6,4,6.2,6,653.97,318.9,5253,true,completed
BF_BF9_h8s16n1.txt,BBLCT,16,8,77,16,900.0,0,0.0,2,2.6,7,894.20,18242.0,138436,true,completed
BF_BF9_h8s16n10.txt,BBLCT,16,8,77,16,900.0,1,1.3,3,3.9,4,526.22,595117.2,4055040,false,cpu_limit
BF_BF9_h8s16n11.txt,BBLCT,16,8,77,16,900.0,2,2.6,7,9.1,7,899.54,545.9,6792,true,completed
BF_BF9_h8s16n12.txt,BBLCT,16,8,77,16,900.0,1,1.3,3,3.9,6,882.83,254085.2,1831289,true,completed
BF_BF9_h8s16n13.txt,BBLCT,16,8,77,16,900.0,1,1.3,3,3.9,3,406.87,595125.2,4257792,false,cpu_limit
BF_BF9_h8s16n14.txt,BBLCT,16,8,77,16,900.0,2,2.6,3,3.9,4,420.30,595138.0,4248576,false,cpu_limit
BF_BF9_h8s16n15.txt,BBLCT,16,8,77,16,900.0,3,3.9,6,7.8,6,899.07,2136.0,16956,true,completed
BF_BF9_h8s16n16.txt,BBLCT,16,8,77,16,900.0,1,1.3,4,5.2,6,877.71,5683.6,40406,true,completed
BF_BF9_h8s16n17.txt,BBLCT,16,8,77,16,900.0,2,2.6,3,3.9,6,893.12,3779.5,28432,true,completed
BF_BF9_h8s16n18.txt,BBLCT,16,8,77,16,900.0,3,3.9,5,6.5,7,823.55,209920.0,1486195,true,completed
BF_BF9_h8s16n19.txt,BBLCT,16,8,77,16,900.0,1,1.3,4,5.2,7,898.15,123366.6,900037,true,completed
BF_BF9_h8s16n2.txt,BBLCT,16,8,77,16,900.0,1,1.3,3,3.9,7,888.94,2009.0,15447,true,completed
BF_BF9_h8s16n20.txt,BBLCT,16,8,77,16,900.0,1,1.3,3,3.9,4,586.62,2049.3,22265,true,completed
BF_BF9_h8s16n3.txt,BBLCT,16,8,77,16,900.0,1,1.3,3,3.9,6,694.33,595151.9,3922944,false,cpu_limit
BF_BF9_h8s16n4.txt,BBLCT,16,8,77,16,900.0,1,1.3,3,3.9,7,884.27,68151.8,507989,true,completed
BF_BF9_h8s16n5.txt,BBLCT,16,8,77,16,900.0,3,3.9,4,5.2,6,899.36,300996.5,2290486,true,completed
BF_BF9_h8s16n6.txt,BBLCT,16,8,77,16,900.0,1,1.3,3,3.9,2,267.77,390021.7,2834145,true,completed
BF_BF9_h8s16n7.txt,BBLCT,16,8,77,16,900.0,1,1.3,4,5.2,8,882.72,4389.7,41601,true,completed
BF_BF9_h8s16n8.txt,BBLCT,16,8,77,16,900.0,4,5.2,7,9.1,7,896.61,168801.0,1209322,true,completed
BF_BF9_h8s16n9.txt,BBLCT,16,8,77,16,900.0,1,1.3,6,7.8,6,831.74,13107.3,93779,true,completed
BF_BF10_h8s16n1.txt,BBLCT,16,8,77,16,1200.0,0,0.0,3,3.9,10,1199.17,5063.6,49185,true,completed
BF_BF10_h8s16n10.txt,BBLCT,16,8,77,16,1200.0,2,2.6,5,6.5,9,1190.09,346.9,4449,true,completed
BF_BF10_h8s16n11.txt,BBLCT,16,8,77,16,1200.0,2,2.6,4,5.2,8,859.89,595126.0,4773888,false,cpu_limit
BF_BF10_h8s16n12.txt,BBLCT,16,8,77,16,1200.0,1,1.3,5,6.5,9,1198.15,79.3,1138,true,completed
BF_BF10_h8s16n13.txt,BBLCT,16,8,77,16,1200.0,1,1.3,3,3.9,7,811.33,595070.7,5601280,false,cpu_limit
BF_BF10_h8s16n14.txt,BBLCT,16,8,77,16,1200.0,1,1.3,5,6.5,11,1196.69,161.8,1893,true,completed
BF_BF10_h8s16n15.txt,BBLCT,16,8,77,16,1200.0,2,2.6,4,5.2,6,876.53,94.0,1260,true,completed
BF_BF10_h8s16n16.txt,BBLCT,16,8,77,16,1200.0,0,0.0,2,2.6,6,821.71,595047.1,5053440,false,cpu_limit
BF_BF10_h8s16n17.txt,BBLCT,16,8,77,16,1200.0,0,0.0,3,3.9,8,808.69,595077.1,4632576,false,cpu_limit
BF_BF10_h8s16n18.txt,BBLCT,16,8,77,16,1200.0,1,1.3,3,3.9,6,751.43,595042.7,6362112,false,cpu_limit
BF_BF10_h8s16n19.txt,BBLCT,16,8,77,16,1200.0,0,0.0,2,2.6,8,778.40,595083.4,5169152,false,cpu_limit
BF_BF10_h8s16n2.txt,BBLCT,16,8,77,16,1200.0,2,2.6,4,5.2,7,754.98,595031.0,5778432,false,cpu_limit
BF_BF10_h8s16n20.txt,BBLCT,16,8,77,16,1200.0,0,0.0,3,3.9,10,1196.47,1009.1,10682,true,completed
BF_BF10_h8s16n3.txt,BBLCT,16,8,77,16,1200.0,2,2.6,8,10.4,8,882.94,595057.0,5144576,false,cpu_limit
BF_BF10_h8s16n4.txt,BBLCT,16,8,77,16,1200.0,0,0.0,4,5.2,10,1198.36,385750.4,2537637,true,completed
BF_BF10_h8s16n5.txt,BBLCT,16,8,77,16,1200.0,1,1.3,3,3.9,7,767.77,595127.4,5470208,false,cpu_limit
BF_BF10_h8s16n6.txt,BBLCT,16,8,77,16,1200.0,1,1.3,4,5.2,7,715.25,595032.5,8615936,false,cpu_limit
BF_BF10_h8s16n7.txt,BBLCT,16,8,77,16,1200.0,0,0.0,2,2.6,8,951.70,595074.1,6439936,false,cpu_limit
BF_BF10_h8s16n8.txt,BBLCT,16,8,77,16,1200.0,1,1.3,2,2.6,5,560.58,595069.3,5715968,false,cpu_limit
BF_BF10_h8s16n9.txt,BBLCT,16,8,77,16,1200.0,2,2.6,4,5.2,7,834.35,595132.6,4912128,false,cpu_limit
BF_BF11_h8s16n1.txt,BBLCT,16,8,77,31,1200.0,0,0.0,4,5.2,9,1189.62,197466.1,1160530,true,completed
BF_BF11_h8s16n10.txt,BBLCT,16,8,77,31,1200.0,0,0.0,4,5.2,10,1197.78,3986.2,25435,true,completed
BF_BF11_h8s16n11.txt,BBLCT,16,8,77,31,1200.0,0,0.0,2,2.6,9,1196.64,1311.7,8979,true,completed
BF_BF11_h8s16n12.txt,BBLCT,16,8,77,31,1200.0,0,0.0,2,2.6,9,1100.02,208666.2,1622220,true,completed
BF_BF11_h8s16n13.txt,BBLCT,16,8,77,31,1200.0,0,0.0,3,3.9,9,1199.98,483.0,5281,true,completed
BF_BF11_h8s16n14.txt,BBLCT,16,8,77,31,1200.0,0,0.0,4,5.2,9,1198.59,981.6,9299,true,completed
BF_BF11_h8s16n15.txt,BBLCT,16,8,77,31,1200.0,1,1.3,4,5.2,9,1173.03,563.3,5325,true,completed
BF_BF11_h8s16n16.txt,BBLCT,16,8,77,31,1200.0,0,0.0,6,7.8,9,1191.22,555.4,5280,true,completed
BF_BF11_h8s16n17.txt,BBLCT,16,8,77,31,1200.0,2,2.6,6,7.8,9,1195.15,181.5,2070,true,completed
BF_BF11_h8s16n18.txt,BBLCT,16,8,77,31,1200.0,0,0.0,3,3.9,9,1199.59,612.6,5436,true,completed
BF_BF11_h8s16n19.txt,BBLCT,16,8,77,31,1200.0,0,0.0,5,6.5,10,1198.34,16258.6,193337,true,completed
BF_BF11_h8s16n2.txt,BBLCT,16,8,77,31,1200.0,1,1.3,3,3.9,8,1193.00,7400.4,42996,true,completed
BF_BF11_h8s16n20.txt,BBLCT,16,8,77,31,1200.0,1,1.3,6,7.8,10,1199.62,49987.7,405620,true,completed
BF_BF11_h8s16n3.txt,BBLCT,16,8,77,31,1200.0,1,1.3,7,9.1,10,1185.55,303.4,3185,true,completed
BF_BF11_h8s16n4.txt,BBLCT,16,8,77,31,1200.0,0,0.0,3,3.9,9,1182.72,13475.0,116435,true,completed
BF_BF11_h8s16n5.txt,BBLCT,16,8,77,31,1200.0,0,0.0,6,7.8,9,1094.13,595076.8,3898368,false,cpu_limit
BF_BF11_h8s16n6.txt,BBLCT,16,8,77,31,1200.0,0,0.0,4,5.2,9,1199.93,74964.5,458946,true,completed
BF_BF11_h8s16n7.txt,BBLCT,16,8,77,31,1200.0,0,0.0,6,7.8,9,1199.55,24193.6,243511,true,completed
BF_BF11_h8s16n8.txt,BBLCT,16,8,77,31,1200.0,0,0.0,3,3.9,9,1190.18,292868.5,2445925,true,completed
BF_BF11_h8s16n9.txt,BBLCT,16,8,77,31,1200.0,0,0.0,4,5.2,9,1191.91,2037.8,25762,true,completed
BF_BF12_h8s16n1.txt,BBLCT,16,8,77,31,1200.0,0,0.0,1,1.3,9,1193.44,953.9,10004,true,completed
BF_BF12_h8s16n10.txt,BBLCT,16,8,77,31,1200.0,0,0.0,5,6.5,10,1190.88,28430.0,503625,true,completed
BF_BF12_h8s16n11.txt,BBLCT,16,8,77,31,1200.0,0,0.0,2,2.6,8,1169.32,21852.4,299862,true,completed
BF_BF12_h8s16n12.txt,BBLCT,16,8,77,31,1200.0,0,0.0,5,6.5,10,1195.59,459136.9,5196386,true,completed
BF_BF12_h8s16n13.txt,BBLCT,16,8,77,31,1200.0,0,0.0,2,2.6,9,1178.42,109.7,1184,true,completed
BF_BF12_h8s16n14.txt,BBLCT,16,8,77,31,1200.0,0,0.0,3,3.9,9,1186.22,65.0,1042,true,completed
BF_BF12_h8s16n15.txt,BBLCT,16,8,77,31,1200.0,0,0.0,5,6.5,10,1168.97,749.5,8776,true,completed
BF_BF12_h8s16n16.txt,BBLCT,16,8,77,31,1200.0,2,2.6,7,9.1,8,1188.95,317.3,3365,true,completed
BF_BF12_h8s16n17.txt,BBLCT,16,8,77,31,1200.0,0,0.0,3,3.9,10,1193.06,4405.6,50373,true,completed
BF_BF12_h8s16n18.txt,BBLCT,16,8,77,31,1200.0,1,1.3,5,6.5,10,1188.18,595038.4,9448448,false,cpu_limit
BF_BF12_h8s16n19.txt,BBLCT,16,8,77,31,1200.0,1,1.3,3,3.9,7,922.65,595054.4,5029888,false,cpu_limit
BF_BF12_h8s16n2.txt,BBLCT,16,8,77,31,1200.0,1,1.3,3,3.9,10,1196.22,3592.9,56246,true,completed
BF_BF12_h8s16n20.txt,BBLCT,16,8,77,31,1200.0,1,1.3,4,5.2,9,1196.16,107.7,1372,true,completed
BF_BF12_h8s16n3.txt,BBLCT,16,8,77,31,1200.0,2,2.6,11,14.3,11,1195.87,448094.5,5530904,true,completed
BF_BF12_h8s16n4.txt,BBLCT,16,8,77,31,1200.0,3,3.9,6,7.8,6,768.12,14477.1,171677,true,completed
BF_BF12_h8s16n5.txt,BBLCT,16,8,77,31,1200.0,0,0.0,1,1.3,8,1196.84,67.6,1003,true,completed
BF_BF12_h8s16n6.txt,BBLCT,16,8,77,31,1200.0,1,1.3,6,7.8,8,972.67,595154.5,5022720,false,cpu_limit
BF_BF12_h8s16n7.txt,BBLCT,16,8,77,31,1200.0,0,0.0,3,3.9,7,825.11,595108.9,5829632,false,cpu_limit
BF_BF12_h8s16n8.txt,BBLCT,16,8,77,31,1200.0,0,0.0,3,3.9,9,986.06,595150.0,6493184,false,cpu_limit
BF_BF12_h8s16n9.txt,BBLCT,16,8,77,31,1200.0,0,0.0,2,2.6,9,900.37,595113.2,7087104,false,cpu_limit
BF_BF13_h8s16n1.txt,BBLCT,16,8,103,21,1200.0,1,1.0,3,2.9,7,790.02,595057.9,5387264,false,cpu_limit
BF_BF13_h8s16n10.txt,BBLCT,16,8,103,21,1200.0,2,1.9,3,2.9,4,400.33,83487.3,1112754,true,completed
BF_BF13_h8s16n11.txt,BBLCT,16,8,103,21,1200.0,0,0.0,2,1.9,7,859.70,595126.4,4999168,false,cpu_limit
BF_BF13_h8s16n12.txt,BBLCT,16,8,103,21,1200.0,1,1.0,6,5.8,12,1198.90,209558.9,1829827,true,completed
BF_BF13_h8s16n13.txt,BBLCT,16,8,103,21,1200.0,0,0.0,6,5.8,11,1199.00,187707.1,2833133,true,completed
BF_BF13_h8s16n14.txt,BBLCT,16,8,103,21,1200.0,0,0.0,3,2.9,10,1146.49,83.0,1255,true,completed
BF_BF13_h8s16n15.txt,BBLCT,16,8,103,21,1200.0,0,0.0,2,1.9,6,701.79,595079.8,4774912,false,cpu_limit
BF_BF13_h8s16n16.txt,BBLCT,16,8,103,21,1200.0,1,1.0,7,6.8,11,1197.14,595071.1,4485120,false,cpu_limit
BF_BF13_h8s16n17.txt,BBLCT,16,8,103,21,1200.0,0,0.0,2,1.9,8,929.66,595098.3,5417984,false,cpu_limit
BF_BF13_h8s16n18.txt,BBLCT,16,8,103,21,1200.0,0,0.0,4,3.9,11,1199.56,386046.7,2957777,true,completed
BF_BF13_h8s16n19.txt,BBLCT,16,8,103,21,1200.0,1,1.0,2,1.9,7,756.80,595047.3,5498880,false,cpu_limit
BF_BF13_h8s16n2.txt,BBLCT,16,8,103,21,1200.0,1,1.0,2,1.9,6,633.11,595128.8,4670464,false,cpu_limit
BF_BF13_h8s16n20.txt,BBLCT,16,8,103,21,1200.0,0,0.0,3,2.9,9,1192.65,227.2,3898,true,completed
BF_BF13_h8s16n3.txt,BBLCT,16,8,103,21,1200.0,1,1.0,4,3.9,7,796.00,595090.0,5136384,false,cpu_limit
BF_BF13_h8s16n4.txt,BBLCT,16,8,103,21,1200.0,2,1.9,3,2.9,7,733.12,595145.6,4944896,false,cpu_limit
BF_BF13_h8s16n5.txt,BBLCT,16,8,103,21,1200.0,2,1.9,3,2.9,8,858.25,595038.4,4942848,false,cpu_limit
BF_BF13_h8s16n6.txt,BBLCT,16,8,103,21,1200.0,1,1.0,8,7.8,11,1199.63,18612.0,167402,true,completed
BF_BF13_h8s16n7.txt,BBLCT,16,8,103,21,1200.0,0,0.0,3,2.9,10,1180.83,9181.2,83323,true,completed
BF_BF13_h8s16n8.txt,BBLCT,16,8,103,21,1200.0,2,1.9,3,2.9,6,746.35,595116.4,5584896,false,cpu_limit
BF_BF13_h8s16n9.txt,BBLCT,16,8,103,21,1200.0,0,0.0,5,4.9,9,1193.43,2267.4,26082,true,completed
BF_BF14_h8s16n1.txt,BBLCT,16,8,103,21,1200.0,2,1.9,7,6.8,7,732.16,595163.6,3866624,false,cpu_limit
BF_BF14_h8s16n10.txt,BBLCT,16,8,103,21,1200.0,1,1.0,3,2.9,7,797.47,595054.7,5840896,false,cpu_limit
BF_BF14_h8s16n11.txt,BBLCT,16,8,103,21,1200.0,0,0.0,3,2.9,11,1198.13,3785.2,55100,true,completed
BF_BF14_h8s16n12.txt,BBLCT,16,8,103,21,1200.0,1,1.0,4,3.9,7,875.36,595097.7,5507072,false,cpu_limit
BF_BF14_h8s16n13.txt,BBLCT,16,8,103,21,1200.0,0,0.0,2,1.9,7,809.24,595090.9,5625856,false,cpu_limit
BF_BF14_h8s16n14.txt,BBLCT,16,8,103,21,1200.0,1,1.0,3,2.9,9,1199.25,2015.4,27541,true,completed
BF_BF14_h8s16n15.txt,BBLCT,16,8,103,21,1200.0,2,1.9,8,7.8,10,1159.25,50100.9,571412,true,completed
BF_BF14_h8s16n16.txt,BBLCT,16,8,103,21,1200.0,0,0.0,2,1.9,7,718.25,595056.6,5115904,false,cpu_limit
BF_BF14_h8s16n17.txt,BBLCT,16,8,103,21,1200.0,1,1.0,7,6.8,9,889.52,595054.9,5405696,false,cpu_limit
BF_BF14_h8s16n18.txt,BBLCT,16,8,103,21,1200.0,0,0.0,2,1.9,7,829.74,595094.7,5671936,false,cpu_limit
BF_BF14_h8s16n19.txt,BBLCT,16,8,103,21,1200.0,0,0.0,2,1.9,7,773.16,595101.7,5070848,false,cpu_limit
BF_BF14_h8s16n2.txt,BBLCT,16,8,103,21,1200.0,1,1.0,3,2.9,10,1182.93,146.7,1713,true,completed
BF_BF14_h8s16n20.txt,BBLCT,16,8,103,21,1200.0,0,0.0,3,2.9,10,1194.47,94.2,1177,true,completed
BF_BF14_h8s16n3.txt,BBLCT,16,8,103,21,1200.0,0,0.0,6,5.8,10,1182.91,595114.3,6221824,false,cpu_limit
BF_BF14_h8s16n4.txt,BBLCT,16,8,103,21,1200.0,2,1.9,4,3.9,9,866.87,595063.9,5387264,false,cpu_limit
BF_BF14_h8s16n5.txt,BBLCT,16,8,103,21,1200.0,2,1.9,3,2.9,6,800.30,595144.2,5200896,false,cpu_limit
BF_BF14_h8s16n6.txt,BBLCT,16,8,103,21,1200.0,0,0.0,3,2.9,9,1191.42,595135.6,5765120,false,cpu_limit
BF_BF14_h8s16n7.txt,BBLCT,16,8,103,21,1200.0,1,1.0,3,2.9,11,1189.59,6275.3,70925,true,completed
BF_BF14_h8s16n8.txt,BBLCT,16,8,103,21,1200.0,0,0.0,3,2.9,6,724.07,595075.8,6337536,false,cpu_limit
BF_BF14_h8s16n9.txt,BBLCT,16,8,103,21,1200.0,1,1.0,2,1.9,8,796.99,595052.3,6253568,false,cpu_limit
BF_BF15_h8s16n1.txt,BBLCT,16,8,103,42,1200.0,0,0.0,2,1.9,9,1199.22,25633.9,229664,true,completed
BF_BF15_h8s16n10.txt,BBLCT,16,8,103,42,1200.0,0,0.0,3,2.9,10,1199.59,14053.8,211081,true,completed
BF_BF15_h8s16n11.txt,BBLCT,16,8,103,42,1200.0,0,0.0,2,1.9,8,873.34,595048.5,5103616,false,cpu_limit
BF_BF15_h8s16n12.txt,BBLCT,16,8,103,42,1200.0,1,1.0,3,2.9,11,1198.86,107490.7,881250,true,completed
BF_BF15_h8s16n13.txt,BBLCT,16,8,103,42,1200.0,1,1.0,10,9.7,10,1178.94,75015.0,448665,true,completed
BF_BF15_h8s16n14.txt,BBLCT,16,8,103,42,1200.0,1,1.0,8,7.8,10,1189.78,346.9,6043,true,completed
BF_BF15_h8s16n15.txt,BBLCT,16,8,103,42,1200.0,0,0.0,4,3.9,10,1132.15,595066.2,5598208,false,cpu_limit
BF_BF15_h8s16n16.txt,BBLCT,16,8,103,42,1200.0,0,0.0,2,1.9,9,1181.45,194.4,2118,true,completed
BF_BF15_h8s16n17.txt,BBLCT,16,8,103,42,1200.0,0,0.0,5,4.9,11,1194.98,625.9,7529,true,completed
BF_BF15_h8s16n18.txt,BBLCT,16,8,103,42,1200.0,0,0.0,3,2.9,9,1196.27,56.9,876,true,completed
BF_BF15_h8s16n19.txt,BBLCT,16,8,103,42,1200.0,2,1.9,6,5.8,10,1182.24,8618.5,64681,true,completed
BF_BF15_h8s16n2.txt,BBLCT,16,8,103,42,1200.0,1,1.0,4,3.9,7,750.92,595112.3,4043776,false,cpu_limit
BF_BF15_h8s16n20.txt,BBLCT,16,8,103,42,1200.0,1,1.0,5,4.9,11,1194.07,3770.1,34131,true,completed
BF_BF15_h8s16n3.txt,BBLCT,16,8,103,42,1200.0,0,0.0,4,3.9,10,1196.65,269636.4,4550128,true,completed
BF_BF15_h8s16n4.txt,BBLCT,16,8,103,42,1200.0,0,0.0,5,4.9,10,1198.62,78317.1,749841,true,completed
BF_BF15_h8s16n5.txt,BBLCT,16,8,103,42,1200.0,0,0.0,4,3.9,9,1198.54,6929.3,67735,true,completed
BF_BF15_h8s16n6.txt,BBLCT,16,8,103,42,1200.0,0,0.0,1,1.0,8,951.42,595056.2,4425728,false,cpu_limit
BF_BF15_h8s16n7.txt,BBLCT,16,8,103,42,1200.0,0,0.0,5,4.9,10,1188.23,226.3,2722,true,completed
BF_BF15_h8s16n8.txt,BBLCT,16,8,103,42,1200.0,0,0.0,4,3.9,9,1190.74,167220.7,1468362,true,completed
BF_BF15_h8s16n9.txt,BBLCT,16,8,103,42,1200.0,1,1.0,5,4.9,6,875.43,595055.1,5638144,false,cpu_limit
BF_BF16_h8s16n1.txt,BBLCT,16,8,103,42,1200.0,0,0.0,6,5.8,12,1195.49,112.9,1479,true,completed
BF_BF16_h8s16n10.txt,BBLCT,16,8,103,42,1200.0,0,0.0,1,1.0,5,564.88,2835.5,33948,true,completed
BF_BF16_h8s16n11.txt,BBLCT,16,8,103,42,1200.0,0,0.0,4,3.9,11,1189.37,51441.6,1022373,true,completed
BF_BF16_h8s16n12.txt,BBLCT,16,8,103,42,1200.0,0,0.0,3,2.9,7,818.71,75392.5,589313,true,completed
BF_BF16_h8s16n13.txt,BBLCT,16,8,103,42,1200.0,1,1.0,4,3.9,7,672.22,595057.0,8745984,false,cpu_limit
BF_BF16_h8s16n14.txt,BBLCT,16,8,103,42,1200.0,0,0.0,4,3.9,11,1195.39,124.3,1920,true,completed
BF_BF16_h8s16n15.txt,BBLCT,16,8,103,42,1200.0,0,0.0,2,1.9,9,956.17,595033.3,7029760,false,cpu_limit
BF_BF16_h8s16n16.txt,BBLCT,16,8,103,42,1200.0,1,1.0,5,4.9,9,1142.20,668.8,9442,true,completed
BF_BF16_h8s16n17.txt,BBLCT,16,8,103,42,1200.0,0,0.0,2,1.9,10,1199.48,1918.2,32328,true,completed
BF_BF16_h8s16n18.txt,BBLCT,16,8,103,42,1200.0,0,0.0,5,4.9,11,1184.07,69193.4,555973,true,completed
BF_BF16_h8s16n19.txt,BBLCT,16,8,103,42,1200.0,0,0.0,6,5.8,11,1181.96,64653.5,733044,true,completed
BF_BF16_h8s16n2.txt,BBLCT,16,8,103,42,1200.0,0,0.0,4,3.9,10,1177.56,5219.5,71026,true,completed
BF_BF16_h8s16n20.txt,BBLCT,16,8,103,42,1200.0,0,0.0,7,6.8,10,1184.40,30148.0,336855,true,completed
BF_BF16_h8s16n3.txt,BBLCT,16,8,103,42,1200.0,0,0.0,2,1.9,7,933.61,429659.3,4414886,true,completed
BF_BF16_h8s16n4.txt,BBLCT,16,8,103,42,1200.0,1,1.0,1,1.0,0,0.00,595081.8,5580800,false,cpu_limit
BF_BF16_h8s16n5.txt,BBLCT,16,8,103,42,1200.0,0,0.0,2,1.9,7,815.38,595066.3,5231616,false,cpu_limit
BF_BF16_h8s16n6.txt,BBLCT,16,8,103,42,1200.0,1,1.0,3,2.9,10,1189.30,7630.6,174834,true,completed
BF_BF16_h8s16n7.txt,BBLCT,16,8,103,42,1200.0,0,0.0,2,1.9,10,1193.19,65.1,847,true,completed
BF_BF16_h8s16n8.txt,BBLCT,16,8,103,42,1200.0,0,0.0,2,1.9,10,1196.85,1363.6,17672,true,completed
BF_BF16_h8s16n9.txt,BBLCT,16,8,103,42,1200.0,0,0.0,4,3.9,9,1044.64,595082.4,5332992,false,cpu_limit
BF_BF17_h5s20n1.txt,BBLCT,20,5,60,12,1200.0,1,1.7,7,11.7,11,1120.01,595078.0,3570688,false,cpu_limit
BF_BF17_h5s20n10.txt,BBLCT,20,5,60,12,1200.0,1,1.7,14,23.3,11,1194.64,595066.4,2765824,false,cpu_limit
BF_BF17_h5s20n11.txt,BBLCT,20,5,60,12,1200.0,0,0.0,7,11.7,10,963.36,595137.4,3354624,false,cpu_limit
BF_BF17_h5s20n12.txt,BBLCT,20,5,60,12,1200.0,2,3.3,5,8.3,9,948.51,595059.0,3388416,false,cpu_limit
BF_BF17_h5s20n13.txt,BBLCT,20,5,60,12,1200.0,2,3.3,13,21.7,11,1193.01,44814.2,378682,true,completed
BF_BF17_h5s20n14.txt,BBLCT,20,5,60,12,1200.0,2,3.3,13,21.7,12,1195.94,320699.5,2667529,true,completed
BF_BF17_h5s20n15.txt,BBLCT,20,5,60,12,1200.0,0,0.0,10,16.7,8,802.76,595100.8,7714816,false,cpu_limit
BF_BF17_h5s20n16.txt,BBLCT,20,5,60,12,1200.0,1,1.7,7,11.7,9,882.79,595089.2,3638272,false,cpu_limit
BF_BF17_h5s20n17.txt,BBLCT,20,5,60,12,1200.0,2,3.3,8,13.3,11,1191.85,22977.5,223057,true,completed
BF_BF17_h5s20n18.txt,BBLCT,20,5,60,12,1200.0,0,0.0,6,10.0,10,970.04,595142.9,3866624,false,cpu_limit
BF_BF17_h5s20n19.txt,BBLCT,20,5,60,12,1200.0,2,3.3,6,10.0,9,946.44,595157.8,3014656,false,cpu_limit
BF_BF17_h5s20n2.txt,BBLCT,20,5,60,12,1200.0,3,5.0,8,13.3,11,1191.46,28875.7,137771,true,completed
BF_BF17_h5s20n20.txt,BBLCT,20,5,60,12,1200.0,1,1.7,8,13.3,10,1038.09,595118.8,3134464,false,cpu_limit
BF_BF17_h5s20n3.txt,BBLCT,20,5,60,12,1200.0,4,6.7,11,18.3,9,926.36,595056.4,5016576,false,cpu_limit
BF_BF17_h5s20n4.txt,BBLCT,20,5,60,12,1200.0,3,5.0,10,16.7,11,1199.30,595090.6,3763200,false,cpu_limit
BF_BF17_h5s20n5.txt,BBLCT,20,5,60,12,1200.0,2,3.3,7,11.7,7,810.70,461570.6,2423718,true,completed
BF_BF17_h5s20n6.txt,BBLCT,20,5,60,12,1200.0,1,1.7,7,11.7,9,978.86,595239.5,3002368,false,cpu_limit
BF_BF17_h5s20n7.txt,BBLCT,20,5,60,12,1200.0,2,3.3,10,16.7,12,1197.45,172861.6,881067,true,completed
BF_BF17_h5s20n8.txt,BBLCT,20,5,60,12,1200.0,2,3.3,5,8.3,11,1195.35,595081.8,3515392,false,cpu_limit
BF_BF17_h5s20n9.txt,BBLCT,20,5,60,12,1200.0,1,1.7,8,13.3,12,1198.45,200237.5,1153023,true,completed
BF_BF18_h5s20n1.txt,BBLCT,20,5,60,12,1200.0,1,1.7,4,6.7,11,1197.45,595108.4,4288512,false,cpu_limit
BF_BF18_h5s20n10.txt,BBLCT,20,5,60,12,1200.0,0,0.0,8,13.3,10,1033.14,595037.4,7402496,false,cpu_limit
BF_BF18_h5s20n11.txt,BBLCT,20,5,60,12,1200.0,0,0.0,3,5.0,7,722.23,595049.8,9008128,false,cpu_limit
BF_BF18_h5s20n12.txt,BBLCT,20,5,60,12,1200.0,1,1.7,9,15.0,11,1198.40,595054.3,4416512,false,cpu_limit
BF_BF18_h5s20n13.txt,BBLCT,20,5,60,12,1200.0,3,5.0,8,13.3,9,975.24,595111.2,4187136,false,cpu_limit
BF_BF18_h5s20n14.txt,BBLCT,20,5,60,12,1200.0,1,1.7,9,15.0,11,1036.93,595109.9,4184064,false,cpu_limit
BF_BF18_h5s20n15.txt,BBLCT,20,5,60,12,1200.0,0,0.0,4,6.7,9,980.43,595092.7,5399552,false,cpu_limit
BF_BF18_h5s20n16.txt,BBLCT,20,5,60,12,1200.0,1,1.7,9,15.0,10,1187.41,830.6,7697,true,completed
BF_BF18_h5s20n17.txt,BBLCT,20,5,60,12,1200.0,1,1.7,4,6.7,10,1189.43,3810.8,32042,true,completed
BF_BF18_h5s20n18.txt,BBLCT,20,5,60,12,1200.0,1,1.7,7,11.7,11,1190.86,595060.0,4386816,false,cpu_limit
BF_BF18_h5s20n19.txt,BBLCT,20,5,60,12,1200.0,3,5.0,10,16.7,9,966.62,595162.5,4166656,false,cpu_limit
BF_BF18_h5s20n2.txt,BBLCT,20,5,60,12,1200.0,3,5.0,11,18.3,10,1001.07,595176.3,3451904,false,cpu_limit
BF_BF18_h5s20n20.txt,BBLCT,20,5,60,12,1200.0,2,3.3,6,10.0,10,1032.40,595098.5,4413440,false,cpu_limit
BF_BF18_h5s20n3.txt,BBLCT,20,5,60,12,1200.0,0,0.0,7,11.7,11,1186.72,595050.0,5519360,false,cpu_limit
BF_BF18_h5s20n4.txt,BBLCT,20,5,60,12,1200.0,2,3.3,9,15.0,11,1199.03,170406.3,1767289,true,completed
BF_BF18_h5s20n5.txt,BBLCT,20,5,60,12,1200.0,3,5.0,7,11.7,10,1024.74,595076.4,4674560,false,cpu_limit
BF_BF18_h5s20n6.txt,BBLCT,20,5,60,12,1200.0,0,0.0,8,13.3,11,1198.29,595105.2,4484096,false,cpu_limit
BF_BF18_h5s20n7.txt,BBLCT,20,5,60,12,1200.0,1,1.7,4,6.7,8,838.05,595085.1,4600832,false,cpu_limit
BF_BF18_h5s20n8.txt,BBLCT,20,5,60,12,1200.0,2,3.3,7,11.7,10,1197.45,194923.3,1446778,true,completed
BF_BF18_h5s20n9.txt,BBLCT,20,5,60,12,1200.0,2,3.3,14,23.3,12,1198.61,39623.2,301830,true,completed
BF_BF19_h5s20n1.txt,BBLCT,20,5,60,24,1200.0,1,1.7,6,10.0,10,1199.48,166.2,1550,true,completed
BF_BF19_h5s20n10.txt,BBLCT,20,5,60,24,1200.0,1,1.7,6,10.0,9,865.98,595184.8,3016704,false,cpu_limit
BF_BF19_h5s20n11.txt,BBLCT,20,5,60,24,1200.0,1,1.7,11,18.3,11,1199.14,595054.2,4299776,false,cpu_limit
BF_BF19_h5s20n12.txt,BBLCT,20,5,60,24,1200.0,0,0.0,13,21.7,12,1189.40,422859.6,1903800,true,completed
BF_BF19_h5s20n13.txt,BBLCT,20,5,60,24,1200.0,0,0.0,3,5.0,8,863.33,595086.3,6413312,false,cpu_limit
BF_BF19_h5s20n14.txt,BBLCT,20,5,60,24,1200.0,0,0.0,9,15.0,11,1196.18,11762.2,114666,true,completed
BF_BF19_h5s20n15.txt,BBLCT,20,5,60,24,1200.0,0,0.0,8,13.3,11,1196.74,38449.3,305137,true,completed
BF_BF19_h5s20n16.txt,BBLCT,20,5,60,24,1200.0,3,5.0,7,11.7,9,910.07,595271.4,2420736,false,cpu_limit
BF_BF19_h5s20n17.txt,BBLCT,20,5,60,24,1200.0,0,0.0,5,8.3,11,1196.31,47933.7,433132,true,completed
BF_BF19_h5s20n18.txt,BBLCT,20,5,60,24,1200.0,1,1.7,17,28.3,11,1198.37,964.0,7055,true,completed
BF_BF19_h5s20n19.txt,BBLCT,20,5,60,24,1200.0,1,1.7,6,10.0,12,1185.16,91942.4,910831,true,completed
BF_BF19_h5s20n2.txt,BBLCT,20,5,60,24,1200.0,0,0.0,14,23.3,11,1191.36,191185.6,1019095,true,completed
BF_BF19_h5s20n20.txt,BBLCT,20,5,60,24,1200.0,2,3.3,7,11.7,12,1192.99,57387.3,472778,true,completed
BF_BF19_h5s20n3.txt,BBLCT,20,5,60,24,1200.0,1,1.7,8,13.3,10,1035.97,595118.3,3262464,false,cpu_limit
BF_BF19_h5s20n4.txt,BBLCT,20,5,60,24,1200.0,1,1.7,19,31.7,12,1189.91,16802.3,109232,true,completed
BF_BF19_h5s20n5.txt,BBLCT,20,5,60,24,1200.0,0,0.0,8,13.3,12,1198.51,56847.2,373948,true,completed
BF_BF19_h5s20n6.txt,BBLCT,20,5,60,24,1200.0,2,3.3,8,13.3,11,1199.81,64742.8,340307,true,completed
BF_BF19_h5s20n7.txt,BBLCT,20,5,60,24,1200.0,1,1.7,5,8.3,11,1196.05,58380.2,314123,true,completed
BF_BF19_h5s20n8.txt,BBLCT,20,5,60,24,1200.0,1,1.7,13,21.7,10,1093.48,595131.1,4406272,false,cpu_limit
BF_BF19_h5s20n9.txt,BBLCT,20,5,60,24,1200.0,3,5.0,8,13.3,8,901.47,595099.2,3796992,false,cpu_limit
BF_BF1_h5s16n1.txt,BBLCT,16,5,48,10,1200.0,2,4.2,8,16.7,11,1199.79,460.1,9142,true,completed
BF_BF1_h5s16n10.txt,BBLCT,16,5,48,10,1200.0,3,6.2,11,22.9,10,1044.24,595026.7,7397376,false,cpu_limit
BF_BF1_h5s16n11.txt,BBLCT,16,5,48,10,1200.0,2,4.2,6,12.5,10,1075.51,595110.0,6610944,false,cpu_limit
BF_BF1_h5s16n12.txt,BBLCT,16,5,48,10,1200.0,2,4.2,7,14.6,10,1023.39,595036.5,7054336,false,cpu_limit
BF_BF1_h5s16n13.txt,BBLCT,16,5,48,10,1200.0,2,4.2,12,25.0,12,1196.53,262674.1,3624445,true,completed
BF_BF1_h5s16n14.txt,BBLCT,16,5,48,10,1200.0,0,0.0,2,4.2,8,810.05,595059.2,7459840,false,cpu_limit
BF_BF1_h5s16n15.txt,BBLCT,16,5,48,10,1200.0,1,2.1,3,6.2,9,977.29,595125.4,6371328,false,cpu_limit
BF_BF1_h5s16n16.txt,BBLCT,16,5,48,10,1200.0,2,4.2,12,25.0,12,1199.74,119775.1,1888679,true,completed
BF_BF1_h5s16n17.txt,BBLCT,16,5,48,10,1200.0,2,4.2,7,14.6,9,959.57,595067.8,5178368,false,cpu_limit
BF_BF1_h5s16n18.txt,BBLCT,16,5,48,10,1200.0,3,6.2,9,18.8,9,936.51,595093.5,4945920,false,cpu_limit
BF_BF1_h5s16n19.txt,BBLCT,16,5,48,10,1200.0,0,0.0,12,25.0,10,1012.69,595113.9,5397504,false,cpu_limit
BF_BF1_h5s16n2.txt,BBLCT,16,5,48,10,1200.0,1,2.1,8,16.7,10,1013.88,595121.0,5602304,false,cpu_limit
BF_BF1_h5s16n20.txt,BBLCT,16,5,48,10,1200.0,1,2.1,9,18.8,8,866.71,242518.2,5067461,true,completed
BF_BF1_h5s16n3.txt,BBLCT,16,5,48,10,1200.0,2,4.2,7,14.6,11,1084.51,595117.7,7352320,false,cpu_limit
BF_BF1_h5s16n4.txt,BBLCT,16,5,48,10,1200.0,3,6.2,13,27.1,12,1199.34,126462.1,2911966,true,completed
BF_BF1_h5s16n5.txt,BBLCT,16,5,48,10,1200.0,1,2.1,8,16.7,11,1199.36,228885.7,2305763,true,completed
BF_BF1_h5s16n6.txt,BBLCT,16,5,48,10,1200.0,0,0.0,4,8.3,8,777.00,595041.3,12793856,false,cpu_limit
BF_BF1_h5s16n7.txt,BBLCT,16,5,48,10,1200.0,1,2.1,4,8.3,7,779.21,595087.6,8662016,false,cpu_limit
BF_BF1_h5s16n8.txt,BBLCT,16,5,48,10,1200.0,1,2.1,5,10.4,7,766.84,595045.7,11051008,false,cpu_limit
BF_BF1_h5s16n9.txt,BBLCT,16,5,48,10,1200.0,1,2.1,7,14.6,11,1044.23,595071.7,5988352,false,cpu_limit
BF_BF20_h5s20n1.txt,BBLCT,20,5,60,24,1200.0,0,0.0,6,10.0,11,1199.67,595079.1,6074368,false,cpu_limit
BF_BF20_h5s20n10.txt,BBLCT,20,5,60,24,1200.0,1,1.7,8,13.3,10,1198.59,249922.7,1865078,true,completed
BF_BF20_h5s20n11.txt,BBLCT,20,5,60,24,1200.0,0,0.0,8,13.3,10,1184.79,800.0,12343,true,completed
BF_BF20_h5s20n12.txt,BBLCT,20,5,60,24,1200.0,0,0.0,9,15.0,11,1198.57,473990.5,3699588,true,completed
BF_BF20_h5s20n13.txt,BBLCT,20,5,60,24,1200.0,0,0.0,10,16.7,12,1189.71,333692.1,2827282,true,completed
BF_BF20_h5s20n14.txt,BBLCT,20,5,60,24,1200.0,0,0.0,7,11.7,11,1193.73,135669.8,1729454,true,completed
BF_BF20_h5s20n15.txt,BBLCT,20,5,60,24,1200.0,1,1.7,6,10.0,11,1193.33,204565.3,1733438,true,completed
BF_BF20_h5s20n16.txt,BBLCT,20,5,60,24,1200.0,2,3.3,5,8.3,9,1005.54,595067.1,6224896,false,cpu_limit
BF_BF20_h5s20n17.txt,BBLCT,20,5,60,24,1200.0,2,3.3,14,23.3,12,1199.30,1153.3,11832,true,completed
BF_BF20_h5s20n18.txt,BBLCT,20,5,60,24,1200.0,0,0.0,10,16.7,11,1199.38,595074.9,5087232,false,cpu_limit
BF_BF20_h5s20n19.txt,BBLCT,20,5,60,24,1200.0,1,1.7,8,13.3,11,1185.42,9613.5,163631,true,completed
BF_BF20_h5s20n2.txt,BBLCT,20,5,60,24,1200.0,0,0.0,6,10.0,11,1193.61,595154.4,4642816,false,cpu_limit
BF_BF20_h5s20n20.txt,BBLCT,20,5,60,24,1200.0,1,1.7,7,11.7,11,1196.72,138.8,2031,true,completed
BF_BF20_h5s20n3.txt,BBLCT,20,5,60,24,1200.0,1,1.7,7,11.7,11,1199.48,22292.4,257395,true,completed
BF_BF20_h5s20n4.txt,BBLCT,20,5,60,24,1200.0,0,0.0,4,6.7,9,945.79,595096.9,4596736,false,cpu_limit
BF_BF20_h5s20n5.txt,BBLCT,20,5,60,24,1200.0,1,1.7,17,28.3,11,1196.39,73015.8,553988,true,completed
BF_BF20_h5s20n6.txt,BBLCT,20,5,60,24,1200.0,0,0.0,9,15.0,11,1197.81,127143.2,1444854,true,completed
BF_BF20_h5s20n7.txt,BBLCT,20,5,60,24,1200.0,0,0.0,7,11.7,11,1184.33,31372.6,276156,true,completed
BF_BF20_h5s20n8.txt,BBLCT,20,5,60,24,1200.0,0,0.0,6,10.0,11,1172.85,110194.4,877995,true,completed
BF_BF20_h5s20n9.txt,BBLCT,20,5,60,24,1200.0,0,0.0,9,15.0,11,1199.56,542418.4,4555212,true,completed
BF_BF21_h5s20n1.txt,BBLCT,20,5,80,16,1200.0,2,2.5,9,11.2,11,1199.93,595128.8,3723264,false,cpu_limit
BF_BF21_h5s20n10.txt,BBLCT,20,5,80,16,1200.0,3,3.8,11,13.8,10,1041.33,595151.8,3712000,false,cpu_limit
BF_BF21_h5s20n11.txt,BBLCT,20,5,80,16,1200.0,2,2.5,8,10.0,10,1027.81,595116.0,3675136,false,cpu_limit
BF_BF21_h5s20n12.txt,BBLCT,20,5,80,16,1200.0,1,1.2,5,6.2,12,1199.50,30127.3,200912,true,completed
BF_BF21_h5s20n13.txt,BBLCT,20,5,80,16,1200.0,1,1.2,9,11.2,10,1114.42,595038.6,4213760,false,cpu_limit
BF_BF21_h5s20n14.txt,BBLCT,20,5,80,16,1200.0,1,1.2,9,11.2,12,1196.26,595143.2,3427328,false,cpu_limit
BF_BF21_h5s20n15.txt,BBLCT,20,5,80,16,1200.0,4,5.0,7,8.8,11,1197.78,595150.2,4231168,false,cpu_limit
BF_BF21_h5s20n16.txt,BBLCT,20,5,80,16,1200.0,2,2.5,17,21.2,12,1184.59,8220.9,49549,true,completed
BF_BF21_h5s20n17.txt,BBLCT,20,5,80,16,1200.0,1,1.2,8,10.0,11,1031.02,595066.2,5180416,false,cpu_limit
BF_BF21_h5s20n18.txt,BBLCT,20,5,80,16,1200.0,1,1.2,6,7.5,11,1024.17,595100.8,3831808,false,cpu_limit
BF_BF21_h5s20n19.txt,BBLCT,20,5,80,16,1200.0,3,3.8,9,11.2,11,1195.96,114593.4,830893,true,completed
BF_BF21_h5s20n2.txt,BBLCT,20,5,80,16,1200.0,3,3.8,8,10.0,10,1034.80,595089.2,3888128,false,cpu_limit
BF_BF21_h5s20n20.txt,BBLCT,20,5,80,16,1200.0,1,1.2,8,10.0,11,1189.50,41376.1,560998,true,completed
BF_BF21_h5s20n3.txt,BBLCT,20,5,80,16,1200.0,1,1.2,10,12.5,12,1199.26,276205.0,3033438,true,completed
BF_BF21_h5s20n4.txt,BBLCT,20,5,80,16,1200.0,1,1.2,7,8.8,9,939.57,595173.7,3899392,false,cpu_limit
BF_BF21_h5s20n5.txt,BBLCT,20,5,80,16,1200.0,0,0.0,2,2.5,8,819.67,595130.5,3743744,false,cpu_limit
BF_BF21_h5s20n6.txt,BBLCT,20,5,80,16,1200.0,2,2.5,9,11.2,10,1049.94,595080.3,5254144,false,cpu_limit
BF_BF21_h5s20n7.txt,BBLCT,20,5,80,16,1200.0,0,0.0,2,2.5,9,876.45,595113.8,5360640,false,cpu_limit
BF_BF21_h5s20n8.txt,BBLCT,20,5,80,16,1200.0,0,0.0,5,6.2,11,1199.11,595039.6,4339712,false,cpu_limit
BF_BF21_h5s20n9.txt,BBLCT,20,5,80,16,1200.0,1,1.2,10,12.5,11,1042.07,595157.4,5059584,false,cpu_limit
BF_BF22_h5s20n1.txt,BBLCT,20,5,80,16,1200.0,0,0.0,4,5.0,8,777.23,595047.8,8562688,false,cpu_limit
BF_BF22_h5s20n10.txt,BBLCT,20,5,80,16,1200.0,0,0.0,7,8.8,12,1198.58,194296.0,1548985,true,completed
BF_BF22_h5s20n11.txt,BBLCT,20,5,80,16,1200.0,3,3.8,9,11.2,8,864.09,595062.5,5039104,false,cpu_limit
BF_BF22_h5s20n12.txt,BBLCT,20,5,80,16,1200.0,3,3.8,9,11.2,12,1193.01,17261.0,176324,true,completed
BF_BF22_h5s20n13.txt,BBLCT,20,5,80,16,1200.0,0,0.0,3,3.8,8,797.70,595038.8,4659200,false,cpu_limit
BF_BF22_h5s20n14.txt,BBLCT,20,5,80,16,1200.0,0,0.0,3,3.8,11,1146.44,595125.8,5258240,false,cpu_limit
BF_BF22_h5s20n15.txt,BBLCT,20,5,80,16,1200.0,2,2.5,7,8.8,11,1148.99,9608.2,81477,true,completed
BF_BF22_h5s20n16.txt,BBLCT,20,5,80,16,1200.0,1,1.2,8,10.0,10,1177.92,16721.9,144217,true,completed
BF_BF22_h5s20n17.txt,BBLCT,20,5,80,16,1200.0,2,2.5,8,10.0,11,1194.60,595101.4,7225344,false,cpu_limit
BF_BF22_h5s20n18.txt,BBLCT,20,5,80,16,1200.0,0,0.0,4,5.0,8,800.41,595052.2,10171392,false,cpu_limit
BF_BF22_h5s20n19.txt,BBLCT,20,5,80,16,1200.0,0,0.0,4,5.0,8,766.94,595051.0,9666560,false,cpu_limit
BF_BF22_h5s20n2.txt,BBLCT,20,5,80,16,1200.0,1,1.2,5,6.2,7,757.86,460219.2,6379619,true,completed
BF_BF22_h5s20n20.txt,BBLCT,20,5,80,16,1200.0,0,0.0,5,6.2,11,1196.33,595033.8,6075392,false,cpu_limit
BF_BF22_h5s20n3.txt,BBLCT,20,5,80,16,1200.0,0,0.0,5,6.2,12,1196.58,135594.3,1302008,true,completed
BF_BF22_h5s20n4.txt,BBLCT,20,5,80,16,1200.0,4,5.0,10,12.5,8,762.14,595164.5,4874240,false,cpu_limit
BF_BF22_h5s20n5.txt,BBLCT,20,5,80,16,1200.0,1,1.2,5,6.2,10,1159.79,595099.3,5919744,false,cpu_limit
BF_BF22_h5s20n6.txt,BBLCT,20,5,80,16,1200.0,0,0.0,11,13.8,12,1199.01,123410.0,981942,true,completed
BF_BF22_h5s20n7.txt,BBLCT,20,5,80,16,1200.0,0,0.0,7,8.8,9,981.57,38360.8,684368,true,completed
BF_BF22_h5s20n8.txt,BBLCT,20,5,80,16,1200.0,1,1.2,9,11.2,10,1070.61,595142.3,4725760,false,cpu_limit
BF_BF22_h5s20n9.txt,BBLCT,20,5,80,16,1200.0,0,0.0,4,5.0,9,892.74,437342.7,4357300,true,completed
BF_BF23_h5s20n1.txt,BBLCT,20,5,80,32,1200.0,0,0.0,12,15.0,11,1191.77,175814.7,2037111,true,completed
BF_BF23_h5s20n10.txt,BBLCT,20,5,80,32,1200.0,1,1.2,4,5.0,9,932.87,595204.1,3745792,false,cpu_limit
BF_BF23_h5s20n11.txt,BBLCT,20,5,80,32,1200.0,0,0.0,3,3.8,8,786.72,595118.5,5803008,false,cpu_limit
BF_BF23_h5s20n12.txt,BBLCT,20,5,80,32,1200.0,0,0.0,4,5.0,9,789.64,595088.8,6198272,false,cpu_limit
BF_BF23_h5s20n13.txt,BBLCT,20,5,80,32,1200.0,1,1.2,7,8.8,11,1190.14,595148.9,3783680,false,cpu_limit
BF_BF23_h5s20n14.txt,BBLCT,20,5,80,32,1200.0,3,3.8,11,13.8,11,1017.16,595055.9,3703808,false,cpu_limit
BF_BF23_h5s20n15.txt,BBLCT,20,5,80,32,1200.0,0,0.0,8,10.0,9,849.56,595126.5,4301824,false,cpu_limit
BF_BF23_h5s20n16.txt,BBLCT,20,5,80,32,1200.0,1,1.2,10,12.5,11,1104.20,595045.1,3178496,false,cpu_limit
BF_BF23_h5s20n17.txt,BBLCT,20,5,80,32,1200.0,1,1.2,6,7.5,8,847.48,595134.9,6432768,false,cpu_limit
BF_BF23_h5s20n18.txt,BBLCT,20,5,80,32,1200.0,1,1.2,4,5.0,10,1192.56,595104.4,7293952,false,cpu_limit
BF_BF23_h5s20n19.txt,BBLCT,20,5,80,32,1200.0,2,2.5,6,7.5,11,1104.40,595199.7,3702784,false,cpu_limit
BF_BF23_h5s20n2.txt,BBLCT,20,5,80,32,1200.0,1,1.2,4,5.0,11,1198.71,595082.6,6095872,false,cpu_limit
BF_BF23_h5s20n20.txt,BBLCT,20,5,80,32,1200.0,0,0.0,3,3.8,8,818.98,595079.9,3595264,false,cpu_limit
BF_BF23_h5s20n3.txt,BBLCT,20,5,80,32,1200.0,0,0.0,7,8.8,12,1198.70,595047.8,3620864,false,cpu_limit
BF_BF23_h5s20n4.txt,BBLCT,20,5,80,32,1200.0,2,2.5,9,11.2,12,1199.96,5112.9,31504,true,completed
BF_BF23_h5s20n5.txt,BBLCT,20,5,80,32,1200.0,1,1.2,13,16.2,12,1107.05,595150.5,3266560,false,cpu_limit
BF_BF23_h5s20n6.txt,BBLCT,20,5,80,32,1200.0,1,1.2,7,8.8,12,1199.01,595047.8,3230720,false,cpu_limit
BF_BF23_h5s20n7.txt,BBLCT,20,5,80,32,1200.0,0,0.0,12,15.0,10,969.22,595043.7,3734528,false,cpu_limit
BF_BF23_h5s20n8.txt,BBLCT,20,5,80,32,1200.0,1,1.2,7,8.8,11,1163.06,595187.9,4370432,false,cpu_limit
BF_BF23_h5s20n9.txt,BBLCT,20,5,80,32,1200.0,1,1.2,5,6.2,12,1187.96,22667.8,289137,true,completed
BF_BF24_h5s20n1.txt,BBLCT,20,5,80,32,1200.0,1,1.2,6,7.5,11,1188.53,498863.0,5936391,true,completed
BF_BF24_h5s20n10.txt,BBLCT,20,5,80,32,1200.0,0,0.0,4,5.0,8,837.43,595100.5,5040128,false,cpu_limit
BF_BF24_h5s20n11.txt,BBLCT,20,5,80,32,1200.0,0,0.0,5,6.2,11,1156.47,10907.1,190371,true,completed
BF_BF24_h5s20n12.txt,BBLCT,20,5,80,32,1200.0,0,0.0,3,3.8,6,694.72,595066.6,8101888,false,cpu_limit
BF_BF24_h5s20n13.txt,BBLCT,20,5,80,32,1200.0,0,0.0,3,3.8,10,1194.66,595172.1,4720640,false,cpu_limit
BF_BF24_h5s20n14.txt,BBLCT,20,5,80,32,1200.0,0,0.0,9,11.2,12,1198.45,95301.1,988629,true,completed
BF_BF24_h5s20n15.txt,BBLCT,20,5,80,32,1200.0,0,0.0,8,10.0,11,1186.52,153616.7,2206097,true,completed
BF_BF24_h5s20n16.txt,BBLCT,20,5,80,32,1200.0,1,1.2,6,7.5,11,1171.52,595069.8,4752384,false,cpu_limit
BF_BF24_h5s20n17.txt,BBLCT,20,5,80,32,1200.0,1,1.2,12,15.0,11,1197.50,50392.2,465240,true,completed
BF_BF24_h5s20n18.txt,BBLCT,20,5,80,32,1200.0,0,0.0,6,7.5,11,1197.33,371095.6,5876490,true,completed
BF_BF24_h5s20n19.txt,BBLCT,20,5,80,32,1200.0,0,0.0,8,10.0,11,1193.47,85329.7,791839,true,completed
BF_BF24_h5s20n2.txt,BBLCT,20,5,80,32,1200.0,0,0.0,9,11.2,12,1185.77,27623.1,346925,true,completed
BF_BF24_h5s20n20.txt,BBLCT,20,5,80,32,1200.0,0,0.0,12,15.0,12,1197.33,595055.8,4413440,false,cpu_limit
BF_BF24_h5s20n3.txt,BBLCT,20,5,80,32,1200.0,2,2.5,4,5.0,6,673.94,595073.0,8289280,false,cpu_limit
BF_BF24_h5s20n4.txt,BBLCT,20,5,80,32,1200.0,1,1.2,9,11.2,9,966.54,443896.3,3243531,true,completed
BF_BF24_h5s20n5.txt,BBLCT,20,5,80,32,1200.0,0,0.0,10,12.5,11,1192.45,425.4,3338,true,completed
BF_BF24_h5s20n6.txt,BBLCT,20,5,80,32,1200.0,0,0.0,5,6.2,10,1024.32,595087.8,6000640,false,cpu_limit
BF_BF24_h5s20n7.txt,BBLCT,20,5,80,32,1200.0,0,0.0,3,3.8,8,783.98,595047.9,9558016,false,cpu_limit
BF_BF24_h5s20n8.txt,BBLCT,20,5,80,32,1200.0,0,0.0,6,7.5,10,1173.49,306553.2,2944806,true,completed
BF_BF24_h5s20n9.txt,BBLCT,20,5,80,32,1200.0,1,1.2,13,16.2,11,1192.36,595149.5,5182464,false,cpu_limit
BF_BF25_h8s20n1.txt,BBLCT,20,8,96,20,1200.0,1,1.0,8,8.3,9,1198.45,468.9,2093,true,completed
BF_BF25_h8s20n10.txt,BBLCT,20,8,96,20,1200.0,1,1.0,3,3.1,6,634.08,595092.0,3760128,false,cpu_limit
BF_BF25_h8s20n11.txt,BBLCT,20,8,96,20,1200.0,3,3.1,10,10.4,9,1199.49,185270.2,908260,true,completed
BF_BF25_h8s20n12.txt,BBLCT,20,8,96,20,1200.0,1,1.0,4,4.2,7,896.76,595063.6,2433024,false,cpu_limit
BF_BF25_h8s20n13.txt,BBLCT,20,8,96,20,1200.0,1,1.0,4,4.2,7,857.70,595067.0,2241536,false,cpu_limit
BF_BF25_h8s20n14.txt,BBLCT,20,8,96,20,1200.0,2,2.1,4,4.2,9,1198.36,228432.6,1022728,true,completed
BF_BF25_h8s20n15.txt,BBLCT,20,8,96,20,1200.0,1,1.0,7,7.3,8,1199.23,2280.1,13001,true,completed
BF_BF25_h8s20n16.txt,BBLCT,20,8,96,20,1200.0,1,1.0,4,4.2,8,1196.88,2787.4,10809,true,completed
BF_BF25_h8s20n17.txt,BBLCT,20,8,96,20,1200.0,0,0.0,3,3.1,8,1196.69,828.1,4784,true,completed
BF_BF25_h8s20n18.txt,BBLCT,20,8,96,20,1200.0,2,2.1,5,5.2,10,1197.80,96203.0,454562,true,completed
BF_BF25_h8s20n19.txt,BBLCT,20,8,96,20,1200.0,2,2.1,7,7.3,11,1198.53,595273.1,2161664,false,cpu_limit
BF_BF25_h8s20n2.txt,BBLCT,20,8,96,20,1200.0,1,1.0,5,5.2,7,890.74,595298.2,2192384,false,cpu_limit
BF_BF25_h8s20n20.txt,BBLCT,20,8,96,20,1200.0,1,1.0,4,4.2,9,1181.28,2990.0,12464,true,completed
BF_BF25_h8s20n3.txt,BBLCT,20,8,96,20,1200.0,1,1.0,8,8.3,10,1199.23,204495.2,791374,true,completed
BF_BF25_h8s20n4.txt,BBLCT,20,8,96,20,1200.0,1,1.0,5,5.2,9,1187.20,1579.2,10053,true,completed
BF_BF25_h8s20n5.txt,BBLCT,20,8,96,20,1200.0,1,1.0,5,5.2,9,1193.15,36939.0,215561,true,completed
BF_BF25_h8s20n6.txt,BBLCT,20,8,96,20,1200.0,0,0.0,7,7.3,11,1124.24,595195.1,1965056,false,cpu_limit
BF_BF25_h8s20n7.txt,BBLCT,20,8,96,20,1200.0,0,0.0,4,4.2,9,1107.02,293870.8,1174409,true,completed
BF_BF25_h8s20n8.txt,BBLCT,20,8,96,20,1200.0,3,3.1,12,12.5,9,1195.49,186802.8,598798,true,completed
BF_BF25_h8s20n9.txt,BBLCT,20,8,96,20,1200.0,1,1.0,4,4.2,9,1198.53,9259.1,41829,true,completed
BF_BF26_h8s20n1.txt,BBLCT,20,8,96,20,1200.0,1,1.0,3,3.1,6,612.79,2273.2,22210,true,completed
BF_BF26_h8s20n10.txt,BBLCT,20,8,96,20,1200.0,1,1.0,7,7.3,10,1198.44,9847.3,52580,true,completed
BF_BF26_h8s20n11.txt,BBLCT,20,8,96,20,1200.0,2,2.1,4,4.2,6,648.31,45937.0,270876,true,completed
BF_BF26_h8s20n12.txt,BBLCT,20,8,96,20,1200.0,0,0.0,2,2.1,6,773.13,595125.6,2837504,false,cpu_limit
BF_BF26_h8s20n13.txt,BBLCT,20,8,96,20,1200.0,0,0.0,3,3.1,8,973.15,595210.9,3356672,false,cpu_limit
BF_BF26_h8s20n14.txt,BBLCT,20,8,96,20,1200.0,0,0.0,6,6.2,9,1185.96,11688.2,65905,true,completed
BF_BF26_h8s20n15.txt,BBLCT,20,8,96,20,1200.0,0,0.0,3,3.1,10,1198.57,406870.2,2197916,true,completed
BF_BF26_h8s20n16.txt,BBLCT,20,8,96,20,1200.0,0,0.0,3,3.1,8,901.98,595070.9,3089408,false,cpu_limit
BF_BF26_h8s20n17.txt,BBLCT,20,8,96,20,1200.0,0,0.0,4,4.2,6,826.03,7144.3,43527,true,completed
BF_BF26_h8s20n18.txt,BBLCT,20,8,96,20,1200.0,1,1.0,4,4.2,10,1197.33,154063.1,936594,true,completed
BF_BF26_h8s20n19.txt,BBLCT,20,8,96,20,1200.0,2,2.1,4,4.2,6,792.31,595229.5,3097600,false,cpu_limit
BF_BF26_h8s20n2.txt,BBLCT,20,8,96,20,1200.0,2,2.1,7,7.3,9,1117.11,595143.6,2620416,false,cpu_limit
BF_BF26_h8s20n20.txt,BBLCT,20,8,96,20,1200.0,1,1.0,5,5.2,10,1199.60,595187.6,2698240,false,cpu_limit
BF_BF26_h8s20n3.txt,BBLCT,20,8,96,20,1200.0,2,2.1,7,7.3,10,1198.10,428.5,2488,true,completed
BF_BF26_h8s20n4.txt,BBLCT,20,8,96,20,1200.0,0,0.0,3,3.1,6,772.51,595177.9,2534400,false,cpu_limit
BF_BF26_h8s20n5.txt,BBLCT,20,8,96,20,1200.0,1,1.0,2,2.1,6,711.75,595042.9,3233792,false,cpu_limit
BF_BF26_h8s20n6.txt,BBLCT,20,8,96,20,1200.0,1,1.0,3,3.1,6,803.90,595189.9,2924544,false,cpu_limit
BF_BF26_h8s20n7.txt,BBLCT,20,8,96,20,1200.0,1,1.0,6,6.2,10,1198.75,476255.5,2594352,true,completed
BF_BF26_h8s20n8.txt,BBLCT,20,8,96,20,1200.0,0,0.0,6,6.2,8,964.17,595258.3,2483200,false,cpu_limit
BF_BF26_h8s20n9.txt,BBLCT,20,8,96,20,1200.0,1,1.0,3,3.1,10,1179.17,16199.3,80676,true,completed
BF_BF27_h8s20n1.txt,BBLCT,20,8,96,39,1200.0,1,1.0,8,8.3,10,1109.97,595349.4,1946624,false,cpu_limit
BF_BF27_h8s20n10.txt,BBLCT,20,8,96,39,1200.0,0,0.0,3,3.1,9,1147.07,685.7,2748,true,completed
BF_BF27_h8s20n11.txt,BBLCT,20,8,96,39,1200.0,1,1.0,6,6.2,5,665.16,58627.8,263995,true,completed
BF_BF27_h8s20n12.txt,BBLCT,20,8,96,39,1200.0,0,0.0,3,3.1,6,712.93,15439.4,88461,true,completed
BF_BF27_h8s20n13.txt,BBLCT,20,8,96,39,1200.0,0,0.0,2,2.1,9,1199.90,67310.3,256233,true,completed
BF_BF27_h8s20n14.txt,BBLCT,20,8,96,39,1200.0,2,2.1,5,5.2,11,1199.40,58273.2,235927,true,completed
BF_BF27_h8s20n15.txt,BBLCT,20,8,96,39,1200.0,1,1.0,3,3.1,7,914.69,595200.1,2426880,false,cpu_limit
BF_BF27_h8s20n16.txt,BBLCT,20,8,96,39,1200.0,0,0.0,10,10.4,10,1196.36,485852.5,2637997,true,completed
BF_BF27_h8s20n17.txt,BBLCT,20,8,96,39,1200.0,1,1.0,8,8.3,8,1015.10,595111.9,1828864,false,cpu_limit
BF_BF27_h8s20n18.txt,BBLCT,20,8,96,39,1200.0,0,0.0,5,5.2,9,1089.72,595110.3,2170880,false,cpu_limit
BF_BF27_h8s20n19.txt,BBLCT,20,8,96,39,1200.0,2,2.1,3,3.1,9,1188.93,873.1,5467,true,completed
BF_BF27_h8s20n2.txt,BBLCT,20,8,96,39,1200.0,1,1.0,3,3.1,6,815.24,595179.3,2192384,false,cpu_limit
BF_BF27_h8s20n20.txt,BBLCT,20,8,96,39,1200.0,1,1.0,8,8.3,10,1198.09,11773.8,68017,true,completed
BF_BF27_h8s20n3.txt,BBLCT,20,8,96,39,1200.0,0,0.0,2,2.1,8,1074.54,109227.8,789314,true,completed
BF_BF27_h8s20n4.txt,BBLCT,20,8,96,39,1200.0,1,1.0,5,5.2,11,1198.63,539263.4,4441286,true,completed
BF_BF27_h8s20n5.txt,BBLCT,20,8,96,39,1200.0,2,2.1,8,8.3,9,1182.09,1021.8,4905,true,completed
BF_BF27_h8s20n6.txt,BBLCT,20,8,96,39,1200.0,2,2.1,8,8.3,8,993.81,595175.1,2034688,false,cpu_limit
BF_BF27_h8s20n7.txt,BBLCT,20,8,96,39,1200.0,0,0.0,5,5.2,6,776.42,4312.8,18725,true,completed
BF_BF27_h8s20n8.txt,BBLCT,20,8,96,39,1200.0,1,1.0,3,3.1,9,1198.23,67899.0,378125,true,completed
BF_BF27_h8s20n9.txt,BBLCT,20,8,96,39,1200.0,0,0.0,6,6.2,8,1195.78,39569.0,118480,true,completed
BF_BF28_h8s20n1.txt,BBLCT,20,8,96,39,1200.0,1,1.0,5,5.2,6,734.68,595049.7,4453376,false,cpu_limit
BF_BF28_h8s20n10.txt,BBLCT,20,8,96,39,1200.0,1,1.0,5,5.2,10,1196.20,187293.9,1257786,true,completed
BF_BF28_h8s20n11.txt,BBLCT,20,8,96,39,1200.0,1,1.0,4,4.2,3,347.71,2610.7,23777,true,completed
BF_BF28_h8s20n12.txt,BBLCT,20,8,96,39,1200.0,0,0.0,4,4.2,9,1180.68,1536.8,12303,true,completed
BF_BF28_h8s20n13.txt,BBLCT,20,8,96,39,1200.0,1,1.0,3,3.1,8,952.06,595257.4,2336768,false,cpu_limit
BF_BF28_h8s20n14.txt,BBLCT,20,8,96,39,1200.0,1,1.0,3,3.1,9,1177.49,210.4,1796,true,completed
BF_BF28_h8s20n15.txt,BBLCT,20,8,96,39,1200.0,0,0.0,8,8.3,9,1009.34,595224.2,2744320,false,cpu_limit
BF_BF28_h8s20n16.txt,BBLCT,20,8,96,39,1200.0,1,1.0,3,3.1,8,913.22,595147.9,2616320,false,cpu_limit
BF_BF28_h8s20n17.txt,BBLCT,20,8,96,39,1200.0,1,1.0,4,4.2,8,1199.53,1796.2,10384,true,completed
BF_BF28_h8s20n18.txt,BBLCT,20,8,96,39,1200.0,0,0.0,1,1.0,2,357.38,3795.4,35734,true,completed
BF_BF28_h8s20n19.txt,BBLCT,20,8,96,39,1200.0,0,0.0,3,3.1,9,868.06,595205.6,2871296,false,cpu_limit
BF_BF28_h8s20n2.txt,BBLCT,20,8,96,39,1200.0,0,0.0,4,4.2,10,1191.94,4413.9,23330,true,completed
BF_BF28_h8s20n20.txt,BBLCT,20,8,96,39,1200.0,0,0.0,3,3.1,9,1188.46,483.2,3342,true,completed
BF_BF28_h8s20n3.txt,BBLCT,20,8,96,39,1200.0,0,0.0,8,8.3,10,1190.59,234.1,1973,true,completed
BF_BF28_h8s20n4.txt,BBLCT,20,8,96,39,1200.0,0,0.0,2,2.1,7,917.31,595038.7,4457472,false,cpu_limit
BF_BF28_h8s20n5.txt,BBLCT,20,8,96,39,1200.0,0,0.0,3,3.1,10,1165.10,31400.9,238916,true,completed
BF_BF28_h8s20n6.txt,BBLCT,20,8,96,39,1200.0,0,0.0,4,4.2,9,1193.13,5860.7,35221,true,completed
BF_BF28_h8s20n7.txt,BBLCT,20,8,96,39,1200.0,0,0.0,3,3.1,10,1199.31,2042.7,14390,true,completed
BF_BF28_h8s20n8.txt,BBLCT,20,8,96,39,1200.0,0,0.0,3,3.1,11,1194.23,595152.5,2968576,false,cpu_limit
BF_BF28_h8s20n9.txt,BBLCT,20,8,96,39,1200.0,0,0.0,5,5.2,9,1191.35,11983.5,78862,true,completed
BF_BF29_h8s20n1.txt,BBLCT,20,8,128,26,1200.0,1,0.8,6,4.7,10,973.19,595124.6,4320256,false,cpu_limit
BF_BF29_h8s20n10.txt,BBLCT,20,8,128,26,1200.0,0,0.0,3,2.3,8,968.73,595123.2,2725888,false,cpu_limit
BF_BF29_h8s20n11.txt,BBLCT,20,8,128,26,1200.0,1,0.8,3,2.3,10,1195.55,238881.5,1093298,true,completed
BF_BF29_h8s20n12.txt,BBLCT,20,8,128,26,1200.0,0,0.0,3,2.3,10,1197.82,595120.8,2820096,false,cpu_limit
BF_BF29_h8s20n13.txt,BBLCT,20,8,128,26,1200.0,1,0.8,4,3.1,4,395.99,1138.4,8439,true,completed
BF_BF29_h8s20n14.txt,BBLCT,20,8,128,26,1200.0,1,0.8,3,2.3,5,664.37,595138.0,3056640,false,cpu_limit
BF_BF29_h8s20n15.txt,BBLCT,20,8,128,26,1200.0,2,1.6,5,3.9,9,1010.51,595093.8,3522560,false,cpu_limit
BF_BF29_h8s20n16.txt,BBLCT,20,8,128,26,1200.0,0,0.0,6,4.7,9,951.65,595175.1,2557952,false,cpu_limit
BF_BF29_h8s20n17.txt,BBLCT,20,8,128,26,1200.0,0,0.0,3,2.3,11,1197.88,271019.8,1149662,true,completed
BF_BF29_h8s20n18.txt,BBLCT,20,8,128,26,1200.0,2,1.6,4,3.1,7,827.94,595119.6,2582528,false,cpu_limit
BF_BF29_h8s20n19.txt,BBLCT,20,8,128,26,1200.0,2,1.6,8,6.2,10,1101.36,595204.9,2929664,false,cpu_limit
BF_BF29_h8s20n2.txt,BBLCT,20,8,128,26,1200.0,0,0.0,2,1.6,8,853.25,595151.7,2633728,false,cpu_limit
BF_BF29_h8s20n20.txt,BBLCT,20,8,128,26,1200.0,0,0.0,2,1.6,7,921.44,595111.2,3008512,false,cpu_limit
BF_BF29_h8s20n3.txt,BBLCT,20,8,128,26,1200.0,0,0.0,2,1.6,6,703.82,595220.4,2619392,false,cpu_limit
BF_BF29_h8s20n4.txt,BBLCT,20,8,128,26,1200.0,2,1.6,7,5.5,11,1197.78,23594.4,121858,true,completed
BF_BF29_h8s20n5.txt,BBLCT,20,8,128,26,1200.0,2,1.6,7,5.5,9,1004.82,595169.4,2335744,false,cpu_limit
BF_BF29_h8s20n6.txt,BBLCT,20,8,128,26,1200.0,0,0.0,3,2.3,8,941.06,595092.6,2546688,false,cpu_limit
BF_BF29_h8s20n7.txt,BBLCT,20,8,128,26,1200.0,0,0.0,2,1.6,6,749.67,595116.1,3006464,false,cpu_limit
BF_BF29_h8s20n8.txt,BBLCT,20,8,128,26,1200.0,1,0.8,5,3.9,10,1097.41,595153.9,2965504,false,cpu_limit
BF_BF29_h8s20n9.txt,BBLCT,20,8,128,26,1200.0,2,1.6,6,4.7,10,1199.91,117288.4,549050,true,completed
BF_BF2_h5s16n1.txt,BBLCT,16,5,48,10,1200.0,1,2.1,5,10.4,9,889.62,595106.6,7263232,false,cpu_limit
BF_BF2_h5s16n10.txt,BBLCT,16,5,48,10,1200.0,2,4.2,11,22.9,12,1193.92,3630.4,60350,true,completed
BF_BF2_h5s16n11.txt,BBLCT,16,5,48,10,1200.0,2,4.2,9,18.8,10,1199.25,569138.6,6907060,true,completed
BF_BF2_h5s16n12.txt,BBLCT,16,5,48,10,1200.0,1,2.1,13,27.1,10,1197.31,105.6,2118,true,completed
BF_BF2_h5s16n13.txt,BBLCT,16,5,48,10,1200.0,1,2.1,7,14.6,9,921.33,595076.5,7238656,false,cpu_limit
BF_BF2_h5s16n14.txt,BBLCT,16,5,48,10,1200.0,1,2.1,7,14.6,11,1199.44,595082.0,8444928,false,cpu_limit
BF_BF2_h5s16n15.txt,BBLCT,16,5,48,10,1200.0,1,2.1,4,8.3,10,1199.98,246433.8,3450897,true,completed
BF_BF2_h5s16n16.txt,BBLCT,16,5,48,10,1200.0,0,0.0,7,14.6,12,1197.08,48158.9,1035346,true,completed
BF_BF2_h5s16n17.txt,BBLCT,16,5,48,10,1200.0,2,4.2,8,16.7,11,1181.05,18668.8,238615,true,completed
BF_BF2_h5s16n18.txt,BBLCT,16,5,48,10,1200.0,1,2.1,6,12.5,11,1191.24,115066.1,2681830,true,completed
BF_BF2_h5s16n19.txt,BBLCT,16,5,48,10,1200.0,0,0.0,8,16.7,11,1198.60,24925.2,348894,true,completed
BF_BF2_h5s16n2.txt,BBLCT,16,5,48,10,1200.0,1,2.1,4,8.3,8,776.45,595059.4,11936768,false,cpu_limit
BF_BF2_h5s16n20.txt,BBLCT,16,5,48,10,1200.0,1,2.1,6,12.5,8,812.96,25822.0,619369,true,completed
BF_BF2_h5s16n3.txt,BBLCT,16,5,48,10,1200.0,1,2.1,4,8.3,10,1197.10,584.6,16437,true,completed
BF_BF2_h5s16n4.txt,BBLCT,16,5,48,10,1200.0,2,4.2,9,18.8,10,991.55,595031.0,7110656,false,cpu_limit
BF_BF2_h5s16n5.txt,BBLCT,16,5,48,10,1200.0,1,2.1,9,18.8,11,1190.45,15860.1,223073,true,completed
BF_BF2_h5s16n6.txt,BBLCT,16,5,48,10,1200.0,1,2.1,3,6.2,7,818.69,595096.2,7623680,false,cpu_limit
BF_BF2_h5s16n7.txt,BBLCT,16,5,48,10,1200.0,4,8.3,9,18.8,9,952.57,595068.9,7481344,false,cpu_limit
BF_BF2_h5s16n8.txt,BBLCT,16,5,48,10,1200.0,0,0.0,7,14.6,11,1195.98,19748.5,352947,true,completed
BF_BF2_h5s16n9.txt,BBLCT,16,5,48,10,1200.0,1,2.1,7,14.6,10,1014.06,595066.0,6581248,false,cpu_limit
BF_BF30_h8s20n1.txt,BBLCT,20,8,128,26,1200.0,1,0.8,4,3.1,11,1199.22,187.3,1645,true,completed
BF_BF30_h8s20n10.txt,BBLCT,20,8,128,26,1200.0,0,0.0,3,2.3,9,898.26,595205.2,2446336,false,cpu_limit
BF_BF30_h8s20n11.txt,BBLCT,20,8,128,26,1200.0,2,1.6,3,2.3,6,760.57,595096.0,3394560,false,cpu_limit
BF_BF30_h8s20n12.txt,BBLCT,20,8,128,26,1200.0,0,0.0,2,1.6,8,892.19,595178.7,3388416,false,cpu_limit
BF_BF30_h8s20n13.txt,BBLCT,20,8,128,26,1200.0,1,0.8,5,3.9,11,1193.22,48372.0,258086,true,completed
BF_BF30_h8s20n14.txt,BBLCT,20,8,128,26,1200.0,1,0.8,1,0.8,0,0.00,595070.0,13113344,false,cpu_limit
BF_BF30_h8s20n15.txt,BBLCT,20,8,128,26,1200.0,1,0.8,2,1.6,8,847.80,595095.5,2435072,false,cpu_limit
BF_BF30_h8s20n16.txt,BBLCT,20,8,128,26,1200.0,1,0.8,6,4.7,10,1007.91,595042.4,2461696,false,cpu_limit
BF_BF30_h8s20n17.txt,BBLCT,20,8,128,26,1200.0,1,0.8,5,3.9,11,1198.37,222.4,1466,true,completed
BF_BF30_h8s20n18.txt,BBLCT,20,8,128,26,1200.0,1,0.8,2,1.6,10,1188.57,27875.4,158649,true,completed
BF_BF30_h8s20n19.txt,BBLCT,20,8,128,26,1200.0,0,0.0,6,4.7,11,1190.66,32663.8,172160,true,completed
BF_BF30_h8s20n2.txt,BBLCT,20,8,128,26,1200.0,1,0.8,2,1.6,6,720.37,595155.8,2911232,false,cpu_limit
BF_BF30_h8s20n20.txt,BBLCT,20,8,128,26,1200.0,2,1.6,4,3.1,7,889.66,595171.7,2907136,false,cpu_limit
BF_BF30_h8s20n3.txt,BBLCT,20,8,128,26,1200.0,1,0.8,4,3.1,10,1028.97,595229.2,2735104,false,cpu_limit
BF_BF30_h8s20n4.txt,BBLCT,20,8,128,26,1200.0,1,0.8,5,3.9,9,1057.97,595257.1,2956288,false,cpu_limit
BF_BF30_h8s20n5.txt,BBLCT,20,8,128,26,1200.0,1,0.8,2,1.6,6,675.70,595136.1,3041280,false,cpu_limit
BF_BF30_h8s20n6.txt,BBLCT,20,8,128,26,1200.0,0,0.0,2,1.6,6,706.15,595100.2,3044352,false,cpu_limit
BF_BF30_h8s20n7.txt,BBLCT,20,8,128,26,1200.0,2,1.6,7,5.5,10,1199.40,595114.6,5419008,false,cpu_limit
BF_BF30_h8s20n8.txt,BBLCT,20,8,128,26,1200.0,1,0.8,3,2.3,8,857.25,595211.2,2685952,false,cpu_limit
BF_BF30_h8s20n9.txt,BBLCT,20,8,128,26,1200.0,3,2.3,5,3.9,6,672.69,366839.0,2075556,true,completed
BF_BF31_h8s20n1.txt,BBLCT,20,8,128,52,1200.0,0,0.0,1,0.8,3,391.38,1145.7,6277,true,completed
BF_BF31_h8s20n10.txt,BBLCT,20,8,128,52,1200.0,0,0.0,4,3.1,11,1199.58,2419.1,17684,true,completed
BF_BF31_h8s20n11.txt,BBLCT,20,8,128,52,1200.0,0,0.0,1,0.8,6,672.93,595277.8,2750464,false,cpu_limit
BF_BF31_h8s20n12.txt,BBLCT,20,8,128,52,1200.0,1,0.8,4,3.1,8,930.88,595158.5,2491392,false,cpu_limit
BF_BF31_h8s20n13.txt,BBLCT,20,8,128,52,1200.0,1,0.8,7,5.5,10,1041.05,595076.8,3273728,false,cpu_limit
BF_BF31_h8s20n14.txt,BBLCT,20,8,128,52,1200.0,0,0.0,3,2.3,11,1199.86,61776.5,616913,true,completed
BF_BF31_h8s20n15.txt,BBLCT,20,8,128,52,1200.0,0,0.0,7,5.5,11,1198.90,4519.7,24596,true,completed
BF_BF31_h8s20n16.txt,BBLCT,20,8,128,52,1200.0,2,1.6,6,4.7,12,1195.42,374434.0,2552180,true,completed
BF_BF31_h8s20n17.txt,BBLCT,20,8,128,52,1200.0,0,0.0,3,2.3,7,681.58,595031.5,4260864,false,cpu_limit
BF_BF31_h8s20n18.txt,BBLCT,20,8,128,52,1200.0,0,0.0,6,4.7,12,1197.99,130256.2,538008,true,completed
BF_BF31_h8s20n19.txt,BBLCT,20,8,128,52,1200.0,0,0.0,1,0.8,7,808.64,595068.0,2498560,false,cpu_limit
BF_BF31_h8s20n2.txt,BBLCT,20,8,128,52,1200.0,3,2.3,6,4.7,10,1197.58,4655.3,23499,true,completed
BF_BF31_h8s20n20.txt,BBLCT,20,8,128,52,1200.0,0,0.0,3,2.3,10,1189.32,203448.0,1194903,true,completed
BF_BF31_h8s20n3.txt,BBLCT,20,8,128,52,1200.0,3,2.3,6,4.7,11,1195.58,157669.2,632732,true,completed
BF_BF31_h8s20n4.txt,BBLCT,20,8,128,52,1200.0,2,1.6,5,3.9,7,938.64,143071.8,570898,true,completed
BF_BF31_h8s20n5.txt,BBLCT,20,8,128,52,1200.0,0,0.0,3,2.3,7,716.00,595153.6,3436544,false,cpu_limit
BF_BF31_h8s20n6.txt,BBLCT,20,8,128,52,1200.0,1,0.8,3,2.3,9,1197.68,3584.5,20908,true,completed
BF_BF31_h8s20n7.txt,BBLCT,20,8,128,52,1200.0,0,0.0,2,1.6,7,709.58,595184.0,2864128,false,cpu_limit
BF_BF31_h8s20n8.txt,BBLCT,20,8,128,52,1200.0,0,0.0,4,3.1,11,1199.70,199372.6,893313,true,completed
BF_BF31_h8s20n9.txt,BBLCT,20,8,128,52,1200.0,1,0.8,5,3.9,7,754.17,595061.6,3801088,false,cpu_limit
BF_BF32_h8s20n1.txt,BBLCT,20,8,128,52,1200.0,0,0.0,3,2.3,9,925.85,595206.5,3302400,false,cpu_limit
BF_BF32_h8s20n10.txt,BBLCT,20,8,128,52,1200.0,0,0.0,2,1.6,10,1195.21,385894.1,2279320,true,completed
BF_BF32_h8s20n11.txt,BBLCT,20,8,128,52,1200.0,0,0.0,4,3.1,11,1198.23,6902.1,55058,true,completed
BF_BF32_h8s20n12.txt,BBLCT,20,8,128,52,1200.0,1,0.8,5,3.9,9,930.28,595244.5,2680832,false,cpu_limit
BF_BF32_h8s20n13.txt,BBLCT,20,8,128,52,1200.0,1,0.8,4,3.1,11,1196.23,22396.8,117705,true,completed
BF_BF32_h8s20n14.txt,BBLCT,20,8,128,52,1200.0,0,0.0,2,1.6,10,1198.56,362.4,1985,true,completed
BF_BF32_h8s20n15.txt,BBLCT,20,8,128,52,1200.0,0,0.0,3,2.3,9,1196.08,595046.9,3317760,false,cpu_limit
BF_BF32_h8s20n16.txt,BBLCT,20,8,128,52,1200.0,1,0.8,6,4.7,9,1198.62,89030.2,479899,true,completed
BF_BF32_h8s20n17.txt,BBLCT,20,8,128,52,1200.0,0,0.0,3,2.3,9,959.93,595144.0,2250752,false,cpu_limit
BF_BF32_h8s20n18.txt,BBLCT,20,8,128,52,1200.0,0,0.0,4,3.1,11,1191.43,5292.4,27763,true,completed
BF_BF32_h8s20n19.txt,BBLCT,20,8,128,52,1200.0,1,0.8,3,2.3,5,461.53,491.8,3680,true,completed
BF_BF32_h8s20n2.txt,BBLCT,20,8,128,52,1200.0,0,0.0,4,3.1,10,1120.74,595049.1,2792448,false,cpu_limit
BF_BF32_h8s20n20.txt,BBLCT,20,8,128,52,1200.0,0,0.0,1,0.8,3,399.43,613.1,5124,true,completed
BF_BF32_h8s20n3.txt,BBLCT,20,8,128,52,1200.0,1,0.8,3,2.3,10,1187.88,35773.9,416806,true,completed
BF_BF32_h8s20n4.txt,BBLCT,20,8,128,52,1200.0,1,0.8,2,1.6,7,814.06,595133.6,2747392,false,cpu_limit
BF_BF32_h8s20n5.txt,BBLCT,20,8,128,52,1200.0,0,0.0,3,2.3,10,1185.23,280415.4,1985451,true,completed
BF_BF32_h8s20n6.txt,BBLCT,20,8,128,52,1200.0,0,0.0,3,2.3,5,608.60,595236.7,2429952,false,cpu_limit
BF_BF32_h8s20n7.txt,BBLCT,20,8,128,52,1200.0,0,0.0,6,4.7,10,1190.75,453120.2,2099182,true,completed
BF_BF32_h8s20n8.txt,BBLCT,20,8,128,52,1200.0,0,0.0,3,2.3,10,1186.51,4402.6,43003,true,completed
BF_BF32_h8s20n9.txt,BBLCT,20,8,128,52,1200.0,0,0.0,2,1.6,10,1199.96,73904.3,625269,true,completed
BF_BF3_h5s16n1.txt,BBLCT,16,5,48,20,1200.0,1,2.1,14,29.2,10,1188.20,334.6,6077,true,completed
BF_BF3_h5s16n10.txt,BBLCT,16,5,48,20,1200.0,1,2.1,11,22.9,11,1195.15,59.1,980,true,completed
BF_BF3_h5s16n11.txt,BBLCT,16,5,48,20,1200.0,0,0.0,9,18.8,11,1115.37,595058.6,5784576,false,cpu_limit
BF_BF3_h5s16n12.txt,BBLCT,16,5,48,20,1200.0,1,2.1,5,10.4,8,790.25,595075.7,11005952,false,cpu_limit
BF_BF3_h5s16n13.txt,BBLCT,16,5,48,20,1200.0,1,2.1,9,18.8,11,1198.96,50447.1,715606,true,completed
BF_BF3_h5s16n14.txt,BBLCT,16,5,48,20,1200.0,2,4.2,8,16.7,10,1026.10,595123.9,4383744,false,cpu_limit
BF_BF3_h5s16n15.txt,BBLCT,16,5,48,20,1200.0,0,0.0,13,27.1,12,1197.66,62905.2,1147968,true,completed
BF_BF3_h5s16n16.txt,BBLCT,16,5,48,20,1200.0,1,2.1,18,37.5,12,1196.34,549618.2,5296727,true,completed
BF_BF3_h5s16n17.txt,BBLCT,16,5,48,20,1200.0,1,2.1,10,20.8,10,1120.81,426141.6,3990943,true,completed
BF_BF3_h5s16n18.txt,BBLCT,16,5,48,20,1200.0,2,4.2,6,12.5,11,1190.27,947.4,16966,true,completed
BF_BF3_h5s16n19.txt,BBLCT,16,5,48,20,1200.0,1,2.1,8,16.7,11,1192.92,2067.0,20503,true,completed
BF_BF3_h5s16n2.txt,BBLCT,16,5,48,20,1200.0,0,0.0,8,16.7,10,985.57,595099.4,8167424,false,cpu_limit
BF_BF3_h5s16n20.txt,BBLCT,16,5,48,20,1200.0,1,2.1,7,14.6,11,1165.29,595088.6,7107584,false,cpu_limit
BF_BF3_h5s16n3.txt,BBLCT,16,5,48,20,1200.0,2,4.2,13,27.1,11,1194.37,218722.8,2026200,true,completed
BF_BF3_h5s16n4.txt,BBLCT,16,5,48,20,1200.0,1,2.1,8,16.7,8,846.71,595041.5,8632320,false,cpu_limit
BF_BF3_h5s16n5.txt,BBLCT,16,5,48,20,1200.0,1,2.1,9,18.8,11,1180.69,205453.8,1866018,true,completed
BF_BF3_h5s16n6.txt,BBLCT,16,5,48,20,1200.0,1,2.1,9,18.8,11,1199.68,336706.0,3226816,true,completed
BF_BF3_h5s16n7.txt,BBLCT,16,5,48,20,1200.0,1,2.1,8,16.7,9,887.54,595043.7,8891392,false,cpu_limit
BF_BF3_h5s16n8.txt,BBLCT,16,5,48,20,1200.0,0,0.0,10,20.8,11,1086.58,595074.9,5879808,false,cpu_limit
BF_BF3_h5s16n9.txt,BBLCT,16,5,48,20,1200.0,1,2.1,5,10.4,10,1198.47,4753.2,48957,true,completed
BF_BF4_h5s16n1.txt,BBLCT,16,5,48,20,1200.0,0,0.0,6,12.5,12,1194.69,2723.0,49885,true,completed
BF_BF4_h5s16n10.txt,BBLCT,16,5,48,20,1200.0,0,0.0,9,18.8,12,1186.29,19280.9,252078,true,completed
BF_BF4_h5s16n11.txt,BBLCT,16,5,48,20,1200.0,0,0.0,7,14.6,11,1195.37,56209.3,1121762,true,completed
BF_BF4_h5s16n12.txt,BBLCT,16,5,48,20,1200.0,0,0.0,6,12.5,8,808.53,32793.1,673654,true,completed
BF_BF4_h5s16n13.txt,BBLCT,16,5,48,20,1200.0,1,2.1,11,22.9,11,1194.40,39200.0,838931,true,completed
BF_BF4_h5s16n14.txt,BBLCT,16,5,48,20,1200.0,1,2.1,1,2.1,0,0.00,595049.2,19567616,false,cpu_limit
BF_BF4_h5s16n15.txt,BBLCT,16,5,48,20,1200.0,0,0.0,4,8.3,11,1185.05,219.7,5719,true,completed
BF_BF4_h5s16n16.txt,BBLCT,16,5,48,20,1200.0,1,2.1,7,14.6,11,1197.03,38094.0,628910,true,completed
BF_BF4_h5s16n17.txt,BBLCT,16,5,48,20,1200.0,1,2.1,7,14.6,11,1196.80,121672.5,2253099,true,completed
BF_BF4_h5s16n18.txt,BBLCT,16,5,48,20,1200.0,1,2.1,6,12.5,8,884.12,123306.0,3308234,true,completed
BF_BF4_h5s16n19.txt,BBLCT,16,5,48,20,1200.0,1,2.1,10,20.8,11,1195.78,251742.1,3237324,true,completed
BF_BF4_h5s16n2.txt,BBLCT,16,5,48,20,1200.0,1,2.1,7,14.6,11,1184.47,18959.4,318398,true,completed
BF_BF4_h5s16n20.txt,BBLCT,16,5,48,20,1200.0,1,2.1,9,18.8,10,1047.31,595087.2,9142272,false,cpu_limit
BF_BF4_h5s16n3.txt,BBLCT,16,5,48,20,1200.0,0,0.0,12,25.0,8,780.12,595064.2,10492928,false,cpu_limit
BF_BF4_h5s16n4.txt,BBLCT,16,5,48,20,1200.0,0,0.0,4,8.3,8,888.70,595083.7,6875136,false,cpu_limit
BF_BF4_h5s16n5.txt,BBLCT,16,5,48,20,1200.0,0,0.0,3,6.2,7,822.64,14740.3,376221,true,completed
BF_BF4_h5s16n6.txt,BBLCT,16,5,48,20,1200.0,2,4.2,12,25.0,11,1187.22,98.1,2044,true,completed
BF_BF4_h5s16n7.txt,BBLCT,16,5,48,20,1200.0,0,0.0,8,16.7,11,1198.30,2819.9,52359,true,completed
BF_BF4_h5s16n8.txt,BBLCT,16,5,48,20,1200.0,0,0.0,2,4.2,6,710.78,595070.2,12323840,false,cpu_limit
BF_BF4_h5s16n9.txt,BBLCT,16,5,48,20,1200.0,0,0.0,6,12.5,11,1199.20,25741.3,609307,true,completed
BF_BF5_h5s16n1.txt,BBLCT,16,5,64,13,1200.0,1,1.6,6,9.4,9,949.11,595071.2,7806976,false,cpu_limit
BF_BF5_h5s16n10.txt,BBLCT,16,5,64,13,1200.0,1,1.6,16,25.0,12,1199.31,144412.3,1889383,true,completed
BF_BF5_h5s16n11.txt,BBLCT,16,5,64,13,1200.0,1,1.6,7,10.9,9,960.65,595058.1,6747136,false,cpu_limit
BF_BF5_h5s16n12.txt,BBLCT,16,5,64,13,1200.0,1,1.6,9,14.1,12,1184.42,595073.7,6147072,false,cpu_limit
BF_BF5_h5s16n13.txt,BBLCT,16,5,64,13,1200.0,0,0.0,7,10.9,13,1199.93,595071.1,6683648,false,cpu_limit
BF_BF5_h5s16n14.txt,BBLCT,16,5,64,13,1200.0,2,3.1,8,12.5,11,1192.72,595029.3,10278912,false,cpu_limit
BF_BF5_h5s16n15.txt,BBLCT,16,5,64,13,1200.0,3,4.7,7,10.9,9,956.85,595083.6,7495680,false,cpu_limit
BF_BF5_h5s16n16.txt,BBLCT,16,5,64,13,1200.0,1,1.6,4,6.2,7,728.47,568513.3,17010040,true,completed
BF_BF5_h5s16n17.txt,BBLCT,16,5,64,13,1200.0,1,1.6,9,14.1,9,885.00,595086.8,6565888,false,cpu_limit
BF_BF5_h5s16n18.txt,BBLCT,16,5,64,13,1200.0,1,1.6,4,6.2,9,869.21,595049.1,12206080,false,cpu_limit
BF_BF5_h5s16n19.txt,BBLCT,16,5,64,13,1200.0,2,3.1,7,10.9,12,1199.53,595093.9,9475072,false,cpu_limit
BF_BF5_h5s16n2.txt,BBLCT,16,5,64,13,1200.0,1,1.6,10,15.6,12,1112.61,595072.9,7562240,false,cpu_limit
BF_BF5_h5s16n20.txt,BBLCT,16,5,64,13,1200.0,2,3.1,8,12.5,9,965.37,595093.0,8026112,false,cpu_limit
BF_BF5_h5s16n3.txt,BBLCT,16,5,64,13,1200.0,2,3.1,9,14.1,11,1195.64,12717.5,200804,true,completed
BF_BF5_h5s16n4.txt,BBLCT,16,5,64,13,1200.0,4,6.2,16,25.0,12,1198.27,360446.4,5658799,true,completed
BF_BF5_h5s16n5.txt,BBLCT,16,5,64,13,1200.0,1,1.6,13,20.3,11,1199.15,394914.8,4841370,true,completed
BF_BF5_h5s16n6.txt,BBLCT,16,5,64,13,1200.0,0,0.0,12,18.8,12,1197.61,595060.7,6491136,false,cpu_limit
BF_BF5_h5s16n7.txt,BBLCT,16,5,64,13,1200.0,0,0.0,6,9.4,11,1199.89,595121.0,8379392,false,cpu_limit
BF_BF5_h5s16n8.txt,BBLCT,16,5,64,13,1200.0,0,0.0,3,4.7,9,874.95,595063.9,6624256,false,cpu_limit
BF_BF5_h5s16n9.txt,BBLCT,16,5,64,13,1200.0,1,1.6,8,12.5,12,1164.93,3391.4,38315,true,completed
BF_BF6_h5s16n1.txt,BBLCT,16,5,64,13,1200.0,2,3.1,10,15.6,11,1197.26,250206.8,4952108,true,completed
BF_BF6_h5s16n10.txt,BBLCT,16,5,64,13,1200.0,1,1.6,9,14.1,11,1188.79,306.7,6567,true,completed
BF_BF6_h5s16n11.txt,BBLCT,16,5,64,13,1200.0,0,0.0,3,4.7,7,803.12,34883.4,1178906,true,completed
BF_BF6_h5s16n12.txt,BBLCT,16,5,64,13,1200.0,0,0.0,6,9.4,8,874.14,595050.6,7318528,false,cpu_limit
BF_BF6_h5s16n13.txt,BBLCT,16,5,64,13,1200.0,2,3.1,5,7.8,10,1169.77,161234.4,2629976,true,completed
BF_BF6_h5s16n14.txt,BBLCT,16,5,64,13,1200.0,1,1.6,12,18.8,10,963.20,595070.1,12239872,false,cpu_limit
BF_BF6_h5s16n15.txt,BBLCT,16,5,64,13,1200.0,0,0.0,13,20.3,11,1193.96,13455.5,246397,true,completed
BF_BF6_h5s16n16.txt,BBLCT,16,5,64,13,1200.0,2,3.1,10,15.6,11,1150.91,81174.5,2039826,true,completed
BF_BF6_h5s16n17.txt,BBLCT,16,5,64,13,1200.0,0,0.0,5,7.8,10,1187.19,595088.8,14652416,false,cpu_limit
BF_BF6_h5s16n18.txt,BBLCT,16,5,64,13,1200.0,0,0.0,7,10.9,11,1149.60,487419.5,8043116,true,completed
BF_BF6_h5s16n19.txt,BBLCT,16,5,64,13,1200.0,2,3.1,7,10.9,11,1167.98,22485.8,323734,true,completed
BF_BF6_h5s16n2.txt,BBLCT,16,5,64,13,1200.0,1,1.6,4,6.2,7,745.75,240291.7,6375702,true,completed
BF_BF6_h5s16n20.txt,BBLCT,16,5,64,13,1200.0,0,0.0,10,15.6,12,1186.76,91991.9,2452778,true,completed
BF_BF6_h5s16n3.txt,BBLCT,16,5,64,13,1200.0,2,3.1,8,12.5,11,1149.48,301487.8,4834932,true,completed
BF_BF6_h5s16n4.txt,BBLCT,16,5,64,13,1200.0,0,0.0,3,4.7,7,748.87,595081.3,7885824,false,cpu_limit
BF_BF6_h5s16n5.txt,BBLCT,16,5,64,13,1200.0,2,3.1,6,9.4,11,1193.72,98251.7,1416731,true,completed
BF_BF6_h5s16n6.txt,BBLCT,16,5,64,13,1200.0,0,0.0,4,6.2,10,1166.46,446318.2,6457832,true,completed
BF_BF6_h5s16n7.txt,BBLCT,16,5,64,13,1200.0,0,0.0,7,10.9,10,1082.35,595082.1,8064000,false,cpu_limit
BF_BF6_h5s16n8.txt,BBLCT,16,5,64,13,1200.0,1,1.6,11,17.2,11,1196.96,112.9,2718,true,completed
BF_BF6_h5s16n9.txt,BBLCT,16,5,64,13,1200.0,5,7.8,11,17.2,10,1113.67,90135.9,1098414,true,completed
BF_BF7_h5s16n1.txt,BBLCT,16,5,64,26,1200.0,1,1.6,8,12.5,11,1171.80,38639.0,504746,true,completed
BF_BF7_h5s16n10.txt,BBLCT,16,5,64,26,1200.0,2,3.1,9,14.1,11,1197.76,482454.3,7612683,true,completed
BF_BF7_h5s16n11.txt,BBLCT,16,5,64,26,1200.0,1,1.6,7,10.9,11,1037.08,595059.4,5960704,false,cpu_limit
BF_BF7_h5s16n12.txt,BBLCT,16,5,64,26,1200.0,1,1.6,10,15.6,10,1182.92,392545.1,8628169,true,completed
BF_BF7_h5s16n13.txt,BBLCT,16,5,64,26,1200.0,0,0.0,8,12.5,12,1199.51,7465.6,138501,true,completed
BF_BF7_h5s16n14.txt,BBLCT,16,5,64,26,1200.0,1,1.6,5,7.8,11,1192.32,55239.7,1304305,true,completed
BF_BF7_h5s16n15.txt,BBLCT,16,5,64,26,1200.0,2,3.1,10,15.6,11,1198.04,102826.4,2125408,true,completed
BF_BF7_h5s16n16.txt,BBLCT,16,5,64,26,1200.0,1,1.6,9,14.1,11,1195.62,595077.5,8623104,false,cpu_limit
BF_BF7_h5s16n17.txt,BBLCT,16,5,64,26,1200.0,0,0.0,4,6.2,10,977.08,595070.4,5635072,false,cpu_limit
BF_BF7_h5s16n18.txt,BBLCT,16,5,64,26,1200.0,3,4.7,6,9.4,11,1195.35,2085.4,37740,true,completed
BF_BF7_h5s16n19.txt,BBLCT,16,5,64,26,1200.0,0,0.0,6,9.4,10,1025.59,595081.9,10323968,false,cpu_limit
BF_BF7_h5s16n2.txt,BBLCT,16,5,64,26,1200.0,1,1.6,8,12.5,11,1152.25,5589.6,103339,true,completed
BF_BF7_h5s16n20.txt,BBLCT,16,5,64,26,1200.0,1,1.6,8,12.5,8,822.76,595129.9,5825536,false,cpu_limit
BF_BF7_h5s16n3.txt,BBLCT,16,5,64,26,1200.0,1,1.6,7,10.9,11,1179.73,595069.4,12811264,false,cpu_limit
BF_BF7_h5s16n4.txt,BBLCT,16,5,64,26,1200.0,2,3.1,13,20.3,11,1194.22,23219.7,215712,true,completed
BF_BF7_h5s16n5.txt,BBLCT,16,5,64,26,1200.0,0,0.0,6,9.4,11,1144.64,595069.3,10391552,false,cpu_limit
BF_BF7_h5s16n6.txt,BBLCT,16,5,64,26,1200.0,1,1.6,7,10.9,12,1124.32,595041.9,5985280,false,cpu_limit
BF_BF7_h5s16n7.txt,BBLCT,16,5,64,26,1200.0,1,1.6,8,12.5,10,1024.23,595048.1,7046144,false,cpu_limit
BF_BF7_h5s16n8.txt,BBLCT,16,5,64,26,1200.0,0,0.0,10,15.6,10,1027.94,595088.9,6121472,false,cpu_limit
BF_BF7_h5s16n9.txt,BBLCT,16,5,64,26,1200.0,0,0.0,9,14.1,11,1198.03,1833.9,30143,true,completed
BF_BF8_h5s16n1.txt,BBLCT,16,5,64,26,1200.0,1,1.6,9,14.1,10,1037.55,595092.4,7571456,false,cpu_limit
BF_BF8_h5s16n10.txt,BBLCT,16,5,64,26,1200.0,0,0.0,3,4.7,8,807.52,53083.0,1412617,true,completed
BF_BF8_h5s16n11.txt,BBLCT,16,5,64,26,1200.0,0,0.0,8,12.5,11,1183.12,595034.5,17696768,false,cpu_limit
BF_BF8_h5s16n12.txt,BBLCT,16,5,64,26,1200.0,0,0.0,6,9.4,8,861.66,595104.7,7580672,false,cpu_limit
BF_BF8_h5s16n13.txt,BBLCT,16,5,64,26,1200.0,0,0.0,4,6.2,11,1164.10,369934.1,4975738,true,completed
BF_BF8_h5s16n14.txt,BBLCT,16,5,64,26,1200.0,0,0.0,3,4.7,6,710.75,595050.7,15088640,false,cpu_limit
BF_BF8_h5s16n15.txt,BBLCT,16,5,64,26,1200.0,1,1.6,9,14.1,11,1196.25,466415.9,11302245,true,completed
BF_BF8_h5s16n16.txt,BBLCT,16,5,64,26,1200.0,1,1.6,6,9.4,11,1197.64,7200.4,90808,true,completed
BF_BF8_h5s16n17.txt,BBLCT,16,5,64,26,1200.0,0,0.0,5,7.8,11,1198.70,1829.9,60190,true,completed
BF_BF8_h5s16n18.txt,BBLCT,16,5,64,26,1200.0,1,1.6,9,14.1,11,1195.98,364843.4,9981309,true,completed
BF_BF8_h5s16n19.txt,BBLCT,16,5,64,26,1200.0,1,1.6,5,7.8,10,1187.54,11843.5,167211,true,completed
BF_BF8_h5s16n2.txt,BBLCT,16,5,64,26,1200.0,0,0.0,6,9.4,8,811.28,151657.3,2772492,true,completed
BF_BF8_h5s16n20.txt,BBLCT,16,5,64,26,1200.0,1,1.6,7,10.9,11,1193.23,9317.4,203493,true,completed
BF_BF8_h5s16n3.txt,BBLCT,16,5,64,26,1200.0,1,1.6,7,10.9,11,1157.54,57232.6,1453278,true,completed
BF_BF8_h5s16n4.txt,BBLCT,16,5,64,26,1200.0,1,1.6,7,10.9,8,756.62,595049.9,10798080,false,cpu_limit
BF_BF8_h5s16n5.txt,BBLCT,16,5,64,26,1200.0,1,1.6,10,15.6,12,1198.17,28589.3,467941,true,completed
BF_BF8_h5s16n6.txt,BBLCT,16,5,64,26,1200.0,0,0.0,9,14.1,12,1199.83,24008.2,502519,true,completed
BF_BF8_h5s16n7.txt,BBLCT,16,5,64,26,1200.0,2,3.1,7,10.9,11,1194.27,303540.2,4624443,true,completed
BF_BF8_h5s16n8.txt,BBLCT,16,5,64,26,1200.0,1,1.6,10,15.6,10,1047.27,595114.3,5906432,false,cpu_limit
BF_BF8_h5s16n9.txt,BBLCT,16,5,64,26,1200.0,1,1.6,4,6.2,8,855.93,595062.8,7614464,false,cpu_limit
BF_BF9_h8s16n1.txt,BBLCT,16,8,77,16,1200.0,0,0.0,2,2.6,10,1176.45,18654.2,156886,true,completed
BF_BF9_h8s16n10.txt,BBLCT,16,8,77,16,1200.0,1,1.3,3,3.9,9,1193.48,595165.3,4417536,false,cpu_limit
BF_BF9_h8s16n11.txt,BBLCT,16,8,77,16,1200.0,2,2.6,7,9.1,8,991.23,595096.5,4082688,false,cpu_limit
BF_BF9_h8s16n12.txt,BBLCT,16,8,77,16,1200.0,1,1.3,3,3.9,8,1186.15,167135.5,1245171,true,completed
BF_BF9_h8s16n13.txt,BBLCT,16,8,77,16,1200.0,1,1.3,3,3.9,5,716.80,595060.1,4269056,false,cpu_limit
BF_BF9_h8s16n14.txt,BBLCT,16,8,77,16,1200.0,2,2.6,3,3.9,6,684.72,595102.5,5001216,false,cpu_limit
BF_BF9_h8s16n15.txt,BBLCT,16,8,77,16,1200.0,3,3.9,8,10.4,9,1193.75,291976.7,2973945,true,completed
BF_BF9_h8s16n16.txt,BBLCT,16,8,77,16,1200.0,1,1.3,8,10.4,8,1194.40,89738.2,644765,true,completed
BF_BF9_h8s16n17.txt,BBLCT,16,8,77,16,1200.0,2,2.6,4,5.2,9,1194.03,4918.2,42234,true,completed
BF_BF9_h8s16n18.txt,BBLCT,16,8,77,16,1200.0,3,3.9,5,6.5,10,1185.76,108.4,1407,true,completed
BF_BF9_h8s16n19.txt,BBLCT,16,8,77,16,1200.0,1,1.3,4,5.2,7,890.78,595158.5,4128768,false,cpu_limit
BF_BF9_h8s16n2.txt,BBLCT,16,8,77,16,1200.0,1,1.3,3,3.9,9,1191.01,17690.7,145205,true,completed
BF_BF9_h8s16n20.txt,BBLCT,16,8,77,16,1200.0,1,1.3,5,6.5,8,1199.17,595115.0,4274176,false,cpu_limit
BF_BF9_h8s16n3.txt,BBLCT,16,8,77,16,1200.0,1,1.3,3,3.9,8,956.55,595169.7,4114432,false,cpu_limit
BF_BF9_h8s16n4.txt,BBLCT,16,8,77,16,1200.0,1,1.3,3,3.9,10,1191.58,18296.5,141122,true,completed
BF_BF9_h8s16n5.txt,BBLCT,16,8,77,16,1200.0,3,3.9,4,5.2,9,1199.84,223720.5,1736892,true,completed
BF_BF9_h8s16n6.txt,BBLCT,16,8,77,16,1200.0,1,1.3,3,3.9,5,620.37,595118.9,4481024,false,cpu_limit
BF_BF9_h8s16n7.txt,BBLCT,16,8,77,16,1200.0,1,1.3,6,7.8,9,1083.03,595183.9,4219904,false,cpu_limit
BF_BF9_h8s16n8.txt,BBLCT,16,8,77,16,1200.0,4,5.2,7,9.1,10,1193.05,81088.7,592931,true,completed
BF_BF9_h8s16n9.txt,BBLCT,16,8,77,16,1200.0,1,1.3,8,10.4,9,1193.02,1435.1,11258,true,completed
CV_h12s10n1.txt,BBLCT,10,12,100,100,600.0,0,0.0,0,0.0,0,0.00,0.2,1,true,completed
CV_h12s10n10.txt,BBLCT,10,12,100,100,600.0,1,1.0,1,1.0,0,0.00,0.2,1,true,completed
CV_h12s10n11.txt,BBLCT,10,12,100,100,600.0,0,0.0,0,0.0,0,0.00,0.2,1,true,completed
CV_h12s10n12.txt,BBLCT,10,12,100,100,600.0,0,0.0,0,0.0,0,0.00,0.2,1,true,completed
CV_h12s10n13.txt,BBLCT,10,12,100,100,600.0,0,0.0,2,2.0,1,110.43,11.3,307,true,completed
CV_h12s10n14.txt,BBLCT,10,12,100,100,600.0,0,0.0,3,3.0,5,593.20,12.3,298,true,completed
CV_h12s10n15.txt,BBLCT,10,12,100,100,600.0,0,0.0,0,0.0,0,0.00,0.2,1,true,completed
CV_h12s10n16.txt,BBLCT,10,12,100,100,600.0,0,0.0,2,2.0,5,593.82,7.8,215,true,completed
CV_h12s10n17.txt,BBLCT,10,12,100,100,600.0,0,0.0,1,1.0,4,570.52,8.7,228,true,completed
CV_h12s10n18.txt,BBLCT,10,12,100,100,600.0,0,0.0,0,0.0,0,0.00,0.2,1,true,completed
CV_h12s10n19.txt,BBLCT,10,12,100,100,600.0,0,0.0,0,0.0,0,0.00,0.2,1,true,completed
CV_h12s10n2.txt,BBLCT,10,12,100,100,600.0,0,0.0,3,3.0,1,116.75,13.5,308,true,completed
CV_h12s10n20.txt,BBLCT,10,12,100,100,600.0,0,0.0,1,1.0,1,118.01,12.7,308,true,completed
CV_h12s10n21.txt,BBLCT,10,12,100,100,600.0,0,0.0,0,0.0,0,0.00,0.2,1,true,completed
CV_h12s10n22.txt,BBLCT,10,12,100,100,600.0,0,0.0,0,0.0,0,0.00,0.2,1,true,completed
CV_h12s10n23.txt,BBLCT,10,12,100,100,600.0,0,0.0,0,0.0,0,0.00,0.2,1,true,completed
CV_h12s10n24.txt,BBLCT,10,12,100,100,600.0,0,0.0,0,0.0,0,0.00,0.2,1,true,completed
CV_h12s10n25.txt,BBLCT,10,12,100,100,600.0,0,0.0,0,0.0,0,0.00,0.2,1,true,completed
CV_h12s10n26.txt,BBLCT,10,12,100,100,600.0,1,1.0,2,2.0,4,566.91,9.3,180,true,completed
CV_h12s10n27.txt,BBLCT,10,12,100,100,600.0,0,0.0,0,0.0,0,0.00,0.2,1,true,completed
CV_h12s10n28.txt,BBLCT,10,12,100,100,600.0,0,0.0,0,0.0,0,0.00,0.2,1,true,completed
CV_h12s10n29.txt,BBLCT,10,12,100,100,600.0,0,0.0,2,2.0,5,596.81,7.8,175,true,completed
CV_h12s10n3.txt,BBLCT,10,12,100,100,600.0,0,0.0,1,1.0,4,497.74,6.0,189,true,completed
CV_h12s10n30.txt,BBLCT,10,12,100,100,600.0,0,0.0,1,1.0,4,570.52,8.7,228,true,completed
CV_h12s10n31.txt,BBLCT,10,12,100,100,600.0,1,1.0,1,1.0,0,0.00,0.2,1,true,completed
CV_h12s10n32.txt,BBLCT,10,12,100,100,600.0,1,1.0,1,1.0,0,0.00,0.2,1,true,completed
CV_h12s10n33.txt,BBLCT,10,12,100,100,600.0,0,0.0,0,0.0,0,0.00,0.1,1,true,completed
CV_h12s10n34.txt,BBLCT,10,12,100,100,600.0,0,0.0,0,0.0,0,0.00,0.2,1,true,completed
CV_h12s10n35.txt,BBLCT,10,12,100,100,600.0,1,1.0,2,2.0,4,492.38,6.6,158,true,completed
CV_h12s10n36.txt,BBLCT,10,12,100,100,600.0,0,0.0,3,3.0,5,599.54,9.7,275,true,completed
CV_h12s10n37.txt,BBLCT,10,12,100,100,600.0,4,4.0,4,4.0,0,0.00,0.2,1,true,completed
CV_h12s10n38.txt,BBLCT,10,12,100,100,600.0,0,0.0,0,0.0,0,0.00,0.2,1,true,completed
CV_h12s10n39.txt,BBLCT,10,12,100,100,600.0,0,0.0,0,0.0,0,0.00,0.2,1,true,completed
CV_h12s10n4.txt,BBLCT,10,12,100,100,600.0,0,0.0,0,0.0,0,0.00,0.2,1,true,completed
CV_h12s10n40.txt,BBLCT,10,12,100,100,600.0,1,1.0,2,2.0,4,531.37,11.0,238,true,completed
CV_h12s10n5.txt,BBLCT,10,12,100,100,600.0,0,0.0,0,0.0,0,0.00,0.2,1,true,completed
CV_h12s10n6.txt,BBLCT,10,12,100,100,600.0,0,0.0,1,1.0,1,111.69,11.0,308,true,completed
CV_h12s10n7.txt,BBLCT,10,12,100,100,600.0,0,0.0,0,0.0,0,0.00,0.2,1,true,completed
CV_h12s10n8.txt,BBLCT,10,12,100,100,600.0,0,0.0,1,1.0,5,599.89,3.1,84,true,completed
CV_h12s10n9.txt,BBLCT,10,12,100,100,600.0,0,0.0,0,0.0,0,0.00,0.2,1,true,completed
CV_h12s6n1.txt,BBLCT,6,12,60,60,600.0,0,0.0,0,0.0,0,0.00,0.2,1,true,completed
CV_h12s6n10.txt,BBLCT,6,12,60,60,600.0,0,0.0,0,0.0,0,0.00,0.1,1,true,completed
CV_h12s6n11.txt,BBLCT,6,12,60,60,600.0,0,0.0,1,1.7,4,531.37,1.4,163,true,completed
CV_h12s6n12.txt,BBLCT,6,12,60,60,600.0,0,0.0,0,0.0,0,0.00,0.2,1,true,completed
CV_h12s6n13.txt,BBLCT,6,12,60,60,600.0,0,0.0,0,0.0,0,0.00,0.1,1,true,completed
CV_h12s6n14.txt,BBLCT,6,12,60,60,600.0,0,0.0,1,1.7,1,112.96,1.0,96,true,completed
CV_h12s6n15.txt,BBLCT,6,12,60,60,600.0,0,0.0,0,0.0,0,0.00,0.1,1,true,completed
CV_h12s6n16.txt,BBLCT,6,12,60,60,600.0,0,0.0,0,0.0,0,0.00,0.2,1,true,completed
CV_h12s6n17.txt,BBLCT,6,12,60,60,600.0,1,1.7,1,1.7,0,0.00,0.2,1,true,completed
CV_h12s6n18.txt,BBLCT,6,12,60,60,600.0,1,1.7,1,1.7,0,0.00,0.1,1,true,completed
CV_h12s6n19.txt,BBLCT,6,12,60,60,600.0,0,0.0,0,0.0,0,0.00,0.1,1,true,completed
CV_h12s6n2.txt,BBLCT,6,12,60,60,600.0,0,0.0,0,0.0,0,0.00,0.1,1,true,completed
CV_h12s6n20.txt,BBLCT,6,12,60,60,600.0,0,0.0,0,0.0,0,0.00,0.1,1,true,completed
CV_h12s6n21.txt,BBLCT,6,12,60,60,600.0,0,0.0,4,6.7,5,568.14,0.9,94,true,completed
CV_h12s6n22.txt,BBLCT,6,12,60,60,600.0,0,0.0,2,3.3,5,598.70,0.9,91,true,completed
CV_h12s6n23.txt,BBLCT,6,12,60,60,600.0,0,0.0,1,1.7,2,220.18,0.6,56,true,completed
CV_h12s6n24.txt,BBLCT,6,12,60,60,600.0,0,0.0,1,1.7,4,545.81,1.0,97,true,completed
CV_h12s6n25.txt,BBLCT,6,12,60,60,600.0,0,0.0,1,1.7,4,497.74,0.7,73,true,completed
CV_h12s6n26.txt,BBLCT,6,12,60,60,600.0,0,0.0,2,3.3,4,545.81,1.0,97,true,completed
CV_h12s6n27.txt,BBLCT,6,12,60,60,600.0,0,0.0,2,3.3,4,455.36,0.8,90,true,completed
CV_h12s6n28.txt,BBLCT,6,12,60,60,600.0,0,0.0,0,0.0,0,0.00,0.1,1,true,completed
CV_h12s6n29.txt,BBLCT,6,12,60,60,600.0,0,0.0,0,0.0,0,0.00,0.1,1,true,completed
CV_h12s6n3.txt,BBLCT,6,12,60,60,600.0,0,0.0,0,0.0,0,0.00,0.1,1,true,completed
CV_h12s6n30.txt,BBLCT,6,12,60,60,600.0,0,0.0,1,1.7,4,497.74,0.7,73,true,completed
CV_h12s6n31.txt,BBLCT,6,12,60,60,600.0,0,0.0,0,0.0,0,0.00,0.1,1,true,completed
CV_h12s6n32.txt,BBLCT,6,12,60,60,600.0,0,0.0,1,1.7,4,501.75,0.9,115,true,completed
CV_h12s6n33.txt,BBLCT,6,12,60,60,600.0,0,0.0,1,1.7,5,592.20,0.7,61,true,completed
CV_h12s6n34.txt,BBLCT,6,12,60,60,600.0,0,0.0,0,0.0,0,0.00,0.1,1,true,completed
CV_h12s6n35.txt,BBLCT,6,12,60,60,600.0,0,0.0,0,0.0,0,0.00,0.1,1,true,completed
CV_h12s6n36.txt,BBLCT,6,12,60,60,600.0,0,0.0,0,0.0,0,0.00,0.2,1,true,completed
CV_h12s6n37.txt,BBLCT,6,12,60,60,600.0,0,0.0,1,1.7,4,497.74,0.6,73,true,completed
CV_h12s6n38.txt,BBLCT,6,12,60,60,600.0,1,1.7,1,1.7,0,0.00,0.1,1,true,completed
CV_h12s6n39.txt,BBLCT,6,12,60,60,600.0,0,0.0,3,5.0,5,553.71,1.2,106,true,completed
CV_h12s6n4.txt,BBLCT,6,12,60,60,600.0,0,0.0,0,0.0,0,0.00,0.1,1,true,completed
CV_h12s6n40.txt,BBLCT,6,12,60,60,600.0,0,0.0,0,0.0,0,0.00,0.1,1,true,completed
CV_h12s6n5.txt,BBLCT,6,12,60,60,600.0,0,0.0,2,3.3,5,599.89,0.5,42,true,completed
CV_h12s6n6.txt,BBLCT,6,12,60,60,600.0,0,0.0,2,3.3,5,599.89,0.9,91,true,completed
CV_h12s6n7.txt,BBLCT,6,12,60,60,600.0,0,0.0,0,0.0,0,0.00,0.1,1,true,completed
CV_h12s6n8.txt,BBLCT,6,12,60,60,600.0,0,0.0,0,0.0,0,0.00,0.1,1,true,completed
CV_h12s6n9.txt,BBLCT,6,12,60,60,600.0,0,0.0,1,1.7,5,568.41,0.6,71,true,completed
CV_h5s3n1.txt,BBLCT,3,5,9,9,600.0,1,11.1,2,22.2,2,221.51,0.2,34,true,completed
CV_h5s3n10.txt,BBLCT,3,5,9,9,600.0,0,0.0,4,44.4,4,461.02,0.2,45,true,completed
CV_h5s3n11.txt,BBLCT,3,5,9,9,600.0,2,22.2,7,77.8,5,557.36,0.2,83,true,completed
CV_h5s3n12.txt,BBLCT,3,5,9,9,600.0,0,0.0,5,55.6,5,599.66,0.2,44,true,completed
CV_h5s3n13.txt,BBLCT,3,5,9,9,600.0,0,0.0,3,33.3,4,473.87,0.2,46,true,completed
CV_h5s3n14.txt,BBLCT,3,5,9,9,600.0,0,0.0,1,11.1,2,221.51,0.2,39,true,completed
CV_h5s3n15.txt,BBLCT,3,5,9,9,600.0,0,0.0,2,22.2,5,597.07,0.1,25,true,completed
CV_h5s3n16.txt,BBLCT,3,5,9,9,600.0,0,0.0,2,22.2,4,477.81,0.1,23,true,completed
CV_h5s3n17.txt,BBLCT,3,5,9,9,600.0,2,22.2,3,33.3,4,436.72,0.1,20,true,completed
CV_h5s3n18.txt,BBLCT,3,5,9,9,600.0,0,0.0,7,77.8,1,107.84,0.2,37,true,completed
CV_h5s3n19.txt,BBLCT,3,5,9,9,600.0,0,0.0,1,11.1,2,222.78,0.2,38,true,completed
CV_h5s3n2.txt,BBLCT,3,5,9,9,600.0,0,0.0,4,44.4,2,222.78,0.1,22,true,completed
CV_h5s3n20.txt,BBLCT,3,5,9,9,600.0,0,0.0,3,33.3,5,590.37,0.2,40,true,completed
CV_h5s3n21.txt,BBLCT,3,5,9,9,600.0,1,11.1,2,22.2,2,226.87,0.2,36,true,completed
CV_h5s3n22.txt,BBLCT,3,5,9,9,600.0,2,22.2,4,44.4,5,571.16,0.2,41,true,completed
CV_h5s3n23.txt,BBLCT,3,5,9,9,600.0,0,0.0,1,11.1,2,222.78,0.2,38,true,completed
CV_h5s3n24.txt,BBLCT,3,5,9,9,600.0,1,11.1,3,33.3,5,530.01,0.2,19,true,completed
CV_h5s3n25.txt,BBLCT,3,5,9,9,600.0,0,0.0,2,22.2,2,221.51,0.2,35,true,completed
CV_h5s3n26.txt,BBLCT,3,5,9,9,600.0,0,0.0,9,100.0,5,596.84,0.2,44,true,completed
CV_h5s3n27.txt,BBLCT,3,5,9,9,600.0,0,0.0,2,22.2,5,597.07,0.1,25,true,completed
CV_h5s3n28.txt,BBLCT,3,5,9,9,600.0,0,0.0,4,44.4,5,599.66,0.2,41,true,completed
CV_h5s3n29.txt,BBLCT,3,5,9,9,600.0,0,0.0,1,11.1,2,221.51,0.2,39,true,completed
CV_h5s3n3.txt,BBLCT,3,5,9,9,600.0,0,0.0,9,100.0,5,537.78,0.1,19,true,completed
CV_h5s3n30.txt,BBLCT,3,5,9,9,600.0,0,0.0,5,55.6,4,440.44,0.2,19,true,completed
CV_h5s3n31.txt,BBLCT,3,5,9,9,600.0,0,0.0,2,22.2,2,230.67,0.2,33,true,completed
CV_h5s3n32.txt,BBLCT,3,5,9,9,600.0,1,11.1,9,100.0,5,558.38,0.2,56,true,completed
CV_h5s3n33.txt,BBLCT,3,5,9,9,600.0,1,11.1,6,66.7,5,535.64,0.2,77,true,completed
CV_h5s3n34.txt,BBLCT,3,5,9,9,600.0,0,0.0,2,22.2,2,221.51,0.1,35,true,completed
CV_h5s3n35.txt,BBLCT,3,5,9,9,600.0,0,0.0,5,55.6,5,582.91,0.2,45,true,completed
CV_h5s3n36.txt,BBLCT,3,5,9,9,600.0,0,0.0,1,11.1,2,221.51,0.2,36,true,completed
CV_h5s3n37.txt,BBLCT,3,5,9,9,600.0,0,0.0,2,22.2,2,233.26,0.2,43,true,completed
CV_h5s3n38.txt,BBLCT,3,5,9,9,600.0,0,0.0,2,22.2,1,110.43,0.2,52,true,completed
CV_h5s3n39.txt,BBLCT,3,5,9,9,600.0,9,100.0,9,100.0,0,0.00,0.1,1,true,completed
CV_h5s3n4.txt,BBLCT,3,5,9,9,600.0,1,11.1,4,44.4,3,320.06,0.2,64,true,completed
CV_h5s3n40.txt,BBLCT,3,5,9,9,600.0,1,11.1,4,44.4,2,221.51,0.2,27,true,completed
CV_h5s3n5.txt,BBLCT,3,5,9,9,600.0,4,44.4,9,100.0,5,571.22,0.2,40,true,completed
CV_h5s3n6.txt,BBLCT,3,5,9,9,600.0,0,0.0,1,11.1,2,222.78,0.2,38,true,completed
CV_h5s3n7.txt,BBLCT,3,5,9,9,600.0,0,0.0,3,33.3,5,549.28,0.2,29,true,completed
CV_h5s3n8.txt,BBLCT,3,5,9,9,600.0,1,11.1,4,44.4,2,225.78,0.2,46,true,completed
CV_h5s3n9.txt,BBLCT,3,5,9,9,600.0,0,0.0,1,11.1,2,220.18,0.2,28,true,completed
CV_h5s4n1.txt,BBLCT,4,5,12,12,600.0,2,16.7,6,50.0,5,568.41,0.2,37,true,completed
CV_h5s4n10.txt,BBLCT,4,5,12,12,600.0,0,0.0,3,25.0,4,439.95,0.2,41,true,completed
CV_h5s4n11.txt,BBLCT,4,5,12,12,600.0,1,8.3,4,33.3,5,563.27,0.3,55,true,completed
CV_h5s4n12.txt,BBLCT,4,5,12,12,600.0,1,8.3,3,25.0,3,348.46,0.2,45,true,completed
CV_h5s4n13.txt,BBLCT,4,5,12,12,600.0,1,8.3,12,100.0,5,572.19,0.3,87,true,completed
CV_h5s4n14.txt,BBLCT,4,5,12,12,600.0,0,0.0,2,16.7,4,467.40,0.2,43,true,completed
CV_h5s4n15.txt,BBLCT,4,5,12,12,600.0,0,0.0,8,66.7,5,565.95,0.2,42,true,completed
CV_h5s4n16.txt,BBLCT,4,5,12,12,600.0,0,0.0,3,25.0,5,573.72,0.2,41,true,completed
CV_h5s4n17.txt,BBLCT,4,5,12,12,600.0,0,0.0,7,58.3,5,542.76,0.6,223,true,completed
CV_h5s4n18.txt,BBLCT,4,5,12,12,600.0,0,0.0,3,25.0,5,592.90,0.4,143,true,completed
CV_h5s4n19.txt,BBLCT,4,5,12,12,600.0,0,0.0,5,41.7,5,592.69,0.3,57,true,completed
CV_h5s4n2.txt,BBLCT,4,5,12,12,600.0,0,0.0,9,75.0,2,234.53,0.3,55,true,completed
CV_h5s4n20.txt,BBLCT,4,5,12,12,600.0,0,0.0,5,41.7,5,558.19,0.2,35,true,completed
CV_h5s4n21.txt,BBLCT,4,5,12,12,600.0,1,8.3,4,33.3,3,340.61,0.2,45,true,completed
CV_h5s4n22.txt,BBLCT,4,5,12,12,600.0,0,0.0,6,50.0,5,591.55,0.3,83,true,completed
CV_h5s4n23.txt,BBLCT,4,5,12,12,600.0,3,25.0,5,41.7,2,221.51,0.2,32,true,completed
CV_h5s4n24.txt,BBLCT,4,5,12,12,600.0,0,0.0,4,33.3,5,542.78,0.2,41,true,completed
CV_h5s4n25.txt,BBLCT,4,5,12,12,600.0,0,0.0,2,16.7,4,467.40,0.2,41,true,completed
CV_h5s4n26.txt,BBLCT,4,5,12,12,600.0,1,8.3,9,75.0,5,540.56,0.7,208,true,completed
CV_h5s4n27.txt,BBLCT,4,5,12,12,600.0,4,33.3,12,100.0,5,547.71,0.1,30,true,completed
CV_h5s4n28.txt,BBLCT,4,5,12,12,600.0,0,0.0,3,25.0,5,573.12,0.2,56,true,completed
CV_h5s4n29.txt,BBLCT,4,5,12,12,600.0,0,0.0,4,33.3,5,589.00,0.2,50,true,completed
CV_h5s4n3.txt,BBLCT,4,5,12,12,600.0,1,8.3,6,50.0,5,560.62,0.2,37,true,completed
CV_h5s4n30.txt,BBLCT,4,5,12,12,600.0,0,0.0,5,41.7,5,584.08,0.3,40,true,completed
CV_h5s4n31.txt,BBLCT,4,5,12,12,600.0,0,0.0,3,25.0,2,211.47,0.3,55,true,completed
CV_h5s4n32.txt,BBLCT,4,5,12,12,600.0,0,0.0,2,16.7,5,574.83,0.2,38,true,completed
CV_h5s4n33.txt,BBLCT,4,5,12,12,600.0,0,0.0,3,25.0,5,583.86,0.3,79,true,completed
CV_h5s4n34.txt,BBLCT,4,5,12,12,600.0,0,0.0,4,33.3,3,339.13,0.3,67,true,completed
CV_h5s4n35.txt,BBLCT,4,5,12,12,600.0,1,8.3,8,66.7,5,575.10,0.3,95,true,completed
CV_h5s4n36.txt,BBLCT,4,5,12,12,600.0,0,0.0,3,25.0,5,545.56,0.3,61,true,completed
CV_h5s4n37.txt,BBLCT,4,5,12,12,600.0,3,25.0,7,58.3,5,590.02,0.3,67,true,completed
CV_h5s4n38.txt,BBLCT,4,5,12,12,600.0,2,16.7,6,50.0,5,555.68,0.4,113,true,completed
CV_h5s4n39.txt,BBLCT,4,5,12,12,600.0,0,0.0,4,33.3,5,546.78,0.2,53,true,completed
CV_h5s4n4.txt,BBLCT,4,5,12,12,600.0,0,0.0,9,75.0,5,596.76,0.3,80,true,completed
CV_h5s4n40.txt,BBLCT,4,5,12,12,600.0,0,0.0,4,33.3,2,212.64,0.3,62,true,completed
CV_h5s4n5.txt,BBLCT,4,5,12,12,600.0,1,8.3,4,33.3,2,233.26,0.3,95,true,completed
CV_h5s4n6.txt,BBLCT,4,5,12,12,600.0,0,0.0,4,33.3,5,543.85,0.2,47,true,completed
CV_h5s4n7.txt,BBLCT,4,5,12,12,600.0,0,0.0,3,25.0,5,575.71,0.3,65,true,completed
CV_h5s4n8.txt,BBLCT,4,5,12,12,600.0,2,16.7,4,33.3,5,562.43,0.3,80,true,completed
CV_h5s4n9.txt,BBLCT,4,5,12,12,600.0,0,0.0,7,58.3,5,595.36,0.3,75,true,completed
CV_h5s5n1.txt,BBLCT,5,5,15,15,600.0,1,6.7,7,46.7,5,562.24,0.6,97,true,completed
CV_h5s5n10.txt,BBLCT,5,5,15,15,600.0,3,20.0,13,86.7,5,594.23,1.4,219,true,completed
CV_h5s5n11.txt,BBLCT,5,5,15,15,600.0,0,0.0,2,13.3,5,575.65,0.4,66,true,completed
CV_h5s5n12.txt,BBLCT,5,5,15,15,600.0,0,0.0,4,26.7,5,592.79,0.5,113,true,completed
CV_h5s5n13.txt,BBLCT,5,5,15,15,600.0,0,0.0,2,13.3,3,331.62,1.1,377,true,completed
CV_h5s5n14.txt,BBLCT,5,5,15,15,600.0,0,0.0,10,66.7,5,572.64,1.6,342,true,completed
CV_h5s5n15.txt,BBLCT,5,5,15,15,600.0,0,0.0,7,46.7,5,539.81,0.4,72,true,completed
CV_h5s5n16.txt,BBLCT,5,5,15,15,600.0,0,0.0,5,33.3,5,544.19,0.5,77,true,completed
CV_h5s5n17.txt,BBLCT,5,5,15,15,600.0,0,0.0,11,73.3,5,573.29,2.4,589,true,completed
CV_h5s5n18.txt,BBLCT,5,5,15,15,600.0,1,6.7,10,66.7,5,590.42,0.8,129,true,completed
CV_h5s5n19.txt,BBLCT,5,5,15,15,600.0,1,6.7,6,40.0,5,523.17,0.6,105,true,completed
CV_h5s5n2.txt,BBLCT,5,5,15,15,600.0,0,0.0,3,20.0,3,339.42,0.9,243,true,completed
CV_h5s5n20.txt,BBLCT,5,5,15,15,600.0,0,0.0,8,53.3,5,573.78,0.5,86,true,completed
CV_h5s5n21.txt,BBLCT,5,5,15,15,600.0,0,0.0,5,33.3,5,574.59,0.6,138,true,completed
CV_h5s5n22.txt,BBLCT,5,5,15,15,600.0,1,6.7,4,26.7,4,451.75,0.8,156,true,completed
CV_h5s5n23.txt,BBLCT,5,5,15,15,600.0,1,6.7,5,33.3,5,535.32,0.6,119,true,completed
CV_h5s5n24.txt,BBLCT,5,5,15,15,600.0,0,0.0,3,20.0,4,470.04,0.4,67,true,completed
CV_h5s5n25.txt,BBLCT,5,5,15,15,600.0,2,13.3,11,73.3,5,556.86,0.9,156,true,completed
CV_h5s5n26.txt,BBLCT,5,5,15,15,600.0,0,0.0,5,33.3,5,566.55,0.7,121,true,completed
CV_h5s5n27.txt,BBLCT,5,5,15,15,600.0,0,0.0,6,40.0,5,555.47,0.5,91,true,completed
CV_h5s5n28.txt,BBLCT,5,5,15,15,600.0,0,0.0,8,53.3,5,556.99,0.6,108,true,completed
CV_h5s5n29.txt,BBLCT,5,5,15,15,600.0,0,0.0,2,13.3,3,332.73,1.1,376,true,completed
CV_h5s5n3.txt,BBLCT,5,5,15,15,600.0,0,0.0,4,26.7,5,583.86,0.4,57,true,completed
CV_h5s5n30.txt,BBLCT,5,5,15,15,600.0,0,0.0,8,53.3,5,560.88,1.2,267,true,completed
CV_h5s5n31.txt,BBLCT,5,5,15,15,600.0,1,6.7,3,20.0,5,543.85,0.4,56,true,completed
CV_h5s5n32.txt,BBLCT,5,5,15,15,600.0,0,0.0,5,33.3,5,597.89,0.5,88,true,completed
CV_h5s5n33.txt,BBLCT,5,5,15,15,600.0,1,6.7,10,66.7,5,554.41,0.6,109,true,completed
CV_h5s5n34.txt,BBLCT,5,5,15,15,600.0,0,0.0,2,13.3,3,330.36,1.1,383,true,completed
CV_h5s5n35.txt,BBLCT,5,5,15,15,600.0,1,6.7,8,53.3,5,573.62,0.6,86,true,completed
CV_h5s5n36.txt,BBLCT,5,5,15,15,600.0,1,6.7,4,26.7,5,589.41,0.7,128,true,completed
CV_h5s5n37.txt,BBLCT,5,5,15,15,600.0,0,0.0,2,13.3,5,584.60,0.3,50,true,completed
CV_h5s5n38.txt,BBLCT,5,5,15,15,600.0,0,0.0,15,100.0,5,572.48,1.7,327,true,completed
CV_h5s5n39.txt,BBLCT,5,5,15,15,600.0,0,0.0,8,53.3,5,559.48,0.5,91,true,completed
CV_h5s5n4.txt,BBLCT,5,5,15,15,600.0,0,0.0,7,46.7,5,574.95,0.8,161,true,completed
CV_h5s5n40.txt,BBLCT,5,5,15,15,600.0,2,13.3,7,46.7,5,582.59,0.9,134,true,completed
CV_h5s5n5.txt,BBLCT,5,5,15,15,600.0,0,0.0,3,20.0,5,528.49,0.4,64,true,completed
CV_h5s5n6.txt,BBLCT,5,5,15,15,600.0,0,0.0,5,33.3,5,548.98,0.4,61,true,completed
CV_h5s5n7.txt,BBLCT,5,5,15,15,600.0,0,0.0,5,33.3,5,559.37,0.8,162,true,completed
CV_h5s5n8.txt,BBLCT,5,5,15,15,600.0,0,0.0,2,13.3,5,574.83,0.3,60,true,completed
CV_h5s5n9.txt,BBLCT,5,5,15,15,600.0,0,0.0,5,33.3,5,554.16,0.3,58,true,completed
CV_h5s6n1.txt,BBLCT,6,5,18,18,600.0,0,0.0,3,16.7,3,336.64,2.1,414,true,completed
CV_h5s6n10.txt,BBLCT,6,5,18,18,600.0,1,5.6,7,38.9,5,551.81,1.3,145,true,completed
CV_h5s6n11.txt,BBLCT,6,5,18,18,600.0,3,16.7,18,100.0,5,567.07,0.7,124,true,completed
CV_h5s6n12.txt,BBLCT,6,5,18,18,600.0,0,0.0,5,27.8,5,563.31,0.7,98,true,completed
CV_h5s6n13.txt,BBLCT,6,5,18,18,600.0,0,0.0,7,38.9,5,552.65,0.8,109,true,completed
CV_h5s6n14.txt,BBLCT,6,5,18,18,600.0,0,0.0,5,27.8,5,541.33,0.9,110,true,completed
CV_h5s6n15.txt,BBLCT,6,5,18,18,600.0,0,0.0,4,22.2,5,580.02,0.8,108,true,completed
CV_h5s6n16.txt,BBLCT,6,5,18,18,600.0,0,0.0,4,22.2,5,560.77,0.7,95,true,completed
CV_h5s6n17.txt,BBLCT,6,5,18,18,600.0,0,0.0,3,16.7,5,576.78,0.8,117,true,completed
CV_h5s6n18.txt,BBLCT,6,5,18,18,600.0,2,11.1,8,44.4,5,597.03,1.1,105,true,completed
CV_h5s6n19.txt,BBLCT,6,5,18,18,600.0,0,0.0,3,16.7,5,589.27,0.7,92,true,completed
CV_h5s6n2.txt,BBLCT,6,5,18,18,600.0,0,0.0,5,27.8,5,593.57,0.7,95,true,completed
CV_h5s6n20.txt,BBLCT,6,5,18,18,600.0,0,0.0,10,55.6,5,575.74,0.9,118,true,completed
CV_h5s6n21.txt,BBLCT,6,5,18,18,600.0,1,5.6,6,33.3,5,582.49,0.7,80,true,completed
CV_h5s6n22.txt,BBLCT,6,5,18,18,600.0,0,0.0,3,16.7,5,559.15,0.7,94,true,completed
CV_h5s6n23.txt,BBLCT,6,5,18,18,600.0,0,0.0,4,22.2,5,584.60,0.6,75,true,completed
CV_h5s6n24.txt,BBLCT,6,5,18,18,600.0,0,0.0,3,16.7,5,556.70,0.7,100,true,completed
CV_h5s6n25.txt,BBLCT,6,5,18,18,600.0,1,5.6,4,22.2,5,588.82,0.8,81,true,completed
CV_h5s6n26.txt,BBLCT,6,5,18,18,600.0,0,0.0,3,16.7,5,550.13,0.7,98,true,completed
CV_h5s6n27.txt,BBLCT,6,5,18,18,600.0,1,5.6,3,16.7,5,597.57,0.7,85,true,completed
CV_h5s6n28.txt,BBLCT,6,5,18,18,600.0,2,11.1,10,55.6,5,519.59,5.6,569,true,completed
CV_h5s6n29.txt,BBLCT,6,5,18,18,600.0,0,0.0,4,22.2,5,565.71,1.0,127,true,completed
CV_h5s6n3.txt,BBLCT,6,5,18,18,600.0,0,0.0,3,16.7,3,318.89,3.9,725,true,completed
CV_h5s6n30.txt,BBLCT,6,5,18,18,600.0,4,22.2,8,44.4,5,582.05,1.3,119,true,completed
CV_h5s6n31.txt,BBLCT,6,5,18,18,600.0,0,0.0,5,27.8,5,558.05,0.8,113,true,completed
CV_h5s6n32.txt,BBLCT,6,5,18,18,600.0,0,0.0,7,38.9,5,594.28,0.8,97,true,completed
CV_h5s6n33.txt,BBLCT,6,5,18,18,600.0,1,5.6,4,22.2,5,533.37,0.7,80,true,completed
CV_h5s6n34.txt,BBLCT,6,5,18,18,600.0,0,0.0,9,50.0,5,584.15,0.8,108,true,completed
CV_h5s6n35.txt,BBLCT,6,5,18,18,600.0,1,5.6,11,61.1,5,597.50,0.9,97,true,completed
CV_h5s6n36.txt,BBLCT,6,5,18,18,600.0,2,11.1,5,27.8,5,599.71,1.6,173,true,completed
CV_h5s6n37.txt,BBLCT,6,5,18,18,600.0,0,0.0,3,16.7,5,569.41,0.7,104,true,completed
CV_h5s6n38.txt,BBLCT,6,5,18,18,600.0,0,0.0,8,44.4,5,581.73,1.7,249,true,completed
CV_h5s6n39.txt,BBLCT,6,5,18,18,600.0,0,0.0,5,27.8,5,565.89,1.0,143,true,completed
CV_h5s6n4.txt,BBLCT,6,5,18,18,600.0,0,0.0,7,38.9,5,579.20,1.6,224,true,completed
CV_h5s6n40.txt,BBLCT,6,5,18,18,600.0,1,5.6,7,38.9,5,583.24,1.0,120,true,completed
CV_h5s6n5.txt,BBLCT,6,5,18,18,600.0,0,0.0,11,61.1,5,560.45,1.1,86,true,completed
CV_h5s6n6.txt,BBLCT,6,5,18,18,600.0,0,0.0,3,16.7,5,556.87,0.9,122,true,completed
CV_h5s6n7.txt,BBLCT,6,5,18,18,600.0,0,0.0,2,11.1,5,589.43,0.7,92,true,completed
CV_h5s6n8.txt,BBLCT,6,5,18,18,600.0,1,5.6,5,27.8,5,568.36,1.0,107,true,completed
CV_h5s6n9.txt,BBLCT,6,5,18,18,600.0,0,0.0,3,16.7,3,332.88,2.1,378,true,completed
CV_h5s7n1.txt,BBLCT,7,5,21,21,600.0,0,0.0,12,57.1,5,566.89,2.3,194,true,completed
CV_h5s7n10.txt,BBLCT,7,5,21,21,600.0,0,0.0,12,57.1,5,599.71,2.6,214,true,completed
CV_h5s7n11.txt,BBLCT,7,5,21,21,600.0,0,0.0,7,33.3,5,559.50,1.5,157,true,completed
CV_h5s7n12.txt,BBLCT,7,5,21,21,600.0,1,4.8,11,52.4,5,580.48,2.3,167,true,completed
CV_h5s7n13.txt,BBLCT,7,5,21,21,600.0,0,0.0,3,14.3,5,541.06,1.0,121,true,completed
CV_h5s7n14.txt,BBLCT,7,5,21,21,600.0,0,0.0,7,33.3,5,567.12,1.5,171,true,completed
CV_h5s7n15.txt,BBLCT,7,5,21,21,600.0,0,0.0,12,57.1,5,596.24,1.9,169,true,completed
CV_h5s7n16.txt,BBLCT,7,5,21,21,600.0,3,14.3,5,23.8,5,591.32,1.9,117,true,completed
CV_h5s7n17.txt,BBLCT,7,5,21,21,600.0,1,4.8,9,42.9,5,581.15,1.7,135,true,completed
CV_h5s7n18.txt,BBLCT,7,5,21,21,600.0,5,23.8,9,42.9,5,587.33,3.0,162,true,completed
CV_h5s7n19.txt,BBLCT,7,5,21,21,600.0,0,0.0,3,14.3,5,591.71,1.2,122,true,completed
CV_h5s7n2.txt,BBLCT,7,5,21,21,600.0,0,0.0,8,38.1,5,576.42,1.8,200,true,completed
CV_h5s7n20.txt,BBLCT,7,5,21,21,600.0,0,0.0,10,47.6,5,552.34,2.1,191,true,completed
CV_h5s7n21.txt,BBLCT,7,5,21,21,600.0,0,0.0,5,23.8,5,584.24,2.1,184,true,completed
CV_h5s7n22.txt,BBLCT,7,5,21,21,600.0,0,0.0,6,28.6,5,593.02,1.4,129,true,completed
CV_h5s7n23.txt,BBLCT,7,5,21,21,600.0,0,0.0,5,23.8,5,590.05,1.2,121,true,completed
CV_h5s7n24.txt,BBLCT,7,5,21,21,600.0,1,4.8,8,38.1,5,598.02,1.5,114,true,completed
CV_h5s7n25.txt,BBLCT,7,5,21,21,600.0,1,4.8,6,28.6,5,566.43,1.7,136,true,completed
CV_h5s7n26.txt,BBLCT,7,5,21,21,600.0,0,0.0,6,28.6,5,572.10,2.5,236,true,completed
CV_h5s7n27.txt,BBLCT,7,5,21,21,600.0,0,0.0,5,23.8,5,569.25,1.3,134,true,completed
CV_h5s7n28.txt,BBLCT,7,5,21,21,600.0,2,9.5,10,47.6,5,590.63,3.2,212,true,completed
CV_h5s7n29.txt,BBLCT,7,5,21,21,600.0,1,4.8,4,19.0,5,573.27,1.5,128,true,completed
CV_h5s7n3.txt,BBLCT,7,5,21,21,600.0,3,14.3,8,38.1,5,576.25,1.8,109,true,completed
CV_h5s7n30.txt,BBLCT,7,5,21,21,600.0,2,9.5,6,28.6,5,580.63,2.4,173,true,completed
CV_h5s7n31.txt,BBLCT,7,5,21,21,600.0,0,0.0,5,23.8,5,529.45,1.6,169,true,completed
CV_h5s7n32.txt,BBLCT,7,5,21,21,600.0,1,4.8,4,19.0,4,452.82,6.9,718,true,completed
CV_h5s7n33.txt,BBLCT,7,5,21,21,600.0,0,0.0,4,19.0,5,553.09,6.0,797,true,completed
CV_h5s7n34.txt,BBLCT,7,5,21,21,600.0,0,0.0,6,28.6,5,594.35,1.2,119,true,completed
CV_h5s7n35.txt,BBLCT,7,5,21,21,600.0,0,0.0,4,19.0,4,481.18,3.0,430,true,completed
CV_h5s7n36.txt,BBLCT,7,5,21,21,600.0,0,0.0,7,33.3,5,556.99,2.0,194,true,completed
CV_h5s7n37.txt,BBLCT,7,5,21,21,600.0,0,0.0,9,42.9,5,556.69,5.0,471,true,completed
CV_h5s7n38.txt,BBLCT,7,5,21,21,600.0,1,4.8,3,14.3,5,568.14,1.6,128,true,completed
CV_h5s7n39.txt,BBLCT,7,5,21,21,600.0,0,0.0,9,42.9,5,582.19,2.9,269,true,completed
CV_h5s7n4.txt,BBLCT,7,5,21,21,600.0,0,0.0,8,38.1,5,587.08,1.3,120,true,completed
CV_h5s7n40.txt,BBLCT,7,5,21,21,600.0,0,0.0,8,38.1,5,584.91,1.6,153,true,completed
CV_h5s7n5.txt,BBLCT,7,5,21,21,600.0,0,0.0,4,19.0,5,538.71,1.7,165,true,completed
CV_h5s7n6.txt,BBLCT,7,5,21,21,600.0,1,4.8,7,33.3,5,565.93,1.6,136,true,completed
CV_h5s7n7.txt,BBLCT,7,5,21,21,600.0,0,0.0,4,19.0,5,552.76,1.3,134,true,completed
CV_h5s7n8.txt,BBLCT,7,5,21,21,600.0,0,0.0,10,47.6,5,573.57,2.9,241,true,completed
CV_h5s7n9.txt,BBLCT,7,5,21,21,600.0,0,0.0,4,19.0,4,434.51,6.4,732,true,completed
CV_h5s8n1.txt,BBLCT,8,5,24,24,600.0,0,0.0,6,25.0,5,571.25,2.8,185,true,completed
CV_h5s8n10.txt,BBLCT,8,5,24,24,600.0,0,0.0,6,25.0,4,455.94,10.7,804,true,completed
CV_h5s8n11.txt,BBLCT,8,5,24,24,600.0,1,4.2,4,16.7,5,595.51,3.2,215,true,completed
CV_h5s8n12.txt,BBLCT,8,5,24,24,600.0,0,0.0,7,29.2,5,551.26,1.9,151,true,completed
CV_h5s8n13.txt,BBLCT,8,5,24,24,600.0,0,0.0,6,25.0,5,570.15,2.5,174,true,completed
CV_h5s8n14.txt,BBLCT,8,5,24,24,600.0,0,0.0,5,20.8,4,433.72,12.9,827,true,completed
CV_h5s8n15.txt,BBLCT,8,5,24,24,600.0,0,0.0,6,25.0,5,597.44,3.3,228,true,completed
CV_h5s8n16.txt,BBLCT,8,5,24,24,600.0,1,4.2,8,33.3,5,580.10,3.9,204,true,completed
CV_h5s8n17.txt,BBLCT,8,5,24,24,600.0,1,4.2,11,45.8,3,337.41,15.5,699,true,completed
CV_h5s8n18.txt,BBLCT,8,5,24,24,600.0,0,0.0,8,33.3,5,596.62,2.9,212,true,completed
CV_h5s8n19.txt,BBLCT,8,5,24,24,600.0,0,0.0,8,33.3,5,548.15,3.9,288,true,completed
CV_h5s8n2.txt,BBLCT,8,5,24,24,600.0,0,0.0,8,33.3,5,555.34,4.2,262,true,completed
CV_h5s8n20.txt,BBLCT,8,5,24,24,600.0,0,0.0,4,16.7,5,582.87,2.0,156,true,completed
CV_h5s8n21.txt,BBLCT,8,5,24,24,600.0,0,0.0,10,41.7,5,593.82,3.9,242,true,completed
CV_h5s8n22.txt,BBLCT,8,5,24,24,600.0,0,0.0,6,25.0,5,557.75,2.2,163,true,completed
CV_h5s8n23.txt,BBLCT,8,5,24,24,600.0,0,0.0,9,37.5,5,596.48,2.7,188,true,completed
CV_h5s8n24.txt,BBLCT,8,5,24,24,600.0,0,0.0,11,45.8,5,572.32,3.3,243,true,completed
CV_h5s8n25.txt,BBLCT,8,5,24,24,600.0,1,4.2,10,41.7,5,579.34,6.0,265,true,completed
CV_h5s8n26.txt,BBLCT,8,5,24,24,600.0,0,0.0,3,12.5,5,588.86,2.5,194,true,completed
CV_h5s8n27.txt,BBLCT,8,5,24,24,600.0,0,0.0,5,20.8,5,580.43,3.2,233,true,completed
CV_h5s8n28.txt,BBLCT,8,5,24,24,600.0,0,0.0,10,41.7,5,556.73,3.4,243,true,completed
CV_h5s8n29.txt,BBLCT,8,5,24,24,600.0,0,0.0,5,20.8,5,550.06,2.2,147,true,completed
CV_h5s8n3.txt,BBLCT,8,5,24,24,600.0,0,0.0,7,29.2,5,589.04,4.3,275,true,completed
CV_h5s8n30.txt,BBLCT,8,5,24,24,600.0,0,0.0,6,25.0,5,587.79,2.5,163,true,completed
CV_h5s8n31.txt,BBLCT,8,5,24,24,600.0,0,0.0,4,16.7,5,586.46,2.9,233,true,completed
CV_h5s8n32.txt,BBLCT,8,5,24,24,600.0,0,0.0,3,12.5,5,551.48,2.1,156,true,completed
CV_h5s8n33.txt,BBLCT,8,5,24,24,600.0,0,0.0,4,16.7,5,583.75,3.3,236,true,completed
CV_h5s8n34.txt,BBLCT,8,5,24,24,600.0,0,0.0,3,12.5,5,596.93,2.9,191,true,completed
CV_h5s8n35.txt,BBLCT,8,5,24,24,600.0,0,0.0,5,20.8,5,554.07,3.8,258,true,completed
CV_h5s8n36.txt,BBLCT,8,5,24,24,600.0,0,0.0,4,16.7,5,529.37,2.9,196,true,completed
CV_h5s8n37.txt,BBLCT,8,5,24,24,600.0,0,0.0,13,54.2,5,551.02,3.3,204,true,completed
CV_h5s8n38.txt,BBLCT,8,5,24,24,600.0,0,0.0,7,29.2,5,538.71,3.6,199,true,completed
CV_h5s8n39.txt,BBLCT,8,5,24,24,600.0,0,0.0,4,16.7,5,592.16,2.3,154,true,completed
CV_h5s8n4.txt,BBLCT,8,5,24,24,600.0,1,4.2,6,25.0,3,336.72,3.5,188,true,completed
CV_h5s8n40.txt,BBLCT,8,5,24,24,600.0,1,4.2,6,25.0,5,574.28,3.6,213,true,completed
CV_h5s8n5.txt,BBLCT,8,5,24,24,600.0,0,0.0,7,29.2,5,586.51,4.2,282,true,completed
CV_h5s8n6.txt,BBLCT,8,5,24,24,600.0,0,0.0,5,20.8,5,595.51,3.1,218,true,completed
CV_h5s8n7.txt,BBLCT,8,5,24,24,600.0,0,0.0,4,16.7,5,566.48,3.2,222,true,completed
CV_h5s8n8.txt,BBLCT,8,5,24,24,600.0,2,8.3,4,16.7,5,587.26,3.2,151,true,completed
CV_h5s8n9.txt,BBLCT,8,5,24,24,600.0,0,0.0,5,20.8,5,539.88,11.9,808,true,completed
CV_h6s4n1.txt,BBLCT,4,6,16,16,600.0,0,0.0,4,25.0,5,589.00,0.2,46,true,completed
CV_h6s4n10.txt,BBLCT,4,6,16,16,600.0,0,0.0,5,31.2,5,571.15,0.3,50,true,completed
CV_h6s4n11.txt,BBLCT,4,6,16,16,600.0,0,0.0,3,18.8,5,560.76,0.2,38,true,completed
CV_h6s4n12.txt,BBLCT,4,6,16,16,600.0,3,18.8,5,31.2,5,589.25,0.3,42,true,completed
CV_h6s4n13.txt,BBLCT,4,6,16,16,600.0,0,0.0,4,25.0,5,545.07,0.3,86,true,completed
CV_h6s4n14.txt,BBLCT,4,6,16,16,600.0,0,0.0,2,12.5,5,588.57,0.2,46,true,completed
CV_h6s4n15.txt,BBLCT,4,6,16,16,600.0,1,6.2,5,31.2,5,594.17,0.4,116,true,completed
CV_h6s4n16.txt,BBLCT,4,6,16,16,600.0,0,0.0,2,12.5,5,573.24,0.2,47,true,completed
CV_h6s4n17.txt,BBLCT,4,6,16,16,600.0,0,0.0,3,18.8,5,592.52,0.2,27,true,completed
CV_h6s4n18.txt,BBLCT,4,6,16,16,600.0,0,0.0,1,6.2,3,355.79,0.2,28,true,completed
CV_h6s4n19.txt,BBLCT,4,6,16,16,600.0,0,0.0,3,18.8,5,598.31,0.3,61,true,completed
CV_h6s4n2.txt,BBLCT,4,6,16,16,600.0,0,0.0,6,37.5,5,542.93,0.2,35,true,completed
CV_h6s4n20.txt,BBLCT,4,6,16,16,600.0,0,0.0,6,37.5,5,557.08,0.3,55,true,completed
CV_h6s4n21.txt,BBLCT,4,6,16,16,600.0,0,0.0,2,12.5,5,567.05,0.2,47,true,completed
CV_h6s4n22.txt,BBLCT,4,6,16,16,600.0,0,0.0,3,18.8,5,584.88,0.3,62,true,completed
CV_h6s4n23.txt,BBLCT,4,6,16,16,600.0,0,0.0,3,18.8,3,357.12,0.3,107,true,completed
CV_h6s4n24.txt,BBLCT,4,6,16,16,600.0,0,0.0,4,25.0,2,229.47,0.3,69,true,completed
CV_h6s4n25.txt,BBLCT,4,6,16,16,600.0,1,6.2,4,25.0,2,220.18,0.2,32,true,completed
CV_h6s4n26.txt,BBLCT,4,6,16,16,600.0,0,0.0,5,31.2,5,566.11,0.2,54,true,completed
CV_h6s4n27.txt,BBLCT,4,6,16,16,600.0,0,0.0,4,25.0,2,230.67,0.3,63,true,completed
CV_h6s4n28.txt,BBLCT,4,6,16,16,600.0,0,0.0,3,18.8,5,543.85,0.2,42,true,completed
CV_h6s4n29.txt,BBLCT,4,6,16,16,600.0,0,0.0,6,37.5,5,574.74,0.3,76,true,completed
CV_h6s4n3.txt,BBLCT,4,6,16,16,600.0,2,12.5,3,18.8,5,577.65,0.2,29,true,completed
CV_h6s4n30.txt,BBLCT,4,6,16,16,600.0,0,0.0,2,12.5,5,576.26,0.2,39,true,completed
CV_h6s4n31.txt,BBLCT,4,6,16,16,600.0,1,6.2,3,18.8,2,210.05,0.3,49,true,completed
CV_h6s4n32.txt,BBLCT,4,6,16,16,600.0,2,12.5,4,25.0,5,581.37,0.2,35,true,completed
CV_h6s4n33.txt,BBLCT,4,6,16,16,600.0,0,0.0,2,12.5,2,224.04,0.2,43,true,completed
CV_h6s4n34.txt,BBLCT,4,6,16,16,600.0,1,6.2,3,18.8,5,527.03,0.2,34,true,completed
CV_h6s4n35.txt,BBLCT,4,6,16,16,600.0,0,0.0,1,6.2,4,470.98,0.2,46,true,completed
CV_h6s4n36.txt,BBLCT,4,6,16,16,600.0,0,0.0,3,18.8,5,583.86,0.2,33,true,completed
CV_h6s4n37.txt,BBLCT,4,6,16,16,600.0,1,6.2,7,43.8,5,576.16,0.4,95,true,completed
CV_h6s4n38.txt,BBLCT,4,6,16,16,600.0,0,0.0,3,18.8,5,574.32,0.2,52,true,completed
CV_h6s4n39.txt,BBLCT,4,6,16,16,600.0,1,6.2,2,12.5,5,527.03,0.2,27,true,completed
CV_h6s4n4.txt,BBLCT,4,6,16,16,600.0,1,6.2,3,18.8,5,595.36,0.2,37,true,completed
CV_h6s4n40.txt,BBLCT,4,6,16,16,600.0,0,0.0,2,12.5,3,329.02,0.2,33,true,completed
CV_h6s4n5.txt,BBLCT,4,6,16,16,600.0,0,0.0,2,12.5,5,560.76,0.2,41,true,completed
CV_h6s4n6.txt,BBLCT,4,6,16,16,600.0,1,6.2,8,50.0,3,346.05,0.4,79,true,completed
CV_h6s4n7.txt,BBLCT,4,6,16,16,600.0,0,0.0,3,18.8,5,578.89,0.2,31,true,completed
CV_h6s4n8.txt,BBLCT,4,6,16,16,600.0,1,6.2,3,18.8,5,527.03,0.2,23,true,completed
CV_h6s4n9.txt,BBLCT,4,6,16,16,600.0,0,0.0,5,31.2,5,582.44,0.3,120,true,completed
CV_h6s5n1.txt,BBLCT,5,6,20,20,600.0,0,0.0,3,15.0,2,232.00,0.9,202,true,completed
CV_h6s5n10.txt,BBLCT,5,6,20,20,600.0,0,0.0,4,20.0,5,569.27,0.5,85,true,completed
CV_h6s5n11.txt,BBLCT,5,6,20,20,600.0,1,5.0,8,40.0,5,595.07,0.9,166,true,completed
CV_h6s5n12.txt,BBLCT,5,6,20,20,600.0,0,0.0,5,25.0,5,581.35,0.4,55,true,completed
CV_h6s5n13.txt,BBLCT,5,6,20,20,600.0,1,5.0,4,20.0,5,588.70,0.4,46,true,completed
CV_h6s5n14.txt,BBLCT,5,6,20,20,600.0,0,0.0,4,20.0,5,560.84,0.5,103,true,completed
CV_h6s5n15.txt,BBLCT,5,6,20,20,600.0,0,0.0,4,20.0,4,440.23,0.3,62,true,completed
CV_h6s5n16.txt,BBLCT,5,6,20,20,600.0,0,0.0,2,10.0,5,543.93,0.3,53,true,completed
CV_h6s5n17.txt,BBLCT,5,6,20,20,600.0,1,5.0,2,10.0,3,355.79,0.6,167,true,completed
CV_h6s5n18.txt,BBLCT,5,6,20,20,600.0,0,0.0,4,20.0,5,587.60,0.4,66,true,completed
CV_h6s5n19.txt,BBLCT,5,6,20,20,600.0,0,0.0,3,15.0,5,578.56,0.4,83,true,completed
CV_h6s5n2.txt,BBLCT,5,6,20,20,600.0,0,0.0,4,20.0,5,571.11,0.3,56,true,completed
CV_h6s5n20.txt,BBLCT,5,6,20,20,600.0,0,0.0,1,5.0,5,592.71,0.3,42,true,completed
CV_h6s5n21.txt,BBLCT,5,6,20,20,600.0,0,0.0,3,15.0,4,443.81,1.2,386,true,completed
CV_h6s5n22.txt,BBLCT,5,6,20,20,600.0,0,0.0,4,20.0,5,572.89,0.4,59,true,completed
CV_h6s5n23.txt,BBLCT,5,6,20,20,600.0,0,0.0,2,10.0,4,466.67,1.0,373,true,completed
CV_h6s5n24.txt,BBLCT,5,6,20,20,600.0,1,5.0,2,10.0,2,221.51,0.6,161,true,completed
CV_h6s5n25.txt,BBLCT,5,6,20,20,600.0,0,0.0,4,20.0,5,569.10,0.4,78,true,completed
CV_h6s5n26.txt,BBLCT,5,6,20,20,600.0,0,0.0,3,15.0,5,579.66,0.3,41,true,completed
CV_h6s5n27.txt,BBLCT,5,6,20,20,600.0,0,0.0,6,30.0,5,576.15,0.4,64,true,completed
CV_h6s5n28.txt,BBLCT,5,6,20,20,600.0,0,0.0,4,20.0,2,211.47,0.5,81,true,completed
CV_h6s5n29.txt,BBLCT,5,6,20,20,600.0,0,0.0,4,20.0,5,583.86,0.3,54,true,completed
CV_h6s5n3.txt,BBLCT,5,6,20,20,600.0,1,5.0,5,25.0,5,596.58,0.4,47,true,completed
CV_h6s5n30.txt,BBLCT,5,6,20,20,600.0,0,0.0,3,15.0,5,597.55,0.3,44,true,completed
CV_h6s5n31.txt,BBLCT,5,6,20,20,600.0,0,0.0,1,5.0,5,592.71,0.3,42,true,completed
CV_h6s5n32.txt,BBLCT,5,6,20,20,600.0,3,15.0,7,35.0,3,336.95,0.9,105,true,completed
CV_h6s5n33.txt,BBLCT,5,6,20,20,600.0,1,5.0,5,25.0,5,595.87,0.5,75,true,completed
CV_h6s5n34.txt,BBLCT,5,6,20,20,600.0,0,0.0,3,15.0,5,595.95,0.4,63,true,completed
CV_h6s5n35.txt,BBLCT,5,6,20,20,600.0,0,0.0,2,10.0,2,211.47,1.0,284,true,completed
CV_h6s5n36.txt,BBLCT,5,6,20,20,600.0,0,0.0,5,25.0,5,594.25,0.4,74,true,completed
CV_h6s5n37.txt,BBLCT,5,6,20,20,600.0,0,0.0,2,10.0,5,574.34,0.3,43,true,completed
CV_h6s5n38.txt,BBLCT,5,6,20,20,600.0,1,5.0,3,15.0,3,366.25,0.6,133,true,completed
CV_h6s5n39.txt,BBLCT,5,6,20,20,600.0,0,0.0,6,30.0,5,596.03,0.3,50,true,completed
CV_h6s5n4.txt,BBLCT,5,6,20,20,600.0,0,0.0,9,45.0,5,582.46,0.4,40,true,completed
CV_h6s5n40.txt,BBLCT,5,6,20,20,600.0,1,5.0,3,15.0,6,598.77,0.4,59,true,completed
CV_h6s5n5.txt,BBLCT,5,6,20,20,600.0,0,0.0,2,10.0,5,579.53,0.3,62,true,completed
CV_h6s5n6.txt,BBLCT,5,6,20,20,600.0,0,0.0,3,15.0,4,468.19,0.4,65,true,completed
CV_h6s5n7.txt,BBLCT,5,6,20,20,600.0,0,0.0,5,25.0,5,588.71,0.4,72,true,completed
CV_h6s5n8.txt,BBLCT,5,6,20,20,600.0,0,0.0,5,25.0,5,575.84,0.5,92,true,completed
CV_h6s5n9.txt,BBLCT,5,6,20,20,600.0,1,5.0,5,25.0,5,588.24,0.4,44,true,completed
CV_h6s6n1.txt,BBLCT,6,6,24,24,600.0,0,0.0,3,12.5,5,578.20,1.2,208,true,completed
CV_h6s6n10.txt,BBLCT,6,6,24,24,600.0,0,0.0,3,12.5,5,591.21,0.9,115,true,completed
CV_h6s6n11.txt,BBLCT,6,6,24,24,600.0,0,0.0,1,4.2,5,597.55,0.5,59,true,completed
CV_h6s6n12.txt,BBLCT,6,6,24,24,600.0,2,8.3,5,20.8,5,597.76,0.8,82,true,completed
CV_h6s6n13.txt,BBLCT,6,6,24,24,600.0,0,0.0,5,20.8,5,527.31,0.9,115,true,completed
CV_h6s6n14.txt,BBLCT,6,6,24,24,600.0,0,0.0,8,33.3,5,555.81,1.6,209,true,completed
CV_h6s6n15.txt,BBLCT,6,6,24,24,600.0,1,4.2,6,25.0,3,331.66,1.4,160,true,completed
CV_h6s6n16.txt,BBLCT,6,6,24,24,600.0,2,8.3,6,25.0,5,592.63,0.9,75,true,completed
CV_h6s6n17.txt,BBLCT,6,6,24,24,600.0,0,0.0,3,12.5,5,542.72,0.6,79,true,completed
CV_h6s6n18.txt,BBLCT,6,6,24,24,600.0,0,0.0,2,8.3,5,592.20,0.6,61,true,completed
CV_h6s6n19.txt,BBLCT,6,6,24,24,600.0,0,0.0,3,12.5,5,594.80,0.8,98,true,completed
CV_h6s6n2.txt,BBLCT,6,6,24,24,600.0,1,4.2,6,25.0,5,580.11,1.1,124,true,completed
CV_h6s6n20.txt,BBLCT,6,6,24,24,600.0,0,0.0,8,33.3,5,587.42,1.0,126,true,completed
CV_h6s6n21.txt,BBLCT,6,6,24,24,600.0,0,0.0,7,29.2,5,589.70,0.9,119,true,completed
CV_h6s6n22.txt,BBLCT,6,6,24,24,600.0,0,0.0,3,12.5,4,479.00,1.8,339,true,completed
CV_h6s6n23.txt,BBLCT,6,6,24,24,600.0,0,0.0,5,20.8,5,543.93,0.7,95,true,completed
CV_h6s6n24.txt,BBLCT,6,6,24,24,600.0,0,0.0,3,12.5,4,457.88,2.3,404,true,completed
CV_h6s6n25.txt,BBLCT,6,6,24,24,600.0,1,4.2,2,8.3,5,575.60,0.6,57,true,completed
CV_h6s6n26.txt,BBLCT,6,6,24,24,600.0,0,0.0,4,16.7,5,592.52,0.5,65,true,completed
CV_h6s6n27.txt,BBLCT,6,6,24,24,600.0,1,4.2,5,20.8,5,599.06,0.8,77,true,completed
CV_h6s6n28.txt,BBLCT,6,6,24,24,600.0,1,4.2,2,8.3,5,584.60,0.6,58,true,completed
CV_h6s6n29.txt,BBLCT,6,6,24,24,600.0,0,0.0,3,12.5,5,593.82,0.7,93,true,completed
CV_h6s6n3.txt,BBLCT,6,6,24,24,600.0,3,12.5,8,33.3,5,584.06,1.1,88,true,completed
CV_h6s6n30.txt,BBLCT,6,6,24,24,600.0,0,0.0,2,8.3,5,593.98,0.7,96,true,completed
CV_h6s6n31.txt,BBLCT,6,6,24,24,600.0,1,4.2,5,20.8,4,488.18,2.8,411,true,completed
CV_h6s6n32.txt,BBLCT,6,6,24,24,600.0,0,0.0,4,16.7,5,591.35,0.8,105,true,completed
CV_h6s6n33.txt,BBLCT,6,6,24,24,600.0,0,0.0,5,20.8,5,580.04,0.8,100,true,completed
CV_h6s6n34.txt,BBLCT,6,6,24,24,600.0,0,0.0,3,12.5,5,579.83,0.9,125,true,completed
CV_h6s6n35.txt,BBLCT,6,6,24,24,600.0,0,0.0,3,12.5,4,472.47,2.0,336,true,completed
CV_h6s6n36.txt,BBLCT,6,6,24,24,600.0,0,0.0,3,12.5,5,573.24,0.9,116,true,completed
CV_h6s6n37.txt,BBLCT,6,6,24,24,600.0,0,0.0,3,12.5,5,580.94,0.7,85,true,completed
CV_h6s6n38.txt,BBLCT,6,6,24,24,600.0,0,0.0,3,12.5,5,597.43,0.6,76,true,completed
CV_h6s6n39.txt,BBLCT,6,6,24,24,600.0,0,0.0,2,8.3,5,583.86,0.6,79,true,completed
CV_h6s6n4.txt,BBLCT,6,6,24,24,600.0,2,8.3,3,12.5,5,567.05,0.5,48,true,completed
CV_h6s6n40.txt,BBLCT,6,6,24,24,600.0,0,0.0,3,12.5,5,579.73,1.3,201,true,completed
CV_h6s6n5.txt,BBLCT,6,6,24,24,600.0,0,0.0,1,4.2,5,592.71,0.5,63,true,completed
CV_h6s6n6.txt,BBLCT,6,6,24,24,600.0,0,0.0,3,12.5,5,578.31,0.6,87,true,completed
CV_h6s6n7.txt,BBLCT,6,6,24,24,600.0,0,0.0,3,12.5,5,579.53,0.7,101,true,completed
CV_h6s6n8.txt,BBLCT,6,6,24,24,600.0,0,0.0,9,37.5,5,582.26,0.7,94,true,completed
CV_h6s6n9.txt,BBLCT,6,6,24,24,600.0,1,4.2,3,12.5,5,589.10,0.9,96,true,completed
CV_h6s7n1.txt,BBLCT,7,6,28,28,600.0,1,3.6,3,10.7,5,595.05,1.2,87,true,completed
CV_h6s7n10.txt,BBLCT,7,6,28,28,600.0,2,7.1,4,14.3,5,584.29,1.6,99,true,completed
CV_h6s7n11.txt,BBLCT,7,6,28,28,600.0,0,0.0,2,7.1,5,598.70,1.2,104,true,completed
CV_h6s7n12.txt,BBLCT,7,6,28,28,600.0,2,7.1,6,21.4,5,567.03,2.0,133,true,completed
CV_h6s7n13.txt,BBLCT,7,6,28,28,600.0,0,0.0,5,17.9,5,565.71,2.2,206,true,completed
CV_h6s7n14.txt,BBLCT,7,6,28,28,600.0,0,0.0,2,7.1,5,579.73,1.4,136,true,completed
CV_h6s7n15.txt,BBLCT,7,6,28,28,600.0,0,0.0,4,14.3,5,585.91,1.2,116,true,completed
CV_h6s7n16.txt,BBLCT,7,6,28,28,600.0,1,3.6,4,14.3,5,568.28,1.5,116,true,completed
CV_h6s7n17.txt,BBLCT,7,6,28,28,600.0,2,7.1,4,14.3,5,580.92,1.3,78,true,completed
CV_h6s7n18.txt,BBLCT,7,6,28,28,600.0,1,3.6,3,10.7,5,574.25,1.6,124,true,completed
CV_h6s7n19.txt,BBLCT,7,6,28,28,600.0,0,0.0,6,21.4,5,556.65,2.7,231,true,completed
CV_h6s7n2.txt,BBLCT,7,6,28,28,600.0,0,0.0,1,3.6,3,355.79,1.1,109,true,completed
CV_h6s7n20.txt,BBLCT,7,6,28,28,600.0,1,3.6,3,10.7,5,598.70,1.3,93,true,completed
CV_h6s7n21.txt,BBLCT,7,6,28,28,600.0,0,0.0,1,3.6,5,597.55,0.9,82,true,completed
CV_h6s7n22.txt,BBLCT,7,6,28,28,600.0,0,0.0,4,14.3,5,598.02,1.7,140,true,completed
CV_h6s7n23.txt,BBLCT,7,6,28,28,600.0,0,0.0,7,25.0,5,589.42,1.5,125,true,completed
CV_h6s7n24.txt,BBLCT,7,6,28,28,600.0,0,0.0,4,14.3,5,586.57,1.7,158,true,completed
CV_h6s7n25.txt,BBLCT,7,6,28,28,600.0,0,0.0,2,7.1,5,597.55,0.9,82,true,completed
CV_h6s7n26.txt,BBLCT,7,6,28,28,600.0,0,0.0,5,17.9,5,555.49,2.2,196,true,completed
CV_h6s7n27.txt,BBLCT,7,6,28,28,600.0,0,0.0,4,14.3,5,584.98,1.0,95,true,completed
CV_h6s7n28.txt,BBLCT,7,6,28,28,600.0,0,0.0,1,3.6,5,592.20,1.0,86,true,completed
CV_h6s7n29.txt,BBLCT,7,6,28,28,600.0,1,3.6,3,10.7,5,588.24,0.9,67,true,completed
CV_h6s7n3.txt,BBLCT,7,6,28,28,600.0,1,3.6,4,14.3,5,596.80,1.4,102,true,completed
CV_h6s7n30.txt,BBLCT,7,6,28,28,600.0,1,3.6,6,21.4,5,591.92,2.0,167,true,completed
CV_h6s7n31.txt,BBLCT,7,6,28,28,600.0,0,0.0,2,7.1,5,579.73,1.1,113,true,completed
CV_h6s7n32.txt,BBLCT,7,6,28,28,600.0,0,0.0,3,10.7,5,591.21,1.0,95,true,completed
CV_h6s7n33.txt,BBLCT,7,6,28,28,600.0,0,0.0,2,7.1,5,598.70,1.2,104,true,completed
CV_h6s7n34.txt,BBLCT,7,6,28,28,600.0,0,0.0,4,14.3,5,596.23,2.6,248,true,completed
CV_h6s7n35.txt,BBLCT,7,6,28,28,600.0,0,0.0,2,7.1,5,599.78,3.7,414,true,completed
CV_h6s7n36.txt,BBLCT,7,6,28,28,600.0,0,0.0,3,10.7,5,583.99,1.1,108,true,completed
CV_h6s7n37.txt,BBLCT,7,6,28,28,600.0,0,0.0,5,17.9,5,599.30,1.8,144,true,completed
CV_h6s7n38.txt,BBLCT,7,6,28,28,600.0,0,0.0,5,17.9,5,558.24,1.8,166,true,completed
CV_h6s7n39.txt,BBLCT,7,6,28,28,600.0,1,3.6,5,17.9,4,476.45,4.3,378,true,completed
CV_h6s7n4.txt,BBLCT,7,6,28,28,600.0,0,0.0,2,7.1,5,580.54,1.1,116,true,completed
CV_h6s7n40.txt,BBLCT,7,6,28,28,600.0,0,0.0,4,14.3,5,597.48,1.6,146,true,completed
CV_h6s7n5.txt,BBLCT,7,6,28,28,600.0,0,0.0,5,17.9,5,586.12,1.9,170,true,completed
CV_h6s7n6.txt,BBLCT,7,6,28,28,600.0,2,7.1,3,10.7,4,470.98,2.2,156,true,completed
CV_h6s7n7.txt,BBLCT,7,6,28,28,600.0,1,3.6,5,17.9,5,551.34,1.6,130,true,completed
CV_h6s7n8.txt,BBLCT,7,6,28,28,600.0,0,0.0,5,17.9,5,590.68,2.0,171,true,completed
CV_h6s7n9.txt,BBLCT,7,6,28,28,600.0,0,0.0,2,7.1,5,589.48,1.1,113,true,completed
CV_h7s10n1.txt,BBLCT,10,7,50,50,600.0,0,0.0,1,2.0,5,585.91,6.6,249,true,completed
CV_h7s10n10.txt,BBLCT,10,7,50,50,600.0,0,0.0,2,4.0,5,598.00,7.6,254,true,completed
CV_h7s10n11.txt,BBLCT,10,7,50,50,600.0,0,0.0,1,2.0,5,580.54,6.1,249,true,completed
CV_h7s10n12.txt,BBLCT,10,7,50,50,600.0,0,0.0,1,2.0,4,594.71,4.0,127,true,completed
CV_h7s10n13.txt,BBLCT,10,7,50,50,600.0,0,0.0,4,8.0,5,597.22,9.8,335,true,completed
CV_h7s10n14.txt,BBLCT,10,7,50,50,600.0,0,0.0,2,4.0,4,498.69,6.8,271,true,completed
CV_h7s10n15.txt,BBLCT,10,7,50,50,600.0,0,0.0,1,2.0,1,114.22,9.1,327,true,completed
CV_h7s10n16.txt,BBLCT,10,7,50,50,600.0,1,2.0,5,10.0,5,594.59,9.4,261,true,completed
CV_h7s10n17.txt,BBLCT,10,7,50,50,600.0,0,0.0,4,8.0,5,585.07,10.0,325,true,completed
CV_h7s10n18.txt,BBLCT,10,7,50,50,600.0,0,0.0,5,10.0,5,590.04,9.1,337,true,completed
CV_h7s10n19.txt,BBLCT,10,7,50,50,600.0,1,2.0,2,4.0,1,112.96,10.3,299,true,completed
CV_h7s10n2.txt,BBLCT,10,7,50,50,600.0,0,0.0,1,2.0,4,545.81,6.2,247,true,completed
CV_h7s10n20.txt,BBLCT,10,7,50,50,600.0,0,0.0,4,8.0,5,594.28,5.5,178,true,completed
CV_h7s10n21.txt,BBLCT,10,7,50,50,600.0,0,0.0,4,8.0,5,597.66,10.0,324,true,completed
CV_h7s10n22.txt,BBLCT,10,7,50,50,600.0,0,0.0,2,4.0,5,596.40,10.4,335,true,completed
CV_h7s10n23.txt,BBLCT,10,7,50,50,600.0,0,0.0,1,2.0,4,492.38,3.8,171,true,completed
CV_h7s10n24.txt,BBLCT,10,7,50,50,600.0,0,0.0,1,2.0,4,582.62,5.2,179,true,completed
CV_h7s10n25.txt,BBLCT,10,7,50,50,600.0,2,4.0,3,6.0,4,559.69,7.4,166,true,completed
CV_h7s10n26.txt,BBLCT,10,7,50,50,600.0,0,0.0,1,2.0,5,599.16,5.4,174,true,completed
CV_h7s10n27.txt,BBLCT,10,7,50,50,600.0,0,0.0,2,4.0,5,596.79,5.1,206,true,completed
CV_h7s10n28.txt,BBLCT,10,7,50,50,600.0,0,0.0,1,2.0,3,355.79,6.0,241,true,completed
CV_h7s10n29.txt,BBLCT,10,7,50,50,600.0,0,0.0,3,6.0,5,572.35,8.5,325,true,completed
CV_h7s10n3.txt,BBLCT,10,7,50,50,600.0,0,0.0,2,4.0,4,499.07,5.1,230,true,completed
CV_h7s10n30.txt,BBLCT,10,7,50,50,600.0,0,0.0,2,4.0,5,575.78,8.5,284,true,completed
CV_h7s10n31.txt,BBLCT,10,7,50,50,600.0,1,2.0,4,8.0,5,597.43,9.1,265,true,completed
CV_h7s10n32.txt,BBLCT,10,7,50,50,600.0,0,0.0,5,10.0,5,592.71,10.0,408,true,completed
CV_h7s10n33.txt,BBLCT,10,7,50,50,600.0,0,0.0,1,2.0,4,497.43,6.8,276,true,completed
CV_h7s10n34.txt,BBLCT,10,7,50,50,600.0,0,0.0,5,10.0,5,581.68,10.0,328,true,completed
CV_h7s10n35.txt,BBLCT,10,7,50,50,600.0,0,0.0,2,4.0,5,592.71,9.8,408,true,completed
CV_h7s10n36.txt,BBLCT,10,7,50,50,600.0,0,0.0,4,8.0,5,594.78,9.7,333,true,completed
CV_h7s10n37.txt,BBLCT,10,7,50,50,600.0,0,0.0,1,2.0,5,596.10,5.2,180,true,completed
CV_h7s10n38.txt,BBLCT,10,7,50,50,600.0,0,0.0,3,6.0,4,546.33,16.8,508,true,completed
CV_h7s10n39.txt,BBLCT,10,7,50,50,600.0,0,0.0,1,2.0,4,498.69,6.8,264,true,completed
CV_h7s10n4.txt,BBLCT,10,7,50,50,600.0,0,0.0,2,4.0,5,598.43,6.2,199,true,completed
CV_h7s10n40.txt,BBLCT,10,7,50,50,600.0,0,0.0,1,2.0,3,355.79,6.0,241,true,completed
CV_h7s10n5.txt,BBLCT,10,7,50,50,600.0,0,0.0,1,2.0,5,583.72,4.8,185,true,completed
CV_h7s10n6.txt,BBLCT,10,7,50,50,600.0,0,0.0,2,4.0,5,592.20,5.0,185,true,completed
CV_h7s10n7.txt,BBLCT,10,7,50,50,600.0,0,0.0,1,2.0,5,592.20,5.0,185,true,completed
CV_h7s10n8.txt,BBLCT,10,7,50,50,600.0,0,0.0,1,2.0,5,583.72,4.8,185,true,completed
CV_h7s10n9.txt,BBLCT,10,7,50,50,600.0,0,0.0,5,10.0,5,567.08,8.4,333,true,completed
CV_h7s4n1.txt,BBLCT,4,7,20,20,600.0,0,0.0,2,10.0,1,111.69,0.3,52,true,completed
CV_h7s4n10.txt,BBLCT,4,7,20,20,600.0,0,0.0,3,15.0,5,582.28,0.2,51,true,completed
CV_h7s4n11.txt,BBLCT,4,7,20,20,600.0,0,0.0,3,15.0,5,575.99,0.2,46,true,completed
CV_h7s4n12.txt,BBLCT,4,7,20,20,600.0,0,0.0,1,5.0,4,470.98,0.2,46,true,completed
CV_h7s4n13.txt,BBLCT,4,7,20,20,600.0,0,0.0,1,5.0,4,470.98,0.2,46,true,completed
CV_h7s4n14.txt,BBLCT,4,7,20,20,600.0,0,0.0,3,15.0,4,492.38,0.2,40,true,completed
CV_h7s4n15.txt,BBLCT,4,7,20,20,600.0,0,0.0,7,35.0,5,564.88,0.3,51,true,completed
CV_h7s4n16.txt,BBLCT,4,7,20,20,600.0,0,0.0,2,10.0,4,522.14,0.2,53,true,completed
CV_h7s4n17.txt,BBLCT,4,7,20,20,600.0,0,0.0,1,5.0,5,597.55,0.2,24,true,completed
CV_h7s4n18.txt,BBLCT,4,7,20,20,600.0,1,5.0,5,25.0,5,595.27,0.5,153,true,completed
CV_h7s4n19.txt,BBLCT,4,7,20,20,600.0,0,0.0,2,10.0,3,330.36,0.4,139,true,completed
CV_h7s4n2.txt,BBLCT,4,7,20,20,600.0,0,0.0,1,5.0,4,497.74,0.2,26,true,completed
CV_h7s4n20.txt,BBLCT,4,7,20,20,600.0,0,0.0,2,10.0,5,592.52,0.2,24,true,completed
CV_h7s4n21.txt,BBLCT,4,7,20,20,600.0,0,0.0,3,15.0,2,211.38,0.3,77,true,completed
CV_h7s4n22.txt,BBLCT,4,7,20,20,600.0,3,15.0,3,15.0,0,0.00,0.2,24,true,completed
CV_h7s4n23.txt,BBLCT,4,7,20,20,600.0,0,0.0,7,35.0,5,557.13,0.3,76,true,completed
CV_h7s4n24.txt,BBLCT,4,7,20,20,600.0,0,0.0,1,5.0,4,516.93,0.2,52,true,completed
CV_h7s4n25.txt,BBLCT,4,7,20,20,600.0,3,15.0,4,20.0,2,233.26,0.3,44,true,completed
CV_h7s4n26.txt,BBLCT,4,7,20,20,600.0,0,0.0,1,5.0,4,492.38,0.2,40,true,completed
CV_h7s4n27.txt,BBLCT,4,7,20,20,600.0,0,0.0,1,5.0,2,220.18,0.2,22,true,completed
CV_h7s4n28.txt,BBLCT,4,7,20,20,600.0,0,0.0,1,5.0,2,220.18,0.2,22,true,completed
CV_h7s4n29.txt,BBLCT,4,7,20,20,600.0,1,5.0,3,15.0,5,599.46,0.2,31,true,completed
CV_h7s4n3.txt,BBLCT,4,7,20,20,600.0,0,0.0,5,25.0,5,542.72,0.2,44,true,completed
CV_h7s4n30.txt,BBLCT,4,7,20,20,600.0,1,5.0,2,10.0,1,111.69,0.2,36,true,completed
CV_h7s4n31.txt,BBLCT,4,7,20,20,600.0,1,5.0,5,25.0,5,591.17,0.3,57,true,completed
CV_h7s4n32.txt,BBLCT,4,7,20,20,600.0,0,0.0,1,5.0,5,597.55,0.2,24,true,completed
CV_h7s4n33.txt,BBLCT,4,7,20,20,600.0,0,0.0,2,10.0,5,576.26,0.2,26,true,completed
CV_h7s4n34.txt,BBLCT,4,7,20,20,600.0,0,0.0,1,5.0,3,370.11,0.3,142,true,completed
CV_h7s4n35.txt,BBLCT,4,7,20,20,600.0,0,0.0,2,10.0,5,573.24,0.2,49,true,completed
CV_h7s4n36.txt,BBLCT,4,7,20,20,600.0,0,0.0,3,15.0,5,570.44,0.2,42,true,completed
CV_h7s4n37.txt,BBLCT,4,7,20,20,600.0,0,0.0,1,5.0,4,492.38,0.2,40,true,completed
CV_h7s4n38.txt,BBLCT,4,7,20,20,600.0,0,0.0,1,5.0,1,111.69,0.3,102,true,completed
CV_h7s4n39.txt,BBLCT,4,7,20,20,600.0,0,0.0,1,5.0,1,111.69,0.3,86,true,completed
CV_h7s4n4.txt,BBLCT,4,7,20,20,600.0,0,0.0,3,15.0,4,485.19,0.2,38,true,completed
CV_h7s4n40.txt,BBLCT,4,7,20,20,600.0,0,0.0,3,15.0,3,358.13,0.2,33,true,completed
CV_h7s4n5.txt,BBLCT,4,7,20,20,600.0,0,0.0,2,10.0,4,516.93,0.3,74,true,completed
CV_h7s4n6.txt,BBLCT,4,7,20,20,600.0,0,0.0,2,10.0,5,542.72,0.2,44,true,completed
CV_h7s4n7.txt,BBLCT,4,7,20,20,600.0,0,0.0,5,25.0,5,592.79,0.3,74,true,completed
CV_h7s4n8.txt,BBLCT,4,7,20,20,600.0,0,0.0,2,10.0,5,592.92,0.2,28,true,completed
CV_h7s4n9.txt,BBLCT,4,7,20,20,600.0,2,10.0,3,15.0,2,232.00,0.3,67,true,completed
CV_h7s5n1.txt,BBLCT,5,7,25,25,600.0,0,0.0,1,4.0,5,592.71,0.3,42,true,completed
CV_h7s5n10.txt,BBLCT,5,7,25,25,600.0,0,0.0,1,4.0,5,597.55,0.3,40,true,completed
CV_h7s5n11.txt,BBLCT,5,7,25,25,600.0,0,0.0,2,8.0,1,110.43,0.6,126,true,completed
CV_h7s5n12.txt,BBLCT,5,7,25,25,600.0,0,0.0,2,8.0,4,492.38,0.3,66,true,completed
CV_h7s5n13.txt,BBLCT,5,7,25,25,600.0,0,0.0,5,20.0,4,470.04,0.4,61,true,completed
CV_h7s5n14.txt,BBLCT,5,7,25,25,600.0,0,0.0,3,12.0,5,587.87,0.4,71,true,completed
CV_h7s5n15.txt,BBLCT,5,7,25,25,600.0,0,0.0,2,8.0,5,599.80,0.4,67,true,completed
CV_h7s5n16.txt,BBLCT,5,7,25,25,600.0,0,0.0,3,12.0,4,468.19,0.3,58,true,completed
CV_h7s5n17.txt,BBLCT,5,7,25,25,600.0,0,0.0,2,8.0,2,212.64,1.0,282,true,completed
CV_h7s5n18.txt,BBLCT,5,7,25,25,600.0,1,4.0,4,16.0,5,563.27,0.4,46,true,completed
CV_h7s5n19.txt,BBLCT,5,7,25,25,600.0,1,4.0,3,12.0,4,459.42,0.4,61,true,completed
CV_h7s5n2.txt,BBLCT,5,7,25,25,600.0,1,4.0,7,28.0,5,596.13,0.4,52,true,completed
CV_h7s5n20.txt,BBLCT,5,7,25,25,600.0,0,0.0,1,4.0,4,531.37,0.4,77,true,completed
CV_h7s5n21.txt,BBLCT,5,7,25,25,600.0,0,0.0,1,4.0,4,531.37,0.4,77,true,completed
CV_h7s5n22.txt,BBLCT,5,7,25,25,600.0,0,0.0,4,16.0,5,582.05,0.4,60,true,completed
CV_h7s5n23.txt,BBLCT,5,7,25,25,600.0,0,0.0,1,4.0,4,500.33,0.6,155,true,completed
CV_h7s5n24.txt,BBLCT,5,7,25,25,600.0,1,4.0,2,8.0,4,497.74,0.4,70,true,completed
CV_h7s5n25.txt,BBLCT,5,7,25,25,600.0,1,4.0,5,20.0,5,574.38,0.4,62,true,completed
CV_h7s5n26.txt,BBLCT,5,7,25,25,600.0,0,0.0,2,8.0,5,599.80,0.4,76,true,completed
CV_h7s5n27.txt,BBLCT,5,7,25,25,600.0,0,0.0,1,4.0,5,568.41,0.3,49,true,completed
CV_h7s5n28.txt,BBLCT,5,7,25,25,600.0,0,0.0,2,8.0,5,583.86,0.4,87,true,completed
CV_h7s5n29.txt,BBLCT,5,7,25,25,600.0,0,0.0,2,8.0,5,589.10,0.3,53,true,completed
CV_h7s5n3.txt,BBLCT,5,7,25,25,600.0,0,0.0,1,4.0,5,592.52,0.3,40,true,completed
CV_h7s5n30.txt,BBLCT,5,7,25,25,600.0,0,0.0,6,24.0,5,582.44,0.5,77,true,completed
CV_h7s5n31.txt,BBLCT,5,7,25,25,600.0,0,0.0,1,4.0,4,492.38,0.3,66,true,completed
CV_h7s5n32.txt,BBLCT,5,7,25,25,600.0,2,8.0,3,12.0,5,596.09,0.3,39,true,completed
CV_h7s5n33.txt,BBLCT,5,7,25,25,600.0,0,0.0,3,12.0,5,589.10,0.4,78,true,completed
CV_h7s5n34.txt,BBLCT,5,7,25,25,600.0,1,4.0,4,16.0,5,574.73,0.5,76,true,completed
CV_h7s5n35.txt,BBLCT,5,7,25,25,600.0,0,0.0,5,20.0,5,566.71,0.7,135,true,completed
CV_h7s5n36.txt,BBLCT,5,7,25,25,600.0,0,0.0,2,8.0,3,340.50,1.2,385,true,completed
CV_h7s5n37.txt,BBLCT,5,7,25,25,600.0,1,4.0,2,8.0,5,597.77,0.3,31,true,completed
CV_h7s5n38.txt,BBLCT,5,7,25,25,600.0,1,4.0,5,20.0,5,569.31,0.6,96,true,completed
CV_h7s5n39.txt,BBLCT,5,7,25,25,600.0,0,0.0,2,8.0,4,497.74,0.4,66,true,completed
CV_h7s5n4.txt,BBLCT,5,7,25,25,600.0,0,0.0,2,8.0,5,579.96,0.4,65,true,completed
CV_h7s5n40.txt,BBLCT,5,7,25,25,600.0,0,0.0,3,12.0,5,599.46,0.5,88,true,completed
CV_h7s5n5.txt,BBLCT,5,7,25,25,600.0,1,4.0,5,20.0,5,584.60,0.4,65,true,completed
CV_h7s5n6.txt,BBLCT,5,7,25,25,600.0,0,0.0,3,12.0,2,221.57,0.5,76,true,completed
CV_h7s5n7.txt,BBLCT,5,7,25,25,600.0,0,0.0,2,8.0,5,571.11,0.3,51,true,completed
CV_h7s5n8.txt,BBLCT,5,7,25,25,600.0,0,0.0,1,4.0,3,355.79,0.3,49,true,completed
CV_h7s5n9.txt,BBLCT,5,7,25,25,600.0,0,0.0,3,12.0,5,587.42,0.4,80,true,completed
CV_h7s6n1.txt,BBLCT,6,7,30,30,600.0,0,0.0,1,3.3,5,580.54,0.6,77,true,completed
CV_h7s6n10.txt,BBLCT,6,7,30,30,600.0,0,0.0,1,3.3,5,583.72,0.5,61,true,completed
CV_h7s6n11.txt,BBLCT,6,7,30,30,600.0,0,0.0,2,6.7,1,116.86,0.9,101,true,completed
CV_h7s6n12.txt,BBLCT,6,7,30,30,600.0,0,0.0,5,16.7,5,583.22,0.7,104,true,completed
CV_h7s6n13.txt,BBLCT,6,7,30,30,600.0,0,0.0,1,3.3,1,107.84,0.8,103,true,completed
CV_h7s6n14.txt,BBLCT,6,7,30,30,600.0,2,6.7,5,16.7,5,544.14,1.2,122,true,completed
CV_h7s6n15.txt,BBLCT,6,7,30,30,600.0,0,0.0,4,13.3,4,455.36,0.7,90,true,completed
CV_h7s6n16.txt,BBLCT,6,7,30,30,600.0,0,0.0,2,6.7,5,543.93,0.6,77,true,completed
CV_h7s6n17.txt,BBLCT,6,7,30,30,600.0,0,0.0,4,13.3,1,111.80,1.0,129,true,completed
CV_h7s6n18.txt,BBLCT,6,7,30,30,600.0,0,0.0,2,6.7,5,575.56,0.6,81,true,completed
CV_h7s6n19.txt,BBLCT,6,7,30,30,600.0,0,0.0,1,3.3,5,597.55,0.5,59,true,completed
CV_h7s6n2.txt,BBLCT,6,7,30,30,600.0,0,0.0,3,10.0,5,598.62,0.9,110,true,completed
CV_h7s6n20.txt,BBLCT,6,7,30,30,600.0,0,0.0,1,3.3,5,592.20,0.6,61,true,completed
CV_h7s6n21.txt,BBLCT,6,7,30,30,600.0,0,0.0,3,10.0,5,589.66,0.6,93,true,completed
CV_h7s6n22.txt,BBLCT,6,7,30,30,600.0,0,0.0,2,6.7,5,597.43,0.8,94,true,completed
CV_h7s6n23.txt,BBLCT,6,7,30,30,600.0,1,3.3,2,6.7,4,501.75,0.7,66,true,completed
CV_h7s6n24.txt,BBLCT,6,7,30,30,600.0,0,0.0,1,3.3,4,501.75,0.7,115,true,completed
CV_h7s6n25.txt,BBLCT,6,7,30,30,600.0,1,3.3,2,6.7,5,589.66,0.6,62,true,completed
CV_h7s6n26.txt,BBLCT,6,7,30,30,600.0,0,0.0,1,3.3,4,492.38,0.6,92,true,completed
CV_h7s6n27.txt,BBLCT,6,7,30,30,600.0,0,0.0,1,3.3,4,545.81,0.8,97,true,completed
CV_h7s6n28.txt,BBLCT,6,7,30,30,600.0,0,0.0,1,3.3,4,545.81,0.8,97,true,completed
CV_h7s6n29.txt,BBLCT,6,7,30,30,600.0,0,0.0,1,3.3,5,568.41,0.5,71,true,completed
CV_h7s6n3.txt,BBLCT,6,7,30,30,600.0,1,3.3,4,13.3,4,502.86,0.7,78,true,completed
CV_h7s6n30.txt,BBLCT,6,7,30,30,600.0,0,0.0,1,3.3,4,545.81,0.8,97,true,completed
CV_h7s6n31.txt,BBLCT,6,7,30,30,600.0,0,0.0,3,10.0,5,561.74,1.0,123,true,completed
CV_h7s6n32.txt,BBLCT,6,7,30,30,600.0,0,0.0,2,6.7,4,532.63,0.9,111,true,completed
CV_h7s6n33.txt,BBLCT,6,7,30,30,600.0,2,6.7,3,10.0,3,372.63,2.8,336,true,completed
CV_h7s6n34.txt,BBLCT,6,7,30,30,600.0,0,0.0,5,16.7,5,564.16,1.1,118,true,completed
CV_h7s6n35.txt,BBLCT,6,7,30,30,600.0,0,0.0,3,10.0,5,574.39,0.8,86,true,completed
CV_h7s6n36.txt,BBLCT,6,7,30,30,600.0,0,0.0,1,3.3,4,497.74,0.5,73,true,completed
CV_h7s6n37.txt,BBLCT,6,7,30,30,600.0,0,0.0,1,3.3,5,585.91,0.7,77,true,completed
CV_h7s6n38.txt,BBLCT,6,7,30,30,600.0,0,0.0,1,3.3,4,497.74,0.7,106,true,completed
CV_h7s6n39.txt,BBLCT,6,7,30,30,600.0,1,3.3,4,13.3,5,543.93,0.7,66,true,completed
CV_h7s6n4.txt,BBLCT,6,7,30,30,600.0,0,0.0,1,3.3,4,500.33,1.1,189,true,completed
CV_h7s6n40.txt,BBLCT,6,7,30,30,600.0,0,0.0,2,6.7,4,545.81,0.8,97,true,completed
CV_h7s6n5.txt,BBLCT,6,7,30,30,600.0,0,0.0,1,3.3,4,497.74,0.5,73,true,completed
CV_h7s6n6.txt,BBLCT,6,7,30,30,600.0,0,0.0,9,30.0,5,579.16,1.4,206,true,completed
CV_h7s6n7.txt,BBLCT,6,7,30,30,600.0,0,0.0,1,3.3,4,545.81,0.8,97,true,completed
CV_h7s6n8.txt,BBLCT,6,7,30,30,600.0,4,13.3,5,16.7,5,578.47,0.8,59,true,completed
CV_h7s6n9.txt,BBLCT,6,7,30,30,600.0,0,0.0,1,3.3,4,500.33,1.1,189,true,completed
CV_h7s7n1.txt,BBLCT,7,7,35,35,600.0,2,5.7,4,11.4,5,593.42,1.9,105,true,completed
CV_h7s7n10.txt,BBLCT,7,7,35,35,600.0,2,5.7,3,8.6,5,596.09,1.4,85,true,completed
CV_h7s7n11.txt,BBLCT,7,7,35,35,600.0,1,2.9,3,8.6,5,587.64,1.4,106,true,completed
CV_h7s7n12.txt,BBLCT,7,7,35,35,600.0,0,0.0,4,11.4,5,599.89,1.4,133,true,completed
CV_h7s7n13.txt,BBLCT,7,7,35,35,600.0,0,0.0,4,11.4,5,588.57,1.1,101,true,completed
CV_h7s7n14.txt,BBLCT,7,7,35,35,600.0,2,5.7,4,11.4,5,561.89,1.9,110,true,completed
CV_h7s7n15.txt,BBLCT,7,7,35,35,600.0,0,0.0,2,5.7,4,502.86,1.1,120,true,completed
CV_h7s7n16.txt,BBLCT,7,7,35,35,600.0,0,0.0,1,2.9,5,568.41,1.0,97,true,completed
CV_h7s7n17.txt,BBLCT,7,7,35,35,600.0,3,8.6,5,14.3,5,528.45,2.1,138,true,completed
CV_h7s7n18.txt,BBLCT,7,7,35,35,600.0,0,0.0,1,2.9,5,599.89,0.6,52,true,completed
CV_h7s7n19.txt,BBLCT,7,7,35,35,600.0,0,0.0,1,2.9,5,585.91,1.4,111,true,completed
CV_h7s7n2.txt,BBLCT,7,7,35,35,600.0,0,0.0,1,2.9,4,531.37,1.9,200,true,completed
CV_h7s7n20.txt,BBLCT,7,7,35,35,600.0,0,0.0,1,2.9,5,596.10,1.1,84,true,completed
CV_h7s7n21.txt,BBLCT,7,7,35,35,600.0,0,0.0,1,2.9,4,501.75,1.2,131,true,completed
CV_h7s7n22.txt,BBLCT,7,7,35,35,600.0,0,0.0,1,2.9,5,599.89,0.6,52,true,completed
CV_h7s7n23.txt,BBLCT,7,7,35,35,600.0,0,0.0,3,8.6,5,569.44,1.9,162,true,completed
CV_h7s7n24.txt,BBLCT,7,7,35,35,600.0,0,0.0,5,14.3,5,590.78,1.3,116,true,completed
CV_h7s7n25.txt,BBLCT,7,7,35,35,600.0,0,0.0,4,11.4,5,553.03,1.7,149,true,completed
CV_h7s7n26.txt,BBLCT,7,7,35,35,600.0,0,0.0,6,17.1,5,580.02,1.8,147,true,completed
CV_h7s7n27.txt,BBLCT,7,7,35,35,600.0,0,0.0,2,5.7,5,597.22,1.9,156,true,completed
CV_h7s7n28.txt,BBLCT,7,7,35,35,600.0,0,0.0,4,11.4,5,593.98,1.2,115,true,completed
CV_h7s7n29.txt,BBLCT,7,7,35,35,600.0,0,0.0,1,2.9,5,583.72,1.0,86,true,completed
CV_h7s7n3.txt,BBLCT,7,7,35,35,600.0,0,0.0,1,2.9,4,501.75,1.2,131,true,completed
CV_h7s7n30.txt,BBLCT,7,7,35,35,600.0,0,0.0,1,2.9,1,110.43,1.8,174,true,completed
CV_h7s7n31.txt,BBLCT,7,7,35,35,600.0,0,0.0,3,8.6,5,596.38,1.5,115,true,completed
CV_h7s7n32.txt,BBLCT,7,7,35,35,600.0,1,2.9,3,8.6,5,599.70,2.1,157,true,completed
CV_h7s7n33.txt,BBLCT,7,7,35,35,600.0,0,0.0,2,5.7,4,531.37,2.0,209,true,completed
CV_h7s7n34.txt,BBLCT,7,7,35,35,600.0,0,0.0,2,5.7,5,593.00,1.1,103,true,completed
CV_h7s7n35.txt,BBLCT,7,7,35,35,600.0,0,0.0,1,2.9,2,220.18,0.9,79,true,completed
CV_h7s7n36.txt,BBLCT,7,7,35,35,600.0,1,2.9,3,8.6,5,584.60,1.2,88,true,completed
CV_h7s7n37.txt,BBLCT,7,7,35,35,600.0,0,0.0,2,5.7,5,568.41,1.0,97,true,completed
CV_h7s7n38.txt,BBLCT,7,7,35,35,600.0,0,0.0,4,11.4,5,593.98,1.2,109,true,completed
CV_h7s7n39.txt,BBLCT,7,7,35,35,600.0,0,0.0,3,8.6,5,593.97,0.9,93,true,completed
CV_h7s7n4.txt,BBLCT,7,7,35,35,600.0,0,0.0,4,11.4,5,549.36,1.6,146,true,completed
CV_h7s7n40.txt,BBLCT,7,7,35,35,600.0,0,0.0,3,8.6,5,547.38,1.2,122,true,completed
CV_h7s7n5.txt,BBLCT,7,7,35,35,600.0,0,0.0,1,2.9,5,592.52,0.9,84,true,completed
CV_h7s7n6.txt,BBLCT,7,7,35,35,600.0,0,0.0,1,2.9,5,596.10,1.1,84,true,completed
CV_h7s7n7.txt,BBLCT,7,7,35,35,600.0,0,0.0,5,14.3,3,330.29,1.7,137,true,completed
CV_h7s7n8.txt,BBLCT,7,7,35,35,600.0,1,2.9,3,8.6,3,330.29,1.8,128,true,completed
CV_h7s7n9.txt,BBLCT,7,7,35,35,600.0,0,0.0,3,8.6,5,555.60,1.6,149,true,completed
CV_h7s8n1.txt,BBLCT,8,7,40,40,600.0,0,0.0,4,10.0,4,559.69,2.4,149,true,completed
CV_h7s8n10.txt,BBLCT,8,7,40,40,600.0,0,0.0,3,7.5,4,570.52,4.6,265,true,completed
CV_h7s8n11.txt,BBLCT,8,7,40,40,600.0,1,2.5,2,5.0,4,497.74,2.0,109,true,completed
CV_h7s8n12.txt,BBLCT,8,7,40,40,600.0,0,0.0,4,10.0,5,595.61,2.9,175,true,completed
CV_h7s8n13.txt,BBLCT,8,7,40,40,600.0,0,0.0,2,5.0,2,215.08,2.9,186,true,completed
CV_h7s8n14.txt,BBLCT,8,7,40,40,600.0,0,0.0,1,2.5,4,496.17,3.6,275,true,completed
CV_h7s8n15.txt,BBLCT,8,7,40,40,600.0,1,2.5,3,7.5,5,598.36,3.2,171,true,completed
CV_h7s8n16.txt,BBLCT,8,7,40,40,600.0,0,0.0,2,5.0,5,591.21,2.1,140,true,completed
CV_h7s8n17.txt,BBLCT,8,7,40,40,600.0,0,0.0,4,10.0,5,590.74,2.2,152,true,completed
CV_h7s8n18.txt,BBLCT,8,7,40,40,600.0,0,0.0,3,7.5,5,592.60,2.0,132,true,completed
CV_h7s8n19.txt,BBLCT,8,7,40,40,600.0,0,0.0,1,2.5,4,570.52,2.2,131,true,completed
CV_h7s8n2.txt,BBLCT,8,7,40,40,600.0,0,0.0,1,2.5,4,496.17,3.6,264,true,completed
CV_h7s8n20.txt,BBLCT,8,7,40,40,600.0,1,2.5,3,7.5,2,214.74,4.6,209,true,completed
CV_h7s8n21.txt,BBLCT,8,7,40,40,600.0,0,0.0,5,12.5,5,590.99,3.7,259,true,completed
CV_h7s8n22.txt,BBLCT,8,7,40,40,600.0,0,0.0,2,5.0,5,561.16,3.2,231,true,completed
CV_h7s8n23.txt,BBLCT,8,7,40,40,600.0,1,2.5,2,5.0,1,114.22,4.3,210,true,completed
CV_h7s8n24.txt,BBLCT,8,7,40,40,600.0,0,0.0,5,12.5,5,565.04,4.5,289,true,completed
CV_h7s8n25.txt,BBLCT,8,7,40,40,600.0,0,0.0,2,5.0,1,107.84,2.2,122,true,completed
CV_h7s8n26.txt,BBLCT,8,7,40,40,600.0,1,2.5,3,7.5,5,590.88,1.9,120,true,completed
CV_h7s8n27.txt,BBLCT,8,7,40,40,600.0,0,0.0,1,2.5,4,531.37,3.0,220,true,completed
CV_h7s8n28.txt,BBLCT,8,7,40,40,600.0,0,0.0,4,10.0,5,567.16,3.0,186,true,completed
CV_h7s8n29.txt,BBLCT,8,7,40,40,600.0,0,0.0,1,2.5,4,558.43,3.1,198,true,completed
CV_h7s8n3.txt,BBLCT,8,7,40,40,600.0,0,0.0,2,5.0,5,599.89,2.4,165,true,completed
CV_h7s8n30.txt,BBLCT,8,7,40,40,600.0,0,0.0,2,5.0,4,498.69,3.6,240,true,completed
CV_h7s8n31.txt,BBLCT,8,7,40,40,600.0,1,2.5,3,7.5,4,544.09,3.5,174,true,completed
CV_h7s8n32.txt,BBLCT,8,7,40,40,600.0,0,0.0,1,2.5,4,501.75,1.9,147,true,completed
CV_h7s8n33.txt,BBLCT,8,7,40,40,600.0,1,2.5,2,5.0,5,596.32,2.1,113,true,completed
CV_h7s8n34.txt,BBLCT,8,7,40,40,600.0,0,0.0,2,5.0,4,463.03,2.6,179,true,completed
CV_h7s8n35.txt,BBLCT,8,7,40,40,600.0,0,0.0,3,7.5,4,500.33,4.4,309,true,completed
CV_h7s8n36.txt,BBLCT,8,7,40,40,600.0,0,0.0,4,10.0,5,575.56,2.3,151,true,completed
CV_h7s8n37.txt,BBLCT,8,7,40,40,600.0,0,0.0,2,5.0,3,334.08,3.2,186,true,completed
CV_h7s8n38.txt,BBLCT,8,7,40,40,600.0,0,0.0,2,5.0,5,562.22,3.1,220,true,completed
CV_h7s8n39.txt,BBLCT,8,7,40,40,600.0,0,0.0,2,5.0,5,587.60,2.0,140,true,completed
CV_h7s8n4.txt,BBLCT,8,7,40,40,600.0,0,0.0,1,2.5,5,590.78,2.5,151,true,completed
CV_h7s8n40.txt,BBLCT,8,7,40,40,600.0,0,0.0,1,2.5,5,596.10,1.9,112,true,completed
CV_h7s8n5.txt,BBLCT,8,7,40,40,600.0,0,0.0,1,2.5,3,355.79,2.0,147,true,completed
CV_h7s8n6.txt,BBLCT,8,7,40,40,600.0,0,0.0,1,2.5,5,592.20,1.9,115,true,completed
CV_h7s8n7.txt,BBLCT,8,7,40,40,600.0,0,0.0,7,17.5,5,590.53,3.6,204,true,completed
CV_h7s8n8.txt,BBLCT,8,7,40,40,600.0,1,2.5,3,7.5,4,470.98,3.6,196,true,completed
CV_h7s8n9.txt,BBLCT,8,7,40,40,600.0,0,0.0,1,2.5,5,583.72,1.8,115,true,completed
CV_h7s9n1.txt,BBLCT,9,7,45,45,600.0,0,0.0,1,2.2,5,590.78,4.3,197,true,completed
CV_h7s9n10.txt,BBLCT,9,7,45,45,600.0,1,2.2,2,4.4,5,599.16,4.0,131,true,completed
CV_h7s9n11.txt,BBLCT,9,7,45,45,600.0,1,2.2,3,6.7,5,595.53,6.0,217,true,completed
CV_h7s9n12.txt,BBLCT,9,7,45,45,600.0,0,0.0,1,2.2,4,501.75,2.8,162,true,completed
CV_h7s9n13.txt,BBLCT,9,7,45,45,600.0,1,2.2,3,6.7,4,579.01,3.3,112,true,completed
CV_h7s9n14.txt,BBLCT,9,7,45,45,600.0,0,0.0,1,2.2,1,118.01,5.9,247,true,completed
CV_h7s9n15.txt,BBLCT,9,7,45,45,600.0,0,0.0,5,11.1,5,556.75,5.9,251,true,completed
CV_h7s9n16.txt,BBLCT,9,7,45,45,600.0,0,0.0,1,2.2,4,558.43,4.6,225,true,completed
CV_h7s9n17.txt,BBLCT,9,7,45,45,600.0,0,0.0,1,2.2,5,568.41,2.9,160,true,completed
CV_h7s9n18.txt,BBLCT,9,7,45,45,600.0,2,4.4,3,6.7,4,516.93,3.3,110,true,completed
CV_h7s9n19.txt,BBLCT,9,7,45,45,600.0,0,0.0,2,4.4,5,598.14,4.2,188,true,completed
CV_h7s9n2.txt,BBLCT,9,7,45,45,600.0,0,0.0,3,6.7,5,599.80,5.5,289,true,completed
CV_h7s9n20.txt,BBLCT,9,7,45,45,600.0,0,0.0,3,6.7,5,588.16,4.3,217,true,completed
CV_h7s9n21.txt,BBLCT,9,7,45,45,600.0,0,0.0,4,8.9,5,598.59,3.3,166,true,completed
CV_h7s9n22.txt,BBLCT,9,7,45,45,600.0,0,0.0,3,6.7,5,590.71,3.9,206,true,completed
CV_h7s9n23.txt,BBLCT,9,7,45,45,600.0,0,0.0,1,2.2,5,599.89,1.5,74,true,completed
CV_h7s9n24.txt,BBLCT,9,7,45,45,600.0,0,0.0,2,4.4,2,216.25,6.9,308,true,completed
CV_h7s9n25.txt,BBLCT,9,7,45,45,600.0,1,2.2,2,4.4,5,583.55,3.2,140,true,completed
CV_h7s9n26.txt,BBLCT,9,7,45,45,600.0,0,0.0,3,6.7,5,537.45,5.6,279,true,completed
CV_h7s9n27.txt,BBLCT,9,7,45,45,600.0,0,0.0,3,6.7,5,561.06,5.1,231,true,completed
CV_h7s9n28.txt,BBLCT,9,7,45,45,600.0,1,2.2,3,6.7,1,109.17,6.4,253,true,completed
CV_h7s9n29.txt,BBLCT,9,7,45,45,600.0,0,0.0,2,4.4,4,497.43,9.0,421,true,completed
CV_h7s9n3.txt,BBLCT,9,7,45,45,600.0,0,0.0,2,4.4,5,596.10,3.5,144,true,completed
CV_h7s9n30.txt,BBLCT,9,7,45,45,600.0,1,2.2,2,4.4,5,568.41,3.8,150,true,completed
CV_h7s9n31.txt,BBLCT,9,7,45,45,600.0,0,0.0,3,6.7,5,596.79,5.7,251,true,completed
CV_h7s9n32.txt,BBLCT,9,7,45,45,600.0,0,0.0,2,4.4,2,218.69,5.3,243,true,completed
CV_h7s9n33.txt,BBLCT,9,7,45,45,600.0,0,0.0,1,2.2,4,582.62,2.9,125,true,completed
CV_h7s9n34.txt,BBLCT,9,7,45,45,600.0,0,0.0,4,8.9,5,594.85,6.9,323,true,completed
CV_h7s9n35.txt,BBLCT,9,7,45,45,600.0,0,0.0,1,2.2,1,111.69,5.7,288,true,completed
CV_h7s9n36.txt,BBLCT,9,7,45,45,600.0,0,0.0,3,6.7,5,583.59,6.0,310,true,completed
CV_h7s9n37.txt,BBLCT,9,7,45,45,600.0,1,2.2,2,4.4,5,592.71,3.5,140,true,completed
CV_h7s9n38.txt,BBLCT,9,7,45,45,600.0,0,0.0,2,4.4,5,596.84,6.1,268,true,completed
CV_h7s9n39.txt,BBLCT,9,7,45,45,600.0,1,2.2,2,4.4,5,594.68,5.4,186,true,completed
CV_h7s9n4.txt,BBLCT,9,7,45,45,600.0,0,0.0,4,8.9,2,234.52,7.3,295,true,completed
CV_h7s9n40.txt,BBLCT,9,7,45,45,600.0,0,0.0,2,4.4,4,492.38,2.7,155,true,completed
CV_h7s9n5.txt,BBLCT,9,7,45,45,600.0,1,2.2,3,6.7,5,590.71,4.7,189,true,completed
CV_h7s9n6.txt,BBLCT,9,7,45,45,600.0,1,2.2,4,8.9,5,593.13,6.2,220,true,completed
CV_h7s9n7.txt,BBLCT,9,7,45,45,600.0,0,0.0,2,4.4,4,545.81,4.5,234,true,completed
CV_h7s9n8.txt,BBLCT,9,7,45,45,600.0,0,0.0,4,8.9,5,585.10,6.7,331,true,completed
CV_h7s9n9.txt,BBLCT,9,7,45,45,600.0,0,0.0,2,4.4,4,496.17,4.9,276,true,completed
CV_h8s10n1.txt,BBLCT,10,8,60,60,600.0,0,0.0,2,3.3,5,594.42,9.3,322,true,completed
CV_h8s10n10.txt,BBLCT,10,8,60,60,600.0,0,0.0,3,5.0,5,593.61,6.0,210,true,completed
CV_h8s10n11.txt,BBLCT,10,8,60,60,600.0,0,0.0,0,0.0,0,0.00,0.2,1,true,completed
CV_h8s10n12.txt,BBLCT,10,8,60,60,600.0,0,0.0,2,3.3,5,587.87,8.3,315,true,completed
CV_h8s10n13.txt,BBLCT,10,8,60,60,600.0,0,0.0,0,0.0,0,0.00,0.1,1,true,completed
CV_h8s10n14.txt,BBLCT,10,8,60,60,600.0,0,0.0,1,1.7,4,497.74,4.3,171,true,completed
CV_h8s10n15.txt,BBLCT,10,8,60,60,600.0,0,0.0,2,3.3,5,599.23,5.9,223,true,completed
CV_h8s10n16.txt,BBLCT,10,8,60,60,600.0,0,0.0,1,1.7,5,597.55,5.0,175,true,completed
CV_h8s10n17.txt,BBLCT,10,8,60,60,600.0,0,0.0,3,5.0,5,599.07,6.2,201,true,completed
CV_h8s10n18.txt,BBLCT,10,8,60,60,600.0,0,0.0,1,1.7,5,596.81,6.0,175,true,completed
CV_h8s10n19.txt,BBLCT,10,8,60,60,600.0,0,0.0,2,3.3,5,597.11,8.2,249,true,completed
CV_h8s10n2.txt,BBLCT,10,8,60,60,600.0,0,0.0,4,6.7,5,592.88,8.7,309,true,completed
CV_h8s10n20.txt,BBLCT,10,8,60,60,600.0,1,1.7,3,5.0,5,598.81,7.9,187,true,completed
CV_h8s10n21.txt,BBLCT,10,8,60,60,600.0,0,0.0,3,5.0,5,574.36,7.2,279,true,completed
CV_h8s10n22.txt,BBLCT,10,8,60,60,600.0,0,0.0,1,1.7,5,597.55,4.9,175,true,completed
CV_h8s10n23.txt,BBLCT,10,8,60,60,600.0,0,0.0,1,1.7,4,500.33,5.2,222,true,completed
CV_h8s10n24.txt,BBLCT,10,8,60,60,600.0,0,0.0,2,3.3,5,597.55,8.9,319,true,completed
CV_h8s10n25.txt,BBLCT,10,8,60,60,600.0,1,1.7,4,6.7,5,598.59,8.3,227,true,completed
CV_h8s10n26.txt,BBLCT,10,8,60,60,600.0,1,1.7,3,5.0,5,593.17,9.9,249,true,completed
CV_h8s10n27.txt,BBLCT,10,8,60,60,600.0,1,1.7,3,5.0,5,599.96,13.4,330,true,completed
CV_h8s10n28.txt,BBLCT,10,8,60,60,600.0,0,0.0,2,3.3,5,596.09,4.9,189,true,completed
CV_h8s10n29.txt,BBLCT,10,8,60,60,600.0,0,0.0,0,0.0,0,0.00,0.2,1,true,completed
CV_h8s10n3.txt,BBLCT,10,8,60,60,600.0,0,0.0,2,3.3,5,597.82,7.5,265,true,completed
CV_h8s10n30.txt,BBLCT,10,8,60,60,600.0,0,0.0,2,3.3,5,597.40,8.9,320,true,completed
CV_h8s10n31.txt,BBLCT,10,8,60,60,600.0,1,1.7,3,5.0,5,583.72,7.1,169,true,completed
CV_h8s10n32.txt,BBLCT,10,8,60,60,600.0,0,0.0,1,1.7,5,594.28,5.7,178,true,completed
CV_h8s10n33.txt,BBLCT,10,8,60,60,600.0,0,0.0,1,1.7,5,594.68,8.3,246,true,completed
CV_h8s10n34.txt,BBLCT,10,8,60,60,600.0,0,0.0,1,1.7,1,109.17,8.2,315,true,completed
CV_h8s10n35.txt,BBLCT,10,8,60,60,600.0,1,1.7,5,8.3,6,599.88,7.7,232,true,completed
CV_h8s10n36.txt,BBLCT,10,8,60,60,600.0,0,0.0,1,1.7,4,497.74,5.1,211,true,completed
CV_h8s10n37.txt,BBLCT,10,8,60,60,600.0,0,0.0,0,0.0,0,0.00,0.2,1,true,completed
CV_h8s10n38.txt,BBLCT,10,8,60,60,600.0,0,0.0,0,0.0,0,0.00,0.1,1,true,completed
CV_h8s10n39.txt,BBLCT,10,8,60,60,600.0,0,0.0,0,0.0,0,0.00,0.2,1,true,completed
CV_h8s10n4.txt,BBLCT,10,8,60,60,600.0,0,0.0,1,1.7,5,592.71,4.7,184,true,completed
CV_h8s10n40.txt,BBLCT,10,8,60,60,600.0,0,0.0,1,1.7,5,595.95,8.2,245,true,completed
CV_h8s10n5.txt,BBLCT,10,8,60,60,600.0,0,0.0,1,1.7,5,594.28,6.1,178,true,completed
CV_h8s10n6.txt,BBLCT,10,8,60,60,600.0,0,0.0,2,3.3,5,599.16,5.2,182,true,completed
CV_h8s10n7.txt,BBLCT,10,8,60,60,600.0,0,0.0,1,1.7,4,570.52,6.8,228,true,completed
CV_h8s10n8.txt,BBLCT,10,8,60,60,600.0,1,1.7,2,3.3,5,599.16,7.0,166,true,completed
CV_h8s10n9.txt,BBLCT,10,8,60,60,600.0,1,1.7,3,5.0,1,115.48,11.9,301,true,completed
CV_h8s6n1.txt,BBLCT,6,8,36,36,600.0,0,0.0,2,5.6,5,598.51,0.7,68,true,completed
CV_h8s6n10.txt,BBLCT,6,8,36,36,600.0,1,2.8,5,13.9,5,581.67,0.8,71,true,completed
CV_h8s6n11.txt,BBLCT,6,8,36,36,600.0,0,0.0,1,2.8,4,531.37,1.4,183,true,completed
CV_h8s6n12.txt,BBLCT,6,8,36,36,600.0,1,2.8,3,8.3,3,331.55,0.9,81,true,completed
CV_h8s6n13.txt,BBLCT,6,8,36,36,600.0,0,0.0,5,13.9,5,550.13,1.0,116,true,completed
CV_h8s6n14.txt,BBLCT,6,8,36,36,600.0,0,0.0,5,13.9,5,581.03,0.7,68,true,completed
CV_h8s6n15.txt,BBLCT,6,8,36,36,600.0,0,0.0,1,2.8,4,492.38,0.7,92,true,completed
CV_h8s6n16.txt,BBLCT,6,8,36,36,600.0,0,0.0,2,5.6,5,597.43,0.9,94,true,completed
CV_h8s6n17.txt,BBLCT,6,8,36,36,600.0,0,0.0,2,5.6,5,591.23,0.7,63,true,completed
CV_h8s6n18.txt,BBLCT,6,8,36,36,600.0,1,2.8,2,5.6,5,586.27,0.7,68,true,completed
CV_h8s6n19.txt,BBLCT,6,8,36,36,600.0,0,0.0,1,2.8,5,583.72,0.6,61,true,completed
CV_h8s6n2.txt,BBLCT,6,8,36,36,600.0,0,0.0,1,2.8,4,501.75,0.8,115,true,completed
CV_h8s6n20.txt,BBLCT,6,8,36,36,600.0,0,0.0,2,5.6,5,592.20,0.6,64,true,completed
CV_h8s6n21.txt,BBLCT,6,8,36,36,600.0,0,0.0,1,2.8,4,545.81,0.9,105,true,completed
CV_h8s6n22.txt,BBLCT,6,8,36,36,600.0,0,0.0,1,2.8,5,592.52,0.5,60,true,completed
CV_h8s6n23.txt,BBLCT,6,8,36,36,600.0,1,2.8,5,13.9,5,597.60,1.0,81,true,completed
CV_h8s6n24.txt,BBLCT,6,8,36,36,600.0,0,0.0,0,0.0,0,0.00,0.1,1,true,completed
CV_h8s6n25.txt,BBLCT,6,8,36,36,600.0,0,0.0,1,2.8,5,597.55,0.5,59,true,completed
CV_h8s6n26.txt,BBLCT,6,8,36,36,600.0,0,0.0,1,2.8,4,492.38,0.6,92,true,completed
CV_h8s6n27.txt,BBLCT,6,8,36,36,600.0,0,0.0,1,2.8,4,531.37,1.1,163,true,completed
CV_h8s6n28.txt,BBLCT,6,8,36,36,600.0,0,0.0,4,11.1,5,560.79,0.9,104,true,completed
CV_h8s6n29.txt,BBLCT,6,8,36,36,600.0,0,0.0,1,2.8,4,492.38,0.6,92,true,completed
CV_h8s6n3.txt,BBLCT,6,8,36,36,600.0,0,0.0,0,0.0,0,0.00,0.1,1,true,completed
CV_h8s6n30.txt,BBLCT,6,8,36,36,600.0,0,0.0,1,2.8,4,497.74,0.8,129,true,completed
CV_h8s6n31.txt,BBLCT,6,8,36,36,600.0,0,0.0,1,2.8,5,592.52,0.5,60,true,completed
CV_h8s6n32.txt,BBLCT,6,8,36,36,600.0,0,0.0,2,5.6,5,590.80,0.8,82,true,completed
CV_h8s6n33.txt,BBLCT,6,8,36,36,600.0,0,0.0,3,8.3,5,546.73,0.9,105,true,completed
CV_h8s6n34.txt,BBLCT,6,8,36,36,600.0,0,0.0,0,0.0,0,0.00,0.1,1,true,completed
CV_h8s6n35.txt,BBLCT,6,8,36,36,600.0,1,2.8,2,5.6,4,518.19,1.1,133,true,completed
CV_h8s6n36.txt,BBLCT,6,8,36,36,600.0,1,2.8,2,5.6,1,110.47,0.8,85,true,completed
CV_h8s6n37.txt,BBLCT,6,8,36,36,600.0,1,2.8,2,5.6,4,532.63,1.0,98,true,completed
CV_h8s6n38.txt,BBLCT,6,8,36,36,600.0,0,0.0,3,8.3,4,497.74,0.6,73,true,completed
CV_h8s6n39.txt,BBLCT,6,8,36,36,600.0,0,0.0,2,5.6,3,358.13,0.7,93,true,completed
CV_h8s6n4.txt,BBLCT,6,8,36,36,600.0,0,0.0,1,2.8,5,599.89,0.4,42,true,completed
CV_h8s6n40.txt,BBLCT,6,8,36,36,600.0,0,0.0,0,0.0,0,0.00,0.1,1,true,completed
CV_h8s6n5.txt,BBLCT,6,8,36,36,600.0,0,0.0,0,0.0,0,0.00,0.1,1,true,completed
CV_h8s6n6.txt,BBLCT,6,8,36,36,600.0,1,2.8,1,2.8,0,0.00,0.1,1,true,completed
CV_h8s6n7.txt,BBLCT,6,8,36,36,600.0,0,0.0,2,5.6,5,582.05,0.7,92,true,completed
CV_h8s6n8.txt,BBLCT,6,8,36,36,600.0,0,0.0,2,5.6,1,109.17,0.9,123,true,completed
CV_h8s6n9.txt,BBLCT,6,8,36,36,600.0,0,0.0,1,2.8,5,599.89,0.4,42,true,completed
CV_h12s10n1.txt,BBLCT,10,12,100,100,900.0,0,0.0,0,0.0,0,0.00,0.2,1,true,completed
CV_h12s10n10.txt,BBLCT,10,12,100,100,900.0,1,1.0,1,1.0,0,0.00,0.2,1,true,completed
CV_h12s10n11.txt,BBLCT,10,12,100,100,900.0,0,0.0,1,1.0,6,823.71,1.7,56,true,completed
CV_h12s10n12.txt,BBLCT,10,12,100,100,900.0,0,0.0,1,1.0,7,895.62,7.0,192,true,completed
CV_h12s10n13.txt,BBLCT,10,12,100,100,900.0,0,0.0,2,2.0,1,110.43,14.1,387,true,completed
CV_h12s10n14.txt,BBLCT,10,12,100,100,900.0,0,0.0,3,3.0,8,899.28,34.0,797,true,completed
CV_h12s10n15.txt,BBLCT,10,12,100,100,900.0,0,0.0,0,0.0,0,0.00,0.2,1,true,completed
CV_h12s10n16.txt,BBLCT,10,12,100,100,900.0,0,0.0,3,3.0,8,896.21,16.5,466,true,completed
CV_h12s10n17.txt,BBLCT,10,12,100,100,900.0,0,0.0,1,1.0,7,889.07,10.8,275,true,completed
CV_h12s10n18.txt,BBLCT,10,12,100,100,900.0,0,0.0,0,0.0,0,0.00,0.2,1,true,completed
CV_h12s10n19.txt,BBLCT,10,12,100,100,900.0,0,0.0,2,2.0,7,897.90,70.0,1602,true,completed
CV_h12s10n2.txt,BBLCT,10,12,100,100,900.0,0,0.0,4,4.0,7,899.76,61.8,1281,true,completed
CV_h12s10n20.txt,BBLCT,10,12,100,100,900.0,0,0.0,2,2.0,7,899.94,20.5,503,true,completed
CV_h12s10n21.txt,BBLCT,10,12,100,100,900.0,0,0.0,0,0.0,0,0.00,0.2,1,true,completed
CV_h12s10n22.txt,BBLCT,10,12,100,100,900.0,0,0.0,0,0.0,0,0.00,0.2,1,true,completed
CV_h12s10n23.txt,BBLCT,10,12,100,100,900.0,0,0.0,2,2.0,7,899.98,9.5,236,true,completed
CV_h12s10n24.txt,BBLCT,10,12,100,100,900.0,0,0.0,0,0.0,0,0.00,0.2,1,true,completed
CV_h12s10n25.txt,BBLCT,10,12,100,100,900.0,0,0.0,0,0.0,0,0.00,0.2,1,true,completed
CV_h12s10n26.txt,BBLCT,10,12,100,100,900.0,1,1.0,2,2.0,7,889.07,13.7,275,true,completed
CV_h12s10n27.txt,BBLCT,10,12,100,100,900.0,0,0.0,2,2.0,6,835.09,3.0,97,true,completed
CV_h12s10n28.txt,BBLCT,10,12,100,100,900.0,0,0.0,0,0.0,0,0.00,0.2,1,true,completed
CV_h12s10n29.txt,BBLCT,10,12,100,100,900.0,0,0.0,2,2.0,8,899.42,15.1,357,true,completed
CV_h12s10n3.txt,BBLCT,10,12,100,100,900.0,0,0.0,3,3.0,7,895.21,15.1,434,true,completed
CV_h12s10n30.txt,BBLCT,10,12,100,100,900.0,0,0.0,1,1.0,7,889.07,10.7,275,true,completed
CV_h12s10n31.txt,BBLCT,10,12,100,100,900.0,1,1.0,1,1.0,0,0.00,0.2,1,true,completed
CV_h12s10n32.txt,BBLCT,10,12,100,100,900.0,1,1.0,1,1.0,0,0.00,0.2,1,true,completed
CV_h12s10n33.txt,BBLCT,10,12,100,100,900.0,0,0.0,0,0.0,0,0.00,0.2,1,true,completed
CV_h12s10n34.txt,BBLCT,10,12,100,100,900.0,0,0.0,1,1.0,7,895.57,8.3,193,true,completed
CV_h12s10n35.txt,BBLCT,10,12,100,100,900.0,1,1.0,2,2.0,7,839.27,9.8,215,true,completed
CV_h12s10n36.txt,BBLCT,10,12,100,100,900.0,0,0.0,3,3.0,8,893.52,34.2,930,true,completed
CV_h12s10n37.txt,BBLCT,10,12,100,100,900.0,4,4.0,5,5.0,6,886.97,3.9,48,true,completed
CV_h12s10n38.txt,BBLCT,10,12,100,100,900.0,0,0.0,0,0.0,0,0.00,0.2,1,true,completed
CV_h12s10n39.txt,BBLCT,10,12,100,100,900.0,0,0.0,0,0.0,0,0.00,0.2,1,true,completed
CV_h12s10n4.txt,BBLCT,10,12,100,100,900.0,0,0.0,0,0.0,0,0.00,0.2,1,true,completed
CV_h12s10n40.txt,BBLCT,10,12,100,100,900.0,1,1.0,2,2.0,7,886.49,12.4,258,true,completed
CV_h12s10n5.txt,BBLCT,10,12,100,100,900.0,0,0.0,0,0.0,0,0.00,0.2,1,true,completed
CV_h12s10n6.txt,BBLCT,10,12,100,100,900.0,0,0.0,1,1.0,1,111.69,15.2,429,true,completed
CV_h12s10n7.txt,BBLCT,10,12,100,100,900.0,0,0.0,0,0.0,0,0.00,0.2,1,true,completed
CV_h12s10n8.txt,BBLCT,10,12,100,100,900.0,0,0.0,1,1.0,7,877.41,9.3,269,true,completed
CV_h12s10n9.txt,BBLCT,10,12,100,100,900.0,0,0.0,0,0.0,0,0.00,0.2,1,true,completed
CV_h12s6n1.txt,BBLCT,6,12,60,60,900.0,0,0.0,0,0.0,0,0.00,0.1,1,true,completed
CV_h12s6n10.txt,BBLCT,6,12,60,60,900.0,0,0.0,0,0.0,0,0.00,0.1,1,true,completed
CV_h12s6n11.txt,BBLCT,6,12,60,60,900.0,0,0.0,2,3.3,7,850.59,1.1,108,true,completed
CV_h12s6n12.txt,BBLCT,6,12,60,60,900.0,0,0.0,2,3.3,7,897.18,1.0,88,true,completed
CV_h12s6n13.txt,BBLCT,6,12,60,60,900.0,0,0.0,0,0.0,0,0.00,0.1,1,true,completed
CV_h12s6n14.txt,BBLCT,6,12,60,60,900.0,0,0.0,2,3.3,6,762.23,1.2,128,true,completed
CV_h12s6n15.txt,BBLCT,6,12,60,60,900.0,0,0.0,2,3.3,6,871.19,0.4,38,true,completed
CV_h12s6n16.txt,BBLCT,6,12,60,60,900.0,0,0.0,2,3.3,7,889.06,0.8,72,true,completed
CV_h12s6n17.txt,BBLCT,6,12,60,60,900.0,1,1.7,2,3.3,6,833.76,0.4,30,true,completed
CV_h12s6n18.txt,BBLCT,6,12,60,60,900.0,1,1.7,2,3.3,6,851.62,0.7,66,true,completed
CV_h12s6n19.txt,BBLCT,6,12,60,60,900.0,0,0.0,0,0.0,0,0.00,0.1,1,true,completed
CV_h12s6n2.txt,BBLCT,6,12,60,60,900.0,0,0.0,1,1.7,6,833.76,0.4,35,true,completed
CV_h12s6n20.txt,BBLCT,6,12,60,60,900.0,0,0.0,1,1.7,7,893.96,0.7,66,true,completed
CV_h12s6n21.txt,BBLCT,6,12,60,60,900.0,0,0.0,4,6.7,8,865.90,1.4,146,true,completed
CV_h12s6n22.txt,BBLCT,6,12,60,60,900.0,0,0.0,3,5.0,7,828.84,4.0,442,true,completed
CV_h12s6n23.txt,BBLCT,6,12,60,60,900.0,0,0.0,2,3.3,7,897.09,0.8,81,true,completed
CV_h12s6n24.txt,BBLCT,6,12,60,60,900.0,0,0.0,1,1.7,7,894.98,0.9,85,true,completed
CV_h12s6n25.txt,BBLCT,6,12,60,60,900.0,0,0.0,3,5.0,7,835.27,13.3,2262,true,completed
CV_h12s6n26.txt,BBLCT,6,12,60,60,900.0,0,0.0,3,5.0,7,884.11,1.1,106,true,completed
CV_h12s6n27.txt,BBLCT,6,12,60,60,900.0,0,0.0,2,3.3,4,455.36,1.2,125,true,completed
CV_h12s6n28.txt,BBLCT,6,12,60,60,900.0,0,0.0,2,3.3,7,867.52,1.7,246,true,completed
CV_h12s6n29.txt,BBLCT,6,12,60,60,900.0,0,0.0,0,0.0,0,0.00,0.1,1,true,completed
CV_h12s6n3.txt,BBLCT,6,12,60,60,900.0,0,0.0,0,0.0,0,0.00,0.1,1,true,completed
CV_h12s6n30.txt,BBLCT,6,12,60,60,900.0,0,0.0,1,1.7,4,497.74,0.8,97,true,completed
CV_h12s6n31.txt,BBLCT,6,12,60,60,900.0,0,0.0,0,0.0,0,0.00,0.1,1,true,completed
CV_h12s6n32.txt,BBLCT,6,12,60,60,900.0,0,0.0,1,1.7,7,882.83,0.8,89,true,completed
CV_h12s6n33.txt,BBLCT,6,12,60,60,900.0,0,0.0,1,1.7,7,899.14,1.0,101,true,completed
CV_h12s6n34.txt,BBLCT,6,12,60,60,900.0,0,0.0,1,1.7,6,840.30,0.4,32,true,completed
CV_h12s6n35.txt,BBLCT,6,12,60,60,900.0,0,0.0,0,0.0,0,0.00,0.1,1,true,completed
CV_h12s6n36.txt,BBLCT,6,12,60,60,900.0,0,0.0,1,1.7,5,662.66,0.9,107,true,completed
CV_h12s6n37.txt,BBLCT,6,12,60,60,900.0,0,0.0,6,10.0,7,857.17,4.6,709,true,completed
CV_h12s6n38.txt,BBLCT,6,12,60,60,900.0,1,1.7,2,3.3,6,824.97,0.4,29,true,completed
CV_h12s6n39.txt,BBLCT,6,12,60,60,900.0,0,0.0,5,8.3,8,897.63,15.6,1905,true,completed
CV_h12s6n4.txt,BBLCT,6,12,60,60,900.0,0,0.0,0,0.0,0,0.00,0.1,1,true,completed
CV_h12s6n40.txt,BBLCT,6,12,60,60,900.0,0,0.0,0,0.0,0,0.00,0.1,1,true,completed
CV_h12s6n5.txt,BBLCT,6,12,60,60,900.0,0,0.0,2,3.3,7,877.41,0.8,88,true,completed
CV_h12s6n6.txt,BBLCT,6,12,60,60,900.0,0,0.0,2,3.3,7,887.89,1.1,121,true,completed
CV_h12s6n7.txt,BBLCT,6,12,60,60,900.0,0,0.0,0,0.0,0,0.00,0.1,1,true,completed
CV_h12s6n8.txt,BBLCT,6,12,60,60,900.0,0,0.0,0,0.0,0,0.00,0.1,1,true,completed
CV_h12s6n9.txt,BBLCT,6,12,60,60,900.0,0,0.0,1,1.7,7,798.65,1.4,179,true,completed
CV_h5s3n1.txt,BBLCT,3,5,9,9,900.0,1,11.1,4,44.4,7,798.65,0.5,430,true,completed
CV_h5s3n10.txt,BBLCT,3,5,9,9,900.0,0,0.0,5,55.6,7,768.00,0.6,503,true,completed
CV_h5s3n11.txt,BBLCT,3,5,9,9,900.0,2,22.2,9,100.0,8,870.90,0.7,516,true,completed
CV_h5s3n12.txt,BBLCT,3,5,9,9,900.0,0,0.0,7,77.8,8,888.56,0.5,276,true,completed
CV_h5s3n13.txt,BBLCT,3,5,9,9,900.0,0,0.0,3,33.3,4,473.87,0.2,105,true,completed
CV_h5s3n14.txt,BBLCT,3,5,9,9,900.0,0,0.0,5,55.6,8,887.10,0.5,421,true,completed
CV_h5s3n15.txt,BBLCT,3,5,9,9,900.0,0,0.0,4,44.4,8,867.12,0.5,396,true,completed
CV_h5s3n16.txt,BBLCT,3,5,9,9,900.0,0,0.0,4,44.4,8,876.81,0.3,240,true,completed
CV_h5s3n17.txt,BBLCT,3,5,9,9,900.0,2,22.2,3,33.3,2,229.47,0.4,217,true,completed
CV_h5s3n18.txt,BBLCT,3,5,9,9,900.0,0,0.0,9,100.0,7,813.67,0.3,117,true,completed
CV_h5s3n19.txt,BBLCT,3,5,9,9,900.0,0,0.0,4,44.4,8,884.62,0.5,421,true,completed
CV_h5s3n2.txt,BBLCT,3,5,9,9,900.0,0,0.0,6,66.7,8,899.95,0.4,256,true,completed
CV_h5s3n20.txt,BBLCT,3,5,9,9,900.0,0,0.0,5,55.6,8,884.62,0.4,275,true,completed
CV_h5s3n21.txt,BBLCT,3,5,9,9,900.0,1,11.1,3,33.3,7,798.65,0.2,49,true,completed
CV_h5s3n22.txt,BBLCT,3,5,9,9,900.0,2,22.2,4,44.4,5,571.16,0.4,213,true,completed
CV_h5s3n23.txt,BBLCT,3,5,9,9,900.0,0,0.0,4,44.4,8,879.41,0.3,250,true,completed
CV_h5s3n24.txt,BBLCT,3,5,9,9,900.0,1,11.1,4,44.4,8,897.35,0.2,56,true,completed
CV_h5s3n25.txt,BBLCT,3,5,9,9,900.0,0,0.0,4,44.4,7,801.40,0.6,528,true,completed
CV_h5s3n26.txt,BBLCT,3,5,9,9,900.0,0,0.0,9,100.0,8,897.35,0.2,46,true,completed
CV_h5s3n27.txt,BBLCT,3,5,9,9,900.0,0,0.0,9,100.0,8,867.12,0.3,202,true,completed
CV_h5s3n28.txt,BBLCT,3,5,9,9,900.0,0,0.0,4,44.4,8,869.59,0.3,165,true,completed
CV_h5s3n29.txt,BBLCT,3,5,9,9,900.0,0,0.0,5,55.6,7,842.64,0.3,271,true,completed
CV_h5s3n3.txt,BBLCT,3,5,9,9,900.0,0,0.0,9,100.0,5,537.78,0.2,54,true,completed
CV_h5s3n30.txt,BBLCT,3,5,9,9,900.0,0,0.0,5,55.6,4,440.44,0.3,118,true,completed
CV_h5s3n31.txt,BBLCT,3,5,9,9,900.0,0,0.0,9,100.0,8,880.83,0.3,162,true,completed
CV_h5s3n32.txt,BBLCT,3,5,9,9,900.0,1,11.1,9,100.0,8,859.11,0.2,43,true,completed
CV_h5s3n33.txt,BBLCT,3,5,9,9,900.0,1,11.1,9,100.0,7,796.84,0.4,234,true,completed
CV_h5s3n34.txt,BBLCT,3,5,9,9,900.0,0,0.0,3,33.3,7,798.65,0.2,129,true,completed
CV_h5s3n35.txt,BBLCT,3,5,9,9,900.0,0,0.0,5,55.6,4,473.87,0.3,145,true,completed
CV_h5s3n36.txt,BBLCT,3,5,9,9,900.0,0,0.0,3,33.3,8,884.50,0.2,122,true,completed
CV_h5s3n37.txt,BBLCT,3,5,9,9,900.0,0,0.0,5,55.6,7,801.40,0.3,241,true,completed
CV_h5s3n38.txt,BBLCT,3,5,9,9,900.0,0,0.0,6,66.7,8,864.43,0.3,121,true,completed
CV_h5s3n39.txt,BBLCT,3,5,9,9,900.0,9,100.0,9,100.0,0,0.00,0.1,1,true,completed
CV_h5s3n4.txt,BBLCT,3,5,9,9,900.0,1,11.1,9,100.0,8,879.66,0.2,111,true,completed
CV_h5s3n40.txt,BBLCT,3,5,9,9,900.0,1,11.1,5,55.6,8,897.35,0.4,189,true,completed
CV_h5s3n5.txt,BBLCT,3,5,9,9,900.0,4,44.4,9,100.0,7,757.56,0.2,24,true,completed
CV_h5s3n6.txt,BBLCT,3,5,9,9,900.0,0,0.0,7,77.8,7,841.31,0.3,204,true,completed
CV_h5s3n7.txt,BBLCT,3,5,9,9,900.0,0,0.0,9,100.0,8,886.31,0.4,276,true,completed
CV_h5s3n8.txt,BBLCT,3,5,9,9,900.0,1,11.1,9,100.0,8,888.85,0.2,59,true,completed
CV_h5s3n9.txt,BBLCT,3,5,9,9,900.0,0,0.0,3,33.3,8,898.77,0.2,112,true,completed
CV_h5s4n1.txt,BBLCT,4,5,12,12,900.0,2,16.7,6,50.0,5,579.17,4.7,1665,true,completed
CV_h5s4n10.txt,BBLCT,4,5,12,12,900.0,0,0.0,3,25.0,4,439.95,1.7,1100,true,completed
CV_h5s4n11.txt,BBLCT,4,5,12,12,900.0,1,8.3,5,41.7,8,884.31,0.4,114,true,completed
CV_h5s4n12.txt,BBLCT,4,5,12,12,900.0,1,8.3,10,83.3,8,892.29,7.6,3521,true,completed
CV_h5s4n13.txt,BBLCT,4,5,12,12,900.0,1,8.3,12,100.0,8,864.14,0.5,150,true,completed
CV_h5s4n14.txt,BBLCT,4,5,12,12,900.0,0,0.0,5,41.7,8,892.16,3.4,1861,true,completed
CV_h5s4n15.txt,BBLCT,4,5,12,12,900.0,0,0.0,8,66.7,5,586.56,0.6,175,true,completed
CV_h5s4n16.txt,BBLCT,4,5,12,12,900.0,0,0.0,3,25.0,4,447.82,1.9,1173,true,completed
CV_h5s4n17.txt,BBLCT,4,5,12,12,900.0,0,0.0,12,100.0,7,797.89,27.8,11226,true,completed
CV_h5s4n18.txt,BBLCT,4,5,12,12,900.0,0,0.0,6,50.0,7,865.15,6.0,3006,true,completed
CV_h5s4n19.txt,BBLCT,4,5,12,12,900.0,0,0.0,7,58.3,7,837.51,2.9,1429,true,completed
CV_h5s4n2.txt,BBLCT,4,5,12,12,900.0,0,0.0,12,100.0,8,897.69,8.7,3521,true,completed
CV_h5s4n20.txt,BBLCT,4,5,12,12,900.0,0,0.0,9,75.0,8,897.21,7.9,3612,true,completed
CV_h5s4n21.txt,BBLCT,4,5,12,12,900.0,1,8.3,6,50.0,7,864.51,12.6,5722,true,completed
CV_h5s4n22.txt,BBLCT,4,5,12,12,900.0,0,0.0,6,50.0,5,561.87,1.0,398,true,completed
CV_h5s4n23.txt,BBLCT,4,5,12,12,900.0,3,25.0,12,100.0,8,897.35,0.3,84,true,completed
CV_h5s4n24.txt,BBLCT,4,5,12,12,900.0,0,0.0,5,41.7,8,892.22,16.6,8397,true,completed
CV_h5s4n25.txt,BBLCT,4,5,12,12,900.0,0,0.0,6,50.0,8,899.38,0.9,368,true,completed
CV_h5s4n26.txt,BBLCT,4,5,12,12,900.0,1,8.3,12,100.0,8,896.30,12.0,5120,true,completed
CV_h5s4n27.txt,BBLCT,4,5,12,12,900.0,4,33.3,12,100.0,5,547.71,0.2,42,true,completed
CV_h5s4n28.txt,BBLCT,4,5,12,12,900.0,0,0.0,4,33.3,7,840.35,1.9,1035,true,completed
CV_h5s4n29.txt,BBLCT,4,5,12,12,900.0,0,0.0,4,33.3,5,595.65,2.2,1224,true,completed
CV_h5s4n3.txt,BBLCT,4,5,12,12,900.0,1,8.3,6,50.0,8,898.53,3.5,1544,true,completed
CV_h5s4n30.txt,BBLCT,4,5,12,12,900.0,0,0.0,6,50.0,7,828.57,6.6,3183,true,completed
CV_h5s4n31.txt,BBLCT,4,5,12,12,900.0,0,0.0,12,100.0,8,898.08,7.2,3080,true,completed
CV_h5s4n32.txt,BBLCT,4,5,12,12,900.0,0,0.0,2,16.7,4,456.62,1.7,1099,true,completed
CV_h5s4n33.txt,BBLCT,4,5,12,12,900.0,0,0.0,4,33.3,7,814.14,0.4,127,true,completed
CV_h5s4n34.txt,BBLCT,4,5,12,12,900.0,0,0.0,6,50.0,8,872.80,1.1,413,true,completed
CV_h5s4n35.txt,BBLCT,4,5,12,12,900.0,1,8.3,8,66.7,4,462.25,2.4,1015,true,completed
CV_h5s4n36.txt,BBLCT,4,5,12,12,900.0,0,0.0,4,33.3,8,894.87,1.9,942,true,completed
CV_h5s4n37.txt,BBLCT,4,5,12,12,900.0,3,25.0,7,58.3,5,590.02,3.0,1070,true,completed
CV_h5s4n38.txt,BBLCT,4,5,12,12,900.0,2,16.7,12,100.0,8,860.29,5.5,2160,true,completed
CV_h5s4n39.txt,BBLCT,4,5,12,12,900.0,0,0.0,12,100.0,7,817.23,3.4,1562,true,completed
CV_h5s4n4.txt,BBLCT,4,5,12,12,900.0,0,0.0,12,100.0,8,887.22,1.0,429,true,completed
CV_h5s4n40.txt,BBLCT,4,5,12,12,900.0,0,0.0,12,100.0,8,896.01,0.2,67,true,completed
CV_h5s4n5.txt,BBLCT,4,5,12,12,900.0,1,8.3,7,58.3,7,823.52,7.0,3483,true,completed
CV_h5s4n6.txt,BBLCT,4,5,12,12,900.0,0,0.0,5,41.7,8,895.06,0.4,145,true,completed
CV_h5s4n7.txt,BBLCT,4,5,12,12,900.0,0,0.0,3,25.0,8,875.56,0.6,216,true,completed
CV_h5s4n8.txt,BBLCT,4,5,12,12,900.0,2,16.7,8,66.7,8,846.07,1.8,623,true,completed
CV_h5s4n9.txt,BBLCT,4,5,12,12,900.0,0,0.0,12,100.0,7,840.11,1.1,446,true,completed
CV_h5s5n1.txt,BBLCT,5,5,15,15,900.0,1,6.7,8,53.3,8,896.30,33.1,6671,true,completed
CV_h5s5n10.txt,BBLCT,5,5,15,15,900.0,3,20.0,13,86.7,7,810.42,8.2,1541,true,completed
CV_h5s5n11.txt,BBLCT,5,5,15,15,900.0,0,0.0,4,26.7,7,881.22,35.9,11132,true,completed
CV_h5s5n12.txt,BBLCT,5,5,15,15,900.0,0,0.0,8,53.3,8,896.56,10.5,2956,true,completed
CV_h5s5n13.txt,BBLCT,5,5,15,15,900.0,0,0.0,5,33.3,7,835.84,2.0,524,true,completed
CV_h5s5n14.txt,BBLCT,5,5,15,15,900.0,0,0.0,15,100.0,7,853.98,606.0,122683,true,completed
CV_h5s5n15.txt,BBLCT,5,5,15,15,900.0,0,0.0,7,46.7,4,437.10,49.8,10759,true,completed
CV_h5s5n16.txt,BBLCT,5,5,15,15,900.0,0,0.0,6,40.0,8,887.24,9.0,2257,true,completed
CV_h5s5n17.txt,BBLCT,5,5,15,15,900.0,0,0.0,11,73.3,5,584.22,42.5,10064,true,completed
CV_h5s5n18.txt,BBLCT,5,5,15,15,900.0,1,6.7,13,86.7,7,852.48,55.0,9260,true,completed
CV_h5s5n19.txt,BBLCT,5,5,15,15,900.0,1,6.7,8,53.3,7,843.35,1.5,289,true,completed
CV_h5s5n2.txt,BBLCT,5,5,15,15,900.0,0,0.0,5,33.3,8,876.57,4.7,1552,true,completed
CV_h5s5n20.txt,BBLCT,5,5,15,15,900.0,0,0.0,8,53.3,5,592.04,6.9,1885,true,completed
CV_h5s5n21.txt,BBLCT,5,5,15,15,900.0,0,0.0,7,46.7,6,682.48,6.7,1756,true,completed
CV_h5s5n22.txt,BBLCT,5,5,15,15,900.0,1,6.7,5,33.3,8,875.28,7.7,1989,true,completed
CV_h5s5n23.txt,BBLCT,5,5,15,15,900.0,1,6.7,6,40.0,8,892.29,10.2,2240,true,completed
CV_h5s5n24.txt,BBLCT,5,5,15,15,900.0,0,0.0,4,26.7,8,887.99,2.0,568,true,completed
CV_h5s5n25.txt,BBLCT,5,5,15,15,900.0,2,13.3,11,73.3,4,451.98,43.0,7840,true,completed
CV_h5s5n26.txt,BBLCT,5,5,15,15,900.0,0,0.0,7,46.7,7,868.35,24.7,6592,true,completed
CV_h5s5n27.txt,BBLCT,5,5,15,15,900.0,0,0.0,11,73.3,7,826.95,4.6,1219,true,completed
CV_h5s5n28.txt,BBLCT,5,5,15,15,900.0,0,0.0,9,60.0,8,868.14,5.3,1188,true,completed
CV_h5s5n29.txt,BBLCT,5,5,15,15,900.0,0,0.0,8,53.3,8,895.73,15.2,4187,true,completed
CV_h5s5n3.txt,BBLCT,5,5,15,15,900.0,0,0.0,6,40.0,8,876.43,5.3,1267,true,completed
CV_h5s5n30.txt,BBLCT,5,5,15,15,900.0,0,0.0,15,100.0,8,897.29,19.1,4681,true,completed
CV_h5s5n31.txt,BBLCT,5,5,15,15,900.0,1,6.7,6,40.0,8,873.51,13.6,3688,true,completed
CV_h5s5n32.txt,BBLCT,5,5,15,15,900.0,0,0.0,5,33.3,5,593.94,6.6,1891,true,completed
CV_h5s5n33.txt,BBLCT,5,5,15,15,900.0,1,6.7,10,66.7,4,456.01,8.3,1686,true,completed
CV_h5s5n34.txt,BBLCT,5,5,15,15,900.0,0,0.0,6,40.0,6,706.29,45.0,11552,true,completed
CV_h5s5n35.txt,BBLCT,5,5,15,15,900.0,1,6.7,10,66.7,8,882.61,19.3,3786,true,completed
CV_h5s5n36.txt,BBLCT,5,5,15,15,900.0,1,6.7,9,60.0,8,874.94,5.6,1177,true,completed
CV_h5s5n37.txt,BBLCT,5,5,15,15,900.0,0,0.0,4,26.7,7,880.48,13.1,6156,true,completed
CV_h5s5n38.txt,BBLCT,5,5,15,15,900.0,0,0.0,15,100.0,8,891.16,0.8,211,true,completed
CV_h5s5n39.txt,BBLCT,5,5,15,15,900.0,0,0.0,9,60.0,8,898.48,39.2,7837,true,completed
CV_h5s5n4.txt,BBLCT,5,5,15,15,900.0,0,0.0,15,100.0,8,868.37,6.6,1571,true,completed
CV_h5s5n40.txt,BBLCT,5,5,15,15,900.0,2,13.3,9,60.0,8,862.13,22.2,4190,true,completed
CV_h5s5n5.txt,BBLCT,5,5,15,15,900.0,0,0.0,5,33.3,7,895.71,12.0,4140,true,completed
CV_h5s5n6.txt,BBLCT,5,5,15,15,900.0,0,0.0,7,46.7,7,883.50,21.2,6227,true,completed
CV_h5s5n7.txt,BBLCT,5,5,15,15,900.0,0,0.0,15,100.0,8,897.91,9.1,2047,true,completed
CV_h5s5n8.txt,BBLCT,5,5,15,15,900.0,0,0.0,7,46.7,7,860.52,50.6,16217,true,completed
CV_h5s5n9.txt,BBLCT,5,5,15,15,900.0,0,0.0,6,40.0,7,854.33,60.1,16928,true,completed
CV_h5s6n1.txt,BBLCT,6,5,18,18,900.0,0,0.0,4,22.2,6,686.71,7.8,1374,true,completed
CV_h5s6n10.txt,BBLCT,6,5,18,18,900.0,1,5.6,12,66.7,8,893.35,331.7,41856,true,completed
CV_h5s6n11.txt,BBLCT,6,5,18,18,900.0,3,16.7,18,100.0,8,888.08,1.8,294,true,completed
CV_h5s6n12.txt,BBLCT,6,5,18,18,900.0,0,0.0,6,33.3,8,888.47,7.8,1415,true,completed
CV_h5s6n13.txt,BBLCT,6,5,18,18,900.0,0,0.0,12,66.7,8,899.56,7.0,1284,true,completed
CV_h5s6n14.txt,BBLCT,6,5,18,18,900.0,0,0.0,8,44.4,7,883.91,331.0,59646,true,completed
CV_h5s6n15.txt,BBLCT,6,5,18,18,900.0,0,0.0,6,33.3,8,893.19,9.1,1486,true,completed
CV_h5s6n16.txt,BBLCT,6,5,18,18,900.0,0,0.0,4,22.2,5,559.03,242.1,47125,true,completed
CV_h5s6n17.txt,BBLCT,6,5,18,18,900.0,0,0.0,7,38.9,7,898.65,117.7,24074,true,completed
CV_h5s6n18.txt,BBLCT,6,5,18,18,900.0,2,11.1,16,88.9,8,880.42,170.2,15058,true,completed
CV_h5s6n19.txt,BBLCT,6,5,18,18,900.0,0,0.0,5,27.8,7,869.01,83.3,17736,true,completed
CV_h5s6n2.txt,BBLCT,6,5,18,18,900.0,0,0.0,15,83.3,7,806.11,57.3,8964,true,completed
CV_h5s6n20.txt,BBLCT,6,5,18,18,900.0,0,0.0,10,55.6,8,883.40,2.8,388,true,completed
CV_h5s6n21.txt,BBLCT,6,5,18,18,900.0,1,5.6,6,33.3,8,899.91,12.6,1993,true,completed
CV_h5s6n22.txt,BBLCT,6,5,18,18,900.0,0,0.0,3,16.7,5,552.70,161.5,36878,true,completed
CV_h5s6n23.txt,BBLCT,6,5,18,18,900.0,0,0.0,7,38.9,7,892.10,7.9,1298,true,completed
CV_h5s6n24.txt,BBLCT,6,5,18,18,900.0,0,0.0,6,33.3,7,880.25,1.6,244,true,completed
CV_h5s6n25.txt,BBLCT,6,5,18,18,900.0,1,5.6,13,72.2,7,879.83,3.4,416,true,completed
CV_h5s6n26.txt,BBLCT,6,5,18,18,900.0,0,0.0,3,16.7,5,550.13,178.1,36383,true,completed
CV_h5s6n27.txt,BBLCT,6,5,18,18,900.0,1,5.6,5,27.8,8,898.07,9.4,1630,true,completed
CV_h5s6n28.txt,BBLCT,6,5,18,18,900.0,2,11.1,13,72.2,8,886.86,73.2,6707,true,completed
CV_h5s6n29.txt,BBLCT,6,5,18,18,900.0,0,0.0,7,38.9,8,899.55,185.4,30635,true,completed
CV_h5s6n3.txt,BBLCT,6,5,18,18,900.0,0,0.0,6,33.3,7,837.61,23.4,3365,true,completed
CV_h5s6n30.txt,BBLCT,6,5,18,18,900.0,4,22.2,9,50.0,7,838.42,136.3,15055,true,completed
CV_h5s6n31.txt,BBLCT,6,5,18,18,900.0,0,0.0,7,38.9,8,872.69,27.4,3786,true,completed
CV_h5s6n32.txt,BBLCT,6,5,18,18,900.0,0,0.0,7,38.9,5,594.13,137.7,20053,true,completed
CV_h5s6n33.txt,BBLCT,6,5,18,18,900.0,1,5.6,5,27.8,6,692.27,346.9,56975,true,completed
CV_h5s6n34.txt,BBLCT,6,5,18,18,900.0,0,0.0,14,77.8,8,883.94,46.2,6324,true,completed
CV_h5s6n35.txt,BBLCT,6,5,18,18,900.0,1,5.6,18,100.0,7,881.60,68.7,7165,true,completed
CV_h5s6n36.txt,BBLCT,6,5,18,18,900.0,2,11.1,6,33.3,8,898.14,725.1,91353,true,completed
CV_h5s6n37.txt,BBLCT,6,5,18,18,900.0,0,0.0,5,27.8,7,852.42,72.9,15900,true,completed
CV_h5s6n38.txt,BBLCT,6,5,18,18,900.0,0,0.0,10,55.6,8,899.37,182.7,29325,true,completed
CV_h5s6n39.txt,BBLCT,6,5,18,18,900.0,0,0.0,7,38.9,7,872.56,121.4,25047,true,completed
CV_h5s6n4.txt,BBLCT,6,5,18,18,900.0,0,0.0,8,44.4,7,825.24,10.7,1547,true,completed
CV_h5s6n40.txt,BBLCT,6,5,18,18,900.0,1,5.6,7,38.9,5,569.16,58.0,6336,true,completed
CV_h5s6n5.txt,BBLCT,6,5,18,18,900.0,0,0.0,18,100.0,8,896.62,6.0,543,true,completed
CV_h5s6n6.txt,BBLCT,6,5,18,18,900.0,0,0.0,7,38.9,8,893.32,124.2,25248,true,completed
CV_h5s6n7.txt,BBLCT,6,5,18,18,900.0,0,0.0,7,38.9,8,899.13,5.6,1112,true,completed
CV_h5s6n8.txt,BBLCT,6,5,18,18,900.0,1,5.6,5,27.8,8,890.57,8.8,1104,true,completed
CV_h5s6n9.txt,BBLCT,6,5,18,18,900.0,0,0.0,5,27.8,8,879.81,6.3,964,true,completed
CV_h5s7n1.txt,BBLCT,7,5,21,21,900.0,0,0.0,17,81.0,8,899.70,11.8,1070,true,completed
CV_h5s7n10.txt,BBLCT,7,5,21,21,900.0,0,0.0,16,76.2,8,891.84,18.2,1244,true,completed
CV_h5s7n11.txt,BBLCT,7,5,21,21,900.0,0,0.0,9,42.9,8,891.99,3.0,425,true,completed
CV_h5s7n12.txt,BBLCT,7,5,21,21,900.0,1,4.8,11,52.4,8,878.78,66.9,5502,true,completed
CV_h5s7n13.txt,BBLCT,7,5,21,21,900.0,0,0.0,9,42.9,8,893.87,51.8,7078,true,completed
CV_h5s7n14.txt,BBLCT,7,5,21,21,900.0,0,0.0,16,76.2,8,899.73,137.8,16303,true,completed
CV_h5s7n15.txt,BBLCT,7,5,21,21,900.0,0,0.0,14,66.7,8,883.27,23.4,1868,true,completed
CV_h5s7n16.txt,BBLCT,7,5,21,21,900.0,3,14.3,6,28.6,6,692.19,1829.2,153352,true,completed
CV_h5s7n17.txt,BBLCT,7,5,21,21,900.0,1,4.8,11,52.4,8,898.01,3.6,309,true,completed
CV_h5s7n18.txt,BBLCT,7,5,21,21,900.0,5,23.8,11,52.4,8,897.09,56.7,3148,true,completed
CV_h5s7n19.txt,BBLCT,7,5,21,21,900.0,0,0.0,5,23.8,8,885.85,991.3,122486,true,completed
CV_h5s7n2.txt,BBLCT,7,5,21,21,900.0,0,0.0,8,38.1,8,889.80,41.0,3666,true,completed
CV_h5s7n20.txt,BBLCT,7,5,21,21,900.0,0,0.0,15,71.4,8,889.54,20.3,1804,true,completed
CV_h5s7n21.txt,BBLCT,7,5,21,21,900.0,0,0.0,6,28.6,6,670.80,2126.3,194547,true,completed
CV_h5s7n22.txt,BBLCT,7,5,21,21,900.0,0,0.0,6,28.6,5,588.45,1024.1,111480,true,completed
CV_h5s7n23.txt,BBLCT,7,5,21,21,900.0,0,0.0,10,47.6,8,895.74,18.5,1833,true,completed
CV_h5s7n24.txt,BBLCT,7,5,21,21,900.0,1,4.8,11,52.4,7,861.61,767.1,60157,true,completed
CV_h5s7n25.txt,BBLCT,7,5,21,21,900.0,1,4.8,9,42.9,8,899.37,14.0,1267,true,completed
CV_h5s7n26.txt,BBLCT,7,5,21,21,900.0,0,0.0,6,28.6,5,566.71,185.9,16772,true,completed
CV_h5s7n27.txt,BBLCT,7,5,21,21,900.0,0,0.0,5,23.8,5,559.35,494.3,61933,true,completed
CV_h5s7n28.txt,BBLCT,7,5,21,21,900.0,2,9.5,10,47.6,7,861.00,56.5,3531,true,completed
CV_h5s7n29.txt,BBLCT,7,5,21,21,900.0,1,4.8,5,23.8,8,898.31,9.0,948,true,completed
CV_h5s7n3.txt,BBLCT,7,5,21,21,900.0,3,14.3,8,38.1,7,877.35,32.6,1738,true,completed
CV_h5s7n30.txt,BBLCT,7,5,21,21,900.0,2,9.5,7,33.3,6,684.74,68.6,4436,true,completed
CV_h5s7n31.txt,BBLCT,7,5,21,21,900.0,0,0.0,9,42.9,7,832.59,123.4,14041,true,completed
CV_h5s7n32.txt,BBLCT,7,5,21,21,900.0,1,4.8,6,28.6,6,678.51,42.1,3252,true,completed
CV_h5s7n33.txt,BBLCT,7,5,21,21,900.0,0,0.0,5,23.8,8,852.79,46.8,5555,true,completed
CV_h5s7n34.txt,BBLCT,7,5,21,21,900.0,0,0.0,9,42.9,7,847.43,121.5,11717,true,completed
CV_h5s7n35.txt,BBLCT,7,5,21,21,900.0,0,0.0,5,23.8,8,890.01,32.7,3674,true,completed
CV_h5s7n36.txt,BBLCT,7,5,21,21,900.0,0,0.0,8,38.1,8,897.85,430.9,37510,true,completed
CV_h5s7n37.txt,BBLCT,7,5,21,21,900.0,0,0.0,15,71.4,7,867.19,64.9,5765,true,completed
CV_h5s7n38.txt,BBLCT,7,5,21,21,900.0,1,4.8,4,19.0,8,877.39,17.7,1902,true,completed
CV_h5s7n39.txt,BBLCT,7,5,21,21,900.0,0,0.0,13,61.9,8,898.02,42.6,4041,true,completed
CV_h5s7n4.txt,BBLCT,7,5,21,21,900.0,0,0.0,11,52.4,7,844.11,12.6,1312,true,completed
CV_h5s7n40.txt,BBLCT,7,5,21,21,900.0,0,0.0,9,42.9,7,839.48,4.5,466,true,completed
CV_h5s7n5.txt,BBLCT,7,5,21,21,900.0,0,0.0,4,19.0,5,537.24,942.1,108303,true,completed
CV_h5s7n6.txt,BBLCT,7,5,21,21,900.0,1,4.8,12,57.1,8,899.81,1413.0,154039,true,completed
CV_h5s7n7.txt,BBLCT,7,5,21,21,900.0,0,0.0,4,19.0,5,552.76,517.5,63428,true,completed
CV_h5s7n8.txt,BBLCT,7,5,21,21,900.0,0,0.0,10,47.6,5,565.68,112.9,9611,true,completed
CV_h5s7n9.txt,BBLCT,7,5,21,21,900.0,0,0.0,5,23.8,6,680.82,33.3,2982,true,completed
CV_h5s8n1.txt,BBLCT,8,5,24,24,900.0,0,0.0,8,33.3,8,898.37,153.8,10411,true,completed
CV_h5s8n10.txt,BBLCT,8,5,24,24,900.0,0,0.0,7,29.2,6,686.62,4554.3,320744,true,completed
CV_h5s8n11.txt,BBLCT,8,5,24,24,900.0,1,4.2,13,54.2,8,894.39,1401.3,94113,true,completed
CV_h5s8n12.txt,BBLCT,8,5,24,24,900.0,0,0.0,8,33.3,8,884.94,21.0,2011,true,completed
CV_h5s8n13.txt,BBLCT,8,5,24,24,900.0,0,0.0,10,41.7,8,899.50,13.8,848,true,completed
CV_h5s8n14.txt,BBLCT,8,5,24,24,900.0,0,0.0,6,25.0,6,677.77,153.8,9468,true,completed
CV_h5s8n15.txt,BBLCT,8,5,24,24,900.0,0,0.0,10,41.7,7,803.77,3487.6,211376,true,completed
CV_h5s8n16.txt,BBLCT,8,5,24,24,900.0,1,4.2,13,54.2,8,898.94,57.0,2290,true,completed
CV_h5s8n17.txt,BBLCT,8,5,24,24,900.0,1,4.2,14,58.3,8,898.92,210.2,9756,true,completed
CV_h5s8n18.txt,BBLCT,8,5,24,24,900.0,0,0.0,9,37.5,7,893.16,145.7,9570,true,completed
CV_h5s8n19.txt,BBLCT,8,5,24,24,900.0,0,0.0,9,37.5,6,663.14,11187.6,839805,true,completed
CV_h5s8n2.txt,BBLCT,8,5,24,24,900.0,0,0.0,9,37.5,8,894.34,97.4,6320,true,completed
CV_h5s8n20.txt,BBLCT,8,5,24,24,900.0,0,0.0,8,33.3,7,881.55,621.2,49929,true,completed
CV_h5s8n21.txt,BBLCT,8,5,24,24,900.0,0,0.0,11,45.8,8,894.69,419.1,21772,true,completed
CV_h5s8n22.txt,BBLCT,8,5,24,24,900.0,0,0.0,8,33.3,7,831.63,754.0,65211,true,completed
CV_h5s8n23.txt,BBLCT,8,5,24,24,900.0,0,0.0,9,37.5,5,569.11,542.7,30345,true,completed
CV_h5s8n24.txt,BBLCT,8,5,24,24,900.0,0,0.0,16,66.7,8,898.40,32.9,2327,true,completed
CV_h5s8n25.txt,BBLCT,8,5,24,24,900.0,1,4.2,11,45.8,8,899.96,89.1,3448,true,completed
CV_h5s8n26.txt,BBLCT,8,5,24,24,900.0,0,0.0,4,16.7,6,681.03,1639.2,144603,true,completed
CV_h5s8n27.txt,BBLCT,8,5,24,24,900.0,0,0.0,9,37.5,7,851.22,3144.1,211161,true,completed
CV_h5s8n28.txt,BBLCT,8,5,24,24,900.0,0,0.0,10,41.7,5,556.54,285.9,16620,true,completed
CV_h5s8n29.txt,BBLCT,8,5,24,24,900.0,0,0.0,6,25.0,8,876.67,61.6,4367,true,completed
CV_h5s8n3.txt,BBLCT,8,5,24,24,900.0,0,0.0,10,41.7,8,890.21,82.3,3770,true,completed
CV_h5s8n30.txt,BBLCT,8,5,24,24,900.0,0,0.0,8,33.3,7,842.76,155.2,9865,true,completed
CV_h5s8n31.txt,BBLCT,8,5,24,24,900.0,0,0.0,4,16.7,5,585.72,15455.2,1589334,true,completed
CV_h5s8n32.txt,BBLCT,8,5,24,24,900.0,0,0.0,4,16.7,6,658.41,2086.1,197415,true,completed
CV_h5s8n33.txt,BBLCT,8,5,24,24,900.0,0,0.0,6,25.0,8,895.37,65.1,4687,true,completed
CV_h5s8n34.txt,BBLCT,8,5,24,24,900.0,0,0.0,4,16.7,6,701.33,30498.9,2728219,true,completed
CV_h5s8n35.txt,BBLCT,8,5,24,24,900.0,0,0.0,7,29.2,8,893.08,170.1,11244,true,completed
CV_h5s8n36.txt,BBLCT,8,5,24,24,900.0,0,0.0,5,20.8,6,681.58,1208.0,100523,true,completed
CV_h5s8n37.txt,BBLCT,8,5,24,24,900.0,0,0.0,13,54.2,5,549.51,250.2,17345,true,completed
CV_h5s8n38.txt,BBLCT,8,5,24,24,900.0,0,0.0,7,29.2,5,538.71,5315.8,336360,true,completed
CV_h5s8n39.txt,BBLCT,8,5,24,24,900.0,0,0.0,6,25.0,6,680.22,2247.2,156042,true,completed
CV_h5s8n4.txt,BBLCT,8,5,24,24,900.0,1,4.2,8,33.3,8,856.15,98.3,5334,true,completed
CV_h5s8n40.txt,BBLCT,8,5,24,24,900.0,1,4.2,8,33.3,8,890.64,541.1,30934,true,completed
CV_h5s8n5.txt,BBLCT,8,5,24,24,900.0,0,0.0,8,33.3,8,899.94,646.6,36074,true,completed
CV_h5s8n6.txt,BBLCT,8,5,24,24,900.0,0,0.0,7,29.2,7,791.10,3632.8,242055,true,completed
CV_h5s8n7.txt,BBLCT,8,5,24,24,900.0,0,0.0,6,25.0,7,866.77,814.1,52161,true,completed
CV_h5s8n8.txt,BBLCT,8,5,24,24,900.0,2,8.3,8,33.3,7,829.29,170.6,8929,true,completed
CV_h5s8n9.txt,BBLCT,8,5,24,24,900.0,0,0.0,7,29.2,6,659.02,1418.5,94449,true,completed
CV_h6s4n1.txt,BBLCT,4,6,16,16,900.0,0,0.0,4,25.0,6,693.97,0.4,118,true,completed
CV_h6s4n10.txt,BBLCT,4,6,16,16,900.0,0,0.0,6,37.5,8,898.35,8.0,4251,true,completed
CV_h6s4n11.txt,BBLCT,4,6,16,16,900.0,0,0.0,3,18.8,7,838.66,0.3,131,true,completed
CV_h6s4n12.txt,BBLCT,4,6,16,16,900.0,3,18.8,5,31.2,8,880.37,0.3,66,true,completed
CV_h6s4n13.txt,BBLCT,4,6,16,16,900.0,0,0.0,6,37.5,7,890.00,3.7,1603,true,completed
CV_h6s4n14.txt,BBLCT,4,6,16,16,900.0,0,0.0,2,12.5,4,461.57,1.5,887,true,completed
CV_h6s4n15.txt,BBLCT,4,6,16,16,900.0,1,6.2,10,62.5,8,872.65,0.4,93,true,completed
CV_h6s4n16.txt,BBLCT,4,6,16,16,900.0,0,0.0,2,12.5,4,454.06,2.7,2125,true,completed
CV_h6s4n17.txt,BBLCT,4,6,16,16,900.0,0,0.0,4,25.0,7,827.75,0.4,182,true,completed
CV_h6s4n18.txt,BBLCT,4,6,16,16,900.0,0,0.0,1,6.2,3,355.79,2.4,2253,true,completed
CV_h6s4n19.txt,BBLCT,4,6,16,16,900.0,0,0.0,3,18.8,5,600.94,0.5,234,true,completed
CV_h6s4n2.txt,BBLCT,4,6,16,16,900.0,0,0.0,9,56.2,8,872.65,0.4,121,true,completed
CV_h6s4n20.txt,BBLCT,4,6,16,16,900.0,0,0.0,6,37.5,3,344.56,2.3,962,true,completed
CV_h6s4n21.txt,BBLCT,4,6,16,16,900.0,0,0.0,2,12.5,3,357.12,0.9,617,true,completed
CV_h6s4n22.txt,BBLCT,4,6,16,16,900.0,0,0.0,5,31.2,8,884.34,1.6,870,true,completed
CV_h6s4n23.txt,BBLCT,4,6,16,16,900.0,0,0.0,6,37.5,8,878.67,0.8,422,true,completed
CV_h6s4n24.txt,BBLCT,4,6,16,16,900.0,0,0.0,6,37.5,8,895.73,2.7,1342,true,completed
CV_h6s4n25.txt,BBLCT,4,6,16,16,900.0,1,6.2,5,31.2,8,898.08,0.8,286,true,completed
CV_h6s4n26.txt,BBLCT,4,6,16,16,900.0,0,0.0,5,31.2,4,470.97,0.5,152,true,completed
CV_h6s4n27.txt,BBLCT,4,6,16,16,900.0,0,0.0,5,31.2,7,843.63,0.6,209,true,completed
CV_h6s4n28.txt,BBLCT,4,6,16,16,900.0,0,0.0,3,18.8,4,450.42,4.6,2476,true,completed
CV_h6s4n29.txt,BBLCT,4,6,16,16,900.0,0,0.0,6,37.5,8,879.99,0.8,336,true,completed
CV_h6s4n3.txt,BBLCT,4,6,16,16,900.0,2,12.5,5,31.2,7,883.64,3.2,1380,true,completed
CV_h6s4n30.txt,BBLCT,4,6,16,16,900.0,0,0.0,4,25.0,8,892.22,0.8,342,true,completed
CV_h6s4n31.txt,BBLCT,4,6,16,16,900.0,1,6.2,4,25.0,7,835.96,0.6,190,true,completed
CV_h6s4n32.txt,BBLCT,4,6,16,16,900.0,2,12.5,4,25.0,7,864.66,0.4,91,true,completed
CV_h6s4n33.txt,BBLCT,4,6,16,16,900.0,0,0.0,4,25.0,7,893.56,3.5,2020,true,completed
CV_h6s4n34.txt,BBLCT,4,6,16,16,900.0,1,6.2,4,25.0,7,866.82,1.5,741,true,completed
CV_h6s4n35.txt,BBLCT,4,6,16,16,900.0,0,0.0,1,6.2,3,354.48,2.6,2266,true,completed
CV_h6s4n36.txt,BBLCT,4,6,16,16,900.0,0,0.0,4,25.0,7,854.17,1.6,912,true,completed
CV_h6s4n37.txt,BBLCT,4,6,16,16,900.0,1,6.2,7,43.8,8,882.17,1.1,388,true,completed
CV_h6s4n38.txt,BBLCT,4,6,16,16,900.0,0,0.0,3,18.8,8,893.16,0.3,73,true,completed
CV_h6s4n39.txt,BBLCT,4,6,16,16,900.0,1,6.2,3,18.8,7,834.03,1.1,657,true,completed
CV_h6s4n4.txt,BBLCT,4,6,16,16,900.0,1,6.2,9,56.2,8,875.27,3.2,1440,true,completed
CV_h6s4n40.txt,BBLCT,4,6,16,16,900.0,0,0.0,2,12.5,3,329.02,1.4,858,true,completed
CV_h6s4n5.txt,BBLCT,4,6,16,16,900.0,0,0.0,8,50.0,8,897.53,1.5,901,true,completed
CV_h6s4n6.txt,BBLCT,4,6,16,16,900.0,1,6.2,11,68.8,8,852.32,57.3,16443,true,completed
CV_h6s4n7.txt,BBLCT,4,6,16,16,900.0,0,0.0,4,25.0,7,870.58,1.4,767,true,completed
CV_h6s4n8.txt,BBLCT,4,6,16,16,900.0,1,6.2,3,18.8,3,366.25,1.0,527,true,completed
CV_h6s4n9.txt,BBLCT,4,6,16,16,900.0,0,0.0,16,100.0,7,868.75,7.2,3841,true,completed
CV_h6s5n1.txt,BBLCT,5,6,20,20,900.0,0,0.0,4,20.0,8,895.21,2.6,592,true,completed
CV_h6s5n10.txt,BBLCT,5,6,20,20,900.0,0,0.0,6,30.0,8,896.95,7.1,1986,true,completed
CV_h6s5n11.txt,BBLCT,5,6,20,20,900.0,1,5.0,10,50.0,7,812.78,2.1,523,true,completed
CV_h6s5n12.txt,BBLCT,5,6,20,20,900.0,0,0.0,6,30.0,7,880.94,4.9,1415,true,completed
CV_h6s5n13.txt,BBLCT,5,6,20,20,900.0,1,5.0,9,45.0,7,877.96,3.9,875,true,completed
CV_h6s5n14.txt,BBLCT,5,6,20,20,900.0,0,0.0,5,25.0,7,829.71,2.6,938,true,completed
CV_h6s5n15.txt,BBLCT,5,6,20,20,900.0,0,0.0,5,25.0,8,890.04,0.4,76,true,completed
CV_h6s5n16.txt,BBLCT,5,6,20,20,900.0,0,0.0,4,20.0,7,888.49,14.6,5977,true,completed
CV_h6s5n17.txt,BBLCT,5,6,20,20,900.0,1,5.0,4,20.0,8,882.51,0.6,102,true,completed
CV_h6s5n18.txt,BBLCT,5,6,20,20,900.0,0,0.0,5,25.0,7,845.92,2.6,764,true,completed
CV_h6s5n19.txt,BBLCT,5,6,20,20,900.0,0,0.0,5,25.0,7,855.22,8.1,2328,true,completed
CV_h6s5n2.txt,BBLCT,5,6,20,20,900.0,0,0.0,6,30.0,7,865.64,16.3,4973,true,completed
CV_h6s5n20.txt,BBLCT,5,6,20,20,900.0,0,0.0,7,35.0,8,892.88,2.9,1015,true,completed
CV_h6s5n21.txt,BBLCT,5,6,20,20,900.0,0,0.0,4,20.0,7,826.58,32.6,11767,true,completed
CV_h6s5n22.txt,BBLCT,5,6,20,20,900.0,0,0.0,5,25.0,7,856.22,0.9,225,true,completed
CV_h6s5n23.txt,BBLCT,5,6,20,20,900.0,0,0.0,6,30.0,8,860.91,1.1,364,true,completed
CV_h6s5n24.txt,BBLCT,5,6,20,20,900.0,1,5.0,3,15.0,7,885.64,32.6,13443,true,completed
CV_h6s5n25.txt,BBLCT,5,6,20,20,900.0,0,0.0,9,45.0,7,835.99,9.2,2656,true,completed
CV_h6s5n26.txt,BBLCT,5,6,20,20,900.0,0,0.0,3,15.0,5,579.66,10.0,3375,true,completed
CV_h6s5n27.txt,BBLCT,5,6,20,20,900.0,0,0.0,8,40.0,8,856.25,1.6,286,true,completed
CV_h6s5n28.txt,BBLCT,5,6,20,20,900.0,0,0.0,7,35.0,7,846.69,1.5,251,true,completed
CV_h6s5n29.txt,BBLCT,5,6,20,20,900.0,0,0.0,4,20.0,5,557.78,1.4,339,true,completed
CV_h6s5n3.txt,BBLCT,5,6,20,20,900.0,1,5.0,5,25.0,8,893.07,1.5,314,true,completed
CV_h6s5n30.txt,BBLCT,5,6,20,20,900.0,0,0.0,3,15.0,7,893.93,0.4,81,true,completed
CV_h6s5n31.txt,BBLCT,5,6,20,20,900.0,0,0.0,2,10.0,7,818.56,5.8,2371,true,completed
CV_h6s5n32.txt,BBLCT,5,6,20,20,900.0,3,15.0,8,40.0,8,895.08,3.6,521,true,completed
CV_h6s5n33.txt,BBLCT,5,6,20,20,900.0,1,5.0,5,25.0,8,882.57,0.7,139,true,completed
CV_h6s5n34.txt,BBLCT,5,6,20,20,900.0,0,0.0,3,15.0,4,461.57,4.4,1417,true,completed
CV_h6s5n35.txt,BBLCT,5,6,20,20,900.0,0,0.0,4,20.0,7,894.97,2.0,511,true,completed
CV_h6s5n36.txt,BBLCT,5,6,20,20,900.0,0,0.0,6,30.0,7,858.12,58.6,15649,true,completed
CV_h6s5n37.txt,BBLCT,5,6,20,20,900.0,0,0.0,2,10.0,7,857.62,0.4,90,true,completed
CV_h6s5n38.txt,BBLCT,5,6,20,20,900.0,1,5.0,4,20.0,5,609.12,12.3,3746,true,completed
CV_h6s5n39.txt,BBLCT,5,6,20,20,900.0,0,0.0,6,30.0,4,467.72,16.0,5164,true,completed
CV_h6s5n4.txt,BBLCT,5,6,20,20,900.0,0,0.0,9,45.0,8,894.58,0.8,96,true,completed
CV_h6s5n40.txt,BBLCT,5,6,20,20,900.0,1,5.0,4,20.0,8,849.36,4.9,1226,true,completed
CV_h6s5n5.txt,BBLCT,5,6,20,20,900.0,0,0.0,2,10.0,5,579.53,11.9,4789,true,completed
CV_h6s5n6.txt,BBLCT,5,6,20,20,900.0,0,0.0,4,20.0,7,877.80,18.5,6777,true,completed
CV_h6s5n7.txt,BBLCT,5,6,20,20,900.0,0,0.0,6,30.0,7,873.26,4.5,1291,true,completed
CV_h6s5n8.txt,BBLCT,5,6,20,20,900.0,0,0.0,5,25.0,8,873.30,0.7,160,true,completed
CV_h6s5n9.txt,BBLCT,5,6,20,20,900.0,1,5.0,6,30.0,7,879.08,1.9,459,true,completed
CV_h6s6n1.txt,BBLCT,6,6,24,24,900.0,0,0.0,9,37.5,7,858.46,45.8,7715,true,completed
CV_h6s6n10.txt,BBLCT,6,6,24,24,900.0,0,0.0,6,25.0,8,895.77,2.1,329,true,completed
CV_h6s6n11.txt,BBLCT,6,6,24,24,900.0,0,0.0,2,8.3,7,864.11,1.0,151,true,completed
CV_h6s6n12.txt,BBLCT,6,6,24,24,900.0,2,8.3,5,20.8,8,896.24,3.3,440,true,completed
CV_h6s6n13.txt,BBLCT,6,6,24,24,900.0,0,0.0,6,25.0,7,853.91,10.0,1507,true,completed
CV_h6s6n14.txt,BBLCT,6,6,24,24,900.0,0,0.0,9,37.5,8,899.69,23.0,3099,true,completed
CV_h6s6n15.txt,BBLCT,6,6,24,24,900.0,1,4.2,7,29.2,8,894.40,4.2,569,true,completed
CV_h6s6n16.txt,BBLCT,6,6,24,24,900.0,2,8.3,6,25.0,4,484.30,48.8,6560,true,completed
CV_h6s6n17.txt,BBLCT,6,6,24,24,900.0,0,0.0,4,16.7,7,871.52,73.4,14898,true,completed
CV_h6s6n18.txt,BBLCT,6,6,24,24,900.0,0,0.0,4,16.7,7,840.47,1.0,123,true,completed
CV_h6s6n19.txt,BBLCT,6,6,24,24,900.0,0,0.0,3,12.5,8,894.11,9.0,1559,true,completed
CV_h6s6n2.txt,BBLCT,6,6,24,24,900.0,1,4.2,7,29.2,7,837.38,65.1,6829,true,completed
CV_h6s6n20.txt,BBLCT,6,6,24,24,900.0,0,0.0,10,41.7,7,884.51,32.4,3701,true,completed
CV_h6s6n21.txt,BBLCT,6,6,24,24,900.0,0,0.0,7,29.2,5,586.27,94.8,14712,true,completed
CV_h6s6n22.txt,BBLCT,6,6,24,24,900.0,0,0.0,9,37.5,8,895.60,6.2,1079,true,completed
CV_h6s6n23.txt,BBLCT,6,6,24,24,900.0,0,0.0,5,20.8,4,453.34,93.0,14473,true,completed
CV_h6s6n24.txt,BBLCT,6,6,24,24,900.0,0,0.0,6,25.0,7,877.35,1.1,169,true,completed
CV_h6s6n25.txt,BBLCT,6,6,24,24,900.0,1,4.2,4,16.7,7,868.99,1.2,145,true,completed
CV_h6s6n26.txt,BBLCT,6,6,24,24,900.0,0,0.0,5,20.8,6,776.53,28.3,4275,true,completed
CV_h6s6n27.txt,BBLCT,6,6,24,24,900.0,1,4.2,6,25.0,8,885.97,10.0,1296,true,completed
CV_h6s6n28.txt,BBLCT,6,6,24,24,900.0,1,4.2,6,25.0,7,891.83,54.1,11416,true,completed
CV_h6s6n29.txt,BBLCT,6,6,24,24,900.0,0,0.0,4,16.7,7,834.12,16.0,2937,true,completed
CV_h6s6n3.txt,BBLCT,6,6,24,24,900.0,3,12.5,8,33.3,5,564.17,164.8,17097,true,completed
CV_h6s6n30.txt,BBLCT,6,6,24,24,900.0,0,0.0,9,37.5,7,854.07,49.9,8905,true,completed
CV_h6s6n31.txt,BBLCT,6,6,24,24,900.0,1,4.2,7,29.2,7,858.99,15.3,1937,true,completed
CV_h6s6n32.txt,BBLCT,6,6,24,24,900.0,0,0.0,6,25.0,7,851.32,2.6,486,true,completed
CV_h6s6n33.txt,BBLCT,6,6,24,24,900.0,0,0.0,6,25.0,7,882.49,210.2,44632,true,completed
CV_h6s6n34.txt,BBLCT,6,6,24,24,900.0,0,0.0,4,16.7,8,897.04,2.9,422,true,completed
CV_h6s6n35.txt,BBLCT,6,6,24,24,900.0,0,0.0,4,16.7,8,899.55,6.4,914,true,completed
CV_h6s6n36.txt,BBLCT,6,6,24,24,900.0,0,0.0,4,16.7,7,893.59,20.7,3358,true,completed
CV_h6s6n37.txt,BBLCT,6,6,24,24,900.0,0,0.0,4,16.7,8,884.01,9.8,1917,true,completed
CV_h6s6n38.txt,BBLCT,6,6,24,24,900.0,0,0.0,6,25.0,6,702.19,148.1,24601,true,completed
CV_h6s6n39.txt,BBLCT,6,6,24,24,900.0,0,0.0,2,8.3,4,457.96,175.8,47628,true,completed
CV_h6s6n4.txt,BBLCT,6,6,24,24,900.0,2,8.3,4,16.7,7,859.17,5.1,658,true,completed
CV_h6s6n40.txt,BBLCT,6,6,24,24,900.0,0,0.0,6,25.0,7,817.56,41.8,6273,true,completed
CV_h6s6n5.txt,BBLCT,6,6,24,24,900.0,0,0.0,2,8.3,8,890.04,0.8,116,true,completed
CV_h6s6n6.txt,BBLCT,6,6,24,24,900.0,0,0.0,5,20.8,8,897.23,40.1,7598,true,completed
CV_h6s6n7.txt,BBLCT,6,6,24,24,900.0,0,0.0,5,20.8,7,824.86,8.5,1811,true,completed
CV_h6s6n8.txt,BBLCT,6,6,24,24,900.0,0,0.0,9,37.5,5,579.53,52.7,8387,true,completed
CV_h6s6n9.txt,BBLCT,6,6,24,24,900.0,1,4.2,3,12.5,7,844.96,1.8,247,true,completed
CV_h6s7n1.txt,BBLCT,7,6,28,28,900.0,1,3.6,6,21.4,8,899.28,2.5,191,true,completed
CV_h6s7n10.txt,BBLCT,7,6,28,28,900.0,2,7.1,7,25.0,7,795.48,242.1,17855,true,completed
CV_h6s7n11.txt,BBLCT,7,6,28,28,900.0,0,0.0,4,14.3,6,681.94,25.6,2824,true,completed
CV_h6s7n12.txt,BBLCT,7,6,28,28,900.0,2,7.1,8,28.6,8,896.51,5.9,428,true,completed
CV_h6s7n13.txt,BBLCT,7,6,28,28,900.0,0,0.0,9,32.1,8,899.82,43.1,4183,true,completed
CV_h6s7n14.txt,BBLCT,7,6,28,28,900.0,0,0.0,5,17.9,8,899.30,49.2,5599,true,completed
CV_h6s7n15.txt,BBLCT,7,6,28,28,900.0,0,0.0,6,21.4,8,881.00,2.3,212,true,completed
CV_h6s7n16.txt,BBLCT,7,6,28,28,900.0,1,3.6,4,14.3,5,566.57,627.9,61829,true,completed
CV_h6s7n17.txt,BBLCT,7,6,28,28,900.0,2,7.1,10,35.7,7,863.03,12.1,815,true,completed
CV_h6s7n18.txt,BBLCT,7,6,28,28,900.0,1,3.6,4,14.3,8,886.47,29.2,2682,true,completed
CV_h6s7n19.txt,BBLCT,7,6,28,28,900.0,0,0.0,7,25.0,8,868.70,9.5,800,true,completed
CV_h6s7n2.txt,BBLCT,7,6,28,28,900.0,0,0.0,3,10.7,8,892.56,204.4,31618,true,completed
CV_h6s7n20.txt,BBLCT,7,6,28,28,900.0,1,3.6,4,14.3,7,814.93,276.6,29381,true,completed
CV_h6s7n21.txt,BBLCT,7,6,28,28,900.0,0,0.0,2,7.1,7,874.94,1.9,203,true,completed
CV_h6s7n22.txt,BBLCT,7,6,28,28,900.0,0,0.0,7,25.0,7,860.36,190.1,17706,true,completed
CV_h6s7n23.txt,BBLCT,7,6,28,28,900.0,0,0.0,10,35.7,8,895.60,2.2,187,true,completed
CV_h6s7n24.txt,BBLCT,7,6,28,28,900.0,0,0.0,6,21.4,7,842.25,12.1,1157,true,completed
CV_h6s7n25.txt,BBLCT,7,6,28,28,900.0,0,0.0,3,10.7,6,715.81,253.2,34548,true,completed
CV_h6s7n26.txt,BBLCT,7,6,28,28,900.0,0,0.0,8,28.6,7,888.22,694.4,62301,true,completed
CV_h6s7n27.txt,BBLCT,7,6,28,28,900.0,0,0.0,4,14.3,7,858.30,1.6,148,true,completed
CV_h6s7n28.txt,BBLCT,7,6,28,28,900.0,0,0.0,3,10.7,8,877.39,1.8,159,true,completed
CV_h6s7n29.txt,BBLCT,7,6,28,28,900.0,1,3.6,5,17.9,7,825.55,51.0,5408,true,completed
CV_h6s7n3.txt,BBLCT,7,6,28,28,900.0,1,3.6,6,21.4,8,897.93,267.8,26542,true,completed
CV_h6s7n30.txt,BBLCT,7,6,28,28,900.0,1,3.6,6,21.4,8,856.86,15.5,1339,true,completed
CV_h6s7n31.txt,BBLCT,7,6,28,28,900.0,0,0.0,4,14.3,7,832.51,53.1,7831,true,completed
CV_h6s7n32.txt,BBLCT,7,6,28,28,900.0,0,0.0,5,17.9,8,896.35,35.7,3606,true,completed
CV_h6s7n33.txt,BBLCT,7,6,28,28,900.0,0,0.0,6,21.4,7,830.73,27.1,3132,true,completed
CV_h6s7n34.txt,BBLCT,7,6,28,28,900.0,0,0.0,4,14.3,8,899.70,90.4,8709,true,completed
CV_h6s7n35.txt,BBLCT,7,6,28,28,900.0,0,0.0,2,7.1,7,894.87,3.2,327,true,completed
CV_h6s7n36.txt,BBLCT,7,6,28,28,900.0,0,0.0,3,10.7,4,464.36,187.5,26508,true,completed
CV_h6s7n37.txt,BBLCT,7,6,28,28,900.0,0,0.0,5,17.9,7,874.18,3.7,292,true,completed
CV_h6s7n38.txt,BBLCT,7,6,28,28,900.0,0,0.0,6,21.4,7,855.77,2035.8,222412,true,completed
CV_h6s7n39.txt,BBLCT,7,6,28,28,900.0,1,3.6,7,25.0,7,855.97,994.4,103829,true,completed
CV_h6s7n4.txt,BBLCT,7,6,28,28,900.0,0,0.0,3,10.7,8,896.72,1.9,207,true,completed
CV_h6s7n40.txt,BBLCT,7,6,28,28,900.0,0,0.0,4,14.3,7,866.82,2.5,219,true,completed
CV_h6s7n5.txt,BBLCT,7,6,28,28,900.0,0,0.0,5,17.9,8,897.50,4.2,380,true,completed
CV_h6s7n6.txt,BBLCT,7,6,28,28,900.0,2,7.1,4,14.3,7,841.38,6.5,528,true,completed
CV_h6s7n7.txt,BBLCT,7,6,28,28,900.0,1,3.6,6,21.4,8,896.74,99.6,12352,true,completed
CV_h6s7n8.txt,BBLCT,7,6,28,28,900.0,0,0.0,5,17.9,5,587.70,645.2,64285,true,completed
CV_h6s7n9.txt,BBLCT,7,6,28,28,900.0,0,0.0,3,10.7,6,679.15,3906.0,634700,true,completed
CV_h7s10n1.txt,BBLCT,10,7,50,50,900.0,0,0.0,2,4.0,7,899.43,11.8,438,true,completed
CV_h7s10n10.txt,BBLCT,10,7,50,50,900.0,0,0.0,3,6.0,7,853.89,13.0,451,true,completed
CV_h7s10n11.txt,BBLCT,10,7,50,50,900.0,0,0.0,4,8.0,7,885.21,9.8,380,true,completed
CV_h7s10n12.txt,BBLCT,10,7,50,50,900.0,0,0.0,2,4.0,7,895.30,8.6,279,true,completed
CV_h7s10n13.txt,BBLCT,10,7,50,50,900.0,0,0.0,7,14.0,7,829.91,347.4,9654,true,completed
CV_h7s10n14.txt,BBLCT,10,7,50,50,900.0,0,0.0,4,8.0,7,865.86,29.9,1176,true,completed
CV_h7s10n15.txt,BBLCT,10,7,50,50,900.0,0,0.0,4,8.0,7,884.51,14.1,504,true,completed
CV_h7s10n16.txt,BBLCT,10,7,50,50,900.0,1,2.0,6,12.0,7,832.56,17.8,520,true,completed
CV_h7s10n17.txt,BBLCT,10,7,50,50,900.0,0,0.0,4,8.0,7,871.36,13.9,448,true,completed
CV_h7s10n18.txt,BBLCT,10,7,50,50,900.0,0,0.0,6,12.0,8,899.81,69.2,2240,true,completed
CV_h7s10n19.txt,BBLCT,10,7,50,50,900.0,1,2.0,3,6.0,7,899.73,12.7,412,true,completed
CV_h7s10n2.txt,BBLCT,10,7,50,50,900.0,0,0.0,1,2.0,7,894.98,7.1,262,true,completed
CV_h7s10n20.txt,BBLCT,10,7,50,50,900.0,0,0.0,5,10.0,7,893.71,11.3,390,true,completed
CV_h7s10n21.txt,BBLCT,10,7,50,50,900.0,0,0.0,4,8.0,8,898.81,14.9,523,true,completed
CV_h7s10n22.txt,BBLCT,10,7,50,50,900.0,0,0.0,3,6.0,7,895.40,34.5,988,true,completed
CV_h7s10n23.txt,BBLCT,10,7,50,50,900.0,0,0.0,1,2.0,7,839.27,5.3,220,true,completed
CV_h7s10n24.txt,BBLCT,10,7,50,50,900.0,0,0.0,2,4.0,7,898.99,592.1,20934,true,completed
CV_h7s10n25.txt,BBLCT,10,7,50,50,900.0,2,4.0,4,8.0,7,896.54,34.2,903,true,completed
CV_h7s10n26.txt,BBLCT,10,7,50,50,900.0,0,0.0,5,10.0,7,858.04,21.6,748,true,completed
CV_h7s10n27.txt,BBLCT,10,7,50,50,900.0,0,0.0,2,4.0,7,893.80,12.5,574,true,completed
CV_h7s10n28.txt,BBLCT,10,7,50,50,900.0,0,0.0,2,4.0,7,851.90,6.6,268,true,completed
CV_h7s10n29.txt,BBLCT,10,7,50,50,900.0,0,0.0,6,12.0,8,896.21,12.3,454,true,completed
CV_h7s10n3.txt,BBLCT,10,7,50,50,900.0,0,0.0,3,6.0,7,832.24,14.2,616,true,completed
CV_h7s10n30.txt,BBLCT,10,7,50,50,900.0,0,0.0,4,8.0,8,898.49,15.3,502,true,completed
CV_h7s10n31.txt,BBLCT,10,7,50,50,900.0,1,2.0,4,8.0,8,894.07,14.3,423,true,completed
CV_h7s10n32.txt,BBLCT,10,7,50,50,900.0,0,0.0,6,12.0,7,828.71,16.2,653,true,completed
CV_h7s10n33.txt,BBLCT,10,7,50,50,900.0,0,0.0,2,4.0,7,894.98,7.1,262,true,completed
CV_h7s10n34.txt,BBLCT,10,7,50,50,900.0,0,0.0,9,18.0,8,897.94,15.7,505,true,completed
CV_h7s10n35.txt,BBLCT,10,7,50,50,900.0,0,0.0,4,8.0,7,835.40,20.3,836,true,completed
CV_h7s10n36.txt,BBLCT,10,7,50,50,900.0,0,0.0,5,10.0,8,899.56,572.3,16420,true,completed
CV_h7s10n37.txt,BBLCT,10,7,50,50,900.0,0,0.0,6,12.0,8,895.35,12.3,439,true,completed
CV_h7s10n38.txt,BBLCT,10,7,50,50,900.0,0,0.0,4,8.0,7,898.64,15.0,502,true,completed
CV_h7s10n39.txt,BBLCT,10,7,50,50,900.0,0,0.0,3,6.0,7,897.87,10.8,387,true,completed
CV_h7s10n4.txt,BBLCT,10,7,50,50,900.0,0,0.0,4,8.0,8,899.98,202.6,7095,true,completed
CV_h7s10n40.txt,BBLCT,10,7,50,50,900.0,0,0.0,3,6.0,8,899.80,13.6,502,true,completed
CV_h7s10n5.txt,BBLCT,10,7,50,50,900.0,0,0.0,4,8.0,7,884.57,17.8,673,true,completed
CV_h7s10n6.txt,BBLCT,10,7,50,50,900.0,0,0.0,3,6.0,7,895.72,10.0,380,true,completed
CV_h7s10n7.txt,BBLCT,10,7,50,50,900.0,0,0.0,3,6.0,7,896.83,11.2,409,true,completed
CV_h7s10n8.txt,BBLCT,10,7,50,50,900.0,0,0.0,3,6.0,7,898.10,9.8,374,true,completed
CV_h7s10n9.txt,BBLCT,10,7,50,50,900.0,0,0.0,6,12.0,8,899.95,81.8,2775,true,completed
CV_h7s4n1.txt,BBLCT,4,7,20,20,900.0,0,0.0,3,15.0,7,832.64,0.4,179,true,completed
CV_h7s4n10.txt,BBLCT,4,7,20,20,900.0,0,0.0,3,15.0,4,465.62,0.6,205,true,completed
CV_h7s4n11.txt,BBLCT,4,7,20,20,900.0,0,0.0,3,15.0,5,575.99,4.7,2435,true,completed
CV_h7s4n12.txt,BBLCT,4,7,20,20,900.0,0,0.0,1,5.0,3,354.48,2.6,2123,true,completed
CV_h7s4n13.txt,BBLCT,4,7,20,20,900.0,0,0.0,1,5.0,3,354.48,2.8,2266,true,completed
CV_h7s4n14.txt,BBLCT,4,7,20,20,900.0,0,0.0,3,15.0,4,492.38,0.3,106,true,completed
CV_h7s4n15.txt,BBLCT,4,7,20,20,900.0,0,0.0,7,35.0,8,891.27,0.3,72,true,completed
CV_h7s4n16.txt,BBLCT,4,7,20,20,900.0,0,0.0,2,10.0,4,501.60,0.4,184,true,completed
CV_h7s4n17.txt,BBLCT,4,7,20,20,900.0,0,0.0,1,5.0,3,361.99,0.4,204,true,completed
CV_h7s4n18.txt,BBLCT,4,7,20,20,900.0,1,5.0,7,35.0,7,886.30,0.7,223,true,completed
CV_h7s4n19.txt,BBLCT,4,7,20,20,900.0,0,0.0,4,20.0,8,888.15,0.9,447,true,completed
CV_h7s4n2.txt,BBLCT,4,7,20,20,900.0,0,0.0,1,5.0,4,497.74,0.3,181,true,completed
CV_h7s4n20.txt,BBLCT,4,7,20,20,900.0,0,0.0,2,10.0,3,355.75,2.5,1638,true,completed
CV_h7s4n21.txt,BBLCT,4,7,20,20,900.0,0,0.0,5,25.0,7,872.91,0.8,337,true,completed
CV_h7s4n22.txt,BBLCT,4,7,20,20,900.0,3,15.0,4,20.0,8,885.56,0.9,414,true,completed
CV_h7s4n23.txt,BBLCT,4,7,20,20,900.0,0,0.0,7,35.0,8,865.37,0.6,197,true,completed
CV_h7s4n24.txt,BBLCT,4,7,20,20,900.0,0,0.0,1,5.0,7,885.50,0.2,41,true,completed
CV_h7s4n25.txt,BBLCT,4,7,20,20,900.0,3,15.0,8,40.0,7,842.56,3.4,1373,true,completed
CV_h7s4n26.txt,BBLCT,4,7,20,20,900.0,0,0.0,1,5.0,4,492.38,1.8,1419,true,completed
CV_h7s4n27.txt,BBLCT,4,7,20,20,900.0,0,0.0,1,5.0,2,220.18,1.7,1362,true,completed
CV_h7s4n28.txt,BBLCT,4,7,20,20,900.0,0,0.0,1,5.0,2,220.18,1.8,1406,true,completed
CV_h7s4n29.txt,BBLCT,4,7,20,20,900.0,1,5.0,3,15.0,2,240.93,0.8,324,true,completed
CV_h7s4n3.txt,BBLCT,4,7,20,20,900.0,0,0.0,5,25.0,3,334.26,0.5,152,true,completed
CV_h7s4n30.txt,BBLCT,4,7,20,20,900.0,1,5.0,3,15.0,7,826.55,0.3,78,true,completed
CV_h7s4n31.txt,BBLCT,4,7,20,20,900.0,1,5.0,7,35.0,8,860.09,1.8,621,true,completed
CV_h7s4n32.txt,BBLCT,4,7,20,20,900.0,0,0.0,1,5.0,3,359.65,0.4,196,true,completed
CV_h7s4n33.txt,BBLCT,4,7,20,20,900.0,0,0.0,2,10.0,3,336.64,0.4,117,true,completed
CV_h7s4n34.txt,BBLCT,4,7,20,20,900.0,0,0.0,4,20.0,7,883.64,1.7,968,true,completed
CV_h7s4n35.txt,BBLCT,4,7,20,20,900.0,0,0.0,2,10.0,4,454.06,3.6,2212,true,completed
CV_h7s4n36.txt,BBLCT,4,7,20,20,900.0,0,0.0,3,15.0,4,443.81,2.3,1210,true,completed
CV_h7s4n37.txt,BBLCT,4,7,20,20,900.0,0,0.0,1,5.0,4,492.38,1.7,1381,true,completed
CV_h7s4n38.txt,BBLCT,4,7,20,20,900.0,0,0.0,2,10.0,7,876.86,0.5,195,true,completed
CV_h7s4n39.txt,BBLCT,4,7,20,20,900.0,0,0.0,3,15.0,7,873.89,1.0,603,true,completed
CV_h7s4n4.txt,BBLCT,4,7,20,20,900.0,0,0.0,3,15.0,2,230.73,1.6,798,true,completed
CV_h7s4n40.txt,BBLCT,4,7,20,20,900.0,0,0.0,3,15.0,3,358.13,0.2,46,true,completed
CV_h7s4n5.txt,BBLCT,4,7,20,20,900.0,0,0.0,2,10.0,4,507.55,0.5,208,true,completed
CV_h7s4n6.txt,BBLCT,4,7,20,20,900.0,0,0.0,4,20.0,8,885.52,0.6,245,true,completed
CV_h7s4n7.txt,BBLCT,4,7,20,20,900.0,0,0.0,5,25.0,8,890.52,0.4,159,true,completed
CV_h7s4n8.txt,BBLCT,4,7,20,20,900.0,0,0.0,2,10.0,3,370.11,1.1,598,true,completed
CV_h7s4n9.txt,BBLCT,4,7,20,20,900.0,2,10.0,4,20.0,7,793.51,0.3,71,true,completed
CV_h7s5n1.txt,BBLCT,5,7,25,25,900.0,0,0.0,1,4.0,3,357.12,10.5,6512,true,completed
CV_h7s5n10.txt,BBLCT,5,7,25,25,900.0,0,0.0,3,12.0,7,889.24,0.4,73,true,completed
CV_h7s5n11.txt,BBLCT,5,7,25,25,900.0,0,0.0,3,12.0,7,824.05,0.5,92,true,completed
CV_h7s5n12.txt,BBLCT,5,7,25,25,900.0,0,0.0,7,28.0,7,835.50,2.0,579,true,completed
CV_h7s5n13.txt,BBLCT,5,7,25,25,900.0,0,0.0,6,24.0,7,849.41,0.7,121,true,completed
CV_h7s5n14.txt,BBLCT,5,7,25,25,900.0,0,0.0,3,12.0,3,337.91,1.9,576,true,completed
CV_h7s5n15.txt,BBLCT,5,7,25,25,900.0,0,0.0,2,8.0,8,897.71,0.4,91,true,completed
CV_h7s5n16.txt,BBLCT,5,7,25,25,900.0,0,0.0,3,12.0,4,475.57,3.1,1068,true,completed
CV_h7s5n17.txt,BBLCT,5,7,25,25,900.0,0,0.0,3,12.0,8,885.36,1.0,282,true,completed
CV_h7s5n18.txt,BBLCT,5,7,25,25,900.0,1,4.0,5,20.0,7,867.52,1.7,389,true,completed
CV_h7s5n19.txt,BBLCT,5,7,25,25,900.0,1,4.0,3,12.0,4,459.42,8.0,2086,true,completed
CV_h7s5n2.txt,BBLCT,5,7,25,25,900.0,1,4.0,7,28.0,4,471.87,2.7,507,true,completed
CV_h7s5n20.txt,BBLCT,5,7,25,25,900.0,0,0.0,1,4.0,4,502.86,12.2,6481,true,completed
CV_h7s5n21.txt,BBLCT,5,7,25,25,900.0,0,0.0,3,12.0,7,855.15,0.5,102,true,completed
CV_h7s5n22.txt,BBLCT,5,7,25,25,900.0,0,0.0,4,16.0,7,874.08,0.5,111,true,completed
CV_h7s5n23.txt,BBLCT,5,7,25,25,900.0,0,0.0,3,12.0,7,853.58,1.2,341,true,completed
CV_h7s5n24.txt,BBLCT,5,7,25,25,900.0,1,4.0,3,12.0,8,899.26,0.5,83,true,completed
CV_h7s5n25.txt,BBLCT,5,7,25,25,900.0,1,4.0,5,20.0,8,895.51,0.8,157,true,completed
CV_h7s5n26.txt,BBLCT,5,7,25,25,900.0,0,0.0,4,16.0,7,862.41,3.6,1168,true,completed
CV_h7s5n27.txt,BBLCT,5,7,25,25,900.0,0,0.0,4,16.0,7,898.03,5.7,2604,true,completed
CV_h7s5n28.txt,BBLCT,5,7,25,25,900.0,0,0.0,3,12.0,7,832.09,13.4,4692,true,completed
CV_h7s5n29.txt,BBLCT,5,7,25,25,900.0,0,0.0,2,8.0,7,844.96,0.6,134,true,completed
CV_h7s5n3.txt,BBLCT,5,7,25,25,900.0,0,0.0,1,4.0,3,355.75,12.0,6518,true,completed
CV_h7s5n30.txt,BBLCT,5,7,25,25,900.0,0,0.0,7,28.0,7,866.74,10.8,2526,true,completed
CV_h7s5n31.txt,BBLCT,5,7,25,25,900.0,0,0.0,2,8.0,7,830.07,1.8,655,true,completed
CV_h7s5n32.txt,BBLCT,5,7,25,25,900.0,2,8.0,3,12.0,7,854.73,0.8,132,true,completed
CV_h7s5n33.txt,BBLCT,5,7,25,25,900.0,0,0.0,5,20.0,7,883.29,0.8,160,true,completed
CV_h7s5n34.txt,BBLCT,5,7,25,25,900.0,1,4.0,4,16.0,8,876.59,2.1,427,true,completed
CV_h7s5n35.txt,BBLCT,5,7,25,25,900.0,0,0.0,5,20.0,5,574.51,31.1,8615,true,completed
CV_h7s5n36.txt,BBLCT,5,7,25,25,900.0,0,0.0,4,16.0,7,835.48,4.0,1427,true,completed
CV_h7s5n37.txt,BBLCT,5,7,25,25,900.0,1,4.0,2,8.0,4,505.03,0.8,206,true,completed
CV_h7s5n38.txt,BBLCT,5,7,25,25,900.0,1,4.0,6,24.0,7,854.01,8.8,2169,true,completed
CV_h7s5n39.txt,BBLCT,5,7,25,25,900.0,0,0.0,4,16.0,5,636.57,3.1,878,true,completed
CV_h7s5n4.txt,BBLCT,5,7,25,25,900.0,0,0.0,3,12.0,7,858.75,0.7,156,true,completed
CV_h7s5n40.txt,BBLCT,5,7,25,25,900.0,0,0.0,3,12.0,8,898.06,0.9,239,true,completed
CV_h7s5n5.txt,BBLCT,5,7,25,25,900.0,1,4.0,5,20.0,7,845.13,0.7,114,true,completed
CV_h7s5n6.txt,BBLCT,5,7,25,25,900.0,0,0.0,5,20.0,8,890.66,3.0,778,true,completed
CV_h7s5n7.txt,BBLCT,5,7,25,25,900.0,0,0.0,2,8.0,3,358.38,1.2,367,true,completed
CV_h7s5n8.txt,BBLCT,5,7,25,25,900.0,0,0.0,1,4.0,3,355.79,11.5,6477,true,completed
CV_h7s5n9.txt,BBLCT,5,7,25,25,900.0,0,0.0,3,12.0,8,881.59,0.8,193,true,completed
CV_h7s6n1.txt,BBLCT,6,7,30,30,900.0,0,0.0,2,6.7,7,847.11,0.9,129,true,completed
CV_h7s6n10.txt,BBLCT,6,7,30,30,900.0,0,0.0,2,6.7,6,714.55,137.2,33192,true,completed
CV_h7s6n11.txt,BBLCT,6,7,30,30,900.0,0,0.0,6,20.0,7,895.20,2.2,269,true,completed
CV_h7s6n12.txt,BBLCT,6,7,30,30,900.0,0,0.0,6,20.0,7,826.92,0.9,131,true,completed
CV_h7s6n13.txt,BBLCT,6,7,30,30,900.0,0,0.0,3,10.0,7,886.49,0.8,86,true,completed
CV_h7s6n14.txt,BBLCT,6,7,30,30,900.0,2,6.7,6,20.0,8,895.65,6.6,1202,true,completed
CV_h7s6n15.txt,BBLCT,6,7,30,30,900.0,0,0.0,6,20.0,7,849.06,1.3,135,true,completed
CV_h7s6n16.txt,BBLCT,6,7,30,30,900.0,0,0.0,3,10.0,8,864.13,153.2,30080,true,completed
CV_h7s6n17.txt,BBLCT,6,7,30,30,900.0,0,0.0,6,20.0,7,844.83,1.7,231,true,completed
CV_h7s6n18.txt,BBLCT,6,7,30,30,900.0,0,0.0,2,6.7,5,575.56,531.8,154255,true,completed
CV_h7s6n19.txt,BBLCT,6,7,30,30,900.0,0,0.0,3,10.0,7,830.73,1.0,136,true,completed
CV_h7s6n2.txt,BBLCT,6,7,30,30,900.0,0,0.0,3,10.0,7,894.07,1.6,244,true,completed
CV_h7s6n20.txt,BBLCT,6,7,30,30,900.0,0,0.0,2,6.7,7,866.55,1.0,126,true,completed
CV_h7s6n21.txt,BBLCT,6,7,30,30,900.0,0,0.0,3,10.0,7,845.67,0.8,111,true,completed
CV_h7s6n22.txt,BBLCT,6,7,30,30,900.0,0,0.0,2,6.7,8,894.07,1.1,152,true,completed
CV_h7s6n23.txt,BBLCT,6,7,30,30,900.0,1,3.3,3,10.0,7,878.60,0.9,103,true,completed
CV_h7s6n24.txt,BBLCT,6,7,30,30,900.0,0,0.0,3,10.0,7,860.85,0.8,111,true,completed
CV_h7s6n25.txt,BBLCT,6,7,30,30,900.0,1,3.3,3,10.0,7,855.87,0.8,86,true,completed
CV_h7s6n26.txt,BBLCT,6,7,30,30,900.0,0,0.0,1,3.3,7,839.27,0.6,84,true,completed
CV_h7s6n27.txt,BBLCT,6,7,30,30,900.0,0,0.0,2,6.7,6,751.30,81.1,18776,true,completed
CV_h7s6n28.txt,BBLCT,6,7,30,30,900.0,0,0.0,2,6.7,7,896.17,0.9,107,true,completed
CV_h7s6n29.txt,BBLCT,6,7,30,30,900.0,0,0.0,2,6.7,7,847.93,1.4,228,true,completed
CV_h7s6n3.txt,BBLCT,6,7,30,30,900.0,1,3.3,5,16.7,7,844.49,2.4,315,true,completed
CV_h7s6n30.txt,BBLCT,6,7,30,30,900.0,0,0.0,5,16.7,8,897.57,1.7,254,true,completed
CV_h7s6n31.txt,BBLCT,6,7,30,30,900.0,0,0.0,3,10.0,8,898.28,7.0,1287,true,completed
CV_h7s6n32.txt,BBLCT,6,7,30,30,900.0,0,0.0,2,6.7,7,872.39,1.6,240,true,completed
CV_h7s6n33.txt,BBLCT,6,7,30,30,900.0,2,6.7,4,13.3,7,883.97,4.7,567,true,completed
CV_h7s6n34.txt,BBLCT,6,7,30,30,900.0,0,0.0,5,16.7,8,890.51,5.4,771,true,completed
CV_h7s6n35.txt,BBLCT,6,7,30,30,900.0,0,0.0,5,16.7,7,871.81,11.0,1634,true,completed
CV_h7s6n36.txt,BBLCT,6,7,30,30,900.0,0,0.0,2,6.7,7,888.63,21.4,6544,true,completed
CV_h7s6n37.txt,BBLCT,6,7,30,30,900.0,0,0.0,5,16.7,6,725.31,22.3,3897,true,completed
CV_h7s6n38.txt,BBLCT,6,7,30,30,900.0,0,0.0,2,6.7,5,607.84,0.9,122,true,completed
CV_h7s6n39.txt,BBLCT,6,7,30,30,900.0,1,3.3,4,13.3,4,452.76,130.5,21018,true,completed
CV_h7s6n4.txt,BBLCT,6,7,30,30,900.0,0,0.0,3,10.0,7,866.89,0.8,109,true,completed
CV_h7s6n40.txt,BBLCT,6,7,30,30,900.0,0,0.0,2,6.7,7,897.88,0.8,93,true,completed
CV_h7s6n5.txt,BBLCT,6,7,30,30,900.0,0,0.0,2,6.7,7,869.53,0.8,108,true,completed
CV_h7s6n6.txt,BBLCT,6,7,30,30,900.0,0,0.0,9,30.0,8,893.15,6.9,1005,true,completed
CV_h7s6n7.txt,BBLCT,6,7,30,30,900.0,0,0.0,2,6.7,7,863.58,0.9,107,true,completed
CV_h7s6n8.txt,BBLCT,6,7,30,30,900.0,4,13.3,5,16.7,2,229.47,16.6,1853,true,completed
CV_h7s6n9.txt,BBLCT,6,7,30,30,900.0,0,0.0,3,10.0,7,875.64,1.2,185,true,completed
CV_h7s7n1.txt,BBLCT,7,7,35,35,900.0,2,5.7,6,17.1,7,874.17,431.9,33746,true,completed
CV_h7s7n10.txt,BBLCT,7,7,35,35,900.0,2,5.7,3,8.6,7,849.62,7.6,857,true,completed
CV_h7s7n11.txt,BBLCT,7,7,35,35,900.0,1,2.9,4,11.4,7,838.05,98.6,8628,true,completed
CV_h7s7n12.txt,BBLCT,7,7,35,35,900.0,0,0.0,5,14.3,7,868.90,2.7,250,true,completed
CV_h7s7n13.txt,BBLCT,7,7,35,35,900.0,0,0.0,4,11.4,8,889.20,1.9,178,true,completed
CV_h7s7n14.txt,BBLCT,7,7,35,35,900.0,2,5.7,4,11.4,8,892.73,3.2,236,true,completed
CV_h7s7n15.txt,BBLCT,7,7,35,35,900.0,0,0.0,2,5.7,7,839.27,1.1,112,true,completed
CV_h7s7n16.txt,BBLCT,7,7,35,35,900.0,0,0.0,2,5.7,7,877.55,2.6,282,true,completed
CV_h7s7n17.txt,BBLCT,7,7,35,35,900.0,3,8.6,6,17.1,8,899.22,14.8,1152,true,completed
CV_h7s7n18.txt,BBLCT,7,7,35,35,900.0,0,0.0,1,2.9,7,877.41,1.3,125,true,completed
CV_h7s7n19.txt,BBLCT,7,7,35,35,900.0,0,0.0,2,5.7,7,838.02,2.4,217,true,completed
CV_h7s7n2.txt,BBLCT,7,7,35,35,900.0,0,0.0,5,14.3,7,851.72,2.3,216,true,completed
CV_h7s7n20.txt,BBLCT,7,7,35,35,900.0,0,0.0,2,5.7,7,896.99,2.1,180,true,completed
CV_h7s7n21.txt,BBLCT,7,7,35,35,900.0,0,0.0,2,5.7,7,857.17,1.5,159,true,completed
CV_h7s7n22.txt,BBLCT,7,7,35,35,900.0,0,0.0,1,2.9,7,877.41,1.3,125,true,completed
CV_h7s7n23.txt,BBLCT,7,7,35,35,900.0,0,0.0,5,14.3,7,841.08,8.1,662,true,completed
CV_h7s7n24.txt,BBLCT,7,7,35,35,900.0,0,0.0,6,17.1,7,890.77,2.3,176,true,completed
CV_h7s7n25.txt,BBLCT,7,7,35,35,900.0,0,0.0,5,14.3,8,897.65,14.7,1950,true,completed
CV_h7s7n26.txt,BBLCT,7,7,35,35,900.0,0,0.0,9,25.7,7,840.10,339.9,25192,true,completed
CV_h7s7n27.txt,BBLCT,7,7,35,35,900.0,0,0.0,3,8.6,8,893.82,8.8,804,true,completed
CV_h7s7n28.txt,BBLCT,7,7,35,35,900.0,0,0.0,4,11.4,8,887.46,2.3,229,true,completed
CV_h7s7n29.txt,BBLCT,7,7,35,35,900.0,0,0.0,2,5.7,7,823.88,4.8,482,true,completed
CV_h7s7n3.txt,BBLCT,7,7,35,35,900.0,0,0.0,3,8.6,7,827.68,1.9,192,true,completed
CV_h7s7n30.txt,BBLCT,7,7,35,35,900.0,0,0.0,2,5.7,8,852.99,1.8,182,true,completed
CV_h7s7n31.txt,BBLCT,7,7,35,35,900.0,0,0.0,3,8.6,8,899.87,2.4,197,true,completed
CV_h7s7n32.txt,BBLCT,7,7,35,35,900.0,1,2.9,3,8.6,8,892.92,2.5,195,true,completed
CV_h7s7n33.txt,BBLCT,7,7,35,35,900.0,0,0.0,3,8.6,7,899.84,1.6,142,true,completed
CV_h7s7n34.txt,BBLCT,7,7,35,35,900.0,0,0.0,2,5.7,8,899.34,1.9,200,true,completed
CV_h7s7n35.txt,BBLCT,7,7,35,35,900.0,0,0.0,3,8.6,7,828.86,1.3,112,true,completed
CV_h7s7n36.txt,BBLCT,7,7,35,35,900.0,1,2.9,3,8.6,3,355.75,62.1,6596,true,completed
CV_h7s7n37.txt,BBLCT,7,7,35,35,900.0,0,0.0,3,8.6,7,877.55,2.6,276,true,completed
CV_h7s7n38.txt,BBLCT,7,7,35,35,900.0,0,0.0,8,22.9,8,898.57,53.1,5510,true,completed
CV_h7s7n39.txt,BBLCT,7,7,35,35,900.0,0,0.0,4,11.4,8,896.52,2.9,305,true,completed
CV_h7s7n4.txt,BBLCT,7,7,35,35,900.0,0,0.0,8,22.9,8,899.38,2.6,246,true,completed
CV_h7s7n40.txt,BBLCT,7,7,35,35,900.0,0,0.0,4,11.4,8,876.02,2.1,202,true,completed
CV_h7s7n5.txt,BBLCT,7,7,35,35,900.0,0,0.0,2,5.7,7,869.53,1.7,178,true,completed
CV_h7s7n6.txt,BBLCT,7,7,35,35,900.0,0,0.0,5,14.3,7,859.11,6.5,606,true,completed
CV_h7s7n7.txt,BBLCT,7,7,35,35,900.0,0,0.0,9,25.7,8,888.89,4.6,357,true,completed
CV_h7s7n8.txt,BBLCT,7,7,35,35,900.0,1,2.9,5,14.3,7,885.48,2.8,191,true,completed
CV_h7s7n9.txt,BBLCT,7,7,35,35,900.0,0,0.0,4,11.4,8,863.49,958.9,107865,true,completed
CV_h7s8n1.txt,BBLCT,8,7,40,40,900.0,0,0.0,5,12.5,7,887.77,7.0,417,true,completed
CV_h7s8n10.txt,BBLCT,8,7,40,40,900.0,0,0.0,3,7.5,7,890.45,4.5,267,true,completed
CV_h7s8n11.txt,BBLCT,8,7,40,40,900.0,1,2.5,3,7.5,8,899.20,3.8,204,true,completed
CV_h7s8n12.txt,BBLCT,8,7,40,40,900.0,0,0.0,5,12.5,7,862.16,50.9,2966,true,completed
CV_h7s8n13.txt,BBLCT,8,7,40,40,900.0,0,0.0,3,7.5,7,824.73,7.9,457,true,completed
CV_h7s8n14.txt,BBLCT,8,7,40,40,900.0,0,0.0,2,5.0,7,889.82,2.7,184,true,completed
CV_h7s8n15.txt,BBLCT,8,7,40,40,900.0,1,2.5,5,12.5,7,830.19,81.0,4338,true,completed
CV_h7s8n16.txt,BBLCT,8,7,40,40,900.0,0,0.0,3,7.5,8,897.59,3.7,277,true,completed
CV_h7s8n17.txt,BBLCT,8,7,40,40,900.0,0,0.0,4,10.0,5,579.46,1601.3,127735,true,completed
CV_h7s8n18.txt,BBLCT,8,7,40,40,900.0,0,0.0,4,10.0,8,898.01,4.0,241,true,completed
CV_h7s8n19.txt,BBLCT,8,7,40,40,900.0,0,0.0,3,7.5,7,895.23,3.3,192,true,completed
CV_h7s8n2.txt,BBLCT,8,7,40,40,900.0,0,0.0,7,17.5,7,829.02,4.1,270,true,completed
CV_h7s8n20.txt,BBLCT,8,7,40,40,900.0,1,2.5,6,15.0,8,897.89,5.7,259,true,completed
CV_h7s8n21.txt,BBLCT,8,7,40,40,900.0,0,0.0,6,15.0,7,858.70,282.4,19277,true,completed
CV_h7s8n22.txt,BBLCT,8,7,40,40,900.0,0,0.0,3,7.5,8,859.80,3.9,281,true,completed
CV_h7s8n23.txt,BBLCT,8,7,40,40,900.0,1,2.5,4,10.0,7,898.46,5.4,276,true,completed
CV_h7s8n24.txt,BBLCT,8,7,40,40,900.0,0,0.0,5,12.5,5,564.75,3222.0,189367,true,completed
CV_h7s8n25.txt,BBLCT,8,7,40,40,900.0,0,0.0,5,12.5,7,884.10,3.3,161,true,completed
CV_h7s8n26.txt,BBLCT,8,7,40,40,900.0,1,2.5,4,10.0,7,873.39,3.8,226,true,completed
CV_h7s8n27.txt,BBLCT,8,7,40,40,900.0,0,0.0,2,5.0,7,864.84,2.9,203,true,completed
CV_h7s8n28.txt,BBLCT,8,7,40,40,900.0,0,0.0,4,10.0,8,880.78,4.3,271,true,completed
CV_h7s8n29.txt,BBLCT,8,7,40,40,900.0,0,0.0,3,7.5,7,899.07,4.4,273,true,completed
CV_h7s8n3.txt,BBLCT,8,7,40,40,900.0,0,0.0,3,7.5,7,869.66,4.1,285,true,completed
CV_h7s8n30.txt,BBLCT,8,7,40,40,900.0,0,0.0,3,7.5,7,897.04,7.7,524,true,completed
CV_h7s8n31.txt,BBLCT,8,7,40,40,900.0,1,2.5,4,10.0,7,873.77,4.1,202,true,completed
CV_h7s8n32.txt,BBLCT,8,7,40,40,900.0,0,0.0,5,12.5,7,874.06,3.0,217,true,completed
CV_h7s8n33.txt,BBLCT,8,7,40,40,900.0,1,2.5,3,7.5,7,855.91,3.6,221,true,completed
CV_h7s8n34.txt,BBLCT,8,7,40,40,900.0,0,0.0,4,10.0,8,856.83,4.4,280,true,completed
CV_h7s8n35.txt,BBLCT,8,7,40,40,900.0,0,0.0,4,10.0,7,867.11,14.8,994,true,completed
CV_h7s8n36.txt,BBLCT,8,7,40,40,900.0,0,0.0,6,15.0,7,848.53,3.9,253,true,completed
CV_h7s8n37.txt,BBLCT,8,7,40,40,900.0,0,0.0,3,7.5,8,898.59,5.0,303,true,completed
CV_h7s8n38.txt,BBLCT,8,7,40,40,900.0,0,0.0,4,10.0,8,888.78,3.6,257,true,completed
CV_h7s8n39.txt,BBLCT,8,7,40,40,900.0,0,0.0,2,5.0,7,879.63,4.9,422,true,completed
CV_h7s8n4.txt,BBLCT,8,7,40,40,900.0,0,0.0,2,5.0,7,856.04,4.3,271,true,completed
CV_h7s8n40.txt,BBLCT,8,7,40,40,900.0,0,0.0,2,5.0,7,869.76,3.3,202,true,completed
CV_h7s8n5.txt,BBLCT,8,7,40,40,900.0,0,0.0,3,7.5,7,861.86,2.4,164,true,completed
CV_h7s8n6.txt,BBLCT,8,7,40,40,900.0,0,0.0,2,5.0,7,847.17,3.8,242,true,completed
CV_h7s8n7.txt,BBLCT,8,7,40,40,900.0,0,0.0,7,17.5,8,899.63,5.1,278,true,completed
CV_h7s8n8.txt,BBLCT,8,7,40,40,900.0,1,2.5,5,12.5,7,840.77,7.7,454,true,completed
CV_h7s8n9.txt,BBLCT,8,7,40,40,900.0,0,0.0,3,7.5,7,896.54,3.5,234,true,completed
CV_h7s9n1.txt,BBLCT,9,7,45,45,900.0,0,0.0,2,4.4,7,856.04,7.2,352,true,completed
CV_h7s9n10.txt,BBLCT,9,7,45,45,900.0,1,2.2,3,6.7,7,892.43,8.7,313,true,completed
CV_h7s9n11.txt,BBLCT,9,7,45,45,900.0,1,2.2,4,8.9,8,893.14,38.7,1304,true,completed
CV_h7s9n12.txt,BBLCT,9,7,45,45,900.0,0,0.0,8,17.8,7,849.20,11.7,665,true,completed
CV_h7s9n13.txt,BBLCT,9,7,45,45,900.0,1,2.2,4,8.9,7,889.53,7.0,239,true,completed
CV_h7s9n14.txt,BBLCT,9,7,45,45,900.0,0,0.0,2,4.4,7,896.20,8.5,378,true,completed
CV_h7s9n15.txt,BBLCT,9,7,45,45,900.0,0,0.0,6,13.3,8,898.07,26.1,1244,true,completed
CV_h7s9n16.txt,BBLCT,9,7,45,45,900.0,0,0.0,2,4.4,7,885.21,5.4,246,true,completed
CV_h7s9n17.txt,BBLCT,9,7,45,45,900.0,0,0.0,3,6.7,7,877.55,8.1,449,true,completed
CV_h7s9n18.txt,BBLCT,9,7,45,45,900.0,2,4.4,4,8.9,7,872.53,7.6,246,true,completed
CV_h7s9n19.txt,BBLCT,9,7,45,45,900.0,0,0.0,3,6.7,7,897.63,46.8,1809,true,completed
CV_h7s9n2.txt,BBLCT,9,7,45,45,900.0,0,0.0,5,11.1,7,831.39,14.3,692,true,completed
CV_h7s9n20.txt,BBLCT,9,7,45,45,900.0,0,0.0,8,17.8,8,878.74,347.1,15357,true,completed
CV_h7s9n21.txt,BBLCT,9,7,45,45,900.0,0,0.0,4,8.9,8,899.12,7.5,405,true,completed
CV_h7s9n22.txt,BBLCT,9,7,45,45,900.0,0,0.0,3,6.7,7,895.36,5.3,281,true,completed
CV_h7s9n23.txt,BBLCT,9,7,45,45,900.0,0,0.0,2,4.4,7,895.90,4.9,261,true,completed
CV_h7s9n24.txt,BBLCT,9,7,45,45,900.0,0,0.0,5,11.1,7,858.71,10.3,454,true,completed
CV_h7s9n25.txt,BBLCT,9,7,45,45,900.0,1,2.2,2,4.4,7,882.83,5.2,211,true,completed
CV_h7s9n26.txt,BBLCT,9,7,45,45,900.0,0,0.0,4,8.9,8,897.36,9.7,473,true,completed
CV_h7s9n27.txt,BBLCT,9,7,45,45,900.0,0,0.0,3,6.7,8,895.66,9.8,445,true,completed
CV_h7s9n28.txt,BBLCT,9,7,45,45,900.0,1,2.2,5,11.1,7,850.03,9.3,378,true,completed
CV_h7s9n29.txt,BBLCT,9,7,45,45,900.0,0,0.0,5,11.1,7,880.37,8.9,431,true,completed
CV_h7s9n3.txt,BBLCT,9,7,45,45,900.0,0,0.0,2,4.4,7,869.87,5.8,278,true,completed
CV_h7s9n30.txt,BBLCT,9,7,45,45,900.0,1,2.2,5,11.1,7,882.11,11.8,482,true,completed
CV_h7s9n31.txt,BBLCT,9,7,45,45,900.0,0,0.0,3,6.7,8,894.93,7.1,344,true,completed
CV_h7s9n32.txt,BBLCT,9,7,45,45,900.0,0,0.0,8,17.8,7,832.96,11.5,525,true,completed
CV_h7s9n33.txt,BBLCT,9,7,45,45,900.0,0,0.0,2,4.4,7,894.52,6.0,258,true,completed
CV_h7s9n34.txt,BBLCT,9,7,45,45,900.0,0,0.0,5,11.1,7,854.24,16.5,742,true,completed
CV_h7s9n35.txt,BBLCT,9,7,45,45,900.0,0,0.0,3,6.7,7,880.37,8.0,407,true,completed
CV_h7s9n36.txt,BBLCT,9,7,45,45,900.0,0,0.0,3,6.7,8,897.79,6.5,355,true,completed
CV_h7s9n37.txt,BBLCT,9,7,45,45,900.0,1,2.2,3,6.7,7,875.67,6.5,264,true,completed
CV_h7s9n38.txt,BBLCT,9,7,45,45,900.0,0,0.0,3,6.7,8,895.76,33.1,1277,true,completed
CV_h7s9n39.txt,BBLCT,9,7,45,45,900.0,1,2.2,3,6.7,7,899.81,9.3,332,true,completed
CV_h7s9n4.txt,BBLCT,9,7,45,45,900.0,0,0.0,5,11.1,7,892.08,27.2,1031,true,completed
CV_h7s9n40.txt,BBLCT,9,7,45,45,900.0,0,0.0,2,4.4,7,839.27,3.3,180,true,completed
CV_h7s9n5.txt,BBLCT,9,7,45,45,900.0,1,2.2,6,13.3,7,850.65,9.0,352,true,completed
CV_h7s9n6.txt,BBLCT,9,7,45,45,900.0,1,2.2,4,8.9,8,898.27,9.3,334,true,completed
CV_h7s9n7.txt,BBLCT,9,7,45,45,900.0,0,0.0,4,8.9,7,863.11,5.5,263,true,completed
CV_h7s9n8.txt,BBLCT,9,7,45,45,900.0,0,0.0,5,11.1,8,899.28,14.6,623,true,completed
CV_h7s9n9.txt,BBLCT,9,7,45,45,900.0,0,0.0,3,6.7,7,889.82,4.6,231,true,completed
CV_h8s10n1.txt,BBLCT,10,8,60,60,900.0,0,0.0,3,5.0,8,889.07,53.3,1667,true,completed
CV_h8s10n10.txt,BBLCT,10,8,60,60,900.0,0,0.0,5,8.3,7,849.55,20.4,734,true,completed
CV_h8s10n11.txt,BBLCT,10,8,60,60,900.0,0,0.0,2,3.3,7,898.20,6.9,270,true,completed
CV_h8s10n12.txt,BBLCT,10,8,60,60,900.0,0,0.0,2,3.3,8,895.98,9.9,400,true,completed
CV_h8s10n13.txt,BBLCT,10,8,60,60,900.0,0,0.0,2,3.3,7,899.16,7.1,255,true,completed
CV_h8s10n14.txt,BBLCT,10,8,60,60,900.0,0,0.0,1,1.7,4,497.74,8.1,317,true,completed
CV_h8s10n15.txt,BBLCT,10,8,60,60,900.0,0,0.0,2,3.3,8,896.88,40.4,1444,true,completed
CV_h8s10n16.txt,BBLCT,10,8,60,60,900.0,0,0.0,1,1.7,7,889.24,8.8,328,true,completed
CV_h8s10n17.txt,BBLCT,10,8,60,60,900.0,0,0.0,4,6.7,7,895.48,23.2,807,true,completed
CV_h8s10n18.txt,BBLCT,10,8,60,60,900.0,0,0.0,2,3.3,7,897.81,37.6,1191,true,completed
CV_h8s10n19.txt,BBLCT,10,8,60,60,900.0,0,0.0,4,6.7,7,899.84,15.4,455,true,completed
CV_h8s10n2.txt,BBLCT,10,8,60,60,900.0,0,0.0,4,6.7,8,899.40,12.3,441,true,completed
CV_h8s10n20.txt,BBLCT,10,8,60,60,900.0,1,1.7,4,6.7,7,899.45,13.5,328,true,completed
CV_h8s10n21.txt,BBLCT,10,8,60,60,900.0,0,0.0,4,6.7,8,890.60,329.1,13957,true,completed
CV_h8s10n22.txt,BBLCT,10,8,60,60,900.0,0,0.0,2,3.3,7,893.70,10.7,395,true,completed
CV_h8s10n23.txt,BBLCT,10,8,60,60,900.0,0,0.0,2,3.3,7,815.01,8.6,335,true,completed
CV_h8s10n24.txt,BBLCT,10,8,60,60,900.0,0,0.0,3,5.0,7,853.78,22.2,737,true,completed
CV_h8s10n25.txt,BBLCT,10,8,60,60,900.0,1,1.7,5,8.3,7,895.00,19.4,503,true,completed
CV_h8s10n26.txt,BBLCT,10,8,60,60,900.0,1,1.7,5,8.3,7,899.98,19.0,481,true,completed
CV_h8s10n27.txt,BBLCT,10,8,60,60,900.0,1,1.7,4,6.7,7,885.50,179.6,4688,true,completed
CV_h8s10n28.txt,BBLCT,10,8,60,60,900.0,0,0.0,3,5.0,7,887.89,7.4,280,true,completed
CV_h8s10n29.txt,BBLCT,10,8,60,60,900.0,0,0.0,1,1.7,7,897.09,6.2,193,true,completed
CV_h8s10n3.txt,BBLCT,10,8,60,60,900.0,0,0.0,2,3.3,7,863.69,10.4,407,true,completed
CV_h8s10n30.txt,BBLCT,10,8,60,60,900.0,0,0.0,3,5.0,7,878.43,36.3,1018,true,completed
CV_h8s10n31.txt,BBLCT,10,8,60,60,900.0,1,1.7,4,6.7,8,895.44,40.1,748,true,completed
CV_h8s10n32.txt,BBLCT,10,8,60,60,900.0,0,0.0,1,1.7,7,878.24,10.2,334,true,completed
CV_h8s10n33.txt,BBLCT,10,8,60,60,900.0,0,0.0,2,3.3,7,892.02,23.8,776,true,completed
CV_h8s10n34.txt,BBLCT,10,8,60,60,900.0,0,0.0,2,3.3,7,886.96,11.3,438,true,completed
CV_h8s10n35.txt,BBLCT,10,8,60,60,900.0,1,1.7,6,10.0,8,895.60,186.3,6308,true,completed
CV_h8s10n36.txt,BBLCT,10,8,60,60,900.0,0,0.0,4,6.7,7,840.60,11.9,432,true,completed
CV_h8s10n37.txt,BBLCT,10,8,60,60,900.0,0,0.0,2,3.3,7,895.57,6.4,193,true,completed
CV_h8s10n38.txt,BBLCT,10,8,60,60,900.0,0,0.0,1,1.7,5,662.66,9.1,367,true,completed
CV_h8s10n39.txt,BBLCT,10,8,60,60,900.0,0,0.0,1,1.7,7,898.84,5.6,183,true,completed
CV_h8s10n4.txt,BBLCT,10,8,60,60,900.0,0,0.0,1,1.7,8,890.04,7.3,292,true,completed
CV_h8s10n40.txt,BBLCT,10,8,60,60,900.0,0,0.0,3,5.0,7,867.88,16.1,501,true,completed
CV_h8s10n5.txt,BBLCT,10,8,60,60,900.0,0,0.0,3,5.0,7,878.24,10.4,334,true,completed
CV_h8s10n6.txt,BBLCT,10,8,60,60,900.0,0,0.0,3,5.0,8,898.31,41.2,1074,true,completed
CV_h8s10n7.txt,BBLCT,10,8,60,60,900.0,0,0.0,3,5.0,7,898.25,9.8,322,true,completed
CV_h8s10n8.txt,BBLCT,10,8,60,60,900.0,1,1.7,2,3.3,7,886.73,13.0,329,true,completed
CV_h8s10n9.txt,BBLCT,10,8,60,60,900.0,1,1.7,6,10.0,7,898.05,49.4,946,true,completed
CV_h8s6n1.txt,BBLCT,6,8,36,36,900.0,0,0.0,3,8.3,7,836.06,2.4,360,true,completed
CV_h8s6n10.txt,BBLCT,6,8,36,36,900.0,1,2.8,6,16.7,8,898.83,4.9,646,true,completed
CV_h8s6n11.txt,BBLCT,6,8,36,36,900.0,0,0.0,2,5.6,5,630.31,77.9,18557,true,completed
CV_h8s6n12.txt,BBLCT,6,8,36,36,900.0,1,2.8,5,13.9,7,892.45,1.2,123,true,completed
CV_h8s6n13.txt,BBLCT,6,8,36,36,900.0,0,0.0,5,13.9,8,876.47,11.3,1804,true,completed
CV_h8s6n14.txt,BBLCT,6,8,36,36,900.0,0,0.0,5,13.9,7,844.42,1.2,133,true,completed
CV_h8s6n15.txt,BBLCT,6,8,36,36,900.0,0,0.0,1,2.8,7,839.27,0.6,84,true,completed
CV_h8s6n16.txt,BBLCT,6,8,36,36,900.0,0,0.0,2,5.6,5,582.10,693.1,166055,true,completed
CV_h8s6n17.txt,BBLCT,6,8,36,36,900.0,0,0.0,2,5.6,7,899.14,0.9,101,true,completed
CV_h8s6n18.txt,BBLCT,6,8,36,36,900.0,1,2.8,4,11.1,7,884.89,1.2,141,true,completed
CV_h8s6n19.txt,BBLCT,6,8,36,36,900.0,0,0.0,2,5.6,7,823.88,2.6,373,true,completed
CV_h8s6n2.txt,BBLCT,6,8,36,36,900.0,0,0.0,2,5.6,7,897.09,0.7,92,true,completed
CV_h8s6n20.txt,BBLCT,6,8,36,36,900.0,0,0.0,3,8.3,7,879.90,6.4,1201,true,completed
CV_h8s6n21.txt,BBLCT,6,8,36,36,900.0,0,0.0,2,5.6,7,890.80,0.9,95,true,completed
CV_h8s6n22.txt,BBLCT,6,8,36,36,900.0,0,0.0,2,5.6,7,864.90,25.4,6566,true,completed
CV_h8s6n23.txt,BBLCT,6,8,36,36,900.0,1,2.8,5,13.9,8,882.86,1.2,118,true,completed
CV_h8s6n24.txt,BBLCT,6,8,36,36,900.0,0,0.0,1,2.8,7,893.96,0.6,66,true,completed
CV_h8s6n25.txt,BBLCT,6,8,36,36,900.0,0,0.0,4,11.1,7,851.81,1.0,129,true,completed
CV_h8s6n26.txt,BBLCT,6,8,36,36,900.0,0,0.0,1,2.8,7,839.27,0.6,84,true,completed
CV_h8s6n27.txt,BBLCT,6,8,36,36,900.0,0,0.0,3,8.3,7,864.84,27.2,6533,true,completed
CV_h8s6n28.txt,BBLCT,6,8,36,36,900.0,0,0.0,4,11.1,3,323.85,40.6,3452,true,completed
CV_h8s6n29.txt,BBLCT,6,8,36,36,900.0,0,0.0,2,5.6,7,838.02,0.9,124,true,completed
CV_h8s6n3.txt,BBLCT,6,8,36,36,900.0,0,0.0,4,11.1,7,851.80,2.1,416,true,completed
CV_h8s6n30.txt,BBLCT,6,8,36,36,900.0,0,0.0,3,8.3,7,851.90,0.9,125,true,completed
CV_h8s6n31.txt,BBLCT,6,8,36,36,900.0,0,0.0,2,5.6,7,835.60,1.0,148,true,completed
CV_h8s6n32.txt,BBLCT,6,8,36,36,900.0,0,0.0,3,8.3,7,897.97,1.5,173,true,completed
CV_h8s6n33.txt,BBLCT,6,8,36,36,900.0,0,0.0,4,11.1,8,896.93,4.7,835,true,completed
CV_h8s6n34.txt,BBLCT,6,8,36,36,900.0,0,0.0,1,2.8,5,686.72,19.5,3345,true,completed
CV_h8s6n35.txt,BBLCT,6,8,36,36,900.0,1,2.8,4,11.1,7,875.17,1.8,224,true,completed
CV_h8s6n36.txt,BBLCT,6,8,36,36,900.0,1,2.8,4,11.1,7,868.49,1.2,143,true,completed
CV_h8s6n37.txt,BBLCT,6,8,36,36,900.0,1,2.8,3,8.3,7,899.86,2.5,343,true,completed
CV_h8s6n38.txt,BBLCT,6,8,36,36,900.0,0,0.0,3,8.3,4,497.74,32.4,6521,true,completed
CV_h8s6n39.txt,BBLCT,6,8,36,36,900.0,0,0.0,3,8.3,8,874.60,1.0,130,true,completed
CV_h8s6n4.txt,BBLCT,6,8,36,36,900.0,0,0.0,2,5.6,7,862.44,0.9,114,true,completed
CV_h8s6n40.txt,BBLCT,6,8,36,36,900.0,0,0.0,2,5.6,5,665.00,0.8,117,true,completed
CV_h8s6n5.txt,BBLCT,6,8,36,36,900.0,0,0.0,3,8.3,7,887.41,0.8,110,true,completed
CV_h8s6n6.txt,BBLCT,6,8,36,36,900.0,1,2.8,2,5.6,5,663.99,17.0,3969,true,completed
CV_h8s6n7.txt,BBLCT,6,8,36,36,900.0,0,0.0,2,5.6,8,897.78,1.1,180,true,completed
CV_h8s6n8.txt,BBLCT,6,8,36,36,900.0,0,0.0,4,11.1,7,899.05,3.4,476,true,completed
CV_h8s6n9.txt,BBLCT,6,8,36,36,900.0,0,0.0,1,2.8,7,877.41,0.7,88,true,completed
CV_h12s10n1.txt,BBLCT,10,12,100,100,1200.0,0,0.0,0,0.0,0,0.00,0.2,1,true,completed
CV_h12s10n10.txt,BBLCT,10,12,100,100,1200.0,1,1.0,2,2.0,8,1197.71,20.2,408,true,completed
CV_h12s10n11.txt,BBLCT,10,12,100,100,1200.0,0,0.0,1,1.0,6,822.29,35037.8,1307033,true,completed
CV_h12s10n12.txt,BBLCT,10,12,100,100,1200.0,0,0.0,1,1.0,10,1189.09,15.6,491,true,completed
CV_h12s10n13.txt,BBLCT,10,12,100,100,1200.0,0,0.0,5,5.0,8,1136.41,49.2,1265,true,completed
CV_h12s10n14.txt,BBLCT,10,12,100,100,1200.0,0,0.0,3,3.0,10,1199.27,21.7,549,true,completed
CV_h12s10n15.txt,BBLCT,10,12,100,100,1200.0,0,0.0,0,0.0,0,0.00,0.2,1,true,completed
CV_h12s10n16.txt,BBLCT,10,12,100,100,1200.0,0,0.0,3,3.0,10,1190.78,21.2,629,true,completed
CV_h12s10n17.txt,BBLCT,10,12,100,100,1200.0,0,0.0,1,1.0,9,1183.85,15.3,400,true,completed
CV_h12s10n18.txt,BBLCT,10,12,100,100,1200.0,0,0.0,1,1.0,7,1027.84,13.8,457,true,completed
CV_h12s10n19.txt,BBLCT,10,12,100,100,1200.0,0,0.0,2,2.0,9,1199.76,128.9,3481,true,completed
CV_h12s10n2.txt,BBLCT,10,12,100,100,1200.0,0,0.0,4,4.0,9,1179.52,62.5,1242,true,completed
CV_h12s10n20.txt,BBLCT,10,12,100,100,1200.0,0,0.0,2,2.0,10,1197.30,23.5,593,true,completed
CV_h12s10n21.txt,BBLCT,10,12,100,100,1200.0,0,0.0,0,0.0,0,0.00,14.3,493,true,completed
CV_h12s10n22.txt,BBLCT,10,12,100,100,1200.0,0,0.0,0,0.0,0,0.00,40.8,1164,true,completed
CV_h12s10n23.txt,BBLCT,10,12,100,100,1200.0,0,0.0,2,2.0,10,1199.66,22.8,602,true,completed
CV_h12s10n24.txt,BBLCT,10,12,100,100,1200.0,0,0.0,0,0.0,0,0.00,48.8,1164,true,completed
CV_h12s10n25.txt,BBLCT,10,12,100,100,1200.0,0,0.0,0,0.0,0,0.00,0.2,1,true,completed
CV_h12s10n26.txt,BBLCT,10,12,100,100,1200.0,1,1.0,3,3.0,9,1191.90,113.0,2267,true,completed
CV_h12s10n27.txt,BBLCT,10,12,100,100,1200.0,0,0.0,2,2.0,9,1184.23,8.4,261,true,completed
CV_h12s10n28.txt,BBLCT,10,12,100,100,1200.0,0,0.0,0,0.0,0,0.00,52.4,1814,true,completed
CV_h12s10n29.txt,BBLCT,10,12,100,100,1200.0,0,0.0,2,2.0,10,1198.88,19.1,468,true,completed
CV_h12s10n3.txt,BBLCT,10,12,100,100,1200.0,0,0.0,3,3.0,9,1199.94,19.0,527,true,completed
CV_h12s10n30.txt,BBLCT,10,12,100,100,1200.0,0,0.0,1,1.0,9,1183.85,15.2,400,true,completed
CV_h12s10n31.txt,BBLCT,10,12,100,100,1200.0,1,1.0,1,1.0,0,0.00,0.2,1,true,completed
CV_h12s10n32.txt,BBLCT,10,12,100,100,1200.0,1,1.0,1,1.0,0,0.00,0.2,1,true,completed
CV_h12s10n33.txt,BBLCT,10,12,100,100,1200.0,0,0.0,0,0.0,0,0.00,59.3,1814,true,completed
CV_h12s10n34.txt,BBLCT,10,12,100,100,1200.0,0,0.0,1,1.0,9,1194.41,14.0,340,true,completed
CV_h12s10n35.txt,BBLCT,10,12,100,100,1200.0,1,1.0,2,2.0,4,492.38,99.4,2059,true,completed
CV_h12s10n36.txt,BBLCT,10,12,100,100,1200.0,0,0.0,3,3.0,10,1188.00,65.5,2144,true,completed
CV_h12s10n37.txt,BBLCT,10,12,100,100,1200.0,4,4.0,5,5.0,9,1194.99,32.4,396,true,completed
CV_h12s10n38.txt,BBLCT,10,12,100,100,1200.0,0,0.0,3,3.0,8,1196.96,21.4,563,true,completed
CV_h12s10n39.txt,BBLCT,10,12,100,100,1200.0,0,0.0,0,0.0,0,0.00,0.2,1,true,completed
CV_h12s10n4.txt,BBLCT,10,12,100,100,1200.0,0,0.0,1,1.0,8,1164.55,15.4,458,true,completed
CV_h12s10n40.txt,BBLCT,10,12,100,100,1200.0,1,1.0,2,2.0,9,1155.92,18.5,400,true,completed
CV_h12s10n5.txt,BBLCT,10,12,100,100,1200.0,0,0.0,0,0.0,0,0.00,0.2,1,true,completed
CV_h12s10n6.txt,BBLCT,10,12,100,100,1200.0,0,0.0,2,2.0,8,1144.15,73.7,1708,true,completed
CV_h12s10n7.txt,BBLCT,10,12,100,100,1200.0,0,0.0,0,0.0,0,0.00,0.2,1,true,completed
CV_h12s10n8.txt,BBLCT,10,12,100,100,1200.0,0,0.0,2,2.0,9,1199.01,16.1,470,true,completed
CV_h12s10n9.txt,BBLCT,10,12,100,100,1200.0,0,0.0,0,0.0,0,0.00,113.3,3957,true,completed
CV_h12s6n1.txt,BBLCT,6,12,60,60,1200.0,0,0.0,1,1.7,8,1127.99,0.8,98,true,completed
CV_h12s6n10.txt,BBLCT,6,12,60,60,1200.0,0,0.0,1,1.7,8,1127.06,1.1,129,true,completed
CV_h12s6n11.txt,BBLCT,6,12,60,60,1200.0,0,0.0,4,6.7,9,1143.23,7875.6,1456265,true,completed
CV_h12s6n12.txt,BBLCT,6,12,60,60,1200.0,0,0.0,2,3.3,10,1199.52,21.8,3692,true,completed
CV_h12s6n13.txt,BBLCT,6,12,60,60,1200.0,0,0.0,0,0.0,0,0.00,0.1,1,true,completed
CV_h12s6n14.txt,BBLCT,6,12,60,60,1200.0,0,0.0,2,3.3,6,762.23,1.3,143,true,completed
CV_h12s6n15.txt,BBLCT,6,12,60,60,1200.0,0,0.0,2,3.3,9,1197.10,3.4,532,true,completed
CV_h12s6n16.txt,BBLCT,6,12,60,60,1200.0,0,0.0,3,5.0,9,1163.20,4.4,558,true,completed
CV_h12s6n17.txt,BBLCT,6,12,60,60,1200.0,1,1.7,2,3.3,6,833.76,3.3,386,true,completed
CV_h12s6n18.txt,BBLCT,6,12,60,60,1200.0,1,1.7,2,3.3,7,921.97,1.3,142,true,completed
CV_h12s6n19.txt,BBLCT,6,12,60,60,1200.0,0,0.0,2,3.3,8,1173.77,3.4,406,true,completed
CV_h12s6n2.txt,BBLCT,6,12,60,60,1200.0,0,0.0,1,1.7,6,833.76,3.2,510,true,completed
CV_h12s6n20.txt,BBLCT,6,12,60,60,1200.0,0,0.0,1,1.7,9,1192.34,1.0,105,true,completed
CV_h12s6n21.txt,BBLCT,6,12,60,60,1200.0,0,0.0,4,6.7,10,1181.45,6.7,807,true,completed
CV_h12s6n22.txt,BBLCT,6,12,60,60,1200.0,0,0.0,3,5.0,9,1140.30,22.0,3408,true,completed
CV_h12s6n23.txt,BBLCT,6,12,60,60,1200.0,0,0.0,2,3.3,10,1184.14,1.4,147,true,completed
CV_h12s6n24.txt,BBLCT,6,12,60,60,1200.0,0,0.0,1,1.7,10,1196.36,1.6,170,true,completed
CV_h12s6n25.txt,BBLCT,6,12,60,60,1200.0,0,0.0,3,5.0,10,1197.64,1.2,143,true,completed
CV_h12s6n26.txt,BBLCT,6,12,60,60,1200.0,0,0.0,3,5.0,9,1188.19,2.5,321,true,completed
CV_h12s6n27.txt,BBLCT,6,12,60,60,1200.0,0,0.0,2,3.3,4,455.36,1.3,140,true,completed
CV_h12s6n28.txt,BBLCT,6,12,60,60,1200.0,0,0.0,2,3.3,5,654.79,10.4,1373,true,completed
CV_h12s6n29.txt,BBLCT,6,12,60,60,1200.0,0,0.0,0,0.0,0,0.00,0.1,1,true,completed
CV_h12s6n3.txt,BBLCT,6,12,60,60,1200.0,0,0.0,1,1.7,8,1127.99,0.8,98,true,completed
CV_h12s6n30.txt,BBLCT,6,12,60,60,1200.0,0,0.0,1,1.7,4,497.74,0.9,97,true,completed
CV_h12s6n31.txt,BBLCT,6,12,60,60,1200.0,0,0.0,0,0.0,0,0.00,8.0,1454,true,completed
CV_h12s6n32.txt,BBLCT,6,12,60,60,1200.0,0,0.0,1,1.7,10,1184.14,1.2,152,true,completed
CV_h12s6n33.txt,BBLCT,6,12,60,60,1200.0,0,0.0,1,1.7,9,1194.74,1.4,146,true,completed
CV_h12s6n34.txt,BBLCT,6,12,60,60,1200.0,0,0.0,1,1.7,9,1198.71,2.5,465,true,completed
CV_h12s6n35.txt,BBLCT,6,12,60,60,1200.0,0,0.0,0,0.0,0,0.00,0.1,1,true,completed
CV_h12s6n36.txt,BBLCT,6,12,60,60,1200.0,0,0.0,1,1.7,5,662.66,1.0,113,true,completed
CV_h12s6n37.txt,BBLCT,6,12,60,60,1200.0,0,0.0,7,11.7,8,990.30,2394.4,403661,true,completed
CV_h12s6n38.txt,BBLCT,6,12,60,60,1200.0,1,1.7,2,3.3,9,1170.16,1.1,92,true,completed
CV_h12s6n39.txt,BBLCT,6,12,60,60,1200.0,0,0.0,5,8.3,10,1199.78,14.3,1621,true,completed
CV_h12s6n4.txt,BBLCT,6,12,60,60,1200.0,0,0.0,0,0.0,0,0.00,0.1,1,true,completed
CV_h12s6n40.txt,BBLCT,6,12,60,60,1200.0,0,0.0,0,0.0,0,0.00,1.4,164,true,completed
CV_h12s6n5.txt,BBLCT,6,12,60,60,1200.0,0,0.0,2,3.3,10,1180.69,1.4,177,true,completed
CV_h12s6n6.txt,BBLCT,6,12,60,60,1200.0,0,0.0,2,3.3,10,1180.69,1.6,198,true,completed
CV_h12s6n7.txt,BBLCT,6,12,60,60,1200.0,0,0.0,1,1.7,7,1027.84,0.9,121,true,completed
CV_h12s6n8.txt,BBLCT,6,12,60,60,1200.0,0,0.0,0,0.0,0,0.00,0.1,1,true,completed
CV_h12s6n9.txt,BBLCT,6,12,60,60,1200.0,0,0.0,1,1.7,2,221.51,2.1,278,true,completed
CV_h5s3n1.txt,BBLCT,3,5,9,9,1200.0,1,11.1,7,77.8,10,1173.97,1.9,1817,true,completed
CV_h5s3n10.txt,BBLCT,3,5,9,9,1200.0,0,0.0,7,77.8,8,918.11,2.2,2196,true,completed
CV_h5s3n11.txt,BBLCT,3,5,9,9,1200.0,2,22.2,9,100.0,11,1195.68,0.4,266,true,completed
CV_h5s3n12.txt,BBLCT,3,5,9,9,1200.0,0,0.0,9,100.0,10,1143.63,1.0,892,true,completed
CV_h5s3n13.txt,BBLCT,3,5,9,9,1200.0,0,0.0,6,66.7,10,1142.09,3.4,3809,true,completed
CV_h5s3n14.txt,BBLCT,3,5,9,9,1200.0,0,0.0,6,66.7,10,1149.71,1.4,1504,true,completed
CV_h5s3n15.txt,BBLCT,3,5,9,9,1200.0,0,0.0,9,100.0,10,1119.03,0.2,106,true,completed
CV_h5s3n16.txt,BBLCT,3,5,9,9,1200.0,0,0.0,9,100.0,11,1196.17,0.5,402,true,completed
CV_h5s3n17.txt,BBLCT,3,5,9,9,1200.0,2,22.2,9,100.0,10,1159.10,0.5,343,true,completed
CV_h5s3n18.txt,BBLCT,3,5,9,9,1200.0,0,0.0,9,100.0,10,1135.71,0.3,177,true,completed
CV_h5s3n19.txt,BBLCT,3,5,9,9,1200.0,0,0.0,6,66.7,10,1115.31,2.2,2398,true,completed
CV_h5s3n2.txt,BBLCT,3,5,9,9,1200.0,0,0.0,9,100.0,10,1070.13,2.1,1799,true,completed
CV_h5s3n20.txt,BBLCT,3,5,9,9,1200.0,0,0.0,5,55.6,8,884.62,1.6,1643,true,completed
CV_h5s3n21.txt,BBLCT,3,5,9,9,1200.0,1,11.1,4,44.4,10,1156.40,1.4,1367,true,completed
CV_h5s3n22.txt,BBLCT,3,5,9,9,1200.0,2,22.2,6,66.7,10,1141.46,7.5,6894,true,completed
CV_h5s3n23.txt,BBLCT,3,5,9,9,1200.0,0,0.0,9,100.0,10,1148.29,0.3,273,true,completed
CV_h5s3n24.txt,BBLCT,3,5,9,9,1200.0,1,11.1,4,44.4,7,769.68,1.8,1761,true,completed
CV_h5s3n25.txt,BBLCT,3,5,9,9,1200.0,0,0.0,9,100.0,10,1173.97,0.2,32,true,completed
CV_h5s3n26.txt,BBLCT,3,5,9,9,1200.0,0,0.0,9,100.0,10,1086.50,0.4,241,true,completed
CV_h5s3n27.txt,BBLCT,3,5,9,9,1200.0,0,0.0,9,100.0,11,1191.96,0.2,116,true,completed
CV_h5s3n28.txt,BBLCT,3,5,9,9,1200.0,0,0.0,7,77.8,10,1141.46,5.1,5107,true,completed
CV_h5s3n29.txt,BBLCT,3,5,9,9,1200.0,0,0.0,7,77.8,10,1166.85,1.5,1549,true,completed
CV_h5s3n3.txt,BBLCT,3,5,9,9,1200.0,0,0.0,9,100.0,10,1127.59,0.2,52,true,completed
CV_h5s3n30.txt,BBLCT,3,5,9,9,1200.0,0,0.0,9,100.0,10,1147.69,0.8,598,true,completed
CV_h5s3n31.txt,BBLCT,3,5,9,9,1200.0,0,0.0,9,100.0,9,1001.12,2.3,2298,true,completed
CV_h5s3n32.txt,BBLCT,3,5,9,9,1200.0,1,11.1,9,100.0,10,1118.01,0.2,80,true,completed
CV_h5s3n33.txt,BBLCT,3,5,9,9,1200.0,1,11.1,9,100.0,9,1006.53,0.6,454,true,completed
CV_h5s3n34.txt,BBLCT,3,5,9,9,1200.0,0,0.0,7,77.8,10,1146.46,3.3,3485,true,completed
CV_h5s3n35.txt,BBLCT,3,5,9,9,1200.0,0,0.0,9,100.0,10,1108.62,0.6,451,true,completed
CV_h5s3n36.txt,BBLCT,3,5,9,9,1200.0,0,0.0,9,100.0,10,1176.95,0.7,642,true,completed
CV_h5s3n37.txt,BBLCT,3,5,9,9,1200.0,0,0.0,9,100.0,10,1149.71,0.4,310,true,completed
CV_h5s3n38.txt,BBLCT,3,5,9,9,1200.0,0,0.0,9,100.0,10,1199.04,2.3,2266,true,completed
CV_h5s3n39.txt,BBLCT,3,5,9,9,1200.0,9,100.0,9,100.0,0,0.00,0.1,1,true,completed
CV_h5s3n4.txt,BBLCT,3,5,9,9,1200.0,1,11.1,9,100.0,11,1164.66,0.4,316,true,completed
CV_h5s3n40.txt,BBLCT,3,5,9,9,1200.0,1,11.1,9,100.0,10,1148.35,0.1,38,true,completed
CV_h5s3n5.txt,BBLCT,3,5,9,9,1200.0,4,44.4,9,100.0,7,757.56,0.3,174,true,completed
CV_h5s3n6.txt,BBLCT,3,5,9,9,1200.0,0,0.0,9,100.0,10,1170.41,0.5,387,true,completed
CV_h5s3n7.txt,BBLCT,3,5,9,9,1200.0,0,0.0,9,100.0,10,1113.95,0.8,645,true,completed
CV_h5s3n8.txt,BBLCT,3,5,9,9,1200.0,1,11.1,9,100.0,9,953.61,0.3,132,true,completed
CV_h5s3n9.txt,BBLCT,3,5,9,9,1200.0,0,0.0,9,100.0,10,1170.75,2.1,2153,true,completed
CV_h5s4n1.txt,BBLCT,4,5,12,12,1200.0,2,16.7,12,100.0,10,1130.59,59.9,22407,true,completed
CV_h5s4n10.txt,BBLCT,4,5,12,12,1200.0,0,0.0,4,33.3,10,1157.27,2.1,1201,true,completed
CV_h5s4n11.txt,BBLCT,4,5,12,12,1200.0,1,8.3,12,100.0,10,1147.11,8.8,3923,true,completed
CV_h5s4n12.txt,BBLCT,4,5,12,12,1200.0,1,8.3,12,100.0,10,1171.58,17.9,8560,true,completed
CV_h5s4n13.txt,BBLCT,4,5,12,12,1200.0,1,8.3,12,100.0,10,1141.66,0.3,107,true,completed
CV_h5s4n14.txt,BBLCT,4,5,12,12,1200.0,0,0.0,12,100.0,10,1158.82,3.4,1861,true,completed
CV_h5s4n15.txt,BBLCT,4,5,12,12,1200.0,0,0.0,12,100.0,10,1160.94,0.9,321,true,completed
CV_h5s4n16.txt,BBLCT,4,5,12,12,1200.0,0,0.0,4,33.3,10,1128.08,22.6,12446,true,completed
CV_h5s4n17.txt,BBLCT,4,5,12,12,1200.0,0,0.0,12,100.0,10,1125.25,145.2,62105,true,completed
CV_h5s4n18.txt,BBLCT,4,5,12,12,1200.0,0,0.0,12,100.0,11,1199.41,12.2,4985,true,completed
CV_h5s4n19.txt,BBLCT,4,5,12,12,1200.0,0,0.0,12,100.0,10,1161.73,67.4,29490,true,completed
CV_h5s4n2.txt,BBLCT,4,5,12,12,1200.0,0,0.0,12,100.0,10,1134.18,1.9,822,true,completed
CV_h5s4n20.txt,BBLCT,4,5,12,12,1200.0,0,0.0,12,100.0,11,1181.40,3.2,1210,true,completed
CV_h5s4n21.txt,BBLCT,4,5,12,12,1200.0,1,8.3,6,50.0,10,1136.83,49.1,19989,true,completed
CV_h5s4n22.txt,BBLCT,4,5,12,12,1200.0,0,0.0,9,75.0,11,1190.58,9.2,4481,true,completed
CV_h5s4n23.txt,BBLCT,4,5,12,12,1200.0,3,25.0,12,100.0,10,1103.33,2.0,768,true,completed
CV_h5s4n24.txt,BBLCT,4,5,12,12,1200.0,0,0.0,8,66.7,10,1160.22,347.4,151181,true,completed
CV_h5s4n25.txt,BBLCT,4,5,12,12,1200.0,0,0.0,12,100.0,11,1190.81,4.7,2224,true,completed
CV_h5s4n26.txt,BBLCT,4,5,12,12,1200.0,1,8.3,12,100.0,11,1199.38,1.7,820,true,completed
CV_h5s4n27.txt,BBLCT,4,5,12,12,1200.0,4,33.3,12,100.0,5,547.71,0.2,42,true,completed
CV_h5s4n28.txt,BBLCT,4,5,12,12,1200.0,0,0.0,12,100.0,10,1145.98,10.7,5504,true,completed
CV_h5s4n29.txt,BBLCT,4,5,12,12,1200.0,0,0.0,6,50.0,10,1153.57,5.9,3160,true,completed
CV_h5s4n3.txt,BBLCT,4,5,12,12,1200.0,1,8.3,7,58.3,10,1151.47,5.1,2189,true,completed
CV_h5s4n30.txt,BBLCT,4,5,12,12,1200.0,0,0.0,7,58.3,10,1160.20,44.2,20489,true,completed
CV_h5s4n31.txt,BBLCT,4,5,12,12,1200.0,0,0.0,12,100.0,11,1183.50,2.6,1129,true,completed
CV_h5s4n32.txt,BBLCT,4,5,12,12,1200.0,0,0.0,12,100.0,10,1159.85,10.1,6126,true,completed
CV_h5s4n33.txt,BBLCT,4,5,12,12,1200.0,0,0.0,4,33.3,5,645.68,81.3,44272,true,completed
CV_h5s4n34.txt,BBLCT,4,5,12,12,1200.0,0,0.0,12,100.0,10,1183.40,16.9,7712,true,completed
CV_h5s4n35.txt,BBLCT,4,5,12,12,1200.0,1,8.3,12,100.0,11,1199.29,1.2,431,true,completed
CV_h5s4n36.txt,BBLCT,4,5,12,12,1200.0,0,0.0,12,100.0,10,1156.75,185.8,96100,true,completed
CV_h5s4n37.txt,BBLCT,4,5,12,12,1200.0,3,25.0,12,100.0,10,1189.99,2.6,933,true,completed
CV_h5s4n38.txt,BBLCT,4,5,12,12,1200.0,2,16.7,12,100.0,10,1136.08,14.6,5818,true,completed
CV_h5s4n39.txt,BBLCT,4,5,12,12,1200.0,0,0.0,12,100.0,10,1136.78,2.1,973,true,completed
CV_h5s4n4.txt,BBLCT,4,5,12,12,1200.0,0,0.0,12,100.0,11,1195.41,1.4,608,true,completed
CV_h5s4n40.txt,BBLCT,4,5,12,12,1200.0,0,0.0,12,100.0,10,1111.32,0.2,78,true,completed
CV_h5s4n5.txt,BBLCT,4,5,12,12,1200.0,1,8.3,12,100.0,10,1178.52,3.8,1688,true,completed
CV_h5s4n6.txt,BBLCT,4,5,12,12,1200.0,0,0.0,5,41.7,7,788.38,32.5,13628,true,completed
CV_h5s4n7.txt,BBLCT,4,5,12,12,1200.0,0,0.0,7,58.3,10,1193.41,24.2,13357,true,completed
CV_h5s4n8.txt,BBLCT,4,5,12,12,1200.0,2,16.7,12,100.0,10,1164.73,8.3,3204,true,completed
CV_h5s4n9.txt,BBLCT,4,5,12,12,1200.0,0,0.0,12,100.0,11,1168.01,0.7,357,true,completed
CV_h5s5n1.txt,BBLCT,5,5,15,15,1200.0,1,6.7,15,100.0,10,1148.66,65.4,12480,true,completed
CV_h5s5n10.txt,BBLCT,5,5,15,15,1200.0,3,20.0,15,100.0,10,1190.40,31.0,6273,true,completed
CV_h5s5n11.txt,BBLCT,5,5,15,15,1200.0,0,0.0,6,40.0,10,1162.09,326.8,142866,true,completed
CV_h5s5n12.txt,BBLCT,5,5,15,15,1200.0,0,0.0,12,80.0,10,1188.23,157.7,42687,true,completed
CV_h5s5n13.txt,BBLCT,5,5,15,15,1200.0,0,0.0,6,40.0,10,1194.42,2.9,720,true,completed
CV_h5s5n14.txt,BBLCT,5,5,15,15,1200.0,0,0.0,15,100.0,10,1127.67,4.9,1242,true,completed
CV_h5s5n15.txt,BBLCT,5,5,15,15,1200.0,0,0.0,10,66.7,10,1136.39,66.4,14570,true,completed
CV_h5s5n16.txt,BBLCT,5,5,15,15,1200.0,0,0.0,15,100.0,10,1171.20,713.7,164371,true,completed
CV_h5s5n17.txt,BBLCT,5,5,15,15,1200.0,0,0.0,12,80.0,10,1191.31,222.4,53104,true,completed
CV_h5s5n18.txt,BBLCT,5,5,15,15,1200.0,1,6.7,15,100.0,10,1153.34,142.7,26791,true,completed
CV_h5s5n19.txt,BBLCT,5,5,15,15,1200.0,1,6.7,15,100.0,10,1194.90,2.4,488,true,completed
CV_h5s5n2.txt,BBLCT,5,5,15,15,1200.0,0,0.0,7,46.7,10,1197.35,97.4,24153,true,completed
CV_h5s5n20.txt,BBLCT,5,5,15,15,1200.0,0,0.0,11,73.3,10,1196.55,57.1,13947,true,completed
CV_h5s5n21.txt,BBLCT,5,5,15,15,1200.0,0,0.0,15,100.0,10,1169.75,19.6,4110,true,completed
CV_h5s5n22.txt,BBLCT,5,5,15,15,1200.0,1,6.7,15,100.0,10,1178.15,263.7,64433,true,completed
CV_h5s5n23.txt,BBLCT,5,5,15,15,1200.0,1,6.7,15,100.0,11,1196.59,10.6,2251,true,completed
CV_h5s5n24.txt,BBLCT,5,5,15,15,1200.0,0,0.0,15,100.0,10,1174.46,443.2,123992,true,completed
CV_h5s5n25.txt,BBLCT,5,5,15,15,1200.0,2,13.3,15,100.0,10,1189.49,137.6,25829,true,completed
CV_h5s5n26.txt,BBLCT,5,5,15,15,1200.0,0,0.0,15,100.0,10,1152.11,73.5,15672,true,completed
CV_h5s5n27.txt,BBLCT,5,5,15,15,1200.0,0,0.0,15,100.0,10,1191.78,52.8,10635,true,completed
CV_h5s5n28.txt,BBLCT,5,5,15,15,1200.0,0,0.0,15,100.0,10,1169.43,105.5,22040,true,completed
CV_h5s5n29.txt,BBLCT,5,5,15,15,1200.0,0,0.0,10,66.7,11,1198.77,63.3,14833,true,completed
CV_h5s5n3.txt,BBLCT,5,5,15,15,1200.0,0,0.0,13,86.7,10,1170.98,130.0,31202,true,completed
CV_h5s5n30.txt,BBLCT,5,5,15,15,1200.0,0,0.0,15,100.0,10,1161.39,16.8,3400,true,completed
CV_h5s5n31.txt,BBLCT,5,5,15,15,1200.0,1,6.7,7,46.7,10,1187.37,1043.2,253290,true,completed
CV_h5s5n32.txt,BBLCT,5,5,15,15,1200.0,0,0.0,15,100.0,10,1137.96,16.4,4095,true,completed
CV_h5s5n33.txt,BBLCT,5,5,15,15,1200.0,1,6.7,15,100.0,10,1145.68,1188.0,221536,true,completed
CV_h5s5n34.txt,BBLCT,5,5,15,15,1200.0,0,0.0,15,100.0,10,1197.11,5.5,1425,true,completed
CV_h5s5n35.txt,BBLCT,5,5,15,15,1200.0,1,6.7,15,100.0,10,1159.59,806.1,154904,true,completed
CV_h5s5n36.txt,BBLCT,5,5,15,15,1200.0,1,6.7,15,100.0,10,1183.41,226.2,48355,true,completed
CV_h5s5n37.txt,BBLCT,5,5,15,15,1200.0,0,0.0,4,26.7,7,874.96,233.9,82264,true,completed
CV_h5s5n38.txt,BBLCT,5,5,15,15,1200.0,0,0.0,15,100.0,11,1198.95,12.0,2317,true,completed
CV_h5s5n39.txt,BBLCT,5,5,15,15,1200.0,0,0.0,15,100.0,11,1198.77,5.9,1413,true,completed
CV_h5s5n4.txt,BBLCT,5,5,15,15,1200.0,0,0.0,15,100.0,11,1197.80,3.7,1009,true,completed
CV_h5s5n40.txt,BBLCT,5,5,15,15,1200.0,2,13.3,15,100.0,10,1179.04,510.0,98855,true,completed
CV_h5s5n5.txt,BBLCT,5,5,15,15,1200.0,0,0.0,6,40.0,10,1197.88,1444.3,398536,true,completed
CV_h5s5n6.txt,BBLCT,5,5,15,15,1200.0,0,0.0,7,46.7,7,871.83,551.7,156406,true,completed
CV_h5s5n7.txt,BBLCT,5,5,15,15,1200.0,0,0.0,15,100.0,11,1173.00,5.4,1361,true,completed
CV_h5s5n8.txt,BBLCT,5,5,15,15,1200.0,0,0.0,8,53.3,10,1165.88,3.9,1002,true,completed
CV_h5s5n9.txt,BBLCT,5,5,15,15,1200.0,0,0.0,8,53.3,8,919.12,486.9,135561,true,completed
CV_h5s6n1.txt,BBLCT,6,5,18,18,1200.0,0,0.0,6,33.3,10,1172.96,633.6,110129,true,completed
CV_h5s6n10.txt,BBLCT,6,5,18,18,1200.0,1,5.6,18,100.0,10,1194.00,761.6,86308,true,completed
CV_h5s6n11.txt,BBLCT,6,5,18,18,1200.0,3,16.7,18,100.0,11,1183.72,6.3,877,true,completed
CV_h5s6n12.txt,BBLCT,6,5,18,18,1200.0,0,0.0,8,44.4,10,1198.65,1387.7,226431,true,completed
CV_h5s6n13.txt,BBLCT,6,5,18,18,1200.0,0,0.0,18,100.0,10,1191.18,878.1,135256,true,completed
CV_h5s6n14.txt,BBLCT,6,5,18,18,1200.0,0,0.0,12,66.7,11,1198.51,1686.6,245112,true,completed
CV_h5s6n15.txt,BBLCT,6,5,18,18,1200.0,0,0.0,6,33.3,7,813.31,37092.9,5222511,true,completed
CV_h5s6n16.txt,BBLCT,6,5,18,18,1200.0,0,0.0,9,50.0,10,1195.25,578.4,102140,true,completed
CV_h5s6n17.txt,BBLCT,6,5,18,18,1200.0,0,0.0,8,44.4,9,1145.33,2015.0,335905,true,completed
CV_h5s6n18.txt,BBLCT,6,5,18,18,1200.0,2,11.1,18,100.0,10,1197.17,27259.5,3046988,true,completed
CV_h5s6n19.txt,BBLCT,6,5,18,18,1200.0,0,0.0,7,38.9,10,1197.54,1651.8,325169,true,completed
CV_h5s6n2.txt,BBLCT,6,5,18,18,1200.0,0,0.0,18,100.0,10,1186.80,637.0,95242,true,completed
CV_h5s6n20.txt,BBLCT,6,5,18,18,1200.0,0,0.0,18,100.0,10,1186.46,201.9,21693,true,completed
CV_h5s6n21.txt,BBLCT,6,5,18,18,1200.0,1,5.6,9,50.0,10,1149.58,97.6,13511,true,completed
CV_h5s6n22.txt,BBLCT,6,5,18,18,1200.0,0,0.0,5,27.8,10,1193.60,4236.0,821647,true,completed
CV_h5s6n23.txt,BBLCT,6,5,18,18,1200.0,0,0.0,7,38.9,10,1127.76,443.8,81909,true,completed
CV_h5s6n24.txt,BBLCT,6,5,18,18,1200.0,0,0.0,9,50.0,10,1191.05,785.3,125307,true,completed
CV_h5s6n25.txt,BBLCT,6,5,18,18,1200.0,1,5.6,18,100.0,10,1198.87,48.3,5919,true,completed
CV_h5s6n26.txt,BBLCT,6,5,18,18,1200.0,0,0.0,5,27.8,10,1199.91,335.8,60082,true,completed
CV_h5s6n27.txt,BBLCT,6,5,18,18,1200.0,1,5.6,12,66.7,10,1190.61,4728.9,734203,true,completed
CV_h5s6n28.txt,BBLCT,6,5,18,18,1200.0,2,11.1,18,100.0,10,1143.90,97.3,9300,true,completed
CV_h5s6n29.txt,BBLCT,6,5,18,18,1200.0,0,0.0,18,100.0,10,1196.96,3438.4,529066,true,completed
CV_h5s6n3.txt,BBLCT,6,5,18,18,1200.0,0,0.0,6,33.3,7,812.43,26285.6,3922688,true,completed
CV_h5s6n30.txt,BBLCT,6,5,18,18,1200.0,4,22.2,9,50.0,10,1181.06,384.2,42850,true,completed
CV_h5s6n31.txt,BBLCT,6,5,18,18,1200.0,0,0.0,11,61.1,10,1152.07,819.2,105090,true,completed
CV_h5s6n32.txt,BBLCT,6,5,18,18,1200.0,0,0.0,15,83.3,10,1189.87,3464.9,453556,true,completed
CV_h5s6n33.txt,BBLCT,6,5,18,18,1200.0,1,5.6,13,72.2,10,1198.79,2551.7,304654,true,completed
CV_h5s6n34.txt,BBLCT,6,5,18,18,1200.0,0,0.0,14,77.8,11,1199.50,2324.1,305797,true,completed
CV_h5s6n35.txt,BBLCT,6,5,18,18,1200.0,1,5.6,18,100.0,10,1197.84,7.3,1179,true,completed
CV_h5s6n36.txt,BBLCT,6,5,18,18,1200.0,2,11.1,9,50.0,11,1198.24,12453.0,1556195,true,completed
CV_h5s6n37.txt,BBLCT,6,5,18,18,1200.0,0,0.0,6,33.3,10,1199.83,665.8,114955,true,completed
CV_h5s6n38.txt,BBLCT,6,5,18,18,1200.0,0,0.0,12,66.7,10,1154.34,246.4,35099,true,completed
CV_h5s6n39.txt,BBLCT,6,5,18,18,1200.0,0,0.0,12,66.7,10,1184.93,1013.5,135623,true,completed
CV_h5s6n4.txt,BBLCT,6,5,18,18,1200.0,0,0.0,18,100.0,10,1187.77,53.1,8434,true,completed
CV_h5s6n40.txt,BBLCT,6,5,18,18,1200.0,1,5.6,9,50.0,10,1179.67,1794.2,228170,true,completed
CV_h5s6n5.txt,BBLCT,6,5,18,18,1200.0,0,0.0,18,100.0,10,1162.53,19.2,2411,true,completed
CV_h5s6n6.txt,BBLCT,6,5,18,18,1200.0,0,0.0,9,50.0,10,1193.20,1253.2,245117,true,completed
CV_h5s6n7.txt,BBLCT,6,5,18,18,1200.0,0,0.0,8,44.4,10,1198.64,339.0,61029,true,completed
CV_h5s6n8.txt,BBLCT,6,5,18,18,1200.0,1,5.6,6,33.3,10,1188.88,863.2,107164,true,completed
CV_h5s6n9.txt,BBLCT,6,5,18,18,1200.0,0,0.0,8,44.4,10,1182.35,216.1,28619,true,completed
CV_h5s7n1.txt,BBLCT,7,5,21,21,1200.0,0,0.0,21,100.0,10,1198.05,709.3,54853,true,completed
CV_h5s7n10.txt,BBLCT,7,5,21,21,1200.0,0,0.0,17,81.0,10,1177.80,43681.9,2525169,true,completed
CV_h5s7n11.txt,BBLCT,7,5,21,21,1200.0,0,0.0,11,52.4,10,1186.47,145.4,15837,true,completed
CV_h5s7n12.txt,BBLCT,7,5,21,21,1200.0,1,4.8,14,66.7,10,1189.63,32327.3,2567237,true,completed
CV_h5s7n13.txt,BBLCT,7,5,21,21,1200.0,0,0.0,17,81.0,10,1193.59,2875.7,315400,true,completed
CV_h5s7n14.txt,BBLCT,7,5,21,21,1200.0,0,0.0,16,76.2,10,1198.73,748.9,84087,true,completed
CV_h5s7n15.txt,BBLCT,7,5,21,21,1200.0,0,0.0,15,71.4,11,1199.00,32889.4,2656492,true,completed
CV_h5s7n16.txt,BBLCT,7,5,21,21,1200.0,3,14.3,13,61.9,10,1198.09,3262.6,251721,true,completed
CV_h5s7n17.txt,BBLCT,7,5,21,21,1200.0,1,4.8,11,52.4,7,788.97,10067.3,730270,true,completed
CV_h5s7n18.txt,BBLCT,7,5,21,21,1200.0,5,23.8,12,57.1,10,1182.01,6452.8,421823,true,completed
CV_h5s7n19.txt,BBLCT,7,5,21,21,1200.0,0,0.0,7,33.3,8,960.24,1294.5,160609,true,completed
CV_h5s7n2.txt,BBLCT,7,5,21,21,1200.0,0,0.0,15,71.4,10,1172.28,2659.0,304892,true,completed
CV_h5s7n20.txt,BBLCT,7,5,21,21,1200.0,0,0.0,16,76.2,10,1173.59,157.7,11982,true,completed
CV_h5s7n21.txt,BBLCT,7,5,21,21,1200.0,0,0.0,12,57.1,10,1159.10,2000.9,168323,true,completed
CV_h5s7n22.txt,BBLCT,7,5,21,21,1200.0,0,0.0,7,33.3,8,984.54,5027.9,523006,true,completed
CV_h5s7n23.txt,BBLCT,7,5,21,21,1200.0,0,0.0,11,52.4,10,1153.38,681.1,52040,true,completed
CV_h5s7n24.txt,BBLCT,7,5,21,21,1200.0,1,4.8,21,100.0,10,1178.91,24.3,1847,true,completed
CV_h5s7n25.txt,BBLCT,7,5,21,21,1200.0,1,4.8,15,71.4,10,1192.29,574.1,52721,true,completed
CV_h5s7n26.txt,BBLCT,7,5,21,21,1200.0,0,0.0,10,47.6,10,1199.61,5146.6,478926,true,completed
CV_h5s7n27.txt,BBLCT,7,5,21,21,1200.0,0,0.0,8,38.1,10,1183.43,131.2,17128,true,completed
CV_h5s7n28.txt,BBLCT,7,5,21,21,1200.0,2,9.5,13,61.9,10,1195.71,2348.5,158266,true,completed
CV_h5s7n29.txt,BBLCT,7,5,21,21,1200.0,1,4.8,6,28.6,10,1186.54,1611.5,191063,true,completed
CV_h5s7n3.txt,BBLCT,7,5,21,21,1200.0,3,14.3,9,42.9,10,1156.29,56068.6,4315575,true,completed
CV_h5s7n30.txt,BBLCT,7,5,21,21,1200.0,2,9.5,12,57.1,10,1196.19,28641.7,2200779,true,completed
CV_h5s7n31.txt,BBLCT,7,5,21,21,1200.0,0,0.0,21,100.0,10,1176.62,28677.2,2473600,true,completed
CV_h5s7n32.txt,BBLCT,7,5,21,21,1200.0,1,4.8,11,52.4,10,1181.92,63652.4,5442074,true,completed
CV_h5s7n33.txt,BBLCT,7,5,21,21,1200.0,0,0.0,10,47.6,10,1152.81,1315.5,151072,true,completed
CV_h5s7n34.txt,BBLCT,7,5,21,21,1200.0,0,0.0,21,100.0,10,1196.39,2793.6,243962,true,completed
CV_h5s7n35.txt,BBLCT,7,5,21,21,1200.0,0,0.0,8,38.1,10,1182.68,8045.0,885793,true,completed
CV_h5s7n36.txt,BBLCT,7,5,21,21,1200.0,0,0.0,19,90.5,10,1170.81,13965.0,1092574,true,completed
CV_h5s7n37.txt,BBLCT,7,5,21,21,1200.0,0,0.0,17,81.0,11,1195.17,7764.9,611959,true,completed
CV_h5s7n38.txt,BBLCT,7,5,21,21,1200.0,1,4.8,7,33.3,10,1192.56,1519.7,145319,true,completed
CV_h5s7n39.txt,BBLCT,7,5,21,21,1200.0,0,0.0,21,100.0,10,1194.31,59.5,4613,true,completed
CV_h5s7n4.txt,BBLCT,7,5,21,21,1200.0,0,0.0,13,61.9,10,1198.20,217.7,20100,true,completed
CV_h5s7n40.txt,BBLCT,7,5,21,21,1200.0,0,0.0,10,47.6,10,1179.00,65.3,6266,true,completed
CV_h5s7n5.txt,BBLCT,7,5,21,21,1200.0,0,0.0,5,23.8,11,1190.91,1103.5,111783,true,completed
CV_h5s7n6.txt,BBLCT,7,5,21,21,1200.0,1,4.8,14,66.7,10,1194.50,1758.2,156436,true,completed
CV_h5s7n7.txt,BBLCT,7,5,21,21,1200.0,0,0.0,7,33.3,10,1174.96,27850.2,3165072,true,completed
CV_h5s7n8.txt,BBLCT,7,5,21,21,1200.0,0,0.0,14,66.7,10,1194.21,129.4,10052,true,completed
CV_h5s7n9.txt,BBLCT,7,5,21,21,1200.0,0,0.0,8,38.1,10,1191.30,6008.3,672574,true,completed
CV_h5s8n1.txt,BBLCT,8,5,24,24,1200.0,0,0.0,24,100.0,10,1170.43,10767.3,707868,true,completed
CV_h5s8n10.txt,BBLCT,8,5,24,24,1200.0,0,0.0,9,37.5,10,1198.88,28347.1,2052905,true,completed
CV_h5s8n11.txt,BBLCT,8,5,24,24,1200.0,1,4.2,15,62.5,10,1199.82,4206.8,284132,true,completed
CV_h5s8n12.txt,BBLCT,8,5,24,24,1200.0,0,0.0,9,37.5,10,1198.49,7864.0,647255,true,completed
CV_h5s8n13.txt,BBLCT,8,5,24,24,1200.0,0,0.0,12,50.0,10,1174.41,10659.1,691913,true,completed
CV_h5s8n14.txt,BBLCT,8,5,24,24,1200.0,0,0.0,8,33.3,10,1167.11,4067.1,256602,true,completed
CV_h5s8n15.txt,BBLCT,8,5,24,24,1200.0,0,0.0,17,70.8,10,1175.22,6910.5,395690,true,completed
CV_h5s8n16.txt,BBLCT,8,5,24,24,1200.0,1,4.2,16,66.7,10,1198.88,10541.6,487630,true,completed
CV_h5s8n17.txt,BBLCT,8,5,24,24,1200.0,1,4.2,20,83.3,10,1195.03,416874.5,19378329,true,completed
CV_h5s8n18.txt,BBLCT,8,5,24,24,1200.0,0,0.0,19,79.2,10,1184.07,8906.8,536424,true,completed
CV_h5s8n19.txt,BBLCT,8,5,24,24,1200.0,0,0.0,11,45.8,8,938.19,18869.0,1364684,true,completed
CV_h5s8n2.txt,BBLCT,8,5,24,24,1200.0,0,0.0,11,45.8,10,1192.12,16760.0,830545,true,completed
CV_h5s8n20.txt,BBLCT,8,5,24,24,1200.0,0,0.0,8,33.3,7,790.12,93835.1,7483595,true,completed
CV_h5s8n21.txt,BBLCT,8,5,24,24,1200.0,0,0.0,14,58.3,10,1199.05,3914.3,212128,true,completed
CV_h5s8n22.txt,BBLCT,8,5,24,24,1200.0,0,0.0,13,54.2,10,1199.94,108410.0,8981391,true,completed
CV_h5s8n23.txt,BBLCT,8,5,24,24,1200.0,0,0.0,16,66.7,10,1199.13,1321.3,68970,true,completed
CV_h5s8n24.txt,BBLCT,8,5,24,24,1200.0,0,0.0,17,70.8,10,1197.50,69413.1,3952846,true,completed
CV_h5s8n25.txt,BBLCT,8,5,24,24,1200.0,1,4.2,18,75.0,10,1189.36,123463.4,6747620,true,completed
CV_h5s8n26.txt,BBLCT,8,5,24,24,1200.0,0,0.0,6,25.0,10,1190.58,127687.3,10389443,true,completed
CV_h5s8n27.txt,BBLCT,8,5,24,24,1200.0,0,0.0,24,100.0,10,1191.33,103677.3,6647965,true,completed
CV_h5s8n28.txt,BBLCT,8,5,24,24,1200.0,0,0.0,12,50.0,10,1166.78,501.5,29524,true,completed
CV_h5s8n29.txt,BBLCT,8,5,24,24,1200.0,0,0.0,7,29.2,10,1186.23,5053.1,310679,true,completed
CV_h5s8n3.txt,BBLCT,8,5,24,24,1200.0,0,0.0,15,62.5,10,1191.85,150059.4,7186106,true,completed
CV_h5s8n30.txt,BBLCT,8,5,24,24,1200.0,0,0.0,13,54.2,10,1198.91,320.1,21816,true,completed
CV_h5s8n31.txt,BBLCT,8,5,24,24,1200.0,0,0.0,10,41.7,10,1198.42,50309.9,4187161,true,completed
CV_h5s8n32.txt,BBLCT,8,5,24,24,1200.0,0,0.0,14,58.3,10,1189.03,35652.0,2733232,true,completed
CV_h5s8n33.txt,BBLCT,8,5,24,24,1200.0,0,0.0,7,29.2,10,1194.27,902.1,82802,true,completed
CV_h5s8n34.txt,BBLCT,8,5,24,24,1200.0,0,0.0,5,20.8,8,931.37,159669.5,12308687,true,completed
CV_h5s8n35.txt,BBLCT,8,5,24,24,1200.0,0,0.0,9,37.5,10,1199.55,14019.3,1051957,true,completed
CV_h5s8n36.txt,BBLCT,8,5,24,24,1200.0,0,0.0,7,29.2,10,1199.75,125548.8,8832116,true,completed
CV_h5s8n37.txt,BBLCT,8,5,24,24,1200.0,0,0.0,16,66.7,8,954.70,2077.9,141140,true,completed
CV_h5s8n38.txt,BBLCT,8,5,24,24,1200.0,0,0.0,10,41.7,10,1184.96,1169.9,59252,true,completed
CV_h5s8n39.txt,BBLCT,8,5,24,24,1200.0,0,0.0,16,66.7,10,1199.94,2765.3,175006,true,completed
CV_h5s8n4.txt,BBLCT,8,5,24,24,1200.0,1,4.2,9,37.5,10,1194.35,452.2,25707,true,completed
CV_h5s8n40.txt,BBLCT,8,5,24,24,1200.0,1,4.2,12,50.0,10,1199.44,6124.9,382001,true,completed
CV_h5s8n5.txt,BBLCT,8,5,24,24,1200.0,0,0.0,11,45.8,10,1196.05,45145.1,2883743,true,completed
CV_h5s8n6.txt,BBLCT,8,5,24,24,1200.0,0,0.0,15,62.5,10,1178.92,16487.8,980689,true,completed
CV_h5s8n7.txt,BBLCT,8,5,24,24,1200.0,0,0.0,8,33.3,10,1196.26,7347.0,430931,true,completed
CV_h5s8n8.txt,BBLCT,8,5,24,24,1200.0,2,8.3,9,37.5,9,1093.44,41643.1,2410978,true,completed
CV_h5s8n9.txt,BBLCT,8,5,24,24,1200.0,0,0.0,13,54.2,10,1143.82,717.4,39174,true,completed
CV_h6s4n1.txt,BBLCT,4,6,16,16,1200.0,0,0.0,4,25.0,4,489.05,83.5,45520,true,completed
CV_h6s4n10.txt,BBLCT,4,6,16,16,1200.0,0,0.0,9,56.2,10,1167.78,112.8,51318,true,completed
CV_h6s4n11.txt,BBLCT,4,6,16,16,1200.0,0,0.0,4,25.0,9,1197.02,42.5,25211,true,completed
CV_h6s4n12.txt,BBLCT,4,6,16,16,1200.0,3,18.8,5,31.2,5,589.25,40.4,13602,true,completed
CV_h6s4n13.txt,BBLCT,4,6,16,16,1200.0,0,0.0,6,37.5,10,1158.51,3.0,1305,true,completed
CV_h6s4n14.txt,BBLCT,4,6,16,16,1200.0,0,0.0,3,18.8,10,1185.61,3.7,2279,true,completed
CV_h6s4n15.txt,BBLCT,4,6,16,16,1200.0,1,6.2,10,62.5,11,1143.96,33.7,10493,true,completed
CV_h6s4n16.txt,BBLCT,4,6,16,16,1200.0,0,0.0,4,25.0,9,1158.94,59.1,41434,true,completed
CV_h6s4n17.txt,BBLCT,4,6,16,16,1200.0,0,0.0,4,25.0,7,827.75,52.0,33399,true,completed
CV_h6s4n18.txt,BBLCT,4,6,16,16,1200.0,0,0.0,4,25.0,9,1133.16,0.7,376,true,completed
CV_h6s4n19.txt,BBLCT,4,6,16,16,1200.0,0,0.0,7,43.8,10,1184.13,22.1,12107,true,completed
CV_h6s4n2.txt,BBLCT,4,6,16,16,1200.0,0,0.0,10,62.5,10,1187.11,40.7,16193,true,completed
CV_h6s4n20.txt,BBLCT,4,6,16,16,1200.0,0,0.0,7,43.8,10,1177.94,4.1,1496,true,completed
CV_h6s4n21.txt,BBLCT,4,6,16,16,1200.0,0,0.0,4,25.0,9,1145.80,11.0,7743,true,completed
CV_h6s4n22.txt,BBLCT,4,6,16,16,1200.0,0,0.0,5,31.2,6,705.23,90.6,47005,true,completed
CV_h6s4n23.txt,BBLCT,4,6,16,16,1200.0,0,0.0,7,43.8,10,1185.06,8.3,4484,true,completed
CV_h6s4n24.txt,BBLCT,4,6,16,16,1200.0,0,0.0,6,37.5,7,815.04,49.8,25897,true,completed
CV_h6s4n25.txt,BBLCT,4,6,16,16,1200.0,1,6.2,6,37.5,10,1193.17,41.8,16451,true,completed
CV_h6s4n26.txt,BBLCT,4,6,16,16,1200.0,0,0.0,6,37.5,10,1198.78,8.2,3862,true,completed
CV_h6s4n27.txt,BBLCT,4,6,16,16,1200.0,0,0.0,5,31.2,6,735.34,4.8,2793,true,completed
CV_h6s4n28.txt,BBLCT,4,6,16,16,1200.0,0,0.0,4,25.0,10,1162.65,32.3,12071,true,completed
CV_h6s4n29.txt,BBLCT,4,6,16,16,1200.0,0,0.0,7,43.8,10,1197.14,48.7,25569,true,completed
CV_h6s4n3.txt,BBLCT,4,6,16,16,1200.0,2,12.5,5,31.2,10,1146.76,2.7,1162,true,completed
CV_h6s4n30.txt,BBLCT,4,6,16,16,1200.0,0,0.0,8,50.0,10,1175.63,5.7,3100,true,completed
CV_h6s4n31.txt,BBLCT,4,6,16,16,1200.0,1,6.2,6,37.5,10,1197.07,44.8,17725,true,completed
CV_h6s4n32.txt,BBLCT,4,6,16,16,1200.0,2,12.5,4,25.0,4,494.32,97.4,45020,true,completed
CV_h6s4n33.txt,BBLCT,4,6,16,16,1200.0,0,0.0,5,31.2,8,955.79,8.4,4120,true,completed
CV_h6s4n34.txt,BBLCT,4,6,16,16,1200.0,1,6.2,6,37.5,9,1128.40,65.2,30841,true,completed
CV_h6s4n35.txt,BBLCT,4,6,16,16,1200.0,0,0.0,4,25.0,9,1161.24,14.6,14086,true,completed
CV_h6s4n36.txt,BBLCT,4,6,16,16,1200.0,0,0.0,5,31.2,10,1180.51,2.5,1406,true,completed
CV_h6s4n37.txt,BBLCT,4,6,16,16,1200.0,1,6.2,10,62.5,11,1192.00,8.9,3456,true,completed
CV_h6s4n38.txt,BBLCT,4,6,16,16,1200.0,0,0.0,3,18.8,5,574.32,14.6,9454,true,completed
CV_h6s4n39.txt,BBLCT,4,6,16,16,1200.0,1,6.2,3,18.8,6,712.84,21.6,11708,true,completed
CV_h6s4n4.txt,BBLCT,4,6,16,16,1200.0,1,6.2,12,75.0,10,1187.15,41.2,14240,true,completed
CV_h6s4n40.txt,BBLCT,4,6,16,16,1200.0,0,0.0,3,18.8,10,1158.66,1.8,904,true,completed
CV_h6s4n5.txt,BBLCT,4,6,16,16,1200.0,0,0.0,9,56.2,11,1182.79,16.4,8599,true,completed
CV_h6s4n6.txt,BBLCT,4,6,16,16,1200.0,1,6.2,16,100.0,10,1138.45,0.4,145,true,completed
CV_h6s4n7.txt,BBLCT,4,6,16,16,1200.0,0,0.0,5,31.2,10,1151.27,6.4,4010,true,completed
CV_h6s4n8.txt,BBLCT,4,6,16,16,1200.0,1,6.2,4,25.0,9,1160.20,1.8,944,true,completed
CV_h6s4n9.txt,BBLCT,4,6,16,16,1200.0,0,0.0,16,100.0,10,1185.50,20.4,10293,true,completed
CV_h6s5n1.txt,BBLCT,5,6,20,20,1200.0,0,0.0,5,25.0,10,1185.64,177.9,46177,true,completed
CV_h6s5n10.txt,BBLCT,5,6,20,20,1200.0,0,0.0,6,30.0,10,1133.16,4.1,1069,true,completed
CV_h6s5n11.txt,BBLCT,5,6,20,20,1200.0,1,5.0,10,50.0,6,732.00,107.7,19923,true,completed
CV_h6s5n12.txt,BBLCT,5,6,20,20,1200.0,0,0.0,6,30.0,7,880.94,487.1,131013,true,completed
CV_h6s5n13.txt,BBLCT,5,6,20,20,1200.0,1,5.0,9,45.0,10,1191.66,32.6,6264,true,completed
CV_h6s5n14.txt,BBLCT,5,6,20,20,1200.0,0,0.0,8,40.0,10,1198.16,112.9,30278,true,completed
CV_h6s5n15.txt,BBLCT,5,6,20,20,1200.0,0,0.0,5,25.0,6,758.52,23.8,8474,true,completed
CV_h6s5n16.txt,BBLCT,5,6,20,20,1200.0,0,0.0,4,20.0,7,870.72,271.7,90048,true,completed
CV_h6s5n17.txt,BBLCT,5,6,20,20,1200.0,1,5.0,6,30.0,9,1169.70,66.0,18097,true,completed
CV_h6s5n18.txt,BBLCT,5,6,20,20,1200.0,0,0.0,5,25.0,10,1153.24,12.8,3811,true,completed
CV_h6s5n19.txt,BBLCT,5,6,20,20,1200.0,0,0.0,5,25.0,7,853.36,471.9,142353,true,completed
CV_h6s5n2.txt,BBLCT,5,6,20,20,1200.0,0,0.0,8,40.0,10,1193.14,2.7,726,true,completed
CV_h6s5n20.txt,BBLCT,5,6,20,20,1200.0,0,0.0,9,45.0,9,1150.12,73.4,23352,true,completed
CV_h6s5n21.txt,BBLCT,5,6,20,20,1200.0,0,0.0,4,20.0,6,715.36,351.1,141233,true,completed
CV_h6s5n22.txt,BBLCT,5,6,20,20,1200.0,0,0.0,5,25.0,10,1156.95,12.4,3540,true,completed
CV_h6s5n23.txt,BBLCT,5,6,20,20,1200.0,0,0.0,6,30.0,6,702.86,157.7,48140,true,completed
CV_h6s5n24.txt,BBLCT,5,6,20,20,1200.0,1,5.0,3,15.0,6,697.41,132.4,40665,true,completed
CV_h6s5n25.txt,BBLCT,5,6,20,20,1200.0,0,0.0,11,55.0,10,1195.09,93.6,26144,true,completed
CV_h6s5n26.txt,BBLCT,5,6,20,20,1200.0,0,0.0,4,20.0,10,1174.72,0.9,173,true,completed
CV_h6s5n27.txt,BBLCT,5,6,20,20,1200.0,0,0.0,11,55.0,10,1160.13,331.1,83441,true,completed
CV_h6s5n28.txt,BBLCT,5,6,20,20,1200.0,0,0.0,9,45.0,10,1182.09,7.5,1499,true,completed
CV_h6s5n29.txt,BBLCT,5,6,20,20,1200.0,0,0.0,7,35.0,10,1172.12,5.5,1579,true,completed
CV_h6s5n3.txt,BBLCT,5,6,20,20,1200.0,1,5.0,6,30.0,10,1178.14,41.4,8267,true,completed
CV_h6s5n30.txt,BBLCT,5,6,20,20,1200.0,0,0.0,4,20.0,9,1173.95,49.1,14550,true,completed
CV_h6s5n31.txt,BBLCT,5,6,20,20,1200.0,0,0.0,4,20.0,10,1151.97,40.5,15164,true,completed
CV_h6s5n32.txt,BBLCT,5,6,20,20,1200.0,3,15.0,9,45.0,10,1194.83,387.1,77181,true,completed
CV_h6s5n33.txt,BBLCT,5,6,20,20,1200.0,1,5.0,6,30.0,9,1177.56,154.1,40411,true,completed
CV_h6s5n34.txt,BBLCT,5,6,20,20,1200.0,0,0.0,4,20.0,10,1186.77,40.7,13377,true,completed
CV_h6s5n35.txt,BBLCT,5,6,20,20,1200.0,0,0.0,6,30.0,10,1195.87,1530.7,442580,true,completed
CV_h6s5n36.txt,BBLCT,5,6,20,20,1200.0,0,0.0,6,30.0,11,1194.93,33.0,8253,true,completed
CV_h6s5n37.txt,BBLCT,5,6,20,20,1200.0,0,0.0,3,15.0,9,1157.23,2.3,730,true,completed
CV_h6s5n38.txt,BBLCT,5,6,20,20,1200.0,1,5.0,7,35.0,9,1164.62,583.8,161709,true,completed
CV_h6s5n39.txt,BBLCT,5,6,20,20,1200.0,0,0.0,7,35.0,10,1147.05,5.4,1762,true,completed
CV_h6s5n4.txt,BBLCT,5,6,20,20,1200.0,0,0.0,9,45.0,5,577.05,331.2,80677,true,completed
CV_h6s5n40.txt,BBLCT,5,6,20,20,1200.0,1,5.0,7,35.0,10,1121.06,72.8,17467,true,completed
CV_h6s5n5.txt,BBLCT,5,6,20,20,1200.0,0,0.0,4,20.0,9,1163.58,544.7,229516,true,completed
CV_h6s5n6.txt,BBLCT,5,6,20,20,1200.0,0,0.0,4,20.0,7,852.80,10.0,3353,true,completed
CV_h6s5n7.txt,BBLCT,5,6,20,20,1200.0,0,0.0,9,45.0,10,1161.05,5.3,1608,true,completed
CV_h6s5n8.txt,BBLCT,5,6,20,20,1200.0,0,0.0,5,25.0,5,575.84,147.7,44084,true,completed
CV_h6s5n9.txt,BBLCT,5,6,20,20,1200.0,1,5.0,10,50.0,9,1171.85,131.2,33819,true,completed
CV_h6s6n1.txt,BBLCT,6,6,24,24,1200.0,0,0.0,9,37.5,10,1139.25,8.5,1502,true,completed
CV_h6s6n10.txt,BBLCT,6,6,24,24,1200.0,0,0.0,6,25.0,10,1194.51,49.0,7298,true,completed
CV_h6s6n11.txt,BBLCT,6,6,24,24,1200.0,0,0.0,6,25.0,9,1151.86,18434.5,5172254,true,completed
CV_h6s6n12.txt,BBLCT,6,6,24,24,1200.0,2,8.3,8,33.3,10,1192.45,502.8,81823,true,completed
CV_h6s6n13.txt,BBLCT,6,6,24,24,1200.0,0,0.0,10,41.7,10,1171.76,8740.6,1071932,true,completed
CV_h6s6n14.txt,BBLCT,6,6,24,24,1200.0,0,0.0,14,58.3,10,1189.64,379.8,51139,true,completed
CV_h6s6n15.txt,BBLCT,6,6,24,24,1200.0,1,4.2,8,33.3,10,1166.76,75.4,10640,true,completed
CV_h6s6n16.txt,BBLCT,6,6,24,24,1200.0,2,8.3,14,58.3,9,1152.00,9142.9,1285674,true,completed
CV_h6s6n17.txt,BBLCT,6,6,24,24,1200.0,0,0.0,6,25.0,9,1145.70,734.6,158887,true,completed
CV_h6s6n18.txt,BBLCT,6,6,24,24,1200.0,0,0.0,4,16.7,7,825.36,202.9,40348,true,completed
CV_h6s6n19.txt,BBLCT,6,6,24,24,1200.0,0,0.0,4,16.7,9,1189.72,3426.2,774187,true,completed
CV_h6s6n2.txt,BBLCT,6,6,24,24,1200.0,1,4.2,10,41.7,10,1143.33,411.3,50042,true,completed
CV_h6s6n20.txt,BBLCT,6,6,24,24,1200.0,0,0.0,11,45.8,10,1196.32,84.1,10874,true,completed
CV_h6s6n21.txt,BBLCT,6,6,24,24,1200.0,0,0.0,8,33.3,9,1189.93,13639.9,2345995,true,completed
CV_h6s6n22.txt,BBLCT,6,6,24,24,1200.0,0,0.0,9,37.5,6,702.66,419.8,66405,true,completed
CV_h6s6n23.txt,BBLCT,6,6,24,24,1200.0,0,0.0,8,33.3,10,1178.00,16.8,2422,true,completed
CV_h6s6n24.txt,BBLCT,6,6,24,24,1200.0,0,0.0,7,29.2,9,1156.06,1793.3,288749,true,completed
CV_h6s6n25.txt,BBLCT,6,6,24,24,1200.0,1,4.2,4,16.7,7,847.90,292.4,54865,true,completed
CV_h6s6n26.txt,BBLCT,6,6,24,24,1200.0,0,0.0,6,25.0,8,977.95,1579.9,261844,true,completed
CV_h6s6n27.txt,BBLCT,6,6,24,24,1200.0,1,4.2,6,25.0,7,811.68,890.8,130431,true,completed
CV_h6s6n28.txt,BBLCT,6,6,24,24,1200.0,1,4.2,6,25.0,10,1134.96,48.3,10033,true,completed
CV_h6s6n29.txt,BBLCT,6,6,24,24,1200.0,0,0.0,6,25.0,10,1188.32,240.2,36417,true,completed
CV_h6s6n3.txt,BBLCT,6,6,24,24,1200.0,3,12.5,9,37.5,11,1197.37,121.9,14374,true,completed
CV_h6s6n30.txt,BBLCT,6,6,24,24,1200.0,0,0.0,9,37.5,10,1197.32,49.8,8309,true,completed
CV_h6s6n31.txt,BBLCT,6,6,24,24,1200.0,1,4.2,12,50.0,8,945.95,72.9,9695,true,completed
CV_h6s6n32.txt,BBLCT,6,6,24,24,1200.0,0,0.0,10,41.7,9,1144.33,97.1,18290,true,completed
CV_h6s6n33.txt,BBLCT,6,6,24,24,1200.0,0,0.0,7,29.2,10,1189.76,170.9,30114,true,completed
CV_h6s6n34.txt,BBLCT,6,6,24,24,1200.0,0,0.0,8,33.3,9,1197.47,2725.9,441551,true,completed
CV_h6s6n35.txt,BBLCT,6,6,24,24,1200.0,0,0.0,8,33.3,10,1171.34,1865.4,296799,true,completed
CV_h6s6n36.txt,BBLCT,6,6,24,24,1200.0,0,0.0,4,16.7,7,823.82,3194.0,510844,true,completed
CV_h6s6n37.txt,BBLCT,6,6,24,24,1200.0,0,0.0,5,20.8,10,1197.24,2744.6,503121,true,completed
CV_h6s6n38.txt,BBLCT,6,6,24,24,1200.0,0,0.0,7,29.2,9,1136.55,178.4,27081,true,completed
CV_h6s6n39.txt,BBLCT,6,6,24,24,1200.0,0,0.0,4,16.7,10,1166.23,1113.2,315912,true,completed
CV_h6s6n4.txt,BBLCT,6,6,24,24,1200.0,2,8.3,7,29.2,10,1187.46,49.1,7517,true,completed
CV_h6s6n40.txt,BBLCT,6,6,24,24,1200.0,0,0.0,8,33.3,10,1189.43,153.2,22750,true,completed
CV_h6s6n5.txt,BBLCT,6,6,24,24,1200.0,0,0.0,7,29.2,9,1188.62,3801.6,1212234,true,completed
CV_h6s6n6.txt,BBLCT,6,6,24,24,1200.0,0,0.0,5,20.8,10,1178.80,241.7,50500,true,completed
CV_h6s6n7.txt,BBLCT,6,6,24,24,1200.0,0,0.0,9,37.5,10,1175.03,1095.8,224625,true,completed
CV_h6s6n8.txt,BBLCT,6,6,24,24,1200.0,0,0.0,11,45.8,10,1199.74,3.7,628,true,completed
CV_h6s6n9.txt,BBLCT,6,6,24,24,1200.0,1,4.2,11,45.8,9,1196.17,19577.9,4216185,true,completed
CV_h6s7n1.txt,BBLCT,7,6,28,28,1200.0,1,3.6,8,28.6,10,1197.77,491.8,46810,true,completed
CV_h6s7n10.txt,BBLCT,7,6,28,28,1200.0,2,7.1,10,35.7,11,1182.58,1667.8,139179,true,completed
CV_h6s7n11.txt,BBLCT,7,6,28,28,1200.0,0,0.0,8,28.6,10,1198.02,22566.9,3052760,true,completed
CV_h6s7n12.txt,BBLCT,7,6,28,28,1200.0,2,7.1,8,28.6,7,813.52,2497.7,215525,true,completed
CV_h6s7n13.txt,BBLCT,7,6,28,28,1200.0,0,0.0,12,42.9,10,1176.80,3954.8,367885,true,completed
CV_h6s7n14.txt,BBLCT,7,6,28,28,1200.0,0,0.0,6,21.4,10,1186.28,382.5,47861,true,completed
CV_h6s7n15.txt,BBLCT,7,6,28,28,1200.0,0,0.0,7,25.0,10,1155.15,25880.0,3293961,true,completed
CV_h6s7n16.txt,BBLCT,7,6,28,28,1200.0,1,3.6,6,21.4,10,1186.58,2145.3,210284,true,completed
CV_h6s7n17.txt,BBLCT,7,6,28,28,1200.0,2,7.1,12,42.9,9,1147.76,284.8,22344,true,completed
CV_h6s7n18.txt,BBLCT,7,6,28,28,1200.0,1,3.6,5,17.9,10,1194.39,4340.6,451753,true,completed
CV_h6s7n19.txt,BBLCT,7,6,28,28,1200.0,0,0.0,9,32.1,10,1198.18,4488.5,379289,true,completed
CV_h6s7n2.txt,BBLCT,7,6,28,28,1200.0,0,0.0,9,32.1,10,1189.65,2441.1,295259,true,completed
CV_h6s7n20.txt,BBLCT,7,6,28,28,1200.0,1,3.6,6,21.4,10,1175.92,12040.2,1166012,true,completed
CV_h6s7n21.txt,BBLCT,7,6,28,28,1200.0,0,0.0,2,7.1,6,705.96,595035.0,124349440,false,cpu_limit
CV_h6s7n22.txt,BBLCT,7,6,28,28,1200.0,0,0.0,9,32.1,10,1198.53,308.4,25688,true,completed
CV_h6s7n23.txt,BBLCT,7,6,28,28,1200.0,0,0.0,11,39.3,10,1175.36,101.0,7547,true,completed
CV_h6s7n24.txt,BBLCT,7,6,28,28,1200.0,0,0.0,7,25.0,10,1199.99,5492.5,519939,true,completed
CV_h6s7n25.txt,BBLCT,7,6,28,28,1200.0,0,0.0,5,17.9,9,1186.07,2186.4,284773,true,completed
CV_h6s7n26.txt,BBLCT,7,6,28,28,1200.0,0,0.0,8,28.6,7,814.38,15309.3,1346313,true,completed
CV_h6s7n27.txt,BBLCT,7,6,28,28,1200.0,0,0.0,7,25.0,10,1197.36,6.3,542,true,completed
CV_h6s7n28.txt,BBLCT,7,6,28,28,1200.0,0,0.0,4,14.3,10,1189.91,11605.7,2070300,true,completed
CV_h6s7n29.txt,BBLCT,7,6,28,28,1200.0,1,3.6,6,21.4,10,1142.18,322.7,32546,true,completed
CV_h6s7n3.txt,BBLCT,7,6,28,28,1200.0,1,3.6,7,25.0,10,1170.72,49.0,6834,true,completed
CV_h6s7n30.txt,BBLCT,7,6,28,28,1200.0,1,3.6,8,28.6,10,1168.21,1133.3,110349,true,completed
CV_h6s7n31.txt,BBLCT,7,6,28,28,1200.0,0,0.0,4,14.3,10,1161.69,1044.5,170962,true,completed
CV_h6s7n32.txt,BBLCT,7,6,28,28,1200.0,0,0.0,5,17.9,10,1144.69,53.0,6612,true,completed
CV_h6s7n33.txt,BBLCT,7,6,28,28,1200.0,0,0.0,9,32.1,10,1172.24,686.2,90210,true,completed
CV_h6s7n34.txt,BBLCT,7,6,28,28,1200.0,0,0.0,7,25.0,10,1193.84,841.1,86000,true,completed
CV_h6s7n35.txt,BBLCT,7,6,28,28,1200.0,0,0.0,3,10.7,10,1199.82,84200.7,11259482,true,completed
CV_h6s7n36.txt,BBLCT,7,6,28,28,1200.0,0,0.0,8,28.6,10,1193.02,282.7,31842,true,completed
CV_h6s7n37.txt,BBLCT,7,6,28,28,1200.0,0,0.0,6,21.4,10,1197.38,137.2,11238,true,completed
CV_h6s7n38.txt,BBLCT,7,6,28,28,1200.0,0,0.0,11,39.3,10,1175.45,16364.3,1523234,true,completed
CV_h6s7n39.txt,BBLCT,7,6,28,28,1200.0,1,3.6,8,28.6,10,1196.40,218.0,18817,true,completed
CV_h6s7n4.txt,BBLCT,7,6,28,28,1200.0,0,0.0,3,10.7,7,800.31,120476.9,19753639,true,completed
CV_h6s7n40.txt,BBLCT,7,6,28,28,1200.0,0,0.0,7,25.0,10,1152.53,413.3,43633,true,completed
CV_h6s7n5.txt,BBLCT,7,6,28,28,1200.0,0,0.0,8,28.6,10,1197.74,701.1,69047,true,completed
CV_h6s7n6.txt,BBLCT,7,6,28,28,1200.0,2,7.1,4,14.3,6,728.44,29347.3,3593125,true,completed
CV_h6s7n7.txt,BBLCT,7,6,28,28,1200.0,1,3.6,7,25.0,10,1139.73,388.9,50952,true,completed
CV_h6s7n8.txt,BBLCT,7,6,28,28,1200.0,0,0.0,6,21.4,10,1199.91,1618.9,158560,true,completed
CV_h6s7n9.txt,BBLCT,7,6,28,28,1200.0,0,0.0,8,28.6,11,1184.58,362.6,57815,true,completed
CV_h7s10n1.txt,BBLCT,10,7,50,50,1200.0,0,0.0,2,4.0,10,1199.36,68.1,2249,true,completed
CV_h7s10n10.txt,BBLCT,10,7,50,50,1200.0,0,0.0,3,6.0,10,1195.45,131.9,4186,true,completed
CV_h7s10n11.txt,BBLCT,10,7,50,50,1200.0,0,0.0,5,10.0,10,1197.21,20.4,831,true,completed
CV_h7s10n12.txt,BBLCT,10,7,50,50,1200.0,0,0.0,3,6.0,10,1199.86,13159.9,539112,true,completed
CV_h7s10n13.txt,BBLCT,10,7,50,50,1200.0,0,0.0,8,16.0,10,1179.51,8512.2,257757,true,completed
CV_h7s10n14.txt,BBLCT,10,7,50,50,1200.0,0,0.0,6,12.0,9,1191.55,844.5,32391,true,completed
CV_h7s10n15.txt,BBLCT,10,7,50,50,1200.0,0,0.0,4,8.0,7,823.67,238.6,6838,true,completed
CV_h7s10n16.txt,BBLCT,10,7,50,50,1200.0,1,2.0,8,16.0,10,1197.18,276228.1,7396618,true,completed
CV_h7s10n17.txt,BBLCT,10,7,50,50,1200.0,0,0.0,5,10.0,10,1170.75,26.3,849,true,completed
CV_h7s10n18.txt,BBLCT,10,7,50,50,1200.0,0,0.0,7,14.0,10,1198.16,20857.3,669065,true,completed
CV_h7s10n19.txt,BBLCT,10,7,50,50,1200.0,1,2.0,6,12.0,10,1198.65,207743.4,6654033,true,completed
CV_h7s10n2.txt,BBLCT,10,7,50,50,1200.0,0,0.0,2,4.0,10,1199.31,75.1,2846,true,completed
CV_h7s10n20.txt,BBLCT,10,7,50,50,1200.0,0,0.0,6,12.0,10,1196.01,1334.4,41979,true,completed
CV_h7s10n21.txt,BBLCT,10,7,50,50,1200.0,0,0.0,5,10.0,10,1158.09,30.9,1035,true,completed
CV_h7s10n22.txt,BBLCT,10,7,50,50,1200.0,0,0.0,3,6.0,10,1198.28,24.8,865,true,completed
CV_h7s10n23.txt,BBLCT,10,7,50,50,1200.0,0,0.0,2,4.0,10,1198.15,828.1,40998,true,completed
CV_h7s10n24.txt,BBLCT,10,7,50,50,1200.0,0,0.0,3,6.0,10,1198.76,3127.2,131230,true,completed
CV_h7s10n25.txt,BBLCT,10,7,50,50,1200.0,2,4.0,7,14.0,10,1199.10,259.3,6341,true,completed
CV_h7s10n26.txt,BBLCT,10,7,50,50,1200.0,0,0.0,5,10.0,7,829.98,297602.5,10327810,true,completed
CV_h7s10n27.txt,BBLCT,10,7,50,50,1200.0,0,0.0,4,8.0,10,1198.59,20.6,836,true,completed
CV_h7s10n28.txt,BBLCT,10,7,50,50,1200.0,0,0.0,2,4.0,9,1155.92,10.6,405,true,completed
CV_h7s10n29.txt,BBLCT,10,7,50,50,1200.0,0,0.0,7,14.0,10,1164.49,6155.2,270735,true,completed
CV_h7s10n3.txt,BBLCT,10,7,50,50,1200.0,0,0.0,4,8.0,10,1190.71,8046.8,356206,true,completed
CV_h7s10n30.txt,BBLCT,10,7,50,50,1200.0,0,0.0,4,8.0,10,1196.69,17.9,610,true,completed
CV_h7s10n31.txt,BBLCT,10,7,50,50,1200.0,1,2.0,6,12.0,10,1188.27,595035.8,17890304,false,cpu_limit
CV_h7s10n32.txt,BBLCT,10,7,50,50,1200.0,0,0.0,8,16.0,10,1199.41,37601.7,975731,true,completed
CV_h7s10n33.txt,BBLCT,10,7,50,50,1200.0,0,0.0,5,10.0,10,1194.05,632.7,26553,true,completed
CV_h7s10n34.txt,BBLCT,10,7,50,50,1200.0,0,0.0,10,20.0,10,1147.77,10646.3,341111,true,completed
CV_h7s10n35.txt,BBLCT,10,7,50,50,1200.0,0,0.0,4,8.0,6,712.20,5200.6,199237,true,completed
CV_h7s10n36.txt,BBLCT,10,7,50,50,1200.0,0,0.0,6,12.0,11,1199.85,9420.4,262410,true,completed
CV_h7s10n37.txt,BBLCT,10,7,50,50,1200.0,0,0.0,8,16.0,10,1190.16,142.1,4884,true,completed
CV_h7s10n38.txt,BBLCT,10,7,50,50,1200.0,0,0.0,6,12.0,10,1181.97,21.2,713,true,completed
CV_h7s10n39.txt,BBLCT,10,7,50,50,1200.0,0,0.0,5,10.0,8,953.35,440750.0,18782548,true,completed
CV_h7s10n4.txt,BBLCT,10,7,50,50,1200.0,0,0.0,8,16.0,10,1155.22,57418.4,2229894,true,completed
CV_h7s10n40.txt,BBLCT,10,7,50,50,1200.0,0,0.0,6,12.0,10,1128.86,595034.1,26982400,false,cpu_limit
CV_h7s10n5.txt,BBLCT,10,7,50,50,1200.0,0,0.0,5,10.0,10,1174.12,35.3,1165,true,completed
CV_h7s10n6.txt,BBLCT,10,7,50,50,1200.0,0,0.0,3,6.0,10,1194.97,3129.1,120499,true,completed
CV_h7s10n7.txt,BBLCT,10,7,50,50,1200.0,0,0.0,4,8.0,10,1197.50,258.0,10430,true,completed
CV_h7s10n8.txt,BBLCT,10,7,50,50,1200.0,0,0.0,4,8.0,10,1199.58,309.6,10733,true,completed
CV_h7s10n9.txt,BBLCT,10,7,50,50,1200.0,0,0.0,6,12.0,7,781.42,595046.8,23600128,false,cpu_limit
CV_h7s4n1.txt,BBLCT,4,7,20,20,1200.0,0,0.0,3,15.0,6,774.21,3.1,1545,true,completed
CV_h7s4n10.txt,BBLCT,4,7,20,20,1200.0,0,0.0,4,20.0,9,1185.94,78.1,39749,true,completed
CV_h7s4n11.txt,BBLCT,4,7,20,20,1200.0,0,0.0,6,30.0,8,954.24,35.7,13460,true,completed
CV_h7s4n12.txt,BBLCT,4,7,20,20,1200.0,0,0.0,2,10.0,9,1140.97,6.0,5121,true,completed
CV_h7s4n13.txt,BBLCT,4,7,20,20,1200.0,0,0.0,3,15.0,9,1192.56,62.1,40084,true,completed
CV_h7s4n14.txt,BBLCT,4,7,20,20,1200.0,0,0.0,5,25.0,9,1186.82,41.9,26561,true,completed
CV_h7s4n15.txt,BBLCT,4,7,20,20,1200.0,0,0.0,7,35.0,4,473.84,1.9,688,true,completed
CV_h7s4n16.txt,BBLCT,4,7,20,20,1200.0,0,0.0,3,15.0,9,1184.07,22.9,14491,true,completed
CV_h7s4n17.txt,BBLCT,4,7,20,20,1200.0,0,0.0,2,10.0,9,1192.09,60.2,47951,true,completed
CV_h7s4n18.txt,BBLCT,4,7,20,20,1200.0,1,5.0,7,35.0,10,1119.81,15.6,6193,true,completed
CV_h7s4n19.txt,BBLCT,4,7,20,20,1200.0,0,0.0,4,20.0,10,1189.25,1.5,797,true,completed
CV_h7s4n2.txt,BBLCT,4,7,20,20,1200.0,0,0.0,2,10.0,9,1191.65,60.7,51770,true,completed
CV_h7s4n20.txt,BBLCT,4,7,20,20,1200.0,0,0.0,5,25.0,10,1177.35,88.0,57077,true,completed
CV_h7s4n21.txt,BBLCT,4,7,20,20,1200.0,0,0.0,5,25.0,10,1173.49,0.5,176,true,completed
CV_h7s4n22.txt,BBLCT,4,7,20,20,1200.0,3,15.0,6,30.0,10,1197.69,16.5,9829,true,completed
CV_h7s4n23.txt,BBLCT,4,7,20,20,1200.0,0,0.0,7,35.0,4,449.45,29.3,15619,true,completed
CV_h7s4n24.txt,BBLCT,4,7,20,20,1200.0,0,0.0,1,5.0,4,501.60,8.2,6945,true,completed
CV_h7s4n25.txt,BBLCT,4,7,20,20,1200.0,3,15.0,13,65.0,10,1140.78,17.1,5687,true,completed
CV_h7s4n26.txt,BBLCT,4,7,20,20,1200.0,0,0.0,2,10.0,9,1127.95,8.6,7772,true,completed
CV_h7s4n27.txt,BBLCT,4,7,20,20,1200.0,0,0.0,6,30.0,10,1174.91,0.3,96,true,completed
CV_h7s4n28.txt,BBLCT,4,7,20,20,1200.0,0,0.0,2,10.0,9,1193.60,3.4,2161,true,completed
CV_h7s4n29.txt,BBLCT,4,7,20,20,1200.0,1,5.0,4,20.0,10,1191.86,6.0,3071,true,completed
CV_h7s4n3.txt,BBLCT,4,7,20,20,1200.0,0,0.0,6,30.0,9,1132.10,3.8,2011,true,completed
CV_h7s4n30.txt,BBLCT,4,7,20,20,1200.0,1,5.0,3,15.0,10,1196.43,2.3,1106,true,completed
CV_h7s4n31.txt,BBLCT,4,7,20,20,1200.0,1,5.0,7,35.0,11,1192.94,6.2,2556,true,completed
CV_h7s4n32.txt,BBLCT,4,7,20,20,1200.0,0,0.0,2,10.0,9,1191.65,64.7,51829,true,completed
CV_h7s4n33.txt,BBLCT,4,7,20,20,1200.0,0,0.0,5,25.0,9,1168.76,38.4,16934,true,completed
CV_h7s4n34.txt,BBLCT,4,7,20,20,1200.0,0,0.0,5,25.0,10,1185.31,7.9,4724,true,completed
CV_h7s4n35.txt,BBLCT,4,7,20,20,1200.0,0,0.0,8,40.0,10,1193.11,49.2,24088,true,completed
CV_h7s4n36.txt,BBLCT,4,7,20,20,1200.0,0,0.0,4,20.0,9,1031.07,2.5,1247,true,completed
CV_h7s4n37.txt,BBLCT,4,7,20,20,1200.0,0,0.0,9,45.0,10,1197.83,4.2,3360,true,completed
CV_h7s4n38.txt,BBLCT,4,7,20,20,1200.0,0,0.0,2,10.0,10,1174.62,1.3,764,true,completed
CV_h7s4n39.txt,BBLCT,4,7,20,20,1200.0,0,0.0,5,25.0,9,1130.16,17.1,10130,true,completed
CV_h7s4n4.txt,BBLCT,4,7,20,20,1200.0,0,0.0,4,20.0,10,1198.10,7.1,3898,true,completed
CV_h7s4n40.txt,BBLCT,4,7,20,20,1200.0,0,0.0,4,20.0,9,1195.57,7.1,4629,true,completed
CV_h7s4n5.txt,BBLCT,4,7,20,20,1200.0,0,0.0,3,15.0,9,1171.64,13.4,8656,true,completed
CV_h7s4n6.txt,BBLCT,4,7,20,20,1200.0,0,0.0,6,30.0,10,1177.84,34.3,18625,true,completed
CV_h7s4n7.txt,BBLCT,4,7,20,20,1200.0,0,0.0,7,35.0,10,1174.60,2.4,1309,true,completed
CV_h7s4n8.txt,BBLCT,4,7,20,20,1200.0,0,0.0,4,20.0,10,1198.74,40.8,23846,true,completed
CV_h7s4n9.txt,BBLCT,4,7,20,20,1200.0,2,10.0,4,20.0,9,1156.21,0.6,186,true,completed
CV_h7s5n1.txt,BBLCT,5,7,25,25,1200.0,0,0.0,2,8.0,9,1165.93,199.7,111552,true,completed
CV_h7s5n10.txt,BBLCT,5,7,25,25,1200.0,0,0.0,4,16.0,9,1136.67,90.8,31801,true,completed
CV_h7s5n11.txt,BBLCT,5,7,25,25,1200.0,0,0.0,3,12.0,5,608.84,363.0,132266,true,completed
CV_h7s5n12.txt,BBLCT,5,7,25,25,1200.0,0,0.0,8,32.0,10,1166.68,3.6,1191,true,completed
CV_h7s5n13.txt,BBLCT,5,7,25,25,1200.0,0,0.0,6,24.0,10,1151.41,6.2,1482,true,completed
CV_h7s5n14.txt,BBLCT,5,7,25,25,1200.0,0,0.0,6,24.0,9,1165.82,33.0,9451,true,completed
CV_h7s5n15.txt,BBLCT,5,7,25,25,1200.0,0,0.0,2,8.0,5,599.80,15.8,6661,true,completed
CV_h7s5n16.txt,BBLCT,5,7,25,25,1200.0,0,0.0,11,44.0,9,1168.69,97.2,26091,true,completed
CV_h7s5n17.txt,BBLCT,5,7,25,25,1200.0,0,0.0,3,12.0,9,1161.56,3.6,1001,true,completed
CV_h7s5n18.txt,BBLCT,5,7,25,25,1200.0,1,4.0,5,20.0,6,761.33,23.9,6113,true,completed
CV_h7s5n19.txt,BBLCT,5,7,25,25,1200.0,1,4.0,5,20.0,10,1187.27,4.3,1152,true,completed
CV_h7s5n2.txt,BBLCT,5,7,25,25,1200.0,1,4.0,10,40.0,9,1186.21,83.8,18753,true,completed
CV_h7s5n20.txt,BBLCT,5,7,25,25,1200.0,0,0.0,2,8.0,9,1198.51,2.2,777,true,completed
CV_h7s5n21.txt,BBLCT,5,7,25,25,1200.0,0,0.0,3,12.0,9,1170.77,23.6,8341,true,completed
CV_h7s5n22.txt,BBLCT,5,7,25,25,1200.0,0,0.0,6,24.0,9,1164.45,403.7,135938,true,completed
CV_h7s5n23.txt,BBLCT,5,7,25,25,1200.0,0,0.0,3,12.0,7,854.84,170.3,61189,true,completed
CV_h7s5n24.txt,BBLCT,5,7,25,25,1200.0,1,4.0,3,12.0,6,722.70,180.2,63813,true,completed
CV_h7s5n25.txt,BBLCT,5,7,25,25,1200.0,1,4.0,7,28.0,9,1197.10,275.9,94903,true,completed
CV_h7s5n26.txt,BBLCT,5,7,25,25,1200.0,0,0.0,4,16.0,7,864.01,131.5,40505,true,completed
CV_h7s5n27.txt,BBLCT,5,7,25,25,1200.0,0,0.0,5,20.0,9,1165.04,210.4,76791,true,completed
CV_h7s5n28.txt,BBLCT,5,7,25,25,1200.0,0,0.0,4,16.0,10,1196.56,358.3,117513,true,completed
CV_h7s5n29.txt,BBLCT,5,7,25,25,1200.0,0,0.0,2,8.0,5,585.82,34.1,11732,true,completed
CV_h7s5n3.txt,BBLCT,5,7,25,25,1200.0,0,0.0,2,8.0,9,1182.10,113.6,58549,true,completed
CV_h7s5n30.txt,BBLCT,5,7,25,25,1200.0,0,0.0,9,36.0,10,1156.66,10.2,2352,true,completed
CV_h7s5n31.txt,BBLCT,5,7,25,25,1200.0,0,0.0,3,12.0,10,1184.70,107.2,37562,true,completed
CV_h7s5n32.txt,BBLCT,5,7,25,25,1200.0,2,8.0,7,28.0,9,1132.75,43.6,8256,true,completed
CV_h7s5n33.txt,BBLCT,5,7,25,25,1200.0,0,0.0,5,20.0,9,1144.12,66.3,17984,true,completed
CV_h7s5n34.txt,BBLCT,5,7,25,25,1200.0,1,4.0,4,16.0,5,573.31,293.7,70572,true,completed
CV_h7s5n35.txt,BBLCT,5,7,25,25,1200.0,0,0.0,7,28.0,10,1179.94,242.2,68443,true,completed
CV_h7s5n36.txt,BBLCT,5,7,25,25,1200.0,0,0.0,5,20.0,9,1184.07,191.7,54766,true,completed
CV_h7s5n37.txt,BBLCT,5,7,25,25,1200.0,1,4.0,3,12.0,10,1198.84,105.7,33257,true,completed
CV_h7s5n38.txt,BBLCT,5,7,25,25,1200.0,1,4.0,6,24.0,11,1190.99,74.2,21928,true,completed
CV_h7s5n39.txt,BBLCT,5,7,25,25,1200.0,0,0.0,7,28.0,10,1195.84,50.8,13869,true,completed
CV_h7s5n4.txt,BBLCT,5,7,25,25,1200.0,0,0.0,3,12.0,10,1167.65,48.7,12665,true,completed
CV_h7s5n40.txt,BBLCT,5,7,25,25,1200.0,0,0.0,3,12.0,4,480.51,74.6,21698,true,completed
CV_h7s5n5.txt,BBLCT,5,7,25,25,1200.0,1,4.0,5,20.0,5,586.90,6.7,1648,true,completed
CV_h7s5n6.txt,BBLCT,5,7,25,25,1200.0,0,0.0,7,28.0,9,1167.19,57.1,13248,true,completed
CV_h7s5n7.txt,BBLCT,5,7,25,25,1200.0,0,0.0,3,12.0,10,1189.50,6.7,3082,true,completed
CV_h7s5n8.txt,BBLCT,5,7,25,25,1200.0,0,0.0,2,8.0,9,1189.88,468.0,214830,true,completed
CV_h7s5n9.txt,BBLCT,5,7,25,25,1200.0,0,0.0,7,28.0,9,1154.82,107.7,31742,true,completed
CV_h7s6n1.txt,BBLCT,6,7,30,30,1200.0,0,0.0,3,10.0,9,1117.15,2078.0,441388,true,completed
CV_h7s6n10.txt,BBLCT,6,7,30,30,1200.0,0,0.0,3,10.0,10,1182.90,7938.3,1996847,true,completed
CV_h7s6n11.txt,BBLCT,6,7,30,30,1200.0,0,0.0,6,20.0,9,1155.90,83.8,11088,true,completed
CV_h7s6n12.txt,BBLCT,6,7,30,30,1200.0,0,0.0,6,20.0,10,1199.49,8.1,1429,true,completed
CV_h7s6n13.txt,BBLCT,6,7,30,30,1200.0,0,0.0,5,16.7,10,1198.69,1.8,235,true,completed
CV_h7s6n14.txt,BBLCT,6,7,30,30,1200.0,2,6.7,6,20.0,11,1197.98,32.6,4273,true,completed
CV_h7s6n15.txt,BBLCT,6,7,30,30,1200.0,0,0.0,7,23.3,10,1157.32,40.5,4968,true,completed
CV_h7s6n16.txt,BBLCT,6,7,30,30,1200.0,0,0.0,4,13.3,10,1147.73,200.6,35404,true,completed
CV_h7s6n17.txt,BBLCT,6,7,30,30,1200.0,0,0.0,7,23.3,9,1185.67,137.6,19493,true,completed
CV_h7s6n18.txt,BBLCT,6,7,30,30,1200.0,0,0.0,3,10.0,10,1180.20,9.1,2023,true,completed
CV_h7s6n19.txt,BBLCT,6,7,30,30,1200.0,0,0.0,4,13.3,9,1142.78,34.7,8708,true,completed
CV_h7s6n2.txt,BBLCT,6,7,30,30,1200.0,0,0.0,5,16.7,10,1197.51,13600.6,2579255,true,completed
CV_h7s6n20.txt,BBLCT,6,7,30,30,1200.0,0,0.0,2,6.7,7,853.07,5959.8,1440096,true,completed
CV_h7s6n21.txt,BBLCT,6,7,30,30,1200.0,0,0.0,4,13.3,9,1126.00,419.2,92872,true,completed
CV_h7s6n22.txt,BBLCT,6,7,30,30,1200.0,0,0.0,3,10.0,10,1198.72,10383.8,2558435,true,completed
CV_h7s6n23.txt,BBLCT,6,7,30,30,1200.0,1,3.3,5,16.7,9,1173.90,142.1,27128,true,completed
CV_h7s6n24.txt,BBLCT,6,7,30,30,1200.0,0,0.0,3,10.0,7,860.56,4805.7,1283978,true,completed
CV_h7s6n25.txt,BBLCT,6,7,30,30,1200.0,1,3.3,3,10.0,10,1171.43,65.3,12128,true,completed
CV_h7s6n26.txt,BBLCT,6,7,30,30,1200.0,0,0.0,2,6.7,10,1199.48,5.9,1259,true,completed
CV_h7s6n27.txt,BBLCT,6,7,30,30,1200.0,0,0.0,4,13.3,9,1195.56,2526.5,541407,true,completed
CV_h7s6n28.txt,BBLCT,6,7,30,30,1200.0,0,0.0,5,16.7,10,1199.88,8899.8,2180577,true,completed
CV_h7s6n29.txt,BBLCT,6,7,30,30,1200.0,0,0.0,6,20.0,10,1189.27,150.9,25102,true,completed
CV_h7s6n3.txt,BBLCT,6,7,30,30,1200.0,1,3.3,5,16.7,10,1197.86,15.9,2520,true,completed
CV_h7s6n30.txt,BBLCT,6,7,30,30,1200.0,0,0.0,5,16.7,6,730.68,2033.2,421198,true,completed
CV_h7s6n31.txt,BBLCT,6,7,30,30,1200.0,0,0.0,4,13.3,9,1152.68,10663.2,1914061,true,completed
CV_h7s6n32.txt,BBLCT,6,7,30,30,1200.0,0,0.0,3,10.0,10,1193.59,3632.8,854527,true,completed
CV_h7s6n33.txt,BBLCT,6,7,30,30,1200.0,2,6.7,4,13.3,5,605.87,194.1,26935,true,completed
CV_h7s6n34.txt,BBLCT,6,7,30,30,1200.0,0,0.0,6,20.0,10,1190.66,2786.3,423002,true,completed
CV_h7s6n35.txt,BBLCT,6,7,30,30,1200.0,0,0.0,5,16.7,10,1170.11,32.3,4883,true,completed
CV_h7s6n36.txt,BBLCT,6,7,30,30,1200.0,0,0.0,3,10.0,10,1168.66,153.7,36328,true,completed
CV_h7s6n37.txt,BBLCT,6,7,30,30,1200.0,0,0.0,6,20.0,8,957.85,1434.4,244721,true,completed
CV_h7s6n38.txt,BBLCT,6,7,30,30,1200.0,0,0.0,2,6.7,5,607.84,1442.5,415807,true,completed
CV_h7s6n39.txt,BBLCT,6,7,30,30,1200.0,1,3.3,5,16.7,10,1178.18,2.4,249,true,completed
CV_h7s6n4.txt,BBLCT,6,7,30,30,1200.0,0,0.0,4,13.3,9,1191.35,4465.1,1169899,true,completed
CV_h7s6n40.txt,BBLCT,6,7,30,30,1200.0,0,0.0,7,23.3,10,1198.13,471.0,101099,true,completed
CV_h7s6n5.txt,BBLCT,6,7,30,30,1200.0,0,0.0,4,13.3,9,1122.71,59.3,12579,true,completed
CV_h7s6n6.txt,BBLCT,6,7,30,30,1200.0,0,0.0,10,33.3,10,1154.47,242.8,36354,true,completed
CV_h7s6n7.txt,BBLCT,6,7,30,30,1200.0,0,0.0,3,10.0,9,1197.48,4826.1,1192293,true,completed
CV_h7s6n8.txt,BBLCT,6,7,30,30,1200.0,4,13.3,7,23.3,10,1197.37,582.6,68928,true,completed
CV_h7s6n9.txt,BBLCT,6,7,30,30,1200.0,0,0.0,4,13.3,10,1199.41,1848.5,429004,true,completed
CV_h7s7n1.txt,BBLCT,7,7,35,35,1200.0,2,5.7,8,22.9,11,1194.71,612.4,42715,true,completed
CV_h7s7n10.txt,BBLCT,7,7,35,35,1200.0,2,5.7,6,17.1,10,1190.09,5.2,388,true,completed
CV_h7s7n11.txt,BBLCT,7,7,35,35,1200.0,1,2.9,4,11.4,6,698.25,1125.5,127650,true,completed
CV_h7s7n12.txt,BBLCT,7,7,35,35,1200.0,0,0.0,5,14.3,10,1198.57,3.1,294,true,completed
CV_h7s7n13.txt,BBLCT,7,7,35,35,1200.0,0,0.0,5,14.3,10,1196.40,13529.6,1692802,true,completed
CV_h7s7n14.txt,BBLCT,7,7,35,35,1200.0,2,5.7,6,17.1,10,1197.79,22.7,2362,true,completed
CV_h7s7n15.txt,BBLCT,7,7,35,35,1200.0,0,0.0,3,8.6,10,1199.02,6.5,789,true,completed
CV_h7s7n16.txt,BBLCT,7,7,35,35,1200.0,0,0.0,2,5.7,6,722.79,559941.0,102337268,true,completed
CV_h7s7n17.txt,BBLCT,7,7,35,35,1200.0,3,8.6,6,17.1,10,1173.17,306.7,21202,true,completed
CV_h7s7n18.txt,BBLCT,7,7,35,35,1200.0,0,0.0,2,5.7,9,1158.39,105.4,12314,true,completed
CV_h7s7n19.txt,BBLCT,7,7,35,35,1200.0,0,0.0,2,5.7,6,714.83,595045.0,111883264,false,cpu_limit
CV_h7s7n2.txt,BBLCT,7,7,35,35,1200.0,0,0.0,5,14.3,7,839.29,1442.4,205488,true,completed
CV_h7s7n20.txt,BBLCT,7,7,35,35,1200.0,0,0.0,2,5.7,10,1198.41,1050.1,138307,true,completed
CV_h7s7n21.txt,BBLCT,7,7,35,35,1200.0,0,0.0,2,5.7,7,855.60,520113.1,107550787,true,completed
CV_h7s7n22.txt,BBLCT,7,7,35,35,1200.0,0,0.0,4,11.4,9,1122.43,17.0,2243,true,completed
CV_h7s7n23.txt,BBLCT,7,7,35,35,1200.0,0,0.0,6,17.1,9,1176.90,349.3,38029,true,completed
CV_h7s7n24.txt,BBLCT,7,7,35,35,1200.0,0,0.0,7,20.0,10,1188.72,3.9,263,true,completed
CV_h7s7n25.txt,BBLCT,7,7,35,35,1200.0,0,0.0,6,17.1,10,1198.71,770.2,73792,true,completed
CV_h7s7n26.txt,BBLCT,7,7,35,35,1200.0,0,0.0,9,25.7,10,1177.57,35.5,2712,true,completed
CV_h7s7n27.txt,BBLCT,7,7,35,35,1200.0,0,0.0,8,22.9,10,1194.12,444.1,50575,true,completed
CV_h7s7n28.txt,BBLCT,7,7,35,35,1200.0,0,0.0,5,14.3,10,1197.86,6209.7,695450,true,completed
CV_h7s7n29.txt,BBLCT,7,7,35,35,1200.0,0,0.0,2,5.7,6,702.01,595034.8,118508544,false,cpu_limit
CV_h7s7n3.txt,BBLCT,7,7,35,35,1200.0,0,0.0,5,14.3,10,1193.65,1234.6,203407,true,completed
CV_h7s7n30.txt,BBLCT,7,7,35,35,1200.0,0,0.0,3,8.6,10,1150.85,35097.0,5007015,true,completed
CV_h7s7n31.txt,BBLCT,7,7,35,35,1200.0,0,0.0,4,11.4,10,1198.76,3187.5,392615,true,completed
CV_h7s7n32.txt,BBLCT,7,7,35,35,1200.0,1,2.9,5,14.3,9,1167.95,12625.7,1221149,true,completed
CV_h7s7n33.txt,BBLCT,7,7,35,35,1200.0,0,0.0,3,8.6,5,623.91,4115.0,536117,true,completed
CV_h7s7n34.txt,BBLCT,7,7,35,35,1200.0,0,0.0,3,8.6,10,1154.48,74513.4,10997277,true,completed
CV_h7s7n35.txt,BBLCT,7,7,35,35,1200.0,0,0.0,4,11.4,10,1143.77,50.0,5500,true,completed
CV_h7s7n36.txt,BBLCT,7,7,35,35,1200.0,1,2.9,4,11.4,9,1149.79,365.0,31451,true,completed
CV_h7s7n37.txt,BBLCT,7,7,35,35,1200.0,0,0.0,3,8.6,10,1175.46,11.3,1170,true,completed
CV_h7s7n38.txt,BBLCT,7,7,35,35,1200.0,0,0.0,9,25.7,10,1169.50,146.5,18037,true,completed
CV_h7s7n39.txt,BBLCT,7,7,35,35,1200.0,0,0.0,5,14.3,10,1138.34,839.0,124031,true,completed
CV_h7s7n4.txt,BBLCT,7,7,35,35,1200.0,0,0.0,8,22.9,6,692.13,1995.5,206904,true,completed
CV_h7s7n40.txt,BBLCT,7,7,35,35,1200.0,0,0.0,4,11.4,7,795.33,172503.6,22961323,true,completed
CV_h7s7n5.txt,BBLCT,7,7,35,35,1200.0,0,0.0,2,5.7,11,1186.48,862.5,122537,true,completed
CV_h7s7n6.txt,BBLCT,7,7,35,35,1200.0,0,0.0,9,25.7,10,1199.88,108460.7,13854801,true,completed
CV_h7s7n7.txt,BBLCT,7,7,35,35,1200.0,0,0.0,10,28.6,9,1153.33,24936.7,2024211,true,completed
CV_h7s7n8.txt,BBLCT,7,7,35,35,1200.0,1,2.9,5,14.3,7,861.71,941.2,87592,true,completed
CV_h7s7n9.txt,BBLCT,7,7,35,35,1200.0,0,0.0,5,14.3,11,1189.69,433.6,61346,true,completed
CV_h7s8n1.txt,BBLCT,8,7,40,40,1200.0,0,0.0,5,12.5,10,1199.62,38.9,2346,true,completed
CV_h7s8n10.txt,BBLCT,8,7,40,40,1200.0,0,0.0,6,15.0,10,1198.06,28.4,1632,true,completed
CV_h7s8n11.txt,BBLCT,8,7,40,40,1200.0,1,2.5,3,7.5,10,1187.63,50.2,3098,true,completed
CV_h7s8n12.txt,BBLCT,8,7,40,40,1200.0,0,0.0,5,12.5,7,824.87,254802.9,19440700,true,completed
CV_h7s8n13.txt,BBLCT,8,7,40,40,1200.0,0,0.0,4,10.0,10,1188.31,12.3,729,true,completed
CV_h7s8n14.txt,BBLCT,8,7,40,40,1200.0,0,0.0,3,7.5,10,1182.26,997.5,103971,true,completed
CV_h7s8n15.txt,BBLCT,8,7,40,40,1200.0,1,2.5,5,12.5,10,1186.62,689.3,59252,true,completed
CV_h7s8n16.txt,BBLCT,8,7,40,40,1200.0,0,0.0,4,10.0,10,1187.12,599.7,66074,true,completed
CV_h7s8n17.txt,BBLCT,8,7,40,40,1200.0,0,0.0,7,17.5,10,1161.23,786.1,57501,true,completed
CV_h7s8n18.txt,BBLCT,8,7,40,40,1200.0,0,0.0,4,10.0,6,685.66,76958.2,7645222,true,completed
CV_h7s8n19.txt,BBLCT,8,7,40,40,1200.0,0,0.0,4,10.0,10,1190.57,119.6,11181,true,completed
CV_h7s8n2.txt,BBLCT,8,7,40,40,1200.0,0,0.0,9,22.5,10,1195.43,291.5,22689,true,completed
CV_h7s8n20.txt,BBLCT,8,7,40,40,1200.0,1,2.5,6,15.0,10,1173.15,432.8,23789,true,completed
CV_h7s8n21.txt,BBLCT,8,7,40,40,1200.0,0,0.0,6,15.0,10,1159.88,298.5,26820,true,completed
CV_h7s8n22.txt,BBLCT,8,7,40,40,1200.0,0,0.0,4,10.0,10,1198.84,251602.7,28029244,true,completed
CV_h7s8n23.txt,BBLCT,8,7,40,40,1200.0,1,2.5,8,20.0,9,1157.42,230.9,12523,true,completed
CV_h7s8n24.txt,BBLCT,8,7,40,40,1200.0,0,0.0,9,22.5,10,1188.54,4751.7,312656,true,completed
CV_h7s8n25.txt,BBLCT,8,7,40,40,1200.0,0,0.0,6,15.0,10,1199.55,56.6,2864,true,completed
CV_h7s8n26.txt,BBLCT,8,7,40,40,1200.0,1,2.5,5,12.5,10,1182.48,2375.7,170455,true,completed
CV_h7s8n27.txt,BBLCT,8,7,40,40,1200.0,0,0.0,2,5.0,7,859.47,1738.9,151713,true,completed
CV_h7s8n28.txt,BBLCT,8,7,40,40,1200.0,0,0.0,6,15.0,10,1189.49,6.0,388,true,completed
CV_h7s8n29.txt,BBLCT,8,7,40,40,1200.0,0,0.0,3,7.5,10,1189.93,66.5,5299,true,completed
CV_h7s8n3.txt,BBLCT,8,7,40,40,1200.0,0,0.0,3,7.5,6,714.67,105.1,6203,true,completed
CV_h7s8n30.txt,BBLCT,8,7,40,40,1200.0,0,0.0,4,10.0,10,1198.20,312.4,24175,true,completed
CV_h7s8n31.txt,BBLCT,8,7,40,40,1200.0,1,2.5,8,20.0,8,986.25,48696.6,2882538,true,completed
CV_h7s8n32.txt,BBLCT,8,7,40,40,1200.0,0,0.0,7,17.5,10,1197.37,1981.5,162845,true,completed
CV_h7s8n33.txt,BBLCT,8,7,40,40,1200.0,1,2.5,3,7.5,10,1196.07,7.1,497,true,completed
CV_h7s8n34.txt,BBLCT,8,7,40,40,1200.0,0,0.0,4,10.0,6,721.59,1164.1,116574,true,completed
CV_h7s8n35.txt,BBLCT,8,7,40,40,1200.0,0,0.0,5,12.5,10,1195.92,7.9,561,true,completed
CV_h7s8n36.txt,BBLCT,8,7,40,40,1200.0,0,0.0,6,15.0,10,1178.31,6.7,430,true,completed
CV_h7s8n37.txt,BBLCT,8,7,40,40,1200.0,0,0.0,3,7.5,7,827.77,125045.1,10782984,true,completed
CV_h7s8n38.txt,BBLCT,8,7,40,40,1200.0,0,0.0,5,12.5,10,1199.48,12442.5,1039479,true,completed
CV_h7s8n39.txt,BBLCT,8,7,40,40,1200.0,0,0.0,3,7.5,10,1189.53,1957.3,201579,true,completed
CV_h7s8n4.txt,BBLCT,8,7,40,40,1200.0,0,0.0,3,7.5,10,1193.60,7.7,495,true,completed
CV_h7s8n40.txt,BBLCT,8,7,40,40,1200.0,0,0.0,2,5.0,9,1193.55,648.4,47279,true,completed
CV_h7s8n5.txt,BBLCT,8,7,40,40,1200.0,0,0.0,3,7.5,9,1189.88,10.1,732,true,completed
CV_h7s8n6.txt,BBLCT,8,7,40,40,1200.0,0,0.0,2,5.0,6,703.27,3013.8,239470,true,completed
CV_h7s8n7.txt,BBLCT,8,7,40,40,1200.0,0,0.0,9,22.5,10,1198.84,2427.2,134236,true,completed
CV_h7s8n8.txt,BBLCT,8,7,40,40,1200.0,1,2.5,5,12.5,10,1155.58,18.8,1156,true,completed
CV_h7s8n9.txt,BBLCT,8,7,40,40,1200.0,0,0.0,3,7.5,7,868.78,360474.3,30200598,true,completed
CV_h7s9n1.txt,BBLCT,9,7,45,45,1200.0,0,0.0,4,8.9,10,1199.70,5496.2,271639,true,completed
CV_h7s9n10.txt,BBLCT,9,7,45,45,1200.0,1,2.2,3,6.7,6,719.05,564.2,22352,true,completed
CV_h7s9n11.txt,BBLCT,9,7,45,45,1200.0,1,2.2,6,13.3,10,1189.53,2930.9,134823,true,completed
CV_h7s9n12.txt,BBLCT,9,7,45,45,1200.0,0,0.0,8,17.8,7,838.37,17853.9,1013039,true,completed
CV_h7s9n13.txt,BBLCT,9,7,45,45,1200.0,1,2.2,6,13.3,10,1183.71,145.0,5936,true,completed
CV_h7s9n14.txt,BBLCT,9,7,45,45,1200.0,0,0.0,4,8.9,9,1193.02,19.4,898,true,completed
CV_h7s9n15.txt,BBLCT,9,7,45,45,1200.0,0,0.0,6,13.3,10,1123.31,72.8,2667,true,completed
CV_h7s9n16.txt,BBLCT,9,7,45,45,1200.0,0,0.0,2,4.4,6,716.09,258.0,13681,true,completed
CV_h7s9n17.txt,BBLCT,9,7,45,45,1200.0,0,0.0,3,6.7,10,1157.31,63.1,3476,true,completed
CV_h7s9n18.txt,BBLCT,9,7,45,45,1200.0,2,4.4,7,15.6,10,1185.46,100907.6,3747525,true,completed
CV_h7s9n19.txt,BBLCT,9,7,45,45,1200.0,0,0.0,3,6.7,10,1199.45,75.2,3365,true,completed
CV_h7s9n2.txt,BBLCT,9,7,45,45,1200.0,0,0.0,7,15.6,10,1191.04,467859.1,20727333,true,completed
CV_h7s9n20.txt,BBLCT,9,7,45,45,1200.0,0,0.0,9,20.0,10,1155.90,3149.3,126449,true,completed
CV_h7s9n21.txt,BBLCT,9,7,45,45,1200.0,0,0.0,5,11.1,9,1093.10,200068.3,10998692,true,completed
CV_h7s9n22.txt,BBLCT,9,7,45,45,1200.0,0,0.0,4,8.9,10,1196.61,805.7,54731,true,completed
CV_h7s9n23.txt,BBLCT,9,7,45,45,1200.0,0,0.0,2,4.4,7,856.57,3391.0,191884,true,completed
CV_h7s9n24.txt,BBLCT,9,7,45,45,1200.0,0,0.0,7,15.6,10,1192.92,32.9,1639,true,completed
CV_h7s9n25.txt,BBLCT,9,7,45,45,1200.0,1,2.2,3,6.7,10,1188.31,72.8,3512,true,completed
CV_h7s9n26.txt,BBLCT,9,7,45,45,1200.0,0,0.0,5,11.1,9,1073.52,595044.3,28589056,false,cpu_limit
CV_h7s9n27.txt,BBLCT,9,7,45,45,1200.0,0,0.0,4,8.9,8,969.22,170932.3,8745574,true,completed
CV_h7s9n28.txt,BBLCT,9,7,45,45,1200.0,1,2.2,7,15.6,10,1196.87,2739.1,142037,true,completed
CV_h7s9n29.txt,BBLCT,9,7,45,45,1200.0,0,0.0,5,11.1,7,839.78,79928.9,3696842,true,completed
CV_h7s9n3.txt,BBLCT,9,7,45,45,1200.0,0,0.0,4,8.9,10,1183.95,8.8,443,true,completed
CV_h7s9n30.txt,BBLCT,9,7,45,45,1200.0,1,2.2,5,11.1,7,841.93,18595.7,737592,true,completed
CV_h7s9n31.txt,BBLCT,9,7,45,45,1200.0,0,0.0,4,8.9,8,958.42,1526.3,55325,true,completed
CV_h7s9n32.txt,BBLCT,9,7,45,45,1200.0,0,0.0,8,17.8,10,1197.27,366.4,15016,true,completed
CV_h7s9n33.txt,BBLCT,9,7,45,45,1200.0,0,0.0,2,4.4,10,1198.39,158.5,7457,true,completed
CV_h7s9n34.txt,BBLCT,9,7,45,45,1200.0,0,0.0,5,11.1,7,820.03,595053.6,31548416,false,cpu_limit
CV_h7s9n35.txt,BBLCT,9,7,45,45,1200.0,0,0.0,4,8.9,10,1199.85,83.6,3953,true,completed
CV_h7s9n36.txt,BBLCT,9,7,45,45,1200.0,0,0.0,4,8.9,8,979.33,595059.5,28641280,false,cpu_limit
CV_h7s9n37.txt,BBLCT,9,7,45,45,1200.0,1,2.2,4,8.9,10,1173.33,37.0,1306,true,completed
CV_h7s9n38.txt,BBLCT,9,7,45,45,1200.0,0,0.0,3,6.7,7,810.77,595043.1,33772544,false,cpu_limit
CV_h7s9n39.txt,BBLCT,9,7,45,45,1200.0,1,2.2,3,6.7,10,1196.99,195.5,7684,true,completed
CV_h7s9n4.txt,BBLCT,9,7,45,45,1200.0,0,0.0,6,13.3,9,1090.46,595044.5,24222720,false,cpu_limit
CV_h7s9n40.txt,BBLCT,9,7,45,45,1200.0,0,0.0,4,8.9,9,1154.37,42.5,2163,true,completed
CV_h7s9n5.txt,BBLCT,9,7,45,45,1200.0,1,2.2,7,15.6,10,1189.47,2719.5,109663,true,completed
CV_h7s9n6.txt,BBLCT,9,7,45,45,1200.0,1,2.2,6,13.3,10,1183.53,4939.5,210039,true,completed
CV_h7s9n7.txt,BBLCT,9,7,45,45,1200.0,0,0.0,5,11.1,10,1199.69,20.7,1060,true,completed
CV_h7s9n8.txt,BBLCT,9,7,45,45,1200.0,0,0.0,5,11.1,6,689.61,82587.5,3571628,true,completed
CV_h7s9n9.txt,BBLCT,9,7,45,45,1200.0,0,0.0,4,8.9,9,1148.23,792.7,44227,true,completed
CV_h8s10n1.txt,BBLCT,10,8,60,60,1200.0,0,0.0,3,5.0,10,1178.14,18.0,667,true,completed
CV_h8s10n10.txt,BBLCT,10,8,60,60,1200.0,0,0.0,5,8.3,10,1181.53,63.9,2852,true,completed
CV_h8s10n11.txt,BBLCT,10,8,60,60,1200.0,0,0.0,3,5.0,9,1180.61,125.7,4870,true,completed
CV_h8s10n12.txt,BBLCT,10,8,60,60,1200.0,0,0.0,6,10.0,9,1140.75,13951.7,530662,true,completed
CV_h8s10n13.txt,BBLCT,10,8,60,60,1200.0,0,0.0,2,3.3,10,1195.77,25.6,1006,true,completed
CV_h8s10n14.txt,BBLCT,10,8,60,60,1200.0,0,0.0,3,5.0,9,1165.94,10.6,397,true,completed
CV_h8s10n15.txt,BBLCT,10,8,60,60,1200.0,0,0.0,3,5.0,10,1185.31,22.9,932,true,completed
CV_h8s10n16.txt,BBLCT,10,8,60,60,1200.0,0,0.0,2,3.3,9,1194.09,39.9,1476,true,completed
CV_h8s10n17.txt,BBLCT,10,8,60,60,1200.0,0,0.0,4,6.7,10,1196.79,15.7,541,true,completed
CV_h8s10n18.txt,BBLCT,10,8,60,60,1200.0,0,0.0,2,3.3,10,1198.38,103.1,3629,true,completed
CV_h8s10n19.txt,BBLCT,10,8,60,60,1200.0,0,0.0,4,6.7,9,1198.73,79.3,2154,true,completed
CV_h8s10n2.txt,BBLCT,10,8,60,60,1200.0,0,0.0,5,8.3,10,1199.65,125.0,3332,true,completed
CV_h8s10n20.txt,BBLCT,10,8,60,60,1200.0,1,1.7,4,6.7,9,1184.11,19.7,487,true,completed
CV_h8s10n21.txt,BBLCT,10,8,60,60,1200.0,0,0.0,6,10.0,10,1171.05,5837.9,266692,true,completed
CV_h8s10n22.txt,BBLCT,10,8,60,60,1200.0,0,0.0,2,3.3,6,713.29,3375.2,117721,true,completed
CV_h8s10n23.txt,BBLCT,10,8,60,60,1200.0,0,0.0,3,5.0,10,1176.94,15.5,604,true,completed
CV_h8s10n24.txt,BBLCT,10,8,60,60,1200.0,0,0.0,5,8.3,10,1179.41,49.1,1496,true,completed
CV_h8s10n25.txt,BBLCT,10,8,60,60,1200.0,1,1.7,7,11.7,10,1199.69,628.3,14742,true,completed
CV_h8s10n26.txt,BBLCT,10,8,60,60,1200.0,1,1.7,8,13.3,10,1181.48,721.4,20359,true,completed
CV_h8s10n27.txt,BBLCT,10,8,60,60,1200.0,1,1.7,4,6.7,10,1197.25,289.0,9547,true,completed
CV_h8s10n28.txt,BBLCT,10,8,60,60,1200.0,0,0.0,3,5.0,10,1180.69,11.7,446,true,completed
CV_h8s10n29.txt,BBLCT,10,8,60,60,1200.0,0,0.0,1,1.7,9,1174.28,10.5,354,true,completed
CV_h8s10n3.txt,BBLCT,10,8,60,60,1200.0,0,0.0,3,5.0,10,1195.78,362.9,11253,true,completed
CV_h8s10n30.txt,BBLCT,10,8,60,60,1200.0,0,0.0,8,13.3,10,1199.39,14394.3,601498,true,completed
CV_h8s10n31.txt,BBLCT,10,8,60,60,1200.0,1,1.7,4,6.7,10,1134.29,160.4,3628,true,completed
CV_h8s10n32.txt,BBLCT,10,8,60,60,1200.0,0,0.0,3,5.0,9,1186.56,405.3,14377,true,completed
CV_h8s10n33.txt,BBLCT,10,8,60,60,1200.0,0,0.0,3,5.0,9,1197.01,5430.1,192176,true,completed
CV_h8s10n34.txt,BBLCT,10,8,60,60,1200.0,0,0.0,4,6.7,10,1185.85,3181.7,121741,true,completed
CV_h8s10n35.txt,BBLCT,10,8,60,60,1200.0,1,1.7,7,11.7,10,1199.49,41856.0,1769402,true,completed
CV_h8s10n36.txt,BBLCT,10,8,60,60,1200.0,0,0.0,4,6.7,9,1164.72,14.5,524,true,completed
CV_h8s10n37.txt,BBLCT,10,8,60,60,1200.0,0,0.0,4,6.7,9,1195.92,13.2,426,true,completed
CV_h8s10n38.txt,BBLCT,10,8,60,60,1200.0,0,0.0,1,1.7,5,662.66,9.4,381,true,completed
CV_h8s10n39.txt,BBLCT,10,8,60,60,1200.0,0,0.0,3,5.0,9,1179.11,13.6,494,true,completed
CV_h8s10n4.txt,BBLCT,10,8,60,60,1200.0,0,0.0,2,3.3,9,1194.30,23.6,967,true,completed
CV_h8s10n40.txt,BBLCT,10,8,60,60,1200.0,0,0.0,4,6.7,10,1162.72,52.1,1597,true,completed
CV_h8s10n5.txt,BBLCT,10,8,60,60,1200.0,0,0.0,3,5.0,7,858.32,2884.3,108507,true,completed
CV_h8s10n6.txt,BBLCT,10,8,60,60,1200.0,0,0.0,3,5.0,10,1193.54,15.7,513,true,completed
CV_h8s10n7.txt,BBLCT,10,8,60,60,1200.0,0,0.0,3,5.0,10,1199.96,88.2,3184,true,completed
CV_h8s10n8.txt,BBLCT,10,8,60,60,1200.0,1,1.7,3,5.0,9,1160.52,22.7,598,true,completed
CV_h8s10n9.txt,BBLCT,10,8,60,60,1200.0,1,1.7,6,10.0,10,1199.70,879.6,18173,true,completed
CV_h8s6n1.txt,BBLCT,6,8,36,36,1200.0,0,0.0,4,11.1,9,1197.72,24445.9,4957495,true,completed
CV_h8s6n10.txt,BBLCT,6,8,36,36,1200.0,1,2.8,6,16.7,10,1199.28,197.3,26573,true,completed
CV_h8s6n11.txt,BBLCT,6,8,36,36,1200.0,0,0.0,5,13.9,9,1122.65,2992.5,729028,true,completed
CV_h8s6n12.txt,BBLCT,6,8,36,36,1200.0,1,2.8,6,16.7,9,1182.69,4.0,506,true,completed
CV_h8s6n13.txt,BBLCT,6,8,36,36,1200.0,0,0.0,5,13.9,10,1137.61,33.2,5832,true,completed
CV_h8s6n14.txt,BBLCT,6,8,36,36,1200.0,0,0.0,5,13.9,10,1167.06,2.7,446,true,completed
CV_h8s6n15.txt,BBLCT,6,8,36,36,1200.0,0,0.0,1,2.8,4,492.38,1690.4,650041,true,completed
CV_h8s6n16.txt,BBLCT,6,8,36,36,1200.0,0,0.0,3,8.3,10,1190.98,3.4,611,true,completed
CV_h8s6n17.txt,BBLCT,6,8,36,36,1200.0,0,0.0,3,8.3,10,1171.12,2.6,363,true,completed
CV_h8s6n18.txt,BBLCT,6,8,36,36,1200.0,1,2.8,4,11.1,10,1199.65,17.9,2629,true,completed
CV_h8s6n19.txt,BBLCT,6,8,36,36,1200.0,0,0.0,5,13.9,9,1154.13,4042.9,926026,true,completed
CV_h8s6n2.txt,BBLCT,6,8,36,36,1200.0,0,0.0,2,5.6,6,717.51,5380.4,1440004,true,completed
CV_h8s6n20.txt,BBLCT,6,8,36,36,1200.0,0,0.0,4,11.1,9,1150.02,49.0,7343,true,completed
CV_h8s6n21.txt,BBLCT,6,8,36,36,1200.0,0,0.0,6,16.7,9,1196.89,10890.1,2417342,true,completed
CV_h8s6n22.txt,BBLCT,6,8,36,36,1200.0,0,0.0,4,11.1,10,1196.28,105.0,21286,true,completed
CV_h8s6n23.txt,BBLCT,6,8,36,36,1200.0,1,2.8,6,16.7,9,1181.78,3.6,417,true,completed
CV_h8s6n24.txt,BBLCT,6,8,36,36,1200.0,0,0.0,1,2.8,5,656.05,1750.0,650001,true,completed
CV_h8s6n25.txt,BBLCT,6,8,36,36,1200.0,0,0.0,4,11.1,7,856.79,3240.6,725451,true,completed
CV_h8s6n26.txt,BBLCT,6,8,36,36,1200.0,0,0.0,1,2.8,4,492.38,1691.6,650041,true,completed
CV_h8s6n27.txt,BBLCT,6,8,36,36,1200.0,0,0.0,5,13.9,10,1183.68,121.0,23867,true,completed
CV_h8s6n28.txt,BBLCT,6,8,36,36,1200.0,0,0.0,5,13.9,9,1171.02,10.0,1176,true,completed
CV_h8s6n29.txt,BBLCT,6,8,36,36,1200.0,0,0.0,2,5.6,6,720.26,5211.7,1414830,true,completed
CV_h8s6n3.txt,BBLCT,6,8,36,36,1200.0,0,0.0,5,13.9,9,1199.41,90.1,19660,true,completed
CV_h8s6n30.txt,BBLCT,6,8,36,36,1200.0,0,0.0,3,8.3,9,1191.46,1.1,156,true,completed
CV_h8s6n31.txt,BBLCT,6,8,36,36,1200.0,0,0.0,2,5.6,10,1197.84,4.1,978,true,completed
CV_h8s6n32.txt,BBLCT,6,8,36,36,1200.0,0,0.0,6,16.7,9,1176.92,1313.4,192908,true,completed
CV_h8s6n33.txt,BBLCT,6,8,36,36,1200.0,0,0.0,6,16.7,10,1191.04,845.8,119889,true,completed
CV_h8s6n34.txt,BBLCT,6,8,36,36,1200.0,0,0.0,2,5.6,9,1194.52,2.4,317,true,completed
CV_h8s6n35.txt,BBLCT,6,8,36,36,1200.0,1,2.8,4,11.1,10,1199.43,235.7,36879,true,completed
CV_h8s6n36.txt,BBLCT,6,8,36,36,1200.0,1,2.8,4,11.1,10,1197.28,32.6,4010,true,completed
CV_h8s6n37.txt,BBLCT,6,8,36,36,1200.0,1,2.8,3,8.3,10,1198.37,1.4,151,true,completed
CV_h8s6n38.txt,BBLCT,6,8,36,36,1200.0,0,0.0,5,13.9,10,1159.62,4.0,700,true,completed
CV_h8s6n39.txt,BBLCT,6,8,36,36,1200.0,0,0.0,3,8.3,7,823.99,302.3,69111,true,completed
CV_h8s6n4.txt,BBLCT,6,8,36,36,1200.0,0,0.0,2,5.6,9,1166.52,10.4,2668,true,completed
CV_h8s6n40.txt,BBLCT,6,8,36,36,1200.0,0,0.0,3,8.3,9,1148.62,26.3,6760,true,completed
CV_h8s6n5.txt,BBLCT,6,8,36,36,1200.0,0,0.0,3,8.3,10,1170.50,2.1,364,true,completed
CV_h8s6n6.txt,BBLCT,6,8,36,36,1200.0,1,2.8,3,8.3,10,1198.48,11.2,1786,true,completed
CV_h8s6n7.txt,BBLCT,6,8,36,36,1200.0,0,0.0,2,5.6,4,445.23,1492.0,333617,true,completed
CV_h8s6n8.txt,BBLCT,6,8,36,36,1200.0,0,0.0,7,19.4,9,1171.09,857.4,131302,true,completed
CV_h8s6n9.txt,BBLCT,6,8,36,36,1200.0,0,0.0,2,5.6,9,1143.21,16.4,3192,true,completed
