instance,algorithm,s,h,c,p,tau,initial_acc,initial_acc_pct,acc,acc_pct,moves,crane_time,elapsed_ms,nodes,proved_optimal,stop_reason
BF_BF10_h8s16n1.txt,GLCT,16,8,77,16,600.0,0,0.0,2,2.6,4,542.92,0.0,,,
BF_BF10_h8s16n10.txt,GLCT,16,8,77,16,600.0,2,2.6,4,5.2,4,597.65,0.0,,,
BF_BF10_h8s16n11.txt,GLCT,16,8,77,16,600.0,2,2.6,3,3.9,4,595.35,0.0,,,
BF_BF10_h8s16n12.txt,GLCT,16,8,77,16,600.0,1,1.3,4,5.2,4,561.87,0.0,,,
BF_BF10_h8s16n13.txt,GLCT,16,8,77,16,600.0,1,1.3,2,2.6,4,589.57,0.0,,,
BF_BF10_h8s16n14.txt,GLCT,16,8,77,16,600.0,1,1.3,2,2.6,4,581.33,0.0,,,
BF_BF10_h8s16n15.txt,GLCT,16,8,77,16,600.0,2,2.6,3,3.9,4,587.86,0.0,,,
BF_BF10_h8s16n16.txt,GLCT,16,8,77,16,600.0,0,0.0,2,2.6,4,572.34,0.0,,,
BF_BF10_h8s16n17.txt,GLCT,16,8,77,16,600.0,0,0.0,2,2.6,4,564.25,0.0,,,
BF_BF10_h8s16n18.txt,GLCT,16,8,77,16,600.0,1,1.3,2,2.6,4,579.49,0.0,,,
BF_BF10_h8s16n19.txt,GLCT,16,8,77,16,600.0,0,0.0,1,1.3,4,575.46,0.0,,,
BF_BF10_h8s16n2.txt,GLCT,16,8,77,16,600.0,2,2.6,3,3.9,4,578.38,0.0,,,
BF_BF10_h8s16n20.txt,GLCT,16,8,77,16,600.0,0,0.0,2,2.6,4,557.59,0.0,,,
BF_BF10_h8s16n3.txt,GLCT,16,8,77,16,600.0,2,2.6,7,9.1,4,584.88,0.0,,,
BF_BF10_h8s16n4.txt,GLCT,16,8,77,16,600.0,0,0.0,2,2.6,4,578.72,0.0,,,
BF_BF10_h8s16n5.txt,GLCT,16,8,77,16,600.0,1,1.3,2,2.6,4,599.92,0.0,,,
BF_BF10_h8s16n6.txt,GLCT,16,8,77,16,600.0,1,1.3,3,3.9,4,598.76,0.0,,,
BF_BF10_h8s16n7.txt,GLCT,16,8,77,16,600.0,0,0.0,1,1.3,4,589.06,0.0,,,
BF_BF10_h8s16n8.txt,GLCT,16,8,77,16,600.0,1,1.3,2,2.6,4,576.24,0.0,,,
BF_BF10_h8s16n9.txt,GLCT,16,8,77,16,600.0,2,2.6,3,3.9,4,590.86,0.0,,,
BF_BF11_h8s16n1.txt,GLCT,16,8,77,31,600.0,0,0.0,0,0.0,3,511.25,0.0,,,
BF_BF11_h8s16n10.txt,GLCT,16,8,77,31,600.0,0,0.0,0,0.0,4,596.41,0.0,,,
BF_BF11_h8s16n11.txt,GLCT,16,8,77,31,600.0,0,0.0,1,1.3,3,559.48,0.0,,,
BF_BF11_h8s16n12.txt,GLCT,16,8,77,31,600.0,0,0.0,1,1.3,4,555.32,0.0,,,
BF_BF11_h8s16n13.txt,GLCT,16,8,77,31,600.0,0,0.0,1,1.3,3,479.88,0.0,,,
BF_BF11_h8s16n14.txt,GLCT,16,8,77,31,600.0,0,0.0,3,3.9,4,562.98,0.0,,,
BF_BF11_h8s16n15.txt,GLCT,16,8,77,31,600.0,1,1.3,1,1.3,4,534.50,0.0,,,
BF_BF11_h8s16n16.txt,GLCT,16,8,77,31,600.0,0,0.0,1,1.3,3,492.17,0.0,,,
BF_BF11_h8s16n17.txt,GLCT,16,8,77,31,600.0,2,2.6,2,2.6,4,535.82,0.0,,,
BF_BF11_h8s16n18.txt,GLCT,16,8,77,31,600.0,0,0.0,2,2.6,4,586.22,0.0,,,
BF_BF11_h8s16n19.txt,GLCT,16,8,77,31,600.0,0,0.0,2,2.6,4,588.92,0.0,,,
BF_BF11_h8s16n2.txt,GLCT,16,8,77,31,600.0,1,1.3,2,2.6,3,551.43,0.0,,,
BF_BF11_h8s16n20.txt,GLCT,16,8,77,31,600.0,1,1.3,4,5.2,4,581.99,0.0,,,
BF_BF11_h8s16n3.txt,GLCT,16,8,77,31,600.0,1,1.3,3,3.9,3,521.52,0.0,,,
BF_BF11_h8s16n4.txt,GLCT,16,8,77,31,600.0,0,0.0,1,1.3,4,594.49,0.0,,,
BF_BF11_h8s16n5.txt,GLCT,16,8,77,31,600.0,0,0.0,1,1.3,3,481.05,0.0,,,
BF_BF11_h8s16n6.txt,GLCT,16,8,77,31,600.0,0,0.0,1,1.3,3,524.83,0.0,,,
BF_BF11_h8s16n7.txt,GLCT,16,8,77,31,600.0,0,0.0,1,1.3,3,560.66,0.0,,,
BF_BF11_h8s16n8.txt,GLCT,16,8,77,31,600.0,0,0.0,1,1.3,4,563.83,0.0,,,
BF_BF11_h8s16n9.txt,GLCT,16,8,77,31,600.0,0,0.0,1,1.3,4,549.87,0.0,,,
BF_BF12_h8s16n1.txt,GLCT,16,8,77,31,600.0,0,0.0,0,0.0,3,556.31,0.1,,,
BF_BF12_h8s16n10.txt,GLCT,16,8,77,31,600.0,0,0.0,1,1.3,3,535.95,0.0,,,
BF_BF12_h8s16n11.txt,GLCT,16,8,77,31,600.0,0,0.0,0,0.0,3,514.38,0.0,,,
BF_BF12_h8s16n12.txt,GLCT,16,8,77,31,600.0,0,0.0,3,3.9,4,597.88,0.0,,,
BF_BF12_h8s16n13.txt,GLCT,16,8,77,31,600.0,0,0.0,1,1.3,4,593.56,0.0,,,
BF_BF12_h8s16n14.txt,GLCT,16,8,77,31,600.0,0,0.0,1,1.3,4,593.14,0.0,,,
BF_BF12_h8s16n15.txt,GLCT,16,8,77,31,600.0,0,0.0,2,2.6,4,572.73,0.0,,,
BF_BF12_h8s16n16.txt,GLCT,16,8,77,31,600.0,2,2.6,3,3.9,3,545.29,0.0,,,
BF_BF12_h8s16n17.txt,GLCT,16,8,77,31,600.0,0,0.0,1,1.3,4,594.47,0.0,,,
BF_BF12_h8s16n18.txt,GLCT,16,8,77,31,600.0,1,1.3,3,3.9,4,596.27,0.0,,,
BF_BF12_h8s16n19.txt,GLCT,16,8,77,31,600.0,1,1.3,2,2.6,3,535.02,0.0,,,
BF_BF12_h8s16n2.txt,GLCT,16,8,77,31,600.0,1,1.3,1,1.3,4,595.66,0.0,,,
BF_BF12_h8s16n20.txt,GLCT,16,8,77,31,600.0,1,1.3,2,2.6,4,592.84,0.0,,,
BF_BF12_h8s16n3.txt,GLCT,16,8,77,31,600.0,2,2.6,4,5.2,4,568.89,0.0,,,
BF_BF12_h8s16n4.txt,GLCT,16,8,77,31,600.0,3,3.9,4,5.2,3,596.99,0.0,,,
BF_BF12_h8s16n5.txt,GLCT,16,8,77,31,600.0,0,0.0,0,0.0,3,528.17,0.0,,,
BF_BF12_h8s16n6.txt,GLCT,16,8,77,31,600.0,1,1.3,2,2.6,3,502.57,0.0,,,
BF_BF12_h8s16n7.txt,GLCT,16,8,77,31,600.0,0,0.0,2,2.6,4,589.64,0.0,,,
BF_BF12_h8s16n8.txt,GLCT,16,8,77,31,600.0,0,0.0,1,1.3,4,568.47,0.0,,,
BF_BF12_h8s16n9.txt,GLCT,16,8,77,31,600.0,0,0.0,1,1.3,3,522.70,0.0,,,
BF_BF13_h8s16n1.txt,GLCT,16,8,103,21,600.0,1,1.0,2,1.9,4,508.45,0.0,,,
BF_BF13_h8s16n10.txt,GLCT,16,8,103,21,600.0,2,1.9,3,2.9,5,593.11,0.0,,,
BF_BF13_h8s16n11.txt,GLCT,16,8,103,21,600.0,0,0.0,1,1.0,4,528.13,0.0,,,
BF_BF13_h8s16n12.txt,GLCT,16,8,103,21,600.0,1,1.0,4,3.9,5,556.96,0.0,,,
BF_BF13_h8s16n13.txt,GLCT,16,8,103,21,600.0,0,0.0,2,1.9,4,550.36,0.0,,,
BF_BF13_h8s16n14.txt,GLCT,16,8,103,21,600.0,0,0.0,2,1.9,5,552.16,0.0,,,
BF_BF13_h8s16n15.txt,GLCT,16,8,103,21,600.0,0,0.0,2,1.9,5,546.67,0.0,,,
BF_BF13_h8s16n16.txt,GLCT,16,8,103,21,600.0,1,1.0,4,3.9,4,514.57,0.0,,,
BF_BF13_h8s16n17.txt,GLCT,16,8,103,21,600.0,0,0.0,2,1.9,4,559.53,0.0,,,
BF_BF13_h8s16n18.txt,GLCT,16,8,103,21,600.0,0,0.0,3,2.9,4,539.14,0.0,,,
BF_BF13_h8s16n19.txt,GLCT,16,8,103,21,600.0,1,1.0,2,1.9,4,597.57,0.0,,,
BF_BF13_h8s16n2.txt,GLCT,16,8,103,21,600.0,1,1.0,2,1.9,5,576.81,0.0,,,
BF_BF13_h8s16n20.txt,GLCT,16,8,103,21,600.0,0,0.0,1,1.0,4,558.50,0.0,,,
BF_BF13_h8s16n3.txt,GLCT,16,8,103,21,600.0,1,1.0,3,2.9,4,537.19,0.0,,,
BF_BF13_h8s16n4.txt,GLCT,16,8,103,21,600.0,2,1.9,3,2.9,4,551.55,0.0,,,
BF_BF13_h8s16n5.txt,GLCT,16,8,103,21,600.0,2,1.9,3,2.9,4,538.53,0.0,,,
BF_BF13_h8s16n6.txt,GLCT,16,8,103,21,600.0,1,1.0,3,2.9,5,588.05,0.0,,,
BF_BF13_h8s16n7.txt,GLCT,16,8,103,21,600.0,0,0.0,2,1.9,4,538.75,0.0,,,
BF_BF13_h8s16n8.txt,GLCT,16,8,103,21,600.0,2,1.9,3,2.9,4,577.81,0.0,,,
BF_BF13_h8s16n9.txt,GLCT,16,8,103,21,600.0,0,0.0,4,3.9,4,569.47,0.0,,,
BF_BF14_h8s16n1.txt,GLCT,16,8,103,21,600.0,2,1.9,7,6.8,5,556.44,0.0,,,
BF_BF14_h8s16n10.txt,GLCT,16,8,103,21,600.0,1,1.0,3,2.9,4,598.34,0.0,,,
BF_BF14_h8s16n11.txt,GLCT,16,8,103,21,600.0,0,0.0,2,1.9,4,522.82,0.0,,,
BF_BF14_h8s16n12.txt,GLCT,16,8,103,21,600.0,1,1.0,4,3.9,4,550.68,0.0,,,
BF_BF14_h8s16n13.txt,GLCT,16,8,103,21,600.0,0,0.0,2,1.9,5,598.76,0.0,,,
BF_BF14_h8s16n14.txt,GLCT,16,8,103,21,600.0,1,1.0,2,1.9,4,565.45,0.0,,,
BF_BF14_h8s16n15.txt,GLCT,16,8,103,21,600.0,2,1.9,4,3.9,3,482.61,0.0,,,
BF_BF14_h8s16n16.txt,GLCT,16,8,103,21,600.0,0,0.0,1,1.0,4,544.84,0.0,,,
BF_BF14_h8s16n17.txt,GLCT,16,8,103,21,600.0,1,1.0,4,3.9,5,597.46,0.0,,,
BF_BF14_h8s16n18.txt,GLCT,16,8,103,21,600.0,0,0.0,2,1.9,4,565.97,0.0,,,
BF_BF14_h8s16n19.txt,GLCT,16,8,103,21,600.0,0,0.0,2,1.9,4,580.98,0.0,,,
BF_BF14_h8s16n2.txt,GLCT,16,8,103,21,600.0,1,1.0,2,1.9,5,593.24,0.0,,,
BF_BF14_h8s16n20.txt,GLCT,16,8,103,21,600.0,0,0.0,2,1.9,5,581.81,0.0,,,
BF_BF14_h8s16n3.txt,GLCT,16,8,103,21,600.0,0,0.0,3,2.9,4,583.56,0.0,,,
BF_BF14_h8s16n4.txt,GLCT,16,8,103,21,600.0,2,1.9,3,2.9,4,555.46,0.0,,,
BF_BF14_h8s16n5.txt,GLCT,16,8,103,21,600.0,2,1.9,3,2.9,4,590.67,0.0,,,
BF_BF14_h8s16n6.txt,GLCT,16,8,103,21,600.0,0,0.0,2,1.9,4,544.06,0.0,,,
BF_BF14_h8s16n7.txt,GLCT,16,8,103,21,600.0,1,1.0,2,1.9,4,525.37,0.0,,,
BF_BF14_h8s16n8.txt,GLCT,16,8,103,21,600.0,0,0.0,2,1.9,4,595.34,0.0,,,
BF_BF14_h8s16n9.txt,GLCT,16,8,103,21,600.0,1,1.0,2,1.9,5,598.16,0.0,,,
BF_BF15_h8s16n1.txt,GLCT,16,8,103,42,600.0,0,0.0,1,1.0,4,576.14,0.0,,,
BF_BF15_h8s16n10.txt,GLCT,16,8,103,42,600.0,0,0.0,1,1.0,4,582.85,0.0,,,
BF_BF15_h8s16n11.txt,GLCT,16,8,103,42,600.0,0,0.0,1,1.0,4,531.72,0.0,,,
BF_BF15_h8s16n12.txt,GLCT,16,8,103,42,600.0,1,1.0,2,1.9,5,588.90,0.0,,,
BF_BF15_h8s16n13.txt,GLCT,16,8,103,42,600.0,1,1.0,2,1.9,4,510.64,0.0,,,
BF_BF15_h8s16n14.txt,GLCT,16,8,103,42,600.0,1,1.0,3,2.9,4,532.41,0.0,,,
BF_BF15_h8s16n15.txt,GLCT,16,8,103,42,600.0,0,0.0,1,1.0,5,553.59,0.0,,,
BF_BF15_h8s16n16.txt,GLCT,16,8,103,42,600.0,0,0.0,2,1.9,4,591.34,0.0,,,
BF_BF15_h8s16n17.txt,GLCT,16,8,103,42,600.0,0,0.0,1,1.0,5,574.40,0.0,,,
BF_BF15_h8s16n18.txt,GLCT,16,8,103,42,600.0,0,0.0,1,1.0,4,502.17,0.0,,,
BF_BF15_h8s16n19.txt,GLCT,16,8,103,42,600.0,2,1.9,4,3.9,4,530.78,0.0,,,
BF_BF15_h8s16n2.txt,GLCT,16,8,103,42,600.0,1,1.0,3,2.9,5,587.72,0.0,,,
BF_BF15_h8s16n20.txt,GLCT,16,8,103,42,600.0,1,1.0,4,3.9,6,590.86,0.0,,,
BF_BF15_h8s16n3.txt,GLCT,16,8,103,42,600.0,0,0.0,2,1.9,5,594.52,0.0,,,
BF_BF15_h8s16n4.txt,GLCT,16,8,103,42,600.0,0,0.0,1,1.0,4,565.98,0.0,,,
BF_BF15_h8s16n5.txt,GLCT,16,8,103,42,600.0,0,0.0,2,1.9,4,509.04,0.0,,,
BF_BF15_h8s16n6.txt,GLCT,16,8,103,42,600.0,0,0.0,0,0.0,4,480.58,0.0,,,
BF_BF15_h8s16n7.txt,GLCT,16,8,103,42,600.0,0,0.0,4,3.9,5,586.73,0.0,,,
BF_BF15_h8s16n8.txt,GLCT,16,8,103,42,600.0,0,0.0,1,1.0,4,542.55,0.0,,,
BF_BF15_h8s16n9.txt,GLCT,16,8,103,42,600.0,1,1.0,4,3.9,4,586.90,0.0,,,
BF_BF16_h8s16n1.txt,GLCT,16,8,103,42,600.0,0,0.0,3,2.9,5,583.37,0.0,,,
BF_BF16_h8s16n10.txt,GLCT,16,8,103,42,600.0,0,0.0,0,0.0,4,588.43,0.0,,,
BF_BF16_h8s16n11.txt,GLCT,16,8,103,42,600.0,0,0.0,1,1.0,4,541.00,0.0,,,
BF_BF16_h8s16n12.txt,GLCT,16,8,103,42,600.0,0,0.0,2,1.9,5,585.55,0.0,,,
BF_BF16_h8s16n13.txt,GLCT,16,8,103,42,600.0,1,1.0,3,2.9,4,508.18,0.0,,,
BF_BF16_h8s16n14.txt,GLCT,16,8,103,42,600.0,0,0.0,2,1.9,4,568.11,0.0,,,
BF_BF16_h8s16n15.txt,GLCT,16,8,103,42,600.0,0,0.0,1,1.0,4,576.50,0.0,,,
BF_BF16_h8s16n16.txt,GLCT,16,8,103,42,600.0,1,1.0,2,1.9,4,582.95,0.0,,,
BF_BF16_h8s16n17.txt,GLCT,16,8,103,42,600.0,0,0.0,1,1.0,5,536.07,0.0,,,
BF_BF16_h8s16n18.txt,GLCT,16,8,103,42,600.0,0,0.0,2,1.9,5,512.70,0.0,,,
BF_BF16_h8s16n19.txt,GLCT,16,8,103,42,600.0,0,0.0,1,1.0,4,588.79,0.0,,,
BF_BF16_h8s16n2.txt,GLCT,16,8,103,42,600.0,0,0.0,2,1.9,5,555.16,0.0,,,
BF_BF16_h8s16n20.txt,GLCT,16,8,103,42,600.0,0,0.0,1,1.0,4,573.42,0.0,,,
BF_BF16_h8s16n3.txt,GLCT,16,8,103,42,600.0,0,0.0,0,0.0,4,530.70,0.0,,,
BF_BF16_h8s16n4.txt,GLCT,16,8,103,42,600.0,1,1.0,1,1.0,4,584.87,0.0,,,
BF_BF16_h8s16n5.txt,GLCT,16,8,103,42,600.0,0,0.0,2,1.9,4,595.28,0.0,,,
BF_BF16_h8s16n6.txt,GLCT,16,8,103,42,600.0,1,1.0,2,1.9,4,592.72,0.0,,,
BF_BF16_h8s16n7.txt,GLCT,16,8,103,42,600.0,0,0.0,0,0.0,4,559.17,0.0,,,
BF_BF16_h8s16n8.txt,GLCT,16,8,103,42,600.0,0,0.0,1,1.0,3,533.00,0.0,,,
BF_BF16_h8s16n9.txt,GLCT,16,8,103,42,600.0,0,0.0,2,1.9,4,552.91,0.0,,,
BF_BF17_h5s20n1.txt,GLCT,20,5,60,12,600.0,1,1.7,3,5.0,5,589.99,0.0,,,
BF_BF17_h5s20n10.txt,GLCT,20,5,60,12,600.0,1,1.7,13,21.7,5,592.99,0.0,,,
BF_BF17_h5s20n11.txt,GLCT,20,5,60,12,600.0,0,0.0,3,5.0,4,518.94,0.0,,,
BF_BF17_h5s20n12.txt,GLCT,20,5,60,12,600.0,2,3.3,5,8.3,5,598.61,0.0,,,
BF_BF17_h5s20n13.txt,GLCT,20,5,60,12,600.0,2,3.3,7,11.7,4,514.11,0.0,,,
BF_BF17_h5s20n14.txt,GLCT,20,5,60,12,600.0,2,3.3,5,8.3,5,582.32,0.0,,,
BF_BF17_h5s20n15.txt,GLCT,20,5,60,12,600.0,0,0.0,3,5.0,4,506.74,0.0,,,
BF_BF17_h5s20n16.txt,GLCT,20,5,60,12,600.0,1,1.7,3,5.0,4,595.82,0.0,,,
BF_BF17_h5s20n17.txt,GLCT,20,5,60,12,600.0,2,3.3,6,10.0,4,565.29,0.0,,,
BF_BF17_h5s20n18.txt,GLCT,20,5,60,12,600.0,0,0.0,3,5.0,5,587.84,0.0,,,
BF_BF17_h5s20n19.txt,GLCT,20,5,60,12,600.0,2,3.3,5,8.3,5,588.14,0.0,,,
BF_BF17_h5s20n2.txt,GLCT,20,5,60,12,600.0,3,5.0,4,6.7,3,509.95,0.0,,,
BF_BF17_h5s20n20.txt,GLCT,20,5,60,12,600.0,1,1.7,3,5.0,4,547.24,0.0,,,
BF_BF17_h5s20n3.txt,GLCT,20,5,60,12,600.0,4,6.7,6,10.0,4,510.97,0.0,,,
BF_BF17_h5s20n4.txt,GLCT,20,5,60,12,600.0,3,5.0,4,6.7,5,594.88,0.0,,,
BF_BF17_h5s20n5.txt,GLCT,20,5,60,12,600.0,2,3.3,5,8.3,4,586.25,0.0,,,
BF_BF17_h5s20n6.txt,GLCT,20,5,60,12,600.0,1,1.7,3,5.0,4,545.46,0.0,,,
BF_BF17_h5s20n7.txt,GLCT,20,5,60,12,600.0,2,3.3,4,6.7,5,576.50,0.0,,,
BF_BF17_h5s20n8.txt,GLCT,20,5,60,12,600.0,2,3.3,3,5.0,4,556.29,0.0,,,
BF_BF17_h5s20n9.txt,GLCT,20,5,60,12,600.0,1,1.7,3,5.0,5,597.39,0.0,,,
BF_BF18_h5s20n1.txt,GLCT,20,5,60,12,600.0,1,1.7,3,5.0,5,592.35,0.0,,,
BF_BF18_h5s20n10.txt,GLCT,20,5,60,12,600.0,0,0.0,3,5.0,5,596.13,0.0,,,
BF_BF18_h5s20n11.txt,GLCT,20,5,60,12,600.0,0,0.0,2,3.3,4,545.59,0.0,,,
BF_BF18_h5s20n12.txt,GLCT,20,5,60,12,600.0,1,1.7,5,8.3,5,599.66,0.0,,,
BF_BF18_h5s20n13.txt,GLCT,20,5,60,12,600.0,3,5.0,5,8.3,5,590.51,0.0,,,
BF_BF18_h5s20n14.txt,GLCT,20,5,60,12,600.0,1,1.7,4,6.7,5,592.34,0.0,,,
BF_BF18_h5s20n15.txt,GLCT,20,5,60,12,600.0,0,0.0,3,5.0,4,496.98,0.0,,,
BF_BF18_h5s20n16.txt,GLCT,20,5,60,12,600.0,1,1.7,4,6.7,5,584.40,0.0,,,
BF_BF18_h5s20n17.txt,GLCT,20,5,60,12,600.0,1,1.7,2,3.3,4,541.64,0.0,,,
BF_BF18_h5s20n18.txt,GLCT,20,5,60,12,600.0,1,1.7,4,6.7,5,592.58,0.0,,,
BF_BF18_h5s20n19.txt,GLCT,20,5,60,12,600.0,3,5.0,6,10.0,5,598.01,0.0,,,
BF_BF18_h5s20n2.txt,GLCT,20,5,60,12,600.0,3,5.0,9,15.0,5,588.29,0.0,,,
BF_BF18_h5s20n20.txt,GLCT,20,5,60,12,600.0,2,3.3,4,6.7,4,538.45,0.0,,,
BF_BF18_h5s20n3.txt,GLCT,20,5,60,12,600.0,0,0.0,2,3.3,4,545.80,0.0,,,
BF_BF18_h5s20n4.txt,GLCT,20,5,60,12,600.0,2,3.3,3,5.0,4,523.70,0.0,,,
BF_BF18_h5s20n5.txt,GLCT,20,5,60,12,600.0,3,5.0,5,8.3,5,593.25,0.0,,,
BF_BF18_h5s20n6.txt,GLCT,20,5,60,12,600.0,0,0.0,3,5.0,5,596.87,0.0,,,
BF_BF18_h5s20n7.txt,GLCT,20,5,60,12,600.0,1,1.7,3,5.0,4,528.44,0.0,,,
BF_BF18_h5s20n8.txt,GLCT,20,5,60,12,600.0,2,3.3,5,8.3,4,509.46,0.0,,,
BF_BF18_h5s20n9.txt,GLCT,20,5,60,12,600.0,2,3.3,4,6.7,4,488.58,0.0,,,
BF_BF19_h5s20n1.txt,GLCT,20,5,60,24,600.0,1,1.7,3,5.0,4,586.03,0.0,,,
BF_BF19_h5s20n10.txt,GLCT,20,5,60,24,600.0,1,1.7,4,6.7,4,506.91,0.0,,,
BF_BF19_h5s20n11.txt,GLCT,20,5,60,24,600.0,1,1.7,4,6.7,4,534.19,0.0,,,
BF_BF19_h5s20n12.txt,GLCT,20,5,60,24,600.0,0,0.0,2,3.3,4,533.88,0.0,,,
BF_BF19_h5s20n13.txt,GLCT,20,5,60,24,600.0,0,0.0,1,1.7,4,555.40,0.0,,,
BF_BF19_h5s20n14.txt,GLCT,20,5,60,24,600.0,0,0.0,2,3.3,4,486.84,0.0,,,
BF_BF19_h5s20n15.txt,GLCT,20,5,60,24,600.0,0,0.0,2,3.3,4,574.86,0.0,,,
BF_BF19_h5s20n16.txt,GLCT,20,5,60,24,600.0,3,5.0,4,6.7,4,562.88,0.0,,,
BF_BF19_h5s20n17.txt,GLCT,20,5,60,24,600.0,0,0.0,1,1.7,4,478.35,0.0,,,
BF_BF19_h5s20n18.txt,GLCT,20,5,60,24,600.0,1,1.7,3,5.0,4,576.51,0.0,,,
BF_BF19_h5s20n19.txt,GLCT,20,5,60,24,600.0,1,1.7,3,5.0,5,587.45,0.0,,,
BF_BF19_h5s20n2.txt,GLCT,20,5,60,24,600.0,0,0.0,3,5.0,5,598.06,0.0,,,
BF_BF19_h5s20n20.txt,GLCT,20,5,60,24,600.0,2,3.3,3,5.0,4,539.41,0.0,,,
BF_BF19_h5s20n3.txt,GLCT,20,5,60,24,600.0,1,1.7,5,8.3,4,565.00,0.0,,,
BF_BF19_h5s20n4.txt,GLCT,20,5,60,24,600.0,1,1.7,8,13.3,5,590.11,0.0,,,
BF_BF19_h5s20n5.txt,GLCT,20,5,60,24,600.0,0,0.0,3,5.0,4,540.31,0.0,,,
BF_BF19_h5s20n6.txt,GLCT,20,5,60,24,600.0,2,3.3,4,6.7,4,585.77,0.0,,,
BF_BF19_h5s20n7.txt,GLCT,20,5,60,24,600.0,1,1.7,1,1.7,4,555.56,0.0,,,
BF_BF19_h5s20n8.txt,GLCT,20,5,60,24,600.0,1,1.7,8,13.3,4,515.65,0.0,,,
BF_BF19_h5s20n9.txt,GLCT,20,5,60,24,600.0,3,5.0,6,10.0,4,580.10,0.0,,,
BF_BF1_h5s16n1.txt,GLCT,16,5,48,10,600.0,2,4.2,4,8.3,4,516.14,0.0,,,
BF_BF1_h5s16n10.txt,GLCT,16,5,48,10,600.0,3,6.2,8,16.7,5,595.30,0.0,,,
BF_BF1_h5s16n11.txt,GLCT,16,5,48,10,600.0,2,4.2,3,6.2,4,545.79,0.0,,,
BF_BF1_h5s16n12.txt,GLCT,16,5,48,10,600.0,2,4.2,4,8.3,4,523.97,0.0,,,
BF_BF1_h5s16n13.txt,GLCT,16,5,48,10,600.0,2,4.2,3,6.2,5,583.45,0.0,,,
BF_BF1_h5s16n14.txt,GLCT,16,5,48,10,600.0,0,0.0,2,4.2,4,521.43,0.0,,,
BF_BF1_h5s16n15.txt,GLCT,16,5,48,10,600.0,1,2.1,2,4.2,4,565.00,0.0,,,
BF_BF1_h5s16n16.txt,GLCT,16,5,48,10,600.0,2,4.2,4,8.3,5,593.37,0.0,,,
BF_BF1_h5s16n17.txt,GLCT,16,5,48,10,600.0,2,4.2,5,10.4,5,587.17,0.0,,,
BF_BF1_h5s16n18.txt,GLCT,16,5,48,10,600.0,3,6.2,5,10.4,5,590.63,0.0,,,
BF_BF1_h5s16n19.txt,GLCT,16,5,48,10,600.0,0,0.0,2,4.2,5,582.57,0.0,,,
BF_BF1_h5s16n2.txt,GLCT,16,5,48,10,600.0,1,2.1,3,6.2,5,593.21,0.0,,,
BF_BF1_h5s16n20.txt,GLCT,16,5,48,10,600.0,1,2.1,4,8.3,4,559.53,0.0,,,
BF_BF1_h5s16n3.txt,GLCT,16,5,48,10,600.0,2,4.2,4,8.3,4,569.56,0.0,,,
BF_BF1_h5s16n4.txt,GLCT,16,5,48,10,600.0,3,6.2,4,8.3,4,508.03,0.0,,,
BF_BF1_h5s16n5.txt,GLCT,16,5,48,10,600.0,1,2.1,3,6.2,5,564.67,0.0,,,
BF_BF1_h5s16n6.txt,GLCT,16,5,48,10,600.0,0,0.0,3,6.2,5,581.35,0.0,,,
BF_BF1_h5s16n7.txt,GLCT,16,5,48,10,600.0,1,2.1,3,6.2,4,572.39,0.0,,,
BF_BF1_h5s16n8.txt,GLCT,16,5,48,10,600.0,1,2.1,4,8.3,4,526.83,0.0,,,
BF_BF1_h5s16n9.txt,GLCT,16,5,48,10,600.0,1,2.1,3,6.2,5,594.76,0.0,,,
BF_BF20_h5s20n1.txt,GLCT,20,5,60,24,600.0,0,0.0,1,1.7,4,536.82,0.0,,,
BF_BF20_h5s20n10.txt,GLCT,20,5,60,24,600.0,1,1.7,5,8.3,5,579.57,0.0,,,
BF_BF20_h5s20n11.txt,GLCT,20,5,60,24,600.0,0,0.0,2,3.3,4,596.40,0.0,,,
BF_BF20_h5s20n12.txt,GLCT,20,5,60,24,600.0,0,0.0,4,6.7,5,599.79,0.0,,,
BF_BF20_h5s20n13.txt,GLCT,20,5,60,24,600.0,0,0.0,2,3.3,5,598.87,0.0,,,
BF_BF20_h5s20n14.txt,GLCT,20,5,60,24,600.0,0,0.0,2,3.3,5,598.35,0.0,,,
BF_BF20_h5s20n15.txt,GLCT,20,5,60,24,600.0,1,1.7,2,3.3,5,599.49,0.0,,,
BF_BF20_h5s20n16.txt,GLCT,20,5,60,24,600.0,2,3.3,3,5.0,4,536.56,0.0,,,
BF_BF20_h5s20n17.txt,GLCT,20,5,60,24,600.0,2,3.3,4,6.7,4,501.51,0.0,,,
BF_BF20_h5s20n18.txt,GLCT,20,5,60,24,600.0,0,0.0,2,3.3,4,477.12,0.0,,,
BF_BF20_h5s20n19.txt,GLCT,20,5,60,24,600.0,1,1.7,2,3.3,4,548.38,0.0,,,
BF_BF20_h5s20n2.txt,GLCT,20,5,60,24,600.0,0,0.0,4,6.7,5,595.11,0.0,,,
BF_BF20_h5s20n20.txt,GLCT,20,5,60,24,600.0,1,1.7,5,8.3,5,597.22,0.0,,,
BF_BF20_h5s20n3.txt,GLCT,20,5,60,24,600.0,1,1.7,2,3.3,4,526.77,0.0,,,
BF_BF20_h5s20n4.txt,GLCT,20,5,60,24,600.0,0,0.0,1,1.7,4,497.03,0.0,,,
BF_BF20_h5s20n5.txt,GLCT,20,5,60,24,600.0,1,1.7,7,11.7,4,502.72,0.0,,,
BF_BF20_h5s20n6.txt,GLCT,20,5,60,24,600.0,0,0.0,4,6.7,5,596.22,0.0,,,
BF_BF20_h5s20n7.txt,GLCT,20,5,60,24,600.0,0,0.0,1,1.7,4,519.94,0.0,,,
BF_BF20_h5s20n8.txt,GLCT,20,5,60,24,600.0,0,0.0,3,5.0,5,578.55,0.0,,,
BF_BF20_h5s20n9.txt,GLCT,20,5,60,24,600.0,0,0.0,1,1.7,4,525.33,0.0,,,
BF_BF21_h5s20n1.txt,GLCT,20,5,80,16,600.0,2,2.5,4,5.0,4,520.23,0.0,,,
BF_BF21_h5s20n10.txt,GLCT,20,5,80,16,600.0,3,3.8,9,11.2,5,545.92,0.0,,,
BF_BF21_h5s20n11.txt,GLCT,20,5,80,16,600.0,2,2.5,4,5.0,5,581.70,0.0,,,
BF_BF21_h5s20n12.txt,GLCT,20,5,80,16,600.0,1,1.2,2,2.5,5,591.93,0.0,,,
BF_BF21_h5s20n13.txt,GLCT,20,5,80,16,600.0,1,1.2,4,5.0,4,560.28,0.0,,,
BF_BF21_h5s20n14.txt,GLCT,20,5,80,16,600.0,1,1.2,7,8.8,5,596.94,0.0,,,
BF_BF21_h5s20n15.txt,GLCT,20,5,80,16,600.0,4,5.0,7,8.8,5,547.55,0.0,,,
BF_BF21_h5s20n16.txt,GLCT,20,5,80,16,600.0,2,2.5,5,6.2,6,599.04,0.0,,,
BF_BF21_h5s20n17.txt,GLCT,20,5,80,16,600.0,1,1.2,3,3.8,4,521.30,0.0,,,
BF_BF21_h5s20n18.txt,GLCT,20,5,80,16,600.0,1,1.2,4,5.0,5,587.34,0.0,,,
BF_BF21_h5s20n19.txt,GLCT,20,5,80,16,600.0,3,3.8,5,6.2,5,583.52,0.0,,,
BF_BF21_h5s20n2.txt,GLCT,20,5,80,16,600.0,3,3.8,4,5.0,5,590.08,0.0,,,
BF_BF21_h5s20n20.txt,GLCT,20,5,80,16,600.0,1,1.2,4,5.0,4,532.77,0.0,,,
BF_BF21_h5s20n3.txt,GLCT,20,5,80,16,600.0,1,1.2,3,3.8,4,522.02,0.0,,,
BF_BF21_h5s20n4.txt,GLCT,20,5,80,16,600.0,1,1.2,3,3.8,5,551.58,0.0,,,
BF_BF21_h5s20n5.txt,GLCT,20,5,80,16,600.0,0,0.0,2,2.5,5,539.39,0.0,,,
BF_BF21_h5s20n6.txt,GLCT,20,5,80,16,600.0,2,2.5,5,6.2,5,598.01,0.0,,,
BF_BF21_h5s20n7.txt,GLCT,20,5,80,16,600.0,0,0.0,2,2.5,4,524.24,0.0,,,
BF_BF21_h5s20n8.txt,GLCT,20,5,80,16,600.0,0,0.0,3,3.8,4,520.02,0.0,,,
BF_BF21_h5s20n9.txt,GLCT,20,5,80,16,600.0,1,1.2,4,5.0,5,573.21,0.0,,,
BF_BF22_h5s20n1.txt,GLCT,20,5,80,16,600.0,0,0.0,4,5.0,5,590.52,0.0,,,
BF_BF22_h5s20n10.txt,GLCT,20,5,80,16,600.0,0,0.0,3,3.8,4,513.40,0.0,,,
BF_BF22_h5s20n11.txt,GLCT,20,5,80,16,600.0,3,3.8,7,8.8,5,592.84,0.0,,,
BF_BF22_h5s20n12.txt,GLCT,20,5,80,16,600.0,3,3.8,5,6.2,5,599.85,0.0,,,
BF_BF22_h5s20n13.txt,GLCT,20,5,80,16,600.0,0,0.0,3,3.8,4,533.68,0.0,,,
BF_BF22_h5s20n14.txt,GLCT,20,5,80,16,600.0,0,0.0,2,2.5,5,596.78,0.0,,,
BF_BF22_h5s20n15.txt,GLCT,20,5,80,16,600.0,2,2.5,3,3.8,4,503.43,0.0,,,
BF_BF22_h5s20n16.txt,GLCT,20,5,80,16,600.0,1,1.2,3,3.8,4,503.63,0.0,,,
BF_BF22_h5s20n17.txt,GLCT,20,5,80,16,600.0,2,2.5,4,5.0,5,587.10,0.0,,,
BF_BF22_h5s20n18.txt,GLCT,20,5,80,16,600.0,0,0.0,3,3.8,5,580.59,0.0,,,
BF_BF22_h5s20n19.txt,GLCT,20,5,80,16,600.0,0,0.0,3,3.8,4,514.13,0.0,,,
BF_BF22_h5s20n2.txt,GLCT,20,5,80,16,600.0,1,1.2,3,3.8,5,589.34,0.0,,,
BF_BF22_h5s20n20.txt,GLCT,20,5,80,16,600.0,0,0.0,2,2.5,5,597.93,0.0,,,
BF_BF22_h5s20n3.txt,GLCT,20,5,80,16,600.0,0,0.0,3,3.8,5,597.16,0.0,,,
BF_BF22_h5s20n4.txt,GLCT,20,5,80,16,600.0,4,5.0,9,11.2,5,560.78,0.0,,,
BF_BF22_h5s20n5.txt,GLCT,20,5,80,16,600.0,1,1.2,3,3.8,4,513.01,0.0,,,
BF_BF22_h5s20n6.txt,GLCT,20,5,80,16,600.0,0,0.0,4,5.0,5,594.72,0.0,,,
BF_BF22_h5s20n7.txt,GLCT,20,5,80,16,600.0,0,0.0,2,2.5,4,490.21,0.0,,,
BF_BF22_h5s20n8.txt,GLCT,20,5,80,16,600.0,1,1.2,4,5.0,4,530.34,0.0,,,
BF_BF22_h5s20n9.txt,GLCT,20,5,80,16,600.0,0,0.0,3,3.8,5,582.68,0.0,,,
BF_BF23_h5s20n1.txt,GLCT,20,5,80,32,600.0,0,0.0,4,5.0,4,541.43,0.0,,,
BF_BF23_h5s20n10.txt,GLCT,20,5,80,32,600.0,1,1.2,3,3.8,4,542.00,0.0,,,
BF_BF23_h5s20n11.txt,GLCT,20,5,80,32,600.0,0,0.0,2,2.5,4,516.86,0.0,,,
BF_BF23_h5s20n12.txt,GLCT,20,5,80,32,600.0,0,0.0,3,3.8,5,583.74,0.0,,,
BF_BF23_h5s20n13.txt,GLCT,20,5,80,32,600.0,1,1.2,6,7.5,5,591.90,0.0,,,
BF_BF23_h5s20n14.txt,GLCT,20,5,80,32,600.0,3,3.8,8,10.0,5,583.20,0.0,,,
BF_BF23_h5s20n15.txt,GLCT,20,5,80,32,600.0,0,0.0,5,6.2,5,570.06,0.0,,,
BF_BF23_h5s20n16.txt,GLCT,20,5,80,32,600.0,1,1.2,5,6.2,4,577.05,0.0,,,
BF_BF23_h5s20n17.txt,GLCT,20,5,80,32,600.0,1,1.2,3,3.8,4,537.62,0.0,,,
BF_BF23_h5s20n18.txt,GLCT,20,5,80,32,600.0,1,1.2,3,3.8,4,573.57,0.0,,,
BF_BF23_h5s20n19.txt,GLCT,20,5,80,32,600.0,2,2.5,4,5.0,5,553.53,0.0,,,
BF_BF23_h5s20n2.txt,GLCT,20,5,80,32,600.0,1,1.2,2,2.5,4,559.01,0.0,,,
BF_BF23_h5s20n20.txt,GLCT,20,5,80,32,600.0,0,0.0,2,2.5,5,597.00,0.0,,,
BF_BF23_h5s20n3.txt,GLCT,20,5,80,32,600.0,0,0.0,3,3.8,5,531.80,0.0,,,
BF_BF23_h5s20n4.txt,GLCT,20,5,80,32,600.0,2,2.5,6,7.5,5,574.01,0.0,,,
BF_BF23_h5s20n5.txt,GLCT,20,5,80,32,600.0,1,1.2,4,5.0,5,508.33,0.0,,,
BF_BF23_h5s20n6.txt,GLCT,20,5,80,32,600.0,1,1.2,3,3.8,4,555.44,0.0,,,
BF_BF23_h5s20n7.txt,GLCT,20,5,80,32,600.0,0,0.0,3,3.8,5,592.47,0.0,,,
BF_BF23_h5s20n8.txt,GLCT,20,5,80,32,600.0,1,1.2,3,3.8,4,512.97,0.0,,,
BF_BF23_h5s20n9.txt,GLCT,20,5,80,32,600.0,1,1.2,2,2.5,5,593.18,0.0,,,
BF_BF24_h5s20n1.txt,GLCT,20,5,80,32,600.0,1,1.2,2,2.5,4,540.95,0.0,,,
BF_BF24_h5s20n10.txt,GLCT,20,5,80,32,600.0,0,0.0,1,1.2,4,494.80,0.0,,,
BF_BF24_h5s20n11.txt,GLCT,20,5,80,32,600.0,0,0.0,1,1.2,4,526.44,0.0,,,
BF_BF24_h5s20n12.txt,GLCT,20,5,80,32,600.0,0,0.0,2,2.5,4,573.90,0.0,,,
BF_BF24_h5s20n13.txt,GLCT,20,5,80,32,600.0,0,0.0,1,1.2,4,594.53,0.0,,,
BF_BF24_h5s20n14.txt,GLCT,20,5,80,32,600.0,0,0.0,3,3.8,4,520.16,0.0,,,
BF_BF24_h5s20n15.txt,GLCT,20,5,80,32,600.0,0,0.0,3,3.8,4,560.03,0.0,,,
BF_BF24_h5s20n16.txt,GLCT,20,5,80,32,600.0,1,1.2,3,3.8,5,591.86,0.0,,,
BF_BF24_h5s20n17.txt,GLCT,20,5,80,32,600.0,1,1.2,7,8.8,4,574.97,0.0,,,
BF_BF24_h5s20n18.txt,GLCT,20,5,80,32,600.0,0,0.0,1,1.2,4,552.13,0.0,,,
BF_BF24_h5s20n19.txt,GLCT,20,5,80,32,600.0,0,0.0,2,2.5,4,525.61,0.0,,,
BF_BF24_h5s20n2.txt,GLCT,20,5,80,32,600.0,0,0.0,2,2.5,4,520.80,0.0,,,
BF_BF24_h5s20n20.txt,GLCT,20,5,80,32,600.0,0,0.0,5,6.2,5,596.48,0.0,,,
BF_BF24_h5s20n3.txt,GLCT,20,5,80,32,600.0,2,2.5,3,3.8,4,551.55,0.0,,,
BF_BF24_h5s20n4.txt,GLCT,20,5,80,32,600.0,1,1.2,4,5.0,4,592.12,0.0,,,
BF_BF24_h5s20n5.txt,GLCT,20,5,80,32,600.0,0,0.0,2,2.5,4,592.06,0.0,,,
BF_BF24_h5s20n6.txt,GLCT,20,5,80,32,600.0,0,0.0,1,1.2,4,493.25,0.0,,,
BF_BF24_h5s20n7.txt,GLCT,20,5,80,32,600.0,0,0.0,1,1.2,5,589.26,0.0,,,
BF_BF24_h5s20n8.txt,GLCT,20,5,80,32,600.0,0,0.0,1,1.2,4,565.71,0.0,,,
BF_BF24_h5s20n9.txt,GLCT,20,5,80,32,600.0,1,1.2,3,3.8,4,484.27,0.0,,,
BF_BF25_h8s20n1.txt,GLCT,20,8,96,20,600.0,1,1.0,2,2.1,4,596.12,0.0,,,
BF_BF25_h8s20n10.txt,GLCT,20,8,96,20,600.0,1,1.0,2,2.1,4,572.64,0.0,,,
BF_BF25_h8s20n11.txt,GLCT,20,8,96,20,600.0,3,3.1,4,4.2,3,517.01,0.0,,,
BF_BF25_h8s20n12.txt,GLCT,20,8,96,20,600.0,1,1.0,3,3.1,4,585.45,0.0,,,
BF_BF25_h8s20n13.txt,GLCT,20,8,96,20,600.0,1,1.0,3,3.1,4,595.90,0.0,,,
BF_BF25_h8s20n14.txt,GLCT,20,8,96,20,600.0,2,2.1,3,3.1,4,594.25,0.0,,,
BF_BF25_h8s20n15.txt,GLCT,20,8,96,20,600.0,1,1.0,3,3.1,3,526.39,0.0,,,
BF_BF25_h8s20n16.txt,GLCT,20,8,96,20,600.0,1,1.0,2,2.1,3,582.33,0.0,,,
BF_BF25_h8s20n17.txt,GLCT,20,8,96,20,600.0,0,0.0,2,2.1,3,522.87,0.0,,,
BF_BF25_h8s20n18.txt,GLCT,20,8,96,20,600.0,2,2.1,4,4.2,4,598.37,0.0,,,
BF_BF25_h8s20n19.txt,GLCT,20,8,96,20,600.0,2,2.1,4,4.2,4,517.02,0.0,,,
BF_BF25_h8s20n2.txt,GLCT,20,8,96,20,600.0,1,1.0,3,3.1,3,495.99,0.0,,,
BF_BF25_h8s20n20.txt,GLCT,20,8,96,20,600.0,1,1.0,2,2.1,3,561.67,0.0,,,
BF_BF25_h8s20n3.txt,GLCT,20,8,96,20,600.0,1,1.0,3,3.1,4,591.61,0.0,,,
BF_BF25_h8s20n4.txt,GLCT,20,8,96,20,600.0,1,1.0,3,3.1,3,479.71,0.0,,,
BF_BF25_h8s20n5.txt,GLCT,20,8,96,20,600.0,1,1.0,3,3.1,3,536.06,0.0,,,
BF_BF25_h8s20n6.txt,GLCT,20,8,96,20,600.0,0,0.0,2,2.1,4,540.22,0.0,,,
BF_BF25_h8s20n7.txt,GLCT,20,8,96,20,600.0,0,0.0,2,2.1,4,561.74,0.0,,,
BF_BF25_h8s20n8.txt,GLCT,20,8,96,20,600.0,3,3.1,7,7.3,3,547.16,0.0,,,
BF_BF25_h8s20n9.txt,GLCT,20,8,96,20,600.0,1,1.0,3,3.1,4,591.81,0.0,,,
BF_BF26_h8s20n1.txt,GLCT,20,8,96,20,600.0,1,1.0,2,2.1,4,560.37,0.0,,,
BF_BF26_h8s20n10.txt,GLCT,20,8,96,20,600.0,1,1.0,3,3.1,4,547.09,0.0,,,
BF_BF26_h8s20n11.txt,GLCT,20,8,96,20,600.0,2,2.1,3,3.1,4,590.07,0.0,,,
BF_BF26_h8s20n12.txt,GLCT,20,8,96,20,600.0,0,0.0,2,2.1,3,561.88,0.0,,,
BF_BF26_h8s20n13.txt,GLCT,20,8,96,20,600.0,0,0.0,2,2.1,3,534.51,0.0,,,
BF_BF26_h8s20n14.txt,GLCT,20,8,96,20,600.0,0,0.0,2,2.1,4,593.15,0.0,,,
BF_BF26_h8s20n15.txt,GLCT,20,8,96,20,600.0,0,0.0,1,1.0,3,541.27,0.0,,,
BF_BF26_h8s20n16.txt,GLCT,20,8,96,20,600.0,0,0.0,2,2.1,4,597.29,0.0,,,
BF_BF26_h8s20n17.txt,GLCT,20,8,96,20,600.0,0,0.0,2,2.1,4,586.58,0.0,,,
BF_BF26_h8s20n18.txt,GLCT,20,8,96,20,600.0,1,1.0,3,3.1,4,580.46,0.0,,,
BF_BF26_h8s20n19.txt,GLCT,20,8,96,20,600.0,2,2.1,4,4.2,4,593.04,0.0,,,
BF_BF26_h8s20n2.txt,GLCT,20,8,96,20,600.0,2,2.1,4,4.2,4,570.53,0.0,,,
BF_BF26_h8s20n20.txt,GLCT,20,8,96,20,600.0,1,1.0,3,3.1,4,589.48,0.0,,,
BF_BF26_h8s20n3.txt,GLCT,20,8,96,20,600.0,2,2.1,3,3.1,3,575.30,0.0,,,
BF_BF26_h8s20n4.txt,GLCT,20,8,96,20,600.0,0,0.0,3,3.1,4,585.20,0.0,,,
BF_BF26_h8s20n5.txt,GLCT,20,8,96,20,600.0,1,1.0,2,2.1,4,589.11,0.0,,,
BF_BF26_h8s20n6.txt,GLCT,20,8,96,20,600.0,1,1.0,2,2.1,3,519.77,0.0,,,
BF_BF26_h8s20n7.txt,GLCT,20,8,96,20,600.0,1,1.0,3,3.1,4,578.39,0.0,,,
BF_BF26_h8s20n8.txt,GLCT,20,8,96,20,600.0,0,0.0,2,2.1,4,587.08,0.0,,,
BF_BF26_h8s20n9.txt,GLCT,20,8,96,20,600.0,1,1.0,2,2.1,4,596.34,0.0,,,
BF_BF27_h8s20n1.txt,GLCT,20,8,96,39,600.0,1,1.0,4,4.2,4,555.02,0.0,,,
BF_BF27_h8s20n10.txt,GLCT,20,8,96,39,600.0,0,0.0,2,2.1,4,588.75,0.0,,,
BF_BF27_h8s20n11.txt,GLCT,20,8,96,39,600.0,1,1.0,5,5.2,4,596.80,0.0,,,
BF_BF27_h8s20n12.txt,GLCT,20,8,96,39,600.0,0,0.0,1,1.0,3,471.66,0.0,,,
BF_BF27_h8s20n13.txt,GLCT,20,8,96,39,600.0,0,0.0,1,1.0,3,599.16,0.0,,,
BF_BF27_h8s20n14.txt,GLCT,20,8,96,39,600.0,2,2.1,4,4.2,4,552.87,0.0,,,
BF_BF27_h8s20n15.txt,GLCT,20,8,96,39,600.0,1,1.0,2,2.1,3,571.63,0.0,,,
BF_BF27_h8s20n16.txt,GLCT,20,8,96,39,600.0,0,0.0,3,3.1,4,596.49,0.0,,,
BF_BF27_h8s20n17.txt,GLCT,20,8,96,39,600.0,1,1.0,4,4.2,4,554.21,0.0,,,
BF_BF27_h8s20n18.txt,GLCT,20,8,96,39,600.0,0,0.0,2,2.1,3,546.96,0.0,,,
BF_BF27_h8s20n19.txt,GLCT,20,8,96,39,600.0,2,2.1,2,2.1,4,596.67,0.0,,,
BF_BF27_h8s20n2.txt,GLCT,20,8,96,39,600.0,1,1.0,3,3.1,4,597.95,0.0,,,
BF_BF27_h8s20n20.txt,GLCT,20,8,96,39,600.0,1,1.0,5,5.2,4,564.21,0.0,,,
BF_BF27_h8s20n3.txt,GLCT,20,8,96,39,600.0,0,0.0,1,1.0,3,534.27,0.0,,,
BF_BF27_h8s20n4.txt,GLCT,20,8,96,39,600.0,1,1.0,2,2.1,4,595.98,0.0,,,
BF_BF27_h8s20n5.txt,GLCT,20,8,96,39,600.0,2,2.1,3,3.1,4,598.91,0.0,,,
BF_BF27_h8s20n6.txt,GLCT,20,8,96,39,600.0,2,2.1,4,4.2,4,594.25,0.0,,,
BF_BF27_h8s20n7.txt,GLCT,20,8,96,39,600.0,0,0.0,4,4.2,3,489.21,0.0,,,
BF_BF27_h8s20n8.txt,GLCT,20,8,96,39,600.0,1,1.0,1,1.0,4,548.13,0.0,,,
BF_BF27_h8s20n9.txt,GLCT,20,8,96,39,600.0,0,0.0,5,5.2,4,599.60,0.0,,,
BF_BF28_h8s20n1.txt,GLCT,20,8,96,39,600.0,1,1.0,4,4.2,3,545.10,0.0,,,
BF_BF28_h8s20n10.txt,GLCT,20,8,96,39,600.0,1,1.0,2,2.1,4,592.24,0.0,,,
BF_BF28_h8s20n11.txt,GLCT,20,8,96,39,600.0,1,1.0,4,4.2,3,536.82,0.0,,,
BF_BF28_h8s20n12.txt,GLCT,20,8,96,39,600.0,0,0.0,2,2.1,3,534.65,0.0,,,
BF_BF28_h8s20n13.txt,GLCT,20,8,96,39,600.0,1,1.0,1,1.0,3,480.48,0.0,,,
BF_BF28_h8s20n14.txt,GLCT,20,8,96,39,600.0,1,1.0,2,2.1,4,594.46,0.0,,,
BF_BF28_h8s20n15.txt,GLCT,20,8,96,39,600.0,0,0.0,1,1.0,3,570.32,0.0,,,
BF_BF28_h8s20n16.txt,GLCT,20,8,96,39,600.0,1,1.0,2,2.1,3,533.05,0.0,,,
BF_BF28_h8s20n17.txt,GLCT,20,8,96,39,600.0,1,1.0,2,2.1,3,592.77,0.0,,,
BF_BF28_h8s20n18.txt,GLCT,20,8,96,39,600.0,0,0.0,1,1.0,3,567.94,0.0,,,
BF_BF28_h8s20n19.txt,GLCT,20,8,96,39,600.0,0,0.0,2,2.1,4,591.44,0.0,,,
BF_BF28_h8s20n2.txt,GLCT,20,8,96,39,600.0,0,0.0,2,2.1,4,595.73,0.0,,,
BF_BF28_h8s20n20.txt,GLCT,20,8,96,39,600.0,0,0.0,1,1.0,3,596.00,0.0,,,
BF_BF28_h8s20n3.txt,GLCT,20,8,96,39,600.0,0,0.0,1,1.0,4,587.65,0.0,,,
BF_BF28_h8s20n4.txt,GLCT,20,8,96,39,600.0,0,0.0,1,1.0,3,502.39,0.0,,,
BF_BF28_h8s20n5.txt,GLCT,20,8,96,39,600.0,0,0.0,1,1.0,4,583.99,0.0,,,
BF_BF28_h8s20n6.txt,GLCT,20,8,96,39,600.0,0,0.0,2,2.1,3,512.08,0.0,,,
BF_BF28_h8s20n7.txt,GLCT,20,8,96,39,600.0,0,0.0,1,1.0,4,598.44,0.0,,,
BF_BF28_h8s20n8.txt,GLCT,20,8,96,39,600.0,0,0.0,1,1.0,4,599.26,0.0,,,
BF_BF28_h8s20n9.txt,GLCT,20,8,96,39,600.0,0,0.0,1,1.0,3,517.80,0.0,,,
BF_BF29_h8s20n1.txt,GLCT,20,8,128,26,600.0,1,0.8,3,2.3,4,540.14,0.0,,,
BF_BF29_h8s20n10.txt,GLCT,20,8,128,26,600.0,0,0.0,2,1.6,5,598.25,0.0,,,
BF_BF29_h8s20n11.txt,GLCT,20,8,128,26,600.0,1,0.8,2,1.6,5,596.06,0.0,,,
BF_BF29_h8s20n12.txt,GLCT,20,8,128,26,600.0,0,0.0,2,1.6,5,598.46,0.0,,,
BF_BF29_h8s20n13.txt,GLCT,20,8,128,26,600.0,1,0.8,4,3.1,5,594.42,0.0,,,
BF_BF29_h8s20n14.txt,GLCT,20,8,128,26,600.0,1,0.8,3,2.3,4,589.61,0.0,,,
BF_BF29_h8s20n15.txt,GLCT,20,8,128,26,600.0,2,1.6,4,3.1,5,586.09,0.0,,,
BF_BF29_h8s20n16.txt,GLCT,20,8,128,26,600.0,0,0.0,2,1.6,5,571.43,0.0,,,
BF_BF29_h8s20n17.txt,GLCT,20,8,128,26,600.0,0,0.0,2,1.6,5,598.83,0.0,,,
BF_BF29_h8s20n18.txt,GLCT,20,8,128,26,600.0,2,1.6,4,3.1,4,504.22,0.0,,,
BF_BF29_h8s20n19.txt,GLCT,20,8,128,26,600.0,2,1.6,3,2.3,5,594.13,0.0,,,
BF_BF29_h8s20n2.txt,GLCT,20,8,128,26,600.0,0,0.0,1,0.8,4,596.69,0.0,,,
BF_BF29_h8s20n20.txt,GLCT,20,8,128,26,600.0,0,0.0,2,1.6,4,581.85,0.0,,,
BF_BF29_h8s20n3.txt,GLCT,20,8,128,26,600.0,0,0.0,2,1.6,4,588.08,0.0,,,
BF_BF29_h8s20n4.txt,GLCT,20,8,128,26,600.0,2,1.6,4,3.1,5,595.96,0.0,,,
BF_BF29_h8s20n5.txt,GLCT,20,8,128,26,600.0,2,1.6,3,2.3,5,588.18,0.0,,,
BF_BF29_h8s20n6.txt,GLCT,20,8,128,26,600.0,0,0.0,3,2.3,4,560.23,0.0,,,
BF_BF29_h8s20n7.txt,GLCT,20,8,128,26,600.0,0,0.0,2,1.6,5,580.73,0.0,,,
BF_BF29_h8s20n8.txt,GLCT,20,8,128,26,600.0,1,0.8,3,2.3,5,542.30,0.0,,,
BF_BF29_h8s20n9.txt,GLCT,20,8,128,26,600.0,2,1.6,4,3.1,5,563.11,0.0,,,
BF_BF2_h5s16n1.txt,GLCT,16,5,48,10,600.0,1,2.1,4,8.3,5,596.78,0.0,,,
BF_BF2_h5s16n10.txt,GLCT,16,5,48,10,600.0,2,4.2,4,8.3,5,593.47,0.0,,,
BF_BF2_h5s16n11.txt,GLCT,16,5,48,10,600.0,2,4.2,4,8.3,4,509.67,0.0,,,
BF_BF2_h5s16n12.txt,GLCT,16,5,48,10,600.0,1,2.1,3,6.2,5,594.25,0.0,,,
BF_BF2_h5s16n13.txt,GLCT,16,5,48,10,600.0,1,2.1,3,6.2,4,488.90,0.0,,,
BF_BF2_h5s16n14.txt,GLCT,16,5,48,10,600.0,1,2.1,3,6.2,5,597.68,0.0,,,
BF_BF2_h5s16n15.txt,GLCT,16,5,48,10,600.0,1,2.1,3,6.2,4,598.19,0.0,,,
BF_BF2_h5s16n16.txt,GLCT,16,5,48,10,600.0,0,0.0,3,6.2,5,598.98,0.0,,,
BF_BF2_h5s16n17.txt,GLCT,16,5,48,10,600.0,2,4.2,5,10.4,4,542.51,0.0,,,
BF_BF2_h5s16n18.txt,GLCT,16,5,48,10,600.0,1,2.1,3,6.2,4,492.26,0.0,,,
BF_BF2_h5s16n19.txt,GLCT,16,5,48,10,600.0,0,0.0,4,8.3,4,505.97,0.0,,,
BF_BF2_h5s16n2.txt,GLCT,16,5,48,10,600.0,1,2.1,3,6.2,5,590.27,0.0,,,
BF_BF2_h5s16n20.txt,GLCT,16,5,48,10,600.0,1,2.1,5,10.4,5,573.06,0.0,,,
BF_BF2_h5s16n3.txt,GLCT,16,5,48,10,600.0,1,2.1,3,6.2,5,597.08,0.0,,,
BF_BF2_h5s16n4.txt,GLCT,16,5,48,10,600.0,2,4.2,4,8.3,5,591.41,0.0,,,
BF_BF2_h5s16n5.txt,GLCT,16,5,48,10,600.0,1,2.1,5,10.4,4,501.22,0.0,,,
BF_BF2_h5s16n6.txt,GLCT,16,5,48,10,600.0,1,2.1,2,4.2,5,599.90,0.0,,,
BF_BF2_h5s16n7.txt,GLCT,16,5,48,10,600.0,4,8.3,7,14.6,5,591.28,0.0,,,
BF_BF2_h5s16n8.txt,GLCT,16,5,48,10,600.0,0,0.0,3,6.2,5,582.86,0.0,,,
BF_BF2_h5s16n9.txt,GLCT,16,5,48,10,600.0,1,2.1,4,8.3,5,590.70,0.0,,,
BF_BF30_h8s20n1.txt,GLCT,20,8,128,26,600.0,1,0.8,3,2.3,5,599.80,0.0,,,
BF_BF30_h8s20n10.txt,GLCT,20,8,128,26,600.0,0,0.0,2,1.6,5,588.23,0.0,,,
BF_BF30_h8s20n11.txt,GLCT,20,8,128,26,600.0,2,1.6,3,2.3,4,522.42,0.0,,,
BF_BF30_h8s20n12.txt,GLCT,20,8,128,26,600.0,0,0.0,1,0.8,4,591.44,0.0,,,
BF_BF30_h8s20n13.txt,GLCT,20,8,128,26,600.0,1,0.8,3,2.3,4,582.02,0.0,,,
BF_BF30_h8s20n14.txt,GLCT,20,8,128,26,600.0,1,0.8,1,0.8,4,598.21,0.0,,,
BF_BF30_h8s20n15.txt,GLCT,20,8,128,26,600.0,1,0.8,2,1.6,4,581.03,0.0,,,
BF_BF30_h8s20n16.txt,GLCT,20,8,128,26,600.0,1,0.8,3,2.3,4,553.25,0.0,,,
BF_BF30_h8s20n17.txt,GLCT,20,8,128,26,600.0,1,0.8,2,1.6,4,543.11,0.0,,,
BF_BF30_h8s20n18.txt,GLCT,20,8,128,26,600.0,1,0.8,1,0.8,4,589.41,0.0,,,
BF_BF30_h8s20n19.txt,GLCT,20,8,128,26,600.0,0,0.0,2,1.6,4,579.76,0.0,,,
BF_BF30_h8s20n2.txt,GLCT,20,8,128,26,600.0,1,0.8,2,1.6,4,564.09,0.0,,,
BF_BF30_h8s20n20.txt,GLCT,20,8,128,26,600.0,2,1.6,3,2.3,3,513.96,0.0,,,
BF_BF30_h8s20n3.txt,GLCT,20,8,128,26,600.0,1,0.8,3,2.3,4,555.28,0.0,,,
BF_BF30_h8s20n4.txt,GLCT,20,8,128,26,600.0,1,0.8,3,2.3,4,590.52,0.0,,,
BF_BF30_h8s20n5.txt,GLCT,20,8,128,26,600.0,1,0.8,2,1.6,4,598.20,0.0,,,
BF_BF30_h8s20n6.txt,GLCT,20,8,128,26,600.0,0,0.0,2,1.6,4,552.82,0.0,,,
BF_BF30_h8s20n7.txt,GLCT,20,8,128,26,600.0,2,1.6,2,1.6,4,584.98,0.0,,,
BF_BF30_h8s20n8.txt,GLCT,20,8,128,26,600.0,1,0.8,2,1.6,4,509.41,0.0,,,
BF_BF30_h8s20n9.txt,GLCT,20,8,128,26,600.0,3,2.3,4,3.1,3,580.28,0.0,,,
BF_BF31_h8s20n1.txt,GLCT,20,8,128,52,600.0,0,0.0,1,0.8,4,543.22,0.0,,,
BF_BF31_h8s20n10.txt,GLCT,20,8,128,52,600.0,0,0.0,1,0.8,4,481.71,0.0,,,
BF_BF31_h8s20n11.txt,GLCT,20,8,128,52,600.0,0,0.0,1,0.8,5,588.76,0.0,,,
BF_BF31_h8s20n12.txt,GLCT,20,8,128,52,600.0,1,0.8,3,2.3,4,593.39,0.0,,,
BF_BF31_h8s20n13.txt,GLCT,20,8,128,52,600.0,1,0.8,2,1.6,5,583.12,0.0,,,
BF_BF31_h8s20n14.txt,GLCT,20,8,128,52,600.0,0,0.0,1,0.8,4,500.19,0.0,,,
BF_BF31_h8s20n15.txt,GLCT,20,8,128,52,600.0,0,0.0,3,2.3,4,536.78,0.0,,,
BF_BF31_h8s20n16.txt,GLCT,20,8,128,52,600.0,2,1.6,3,2.3,5,563.66,0.0,,,
BF_BF31_h8s20n17.txt,GLCT,20,8,128,52,600.0,0,0.0,1,0.8,5,593.18,0.0,,,
BF_BF31_h8s20n18.txt,GLCT,20,8,128,52,600.0,0,0.0,1,0.8,5,590.37,0.0,,,
BF_BF31_h8s20n19.txt,GLCT,20,8,128,52,600.0,0,0.0,1,0.8,4,593.71,0.0,,,
BF_BF31_h8s20n2.txt,GLCT,20,8,128,52,600.0,3,2.3,4,3.1,4,593.95,0.0,,,
BF_BF31_h8s20n20.txt,GLCT,20,8,128,52,600.0,0,0.0,1,0.8,4,503.97,0.0,,,
BF_BF31_h8s20n3.txt,GLCT,20,8,128,52,600.0,3,2.3,4,3.1,4,484.15,0.0,,,
BF_BF31_h8s20n4.txt,GLCT,20,8,128,52,600.0,2,1.6,3,2.3,4,574.11,0.0,,,
BF_BF31_h8s20n5.txt,GLCT,20,8,128,52,600.0,0,0.0,2,1.6,4,527.10,0.0,,,
BF_BF31_h8s20n6.txt,GLCT,20,8,128,52,600.0,1,0.8,1,0.8,4,571.07,0.0,,,
BF_BF31_h8s20n7.txt,GLCT,20,8,128,52,600.0,0,0.0,2,1.6,5,564.46,0.0,,,
BF_BF31_h8s20n8.txt,GLCT,20,8,128,52,600.0,0,0.0,1,0.8,5,539.66,0.0,,,
BF_BF31_h8s20n9.txt,GLCT,20,8,128,52,600.0,1,0.8,3,2.3,4,581.32,0.0,,,
BF_BF32_h8s20n1.txt,GLCT,20,8,128,52,600.0,0,0.0,1,0.8,4,599.84,0.0,,,
BF_BF32_h8s20n10.txt,GLCT,20,8,128,52,600.0,0,0.0,1,0.8,4,537.46,0.0,,,
BF_BF32_h8s20n11.txt,GLCT,20,8,128,52,600.0,0,0.0,1,0.8,4,556.42,0.0,,,
BF_BF32_h8s20n12.txt,GLCT,20,8,128,52,600.0,1,0.8,1,0.8,3,470.58,0.0,,,
BF_BF32_h8s20n13.txt,GLCT,20,8,128,52,600.0,1,0.8,1,0.8,4,512.92,0.0,,,
BF_BF32_h8s20n14.txt,GLCT,20,8,128,52,600.0,0,0.0,0,0.0,5,595.22,0.0,,,
BF_BF32_h8s20n15.txt,GLCT,20,8,128,52,600.0,0,0.0,0,0.0,4,583.08,0.0,,,
BF_BF32_h8s20n16.txt,GLCT,20,8,128,52,600.0,1,0.8,2,1.6,4,525.99,0.0,,,
BF_BF32_h8s20n17.txt,GLCT,20,8,128,52,600.0,0,0.0,1,0.8,4,532.50,0.0,,,
BF_BF32_h8s20n18.txt,GLCT,20,8,128,52,600.0,0,0.0,1,0.8,4,571.77,0.0,,,
BF_BF32_h8s20n19.txt,GLCT,20,8,128,52,600.0,1,0.8,2,1.6,4,538.76,0.0,,,
BF_BF32_h8s20n2.txt,GLCT,20,8,128,52,600.0,0,0.0,2,1.6,4,574.80,0.0,,,
BF_BF32_h8s20n20.txt,GLCT,20,8,128,52,600.0,0,0.0,1,0.8,4,591.79,0.0,,,
BF_BF32_h8s20n3.txt,GLCT,20,8,128,52,600.0,1,0.8,2,1.6,4,588.98,0.0,,,
BF_BF32_h8s20n4.txt,GLCT,20,8,128,52,600.0,1,0.8,2,1.6,5,583.63,0.0,,,
BF_BF32_h8s20n5.txt,GLCT,20,8,128,52,600.0,0,0.0,1,0.8,4,581.07,0.0,,,
BF_BF32_h8s20n6.txt,GLCT,20,8,128,52,600.0,0,0.0,3,2.3,4,579.93,0.0,,,
BF_BF32_h8s20n7.txt,GLCT,20,8,128,52,600.0,0,0.0,2,1.6,4,597.37,0.0,,,
BF_BF32_h8s20n8.txt,GLCT,20,8,128,52,600.0,0,0.0,1,0.8,4,503.74,0.0,,,
BF_BF32_h8s20n9.txt,GLCT,20,8,128,52,600.0,0,0.0,1,0.8,3,528.41,0.0,,,
BF_BF3_h5s16n1.txt,GLCT,16,5,48,20,600.0,1,2.1,2,4.2,4,560.23,0.0,,,
BF_BF3_h5s16n10.txt,GLCT,16,5,48,20,600.0,1,2.1,5,10.4,4,519.11,0.0,,,
BF_BF3_h5s16n11.txt,GLCT,16,5,48,20,600.0,0,0.0,2,4.2,5,596.44,0.0,,,
BF_BF3_h5s16n12.txt,GLCT,16,5,48,20,600.0,1,2.1,2,4.2,5,585.46,0.0,,,
BF_BF3_h5s16n13.txt,GLCT,16,5,48,20,600.0,1,2.1,4,8.3,4,585.72,0.0,,,
BF_BF3_h5s16n14.txt,GLCT,16,5,48,20,600.0,2,4.2,4,8.3,4,496.59,0.0,,,
BF_BF3_h5s16n15.txt,GLCT,16,5,48,20,600.0,0,0.0,1,2.1,5,595.84,0.0,,,
BF_BF3_h5s16n16.txt,GLCT,16,5,48,20,600.0,1,2.1,2,4.2,5,598.45,0.0,,,
BF_BF3_h5s16n17.txt,GLCT,16,5,48,20,600.0,1,2.1,3,6.2,4,507.76,0.0,,,
BF_BF3_h5s16n18.txt,GLCT,16,5,48,20,600.0,2,4.2,4,8.3,5,599.92,0.0,,,
BF_BF3_h5s16n19.txt,GLCT,16,5,48,20,600.0,1,2.1,5,10.4,4,522.57,0.0,,,
BF_BF3_h5s16n2.txt,GLCT,16,5,48,20,600.0,0,0.0,4,8.3,4,579.57,0.0,,,
BF_BF3_h5s16n20.txt,GLCT,16,5,48,20,600.0,1,2.1,2,4.2,4,497.33,0.0,,,
BF_BF3_h5s16n3.txt,GLCT,16,5,48,20,600.0,2,4.2,5,10.4,4,558.09,0.0,,,
BF_BF3_h5s16n4.txt,GLCT,16,5,48,20,600.0,1,2.1,3,6.2,4,513.85,0.0,,,
BF_BF3_h5s16n5.txt,GLCT,16,5,48,20,600.0,1,2.1,4,8.3,4,479.36,0.0,,,
BF_BF3_h5s16n6.txt,GLCT,16,5,48,20,600.0,1,2.1,4,8.3,4,549.08,0.0,,,
BF_BF3_h5s16n7.txt,GLCT,16,5,48,20,600.0,1,2.1,3,6.2,4,527.88,0.0,,,
BF_BF3_h5s16n8.txt,GLCT,16,5,48,20,600.0,0,0.0,3,6.2,4,544.24,0.0,,,
BF_BF3_h5s16n9.txt,GLCT,16,5,48,20,600.0,1,2.1,3,6.2,4,593.66,0.0,,,
BF_BF4_h5s16n1.txt,GLCT,16,5,48,20,600.0,0,0.0,3,6.2,5,585.27,0.0,,,
BF_BF4_h5s16n10.txt,GLCT,16,5,48,20,600.0,0,0.0,3,6.2,5,585.00,0.0,,,
BF_BF4_h5s16n11.txt,GLCT,16,5,48,20,600.0,0,0.0,2,4.2,4,543.96,0.0,,,
BF_BF4_h5s16n12.txt,GLCT,16,5,48,20,600.0,0,0.0,2,4.2,4,529.22,0.0,,,
BF_BF4_h5s16n13.txt,GLCT,16,5,48,20,600.0,1,2.1,4,8.3,5,599.56,0.0,,,
BF_BF4_h5s16n14.txt,GLCT,16,5,48,20,600.0,1,2.1,8,16.7,5,591.31,0.0,,,
BF_BF4_h5s16n15.txt,GLCT,16,5,48,20,600.0,0,0.0,2,4.2,5,594.44,0.0,,,
BF_BF4_h5s16n16.txt,GLCT,16,5,48,20,600.0,1,2.1,4,8.3,5,590.46,0.0,,,
BF_BF4_h5s16n17.txt,GLCT,16,5,48,20,600.0,1,2.1,4,8.3,5,576.11,0.0,,,
BF_BF4_h5s16n18.txt,GLCT,16,5,48,20,600.0,1,2.1,4,8.3,4,555.78,0.0,,,
BF_BF4_h5s16n19.txt,GLCT,16,5,48,20,600.0,1,2.1,5,10.4,4,512.47,0.0,,,
BF_BF4_h5s16n2.txt,GLCT,16,5,48,20,600.0,1,2.1,4,8.3,5,598.33,0.0,,,
BF_BF4_h5s16n20.txt,GLCT,16,5,48,20,600.0,1,2.1,5,10.4,4,569.50,0.0,,,
BF_BF4_h5s16n3.txt,GLCT,16,5,48,20,600.0,0,0.0,3,6.2,4,503.40,0.0,,,
BF_BF4_h5s16n4.txt,GLCT,16,5,48,20,600.0,0,0.0,1,2.1,4,507.09,0.0,,,
BF_BF4_h5s16n5.txt,GLCT,16,5,48,20,600.0,0,0.0,1,2.1,4,588.60,0.0,,,
BF_BF4_h5s16n6.txt,GLCT,16,5,48,20,600.0,2,4.2,4,8.3,4,564.26,0.0,,,
BF_BF4_h5s16n7.txt,GLCT,16,5,48,20,600.0,0,0.0,3,6.2,5,589.88,0.0,,,
BF_BF4_h5s16n8.txt,GLCT,16,5,48,20,600.0,0,0.0,1,2.1,4,597.93,0.0,,,
BF_BF4_h5s16n9.txt,GLCT,16,5,48,20,600.0,0,0.0,1,2.1,4,533.27,0.0,,,
BF_BF5_h5s16n1.txt,GLCT,16,5,64,13,600.0,1,1.6,2,3.1,5,576.86,0.0,,,
BF_BF5_h5s16n10.txt,GLCT,16,5,64,13,600.0,1,1.6,7,10.9,5,588.90,0.0,,,
BF_BF5_h5s16n11.txt,GLCT,16,5,64,13,600.0,1,1.6,4,6.2,5,553.24,0.0,,,
BF_BF5_h5s16n12.txt,GLCT,16,5,64,13,600.0,1,1.6,6,9.4,5,529.47,0.0,,,
BF_BF5_h5s16n13.txt,GLCT,16,5,64,13,600.0,0,0.0,3,4.7,5,562.16,0.0,,,
BF_BF5_h5s16n14.txt,GLCT,16,5,64,13,600.0,2,3.1,4,6.2,5,530.26,0.0,,,
BF_BF5_h5s16n15.txt,GLCT,16,5,64,13,600.0,3,4.7,6,9.4,5,570.99,0.0,,,
BF_BF5_h5s16n16.txt,GLCT,16,5,64,13,600.0,1,1.6,3,4.7,5,599.07,0.0,,,
BF_BF5_h5s16n17.txt,GLCT,16,5,64,13,600.0,1,1.6,4,6.2,5,583.01,0.0,,,
BF_BF5_h5s16n18.txt,GLCT,16,5,64,13,600.0,1,1.6,3,4.7,5,588.04,0.0,,,
BF_BF5_h5s16n19.txt,GLCT,16,5,64,13,600.0,2,3.1,4,6.2,4,508.89,0.0,,,
BF_BF5_h5s16n2.txt,GLCT,16,5,64,13,600.0,1,1.6,2,3.1,5,567.69,0.0,,,
BF_BF5_h5s16n20.txt,GLCT,16,5,64,13,600.0,2,3.1,4,6.2,5,573.52,0.0,,,
BF_BF5_h5s16n3.txt,GLCT,16,5,64,13,600.0,2,3.1,7,10.9,5,541.33,0.0,,,
BF_BF5_h5s16n4.txt,GLCT,16,5,64,13,600.0,4,6.2,8,12.5,5,585.94,0.0,,,
BF_BF5_h5s16n5.txt,GLCT,16,5,64,13,600.0,1,1.6,4,6.2,5,598.89,0.0,,,
BF_BF5_h5s16n6.txt,GLCT,16,5,64,13,600.0,0,0.0,3,4.7,5,503.14,0.0,,,
BF_BF5_h5s16n7.txt,GLCT,16,5,64,13,600.0,0,0.0,3,4.7,5,593.13,0.0,,,
BF_BF5_h5s16n8.txt,GLCT,16,5,64,13,600.0,0,0.0,2,3.1,5,535.57,0.0,,,
BF_BF5_h5s16n9.txt,GLCT,16,5,64,13,600.0,1,1.6,6,9.4,6,589.09,0.0,,,
BF_BF6_h5s16n1.txt,GLCT,16,5,64,13,600.0,2,3.1,6,9.4,5,582.26,0.0,,,
BF_BF6_h5s16n10.txt,GLCT,16,5,64,13,600.0,1,1.6,2,3.1,4,519.81,0.0,,,
BF_BF6_h5s16n11.txt,GLCT,16,5,64,13,600.0,0,0.0,2,3.1,4,518.53,0.0,,,
BF_BF6_h5s16n12.txt,GLCT,16,5,64,13,600.0,0,0.0,2,3.1,5,599.96,0.0,,,
BF_BF6_h5s16n13.txt,GLCT,16,5,64,13,600.0,2,3.1,3,4.7,4,508.21,0.0,,,
BF_BF6_h5s16n14.txt,GLCT,16,5,64,13,600.0,1,1.6,3,4.7,5,571.00,0.0,,,
BF_BF6_h5s16n15.txt,GLCT,16,5,64,13,600.0,0,0.0,3,4.7,4,505.56,0.0,,,
BF_BF6_h5s16n16.txt,GLCT,16,5,64,13,600.0,2,3.1,4,6.2,4,528.57,0.0,,,
BF_BF6_h5s16n17.txt,GLCT,16,5,64,13,600.0,0,0.0,2,3.1,4,550.44,0.0,,,
BF_BF6_h5s16n18.txt,GLCT,16,5,64,13,600.0,0,0.0,2,3.1,5,551.53,0.0,,,
BF_BF6_h5s16n19.txt,GLCT,16,5,64,13,600.0,2,3.1,3,4.7,4,495.04,0.0,,,
BF_BF6_h5s16n2.txt,GLCT,16,5,64,13,600.0,1,1.6,3,4.7,5,566.15,0.0,,,
BF_BF6_h5s16n20.txt,GLCT,16,5,64,13,600.0,0,0.0,3,4.7,5,589.79,0.0,,,
BF_BF6_h5s16n3.txt,GLCT,16,5,64,13,600.0,2,3.1,3,4.7,4,502.25,0.0,,,
BF_BF6_h5s16n4.txt,GLCT,16,5,64,13,600.0,0,0.0,2,3.1,5,596.41,0.0,,,
BF_BF6_h5s16n5.txt,GLCT,16,5,64,13,600.0,2,3.1,4,6.2,5,594.66,0.0,,,
BF_BF6_h5s16n6.txt,GLCT,16,5,64,13,600.0,0,0.0,2,3.1,5,576.07,0.0,,,
BF_BF6_h5s16n7.txt,GLCT,16,5,64,13,600.0,0,0.0,4,6.2,5,584.09,0.0,,,
BF_BF6_h5s16n8.txt,GLCT,16,5,64,13,600.0,1,1.6,3,4.7,4,568.58,0.0,,,
BF_BF6_h5s16n9.txt,GLCT,16,5,64,13,600.0,5,7.8,6,9.4,4,505.02,0.0,,,
BF_BF7_h5s16n1.txt,GLCT,16,5,64,26,600.0,1,1.6,2,3.1,5,589.42,0.0,,,
BF_BF7_h5s16n10.txt,GLCT,16,5,64,26,600.0,2,3.1,6,9.4,5,553.43,0.0,,,
BF_BF7_h5s16n11.txt,GLCT,16,5,64,26,600.0,1,1.6,4,6.2,5,533.22,0.0,,,
BF_BF7_h5s16n12.txt,GLCT,16,5,64,26,600.0,1,1.6,4,6.2,4,542.00,0.0,,,
BF_BF7_h5s16n13.txt,GLCT,16,5,64,26,600.0,0,0.0,2,3.1,5,567.35,0.0,,,
BF_BF7_h5s16n14.txt,GLCT,16,5,64,26,600.0,1,1.6,3,4.7,5,596.56,0.0,,,
BF_BF7_h5s16n15.txt,GLCT,16,5,64,26,600.0,2,3.1,5,7.8,5,571.96,0.0,,,
BF_BF7_h5s16n16.txt,GLCT,16,5,64,26,600.0,1,1.6,2,3.1,4,516.06,0.0,,,
BF_BF7_h5s16n17.txt,GLCT,16,5,64,26,600.0,0,0.0,2,3.1,5,561.91,0.0,,,
BF_BF7_h5s16n18.txt,GLCT,16,5,64,26,600.0,3,4.7,4,6.2,4,586.59,0.0,,,
BF_BF7_h5s16n19.txt,GLCT,16,5,64,26,600.0,0,0.0,1,1.6,4,516.39,0.0,,,
BF_BF7_h5s16n2.txt,GLCT,16,5,64,26,600.0,1,1.6,5,7.8,5,558.49,0.0,,,
BF_BF7_h5s16n20.txt,GLCT,16,5,64,26,600.0,1,1.6,6,9.4,5,578.54,0.0,,,
BF_BF7_h5s16n3.txt,GLCT,16,5,64,26,600.0,1,1.6,4,6.2,5,585.42,0.0,,,
BF_BF7_h5s16n4.txt,GLCT,16,5,64,26,600.0,2,3.1,4,6.2,4,512.23,0.0,,,
BF_BF7_h5s16n5.txt,GLCT,16,5,64,26,600.0,0,0.0,2,3.1,5,595.94,0.0,,,
BF_BF7_h5s16n6.txt,GLCT,16,5,64,26,600.0,1,1.6,4,6.2,5,516.86,0.0,,,
BF_BF7_h5s16n7.txt,GLCT,16,5,64,26,600.0,1,1.6,3,4.7,5,595.88,0.0,,,
BF_BF7_h5s16n8.txt,GLCT,16,5,64,26,600.0,0,0.0,5,7.8,5,560.73,0.0,,,
BF_BF7_h5s16n9.txt,GLCT,16,5,64,26,600.0,0,0.0,6,9.4,5,589.38,0.0,,,
BF_BF8_h5s16n1.txt,GLCT,16,5,64,26,600.0,1,1.6,3,4.7,4,527.97,0.0,,,
BF_BF8_h5s16n10.txt,GLCT,16,5,64,26,600.0,0,0.0,2,3.1,5,583.48,0.0,,,
BF_BF8_h5s16n11.txt,GLCT,16,5,64,26,600.0,0,0.0,1,1.6,4,531.02,0.0,,,
BF_BF8_h5s16n12.txt,GLCT,16,5,64,26,600.0,0,0.0,1,1.6,4,498.73,0.0,,,
BF_BF8_h5s16n13.txt,GLCT,16,5,64,26,600.0,0,0.0,2,3.1,4,531.61,0.0,,,
BF_BF8_h5s16n14.txt,GLCT,16,5,64,26,600.0,0,0.0,1,1.6,4,537.40,0.0,,,
BF_BF8_h5s16n15.txt,GLCT,16,5,64,26,600.0,1,1.6,3,4.7,5,596.42,0.0,,,
BF_BF8_h5s16n16.txt,GLCT,16,5,64,26,600.0,1,1.6,2,3.1,4,533.45,0.0,,,
BF_BF8_h5s16n17.txt,GLCT,16,5,64,26,600.0,0,0.0,1,1.6,4,558.28,0.0,,,
BF_BF8_h5s16n18.txt,GLCT,16,5,64,26,600.0,1,1.6,3,4.7,4,518.73,0.0,,,
BF_BF8_h5s16n19.txt,GLCT,16,5,64,26,600.0,1,1.6,2,3.1,4,497.37,0.0,,,
BF_BF8_h5s16n2.txt,GLCT,16,5,64,26,600.0,0,0.0,4,6.2,5,599.35,0.0,,,
BF_BF8_h5s16n20.txt,GLCT,16,5,64,26,600.0,1,1.6,2,3.1,4,514.69,0.0,,,
BF_BF8_h5s16n3.txt,GLCT,16,5,64,26,600.0,1,1.6,2,3.1,4,574.72,0.3,,,
BF_BF8_h5s16n4.txt,GLCT,16,5,64,26,600.0,1,1.6,6,9.4,5,596.29,0.0,,,
BF_BF8_h5s16n5.txt,GLCT,16,5,64,26,600.0,1,1.6,5,7.8,4,530.47,0.0,,,
BF_BF8_h5s16n6.txt,GLCT,16,5,64,26,600.0,0,0.0,2,3.1,5,540.03,0.0,,,
BF_BF8_h5s16n7.txt,GLCT,16,5,64,26,600.0,2,3.1,4,6.2,5,591.97,0.0,,,
BF_BF8_h5s16n8.txt,GLCT,16,5,64,26,600.0,1,1.6,2,3.1,4,525.35,0.0,,,
BF_BF8_h5s16n9.txt,GLCT,16,5,64,26,600.0,1,1.6,2,3.1,4,484.53,0.0,,,
BF_BF9_h8s16n1.txt,GLCT,16,8,77,16,600.0,0,0.0,1,1.3,3,487.03,0.0,,,
BF_BF9_h8s16n10.txt,GLCT,16,8,77,16,600.0,1,1.3,3,3.9,4,589.74,0.0,,,
BF_BF9_h8s16n11.txt,GLCT,16,8,77,16,600.0,2,2.6,3,3.9,4,577.41,0.0,,,
BF_BF9_h8s16n12.txt,GLCT,16,8,77,16,600.0,1,1.3,2,2.6,3,541.69,0.0,,,
BF_BF9_h8s16n13.txt,GLCT,16,8,77,16,600.0,1,1.3,3,3.9,4,592.89,0.0,,,
BF_BF9_h8s16n14.txt,GLCT,16,8,77,16,600.0,2,2.6,3,3.9,4,568.91,0.0,,,
BF_BF9_h8s16n15.txt,GLCT,16,8,77,16,600.0,3,3.9,5,6.5,4,591.04,0.0,,,
BF_BF9_h8s16n16.txt,GLCT,16,8,77,16,600.0,1,1.3,3,3.9,4,576.06,0.0,,,
BF_BF9_h8s16n17.txt,GLCT,16,8,77,16,600.0,2,2.6,2,2.6,3,590.43,0.0,,,
BF_BF9_h8s16n18.txt,GLCT,16,8,77,16,600.0,3,3.9,4,5.2,4,570.85,0.0,,,
BF_BF9_h8s16n19.txt,GLCT,16,8,77,16,600.0,1,1.3,3,3.9,4,598.66,0.0,,,
BF_BF9_h8s16n2.txt,GLCT,16,8,77,16,600.0,1,1.3,2,2.6,4,595.41,0.0,,,
BF_BF9_h8s16n20.txt,GLCT,16,8,77,16,600.0,1,1.3,2,2.6,3,575.02,0.0,,,
BF_BF9_h8s16n3.txt,GLCT,16,8,77,16,600.0,1,1.3,2,2.6,4,577.42,0.0,,,
BF_BF9_h8s16n4.txt,GLCT,16,8,77,16,600.0,1,1.3,2,2.6,4,576.70,0.0,,,
BF_BF9_h8s16n5.txt,GLCT,16,8,77,16,600.0,3,3.9,3,3.9,4,579.13,0.0,,,
BF_BF9_h8s16n6.txt,GLCT,16,8,77,16,600.0,1,1.3,3,3.9,4,569.51,0.0,,,
BF_BF9_h8s16n7.txt,GLCT,16,8,77,16,600.0,1,1.3,3,3.9,4,589.21,0.0,,,
BF_BF9_h8s16n8.txt,GLCT,16,8,77,16,600.0,4,5.2,6,7.8,4,549.70,0.0,,,
BF_BF9_h8s16n9.txt,GLCT,16,8,77,16,600.0,1,1.3,4,5.2,4,583.41,0.0,,,
BF_BF10_h8s16n1.txt,GLCT,16,8,77,16,900.0,0,0.0,3,3.9,6,875.34,0.0,,,
BF_BF10_h8s16n10.txt,GLCT,16,8,77,16,900.0,2,2.6,5,6.5,6,886.76,0.0,,,
BF_BF10_h8s16n11.txt,GLCT,16,8,77,16,900.0,2,2.6,4,5.2,6,862.25,0.0,,,
BF_BF10_h8s16n12.txt,GLCT,16,8,77,16,900.0,1,1.3,4,5.2,6,897.25,0.0,,,
BF_BF10_h8s16n13.txt,GLCT,16,8,77,16,900.0,1,1.3,3,3.9,6,856.42,0.0,,,
BF_BF10_h8s16n14.txt,GLCT,16,8,77,16,900.0,1,1.3,4,5.2,6,853.66,0.0,,,
BF_BF10_h8s16n15.txt,GLCT,16,8,77,16,900.0,2,2.6,3,3.9,6,895.44,0.0,,,
BF_BF10_h8s16n16.txt,GLCT,16,8,77,16,900.0,0,0.0,2,2.6,5,812.78,0.0,,,
BF_BF10_h8s16n17.txt,GLCT,16,8,77,16,900.0,0,0.0,2,2.6,6,829.42,0.0,,,
BF_BF10_h8s16n18.txt,GLCT,16,8,77,16,900.0,1,1.3,3,3.9,5,841.96,0.0,,,
BF_BF10_h8s16n19.txt,GLCT,16,8,77,16,900.0,0,0.0,2,2.6,6,859.79,0.0,,,
BF_BF10_h8s16n2.txt,GLCT,16,8,77,16,900.0,2,2.6,4,5.2,6,898.51,0.0,,,
BF_BF10_h8s16n20.txt,GLCT,16,8,77,16,900.0,0,0.0,3,3.9,6,855.24,0.0,,,
BF_BF10_h8s16n3.txt,GLCT,16,8,77,16,900.0,2,2.6,7,9.1,6,881.68,0.0,,,
BF_BF10_h8s16n4.txt,GLCT,16,8,77,16,900.0,0,0.0,3,3.9,6,864.78,0.0,,,
BF_BF10_h8s16n5.txt,GLCT,16,8,77,16,900.0,1,1.3,3,3.9,5,819.59,0.0,,,
BF_BF10_h8s16n6.txt,GLCT,16,8,77,16,900.0,1,1.3,4,5.2,6,897.99,0.0,,,
BF_BF10_h8s16n7.txt,GLCT,16,8,77,16,900.0,0,0.0,2,2.6,5,846.62,0.0,,,
BF_BF10_h8s16n8.txt,GLCT,16,8,77,16,900.0,1,1.3,2,2.6,6,893.89,0.0,,,
BF_BF10_h8s16n9.txt,GLCT,16,8,77,16,900.0,2,2.6,4,5.2,6,884.59,0.0,,,
BF_BF11_h8s16n1.txt,GLCT,16,8,77,31,900.0,0,0.0,2,2.6,5,897.65,0.0,,,
BF_BF11_h8s16n10.txt,GLCT,16,8,77,31,900.0,0,0.0,0,0.0,5,787.35,0.0,,,
BF_BF11_h8s16n11.txt,GLCT,16,8,77,31,900.0,0,0.0,1,1.3,6,898.53,0.0,,,
BF_BF11_h8s16n12.txt,GLCT,16,8,77,31,900.0,0,0.0,1,1.3,6,896.90,0.0,,,
BF_BF11_h8s16n13.txt,GLCT,16,8,77,31,900.0,0,0.0,1,1.3,5,836.69,0.0,,,
BF_BF11_h8s16n14.txt,GLCT,16,8,77,31,900.0,0,0.0,4,5.2,6,792.46,0.0,,,
BF_BF11_h8s16n15.txt,GLCT,16,8,77,31,900.0,1,1.3,3,3.9,6,848.98,0.0,,,
BF_BF11_h8s16n16.txt,GLCT,16,8,77,31,900.0,0,0.0,3,3.9,5,837.17,0.0,,,
BF_BF11_h8s16n17.txt,GLCT,16,8,77,31,900.0,2,2.6,2,2.6,6,827.71,0.0,,,
BF_BF11_h8s16n18.txt,GLCT,16,8,77,31,900.0,0,0.0,3,3.9,6,812.91,0.0,,,
BF_BF11_h8s16n19.txt,GLCT,16,8,77,31,900.0,0,0.0,2,2.6,6,835.84,0.0,,,
BF_BF11_h8s16n2.txt,GLCT,16,8,77,31,900.0,1,1.3,2,2.6,5,897.45,0.0,,,
BF_BF11_h8s16n20.txt,GLCT,16,8,77,31,900.0,1,1.3,5,6.5,6,839.08,0.0,,,
BF_BF11_h8s16n3.txt,GLCT,16,8,77,31,900.0,1,1.3,4,5.2,5,821.75,0.0,,,
BF_BF11_h8s16n4.txt,GLCT,16,8,77,31,900.0,0,0.0,1,1.3,5,809.41,0.0,,,
BF_BF11_h8s16n5.txt,GLCT,16,8,77,31,900.0,0,0.0,5,6.5,5,861.37,0.0,,,
BF_BF11_h8s16n6.txt,GLCT,16,8,77,31,900.0,0,0.0,3,3.9,5,842.62,0.0,,,
BF_BF11_h8s16n7.txt,GLCT,16,8,77,31,900.0,0,0.0,3,3.9,5,897.45,0.0,,,
BF_BF11_h8s16n8.txt,GLCT,16,8,77,31,900.0,0,0.0,1,1.3,6,873.97,0.0,,,
BF_BF11_h8s16n9.txt,GLCT,16,8,77,31,900.0,0,0.0,1,1.3,6,795.18,0.0,,,
BF_BF12_h8s16n1.txt,GLCT,16,8,77,31,900.0,0,0.0,1,1.3,5,892.43,0.0,,,
BF_BF12_h8s16n10.txt,GLCT,16,8,77,31,900.0,0,0.0,3,3.9,5,869.26,0.0,,,
BF_BF12_h8s16n11.txt,GLCT,16,8,77,31,900.0,0,0.0,0,0.0,5,870.61,0.0,,,
BF_BF12_h8s16n12.txt,GLCT,16,8,77,31,900.0,0,0.0,3,3.9,5,797.59,0.0,,,
BF_BF12_h8s16n13.txt,GLCT,16,8,77,31,900.0,0,0.0,1,1.3,5,796.93,0.0,,,
BF_BF12_h8s16n14.txt,GLCT,16,8,77,31,900.0,0,0.0,3,3.9,6,863.16,0.0,,,
BF_BF12_h8s16n15.txt,GLCT,16,8,77,31,900.0,0,0.0,2,2.6,6,842.76,0.0,,,
BF_BF12_h8s16n16.txt,GLCT,16,8,77,31,900.0,2,2.6,4,5.2,5,892.65,0.0,,,
BF_BF12_h8s16n17.txt,GLCT,16,8,77,31,900.0,0,0.0,1,1.3,6,899.61,0.0,,,
BF_BF12_h8s16n18.txt,GLCT,16,8,77,31,900.0,1,1.3,3,3.9,6,847.67,0.0,,,
BF_BF12_h8s16n19.txt,GLCT,16,8,77,31,900.0,1,1.3,3,3.9,5,841.88,0.0,,,
BF_BF12_h8s16n2.txt,GLCT,16,8,77,31,900.0,1,1.3,1,1.3,5,780.69,0.0,,,
BF_BF12_h8s16n20.txt,GLCT,16,8,77,31,900.0,1,1.3,2,2.6,5,782.44,0.0,,,
BF_BF12_h8s16n3.txt,GLCT,16,8,77,31,900.0,2,2.6,5,6.5,6,894.69,0.0,,,
BF_BF12_h8s16n4.txt,GLCT,16,8,77,31,900.0,3,3.9,4,5.2,5,882.40,0.0,,,
BF_BF12_h8s16n5.txt,GLCT,16,8,77,31,900.0,0,0.0,1,1.3,5,839.10,0.0,,,
BF_BF12_h8s16n6.txt,GLCT,16,8,77,31,900.0,1,1.3,5,6.5,5,806.73,0.0,,,
BF_BF12_h8s16n7.txt,GLCT,16,8,77,31,900.0,0,0.0,3,3.9,5,839.19,0.0,,,
BF_BF12_h8s16n8.txt,GLCT,16,8,77,31,900.0,0,0.0,1,1.3,6,884.19,0.0,,,
BF_BF12_h8s16n9.txt,GLCT,16,8,77,31,900.0,0,0.0,1,1.3,5,804.31,0.0,,,
BF_BF13_h8s16n1.txt,GLCT,16,8,103,21,900.0,1,1.0,3,2.9,7,817.56,0.0,,,
BF_BF13_h8s16n10.txt,GLCT,16,8,103,21,900.0,2,1.9,3,2.9,7,860.70,0.0,,,
BF_BF13_h8s16n11.txt,GLCT,16,8,103,21,900.0,0,0.0,2,1.9,6,849.39,0.0,,,
BF_BF13_h8s16n12.txt,GLCT,16,8,103,21,900.0,1,1.0,6,5.8,8,881.41,0.0,,,
BF_BF13_h8s16n13.txt,GLCT,16,8,103,21,900.0,0,0.0,2,1.9,7,886.66,0.0,,,
BF_BF13_h8s16n14.txt,GLCT,16,8,103,21,900.0,0,0.0,2,1.9,8,881.43,0.0,,,
BF_BF13_h8s16n15.txt,GLCT,16,8,103,21,900.0,0,0.0,3,2.9,7,838.37,0.0,,,
BF_BF13_h8s16n16.txt,GLCT,16,8,103,21,900.0,1,1.0,4,3.9,7,829.50,0.0,,,
BF_BF13_h8s16n17.txt,GLCT,16,8,103,21,900.0,0,0.0,3,2.9,7,865.15,0.0,,,
BF_BF13_h8s16n18.txt,GLCT,16,8,103,21,900.0,0,0.0,3,2.9,7,872.02,0.0,,,
BF_BF13_h8s16n19.txt,GLCT,16,8,103,21,900.0,1,1.0,2,1.9,6,829.69,0.0,,,
BF_BF13_h8s16n2.txt,GLCT,16,8,103,21,900.0,1,1.0,2,1.9,7,834.30,0.0,,,
BF_BF13_h8s16n20.txt,GLCT,16,8,103,21,900.0,0,0.0,3,2.9,6,825.92,0.0,,,
BF_BF13_h8s16n3.txt,GLCT,16,8,103,21,900.0,1,1.0,4,3.9,7,899.42,0.0,,,
BF_BF13_h8s16n4.txt,GLCT,16,8,103,21,900.0,2,1.9,4,3.9,6,890.53,0.0,,,
BF_BF13_h8s16n5.txt,GLCT,16,8,103,21,900.0,2,1.9,3,2.9,7,879.38,0.0,,,
BF_BF13_h8s16n6.txt,GLCT,16,8,103,21,900.0,1,1.0,4,3.9,7,837.83,0.0,,,
BF_BF13_h8s16n7.txt,GLCT,16,8,103,21,900.0,0,0.0,2,1.9,7,834.61,0.0,,,
BF_BF13_h8s16n8.txt,GLCT,16,8,103,21,900.0,2,1.9,3,2.9,6,883.81,0.0,,,
BF_BF13_h8s16n9.txt,GLCT,16,8,103,21,900.0,0,0.0,4,3.9,6,892.11,0.0,,,
BF_BF14_h8s16n1.txt,GLCT,16,8,103,21,900.0,2,1.9,8,7.8,7,837.76,0.0,,,
BF_BF14_h8s16n10.txt,GLCT,16,8,103,21,900.0,1,1.0,3,2.9,7,885.18,0.0,,,
BF_BF14_h8s16n11.txt,GLCT,16,8,103,21,900.0,0,0.0,3,2.9,7,898.10,0.0,,,
BF_BF14_h8s16n12.txt,GLCT,16,8,103,21,900.0,1,1.0,5,4.9,7,898.10,0.0,,,
BF_BF14_h8s16n13.txt,GLCT,16,8,103,21,900.0,0,0.0,2,1.9,8,887.98,0.0,,,
BF_BF14_h8s16n14.txt,GLCT,16,8,103,21,900.0,1,1.0,3,2.9,6,863.32,0.0,,,
BF_BF14_h8s16n15.txt,GLCT,16,8,103,21,900.0,2,1.9,6,5.8,6,892.23,0.0,,,
BF_BF14_h8s16n16.txt,GLCT,16,8,103,21,900.0,0,0.0,2,1.9,7,887.76,0.0,,,
BF_BF14_h8s16n17.txt,GLCT,16,8,103,21,900.0,1,1.0,4,3.9,7,849.69,0.0,,,
BF_BF14_h8s16n18.txt,GLCT,16,8,103,21,900.0,0,0.0,2,1.9,6,871.21,0.0,,,
BF_BF14_h8s16n19.txt,GLCT,16,8,103,21,900.0,0,0.0,3,2.9,6,892.90,0.0,,,
BF_BF14_h8s16n2.txt,GLCT,16,8,103,21,900.0,1,1.0,3,2.9,7,834.48,0.0,,,
BF_BF14_h8s16n20.txt,GLCT,16,8,103,21,900.0,0,0.0,3,2.9,7,826.77,0.0,,,
BF_BF14_h8s16n3.txt,GLCT,16,8,103,21,900.0,0,0.0,4,3.9,6,876.68,0.0,,,
BF_BF14_h8s16n4.txt,GLCT,16,8,103,21,900.0,2,1.9,4,3.9,6,815.84,0.0,,,
BF_BF14_h8s16n5.txt,GLCT,16,8,103,21,900.0,2,1.9,3,2.9,6,877.19,0.0,,,
BF_BF14_h8s16n6.txt,GLCT,16,8,103,21,900.0,0,0.0,3,2.9,6,833.10,0.0,,,
BF_BF14_h8s16n7.txt,GLCT,16,8,103,21,900.0,1,1.0,3,2.9,7,887.36,0.0,,,
BF_BF14_h8s16n8.txt,GLCT,16,8,103,21,900.0,0,0.0,3,2.9,6,845.34,0.0,,,
BF_BF14_h8s16n9.txt,GLCT,16,8,103,21,900.0,1,1.0,3,2.9,7,891.59,0.0,,,
BF_BF15_h8s16n1.txt,GLCT,16,8,103,42,900.0,0,0.0,2,1.9,6,862.60,0.0,,,
BF_BF15_h8s16n10.txt,GLCT,16,8,103,42,900.0,0,0.0,1,1.0,6,877.45,0.0,,,
BF_BF15_h8s16n11.txt,GLCT,16,8,103,42,900.0,0,0.0,2,1.9,6,816.84,0.0,,,
BF_BF15_h8s16n12.txt,GLCT,16,8,103,42,900.0,1,1.0,2,1.9,7,872.18,0.0,,,
BF_BF15_h8s16n13.txt,GLCT,16,8,103,42,900.0,1,1.0,7,6.8,6,723.73,0.0,,,
BF_BF15_h8s16n14.txt,GLCT,16,8,103,42,900.0,1,1.0,8,7.8,7,881.44,0.0,,,
BF_BF15_h8s16n15.txt,GLCT,16,8,103,42,900.0,0,0.0,4,3.9,8,892.43,0.0,,,
BF_BF15_h8s16n16.txt,GLCT,16,8,103,42,900.0,0,0.0,2,1.9,6,805.88,0.0,,,
BF_BF15_h8s16n17.txt,GLCT,16,8,103,42,900.0,0,0.0,1,1.0,7,854.99,0.0,,,
BF_BF15_h8s16n18.txt,GLCT,16,8,103,42,900.0,0,0.0,1,1.0,6,800.30,0.0,,,
BF_BF15_h8s16n19.txt,GLCT,16,8,103,42,900.0,2,1.9,4,3.9,7,899.67,0.0,,,
BF_BF15_h8s16n2.txt,GLCT,16,8,103,42,900.0,1,1.0,4,3.9,7,825.01,0.0,,,
BF_BF15_h8s16n20.txt,GLCT,16,8,103,42,900.0,1,1.0,4,3.9,8,797.73,0.0,,,
BF_BF15_h8s16n3.txt,GLCT,16,8,103,42,900.0,0,0.0,2,1.9,7,889.73,0.0,,,
BF_BF15_h8s16n4.txt,GLCT,16,8,103,42,900.0,0,0.0,3,2.9,6,821.58,0.0,,,
BF_BF15_h8s16n5.txt,GLCT,16,8,103,42,900.0,0,0.0,2,1.9,6,810.04,0.0,,,
BF_BF15_h8s16n6.txt,GLCT,16,8,103,42,900.0,0,0.0,0,0.0,6,793.87,0.0,,,
BF_BF15_h8s16n7.txt,GLCT,16,8,103,42,900.0,0,0.0,4,3.9,7,870.76,0.0,,,
BF_BF15_h8s16n8.txt,GLCT,16,8,103,42,900.0,0,0.0,2,1.9,6,859.03,0.0,,,
BF_BF15_h8s16n9.txt,GLCT,16,8,103,42,900.0,1,1.0,5,4.9,6,871.26,0.0,,,
BF_BF16_h8s16n1.txt,GLCT,16,8,103,42,900.0,0,0.0,4,3.9,8,888.29,0.0,,,
BF_BF16_h8s16n10.txt,GLCT,16,8,103,42,900.0,0,0.0,1,1.0,5,816.51,0.0,,,
BF_BF16_h8s16n11.txt,GLCT,16,8,103,42,900.0,0,0.0,2,1.9,7,892.61,0.0,,,
BF_BF16_h8s16n12.txt,GLCT,16,8,103,42,900.0,0,0.0,3,2.9,7,881.41,0.0,,,
BF_BF16_h8s16n13.txt,GLCT,16,8,103,42,900.0,1,1.0,4,3.9,7,878.66,0.0,,,
BF_BF16_h8s16n14.txt,GLCT,16,8,103,42,900.0,0,0.0,2,1.9,6,788.31,0.0,,,
BF_BF16_h8s16n15.txt,GLCT,16,8,103,42,900.0,0,0.0,1,1.0,6,829.98,0.0,,,
BF_BF16_h8s16n16.txt,GLCT,16,8,103,42,900.0,1,1.0,4,3.9,6,872.31,0.0,,,
BF_BF16_h8s16n17.txt,GLCT,16,8,103,42,900.0,0,0.0,1,1.0,7,771.17,0.0,,,
BF_BF16_h8s16n18.txt,GLCT,16,8,103,42,900.0,0,0.0,2,1.9,7,823.95,0.0,,,
BF_BF16_h8s16n19.txt,GLCT,16,8,103,42,900.0,0,0.0,1,1.0,6,865.73,0.0,,,
BF_BF16_h8s16n2.txt,GLCT,16,8,103,42,900.0,0,0.0,2,1.9,7,829.92,0.0,,,
BF_BF16_h8s16n20.txt,GLCT,16,8,103,42,900.0,0,0.0,2,1.9,6,870.41,0.0,,,
BF_BF16_h8s16n3.txt,GLCT,16,8,103,42,900.0,0,0.0,0,0.0,6,825.30,0.0,,,
BF_BF16_h8s16n4.txt,GLCT,16,8,103,42,900.0,1,1.0,1,1.0,5,817.97,0.0,,,
BF_BF16_h8s16n5.txt,GLCT,16,8,103,42,900.0,0,0.0,2,1.9,6,868.86,0.0,,,
BF_BF16_h8s16n6.txt,GLCT,16,8,103,42,900.0,1,1.0,2,1.9,6,887.66,0.0,,,
BF_BF16_h8s16n7.txt,GLCT,16,8,103,42,900.0,0,0.0,0,0.0,6,860.98,0.0,,,
BF_BF16_h8s16n8.txt,GLCT,16,8,103,42,900.0,0,0.0,1,1.0,6,889.62,0.0,,,
BF_BF16_h8s16n9.txt,GLCT,16,8,103,42,900.0,0,0.0,2,1.9,6,856.90,0.0,,,
BF_BF17_h5s20n1.txt,GLCT,20,5,60,12,900.0,1,1.7,4,6.7,7,871.80,0.0,,,
BF_BF17_h5s20n10.txt,GLCT,20,5,60,12,900.0,1,1.7,13,21.7,7,846.58,0.0,,,
BF_BF17_h5s20n11.txt,GLCT,20,5,60,12,900.0,0,0.0,4,6.7,6,873.68,0.0,,,
BF_BF17_h5s20n12.txt,GLCT,20,5,60,12,900.0,2,3.3,6,10.0,7,853.78,0.0,,,
BF_BF17_h5s20n13.txt,GLCT,20,5,60,12,900.0,2,3.3,9,15.0,7,899.46,0.0,,,
BF_BF17_h5s20n14.txt,GLCT,20,5,60,12,900.0,2,3.3,8,13.3,7,860.96,0.0,,,
BF_BF17_h5s20n15.txt,GLCT,20,5,60,12,900.0,0,0.0,4,6.7,6,781.96,0.0,,,
BF_BF17_h5s20n16.txt,GLCT,20,5,60,12,900.0,1,1.7,3,5.0,6,808.40,0.0,,,
BF_BF17_h5s20n17.txt,GLCT,20,5,60,12,900.0,2,3.3,7,11.7,6,812.66,0.0,,,
BF_BF17_h5s20n18.txt,GLCT,20,5,60,12,900.0,0,0.0,3,5.0,7,828.98,0.0,,,
BF_BF17_h5s20n19.txt,GLCT,20,5,60,12,900.0,2,3.3,6,10.0,7,828.44,0.0,,,
BF_BF17_h5s20n2.txt,GLCT,20,5,60,12,900.0,3,5.0,4,6.7,6,899.36,0.0,,,
BF_BF17_h5s20n20.txt,GLCT,20,5,60,12,900.0,1,1.7,3,5.0,6,792.10,0.0,,,
BF_BF17_h5s20n3.txt,GLCT,20,5,60,12,900.0,4,6.7,10,16.7,7,892.47,0.0,,,
BF_BF17_h5s20n4.txt,GLCT,20,5,60,12,900.0,3,5.0,5,8.3,7,852.93,0.0,,,
BF_BF17_h5s20n5.txt,GLCT,20,5,60,12,900.0,2,3.3,6,10.0,6,878.33,0.0,,,
BF_BF17_h5s20n6.txt,GLCT,20,5,60,12,900.0,1,1.7,4,6.7,7,881.69,0.0,,,
BF_BF17_h5s20n7.txt,GLCT,20,5,60,12,900.0,2,3.3,4,6.7,7,891.96,0.0,,,
BF_BF17_h5s20n8.txt,GLCT,20,5,60,12,900.0,2,3.3,4,6.7,7,894.15,0.0,,,
BF_BF17_h5s20n9.txt,GLCT,20,5,60,12,900.0,1,1.7,6,10.0,7,880.03,0.0,,,
BF_BF18_h5s20n1.txt,GLCT,20,5,60,12,900.0,1,1.7,3,5.0,7,878.33,0.0,,,
BF_BF18_h5s20n10.txt,GLCT,20,5,60,12,900.0,0,0.0,3,5.0,7,897.99,0.0,,,
BF_BF18_h5s20n11.txt,GLCT,20,5,60,12,900.0,0,0.0,3,5.0,6,881.75,0.0,,,
BF_BF18_h5s20n12.txt,GLCT,20,5,60,12,900.0,1,1.7,6,10.0,7,882.84,0.0,,,
BF_BF18_h5s20n13.txt,GLCT,20,5,60,12,900.0,3,5.0,7,11.7,7,839.07,0.0,,,
BF_BF18_h5s20n14.txt,GLCT,20,5,60,12,900.0,1,1.7,7,11.7,7,838.80,0.0,,,
BF_BF18_h5s20n15.txt,GLCT,20,5,60,12,900.0,0,0.0,4,6.7,7,864.95,0.0,,,
BF_BF18_h5s20n16.txt,GLCT,20,5,60,12,900.0,1,1.7,5,8.3,6,848.12,0.0,,,
BF_BF18_h5s20n17.txt,GLCT,20,5,60,12,900.0,1,1.7,3,5.0,6,884.86,0.0,,,
BF_BF18_h5s20n18.txt,GLCT,20,5,60,12,900.0,1,1.7,4,6.7,7,889.66,0.0,,,
BF_BF18_h5s20n19.txt,GLCT,20,5,60,12,900.0,3,5.0,6,10.0,7,896.54,0.0,,,
BF_BF18_h5s20n2.txt,GLCT,20,5,60,12,900.0,3,5.0,11,18.3,7,850.53,0.0,,,
BF_BF18_h5s20n20.txt,GLCT,20,5,60,12,900.0,2,3.3,5,8.3,7,895.06,0.0,,,
BF_BF18_h5s20n3.txt,GLCT,20,5,60,12,900.0,0,0.0,3,5.0,6,868.62,0.0,,,
BF_BF18_h5s20n4.txt,GLCT,20,5,60,12,900.0,2,3.3,4,6.7,6,815.64,0.0,,,
BF_BF18_h5s20n5.txt,GLCT,20,5,60,12,900.0,3,5.0,6,10.0,7,897.01,0.0,,,
BF_BF18_h5s20n6.txt,GLCT,20,5,60,12,900.0,0,0.0,7,11.7,7,866.73,0.0,,,
BF_BF18_h5s20n7.txt,GLCT,20,5,60,12,900.0,1,1.7,4,6.7,6,828.74,0.0,,,
BF_BF18_h5s20n8.txt,GLCT,20,5,60,12,900.0,2,3.3,6,10.0,6,820.89,0.0,,,
BF_BF18_h5s20n9.txt,GLCT,20,5,60,12,900.0,2,3.3,9,15.0,7,895.35,0.0,,,
BF_BF19_h5s20n1.txt,GLCT,20,5,60,24,900.0,1,1.7,4,6.7,6,885.03,0.0,,,
BF_BF19_h5s20n10.txt,GLCT,20,5,60,24,900.0,1,1.7,6,10.0,7,885.69,0.0,,,
BF_BF19_h5s20n11.txt,GLCT,20,5,60,24,900.0,1,1.7,9,15.0,7,879.25,0.0,,,
BF_BF19_h5s20n12.txt,GLCT,20,5,60,24,900.0,0,0.0,5,8.3,7,893.27,0.0,,,
BF_BF19_h5s20n13.txt,GLCT,20,5,60,24,900.0,0,0.0,1,1.7,7,896.42,0.0,,,
BF_BF19_h5s20n14.txt,GLCT,20,5,60,24,900.0,0,0.0,5,8.3,7,899.66,0.0,,,
BF_BF19_h5s20n15.txt,GLCT,20,5,60,24,900.0,0,0.0,3,5.0,6,822.61,0.0,,,
BF_BF19_h5s20n16.txt,GLCT,20,5,60,24,900.0,3,5.0,7,11.7,6,893.42,0.0,,,
BF_BF19_h5s20n17.txt,GLCT,20,5,60,24,900.0,0,0.0,3,5.0,7,846.24,0.0,,,
BF_BF19_h5s20n18.txt,GLCT,20,5,60,24,900.0,1,1.7,7,11.7,6,837.56,0.0,,,
BF_BF19_h5s20n19.txt,GLCT,20,5,60,24,900.0,1,1.7,5,8.3,7,858.89,0.0,,,
BF_BF19_h5s20n2.txt,GLCT,20,5,60,24,900.0,0,0.0,6,10.0,7,876.69,0.0,,,
BF_BF19_h5s20n20.txt,GLCT,20,5,60,24,900.0,2,3.3,5,8.3,7,892.29,0.0,,,
BF_BF19_h5s20n3.txt,GLCT,20,5,60,24,900.0,1,1.7,6,10.0,7,895.87,0.0,,,
BF_BF19_h5s20n4.txt,GLCT,20,5,60,24,900.0,1,1.7,12,20.0,7,837.51,0.0,,,
BF_BF19_h5s20n5.txt,GLCT,20,5,60,24,900.0,0,0.0,3,5.0,6,785.85,0.0,,,
BF_BF19_h5s20n6.txt,GLCT,20,5,60,24,900.0,2,3.3,7,11.7,6,865.22,0.0,,,
BF_BF19_h5s20n7.txt,GLCT,20,5,60,24,900.0,1,1.7,2,3.3,6,836.33,0.0,,,
BF_BF19_h5s20n8.txt,GLCT,20,5,60,24,900.0,1,1.7,9,15.0,6,814.78,0.0,,,
BF_BF19_h5s20n9.txt,GLCT,20,5,60,24,900.0,3,5.0,6,10.0,6,897.74,0.0,,,
BF_BF1_h5s16n1.txt,GLCT,16,5,48,10,900.0,2,4.2,7,14.6,7,878.55,0.0,,,
BF_BF1_h5s16n10.txt,GLCT,16,5,48,10,900.0,3,6.2,9,18.8,7,833.27,0.0,,,
BF_BF1_h5s16n11.txt,GLCT,16,5,48,10,900.0,2,4.2,4,8.3,6,809.45,0.0,,,
BF_BF1_h5s16n12.txt,GLCT,16,5,48,10,900.0,2,4.2,4,8.3,6,780.25,0.0,,,
BF_BF1_h5s16n13.txt,GLCT,16,5,48,10,900.0,2,4.2,7,14.6,7,849.65,0.0,,,
BF_BF1_h5s16n14.txt,GLCT,16,5,48,10,900.0,0,0.0,3,6.2,7,898.22,0.0,,,
BF_BF1_h5s16n15.txt,GLCT,16,5,48,10,900.0,1,2.1,2,4.2,6,833.69,0.0,,,
BF_BF1_h5s16n16.txt,GLCT,16,5,48,10,900.0,2,4.2,5,10.4,7,826.14,0.0,,,
BF_BF1_h5s16n17.txt,GLCT,16,5,48,10,900.0,2,4.2,6,12.5,7,894.70,0.0,,,
BF_BF1_h5s16n18.txt,GLCT,16,5,48,10,900.0,3,6.2,8,16.7,7,850.45,0.0,,,
BF_BF1_h5s16n19.txt,GLCT,16,5,48,10,900.0,0,0.0,8,16.7,7,856.97,0.0,,,
BF_BF1_h5s16n2.txt,GLCT,16,5,48,10,900.0,1,2.1,4,8.3,7,896.31,0.0,,,
BF_BF1_h5s16n20.txt,GLCT,16,5,48,10,900.0,1,2.1,4,8.3,6,809.12,0.0,,,
BF_BF1_h5s16n3.txt,GLCT,16,5,48,10,900.0,2,4.2,4,8.3,6,786.83,0.0,,,
BF_BF1_h5s16n4.txt,GLCT,16,5,48,10,900.0,3,6.2,8,16.7,7,870.93,0.0,,,
BF_BF1_h5s16n5.txt,GLCT,16,5,48,10,900.0,1,2.1,7,14.6,8,895.64,0.0,,,
BF_BF1_h5s16n6.txt,GLCT,16,5,48,10,900.0,0,0.0,4,8.3,7,896.67,0.0,,,
BF_BF1_h5s16n7.txt,GLCT,16,5,48,10,900.0,1,2.1,4,8.3,6,855.16,0.1,,,
BF_BF1_h5s16n8.txt,GLCT,16,5,48,10,900.0,1,2.1,5,10.4,7,899.19,0.0,,,
BF_BF1_h5s16n9.txt,GLCT,16,5,48,10,900.0,1,2.1,4,8.3,7,849.30,0.0,,,
BF_BF20_h5s20n1.txt,GLCT,20,5,60,24,900.0,0,0.0,1,1.7,6,818.21,0.0,,,
BF_BF20_h5s20n10.txt,GLCT,20,5,60,24,900.0,1,1.7,5,8.3,7,837.31,0.0,,,
BF_BF20_h5s20n11.txt,GLCT,20,5,60,24,900.0,0,0.0,2,3.3,6,895.83,0.0,,,
BF_BF20_h5s20n12.txt,GLCT,20,5,60,24,900.0,0,0.0,6,10.0,7,863.68,0.0,,,
BF_BF20_h5s20n13.txt,GLCT,20,5,60,24,900.0,0,0.0,3,5.0,7,891.03,0.0,,,
BF_BF20_h5s20n14.txt,GLCT,20,5,60,24,900.0,0,0.0,2,3.3,6,758.65,0.0,,,
BF_BF20_h5s20n15.txt,GLCT,20,5,60,24,900.0,1,1.7,5,8.3,7,892.99,0.0,,,
BF_BF20_h5s20n16.txt,GLCT,20,5,60,24,900.0,2,3.3,4,6.7,6,898.18,0.0,,,
BF_BF20_h5s20n17.txt,GLCT,20,5,60,24,900.0,2,3.3,12,20.0,7,871.32,0.0,,,
BF_BF20_h5s20n18.txt,GLCT,20,5,60,24,900.0,0,0.0,7,11.7,7,897.50,0.0,,,
BF_BF20_h5s20n19.txt,GLCT,20,5,60,24,900.0,1,1.7,3,5.0,7,897.91,0.0,,,
BF_BF20_h5s20n2.txt,GLCT,20,5,60,24,900.0,0,0.0,5,8.3,7,880.30,0.0,,,
BF_BF20_h5s20n20.txt,GLCT,20,5,60,24,900.0,1,1.7,5,8.3,7,860.84,0.0,,,
BF_BF20_h5s20n3.txt,GLCT,20,5,60,24,900.0,1,1.7,3,5.0,6,826.84,0.0,,,
BF_BF20_h5s20n4.txt,GLCT,20,5,60,24,900.0,0,0.0,4,6.7,7,892.37,0.0,,,
BF_BF20_h5s20n5.txt,GLCT,20,5,60,24,900.0,1,1.7,14,23.3,7,865.33,0.0,,,
BF_BF20_h5s20n6.txt,GLCT,20,5,60,24,900.0,0,0.0,5,8.3,7,869.80,0.0,,,
BF_BF20_h5s20n7.txt,GLCT,20,5,60,24,900.0,0,0.0,4,6.7,6,882.09,0.0,,,
BF_BF20_h5s20n8.txt,GLCT,20,5,60,24,900.0,0,0.0,5,8.3,7,896.74,0.0,,,
BF_BF20_h5s20n9.txt,GLCT,20,5,60,24,900.0,0,0.0,3,5.0,6,809.51,0.0,,,
BF_BF21_h5s20n1.txt,GLCT,20,5,80,16,900.0,2,2.5,8,10.0,7,896.69,0.0,,,
BF_BF21_h5s20n10.txt,GLCT,20,5,80,16,900.0,3,3.8,11,13.8,8,892.16,0.0,,,
BF_BF21_h5s20n11.txt,GLCT,20,5,80,16,900.0,2,2.5,7,8.8,7,826.07,0.0,,,
BF_BF21_h5s20n12.txt,GLCT,20,5,80,16,900.0,1,1.2,3,3.8,7,843.66,0.0,,,
BF_BF21_h5s20n13.txt,GLCT,20,5,80,16,900.0,1,1.2,4,5.0,6,793.41,0.0,,,
BF_BF21_h5s20n14.txt,GLCT,20,5,80,16,900.0,1,1.2,8,10.0,8,866.88,0.0,,,
BF_BF21_h5s20n15.txt,GLCT,20,5,80,16,900.0,4,5.0,8,10.0,8,875.38,0.0,,,
BF_BF21_h5s20n16.txt,GLCT,20,5,80,16,900.0,2,2.5,9,11.2,8,853.79,0.0,,,
BF_BF21_h5s20n17.txt,GLCT,20,5,80,16,900.0,1,1.2,4,5.0,8,890.26,0.0,,,
BF_BF21_h5s20n18.txt,GLCT,20,5,80,16,900.0,1,1.2,4,5.0,7,811.45,0.0,,,
BF_BF21_h5s20n19.txt,GLCT,20,5,80,16,900.0,3,3.8,7,8.8,7,854.28,0.0,,,
BF_BF21_h5s20n2.txt,GLCT,20,5,80,16,900.0,3,3.8,5,6.2,7,826.72,0.0,,,
BF_BF21_h5s20n20.txt,GLCT,20,5,80,16,900.0,1,1.2,6,7.5,6,873.97,0.0,,,
BF_BF21_h5s20n3.txt,GLCT,20,5,80,16,900.0,1,1.2,4,5.0,6,833.69,0.0,,,
BF_BF21_h5s20n4.txt,GLCT,20,5,80,16,900.0,1,1.2,7,8.8,8,869.98,0.0,,,
BF_BF21_h5s20n5.txt,GLCT,20,5,80,16,900.0,0,0.0,2,2.5,7,812.29,0.0,,,
BF_BF21_h5s20n6.txt,GLCT,20,5,80,16,900.0,2,2.5,8,10.0,7,860.73,0.0,,,
BF_BF21_h5s20n7.txt,GLCT,20,5,80,16,900.0,0,0.0,3,3.8,7,878.16,0.0,,,
BF_BF21_h5s20n8.txt,GLCT,20,5,80,16,900.0,0,0.0,3,3.8,7,889.91,0.0,,,
BF_BF21_h5s20n9.txt,GLCT,20,5,80,16,900.0,1,1.2,6,7.5,8,899.08,0.0,,,
BF_BF22_h5s20n1.txt,GLCT,20,5,80,16,900.0,0,0.0,4,5.0,7,818.35,0.0,,,
BF_BF22_h5s20n10.txt,GLCT,20,5,80,16,900.0,0,0.0,4,5.0,7,899.44,0.0,,,
BF_BF22_h5s20n11.txt,GLCT,20,5,80,16,900.0,3,3.8,9,11.2,7,869.34,0.0,,,
BF_BF22_h5s20n12.txt,GLCT,20,5,80,16,900.0,3,3.8,7,8.8,7,872.13,0.0,,,
BF_BF22_h5s20n13.txt,GLCT,20,5,80,16,900.0,0,0.0,3,3.8,7,896.37,0.0,,,
BF_BF22_h5s20n14.txt,GLCT,20,5,80,16,900.0,0,0.0,2,2.5,6,817.61,0.0,,,
BF_BF22_h5s20n15.txt,GLCT,20,5,80,16,900.0,2,2.5,5,6.2,7,880.99,0.0,,,
BF_BF22_h5s20n16.txt,GLCT,20,5,80,16,900.0,1,1.2,6,7.5,6,823.53,0.0,,,
BF_BF22_h5s20n17.txt,GLCT,20,5,80,16,900.0,2,2.5,5,6.2,7,826.53,0.0,,,
BF_BF22_h5s20n18.txt,GLCT,20,5,80,16,900.0,0,0.0,4,5.0,7,892.18,0.0,,,
BF_BF22_h5s20n19.txt,GLCT,20,5,80,16,900.0,0,0.0,4,5.0,7,832.86,0.0,,,
BF_BF22_h5s20n2.txt,GLCT,20,5,80,16,900.0,1,1.2,4,5.0,7,897.34,0.0,,,
BF_BF22_h5s20n20.txt,GLCT,20,5,80,16,900.0,0,0.0,3,3.8,7,883.77,0.0,,,
BF_BF22_h5s20n3.txt,GLCT,20,5,80,16,900.0,0,0.0,4,5.0,7,856.09,0.0,,,
BF_BF22_h5s20n4.txt,GLCT,20,5,80,16,900.0,4,5.0,10,12.5,8,871.09,0.0,,,
BF_BF22_h5s20n5.txt,GLCT,20,5,80,16,900.0,1,1.2,3,3.8,6,791.49,0.0,,,
BF_BF22_h5s20n6.txt,GLCT,20,5,80,16,900.0,0,0.0,4,5.0,7,829.12,0.0,,,
BF_BF22_h5s20n7.txt,GLCT,20,5,80,16,900.0,0,0.0,3,3.8,7,853.11,0.0,,,
BF_BF22_h5s20n8.txt,GLCT,20,5,80,16,900.0,1,1.2,5,6.2,6,788.43,0.0,,,
BF_BF22_h5s20n9.txt,GLCT,20,5,80,16,900.0,0,0.0,3,3.8,7,892.02,0.0,,,
BF_BF23_h5s20n1.txt,GLCT,20,5,80,32,900.0,0,0.0,7,8.8,7,842.29,0.0,,,
BF_BF23_h5s20n10.txt,GLCT,20,5,80,32,900.0,1,1.2,4,5.0,6,816.54,0.0,,,
BF_BF23_h5s20n11.txt,GLCT,20,5,80,32,900.0,0,0.0,3,3.8,7,809.67,0.0,,,
BF_BF23_h5s20n12.txt,GLCT,20,5,80,32,900.0,0,0.0,4,5.0,7,839.35,0.0,,,
BF_BF23_h5s20n13.txt,GLCT,20,5,80,32,900.0,1,1.2,6,7.5,7,841.39,0.0,,,
BF_BF23_h5s20n14.txt,GLCT,20,5,80,32,900.0,3,3.8,9,11.2,8,897.24,0.0,,,
BF_BF23_h5s20n15.txt,GLCT,20,5,80,32,900.0,0,0.0,7,8.8,8,895.60,0.0,,,
BF_BF23_h5s20n16.txt,GLCT,20,5,80,32,900.0,1,1.2,5,6.2,6,805.05,0.0,,,
BF_BF23_h5s20n17.txt,GLCT,20,5,80,32,900.0,1,1.2,6,7.5,7,875.19,0.0,,,
BF_BF23_h5s20n18.txt,GLCT,20,5,80,32,900.0,1,1.2,3,3.8,6,808.88,0.0,,,
BF_BF23_h5s20n19.txt,GLCT,20,5,80,32,900.0,2,2.5,5,6.2,8,898.99,0.0,,,
BF_BF23_h5s20n2.txt,GLCT,20,5,80,32,900.0,1,1.2,2,2.5,6,786.02,0.0,,,
BF_BF23_h5s20n20.txt,GLCT,20,5,80,32,900.0,0,0.0,3,3.8,7,848.08,0.0,,,
BF_BF23_h5s20n3.txt,GLCT,20,5,80,32,900.0,0,0.0,4,5.0,8,839.87,0.0,,,
BF_BF23_h5s20n4.txt,GLCT,20,5,80,32,900.0,2,2.5,7,8.8,7,874.06,0.0,,,
BF_BF23_h5s20n5.txt,GLCT,20,5,80,32,900.0,1,1.2,9,11.2,8,817.63,0.0,,,
BF_BF23_h5s20n6.txt,GLCT,20,5,80,32,900.0,1,1.2,4,5.0,6,810.97,0.0,,,
BF_BF23_h5s20n7.txt,GLCT,20,5,80,32,900.0,0,0.0,5,6.2,7,878.59,0.0,,,
BF_BF23_h5s20n8.txt,GLCT,20,5,80,32,900.0,1,1.2,5,6.2,7,895.06,0.0,,,
BF_BF23_h5s20n9.txt,GLCT,20,5,80,32,900.0,1,1.2,3,3.8,7,881.44,0.0,,,
BF_BF24_h5s20n1.txt,GLCT,20,5,80,32,900.0,1,1.2,3,3.8,6,828.71,0.0,,,
BF_BF24_h5s20n10.txt,GLCT,20,5,80,32,900.0,0,0.0,4,5.0,7,879.10,0.0,,,
BF_BF24_h5s20n11.txt,GLCT,20,5,80,32,900.0,0,0.0,2,2.5,7,865.40,0.0,,,
BF_BF24_h5s20n12.txt,GLCT,20,5,80,32,900.0,0,0.0,3,3.8,6,854.55,0.0,,,
BF_BF24_h5s20n13.txt,GLCT,20,5,80,32,900.0,0,0.0,1,1.2,6,880.92,0.0,,,
BF_BF24_h5s20n14.txt,GLCT,20,5,80,32,900.0,0,0.0,6,7.5,7,871.86,0.0,,,
BF_BF24_h5s20n15.txt,GLCT,20,5,80,32,900.0,0,0.0,5,6.2,6,805.26,0.0,,,
BF_BF24_h5s20n16.txt,GLCT,20,5,80,32,900.0,1,1.2,4,5.0,7,890.38,0.0,,,
BF_BF24_h5s20n17.txt,GLCT,20,5,80,32,900.0,1,1.2,7,8.8,6,808.13,0.0,,,
BF_BF24_h5s20n18.txt,GLCT,20,5,80,32,900.0,0,0.0,1,1.2,6,813.98,0.0,,,
BF_BF24_h5s20n19.txt,GLCT,20,5,80,32,900.0,0,0.0,4,5.0,6,824.56,0.0,,,
BF_BF24_h5s20n2.txt,GLCT,20,5,80,32,900.0,0,0.0,2,2.5,6,775.53,0.0,,,
BF_BF24_h5s20n20.txt,GLCT,20,5,80,32,900.0,0,0.0,7,8.8,7,839.05,0.0,,,
BF_BF24_h5s20n3.txt,GLCT,20,5,80,32,900.0,2,2.5,4,5.0,6,844.96,0.0,,,
BF_BF24_h5s20n4.txt,GLCT,20,5,80,32,900.0,1,1.2,8,10.0,7,891.83,0.0,,,
BF_BF24_h5s20n5.txt,GLCT,20,5,80,32,900.0,0,0.0,4,5.0,6,874.61,0.0,,,
BF_BF24_h5s20n6.txt,GLCT,20,5,80,32,900.0,0,0.0,3,3.8,7,854.88,0.0,,,
BF_BF24_h5s20n7.txt,GLCT,20,5,80,32,900.0,0,0.0,3,3.8,7,848.53,0.0,,,
BF_BF24_h5s20n8.txt,GLCT,20,5,80,32,900.0,0,0.0,2,2.5,6,804.26,0.0,,,
BF_BF24_h5s20n9.txt,GLCT,20,5,80,32,900.0,1,1.2,8,10.0,7,824.33,0.0,,,
BF_BF25_h8s20n1.txt,GLCT,20,8,96,20,900.0,1,1.0,3,3.1,5,796.34,0.0,,,
BF_BF25_h8s20n10.txt,GLCT,20,8,96,20,900.0,1,1.0,3,3.1,6,868.53,0.0,,,
BF_BF25_h8s20n11.txt,GLCT,20,8,96,20,900.0,3,3.1,5,5.2,5,891.88,0.0,,,
BF_BF25_h8s20n12.txt,GLCT,20,8,96,20,900.0,1,1.0,4,4.2,6,898.12,0.0,,,
BF_BF25_h8s20n13.txt,GLCT,20,8,96,20,900.0,1,1.0,4,4.2,6,881.35,0.0,,,
BF_BF25_h8s20n14.txt,GLCT,20,8,96,20,900.0,2,2.1,4,4.2,5,857.38,0.0,,,
BF_BF25_h8s20n15.txt,GLCT,20,8,96,20,900.0,1,1.0,3,3.1,5,812.57,0.0,,,
BF_BF25_h8s20n16.txt,GLCT,20,8,96,20,900.0,1,1.0,3,3.1,5,897.31,0.0,,,
BF_BF25_h8s20n17.txt,GLCT,20,8,96,20,900.0,0,0.0,3,3.1,5,864.82,0.0,,,
BF_BF25_h8s20n18.txt,GLCT,20,8,96,20,900.0,2,2.1,5,5.2,6,897.61,0.0,,,
BF_BF25_h8s20n19.txt,GLCT,20,8,96,20,900.0,2,2.1,4,4.2,6,779.88,0.0,,,
BF_BF25_h8s20n2.txt,GLCT,20,8,96,20,900.0,1,1.0,4,4.2,5,897.08,0.0,,,
BF_BF25_h8s20n20.txt,GLCT,20,8,96,20,900.0,1,1.0,3,3.1,5,865.06,0.0,,,
BF_BF25_h8s20n3.txt,GLCT,20,8,96,20,900.0,1,1.0,4,4.2,6,879.38,0.0,,,
BF_BF25_h8s20n4.txt,GLCT,20,8,96,20,900.0,1,1.0,4,4.2,5,838.45,0.0,,,
BF_BF25_h8s20n5.txt,GLCT,20,8,96,20,900.0,1,1.0,3,3.1,5,819.96,0.0,,,
BF_BF25_h8s20n6.txt,GLCT,20,8,96,20,900.0,0,0.0,3,3.1,6,786.63,0.0,,,
BF_BF25_h8s20n7.txt,GLCT,20,8,96,20,900.0,0,0.0,3,3.1,6,853.36,0.0,,,
BF_BF25_h8s20n8.txt,GLCT,20,8,96,20,900.0,3,3.1,10,10.4,5,838.98,0.0,,,
BF_BF25_h8s20n9.txt,GLCT,20,8,96,20,900.0,1,1.0,4,4.2,6,893.65,0.0,,,
BF_BF26_h8s20n1.txt,GLCT,20,8,96,20,900.0,1,1.0,3,3.1,6,898.28,0.0,,,
BF_BF26_h8s20n10.txt,GLCT,20,8,96,20,900.0,1,1.0,4,4.2,6,844.49,0.0,,,
BF_BF26_h8s20n11.txt,GLCT,20,8,96,20,900.0,2,2.1,3,3.1,6,898.52,0.0,,,
BF_BF26_h8s20n12.txt,GLCT,20,8,96,20,900.0,0,0.0,2,2.1,5,893.51,0.0,,,
BF_BF26_h8s20n13.txt,GLCT,20,8,96,20,900.0,0,0.0,3,3.1,5,840.31,0.0,,,
BF_BF26_h8s20n14.txt,GLCT,20,8,96,20,900.0,0,0.0,2,2.1,5,783.52,0.0,,,
BF_BF26_h8s20n15.txt,GLCT,20,8,96,20,900.0,0,0.0,2,2.1,5,847.69,0.0,,,
BF_BF26_h8s20n16.txt,GLCT,20,8,96,20,900.0,0,0.0,3,3.1,5,844.92,0.0,,,
BF_BF26_h8s20n17.txt,GLCT,20,8,96,20,900.0,0,0.0,3,3.1,6,896.61,0.0,,,
BF_BF26_h8s20n18.txt,GLCT,20,8,96,20,900.0,1,1.0,3,3.1,6,892.82,0.0,,,
BF_BF26_h8s20n19.txt,GLCT,20,8,96,20,900.0,2,2.1,4,4.2,6,882.91,0.0,,,
BF_BF26_h8s20n2.txt,GLCT,20,8,96,20,900.0,2,2.1,4,4.2,6,879.94,0.0,,,
BF_BF26_h8s20n20.txt,GLCT,20,8,96,20,900.0,1,1.0,4,4.2,6,892.60,0.0,,,
BF_BF26_h8s20n3.txt,GLCT,20,8,96,20,900.0,2,2.1,4,4.2,5,895.14,0.0,,,
BF_BF26_h8s20n4.txt,GLCT,20,8,96,20,900.0,0,0.0,3,3.1,6,880.21,0.0,,,
BF_BF26_h8s20n5.txt,GLCT,20,8,96,20,900.0,1,1.0,2,2.1,5,827.12,0.0,,,
BF_BF26_h8s20n6.txt,GLCT,20,8,96,20,900.0,1,1.0,3,3.1,5,864.18,0.0,,,
BF_BF26_h8s20n7.txt,GLCT,20,8,96,20,900.0,1,1.0,3,3.1,5,801.07,0.0,,,
BF_BF26_h8s20n8.txt,GLCT,20,8,96,20,900.0,0,0.0,2,2.1,5,775.56,0.0,,,
BF_BF26_h8s20n9.txt,GLCT,20,8,96,20,900.0,1,1.0,3,3.1,5,885.41,0.0,,,
BF_BF27_h8s20n1.txt,GLCT,20,8,96,39,900.0,1,1.0,5,5.2,7,893.82,0.0,,,
BF_BF27_h8s20n10.txt,GLCT,20,8,96,39,900.0,0,0.0,2,2.1,6,898.75,0.0,,,
BF_BF27_h8s20n11.txt,GLCT,20,8,96,39,900.0,1,1.0,6,6.2,6,858.34,0.0,,,
BF_BF27_h8s20n12.txt,GLCT,20,8,96,39,900.0,0,0.0,1,1.0,5,784.64,0.0,,,
BF_BF27_h8s20n13.txt,GLCT,20,8,96,39,900.0,0,0.0,1,1.0,5,890.62,0.0,,,
BF_BF27_h8s20n14.txt,GLCT,20,8,96,39,900.0,2,2.1,4,4.2,6,829.91,0.0,,,
BF_BF27_h8s20n15.txt,GLCT,20,8,96,39,900.0,1,1.0,2,2.1,5,891.10,0.0,,,
BF_BF27_h8s20n16.txt,GLCT,20,8,96,39,900.0,0,0.0,3,3.1,6,881.81,0.0,,,
BF_BF27_h8s20n17.txt,GLCT,20,8,96,39,900.0,1,1.0,7,7.3,6,873.18,0.0,,,
BF_BF27_h8s20n18.txt,GLCT,20,8,96,39,900.0,0,0.0,3,3.1,5,899.35,0.0,,,
BF_BF27_h8s20n19.txt,GLCT,20,8,96,39,900.0,2,2.1,2,2.1,5,811.64,0.0,,,
BF_BF27_h8s20n2.txt,GLCT,20,8,96,39,900.0,1,1.0,4,4.2,6,893.46,0.0,,,
BF_BF27_h8s20n20.txt,GLCT,20,8,96,39,900.0,1,1.0,6,6.2,7,883.10,0.0,,,
BF_BF27_h8s20n3.txt,GLCT,20,8,96,39,900.0,0,0.0,1,1.0,5,880.56,0.0,,,
BF_BF27_h8s20n4.txt,GLCT,20,8,96,39,900.0,1,1.0,3,3.1,6,899.18,0.0,,,
BF_BF27_h8s20n5.txt,GLCT,20,8,96,39,900.0,2,2.1,4,4.2,6,859.12,0.0,,,
BF_BF27_h8s20n6.txt,GLCT,20,8,96,39,900.0,2,2.1,6,6.2,6,851.07,0.0,,,
BF_BF27_h8s20n7.txt,GLCT,20,8,96,39,900.0,0,0.0,4,4.2,5,799.83,0.0,,,
BF_BF27_h8s20n8.txt,GLCT,20,8,96,39,900.0,1,1.0,2,2.1,6,888.44,0.0,,,
BF_BF27_h8s20n9.txt,GLCT,20,8,96,39,900.0,0,0.0,5,5.2,5,753.65,0.0,,,
BF_BF28_h8s20n1.txt,GLCT,20,8,96,39,900.0,1,1.0,4,4.2,5,883.82,0.0,,,
BF_BF28_h8s20n10.txt,GLCT,20,8,96,39,900.0,1,1.0,4,4.2,6,898.77,0.0,,,
BF_BF28_h8s20n11.txt,GLCT,20,8,96,39,900.0,1,1.0,4,4.2,5,882.71,0.0,,,
BF_BF28_h8s20n12.txt,GLCT,20,8,96,39,900.0,0,0.0,2,2.1,5,811.01,0.0,,,
BF_BF28_h8s20n13.txt,GLCT,20,8,96,39,900.0,1,1.0,2,2.1,5,845.69,0.0,,,
BF_BF28_h8s20n14.txt,GLCT,20,8,96,39,900.0,1,1.0,2,2.1,5,833.76,0.0,,,
BF_BF28_h8s20n15.txt,GLCT,20,8,96,39,900.0,0,0.0,1,1.0,5,882.95,0.0,,,
BF_BF28_h8s20n16.txt,GLCT,20,8,96,39,900.0,1,1.0,2,2.1,5,887.11,0.0,,,
BF_BF28_h8s20n17.txt,GLCT,20,8,96,39,900.0,1,1.0,3,3.1,4,801.79,0.0,,,
BF_BF28_h8s20n18.txt,GLCT,20,8,96,39,900.0,0,0.0,1,1.0,5,885.12,0.0,,,
BF_BF28_h8s20n19.txt,GLCT,20,8,96,39,900.0,0,0.0,2,2.1,6,893.11,0.0,,,
BF_BF28_h8s20n2.txt,GLCT,20,8,96,39,900.0,0,0.0,2,2.1,5,799.29,0.0,,,
BF_BF28_h8s20n20.txt,GLCT,20,8,96,39,900.0,0,0.0,2,2.1,4,879.35,0.0,,,
BF_BF28_h8s20n3.txt,GLCT,20,8,96,39,900.0,0,0.0,1,1.0,5,814.80,0.0,,,
BF_BF28_h8s20n4.txt,GLCT,20,8,96,39,900.0,0,0.0,1,1.0,5,898.81,0.0,,,
BF_BF28_h8s20n5.txt,GLCT,20,8,96,39,900.0,0,0.0,1,1.0,6,886.45,0.0,,,
BF_BF28_h8s20n6.txt,GLCT,20,8,96,39,900.0,0,0.0,2,2.1,5,854.78,0.0,,,
BF_BF28_h8s20n7.txt,GLCT,20,8,96,39,900.0,0,0.0,2,2.1,6,894.98,0.0,,,
BF_BF28_h8s20n8.txt,GLCT,20,8,96,39,900.0,0,0.0,1,1.0,5,805.52,0.0,,,
BF_BF28_h8s20n9.txt,GLCT,20,8,96,39,900.0,0,0.0,3,3.1,5,894.62,0.0,,,
BF_BF29_h8s20n1.txt,GLCT,20,8,128,26,900.0,1,0.8,4,3.1,7,868.91,0.0,,,
BF_BF29_h8s20n10.txt,GLCT,20,8,128,26,900.0,0,0.0,3,2.3,7,861.35,0.0,,,
BF_BF29_h8s20n11.txt,GLCT,20,8,128,26,900.0,1,0.8,3,2.3,7,881.77,0.0,,,
BF_BF29_h8s20n12.txt,GLCT,20,8,128,26,900.0,0,0.0,3,2.3,7,853.89,0.0,,,
BF_BF29_h8s20n13.txt,GLCT,20,8,128,26,900.0,1,0.8,4,3.1,7,829.25,0.0,,,
BF_BF29_h8s20n14.txt,GLCT,20,8,128,26,900.0,1,0.8,3,2.3,6,894.94,0.0,,,
BF_BF29_h8s20n15.txt,GLCT,20,8,128,26,900.0,2,1.6,5,3.9,7,788.43,0.0,,,
BF_BF29_h8s20n16.txt,GLCT,20,8,128,26,900.0,0,0.0,3,2.3,7,823.88,0.0,,,
BF_BF29_h8s20n17.txt,GLCT,20,8,128,26,900.0,0,0.0,2,1.6,7,840.36,0.0,,,
BF_BF29_h8s20n18.txt,GLCT,20,8,128,26,900.0,2,1.6,4,3.1,7,897.58,0.0,,,
BF_BF29_h8s20n19.txt,GLCT,20,8,128,26,900.0,2,1.6,4,3.1,7,858.51,0.0,,,
BF_BF29_h8s20n2.txt,GLCT,20,8,128,26,900.0,0,0.0,2,1.6,5,834.73,0.0,,,
BF_BF29_h8s20n20.txt,GLCT,20,8,128,26,900.0,0,0.0,3,2.3,7,891.65,0.0,,,
BF_BF29_h8s20n3.txt,GLCT,20,8,128,26,900.0,0,0.0,2,1.6,6,857.13,0.0,,,
BF_BF29_h8s20n4.txt,GLCT,20,8,128,26,900.0,2,1.6,4,3.1,7,849.57,0.0,,,
BF_BF29_h8s20n5.txt,GLCT,20,8,128,26,900.0,2,1.6,4,3.1,7,864.63,0.0,,,
BF_BF29_h8s20n6.txt,GLCT,20,8,128,26,900.0,0,0.0,4,3.1,7,890.24,0.0,,,
BF_BF29_h8s20n7.txt,GLCT,20,8,128,26,900.0,0,0.0,2,1.6,7,862.90,0.0,,,
BF_BF29_h8s20n8.txt,GLCT,20,8,128,26,900.0,1,0.8,3,2.3,7,791.67,0.0,,,
BF_BF29_h8s20n9.txt,GLCT,20,8,128,26,900.0,2,1.6,4,3.1,7,850.69,0.0,,,
BF_BF2_h5s16n1.txt,GLCT,16,5,48,10,900.0,1,2.1,5,10.4,7,846.83,0.0,,,
BF_BF2_h5s16n10.txt,GLCT,16,5,48,10,900.0,2,4.2,7,14.6,7,872.61,0.0,,,
BF_BF2_h5s16n11.txt,GLCT,16,5,48,10,900.0,2,4.2,8,16.7,6,814.59,0.0,,,
BF_BF2_h5s16n12.txt,GLCT,16,5,48,10,900.0,1,2.1,4,8.3,7,885.95,0.0,,,
BF_BF2_h5s16n13.txt,GLCT,16,5,48,10,900.0,1,2.1,6,12.5,6,801.95,0.0,,,
BF_BF2_h5s16n14.txt,GLCT,16,5,48,10,900.0,1,2.1,4,8.3,7,889.36,0.0,,,
BF_BF2_h5s16n15.txt,GLCT,16,5,48,10,900.0,1,2.1,3,6.2,6,890.77,0.0,,,
BF_BF2_h5s16n16.txt,GLCT,16,5,48,10,900.0,0,0.0,6,12.5,7,889.63,0.0,,,
BF_BF2_h5s16n17.txt,GLCT,16,5,48,10,900.0,2,4.2,6,12.5,7,895.57,0.0,,,
BF_BF2_h5s16n18.txt,GLCT,16,5,48,10,900.0,1,2.1,3,6.2,7,849.95,0.0,,,
BF_BF2_h5s16n19.txt,GLCT,16,5,48,10,900.0,0,0.0,4,8.3,6,800.94,0.0,,,
BF_BF2_h5s16n2.txt,GLCT,16,5,48,10,900.0,1,2.1,4,8.3,7,879.66,0.0,,,
BF_BF2_h5s16n20.txt,GLCT,16,5,48,10,900.0,1,2.1,5,10.4,7,811.44,0.0,,,
BF_BF2_h5s16n3.txt,GLCT,16,5,48,10,900.0,1,2.1,3,6.2,7,898.48,0.0,,,
BF_BF2_h5s16n4.txt,GLCT,16,5,48,10,900.0,2,4.2,4,8.3,7,830.98,0.0,,,
BF_BF2_h5s16n5.txt,GLCT,16,5,48,10,900.0,1,2.1,8,16.7,7,899.15,0.0,,,
BF_BF2_h5s16n6.txt,GLCT,16,5,48,10,900.0,1,2.1,3,6.2,7,888.11,0.0,,,
BF_BF2_h5s16n7.txt,GLCT,16,5,48,10,900.0,4,8.3,7,14.6,7,844.92,0.0,,,
BF_BF2_h5s16n8.txt,GLCT,16,5,48,10,900.0,0,0.0,4,8.3,7,873.09,0.0,,,
BF_BF2_h5s16n9.txt,GLCT,16,5,48,10,900.0,1,2.1,4,8.3,7,864.84,0.0,,,
BF_BF30_h8s20n1.txt,GLCT,20,8,128,26,900.0,1,0.8,3,2.3,7,896.96,0.0,,,
BF_BF30_h8s20n10.txt,GLCT,20,8,128,26,900.0,0,0.0,3,2.3,7,874.48,0.0,,,
BF_BF30_h8s20n11.txt,GLCT,20,8,128,26,900.0,2,1.6,3,2.3,7,898.52,0.0,,,
BF_BF30_h8s20n12.txt,GLCT,20,8,128,26,900.0,0,0.0,1,0.8,6,880.44,0.0,,,
BF_BF30_h8s20n13.txt,GLCT,20,8,128,26,900.0,1,0.8,4,3.1,6,828.05,0.0,,,
BF_BF30_h8s20n14.txt,GLCT,20,8,128,26,900.0,1,0.8,3,2.3,5,824.65,0.0,,,
BF_BF30_h8s20n15.txt,GLCT,20,8,128,26,900.0,1,0.8,2,1.6,6,819.58,0.0,,,
BF_BF30_h8s20n16.txt,GLCT,20,8,128,26,900.0,1,0.8,6,4.7,7,888.41,0.0,,,
BF_BF30_h8s20n17.txt,GLCT,20,8,128,26,900.0,1,0.8,3,2.3,6,832.70,0.0,,,
BF_BF30_h8s20n18.txt,GLCT,20,8,128,26,900.0,1,0.8,2,1.6,6,898.28,0.0,,,
BF_BF30_h8s20n19.txt,GLCT,20,8,128,26,900.0,0,0.0,3,2.3,6,866.77,0.0,,,
BF_BF30_h8s20n2.txt,GLCT,20,8,128,26,900.0,1,0.8,3,2.3,6,814.05,0.0,,,
BF_BF30_h8s20n20.txt,GLCT,20,8,128,26,900.0,2,1.6,4,3.1,6,884.72,0.0,,,
BF_BF30_h8s20n3.txt,GLCT,20,8,128,26,900.0,1,0.8,5,3.9,7,899.65,0.0,,,
BF_BF30_h8s20n4.txt,GLCT,20,8,128,26,900.0,1,0.8,3,2.3,6,853.88,0.0,,,
BF_BF30_h8s20n5.txt,GLCT,20,8,128,26,900.0,1,0.8,3,2.3,5,881.82,0.0,,,
BF_BF30_h8s20n6.txt,GLCT,20,8,128,26,900.0,0,0.0,2,1.6,7,893.14,0.0,,,
BF_BF30_h8s20n7.txt,GLCT,20,8,128,26,900.0,2,1.6,3,2.3,6,887.91,0.0,,,
BF_BF30_h8s20n8.txt,GLCT,20,8,128,26,900.0,1,0.8,3,2.3,7,897.38,0.0,,,
BF_BF30_h8s20n9.txt,GLCT,20,8,128,26,900.0,3,2.3,4,3.1,5,875.71,0.0,,,
BF_BF31_h8s20n1.txt,GLCT,20,8,128,52,900.0,0,0.0,1,0.8,7,865.42,0.0,,,
BF_BF31_h8s20n10.txt,GLCT,20,8,128,52,900.0,0,0.0,3,2.3,6,796.34,0.0,,,
BF_BF31_h8s20n11.txt,GLCT,20,8,128,52,900.0,0,0.0,2,1.6,7,889.38,0.0,,,
BF_BF31_h8s20n12.txt,GLCT,20,8,128,52,900.0,1,0.8,3,2.3,6,874.82,0.0,,,
BF_BF31_h8s20n13.txt,GLCT,20,8,128,52,900.0,1,0.8,5,3.9,7,895.33,0.0,,,
BF_BF31_h8s20n14.txt,GLCT,20,8,128,52,900.0,0,0.0,2,1.6,7,874.01,0.0,,,
BF_BF31_h8s20n15.txt,GLCT,20,8,128,52,900.0,0,0.0,5,3.9,7,852.85,0.0,,,
BF_BF31_h8s20n16.txt,GLCT,20,8,128,52,900.0,2,1.6,4,3.1,8,899.21,0.0,,,
BF_BF31_h8s20n17.txt,GLCT,20,8,128,52,900.0,0,0.0,3,2.3,7,883.64,0.0,,,
BF_BF31_h8s20n18.txt,GLCT,20,8,128,52,900.0,0,0.0,3,2.3,7,848.54,0.0,,,
BF_BF31_h8s20n19.txt,GLCT,20,8,128,52,900.0,0,0.0,1,0.8,6,825.73,0.0,,,
BF_BF31_h8s20n2.txt,GLCT,20,8,128,52,900.0,3,2.3,5,3.9,6,842.15,0.0,,,
BF_BF31_h8s20n20.txt,GLCT,20,8,128,52,900.0,0,0.0,1,0.8,6,817.99,0.0,,,
BF_BF31_h8s20n3.txt,GLCT,20,8,128,52,900.0,3,2.3,5,3.9,7,833.94,0.0,,,
BF_BF31_h8s20n4.txt,GLCT,20,8,128,52,900.0,2,1.6,3,2.3,5,792.56,0.0,,,
BF_BF31_h8s20n5.txt,GLCT,20,8,128,52,900.0,0,0.0,2,1.6,7,895.05,0.0,,,
BF_BF31_h8s20n6.txt,GLCT,20,8,128,52,900.0,1,0.8,1,0.8,5,810.39,0.0,,,
BF_BF31_h8s20n7.txt,GLCT,20,8,128,52,900.0,0,0.0,3,2.3,7,891.91,0.0,,,
BF_BF31_h8s20n8.txt,GLCT,20,8,128,52,900.0,0,0.0,1,0.8,7,863.09,0.0,,,
BF_BF31_h8s20n9.txt,GLCT,20,8,128,52,900.0,1,0.8,4,3.1,6,826.91,0.0,,,
BF_BF32_h8s20n1.txt,GLCT,20,8,128,52,900.0,0,0.0,3,2.3,6,889.50,0.0,,,
BF_BF32_h8s20n10.txt,GLCT,20,8,128,52,900.0,0,0.0,1,0.8,7,893.89,0.0,,,
BF_BF32_h8s20n11.txt,GLCT,20,8,128,52,900.0,0,0.0,2,1.6,6,780.33,0.0,,,
BF_BF32_h8s20n12.txt,GLCT,20,8,128,52,900.0,1,0.8,3,2.3,6,884.00,0.0,,,
BF_BF32_h8s20n13.txt,GLCT,20,8,128,52,900.0,1,0.8,4,3.1,7,890.11,0.0,,,
BF_BF32_h8s20n14.txt,GLCT,20,8,128,52,900.0,0,0.0,0,0.0,6,775.64,0.0,,,
BF_BF32_h8s20n15.txt,GLCT,20,8,128,52,900.0,0,0.0,2,1.6,6,890.78,0.0,,,
BF_BF32_h8s20n16.txt,GLCT,20,8,128,52,900.0,1,0.8,4,3.1,6,813.57,0.0,,,
BF_BF32_h8s20n17.txt,GLCT,20,8,128,52,900.0,0,0.0,3,2.3,7,888.25,0.0,,,
BF_BF32_h8s20n18.txt,GLCT,20,8,128,52,900.0,0,0.0,1,0.8,6,882.20,0.0,,,
BF_BF32_h8s20n19.txt,GLCT,20,8,128,52,900.0,1,0.8,3,2.3,6,846.30,0.0,,,
BF_BF32_h8s20n2.txt,GLCT,20,8,128,52,900.0,0,0.0,3,2.3,6,887.97,0.0,,,
BF_BF32_h8s20n20.txt,GLCT,20,8,128,52,900.0,0,0.0,1,0.8,6,896.65,0.0,,,
BF_BF32_h8s20n3.txt,GLCT,20,8,128,52,900.0,1,0.8,2,1.6,6,870.92,0.0,,,
BF_BF32_h8s20n4.txt,GLCT,20,8,128,52,900.0,1,0.8,3,2.3,8,892.82,0.0,,,
BF_BF32_h8s20n5.txt,GLCT,20,8,128,52,900.0,0,0.0,2,1.6,6,897.51,0.0,,,
BF_BF32_h8s20n6.txt,GLCT,20,8,128,52,900.0,0,0.0,4,3.1,6,881.64,0.1,,,
BF_BF32_h8s20n7.txt,GLCT,20,8,128,52,900.0,0,0.0,2,1.6,5,794.83,0.0,,,
BF_BF32_h8s20n8.txt,GLCT,20,8,128,52,900.0,0,0.0,1,0.8,6,825.55,0.0,,,
BF_BF32_h8s20n9.txt,GLCT,20,8,128,52,900.0,0,0.0,1,0.8,5,798.95,0.0,,,
BF_BF3_h5s16n1.txt,GLCT,16,5,48,20,900.0,1,2.1,7,14.6,6,870.89,0.0,,,
BF_BF3_h5s16n10.txt,GLCT,16,5,48,20,900.0,1,2.1,5,10.4,7,888.93,0.0,,,
BF_BF3_h5s16n11.txt,GLCT,16,5,48,20,900.0,0,0.0,7,14.6,7,848.65,0.0,,,
BF_BF3_h5s16n12.txt,GLCT,16,5,48,20,900.0,1,2.1,4,8.3,7,890.45,0.0,,,
BF_BF3_h5s16n13.txt,GLCT,16,5,48,20,900.0,1,2.1,6,12.5,6,826.75,0.0,,,
BF_BF3_h5s16n14.txt,GLCT,16,5,48,20,900.0,2,4.2,7,14.6,7,882.04,0.0,,,
BF_BF3_h5s16n15.txt,GLCT,16,5,48,20,900.0,0,0.0,7,14.6,7,864.31,0.0,,,
BF_BF3_h5s16n16.txt,GLCT,16,5,48,20,900.0,1,2.1,6,12.5,7,875.30,0.0,,,
BF_BF3_h5s16n17.txt,GLCT,16,5,48,20,900.0,1,2.1,5,10.4,7,886.29,0.0,,,
BF_BF3_h5s16n18.txt,GLCT,16,5,48,20,900.0,2,4.2,4,8.3,7,845.01,0.0,,,
BF_BF3_h5s16n19.txt,GLCT,16,5,48,20,900.0,1,2.1,5,10.4,6,831.34,0.0,,,
BF_BF3_h5s16n2.txt,GLCT,16,5,48,20,900.0,0,0.0,5,10.4,6,816.51,0.0,,,
BF_BF3_h5s16n20.txt,GLCT,16,5,48,20,900.0,1,2.1,4,8.3,7,859.97,0.0,,,
BF_BF3_h5s16n3.txt,GLCT,16,5,48,20,900.0,2,4.2,7,14.6,6,817.30,0.0,,,
BF_BF3_h5s16n4.txt,GLCT,16,5,48,20,900.0,1,2.1,7,14.6,7,896.66,0.0,,,
BF_BF3_h5s16n5.txt,GLCT,16,5,48,20,900.0,1,2.1,7,14.6,7,893.71,0.0,,,
BF_BF3_h5s16n6.txt,GLCT,16,5,48,20,900.0,1,2.1,4,8.3,6,784.32,0.0,,,
BF_BF3_h5s16n7.txt,GLCT,16,5,48,20,900.0,1,2.1,6,12.5,7,881.22,0.0,,,
BF_BF3_h5s16n8.txt,GLCT,16,5,48,20,900.0,0,0.0,7,14.6,7,888.10,0.0,,,
BF_BF3_h5s16n9.txt,GLCT,16,5,48,20,900.0,1,2.1,4,8.3,6,885.41,0.0,,,
BF_BF4_h5s16n1.txt,GLCT,16,5,48,20,900.0,0,0.0,4,8.3,7,850.84,0.0,,,
BF_BF4_h5s16n10.txt,GLCT,16,5,48,20,900.0,0,0.0,7,14.6,7,860.97,0.0,,,
BF_BF4_h5s16n11.txt,GLCT,16,5,48,20,900.0,0,0.0,5,10.4,7,897.21,0.0,,,
BF_BF4_h5s16n12.txt,GLCT,16,5,48,20,900.0,0,0.0,5,10.4,6,811.04,0.0,,,
BF_BF4_h5s16n13.txt,GLCT,16,5,48,20,900.0,1,2.1,9,18.8,7,885.33,0.0,,,
BF_BF4_h5s16n14.txt,GLCT,16,5,48,20,900.0,1,2.1,9,18.8,7,841.82,0.0,,,
BF_BF4_h5s16n15.txt,GLCT,16,5,48,20,900.0,0,0.0,2,4.2,7,844.42,0.0,,,
BF_BF4_h5s16n16.txt,GLCT,16,5,48,20,900.0,1,2.1,5,10.4,7,889.46,0.0,,,
BF_BF4_h5s16n17.txt,GLCT,16,5,48,20,900.0,1,2.1,5,10.4,7,887.47,0.0,,,
BF_BF4_h5s16n18.txt,GLCT,16,5,48,20,900.0,1,2.1,4,8.3,6,821.81,0.0,,,
BF_BF4_h5s16n19.txt,GLCT,16,5,48,20,900.0,1,2.1,8,16.7,7,876.88,0.0,,,
BF_BF4_h5s16n2.txt,GLCT,16,5,48,20,900.0,1,2.1,4,8.3,7,875.01,0.0,,,
BF_BF4_h5s16n20.txt,GLCT,16,5,48,20,900.0,1,2.1,6,12.5,6,792.52,0.0,,,
BF_BF4_h5s16n3.txt,GLCT,16,5,48,20,900.0,0,0.0,9,18.8,7,897.53,0.0,,,
BF_BF4_h5s16n4.txt,GLCT,16,5,48,20,900.0,0,0.0,4,8.3,7,891.24,0.0,,,
BF_BF4_h5s16n5.txt,GLCT,16,5,48,20,900.0,0,0.0,1,2.1,6,895.97,0.0,,,
BF_BF4_h5s16n6.txt,GLCT,16,5,48,20,900.0,2,4.2,7,14.6,6,827.90,0.0,,,
BF_BF4_h5s16n7.txt,GLCT,16,5,48,20,900.0,0,0.0,4,8.3,7,860.01,0.0,,,
BF_BF4_h5s16n8.txt,GLCT,16,5,48,20,900.0,0,0.0,2,4.2,6,880.47,0.0,,,
BF_BF4_h5s16n9.txt,GLCT,16,5,48,20,900.0,0,0.0,2,4.2,6,808.23,0.0,,,
BF_BF5_h5s16n1.txt,GLCT,16,5,64,13,900.0,1,1.6,3,4.7,7,810.02,0.0,,,
BF_BF5_h5s16n10.txt,GLCT,16,5,64,13,900.0,1,1.6,9,14.1,7,843.11,0.0,,,
BF_BF5_h5s16n11.txt,GLCT,16,5,64,13,900.0,1,1.6,6,9.4,8,891.63,0.0,,,
BF_BF5_h5s16n12.txt,GLCT,16,5,64,13,900.0,1,1.6,7,10.9,8,880.67,0.0,,,
BF_BF5_h5s16n13.txt,GLCT,16,5,64,13,900.0,0,0.0,5,7.8,8,851.70,0.0,,,
BF_BF5_h5s16n14.txt,GLCT,16,5,64,13,900.0,2,3.1,6,9.4,8,877.61,0.0,,,
BF_BF5_h5s16n15.txt,GLCT,16,5,64,13,900.0,3,4.7,7,10.9,7,831.88,0.0,,,
BF_BF5_h5s16n16.txt,GLCT,16,5,64,13,900.0,1,1.6,4,6.2,7,884.56,0.0,,,
BF_BF5_h5s16n17.txt,GLCT,16,5,64,13,900.0,1,1.6,5,7.8,7,823.66,0.0,,,
BF_BF5_h5s16n18.txt,GLCT,16,5,64,13,900.0,1,1.6,4,6.2,7,828.38,0.0,,,
BF_BF5_h5s16n19.txt,GLCT,16,5,64,13,900.0,2,3.1,5,7.8,7,848.31,0.1,,,
BF_BF5_h5s16n2.txt,GLCT,16,5,64,13,900.0,1,1.6,6,9.4,8,892.67,0.0,,,
BF_BF5_h5s16n20.txt,GLCT,16,5,64,13,900.0,2,3.1,4,6.2,7,806.37,0.0,,,
BF_BF5_h5s16n3.txt,GLCT,16,5,64,13,900.0,2,3.1,8,12.5,8,882.33,0.0,,,
BF_BF5_h5s16n4.txt,GLCT,16,5,64,13,900.0,4,6.2,8,12.5,7,813.66,0.0,,,
BF_BF5_h5s16n5.txt,GLCT,16,5,64,13,900.0,1,1.6,4,6.2,7,803.76,0.0,,,
BF_BF5_h5s16n6.txt,GLCT,16,5,64,13,900.0,0,0.0,6,9.4,8,826.39,0.0,,,
BF_BF5_h5s16n7.txt,GLCT,16,5,64,13,900.0,0,0.0,3,4.7,7,804.97,0.0,,,
BF_BF5_h5s16n8.txt,GLCT,16,5,64,13,900.0,0,0.0,3,4.7,8,883.75,0.0,,,
BF_BF5_h5s16n9.txt,GLCT,16,5,64,13,900.0,1,1.6,7,10.9,8,837.94,0.0,,,
BF_BF6_h5s16n1.txt,GLCT,16,5,64,13,900.0,2,3.1,7,10.9,7,853.68,0.0,,,
BF_BF6_h5s16n10.txt,GLCT,16,5,64,13,900.0,1,1.6,3,4.7,7,894.80,0.0,,,
BF_BF6_h5s16n11.txt,GLCT,16,5,64,13,900.0,0,0.0,3,4.7,7,888.05,0.0,,,
BF_BF6_h5s16n12.txt,GLCT,16,5,64,13,900.0,0,0.0,4,6.2,7,887.75,0.0,,,
BF_BF6_h5s16n13.txt,GLCT,16,5,64,13,900.0,2,3.1,4,6.2,7,885.18,0.0,,,
BF_BF6_h5s16n14.txt,GLCT,16,5,64,13,900.0,1,1.6,9,14.1,7,807.82,0.0,,,
BF_BF6_h5s16n15.txt,GLCT,16,5,64,13,900.0,0,0.0,6,9.4,7,881.48,0.0,,,
BF_BF6_h5s16n16.txt,GLCT,16,5,64,13,900.0,2,3.1,9,14.1,7,852.39,0.0,,,
BF_BF6_h5s16n17.txt,GLCT,16,5,64,13,900.0,0,0.0,3,4.7,7,891.85,0.0,,,
BF_BF6_h5s16n18.txt,GLCT,16,5,64,13,900.0,0,0.0,3,4.7,8,891.48,0.0,,,
BF_BF6_h5s16n19.txt,GLCT,16,5,64,13,900.0,2,3.1,6,9.4,7,873.80,0.0,,,
BF_BF6_h5s16n2.txt,GLCT,16,5,64,13,900.0,1,1.6,4,6.2,7,835.04,0.0,,,
BF_BF6_h5s16n20.txt,GLCT,16,5,64,13,900.0,0,0.0,4,6.2,7,818.51,0.0,,,
BF_BF6_h5s16n3.txt,GLCT,16,5,64,13,900.0,2,3.1,7,10.9,7,833.92,0.0,,,
BF_BF6_h5s16n4.txt,GLCT,16,5,64,13,900.0,0,0.0,3,4.7,7,858.24,0.0,,,
BF_BF6_h5s16n5.txt,GLCT,16,5,64,13,900.0,2,3.1,5,7.8,7,841.34,0.0,,,
BF_BF6_h5s16n6.txt,GLCT,16,5,64,13,900.0,0,0.0,3,4.7,7,822.93,0.0,,,
BF_BF6_h5s16n7.txt,GLCT,16,5,64,13,900.0,0,0.0,4,6.2,7,842.63,0.0,,,
BF_BF6_h5s16n8.txt,GLCT,16,5,64,13,900.0,1,1.6,5,7.8,7,887.06,0.0,,,
BF_BF6_h5s16n9.txt,GLCT,16,5,64,13,900.0,5,7.8,7,10.9,7,889.58,0.0,,,
BF_BF7_h5s16n1.txt,GLCT,16,5,64,26,900.0,1,1.6,3,4.7,7,854.19,0.0,,,
BF_BF7_h5s16n10.txt,GLCT,16,5,64,26,900.0,2,3.1,7,10.9,8,864.13,0.0,,,
BF_BF7_h5s16n11.txt,GLCT,16,5,64,26,900.0,1,1.6,5,7.8,8,883.08,0.0,,,
BF_BF7_h5s16n12.txt,GLCT,16,5,64,26,900.0,1,1.6,9,14.1,7,876.44,0.0,,,
BF_BF7_h5s16n13.txt,GLCT,16,5,64,26,900.0,0,0.0,3,4.7,8,844.31,0.0,,,
BF_BF7_h5s16n14.txt,GLCT,16,5,64,26,900.0,1,1.6,3,4.7,7,838.20,0.0,,,
BF_BF7_h5s16n15.txt,GLCT,16,5,64,26,900.0,2,3.1,6,9.4,7,801.03,0.0,,,
BF_BF7_h5s16n16.txt,GLCT,16,5,64,26,900.0,1,1.6,5,7.8,7,893.40,0.0,,,
BF_BF7_h5s16n17.txt,GLCT,16,5,64,26,900.0,0,0.0,3,4.7,8,889.35,0.0,,,
BF_BF7_h5s16n18.txt,GLCT,16,5,64,26,900.0,3,4.7,4,6.2,7,874.15,0.0,,,
BF_BF7_h5s16n19.txt,GLCT,16,5,64,26,900.0,0,0.0,3,4.7,7,841.43,0.0,,,
BF_BF7_h5s16n2.txt,GLCT,16,5,64,26,900.0,1,1.6,7,10.9,8,890.86,0.0,,,
BF_BF7_h5s16n20.txt,GLCT,16,5,64,26,900.0,1,1.6,8,12.5,8,890.44,0.0,,,
BF_BF7_h5s16n3.txt,GLCT,16,5,64,26,900.0,1,1.6,5,7.8,8,898.26,0.0,,,
BF_BF7_h5s16n4.txt,GLCT,16,5,64,26,900.0,2,3.1,11,17.2,8,888.20,0.0,,,
BF_BF7_h5s16n5.txt,GLCT,16,5,64,26,900.0,0,0.0,4,6.2,7,850.85,0.0,,,
BF_BF7_h5s16n6.txt,GLCT,16,5,64,26,900.0,1,1.6,5,7.8,8,831.97,0.0,,,
BF_BF7_h5s16n7.txt,GLCT,16,5,64,26,900.0,1,1.6,6,9.4,7,846.34,0.0,,,
BF_BF7_h5s16n8.txt,GLCT,16,5,64,26,900.0,0,0.0,8,12.5,8,899.43,0.0,,,
BF_BF7_h5s16n9.txt,GLCT,16,5,64,26,900.0,0,0.0,7,10.9,8,896.53,0.0,,,
BF_BF8_h5s16n1.txt,GLCT,16,5,64,26,900.0,1,1.6,3,4.7,7,864.38,0.0,,,
BF_BF8_h5s16n10.txt,GLCT,16,5,64,26,900.0,0,0.0,2,3.1,7,803.67,0.0,,,
BF_BF8_h5s16n11.txt,GLCT,16,5,64,26,900.0,0,0.0,1,1.6,7,840.06,0.0,,,
BF_BF8_h5s16n12.txt,GLCT,16,5,64,26,900.0,0,0.0,4,6.2,7,886.79,0.0,,,
BF_BF8_h5s16n13.txt,GLCT,16,5,64,26,900.0,0,0.0,3,4.7,7,848.53,0.0,,,
BF_BF8_h5s16n14.txt,GLCT,16,5,64,26,900.0,0,0.0,3,4.7,6,799.35,0.0,,,
BF_BF8_h5s16n15.txt,GLCT,16,5,64,26,900.0,1,1.6,3,4.7,7,801.86,0.0,,,
BF_BF8_h5s16n16.txt,GLCT,16,5,64,26,900.0,1,1.6,4,6.2,6,824.45,0.0,,,
BF_BF8_h5s16n17.txt,GLCT,16,5,64,26,900.0,0,0.0,1,1.6,6,787.73,0.0,,,
BF_BF8_h5s16n18.txt,GLCT,16,5,64,26,900.0,1,1.6,5,7.8,7,855.85,0.1,,,
BF_BF8_h5s16n19.txt,GLCT,16,5,64,26,900.0,1,1.6,4,6.2,7,817.69,0.0,,,
BF_BF8_h5s16n2.txt,GLCT,16,5,64,26,900.0,0,0.0,5,7.8,7,853.26,0.0,,,
BF_BF8_h5s16n20.txt,GLCT,16,5,64,26,900.0,1,1.6,3,4.7,7,875.71,0.0,,,
BF_BF8_h5s16n3.txt,GLCT,16,5,64,26,900.0,1,1.6,3,4.7,6,818.68,0.0,,,
BF_BF8_h5s16n4.txt,GLCT,16,5,64,26,900.0,1,1.6,7,10.9,7,815.06,0.0,,,
BF_BF8_h5s16n5.txt,GLCT,16,5,64,26,900.0,1,1.6,6,9.4,7,834.48,0.0,,,
BF_BF8_h5s16n6.txt,GLCT,16,5,64,26,900.0,0,0.0,5,7.8,8,892.89,0.0,,,
BF_BF8_h5s16n7.txt,GLCT,16,5,64,26,900.0,2,3.1,5,7.8,7,807.05,0.0,,,
BF_BF8_h5s16n8.txt,GLCT,16,5,64,26,900.0,1,1.6,7,10.9,7,873.68,0.0,,,
BF_BF8_h5s16n9.txt,GLCT,16,5,64,26,900.0,1,1.6,4,6.2,7,861.20,0.0,,,
BF_BF9_h8s16n1.txt,GLCT,16,8,77,16,900.0,0,0.0,2,2.6,5,855.34,0.0,,,
BF_BF9_h8s16n10.txt,GLCT,16,8,77,16,900.0,1,1.3,3,3.9,6,876.33,0.0,,,
BF_BF9_h8s16n11.txt,GLCT,16,8,77,16,900.0,2,2.6,3,3.9,6,890.66,0.0,,,
BF_BF9_h8s16n12.txt,GLCT,16,8,77,16,900.0,1,1.3,2,2.6,5,844.54,0.0,,,
BF_BF9_h8s16n13.txt,GLCT,16,8,77,16,900.0,1,1.3,3,3.9,6,892.44,0.0,,,
BF_BF9_h8s16n14.txt,GLCT,16,8,77,16,900.0,2,2.6,3,3.9,7,884.90,0.0,,,
BF_BF9_h8s16n15.txt,GLCT,16,8,77,16,900.0,3,3.9,6,7.8,6,827.33,0.0,,,
BF_BF9_h8s16n16.txt,GLCT,16,8,77,16,900.0,1,1.3,4,5.2,6,865.79,0.0,,,
BF_BF9_h8s16n17.txt,GLCT,16,8,77,16,900.0,2,2.6,3,3.9,5,892.44,0.0,,,
BF_BF9_h8s16n18.txt,GLCT,16,8,77,16,900.0,3,3.9,4,5.2,6,891.91,0.0,,,
BF_BF9_h8s16n19.txt,GLCT,16,8,77,16,900.0,1,1.3,3,3.9,5,788.55,0.0,,,
BF_BF9_h8s16n2.txt,GLCT,16,8,77,16,900.0,1,1.3,3,3.9,5,846.02,0.0,,,
BF_BF9_h8s16n20.txt,GLCT,16,8,77,16,900.0,1,1.3,3,3.9,5,898.38,0.0,,,
BF_BF9_h8s16n3.txt,GLCT,16,8,77,16,900.0,1,1.3,3,3.9,6,890.76,0.0,,,
BF_BF9_h8s16n4.txt,GLCT,16,8,77,16,900.0,1,1.3,2,2.6,6,891.99,0.0,,,
BF_BF9_h8s16n5.txt,GLCT,16,8,77,16,900.0,3,3.9,4,5.2,6,884.53,0.0,,,
BF_BF9_h8s16n6.txt,GLCT,16,8,77,16,900.0,1,1.3,3,3.9,6,857.44,0.0,,,
BF_BF9_h8s16n7.txt,GLCT,16,8,77,16,900.0,1,1.3,4,5.2,6,897.98,0.0,,,
BF_BF9_h8s16n8.txt,GLCT,16,8,77,16,900.0,4,5.2,7,9.1,6,817.93,0.0,,,
BF_BF9_h8s16n9.txt,GLCT,16,8,77,16,900.0,1,1.3,4,5.2,5,805.50,0.0,,,
BF_BF10_h8s16n1.txt,GLCT,16,8,77,16,1200.0,0,0.0,3,3.9,8,1158.89,0.0,,,
BF_BF10_h8s16n10.txt,GLCT,16,8,77,16,1200.0,2,2.6,5,6.5,8,1175.27,0.0,,,
BF_BF10_h8s16n11.txt,GLCT,16,8,77,16,1200.0,2,2.6,4,5.2,8,1172.79,0.0,,,
BF_BF10_h8s16n12.txt,GLCT,16,8,77,16,1200.0,1,1.3,5,6.5,7,1084.73,0.0,,,
BF_BF10_h8s16n13.txt,GLCT,16,8,77,16,1200.0,1,1.3,3,3.9,8,1162.76,0.0,,,
BF_BF10_h8s16n14.txt,GLCT,16,8,77,16,1200.0,1,1.3,5,6.5,8,1190.31,0.0,,,
BF_BF10_h8s16n15.txt,GLCT,16,8,77,16,1200.0,2,2.6,4,5.2,7,1132.62,0.0,,,
BF_BF10_h8s16n16.txt,GLCT,16,8,77,16,1200.0,0,0.0,3,3.9,7,1175.28,0.0,,,
BF_BF10_h8s16n17.txt,GLCT,16,8,77,16,1200.0,0,0.0,3,3.9,8,1126.23,0.0,,,
BF_BF10_h8s16n18.txt,GLCT,16,8,77,16,1200.0,1,1.3,3,3.9,7,1197.40,0.0,,,
BF_BF10_h8s16n19.txt,GLCT,16,8,77,16,1200.0,0,0.0,2,2.6,8,1146.07,0.0,,,
BF_BF10_h8s16n2.txt,GLCT,16,8,77,16,1200.0,2,2.6,4,5.2,8,1191.63,0.0,,,
BF_BF10_h8s16n20.txt,GLCT,16,8,77,16,1200.0,0,0.0,3,3.9,8,1134.28,0.0,,,
BF_BF10_h8s16n3.txt,GLCT,16,8,77,16,1200.0,2,2.6,8,10.4,8,1193.76,0.0,,,
BF_BF10_h8s16n4.txt,GLCT,16,8,77,16,1200.0,0,0.0,3,3.9,8,1190.65,0.0,,,
BF_BF10_h8s16n5.txt,GLCT,16,8,77,16,1200.0,1,1.3,3,3.9,7,1163.43,0.0,,,
BF_BF10_h8s16n6.txt,GLCT,16,8,77,16,1200.0,1,1.3,4,5.2,8,1196.46,0.0,,,
BF_BF10_h8s16n7.txt,GLCT,16,8,77,16,1200.0,0,0.0,2,2.6,7,1197.55,0.0,,,
BF_BF10_h8s16n8.txt,GLCT,16,8,77,16,1200.0,1,1.3,2,2.6,7,1143.95,0.0,,,
BF_BF10_h8s16n9.txt,GLCT,16,8,77,16,1200.0,2,2.6,4,5.2,8,1161.42,0.0,,,
BF_BF11_h8s16n1.txt,GLCT,16,8,77,31,1200.0,0,0.0,3,3.9,8,1189.56,0.0,,,
BF_BF11_h8s16n10.txt,GLCT,16,8,77,31,1200.0,0,0.0,3,3.9,7,1106.83,0.0,,,
BF_BF11_h8s16n11.txt,GLCT,16,8,77,31,1200.0,0,0.0,2,2.6,8,1172.64,0.0,,,
BF_BF11_h8s16n12.txt,GLCT,16,8,77,31,1200.0,0,0.0,1,1.3,7,1072.41,0.0,,,
BF_BF11_h8s16n13.txt,GLCT,16,8,77,31,1200.0,0,0.0,3,3.9,7,1189.95,0.0,,,
BF_BF11_h8s16n14.txt,GLCT,16,8,77,31,1200.0,0,0.0,4,5.2,8,1074.77,0.0,,,
BF_BF11_h8s16n15.txt,GLCT,16,8,77,31,1200.0,1,1.3,4,5.2,8,1161.01,0.0,,,
BF_BF11_h8s16n16.txt,GLCT,16,8,77,31,1200.0,0,0.0,5,6.5,8,1160.94,0.0,,,
BF_BF11_h8s16n17.txt,GLCT,16,8,77,31,1200.0,2,2.6,6,7.8,8,1147.96,0.0,,,
BF_BF11_h8s16n18.txt,GLCT,16,8,77,31,1200.0,0,0.0,3,3.9,8,1095.73,0.0,,,
BF_BF11_h8s16n19.txt,GLCT,16,8,77,31,1200.0,0,0.0,4,5.2,8,1126.75,0.0,,,
BF_BF11_h8s16n2.txt,GLCT,16,8,77,31,1200.0,1,1.3,3,3.9,6,1089.45,0.0,,,
BF_BF11_h8s16n20.txt,GLCT,16,8,77,31,1200.0,1,1.3,5,6.5,8,1090.22,0.0,,,
BF_BF11_h8s16n3.txt,GLCT,16,8,77,31,1200.0,1,1.3,4,5.2,7,1090.26,0.0,,,
BF_BF11_h8s16n4.txt,GLCT,16,8,77,31,1200.0,0,0.0,2,2.6,7,1176.22,0.0,,,
BF_BF11_h8s16n5.txt,GLCT,16,8,77,31,1200.0,0,0.0,5,6.5,7,1148.56,0.0,,,
BF_BF11_h8s16n6.txt,GLCT,16,8,77,31,1200.0,0,0.0,3,3.9,8,1186.81,0.0,,,
BF_BF11_h8s16n7.txt,GLCT,16,8,77,31,1200.0,0,0.0,4,5.2,7,1182.25,0.0,,,
BF_BF11_h8s16n8.txt,GLCT,16,8,77,31,1200.0,0,0.0,2,2.6,8,1181.07,0.0,,,
BF_BF11_h8s16n9.txt,GLCT,16,8,77,31,1200.0,0,0.0,3,3.9,8,1151.55,0.0,,,
BF_BF12_h8s16n1.txt,GLCT,16,8,77,31,1200.0,0,0.0,1,1.3,7,1170.75,0.0,,,
BF_BF12_h8s16n10.txt,GLCT,16,8,77,31,1200.0,0,0.0,4,5.2,7,1173.60,0.0,,,
BF_BF12_h8s16n11.txt,GLCT,16,8,77,31,1200.0,0,0.0,1,1.3,6,1060.11,0.0,,,
BF_BF12_h8s16n12.txt,GLCT,16,8,77,31,1200.0,0,0.0,4,5.2,7,1176.03,0.0,,,
BF_BF12_h8s16n13.txt,GLCT,16,8,77,31,1200.0,0,0.0,1,1.3,7,1177.09,0.0,,,
BF_BF12_h8s16n14.txt,GLCT,16,8,77,31,1200.0,0,0.0,3,3.9,7,1081.91,0.0,,,
BF_BF12_h8s16n15.txt,GLCT,16,8,77,31,1200.0,0,0.0,3,3.9,8,1176.23,0.0,,,
BF_BF12_h8s16n16.txt,GLCT,16,8,77,31,1200.0,2,2.6,7,9.1,6,1094.95,0.0,,,
BF_BF12_h8s16n17.txt,GLCT,16,8,77,31,1200.0,0,0.0,1,1.3,7,1127.37,0.0,,,
BF_BF12_h8s16n18.txt,GLCT,16,8,77,31,1200.0,1,1.3,4,5.2,8,1147.11,0.0,,,
BF_BF12_h8s16n19.txt,GLCT,16,8,77,31,1200.0,1,1.3,3,3.9,7,1168.13,0.0,,,
BF_BF12_h8s16n2.txt,GLCT,16,8,77,31,1200.0,1,1.3,3,3.9,7,1184.68,0.0,,,
BF_BF12_h8s16n20.txt,GLCT,16,8,77,31,1200.0,1,1.3,4,5.2,7,1178.83,0.0,,,
BF_BF12_h8s16n3.txt,GLCT,16,8,77,31,1200.0,2,2.6,6,7.8,8,1187.74,0.0,,,
BF_BF12_h8s16n4.txt,GLCT,16,8,77,31,1200.0,3,3.9,6,7.8,7,1139.29,0.0,,,
BF_BF12_h8s16n5.txt,GLCT,16,8,77,31,1200.0,0,0.0,1,1.3,7,1124.83,0.0,,,
BF_BF12_h8s16n6.txt,GLCT,16,8,77,31,1200.0,1,1.3,6,7.8,7,1151.03,0.0,,,
BF_BF12_h8s16n7.txt,GLCT,16,8,77,31,1200.0,0,0.0,3,3.9,7,1127.47,0.0,,,
BF_BF12_h8s16n8.txt,GLCT,16,8,77,31,1200.0,0,0.0,1,1.3,7,1053.97,0.0,,,
BF_BF12_h8s16n9.txt,GLCT,16,8,77,31,1200.0,0,0.0,2,2.6,8,1199.95,0.0,,,
BF_BF13_h8s16n1.txt,GLCT,16,8,103,21,1200.0,1,1.0,4,3.9,10,1189.35,0.0,,,
BF_BF13_h8s16n10.txt,GLCT,16,8,103,21,1200.0,2,1.9,3,2.9,9,1177.05,0.0,,,
BF_BF13_h8s16n11.txt,GLCT,16,8,103,21,1200.0,0,0.0,2,1.9,9,1196.24,0.0,,,
BF_BF13_h8s16n12.txt,GLCT,16,8,103,21,1200.0,1,1.0,6,5.8,10,1091.17,0.0,,,
BF_BF13_h8s16n13.txt,GLCT,16,8,103,21,1200.0,0,0.0,6,5.8,9,1191.31,0.0,,,
BF_BF13_h8s16n14.txt,GLCT,16,8,103,21,1200.0,0,0.0,3,2.9,10,1169.70,0.0,,,
BF_BF13_h8s16n15.txt,GLCT,16,8,103,21,1200.0,0,0.0,3,2.9,9,1099.13,0.0,,,
BF_BF13_h8s16n16.txt,GLCT,16,8,103,21,1200.0,1,1.0,7,6.8,10,1193.44,0.0,,,
BF_BF13_h8s16n17.txt,GLCT,16,8,103,21,1200.0,0,0.0,4,3.9,10,1162.63,0.0,,,
BF_BF13_h8s16n18.txt,GLCT,16,8,103,21,1200.0,0,0.0,4,3.9,9,1107.41,0.0,,,
BF_BF13_h8s16n19.txt,GLCT,16,8,103,21,1200.0,1,1.0,3,2.9,9,1157.17,0.0,,,
BF_BF13_h8s16n2.txt,GLCT,16,8,103,21,1200.0,1,1.0,2,1.9,9,1120.50,0.0,,,
BF_BF13_h8s16n20.txt,GLCT,16,8,103,21,1200.0,0,0.0,3,2.9,9,1152.37,0.0,,,
BF_BF13_h8s16n3.txt,GLCT,16,8,103,21,1200.0,1,1.0,4,3.9,9,1184.72,0.0,,,
BF_BF13_h8s16n4.txt,GLCT,16,8,103,21,1200.0,2,1.9,4,3.9,8,1077.38,0.0,,,
BF_BF13_h8s16n5.txt,GLCT,16,8,103,21,1200.0,2,1.9,4,3.9,9,1137.82,0.0,,,
BF_BF13_h8s16n6.txt,GLCT,16,8,103,21,1200.0,1,1.0,6,5.8,9,1159.59,0.0,,,
BF_BF13_h8s16n7.txt,GLCT,16,8,103,21,1200.0,0,0.0,3,2.9,9,1169.08,0.0,,,
BF_BF13_h8s16n8.txt,GLCT,16,8,103,21,1200.0,2,1.9,4,3.9,8,1196.81,0.0,,,
BF_BF13_h8s16n9.txt,GLCT,16,8,103,21,1200.0,0,0.0,4,3.9,7,1151.40,0.0,,,
BF_BF14_h8s16n1.txt,GLCT,16,8,103,21,1200.0,2,1.9,8,7.8,9,1137.62,0.0,,,
BF_BF14_h8s16n10.txt,GLCT,16,8,103,21,1200.0,1,1.0,4,3.9,9,1189.63,0.0,,,
BF_BF14_h8s16n11.txt,GLCT,16,8,103,21,1200.0,0,0.0,3,2.9,9,1127.10,0.0,,,
BF_BF14_h8s16n12.txt,GLCT,16,8,103,21,1200.0,1,1.0,5,4.9,9,1162.66,0.0,,,
BF_BF14_h8s16n13.txt,GLCT,16,8,103,21,1200.0,0,0.0,3,2.9,10,1165.90,0.0,,,
BF_BF14_h8s16n14.txt,GLCT,16,8,103,21,1200.0,1,1.0,3,2.9,8,1118.74,0.0,,,
BF_BF14_h8s16n15.txt,GLCT,16,8,103,21,1200.0,2,1.9,7,6.8,8,1125.06,0.0,,,
BF_BF14_h8s16n16.txt,GLCT,16,8,103,21,1200.0,0,0.0,2,1.9,9,1164.49,0.0,,,
BF_BF14_h8s16n17.txt,GLCT,16,8,103,21,1200.0,1,1.0,7,6.8,9,1149.02,0.0,,,
BF_BF14_h8s16n18.txt,GLCT,16,8,103,21,1200.0,0,0.0,3,2.9,8,1178.64,0.0,,,
BF_BF14_h8s16n19.txt,GLCT,16,8,103,21,1200.0,0,0.0,3,2.9,8,1120.54,0.0,,,
BF_BF14_h8s16n2.txt,GLCT,16,8,103,21,1200.0,1,1.0,3,2.9,10,1184.14,0.0,,,
BF_BF14_h8s16n20.txt,GLCT,16,8,103,21,1200.0,0,0.0,3,2.9,10,1183.11,0.0,,,
BF_BF14_h8s16n3.txt,GLCT,16,8,103,21,1200.0,0,0.0,5,4.9,8,1198.69,0.0,,,
BF_BF14_h8s16n4.txt,GLCT,16,8,103,21,1200.0,2,1.9,5,4.9,8,1117.41,0.0,,,
BF_BF14_h8s16n5.txt,GLCT,16,8,103,21,1200.0,2,1.9,4,3.9,8,1175.61,0.0,,,
BF_BF14_h8s16n6.txt,GLCT,16,8,103,21,1200.0,0,0.0,3,2.9,9,1196.71,0.0,,,
BF_BF14_h8s16n7.txt,GLCT,16,8,103,21,1200.0,1,1.0,3,2.9,9,1164.19,0.0,,,
BF_BF14_h8s16n8.txt,GLCT,16,8,103,21,1200.0,0,0.0,3,2.9,9,1198.28,0.0,,,
BF_BF14_h8s16n9.txt,GLCT,16,8,103,21,1200.0,1,1.0,3,2.9,9,1108.24,0.0,,,
BF_BF15_h8s16n1.txt,GLCT,16,8,103,42,1200.0,0,0.0,2,1.9,8,1143.31,0.0,,,
BF_BF15_h8s16n10.txt,GLCT,16,8,103,42,1200.0,0,0.0,3,2.9,8,1169.29,0.0,,,
BF_BF15_h8s16n11.txt,GLCT,16,8,103,42,1200.0,0,0.0,3,2.9,8,1162.64,0.0,,,
BF_BF15_h8s16n12.txt,GLCT,16,8,103,42,1200.0,1,1.0,3,2.9,9,1146.21,0.0,,,
BF_BF15_h8s16n13.txt,GLCT,16,8,103,42,1200.0,1,1.0,9,8.7,10,1199.43,0.0,,,
BF_BF15_h8s16n14.txt,GLCT,16,8,103,42,1200.0,1,1.0,8,7.8,9,1116.91,0.0,,,
BF_BF15_h8s16n15.txt,GLCT,16,8,103,42,1200.0,0,0.0,5,4.9,10,1151.34,0.0,,,
BF_BF15_h8s16n16.txt,GLCT,16,8,103,42,1200.0,0,0.0,2,1.9,8,1112.89,0.0,,,
BF_BF15_h8s16n17.txt,GLCT,16,8,103,42,1200.0,0,0.0,2,1.9,9,1174.40,0.0,,,
BF_BF15_h8s16n18.txt,GLCT,16,8,103,42,1200.0,0,0.0,2,1.9,8,1112.05,0.0,,,
BF_BF15_h8s16n19.txt,GLCT,16,8,103,42,1200.0,2,1.9,4,3.9,8,1052.45,0.0,,,
BF_BF15_h8s16n2.txt,GLCT,16,8,103,42,1200.0,1,1.0,4,3.9,10,1171.13,0.0,,,
BF_BF15_h8s16n20.txt,GLCT,16,8,103,42,1200.0,1,1.0,5,4.9,11,1198.34,0.0,,,
BF_BF15_h8s16n3.txt,GLCT,16,8,103,42,1200.0,0,0.0,2,1.9,8,1115.40,0.0,,,
BF_BF15_h8s16n4.txt,GLCT,16,8,103,42,1200.0,0,0.0,3,2.9,8,1081.36,0.0,,,
BF_BF15_h8s16n5.txt,GLCT,16,8,103,42,1200.0,0,0.0,2,1.9,8,1125.12,0.0,,,
BF_BF15_h8s16n6.txt,GLCT,16,8,103,42,1200.0,0,0.0,1,1.0,9,1197.76,0.0,,,
BF_BF15_h8s16n7.txt,GLCT,16,8,103,42,1200.0,0,0.0,5,4.9,9,1176.17,0.0,,,
BF_BF15_h8s16n8.txt,GLCT,16,8,103,42,1200.0,0,0.0,2,1.9,8,1136.20,0.0,,,
BF_BF15_h8s16n9.txt,GLCT,16,8,103,42,1200.0,1,1.0,6,5.8,8,1143.37,0.0,,,
BF_BF16_h8s16n1.txt,GLCT,16,8,103,42,1200.0,0,0.0,4,3.9,10,1142.82,0.0,,,
BF_BF16_h8s16n10.txt,GLCT,16,8,103,42,1200.0,0,0.0,1,1.0,8,1197.96,0.0,,,
BF_BF16_h8s16n11.txt,GLCT,16,8,103,42,1200.0,0,0.0,2,1.9,9,1162.22,0.0,,,
BF_BF16_h8s16n12.txt,GLCT,16,8,103,42,1200.0,0,0.0,3,2.9,10,1196.71,0.0,,,
BF_BF16_h8s16n13.txt,GLCT,16,8,103,42,1200.0,1,1.0,4,3.9,9,1157.64,0.0,,,
BF_BF16_h8s16n14.txt,GLCT,16,8,103,42,1200.0,0,0.0,4,3.9,9,1094.34,0.0,,,
BF_BF16_h8s16n15.txt,GLCT,16,8,103,42,1200.0,0,0.0,2,1.9,9,1198.63,0.0,,,
BF_BF16_h8s16n16.txt,GLCT,16,8,103,42,1200.0,1,1.0,5,4.9,8,1199.94,0.0,,,
BF_BF16_h8s16n17.txt,GLCT,16,8,103,42,1200.0,0,0.0,1,1.0,9,1107.30,0.0,,,
BF_BF16_h8s16n18.txt,GLCT,16,8,103,42,1200.0,0,0.0,5,4.9,9,1105.99,0.0,,,
BF_BF16_h8s16n19.txt,GLCT,16,8,103,42,1200.0,0,0.0,2,1.9,8,1151.08,0.0,,,
BF_BF16_h8s16n2.txt,GLCT,16,8,103,42,1200.0,0,0.0,2,1.9,9,1123.34,0.0,,,
BF_BF16_h8s16n20.txt,GLCT,16,8,103,42,1200.0,0,0.0,6,5.8,8,1149.83,0.0,,,
BF_BF16_h8s16n3.txt,GLCT,16,8,103,42,1200.0,0,0.0,2,1.9,9,1191.48,0.0,,,
BF_BF16_h8s16n4.txt,GLCT,16,8,103,42,1200.0,1,1.0,2,1.9,7,1093.07,0.0,,,
BF_BF16_h8s16n5.txt,GLCT,16,8,103,42,1200.0,0,0.0,3,2.9,8,1112.29,0.0,,,
BF_BF16_h8s16n6.txt,GLCT,16,8,103,42,1200.0,1,1.0,2,1.9,8,1163.68,0.0,,,
BF_BF16_h8s16n7.txt,GLCT,16,8,103,42,1200.0,0,0.0,2,1.9,8,1136.96,0.0,,,
BF_BF16_h8s16n8.txt,GLCT,16,8,103,42,1200.0,0,0.0,2,1.9,8,1155.47,0.0,,,
BF_BF16_h8s16n9.txt,GLCT,16,8,103,42,1200.0,0,0.0,4,3.9,8,1140.12,0.0,,,
BF_BF17_h5s20n1.txt,GLCT,20,5,60,12,1200.0,1,1.7,6,10.0,9,1178.34,0.0,,,
BF_BF17_h5s20n10.txt,GLCT,20,5,60,12,1200.0,1,1.7,14,23.3,9,1106.52,0.0,,,
BF_BF17_h5s20n11.txt,GLCT,20,5,60,12,1200.0,0,0.0,5,8.3,8,1144.03,0.0,,,
BF_BF17_h5s20n12.txt,GLCT,20,5,60,12,1200.0,2,3.3,6,10.0,9,1143.44,0.0,,,
BF_BF17_h5s20n13.txt,GLCT,20,5,60,12,1200.0,2,3.3,9,15.0,9,1196.15,0.0,,,
BF_BF17_h5s20n14.txt,GLCT,20,5,60,12,1200.0,2,3.3,9,15.0,9,1124.51,0.0,,,
BF_BF17_h5s20n15.txt,GLCT,20,5,60,12,1200.0,0,0.0,10,16.7,9,1159.95,0.0,,,
BF_BF17_h5s20n16.txt,GLCT,20,5,60,12,1200.0,1,1.7,7,11.7,9,1186.16,0.0,,,
BF_BF17_h5s20n17.txt,GLCT,20,5,60,12,1200.0,2,3.3,8,13.3,9,1165.31,0.0,,,
BF_BF17_h5s20n18.txt,GLCT,20,5,60,12,1200.0,0,0.0,6,10.0,9,1153.56,0.0,,,
BF_BF17_h5s20n19.txt,GLCT,20,5,60,12,1200.0,2,3.3,7,11.7,9,1134.44,0.0,,,
BF_BF17_h5s20n2.txt,GLCT,20,5,60,12,1200.0,3,5.0,6,10.0,8,1197.40,0.0,,,
BF_BF17_h5s20n20.txt,GLCT,20,5,60,12,1200.0,1,1.7,8,13.3,9,1194.35,0.0,,,
BF_BF17_h5s20n3.txt,GLCT,20,5,60,12,1200.0,4,6.7,11,18.3,10,1188.37,0.0,,,
BF_BF17_h5s20n4.txt,GLCT,20,5,60,12,1200.0,3,5.0,10,16.7,9,1123.97,0.0,,,
BF_BF17_h5s20n5.txt,GLCT,20,5,60,12,1200.0,2,3.3,7,11.7,8,1129.78,0.0,,,
BF_BF17_h5s20n6.txt,GLCT,20,5,60,12,1200.0,1,1.7,7,11.7,9,1150.18,0.0,,,
BF_BF17_h5s20n7.txt,GLCT,20,5,60,12,1200.0,2,3.3,9,15.0,9,1167.48,0.0,,,
BF_BF17_h5s20n8.txt,GLCT,20,5,60,12,1200.0,2,3.3,5,8.3,9,1167.54,0.0,,,
BF_BF17_h5s20n9.txt,GLCT,20,5,60,12,1200.0,1,1.7,7,11.7,10,1184.62,0.0,,,
BF_BF18_h5s20n1.txt,GLCT,20,5,60,12,1200.0,1,1.7,4,6.7,9,1161.80,0.0,,,
BF_BF18_h5s20n10.txt,GLCT,20,5,60,12,1200.0,0,0.0,3,5.0,8,1068.98,0.0,,,
BF_BF18_h5s20n11.txt,GLCT,20,5,60,12,1200.0,0,0.0,3,5.0,8,1191.47,0.0,,,
BF_BF18_h5s20n12.txt,GLCT,20,5,60,12,1200.0,1,1.7,8,13.3,9,1192.63,0.0,,,
BF_BF18_h5s20n13.txt,GLCT,20,5,60,12,1200.0,3,5.0,8,13.3,9,1110.36,0.0,,,
BF_BF18_h5s20n14.txt,GLCT,20,5,60,12,1200.0,1,1.7,9,15.0,10,1197.41,0.0,,,
BF_BF18_h5s20n15.txt,GLCT,20,5,60,12,1200.0,0,0.0,5,8.3,9,1152.55,0.0,,,
BF_BF18_h5s20n16.txt,GLCT,20,5,60,12,1200.0,1,1.7,5,8.3,8,1096.99,0.0,,,
BF_BF18_h5s20n17.txt,GLCT,20,5,60,12,1200.0,1,1.7,3,5.0,8,1198.53,0.0,,,
BF_BF18_h5s20n18.txt,GLCT,20,5,60,12,1200.0,1,1.7,6,10.0,9,1192.64,0.0,,,
BF_BF18_h5s20n19.txt,GLCT,20,5,60,12,1200.0,3,5.0,10,16.7,9,1187.96,0.0,,,
BF_BF18_h5s20n2.txt,GLCT,20,5,60,12,1200.0,3,5.0,12,20.0,9,1119.25,0.0,,,
BF_BF18_h5s20n20.txt,GLCT,20,5,60,12,1200.0,2,3.3,6,10.0,9,1187.44,0.0,,,
BF_BF18_h5s20n3.txt,GLCT,20,5,60,12,1200.0,0,0.0,3,5.0,8,1157.01,0.0,,,
BF_BF18_h5s20n4.txt,GLCT,20,5,60,12,1200.0,2,3.3,4,6.7,8,1083.46,0.0,,,
BF_BF18_h5s20n5.txt,GLCT,20,5,60,12,1200.0,3,5.0,7,11.7,9,1199.72,0.0,,,
BF_BF18_h5s20n6.txt,GLCT,20,5,60,12,1200.0,0,0.0,8,13.3,10,1192.32,0.0,,,
BF_BF18_h5s20n7.txt,GLCT,20,5,60,12,1200.0,1,1.7,5,8.3,9,1191.55,0.0,,,
BF_BF18_h5s20n8.txt,GLCT,20,5,60,12,1200.0,2,3.3,6,10.0,9,1195.37,0.0,,,
BF_BF18_h5s20n9.txt,GLCT,20,5,60,12,1200.0,2,3.3,13,21.7,9,1172.88,0.0,,,
BF_BF19_h5s20n1.txt,GLCT,20,5,60,24,1200.0,1,1.7,4,6.7,8,1107.86,0.0,,,
BF_BF19_h5s20n10.txt,GLCT,20,5,60,24,1200.0,1,1.7,7,11.7,9,1137.74,0.0,,,
BF_BF19_h5s20n11.txt,GLCT,20,5,60,24,1200.0,1,1.7,11,18.3,9,1143.79,0.0,,,
BF_BF19_h5s20n12.txt,GLCT,20,5,60,24,1200.0,0,0.0,6,10.0,8,1066.19,0.0,,,
BF_BF19_h5s20n13.txt,GLCT,20,5,60,24,1200.0,0,0.0,3,5.0,9,1188.55,0.0,,,
BF_BF19_h5s20n14.txt,GLCT,20,5,60,24,1200.0,0,0.0,5,8.3,8,1082.83,0.0,,,
BF_BF19_h5s20n15.txt,GLCT,20,5,60,24,1200.0,0,0.0,3,5.0,8,1092.22,0.0,,,
BF_BF19_h5s20n16.txt,GLCT,20,5,60,24,1200.0,3,5.0,7,11.7,8,1122.41,0.0,,,
BF_BF19_h5s20n17.txt,GLCT,20,5,60,24,1200.0,0,0.0,3,5.0,9,1125.97,0.0,,,
BF_BF19_h5s20n18.txt,GLCT,20,5,60,24,1200.0,1,1.7,15,25.0,8,1156.62,0.0,,,
BF_BF19_h5s20n19.txt,GLCT,20,5,60,24,1200.0,1,1.7,6,10.0,9,1140.04,0.0,,,
BF_BF19_h5s20n2.txt,GLCT,20,5,60,24,1200.0,0,0.0,12,20.0,9,1188.29,0.0,,,
BF_BF19_h5s20n20.txt,GLCT,20,5,60,24,1200.0,2,3.3,6,10.0,9,1173.32,0.0,,,
BF_BF19_h5s20n3.txt,GLCT,20,5,60,24,1200.0,1,1.7,7,11.7,9,1173.53,0.0,,,
BF_BF19_h5s20n4.txt,GLCT,20,5,60,24,1200.0,1,1.7,17,28.3,9,1122.31,0.0,,,
BF_BF19_h5s20n5.txt,GLCT,20,5,60,24,1200.0,0,0.0,5,8.3,8,1128.85,0.0,,,
BF_BF19_h5s20n6.txt,GLCT,20,5,60,24,1200.0,2,3.3,7,11.7,8,1115.05,0.0,,,
BF_BF19_h5s20n7.txt,GLCT,20,5,60,24,1200.0,1,1.7,4,6.7,8,1126.61,0.0,,,
BF_BF19_h5s20n8.txt,GLCT,20,5,60,24,1200.0,1,1.7,11,18.3,8,1118.66,0.0,,,
BF_BF19_h5s20n9.txt,GLCT,20,5,60,24,1200.0,3,5.0,8,13.3,8,1192.91,0.0,,,
BF_BF1_h5s16n1.txt,GLCT,16,5,48,10,1200.0,2,4.2,8,16.7,9,1167.42,0.0,,,
BF_BF1_h5s16n10.txt,GLCT,16,5,48,10,1200.0,3,6.2,9,18.8,9,1136.65,0.0,,,
BF_BF1_h5s16n11.txt,GLCT,16,5,48,10,1200.0,2,4.2,4,8.3,8,1093.95,0.0,,,
BF_BF1_h5s16n12.txt,GLCT,16,5,48,10,1200.0,2,4.2,7,14.6,9,1156.83,0.0,,,
BF_BF1_h5s16n13.txt,GLCT,16,5,48,10,1200.0,2,4.2,7,14.6,9,1101.74,0.0,,,
BF_BF1_h5s16n14.txt,GLCT,16,5,48,10,1200.0,0,0.0,3,6.2,9,1126.32,0.0,,,
BF_BF1_h5s16n15.txt,GLCT,16,5,48,10,1200.0,1,2.1,3,6.2,8,1124.24,0.0,,,
BF_BF1_h5s16n16.txt,GLCT,16,5,48,10,1200.0,2,4.2,5,10.4,10,1154.82,0.0,,,
BF_BF1_h5s16n17.txt,GLCT,16,5,48,10,1200.0,2,4.2,7,14.6,9,1170.17,0.0,,,
BF_BF1_h5s16n18.txt,GLCT,16,5,48,10,1200.0,3,6.2,9,18.8,10,1198.32,0.0,,,
BF_BF1_h5s16n19.txt,GLCT,16,5,48,10,1200.0,0,0.0,11,22.9,10,1195.71,0.0,,,
BF_BF1_h5s16n2.txt,GLCT,16,5,48,10,1200.0,1,2.1,8,16.7,9,1148.71,0.0,,,
BF_BF1_h5s16n20.txt,GLCT,16,5,48,10,1200.0,1,2.1,9,18.8,9,1190.16,0.0,,,
BF_BF1_h5s16n3.txt,GLCT,16,5,48,10,1200.0,2,4.2,8,16.7,9,1187.17,0.0,,,
BF_BF1_h5s16n4.txt,GLCT,16,5,48,10,1200.0,3,6.2,9,18.8,9,1129.71,0.0,,,
BF_BF1_h5s16n5.txt,GLCT,16,5,48,10,1200.0,1,2.1,8,16.7,10,1166.60,0.0,,,
BF_BF1_h5s16n6.txt,GLCT,16,5,48,10,1200.0,0,0.0,4,8.3,9,1123.33,0.0,,,
BF_BF1_h5s16n7.txt,GLCT,16,5,48,10,1200.0,1,2.1,4,8.3,8,1107.90,0.0,,,
BF_BF1_h5s16n8.txt,GLCT,16,5,48,10,1200.0,1,2.1,5,10.4,9,1152.56,0.0,,,
BF_BF1_h5s16n9.txt,GLCT,16,5,48,10,1200.0,1,2.1,6,12.5,10,1191.54,0.0,,,
BF_BF20_h5s20n1.txt,GLCT,20,5,60,24,1200.0,0,0.0,5,8.3,9,1186.97,0.0,,,
BF_BF20_h5s20n10.txt,GLCT,20,5,60,24,1200.0,1,1.7,7,11.7,9,1151.62,0.0,,,
BF_BF20_h5s20n11.txt,GLCT,20,5,60,24,1200.0,0,0.0,2,3.3,7,1111.33,0.0,,,
BF_BF20_h5s20n12.txt,GLCT,20,5,60,24,1200.0,0,0.0,6,10.0,9,1127.18,0.0,,,
BF_BF20_h5s20n13.txt,GLCT,20,5,60,24,1200.0,0,0.0,4,6.7,9,1117.53,0.0,,,
BF_BF20_h5s20n14.txt,GLCT,20,5,60,24,1200.0,0,0.0,4,6.7,9,1177.80,0.0,,,
BF_BF20_h5s20n15.txt,GLCT,20,5,60,24,1200.0,1,1.7,5,8.3,9,1126.52,0.0,,,
BF_BF20_h5s20n16.txt,GLCT,20,5,60,24,1200.0,2,3.3,5,8.3,8,1135.67,0.0,,,
BF_BF20_h5s20n17.txt,GLCT,20,5,60,24,1200.0,2,3.3,12,20.0,9,1129.75,0.0,,,
BF_BF20_h5s20n18.txt,GLCT,20,5,60,24,1200.0,0,0.0,9,15.0,9,1138.69,0.0,,,
BF_BF20_h5s20n19.txt,GLCT,20,5,60,24,1200.0,1,1.7,5,8.3,9,1193.73,0.0,,,
BF_BF20_h5s20n2.txt,GLCT,20,5,60,24,1200.0,0,0.0,5,8.3,9,1109.69,0.0,,,
BF_BF20_h5s20n20.txt,GLCT,20,5,60,24,1200.0,1,1.7,7,11.7,9,1183.99,0.0,,,
BF_BF20_h5s20n3.txt,GLCT,20,5,60,24,1200.0,1,1.7,4,6.7,8,1106.23,0.0,,,
BF_BF20_h5s20n4.txt,GLCT,20,5,60,24,1200.0,0,0.0,4,6.7,9,1167.78,0.0,,,
BF_BF20_h5s20n5.txt,GLCT,20,5,60,24,1200.0,1,1.7,15,25.0,9,1153.63,0.0,,,
BF_BF20_h5s20n6.txt,GLCT,20,5,60,24,1200.0,0,0.0,6,10.0,9,1164.61,0.0,,,
BF_BF20_h5s20n7.txt,GLCT,20,5,60,24,1200.0,0,0.0,5,8.3,8,1144.05,0.0,,,
BF_BF20_h5s20n8.txt,GLCT,20,5,60,24,1200.0,0,0.0,6,10.0,9,1115.27,0.0,,,
BF_BF20_h5s20n9.txt,GLCT,20,5,60,24,1200.0,0,0.0,8,13.3,9,1187.94,0.0,,,
BF_BF21_h5s20n1.txt,GLCT,20,5,80,16,1200.0,2,2.5,9,11.2,9,1112.25,0.0,,,
BF_BF21_h5s20n10.txt,GLCT,20,5,80,16,1200.0,3,3.8,12,15.0,10,1171.32,0.0,,,
BF_BF21_h5s20n11.txt,GLCT,20,5,80,16,1200.0,2,2.5,9,11.2,11,1185.91,0.0,,,
BF_BF21_h5s20n12.txt,GLCT,20,5,80,16,1200.0,1,1.2,4,5.0,10,1196.26,0.0,,,
BF_BF21_h5s20n13.txt,GLCT,20,5,80,16,1200.0,1,1.2,8,10.0,9,1188.43,0.0,,,
BF_BF21_h5s20n14.txt,GLCT,20,5,80,16,1200.0,1,1.2,9,11.2,10,1188.63,0.0,,,
BF_BF21_h5s20n15.txt,GLCT,20,5,80,16,1200.0,4,5.0,8,10.0,10,1098.02,0.0,,,
BF_BF21_h5s20n16.txt,GLCT,20,5,80,16,1200.0,2,2.5,10,12.5,11,1173.81,0.0,,,
BF_BF21_h5s20n17.txt,GLCT,20,5,80,16,1200.0,1,1.2,7,8.8,11,1197.56,0.0,,,
BF_BF21_h5s20n18.txt,GLCT,20,5,80,16,1200.0,1,1.2,7,8.8,10,1148.83,0.0,,,
BF_BF21_h5s20n19.txt,GLCT,20,5,80,16,1200.0,3,3.8,8,10.0,10,1192.11,0.0,,,
BF_BF21_h5s20n2.txt,GLCT,20,5,80,16,1200.0,3,3.8,5,6.2,9,1072.03,0.0,,,
BF_BF21_h5s20n20.txt,GLCT,20,5,80,16,1200.0,1,1.2,7,8.8,9,1146.34,0.0,,,
BF_BF21_h5s20n3.txt,GLCT,20,5,80,16,1200.0,1,1.2,4,5.0,9,1186.87,0.0,,,
BF_BF21_h5s20n4.txt,GLCT,20,5,80,16,1200.0,1,1.2,8,10.0,10,1125.26,0.0,,,
BF_BF21_h5s20n5.txt,GLCT,20,5,80,16,1200.0,0,0.0,3,3.8,10,1139.98,0.0,,,
BF_BF21_h5s20n6.txt,GLCT,20,5,80,16,1200.0,2,2.5,10,12.5,10,1197.15,0.0,,,
BF_BF21_h5s20n7.txt,GLCT,20,5,80,16,1200.0,0,0.0,3,3.8,9,1157.43,0.0,,,
BF_BF21_h5s20n8.txt,GLCT,20,5,80,16,1200.0,0,0.0,5,6.2,9,1117.28,0.0,,,
BF_BF21_h5s20n9.txt,GLCT,20,5,80,16,1200.0,1,1.2,6,7.5,10,1129.14,0.0,,,
BF_BF22_h5s20n1.txt,GLCT,20,5,80,16,1200.0,0,0.0,6,7.5,9,1118.57,0.0,,,
BF_BF22_h5s20n10.txt,GLCT,20,5,80,16,1200.0,0,0.0,5,6.2,9,1144.30,0.0,,,
BF_BF22_h5s20n11.txt,GLCT,20,5,80,16,1200.0,3,3.8,9,11.2,10,1179.06,0.0,,,
BF_BF22_h5s20n12.txt,GLCT,20,5,80,16,1200.0,3,3.8,8,10.0,10,1189.07,0.0,,,
BF_BF22_h5s20n13.txt,GLCT,20,5,80,16,1200.0,0,0.0,4,5.0,9,1194.79,0.0,,,
BF_BF22_h5s20n14.txt,GLCT,20,5,80,16,1200.0,0,0.0,3,3.8,9,1195.05,0.0,,,
BF_BF22_h5s20n15.txt,GLCT,20,5,80,16,1200.0,2,2.5,7,8.8,10,1194.65,0.0,,,
BF_BF22_h5s20n16.txt,GLCT,20,5,80,16,1200.0,1,1.2,7,8.8,9,1137.75,0.0,,,
BF_BF22_h5s20n17.txt,GLCT,20,5,80,16,1200.0,2,2.5,11,13.8,10,1192.28,0.0,,,
BF_BF22_h5s20n18.txt,GLCT,20,5,80,16,1200.0,0,0.0,4,5.0,9,1119.28,0.0,,,
BF_BF22_h5s20n19.txt,GLCT,20,5,80,16,1200.0,0,0.0,4,5.0,10,1173.23,0.0,,,
BF_BF22_h5s20n2.txt,GLCT,20,5,80,16,1200.0,1,1.2,5,6.2,9,1183.33,0.0,,,
BF_BF22_h5s20n20.txt,GLCT,20,5,80,16,1200.0,0,0.0,6,7.5,9,1171.16,0.0,,,
BF_BF22_h5s20n3.txt,GLCT,20,5,80,16,1200.0,0,0.0,5,6.2,9,1117.74,0.0,,,
BF_BF22_h5s20n4.txt,GLCT,20,5,80,16,1200.0,4,5.0,10,12.5,10,1131.02,0.0,,,
BF_BF22_h5s20n5.txt,GLCT,20,5,80,16,1200.0,1,1.2,5,6.2,8,1115.35,0.0,,,
BF_BF22_h5s20n6.txt,GLCT,20,5,80,16,1200.0,0,0.0,11,13.8,10,1158.76,0.0,,,
BF_BF22_h5s20n7.txt,GLCT,20,5,80,16,1200.0,0,0.0,6,7.5,9,1153.41,0.0,,,
BF_BF22_h5s20n8.txt,GLCT,20,5,80,16,1200.0,1,1.2,9,11.2,9,1147.96,0.0,,,
BF_BF22_h5s20n9.txt,GLCT,20,5,80,16,1200.0,0,0.0,4,5.0,9,1170.15,0.0,,,
BF_BF23_h5s20n1.txt,GLCT,20,5,80,32,1200.0,0,0.0,10,12.5,9,1079.88,0.0,,,
BF_BF23_h5s20n10.txt,GLCT,20,5,80,32,1200.0,1,1.2,5,6.2,9,1129.23,0.0,,,
BF_BF23_h5s20n11.txt,GLCT,20,5,80,32,1200.0,0,0.0,3,3.8,9,1084.05,0.0,,,
BF_BF23_h5s20n12.txt,GLCT,20,5,80,32,1200.0,0,0.0,4,5.0,9,1088.45,0.0,,,
BF_BF23_h5s20n13.txt,GLCT,20,5,80,32,1200.0,1,1.2,8,10.0,10,1142.33,0.0,,,
BF_BF23_h5s20n14.txt,GLCT,20,5,80,32,1200.0,3,3.8,10,12.5,10,1168.35,0.0,,,
BF_BF23_h5s20n15.txt,GLCT,20,5,80,32,1200.0,0,0.0,8,10.0,10,1196.38,0.0,,,
BF_BF23_h5s20n16.txt,GLCT,20,5,80,32,1200.0,1,1.2,9,11.2,9,1195.16,0.0,,,
BF_BF23_h5s20n17.txt,GLCT,20,5,80,32,1200.0,1,1.2,8,10.0,10,1196.47,0.0,,,
BF_BF23_h5s20n18.txt,GLCT,20,5,80,32,1200.0,1,1.2,4,5.0,9,1106.55,0.0,,,
BF_BF23_h5s20n19.txt,GLCT,20,5,80,32,1200.0,2,2.5,7,8.8,10,1199.79,0.0,,,
BF_BF23_h5s20n2.txt,GLCT,20,5,80,32,1200.0,1,1.2,5,6.2,9,1143.19,0.0,,,
BF_BF23_h5s20n20.txt,GLCT,20,5,80,32,1200.0,0,0.0,3,3.8,9,1115.22,0.0,,,
BF_BF23_h5s20n3.txt,GLCT,20,5,80,32,1200.0,0,0.0,6,7.5,11,1184.84,0.0,,,
BF_BF23_h5s20n4.txt,GLCT,20,5,80,32,1200.0,2,2.5,9,11.2,10,1164.79,0.0,,,
BF_BF23_h5s20n5.txt,GLCT,20,5,80,32,1200.0,1,1.2,12,15.0,11,1148.00,0.0,,,
BF_BF23_h5s20n6.txt,GLCT,20,5,80,32,1200.0,1,1.2,7,8.8,9,1153.00,0.0,,,
BF_BF23_h5s20n7.txt,GLCT,20,5,80,32,1200.0,0,0.0,11,13.8,10,1191.50,0.0,,,
BF_BF23_h5s20n8.txt,GLCT,20,5,80,32,1200.0,1,1.2,7,8.8,9,1145.17,0.0,,,
BF_BF23_h5s20n9.txt,GLCT,20,5,80,32,1200.0,1,1.2,4,5.0,9,1123.70,0.0,,,
BF_BF24_h5s20n1.txt,GLCT,20,5,80,32,1200.0,1,1.2,5,6.2,9,1124.31,0.0,,,
BF_BF24_h5s20n10.txt,GLCT,20,5,80,32,1200.0,0,0.0,4,5.0,9,1128.87,0.0,,,
BF_BF24_h5s20n11.txt,GLCT,20,5,80,32,1200.0,0,0.0,5,6.2,10,1198.94,0.0,,,
BF_BF24_h5s20n12.txt,GLCT,20,5,80,32,1200.0,0,0.0,3,3.8,8,1171.45,0.0,,,
BF_BF24_h5s20n13.txt,GLCT,20,5,80,32,1200.0,0,0.0,3,3.8,8,1153.87,0.0,,,
BF_BF24_h5s20n14.txt,GLCT,20,5,80,32,1200.0,0,0.0,7,8.8,10,1191.86,0.0,,,
BF_BF24_h5s20n15.txt,GLCT,20,5,80,32,1200.0,0,0.0,6,7.5,9,1184.52,0.0,,,
BF_BF24_h5s20n16.txt,GLCT,20,5,80,32,1200.0,1,1.2,4,5.0,9,1164.32,0.0,,,
BF_BF24_h5s20n17.txt,GLCT,20,5,80,32,1200.0,1,1.2,11,13.8,8,1128.75,0.0,,,
BF_BF24_h5s20n18.txt,GLCT,20,5,80,32,1200.0,0,0.0,4,5.0,9,1177.71,0.0,,,
BF_BF24_h5s20n19.txt,GLCT,20,5,80,32,1200.0,0,0.0,8,10.0,9,1145.85,0.0,,,
BF_BF24_h5s20n2.txt,GLCT,20,5,80,32,1200.0,0,0.0,5,6.2,9,1131.35,0.0,,,
BF_BF24_h5s20n20.txt,GLCT,20,5,80,32,1200.0,0,0.0,12,15.0,10,1188.05,0.0,,,
BF_BF24_h5s20n3.txt,GLCT,20,5,80,32,1200.0,2,2.5,4,5.0,8,1146.52,0.0,,,
BF_BF24_h5s20n4.txt,GLCT,20,5,80,32,1200.0,1,1.2,9,11.2,9,1176.71,0.0,,,
BF_BF24_h5s20n5.txt,GLCT,20,5,80,32,1200.0,0,0.0,7,8.8,8,1116.59,0.0,,,
BF_BF24_h5s20n6.txt,GLCT,20,5,80,32,1200.0,0,0.0,5,6.2,10,1195.76,0.0,,,
BF_BF24_h5s20n7.txt,GLCT,20,5,80,32,1200.0,0,0.0,3,3.8,10,1195.79,0.0,,,
BF_BF24_h5s20n8.txt,GLCT,20,5,80,32,1200.0,0,0.0,4,5.0,9,1192.36,0.0,,,
BF_BF24_h5s20n9.txt,GLCT,20,5,80,32,1200.0,1,1.2,10,12.5,9,1074.25,0.1,,,
BF_BF25_h8s20n1.txt,GLCT,20,8,96,20,1200.0,1,1.0,3,3.1,7,1138.81,0.0,,,
BF_BF25_h8s20n10.txt,GLCT,20,8,96,20,1200.0,1,1.0,3,3.1,8,1140.30,0.0,,,
BF_BF25_h8s20n11.txt,GLCT,20,8,96,20,1200.0,3,3.1,8,8.3,7,1193.30,0.0,,,
BF_BF25_h8s20n12.txt,GLCT,20,8,96,20,1200.0,1,1.0,5,5.2,8,1181.12,0.0,,,
BF_BF25_h8s20n13.txt,GLCT,20,8,96,20,1200.0,1,1.0,4,4.2,7,1157.16,0.0,,,
BF_BF25_h8s20n14.txt,GLCT,20,8,96,20,1200.0,2,2.1,4,4.2,7,1105.73,0.0,,,
BF_BF25_h8s20n15.txt,GLCT,20,8,96,20,1200.0,1,1.0,3,3.1,7,1171.48,0.0,,,
BF_BF25_h8s20n16.txt,GLCT,20,8,96,20,1200.0,1,1.0,4,4.2,7,1198.28,0.0,,,
BF_BF25_h8s20n17.txt,GLCT,20,8,96,20,1200.0,0,0.0,3,3.1,7,1185.71,0.0,,,
BF_BF25_h8s20n18.txt,GLCT,20,8,96,20,1200.0,2,2.1,5,5.2,8,1150.36,0.0,,,
BF_BF25_h8s20n19.txt,GLCT,20,8,96,20,1200.0,2,2.1,6,6.2,9,1186.19,0.0,,,
BF_BF25_h8s20n2.txt,GLCT,20,8,96,20,1200.0,1,1.0,5,5.2,6,1110.83,0.0,,,
BF_BF25_h8s20n20.txt,GLCT,20,8,96,20,1200.0,1,1.0,4,4.2,7,1193.73,0.0,,,
BF_BF25_h8s20n3.txt,GLCT,20,8,96,20,1200.0,1,1.0,7,7.3,8,1165.08,0.0,,,
BF_BF25_h8s20n4.txt,GLCT,20,8,96,20,1200.0,1,1.0,4,4.2,7,1121.62,0.0,,,
BF_BF25_h8s20n5.txt,GLCT,20,8,96,20,1200.0,1,1.0,3,3.1,7,1104.56,0.0,,,
BF_BF25_h8s20n6.txt,GLCT,20,8,96,20,1200.0,0,0.0,7,7.3,9,1196.86,0.0,,,
BF_BF25_h8s20n7.txt,GLCT,20,8,96,20,1200.0,0,0.0,3,3.1,8,1193.78,0.0,,,
BF_BF25_h8s20n8.txt,GLCT,20,8,96,20,1200.0,3,3.1,12,12.5,8,1184.58,0.0,,,
BF_BF25_h8s20n9.txt,GLCT,20,8,96,20,1200.0,1,1.0,4,4.2,8,1162.11,0.0,,,
BF_BF26_h8s20n1.txt,GLCT,20,8,96,20,1200.0,1,1.0,3,3.1,8,1191.71,0.0,,,
BF_BF26_h8s20n10.txt,GLCT,20,8,96,20,1200.0,1,1.0,4,4.2,8,1175.08,0.0,,,
BF_BF26_h8s20n11.txt,GLCT,20,8,96,20,1200.0,2,2.1,4,4.2,7,1101.00,0.0,,,
BF_BF26_h8s20n12.txt,GLCT,20,8,96,20,1200.0,0,0.0,3,3.1,6,1199.89,0.0,,,
BF_BF26_h8s20n13.txt,GLCT,20,8,96,20,1200.0,0,0.0,4,4.2,7,1124.20,0.0,,,
BF_BF26_h8s20n14.txt,GLCT,20,8,96,20,1200.0,0,0.0,2,2.1,7,1178.22,0.0,,,
BF_BF26_h8s20n15.txt,GLCT,20,8,96,20,1200.0,0,0.0,2,2.1,7,1135.13,0.0,,,
BF_BF26_h8s20n16.txt,GLCT,20,8,96,20,1200.0,0,0.0,3,3.1,7,1178.50,0.0,,,
BF_BF26_h8s20n17.txt,GLCT,20,8,96,20,1200.0,0,0.0,4,4.2,7,1113.85,0.0,,,
BF_BF26_h8s20n18.txt,GLCT,20,8,96,20,1200.0,1,1.0,4,4.2,7,1144.31,0.0,,,
BF_BF26_h8s20n19.txt,GLCT,20,8,96,20,1200.0,2,2.1,5,5.2,7,1117.41,0.0,,,
BF_BF26_h8s20n2.txt,GLCT,20,8,96,20,1200.0,2,2.1,4,4.2,7,1086.19,0.0,,,
BF_BF26_h8s20n20.txt,GLCT,20,8,96,20,1200.0,1,1.0,4,4.2,7,1132.29,0.0,,,
BF_BF26_h8s20n3.txt,GLCT,20,8,96,20,1200.0,2,2.1,4,4.2,6,1128.05,0.0,,,
BF_BF26_h8s20n4.txt,GLCT,20,8,96,20,1200.0,0,0.0,4,4.2,8,1183.58,0.0,,,
BF_BF26_h8s20n5.txt,GLCT,20,8,96,20,1200.0,1,1.0,3,3.1,7,1158.82,0.0,,,
BF_BF26_h8s20n6.txt,GLCT,20,8,96,20,1200.0,1,1.0,3,3.1,7,1158.28,0.0,,,
BF_BF26_h8s20n7.txt,GLCT,20,8,96,20,1200.0,1,1.0,5,5.2,7,1161.03,0.0,,,
BF_BF26_h8s20n8.txt,GLCT,20,8,96,20,1200.0,0,0.0,5,5.2,7,1167.00,0.0,,,
BF_BF26_h8s20n9.txt,GLCT,20,8,96,20,1200.0,1,1.0,3,3.1,7,1186.43,0.0,,,
BF_BF27_h8s20n1.txt,GLCT,20,8,96,39,1200.0,1,1.0,6,6.2,8,1077.65,0.0,,,
BF_BF27_h8s20n10.txt,GLCT,20,8,96,39,1200.0,0,0.0,2,2.1,7,1093.41,0.0,,,
BF_BF27_h8s20n11.txt,GLCT,20,8,96,39,1200.0,1,1.0,6,6.2,8,1112.87,0.0,,,
BF_BF27_h8s20n12.txt,GLCT,20,8,96,39,1200.0,0,0.0,3,3.1,7,1146.05,0.0,,,
BF_BF27_h8s20n13.txt,GLCT,20,8,96,39,1200.0,0,0.0,1,1.0,6,1151.99,0.0,,,
BF_BF27_h8s20n14.txt,GLCT,20,8,96,39,1200.0,2,2.1,5,5.2,8,1154.87,0.0,,,
BF_BF27_h8s20n15.txt,GLCT,20,8,96,39,1200.0,1,1.0,2,2.1,6,1116.32,0.0,,,
BF_BF27_h8s20n16.txt,GLCT,20,8,96,39,1200.0,0,0.0,5,5.2,8,1174.00,0.0,,,
BF_BF27_h8s20n17.txt,GLCT,20,8,96,39,1200.0,1,1.0,7,7.3,8,1179.73,0.0,,,
BF_BF27_h8s20n18.txt,GLCT,20,8,96,39,1200.0,0,0.0,3,3.1,7,1181.01,0.0,,,
BF_BF27_h8s20n19.txt,GLCT,20,8,96,39,1200.0,2,2.1,3,3.1,7,1191.23,0.0,,,
BF_BF27_h8s20n2.txt,GLCT,20,8,96,39,1200.0,1,1.0,4,4.2,8,1123.33,0.0,,,
BF_BF27_h8s20n20.txt,GLCT,20,8,96,39,1200.0,1,1.0,6,6.2,9,1162.28,0.0,,,
BF_BF27_h8s20n3.txt,GLCT,20,8,96,39,1200.0,0,0.0,1,1.0,6,1070.14,0.0,,,
BF_BF27_h8s20n4.txt,GLCT,20,8,96,39,1200.0,1,1.0,3,3.1,8,1183.47,0.0,,,
BF_BF27_h8s20n5.txt,GLCT,20,8,96,39,1200.0,2,2.1,7,7.3,8,1087.00,0.0,,,
BF_BF27_h8s20n6.txt,GLCT,20,8,96,39,1200.0,2,2.1,8,8.3,8,1188.75,0.0,,,
BF_BF27_h8s20n7.txt,GLCT,20,8,96,39,1200.0,0,0.0,5,5.2,7,1161.81,0.0,,,
BF_BF27_h8s20n8.txt,GLCT,20,8,96,39,1200.0,1,1.0,3,3.1,8,1149.03,0.0,,,
BF_BF27_h8s20n9.txt,GLCT,20,8,96,39,1200.0,0,0.0,6,6.2,7,1125.23,0.0,,,
BF_BF28_h8s20n1.txt,GLCT,20,8,96,39,1200.0,1,1.0,5,5.2,6,1098.84,0.0,,,
BF_BF28_h8s20n10.txt,GLCT,20,8,96,39,1200.0,1,1.0,4,4.2,7,1120.64,0.0,,,
BF_BF28_h8s20n11.txt,GLCT,20,8,96,39,1200.0,1,1.0,4,4.2,6,1067.17,0.0,,,
BF_BF28_h8s20n12.txt,GLCT,20,8,96,39,1200.0,0,0.0,2,2.1,7,1113.98,0.0,,,
BF_BF28_h8s20n13.txt,GLCT,20,8,96,39,1200.0,1,1.0,3,3.1,7,1162.71,0.0,,,
BF_BF28_h8s20n14.txt,GLCT,20,8,96,39,1200.0,1,1.0,2,2.1,7,1198.80,0.0,,,
BF_BF28_h8s20n15.txt,GLCT,20,8,96,39,1200.0,0,0.0,4,4.2,7,1169.69,0.0,,,
BF_BF28_h8s20n16.txt,GLCT,20,8,96,39,1200.0,1,1.0,2,2.1,6,1129.08,0.0,,,
BF_BF28_h8s20n17.txt,GLCT,20,8,96,39,1200.0,1,1.0,4,4.2,6,1150.26,0.0,,,
BF_BF28_h8s20n18.txt,GLCT,20,8,96,39,1200.0,0,0.0,1,1.0,6,1100.06,0.0,,,
BF_BF28_h8s20n19.txt,GLCT,20,8,96,39,1200.0,0,0.0,3,3.1,7,1145.43,0.0,,,
BF_BF28_h8s20n2.txt,GLCT,20,8,96,39,1200.0,0,0.0,3,3.1,7,1139.36,0.0,,,
BF_BF28_h8s20n20.txt,GLCT,20,8,96,39,1200.0,0,0.0,2,2.1,6,1164.37,0.0,,,
BF_BF28_h8s20n3.txt,GLCT,20,8,96,39,1200.0,0,0.0,5,5.2,7,1181.32,0.0,,,
BF_BF28_h8s20n4.txt,GLCT,20,8,96,39,1200.0,0,0.0,1,1.0,6,1138.39,0.0,,,
BF_BF28_h8s20n5.txt,GLCT,20,8,96,39,1200.0,0,0.0,1,1.0,7,1086.90,0.0,,,
BF_BF28_h8s20n6.txt,GLCT,20,8,96,39,1200.0,0,0.0,2,2.1,7,1199.06,0.0,,,
BF_BF28_h8s20n7.txt,GLCT,20,8,96,39,1200.0,0,0.0,3,3.1,8,1181.60,0.0,,,
BF_BF28_h8s20n8.txt,GLCT,20,8,96,39,1200.0,0,0.0,2,2.1,7,1162.08,0.0,,,
BF_BF28_h8s20n9.txt,GLCT,20,8,96,39,1200.0,0,0.0,5,5.2,7,1152.88,0.0,,,
BF_BF29_h8s20n1.txt,GLCT,20,8,128,26,1200.0,1,0.8,6,4.7,9,1118.74,0.0,,,
BF_BF29_h8s20n10.txt,GLCT,20,8,128,26,1200.0,0,0.0,4,3.1,9,1104.27,0.0,,,
BF_BF29_h8s20n11.txt,GLCT,20,8,128,26,1200.0,1,0.8,3,2.3,9,1175.99,0.0,,,
BF_BF29_h8s20n12.txt,GLCT,20,8,128,26,1200.0,0,0.0,3,2.3,9,1120.35,0.0,,,
BF_BF29_h8s20n13.txt,GLCT,20,8,128,26,1200.0,1,0.8,4,3.1,9,1172.36,0.0,,,
BF_BF29_h8s20n14.txt,GLCT,20,8,128,26,1200.0,1,0.8,4,3.1,8,1186.90,0.0,,,
BF_BF29_h8s20n15.txt,GLCT,20,8,128,26,1200.0,2,1.6,5,3.9,10,1142.89,0.0,,,
BF_BF29_h8s20n16.txt,GLCT,20,8,128,26,1200.0,0,0.0,6,4.7,10,1172.03,0.0,,,
BF_BF29_h8s20n17.txt,GLCT,20,8,128,26,1200.0,0,0.0,3,2.3,10,1189.82,0.0,,,
BF_BF29_h8s20n18.txt,GLCT,20,8,128,26,1200.0,2,1.6,5,3.9,9,1178.99,0.0,,,
BF_BF29_h8s20n19.txt,GLCT,20,8,128,26,1200.0,2,1.6,8,6.2,10,1181.18,0.0,,,
BF_BF29_h8s20n2.txt,GLCT,20,8,128,26,1200.0,0,0.0,3,2.3,8,1189.51,0.0,,,
BF_BF29_h8s20n20.txt,GLCT,20,8,128,26,1200.0,0,0.0,3,2.3,9,1128.74,0.0,,,
BF_BF29_h8s20n3.txt,GLCT,20,8,128,26,1200.0,0,0.0,2,1.6,8,1177.45,0.0,,,
BF_BF29_h8s20n4.txt,GLCT,20,8,128,26,1200.0,2,1.6,7,5.5,9,1116.15,0.0,,,
BF_BF29_h8s20n5.txt,GLCT,20,8,128,26,1200.0,2,1.6,7,5.5,9,1121.40,0.0,,,
BF_BF29_h8s20n6.txt,GLCT,20,8,128,26,1200.0,0,0.0,4,3.1,9,1125.90,0.0,,,
BF_BF29_h8s20n7.txt,GLCT,20,8,128,26,1200.0,0,0.0,3,2.3,10,1192.80,0.0,,,
BF_BF29_h8s20n8.txt,GLCT,20,8,128,26,1200.0,1,0.8,4,3.1,9,1084.10,0.0,,,
BF_BF29_h8s20n9.txt,GLCT,20,8,128,26,1200.0,2,1.6,5,3.9,9,1167.93,0.0,,,
BF_BF2_h5s16n1.txt,GLCT,16,5,48,10,1200.0,1,2.1,5,10.4,9,1127.99,0.0,,,
BF_BF2_h5s16n10.txt,GLCT,16,5,48,10,1200.0,2,4.2,9,18.8,9,1102.73,0.0,,,
BF_BF2_h5s16n11.txt,GLCT,16,5,48,10,1200.0,2,4.2,9,18.8,9,1199.02,0.0,,,
BF_BF2_h5s16n12.txt,GLCT,16,5,48,10,1200.0,1,2.1,10,20.8,9,1194.67,0.0,,,
BF_BF2_h5s16n13.txt,GLCT,16,5,48,10,1200.0,1,2.1,8,16.7,9,1190.90,0.0,,,
BF_BF2_h5s16n14.txt,GLCT,16,5,48,10,1200.0,1,2.1,4,8.3,9,1179.20,0.0,,,
BF_BF2_h5s16n15.txt,GLCT,16,5,48,10,1200.0,1,2.1,4,8.3,8,1137.42,0.0,,,
BF_BF2_h5s16n16.txt,GLCT,16,5,48,10,1200.0,0,0.0,7,14.6,9,1154.04,0.0,,,
BF_BF2_h5s16n17.txt,GLCT,16,5,48,10,1200.0,2,4.2,7,14.6,9,1192.29,0.0,,,
BF_BF2_h5s16n18.txt,GLCT,16,5,48,10,1200.0,1,2.1,4,8.3,9,1187.04,0.0,,,
BF_BF2_h5s16n19.txt,GLCT,16,5,48,10,1200.0,0,0.0,7,14.6,9,1186.74,0.0,,,
BF_BF2_h5s16n2.txt,GLCT,16,5,48,10,1200.0,1,2.1,4,8.3,9,1142.23,0.0,,,
BF_BF2_h5s16n20.txt,GLCT,16,5,48,10,1200.0,1,2.1,6,12.5,10,1181.22,0.0,,,
BF_BF2_h5s16n3.txt,GLCT,16,5,48,10,1200.0,1,2.1,4,8.3,8,1080.53,0.0,,,
BF_BF2_h5s16n4.txt,GLCT,16,5,48,10,1200.0,2,4.2,10,20.8,10,1186.04,0.0,,,
BF_BF2_h5s16n5.txt,GLCT,16,5,48,10,1200.0,1,2.1,9,18.8,9,1198.56,0.0,,,
BF_BF2_h5s16n6.txt,GLCT,16,5,48,10,1200.0,1,2.1,4,8.3,9,1180.92,0.0,,,
BF_BF2_h5s16n7.txt,GLCT,16,5,48,10,1200.0,4,8.3,9,18.8,9,1139.21,0.0,,,
BF_BF2_h5s16n8.txt,GLCT,16,5,48,10,1200.0,0,0.0,4,8.3,9,1123.56,0.0,,,
BF_BF2_h5s16n9.txt,GLCT,16,5,48,10,1200.0,1,2.1,7,14.6,9,1137.84,0.0,,,
BF_BF30_h8s20n1.txt,GLCT,20,8,128,26,1200.0,1,0.8,4,3.1,8,1092.69,0.0,,,
BF_BF30_h8s20n10.txt,GLCT,20,8,128,26,1200.0,0,0.0,3,2.3,9,1177.28,0.0,,,
BF_BF30_h8s20n11.txt,GLCT,20,8,128,26,1200.0,2,1.6,4,3.1,9,1125.96,0.0,,,
BF_BF30_h8s20n12.txt,GLCT,20,8,128,26,1200.0,0,0.0,2,1.6,8,1196.81,0.0,,,
BF_BF30_h8s20n13.txt,GLCT,20,8,128,26,1200.0,1,0.8,4,3.1,9,1139.72,0.0,,,
BF_BF30_h8s20n14.txt,GLCT,20,8,128,26,1200.0,1,0.8,3,2.3,8,1198.83,0.0,,,
BF_BF30_h8s20n15.txt,GLCT,20,8,128,26,1200.0,1,0.8,3,2.3,9,1196.62,0.0,,,
BF_BF30_h8s20n16.txt,GLCT,20,8,128,26,1200.0,1,0.8,7,5.5,9,1129.65,0.0,,,
BF_BF30_h8s20n17.txt,GLCT,20,8,128,26,1200.0,1,0.8,3,2.3,8,1146.00,0.0,,,
BF_BF30_h8s20n18.txt,GLCT,20,8,128,26,1200.0,1,0.8,2,1.6,8,1153.64,0.0,,,
BF_BF30_h8s20n19.txt,GLCT,20,8,128,26,1200.0,0,0.0,3,2.3,8,1105.85,0.0,,,
BF_BF30_h8s20n2.txt,GLCT,20,8,128,26,1200.0,1,0.8,3,2.3,9,1197.11,0.0,,,
BF_BF30_h8s20n20.txt,GLCT,20,8,128,26,1200.0,2,1.6,4,3.1,8,1130.29,0.0,,,
BF_BF30_h8s20n3.txt,GLCT,20,8,128,26,1200.0,1,0.8,5,3.9,9,1172.27,0.0,,,
BF_BF30_h8s20n4.txt,GLCT,20,8,128,26,1200.0,1,0.8,4,3.1,8,1171.32,0.0,,,
BF_BF30_h8s20n5.txt,GLCT,20,8,128,26,1200.0,1,0.8,3,2.3,7,1130.45,0.0,,,
BF_BF30_h8s20n6.txt,GLCT,20,8,128,26,1200.0,0,0.0,3,2.3,9,1163.43,0.0,,,
BF_BF30_h8s20n7.txt,GLCT,20,8,128,26,1200.0,2,1.6,3,2.3,8,1143.14,0.0,,,
BF_BF30_h8s20n8.txt,GLCT,20,8,128,26,1200.0,1,0.8,3,2.3,9,1196.76,0.0,,,
BF_BF30_h8s20n9.txt,GLCT,20,8,128,26,1200.0,3,2.3,5,3.9,6,1154.07,0.0,,,
BF_BF31_h8s20n1.txt,GLCT,20,8,128,52,1200.0,0,0.0,1,0.8,9,1196.59,0.0,,,
BF_BF31_h8s20n10.txt,GLCT,20,8,128,52,1200.0,0,0.0,4,3.1,8,1108.76,0.0,,,
BF_BF31_h8s20n11.txt,GLCT,20,8,128,52,1200.0,0,0.0,2,1.6,9,1185.60,0.1,,,
BF_BF31_h8s20n12.txt,GLCT,20,8,128,52,1200.0,1,0.8,4,3.1,8,1149.91,0.0,,,
BF_BF31_h8s20n13.txt,GLCT,20,8,128,52,1200.0,1,0.8,7,5.5,9,1142.17,0.1,,,
BF_BF31_h8s20n14.txt,GLCT,20,8,128,52,1200.0,0,0.0,3,2.3,10,1193.08,0.0,,,
BF_BF31_h8s20n15.txt,GLCT,20,8,128,52,1200.0,0,0.0,5,3.9,9,1110.80,0.0,,,
BF_BF31_h8s20n16.txt,GLCT,20,8,128,52,1200.0,2,1.6,6,4.7,10,1158.26,0.0,,,
BF_BF31_h8s20n17.txt,GLCT,20,8,128,52,1200.0,0,0.0,3,2.3,10,1193.31,0.0,,,
BF_BF31_h8s20n18.txt,GLCT,20,8,128,52,1200.0,0,0.0,4,3.1,9,1081.18,0.0,,,
BF_BF31_h8s20n19.txt,GLCT,20,8,128,52,1200.0,0,0.0,2,1.6,9,1190.32,0.0,,,
BF_BF31_h8s20n2.txt,GLCT,20,8,128,52,1200.0,3,2.3,5,3.9,9,1173.40,0.0,,,
BF_BF31_h8s20n20.txt,GLCT,20,8,128,52,1200.0,0,0.0,2,1.6,8,1157.35,0.0,,,
BF_BF31_h8s20n3.txt,GLCT,20,8,128,52,1200.0,3,2.3,6,4.7,9,1094.44,0.0,,,
BF_BF31_h8s20n4.txt,GLCT,20,8,128,52,1200.0,2,1.6,4,3.1,7,1175.07,0.0,,,
BF_BF31_h8s20n5.txt,GLCT,20,8,128,52,1200.0,0,0.0,3,2.3,8,1089.83,0.0,,,
BF_BF31_h8s20n6.txt,GLCT,20,8,128,52,1200.0,1,0.8,3,2.3,7,1140.27,0.0,,,
BF_BF31_h8s20n7.txt,GLCT,20,8,128,52,1200.0,0,0.0,3,2.3,9,1199.69,0.0,,,
BF_BF31_h8s20n8.txt,GLCT,20,8,128,52,1200.0,0,0.0,1,0.8,8,1061.11,0.0,,,
BF_BF31_h8s20n9.txt,GLCT,20,8,128,52,1200.0,1,0.8,5,3.9,8,1060.84,0.0,,,
BF_BF32_h8s20n1.txt,GLCT,20,8,128,52,1200.0,0,0.0,3,2.3,8,1171.73,0.0,,,
BF_BF32_h8s20n10.txt,GLCT,20,8,128,52,1200.0,0,0.0,2,1.6,8,1068.55,0.0,,,
BF_BF32_h8s20n11.txt,GLCT,20,8,128,52,1200.0,0,0.0,2,1.6,8,1120.56,0.0,,,
BF_BF32_h8s20n12.txt,GLCT,20,8,128,52,1200.0,1,0.8,4,3.1,8,1159.69,0.0,,,
BF_BF32_h8s20n13.txt,GLCT,20,8,128,52,1200.0,1,0.8,4,3.1,9,1154.58,0.0,,,
BF_BF32_h8s20n14.txt,GLCT,20,8,128,52,1200.0,0,0.0,2,1.6,9,1182.23,0.0,,,
BF_BF32_h8s20n15.txt,GLCT,20,8,128,52,1200.0,0,0.0,3,2.3,8,1196.32,0.0,,,
BF_BF32_h8s20n16.txt,GLCT,20,8,128,52,1200.0,1,0.8,4,3.1,8,1172.16,0.0,,,
BF_BF32_h8s20n17.txt,GLCT,20,8,128,52,1200.0,0,0.0,3,2.3,10,1182.42,0.0,,,
BF_BF32_h8s20n18.txt,GLCT,20,8,128,52,1200.0,0,0.0,4,3.1,8,1179.64,0.0,,,
BF_BF32_h8s20n19.txt,GLCT,20,8,128,52,1200.0,1,0.8,3,2.3,8,1133.50,0.0,,,
BF_BF32_h8s20n2.txt,GLCT,20,8,128,52,1200.0,0,0.0,3,2.3,7,1097.01,0.0,,,
BF_BF32_h8s20n20.txt,GLCT,20,8,128,52,1200.0,0,0.0,1,0.8,7,1091.63,0.0,,,
BF_BF32_h8s20n3.txt,GLCT,20,8,128,52,1200.0,1,0.8,2,1.6,8,1189.66,0.0,,,
BF_BF32_h8s20n4.txt,GLCT,20,8,128,52,1200.0,1,0.8,3,2.3,10,1173.37,0.0,,,
BF_BF32_h8s20n5.txt,GLCT,20,8,128,52,1200.0,0,0.0,2,1.6,8,1172.96,0.0,,,
BF_BF32_h8s20n6.txt,GLCT,20,8,128,52,1200.0,0,0.0,4,3.1,9,1194.84,0.0,,,
BF_BF32_h8s20n7.txt,GLCT,20,8,128,52,1200.0,0,0.0,2,1.6,7,1087.80,0.0,,,
BF_BF32_h8s20n8.txt,GLCT,20,8,128,52,1200.0,0,0.0,3,2.3,8,1173.88,0.0,,,
BF_BF32_h8s20n9.txt,GLCT,20,8,128,52,1200.0,0,0.0,1,0.8,7,1077.83,0.0,,,
BF_BF3_h5s16n1.txt,GLCT,16,5,48,20,1200.0,1,2.1,10,20.8,8,1119.16,0.0,,,
BF_BF3_h5s16n10.txt,GLCT,16,5,48,20,1200.0,1,2.1,8,16.7,8,1085.23,0.0,,,
BF_BF3_h5s16n11.txt,GLCT,16,5,48,20,1200.0,0,0.0,9,18.8,9,1100.94,0.0,,,
BF_BF3_h5s16n12.txt,GLCT,16,5,48,20,1200.0,1,2.1,5,10.4,10,1198.54,0.0,,,
BF_BF3_h5s16n13.txt,GLCT,16,5,48,20,1200.0,1,2.1,7,14.6,9,1172.50,0.0,,,
BF_BF3_h5s16n14.txt,GLCT,16,5,48,20,1200.0,2,4.2,8,16.7,9,1121.31,0.0,,,
BF_BF3_h5s16n15.txt,GLCT,16,5,48,20,1200.0,0,0.0,8,16.7,10,1187.90,0.0,,,
BF_BF3_h5s16n16.txt,GLCT,16,5,48,20,1200.0,1,2.1,13,27.1,9,1133.54,0.0,,,
BF_BF3_h5s16n17.txt,GLCT,16,5,48,20,1200.0,1,2.1,8,16.7,9,1174.23,0.0,,,
BF_BF3_h5s16n18.txt,GLCT,16,5,48,20,1200.0,2,4.2,6,12.5,9,1098.46,0.0,,,
BF_BF3_h5s16n19.txt,GLCT,16,5,48,20,1200.0,1,2.1,7,14.6,8,1093.39,0.0,,,
BF_BF3_h5s16n2.txt,GLCT,16,5,48,20,1200.0,0,0.0,8,16.7,9,1158.29,0.0,,,
BF_BF3_h5s16n20.txt,GLCT,16,5,48,20,1200.0,1,2.1,4,8.3,9,1114.22,0.0,,,
BF_BF3_h5s16n3.txt,GLCT,16,5,48,20,1200.0,2,4.2,8,16.7,9,1152.97,0.0,,,
BF_BF3_h5s16n4.txt,GLCT,16,5,48,20,1200.0,1,2.1,8,16.7,9,1185.08,0.0,,,
BF_BF3_h5s16n5.txt,GLCT,16,5,48,20,1200.0,1,2.1,9,18.8,9,1154.04,0.0,,,
BF_BF3_h5s16n6.txt,GLCT,16,5,48,20,1200.0,1,2.1,8,16.7,9,1180.55,0.0,,,
BF_BF3_h5s16n7.txt,GLCT,16,5,48,20,1200.0,1,2.1,8,16.7,10,1184.98,0.0,,,
BF_BF3_h5s16n8.txt,GLCT,16,5,48,20,1200.0,0,0.0,8,16.7,9,1159.13,0.0,,,
BF_BF3_h5s16n9.txt,GLCT,16,5,48,20,1200.0,1,2.1,5,10.4,8,1175.06,0.0,,,
BF_BF4_h5s16n1.txt,GLCT,16,5,48,20,1200.0,0,0.0,4,8.3,9,1090.86,0.0,,,
BF_BF4_h5s16n10.txt,GLCT,16,5,48,20,1200.0,0,0.0,7,14.6,9,1117.79,0.0,,,
BF_BF4_h5s16n11.txt,GLCT,16,5,48,20,1200.0,0,0.0,5,10.4,9,1139.05,0.0,,,
BF_BF4_h5s16n12.txt,GLCT,16,5,48,20,1200.0,0,0.0,6,12.5,9,1108.94,0.0,,,
BF_BF4_h5s16n13.txt,GLCT,16,5,48,20,1200.0,1,2.1,11,22.9,9,1113.05,0.0,,,
BF_BF4_h5s16n14.txt,GLCT,16,5,48,20,1200.0,1,2.1,14,29.2,10,1197.53,0.0,,,
BF_BF4_h5s16n15.txt,GLCT,16,5,48,20,1200.0,0,0.0,4,8.3,10,1198.64,0.0,,,
BF_BF4_h5s16n16.txt,GLCT,16,5,48,20,1200.0,1,2.1,7,14.6,9,1118.41,0.0,,,
BF_BF4_h5s16n17.txt,GLCT,16,5,48,20,1200.0,1,2.1,7,14.6,9,1129.51,0.0,,,
BF_BF4_h5s16n18.txt,GLCT,16,5,48,20,1200.0,1,2.1,6,12.5,8,1134.48,0.0,,,
BF_BF4_h5s16n19.txt,GLCT,16,5,48,20,1200.0,1,2.1,9,18.8,9,1159.94,0.0,,,
BF_BF4_h5s16n2.txt,GLCT,16,5,48,20,1200.0,1,2.1,7,14.6,9,1159.35,0.0,,,
BF_BF4_h5s16n20.txt,GLCT,16,5,48,20,1200.0,1,2.1,6,12.5,8,1061.03,0.0,,,
BF_BF4_h5s16n3.txt,GLCT,16,5,48,20,1200.0,0,0.0,12,25.0,9,1147.93,0.0,,,
BF_BF4_h5s16n4.txt,GLCT,16,5,48,20,1200.0,0,0.0,5,10.4,9,1193.26,0.0,,,
BF_BF4_h5s16n5.txt,GLCT,16,5,48,20,1200.0,0,0.0,3,6.2,8,1155.07,0.0,,,
BF_BF4_h5s16n6.txt,GLCT,16,5,48,20,1200.0,2,4.2,7,14.6,8,1098.42,0.0,,,
BF_BF4_h5s16n7.txt,GLCT,16,5,48,20,1200.0,0,0.0,8,16.7,9,1160.22,0.0,,,
BF_BF4_h5s16n8.txt,GLCT,16,5,48,20,1200.0,0,0.0,2,4.2,8,1177.17,0.0,,,
BF_BF4_h5s16n9.txt,GLCT,16,5,48,20,1200.0,0,0.0,4,8.3,9,1191.26,0.0,,,
BF_BF5_h5s16n1.txt,GLCT,16,5,64,13,1200.0,1,1.6,6,9.4,10,1182.29,0.0,,,
BF_BF5_h5s16n10.txt,GLCT,16,5,64,13,1200.0,1,1.6,14,21.9,10,1164.62,0.0,,,
BF_BF5_h5s16n11.txt,GLCT,16,5,64,13,1200.0,1,1.6,7,10.9,10,1111.97,0.0,,,
BF_BF5_h5s16n12.txt,GLCT,16,5,64,13,1200.0,1,1.6,9,14.1,11,1181.27,0.0,,,
BF_BF5_h5s16n13.txt,GLCT,16,5,64,13,1200.0,0,0.0,7,10.9,11,1157.49,0.0,,,
BF_BF5_h5s16n14.txt,GLCT,16,5,64,13,1200.0,2,3.1,8,12.5,10,1124.28,0.0,,,
BF_BF5_h5s16n15.txt,GLCT,16,5,64,13,1200.0,3,4.7,8,12.5,10,1162.44,0.0,,,
BF_BF5_h5s16n16.txt,GLCT,16,5,64,13,1200.0,1,1.6,4,6.2,9,1126.61,0.0,,,
BF_BF5_h5s16n17.txt,GLCT,16,5,64,13,1200.0,1,1.6,9,14.1,10,1128.02,0.0,,,
BF_BF5_h5s16n18.txt,GLCT,16,5,64,13,1200.0,1,1.6,5,7.8,10,1144.95,0.0,,,
BF_BF5_h5s16n19.txt,GLCT,16,5,64,13,1200.0,2,3.1,7,10.9,10,1197.53,0.0,,,
BF_BF5_h5s16n2.txt,GLCT,16,5,64,13,1200.0,1,1.6,9,14.1,10,1138.88,0.0,,,
BF_BF5_h5s16n20.txt,GLCT,16,5,64,13,1200.0,2,3.1,8,12.5,10,1127.93,0.0,,,
BF_BF5_h5s16n3.txt,GLCT,16,5,64,13,1200.0,2,3.1,9,14.1,10,1158.46,0.0,,,
BF_BF5_h5s16n4.txt,GLCT,16,5,64,13,1200.0,4,6.2,11,17.2,10,1144.00,0.0,,,
BF_BF5_h5s16n5.txt,GLCT,16,5,64,13,1200.0,1,1.6,10,15.6,10,1122.50,0.0,,,
BF_BF5_h5s16n6.txt,GLCT,16,5,64,13,1200.0,0,0.0,7,10.9,11,1103.53,0.0,,,
BF_BF5_h5s16n7.txt,GLCT,16,5,64,13,1200.0,0,0.0,6,9.4,10,1157.89,0.0,,,
BF_BF5_h5s16n8.txt,GLCT,16,5,64,13,1200.0,0,0.0,4,6.2,10,1123.91,0.0,,,
BF_BF5_h5s16n9.txt,GLCT,16,5,64,13,1200.0,1,1.6,7,10.9,11,1198.83,0.0,,,
BF_BF6_h5s16n1.txt,GLCT,16,5,64,13,1200.0,2,3.1,7,10.9,10,1174.02,0.0,,,
BF_BF6_h5s16n10.txt,GLCT,16,5,64,13,1200.0,1,1.6,3,4.7,9,1154.00,0.0,,,
BF_BF6_h5s16n11.txt,GLCT,16,5,64,13,1200.0,0,0.0,3,4.7,9,1092.41,0.0,,,
BF_BF6_h5s16n12.txt,GLCT,16,5,64,13,1200.0,0,0.0,6,9.4,10,1173.66,0.0,,,
BF_BF6_h5s16n13.txt,GLCT,16,5,64,13,1200.0,2,3.1,5,7.8,9,1146.82,0.0,,,
BF_BF6_h5s16n14.txt,GLCT,16,5,64,13,1200.0,1,1.6,11,17.2,10,1135.75,0.0,,,
BF_BF6_h5s16n15.txt,GLCT,16,5,64,13,1200.0,0,0.0,7,10.9,9,1134.69,0.0,,,
BF_BF6_h5s16n16.txt,GLCT,16,5,64,13,1200.0,2,3.1,10,15.6,9,1107.95,0.0,,,
BF_BF6_h5s16n17.txt,GLCT,16,5,64,13,1200.0,0,0.0,3,4.7,9,1134.90,0.0,,,
BF_BF6_h5s16n18.txt,GLCT,16,5,64,13,1200.0,0,0.0,3,4.7,9,1061.73,0.0,,,
BF_BF6_h5s16n19.txt,GLCT,16,5,64,13,1200.0,2,3.1,7,10.9,10,1191.71,0.0,,,
BF_BF6_h5s16n2.txt,GLCT,16,5,64,13,1200.0,1,1.6,4,6.2,9,1093.11,0.0,,,
BF_BF6_h5s16n20.txt,GLCT,16,5,64,13,1200.0,0,0.0,4,6.2,9,1082.89,0.0,,,
BF_BF6_h5s16n3.txt,GLCT,16,5,64,13,1200.0,2,3.1,8,12.5,10,1153.42,0.0,,,
BF_BF6_h5s16n4.txt,GLCT,16,5,64,13,1200.0,0,0.0,3,4.7,10,1192.84,0.0,,,
BF_BF6_h5s16n5.txt,GLCT,16,5,64,13,1200.0,2,3.1,5,7.8,10,1151.20,0.0,,,
BF_BF6_h5s16n6.txt,GLCT,16,5,64,13,1200.0,0,0.0,4,6.2,10,1186.51,0.0,,,
BF_BF6_h5s16n7.txt,GLCT,16,5,64,13,1200.0,0,0.0,8,12.5,10,1182.10,0.0,,,
BF_BF6_h5s16n8.txt,GLCT,16,5,64,13,1200.0,1,1.6,9,14.1,9,1096.64,0.0,,,
BF_BF6_h5s16n9.txt,GLCT,16,5,64,13,1200.0,5,7.8,7,10.9,9,1155.03,0.0,,,
BF_BF7_h5s16n1.txt,GLCT,16,5,64,26,1200.0,1,1.6,7,10.9,10,1172.19,0.0,,,
BF_BF7_h5s16n10.txt,GLCT,16,5,64,26,1200.0,2,3.1,8,12.5,10,1111.16,0.0,,,
BF_BF7_h5s16n11.txt,GLCT,16,5,64,26,1200.0,1,1.6,7,10.9,11,1184.65,0.0,,,
BF_BF7_h5s16n12.txt,GLCT,16,5,64,26,1200.0,1,1.6,9,14.1,8,981.74,0.0,,,
BF_BF7_h5s16n13.txt,GLCT,16,5,64,26,1200.0,0,0.0,7,10.9,11,1166.71,0.0,,,
BF_BF7_h5s16n14.txt,GLCT,16,5,64,26,1200.0,1,1.6,5,7.8,9,1094.59,0.0,,,
BF_BF7_h5s16n15.txt,GLCT,16,5,64,26,1200.0,2,3.1,8,12.5,10,1133.31,0.0,,,
BF_BF7_h5s16n16.txt,GLCT,16,5,64,26,1200.0,1,1.6,6,9.4,10,1198.38,0.0,,,
BF_BF7_h5s16n17.txt,GLCT,16,5,64,26,1200.0,0,0.0,4,6.2,10,1147.57,0.0,,,
BF_BF7_h5s16n18.txt,GLCT,16,5,64,26,1200.0,3,4.7,6,9.4,9,1113.72,0.0,,,
BF_BF7_h5s16n19.txt,GLCT,16,5,64,26,1200.0,0,0.0,6,9.4,10,1154.88,0.0,,,
BF_BF7_h5s16n2.txt,GLCT,16,5,64,26,1200.0,1,1.6,8,12.5,10,1114.27,0.0,,,
BF_BF7_h5s16n20.txt,GLCT,16,5,64,26,1200.0,1,1.6,8,12.5,10,1180.97,0.0,,,
BF_BF7_h5s16n3.txt,GLCT,16,5,64,26,1200.0,1,1.6,7,10.9,10,1144.38,0.0,,,
BF_BF7_h5s16n4.txt,GLCT,16,5,64,26,1200.0,2,3.1,12,18.8,11,1192.36,0.0,,,
BF_BF7_h5s16n5.txt,GLCT,16,5,64,26,1200.0,0,0.0,6,9.4,10,1167.12,0.0,,,
BF_BF7_h5s16n6.txt,GLCT,16,5,64,26,1200.0,1,1.6,7,10.9,11,1168.18,0.0,,,
BF_BF7_h5s16n7.txt,GLCT,16,5,64,26,1200.0,1,1.6,8,12.5,9,1116.50,0.0,,,
BF_BF7_h5s16n8.txt,GLCT,16,5,64,26,1200.0,0,0.0,10,15.6,10,1154.54,0.0,,,
BF_BF7_h5s16n9.txt,GLCT,16,5,64,26,1200.0,0,0.0,9,14.1,10,1190.83,0.0,,,
BF_BF8_h5s16n1.txt,GLCT,16,5,64,26,1200.0,1,1.6,8,12.5,10,1160.96,0.0,,,
BF_BF8_h5s16n10.txt,GLCT,16,5,64,26,1200.0,0,0.0,3,4.7,10,1186.63,0.0,,,
BF_BF8_h5s16n11.txt,GLCT,16,5,64,26,1200.0,0,0.0,6,9.4,10,1192.68,0.0,,,
BF_BF8_h5s16n12.txt,GLCT,16,5,64,26,1200.0,0,0.0,6,9.4,9,1121.62,0.0,,,
BF_BF8_h5s16n13.txt,GLCT,16,5,64,26,1200.0,0,0.0,4,6.2,10,1168.62,0.0,,,
BF_BF8_h5s16n14.txt,GLCT,16,5,64,26,1200.0,0,0.0,4,6.2,9,1189.41,0.0,,,
BF_BF8_h5s16n15.txt,GLCT,16,5,64,26,1200.0,1,1.6,7,10.9,10,1150.28,0.0,,,
BF_BF8_h5s16n16.txt,GLCT,16,5,64,26,1200.0,1,1.6,5,7.8,9,1160.20,0.0,,,
BF_BF8_h5s16n17.txt,GLCT,16,5,64,26,1200.0,0,0.0,5,7.8,10,1188.48,0.0,,,
BF_BF8_h5s16n18.txt,GLCT,16,5,64,26,1200.0,1,1.6,6,9.4,9,1152.97,0.0,,,
BF_BF8_h5s16n19.txt,GLCT,16,5,64,26,1200.0,1,1.6,5,7.8,10,1196.90,0.0,,,
BF_BF8_h5s16n2.txt,GLCT,16,5,64,26,1200.0,0,0.0,6,9.4,10,1140.67,0.0,,,
BF_BF8_h5s16n20.txt,GLCT,16,5,64,26,1200.0,1,1.6,5,7.8,9,1147.09,0.0,,,
BF_BF8_h5s16n3.txt,GLCT,16,5,64,26,1200.0,1,1.6,6,9.4,9,1153.32,0.0,,,
BF_BF8_h5s16n4.txt,GLCT,16,5,64,26,1200.0,1,1.6,9,14.1,10,1165.87,0.0,,,
BF_BF8_h5s16n5.txt,GLCT,16,5,64,26,1200.0,1,1.6,8,12.5,10,1128.65,0.0,,,
BF_BF8_h5s16n6.txt,GLCT,16,5,64,26,1200.0,0,0.0,5,7.8,10,1114.72,0.0,,,
BF_BF8_h5s16n7.txt,GLCT,16,5,64,26,1200.0,2,3.1,6,9.4,10,1170.30,0.0,,,
BF_BF8_h5s16n8.txt,GLCT,16,5,64,26,1200.0,1,1.6,9,14.1,10,1176.85,0.0,,,
BF_BF8_h5s16n9.txt,GLCT,16,5,64,26,1200.0,1,1.6,5,7.8,10,1188.48,0.0,,,
BF_BF9_h8s16n1.txt,GLCT,16,8,77,16,1200.0,0,0.0,2,2.6,7,1121.61,0.0,,,
BF_BF9_h8s16n10.txt,GLCT,16,8,77,16,1200.0,1,1.3,4,5.2,8,1172.40,0.0,,,
BF_BF9_h8s16n11.txt,GLCT,16,8,77,16,1200.0,2,2.6,5,6.5,8,1176.62,0.0,,,
BF_BF9_h8s16n12.txt,GLCT,16,8,77,16,1200.0,1,1.3,3,3.9,7,1134.27,0.0,,,
BF_BF9_h8s16n13.txt,GLCT,16,8,77,16,1200.0,1,1.3,4,5.2,8,1190.12,0.0,,,
BF_BF9_h8s16n14.txt,GLCT,16,8,77,16,1200.0,2,2.6,4,5.2,9,1197.32,0.0,,,
BF_BF9_h8s16n15.txt,GLCT,16,8,77,16,1200.0,3,3.9,6,7.8,8,1069.66,0.0,,,
BF_BF9_h8s16n16.txt,GLCT,16,8,77,16,1200.0,1,1.3,8,10.4,8,1189.65,0.0,,,
BF_BF9_h8s16n17.txt,GLCT,16,8,77,16,1200.0,2,2.6,3,3.9,7,1184.62,0.0,,,
BF_BF9_h8s16n18.txt,GLCT,16,8,77,16,1200.0,3,3.9,5,6.5,7,1158.06,0.0,,,
BF_BF9_h8s16n19.txt,GLCT,16,8,77,16,1200.0,1,1.3,4,5.2,7,1113.97,0.0,,,
BF_BF9_h8s16n2.txt,GLCT,16,8,77,16,1200.0,1,1.3,3,3.9,7,1087.30,0.0,,,
BF_BF9_h8s16n20.txt,GLCT,16,8,77,16,1200.0,1,1.3,4,5.2,6,1102.57,0.0,,,
BF_BF9_h8s16n3.txt,GLCT,16,8,77,16,1200.0,1,1.3,4,5.2,8,1196.54,0.0,,,
BF_BF9_h8s16n4.txt,GLCT,16,8,77,16,1200.0,1,1.3,3,3.9,7,1120.38,0.0,,,
BF_BF9_h8s16n5.txt,GLCT,16,8,77,16,1200.0,3,3.9,4,5.2,8,1196.87,0.0,,,
BF_BF9_h8s16n6.txt,GLCT,16,8,77,16,1200.0,1,1.3,4,5.2,8,1172.09,0.0,,,
BF_BF9_h8s16n7.txt,GLCT,16,8,77,16,1200.0,1,1.3,4,5.2,8,1167.95,0.0,,,
BF_BF9_h8s16n8.txt,GLCT,16,8,77,16,1200.0,4,5.2,7,9.1,8,1078.89,0.0,,,
BF_BF9_h8s16n9.txt,GLCT,16,8,77,16,1200.0,1,1.3,7,9.1,7,1197.86,0.0,,,
BZ_h4s3f50p2n1.txt,GLCT,3,4,6,2,600.0,0,0.0,6,100.0,3,319.28,0.0,,,
BZ_h4s3f50p2n10.txt,GLCT,3,4,6,2,600.0,0,0.0,6,100.0,2,215.59,0.0,,,
BZ_h4s3f50p2n11.txt,GLCT,3,4,6,2,600.0,1,16.7,6,100.0,1,108.07,0.0,,,
BZ_h4s3f50p2n12.txt,GLCT,3,4,6,2,600.0,2,33.3,6,100.0,1,102.84,0.0,,,
BZ_h4s3f50p2n13.txt,GLCT,3,4,6,2,600.0,1,16.7,6,100.0,4,444.71,0.0,,,
BZ_h4s3f50p2n14.txt,GLCT,3,4,6,2,600.0,1,16.7,6,100.0,2,214.24,0.0,,,
BZ_h4s3f50p2n15.txt,GLCT,3,4,6,2,600.0,3,50.0,6,100.0,3,335.77,0.0,,,
BZ_h4s3f50p2n16.txt,GLCT,3,4,6,2,600.0,2,33.3,6,100.0,4,420.81,0.0,,,
BZ_h4s3f50p2n17.txt,GLCT,3,4,6,2,600.0,2,33.3,6,100.0,2,233.55,0.0,,,
BZ_h4s3f50p2n18.txt,GLCT,3,4,6,2,600.0,3,50.0,6,100.0,1,120.84,0.0,,,
BZ_h4s3f50p2n19.txt,GLCT,3,4,6,2,600.0,2,33.3,6,100.0,2,219.55,0.0,,,
BZ_h4s3f50p2n2.txt,GLCT,3,4,6,2,600.0,2,33.3,6,100.0,3,327.03,0.0,,,
BZ_h4s3f50p2n20.txt,GLCT,3,4,6,2,600.0,3,50.0,6,100.0,2,228.26,0.0,,,
BZ_h4s3f50p2n3.txt,GLCT,3,4,6,2,600.0,1,16.7,6,100.0,1,108.07,0.0,,,
BZ_h4s3f50p2n4.txt,GLCT,3,4,6,2,600.0,3,50.0,6,100.0,2,236.04,0.0,,,
BZ_h4s3f50p2n5.txt,GLCT,3,4,6,2,600.0,1,16.7,6,100.0,3,284.21,0.0,,,
BZ_h4s3f50p2n6.txt,GLCT,3,4,6,2,600.0,0,0.0,6,100.0,2,212.80,0.0,,,
BZ_h4s3f50p2n7.txt,GLCT,3,4,6,2,600.0,1,16.7,6,100.0,1,104.17,0.0,,,
BZ_h4s3f50p2n8.txt,GLCT,3,4,6,2,600.0,0,0.0,6,100.0,5,551.03,0.0,,,
BZ_h4s3f50p2n9.txt,GLCT,3,4,6,2,600.0,1,16.7,6,100.0,1,95.06,0.0,,,
BZ_h4s3f50p3n1.txt,GLCT,3,4,6,3,600.0,1,16.7,4,66.7,4,434.38,0.0,,,
BZ_h4s3f50p3n10.txt,GLCT,3,4,6,3,600.0,2,33.3,6,100.0,3,308.94,0.0,,,
BZ_h4s3f50p3n11.txt,GLCT,3,4,6,3,600.0,1,16.7,6,100.0,2,201.51,0.0,,,
BZ_h4s3f50p3n12.txt,GLCT,3,4,6,3,600.0,2,33.3,6,100.0,4,421.68,0.0,,,
BZ_h4s3f50p3n13.txt,GLCT,3,4,6,3,600.0,0,0.0,6,100.0,2,218.34,0.0,,,
BZ_h4s3f50p3n14.txt,GLCT,3,4,6,3,600.0,1,16.7,6,100.0,4,425.34,0.0,,,
BZ_h4s3f50p3n15.txt,GLCT,3,4,6,3,600.0,0,0.0,6,100.0,5,548.15,0.0,,,
BZ_h4s3f50p3n16.txt,GLCT,3,4,6,3,600.0,1,16.7,6,100.0,3,330.69,0.0,,,
BZ_h4s3f50p3n17.txt,GLCT,3,4,6,3,600.0,0,0.0,6,100.0,2,212.64,0.0,,,
BZ_h4s3f50p3n18.txt,GLCT,3,4,6,3,600.0,2,33.3,6,100.0,1,102.99,0.0,,,
BZ_h4s3f50p3n19.txt,GLCT,3,4,6,3,600.0,0,0.0,6,100.0,2,214.31,0.0,,,
BZ_h4s3f50p3n2.txt,GLCT,3,4,6,3,600.0,1,16.7,6,100.0,2,211.51,0.0,,,
BZ_h4s3f50p3n20.txt,GLCT,3,4,6,3,600.0,2,33.3,6,100.0,1,126.02,0.0,,,
BZ_h4s3f50p3n3.txt,GLCT,3,4,6,3,600.0,3,50.0,6,100.0,5,528.20,0.0,,,
BZ_h4s3f50p3n4.txt,GLCT,3,4,6,3,600.0,0,0.0,6,100.0,5,544.44,0.0,,,
BZ_h4s3f50p3n5.txt,GLCT,3,4,6,3,600.0,1,16.7,6,100.0,2,193.74,0.0,,,
BZ_h4s3f50p3n6.txt,GLCT,3,4,6,3,600.0,0,0.0,6,100.0,3,284.21,0.0,,,
BZ_h4s3f50p3n7.txt,GLCT,3,4,6,2,600.0,0,0.0,6,100.0,1,109.17,0.0,,,
BZ_h4s3f50p3n8.txt,GLCT,3,4,6,3,600.0,0,0.0,6,100.0,3,330.86,0.0,,,
BZ_h4s3f50p3n9.txt,GLCT,3,4,6,3,600.0,0,0.0,6,100.0,3,315.32,0.0,,,
BZ_h4s3f50p6n1.txt,GLCT,3,4,6,6,600.0,0,0.0,6,100.0,5,547.13,0.0,,,
BZ_h4s3f50p6n10.txt,GLCT,3,4,6,6,600.0,1,16.7,3,50.0,3,320.95,0.0,,,
BZ_h4s3f50p6n11.txt,GLCT,3,4,6,6,600.0,0,0.0,6,100.0,5,545.67,0.0,,,
BZ_h4s3f50p6n12.txt,GLCT,3,4,6,6,600.0,2,33.3,6,100.0,3,351.23,0.0,,,
BZ_h4s3f50p6n13.txt,GLCT,3,4,6,5,600.0,1,16.7,6,100.0,1,99.99,0.0,,,
BZ_h4s3f50p6n14.txt,GLCT,3,4,6,6,600.0,0,0.0,6,100.0,5,540.75,0.0,,,
BZ_h4s3f50p6n15.txt,GLCT,3,4,6,6,600.0,0,0.0,4,66.7,3,321.97,0.0,,,
BZ_h4s3f50p6n16.txt,GLCT,3,4,6,5,600.0,1,16.7,6,100.0,1,125.98,0.0,,,
BZ_h4s3f50p6n17.txt,GLCT,3,4,6,6,600.0,2,33.3,6,100.0,3,351.23,0.0,,,
BZ_h4s3f50p6n18.txt,GLCT,3,4,6,6,600.0,1,16.7,3,50.0,4,453.99,0.0,,,
BZ_h4s3f50p6n19.txt,GLCT,3,4,6,6,600.0,1,16.7,6,100.0,1,110.47,0.0,,,
BZ_h4s3f50p6n2.txt,GLCT,3,4,6,6,600.0,2,33.3,6,100.0,4,439.63,0.0,,,
BZ_h4s3f50p6n20.txt,GLCT,3,4,6,4,600.0,0,0.0,6,100.0,1,102.58,0.0,,,
BZ_h4s3f50p6n3.txt,GLCT,3,4,6,5,600.0,0,0.0,4,66.7,4,408.69,0.0,,,
BZ_h4s3f50p6n4.txt,GLCT,3,4,6,5,600.0,0,0.0,3,50.0,4,453.87,0.0,,,
BZ_h4s3f50p6n5.txt,GLCT,3,4,6,6,600.0,2,33.3,4,66.7,4,443.40,0.0,,,
BZ_h4s3f50p6n6.txt,GLCT,3,4,6,6,600.0,2,33.3,6,100.0,4,453.99,0.0,,,
BZ_h4s3f50p6n7.txt,GLCT,3,4,6,5,600.0,0,0.0,3,50.0,5,546.01,0.0,,,
BZ_h4s3f50p6n8.txt,GLCT,3,4,6,6,600.0,0,0.0,6,100.0,5,553.78,0.0,,,
BZ_h4s3f50p6n9.txt,GLCT,3,4,6,6,600.0,0,0.0,6,100.0,3,348.38,0.0,,,
BZ_h4s3f70p2n1.txt,GLCT,3,4,8,2,600.0,2,25.0,8,100.0,6,577.45,0.0,,,
BZ_h4s3f70p2n10.txt,GLCT,3,4,8,2,600.0,3,37.5,8,100.0,2,200.05,0.0,,,
BZ_h4s3f70p2n11.txt,GLCT,3,4,8,2,600.0,3,37.5,4,50.0,3,281.67,0.0,,,
BZ_h4s3f70p2n12.txt,GLCT,3,4,8,2,600.0,0,0.0,8,100.0,3,288.27,0.0,,,
BZ_h4s3f70p2n13.txt,GLCT,3,4,8,2,600.0,0,0.0,1,12.5,4,378.07,0.0,,,
BZ_h4s3f70p2n14.txt,GLCT,3,4,8,2,600.0,2,25.0,8,100.0,4,379.60,0.0,,,
BZ_h4s3f70p2n15.txt,GLCT,3,4,8,2,600.0,0,0.0,8,100.0,2,187.23,0.0,,,
BZ_h4s3f70p2n16.txt,GLCT,3,4,8,2,600.0,1,12.5,8,100.0,1,110.47,0.0,,,
BZ_h4s3f70p2n17.txt,GLCT,3,4,8,2,600.0,4,50.0,4,50.0,1,89.81,0.0,,,
BZ_h4s3f70p2n18.txt,GLCT,3,4,8,2,600.0,5,62.5,5,62.5,1,104.17,0.0,,,
BZ_h4s3f70p2n19.txt,GLCT,3,4,8,2,600.0,3,37.5,8,100.0,5,504.65,0.0,,,
BZ_h4s3f70p2n2.txt,GLCT,3,4,8,2,600.0,0,0.0,8,100.0,3,284.58,0.0,,,
BZ_h4s3f70p2n20.txt,GLCT,3,4,8,2,600.0,2,25.0,2,25.0,3,274.07,0.0,,,
BZ_h4s3f70p2n3.txt,GLCT,3,4,8,2,600.0,2,25.0,8,100.0,1,88.54,0.0,,,
BZ_h4s3f70p2n4.txt,GLCT,3,4,8,2,600.0,2,25.0,2,25.0,4,344.72,0.0,,,
BZ_h4s3f70p2n5.txt,GLCT,3,4,8,2,600.0,5,62.5,5,62.5,1,105.47,0.0,,,
BZ_h4s3f70p2n6.txt,GLCT,3,4,8,2,600.0,3,37.5,8,100.0,3,301.35,0.0,,,
BZ_h4s3f70p2n7.txt,GLCT,3,4,8,2,600.0,2,25.0,8,100.0,2,187.02,0.0,,,
BZ_h4s3f70p2n8.txt,GLCT,3,4,8,2,600.0,1,12.5,8,100.0,5,499.13,0.0,,,
BZ_h4s3f70p2n9.txt,GLCT,3,4,8,2,600.0,0,0.0,8,100.0,1,101.32,0.0,,,
BZ_h4s3f70p3n1.txt,GLCT,3,4,8,3,600.0,0,0.0,8,100.0,3,289.44,0.0,,,
BZ_h4s3f70p3n10.txt,GLCT,3,4,8,3,600.0,2,25.0,8,100.0,1,102.99,0.0,,,
BZ_h4s3f70p3n11.txt,GLCT,3,4,8,3,600.0,0,0.0,1,12.5,1,105.22,0.0,,,
BZ_h4s3f70p3n12.txt,GLCT,3,4,8,3,600.0,1,12.5,1,12.5,0,0.00,0.0,,,
BZ_h4s3f70p3n13.txt,GLCT,3,4,8,3,600.0,3,37.5,8,100.0,1,108.07,0.0,,,
BZ_h4s3f70p3n14.txt,GLCT,3,4,8,3,600.0,1,12.5,8,100.0,4,362.77,0.0,,,
BZ_h4s3f70p3n15.txt,GLCT,3,4,8,3,600.0,0,0.0,3,37.5,6,597.90,0.0,,,
BZ_h4s3f70p3n16.txt,GLCT,3,4,8,3,600.0,3,37.5,3,37.5,2,178.30,0.0,,,
BZ_h4s3f70p3n17.txt,GLCT,3,4,8,3,600.0,1,12.5,4,50.0,5,457.42,0.0,,,
BZ_h4s3f70p3n18.txt,GLCT,3,4,8,3,600.0,0,0.0,4,50.0,2,182.42,0.0,,,
BZ_h4s3f70p3n19.txt,GLCT,3,4,8,3,600.0,1,12.5,1,12.5,0,0.00,0.0,,,
BZ_h4s3f70p3n2.txt,GLCT,3,4,8,3,600.0,1,12.5,8,100.0,1,96.39,0.0,,,
BZ_h4s3f70p3n20.txt,GLCT,3,4,8,3,600.0,3,37.5,3,37.5,0,0.00,0.0,,,
BZ_h4s3f70p3n3.txt,GLCT,3,4,8,3,600.0,4,50.0,8,100.0,2,219.55,0.0,,,
BZ_h4s3f70p3n4.txt,GLCT,3,4,8,3,600.0,0,0.0,8,100.0,5,485.11,0.0,,,
BZ_h4s3f70p3n5.txt,GLCT,3,4,8,3,600.0,0,0.0,2,25.0,3,288.27,0.0,,,
BZ_h4s3f70p3n6.txt,GLCT,3,4,8,3,600.0,2,25.0,8,100.0,5,472.28,0.0,,,
BZ_h4s3f70p3n7.txt,GLCT,3,4,8,3,600.0,0,0.0,8,100.0,5,507.40,0.0,,,
BZ_h4s3f70p3n8.txt,GLCT,3,4,8,3,600.0,0,0.0,1,12.5,1,109.17,0.0,,,
BZ_h4s3f70p3n9.txt,GLCT,3,4,8,3,600.0,0,0.0,8,100.0,6,575.72,0.0,,,
BZ_h4s3f70p6n1.txt,GLCT,3,4,8,6,600.0,0,0.0,3,37.5,4,426.64,0.0,,,
BZ_h4s3f70p6n10.txt,GLCT,3,4,8,4,600.0,2,25.0,5,62.5,4,407.08,0.0,,,
BZ_h4s3f70p6n11.txt,GLCT,3,4,8,5,600.0,2,25.0,3,37.5,4,377.00,0.0,,,
BZ_h4s3f70p6n12.txt,GLCT,3,4,8,6,600.0,1,12.5,8,100.0,3,288.27,0.0,,,
BZ_h4s3f70p6n13.txt,GLCT,3,4,8,6,600.0,1,12.5,8,100.0,4,388.30,0.0,,,
BZ_h4s3f70p6n14.txt,GLCT,3,4,8,6,600.0,2,25.0,3,37.5,5,500.60,0.0,,,
BZ_h4s3f70p6n15.txt,GLCT,3,4,8,4,600.0,1,12.5,4,50.0,6,568.58,0.0,,,
BZ_h4s3f70p6n16.txt,GLCT,3,4,8,6,600.0,6,75.0,8,100.0,4,402.00,0.0,,,
BZ_h4s3f70p6n17.txt,GLCT,3,4,8,6,600.0,0,0.0,5,62.5,4,374.32,0.0,,,
BZ_h4s3f70p6n18.txt,GLCT,3,4,8,6,600.0,0,0.0,1,12.5,1,102.62,0.0,,,
BZ_h4s3f70p6n19.txt,GLCT,3,4,8,6,600.0,0,0.0,8,100.0,2,184.64,0.0,,,
BZ_h4s3f70p6n2.txt,GLCT,3,4,8,6,600.0,4,50.0,8,100.0,5,500.60,0.0,,,
BZ_h4s3f70p6n20.txt,GLCT,3,4,8,6,600.0,3,37.5,3,37.5,0,0.00,0.0,,,
BZ_h4s3f70p6n3.txt,GLCT,3,4,8,6,600.0,1,12.5,1,12.5,1,74.36,0.0,,,
BZ_h4s3f70p6n4.txt,GLCT,3,4,8,6,600.0,0,0.0,2,25.0,5,456.87,0.0,,,
BZ_h4s3f70p6n5.txt,GLCT,3,4,8,5,600.0,4,50.0,5,62.5,4,381.61,0.0,,,
BZ_h4s3f70p6n6.txt,GLCT,3,4,8,6,600.0,1,12.5,1,12.5,0,0.00,0.0,,,
BZ_h4s3f70p6n7.txt,GLCT,3,4,8,5,600.0,0,0.0,1,12.5,5,431.89,0.0,,,
BZ_h4s3f70p6n8.txt,GLCT,3,4,8,6,600.0,0,0.0,3,37.5,3,290.90,0.0,,,
BZ_h4s3f70p6n9.txt,GLCT,3,4,8,6,600.0,0,0.0,8,100.0,2,182.02,0.0,,,
BZ_h4s5f50p2n1.txt,GLCT,5,4,10,2,600.0,3,30.0,10,100.0,2,207.39,0.0,,,
BZ_h4s5f50p2n10.txt,GLCT,5,4,10,2,600.0,4,40.0,10,100.0,4,455.53,0.0,,,
BZ_h4s5f50p2n11.txt,GLCT,5,4,10,2,600.0,0,0.0,10,100.0,5,516.44,0.0,,,
BZ_h4s5f50p2n12.txt,GLCT,5,4,10,2,600.0,0,0.0,10,100.0,5,569.69,0.0,,,
BZ_h4s5f50p2n13.txt,GLCT,5,4,10,2,600.0,3,30.0,10,100.0,2,211.14,0.0,,,
BZ_h4s5f50p2n14.txt,GLCT,5,4,10,2,600.0,1,10.0,10,100.0,3,300.87,0.0,,,
BZ_h4s5f50p2n15.txt,GLCT,5,4,10,2,600.0,3,30.0,10,100.0,5,550.53,0.0,,,
BZ_h4s5f50p2n16.txt,GLCT,5,4,10,2,600.0,2,20.0,10,100.0,2,219.26,0.0,,,
BZ_h4s5f50p2n17.txt,GLCT,5,4,10,2,600.0,3,30.0,10,100.0,6,598.21,0.0,,,
BZ_h4s5f50p2n18.txt,GLCT,5,4,10,2,600.0,2,20.0,4,40.0,4,416.84,0.0,,,
BZ_h4s5f50p2n19.txt,GLCT,5,4,10,2,600.0,2,20.0,10,100.0,1,118.37,0.0,,,
BZ_h4s5f50p2n2.txt,GLCT,5,4,10,2,600.0,3,30.0,10,100.0,1,117.94,0.0,,,
BZ_h4s5f50p2n20.txt,GLCT,5,4,10,2,600.0,1,10.0,10,100.0,4,437.44,0.0,,,
BZ_h4s5f50p2n3.txt,GLCT,5,4,10,2,600.0,2,20.0,10,100.0,3,301.16,0.0,,,
BZ_h4s5f50p2n4.txt,GLCT,5,4,10,2,600.0,4,40.0,10,100.0,2,185.97,0.0,,,
BZ_h4s5f50p2n5.txt,GLCT,5,4,10,2,600.0,6,60.0,10,100.0,4,436.88,0.0,,,
BZ_h4s5f50p2n6.txt,GLCT,5,4,10,2,600.0,2,20.0,10,100.0,3,312.88,0.0,,,
BZ_h4s5f50p2n7.txt,GLCT,5,4,10,2,600.0,1,10.0,10,100.0,2,220.02,0.0,,,
BZ_h4s5f50p2n8.txt,GLCT,5,4,10,2,600.0,1,10.0,10,100.0,2,193.56,0.0,,,
BZ_h4s5f50p2n9.txt,GLCT,5,4,10,2,600.0,5,50.0,10,100.0,1,105.52,0.0,,,
BZ_h4s5f50p3n1.txt,GLCT,5,4,10,3,600.0,1,10.0,10,100.0,1,99.09,0.0,,,
BZ_h4s5f50p3n10.txt,GLCT,5,4,10,3,600.0,1,10.0,10,100.0,4,454.86,0.0,,,
BZ_h4s5f50p3n11.txt,GLCT,5,4,10,3,600.0,2,20.0,10,100.0,4,461.97,0.0,,,
BZ_h4s5f50p3n12.txt,GLCT,5,4,10,3,600.0,3,30.0,10,100.0,1,119.45,0.0,,,
BZ_h4s5f50p3n13.txt,GLCT,5,4,10,3,600.0,6,60.0,10,100.0,2,251.49,0.0,,,
BZ_h4s5f50p3n14.txt,GLCT,5,4,10,3,600.0,3,30.0,10,100.0,2,179.56,0.0,,,
BZ_h4s5f50p3n15.txt,GLCT,5,4,10,3,600.0,2,20.0,10,100.0,5,555.01,0.0,,,
BZ_h4s5f50p3n16.txt,GLCT,5,4,10,3,600.0,1,10.0,4,40.0,6,578.76,0.0,,,
BZ_h4s5f50p3n17.txt,GLCT,5,4,10,3,600.0,3,30.0,10,100.0,2,230.38,0.0,,,
BZ_h4s5f50p3n18.txt,GLCT,5,4,10,3,600.0,0,0.0,6,60.0,4,394.87,0.0,,,
BZ_h4s5f50p3n19.txt,GLCT,5,4,10,3,600.0,1,10.0,10,100.0,4,449.27,0.0,,,
BZ_h4s5f50p3n2.txt,GLCT,5,4,10,3,600.0,2,20.0,10,100.0,3,322.50,0.0,,,
BZ_h4s5f50p3n20.txt,GLCT,5,4,10,3,600.0,1,10.0,5,50.0,6,592.66,0.0,,,
BZ_h4s5f50p3n3.txt,GLCT,5,4,10,3,600.0,4,40.0,10,100.0,3,336.96,0.0,,,
BZ_h4s5f50p3n4.txt,GLCT,5,4,10,3,600.0,3,30.0,10,100.0,5,509.81,0.0,,,
BZ_h4s5f50p3n5.txt,GLCT,5,4,10,3,600.0,4,40.0,10,100.0,5,585.28,0.0,,,
BZ_h4s5f50p3n6.txt,GLCT,5,4,10,3,600.0,1,10.0,10,100.0,4,467.63,0.0,,,
BZ_h4s5f50p3n7.txt,GLCT,5,4,10,3,600.0,5,50.0,10,100.0,5,598.16,0.0,,,
BZ_h4s5f50p3n8.txt,GLCT,5,4,10,3,600.0,3,30.0,10,100.0,2,211.14,0.0,,,
BZ_h4s5f50p3n9.txt,GLCT,5,4,10,3,600.0,5,50.0,7,70.0,4,427.61,0.0,,,
BZ_h4s5f50p6n1.txt,GLCT,5,4,10,5,600.0,3,30.0,10,100.0,3,338.21,0.0,,,
BZ_h4s5f50p6n10.txt,GLCT,5,4,10,6,600.0,4,40.0,10,100.0,2,209.47,0.0,,,
BZ_h4s5f50p6n11.txt,GLCT,5,4,10,6,600.0,2,20.0,7,70.0,5,574.32,0.0,,,
BZ_h4s5f50p6n12.txt,GLCT,5,4,10,6,600.0,0,0.0,10,100.0,3,357.63,0.0,,,
BZ_h4s5f50p6n13.txt,GLCT,5,4,10,6,600.0,2,20.0,5,50.0,5,549.23,0.0,,,
BZ_h4s5f50p6n14.txt,GLCT,5,4,10,6,600.0,2,20.0,5,50.0,5,544.25,0.0,,,
BZ_h4s5f50p6n15.txt,GLCT,5,4,10,5,600.0,0,0.0,5,50.0,5,595.98,0.0,,,
BZ_h4s5f50p6n16.txt,GLCT,5,4,10,6,600.0,3,30.0,10,100.0,2,224.35,0.0,,,
BZ_h4s5f50p6n17.txt,GLCT,5,4,10,6,600.0,0,0.0,6,60.0,6,587.88,0.0,,,
BZ_h4s5f50p6n18.txt,GLCT,5,4,10,6,600.0,0,0.0,10,100.0,5,529.42,0.0,,,
BZ_h4s5f50p6n19.txt,GLCT,5,4,10,6,600.0,1,10.0,10,100.0,3,363.56,0.0,,,
BZ_h4s5f50p6n2.txt,GLCT,5,4,10,6,600.0,2,20.0,10,100.0,2,199.06,0.0,,,
BZ_h4s5f50p6n20.txt,GLCT,5,4,10,5,600.0,2,20.0,10,100.0,3,344.08,0.0,,,
BZ_h4s5f50p6n3.txt,GLCT,5,4,10,6,600.0,3,30.0,10,100.0,4,474.41,0.0,,,
BZ_h4s5f50p6n4.txt,GLCT,5,4,10,6,600.0,0,0.0,5,50.0,4,435.86,0.0,,,
BZ_h4s5f50p6n5.txt,GLCT,5,4,10,6,600.0,0,0.0,10,100.0,1,113.20,0.0,,,
BZ_h4s5f50p6n6.txt,GLCT,5,4,10,6,600.0,1,10.0,6,60.0,4,433.45,0.0,,,
BZ_h4s5f50p6n7.txt,GLCT,5,4,10,6,600.0,0,0.0,3,30.0,5,541.84,0.0,,,
BZ_h4s5f50p6n8.txt,GLCT,5,4,10,6,600.0,1,10.0,4,40.0,4,410.08,0.0,,,
BZ_h4s5f50p6n9.txt,GLCT,5,4,10,6,600.0,0,0.0,6,60.0,5,567.36,0.0,,,
BZ_h4s5f70p2n1.txt,GLCT,5,4,14,2,600.0,4,28.6,14,100.0,4,327.42,0.0,,,
BZ_h4s5f70p2n10.txt,GLCT,5,4,14,2,600.0,4,28.6,14,100.0,2,193.81,0.0,,,
BZ_h4s5f70p2n11.txt,GLCT,5,4,14,2,600.0,4,28.6,14,100.0,5,438.03,0.0,,,
BZ_h4s5f70p2n12.txt,GLCT,5,4,14,2,600.0,3,21.4,14,100.0,2,191.30,0.0,,,
BZ_h4s5f70p2n13.txt,GLCT,5,4,14,2,600.0,2,14.3,14,100.0,4,407.30,0.0,,,
BZ_h4s5f70p2n14.txt,GLCT,5,4,14,2,600.0,4,28.6,7,50.0,6,583.65,0.0,,,
BZ_h4s5f70p2n15.txt,GLCT,5,4,14,2,600.0,6,42.9,14,100.0,4,414.94,0.0,,,
BZ_h4s5f70p2n16.txt,GLCT,5,4,14,2,600.0,8,57.1,10,71.4,3,250.88,0.0,,,
BZ_h4s5f70p2n17.txt,GLCT,5,4,14,2,600.0,5,35.7,14,100.0,5,470.16,0.0,,,
BZ_h4s5f70p2n18.txt,GLCT,5,4,14,2,600.0,7,50.0,14,100.0,5,493.01,0.0,,,
BZ_h4s5f70p2n19.txt,GLCT,5,4,14,2,600.0,1,7.1,14,100.0,2,192.55,0.0,,,
BZ_h4s5f70p2n2.txt,GLCT,5,4,14,2,600.0,9,64.3,14,100.0,1,106.69,0.0,,,
BZ_h4s5f70p2n20.txt,GLCT,5,4,14,2,600.0,4,28.6,14,100.0,2,171.61,0.0,,,
BZ_h4s5f70p2n3.txt,GLCT,5,4,14,2,600.0,3,21.4,14,100.0,5,516.27,0.0,,,
BZ_h4s5f70p2n4.txt,GLCT,5,4,14,2,600.0,7,50.0,14,100.0,1,107.51,0.0,,,
BZ_h4s5f70p2n5.txt,GLCT,5,4,14,2,600.0,6,42.9,14,100.0,5,503.08,0.0,,,
BZ_h4s5f70p2n6.txt,GLCT,5,4,14,2,600.0,1,7.1,14,100.0,2,199.90,0.0,,,
BZ_h4s5f70p2n7.txt,GLCT,5,4,14,2,600.0,3,21.4,5,35.7,6,589.39,0.0,,,
BZ_h4s5f70p2n8.txt,GLCT,5,4,14,2,600.0,4,28.6,7,50.0,6,593.19,0.0,,,
BZ_h4s5f70p2n9.txt,GLCT,5,4,14,2,600.0,2,14.3,6,42.9,5,495.87,0.0,,,
BZ_h4s5f70p3n1.txt,GLCT,5,4,14,3,600.0,1,7.1,5,35.7,6,594.75,0.0,,,
BZ_h4s5f70p3n10.txt,GLCT,5,4,14,3,600.0,5,35.7,14,100.0,4,464.77,0.0,,,
BZ_h4s5f70p3n11.txt,GLCT,5,4,14,3,600.0,1,7.1,7,50.0,5,526.73,0.0,,,
BZ_h4s5f70p3n12.txt,GLCT,5,4,14,3,600.0,3,21.4,8,57.1,6,596.58,0.0,,,
BZ_h4s5f70p3n13.txt,GLCT,5,4,14,3,600.0,4,28.6,9,64.3,5,481.21,0.0,,,
BZ_h4s5f70p3n14.txt,GLCT,5,4,14,3,600.0,1,7.1,14,100.0,5,463.41,0.0,,,
BZ_h4s5f70p3n15.txt,GLCT,5,4,14,3,600.0,0,0.0,7,50.0,4,413.40,0.0,,,
BZ_h4s5f70p3n16.txt,GLCT,5,4,14,3,600.0,4,28.6,7,50.0,6,561.46,0.0,,,
BZ_h4s5f70p3n17.txt,GLCT,5,4,14,3,600.0,1,7.1,3,21.4,4,392.50,0.0,,,
BZ_h4s5f70p3n18.txt,GLCT,5,4,14,3,600.0,2,14.3,4,28.6,5,531.13,0.0,,,
BZ_h4s5f70p3n19.txt,GLCT,5,4,14,3,600.0,3,21.4,9,64.3,6,588.77,0.0,,,
BZ_h4s5f70p3n2.txt,GLCT,5,4,14,3,600.0,3,21.4,6,42.9,6,568.80,0.0,,,
BZ_h4s5f70p3n20.txt,GLCT,5,4,14,3,600.0,8,57.1,14,100.0,5,518.57,0.0,,,
BZ_h4s5f70p3n3.txt,GLCT,5,4,14,3,600.0,3,21.4,14,100.0,4,387.84,0.0,,,
BZ_h4s5f70p3n4.txt,GLCT,5,4,14,3,600.0,3,21.4,14,100.0,4,394.89,0.0,,,
BZ_h4s5f70p3n5.txt,GLCT,5,4,14,3,600.0,1,7.1,6,42.9,6,591.47,0.0,,,
BZ_h4s5f70p3n6.txt,GLCT,5,4,14,3,600.0,1,7.1,3,21.4,5,523.89,0.0,,,
BZ_h4s5f70p3n7.txt,GLCT,5,4,14,3,600.0,3,21.4,6,42.9,5,510.04,0.0,,,
BZ_h4s5f70p3n8.txt,GLCT,5,4,14,3,600.0,5,35.7,14,100.0,5,504.50,0.0,,,
BZ_h4s5f70p3n9.txt,GLCT,5,4,14,3,600.0,2,14.3,6,42.9,4,392.81,0.0,,,
BZ_h4s5f70p6n1.txt,GLCT,5,4,14,6,600.0,0,0.0,2,14.3,5,459.68,0.0,,,
BZ_h4s5f70p6n10.txt,GLCT,5,4,14,6,600.0,2,14.3,3,21.4,5,545.91,0.0,,,
BZ_h4s5f70p6n11.txt,GLCT,5,4,14,6,600.0,0,0.0,5,35.7,5,534.08,0.0,,,
BZ_h4s5f70p6n12.txt,GLCT,5,4,14,6,600.0,2,14.3,4,28.6,6,572.81,0.0,,,
BZ_h4s5f70p6n13.txt,GLCT,5,4,14,6,600.0,0,0.0,5,35.7,5,543.56,0.0,,,
BZ_h4s5f70p6n14.txt,GLCT,5,4,14,5,600.0,2,14.3,3,21.4,3,277.93,0.0,,,
BZ_h4s5f70p6n15.txt,GLCT,5,4,14,6,600.0,0,0.0,7,50.0,5,448.15,0.0,,,
BZ_h4s5f70p6n16.txt,GLCT,5,4,14,6,600.0,1,7.1,14,100.0,5,506.98,0.0,,,
BZ_h4s5f70p6n17.txt,GLCT,5,4,14,6,600.0,1,7.1,4,28.6,5,459.05,0.0,,,
BZ_h4s5f70p6n18.txt,GLCT,5,4,14,6,600.0,0,0.0,3,21.4,5,461.91,0.0,,,
BZ_h4s5f70p6n19.txt,GLCT,5,4,14,6,600.0,2,14.3,14,100.0,5,523.94,0.0,,,
BZ_h4s5f70p6n2.txt,GLCT,5,4,14,6,600.0,3,21.4,5,35.7,6,546.51,0.0,,,
BZ_h4s5f70p6n20.txt,GLCT,5,4,14,6,600.0,0,0.0,7,50.0,6,555.10,0.0,,,
BZ_h4s5f70p6n3.txt,GLCT,5,4,14,6,600.0,0,0.0,5,35.7,6,588.99,0.0,,,
BZ_h4s5f70p6n4.txt,GLCT,5,4,14,6,600.0,3,21.4,6,42.9,6,522.39,0.0,,,
BZ_h4s5f70p6n5.txt,GLCT,5,4,14,6,600.0,0,0.0,7,50.0,5,527.30,0.0,,,
BZ_h4s5f70p6n6.txt,GLCT,5,4,14,6,600.0,4,28.6,5,35.7,4,382.63,0.0,,,
BZ_h4s5f70p6n7.txt,GLCT,5,4,14,6,600.0,0,0.0,6,42.9,5,464.00,0.0,,,
BZ_h4s5f70p6n8.txt,GLCT,5,4,14,6,600.0,4,28.6,14,100.0,4,414.33,0.0,,,
BZ_h4s5f70p6n9.txt,GLCT,5,4,14,6,600.0,1,7.1,4,28.6,6,583.62,0.0,,,
BZ_h4s7f50p2n1.txt,GLCT,7,4,14,2,600.0,7,50.0,14,100.0,3,329.61,0.0,,,
BZ_h4s7f50p2n10.txt,GLCT,7,4,14,2,600.0,5,35.7,14,100.0,2,218.84,0.0,,,
BZ_h4s7f50p2n11.txt,GLCT,7,4,14,2,600.0,5,35.7,14,100.0,1,107.68,0.0,,,
BZ_h4s7f50p2n12.txt,GLCT,7,4,14,2,600.0,5,35.7,14,100.0,2,192.55,0.0,,,
BZ_h4s7f50p2n13.txt,GLCT,7,4,14,2,600.0,3,21.4,6,42.9,5,500.48,0.0,,,
BZ_h4s7f50p2n14.txt,GLCT,7,4,14,2,600.0,2,14.3,14,100.0,5,519.33,0.0,,,
BZ_h4s7f50p2n15.txt,GLCT,7,4,14,2,600.0,7,50.0,8,57.1,5,496.52,0.0,,,
BZ_h4s7f50p2n16.txt,GLCT,7,4,14,2,600.0,2,14.3,14,100.0,3,333.42,0.0,,,
BZ_h4s7f50p2n17.txt,GLCT,7,4,14,2,600.0,3,21.4,6,42.9,5,540.11,0.0,,,
BZ_h4s7f50p2n18.txt,GLCT,7,4,14,2,600.0,5,35.7,14,100.0,5,541.51,0.0,,,
BZ_h4s7f50p2n19.txt,GLCT,7,4,14,2,600.0,4,28.6,6,42.9,4,436.96,0.0,,,
BZ_h4s7f50p2n2.txt,GLCT,7,4,14,2,600.0,6,42.9,14,100.0,1,93.95,0.0,,,
BZ_h4s7f50p2n20.txt,GLCT,7,4,14,2,600.0,5,35.7,14,100.0,2,193.05,0.0,,,
BZ_h4s7f50p2n3.txt,GLCT,7,4,14,2,600.0,8,57.1,14,100.0,3,334.68,0.0,,,
BZ_h4s7f50p2n4.txt,GLCT,7,4,14,2,600.0,3,21.4,14,100.0,2,193.39,0.0,,,
BZ_h4s7f50p2n5.txt,GLCT,7,4,14,2,600.0,3,21.4,14,100.0,2,192.29,0.0,,,
BZ_h4s7f50p2n6.txt,GLCT,7,4,14,2,600.0,3,21.4,6,42.9,5,491.56,0.0,,,
BZ_h4s7f50p2n7.txt,GLCT,7,4,14,2,600.0,3,21.4,5,35.7,5,563.56,0.0,,,
BZ_h4s7f50p2n8.txt,GLCT,7,4,14,2,600.0,4,28.6,14,100.0,2,218.10,0.0,,,
BZ_h4s7f50p2n9.txt,GLCT,7,4,14,2,600.0,7,50.0,14,100.0,2,240.07,0.0,,,
BZ_h4s7f50p3n1.txt,GLCT,7,4,14,3,600.0,3,21.4,8,57.1,6,597.35,0.0,,,
BZ_h4s7f50p3n10.txt,GLCT,7,4,14,3,600.0,1,7.1,14,100.0,3,322.98,0.0,,,
BZ_h4s7f50p3n11.txt,GLCT,7,4,14,3,600.0,4,28.6,9,64.3,4,419.37,0.0,,,
BZ_h4s7f50p3n12.txt,GLCT,7,4,14,3,600.0,2,14.3,10,71.4,5,537.23,0.0,,,
BZ_h4s7f50p3n13.txt,GLCT,7,4,14,3,600.0,4,28.6,10,71.4,5,551.03,0.0,,,
BZ_h4s7f50p3n14.txt,GLCT,7,4,14,3,600.0,1,7.1,6,42.9,5,569.50,0.0,,,
BZ_h4s7f50p3n15.txt,GLCT,7,4,14,3,600.0,1,7.1,14,100.0,5,560.79,0.0,,,
BZ_h4s7f50p3n16.txt,GLCT,7,4,14,3,600.0,2,14.3,14,100.0,3,286.80,0.0,,,
BZ_h4s7f50p3n17.txt,GLCT,7,4,14,3,600.0,2,14.3,14,100.0,3,339.67,0.0,,,
BZ_h4s7f50p3n18.txt,GLCT,7,4,14,3,600.0,8,57.1,14,100.0,2,245.15,0.0,,,
BZ_h4s7f50p3n19.txt,GLCT,7,4,14,3,600.0,3,21.4,8,57.1,4,401.90,0.1,,,
BZ_h4s7f50p3n2.txt,GLCT,7,4,14,3,600.0,5,35.7,6,42.9,5,517.42,0.0,,,
BZ_h4s7f50p3n20.txt,GLCT,7,4,14,3,600.0,2,14.3,14,100.0,5,523.58,0.0,,,
BZ_h4s7f50p3n3.txt,GLCT,7,4,14,3,600.0,1,7.1,5,35.7,5,532.06,0.0,,,
BZ_h4s7f50p3n4.txt,GLCT,7,4,14,3,600.0,3,21.4,10,71.4,5,514.33,0.0,,,
BZ_h4s7f50p3n5.txt,GLCT,7,4,14,3,600.0,4,28.6,8,57.1,5,547.10,0.0,,,
BZ_h4s7f50p3n6.txt,GLCT,7,4,14,3,600.0,5,35.7,14,100.0,4,417.20,0.0,,,
BZ_h4s7f50p3n7.txt,GLCT,7,4,14,3,600.0,2,14.3,14,100.0,2,220.70,0.0,,,
BZ_h4s7f50p3n8.txt,GLCT,7,4,14,3,600.0,0,0.0,14,100.0,4,426.49,0.0,,,
BZ_h4s7f50p3n9.txt,GLCT,7,4,14,3,600.0,7,50.0,14,100.0,3,314.30,0.0,,,
BZ_h4s7f50p6n1.txt,GLCT,7,4,14,5,600.0,2,14.3,7,50.0,6,597.43,0.0,,,
BZ_h4s7f50p6n10.txt,GLCT,7,4,14,6,600.0,1,7.1,6,42.9,4,416.19,0.0,,,
BZ_h4s7f50p6n11.txt,GLCT,7,4,14,6,600.0,1,7.1,7,50.0,6,556.85,0.0,,,
BZ_h4s7f50p6n12.txt,GLCT,7,4,14,6,600.0,3,21.4,14,100.0,5,555.05,0.0,,,
BZ_h4s7f50p6n13.txt,GLCT,7,4,14,6,600.0,0,0.0,8,57.1,5,549.99,0.0,,,
BZ_h4s7f50p6n14.txt,GLCT,7,4,14,6,600.0,5,35.7,14,100.0,2,216.91,0.0,,,
BZ_h4s7f50p6n15.txt,GLCT,7,4,14,6,600.0,0,0.0,5,35.7,4,433.53,0.0,,,
BZ_h4s7f50p6n16.txt,GLCT,7,4,14,6,600.0,2,14.3,14,100.0,5,577.90,0.0,,,
BZ_h4s7f50p6n17.txt,GLCT,7,4,14,6,600.0,2,14.3,8,57.1,6,585.77,0.0,,,
BZ_h4s7f50p6n18.txt,GLCT,7,4,14,6,600.0,0,0.0,12,85.7,4,417.97,0.0,,,
BZ_h4s7f50p6n19.txt,GLCT,7,4,14,6,600.0,0,0.0,6,42.9,5,584.07,0.0,,,
BZ_h4s7f50p6n2.txt,GLCT,7,4,14,6,600.0,4,28.6,14,100.0,1,125.16,0.0,,,
BZ_h4s7f50p6n20.txt,GLCT,7,4,14,6,600.0,1,7.1,8,57.1,5,544.09,0.0,,,
BZ_h4s7f50p6n3.txt,GLCT,7,4,14,6,600.0,1,7.1,11,78.6,5,517.87,0.0,,,
BZ_h4s7f50p6n4.txt,GLCT,7,4,14,6,600.0,5,35.7,9,64.3,5,497.64,0.0,,,
BZ_h4s7f50p6n5.txt,GLCT,7,4,14,6,600.0,1,7.1,14,100.0,2,224.82,0.0,,,
BZ_h4s7f50p6n6.txt,GLCT,7,4,14,6,600.0,5,35.7,10,71.4,5,540.24,0.0,,,
BZ_h4s7f50p6n7.txt,GLCT,7,4,14,6,600.0,0,0.0,14,100.0,5,573.33,0.0,,,
BZ_h4s7f50p6n8.txt,GLCT,7,4,14,6,600.0,0,0.0,8,57.1,4,452.80,0.0,,,
BZ_h4s7f50p6n9.txt,GLCT,7,4,14,6,600.0,3,21.4,10,71.4,4,446.85,0.0,,,
BZ_h4s7f70p2n1.txt,GLCT,7,4,19,2,600.0,8,42.1,19,100.0,4,451.64,0.0,,,
BZ_h4s7f70p2n10.txt,GLCT,7,4,19,2,600.0,8,42.1,19,100.0,1,101.56,0.0,,,
BZ_h4s7f70p2n11.txt,GLCT,7,4,19,2,600.0,4,21.1,19,100.0,5,524.04,0.0,,,
BZ_h4s7f70p2n12.txt,GLCT,7,4,19,2,600.0,5,26.3,19,100.0,6,580.90,0.0,,,
BZ_h4s7f70p2n13.txt,GLCT,7,4,19,2,600.0,8,42.1,10,52.6,5,480.24,0.0,,,
BZ_h4s7f70p2n14.txt,GLCT,7,4,19,2,600.0,4,21.1,19,100.0,2,193.10,0.0,,,
BZ_h4s7f70p2n15.txt,GLCT,7,4,19,2,600.0,7,36.8,11,57.9,5,495.91,0.0,,,
BZ_h4s7f70p2n16.txt,GLCT,7,4,19,2,600.0,4,21.1,7,36.8,6,598.25,0.0,,,
BZ_h4s7f70p2n17.txt,GLCT,7,4,19,2,600.0,4,21.1,19,100.0,3,277.91,0.0,,,
BZ_h4s7f70p2n18.txt,GLCT,7,4,19,2,600.0,1,5.3,6,31.6,6,597.90,0.0,,,
BZ_h4s7f70p2n19.txt,GLCT,7,4,19,2,600.0,4,21.1,8,42.1,5,538.07,0.0,,,
BZ_h4s7f70p2n2.txt,GLCT,7,4,19,2,600.0,4,21.1,6,31.6,5,546.65,0.0,,,
BZ_h4s7f70p2n20.txt,GLCT,7,4,19,2,600.0,5,26.3,10,52.6,6,581.46,0.0,,,
BZ_h4s7f70p2n3.txt,GLCT,7,4,19,2,600.0,9,47.4,19,100.0,2,184.55,0.0,,,
BZ_h4s7f70p2n4.txt,GLCT,7,4,19,2,600.0,6,31.6,8,42.1,4,419.76,0.0,,,
BZ_h4s7f70p2n5.txt,GLCT,7,4,19,2,600.0,8,42.1,19,100.0,1,95.87,0.0,,,
BZ_h4s7f70p2n6.txt,GLCT,7,4,19,2,600.0,2,10.5,8,42.1,6,594.40,0.0,,,
BZ_h4s7f70p2n7.txt,GLCT,7,4,19,2,600.0,9,47.4,11,57.9,5,533.78,0.0,,,
BZ_h4s7f70p2n8.txt,GLCT,7,4,19,2,600.0,10,52.6,19,100.0,2,215.24,0.0,,,
BZ_h4s7f70p2n9.txt,GLCT,7,4,19,2,600.0,4,21.1,19,100.0,2,193.92,0.0,,,
BZ_h4s7f70p3n1.txt,GLCT,7,4,19,3,600.0,4,21.1,19,100.0,2,213.04,0.0,,,
BZ_h4s7f70p3n10.txt,GLCT,7,4,19,3,600.0,4,21.1,6,31.6,4,413.35,0.0,,,
BZ_h4s7f70p3n11.txt,GLCT,7,4,19,3,600.0,3,15.8,11,57.9,5,558.45,0.0,,,
BZ_h4s7f70p3n12.txt,GLCT,7,4,19,3,600.0,4,21.1,19,100.0,5,523.69,0.0,,,
BZ_h4s7f70p3n13.txt,GLCT,7,4,19,3,600.0,2,10.5,19,100.0,3,301.85,0.0,,,
BZ_h4s7f70p3n14.txt,GLCT,7,4,19,3,600.0,10,52.6,11,57.9,5,525.29,0.0,,,
BZ_h4s7f70p3n15.txt,GLCT,7,4,19,3,600.0,2,10.5,5,26.3,5,546.04,0.0,,,
BZ_h4s7f70p3n16.txt,GLCT,7,4,19,3,600.0,1,5.3,3,15.8,4,426.62,0.0,,,
BZ_h4s7f70p3n17.txt,GLCT,7,4,19,3,600.0,3,15.8,9,47.4,5,546.55,0.0,,,
BZ_h4s7f70p3n18.txt,GLCT,7,4,19,3,600.0,6,31.6,7,36.8,5,561.57,0.0,,,
BZ_h4s7f70p3n19.txt,GLCT,7,4,19,3,600.0,9,47.4,12,63.2,5,503.27,0.0,,,
BZ_h4s7f70p3n2.txt,GLCT,7,4,19,3,600.0,0,0.0,8,42.1,5,494.21,0.0,,,
BZ_h4s7f70p3n20.txt,GLCT,7,4,19,3,600.0,6,31.6,7,36.8,5,554.64,0.0,,,
BZ_h4s7f70p3n3.txt,GLCT,7,4,19,3,600.0,4,21.1,10,52.6,5,528.33,0.0,,,
BZ_h4s7f70p3n4.txt,GLCT,7,4,19,3,600.0,1,5.3,19,100.0,3,315.93,0.0,,,
BZ_h4s7f70p3n5.txt,GLCT,7,4,19,3,600.0,1,5.3,11,57.9,6,590.40,0.0,,,
BZ_h4s7f70p3n6.txt,GLCT,7,4,19,3,600.0,4,21.1,11,57.9,6,588.25,0.0,,,
BZ_h4s7f70p3n7.txt,GLCT,7,4,19,3,600.0,5,26.3,14,73.7,5,558.12,0.0,,,
BZ_h4s7f70p3n8.txt,GLCT,7,4,19,3,600.0,2,10.5,6,31.6,5,544.33,0.0,,,
BZ_h4s7f70p3n9.txt,GLCT,7,4,19,3,600.0,4,21.1,12,63.2,5,530.84,0.0,,,
BZ_h4s7f70p6n1.txt,GLCT,7,4,19,6,600.0,2,10.5,6,31.6,5,494.04,0.0,,,
BZ_h4s7f70p6n10.txt,GLCT,7,4,19,6,600.0,1,5.3,6,31.6,5,530.93,0.0,,,
BZ_h4s7f70p6n11.txt,GLCT,7,4,19,6,600.0,1,5.3,6,31.6,6,570.89,0.0,,,
BZ_h4s7f70p6n12.txt,GLCT,7,4,19,6,600.0,3,15.8,12,63.2,6,588.63,0.0,,,
BZ_h4s7f70p6n13.txt,GLCT,7,4,19,6,600.0,0,0.0,8,42.1,5,548.84,0.0,,,
BZ_h4s7f70p6n14.txt,GLCT,7,4,19,6,600.0,0,0.0,6,31.6,6,563.49,0.0,,,
BZ_h4s7f70p6n15.txt,GLCT,7,4,19,6,600.0,2,10.5,5,26.3,6,563.00,0.0,,,
BZ_h4s7f70p6n16.txt,GLCT,7,4,19,6,600.0,0,0.0,7,36.8,5,535.79,0.0,,,
BZ_h4s7f70p6n17.txt,GLCT,7,4,19,6,600.0,2,10.5,8,42.1,5,554.91,0.0,,,
BZ_h4s7f70p6n18.txt,GLCT,7,4,19,6,600.0,0,0.0,6,31.6,6,596.02,0.0,,,
BZ_h4s7f70p6n19.txt,GLCT,7,4,19,6,600.0,0,0.0,6,31.6,5,500.03,0.0,,,
BZ_h4s7f70p6n2.txt,GLCT,7,4,19,6,600.0,1,5.3,7,36.8,5,540.46,0.0,,,
BZ_h4s7f70p6n20.txt,GLCT,7,4,19,6,600.0,2,10.5,13,68.4,5,515.82,0.0,,,
BZ_h4s7f70p6n3.txt,GLCT,7,4,19,6,600.0,2,10.5,4,21.1,6,596.40,0.0,,,
BZ_h4s7f70p6n4.txt,GLCT,7,4,19,6,600.0,1,5.3,9,47.4,5,479.62,0.0,,,
BZ_h4s7f70p6n5.txt,GLCT,7,4,19,6,600.0,0,0.0,9,47.4,5,495.18,0.0,,,
BZ_h4s7f70p6n6.txt,GLCT,7,4,19,6,600.0,3,15.8,5,26.3,6,531.22,0.0,,,
BZ_h4s7f70p6n7.txt,GLCT,7,4,19,6,600.0,0,0.0,12,63.2,5,469.01,0.0,,,
BZ_h4s7f70p6n8.txt,GLCT,7,4,19,6,600.0,1,5.3,19,100.0,5,517.87,0.0,,,
BZ_h4s7f70p6n9.txt,GLCT,7,4,19,6,600.0,1,5.3,8,42.1,6,594.34,0.0,,,
BZ_h4s9f50p2n1.txt,GLCT,9,4,18,2,600.0,6,33.3,18,100.0,2,225.37,0.0,,,
BZ_h4s9f50p2n10.txt,GLCT,9,4,18,2,600.0,8,44.4,18,100.0,3,319.37,0.0,,,
BZ_h4s9f50p2n11.txt,GLCT,9,4,18,2,600.0,1,5.6,18,100.0,4,428.82,0.0,,,
BZ_h4s9f50p2n12.txt,GLCT,9,4,18,2,600.0,3,16.7,18,100.0,4,434.52,0.0,,,
BZ_h4s9f50p2n13.txt,GLCT,9,4,18,2,600.0,7,38.9,18,100.0,5,553.90,0.0,,,
BZ_h4s9f50p2n14.txt,GLCT,9,4,18,2,600.0,9,50.0,18,100.0,2,221.12,0.0,,,
BZ_h4s9f50p2n15.txt,GLCT,9,4,18,2,600.0,6,33.3,18,100.0,1,126.67,0.0,,,
BZ_h4s9f50p2n16.txt,GLCT,9,4,18,2,600.0,5,27.8,18,100.0,5,511.28,0.0,,,
BZ_h4s9f50p2n17.txt,GLCT,9,4,18,2,600.0,6,33.3,18,100.0,4,420.06,0.0,,,
BZ_h4s9f50p2n18.txt,GLCT,9,4,18,2,600.0,3,16.7,18,100.0,5,544.15,0.0,,,
BZ_h4s9f50p2n19.txt,GLCT,9,4,18,2,600.0,4,22.2,18,100.0,4,450.26,0.0,,,
BZ_h4s9f50p2n2.txt,GLCT,9,4,18,2,600.0,2,11.1,18,100.0,3,304.29,0.0,,,
BZ_h4s9f50p2n20.txt,GLCT,9,4,18,2,600.0,3,16.7,18,100.0,2,208.51,0.0,,,
BZ_h4s9f50p2n3.txt,GLCT,9,4,18,2,600.0,8,44.4,18,100.0,4,425.29,0.0,,,
BZ_h4s9f50p2n4.txt,GLCT,9,4,18,2,600.0,7,38.9,9,50.0,5,544.38,0.0,,,
BZ_h4s9f50p2n5.txt,GLCT,9,4,18,2,600.0,7,38.9,18,100.0,2,203.60,0.0,,,
BZ_h4s9f50p2n6.txt,GLCT,9,4,18,2,600.0,6,33.3,8,44.4,5,520.38,0.0,,,
BZ_h4s9f50p2n7.txt,GLCT,9,4,18,2,600.0,9,50.0,18,100.0,1,102.58,0.0,,,
BZ_h4s9f50p2n8.txt,GLCT,9,4,18,2,600.0,7,38.9,18,100.0,3,322.43,0.0,,,
BZ_h4s9f50p2n9.txt,GLCT,9,4,18,2,600.0,10,55.6,18,100.0,3,380.44,0.0,,,
BZ_h4s9f50p3n1.txt,GLCT,9,4,18,3,600.0,5,27.8,11,61.1,5,561.21,0.0,,,
BZ_h4s9f50p3n10.txt,GLCT,9,4,18,3,600.0,0,0.0,6,33.3,5,548.24,0.0,,,
BZ_h4s9f50p3n11.txt,GLCT,9,4,18,3,600.0,5,27.8,10,55.6,5,523.75,0.0,,,
BZ_h4s9f50p3n12.txt,GLCT,9,4,18,3,600.0,5,27.8,15,83.3,5,562.77,0.0,,,
BZ_h4s9f50p3n13.txt,GLCT,9,4,18,3,600.0,3,16.7,18,100.0,4,438.33,0.0,,,
BZ_h4s9f50p3n14.txt,GLCT,9,4,18,3,600.0,3,16.7,18,100.0,3,360.10,0.0,,,
BZ_h4s9f50p3n15.txt,GLCT,9,4,18,3,600.0,4,22.2,18,100.0,4,428.90,0.0,,,
BZ_h4s9f50p3n16.txt,GLCT,9,4,18,3,600.0,5,27.8,18,100.0,6,586.69,0.0,,,
BZ_h4s9f50p3n17.txt,GLCT,9,4,18,3,600.0,5,27.8,8,44.4,4,449.42,0.0,,,
BZ_h4s9f50p3n18.txt,GLCT,9,4,18,3,600.0,1,5.6,10,55.6,5,559.34,0.0,,,
BZ_h4s9f50p3n19.txt,GLCT,9,4,18,3,600.0,3,16.7,12,66.7,5,559.73,0.0,,,
BZ_h4s9f50p3n2.txt,GLCT,9,4,18,3,600.0,3,16.7,8,44.4,6,582.84,0.0,,,
BZ_h4s9f50p3n20.txt,GLCT,9,4,18,3,600.0,7,38.9,18,100.0,4,454.61,0.0,,,
BZ_h4s9f50p3n3.txt,GLCT,9,4,18,3,600.0,5,27.8,18,100.0,4,498.27,0.0,,,
BZ_h4s9f50p3n4.txt,GLCT,9,4,18,3,600.0,0,0.0,9,50.0,5,541.17,0.0,,,
BZ_h4s9f50p3n5.txt,GLCT,9,4,18,3,600.0,6,33.3,18,100.0,5,590.47,0.0,,,
BZ_h4s9f50p3n6.txt,GLCT,9,4,18,3,600.0,5,27.8,18,100.0,1,134.39,0.0,,,
BZ_h4s9f50p3n7.txt,GLCT,9,4,18,3,600.0,3,16.7,18,100.0,4,445.57,0.0,,,
BZ_h4s9f50p3n8.txt,GLCT,9,4,18,3,600.0,0,0.0,18,100.0,5,554.21,0.0,,,
BZ_h4s9f50p3n9.txt,GLCT,9,4,18,3,600.0,2,11.1,18,100.0,4,422.62,0.0,,,
BZ_h4s9f50p6n1.txt,GLCT,9,4,18,6,600.0,8,44.4,13,72.2,5,530.52,0.0,,,
BZ_h4s9f50p6n10.txt,GLCT,9,4,18,6,600.0,2,11.1,7,38.9,5,555.37,0.0,,,
BZ_h4s9f50p6n11.txt,GLCT,9,4,18,5,600.0,3,16.7,8,44.4,5,526.31,0.0,,,
BZ_h4s9f50p6n12.txt,GLCT,9,4,18,6,600.0,3,16.7,8,44.4,5,542.04,0.0,,,
BZ_h4s9f50p6n13.txt,GLCT,9,4,18,6,600.0,2,11.1,10,55.6,5,523.29,0.0,,,
BZ_h4s9f50p6n14.txt,GLCT,9,4,18,6,600.0,3,16.7,8,44.4,5,553.03,0.0,,,
BZ_h4s9f50p6n15.txt,GLCT,9,4,18,6,600.0,0,0.0,18,100.0,4,432.89,0.0,,,
BZ_h4s9f50p6n16.txt,GLCT,9,4,18,6,600.0,1,5.6,7,38.9,5,590.03,0.0,,,
BZ_h4s9f50p6n17.txt,GLCT,9,4,18,6,600.0,2,11.1,6,33.3,6,596.14,0.0,,,
BZ_h4s9f50p6n18.txt,GLCT,9,4,18,6,600.0,3,16.7,5,27.8,5,522.80,0.0,,,
BZ_h4s9f50p6n19.txt,GLCT,9,4,18,6,600.0,2,11.1,7,38.9,5,551.80,0.0,,,
BZ_h4s9f50p6n2.txt,GLCT,9,4,18,6,600.0,0,0.0,15,83.3,5,560.73,0.0,,,
BZ_h4s9f50p6n20.txt,GLCT,9,4,18,6,600.0,1,5.6,11,61.1,5,565.12,0.0,,,
BZ_h4s9f50p6n3.txt,GLCT,9,4,18,6,600.0,3,16.7,5,27.8,5,599.13,0.0,,,
BZ_h4s9f50p6n4.txt,GLCT,9,4,18,6,600.0,1,5.6,7,38.9,5,568.74,0.0,,,
BZ_h4s9f50p6n5.txt,GLCT,9,4,18,6,600.0,1,5.6,5,27.8,5,552.88,0.0,,,
BZ_h4s9f50p6n6.txt,GLCT,9,4,18,6,600.0,0,0.0,8,44.4,4,451.44,0.0,,,
BZ_h4s9f50p6n7.txt,GLCT,9,4,18,6,600.0,1,5.6,9,50.0,4,414.76,0.0,,,
BZ_h4s9f50p6n8.txt,GLCT,9,4,18,6,600.0,5,27.8,8,44.4,5,580.55,0.0,,,
BZ_h4s9f50p6n9.txt,GLCT,9,4,18,6,600.0,2,11.1,11,61.1,5,582.66,0.0,,,
BZ_h4s9f70p2n1.txt,GLCT,9,4,25,2,600.0,12,48.0,14,56.0,5,526.78,0.0,,,
BZ_h4s9f70p2n10.txt,GLCT,9,4,25,2,600.0,9,36.0,14,56.0,5,519.61,0.0,,,
BZ_h4s9f70p2n11.txt,GLCT,9,4,25,2,600.0,7,28.0,25,100.0,3,302.82,0.0,,,
BZ_h4s9f70p2n12.txt,GLCT,9,4,25,2,600.0,9,36.0,25,100.0,6,597.44,0.0,,,
BZ_h4s9f70p2n13.txt,GLCT,9,4,25,2,600.0,2,8.0,4,16.0,5,527.41,0.0,,,
BZ_h4s9f70p2n14.txt,GLCT,9,4,25,2,600.0,8,32.0,12,48.0,6,593.52,0.0,,,
BZ_h4s9f70p2n15.txt,GLCT,9,4,25,2,600.0,9,36.0,12,48.0,5,523.29,0.0,,,
BZ_h4s9f70p2n16.txt,GLCT,9,4,25,2,600.0,9,36.0,25,100.0,3,319.52,0.0,,,
BZ_h4s9f70p2n17.txt,GLCT,9,4,25,2,600.0,8,32.0,25,100.0,4,414.09,0.0,,,
BZ_h4s9f70p2n18.txt,GLCT,9,4,25,2,600.0,9,36.0,11,44.0,5,556.25,0.0,,,
BZ_h4s9f70p2n19.txt,GLCT,9,4,25,2,600.0,3,12.0,8,32.0,5,529.97,0.0,,,
BZ_h4s9f70p2n2.txt,GLCT,9,4,25,2,600.0,14,56.0,15,60.0,5,547.56,0.0,,,
BZ_h4s9f70p2n20.txt,GLCT,9,4,25,2,600.0,11,44.0,25,100.0,4,439.39,0.0,,,
BZ_h4s9f70p2n3.txt,GLCT,9,4,25,2,600.0,5,20.0,8,32.0,5,515.70,0.0,,,
BZ_h4s9f70p2n4.txt,GLCT,9,4,25,2,600.0,4,16.0,10,40.0,5,520.76,0.0,,,
BZ_h4s9f70p2n5.txt,GLCT,9,4,25,2,600.0,13,52.0,15,60.0,5,550.22,0.0,,,
BZ_h4s9f70p2n6.txt,GLCT,9,4,25,2,600.0,10,40.0,12,48.0,5,495.62,0.0,,,
BZ_h4s9f70p2n7.txt,GLCT,9,4,25,2,600.0,4,16.0,8,32.0,6,590.81,0.0,,,
BZ_h4s9f70p2n8.txt,GLCT,9,4,25,2,600.0,3,12.0,25,100.0,6,567.42,0.0,,,
BZ_h4s9f70p2n9.txt,GLCT,9,4,25,2,600.0,9,36.0,11,44.0,4,402.35,0.0,,,
BZ_h4s9f70p3n1.txt,GLCT,9,4,25,3,600.0,1,4.0,7,28.0,6,582.73,0.0,,,
BZ_h4s9f70p3n10.txt,GLCT,9,4,25,3,600.0,4,16.0,7,28.0,5,502.87,0.0,,,
BZ_h4s9f70p3n11.txt,GLCT,9,4,25,3,600.0,4,16.0,8,32.0,5,546.61,0.0,,,
BZ_h4s9f70p3n12.txt,GLCT,9,4,25,3,600.0,5,20.0,12,48.0,5,506.71,0.0,,,
BZ_h4s9f70p3n13.txt,GLCT,9,4,25,3,600.0,4,16.0,8,32.0,5,515.10,0.0,,,
BZ_h4s9f70p3n14.txt,GLCT,9,4,25,3,600.0,6,24.0,12,48.0,5,508.61,0.0,,,
BZ_h4s9f70p3n15.txt,GLCT,9,4,25,3,600.0,9,36.0,14,56.0,6,590.22,0.0,,,
BZ_h4s9f70p3n16.txt,GLCT,9,4,25,3,600.0,5,20.0,8,32.0,6,592.96,0.0,,,
BZ_h4s9f70p3n17.txt,GLCT,9,4,25,3,600.0,4,16.0,15,60.0,5,480.11,0.0,,,
BZ_h4s9f70p3n18.txt,GLCT,9,4,25,3,600.0,2,8.0,12,48.0,5,532.55,0.0,,,
BZ_h4s9f70p3n19.txt,GLCT,9,4,25,3,600.0,2,8.0,17,68.0,5,508.78,0.0,,,
BZ_h4s9f70p3n2.txt,GLCT,9,4,25,3,600.0,8,32.0,10,40.0,5,570.77,0.0,,,
BZ_h4s9f70p3n20.txt,GLCT,9,4,25,3,600.0,5,20.0,8,32.0,5,544.35,0.0,,,
BZ_h4s9f70p3n3.txt,GLCT,9,4,25,3,600.0,6,24.0,9,36.0,6,548.93,0.0,,,
BZ_h4s9f70p3n4.txt,GLCT,9,4,25,3,600.0,5,20.0,8,32.0,6,587.04,0.0,,,
BZ_h4s9f70p3n5.txt,GLCT,9,4,25,3,600.0,1,4.0,3,12.0,5,549.29,0.0,,,
BZ_h4s9f70p3n6.txt,GLCT,9,4,25,3,600.0,2,8.0,7,28.0,5,540.25,0.0,,,
BZ_h4s9f70p3n7.txt,GLCT,9,4,25,3,600.0,5,20.0,7,28.0,4,436.14,0.0,,,
BZ_h4s9f70p3n8.txt,GLCT,9,4,25,3,600.0,7,28.0,9,36.0,5,505.41,0.0,,,
BZ_h4s9f70p3n9.txt,GLCT,9,4,25,3,600.0,1,4.0,4,16.0,6,584.62,0.0,,,
BZ_h4s9f70p6n1.txt,GLCT,9,4,25,6,600.0,2,8.0,6,24.0,5,512.00,0.0,,,
BZ_h4s9f70p6n10.txt,GLCT,9,4,25,6,600.0,1,4.0,5,20.0,6,597.55,0.0,,,
BZ_h4s9f70p6n11.txt,GLCT,9,4,25,6,600.0,2,8.0,8,32.0,6,577.91,0.0,,,
BZ_h4s9f70p6n12.txt,GLCT,9,4,25,6,600.0,3,12.0,7,28.0,4,410.32,0.0,,,
BZ_h4s9f70p6n13.txt,GLCT,9,4,25,6,600.0,4,16.0,8,32.0,5,536.38,0.0,,,
BZ_h4s9f70p6n14.txt,GLCT,9,4,25,6,600.0,3,12.0,8,32.0,5,585.30,0.0,,,
BZ_h4s9f70p6n15.txt,GLCT,9,4,25,6,600.0,0,0.0,17,68.0,6,588.73,0.0,,,
BZ_h4s9f70p6n16.txt,GLCT,9,4,25,6,600.0,2,8.0,8,32.0,4,411.53,0.0,,,
BZ_h4s9f70p6n17.txt,GLCT,9,4,25,6,600.0,1,4.0,3,12.0,5,540.63,0.0,,,
BZ_h4s9f70p6n18.txt,GLCT,9,4,25,6,600.0,5,20.0,7,28.0,4,455.38,0.0,,,
BZ_h4s9f70p6n19.txt,GLCT,9,4,25,6,600.0,2,8.0,13,52.0,6,586.89,0.0,,,
BZ_h4s9f70p6n2.txt,GLCT,9,4,25,6,600.0,1,4.0,6,24.0,5,520.80,0.0,,,
BZ_h4s9f70p6n20.txt,GLCT,9,4,25,6,600.0,2,8.0,5,20.0,6,553.24,0.0,,,
BZ_h4s9f70p6n3.txt,GLCT,9,4,25,6,600.0,1,4.0,4,16.0,5,523.26,0.0,,,
BZ_h4s9f70p6n4.txt,GLCT,9,4,25,6,600.0,3,12.0,7,28.0,5,549.53,0.0,,,
BZ_h4s9f70p6n5.txt,GLCT,9,4,25,6,600.0,2,8.0,5,20.0,5,521.99,0.0,,,
BZ_h4s9f70p6n6.txt,GLCT,9,4,25,6,600.0,1,4.0,6,24.0,5,467.06,0.0,,,
BZ_h4s9f70p6n7.txt,GLCT,9,4,25,6,600.0,1,4.0,6,24.0,6,593.56,0.0,,,
BZ_h4s9f70p6n8.txt,GLCT,9,4,25,6,600.0,1,4.0,10,40.0,5,538.89,0.0,,,
BZ_h4s9f70p6n9.txt,GLCT,9,4,25,6,600.0,0,0.0,3,12.0,5,546.01,0.0,,,
BZ_h6s3f50p2n1.txt,GLCT,3,6,9,2,600.0,4,44.4,6,66.7,4,514.45,0.0,,,
BZ_h6s3f50p2n10.txt,GLCT,3,6,9,2,600.0,3,33.3,4,44.4,3,399.25,0.0,,,
BZ_h6s3f50p2n11.txt,GLCT,3,6,9,2,600.0,6,66.7,9,100.0,1,159.34,0.0,,,
BZ_h6s3f50p2n12.txt,GLCT,3,6,9,2,600.0,2,22.2,9,100.0,2,252.68,0.0,,,
BZ_h6s3f50p2n13.txt,GLCT,3,6,9,2,600.0,5,55.6,5,55.6,3,360.42,0.0,,,
BZ_h6s3f50p2n14.txt,GLCT,3,6,9,2,600.0,2,22.2,2,22.2,4,554.53,0.0,,,
BZ_h6s3f50p2n15.txt,GLCT,3,6,9,2,600.0,0,0.0,9,100.0,2,259.53,0.0,,,
BZ_h6s3f50p2n16.txt,GLCT,3,6,9,2,600.0,4,44.4,9,100.0,3,397.32,0.0,,,
BZ_h6s3f50p2n17.txt,GLCT,3,6,9,2,600.0,3,33.3,3,33.3,4,507.68,0.0,,,
BZ_h6s3f50p2n18.txt,GLCT,3,6,9,2,600.0,0,0.0,1,11.1,2,251.12,0.0,,,
BZ_h6s3f50p2n19.txt,GLCT,3,6,9,2,600.0,2,22.2,4,44.4,3,378.76,0.0,,,
BZ_h6s3f50p2n2.txt,GLCT,3,6,9,2,600.0,2,22.2,4,44.4,4,507.52,0.0,,,
BZ_h6s3f50p2n20.txt,GLCT,3,6,9,2,600.0,1,11.1,9,100.0,4,533.07,0.0,,,
BZ_h6s3f50p2n3.txt,GLCT,3,6,9,2,600.0,2,22.2,3,33.3,4,574.16,0.0,,,
BZ_h6s3f50p2n4.txt,GLCT,3,6,9,2,600.0,3,33.3,4,44.4,4,545.07,0.0,,,
BZ_h6s3f50p2n5.txt,GLCT,3,6,9,2,600.0,2,22.2,4,44.4,4,551.39,0.0,,,
BZ_h6s3f50p2n6.txt,GLCT,3,6,9,2,600.0,3,33.3,9,100.0,4,520.47,0.0,,,
BZ_h6s3f50p2n7.txt,GLCT,3,6,9,2,600.0,4,44.4,9,100.0,1,132.49,0.0,,,
BZ_h6s3f50p2n8.txt,GLCT,3,6,9,2,600.0,1,11.1,1,11.1,5,531.48,0.0,,,
BZ_h6s3f50p2n9.txt,GLCT,3,6,9,2,600.0,4,44.4,9,100.0,1,146.39,0.0,,,
BZ_h6s3f50p3n1.txt,GLCT,3,6,9,3,600.0,7,77.8,7,77.8,3,394.73,0.0,,,
BZ_h6s3f50p3n10.txt,GLCT,3,6,9,3,600.0,1,11.1,9,100.0,4,533.24,0.0,,,
BZ_h6s3f50p3n11.txt,GLCT,3,6,9,3,600.0,0,0.0,2,22.2,4,533.24,0.0,,,
BZ_h6s3f50p3n12.txt,GLCT,3,6,9,3,600.0,3,33.3,9,100.0,4,530.47,0.0,,,
BZ_h6s3f50p3n13.txt,GLCT,3,6,9,3,600.0,2,22.2,3,33.3,4,537.26,0.0,,,
BZ_h6s3f50p3n14.txt,GLCT,3,6,9,2,600.0,2,22.2,3,33.3,4,522.66,0.0,,,
BZ_h6s3f50p3n15.txt,GLCT,3,6,9,3,600.0,1,11.1,2,22.2,4,519.51,0.0,,,
BZ_h6s3f50p3n16.txt,GLCT,3,6,9,3,600.0,5,55.6,6,66.7,3,406.56,0.0,,,
BZ_h6s3f50p3n17.txt,GLCT,3,6,9,3,600.0,1,11.1,1,11.1,1,115.35,0.0,,,
BZ_h6s3f50p3n18.txt,GLCT,3,6,9,3,600.0,2,22.2,6,66.7,3,410.39,0.0,,,
BZ_h6s3f50p3n19.txt,GLCT,3,6,9,3,600.0,2,22.2,3,33.3,4,511.90,0.0,,,
BZ_h6s3f50p3n2.txt,GLCT,3,6,9,3,600.0,2,22.2,4,44.4,4,505.04,0.0,,,
BZ_h6s3f50p3n20.txt,GLCT,3,6,9,3,600.0,1,11.1,2,22.2,4,520.32,0.0,,,
BZ_h6s3f50p3n3.txt,GLCT,3,6,9,3,600.0,0,0.0,9,100.0,2,251.35,0.0,,,
BZ_h6s3f50p3n4.txt,GLCT,3,6,9,3,600.0,1,11.1,3,33.3,3,392.32,0.0,,,
BZ_h6s3f50p3n5.txt,GLCT,3,6,9,3,600.0,0,0.0,2,22.2,3,376.29,0.0,,,
BZ_h6s3f50p3n6.txt,GLCT,3,6,9,3,600.0,1,11.1,3,33.3,4,532.11,0.0,,,
BZ_h6s3f50p3n7.txt,GLCT,3,6,9,3,600.0,0,0.0,9,100.0,3,335.95,0.0,,,
BZ_h6s3f50p3n8.txt,GLCT,3,6,9,3,600.0,0,0.0,4,44.4,4,515.93,0.0,,,
BZ_h6s3f50p3n9.txt,GLCT,3,6,9,3,600.0,1,11.1,4,44.4,4,419.13,0.0,,,
BZ_h6s3f50p6n1.txt,GLCT,3,6,9,5,600.0,1,11.1,4,44.4,4,538.77,0.0,,,
BZ_h6s3f50p6n10.txt,GLCT,3,6,9,5,600.0,0,0.0,4,44.4,4,469.28,0.0,,,
BZ_h6s3f50p6n11.txt,GLCT,3,6,9,6,600.0,2,22.2,4,44.4,1,138.79,0.0,,,
BZ_h6s3f50p6n12.txt,GLCT,3,6,9,6,600.0,1,11.1,3,33.3,3,385.65,0.0,,,
BZ_h6s3f50p6n13.txt,GLCT,3,6,9,6,600.0,0,0.0,2,22.2,4,473.36,0.0,,,
BZ_h6s3f50p6n14.txt,GLCT,3,6,9,6,600.0,3,33.3,3,33.3,1,125.84,0.0,,,
BZ_h6s3f50p6n15.txt,GLCT,3,6,9,6,600.0,1,11.1,4,44.4,4,557.67,0.0,,,
BZ_h6s3f50p6n16.txt,GLCT,3,6,9,6,600.0,0,0.0,2,22.2,3,360.92,0.0,,,
BZ_h6s3f50p6n17.txt,GLCT,3,6,9,6,600.0,0,0.0,2,22.2,4,544.45,0.0,,,
BZ_h6s3f50p6n18.txt,GLCT,3,6,9,6,600.0,0,0.0,1,11.1,4,521.33,0.0,,,
BZ_h6s3f50p6n19.txt,GLCT,3,6,9,6,600.0,2,22.2,4,44.4,2,236.21,0.0,,,
BZ_h6s3f50p6n2.txt,GLCT,3,6,9,6,600.0,0,0.0,2,22.2,2,251.12,0.0,,,
BZ_h6s3f50p6n20.txt,GLCT,3,6,9,6,600.0,0,0.0,2,22.2,4,511.58,0.0,,,
BZ_h6s3f50p6n3.txt,GLCT,3,6,9,6,600.0,1,11.1,6,66.7,4,520.29,0.0,,,
BZ_h6s3f50p6n4.txt,GLCT,3,6,9,6,600.0,1,11.1,1,11.1,0,0.00,0.0,,,
BZ_h6s3f50p6n5.txt,GLCT,3,6,9,6,600.0,0,0.0,9,100.0,2,259.51,0.0,,,
BZ_h6s3f50p6n6.txt,GLCT,3,6,9,6,600.0,1,11.1,2,22.2,4,535.98,0.0,,,
BZ_h6s3f50p6n7.txt,GLCT,3,6,9,6,600.0,1,11.1,2,22.2,4,489.64,0.0,,,
BZ_h6s3f50p6n8.txt,GLCT,3,6,9,6,600.0,0,0.0,3,33.3,3,360.36,0.0,,,
BZ_h6s3f50p6n9.txt,GLCT,3,6,9,6,600.0,3,33.3,9,100.0,4,526.21,0.0,,,
BZ_h6s3f70p2n1.txt,GLCT,3,6,12,2,600.0,5,41.7,5,41.7,2,212.85,0.0,,,
BZ_h6s3f70p2n10.txt,GLCT,3,6,12,2,600.0,0,0.0,2,16.7,3,331.95,0.0,,,
BZ_h6s3f70p2n11.txt,GLCT,3,6,12,2,600.0,2,16.7,2,16.7,2,170.34,0.0,,,
BZ_h6s3f70p2n12.txt,GLCT,3,6,12,2,600.0,2,16.7,12,100.0,2,221.51,0.0,,,
BZ_h6s3f70p2n13.txt,GLCT,3,6,12,2,600.0,1,8.3,4,33.3,5,582.91,0.0,,,
BZ_h6s3f70p2n14.txt,GLCT,3,6,12,2,600.0,1,8.3,3,25.0,5,539.14,0.0,,,
BZ_h6s3f70p2n15.txt,GLCT,3,6,12,2,600.0,1,8.3,5,41.7,5,572.74,0.0,,,
BZ_h6s3f70p2n16.txt,GLCT,3,6,12,2,600.0,0,0.0,1,8.3,3,325.20,0.0,,,
BZ_h6s3f70p2n17.txt,GLCT,3,6,12,2,600.0,2,16.7,3,25.0,4,438.21,0.0,,,
BZ_h6s3f70p2n18.txt,GLCT,3,6,12,2,600.0,2,16.7,3,25.0,5,541.59,0.0,,,
BZ_h6s3f70p2n19.txt,GLCT,3,6,12,2,600.0,5,41.7,5,41.7,4,472.14,0.0,,,
BZ_h6s3f70p2n2.txt,GLCT,3,6,12,2,600.0,7,58.3,7,58.3,4,426.64,0.0,,,
BZ_h6s3f70p2n20.txt,GLCT,3,6,12,2,600.0,3,25.0,5,41.7,4,421.28,0.0,,,
BZ_h6s3f70p2n3.txt,GLCT,3,6,12,2,600.0,0,0.0,4,33.3,2,212.80,0.0,,,
BZ_h6s3f70p2n4.txt,GLCT,3,6,12,2,600.0,2,16.7,3,25.0,5,571.69,0.0,,,
BZ_h6s3f70p2n5.txt,GLCT,3,6,12,2,600.0,3,25.0,5,41.7,5,554.61,0.0,,,
BZ_h6s3f70p2n6.txt,GLCT,3,6,12,2,600.0,1,8.3,5,41.7,4,443.03,0.0,,,
BZ_h6s3f70p2n7.txt,GLCT,3,6,12,2,600.0,1,8.3,4,33.3,5,517.82,0.0,,,
BZ_h6s3f70p2n8.txt,GLCT,3,6,12,2,600.0,7,58.3,7,58.3,1,115.94,0.0,,,
BZ_h6s3f70p2n9.txt,GLCT,3,6,12,2,600.0,1,8.3,3,25.0,4,430.66,0.0,,,
BZ_h6s3f70p3n1.txt,GLCT,3,6,12,3,600.0,2,16.7,12,100.0,3,332.11,0.0,,,
BZ_h6s3f70p3n10.txt,GLCT,3,6,12,3,600.0,2,16.7,3,25.0,4,409.93,0.0,,,
BZ_h6s3f70p3n11.txt,GLCT,3,6,12,3,600.0,3,25.0,12,100.0,2,218.01,0.0,,,
BZ_h6s3f70p3n12.txt,GLCT,3,6,12,3,600.0,1,8.3,3,25.0,4,428.06,0.0,,,
BZ_h6s3f70p3n13.txt,GLCT,3,6,12,3,600.0,0,0.0,6,50.0,3,299.58,0.0,,,
BZ_h6s3f70p3n14.txt,GLCT,3,6,12,3,600.0,2,16.7,4,33.3,5,551.63,0.0,,,
BZ_h6s3f70p3n15.txt,GLCT,3,6,12,3,600.0,4,33.3,5,41.7,5,563.96,0.0,,,
BZ_h6s3f70p3n16.txt,GLCT,3,6,12,3,600.0,2,16.7,6,50.0,4,456.36,0.0,,,
BZ_h6s3f70p3n17.txt,GLCT,3,6,12,3,600.0,1,8.3,3,25.0,5,563.94,0.0,,,
BZ_h6s3f70p3n18.txt,GLCT,3,6,12,3,600.0,0,0.0,3,25.0,3,315.22,0.0,,,
BZ_h6s3f70p3n19.txt,GLCT,3,6,12,3,600.0,0,0.0,9,75.0,4,425.44,0.0,,,
BZ_h6s3f70p3n2.txt,GLCT,3,6,12,3,600.0,2,16.7,3,25.0,4,360.16,0.0,,,
BZ_h6s3f70p3n20.txt,GLCT,3,6,12,3,600.0,5,41.7,7,58.3,5,598.12,0.0,,,
BZ_h6s3f70p3n3.txt,GLCT,3,6,12,3,600.0,0,0.0,2,16.7,4,438.19,0.0,,,
BZ_h6s3f70p3n4.txt,GLCT,3,6,12,3,600.0,1,8.3,2,16.7,4,443.03,0.0,,,
BZ_h6s3f70p3n5.txt,GLCT,3,6,12,3,600.0,0,0.0,1,8.3,5,569.29,0.0,,,
BZ_h6s3f70p3n6.txt,GLCT,3,6,12,3,600.0,1,8.3,2,16.7,4,484.12,0.0,,,
BZ_h6s3f70p3n7.txt,GLCT,3,6,12,3,600.0,0,0.0,6,50.0,5,548.88,0.0,,,
BZ_h6s3f70p3n8.txt,GLCT,3,6,12,3,600.0,3,25.0,5,41.7,3,325.36,0.0,,,
BZ_h6s3f70p3n9.txt,GLCT,3,6,12,3,600.0,1,8.3,5,41.7,5,547.21,0.0,,,
BZ_h6s3f70p6n1.txt,GLCT,3,6,12,5,600.0,3,25.0,3,25.0,3,320.53,0.0,,,
BZ_h6s3f70p6n10.txt,GLCT,3,6,12,6,600.0,2,16.7,4,33.3,4,455.91,0.0,,,
BZ_h6s3f70p6n11.txt,GLCT,3,6,12,6,600.0,0,0.0,2,16.7,4,387.96,0.0,,,
BZ_h6s3f70p6n12.txt,GLCT,3,6,12,6,600.0,0,0.0,2,16.7,6,579.02,0.0,,,
BZ_h6s3f70p6n13.txt,GLCT,3,6,12,6,600.0,0,0.0,2,16.7,5,582.89,0.0,,,
BZ_h6s3f70p6n14.txt,GLCT,3,6,12,6,600.0,2,16.7,5,41.7,4,463.73,0.0,,,
BZ_h6s3f70p6n15.txt,GLCT,3,6,12,6,600.0,0,0.0,3,25.0,2,198.04,0.0,,,
BZ_h6s3f70p6n16.txt,GLCT,3,6,12,6,600.0,0,0.0,1,8.3,3,342.03,0.0,,,
BZ_h6s3f70p6n17.txt,GLCT,3,6,12,6,600.0,0,0.0,4,33.3,3,306.43,0.0,,,
BZ_h6s3f70p6n18.txt,GLCT,3,6,12,6,600.0,0,0.0,2,16.7,6,583.42,0.0,,,
BZ_h6s3f70p6n19.txt,GLCT,3,6,12,6,600.0,0,0.0,4,33.3,5,541.84,0.0,,,
BZ_h6s3f70p6n2.txt,GLCT,3,6,12,6,600.0,1,8.3,5,41.7,3,327.94,0.0,,,
BZ_h6s3f70p6n20.txt,GLCT,3,6,12,6,600.0,1,8.3,1,8.3,2,171.61,0.0,,,
BZ_h6s3f70p6n3.txt,GLCT,3,6,12,6,600.0,2,16.7,4,33.3,4,447.40,0.0,,,
BZ_h6s3f70p6n4.txt,GLCT,3,6,12,6,600.0,1,8.3,1,8.3,0,0.00,0.0,,,
BZ_h6s3f70p6n5.txt,GLCT,3,6,12,6,600.0,0,0.0,5,41.7,2,209.93,0.0,,,
BZ_h6s3f70p6n6.txt,GLCT,3,6,12,6,600.0,0,0.0,3,25.0,4,420.03,0.0,,,
BZ_h6s3f70p6n7.txt,GLCT,3,6,12,6,600.0,1,8.3,2,16.7,5,537.90,0.0,,,
BZ_h6s3f70p6n8.txt,GLCT,3,6,12,6,600.0,1,8.3,4,33.3,5,550.46,0.0,,,
BZ_h6s3f70p6n9.txt,GLCT,3,6,12,6,600.0,1,8.3,1,8.3,2,193.66,0.0,,,
BZ_h6s5f50p2n1.txt,GLCT,5,6,15,2,600.0,3,20.0,15,100.0,2,233.99,0.0,,,
BZ_h6s5f50p2n10.txt,GLCT,5,6,15,2,600.0,2,13.3,4,26.7,4,505.80,0.0,,,
BZ_h6s5f50p2n11.txt,GLCT,5,6,15,2,600.0,5,33.3,10,66.7,4,549.23,0.0,,,
BZ_h6s5f50p2n12.txt,GLCT,5,6,15,2,600.0,3,20.0,15,100.0,2,235.23,0.0,,,
BZ_h6s5f50p2n13.txt,GLCT,5,6,15,2,600.0,4,26.7,15,100.0,4,453.79,0.0,,,
BZ_h6s5f50p2n14.txt,GLCT,5,6,15,2,600.0,3,20.0,7,46.7,4,494.52,0.0,,,
BZ_h6s5f50p2n15.txt,GLCT,5,6,15,2,600.0,5,33.3,7,46.7,4,548.70,0.0,,,
BZ_h6s5f50p2n16.txt,GLCT,5,6,15,2,600.0,2,13.3,3,20.0,5,583.01,0.0,,,
BZ_h6s5f50p2n17.txt,GLCT,5,6,15,2,600.0,3,20.0,8,53.3,4,486.60,0.0,,,
BZ_h6s5f50p2n18.txt,GLCT,5,6,15,2,600.0,2,13.3,5,33.3,4,431.92,0.0,,,
BZ_h6s5f50p2n19.txt,GLCT,5,6,15,2,600.0,4,26.7,6,40.0,4,533.11,0.0,,,
BZ_h6s5f50p2n2.txt,GLCT,5,6,15,2,600.0,6,40.0,8,53.3,4,529.65,0.0,,,
BZ_h6s5f50p2n20.txt,GLCT,5,6,15,2,600.0,6,40.0,9,60.0,4,548.84,0.0,,,
BZ_h6s5f50p2n3.txt,GLCT,5,6,15,2,600.0,9,60.0,15,100.0,2,271.87,0.0,,,
BZ_h6s5f50p2n4.txt,GLCT,5,6,15,2,600.0,3,20.0,15,100.0,5,551.70,0.0,,,
BZ_h6s5f50p2n5.txt,GLCT,5,6,15,2,600.0,3,20.0,7,46.7,4,507.87,0.0,,,
BZ_h6s5f50p2n6.txt,GLCT,5,6,15,2,600.0,6,40.0,8,53.3,4,551.14,0.0,,,
BZ_h6s5f50p2n7.txt,GLCT,5,6,15,2,600.0,6,40.0,15,100.0,3,357.91,0.0,,,
BZ_h6s5f50p2n8.txt,GLCT,5,6,15,2,600.0,4,26.7,15,100.0,3,358.08,0.0,,,
BZ_h6s5f50p2n9.txt,GLCT,5,6,15,2,600.0,2,13.3,5,33.3,4,507.86,0.0,,,
BZ_h6s5f50p3n1.txt,GLCT,5,6,15,3,600.0,1,6.7,7,46.7,5,589.46,0.0,,,
BZ_h6s5f50p3n10.txt,GLCT,5,6,15,3,600.0,2,13.3,15,100.0,2,274.65,0.0,,,
BZ_h6s5f50p3n11.txt,GLCT,5,6,15,3,600.0,2,13.3,5,33.3,4,528.16,0.0,,,
BZ_h6s5f50p3n12.txt,GLCT,5,6,15,3,600.0,4,26.7,8,53.3,2,238.40,0.0,,,
BZ_h6s5f50p3n13.txt,GLCT,5,6,15,3,600.0,0,0.0,3,20.0,4,503.34,0.0,,,
BZ_h6s5f50p3n14.txt,GLCT,5,6,15,3,600.0,1,6.7,4,26.7,4,540.11,0.0,,,
BZ_h6s5f50p3n15.txt,GLCT,5,6,15,3,600.0,4,26.7,6,40.0,4,594.79,0.0,,,
BZ_h6s5f50p3n16.txt,GLCT,5,6,15,3,600.0,0,0.0,6,40.0,3,350.01,0.0,,,
BZ_h6s5f50p3n17.txt,GLCT,5,6,15,3,600.0,1,6.7,4,26.7,4,505.05,0.0,,,
BZ_h6s5f50p3n18.txt,GLCT,5,6,15,3,600.0,0,0.0,7,46.7,4,520.55,0.0,,,
BZ_h6s5f50p3n19.txt,GLCT,5,6,15,3,600.0,1,6.7,2,13.3,4,519.92,0.0,,,
BZ_h6s5f50p3n2.txt,GLCT,5,6,15,3,600.0,1,6.7,9,60.0,5,593.06,0.0,,,
BZ_h6s5f50p3n20.txt,GLCT,5,6,15,3,600.0,1,6.7,9,60.0,4,469.37,0.0,,,
BZ_h6s5f50p3n3.txt,GLCT,5,6,15,3,600.0,1,6.7,5,33.3,4,539.51,0.0,,,
BZ_h6s5f50p3n4.txt,GLCT,5,6,15,3,600.0,2,13.3,4,26.7,4,508.55,0.0,,,
BZ_h6s5f50p3n5.txt,GLCT,5,6,15,3,600.0,0,0.0,5,33.3,4,511.09,0.0,,,
BZ_h6s5f50p3n6.txt,GLCT,5,6,15,3,600.0,1,6.7,6,40.0,4,532.14,0.0,,,
BZ_h6s5f50p3n7.txt,GLCT,5,6,15,3,600.0,1,6.7,4,26.7,3,348.18,0.0,,,
BZ_h6s5f50p3n8.txt,GLCT,5,6,15,3,600.0,3,20.0,10,66.7,4,464.86,0.0,,,
BZ_h6s5f50p3n9.txt,GLCT,5,6,15,3,600.0,2,13.3,7,46.7,4,531.07,0.0,,,
BZ_h6s5f50p6n1.txt,GLCT,5,6,15,6,600.0,3,20.0,7,46.7,4,566.87,0.0,,,
BZ_h6s5f50p6n10.txt,GLCT,5,6,15,5,600.0,1,6.7,15,100.0,3,378.65,0.0,,,
BZ_h6s5f50p6n11.txt,GLCT,5,6,15,6,600.0,0,0.0,2,13.3,5,580.93,0.0,,,
BZ_h6s5f50p6n12.txt,GLCT,5,6,15,6,600.0,2,13.3,4,26.7,4,571.65,0.0,,,
BZ_h6s5f50p6n13.txt,GLCT,5,6,15,6,600.0,0,0.0,2,13.3,4,485.93,0.0,,,
BZ_h6s5f50p6n14.txt,GLCT,5,6,15,5,600.0,0,0.0,2,13.3,4,561.28,0.0,,,
BZ_h6s5f50p6n15.txt,GLCT,5,6,15,6,600.0,1,6.7,7,46.7,3,389.86,0.0,,,
BZ_h6s5f50p6n16.txt,GLCT,5,6,15,6,600.0,0,0.0,3,20.0,4,510.75,0.0,,,
BZ_h6s5f50p6n17.txt,GLCT,5,6,15,6,600.0,2,13.3,5,33.3,4,553.70,0.0,,,
BZ_h6s5f50p6n18.txt,GLCT,5,6,15,6,600.0,1,6.7,6,40.0,4,533.37,0.0,,,
BZ_h6s5f50p6n19.txt,GLCT,5,6,15,6,600.0,1,6.7,3,20.0,4,522.96,0.0,,,
BZ_h6s5f50p6n2.txt,GLCT,5,6,15,6,600.0,0,0.0,2,13.3,4,512.47,0.0,,,
BZ_h6s5f50p6n20.txt,GLCT,5,6,15,6,600.0,0,0.0,1,6.7,4,497.35,0.0,,,
BZ_h6s5f50p6n3.txt,GLCT,5,6,15,5,600.0,1,6.7,3,20.0,3,371.20,0.0,,,
BZ_h6s5f50p6n4.txt,GLCT,5,6,15,6,600.0,0,0.0,2,13.3,4,552.53,0.0,,,
BZ_h6s5f50p6n5.txt,GLCT,5,6,15,6,600.0,0,0.0,3,20.0,4,529.59,0.0,,,
BZ_h6s5f50p6n6.txt,GLCT,5,6,15,6,600.0,0,0.0,2,13.3,4,525.70,0.0,,,
BZ_h6s5f50p6n7.txt,GLCT,5,6,15,6,600.0,2,13.3,4,26.7,4,489.43,0.0,,,
BZ_h6s5f50p6n8.txt,GLCT,5,6,15,6,600.0,0,0.0,1,6.7,4,573.55,0.0,,,
BZ_h6s5f50p6n9.txt,GLCT,5,6,15,6,600.0,0,0.0,3,20.0,4,540.94,0.0,,,
BZ_h6s5f70p2n1.txt,GLCT,5,6,21,2,600.0,4,19.0,8,38.1,5,578.59,0.0,,,
BZ_h6s5f70p2n10.txt,GLCT,5,6,21,2,600.0,4,19.0,7,33.3,6,598.40,0.0,,,
BZ_h6s5f70p2n11.txt,GLCT,5,6,21,2,600.0,1,4.8,7,33.3,5,569.59,0.0,,,
BZ_h6s5f70p2n12.txt,GLCT,5,6,21,2,600.0,3,14.3,5,23.8,5,532.93,0.0,,,
BZ_h6s5f70p2n13.txt,GLCT,5,6,21,2,600.0,4,19.0,6,28.6,4,531.76,0.0,,,
BZ_h6s5f70p2n14.txt,GLCT,5,6,21,2,600.0,2,9.5,4,19.0,6,527.55,0.0,,,
BZ_h6s5f70p2n15.txt,GLCT,5,6,21,2,600.0,7,33.3,11,52.4,5,556.14,0.0,,,
BZ_h6s5f70p2n16.txt,GLCT,5,6,21,2,600.0,10,47.6,11,52.4,5,598.56,0.0,,,
BZ_h6s5f70p2n17.txt,GLCT,5,6,21,2,600.0,8,38.1,9,42.9,5,502.73,0.0,,,
BZ_h6s5f70p2n18.txt,GLCT,5,6,21,2,600.0,4,19.0,5,23.8,5,593.05,0.0,,,
BZ_h6s5f70p2n19.txt,GLCT,5,6,21,2,600.0,5,23.8,6,28.6,5,519.10,0.0,,,
BZ_h6s5f70p2n2.txt,GLCT,5,6,21,2,600.0,7,33.3,8,38.1,4,429.76,0.0,,,
BZ_h6s5f70p2n20.txt,GLCT,5,6,21,2,600.0,4,19.0,6,28.6,5,593.94,0.0,,,
BZ_h6s5f70p2n3.txt,GLCT,5,6,21,2,600.0,11,52.4,11,52.4,5,522.99,0.0,,,
BZ_h6s5f70p2n4.txt,GLCT,5,6,21,2,600.0,1,4.8,6,28.6,5,557.31,0.0,,,
BZ_h6s5f70p2n5.txt,GLCT,5,6,21,2,600.0,9,42.9,11,52.4,5,550.20,0.0,,,
BZ_h6s5f70p2n6.txt,GLCT,5,6,21,2,600.0,3,14.3,5,23.8,6,585.07,0.0,,,
BZ_h6s5f70p2n7.txt,GLCT,5,6,21,2,600.0,7,33.3,11,52.4,5,532.91,0.0,,,
BZ_h6s5f70p2n8.txt,GLCT,5,6,21,2,600.0,5,23.8,8,38.1,5,560.36,0.0,,,
BZ_h6s5f70p2n9.txt,GLCT,5,6,21,2,600.0,8,38.1,10,47.6,4,492.12,0.0,,,
BZ_h6s5f70p3n1.txt,GLCT,5,6,21,3,600.0,2,9.5,6,28.6,5,543.06,0.0,,,
BZ_h6s5f70p3n10.txt,GLCT,5,6,21,3,600.0,3,14.3,4,19.0,5,583.68,0.0,,,
BZ_h6s5f70p3n11.txt,GLCT,5,6,21,3,600.0,4,19.0,6,28.6,5,582.74,0.0,,,
BZ_h6s5f70p3n12.txt,GLCT,5,6,21,3,600.0,1,4.8,5,23.8,5,564.78,0.0,,,
BZ_h6s5f70p3n13.txt,GLCT,5,6,21,3,600.0,8,38.1,13,61.9,4,388.68,0.0,,,
BZ_h6s5f70p3n14.txt,GLCT,5,6,21,3,600.0,2,9.5,7,33.3,5,522.17,0.0,,,
BZ_h6s5f70p3n15.txt,GLCT,5,6,21,3,600.0,7,33.3,9,42.9,5,595.46,0.0,,,
BZ_h6s5f70p3n16.txt,GLCT,5,6,21,3,600.0,3,14.3,5,23.8,4,511.06,0.0,,,
BZ_h6s5f70p3n17.txt,GLCT,5,6,21,3,600.0,3,14.3,8,38.1,5,522.14,0.0,,,
BZ_h6s5f70p3n18.txt,GLCT,5,6,21,3,600.0,6,28.6,7,33.3,4,562.45,0.0,,,
BZ_h6s5f70p3n19.txt,GLCT,5,6,21,3,600.0,1,4.8,3,14.3,5,540.01,0.0,,,
BZ_h6s5f70p3n2.txt,GLCT,5,6,21,3,600.0,3,14.3,5,23.8,5,555.24,0.0,,,
BZ_h6s5f70p3n20.txt,GLCT,5,6,21,3,600.0,7,33.3,13,61.9,5,523.85,0.0,,,
BZ_h6s5f70p3n3.txt,GLCT,5,6,21,3,600.0,7,33.3,10,47.6,5,558.00,0.0,,,
BZ_h6s5f70p3n4.txt,GLCT,5,6,21,3,600.0,1,4.8,2,9.5,5,598.54,0.0,,,
BZ_h6s5f70p3n5.txt,GLCT,5,6,21,3,600.0,2,9.5,4,19.0,4,459.95,0.0,,,
BZ_h6s5f70p3n6.txt,GLCT,5,6,21,3,600.0,4,19.0,6,28.6,4,397.13,0.0,,,
BZ_h6s5f70p3n7.txt,GLCT,5,6,21,3,600.0,3,14.3,7,33.3,5,568.93,0.0,,,
BZ_h6s5f70p3n8.txt,GLCT,5,6,21,3,600.0,2,9.5,4,19.0,5,548.34,0.0,,,
BZ_h6s5f70p3n9.txt,GLCT,5,6,21,3,600.0,4,19.0,9,42.9,5,566.60,0.0,,,
BZ_h6s5f70p6n1.txt,GLCT,5,6,21,6,600.0,1,4.8,4,19.0,5,553.31,0.0,,,
BZ_h6s5f70p6n10.txt,GLCT,5,6,21,6,600.0,0,0.0,2,9.5,4,414.24,0.0,,,
BZ_h6s5f70p6n11.txt,GLCT,5,6,21,6,600.0,2,9.5,3,14.3,4,543.44,0.0,,,
BZ_h6s5f70p6n12.txt,GLCT,5,6,21,6,600.0,1,4.8,3,14.3,5,585.22,0.0,,,
BZ_h6s5f70p6n13.txt,GLCT,5,6,21,6,600.0,2,9.5,4,19.0,5,543.22,0.0,,,
BZ_h6s5f70p6n14.txt,GLCT,5,6,21,5,600.0,0,0.0,2,9.5,5,537.28,0.0,,,
BZ_h6s5f70p6n15.txt,GLCT,5,6,21,6,600.0,0,0.0,8,38.1,4,534.15,0.0,,,
BZ_h6s5f70p6n16.txt,GLCT,5,6,21,6,600.0,1,4.8,2,9.5,5,540.45,0.0,,,
BZ_h6s5f70p6n17.txt,GLCT,5,6,21,5,600.0,0,0.0,3,14.3,5,548.01,0.0,,,
BZ_h6s5f70p6n18.txt,GLCT,5,6,21,6,600.0,1,4.8,3,14.3,4,530.19,0.0,,,
BZ_h6s5f70p6n19.txt,GLCT,5,6,21,6,600.0,2,9.5,7,33.3,5,563.78,0.0,,,
BZ_h6s5f70p6n2.txt,GLCT,5,6,21,6,600.0,0,0.0,4,19.0,5,548.13,0.0,,,
BZ_h6s5f70p6n20.txt,GLCT,5,6,21,6,600.0,1,4.8,3,14.3,5,539.59,0.0,,,
BZ_h6s5f70p6n3.txt,GLCT,5,6,21,6,600.0,1,4.8,3,14.3,5,534.82,0.0,,,
BZ_h6s5f70p6n4.txt,GLCT,5,6,21,6,600.0,0,0.0,5,23.8,5,532.74,0.0,,,
BZ_h6s5f70p6n5.txt,GLCT,5,6,21,6,600.0,0,0.0,1,4.8,5,567.04,0.0,,,
BZ_h6s5f70p6n6.txt,GLCT,5,6,21,6,600.0,0,0.0,2,9.5,5,565.12,0.0,,,
BZ_h6s5f70p6n7.txt,GLCT,5,6,21,6,600.0,1,4.8,9,42.9,5,523.94,0.0,,,
BZ_h6s5f70p6n8.txt,GLCT,5,6,21,6,600.0,0,0.0,5,23.8,5,560.79,0.0,,,
BZ_h6s5f70p6n9.txt,GLCT,5,6,21,6,600.0,0,0.0,2,9.5,3,371.03,0.0,,,
BZ_h6s7f50p2n1.txt,GLCT,7,6,21,2,600.0,4,19.0,8,38.1,4,571.20,0.0,,,
BZ_h6s7f50p2n10.txt,GLCT,7,6,21,2,600.0,4,19.0,10,47.6,5,585.04,0.0,,,
BZ_h6s7f50p2n11.txt,GLCT,7,6,21,2,600.0,4,19.0,6,28.6,4,529.52,0.0,,,
BZ_h6s7f50p2n12.txt,GLCT,7,6,21,2,600.0,7,33.3,21,100.0,3,380.60,0.0,,,
BZ_h6s7f50p2n13.txt,GLCT,7,6,21,2,600.0,4,19.0,6,28.6,4,568.28,0.0,,,
BZ_h6s7f50p2n14.txt,GLCT,7,6,21,2,600.0,7,33.3,8,38.1,4,473.70,0.0,,,
BZ_h6s7f50p2n15.txt,GLCT,7,6,21,2,600.0,4,19.0,7,33.3,4,545.74,0.0,,,
BZ_h6s7f50p2n16.txt,GLCT,7,6,21,2,600.0,10,47.6,21,100.0,1,149.87,0.0,,,
BZ_h6s7f50p2n17.txt,GLCT,7,6,21,2,600.0,9,42.9,13,61.9,4,459.67,0.0,,,
BZ_h6s7f50p2n18.txt,GLCT,7,6,21,2,600.0,7,33.3,8,38.1,3,356.07,0.0,,,
BZ_h6s7f50p2n19.txt,GLCT,7,6,21,2,600.0,3,14.3,7,33.3,4,527.93,0.0,,,
BZ_h6s7f50p2n2.txt,GLCT,7,6,21,2,600.0,8,38.1,10,47.6,5,593.10,0.0,,,
BZ_h6s7f50p2n20.txt,GLCT,7,6,21,2,600.0,7,33.3,9,42.9,4,533.86,0.0,,,
BZ_h6s7f50p2n3.txt,GLCT,7,6,21,2,600.0,2,9.5,5,23.8,5,593.14,0.0,,,
BZ_h6s7f50p2n4.txt,GLCT,7,6,21,2,600.0,10,47.6,11,52.4,4,525.64,0.0,,,
BZ_h6s7f50p2n5.txt,GLCT,7,6,21,2,600.0,4,19.0,6,28.6,4,508.43,0.0,,,
BZ_h6s7f50p2n6.txt,GLCT,7,6,21,2,600.0,13,61.9,14,66.7,3,434.69,0.0,,,
BZ_h6s7f50p2n7.txt,GLCT,7,6,21,2,600.0,8,38.1,11,52.4,4,580.93,0.0,,,
BZ_h6s7f50p2n8.txt,GLCT,7,6,21,2,600.0,3,14.3,6,28.6,4,513.69,0.0,,,
BZ_h6s7f50p2n9.txt,GLCT,7,6,21,2,600.0,5,23.8,10,47.6,4,495.00,0.0,,,
BZ_h6s7f50p3n1.txt,GLCT,7,6,21,3,600.0,4,19.0,7,33.3,4,540.29,0.0,,,
BZ_h6s7f50p3n10.txt,GLCT,7,6,21,3,600.0,2,9.5,3,14.3,4,547.39,0.0,,,
BZ_h6s7f50p3n11.txt,GLCT,7,6,21,3,600.0,4,19.0,6,28.6,4,500.14,0.0,,,
BZ_h6s7f50p3n12.txt,GLCT,7,6,21,3,600.0,3,14.3,6,28.6,5,592.32,0.0,,,
BZ_h6s7f50p3n13.txt,GLCT,7,6,21,3,600.0,2,9.5,5,23.8,4,537.09,0.0,,,
BZ_h6s7f50p3n14.txt,GLCT,7,6,21,3,600.0,6,28.6,7,33.3,4,557.31,0.0,,,
BZ_h6s7f50p3n15.txt,GLCT,7,6,21,3,600.0,3,14.3,6,28.6,4,537.78,0.0,,,
BZ_h6s7f50p3n16.txt,GLCT,7,6,21,3,600.0,4,19.0,21,100.0,3,318.51,0.0,,,
BZ_h6s7f50p3n17.txt,GLCT,7,6,21,3,600.0,2,9.5,8,38.1,4,553.70,0.0,,,
BZ_h6s7f50p3n18.txt,GLCT,7,6,21,3,600.0,0,0.0,4,19.0,4,557.54,0.0,,,
BZ_h6s7f50p3n19.txt,GLCT,7,6,21,3,600.0,1,4.8,4,19.0,4,505.52,0.0,,,
BZ_h6s7f50p3n2.txt,GLCT,7,6,21,3,600.0,2,9.5,4,19.0,4,532.53,0.0,,,
BZ_h6s7f50p3n20.txt,GLCT,7,6,21,3,600.0,4,19.0,7,33.3,4,549.76,0.0,,,
BZ_h6s7f50p3n3.txt,GLCT,7,6,21,3,600.0,2,9.5,4,19.0,4,533.37,0.0,,,
BZ_h6s7f50p3n4.txt,GLCT,7,6,21,3,600.0,3,14.3,6,28.6,4,539.94,0.0,,,
BZ_h6s7f50p3n5.txt,GLCT,7,6,21,3,600.0,4,19.0,7,33.3,4,583.23,0.0,,,
BZ_h6s7f50p3n6.txt,GLCT,7,6,21,3,600.0,6,28.6,8,38.1,4,537.08,0.0,,,
BZ_h6s7f50p3n7.txt,GLCT,7,6,21,3,600.0,5,23.8,21,100.0,1,145.26,0.0,,,
BZ_h6s7f50p3n8.txt,GLCT,7,6,21,3,600.0,3,14.3,13,61.9,3,424.30,0.0,,,
BZ_h6s7f50p3n9.txt,GLCT,7,6,21,3,600.0,1,4.8,3,14.3,5,587.42,0.0,,,
BZ_h6s7f50p6n1.txt,GLCT,7,6,21,6,600.0,1,4.8,12,57.1,4,513.84,0.0,,,
BZ_h6s7f50p6n10.txt,GLCT,7,6,21,6,600.0,4,19.0,7,33.3,4,501.84,0.0,,,
BZ_h6s7f50p6n11.txt,GLCT,7,6,21,6,600.0,3,14.3,6,28.6,4,491.81,0.0,,,
BZ_h6s7f50p6n12.txt,GLCT,7,6,21,6,600.0,4,19.0,6,28.6,4,584.59,0.0,,,
BZ_h6s7f50p6n13.txt,GLCT,7,6,21,6,600.0,0,0.0,5,23.8,4,533.72,0.0,,,
BZ_h6s7f50p6n14.txt,GLCT,7,6,21,6,600.0,2,9.5,4,19.0,5,596.98,0.0,,,
BZ_h6s7f50p6n15.txt,GLCT,7,6,21,6,600.0,4,19.0,6,28.6,4,535.01,0.0,,,
BZ_h6s7f50p6n16.txt,GLCT,7,6,21,6,600.0,0,0.0,6,28.6,4,547.31,0.0,,,
BZ_h6s7f50p6n17.txt,GLCT,7,6,21,6,600.0,2,9.5,5,23.8,4,532.01,0.0,,,
BZ_h6s7f50p6n18.txt,GLCT,7,6,21,6,600.0,3,14.3,6,28.6,4,563.07,0.0,,,
BZ_h6s7f50p6n19.txt,GLCT,7,6,21,6,600.0,3,14.3,5,23.8,5,597.34,0.0,,,
BZ_h6s7f50p6n2.txt,GLCT,7,6,21,6,600.0,1,4.8,5,23.8,4,521.85,0.0,,,
BZ_h6s7f50p6n20.txt,GLCT,7,6,21,6,600.0,1,4.8,4,19.0,4,484.05,0.0,,,
BZ_h6s7f50p6n3.txt,GLCT,7,6,21,6,600.0,1,4.8,5,23.8,4,552.68,0.0,,,
BZ_h6s7f50p6n4.txt,GLCT,7,6,21,6,600.0,0,0.0,2,9.5,5,590.85,0.0,,,
BZ_h6s7f50p6n5.txt,GLCT,7,6,21,6,600.0,2,9.5,3,14.3,4,504.29,0.0,,,
BZ_h6s7f50p6n6.txt,GLCT,7,6,21,6,600.0,0,0.0,2,9.5,4,521.25,0.0,,,
BZ_h6s7f50p6n7.txt,GLCT,7,6,21,6,600.0,0,0.0,6,28.6,4,575.86,0.0,,,
BZ_h6s7f50p6n8.txt,GLCT,7,6,21,6,600.0,0,0.0,5,23.8,4,569.63,0.0,,,
BZ_h6s7f50p6n9.txt,GLCT,7,6,21,6,600.0,0,0.0,8,38.1,4,512.43,0.0,,,
BZ_h6s7f70p2n1.txt,GLCT,7,6,29,2,600.0,12,41.4,15,51.7,5,527.60,0.0,,,
BZ_h6s7f70p2n10.txt,GLCT,7,6,29,2,600.0,2,6.9,7,24.1,5,533.59,0.0,,,
BZ_h6s7f70p2n11.txt,GLCT,7,6,29,2,600.0,6,20.7,10,34.5,6,585.35,0.0,,,
BZ_h6s7f70p2n12.txt,GLCT,7,6,29,2,600.0,13,44.8,16,55.2,6,574.50,0.0,,,
BZ_h6s7f70p2n13.txt,GLCT,7,6,29,2,600.0,1,3.4,7,24.1,5,528.98,0.0,,,
BZ_h6s7f70p2n14.txt,GLCT,7,6,29,2,600.0,4,13.8,6,20.7,5,573.49,0.0,,,
BZ_h6s7f70p2n15.txt,GLCT,7,6,29,2,600.0,9,31.0,12,41.4,5,559.90,0.0,,,
BZ_h6s7f70p2n16.txt,GLCT,7,6,29,2,600.0,4,13.8,6,20.7,5,583.95,0.0,,,
BZ_h6s7f70p2n17.txt,GLCT,7,6,29,2,600.0,9,31.0,12,41.4,5,599.34,0.0,,,
BZ_h6s7f70p2n18.txt,GLCT,7,6,29,2,600.0,2,6.9,6,20.7,5,562.37,0.0,,,
BZ_h6s7f70p2n19.txt,GLCT,7,6,29,2,600.0,5,17.2,10,34.5,5,550.73,0.0,,,
BZ_h6s7f70p2n2.txt,GLCT,7,6,29,2,600.0,11,37.9,13,44.8,5,567.98,0.0,,,
BZ_h6s7f70p2n20.txt,GLCT,7,6,29,2,600.0,10,34.5,13,44.8,4,534.22,0.0,,,
BZ_h6s7f70p2n3.txt,GLCT,7,6,29,2,600.0,5,17.2,9,31.0,5,505.94,0.0,,,
BZ_h6s7f70p2n4.txt,GLCT,7,6,29,2,600.0,2,6.9,5,17.2,5,596.30,0.0,,,
BZ_h6s7f70p2n5.txt,GLCT,7,6,29,2,600.0,5,17.2,11,37.9,5,533.46,0.0,,,
BZ_h6s7f70p2n6.txt,GLCT,7,6,29,2,600.0,2,6.9,6,20.7,6,587.59,0.0,,,
BZ_h6s7f70p2n7.txt,GLCT,7,6,29,2,600.0,5,17.2,10,34.5,5,586.52,0.0,,,
BZ_h6s7f70p2n8.txt,GLCT,7,6,29,2,600.0,10,34.5,12,41.4,5,554.44,0.0,,,
BZ_h6s7f70p2n9.txt,GLCT,7,6,29,2,600.0,11,37.9,14,48.3,5,597.00,0.0,,,
BZ_h6s7f70p3n1.txt,GLCT,7,6,29,3,600.0,4,13.8,8,27.6,5,594.67,0.0,,,
BZ_h6s7f70p3n10.txt,GLCT,7,6,29,3,600.0,6,20.7,7,24.1,5,534.88,0.0,,,
BZ_h6s7f70p3n11.txt,GLCT,7,6,29,3,600.0,1,3.4,8,27.6,5,550.01,0.0,,,
BZ_h6s7f70p3n12.txt,GLCT,7,6,29,3,600.0,2,6.9,5,17.2,5,587.60,0.0,,,
BZ_h6s7f70p3n13.txt,GLCT,7,6,29,3,600.0,2,6.9,5,17.2,5,568.84,0.0,,,
BZ_h6s7f70p3n14.txt,GLCT,7,6,29,3,600.0,1,3.4,3,10.3,4,439.66,0.0,,,
BZ_h6s7f70p3n15.txt,GLCT,7,6,29,3,600.0,1,3.4,9,31.0,4,425.75,0.0,,,
BZ_h6s7f70p3n16.txt,GLCT,7,6,29,3,600.0,3,10.3,5,17.2,5,570.97,0.0,,,
BZ_h6s7f70p3n17.txt,GLCT,7,6,29,3,600.0,3,10.3,7,24.1,5,591.04,0.0,,,
BZ_h6s7f70p3n18.txt,GLCT,7,6,29,3,600.0,2,6.9,4,13.8,5,599.36,0.0,,,
BZ_h6s7f70p3n19.txt,GLCT,7,6,29,3,600.0,2,6.9,9,31.0,5,552.08,0.0,,,
BZ_h6s7f70p3n2.txt,GLCT,7,6,29,3,600.0,4,13.8,5,17.2,5,544.21,0.0,,,
BZ_h6s7f70p3n20.txt,GLCT,7,6,29,3,600.0,6,20.7,9,31.0,4,518.18,0.0,,,
BZ_h6s7f70p3n3.txt,GLCT,7,6,29,3,600.0,3,10.3,7,24.1,5,518.97,0.0,,,
BZ_h6s7f70p3n4.txt,GLCT,7,6,29,3,600.0,3,10.3,8,27.6,5,522.93,0.0,,,
BZ_h6s7f70p3n5.txt,GLCT,7,6,29,3,600.0,3,10.3,5,17.2,5,590.49,0.0,,,
BZ_h6s7f70p3n6.txt,GLCT,7,6,29,3,600.0,1,3.4,14,48.3,5,537.77,0.0,,,
BZ_h6s7f70p3n7.txt,GLCT,7,6,29,3,600.0,7,24.1,9,31.0,4,434.19,0.0,,,
BZ_h6s7f70p3n8.txt,GLCT,7,6,29,3,600.0,2,6.9,7,24.1,5,522.21,0.0,,,
BZ_h6s7f70p3n9.txt,GLCT,7,6,29,3,600.0,4,13.8,7,24.1,5,519.77,0.0,,,
BZ_h6s7f70p6n1.txt,GLCT,7,6,29,6,600.0,1,3.4,6,20.7,5,563.02,0.0,,,
BZ_h6s7f70p6n10.txt,GLCT,7,6,29,6,600.0,1,3.4,6,20.7,5,525.67,0.0,,,
BZ_h6s7f70p6n11.txt,GLCT,7,6,29,6,600.0,0,0.0,5,17.2,5,555.49,0.0,,,
BZ_h6s7f70p6n12.txt,GLCT,7,6,29,6,600.0,0,0.0,5,17.2,5,593.53,0.0,,,
BZ_h6s7f70p6n13.txt,GLCT,7,6,29,6,600.0,1,3.4,4,13.8,5,593.36,0.0,,,
BZ_h6s7f70p6n14.txt,GLCT,7,6,29,6,600.0,1,3.4,3,10.3,5,532.47,0.0,,,
BZ_h6s7f70p6n15.txt,GLCT,7,6,29,6,600.0,1,3.4,3,10.3,5,574.19,0.0,,,
BZ_h6s7f70p6n16.txt,GLCT,7,6,29,6,600.0,2,6.9,6,20.7,5,597.03,0.0,,,
BZ_h6s7f70p6n17.txt,GLCT,7,6,29,6,600.0,3,10.3,4,13.8,4,535.46,0.0,,,
BZ_h6s7f70p6n18.txt,GLCT,7,6,29,6,600.0,0,0.0,8,27.6,5,585.53,0.0,,,
BZ_h6s7f70p6n19.txt,GLCT,7,6,29,6,600.0,0,0.0,3,10.3,5,591.69,0.0,,,
BZ_h6s7f70p6n2.txt,GLCT,7,6,29,6,600.0,2,6.9,5,17.2,5,508.34,0.0,,,
BZ_h6s7f70p6n20.txt,GLCT,7,6,29,6,600.0,1,3.4,4,13.8,5,555.88,0.0,,,
BZ_h6s7f70p6n3.txt,GLCT,7,6,29,6,600.0,0,0.0,3,10.3,5,599.72,0.0,,,
BZ_h6s7f70p6n4.txt,GLCT,7,6,29,6,600.0,1,3.4,7,24.1,5,554.29,0.0,,,
BZ_h6s7f70p6n5.txt,GLCT,7,6,29,6,600.0,1,3.4,4,13.8,5,509.65,0.0,,,
BZ_h6s7f70p6n6.txt,GLCT,7,6,29,6,600.0,0,0.0,3,10.3,5,583.08,0.0,,,
BZ_h6s7f70p6n7.txt,GLCT,7,6,29,6,600.0,2,6.9,4,13.8,5,574.74,0.0,,,
BZ_h6s7f70p6n8.txt,GLCT,7,6,29,6,600.0,0,0.0,6,20.7,5,568.60,0.0,,,
BZ_h6s7f70p6n9.txt,GLCT,7,6,29,6,600.0,2,6.9,4,13.8,5,539.29,0.0,,,
BZ_h6s9f50p2n1.txt,GLCT,9,6,27,2,600.0,6,22.2,10,37.0,4,516.29,0.0,,,
BZ_h6s9f50p2n10.txt,GLCT,9,6,27,2,600.0,13,48.1,27,100.0,4,565.28,0.0,,,
BZ_h6s9f50p2n11.txt,GLCT,9,6,27,2,600.0,5,18.5,11,40.7,5,550.98,0.0,,,
BZ_h6s9f50p2n12.txt,GLCT,9,6,27,2,600.0,8,29.6,13,48.1,4,581.50,0.0,,,
BZ_h6s9f50p2n13.txt,GLCT,9,6,27,2,600.0,12,44.4,13,48.1,4,512.79,0.0,,,
BZ_h6s9f50p2n14.txt,GLCT,9,6,27,2,600.0,4,14.8,6,22.2,4,541.05,0.0,,,
BZ_h6s9f50p2n15.txt,GLCT,9,6,27,2,600.0,7,25.9,8,29.6,5,579.47,0.0,,,
BZ_h6s9f50p2n16.txt,GLCT,9,6,27,2,600.0,3,11.1,9,33.3,4,542.62,0.0,,,
BZ_h6s9f50p2n17.txt,GLCT,9,6,27,2,600.0,11,40.7,13,48.1,4,492.68,0.0,,,
BZ_h6s9f50p2n18.txt,GLCT,9,6,27,2,600.0,6,22.2,12,44.4,4,505.44,0.0,,,
BZ_h6s9f50p2n19.txt,GLCT,9,6,27,2,600.0,9,33.3,12,44.4,4,519.85,0.0,,,
BZ_h6s9f50p2n2.txt,GLCT,9,6,27,2,600.0,11,40.7,16,59.3,4,505.10,0.0,,,
BZ_h6s9f50p2n20.txt,GLCT,9,6,27,2,600.0,3,11.1,10,37.0,4,528.21,0.0,,,
BZ_h6s9f50p2n3.txt,GLCT,9,6,27,2,600.0,3,11.1,8,29.6,4,498.09,0.0,,,
BZ_h6s9f50p2n4.txt,GLCT,9,6,27,2,600.0,13,48.1,16,59.3,4,557.14,0.0,,,
BZ_h6s9f50p2n5.txt,GLCT,9,6,27,2,600.0,5,18.5,11,40.7,5,563.13,0.0,,,
BZ_h6s9f50p2n6.txt,GLCT,9,6,27,2,600.0,6,22.2,12,44.4,4,507.61,0.0,,,
BZ_h6s9f50p2n7.txt,GLCT,9,6,27,2,600.0,5,18.5,8,29.6,4,518.67,0.0,,,
BZ_h6s9f50p2n8.txt,GLCT,9,6,27,2,600.0,2,7.4,8,29.6,5,590.04,0.0,,,
BZ_h6s9f50p2n9.txt,GLCT,9,6,27,2,600.0,9,33.3,15,55.6,4,529.49,0.0,,,
BZ_h6s9f50p3n1.txt,GLCT,9,6,27,3,600.0,8,29.6,10,37.0,4,493.19,0.0,,,
BZ_h6s9f50p3n10.txt,GLCT,9,6,27,3,600.0,2,7.4,5,18.5,4,504.73,0.0,,,
BZ_h6s9f50p3n11.txt,GLCT,9,6,27,3,600.0,5,18.5,7,25.9,4,535.28,0.0,,,
BZ_h6s9f50p3n12.txt,GLCT,9,6,27,3,600.0,4,14.8,6,22.2,4,527.16,0.0,,,
BZ_h6s9f50p3n13.txt,GLCT,9,6,27,3,600.0,5,18.5,9,33.3,4,544.30,0.0,,,
BZ_h6s9f50p3n14.txt,GLCT,9,6,27,3,600.0,1,3.7,6,22.2,4,540.60,0.0,,,
BZ_h6s9f50p3n15.txt,GLCT,9,6,27,3,600.0,1,3.7,3,11.1,4,592.41,0.0,,,
BZ_h6s9f50p3n16.txt,GLCT,9,6,27,3,600.0,0,0.0,4,14.8,4,526.88,0.0,,,
BZ_h6s9f50p3n17.txt,GLCT,9,6,27,3,600.0,4,14.8,7,25.9,4,554.32,0.0,,,
BZ_h6s9f50p3n18.txt,GLCT,9,6,27,3,600.0,2,7.4,5,18.5,4,598.02,0.0,,,
BZ_h6s9f50p3n19.txt,GLCT,9,6,27,3,600.0,7,25.9,10,37.0,4,570.22,0.0,,,
BZ_h6s9f50p3n2.txt,GLCT,9,6,27,3,600.0,4,14.8,6,22.2,4,496.62,0.0,,,
BZ_h6s9f50p3n20.txt,GLCT,9,6,27,3,600.0,8,29.6,15,55.6,4,524.01,0.0,,,
BZ_h6s9f50p3n3.txt,GLCT,9,6,27,3,600.0,2,7.4,8,29.6,4,532.35,0.0,,,
BZ_h6s9f50p3n4.txt,GLCT,9,6,27,3,600.0,8,29.6,11,40.7,5,595.07,0.0,,,
BZ_h6s9f50p3n5.txt,GLCT,9,6,27,3,600.0,2,7.4,5,18.5,4,555.33,0.0,,,
BZ_h6s9f50p3n6.txt,GLCT,9,6,27,3,600.0,3,11.1,7,25.9,4,512.83,0.0,,,
BZ_h6s9f50p3n7.txt,GLCT,9,6,27,3,600.0,3,11.1,9,33.3,4,534.54,0.0,,,
BZ_h6s9f50p3n8.txt,GLCT,9,6,27,3,600.0,6,22.2,9,33.3,4,559.35,0.0,,,
BZ_h6s9f50p3n9.txt,GLCT,9,6,27,3,600.0,8,29.6,12,44.4,4,556.16,0.0,,,
BZ_h6s9f50p6n1.txt,GLCT,9,6,27,6,600.0,5,18.5,6,22.2,4,502.91,0.0,,,
BZ_h6s9f50p6n10.txt,GLCT,9,6,27,6,600.0,3,11.1,5,18.5,4,537.23,0.0,,,
BZ_h6s9f50p6n11.txt,GLCT,9,6,27,6,600.0,3,11.1,7,25.9,4,567.85,0.0,,,
BZ_h6s9f50p6n12.txt,GLCT,9,6,27,6,600.0,1,3.7,4,14.8,5,594.09,0.0,,,
BZ_h6s9f50p6n13.txt,GLCT,9,6,27,6,600.0,1,3.7,5,18.5,4,531.88,0.0,,,
BZ_h6s9f50p6n14.txt,GLCT,9,6,27,6,600.0,4,14.8,7,25.9,4,545.92,0.0,,,
BZ_h6s9f50p6n15.txt,GLCT,9,6,27,6,600.0,1,3.7,3,11.1,4,576.31,0.0,,,
BZ_h6s9f50p6n16.txt,GLCT,9,6,27,6,600.0,0,0.0,4,14.8,4,556.45,0.0,,,
BZ_h6s9f50p6n17.txt,GLCT,9,6,27,6,600.0,0,0.0,5,18.5,4,579.06,0.0,,,
BZ_h6s9f50p6n18.txt,GLCT,9,6,27,5,600.0,4,14.8,7,25.9,4,503.26,0.0,,,
BZ_h6s9f50p6n19.txt,GLCT,9,6,27,6,600.0,3,11.1,6,22.2,4,570.85,0.0,,,
BZ_h6s9f50p6n2.txt,GLCT,9,6,27,6,600.0,3,11.1,5,18.5,4,532.42,0.0,,,
BZ_h6s9f50p6n20.txt,GLCT,9,6,27,6,600.0,1,3.7,5,18.5,4,582.73,0.0,,,
BZ_h6s9f50p6n3.txt,GLCT,9,6,27,6,600.0,2,7.4,5,18.5,4,563.39,0.0,,,
BZ_h6s9f50p6n4.txt,GLCT,9,6,27,6,600.0,1,3.7,5,18.5,5,599.09,0.0,,,
BZ_h6s9f50p6n5.txt,GLCT,9,6,27,6,600.0,2,7.4,9,33.3,4,578.14,0.0,,,
BZ_h6s9f50p6n6.txt,GLCT,9,6,27,6,600.0,4,14.8,6,22.2,4,518.15,0.0,,,
BZ_h6s9f50p6n7.txt,GLCT,9,6,27,6,600.0,1,3.7,3,11.1,4,488.93,0.0,,,
BZ_h6s9f50p6n8.txt,GLCT,9,6,27,6,600.0,4,14.8,11,40.7,5,599.12,0.0,,,
BZ_h6s9f50p6n9.txt,GLCT,9,6,27,6,600.0,1,3.7,3,11.1,3,482.42,0.0,,,
BZ_h6s9f70p2n1.txt,GLCT,9,6,37,2,600.0,14,37.8,18,48.6,5,582.40,0.0,,,
BZ_h6s9f70p2n10.txt,GLCT,9,6,37,2,600.0,12,32.4,18,48.6,6,567.20,0.0,,,
BZ_h6s9f70p2n11.txt,GLCT,9,6,37,2,600.0,13,35.1,16,43.2,5,596.94,0.0,,,
BZ_h6s9f70p2n12.txt,GLCT,9,6,37,2,600.0,2,5.4,11,29.7,5,536.30,0.0,,,
BZ_h6s9f70p2n13.txt,GLCT,9,6,37,2,600.0,5,13.5,10,27.0,6,597.72,0.0,,,
BZ_h6s9f70p2n14.txt,GLCT,9,6,37,2,600.0,8,21.6,11,29.7,5,549.75,0.0,,,
BZ_h6s9f70p2n15.txt,GLCT,9,6,37,2,600.0,3,8.1,11,29.7,5,572.60,0.0,,,
BZ_h6s9f70p2n16.txt,GLCT,9,6,37,2,600.0,5,13.5,10,27.0,5,567.14,0.0,,,
BZ_h6s9f70p2n17.txt,GLCT,9,6,37,2,600.0,3,8.1,11,29.7,5,557.02,0.0,,,
BZ_h6s9f70p2n18.txt,GLCT,9,6,37,2,600.0,5,13.5,8,21.6,5,588.02,0.0,,,
BZ_h6s9f70p2n19.txt,GLCT,9,6,37,2,600.0,14,37.8,20,54.1,5,548.70,0.0,,,
BZ_h6s9f70p2n2.txt,GLCT,9,6,37,2,600.0,7,18.9,10,27.0,5,577.07,0.0,,,
BZ_h6s9f70p2n20.txt,GLCT,9,6,37,2,600.0,9,24.3,12,32.4,5,497.25,0.0,,,
BZ_h6s9f70p2n3.txt,GLCT,9,6,37,2,600.0,11,29.7,16,43.2,5,545.85,0.0,,,
BZ_h6s9f70p2n4.txt,GLCT,9,6,37,2,600.0,11,29.7,15,40.5,5,588.78,0.0,,,
BZ_h6s9f70p2n5.txt,GLCT,9,6,37,2,600.0,9,24.3,12,32.4,4,552.43,0.0,,,
BZ_h6s9f70p2n6.txt,GLCT,9,6,37,2,600.0,12,32.4,20,54.1,6,576.92,0.0,,,
BZ_h6s9f70p2n7.txt,GLCT,9,6,37,2,600.0,12,32.4,19,51.4,5,578.66,0.0,,,
BZ_h6s9f70p2n8.txt,GLCT,9,6,37,2,600.0,3,8.1,8,21.6,5,579.52,0.0,,,
BZ_h6s9f70p2n9.txt,GLCT,9,6,37,2,600.0,7,18.9,9,24.3,5,595.51,0.0,,,
BZ_h6s9f70p3n1.txt,GLCT,9,6,37,3,600.0,0,0.0,3,8.1,5,567.39,0.0,,,
BZ_h6s9f70p3n10.txt,GLCT,9,6,37,3,600.0,3,8.1,5,13.5,5,531.87,0.0,,,
BZ_h6s9f70p3n11.txt,GLCT,9,6,37,3,600.0,3,8.1,6,16.2,4,462.53,0.0,,,
BZ_h6s9f70p3n12.txt,GLCT,9,6,37,3,600.0,3,8.1,8,21.6,5,590.16,0.0,,,
BZ_h6s9f70p3n13.txt,GLCT,9,6,37,3,600.0,7,18.9,12,32.4,6,584.32,0.0,,,
BZ_h6s9f70p3n14.txt,GLCT,9,6,37,3,600.0,10,27.0,12,32.4,5,577.86,0.0,,,
BZ_h6s9f70p3n15.txt,GLCT,9,6,37,3,600.0,3,8.1,8,21.6,6,583.29,0.0,,,
BZ_h6s9f70p3n16.txt,GLCT,9,6,37,3,600.0,7,18.9,10,27.0,4,544.69,0.0,,,
BZ_h6s9f70p3n17.txt,GLCT,9,6,37,3,600.0,6,16.2,8,21.6,4,544.27,0.0,,,
BZ_h6s9f70p3n18.txt,GLCT,9,6,37,3,600.0,4,10.8,8,21.6,5,557.89,0.0,,,
BZ_h6s9f70p3n19.txt,GLCT,9,6,37,3,600.0,8,21.6,12,32.4,5,560.07,0.0,,,
BZ_h6s9f70p3n2.txt,GLCT,9,6,37,3,600.0,1,2.7,8,21.6,4,550.50,0.0,,,
BZ_h6s9f70p3n20.txt,GLCT,9,6,37,3,600.0,3,8.1,8,21.6,4,545.74,0.0,,,
BZ_h6s9f70p3n3.txt,GLCT,9,6,37,3,600.0,3,8.1,6,16.2,5,582.36,0.0,,,
BZ_h6s9f70p3n4.txt,GLCT,9,6,37,3,600.0,7,18.9,10,27.0,5,591.66,0.0,,,
BZ_h6s9f70p3n5.txt,GLCT,9,6,37,3,600.0,1,2.7,6,16.2,4,535.49,0.0,,,
BZ_h6s9f70p3n6.txt,GLCT,9,6,37,3,600.0,5,13.5,9,24.3,5,509.31,0.0,,,
BZ_h6s9f70p3n7.txt,GLCT,9,6,37,3,600.0,6,16.2,10,27.0,5,550.84,0.0,,,
BZ_h6s9f70p3n8.txt,GLCT,9,6,37,3,600.0,5,13.5,8,21.6,5,514.91,0.0,,,
BZ_h6s9f70p3n9.txt,GLCT,9,6,37,3,600.0,7,18.9,11,29.7,5,586.50,0.0,,,
BZ_h6s9f70p6n1.txt,GLCT,9,6,37,6,600.0,1,2.7,4,10.8,5,587.41,0.0,,,
BZ_h6s9f70p6n10.txt,GLCT,9,6,37,6,600.0,2,5.4,4,10.8,5,572.81,0.0,,,
BZ_h6s9f70p6n11.txt,GLCT,9,6,37,6,600.0,2,5.4,7,18.9,4,503.61,0.0,,,
BZ_h6s9f70p6n12.txt,GLCT,9,6,37,6,600.0,2,5.4,5,13.5,4,476.83,0.0,,,
BZ_h6s9f70p6n13.txt,GLCT,9,6,37,6,600.0,2,5.4,3,8.1,5,583.13,0.0,,,
BZ_h6s9f70p6n14.txt,GLCT,9,6,37,6,600.0,0,0.0,3,8.1,5,504.37,0.0,,,
BZ_h6s9f70p6n15.txt,GLCT,9,6,37,6,600.0,1,2.7,4,10.8,5,546.97,0.0,,,
BZ_h6s9f70p6n16.txt,GLCT,9,6,37,6,600.0,1,2.7,4,10.8,5,590.66,0.0,,,
BZ_h6s9f70p6n17.txt,GLCT,9,6,37,6,600.0,3,8.1,4,10.8,5,552.58,0.0,,,
BZ_h6s9f70p6n18.txt,GLCT,9,6,37,6,600.0,1,2.7,4,10.8,5,530.47,0.0,,,
BZ_h6s9f70p6n19.txt,GLCT,9,6,37,6,600.0,3,8.1,5,13.5,5,554.14,0.0,,,
BZ_h6s9f70p6n2.txt,GLCT,9,6,37,6,600.0,0,0.0,2,5.4,5,545.02,0.0,,,
BZ_h6s9f70p6n20.txt,GLCT,9,6,37,6,600.0,3,8.1,8,21.6,5,564.61,0.0,,,
BZ_h6s9f70p6n3.txt,GLCT,9,6,37,6,600.0,2,5.4,3,8.1,5,579.14,0.0,,,
BZ_h6s9f70p6n4.txt,GLCT,9,6,37,6,600.0,1,2.7,6,16.2,5,563.78,0.0,,,
BZ_h6s9f70p6n5.txt,GLCT,9,6,37,6,600.0,5,13.5,7,18.9,5,597.74,0.0,,,
BZ_h6s9f70p6n6.txt,GLCT,9,6,37,6,600.0,0,0.0,3,8.1,5,517.90,0.0,,,
BZ_h6s9f70p6n7.txt,GLCT,9,6,37,6,600.0,1,2.7,5,13.5,5,569.23,0.0,,,
BZ_h6s9f70p6n8.txt,GLCT,9,6,37,6,600.0,4,10.8,8,21.6,5,544.27,0.0,,,
BZ_h6s9f70p6n9.txt,GLCT,9,6,37,6,600.0,0,0.0,5,13.5,5,582.86,0.0,,,
BZ_h4s3f50p2n1.txt,GLCT,3,4,6,2,900.0,0,0.0,6,100.0,3,319.28,0.0,,,
BZ_h4s3f50p2n10.txt,GLCT,3,4,6,2,900.0,0,0.0,6,100.0,2,215.59,0.0,,,
BZ_h4s3f50p2n11.txt,GLCT,3,4,6,2,900.0,1,16.7,6,100.0,1,108.07,0.0,,,
BZ_h4s3f50p2n12.txt,GLCT,3,4,6,2,900.0,2,33.3,6,100.0,1,102.84,0.0,,,
BZ_h4s3f50p2n13.txt,GLCT,3,4,6,2,900.0,1,16.7,6,100.0,4,444.71,0.0,,,
BZ_h4s3f50p2n14.txt,GLCT,3,4,6,2,900.0,1,16.7,6,100.0,2,214.24,0.0,,,
BZ_h4s3f50p2n15.txt,GLCT,3,4,6,2,900.0,3,50.0,6,100.0,3,335.77,0.0,,,
BZ_h4s3f50p2n16.txt,GLCT,3,4,6,2,900.0,2,33.3,6,100.0,4,420.81,0.0,,,
BZ_h4s3f50p2n17.txt,GLCT,3,4,6,2,900.0,2,33.3,6,100.0,2,233.55,0.0,,,
BZ_h4s3f50p2n18.txt,GLCT,3,4,6,2,900.0,3,50.0,6,100.0,1,120.84,0.0,,,
BZ_h4s3f50p2n19.txt,GLCT,3,4,6,2,900.0,2,33.3,6,100.0,2,219.55,0.0,,,
BZ_h4s3f50p2n2.txt,GLCT,3,4,6,2,900.0,2,33.3,6,100.0,3,327.03,0.0,,,
BZ_h4s3f50p2n20.txt,GLCT,3,4,6,2,900.0,3,50.0,6,100.0,2,228.26,0.0,,,
BZ_h4s3f50p2n3.txt,GLCT,3,4,6,2,900.0,1,16.7,6,100.0,1,108.07,0.0,,,
BZ_h4s3f50p2n4.txt,GLCT,3,4,6,2,900.0,3,50.0,6,100.0,2,236.04,0.0,,,
BZ_h4s3f50p2n5.txt,GLCT,3,4,6,2,900.0,1,16.7,6,100.0,3,284.21,0.0,,,
BZ_h4s3f50p2n6.txt,GLCT,3,4,6,2,900.0,0,0.0,6,100.0,2,212.80,0.0,,,
BZ_h4s3f50p2n7.txt,GLCT,3,4,6,2,900.0,1,16.7,6,100.0,1,104.17,0.0,,,
BZ_h4s3f50p2n8.txt,GLCT,3,4,6,2,900.0,0,0.0,6,100.0,5,551.03,0.0,,,
BZ_h4s3f50p2n9.txt,GLCT,3,4,6,2,900.0,1,16.7,6,100.0,1,95.06,0.0,,,
BZ_h4s3f50p3n1.txt,GLCT,3,4,6,3,900.0,1,16.7,6,100.0,7,778.88,0.0,,,
BZ_h4s3f50p3n10.txt,GLCT,3,4,6,3,900.0,2,33.3,6,100.0,3,308.94,0.0,,,
BZ_h4s3f50p3n11.txt,GLCT,3,4,6,3,900.0,1,16.7,6,100.0,2,201.51,0.0,,,
BZ_h4s3f50p3n12.txt,GLCT,3,4,6,3,900.0,2,33.3,6,100.0,4,421.68,0.0,,,
BZ_h4s3f50p3n13.txt,GLCT,3,4,6,3,900.0,0,0.0,6,100.0,2,218.34,0.0,,,
BZ_h4s3f50p3n14.txt,GLCT,3,4,6,3,900.0,1,16.7,6,100.0,4,425.34,0.0,,,
BZ_h4s3f50p3n15.txt,GLCT,3,4,6,3,900.0,0,0.0,6,100.0,5,548.15,0.0,,,
BZ_h4s3f50p3n16.txt,GLCT,3,4,6,3,900.0,1,16.7,6,100.0,3,330.69,0.0,,,
BZ_h4s3f50p3n17.txt,GLCT,3,4,6,3,900.0,0,0.0,6,100.0,2,212.64,0.0,,,
BZ_h4s3f50p3n18.txt,GLCT,3,4,6,3,900.0,2,33.3,6,100.0,1,102.99,0.0,,,
BZ_h4s3f50p3n19.txt,GLCT,3,4,6,3,900.0,0,0.0,6,100.0,2,214.31,0.0,,,
BZ_h4s3f50p3n2.txt,GLCT,3,4,6,3,900.0,1,16.7,6,100.0,2,211.51,0.0,,,
BZ_h4s3f50p3n20.txt,GLCT,3,4,6,3,900.0,2,33.3,6,100.0,1,126.02,0.0,,,
BZ_h4s3f50p3n3.txt,GLCT,3,4,6,3,900.0,3,50.0,6,100.0,5,528.20,0.0,,,
BZ_h4s3f50p3n4.txt,GLCT,3,4,6,3,900.0,0,0.0,6,100.0,5,544.44,0.0,,,
BZ_h4s3f50p3n5.txt,GLCT,3,4,6,3,900.0,1,16.7,6,100.0,2,193.74,0.0,,,
BZ_h4s3f50p3n6.txt,GLCT,3,4,6,3,900.0,0,0.0,6,100.0,3,284.21,0.0,,,
BZ_h4s3f50p3n7.txt,GLCT,3,4,6,2,900.0,0,0.0,6,100.0,1,109.17,0.0,,,
BZ_h4s3f50p3n8.txt,GLCT,3,4,6,3,900.0,0,0.0,6,100.0,3,330.86,0.0,,,
BZ_h4s3f50p3n9.txt,GLCT,3,4,6,3,900.0,0,0.0,6,100.0,3,315.32,0.0,,,
BZ_h4s3f50p6n1.txt,GLCT,3,4,6,6,900.0,0,0.0,6,100.0,5,547.13,0.0,,,
BZ_h4s3f50p6n10.txt,GLCT,3,4,6,6,900.0,1,16.7,3,50.0,3,320.95,0.0,,,
BZ_h4s3f50p6n11.txt,GLCT,3,4,6,6,900.0,0,0.0,6,100.0,5,545.67,0.0,,,
BZ_h4s3f50p6n12.txt,GLCT,3,4,6,6,900.0,2,33.3,6,100.0,3,351.23,0.0,,,
BZ_h4s3f50p6n13.txt,GLCT,3,4,6,5,900.0,1,16.7,6,100.0,1,99.99,0.0,,,
BZ_h4s3f50p6n14.txt,GLCT,3,4,6,6,900.0,0,0.0,6,100.0,5,540.75,0.0,,,
BZ_h4s3f50p6n15.txt,GLCT,3,4,6,6,900.0,0,0.0,6,100.0,7,765.49,0.0,,,
BZ_h4s3f50p6n16.txt,GLCT,3,4,6,5,900.0,1,16.7,6,100.0,1,125.98,0.0,,,
BZ_h4s3f50p6n17.txt,GLCT,3,4,6,6,900.0,2,33.3,6,100.0,3,351.23,0.0,,,
BZ_h4s3f50p6n18.txt,GLCT,3,4,6,6,900.0,1,16.7,3,50.0,4,453.99,0.0,,,
BZ_h4s3f50p6n19.txt,GLCT,3,4,6,6,900.0,1,16.7,6,100.0,1,110.47,0.0,,,
BZ_h4s3f50p6n2.txt,GLCT,3,4,6,6,900.0,2,33.3,6,100.0,4,439.63,0.0,,,
BZ_h4s3f50p6n20.txt,GLCT,3,4,6,4,900.0,0,0.0,6,100.0,1,102.58,0.0,,,
BZ_h4s3f50p6n3.txt,GLCT,3,4,6,5,900.0,0,0.0,4,66.7,7,744.55,0.0,,,
BZ_h4s3f50p6n4.txt,GLCT,3,4,6,5,900.0,0,0.0,6,100.0,7,798.38,0.0,,,
BZ_h4s3f50p6n5.txt,GLCT,3,4,6,6,900.0,2,33.3,6,100.0,8,890.18,0.0,,,
BZ_h4s3f50p6n6.txt,GLCT,3,4,6,6,900.0,2,33.3,6,100.0,4,453.99,0.0,,,
BZ_h4s3f50p6n7.txt,GLCT,3,4,6,5,900.0,0,0.0,3,50.0,5,546.01,0.0,,,
BZ_h4s3f50p6n8.txt,GLCT,3,4,6,6,900.0,0,0.0,6,100.0,5,553.78,0.0,,,
BZ_h4s3f50p6n9.txt,GLCT,3,4,6,6,900.0,0,0.0,6,100.0,3,348.38,0.0,,,
BZ_h4s3f70p2n1.txt,GLCT,3,4,8,2,900.0,2,25.0,8,100.0,6,577.45,0.0,,,
BZ_h4s3f70p2n10.txt,GLCT,3,4,8,2,900.0,3,37.5,8,100.0,2,200.05,0.0,,,
BZ_h4s3f70p2n11.txt,GLCT,3,4,8,2,900.0,3,37.5,4,50.0,3,281.67,0.0,,,
BZ_h4s3f70p2n12.txt,GLCT,3,4,8,2,900.0,0,0.0,8,100.0,3,288.27,0.0,,,
BZ_h4s3f70p2n13.txt,GLCT,3,4,8,2,900.0,0,0.0,1,12.5,4,378.07,0.0,,,
BZ_h4s3f70p2n14.txt,GLCT,3,4,8,2,900.0,2,25.0,8,100.0,4,379.60,0.0,,,
BZ_h4s3f70p2n15.txt,GLCT,3,4,8,2,900.0,0,0.0,8,100.0,2,187.23,0.0,,,
BZ_h4s3f70p2n16.txt,GLCT,3,4,8,2,900.0,1,12.5,8,100.0,1,110.47,0.0,,,
BZ_h4s3f70p2n17.txt,GLCT,3,4,8,2,900.0,4,50.0,4,50.0,1,89.81,0.0,,,
BZ_h4s3f70p2n18.txt,GLCT,3,4,8,2,900.0,5,62.5,5,62.5,1,104.17,0.0,,,
BZ_h4s3f70p2n19.txt,GLCT,3,4,8,2,900.0,3,37.5,8,100.0,5,504.65,0.0,,,
BZ_h4s3f70p2n2.txt,GLCT,3,4,8,2,900.0,0,0.0,8,100.0,3,284.58,0.0,,,
BZ_h4s3f70p2n20.txt,GLCT,3,4,8,2,900.0,2,25.0,2,25.0,3,274.07,0.0,,,
BZ_h4s3f70p2n3.txt,GLCT,3,4,8,2,900.0,2,25.0,8,100.0,1,88.54,0.0,,,
BZ_h4s3f70p2n4.txt,GLCT,3,4,8,2,900.0,2,25.0,2,25.0,4,344.72,0.0,,,
BZ_h4s3f70p2n5.txt,GLCT,3,4,8,2,900.0,5,62.5,5,62.5,1,105.47,0.0,,,
BZ_h4s3f70p2n6.txt,GLCT,3,4,8,2,900.0,3,37.5,8,100.0,3,301.35,0.0,,,
BZ_h4s3f70p2n7.txt,GLCT,3,4,8,2,900.0,2,25.0,8,100.0,2,187.02,0.0,,,
BZ_h4s3f70p2n8.txt,GLCT,3,4,8,2,900.0,1,12.5,8,100.0,5,499.13,0.0,,,
BZ_h4s3f70p2n9.txt,GLCT,3,4,8,2,900.0,0,0.0,8,100.0,1,101.32,0.0,,,
BZ_h4s3f70p3n1.txt,GLCT,3,4,8,3,900.0,0,0.0,8,100.0,3,289.44,0.0,,,
BZ_h4s3f70p3n10.txt,GLCT,3,4,8,3,900.0,2,25.0,8,100.0,1,102.99,0.0,,,
BZ_h4s3f70p3n11.txt,GLCT,3,4,8,3,900.0,0,0.0,1,12.5,1,105.22,0.0,,,
BZ_h4s3f70p3n12.txt,GLCT,3,4,8,3,900.0,1,12.5,1,12.5,0,0.00,0.0,,,
BZ_h4s3f70p3n13.txt,GLCT,3,4,8,3,900.0,3,37.5,8,100.0,1,108.07,0.0,,,
BZ_h4s3f70p3n14.txt,GLCT,3,4,8,3,900.0,1,12.5,8,100.0,4,362.77,0.0,,,
BZ_h4s3f70p3n15.txt,GLCT,3,4,8,3,900.0,0,0.0,8,100.0,7,700.32,0.0,,,
BZ_h4s3f70p3n16.txt,GLCT,3,4,8,3,900.0,3,37.5,3,37.5,2,178.30,0.0,,,
BZ_h4s3f70p3n17.txt,GLCT,3,4,8,3,900.0,1,12.5,8,100.0,7,671.17,0.0,,,
BZ_h4s3f70p3n18.txt,GLCT,3,4,8,3,900.0,0,0.0,8,100.0,8,740.86,0.0,,,
BZ_h4s3f70p3n19.txt,GLCT,3,4,8,3,900.0,1,12.5,1,12.5,0,0.00,0.0,,,
BZ_h4s3f70p3n2.txt,GLCT,3,4,8,3,900.0,1,12.5,8,100.0,1,96.39,0.0,,,
BZ_h4s3f70p3n20.txt,GLCT,3,4,8,3,900.0,3,37.5,3,37.5,0,0.00,0.0,,,
BZ_h4s3f70p3n3.txt,GLCT,3,4,8,3,900.0,4,50.0,8,100.0,2,219.55,0.0,,,
BZ_h4s3f70p3n4.txt,GLCT,3,4,8,3,900.0,0,0.0,8,100.0,5,485.11,0.0,,,
BZ_h4s3f70p3n5.txt,GLCT,3,4,8,3,900.0,0,0.0,2,25.0,3,288.27,0.0,,,
BZ_h4s3f70p3n6.txt,GLCT,3,4,8,3,900.0,2,25.0,8,100.0,5,472.28,0.0,,,
BZ_h4s3f70p3n7.txt,GLCT,3,4,8,3,900.0,0,0.0,8,100.0,5,507.40,0.0,,,
BZ_h4s3f70p3n8.txt,GLCT,3,4,8,3,900.0,0,0.0,1,12.5,1,109.17,0.0,,,
BZ_h4s3f70p3n9.txt,GLCT,3,4,8,3,900.0,0,0.0,8,100.0,6,575.72,0.0,,,
BZ_h4s3f70p6n1.txt,GLCT,3,4,8,6,900.0,0,0.0,3,37.5,4,426.64,0.0,,,
BZ_h4s3f70p6n10.txt,GLCT,3,4,8,4,900.0,2,25.0,5,62.5,4,407.08,0.0,,,
BZ_h4s3f70p6n11.txt,GLCT,3,4,8,5,900.0,2,25.0,4,50.0,8,738.03,0.0,,,
BZ_h4s3f70p6n12.txt,GLCT,3,4,8,6,900.0,1,12.5,8,100.0,3,288.27,0.0,,,
BZ_h4s3f70p6n13.txt,GLCT,3,4,8,6,900.0,1,12.5,8,100.0,4,388.30,0.0,,,
BZ_h4s3f70p6n14.txt,GLCT,3,4,8,6,900.0,2,25.0,5,62.5,7,718.56,0.0,,,
BZ_h4s3f70p6n15.txt,GLCT,3,4,8,4,900.0,1,12.5,5,62.5,7,677.42,0.0,,,
BZ_h4s3f70p6n16.txt,GLCT,3,4,8,6,900.0,6,75.0,8,100.0,4,402.00,0.0,,,
BZ_h4s3f70p6n17.txt,GLCT,3,4,8,6,900.0,0,0.0,5,62.5,4,374.32,0.0,,,
BZ_h4s3f70p6n18.txt,GLCT,3,4,8,6,900.0,0,0.0,1,12.5,1,102.62,0.0,,,
BZ_h4s3f70p6n19.txt,GLCT,3,4,8,6,900.0,0,0.0,8,100.0,2,184.64,0.0,,,
BZ_h4s3f70p6n2.txt,GLCT,3,4,8,6,900.0,4,50.0,8,100.0,5,500.60,0.0,,,
BZ_h4s3f70p6n20.txt,GLCT,3,4,8,6,900.0,3,37.5,3,37.5,0,0.00,0.0,,,
BZ_h4s3f70p6n3.txt,GLCT,3,4,8,6,900.0,1,12.5,1,12.5,1,74.36,0.0,,,
BZ_h4s3f70p6n4.txt,GLCT,3,4,8,6,900.0,0,0.0,2,25.0,5,456.87,0.0,,,
BZ_h4s3f70p6n5.txt,GLCT,3,4,8,5,900.0,4,50.0,5,62.5,4,381.61,0.0,,,
BZ_h4s3f70p6n6.txt,GLCT,3,4,8,6,900.0,1,12.5,1,12.5,0,0.00,0.0,,,
BZ_h4s3f70p6n7.txt,GLCT,3,4,8,5,900.0,0,0.0,1,12.5,5,431.89,0.0,,,
BZ_h4s3f70p6n8.txt,GLCT,3,4,8,6,900.0,0,0.0,3,37.5,3,290.90,0.0,,,
BZ_h4s3f70p6n9.txt,GLCT,3,4,8,6,900.0,0,0.0,8,100.0,2,182.02,0.0,,,
BZ_h4s5f50p2n1.txt,GLCT,5,4,10,2,900.0,3,30.0,10,100.0,2,207.39,0.0,,,
BZ_h4s5f50p2n10.txt,GLCT,5,4,10,2,900.0,4,40.0,10,100.0,4,455.53,0.0,,,
BZ_h4s5f50p2n11.txt,GLCT,5,4,10,2,900.0,0,0.0,10,100.0,5,516.44,0.0,,,
BZ_h4s5f50p2n12.txt,GLCT,5,4,10,2,900.0,0,0.0,10,100.0,5,569.69,0.0,,,
BZ_h4s5f50p2n13.txt,GLCT,5,4,10,2,900.0,3,30.0,10,100.0,2,211.14,0.0,,,
BZ_h4s5f50p2n14.txt,GLCT,5,4,10,2,900.0,1,10.0,10,100.0,3,300.87,0.0,,,
BZ_h4s5f50p2n15.txt,GLCT,5,4,10,2,900.0,3,30.0,10,100.0,5,550.53,0.0,,,
BZ_h4s5f50p2n16.txt,GLCT,5,4,10,2,900.0,2,20.0,10,100.0,2,219.26,0.0,,,
BZ_h4s5f50p2n17.txt,GLCT,5,4,10,2,900.0,3,30.0,10,100.0,6,661.42,0.0,,,
BZ_h4s5f50p2n18.txt,GLCT,5,4,10,2,900.0,2,20.0,10,100.0,6,654.80,0.0,,,
BZ_h4s5f50p2n19.txt,GLCT,5,4,10,2,900.0,2,20.0,10,100.0,1,118.37,0.0,,,
BZ_h4s5f50p2n2.txt,GLCT,5,4,10,2,900.0,3,30.0,10,100.0,1,117.94,0.0,,,
BZ_h4s5f50p2n20.txt,GLCT,5,4,10,2,900.0,1,10.0,10,100.0,4,437.44,0.0,,,
BZ_h4s5f50p2n3.txt,GLCT,5,4,10,2,900.0,2,20.0,10,100.0,3,301.16,0.0,,,
BZ_h4s5f50p2n4.txt,GLCT,5,4,10,2,900.0,4,40.0,10,100.0,2,185.97,0.0,,,
BZ_h4s5f50p2n5.txt,GLCT,5,4,10,2,900.0,6,60.0,10,100.0,4,436.88,0.0,,,
BZ_h4s5f50p2n6.txt,GLCT,5,4,10,2,900.0,2,20.0,10,100.0,3,312.88,0.0,,,
BZ_h4s5f50p2n7.txt,GLCT,5,4,10,2,900.0,1,10.0,10,100.0,2,220.02,0.0,,,
BZ_h4s5f50p2n8.txt,GLCT,5,4,10,2,900.0,1,10.0,10,100.0,2,193.56,0.0,,,
BZ_h4s5f50p2n9.txt,GLCT,5,4,10,2,900.0,5,50.0,10,100.0,1,105.52,0.0,,,
BZ_h4s5f50p3n1.txt,GLCT,5,4,10,3,900.0,1,10.0,10,100.0,1,99.09,0.0,,,
BZ_h4s5f50p3n10.txt,GLCT,5,4,10,3,900.0,1,10.0,10,100.0,4,454.86,0.0,,,
BZ_h4s5f50p3n11.txt,GLCT,5,4,10,3,900.0,2,20.0,10,100.0,4,461.97,0.0,,,
BZ_h4s5f50p3n12.txt,GLCT,5,4,10,3,900.0,3,30.0,10,100.0,1,119.45,0.0,,,
BZ_h4s5f50p3n13.txt,GLCT,5,4,10,3,900.0,6,60.0,10,100.0,2,251.49,0.0,,,
BZ_h4s5f50p3n14.txt,GLCT,5,4,10,3,900.0,3,30.0,10,100.0,2,179.56,0.0,,,
BZ_h4s5f50p3n15.txt,GLCT,5,4,10,3,900.0,2,20.0,10,100.0,5,555.01,0.0,,,
BZ_h4s5f50p3n16.txt,GLCT,5,4,10,3,900.0,1,10.0,5,50.0,8,854.10,0.0,,,
BZ_h4s5f50p3n17.txt,GLCT,5,4,10,3,900.0,3,30.0,10,100.0,2,230.38,0.0,,,
BZ_h4s5f50p3n18.txt,GLCT,5,4,10,3,900.0,0,0.0,10,100.0,7,753.55,0.0,,,
BZ_h4s5f50p3n19.txt,GLCT,5,4,10,3,900.0,1,10.0,10,100.0,4,449.27,0.0,,,
BZ_h4s5f50p3n2.txt,GLCT,5,4,10,3,900.0,2,20.0,10,100.0,3,322.50,0.0,,,
BZ_h4s5f50p3n20.txt,GLCT,5,4,10,3,900.0,1,10.0,10,100.0,7,721.10,0.0,,,
BZ_h4s5f50p3n3.txt,GLCT,5,4,10,3,900.0,4,40.0,10,100.0,3,336.96,0.0,,,
BZ_h4s5f50p3n4.txt,GLCT,5,4,10,3,900.0,3,30.0,10,100.0,5,509.81,0.0,,,
BZ_h4s5f50p3n5.txt,GLCT,5,4,10,3,900.0,4,40.0,10,100.0,5,612.08,0.0,,,
BZ_h4s5f50p3n6.txt,GLCT,5,4,10,3,900.0,1,10.0,10,100.0,4,467.63,0.0,,,
BZ_h4s5f50p3n7.txt,GLCT,5,4,10,3,900.0,5,50.0,10,100.0,5,625.93,0.0,,,
BZ_h4s5f50p3n8.txt,GLCT,5,4,10,3,900.0,3,30.0,10,100.0,2,211.14,0.0,,,
BZ_h4s5f50p3n9.txt,GLCT,5,4,10,3,900.0,5,50.0,10,100.0,7,797.68,0.0,,,
BZ_h4s5f50p6n1.txt,GLCT,5,4,10,5,900.0,3,30.0,10,100.0,3,338.21,0.0,,,
BZ_h4s5f50p6n10.txt,GLCT,5,4,10,6,900.0,4,40.0,10,100.0,2,209.47,0.0,,,
BZ_h4s5f50p6n11.txt,GLCT,5,4,10,6,900.0,2,20.0,8,80.0,8,898.26,0.0,,,
BZ_h4s5f50p6n12.txt,GLCT,5,4,10,6,900.0,0,0.0,10,100.0,3,357.63,0.0,,,
BZ_h4s5f50p6n13.txt,GLCT,5,4,10,6,900.0,2,20.0,10,100.0,8,898.88,0.0,,,
BZ_h4s5f50p6n14.txt,GLCT,5,4,10,6,900.0,2,20.0,10,100.0,8,892.30,0.0,,,
BZ_h4s5f50p6n15.txt,GLCT,5,4,10,5,900.0,0,0.0,7,70.0,8,880.82,0.0,,,
BZ_h4s5f50p6n16.txt,GLCT,5,4,10,6,900.0,3,30.0,10,100.0,2,224.35,0.0,,,
BZ_h4s5f50p6n17.txt,GLCT,5,4,10,6,900.0,0,0.0,7,70.0,8,863.18,0.0,,,
BZ_h4s5f50p6n18.txt,GLCT,5,4,10,6,900.0,0,0.0,10,100.0,5,529.42,0.0,,,
BZ_h4s5f50p6n19.txt,GLCT,5,4,10,6,900.0,1,10.0,10,100.0,3,363.56,0.0,,,
BZ_h4s5f50p6n2.txt,GLCT,5,4,10,6,900.0,2,20.0,10,100.0,2,199.06,0.0,,,
BZ_h4s5f50p6n20.txt,GLCT,5,4,10,5,900.0,2,20.0,10,100.0,3,344.08,0.0,,,
BZ_h4s5f50p6n3.txt,GLCT,5,4,10,6,900.0,3,30.0,10,100.0,4,474.41,0.0,,,
BZ_h4s5f50p6n4.txt,GLCT,5,4,10,6,900.0,0,0.0,5,50.0,8,899.53,0.0,,,
BZ_h4s5f50p6n5.txt,GLCT,5,4,10,6,900.0,0,0.0,10,100.0,1,113.20,0.0,,,
BZ_h4s5f50p6n6.txt,GLCT,5,4,10,6,900.0,1,10.0,10,100.0,6,681.97,0.0,,,
BZ_h4s5f50p6n7.txt,GLCT,5,4,10,6,900.0,0,0.0,5,50.0,8,881.35,0.0,,,
BZ_h4s5f50p6n8.txt,GLCT,5,4,10,6,900.0,1,10.0,6,60.0,7,768.76,0.0,,,
BZ_h4s5f50p6n9.txt,GLCT,5,4,10,6,900.0,0,0.0,6,60.0,7,766.92,0.0,,,
BZ_h4s5f70p2n1.txt,GLCT,5,4,14,2,900.0,4,28.6,14,100.0,4,327.42,0.0,,,
BZ_h4s5f70p2n10.txt,GLCT,5,4,14,2,900.0,4,28.6,14,100.0,2,193.81,0.0,,,
BZ_h4s5f70p2n11.txt,GLCT,5,4,14,2,900.0,4,28.6,14,100.0,5,438.03,0.0,,,
BZ_h4s5f70p2n12.txt,GLCT,5,4,14,2,900.0,3,21.4,14,100.0,2,191.30,0.0,,,
BZ_h4s5f70p2n13.txt,GLCT,5,4,14,2,900.0,2,14.3,14,100.0,4,407.30,0.0,,,
BZ_h4s5f70p2n14.txt,GLCT,5,4,14,2,900.0,4,28.6,14,100.0,7,683.23,0.0,,,
BZ_h4s5f70p2n15.txt,GLCT,5,4,14,2,900.0,6,42.9,14,100.0,4,414.94,0.0,,,
BZ_h4s5f70p2n16.txt,GLCT,5,4,14,2,900.0,8,57.1,11,78.6,8,737.12,0.0,,,
BZ_h4s5f70p2n17.txt,GLCT,5,4,14,2,900.0,5,35.7,14,100.0,5,470.16,0.0,,,
BZ_h4s5f70p2n18.txt,GLCT,5,4,14,2,900.0,7,50.0,14,100.0,5,493.01,0.0,,,
BZ_h4s5f70p2n19.txt,GLCT,5,4,14,2,900.0,1,7.1,14,100.0,2,192.55,0.0,,,
BZ_h4s5f70p2n2.txt,GLCT,5,4,14,2,900.0,9,64.3,14,100.0,1,106.69,0.0,,,
BZ_h4s5f70p2n20.txt,GLCT,5,4,14,2,900.0,4,28.6,14,100.0,2,171.61,0.0,,,
BZ_h4s5f70p2n3.txt,GLCT,5,4,14,2,900.0,3,21.4,14,100.0,5,516.27,0.0,,,
BZ_h4s5f70p2n4.txt,GLCT,5,4,14,2,900.0,7,50.0,14,100.0,1,107.51,0.0,,,
BZ_h4s5f70p2n5.txt,GLCT,5,4,14,2,900.0,6,42.9,14,100.0,5,503.08,0.0,,,
BZ_h4s5f70p2n6.txt,GLCT,5,4,14,2,900.0,1,7.1,14,100.0,2,199.90,0.0,,,
BZ_h4s5f70p2n7.txt,GLCT,5,4,14,2,900.0,3,21.4,6,42.9,8,839.56,0.0,,,
BZ_h4s5f70p2n8.txt,GLCT,5,4,14,2,900.0,4,28.6,14,100.0,8,821.13,0.0,,,
BZ_h4s5f70p2n9.txt,GLCT,5,4,14,2,900.0,2,14.3,14,100.0,8,803.96,0.0,,,
BZ_h4s5f70p3n1.txt,GLCT,5,4,14,3,900.0,1,7.1,6,42.9,8,772.29,0.0,,,
BZ_h4s5f70p3n10.txt,GLCT,5,4,14,3,900.0,5,35.7,14,100.0,4,464.77,0.0,,,
BZ_h4s5f70p3n11.txt,GLCT,5,4,14,3,900.0,1,7.1,9,64.3,8,823.51,0.0,,,
BZ_h4s5f70p3n12.txt,GLCT,5,4,14,3,900.0,3,21.4,9,64.3,8,816.28,0.0,,,
BZ_h4s5f70p3n13.txt,GLCT,5,4,14,3,900.0,4,28.6,14,100.0,7,712.84,0.0,,,
BZ_h4s5f70p3n14.txt,GLCT,5,4,14,3,900.0,1,7.1,14,100.0,5,463.41,0.0,,,
BZ_h4s5f70p3n15.txt,GLCT,5,4,14,3,900.0,0,0.0,7,50.0,6,633.73,0.0,,,
BZ_h4s5f70p3n16.txt,GLCT,5,4,14,3,900.0,4,28.6,14,100.0,9,846.05,0.0,,,
BZ_h4s5f70p3n17.txt,GLCT,5,4,14,3,900.0,1,7.1,7,50.0,9,895.08,0.0,,,
BZ_h4s5f70p3n18.txt,GLCT,5,4,14,3,900.0,2,14.3,6,42.9,7,733.46,0.0,,,
BZ_h4s5f70p3n19.txt,GLCT,5,4,14,3,900.0,3,21.4,9,64.3,8,814.87,0.0,,,
BZ_h4s5f70p3n2.txt,GLCT,5,4,14,3,900.0,3,21.4,7,50.0,9,891.56,0.0,,,
BZ_h4s5f70p3n20.txt,GLCT,5,4,14,3,900.0,8,57.1,14,100.0,5,518.57,0.0,,,
BZ_h4s5f70p3n3.txt,GLCT,5,4,14,3,900.0,3,21.4,14,100.0,4,387.84,0.0,,,
BZ_h4s5f70p3n4.txt,GLCT,5,4,14,3,900.0,3,21.4,14,100.0,4,394.89,0.0,,,
BZ_h4s5f70p3n5.txt,GLCT,5,4,14,3,900.0,1,7.1,6,42.9,8,783.70,0.0,,,
BZ_h4s5f70p3n6.txt,GLCT,5,4,14,3,900.0,1,7.1,8,57.1,8,838.48,0.0,,,
BZ_h4s5f70p3n7.txt,GLCT,5,4,14,3,900.0,3,21.4,14,100.0,9,879.86,0.0,,,
BZ_h4s5f70p3n8.txt,GLCT,5,4,14,3,900.0,5,35.7,14,100.0,5,504.50,0.0,,,
BZ_h4s5f70p3n9.txt,GLCT,5,4,14,3,900.0,2,14.3,14,100.0,8,808.73,0.0,,,
BZ_h4s5f70p6n1.txt,GLCT,5,4,14,6,900.0,0,0.0,4,28.6,7,685.14,0.0,,,
BZ_h4s5f70p6n10.txt,GLCT,5,4,14,6,900.0,2,14.3,4,28.6,8,837.82,0.0,,,
BZ_h4s5f70p6n11.txt,GLCT,5,4,14,6,900.0,0,0.0,8,57.1,7,740.86,0.0,,,
BZ_h4s5f70p6n12.txt,GLCT,5,4,14,6,900.0,2,14.3,7,50.0,8,853.96,0.0,,,
BZ_h4s5f70p6n13.txt,GLCT,5,4,14,6,900.0,0,0.0,14,100.0,6,666.42,0.0,,,
BZ_h4s5f70p6n14.txt,GLCT,5,4,14,5,900.0,2,14.3,14,100.0,6,639.34,0.0,,,
BZ_h4s5f70p6n15.txt,GLCT,5,4,14,6,900.0,0,0.0,7,50.0,5,448.15,0.0,,,
BZ_h4s5f70p6n16.txt,GLCT,5,4,14,6,900.0,1,7.1,14,100.0,5,506.98,0.0,,,
BZ_h4s5f70p6n17.txt,GLCT,5,4,14,6,900.0,1,7.1,7,50.0,8,763.55,0.0,,,
BZ_h4s5f70p6n18.txt,GLCT,5,4,14,6,900.0,0,0.0,6,42.9,8,777.13,0.0,,,
BZ_h4s5f70p6n19.txt,GLCT,5,4,14,6,900.0,2,14.3,14,100.0,5,523.94,0.0,,,
BZ_h4s5f70p6n2.txt,GLCT,5,4,14,6,900.0,3,21.4,8,57.1,8,803.91,0.0,,,
BZ_h4s5f70p6n20.txt,GLCT,5,4,14,6,900.0,0,0.0,14,100.0,9,896.45,0.0,,,
BZ_h4s5f70p6n3.txt,GLCT,5,4,14,6,900.0,0,0.0,6,42.9,9,888.17,0.0,,,
BZ_h4s5f70p6n4.txt,GLCT,5,4,14,6,900.0,3,21.4,6,42.9,6,522.39,0.0,,,
BZ_h4s5f70p6n5.txt,GLCT,5,4,14,6,900.0,0,0.0,8,57.1,9,889.11,0.0,,,
BZ_h4s5f70p6n6.txt,GLCT,5,4,14,6,900.0,4,28.6,5,35.7,4,382.63,0.0,,,
BZ_h4s5f70p6n7.txt,GLCT,5,4,14,6,900.0,0,0.0,7,50.0,9,852.07,0.0,,,
BZ_h4s5f70p6n8.txt,GLCT,5,4,14,6,900.0,4,28.6,14,100.0,4,414.33,0.0,,,
BZ_h4s5f70p6n9.txt,GLCT,5,4,14,6,900.0,1,7.1,5,35.7,9,842.95,0.0,,,
BZ_h4s7f50p2n1.txt,GLCT,7,4,14,2,900.0,7,50.0,14,100.0,3,329.61,0.0,,,
BZ_h4s7f50p2n10.txt,GLCT,7,4,14,2,900.0,5,35.7,14,100.0,2,218.84,0.0,,,
BZ_h4s7f50p2n11.txt,GLCT,7,4,14,2,900.0,5,35.7,14,100.0,1,107.68,0.0,,,
BZ_h4s7f50p2n12.txt,GLCT,7,4,14,2,900.0,5,35.7,14,100.0,2,192.55,0.0,,,
BZ_h4s7f50p2n13.txt,GLCT,7,4,14,2,900.0,3,21.4,14,100.0,7,752.05,0.0,,,
BZ_h4s7f50p2n14.txt,GLCT,7,4,14,2,900.0,2,14.3,14,100.0,5,519.33,0.0,,,
BZ_h4s7f50p2n15.txt,GLCT,7,4,14,2,900.0,7,50.0,14,100.0,7,734.48,0.0,,,
BZ_h4s7f50p2n16.txt,GLCT,7,4,14,2,900.0,2,14.3,14,100.0,3,333.42,0.0,,,
BZ_h4s7f50p2n17.txt,GLCT,7,4,14,2,900.0,3,21.4,14,100.0,8,899.22,0.0,,,
BZ_h4s7f50p2n18.txt,GLCT,7,4,14,2,900.0,5,35.7,14,100.0,5,541.51,0.0,,,
BZ_h4s7f50p2n19.txt,GLCT,7,4,14,2,900.0,4,28.6,14,100.0,6,681.49,0.0,,,
BZ_h4s7f50p2n2.txt,GLCT,7,4,14,2,900.0,6,42.9,14,100.0,1,93.95,0.0,,,
BZ_h4s7f50p2n20.txt,GLCT,7,4,14,2,900.0,5,35.7,14,100.0,2,193.05,0.0,,,
BZ_h4s7f50p2n3.txt,GLCT,7,4,14,2,900.0,8,57.1,14,100.0,3,334.68,0.0,,,
BZ_h4s7f50p2n4.txt,GLCT,7,4,14,2,900.0,3,21.4,14,100.0,2,193.39,0.0,,,
BZ_h4s7f50p2n5.txt,GLCT,7,4,14,2,900.0,3,21.4,14,100.0,2,192.29,0.0,,,
BZ_h4s7f50p2n6.txt,GLCT,7,4,14,2,900.0,3,21.4,14,100.0,6,611.74,0.0,,,
BZ_h4s7f50p2n7.txt,GLCT,7,4,14,2,900.0,3,21.4,14,100.0,6,685.88,0.0,,,
BZ_h4s7f50p2n8.txt,GLCT,7,4,14,2,900.0,4,28.6,14,100.0,2,218.10,0.0,,,
BZ_h4s7f50p2n9.txt,GLCT,7,4,14,2,900.0,7,50.0,14,100.0,2,240.07,0.0,,,
BZ_h4s7f50p3n1.txt,GLCT,7,4,14,3,900.0,3,21.4,9,64.3,8,862.58,0.0,,,
BZ_h4s7f50p3n10.txt,GLCT,7,4,14,3,900.0,1,7.1,14,100.0,3,322.98,0.0,,,
BZ_h4s7f50p3n11.txt,GLCT,7,4,14,3,900.0,4,28.6,14,100.0,6,656.11,0.0,,,
BZ_h4s7f50p3n12.txt,GLCT,7,4,14,3,900.0,2,14.3,14,100.0,7,781.82,0.0,,,
BZ_h4s7f50p3n13.txt,GLCT,7,4,14,3,900.0,4,28.6,14,100.0,5,605.60,0.0,,,
BZ_h4s7f50p3n14.txt,GLCT,7,4,14,3,900.0,1,7.1,7,50.0,7,774.17,0.0,,,
BZ_h4s7f50p3n15.txt,GLCT,7,4,14,3,900.0,1,7.1,14,100.0,5,560.79,0.0,,,
BZ_h4s7f50p3n16.txt,GLCT,7,4,14,3,900.0,2,14.3,14,100.0,3,286.80,0.0,,,
BZ_h4s7f50p3n17.txt,GLCT,7,4,14,3,900.0,2,14.3,14,100.0,3,339.67,0.0,,,
BZ_h4s7f50p3n18.txt,GLCT,7,4,14,3,900.0,8,57.1,14,100.0,2,245.15,0.0,,,
BZ_h4s7f50p3n19.txt,GLCT,7,4,14,3,900.0,3,21.4,14,100.0,7,756.23,0.0,,,
BZ_h4s7f50p3n2.txt,GLCT,7,4,14,3,900.0,5,35.7,14,100.0,8,852.28,0.0,,,
BZ_h4s7f50p3n20.txt,GLCT,7,4,14,3,900.0,2,14.3,14,100.0,5,523.58,0.0,,,
BZ_h4s7f50p3n3.txt,GLCT,7,4,14,3,900.0,1,7.1,7,50.0,8,866.61,0.0,,,
BZ_h4s7f50p3n4.txt,GLCT,7,4,14,3,900.0,3,21.4,14,100.0,8,883.89,0.0,,,
BZ_h4s7f50p3n5.txt,GLCT,7,4,14,3,900.0,4,28.6,14,100.0,7,789.32,0.0,,,
BZ_h4s7f50p3n6.txt,GLCT,7,4,14,3,900.0,5,35.7,14,100.0,4,417.20,0.0,,,
BZ_h4s7f50p3n7.txt,GLCT,7,4,14,3,900.0,2,14.3,14,100.0,2,220.70,0.0,,,
BZ_h4s7f50p3n8.txt,GLCT,7,4,14,3,900.0,0,0.0,14,100.0,4,426.49,0.0,,,
BZ_h4s7f50p3n9.txt,GLCT,7,4,14,3,900.0,7,50.0,14,100.0,3,314.30,0.0,,,
BZ_h4s7f50p6n1.txt,GLCT,7,4,14,5,900.0,2,14.3,7,50.0,8,813.86,0.0,,,
BZ_h4s7f50p6n10.txt,GLCT,7,4,14,6,900.0,1,7.1,14,100.0,6,675.84,0.0,,,
BZ_h4s7f50p6n11.txt,GLCT,7,4,14,6,900.0,1,7.1,14,100.0,7,735.00,0.0,,,
BZ_h4s7f50p6n12.txt,GLCT,7,4,14,6,900.0,3,21.4,14,100.0,5,555.05,0.0,,,
BZ_h4s7f50p6n13.txt,GLCT,7,4,14,6,900.0,0,0.0,14,100.0,7,789.37,0.0,,,
BZ_h4s7f50p6n14.txt,GLCT,7,4,14,6,900.0,5,35.7,14,100.0,2,216.91,0.0,,,
BZ_h4s7f50p6n15.txt,GLCT,7,4,14,6,900.0,0,0.0,7,50.0,8,866.98,0.0,,,
BZ_h4s7f50p6n16.txt,GLCT,7,4,14,6,900.0,2,14.3,14,100.0,5,604.92,0.0,,,
BZ_h4s7f50p6n17.txt,GLCT,7,4,14,6,900.0,2,14.3,9,64.3,8,859.81,0.0,,,
BZ_h4s7f50p6n18.txt,GLCT,7,4,14,6,900.0,0,0.0,14,100.0,6,677.74,0.0,,,
BZ_h4s7f50p6n19.txt,GLCT,7,4,14,6,900.0,0,0.0,14,100.0,7,829.87,0.0,,,
BZ_h4s7f50p6n2.txt,GLCT,7,4,14,6,900.0,4,28.6,14,100.0,1,125.16,0.0,,,
BZ_h4s7f50p6n20.txt,GLCT,7,4,14,6,900.0,1,7.1,8,57.1,7,756.42,0.0,,,
BZ_h4s7f50p6n3.txt,GLCT,7,4,14,6,900.0,1,7.1,11,78.6,7,744.61,0.0,,,
BZ_h4s7f50p6n4.txt,GLCT,7,4,14,6,900.0,5,35.7,14,100.0,7,768.98,0.0,,,
BZ_h4s7f50p6n5.txt,GLCT,7,4,14,6,900.0,1,7.1,14,100.0,2,224.82,0.0,,,
BZ_h4s7f50p6n6.txt,GLCT,7,4,14,6,900.0,5,35.7,11,78.6,8,898.81,0.0,,,
BZ_h4s7f50p6n7.txt,GLCT,7,4,14,6,900.0,0,0.0,14,100.0,5,573.33,0.0,,,
BZ_h4s7f50p6n8.txt,GLCT,7,4,14,6,900.0,0,0.0,9,64.3,8,879.96,0.0,,,
BZ_h4s7f50p6n9.txt,GLCT,7,4,14,6,900.0,3,21.4,10,71.4,6,682.47,0.0,,,
BZ_h4s7f70p2n1.txt,GLCT,7,4,19,2,900.0,8,42.1,19,100.0,4,451.64,0.0,,,
BZ_h4s7f70p2n10.txt,GLCT,7,4,19,2,900.0,8,42.1,19,100.0,1,101.56,0.0,,,
BZ_h4s7f70p2n11.txt,GLCT,7,4,19,2,900.0,4,21.1,19,100.0,5,524.04,0.0,,,
BZ_h4s7f70p2n12.txt,GLCT,7,4,19,2,900.0,5,26.3,19,100.0,6,580.90,0.0,,,
BZ_h4s7f70p2n13.txt,GLCT,7,4,19,2,900.0,8,42.1,19,100.0,7,685.30,0.0,,,
BZ_h4s7f70p2n14.txt,GLCT,7,4,19,2,900.0,4,21.1,19,100.0,2,193.10,0.0,,,
BZ_h4s7f70p2n15.txt,GLCT,7,4,19,2,900.0,7,36.8,19,100.0,7,744.40,0.0,,,
BZ_h4s7f70p2n16.txt,GLCT,7,4,19,2,900.0,4,21.1,9,47.4,9,880.01,0.0,,,
BZ_h4s7f70p2n17.txt,GLCT,7,4,19,2,900.0,4,21.1,19,100.0,3,277.91,0.0,,,
BZ_h4s7f70p2n18.txt,GLCT,7,4,19,2,900.0,1,5.3,7,36.8,9,888.50,0.0,,,
BZ_h4s7f70p2n19.txt,GLCT,7,4,19,2,900.0,4,21.1,19,100.0,7,777.69,0.0,,,
BZ_h4s7f70p2n2.txt,GLCT,7,4,19,2,900.0,4,21.1,7,36.8,7,812.85,0.0,,,
BZ_h4s7f70p2n20.txt,GLCT,7,4,19,2,900.0,5,26.3,12,63.2,8,834.41,0.0,,,
BZ_h4s7f70p2n3.txt,GLCT,7,4,19,2,900.0,9,47.4,19,100.0,2,184.55,0.0,,,
BZ_h4s7f70p2n4.txt,GLCT,7,4,19,2,900.0,6,31.6,19,100.0,6,599.89,0.0,,,
BZ_h4s7f70p2n5.txt,GLCT,7,4,19,2,900.0,8,42.1,19,100.0,1,95.87,0.0,,,
BZ_h4s7f70p2n6.txt,GLCT,7,4,19,2,900.0,2,10.5,7,36.8,8,849.92,0.0,,,
BZ_h4s7f70p2n7.txt,GLCT,7,4,19,2,900.0,9,47.4,11,57.9,7,718.00,0.0,,,
BZ_h4s7f70p2n8.txt,GLCT,7,4,19,2,900.0,10,52.6,19,100.0,2,215.24,0.0,,,
BZ_h4s7f70p2n9.txt,GLCT,7,4,19,2,900.0,4,21.1,19,100.0,2,193.92,0.0,,,
BZ_h4s7f70p3n1.txt,GLCT,7,4,19,3,900.0,4,21.1,19,100.0,2,213.04,0.0,,,
BZ_h4s7f70p3n10.txt,GLCT,7,4,19,3,900.0,4,21.1,13,68.4,7,757.36,0.0,,,
BZ_h4s7f70p3n11.txt,GLCT,7,4,19,3,900.0,3,15.8,19,100.0,8,888.76,0.0,,,
BZ_h4s7f70p3n12.txt,GLCT,7,4,19,3,900.0,4,21.1,19,100.0,5,523.69,0.0,,,
BZ_h4s7f70p3n13.txt,GLCT,7,4,19,3,900.0,2,10.5,19,100.0,3,301.85,0.0,,,
BZ_h4s7f70p3n14.txt,GLCT,7,4,19,3,900.0,10,52.6,19,100.0,8,814.05,0.0,,,
BZ_h4s7f70p3n15.txt,GLCT,7,4,19,3,900.0,2,10.5,5,26.3,7,714.64,0.0,,,
BZ_h4s7f70p3n16.txt,GLCT,7,4,19,3,900.0,1,5.3,12,63.2,8,870.89,0.0,,,
BZ_h4s7f70p3n17.txt,GLCT,7,4,19,3,900.0,3,15.8,10,52.6,8,834.41,0.0,,,
BZ_h4s7f70p3n18.txt,GLCT,7,4,19,3,900.0,6,31.6,8,42.1,7,754.78,0.0,,,
BZ_h4s7f70p3n19.txt,GLCT,7,4,19,3,900.0,9,47.4,19,100.0,7,756.44,0.0,,,
BZ_h4s7f70p3n2.txt,GLCT,7,4,19,3,900.0,0,0.0,19,100.0,7,746.00,0.0,,,
BZ_h4s7f70p3n20.txt,GLCT,7,4,19,3,900.0,6,31.6,10,52.6,8,881.77,0.0,,,
BZ_h4s7f70p3n3.txt,GLCT,7,4,19,3,900.0,4,21.1,12,63.2,8,865.98,0.0,,,
BZ_h4s7f70p3n4.txt,GLCT,7,4,19,3,900.0,1,5.3,19,100.0,3,315.93,0.0,,,
BZ_h4s7f70p3n5.txt,GLCT,7,4,19,3,900.0,1,5.3,12,63.2,8,849.11,0.0,,,
BZ_h4s7f70p3n6.txt,GLCT,7,4,19,3,900.0,4,21.1,11,57.9,7,728.60,0.0,,,
BZ_h4s7f70p3n7.txt,GLCT,7,4,19,3,900.0,5,26.3,15,78.9,7,750.46,0.0,,,
BZ_h4s7f70p3n8.txt,GLCT,7,4,19,3,900.0,2,10.5,7,36.8,8,872.01,0.0,,,
BZ_h4s7f70p3n9.txt,GLCT,7,4,19,3,900.0,4,21.1,12,63.2,6,617.65,0.0,,,
BZ_h4s7f70p6n1.txt,GLCT,7,4,19,6,900.0,2,10.5,7,36.8,8,822.91,0.0,,,
BZ_h4s7f70p6n10.txt,GLCT,7,4,19,6,900.0,1,5.3,11,57.9,8,840.89,0.0,,,
BZ_h4s7f70p6n11.txt,GLCT,7,4,19,6,900.0,1,5.3,8,42.1,8,828.23,0.0,,,
BZ_h4s7f70p6n12.txt,GLCT,7,4,19,6,900.0,3,15.8,12,63.2,8,813.80,0.0,,,
BZ_h4s7f70p6n13.txt,GLCT,7,4,19,6,900.0,0,0.0,9,47.4,8,854.32,0.0,,,
BZ_h4s7f70p6n14.txt,GLCT,7,4,19,6,900.0,0,0.0,13,68.4,9,890.31,0.0,,,
BZ_h4s7f70p6n15.txt,GLCT,7,4,19,6,900.0,2,10.5,5,26.3,8,800.76,0.0,,,
BZ_h4s7f70p6n16.txt,GLCT,7,4,19,6,900.0,0,0.0,8,42.1,8,853.22,0.0,,,
BZ_h4s7f70p6n17.txt,GLCT,7,4,19,6,900.0,2,10.5,19,100.0,7,739.14,0.0,,,
BZ_h4s7f70p6n18.txt,GLCT,7,4,19,6,900.0,0,0.0,6,31.6,8,839.77,0.0,,,
BZ_h4s7f70p6n19.txt,GLCT,7,4,19,6,900.0,0,0.0,12,63.2,8,857.10,0.0,,,
BZ_h4s7f70p6n2.txt,GLCT,7,4,19,6,900.0,1,5.3,7,36.8,7,817.23,0.0,,,
BZ_h4s7f70p6n20.txt,GLCT,7,4,19,6,900.0,2,10.5,14,73.7,8,815.33,0.0,,,
BZ_h4s7f70p6n3.txt,GLCT,7,4,19,6,900.0,2,10.5,6,31.6,8,847.73,0.0,,,
BZ_h4s7f70p6n4.txt,GLCT,7,4,19,6,900.0,1,5.3,19,100.0,8,793.16,0.0,,,
BZ_h4s7f70p6n5.txt,GLCT,7,4,19,6,900.0,0,0.0,13,68.4,7,724.47,0.0,,,
BZ_h4s7f70p6n6.txt,GLCT,7,4,19,6,900.0,3,15.8,7,36.8,9,892.10,0.0,,,
BZ_h4s7f70p6n7.txt,GLCT,7,4,19,6,900.0,0,0.0,16,84.2,8,806.44,0.0,,,
BZ_h4s7f70p6n8.txt,GLCT,7,4,19,6,900.0,1,5.3,19,100.0,5,517.87,0.0,,,
BZ_h4s7f70p6n9.txt,GLCT,7,4,19,6,900.0,1,5.3,15,78.9,9,878.14,0.0,,,
BZ_h4s9f50p2n1.txt,GLCT,9,4,18,2,900.0,6,33.3,18,100.0,2,225.37,0.0,,,
BZ_h4s9f50p2n10.txt,GLCT,9,4,18,2,900.0,8,44.4,18,100.0,3,319.37,0.0,,,
BZ_h4s9f50p2n11.txt,GLCT,9,4,18,2,900.0,1,5.6,18,100.0,4,428.82,0.0,,,
BZ_h4s9f50p2n12.txt,GLCT,9,4,18,2,900.0,3,16.7,18,100.0,4,434.52,0.0,,,
BZ_h4s9f50p2n13.txt,GLCT,9,4,18,2,900.0,7,38.9,18,100.0,5,553.90,0.0,,,
BZ_h4s9f50p2n14.txt,GLCT,9,4,18,2,900.0,9,50.0,18,100.0,2,221.12,0.0,,,
BZ_h4s9f50p2n15.txt,GLCT,9,4,18,2,900.0,6,33.3,18,100.0,1,126.67,0.0,,,
BZ_h4s9f50p2n16.txt,GLCT,9,4,18,2,900.0,5,27.8,18,100.0,5,511.28,0.0,,,
BZ_h4s9f50p2n17.txt,GLCT,9,4,18,2,900.0,6,33.3,18,100.0,4,420.06,0.0,,,
BZ_h4s9f50p2n18.txt,GLCT,9,4,18,2,900.0,3,16.7,18,100.0,5,544.15,0.0,,,
BZ_h4s9f50p2n19.txt,GLCT,9,4,18,2,900.0,4,22.2,18,100.0,4,450.26,0.0,,,
BZ_h4s9f50p2n2.txt,GLCT,9,4,18,2,900.0,2,11.1,18,100.0,3,304.29,0.0,,,
BZ_h4s9f50p2n20.txt,GLCT,9,4,18,2,900.0,3,16.7,18,100.0,2,208.51,0.0,,,
BZ_h4s9f50p2n3.txt,GLCT,9,4,18,2,900.0,8,44.4,18,100.0,4,425.29,0.0,,,
BZ_h4s9f50p2n4.txt,GLCT,9,4,18,2,900.0,7,38.9,18,100.0,8,888.86,0.0,,,
BZ_h4s9f50p2n5.txt,GLCT,9,4,18,2,900.0,7,38.9,18,100.0,2,203.60,0.0,,,
BZ_h4s9f50p2n6.txt,GLCT,9,4,18,2,900.0,6,33.3,18,100.0,7,768.40,0.0,,,
BZ_h4s9f50p2n7.txt,GLCT,9,4,18,2,900.0,9,50.0,18,100.0,1,102.58,0.0,,,
BZ_h4s9f50p2n8.txt,GLCT,9,4,18,2,900.0,7,38.9,18,100.0,3,322.43,0.0,,,
BZ_h4s9f50p2n9.txt,GLCT,9,4,18,2,900.0,10,55.6,18,100.0,3,380.44,0.0,,,
BZ_h4s9f50p3n1.txt,GLCT,9,4,18,3,900.0,5,27.8,12,66.7,7,863.44,0.0,,,
BZ_h4s9f50p3n10.txt,GLCT,9,4,18,3,900.0,0,0.0,7,38.9,7,745.73,0.0,,,
BZ_h4s9f50p3n11.txt,GLCT,9,4,18,3,900.0,5,27.8,18,100.0,6,635.85,0.0,,,
BZ_h4s9f50p3n12.txt,GLCT,9,4,18,3,900.0,5,27.8,18,100.0,8,887.87,0.0,,,
BZ_h4s9f50p3n13.txt,GLCT,9,4,18,3,900.0,3,16.7,18,100.0,4,438.33,0.0,,,
BZ_h4s9f50p3n14.txt,GLCT,9,4,18,3,900.0,3,16.7,18,100.0,3,360.10,0.0,,,
BZ_h4s9f50p3n15.txt,GLCT,9,4,18,3,900.0,4,22.2,18,100.0,4,428.90,0.0,,,
BZ_h4s9f50p3n16.txt,GLCT,9,4,18,3,900.0,5,27.8,18,100.0,6,672.31,0.0,,,
BZ_h4s9f50p3n17.txt,GLCT,9,4,18,3,900.0,5,27.8,18,100.0,6,687.28,0.0,,,
BZ_h4s9f50p3n18.txt,GLCT,9,4,18,3,900.0,1,5.6,11,61.1,7,810.69,0.0,,,
BZ_h4s9f50p3n19.txt,GLCT,9,4,18,3,900.0,3,16.7,13,72.2,8,876.85,0.0,,,
BZ_h4s9f50p3n2.txt,GLCT,9,4,18,3,900.0,3,16.7,8,44.4,8,808.68,0.0,,,
BZ_h4s9f50p3n20.txt,GLCT,9,4,18,3,900.0,7,38.9,18,100.0,4,454.61,0.0,,,
BZ_h4s9f50p3n3.txt,GLCT,9,4,18,3,900.0,5,27.8,18,100.0,4,498.27,0.0,,,
BZ_h4s9f50p3n4.txt,GLCT,9,4,18,3,900.0,0,0.0,18,100.0,6,661.58,0.0,,,
BZ_h4s9f50p3n5.txt,GLCT,9,4,18,3,900.0,6,33.3,18,100.0,5,590.47,0.0,,,
BZ_h4s9f50p3n6.txt,GLCT,9,4,18,3,900.0,5,27.8,18,100.0,1,134.39,0.0,,,
BZ_h4s9f50p3n7.txt,GLCT,9,4,18,3,900.0,3,16.7,18,100.0,4,445.57,0.0,,,
BZ_h4s9f50p3n8.txt,GLCT,9,4,18,3,900.0,0,0.0,18,100.0,5,554.21,0.0,,,
BZ_h4s9f50p3n9.txt,GLCT,9,4,18,3,900.0,2,11.1,18,100.0,4,422.62,0.0,,,
BZ_h4s9f50p6n1.txt,GLCT,9,4,18,6,900.0,8,44.4,18,100.0,7,787.45,0.0,,,
BZ_h4s9f50p6n10.txt,GLCT,9,4,18,6,900.0,2,11.1,11,61.1,8,897.53,0.0,,,
BZ_h4s9f50p6n11.txt,GLCT,9,4,18,5,900.0,3,16.7,9,50.0,8,863.38,0.0,,,
BZ_h4s9f50p6n12.txt,GLCT,9,4,18,6,900.0,3,16.7,10,55.6,8,880.01,0.0,,,
BZ_h4s9f50p6n13.txt,GLCT,9,4,18,6,900.0,2,11.1,18,100.0,8,887.56,0.0,,,
BZ_h4s9f50p6n14.txt,GLCT,9,4,18,6,900.0,3,16.7,10,55.6,8,887.92,0.0,,,
BZ_h4s9f50p6n15.txt,GLCT,9,4,18,6,900.0,0,0.0,18,100.0,4,432.89,0.0,,,
BZ_h4s9f50p6n16.txt,GLCT,9,4,18,6,900.0,1,5.6,9,50.0,8,893.49,0.0,,,
BZ_h4s9f50p6n17.txt,GLCT,9,4,18,6,900.0,2,11.1,6,33.3,7,697.83,0.0,,,
BZ_h4s9f50p6n18.txt,GLCT,9,4,18,6,900.0,3,16.7,12,66.7,7,746.27,0.0,,,
BZ_h4s9f50p6n19.txt,GLCT,9,4,18,6,900.0,2,11.1,10,55.6,8,890.28,0.0,,,
BZ_h4s9f50p6n2.txt,GLCT,9,4,18,6,900.0,0,0.0,15,83.3,7,807.41,0.0,,,
BZ_h4s9f50p6n20.txt,GLCT,9,4,18,6,900.0,1,5.6,13,72.2,7,836.16,0.0,,,
BZ_h4s9f50p6n3.txt,GLCT,9,4,18,6,900.0,3,16.7,6,33.3,8,890.48,0.0,,,
BZ_h4s9f50p6n4.txt,GLCT,9,4,18,6,900.0,1,5.6,10,55.6,8,877.73,0.0,,,
BZ_h4s9f50p6n5.txt,GLCT,9,4,18,6,900.0,1,5.6,8,44.4,7,756.78,0.0,,,
BZ_h4s9f50p6n6.txt,GLCT,9,4,18,6,900.0,0,0.0,18,100.0,6,692.82,0.0,,,
BZ_h4s9f50p6n7.txt,GLCT,9,4,18,6,900.0,1,5.6,10,55.6,8,882.51,0.0,,,
BZ_h4s9f50p6n8.txt,GLCT,9,4,18,6,900.0,5,27.8,8,44.4,6,690.64,0.0,,,
BZ_h4s9f50p6n9.txt,GLCT,9,4,18,6,900.0,2,11.1,11,61.1,6,700.29,0.0,,,
BZ_h4s9f70p2n1.txt,GLCT,9,4,25,2,900.0,12,48.0,25,100.0,7,779.62,0.0,,,
BZ_h4s9f70p2n10.txt,GLCT,9,4,25,2,900.0,9,36.0,25,100.0,8,885.11,0.0,,,
BZ_h4s9f70p2n11.txt,GLCT,9,4,25,2,900.0,7,28.0,25,100.0,3,302.82,0.0,,,
BZ_h4s9f70p2n12.txt,GLCT,9,4,25,2,900.0,9,36.0,25,100.0,6,649.36,0.0,,,
BZ_h4s9f70p2n13.txt,GLCT,9,4,25,2,900.0,2,8.0,5,20.0,8,851.90,0.0,,,
BZ_h4s9f70p2n14.txt,GLCT,9,4,25,2,900.0,8,32.0,12,48.0,7,717.42,0.0,,,
BZ_h4s9f70p2n15.txt,GLCT,9,4,25,2,900.0,9,36.0,13,52.0,8,795.52,0.0,,,
BZ_h4s9f70p2n16.txt,GLCT,9,4,25,2,900.0,9,36.0,25,100.0,3,319.52,0.0,,,
BZ_h4s9f70p2n17.txt,GLCT,9,4,25,2,900.0,8,32.0,25,100.0,4,414.09,0.0,,,
BZ_h4s9f70p2n18.txt,GLCT,9,4,25,2,900.0,9,36.0,11,44.0,7,789.28,0.0,,,
BZ_h4s9f70p2n19.txt,GLCT,9,4,25,2,900.0,3,12.0,9,36.0,7,745.54,0.0,,,
BZ_h4s9f70p2n2.txt,GLCT,9,4,25,2,900.0,14,56.0,16,64.0,7,825.93,0.0,,,
BZ_h4s9f70p2n20.txt,GLCT,9,4,25,2,900.0,11,44.0,25,100.0,4,439.39,0.0,,,
BZ_h4s9f70p2n3.txt,GLCT,9,4,25,2,900.0,5,20.0,9,36.0,8,805.99,0.0,,,
BZ_h4s9f70p2n4.txt,GLCT,9,4,25,2,900.0,4,16.0,25,100.0,7,723.10,0.0,,,
BZ_h4s9f70p2n5.txt,GLCT,9,4,25,2,900.0,13,52.0,15,60.0,8,842.93,0.0,,,
BZ_h4s9f70p2n6.txt,GLCT,9,4,25,2,900.0,10,40.0,25,100.0,8,870.98,0.0,,,
BZ_h4s9f70p2n7.txt,GLCT,9,4,25,2,900.0,4,16.0,8,32.0,8,825.89,0.0,,,
BZ_h4s9f70p2n8.txt,GLCT,9,4,25,2,900.0,3,12.0,25,100.0,6,567.42,0.0,,,
BZ_h4s9f70p2n9.txt,GLCT,9,4,25,2,900.0,9,36.0,25,100.0,6,642.98,0.0,,,
BZ_h4s9f70p3n1.txt,GLCT,9,4,25,3,900.0,1,4.0,8,32.0,8,832.80,0.0,,,
BZ_h4s9f70p3n10.txt,GLCT,9,4,25,3,900.0,4,16.0,16,64.0,8,860.04,0.0,,,
BZ_h4s9f70p3n11.txt,GLCT,9,4,25,3,900.0,4,16.0,9,36.0,8,881.92,0.0,,,
BZ_h4s9f70p3n12.txt,GLCT,9,4,25,3,900.0,5,20.0,25,100.0,7,713.49,0.0,,,
BZ_h4s9f70p3n13.txt,GLCT,9,4,25,3,900.0,4,16.0,16,64.0,8,842.52,0.0,,,
BZ_h4s9f70p3n14.txt,GLCT,9,4,25,3,900.0,6,24.0,13,52.0,8,862.64,0.0,,,
BZ_h4s9f70p3n15.txt,GLCT,9,4,25,3,900.0,9,36.0,18,72.0,9,875.92,0.0,,,
BZ_h4s9f70p3n16.txt,GLCT,9,4,25,3,900.0,5,20.0,9,36.0,8,777.13,0.0,,,
BZ_h4s9f70p3n17.txt,GLCT,9,4,25,3,900.0,4,16.0,25,100.0,7,716.84,0.0,,,
BZ_h4s9f70p3n18.txt,GLCT,9,4,25,3,900.0,2,8.0,16,64.0,9,897.10,0.0,,,
BZ_h4s9f70p3n19.txt,GLCT,9,4,25,3,900.0,2,8.0,17,68.0,7,773.30,0.0,,,
BZ_h4s9f70p3n2.txt,GLCT,9,4,25,3,900.0,8,32.0,12,48.0,7,757.07,0.0,,,
BZ_h4s9f70p3n20.txt,GLCT,9,4,25,3,900.0,5,20.0,17,68.0,8,865.91,0.0,,,
BZ_h4s9f70p3n3.txt,GLCT,9,4,25,3,900.0,6,24.0,25,100.0,8,751.26,0.0,,,
BZ_h4s9f70p3n4.txt,GLCT,9,4,25,3,900.0,5,20.0,9,36.0,7,696.30,0.0,,,
BZ_h4s9f70p3n5.txt,GLCT,9,4,25,3,900.0,1,4.0,10,40.0,8,835.82,0.0,,,
BZ_h4s9f70p3n6.txt,GLCT,9,4,25,3,900.0,2,8.0,9,36.0,8,863.90,0.0,,,
BZ_h4s9f70p3n7.txt,GLCT,9,4,25,3,900.0,5,20.0,25,100.0,8,893.15,0.0,,,
BZ_h4s9f70p3n8.txt,GLCT,9,4,25,3,900.0,7,28.0,12,48.0,8,843.11,0.0,,,
BZ_h4s9f70p3n9.txt,GLCT,9,4,25,3,900.0,1,4.0,5,20.0,9,887.08,0.0,,,
BZ_h4s9f70p6n1.txt,GLCT,9,4,25,6,900.0,2,8.0,6,24.0,8,833.22,0.0,,,
BZ_h4s9f70p6n10.txt,GLCT,9,4,25,6,900.0,1,4.0,10,40.0,8,820.23,0.0,,,
BZ_h4s9f70p6n11.txt,GLCT,9,4,25,6,900.0,2,8.0,13,52.0,9,881.73,0.0,,,
BZ_h4s9f70p6n12.txt,GLCT,9,4,25,6,900.0,3,12.0,13,52.0,8,841.91,0.0,,,
BZ_h4s9f70p6n13.txt,GLCT,9,4,25,6,900.0,4,16.0,9,36.0,8,794.56,0.0,,,
BZ_h4s9f70p6n14.txt,GLCT,9,4,25,6,900.0,3,12.0,9,36.0,8,899.39,0.0,,,
BZ_h4s9f70p6n15.txt,GLCT,9,4,25,6,900.0,0,0.0,17,68.0,8,821.76,0.0,,,
BZ_h4s9f70p6n16.txt,GLCT,9,4,25,6,900.0,2,8.0,13,52.0,7,768.04,0.0,,,
BZ_h4s9f70p6n17.txt,GLCT,9,4,25,6,900.0,1,4.0,10,40.0,8,821.84,0.0,,,
BZ_h4s9f70p6n18.txt,GLCT,9,4,25,6,900.0,5,20.0,9,36.0,8,899.63,0.0,,,
BZ_h4s9f70p6n19.txt,GLCT,9,4,25,6,900.0,2,8.0,13,52.0,8,846.87,0.0,,,
BZ_h4s9f70p6n2.txt,GLCT,9,4,25,6,900.0,1,4.0,7,28.0,8,883.63,0.0,,,
BZ_h4s9f70p6n20.txt,GLCT,9,4,25,6,900.0,2,8.0,7,28.0,8,755.40,0.0,,,
BZ_h4s9f70p6n3.txt,GLCT,9,4,25,6,900.0,1,4.0,6,24.0,8,814.06,0.0,,,
BZ_h4s9f70p6n4.txt,GLCT,9,4,25,6,900.0,3,12.0,11,44.0,8,860.05,0.0,,,
BZ_h4s9f70p6n5.txt,GLCT,9,4,25,6,900.0,2,8.0,7,28.0,8,858.28,0.0,,,
BZ_h4s9f70p6n6.txt,GLCT,9,4,25,6,900.0,1,4.0,11,44.0,9,894.17,0.0,,,
BZ_h4s9f70p6n7.txt,GLCT,9,4,25,6,900.0,1,4.0,7,28.0,8,784.10,0.0,,,
BZ_h4s9f70p6n8.txt,GLCT,9,4,25,6,900.0,1,4.0,15,60.0,8,882.55,0.0,,,
BZ_h4s9f70p6n9.txt,GLCT,9,4,25,6,900.0,0,0.0,4,16.0,8,832.68,0.0,,,
BZ_h6s3f50p2n1.txt,GLCT,3,6,9,2,900.0,4,44.4,6,66.7,5,636.07,0.0,,,
BZ_h6s3f50p2n10.txt,GLCT,3,6,9,2,900.0,3,33.3,9,100.0,5,669.96,0.0,,,
BZ_h6s3f50p2n11.txt,GLCT,3,6,9,2,900.0,6,66.7,9,100.0,1,159.34,0.0,,,
BZ_h6s3f50p2n12.txt,GLCT,3,6,9,2,900.0,2,22.2,9,100.0,2,252.68,0.0,,,
BZ_h6s3f50p2n13.txt,GLCT,3,6,9,2,900.0,5,55.6,9,100.0,5,644.47,0.0,,,
BZ_h6s3f50p2n14.txt,GLCT,3,6,9,2,900.0,2,22.2,9,100.0,5,703.04,0.0,,,
BZ_h6s3f50p2n15.txt,GLCT,3,6,9,2,900.0,0,0.0,9,100.0,2,259.53,0.0,,,
BZ_h6s3f50p2n16.txt,GLCT,3,6,9,2,900.0,4,44.4,9,100.0,3,397.32,0.0,,,
BZ_h6s3f50p2n17.txt,GLCT,3,6,9,2,900.0,3,33.3,9,100.0,5,656.19,0.0,,,
BZ_h6s3f50p2n18.txt,GLCT,3,6,9,2,900.0,0,0.0,1,11.1,2,251.12,0.0,,,
BZ_h6s3f50p2n19.txt,GLCT,3,6,9,2,900.0,2,22.2,4,44.4,3,378.76,0.0,,,
BZ_h6s3f50p2n2.txt,GLCT,3,6,9,2,900.0,2,22.2,4,44.4,4,507.52,0.0,,,
BZ_h6s3f50p2n20.txt,GLCT,3,6,9,2,900.0,1,11.1,9,100.0,4,533.07,0.0,,,
BZ_h6s3f50p2n3.txt,GLCT,3,6,9,2,900.0,2,22.2,9,100.0,5,722.67,0.0,,,
BZ_h6s3f50p2n4.txt,GLCT,3,6,9,2,900.0,3,33.3,4,44.4,6,788.58,0.0,,,
BZ_h6s3f50p2n5.txt,GLCT,3,6,9,2,900.0,2,22.2,4,44.4,6,794.89,0.0,,,
BZ_h6s3f50p2n6.txt,GLCT,3,6,9,2,900.0,3,33.3,9,100.0,4,520.47,0.0,,,
BZ_h6s3f50p2n7.txt,GLCT,3,6,9,2,900.0,4,44.4,9,100.0,1,132.49,0.0,,,
BZ_h6s3f50p2n8.txt,GLCT,3,6,9,2,900.0,1,11.1,1,11.1,5,531.48,0.0,,,
BZ_h6s3f50p2n9.txt,GLCT,3,6,9,2,900.0,4,44.4,9,100.0,1,146.39,0.0,,,
BZ_h6s3f50p3n1.txt,GLCT,3,6,9,3,900.0,7,77.8,7,77.8,3,394.73,0.0,,,
BZ_h6s3f50p3n10.txt,GLCT,3,6,9,3,900.0,1,11.1,9,100.0,4,533.24,0.0,,,
BZ_h6s3f50p3n11.txt,GLCT,3,6,9,3,900.0,0,0.0,3,33.3,6,788.24,0.0,,,
BZ_h6s3f50p3n12.txt,GLCT,3,6,9,3,900.0,3,33.3,9,100.0,4,530.47,0.0,,,
BZ_h6s3f50p3n13.txt,GLCT,3,6,9,3,900.0,2,22.2,5,55.6,6,816.67,0.0,,,
BZ_h6s3f50p3n14.txt,GLCT,3,6,9,2,900.0,2,22.2,3,33.3,7,891.57,0.0,,,
BZ_h6s3f50p3n15.txt,GLCT,3,6,9,3,900.0,1,11.1,9,100.0,6,788.56,0.0,,,
BZ_h6s3f50p3n16.txt,GLCT,3,6,9,3,900.0,5,55.6,6,66.7,3,406.56,0.0,,,
BZ_h6s3f50p3n17.txt,GLCT,3,6,9,3,900.0,1,11.1,1,11.1,1,115.35,0.0,,,
BZ_h6s3f50p3n18.txt,GLCT,3,6,9,3,900.0,2,22.2,6,66.7,3,410.39,0.0,,,
BZ_h6s3f50p3n19.txt,GLCT,3,6,9,3,900.0,2,22.2,3,33.3,5,623.38,0.0,,,
BZ_h6s3f50p3n2.txt,GLCT,3,6,9,3,900.0,2,22.2,4,44.4,6,779.16,0.0,,,
BZ_h6s3f50p3n20.txt,GLCT,3,6,9,3,900.0,1,11.1,6,66.7,6,771.26,0.0,,,
BZ_h6s3f50p3n3.txt,GLCT,3,6,9,3,900.0,0,0.0,9,100.0,2,251.35,0.0,,,
BZ_h6s3f50p3n4.txt,GLCT,3,6,9,3,900.0,1,11.1,3,33.3,3,392.32,0.0,,,
BZ_h6s3f50p3n5.txt,GLCT,3,6,9,3,900.0,0,0.0,9,100.0,5,653.11,0.0,,,
BZ_h6s3f50p3n6.txt,GLCT,3,6,9,3,900.0,1,11.1,3,33.3,6,773.04,0.0,,,
BZ_h6s3f50p3n7.txt,GLCT,3,6,9,3,900.0,0,0.0,9,100.0,3,335.95,0.0,,,
BZ_h6s3f50p3n8.txt,GLCT,3,6,9,3,900.0,0,0.0,4,44.4,4,515.93,0.0,,,
BZ_h6s3f50p3n9.txt,GLCT,3,6,9,3,900.0,1,11.1,4,44.4,4,419.13,0.0,,,
BZ_h6s3f50p6n1.txt,GLCT,3,6,9,5,900.0,1,11.1,9,100.0,6,824.45,0.0,,,
BZ_h6s3f50p6n10.txt,GLCT,3,6,9,5,900.0,0,0.0,4,44.4,4,469.28,0.0,,,
BZ_h6s3f50p6n11.txt,GLCT,3,6,9,6,900.0,2,22.2,5,55.6,5,664.49,0.0,,,
BZ_h6s3f50p6n12.txt,GLCT,3,6,9,6,900.0,1,11.1,6,66.7,6,797.07,0.0,,,
BZ_h6s3f50p6n13.txt,GLCT,3,6,9,6,900.0,0,0.0,6,66.7,6,733.49,0.0,,,
BZ_h6s3f50p6n14.txt,GLCT,3,6,9,6,900.0,3,33.3,6,66.7,6,791.02,0.0,,,
BZ_h6s3f50p6n15.txt,GLCT,3,6,9,6,900.0,1,11.1,4,44.4,5,692.47,0.0,,,
BZ_h6s3f50p6n16.txt,GLCT,3,6,9,6,900.0,0,0.0,3,33.3,7,878.68,0.0,,,
BZ_h6s3f50p6n17.txt,GLCT,3,6,9,6,900.0,0,0.0,4,44.4,6,802.14,0.0,,,
BZ_h6s3f50p6n18.txt,GLCT,3,6,9,6,900.0,0,0.0,3,33.3,5,658.36,0.0,,,
BZ_h6s3f50p6n19.txt,GLCT,3,6,9,6,900.0,2,22.2,4,44.4,2,236.21,0.0,,,
BZ_h6s3f50p6n2.txt,GLCT,3,6,9,6,900.0,0,0.0,2,22.2,2,251.12,0.0,,,
BZ_h6s3f50p6n20.txt,GLCT,3,6,9,6,900.0,0,0.0,4,44.4,6,755.08,0.0,,,
BZ_h6s3f50p6n3.txt,GLCT,3,6,9,6,900.0,1,11.1,6,66.7,4,520.29,0.0,,,
BZ_h6s3f50p6n4.txt,GLCT,3,6,9,6,900.0,1,11.1,1,11.1,0,0.00,0.0,,,
BZ_h6s3f50p6n5.txt,GLCT,3,6,9,6,900.0,0,0.0,9,100.0,2,259.51,0.0,,,
BZ_h6s3f50p6n6.txt,GLCT,3,6,9,6,900.0,1,11.1,2,22.2,6,822.87,0.0,,,
BZ_h6s3f50p6n7.txt,GLCT,3,6,9,6,900.0,1,11.1,3,33.3,7,889.91,0.0,,,
BZ_h6s3f50p6n8.txt,GLCT,3,6,9,6,900.0,0,0.0,3,33.3,7,889.95,0.0,,,
BZ_h6s3f50p6n9.txt,GLCT,3,6,9,6,900.0,3,33.3,9,100.0,4,526.21,0.0,,,
BZ_h6s3f70p2n1.txt,GLCT,3,6,12,2,900.0,5,41.7,12,100.0,7,841.73,0.0,,,
BZ_h6s3f70p2n10.txt,GLCT,3,6,12,2,900.0,0,0.0,2,16.7,3,331.95,0.0,,,
BZ_h6s3f70p2n11.txt,GLCT,3,6,12,2,900.0,2,16.7,2,16.7,2,170.34,0.0,,,
BZ_h6s3f70p2n12.txt,GLCT,3,6,12,2,900.0,2,16.7,12,100.0,2,221.51,0.0,,,
BZ_h6s3f70p2n13.txt,GLCT,3,6,12,2,900.0,1,8.3,4,33.3,7,816.42,0.0,,,
BZ_h6s3f70p2n14.txt,GLCT,3,6,12,2,900.0,1,8.3,3,25.0,8,868.09,0.0,,,
BZ_h6s3f70p2n15.txt,GLCT,3,6,12,2,900.0,1,8.3,5,41.7,5,572.74,0.0,,,
BZ_h6s3f70p2n16.txt,GLCT,3,6,12,2,900.0,0,0.0,1,8.3,3,325.20,0.0,,,
BZ_h6s3f70p2n17.txt,GLCT,3,6,12,2,900.0,2,16.7,3,25.0,4,438.21,0.0,,,
BZ_h6s3f70p2n18.txt,GLCT,3,6,12,2,900.0,2,16.7,5,41.7,6,664.56,0.0,,,
BZ_h6s3f70p2n19.txt,GLCT,3,6,12,2,900.0,5,41.7,12,100.0,5,600.11,0.0,,,
BZ_h6s3f70p2n2.txt,GLCT,3,6,12,2,900.0,7,58.3,7,58.3,4,426.64,0.0,,,
BZ_h6s3f70p2n20.txt,GLCT,3,6,12,2,900.0,3,25.0,5,41.7,4,421.28,0.0,,,
BZ_h6s3f70p2n3.txt,GLCT,3,6,12,2,900.0,0,0.0,4,33.3,2,212.80,0.0,,,
BZ_h6s3f70p2n4.txt,GLCT,3,6,12,2,900.0,2,16.7,4,33.3,7,803.36,0.0,,,
BZ_h6s3f70p2n5.txt,GLCT,3,6,12,2,900.0,3,25.0,5,41.7,8,846.19,0.0,,,
BZ_h6s3f70p2n6.txt,GLCT,3,6,12,2,900.0,1,8.3,5,41.7,4,443.03,0.0,,,
BZ_h6s3f70p2n7.txt,GLCT,3,6,12,2,900.0,1,8.3,12,100.0,8,846.77,0.0,,,
BZ_h6s3f70p2n8.txt,GLCT,3,6,12,2,900.0,7,58.3,7,58.3,1,115.94,0.0,,,
BZ_h6s3f70p2n9.txt,GLCT,3,6,12,2,900.0,1,8.3,3,25.0,4,430.66,0.0,,,
BZ_h6s3f70p3n1.txt,GLCT,3,6,12,3,900.0,2,16.7,12,100.0,3,332.11,0.0,,,
BZ_h6s3f70p3n10.txt,GLCT,3,6,12,3,900.0,2,16.7,3,25.0,4,409.93,0.0,,,
BZ_h6s3f70p3n11.txt,GLCT,3,6,12,3,900.0,3,25.0,12,100.0,2,218.01,0.0,,,
BZ_h6s3f70p3n12.txt,GLCT,3,6,12,3,900.0,1,8.3,3,25.0,4,428.06,0.0,,,
BZ_h6s3f70p3n13.txt,GLCT,3,6,12,3,900.0,0,0.0,6,50.0,3,299.58,0.0,,,
BZ_h6s3f70p3n14.txt,GLCT,3,6,12,3,900.0,2,16.7,5,41.7,7,801.01,0.0,,,
BZ_h6s3f70p3n15.txt,GLCT,3,6,12,3,900.0,4,33.3,5,41.7,7,807.47,0.0,,,
BZ_h6s3f70p3n16.txt,GLCT,3,6,12,3,900.0,2,16.7,6,50.0,4,456.36,0.0,,,
BZ_h6s3f70p3n17.txt,GLCT,3,6,12,3,900.0,1,8.3,6,50.0,6,691.69,0.0,,,
BZ_h6s3f70p3n18.txt,GLCT,3,6,12,3,900.0,0,0.0,3,25.0,3,315.22,0.0,,,
BZ_h6s3f70p3n19.txt,GLCT,3,6,12,3,900.0,0,0.0,9,75.0,7,772.45,0.0,,,
BZ_h6s3f70p3n2.txt,GLCT,3,6,12,3,900.0,2,16.7,3,25.0,4,360.16,0.0,,,
BZ_h6s3f70p3n20.txt,GLCT,3,6,12,3,900.0,5,41.7,7,58.3,5,598.12,0.0,,,
BZ_h6s3f70p3n3.txt,GLCT,3,6,12,3,900.0,0,0.0,2,16.7,4,438.19,0.0,,,
BZ_h6s3f70p3n4.txt,GLCT,3,6,12,3,900.0,1,8.3,2,16.7,4,443.03,0.0,,,
BZ_h6s3f70p3n5.txt,GLCT,3,6,12,3,900.0,0,0.0,3,25.0,6,685.70,0.0,,,
BZ_h6s3f70p3n6.txt,GLCT,3,6,12,3,900.0,1,8.3,2,16.7,4,484.12,0.0,,,
BZ_h6s3f70p3n7.txt,GLCT,3,6,12,3,900.0,0,0.0,6,50.0,7,770.07,0.0,,,
BZ_h6s3f70p3n8.txt,GLCT,3,6,12,3,900.0,3,25.0,5,41.7,3,325.36,0.0,,,
BZ_h6s3f70p3n9.txt,GLCT,3,6,12,3,900.0,1,8.3,5,41.7,6,654.63,0.0,,,
BZ_h6s3f70p6n1.txt,GLCT,3,6,12,5,900.0,3,25.0,3,25.0,3,320.53,0.0,,,
BZ_h6s3f70p6n10.txt,GLCT,3,6,12,6,900.0,2,16.7,4,33.3,4,455.91,0.0,,,
BZ_h6s3f70p6n11.txt,GLCT,3,6,12,6,900.0,0,0.0,2,16.7,4,387.96,0.0,,,
BZ_h6s3f70p6n12.txt,GLCT,3,6,12,6,900.0,0,0.0,2,16.7,6,579.02,0.0,,,
BZ_h6s3f70p6n13.txt,GLCT,3,6,12,6,900.0,0,0.0,3,25.0,7,820.83,0.0,,,
BZ_h6s3f70p6n14.txt,GLCT,3,6,12,6,900.0,2,16.7,5,41.7,4,463.73,0.0,,,
BZ_h6s3f70p6n15.txt,GLCT,3,6,12,6,900.0,0,0.0,12,100.0,8,879.91,0.0,,,
BZ_h6s3f70p6n16.txt,GLCT,3,6,12,6,900.0,0,0.0,1,8.3,3,342.03,0.0,,,
BZ_h6s3f70p6n17.txt,GLCT,3,6,12,6,900.0,0,0.0,4,33.3,3,306.43,0.0,,,
BZ_h6s3f70p6n18.txt,GLCT,3,6,12,6,900.0,0,0.0,2,16.7,6,583.42,0.0,,,
BZ_h6s3f70p6n19.txt,GLCT,3,6,12,6,900.0,0,0.0,4,33.3,6,644.26,0.0,,,
BZ_h6s3f70p6n2.txt,GLCT,3,6,12,6,900.0,1,8.3,5,41.7,3,327.94,0.0,,,
BZ_h6s3f70p6n20.txt,GLCT,3,6,12,6,900.0,1,8.3,1,8.3,2,171.61,0.0,,,
BZ_h6s3f70p6n3.txt,GLCT,3,6,12,6,900.0,2,16.7,4,33.3,6,685.36,0.0,,,
BZ_h6s3f70p6n4.txt,GLCT,3,6,12,6,900.0,1,8.3,1,8.3,0,0.00,0.0,,,
BZ_h6s3f70p6n5.txt,GLCT,3,6,12,6,900.0,0,0.0,5,41.7,2,209.93,0.0,,,
BZ_h6s3f70p6n6.txt,GLCT,3,6,12,6,900.0,0,0.0,3,25.0,4,420.03,0.0,,,
BZ_h6s3f70p6n7.txt,GLCT,3,6,12,6,900.0,1,8.3,2,16.7,6,650.25,0.0,,,
BZ_h6s3f70p6n8.txt,GLCT,3,6,12,6,900.0,1,8.3,4,33.3,7,802.81,0.0,,,
BZ_h6s3f70p6n9.txt,GLCT,3,6,12,6,900.0,1,8.3,1,8.3,2,193.66,0.0,,,
BZ_h6s5f50p2n1.txt,GLCT,5,6,15,2,900.0,3,20.0,15,100.0,2,233.99,0.0,,,
BZ_h6s5f50p2n10.txt,GLCT,5,6,15,2,900.0,2,13.3,15,100.0,7,874.71,0.0,,,
BZ_h6s5f50p2n11.txt,GLCT,5,6,15,2,900.0,5,33.3,10,66.7,6,795.03,0.0,,,
BZ_h6s5f50p2n12.txt,GLCT,5,6,15,2,900.0,3,20.0,15,100.0,2,235.23,0.0,,,
BZ_h6s5f50p2n13.txt,GLCT,5,6,15,2,900.0,4,26.7,15,100.0,4,453.79,0.0,,,
BZ_h6s5f50p2n14.txt,GLCT,5,6,15,2,900.0,3,20.0,15,100.0,7,829.82,0.0,,,
BZ_h6s5f50p2n15.txt,GLCT,5,6,15,2,900.0,5,33.3,15,100.0,7,889.45,0.0,,,
BZ_h6s5f50p2n16.txt,GLCT,5,6,15,2,900.0,2,13.3,6,40.0,7,848.43,0.0,,,
BZ_h6s5f50p2n17.txt,GLCT,5,6,15,2,900.0,3,20.0,9,60.0,6,823.41,0.0,,,
BZ_h6s5f50p2n18.txt,GLCT,5,6,15,2,900.0,2,13.3,6,40.0,7,890.73,0.0,,,
BZ_h6s5f50p2n19.txt,GLCT,5,6,15,2,900.0,4,26.7,15,100.0,7,866.04,0.0,,,
BZ_h6s5f50p2n2.txt,GLCT,5,6,15,2,900.0,6,40.0,15,100.0,6,795.26,0.0,,,
BZ_h6s5f50p2n20.txt,GLCT,5,6,15,2,900.0,6,40.0,9,60.0,5,658.95,0.0,,,
BZ_h6s5f50p2n3.txt,GLCT,5,6,15,2,900.0,9,60.0,15,100.0,2,271.87,0.0,,,
BZ_h6s5f50p2n4.txt,GLCT,5,6,15,2,900.0,3,20.0,15,100.0,5,650.72,0.0,,,
BZ_h6s5f50p2n5.txt,GLCT,5,6,15,2,900.0,3,20.0,15,100.0,6,769.13,0.0,,,
BZ_h6s5f50p2n6.txt,GLCT,5,6,15,2,900.0,6,40.0,8,53.3,6,807.05,0.0,,,
BZ_h6s5f50p2n7.txt,GLCT,5,6,15,2,900.0,6,40.0,15,100.0,3,357.91,0.0,,,
BZ_h6s5f50p2n8.txt,GLCT,5,6,15,2,900.0,4,26.7,15,100.0,3,358.08,0.0,,,
BZ_h6s5f50p2n9.txt,GLCT,5,6,15,2,900.0,2,13.3,6,40.0,6,813.92,0.0,,,
BZ_h6s5f50p3n1.txt,GLCT,5,6,15,3,900.0,1,6.7,7,46.7,6,806.50,0.0,,,
BZ_h6s5f50p3n10.txt,GLCT,5,6,15,3,900.0,2,13.3,15,100.0,2,274.65,0.0,,,
BZ_h6s5f50p3n11.txt,GLCT,5,6,15,3,900.0,2,13.3,5,33.3,5,627.73,0.0,,,
BZ_h6s5f50p3n12.txt,GLCT,5,6,15,3,900.0,4,26.7,9,60.0,6,691.82,0.0,,,
BZ_h6s5f50p3n13.txt,GLCT,5,6,15,3,900.0,0,0.0,4,26.7,6,802.93,0.0,,,
BZ_h6s5f50p3n14.txt,GLCT,5,6,15,3,900.0,1,6.7,5,33.3,6,820.65,0.0,,,
BZ_h6s5f50p3n15.txt,GLCT,5,6,15,3,900.0,4,26.7,7,46.7,6,832.65,0.0,,,
BZ_h6s5f50p3n16.txt,GLCT,5,6,15,3,900.0,0,0.0,15,100.0,5,609.44,0.0,,,
BZ_h6s5f50p3n17.txt,GLCT,5,6,15,3,900.0,1,6.7,7,46.7,6,752.47,0.0,,,
BZ_h6s5f50p3n18.txt,GLCT,5,6,15,3,900.0,0,0.0,7,46.7,5,632.90,0.0,,,
BZ_h6s5f50p3n19.txt,GLCT,5,6,15,3,900.0,1,6.7,8,53.3,7,836.29,0.0,,,
BZ_h6s5f50p3n2.txt,GLCT,5,6,15,3,900.0,1,6.7,9,60.0,6,699.53,0.0,,,
BZ_h6s5f50p3n20.txt,GLCT,5,6,15,3,900.0,1,6.7,9,60.0,6,771.72,0.0,,,
BZ_h6s5f50p3n3.txt,GLCT,5,6,15,3,900.0,1,6.7,6,40.0,6,777.46,0.0,,,
BZ_h6s5f50p3n4.txt,GLCT,5,6,15,3,900.0,2,13.3,7,46.7,6,803.85,0.0,,,
BZ_h6s5f50p3n5.txt,GLCT,5,6,15,3,900.0,0,0.0,6,40.0,6,785.28,0.0,,,
BZ_h6s5f50p3n6.txt,GLCT,5,6,15,3,900.0,1,6.7,7,46.7,6,863.13,0.0,,,
BZ_h6s5f50p3n7.txt,GLCT,5,6,15,3,900.0,1,6.7,4,26.7,6,791.84,0.0,,,
BZ_h6s5f50p3n8.txt,GLCT,5,6,15,3,900.0,3,20.0,11,73.3,6,795.63,0.0,,,
BZ_h6s5f50p3n9.txt,GLCT,5,6,15,3,900.0,2,13.3,9,60.0,7,898.18,0.0,,,
BZ_h6s5f50p6n1.txt,GLCT,5,6,15,6,900.0,3,20.0,7,46.7,5,692.51,0.0,,,
BZ_h6s5f50p6n10.txt,GLCT,5,6,15,5,900.0,1,6.7,15,100.0,3,378.65,0.0,,,
BZ_h6s5f50p6n11.txt,GLCT,5,6,15,6,900.0,0,0.0,4,26.7,7,862.74,0.0,,,
BZ_h6s5f50p6n12.txt,GLCT,5,6,15,6,900.0,2,13.3,5,33.3,6,867.73,0.0,,,
BZ_h6s5f50p6n13.txt,GLCT,5,6,15,6,900.0,0,0.0,4,26.7,7,879.37,0.0,,,
BZ_h6s5f50p6n14.txt,GLCT,5,6,15,5,900.0,0,0.0,2,13.3,6,798.09,0.0,,,
BZ_h6s5f50p6n15.txt,GLCT,5,6,15,6,900.0,1,6.7,15,100.0,5,668.97,0.0,,,
BZ_h6s5f50p6n16.txt,GLCT,5,6,15,6,900.0,0,0.0,5,33.3,6,806.84,0.0,,,
BZ_h6s5f50p6n17.txt,GLCT,5,6,15,6,900.0,2,13.3,5,33.3,5,648.35,0.0,,,
BZ_h6s5f50p6n18.txt,GLCT,5,6,15,6,900.0,1,6.7,6,40.0,5,671.78,0.0,,,
BZ_h6s5f50p6n19.txt,GLCT,5,6,15,6,900.0,1,6.7,8,53.3,5,667.76,0.0,,,
BZ_h6s5f50p6n2.txt,GLCT,5,6,15,6,900.0,0,0.0,3,20.0,7,894.00,0.0,,,
BZ_h6s5f50p6n20.txt,GLCT,5,6,15,6,900.0,0,0.0,3,20.0,7,858.23,0.0,,,
BZ_h6s5f50p6n3.txt,GLCT,5,6,15,5,900.0,1,6.7,9,60.0,6,813.81,0.0,,,
BZ_h6s5f50p6n4.txt,GLCT,5,6,15,6,900.0,0,0.0,2,13.3,6,787.92,0.0,,,
BZ_h6s5f50p6n5.txt,GLCT,5,6,15,6,900.0,0,0.0,4,26.7,7,890.45,0.0,,,
BZ_h6s5f50p6n6.txt,GLCT,5,6,15,6,900.0,0,0.0,5,33.3,7,842.79,0.0,,,
BZ_h6s5f50p6n7.txt,GLCT,5,6,15,6,900.0,2,13.3,5,33.3,7,893.03,0.0,,,
BZ_h6s5f50p6n8.txt,GLCT,5,6,15,6,900.0,0,0.0,3,20.0,6,798.73,0.0,,,
BZ_h6s5f50p6n9.txt,GLCT,5,6,15,6,900.0,0,0.0,3,20.0,6,794.57,0.0,,,
BZ_h6s5f70p2n1.txt,GLCT,5,6,21,2,900.0,4,19.0,8,38.1,8,876.26,0.0,,,
BZ_h6s5f70p2n10.txt,GLCT,5,6,21,2,900.0,4,19.0,9,42.9,8,810.59,0.0,,,
BZ_h6s5f70p2n11.txt,GLCT,5,6,21,2,900.0,1,4.8,8,38.1,7,775.46,0.0,,,
BZ_h6s5f70p2n12.txt,GLCT,5,6,21,2,900.0,3,14.3,7,33.3,8,863.24,0.0,,,
BZ_h6s5f70p2n13.txt,GLCT,5,6,21,2,900.0,4,19.0,9,42.9,7,838.56,0.0,,,
BZ_h6s5f70p2n14.txt,GLCT,5,6,21,2,900.0,2,9.5,6,28.6,9,856.58,0.0,,,
BZ_h6s5f70p2n15.txt,GLCT,5,6,21,2,900.0,7,33.3,12,57.1,8,878.16,0.0,,,
BZ_h6s5f70p2n16.txt,GLCT,5,6,21,2,900.0,10,47.6,12,57.1,7,871.36,0.0,,,
BZ_h6s5f70p2n17.txt,GLCT,5,6,21,2,900.0,8,38.1,10,47.6,7,758.99,0.0,,,
BZ_h6s5f70p2n18.txt,GLCT,5,6,21,2,900.0,4,19.0,7,33.3,7,809.89,0.0,,,
BZ_h6s5f70p2n19.txt,GLCT,5,6,21,2,900.0,5,23.8,21,100.0,6,618.68,0.0,,,
BZ_h6s5f70p2n2.txt,GLCT,5,6,21,2,900.0,7,33.3,21,100.0,6,707.69,0.0,,,
BZ_h6s5f70p2n20.txt,GLCT,5,6,21,2,900.0,4,19.0,8,38.1,7,865.43,0.0,,,
BZ_h6s5f70p2n3.txt,GLCT,5,6,21,2,900.0,11,52.4,12,57.1,6,643.19,0.0,,,
BZ_h6s5f70p2n4.txt,GLCT,5,6,21,2,900.0,1,4.8,9,42.9,8,896.48,0.0,,,
BZ_h6s5f70p2n5.txt,GLCT,5,6,21,2,900.0,9,42.9,11,52.4,7,808.15,0.0,,,
BZ_h6s5f70p2n6.txt,GLCT,5,6,21,2,900.0,3,14.3,5,23.8,8,860.35,0.0,,,
BZ_h6s5f70p2n7.txt,GLCT,5,6,21,2,900.0,7,33.3,21,100.0,7,745.15,0.0,,,
BZ_h6s5f70p2n8.txt,GLCT,5,6,21,2,900.0,5,23.8,8,38.1,8,845.57,0.0,,,
BZ_h6s5f70p2n9.txt,GLCT,5,6,21,2,900.0,8,38.1,12,57.1,7,840.61,0.0,,,
BZ_h6s5f70p3n1.txt,GLCT,5,6,21,3,900.0,2,9.5,6,28.6,7,876.83,0.0,,,
BZ_h6s5f70p3n10.txt,GLCT,5,6,21,3,900.0,3,14.3,5,23.8,7,839.65,0.0,,,
BZ_h6s5f70p3n11.txt,GLCT,5,6,21,3,900.0,4,19.0,7,33.3,7,888.10,0.0,,,
BZ_h6s5f70p3n12.txt,GLCT,5,6,21,3,900.0,1,4.8,5,23.8,7,822.41,0.0,,,
BZ_h6s5f70p3n13.txt,GLCT,5,6,21,3,900.0,8,38.1,13,61.9,4,388.68,0.0,,,
BZ_h6s5f70p3n14.txt,GLCT,5,6,21,3,900.0,2,9.5,7,33.3,8,831.53,0.0,,,
BZ_h6s5f70p3n15.txt,GLCT,5,6,21,3,900.0,7,33.3,10,47.6,8,896.09,0.0,,,
BZ_h6s5f70p3n16.txt,GLCT,5,6,21,3,900.0,3,14.3,6,28.6,7,866.46,0.0,,,
BZ_h6s5f70p3n17.txt,GLCT,5,6,21,3,900.0,3,14.3,8,38.1,8,818.26,0.0,,,
BZ_h6s5f70p3n18.txt,GLCT,5,6,21,3,900.0,6,28.6,7,33.3,7,894.21,0.0,,,
BZ_h6s5f70p3n19.txt,GLCT,5,6,21,3,900.0,1,4.8,4,19.0,8,874.34,0.0,,,
BZ_h6s5f70p3n2.txt,GLCT,5,6,21,3,900.0,3,14.3,7,33.3,7,876.75,0.0,,,
BZ_h6s5f70p3n20.txt,GLCT,5,6,21,3,900.0,7,33.3,13,61.9,6,614.70,0.0,,,
BZ_h6s5f70p3n3.txt,GLCT,5,6,21,3,900.0,7,33.3,14,66.7,6,670.35,0.0,,,
BZ_h6s5f70p3n4.txt,GLCT,5,6,21,3,900.0,1,4.8,3,14.3,6,773.86,0.0,,,
BZ_h6s5f70p3n5.txt,GLCT,5,6,21,3,900.0,2,9.5,4,19.0,7,831.34,0.0,,,
BZ_h6s5f70p3n6.txt,GLCT,5,6,21,3,900.0,4,19.0,12,57.1,8,847.70,0.0,,,
BZ_h6s5f70p3n7.txt,GLCT,5,6,21,3,900.0,3,14.3,7,33.3,7,771.20,0.0,,,
BZ_h6s5f70p3n8.txt,GLCT,5,6,21,3,900.0,2,9.5,8,38.1,8,866.61,0.0,,,
BZ_h6s5f70p3n9.txt,GLCT,5,6,21,3,900.0,4,19.0,9,42.9,6,653.38,0.0,,,
BZ_h6s5f70p6n1.txt,GLCT,5,6,21,6,900.0,1,4.8,4,19.0,7,761.60,0.0,,,
BZ_h6s5f70p6n10.txt,GLCT,5,6,21,6,900.0,0,0.0,6,28.6,7,833.14,0.0,,,
BZ_h6s5f70p6n11.txt,GLCT,5,6,21,6,900.0,2,9.5,4,19.0,6,825.26,0.0,,,
BZ_h6s5f70p6n12.txt,GLCT,5,6,21,6,900.0,1,4.8,4,19.0,7,774.26,0.0,,,
BZ_h6s5f70p6n13.txt,GLCT,5,6,21,6,900.0,2,9.5,6,28.6,8,893.45,0.0,,,
BZ_h6s5f70p6n14.txt,GLCT,5,6,21,5,900.0,0,0.0,2,9.5,7,833.21,0.0,,,
BZ_h6s5f70p6n15.txt,GLCT,5,6,21,6,900.0,0,0.0,9,42.9,7,898.23,0.0,,,
BZ_h6s5f70p6n16.txt,GLCT,5,6,21,6,900.0,1,4.8,5,23.8,7,813.21,0.0,,,
BZ_h6s5f70p6n17.txt,GLCT,5,6,21,5,900.0,0,0.0,4,19.0,7,834.90,0.0,,,
BZ_h6s5f70p6n18.txt,GLCT,5,6,21,6,900.0,1,4.8,4,19.0,7,876.48,0.0,,,
BZ_h6s5f70p6n19.txt,GLCT,5,6,21,6,900.0,2,9.5,7,33.3,5,563.78,0.0,,,
BZ_h6s5f70p6n2.txt,GLCT,5,6,21,6,900.0,0,0.0,6,28.6,7,833.26,0.0,,,
BZ_h6s5f70p6n20.txt,GLCT,5,6,21,6,900.0,1,4.8,4,19.0,8,844.41,0.0,,,
BZ_h6s5f70p6n3.txt,GLCT,5,6,21,6,900.0,1,4.8,3,14.3,7,899.93,0.0,,,
BZ_h6s5f70p6n4.txt,GLCT,5,6,21,6,900.0,0,0.0,5,23.8,8,887.33,0.0,,,
BZ_h6s5f70p6n5.txt,GLCT,5,6,21,6,900.0,0,0.0,2,9.5,6,696.21,0.0,,,
BZ_h6s5f70p6n6.txt,GLCT,5,6,21,6,900.0,0,0.0,6,28.6,8,855.03,0.0,,,
BZ_h6s5f70p6n7.txt,GLCT,5,6,21,6,900.0,1,4.8,9,42.9,7,774.93,0.0,,,
BZ_h6s5f70p6n8.txt,GLCT,5,6,21,6,900.0,0,0.0,6,28.6,7,833.81,0.0,,,
BZ_h6s5f70p6n9.txt,GLCT,5,6,21,6,900.0,0,0.0,5,23.8,7,898.85,0.0,,,
BZ_h6s7f50p2n1.txt,GLCT,7,6,21,2,900.0,4,19.0,21,100.0,5,706.92,0.0,,,
BZ_h6s7f50p2n10.txt,GLCT,7,6,21,2,900.0,4,19.0,10,47.6,7,897.49,0.0,,,
BZ_h6s7f50p2n11.txt,GLCT,7,6,21,2,900.0,4,19.0,21,100.0,7,858.41,0.0,,,
BZ_h6s7f50p2n12.txt,GLCT,7,6,21,2,900.0,7,33.3,21,100.0,3,380.60,0.0,,,
BZ_h6s7f50p2n13.txt,GLCT,7,6,21,2,900.0,4,19.0,7,33.3,6,889.41,0.0,,,
BZ_h6s7f50p2n14.txt,GLCT,7,6,21,2,900.0,7,33.3,9,42.9,6,814.25,0.0,,,
BZ_h6s7f50p2n15.txt,GLCT,7,6,21,2,900.0,4,19.0,7,33.3,6,799.24,0.0,,,
BZ_h6s7f50p2n16.txt,GLCT,7,6,21,2,900.0,10,47.6,21,100.0,1,149.87,0.0,,,
BZ_h6s7f50p2n17.txt,GLCT,7,6,21,2,900.0,9,42.9,21,100.0,6,769.53,0.0,,,
BZ_h6s7f50p2n18.txt,GLCT,7,6,21,2,900.0,7,33.3,21,100.0,5,650.43,0.0,,,
BZ_h6s7f50p2n19.txt,GLCT,7,6,21,2,900.0,3,14.3,8,38.1,7,892.49,0.0,,,
BZ_h6s7f50p2n2.txt,GLCT,7,6,21,2,900.0,8,38.1,10,47.6,6,779.83,0.0,,,
BZ_h6s7f50p2n20.txt,GLCT,7,6,21,2,900.0,7,33.3,10,47.6,7,890.86,0.0,,,
BZ_h6s7f50p2n3.txt,GLCT,7,6,21,2,900.0,2,9.5,6,28.6,7,899.24,0.0,,,
BZ_h6s7f50p2n4.txt,GLCT,7,6,21,2,900.0,10,47.6,21,100.0,5,674.05,0.0,,,
BZ_h6s7f50p2n5.txt,GLCT,7,6,21,2,900.0,4,19.0,8,38.1,7,863.54,0.0,,,
BZ_h6s7f50p2n6.txt,GLCT,7,6,21,2,900.0,13,61.9,14,66.7,6,881.67,0.0,,,
BZ_h6s7f50p2n7.txt,GLCT,7,6,21,2,900.0,8,38.1,12,57.1,6,877.20,0.0,,,
BZ_h6s7f50p2n8.txt,GLCT,7,6,21,2,900.0,3,14.3,6,28.6,6,823.81,0.0,,,
BZ_h6s7f50p2n9.txt,GLCT,7,6,21,2,900.0,5,23.8,21,100.0,7,859.55,0.0,,,
BZ_h6s7f50p3n1.txt,GLCT,7,6,21,3,900.0,4,19.0,7,33.3,6,745.19,0.0,,,
BZ_h6s7f50p3n10.txt,GLCT,7,6,21,3,900.0,2,9.5,4,19.0,6,818.54,0.0,,,
BZ_h6s7f50p3n11.txt,GLCT,7,6,21,3,900.0,4,19.0,8,38.1,7,858.61,0.0,,,
BZ_h6s7f50p3n12.txt,GLCT,7,6,21,3,900.0,3,14.3,7,33.3,6,796.50,0.0,,,
BZ_h6s7f50p3n13.txt,GLCT,7,6,21,3,900.0,2,9.5,9,42.9,7,878.77,0.0,,,
BZ_h6s7f50p3n14.txt,GLCT,7,6,21,3,900.0,6,28.6,7,33.3,7,875.25,0.0,,,
BZ_h6s7f50p3n15.txt,GLCT,7,6,21,3,900.0,3,14.3,10,47.6,7,895.42,0.0,,,
BZ_h6s7f50p3n16.txt,GLCT,7,6,21,3,900.0,4,19.0,21,100.0,3,318.51,0.0,,,
BZ_h6s7f50p3n17.txt,GLCT,7,6,21,3,900.0,2,9.5,10,47.6,7,869.42,0.0,,,
BZ_h6s7f50p3n18.txt,GLCT,7,6,21,3,900.0,0,0.0,5,23.8,7,895.53,0.0,,,
BZ_h6s7f50p3n19.txt,GLCT,7,6,21,3,900.0,1,4.8,15,71.4,5,640.07,0.0,,,
BZ_h6s7f50p3n2.txt,GLCT,7,6,21,3,900.0,2,9.5,4,19.0,6,775.60,0.0,,,
BZ_h6s7f50p3n20.txt,GLCT,7,6,21,3,900.0,4,19.0,8,38.1,7,891.45,0.0,,,
BZ_h6s7f50p3n3.txt,GLCT,7,6,21,3,900.0,2,9.5,10,47.6,7,882.69,0.0,,,
BZ_h6s7f50p3n4.txt,GLCT,7,6,21,3,900.0,3,14.3,10,47.6,7,877.82,0.0,,,
BZ_h6s7f50p3n5.txt,GLCT,7,6,21,3,900.0,4,19.0,7,33.3,6,822.05,0.0,,,
BZ_h6s7f50p3n6.txt,GLCT,7,6,21,3,900.0,6,28.6,8,38.1,6,764.97,0.0,,,
BZ_h6s7f50p3n7.txt,GLCT,7,6,21,3,900.0,5,23.8,21,100.0,1,145.26,0.0,,,
BZ_h6s7f50p3n8.txt,GLCT,7,6,21,3,900.0,3,14.3,16,76.2,6,802.33,0.0,,,
BZ_h6s7f50p3n9.txt,GLCT,7,6,21,3,900.0,1,4.8,4,19.0,7,860.06,0.0,,,
BZ_h6s7f50p6n1.txt,GLCT,7,6,21,6,900.0,1,4.8,12,57.1,5,640.32,0.0,,,
BZ_h6s7f50p6n10.txt,GLCT,7,6,21,6,900.0,4,19.0,15,71.4,6,757.26,0.0,,,
BZ_h6s7f50p6n11.txt,GLCT,7,6,21,6,900.0,3,14.3,9,42.9,6,749.96,0.0,,,
BZ_h6s7f50p6n12.txt,GLCT,7,6,21,6,900.0,4,19.0,7,33.3,6,843.37,0.0,,,
BZ_h6s7f50p6n13.txt,GLCT,7,6,21,6,900.0,0,0.0,16,76.2,7,870.32,0.0,,,
BZ_h6s7f50p6n14.txt,GLCT,7,6,21,6,900.0,2,9.5,8,38.1,7,869.39,0.0,,,
BZ_h6s7f50p6n15.txt,GLCT,7,6,21,6,900.0,4,19.0,7,33.3,6,798.60,0.0,,,
BZ_h6s7f50p6n16.txt,GLCT,7,6,21,6,900.0,0,0.0,8,38.1,6,812.18,0.0,,,
BZ_h6s7f50p6n17.txt,GLCT,7,6,21,6,900.0,2,9.5,7,33.3,7,857.13,0.0,,,
BZ_h6s7f50p6n18.txt,GLCT,7,6,21,6,900.0,3,14.3,8,38.1,6,841.28,0.0,,,
BZ_h6s7f50p6n19.txt,GLCT,7,6,21,6,900.0,3,14.3,8,38.1,7,813.58,0.0,,,
BZ_h6s7f50p6n2.txt,GLCT,7,6,21,6,900.0,1,4.8,7,33.3,7,875.35,0.0,,,
BZ_h6s7f50p6n20.txt,GLCT,7,6,21,6,900.0,1,4.8,5,23.8,6,773.11,0.0,,,
BZ_h6s7f50p6n3.txt,GLCT,7,6,21,6,900.0,1,4.8,6,28.6,6,797.59,0.0,,,
BZ_h6s7f50p6n4.txt,GLCT,7,6,21,6,900.0,0,0.0,4,19.0,7,803.76,0.0,,,
BZ_h6s7f50p6n5.txt,GLCT,7,6,21,6,900.0,2,9.5,14,66.7,7,897.71,0.0,,,
BZ_h6s7f50p6n6.txt,GLCT,7,6,21,6,900.0,0,0.0,3,14.3,6,778.54,0.0,,,
BZ_h6s7f50p6n7.txt,GLCT,7,6,21,6,900.0,0,0.0,6,28.6,7,871.83,0.0,,,
BZ_h6s7f50p6n8.txt,GLCT,7,6,21,6,900.0,0,0.0,6,28.6,6,830.57,0.0,,,
BZ_h6s7f50p6n9.txt,GLCT,7,6,21,6,900.0,0,0.0,8,38.1,6,827.58,0.0,,,
BZ_h6s7f70p2n1.txt,GLCT,7,6,29,2,900.0,12,41.4,16,55.2,8,872.06,0.0,,,
BZ_h6s7f70p2n10.txt,GLCT,7,6,29,2,900.0,2,6.9,9,31.0,8,894.65,0.0,,,
BZ_h6s7f70p2n11.txt,GLCT,7,6,29,2,900.0,6,20.7,10,34.5,7,699.12,0.0,,,
BZ_h6s7f70p2n12.txt,GLCT,7,6,29,2,900.0,13,44.8,16,55.2,8,807.52,0.0,,,
BZ_h6s7f70p2n13.txt,GLCT,7,6,29,2,900.0,1,3.4,8,27.6,8,869.79,0.0,,,
BZ_h6s7f70p2n14.txt,GLCT,7,6,29,2,900.0,4,13.8,7,24.1,8,880.91,0.0,,,
BZ_h6s7f70p2n15.txt,GLCT,7,6,29,2,900.0,9,31.0,13,44.8,8,880.61,0.0,,,
BZ_h6s7f70p2n16.txt,GLCT,7,6,29,2,900.0,4,13.8,7,24.1,8,894.35,0.0,,,
BZ_h6s7f70p2n17.txt,GLCT,7,6,29,2,900.0,9,31.0,14,48.3,7,862.90,0.0,,,
BZ_h6s7f70p2n18.txt,GLCT,7,6,29,2,900.0,2,6.9,6,20.7,7,841.51,0.0,,,
BZ_h6s7f70p2n19.txt,GLCT,7,6,29,2,900.0,5,17.2,10,34.5,8,822.84,0.0,,,
BZ_h6s7f70p2n2.txt,GLCT,7,6,29,2,900.0,11,37.9,29,100.0,6,720.56,0.0,,,
BZ_h6s7f70p2n20.txt,GLCT,7,6,29,2,900.0,10,34.5,15,51.7,7,885.56,0.0,,,
BZ_h6s7f70p2n3.txt,GLCT,7,6,29,2,900.0,5,17.2,12,41.4,9,896.16,0.0,,,
BZ_h6s7f70p2n4.txt,GLCT,7,6,29,2,900.0,2,6.9,6,20.7,7,864.38,0.0,,,
BZ_h6s7f70p2n5.txt,GLCT,7,6,29,2,900.0,5,17.2,11,37.9,7,784.39,0.0,,,
BZ_h6s7f70p2n6.txt,GLCT,7,6,29,2,900.0,2,6.9,7,24.1,7,854.76,0.0,,,
BZ_h6s7f70p2n7.txt,GLCT,7,6,29,2,900.0,5,17.2,10,34.5,8,887.86,0.0,,,
BZ_h6s7f70p2n8.txt,GLCT,7,6,29,2,900.0,10,34.5,12,41.4,8,828.82,0.0,,,
BZ_h6s7f70p2n9.txt,GLCT,7,6,29,2,900.0,11,37.9,14,48.3,7,813.17,0.0,,,
BZ_h6s7f70p3n1.txt,GLCT,7,6,29,3,900.0,4,13.8,8,27.6,8,891.57,0.0,,,
BZ_h6s7f70p3n10.txt,GLCT,7,6,29,3,900.0,6,20.7,13,44.8,8,898.61,0.0,,,
BZ_h6s7f70p3n11.txt,GLCT,7,6,29,3,900.0,1,3.4,8,27.6,8,859.68,0.0,,,
BZ_h6s7f70p3n12.txt,GLCT,7,6,29,3,900.0,2,6.9,7,24.1,7,842.35,0.0,,,
BZ_h6s7f70p3n13.txt,GLCT,7,6,29,3,900.0,2,6.9,6,20.7,7,803.20,0.0,,,
BZ_h6s7f70p3n14.txt,GLCT,7,6,29,3,900.0,1,3.4,4,13.8,7,884.55,0.0,,,
BZ_h6s7f70p3n15.txt,GLCT,7,6,29,3,900.0,1,3.4,9,31.0,7,859.56,0.0,,,
BZ_h6s7f70p3n16.txt,GLCT,7,6,29,3,900.0,3,10.3,6,20.7,7,871.79,0.0,,,
BZ_h6s7f70p3n17.txt,GLCT,7,6,29,3,900.0,3,10.3,7,24.1,7,881.81,0.0,,,
BZ_h6s7f70p3n18.txt,GLCT,7,6,29,3,900.0,2,6.9,5,17.2,7,881.79,0.0,,,
BZ_h6s7f70p3n19.txt,GLCT,7,6,29,3,900.0,2,6.9,10,34.5,8,879.65,0.0,,,
BZ_h6s7f70p3n2.txt,GLCT,7,6,29,3,900.0,4,13.8,6,20.7,7,858.76,0.0,,,
BZ_h6s7f70p3n20.txt,GLCT,7,6,29,3,900.0,6,20.7,10,34.5,7,876.44,0.0,,,
BZ_h6s7f70p3n3.txt,GLCT,7,6,29,3,900.0,3,10.3,8,27.6,8,891.40,0.0,,,
BZ_h6s7f70p3n4.txt,GLCT,7,6,29,3,900.0,3,10.3,9,31.0,8,864.25,0.0,,,
BZ_h6s7f70p3n5.txt,GLCT,7,6,29,3,900.0,3,10.3,6,20.7,7,826.86,0.0,,,
BZ_h6s7f70p3n6.txt,GLCT,7,6,29,3,900.0,1,3.4,15,51.7,8,866.23,0.0,,,
BZ_h6s7f70p3n7.txt,GLCT,7,6,29,3,900.0,7,24.1,9,31.0,7,799.23,0.0,,,
BZ_h6s7f70p3n8.txt,GLCT,7,6,29,3,900.0,2,6.9,8,27.6,8,892.85,0.0,,,
BZ_h6s7f70p3n9.txt,GLCT,7,6,29,3,900.0,4,13.8,8,27.6,8,832.17,0.0,,,
BZ_h6s7f70p6n1.txt,GLCT,7,6,29,6,900.0,1,3.4,6,20.7,7,779.80,0.0,,,
BZ_h6s7f70p6n10.txt,GLCT,7,6,29,6,900.0,1,3.4,8,27.6,8,884.82,0.0,,,
BZ_h6s7f70p6n11.txt,GLCT,7,6,29,6,900.0,0,0.0,6,20.7,7,812.81,0.0,,,
BZ_h6s7f70p6n12.txt,GLCT,7,6,29,6,900.0,0,0.0,6,20.7,7,828.13,0.0,,,
BZ_h6s7f70p6n13.txt,GLCT,7,6,29,6,900.0,1,3.4,5,17.2,7,898.23,0.0,,,
BZ_h6s7f70p6n14.txt,GLCT,7,6,29,6,900.0,1,3.4,3,10.3,8,856.08,0.0,,,
BZ_h6s7f70p6n15.txt,GLCT,7,6,29,6,900.0,1,3.4,3,10.3,6,677.82,0.0,,,
BZ_h6s7f70p6n16.txt,GLCT,7,6,29,6,900.0,2,6.9,7,24.1,7,847.56,0.0,,,
BZ_h6s7f70p6n17.txt,GLCT,7,6,29,6,900.0,3,10.3,5,17.2,6,781.03,0.0,,,
BZ_h6s7f70p6n18.txt,GLCT,7,6,29,6,900.0,0,0.0,8,27.6,7,795.94,0.0,,,
BZ_h6s7f70p6n19.txt,GLCT,7,6,29,6,900.0,0,0.0,3,10.3,6,688.98,0.0,,,
BZ_h6s7f70p6n2.txt,GLCT,7,6,29,6,900.0,2,6.9,8,27.6,8,866.55,0.0,,,
BZ_h6s7f70p6n20.txt,GLCT,7,6,29,6,900.0,1,3.4,4,13.8,8,868.39,0.0,,,
BZ_h6s7f70p6n3.txt,GLCT,7,6,29,6,900.0,0,0.0,5,17.2,7,836.09,0.0,,,
BZ_h6s7f70p6n4.txt,GLCT,7,6,29,6,900.0,1,3.4,8,27.6,7,899.00,0.0,,,
BZ_h6s7f70p6n5.txt,GLCT,7,6,29,6,900.0,1,3.4,7,24.1,8,895.16,0.0,,,
BZ_h6s7f70p6n6.txt,GLCT,7,6,29,6,900.0,0,0.0,7,24.1,7,801.36,0.0,,,
BZ_h6s7f70p6n7.txt,GLCT,7,6,29,6,900.0,2,6.9,5,17.2,7,831.96,0.0,,,
BZ_h6s7f70p6n8.txt,GLCT,7,6,29,6,900.0,0,0.0,7,24.1,8,863.19,0.0,,,
BZ_h6s7f70p6n9.txt,GLCT,7,6,29,6,900.0,2,6.9,6,20.7,8,899.35,0.0,,,
BZ_h6s9f50p2n1.txt,GLCT,9,6,27,2,900.0,6,22.2,10,37.0,6,749.79,0.0,,,
BZ_h6s9f50p2n10.txt,GLCT,9,6,27,2,900.0,13,48.1,27,100.0,4,565.28,0.0,,,
BZ_h6s9f50p2n11.txt,GLCT,9,6,27,2,900.0,5,18.5,12,44.4,7,858.24,0.0,,,
BZ_h6s9f50p2n12.txt,GLCT,9,6,27,2,900.0,8,29.6,27,100.0,6,863.46,0.0,,,
BZ_h6s9f50p2n13.txt,GLCT,9,6,27,2,900.0,12,44.4,15,55.6,6,734.63,0.0,,,
BZ_h6s9f50p2n14.txt,GLCT,9,6,27,2,900.0,4,14.8,8,29.6,7,876.11,0.0,,,
BZ_h6s9f50p2n15.txt,GLCT,9,6,27,2,900.0,7,25.9,10,37.0,7,849.15,0.0,,,
BZ_h6s9f50p2n16.txt,GLCT,9,6,27,2,900.0,3,11.1,13,48.1,7,887.04,0.0,,,
BZ_h6s9f50p2n17.txt,GLCT,9,6,27,2,900.0,11,40.7,27,100.0,5,643.53,0.0,,,
BZ_h6s9f50p2n18.txt,GLCT,9,6,27,2,900.0,6,22.2,14,51.9,7,868.06,0.0,,,
BZ_h6s9f50p2n19.txt,GLCT,9,6,27,2,900.0,9,33.3,14,51.9,6,848.28,0.0,,,
BZ_h6s9f50p2n2.txt,GLCT,9,6,27,2,900.0,11,40.7,16,59.3,5,617.44,0.0,,,
BZ_h6s9f50p2n20.txt,GLCT,9,6,27,2,900.0,3,11.1,12,44.4,7,872.69,0.0,,,
BZ_h6s9f50p2n3.txt,GLCT,9,6,27,2,900.0,3,11.1,27,100.0,7,881.60,0.0,,,
BZ_h6s9f50p2n4.txt,GLCT,9,6,27,2,900.0,13,48.1,17,63.0,6,827.03,0.0,,,
BZ_h6s9f50p2n5.txt,GLCT,9,6,27,2,900.0,5,18.5,13,48.1,7,828.56,0.0,,,
BZ_h6s9f50p2n6.txt,GLCT,9,6,27,2,900.0,6,22.2,27,100.0,7,888.68,0.0,,,
BZ_h6s9f50p2n7.txt,GLCT,9,6,27,2,900.0,5,18.5,8,29.6,5,636.64,0.0,,,
BZ_h6s9f50p2n8.txt,GLCT,9,6,27,2,900.0,2,7.4,9,33.3,7,862.67,0.0,,,
BZ_h6s9f50p2n9.txt,GLCT,9,6,27,2,900.0,9,33.3,16,59.3,7,876.71,0.0,,,
BZ_h6s9f50p3n1.txt,GLCT,9,6,27,3,900.0,8,29.6,10,37.0,6,836.25,0.0,,,
BZ_h6s9f50p3n10.txt,GLCT,9,6,27,3,900.0,2,7.4,7,25.9,7,884.83,0.0,,,
BZ_h6s9f50p3n11.txt,GLCT,9,6,27,3,900.0,5,18.5,19,70.4,6,804.92,0.0,,,
BZ_h6s9f50p3n12.txt,GLCT,9,6,27,3,900.0,4,14.8,8,29.6,6,790.34,0.0,,,
BZ_h6s9f50p3n13.txt,GLCT,9,6,27,3,900.0,5,18.5,10,37.0,7,882.60,0.0,,,
BZ_h6s9f50p3n14.txt,GLCT,9,6,27,3,900.0,1,3.7,7,25.9,6,845.76,0.0,,,
BZ_h6s9f50p3n15.txt,GLCT,9,6,27,3,900.0,1,3.7,3,11.1,6,851.21,0.0,,,
BZ_h6s9f50p3n16.txt,GLCT,9,6,27,3,900.0,0,0.0,11,40.7,7,894.14,0.0,,,
BZ_h6s9f50p3n17.txt,GLCT,9,6,27,3,900.0,4,14.8,8,29.6,7,886.03,0.0,,,
BZ_h6s9f50p3n18.txt,GLCT,9,6,27,3,900.0,2,7.4,8,29.6,6,882.65,0.0,,,
BZ_h6s9f50p3n19.txt,GLCT,9,6,27,3,900.0,7,25.9,10,37.0,6,829.37,0.0,,,
BZ_h6s9f50p3n2.txt,GLCT,9,6,27,3,900.0,4,14.8,9,33.3,7,870.61,0.0,,,
BZ_h6s9f50p3n20.txt,GLCT,9,6,27,3,900.0,8,29.6,27,100.0,6,812.31,0.0,,,
BZ_h6s9f50p3n3.txt,GLCT,9,6,27,3,900.0,2,7.4,9,33.3,6,793.29,0.0,,,
BZ_h6s9f50p3n4.txt,GLCT,9,6,27,3,900.0,8,29.6,17,63.0,7,848.05,0.0,,,
BZ_h6s9f50p3n5.txt,GLCT,9,6,27,3,900.0,2,7.4,6,22.2,6,834.25,0.0,,,
BZ_h6s9f50p3n6.txt,GLCT,9,6,27,3,900.0,3,11.1,8,29.6,6,824.73,0.0,,,
BZ_h6s9f50p3n7.txt,GLCT,9,6,27,3,900.0,3,11.1,12,44.4,6,825.25,0.0,,,
BZ_h6s9f50p3n8.txt,GLCT,9,6,27,3,900.0,6,22.2,9,33.3,7,882.43,0.0,,,
BZ_h6s9f50p3n9.txt,GLCT,9,6,27,3,900.0,8,29.6,13,48.1,6,836.70,0.0,,,
BZ_h6s9f50p6n1.txt,GLCT,9,6,27,6,900.0,5,18.5,7,25.9,6,769.76,0.0,,,
BZ_h6s9f50p6n10.txt,GLCT,9,6,27,6,900.0,3,11.1,6,22.2,6,840.30,0.0,,,
BZ_h6s9f50p6n11.txt,GLCT,9,6,27,6,900.0,3,11.1,8,29.6,6,787.62,0.0,,,
BZ_h6s9f50p6n12.txt,GLCT,9,6,27,6,900.0,1,3.7,9,33.3,7,844.99,0.0,,,
BZ_h6s9f50p6n13.txt,GLCT,9,6,27,6,900.0,1,3.7,5,18.5,6,797.19,0.0,,,
BZ_h6s9f50p6n14.txt,GLCT,9,6,27,6,900.0,4,14.8,9,33.3,6,833.57,0.0,,,
BZ_h6s9f50p6n15.txt,GLCT,9,6,27,6,900.0,1,3.7,4,14.8,6,820.45,0.0,,,
BZ_h6s9f50p6n16.txt,GLCT,9,6,27,6,900.0,0,0.0,4,14.8,6,839.02,0.0,,,
BZ_h6s9f50p6n17.txt,GLCT,9,6,27,6,900.0,0,0.0,7,25.9,6,803.81,0.0,,,
BZ_h6s9f50p6n18.txt,GLCT,9,6,27,5,900.0,4,14.8,8,29.6,6,787.75,0.0,,,
BZ_h6s9f50p6n19.txt,GLCT,9,6,27,6,900.0,3,11.1,6,22.2,6,853.91,0.0,,,
BZ_h6s9f50p6n2.txt,GLCT,9,6,27,6,900.0,3,11.1,5,18.5,6,786.40,0.0,,,
BZ_h6s9f50p6n20.txt,GLCT,9,6,27,6,900.0,1,3.7,6,22.2,6,875.51,0.0,,,
BZ_h6s9f50p6n3.txt,GLCT,9,6,27,6,900.0,2,7.4,10,37.0,7,891.45,0.0,,,
BZ_h6s9f50p6n4.txt,GLCT,9,6,27,6,900.0,1,3.7,6,22.2,7,894.92,0.0,,,
BZ_h6s9f50p6n5.txt,GLCT,9,6,27,6,900.0,2,7.4,9,33.3,6,837.10,0.0,,,
BZ_h6s9f50p6n6.txt,GLCT,9,6,27,6,900.0,4,14.8,7,25.9,6,773.68,0.0,,,
BZ_h6s9f50p6n7.txt,GLCT,9,6,27,6,900.0,1,3.7,4,14.8,7,891.46,0.0,,,
BZ_h6s9f50p6n8.txt,GLCT,9,6,27,6,900.0,4,14.8,11,40.7,7,892.13,0.0,,,
BZ_h6s9f50p6n9.txt,GLCT,9,6,27,6,900.0,1,3.7,7,25.9,6,824.74,0.0,,,
BZ_h6s9f70p2n1.txt,GLCT,9,6,37,2,900.0,14,37.8,19,51.4,8,899.17,0.0,,,
BZ_h6s9f70p2n10.txt,GLCT,9,6,37,2,900.0,12,32.4,20,54.1,8,882.65,0.0,,,
BZ_h6s9f70p2n11.txt,GLCT,9,6,37,2,900.0,13,35.1,17,45.9,7,894.15,0.0,,,
BZ_h6s9f70p2n12.txt,GLCT,9,6,37,2,900.0,2,5.4,13,35.1,8,878.90,0.0,,,
BZ_h6s9f70p2n13.txt,GLCT,9,6,37,2,900.0,5,13.5,11,29.7,8,850.40,0.0,,,
BZ_h6s9f70p2n14.txt,GLCT,9,6,37,2,900.0,8,21.6,12,32.4,7,845.28,0.0,,,
BZ_h6s9f70p2n15.txt,GLCT,9,6,37,2,900.0,3,8.1,12,32.4,7,870.82,0.0,,,
BZ_h6s9f70p2n16.txt,GLCT,9,6,37,2,900.0,5,13.5,12,32.4,8,884.11,0.0,,,
BZ_h6s9f70p2n17.txt,GLCT,9,6,37,2,900.0,3,8.1,11,29.7,6,655.09,0.0,,,
BZ_h6s9f70p2n18.txt,GLCT,9,6,37,2,900.0,5,13.5,8,21.6,7,858.31,0.0,,,
BZ_h6s9f70p2n19.txt,GLCT,9,6,37,2,900.0,14,37.8,20,54.1,7,849.34,0.0,,,
BZ_h6s9f70p2n2.txt,GLCT,9,6,37,2,900.0,7,18.9,11,29.7,8,889.05,0.0,,,
BZ_h6s9f70p2n20.txt,GLCT,9,6,37,2,900.0,9,24.3,13,35.1,8,832.02,0.0,,,
BZ_h6s9f70p2n3.txt,GLCT,9,6,37,2,900.0,11,29.7,18,48.6,8,848.81,0.0,,,
BZ_h6s9f70p2n4.txt,GLCT,9,6,37,2,900.0,11,29.7,15,40.5,6,808.78,0.0,,,
BZ_h6s9f70p2n5.txt,GLCT,9,6,37,2,900.0,9,24.3,13,35.1,7,880.01,0.0,,,
BZ_h6s9f70p2n6.txt,GLCT,9,6,37,2,900.0,12,32.4,20,54.1,8,825.50,0.0,,,
BZ_h6s9f70p2n7.txt,GLCT,9,6,37,2,900.0,12,32.4,21,56.8,7,858.54,0.0,,,
BZ_h6s9f70p2n8.txt,GLCT,9,6,37,2,900.0,3,8.1,11,29.7,7,839.54,0.0,,,
BZ_h6s9f70p2n9.txt,GLCT,9,6,37,2,900.0,7,18.9,11,29.7,7,828.61,0.0,,,
BZ_h6s9f70p3n1.txt,GLCT,9,6,37,3,900.0,0,0.0,5,13.5,8,892.69,0.0,,,
BZ_h6s9f70p3n10.txt,GLCT,9,6,37,3,900.0,3,8.1,7,18.9,8,885.14,0.0,,,
BZ_h6s9f70p3n11.txt,GLCT,9,6,37,3,900.0,3,8.1,18,48.6,7,872.83,0.0,,,
BZ_h6s9f70p3n12.txt,GLCT,9,6,37,3,900.0,3,8.1,10,27.0,7,828.87,0.0,,,
BZ_h6s9f70p3n13.txt,GLCT,9,6,37,3,900.0,7,18.9,12,32.4,8,789.82,0.0,,,
BZ_h6s9f70p3n14.txt,GLCT,9,6,37,3,900.0,10,27.0,14,37.8,8,890.40,0.0,,,
BZ_h6s9f70p3n15.txt,GLCT,9,6,37,3,900.0,3,8.1,8,21.6,7,820.95,0.0,,,
BZ_h6s9f70p3n16.txt,GLCT,9,6,37,3,900.0,7,18.9,11,29.7,7,871.79,0.0,,,
BZ_h6s9f70p3n17.txt,GLCT,9,6,37,3,900.0,6,16.2,9,24.3,7,852.22,0.0,,,
BZ_h6s9f70p3n18.txt,GLCT,9,6,37,3,900.0,4,10.8,9,24.3,7,846.18,0.0,,,
BZ_h6s9f70p3n19.txt,GLCT,9,6,37,3,900.0,8,21.6,12,32.4,7,829.83,0.0,,,
BZ_h6s9f70p3n2.txt,GLCT,9,6,37,3,900.0,1,2.7,10,27.0,7,874.54,0.0,,,
BZ_h6s9f70p3n20.txt,GLCT,9,6,37,3,900.0,3,8.1,8,21.6,7,878.09,0.0,,,
BZ_h6s9f70p3n3.txt,GLCT,9,6,37,3,900.0,3,8.1,8,21.6,7,811.13,0.0,,,
BZ_h6s9f70p3n4.txt,GLCT,9,6,37,3,900.0,7,18.9,13,35.1,7,886.65,0.0,,,
BZ_h6s9f70p3n5.txt,GLCT,9,6,37,3,900.0,1,2.7,8,21.6,8,892.29,0.0,,,
BZ_h6s9f70p3n6.txt,GLCT,9,6,37,3,900.0,5,13.5,11,29.7,8,884.62,0.0,,,
BZ_h6s9f70p3n7.txt,GLCT,9,6,37,3,900.0,6,16.2,10,27.0,8,867.78,0.0,,,
BZ_h6s9f70p3n8.txt,GLCT,9,6,37,3,900.0,5,13.5,10,27.0,8,873.97,0.0,,,
BZ_h6s9f70p3n9.txt,GLCT,9,6,37,3,900.0,7,18.9,12,32.4,7,820.79,0.0,,,
BZ_h6s9f70p6n1.txt,GLCT,9,6,37,6,900.0,1,2.7,5,13.5,8,885.45,0.0,,,
BZ_h6s9f70p6n10.txt,GLCT,9,6,37,6,900.0,2,5.4,5,13.5,7,798.57,0.0,,,
BZ_h6s9f70p6n11.txt,GLCT,9,6,37,6,900.0,2,5.4,8,21.6,7,856.10,0.0,,,
BZ_h6s9f70p6n12.txt,GLCT,9,6,37,6,900.0,2,5.4,9,24.3,7,886.35,0.0,,,
BZ_h6s9f70p6n13.txt,GLCT,9,6,37,6,900.0,2,5.4,3,8.1,8,898.05,0.0,,,
BZ_h6s9f70p6n14.txt,GLCT,9,6,37,6,900.0,0,0.0,3,8.1,7,788.52,0.0,,,
BZ_h6s9f70p6n15.txt,GLCT,9,6,37,6,900.0,1,2.7,5,13.5,7,846.17,0.0,,,
BZ_h6s9f70p6n16.txt,GLCT,9,6,37,6,900.0,1,2.7,14,37.8,7,871.70,0.0,,,
BZ_h6s9f70p6n17.txt,GLCT,9,6,37,6,900.0,3,8.1,5,13.5,7,808.97,0.0,,,
BZ_h6s9f70p6n18.txt,GLCT,9,6,37,6,900.0,1,2.7,6,16.2,8,876.60,0.0,,,
BZ_h6s9f70p6n19.txt,GLCT,9,6,37,6,900.0,3,8.1,5,13.5,7,842.48,0.0,,,
BZ_h6s9f70p6n2.txt,GLCT,9,6,37,6,900.0,0,0.0,4,10.8,8,883.97,0.0,,,
BZ_h6s9f70p6n20.txt,GLCT,9,6,37,6,900.0,3,8.1,9,24.3,7,813.49,0.0,,,
BZ_h6s9f70p6n3.txt,GLCT,9,6,37,6,900.0,2,5.4,4,10.8,7,858.22,0.0,,,
BZ_h6s9f70p6n4.txt,GLCT,9,6,37,6,900.0,1,2.7,7,18.9,7,819.29,0.0,,,
BZ_h6s9f70p6n5.txt,GLCT,9,6,37,6,900.0,5,13.5,8,21.6,7,886.37,0.0,,,
BZ_h6s9f70p6n6.txt,GLCT,9,6,37,6,900.0,0,0.0,4,10.8,8,874.55,0.0,,,
BZ_h6s9f70p6n7.txt,GLCT,9,6,37,6,900.0,1,2.7,6,16.2,7,837.00,0.0,,,
BZ_h6s9f70p6n8.txt,GLCT,9,6,37,6,900.0,4,10.8,8,21.6,7,819.06,0.0,,,
BZ_h6s9f70p6n9.txt,GLCT,9,6,37,6,900.0,0,0.0,8,21.6,7,844.01,0.0,,,
BZ_h4s3f50p2n1.txt,GLCT,3,4,6,2,1200.0,0,0.0,6,100.0,3,319.28,0.0,,,
BZ_h4s3f50p2n10.txt,GLCT,3,4,6,2,1200.0,0,0.0,6,100.0,2,215.59,0.0,,,
BZ_h4s3f50p2n11.txt,GLCT,3,4,6,2,1200.0,1,16.7,6,100.0,1,108.07,0.0,,,
BZ_h4s3f50p2n12.txt,GLCT,3,4,6,2,1200.0,2,33.3,6,100.0,1,102.84,0.0,,,
BZ_h4s3f50p2n13.txt,GLCT,3,4,6,2,1200.0,1,16.7,6,100.0,4,444.71,0.0,,,
BZ_h4s3f50p2n14.txt,GLCT,3,4,6,2,1200.0,1,16.7,6,100.0,2,214.24,0.0,,,
BZ_h4s3f50p2n15.txt,GLCT,3,4,6,2,1200.0,3,50.0,6,100.0,3,335.77,0.0,,,
BZ_h4s3f50p2n16.txt,GLCT,3,4,6,2,1200.0,2,33.3,6,100.0,4,420.81,0.0,,,
BZ_h4s3f50p2n17.txt,GLCT,3,4,6,2,1200.0,2,33.3,6,100.0,2,233.55,0.0,,,
BZ_h4s3f50p2n18.txt,GLCT,3,4,6,2,1200.0,3,50.0,6,100.0,1,120.84,0.0,,,
BZ_h4s3f50p2n19.txt,GLCT,3,4,6,2,1200.0,2,33.3,6,100.0,2,219.55,0.0,,,
BZ_h4s3f50p2n2.txt,GLCT,3,4,6,2,1200.0,2,33.3,6,100.0,3,327.03,0.0,,,
BZ_h4s3f50p2n20.txt,GLCT,3,4,6,2,1200.0,3,50.0,6,100.0,2,228.26,0.0,,,
BZ_h4s3f50p2n3.txt,GLCT,3,4,6,2,1200.0,1,16.7,6,100.0,1,108.07,0.0,,,
BZ_h4s3f50p2n4.txt,GLCT,3,4,6,2,1200.0,3,50.0,6,100.0,2,236.04,0.0,,,
BZ_h4s3f50p2n5.txt,GLCT,3,4,6,2,1200.0,1,16.7,6,100.0,3,284.21,0.0,,,
BZ_h4s3f50p2n6.txt,GLCT,3,4,6,2,1200.0,0,0.0,6,100.0,2,212.80,0.0,,,
BZ_h4s3f50p2n7.txt,GLCT,3,4,6,2,1200.0,1,16.7,6,100.0,1,104.17,0.0,,,
BZ_h4s3f50p2n8.txt,GLCT,3,4,6,2,1200.0,0,0.0,6,100.0,5,551.03,0.0,,,
BZ_h4s3f50p2n9.txt,GLCT,3,4,6,2,1200.0,1,16.7,6,100.0,1,95.06,0.0,,,
BZ_h4s3f50p3n1.txt,GLCT,3,4,6,3,1200.0,1,16.7,6,100.0,7,778.88,0.0,,,
BZ_h4s3f50p3n10.txt,GLCT,3,4,6,3,1200.0,2,33.3,6,100.0,3,308.94,0.0,,,
BZ_h4s3f50p3n11.txt,GLCT,3,4,6,3,1200.0,1,16.7,6,100.0,2,201.51,0.0,,,
BZ_h4s3f50p3n12.txt,GLCT,3,4,6,3,1200.0,2,33.3,6,100.0,4,421.68,0.0,,,
BZ_h4s3f50p3n13.txt,GLCT,3,4,6,3,1200.0,0,0.0,6,100.0,2,218.34,0.0,,,
BZ_h4s3f50p3n14.txt,GLCT,3,4,6,3,1200.0,1,16.7,6,100.0,4,425.34,0.0,,,
BZ_h4s3f50p3n15.txt,GLCT,3,4,6,3,1200.0,0,0.0,6,100.0,5,548.15,0.0,,,
BZ_h4s3f50p3n16.txt,GLCT,3,4,6,3,1200.0,1,16.7,6,100.0,3,330.69,0.0,,,
BZ_h4s3f50p3n17.txt,GLCT,3,4,6,3,1200.0,0,0.0,6,100.0,2,212.64,0.0,,,
BZ_h4s3f50p3n18.txt,GLCT,3,4,6,3,1200.0,2,33.3,6,100.0,1,102.99,0.0,,,
BZ_h4s3f50p3n19.txt,GLCT,3,4,6,3,1200.0,0,0.0,6,100.0,2,214.31,0.0,,,
BZ_h4s3f50p3n2.txt,GLCT,3,4,6,3,1200.0,1,16.7,6,100.0,2,211.51,0.0,,,
BZ_h4s3f50p3n20.txt,GLCT,3,4,6,3,1200.0,2,33.3,6,100.0,1,126.02,0.0,,,
BZ_h4s3f50p3n3.txt,GLCT,3,4,6,3,1200.0,3,50.0,6,100.0,5,528.20,0.0,,,
BZ_h4s3f50p3n4.txt,GLCT,3,4,6,3,1200.0,0,0.0,6,100.0,5,544.44,0.0,,,
BZ_h4s3f50p3n5.txt,GLCT,3,4,6,3,1200.0,1,16.7,6,100.0,2,193.74,0.0,,,
BZ_h4s3f50p3n6.txt,GLCT,3,4,6,3,1200.0,0,0.0,6,100.0,3,284.21,0.0,,,
BZ_h4s3f50p3n7.txt,GLCT,3,4,6,2,1200.0,0,0.0,6,100.0,1,109.17,0.0,,,
BZ_h4s3f50p3n8.txt,GLCT,3,4,6,3,1200.0,0,0.0,6,100.0,3,330.86,0.0,,,
BZ_h4s3f50p3n9.txt,GLCT,3,4,6,3,1200.0,0,0.0,6,100.0,3,315.32,0.0,,,
BZ_h4s3f50p6n1.txt,GLCT,3,4,6,6,1200.0,0,0.0,6,100.0,5,547.13,0.0,,,
BZ_h4s3f50p6n10.txt,GLCT,3,4,6,6,1200.0,1,16.7,6,100.0,9,982.42,0.0,,,
BZ_h4s3f50p6n11.txt,GLCT,3,4,6,6,1200.0,0,0.0,6,100.0,5,545.67,0.0,,,
BZ_h4s3f50p6n12.txt,GLCT,3,4,6,6,1200.0,2,33.3,6,100.0,3,351.23,0.0,,,
BZ_h4s3f50p6n13.txt,GLCT,3,4,6,5,1200.0,1,16.7,6,100.0,1,99.99,0.0,,,
BZ_h4s3f50p6n14.txt,GLCT,3,4,6,6,1200.0,0,0.0,6,100.0,5,540.75,0.0,,,
BZ_h4s3f50p6n15.txt,GLCT,3,4,6,6,1200.0,0,0.0,6,100.0,7,765.49,0.0,,,
BZ_h4s3f50p6n16.txt,GLCT,3,4,6,5,1200.0,1,16.7,6,100.0,1,125.98,0.0,,,
BZ_h4s3f50p6n17.txt,GLCT,3,4,6,6,1200.0,2,33.3,6,100.0,3,351.23,0.0,,,
BZ_h4s3f50p6n18.txt,GLCT,3,4,6,6,1200.0,1,16.7,6,100.0,8,902.19,0.0,,,
BZ_h4s3f50p6n19.txt,GLCT,3,4,6,6,1200.0,1,16.7,6,100.0,1,110.47,0.0,,,
BZ_h4s3f50p6n2.txt,GLCT,3,4,6,6,1200.0,2,33.3,6,100.0,4,439.63,0.0,,,
BZ_h4s3f50p6n20.txt,GLCT,3,4,6,4,1200.0,0,0.0,6,100.0,1,102.58,0.0,,,
BZ_h4s3f50p6n3.txt,GLCT,3,4,6,5,1200.0,0,0.0,6,100.0,11,1192.90,0.0,,,
BZ_h4s3f50p6n4.txt,GLCT,3,4,6,5,1200.0,0,0.0,6,100.0,7,798.38,0.0,,,
BZ_h4s3f50p6n5.txt,GLCT,3,4,6,6,1200.0,2,33.3,6,100.0,8,890.18,0.0,,,
BZ_h4s3f50p6n6.txt,GLCT,3,4,6,6,1200.0,2,33.3,6,100.0,4,453.99,0.0,,,
BZ_h4s3f50p6n7.txt,GLCT,3,4,6,5,1200.0,0,0.0,6,100.0,9,972.40,0.0,,,
BZ_h4s3f50p6n8.txt,GLCT,3,4,6,6,1200.0,0,0.0,6,100.0,5,553.78,0.0,,,
BZ_h4s3f50p6n9.txt,GLCT,3,4,6,6,1200.0,0,0.0,6,100.0,3,348.38,0.0,,,
BZ_h4s3f70p2n1.txt,GLCT,3,4,8,2,1200.0,2,25.0,8,100.0,6,577.45,0.0,,,
BZ_h4s3f70p2n10.txt,GLCT,3,4,8,2,1200.0,3,37.5,8,100.0,2,200.05,0.0,,,
BZ_h4s3f70p2n11.txt,GLCT,3,4,8,2,1200.0,3,37.5,4,50.0,3,281.67,0.0,,,
BZ_h4s3f70p2n12.txt,GLCT,3,4,8,2,1200.0,0,0.0,8,100.0,3,288.27,0.0,,,
BZ_h4s3f70p2n13.txt,GLCT,3,4,8,2,1200.0,0,0.0,1,12.5,4,378.07,0.0,,,
BZ_h4s3f70p2n14.txt,GLCT,3,4,8,2,1200.0,2,25.0,8,100.0,4,379.60,0.0,,,
BZ_h4s3f70p2n15.txt,GLCT,3,4,8,2,1200.0,0,0.0,8,100.0,2,187.23,0.0,,,
BZ_h4s3f70p2n16.txt,GLCT,3,4,8,2,1200.0,1,12.5,8,100.0,1,110.47,0.0,,,
BZ_h4s3f70p2n17.txt,GLCT,3,4,8,2,1200.0,4,50.0,4,50.0,1,89.81,0.0,,,
BZ_h4s3f70p2n18.txt,GLCT,3,4,8,2,1200.0,5,62.5,5,62.5,1,104.17,0.0,,,
BZ_h4s3f70p2n19.txt,GLCT,3,4,8,2,1200.0,3,37.5,8,100.0,5,504.65,0.0,,,
BZ_h4s3f70p2n2.txt,GLCT,3,4,8,2,1200.0,0,0.0,8,100.0,3,284.58,0.0,,,
BZ_h4s3f70p2n20.txt,GLCT,3,4,8,2,1200.0,2,25.0,2,25.0,3,274.07,0.0,,,
BZ_h4s3f70p2n3.txt,GLCT,3,4,8,2,1200.0,2,25.0,8,100.0,1,88.54,0.0,,,
BZ_h4s3f70p2n4.txt,GLCT,3,4,8,2,1200.0,2,25.0,2,25.0,4,344.72,0.0,,,
BZ_h4s3f70p2n5.txt,GLCT,3,4,8,2,1200.0,5,62.5,5,62.5,1,105.47,0.0,,,
BZ_h4s3f70p2n6.txt,GLCT,3,4,8,2,1200.0,3,37.5,8,100.0,3,301.35,0.0,,,
BZ_h4s3f70p2n7.txt,GLCT,3,4,8,2,1200.0,2,25.0,8,100.0,2,187.02,0.0,,,
BZ_h4s3f70p2n8.txt,GLCT,3,4,8,2,1200.0,1,12.5,8,100.0,5,499.13,0.0,,,
BZ_h4s3f70p2n9.txt,GLCT,3,4,8,2,1200.0,0,0.0,8,100.0,1,101.32,0.0,,,
BZ_h4s3f70p3n1.txt,GLCT,3,4,8,3,1200.0,0,0.0,8,100.0,3,289.44,0.0,,,
BZ_h4s3f70p3n10.txt,GLCT,3,4,8,3,1200.0,2,25.0,8,100.0,1,102.99,0.0,,,
BZ_h4s3f70p3n11.txt,GLCT,3,4,8,3,1200.0,0,0.0,1,12.5,1,105.22,0.0,,,
BZ_h4s3f70p3n12.txt,GLCT,3,4,8,3,1200.0,1,12.5,1,12.5,0,0.00,0.0,,,
BZ_h4s3f70p3n13.txt,GLCT,3,4,8,3,1200.0,3,37.5,8,100.0,1,108.07,0.0,,,
BZ_h4s3f70p3n14.txt,GLCT,3,4,8,3,1200.0,1,12.5,8,100.0,4,362.77,0.0,,,
BZ_h4s3f70p3n15.txt,GLCT,3,4,8,3,1200.0,0,0.0,8,100.0,7,700.32,0.0,,,
BZ_h4s3f70p3n16.txt,GLCT,3,4,8,3,1200.0,3,37.5,3,37.5,2,178.30,0.0,,,
BZ_h4s3f70p3n17.txt,GLCT,3,4,8,3,1200.0,1,12.5,8,100.0,7,671.17,0.0,,,
BZ_h4s3f70p3n18.txt,GLCT,3,4,8,3,1200.0,0,0.0,8,100.0,8,740.86,0.0,,,
BZ_h4s3f70p3n19.txt,GLCT,3,4,8,3,1200.0,1,12.5,1,12.5,0,0.00,0.0,,,
BZ_h4s3f70p3n2.txt,GLCT,3,4,8,3,1200.0,1,12.5,8,100.0,1,96.39,0.0,,,
BZ_h4s3f70p3n20.txt,GLCT,3,4,8,3,1200.0,3,37.5,3,37.5,0,0.00,0.0,,,
BZ_h4s3f70p3n3.txt,GLCT,3,4,8,3,1200.0,4,50.0,8,100.0,2,219.55,0.0,,,
BZ_h4s3f70p3n4.txt,GLCT,3,4,8,3,1200.0,0,0.0,8,100.0,5,485.11,0.0,,,
BZ_h4s3f70p3n5.txt,GLCT,3,4,8,3,1200.0,0,0.0,2,25.0,3,288.27,0.0,,,
BZ_h4s3f70p3n6.txt,GLCT,3,4,8,3,1200.0,2,25.0,8,100.0,5,472.28,0.0,,,
BZ_h4s3f70p3n7.txt,GLCT,3,4,8,3,1200.0,0,0.0,8,100.0,5,507.40,0.0,,,
BZ_h4s3f70p3n8.txt,GLCT,3,4,8,3,1200.0,0,0.0,1,12.5,1,109.17,0.0,,,
BZ_h4s3f70p3n9.txt,GLCT,3,4,8,3,1200.0,0,0.0,8,100.0,6,575.72,0.0,,,
BZ_h4s3f70p6n1.txt,GLCT,3,4,8,6,1200.0,0,0.0,3,37.5,4,426.64,0.0,,,
BZ_h4s3f70p6n10.txt,GLCT,3,4,8,4,1200.0,2,25.0,5,62.5,4,407.08,0.0,,,
BZ_h4s3f70p6n11.txt,GLCT,3,4,8,5,1200.0,2,25.0,4,50.0,8,738.03,0.0,,,
BZ_h4s3f70p6n12.txt,GLCT,3,4,8,6,1200.0,1,12.5,8,100.0,3,288.27,0.0,,,
BZ_h4s3f70p6n13.txt,GLCT,3,4,8,6,1200.0,1,12.5,8,100.0,4,388.30,0.0,,,
BZ_h4s3f70p6n14.txt,GLCT,3,4,8,6,1200.0,2,25.0,5,62.5,7,718.56,0.0,,,
BZ_h4s3f70p6n15.txt,GLCT,3,4,8,4,1200.0,1,12.5,5,62.5,7,677.42,0.0,,,
BZ_h4s3f70p6n16.txt,GLCT,3,4,8,6,1200.0,6,75.0,8,100.0,4,402.00,0.0,,,
BZ_h4s3f70p6n17.txt,GLCT,3,4,8,6,1200.0,0,0.0,6,75.0,12,1171.12,0.0,,,
BZ_h4s3f70p6n18.txt,GLCT,3,4,8,6,1200.0,0,0.0,1,12.5,1,102.62,0.0,,,
BZ_h4s3f70p6n19.txt,GLCT,3,4,8,6,1200.0,0,0.0,8,100.0,2,184.64,0.0,,,
BZ_h4s3f70p6n2.txt,GLCT,3,4,8,6,1200.0,4,50.0,8,100.0,5,500.60,0.0,,,
BZ_h4s3f70p6n20.txt,GLCT,3,4,8,6,1200.0,3,37.5,3,37.5,0,0.00,0.0,,,
BZ_h4s3f70p6n3.txt,GLCT,3,4,8,6,1200.0,1,12.5,1,12.5,1,74.36,0.0,,,
BZ_h4s3f70p6n4.txt,GLCT,3,4,8,6,1200.0,0,0.0,2,25.0,5,456.87,0.0,,,
BZ_h4s3f70p6n5.txt,GLCT,3,4,8,5,1200.0,4,50.0,4,50.0,10,967.76,0.0,,,
BZ_h4s3f70p6n6.txt,GLCT,3,4,8,6,1200.0,1,12.5,1,12.5,0,0.00,0.0,,,
BZ_h4s3f70p6n7.txt,GLCT,3,4,8,5,1200.0,0,0.0,2,25.0,11,1002.76,0.0,,,
BZ_h4s3f70p6n8.txt,GLCT,3,4,8,6,1200.0,0,0.0,3,37.5,3,290.90,0.0,,,
BZ_h4s3f70p6n9.txt,GLCT,3,4,8,6,1200.0,0,0.0,8,100.0,2,182.02,0.0,,,
BZ_h4s5f50p2n1.txt,GLCT,5,4,10,2,1200.0,3,30.0,10,100.0,2,207.39,0.0,,,
BZ_h4s5f50p2n10.txt,GLCT,5,4,10,2,1200.0,4,40.0,10,100.0,4,455.53,0.0,,,
BZ_h4s5f50p2n11.txt,GLCT,5,4,10,2,1200.0,0,0.0,10,100.0,5,516.44,0.0,,,
BZ_h4s5f50p2n12.txt,GLCT,5,4,10,2,1200.0,0,0.0,10,100.0,5,569.69,0.0,,,
BZ_h4s5f50p2n13.txt,GLCT,5,4,10,2,1200.0,3,30.0,10,100.0,2,211.14,0.0,,,
BZ_h4s5f50p2n14.txt,GLCT,5,4,10,2,1200.0,1,10.0,10,100.0,3,300.87,0.0,,,
BZ_h4s5f50p2n15.txt,GLCT,5,4,10,2,1200.0,3,30.0,10,100.0,5,550.53,0.0,,,
BZ_h4s5f50p2n16.txt,GLCT,5,4,10,2,1200.0,2,20.0,10,100.0,2,219.26,0.0,,,
BZ_h4s5f50p2n17.txt,GLCT,5,4,10,2,1200.0,3,30.0,10,100.0,6,661.42,0.0,,,
BZ_h4s5f50p2n18.txt,GLCT,5,4,10,2,1200.0,2,20.0,10,100.0,6,654.80,0.0,,,
BZ_h4s5f50p2n19.txt,GLCT,5,4,10,2,1200.0,2,20.0,10,100.0,1,118.37,0.0,,,
BZ_h4s5f50p2n2.txt,GLCT,5,4,10,2,1200.0,3,30.0,10,100.0,1,117.94,0.0,,,
BZ_h4s5f50p2n20.txt,GLCT,5,4,10,2,1200.0,1,10.0,10,100.0,4,437.44,0.0,,,
BZ_h4s5f50p2n3.txt,GLCT,5,4,10,2,1200.0,2,20.0,10,100.0,3,301.16,0.0,,,
BZ_h4s5f50p2n4.txt,GLCT,5,4,10,2,1200.0,4,40.0,10,100.0,2,185.97,0.0,,,
BZ_h4s5f50p2n5.txt,GLCT,5,4,10,2,1200.0,6,60.0,10,100.0,4,436.88,0.0,,,
BZ_h4s5f50p2n6.txt,GLCT,5,4,10,2,1200.0,2,20.0,10,100.0,3,312.88,0.0,,,
BZ_h4s5f50p2n7.txt,GLCT,5,4,10,2,1200.0,1,10.0,10,100.0,2,220.02,0.0,,,
BZ_h4s5f50p2n8.txt,GLCT,5,4,10,2,1200.0,1,10.0,10,100.0,2,193.56,0.0,,,
BZ_h4s5f50p2n9.txt,GLCT,5,4,10,2,1200.0,5,50.0,10,100.0,1,105.52,0.0,,,
BZ_h4s5f50p3n1.txt,GLCT,5,4,10,3,1200.0,1,10.0,10,100.0,1,99.09,0.0,,,
BZ_h4s5f50p3n10.txt,GLCT,5,4,10,3,1200.0,1,10.0,10,100.0,4,454.86,0.0,,,
BZ_h4s5f50p3n11.txt,GLCT,5,4,10,3,1200.0,2,20.0,10,100.0,4,461.97,0.0,,,
BZ_h4s5f50p3n12.txt,GLCT,5,4,10,3,1200.0,3,30.0,10,100.0,1,119.45,0.0,,,
BZ_h4s5f50p3n13.txt,GLCT,5,4,10,3,1200.0,6,60.0,10,100.0,2,251.49,0.0,,,
BZ_h4s5f50p3n14.txt,GLCT,5,4,10,3,1200.0,3,30.0,10,100.0,2,179.56,0.0,,,
BZ_h4s5f50p3n15.txt,GLCT,5,4,10,3,1200.0,2,20.0,10,100.0,5,555.01,0.0,,,
BZ_h4s5f50p3n16.txt,GLCT,5,4,10,3,1200.0,1,10.0,10,100.0,9,961.34,0.0,,,
BZ_h4s5f50p3n17.txt,GLCT,5,4,10,3,1200.0,3,30.0,10,100.0,2,230.38,0.0,,,
BZ_h4s5f50p3n18.txt,GLCT,5,4,10,3,1200.0,0,0.0,10,100.0,7,753.55,0.0,,,
BZ_h4s5f50p3n19.txt,GLCT,5,4,10,3,1200.0,1,10.0,10,100.0,4,449.27,0.0,,,
BZ_h4s5f50p3n2.txt,GLCT,5,4,10,3,1200.0,2,20.0,10,100.0,3,322.50,0.0,,,
BZ_h4s5f50p3n20.txt,GLCT,5,4,10,3,1200.0,1,10.0,10,100.0,7,721.10,0.0,,,
BZ_h4s5f50p3n3.txt,GLCT,5,4,10,3,1200.0,4,40.0,10,100.0,3,336.96,0.0,,,
BZ_h4s5f50p3n4.txt,GLCT,5,4,10,3,1200.0,3,30.0,10,100.0,5,509.81,0.0,,,
BZ_h4s5f50p3n5.txt,GLCT,5,4,10,3,1200.0,4,40.0,10,100.0,5,612.08,0.0,,,
BZ_h4s5f50p3n6.txt,GLCT,5,4,10,3,1200.0,1,10.0,10,100.0,4,467.63,0.0,,,
BZ_h4s5f50p3n7.txt,GLCT,5,4,10,3,1200.0,5,50.0,10,100.0,5,625.93,0.0,,,
BZ_h4s5f50p3n8.txt,GLCT,5,4,10,3,1200.0,3,30.0,10,100.0,2,211.14,0.0,,,
BZ_h4s5f50p3n9.txt,GLCT,5,4,10,3,1200.0,5,50.0,10,100.0,7,797.68,0.0,,,
BZ_h4s5f50p6n1.txt,GLCT,5,4,10,5,1200.0,3,30.0,10,100.0,3,338.21,0.0,,,
BZ_h4s5f50p6n10.txt,GLCT,5,4,10,6,1200.0,4,40.0,10,100.0,2,209.47,0.0,,,
BZ_h4s5f50p6n11.txt,GLCT,5,4,10,6,1200.0,2,20.0,10,100.0,8,924.92,0.0,,,
BZ_h4s5f50p6n12.txt,GLCT,5,4,10,6,1200.0,0,0.0,10,100.0,3,357.63,0.0,,,
BZ_h4s5f50p6n13.txt,GLCT,5,4,10,6,1200.0,2,20.0,10,100.0,8,924.41,0.0,,,
BZ_h4s5f50p6n14.txt,GLCT,5,4,10,6,1200.0,2,20.0,10,100.0,8,907.52,0.0,,,
BZ_h4s5f50p6n15.txt,GLCT,5,4,10,5,1200.0,0,0.0,10,100.0,8,931.44,0.0,,,
BZ_h4s5f50p6n16.txt,GLCT,5,4,10,6,1200.0,3,30.0,10,100.0,2,224.35,0.0,,,
BZ_h4s5f50p6n17.txt,GLCT,5,4,10,6,1200.0,0,0.0,10,100.0,10,1102.55,0.0,,,
BZ_h4s5f50p6n18.txt,GLCT,5,4,10,6,1200.0,0,0.0,10,100.0,5,529.42,0.0,,,
BZ_h4s5f50p6n19.txt,GLCT,5,4,10,6,1200.0,1,10.0,10,100.0,3,363.56,0.0,,,
BZ_h4s5f50p6n2.txt,GLCT,5,4,10,6,1200.0,2,20.0,10,100.0,2,199.06,0.0,,,
BZ_h4s5f50p6n20.txt,GLCT,5,4,10,5,1200.0,2,20.0,10,100.0,3,344.08,0.0,,,
BZ_h4s5f50p6n3.txt,GLCT,5,4,10,6,1200.0,3,30.0,10,100.0,4,474.41,0.0,,,
BZ_h4s5f50p6n4.txt,GLCT,5,4,10,6,1200.0,0,0.0,8,80.0,10,1137.46,0.0,,,
BZ_h4s5f50p6n5.txt,GLCT,5,4,10,6,1200.0,0,0.0,10,100.0,1,113.20,0.0,,,
BZ_h4s5f50p6n6.txt,GLCT,5,4,10,6,1200.0,1,10.0,10,100.0,6,681.97,0.0,,,
BZ_h4s5f50p6n7.txt,GLCT,5,4,10,6,1200.0,0,0.0,6,60.0,10,1090.91,0.0,,,
BZ_h4s5f50p6n8.txt,GLCT,5,4,10,6,1200.0,1,10.0,10,100.0,9,1014.15,0.0,,,
BZ_h4s5f50p6n9.txt,GLCT,5,4,10,6,1200.0,0,0.0,10,100.0,9,1008.97,0.0,,,
BZ_h4s5f70p2n1.txt,GLCT,5,4,14,2,1200.0,4,28.6,14,100.0,4,327.42,0.0,,,
BZ_h4s5f70p2n10.txt,GLCT,5,4,14,2,1200.0,4,28.6,14,100.0,2,193.81,0.0,,,
BZ_h4s5f70p2n11.txt,GLCT,5,4,14,2,1200.0,4,28.6,14,100.0,5,438.03,0.0,,,
BZ_h4s5f70p2n12.txt,GLCT,5,4,14,2,1200.0,3,21.4,14,100.0,2,191.30,0.0,,,
BZ_h4s5f70p2n13.txt,GLCT,5,4,14,2,1200.0,2,14.3,14,100.0,4,407.30,0.0,,,
BZ_h4s5f70p2n14.txt,GLCT,5,4,14,2,1200.0,4,28.6,14,100.0,7,683.23,0.0,,,
BZ_h4s5f70p2n15.txt,GLCT,5,4,14,2,1200.0,6,42.9,14,100.0,4,414.94,0.0,,,
BZ_h4s5f70p2n16.txt,GLCT,5,4,14,2,1200.0,8,57.1,11,78.6,8,737.12,0.0,,,
BZ_h4s5f70p2n17.txt,GLCT,5,4,14,2,1200.0,5,35.7,14,100.0,5,470.16,0.0,,,
BZ_h4s5f70p2n18.txt,GLCT,5,4,14,2,1200.0,7,50.0,14,100.0,5,493.01,0.0,,,
BZ_h4s5f70p2n19.txt,GLCT,5,4,14,2,1200.0,1,7.1,14,100.0,2,192.55,0.0,,,
BZ_h4s5f70p2n2.txt,GLCT,5,4,14,2,1200.0,9,64.3,14,100.0,1,106.69,0.0,,,
BZ_h4s5f70p2n20.txt,GLCT,5,4,14,2,1200.0,4,28.6,14,100.0,2,171.61,0.0,,,
BZ_h4s5f70p2n3.txt,GLCT,5,4,14,2,1200.0,3,21.4,14,100.0,5,516.27,0.0,,,
BZ_h4s5f70p2n4.txt,GLCT,5,4,14,2,1200.0,7,50.0,14,100.0,1,107.51,0.0,,,
BZ_h4s5f70p2n5.txt,GLCT,5,4,14,2,1200.0,6,42.9,14,100.0,5,503.08,0.0,,,
BZ_h4s5f70p2n6.txt,GLCT,5,4,14,2,1200.0,1,7.1,14,100.0,2,199.90,0.0,,,
BZ_h4s5f70p2n7.txt,GLCT,5,4,14,2,1200.0,3,21.4,14,100.0,10,1049.12,0.0,,,
BZ_h4s5f70p2n8.txt,GLCT,5,4,14,2,1200.0,4,28.6,14,100.0,8,821.13,0.0,,,
BZ_h4s5f70p2n9.txt,GLCT,5,4,14,2,1200.0,2,14.3,14,100.0,8,803.96,0.0,,,
BZ_h4s5f70p3n1.txt,GLCT,5,4,14,3,1200.0,1,7.1,14,100.0,10,1001.57,0.0,,,
BZ_h4s5f70p3n10.txt,GLCT,5,4,14,3,1200.0,5,35.7,14,100.0,4,464.77,0.0,,,
BZ_h4s5f70p3n11.txt,GLCT,5,4,14,3,1200.0,1,7.1,14,100.0,11,1125.57,0.0,,,
BZ_h4s5f70p3n12.txt,GLCT,5,4,14,3,1200.0,3,21.4,9,64.3,9,929.98,0.0,,,
BZ_h4s5f70p3n13.txt,GLCT,5,4,14,3,1200.0,4,28.6,14,100.0,7,712.84,0.0,,,
BZ_h4s5f70p3n14.txt,GLCT,5,4,14,3,1200.0,1,7.1,14,100.0,5,463.41,0.0,,,
BZ_h4s5f70p3n15.txt,GLCT,5,4,14,3,1200.0,0,0.0,14,100.0,10,1074.19,0.0,,,
BZ_h4s5f70p3n16.txt,GLCT,5,4,14,3,1200.0,4,28.6,14,100.0,9,846.05,0.0,,,
BZ_h4s5f70p3n17.txt,GLCT,5,4,14,3,1200.0,1,7.1,9,64.3,11,1151.11,0.0,,,
BZ_h4s5f70p3n18.txt,GLCT,5,4,14,3,1200.0,2,14.3,14,100.0,10,1055.25,0.0,,,
BZ_h4s5f70p3n19.txt,GLCT,5,4,14,3,1200.0,3,21.4,10,71.4,10,1022.09,0.0,,,
BZ_h4s5f70p3n2.txt,GLCT,5,4,14,3,1200.0,3,21.4,14,100.0,11,1082.76,0.0,,,
BZ_h4s5f70p3n20.txt,GLCT,5,4,14,3,1200.0,8,57.1,14,100.0,5,518.57,0.0,,,
BZ_h4s5f70p3n3.txt,GLCT,5,4,14,3,1200.0,3,21.4,14,100.0,4,387.84,0.0,,,
BZ_h4s5f70p3n4.txt,GLCT,5,4,14,3,1200.0,3,21.4,14,100.0,4,394.89,0.0,,,
BZ_h4s5f70p3n5.txt,GLCT,5,4,14,3,1200.0,1,7.1,14,100.0,10,994.82,0.0,,,
BZ_h4s5f70p3n6.txt,GLCT,5,4,14,3,1200.0,1,7.1,14,100.0,11,1122.28,0.0,,,
BZ_h4s5f70p3n7.txt,GLCT,5,4,14,3,1200.0,3,21.4,14,100.0,9,879.86,0.0,,,
BZ_h4s5f70p3n8.txt,GLCT,5,4,14,3,1200.0,5,35.7,14,100.0,5,504.50,0.0,,,
BZ_h4s5f70p3n9.txt,GLCT,5,4,14,3,1200.0,2,14.3,14,100.0,8,808.73,0.0,,,
BZ_h4s5f70p6n1.txt,GLCT,5,4,14,6,1200.0,0,0.0,10,71.4,11,1095.99,0.0,,,
BZ_h4s5f70p6n10.txt,GLCT,5,4,14,6,1200.0,2,14.3,5,35.7,10,1034.59,0.0,,,
BZ_h4s5f70p6n11.txt,GLCT,5,4,14,6,1200.0,0,0.0,11,78.6,11,1138.20,0.0,,,
BZ_h4s5f70p6n12.txt,GLCT,5,4,14,6,1200.0,2,14.3,8,57.1,9,962.28,0.0,,,
BZ_h4s5f70p6n13.txt,GLCT,5,4,14,6,1200.0,0,0.0,14,100.0,6,666.42,0.0,,,
BZ_h4s5f70p6n14.txt,GLCT,5,4,14,5,1200.0,2,14.3,14,100.0,6,639.34,0.0,,,
BZ_h4s5f70p6n15.txt,GLCT,5,4,14,6,1200.0,0,0.0,7,50.0,5,448.15,0.0,,,
BZ_h4s5f70p6n16.txt,GLCT,5,4,14,6,1200.0,1,7.1,14,100.0,5,506.98,0.0,,,
BZ_h4s5f70p6n17.txt,GLCT,5,4,14,6,1200.0,1,7.1,7,50.0,8,763.55,0.0,,,
BZ_h4s5f70p6n18.txt,GLCT,5,4,14,6,1200.0,0,0.0,9,64.3,12,1199.52,0.0,,,
BZ_h4s5f70p6n19.txt,GLCT,5,4,14,6,1200.0,2,14.3,14,100.0,5,523.94,0.0,,,
BZ_h4s5f70p6n2.txt,GLCT,5,4,14,6,1200.0,3,21.4,14,100.0,9,907.54,0.0,,,
BZ_h4s5f70p6n20.txt,GLCT,5,4,14,6,1200.0,0,0.0,14,100.0,9,896.45,0.0,,,
BZ_h4s5f70p6n3.txt,GLCT,5,4,14,6,1200.0,0,0.0,14,100.0,10,1025.05,0.0,,,
BZ_h4s5f70p6n4.txt,GLCT,5,4,14,6,1200.0,3,21.4,14,100.0,10,981.97,0.0,,,
BZ_h4s5f70p6n5.txt,GLCT,5,4,14,6,1200.0,0,0.0,12,85.7,10,983.76,0.0,,,
BZ_h4s5f70p6n6.txt,GLCT,5,4,14,6,1200.0,4,28.6,10,71.4,10,998.23,0.0,,,
BZ_h4s5f70p6n7.txt,GLCT,5,4,14,6,1200.0,0,0.0,8,57.1,13,1170.00,0.0,,,
BZ_h4s5f70p6n8.txt,GLCT,5,4,14,6,1200.0,4,28.6,14,100.0,4,414.33,0.0,,,
BZ_h4s5f70p6n9.txt,GLCT,5,4,14,6,1200.0,1,7.1,8,57.1,12,1190.07,0.0,,,
BZ_h4s7f50p2n1.txt,GLCT,7,4,14,2,1200.0,7,50.0,14,100.0,3,329.61,0.0,,,
BZ_h4s7f50p2n10.txt,GLCT,7,4,14,2,1200.0,5,35.7,14,100.0,2,218.84,0.0,,,
BZ_h4s7f50p2n11.txt,GLCT,7,4,14,2,1200.0,5,35.7,14,100.0,1,107.68,0.0,,,
BZ_h4s7f50p2n12.txt,GLCT,7,4,14,2,1200.0,5,35.7,14,100.0,2,192.55,0.0,,,
BZ_h4s7f50p2n13.txt,GLCT,7,4,14,2,1200.0,3,21.4,14,100.0,7,752.05,0.0,,,
BZ_h4s7f50p2n14.txt,GLCT,7,4,14,2,1200.0,2,14.3,14,100.0,5,519.33,0.0,,,
BZ_h4s7f50p2n15.txt,GLCT,7,4,14,2,1200.0,7,50.0,14,100.0,7,734.48,0.0,,,
BZ_h4s7f50p2n16.txt,GLCT,7,4,14,2,1200.0,2,14.3,14,100.0,3,333.42,0.0,,,
BZ_h4s7f50p2n17.txt,GLCT,7,4,14,2,1200.0,3,21.4,14,100.0,8,899.22,0.0,,,
BZ_h4s7f50p2n18.txt,GLCT,7,4,14,2,1200.0,5,35.7,14,100.0,5,541.51,0.0,,,
BZ_h4s7f50p2n19.txt,GLCT,7,4,14,2,1200.0,4,28.6,14,100.0,6,681.49,0.0,,,
BZ_h4s7f50p2n2.txt,GLCT,7,4,14,2,1200.0,6,42.9,14,100.0,1,93.95,0.0,,,
BZ_h4s7f50p2n20.txt,GLCT,7,4,14,2,1200.0,5,35.7,14,100.0,2,193.05,0.0,,,
BZ_h4s7f50p2n3.txt,GLCT,7,4,14,2,1200.0,8,57.1,14,100.0,3,334.68,0.0,,,
BZ_h4s7f50p2n4.txt,GLCT,7,4,14,2,1200.0,3,21.4,14,100.0,2,193.39,0.0,,,
BZ_h4s7f50p2n5.txt,GLCT,7,4,14,2,1200.0,3,21.4,14,100.0,2,192.29,0.0,,,
BZ_h4s7f50p2n6.txt,GLCT,7,4,14,2,1200.0,3,21.4,14,100.0,6,611.74,0.0,,,
BZ_h4s7f50p2n7.txt,GLCT,7,4,14,2,1200.0,3,21.4,14,100.0,6,685.88,0.0,,,
BZ_h4s7f50p2n8.txt,GLCT,7,4,14,2,1200.0,4,28.6,14,100.0,2,218.10,0.0,,,
BZ_h4s7f50p2n9.txt,GLCT,7,4,14,2,1200.0,7,50.0,14,100.0,2,240.07,0.0,,,
BZ_h4s7f50p3n1.txt,GLCT,7,4,14,3,1200.0,3,21.4,14,100.0,10,1072.14,0.0,,,
BZ_h4s7f50p3n10.txt,GLCT,7,4,14,3,1200.0,1,7.1,14,100.0,3,322.98,0.0,,,
BZ_h4s7f50p3n11.txt,GLCT,7,4,14,3,1200.0,4,28.6,14,100.0,6,656.11,0.0,,,
BZ_h4s7f50p3n12.txt,GLCT,7,4,14,3,1200.0,2,14.3,14,100.0,7,781.82,0.0,,,
BZ_h4s7f50p3n13.txt,GLCT,7,4,14,3,1200.0,4,28.6,14,100.0,5,605.60,0.0,,,
BZ_h4s7f50p3n14.txt,GLCT,7,4,14,3,1200.0,1,7.1,14,100.0,9,1002.03,0.0,,,
BZ_h4s7f50p3n15.txt,GLCT,7,4,14,3,1200.0,1,7.1,14,100.0,5,560.79,0.0,,,
BZ_h4s7f50p3n16.txt,GLCT,7,4,14,3,1200.0,2,14.3,14,100.0,3,286.80,0.0,,,
BZ_h4s7f50p3n17.txt,GLCT,7,4,14,3,1200.0,2,14.3,14,100.0,3,339.67,0.0,,,
BZ_h4s7f50p3n18.txt,GLCT,7,4,14,3,1200.0,8,57.1,14,100.0,2,245.15,0.0,,,
BZ_h4s7f50p3n19.txt,GLCT,7,4,14,3,1200.0,3,21.4,14,100.0,7,756.23,0.0,,,
BZ_h4s7f50p3n2.txt,GLCT,7,4,14,3,1200.0,5,35.7,14,100.0,8,852.28,0.0,,,
BZ_h4s7f50p3n20.txt,GLCT,7,4,14,3,1200.0,2,14.3,14,100.0,5,523.58,0.0,,,
BZ_h4s7f50p3n3.txt,GLCT,7,4,14,3,1200.0,1,7.1,14,100.0,10,1066.17,0.0,,,
BZ_h4s7f50p3n4.txt,GLCT,7,4,14,3,1200.0,3,21.4,14,100.0,8,883.89,0.0,,,
BZ_h4s7f50p3n5.txt,GLCT,7,4,14,3,1200.0,4,28.6,14,100.0,7,789.32,0.0,,,
BZ_h4s7f50p3n6.txt,GLCT,7,4,14,3,1200.0,5,35.7,14,100.0,4,417.20,0.0,,,
BZ_h4s7f50p3n7.txt,GLCT,7,4,14,3,1200.0,2,14.3,14,100.0,2,220.70,0.0,,,
BZ_h4s7f50p3n8.txt,GLCT,7,4,14,3,1200.0,0,0.0,14,100.0,4,426.49,0.0,,,
BZ_h4s7f50p3n9.txt,GLCT,7,4,14,3,1200.0,7,50.0,14,100.0,3,314.30,0.0,,,
BZ_h4s7f50p6n1.txt,GLCT,7,4,14,5,1200.0,2,14.3,14,100.0,9,920.34,0.0,,,
BZ_h4s7f50p6n10.txt,GLCT,7,4,14,6,1200.0,1,7.1,14,100.0,6,675.84,0.0,,,
BZ_h4s7f50p6n11.txt,GLCT,7,4,14,6,1200.0,1,7.1,14,100.0,7,735.00,0.0,,,
BZ_h4s7f50p6n12.txt,GLCT,7,4,14,6,1200.0,3,21.4,14,100.0,5,555.05,0.0,,,
BZ_h4s7f50p6n13.txt,GLCT,7,4,14,6,1200.0,0,0.0,14,100.0,7,789.37,0.0,,,
BZ_h4s7f50p6n14.txt,GLCT,7,4,14,6,1200.0,5,35.7,14,100.0,2,216.91,0.0,,,
BZ_h4s7f50p6n15.txt,GLCT,7,4,14,6,1200.0,0,0.0,7,50.0,10,1101.14,0.0,,,
BZ_h4s7f50p6n16.txt,GLCT,7,4,14,6,1200.0,2,14.3,14,100.0,5,604.92,0.0,,,
BZ_h4s7f50p6n17.txt,GLCT,7,4,14,6,1200.0,2,14.3,14,100.0,10,1129.54,0.0,,,
BZ_h4s7f50p6n18.txt,GLCT,7,4,14,6,1200.0,0,0.0,14,100.0,6,677.74,0.0,,,
BZ_h4s7f50p6n19.txt,GLCT,7,4,14,6,1200.0,0,0.0,14,100.0,7,829.87,0.0,,,
BZ_h4s7f50p6n2.txt,GLCT,7,4,14,6,1200.0,4,28.6,14,100.0,1,125.16,0.0,,,
BZ_h4s7f50p6n20.txt,GLCT,7,4,14,6,1200.0,1,7.1,14,100.0,9,1004.89,0.0,,,
BZ_h4s7f50p6n3.txt,GLCT,7,4,14,6,1200.0,1,7.1,14,100.0,9,991.82,0.0,,,
BZ_h4s7f50p6n4.txt,GLCT,7,4,14,6,1200.0,5,35.7,14,100.0,7,768.98,0.0,,,
BZ_h4s7f50p6n5.txt,GLCT,7,4,14,6,1200.0,1,7.1,14,100.0,2,224.82,0.0,,,
BZ_h4s7f50p6n6.txt,GLCT,7,4,14,6,1200.0,5,35.7,11,78.6,10,1099.63,0.0,,,
BZ_h4s7f50p6n7.txt,GLCT,7,4,14,6,1200.0,0,0.0,14,100.0,5,573.33,0.0,,,
BZ_h4s7f50p6n8.txt,GLCT,7,4,14,6,1200.0,0,0.0,11,78.6,9,979.53,0.0,,,
BZ_h4s7f50p6n9.txt,GLCT,7,4,14,6,1200.0,3,21.4,14,100.0,8,934.60,0.0,,,
BZ_h4s7f70p2n1.txt,GLCT,7,4,19,2,1200.0,8,42.1,19,100.0,4,451.64,0.0,,,
BZ_h4s7f70p2n10.txt,GLCT,7,4,19,2,1200.0,8,42.1,19,100.0,1,101.56,0.0,,,
BZ_h4s7f70p2n11.txt,GLCT,7,4,19,2,1200.0,4,21.1,19,100.0,5,524.04,0.0,,,
BZ_h4s7f70p2n12.txt,GLCT,7,4,19,2,1200.0,5,26.3,19,100.0,6,580.90,0.0,,,
BZ_h4s7f70p2n13.txt,GLCT,7,4,19,2,1200.0,8,42.1,19,100.0,7,685.30,0.0,,,
BZ_h4s7f70p2n14.txt,GLCT,7,4,19,2,1200.0,4,21.1,19,100.0,2,193.10,0.0,,,
BZ_h4s7f70p2n15.txt,GLCT,7,4,19,2,1200.0,7,36.8,19,100.0,7,744.40,0.0,,,
BZ_h4s7f70p2n16.txt,GLCT,7,4,19,2,1200.0,4,21.1,10,52.6,11,1174.82,0.0,,,
BZ_h4s7f70p2n17.txt,GLCT,7,4,19,2,1200.0,4,21.1,19,100.0,3,277.91,0.0,,,
BZ_h4s7f70p2n18.txt,GLCT,7,4,19,2,1200.0,1,5.3,19,100.0,11,1146.71,0.0,,,
BZ_h4s7f70p2n19.txt,GLCT,7,4,19,2,1200.0,4,21.1,19,100.0,7,777.69,0.0,,,
BZ_h4s7f70p2n2.txt,GLCT,7,4,19,2,1200.0,4,21.1,19,100.0,9,1062.76,0.0,,,
BZ_h4s7f70p2n20.txt,GLCT,7,4,19,2,1200.0,5,26.3,19,100.0,11,1124.61,0.0,,,
BZ_h4s7f70p2n3.txt,GLCT,7,4,19,2,1200.0,9,47.4,19,100.0,2,184.55,0.0,,,
BZ_h4s7f70p2n4.txt,GLCT,7,4,19,2,1200.0,6,31.6,19,100.0,6,599.89,0.0,,,
BZ_h4s7f70p2n5.txt,GLCT,7,4,19,2,1200.0,8,42.1,19,100.0,1,95.87,0.0,,,
BZ_h4s7f70p2n6.txt,GLCT,7,4,19,2,1200.0,2,10.5,9,47.4,10,1107.95,0.0,,,
BZ_h4s7f70p2n7.txt,GLCT,7,4,19,2,1200.0,9,47.4,19,100.0,9,962.36,0.0,,,
BZ_h4s7f70p2n8.txt,GLCT,7,4,19,2,1200.0,10,52.6,19,100.0,2,215.24,0.0,,,
BZ_h4s7f70p2n9.txt,GLCT,7,4,19,2,1200.0,4,21.1,19,100.0,2,193.92,0.0,,,
BZ_h4s7f70p3n1.txt,GLCT,7,4,19,3,1200.0,4,21.1,19,100.0,2,213.04,0.0,,,
BZ_h4s7f70p3n10.txt,GLCT,7,4,19,3,1200.0,4,21.1,19,100.0,10,1107.01,0.0,,,
BZ_h4s7f70p3n11.txt,GLCT,7,4,19,3,1200.0,3,15.8,19,100.0,8,898.91,0.0,,,
BZ_h4s7f70p3n12.txt,GLCT,7,4,19,3,1200.0,4,21.1,19,100.0,5,523.69,0.0,,,
BZ_h4s7f70p3n13.txt,GLCT,7,4,19,3,1200.0,2,10.5,19,100.0,3,301.85,0.0,,,
BZ_h4s7f70p3n14.txt,GLCT,7,4,19,3,1200.0,10,52.6,19,100.0,8,814.05,0.0,,,
BZ_h4s7f70p3n15.txt,GLCT,7,4,19,3,1200.0,2,10.5,19,100.0,11,1197.93,0.0,,,
BZ_h4s7f70p3n16.txt,GLCT,7,4,19,3,1200.0,1,5.3,12,63.2,11,1194.73,0.0,,,
BZ_h4s7f70p3n17.txt,GLCT,7,4,19,3,1200.0,3,15.8,11,57.9,11,1193.13,0.0,,,
BZ_h4s7f70p3n18.txt,GLCT,7,4,19,3,1200.0,6,31.6,19,100.0,10,1107.06,0.0,,,
BZ_h4s7f70p3n19.txt,GLCT,7,4,19,3,1200.0,9,47.4,19,100.0,7,756.44,0.0,,,
BZ_h4s7f70p3n2.txt,GLCT,7,4,19,3,1200.0,0,0.0,19,100.0,7,746.00,0.0,,,
BZ_h4s7f70p3n20.txt,GLCT,7,4,19,3,1200.0,6,31.6,11,57.9,10,1134.93,0.0,,,
BZ_h4s7f70p3n3.txt,GLCT,7,4,19,3,1200.0,4,21.1,12,63.2,11,1145.12,0.0,,,
BZ_h4s7f70p3n4.txt,GLCT,7,4,19,3,1200.0,1,5.3,19,100.0,3,315.93,0.0,,,
BZ_h4s7f70p3n5.txt,GLCT,7,4,19,3,1200.0,1,5.3,19,100.0,10,1080.86,0.0,,,
BZ_h4s7f70p3n6.txt,GLCT,7,4,19,3,1200.0,4,21.1,19,100.0,9,931.71,0.0,,,
BZ_h4s7f70p3n7.txt,GLCT,7,4,19,3,1200.0,5,26.3,19,100.0,9,1001.11,0.0,,,
BZ_h4s7f70p3n8.txt,GLCT,7,4,19,3,1200.0,2,10.5,8,42.1,10,1127.35,0.0,,,
BZ_h4s7f70p3n9.txt,GLCT,7,4,19,3,1200.0,4,21.1,19,100.0,10,1077.23,0.0,,,
BZ_h4s7f70p6n1.txt,GLCT,7,4,19,6,1200.0,2,10.5,10,52.6,11,1192.91,0.0,,,
BZ_h4s7f70p6n10.txt,GLCT,7,4,19,6,1200.0,1,5.3,11,57.9,10,1028.99,0.0,,,
BZ_h4s7f70p6n11.txt,GLCT,7,4,19,6,1200.0,1,5.3,11,57.9,10,1013.73,0.0,,,
BZ_h4s7f70p6n12.txt,GLCT,7,4,19,6,1200.0,3,15.8,14,73.7,11,1137.24,0.0,,,
BZ_h4s7f70p6n13.txt,GLCT,7,4,19,6,1200.0,0,0.0,11,57.9,11,1195.82,0.0,,,
BZ_h4s7f70p6n14.txt,GLCT,7,4,19,6,1200.0,0,0.0,13,68.4,9,890.31,0.0,,,
BZ_h4s7f70p6n15.txt,GLCT,7,4,19,6,1200.0,2,10.5,11,57.9,11,1111.17,0.0,,,
BZ_h4s7f70p6n16.txt,GLCT,7,4,19,6,1200.0,0,0.0,9,47.4,11,1198.14,0.0,,,
BZ_h4s7f70p6n17.txt,GLCT,7,4,19,6,1200.0,2,10.5,19,100.0,7,739.14,0.0,,,
BZ_h4s7f70p6n18.txt,GLCT,7,4,19,6,1200.0,0,0.0,7,36.8,11,1136.45,0.0,,,
BZ_h4s7f70p6n19.txt,GLCT,7,4,19,6,1200.0,0,0.0,13,68.4,11,1194.16,0.0,,,
BZ_h4s7f70p6n2.txt,GLCT,7,4,19,6,1200.0,1,5.3,8,42.1,9,1080.19,0.0,,,
BZ_h4s7f70p6n20.txt,GLCT,7,4,19,6,1200.0,2,10.5,19,100.0,10,1003.70,0.0,,,
BZ_h4s7f70p6n3.txt,GLCT,7,4,19,6,1200.0,2,10.5,9,47.4,11,1165.36,0.0,,,
BZ_h4s7f70p6n4.txt,GLCT,7,4,19,6,1200.0,1,5.3,19,100.0,8,793.16,0.0,,,
BZ_h4s7f70p6n5.txt,GLCT,7,4,19,6,1200.0,0,0.0,19,100.0,9,945.65,0.0,,,
BZ_h4s7f70p6n6.txt,GLCT,7,4,19,6,1200.0,3,15.8,8,42.1,10,999.34,0.0,,,
BZ_h4s7f70p6n7.txt,GLCT,7,4,19,6,1200.0,0,0.0,16,84.2,9,913.85,0.0,,,
BZ_h4s7f70p6n8.txt,GLCT,7,4,19,6,1200.0,1,5.3,19,100.0,5,517.87,0.0,,,
BZ_h4s7f70p6n9.txt,GLCT,7,4,19,6,1200.0,1,5.3,15,78.9,10,990.58,0.0,,,
BZ_h4s9f50p2n1.txt,GLCT,9,4,18,2,1200.0,6,33.3,18,100.0,2,225.37,0.0,,,
BZ_h4s9f50p2n10.txt,GLCT,9,4,18,2,1200.0,8,44.4,18,100.0,3,319.37,0.0,,,
BZ_h4s9f50p2n11.txt,GLCT,9,4,18,2,1200.0,1,5.6,18,100.0,4,428.82,0.0,,,
BZ_h4s9f50p2n12.txt,GLCT,9,4,18,2,1200.0,3,16.7,18,100.0,4,434.52,0.0,,,
BZ_h4s9f50p2n13.txt,GLCT,9,4,18,2,1200.0,7,38.9,18,100.0,5,553.90,0.0,,,
BZ_h4s9f50p2n14.txt,GLCT,9,4,18,2,1200.0,9,50.0,18,100.0,2,221.12,0.0,,,
BZ_h4s9f50p2n15.txt,GLCT,9,4,18,2,1200.0,6,33.3,18,100.0,1,126.67,0.0,,,
BZ_h4s9f50p2n16.txt,GLCT,9,4,18,2,1200.0,5,27.8,18,100.0,5,511.28,0.0,,,
BZ_h4s9f50p2n17.txt,GLCT,9,4,18,2,1200.0,6,33.3,18,100.0,4,420.06,0.0,,,
BZ_h4s9f50p2n18.txt,GLCT,9,4,18,2,1200.0,3,16.7,18,100.0,5,544.15,0.0,,,
BZ_h4s9f50p2n19.txt,GLCT,9,4,18,2,1200.0,4,22.2,18,100.0,4,450.26,0.0,,,
BZ_h4s9f50p2n2.txt,GLCT,9,4,18,2,1200.0,2,11.1,18,100.0,3,304.29,0.0,,,
BZ_h4s9f50p2n20.txt,GLCT,9,4,18,2,1200.0,3,16.7,18,100.0,2,208.51,0.0,,,
BZ_h4s9f50p2n3.txt,GLCT,9,4,18,2,1200.0,8,44.4,18,100.0,4,425.29,0.0,,,
BZ_h4s9f50p2n4.txt,GLCT,9,4,18,2,1200.0,7,38.9,18,100.0,8,888.86,0.0,,,
BZ_h4s9f50p2n5.txt,GLCT,9,4,18,2,1200.0,7,38.9,18,100.0,2,203.60,0.0,,,
BZ_h4s9f50p2n6.txt,GLCT,9,4,18,2,1200.0,6,33.3,18,100.0,7,768.40,0.0,,,
BZ_h4s9f50p2n7.txt,GLCT,9,4,18,2,1200.0,9,50.0,18,100.0,1,102.58,0.0,,,
BZ_h4s9f50p2n8.txt,GLCT,9,4,18,2,1200.0,7,38.9,18,100.0,3,322.43,0.0,,,
BZ_h4s9f50p2n9.txt,GLCT,9,4,18,2,1200.0,10,55.6,18,100.0,3,380.44,0.0,,,
BZ_h4s9f50p3n1.txt,GLCT,9,4,18,3,1200.0,5,27.8,18,100.0,10,1192.23,0.0,,,
BZ_h4s9f50p3n10.txt,GLCT,9,4,18,3,1200.0,0,0.0,18,100.0,9,978.80,0.0,,,
BZ_h4s9f50p3n11.txt,GLCT,9,4,18,3,1200.0,5,27.8,18,100.0,6,635.85,0.0,,,
BZ_h4s9f50p3n12.txt,GLCT,9,4,18,3,1200.0,5,27.8,18,100.0,8,913.24,0.0,,,
BZ_h4s9f50p3n13.txt,GLCT,9,4,18,3,1200.0,3,16.7,18,100.0,4,438.33,0.0,,,
BZ_h4s9f50p3n14.txt,GLCT,9,4,18,3,1200.0,3,16.7,18,100.0,3,360.10,0.0,,,
BZ_h4s9f50p3n15.txt,GLCT,9,4,18,3,1200.0,4,22.2,18,100.0,4,428.90,0.0,,,
BZ_h4s9f50p3n16.txt,GLCT,9,4,18,3,1200.0,5,27.8,18,100.0,6,672.31,0.0,,,
BZ_h4s9f50p3n17.txt,GLCT,9,4,18,3,1200.0,5,27.8,18,100.0,6,687.28,0.0,,,
BZ_h4s9f50p3n18.txt,GLCT,9,4,18,3,1200.0,1,5.6,18,100.0,10,1183.55,0.0,,,
BZ_h4s9f50p3n19.txt,GLCT,9,4,18,3,1200.0,3,16.7,13,72.2,9,963.65,0.0,,,
BZ_h4s9f50p3n2.txt,GLCT,9,4,18,3,1200.0,3,16.7,10,55.6,10,1009.81,0.0,,,
BZ_h4s9f50p3n20.txt,GLCT,9,4,18,3,1200.0,7,38.9,18,100.0,4,454.61,0.0,,,
BZ_h4s9f50p3n3.txt,GLCT,9,4,18,3,1200.0,5,27.8,18,100.0,4,498.27,0.0,,,
BZ_h4s9f50p3n4.txt,GLCT,9,4,18,3,1200.0,0,0.0,18,100.0,6,661.58,0.0,,,
BZ_h4s9f50p3n5.txt,GLCT,9,4,18,3,1200.0,6,33.3,18,100.0,5,590.47,0.0,,,
BZ_h4s9f50p3n6.txt,GLCT,9,4,18,3,1200.0,5,27.8,18,100.0,1,134.39,0.0,,,
BZ_h4s9f50p3n7.txt,GLCT,9,4,18,3,1200.0,3,16.7,18,100.0,4,445.57,0.0,,,
BZ_h4s9f50p3n8.txt,GLCT,9,4,18,3,1200.0,0,0.0,18,100.0,5,554.21,0.0,,,
BZ_h4s9f50p3n9.txt,GLCT,9,4,18,3,1200.0,2,11.1,18,100.0,4,422.62,0.0,,,
BZ_h4s9f50p6n1.txt,GLCT,9,4,18,6,1200.0,8,44.4,18,100.0,7,787.45,0.0,,,
BZ_h4s9f50p6n10.txt,GLCT,9,4,18,6,1200.0,2,11.1,13,72.2,10,1129.93,0.0,,,
BZ_h4s9f50p6n11.txt,GLCT,9,4,18,5,1200.0,3,16.7,18,100.0,9,982.63,0.0,,,
BZ_h4s9f50p6n12.txt,GLCT,9,4,18,6,1200.0,3,16.7,18,100.0,10,1079.56,0.0,,,
BZ_h4s9f50p6n13.txt,GLCT,9,4,18,6,1200.0,2,11.1,18,100.0,8,887.56,0.0,,,
BZ_h4s9f50p6n14.txt,GLCT,9,4,18,6,1200.0,3,16.7,15,83.3,10,1072.14,0.0,,,
BZ_h4s9f50p6n15.txt,GLCT,9,4,18,6,1200.0,0,0.0,18,100.0,4,432.89,0.0,,,
BZ_h4s9f50p6n16.txt,GLCT,9,4,18,6,1200.0,1,5.6,9,50.0,9,1040.05,0.0,,,
BZ_h4s9f50p6n17.txt,GLCT,9,4,18,6,1200.0,2,11.1,11,61.1,11,1134.97,0.0,,,
BZ_h4s9f50p6n18.txt,GLCT,9,4,18,6,1200.0,3,16.7,18,100.0,10,1128.96,0.0,,,
BZ_h4s9f50p6n19.txt,GLCT,9,4,18,6,1200.0,2,11.1,18,100.0,9,1003.98,0.0,,,
BZ_h4s9f50p6n2.txt,GLCT,9,4,18,6,1200.0,0,0.0,15,83.3,9,1069.21,0.0,,,
BZ_h4s9f50p6n20.txt,GLCT,9,4,18,6,1200.0,1,5.6,18,100.0,10,1179.54,0.0,,,
BZ_h4s9f50p6n3.txt,GLCT,9,4,18,6,1200.0,3,16.7,6,33.3,10,1074.42,0.0,,,
BZ_h4s9f50p6n4.txt,GLCT,9,4,18,6,1200.0,1,5.6,10,55.6,10,1114.86,0.0,,,
BZ_h4s9f50p6n5.txt,GLCT,9,4,18,6,1200.0,1,5.6,12,66.7,11,1163.87,0.0,,,
BZ_h4s9f50p6n6.txt,GLCT,9,4,18,6,1200.0,0,0.0,18,100.0,6,692.82,0.0,,,
BZ_h4s9f50p6n7.txt,GLCT,9,4,18,6,1200.0,1,5.6,18,100.0,10,1162.86,0.0,,,
BZ_h4s9f50p6n8.txt,GLCT,9,4,18,6,1200.0,5,27.8,13,72.2,10,1130.86,0.0,,,
BZ_h4s9f50p6n9.txt,GLCT,9,4,18,6,1200.0,2,11.1,13,72.2,10,1188.98,0.0,,,
BZ_h4s9f70p2n1.txt,GLCT,9,4,25,2,1200.0,12,48.0,25,100.0,7,779.62,0.0,,,
BZ_h4s9f70p2n10.txt,GLCT,9,4,25,2,1200.0,9,36.0,25,100.0,8,885.11,0.0,,,
BZ_h4s9f70p2n11.txt,GLCT,9,4,25,2,1200.0,7,28.0,25,100.0,3,302.82,0.0,,,
BZ_h4s9f70p2n12.txt,GLCT,9,4,25,2,1200.0,9,36.0,25,100.0,6,649.36,0.0,,,
BZ_h4s9f70p2n13.txt,GLCT,9,4,25,2,1200.0,2,8.0,25,100.0,10,1061.75,0.0,,,
BZ_h4s9f70p2n14.txt,GLCT,9,4,25,2,1200.0,8,32.0,25,100.0,9,972.65,0.0,,,
BZ_h4s9f70p2n15.txt,GLCT,9,4,25,2,1200.0,9,36.0,25,100.0,11,1157.71,0.0,,,
BZ_h4s9f70p2n16.txt,GLCT,9,4,25,2,1200.0,9,36.0,25,100.0,3,319.52,0.0,,,
BZ_h4s9f70p2n17.txt,GLCT,9,4,25,2,1200.0,8,32.0,25,100.0,4,414.09,0.0,,,
BZ_h4s9f70p2n18.txt,GLCT,9,4,25,2,1200.0,9,36.0,25,100.0,8,904.47,0.0,,,
BZ_h4s9f70p2n19.txt,GLCT,9,4,25,2,1200.0,3,12.0,25,100.0,9,998.61,0.0,,,
BZ_h4s9f70p2n2.txt,GLCT,9,4,25,2,1200.0,14,56.0,16,64.0,9,1009.76,0.0,,,
BZ_h4s9f70p2n20.txt,GLCT,9,4,25,2,1200.0,11,44.0,25,100.0,4,439.39,0.0,,,
BZ_h4s9f70p2n3.txt,GLCT,9,4,25,2,1200.0,5,20.0,25,100.0,11,1193.09,0.0,,,
BZ_h4s9f70p2n4.txt,GLCT,9,4,25,2,1200.0,4,16.0,25,100.0,7,723.10,0.0,,,
BZ_h4s9f70p2n5.txt,GLCT,9,4,25,2,1200.0,13,52.0,16,64.0,10,1092.24,0.0,,,
BZ_h4s9f70p2n6.txt,GLCT,9,4,25,2,1200.0,10,40.0,25,100.0,8,870.98,0.0,,,
BZ_h4s9f70p2n7.txt,GLCT,9,4,25,2,1200.0,4,16.0,25,100.0,9,952.37,0.0,,,
BZ_h4s9f70p2n8.txt,GLCT,9,4,25,2,1200.0,3,12.0,25,100.0,6,567.42,0.0,,,
BZ_h4s9f70p2n9.txt,GLCT,9,4,25,2,1200.0,9,36.0,25,100.0,6,642.98,0.0,,,
BZ_h4s9f70p3n1.txt,GLCT,9,4,25,3,1200.0,1,4.0,9,36.0,10,1035.14,0.0,,,
BZ_h4s9f70p3n10.txt,GLCT,9,4,25,3,1200.0,4,16.0,17,68.0,11,1192.58,0.0,,,
BZ_h4s9f70p3n11.txt,GLCT,9,4,25,3,1200.0,4,16.0,11,44.0,10,1128.67,0.0,,,
BZ_h4s9f70p3n12.txt,GLCT,9,4,25,3,1200.0,5,20.0,25,100.0,7,713.49,0.0,,,
BZ_h4s9f70p3n13.txt,GLCT,9,4,25,3,1200.0,4,16.0,18,72.0,11,1140.16,0.0,,,
BZ_h4s9f70p3n14.txt,GLCT,9,4,25,3,1200.0,6,24.0,25,100.0,10,1103.65,0.0,,,
BZ_h4s9f70p3n15.txt,GLCT,9,4,25,3,1200.0,9,36.0,18,72.0,10,1022.86,0.0,,,
BZ_h4s9f70p3n16.txt,GLCT,9,4,25,3,1200.0,5,20.0,25,100.0,11,1104.71,0.0,,,
BZ_h4s9f70p3n17.txt,GLCT,9,4,25,3,1200.0,4,16.0,25,100.0,7,716.84,0.0,,,
BZ_h4s9f70p3n18.txt,GLCT,9,4,25,3,1200.0,2,8.0,25,100.0,11,1175.51,0.0,,,
BZ_h4s9f70p3n19.txt,GLCT,9,4,25,3,1200.0,2,8.0,25,100.0,8,907.00,0.0,,,
BZ_h4s9f70p3n2.txt,GLCT,9,4,25,3,1200.0,8,32.0,15,60.0,10,1135.30,0.0,,,
BZ_h4s9f70p3n20.txt,GLCT,9,4,25,3,1200.0,5,20.0,19,76.0,10,1119.41,0.0,,,
BZ_h4s9f70p3n3.txt,GLCT,9,4,25,3,1200.0,6,24.0,25,100.0,8,751.26,0.0,,,
BZ_h4s9f70p3n4.txt,GLCT,9,4,25,3,1200.0,5,20.0,16,64.0,11,1147.02,0.0,,,
BZ_h4s9f70p3n5.txt,GLCT,9,4,25,3,1200.0,1,4.0,11,44.0,11,1192.18,0.0,,,
BZ_h4s9f70p3n6.txt,GLCT,9,4,25,3,1200.0,2,8.0,16,64.0,11,1192.36,0.0,,,
BZ_h4s9f70p3n7.txt,GLCT,9,4,25,3,1200.0,5,20.0,25,100.0,8,923.51,0.0,,,
BZ_h4s9f70p3n8.txt,GLCT,9,4,25,3,1200.0,7,28.0,25,100.0,10,1086.27,0.0,,,
BZ_h4s9f70p3n9.txt,GLCT,9,4,25,3,1200.0,1,4.0,6,24.0,11,1141.33,0.0,,,
BZ_h4s9f70p6n1.txt,GLCT,9,4,25,6,1200.0,2,8.0,14,56.0,11,1164.30,0.0,,,
BZ_h4s9f70p6n10.txt,GLCT,9,4,25,6,1200.0,1,4.0,11,44.0,11,1165.44,0.0,,,
BZ_h4s9f70p6n11.txt,GLCT,9,4,25,6,1200.0,2,8.0,14,56.0,12,1170.51,0.0,,,
BZ_h4s9f70p6n12.txt,GLCT,9,4,25,6,1200.0,3,12.0,25,100.0,10,1054.59,0.0,,,
BZ_h4s9f70p6n13.txt,GLCT,9,4,25,6,1200.0,4,16.0,10,40.0,10,1090.86,0.0,,,
BZ_h4s9f70p6n14.txt,GLCT,9,4,25,6,1200.0,3,12.0,9,36.0,10,1150.25,0.0,,,
BZ_h4s9f70p6n15.txt,GLCT,9,4,25,6,1200.0,0,0.0,23,92.0,11,1181.86,0.0,,,
BZ_h4s9f70p6n16.txt,GLCT,9,4,25,6,1200.0,2,8.0,16,64.0,11,1192.45,0.0,,,
BZ_h4s9f70p6n17.txt,GLCT,9,4,25,6,1200.0,1,4.0,11,44.0,10,1095.14,0.0,,,
BZ_h4s9f70p6n18.txt,GLCT,9,4,25,6,1200.0,5,20.0,12,48.0,9,988.47,0.0,,,
BZ_h4s9f70p6n19.txt,GLCT,9,4,25,6,1200.0,2,8.0,14,56.0,10,1120.77,0.0,,,
BZ_h4s9f70p6n2.txt,GLCT,9,4,25,6,1200.0,1,4.0,7,28.0,10,1112.08,0.0,,,
BZ_h4s9f70p6n20.txt,GLCT,9,4,25,6,1200.0,2,8.0,9,36.0,11,1080.06,0.0,,,
BZ_h4s9f70p6n3.txt,GLCT,9,4,25,6,1200.0,1,4.0,9,36.0,11,1138.62,0.0,,,
BZ_h4s9f70p6n4.txt,GLCT,9,4,25,6,1200.0,3,12.0,11,44.0,11,1178.41,0.0,,,
BZ_h4s9f70p6n5.txt,GLCT,9,4,25,6,1200.0,2,8.0,8,32.0,11,1191.48,0.0,,,
BZ_h4s9f70p6n6.txt,GLCT,9,4,25,6,1200.0,1,4.0,12,48.0,11,1095.83,0.0,,,
BZ_h4s9f70p6n7.txt,GLCT,9,4,25,6,1200.0,1,4.0,10,40.0,11,1139.03,0.0,,,
BZ_h4s9f70p6n8.txt,GLCT,9,4,25,6,1200.0,1,4.0,17,68.0,11,1180.80,0.1,,,
BZ_h4s9f70p6n9.txt,GLCT,9,4,25,6,1200.0,0,0.0,4,16.0,11,1170.59,0.0,,,
BZ_h6s3f50p2n1.txt,GLCT,3,6,9,2,1200.0,4,44.4,9,100.0,7,920.11,0.0,,,
BZ_h6s3f50p2n10.txt,GLCT,3,6,9,2,1200.0,3,33.3,9,100.0,5,669.96,0.0,,,
BZ_h6s3f50p2n11.txt,GLCT,3,6,9,2,1200.0,6,66.7,9,100.0,1,159.34,0.0,,,
BZ_h6s3f50p2n12.txt,GLCT,3,6,9,2,1200.0,2,22.2,9,100.0,2,252.68,0.0,,,
BZ_h6s3f50p2n13.txt,GLCT,3,6,9,2,1200.0,5,55.6,9,100.0,5,644.47,0.0,,,
BZ_h6s3f50p2n14.txt,GLCT,3,6,9,2,1200.0,2,22.2,9,100.0,5,703.04,0.0,,,
BZ_h6s3f50p2n15.txt,GLCT,3,6,9,2,1200.0,0,0.0,9,100.0,2,259.53,0.0,,,
BZ_h6s3f50p2n16.txt,GLCT,3,6,9,2,1200.0,4,44.4,9,100.0,3,397.32,0.0,,,
BZ_h6s3f50p2n17.txt,GLCT,3,6,9,2,1200.0,3,33.3,9,100.0,5,656.19,0.0,,,
BZ_h6s3f50p2n18.txt,GLCT,3,6,9,2,1200.0,0,0.0,1,11.1,2,251.12,0.0,,,
BZ_h6s3f50p2n19.txt,GLCT,3,6,9,2,1200.0,2,22.2,9,100.0,8,1087.08,0.0,,,
BZ_h6s3f50p2n2.txt,GLCT,3,6,9,2,1200.0,2,22.2,5,55.6,7,921.17,0.0,,,
BZ_h6s3f50p2n20.txt,GLCT,3,6,9,2,1200.0,1,11.1,9,100.0,4,533.07,0.0,,,
BZ_h6s3f50p2n3.txt,GLCT,3,6,9,2,1200.0,2,22.2,9,100.0,5,722.67,0.0,,,
BZ_h6s3f50p2n4.txt,GLCT,3,6,9,2,1200.0,3,33.3,9,100.0,8,1071.41,0.0,,,
BZ_h6s3f50p2n5.txt,GLCT,3,6,9,2,1200.0,2,22.2,5,55.6,7,944.82,0.0,,,
BZ_h6s3f50p2n6.txt,GLCT,3,6,9,2,1200.0,3,33.3,9,100.0,4,520.47,0.0,,,
BZ_h6s3f50p2n7.txt,GLCT,3,6,9,2,1200.0,4,44.4,9,100.0,1,132.49,0.0,,,
BZ_h6s3f50p2n8.txt,GLCT,3,6,9,2,1200.0,1,11.1,1,11.1,5,531.48,0.0,,,
BZ_h6s3f50p2n9.txt,GLCT,3,6,9,2,1200.0,4,44.4,9,100.0,1,146.39,0.0,,,
BZ_h6s3f50p3n1.txt,GLCT,3,6,9,3,1200.0,7,77.8,9,100.0,7,945.66,0.0,,,
BZ_h6s3f50p3n10.txt,GLCT,3,6,9,3,1200.0,1,11.1,9,100.0,4,533.24,0.0,,,
BZ_h6s3f50p3n11.txt,GLCT,3,6,9,3,1200.0,0,0.0,9,100.0,9,1173.98,0.0,,,
BZ_h6s3f50p3n12.txt,GLCT,3,6,9,3,1200.0,3,33.3,9,100.0,4,530.47,0.0,,,
BZ_h6s3f50p3n13.txt,GLCT,3,6,9,3,1200.0,2,22.2,5,55.6,6,816.67,0.0,,,
BZ_h6s3f50p3n14.txt,GLCT,3,6,9,2,1200.0,2,22.2,9,100.0,8,1024.54,0.0,,,
BZ_h6s3f50p3n15.txt,GLCT,3,6,9,3,1200.0,1,11.1,9,100.0,6,788.56,0.0,,,
BZ_h6s3f50p3n16.txt,GLCT,3,6,9,3,1200.0,5,55.6,9,100.0,7,952.80,0.0,,,
BZ_h6s3f50p3n17.txt,GLCT,3,6,9,3,1200.0,1,11.1,1,11.1,1,115.35,0.0,,,
BZ_h6s3f50p3n18.txt,GLCT,3,6,9,3,1200.0,2,22.2,9,100.0,7,930.82,0.0,,,
BZ_h6s3f50p3n19.txt,GLCT,3,6,9,3,1200.0,2,22.2,9,100.0,8,1070.27,0.0,,,
BZ_h6s3f50p3n2.txt,GLCT,3,6,9,3,1200.0,2,22.2,9,100.0,8,1055.64,0.0,,,
BZ_h6s3f50p3n20.txt,GLCT,3,6,9,3,1200.0,1,11.1,6,66.7,9,1179.90,0.0,,,
BZ_h6s3f50p3n3.txt,GLCT,3,6,9,3,1200.0,0,0.0,9,100.0,2,251.35,0.0,,,
BZ_h6s3f50p3n4.txt,GLCT,3,6,9,3,1200.0,1,11.1,4,44.4,9,1167.10,0.0,,,
BZ_h6s3f50p3n5.txt,GLCT,3,6,9,3,1200.0,0,0.0,9,100.0,5,653.11,0.0,,,
BZ_h6s3f50p3n6.txt,GLCT,3,6,9,3,1200.0,1,11.1,4,44.4,8,1033.98,0.0,,,
BZ_h6s3f50p3n7.txt,GLCT,3,6,9,3,1200.0,0,0.0,9,100.0,3,335.95,0.0,,,
BZ_h6s3f50p3n8.txt,GLCT,3,6,9,3,1200.0,0,0.0,4,44.4,4,515.93,0.0,,,
BZ_h6s3f50p3n9.txt,GLCT,3,6,9,3,1200.0,1,11.1,4,44.4,4,419.13,0.0,,,
BZ_h6s3f50p6n1.txt,GLCT,3,6,9,5,1200.0,1,11.1,9,100.0,6,824.45,0.0,,,
BZ_h6s3f50p6n10.txt,GLCT,3,6,9,5,1200.0,0,0.0,4,44.4,4,469.28,0.0,,,
BZ_h6s3f50p6n11.txt,GLCT,3,6,9,6,1200.0,2,22.2,5,55.6,5,664.49,0.0,,,
BZ_h6s3f50p6n12.txt,GLCT,3,6,9,6,1200.0,1,11.1,6,66.7,7,932.81,0.0,,,
BZ_h6s3f50p6n13.txt,GLCT,3,6,9,6,1200.0,0,0.0,6,66.7,6,733.49,0.0,,,
BZ_h6s3f50p6n14.txt,GLCT,3,6,9,6,1200.0,3,33.3,6,66.7,6,791.02,0.0,,,
BZ_h6s3f50p6n15.txt,GLCT,3,6,9,6,1200.0,1,11.1,4,44.4,5,692.47,0.0,,,
BZ_h6s3f50p6n16.txt,GLCT,3,6,9,6,1200.0,0,0.0,3,33.3,8,1006.65,0.0,,,
BZ_h6s3f50p6n17.txt,GLCT,3,6,9,6,1200.0,0,0.0,4,44.4,7,921.53,0.0,,,
BZ_h6s3f50p6n18.txt,GLCT,3,6,9,6,1200.0,0,0.0,3,33.3,7,941.67,0.0,,,
BZ_h6s3f50p6n19.txt,GLCT,3,6,9,6,1200.0,2,22.2,7,77.8,8,1012.85,0.0,,,
BZ_h6s3f50p6n2.txt,GLCT,3,6,9,6,1200.0,0,0.0,2,22.2,2,251.12,0.0,,,
BZ_h6s3f50p6n20.txt,GLCT,3,6,9,6,1200.0,0,0.0,4,44.4,6,755.08,0.0,,,
BZ_h6s3f50p6n3.txt,GLCT,3,6,9,6,1200.0,1,11.1,6,66.7,4,520.29,0.0,,,
BZ_h6s3f50p6n4.txt,GLCT,3,6,9,6,1200.0,1,11.1,1,11.1,0,0.00,0.0,,,
BZ_h6s3f50p6n5.txt,GLCT,3,6,9,6,1200.0,0,0.0,9,100.0,2,259.51,0.0,,,
BZ_h6s3f50p6n6.txt,GLCT,3,6,9,6,1200.0,1,11.1,7,77.8,9,1199.89,0.0,,,
BZ_h6s3f50p6n7.txt,GLCT,3,6,9,6,1200.0,1,11.1,3,33.3,7,889.91,0.0,,,
BZ_h6s3f50p6n8.txt,GLCT,3,6,9,6,1200.0,0,0.0,6,66.7,8,1026.98,0.0,,,
BZ_h6s3f50p6n9.txt,GLCT,3,6,9,6,1200.0,3,33.3,9,100.0,4,526.21,0.0,,,
BZ_h6s3f70p2n1.txt,GLCT,3,6,12,2,1200.0,5,41.7,12,100.0,7,841.73,0.0,,,
BZ_h6s3f70p2n10.txt,GLCT,3,6,12,2,1200.0,0,0.0,2,16.7,3,331.95,0.0,,,
BZ_h6s3f70p2n11.txt,GLCT,3,6,12,2,1200.0,2,16.7,2,16.7,2,170.34,0.0,,,
BZ_h6s3f70p2n12.txt,GLCT,3,6,12,2,1200.0,2,16.7,12,100.0,2,221.51,0.0,,,
BZ_h6s3f70p2n13.txt,GLCT,3,6,12,2,1200.0,1,8.3,12,100.0,8,940.67,0.0,,,
BZ_h6s3f70p2n14.txt,GLCT,3,6,12,2,1200.0,1,8.3,3,25.0,8,868.09,0.0,,,
BZ_h6s3f70p2n15.txt,GLCT,3,6,12,2,1200.0,1,8.3,5,41.7,5,572.74,0.0,,,
BZ_h6s3f70p2n16.txt,GLCT,3,6,12,2,1200.0,0,0.0,1,8.3,3,325.20,0.0,,,
BZ_h6s3f70p2n17.txt,GLCT,3,6,12,2,1200.0,2,16.7,3,25.0,4,438.21,0.0,,,
BZ_h6s3f70p2n18.txt,GLCT,3,6,12,2,1200.0,2,16.7,5,41.7,6,664.56,0.0,,,
BZ_h6s3f70p2n19.txt,GLCT,3,6,12,2,1200.0,5,41.7,12,100.0,5,600.11,0.0,,,
BZ_h6s3f70p2n2.txt,GLCT,3,6,12,2,1200.0,7,58.3,7,58.3,4,426.64,0.0,,,
BZ_h6s3f70p2n20.txt,GLCT,3,6,12,2,1200.0,3,25.0,5,41.7,4,421.28,0.0,,,
BZ_h6s3f70p2n3.txt,GLCT,3,6,12,2,1200.0,0,0.0,4,33.3,2,212.80,0.0,,,
BZ_h6s3f70p2n4.txt,GLCT,3,6,12,2,1200.0,2,16.7,5,41.7,10,1185.96,0.0,,,
BZ_h6s3f70p2n5.txt,GLCT,3,6,12,2,1200.0,3,25.0,5,41.7,9,974.15,0.0,,,
BZ_h6s3f70p2n6.txt,GLCT,3,6,12,2,1200.0,1,8.3,5,41.7,4,443.03,0.0,,,
BZ_h6s3f70p2n7.txt,GLCT,3,6,12,2,1200.0,1,8.3,12,100.0,8,846.77,0.0,,,
BZ_h6s3f70p2n8.txt,GLCT,3,6,12,2,1200.0,7,58.3,7,58.3,1,115.94,0.0,,,
BZ_h6s3f70p2n9.txt,GLCT,3,6,12,2,1200.0,1,8.3,3,25.0,4,430.66,0.0,,,
BZ_h6s3f70p3n1.txt,GLCT,3,6,12,3,1200.0,2,16.7,12,100.0,3,332.11,0.0,,,
BZ_h6s3f70p3n10.txt,GLCT,3,6,12,3,1200.0,2,16.7,3,25.0,4,409.93,0.0,,,
BZ_h6s3f70p3n11.txt,GLCT,3,6,12,3,1200.0,3,25.0,12,100.0,2,218.01,0.0,,,
BZ_h6s3f70p3n12.txt,GLCT,3,6,12,3,1200.0,1,8.3,3,25.0,4,428.06,0.0,,,
BZ_h6s3f70p3n13.txt,GLCT,3,6,12,3,1200.0,0,0.0,6,50.0,3,299.58,0.0,,,
BZ_h6s3f70p3n14.txt,GLCT,3,6,12,3,1200.0,2,16.7,5,41.7,7,801.01,0.0,,,
BZ_h6s3f70p3n15.txt,GLCT,3,6,12,3,1200.0,4,33.3,12,100.0,8,936.64,0.0,,,
BZ_h6s3f70p3n16.txt,GLCT,3,6,12,3,1200.0,2,16.7,6,50.0,4,456.36,0.0,,,
BZ_h6s3f70p3n17.txt,GLCT,3,6,12,3,1200.0,1,8.3,6,50.0,8,946.54,0.0,,,
BZ_h6s3f70p3n18.txt,GLCT,3,6,12,3,1200.0,0,0.0,3,25.0,3,315.22,0.0,,,
BZ_h6s3f70p3n19.txt,GLCT,3,6,12,3,1200.0,0,0.0,9,75.0,7,772.45,0.0,,,
BZ_h6s3f70p3n2.txt,GLCT,3,6,12,3,1200.0,2,16.7,6,50.0,11,1131.14,0.0,,,
BZ_h6s3f70p3n20.txt,GLCT,3,6,12,3,1200.0,5,41.7,7,58.3,5,598.12,0.0,,,
BZ_h6s3f70p3n3.txt,GLCT,3,6,12,3,1200.0,0,0.0,2,16.7,4,438.19,0.0,,,
BZ_h6s3f70p3n4.txt,GLCT,3,6,12,3,1200.0,1,8.3,2,16.7,4,443.03,0.0,,,
BZ_h6s3f70p3n5.txt,GLCT,3,6,12,3,1200.0,0,0.0,3,25.0,6,685.70,0.0,,,
BZ_h6s3f70p3n6.txt,GLCT,3,6,12,3,1200.0,1,8.3,2,16.7,4,484.12,0.0,,,
BZ_h6s3f70p3n7.txt,GLCT,3,6,12,3,1200.0,0,0.0,6,50.0,7,770.07,0.0,,,
BZ_h6s3f70p3n8.txt,GLCT,3,6,12,3,1200.0,3,25.0,6,50.0,11,1183.14,0.0,,,
BZ_h6s3f70p3n9.txt,GLCT,3,6,12,3,1200.0,1,8.3,5,41.7,6,654.63,0.0,,,
BZ_h6s3f70p6n1.txt,GLCT,3,6,12,5,1200.0,3,25.0,3,25.0,3,320.53,0.0,,,
BZ_h6s3f70p6n10.txt,GLCT,3,6,12,6,1200.0,2,16.7,4,33.3,4,455.91,0.0,,,
BZ_h6s3f70p6n11.txt,GLCT,3,6,12,6,1200.0,0,0.0,3,25.0,11,1180.44,0.0,,,
BZ_h6s3f70p6n12.txt,GLCT,3,6,12,6,1200.0,0,0.0,2,16.7,6,579.02,0.0,,,
BZ_h6s3f70p6n13.txt,GLCT,3,6,12,6,1200.0,0,0.0,3,25.0,8,931.02,0.0,,,
BZ_h6s3f70p6n14.txt,GLCT,3,6,12,6,1200.0,2,16.7,5,41.7,4,463.73,0.0,,,
BZ_h6s3f70p6n15.txt,GLCT,3,6,12,6,1200.0,0,0.0,12,100.0,8,879.91,0.0,,,
BZ_h6s3f70p6n16.txt,GLCT,3,6,12,6,1200.0,0,0.0,1,8.3,3,342.03,0.0,,,
BZ_h6s3f70p6n17.txt,GLCT,3,6,12,6,1200.0,0,0.0,4,33.3,3,306.43,0.0,,,
BZ_h6s3f70p6n18.txt,GLCT,3,6,12,6,1200.0,0,0.0,2,16.7,6,583.42,0.0,,,
BZ_h6s3f70p6n19.txt,GLCT,3,6,12,6,1200.0,0,0.0,7,58.3,11,1193.35,0.0,,,
BZ_h6s3f70p6n2.txt,GLCT,3,6,12,6,1200.0,1,8.3,5,41.7,3,327.94,0.0,,,
BZ_h6s3f70p6n20.txt,GLCT,3,6,12,6,1200.0,1,8.3,1,8.3,2,171.61,0.0,,,
BZ_h6s3f70p6n3.txt,GLCT,3,6,12,6,1200.0,2,16.7,4,33.3,6,685.36,0.0,,,
BZ_h6s3f70p6n4.txt,GLCT,3,6,12,6,1200.0,1,8.3,1,8.3,0,0.00,0.0,,,
BZ_h6s3f70p6n5.txt,GLCT,3,6,12,6,1200.0,0,0.0,7,58.3,10,1108.65,0.0,,,
BZ_h6s3f70p6n6.txt,GLCT,3,6,12,6,1200.0,0,0.0,3,25.0,4,420.03,0.0,,,
BZ_h6s3f70p6n7.txt,GLCT,3,6,12,6,1200.0,1,8.3,2,16.7,6,650.25,0.0,,,
BZ_h6s3f70p6n8.txt,GLCT,3,6,12,6,1200.0,1,8.3,4,33.3,7,802.81,0.0,,,
BZ_h6s3f70p6n9.txt,GLCT,3,6,12,6,1200.0,1,8.3,1,8.3,2,193.66,0.0,,,
BZ_h6s5f50p2n1.txt,GLCT,5,6,15,2,1200.0,3,20.0,15,100.0,2,233.99,0.0,,,
BZ_h6s5f50p2n10.txt,GLCT,5,6,15,2,1200.0,2,13.3,15,100.0,7,874.71,0.0,,,
BZ_h6s5f50p2n11.txt,GLCT,5,6,15,2,1200.0,5,33.3,15,100.0,8,1064.98,0.0,,,
BZ_h6s5f50p2n12.txt,GLCT,5,6,15,2,1200.0,3,20.0,15,100.0,2,235.23,0.0,,,
BZ_h6s5f50p2n13.txt,GLCT,5,6,15,2,1200.0,4,26.7,15,100.0,4,453.79,0.0,,,
BZ_h6s5f50p2n14.txt,GLCT,5,6,15,2,1200.0,3,20.0,15,100.0,7,829.82,0.0,,,
BZ_h6s5f50p2n15.txt,GLCT,5,6,15,2,1200.0,5,33.3,15,100.0,7,960.90,0.0,,,
BZ_h6s5f50p2n16.txt,GLCT,5,6,15,2,1200.0,2,13.3,6,40.0,9,1083.53,0.0,,,
BZ_h6s5f50p2n17.txt,GLCT,5,6,15,2,1200.0,3,20.0,9,60.0,7,941.08,0.0,,,
BZ_h6s5f50p2n18.txt,GLCT,5,6,15,2,1200.0,2,13.3,15,100.0,9,1108.26,0.0,,,
BZ_h6s5f50p2n19.txt,GLCT,5,6,15,2,1200.0,4,26.7,15,100.0,7,947.40,0.0,,,
BZ_h6s5f50p2n2.txt,GLCT,5,6,15,2,1200.0,6,40.0,15,100.0,6,795.26,0.0,,,
BZ_h6s5f50p2n20.txt,GLCT,5,6,15,2,1200.0,6,40.0,15,100.0,8,1100.02,0.0,,,
BZ_h6s5f50p2n3.txt,GLCT,5,6,15,2,1200.0,9,60.0,15,100.0,2,271.87,0.0,,,
BZ_h6s5f50p2n4.txt,GLCT,5,6,15,2,1200.0,3,20.0,15,100.0,5,650.72,0.0,,,
BZ_h6s5f50p2n5.txt,GLCT,5,6,15,2,1200.0,3,20.0,15,100.0,6,769.13,0.0,,,
BZ_h6s5f50p2n6.txt,GLCT,5,6,15,2,1200.0,6,40.0,15,100.0,7,947.79,0.0,,,
BZ_h6s5f50p2n7.txt,GLCT,5,6,15,2,1200.0,6,40.0,15,100.0,3,357.91,0.0,,,
BZ_h6s5f50p2n8.txt,GLCT,5,6,15,2,1200.0,4,26.7,15,100.0,3,358.08,0.0,,,
BZ_h6s5f50p2n9.txt,GLCT,5,6,15,2,1200.0,2,13.3,6,40.0,8,1078.10,0.0,,,
BZ_h6s5f50p3n1.txt,GLCT,5,6,15,3,1200.0,1,6.7,9,60.0,9,1171.69,0.0,,,
BZ_h6s5f50p3n10.txt,GLCT,5,6,15,3,1200.0,2,13.3,15,100.0,2,274.65,0.0,,,
BZ_h6s5f50p3n11.txt,GLCT,5,6,15,3,1200.0,2,13.3,8,53.3,8,1049.53,0.0,,,
BZ_h6s5f50p3n12.txt,GLCT,5,6,15,3,1200.0,4,26.7,9,60.0,8,944.98,0.0,,,
BZ_h6s5f50p3n13.txt,GLCT,5,6,15,3,1200.0,0,0.0,7,46.7,9,1121.21,0.0,,,
BZ_h6s5f50p3n14.txt,GLCT,5,6,15,3,1200.0,1,6.7,6,40.0,8,1130.22,0.0,,,
BZ_h6s5f50p3n15.txt,GLCT,5,6,15,3,1200.0,4,26.7,7,46.7,7,1003.94,0.0,,,
BZ_h6s5f50p3n16.txt,GLCT,5,6,15,3,1200.0,0,0.0,15,100.0,5,609.44,0.0,,,
BZ_h6s5f50p3n17.txt,GLCT,5,6,15,3,1200.0,1,6.7,8,53.3,8,1085.97,0.0,,,
BZ_h6s5f50p3n18.txt,GLCT,5,6,15,3,1200.0,0,0.0,15,100.0,7,950.53,0.0,,,
BZ_h6s5f50p3n19.txt,GLCT,5,6,15,3,1200.0,1,6.7,9,60.0,9,1172.68,0.0,,,
BZ_h6s5f50p3n2.txt,GLCT,5,6,15,3,1200.0,1,6.7,10,66.7,9,1061.95,0.0,,,
BZ_h6s5f50p3n20.txt,GLCT,5,6,15,3,1200.0,1,6.7,15,100.0,7,928.01,0.0,,,
BZ_h6s5f50p3n3.txt,GLCT,5,6,15,3,1200.0,1,6.7,8,53.3,9,1179.15,0.0,,,
BZ_h6s5f50p3n4.txt,GLCT,5,6,15,3,1200.0,2,13.3,8,53.3,8,1066.78,0.0,,,
BZ_h6s5f50p3n5.txt,GLCT,5,6,15,3,1200.0,0,0.0,7,46.7,8,1050.09,0.0,,,
BZ_h6s5f50p3n6.txt,GLCT,5,6,15,3,1200.0,1,6.7,7,46.7,7,993.87,0.0,,,
BZ_h6s5f50p3n7.txt,GLCT,5,6,15,3,1200.0,1,6.7,8,53.3,8,1041.65,0.0,,,
BZ_h6s5f50p3n8.txt,GLCT,5,6,15,3,1200.0,3,20.0,11,73.3,7,931.37,0.0,,,
BZ_h6s5f50p3n9.txt,GLCT,5,6,15,3,1200.0,2,13.3,9,60.0,8,1083.93,0.0,,,
BZ_h6s5f50p6n1.txt,GLCT,5,6,15,6,1200.0,3,20.0,10,66.7,8,1110.39,0.0,,,
BZ_h6s5f50p6n10.txt,GLCT,5,6,15,5,1200.0,1,6.7,15,100.0,3,378.65,0.0,,,
BZ_h6s5f50p6n11.txt,GLCT,5,6,15,6,1200.0,0,0.0,5,33.3,9,1176.58,0.0,,,
BZ_h6s5f50p6n12.txt,GLCT,5,6,15,6,1200.0,2,13.3,9,60.0,8,1161.67,0.0,,,
BZ_h6s5f50p6n13.txt,GLCT,5,6,15,6,1200.0,0,0.0,5,33.3,9,1143.30,0.0,,,
BZ_h6s5f50p6n14.txt,GLCT,5,6,15,5,1200.0,0,0.0,4,26.7,7,923.21,0.0,,,
BZ_h6s5f50p6n15.txt,GLCT,5,6,15,6,1200.0,1,6.7,15,100.0,5,668.97,0.0,,,
BZ_h6s5f50p6n16.txt,GLCT,5,6,15,6,1200.0,0,0.0,5,33.3,9,1126.20,0.0,,,
BZ_h6s5f50p6n17.txt,GLCT,5,6,15,6,1200.0,2,13.3,9,60.0,8,1078.57,0.0,,,
BZ_h6s5f50p6n18.txt,GLCT,5,6,15,6,1200.0,1,6.7,9,60.0,8,1093.58,0.0,,,
BZ_h6s5f50p6n19.txt,GLCT,5,6,15,6,1200.0,1,6.7,9,60.0,8,1119.19,0.0,,,
BZ_h6s5f50p6n2.txt,GLCT,5,6,15,6,1200.0,0,0.0,3,20.0,10,1140.99,0.0,,,
BZ_h6s5f50p6n20.txt,GLCT,5,6,15,6,1200.0,0,0.0,3,20.0,9,1152.90,0.0,,,
BZ_h6s5f50p6n3.txt,GLCT,5,6,15,5,1200.0,1,6.7,15,100.0,8,1132.80,0.0,,,
BZ_h6s5f50p6n4.txt,GLCT,5,6,15,6,1200.0,0,0.0,5,33.3,9,1183.14,0.0,,,
BZ_h6s5f50p6n5.txt,GLCT,5,6,15,6,1200.0,0,0.0,5,33.3,9,1166.72,0.0,,,
BZ_h6s5f50p6n6.txt,GLCT,5,6,15,6,1200.0,0,0.0,5,33.3,9,1111.83,0.0,,,
BZ_h6s5f50p6n7.txt,GLCT,5,6,15,6,1200.0,2,13.3,11,73.3,9,1189.30,0.0,,,
BZ_h6s5f50p6n8.txt,GLCT,5,6,15,6,1200.0,0,0.0,4,26.7,8,1043.10,0.0,,,
BZ_h6s5f50p6n9.txt,GLCT,5,6,15,6,1200.0,0,0.0,5,33.3,7,925.01,0.0,,,
BZ_h6s5f70p2n1.txt,GLCT,5,6,21,2,1200.0,4,19.0,9,42.9,9,1007.78,0.0,,,
BZ_h6s5f70p2n10.txt,GLCT,5,6,21,2,1200.0,4,19.0,9,42.9,11,1103.46,0.0,,,
BZ_h6s5f70p2n11.txt,GLCT,5,6,21,2,1200.0,1,4.8,8,38.1,10,1146.84,0.0,,,
BZ_h6s5f70p2n12.txt,GLCT,5,6,21,2,1200.0,3,14.3,7,33.3,8,863.24,0.0,,,
BZ_h6s5f70p2n13.txt,GLCT,5,6,21,2,1200.0,4,19.0,9,42.9,10,1151.85,0.0,,,
BZ_h6s5f70p2n14.txt,GLCT,5,6,21,2,1200.0,2,9.5,6,28.6,11,1094.19,0.0,,,
BZ_h6s5f70p2n15.txt,GLCT,5,6,21,2,1200.0,7,33.3,13,61.9,11,1196.65,0.0,,,
BZ_h6s5f70p2n16.txt,GLCT,5,6,21,2,1200.0,10,47.6,12,57.1,9,1095.32,0.0,,,
BZ_h6s5f70p2n17.txt,GLCT,5,6,21,2,1200.0,8,38.1,10,47.6,7,758.99,0.0,,,
BZ_h6s5f70p2n18.txt,GLCT,5,6,21,2,1200.0,4,19.0,9,42.9,10,1134.97,0.0,,,
BZ_h6s5f70p2n19.txt,GLCT,5,6,21,2,1200.0,5,23.8,21,100.0,6,618.68,0.0,,,
BZ_h6s5f70p2n2.txt,GLCT,5,6,21,2,1200.0,7,33.3,21,100.0,6,707.69,0.0,,,
BZ_h6s5f70p2n20.txt,GLCT,5,6,21,2,1200.0,4,19.0,8,38.1,9,1116.15,0.0,,,
BZ_h6s5f70p2n3.txt,GLCT,5,6,21,2,1200.0,11,52.4,12,57.1,6,643.19,0.0,,,
BZ_h6s5f70p2n4.txt,GLCT,5,6,21,2,1200.0,1,4.8,21,100.0,10,1123.33,0.0,,,
BZ_h6s5f70p2n5.txt,GLCT,5,6,21,2,1200.0,9,42.9,12,57.1,8,965.60,0.0,,,
BZ_h6s5f70p2n6.txt,GLCT,5,6,21,2,1200.0,3,14.3,21,100.0,9,1005.15,0.0,,,
BZ_h6s5f70p2n7.txt,GLCT,5,6,21,2,1200.0,7,33.3,21,100.0,7,745.15,0.0,,,
BZ_h6s5f70p2n8.txt,GLCT,5,6,21,2,1200.0,5,23.8,8,38.1,8,845.57,0.0,,,
BZ_h6s5f70p2n9.txt,GLCT,5,6,21,2,1200.0,8,38.1,12,57.1,8,960.62,0.0,,,
BZ_h6s5f70p3n1.txt,GLCT,5,6,21,3,1200.0,2,9.5,9,42.9,9,1160.33,0.0,,,
BZ_h6s5f70p3n10.txt,GLCT,5,6,21,3,1200.0,3,14.3,6,28.6,10,1176.52,0.0,,,
BZ_h6s5f70p3n11.txt,GLCT,5,6,21,3,1200.0,4,19.0,7,33.3,10,1196.72,0.0,,,
BZ_h6s5f70p3n12.txt,GLCT,5,6,21,3,1200.0,1,4.8,6,28.6,10,1150.00,0.0,,,
BZ_h6s5f70p3n13.txt,GLCT,5,6,21,3,1200.0,8,38.1,13,61.9,4,388.68,0.0,,,
BZ_h6s5f70p3n14.txt,GLCT,5,6,21,3,1200.0,2,9.5,8,38.1,10,1115.66,0.0,,,
BZ_h6s5f70p3n15.txt,GLCT,5,6,21,3,1200.0,7,33.3,10,47.6,10,1170.41,0.0,,,
BZ_h6s5f70p3n16.txt,GLCT,5,6,21,3,1200.0,3,14.3,10,47.6,10,1195.41,0.0,,,
BZ_h6s5f70p3n17.txt,GLCT,5,6,21,3,1200.0,3,14.3,14,66.7,10,1102.36,0.0,,,
BZ_h6s5f70p3n18.txt,GLCT,5,6,21,3,1200.0,6,28.6,12,57.1,9,1144.94,0.0,,,
BZ_h6s5f70p3n19.txt,GLCT,5,6,21,3,1200.0,1,4.8,5,23.8,10,1151.16,0.0,,,
BZ_h6s5f70p3n2.txt,GLCT,5,6,21,3,1200.0,3,14.3,8,38.1,10,1198.94,0.0,,,
BZ_h6s5f70p3n20.txt,GLCT,5,6,21,3,1200.0,7,33.3,14,66.7,10,1124.69,0.0,,,
BZ_h6s5f70p3n3.txt,GLCT,5,6,21,3,1200.0,7,33.3,15,71.4,10,1064.72,0.0,,,
BZ_h6s5f70p3n4.txt,GLCT,5,6,21,3,1200.0,1,4.8,4,19.0,9,1197.09,0.0,,,
BZ_h6s5f70p3n5.txt,GLCT,5,6,21,3,1200.0,2,9.5,12,57.1,9,1082.28,0.0,,,
BZ_h6s5f70p3n6.txt,GLCT,5,6,21,3,1200.0,4,19.0,12,57.1,9,947.27,0.0,,,
BZ_h6s5f70p3n7.txt,GLCT,5,6,21,3,1200.0,3,14.3,14,66.7,10,1150.38,0.0,,,
BZ_h6s5f70p3n8.txt,GLCT,5,6,21,3,1200.0,2,9.5,12,57.1,11,1163.67,0.0,,,
BZ_h6s5f70p3n9.txt,GLCT,5,6,21,3,1200.0,4,19.0,9,42.9,6,653.38,0.0,,,
BZ_h6s5f70p6n1.txt,GLCT,5,6,21,6,1200.0,1,4.8,4,19.0,9,1049.47,0.0,,,
BZ_h6s5f70p6n10.txt,GLCT,5,6,21,6,1200.0,0,0.0,6,28.6,10,1184.26,0.0,,,
BZ_h6s5f70p6n11.txt,GLCT,5,6,21,6,1200.0,2,9.5,4,19.0,7,944.51,0.0,,,
BZ_h6s5f70p6n12.txt,GLCT,5,6,21,6,1200.0,1,4.8,4,19.0,10,1126.44,0.0,,,
BZ_h6s5f70p6n13.txt,GLCT,5,6,21,6,1200.0,2,9.5,6,28.6,10,1171.15,0.0,,,
BZ_h6s5f70p6n14.txt,GLCT,5,6,21,5,1200.0,0,0.0,4,19.0,10,1197.38,0.0,,,
BZ_h6s5f70p6n15.txt,GLCT,5,6,21,6,1200.0,0,0.0,9,42.9,9,1134.79,0.0,,,
BZ_h6s5f70p6n16.txt,GLCT,5,6,21,6,1200.0,1,4.8,5,23.8,10,1143.60,0.0,,,
BZ_h6s5f70p6n17.txt,GLCT,5,6,21,5,1200.0,0,0.0,4,19.0,8,940.02,0.0,,,
BZ_h6s5f70p6n18.txt,GLCT,5,6,21,6,1200.0,1,4.8,8,38.1,9,1086.04,0.0,,,
BZ_h6s5f70p6n19.txt,GLCT,5,6,21,6,1200.0,2,9.5,7,33.3,5,563.78,0.0,,,
BZ_h6s5f70p6n2.txt,GLCT,5,6,21,6,1200.0,0,0.0,7,33.3,10,1193.36,0.0,,,
BZ_h6s5f70p6n20.txt,GLCT,5,6,21,6,1200.0,1,4.8,4,19.0,11,1139.01,0.0,,,
BZ_h6s5f70p6n3.txt,GLCT,5,6,21,6,1200.0,1,4.8,5,23.8,9,1176.20,0.0,,,
BZ_h6s5f70p6n4.txt,GLCT,5,6,21,6,1200.0,0,0.0,6,28.6,10,1146.38,0.0,,,
BZ_h6s5f70p6n5.txt,GLCT,5,6,21,6,1200.0,0,0.0,3,14.3,10,1179.41,0.0,,,
BZ_h6s5f70p6n6.txt,GLCT,5,6,21,6,1200.0,0,0.0,7,33.3,10,1195.03,0.0,,,
BZ_h6s5f70p6n7.txt,GLCT,5,6,21,6,1200.0,1,4.8,10,47.6,10,1155.12,0.0,,,
BZ_h6s5f70p6n8.txt,GLCT,5,6,21,6,1200.0,0,0.0,6,28.6,10,1169.16,0.0,,,
BZ_h6s5f70p6n9.txt,GLCT,5,6,21,6,1200.0,0,0.0,6,28.6,9,1125.58,0.0,,,
BZ_h6s7f50p2n1.txt,GLCT,7,6,21,2,1200.0,4,19.0,21,100.0,5,706.92,0.0,,,
BZ_h6s7f50p2n10.txt,GLCT,7,6,21,2,1200.0,4,19.0,11,52.4,9,1173.97,0.0,,,
BZ_h6s7f50p2n11.txt,GLCT,7,6,21,2,1200.0,4,19.0,21,100.0,7,858.41,0.0,,,
BZ_h6s7f50p2n12.txt,GLCT,7,6,21,2,1200.0,7,33.3,21,100.0,3,380.60,0.0,,,
BZ_h6s7f50p2n13.txt,GLCT,7,6,21,2,1200.0,4,19.0,7,33.3,8,1141.17,0.0,,,
BZ_h6s7f50p2n14.txt,GLCT,7,6,21,2,1200.0,7,33.3,9,42.9,7,948.81,0.0,,,
BZ_h6s7f50p2n15.txt,GLCT,7,6,21,2,1200.0,4,19.0,9,42.9,8,1117.40,0.0,,,
BZ_h6s7f50p2n16.txt,GLCT,7,6,21,2,1200.0,10,47.6,21,100.0,1,149.87,0.0,,,
BZ_h6s7f50p2n17.txt,GLCT,7,6,21,2,1200.0,9,42.9,21,100.0,6,769.53,0.0,,,
BZ_h6s7f50p2n18.txt,GLCT,7,6,21,2,1200.0,7,33.3,21,100.0,5,650.43,0.0,,,
BZ_h6s7f50p2n19.txt,GLCT,7,6,21,2,1200.0,3,14.3,8,38.1,9,1192.46,0.0,,,
BZ_h6s7f50p2n2.txt,GLCT,7,6,21,2,1200.0,8,38.1,21,100.0,8,1121.33,0.0,,,
BZ_h6s7f50p2n20.txt,GLCT,7,6,21,2,1200.0,7,33.3,11,52.4,9,1139.37,0.0,,,
BZ_h6s7f50p2n3.txt,GLCT,7,6,21,2,1200.0,2,9.5,6,28.6,9,1192.58,0.0,,,
BZ_h6s7f50p2n4.txt,GLCT,7,6,21,2,1200.0,10,47.6,21,100.0,5,674.05,0.0,,,
BZ_h6s7f50p2n5.txt,GLCT,7,6,21,2,1200.0,4,19.0,8,38.1,8,1097.74,0.0,,,
BZ_h6s7f50p2n6.txt,GLCT,7,6,21,2,1200.0,13,61.9,21,100.0,7,1030.19,0.0,,,
BZ_h6s7f50p2n7.txt,GLCT,7,6,21,2,1200.0,8,38.1,12,57.1,9,1195.86,0.0,,,
BZ_h6s7f50p2n8.txt,GLCT,7,6,21,2,1200.0,3,14.3,7,33.3,8,1103.07,0.0,,,
BZ_h6s7f50p2n9.txt,GLCT,7,6,21,2,1200.0,5,23.8,21,100.0,7,859.55,0.0,,,
BZ_h6s7f50p3n1.txt,GLCT,7,6,21,3,1200.0,4,19.0,21,100.0,8,1048.40,0.0,,,
BZ_h6s7f50p3n10.txt,GLCT,7,6,21,3,1200.0,2,9.5,9,42.9,9,1187.56,0.0,,,
BZ_h6s7f50p3n11.txt,GLCT,7,6,21,3,1200.0,4,19.0,9,42.9,9,1097.32,0.0,,,
BZ_h6s7f50p3n12.txt,GLCT,7,6,21,3,1200.0,3,14.3,14,66.7,9,1178.69,0.0,,,
BZ_h6s7f50p3n13.txt,GLCT,7,6,21,3,1200.0,2,9.5,10,47.6,9,1183.91,0.0,,,
BZ_h6s7f50p3n14.txt,GLCT,7,6,21,3,1200.0,6,28.6,11,52.4,9,1126.04,0.0,,,
BZ_h6s7f50p3n15.txt,GLCT,7,6,21,3,1200.0,3,14.3,11,52.4,9,1126.05,0.0,,,
BZ_h6s7f50p3n16.txt,GLCT,7,6,21,3,1200.0,4,19.0,21,100.0,3,318.51,0.0,,,
BZ_h6s7f50p3n17.txt,GLCT,7,6,21,3,1200.0,2,9.5,11,52.4,8,1110.25,0.0,,,
BZ_h6s7f50p3n18.txt,GLCT,7,6,21,3,1200.0,0,0.0,5,23.8,8,1007.88,0.0,,,
BZ_h6s7f50p3n19.txt,GLCT,7,6,21,3,1200.0,1,4.8,21,100.0,8,1061.42,0.0,,,
BZ_h6s7f50p3n2.txt,GLCT,7,6,21,3,1200.0,2,9.5,10,47.6,9,1106.85,0.0,,,
BZ_h6s7f50p3n20.txt,GLCT,7,6,21,3,1200.0,4,19.0,10,47.6,9,1149.39,0.0,,,
BZ_h6s7f50p3n3.txt,GLCT,7,6,21,3,1200.0,2,9.5,11,52.4,10,1189.49,0.0,,,
BZ_h6s7f50p3n4.txt,GLCT,7,6,21,3,1200.0,3,14.3,14,66.7,9,1166.33,0.0,,,
BZ_h6s7f50p3n5.txt,GLCT,7,6,21,3,1200.0,4,19.0,11,52.4,9,1124.07,0.0,,,
BZ_h6s7f50p3n6.txt,GLCT,7,6,21,3,1200.0,6,28.6,13,61.9,8,1069.62,0.0,,,
BZ_h6s7f50p3n7.txt,GLCT,7,6,21,3,1200.0,5,23.8,21,100.0,1,145.26,0.0,,,
BZ_h6s7f50p3n8.txt,GLCT,7,6,21,3,1200.0,3,14.3,16,76.2,8,1053.27,0.0,,,
BZ_h6s7f50p3n9.txt,GLCT,7,6,21,3,1200.0,1,4.8,4,19.0,8,972.41,0.0,,,
BZ_h6s7f50p6n1.txt,GLCT,7,6,21,6,1200.0,1,4.8,21,100.0,8,1076.93,0.0,,,
BZ_h6s7f50p6n10.txt,GLCT,7,6,21,6,1200.0,4,19.0,15,71.4,8,1063.13,0.0,,,
BZ_h6s7f50p6n11.txt,GLCT,7,6,21,6,1200.0,3,14.3,9,42.9,9,1150.74,0.0,,,
BZ_h6s7f50p6n12.txt,GLCT,7,6,21,6,1200.0,4,19.0,8,38.1,8,1114.64,0.0,,,
BZ_h6s7f50p6n13.txt,GLCT,7,6,21,6,1200.0,0,0.0,16,76.2,9,1135.36,0.0,,,
BZ_h6s7f50p6n14.txt,GLCT,7,6,21,6,1200.0,2,9.5,12,57.1,9,1113.66,0.0,,,
BZ_h6s7f50p6n15.txt,GLCT,7,6,21,6,1200.0,4,19.0,9,42.9,9,1197.00,0.0,,,
BZ_h6s7f50p6n16.txt,GLCT,7,6,21,6,1200.0,0,0.0,10,47.6,8,1080.60,0.0,,,
BZ_h6s7f50p6n17.txt,GLCT,7,6,21,6,1200.0,2,9.5,7,33.3,8,1143.02,0.0,,,
BZ_h6s7f50p6n18.txt,GLCT,7,6,21,6,1200.0,3,14.3,8,38.1,8,1139.50,0.0,,,
BZ_h6s7f50p6n19.txt,GLCT,7,6,21,6,1200.0,3,14.3,8,38.1,9,1107.85,0.0,,,
BZ_h6s7f50p6n2.txt,GLCT,7,6,21,6,1200.0,1,4.8,7,33.3,9,1168.36,0.0,,,
BZ_h6s7f50p6n20.txt,GLCT,7,6,21,6,1200.0,1,4.8,9,42.9,10,1194.58,0.0,,,
BZ_h6s7f50p6n3.txt,GLCT,7,6,21,6,1200.0,1,4.8,10,47.6,7,909.99,0.0,,,
BZ_h6s7f50p6n4.txt,GLCT,7,6,21,6,1200.0,0,0.0,4,19.0,9,1100.76,0.0,,,
BZ_h6s7f50p6n5.txt,GLCT,7,6,21,6,1200.0,2,9.5,14,66.7,9,1182.38,0.0,,,
BZ_h6s7f50p6n6.txt,GLCT,7,6,21,6,1200.0,0,0.0,6,28.6,8,1046.41,0.0,,,
BZ_h6s7f50p6n7.txt,GLCT,7,6,21,6,1200.0,0,0.0,8,38.1,9,1130.16,0.0,,,
BZ_h6s7f50p6n8.txt,GLCT,7,6,21,6,1200.0,0,0.0,7,33.3,9,1174.85,0.0,,,
BZ_h6s7f50p6n9.txt,GLCT,7,6,21,6,1200.0,0,0.0,9,42.9,8,1121.01,0.0,,,
BZ_h6s7f70p2n1.txt,GLCT,7,6,29,2,1200.0,12,41.4,16,55.2,10,1095.07,0.0,,,
BZ_h6s7f70p2n10.txt,GLCT,7,6,29,2,1200.0,2,6.9,10,34.5,11,1180.86,0.0,,,
BZ_h6s7f70p2n11.txt,GLCT,7,6,29,2,1200.0,6,20.7,29,100.0,9,913.66,0.0,,,
BZ_h6s7f70p2n12.txt,GLCT,7,6,29,2,1200.0,13,44.8,17,58.6,9,955.59,0.0,,,
BZ_h6s7f70p2n13.txt,GLCT,7,6,29,2,1200.0,1,3.4,8,27.6,10,1183.53,0.0,,,
BZ_h6s7f70p2n14.txt,GLCT,7,6,29,2,1200.0,4,13.8,7,24.1,10,1184.11,0.0,,,
BZ_h6s7f70p2n15.txt,GLCT,7,6,29,2,1200.0,9,31.0,13,44.8,10,1117.42,0.0,,,
BZ_h6s7f70p2n16.txt,GLCT,7,6,29,2,1200.0,4,13.8,29,100.0,10,1185.99,0.0,,,
BZ_h6s7f70p2n17.txt,GLCT,7,6,29,2,1200.0,9,31.0,15,51.7,10,1185.76,0.0,,,
BZ_h6s7f70p2n18.txt,GLCT,7,6,29,2,1200.0,2,6.9,8,27.6,10,1193.18,0.0,,,
BZ_h6s7f70p2n19.txt,GLCT,7,6,29,2,1200.0,5,17.2,12,41.4,11,1186.28,0.0,,,
BZ_h6s7f70p2n2.txt,GLCT,7,6,29,2,1200.0,11,37.9,29,100.0,6,720.56,0.0,,,
BZ_h6s7f70p2n20.txt,GLCT,7,6,29,2,1200.0,10,34.5,15,51.7,10,1176.05,0.0,,,
BZ_h6s7f70p2n3.txt,GLCT,7,6,29,2,1200.0,5,17.2,12,41.4,10,1038.01,0.0,,,
BZ_h6s7f70p2n4.txt,GLCT,7,6,29,2,1200.0,2,6.9,7,24.1,10,1197.06,0.0,,,
BZ_h6s7f70p2n5.txt,GLCT,7,6,29,2,1200.0,5,17.2,12,41.4,8,927.77,0.0,,,
BZ_h6s7f70p2n6.txt,GLCT,7,6,29,2,1200.0,2,6.9,7,24.1,9,1047.35,0.0,,,
BZ_h6s7f70p2n7.txt,GLCT,7,6,29,2,1200.0,5,17.2,11,37.9,10,1186.19,0.0,,,
BZ_h6s7f70p2n8.txt,GLCT,7,6,29,2,1200.0,10,34.5,29,100.0,9,932.45,0.0,,,
BZ_h6s7f70p2n9.txt,GLCT,7,6,29,2,1200.0,11,37.9,15,51.7,10,1193.68,0.0,,,
BZ_h6s7f70p3n1.txt,GLCT,7,6,29,3,1200.0,4,13.8,10,34.5,10,1177.84,0.0,,,
BZ_h6s7f70p3n10.txt,GLCT,7,6,29,3,1200.0,6,20.7,13,44.8,10,1133.51,0.0,,,
BZ_h6s7f70p3n11.txt,GLCT,7,6,29,3,1200.0,1,3.4,9,31.0,10,1154.10,0.0,,,
BZ_h6s7f70p3n12.txt,GLCT,7,6,29,3,1200.0,2,6.9,8,27.6,10,1195.15,0.0,,,
BZ_h6s7f70p3n13.txt,GLCT,7,6,29,3,1200.0,2,6.9,9,31.0,10,1176.19,0.0,,,
BZ_h6s7f70p3n14.txt,GLCT,7,6,29,3,1200.0,1,3.4,4,13.8,9,1061.27,0.0,,,
BZ_h6s7f70p3n15.txt,GLCT,7,6,29,3,1200.0,1,3.4,17,58.6,9,1134.07,0.0,,,
BZ_h6s7f70p3n16.txt,GLCT,7,6,29,3,1200.0,3,10.3,8,27.6,9,1171.94,0.0,,,
BZ_h6s7f70p3n17.txt,GLCT,7,6,29,3,1200.0,3,10.3,10,34.5,9,1140.41,0.0,,,
BZ_h6s7f70p3n18.txt,GLCT,7,6,29,3,1200.0,2,6.9,6,20.7,9,1157.25,0.0,,,
BZ_h6s7f70p3n19.txt,GLCT,7,6,29,3,1200.0,2,6.9,11,37.9,11,1193.13,0.0,,,
BZ_h6s7f70p3n2.txt,GLCT,7,6,29,3,1200.0,4,13.8,7,24.1,9,1099.49,0.0,,,
BZ_h6s7f70p3n20.txt,GLCT,7,6,29,3,1200.0,6,20.7,10,34.5,9,1178.50,0.0,,,
BZ_h6s7f70p3n3.txt,GLCT,7,6,29,3,1200.0,3,10.3,8,27.6,10,1115.26,0.0,,,
BZ_h6s7f70p3n4.txt,GLCT,7,6,29,3,1200.0,3,10.3,11,37.9,10,1120.60,0.0,,,
BZ_h6s7f70p3n5.txt,GLCT,7,6,29,3,1200.0,3,10.3,7,24.1,10,1178.73,0.0,,,
BZ_h6s7f70p3n6.txt,GLCT,7,6,29,3,1200.0,1,3.4,15,51.7,11,1195.37,0.0,,,
BZ_h6s7f70p3n7.txt,GLCT,7,6,29,3,1200.0,7,24.1,14,48.3,10,1182.74,0.0,,,
BZ_h6s7f70p3n8.txt,GLCT,7,6,29,3,1200.0,2,6.9,8,27.6,10,1095.19,0.0,,,
BZ_h6s7f70p3n9.txt,GLCT,7,6,29,3,1200.0,4,13.8,8,27.6,10,1086.66,0.0,,,
BZ_h6s7f70p6n1.txt,GLCT,7,6,29,6,1200.0,1,3.4,6,20.7,9,1109.95,0.0,,,
BZ_h6s7f70p6n10.txt,GLCT,7,6,29,6,1200.0,1,3.4,9,31.0,10,1138.25,0.0,,,
BZ_h6s7f70p6n11.txt,GLCT,7,6,29,6,1200.0,0,0.0,7,24.1,9,1132.70,0.0,,,
BZ_h6s7f70p6n12.txt,GLCT,7,6,29,6,1200.0,0,0.0,6,20.7,10,1169.01,0.0,,,
BZ_h6s7f70p6n13.txt,GLCT,7,6,29,6,1200.0,1,3.4,5,17.2,9,1149.00,0.0,,,
BZ_h6s7f70p6n14.txt,GLCT,7,6,29,6,1200.0,1,3.4,7,24.1,11,1176.50,0.0,,,
BZ_h6s7f70p6n15.txt,GLCT,7,6,29,6,1200.0,1,3.4,6,20.7,10,1178.55,0.0,,,
BZ_h6s7f70p6n16.txt,GLCT,7,6,29,6,1200.0,2,6.9,8,27.6,9,1193.41,0.0,,,
BZ_h6s7f70p6n17.txt,GLCT,7,6,29,6,1200.0,3,10.3,5,17.2,8,1074.47,0.0,,,
BZ_h6s7f70p6n18.txt,GLCT,7,6,29,6,1200.0,0,0.0,11,37.9,10,1128.49,0.0,,,
BZ_h6s7f70p6n19.txt,GLCT,7,6,29,6,1200.0,0,0.0,3,10.3,9,1142.91,0.0,,,
BZ_h6s7f70p6n2.txt,GLCT,7,6,29,6,1200.0,2,6.9,9,31.0,10,1131.61,0.0,,,
BZ_h6s7f70p6n20.txt,GLCT,7,6,29,6,1200.0,1,3.4,5,17.2,9,1166.66,0.0,,,
BZ_h6s7f70p6n3.txt,GLCT,7,6,29,6,1200.0,0,0.0,5,17.2,10,1194.02,0.0,,,
BZ_h6s7f70p6n4.txt,GLCT,7,6,29,6,1200.0,1,3.4,8,27.6,9,1147.50,0.0,,,
BZ_h6s7f70p6n5.txt,GLCT,7,6,29,6,1200.0,1,3.4,7,24.1,10,1148.56,0.0,,,
BZ_h6s7f70p6n6.txt,GLCT,7,6,29,6,1200.0,0,0.0,9,31.0,11,1196.97,0.0,,,
BZ_h6s7f70p6n7.txt,GLCT,7,6,29,6,1200.0,2,6.9,5,17.2,9,1127.30,0.0,,,
BZ_h6s7f70p6n8.txt,GLCT,7,6,29,6,1200.0,0,0.0,7,24.1,10,1135.08,0.0,,,
BZ_h6s7f70p6n9.txt,GLCT,7,6,29,6,1200.0,2,6.9,7,24.1,10,1148.17,0.0,,,
BZ_h6s9f50p2n1.txt,GLCT,9,6,27,2,1200.0,6,22.2,10,37.0,8,1055.91,0.0,,,
BZ_h6s9f50p2n10.txt,GLCT,9,6,27,2,1200.0,13,48.1,27,100.0,4,565.28,0.0,,,
BZ_h6s9f50p2n11.txt,GLCT,9,6,27,2,1200.0,5,18.5,12,44.4,9,1106.88,0.0,,,
BZ_h6s9f50p2n12.txt,GLCT,9,6,27,2,1200.0,8,29.6,27,100.0,6,863.46,0.0,,,
BZ_h6s9f50p2n13.txt,GLCT,9,6,27,2,1200.0,12,44.4,27,100.0,8,963.81,0.0,,,
BZ_h6s9f50p2n14.txt,GLCT,9,6,27,2,1200.0,4,14.8,8,29.6,9,1156.71,0.0,,,
BZ_h6s9f50p2n15.txt,GLCT,9,6,27,2,1200.0,7,25.9,10,37.0,8,957.66,0.0,,,
BZ_h6s9f50p2n16.txt,GLCT,9,6,27,2,1200.0,3,11.1,27,100.0,9,1162.35,0.0,,,
BZ_h6s9f50p2n17.txt,GLCT,9,6,27,2,1200.0,11,40.7,27,100.0,5,643.53,0.0,,,
BZ_h6s9f50p2n18.txt,GLCT,9,6,27,2,1200.0,6,22.2,14,51.9,8,1057.27,0.0,,,
BZ_h6s9f50p2n19.txt,GLCT,9,6,27,2,1200.0,9,33.3,14,51.9,9,1155.31,0.0,,,
BZ_h6s9f50p2n2.txt,GLCT,9,6,27,2,1200.0,11,40.7,27,100.0,7,947.27,0.0,,,
BZ_h6s9f50p2n20.txt,GLCT,9,6,27,2,1200.0,3,11.1,12,44.4,9,1145.70,0.0,,,
BZ_h6s9f50p2n3.txt,GLCT,9,6,27,2,1200.0,3,11.1,27,100.0,7,881.60,0.0,,,
BZ_h6s9f50p2n4.txt,GLCT,9,6,27,2,1200.0,13,48.1,17,63.0,7,953.00,0.0,,,
BZ_h6s9f50p2n5.txt,GLCT,9,6,27,2,1200.0,5,18.5,13,48.1,9,1110.54,0.0,,,
BZ_h6s9f50p2n6.txt,GLCT,9,6,27,2,1200.0,6,22.2,27,100.0,7,888.68,0.0,,,
BZ_h6s9f50p2n7.txt,GLCT,9,6,27,2,1200.0,5,18.5,9,33.3,8,1073.79,0.0,,,
BZ_h6s9f50p2n8.txt,GLCT,9,6,27,2,1200.0,2,7.4,10,37.0,9,1196.88,0.0,,,
BZ_h6s9f50p2n9.txt,GLCT,9,6,27,2,1200.0,9,33.3,16,59.3,8,1122.50,0.0,,,
BZ_h6s9f50p3n1.txt,GLCT,9,6,27,3,1200.0,8,29.6,11,40.7,8,1087.18,0.0,,,
BZ_h6s9f50p3n10.txt,GLCT,9,6,27,3,1200.0,2,7.4,11,40.7,9,1126.14,0.0,,,
BZ_h6s9f50p3n11.txt,GLCT,9,6,27,3,1200.0,5,18.5,27,100.0,8,1134.36,0.0,,,
BZ_h6s9f50p3n12.txt,GLCT,9,6,27,3,1200.0,4,14.8,9,33.3,9,1190.60,0.0,,,
BZ_h6s9f50p3n13.txt,GLCT,9,6,27,3,1200.0,5,18.5,10,37.0,9,1173.47,0.0,,,
BZ_h6s9f50p3n14.txt,GLCT,9,6,27,3,1200.0,1,3.7,8,29.6,9,1186.18,0.0,,,
BZ_h6s9f50p3n15.txt,GLCT,9,6,27,3,1200.0,1,3.7,4,14.8,9,1192.35,0.0,,,
BZ_h6s9f50p3n16.txt,GLCT,9,6,27,3,1200.0,0,0.0,12,44.4,9,1179.88,0.0,,,
BZ_h6s9f50p3n17.txt,GLCT,9,6,27,3,1200.0,4,14.8,9,33.3,9,1136.88,0.0,,,
BZ_h6s9f50p3n18.txt,GLCT,9,6,27,3,1200.0,2,7.4,9,33.3,8,1157.66,0.0,,,
BZ_h6s9f50p3n19.txt,GLCT,9,6,27,3,1200.0,7,25.9,17,63.0,9,1191.68,0.0,,,
BZ_h6s9f50p3n2.txt,GLCT,9,6,27,3,1200.0,4,14.8,13,48.1,9,1101.68,0.0,,,
BZ_h6s9f50p3n20.txt,GLCT,9,6,27,3,1200.0,8,29.6,27,100.0,6,812.31,0.0,,,
BZ_h6s9f50p3n3.txt,GLCT,9,6,27,3,1200.0,2,7.4,9,33.3,8,1058.38,0.0,,,
BZ_h6s9f50p3n4.txt,GLCT,9,6,27,3,1200.0,8,29.6,17,63.0,9,1105.24,0.0,,,
BZ_h6s9f50p3n5.txt,GLCT,9,6,27,3,1200.0,2,7.4,7,25.9,8,1109.57,0.0,,,
BZ_h6s9f50p3n6.txt,GLCT,9,6,27,3,1200.0,3,11.1,9,33.3,8,1131.54,0.0,,,
BZ_h6s9f50p3n7.txt,GLCT,9,6,27,3,1200.0,3,11.1,13,48.1,8,1118.02,0.0,,,
BZ_h6s9f50p3n8.txt,GLCT,9,6,27,3,1200.0,6,22.2,15,55.6,10,1198.47,0.0,,,
BZ_h6s9f50p3n9.txt,GLCT,9,6,27,3,1200.0,8,29.6,18,66.7,8,1116.58,0.0,,,
BZ_h6s9f50p6n1.txt,GLCT,9,6,27,6,1200.0,5,18.5,10,37.0,9,1145.23,0.0,,,
BZ_h6s9f50p6n10.txt,GLCT,9,6,27,6,1200.0,3,11.1,8,29.6,8,1129.68,0.0,,,
BZ_h6s9f50p6n11.txt,GLCT,9,6,27,6,1200.0,3,11.1,8,29.6,8,1103.02,0.0,,,
BZ_h6s9f50p6n12.txt,GLCT,9,6,27,6,1200.0,1,3.7,10,37.0,10,1196.93,0.0,,,
BZ_h6s9f50p6n13.txt,GLCT,9,6,27,6,1200.0,1,3.7,12,44.4,9,1174.78,0.0,,,
BZ_h6s9f50p6n14.txt,GLCT,9,6,27,6,1200.0,4,14.8,9,33.3,8,1135.12,0.0,,,
BZ_h6s9f50p6n15.txt,GLCT,9,6,27,6,1200.0,1,3.7,6,22.2,9,1181.08,0.0,,,
BZ_h6s9f50p6n16.txt,GLCT,9,6,27,6,1200.0,0,0.0,10,37.0,8,1144.01,0.0,,,
BZ_h6s9f50p6n17.txt,GLCT,9,6,27,6,1200.0,0,0.0,10,37.0,9,1160.92,0.0,,,
BZ_h6s9f50p6n18.txt,GLCT,9,6,27,5,1200.0,4,14.8,11,40.7,9,1177.71,0.0,,,
BZ_h6s9f50p6n19.txt,GLCT,9,6,27,6,1200.0,3,11.1,7,25.9,8,1120.34,0.0,,,
BZ_h6s9f50p6n2.txt,GLCT,9,6,27,6,1200.0,3,11.1,7,25.9,8,1073.29,0.0,,,
BZ_h6s9f50p6n20.txt,GLCT,9,6,27,6,1200.0,1,3.7,9,33.3,8,1130.85,0.0,,,
BZ_h6s9f50p6n3.txt,GLCT,9,6,27,6,1200.0,2,7.4,11,40.7,8,1119.59,0.0,,,
BZ_h6s9f50p6n4.txt,GLCT,9,6,27,6,1200.0,1,3.7,15,55.6,9,1184.60,0.0,,,
BZ_h6s9f50p6n5.txt,GLCT,9,6,27,6,1200.0,2,7.4,11,40.7,7,972.59,0.0,,,
BZ_h6s9f50p6n6.txt,GLCT,9,6,27,6,1200.0,4,14.8,11,40.7,9,1149.07,0.0,,,
BZ_h6s9f50p6n7.txt,GLCT,9,6,27,6,1200.0,1,3.7,5,18.5,9,1167.58,0.0,,,
BZ_h6s9f50p6n8.txt,GLCT,9,6,27,6,1200.0,4,14.8,12,44.4,8,1033.01,0.0,,,
BZ_h6s9f50p6n9.txt,GLCT,9,6,27,6,1200.0,1,3.7,7,25.9,8,1140.16,0.0,,,
BZ_h6s9f70p2n1.txt,GLCT,9,6,37,2,1200.0,14,37.8,20,54.1,10,1134.90,0.0,,,
BZ_h6s9f70p2n10.txt,GLCT,9,6,37,2,1200.0,12,32.4,20,54.1,10,1172.42,0.0,,,
BZ_h6s9f70p2n11.txt,GLCT,9,6,37,2,1200.0,13,35.1,17,45.9,8,1124.89,0.0,,,
BZ_h6s9f70p2n12.txt,GLCT,9,6,37,2,1200.0,2,5.4,14,37.8,10,1173.04,0.0,,,
BZ_h6s9f70p2n13.txt,GLCT,9,6,37,2,1200.0,5,13.5,12,32.4,11,1186.48,0.0,,,
BZ_h6s9f70p2n14.txt,GLCT,9,6,37,2,1200.0,8,21.6,14,37.8,10,1194.63,0.0,,,
BZ_h6s9f70p2n15.txt,GLCT,9,6,37,2,1200.0,3,8.1,12,32.4,10,1192.52,0.0,,,
BZ_h6s9f70p2n16.txt,GLCT,9,6,37,2,1200.0,5,13.5,13,35.1,10,1137.38,0.0,,,
BZ_h6s9f70p2n17.txt,GLCT,9,6,37,2,1200.0,3,8.1,37,100.0,9,1113.16,0.0,,,
BZ_h6s9f70p2n18.txt,GLCT,9,6,37,2,1200.0,5,13.5,9,24.3,9,1194.74,0.1,,,
BZ_h6s9f70p2n19.txt,GLCT,9,6,37,2,1200.0,14,37.8,21,56.8,10,1181.66,0.0,,,
BZ_h6s9f70p2n2.txt,GLCT,9,6,37,2,1200.0,7,18.9,12,32.4,10,1109.93,0.0,,,
BZ_h6s9f70p2n20.txt,GLCT,9,6,37,2,1200.0,9,24.3,13,35.1,9,948.56,0.0,,,
BZ_h6s9f70p2n3.txt,GLCT,9,6,37,2,1200.0,11,29.7,18,48.6,10,1189.91,0.0,,,
BZ_h6s9f70p2n4.txt,GLCT,9,6,37,2,1200.0,11,29.7,16,43.2,8,1122.45,0.0,,,
BZ_h6s9f70p2n5.txt,GLCT,9,6,37,2,1200.0,9,24.3,14,37.8,9,1181.50,0.0,,,
BZ_h6s9f70p2n6.txt,GLCT,9,6,37,2,1200.0,12,32.4,21,56.8,10,1186.38,0.0,,,
BZ_h6s9f70p2n7.txt,GLCT,9,6,37,2,1200.0,12,32.4,21,56.8,9,1096.06,0.0,,,
BZ_h6s9f70p2n8.txt,GLCT,9,6,37,2,1200.0,3,8.1,11,29.7,10,1198.59,0.0,,,
BZ_h6s9f70p2n9.txt,GLCT,9,6,37,2,1200.0,7,18.9,12,32.4,10,1146.35,0.0,,,
BZ_h6s9f70p3n1.txt,GLCT,9,6,37,3,1200.0,0,0.0,6,16.2,10,1157.89,0.0,,,
BZ_h6s9f70p3n10.txt,GLCT,9,6,37,3,1200.0,3,8.1,8,21.6,10,1186.91,0.0,,,
BZ_h6s9f70p3n11.txt,GLCT,9,6,37,3,1200.0,3,8.1,18,48.6,9,1170.72,0.0,,,
BZ_h6s9f70p3n12.txt,GLCT,9,6,37,3,1200.0,3,8.1,10,27.0,10,1197.58,0.0,,,
BZ_h6s9f70p3n13.txt,GLCT,9,6,37,3,1200.0,7,18.9,22,59.5,11,1198.20,0.0,,,
BZ_h6s9f70p3n14.txt,GLCT,9,6,37,3,1200.0,10,27.0,14,37.8,10,1126.14,0.0,,,
BZ_h6s9f70p3n15.txt,GLCT,9,6,37,3,1200.0,3,8.1,10,27.0,10,1184.40,0.0,,,
BZ_h6s9f70p3n16.txt,GLCT,9,6,37,3,1200.0,7,18.9,17,45.9,10,1185.35,0.0,,,
BZ_h6s9f70p3n17.txt,GLCT,9,6,37,3,1200.0,6,16.2,10,27.0,9,1175.33,0.0,,,
BZ_h6s9f70p3n18.txt,GLCT,9,6,37,3,1200.0,4,10.8,12,32.4,10,1184.36,0.0,,,
BZ_h6s9f70p3n19.txt,GLCT,9,6,37,3,1200.0,8,21.6,12,32.4,9,1166.22,0.0,,,
BZ_h6s9f70p3n2.txt,GLCT,9,6,37,3,1200.0,1,2.7,10,27.0,10,1167.43,0.0,,,
BZ_h6s9f70p3n20.txt,GLCT,9,6,37,3,1200.0,3,8.1,9,24.3,9,1145.69,0.0,,,
BZ_h6s9f70p3n3.txt,GLCT,9,6,37,3,1200.0,3,8.1,8,21.6,9,1179.47,0.0,,,
BZ_h6s9f70p3n4.txt,GLCT,9,6,37,3,1200.0,7,18.9,14,37.8,9,1169.60,0.0,,,
BZ_h6s9f70p3n5.txt,GLCT,9,6,37,3,1200.0,1,2.7,10,27.0,10,1143.53,0.0,,,
BZ_h6s9f70p3n6.txt,GLCT,9,6,37,3,1200.0,5,13.5,13,35.1,10,1154.79,0.0,,,
BZ_h6s9f70p3n7.txt,GLCT,9,6,37,3,1200.0,6,16.2,11,29.7,10,1141.35,0.0,,,
BZ_h6s9f70p3n8.txt,GLCT,9,6,37,3,1200.0,5,13.5,10,27.0,11,1188.58,0.0,,,
BZ_h6s9f70p3n9.txt,GLCT,9,6,37,3,1200.0,7,18.9,22,59.5,9,1089.93,0.0,,,
BZ_h6s9f70p6n1.txt,GLCT,9,6,37,6,1200.0,1,2.7,6,16.2,9,1107.15,0.0,,,
BZ_h6s9f70p6n10.txt,GLCT,9,6,37,6,1200.0,2,5.4,6,16.2,10,1174.31,0.0,,,
BZ_h6s9f70p6n11.txt,GLCT,9,6,37,6,1200.0,2,5.4,9,24.3,10,1149.25,0.0,,,
BZ_h6s9f70p6n12.txt,GLCT,9,6,37,6,1200.0,2,5.4,10,27.0,9,1171.95,0.0,,,
BZ_h6s9f70p6n13.txt,GLCT,9,6,37,6,1200.0,2,5.4,4,10.8,9,1036.12,0.0,,,
BZ_h6s9f70p6n14.txt,GLCT,9,6,37,6,1200.0,0,0.0,6,16.2,10,1191.56,0.0,,,
BZ_h6s9f70p6n15.txt,GLCT,9,6,37,6,1200.0,1,2.7,5,13.5,10,1138.43,0.0,,,
BZ_h6s9f70p6n16.txt,GLCT,9,6,37,6,1200.0,1,2.7,14,37.8,9,1164.89,0.0,,,
BZ_h6s9f70p6n17.txt,GLCT,9,6,37,6,1200.0,3,8.1,7,18.9,10,1164.92,0.0,,,
BZ_h6s9f70p6n18.txt,GLCT,9,6,37,6,1200.0,1,2.7,7,18.9,10,1135.99,0.0,,,
BZ_h6s9f70p6n19.txt,GLCT,9,6,37,6,1200.0,3,8.1,6,16.2,9,1089.52,0.1,,,
BZ_h6s9f70p6n2.txt,GLCT,9,6,37,6,1200.0,0,0.0,5,13.5,11,1195.85,0.0,,,
BZ_h6s9f70p6n20.txt,GLCT,9,6,37,6,1200.0,3,8.1,11,29.7,10,1164.61,0.0,,,
BZ_h6s9f70p6n3.txt,GLCT,9,6,37,6,1200.0,2,5.4,4,10.8,9,1191.19,0.0,,,
BZ_h6s9f70p6n4.txt,GLCT,9,6,37,6,1200.0,1,2.7,9,24.3,9,1157.92,0.0,,,
BZ_h6s9f70p6n5.txt,GLCT,9,6,37,6,1200.0,5,13.5,9,24.3,10,1170.85,0.0,,,
BZ_h6s9f70p6n6.txt,GLCT,9,6,37,6,1200.0,0,0.0,5,13.5,10,1169.20,0.0,,,
BZ_h6s9f70p6n7.txt,GLCT,9,6,37,6,1200.0,1,2.7,9,24.3,10,1178.88,0.0,,,
BZ_h6s9f70p6n8.txt,GLCT,9,6,37,6,1200.0,4,10.8,9,24.3,10,1183.73,0.0,,,
BZ_h6s9f70p6n9.txt,GLCT,9,6,37,6,1200.0,0,0.0,10,27.0,10,1127.16,0.0,,,
CV_h12s10n1.txt,GLCT,10,12,100,100,600.0,0,0.0,0,0.0,4,549.76,0.0,,,
CV_h12s10n10.txt,GLCT,10,12,100,100,600.0,1,1.0,1,1.0,4,574.70,0.0,,,
CV_h12s10n11.txt,GLCT,10,12,100,100,600.0,0,0.0,0,0.0,4,562.42,0.0,,,
CV_h12s10n12.txt,GLCT,10,12,100,100,600.0,0,0.0,0,0.0,4,550.51,0.0,,,
CV_h12s10n13.txt,GLCT,10,12,100,100,600.0,0,0.0,2,2.0,4,470.61,0.0,,,
CV_h12s10n14.txt,GLCT,10,12,100,100,600.0,0,0.0,2,2.0,4,497.47,0.0,,,
CV_h12s10n15.txt,GLCT,10,12,100,100,600.0,0,0.0,0,0.0,4,544.55,0.0,,,
CV_h12s10n16.txt,GLCT,10,12,100,100,600.0,0,0.0,2,2.0,5,599.14,0.0,,,
CV_h12s10n17.txt,GLCT,10,12,100,100,600.0,0,0.0,1,1.0,4,515.29,0.0,,,
CV_h12s10n18.txt,GLCT,10,12,100,100,600.0,0,0.0,0,0.0,4,554.32,0.0,,,
CV_h12s10n19.txt,GLCT,10,12,100,100,600.0,0,0.0,0,0.0,4,509.18,0.0,,,
CV_h12s10n2.txt,GLCT,10,12,100,100,600.0,0,0.0,3,3.0,4,500.45,0.0,,,
CV_h12s10n20.txt,GLCT,10,12,100,100,600.0,0,0.0,1,1.0,4,529.16,0.0,,,
CV_h12s10n21.txt,GLCT,10,12,100,100,600.0,0,0.0,0,0.0,4,499.16,0.0,,,
CV_h12s10n22.txt,GLCT,10,12,100,100,600.0,0,0.0,0,0.0,4,536.95,0.0,,,
CV_h12s10n23.txt,GLCT,10,12,100,100,600.0,0,0.0,0,0.0,4,518.56,0.0,,,
CV_h12s10n24.txt,GLCT,10,12,100,100,600.0,0,0.0,0,0.0,4,540.66,0.0,,,
CV_h12s10n25.txt,GLCT,10,12,100,100,600.0,0,0.0,0,0.0,4,530.12,0.0,,,
CV_h12s10n26.txt,GLCT,10,12,100,100,600.0,1,1.0,2,2.0,4,566.84,0.0,,,
CV_h12s10n27.txt,GLCT,10,12,100,100,600.0,0,0.0,0,0.0,4,562.42,0.0,,,
CV_h12s10n28.txt,GLCT,10,12,100,100,600.0,0,0.0,0,0.0,4,568.38,0.0,,,
CV_h12s10n29.txt,GLCT,10,12,100,100,600.0,0,0.0,2,2.0,4,505.97,0.0,,,
CV_h12s10n3.txt,GLCT,10,12,100,100,600.0,0,0.0,1,1.0,4,577.42,0.0,,,
CV_h12s10n30.txt,GLCT,10,12,100,100,600.0,0,0.0,1,1.0,4,521.98,0.0,,,
CV_h12s10n31.txt,GLCT,10,12,100,100,600.0,1,1.0,1,1.0,4,515.85,0.0,,,
CV_h12s10n32.txt,GLCT,10,12,100,100,600.0,1,1.0,1,1.0,4,516.93,0.0,,,
CV_h12s10n33.txt,GLCT,10,12,100,100,600.0,0,0.0,0,0.0,4,547.98,0.0,,,
CV_h12s10n34.txt,GLCT,10,12,100,100,600.0,0,0.0,0,0.0,4,552.66,0.0,,,
CV_h12s10n35.txt,GLCT,10,12,100,100,600.0,1,1.0,2,2.0,4,513.32,0.0,,,
CV_h12s10n36.txt,GLCT,10,12,100,100,600.0,0,0.0,3,3.0,4,476.56,0.0,,,
CV_h12s10n37.txt,GLCT,10,12,100,100,600.0,4,4.0,4,4.0,4,579.01,0.0,,,
CV_h12s10n38.txt,GLCT,10,12,100,100,600.0,0,0.0,0,0.0,4,529.73,0.0,,,
CV_h12s10n39.txt,GLCT,10,12,100,100,600.0,0,0.0,0,0.0,4,525.41,0.0,,,
CV_h12s10n4.txt,GLCT,10,12,100,100,600.0,0,0.0,0,0.0,4,537.33,0.0,,,
CV_h12s10n40.txt,GLCT,10,12,100,100,600.0,1,1.0,2,2.0,4,511.50,0.0,,,
CV_h12s10n5.txt,GLCT,10,12,100,100,600.0,0,0.0,0,0.0,4,507.55,0.0,,,
CV_h12s10n6.txt,GLCT,10,12,100,100,600.0,0,0.0,1,1.0,4,474.71,0.0,,,
CV_h12s10n7.txt,GLCT,10,12,100,100,600.0,0,0.0,0,0.0,4,565.94,0.0,,,
CV_h12s10n8.txt,GLCT,10,12,100,100,600.0,0,0.0,1,1.0,4,533.54,0.0,,,
CV_h12s10n9.txt,GLCT,10,12,100,100,600.0,0,0.0,0,0.0,4,530.12,0.0,,,
CV_h12s6n1.txt,GLCT,6,12,60,60,600.0,0,0.0,0,0.0,4,515.56,0.0,,,
CV_h12s6n10.txt,GLCT,6,12,60,60,600.0,0,0.0,0,0.0,4,501.75,0.0,,,
CV_h12s6n11.txt,GLCT,6,12,60,60,600.0,0,0.0,1,1.7,4,496.17,0.0,,,
CV_h12s6n12.txt,GLCT,6,12,60,60,600.0,0,0.0,0,0.0,4,512.76,0.0,,,
CV_h12s6n13.txt,GLCT,6,12,60,60,600.0,0,0.0,0,0.0,4,519.79,0.0,,,
CV_h12s6n14.txt,GLCT,6,12,60,60,600.0,0,0.0,1,1.7,4,474.89,0.0,,,
CV_h12s6n15.txt,GLCT,6,12,60,60,600.0,0,0.0,0,0.0,4,519.01,0.0,,,
CV_h12s6n16.txt,GLCT,6,12,60,60,600.0,0,0.0,0,0.0,4,546.33,0.0,,,
CV_h12s6n17.txt,GLCT,6,12,60,60,600.0,1,1.7,1,1.7,4,515.61,0.0,,,
CV_h12s6n18.txt,GLCT,6,12,60,60,600.0,1,1.7,1,1.7,4,522.00,0.0,,,
CV_h12s6n19.txt,GLCT,6,12,60,60,600.0,0,0.0,0,0.0,4,545.81,0.0,,,
CV_h12s6n2.txt,GLCT,6,12,60,60,600.0,0,0.0,0,0.0,4,513.60,0.0,,,
CV_h12s6n20.txt,GLCT,6,12,60,60,600.0,0,0.0,0,0.0,4,510.24,0.0,,,
CV_h12s6n21.txt,GLCT,6,12,60,60,600.0,0,0.0,4,6.7,4,443.81,0.0,,,
CV_h12s6n22.txt,GLCT,6,12,60,60,600.0,0,0.0,2,3.3,5,599.49,0.0,,,
CV_h12s6n23.txt,GLCT,6,12,60,60,600.0,0,0.0,1,1.7,5,588.25,0.0,,,
CV_h12s6n24.txt,GLCT,6,12,60,60,600.0,0,0.0,1,1.7,4,533.90,0.0,,,
CV_h12s6n25.txt,GLCT,6,12,60,60,600.0,0,0.0,1,1.7,4,539.43,0.0,,,
CV_h12s6n26.txt,GLCT,6,12,60,60,600.0,0,0.0,2,3.3,4,545.81,0.0,,,
CV_h12s6n27.txt,GLCT,6,12,60,60,600.0,0,0.0,2,3.3,5,597.54,0.0,,,
CV_h12s6n28.txt,GLCT,6,12,60,60,600.0,0,0.0,0,0.0,4,493.64,0.0,,,
CV_h12s6n29.txt,GLCT,6,12,60,60,600.0,0,0.0,0,0.0,4,510.42,0.0,,,
CV_h12s6n3.txt,GLCT,6,12,60,60,600.0,0,0.0,0,0.0,4,527.58,0.0,,,
CV_h12s6n30.txt,GLCT,6,12,60,60,600.0,0,0.0,1,1.7,4,515.61,0.0,,,
CV_h12s6n31.txt,GLCT,6,12,60,60,600.0,0,0.0,0,0.0,4,516.00,0.0,,,
CV_h12s6n32.txt,GLCT,6,12,60,60,600.0,0,0.0,1,1.7,4,508.97,0.0,,,
CV_h12s6n33.txt,GLCT,6,12,60,60,600.0,0,0.0,1,1.7,4,481.67,0.0,,,
CV_h12s6n34.txt,GLCT,6,12,60,60,600.0,0,0.0,0,0.0,4,503.01,0.0,,,
CV_h12s6n35.txt,GLCT,6,12,60,60,600.0,0,0.0,0,0.0,4,508.97,0.0,,,
CV_h12s6n36.txt,GLCT,6,12,60,60,600.0,0,0.0,0,0.0,4,497.74,0.0,,,
CV_h12s6n37.txt,GLCT,6,12,60,60,600.0,0,0.0,1,1.7,4,523.72,0.0,,,
CV_h12s6n38.txt,GLCT,6,12,60,60,600.0,1,1.7,1,1.7,4,509.71,0.0,,,
CV_h12s6n39.txt,GLCT,6,12,60,60,600.0,0,0.0,3,5.0,4,457.94,0.0,,,
CV_h12s6n4.txt,GLCT,6,12,60,60,600.0,0,0.0,0,0.0,4,508.97,0.0,,,
CV_h12s6n40.txt,GLCT,6,12,60,60,600.0,0,0.0,0,0.0,4,516.04,0.0,,,
CV_h12s6n5.txt,GLCT,6,12,60,60,600.0,0,0.0,1,1.7,4,503.01,0.0,,,
CV_h12s6n6.txt,GLCT,6,12,60,60,600.0,0,0.0,2,3.3,4,515.85,0.0,,,
CV_h12s6n7.txt,GLCT,6,12,60,60,600.0,0,0.0,0,0.0,4,509.65,0.0,,,
CV_h12s6n8.txt,GLCT,6,12,60,60,600.0,0,0.0,0,0.0,4,503.69,0.0,,,
CV_h12s6n9.txt,GLCT,6,12,60,60,600.0,0,0.0,1,1.7,4,466.58,0.0,,,
CV_h5s3n1.txt,GLCT,3,5,9,9,600.0,1,11.1,2,22.2,3,345.90,0.0,,,
CV_h5s3n10.txt,GLCT,3,5,9,9,600.0,0,0.0,4,44.4,5,571.22,0.0,,,
CV_h5s3n11.txt,GLCT,3,5,9,9,600.0,2,22.2,4,44.4,1,109.17,0.0,,,
CV_h5s3n12.txt,GLCT,3,5,9,9,600.0,0,0.0,1,11.1,2,207.41,0.0,,,
CV_h5s3n13.txt,GLCT,3,5,9,9,600.0,0,0.0,1,11.1,2,226.87,0.0,,,
CV_h5s3n14.txt,GLCT,3,5,9,9,600.0,0,0.0,1,11.1,2,221.51,0.0,,,
CV_h5s3n15.txt,GLCT,3,5,9,9,600.0,0,0.0,1,11.1,2,210.00,0.0,,,
CV_h5s3n16.txt,GLCT,3,5,9,9,600.0,0,0.0,1,11.1,2,222.78,0.0,,,
CV_h5s3n17.txt,GLCT,3,5,9,9,600.0,2,22.2,3,33.3,2,229.47,0.0,,,
CV_h5s3n18.txt,GLCT,3,5,9,9,600.0,0,0.0,7,77.8,1,107.84,0.0,,,
CV_h5s3n19.txt,GLCT,3,5,9,9,600.0,0,0.0,1,11.1,2,229.47,0.0,,,
CV_h5s3n2.txt,GLCT,3,5,9,9,600.0,0,0.0,4,44.4,5,577.75,0.0,,,
CV_h5s3n20.txt,GLCT,3,5,9,9,600.0,0,0.0,3,33.3,5,571.22,0.0,,,
CV_h5s3n21.txt,GLCT,3,5,9,9,600.0,1,11.1,2,22.2,3,349.84,0.0,,,
CV_h5s3n22.txt,GLCT,3,5,9,9,600.0,2,22.2,3,33.3,3,340.77,0.0,,,
CV_h5s3n23.txt,GLCT,3,5,9,9,600.0,0,0.0,1,11.1,2,229.47,0.0,,,
CV_h5s3n24.txt,GLCT,3,5,9,9,600.0,1,11.1,3,33.3,5,530.01,0.0,,,
CV_h5s3n25.txt,GLCT,3,5,9,9,600.0,0,0.0,2,22.2,2,221.51,0.0,,,
CV_h5s3n26.txt,GLCT,3,5,9,9,600.0,0,0.0,3,33.3,5,571.22,0.0,,,
CV_h5s3n27.txt,GLCT,3,5,9,9,600.0,0,0.0,1,11.1,2,210.00,0.0,,,
CV_h5s3n28.txt,GLCT,3,5,9,9,600.0,0,0.0,2,22.2,2,207.41,0.0,,,
CV_h5s3n29.txt,GLCT,3,5,9,9,600.0,0,0.0,1,11.1,2,221.51,0.0,,,
CV_h5s3n3.txt,GLCT,3,5,9,9,600.0,0,0.0,9,100.0,3,344.92,0.0,,,
CV_h5s3n30.txt,GLCT,3,5,9,9,600.0,0,0.0,3,33.3,4,473.87,0.0,,,
CV_h5s3n31.txt,GLCT,3,5,9,9,600.0,0,0.0,2,22.2,5,550.99,0.0,,,
CV_h5s3n32.txt,GLCT,3,5,9,9,600.0,1,11.1,3,33.3,4,439.53,0.0,,,
CV_h5s3n33.txt,GLCT,3,5,9,9,600.0,1,11.1,4,44.4,4,436.93,0.0,,,
CV_h5s3n34.txt,GLCT,3,5,9,9,600.0,0,0.0,2,22.2,2,221.51,0.0,,,
CV_h5s3n35.txt,GLCT,3,5,9,9,600.0,0,0.0,2,22.2,2,226.87,0.0,,,
CV_h5s3n36.txt,GLCT,3,5,9,9,600.0,0,0.0,1,11.1,2,221.51,0.0,,,
CV_h5s3n37.txt,GLCT,3,5,9,9,600.0,0,0.0,2,22.2,4,480.41,0.0,,,
CV_h5s3n38.txt,GLCT,3,5,9,9,600.0,0,0.0,2,22.2,2,210.00,0.0,,,
CV_h5s3n39.txt,GLCT,3,5,9,9,600.0,9,100.0,9,100.0,0,0.00,0.0,,,
CV_h5s3n4.txt,GLCT,3,5,9,9,600.0,1,11.1,3,33.3,2,229.47,0.0,,,
CV_h5s3n40.txt,GLCT,3,5,9,9,600.0,1,11.1,4,44.4,2,221.51,0.0,,,
CV_h5s3n5.txt,GLCT,3,5,9,9,600.0,4,44.4,9,100.0,5,571.22,0.0,,,
CV_h5s3n6.txt,GLCT,3,5,9,9,600.0,0,0.0,1,11.1,2,229.47,0.0,,,
CV_h5s3n7.txt,GLCT,3,5,9,9,600.0,0,0.0,2,22.2,4,477.81,0.0,,,
CV_h5s3n8.txt,GLCT,3,5,9,9,600.0,1,11.1,4,44.4,4,436.93,0.0,,,
CV_h5s3n9.txt,GLCT,3,5,9,9,600.0,0,0.0,1,11.1,2,220.18,0.0,,,
CV_h5s4n1.txt,GLCT,4,5,12,12,600.0,2,16.7,5,41.7,5,561.17,0.0,,,
CV_h5s4n10.txt,GLCT,4,5,12,12,600.0,0,0.0,3,25.0,4,455.20,0.0,,,
CV_h5s4n11.txt,GLCT,4,5,12,12,600.0,1,8.3,4,33.3,5,575.92,0.0,,,
CV_h5s4n12.txt,GLCT,4,5,12,12,600.0,1,8.3,3,25.0,5,571.30,0.0,,,
CV_h5s4n13.txt,GLCT,4,5,12,12,600.0,1,8.3,7,58.3,5,571.05,0.0,,,
CV_h5s4n14.txt,GLCT,4,5,12,12,600.0,0,0.0,2,16.7,5,594.23,0.0,,,
CV_h5s4n15.txt,GLCT,4,5,12,12,600.0,0,0.0,7,58.3,5,591.84,0.0,,,
CV_h5s4n16.txt,GLCT,4,5,12,12,600.0,0,0.0,2,16.7,3,337.05,0.0,,,
CV_h5s4n17.txt,GLCT,4,5,12,12,600.0,0,0.0,4,33.3,5,516.42,0.0,,,
CV_h5s4n18.txt,GLCT,4,5,12,12,600.0,0,0.0,3,25.0,5,596.78,0.0,,,
CV_h5s4n19.txt,GLCT,4,5,12,12,600.0,0,0.0,5,41.7,5,566.88,0.0,,,
CV_h5s4n2.txt,GLCT,4,5,12,12,600.0,0,0.0,9,75.0,5,554.84,0.0,,,
CV_h5s4n20.txt,GLCT,4,5,12,12,600.0,0,0.0,3,25.0,4,412.76,0.0,,,
CV_h5s4n21.txt,GLCT,4,5,12,12,600.0,1,8.3,4,33.3,3,340.61,0.0,,,
CV_h5s4n22.txt,GLCT,4,5,12,12,600.0,0,0.0,5,41.7,4,486.99,0.0,,,
CV_h5s4n23.txt,GLCT,4,5,12,12,600.0,3,25.0,5,41.7,4,436.69,0.0,,,
CV_h5s4n24.txt,GLCT,4,5,12,12,600.0,0,0.0,4,33.3,5,590.50,0.0,,,
CV_h5s4n25.txt,GLCT,4,5,12,12,600.0,0,0.0,2,16.7,5,599.21,0.0,,,
CV_h5s4n26.txt,GLCT,4,5,12,12,600.0,1,8.3,3,25.0,5,519.93,0.0,,,
CV_h5s4n27.txt,GLCT,4,5,12,12,600.0,4,33.3,6,50.0,3,344.42,0.0,,,
CV_h5s4n28.txt,GLCT,4,5,12,12,600.0,0,0.0,2,16.7,4,446.27,0.0,,,
CV_h5s4n29.txt,GLCT,4,5,12,12,600.0,0,0.0,2,16.7,3,332.84,0.0,,,
CV_h5s4n3.txt,GLCT,4,5,12,12,600.0,1,8.3,3,25.0,4,474.22,0.0,,,
CV_h5s4n30.txt,GLCT,4,5,12,12,600.0,0,0.0,4,33.3,5,583.85,0.0,,,
CV_h5s4n31.txt,GLCT,4,5,12,12,600.0,0,0.0,3,25.0,5,527.52,0.0,,,
CV_h5s4n32.txt,GLCT,4,5,12,12,600.0,0,0.0,2,16.7,4,457.88,0.0,,,
CV_h5s4n33.txt,GLCT,4,5,12,12,600.0,0,0.0,2,16.7,5,592.86,0.0,,,
CV_h5s4n34.txt,GLCT,4,5,12,12,600.0,0,0.0,4,33.3,5,524.54,0.0,,,
CV_h5s4n35.txt,GLCT,4,5,12,12,600.0,1,8.3,4,33.3,4,473.63,0.0,,,
CV_h5s4n36.txt,GLCT,4,5,12,12,600.0,0,0.0,2,16.7,3,336.60,0.0,,,
CV_h5s4n37.txt,GLCT,4,5,12,12,600.0,3,25.0,6,50.0,4,468.81,0.0,,,
CV_h5s4n38.txt,GLCT,4,5,12,12,600.0,2,16.7,3,25.0,5,552.15,0.0,,,
CV_h5s4n39.txt,GLCT,4,5,12,12,600.0,0,0.0,3,25.0,5,593.02,0.0,,,
CV_h5s4n4.txt,GLCT,4,5,12,12,600.0,0,0.0,3,25.0,4,410.69,0.0,,,
CV_h5s4n40.txt,GLCT,4,5,12,12,600.0,0,0.0,4,33.3,5,521.30,0.0,,,
CV_h5s4n5.txt,GLCT,4,5,12,12,600.0,1,8.3,4,33.3,4,480.41,0.0,,,
CV_h5s4n6.txt,GLCT,4,5,12,12,600.0,0,0.0,4,33.3,5,597.95,0.0,,,
CV_h5s4n7.txt,GLCT,4,5,12,12,600.0,0,0.0,2,16.7,4,502.27,0.0,,,
CV_h5s4n8.txt,GLCT,4,5,12,12,600.0,2,16.7,4,33.3,5,567.71,0.0,,,
CV_h5s4n9.txt,GLCT,4,5,12,12,600.0,0,0.0,2,16.7,3,339.58,0.0,,,
CV_h5s5n1.txt,GLCT,5,5,15,15,600.0,1,6.7,6,40.0,4,454.62,0.0,,,
CV_h5s5n10.txt,GLCT,5,5,15,15,600.0,3,20.0,5,33.3,3,334.58,0.0,,,
CV_h5s5n11.txt,GLCT,5,5,15,15,600.0,0,0.0,2,13.3,4,466.58,0.0,,,
CV_h5s5n12.txt,GLCT,5,5,15,15,600.0,0,0.0,4,26.7,5,597.89,0.0,,,
CV_h5s5n13.txt,GLCT,5,5,15,15,600.0,0,0.0,2,13.3,4,446.53,0.0,,,
CV_h5s5n14.txt,GLCT,5,5,15,15,600.0,0,0.0,6,40.0,5,564.62,0.0,,,
CV_h5s5n15.txt,GLCT,5,5,15,15,600.0,0,0.0,7,46.7,4,452.14,0.0,,,
CV_h5s5n16.txt,GLCT,5,5,15,15,600.0,0,0.0,5,33.3,4,447.98,0.0,,,
CV_h5s5n17.txt,GLCT,5,5,15,15,600.0,0,0.0,4,26.7,3,346.66,0.0,,,
CV_h5s5n18.txt,GLCT,5,5,15,15,600.0,1,6.7,5,33.3,5,568.72,0.0,,,
CV_h5s5n19.txt,GLCT,5,5,15,15,600.0,1,6.7,6,40.0,4,455.13,0.0,,,
CV_h5s5n2.txt,GLCT,5,5,15,15,600.0,0,0.0,3,20.0,4,448.98,0.0,,,
CV_h5s5n20.txt,GLCT,5,5,15,15,600.0,0,0.0,4,26.7,3,353.27,0.0,,,
CV_h5s5n21.txt,GLCT,5,5,15,15,600.0,0,0.0,3,20.0,5,596.78,0.0,,,
CV_h5s5n22.txt,GLCT,5,5,15,15,600.0,1,6.7,4,26.7,5,598.64,0.0,,,
CV_h5s5n23.txt,GLCT,5,5,15,15,600.0,1,6.7,5,33.3,5,563.77,0.0,,,
CV_h5s5n24.txt,GLCT,5,5,15,15,600.0,0,0.0,3,20.0,3,337.53,0.0,,,
CV_h5s5n25.txt,GLCT,5,5,15,15,600.0,2,13.3,5,33.3,5,597.42,0.0,,,
CV_h5s5n26.txt,GLCT,5,5,15,15,600.0,0,0.0,3,20.0,4,477.83,0.0,,,
CV_h5s5n27.txt,GLCT,5,5,15,15,600.0,0,0.0,6,40.0,5,574.07,0.0,,,
CV_h5s5n28.txt,GLCT,5,5,15,15,600.0,0,0.0,5,33.3,4,464.74,0.0,,,
CV_h5s5n29.txt,GLCT,5,5,15,15,600.0,0,0.0,2,13.3,4,447.79,0.0,,,
CV_h5s5n3.txt,GLCT,5,5,15,15,600.0,0,0.0,4,26.7,5,589.91,0.0,,,
CV_h5s5n30.txt,GLCT,5,5,15,15,600.0,0,0.0,8,53.3,5,567.93,0.0,,,
CV_h5s5n31.txt,GLCT,5,5,15,15,600.0,1,6.7,3,20.0,5,592.97,0.0,,,
CV_h5s5n32.txt,GLCT,5,5,15,15,600.0,0,0.0,4,26.7,4,442.33,0.0,,,
CV_h5s5n33.txt,GLCT,5,5,15,15,600.0,1,6.7,6,40.0,5,572.30,0.0,,,
CV_h5s5n34.txt,GLCT,5,5,15,15,600.0,0,0.0,2,13.3,4,444.18,0.0,,,
CV_h5s5n35.txt,GLCT,5,5,15,15,600.0,1,6.7,5,33.3,5,567.42,0.0,,,
CV_h5s5n36.txt,GLCT,5,5,15,15,600.0,1,6.7,4,26.7,5,573.58,0.0,,,
CV_h5s5n37.txt,GLCT,5,5,15,15,600.0,0,0.0,2,13.3,4,464.28,0.0,,,
CV_h5s5n38.txt,GLCT,5,5,15,15,600.0,0,0.0,8,53.3,5,582.94,0.0,,,
CV_h5s5n39.txt,GLCT,5,5,15,15,600.0,0,0.0,6,40.0,5,581.21,0.0,,,
CV_h5s5n4.txt,GLCT,5,5,15,15,600.0,0,0.0,4,26.7,4,433.93,0.0,,,
CV_h5s5n40.txt,GLCT,5,5,15,15,600.0,2,13.3,4,26.7,5,599.54,0.0,,,
CV_h5s5n5.txt,GLCT,5,5,15,15,600.0,0,0.0,3,20.0,4,459.66,0.0,,,
CV_h5s5n6.txt,GLCT,5,5,15,15,600.0,0,0.0,5,33.3,5,566.96,0.0,,,
CV_h5s5n7.txt,GLCT,5,5,15,15,600.0,0,0.0,4,26.7,4,440.41,0.0,,,
CV_h5s5n8.txt,GLCT,5,5,15,15,600.0,0,0.0,2,13.3,4,452.08,0.0,,,
CV_h5s5n9.txt,GLCT,5,5,15,15,600.0,0,0.0,4,26.7,4,428.86,0.0,,,
CV_h5s6n1.txt,GLCT,6,5,18,18,600.0,0,0.0,3,16.7,5,546.49,0.0,,,
CV_h5s6n10.txt,GLCT,6,5,18,18,600.0,1,5.6,6,33.3,4,449.30,0.0,,,
CV_h5s6n11.txt,GLCT,6,5,18,18,600.0,3,16.7,10,55.6,5,565.88,0.0,,,
CV_h5s6n12.txt,GLCT,6,5,18,18,600.0,0,0.0,4,22.2,5,567.54,0.0,,,
CV_h5s6n13.txt,GLCT,6,5,18,18,600.0,0,0.0,5,27.8,5,569.25,0.0,,,
CV_h5s6n14.txt,GLCT,6,5,18,18,600.0,0,0.0,5,27.8,4,456.67,0.0,,,
CV_h5s6n15.txt,GLCT,6,5,18,18,600.0,0,0.0,4,22.2,4,438.47,0.0,,,
CV_h5s6n16.txt,GLCT,6,5,18,18,600.0,0,0.0,4,22.2,5,564.33,0.0,,,
CV_h5s6n17.txt,GLCT,6,5,18,18,600.0,0,0.0,3,16.7,5,561.64,0.0,,,
CV_h5s6n18.txt,GLCT,6,5,18,18,600.0,2,11.1,8,44.4,5,582.89,0.0,,,
CV_h5s6n19.txt,GLCT,6,5,18,18,600.0,0,0.0,3,16.7,5,564.92,0.0,,,
CV_h5s6n2.txt,GLCT,6,5,18,18,600.0,0,0.0,4,22.2,4,480.28,0.0,,,
CV_h5s6n20.txt,GLCT,6,5,18,18,600.0,0,0.0,8,44.4,4,424.88,0.0,,,
CV_h5s6n21.txt,GLCT,6,5,18,18,600.0,1,5.6,4,22.2,4,472.13,0.0,,,
CV_h5s6n22.txt,GLCT,6,5,18,18,600.0,0,0.0,3,16.7,5,561.40,0.0,,,
CV_h5s6n23.txt,GLCT,6,5,18,18,600.0,0,0.0,4,22.2,5,559.42,0.0,,,
CV_h5s6n24.txt,GLCT,6,5,18,18,600.0,0,0.0,3,16.7,5,583.76,0.0,,,
CV_h5s6n25.txt,GLCT,6,5,18,18,600.0,1,5.6,4,22.2,4,468.08,0.0,,,
CV_h5s6n26.txt,GLCT,6,5,18,18,600.0,0,0.0,3,16.7,5,595.37,0.0,,,
CV_h5s6n27.txt,GLCT,6,5,18,18,600.0,1,5.6,3,16.7,5,589.08,0.0,,,
CV_h5s6n28.txt,GLCT,6,5,18,18,600.0,2,11.1,10,55.6,4,439.92,0.0,,,
CV_h5s6n29.txt,GLCT,6,5,18,18,600.0,0,0.0,4,22.2,5,581.99,0.0,,,
CV_h5s6n3.txt,GLCT,6,5,18,18,600.0,0,0.0,3,16.7,4,432.49,0.0,,,
CV_h5s6n30.txt,GLCT,6,5,18,18,600.0,4,22.2,6,33.3,4,463.24,0.0,,,
CV_h5s6n31.txt,GLCT,6,5,18,18,600.0,0,0.0,5,27.8,4,455.37,0.0,,,
CV_h5s6n32.txt,GLCT,6,5,18,18,600.0,0,0.0,5,27.8,4,431.51,0.0,,,
CV_h5s6n33.txt,GLCT,6,5,18,18,600.0,1,5.6,4,22.2,5,590.78,0.0,,,
CV_h5s6n34.txt,GLCT,6,5,18,18,600.0,0,0.0,7,38.9,4,443.05,0.0,,,
CV_h5s6n35.txt,GLCT,6,5,18,18,600.0,1,5.6,6,33.3,4,486.12,0.0,,,
CV_h5s6n36.txt,GLCT,6,5,18,18,600.0,2,11.1,4,22.2,4,479.89,0.0,,,
CV_h5s6n37.txt,GLCT,6,5,18,18,600.0,0,0.0,3,16.7,5,563.88,0.0,,,
CV_h5s6n38.txt,GLCT,6,5,18,18,600.0,0,0.0,6,33.3,4,453.58,0.0,,,
CV_h5s6n39.txt,GLCT,6,5,18,18,600.0,0,0.0,5,27.8,4,446.33,0.0,,,
CV_h5s6n4.txt,GLCT,6,5,18,18,600.0,0,0.0,4,22.2,4,462.66,0.0,,,
CV_h5s6n40.txt,GLCT,6,5,18,18,600.0,1,5.6,5,27.8,5,584.86,0.0,,,
CV_h5s6n5.txt,GLCT,6,5,18,18,600.0,0,0.0,8,44.4,5,586.42,0.0,,,
CV_h5s6n6.txt,GLCT,6,5,18,18,600.0,0,0.0,3,16.7,5,561.69,0.0,,,
CV_h5s6n7.txt,GLCT,6,5,18,18,600.0,0,0.0,2,11.1,5,580.33,0.0,,,
CV_h5s6n8.txt,GLCT,6,5,18,18,600.0,1,5.6,4,22.2,5,588.81,0.0,,,
CV_h5s6n9.txt,GLCT,6,5,18,18,600.0,0,0.0,3,16.7,4,445.31,0.0,,,
CV_h5s7n1.txt,GLCT,7,5,21,21,600.0,0,0.0,9,42.9,4,446.27,0.0,,,
CV_h5s7n10.txt,GLCT,7,5,21,21,600.0,0,0.0,11,52.4,5,585.54,0.0,,,
CV_h5s7n11.txt,GLCT,7,5,21,21,600.0,0,0.0,4,19.0,5,530.75,0.0,,,
CV_h5s7n12.txt,GLCT,7,5,21,21,600.0,1,4.8,7,33.3,5,535.12,0.0,,,
CV_h5s7n13.txt,GLCT,7,5,21,21,600.0,0,0.0,3,14.3,5,560.15,0.0,,,
CV_h5s7n14.txt,GLCT,7,5,21,21,600.0,0,0.0,5,23.8,5,572.00,0.0,,,
CV_h5s7n15.txt,GLCT,7,5,21,21,600.0,0,0.0,5,23.8,5,562.64,0.0,,,
CV_h5s7n16.txt,GLCT,7,5,21,21,600.0,3,14.3,5,23.8,5,596.37,0.0,,,
CV_h5s7n17.txt,GLCT,7,5,21,21,600.0,1,4.8,7,33.3,4,458.87,0.0,,,
CV_h5s7n18.txt,GLCT,7,5,21,21,600.0,5,23.8,7,33.3,4,505.73,0.0,,,
CV_h5s7n19.txt,GLCT,7,5,21,21,600.0,0,0.0,3,14.3,5,547.73,0.0,,,
CV_h5s7n2.txt,GLCT,7,5,21,21,600.0,0,0.0,5,23.8,4,429.06,0.0,,,
CV_h5s7n20.txt,GLCT,7,5,21,21,600.0,0,0.0,9,42.9,4,428.85,0.0,,,
CV_h5s7n21.txt,GLCT,7,5,21,21,600.0,0,0.0,5,23.8,5,596.54,0.0,,,
CV_h5s7n22.txt,GLCT,7,5,21,21,600.0,0,0.0,6,28.6,5,595.37,0.0,,,
CV_h5s7n23.txt,GLCT,7,5,21,21,600.0,0,0.0,5,23.8,5,568.79,0.0,,,
CV_h5s7n24.txt,GLCT,7,5,21,21,600.0,1,4.8,7,33.3,4,460.71,0.0,,,
CV_h5s7n25.txt,GLCT,7,5,21,21,600.0,1,4.8,6,28.6,5,578.44,0.0,,,
CV_h5s7n26.txt,GLCT,7,5,21,21,600.0,0,0.0,5,23.8,5,551.51,0.0,,,
CV_h5s7n27.txt,GLCT,7,5,21,21,600.0,0,0.0,5,23.8,5,588.60,0.0,,,
CV_h5s7n28.txt,GLCT,7,5,21,21,600.0,2,9.5,9,42.9,4,472.55,0.0,,,
CV_h5s7n29.txt,GLCT,7,5,21,21,600.0,1,4.8,4,19.0,4,489.21,0.0,,,
CV_h5s7n3.txt,GLCT,7,5,21,21,600.0,3,14.3,6,28.6,4,468.66,0.0,,,
CV_h5s7n30.txt,GLCT,7,5,21,21,600.0,2,9.5,6,28.6,5,590.07,0.0,,,
CV_h5s7n31.txt,GLCT,7,5,21,21,600.0,0,0.0,4,19.0,5,532.74,0.0,,,
CV_h5s7n32.txt,GLCT,7,5,21,21,600.0,1,4.8,4,19.0,4,466.42,0.0,,,
CV_h5s7n33.txt,GLCT,7,5,21,21,600.0,0,0.0,4,19.0,5,579.73,0.0,,,
CV_h5s7n34.txt,GLCT,7,5,21,21,600.0,0,0.0,6,28.6,5,544.71,0.0,,,
CV_h5s7n35.txt,GLCT,7,5,21,21,600.0,0,0.0,4,19.0,4,482.45,0.0,,,
CV_h5s7n36.txt,GLCT,7,5,21,21,600.0,0,0.0,6,28.6,4,432.30,0.0,,,
CV_h5s7n37.txt,GLCT,7,5,21,21,600.0,0,0.0,5,23.8,5,573.59,0.0,,,
CV_h5s7n38.txt,GLCT,7,5,21,21,600.0,1,4.8,3,14.3,5,569.95,0.0,,,
CV_h5s7n39.txt,GLCT,7,5,21,21,600.0,0,0.0,6,28.6,5,569.04,0.0,,,
CV_h5s7n4.txt,GLCT,7,5,21,21,600.0,0,0.0,6,28.6,4,437.51,0.0,,,
CV_h5s7n40.txt,GLCT,7,5,21,21,600.0,0,0.0,8,38.1,5,570.80,0.0,,,
CV_h5s7n5.txt,GLCT,7,5,21,21,600.0,0,0.0,4,19.0,5,548.63,0.0,,,
CV_h5s7n6.txt,GLCT,7,5,21,21,600.0,1,4.8,7,33.3,5,560.45,0.0,,,
CV_h5s7n7.txt,GLCT,7,5,21,21,600.0,0,0.0,3,14.3,5,550.24,0.0,,,
CV_h5s7n8.txt,GLCT,7,5,21,21,600.0,0,0.0,10,47.6,5,573.57,0.0,,,
CV_h5s7n9.txt,GLCT,7,5,21,21,600.0,0,0.0,4,19.0,5,560.96,0.0,,,
CV_h5s8n1.txt,GLCT,8,5,24,24,600.0,0,0.0,3,12.5,4,493.07,0.0,,,
CV_h5s8n10.txt,GLCT,8,5,24,24,600.0,0,0.0,6,25.0,4,457.94,0.0,,,
CV_h5s8n11.txt,GLCT,8,5,24,24,600.0,1,4.2,4,16.7,5,563.06,0.0,,,
CV_h5s8n12.txt,GLCT,8,5,24,24,600.0,0,0.0,7,29.2,5,572.17,0.0,,,
CV_h5s8n13.txt,GLCT,8,5,24,24,600.0,0,0.0,3,12.5,5,585.37,0.0,,,
CV_h5s8n14.txt,GLCT,8,5,24,24,600.0,0,0.0,4,16.7,5,541.82,0.0,,,
CV_h5s8n15.txt,GLCT,8,5,24,24,600.0,0,0.0,6,25.0,5,596.37,0.0,,,
CV_h5s8n16.txt,GLCT,8,5,24,24,600.0,1,4.2,7,29.2,4,459.01,0.0,,,
CV_h5s8n17.txt,GLCT,8,5,24,24,600.0,1,4.2,11,45.8,5,559.05,0.0,,,
CV_h5s8n18.txt,GLCT,8,5,24,24,600.0,0,0.0,4,16.7,5,582.14,0.0,,,
CV_h5s8n19.txt,GLCT,8,5,24,24,600.0,0,0.0,8,33.3,5,560.35,0.0,,,
CV_h5s8n2.txt,GLCT,8,5,24,24,600.0,0,0.0,4,16.7,5,562.68,0.0,,,
CV_h5s8n20.txt,GLCT,8,5,24,24,600.0,0,0.0,4,16.7,5,594.33,0.0,,,
CV_h5s8n21.txt,GLCT,8,5,24,24,600.0,0,0.0,7,29.2,4,453.65,0.0,,,
CV_h5s8n22.txt,GLCT,8,5,24,24,600.0,0,0.0,5,20.8,5,530.25,0.0,,,
CV_h5s8n23.txt,GLCT,8,5,24,24,600.0,0,0.0,5,20.8,4,488.76,0.0,,,
CV_h5s8n24.txt,GLCT,8,5,24,24,600.0,0,0.0,5,20.8,5,531.04,0.0,,,
CV_h5s8n25.txt,GLCT,8,5,24,24,600.0,1,4.2,7,29.2,5,584.56,0.0,,,
CV_h5s8n26.txt,GLCT,8,5,24,24,600.0,0,0.0,3,12.5,5,586.28,0.0,,,
CV_h5s8n27.txt,GLCT,8,5,24,24,600.0,0,0.0,4,16.7,5,577.32,0.0,,,
CV_h5s8n28.txt,GLCT,8,5,24,24,600.0,0,0.0,5,20.8,5,562.51,0.0,,,
CV_h5s8n29.txt,GLCT,8,5,24,24,600.0,0,0.0,5,20.8,5,582.35,0.0,,,
CV_h5s8n3.txt,GLCT,8,5,24,24,600.0,0,0.0,6,25.0,4,499.52,0.0,,,
CV_h5s8n30.txt,GLCT,8,5,24,24,600.0,0,0.0,4,16.7,5,572.35,0.0,,,
CV_h5s8n31.txt,GLCT,8,5,24,24,600.0,0,0.0,3,12.5,5,599.80,0.0,,,
CV_h5s8n32.txt,GLCT,8,5,24,24,600.0,0,0.0,3,12.5,5,566.27,0.0,,,
CV_h5s8n33.txt,GLCT,8,5,24,24,600.0,0,0.0,4,16.7,5,583.52,0.0,,,
CV_h5s8n34.txt,GLCT,8,5,24,24,600.0,0,0.0,3,12.5,5,595.96,0.0,,,
CV_h5s8n35.txt,GLCT,8,5,24,24,600.0,0,0.0,4,16.7,5,589.30,0.0,,,
CV_h5s8n36.txt,GLCT,8,5,24,24,600.0,0,0.0,4,16.7,5,582.60,0.0,,,
CV_h5s8n37.txt,GLCT,8,5,24,24,600.0,0,0.0,5,20.8,5,533.99,0.0,,,
CV_h5s8n38.txt,GLCT,8,5,24,24,600.0,0,0.0,7,29.2,5,579.19,0.0,,,
CV_h5s8n39.txt,GLCT,8,5,24,24,600.0,0,0.0,4,16.7,5,582.07,0.0,,,
CV_h5s8n4.txt,GLCT,8,5,24,24,600.0,1,4.2,6,25.0,4,469.51,0.0,,,
CV_h5s8n40.txt,GLCT,8,5,24,24,600.0,1,4.2,6,25.0,5,591.81,0.0,,,
CV_h5s8n5.txt,GLCT,8,5,24,24,600.0,0,0.0,7,29.2,4,477.88,0.0,,,
CV_h5s8n6.txt,GLCT,8,5,24,24,600.0,0,0.0,5,20.8,5,568.40,0.0,,,
CV_h5s8n7.txt,GLCT,8,5,24,24,600.0,0,0.0,4,16.7,5,583.19,0.0,,,
CV_h5s8n8.txt,GLCT,8,5,24,24,600.0,2,8.3,4,16.7,4,515.77,0.0,,,
CV_h5s8n9.txt,GLCT,8,5,24,24,600.0,0,0.0,4,16.7,5,547.37,0.0,,,
CV_h6s4n1.txt,GLCT,4,6,16,16,600.0,0,0.0,4,25.0,5,589.00,0.0,,,
CV_h6s4n10.txt,GLCT,4,6,16,16,600.0,0,0.0,5,31.2,5,596.78,0.0,,,
CV_h6s4n11.txt,GLCT,4,6,16,16,600.0,0,0.0,3,18.8,4,472.18,0.0,,,
CV_h6s4n12.txt,GLCT,4,6,16,16,600.0,3,18.8,4,25.0,5,538.08,0.0,,,
CV_h6s4n13.txt,GLCT,4,6,16,16,600.0,0,0.0,4,25.0,5,558.46,0.0,,,
CV_h6s4n14.txt,GLCT,4,6,16,16,600.0,0,0.0,2,12.5,4,464.41,0.0,,,
CV_h6s4n15.txt,GLCT,4,6,16,16,600.0,1,6.2,3,18.8,5,592.61,0.0,,,
CV_h6s4n16.txt,GLCT,4,6,16,16,600.0,0,0.0,2,12.5,4,461.72,0.0,,,
CV_h6s4n17.txt,GLCT,4,6,16,16,600.0,0,0.0,3,18.8,4,455.32,0.0,,,
CV_h6s4n18.txt,GLCT,4,6,16,16,600.0,0,0.0,1,6.2,4,455.36,0.0,,,
CV_h6s4n19.txt,GLCT,4,6,16,16,600.0,0,0.0,2,12.5,3,355.75,0.0,,,
CV_h6s4n2.txt,GLCT,4,6,16,16,600.0,0,0.0,4,25.0,5,592.00,0.0,,,
CV_h6s4n20.txt,GLCT,4,6,16,16,600.0,0,0.0,6,37.5,5,591.92,0.0,,,
CV_h6s4n21.txt,GLCT,4,6,16,16,600.0,0,0.0,2,12.5,3,362.59,0.0,,,
CV_h6s4n22.txt,GLCT,4,6,16,16,600.0,0,0.0,2,12.5,4,459.44,0.0,,,
CV_h6s4n23.txt,GLCT,4,6,16,16,600.0,0,0.0,3,18.8,3,357.12,0.0,,,
CV_h6s4n24.txt,GLCT,4,6,16,16,600.0,0,0.0,4,25.0,3,339.53,0.0,,,
CV_h6s4n25.txt,GLCT,4,6,16,16,600.0,1,6.2,4,25.0,3,345.79,0.0,,,
CV_h6s4n26.txt,GLCT,4,6,16,16,600.0,0,0.0,5,31.2,5,528.22,0.0,,,
CV_h6s4n27.txt,GLCT,4,6,16,16,600.0,0,0.0,4,25.0,5,521.24,0.0,,,
CV_h6s4n28.txt,GLCT,4,6,16,16,600.0,0,0.0,3,18.8,5,587.71,0.0,,,
CV_h6s4n29.txt,GLCT,4,6,16,16,600.0,0,0.0,2,12.5,4,487.86,0.0,,,
CV_h6s4n3.txt,GLCT,4,6,16,16,600.0,2,12.5,3,18.8,5,575.61,0.0,,,
CV_h6s4n30.txt,GLCT,4,6,16,16,600.0,0,0.0,2,12.5,3,340.95,0.0,,,
CV_h6s4n31.txt,GLCT,4,6,16,16,600.0,1,6.2,3,18.8,3,327.88,0.0,,,
CV_h6s4n32.txt,GLCT,4,6,16,16,600.0,2,12.5,3,18.8,2,213.90,0.0,,,
CV_h6s4n33.txt,GLCT,4,6,16,16,600.0,0,0.0,2,12.5,4,495.37,0.0,,,
CV_h6s4n34.txt,GLCT,4,6,16,16,600.0,1,6.2,3,18.8,5,594.03,0.0,,,
CV_h6s4n35.txt,GLCT,4,6,16,16,600.0,0,0.0,1,6.2,4,454.06,0.0,,,
CV_h6s4n36.txt,GLCT,4,6,16,16,600.0,0,0.0,3,18.8,4,457.96,0.0,,,
CV_h6s4n37.txt,GLCT,4,6,16,16,600.0,1,6.2,4,25.0,5,596.43,0.0,,,
CV_h6s4n38.txt,GLCT,4,6,16,16,600.0,0,0.0,2,12.5,4,463.18,0.0,,,
CV_h6s4n39.txt,GLCT,4,6,16,16,600.0,1,6.2,2,12.5,3,366.25,0.0,,,
CV_h6s4n4.txt,GLCT,4,6,16,16,600.0,1,6.2,3,18.8,4,463.67,0.0,,,
CV_h6s4n40.txt,GLCT,4,6,16,16,600.0,0,0.0,2,12.5,5,596.78,0.0,,,
CV_h6s4n5.txt,GLCT,4,6,16,16,600.0,0,0.0,2,12.5,4,469.88,0.0,,,
CV_h6s4n6.txt,GLCT,4,6,16,16,600.0,1,6.2,6,37.5,4,436.11,0.0,,,
CV_h6s4n7.txt,GLCT,4,6,16,16,600.0,0,0.0,3,18.8,5,569.93,0.0,,,
CV_h6s4n8.txt,GLCT,4,6,16,16,600.0,1,6.2,3,18.8,3,366.25,0.0,,,
CV_h6s4n9.txt,GLCT,4,6,16,16,600.0,0,0.0,2,12.5,4,460.80,0.0,,,
CV_h6s5n1.txt,GLCT,5,6,20,20,600.0,0,0.0,3,15.0,4,466.37,0.0,,,
CV_h6s5n10.txt,GLCT,5,6,20,20,600.0,0,0.0,4,20.0,5,591.00,0.0,,,
CV_h6s5n11.txt,GLCT,5,6,20,20,600.0,1,5.0,8,40.0,5,566.03,0.0,,,
CV_h6s5n12.txt,GLCT,5,6,20,20,600.0,0,0.0,3,15.0,4,471.98,0.0,,,
CV_h6s5n13.txt,GLCT,5,6,20,20,600.0,1,5.0,4,20.0,4,482.74,0.0,,,
CV_h6s5n14.txt,GLCT,5,6,20,20,600.0,0,0.0,3,15.0,4,433.99,0.0,,,
CV_h6s5n15.txt,GLCT,5,6,20,20,600.0,0,0.0,4,20.0,4,489.53,0.0,,,
CV_h6s5n16.txt,GLCT,5,6,20,20,600.0,0,0.0,2,10.0,4,469.27,0.0,,,
CV_h6s5n17.txt,GLCT,5,6,20,20,600.0,1,5.0,2,10.0,4,469.88,0.0,,,
CV_h6s5n18.txt,GLCT,5,6,20,20,600.0,0,0.0,4,20.0,5,567.05,0.0,,,
CV_h6s5n19.txt,GLCT,5,6,20,20,600.0,0,0.0,3,15.0,4,485.88,0.0,,,
CV_h6s5n2.txt,GLCT,5,6,20,20,600.0,0,0.0,4,20.0,4,471.10,0.0,,,
CV_h6s5n20.txt,GLCT,5,6,20,20,600.0,0,0.0,1,5.0,5,599.89,0.0,,,
CV_h6s5n21.txt,GLCT,5,6,20,20,600.0,0,0.0,3,15.0,4,453.93,0.0,,,
CV_h6s5n22.txt,GLCT,5,6,20,20,600.0,0,0.0,4,20.0,5,585.62,0.0,,,
CV_h6s5n23.txt,GLCT,5,6,20,20,600.0,0,0.0,2,10.0,4,469.27,0.0,,,
CV_h6s5n24.txt,GLCT,5,6,20,20,600.0,1,5.0,2,10.0,4,445.23,0.0,,,
CV_h6s5n25.txt,GLCT,5,6,20,20,600.0,0,0.0,4,20.0,4,440.08,0.0,,,
CV_h6s5n26.txt,GLCT,5,6,20,20,600.0,0,0.0,3,15.0,5,582.30,0.0,,,
CV_h6s5n27.txt,GLCT,5,6,20,20,600.0,0,0.0,6,30.0,5,555.43,0.0,,,
CV_h6s5n28.txt,GLCT,5,6,20,20,600.0,0,0.0,4,20.0,5,576.09,0.0,,,
CV_h6s5n29.txt,GLCT,5,6,20,20,600.0,0,0.0,4,20.0,4,469.11,0.0,,,
CV_h6s5n3.txt,GLCT,5,6,20,20,600.0,1,5.0,3,15.0,4,466.89,0.0,,,
CV_h6s5n30.txt,GLCT,5,6,20,20,600.0,0,0.0,3,15.0,5,592.00,0.0,,,
CV_h6s5n31.txt,GLCT,5,6,20,20,600.0,0,0.0,1,5.0,5,591.89,0.0,,,
CV_h6s5n32.txt,GLCT,5,6,20,20,600.0,3,15.0,7,35.0,5,566.34,0.0,,,
CV_h6s5n33.txt,GLCT,5,6,20,20,600.0,1,5.0,4,20.0,4,501.98,0.0,,,
CV_h6s5n34.txt,GLCT,5,6,20,20,600.0,0,0.0,3,15.0,4,479.58,0.0,,,
CV_h6s5n35.txt,GLCT,5,6,20,20,600.0,0,0.0,2,10.0,4,443.73,0.0,,,
CV_h6s5n36.txt,GLCT,5,6,20,20,600.0,0,0.0,3,15.0,4,462.41,0.0,,,
CV_h6s5n37.txt,GLCT,5,6,20,20,600.0,0,0.0,2,10.0,5,597.70,0.0,,,
CV_h6s5n38.txt,GLCT,5,6,20,20,600.0,1,5.0,3,15.0,4,465.82,0.0,,,
CV_h6s5n39.txt,GLCT,5,6,20,20,600.0,0,0.0,4,20.0,4,473.45,0.0,,,
CV_h6s5n4.txt,GLCT,5,6,20,20,600.0,0,0.0,7,35.0,5,553.04,0.0,,,
CV_h6s5n40.txt,GLCT,5,6,20,20,600.0,1,5.0,3,15.0,5,582.25,0.0,,,
CV_h6s5n5.txt,GLCT,5,6,20,20,600.0,0,0.0,2,10.0,5,581.92,0.0,,,
CV_h6s5n6.txt,GLCT,5,6,20,20,600.0,0,0.0,3,15.0,4,484.28,0.0,,,
CV_h6s5n7.txt,GLCT,5,6,20,20,600.0,0,0.0,4,20.0,4,422.61,0.0,,,
CV_h6s5n8.txt,GLCT,5,6,20,20,600.0,0,0.0,3,15.0,4,479.58,0.0,,,
CV_h6s5n9.txt,GLCT,5,6,20,20,600.0,1,5.0,5,25.0,5,579.51,0.0,,,
CV_h6s6n1.txt,GLCT,6,6,24,24,600.0,0,0.0,2,8.3,5,595.50,0.0,,,
CV_h6s6n10.txt,GLCT,6,6,24,24,600.0,0,0.0,3,12.5,5,585.54,0.0,,,
CV_h6s6n11.txt,GLCT,6,6,24,24,600.0,0,0.0,1,4.2,4,488.36,0.0,,,
CV_h6s6n12.txt,GLCT,6,6,24,24,600.0,2,8.3,5,20.8,5,593.47,0.0,,,
CV_h6s6n13.txt,GLCT,6,6,24,24,600.0,0,0.0,5,20.8,5,534.88,0.0,,,
CV_h6s6n14.txt,GLCT,6,6,24,24,600.0,0,0.0,6,25.0,4,465.45,0.0,,,
CV_h6s6n15.txt,GLCT,6,6,24,24,600.0,1,4.2,6,25.0,4,456.98,0.0,,,
CV_h6s6n16.txt,GLCT,6,6,24,24,600.0,2,8.3,6,25.0,5,586.41,0.0,,,
CV_h6s6n17.txt,GLCT,6,6,24,24,600.0,0,0.0,3,12.5,5,553.34,0.0,,,
CV_h6s6n18.txt,GLCT,6,6,24,24,600.0,0,0.0,2,8.3,5,598.70,0.0,,,
CV_h6s6n19.txt,GLCT,6,6,24,24,600.0,0,0.0,3,12.5,5,594.64,0.0,,,
CV_h6s6n2.txt,GLCT,6,6,24,24,600.0,1,4.2,5,20.8,5,596.61,0.0,,,
CV_h6s6n20.txt,GLCT,6,6,24,24,600.0,0,0.0,8,33.3,4,474.85,0.0,,,
CV_h6s6n21.txt,GLCT,6,6,24,24,600.0,0,0.0,7,29.2,5,592.22,0.0,,,
CV_h6s6n22.txt,GLCT,6,6,24,24,600.0,0,0.0,3,12.5,5,576.87,0.0,,,
CV_h6s6n23.txt,GLCT,6,6,24,24,600.0,0,0.0,5,20.8,5,556.89,0.0,,,
CV_h6s6n24.txt,GLCT,6,6,24,24,600.0,0,0.0,3,12.5,4,459.14,0.0,,,
CV_h6s6n25.txt,GLCT,6,6,24,24,600.0,1,4.2,2,8.3,4,477.24,0.0,,,
CV_h6s6n26.txt,GLCT,6,6,24,24,600.0,0,0.0,4,16.7,5,594.27,0.0,,,
CV_h6s6n27.txt,GLCT,6,6,24,24,600.0,1,4.2,4,16.7,5,587.91,0.0,,,
CV_h6s6n28.txt,GLCT,6,6,24,24,600.0,1,4.2,2,8.3,5,591.74,0.0,,,
CV_h6s6n29.txt,GLCT,6,6,24,24,600.0,0,0.0,3,12.5,5,585.53,0.0,,,
CV_h6s6n3.txt,GLCT,6,6,24,24,600.0,3,12.5,5,20.8,5,590.96,0.0,,,
CV_h6s6n30.txt,GLCT,6,6,24,24,600.0,0,0.0,2,8.3,5,596.06,0.0,,,
CV_h6s6n31.txt,GLCT,6,6,24,24,600.0,1,4.2,5,20.8,4,488.81,0.0,,,
CV_h6s6n32.txt,GLCT,6,6,24,24,600.0,0,0.0,4,16.7,5,591.70,0.0,,,
CV_h6s6n33.txt,GLCT,6,6,24,24,600.0,0,0.0,5,20.8,5,565.81,0.0,,,
CV_h6s6n34.txt,GLCT,6,6,24,24,600.0,0,0.0,3,12.5,5,574.60,0.0,,,
CV_h6s6n35.txt,GLCT,6,6,24,24,600.0,0,0.0,3,12.5,4,479.69,0.0,,,
CV_h6s6n36.txt,GLCT,6,6,24,24,600.0,0,0.0,3,12.5,4,466.93,0.0,,,
CV_h6s6n37.txt,GLCT,6,6,24,24,600.0,0,0.0,3,12.5,5,598.27,0.0,,,
CV_h6s6n38.txt,GLCT,6,6,24,24,600.0,0,0.0,3,12.5,5,584.45,0.0,,,
CV_h6s6n39.txt,GLCT,6,6,24,24,600.0,0,0.0,2,8.3,5,583.80,0.0,,,
CV_h6s6n4.txt,GLCT,6,6,24,24,600.0,2,8.3,3,12.5,4,473.45,0.0,,,
CV_h6s6n40.txt,GLCT,6,6,24,24,600.0,0,0.0,3,12.5,5,592.07,0.0,,,
CV_h6s6n5.txt,GLCT,6,6,24,24,600.0,0,0.0,1,4.2,4,480.67,0.0,,,
CV_h6s6n6.txt,GLCT,6,6,24,24,600.0,0,0.0,3,12.5,5,591.69,0.0,,,
CV_h6s6n7.txt,GLCT,6,6,24,24,600.0,0,0.0,3,12.5,5,597.25,0.0,,,
CV_h6s6n8.txt,GLCT,6,6,24,24,600.0,0,0.0,4,16.7,5,583.52,0.0,,,
CV_h6s6n9.txt,GLCT,6,6,24,24,600.0,1,4.2,3,12.5,5,597.99,0.0,,,
CV_h6s7n1.txt,GLCT,7,6,28,28,600.0,1,3.6,3,10.7,5,569.22,0.0,,,
CV_h6s7n10.txt,GLCT,7,6,28,28,600.0,2,7.1,4,14.3,5,586.55,0.0,,,
CV_h6s7n11.txt,GLCT,7,6,28,28,600.0,0,0.0,2,7.1,5,587.42,0.0,,,
CV_h6s7n12.txt,GLCT,7,6,28,28,600.0,2,7.1,6,21.4,5,569.65,0.0,,,
CV_h6s7n13.txt,GLCT,7,6,28,28,600.0,0,0.0,5,17.9,4,454.74,0.0,,,
CV_h6s7n14.txt,GLCT,7,6,28,28,600.0,0,0.0,1,3.6,4,465.10,0.0,,,
CV_h6s7n15.txt,GLCT,7,6,28,28,600.0,0,0.0,4,14.3,5,596.26,0.0,,,
CV_h6s7n16.txt,GLCT,7,6,28,28,600.0,1,3.6,4,14.3,5,572.97,0.0,,,
CV_h6s7n17.txt,GLCT,7,6,28,28,600.0,2,7.1,4,14.3,4,482.11,0.0,,,
CV_h6s7n18.txt,GLCT,7,6,28,28,600.0,1,3.6,3,10.7,5,599.62,0.0,,,
CV_h6s7n19.txt,GLCT,7,6,28,28,600.0,0,0.0,5,17.9,4,465.23,0.0,,,
CV_h6s7n2.txt,GLCT,7,6,28,28,600.0,0,0.0,1,3.6,4,497.39,0.0,,,
CV_h6s7n20.txt,GLCT,7,6,28,28,600.0,1,3.6,2,7.1,4,476.90,0.0,,,
CV_h6s7n21.txt,GLCT,7,6,28,28,600.0,0,0.0,1,3.6,4,488.18,0.0,,,
CV_h6s7n22.txt,GLCT,7,6,28,28,600.0,0,0.0,4,14.3,4,473.46,0.0,,,
CV_h6s7n23.txt,GLCT,7,6,28,28,600.0,0,0.0,7,25.0,5,540.60,0.0,,,
CV_h6s7n24.txt,GLCT,7,6,28,28,600.0,0,0.0,4,14.3,5,593.96,0.0,,,
CV_h6s7n25.txt,GLCT,7,6,28,28,600.0,0,0.0,2,7.1,5,595.24,0.0,,,
CV_h6s7n26.txt,GLCT,7,6,28,28,600.0,0,0.0,5,17.9,5,578.16,0.0,,,
CV_h6s7n27.txt,GLCT,7,6,28,28,600.0,0,0.0,1,3.6,4,480.96,0.0,,,
CV_h6s7n28.txt,GLCT,7,6,28,28,600.0,0,0.0,1,3.6,5,597.88,0.0,,,
CV_h6s7n29.txt,GLCT,7,6,28,28,600.0,1,3.6,3,10.7,4,509.96,0.0,,,
CV_h6s7n3.txt,GLCT,7,6,28,28,600.0,1,3.6,3,10.7,5,572.08,0.0,,,
CV_h6s7n30.txt,GLCT,7,6,28,28,600.0,1,3.6,5,17.9,5,580.98,0.0,,,
CV_h6s7n31.txt,GLCT,7,6,28,28,600.0,0,0.0,2,7.1,5,581.58,0.0,,,
CV_h6s7n32.txt,GLCT,7,6,28,28,600.0,0,0.0,3,10.7,5,587.19,0.0,,,
CV_h6s7n33.txt,GLCT,7,6,28,28,600.0,0,0.0,1,3.6,4,488.20,0.0,,,
CV_h6s7n34.txt,GLCT,7,6,28,28,600.0,0,0.0,4,14.3,5,591.99,0.0,,,
CV_h6s7n35.txt,GLCT,7,6,28,28,600.0,0,0.0,1,3.6,4,474.32,0.0,,,
CV_h6s7n36.txt,GLCT,7,6,28,28,600.0,0,0.0,3,10.7,5,596.58,0.0,,,
CV_h6s7n37.txt,GLCT,7,6,28,28,600.0,0,0.0,4,14.3,4,471.41,0.0,,,
CV_h6s7n38.txt,GLCT,7,6,28,28,600.0,0,0.0,5,17.9,5,569.25,0.0,,,
CV_h6s7n39.txt,GLCT,7,6,28,28,600.0,1,3.6,5,17.9,4,481.15,0.0,,,
CV_h6s7n4.txt,GLCT,7,6,28,28,600.0,0,0.0,2,7.1,5,588.25,0.0,,,
CV_h6s7n40.txt,GLCT,7,6,28,28,600.0,0,0.0,3,10.7,4,482.83,0.0,,,
CV_h6s7n5.txt,GLCT,7,6,28,28,600.0,0,0.0,5,17.9,5,580.89,0.0,,,
CV_h6s7n6.txt,GLCT,7,6,28,28,600.0,2,7.1,3,10.7,5,599.71,0.0,,,
CV_h6s7n7.txt,GLCT,7,6,28,28,600.0,1,3.6,5,17.9,5,574.45,0.0,,,
CV_h6s7n8.txt,GLCT,7,6,28,28,600.0,0,0.0,5,17.9,5,590.39,0.0,,,
CV_h6s7n9.txt,GLCT,7,6,28,28,600.0,0,0.0,2,7.1,5,587.24,0.0,,,
CV_h7s10n1.txt,GLCT,10,7,50,50,600.0,0,0.0,1,2.0,4,483.55,0.0,,,
CV_h7s10n10.txt,GLCT,10,7,50,50,600.0,0,0.0,2,4.0,4,489.87,0.0,,,
CV_h7s10n11.txt,GLCT,10,7,50,50,600.0,0,0.0,1,2.0,5,597.84,0.0,,,
CV_h7s10n12.txt,GLCT,10,7,50,50,600.0,0,0.0,1,2.0,4,544.91,0.0,,,
CV_h7s10n13.txt,GLCT,10,7,50,50,600.0,0,0.0,4,8.0,4,494.83,0.0,,,
CV_h7s10n14.txt,GLCT,10,7,50,50,600.0,0,0.0,2,4.0,4,556.19,0.0,,,
CV_h7s10n15.txt,GLCT,10,7,50,50,600.0,0,0.0,1,2.0,4,510.18,0.0,,,
CV_h7s10n16.txt,GLCT,10,7,50,50,600.0,1,2.0,5,10.0,4,487.00,0.0,,,
CV_h7s10n17.txt,GLCT,10,7,50,50,600.0,0,0.0,4,8.0,5,575.34,0.0,,,
CV_h7s10n18.txt,GLCT,10,7,50,50,600.0,0,0.0,4,8.0,4,504.81,0.0,,,
CV_h7s10n19.txt,GLCT,10,7,50,50,600.0,1,2.0,2,4.0,4,488.37,0.0,,,
CV_h7s10n2.txt,GLCT,10,7,50,50,600.0,0,0.0,1,2.0,4,535.50,0.0,,,
CV_h7s10n20.txt,GLCT,10,7,50,50,600.0,0,0.0,4,8.0,4,508.30,0.0,,,
CV_h7s10n21.txt,GLCT,10,7,50,50,600.0,0,0.0,4,8.0,4,507.20,0.0,,,
CV_h7s10n22.txt,GLCT,10,7,50,50,600.0,0,0.0,2,4.0,4,543.14,0.0,,,
CV_h7s10n23.txt,GLCT,10,7,50,50,600.0,0,0.0,1,2.0,4,499.07,0.0,,,
CV_h7s10n24.txt,GLCT,10,7,50,50,600.0,0,0.0,1,2.0,4,543.65,0.0,,,
CV_h7s10n25.txt,GLCT,10,7,50,50,600.0,2,4.0,3,6.0,4,534.42,0.0,,,
CV_h7s10n26.txt,GLCT,10,7,50,50,600.0,0,0.0,1,2.0,4,529.45,0.0,,,
CV_h7s10n27.txt,GLCT,10,7,50,50,600.0,0,0.0,2,4.0,5,589.72,0.0,,,
CV_h7s10n28.txt,GLCT,10,7,50,50,600.0,0,0.0,1,2.0,4,538.12,0.0,,,
CV_h7s10n29.txt,GLCT,10,7,50,50,600.0,0,0.0,3,6.0,5,594.48,0.0,,,
CV_h7s10n3.txt,GLCT,10,7,50,50,600.0,0,0.0,2,4.0,4,543.81,0.0,,,
CV_h7s10n30.txt,GLCT,10,7,50,50,600.0,0,0.0,2,4.0,4,492.78,0.0,,,
CV_h7s10n31.txt,GLCT,10,7,50,50,600.0,1,2.0,3,6.0,4,466.37,0.0,,,
CV_h7s10n32.txt,GLCT,10,7,50,50,600.0,0,0.0,5,10.0,4,494.72,0.0,,,
CV_h7s10n33.txt,GLCT,10,7,50,50,600.0,0,0.0,1,2.0,4,532.63,0.0,,,
CV_h7s10n34.txt,GLCT,10,7,50,50,600.0,0,0.0,3,6.0,4,476.17,0.0,,,
CV_h7s10n35.txt,GLCT,10,7,50,50,600.0,0,0.0,2,4.0,4,515.62,0.0,,,
CV_h7s10n36.txt,GLCT,10,7,50,50,600.0,0,0.0,4,8.0,5,596.88,0.0,,,
CV_h7s10n37.txt,GLCT,10,7,50,50,600.0,0,0.0,1,2.0,4,500.90,0.0,,,
CV_h7s10n38.txt,GLCT,10,7,50,50,600.0,0,0.0,3,6.0,4,519.01,0.0,,,
CV_h7s10n39.txt,GLCT,10,7,50,50,600.0,0,0.0,1,2.0,4,539.40,0.0,,,
CV_h7s10n4.txt,GLCT,10,7,50,50,600.0,0,0.0,1,2.0,4,524.28,0.0,,,
CV_h7s10n40.txt,GLCT,10,7,50,50,600.0,0,0.0,1,2.0,4,513.03,0.0,,,
CV_h7s10n5.txt,GLCT,10,7,50,50,600.0,0,0.0,1,2.0,4,491.68,0.0,,,
CV_h7s10n6.txt,GLCT,10,7,50,50,600.0,0,0.0,2,4.0,4,494.94,0.0,,,
CV_h7s10n7.txt,GLCT,10,7,50,50,600.0,0,0.0,1,2.0,4,485.83,0.0,,,
CV_h7s10n8.txt,GLCT,10,7,50,50,600.0,0,0.0,1,2.0,5,584.45,0.0,,,
CV_h7s10n9.txt,GLCT,10,7,50,50,600.0,0,0.0,5,10.0,5,568.35,0.0,,,
CV_h7s4n1.txt,GLCT,4,7,20,20,600.0,0,0.0,2,10.0,4,465.91,0.0,,,
CV_h7s4n10.txt,GLCT,4,7,20,20,600.0,0,0.0,3,15.0,4,467.33,0.0,,,
CV_h7s4n11.txt,GLCT,4,7,20,20,600.0,0,0.0,2,10.0,4,471.92,0.0,,,
CV_h7s4n12.txt,GLCT,4,7,20,20,600.0,0,0.0,1,5.0,4,456.69,0.0,,,
CV_h7s4n13.txt,GLCT,4,7,20,20,600.0,0,0.0,1,5.0,4,454.06,0.0,,,
CV_h7s4n14.txt,GLCT,4,7,20,20,600.0,0,0.0,3,15.0,4,492.38,0.0,,,
CV_h7s4n15.txt,GLCT,4,7,20,20,600.0,0,0.0,4,20.0,4,461.49,0.0,,,
CV_h7s4n16.txt,GLCT,4,7,20,20,600.0,0,0.0,2,10.0,4,511.79,0.0,,,
CV_h7s4n17.txt,GLCT,4,7,20,20,600.0,0,0.0,1,5.0,4,461.57,0.0,,,
CV_h7s4n18.txt,GLCT,4,7,20,20,600.0,1,5.0,4,20.0,3,337.91,0.0,,,
CV_h7s4n19.txt,GLCT,4,7,20,20,600.0,0,0.0,2,10.0,4,447.82,0.0,,,
CV_h7s4n2.txt,GLCT,4,7,20,20,600.0,0,0.0,1,5.0,4,499.16,0.0,,,
CV_h7s4n20.txt,GLCT,4,7,20,20,600.0,0,0.0,2,10.0,3,362.44,0.0,,,
CV_h7s4n21.txt,GLCT,4,7,20,20,600.0,0,0.0,3,15.0,5,595.32,0.0,,,
CV_h7s4n22.txt,GLCT,4,7,20,20,600.0,3,15.0,3,15.0,2,232.83,0.0,,,
CV_h7s4n23.txt,GLCT,4,7,20,20,600.0,0,0.0,3,15.0,2,222.78,0.0,,,
CV_h7s4n24.txt,GLCT,4,7,20,20,600.0,0,0.0,1,5.0,4,510.24,0.0,,,
CV_h7s4n25.txt,GLCT,4,7,20,20,600.0,3,15.0,4,20.0,5,541.74,0.0,,,
CV_h7s4n26.txt,GLCT,4,7,20,20,600.0,0,0.0,1,5.0,4,492.38,0.0,,,
CV_h7s4n27.txt,GLCT,4,7,20,20,600.0,0,0.0,1,5.0,4,454.47,0.0,,,
CV_h7s4n28.txt,GLCT,4,7,20,20,600.0,0,0.0,1,5.0,4,439.95,0.0,,,
CV_h7s4n29.txt,GLCT,4,7,20,20,600.0,1,5.0,3,15.0,4,494.32,0.0,,,
CV_h7s4n3.txt,GLCT,4,7,20,20,600.0,0,0.0,5,25.0,5,584.25,0.0,,,
CV_h7s4n30.txt,GLCT,4,7,20,20,600.0,1,5.0,2,10.0,5,595.22,0.0,,,
CV_h7s4n31.txt,GLCT,4,7,20,20,600.0,1,5.0,3,15.0,5,590.42,0.0,,,
CV_h7s4n32.txt,GLCT,4,7,20,20,600.0,0,0.0,1,5.0,4,459.22,0.0,,,
CV_h7s4n33.txt,GLCT,4,7,20,20,600.0,0,0.0,2,10.0,5,588.06,0.0,,,
CV_h7s4n34.txt,GLCT,4,7,20,20,600.0,0,0.0,1,5.0,4,474.55,0.0,,,
CV_h7s4n35.txt,GLCT,4,7,20,20,600.0,0,0.0,2,10.0,4,461.57,0.0,,,
CV_h7s4n36.txt,GLCT,4,7,20,20,600.0,0,0.0,3,15.0,4,453.93,0.0,,,
CV_h7s4n37.txt,GLCT,4,7,20,20,600.0,0,0.0,1,5.0,4,500.49,0.0,,,
CV_h7s4n38.txt,GLCT,4,7,20,20,600.0,0,0.0,1,5.0,4,461.57,0.0,,,
CV_h7s4n39.txt,GLCT,4,7,20,20,600.0,0,0.0,1,5.0,4,465.91,0.0,,,
CV_h7s4n4.txt,GLCT,4,7,20,20,600.0,0,0.0,3,15.0,3,345.53,0.0,,,
CV_h7s4n40.txt,GLCT,4,7,20,20,600.0,0,0.0,3,15.0,3,368.48,0.0,,,
CV_h7s4n5.txt,GLCT,4,7,20,20,600.0,0,0.0,2,10.0,4,510.24,0.0,,,
CV_h7s4n6.txt,GLCT,4,7,20,20,600.0,0,0.0,2,10.0,5,598.40,0.0,,,
CV_h7s4n7.txt,GLCT,4,7,20,20,600.0,0,0.0,3,15.0,3,358.54,0.0,,,
CV_h7s4n8.txt,GLCT,4,7,20,20,600.0,0,0.0,2,10.0,3,374.98,0.0,,,
CV_h7s4n9.txt,GLCT,4,7,20,20,600.0,2,10.0,3,15.0,4,472.79,0.0,,,
CV_h7s5n1.txt,GLCT,5,7,25,25,600.0,0,0.0,1,4.0,4,478.43,0.0,,,
CV_h7s5n10.txt,GLCT,5,7,25,25,600.0,0,0.0,1,4.0,5,592.00,0.0,,,
CV_h7s5n11.txt,GLCT,5,7,25,25,600.0,0,0.0,2,8.0,4,460.80,0.0,,,
CV_h7s5n12.txt,GLCT,5,7,25,25,600.0,0,0.0,2,8.0,4,492.38,0.0,,,
CV_h7s5n13.txt,GLCT,5,7,25,25,600.0,0,0.0,5,20.0,4,463.83,0.0,,,
CV_h7s5n14.txt,GLCT,5,7,25,25,600.0,0,0.0,3,12.0,5,583.84,0.0,,,
CV_h7s5n15.txt,GLCT,5,7,25,25,600.0,0,0.0,2,8.0,5,599.80,0.0,,,
CV_h7s5n16.txt,GLCT,5,7,25,25,600.0,0,0.0,3,12.0,4,484.66,0.0,,,
CV_h7s5n17.txt,GLCT,5,7,25,25,600.0,0,0.0,2,8.0,4,439.04,0.0,,,
CV_h7s5n18.txt,GLCT,5,7,25,25,600.0,1,4.0,4,16.0,4,472.79,0.0,,,
CV_h7s5n19.txt,GLCT,5,7,25,25,600.0,1,4.0,3,12.0,5,582.58,0.0,,,
CV_h7s5n2.txt,GLCT,5,7,25,25,600.0,1,4.0,5,20.0,4,458.55,0.0,,,
CV_h7s5n20.txt,GLCT,5,7,25,25,600.0,0,0.0,1,4.0,4,516.93,0.0,,,
CV_h7s5n21.txt,GLCT,5,7,25,25,600.0,0,0.0,1,4.0,4,531.37,0.0,,,
CV_h7s5n22.txt,GLCT,5,7,25,25,600.0,0,0.0,4,16.0,4,466.02,0.0,,,
CV_h7s5n23.txt,GLCT,5,7,25,25,600.0,0,0.0,1,4.0,4,508.44,0.0,,,
CV_h7s5n24.txt,GLCT,5,7,25,25,600.0,1,4.0,2,8.0,4,499.16,0.0,,,
CV_h7s5n25.txt,GLCT,5,7,25,25,600.0,1,4.0,5,20.0,5,562.09,0.0,,,
CV_h7s5n26.txt,GLCT,5,7,25,25,600.0,0,0.0,1,4.0,4,456.58,0.0,,,
CV_h7s5n27.txt,GLCT,5,7,25,25,600.0,0,0.0,1,4.0,4,472.42,0.0,,,
CV_h7s5n28.txt,GLCT,5,7,25,25,600.0,0,0.0,2,8.0,4,466.22,0.0,,,
CV_h7s5n29.txt,GLCT,5,7,25,25,600.0,0,0.0,2,8.0,5,588.50,0.0,,,
CV_h7s5n3.txt,GLCT,5,7,25,25,600.0,0,0.0,1,4.0,5,598.36,0.0,,,
CV_h7s5n30.txt,GLCT,5,7,25,25,600.0,0,0.0,3,12.0,4,460.80,0.0,,,
CV_h7s5n31.txt,GLCT,5,7,25,25,600.0,0,0.0,1,4.0,4,492.38,0.0,,,
CV_h7s5n32.txt,GLCT,5,7,25,25,600.0,2,8.0,3,12.0,4,522.14,0.0,,,
CV_h7s5n33.txt,GLCT,5,7,25,25,600.0,0,0.0,3,12.0,5,587.19,0.0,,,
CV_h7s5n34.txt,GLCT,5,7,25,25,600.0,1,4.0,3,12.0,4,464.54,0.0,,,
CV_h7s5n35.txt,GLCT,5,7,25,25,600.0,0,0.0,4,16.0,5,591.49,0.0,,,
CV_h7s5n36.txt,GLCT,5,7,25,25,600.0,0,0.0,2,8.0,4,453.06,0.0,,,
CV_h7s5n37.txt,GLCT,5,7,25,25,600.0,1,4.0,2,8.0,4,507.71,0.0,,,
CV_h7s5n38.txt,GLCT,5,7,25,25,600.0,1,4.0,4,16.0,3,372.45,0.0,,,
CV_h7s5n39.txt,GLCT,5,7,25,25,600.0,0,0.0,2,8.0,4,526.25,0.0,,,
CV_h7s5n4.txt,GLCT,5,7,25,25,600.0,0,0.0,2,8.0,4,450.72,0.0,,,
CV_h7s5n40.txt,GLCT,5,7,25,25,600.0,0,0.0,3,12.0,4,480.96,0.0,,,
CV_h7s5n5.txt,GLCT,5,7,25,25,600.0,1,4.0,4,16.0,5,589.18,0.0,,,
CV_h7s5n6.txt,GLCT,5,7,25,25,600.0,0,0.0,3,12.0,4,478.81,0.0,,,
CV_h7s5n7.txt,GLCT,5,7,25,25,600.0,0,0.0,2,8.0,4,469.23,0.0,,,
CV_h7s5n8.txt,GLCT,5,7,25,25,600.0,0,0.0,1,4.0,5,585.73,0.0,,,
CV_h7s5n9.txt,GLCT,5,7,25,25,600.0,0,0.0,3,12.0,4,473.45,0.0,,,
CV_h7s6n1.txt,GLCT,6,7,30,30,600.0,0,0.0,1,3.3,5,592.96,0.0,,,
CV_h7s6n10.txt,GLCT,6,7,30,30,600.0,0,0.0,1,3.3,5,585.66,0.0,,,
CV_h7s6n11.txt,GLCT,6,7,30,30,600.0,0,0.0,2,6.7,4,482.22,0.0,,,
CV_h7s6n12.txt,GLCT,6,7,30,30,600.0,0,0.0,5,16.7,4,522.89,0.0,,,
CV_h7s6n13.txt,GLCT,6,7,30,30,600.0,0,0.0,1,3.3,4,473.22,0.0,,,
CV_h7s6n14.txt,GLCT,6,7,30,30,600.0,2,6.7,5,16.7,4,446.71,0.0,,,
CV_h7s6n15.txt,GLCT,6,7,30,30,600.0,0,0.0,4,13.3,5,592.13,0.0,,,
CV_h7s6n16.txt,GLCT,6,7,30,30,600.0,0,0.0,2,6.7,5,592.55,0.0,,,
CV_h7s6n17.txt,GLCT,6,7,30,30,600.0,0,0.0,4,13.3,5,591.41,0.0,,,
CV_h7s6n18.txt,GLCT,6,7,30,30,600.0,0,0.0,1,3.3,4,481.35,0.0,,,
CV_h7s6n19.txt,GLCT,6,7,30,30,600.0,0,0.0,1,3.3,5,592.07,0.0,,,
CV_h7s6n2.txt,GLCT,6,7,30,30,600.0,0,0.0,3,10.0,5,585.59,0.0,,,
CV_h7s6n20.txt,GLCT,6,7,30,30,600.0,0,0.0,1,3.3,5,584.78,0.0,,,
CV_h7s6n21.txt,GLCT,6,7,30,30,600.0,0,0.0,3,10.0,4,521.62,0.0,,,
CV_h7s6n22.txt,GLCT,6,7,30,30,600.0,0,0.0,2,6.7,5,598.65,0.0,,,
CV_h7s6n23.txt,GLCT,6,7,30,30,600.0,1,3.3,2,6.7,4,506.29,0.0,,,
CV_h7s6n24.txt,GLCT,6,7,30,30,600.0,0,0.0,1,3.3,4,513.66,0.0,,,
CV_h7s6n25.txt,GLCT,6,7,30,30,600.0,1,3.3,2,6.7,4,527.58,0.0,,,
CV_h7s6n26.txt,GLCT,6,7,30,30,600.0,0,0.0,1,3.3,4,500.49,0.0,,,
CV_h7s6n27.txt,GLCT,6,7,30,30,600.0,0,0.0,1,3.3,4,524.15,0.0,,,
CV_h7s6n28.txt,GLCT,6,7,30,30,600.0,0,0.0,1,3.3,4,527.50,0.0,,,
CV_h7s6n29.txt,GLCT,6,7,30,30,600.0,0,0.0,1,3.3,4,466.58,0.0,,,
CV_h7s6n3.txt,GLCT,6,7,30,30,600.0,1,3.3,4,13.3,4,508.34,0.0,,,
CV_h7s6n30.txt,GLCT,6,7,30,30,600.0,0,0.0,1,3.3,4,517.00,0.0,,,
CV_h7s6n31.txt,GLCT,6,7,30,30,600.0,0,0.0,3,10.0,5,566.18,0.0,,,
CV_h7s6n32.txt,GLCT,6,7,30,30,600.0,0,0.0,2,6.7,4,526.68,0.0,,,
CV_h7s6n33.txt,GLCT,6,7,30,30,600.0,2,6.7,3,10.0,4,515.47,0.0,,,
CV_h7s6n34.txt,GLCT,6,7,30,30,600.0,0,0.0,5,16.7,5,569.22,0.0,,,
CV_h7s6n35.txt,GLCT,6,7,30,30,600.0,0,0.0,3,10.0,4,466.81,0.0,,,
CV_h7s6n36.txt,GLCT,6,7,30,30,600.0,0,0.0,1,3.3,4,511.81,0.0,,,
CV_h7s6n37.txt,GLCT,6,7,30,30,600.0,0,0.0,1,3.3,5,584.78,0.0,,,
CV_h7s6n38.txt,GLCT,6,7,30,30,600.0,0,0.0,1,3.3,4,497.74,0.0,,,
CV_h7s6n39.txt,GLCT,6,7,30,30,600.0,1,3.3,4,13.3,5,589.42,0.0,,,
CV_h7s6n4.txt,GLCT,6,7,30,30,600.0,0,0.0,1,3.3,4,515.67,0.0,,,
CV_h7s6n40.txt,GLCT,6,7,30,30,600.0,0,0.0,2,6.7,4,544.55,0.0,,,
CV_h7s6n5.txt,GLCT,6,7,30,30,600.0,0,0.0,1,3.3,4,509.65,0.0,,,
CV_h7s6n6.txt,GLCT,6,7,30,30,600.0,0,0.0,5,16.7,5,592.19,0.0,,,
CV_h7s6n7.txt,GLCT,6,7,30,30,600.0,0,0.0,1,3.3,4,530.11,0.0,,,
CV_h7s6n8.txt,GLCT,6,7,30,30,600.0,4,13.3,5,16.7,4,490.19,0.0,,,
CV_h7s6n9.txt,GLCT,6,7,30,30,600.0,0,0.0,1,3.3,4,506.29,0.0,,,
CV_h7s7n1.txt,GLCT,7,7,35,35,600.0,2,5.7,3,8.6,4,486.24,0.0,,,
CV_h7s7n10.txt,GLCT,7,7,35,35,600.0,2,5.7,3,8.6,4,522.14,0.0,,,
CV_h7s7n11.txt,GLCT,7,7,35,35,600.0,1,2.9,3,8.6,5,593.64,0.0,,,
CV_h7s7n12.txt,GLCT,7,7,35,35,600.0,0,0.0,4,11.4,4,513.50,0.0,,,
CV_h7s7n13.txt,GLCT,7,7,35,35,600.0,0,0.0,4,11.4,5,593.41,0.0,,,
CV_h7s7n14.txt,GLCT,7,7,35,35,600.0,2,5.7,4,11.4,5,570.80,0.0,,,
CV_h7s7n15.txt,GLCT,7,7,35,35,600.0,0,0.0,2,5.7,4,525.68,0.0,,,
CV_h7s7n16.txt,GLCT,7,7,35,35,600.0,0,0.0,1,2.9,4,466.58,0.0,,,
CV_h7s7n17.txt,GLCT,7,7,35,35,600.0,3,8.6,5,14.3,5,555.00,0.0,,,
CV_h7s7n18.txt,GLCT,7,7,35,35,600.0,0,0.0,1,2.9,4,509.71,0.0,,,
CV_h7s7n19.txt,GLCT,7,7,35,35,600.0,0,0.0,1,2.9,5,589.50,0.0,,,
CV_h7s7n2.txt,GLCT,7,7,35,35,600.0,0,0.0,1,2.9,4,502.86,0.0,,,
CV_h7s7n20.txt,GLCT,7,7,35,35,600.0,0,0.0,1,2.9,5,598.36,0.0,,,
CV_h7s7n21.txt,GLCT,7,7,35,35,600.0,0,0.0,1,2.9,4,515.67,0.0,,,
CV_h7s7n22.txt,GLCT,7,7,35,35,600.0,0,0.0,1,2.9,4,516.93,0.0,,,
CV_h7s7n23.txt,GLCT,7,7,35,35,600.0,0,0.0,3,8.6,5,585.81,0.0,,,
CV_h7s7n24.txt,GLCT,7,7,35,35,600.0,0,0.0,5,14.3,5,594.05,0.0,,,
CV_h7s7n25.txt,GLCT,7,7,35,35,600.0,0,0.0,4,11.4,5,586.90,0.0,,,
CV_h7s7n26.txt,GLCT,7,7,35,35,600.0,0,0.0,6,17.1,4,447.51,0.0,,,
CV_h7s7n27.txt,GLCT,7,7,35,35,600.0,0,0.0,2,5.7,5,593.15,0.0,,,
CV_h7s7n28.txt,GLCT,7,7,35,35,600.0,0,0.0,2,5.7,4,488.36,0.0,,,
CV_h7s7n29.txt,GLCT,7,7,35,35,600.0,0,0.0,1,2.9,5,588.79,0.0,,,
CV_h7s7n3.txt,GLCT,7,7,35,35,600.0,0,0.0,1,2.9,4,516.19,0.0,,,
CV_h7s7n30.txt,GLCT,7,7,35,35,600.0,0,0.0,1,2.9,4,473.93,0.0,,,
CV_h7s7n31.txt,GLCT,7,7,35,35,600.0,0,0.0,3,8.6,5,598.98,0.0,,,
CV_h7s7n32.txt,GLCT,7,7,35,35,600.0,1,2.9,3,8.6,5,579.34,0.0,,,
CV_h7s7n33.txt,GLCT,7,7,35,35,600.0,0,0.0,2,5.7,4,518.19,0.0,,,
CV_h7s7n34.txt,GLCT,7,7,35,35,600.0,0,0.0,1,2.9,4,482.22,0.0,,,
CV_h7s7n35.txt,GLCT,7,7,35,35,600.0,0,0.0,1,2.9,4,471.21,0.0,,,
CV_h7s7n36.txt,GLCT,7,7,35,35,600.0,1,2.9,3,8.6,5,599.78,0.0,,,
CV_h7s7n37.txt,GLCT,7,7,35,35,600.0,0,0.0,2,5.7,4,480.62,0.0,,,
CV_h7s7n38.txt,GLCT,7,7,35,35,600.0,0,0.0,1,2.9,4,484.75,0.0,,,
CV_h7s7n39.txt,GLCT,7,7,35,35,600.0,0,0.0,3,8.6,5,598.96,0.0,,,
CV_h7s7n4.txt,GLCT,7,7,35,35,600.0,0,0.0,4,11.4,5,572.00,0.0,,,
CV_h7s7n40.txt,GLCT,7,7,35,35,600.0,0,0.0,3,8.6,5,574.54,0.0,,,
CV_h7s7n5.txt,GLCT,7,7,35,35,600.0,0,0.0,1,2.9,5,585.71,0.0,,,
CV_h7s7n6.txt,GLCT,7,7,35,35,600.0,0,0.0,1,2.9,4,502.35,0.0,,,
CV_h7s7n7.txt,GLCT,7,7,35,35,600.0,0,0.0,5,14.3,5,593.44,0.0,,,
CV_h7s7n8.txt,GLCT,7,7,35,35,600.0,1,2.9,3,8.6,4,481.83,0.0,,,
CV_h7s7n9.txt,GLCT,7,7,35,35,600.0,0,0.0,3,8.6,5,563.40,0.0,,,
CV_h7s8n1.txt,GLCT,8,7,40,40,600.0,0,0.0,4,10.0,4,543.01,0.0,,,
CV_h7s8n10.txt,GLCT,8,7,40,40,600.0,0,0.0,3,7.5,4,575.33,0.0,,,
CV_h7s8n11.txt,GLCT,8,7,40,40,600.0,1,2.5,2,5.0,4,535.26,0.0,,,
CV_h7s8n12.txt,GLCT,8,7,40,40,600.0,0,0.0,2,5.0,4,494.27,0.0,,,
CV_h7s8n13.txt,GLCT,8,7,40,40,600.0,0,0.0,2,5.0,4,477.25,0.0,,,
CV_h7s8n14.txt,GLCT,8,7,40,40,600.0,0,0.0,1,2.5,4,514.77,0.0,,,
CV_h7s8n15.txt,GLCT,8,7,40,40,600.0,1,2.5,2,5.0,4,482.17,0.0,,,
CV_h7s8n16.txt,GLCT,8,7,40,40,600.0,0,0.0,2,5.0,5,585.52,0.0,,,
CV_h7s8n17.txt,GLCT,8,7,40,40,600.0,0,0.0,2,5.0,4,496.37,0.0,,,
CV_h7s8n18.txt,GLCT,8,7,40,40,600.0,0,0.0,3,7.5,5,592.20,0.0,,,
CV_h7s8n19.txt,GLCT,8,7,40,40,600.0,0,0.0,1,2.5,4,553.03,0.0,,,
CV_h7s8n2.txt,GLCT,8,7,40,40,600.0,0,0.0,1,2.5,4,524.33,0.0,,,
CV_h7s8n20.txt,GLCT,8,7,40,40,600.0,1,2.5,3,7.5,4,486.40,0.0,,,
CV_h7s8n21.txt,GLCT,8,7,40,40,600.0,0,0.0,5,12.5,5,592.74,0.0,,,
CV_h7s8n22.txt,GLCT,8,7,40,40,600.0,0,0.0,2,5.0,5,593.21,0.0,,,
CV_h7s8n23.txt,GLCT,8,7,40,40,600.0,1,2.5,2,5.0,4,492.26,0.0,,,
CV_h7s8n24.txt,GLCT,8,7,40,40,600.0,0,0.0,5,12.5,5,584.61,0.0,,,
CV_h7s8n25.txt,GLCT,8,7,40,40,600.0,0,0.0,2,5.0,4,469.90,0.0,,,
CV_h7s8n26.txt,GLCT,8,7,40,40,600.0,1,2.5,3,7.5,4,552.22,0.0,,,
CV_h7s8n27.txt,GLCT,8,7,40,40,600.0,0,0.0,1,2.5,4,522.89,0.0,,,
CV_h7s8n28.txt,GLCT,8,7,40,40,600.0,0,0.0,4,10.0,4,489.17,0.0,,,
CV_h7s8n29.txt,GLCT,8,7,40,40,600.0,0,0.0,1,2.5,4,533.26,0.0,,,
CV_h7s8n3.txt,GLCT,8,7,40,40,600.0,0,0.0,2,5.0,4,511.79,0.0,,,
CV_h7s8n30.txt,GLCT,8,7,40,40,600.0,0,0.0,2,5.0,4,517.30,0.0,,,
CV_h7s8n31.txt,GLCT,8,7,40,40,600.0,1,2.5,3,7.5,4,527.94,0.0,,,
CV_h7s8n32.txt,GLCT,8,7,40,40,600.0,0,0.0,1,2.5,4,501.75,0.0,,,
CV_h7s8n33.txt,GLCT,8,7,40,40,600.0,1,2.5,2,5.0,4,503.52,0.0,,,
CV_h7s8n34.txt,GLCT,8,7,40,40,600.0,0,0.0,2,5.0,4,505.98,0.0,,,
CV_h7s8n35.txt,GLCT,8,7,40,40,600.0,0,0.0,3,7.5,4,506.29,0.0,,,
CV_h7s8n36.txt,GLCT,8,7,40,40,600.0,0,0.0,4,10.0,5,578.52,0.0,,,
CV_h7s8n37.txt,GLCT,8,7,40,40,600.0,0,0.0,2,5.0,5,596.41,0.0,,,
CV_h7s8n38.txt,GLCT,8,7,40,40,600.0,0,0.0,2,5.0,5,599.21,0.0,,,
CV_h7s8n39.txt,GLCT,8,7,40,40,600.0,0,0.0,2,5.0,5,576.07,0.0,,,
CV_h7s8n4.txt,GLCT,8,7,40,40,600.0,0,0.0,1,2.5,4,504.11,0.0,,,
CV_h7s8n40.txt,GLCT,8,7,40,40,600.0,0,0.0,1,2.5,4,487.28,0.0,,,
CV_h7s8n5.txt,GLCT,8,7,40,40,600.0,0,0.0,1,2.5,4,518.98,0.0,,,
CV_h7s8n6.txt,GLCT,8,7,40,40,600.0,0,0.0,1,2.5,5,596.75,0.0,,,
CV_h7s8n7.txt,GLCT,8,7,40,40,600.0,0,0.0,7,17.5,5,563.47,0.0,,,
CV_h7s8n8.txt,GLCT,8,7,40,40,600.0,1,2.5,3,7.5,4,487.89,0.0,,,
CV_h7s8n9.txt,GLCT,8,7,40,40,600.0,0,0.0,1,2.5,4,488.07,0.0,,,
CV_h7s9n1.txt,GLCT,9,7,45,45,600.0,0,0.0,1,2.2,4,468.36,0.0,,,
CV_h7s9n10.txt,GLCT,9,7,45,45,600.0,1,2.2,2,4.4,4,523.90,0.0,,,
CV_h7s9n11.txt,GLCT,9,7,45,45,600.0,1,2.2,2,4.4,4,475.77,0.0,,,
CV_h7s9n12.txt,GLCT,9,7,45,45,600.0,0,0.0,1,2.2,4,527.58,0.0,,,
CV_h7s9n13.txt,GLCT,9,7,45,45,600.0,1,2.2,3,6.7,4,540.86,0.0,,,
CV_h7s9n14.txt,GLCT,9,7,45,45,600.0,0,0.0,1,2.2,4,512.37,0.0,,,
CV_h7s9n15.txt,GLCT,9,7,45,45,600.0,0,0.0,5,11.1,5,593.14,0.0,,,
CV_h7s9n16.txt,GLCT,9,7,45,45,600.0,0,0.0,1,2.2,4,520.28,0.0,,,
CV_h7s9n17.txt,GLCT,9,7,45,45,600.0,0,0.0,1,2.2,4,494.36,0.0,,,
CV_h7s9n18.txt,GLCT,9,7,45,45,600.0,2,4.4,3,6.7,4,510.24,0.0,,,
CV_h7s9n19.txt,GLCT,9,7,45,45,600.0,0,0.0,1,2.2,4,502.80,0.0,,,
CV_h7s9n2.txt,GLCT,9,7,45,45,600.0,0,0.0,2,4.4,4,474.44,0.0,,,
CV_h7s9n20.txt,GLCT,9,7,45,45,600.0,0,0.0,3,6.7,5,547.45,0.0,,,
CV_h7s9n21.txt,GLCT,9,7,45,45,600.0,0,0.0,4,8.9,5,598.43,0.0,,,
CV_h7s9n22.txt,GLCT,9,7,45,45,600.0,0,0.0,1,2.2,4,499.42,0.0,,,
CV_h7s9n23.txt,GLCT,9,7,45,45,600.0,0,0.0,1,2.2,4,515.67,0.0,,,
CV_h7s9n24.txt,GLCT,9,7,45,45,600.0,0,0.0,2,4.4,4,489.47,0.0,,,
CV_h7s9n25.txt,GLCT,9,7,45,45,600.0,1,2.2,2,4.4,4,537.78,0.0,,,
CV_h7s9n26.txt,GLCT,9,7,45,45,600.0,0,0.0,3,6.7,5,596.14,0.0,,,
CV_h7s9n27.txt,GLCT,9,7,45,45,600.0,0,0.0,3,6.7,5,598.42,0.0,,,
CV_h7s9n28.txt,GLCT,9,7,45,45,600.0,1,2.2,3,6.7,4,498.83,0.0,,,
CV_h7s9n29.txt,GLCT,9,7,45,45,600.0,0,0.0,2,4.4,4,537.96,0.0,,,
CV_h7s9n3.txt,GLCT,9,7,45,45,600.0,0,0.0,2,4.4,5,598.54,0.0,,,
CV_h7s9n30.txt,GLCT,9,7,45,45,600.0,1,2.2,2,4.4,4,471.62,0.0,,,
CV_h7s9n31.txt,GLCT,9,7,45,45,600.0,0,0.0,3,6.7,4,487.80,0.0,,,
CV_h7s9n32.txt,GLCT,9,7,45,45,600.0,0,0.0,2,4.4,5,591.02,0.0,,,
CV_h7s9n33.txt,GLCT,9,7,45,45,600.0,0,0.0,1,2.2,4,538.22,0.0,,,
CV_h7s9n34.txt,GLCT,9,7,45,45,600.0,0,0.0,4,8.9,5,596.89,0.0,,,
CV_h7s9n35.txt,GLCT,9,7,45,45,600.0,0,0.0,1,2.2,4,485.65,0.0,,,
CV_h7s9n36.txt,GLCT,9,7,45,45,600.0,0,0.0,3,6.7,4,496.12,0.0,,,
CV_h7s9n37.txt,GLCT,9,7,45,45,600.0,1,2.2,2,4.4,5,598.96,0.0,,,
CV_h7s9n38.txt,GLCT,9,7,45,45,600.0,0,0.0,2,4.4,4,516.16,0.0,,,
CV_h7s9n39.txt,GLCT,9,7,45,45,600.0,1,2.2,2,4.4,4,481.39,0.0,,,
CV_h7s9n4.txt,GLCT,9,7,45,45,600.0,0,0.0,4,8.9,4,494.72,0.0,,,
CV_h7s9n40.txt,GLCT,9,7,45,45,600.0,0,0.0,2,4.4,4,507.71,0.0,,,
CV_h7s9n5.txt,GLCT,9,7,45,45,600.0,1,2.2,3,6.7,5,599.88,0.0,,,
CV_h7s9n6.txt,GLCT,9,7,45,45,600.0,1,2.2,4,8.9,4,523.09,0.0,,,
CV_h7s9n7.txt,GLCT,9,7,45,45,600.0,0,0.0,2,4.4,4,537.33,0.0,,,
CV_h7s9n8.txt,GLCT,9,7,45,45,600.0,0,0.0,4,8.9,5,595.31,0.0,,,
CV_h7s9n9.txt,GLCT,9,7,45,45,600.0,0,0.0,2,4.4,4,533.90,0.0,,,
CV_h8s10n1.txt,GLCT,10,8,60,60,600.0,0,0.0,2,3.3,5,597.38,0.0,,,
CV_h8s10n10.txt,GLCT,10,8,60,60,600.0,0,0.0,3,5.0,4,490.26,0.0,,,
CV_h8s10n11.txt,GLCT,10,8,60,60,600.0,0,0.0,0,0.0,4,507.55,0.0,,,
CV_h8s10n12.txt,GLCT,10,8,60,60,600.0,0,0.0,2,3.3,4,497.11,0.0,,,
CV_h8s10n13.txt,GLCT,10,8,60,60,600.0,0,0.0,0,0.0,4,531.71,0.0,,,
CV_h8s10n14.txt,GLCT,10,8,60,60,600.0,0,0.0,1,1.7,4,528.60,0.0,,,
CV_h8s10n15.txt,GLCT,10,8,60,60,600.0,0,0.0,1,1.7,4,498.90,0.0,,,
CV_h8s10n16.txt,GLCT,10,8,60,60,600.0,0,0.0,1,1.7,4,504.07,0.0,,,
CV_h8s10n17.txt,GLCT,10,8,60,60,600.0,0,0.0,1,1.7,4,513.45,0.0,,,
CV_h8s10n18.txt,GLCT,10,8,60,60,600.0,0,0.0,1,1.7,4,529.79,0.0,,,
CV_h8s10n19.txt,GLCT,10,8,60,60,600.0,0,0.0,2,3.3,4,540.27,0.0,,,
CV_h8s10n2.txt,GLCT,10,8,60,60,600.0,0,0.0,4,6.7,5,589.71,0.0,,,
CV_h8s10n20.txt,GLCT,10,8,60,60,600.0,1,1.7,3,5.0,4,519.13,0.0,,,
CV_h8s10n21.txt,GLCT,10,8,60,60,600.0,0,0.0,2,3.3,4,520.38,0.0,,,
CV_h8s10n22.txt,GLCT,10,8,60,60,600.0,0,0.0,1,1.7,5,596.01,0.0,,,
CV_h8s10n23.txt,GLCT,10,8,60,60,600.0,0,0.0,1,1.7,4,568.38,0.0,,,
CV_h8s10n24.txt,GLCT,10,8,60,60,600.0,0,0.0,2,3.3,4,524.10,0.0,,,
CV_h8s10n25.txt,GLCT,10,8,60,60,600.0,1,1.7,4,6.7,4,517.06,0.0,,,
CV_h8s10n26.txt,GLCT,10,8,60,60,600.0,1,1.7,3,5.0,4,478.52,0.0,,,
CV_h8s10n27.txt,GLCT,10,8,60,60,600.0,1,1.7,2,3.3,4,482.81,0.0,,,
CV_h8s10n28.txt,GLCT,10,8,60,60,600.0,0,0.0,2,3.3,4,511.79,0.0,,,
CV_h8s10n29.txt,GLCT,10,8,60,60,600.0,0,0.0,0,0.0,4,526.23,0.0,,,
CV_h8s10n3.txt,GLCT,10,8,60,60,600.0,0,0.0,2,3.3,5,578.30,0.0,,,
CV_h8s10n30.txt,GLCT,10,8,60,60,600.0,0,0.0,2,3.3,5,585.56,0.0,,,
CV_h8s10n31.txt,GLCT,10,8,60,60,600.0,1,1.7,3,5.0,5,588.54,0.0,,,
CV_h8s10n32.txt,GLCT,10,8,60,60,600.0,0,0.0,1,1.7,4,503.62,0.0,,,
CV_h8s10n33.txt,GLCT,10,8,60,60,600.0,0,0.0,1,1.7,4,497.78,0.0,,,
CV_h8s10n34.txt,GLCT,10,8,60,60,600.0,0,0.0,1,1.7,4,466.22,0.0,,,
CV_h8s10n35.txt,GLCT,10,8,60,60,600.0,1,1.7,5,8.3,4,473.99,0.0,,,
CV_h8s10n36.txt,GLCT,10,8,60,60,600.0,0,0.0,1,1.7,4,517.76,0.0,,,
CV_h8s10n37.txt,GLCT,10,8,60,60,600.0,0,0.0,0,0.0,4,531.11,0.0,,,
CV_h8s10n38.txt,GLCT,10,8,60,60,600.0,0,0.0,0,0.0,4,556.04,0.0,,,
CV_h8s10n39.txt,GLCT,10,8,60,60,600.0,0,0.0,0,0.0,4,511.50,0.0,,,
CV_h8s10n4.txt,GLCT,10,8,60,60,600.0,0,0.0,1,1.7,4,513.16,0.0,,,
CV_h8s10n40.txt,GLCT,10,8,60,60,600.0,0,0.0,1,1.7,4,496.46,0.0,,,
CV_h8s10n5.txt,GLCT,10,8,60,60,600.0,0,0.0,1,1.7,4,501.36,0.0,,,
CV_h8s10n6.txt,GLCT,10,8,60,60,600.0,0,0.0,1,1.7,4,500.70,0.0,,,
CV_h8s10n7.txt,GLCT,10,8,60,60,600.0,0,0.0,1,1.7,4,534.42,0.0,,,
CV_h8s10n8.txt,GLCT,10,8,60,60,600.0,1,1.7,2,3.3,5,592.78,0.0,,,
CV_h8s10n9.txt,GLCT,10,8,60,60,600.0,1,1.7,3,5.0,4,507.04,0.0,,,
CV_h8s6n1.txt,GLCT,6,8,36,36,600.0,0,0.0,2,5.6,4,491.52,0.0,,,
CV_h8s6n10.txt,GLCT,6,8,36,36,600.0,1,2.8,5,13.9,5,584.50,0.0,,,
CV_h8s6n11.txt,GLCT,6,8,36,36,600.0,0,0.0,1,2.8,4,530.11,0.0,,,
CV_h8s6n12.txt,GLCT,6,8,36,36,600.0,1,2.8,3,8.3,5,589.84,0.0,,,
CV_h8s6n13.txt,GLCT,6,8,36,36,600.0,0,0.0,5,13.9,5,560.43,0.0,,,
CV_h8s6n14.txt,GLCT,6,8,36,36,600.0,0,0.0,4,11.1,5,594.98,0.0,,,
CV_h8s6n15.txt,GLCT,6,8,36,36,600.0,0,0.0,1,2.8,4,514.93,0.0,,,
CV_h8s6n16.txt,GLCT,6,8,36,36,600.0,0,0.0,2,5.6,5,587.58,0.0,,,
CV_h8s6n17.txt,GLCT,6,8,36,36,600.0,0,0.0,2,5.6,4,493.57,0.0,,,
CV_h8s6n18.txt,GLCT,6,8,36,36,600.0,1,2.8,2,5.6,5,588.68,0.0,,,
CV_h8s6n19.txt,GLCT,6,8,36,36,600.0,0,0.0,1,2.8,5,579.46,0.0,,,
CV_h8s6n2.txt,GLCT,6,8,36,36,600.0,0,0.0,1,2.8,4,493.64,0.0,,,
CV_h8s6n20.txt,GLCT,6,8,36,36,600.0,0,0.0,1,2.8,4,477.17,0.0,,,
CV_h8s6n21.txt,GLCT,6,8,36,36,600.0,0,0.0,1,2.8,4,545.81,0.0,,,
CV_h8s6n22.txt,GLCT,6,8,36,36,600.0,0,0.0,1,2.8,5,596.33,0.0,,,
CV_h8s6n23.txt,GLCT,6,8,36,36,600.0,1,2.8,4,11.1,3,359.93,0.0,,,
CV_h8s6n24.txt,GLCT,6,8,36,36,600.0,0,0.0,0,0.0,4,501.60,0.0,,,
CV_h8s6n25.txt,GLCT,6,8,36,36,600.0,0,0.0,1,2.8,4,486.12,0.0,,,
CV_h8s6n26.txt,GLCT,6,8,36,36,600.0,0,0.0,1,2.8,4,522.78,0.0,,,
CV_h8s6n27.txt,GLCT,6,8,36,36,600.0,0,0.0,1,2.8,4,531.55,0.0,,,
CV_h8s6n28.txt,GLCT,6,8,36,36,600.0,0,0.0,4,11.1,4,477.96,0.0,,,
CV_h8s6n29.txt,GLCT,6,8,36,36,600.0,0,0.0,1,2.8,4,507.71,0.0,,,
CV_h8s6n3.txt,GLCT,6,8,36,36,600.0,0,0.0,0,0.0,4,504.28,0.0,,,
CV_h8s6n30.txt,GLCT,6,8,36,36,600.0,0,0.0,1,2.8,4,499.16,0.0,,,
CV_h8s6n31.txt,GLCT,6,8,36,36,600.0,0,0.0,1,2.8,5,587.83,0.0,,,
CV_h8s6n32.txt,GLCT,6,8,36,36,600.0,0,0.0,2,5.6,4,488.02,0.0,,,
CV_h8s6n33.txt,GLCT,6,8,36,36,600.0,0,0.0,3,8.3,4,466.64,0.0,,,
CV_h8s6n34.txt,GLCT,6,8,36,36,600.0,0,0.0,0,0.0,4,533.90,0.0,,,
CV_h8s6n35.txt,GLCT,6,8,36,36,600.0,1,2.8,2,5.6,4,502.86,0.0,,,
CV_h8s6n36.txt,GLCT,6,8,36,36,600.0,1,2.8,2,5.6,4,477.62,0.0,,,
CV_h8s6n37.txt,GLCT,6,8,36,36,600.0,1,2.8,2,5.6,4,505.54,0.0,,,
CV_h8s6n38.txt,GLCT,6,8,36,36,600.0,0,0.0,3,8.3,4,523.72,0.0,,,
CV_h8s6n39.txt,GLCT,6,8,36,36,600.0,0,0.0,2,5.6,5,598.61,0.0,,,
CV_h8s6n4.txt,GLCT,6,8,36,36,600.0,0,0.0,1,2.8,4,518.53,0.0,,,
CV_h8s6n40.txt,GLCT,6,8,36,36,600.0,0,0.0,0,0.0,4,513.60,0.0,,,
CV_h8s6n5.txt,GLCT,6,8,36,36,600.0,0,0.0,0,0.0,4,539.43,0.0,,,
CV_h8s6n6.txt,GLCT,6,8,36,36,600.0,1,2.8,1,2.8,4,513.14,0.0,,,
CV_h8s6n7.txt,GLCT,6,8,36,36,600.0,0,0.0,2,5.6,5,576.87,0.0,,,
CV_h8s6n8.txt,GLCT,6,8,36,36,600.0,0,0.0,2,5.6,4,474.89,0.0,,,
CV_h8s6n9.txt,GLCT,6,8,36,36,600.0,0,0.0,1,2.8,4,515.67,0.0,,,
CV_h12s10n1.txt,GLCT,10,12,100,100,900.0,0,0.0,0,0.0,6,866.50,0.0,,,
CV_h12s10n10.txt,GLCT,10,12,100,100,900.0,1,1.0,1,1.0,5,744.67,0.0,,,
CV_h12s10n11.txt,GLCT,10,12,100,100,900.0,0,0.0,0,0.0,5,738.17,0.0,,,
CV_h12s10n12.txt,GLCT,10,12,100,100,900.0,0,0.0,1,1.0,6,818.95,0.0,,,
CV_h12s10n13.txt,GLCT,10,12,100,100,900.0,0,0.0,2,2.0,6,793.63,0.0,,,
CV_h12s10n14.txt,GLCT,10,12,100,100,900.0,0,0.0,3,3.0,7,869.00,0.0,,,
CV_h12s10n15.txt,GLCT,10,12,100,100,900.0,0,0.0,0,0.0,6,883.10,0.0,,,
CV_h12s10n16.txt,GLCT,10,12,100,100,900.0,0,0.0,3,3.0,7,847.36,0.0,,,
CV_h12s10n17.txt,GLCT,10,12,100,100,900.0,0,0.0,1,1.0,6,766.55,0.0,,,
CV_h12s10n18.txt,GLCT,10,12,100,100,900.0,0,0.0,0,0.0,5,727.09,0.0,,,
CV_h12s10n19.txt,GLCT,10,12,100,100,900.0,0,0.0,1,1.0,6,787.11,0.0,,,
CV_h12s10n2.txt,GLCT,10,12,100,100,900.0,0,0.0,4,4.0,6,810.93,0.0,,,
CV_h12s10n20.txt,GLCT,10,12,100,100,900.0,0,0.0,2,2.0,6,837.47,0.0,,,
CV_h12s10n21.txt,GLCT,10,12,100,100,900.0,0,0.0,0,0.0,6,863.55,0.0,,,
CV_h12s10n22.txt,GLCT,10,12,100,100,900.0,0,0.0,0,0.0,6,895.39,0.0,,,
CV_h12s10n23.txt,GLCT,10,12,100,100,900.0,0,0.0,1,1.0,6,794.97,0.0,,,
CV_h12s10n24.txt,GLCT,10,12,100,100,900.0,0,0.0,0,0.0,6,868.09,0.0,,,
CV_h12s10n25.txt,GLCT,10,12,100,100,900.0,0,0.0,0,0.0,6,884.38,0.0,,,
CV_h12s10n26.txt,GLCT,10,12,100,100,900.0,1,1.0,2,2.0,6,799.42,0.0,,,
CV_h12s10n27.txt,GLCT,10,12,100,100,900.0,0,0.0,0,0.0,5,729.87,0.0,,,
CV_h12s10n28.txt,GLCT,10,12,100,100,900.0,0,0.0,0,0.0,5,746.48,0.0,,,
CV_h12s10n29.txt,GLCT,10,12,100,100,900.0,0,0.0,2,2.0,6,763.93,0.0,,,
CV_h12s10n3.txt,GLCT,10,12,100,100,900.0,0,0.0,2,2.0,6,831.85,0.0,,,
CV_h12s10n30.txt,GLCT,10,12,100,100,900.0,0,0.0,1,1.0,6,867.12,0.0,,,
CV_h12s10n31.txt,GLCT,10,12,100,100,900.0,1,1.0,1,1.0,6,848.15,0.0,,,
CV_h12s10n32.txt,GLCT,10,12,100,100,900.0,1,1.0,1,1.0,6,841.57,0.0,,,
CV_h12s10n33.txt,GLCT,10,12,100,100,900.0,0,0.0,0,0.0,6,886.53,0.0,,,
CV_h12s10n34.txt,GLCT,10,12,100,100,900.0,0,0.0,1,1.0,6,830.44,0.0,,,
CV_h12s10n35.txt,GLCT,10,12,100,100,900.0,1,1.0,2,2.0,6,862.34,0.0,,,
CV_h12s10n36.txt,GLCT,10,12,100,100,900.0,0,0.0,3,3.0,6,789.56,0.0,,,
CV_h12s10n37.txt,GLCT,10,12,100,100,900.0,4,4.0,4,4.0,5,729.67,0.0,,,
CV_h12s10n38.txt,GLCT,10,12,100,100,900.0,0,0.0,0,0.0,6,851.69,0.0,,,
CV_h12s10n39.txt,GLCT,10,12,100,100,900.0,0,0.0,0,0.0,6,858.01,0.0,,,
CV_h12s10n4.txt,GLCT,10,12,100,100,900.0,0,0.0,0,0.0,6,869.92,0.0,,,
CV_h12s10n40.txt,GLCT,10,12,100,100,900.0,1,1.0,2,2.0,6,767.00,0.0,,,
CV_h12s10n5.txt,GLCT,10,12,100,100,900.0,0,0.0,0,0.0,6,838.88,0.0,,,
CV_h12s10n6.txt,GLCT,10,12,100,100,900.0,0,0.0,1,1.0,6,792.41,0.0,,,
CV_h12s10n7.txt,GLCT,10,12,100,100,900.0,0,0.0,0,0.0,5,733.38,0.0,,,
CV_h12s10n8.txt,GLCT,10,12,100,100,900.0,0,0.0,1,1.0,6,789.79,0.0,,,
CV_h12s10n9.txt,GLCT,10,12,100,100,900.0,0,0.0,0,0.0,6,866.50,0.0,,,
CV_h12s6n1.txt,GLCT,6,12,60,60,900.0,0,0.0,0,0.0,6,829.66,0.0,,,
CV_h12s6n10.txt,GLCT,6,12,60,60,900.0,0,0.0,0,0.0,6,823.71,0.0,,,
CV_h12s6n11.txt,GLCT,6,12,60,60,900.0,0,0.0,2,3.3,7,850.33,0.0,,,
CV_h12s6n12.txt,GLCT,6,12,60,60,900.0,0,0.0,2,3.3,6,788.20,0.0,,,
CV_h12s6n13.txt,GLCT,6,12,60,60,900.0,0,0.0,0,0.0,6,838.88,0.0,,,
CV_h12s6n14.txt,GLCT,6,12,60,60,900.0,0,0.0,2,3.3,6,797.28,0.0,,,
CV_h12s6n15.txt,GLCT,6,12,60,60,900.0,0,0.0,2,3.3,6,866.05,0.0,,,
CV_h12s6n16.txt,GLCT,6,12,60,60,900.0,0,0.0,2,3.3,6,804.42,0.0,,,
CV_h12s6n17.txt,GLCT,6,12,60,60,900.0,1,1.7,2,3.3,6,855.42,0.0,,,
CV_h12s6n18.txt,GLCT,6,12,60,60,900.0,1,1.7,2,3.3,6,859.18,0.0,,,
CV_h12s6n19.txt,GLCT,6,12,60,60,900.0,0,0.0,0,0.0,6,878.41,0.0,,,
CV_h12s6n2.txt,GLCT,6,12,60,60,900.0,0,0.0,1,1.7,6,848.20,0.0,,,
CV_h12s6n20.txt,GLCT,6,12,60,60,900.0,0,0.0,1,1.7,7,895.85,0.0,,,
CV_h12s6n21.txt,GLCT,6,12,60,60,900.0,0,0.0,4,6.7,7,815.05,0.0,,,
CV_h12s6n22.txt,GLCT,6,12,60,60,900.0,0,0.0,3,5.0,6,720.02,0.0,,,
CV_h12s6n23.txt,GLCT,6,12,60,60,900.0,0,0.0,2,3.3,6,726.15,0.0,,,
CV_h12s6n24.txt,GLCT,6,12,60,60,900.0,0,0.0,1,1.7,7,893.04,0.0,,,
CV_h12s6n25.txt,GLCT,6,12,60,60,900.0,0,0.0,3,5.0,6,759.20,0.0,,,
CV_h12s6n26.txt,GLCT,6,12,60,60,900.0,0,0.0,3,5.0,6,767.00,0.0,,,
CV_h12s6n27.txt,GLCT,6,12,60,60,900.0,0,0.0,2,3.3,6,717.56,0.0,,,
CV_h12s6n28.txt,GLCT,6,12,60,60,900.0,0,0.0,2,3.3,6,822.29,0.0,,,
CV_h12s6n29.txt,GLCT,6,12,60,60,900.0,0,0.0,0,0.0,6,829.51,0.0,,,
CV_h12s6n3.txt,GLCT,6,12,60,60,900.0,0,0.0,0,0.0,6,852.22,0.0,,,
CV_h12s6n30.txt,GLCT,6,12,60,60,900.0,0,0.0,1,1.7,7,879.14,0.0,,,
CV_h12s6n31.txt,GLCT,6,12,60,60,900.0,0,0.0,0,0.0,6,835.09,0.0,,,
CV_h12s6n32.txt,GLCT,6,12,60,60,900.0,0,0.0,1,1.7,7,886.95,0.0,,,
CV_h12s6n33.txt,GLCT,6,12,60,60,900.0,0,0.0,1,1.7,7,877.71,0.0,,,
CV_h12s6n34.txt,GLCT,6,12,60,60,900.0,0,0.0,1,1.7,6,831.66,0.0,,,
CV_h12s6n35.txt,GLCT,6,12,60,60,900.0,0,0.0,0,0.0,6,837.62,0.0,,,
CV_h12s6n36.txt,GLCT,6,12,60,60,900.0,0,0.0,1,1.7,7,892.60,0.0,,,
CV_h12s6n37.txt,GLCT,6,12,60,60,900.0,0,0.0,5,8.3,7,881.94,0.0,,,
CV_h12s6n38.txt,GLCT,6,12,60,60,900.0,1,1.7,2,3.3,6,833.08,0.0,,,
CV_h12s6n39.txt,GLCT,6,12,60,60,900.0,0,0.0,4,6.7,7,849.96,0.0,,,
CV_h12s6n4.txt,GLCT,6,12,60,60,900.0,0,0.0,0,0.0,6,837.62,0.0,,,
CV_h12s6n40.txt,GLCT,6,12,60,60,900.0,0,0.0,0,0.0,6,866.50,0.0,,,
CV_h12s6n5.txt,GLCT,6,12,60,60,900.0,0,0.0,2,3.3,6,719.10,0.0,,,
CV_h12s6n6.txt,GLCT,6,12,60,60,900.0,0,0.0,2,3.3,7,875.96,0.0,,,
CV_h12s6n7.txt,GLCT,6,12,60,60,900.0,0,0.0,0,0.0,6,848.20,0.0,,,
CV_h12s6n8.txt,GLCT,6,12,60,60,900.0,0,0.0,0,0.0,6,835.02,0.0,,,
CV_h12s6n9.txt,GLCT,6,12,60,60,900.0,0,0.0,1,1.7,6,746.82,0.0,,,
CV_h5s3n1.txt,GLCT,3,5,9,9,900.0,1,11.1,2,22.2,3,345.90,0.0,,,
CV_h5s3n10.txt,GLCT,3,5,9,9,900.0,0,0.0,4,44.4,6,668.50,0.0,,,
CV_h5s3n11.txt,GLCT,3,5,9,9,900.0,2,22.2,7,77.8,7,762.53,0.0,,,
CV_h5s3n12.txt,GLCT,3,5,9,9,900.0,0,0.0,1,11.1,2,207.41,0.0,,,
CV_h5s3n13.txt,GLCT,3,5,9,9,900.0,0,0.0,1,11.1,2,226.87,0.0,,,
CV_h5s3n14.txt,GLCT,3,5,9,9,900.0,0,0.0,1,11.1,2,221.51,0.0,,,
CV_h5s3n15.txt,GLCT,3,5,9,9,900.0,0,0.0,1,11.1,2,210.00,0.0,,,
CV_h5s3n16.txt,GLCT,3,5,9,9,900.0,0,0.0,1,11.1,2,222.78,0.0,,,
CV_h5s3n17.txt,GLCT,3,5,9,9,900.0,2,22.2,3,33.3,2,229.47,0.0,,,
CV_h5s3n18.txt,GLCT,3,5,9,9,900.0,0,0.0,5,55.6,7,813.67,0.0,,,
CV_h5s3n19.txt,GLCT,3,5,9,9,900.0,0,0.0,1,11.1,2,229.47,0.0,,,
CV_h5s3n2.txt,GLCT,3,5,9,9,900.0,0,0.0,4,44.4,6,672.41,0.0,,,
CV_h5s3n20.txt,GLCT,3,5,9,9,900.0,0,0.0,3,33.3,5,571.22,0.0,,,
CV_h5s3n21.txt,GLCT,3,5,9,9,900.0,1,11.1,2,22.2,3,349.84,0.0,,,
CV_h5s3n22.txt,GLCT,3,5,9,9,900.0,2,22.2,3,33.3,3,340.77,0.0,,,
CV_h5s3n23.txt,GLCT,3,5,9,9,900.0,0,0.0,1,11.1,2,229.47,0.0,,,
CV_h5s3n24.txt,GLCT,3,5,9,9,900.0,1,11.1,3,33.3,5,530.01,0.0,,,
CV_h5s3n25.txt,GLCT,3,5,9,9,900.0,0,0.0,2,22.2,2,221.51,0.0,,,
CV_h5s3n26.txt,GLCT,3,5,9,9,900.0,0,0.0,3,33.3,6,668.50,0.0,,,
CV_h5s3n27.txt,GLCT,3,5,9,9,900.0,0,0.0,1,11.1,2,210.00,0.0,,,
CV_h5s3n28.txt,GLCT,3,5,9,9,900.0,0,0.0,2,22.2,2,207.41,0.0,,,
CV_h5s3n29.txt,GLCT,3,5,9,9,900.0,0,0.0,1,11.1,2,221.51,0.0,,,
CV_h5s3n3.txt,GLCT,3,5,9,9,900.0,0,0.0,9,100.0,3,344.92,0.0,,,
CV_h5s3n30.txt,GLCT,3,5,9,9,900.0,0,0.0,3,33.3,4,473.87,0.0,,,
CV_h5s3n31.txt,GLCT,3,5,9,9,900.0,0,0.0,5,55.6,7,801.92,0.0,,,
CV_h5s3n32.txt,GLCT,3,5,9,9,900.0,1,11.1,5,55.6,8,857.23,0.0,,,
CV_h5s3n33.txt,GLCT,3,5,9,9,900.0,1,11.1,6,66.7,8,854.63,0.0,,,
CV_h5s3n34.txt,GLCT,3,5,9,9,900.0,0,0.0,2,22.2,2,221.51,0.0,,,
CV_h5s3n35.txt,GLCT,3,5,9,9,900.0,0,0.0,2,22.2,2,226.87,0.0,,,
CV_h5s3n36.txt,GLCT,3,5,9,9,900.0,0,0.0,1,11.1,2,221.51,0.0,,,
CV_h5s3n37.txt,GLCT,3,5,9,9,900.0,0,0.0,4,44.4,6,731.35,0.0,,,
CV_h5s3n38.txt,GLCT,3,5,9,9,900.0,0,0.0,2,22.2,2,210.00,0.0,,,
CV_h5s3n39.txt,GLCT,3,5,9,9,900.0,9,100.0,9,100.0,0,0.00,0.0,,,
CV_h5s3n4.txt,GLCT,3,5,9,9,900.0,1,11.1,4,44.4,6,631.74,0.0,,,
CV_h5s3n40.txt,GLCT,3,5,9,9,900.0,1,11.1,4,44.4,2,221.51,0.0,,,
CV_h5s3n5.txt,GLCT,3,5,9,9,900.0,4,44.4,9,100.0,5,571.22,0.0,,,
CV_h5s3n6.txt,GLCT,3,5,9,9,900.0,0,0.0,1,11.1,2,229.47,0.0,,,
CV_h5s3n7.txt,GLCT,3,5,9,9,900.0,0,0.0,3,33.3,7,796.84,0.0,,,
CV_h5s3n8.txt,GLCT,3,5,9,9,900.0,1,11.1,4,44.4,4,436.93,0.0,,,
CV_h5s3n9.txt,GLCT,3,5,9,9,900.0,0,0.0,1,11.1,2,220.18,0.0,,,
CV_h5s4n1.txt,GLCT,4,5,12,12,900.0,2,16.7,5,41.7,5,561.17,0.0,,,
CV_h5s4n10.txt,GLCT,4,5,12,12,900.0,0,0.0,3,25.0,7,824.35,0.0,,,
CV_h5s4n11.txt,GLCT,4,5,12,12,900.0,1,8.3,4,33.3,7,810.22,0.0,,,
CV_h5s4n12.txt,GLCT,4,5,12,12,900.0,1,8.3,3,25.0,7,804.80,0.0,,,
CV_h5s4n13.txt,GLCT,4,5,12,12,900.0,1,8.3,7,58.3,6,681.24,0.0,,,
CV_h5s4n14.txt,GLCT,4,5,12,12,900.0,0,0.0,4,33.3,7,845.17,0.0,,,
CV_h5s4n15.txt,GLCT,4,5,12,12,900.0,0,0.0,7,58.3,6,722.47,0.0,,,
CV_h5s4n16.txt,GLCT,4,5,12,12,900.0,0,0.0,3,25.0,7,808.09,0.0,,,
CV_h5s4n17.txt,GLCT,4,5,12,12,900.0,0,0.0,5,41.7,8,863.43,0.0,,,
CV_h5s4n18.txt,GLCT,4,5,12,12,900.0,0,0.0,3,25.0,5,596.78,0.0,,,
CV_h5s4n19.txt,GLCT,4,5,12,12,900.0,0,0.0,5,41.7,6,677.08,0.0,,,
CV_h5s4n2.txt,GLCT,4,5,12,12,900.0,0,0.0,9,75.0,5,554.84,0.0,,,
CV_h5s4n20.txt,GLCT,4,5,12,12,900.0,0,0.0,5,41.7,7,779.02,0.0,,,
CV_h5s4n21.txt,GLCT,4,5,12,12,900.0,1,8.3,4,33.3,3,340.61,0.0,,,
CV_h5s4n22.txt,GLCT,4,5,12,12,900.0,0,0.0,6,50.0,7,843.04,0.0,,,
CV_h5s4n23.txt,GLCT,4,5,12,12,900.0,3,25.0,5,41.7,4,436.69,0.0,,,
CV_h5s4n24.txt,GLCT,4,5,12,12,900.0,0,0.0,4,33.3,6,707.11,0.0,,,
CV_h5s4n25.txt,GLCT,4,5,12,12,900.0,0,0.0,6,50.0,7,850.15,0.0,,,
CV_h5s4n26.txt,GLCT,4,5,12,12,900.0,1,8.3,4,33.3,8,855.27,0.0,,,
CV_h5s4n27.txt,GLCT,4,5,12,12,900.0,4,33.3,12,100.0,7,841.68,0.0,,,
CV_h5s4n28.txt,GLCT,4,5,12,12,900.0,0,0.0,3,25.0,7,802.57,0.0,,,
CV_h5s4n29.txt,GLCT,4,5,12,12,900.0,0,0.0,4,33.3,7,812.19,0.0,,,
CV_h5s4n3.txt,GLCT,4,5,12,12,900.0,1,8.3,3,25.0,4,474.22,0.0,,,
CV_h5s4n30.txt,GLCT,4,5,12,12,900.0,0,0.0,5,41.7,8,893.57,0.0,,,
CV_h5s4n31.txt,GLCT,4,5,12,12,900.0,0,0.0,4,33.3,8,849.71,0.0,,,
CV_h5s4n32.txt,GLCT,4,5,12,12,900.0,0,0.0,2,16.7,7,829.82,0.0,,,
CV_h5s4n33.txt,GLCT,4,5,12,12,900.0,0,0.0,4,33.3,7,829.90,0.0,,,
CV_h5s4n34.txt,GLCT,4,5,12,12,900.0,0,0.0,4,33.3,6,710.48,0.0,,,
CV_h5s4n35.txt,GLCT,4,5,12,12,900.0,1,8.3,4,33.3,4,473.63,0.0,,,
CV_h5s4n36.txt,GLCT,4,5,12,12,900.0,0,0.0,3,25.0,7,801.82,0.0,,,
CV_h5s4n37.txt,GLCT,4,5,12,12,900.0,3,25.0,6,50.0,4,468.81,0.0,,,
CV_h5s4n38.txt,GLCT,4,5,12,12,900.0,2,16.7,6,50.0,6,659.39,0.0,,,
CV_h5s4n39.txt,GLCT,4,5,12,12,900.0,0,0.0,4,33.3,7,800.90,0.0,,,
CV_h5s4n4.txt,GLCT,4,5,12,12,900.0,0,0.0,4,33.3,8,878.49,0.0,,,
CV_h5s4n40.txt,GLCT,4,5,12,12,900.0,0,0.0,4,33.3,7,730.85,0.0,,,
CV_h5s4n5.txt,GLCT,4,5,12,12,900.0,1,8.3,7,58.3,7,817.20,0.0,,,
CV_h5s4n6.txt,GLCT,4,5,12,12,900.0,0,0.0,4,33.3,6,720.92,0.0,,,
CV_h5s4n7.txt,GLCT,4,5,12,12,900.0,0,0.0,3,25.0,7,830.35,0.0,,,
CV_h5s4n8.txt,GLCT,4,5,12,12,900.0,2,16.7,8,66.7,6,680.06,0.0,,,
CV_h5s4n9.txt,GLCT,4,5,12,12,900.0,0,0.0,5,41.7,6,703.25,0.0,,,
CV_h5s5n1.txt,GLCT,5,5,15,15,900.0,1,6.7,6,40.0,4,454.62,0.0,,,
CV_h5s5n10.txt,GLCT,5,5,15,15,900.0,3,20.0,8,53.3,7,824.02,0.0,,,
CV_h5s5n11.txt,GLCT,5,5,15,15,900.0,0,0.0,3,20.0,7,887.99,0.0,,,
CV_h5s5n12.txt,GLCT,5,5,15,15,900.0,0,0.0,4,26.7,6,741.44,0.0,,,
CV_h5s5n13.txt,GLCT,5,5,15,15,900.0,0,0.0,3,20.0,7,818.38,0.0,,,
CV_h5s5n14.txt,GLCT,5,5,15,15,900.0,0,0.0,10,66.7,7,764.18,0.0,,,
CV_h5s5n15.txt,GLCT,5,5,15,15,900.0,0,0.0,7,46.7,7,753.60,0.0,,,
CV_h5s5n16.txt,GLCT,5,5,15,15,900.0,0,0.0,5,33.3,6,713.10,0.0,,,
CV_h5s5n17.txt,GLCT,5,5,15,15,900.0,0,0.0,8,53.3,6,712.85,0.0,,,
CV_h5s5n18.txt,GLCT,5,5,15,15,900.0,1,6.7,6,40.0,7,761.06,0.0,,,
CV_h5s5n19.txt,GLCT,5,5,15,15,900.0,1,6.7,6,40.0,6,730.66,0.0,,,
CV_h5s5n2.txt,GLCT,5,5,15,15,900.0,0,0.0,5,33.3,7,817.66,0.0,,,
CV_h5s5n20.txt,GLCT,5,5,15,15,900.0,0,0.0,6,40.0,6,748.05,0.0,,,
CV_h5s5n21.txt,GLCT,5,5,15,15,900.0,0,0.0,5,33.3,7,813.38,0.0,,,
CV_h5s5n22.txt,GLCT,5,5,15,15,900.0,1,6.7,5,33.3,7,816.60,0.0,,,
CV_h5s5n23.txt,GLCT,5,5,15,15,900.0,1,6.7,6,40.0,8,894.07,0.0,,,
CV_h5s5n24.txt,GLCT,5,5,15,15,900.0,0,0.0,4,26.7,7,865.93,0.0,,,
CV_h5s5n25.txt,GLCT,5,5,15,15,900.0,2,13.3,7,46.7,6,703.90,0.0,,,
CV_h5s5n26.txt,GLCT,5,5,15,15,900.0,0,0.0,6,40.0,7,868.35,0.0,,,
CV_h5s5n27.txt,GLCT,5,5,15,15,900.0,0,0.0,6,40.0,6,741.42,0.0,,,
CV_h5s5n28.txt,GLCT,5,5,15,15,900.0,0,0.0,6,40.0,7,801.67,0.0,,,
CV_h5s5n29.txt,GLCT,5,5,15,15,900.0,0,0.0,4,26.7,7,818.07,0.0,,,
CV_h5s5n3.txt,GLCT,5,5,15,15,900.0,0,0.0,4,26.7,7,824.36,0.0,,,
CV_h5s5n30.txt,GLCT,5,5,15,15,900.0,0,0.0,8,53.3,6,657.50,0.0,,,
CV_h5s5n31.txt,GLCT,5,5,15,15,900.0,1,6.7,4,26.7,7,843.91,0.0,,,
CV_h5s5n32.txt,GLCT,5,5,15,15,900.0,0,0.0,4,26.7,6,694.93,0.0,,,
CV_h5s5n33.txt,GLCT,5,5,15,15,900.0,1,6.7,6,40.0,7,761.92,0.0,,,
CV_h5s5n34.txt,GLCT,5,5,15,15,900.0,0,0.0,3,20.0,7,838.10,0.0,,,
CV_h5s5n35.txt,GLCT,5,5,15,15,900.0,1,6.7,8,53.3,7,794.18,0.0,,,
CV_h5s5n36.txt,GLCT,5,5,15,15,900.0,1,6.7,4,26.7,6,658.81,0.0,,,
CV_h5s5n37.txt,GLCT,5,5,15,15,900.0,0,0.0,3,20.0,7,883.34,0.0,,,
CV_h5s5n38.txt,GLCT,5,5,15,15,900.0,0,0.0,8,53.3,5,582.94,0.0,,,
CV_h5s5n39.txt,GLCT,5,5,15,15,900.0,0,0.0,6,40.0,6,670.79,0.0,,,
CV_h5s5n4.txt,GLCT,5,5,15,15,900.0,0,0.0,6,40.0,7,824.59,0.0,,,
CV_h5s5n40.txt,GLCT,5,5,15,15,900.0,2,13.3,7,46.7,7,865.82,0.0,,,
CV_h5s5n5.txt,GLCT,5,5,15,15,900.0,0,0.0,3,20.0,7,871.78,0.0,,,
CV_h5s5n6.txt,GLCT,5,5,15,15,900.0,0,0.0,5,33.3,7,865.49,0.0,,,
CV_h5s5n7.txt,GLCT,5,5,15,15,900.0,0,0.0,5,33.3,8,899.14,0.0,,,
CV_h5s5n8.txt,GLCT,5,5,15,15,900.0,0,0.0,4,26.7,7,877.87,0.0,,,
CV_h5s5n9.txt,GLCT,5,5,15,15,900.0,0,0.0,5,33.3,8,889.10,0.0,,,
CV_h5s6n1.txt,GLCT,6,5,18,18,900.0,0,0.0,4,22.2,7,847.06,0.0,,,
CV_h5s6n10.txt,GLCT,6,5,18,18,900.0,1,5.6,7,38.9,7,805.65,0.0,,,
CV_h5s6n11.txt,GLCT,6,5,18,18,900.0,3,16.7,18,100.0,7,792.64,0.0,,,
CV_h5s6n12.txt,GLCT,6,5,18,18,900.0,0,0.0,5,27.8,7,825.23,0.0,,,
CV_h5s6n13.txt,GLCT,6,5,18,18,900.0,0,0.0,7,38.9,7,816.53,0.0,,,
CV_h5s6n14.txt,GLCT,6,5,18,18,900.0,0,0.0,6,33.3,7,895.10,0.0,,,
CV_h5s6n15.txt,GLCT,6,5,18,18,900.0,0,0.0,4,22.2,7,789.39,0.0,,,
CV_h5s6n16.txt,GLCT,6,5,18,18,900.0,0,0.0,4,22.2,7,851.41,0.0,,,
CV_h5s6n17.txt,GLCT,6,5,18,18,900.0,0,0.0,3,16.7,7,828.19,0.0,,,
CV_h5s6n18.txt,GLCT,6,5,18,18,900.0,2,11.1,9,50.0,7,822.34,0.0,,,
CV_h5s6n19.txt,GLCT,6,5,18,18,900.0,0,0.0,4,22.2,7,851.98,0.0,,,
CV_h5s6n2.txt,GLCT,6,5,18,18,900.0,0,0.0,5,27.8,7,867.68,0.0,,,
CV_h5s6n20.txt,GLCT,6,5,18,18,900.0,0,0.0,9,50.0,8,882.30,0.0,,,
CV_h5s6n21.txt,GLCT,6,5,18,18,900.0,1,5.6,5,27.8,7,889.35,0.0,,,
CV_h5s6n22.txt,GLCT,6,5,18,18,900.0,0,0.0,3,16.7,7,841.51,0.0,,,
CV_h5s6n23.txt,GLCT,6,5,18,18,900.0,0,0.0,4,22.2,7,806.60,0.0,,,
CV_h5s6n24.txt,GLCT,6,5,18,18,900.0,0,0.0,3,16.7,7,865.57,0.0,,,
CV_h5s6n25.txt,GLCT,6,5,18,18,900.0,1,5.6,4,22.2,7,875.84,0.0,,,
CV_h5s6n26.txt,GLCT,6,5,18,18,900.0,0,0.0,3,16.7,7,868.26,0.0,,,
CV_h5s6n27.txt,GLCT,6,5,18,18,900.0,1,5.6,5,27.8,7,810.05,0.0,,,
CV_h5s6n28.txt,GLCT,6,5,18,18,900.0,2,11.1,13,72.2,7,809.08,0.0,,,
CV_h5s6n29.txt,GLCT,6,5,18,18,900.0,0,0.0,5,27.8,7,859.77,0.0,,,
CV_h5s6n3.txt,GLCT,6,5,18,18,900.0,0,0.0,4,22.2,7,812.27,0.0,,,
CV_h5s6n30.txt,GLCT,6,5,18,18,900.0,4,22.2,8,44.4,7,873.17,0.0,,,
CV_h5s6n31.txt,GLCT,6,5,18,18,900.0,0,0.0,5,27.8,7,845.98,0.0,,,
CV_h5s6n32.txt,GLCT,6,5,18,18,900.0,0,0.0,6,33.3,7,796.65,0.0,,,
CV_h5s6n33.txt,GLCT,6,5,18,18,900.0,1,5.6,5,27.8,6,713.61,0.0,,,
CV_h5s6n34.txt,GLCT,6,5,18,18,900.0,0,0.0,7,38.9,6,703.03,0.0,,,
CV_h5s6n35.txt,GLCT,6,5,18,18,900.0,1,5.6,11,61.1,7,831.88,0.0,,,
CV_h5s6n36.txt,GLCT,6,5,18,18,900.0,2,11.1,5,27.8,7,799.01,0.0,,,
CV_h5s6n37.txt,GLCT,6,5,18,18,900.0,0,0.0,3,16.7,7,844.81,0.0,,,
CV_h5s6n38.txt,GLCT,6,5,18,18,900.0,0,0.0,8,44.4,7,837.90,0.0,,,
CV_h5s6n39.txt,GLCT,6,5,18,18,900.0,0,0.0,5,27.8,7,812.78,0.0,,,
CV_h5s6n4.txt,GLCT,6,5,18,18,900.0,0,0.0,6,33.3,7,846.98,0.0,,,
CV_h5s6n40.txt,GLCT,6,5,18,18,900.0,1,5.6,7,38.9,7,819.40,0.0,,,
CV_h5s6n5.txt,GLCT,6,5,18,18,900.0,0,0.0,8,44.4,6,688.84,0.0,,,
CV_h5s6n6.txt,GLCT,6,5,18,18,900.0,0,0.0,3,16.7,7,844.44,0.0,,,
CV_h5s6n7.txt,GLCT,6,5,18,18,900.0,0,0.0,3,16.7,6,696.62,0.0,,,
CV_h5s6n8.txt,GLCT,6,5,18,18,900.0,1,5.6,5,27.8,7,822.13,0.0,,,
CV_h5s6n9.txt,GLCT,6,5,18,18,900.0,0,0.0,5,27.8,7,825.46,0.0,,,
CV_h5s7n1.txt,GLCT,7,5,21,21,900.0,0,0.0,10,47.6,7,807.55,0.0,,,
CV_h5s7n10.txt,GLCT,7,5,21,21,900.0,0,0.0,11,52.4,7,822.34,0.0,,,
CV_h5s7n11.txt,GLCT,7,5,21,21,900.0,0,0.0,7,33.3,8,883.93,0.0,,,
CV_h5s7n12.txt,GLCT,7,5,21,21,900.0,1,4.8,11,52.4,7,758.95,0.0,,,
CV_h5s7n13.txt,GLCT,7,5,21,21,900.0,0,0.0,5,23.8,6,676.55,0.0,,,
CV_h5s7n14.txt,GLCT,7,5,21,21,900.0,0,0.0,7,33.3,7,836.62,0.0,,,
CV_h5s7n15.txt,GLCT,7,5,21,21,900.0,0,0.0,6,28.6,7,840.19,0.0,,,
CV_h5s7n16.txt,GLCT,7,5,21,21,900.0,3,14.3,6,28.6,6,708.71,0.0,,,
CV_h5s7n17.txt,GLCT,7,5,21,21,900.0,1,4.8,9,42.9,7,850.04,0.0,,,
CV_h5s7n18.txt,GLCT,7,5,21,21,900.0,5,23.8,9,42.9,7,850.27,0.0,,,
CV_h5s7n19.txt,GLCT,7,5,21,21,900.0,0,0.0,4,19.0,6,667.40,0.0,,,
CV_h5s7n2.txt,GLCT,7,5,21,21,900.0,0,0.0,6,28.6,7,833.84,0.0,,,
CV_h5s7n20.txt,GLCT,7,5,21,21,900.0,0,0.0,10,47.6,8,881.88,0.0,,,
CV_h5s7n21.txt,GLCT,7,5,21,21,900.0,0,0.0,6,28.6,6,726.93,0.0,,,
CV_h5s7n22.txt,GLCT,7,5,21,21,900.0,0,0.0,6,28.6,7,883.14,0.0,,,
CV_h5s7n23.txt,GLCT,7,5,21,21,900.0,0,0.0,8,38.1,7,857.15,0.0,,,
CV_h5s7n24.txt,GLCT,7,5,21,21,900.0,1,4.8,8,38.1,7,839.94,0.0,,,
CV_h5s7n25.txt,GLCT,7,5,21,21,900.0,1,4.8,6,28.6,6,697.58,0.0,,,
CV_h5s7n26.txt,GLCT,7,5,21,21,900.0,0,0.0,5,23.8,7,793.65,0.0,,,
CV_h5s7n27.txt,GLCT,7,5,21,21,900.0,0,0.0,5,23.8,7,863.25,0.0,,,
CV_h5s7n28.txt,GLCT,7,5,21,21,900.0,2,9.5,10,47.6,7,846.04,0.0,,,
CV_h5s7n29.txt,GLCT,7,5,21,21,900.0,1,4.8,5,23.8,7,885.19,0.0,,,
CV_h5s7n3.txt,GLCT,7,5,21,21,900.0,3,14.3,8,38.1,7,883.35,0.0,,,
CV_h5s7n30.txt,GLCT,7,5,21,21,900.0,2,9.5,7,33.3,6,719.23,0.0,,,
CV_h5s7n31.txt,GLCT,7,5,21,21,900.0,0,0.0,5,23.8,8,883.65,0.0,,,
CV_h5s7n32.txt,GLCT,7,5,21,21,900.0,1,4.8,6,28.6,6,762.29,0.0,,,
CV_h5s7n33.txt,GLCT,7,5,21,21,900.0,0,0.0,5,23.8,7,849.08,0.0,,,
CV_h5s7n34.txt,GLCT,7,5,21,21,900.0,0,0.0,6,28.6,7,803.38,0.0,,,
CV_h5s7n35.txt,GLCT,7,5,21,21,900.0,0,0.0,5,23.8,7,875.69,0.0,,,
CV_h5s7n36.txt,GLCT,7,5,21,21,900.0,0,0.0,7,33.3,7,807.52,0.0,,,
CV_h5s7n37.txt,GLCT,7,5,21,21,900.0,0,0.0,5,23.8,7,838.58,0.0,,,
CV_h5s7n38.txt,GLCT,7,5,21,21,900.0,1,4.8,4,19.0,6,693.57,0.0,,,
CV_h5s7n39.txt,GLCT,7,5,21,21,900.0,0,0.0,9,42.9,7,854.57,0.0,,,
CV_h5s7n4.txt,GLCT,7,5,21,21,900.0,0,0.0,8,38.1,7,816.69,0.0,,,
CV_h5s7n40.txt,GLCT,7,5,21,21,900.0,0,0.0,8,38.1,7,833.11,0.0,,,
CV_h5s7n5.txt,GLCT,7,5,21,21,900.0,0,0.0,4,19.0,7,822.34,0.0,,,
CV_h5s7n6.txt,GLCT,7,5,21,21,900.0,1,4.8,7,33.3,7,833.34,0.0,,,
CV_h5s7n7.txt,GLCT,7,5,21,21,900.0,0,0.0,4,19.0,6,681.53,0.0,,,
CV_h5s7n8.txt,GLCT,7,5,21,21,900.0,0,0.0,10,47.6,7,841.73,0.0,,,
CV_h5s7n9.txt,GLCT,7,5,21,21,900.0,0,0.0,5,23.8,7,843.84,0.0,,,
CV_h5s8n1.txt,GLCT,8,5,24,24,900.0,0,0.0,6,25.0,6,719.47,0.0,,,
CV_h5s8n10.txt,GLCT,8,5,24,24,900.0,0,0.0,7,29.2,7,862.85,0.0,,,
CV_h5s8n11.txt,GLCT,8,5,24,24,900.0,1,4.2,9,37.5,8,893.43,0.0,,,
CV_h5s8n12.txt,GLCT,8,5,24,24,900.0,0,0.0,7,29.2,7,847.76,0.0,,,
CV_h5s8n13.txt,GLCT,8,5,24,24,900.0,0,0.0,6,25.0,6,666.99,0.0,,,
CV_h5s8n14.txt,GLCT,8,5,24,24,900.0,0,0.0,6,25.0,8,899.67,0.0,,,
CV_h5s8n15.txt,GLCT,8,5,24,24,900.0,0,0.0,6,25.0,6,716.15,0.0,,,
CV_h5s8n16.txt,GLCT,8,5,24,24,900.0,1,4.2,7,29.2,7,838.96,0.0,,,
CV_h5s8n17.txt,GLCT,8,5,24,24,900.0,1,4.2,14,58.3,7,832.49,0.0,,,
CV_h5s8n18.txt,GLCT,8,5,24,24,900.0,0,0.0,8,33.3,6,687.44,0.0,,,
CV_h5s8n19.txt,GLCT,8,5,24,24,900.0,0,0.0,9,37.5,7,847.06,0.0,,,
CV_h5s8n2.txt,GLCT,8,5,24,24,900.0,0,0.0,8,33.3,6,675.02,0.0,,,
CV_h5s8n20.txt,GLCT,8,5,24,24,900.0,0,0.0,6,25.0,7,833.23,0.0,,,
CV_h5s8n21.txt,GLCT,8,5,24,24,900.0,0,0.0,9,37.5,7,892.38,0.0,,,
CV_h5s8n22.txt,GLCT,8,5,24,24,900.0,0,0.0,6,25.0,7,751.44,0.0,,,
CV_h5s8n23.txt,GLCT,8,5,24,24,900.0,0,0.0,9,37.5,7,889.63,0.0,,,
CV_h5s8n24.txt,GLCT,8,5,24,24,900.0,0,0.0,11,45.8,7,747.87,0.0,,,
CV_h5s8n25.txt,GLCT,8,5,24,24,900.0,1,4.2,9,37.5,6,720.20,0.0,,,
CV_h5s8n26.txt,GLCT,8,5,24,24,900.0,0,0.0,4,16.7,6,685.86,0.0,,,
CV_h5s8n27.txt,GLCT,8,5,24,24,900.0,0,0.0,5,20.8,6,675.92,0.0,,,
CV_h5s8n28.txt,GLCT,8,5,24,24,900.0,0,0.0,6,25.0,6,678.92,0.0,,,
CV_h5s8n29.txt,GLCT,8,5,24,24,900.0,0,0.0,5,20.8,6,689.59,0.0,,,
CV_h5s8n3.txt,GLCT,8,5,24,24,900.0,0,0.0,7,29.2,5,614.55,0.0,,,
CV_h5s8n30.txt,GLCT,8,5,24,24,900.0,0,0.0,6,25.0,6,699.59,0.0,,,
CV_h5s8n31.txt,GLCT,8,5,24,24,900.0,0,0.0,4,16.7,7,810.44,0.0,,,
CV_h5s8n32.txt,GLCT,8,5,24,24,900.0,0,0.0,4,16.7,6,680.73,0.0,,,
CV_h5s8n33.txt,GLCT,8,5,24,24,900.0,0,0.0,5,20.8,6,705.21,0.0,,,
CV_h5s8n34.txt,GLCT,8,5,24,24,900.0,0,0.0,4,16.7,6,715.97,0.0,,,
CV_h5s8n35.txt,GLCT,8,5,24,24,900.0,0,0.0,5,20.8,8,899.32,0.0,,,
CV_h5s8n36.txt,GLCT,8,5,24,24,900.0,0,0.0,5,20.8,6,706.22,0.0,,,
CV_h5s8n37.txt,GLCT,8,5,24,24,900.0,0,0.0,11,45.8,8,895.10,0.0,,,
CV_h5s8n38.txt,GLCT,8,5,24,24,900.0,0,0.0,7,29.2,6,677.76,0.0,,,
CV_h5s8n39.txt,GLCT,8,5,24,24,900.0,0,0.0,5,20.8,7,819.19,0.0,,,
CV_h5s8n4.txt,GLCT,8,5,24,24,900.0,1,4.2,6,25.0,7,846.06,0.0,,,
CV_h5s8n40.txt,GLCT,8,5,24,24,900.0,1,4.2,6,25.0,6,700.49,0.0,,,
CV_h5s8n5.txt,GLCT,8,5,24,24,900.0,0,0.0,7,29.2,7,884.02,0.0,,,
CV_h5s8n6.txt,GLCT,8,5,24,24,900.0,0,0.0,7,29.2,7,804.77,0.0,,,
CV_h5s8n7.txt,GLCT,8,5,24,24,900.0,0,0.0,5,20.8,6,699.59,0.0,,,
CV_h5s8n8.txt,GLCT,8,5,24,24,900.0,2,8.3,8,33.3,7,843.81,0.0,,,
CV_h5s8n9.txt,GLCT,8,5,24,24,900.0,0,0.0,5,20.8,6,670.77,0.0,,,
CV_h6s4n1.txt,GLCT,4,6,16,16,900.0,0,0.0,4,25.0,7,796.89,0.0,,,
CV_h6s4n10.txt,GLCT,4,6,16,16,900.0,0,0.0,5,31.2,5,596.78,0.0,,,
CV_h6s4n11.txt,GLCT,4,6,16,16,900.0,0,0.0,3,18.8,6,719.78,0.0,,,
CV_h6s4n12.txt,GLCT,4,6,16,16,900.0,3,18.8,5,31.2,8,889.76,0.0,,,
CV_h6s4n13.txt,GLCT,4,6,16,16,900.0,0,0.0,4,25.0,6,699.19,0.0,,,
CV_h6s4n14.txt,GLCT,4,6,16,16,900.0,0,0.0,2,12.5,7,810.33,0.0,,,
CV_h6s4n15.txt,GLCT,4,6,16,16,900.0,1,6.2,4,25.0,7,833.34,0.0,,,
CV_h6s4n16.txt,GLCT,4,6,16,16,900.0,0,0.0,2,12.5,4,461.72,0.0,,,
CV_h6s4n17.txt,GLCT,4,6,16,16,900.0,0,0.0,3,18.8,4,455.32,0.0,,,
CV_h6s4n18.txt,GLCT,4,6,16,16,900.0,0,0.0,1,6.2,4,455.36,0.0,,,
CV_h6s4n19.txt,GLCT,4,6,16,16,900.0,0,0.0,3,18.8,7,857.96,0.0,,,
CV_h6s4n2.txt,GLCT,4,6,16,16,900.0,0,0.0,4,25.0,6,702.19,0.0,,,
CV_h6s4n20.txt,GLCT,4,6,16,16,900.0,0,0.0,6,37.5,6,708.53,0.0,,,
CV_h6s4n21.txt,GLCT,4,6,16,16,900.0,0,0.0,2,12.5,6,766.24,0.0,,,
CV_h6s4n22.txt,GLCT,4,6,16,16,900.0,0,0.0,3,18.8,7,866.98,0.0,,,
CV_h6s4n23.txt,GLCT,4,6,16,16,900.0,0,0.0,4,25.0,6,770.14,0.0,,,
CV_h6s4n24.txt,GLCT,4,6,16,16,900.0,0,0.0,4,25.0,5,609.58,0.0,,,
CV_h6s4n25.txt,GLCT,4,6,16,16,900.0,1,6.2,4,25.0,3,345.79,0.0,,,
CV_h6s4n26.txt,GLCT,4,6,16,16,900.0,0,0.0,5,31.2,7,821.66,0.0,,,
CV_h6s4n27.txt,GLCT,4,6,16,16,900.0,0,0.0,4,25.0,5,521.24,0.0,,,
CV_h6s4n28.txt,GLCT,4,6,16,16,900.0,0,0.0,3,18.8,8,871.50,0.0,,,
CV_h6s4n29.txt,GLCT,4,6,16,16,900.0,0,0.0,3,18.8,5,623.60,0.0,,,
CV_h6s4n3.txt,GLCT,4,6,16,16,900.0,2,12.5,3,18.8,6,692.01,0.0,,,
CV_h6s4n30.txt,GLCT,4,6,16,16,900.0,0,0.0,3,18.8,7,852.02,0.0,,,
CV_h6s4n31.txt,GLCT,4,6,16,16,900.0,1,6.2,3,18.8,3,327.88,0.0,,,
CV_h6s4n32.txt,GLCT,4,6,16,16,900.0,2,12.5,4,25.0,6,735.12,0.0,,,
CV_h6s4n33.txt,GLCT,4,6,16,16,900.0,0,0.0,4,25.0,7,868.99,0.0,,,
CV_h6s4n34.txt,GLCT,4,6,16,16,900.0,1,6.2,3,18.8,5,594.03,0.0,,,
CV_h6s4n35.txt,GLCT,4,6,16,16,900.0,0,0.0,1,6.2,4,454.06,0.0,,,
CV_h6s4n36.txt,GLCT,4,6,16,16,900.0,0,0.0,3,18.8,7,850.45,0.0,,,
CV_h6s4n37.txt,GLCT,4,6,16,16,900.0,1,6.2,4,25.0,5,596.43,0.0,,,
CV_h6s4n38.txt,GLCT,4,6,16,16,900.0,0,0.0,3,18.8,7,814.58,0.0,,,
CV_h6s4n39.txt,GLCT,4,6,16,16,900.0,1,6.2,3,18.8,7,834.03,0.0,,,
CV_h6s4n4.txt,GLCT,4,6,16,16,900.0,1,6.2,3,18.8,4,463.67,0.0,,,
CV_h6s4n40.txt,GLCT,4,6,16,16,900.0,0,0.0,2,12.5,7,855.83,0.0,,,
CV_h6s4n5.txt,GLCT,4,6,16,16,900.0,0,0.0,2,12.5,7,871.01,0.0,,,
CV_h6s4n6.txt,GLCT,4,6,16,16,900.0,1,6.2,8,50.0,6,675.55,0.0,,,
CV_h6s4n7.txt,GLCT,4,6,16,16,900.0,0,0.0,3,18.8,7,795.32,0.0,,,
CV_h6s4n8.txt,GLCT,4,6,16,16,900.0,1,6.2,3,18.8,7,834.03,0.0,,,
CV_h6s4n9.txt,GLCT,4,6,16,16,900.0,0,0.0,3,18.8,7,839.22,0.0,,,
CV_h6s5n1.txt,GLCT,5,6,20,20,900.0,0,0.0,4,20.0,7,864.85,0.0,,,
CV_h6s5n10.txt,GLCT,5,6,20,20,900.0,0,0.0,6,30.0,7,899.36,0.0,,,
CV_h6s5n11.txt,GLCT,5,6,20,20,900.0,1,5.0,8,40.0,6,780.33,0.0,,,
CV_h6s5n12.txt,GLCT,5,6,20,20,900.0,0,0.0,5,25.0,7,892.22,0.0,,,
CV_h6s5n13.txt,GLCT,5,6,20,20,900.0,1,5.0,4,20.0,6,783.35,0.0,,,
CV_h6s5n14.txt,GLCT,5,6,20,20,900.0,0,0.0,4,20.0,7,792.68,0.0,,,
CV_h6s5n15.txt,GLCT,5,6,20,20,900.0,0,0.0,4,20.0,6,782.77,0.0,,,
CV_h6s5n16.txt,GLCT,5,6,20,20,900.0,0,0.0,4,20.0,7,888.37,0.0,,,
CV_h6s5n17.txt,GLCT,5,6,20,20,900.0,1,5.0,3,15.0,7,822.70,0.0,,,
CV_h6s5n18.txt,GLCT,5,6,20,20,900.0,0,0.0,4,20.0,6,771.41,0.0,,,
CV_h6s5n19.txt,GLCT,5,6,20,20,900.0,0,0.0,3,15.0,7,867.88,0.0,,,
CV_h6s5n2.txt,GLCT,5,6,20,20,900.0,0,0.0,4,20.0,6,770.77,0.0,,,
CV_h6s5n20.txt,GLCT,5,6,20,20,900.0,0,0.0,2,10.0,6,732.68,0.0,,,
CV_h6s5n21.txt,GLCT,5,6,20,20,900.0,0,0.0,3,15.0,4,453.93,0.0,,,
CV_h6s5n22.txt,GLCT,5,6,20,20,900.0,0,0.0,5,25.0,7,878.93,0.0,,,
CV_h6s5n23.txt,GLCT,5,6,20,20,900.0,0,0.0,3,15.0,6,752.63,0.0,,,
CV_h6s5n24.txt,GLCT,5,6,20,20,900.0,1,5.0,3,15.0,8,882.86,0.0,,,
CV_h6s5n25.txt,GLCT,5,6,20,20,900.0,0,0.0,4,20.0,6,726.97,0.0,,,
CV_h6s5n26.txt,GLCT,5,6,20,20,900.0,0,0.0,3,15.0,7,856.51,0.0,,,
CV_h6s5n27.txt,GLCT,5,6,20,20,900.0,0,0.0,6,30.0,8,885.94,0.0,,,
CV_h6s5n28.txt,GLCT,5,6,20,20,900.0,0,0.0,7,35.0,7,821.41,0.0,,,
CV_h6s5n29.txt,GLCT,5,6,20,20,900.0,0,0.0,4,20.0,7,841.87,0.0,,,
CV_h6s5n3.txt,GLCT,5,6,20,20,900.0,1,5.0,5,25.0,7,862.06,0.0,,,
CV_h6s5n30.txt,GLCT,5,6,20,20,900.0,0,0.0,3,15.0,7,888.07,0.0,,,
CV_h6s5n31.txt,GLCT,5,6,20,20,900.0,0,0.0,2,10.0,6,724.67,0.0,,,
CV_h6s5n32.txt,GLCT,5,6,20,20,900.0,3,15.0,7,35.0,7,812.19,0.0,,,
CV_h6s5n33.txt,GLCT,5,6,20,20,900.0,1,5.0,5,25.0,6,722.14,0.0,,,
CV_h6s5n34.txt,GLCT,5,6,20,20,900.0,0,0.0,3,15.0,6,774.25,0.0,,,
CV_h6s5n35.txt,GLCT,5,6,20,20,900.0,0,0.0,4,20.0,7,821.67,0.0,,,
CV_h6s5n36.txt,GLCT,5,6,20,20,900.0,0,0.0,5,25.0,7,866.06,0.0,,,
CV_h6s5n37.txt,GLCT,5,6,20,20,900.0,0,0.0,2,10.0,7,893.66,0.0,,,
CV_h6s5n38.txt,GLCT,5,6,20,20,900.0,1,5.0,4,20.0,6,734.88,0.0,,,
CV_h6s5n39.txt,GLCT,5,6,20,20,900.0,0,0.0,6,30.0,7,859.24,0.0,,,
CV_h6s5n4.txt,GLCT,5,6,20,20,900.0,0,0.0,9,45.0,7,759.96,0.0,,,
CV_h6s5n40.txt,GLCT,5,6,20,20,900.0,1,5.0,4,20.0,7,885.60,0.0,,,
CV_h6s5n5.txt,GLCT,5,6,20,20,900.0,0,0.0,2,10.0,7,862.92,0.0,,,
CV_h6s5n6.txt,GLCT,5,6,20,20,900.0,0,0.0,4,20.0,7,882.79,0.0,,,
CV_h6s5n7.txt,GLCT,5,6,20,20,900.0,0,0.0,4,20.0,7,797.60,0.0,,,
CV_h6s5n8.txt,GLCT,5,6,20,20,900.0,0,0.0,5,25.0,7,879.37,0.0,,,
CV_h6s5n9.txt,GLCT,5,6,20,20,900.0,1,5.0,5,25.0,6,795.37,0.0,,,
CV_h6s6n1.txt,GLCT,6,6,24,24,900.0,0,0.0,8,33.3,7,887.01,0.0,,,
CV_h6s6n10.txt,GLCT,6,6,24,24,900.0,0,0.0,4,16.7,8,890.81,0.0,,,
CV_h6s6n11.txt,GLCT,6,6,24,24,900.0,0,0.0,2,8.3,6,738.37,0.0,,,
CV_h6s6n12.txt,GLCT,6,6,24,24,900.0,2,8.3,5,20.8,7,882.04,0.0,,,
CV_h6s6n13.txt,GLCT,6,6,24,24,900.0,0,0.0,5,20.8,7,788.93,0.0,,,
CV_h6s6n14.txt,GLCT,6,6,24,24,900.0,0,0.0,8,33.3,7,839.68,0.0,,,
CV_h6s6n15.txt,GLCT,6,6,24,24,900.0,1,4.2,7,29.2,7,859.07,0.0,,,
CV_h6s6n16.txt,GLCT,6,6,24,24,900.0,2,8.3,6,25.0,5,586.41,0.0,,,
CV_h6s6n17.txt,GLCT,6,6,24,24,900.0,0,0.0,3,12.5,7,842.70,0.0,,,
CV_h6s6n18.txt,GLCT,6,6,24,24,900.0,0,0.0,3,12.5,6,725.24,0.0,,,
CV_h6s6n19.txt,GLCT,6,6,24,24,900.0,0,0.0,3,12.5,7,868.76,0.0,,,
CV_h6s6n2.txt,GLCT,6,6,24,24,900.0,1,4.2,6,25.0,8,880.40,0.0,,,
CV_h6s6n20.txt,GLCT,6,6,24,24,900.0,0,0.0,8,33.3,6,766.25,0.0,,,
CV_h6s6n21.txt,GLCT,6,6,24,24,900.0,0,0.0,7,29.2,7,879.04,0.0,,,
CV_h6s6n22.txt,GLCT,6,6,24,24,900.0,0,0.0,4,16.7,7,877.44,0.0,,,
CV_h6s6n23.txt,GLCT,6,6,24,24,900.0,0,0.0,5,20.8,6,683.81,0.0,,,
CV_h6s6n24.txt,GLCT,6,6,24,24,900.0,0,0.0,6,25.0,7,851.24,0.0,,,
CV_h6s6n25.txt,GLCT,6,6,24,24,900.0,1,4.2,3,12.5,6,748.54,0.0,,,
CV_h6s6n26.txt,GLCT,6,6,24,24,900.0,0,0.0,5,20.8,7,820.88,0.0,,,
CV_h6s6n27.txt,GLCT,6,6,24,24,900.0,1,4.2,5,20.8,7,895.98,0.0,,,
CV_h6s6n28.txt,GLCT,6,6,24,24,900.0,1,4.2,4,16.7,6,720.92,0.0,,,
CV_h6s6n29.txt,GLCT,6,6,24,24,900.0,0,0.0,3,12.5,6,692.77,0.0,,,
CV_h6s6n3.txt,GLCT,6,6,24,24,900.0,3,12.5,8,33.3,8,893.31,0.0,,,
CV_h6s6n30.txt,GLCT,6,6,24,24,900.0,0,0.0,3,12.5,6,698.32,0.0,,,
CV_h6s6n31.txt,GLCT,6,6,24,24,900.0,1,4.2,7,29.2,7,883.64,0.0,,,
CV_h6s6n32.txt,GLCT,6,6,24,24,900.0,0,0.0,4,16.7,7,869.72,0.0,,,
CV_h6s6n33.txt,GLCT,6,6,24,24,900.0,0,0.0,5,20.8,7,810.64,0.0,,,
CV_h6s6n34.txt,GLCT,6,6,24,24,900.0,0,0.0,4,16.7,7,877.74,0.0,,,
CV_h6s6n35.txt,GLCT,6,6,24,24,900.0,0,0.0,4,16.7,7,843.86,0.0,,,
CV_h6s6n36.txt,GLCT,6,6,24,24,900.0,0,0.0,4,16.7,7,876.67,0.0,,,
CV_h6s6n37.txt,GLCT,6,6,24,24,900.0,0,0.0,4,16.7,6,732.66,0.0,,,
CV_h6s6n38.txt,GLCT,6,6,24,24,900.0,0,0.0,6,25.0,7,895.68,0.0,,,
CV_h6s6n39.txt,GLCT,6,6,24,24,900.0,0,0.0,2,8.3,6,700.20,0.0,,,
CV_h6s6n4.txt,GLCT,6,6,24,24,900.0,2,8.3,4,16.7,7,875.92,0.0,,,
CV_h6s6n40.txt,GLCT,6,6,24,24,900.0,0,0.0,4,16.7,7,875.25,0.0,,,
CV_h6s6n5.txt,GLCT,6,6,24,24,900.0,0,0.0,2,8.3,6,740.05,0.0,,,
CV_h6s6n6.txt,GLCT,6,6,24,24,900.0,0,0.0,3,12.5,7,872.22,0.0,,,
CV_h6s6n7.txt,GLCT,6,6,24,24,900.0,0,0.0,3,12.5,6,696.83,0.0,,,
CV_h6s6n8.txt,GLCT,6,6,24,24,900.0,0,0.0,6,25.0,6,665.14,0.0,,,
CV_h6s6n9.txt,GLCT,6,6,24,24,900.0,1,4.2,3,12.5,7,890.34,0.0,,,
CV_h6s7n1.txt,GLCT,7,6,28,28,900.0,1,3.6,6,21.4,7,805.95,0.0,,,
CV_h6s7n10.txt,GLCT,7,6,28,28,900.0,2,7.1,6,21.4,6,722.29,0.0,,,
CV_h6s7n11.txt,GLCT,7,6,28,28,900.0,0,0.0,4,14.3,6,700.16,0.0,,,
CV_h6s7n12.txt,GLCT,7,6,28,28,900.0,2,7.1,6,21.4,7,815.27,0.0,,,
CV_h6s7n13.txt,GLCT,7,6,28,28,900.0,0,0.0,5,17.9,7,852.05,0.0,,,
CV_h6s7n14.txt,GLCT,7,6,28,28,900.0,0,0.0,4,14.3,6,729.77,0.0,,,
CV_h6s7n15.txt,GLCT,7,6,28,28,900.0,0,0.0,4,14.3,6,703.50,0.0,,,
CV_h6s7n16.txt,GLCT,7,6,28,28,900.0,1,3.6,4,14.3,7,852.26,0.0,,,
CV_h6s7n17.txt,GLCT,7,6,28,28,900.0,2,7.1,5,17.9,6,763.16,0.0,,,
CV_h6s7n18.txt,GLCT,7,6,28,28,900.0,1,3.6,4,14.3,6,710.48,0.0,,,
CV_h6s7n19.txt,GLCT,7,6,28,28,900.0,0,0.0,7,25.0,7,848.53,0.0,,,
CV_h6s7n2.txt,GLCT,7,6,28,28,900.0,0,0.0,3,10.7,7,864.82,0.0,,,
CV_h6s7n20.txt,GLCT,7,6,28,28,900.0,1,3.6,4,14.3,6,704.00,0.0,,,
CV_h6s7n21.txt,GLCT,7,6,28,28,900.0,0,0.0,2,7.1,7,856.77,0.0,,,
CV_h6s7n22.txt,GLCT,7,6,28,28,900.0,0,0.0,4,14.3,6,758.12,0.0,,,
CV_h6s7n23.txt,GLCT,7,6,28,28,900.0,0,0.0,8,28.6,7,819.86,0.0,,,
CV_h6s7n24.txt,GLCT,7,6,28,28,900.0,0,0.0,6,21.4,7,853.35,0.0,,,
CV_h6s7n25.txt,GLCT,7,6,28,28,900.0,0,0.0,3,10.7,6,720.36,0.0,,,
CV_h6s7n26.txt,GLCT,7,6,28,28,900.0,0,0.0,5,17.9,7,865.93,0.0,,,
CV_h6s7n27.txt,GLCT,7,6,28,28,900.0,0,0.0,4,14.3,7,832.43,0.0,,,
CV_h6s7n28.txt,GLCT,7,6,28,28,900.0,0,0.0,3,10.7,7,871.14,0.0,,,
CV_h6s7n29.txt,GLCT,7,6,28,28,900.0,1,3.6,5,17.9,7,887.31,0.0,,,
CV_h6s7n3.txt,GLCT,7,6,28,28,900.0,1,3.6,4,14.3,6,684.42,0.0,,,
CV_h6s7n30.txt,GLCT,7,6,28,28,900.0,1,3.6,6,21.4,7,870.56,0.0,,,
CV_h6s7n31.txt,GLCT,7,6,28,28,900.0,0,0.0,4,14.3,7,823.73,0.0,,,
CV_h6s7n32.txt,GLCT,7,6,28,28,900.0,0,0.0,4,14.3,6,699.53,0.0,,,
CV_h6s7n33.txt,GLCT,7,6,28,28,900.0,0,0.0,6,21.4,8,899.24,0.0,,,
CV_h6s7n34.txt,GLCT,7,6,28,28,900.0,0,0.0,4,14.3,7,887.74,0.0,,,
CV_h6s7n35.txt,GLCT,7,6,28,28,900.0,0,0.0,2,7.1,7,854.76,0.0,,,
CV_h6s7n36.txt,GLCT,7,6,28,28,900.0,0,0.0,3,10.7,6,723.81,0.0,,,
CV_h6s7n37.txt,GLCT,7,6,28,28,900.0,0,0.0,5,17.9,6,742.60,0.0,,,
CV_h6s7n38.txt,GLCT,7,6,28,28,900.0,0,0.0,5,17.9,6,680.10,0.0,,,
CV_h6s7n39.txt,GLCT,7,6,28,28,900.0,1,3.6,7,25.0,6,782.93,0.0,,,
CV_h6s7n4.txt,GLCT,7,6,28,28,900.0,0,0.0,3,10.7,7,813.50,0.0,,,
CV_h6s7n40.txt,GLCT,7,6,28,28,900.0,0,0.0,4,14.3,7,845.69,0.0,,,
CV_h6s7n5.txt,GLCT,7,6,28,28,900.0,0,0.0,5,17.9,7,839.93,0.0,,,
CV_h6s7n6.txt,GLCT,7,6,28,28,900.0,2,7.1,4,14.3,6,736.11,0.0,,,
CV_h6s7n7.txt,GLCT,7,6,28,28,900.0,1,3.6,6,21.4,7,867.85,0.0,,,
CV_h6s7n8.txt,GLCT,7,6,28,28,900.0,0,0.0,5,17.9,7,846.63,0.0,,,
CV_h6s7n9.txt,GLCT,7,6,28,28,900.0,0,0.0,3,10.7,6,686.81,0.0,,,
CV_h7s10n1.txt,GLCT,10,7,50,50,900.0,0,0.0,2,4.0,6,808.02,0.0,,,
CV_h7s10n10.txt,GLCT,10,7,50,50,900.0,0,0.0,3,6.0,7,889.45,0.0,,,
CV_h7s10n11.txt,GLCT,10,7,50,50,900.0,0,0.0,4,8.0,7,871.49,0.0,,,
CV_h7s10n12.txt,GLCT,10,7,50,50,900.0,0,0.0,2,4.0,7,899.64,0.0,,,
CV_h7s10n13.txt,GLCT,10,7,50,50,900.0,0,0.0,7,14.0,7,844.58,0.0,,,
CV_h7s10n14.txt,GLCT,10,7,50,50,900.0,0,0.0,4,8.0,6,787.01,0.0,,,
CV_h7s10n15.txt,GLCT,10,7,50,50,900.0,0,0.0,4,8.0,7,886.34,0.0,,,
CV_h7s10n16.txt,GLCT,10,7,50,50,900.0,1,2.0,5,10.0,6,759.57,0.0,,,
CV_h7s10n17.txt,GLCT,10,7,50,50,900.0,0,0.0,4,8.0,7,825.64,0.0,,,
CV_h7s10n18.txt,GLCT,10,7,50,50,900.0,0,0.0,5,10.0,7,835.42,0.0,,,
CV_h7s10n19.txt,GLCT,10,7,50,50,900.0,1,2.0,3,6.0,7,879.71,0.0,,,
CV_h7s10n2.txt,GLCT,10,7,50,50,900.0,0,0.0,1,2.0,6,788.48,0.0,,,
CV_h7s10n20.txt,GLCT,10,7,50,50,900.0,0,0.0,5,10.0,7,878.54,0.0,,,
CV_h7s10n21.txt,GLCT,10,7,50,50,900.0,0,0.0,4,8.0,7,889.65,0.0,,,
CV_h7s10n22.txt,GLCT,10,7,50,50,900.0,0,0.0,3,6.0,7,894.73,0.0,,,
CV_h7s10n23.txt,GLCT,10,7,50,50,900.0,0,0.0,1,2.0,7,878.42,0.0,,,
CV_h7s10n24.txt,GLCT,10,7,50,50,900.0,0,0.0,1,2.0,6,803.84,0.0,,,
CV_h7s10n25.txt,GLCT,10,7,50,50,900.0,2,4.0,3,6.0,6,766.99,0.0,,,
CV_h7s10n26.txt,GLCT,10,7,50,50,900.0,0,0.0,4,8.0,7,896.08,0.0,,,
CV_h7s10n27.txt,GLCT,10,7,50,50,900.0,0,0.0,2,4.0,7,852.56,0.0,,,
CV_h7s10n28.txt,GLCT,10,7,50,50,900.0,0,0.0,1,2.0,6,801.29,0.0,,,
CV_h7s10n29.txt,GLCT,10,7,50,50,900.0,0,0.0,3,6.0,7,823.62,0.0,,,
CV_h7s10n3.txt,GLCT,10,7,50,50,900.0,0,0.0,3,6.0,7,883.07,0.0,,,
CV_h7s10n30.txt,GLCT,10,7,50,50,900.0,0,0.0,4,8.0,7,886.24,0.0,,,
CV_h7s10n31.txt,GLCT,10,7,50,50,900.0,1,2.0,4,8.0,7,880.22,0.0,,,
CV_h7s10n32.txt,GLCT,10,7,50,50,900.0,0,0.0,6,12.0,7,882.22,0.0,,,
CV_h7s10n33.txt,GLCT,10,7,50,50,900.0,0,0.0,2,4.0,7,888.97,0.0,,,
CV_h7s10n34.txt,GLCT,10,7,50,50,900.0,0,0.0,8,16.0,7,835.83,0.0,,,
CV_h7s10n35.txt,GLCT,10,7,50,50,900.0,0,0.0,4,8.0,7,898.40,0.0,,,
CV_h7s10n36.txt,GLCT,10,7,50,50,900.0,0,0.0,5,10.0,7,883.89,0.0,,,
CV_h7s10n37.txt,GLCT,10,7,50,50,900.0,0,0.0,4,8.0,6,796.39,0.0,,,
CV_h7s10n38.txt,GLCT,10,7,50,50,900.0,0,0.0,4,8.0,7,895.63,0.0,,,
CV_h7s10n39.txt,GLCT,10,7,50,50,900.0,0,0.0,3,6.0,7,867.26,0.0,,,
CV_h7s10n4.txt,GLCT,10,7,50,50,900.0,0,0.0,4,8.0,7,897.00,0.0,,,
CV_h7s10n40.txt,GLCT,10,7,50,50,900.0,0,0.0,3,6.0,7,865.25,0.0,,,
CV_h7s10n5.txt,GLCT,10,7,50,50,900.0,0,0.0,4,8.0,7,862.17,0.0,,,
CV_h7s10n6.txt,GLCT,10,7,50,50,900.0,0,0.0,3,6.0,7,890.32,0.0,,,
CV_h7s10n7.txt,GLCT,10,7,50,50,900.0,0,0.0,1,2.0,6,751.17,0.0,,,
CV_h7s10n8.txt,GLCT,10,7,50,50,900.0,0,0.0,3,6.0,7,873.74,0.0,,,
CV_h7s10n9.txt,GLCT,10,7,50,50,900.0,0,0.0,6,12.0,7,814.10,0.0,,,
CV_h7s4n1.txt,GLCT,4,7,20,20,900.0,0,0.0,2,10.0,4,465.91,0.0,,,
CV_h7s4n10.txt,GLCT,4,7,20,20,900.0,0,0.0,3,15.0,5,612.27,0.0,,,
CV_h7s4n11.txt,GLCT,4,7,20,20,900.0,0,0.0,3,15.0,7,858.93,0.0,,,
CV_h7s4n12.txt,GLCT,4,7,20,20,900.0,0,0.0,1,5.0,4,456.69,0.0,,,
CV_h7s4n13.txt,GLCT,4,7,20,20,900.0,0,0.0,1,5.0,4,454.06,0.0,,,
CV_h7s4n14.txt,GLCT,4,7,20,20,900.0,0,0.0,3,15.0,4,492.38,0.0,,,
CV_h7s4n15.txt,GLCT,4,7,20,20,900.0,0,0.0,7,35.0,7,797.76,0.0,,,
CV_h7s4n16.txt,GLCT,4,7,20,20,900.0,0,0.0,2,10.0,6,806.28,0.0,,,
CV_h7s4n17.txt,GLCT,4,7,20,20,900.0,0,0.0,1,5.0,4,461.57,0.0,,,
CV_h7s4n18.txt,GLCT,4,7,20,20,900.0,1,5.0,6,30.0,7,849.01,0.0,,,
CV_h7s4n19.txt,GLCT,4,7,20,20,900.0,0,0.0,2,10.0,4,447.82,0.0,,,
CV_h7s4n2.txt,GLCT,4,7,20,20,900.0,0,0.0,1,5.0,4,499.16,0.0,,,
CV_h7s4n20.txt,GLCT,4,7,20,20,900.0,0,0.0,2,10.0,6,785.20,0.0,,,
CV_h7s4n21.txt,GLCT,4,7,20,20,900.0,0,0.0,4,20.0,7,863.15,0.0,,,
CV_h7s4n22.txt,GLCT,4,7,20,20,900.0,3,15.0,3,15.0,2,232.83,0.0,,,
CV_h7s4n23.txt,GLCT,4,7,20,20,900.0,0,0.0,4,20.0,6,713.48,0.0,,,
CV_h7s4n24.txt,GLCT,4,7,20,20,900.0,0,0.0,1,5.0,4,510.24,0.0,,,
CV_h7s4n25.txt,GLCT,4,7,20,20,900.0,3,15.0,4,20.0,5,541.74,0.0,,,
CV_h7s4n26.txt,GLCT,4,7,20,20,900.0,0,0.0,1,5.0,4,492.38,0.0,,,
CV_h7s4n27.txt,GLCT,4,7,20,20,900.0,0,0.0,1,5.0,4,454.47,0.0,,,
CV_h7s4n28.txt,GLCT,4,7,20,20,900.0,0,0.0,1,5.0,4,439.95,0.0,,,
CV_h7s4n29.txt,GLCT,4,7,20,20,900.0,1,5.0,3,15.0,7,890.40,0.0,,,
CV_h7s4n3.txt,GLCT,4,7,20,20,900.0,0,0.0,5,25.0,6,702.08,0.0,,,
CV_h7s4n30.txt,GLCT,4,7,20,20,900.0,1,5.0,3,15.0,7,876.95,0.0,,,
CV_h7s4n31.txt,GLCT,4,7,20,20,900.0,1,5.0,4,20.0,7,833.86,0.0,,,
CV_h7s4n32.txt,GLCT,4,7,20,20,900.0,0,0.0,1,5.0,4,459.22,0.0,,,
CV_h7s4n33.txt,GLCT,4,7,20,20,900.0,0,0.0,2,10.0,7,831.56,0.0,,,
CV_h7s4n34.txt,GLCT,4,7,20,20,900.0,0,0.0,1,5.0,4,474.55,0.0,,,
CV_h7s4n35.txt,GLCT,4,7,20,20,900.0,0,0.0,2,10.0,5,607.72,0.0,,,
CV_h7s4n36.txt,GLCT,4,7,20,20,900.0,0,0.0,3,15.0,7,823.08,0.0,,,
CV_h7s4n37.txt,GLCT,4,7,20,20,900.0,0,0.0,1,5.0,4,500.49,0.0,,,
CV_h7s4n38.txt,GLCT,4,7,20,20,900.0,0,0.0,1,5.0,4,461.57,0.0,,,
CV_h7s4n39.txt,GLCT,4,7,20,20,900.0,0,0.0,1,5.0,4,465.91,0.0,,,
CV_h7s4n4.txt,GLCT,4,7,20,20,900.0,0,0.0,3,15.0,5,618.22,0.0,,,
CV_h7s4n40.txt,GLCT,4,7,20,20,900.0,0,0.0,3,15.0,6,773.35,0.0,,,
CV_h7s4n5.txt,GLCT,4,7,20,20,900.0,0,0.0,2,10.0,6,730.53,0.0,,,
CV_h7s4n6.txt,GLCT,4,7,20,20,900.0,0,0.0,3,15.0,7,849.34,0.0,,,
CV_h7s4n7.txt,GLCT,4,7,20,20,900.0,0,0.0,4,20.0,7,855.21,0.0,,,
CV_h7s4n8.txt,GLCT,4,7,20,20,900.0,0,0.0,2,10.0,6,785.32,0.0,,,
CV_h7s4n9.txt,GLCT,4,7,20,20,900.0,2,10.0,4,20.0,7,789.75,0.0,,,
CV_h7s5n1.txt,GLCT,5,7,25,25,900.0,0,0.0,1,4.0,6,734.39,0.0,,,
CV_h7s5n10.txt,GLCT,5,7,25,25,900.0,0,0.0,3,12.0,6,717.12,0.0,,,
CV_h7s5n11.txt,GLCT,5,7,25,25,900.0,0,0.0,3,12.0,5,611.52,0.0,,,
CV_h7s5n12.txt,GLCT,5,7,25,25,900.0,0,0.0,2,8.0,6,804.80,0.0,,,
CV_h7s5n13.txt,GLCT,5,7,25,25,900.0,0,0.0,5,20.0,6,679.16,0.0,,,
CV_h7s5n14.txt,GLCT,5,7,25,25,900.0,0,0.0,3,12.0,7,860.11,0.0,,,
CV_h7s5n15.txt,GLCT,5,7,25,25,900.0,0,0.0,2,8.0,5,599.80,0.0,,,
CV_h7s5n16.txt,GLCT,5,7,25,25,900.0,0,0.0,3,12.0,7,897.29,0.0,,,
CV_h7s5n17.txt,GLCT,5,7,25,25,900.0,0,0.0,3,12.0,7,816.98,0.0,,,
CV_h7s5n18.txt,GLCT,5,7,25,25,900.0,1,4.0,5,20.0,6,763.68,0.0,,,
CV_h7s5n19.txt,GLCT,5,7,25,25,900.0,1,4.0,3,12.0,5,603.11,0.0,,,
CV_h7s5n2.txt,GLCT,5,7,25,25,900.0,1,4.0,7,28.0,7,860.91,0.0,,,
CV_h7s5n20.txt,GLCT,5,7,25,25,900.0,0,0.0,1,4.0,6,749.35,0.0,,,
CV_h7s5n21.txt,GLCT,5,7,25,25,900.0,0,0.0,2,8.0,6,751.14,0.0,,,
CV_h7s5n22.txt,GLCT,5,7,25,25,900.0,0,0.0,4,16.0,7,848.83,0.0,,,
CV_h7s5n23.txt,GLCT,5,7,25,25,900.0,0,0.0,2,8.0,5,621.19,0.0,,,
CV_h7s5n24.txt,GLCT,5,7,25,25,900.0,1,4.0,3,12.0,7,883.41,0.0,,,
CV_h7s5n25.txt,GLCT,5,7,25,25,900.0,1,4.0,5,20.0,6,773.31,0.0,,,
CV_h7s5n26.txt,GLCT,5,7,25,25,900.0,0,0.0,2,8.0,7,874.11,0.0,,,
CV_h7s5n27.txt,GLCT,5,7,25,25,900.0,0,0.0,2,8.0,6,748.24,0.0,,,
CV_h7s5n28.txt,GLCT,5,7,25,25,900.0,0,0.0,3,12.0,7,870.05,0.0,,,
CV_h7s5n29.txt,GLCT,5,7,25,25,900.0,0,0.0,2,8.0,7,879.59,0.0,,,
CV_h7s5n3.txt,GLCT,5,7,25,25,900.0,0,0.0,1,4.0,6,731.15,0.0,,,
CV_h7s5n30.txt,GLCT,5,7,25,25,900.0,0,0.0,6,24.0,7,812.19,0.0,,,
CV_h7s5n31.txt,GLCT,5,7,25,25,900.0,0,0.0,2,8.0,6,716.09,0.0,,,
CV_h7s5n32.txt,GLCT,5,7,25,25,900.0,2,8.0,3,12.0,7,878.62,0.0,,,
CV_h7s5n33.txt,GLCT,5,7,25,25,900.0,0,0.0,3,12.0,6,746.16,0.0,,,
CV_h7s5n34.txt,GLCT,5,7,25,25,900.0,1,4.0,4,16.0,7,843.44,0.0,,,
CV_h7s5n35.txt,GLCT,5,7,25,25,900.0,0,0.0,5,20.0,7,824.55,0.0,,,
CV_h7s5n36.txt,GLCT,5,7,25,25,900.0,0,0.0,4,16.0,6,727.18,0.0,,,
CV_h7s5n37.txt,GLCT,5,7,25,25,900.0,1,4.0,2,8.0,7,897.11,0.0,,,
CV_h7s5n38.txt,GLCT,5,7,25,25,900.0,1,4.0,5,20.0,7,865.94,0.0,,,
CV_h7s5n39.txt,GLCT,5,7,25,25,900.0,0,0.0,4,16.0,7,820.51,0.0,,,
CV_h7s5n4.txt,GLCT,5,7,25,25,900.0,0,0.0,3,12.0,7,879.54,0.0,,,
CV_h7s5n40.txt,GLCT,5,7,25,25,900.0,0,0.0,3,12.0,7,890.57,0.0,,,
CV_h7s5n5.txt,GLCT,5,7,25,25,900.0,1,4.0,4,16.0,7,853.23,0.0,,,
CV_h7s5n6.txt,GLCT,5,7,25,25,900.0,0,0.0,5,20.0,7,891.37,0.0,,,
CV_h7s5n7.txt,GLCT,5,7,25,25,900.0,0,0.0,2,8.0,6,770.32,0.0,,,
CV_h7s5n8.txt,GLCT,5,7,25,25,900.0,0,0.0,1,4.0,6,710.85,0.0,,,
CV_h7s5n9.txt,GLCT,5,7,25,25,900.0,0,0.0,3,12.0,7,876.01,0.0,,,
CV_h7s6n1.txt,GLCT,6,7,30,30,900.0,0,0.0,2,6.7,7,898.97,0.0,,,
CV_h7s6n10.txt,GLCT,6,7,30,30,900.0,0,0.0,2,6.7,6,714.84,0.0,,,
CV_h7s6n11.txt,GLCT,6,7,30,30,900.0,0,0.0,4,13.3,6,783.35,0.0,,,
CV_h7s6n12.txt,GLCT,6,7,30,30,900.0,0,0.0,5,16.7,6,831.41,0.0,,,
CV_h7s6n13.txt,GLCT,6,7,30,30,900.0,0,0.0,3,10.0,6,713.37,0.0,,,
CV_h7s6n14.txt,GLCT,6,7,30,30,900.0,2,6.7,5,16.7,7,808.09,0.0,,,
CV_h7s6n15.txt,GLCT,6,7,30,30,900.0,0,0.0,5,16.7,7,869.69,0.0,,,
CV_h7s6n16.txt,GLCT,6,7,30,30,900.0,0,0.0,3,10.0,6,704.90,0.0,,,
CV_h7s6n17.txt,GLCT,6,7,30,30,900.0,0,0.0,6,20.0,7,880.63,0.0,,,
CV_h7s6n18.txt,GLCT,6,7,30,30,900.0,0,0.0,2,6.7,6,706.59,0.0,,,
CV_h7s6n19.txt,GLCT,6,7,30,30,900.0,0,0.0,3,10.0,6,730.36,0.0,,,
CV_h7s6n2.txt,GLCT,6,7,30,30,900.0,0,0.0,3,10.0,7,893.03,0.0,,,
CV_h7s6n20.txt,GLCT,6,7,30,30,900.0,0,0.0,2,6.7,7,858.28,0.0,,,
CV_h7s6n21.txt,GLCT,6,7,30,30,900.0,0,0.0,3,10.0,7,854.50,0.0,,,
CV_h7s6n22.txt,GLCT,6,7,30,30,900.0,0,0.0,2,6.7,6,707.90,0.0,,,
CV_h7s6n23.txt,GLCT,6,7,30,30,900.0,1,3.3,3,10.0,6,749.88,0.0,,,
CV_h7s6n24.txt,GLCT,6,7,30,30,900.0,0,0.0,3,10.0,7,871.35,0.0,,,
CV_h7s6n25.txt,GLCT,6,7,30,30,900.0,1,3.3,3,10.0,7,866.87,0.0,,,
CV_h7s6n26.txt,GLCT,6,7,30,30,900.0,0,0.0,1,3.3,7,865.29,0.0,,,
CV_h7s6n27.txt,GLCT,6,7,30,30,900.0,0,0.0,2,6.7,6,753.30,0.0,,,
CV_h7s6n28.txt,GLCT,6,7,30,30,900.0,0,0.0,2,6.7,7,885.53,0.0,,,
CV_h7s6n29.txt,GLCT,6,7,30,30,900.0,0,0.0,2,6.7,7,888.39,0.0,,,
CV_h7s6n3.txt,GLCT,6,7,30,30,900.0,1,3.3,4,13.3,6,793.94,0.0,,,
CV_h7s6n30.txt,GLCT,6,7,30,30,900.0,0,0.0,5,16.7,6,743.17,0.0,,,
CV_h7s6n31.txt,GLCT,6,7,30,30,900.0,0,0.0,3,10.0,7,831.10,0.0,,,
CV_h7s6n32.txt,GLCT,6,7,30,30,900.0,0,0.0,2,6.7,6,753.14,0.0,,,
CV_h7s6n33.txt,GLCT,6,7,30,30,900.0,2,6.7,4,13.3,7,883.66,0.0,,,
CV_h7s6n34.txt,GLCT,6,7,30,30,900.0,0,0.0,5,16.7,7,841.91,0.0,,,
CV_h7s6n35.txt,GLCT,6,7,30,30,900.0,0,0.0,4,13.3,7,872.15,0.0,,,
CV_h7s6n36.txt,GLCT,6,7,30,30,900.0,0,0.0,2,6.7,7,888.63,0.0,,,
CV_h7s6n37.txt,GLCT,6,7,30,30,900.0,0,0.0,4,13.3,6,730.53,0.0,,,
CV_h7s6n38.txt,GLCT,6,7,30,30,900.0,0,0.0,2,6.7,6,707.42,0.0,,,
CV_h7s6n39.txt,GLCT,6,7,30,30,900.0,1,3.3,4,13.3,7,878.22,0.0,,,
CV_h7s6n4.txt,GLCT,6,7,30,30,900.0,0,0.0,3,10.0,6,733.01,0.0,,,
CV_h7s6n40.txt,GLCT,6,7,30,30,900.0,0,0.0,2,6.7,6,765.74,0.0,,,
CV_h7s6n5.txt,GLCT,6,7,30,30,900.0,0,0.0,2,6.7,7,879.14,0.0,,,
CV_h7s6n6.txt,GLCT,6,7,30,30,900.0,0,0.0,5,16.7,7,868.61,0.0,,,
CV_h7s6n7.txt,GLCT,6,7,30,30,900.0,0,0.0,2,6.7,7,898.18,0.0,,,
CV_h7s6n8.txt,GLCT,6,7,30,30,900.0,4,13.3,5,16.7,6,758.06,0.0,,,
CV_h7s6n9.txt,GLCT,6,7,30,30,900.0,0,0.0,3,10.0,7,854.45,0.0,,,
CV_h7s7n1.txt,GLCT,7,7,35,35,900.0,2,5.7,5,14.3,6,726.78,0.0,,,
CV_h7s7n10.txt,GLCT,7,7,35,35,900.0,2,5.7,3,8.6,7,888.95,0.0,,,
CV_h7s7n11.txt,GLCT,7,7,35,35,900.0,1,2.9,4,11.4,6,706.05,0.0,,,
CV_h7s7n12.txt,GLCT,7,7,35,35,900.0,0,0.0,4,11.4,7,897.08,0.0,,,
CV_h7s7n13.txt,GLCT,7,7,35,35,900.0,0,0.0,4,11.4,6,713.42,0.0,,,
CV_h7s7n14.txt,GLCT,7,7,35,35,900.0,2,5.7,4,11.4,7,839.24,0.0,,,
CV_h7s7n15.txt,GLCT,7,7,35,35,900.0,0,0.0,2,5.7,6,780.10,0.0,,,
CV_h7s7n16.txt,GLCT,7,7,35,35,900.0,0,0.0,2,5.7,7,879.49,0.0,,,
CV_h7s7n17.txt,GLCT,7,7,35,35,900.0,3,8.6,5,14.3,7,865.97,0.0,,,
CV_h7s7n18.txt,GLCT,7,7,35,35,900.0,0,0.0,1,2.9,7,883.10,0.0,,,
CV_h7s7n19.txt,GLCT,7,7,35,35,900.0,0,0.0,2,5.7,7,842.48,0.0,,,
CV_h7s7n2.txt,GLCT,7,7,35,35,900.0,0,0.0,5,14.3,7,866.08,0.0,,,
CV_h7s7n20.txt,GLCT,7,7,35,35,900.0,0,0.0,2,5.7,7,879.57,0.0,,,
CV_h7s7n21.txt,GLCT,7,7,35,35,900.0,0,0.0,2,5.7,7,885.45,0.0,,,
CV_h7s7n22.txt,GLCT,7,7,35,35,900.0,0,0.0,1,2.9,7,892.33,0.0,,,
CV_h7s7n23.txt,GLCT,7,7,35,35,900.0,0,0.0,5,14.3,7,894.23,0.0,,,
CV_h7s7n24.txt,GLCT,7,7,35,35,900.0,0,0.0,6,17.1,6,693.62,0.0,,,
CV_h7s7n25.txt,GLCT,7,7,35,35,900.0,0,0.0,5,14.3,7,894.37,0.0,,,
CV_h7s7n26.txt,GLCT,7,7,35,35,900.0,0,0.0,7,20.0,7,857.29,0.0,,,
CV_h7s7n27.txt,GLCT,7,7,35,35,900.0,0,0.0,3,8.6,7,868.24,0.0,,,
CV_h7s7n28.txt,GLCT,7,7,35,35,900.0,0,0.0,4,11.4,7,844.45,0.0,,,
CV_h7s7n29.txt,GLCT,7,7,35,35,900.0,0,0.0,2,5.7,7,826.66,0.0,,,
CV_h7s7n3.txt,GLCT,7,7,35,35,900.0,0,0.0,3,8.6,7,874.36,0.0,,,
CV_h7s7n30.txt,GLCT,7,7,35,35,900.0,0,0.0,2,5.7,7,868.40,0.0,,,
CV_h7s7n31.txt,GLCT,7,7,35,35,900.0,0,0.0,3,8.6,7,842.57,0.0,,,
CV_h7s7n32.txt,GLCT,7,7,35,35,900.0,1,2.9,3,8.6,6,707.66,0.0,,,
CV_h7s7n33.txt,GLCT,7,7,35,35,900.0,0,0.0,3,8.6,6,741.79,0.0,,,
CV_h7s7n34.txt,GLCT,7,7,35,35,900.0,0,0.0,2,5.7,7,842.55,0.0,,,
CV_h7s7n35.txt,GLCT,7,7,35,35,900.0,0,0.0,3,8.6,7,862.82,0.0,,,
CV_h7s7n36.txt,GLCT,7,7,35,35,900.0,1,2.9,3,8.6,6,739.79,0.0,,,
CV_h7s7n37.txt,GLCT,7,7,35,35,900.0,0,0.0,3,8.6,6,753.98,0.0,,,
CV_h7s7n38.txt,GLCT,7,7,35,35,900.0,0,0.0,6,17.1,6,728.34,0.0,,,
CV_h7s7n39.txt,GLCT,7,7,35,35,900.0,0,0.0,4,11.4,6,735.36,0.0,,,
CV_h7s7n4.txt,GLCT,7,7,35,35,900.0,0,0.0,8,22.9,8,895.29,0.0,,,
CV_h7s7n40.txt,GLCT,7,7,35,35,900.0,0,0.0,4,11.4,7,822.49,0.0,,,
CV_h7s7n5.txt,GLCT,7,7,35,35,900.0,0,0.0,2,5.7,7,883.48,0.0,,,
CV_h7s7n6.txt,GLCT,7,7,35,35,900.0,0,0.0,5,14.3,7,872.73,0.0,,,
CV_h7s7n7.txt,GLCT,7,7,35,35,900.0,0,0.0,9,25.7,7,890.52,0.0,,,
CV_h7s7n8.txt,GLCT,7,7,35,35,900.0,1,2.9,3,8.6,6,754.58,0.0,,,
CV_h7s7n9.txt,GLCT,7,7,35,35,900.0,0,0.0,4,11.4,6,674.25,0.0,,,
CV_h7s8n1.txt,GLCT,8,7,40,40,900.0,0,0.0,5,12.5,7,898.25,0.0,,,
CV_h7s8n10.txt,GLCT,8,7,40,40,900.0,0,0.0,3,7.5,6,797.73,0.0,,,
CV_h7s8n11.txt,GLCT,8,7,40,40,900.0,1,2.5,3,7.5,7,876.53,0.0,,,
CV_h7s8n12.txt,GLCT,8,7,40,40,900.0,0,0.0,5,12.5,7,855.86,0.0,,,
CV_h7s8n13.txt,GLCT,8,7,40,40,900.0,0,0.0,3,7.5,7,893.96,0.0,,,
CV_h7s8n14.txt,GLCT,8,7,40,40,900.0,0,0.0,2,5.0,7,873.27,0.0,,,
CV_h7s8n15.txt,GLCT,8,7,40,40,900.0,1,2.5,5,12.5,7,858.99,0.0,,,
CV_h7s8n16.txt,GLCT,8,7,40,40,900.0,0,0.0,3,7.5,7,819.25,0.0,,,
CV_h7s8n17.txt,GLCT,8,7,40,40,900.0,0,0.0,4,10.0,6,727.60,0.0,,,
CV_h7s8n18.txt,GLCT,8,7,40,40,900.0,0,0.0,4,10.0,7,804.18,0.0,,,
CV_h7s8n19.txt,GLCT,8,7,40,40,900.0,0,0.0,3,7.5,7,882.45,0.0,,,
CV_h7s8n2.txt,GLCT,8,7,40,40,900.0,0,0.0,5,12.5,6,749.65,0.0,,,
CV_h7s8n20.txt,GLCT,8,7,40,40,900.0,1,2.5,6,15.0,6,740.65,0.0,,,
CV_h7s8n21.txt,GLCT,8,7,40,40,900.0,0,0.0,6,15.0,7,871.10,0.0,,,
CV_h7s8n22.txt,GLCT,8,7,40,40,900.0,0,0.0,3,7.5,7,837.03,0.0,,,
CV_h7s8n23.txt,GLCT,8,7,40,40,900.0,1,2.5,4,10.0,6,795.87,0.0,,,
CV_h7s8n24.txt,GLCT,8,7,40,40,900.0,0,0.0,5,12.5,7,835.26,0.0,,,
CV_h7s8n25.txt,GLCT,8,7,40,40,900.0,0,0.0,5,12.5,7,873.20,0.0,,,
CV_h7s8n26.txt,GLCT,8,7,40,40,900.0,1,2.5,4,10.0,7,892.22,0.0,,,
CV_h7s8n27.txt,GLCT,8,7,40,40,900.0,0,0.0,2,5.0,7,886.72,0.0,,,
CV_h7s8n28.txt,GLCT,8,7,40,40,900.0,0,0.0,4,10.0,7,883.60,0.0,,,
CV_h7s8n29.txt,GLCT,8,7,40,40,900.0,0,0.0,3,7.5,7,890.23,0.0,,,
CV_h7s8n3.txt,GLCT,8,7,40,40,900.0,0,0.0,3,7.5,7,838.80,0.0,,,
CV_h7s8n30.txt,GLCT,8,7,40,40,900.0,0,0.0,3,7.5,7,863.70,0.0,,,
CV_h7s8n31.txt,GLCT,8,7,40,40,900.0,1,2.5,4,10.0,7,891.43,0.0,,,
CV_h7s8n32.txt,GLCT,8,7,40,40,900.0,0,0.0,5,12.5,7,862.34,0.0,,,
CV_h7s8n33.txt,GLCT,8,7,40,40,900.0,1,2.5,2,5.0,6,771.58,0.0,,,
CV_h7s8n34.txt,GLCT,8,7,40,40,900.0,0,0.0,4,10.0,6,739.82,0.0,,,
CV_h7s8n35.txt,GLCT,8,7,40,40,900.0,0,0.0,4,10.0,7,855.70,0.0,,,
CV_h7s8n36.txt,GLCT,8,7,40,40,900.0,0,0.0,5,12.5,7,854.37,0.0,,,
CV_h7s8n37.txt,GLCT,8,7,40,40,900.0,0,0.0,3,7.5,7,869.91,0.0,,,
CV_h7s8n38.txt,GLCT,8,7,40,40,900.0,0,0.0,4,10.0,6,764.99,0.0,,,
CV_h7s8n39.txt,GLCT,8,7,40,40,900.0,0,0.0,2,5.0,7,831.06,0.0,,,
CV_h7s8n4.txt,GLCT,8,7,40,40,900.0,0,0.0,2,5.0,6,792.83,0.0,,,
CV_h7s8n40.txt,GLCT,8,7,40,40,900.0,0,0.0,2,5.0,7,899.44,0.0,,,
CV_h7s8n5.txt,GLCT,8,7,40,40,900.0,0,0.0,1,2.5,6,769.51,0.0,,,
CV_h7s8n6.txt,GLCT,8,7,40,40,900.0,0,0.0,2,5.0,7,833.35,0.0,,,
CV_h7s8n7.txt,GLCT,8,7,40,40,900.0,0,0.0,7,17.5,7,823.50,0.0,,,
CV_h7s8n8.txt,GLCT,8,7,40,40,900.0,1,2.5,5,12.5,6,747.27,0.0,,,
CV_h7s8n9.txt,GLCT,8,7,40,40,900.0,0,0.0,1,2.5,6,760.63,0.0,,,
CV_h7s9n1.txt,GLCT,9,7,45,45,900.0,0,0.0,2,4.4,7,888.05,0.0,,,
CV_h7s9n10.txt,GLCT,9,7,45,45,900.0,1,2.2,3,6.7,7,896.66,0.0,,,
CV_h7s9n11.txt,GLCT,9,7,45,45,900.0,1,2.2,4,8.9,7,888.42,0.0,,,
CV_h7s9n12.txt,GLCT,9,7,45,45,900.0,0,0.0,8,17.8,7,888.79,0.0,,,
CV_h7s9n13.txt,GLCT,9,7,45,45,900.0,1,2.2,4,8.9,7,865.18,0.0,,,
CV_h7s9n14.txt,GLCT,9,7,45,45,900.0,0,0.0,2,4.4,6,780.42,0.0,,,
CV_h7s9n15.txt,GLCT,9,7,45,45,900.0,0,0.0,5,11.1,6,700.38,0.0,,,
CV_h7s9n16.txt,GLCT,9,7,45,45,900.0,0,0.0,2,4.4,7,853.53,0.0,,,
CV_h7s9n17.txt,GLCT,9,7,45,45,900.0,0,0.0,3,6.7,7,893.94,0.0,,,
CV_h7s9n18.txt,GLCT,9,7,45,45,900.0,2,4.4,4,8.9,7,891.52,0.0,,,
CV_h7s9n19.txt,GLCT,9,7,45,45,900.0,0,0.0,2,4.4,6,795.76,0.0,,,
CV_h7s9n2.txt,GLCT,9,7,45,45,900.0,0,0.0,5,11.1,7,846.42,0.0,,,
CV_h7s9n20.txt,GLCT,9,7,45,45,900.0,0,0.0,5,11.1,7,799.46,0.0,,,
CV_h7s9n21.txt,GLCT,9,7,45,45,900.0,0,0.0,4,8.9,7,820.89,0.0,,,
CV_h7s9n22.txt,GLCT,9,7,45,45,900.0,0,0.0,3,6.7,7,894.29,0.0,,,
CV_h7s9n23.txt,GLCT,9,7,45,45,900.0,0,0.0,1,2.2,6,775.59,0.0,,,
CV_h7s9n24.txt,GLCT,9,7,45,45,900.0,0,0.0,5,11.1,7,863.84,0.0,,,
CV_h7s9n25.txt,GLCT,9,7,45,45,900.0,1,2.2,2,4.4,7,895.84,0.0,,,
CV_h7s9n26.txt,GLCT,9,7,45,45,900.0,0,0.0,4,8.9,7,842.64,0.0,,,
CV_h7s9n27.txt,GLCT,9,7,45,45,900.0,0,0.0,3,6.7,7,856.84,0.0,,,
CV_h7s9n28.txt,GLCT,9,7,45,45,900.0,1,2.2,5,11.1,6,797.16,0.0,,,
CV_h7s9n29.txt,GLCT,9,7,45,45,900.0,0,0.0,5,11.1,7,888.79,0.0,,,
CV_h7s9n3.txt,GLCT,9,7,45,45,900.0,0,0.0,2,4.4,7,832.68,0.0,,,
CV_h7s9n30.txt,GLCT,9,7,45,45,900.0,1,2.2,5,11.1,7,867.22,0.0,,,
CV_h7s9n31.txt,GLCT,9,7,45,45,900.0,0,0.0,3,6.7,7,863.72,0.0,,,
CV_h7s9n32.txt,GLCT,9,7,45,45,900.0,0,0.0,6,13.3,6,740.19,0.0,,,
CV_h7s9n33.txt,GLCT,9,7,45,45,900.0,0,0.0,2,4.4,7,875.83,0.0,,,
CV_h7s9n34.txt,GLCT,9,7,45,45,900.0,0,0.0,5,11.1,7,846.26,0.0,,,
CV_h7s9n35.txt,GLCT,9,7,45,45,900.0,0,0.0,3,6.7,7,892.22,0.0,,,
CV_h7s9n36.txt,GLCT,9,7,45,45,900.0,0,0.0,3,6.7,7,894.97,0.0,,,
CV_h7s9n37.txt,GLCT,9,7,45,45,900.0,1,2.2,3,6.7,7,876.52,0.0,,,
CV_h7s9n38.txt,GLCT,9,7,45,45,900.0,0,0.0,3,6.7,7,853.52,0.0,,,
CV_h7s9n39.txt,GLCT,9,7,45,45,900.0,1,2.2,3,6.7,7,874.26,0.0,,,
CV_h7s9n4.txt,GLCT,9,7,45,45,900.0,0,0.0,5,11.1,6,785.86,0.0,,,
CV_h7s9n40.txt,GLCT,9,7,45,45,900.0,0,0.0,2,4.4,6,771.24,0.0,,,
CV_h7s9n5.txt,GLCT,9,7,45,45,900.0,1,2.2,6,13.3,7,873.42,0.0,,,
CV_h7s9n6.txt,GLCT,9,7,45,45,900.0,1,2.2,4,8.9,7,891.27,0.0,,,
CV_h7s9n7.txt,GLCT,9,7,45,45,900.0,0,0.0,4,8.9,7,896.42,0.0,,,
CV_h7s9n8.txt,GLCT,9,7,45,45,900.0,0,0.0,5,11.1,7,826.36,0.0,,,
CV_h7s9n9.txt,GLCT,9,7,45,45,900.0,0,0.0,3,6.7,7,888.41,0.0,,,
CV_h8s10n1.txt,GLCT,10,8,60,60,900.0,0,0.0,3,5.0,7,836.91,0.0,,,
CV_h8s10n10.txt,GLCT,10,8,60,60,900.0,0,0.0,5,8.3,7,856.43,0.0,,,
CV_h8s10n11.txt,GLCT,10,8,60,60,900.0,0,0.0,2,3.3,7,894.58,0.0,,,
CV_h8s10n12.txt,GLCT,10,8,60,60,900.0,0,0.0,2,3.3,6,756.86,0.0,,,
CV_h8s10n13.txt,GLCT,10,8,60,60,900.0,0,0.0,1,1.7,6,793.59,0.0,,,
CV_h8s10n14.txt,GLCT,10,8,60,60,900.0,0,0.0,1,1.7,7,890.53,0.0,,,
CV_h8s10n15.txt,GLCT,10,8,60,60,900.0,0,0.0,2,3.3,7,873.34,0.0,,,
CV_h8s10n16.txt,GLCT,10,8,60,60,900.0,0,0.0,1,1.7,7,896.39,0.0,,,
CV_h8s10n17.txt,GLCT,10,8,60,60,900.0,0,0.0,3,5.0,6,803.84,0.0,,,
CV_h8s10n18.txt,GLCT,10,8,60,60,900.0,0,0.0,1,1.7,6,818.06,0.0,,,
CV_h8s10n19.txt,GLCT,10,8,60,60,900.0,0,0.0,4,6.7,6,846.05,0.0,,,
CV_h8s10n2.txt,GLCT,10,8,60,60,900.0,0,0.0,4,6.7,7,847.05,0.0,,,
CV_h8s10n20.txt,GLCT,10,8,60,60,900.0,1,1.7,3,5.0,6,792.96,0.0,,,
CV_h8s10n21.txt,GLCT,10,8,60,60,900.0,0,0.0,4,6.7,7,868.01,0.0,,,
CV_h8s10n22.txt,GLCT,10,8,60,60,900.0,0,0.0,2,3.3,7,856.89,0.0,,,
CV_h8s10n23.txt,GLCT,10,8,60,60,900.0,0,0.0,2,3.3,6,797.03,0.0,,,
CV_h8s10n24.txt,GLCT,10,8,60,60,900.0,0,0.0,3,5.0,6,791.07,0.0,,,
CV_h8s10n25.txt,GLCT,10,8,60,60,900.0,1,1.7,5,8.3,6,831.96,0.0,,,
CV_h8s10n26.txt,GLCT,10,8,60,60,900.0,1,1.7,3,5.0,6,768.23,0.0,,,
CV_h8s10n27.txt,GLCT,10,8,60,60,900.0,1,1.7,4,6.7,7,840.45,0.0,,,
CV_h8s10n28.txt,GLCT,10,8,60,60,900.0,0,0.0,3,5.0,7,874.72,0.0,,,
CV_h8s10n29.txt,GLCT,10,8,60,60,900.0,0,0.0,1,1.7,6,799.84,0.0,,,
CV_h8s10n3.txt,GLCT,10,8,60,60,900.0,0,0.0,2,3.3,7,898.26,0.0,,,
CV_h8s10n30.txt,GLCT,10,8,60,60,900.0,0,0.0,3,5.0,7,865.35,0.0,,,
CV_h8s10n31.txt,GLCT,10,8,60,60,900.0,1,1.7,4,6.7,7,875.91,0.0,,,
CV_h8s10n32.txt,GLCT,10,8,60,60,900.0,0,0.0,1,1.7,6,767.54,0.0,,,
CV_h8s10n33.txt,GLCT,10,8,60,60,900.0,0,0.0,1,1.7,6,768.64,0.0,,,
CV_h8s10n34.txt,GLCT,10,8,60,60,900.0,0,0.0,2,3.3,7,892.77,0.0,,,
CV_h8s10n35.txt,GLCT,10,8,60,60,900.0,1,1.7,6,10.0,6,805.23,0.0,,,
CV_h8s10n36.txt,GLCT,10,8,60,60,900.0,0,0.0,4,6.7,7,857.27,0.0,,,
CV_h8s10n37.txt,GLCT,10,8,60,60,900.0,0,0.0,2,3.3,6,806.14,0.0,,,
CV_h8s10n38.txt,GLCT,10,8,60,60,900.0,0,0.0,1,1.7,6,848.32,0.0,,,
CV_h8s10n39.txt,GLCT,10,8,60,60,900.0,0,0.0,1,1.7,6,786.93,0.0,,,
CV_h8s10n4.txt,GLCT,10,8,60,60,900.0,0,0.0,1,1.7,6,793.94,0.0,,,
CV_h8s10n40.txt,GLCT,10,8,60,60,900.0,0,0.0,3,5.0,7,897.19,0.0,,,
CV_h8s10n5.txt,GLCT,10,8,60,60,900.0,0,0.0,1,1.7,6,799.38,0.0,,,
CV_h8s10n6.txt,GLCT,10,8,60,60,900.0,0,0.0,3,5.0,7,879.60,0.0,,,
CV_h8s10n7.txt,GLCT,10,8,60,60,900.0,0,0.0,2,3.3,7,899.96,0.0,,,
CV_h8s10n8.txt,GLCT,10,8,60,60,900.0,1,1.7,2,3.3,7,886.19,0.0,,,
CV_h8s10n9.txt,GLCT,10,8,60,60,900.0,1,1.7,6,10.0,6,830.70,0.0,,,
CV_h8s6n1.txt,GLCT,6,8,36,36,900.0,0,0.0,3,8.3,7,862.32,0.0,,,
CV_h8s6n10.txt,GLCT,6,8,36,36,900.0,1,2.8,5,13.9,5,584.50,0.0,,,
CV_h8s6n11.txt,GLCT,6,8,36,36,900.0,0,0.0,2,5.6,6,747.45,0.0,,,
CV_h8s6n12.txt,GLCT,6,8,36,36,900.0,1,2.8,5,13.9,6,731.79,0.0,,,
CV_h8s6n13.txt,GLCT,6,8,36,36,900.0,0,0.0,5,13.9,7,843.17,0.0,,,
CV_h8s6n14.txt,GLCT,6,8,36,36,900.0,0,0.0,5,13.9,7,859.99,0.0,,,
CV_h8s6n15.txt,GLCT,6,8,36,36,900.0,0,0.0,1,2.8,7,870.35,0.0,,,
CV_h8s6n16.txt,GLCT,6,8,36,36,900.0,0,0.0,2,5.6,6,691.21,0.0,,,
CV_h8s6n17.txt,GLCT,6,8,36,36,900.0,0,0.0,2,5.6,7,895.09,0.0,,,
CV_h8s6n18.txt,GLCT,6,8,36,36,900.0,1,2.8,3,8.3,7,886.51,0.0,,,
CV_h8s6n19.txt,GLCT,6,8,36,36,900.0,0,0.0,2,5.6,6,711.91,0.0,,,
CV_h8s6n2.txt,GLCT,6,8,36,36,900.0,0,0.0,2,5.6,6,734.70,0.0,,,
CV_h8s6n20.txt,GLCT,6,8,36,36,900.0,0,0.0,3,8.3,6,718.64,0.0,,,
CV_h8s6n21.txt,GLCT,6,8,36,36,900.0,0,0.0,2,5.6,6,758.29,0.0,,,
CV_h8s6n22.txt,GLCT,6,8,36,36,900.0,0,0.0,2,5.6,7,872.17,0.0,,,
CV_h8s6n23.txt,GLCT,6,8,36,36,900.0,1,2.8,5,13.9,6,762.48,0.0,,,
CV_h8s6n24.txt,GLCT,6,8,36,36,900.0,0,0.0,1,2.8,6,780.98,0.0,,,
CV_h8s6n25.txt,GLCT,6,8,36,36,900.0,0,0.0,4,11.1,7,879.68,0.0,,,
CV_h8s6n26.txt,GLCT,6,8,36,36,900.0,0,0.0,1,2.8,7,878.02,0.0,,,
CV_h8s6n27.txt,GLCT,6,8,36,36,900.0,0,0.0,3,8.3,7,884.11,0.0,,,
CV_h8s6n28.txt,GLCT,6,8,36,36,900.0,0,0.0,4,11.1,6,770.12,0.0,,,
CV_h8s6n29.txt,GLCT,6,8,36,36,900.0,0,0.0,2,5.6,6,739.38,0.0,,,
CV_h8s6n3.txt,GLCT,6,8,36,36,900.0,0,0.0,4,11.1,6,769.70,0.0,,,
CV_h8s6n30.txt,GLCT,6,8,36,36,900.0,0,0.0,3,8.3,7,854.58,0.0,,,
CV_h8s6n31.txt,GLCT,6,8,36,36,900.0,0,0.0,2,5.6,6,724.23,0.0,,,
CV_h8s6n32.txt,GLCT,6,8,36,36,900.0,0,0.0,3,8.3,6,802.29,0.0,,,
CV_h8s6n33.txt,GLCT,6,8,36,36,900.0,0,0.0,4,11.1,6,762.58,0.0,,,
CV_h8s6n34.txt,GLCT,6,8,36,36,900.0,0,0.0,1,2.8,6,802.45,0.0,,,
CV_h8s6n35.txt,GLCT,6,8,36,36,900.0,1,2.8,4,11.1,6,743.92,0.0,,,
CV_h8s6n36.txt,GLCT,6,8,36,36,900.0,1,2.8,3,8.3,6,768.81,0.0,,,
CV_h8s6n37.txt,GLCT,6,8,36,36,900.0,1,2.8,3,8.3,7,868.95,0.0,,,
CV_h8s6n38.txt,GLCT,6,8,36,36,900.0,0,0.0,3,8.3,6,756.14,0.0,,,
CV_h8s6n39.txt,GLCT,6,8,36,36,900.0,0,0.0,3,8.3,6,723.73,0.0,,,
CV_h8s6n4.txt,GLCT,6,8,36,36,900.0,0,0.0,2,5.6,6,743.26,0.0,,,
CV_h8s6n40.txt,GLCT,6,8,36,36,900.0,0,0.0,2,5.6,6,789.03,0.0,,,
CV_h8s6n5.txt,GLCT,6,8,36,36,900.0,0,0.0,1,2.8,6,805.52,0.0,,,
CV_h8s6n6.txt,GLCT,6,8,36,36,900.0,1,2.8,2,5.6,6,788.80,0.0,,,
CV_h8s6n7.txt,GLCT,6,8,36,36,900.0,0,0.0,2,5.6,6,693.27,0.0,,,
CV_h8s6n8.txt,GLCT,6,8,36,36,900.0,0,0.0,3,8.3,6,768.93,0.0,,,
CV_h8s6n9.txt,GLCT,6,8,36,36,900.0,0,0.0,1,2.8,7,878.60,0.0,,,
CV_h12s10n1.txt,GLCT,10,12,100,100,1200.0,0,0.0,0,0.0,7,1061.66,0.0,,,
CV_h12s10n10.txt,GLCT,10,12,100,100,1200.0,1,1.0,2,2.0,7,1102.52,0.0,,,
CV_h12s10n11.txt,GLCT,10,12,100,100,1200.0,0,0.0,1,1.0,8,1161.53,0.0,,,
CV_h12s10n12.txt,GLCT,10,12,100,100,1200.0,0,0.0,1,1.0,8,1103.43,0.0,,,
CV_h12s10n13.txt,GLCT,10,12,100,100,1200.0,0,0.0,5,5.0,8,1175.78,0.0,,,
CV_h12s10n14.txt,GLCT,10,12,100,100,1200.0,0,0.0,3,3.0,9,1147.19,0.0,,,
CV_h12s10n15.txt,GLCT,10,12,100,100,1200.0,0,0.0,0,0.0,7,1074.83,0.0,,,
CV_h12s10n16.txt,GLCT,10,12,100,100,1200.0,0,0.0,3,3.0,9,1163.98,0.0,,,
CV_h12s10n17.txt,GLCT,10,12,100,100,1200.0,0,0.0,1,1.0,8,1067.26,0.0,,,
CV_h12s10n18.txt,GLCT,10,12,100,100,1200.0,0,0.0,1,1.0,7,1100.94,0.0,,,
CV_h12s10n19.txt,GLCT,10,12,100,100,1200.0,0,0.0,2,2.0,9,1148.82,0.0,,,
CV_h12s10n2.txt,GLCT,10,12,100,100,1200.0,0,0.0,4,4.0,9,1191.91,0.0,,,
CV_h12s10n20.txt,GLCT,10,12,100,100,1200.0,0,0.0,2,2.0,8,1063.93,0.0,,,
CV_h12s10n21.txt,GLCT,10,12,100,100,1200.0,0,0.0,0,0.0,7,1068.64,0.0,,,
CV_h12s10n22.txt,GLCT,10,12,100,100,1200.0,0,0.0,0,0.0,7,1096.86,0.0,,,
CV_h12s10n23.txt,GLCT,10,12,100,100,1200.0,0,0.0,2,2.0,9,1171.86,0.0,,,
CV_h12s10n24.txt,GLCT,10,12,100,100,1200.0,0,0.0,0,0.0,7,1044.31,0.0,,,
CV_h12s10n25.txt,GLCT,10,12,100,100,1200.0,0,0.0,0,0.0,7,1080.98,0.0,,,
CV_h12s10n26.txt,GLCT,10,12,100,100,1200.0,1,1.0,3,3.0,9,1199.97,0.0,,,
CV_h12s10n27.txt,GLCT,10,12,100,100,1200.0,0,0.0,2,2.0,8,1134.81,0.0,,,
CV_h12s10n28.txt,GLCT,10,12,100,100,1200.0,0,0.0,0,0.0,7,1131.15,0.0,,,
CV_h12s10n29.txt,GLCT,10,12,100,100,1200.0,0,0.0,2,2.0,8,1081.63,0.0,,,
CV_h12s10n3.txt,GLCT,10,12,100,100,1200.0,0,0.0,3,3.0,8,1082.43,0.0,,,
CV_h12s10n30.txt,GLCT,10,12,100,100,1200.0,0,0.0,1,1.0,7,1062.28,0.0,,,
CV_h12s10n31.txt,GLCT,10,12,100,100,1200.0,1,1.0,1,1.0,7,1024.36,0.0,,,
CV_h12s10n32.txt,GLCT,10,12,100,100,1200.0,1,1.0,1,1.0,7,1028.26,0.0,,,
CV_h12s10n33.txt,GLCT,10,12,100,100,1200.0,0,0.0,0,0.0,7,1075.91,0.0,,,
CV_h12s10n34.txt,GLCT,10,12,100,100,1200.0,0,0.0,1,1.0,8,1085.13,0.0,,,
CV_h12s10n35.txt,GLCT,10,12,100,100,1200.0,1,1.0,2,2.0,7,1064.27,0.0,,,
CV_h12s10n36.txt,GLCT,10,12,100,100,1200.0,0,0.0,3,3.0,8,1144.00,0.0,,,
CV_h12s10n37.txt,GLCT,10,12,100,100,1200.0,4,4.0,5,5.0,8,1135.89,0.0,,,
CV_h12s10n38.txt,GLCT,10,12,100,100,1200.0,0,0.0,3,3.0,8,1156.46,0.0,,,
CV_h12s10n39.txt,GLCT,10,12,100,100,1200.0,0,0.0,0,0.0,7,1043.49,0.0,,,
CV_h12s10n4.txt,GLCT,10,12,100,100,1200.0,0,0.0,1,1.0,8,1159.03,0.0,,,
CV_h12s10n40.txt,GLCT,10,12,100,100,1200.0,1,1.0,2,2.0,8,1051.03,0.0,,,
CV_h12s10n5.txt,GLCT,10,12,100,100,1200.0,0,0.0,0,0.0,7,1034.04,0.0,,,
CV_h12s10n6.txt,GLCT,10,12,100,100,1200.0,0,0.0,2,2.0,8,1163.09,0.0,,,
CV_h12s10n7.txt,GLCT,10,12,100,100,1200.0,0,0.0,0,0.0,7,1114.09,0.0,,,
CV_h12s10n8.txt,GLCT,10,12,100,100,1200.0,0,0.0,1,1.0,8,1098.91,0.0,,,
CV_h12s10n9.txt,GLCT,10,12,100,100,1200.0,0,0.0,0,0.0,7,1059.31,0.0,,,
CV_h12s6n1.txt,GLCT,6,12,60,60,1200.0,0,0.0,1,1.7,8,1119.99,0.0,,,
CV_h12s6n10.txt,GLCT,6,12,60,60,1200.0,0,0.0,1,1.7,8,1127.21,0.0,,,
CV_h12s6n11.txt,GLCT,6,12,60,60,1200.0,0,0.0,2,3.3,9,1174.71,0.0,,,
CV_h12s6n12.txt,GLCT,6,12,60,60,1200.0,0,0.0,2,3.3,8,1142.92,0.0,,,
CV_h12s6n13.txt,GLCT,6,12,60,60,1200.0,0,0.0,0,0.0,7,1025.63,0.0,,,
CV_h12s6n14.txt,GLCT,6,12,60,60,1200.0,0,0.0,2,3.3,9,1194.46,0.0,,,
CV_h12s6n15.txt,GLCT,6,12,60,60,1200.0,0,0.0,2,3.3,8,1080.61,0.0,,,
CV_h12s6n16.txt,GLCT,6,12,60,60,1200.0,0,0.0,2,3.3,7,916.77,0.0,,,
CV_h12s6n17.txt,GLCT,6,12,60,60,1200.0,1,1.7,2,3.3,7,1044.81,0.0,,,
CV_h12s6n18.txt,GLCT,6,12,60,60,1200.0,1,1.7,2,3.3,7,970.03,0.0,,,
CV_h12s6n19.txt,GLCT,6,12,60,60,1200.0,0,0.0,2,3.3,8,1172.50,0.0,,,
CV_h12s6n2.txt,GLCT,6,12,60,60,1200.0,0,0.0,1,1.7,7,1037.58,0.0,,,
CV_h12s6n20.txt,GLCT,6,12,60,60,1200.0,0,0.0,1,1.7,8,1032.25,0.0,,,
CV_h12s6n21.txt,GLCT,6,12,60,60,1200.0,0,0.0,4,6.7,8,940.17,0.0,,,
CV_h12s6n22.txt,GLCT,6,12,60,60,1200.0,0,0.0,3,5.0,9,1138.12,0.0,,,
CV_h12s6n23.txt,GLCT,6,12,60,60,1200.0,0,0.0,2,3.3,9,1182.04,0.0,,,
CV_h12s6n24.txt,GLCT,6,12,60,60,1200.0,0,0.0,1,1.7,8,1038.60,0.0,,,
CV_h12s6n25.txt,GLCT,6,12,60,60,1200.0,0,0.0,3,5.0,9,1110.12,0.0,,,
CV_h12s6n26.txt,GLCT,6,12,60,60,1200.0,0,0.0,3,5.0,8,1072.03,0.0,,,
CV_h12s6n27.txt,GLCT,6,12,60,60,1200.0,0,0.0,2,3.3,8,1045.48,0.0,,,
CV_h12s6n28.txt,GLCT,6,12,60,60,1200.0,0,0.0,2,3.3,7,1012.75,0.0,,,
CV_h12s6n29.txt,GLCT,6,12,60,60,1200.0,0,0.0,0,0.0,7,1018.89,0.0,,,
CV_h12s6n3.txt,GLCT,6,12,60,60,1200.0,0,0.0,1,1.7,8,1138.49,0.0,,,
CV_h12s6n30.txt,GLCT,6,12,60,60,1200.0,0,0.0,1,1.7,8,1017.04,0.0,,,
CV_h12s6n31.txt,GLCT,6,12,60,60,1200.0,0,0.0,0,0.0,7,1021.84,0.0,,,
CV_h12s6n32.txt,GLCT,6,12,60,60,1200.0,0,0.0,1,1.7,8,1024.84,0.0,,,
CV_h12s6n33.txt,GLCT,6,12,60,60,1200.0,0,0.0,1,1.7,8,1036.04,0.0,,,
CV_h12s6n34.txt,GLCT,6,12,60,60,1200.0,0,0.0,1,1.7,8,1058.12,0.0,,,
CV_h12s6n35.txt,GLCT,6,12,60,60,1200.0,0,0.0,0,0.0,7,1025.74,0.0,,,
CV_h12s6n36.txt,GLCT,6,12,60,60,1200.0,0,0.0,1,1.7,8,1017.72,0.0,,,
CV_h12s6n37.txt,GLCT,6,12,60,60,1200.0,0,0.0,5,8.3,9,1138.04,0.0,,,
CV_h12s6n38.txt,GLCT,6,12,60,60,1200.0,1,1.7,2,3.3,8,1113.91,0.0,,,
CV_h12s6n39.txt,GLCT,6,12,60,60,1200.0,0,0.0,5,8.3,9,1122.43,0.0,,,
CV_h12s6n4.txt,GLCT,6,12,60,60,1200.0,0,0.0,0,0.0,7,1023.10,0.0,,,
CV_h12s6n40.txt,GLCT,6,12,60,60,1200.0,0,0.0,0,0.0,7,1060.76,0.0,,,
CV_h12s6n5.txt,GLCT,6,12,60,60,1200.0,0,0.0,2,3.3,8,1054.80,0.0,,,
CV_h12s6n6.txt,GLCT,6,12,60,60,1200.0,0,0.0,2,3.3,9,1152.77,0.0,,,
CV_h12s6n7.txt,GLCT,6,12,60,60,1200.0,0,0.0,1,1.7,8,1144.83,0.0,,,
CV_h12s6n8.txt,GLCT,6,12,60,60,1200.0,0,0.0,0,0.0,7,1030.18,0.0,,,
CV_h12s6n9.txt,GLCT,6,12,60,60,1200.0,0,0.0,1,1.7,8,1070.20,0.0,,,
CV_h5s3n1.txt,GLCT,3,5,9,9,1200.0,1,11.1,2,22.2,3,345.90,0.0,,,
CV_h5s3n10.txt,GLCT,3,5,9,9,1200.0,0,0.0,4,44.4,8,905.24,0.0,,,
CV_h5s3n11.txt,GLCT,3,5,9,9,1200.0,2,22.2,7,77.8,7,762.53,0.0,,,
CV_h5s3n12.txt,GLCT,3,5,9,9,1200.0,0,0.0,1,11.1,2,207.41,0.0,,,
CV_h5s3n13.txt,GLCT,3,5,9,9,1200.0,0,0.0,1,11.1,2,226.87,0.0,,,
CV_h5s3n14.txt,GLCT,3,5,9,9,1200.0,0,0.0,1,11.1,2,221.51,0.0,,,
CV_h5s3n15.txt,GLCT,3,5,9,9,1200.0,0,0.0,1,11.1,2,210.00,0.0,,,
CV_h5s3n16.txt,GLCT,3,5,9,9,1200.0,0,0.0,1,11.1,2,222.78,0.0,,,
CV_h5s3n17.txt,GLCT,3,5,9,9,1200.0,2,22.2,3,33.3,2,229.47,0.0,,,
CV_h5s3n18.txt,GLCT,3,5,9,9,1200.0,0,0.0,5,55.6,7,813.67,0.0,,,
CV_h5s3n19.txt,GLCT,3,5,9,9,1200.0,0,0.0,1,11.1,2,229.47,0.0,,,
CV_h5s3n2.txt,GLCT,3,5,9,9,1200.0,0,0.0,6,66.7,9,1039.75,0.0,,,
CV_h5s3n20.txt,GLCT,3,5,9,9,1200.0,0,0.0,3,33.3,5,571.22,0.0,,,
CV_h5s3n21.txt,GLCT,3,5,9,9,1200.0,1,11.1,2,22.2,3,349.84,0.0,,,
CV_h5s3n22.txt,GLCT,3,5,9,9,1200.0,2,22.2,3,33.3,3,340.77,0.0,,,
CV_h5s3n23.txt,GLCT,3,5,9,9,1200.0,0,0.0,1,11.1,2,229.47,0.0,,,
CV_h5s3n24.txt,GLCT,3,5,9,9,1200.0,1,11.1,3,33.3,5,530.01,0.0,,,
CV_h5s3n25.txt,GLCT,3,5,9,9,1200.0,0,0.0,2,22.2,2,221.51,0.0,,,
CV_h5s3n26.txt,GLCT,3,5,9,9,1200.0,0,0.0,9,100.0,8,905.24,0.0,,,
CV_h5s3n27.txt,GLCT,3,5,9,9,1200.0,0,0.0,1,11.1,2,210.00,0.0,,,
CV_h5s3n28.txt,GLCT,3,5,9,9,1200.0,0,0.0,2,22.2,2,207.41,0.0,,,
CV_h5s3n29.txt,GLCT,3,5,9,9,1200.0,0,0.0,1,11.1,2,221.51,0.0,,,
CV_h5s3n3.txt,GLCT,3,5,9,9,1200.0,0,0.0,9,100.0,3,344.92,0.0,,,
CV_h5s3n30.txt,GLCT,3,5,9,9,1200.0,0,0.0,3,33.3,4,473.87,0.0,,,
CV_h5s3n31.txt,GLCT,3,5,9,9,1200.0,0,0.0,5,55.6,7,801.92,0.0,,,
CV_h5s3n32.txt,GLCT,3,5,9,9,1200.0,1,11.1,5,55.6,8,857.23,0.0,,,
CV_h5s3n33.txt,GLCT,3,5,9,9,1200.0,1,11.1,6,66.7,8,854.63,0.0,,,
CV_h5s3n34.txt,GLCT,3,5,9,9,1200.0,0,0.0,2,22.2,2,221.51,0.0,,,
CV_h5s3n35.txt,GLCT,3,5,9,9,1200.0,0,0.0,2,22.2,2,226.87,0.0,,,
CV_h5s3n36.txt,GLCT,3,5,9,9,1200.0,0,0.0,1,11.1,2,221.51,0.0,,,
CV_h5s3n37.txt,GLCT,3,5,9,9,1200.0,0,0.0,4,44.4,6,731.35,0.0,,,
CV_h5s3n38.txt,GLCT,3,5,9,9,1200.0,0,0.0,2,22.2,2,210.00,0.0,,,
CV_h5s3n39.txt,GLCT,3,5,9,9,1200.0,9,100.0,9,100.0,0,0.00,0.0,,,
CV_h5s3n4.txt,GLCT,3,5,9,9,1200.0,1,11.1,4,44.4,6,631.74,0.0,,,
CV_h5s3n40.txt,GLCT,3,5,9,9,1200.0,1,11.1,4,44.4,2,221.51,0.0,,,
CV_h5s3n5.txt,GLCT,3,5,9,9,1200.0,4,44.4,9,100.0,5,571.22,0.0,,,
CV_h5s3n6.txt,GLCT,3,5,9,9,1200.0,0,0.0,1,11.1,2,229.47,0.0,,,
CV_h5s3n7.txt,GLCT,3,5,9,9,1200.0,0,0.0,3,33.3,7,796.84,0.0,,,
CV_h5s3n8.txt,GLCT,3,5,9,9,1200.0,1,11.1,9,100.0,8,904.26,0.0,,,
CV_h5s3n9.txt,GLCT,3,5,9,9,1200.0,0,0.0,1,11.1,2,220.18,0.0,,,
CV_h5s4n1.txt,GLCT,4,5,12,12,1200.0,2,16.7,5,41.7,5,561.17,0.0,,,
CV_h5s4n10.txt,GLCT,4,5,12,12,1200.0,0,0.0,4,33.3,10,1159.72,0.0,,,
CV_h5s4n11.txt,GLCT,4,5,12,12,1200.0,1,8.3,5,41.7,10,1126.60,0.0,,,
CV_h5s4n12.txt,GLCT,4,5,12,12,1200.0,1,8.3,8,66.7,8,929.05,0.0,,,
CV_h5s4n13.txt,GLCT,4,5,12,12,1200.0,1,8.3,12,100.0,10,1107.48,0.0,,,
CV_h5s4n14.txt,GLCT,4,5,12,12,1200.0,0,0.0,4,33.3,9,1085.90,0.0,,,
CV_h5s4n15.txt,GLCT,4,5,12,12,1200.0,0,0.0,8,66.7,8,950.41,0.0,,,
CV_h5s4n16.txt,GLCT,4,5,12,12,1200.0,0,0.0,4,33.3,10,1131.61,0.0,,,
CV_h5s4n17.txt,GLCT,4,5,12,12,1200.0,0,0.0,5,41.7,8,863.43,0.0,,,
CV_h5s4n18.txt,GLCT,4,5,12,12,1200.0,0,0.0,4,33.3,9,1088.76,0.0,,,
CV_h5s4n19.txt,GLCT,4,5,12,12,1200.0,0,0.0,5,41.7,6,677.08,0.0,,,
CV_h5s4n2.txt,GLCT,4,5,12,12,1200.0,0,0.0,9,75.0,5,554.84,0.0,,,
CV_h5s4n20.txt,GLCT,4,5,12,12,1200.0,0,0.0,5,41.7,7,779.02,0.0,,,
CV_h5s4n21.txt,GLCT,4,5,12,12,1200.0,1,8.3,6,50.0,9,1110.91,0.0,,,
CV_h5s4n22.txt,GLCT,4,5,12,12,1200.0,0,0.0,6,50.0,7,843.04,0.0,,,
CV_h5s4n23.txt,GLCT,4,5,12,12,1200.0,3,25.0,5,41.7,4,436.69,0.0,,,
CV_h5s4n24.txt,GLCT,4,5,12,12,1200.0,0,0.0,5,41.7,9,1016.93,0.0,,,
CV_h5s4n25.txt,GLCT,4,5,12,12,1200.0,0,0.0,6,50.0,9,1090.88,0.0,,,
CV_h5s4n26.txt,GLCT,4,5,12,12,1200.0,1,8.3,5,41.7,9,957.70,0.0,,,
CV_h5s4n27.txt,GLCT,4,5,12,12,1200.0,4,33.3,12,100.0,7,841.68,0.0,,,
CV_h5s4n28.txt,GLCT,4,5,12,12,1200.0,0,0.0,4,33.3,10,1117.47,0.0,,,
CV_h5s4n29.txt,GLCT,4,5,12,12,1200.0,0,0.0,6,50.0,10,1193.73,0.0,,,
CV_h5s4n3.txt,GLCT,4,5,12,12,1200.0,1,8.3,6,50.0,9,1116.11,0.0,,,
CV_h5s4n30.txt,GLCT,4,5,12,12,1200.0,0,0.0,5,41.7,8,893.57,0.0,,,
CV_h5s4n31.txt,GLCT,4,5,12,12,1200.0,0,0.0,4,33.3,10,1093.10,0.0,,,
CV_h5s4n32.txt,GLCT,4,5,12,12,1200.0,0,0.0,3,25.0,9,1073.33,0.0,,,
CV_h5s4n33.txt,GLCT,4,5,12,12,1200.0,0,0.0,4,33.3,9,1032.24,0.0,,,
CV_h5s4n34.txt,GLCT,4,5,12,12,1200.0,0,0.0,5,41.7,9,1066.72,0.0,,,
CV_h5s4n35.txt,GLCT,4,5,12,12,1200.0,1,8.3,8,66.7,9,1040.04,0.0,,,
CV_h5s4n36.txt,GLCT,4,5,12,12,1200.0,0,0.0,6,50.0,10,1140.85,0.0,,,
CV_h5s4n37.txt,GLCT,4,5,12,12,1200.0,3,25.0,7,58.3,9,1111.96,0.0,,,
CV_h5s4n38.txt,GLCT,4,5,12,12,1200.0,2,16.7,6,50.0,6,659.39,0.0,,,
CV_h5s4n39.txt,GLCT,4,5,12,12,1200.0,0,0.0,7,58.3,10,1150.55,0.0,,,
CV_h5s4n4.txt,GLCT,4,5,12,12,1200.0,0,0.0,12,100.0,10,1135.83,0.0,,,
CV_h5s4n40.txt,GLCT,4,5,12,12,1200.0,0,0.0,4,33.3,7,730.85,0.0,,,
CV_h5s4n5.txt,GLCT,4,5,12,12,1200.0,1,8.3,7,58.3,8,928.82,0.0,,,
CV_h5s4n6.txt,GLCT,4,5,12,12,1200.0,0,0.0,5,41.7,10,1187.42,0.0,,,
CV_h5s4n7.txt,GLCT,4,5,12,12,1200.0,0,0.0,3,25.0,8,933.98,0.0,,,
CV_h5s4n8.txt,GLCT,4,5,12,12,1200.0,2,16.7,8,66.7,6,680.06,0.0,,,
CV_h5s4n9.txt,GLCT,4,5,12,12,1200.0,0,0.0,7,58.3,10,1167.16,0.0,,,
CV_h5s5n1.txt,GLCT,5,5,15,15,1200.0,1,6.7,7,46.7,9,1019.14,0.0,,,
CV_h5s5n10.txt,GLCT,5,5,15,15,1200.0,3,20.0,13,86.7,10,1163.37,0.0,,,
CV_h5s5n11.txt,GLCT,5,5,15,15,1200.0,0,0.0,4,26.7,9,1072.21,0.0,,,
CV_h5s5n12.txt,GLCT,5,5,15,15,1200.0,0,0.0,8,53.3,8,986.02,0.0,,,
CV_h5s5n13.txt,GLCT,5,5,15,15,1200.0,0,0.0,5,33.3,9,1020.72,0.0,,,
CV_h5s5n14.txt,GLCT,5,5,15,15,1200.0,0,0.0,13,86.7,9,1004.81,0.0,,,
CV_h5s5n15.txt,GLCT,5,5,15,15,1200.0,0,0.0,7,46.7,7,753.60,0.0,,,
CV_h5s5n16.txt,GLCT,5,5,15,15,1200.0,0,0.0,5,33.3,6,713.10,0.0,,,
CV_h5s5n17.txt,GLCT,5,5,15,15,1200.0,0,0.0,8,53.3,6,712.85,0.0,,,
CV_h5s5n18.txt,GLCT,5,5,15,15,1200.0,1,6.7,10,66.7,10,1123.61,0.0,,,
CV_h5s5n19.txt,GLCT,5,5,15,15,1200.0,1,6.7,7,46.7,10,1173.58,0.0,,,
CV_h5s5n2.txt,GLCT,5,5,15,15,1200.0,0,0.0,5,33.3,10,1152.38,0.0,,,
CV_h5s5n20.txt,GLCT,5,5,15,15,1200.0,0,0.0,8,53.3,9,1098.88,0.0,,,
CV_h5s5n21.txt,GLCT,5,5,15,15,1200.0,0,0.0,6,40.0,10,1154.30,0.0,,,
CV_h5s5n22.txt,GLCT,5,5,15,15,1200.0,1,6.7,7,46.7,10,1154.23,0.0,,,
CV_h5s5n23.txt,GLCT,5,5,15,15,1200.0,1,6.7,7,46.7,9,1024.71,0.0,,,
CV_h5s5n24.txt,GLCT,5,5,15,15,1200.0,0,0.0,5,33.3,9,1109.10,0.0,,,
CV_h5s5n25.txt,GLCT,5,5,15,15,1200.0,2,13.3,11,73.3,10,1129.40,0.0,,,
CV_h5s5n26.txt,GLCT,5,5,15,15,1200.0,0,0.0,7,46.7,10,1194.17,0.0,,,
CV_h5s5n27.txt,GLCT,5,5,15,15,1200.0,0,0.0,7,46.7,8,1005.33,0.0,,,
CV_h5s5n28.txt,GLCT,5,5,15,15,1200.0,0,0.0,8,53.3,10,1124.20,0.0,,,
CV_h5s5n29.txt,GLCT,5,5,15,15,1200.0,0,0.0,7,46.7,11,1178.46,0.0,,,
CV_h5s5n3.txt,GLCT,5,5,15,15,1200.0,0,0.0,6,40.0,10,1181.20,0.0,,,
CV_h5s5n30.txt,GLCT,5,5,15,15,1200.0,0,0.0,8,53.3,8,911.08,0.0,,,
CV_h5s5n31.txt,GLCT,5,5,15,15,1200.0,1,6.7,6,40.0,10,1185.45,0.0,,,
CV_h5s5n32.txt,GLCT,5,5,15,15,1200.0,0,0.0,5,33.3,10,1153.24,0.0,,,
CV_h5s5n33.txt,GLCT,5,5,15,15,1200.0,1,6.7,7,46.7,9,1000.14,0.0,,,
CV_h5s5n34.txt,GLCT,5,5,15,15,1200.0,0,0.0,7,46.7,10,1117.24,0.0,,,
CV_h5s5n35.txt,GLCT,5,5,15,15,1200.0,1,6.7,8,53.3,8,922.47,0.0,,,
CV_h5s5n36.txt,GLCT,5,5,15,15,1200.0,1,6.7,8,53.3,10,1129.06,0.0,,,
CV_h5s5n37.txt,GLCT,5,5,15,15,1200.0,0,0.0,4,26.7,10,1145.57,0.0,,,
CV_h5s5n38.txt,GLCT,5,5,15,15,1200.0,0,0.0,11,73.3,9,1013.13,0.0,,,
CV_h5s5n39.txt,GLCT,5,5,15,15,1200.0,0,0.0,8,53.3,9,1051.39,0.0,,,
CV_h5s5n4.txt,GLCT,5,5,15,15,1200.0,0,0.0,15,100.0,10,1140.05,0.0,,,
CV_h5s5n40.txt,GLCT,5,5,15,15,1200.0,2,13.3,9,60.0,9,1109.30,0.0,,,
CV_h5s5n5.txt,GLCT,5,5,15,15,1200.0,0,0.0,5,33.3,10,1176.02,0.0,,,
CV_h5s5n6.txt,GLCT,5,5,15,15,1200.0,0,0.0,6,40.0,9,1135.94,0.0,,,
CV_h5s5n7.txt,GLCT,5,5,15,15,1200.0,0,0.0,10,66.7,9,993.79,0.0,,,
CV_h5s5n8.txt,GLCT,5,5,15,15,1200.0,0,0.0,7,46.7,9,1053.31,0.0,,,
CV_h5s5n9.txt,GLCT,5,5,15,15,1200.0,0,0.0,6,40.0,10,1116.98,0.0,,,
CV_h5s6n1.txt,GLCT,6,5,18,18,1200.0,0,0.0,4,22.2,10,1177.25,0.0,,,
CV_h5s6n10.txt,GLCT,6,5,18,18,1200.0,1,5.6,12,66.7,10,1151.65,0.0,,,
CV_h5s6n11.txt,GLCT,6,5,18,18,1200.0,3,16.7,18,100.0,7,792.64,0.0,,,
CV_h5s6n12.txt,GLCT,6,5,18,18,1200.0,0,0.0,6,33.3,10,1199.51,0.0,,,
CV_h5s6n13.txt,GLCT,6,5,18,18,1200.0,0,0.0,7,38.9,10,1190.59,0.0,,,
CV_h5s6n14.txt,GLCT,6,5,18,18,1200.0,0,0.0,7,38.9,9,1094.65,0.0,,,
CV_h5s6n15.txt,GLCT,6,5,18,18,1200.0,0,0.0,6,33.3,9,1024.50,0.0,,,
CV_h5s6n16.txt,GLCT,6,5,18,18,1200.0,0,0.0,7,38.9,10,1179.49,0.0,,,
CV_h5s6n17.txt,GLCT,6,5,18,18,1200.0,0,0.0,7,38.9,10,1156.27,0.0,,,
CV_h5s6n18.txt,GLCT,6,5,18,18,1200.0,2,11.1,9,50.0,7,822.34,0.0,,,
CV_h5s6n19.txt,GLCT,6,5,18,18,1200.0,0,0.0,5,27.8,10,1151.86,0.0,,,
CV_h5s6n2.txt,GLCT,6,5,18,18,1200.0,0,0.0,5,27.8,9,1105.07,0.0,,,
CV_h5s6n20.txt,GLCT,6,5,18,18,1200.0,0,0.0,9,50.0,8,882.30,0.0,,,
CV_h5s6n21.txt,GLCT,6,5,18,18,1200.0,1,5.6,6,33.3,9,1144.13,0.0,,,
CV_h5s6n22.txt,GLCT,6,5,18,18,1200.0,0,0.0,4,22.2,10,1185.52,0.0,,,
CV_h5s6n23.txt,GLCT,6,5,18,18,1200.0,0,0.0,7,38.9,10,1175.19,0.0,,,
CV_h5s6n24.txt,GLCT,6,5,18,18,1200.0,0,0.0,6,33.3,10,1186.08,0.0,,,
CV_h5s6n25.txt,GLCT,6,5,18,18,1200.0,1,5.6,5,27.8,8,1007.86,0.0,,,
CV_h5s6n26.txt,GLCT,6,5,18,18,1200.0,0,0.0,4,22.2,9,1119.20,0.0,,,
CV_h5s6n27.txt,GLCT,6,5,18,18,1200.0,1,5.6,5,27.8,10,1158.60,0.0,,,
CV_h5s6n28.txt,GLCT,6,5,18,18,1200.0,2,11.1,13,72.2,8,928.33,0.0,,,
CV_h5s6n29.txt,GLCT,6,5,18,18,1200.0,0,0.0,7,38.9,10,1147.72,0.0,,,
CV_h5s6n3.txt,GLCT,6,5,18,18,1200.0,0,0.0,6,33.3,9,1036.27,0.0,,,
CV_h5s6n30.txt,GLCT,6,5,18,18,1200.0,4,22.2,8,44.4,7,873.17,0.0,,,
CV_h5s6n31.txt,GLCT,6,5,18,18,1200.0,0,0.0,7,38.9,9,1097.77,0.0,,,
CV_h5s6n32.txt,GLCT,6,5,18,18,1200.0,0,0.0,7,38.9,10,1161.31,0.0,,,
CV_h5s6n33.txt,GLCT,6,5,18,18,1200.0,1,5.6,9,50.0,9,1119.82,0.0,,,
CV_h5s6n34.txt,GLCT,6,5,18,18,1200.0,0,0.0,9,50.0,9,1083.67,0.0,,,
CV_h5s6n35.txt,GLCT,6,5,18,18,1200.0,1,5.6,11,61.1,10,1131.05,0.0,,,
CV_h5s6n36.txt,GLCT,6,5,18,18,1200.0,2,11.1,6,33.3,9,1051.43,0.0,,,
CV_h5s6n37.txt,GLCT,6,5,18,18,1200.0,0,0.0,4,22.2,8,982.67,0.0,,,
CV_h5s6n38.txt,GLCT,6,5,18,18,1200.0,0,0.0,10,55.6,10,1179.71,0.0,,,
CV_h5s6n39.txt,GLCT,6,5,18,18,1200.0,0,0.0,6,33.3,10,1140.46,0.0,,,
CV_h5s6n4.txt,GLCT,6,5,18,18,1200.0,0,0.0,8,44.4,10,1149.72,0.0,,,
CV_h5s6n40.txt,GLCT,6,5,18,18,1200.0,1,5.6,7,38.9,10,1118.72,0.0,,,
CV_h5s6n5.txt,GLCT,6,5,18,18,1200.0,0,0.0,11,61.1,10,1165.67,0.0,,,
CV_h5s6n6.txt,GLCT,6,5,18,18,1200.0,0,0.0,6,33.3,9,1068.26,0.0,,,
CV_h5s6n7.txt,GLCT,6,5,18,18,1200.0,0,0.0,6,33.3,9,1061.96,0.0,,,
CV_h5s6n8.txt,GLCT,6,5,18,18,1200.0,1,5.6,5,27.8,10,1156.47,0.0,,,
CV_h5s6n9.txt,GLCT,6,5,18,18,1200.0,0,0.0,5,27.8,9,1097.69,0.0,,,
CV_h5s7n1.txt,GLCT,7,5,21,21,1200.0,0,0.0,12,57.1,10,1137.95,0.0,,,
CV_h5s7n10.txt,GLCT,7,5,21,21,1200.0,0,0.0,14,66.7,10,1178.91,0.0,,,
CV_h5s7n11.txt,GLCT,7,5,21,21,1200.0,0,0.0,7,33.3,10,1145.49,0.0,,,
CV_h5s7n12.txt,GLCT,7,5,21,21,1200.0,1,4.8,11,52.4,10,1135.88,0.0,,,
CV_h5s7n13.txt,GLCT,7,5,21,21,1200.0,0,0.0,7,33.3,9,1057.14,0.0,,,
CV_h5s7n14.txt,GLCT,7,5,21,21,1200.0,0,0.0,7,33.3,10,1194.89,0.0,,,
CV_h5s7n15.txt,GLCT,7,5,21,21,1200.0,0,0.0,8,38.1,9,1062.51,0.0,,,
CV_h5s7n16.txt,GLCT,7,5,21,21,1200.0,3,14.3,7,33.3,10,1199.91,0.0,,,
CV_h5s7n17.txt,GLCT,7,5,21,21,1200.0,1,4.8,11,52.4,10,1199.38,0.0,,,
CV_h5s7n18.txt,GLCT,7,5,21,21,1200.0,5,23.8,9,42.9,7,850.27,0.0,,,
CV_h5s7n19.txt,GLCT,7,5,21,21,1200.0,0,0.0,5,23.8,10,1137.85,0.0,,,
CV_h5s7n2.txt,GLCT,7,5,21,21,1200.0,0,0.0,8,38.1,9,1018.06,0.0,,,
CV_h5s7n20.txt,GLCT,7,5,21,21,1200.0,0,0.0,15,71.4,10,1114.74,0.0,,,
CV_h5s7n21.txt,GLCT,7,5,21,21,1200.0,0,0.0,8,38.1,10,1180.66,0.0,,,
CV_h5s7n22.txt,GLCT,7,5,21,21,1200.0,0,0.0,7,33.3,9,1163.86,0.0,,,
CV_h5s7n23.txt,GLCT,7,5,21,21,1200.0,0,0.0,8,38.1,10,1168.43,0.0,,,
CV_h5s7n24.txt,GLCT,7,5,21,21,1200.0,1,4.8,8,38.1,9,1076.50,0.0,,,
CV_h5s7n25.txt,GLCT,7,5,21,21,1200.0,1,4.8,8,38.1,10,1191.88,0.0,,,
CV_h5s7n26.txt,GLCT,7,5,21,21,1200.0,0,0.0,6,28.6,10,1100.24,0.0,,,
CV_h5s7n27.txt,GLCT,7,5,21,21,1200.0,0,0.0,5,23.8,9,1163.87,0.0,,,
CV_h5s7n28.txt,GLCT,7,5,21,21,1200.0,2,9.5,10,47.6,9,1062.82,0.0,,,
CV_h5s7n29.txt,GLCT,7,5,21,21,1200.0,1,4.8,5,23.8,9,1107.51,0.0,,,
CV_h5s7n3.txt,GLCT,7,5,21,21,1200.0,3,14.3,8,38.1,8,993.44,0.0,,,
CV_h5s7n30.txt,GLCT,7,5,21,21,1200.0,2,9.5,10,47.6,9,1121.40,0.0,,,
CV_h5s7n31.txt,GLCT,7,5,21,21,1200.0,0,0.0,5,23.8,10,1093.50,0.0,,,
CV_h5s7n32.txt,GLCT,7,5,21,21,1200.0,1,4.8,6,28.6,9,1107.18,0.0,,,
CV_h5s7n33.txt,GLCT,7,5,21,21,1200.0,0,0.0,5,23.8,10,1179.28,0.0,,,
CV_h5s7n34.txt,GLCT,7,5,21,21,1200.0,0,0.0,7,33.3,10,1161.13,0.0,,,
CV_h5s7n35.txt,GLCT,7,5,21,21,1200.0,0,0.0,5,23.8,9,1108.10,0.0,,,
CV_h5s7n36.txt,GLCT,7,5,21,21,1200.0,0,0.0,7,33.3,9,1082.39,0.0,,,
CV_h5s7n37.txt,GLCT,7,5,21,21,1200.0,0,0.0,9,42.9,10,1178.03,0.0,,,
CV_h5s7n38.txt,GLCT,7,5,21,21,1200.0,1,4.8,4,19.0,10,1181.53,0.0,,,
CV_h5s7n39.txt,GLCT,7,5,21,21,1200.0,0,0.0,9,42.9,9,1123.20,0.0,,,
CV_h5s7n4.txt,GLCT,7,5,21,21,1200.0,0,0.0,11,52.4,10,1182.04,0.0,,,
CV_h5s7n40.txt,GLCT,7,5,21,21,1200.0,0,0.0,8,38.1,9,1112.40,0.0,,,
CV_h5s7n5.txt,GLCT,7,5,21,21,1200.0,0,0.0,5,23.8,10,1170.41,0.0,,,
CV_h5s7n6.txt,GLCT,7,5,21,21,1200.0,1,4.8,11,52.4,10,1183.05,0.0,,,
CV_h5s7n7.txt,GLCT,7,5,21,21,1200.0,0,0.0,4,19.0,9,1089.30,0.0,,,
CV_h5s7n8.txt,GLCT,7,5,21,21,1200.0,0,0.0,10,47.6,7,841.73,0.0,,,
CV_h5s7n9.txt,GLCT,7,5,21,21,1200.0,0,0.0,5,23.8,10,1151.03,0.0,,,
CV_h5s8n1.txt,GLCT,8,5,24,24,1200.0,0,0.0,8,33.3,9,1103.42,0.0,,,
CV_h5s8n10.txt,GLCT,8,5,24,24,1200.0,0,0.0,8,33.3,9,1133.15,0.0,,,
CV_h5s8n11.txt,GLCT,8,5,24,24,1200.0,1,4.2,9,37.5,10,1180.38,0.0,,,
CV_h5s8n12.txt,GLCT,8,5,24,24,1200.0,0,0.0,8,33.3,10,1183.06,0.0,,,
CV_h5s8n13.txt,GLCT,8,5,24,24,1200.0,0,0.0,10,41.7,10,1130.27,0.0,,,
CV_h5s8n14.txt,GLCT,8,5,24,24,1200.0,0,0.0,6,25.0,10,1114.78,0.0,,,
CV_h5s8n15.txt,GLCT,8,5,24,24,1200.0,0,0.0,9,37.5,9,1107.30,0.0,,,
CV_h5s8n16.txt,GLCT,8,5,24,24,1200.0,1,4.2,8,33.3,9,1084.69,0.0,,,
CV_h5s8n17.txt,GLCT,8,5,24,24,1200.0,1,4.2,14,58.3,10,1150.12,0.0,,,
CV_h5s8n18.txt,GLCT,8,5,24,24,1200.0,0,0.0,8,33.3,9,1086.42,0.0,,,
CV_h5s8n19.txt,GLCT,8,5,24,24,1200.0,0,0.0,11,45.8,10,1186.02,0.0,,,
CV_h5s8n2.txt,GLCT,8,5,24,24,1200.0,0,0.0,9,37.5,10,1144.91,0.0,,,
CV_h5s8n20.txt,GLCT,8,5,24,24,1200.0,0,0.0,7,29.2,10,1190.44,0.0,,,
CV_h5s8n21.txt,GLCT,8,5,24,24,1200.0,0,0.0,10,41.7,9,1159.80,0.0,,,
CV_h5s8n22.txt,GLCT,8,5,24,24,1200.0,0,0.0,8,33.3,10,1181.67,0.0,,,
CV_h5s8n23.txt,GLCT,8,5,24,24,1200.0,0,0.0,12,50.0,9,1148.68,0.0,,,
CV_h5s8n24.txt,GLCT,8,5,24,24,1200.0,0,0.0,16,66.7,9,1052.22,0.0,,,
CV_h5s8n25.txt,GLCT,8,5,24,24,1200.0,1,4.2,10,41.7,9,1097.71,0.0,,,
CV_h5s8n26.txt,GLCT,8,5,24,24,1200.0,0,0.0,6,25.0,9,1128.00,0.0,,,
CV_h5s8n27.txt,GLCT,8,5,24,24,1200.0,0,0.0,8,33.3,9,1062.92,0.0,,,
CV_h5s8n28.txt,GLCT,8,5,24,24,1200.0,0,0.0,10,41.7,9,1007.06,0.0,,,
CV_h5s8n29.txt,GLCT,8,5,24,24,1200.0,0,0.0,6,25.0,10,1185.01,0.0,,,
CV_h5s8n3.txt,GLCT,8,5,24,24,1200.0,0,0.0,9,37.5,9,1165.15,0.0,,,
CV_h5s8n30.txt,GLCT,8,5,24,24,1200.0,0,0.0,8,33.3,9,1119.91,0.0,,,
CV_h5s8n31.txt,GLCT,8,5,24,24,1200.0,0,0.0,5,20.8,9,1109.48,0.0,,,
CV_h5s8n32.txt,GLCT,8,5,24,24,1200.0,0,0.0,5,20.8,10,1197.52,0.0,,,
CV_h5s8n33.txt,GLCT,8,5,24,24,1200.0,0,0.0,6,25.0,10,1177.38,0.0,,,
CV_h5s8n34.txt,GLCT,8,5,24,24,1200.0,0,0.0,5,20.8,9,1114.20,0.0,,,
CV_h5s8n35.txt,GLCT,8,5,24,24,1200.0,0,0.0,7,29.2,10,1178.42,0.0,,,
CV_h5s8n36.txt,GLCT,8,5,24,24,1200.0,0,0.0,6,25.0,9,1133.12,0.0,,,
CV_h5s8n37.txt,GLCT,8,5,24,24,1200.0,0,0.0,13,54.2,10,1145.09,0.0,,,
CV_h5s8n38.txt,GLCT,8,5,24,24,1200.0,0,0.0,8,33.3,9,1093.10,0.0,,,
CV_h5s8n39.txt,GLCT,8,5,24,24,1200.0,0,0.0,6,25.0,10,1183.94,0.0,,,
CV_h5s8n4.txt,GLCT,8,5,24,24,1200.0,1,4.2,7,29.2,8,974.03,0.0,,,
CV_h5s8n40.txt,GLCT,8,5,24,24,1200.0,1,4.2,8,33.3,9,1112.47,0.0,,,
CV_h5s8n5.txt,GLCT,8,5,24,24,1200.0,0,0.0,8,33.3,9,1132.81,0.0,,,
CV_h5s8n6.txt,GLCT,8,5,24,24,1200.0,0,0.0,7,29.2,10,1189.08,0.0,,,
CV_h5s8n7.txt,GLCT,8,5,24,24,1200.0,0,0.0,6,25.0,10,1170.68,0.0,,,
CV_h5s8n8.txt,GLCT,8,5,24,24,1200.0,2,8.3,8,33.3,9,1108.82,0.0,,,
CV_h5s8n9.txt,GLCT,8,5,24,24,1200.0,0,0.0,7,29.2,9,1068.60,0.0,,,
CV_h6s4n1.txt,GLCT,4,6,16,16,1200.0,0,0.0,4,25.0,9,1024.77,0.0,,,
CV_h6s4n10.txt,GLCT,4,6,16,16,1200.0,0,0.0,8,50.0,9,1128.58,0.0,,,
CV_h6s4n11.txt,GLCT,4,6,16,16,1200.0,0,0.0,3,18.8,6,719.78,0.0,,,
CV_h6s4n12.txt,GLCT,4,6,16,16,1200.0,3,18.8,5,31.2,8,889.76,0.0,,,
CV_h6s4n13.txt,GLCT,4,6,16,16,1200.0,0,0.0,4,25.0,6,699.19,0.0,,,
CV_h6s4n14.txt,GLCT,4,6,16,16,1200.0,0,0.0,3,18.8,9,1030.10,0.0,,,
CV_h6s4n15.txt,GLCT,4,6,16,16,1200.0,1,6.2,5,31.2,9,1048.51,0.0,,,
CV_h6s4n16.txt,GLCT,4,6,16,16,1200.0,0,0.0,2,12.5,4,461.72,0.0,,,
CV_h6s4n17.txt,GLCT,4,6,16,16,1200.0,0,0.0,3,18.8,4,455.32,0.0,,,
CV_h6s4n18.txt,GLCT,4,6,16,16,1200.0,0,0.0,1,6.2,4,455.36,0.0,,,
CV_h6s4n19.txt,GLCT,4,6,16,16,1200.0,0,0.0,5,31.2,10,1180.15,0.0,,,
CV_h6s4n2.txt,GLCT,4,6,16,16,1200.0,0,0.0,6,37.5,10,1132.78,0.0,,,
CV_h6s4n20.txt,GLCT,4,6,16,16,1200.0,0,0.0,6,37.5,8,967.11,0.0,,,
CV_h6s4n21.txt,GLCT,4,6,16,16,1200.0,0,0.0,3,18.8,8,1042.73,0.0,,,
CV_h6s4n22.txt,GLCT,4,6,16,16,1200.0,0,0.0,5,31.2,10,1174.18,0.0,,,
CV_h6s4n23.txt,GLCT,4,6,16,16,1200.0,0,0.0,4,25.0,6,770.14,0.0,,,
CV_h6s4n24.txt,GLCT,4,6,16,16,1200.0,0,0.0,4,25.0,5,609.58,0.0,,,
CV_h6s4n25.txt,GLCT,4,6,16,16,1200.0,1,6.2,5,31.2,9,1138.06,0.0,,,
CV_h6s4n26.txt,GLCT,4,6,16,16,1200.0,0,0.0,5,31.2,9,1079.34,0.0,,,
CV_h6s4n27.txt,GLCT,4,6,16,16,1200.0,0,0.0,4,25.0,5,521.24,0.0,,,
CV_h6s4n28.txt,GLCT,4,6,16,16,1200.0,0,0.0,3,18.8,8,871.50,0.0,,,
CV_h6s4n29.txt,GLCT,4,6,16,16,1200.0,0,0.0,3,18.8,5,623.60,0.0,,,
CV_h6s4n3.txt,GLCT,4,6,16,16,1200.0,2,12.5,3,18.8,6,692.01,0.0,,,
CV_h6s4n30.txt,GLCT,4,6,16,16,1200.0,0,0.0,4,25.0,9,1028.73,0.0,,,
CV_h6s4n31.txt,GLCT,4,6,16,16,1200.0,1,6.2,4,25.0,9,1137.34,0.0,,,
CV_h6s4n32.txt,GLCT,4,6,16,16,1200.0,2,12.5,4,25.0,10,1188.70,0.0,,,
CV_h6s4n33.txt,GLCT,4,6,16,16,1200.0,0,0.0,5,31.2,8,955.79,0.0,,,
CV_h6s4n34.txt,GLCT,4,6,16,16,1200.0,1,6.2,3,18.8,5,594.03,0.0,,,
CV_h6s4n35.txt,GLCT,4,6,16,16,1200.0,0,0.0,1,6.2,4,454.06,0.0,,,
CV_h6s4n36.txt,GLCT,4,6,16,16,1200.0,0,0.0,5,31.2,10,1191.30,0.0,,,
CV_h6s4n37.txt,GLCT,4,6,16,16,1200.0,1,6.2,7,43.8,9,1073.14,0.0,,,
CV_h6s4n38.txt,GLCT,4,6,16,16,1200.0,0,0.0,3,18.8,9,998.52,0.0,,,
CV_h6s4n39.txt,GLCT,4,6,16,16,1200.0,1,6.2,3,18.8,7,834.03,0.0,,,
CV_h6s4n4.txt,GLCT,4,6,16,16,1200.0,1,6.2,3,18.8,4,463.67,0.0,,,
CV_h6s4n40.txt,GLCT,4,6,16,16,1200.0,0,0.0,3,18.8,9,1066.80,0.0,,,
CV_h6s4n5.txt,GLCT,4,6,16,16,1200.0,0,0.0,8,50.0,8,1001.64,0.0,,,
CV_h6s4n6.txt,GLCT,4,6,16,16,1200.0,1,6.2,8,50.0,6,675.55,0.0,,,
CV_h6s4n7.txt,GLCT,4,6,16,16,1200.0,0,0.0,5,31.2,10,1186.79,0.0,,,
CV_h6s4n8.txt,GLCT,4,6,16,16,1200.0,1,6.2,3,18.8,7,834.03,0.0,,,
CV_h6s4n9.txt,GLCT,4,6,16,16,1200.0,0,0.0,11,68.8,8,953.47,0.0,,,
CV_h6s5n1.txt,GLCT,5,6,20,20,1200.0,0,0.0,5,25.0,10,1199.21,0.0,,,
CV_h6s5n10.txt,GLCT,5,6,20,20,1200.0,0,0.0,6,30.0,8,1015.76,0.0,,,
CV_h6s5n11.txt,GLCT,5,6,20,20,1200.0,1,5.0,10,50.0,9,1113.37,0.0,,,
CV_h6s5n12.txt,GLCT,5,6,20,20,1200.0,0,0.0,5,25.0,9,1176.68,0.0,,,
CV_h6s5n13.txt,GLCT,5,6,20,20,1200.0,1,5.0,6,30.0,9,1191.80,0.0,,,
CV_h6s5n14.txt,GLCT,5,6,20,20,1200.0,0,0.0,5,25.0,10,1178.28,0.0,,,
CV_h6s5n15.txt,GLCT,5,6,20,20,1200.0,0,0.0,5,25.0,9,1158.43,0.0,,,
CV_h6s5n16.txt,GLCT,5,6,20,20,1200.0,0,0.0,4,20.0,10,1195.17,0.0,,,
CV_h6s5n17.txt,GLCT,5,6,20,20,1200.0,1,5.0,4,20.0,10,1157.90,0.0,,,
CV_h6s5n18.txt,GLCT,5,6,20,20,1200.0,0,0.0,5,25.0,9,1188.49,0.0,,,
CV_h6s5n19.txt,GLCT,5,6,20,20,1200.0,0,0.0,4,20.0,9,1066.09,0.0,,,
CV_h6s5n2.txt,GLCT,5,6,20,20,1200.0,0,0.0,6,30.0,8,1028.46,0.0,,,
CV_h6s5n20.txt,GLCT,5,6,20,20,1200.0,0,0.0,7,35.0,8,1021.37,0.0,,,
CV_h6s5n21.txt,GLCT,5,6,20,20,1200.0,0,0.0,4,20.0,8,994.37,0.0,,,
CV_h6s5n22.txt,GLCT,5,6,20,20,1200.0,0,0.0,5,25.0,9,1094.04,0.0,,,
CV_h6s5n23.txt,GLCT,5,6,20,20,1200.0,0,0.0,3,15.0,6,752.63,0.0,,,
CV_h6s5n24.txt,GLCT,5,6,20,20,1200.0,1,5.0,3,15.0,8,882.86,0.0,,,
CV_h6s5n25.txt,GLCT,5,6,20,20,1200.0,0,0.0,4,20.0,6,726.97,0.0,,,
CV_h6s5n26.txt,GLCT,5,6,20,20,1200.0,0,0.0,3,15.0,9,1090.02,0.0,,,
CV_h6s5n27.txt,GLCT,5,6,20,20,1200.0,0,0.0,7,35.0,9,1085.44,0.0,,,
CV_h6s5n28.txt,GLCT,5,6,20,20,1200.0,0,0.0,7,35.0,8,974.94,0.0,,,
CV_h6s5n29.txt,GLCT,5,6,20,20,1200.0,0,0.0,4,20.0,9,1077.27,0.0,,,
CV_h6s5n3.txt,GLCT,5,6,20,20,1200.0,1,5.0,5,25.0,8,989.09,0.0,,,
CV_h6s5n30.txt,GLCT,5,6,20,20,1200.0,0,0.0,3,15.0,9,1162.67,0.0,,,
CV_h6s5n31.txt,GLCT,5,6,20,20,1200.0,0,0.0,2,10.0,9,1129.92,0.0,,,
CV_h6s5n32.txt,GLCT,5,6,20,20,1200.0,3,15.0,8,40.0,9,1045.13,0.0,,,
CV_h6s5n33.txt,GLCT,5,6,20,20,1200.0,1,5.0,5,25.0,6,722.14,0.0,,,
CV_h6s5n34.txt,GLCT,5,6,20,20,1200.0,0,0.0,3,15.0,6,774.25,0.0,,,
CV_h6s5n35.txt,GLCT,5,6,20,20,1200.0,0,0.0,4,20.0,9,1024.01,0.0,,,
CV_h6s5n36.txt,GLCT,5,6,20,20,1200.0,0,0.0,5,25.0,10,1197.88,0.0,,,
CV_h6s5n37.txt,GLCT,5,6,20,20,1200.0,0,0.0,2,10.0,9,1160.14,0.0,,,
CV_h6s5n38.txt,GLCT,5,6,20,20,1200.0,1,5.0,4,20.0,8,937.12,0.0,,,
CV_h6s5n39.txt,GLCT,5,6,20,20,1200.0,0,0.0,6,30.0,9,1101.46,0.0,,,
CV_h6s5n4.txt,GLCT,5,6,20,20,1200.0,0,0.0,9,45.0,7,759.96,0.0,,,
CV_h6s5n40.txt,GLCT,5,6,20,20,1200.0,1,5.0,4,20.0,9,1076.76,0.0,,,
CV_h6s5n5.txt,GLCT,5,6,20,20,1200.0,0,0.0,3,15.0,9,1121.97,0.0,,,
CV_h6s5n6.txt,GLCT,5,6,20,20,1200.0,0,0.0,4,20.0,10,1190.14,0.0,,,
CV_h6s5n7.txt,GLCT,5,6,20,20,1200.0,0,0.0,7,35.0,10,1198.33,0.0,,,
CV_h6s5n8.txt,GLCT,5,6,20,20,1200.0,0,0.0,5,25.0,9,1078.52,0.0,,,
CV_h6s5n9.txt,GLCT,5,6,20,20,1200.0,1,5.0,6,30.0,9,1195.40,0.0,,,
CV_h6s6n1.txt,GLCT,6,6,24,24,1200.0,0,0.0,8,33.3,9,1123.59,0.0,,,
CV_h6s6n10.txt,GLCT,6,6,24,24,1200.0,0,0.0,6,25.0,10,1199.05,0.0,,,
CV_h6s6n11.txt,GLCT,6,6,24,24,1200.0,0,0.0,3,12.5,9,1196.20,0.0,,,
CV_h6s6n12.txt,GLCT,6,6,24,24,1200.0,2,8.3,5,20.8,9,1132.76,0.0,,,
CV_h6s6n13.txt,GLCT,6,6,24,24,1200.0,0,0.0,6,25.0,10,1144.95,0.0,,,
CV_h6s6n14.txt,GLCT,6,6,24,24,1200.0,0,0.0,9,37.5,10,1174.71,0.0,,,
CV_h6s6n15.txt,GLCT,6,6,24,24,1200.0,1,4.2,7,29.2,8,981.10,0.0,,,
CV_h6s6n16.txt,GLCT,6,6,24,24,1200.0,2,8.3,8,33.3,8,1075.37,0.0,,,
CV_h6s6n17.txt,GLCT,6,6,24,24,1200.0,0,0.0,4,16.7,9,1137.36,0.0,,,
CV_h6s6n18.txt,GLCT,6,6,24,24,1200.0,0,0.0,4,16.7,9,1143.46,0.0,,,
CV_h6s6n19.txt,GLCT,6,6,24,24,1200.0,0,0.0,3,12.5,9,1135.25,0.0,,,
CV_h6s6n2.txt,GLCT,6,6,24,24,1200.0,1,4.2,7,29.2,10,1151.03,0.0,,,
CV_h6s6n20.txt,GLCT,6,6,24,24,1200.0,0,0.0,11,45.8,9,1188.64,0.0,,,
CV_h6s6n21.txt,GLCT,6,6,24,24,1200.0,0,0.0,8,33.3,9,1168.08,0.0,,,
CV_h6s6n22.txt,GLCT,6,6,24,24,1200.0,0,0.0,6,25.0,9,1108.09,0.0,,,
CV_h6s6n23.txt,GLCT,6,6,24,24,1200.0,0,0.0,5,20.8,8,968.30,0.0,,,
CV_h6s6n24.txt,GLCT,6,6,24,24,1200.0,0,0.0,6,25.0,10,1186.74,0.0,,,
CV_h6s6n25.txt,GLCT,6,6,24,24,1200.0,1,4.2,4,16.7,9,1176.23,0.0,,,
CV_h6s6n26.txt,GLCT,6,6,24,24,1200.0,0,0.0,5,20.8,9,1127.01,0.0,,,
CV_h6s6n27.txt,GLCT,6,6,24,24,1200.0,1,4.2,6,25.0,9,1130.33,0.0,,,
CV_h6s6n28.txt,GLCT,6,6,24,24,1200.0,1,4.2,6,25.0,9,1137.59,0.0,,,
CV_h6s6n29.txt,GLCT,6,6,24,24,1200.0,0,0.0,4,16.7,9,1098.03,0.0,,,
CV_h6s6n3.txt,GLCT,6,6,24,24,1200.0,3,12.5,8,33.3,10,1124.86,0.0,,,
CV_h6s6n30.txt,GLCT,6,6,24,24,1200.0,0,0.0,4,16.7,9,1085.33,0.0,,,
CV_h6s6n31.txt,GLCT,6,6,24,24,1200.0,1,4.2,7,29.2,8,1012.88,0.0,,,
CV_h6s6n32.txt,GLCT,6,6,24,24,1200.0,0,0.0,6,25.0,9,1126.00,0.0,,,
CV_h6s6n33.txt,GLCT,6,6,24,24,1200.0,0,0.0,6,25.0,10,1168.39,0.0,,,
CV_h6s6n34.txt,GLCT,6,6,24,24,1200.0,0,0.0,4,16.7,8,1028.92,0.0,,,
CV_h6s6n35.txt,GLCT,6,6,24,24,1200.0,0,0.0,4,16.7,9,1046.20,0.0,,,
CV_h6s6n36.txt,GLCT,6,6,24,24,1200.0,0,0.0,4,16.7,9,1045.28,0.0,,,
CV_h6s6n37.txt,GLCT,6,6,24,24,1200.0,0,0.0,4,16.7,9,1132.52,0.0,,,
CV_h6s6n38.txt,GLCT,6,6,24,24,1200.0,0,0.0,6,25.0,9,1119.11,0.0,,,
CV_h6s6n39.txt,GLCT,6,6,24,24,1200.0,0,0.0,3,12.5,9,1131.83,0.0,,,
CV_h6s6n4.txt,GLCT,6,6,24,24,1200.0,2,8.3,4,16.7,8,953.93,0.0,,,
CV_h6s6n40.txt,GLCT,6,6,24,24,1200.0,0,0.0,6,25.0,10,1183.44,0.0,,,
CV_h6s6n5.txt,GLCT,6,6,24,24,1200.0,0,0.0,2,8.3,8,1057.98,0.0,,,
CV_h6s6n6.txt,GLCT,6,6,24,24,1200.0,0,0.0,5,20.8,9,1108.42,0.0,,,
CV_h6s6n7.txt,GLCT,6,6,24,24,1200.0,0,0.0,5,20.8,9,1127.51,0.0,,,
CV_h6s6n8.txt,GLCT,6,6,24,24,1200.0,0,0.0,7,29.2,9,1044.69,0.0,,,
CV_h6s6n9.txt,GLCT,6,6,24,24,1200.0,1,4.2,7,29.2,9,1174.94,0.0,,,
CV_h6s7n1.txt,GLCT,7,6,28,28,1200.0,1,3.6,6,21.4,9,1129.70,0.0,,,
CV_h6s7n10.txt,GLCT,7,6,28,28,1200.0,2,7.1,7,25.0,9,1106.59,0.0,,,
CV_h6s7n11.txt,GLCT,7,6,28,28,1200.0,0,0.0,4,14.3,9,1131.03,0.0,,,
CV_h6s7n12.txt,GLCT,7,6,28,28,1200.0,2,7.1,8,28.6,10,1181.09,0.0,,,
CV_h6s7n13.txt,GLCT,7,6,28,28,1200.0,0,0.0,6,21.4,10,1182.84,0.0,,,
CV_h6s7n14.txt,GLCT,7,6,28,28,1200.0,0,0.0,5,17.9,9,1140.09,0.0,,,
CV_h6s7n15.txt,GLCT,7,6,28,28,1200.0,0,0.0,6,21.4,9,1162.25,0.0,,,
CV_h6s7n16.txt,GLCT,7,6,28,28,1200.0,1,3.6,5,17.9,10,1193.11,0.0,,,
CV_h6s7n17.txt,GLCT,7,6,28,28,1200.0,2,7.1,10,35.7,9,1199.34,0.0,,,
CV_h6s7n18.txt,GLCT,7,6,28,28,1200.0,1,3.6,4,14.3,8,1017.90,0.0,,,
CV_h6s7n19.txt,GLCT,7,6,28,28,1200.0,0,0.0,7,25.0,10,1155.32,0.0,,,
CV_h6s7n2.txt,GLCT,7,6,28,28,1200.0,0,0.0,4,14.3,9,1145.50,0.0,,,
CV_h6s7n20.txt,GLCT,7,6,28,28,1200.0,1,3.6,4,14.3,9,1110.85,0.0,,,
CV_h6s7n21.txt,GLCT,7,6,28,28,1200.0,0,0.0,2,7.1,8,969.11,0.0,,,
CV_h6s7n22.txt,GLCT,7,6,28,28,1200.0,0,0.0,7,25.0,9,1094.07,0.0,,,
CV_h6s7n23.txt,GLCT,7,6,28,28,1200.0,0,0.0,10,35.7,9,1101.29,0.0,,,
CV_h6s7n24.txt,GLCT,7,6,28,28,1200.0,0,0.0,6,21.4,9,1122.29,0.0,,,
CV_h6s7n25.txt,GLCT,7,6,28,28,1200.0,0,0.0,4,14.3,9,1156.24,0.0,,,
CV_h6s7n26.txt,GLCT,7,6,28,28,1200.0,0,0.0,6,21.4,8,1003.79,0.0,,,
CV_h6s7n27.txt,GLCT,7,6,28,28,1200.0,0,0.0,5,17.9,9,1144.74,0.0,,,
CV_h6s7n28.txt,GLCT,7,6,28,28,1200.0,0,0.0,3,10.7,9,1174.28,0.0,,,
CV_h6s7n29.txt,GLCT,7,6,28,28,1200.0,1,3.6,5,17.9,9,1166.26,0.0,,,
CV_h6s7n3.txt,GLCT,7,6,28,28,1200.0,1,3.6,7,25.0,9,1152.75,0.0,,,
CV_h6s7n30.txt,GLCT,7,6,28,28,1200.0,1,3.6,6,21.4,8,1014.07,0.0,,,
CV_h6s7n31.txt,GLCT,7,6,28,28,1200.0,0,0.0,4,14.3,9,1132.12,0.0,,,
CV_h6s7n32.txt,GLCT,7,6,28,28,1200.0,0,0.0,5,17.9,9,1116.34,0.0,,,
CV_h6s7n33.txt,GLCT,7,6,28,28,1200.0,0,0.0,6,21.4,9,1144.28,0.0,,,
CV_h6s7n34.txt,GLCT,7,6,28,28,1200.0,0,0.0,4,14.3,9,1176.78,0.0,,,
CV_h6s7n35.txt,GLCT,7,6,28,28,1200.0,0,0.0,3,10.7,8,991.15,0.0,,,
CV_h6s7n36.txt,GLCT,7,6,28,28,1200.0,0,0.0,5,17.9,9,1162.18,0.0,,,
CV_h6s7n37.txt,GLCT,7,6,28,28,1200.0,0,0.0,6,21.4,9,1156.25,0.0,,,
CV_h6s7n38.txt,GLCT,7,6,28,28,1200.0,0,0.0,7,25.0,10,1194.27,0.0,,,
CV_h6s7n39.txt,GLCT,7,6,28,28,1200.0,1,3.6,7,25.0,7,934.11,0.0,,,
CV_h6s7n4.txt,GLCT,7,6,28,28,1200.0,0,0.0,3,10.7,9,1128.71,0.0,,,
CV_h6s7n40.txt,GLCT,7,6,28,28,1200.0,0,0.0,6,21.4,9,1177.95,0.0,,,
CV_h6s7n5.txt,GLCT,7,6,28,28,1200.0,0,0.0,5,17.9,9,1107.12,0.0,,,
CV_h6s7n6.txt,GLCT,7,6,28,28,1200.0,2,7.1,4,14.3,8,1058.91,0.0,,,
CV_h6s7n7.txt,GLCT,7,6,28,28,1200.0,1,3.6,6,21.4,8,1003.59,0.0,,,
CV_h6s7n8.txt,GLCT,7,6,28,28,1200.0,0,0.0,6,21.4,10,1182.58,0.0,,,
CV_h6s7n9.txt,GLCT,7,6,28,28,1200.0,0,0.0,6,21.4,8,991.72,0.0,,,
CV_h7s10n1.txt,GLCT,10,7,50,50,1200.0,0,0.0,2,4.0,9,1199.47,0.0,,,
CV_h7s10n10.txt,GLCT,10,7,50,50,1200.0,0,0.0,3,6.0,9,1163.28,0.0,,,
CV_h7s10n11.txt,GLCT,10,7,50,50,1200.0,0,0.0,5,10.0,9,1147.85,0.0,,,
CV_h7s10n12.txt,GLCT,10,7,50,50,1200.0,0,0.0,3,6.0,9,1158.99,0.0,,,
CV_h7s10n13.txt,GLCT,10,7,50,50,1200.0,0,0.0,8,16.0,10,1189.50,0.0,,,
CV_h7s10n14.txt,GLCT,10,7,50,50,1200.0,0,0.0,6,12.0,9,1187.26,0.0,,,
CV_h7s10n15.txt,GLCT,10,7,50,50,1200.0,0,0.0,4,8.0,9,1183.48,0.0,,,
CV_h7s10n16.txt,GLCT,10,7,50,50,1200.0,1,2.0,7,14.0,8,1050.19,0.0,,,
CV_h7s10n17.txt,GLCT,10,7,50,50,1200.0,0,0.0,5,10.0,9,1117.04,0.0,,,
CV_h7s10n18.txt,GLCT,10,7,50,50,1200.0,0,0.0,6,12.0,10,1188.54,0.0,,,
CV_h7s10n19.txt,GLCT,10,7,50,50,1200.0,1,2.0,6,12.0,9,1146.72,0.0,,,
CV_h7s10n2.txt,GLCT,10,7,50,50,1200.0,0,0.0,2,4.0,9,1175.69,0.0,,,
CV_h7s10n20.txt,GLCT,10,7,50,50,1200.0,0,0.0,6,12.0,9,1147.68,0.0,,,
CV_h7s10n21.txt,GLCT,10,7,50,50,1200.0,0,0.0,5,10.0,8,1049.65,0.0,,,
CV_h7s10n22.txt,GLCT,10,7,50,50,1200.0,0,0.0,3,6.0,9,1153.66,0.0,,,
CV_h7s10n23.txt,GLCT,10,7,50,50,1200.0,0,0.0,2,4.0,9,1130.43,0.0,,,
CV_h7s10n24.txt,GLCT,10,7,50,50,1200.0,0,0.0,3,6.0,9,1194.28,0.0,,,
CV_h7s10n25.txt,GLCT,10,7,50,50,1200.0,2,4.0,7,14.0,9,1121.67,0.0,,,
CV_h7s10n26.txt,GLCT,10,7,50,50,1200.0,0,0.0,5,10.0,9,1158.35,0.0,,,
CV_h7s10n27.txt,GLCT,10,7,50,50,1200.0,0,0.0,3,6.0,9,1113.21,0.0,,,
CV_h7s10n28.txt,GLCT,10,7,50,50,1200.0,0,0.0,2,4.0,9,1174.47,0.0,,,
CV_h7s10n29.txt,GLCT,10,7,50,50,1200.0,0,0.0,7,14.0,9,1061.64,0.0,,,
CV_h7s10n3.txt,GLCT,10,7,50,50,1200.0,0,0.0,4,8.0,9,1159.41,0.0,,,
CV_h7s10n30.txt,GLCT,10,7,50,50,1200.0,0,0.0,4,8.0,9,1123.51,0.0,,,
CV_h7s10n31.txt,GLCT,10,7,50,50,1200.0,1,2.0,6,12.0,9,1188.26,0.0,,,
CV_h7s10n32.txt,GLCT,10,7,50,50,1200.0,0,0.0,6,12.0,8,1000.29,0.0,,,
CV_h7s10n33.txt,GLCT,10,7,50,50,1200.0,0,0.0,5,10.0,9,1180.04,0.0,,,
CV_h7s10n34.txt,GLCT,10,7,50,50,1200.0,0,0.0,9,18.0,9,1107.16,0.0,,,
CV_h7s10n35.txt,GLCT,10,7,50,50,1200.0,0,0.0,4,8.0,9,1163.92,0.0,,,
CV_h7s10n36.txt,GLCT,10,7,50,50,1200.0,0,0.0,6,12.0,9,1128.74,0.0,,,
CV_h7s10n37.txt,GLCT,10,7,50,50,1200.0,0,0.0,6,12.0,8,1039.12,0.0,,,
CV_h7s10n38.txt,GLCT,10,7,50,50,1200.0,0,0.0,6,12.0,9,1182.64,0.0,,,
CV_h7s10n39.txt,GLCT,10,7,50,50,1200.0,0,0.0,5,10.0,8,979.61,0.0,,,
CV_h7s10n4.txt,GLCT,10,7,50,50,1200.0,0,0.0,6,12.0,9,1120.59,0.0,,,
CV_h7s10n40.txt,GLCT,10,7,50,50,1200.0,0,0.0,5,10.0,9,1083.63,0.0,,,
CV_h7s10n5.txt,GLCT,10,7,50,50,1200.0,0,0.0,5,10.0,9,1104.68,0.0,,,
CV_h7s10n6.txt,GLCT,10,7,50,50,1200.0,0,0.0,3,6.0,9,1110.09,0.0,,,
CV_h7s10n7.txt,GLCT,10,7,50,50,1200.0,0,0.0,4,8.0,9,1150.34,0.0,,,
CV_h7s10n8.txt,GLCT,10,7,50,50,1200.0,0,0.0,4,8.0,9,1113.53,0.0,,,
CV_h7s10n9.txt,GLCT,10,7,50,50,1200.0,0,0.0,6,12.0,9,1094.47,0.0,,,
CV_h7s4n1.txt,GLCT,4,7,20,20,1200.0,0,0.0,2,10.0,4,465.91,0.0,,,
CV_h7s4n10.txt,GLCT,4,7,20,20,1200.0,0,0.0,3,15.0,5,612.27,0.0,,,
CV_h7s4n11.txt,GLCT,4,7,20,20,1200.0,0,0.0,4,20.0,10,1189.12,0.0,,,
CV_h7s4n12.txt,GLCT,4,7,20,20,1200.0,0,0.0,1,5.0,4,456.69,0.0,,,
CV_h7s4n13.txt,GLCT,4,7,20,20,1200.0,0,0.0,1,5.0,4,454.06,0.0,,,
CV_h7s4n14.txt,GLCT,4,7,20,20,1200.0,0,0.0,3,15.0,4,492.38,0.0,,,
CV_h7s4n15.txt,GLCT,4,7,20,20,1200.0,0,0.0,7,35.0,7,797.76,0.0,,,
CV_h7s4n16.txt,GLCT,4,7,20,20,1200.0,0,0.0,2,10.0,8,1103.64,0.0,,,
CV_h7s4n17.txt,GLCT,4,7,20,20,1200.0,0,0.0,1,5.0,4,461.57,0.0,,,
CV_h7s4n18.txt,GLCT,4,7,20,20,1200.0,1,5.0,6,30.0,7,849.01,0.0,,,
CV_h7s4n19.txt,GLCT,4,7,20,20,1200.0,0,0.0,2,10.0,4,447.82,0.0,,,
CV_h7s4n2.txt,GLCT,4,7,20,20,1200.0,0,0.0,1,5.0,4,499.16,0.0,,,
CV_h7s4n20.txt,GLCT,4,7,20,20,1200.0,0,0.0,4,20.0,8,1027.35,0.0,,,
CV_h7s4n21.txt,GLCT,4,7,20,20,1200.0,0,0.0,5,25.0,10,1171.82,0.0,,,
CV_h7s4n22.txt,GLCT,4,7,20,20,1200.0,3,15.0,4,20.0,9,1167.04,0.0,,,
CV_h7s4n23.txt,GLCT,4,7,20,20,1200.0,0,0.0,5,25.0,10,1115.01,0.0,,,
CV_h7s4n24.txt,GLCT,4,7,20,20,1200.0,0,0.0,1,5.0,4,510.24,0.0,,,
CV_h7s4n25.txt,GLCT,4,7,20,20,1200.0,3,15.0,4,20.0,5,541.74,0.0,,,
CV_h7s4n26.txt,GLCT,4,7,20,20,1200.0,0,0.0,1,5.0,4,492.38,0.0,,,
CV_h7s4n27.txt,GLCT,4,7,20,20,1200.0,0,0.0,1,5.0,4,454.47,0.0,,,
CV_h7s4n28.txt,GLCT,4,7,20,20,1200.0,0,0.0,1,5.0,4,439.95,0.0,,,
CV_h7s4n29.txt,GLCT,4,7,20,20,1200.0,1,5.0,4,20.0,9,1170.86,0.0,,,
CV_h7s4n3.txt,GLCT,4,7,20,20,1200.0,0,0.0,5,25.0,8,902.63,0.0,,,
CV_h7s4n30.txt,GLCT,4,7,20,20,1200.0,1,5.0,3,15.0,7,876.95,0.0,,,
CV_h7s4n31.txt,GLCT,4,7,20,20,1200.0,1,5.0,5,25.0,10,1167.88,0.0,,,
CV_h7s4n32.txt,GLCT,4,7,20,20,1200.0,0,0.0,1,5.0,4,459.22,0.0,,,
CV_h7s4n33.txt,GLCT,4,7,20,20,1200.0,0,0.0,2,10.0,8,960.74,0.0,,,
CV_h7s4n34.txt,GLCT,4,7,20,20,1200.0,0,0.0,1,5.0,4,474.55,0.0,,,
CV_h7s4n35.txt,GLCT,4,7,20,20,1200.0,0,0.0,2,10.0,5,607.72,0.0,,,
CV_h7s4n36.txt,GLCT,4,7,20,20,1200.0,0,0.0,4,20.0,10,1132.43,0.0,,,
CV_h7s4n37.txt,GLCT,4,7,20,20,1200.0,0,0.0,1,5.0,4,500.49,0.0,,,
CV_h7s4n38.txt,GLCT,4,7,20,20,1200.0,0,0.0,1,5.0,4,461.57,0.0,,,
CV_h7s4n39.txt,GLCT,4,7,20,20,1200.0,0,0.0,1,5.0,4,465.91,0.0,,,
CV_h7s4n4.txt,GLCT,4,7,20,20,1200.0,0,0.0,3,15.0,5,618.22,0.0,,,
CV_h7s4n40.txt,GLCT,4,7,20,20,1200.0,0,0.0,4,20.0,9,1195.57,0.0,,,
CV_h7s4n5.txt,GLCT,4,7,20,20,1200.0,0,0.0,2,10.0,6,730.53,0.0,,,
CV_h7s4n6.txt,GLCT,4,7,20,20,1200.0,0,0.0,3,15.0,7,849.34,0.0,,,
CV_h7s4n7.txt,GLCT,4,7,20,20,1200.0,0,0.0,5,25.0,10,1127.54,0.0,,,
CV_h7s4n8.txt,GLCT,4,7,20,20,1200.0,0,0.0,3,15.0,8,1069.92,0.0,,,
CV_h7s4n9.txt,GLCT,4,7,20,20,1200.0,2,10.0,4,20.0,7,789.75,0.0,,,
CV_h7s5n1.txt,GLCT,5,7,25,25,1200.0,0,0.0,1,4.0,6,734.39,0.0,,,
CV_h7s5n10.txt,GLCT,5,7,25,25,1200.0,0,0.0,3,12.0,8,1008.12,0.0,,,
CV_h7s5n11.txt,GLCT,5,7,25,25,1200.0,0,0.0,3,12.0,5,611.52,0.0,,,
CV_h7s5n12.txt,GLCT,5,7,25,25,1200.0,0,0.0,7,28.0,9,1179.07,0.0,,,
CV_h7s5n13.txt,GLCT,5,7,25,25,1200.0,0,0.0,6,24.0,9,1091.71,0.0,,,
CV_h7s5n14.txt,GLCT,5,7,25,25,1200.0,0,0.0,4,16.0,8,1005.67,0.0,,,
CV_h7s5n15.txt,GLCT,5,7,25,25,1200.0,0,0.0,2,8.0,8,1056.09,0.0,,,
CV_h7s5n16.txt,GLCT,5,7,25,25,1200.0,0,0.0,8,32.0,9,1173.78,0.0,,,
CV_h7s5n17.txt,GLCT,5,7,25,25,1200.0,0,0.0,3,12.0,9,1019.31,0.0,,,
CV_h7s5n18.txt,GLCT,5,7,25,25,1200.0,1,4.0,5,20.0,9,1066.95,0.0,,,
CV_h7s5n19.txt,GLCT,5,7,25,25,1200.0,1,4.0,3,12.0,5,603.11,0.0,,,
CV_h7s5n2.txt,GLCT,5,7,25,25,1200.0,1,4.0,7,28.0,10,1183.09,0.0,,,
CV_h7s5n20.txt,GLCT,5,7,25,25,1200.0,0,0.0,1,4.0,6,749.35,0.0,,,
CV_h7s5n21.txt,GLCT,5,7,25,25,1200.0,0,0.0,3,12.0,9,1174.25,0.0,,,
CV_h7s5n22.txt,GLCT,5,7,25,25,1200.0,0,0.0,4,16.0,9,1125.10,0.0,,,
CV_h7s5n23.txt,GLCT,5,7,25,25,1200.0,0,0.0,3,12.0,9,1170.10,0.0,,,
CV_h7s5n24.txt,GLCT,5,7,25,25,1200.0,1,4.0,3,12.0,7,883.41,0.0,,,
CV_h7s5n25.txt,GLCT,5,7,25,25,1200.0,1,4.0,7,28.0,9,1195.53,0.0,,,
CV_h7s5n26.txt,GLCT,5,7,25,25,1200.0,0,0.0,4,16.0,10,1173.25,0.0,,,
CV_h7s5n27.txt,GLCT,5,7,25,25,1200.0,0,0.0,3,12.0,9,1126.38,0.0,,,
CV_h7s5n28.txt,GLCT,5,7,25,25,1200.0,0,0.0,3,12.0,9,1053.99,0.0,,,
CV_h7s5n29.txt,GLCT,5,7,25,25,1200.0,0,0.0,2,8.0,9,1154.19,0.0,,,
CV_h7s5n3.txt,GLCT,5,7,25,25,1200.0,0,0.0,1,4.0,6,731.15,0.0,,,
CV_h7s5n30.txt,GLCT,5,7,25,25,1200.0,0,0.0,6,24.0,7,812.19,0.0,,,
CV_h7s5n31.txt,GLCT,5,7,25,25,1200.0,0,0.0,2,8.0,9,1149.66,0.0,,,
CV_h7s5n32.txt,GLCT,5,7,25,25,1200.0,2,8.0,3,12.0,8,995.02,0.0,,,
CV_h7s5n33.txt,GLCT,5,7,25,25,1200.0,0,0.0,5,20.0,9,1078.69,0.0,,,
CV_h7s5n34.txt,GLCT,5,7,25,25,1200.0,1,4.0,4,16.0,9,1060.22,0.0,,,
CV_h7s5n35.txt,GLCT,5,7,25,25,1200.0,0,0.0,7,28.0,10,1194.08,0.0,,,
CV_h7s5n36.txt,GLCT,5,7,25,25,1200.0,0,0.0,4,16.0,6,727.18,0.0,,,
CV_h7s5n37.txt,GLCT,5,7,25,25,1200.0,1,4.0,3,12.0,8,1029.89,0.0,,,
CV_h7s5n38.txt,GLCT,5,7,25,25,1200.0,1,4.0,5,20.0,9,1132.28,0.0,,,
CV_h7s5n39.txt,GLCT,5,7,25,25,1200.0,0,0.0,4,16.0,9,1166.75,0.0,,,
CV_h7s5n4.txt,GLCT,5,7,25,25,1200.0,0,0.0,3,12.0,7,879.54,0.0,,,
CV_h7s5n40.txt,GLCT,5,7,25,25,1200.0,0,0.0,3,12.0,9,1164.07,0.0,,,
CV_h7s5n5.txt,GLCT,5,7,25,25,1200.0,1,4.0,5,20.0,9,1060.66,0.0,,,
CV_h7s5n6.txt,GLCT,5,7,25,25,1200.0,0,0.0,5,20.0,7,891.37,0.0,,,
CV_h7s5n7.txt,GLCT,5,7,25,25,1200.0,0,0.0,3,12.0,9,1189.64,0.0,,,
CV_h7s5n8.txt,GLCT,5,7,25,25,1200.0,0,0.0,1,4.0,6,710.85,0.0,,,
CV_h7s5n9.txt,GLCT,5,7,25,25,1200.0,0,0.0,5,20.0,9,1154.99,0.0,,,
CV_h7s6n1.txt,GLCT,6,7,30,30,1200.0,0,0.0,3,10.0,8,1047.35,0.0,,,
CV_h7s6n10.txt,GLCT,6,7,30,30,1200.0,0,0.0,3,10.0,9,1172.51,0.0,,,
CV_h7s6n11.txt,GLCT,6,7,30,30,1200.0,0,0.0,6,20.0,9,1096.59,0.0,,,
CV_h7s6n12.txt,GLCT,6,7,30,30,1200.0,0,0.0,6,20.0,8,1093.99,0.0,,,
CV_h7s6n13.txt,GLCT,6,7,30,30,1200.0,0,0.0,4,13.3,9,1156.59,0.0,,,
CV_h7s6n14.txt,GLCT,6,7,30,30,1200.0,2,6.7,6,20.0,9,1009.14,0.0,,,
CV_h7s6n15.txt,GLCT,6,7,30,30,1200.0,0,0.0,6,20.0,10,1154.76,0.0,,,
CV_h7s6n16.txt,GLCT,6,7,30,30,1200.0,0,0.0,4,13.3,10,1196.10,0.0,,,
CV_h7s6n17.txt,GLCT,6,7,30,30,1200.0,0,0.0,6,20.0,9,1171.50,0.0,,,
CV_h7s6n18.txt,GLCT,6,7,30,30,1200.0,0,0.0,3,10.0,9,1142.08,0.0,,,
CV_h7s6n19.txt,GLCT,6,7,30,30,1200.0,0,0.0,3,10.0,9,1172.65,0.0,,,
CV_h7s6n2.txt,GLCT,6,7,30,30,1200.0,0,0.0,3,10.0,8,1049.32,0.0,,,
CV_h7s6n20.txt,GLCT,6,7,30,30,1200.0,0,0.0,2,6.7,9,1182.15,0.0,,,
CV_h7s6n21.txt,GLCT,6,7,30,30,1200.0,0,0.0,3,10.0,8,1119.72,0.0,,,
CV_h7s6n22.txt,GLCT,6,7,30,30,1200.0,0,0.0,3,10.0,9,1170.29,0.0,,,
CV_h7s6n23.txt,GLCT,6,7,30,30,1200.0,1,3.3,3,10.0,9,1185.04,0.0,,,
CV_h7s6n24.txt,GLCT,6,7,30,30,1200.0,0,0.0,3,10.0,9,1198.32,0.0,,,
CV_h7s6n25.txt,GLCT,6,7,30,30,1200.0,1,3.3,3,10.0,8,1093.05,0.0,,,
CV_h7s6n26.txt,GLCT,6,7,30,30,1200.0,0,0.0,2,6.7,8,1003.18,0.0,,,
CV_h7s6n27.txt,GLCT,6,7,30,30,1200.0,0,0.0,4,13.3,8,1089.95,0.0,,,
CV_h7s6n28.txt,GLCT,6,7,30,30,1200.0,0,0.0,2,6.7,7,885.53,0.0,,,
CV_h7s6n29.txt,GLCT,6,7,30,30,1200.0,0,0.0,4,13.3,8,1072.89,0.0,,,
CV_h7s6n3.txt,GLCT,6,7,30,30,1200.0,1,3.3,5,16.7,9,1186.07,0.0,,,
CV_h7s6n30.txt,GLCT,6,7,30,30,1200.0,0,0.0,5,16.7,8,1083.21,0.0,,,
CV_h7s6n31.txt,GLCT,6,7,30,30,1200.0,0,0.0,3,10.0,7,831.10,0.0,,,
CV_h7s6n32.txt,GLCT,6,7,30,30,1200.0,0,0.0,2,6.7,8,1099.57,0.0,,,
CV_h7s6n33.txt,GLCT,6,7,30,30,1200.0,2,6.7,4,13.3,9,1137.09,0.0,,,
CV_h7s6n34.txt,GLCT,6,7,30,30,1200.0,0,0.0,5,16.7,7,841.91,0.0,,,
CV_h7s6n35.txt,GLCT,6,7,30,30,1200.0,0,0.0,5,16.7,10,1192.71,0.0,,,
CV_h7s6n36.txt,GLCT,6,7,30,30,1200.0,0,0.0,2,6.7,7,888.63,0.0,,,
CV_h7s6n37.txt,GLCT,6,7,30,30,1200.0,0,0.0,5,16.7,9,1130.24,0.0,,,
CV_h7s6n38.txt,GLCT,6,7,30,30,1200.0,0,0.0,2,6.7,8,1052.79,0.0,,,
CV_h7s6n39.txt,GLCT,6,7,30,30,1200.0,1,3.3,5,16.7,9,1158.66,0.0,,,
CV_h7s6n4.txt,GLCT,6,7,30,30,1200.0,0,0.0,3,10.0,8,1061.20,0.0,,,
CV_h7s6n40.txt,GLCT,6,7,30,30,1200.0,0,0.0,2,6.7,8,1103.91,0.0,,,
CV_h7s6n5.txt,GLCT,6,7,30,30,1200.0,0,0.0,2,6.7,7,879.14,0.0,,,
CV_h7s6n6.txt,GLCT,6,7,30,30,1200.0,0,0.0,6,20.0,8,986.58,0.0,,,
CV_h7s6n7.txt,GLCT,6,7,30,30,1200.0,0,0.0,2,6.7,7,898.18,0.0,,,
CV_h7s6n8.txt,GLCT,6,7,30,30,1200.0,4,13.3,5,16.7,6,758.06,0.0,,,
CV_h7s6n9.txt,GLCT,6,7,30,30,1200.0,0,0.0,3,10.0,8,1060.37,0.0,,,
CV_h7s7n1.txt,GLCT,7,7,35,35,1200.0,2,5.7,6,17.1,9,1117.56,0.0,,,
CV_h7s7n10.txt,GLCT,7,7,35,35,1200.0,2,5.7,6,17.1,9,1178.11,0.0,,,
CV_h7s7n11.txt,GLCT,7,7,35,35,1200.0,1,2.9,4,11.4,9,1151.14,0.0,,,
CV_h7s7n12.txt,GLCT,7,7,35,35,1200.0,0,0.0,5,14.3,9,1130.17,0.0,,,
CV_h7s7n13.txt,GLCT,7,7,35,35,1200.0,0,0.0,4,11.4,8,1035.06,0.0,,,
CV_h7s7n14.txt,GLCT,7,7,35,35,1200.0,2,5.7,6,17.1,9,1139.88,0.0,,,
CV_h7s7n15.txt,GLCT,7,7,35,35,1200.0,0,0.0,3,8.6,8,1073.70,0.0,,,
CV_h7s7n16.txt,GLCT,7,7,35,35,1200.0,0,0.0,2,5.7,8,991.84,0.0,,,
CV_h7s7n17.txt,GLCT,7,7,35,35,1200.0,3,8.6,6,17.1,9,1138.44,0.0,,,
CV_h7s7n18.txt,GLCT,7,7,35,35,1200.0,0,0.0,2,5.7,8,1032.27,0.0,,,
CV_h7s7n19.txt,GLCT,7,7,35,35,1200.0,0,0.0,2,5.7,8,954.83,0.0,,,
CV_h7s7n2.txt,GLCT,7,7,35,35,1200.0,0,0.0,5,14.3,9,1180.05,0.0,,,
CV_h7s7n20.txt,GLCT,7,7,35,35,1200.0,0,0.0,2,5.7,8,986.81,0.0,,,
CV_h7s7n21.txt,GLCT,7,7,35,35,1200.0,0,0.0,2,5.7,8,989.08,0.0,,,
CV_h7s7n22.txt,GLCT,7,7,35,35,1200.0,0,0.0,4,11.4,9,1137.11,0.0,,,
CV_h7s7n23.txt,GLCT,7,7,35,35,1200.0,0,0.0,5,14.3,8,1025.94,0.0,,,
CV_h7s7n24.txt,GLCT,7,7,35,35,1200.0,0,0.0,6,17.1,8,1029.84,0.0,,,
CV_h7s7n25.txt,GLCT,7,7,35,35,1200.0,0,0.0,5,14.3,9,1108.37,0.0,,,
CV_h7s7n26.txt,GLCT,7,7,35,35,1200.0,0,0.0,8,22.9,9,1024.76,0.0,,,
CV_h7s7n27.txt,GLCT,7,7,35,35,1200.0,0,0.0,3,8.6,9,1175.85,0.0,,,
CV_h7s7n28.txt,GLCT,7,7,35,35,1200.0,0,0.0,4,11.4,9,1095.46,0.0,,,
CV_h7s7n29.txt,GLCT,7,7,35,35,1200.0,0,0.0,2,5.7,8,943.06,0.0,,,
CV_h7s7n3.txt,GLCT,7,7,35,35,1200.0,0,0.0,3,8.6,9,1190.97,0.0,,,
CV_h7s7n30.txt,GLCT,7,7,35,35,1200.0,0,0.0,3,8.6,8,997.57,0.0,,,
CV_h7s7n31.txt,GLCT,7,7,35,35,1200.0,0,0.0,3,8.6,9,1102.61,0.0,,,
CV_h7s7n32.txt,GLCT,7,7,35,35,1200.0,1,2.9,4,11.4,9,1184.17,0.0,,,
CV_h7s7n33.txt,GLCT,7,7,35,35,1200.0,0,0.0,3,8.6,8,1083.58,0.0,,,
CV_h7s7n34.txt,GLCT,7,7,35,35,1200.0,0,0.0,3,8.6,8,978.95,0.0,,,
CV_h7s7n35.txt,GLCT,7,7,35,35,1200.0,0,0.0,4,11.4,8,975.17,0.0,,,
CV_h7s7n36.txt,GLCT,7,7,35,35,1200.0,1,2.9,4,11.4,8,1080.23,0.0,,,
CV_h7s7n37.txt,GLCT,7,7,35,35,1200.0,0,0.0,3,8.6,8,1068.88,0.0,,,
CV_h7s7n38.txt,GLCT,7,7,35,35,1200.0,0,0.0,6,17.1,9,1125.81,0.0,,,
CV_h7s7n39.txt,GLCT,7,7,35,35,1200.0,0,0.0,4,11.4,8,1055.25,0.0,,,
CV_h7s7n4.txt,GLCT,7,7,35,35,1200.0,0,0.0,8,22.9,10,1149.56,0.0,,,
CV_h7s7n40.txt,GLCT,7,7,35,35,1200.0,0,0.0,4,11.4,9,1123.99,0.0,,,
CV_h7s7n5.txt,GLCT,7,7,35,35,1200.0,0,0.0,2,5.7,8,987.11,0.0,,,
CV_h7s7n6.txt,GLCT,7,7,35,35,1200.0,0,0.0,5,14.3,9,1157.31,0.0,,,
CV_h7s7n7.txt,GLCT,7,7,35,35,1200.0,0,0.0,9,25.7,10,1195.55,0.0,,,
CV_h7s7n8.txt,GLCT,7,7,35,35,1200.0,1,2.9,5,14.3,9,1186.94,0.0,,,
CV_h7s7n9.txt,GLCT,7,7,35,35,1200.0,0,0.0,5,14.3,10,1165.82,0.0,,,
CV_h7s8n1.txt,GLCT,8,7,40,40,1200.0,0,0.0,5,12.5,9,1157.02,0.0,,,
CV_h7s8n10.txt,GLCT,8,7,40,40,1200.0,0,0.0,6,15.0,8,1081.40,0.0,,,
CV_h7s8n11.txt,GLCT,8,7,40,40,1200.0,1,2.5,3,7.5,8,988.87,0.0,,,
CV_h7s8n12.txt,GLCT,8,7,40,40,1200.0,0,0.0,5,12.5,9,1160.13,0.0,,,
CV_h7s8n13.txt,GLCT,8,7,40,40,1200.0,0,0.0,4,10.0,8,1006.30,0.0,,,
CV_h7s8n14.txt,GLCT,8,7,40,40,1200.0,0,0.0,3,7.5,8,1006.06,0.0,,,
CV_h7s8n15.txt,GLCT,8,7,40,40,1200.0,1,2.5,5,12.5,9,1126.08,0.0,,,
CV_h7s8n16.txt,GLCT,8,7,40,40,1200.0,0,0.0,3,7.5,8,931.59,0.0,,,
CV_h7s8n17.txt,GLCT,8,7,40,40,1200.0,0,0.0,6,15.0,9,1164.40,0.0,,,
CV_h7s8n18.txt,GLCT,8,7,40,40,1200.0,0,0.0,4,10.0,9,1124.01,0.0,,,
CV_h7s8n19.txt,GLCT,8,7,40,40,1200.0,0,0.0,4,10.0,8,998.86,0.0,,,
CV_h7s8n2.txt,GLCT,8,7,40,40,1200.0,0,0.0,7,17.5,9,1180.43,0.0,,,
CV_h7s8n20.txt,GLCT,8,7,40,40,1200.0,1,2.5,6,15.0,9,1171.32,0.0,,,
CV_h7s8n21.txt,GLCT,8,7,40,40,1200.0,0,0.0,6,15.0,9,1137.25,0.0,,,
CV_h7s8n22.txt,GLCT,8,7,40,40,1200.0,0,0.0,3,7.5,8,949.38,0.0,,,
CV_h7s8n23.txt,GLCT,8,7,40,40,1200.0,1,2.5,6,15.0,8,1063.87,0.0,,,
CV_h7s8n24.txt,GLCT,8,7,40,40,1200.0,0,0.0,6,15.0,9,1084.81,0.0,,,
CV_h7s8n25.txt,GLCT,8,7,40,40,1200.0,0,0.0,6,15.0,9,1158.13,0.0,,,
CV_h7s8n26.txt,GLCT,8,7,40,40,1200.0,1,2.5,5,12.5,8,1020.08,0.0,,,
CV_h7s8n27.txt,GLCT,8,7,40,40,1200.0,0,0.0,2,5.0,9,1114.61,0.0,,,
CV_h7s8n28.txt,GLCT,8,7,40,40,1200.0,0,0.0,5,12.5,8,1032.77,0.0,,,
CV_h7s8n29.txt,GLCT,8,7,40,40,1200.0,0,0.0,3,7.5,9,1152.03,0.0,,,
CV_h7s8n3.txt,GLCT,8,7,40,40,1200.0,0,0.0,3,7.5,9,1123.28,0.0,,,
CV_h7s8n30.txt,GLCT,8,7,40,40,1200.0,0,0.0,4,10.0,8,1000.10,0.0,,,
CV_h7s8n31.txt,GLCT,8,7,40,40,1200.0,1,2.5,7,17.5,10,1195.86,0.0,,,
CV_h7s8n32.txt,GLCT,8,7,40,40,1200.0,0,0.0,7,17.5,10,1170.13,0.0,,,
CV_h7s8n33.txt,GLCT,8,7,40,40,1200.0,1,2.5,3,7.5,9,1139.99,0.0,,,
CV_h7s8n34.txt,GLCT,8,7,40,40,1200.0,0,0.0,4,10.0,9,1155.58,0.0,,,
CV_h7s8n35.txt,GLCT,8,7,40,40,1200.0,0,0.0,4,10.0,8,984.88,0.0,,,
CV_h7s8n36.txt,GLCT,8,7,40,40,1200.0,0,0.0,6,15.0,9,1147.97,0.0,,,
CV_h7s8n37.txt,GLCT,8,7,40,40,1200.0,0,0.0,3,7.5,8,969.49,0.0,,,
CV_h7s8n38.txt,GLCT,8,7,40,40,1200.0,0,0.0,4,10.0,8,1098.49,0.0,,,
CV_h7s8n39.txt,GLCT,8,7,40,40,1200.0,0,0.0,3,7.5,8,983.84,0.0,,,
CV_h7s8n4.txt,GLCT,8,7,40,40,1200.0,0,0.0,3,7.5,9,1150.55,0.0,,,
CV_h7s8n40.txt,GLCT,8,7,40,40,1200.0,0,0.0,2,5.0,9,1151.16,0.0,,,
CV_h7s8n5.txt,GLCT,8,7,40,40,1200.0,0,0.0,3,7.5,9,1144.99,0.0,,,
CV_h7s8n6.txt,GLCT,8,7,40,40,1200.0,0,0.0,2,5.0,9,1103.23,0.0,,,
CV_h7s8n7.txt,GLCT,8,7,40,40,1200.0,0,0.0,7,17.5,9,1084.43,0.0,,,
CV_h7s8n8.txt,GLCT,8,7,40,40,1200.0,1,2.5,5,12.5,9,1191.86,0.0,,,
CV_h7s8n9.txt,GLCT,8,7,40,40,1200.0,0,0.0,3,7.5,8,1015.22,0.0,,,
CV_h7s9n1.txt,GLCT,9,7,45,45,1200.0,0,0.0,4,8.9,9,1175.73,0.0,,,
CV_h7s9n10.txt,GLCT,9,7,45,45,1200.0,1,2.2,3,6.7,9,1154.97,0.0,,,
CV_h7s9n11.txt,GLCT,9,7,45,45,1200.0,1,2.2,6,13.3,9,1155.84,0.0,,,
CV_h7s9n12.txt,GLCT,9,7,45,45,1200.0,0,0.0,8,17.8,9,1194.04,0.0,,,
CV_h7s9n13.txt,GLCT,9,7,45,45,1200.0,1,2.2,6,13.3,9,1108.26,0.0,,,
CV_h7s9n14.txt,GLCT,9,7,45,45,1200.0,0,0.0,4,8.9,8,1049.55,0.0,,,
CV_h7s9n15.txt,GLCT,9,7,45,45,1200.0,0,0.0,6,13.3,9,1102.06,0.0,,,
CV_h7s9n16.txt,GLCT,9,7,45,45,1200.0,0,0.0,2,4.4,9,1102.80,0.0,,,
CV_h7s9n17.txt,GLCT,9,7,45,45,1200.0,0,0.0,3,6.7,9,1155.85,0.0,,,
CV_h7s9n18.txt,GLCT,9,7,45,45,1200.0,2,4.4,7,15.6,9,1169.16,0.0,,,
CV_h7s9n19.txt,GLCT,9,7,45,45,1200.0,0,0.0,3,6.7,8,1068.58,0.0,,,
CV_h7s9n2.txt,GLCT,9,7,45,45,1200.0,0,0.0,6,13.3,10,1197.35,0.0,,,
CV_h7s9n20.txt,GLCT,9,7,45,45,1200.0,0,0.0,8,17.8,10,1192.75,0.0,,,
CV_h7s9n21.txt,GLCT,9,7,45,45,1200.0,0,0.0,5,11.1,9,1104.40,0.0,,,
CV_h7s9n22.txt,GLCT,9,7,45,45,1200.0,0,0.0,4,8.9,9,1178.14,0.0,,,
CV_h7s9n23.txt,GLCT,9,7,45,45,1200.0,0,0.0,2,4.4,9,1142.92,0.0,,,
CV_h7s9n24.txt,GLCT,9,7,45,45,1200.0,0,0.0,7,15.6,9,1098.04,0.0,,,
CV_h7s9n25.txt,GLCT,9,7,45,45,1200.0,1,2.2,3,6.7,9,1164.79,0.0,,,
CV_h7s9n26.txt,GLCT,9,7,45,45,1200.0,0,0.0,5,11.1,9,1120.19,0.0,,,
CV_h7s9n27.txt,GLCT,9,7,45,45,1200.0,0,0.0,4,8.9,8,1002.40,0.0,,,
CV_h7s9n28.txt,GLCT,9,7,45,45,1200.0,1,2.2,6,13.3,9,1195.06,0.0,,,
CV_h7s9n29.txt,GLCT,9,7,45,45,1200.0,0,0.0,5,11.1,9,1117.93,0.0,,,
CV_h7s9n3.txt,GLCT,9,7,45,45,1200.0,0,0.0,4,8.9,9,1138.37,0.0,,,
CV_h7s9n30.txt,GLCT,9,7,45,45,1200.0,1,2.2,5,11.1,8,988.90,0.0,,,
CV_h7s9n31.txt,GLCT,9,7,45,45,1200.0,0,0.0,4,8.9,9,1156.96,0.0,,,
CV_h7s9n32.txt,GLCT,9,7,45,45,1200.0,0,0.0,8,17.8,9,1194.41,0.0,,,
CV_h7s9n33.txt,GLCT,9,7,45,45,1200.0,0,0.0,2,4.4,9,1121.15,0.0,,,
CV_h7s9n34.txt,GLCT,9,7,45,45,1200.0,0,0.0,5,11.1,9,1165.27,0.0,,,
CV_h7s9n35.txt,GLCT,9,7,45,45,1200.0,0,0.0,4,8.9,9,1176.29,0.0,,,
CV_h7s9n36.txt,GLCT,9,7,45,45,1200.0,0,0.0,4,8.9,8,1044.14,0.0,,,
CV_h7s9n37.txt,GLCT,9,7,45,45,1200.0,1,2.2,4,8.9,9,1107.70,0.0,,,
CV_h7s9n38.txt,GLCT,9,7,45,45,1200.0,0,0.0,4,8.9,9,1123.74,0.0,,,
CV_h7s9n39.txt,GLCT,9,7,45,45,1200.0,1,2.2,3,6.7,9,1119.58,0.0,,,
CV_h7s9n4.txt,GLCT,9,7,45,45,1200.0,0,0.0,6,13.3,8,1044.16,0.0,,,
CV_h7s9n40.txt,GLCT,9,7,45,45,1200.0,0,0.0,4,8.9,9,1182.91,0.0,,,
CV_h7s9n5.txt,GLCT,9,7,45,45,1200.0,1,2.2,7,15.6,9,1144.73,0.0,,,
CV_h7s9n6.txt,GLCT,9,7,45,45,1200.0,1,2.2,6,13.3,8,1040.44,0.0,,,
CV_h7s9n7.txt,GLCT,9,7,45,45,1200.0,0,0.0,5,11.1,9,1166.63,0.0,,,
CV_h7s9n8.txt,GLCT,9,7,45,45,1200.0,0,0.0,5,11.1,9,1161.38,0.0,,,
CV_h7s9n9.txt,GLCT,9,7,45,45,1200.0,0,0.0,4,8.9,9,1176.77,0.0,,,
CV_h8s10n1.txt,GLCT,10,8,60,60,1200.0,0,0.0,3,5.0,9,1109.84,0.0,,,
CV_h8s10n10.txt,GLCT,10,8,60,60,1200.0,0,0.0,5,8.3,9,1098.94,0.0,,,
CV_h8s10n11.txt,GLCT,10,8,60,60,1200.0,0,0.0,3,5.0,9,1156.62,0.0,,,
CV_h8s10n12.txt,GLCT,10,8,60,60,1200.0,0,0.0,6,10.0,9,1196.35,0.0,,,
CV_h8s10n13.txt,GLCT,10,8,60,60,1200.0,0,0.0,2,3.3,9,1177.03,0.0,,,
CV_h8s10n14.txt,GLCT,10,8,60,60,1200.0,0,0.0,3,5.0,9,1152.44,0.0,,,
CV_h8s10n15.txt,GLCT,10,8,60,60,1200.0,0,0.0,3,5.0,9,1112.62,0.0,,,
CV_h8s10n16.txt,GLCT,10,8,60,60,1200.0,0,0.0,2,3.3,9,1183.62,0.0,,,
CV_h8s10n17.txt,GLCT,10,8,60,60,1200.0,0,0.0,4,6.7,9,1196.43,0.0,,,
CV_h8s10n18.txt,GLCT,10,8,60,60,1200.0,0,0.0,2,3.3,8,1095.68,0.0,,,
CV_h8s10n19.txt,GLCT,10,8,60,60,1200.0,0,0.0,4,6.7,8,1077.72,0.0,,,
CV_h8s10n2.txt,GLCT,10,8,60,60,1200.0,0,0.0,5,8.3,9,1159.94,0.0,,,
CV_h8s10n20.txt,GLCT,10,8,60,60,1200.0,1,1.7,4,6.7,8,1078.71,0.0,,,
CV_h8s10n21.txt,GLCT,10,8,60,60,1200.0,0,0.0,6,10.0,9,1118.80,0.0,,,
CV_h8s10n22.txt,GLCT,10,8,60,60,1200.0,0,0.0,2,3.3,9,1132.05,0.0,,,
CV_h8s10n23.txt,GLCT,10,8,60,60,1200.0,0,0.0,3,5.0,9,1163.39,0.0,,,
CV_h8s10n24.txt,GLCT,10,8,60,60,1200.0,0,0.0,5,8.3,9,1168.98,0.0,,,
CV_h8s10n25.txt,GLCT,10,8,60,60,1200.0,1,1.7,7,11.7,8,1064.72,0.0,,,
CV_h8s10n26.txt,GLCT,10,8,60,60,1200.0,1,1.7,8,13.3,9,1169.30,0.0,,,
CV_h8s10n27.txt,GLCT,10,8,60,60,1200.0,1,1.7,4,6.7,9,1090.75,0.0,,,
CV_h8s10n28.txt,GLCT,10,8,60,60,1200.0,0,0.0,3,5.0,9,1123.98,0.0,,,
CV_h8s10n29.txt,GLCT,10,8,60,60,1200.0,0,0.0,1,1.7,9,1195.74,0.0,,,
CV_h8s10n3.txt,GLCT,10,8,60,60,1200.0,0,0.0,3,5.0,9,1196.59,0.0,,,
CV_h8s10n30.txt,GLCT,10,8,60,60,1200.0,0,0.0,6,10.0,8,964.92,0.0,,,
CV_h8s10n31.txt,GLCT,10,8,60,60,1200.0,1,1.7,4,6.7,9,1106.03,0.0,,,
CV_h8s10n32.txt,GLCT,10,8,60,60,1200.0,0,0.0,3,5.0,9,1193.18,0.0,,,
CV_h8s10n33.txt,GLCT,10,8,60,60,1200.0,0,0.0,3,5.0,9,1169.41,0.0,,,
CV_h8s10n34.txt,GLCT,10,8,60,60,1200.0,0,0.0,4,6.7,9,1117.86,0.0,,,
CV_h8s10n35.txt,GLCT,10,8,60,60,1200.0,1,1.7,7,11.7,9,1182.19,0.0,,,
CV_h8s10n36.txt,GLCT,10,8,60,60,1200.0,0,0.0,4,6.7,9,1111.76,0.0,,,
CV_h8s10n37.txt,GLCT,10,8,60,60,1200.0,0,0.0,2,3.3,8,1076.02,0.0,,,
CV_h8s10n38.txt,GLCT,10,8,60,60,1200.0,0,0.0,1,1.7,8,1096.25,0.0,,,
CV_h8s10n39.txt,GLCT,10,8,60,60,1200.0,0,0.0,1,1.7,8,1053.54,0.0,,,
CV_h8s10n4.txt,GLCT,10,8,60,60,1200.0,0,0.0,2,3.3,8,1123.55,0.0,,,
CV_h8s10n40.txt,GLCT,10,8,60,60,1200.0,0,0.0,4,6.7,9,1140.03,0.0,,,
CV_h8s10n5.txt,GLCT,10,8,60,60,1200.0,0,0.0,3,5.0,9,1179.16,0.0,,,
CV_h8s10n6.txt,GLCT,10,8,60,60,1200.0,0,0.0,3,5.0,9,1111.39,0.0,,,
CV_h8s10n7.txt,GLCT,10,8,60,60,1200.0,0,0.0,3,5.0,9,1132.34,0.0,,,
CV_h8s10n8.txt,GLCT,10,8,60,60,1200.0,1,1.7,3,5.0,9,1155.74,0.0,,,
CV_h8s10n9.txt,GLCT,10,8,60,60,1200.0,1,1.7,6,10.0,8,1094.86,0.0,,,
CV_h8s6n1.txt,GLCT,6,8,36,36,1200.0,0,0.0,4,11.1,9,1186.30,0.0,,,
CV_h8s6n10.txt,GLCT,6,8,36,36,1200.0,1,2.8,6,16.7,9,1103.13,0.0,,,
CV_h8s6n11.txt,GLCT,6,8,36,36,1200.0,0,0.0,5,13.9,9,1192.59,0.0,,,
CV_h8s6n12.txt,GLCT,6,8,36,36,1200.0,1,2.8,5,13.9,8,1019.73,0.0,,,
CV_h8s6n13.txt,GLCT,6,8,36,36,1200.0,0,0.0,5,13.9,9,1116.67,0.0,,,
CV_h8s6n14.txt,GLCT,6,8,36,36,1200.0,0,0.0,5,13.9,9,1126.26,0.0,,,
CV_h8s6n15.txt,GLCT,6,8,36,36,1200.0,0,0.0,1,2.8,8,1008.25,0.0,,,
CV_h8s6n16.txt,GLCT,6,8,36,36,1200.0,0,0.0,3,8.3,9,1103.85,0.0,,,
CV_h8s6n17.txt,GLCT,6,8,36,36,1200.0,0,0.0,2,5.6,7,895.09,0.0,,,
CV_h8s6n18.txt,GLCT,6,8,36,36,1200.0,1,2.8,4,11.1,10,1196.74,0.0,,,
CV_h8s6n19.txt,GLCT,6,8,36,36,1200.0,0,0.0,4,11.1,9,1186.60,0.0,,,
CV_h8s6n2.txt,GLCT,6,8,36,36,1200.0,0,0.0,2,5.6,8,1069.30,0.0,,,
CV_h8s6n20.txt,GLCT,6,8,36,36,1200.0,0,0.0,3,8.3,9,1087.80,0.0,,,
CV_h8s6n21.txt,GLCT,6,8,36,36,1200.0,0,0.0,2,5.6,8,1091.26,0.0,,,
CV_h8s6n22.txt,GLCT,6,8,36,36,1200.0,0,0.0,4,11.1,9,1181.49,0.0,,,
CV_h8s6n23.txt,GLCT,6,8,36,36,1200.0,1,2.8,5,13.9,8,1045.24,0.0,,,
CV_h8s6n24.txt,GLCT,6,8,36,36,1200.0,0,0.0,1,2.8,8,1031.50,0.0,,,
CV_h8s6n25.txt,GLCT,6,8,36,36,1200.0,0,0.0,4,11.1,9,1161.03,0.0,,,
CV_h8s6n26.txt,GLCT,6,8,36,36,1200.0,0,0.0,1,2.8,8,1015.91,0.0,,,
CV_h8s6n27.txt,GLCT,6,8,36,36,1200.0,0,0.0,3,8.3,7,884.11,0.0,,,
CV_h8s6n28.txt,GLCT,6,8,36,36,1200.0,0,0.0,5,13.9,9,1157.87,0.0,,,
CV_h8s6n29.txt,GLCT,6,8,36,36,1200.0,0,0.0,2,5.6,8,1071.17,0.0,,,
CV_h8s6n3.txt,GLCT,6,8,36,36,1200.0,0,0.0,4,11.1,8,1111.54,0.0,,,
CV_h8s6n30.txt,GLCT,6,8,36,36,1200.0,0,0.0,3,8.3,9,1184.93,0.0,,,
CV_h8s6n31.txt,GLCT,6,8,36,36,1200.0,0,0.0,2,5.6,9,1179.37,0.0,,,
CV_h8s6n32.txt,GLCT,6,8,36,36,1200.0,0,0.0,3,8.3,8,1094.67,0.0,,,
CV_h8s6n33.txt,GLCT,6,8,36,36,1200.0,0,0.0,4,11.1,9,1149.28,0.0,,,
CV_h8s6n34.txt,GLCT,6,8,36,36,1200.0,0,0.0,2,5.6,7,929.05,0.0,,,
CV_h8s6n35.txt,GLCT,6,8,36,36,1200.0,1,2.8,4,11.1,9,1183.67,0.0,,,
CV_h8s6n36.txt,GLCT,6,8,36,36,1200.0,1,2.8,4,11.1,9,1189.83,0.0,,,
CV_h8s6n37.txt,GLCT,6,8,36,36,1200.0,1,2.8,3,8.3,8,1080.24,0.0,,,
CV_h8s6n38.txt,GLCT,6,8,36,36,1200.0,0,0.0,3,8.3,6,756.14,0.0,,,
CV_h8s6n39.txt,GLCT,6,8,36,36,1200.0,0,0.0,3,8.3,10,1163.90,0.0,,,
CV_h8s6n4.txt,GLCT,6,8,36,36,1200.0,0,0.0,2,5.6,8,1068.93,0.0,,,
CV_h8s6n40.txt,GLCT,6,8,36,36,1200.0,0,0.0,2,5.6,8,1139.99,0.0,,,
CV_h8s6n5.txt,GLCT,6,8,36,36,1200.0,0,0.0,3,8.3,7,927.14,0.0,,,
CV_h8s6n6.txt,GLCT,6,8,36,36,1200.0,1,2.8,3,8.3,9,1159.26,0.0,,,
CV_h8s6n7.txt,GLCT,6,8,36,36,1200.0,0,0.0,2,5.6,9,1164.69,0.0,,,
CV_h8s6n8.txt,GLCT,6,8,36,36,1200.0,0,0.0,4,11.1,9,1136.49,0.0,,,
CV_h8s6n9.txt,GLCT,6,8,36,36,1200.0,0,0.0,2,5.6,8,1024.16,0.0,,,
EMM_h4s10f50c0n1.txt,GLCT,10,4,20,5,600.0,0,0.0,3,15.0,5,573.96,0.0,,,
EMM_h4s10f50c0n10.txt,GLCT,10,4,20,5,600.0,1,5.0,5,25.0,5,562.29,0.0,,,
EMM_h4s10f50c0n11.txt,GLCT,10,4,20,5,600.0,0,0.0,3,15.0,5,598.49,0.0,,,
EMM_h4s10f50c0n12.txt,GLCT,10,4,20,5,600.0,1,5.0,5,25.0,5,588.21,0.0,,,
EMM_h4s10f50c0n13.txt,GLCT,10,4,20,5,600.0,1,5.0,6,30.0,5,571.33,0.0,,,
EMM_h4s10f50c0n14.txt,GLCT,10,4,20,5,600.0,1,5.0,7,35.0,5,548.07,0.0,,,
EMM_h4s10f50c0n15.txt,GLCT,10,4,20,5,600.0,0,0.0,3,15.0,5,578.89,0.0,,,
EMM_h4s10f50c0n16.txt,GLCT,10,4,20,5,600.0,0,0.0,3,15.0,4,496.54,0.0,,,
EMM_h4s10f50c0n17.txt,GLCT,10,4,20,5,600.0,0,0.0,3,15.0,5,596.11,0.0,,,
EMM_h4s10f50c0n18.txt,GLCT,10,4,20,5,600.0,0,0.0,3,15.0,5,597.89,0.0,,,
EMM_h4s10f50c0n19.txt,GLCT,10,4,20,5,600.0,0,0.0,2,10.0,5,579.64,0.0,,,
EMM_h4s10f50c0n2.txt,GLCT,10,4,20,5,600.0,0,0.0,3,15.0,5,588.69,0.0,,,
EMM_h4s10f50c0n20.txt,GLCT,10,4,20,5,600.0,0,0.0,2,10.0,5,574.89,0.0,,,
EMM_h4s10f50c0n21.txt,GLCT,10,4,20,5,600.0,0,0.0,3,15.0,4,498.05,0.0,,,
EMM_h4s10f50c0n22.txt,GLCT,10,4,20,5,600.0,0,0.0,3,15.0,5,594.00,0.0,,,
EMM_h4s10f50c0n23.txt,GLCT,10,4,20,5,600.0,1,5.0,6,30.0,5,558.00,0.0,,,
EMM_h4s10f50c0n24.txt,GLCT,10,4,20,5,600.0,0,0.0,3,15.0,5,562.41,0.0,,,
EMM_h4s10f50c0n25.txt,GLCT,10,4,20,5,600.0,1,5.0,5,25.0,5,550.36,0.0,,,
EMM_h4s10f50c0n3.txt,GLCT,10,4,20,5,600.0,0,0.0,5,25.0,5,599.32,0.0,,,
EMM_h4s10f50c0n4.txt,GLCT,10,4,20,5,600.0,0,0.0,3,15.0,5,593.91,0.0,,,
EMM_h4s10f50c0n5.txt,GLCT,10,4,20,5,600.0,1,5.0,3,15.0,5,589.22,0.0,,,
EMM_h4s10f50c0n6.txt,GLCT,10,4,20,5,600.0,0,0.0,7,35.0,5,567.53,0.0,,,
EMM_h4s10f50c0n7.txt,GLCT,10,4,20,5,600.0,2,10.0,7,35.0,5,571.87,0.0,,,
EMM_h4s10f50c0n8.txt,GLCT,10,4,20,5,600.0,1,5.0,8,40.0,5,592.08,0.0,,,
EMM_h4s10f50c0n9.txt,GLCT,10,4,20,5,600.0,1,5.0,7,35.0,5,554.29,0.0,,,
EMM_h4s10f50c1n1.txt,GLCT,10,4,20,5,600.0,5,25.0,10,50.0,5,534.22,0.0,,,
EMM_h4s10f50c1n10.txt,GLCT,10,4,20,5,600.0,2,10.0,7,35.0,5,560.16,0.0,,,
EMM_h4s10f50c1n11.txt,GLCT,10,4,20,5,600.0,0,0.0,14,70.0,5,538.71,0.0,,,
EMM_h4s10f50c1n12.txt,GLCT,10,4,20,5,600.0,2,10.0,15,75.0,5,535.25,0.0,,,
EMM_h4s10f50c1n13.txt,GLCT,10,4,20,5,600.0,0,0.0,11,55.0,5,586.74,0.0,,,
EMM_h4s10f50c1n14.txt,GLCT,10,4,20,5,600.0,2,10.0,13,65.0,5,508.17,0.0,,,
EMM_h4s10f50c1n15.txt,GLCT,10,4,20,5,600.0,3,15.0,11,55.0,4,464.11,0.0,,,
EMM_h4s10f50c1n16.txt,GLCT,10,4,20,5,600.0,2,10.0,15,75.0,5,599.10,0.0,,,
EMM_h4s10f50c1n17.txt,GLCT,10,4,20,5,600.0,2,10.0,7,35.0,5,540.07,0.0,,,
EMM_h4s10f50c1n18.txt,GLCT,10,4,20,5,600.0,2,10.0,7,35.0,5,566.98,0.0,,,
EMM_h4s10f50c1n19.txt,GLCT,10,4,20,5,600.0,2,10.0,15,75.0,5,586.02,0.0,,,
EMM_h4s10f50c1n2.txt,GLCT,10,4,20,5,600.0,2,10.0,7,35.0,4,511.19,0.0,,,
EMM_h4s10f50c1n20.txt,GLCT,10,4,20,5,600.0,3,15.0,10,50.0,5,542.60,0.0,,,
EMM_h4s10f50c1n21.txt,GLCT,10,4,20,5,600.0,0,0.0,6,30.0,5,575.11,0.0,,,
EMM_h4s10f50c1n22.txt,GLCT,10,4,20,5,600.0,3,15.0,10,50.0,5,581.71,0.0,,,
EMM_h4s10f50c1n23.txt,GLCT,10,4,20,5,600.0,2,10.0,11,55.0,5,580.74,0.0,,,
EMM_h4s10f50c1n24.txt,GLCT,10,4,20,5,600.0,2,10.0,20,100.0,5,558.02,0.0,,,
EMM_h4s10f50c1n25.txt,GLCT,10,4,20,5,600.0,2,10.0,20,100.0,4,488.72,0.0,,,
EMM_h4s10f50c1n3.txt,GLCT,10,4,20,5,600.0,2,10.0,14,70.0,4,453.48,0.0,,,
EMM_h4s10f50c1n4.txt,GLCT,10,4,20,5,600.0,1,5.0,14,70.0,4,476.15,0.0,,,
EMM_h4s10f50c1n5.txt,GLCT,10,4,20,5,600.0,1,5.0,6,30.0,5,548.63,0.0,,,
EMM_h4s10f50c1n6.txt,GLCT,10,4,20,5,600.0,2,10.0,10,50.0,5,572.39,0.0,,,
EMM_h4s10f50c1n7.txt,GLCT,10,4,20,5,600.0,2,10.0,7,35.0,5,573.23,0.0,,,
EMM_h4s10f50c1n8.txt,GLCT,10,4,20,5,600.0,1,5.0,11,55.0,4,487.95,0.0,,,
EMM_h4s10f50c1n9.txt,GLCT,10,4,20,5,600.0,3,15.0,10,50.0,5,589.02,0.0,,,
EMM_h4s10f50c2n1.txt,GLCT,10,4,20,5,600.0,3,15.0,15,75.0,5,594.14,0.0,,,
EMM_h4s10f50c2n10.txt,GLCT,10,4,20,5,600.0,3,15.0,20,100.0,4,517.40,0.0,,,
EMM_h4s10f50c2n11.txt,GLCT,10,4,20,5,600.0,3,15.0,20,100.0,1,111.75,0.0,,,
EMM_h4s10f50c2n12.txt,GLCT,10,4,20,5,600.0,6,30.0,11,55.0,4,445.47,0.0,,,
EMM_h4s10f50c2n13.txt,GLCT,10,4,20,5,600.0,2,10.0,11,55.0,4,440.02,0.0,,,
EMM_h4s10f50c2n14.txt,GLCT,10,4,20,5,600.0,3,15.0,15,75.0,4,446.32,0.0,,,
EMM_h4s10f50c2n15.txt,GLCT,10,4,20,5,600.0,7,35.0,20,100.0,1,132.29,0.0,,,
EMM_h4s10f50c2n16.txt,GLCT,10,4,20,5,600.0,7,35.0,20,100.0,3,390.22,0.0,,,
EMM_h4s10f50c2n17.txt,GLCT,10,4,20,5,600.0,6,30.0,20,100.0,5,597.17,0.0,,,
EMM_h4s10f50c2n18.txt,GLCT,10,4,20,5,600.0,6,30.0,14,70.0,5,563.83,0.0,,,
EMM_h4s10f50c2n19.txt,GLCT,10,4,20,5,600.0,3,15.0,20,100.0,5,574.78,0.0,,,
EMM_h4s10f50c2n2.txt,GLCT,10,4,20,5,600.0,7,35.0,15,75.0,4,464.80,0.0,,,
EMM_h4s10f50c2n20.txt,GLCT,10,4,20,5,600.0,6,30.0,15,75.0,4,451.47,0.0,,,
EMM_h4s10f50c2n21.txt,GLCT,10,4,20,5,600.0,5,25.0,11,55.0,5,597.96,0.0,,,
EMM_h4s10f50c2n22.txt,GLCT,10,4,20,5,600.0,3,15.0,20,100.0,5,581.97,0.0,,,
EMM_h4s10f50c2n23.txt,GLCT,10,4,20,5,600.0,3,15.0,20,100.0,1,88.71,0.0,,,
EMM_h4s10f50c2n24.txt,GLCT,10,4,20,5,600.0,3,15.0,20,100.0,2,228.42,0.0,,,
EMM_h4s10f50c2n25.txt,GLCT,10,4,20,5,600.0,11,55.0,20,100.0,1,113.07,0.0,,,
EMM_h4s10f50c2n3.txt,GLCT,10,4,20,5,600.0,3,15.0,15,75.0,5,508.35,0.0,,,
EMM_h4s10f50c2n4.txt,GLCT,10,4,20,5,600.0,7,35.0,20,100.0,3,388.06,0.0,,,
EMM_h4s10f50c2n5.txt,GLCT,10,4,20,5,600.0,3,15.0,15,75.0,5,572.02,0.0,,,
EMM_h4s10f50c2n6.txt,GLCT,10,4,20,5,600.0,11,55.0,20,100.0,4,503.93,0.0,,,
EMM_h4s10f50c2n7.txt,GLCT,10,4,20,5,600.0,10,50.0,20,100.0,5,543.06,0.0,,,
EMM_h4s10f50c2n8.txt,GLCT,10,4,20,5,600.0,3,15.0,20,100.0,2,238.37,0.0,,,
EMM_h4s10f50c2n9.txt,GLCT,10,4,20,5,600.0,11,55.0,20,100.0,1,139.80,0.0,,,
EMM_h4s10f75c0n1.txt,GLCT,10,4,30,8,600.0,0,0.0,2,6.7,6,591.78,0.0,,,
EMM_h4s10f75c0n10.txt,GLCT,10,4,30,8,600.0,0,0.0,3,10.0,6,596.95,0.0,,,
EMM_h4s10f75c0n11.txt,GLCT,10,4,30,8,600.0,0,0.0,2,6.7,5,513.47,0.0,,,
EMM_h4s10f75c0n12.txt,GLCT,10,4,30,8,600.0,0,0.0,3,10.0,6,592.60,0.0,,,
EMM_h4s10f75c0n13.txt,GLCT,10,4,30,8,600.0,0,0.0,2,6.7,6,590.59,0.0,,,
EMM_h4s10f75c0n14.txt,GLCT,10,4,30,8,600.0,0,0.0,3,10.0,6,590.42,0.0,,,
EMM_h4s10f75c0n15.txt,GLCT,10,4,30,8,600.0,0,0.0,2,6.7,5,516.44,0.0,,,
EMM_h4s10f75c0n16.txt,GLCT,10,4,30,8,600.0,0,0.0,3,10.0,6,588.02,0.0,,,
EMM_h4s10f75c0n17.txt,GLCT,10,4,30,8,600.0,0,0.0,2,6.7,5,513.13,0.0,,,
EMM_h4s10f75c0n18.txt,GLCT,10,4,30,8,600.0,0,0.0,2,6.7,6,579.35,0.0,,,
EMM_h4s10f75c0n19.txt,GLCT,10,4,30,8,600.0,0,0.0,2,6.7,5,499.05,0.0,,,
EMM_h4s10f75c0n2.txt,GLCT,10,4,30,8,600.0,0,0.0,3,10.0,6,591.50,0.0,,,
EMM_h4s10f75c0n20.txt,GLCT,10,4,30,8,600.0,0,0.0,2,6.7,5,509.32,0.0,,,
EMM_h4s10f75c0n21.txt,GLCT,10,4,30,8,600.0,0,0.0,2,6.7,5,521.16,0.0,,,
EMM_h4s10f75c0n22.txt,GLCT,10,4,30,8,600.0,0,0.0,3,10.0,6,589.90,0.0,,,
EMM_h4s10f75c0n23.txt,GLCT,10,4,30,8,600.0,0,0.0,2,6.7,5,497.65,0.0,,,
EMM_h4s10f75c0n24.txt,GLCT,10,4,30,8,600.0,0,0.0,2,6.7,6,595.61,0.0,,,
EMM_h4s10f75c0n25.txt,GLCT,10,4,30,8,600.0,0,0.0,2,6.7,6,596.16,0.0,,,
EMM_h4s10f75c0n3.txt,GLCT,10,4,30,8,600.0,0,0.0,3,10.0,6,593.75,0.0,,,
EMM_h4s10f75c0n4.txt,GLCT,10,4,30,8,600.0,0,0.0,3,10.0,6,598.14,0.0,,,
EMM_h4s10f75c0n5.txt,GLCT,10,4,30,8,600.0,0,0.0,3,10.0,6,591.00,0.0,,,
EMM_h4s10f75c0n6.txt,GLCT,10,4,30,8,600.0,0,0.0,3,10.0,6,592.03,0.0,,,
EMM_h4s10f75c0n7.txt,GLCT,10,4,30,8,600.0,0,0.0,2,6.7,5,509.22,0.0,,,
EMM_h4s10f75c0n8.txt,GLCT,10,4,30,8,600.0,0,0.0,2,6.7,5,506.27,0.0,,,
EMM_h4s10f75c0n9.txt,GLCT,10,4,30,8,600.0,0,0.0,2,6.7,6,586.70,0.0,,,
EMM_h4s10f75c1n1.txt,GLCT,10,4,30,8,600.0,1,3.3,7,23.3,6,583.49,0.0,,,
EMM_h4s10f75c1n10.txt,GLCT,10,4,30,8,600.0,1,3.3,7,23.3,5,544.03,0.0,,,
EMM_h4s10f75c1n11.txt,GLCT,10,4,30,8,600.0,2,6.7,7,23.3,6,590.68,0.0,,,
EMM_h4s10f75c1n12.txt,GLCT,10,4,30,8,600.0,2,6.7,4,13.3,5,575.71,0.0,,,
EMM_h4s10f75c1n13.txt,GLCT,10,4,30,8,600.0,0,0.0,3,10.0,5,512.21,0.0,,,
EMM_h4s10f75c1n14.txt,GLCT,10,4,30,8,600.0,3,10.0,11,36.7,5,517.80,0.0,,,
EMM_h4s10f75c1n15.txt,GLCT,10,4,30,8,600.0,1,3.3,7,23.3,5,567.72,0.0,,,
EMM_h4s10f75c1n16.txt,GLCT,10,4,30,8,600.0,1,3.3,7,23.3,6,592.34,0.0,,,
EMM_h4s10f75c1n17.txt,GLCT,10,4,30,8,600.0,1,3.3,6,20.0,5,524.91,0.0,,,
EMM_h4s10f75c1n18.txt,GLCT,10,4,30,8,600.0,0,0.0,7,23.3,6,552.80,0.0,,,
EMM_h4s10f75c1n19.txt,GLCT,10,4,30,8,600.0,3,10.0,7,23.3,5,506.61,0.0,,,
EMM_h4s10f75c1n2.txt,GLCT,10,4,30,8,600.0,1,3.3,3,10.0,5,509.19,0.0,,,
EMM_h4s10f75c1n20.txt,GLCT,10,4,30,8,600.0,1,3.3,6,20.0,6,550.55,0.0,,,
EMM_h4s10f75c1n21.txt,GLCT,10,4,30,8,600.0,2,6.7,7,23.3,5,549.53,0.0,,,
EMM_h4s10f75c1n22.txt,GLCT,10,4,30,8,600.0,2,6.7,9,30.0,6,591.77,0.0,,,
EMM_h4s10f75c1n23.txt,GLCT,10,4,30,8,600.0,2,6.7,6,20.0,6,597.05,0.0,,,
EMM_h4s10f75c1n24.txt,GLCT,10,4,30,8,600.0,1,3.3,3,10.0,5,497.47,0.0,,,
EMM_h4s10f75c1n25.txt,GLCT,10,4,30,8,600.0,1,3.3,7,23.3,5,509.25,0.0,,,
EMM_h4s10f75c1n3.txt,GLCT,10,4,30,8,600.0,1,3.3,7,23.3,6,568.47,0.0,,,
EMM_h4s10f75c1n4.txt,GLCT,10,4,30,8,600.0,1,3.3,3,10.0,6,594.20,0.0,,,
EMM_h4s10f75c1n5.txt,GLCT,10,4,30,8,600.0,0,0.0,6,20.0,6,561.80,0.0,,,
EMM_h4s10f75c1n6.txt,GLCT,10,4,30,8,600.0,3,10.0,5,16.7,6,572.37,0.0,,,
EMM_h4s10f75c1n7.txt,GLCT,10,4,30,8,600.0,2,6.7,6,20.0,5,537.97,0.0,,,
EMM_h4s10f75c1n8.txt,GLCT,10,4,30,8,600.0,3,10.0,7,23.3,6,573.93,0.0,,,
EMM_h4s10f75c1n9.txt,GLCT,10,4,30,8,600.0,1,3.3,9,30.0,6,593.26,0.0,,,
EMM_h4s10f75c2n1.txt,GLCT,10,4,30,8,600.0,2,6.7,11,36.7,6,588.81,0.0,,,
EMM_h4s10f75c2n10.txt,GLCT,10,4,30,8,600.0,7,23.3,19,63.3,6,590.99,0.0,,,
EMM_h4s10f75c2n11.txt,GLCT,10,4,30,8,600.0,3,10.0,30,100.0,3,304.45,0.0,,,
EMM_h4s10f75c2n12.txt,GLCT,10,4,30,8,600.0,15,50.0,19,63.3,5,517.01,0.0,,,
EMM_h4s10f75c2n13.txt,GLCT,10,4,30,8,600.0,3,10.0,11,36.7,5,547.67,0.0,,,
EMM_h4s10f75c2n14.txt,GLCT,10,4,30,8,600.0,0,0.0,10,33.3,6,594.00,0.0,,,
EMM_h4s10f75c2n15.txt,GLCT,10,4,30,8,600.0,11,36.7,15,50.0,5,569.79,0.0,,,
EMM_h4s10f75c2n16.txt,GLCT,10,4,30,8,600.0,3,10.0,10,33.3,5,516.88,0.0,,,
EMM_h4s10f75c2n17.txt,GLCT,10,4,30,8,600.0,3,10.0,15,50.0,4,432.25,0.0,,,
EMM_h4s10f75c2n18.txt,GLCT,10,4,30,8,600.0,3,10.0,18,60.0,5,584.05,0.0,,,
EMM_h4s10f75c2n19.txt,GLCT,10,4,30,8,600.0,2,6.7,11,36.7,6,559.24,0.0,,,
EMM_h4s10f75c2n2.txt,GLCT,10,4,30,8,600.0,3,10.0,15,50.0,5,515.29,0.0,,,
EMM_h4s10f75c2n20.txt,GLCT,10,4,30,8,600.0,1,3.3,11,36.7,6,579.12,0.0,,,
EMM_h4s10f75c2n21.txt,GLCT,10,4,30,8,600.0,3,10.0,11,36.7,6,543.41,0.0,,,
EMM_h4s10f75c2n22.txt,GLCT,10,4,30,8,600.0,3,10.0,11,36.7,6,550.86,0.0,,,
EMM_h4s10f75c2n23.txt,GLCT,10,4,30,8,600.0,2,6.7,11,36.7,5,547.41,0.0,,,
EMM_h4s10f75c2n24.txt,GLCT,10,4,30,8,600.0,2,6.7,15,50.0,5,507.60,0.0,,,
EMM_h4s10f75c2n25.txt,GLCT,10,4,30,8,600.0,3,10.0,15,50.0,6,587.46,0.0,,,
EMM_h4s10f75c2n3.txt,GLCT,10,4,30,8,600.0,4,13.3,15,50.0,6,591.72,0.0,,,
EMM_h4s10f75c2n4.txt,GLCT,10,4,30,8,600.0,2,6.7,14,46.7,6,554.16,0.0,,,
EMM_h4s10f75c2n5.txt,GLCT,10,4,30,8,600.0,3,10.0,11,36.7,5,462.05,0.0,,,
EMM_h4s10f75c2n6.txt,GLCT,10,4,30,8,600.0,1,3.3,11,36.7,6,569.25,0.0,,,
EMM_h4s10f75c2n7.txt,GLCT,10,4,30,8,600.0,1,3.3,15,50.0,5,530.21,0.0,,,
EMM_h4s10f75c2n8.txt,GLCT,10,4,30,8,600.0,7,23.3,11,36.7,6,590.23,0.0,,,
EMM_h4s10f75c2n9.txt,GLCT,10,4,30,8,600.0,2,6.7,11,36.7,6,590.62,0.0,,,
EMM_h4s4f50c0n1.txt,GLCT,4,4,8,2,600.0,0,0.0,8,100.0,2,200.08,0.0,,,
EMM_h4s4f50c0n10.txt,GLCT,4,4,8,2,600.0,2,25.0,8,100.0,1,98.92,0.0,,,
EMM_h4s4f50c0n11.txt,GLCT,4,4,8,2,600.0,2,25.0,8,100.0,1,96.05,0.0,,,
EMM_h4s4f50c0n12.txt,GLCT,4,4,8,2,600.0,2,25.0,8,100.0,1,103.90,0.0,,,
EMM_h4s4f50c0n13.txt,GLCT,4,4,8,2,600.0,0,0.0,8,100.0,3,324.15,0.0,,,
EMM_h4s4f50c0n14.txt,GLCT,4,4,8,2,600.0,0,0.0,8,100.0,4,422.66,0.0,,,
EMM_h4s4f50c0n15.txt,GLCT,4,4,8,2,600.0,0,0.0,8,100.0,2,214.55,0.0,,,
EMM_h4s4f50c0n16.txt,GLCT,4,4,8,2,600.0,2,25.0,8,100.0,4,444.65,0.0,,,
EMM_h4s4f50c0n17.txt,GLCT,4,4,8,2,600.0,0,0.0,8,100.0,3,315.22,0.0,,,
EMM_h4s4f50c0n18.txt,GLCT,4,4,8,2,600.0,3,37.5,8,100.0,2,207.29,0.0,,,
EMM_h4s4f50c0n19.txt,GLCT,4,4,8,2,600.0,1,12.5,8,100.0,3,314.01,0.0,,,
EMM_h4s4f50c0n2.txt,GLCT,4,4,8,2,600.0,1,12.5,8,100.0,3,299.70,0.0,,,
EMM_h4s4f50c0n20.txt,GLCT,4,4,8,2,600.0,2,25.0,8,100.0,1,113.24,0.0,,,
EMM_h4s4f50c0n21.txt,GLCT,4,4,8,2,600.0,2,25.0,8,100.0,2,214.06,0.0,,,
EMM_h4s4f50c0n22.txt,GLCT,4,4,8,2,600.0,1,12.5,8,100.0,3,313.72,0.0,,,
EMM_h4s4f50c0n23.txt,GLCT,4,4,8,2,600.0,0,0.0,8,100.0,3,316.48,0.0,,,
EMM_h4s4f50c0n24.txt,GLCT,4,4,8,2,600.0,0,0.0,8,100.0,3,315.22,0.0,,,
EMM_h4s4f50c0n25.txt,GLCT,4,4,8,2,600.0,1,12.5,8,100.0,3,301.03,0.0,,,
EMM_h4s4f50c0n3.txt,GLCT,4,4,8,2,600.0,2,25.0,8,100.0,1,97.66,0.0,,,
EMM_h4s4f50c0n4.txt,GLCT,4,4,8,2,600.0,1,12.5,8,100.0,3,297.06,0.0,,,
EMM_h4s4f50c0n5.txt,GLCT,4,4,8,2,600.0,2,25.0,8,100.0,2,208.74,0.0,,,
EMM_h4s4f50c0n6.txt,GLCT,4,4,8,2,600.0,0,0.0,8,100.0,3,312.47,0.0,,,
EMM_h4s4f50c0n7.txt,GLCT,4,4,8,2,600.0,0,0.0,8,100.0,3,322.73,0.0,,,
EMM_h4s4f50c0n8.txt,GLCT,4,4,8,2,600.0,0,0.0,8,100.0,4,422.66,0.0,,,
EMM_h4s4f50c0n9.txt,GLCT,4,4,8,2,600.0,1,12.5,8,100.0,2,201.13,0.0,,,
EMM_h4s4f50c1n1.txt,GLCT,4,4,8,2,600.0,2,25.0,8,100.0,4,431.92,0.0,,,
EMM_h4s4f50c1n10.txt,GLCT,4,4,8,2,600.0,3,37.5,8,100.0,2,228.40,0.0,,,
EMM_h4s4f50c1n11.txt,GLCT,4,4,8,2,600.0,1,12.5,8,100.0,3,309.26,0.0,,,
EMM_h4s4f50c1n12.txt,GLCT,4,4,8,2,600.0,8,100.0,8,100.0,0,0.00,0.0,,,
EMM_h4s4f50c1n13.txt,GLCT,4,4,8,2,600.0,8,100.0,8,100.0,0,0.00,0.0,,,
EMM_h4s4f50c1n14.txt,GLCT,4,4,8,2,600.0,3,37.5,8,100.0,2,195.97,0.0,,,
EMM_h4s4f50c1n15.txt,GLCT,4,4,8,2,600.0,1,12.5,8,100.0,5,576.46,0.0,,,
EMM_h4s4f50c1n16.txt,GLCT,4,4,8,2,600.0,3,37.5,8,100.0,1,111.94,0.0,,,
EMM_h4s4f50c1n17.txt,GLCT,4,4,8,2,600.0,3,37.5,8,100.0,2,235.09,0.0,,,
EMM_h4s4f50c1n18.txt,GLCT,4,4,8,2,600.0,8,100.0,8,100.0,0,0.00,0.0,,,
EMM_h4s4f50c1n19.txt,GLCT,4,4,8,2,600.0,3,37.5,8,100.0,1,110.43,0.0,,,
EMM_h4s4f50c1n2.txt,GLCT,4,4,8,2,600.0,2,25.0,8,100.0,2,206.87,0.0,,,
EMM_h4s4f50c1n20.txt,GLCT,4,4,8,2,600.0,3,37.5,8,100.0,2,204.04,0.0,,,
EMM_h4s4f50c1n21.txt,GLCT,4,4,8,2,600.0,2,25.0,8,100.0,3,312.43,0.0,,,
EMM_h4s4f50c1n22.txt,GLCT,4,4,8,2,600.0,3,37.5,8,100.0,4,443.37,0.0,,,
EMM_h4s4f50c1n23.txt,GLCT,4,4,8,2,600.0,3,37.5,8,100.0,3,348.70,0.0,,,
EMM_h4s4f50c1n24.txt,GLCT,4,4,8,2,600.0,2,25.0,8,100.0,4,452.23,0.0,,,
EMM_h4s4f50c1n25.txt,GLCT,4,4,8,2,600.0,8,100.0,8,100.0,0,0.00,0.0,,,
EMM_h4s4f50c1n3.txt,GLCT,4,4,8,2,600.0,3,37.5,8,100.0,3,310.20,0.0,,,
EMM_h4s4f50c1n4.txt,GLCT,4,4,8,2,600.0,2,25.0,8,100.0,4,461.37,0.0,,,
EMM_h4s4f50c1n5.txt,GLCT,4,4,8,2,600.0,1,12.5,8,100.0,3,307.41,0.0,,,
EMM_h4s4f50c1n6.txt,GLCT,4,4,8,2,600.0,3,37.5,8,100.0,1,113.07,0.0,,,
EMM_h4s4f50c1n7.txt,GLCT,4,4,8,2,600.0,3,37.5,8,100.0,1,109.17,0.0,,,
EMM_h4s4f50c1n8.txt,GLCT,4,4,8,2,600.0,2,25.0,8,100.0,1,89.85,0.0,,,
EMM_h4s4f50c1n9.txt,GLCT,4,4,8,2,600.0,3,37.5,8,100.0,4,443.49,0.0,,,
EMM_h4s4f50c2n1.txt,GLCT,4,4,8,2,600.0,3,37.5,8,100.0,1,120.59,0.0,,,
EMM_h4s4f50c2n10.txt,GLCT,4,4,8,2,600.0,3,37.5,8,100.0,1,123.38,0.0,,,
EMM_h4s4f50c2n11.txt,GLCT,4,4,8,2,600.0,3,37.5,8,100.0,1,111.69,0.0,,,
EMM_h4s4f50c2n12.txt,GLCT,4,4,8,2,600.0,3,37.5,8,100.0,1,125.98,0.0,,,
EMM_h4s4f50c2n13.txt,GLCT,4,4,8,2,600.0,8,100.0,8,100.0,0,0.00,0.0,,,
EMM_h4s4f50c2n14.txt,GLCT,4,4,8,2,600.0,8,100.0,8,100.0,0,0.00,0.0,,,
EMM_h4s4f50c2n15.txt,GLCT,4,4,8,2,600.0,8,100.0,8,100.0,0,0.00,0.0,,,
EMM_h4s4f50c2n16.txt,GLCT,4,4,8,2,600.0,8,100.0,8,100.0,0,0.00,0.0,,,
EMM_h4s4f50c2n17.txt,GLCT,4,4,8,2,600.0,3,37.5,8,100.0,1,132.22,0.0,,,
EMM_h4s4f50c2n18.txt,GLCT,4,4,8,2,600.0,8,100.0,8,100.0,0,0.00,0.0,,,
EMM_h4s4f50c2n19.txt,GLCT,4,4,8,2,600.0,8,100.0,8,100.0,0,0.00,0.0,,,
EMM_h4s4f50c2n2.txt,GLCT,4,4,8,2,600.0,3,37.5,8,100.0,4,444.43,0.0,,,
EMM_h4s4f50c2n20.txt,GLCT,4,4,8,2,600.0,8,100.0,8,100.0,0,0.00,0.0,,,
EMM_h4s4f50c2n21.txt,GLCT,4,4,8,2,600.0,8,100.0,8,100.0,0,0.00,0.0,,,
EMM_h4s4f50c2n22.txt,GLCT,4,4,8,2,600.0,2,25.0,8,100.0,4,461.11,0.0,,,
EMM_h4s4f50c2n23.txt,GLCT,4,4,8,2,600.0,8,100.0,8,100.0,0,0.00,0.0,,,
EMM_h4s4f50c2n24.txt,GLCT,4,4,8,2,600.0,8,100.0,8,100.0,0,0.00,0.0,,,
EMM_h4s4f50c2n25.txt,GLCT,4,4,8,2,600.0,3,37.5,8,100.0,3,330.84,0.0,,,
EMM_h4s4f50c2n3.txt,GLCT,4,4,8,2,600.0,8,100.0,8,100.0,0,0.00,0.0,,,
EMM_h4s4f50c2n4.txt,GLCT,4,4,8,2,600.0,8,100.0,8,100.0,0,0.00,0.0,,,
EMM_h4s4f50c2n5.txt,GLCT,4,4,8,2,600.0,2,25.0,8,100.0,2,225.67,0.0,,,
EMM_h4s4f50c2n6.txt,GLCT,4,4,8,2,600.0,3,37.5,8,100.0,3,332.11,0.0,,,
EMM_h4s4f50c2n7.txt,GLCT,4,4,8,2,600.0,8,100.0,8,100.0,0,0.00,0.0,,,
EMM_h4s4f50c2n8.txt,GLCT,4,4,8,2,600.0,3,37.5,8,100.0,2,238.36,0.0,,,
EMM_h4s4f50c2n9.txt,GLCT,4,4,8,2,600.0,3,37.5,8,100.0,2,222.09,0.0,,,
EMM_h4s4f75c0n1.txt,GLCT,4,4,12,3,600.0,0,0.0,1,8.3,4,337.93,0.0,,,
EMM_h4s4f75c0n10.txt,GLCT,4,4,12,3,600.0,0,0.0,1,8.3,4,337.93,0.0,,,
EMM_h4s4f75c0n11.txt,GLCT,4,4,12,3,600.0,0,0.0,1,8.3,4,337.93,0.0,,,
EMM_h4s4f75c0n12.txt,GLCT,4,4,12,3,600.0,0,0.0,1,8.3,4,337.93,0.0,,,
EMM_h4s4f75c0n13.txt,GLCT,4,4,12,3,600.0,0,0.0,1,8.3,4,337.93,0.0,,,
EMM_h4s4f75c0n14.txt,GLCT,4,4,12,3,600.0,0,0.0,1,8.3,4,337.93,0.0,,,
EMM_h4s4f75c0n15.txt,GLCT,4,4,12,3,600.0,0,0.0,1,8.3,4,337.93,0.0,,,
EMM_h4s4f75c0n16.txt,GLCT,4,4,12,3,600.0,0,0.0,1,8.3,4,337.93,0.0,,,
EMM_h4s4f75c0n17.txt,GLCT,4,4,12,3,600.0,0,0.0,1,8.3,4,337.93,0.0,,,
EMM_h4s4f75c0n18.txt,GLCT,4,4,12,3,600.0,0,0.0,1,8.3,4,337.93,0.0,,,
EMM_h4s4f75c0n19.txt,GLCT,4,4,12,3,600.0,0,0.0,1,8.3,4,337.93,0.0,,,
EMM_h4s4f75c0n2.txt,GLCT,4,4,12,3,600.0,0,0.0,1,8.3,4,337.93,0.0,,,
EMM_h4s4f75c0n20.txt,GLCT,4,4,12,3,600.0,0,0.0,1,8.3,4,337.93,0.0,,,
EMM_h4s4f75c0n21.txt,GLCT,4,4,12,3,600.0,0,0.0,1,8.3,4,337.93,0.0,,,
EMM_h4s4f75c0n22.txt,GLCT,4,4,12,3,600.0,0,0.0,1,8.3,4,337.93,0.0,,,
EMM_h4s4f75c0n23.txt,GLCT,4,4,12,3,600.0,0,0.0,1,8.3,4,337.93,0.0,,,
EMM_h4s4f75c0n24.txt,GLCT,4,4,12,3,600.0,0,0.0,1,8.3,4,337.93,0.0,,,
EMM_h4s4f75c0n25.txt,GLCT,4,4,12,3,600.0,0,0.0,1,8.3,4,337.93,0.0,,,
EMM_h4s4f75c0n3.txt,GLCT,4,4,12,3,600.0,0,0.0,1,8.3,4,337.93,0.0,,,
EMM_h4s4f75c0n4.txt,GLCT,4,4,12,3,600.0,0,0.0,1,8.3,4,337.93,0.0,,,
EMM_h4s4f75c0n5.txt,GLCT,4,4,12,3,600.0,0,0.0,1,8.3,4,337.93,0.0,,,
EMM_h4s4f75c0n6.txt,GLCT,4,4,12,3,600.0,0,0.0,1,8.3,4,337.93,0.0,,,
EMM_h4s4f75c0n7.txt,GLCT,4,4,12,3,600.0,0,0.0,1,8.3,4,337.93,0.0,,,
EMM_h4s4f75c0n8.txt,GLCT,4,4,12,3,600.0,0,0.0,1,8.3,4,337.93,0.0,,,
EMM_h4s4f75c0n9.txt,GLCT,4,4,12,3,600.0,0,0.0,1,8.3,4,337.93,0.0,,,
EMM_h4s4f75c1n1.txt,GLCT,4,4,12,3,600.0,2,16.7,6,50.0,3,242.14,0.0,,,
EMM_h4s4f75c1n10.txt,GLCT,4,4,12,3,600.0,2,16.7,3,25.0,3,279.29,0.0,,,
EMM_h4s4f75c1n11.txt,GLCT,4,4,12,3,600.0,2,16.7,12,100.0,4,377.98,0.0,,,
EMM_h4s4f75c1n12.txt,GLCT,4,4,12,3,600.0,1,8.3,3,25.0,5,464.65,0.0,,,
EMM_h4s4f75c1n13.txt,GLCT,4,4,12,3,600.0,5,41.7,7,58.3,1,74.36,0.0,,,
EMM_h4s4f75c1n14.txt,GLCT,4,4,12,3,600.0,1,8.3,12,100.0,5,440.53,0.0,,,
EMM_h4s4f75c1n15.txt,GLCT,4,4,12,3,600.0,1,8.3,3,25.0,3,257.15,0.0,,,
EMM_h4s4f75c1n16.txt,GLCT,4,4,12,3,600.0,1,8.3,3,25.0,5,458.61,0.0,,,
EMM_h4s4f75c1n17.txt,GLCT,4,4,12,3,600.0,0,0.0,6,50.0,6,583.88,0.0,,,
EMM_h4s4f75c1n18.txt,GLCT,4,4,12,3,600.0,2,16.7,6,50.0,6,595.11,0.0,,,
EMM_h4s4f75c1n19.txt,GLCT,4,4,12,3,600.0,1,8.3,6,50.0,6,539.97,0.0,,,
EMM_h4s4f75c1n2.txt,GLCT,4,4,12,3,600.0,1,8.3,3,25.0,5,466.97,0.0,,,
EMM_h4s4f75c1n20.txt,GLCT,4,4,12,3,600.0,2,16.7,6,50.0,2,194.76,0.0,,,
EMM_h4s4f75c1n21.txt,GLCT,4,4,12,3,600.0,0,0.0,3,25.0,6,559.18,0.0,,,
EMM_h4s4f75c1n22.txt,GLCT,4,4,12,3,600.0,1,8.3,12,100.0,1,88.71,0.0,,,
EMM_h4s4f75c1n23.txt,GLCT,4,4,12,3,600.0,1,8.3,7,58.3,4,353.31,0.0,,,
EMM_h4s4f75c1n24.txt,GLCT,4,4,12,3,600.0,1,8.3,3,25.0,6,563.48,0.0,,,
EMM_h4s4f75c1n25.txt,GLCT,4,4,12,3,600.0,1,8.3,6,50.0,5,487.93,0.0,,,
EMM_h4s4f75c1n3.txt,GLCT,4,4,12,3,600.0,2,16.7,7,58.3,2,168.23,0.0,,,
EMM_h4s4f75c1n4.txt,GLCT,4,4,12,3,600.0,1,8.3,12,100.0,3,273.88,0.0,,,
EMM_h4s4f75c1n5.txt,GLCT,4,4,12,3,600.0,2,16.7,7,58.3,6,547.93,0.0,,,
EMM_h4s4f75c1n6.txt,GLCT,4,4,12,3,600.0,0,0.0,3,25.0,2,171.76,0.0,,,
EMM_h4s4f75c1n7.txt,GLCT,4,4,12,3,600.0,3,25.0,7,58.3,4,403.22,0.0,,,
EMM_h4s4f75c1n8.txt,GLCT,4,4,12,3,600.0,3,25.0,6,50.0,3,274.12,0.0,,,
EMM_h4s4f75c1n9.txt,GLCT,4,4,12,3,600.0,0,0.0,3,25.0,6,567.15,0.0,,,
EMM_h4s4f75c2n1.txt,GLCT,4,4,12,3,600.0,3,25.0,12,100.0,1,83.21,0.0,,,
EMM_h4s4f75c2n10.txt,GLCT,4,4,12,3,600.0,3,25.0,7,58.3,3,271.28,0.0,,,
EMM_h4s4f75c2n11.txt,GLCT,4,4,12,3,600.0,12,100.0,12,100.0,0,0.00,0.0,,,
EMM_h4s4f75c2n12.txt,GLCT,4,4,12,3,600.0,3,25.0,12,100.0,1,78.22,0.0,,,
EMM_h4s4f75c2n13.txt,GLCT,4,4,12,3,600.0,12,100.0,12,100.0,0,0.00,0.0,,,
EMM_h4s4f75c2n14.txt,GLCT,4,4,12,3,600.0,3,25.0,6,50.0,5,486.52,0.0,,,
EMM_h4s4f75c2n15.txt,GLCT,4,4,12,3,600.0,3,25.0,12,100.0,4,376.58,0.0,,,
EMM_h4s4f75c2n16.txt,GLCT,4,4,12,3,600.0,12,100.0,12,100.0,0,0.00,0.0,,,
EMM_h4s4f75c2n17.txt,GLCT,4,4,12,3,600.0,3,25.0,7,58.3,2,206.87,0.0,,,
EMM_h4s4f75c2n18.txt,GLCT,4,4,12,3,600.0,7,58.3,7,58.3,2,166.40,0.0,,,
EMM_h4s4f75c2n19.txt,GLCT,4,4,12,3,600.0,7,58.3,12,100.0,2,206.11,0.0,,,
EMM_h4s4f75c2n2.txt,GLCT,4,4,12,3,600.0,12,100.0,12,100.0,0,0.00,0.0,,,
EMM_h4s4f75c2n20.txt,GLCT,4,4,12,3,600.0,12,100.0,12,100.0,0,0.00,0.0,,,
EMM_h4s4f75c2n21.txt,GLCT,4,4,12,3,600.0,3,25.0,12,100.0,1,77.00,0.0,,,
EMM_h4s4f75c2n22.txt,GLCT,4,4,12,3,600.0,12,100.0,12,100.0,0,0.00,0.0,,,
EMM_h4s4f75c2n23.txt,GLCT,4,4,12,3,600.0,12,100.0,12,100.0,0,0.00,0.0,,,
EMM_h4s4f75c2n24.txt,GLCT,4,4,12,3,600.0,12,100.0,12,100.0,0,0.00,0.0,,,
EMM_h4s4f75c2n25.txt,GLCT,4,4,12,3,600.0,3,25.0,12,100.0,5,503.04,0.0,,,
EMM_h4s4f75c2n3.txt,GLCT,4,4,12,3,600.0,12,100.0,12,100.0,0,0.00,0.0,,,
EMM_h4s4f75c2n4.txt,GLCT,4,4,12,3,600.0,3,25.0,7,58.3,3,299.79,0.0,,,
EMM_h4s4f75c2n5.txt,GLCT,4,4,12,3,600.0,3,25.0,12,100.0,2,205.32,0.0,,,
EMM_h4s4f75c2n6.txt,GLCT,4,4,12,3,600.0,12,100.0,12,100.0,0,0.00,0.0,,,
EMM_h4s4f75c2n7.txt,GLCT,4,4,12,3,600.0,3,25.0,7,58.3,3,290.86,0.0,,,
EMM_h4s4f75c2n8.txt,GLCT,4,4,12,3,600.0,2,16.7,12,100.0,5,450.53,0.0,,,
EMM_h4s4f75c2n9.txt,GLCT,4,4,12,3,600.0,3,25.0,12,100.0,6,578.52,0.0,,,
EMM_h4s7f50c0n1.txt,GLCT,7,4,14,4,600.0,1,7.1,3,21.4,5,542.54,0.0,,,
EMM_h4s7f50c0n10.txt,GLCT,7,4,14,4,600.0,1,7.1,3,21.4,5,545.77,0.0,,,
EMM_h4s7f50c0n11.txt,GLCT,7,4,14,4,600.0,1,7.1,7,50.0,5,529.56,0.0,,,
EMM_h4s7f50c0n12.txt,GLCT,7,4,14,4,600.0,0,0.0,3,21.4,5,538.58,0.0,,,
EMM_h4s7f50c0n13.txt,GLCT,7,4,14,4,600.0,1,7.1,7,50.0,5,585.31,0.0,,,
EMM_h4s7f50c0n14.txt,GLCT,7,4,14,4,600.0,1,7.1,6,42.9,6,594.70,0.0,,,
EMM_h4s7f50c0n15.txt,GLCT,7,4,14,4,600.0,2,14.3,6,42.9,6,598.19,0.0,,,
EMM_h4s7f50c0n16.txt,GLCT,7,4,14,4,600.0,2,14.3,5,35.7,5,502.70,0.0,,,
EMM_h4s7f50c0n17.txt,GLCT,7,4,14,4,600.0,0,0.0,5,35.7,5,582.16,0.0,,,
EMM_h4s7f50c0n18.txt,GLCT,7,4,14,4,600.0,1,7.1,6,42.9,5,537.71,0.0,,,
EMM_h4s7f50c0n19.txt,GLCT,7,4,14,4,600.0,1,7.1,5,35.7,5,554.95,0.0,,,
EMM_h4s7f50c0n2.txt,GLCT,7,4,14,4,600.0,1,7.1,5,35.7,6,597.24,0.0,,,
EMM_h4s7f50c0n20.txt,GLCT,7,4,14,4,600.0,0,0.0,7,50.0,5,580.73,0.0,,,
EMM_h4s7f50c0n21.txt,GLCT,7,4,14,4,600.0,1,7.1,6,42.9,5,523.31,0.0,,,
EMM_h4s7f50c0n22.txt,GLCT,7,4,14,4,600.0,1,7.1,3,21.4,5,539.83,0.0,,,
EMM_h4s7f50c0n23.txt,GLCT,7,4,14,4,600.0,1,7.1,4,28.6,5,545.33,0.0,,,
EMM_h4s7f50c0n24.txt,GLCT,7,4,14,4,600.0,0,0.0,6,42.9,5,535.88,0.0,,,
EMM_h4s7f50c0n25.txt,GLCT,7,4,14,4,600.0,0,0.0,5,35.7,5,553.28,0.0,,,
EMM_h4s7f50c0n3.txt,GLCT,7,4,14,4,600.0,1,7.1,5,35.7,5,535.56,0.0,,,
EMM_h4s7f50c0n4.txt,GLCT,7,4,14,4,600.0,0,0.0,3,21.4,5,564.63,0.0,,,
EMM_h4s7f50c0n5.txt,GLCT,7,4,14,4,600.0,0,0.0,5,35.7,5,532.10,0.0,,,
EMM_h4s7f50c0n6.txt,GLCT,7,4,14,4,600.0,0,0.0,3,21.4,5,550.60,0.0,,,
EMM_h4s7f50c0n7.txt,GLCT,7,4,14,4,600.0,1,7.1,5,35.7,5,516.18,0.0,,,
EMM_h4s7f50c0n8.txt,GLCT,7,4,14,4,600.0,1,7.1,5,35.7,5,534.94,0.0,,,
EMM_h4s7f50c0n9.txt,GLCT,7,4,14,4,600.0,1,7.1,7,50.0,4,438.43,0.0,,,
EMM_h4s7f50c1n1.txt,GLCT,7,4,14,4,600.0,0,0.0,10,71.4,5,525.16,0.0,,,
EMM_h4s7f50c1n10.txt,GLCT,7,4,14,4,600.0,2,14.3,14,100.0,5,582.34,0.0,,,
EMM_h4s7f50c1n11.txt,GLCT,7,4,14,4,600.0,3,21.4,14,100.0,4,464.59,0.0,,,
EMM_h4s7f50c1n12.txt,GLCT,7,4,14,4,600.0,1,7.1,14,100.0,4,416.91,0.0,,,
EMM_h4s7f50c1n13.txt,GLCT,7,4,14,4,600.0,3,21.4,7,50.0,4,440.23,0.0,,,
EMM_h4s7f50c1n14.txt,GLCT,7,4,14,4,600.0,3,21.4,14,100.0,5,558.55,0.0,,,
EMM_h4s7f50c1n15.txt,GLCT,7,4,14,4,600.0,3,21.4,10,71.4,5,561.41,0.0,,,
EMM_h4s7f50c1n16.txt,GLCT,7,4,14,4,600.0,2,14.3,14,100.0,5,585.30,0.0,,,
EMM_h4s7f50c1n17.txt,GLCT,7,4,14,4,600.0,14,100.0,14,100.0,0,0.00,0.0,,,
EMM_h4s7f50c1n18.txt,GLCT,7,4,14,4,600.0,3,21.4,14,100.0,4,467.98,0.0,,,
EMM_h4s7f50c1n19.txt,GLCT,7,4,14,4,600.0,14,100.0,14,100.0,0,0.00,0.0,,,
EMM_h4s7f50c1n2.txt,GLCT,7,4,14,4,600.0,3,21.4,7,50.0,5,565.59,0.0,,,
EMM_h4s7f50c1n20.txt,GLCT,7,4,14,4,600.0,3,21.4,7,50.0,5,520.14,0.0,,,
EMM_h4s7f50c1n21.txt,GLCT,7,4,14,4,600.0,1,7.1,14,100.0,3,334.43,0.0,,,
EMM_h4s7f50c1n22.txt,GLCT,7,4,14,4,600.0,1,7.1,14,100.0,3,358.04,0.0,,,
EMM_h4s7f50c1n23.txt,GLCT,7,4,14,4,600.0,3,21.4,10,71.4,4,459.69,0.0,,,
EMM_h4s7f50c1n24.txt,GLCT,7,4,14,4,600.0,2,14.3,14,100.0,2,217.99,0.0,,,
EMM_h4s7f50c1n25.txt,GLCT,7,4,14,4,600.0,1,7.1,10,71.4,5,553.06,0.0,,,
EMM_h4s7f50c1n3.txt,GLCT,7,4,14,4,600.0,2,14.3,14,100.0,5,555.55,0.0,,,
EMM_h4s7f50c1n4.txt,GLCT,7,4,14,4,600.0,1,7.1,5,35.7,5,551.40,0.0,,,
EMM_h4s7f50c1n5.txt,GLCT,7,4,14,4,600.0,1,7.1,14,100.0,5,539.36,0.0,,,
EMM_h4s7f50c1n6.txt,GLCT,7,4,14,4,600.0,3,21.4,14,100.0,1,123.37,0.0,,,
EMM_h4s7f50c1n7.txt,GLCT,7,4,14,4,600.0,3,21.4,14,100.0,2,229.29,0.0,,,
EMM_h4s7f50c1n8.txt,GLCT,7,4,14,4,600.0,2,14.3,14,100.0,4,418.83,0.0,,,
EMM_h4s7f50c1n9.txt,GLCT,7,4,14,4,600.0,3,21.4,14,100.0,5,573.85,0.0,,,
EMM_h4s7f50c2n1.txt,GLCT,7,4,14,4,600.0,7,50.0,14,100.0,2,235.73,0.0,,,
EMM_h4s7f50c2n10.txt,GLCT,7,4,14,4,600.0,14,100.0,14,100.0,0,0.00,0.0,,,
EMM_h4s7f50c2n11.txt,GLCT,7,4,14,4,600.0,7,50.0,14,100.0,1,125.53,0.0,,,
EMM_h4s7f50c2n12.txt,GLCT,7,4,14,4,600.0,7,50.0,14,100.0,4,451.95,0.0,,,
EMM_h4s7f50c2n13.txt,GLCT,7,4,14,4,600.0,3,21.4,7,50.0,5,547.45,0.0,,,
EMM_h4s7f50c2n14.txt,GLCT,7,4,14,4,600.0,7,50.0,14,100.0,2,239.79,0.0,,,
EMM_h4s7f50c2n15.txt,GLCT,7,4,14,4,600.0,14,100.0,14,100.0,0,0.00,0.0,,,
EMM_h4s7f50c2n16.txt,GLCT,7,4,14,4,600.0,3,21.4,10,71.4,5,535.11,0.0,,,
EMM_h4s7f50c2n17.txt,GLCT,7,4,14,4,600.0,3,21.4,10,71.4,5,575.82,0.0,,,
EMM_h4s7f50c2n18.txt,GLCT,7,4,14,4,600.0,3,21.4,14,100.0,4,471.31,0.0,,,
EMM_h4s7f50c2n19.txt,GLCT,7,4,14,4,600.0,7,50.0,14,100.0,4,465.48,0.0,,,
EMM_h4s7f50c2n2.txt,GLCT,7,4,14,4,600.0,3,21.4,9,64.3,5,569.29,0.0,,,
EMM_h4s7f50c2n20.txt,GLCT,7,4,14,4,600.0,14,100.0,14,100.0,0,0.00,0.0,,,
EMM_h4s7f50c2n21.txt,GLCT,7,4,14,4,600.0,10,71.4,14,100.0,2,229.43,0.0,,,
EMM_h4s7f50c2n22.txt,GLCT,7,4,14,4,600.0,7,50.0,10,71.4,5,585.93,0.0,,,
EMM_h4s7f50c2n23.txt,GLCT,7,4,14,4,600.0,3,21.4,9,64.3,5,576.84,0.0,,,
EMM_h4s7f50c2n24.txt,GLCT,7,4,14,4,600.0,14,100.0,14,100.0,0,0.00,0.0,,,
EMM_h4s7f50c2n25.txt,GLCT,7,4,14,4,600.0,7,50.0,14,100.0,3,385.43,0.0,,,
EMM_h4s7f50c2n3.txt,GLCT,7,4,14,4,600.0,3,21.4,14,100.0,3,373.46,0.0,,,
EMM_h4s7f50c2n4.txt,GLCT,7,4,14,4,600.0,7,50.0,10,71.4,4,479.75,0.0,,,
EMM_h4s7f50c2n5.txt,GLCT,7,4,14,4,600.0,7,50.0,14,100.0,1,110.43,0.0,,,
EMM_h4s7f50c2n6.txt,GLCT,7,4,14,4,600.0,6,42.9,10,71.4,4,450.79,0.0,,,
EMM_h4s7f50c2n7.txt,GLCT,7,4,14,4,600.0,2,14.3,10,71.4,5,559.87,0.0,,,
EMM_h4s7f50c2n8.txt,GLCT,7,4,14,4,600.0,7,50.0,14,100.0,2,235.48,0.0,,,
EMM_h4s7f50c2n9.txt,GLCT,7,4,14,4,600.0,3,21.4,14,100.0,3,333.75,0.0,,,
EMM_h4s7f75c0n1.txt,GLCT,7,4,21,6,600.0,0,0.0,2,9.5,5,452.70,0.0,,,
EMM_h4s7f75c0n10.txt,GLCT,7,4,21,6,600.0,0,0.0,2,9.5,6,566.99,0.0,,,
EMM_h4s7f75c0n11.txt,GLCT,7,4,21,6,600.0,0,0.0,3,14.3,4,382.11,0.0,,,
EMM_h4s7f75c0n12.txt,GLCT,7,4,21,6,600.0,0,0.0,2,9.5,6,585.44,0.0,,,
EMM_h4s7f75c0n13.txt,GLCT,7,4,21,6,600.0,0,0.0,2,9.5,5,465.10,0.0,,,
EMM_h4s7f75c0n14.txt,GLCT,7,4,21,6,600.0,0,0.0,3,14.3,4,382.58,0.0,,,
EMM_h4s7f75c0n15.txt,GLCT,7,4,21,6,600.0,0,0.0,3,14.3,4,364.40,0.0,,,
EMM_h4s7f75c0n16.txt,GLCT,7,4,21,6,600.0,0,0.0,2,9.5,5,457.43,0.0,,,
EMM_h4s7f75c0n17.txt,GLCT,7,4,21,6,600.0,0,0.0,2,9.5,6,572.43,0.0,,,
EMM_h4s7f75c0n18.txt,GLCT,7,4,21,6,600.0,0,0.0,3,14.3,4,390.86,0.0,,,
EMM_h4s7f75c0n19.txt,GLCT,7,4,21,6,600.0,0,0.0,3,14.3,4,379.06,0.0,,,
EMM_h4s7f75c0n2.txt,GLCT,7,4,21,6,600.0,0,0.0,2,9.5,6,551.72,0.0,,,
EMM_h4s7f75c0n20.txt,GLCT,7,4,21,6,600.0,0,0.0,2,9.5,5,480.34,0.0,,,
EMM_h4s7f75c0n21.txt,GLCT,7,4,21,6,600.0,0,0.0,2,9.5,6,571.68,0.0,,,
EMM_h4s7f75c0n22.txt,GLCT,7,4,21,6,600.0,0,0.0,2,9.5,6,572.26,0.0,,,
EMM_h4s7f75c0n23.txt,GLCT,7,4,21,6,600.0,0,0.0,2,9.5,6,556.88,0.0,,,
EMM_h4s7f75c0n24.txt,GLCT,7,4,21,6,600.0,0,0.0,2,9.5,5,479.10,0.0,,,
EMM_h4s7f75c0n25.txt,GLCT,7,4,21,6,600.0,0,0.0,2,9.5,5,462.55,0.0,,,
EMM_h4s7f75c0n3.txt,GLCT,7,4,21,6,600.0,0,0.0,2,9.5,6,571.33,0.0,,,
EMM_h4s7f75c0n4.txt,GLCT,7,4,21,6,600.0,0,0.0,2,9.5,5,469.99,0.0,,,
EMM_h4s7f75c0n5.txt,GLCT,7,4,21,6,600.0,0,0.0,2,9.5,5,461.40,0.0,,,
EMM_h4s7f75c0n6.txt,GLCT,7,4,21,6,600.0,0,0.0,2,9.5,5,467.83,0.0,,,
EMM_h4s7f75c0n7.txt,GLCT,7,4,21,6,600.0,0,0.0,2,9.5,5,482.87,0.0,,,
EMM_h4s7f75c0n8.txt,GLCT,7,4,21,6,600.0,0,0.0,2,9.5,6,563.37,0.0,,,
EMM_h4s7f75c0n9.txt,GLCT,7,4,21,6,600.0,0,0.0,3,14.3,4,381.59,0.0,,,
EMM_h4s7f75c1n1.txt,GLCT,7,4,21,6,600.0,1,4.8,5,23.8,5,473.15,0.0,,,
EMM_h4s7f75c1n10.txt,GLCT,7,4,21,6,600.0,0,0.0,7,33.3,5,471.08,0.0,,,
EMM_h4s7f75c1n11.txt,GLCT,7,4,21,6,600.0,2,9.5,6,28.6,6,597.71,0.0,,,
EMM_h4s7f75c1n12.txt,GLCT,7,4,21,6,600.0,3,14.3,7,33.3,5,541.64,0.0,,,
EMM_h4s7f75c1n13.txt,GLCT,7,4,21,6,600.0,1,4.8,7,33.3,6,568.01,0.0,,,
EMM_h4s7f75c1n14.txt,GLCT,7,4,21,6,600.0,1,4.8,3,14.3,6,598.55,0.0,,,
EMM_h4s7f75c1n15.txt,GLCT,7,4,21,6,600.0,2,9.5,5,23.8,6,592.23,0.0,,,
EMM_h4s7f75c1n16.txt,GLCT,7,4,21,6,600.0,1,4.8,11,52.4,5,529.45,0.0,,,
EMM_h4s7f75c1n17.txt,GLCT,7,4,21,6,600.0,4,19.0,6,28.6,4,407.62,0.0,,,
EMM_h4s7f75c1n18.txt,GLCT,7,4,21,6,600.0,1,4.8,3,14.3,5,463.77,0.0,,,
EMM_h4s7f75c1n19.txt,GLCT,7,4,21,6,600.0,0,0.0,5,23.8,5,475.06,0.0,,,
EMM_h4s7f75c1n2.txt,GLCT,7,4,21,6,600.0,2,9.5,7,33.3,5,548.58,0.0,,,
EMM_h4s7f75c1n20.txt,GLCT,7,4,21,6,600.0,3,14.3,6,28.6,5,539.45,0.0,,,
EMM_h4s7f75c1n21.txt,GLCT,7,4,21,6,600.0,2,9.5,9,42.9,6,599.67,0.0,,,
EMM_h4s7f75c1n22.txt,GLCT,7,4,21,6,600.0,1,4.8,6,28.6,6,559.74,0.0,,,
EMM_h4s7f75c1n23.txt,GLCT,7,4,21,6,600.0,1,4.8,3,14.3,4,393.64,0.0,,,
EMM_h4s7f75c1n24.txt,GLCT,7,4,21,6,600.0,3,14.3,5,23.8,5,524.42,0.0,,,
EMM_h4s7f75c1n25.txt,GLCT,7,4,21,6,600.0,2,9.5,12,57.1,6,570.02,0.0,,,
EMM_h4s7f75c1n3.txt,GLCT,7,4,21,6,600.0,0,0.0,3,14.3,6,591.24,0.0,,,
EMM_h4s7f75c1n4.txt,GLCT,7,4,21,6,600.0,2,9.5,7,33.3,6,546.35,0.0,,,
EMM_h4s7f75c1n5.txt,GLCT,7,4,21,6,600.0,2,9.5,7,33.3,5,494.88,0.0,,,
EMM_h4s7f75c1n6.txt,GLCT,7,4,21,6,600.0,1,4.8,3,14.3,5,499.74,0.0,,,
EMM_h4s7f75c1n7.txt,GLCT,7,4,21,6,600.0,3,14.3,6,28.6,5,562.06,0.0,,,
EMM_h4s7f75c1n8.txt,GLCT,7,4,21,6,600.0,2,9.5,9,42.9,5,462.30,0.0,,,
EMM_h4s7f75c1n9.txt,GLCT,7,4,21,6,600.0,3,14.3,7,33.3,5,461.28,0.0,,,
EMM_h4s7f75c2n1.txt,GLCT,7,4,21,6,600.0,2,9.5,14,66.7,5,471.73,0.0,,,
EMM_h4s7f75c2n10.txt,GLCT,7,4,21,6,600.0,7,33.3,21,100.0,3,318.93,0.0,,,
EMM_h4s7f75c2n11.txt,GLCT,7,4,21,6,600.0,2,9.5,14,66.7,6,593.22,0.0,,,
EMM_h4s7f75c2n12.txt,GLCT,7,4,21,6,600.0,7,33.3,14,66.7,2,199.54,0.0,,,
EMM_h4s7f75c2n13.txt,GLCT,7,4,21,6,600.0,7,33.3,21,100.0,5,518.10,0.0,,,
EMM_h4s7f75c2n14.txt,GLCT,7,4,21,6,600.0,3,14.3,7,33.3,5,512.46,0.0,,,
EMM_h4s7f75c2n15.txt,GLCT,7,4,21,6,600.0,7,33.3,17,81.0,6,597.42,0.0,,,
EMM_h4s7f75c2n16.txt,GLCT,7,4,21,6,600.0,14,66.7,14,66.7,2,199.32,0.0,,,
EMM_h4s7f75c2n17.txt,GLCT,7,4,21,6,600.0,2,9.5,14,66.7,5,458.52,0.0,,,
EMM_h4s7f75c2n18.txt,GLCT,7,4,21,6,600.0,3,14.3,21,100.0,5,486.18,0.0,,,
EMM_h4s7f75c2n19.txt,GLCT,7,4,21,6,600.0,11,52.4,21,100.0,3,331.96,0.0,,,
EMM_h4s7f75c2n2.txt,GLCT,7,4,21,6,600.0,1,4.8,11,52.4,5,480.43,0.0,,,
EMM_h4s7f75c2n20.txt,GLCT,7,4,21,6,600.0,2,9.5,14,66.7,6,566.64,0.0,,,
EMM_h4s7f75c2n21.txt,GLCT,7,4,21,6,600.0,1,4.8,10,47.6,6,539.03,0.0,,,
EMM_h4s7f75c2n22.txt,GLCT,7,4,21,6,600.0,3,14.3,11,52.4,6,555.62,0.0,,,
EMM_h4s7f75c2n23.txt,GLCT,7,4,21,6,600.0,2,9.5,17,81.0,6,572.19,0.0,,,
EMM_h4s7f75c2n24.txt,GLCT,7,4,21,6,600.0,2,9.5,14,66.7,5,488.40,0.0,,,
EMM_h4s7f75c2n25.txt,GLCT,7,4,21,6,600.0,2,9.5,11,52.4,6,574.66,0.0,,,
EMM_h4s7f75c2n3.txt,GLCT,7,4,21,6,600.0,6,28.6,14,66.7,6,598.61,0.0,,,
EMM_h4s7f75c2n4.txt,GLCT,7,4,21,6,600.0,2,9.5,14,66.7,6,567.49,0.0,,,
EMM_h4s7f75c2n5.txt,GLCT,7,4,21,6,600.0,3,14.3,10,47.6,6,579.26,0.0,,,
EMM_h4s7f75c2n6.txt,GLCT,7,4,21,6,600.0,7,33.3,21,100.0,5,489.14,0.0,,,
EMM_h4s7f75c2n7.txt,GLCT,7,4,21,6,600.0,2,9.5,7,33.3,6,597.15,0.0,,,
EMM_h4s7f75c2n8.txt,GLCT,7,4,21,6,600.0,7,33.3,21,100.0,1,101.56,0.0,,,
EMM_h4s7f75c2n9.txt,GLCT,7,4,21,6,600.0,3,14.3,11,52.4,6,571.42,0.0,,,
EMM_h4s10f50c0n1.txt,GLCT,10,4,20,5,900.0,0,0.0,6,30.0,8,896.55,0.0,,,
EMM_h4s10f50c0n10.txt,GLCT,10,4,20,5,900.0,1,5.0,7,35.0,8,883.06,0.0,,,
EMM_h4s10f50c0n11.txt,GLCT,10,4,20,5,900.0,0,0.0,4,20.0,7,827.46,0.0,,,
EMM_h4s10f50c0n12.txt,GLCT,10,4,20,5,900.0,1,5.0,7,35.0,7,815.69,0.0,,,
EMM_h4s10f50c0n13.txt,GLCT,10,4,20,5,900.0,1,5.0,10,50.0,7,765.77,0.0,,,
EMM_h4s10f50c0n14.txt,GLCT,10,4,20,5,900.0,1,5.0,10,50.0,7,765.21,0.0,,,
EMM_h4s10f50c0n15.txt,GLCT,10,4,20,5,900.0,0,0.0,7,35.0,7,810.61,0.0,,,
EMM_h4s10f50c0n16.txt,GLCT,10,4,20,5,900.0,0,0.0,6,30.0,7,809.68,0.0,,,
EMM_h4s10f50c0n17.txt,GLCT,10,4,20,5,900.0,0,0.0,6,30.0,7,823.81,0.0,,,
EMM_h4s10f50c0n18.txt,GLCT,10,4,20,5,900.0,0,0.0,5,25.0,7,815.07,0.0,,,
EMM_h4s10f50c0n19.txt,GLCT,10,4,20,5,900.0,0,0.0,7,35.0,8,898.28,0.0,,,
EMM_h4s10f50c0n2.txt,GLCT,10,4,20,5,900.0,0,0.0,7,35.0,7,819.28,0.0,,,
EMM_h4s10f50c0n20.txt,GLCT,10,4,20,5,900.0,0,0.0,6,30.0,8,897.00,0.0,,,
EMM_h4s10f50c0n21.txt,GLCT,10,4,20,5,900.0,0,0.0,7,35.0,7,827.83,0.0,,,
EMM_h4s10f50c0n22.txt,GLCT,10,4,20,5,900.0,0,0.0,6,30.0,7,836.01,0.0,,,
EMM_h4s10f50c0n23.txt,GLCT,10,4,20,5,900.0,1,5.0,10,50.0,8,887.31,0.0,,,
EMM_h4s10f50c0n24.txt,GLCT,10,4,20,5,900.0,0,0.0,9,45.0,8,878.46,0.0,,,
EMM_h4s10f50c0n25.txt,GLCT,10,4,20,5,900.0,1,5.0,14,70.0,8,837.88,0.0,,,
EMM_h4s10f50c0n3.txt,GLCT,10,4,20,5,900.0,0,0.0,10,50.0,7,827.11,0.0,,,
EMM_h4s10f50c0n4.txt,GLCT,10,4,20,5,900.0,0,0.0,6,30.0,7,829.15,0.0,,,
EMM_h4s10f50c0n5.txt,GLCT,10,4,20,5,900.0,1,5.0,6,30.0,7,852.85,0.0,,,
EMM_h4s10f50c0n6.txt,GLCT,10,4,20,5,900.0,0,0.0,10,50.0,7,797.53,0.0,,,
EMM_h4s10f50c0n7.txt,GLCT,10,4,20,5,900.0,2,10.0,8,40.0,7,780.80,0.0,,,
EMM_h4s10f50c0n8.txt,GLCT,10,4,20,5,900.0,1,5.0,10,50.0,6,680.30,0.0,,,
EMM_h4s10f50c0n9.txt,GLCT,10,4,20,5,900.0,1,5.0,10,50.0,6,674.89,0.0,,,
EMM_h4s10f50c1n1.txt,GLCT,10,4,20,5,900.0,5,25.0,11,55.0,7,786.48,0.0,,,
EMM_h4s10f50c1n10.txt,GLCT,10,4,20,5,900.0,2,10.0,11,55.0,8,864.22,0.0,,,
EMM_h4s10f50c1n11.txt,GLCT,10,4,20,5,900.0,0,0.0,15,75.0,8,897.01,0.0,,,
EMM_h4s10f50c1n12.txt,GLCT,10,4,20,5,900.0,2,10.0,15,75.0,7,765.60,0.0,,,
EMM_h4s10f50c1n13.txt,GLCT,10,4,20,5,900.0,0,0.0,14,70.0,8,891.72,0.0,,,
EMM_h4s10f50c1n14.txt,GLCT,10,4,20,5,900.0,2,10.0,20,100.0,8,883.83,0.0,,,
EMM_h4s10f50c1n15.txt,GLCT,10,4,20,5,900.0,3,15.0,15,75.0,7,805.45,0.0,,,
EMM_h4s10f50c1n16.txt,GLCT,10,4,20,5,900.0,2,10.0,15,75.0,7,815.07,0.0,,,
EMM_h4s10f50c1n17.txt,GLCT,10,4,20,5,900.0,2,10.0,10,50.0,8,827.89,0.0,,,
EMM_h4s10f50c1n18.txt,GLCT,10,4,20,5,900.0,2,10.0,10,50.0,6,675.49,0.0,,,
EMM_h4s10f50c1n19.txt,GLCT,10,4,20,5,900.0,2,10.0,15,75.0,7,864.68,0.0,,,
EMM_h4s10f50c1n2.txt,GLCT,10,4,20,5,900.0,2,10.0,11,55.0,7,827.44,0.0,,,
EMM_h4s10f50c1n20.txt,GLCT,10,4,20,5,900.0,3,15.0,11,55.0,7,811.99,0.0,,,
EMM_h4s10f50c1n21.txt,GLCT,10,4,20,5,900.0,0,0.0,7,35.0,8,878.36,0.0,,,
EMM_h4s10f50c1n22.txt,GLCT,10,4,20,5,900.0,3,15.0,10,50.0,6,697.01,0.0,,,
EMM_h4s10f50c1n23.txt,GLCT,10,4,20,5,900.0,2,10.0,15,75.0,6,687.98,0.0,,,
EMM_h4s10f50c1n24.txt,GLCT,10,4,20,5,900.0,2,10.0,20,100.0,5,558.02,0.0,,,
EMM_h4s10f50c1n25.txt,GLCT,10,4,20,5,900.0,2,10.0,20,100.0,4,488.72,0.0,,,
EMM_h4s10f50c1n3.txt,GLCT,10,4,20,5,900.0,2,10.0,20,100.0,7,840.05,0.0,,,
EMM_h4s10f50c1n4.txt,GLCT,10,4,20,5,900.0,1,5.0,20,100.0,6,712.65,0.0,,,
EMM_h4s10f50c1n5.txt,GLCT,10,4,20,5,900.0,1,5.0,10,50.0,8,837.50,0.0,,,
EMM_h4s10f50c1n6.txt,GLCT,10,4,20,5,900.0,2,10.0,11,55.0,7,818.33,0.0,,,
EMM_h4s10f50c1n7.txt,GLCT,10,4,20,5,900.0,2,10.0,9,45.0,8,891.02,0.0,,,
EMM_h4s10f50c1n8.txt,GLCT,10,4,20,5,900.0,1,5.0,11,55.0,7,820.80,0.0,,,
EMM_h4s10f50c1n9.txt,GLCT,10,4,20,5,900.0,3,15.0,10,50.0,7,863.93,0.1,,,
EMM_h4s10f50c2n1.txt,GLCT,10,4,20,5,900.0,3,15.0,15,75.0,6,718.67,0.0,,,
EMM_h4s10f50c2n10.txt,GLCT,10,4,20,5,900.0,3,15.0,20,100.0,4,517.40,0.0,,,
EMM_h4s10f50c2n11.txt,GLCT,10,4,20,5,900.0,3,15.0,20,100.0,1,111.75,0.0,,,
EMM_h4s10f50c2n12.txt,GLCT,10,4,20,5,900.0,6,30.0,20,100.0,6,697.84,0.0,,,
EMM_h4s10f50c2n13.txt,GLCT,10,4,20,5,900.0,2,10.0,20,100.0,6,677.77,0.0,,,
EMM_h4s10f50c2n14.txt,GLCT,10,4,20,5,900.0,3,15.0,20,100.0,6,693.25,0.0,,,
EMM_h4s10f50c2n15.txt,GLCT,10,4,20,5,900.0,7,35.0,20,100.0,1,132.29,0.0,,,
EMM_h4s10f50c2n16.txt,GLCT,10,4,20,5,900.0,7,35.0,20,100.0,3,390.22,0.0,,,
EMM_h4s10f50c2n17.txt,GLCT,10,4,20,5,900.0,6,30.0,20,100.0,5,597.17,0.0,,,
EMM_h4s10f50c2n18.txt,GLCT,10,4,20,5,900.0,6,30.0,15,75.0,7,828.91,0.0,,,
EMM_h4s10f50c2n19.txt,GLCT,10,4,20,5,900.0,3,15.0,20,100.0,5,574.78,0.0,,,
EMM_h4s10f50c2n2.txt,GLCT,10,4,20,5,900.0,7,35.0,15,75.0,6,690.65,0.0,,,
EMM_h4s10f50c2n20.txt,GLCT,10,4,20,5,900.0,6,30.0,20,100.0,6,706.02,0.0,,,
EMM_h4s10f50c2n21.txt,GLCT,10,4,20,5,900.0,5,25.0,20,100.0,7,820.82,0.0,,,
EMM_h4s10f50c2n22.txt,GLCT,10,4,20,5,900.0,3,15.0,20,100.0,5,581.97,0.0,,,
EMM_h4s10f50c2n23.txt,GLCT,10,4,20,5,900.0,3,15.0,20,100.0,1,88.71,0.0,,,
EMM_h4s10f50c2n24.txt,GLCT,10,4,20,5,900.0,3,15.0,20,100.0,2,228.42,0.0,,,
EMM_h4s10f50c2n25.txt,GLCT,10,4,20,5,900.0,11,55.0,20,100.0,1,113.07,0.0,,,
EMM_h4s10f50c2n3.txt,GLCT,10,4,20,5,900.0,3,15.0,20,100.0,7,780.21,0.0,,,
EMM_h4s10f50c2n4.txt,GLCT,10,4,20,5,900.0,7,35.0,20,100.0,3,388.06,0.0,,,
EMM_h4s10f50c2n5.txt,GLCT,10,4,20,5,900.0,3,15.0,15,75.0,7,811.60,0.0,,,
EMM_h4s10f50c2n6.txt,GLCT,10,4,20,5,900.0,11,55.0,20,100.0,4,503.93,0.0,,,
EMM_h4s10f50c2n7.txt,GLCT,10,4,20,5,900.0,10,50.0,20,100.0,5,543.06,0.0,,,
EMM_h4s10f50c2n8.txt,GLCT,10,4,20,5,900.0,3,15.0,20,100.0,2,238.37,0.0,,,
EMM_h4s10f50c2n9.txt,GLCT,10,4,20,5,900.0,11,55.0,20,100.0,1,139.80,0.0,,,
EMM_h4s10f75c0n1.txt,GLCT,10,4,30,8,900.0,0,0.0,3,10.0,8,871.42,0.0,,,
EMM_h4s10f75c0n10.txt,GLCT,10,4,30,8,900.0,0,0.0,3,10.0,8,851.42,0.0,,,
EMM_h4s10f75c0n11.txt,GLCT,10,4,30,8,900.0,0,0.0,3,10.0,8,884.93,0.0,,,
EMM_h4s10f75c0n12.txt,GLCT,10,4,30,8,900.0,0,0.0,3,10.0,8,840.04,0.0,,,
EMM_h4s10f75c0n13.txt,GLCT,10,4,30,8,900.0,0,0.0,3,10.0,8,883.33,0.0,,,
EMM_h4s10f75c0n14.txt,GLCT,10,4,30,8,900.0,0,0.0,3,10.0,8,846.51,0.0,,,
EMM_h4s10f75c0n15.txt,GLCT,10,4,30,8,900.0,0,0.0,3,10.0,8,884.47,0.0,,,
EMM_h4s10f75c0n16.txt,GLCT,10,4,30,8,900.0,0,0.0,3,10.0,8,839.06,0.0,,,
EMM_h4s10f75c0n17.txt,GLCT,10,4,30,8,900.0,0,0.0,3,10.0,8,882.14,0.0,,,
EMM_h4s10f75c0n18.txt,GLCT,10,4,30,8,900.0,0,0.0,3,10.0,8,867.62,0.0,,,
EMM_h4s10f75c0n19.txt,GLCT,10,4,30,8,900.0,0,0.0,3,10.0,8,858.60,0.0,,,
EMM_h4s10f75c0n2.txt,GLCT,10,4,30,8,900.0,0,0.0,3,10.0,8,851.14,0.0,,,
EMM_h4s10f75c0n20.txt,GLCT,10,4,30,8,900.0,0,0.0,3,10.0,8,879.52,0.0,,,
EMM_h4s10f75c0n21.txt,GLCT,10,4,30,8,900.0,0,0.0,3,10.0,8,884.25,0.0,,,
EMM_h4s10f75c0n22.txt,GLCT,10,4,30,8,900.0,0,0.0,3,10.0,8,836.07,0.0,,,
EMM_h4s10f75c0n23.txt,GLCT,10,4,30,8,900.0,0,0.0,3,10.0,8,861.78,0.0,,,
EMM_h4s10f75c0n24.txt,GLCT,10,4,30,8,900.0,0,0.0,3,10.0,8,883.78,0.0,,,
EMM_h4s10f75c0n25.txt,GLCT,10,4,30,8,900.0,0,0.0,3,10.0,8,860.47,0.0,,,
EMM_h4s10f75c0n3.txt,GLCT,10,4,30,8,900.0,0,0.0,3,10.0,8,847.32,0.0,,,
EMM_h4s10f75c0n4.txt,GLCT,10,4,30,8,900.0,0,0.0,3,10.0,8,858.93,0.0,,,
EMM_h4s10f75c0n5.txt,GLCT,10,4,30,8,900.0,0,0.0,3,10.0,8,846.13,0.0,,,
EMM_h4s10f75c0n6.txt,GLCT,10,4,30,8,900.0,0,0.0,3,10.0,8,843.08,0.0,,,
EMM_h4s10f75c0n7.txt,GLCT,10,4,30,8,900.0,0,0.0,3,10.0,8,876.96,0.0,,,
EMM_h4s10f75c0n8.txt,GLCT,10,4,30,8,900.0,0,0.0,3,10.0,8,866.90,0.0,,,
EMM_h4s10f75c0n9.txt,GLCT,10,4,30,8,900.0,0,0.0,3,10.0,8,868.50,0.0,,,
EMM_h4s10f75c1n1.txt,GLCT,10,4,30,8,900.0,1,3.3,10,33.3,9,891.00,0.0,,,
EMM_h4s10f75c1n10.txt,GLCT,10,4,30,8,900.0,1,3.3,10,33.3,8,889.50,0.0,,,
EMM_h4s10f75c1n11.txt,GLCT,10,4,30,8,900.0,2,6.7,10,33.3,7,713.54,0.0,,,
EMM_h4s10f75c1n12.txt,GLCT,10,4,30,8,900.0,2,6.7,6,20.0,8,888.98,0.0,,,
EMM_h4s10f75c1n13.txt,GLCT,10,4,30,8,900.0,0,0.0,6,20.0,8,878.04,0.0,,,
EMM_h4s10f75c1n14.txt,GLCT,10,4,30,8,900.0,3,10.0,14,46.7,8,861.42,0.0,,,
EMM_h4s10f75c1n15.txt,GLCT,10,4,30,8,900.0,1,3.3,7,23.3,6,650.79,0.0,,,
EMM_h4s10f75c1n16.txt,GLCT,10,4,30,8,900.0,1,3.3,11,36.7,9,896.97,0.0,,,
EMM_h4s10f75c1n17.txt,GLCT,10,4,30,8,900.0,1,3.3,7,23.3,7,795.06,0.0,,,
EMM_h4s10f75c1n18.txt,GLCT,10,4,30,8,900.0,0,0.0,11,36.7,9,882.46,0.0,,,
EMM_h4s10f75c1n19.txt,GLCT,10,4,30,8,900.0,3,10.0,9,30.0,9,889.70,0.0,,,
EMM_h4s10f75c1n2.txt,GLCT,10,4,30,8,900.0,1,3.3,6,20.0,7,723.17,0.0,,,
EMM_h4s10f75c1n20.txt,GLCT,10,4,30,8,900.0,1,3.3,7,23.3,9,883.79,0.0,,,
EMM_h4s10f75c1n21.txt,GLCT,10,4,30,8,900.0,2,6.7,12,40.0,8,887.75,0.0,,,
EMM_h4s10f75c1n22.txt,GLCT,10,4,30,8,900.0,2,6.7,11,36.7,8,826.19,0.0,,,
EMM_h4s10f75c1n23.txt,GLCT,10,4,30,8,900.0,2,6.7,7,23.3,8,838.71,0.0,,,
EMM_h4s10f75c1n24.txt,GLCT,10,4,30,8,900.0,1,3.3,13,43.3,8,831.45,0.0,,,
EMM_h4s10f75c1n25.txt,GLCT,10,4,30,8,900.0,1,3.3,11,36.7,8,835.33,0.0,,,
EMM_h4s10f75c1n3.txt,GLCT,10,4,30,8,900.0,1,3.3,9,30.0,9,883.38,0.0,,,
EMM_h4s10f75c1n4.txt,GLCT,10,4,30,8,900.0,1,3.3,7,23.3,8,851.43,0.0,,,
EMM_h4s10f75c1n5.txt,GLCT,10,4,30,8,900.0,0,0.0,6,20.0,9,884.40,0.0,,,
EMM_h4s10f75c1n6.txt,GLCT,10,4,30,8,900.0,3,10.0,6,20.0,8,843.85,0.0,,,
EMM_h4s10f75c1n7.txt,GLCT,10,4,30,8,900.0,2,6.7,7,23.3,7,737.00,0.0,,,
EMM_h4s10f75c1n8.txt,GLCT,10,4,30,8,900.0,3,10.0,15,50.0,7,755.41,0.0,,,
EMM_h4s10f75c1n9.txt,GLCT,10,4,30,8,900.0,1,3.3,10,33.3,8,834.14,0.0,,,
EMM_h4s10f75c2n1.txt,GLCT,10,4,30,8,900.0,2,6.7,15,50.0,8,798.65,0.0,,,
EMM_h4s10f75c2n10.txt,GLCT,10,4,30,8,900.0,7,23.3,19,63.3,8,815.61,0.0,,,
EMM_h4s10f75c2n11.txt,GLCT,10,4,30,8,900.0,3,10.0,30,100.0,3,304.45,0.0,,,
EMM_h4s10f75c2n12.txt,GLCT,10,4,30,8,900.0,15,50.0,26,86.7,7,757.94,0.0,,,
EMM_h4s10f75c2n13.txt,GLCT,10,4,30,8,900.0,3,10.0,14,46.7,8,865.30,0.0,,,
EMM_h4s10f75c2n14.txt,GLCT,10,4,30,8,900.0,0,0.0,11,36.7,8,837.81,0.0,,,
EMM_h4s10f75c2n15.txt,GLCT,10,4,30,8,900.0,11,36.7,19,63.3,8,875.40,0.0,,,
EMM_h4s10f75c2n16.txt,GLCT,10,4,30,8,900.0,3,10.0,11,36.7,8,834.59,0.0,,,
EMM_h4s10f75c2n17.txt,GLCT,10,4,30,8,900.0,3,10.0,18,60.0,8,847.21,0.0,,,
EMM_h4s10f75c2n18.txt,GLCT,10,4,30,8,900.0,3,10.0,19,63.3,7,835.74,0.0,,,
EMM_h4s10f75c2n19.txt,GLCT,10,4,30,8,900.0,2,6.7,15,50.0,9,869.21,0.0,,,
EMM_h4s10f75c2n2.txt,GLCT,10,4,30,8,900.0,3,10.0,18,60.0,8,862.52,0.0,,,
EMM_h4s10f75c2n20.txt,GLCT,10,4,30,8,900.0,1,3.3,14,46.7,9,896.57,0.0,,,
EMM_h4s10f75c2n21.txt,GLCT,10,4,30,8,900.0,3,10.0,14,46.7,9,883.10,0.0,,,
EMM_h4s10f75c2n22.txt,GLCT,10,4,30,8,900.0,3,10.0,14,46.7,9,885.29,0.0,,,
EMM_h4s10f75c2n23.txt,GLCT,10,4,30,8,900.0,2,6.7,23,76.7,7,761.41,0.0,,,
EMM_h4s10f75c2n24.txt,GLCT,10,4,30,8,900.0,2,6.7,15,50.0,8,848.96,0.0,,,
EMM_h4s10f75c2n25.txt,GLCT,10,4,30,8,900.0,3,10.0,15,50.0,7,790.93,0.0,,,
EMM_h4s10f75c2n3.txt,GLCT,10,4,30,8,900.0,4,13.3,18,60.0,8,829.19,0.0,,,
EMM_h4s10f75c2n4.txt,GLCT,10,4,30,8,900.0,2,6.7,15,50.0,7,678.96,0.0,,,
EMM_h4s10f75c2n5.txt,GLCT,10,4,30,8,900.0,3,10.0,26,86.7,9,870.32,0.0,,,
EMM_h4s10f75c2n6.txt,GLCT,10,4,30,8,900.0,1,3.3,15,50.0,9,833.92,0.0,,,
EMM_h4s10f75c2n7.txt,GLCT,10,4,30,8,900.0,1,3.3,18,60.0,8,804.54,0.0,,,
EMM_h4s10f75c2n8.txt,GLCT,10,4,30,8,900.0,7,23.3,11,36.7,8,793.74,0.0,,,
EMM_h4s10f75c2n9.txt,GLCT,10,4,30,8,900.0,2,6.7,19,63.3,8,833.71,0.0,,,
EMM_h4s4f50c0n1.txt,GLCT,4,4,8,2,900.0,0,0.0,8,100.0,2,200.08,0.0,,,
EMM_h4s4f50c0n10.txt,GLCT,4,4,8,2,900.0,2,25.0,8,100.0,1,98.92,0.0,,,
EMM_h4s4f50c0n11.txt,GLCT,4,4,8,2,900.0,2,25.0,8,100.0,1,96.05,0.0,,,
EMM_h4s4f50c0n12.txt,GLCT,4,4,8,2,900.0,2,25.0,8,100.0,1,103.90,0.0,,,
EMM_h4s4f50c0n13.txt,GLCT,4,4,8,2,900.0,0,0.0,8,100.0,3,324.15,0.0,,,
EMM_h4s4f50c0n14.txt,GLCT,4,4,8,2,900.0,0,0.0,8,100.0,4,422.66,0.0,,,
EMM_h4s4f50c0n15.txt,GLCT,4,4,8,2,900.0,0,0.0,8,100.0,2,214.55,0.0,,,
EMM_h4s4f50c0n16.txt,GLCT,4,4,8,2,900.0,2,25.0,8,100.0,4,444.65,0.0,,,
EMM_h4s4f50c0n17.txt,GLCT,4,4,8,2,900.0,0,0.0,8,100.0,3,315.22,0.0,,,
EMM_h4s4f50c0n18.txt,GLCT,4,4,8,2,900.0,3,37.5,8,100.0,2,207.29,0.0,,,
EMM_h4s4f50c0n19.txt,GLCT,4,4,8,2,900.0,1,12.5,8,100.0,3,314.01,0.0,,,
EMM_h4s4f50c0n2.txt,GLCT,4,4,8,2,900.0,1,12.5,8,100.0,3,299.70,0.0,,,
EMM_h4s4f50c0n20.txt,GLCT,4,4,8,2,900.0,2,25.0,8,100.0,1,113.24,0.0,,,
EMM_h4s4f50c0n21.txt,GLCT,4,4,8,2,900.0,2,25.0,8,100.0,2,214.06,0.0,,,
EMM_h4s4f50c0n22.txt,GLCT,4,4,8,2,900.0,1,12.5,8,100.0,3,313.72,0.0,,,
EMM_h4s4f50c0n23.txt,GLCT,4,4,8,2,900.0,0,0.0,8,100.0,3,316.48,0.0,,,
EMM_h4s4f50c0n24.txt,GLCT,4,4,8,2,900.0,0,0.0,8,100.0,3,315.22,0.0,,,
EMM_h4s4f50c0n25.txt,GLCT,4,4,8,2,900.0,1,12.5,8,100.0,3,301.03,0.0,,,
EMM_h4s4f50c0n3.txt,GLCT,4,4,8,2,900.0,2,25.0,8,100.0,1,97.66,0.0,,,
EMM_h4s4f50c0n4.txt,GLCT,4,4,8,2,900.0,1,12.5,8,100.0,3,297.06,0.0,,,
EMM_h4s4f50c0n5.txt,GLCT,4,4,8,2,900.0,2,25.0,8,100.0,2,208.74,0.0,,,
EMM_h4s4f50c0n6.txt,GLCT,4,4,8,2,900.0,0,0.0,8,100.0,3,312.47,0.0,,,
EMM_h4s4f50c0n7.txt,GLCT,4,4,8,2,900.0,0,0.0,8,100.0,3,322.73,0.0,,,
EMM_h4s4f50c0n8.txt,GLCT,4,4,8,2,900.0,0,0.0,8,100.0,4,422.66,0.0,,,
EMM_h4s4f50c0n9.txt,GLCT,4,4,8,2,900.0,1,12.5,8,100.0,2,201.13,0.0,,,
EMM_h4s4f50c1n1.txt,GLCT,4,4,8,2,900.0,2,25.0,8,100.0,4,431.92,0.0,,,
EMM_h4s4f50c1n10.txt,GLCT,4,4,8,2,900.0,3,37.5,8,100.0,2,228.40,0.0,,,
EMM_h4s4f50c1n11.txt,GLCT,4,4,8,2,900.0,1,12.5,8,100.0,3,309.26,0.0,,,
EMM_h4s4f50c1n12.txt,GLCT,4,4,8,2,900.0,8,100.0,8,100.0,0,0.00,0.0,,,
EMM_h4s4f50c1n13.txt,GLCT,4,4,8,2,900.0,8,100.0,8,100.0,0,0.00,0.0,,,
EMM_h4s4f50c1n14.txt,GLCT,4,4,8,2,900.0,3,37.5,8,100.0,2,195.97,0.0,,,
EMM_h4s4f50c1n15.txt,GLCT,4,4,8,2,900.0,1,12.5,8,100.0,5,576.46,0.0,,,
EMM_h4s4f50c1n16.txt,GLCT,4,4,8,2,900.0,3,37.5,8,100.0,1,111.94,0.0,,,
EMM_h4s4f50c1n17.txt,GLCT,4,4,8,2,900.0,3,37.5,8,100.0,2,235.09,0.0,,,
EMM_h4s4f50c1n18.txt,GLCT,4,4,8,2,900.0,8,100.0,8,100.0,0,0.00,0.0,,,
EMM_h4s4f50c1n19.txt,GLCT,4,4,8,2,900.0,3,37.5,8,100.0,1,110.43,0.0,,,
EMM_h4s4f50c1n2.txt,GLCT,4,4,8,2,900.0,2,25.0,8,100.0,2,206.87,0.0,,,
EMM_h4s4f50c1n20.txt,GLCT,4,4,8,2,900.0,3,37.5,8,100.0,2,204.04,0.0,,,
EMM_h4s4f50c1n21.txt,GLCT,4,4,8,2,900.0,2,25.0,8,100.0,3,312.43,0.0,,,
EMM_h4s4f50c1n22.txt,GLCT,4,4,8,2,900.0,3,37.5,8,100.0,4,443.37,0.0,,,
EMM_h4s4f50c1n23.txt,GLCT,4,4,8,2,900.0,3,37.5,8,100.0,3,348.70,0.0,,,
EMM_h4s4f50c1n24.txt,GLCT,4,4,8,2,900.0,2,25.0,8,100.0,4,452.23,0.0,,,
EMM_h4s4f50c1n25.txt,GLCT,4,4,8,2,900.0,8,100.0,8,100.0,0,0.00,0.0,,,
EMM_h4s4f50c1n3.txt,GLCT,4,4,8,2,900.0,3,37.5,8,100.0,3,310.20,0.0,,,
EMM_h4s4f50c1n4.txt,GLCT,4,4,8,2,900.0,2,25.0,8,100.0,4,461.37,0.0,,,
EMM_h4s4f50c1n5.txt,GLCT,4,4,8,2,900.0,1,12.5,8,100.0,3,307.41,0.0,,,
EMM_h4s4f50c1n6.txt,GLCT,4,4,8,2,900.0,3,37.5,8,100.0,1,113.07,0.0,,,
EMM_h4s4f50c1n7.txt,GLCT,4,4,8,2,900.0,3,37.5,8,100.0,1,109.17,0.0,,,
EMM_h4s4f50c1n8.txt,GLCT,4,4,8,2,900.0,2,25.0,8,100.0,1,89.85,0.0,,,
EMM_h4s4f50c1n9.txt,GLCT,4,4,8,2,900.0,3,37.5,8,100.0,4,443.49,0.0,,,
EMM_h4s4f50c2n1.txt,GLCT,4,4,8,2,900.0,3,37.5,8,100.0,1,120.59,0.0,,,
EMM_h4s4f50c2n10.txt,GLCT,4,4,8,2,900.0,3,37.5,8,100.0,1,123.38,0.0,,,
EMM_h4s4f50c2n11.txt,GLCT,4,4,8,2,900.0,3,37.5,8,100.0,1,111.69,0.0,,,
EMM_h4s4f50c2n12.txt,GLCT,4,4,8,2,900.0,3,37.5,8,100.0,1,125.98,0.0,,,
EMM_h4s4f50c2n13.txt,GLCT,4,4,8,2,900.0,8,100.0,8,100.0,0,0.00,0.0,,,
EMM_h4s4f50c2n14.txt,GLCT,4,4,8,2,900.0,8,100.0,8,100.0,0,0.00,0.0,,,
EMM_h4s4f50c2n15.txt,GLCT,4,4,8,2,900.0,8,100.0,8,100.0,0,0.00,0.0,,,
EMM_h4s4f50c2n16.txt,GLCT,4,4,8,2,900.0,8,100.0,8,100.0,0,0.00,0.0,,,
EMM_h4s4f50c2n17.txt,GLCT,4,4,8,2,900.0,3,37.5,8,100.0,1,132.22,0.0,,,
EMM_h4s4f50c2n18.txt,GLCT,4,4,8,2,900.0,8,100.0,8,100.0,0,0.00,0.0,,,
EMM_h4s4f50c2n19.txt,GLCT,4,4,8,2,900.0,8,100.0,8,100.0,0,0.00,0.0,,,
EMM_h4s4f50c2n2.txt,GLCT,4,4,8,2,900.0,3,37.5,8,100.0,4,444.43,0.0,,,
EMM_h4s4f50c2n20.txt,GLCT,4,4,8,2,900.0,8,100.0,8,100.0,0,0.00,0.0,,,
EMM_h4s4f50c2n21.txt,GLCT,4,4,8,2,900.0,8,100.0,8,100.0,0,0.00,0.0,,,
EMM_h4s4f50c2n22.txt,GLCT,4,4,8,2,900.0,2,25.0,8,100.0,4,461.11,0.0,,,
EMM_h4s4f50c2n23.txt,GLCT,4,4,8,2,900.0,8,100.0,8,100.0,0,0.00,0.0,,,
EMM_h4s4f50c2n24.txt,GLCT,4,4,8,2,900.0,8,100.0,8,100.0,0,0.00,0.0,,,
EMM_h4s4f50c2n25.txt,GLCT,4,4,8,2,900.0,3,37.5,8,100.0,3,330.84,0.0,,,
EMM_h4s4f50c2n3.txt,GLCT,4,4,8,2,900.0,8,100.0,8,100.0,0,0.00,0.0,,,
EMM_h4s4f50c2n4.txt,GLCT,4,4,8,2,900.0,8,100.0,8,100.0,0,0.00,0.0,,,
EMM_h4s4f50c2n5.txt,GLCT,4,4,8,2,900.0,2,25.0,8,100.0,2,225.67,0.0,,,
EMM_h4s4f50c2n6.txt,GLCT,4,4,8,2,900.0,3,37.5,8,100.0,3,332.11,0.0,,,
EMM_h4s4f50c2n7.txt,GLCT,4,4,8,2,900.0,8,100.0,8,100.0,0,0.00,0.0,,,
EMM_h4s4f50c2n8.txt,GLCT,4,4,8,2,900.0,3,37.5,8,100.0,2,238.36,0.0,,,
EMM_h4s4f50c2n9.txt,GLCT,4,4,8,2,900.0,3,37.5,8,100.0,2,222.09,0.0,,,
EMM_h4s4f75c0n1.txt,GLCT,4,4,12,3,900.0,0,0.0,1,8.3,4,337.93,0.0,,,
EMM_h4s4f75c0n10.txt,GLCT,4,4,12,3,900.0,0,0.0,1,8.3,4,337.93,0.0,,,
EMM_h4s4f75c0n11.txt,GLCT,4,4,12,3,900.0,0,0.0,1,8.3,4,337.93,0.0,,,
EMM_h4s4f75c0n12.txt,GLCT,4,4,12,3,900.0,0,0.0,1,8.3,4,337.93,0.0,,,
EMM_h4s4f75c0n13.txt,GLCT,4,4,12,3,900.0,0,0.0,1,8.3,4,337.93,0.0,,,
EMM_h4s4f75c0n14.txt,GLCT,4,4,12,3,900.0,0,0.0,1,8.3,4,337.93,0.0,,,
EMM_h4s4f75c0n15.txt,GLCT,4,4,12,3,900.0,0,0.0,1,8.3,4,337.93,0.0,,,
EMM_h4s4f75c0n16.txt,GLCT,4,4,12,3,900.0,0,0.0,1,8.3,4,337.93,0.0,,,
EMM_h4s4f75c0n17.txt,GLCT,4,4,12,3,900.0,0,0.0,1,8.3,4,337.93,0.0,,,
EMM_h4s4f75c0n18.txt,GLCT,4,4,12,3,900.0,0,0.0,1,8.3,4,337.93,0.0,,,
EMM_h4s4f75c0n19.txt,GLCT,4,4,12,3,900.0,0,0.0,1,8.3,4,337.93,0.0,,,
EMM_h4s4f75c0n2.txt,GLCT,4,4,12,3,900.0,0,0.0,1,8.3,4,337.93,0.0,,,
EMM_h4s4f75c0n20.txt,GLCT,4,4,12,3,900.0,0,0.0,1,8.3,4,337.93,0.0,,,
EMM_h4s4f75c0n21.txt,GLCT,4,4,12,3,900.0,0,0.0,1,8.3,4,337.93,0.0,,,
EMM_h4s4f75c0n22.txt,GLCT,4,4,12,3,900.0,0,0.0,1,8.3,4,337.93,0.0,,,
EMM_h4s4f75c0n23.txt,GLCT,4,4,12,3,900.0,0,0.0,1,8.3,4,337.93,0.0,,,
EMM_h4s4f75c0n24.txt,GLCT,4,4,12,3,900.0,0,0.0,1,8.3,4,337.93,0.0,,,
EMM_h4s4f75c0n25.txt,GLCT,4,4,12,3,900.0,0,0.0,1,8.3,4,337.93,0.0,,,
EMM_h4s4f75c0n3.txt,GLCT,4,4,12,3,900.0,0,0.0,1,8.3,4,337.93,0.0,,,
EMM_h4s4f75c0n4.txt,GLCT,4,4,12,3,900.0,0,0.0,1,8.3,4,337.93,0.0,,,
EMM_h4s4f75c0n5.txt,GLCT,4,4,12,3,900.0,0,0.0,1,8.3,4,337.93,0.0,,,
EMM_h4s4f75c0n6.txt,GLCT,4,4,12,3,900.0,0,0.0,1,8.3,4,337.93,0.0,,,
EMM_h4s4f75c0n7.txt,GLCT,4,4,12,3,900.0,0,0.0,1,8.3,4,337.93,0.0,,,
EMM_h4s4f75c0n8.txt,GLCT,4,4,12,3,900.0,0,0.0,1,8.3,4,337.93,0.0,,,
EMM_h4s4f75c0n9.txt,GLCT,4,4,12,3,900.0,0,0.0,1,8.3,4,337.93,0.0,,,
EMM_h4s4f75c1n1.txt,GLCT,4,4,12,3,900.0,2,16.7,7,58.3,9,831.71,0.0,,,
EMM_h4s4f75c1n10.txt,GLCT,4,4,12,3,900.0,2,16.7,3,25.0,3,279.29,0.0,,,
EMM_h4s4f75c1n11.txt,GLCT,4,4,12,3,900.0,2,16.7,12,100.0,4,377.98,0.0,,,
EMM_h4s4f75c1n12.txt,GLCT,4,4,12,3,900.0,1,8.3,12,100.0,8,779.40,0.0,,,
EMM_h4s4f75c1n13.txt,GLCT,4,4,12,3,900.0,5,41.7,12,100.0,8,750.69,0.0,,,
EMM_h4s4f75c1n14.txt,GLCT,4,4,12,3,900.0,1,8.3,12,100.0,5,440.53,0.0,,,
EMM_h4s4f75c1n15.txt,GLCT,4,4,12,3,900.0,1,8.3,3,25.0,3,257.15,0.0,,,
EMM_h4s4f75c1n16.txt,GLCT,4,4,12,3,900.0,1,8.3,7,58.3,8,777.41,0.0,,,
EMM_h4s4f75c1n17.txt,GLCT,4,4,12,3,900.0,0,0.0,12,100.0,7,682.59,0.0,,,
EMM_h4s4f75c1n18.txt,GLCT,4,4,12,3,900.0,2,16.7,12,100.0,8,772.91,0.0,,,
EMM_h4s4f75c1n19.txt,GLCT,4,4,12,3,900.0,1,8.3,6,50.0,6,539.97,0.0,,,
EMM_h4s4f75c1n2.txt,GLCT,4,4,12,3,900.0,1,8.3,6,50.0,9,862.02,0.0,,,
EMM_h4s4f75c1n20.txt,GLCT,4,4,12,3,900.0,2,16.7,7,58.3,7,682.22,0.0,,,
EMM_h4s4f75c1n21.txt,GLCT,4,4,12,3,900.0,0,0.0,7,58.3,8,758.39,0.0,,,
EMM_h4s4f75c1n22.txt,GLCT,4,4,12,3,900.0,1,8.3,12,100.0,1,88.71,0.0,,,
EMM_h4s4f75c1n23.txt,GLCT,4,4,12,3,900.0,1,8.3,12,100.0,7,666.66,0.0,,,
EMM_h4s4f75c1n24.txt,GLCT,4,4,12,3,900.0,1,8.3,6,50.0,9,886.82,0.0,,,
EMM_h4s4f75c1n25.txt,GLCT,4,4,12,3,900.0,1,8.3,12,100.0,9,882.98,0.0,,,
EMM_h4s4f75c1n3.txt,GLCT,4,4,12,3,900.0,2,16.7,12,100.0,7,701.78,0.0,,,
EMM_h4s4f75c1n4.txt,GLCT,4,4,12,3,900.0,1,8.3,12,100.0,3,273.88,0.0,,,
EMM_h4s4f75c1n5.txt,GLCT,4,4,12,3,900.0,2,16.7,7,58.3,9,876.80,0.0,,,
EMM_h4s4f75c1n6.txt,GLCT,4,4,12,3,900.0,0,0.0,7,58.3,7,689.50,0.0,,,
EMM_h4s4f75c1n7.txt,GLCT,4,4,12,3,900.0,3,25.0,12,100.0,7,710.65,0.0,,,
EMM_h4s4f75c1n8.txt,GLCT,4,4,12,3,900.0,3,25.0,7,58.3,9,865.10,0.0,,,
EMM_h4s4f75c1n9.txt,GLCT,4,4,12,3,900.0,0,0.0,5,41.7,9,862.67,0.0,,,
EMM_h4s4f75c2n1.txt,GLCT,4,4,12,3,900.0,3,25.0,12,100.0,1,83.21,0.0,,,
EMM_h4s4f75c2n10.txt,GLCT,4,4,12,3,900.0,3,25.0,12,100.0,7,676.82,0.0,,,
EMM_h4s4f75c2n11.txt,GLCT,4,4,12,3,900.0,12,100.0,12,100.0,0,0.00,0.0,,,
EMM_h4s4f75c2n12.txt,GLCT,4,4,12,3,900.0,3,25.0,12,100.0,1,78.22,0.0,,,
EMM_h4s4f75c2n13.txt,GLCT,4,4,12,3,900.0,12,100.0,12,100.0,0,0.00,0.0,,,
EMM_h4s4f75c2n14.txt,GLCT,4,4,12,3,900.0,3,25.0,6,50.0,5,486.52,0.0,,,
EMM_h4s4f75c2n15.txt,GLCT,4,4,12,3,900.0,3,25.0,12,100.0,4,376.58,0.0,,,
EMM_h4s4f75c2n16.txt,GLCT,4,4,12,3,900.0,12,100.0,12,100.0,0,0.00,0.0,,,
EMM_h4s4f75c2n17.txt,GLCT,4,4,12,3,900.0,3,25.0,7,58.3,2,206.87,0.0,,,
EMM_h4s4f75c2n18.txt,GLCT,4,4,12,3,900.0,7,58.3,7,58.3,2,166.40,0.0,,,
EMM_h4s4f75c2n19.txt,GLCT,4,4,12,3,900.0,7,58.3,12,100.0,2,206.11,0.0,,,
EMM_h4s4f75c2n2.txt,GLCT,4,4,12,3,900.0,12,100.0,12,100.0,0,0.00,0.0,,,
EMM_h4s4f75c2n20.txt,GLCT,4,4,12,3,900.0,12,100.0,12,100.0,0,0.00,0.0,,,
EMM_h4s4f75c2n21.txt,GLCT,4,4,12,3,900.0,3,25.0,12,100.0,1,77.00,0.0,,,
EMM_h4s4f75c2n22.txt,GLCT,4,4,12,3,900.0,12,100.0,12,100.0,0,0.00,0.0,,,
EMM_h4s4f75c2n23.txt,GLCT,4,4,12,3,900.0,12,100.0,12,100.0,0,0.00,0.0,,,
EMM_h4s4f75c2n24.txt,GLCT,4,4,12,3,900.0,12,100.0,12,100.0,0,0.00,0.0,,,
EMM_h4s4f75c2n25.txt,GLCT,4,4,12,3,900.0,3,25.0,12,100.0,5,503.04,0.0,,,
EMM_h4s4f75c2n3.txt,GLCT,4,4,12,3,900.0,12,100.0,12,100.0,0,0.00,0.0,,,
EMM_h4s4f75c2n4.txt,GLCT,4,4,12,3,900.0,3,25.0,7,58.3,3,299.79,0.0,,,
EMM_h4s4f75c2n5.txt,GLCT,4,4,12,3,900.0,3,25.0,12,100.0,2,205.32,0.0,,,
EMM_h4s4f75c2n6.txt,GLCT,4,4,12,3,900.0,12,100.0,12,100.0,0,0.00,0.0,,,
EMM_h4s4f75c2n7.txt,GLCT,4,4,12,3,900.0,3,25.0,12,100.0,7,696.40,0.0,,,
EMM_h4s4f75c2n8.txt,GLCT,4,4,12,3,900.0,2,16.7,12,100.0,5,450.53,0.0,,,
EMM_h4s4f75c2n9.txt,GLCT,4,4,12,3,900.0,3,25.0,12,100.0,6,578.52,0.0,,,
EMM_h4s7f50c0n1.txt,GLCT,7,4,14,4,900.0,1,7.1,6,42.9,7,747.86,0.0,,,
EMM_h4s7f50c0n10.txt,GLCT,7,4,14,4,900.0,1,7.1,7,50.0,8,899.13,0.0,,,
EMM_h4s7f50c0n11.txt,GLCT,7,4,14,4,900.0,1,7.1,7,50.0,8,857.64,0.0,,,
EMM_h4s7f50c0n12.txt,GLCT,7,4,14,4,900.0,0,0.0,14,100.0,8,875.24,0.0,,,
EMM_h4s7f50c0n13.txt,GLCT,7,4,14,4,900.0,1,7.1,7,50.0,7,808.18,0.0,,,
EMM_h4s7f50c0n14.txt,GLCT,7,4,14,4,900.0,1,7.1,7,50.0,8,859.86,0.0,,,
EMM_h4s7f50c0n15.txt,GLCT,7,4,14,4,900.0,2,14.3,7,50.0,8,868.12,0.0,,,
EMM_h4s7f50c0n16.txt,GLCT,7,4,14,4,900.0,2,14.3,6,42.9,7,768.29,0.0,,,
EMM_h4s7f50c0n17.txt,GLCT,7,4,14,4,900.0,0,0.0,6,42.9,7,839.51,0.0,,,
EMM_h4s7f50c0n18.txt,GLCT,7,4,14,4,900.0,1,7.1,7,50.0,8,872.90,0.0,,,
EMM_h4s7f50c0n19.txt,GLCT,7,4,14,4,900.0,1,7.1,6,42.9,7,817.32,0.0,,,
EMM_h4s7f50c0n2.txt,GLCT,7,4,14,4,900.0,1,7.1,6,42.9,8,858.98,0.0,,,
EMM_h4s7f50c0n20.txt,GLCT,7,4,14,4,900.0,0,0.0,7,50.0,7,804.70,0.0,,,
EMM_h4s7f50c0n21.txt,GLCT,7,4,14,4,900.0,1,7.1,7,50.0,8,851.29,0.0,,,
EMM_h4s7f50c0n22.txt,GLCT,7,4,14,4,900.0,1,7.1,7,50.0,6,657.90,0.0,,,
EMM_h4s7f50c0n23.txt,GLCT,7,4,14,4,900.0,1,7.1,5,35.7,8,895.22,0.0,,,
EMM_h4s7f50c0n24.txt,GLCT,7,4,14,4,900.0,0,0.0,7,50.0,8,888.16,0.0,,,
EMM_h4s7f50c0n25.txt,GLCT,7,4,14,4,900.0,0,0.0,6,42.9,8,873.88,0.0,,,
EMM_h4s7f50c0n3.txt,GLCT,7,4,14,4,900.0,1,7.1,6,42.9,8,887.95,0.0,,,
EMM_h4s7f50c0n4.txt,GLCT,7,4,14,4,900.0,0,0.0,7,50.0,7,764.95,0.0,,,
EMM_h4s7f50c0n5.txt,GLCT,7,4,14,4,900.0,0,0.0,6,42.9,8,877.93,0.0,,,
EMM_h4s7f50c0n6.txt,GLCT,7,4,14,4,900.0,0,0.0,5,35.7,7,735.14,0.0,,,
EMM_h4s7f50c0n7.txt,GLCT,7,4,14,4,900.0,1,7.1,6,42.9,8,867.38,0.0,,,
EMM_h4s7f50c0n8.txt,GLCT,7,4,14,4,900.0,1,7.1,6,42.9,8,844.76,0.0,,,
EMM_h4s7f50c0n9.txt,GLCT,7,4,14,4,900.0,1,7.1,9,64.3,8,874.75,0.0,,,
EMM_h4s7f50c1n1.txt,GLCT,7,4,14,4,900.0,0,0.0,10,71.4,8,859.30,0.0,,,
EMM_h4s7f50c1n10.txt,GLCT,7,4,14,4,900.0,2,14.3,14,100.0,5,582.34,0.0,,,
EMM_h4s7f50c1n11.txt,GLCT,7,4,14,4,900.0,3,21.4,14,100.0,4,464.59,0.0,,,
EMM_h4s7f50c1n12.txt,GLCT,7,4,14,4,900.0,1,7.1,14,100.0,4,416.91,0.0,,,
EMM_h4s7f50c1n13.txt,GLCT,7,4,14,4,900.0,3,21.4,14,100.0,6,684.77,0.0,,,
EMM_h4s7f50c1n14.txt,GLCT,7,4,14,4,900.0,3,21.4,14,100.0,5,558.55,0.0,,,
EMM_h4s7f50c1n15.txt,GLCT,7,4,14,4,900.0,3,21.4,14,100.0,7,824.78,0.0,,,
EMM_h4s7f50c1n16.txt,GLCT,7,4,14,4,900.0,2,14.3,14,100.0,5,610.83,0.0,,,
EMM_h4s7f50c1n17.txt,GLCT,7,4,14,4,900.0,14,100.0,14,100.0,0,0.00,0.0,,,
EMM_h4s7f50c1n18.txt,GLCT,7,4,14,4,900.0,3,21.4,14,100.0,4,467.98,0.0,,,
EMM_h4s7f50c1n19.txt,GLCT,7,4,14,4,900.0,14,100.0,14,100.0,0,0.00,0.0,,,
EMM_h4s7f50c1n2.txt,GLCT,7,4,14,4,900.0,3,21.4,14,100.0,7,757.93,0.0,,,
EMM_h4s7f50c1n20.txt,GLCT,7,4,14,4,900.0,3,21.4,14,100.0,7,775.19,0.0,,,
EMM_h4s7f50c1n21.txt,GLCT,7,4,14,4,900.0,1,7.1,14,100.0,3,334.43,0.0,,,
EMM_h4s7f50c1n22.txt,GLCT,7,4,14,4,900.0,1,7.1,14,100.0,3,358.04,0.0,,,
EMM_h4s7f50c1n23.txt,GLCT,7,4,14,4,900.0,3,21.4,14,100.0,7,810.60,0.0,,,
EMM_h4s7f50c1n24.txt,GLCT,7,4,14,4,900.0,2,14.3,14,100.0,2,217.99,0.0,,,
EMM_h4s7f50c1n25.txt,GLCT,7,4,14,4,900.0,1,7.1,10,71.4,7,789.23,0.0,,,
EMM_h4s7f50c1n3.txt,GLCT,7,4,14,4,900.0,2,14.3,14,100.0,5,555.55,0.0,,,
EMM_h4s7f50c1n4.txt,GLCT,7,4,14,4,900.0,1,7.1,7,50.0,7,764.12,0.0,,,
EMM_h4s7f50c1n5.txt,GLCT,7,4,14,4,900.0,1,7.1,14,100.0,5,539.36,0.0,,,
EMM_h4s7f50c1n6.txt,GLCT,7,4,14,4,900.0,3,21.4,14,100.0,1,123.37,0.0,,,
EMM_h4s7f50c1n7.txt,GLCT,7,4,14,4,900.0,3,21.4,14,100.0,2,229.29,0.0,,,
EMM_h4s7f50c1n8.txt,GLCT,7,4,14,4,900.0,2,14.3,14,100.0,4,418.83,0.0,,,
EMM_h4s7f50c1n9.txt,GLCT,7,4,14,4,900.0,3,21.4,14,100.0,5,573.85,0.0,,,
EMM_h4s7f50c2n1.txt,GLCT,7,4,14,4,900.0,7,50.0,14,100.0,2,235.73,0.0,,,
EMM_h4s7f50c2n10.txt,GLCT,7,4,14,4,900.0,14,100.0,14,100.0,0,0.00,0.0,,,
EMM_h4s7f50c2n11.txt,GLCT,7,4,14,4,900.0,7,50.0,14,100.0,1,125.53,0.0,,,
EMM_h4s7f50c2n12.txt,GLCT,7,4,14,4,900.0,7,50.0,14,100.0,4,451.95,0.0,,,
EMM_h4s7f50c2n13.txt,GLCT,7,4,14,4,900.0,3,21.4,14,100.0,7,791.85,0.0,,,
EMM_h4s7f50c2n14.txt,GLCT,7,4,14,4,900.0,7,50.0,14,100.0,2,239.79,0.0,,,
EMM_h4s7f50c2n15.txt,GLCT,7,4,14,4,900.0,14,100.0,14,100.0,0,0.00,0.0,,,
EMM_h4s7f50c2n16.txt,GLCT,7,4,14,4,900.0,3,21.4,14,100.0,8,898.49,0.0,,,
EMM_h4s7f50c2n17.txt,GLCT,7,4,14,4,900.0,3,21.4,14,100.0,7,819.14,0.0,,,
EMM_h4s7f50c2n18.txt,GLCT,7,4,14,4,900.0,3,21.4,14,100.0,4,471.31,0.0,,,
EMM_h4s7f50c2n19.txt,GLCT,7,4,14,4,900.0,7,50.0,14,100.0,4,465.48,0.0,,,
EMM_h4s7f50c2n2.txt,GLCT,7,4,14,4,900.0,3,21.4,9,64.3,7,812.77,0.0,,,
EMM_h4s7f50c2n20.txt,GLCT,7,4,14,4,900.0,14,100.0,14,100.0,0,0.00,0.0,,,
EMM_h4s7f50c2n21.txt,GLCT,7,4,14,4,900.0,10,71.4,14,100.0,2,229.43,0.0,,,
EMM_h4s7f50c2n22.txt,GLCT,7,4,14,4,900.0,7,50.0,10,71.4,6,718.68,0.0,,,
EMM_h4s7f50c2n23.txt,GLCT,7,4,14,4,900.0,3,21.4,10,71.4,7,825.32,0.0,,,
EMM_h4s7f50c2n24.txt,GLCT,7,4,14,4,900.0,14,100.0,14,100.0,0,0.00,0.0,,,
EMM_h4s7f50c2n25.txt,GLCT,7,4,14,4,900.0,7,50.0,14,100.0,3,385.43,0.0,,,
EMM_h4s7f50c2n3.txt,GLCT,7,4,14,4,900.0,3,21.4,14,100.0,3,373.46,0.0,,,
EMM_h4s7f50c2n4.txt,GLCT,7,4,14,4,900.0,7,50.0,14,100.0,6,747.00,0.0,,,
EMM_h4s7f50c2n5.txt,GLCT,7,4,14,4,900.0,7,50.0,14,100.0,1,110.43,0.0,,,
EMM_h4s7f50c2n6.txt,GLCT,7,4,14,4,900.0,6,42.9,10,71.4,7,806.75,0.0,,,
EMM_h4s7f50c2n7.txt,GLCT,7,4,14,4,900.0,2,14.3,10,71.4,6,680.79,0.0,,,
EMM_h4s7f50c2n8.txt,GLCT,7,4,14,4,900.0,7,50.0,14,100.0,2,235.48,0.0,,,
EMM_h4s7f50c2n9.txt,GLCT,7,4,14,4,900.0,3,21.4,14,100.0,3,333.75,0.0,,,
EMM_h4s7f75c0n1.txt,GLCT,7,4,21,6,900.0,0,0.0,3,14.3,8,847.88,0.0,,,
EMM_h4s7f75c0n10.txt,GLCT,7,4,21,6,900.0,0,0.0,3,14.3,8,859.14,0.0,,,
EMM_h4s7f75c0n11.txt,GLCT,7,4,21,6,900.0,0,0.0,4,19.0,8,830.15,0.0,,,
EMM_h4s7f75c0n12.txt,GLCT,7,4,21,6,900.0,0,0.0,3,14.3,8,852.21,0.0,,,
EMM_h4s7f75c0n13.txt,GLCT,7,4,21,6,900.0,0,0.0,3,14.3,8,836.02,0.0,,,
EMM_h4s7f75c0n14.txt,GLCT,7,4,21,6,900.0,0,0.0,4,19.0,8,842.46,0.0,,,
EMM_h4s7f75c0n15.txt,GLCT,7,4,21,6,900.0,0,0.0,4,19.0,9,877.65,0.0,,,
EMM_h4s7f75c0n16.txt,GLCT,7,4,21,6,900.0,0,0.0,3,14.3,8,855.07,0.0,,,
EMM_h4s7f75c0n17.txt,GLCT,7,4,21,6,900.0,0,0.0,3,14.3,8,826.00,0.0,,,
EMM_h4s7f75c0n18.txt,GLCT,7,4,21,6,900.0,0,0.0,4,19.0,8,875.34,0.0,,,
EMM_h4s7f75c0n19.txt,GLCT,7,4,21,6,900.0,0,0.0,4,19.0,8,833.40,0.0,,,
EMM_h4s7f75c0n2.txt,GLCT,7,4,21,6,900.0,0,0.0,3,14.3,8,826.67,0.0,,,
EMM_h4s7f75c0n20.txt,GLCT,7,4,21,6,900.0,0,0.0,3,14.3,8,852.49,0.0,,,
EMM_h4s7f75c0n21.txt,GLCT,7,4,21,6,900.0,0,0.0,3,14.3,8,870.13,0.0,,,
EMM_h4s7f75c0n22.txt,GLCT,7,4,21,6,900.0,0,0.0,3,14.3,8,831.03,0.0,,,
EMM_h4s7f75c0n23.txt,GLCT,7,4,21,6,900.0,0,0.0,3,14.3,8,821.39,0.0,,,
EMM_h4s7f75c0n24.txt,GLCT,7,4,21,6,900.0,0,0.0,3,14.3,8,863.64,0.0,,,
EMM_h4s7f75c0n25.txt,GLCT,7,4,21,6,900.0,0,0.0,3,14.3,8,847.68,0.0,,,
EMM_h4s7f75c0n3.txt,GLCT,7,4,21,6,900.0,0,0.0,3,14.3,8,835.77,0.0,,,
EMM_h4s7f75c0n4.txt,GLCT,7,4,21,6,900.0,0,0.0,3,14.3,8,845.49,0.0,,,
EMM_h4s7f75c0n5.txt,GLCT,7,4,21,6,900.0,0,0.0,3,14.3,8,840.50,0.0,,,
EMM_h4s7f75c0n6.txt,GLCT,7,4,21,6,900.0,0,0.0,3,14.3,8,859.11,0.0,,,
EMM_h4s7f75c0n7.txt,GLCT,7,4,21,6,900.0,0,0.0,3,14.3,8,871.21,0.0,,,
EMM_h4s7f75c0n8.txt,GLCT,7,4,21,6,900.0,0,0.0,3,14.3,8,842.07,0.0,,,
EMM_h4s7f75c0n9.txt,GLCT,7,4,21,6,900.0,0,0.0,4,19.0,8,834.62,0.0,,,
EMM_h4s7f75c1n1.txt,GLCT,7,4,21,6,900.0,1,4.8,10,47.6,9,898.25,0.0,,,
EMM_h4s7f75c1n10.txt,GLCT,7,4,21,6,900.0,0,0.0,9,42.9,9,879.06,0.0,,,
EMM_h4s7f75c1n11.txt,GLCT,7,4,21,6,900.0,2,9.5,6,28.6,8,791.69,0.0,,,
EMM_h4s7f75c1n12.txt,GLCT,7,4,21,6,900.0,3,14.3,9,42.9,7,743.98,0.0,,,
EMM_h4s7f75c1n13.txt,GLCT,7,4,21,6,900.0,1,4.8,10,47.6,9,854.70,0.0,,,
EMM_h4s7f75c1n14.txt,GLCT,7,4,21,6,900.0,1,4.8,10,47.6,9,877.96,0.0,,,
EMM_h4s7f75c1n15.txt,GLCT,7,4,21,6,900.0,2,9.5,6,28.6,9,866.19,0.0,,,
EMM_h4s7f75c1n16.txt,GLCT,7,4,21,6,900.0,1,4.8,13,61.9,8,851.76,0.0,,,
EMM_h4s7f75c1n17.txt,GLCT,7,4,21,6,900.0,4,19.0,7,33.3,8,801.48,0.0,,,
EMM_h4s7f75c1n18.txt,GLCT,7,4,21,6,900.0,1,4.8,6,28.6,8,757.81,0.0,,,
EMM_h4s7f75c1n19.txt,GLCT,7,4,21,6,900.0,0,0.0,7,33.3,9,880.55,0.0,,,
EMM_h4s7f75c1n2.txt,GLCT,7,4,21,6,900.0,2,9.5,10,47.6,7,749.11,0.0,,,
EMM_h4s7f75c1n20.txt,GLCT,7,4,21,6,900.0,3,14.3,6,28.6,8,826.59,0.0,,,
EMM_h4s7f75c1n21.txt,GLCT,7,4,21,6,900.0,2,9.5,10,47.6,8,818.40,0.0,,,
EMM_h4s7f75c1n22.txt,GLCT,7,4,21,6,900.0,1,4.8,7,33.3,8,859.70,0.0,,,
EMM_h4s7f75c1n23.txt,GLCT,7,4,21,6,900.0,1,4.8,7,33.3,8,864.91,0.0,,,
EMM_h4s7f75c1n24.txt,GLCT,7,4,21,6,900.0,3,14.3,7,33.3,8,833.70,0.0,,,
EMM_h4s7f75c1n25.txt,GLCT,7,4,21,6,900.0,2,9.5,12,57.1,9,842.20,0.0,,,
EMM_h4s7f75c1n3.txt,GLCT,7,4,21,6,900.0,0,0.0,11,52.4,9,871.75,0.0,,,
EMM_h4s7f75c1n4.txt,GLCT,7,4,21,6,900.0,2,9.5,7,33.3,9,877.75,0.0,,,
EMM_h4s7f75c1n5.txt,GLCT,7,4,21,6,900.0,2,9.5,11,52.4,8,843.26,0.0,,,
EMM_h4s7f75c1n6.txt,GLCT,7,4,21,6,900.0,1,4.8,6,28.6,8,854.40,0.0,,,
EMM_h4s7f75c1n7.txt,GLCT,7,4,21,6,900.0,3,14.3,7,33.3,7,738.78,0.0,,,
EMM_h4s7f75c1n8.txt,GLCT,7,4,21,6,900.0,2,9.5,13,61.9,9,896.72,0.0,,,
EMM_h4s7f75c1n9.txt,GLCT,7,4,21,6,900.0,3,14.3,10,47.6,9,832.18,0.0,,,
EMM_h4s7f75c2n1.txt,GLCT,7,4,21,6,900.0,2,9.5,16,76.2,9,878.02,0.0,,,
EMM_h4s7f75c2n10.txt,GLCT,7,4,21,6,900.0,7,33.3,21,100.0,3,318.93,0.0,,,
EMM_h4s7f75c2n11.txt,GLCT,7,4,21,6,900.0,2,9.5,14,66.7,7,743.03,0.0,,,
EMM_h4s7f75c2n12.txt,GLCT,7,4,21,6,900.0,7,33.3,21,100.0,6,618.92,0.0,,,
EMM_h4s7f75c2n13.txt,GLCT,7,4,21,6,900.0,7,33.3,21,100.0,5,518.10,0.0,,,
EMM_h4s7f75c2n14.txt,GLCT,7,4,21,6,900.0,3,14.3,14,66.7,9,899.02,0.0,,,
EMM_h4s7f75c2n15.txt,GLCT,7,4,21,6,900.0,7,33.3,17,81.0,8,809.51,0.0,,,
EMM_h4s7f75c2n16.txt,GLCT,7,4,21,6,900.0,14,66.7,21,100.0,6,624.89,0.0,,,
EMM_h4s7f75c2n17.txt,GLCT,7,4,21,6,900.0,2,9.5,14,66.7,7,669.11,0.0,,,
EMM_h4s7f75c2n18.txt,GLCT,7,4,21,6,900.0,3,14.3,21,100.0,5,486.18,0.0,,,
EMM_h4s7f75c2n19.txt,GLCT,7,4,21,6,900.0,11,52.4,21,100.0,3,331.96,0.0,,,
EMM_h4s7f75c2n2.txt,GLCT,7,4,21,6,900.0,1,4.8,17,81.0,9,879.64,0.0,,,
EMM_h4s7f75c2n20.txt,GLCT,7,4,21,6,900.0,2,9.5,17,81.0,9,879.26,0.0,,,
EMM_h4s7f75c2n21.txt,GLCT,7,4,21,6,900.0,1,4.8,21,100.0,7,612.99,0.0,,,
EMM_h4s7f75c2n22.txt,GLCT,7,4,21,6,900.0,3,14.3,17,81.0,9,899.64,0.0,,,
EMM_h4s7f75c2n23.txt,GLCT,7,4,21,6,900.0,2,9.5,17,81.0,8,763.35,0.0,,,
EMM_h4s7f75c2n24.txt,GLCT,7,4,21,6,900.0,2,9.5,14,66.7,7,688.01,0.0,,,
EMM_h4s7f75c2n25.txt,GLCT,7,4,21,6,900.0,2,9.5,13,61.9,9,853.88,0.0,,,
EMM_h4s7f75c2n3.txt,GLCT,7,4,21,6,900.0,6,28.6,14,66.7,7,707.44,0.0,,,
EMM_h4s7f75c2n4.txt,GLCT,7,4,21,6,900.0,2,9.5,14,66.7,9,860.68,0.0,,,
EMM_h4s7f75c2n5.txt,GLCT,7,4,21,6,900.0,3,14.3,11,52.4,8,801.16,0.0,,,
EMM_h4s7f75c2n6.txt,GLCT,7,4,21,6,900.0,7,33.3,21,100.0,5,489.14,0.0,,,
EMM_h4s7f75c2n7.txt,GLCT,7,4,21,6,900.0,2,9.5,9,42.9,9,889.20,0.0,,,
EMM_h4s7f75c2n8.txt,GLCT,7,4,21,6,900.0,7,33.3,21,100.0,1,101.56,0.0,,,
EMM_h4s7f75c2n9.txt,GLCT,7,4,21,6,900.0,3,14.3,16,76.2,8,796.49,0.0,,,
EMM_h4s10f50c0n1.txt,GLCT,10,4,20,5,1200.0,0,0.0,11,55.0,10,1110.58,0.0,,,
EMM_h4s10f50c0n10.txt,GLCT,10,4,20,5,1200.0,1,5.0,11,55.0,11,1179.33,0.0,,,
EMM_h4s10f50c0n11.txt,GLCT,10,4,20,5,1200.0,0,0.0,10,50.0,10,1089.12,0.0,,,
EMM_h4s10f50c0n12.txt,GLCT,10,4,20,5,1200.0,1,5.0,7,35.0,10,1148.20,0.0,,,
EMM_h4s10f50c0n13.txt,GLCT,10,4,20,5,1200.0,1,5.0,20,100.0,9,1008.36,0.0,,,
EMM_h4s10f50c0n14.txt,GLCT,10,4,20,5,1200.0,1,5.0,15,75.0,11,1175.15,0.0,,,
EMM_h4s10f50c0n15.txt,GLCT,10,4,20,5,1200.0,0,0.0,10,50.0,10,1112.65,0.0,,,
EMM_h4s10f50c0n16.txt,GLCT,10,4,20,5,1200.0,0,0.0,7,35.0,9,1037.11,0.0,,,
EMM_h4s10f50c0n17.txt,GLCT,10,4,20,5,1200.0,0,0.0,9,45.0,10,1135.47,0.0,,,
EMM_h4s10f50c0n18.txt,GLCT,10,4,20,5,1200.0,0,0.0,9,45.0,10,1138.37,0.0,,,
EMM_h4s10f50c0n19.txt,GLCT,10,4,20,5,1200.0,0,0.0,14,70.0,10,1079.94,0.0,,,
EMM_h4s10f50c0n2.txt,GLCT,10,4,20,5,1200.0,0,0.0,9,45.0,10,1118.80,0.0,,,
EMM_h4s10f50c0n20.txt,GLCT,10,4,20,5,1200.0,0,0.0,10,50.0,10,1107.64,0.0,,,
EMM_h4s10f50c0n21.txt,GLCT,10,4,20,5,1200.0,0,0.0,15,75.0,10,1175.81,0.0,,,
EMM_h4s10f50c0n22.txt,GLCT,10,4,20,5,1200.0,0,0.0,10,50.0,9,1048.33,0.0,,,
EMM_h4s10f50c0n23.txt,GLCT,10,4,20,5,1200.0,1,5.0,10,50.0,10,1152.20,0.0,,,
EMM_h4s10f50c0n24.txt,GLCT,10,4,20,5,1200.0,0,0.0,11,55.0,11,1173.83,0.0,,,
EMM_h4s10f50c0n25.txt,GLCT,10,4,20,5,1200.0,1,5.0,14,70.0,11,1159.08,0.0,,,
EMM_h4s10f50c0n3.txt,GLCT,10,4,20,5,1200.0,0,0.0,10,50.0,10,1162.37,0.0,,,
EMM_h4s10f50c0n4.txt,GLCT,10,4,20,5,1200.0,0,0.0,7,35.0,9,1042.32,0.0,,,
EMM_h4s10f50c0n5.txt,GLCT,10,4,20,5,1200.0,1,5.0,8,40.0,10,1164.95,0.0,,,
EMM_h4s10f50c0n6.txt,GLCT,10,4,20,5,1200.0,0,0.0,11,55.0,10,1166.94,0.0,,,
EMM_h4s10f50c0n7.txt,GLCT,10,4,20,5,1200.0,2,10.0,10,50.0,10,1118.00,0.0,,,
EMM_h4s10f50c0n8.txt,GLCT,10,4,20,5,1200.0,1,5.0,15,75.0,10,1111.32,0.0,,,
EMM_h4s10f50c0n9.txt,GLCT,10,4,20,5,1200.0,1,5.0,15,75.0,9,1046.81,0.0,,,
EMM_h4s10f50c1n1.txt,GLCT,10,4,20,5,1200.0,5,25.0,20,100.0,10,1176.55,0.0,,,
EMM_h4s10f50c1n10.txt,GLCT,10,4,20,5,1200.0,2,10.0,11,55.0,10,1099.84,0.0,,,
EMM_h4s10f50c1n11.txt,GLCT,10,4,20,5,1200.0,0,0.0,20,100.0,10,1099.35,0.0,,,
EMM_h4s10f50c1n12.txt,GLCT,10,4,20,5,1200.0,2,10.0,20,100.0,10,1157.49,0.0,,,
EMM_h4s10f50c1n13.txt,GLCT,10,4,20,5,1200.0,0,0.0,20,100.0,9,1047.21,0.0,,,
EMM_h4s10f50c1n14.txt,GLCT,10,4,20,5,1200.0,2,10.0,20,100.0,8,883.83,0.0,,,
EMM_h4s10f50c1n15.txt,GLCT,10,4,20,5,1200.0,3,15.0,20,100.0,8,900.10,0.0,,,
EMM_h4s10f50c1n16.txt,GLCT,10,4,20,5,1200.0,2,10.0,20,100.0,9,1064.35,0.0,,,
EMM_h4s10f50c1n17.txt,GLCT,10,4,20,5,1200.0,2,10.0,15,75.0,11,1142.73,0.0,,,
EMM_h4s10f50c1n18.txt,GLCT,10,4,20,5,1200.0,2,10.0,20,100.0,9,1012.11,0.0,,,
EMM_h4s10f50c1n19.txt,GLCT,10,4,20,5,1200.0,2,10.0,20,100.0,9,1124.66,0.0,,,
EMM_h4s10f50c1n2.txt,GLCT,10,4,20,5,1200.0,2,10.0,15,75.0,10,1194.45,0.0,,,
EMM_h4s10f50c1n20.txt,GLCT,10,4,20,5,1200.0,3,15.0,15,75.0,9,1014.33,0.0,,,
EMM_h4s10f50c1n21.txt,GLCT,10,4,20,5,1200.0,0,0.0,11,55.0,10,1073.54,0.0,,,
EMM_h4s10f50c1n22.txt,GLCT,10,4,20,5,1200.0,3,15.0,20,100.0,8,951.29,0.0,,,
EMM_h4s10f50c1n23.txt,GLCT,10,4,20,5,1200.0,2,10.0,20,100.0,10,1137.99,0.0,,,
EMM_h4s10f50c1n24.txt,GLCT,10,4,20,5,1200.0,2,10.0,20,100.0,5,558.02,0.0,,,
EMM_h4s10f50c1n25.txt,GLCT,10,4,20,5,1200.0,2,10.0,20,100.0,4,488.72,0.0,,,
EMM_h4s10f50c1n3.txt,GLCT,10,4,20,5,1200.0,2,10.0,20,100.0,7,840.05,0.0,,,
EMM_h4s10f50c1n4.txt,GLCT,10,4,20,5,1200.0,1,5.0,20,100.0,6,712.65,0.0,,,
EMM_h4s10f50c1n5.txt,GLCT,10,4,20,5,1200.0,1,5.0,15,75.0,11,1188.33,0.0,,,
EMM_h4s10f50c1n6.txt,GLCT,10,4,20,5,1200.0,2,10.0,14,70.0,10,1172.81,0.0,,,
EMM_h4s10f50c1n7.txt,GLCT,10,4,20,5,1200.0,2,10.0,11,55.0,10,1163.36,0.0,,,
EMM_h4s10f50c1n8.txt,GLCT,10,4,20,5,1200.0,1,5.0,15,75.0,10,1171.15,0.0,,,
EMM_h4s10f50c1n9.txt,GLCT,10,4,20,5,1200.0,3,15.0,11,55.0,9,1101.02,0.0,,,
EMM_h4s10f50c2n1.txt,GLCT,10,4,20,5,1200.0,3,15.0,20,100.0,8,985.16,0.0,,,
EMM_h4s10f50c2n10.txt,GLCT,10,4,20,5,1200.0,3,15.0,20,100.0,4,517.40,0.0,,,
EMM_h4s10f50c2n11.txt,GLCT,10,4,20,5,1200.0,3,15.0,20,100.0,1,111.75,0.0,,,
EMM_h4s10f50c2n12.txt,GLCT,10,4,20,5,1200.0,6,30.0,20,100.0,6,697.84,0.0,,,
EMM_h4s10f50c2n13.txt,GLCT,10,4,20,5,1200.0,2,10.0,20,100.0,6,677.77,0.0,,,
EMM_h4s10f50c2n14.txt,GLCT,10,4,20,5,1200.0,3,15.0,20,100.0,6,693.25,0.0,,,
EMM_h4s10f50c2n15.txt,GLCT,10,4,20,5,1200.0,7,35.0,20,100.0,1,132.29,0.0,,,
EMM_h4s10f50c2n16.txt,GLCT,10,4,20,5,1200.0,7,35.0,20,100.0,3,390.22,0.0,,,
EMM_h4s10f50c2n17.txt,GLCT,10,4,20,5,1200.0,6,30.0,20,100.0,5,597.17,0.0,,,
EMM_h4s10f50c2n18.txt,GLCT,10,4,20,5,1200.0,6,30.0,20,100.0,10,1190.09,0.0,,,
EMM_h4s10f50c2n19.txt,GLCT,10,4,20,5,1200.0,3,15.0,20,100.0,5,574.78,0.0,,,
EMM_h4s10f50c2n2.txt,GLCT,10,4,20,5,1200.0,7,35.0,20,100.0,9,1050.70,0.0,,,
EMM_h4s10f50c2n20.txt,GLCT,10,4,20,5,1200.0,6,30.0,20,100.0,6,706.02,0.0,,,
EMM_h4s10f50c2n21.txt,GLCT,10,4,20,5,1200.0,5,25.0,20,100.0,7,820.82,0.0,,,
EMM_h4s10f50c2n22.txt,GLCT,10,4,20,5,1200.0,3,15.0,20,100.0,5,581.97,0.0,,,
EMM_h4s10f50c2n23.txt,GLCT,10,4,20,5,1200.0,3,15.0,20,100.0,1,88.71,0.0,,,
EMM_h4s10f50c2n24.txt,GLCT,10,4,20,5,1200.0,3,15.0,20,100.0,2,228.42,0.0,,,
EMM_h4s10f50c2n25.txt,GLCT,10,4,20,5,1200.0,11,55.0,20,100.0,1,113.07,0.0,,,
EMM_h4s10f50c2n3.txt,GLCT,10,4,20,5,1200.0,3,15.0,20,100.0,7,780.21,0.0,,,
EMM_h4s10f50c2n4.txt,GLCT,10,4,20,5,1200.0,7,35.0,20,100.0,3,388.06,0.0,,,
EMM_h4s10f50c2n5.txt,GLCT,10,4,20,5,1200.0,3,15.0,20,100.0,9,1072.84,0.0,,,
EMM_h4s10f50c2n6.txt,GLCT,10,4,20,5,1200.0,11,55.0,20,100.0,4,503.93,0.0,,,
EMM_h4s10f50c2n7.txt,GLCT,10,4,20,5,1200.0,10,50.0,20,100.0,5,543.06,0.0,,,
EMM_h4s10f50c2n8.txt,GLCT,10,4,20,5,1200.0,3,15.0,20,100.0,2,238.37,0.0,,,
EMM_h4s10f50c2n9.txt,GLCT,10,4,20,5,1200.0,11,55.0,20,100.0,1,139.80,0.0,,,
EMM_h4s10f75c0n1.txt,GLCT,10,4,30,8,1200.0,0,0.0,4,13.3,11,1185.43,0.0,,,
EMM_h4s10f75c0n10.txt,GLCT,10,4,30,8,1200.0,0,0.0,4,13.3,11,1172.22,0.0,,,
EMM_h4s10f75c0n11.txt,GLCT,10,4,30,8,1200.0,0,0.0,4,13.3,11,1188.12,0.0,,,
EMM_h4s10f75c0n12.txt,GLCT,10,4,30,8,1200.0,0,0.0,4,13.3,11,1123.83,0.1,,,
EMM_h4s10f75c0n13.txt,GLCT,10,4,30,8,1200.0,0,0.0,4,13.3,11,1186.52,0.0,,,
EMM_h4s10f75c0n14.txt,GLCT,10,4,30,8,1200.0,0,0.0,4,13.3,11,1130.31,0.0,,,
EMM_h4s10f75c0n15.txt,GLCT,10,4,30,8,1200.0,0,0.0,4,13.3,11,1190.83,0.0,,,
EMM_h4s10f75c0n16.txt,GLCT,10,4,30,8,1200.0,0,0.0,4,13.3,11,1122.86,0.0,,,
EMM_h4s10f75c0n17.txt,GLCT,10,4,30,8,1200.0,0,0.0,4,13.3,11,1174.05,0.0,,,
EMM_h4s10f75c0n18.txt,GLCT,10,4,30,8,1200.0,0,0.0,4,13.3,11,1162.70,0.0,,,
EMM_h4s10f75c0n19.txt,GLCT,10,4,30,8,1200.0,0,0.0,4,13.3,11,1157.73,0.0,,,
EMM_h4s10f75c0n2.txt,GLCT,10,4,30,8,1200.0,0,0.0,4,13.3,11,1142.60,0.0,,,
EMM_h4s10f75c0n20.txt,GLCT,10,4,30,8,1200.0,0,0.0,4,13.3,11,1178.65,0.0,,,
EMM_h4s10f75c0n21.txt,GLCT,10,4,30,8,1200.0,0,0.0,4,13.3,11,1187.43,0.0,,,
EMM_h4s10f75c0n22.txt,GLCT,10,4,30,8,1200.0,0,0.0,4,13.3,11,1119.86,0.0,,,
EMM_h4s10f75c0n23.txt,GLCT,10,4,30,8,1200.0,0,0.0,4,13.3,11,1153.70,0.0,,,
EMM_h4s10f75c0n24.txt,GLCT,10,4,30,8,1200.0,0,0.0,4,13.3,11,1188.56,0.0,,,
EMM_h4s10f75c0n25.txt,GLCT,10,4,30,8,1200.0,0,0.0,4,13.3,11,1160.05,0.0,,,
EMM_h4s10f75c0n3.txt,GLCT,10,4,30,8,1200.0,0,0.0,4,13.3,11,1131.12,0.0,,,
EMM_h4s10f75c0n4.txt,GLCT,10,4,30,8,1200.0,0,0.0,4,13.3,11,1150.84,0.0,,,
EMM_h4s10f75c0n5.txt,GLCT,10,4,30,8,1200.0,0,0.0,4,13.3,11,1156.54,0.0,,,
EMM_h4s10f75c0n6.txt,GLCT,10,4,30,8,1200.0,0,0.0,4,13.3,11,1142.65,0.0,,,
EMM_h4s10f75c0n7.txt,GLCT,10,4,30,8,1200.0,0,0.0,4,13.3,11,1176.09,0.0,,,
EMM_h4s10f75c0n8.txt,GLCT,10,4,30,8,1200.0,0,0.0,4,13.3,11,1166.03,0.0,,,
EMM_h4s10f75c0n9.txt,GLCT,10,4,30,8,1200.0,0,0.0,4,13.3,11,1156.36,0.0,,,
EMM_h4s10f75c1n1.txt,GLCT,10,4,30,8,1200.0,1,3.3,11,36.7,11,1130.77,0.0,,,
EMM_h4s10f75c1n10.txt,GLCT,10,4,30,8,1200.0,1,3.3,10,33.3,10,1131.24,0.0,,,
EMM_h4s10f75c1n11.txt,GLCT,10,4,30,8,1200.0,2,6.7,13,43.3,11,1131.04,0.0,,,
EMM_h4s10f75c1n12.txt,GLCT,10,4,30,8,1200.0,2,6.7,6,20.0,10,1067.51,0.0,,,
EMM_h4s10f75c1n13.txt,GLCT,10,4,30,8,1200.0,0,0.0,7,23.3,11,1183.60,0.0,,,
EMM_h4s10f75c1n14.txt,GLCT,10,4,30,8,1200.0,3,10.0,15,50.0,11,1150.35,0.0,,,
EMM_h4s10f75c1n15.txt,GLCT,10,4,30,8,1200.0,1,3.3,15,50.0,11,1185.38,0.0,,,
EMM_h4s10f75c1n16.txt,GLCT,10,4,30,8,1200.0,1,3.3,11,36.7,11,1167.85,0.0,,,
EMM_h4s10f75c1n17.txt,GLCT,10,4,30,8,1200.0,1,3.3,11,36.7,9,1027.46,0.0,,,
EMM_h4s10f75c1n18.txt,GLCT,10,4,30,8,1200.0,0,0.0,14,46.7,12,1164.45,0.1,,,
EMM_h4s10f75c1n19.txt,GLCT,10,4,30,8,1200.0,3,10.0,10,33.3,11,1168.02,0.0,,,
EMM_h4s10f75c1n2.txt,GLCT,10,4,30,8,1200.0,1,3.3,7,23.3,11,1135.39,0.0,,,
EMM_h4s10f75c1n20.txt,GLCT,10,4,30,8,1200.0,1,3.3,9,30.0,11,1128.32,0.0,,,
EMM_h4s10f75c1n21.txt,GLCT,10,4,30,8,1200.0,2,6.7,12,40.0,10,1067.88,0.0,,,
EMM_h4s10f75c1n22.txt,GLCT,10,4,30,8,1200.0,2,6.7,13,43.3,11,1122.15,0.0,,,
EMM_h4s10f75c1n23.txt,GLCT,10,4,30,8,1200.0,2,6.7,9,30.0,11,1112.67,0.0,,,
EMM_h4s10f75c1n24.txt,GLCT,10,4,30,8,1200.0,1,3.3,14,46.7,11,1173.33,0.0,,,
EMM_h4s10f75c1n25.txt,GLCT,10,4,30,8,1200.0,1,3.3,13,43.3,12,1175.58,0.0,,,
EMM_h4s10f75c1n3.txt,GLCT,10,4,30,8,1200.0,1,3.3,11,36.7,12,1187.54,0.0,,,
EMM_h4s10f75c1n4.txt,GLCT,10,4,30,8,1200.0,1,3.3,7,23.3,11,1184.39,0.0,,,
EMM_h4s10f75c1n5.txt,GLCT,10,4,30,8,1200.0,0,0.0,7,23.3,11,1155.18,0.0,,,
EMM_h4s10f75c1n6.txt,GLCT,10,4,30,8,1200.0,3,10.0,7,23.3,11,1181.49,0.0,,,
EMM_h4s10f75c1n7.txt,GLCT,10,4,30,8,1200.0,2,6.7,9,30.0,11,1166.55,0.0,,,
EMM_h4s10f75c1n8.txt,GLCT,10,4,30,8,1200.0,3,10.0,22,73.3,10,1143.65,0.0,,,
EMM_h4s10f75c1n9.txt,GLCT,10,4,30,8,1200.0,1,3.3,11,36.7,11,1179.06,0.0,,,
EMM_h4s10f75c2n1.txt,GLCT,10,4,30,8,1200.0,2,6.7,19,63.3,11,1165.80,0.0,,,
EMM_h4s10f75c2n10.txt,GLCT,10,4,30,8,1200.0,7,23.3,30,100.0,10,1029.88,0.0,,,
EMM_h4s10f75c2n11.txt,GLCT,10,4,30,8,1200.0,3,10.0,30,100.0,3,304.45,0.0,,,
EMM_h4s10f75c2n12.txt,GLCT,10,4,30,8,1200.0,15,50.0,30,100.0,11,1177.92,0.0,,,
EMM_h4s10f75c2n13.txt,GLCT,10,4,30,8,1200.0,3,10.0,15,50.0,11,1183.25,0.0,,,
EMM_h4s10f75c2n14.txt,GLCT,10,4,30,8,1200.0,0,0.0,18,60.0,11,1168.99,0.0,,,
EMM_h4s10f75c2n15.txt,GLCT,10,4,30,8,1200.0,11,36.7,25,83.3,11,1188.33,0.0,,,
EMM_h4s10f75c2n16.txt,GLCT,10,4,30,8,1200.0,3,10.0,13,43.3,11,1130.82,0.0,,,
EMM_h4s10f75c2n17.txt,GLCT,10,4,30,8,1200.0,3,10.0,22,73.3,11,1160.19,0.0,,,
EMM_h4s10f75c2n18.txt,GLCT,10,4,30,8,1200.0,3,10.0,19,63.3,9,1037.47,0.0,,,
EMM_h4s10f75c2n19.txt,GLCT,10,4,30,8,1200.0,2,6.7,18,60.0,12,1169.87,0.0,,,
EMM_h4s10f75c2n2.txt,GLCT,10,4,30,8,1200.0,3,10.0,19,63.3,11,1153.20,0.0,,,
EMM_h4s10f75c2n20.txt,GLCT,10,4,30,8,1200.0,1,3.3,15,50.0,12,1184.83,0.0,,,
EMM_h4s10f75c2n21.txt,GLCT,10,4,30,8,1200.0,3,10.0,15,50.0,12,1191.56,0.0,,,
EMM_h4s10f75c2n22.txt,GLCT,10,4,30,8,1200.0,3,10.0,23,76.7,12,1163.98,0.0,,,
EMM_h4s10f75c2n23.txt,GLCT,10,4,30,8,1200.0,2,6.7,23,76.7,9,981.27,0.0,,,
EMM_h4s10f75c2n24.txt,GLCT,10,4,30,8,1200.0,2,6.7,30,100.0,9,956.38,0.0,,,
EMM_h4s10f75c2n25.txt,GLCT,10,4,30,8,1200.0,3,10.0,19,63.3,10,1119.60,0.0,,,
EMM_h4s10f75c2n3.txt,GLCT,10,4,30,8,1200.0,4,13.3,19,63.3,11,1151.08,0.0,,,
EMM_h4s10f75c2n4.txt,GLCT,10,4,30,8,1200.0,2,6.7,15,50.0,7,678.96,0.0,,,
EMM_h4s10f75c2n5.txt,GLCT,10,4,30,8,1200.0,3,10.0,26,86.7,11,1074.13,0.1,,,
EMM_h4s10f75c2n6.txt,GLCT,10,4,30,8,1200.0,1,3.3,26,86.7,12,1152.91,0.1,,,
EMM_h4s10f75c2n7.txt,GLCT,10,4,30,8,1200.0,1,3.3,19,63.3,12,1131.68,0.1,,,
EMM_h4s10f75c2n8.txt,GLCT,10,4,30,8,1200.0,7,23.3,15,50.0,12,1190.15,0.0,,,
EMM_h4s10f75c2n9.txt,GLCT,10,4,30,8,1200.0,2,6.7,30,100.0,11,1187.19,0.0,,,
EMM_h4s4f50c0n1.txt,GLCT,4,4,8,2,1200.0,0,0.0,8,100.0,2,200.08,0.0,,,
EMM_h4s4f50c0n10.txt,GLCT,4,4,8,2,1200.0,2,25.0,8,100.0,1,98.92,0.0,,,
EMM_h4s4f50c0n11.txt,GLCT,4,4,8,2,1200.0,2,25.0,8,100.0,1,96.05,0.0,,,
EMM_h4s4f50c0n12.txt,GLCT,4,4,8,2,1200.0,2,25.0,8,100.0,1,103.90,0.0,,,
EMM_h4s4f50c0n13.txt,GLCT,4,4,8,2,1200.0,0,0.0,8,100.0,3,324.15,0.0,,,
EMM_h4s4f50c0n14.txt,GLCT,4,4,8,2,1200.0,0,0.0,8,100.0,4,422.66,0.0,,,
EMM_h4s4f50c0n15.txt,GLCT,4,4,8,2,1200.0,0,0.0,8,100.0,2,214.55,0.0,,,
EMM_h4s4f50c0n16.txt,GLCT,4,4,8,2,1200.0,2,25.0,8,100.0,4,444.65,0.0,,,
EMM_h4s4f50c0n17.txt,GLCT,4,4,8,2,1200.0,0,0.0,8,100.0,3,315.22,0.0,,,
EMM_h4s4f50c0n18.txt,GLCT,4,4,8,2,1200.0,3,37.5,8,100.0,2,207.29,0.0,,,
EMM_h4s4f50c0n19.txt,GLCT,4,4,8,2,1200.0,1,12.5,8,100.0,3,314.01,0.0,,,
EMM_h4s4f50c0n2.txt,GLCT,4,4,8,2,1200.0,1,12.5,8,100.0,3,299.70,0.0,,,
EMM_h4s4f50c0n20.txt,GLCT,4,4,8,2,1200.0,2,25.0,8,100.0,1,113.24,0.0,,,
EMM_h4s4f50c0n21.txt,GLCT,4,4,8,2,1200.0,2,25.0,8,100.0,2,214.06,0.0,,,
EMM_h4s4f50c0n22.txt,GLCT,4,4,8,2,1200.0,1,12.5,8,100.0,3,313.72,0.0,,,
EMM_h4s4f50c0n23.txt,GLCT,4,4,8,2,1200.0,0,0.0,8,100.0,3,316.48,0.0,,,
EMM_h4s4f50c0n24.txt,GLCT,4,4,8,2,1200.0,0,0.0,8,100.0,3,315.22,0.0,,,
EMM_h4s4f50c0n25.txt,GLCT,4,4,8,2,1200.0,1,12.5,8,100.0,3,301.03,0.0,,,
EMM_h4s4f50c0n3.txt,GLCT,4,4,8,2,1200.0,2,25.0,8,100.0,1,97.66,0.0,,,
EMM_h4s4f50c0n4.txt,GLCT,4,4,8,2,1200.0,1,12.5,8,100.0,3,297.06,0.0,,,
EMM_h4s4f50c0n5.txt,GLCT,4,4,8,2,1200.0,2,25.0,8,100.0,2,208.74,0.0,,,
EMM_h4s4f50c0n6.txt,GLCT,4,4,8,2,1200.0,0,0.0,8,100.0,3,312.47,0.0,,,
EMM_h4s4f50c0n7.txt,GLCT,4,4,8,2,1200.0,0,0.0,8,100.0,3,322.73,0.0,,,
EMM_h4s4f50c0n8.txt,GLCT,4,4,8,2,1200.0,0,0.0,8,100.0,4,422.66,0.0,,,
EMM_h4s4f50c0n9.txt,GLCT,4,4,8,2,1200.0,1,12.5,8,100.0,2,201.13,0.0,,,
EMM_h4s4f50c1n1.txt,GLCT,4,4,8,2,1200.0,2,25.0,8,100.0,4,431.92,0.0,,,
EMM_h4s4f50c1n10.txt,GLCT,4,4,8,2,1200.0,3,37.5,8,100.0,2,228.40,0.0,,,
EMM_h4s4f50c1n11.txt,GLCT,4,4,8,2,1200.0,1,12.5,8,100.0,3,309.26,0.0,,,
EMM_h4s4f50c1n12.txt,GLCT,4,4,8,2,1200.0,8,100.0,8,100.0,0,0.00,0.0,,,
EMM_h4s4f50c1n13.txt,GLCT,4,4,8,2,1200.0,8,100.0,8,100.0,0,0.00,0.0,,,
EMM_h4s4f50c1n14.txt,GLCT,4,4,8,2,1200.0,3,37.5,8,100.0,2,195.97,0.0,,,
EMM_h4s4f50c1n15.txt,GLCT,4,4,8,2,1200.0,1,12.5,8,100.0,5,576.46,0.0,,,
EMM_h4s4f50c1n16.txt,GLCT,4,4,8,2,1200.0,3,37.5,8,100.0,1,111.94,0.0,,,
EMM_h4s4f50c1n17.txt,GLCT,4,4,8,2,1200.0,3,37.5,8,100.0,2,235.09,0.0,,,
EMM_h4s4f50c1n18.txt,GLCT,4,4,8,2,1200.0,8,100.0,8,100.0,0,0.00,0.0,,,
EMM_h4s4f50c1n19.txt,GLCT,4,4,8,2,1200.0,3,37.5,8,100.0,1,110.43,0.0,,,
EMM_h4s4f50c1n2.txt,GLCT,4,4,8,2,1200.0,2,25.0,8,100.0,2,206.87,0.0,,,
EMM_h4s4f50c1n20.txt,GLCT,4,4,8,2,1200.0,3,37.5,8,100.0,2,204.04,0.0,,,
EMM_h4s4f50c1n21.txt,GLCT,4,4,8,2,1200.0,2,25.0,8,100.0,3,312.43,0.0,,,
EMM_h4s4f50c1n22.txt,GLCT,4,4,8,2,1200.0,3,37.5,8,100.0,4,443.37,0.0,,,
EMM_h4s4f50c1n23.txt,GLCT,4,4,8,2,1200.0,3,37.5,8,100.0,3,348.70,0.0,,,
EMM_h4s4f50c1n24.txt,GLCT,4,4,8,2,1200.0,2,25.0,8,100.0,4,452.23,0.0,,,
EMM_h4s4f50c1n25.txt,GLCT,4,4,8,2,1200.0,8,100.0,8,100.0,0,0.00,0.0,,,
EMM_h4s4f50c1n3.txt,GLCT,4,4,8,2,1200.0,3,37.5,8,100.0,3,310.20,0.0,,,
EMM_h4s4f50c1n4.txt,GLCT,4,4,8,2,1200.0,2,25.0,8,100.0,4,461.37,0.0,,,
EMM_h4s4f50c1n5.txt,GLCT,4,4,8,2,1200.0,1,12.5,8,100.0,3,307.41,0.0,,,
EMM_h4s4f50c1n6.txt,GLCT,4,4,8,2,1200.0,3,37.5,8,100.0,1,113.07,0.0,,,
EMM_h4s4f50c1n7.txt,GLCT,4,4,8,2,1200.0,3,37.5,8,100.0,1,109.17,0.0,,,
EMM_h4s4f50c1n8.txt,GLCT,4,4,8,2,1200.0,2,25.0,8,100.0,1,89.85,0.0,,,
EMM_h4s4f50c1n9.txt,GLCT,4,4,8,2,1200.0,3,37.5,8,100.0,4,443.49,0.0,,,
EMM_h4s4f50c2n1.txt,GLCT,4,4,8,2,1200.0,3,37.5,8,100.0,1,120.59,0.0,,,
EMM_h4s4f50c2n10.txt,GLCT,4,4,8,2,1200.0,3,37.5,8,100.0,1,123.38,0.0,,,
EMM_h4s4f50c2n11.txt,GLCT,4,4,8,2,1200.0,3,37.5,8,100.0,1,111.69,0.0,,,
EMM_h4s4f50c2n12.txt,GLCT,4,4,8,2,1200.0,3,37.5,8,100.0,1,125.98,0.0,,,
EMM_h4s4f50c2n13.txt,GLCT,4,4,8,2,1200.0,8,100.0,8,100.0,0,0.00,0.0,,,
EMM_h4s4f50c2n14.txt,GLCT,4,4,8,2,1200.0,8,100.0,8,100.0,0,0.00,0.0,,,
EMM_h4s4f50c2n15.txt,GLCT,4,4,8,2,1200.0,8,100.0,8,100.0,0,0.00,0.0,,,
EMM_h4s4f50c2n16.txt,GLCT,4,4,8,2,1200.0,8,100.0,8,100.0,0,0.00,0.0,,,
EMM_h4s4f50c2n17.txt,GLCT,4,4,8,2,1200.0,3,37.5,8,100.0,1,132.22,0.0,,,
EMM_h4s4f50c2n18.txt,GLCT,4,4,8,2,1200.0,8,100.0,8,100.0,0,0.00,0.0,,,
EMM_h4s4f50c2n19.txt,GLCT,4,4,8,2,1200.0,8,100.0,8,100.0,0,0.00,0.0,,,
EMM_h4s4f50c2n2.txt,GLCT,4,4,8,2,1200.0,3,37.5,8,100.0,4,444.43,0.0,,,
EMM_h4s4f50c2n20.txt,GLCT,4,4,8,2,1200.0,8,100.0,8,100.0,0,0.00,0.0,,,
EMM_h4s4f50c2n21.txt,GLCT,4,4,8,2,1200.0,8,100.0,8,100.0,0,0.00,0.0,,,
EMM_h4s4f50c2n22.txt,GLCT,4,4,8,2,1200.0,2,25.0,8,100.0,4,461.11,0.0,,,
EMM_h4s4f50c2n23.txt,GLCT,4,4,8,2,1200.0,8,100.0,8,100.0,0,0.00,0.0,,,
EMM_h4s4f50c2n24.txt,GLCT,4,4,8,2,1200.0,8,100.0,8,100.0,0,0.00,0.0,,,
EMM_h4s4f50c2n25.txt,GLCT,4,4,8,2,1200.0,3,37.5,8,100.0,3,330.84,0.0,,,
EMM_h4s4f50c2n3.txt,GLCT,4,4,8,2,1200.0,8,100.0,8,100.0,0,0.00,0.0,,,
EMM_h4s4f50c2n4.txt,GLCT,4,4,8,2,1200.0,8,100.0,8,100.0,0,0.00,0.0,,,
EMM_h4s4f50c2n5.txt,GLCT,4,4,8,2,1200.0,2,25.0,8,100.0,2,225.67,0.0,,,
EMM_h4s4f50c2n6.txt,GLCT,4,4,8,2,1200.0,3,37.5,8,100.0,3,332.11,0.0,,,
EMM_h4s4f50c2n7.txt,GLCT,4,4,8,2,1200.0,8,100.0,8,100.0,0,0.00,0.0,,,
EMM_h4s4f50c2n8.txt,GLCT,4,4,8,2,1200.0,3,37.5,8,100.0,2,238.36,0.0,,,
EMM_h4s4f50c2n9.txt,GLCT,4,4,8,2,1200.0,3,37.5,8,100.0,2,222.09,0.0,,,
EMM_h4s4f75c0n1.txt,GLCT,4,4,12,3,1200.0,0,0.0,1,8.3,4,337.93,0.0,,,
EMM_h4s4f75c0n10.txt,GLCT,4,4,12,3,1200.0,0,0.0,1,8.3,4,337.93,0.0,,,
EMM_h4s4f75c0n11.txt,GLCT,4,4,12,3,1200.0,0,0.0,1,8.3,4,337.93,0.0,,,
EMM_h4s4f75c0n12.txt,GLCT,4,4,12,3,1200.0,0,0.0,1,8.3,4,337.93,0.0,,,
EMM_h4s4f75c0n13.txt,GLCT,4,4,12,3,1200.0,0,0.0,1,8.3,4,337.93,0.0,,,
EMM_h4s4f75c0n14.txt,GLCT,4,4,12,3,1200.0,0,0.0,1,8.3,4,337.93,0.0,,,
EMM_h4s4f75c0n15.txt,GLCT,4,4,12,3,1200.0,0,0.0,1,8.3,4,337.93,0.0,,,
EMM_h4s4f75c0n16.txt,GLCT,4,4,12,3,1200.0,0,0.0,1,8.3,4,337.93,0.0,,,
EMM_h4s4f75c0n17.txt,GLCT,4,4,12,3,1200.0,0,0.0,1,8.3,4,337.93,0.0,,,
EMM_h4s4f75c0n18.txt,GLCT,4,4,12,3,1200.0,0,0.0,1,8.3,4,337.93,0.0,,,
EMM_h4s4f75c0n19.txt,GLCT,4,4,12,3,1200.0,0,0.0,1,8.3,4,337.93,0.0,,,
EMM_h4s4f75c0n2.txt,GLCT,4,4,12,3,1200.0,0,0.0,1,8.3,4,337.93,0.0,,,
EMM_h4s4f75c0n20.txt,GLCT,4,4,12,3,1200.0,0,0.0,1,8.3,4,337.93,0.0,,,
EMM_h4s4f75c0n21.txt,GLCT,4,4,12,3,1200.0,0,0.0,1,8.3,4,337.93,0.0,,,
EMM_h4s4f75c0n22.txt,GLCT,4,4,12,3,1200.0,0,0.0,1,8.3,4,337.93,0.0,,,
EMM_h4s4f75c0n23.txt,GLCT,4,4,12,3,1200.0,0,0.0,1,8.3,4,337.93,0.0,,,
EMM_h4s4f75c0n24.txt,GLCT,4,4,12,3,1200.0,0,0.0,1,8.3,4,337.93,0.0,,,
EMM_h4s4f75c0n25.txt,GLCT,4,4,12,3,1200.0,0,0.0,1,8.3,4,337.93,0.0,,,
EMM_h4s4f75c0n3.txt,GLCT,4,4,12,3,1200.0,0,0.0,1,8.3,4,337.93,0.0,,,
EMM_h4s4f75c0n4.txt,GLCT,4,4,12,3,1200.0,0,0.0,1,8.3,4,337.93,0.0,,,
EMM_h4s4f75c0n5.txt,GLCT,4,4,12,3,1200.0,0,0.0,1,8.3,4,337.93,0.0,,,
EMM_h4s4f75c0n6.txt,GLCT,4,4,12,3,1200.0,0,0.0,1,8.3,4,337.93,0.0,,,
EMM_h4s4f75c0n7.txt,GLCT,4,4,12,3,1200.0,0,0.0,1,8.3,4,337.93,0.0,,,
EMM_h4s4f75c0n8.txt,GLCT,4,4,12,3,1200.0,0,0.0,1,8.3,4,337.93,0.0,,,
EMM_h4s4f75c0n9.txt,GLCT,4,4,12,3,1200.0,0,0.0,1,8.3,4,337.93,0.0,,,
EMM_h4s4f75c1n1.txt,GLCT,4,4,12,3,1200.0,2,16.7,7,58.3,10,918.51,0.0,,,
EMM_h4s4f75c1n10.txt,GLCT,4,4,12,3,1200.0,2,16.7,3,25.0,3,279.29,0.0,,,
EMM_h4s4f75c1n11.txt,GLCT,4,4,12,3,1200.0,2,16.7,12,100.0,4,377.98,0.0,,,
EMM_h4s4f75c1n12.txt,GLCT,4,4,12,3,1200.0,1,8.3,12,100.0,8,779.40,0.0,,,
EMM_h4s4f75c1n13.txt,GLCT,4,4,12,3,1200.0,5,41.7,12,100.0,8,750.69,0.0,,,
EMM_h4s4f75c1n14.txt,GLCT,4,4,12,3,1200.0,1,8.3,12,100.0,5,440.53,0.0,,,
EMM_h4s4f75c1n15.txt,GLCT,4,4,12,3,1200.0,1,8.3,3,25.0,3,257.15,0.0,,,
EMM_h4s4f75c1n16.txt,GLCT,4,4,12,3,1200.0,1,8.3,7,58.3,8,777.41,0.0,,,
EMM_h4s4f75c1n17.txt,GLCT,4,4,12,3,1200.0,0,0.0,12,100.0,7,682.59,0.0,,,
EMM_h4s4f75c1n18.txt,GLCT,4,4,12,3,1200.0,2,16.7,12,100.0,8,772.91,0.0,,,
EMM_h4s4f75c1n19.txt,GLCT,4,4,12,3,1200.0,1,8.3,6,50.0,6,539.97,0.0,,,
EMM_h4s4f75c1n2.txt,GLCT,4,4,12,3,1200.0,1,8.3,7,58.3,12,1182.25,0.0,,,
EMM_h4s4f75c1n20.txt,GLCT,4,4,12,3,1200.0,2,16.7,7,58.3,7,682.22,0.0,,,
EMM_h4s4f75c1n21.txt,GLCT,4,4,12,3,1200.0,0,0.0,7,58.3,8,758.39,0.0,,,
EMM_h4s4f75c1n22.txt,GLCT,4,4,12,3,1200.0,1,8.3,12,100.0,1,88.71,0.0,,,
EMM_h4s4f75c1n23.txt,GLCT,4,4,12,3,1200.0,1,8.3,12,100.0,7,666.66,0.0,,,
EMM_h4s4f75c1n24.txt,GLCT,4,4,12,3,1200.0,1,8.3,12,100.0,11,1069.93,0.0,,,
EMM_h4s4f75c1n25.txt,GLCT,4,4,12,3,1200.0,1,8.3,12,100.0,9,882.98,0.0,,,
EMM_h4s4f75c1n3.txt,GLCT,4,4,12,3,1200.0,2,16.7,12,100.0,7,701.78,0.0,,,
EMM_h4s4f75c1n4.txt,GLCT,4,4,12,3,1200.0,1,8.3,12,100.0,3,273.88,0.0,,,
EMM_h4s4f75c1n5.txt,GLCT,4,4,12,3,1200.0,2,16.7,12,100.0,10,991.89,0.0,,,
EMM_h4s4f75c1n6.txt,GLCT,4,4,12,3,1200.0,0,0.0,7,58.3,7,689.50,0.0,,,
EMM_h4s4f75c1n7.txt,GLCT,4,4,12,3,1200.0,3,25.0,12,100.0,7,710.65,0.0,,,
EMM_h4s4f75c1n8.txt,GLCT,4,4,12,3,1200.0,3,25.0,7,58.3,10,943.11,0.0,,,
EMM_h4s4f75c1n9.txt,GLCT,4,4,12,3,1200.0,0,0.0,6,50.0,12,1172.40,0.0,,,
EMM_h4s4f75c2n1.txt,GLCT,4,4,12,3,1200.0,3,25.0,12,100.0,1,83.21,0.0,,,
EMM_h4s4f75c2n10.txt,GLCT,4,4,12,3,1200.0,3,25.0,12,100.0,7,676.82,0.0,,,
EMM_h4s4f75c2n11.txt,GLCT,4,4,12,3,1200.0,12,100.0,12,100.0,0,0.00,0.0,,,
EMM_h4s4f75c2n12.txt,GLCT,4,4,12,3,1200.0,3,25.0,12,100.0,1,78.22,0.0,,,
EMM_h4s4f75c2n13.txt,GLCT,4,4,12,3,1200.0,12,100.0,12,100.0,0,0.00,0.0,,,
EMM_h4s4f75c2n14.txt,GLCT,4,4,12,3,1200.0,3,25.0,7,58.3,10,1004.43,0.0,,,
EMM_h4s4f75c2n15.txt,GLCT,4,4,12,3,1200.0,3,25.0,12,100.0,4,376.58,0.0,,,
EMM_h4s4f75c2n16.txt,GLCT,4,4,12,3,1200.0,12,100.0,12,100.0,0,0.00,0.0,,,
EMM_h4s4f75c2n17.txt,GLCT,4,4,12,3,1200.0,3,25.0,7,58.3,2,206.87,0.0,,,
EMM_h4s4f75c2n18.txt,GLCT,4,4,12,3,1200.0,7,58.3,7,58.3,2,166.40,0.0,,,
EMM_h4s4f75c2n19.txt,GLCT,4,4,12,3,1200.0,7,58.3,12,100.0,2,206.11,0.0,,,
EMM_h4s4f75c2n2.txt,GLCT,4,4,12,3,1200.0,12,100.0,12,100.0,0,0.00,0.0,,,
EMM_h4s4f75c2n20.txt,GLCT,4,4,12,3,1200.0,12,100.0,12,100.0,0,0.00,0.0,,,
EMM_h4s4f75c2n21.txt,GLCT,4,4,12,3,1200.0,3,25.0,12,100.0,1,77.00,0.0,,,
EMM_h4s4f75c2n22.txt,GLCT,4,4,12,3,1200.0,12,100.0,12,100.0,0,0.00,0.0,,,
EMM_h4s4f75c2n23.txt,GLCT,4,4,12,3,1200.0,12,100.0,12,100.0,0,0.00,0.0,,,
EMM_h4s4f75c2n24.txt,GLCT,4,4,12,3,1200.0,12,100.0,12,100.0,0,0.00,0.0,,,
EMM_h4s4f75c2n25.txt,GLCT,4,4,12,3,1200.0,3,25.0,12,100.0,5,503.04,0.0,,,
EMM_h4s4f75c2n3.txt,GLCT,4,4,12,3,1200.0,12,100.0,12,100.0,0,0.00,0.0,,,
EMM_h4s4f75c2n4.txt,GLCT,4,4,12,3,1200.0,3,25.0,7,58.3,3,299.79,0.0,,,
EMM_h4s4f75c2n5.txt,GLCT,4,4,12,3,1200.0,3,25.0,12,100.0,2,205.32,0.0,,,
EMM_h4s4f75c2n6.txt,GLCT,4,4,12,3,1200.0,12,100.0,12,100.0,0,0.00,0.0,,,
EMM_h4s4f75c2n7.txt,GLCT,4,4,12,3,1200.0,3,25.0,12,100.0,7,696.40,0.0,,,
EMM_h4s4f75c2n8.txt,GLCT,4,4,12,3,1200.0,2,16.7,12,100.0,5,450.53,0.0,,,
EMM_h4s4f75c2n9.txt,GLCT,4,4,12,3,1200.0,3,25.0,12,100.0,6,578.52,0.0,,,
EMM_h4s7f50c0n1.txt,GLCT,7,4,14,4,1200.0,1,7.1,9,64.3,11,1160.42,0.0,,,
EMM_h4s7f50c0n10.txt,GLCT,7,4,14,4,1200.0,1,7.1,7,50.0,11,1180.12,0.0,,,
EMM_h4s7f50c0n11.txt,GLCT,7,4,14,4,1200.0,1,7.1,10,71.4,10,1043.07,0.0,,,
EMM_h4s7f50c0n12.txt,GLCT,7,4,14,4,1200.0,0,0.0,14,100.0,8,875.24,0.0,,,
EMM_h4s7f50c0n13.txt,GLCT,7,4,14,4,1200.0,1,7.1,9,64.3,10,1117.61,0.0,,,
EMM_h4s7f50c0n14.txt,GLCT,7,4,14,4,1200.0,1,7.1,7,50.0,11,1181.89,0.0,,,
EMM_h4s7f50c0n15.txt,GLCT,7,4,14,4,1200.0,2,14.3,7,50.0,11,1188.06,0.0,,,
EMM_h4s7f50c0n16.txt,GLCT,7,4,14,4,1200.0,2,14.3,10,71.4,10,1101.06,0.0,,,
EMM_h4s7f50c0n17.txt,GLCT,7,4,14,4,1200.0,0,0.0,8,57.1,10,1162.11,0.0,,,
EMM_h4s7f50c0n18.txt,GLCT,7,4,14,4,1200.0,1,7.1,7,50.0,10,1056.84,0.0,,,
EMM_h4s7f50c0n19.txt,GLCT,7,4,14,4,1200.0,1,7.1,7,50.0,10,1142.76,0.0,,,
EMM_h4s7f50c0n2.txt,GLCT,7,4,14,4,1200.0,1,7.1,7,50.0,11,1141.62,0.0,,,
EMM_h4s7f50c0n20.txt,GLCT,7,4,14,4,1200.0,0,0.0,14,100.0,8,919.89,0.0,,,
EMM_h4s7f50c0n21.txt,GLCT,7,4,14,4,1200.0,1,7.1,14,100.0,9,966.49,0.0,,,
EMM_h4s7f50c0n22.txt,GLCT,7,4,14,4,1200.0,1,7.1,10,71.4,9,1029.79,0.0,,,
EMM_h4s7f50c0n23.txt,GLCT,7,4,14,4,1200.0,1,7.1,7,50.0,10,1067.88,0.0,,,
EMM_h4s7f50c0n24.txt,GLCT,7,4,14,4,1200.0,0,0.0,7,50.0,10,1123.88,0.0,,,
EMM_h4s7f50c0n25.txt,GLCT,7,4,14,4,1200.0,0,0.0,7,50.0,10,1074.94,0.0,,,
EMM_h4s7f50c0n3.txt,GLCT,7,4,14,4,1200.0,1,7.1,10,71.4,10,1119.77,0.0,,,
EMM_h4s7f50c0n4.txt,GLCT,7,4,14,4,1200.0,0,0.0,14,100.0,11,1187.12,0.0,,,
EMM_h4s7f50c0n5.txt,GLCT,7,4,14,4,1200.0,0,0.0,14,100.0,9,972.58,0.0,,,
EMM_h4s7f50c0n6.txt,GLCT,7,4,14,4,1200.0,0,0.0,6,42.9,9,1002.59,0.0,,,
EMM_h4s7f50c0n7.txt,GLCT,7,4,14,4,1200.0,1,7.1,7,50.0,11,1157.25,0.0,,,
EMM_h4s7f50c0n8.txt,GLCT,7,4,14,4,1200.0,1,7.1,7,50.0,10,1053.48,0.0,,,
EMM_h4s7f50c0n9.txt,GLCT,7,4,14,4,1200.0,1,7.1,10,71.4,10,1115.55,0.0,,,
EMM_h4s7f50c1n1.txt,GLCT,7,4,14,4,1200.0,0,0.0,14,100.0,9,966.73,0.0,,,
EMM_h4s7f50c1n10.txt,GLCT,7,4,14,4,1200.0,2,14.3,14,100.0,5,582.34,0.0,,,
EMM_h4s7f50c1n11.txt,GLCT,7,4,14,4,1200.0,3,21.4,14,100.0,4,464.59,0.0,,,
EMM_h4s7f50c1n12.txt,GLCT,7,4,14,4,1200.0,1,7.1,14,100.0,4,416.91,0.0,,,
EMM_h4s7f50c1n13.txt,GLCT,7,4,14,4,1200.0,3,21.4,14,100.0,6,684.77,0.0,,,
EMM_h4s7f50c1n14.txt,GLCT,7,4,14,4,1200.0,3,21.4,14,100.0,5,558.55,0.0,,,
EMM_h4s7f50c1n15.txt,GLCT,7,4,14,4,1200.0,3,21.4,14,100.0,7,824.78,0.0,,,
EMM_h4s7f50c1n16.txt,GLCT,7,4,14,4,1200.0,2,14.3,14,100.0,5,610.83,0.0,,,
EMM_h4s7f50c1n17.txt,GLCT,7,4,14,4,1200.0,14,100.0,14,100.0,0,0.00,0.0,,,
EMM_h4s7f50c1n18.txt,GLCT,7,4,14,4,1200.0,3,21.4,14,100.0,4,467.98,0.0,,,
EMM_h4s7f50c1n19.txt,GLCT,7,4,14,4,1200.0,14,100.0,14,100.0,0,0.00,0.0,,,
EMM_h4s7f50c1n2.txt,GLCT,7,4,14,4,1200.0,3,21.4,14,100.0,7,757.93,0.0,,,
EMM_h4s7f50c1n20.txt,GLCT,7,4,14,4,1200.0,3,21.4,14,100.0,7,775.19,0.0,,,
EMM_h4s7f50c1n21.txt,GLCT,7,4,14,4,1200.0,1,7.1,14,100.0,3,334.43,0.0,,,
EMM_h4s7f50c1n22.txt,GLCT,7,4,14,4,1200.0,1,7.1,14,100.0,3,358.04,0.0,,,
EMM_h4s7f50c1n23.txt,GLCT,7,4,14,4,1200.0,3,21.4,14,100.0,7,810.60,0.0,,,
EMM_h4s7f50c1n24.txt,GLCT,7,4,14,4,1200.0,2,14.3,14,100.0,2,217.99,0.0,,,
EMM_h4s7f50c1n25.txt,GLCT,7,4,14,4,1200.0,1,7.1,14,100.0,9,1050.47,0.0,,,
EMM_h4s7f50c1n3.txt,GLCT,7,4,14,4,1200.0,2,14.3,14,100.0,5,555.55,0.0,,,
EMM_h4s7f50c1n4.txt,GLCT,7,4,14,4,1200.0,1,7.1,7,50.0,10,1130.76,0.0,,,
EMM_h4s7f50c1n5.txt,GLCT,7,4,14,4,1200.0,1,7.1,14,100.0,5,539.36,0.0,,,
EMM_h4s7f50c1n6.txt,GLCT,7,4,14,4,1200.0,3,21.4,14,100.0,1,123.37,0.0,,,
EMM_h4s7f50c1n7.txt,GLCT,7,4,14,4,1200.0,3,21.4,14,100.0,2,229.29,0.0,,,
EMM_h4s7f50c1n8.txt,GLCT,7,4,14,4,1200.0,2,14.3,14,100.0,4,418.83,0.0,,,
EMM_h4s7f50c1n9.txt,GLCT,7,4,14,4,1200.0,3,21.4,14,100.0,5,573.85,0.0,,,
EMM_h4s7f50c2n1.txt,GLCT,7,4,14,4,1200.0,7,50.0,14,100.0,2,235.73,0.0,,,
EMM_h4s7f50c2n10.txt,GLCT,7,4,14,4,1200.0,14,100.0,14,100.0,0,0.00,0.0,,,
EMM_h4s7f50c2n11.txt,GLCT,7,4,14,4,1200.0,7,50.0,14,100.0,1,125.53,0.0,,,
EMM_h4s7f50c2n12.txt,GLCT,7,4,14,4,1200.0,7,50.0,14,100.0,4,451.95,0.0,,,
EMM_h4s7f50c2n13.txt,GLCT,7,4,14,4,1200.0,3,21.4,14,100.0,7,791.85,0.0,,,
EMM_h4s7f50c2n14.txt,GLCT,7,4,14,4,1200.0,7,50.0,14,100.0,2,239.79,0.0,,,
EMM_h4s7f50c2n15.txt,GLCT,7,4,14,4,1200.0,14,100.0,14,100.0,0,0.00,0.0,,,
EMM_h4s7f50c2n16.txt,GLCT,7,4,14,4,1200.0,3,21.4,14,100.0,8,898.49,0.0,,,
EMM_h4s7f50c2n17.txt,GLCT,7,4,14,4,1200.0,3,21.4,14,100.0,7,819.14,0.0,,,
EMM_h4s7f50c2n18.txt,GLCT,7,4,14,4,1200.0,3,21.4,14,100.0,4,471.31,0.0,,,
EMM_h4s7f50c2n19.txt,GLCT,7,4,14,4,1200.0,7,50.0,14,100.0,4,465.48,0.0,,,
EMM_h4s7f50c2n2.txt,GLCT,7,4,14,4,1200.0,3,21.4,10,71.4,9,1022.62,0.0,,,
EMM_h4s7f50c2n20.txt,GLCT,7,4,14,4,1200.0,14,100.0,14,100.0,0,0.00,0.0,,,
EMM_h4s7f50c2n21.txt,GLCT,7,4,14,4,1200.0,10,71.4,14,100.0,2,229.43,0.0,,,
EMM_h4s7f50c2n22.txt,GLCT,7,4,14,4,1200.0,7,50.0,14,100.0,8,966.88,0.0,,,
EMM_h4s7f50c2n23.txt,GLCT,7,4,14,4,1200.0,3,21.4,14,100.0,10,1183.38,0.0,,,
EMM_h4s7f50c2n24.txt,GLCT,7,4,14,4,1200.0,14,100.0,14,100.0,0,0.00,0.0,,,
EMM_h4s7f50c2n25.txt,GLCT,7,4,14,4,1200.0,7,50.0,14,100.0,3,385.43,0.0,,,
EMM_h4s7f50c2n3.txt,GLCT,7,4,14,4,1200.0,3,21.4,14,100.0,3,373.46,0.0,,,
EMM_h4s7f50c2n4.txt,GLCT,7,4,14,4,1200.0,7,50.0,14,100.0,6,747.00,0.0,,,
EMM_h4s7f50c2n5.txt,GLCT,7,4,14,4,1200.0,7,50.0,14,100.0,1,110.43,0.0,,,
EMM_h4s7f50c2n6.txt,GLCT,7,4,14,4,1200.0,6,42.9,14,100.0,8,925.45,0.0,,,
EMM_h4s7f50c2n7.txt,GLCT,7,4,14,4,1200.0,2,14.3,14,100.0,8,938.32,0.0,,,
EMM_h4s7f50c2n8.txt,GLCT,7,4,14,4,1200.0,7,50.0,14,100.0,2,235.48,0.0,,,
EMM_h4s7f50c2n9.txt,GLCT,7,4,14,4,1200.0,3,21.4,14,100.0,3,333.75,0.0,,,
EMM_h4s7f75c0n1.txt,GLCT,7,4,21,6,1200.0,0,0.0,3,14.3,9,949.57,0.0,,,
EMM_h4s7f75c0n10.txt,GLCT,7,4,21,6,1200.0,0,0.0,5,23.8,11,1193.83,0.0,,,
EMM_h4s7f75c0n11.txt,GLCT,7,4,21,6,1200.0,0,0.0,5,23.8,11,1171.93,0.0,,,
EMM_h4s7f75c0n12.txt,GLCT,7,4,21,6,1200.0,0,0.0,5,23.8,11,1178.08,0.0,,,
EMM_h4s7f75c0n13.txt,GLCT,7,4,21,6,1200.0,0,0.0,4,19.0,11,1177.37,0.0,,,
EMM_h4s7f75c0n14.txt,GLCT,7,4,21,6,1200.0,0,0.0,5,23.8,11,1183.02,0.0,,,
EMM_h4s7f75c0n15.txt,GLCT,7,4,21,6,1200.0,0,0.0,5,23.8,11,1136.41,0.0,,,
EMM_h4s7f75c0n16.txt,GLCT,7,4,21,6,1200.0,0,0.0,3,14.3,9,949.54,0.0,,,
EMM_h4s7f75c0n17.txt,GLCT,7,4,21,6,1200.0,0,0.0,5,23.8,11,1144.64,0.0,,,
EMM_h4s7f75c0n18.txt,GLCT,7,4,21,6,1200.0,0,0.0,5,23.8,9,993.42,0.0,,,
EMM_h4s7f75c0n19.txt,GLCT,7,4,21,6,1200.0,0,0.0,5,23.8,11,1187.25,0.0,,,
EMM_h4s7f75c0n2.txt,GLCT,7,4,21,6,1200.0,0,0.0,5,23.8,11,1148.93,0.0,,,
EMM_h4s7f75c0n20.txt,GLCT,7,4,21,6,1200.0,0,0.0,3,14.3,9,943.35,0.0,,,
EMM_h4s7f75c0n21.txt,GLCT,7,4,21,6,1200.0,0,0.0,5,23.8,9,988.20,0.0,,,
EMM_h4s7f75c0n22.txt,GLCT,7,4,21,6,1200.0,0,0.0,5,23.8,11,1158.16,0.0,,,
EMM_h4s7f75c0n23.txt,GLCT,7,4,21,6,1200.0,0,0.0,5,23.8,11,1141.46,0.0,,,
EMM_h4s7f75c0n24.txt,GLCT,7,4,21,6,1200.0,0,0.0,3,14.3,9,954.49,0.0,,,
EMM_h4s7f75c0n25.txt,GLCT,7,4,21,6,1200.0,0,0.0,5,23.8,11,1196.30,0.0,,,
EMM_h4s7f75c0n3.txt,GLCT,7,4,21,6,1200.0,0,0.0,5,23.8,11,1164.16,0.0,,,
EMM_h4s7f75c0n4.txt,GLCT,7,4,21,6,1200.0,0,0.0,3,14.3,9,943.56,0.0,,,
EMM_h4s7f75c0n5.txt,GLCT,7,4,21,6,1200.0,0,0.0,3,14.3,9,938.58,0.0,,,
EMM_h4s7f75c0n6.txt,GLCT,7,4,21,6,1200.0,0,0.0,3,14.3,9,949.97,0.0,,,
EMM_h4s7f75c0n7.txt,GLCT,7,4,21,6,1200.0,0,0.0,3,14.3,9,958.01,0.0,,,
EMM_h4s7f75c0n8.txt,GLCT,7,4,21,6,1200.0,0,0.0,5,23.8,11,1169.19,0.0,,,
EMM_h4s7f75c0n9.txt,GLCT,7,4,21,6,1200.0,0,0.0,5,23.8,11,1188.47,0.0,,,
EMM_h4s7f75c1n1.txt,GLCT,7,4,21,6,1200.0,1,4.8,11,52.4,11,1061.64,0.0,,,
EMM_h4s7f75c1n10.txt,GLCT,7,4,21,6,1200.0,0,0.0,11,52.4,11,1119.02,0.0,,,
EMM_h4s7f75c1n11.txt,GLCT,7,4,21,6,1200.0,2,9.5,7,33.3,11,1138.47,0.0,,,
EMM_h4s7f75c1n12.txt,GLCT,7,4,21,6,1200.0,3,14.3,11,52.4,11,1158.84,0.0,,,
EMM_h4s7f75c1n13.txt,GLCT,7,4,21,6,1200.0,1,4.8,11,52.4,12,1152.52,0.0,,,
EMM_h4s7f75c1n14.txt,GLCT,7,4,21,6,1200.0,1,4.8,11,52.4,11,1150.79,0.0,,,
EMM_h4s7f75c1n15.txt,GLCT,7,4,21,6,1200.0,2,9.5,7,33.3,12,1167.49,0.0,,,
EMM_h4s7f75c1n16.txt,GLCT,7,4,21,6,1200.0,1,4.8,16,76.2,11,1136.26,0.0,,,
EMM_h4s7f75c1n17.txt,GLCT,7,4,21,6,1200.0,4,19.0,7,33.3,8,801.48,0.0,,,
EMM_h4s7f75c1n18.txt,GLCT,7,4,21,6,1200.0,1,4.8,7,33.3,12,1184.20,0.0,,,
EMM_h4s7f75c1n19.txt,GLCT,7,4,21,6,1200.0,0,0.0,11,52.4,11,1055.37,0.0,,,
EMM_h4s7f75c1n2.txt,GLCT,7,4,21,6,1200.0,2,9.5,17,81.0,11,1161.67,0.0,,,
EMM_h4s7f75c1n20.txt,GLCT,7,4,21,6,1200.0,3,14.3,7,33.3,11,1138.18,0.0,,,
EMM_h4s7f75c1n21.txt,GLCT,7,4,21,6,1200.0,2,9.5,10,47.6,11,1105.47,0.0,,,
EMM_h4s7f75c1n22.txt,GLCT,7,4,21,6,1200.0,1,4.8,7,33.3,11,1194.16,0.0,,,
EMM_h4s7f75c1n23.txt,GLCT,7,4,21,6,1200.0,1,4.8,10,47.6,11,1155.32,0.0,,,
EMM_h4s7f75c1n24.txt,GLCT,7,4,21,6,1200.0,3,14.3,7,33.3,10,1002.30,0.0,,,
EMM_h4s7f75c1n25.txt,GLCT,7,4,21,6,1200.0,2,9.5,13,61.9,12,1198.65,0.0,,,
EMM_h4s7f75c1n3.txt,GLCT,7,4,21,6,1200.0,0,0.0,11,52.4,10,1034.40,0.0,,,
EMM_h4s7f75c1n4.txt,GLCT,7,4,21,6,1200.0,2,9.5,10,47.6,12,1163.05,0.0,,,
EMM_h4s7f75c1n5.txt,GLCT,7,4,21,6,1200.0,2,9.5,13,61.9,11,1169.52,0.0,,,
EMM_h4s7f75c1n6.txt,GLCT,7,4,21,6,1200.0,1,4.8,7,33.3,12,1179.83,0.0,,,
EMM_h4s7f75c1n7.txt,GLCT,7,4,21,6,1200.0,3,14.3,11,52.4,10,1068.12,0.0,,,
EMM_h4s7f75c1n8.txt,GLCT,7,4,21,6,1200.0,2,9.5,13,61.9,11,1139.80,0.0,,,
EMM_h4s7f75c1n9.txt,GLCT,7,4,21,6,1200.0,3,14.3,10,47.6,12,1101.80,0.0,,,
EMM_h4s7f75c2n1.txt,GLCT,7,4,21,6,1200.0,2,9.5,16,76.2,11,1066.12,0.0,,,
EMM_h4s7f75c2n10.txt,GLCT,7,4,21,6,1200.0,7,33.3,21,100.0,3,318.93,0.0,,,
EMM_h4s7f75c2n11.txt,GLCT,7,4,21,6,1200.0,2,9.5,17,81.0,9,960.33,0.0,,,
EMM_h4s7f75c2n12.txt,GLCT,7,4,21,6,1200.0,7,33.3,21,100.0,6,618.92,0.0,,,
EMM_h4s7f75c2n13.txt,GLCT,7,4,21,6,1200.0,7,33.3,21,100.0,5,518.10,0.0,,,
EMM_h4s7f75c2n14.txt,GLCT,7,4,21,6,1200.0,3,14.3,14,66.7,11,1124.41,0.0,,,
EMM_h4s7f75c2n15.txt,GLCT,7,4,21,6,1200.0,7,33.3,17,81.0,8,809.51,0.0,,,
EMM_h4s7f75c2n16.txt,GLCT,7,4,21,6,1200.0,14,66.7,21,100.0,6,624.89,0.0,,,
EMM_h4s7f75c2n17.txt,GLCT,7,4,21,6,1200.0,2,9.5,17,81.0,12,1182.33,0.0,,,
EMM_h4s7f75c2n18.txt,GLCT,7,4,21,6,1200.0,3,14.3,21,100.0,5,486.18,0.0,,,
EMM_h4s7f75c2n19.txt,GLCT,7,4,21,6,1200.0,11,52.4,21,100.0,3,331.96,0.0,,,
EMM_h4s7f75c2n2.txt,GLCT,7,4,21,6,1200.0,1,4.8,17,81.0,11,1066.85,0.0,,,
EMM_h4s7f75c2n20.txt,GLCT,7,4,21,6,1200.0,2,9.5,17,81.0,9,879.26,0.0,,,
EMM_h4s7f75c2n21.txt,GLCT,7,4,21,6,1200.0,1,4.8,21,100.0,7,612.99,0.0,,,
EMM_h4s7f75c2n22.txt,GLCT,7,4,21,6,1200.0,3,14.3,17,81.0,10,1011.52,0.0,,,
EMM_h4s7f75c2n23.txt,GLCT,7,4,21,6,1200.0,2,9.5,17,81.0,8,763.35,0.0,,,
EMM_h4s7f75c2n24.txt,GLCT,7,4,21,6,1200.0,2,9.5,21,100.0,11,1097.64,0.0,,,
EMM_h4s7f75c2n25.txt,GLCT,7,4,21,6,1200.0,2,9.5,13,61.9,9,853.88,0.0,,,
EMM_h4s7f75c2n3.txt,GLCT,7,4,21,6,1200.0,6,28.6,21,100.0,11,1136.35,0.0,,,
EMM_h4s7f75c2n4.txt,GLCT,7,4,21,6,1200.0,2,9.5,21,100.0,11,1096.81,0.0,,,
EMM_h4s7f75c2n5.txt,GLCT,7,4,21,6,1200.0,3,14.3,13,61.9,10,1000.75,0.0,,,
EMM_h4s7f75c2n6.txt,GLCT,7,4,21,6,1200.0,7,33.3,21,100.0,5,489.14,0.0,,,
EMM_h4s7f75c2n7.txt,GLCT,7,4,21,6,1200.0,2,9.5,10,47.6,12,1196.53,0.0,,,
EMM_h4s7f75c2n8.txt,GLCT,7,4,21,6,1200.0,7,33.3,21,100.0,1,101.56,0.0,,,
EMM_h4s7f75c2n9.txt,GLCT,7,4,21,6,1200.0,3,14.3,17,81.0,12,1195.34,0.0,,,
ZJY_h4s6n1.txt,GLCT,6,4,17,10,600.0,1,5.9,7,41.2,5,557.73,0.0,,,
ZJY_h4s6n10.txt,GLCT,6,4,17,10,600.0,0,0.0,4,23.5,4,383.04,0.0,,,
ZJY_h4s6n11.txt,GLCT,6,4,17,9,600.0,0,0.0,3,17.6,5,534.84,0.0,,,
ZJY_h4s6n12.txt,GLCT,6,4,17,10,600.0,1,5.9,4,23.5,4,412.85,0.0,,,
ZJY_h4s6n13.txt,GLCT,6,4,17,10,600.0,0,0.0,4,23.5,4,377.37,0.0,,,
ZJY_h4s6n14.txt,GLCT,6,4,17,10,600.0,1,5.9,4,23.5,6,585.16,0.0,,,
ZJY_h4s6n15.txt,GLCT,6,4,17,10,600.0,1,5.9,7,41.2,5,573.68,0.0,,,
ZJY_h4s6n16.txt,GLCT,6,4,17,10,600.0,1,5.9,4,23.5,5,517.65,0.0,,,
ZJY_h4s6n17.txt,GLCT,6,4,17,10,600.0,1,5.9,10,58.8,6,583.48,0.0,,,
ZJY_h4s6n18.txt,GLCT,6,4,17,10,600.0,1,5.9,6,35.3,5,466.70,0.0,,,
ZJY_h4s6n19.txt,GLCT,6,4,17,10,600.0,1,5.9,4,23.5,4,392.93,0.0,,,
ZJY_h4s6n2.txt,GLCT,6,4,17,10,600.0,3,17.6,8,47.1,5,582.61,0.0,,,
ZJY_h4s6n20.txt,GLCT,6,4,17,10,600.0,1,5.9,7,41.2,6,578.95,0.0,,,
ZJY_h4s6n3.txt,GLCT,6,4,17,10,600.0,1,5.9,5,29.4,5,518.07,0.0,,,
ZJY_h4s6n4.txt,GLCT,6,4,17,10,600.0,0,0.0,2,11.8,4,403.10,0.0,,,
ZJY_h4s6n5.txt,GLCT,6,4,17,10,600.0,1,5.9,7,41.2,5,535.25,0.0,,,
ZJY_h4s6n6.txt,GLCT,6,4,17,10,600.0,3,17.6,5,29.4,6,565.41,0.0,,,
ZJY_h4s6n7.txt,GLCT,6,4,17,10,600.0,2,11.8,4,23.5,5,558.07,0.0,,,
ZJY_h4s6n8.txt,GLCT,6,4,17,10,600.0,0,0.0,2,11.8,4,406.45,0.0,,,
ZJY_h4s6n9.txt,GLCT,6,4,17,10,600.0,1,5.9,4,23.5,5,553.42,0.1,,,
ZJY_h4s7n1.txt,GLCT,7,4,20,10,600.0,1,5.0,5,25.0,6,581.97,0.0,,,
ZJY_h4s7n10.txt,GLCT,7,4,20,9,600.0,1,5.0,4,20.0,5,505.61,0.0,,,
ZJY_h4s7n11.txt,GLCT,7,4,20,10,600.0,1,5.0,4,20.0,6,581.03,0.0,,,
ZJY_h4s7n12.txt,GLCT,7,4,20,10,600.0,0,0.0,7,35.0,5,510.84,0.0,,,
ZJY_h4s7n13.txt,GLCT,7,4,20,10,600.0,1,5.0,5,25.0,5,538.01,0.0,,,
ZJY_h4s7n14.txt,GLCT,7,4,20,10,600.0,0,0.0,6,30.0,5,519.92,0.0,,,
ZJY_h4s7n15.txt,GLCT,7,4,20,9,600.0,1,5.0,4,20.0,5,529.47,0.0,,,
ZJY_h4s7n16.txt,GLCT,7,4,20,10,600.0,1,5.0,5,25.0,6,591.77,0.0,,,
ZJY_h4s7n17.txt,GLCT,7,4,20,10,600.0,1,5.0,7,35.0,6,562.53,0.0,,,
ZJY_h4s7n18.txt,GLCT,7,4,20,10,600.0,0,0.0,6,30.0,5,527.32,0.0,,,
ZJY_h4s7n19.txt,GLCT,7,4,20,10,600.0,0,0.0,5,25.0,5,506.54,0.0,,,
ZJY_h4s7n2.txt,GLCT,7,4,20,10,600.0,1,5.0,6,30.0,4,400.56,0.0,,,
ZJY_h4s7n20.txt,GLCT,7,4,20,10,600.0,0,0.0,5,25.0,6,585.06,0.0,,,
ZJY_h4s7n3.txt,GLCT,7,4,20,10,600.0,2,10.0,7,35.0,5,480.35,0.0,,,
ZJY_h4s7n4.txt,GLCT,7,4,20,10,600.0,1,5.0,5,25.0,5,510.47,0.0,,,
ZJY_h4s7n5.txt,GLCT,7,4,20,9,600.0,3,15.0,6,30.0,5,477.58,0.0,,,
ZJY_h4s7n6.txt,GLCT,7,4,20,10,600.0,3,15.0,7,35.0,6,594.03,0.0,,,
ZJY_h4s7n7.txt,GLCT,7,4,20,10,600.0,0,0.0,5,25.0,4,408.46,0.0,,,
ZJY_h4s7n8.txt,GLCT,7,4,20,10,600.0,0,0.0,4,20.0,5,506.08,0.0,,,
ZJY_h4s7n9.txt,GLCT,7,4,20,10,600.0,0,0.0,6,30.0,5,494.99,0.0,,,
ZJY_h4s8n1.txt,GLCT,8,4,22,10,600.0,9,40.9,22,100.0,4,414.59,0.0,,,
ZJY_h4s8n10.txt,GLCT,8,4,22,10,600.0,0,0.0,9,40.9,6,587.18,0.0,,,
ZJY_h4s8n11.txt,GLCT,8,4,22,10,600.0,2,9.1,5,22.7,5,541.44,0.0,,,
ZJY_h4s8n12.txt,GLCT,8,4,22,10,600.0,0,0.0,9,40.9,6,596.65,0.0,,,
ZJY_h4s8n13.txt,GLCT,8,4,22,10,600.0,1,4.5,5,22.7,5,527.00,0.0,,,
ZJY_h4s8n14.txt,GLCT,8,4,22,10,600.0,0,0.0,22,100.0,5,529.78,0.0,,,
ZJY_h4s8n15.txt,GLCT,8,4,22,10,600.0,1,4.5,7,31.8,6,596.31,0.0,,,
ZJY_h4s8n16.txt,GLCT,8,4,22,10,600.0,0,0.0,5,22.7,4,402.07,0.0,,,
ZJY_h4s8n17.txt,GLCT,8,4,22,10,600.0,2,9.1,7,31.8,5,482.94,0.0,,,
ZJY_h4s8n18.txt,GLCT,8,4,22,10,600.0,2,9.1,5,22.7,5,535.09,0.0,,,
ZJY_h4s8n19.txt,GLCT,8,4,22,10,600.0,0,0.0,11,50.0,6,579.38,0.0,,,
ZJY_h4s8n2.txt,GLCT,8,4,22,10,600.0,1,4.5,8,36.4,6,594.23,0.0,,,
ZJY_h4s8n20.txt,GLCT,8,4,22,10,600.0,0,0.0,4,18.2,5,543.87,0.0,,,
ZJY_h4s8n3.txt,GLCT,8,4,22,10,600.0,2,9.1,6,27.3,5,481.61,0.0,,,
ZJY_h4s8n4.txt,GLCT,8,4,22,10,600.0,0,0.0,5,22.7,6,598.48,0.0,,,
ZJY_h4s8n5.txt,GLCT,8,4,22,10,600.0,0,0.0,7,31.8,6,574.48,0.0,,,
ZJY_h4s8n6.txt,GLCT,8,4,22,10,600.0,4,18.2,9,40.9,5,551.10,0.0,,,
ZJY_h4s8n7.txt,GLCT,8,4,22,10,600.0,5,22.7,12,54.5,5,547.25,0.0,,,
ZJY_h4s8n8.txt,GLCT,8,4,22,10,600.0,1,4.5,9,40.9,6,580.78,0.0,,,
ZJY_h4s8n9.txt,GLCT,8,4,22,10,600.0,1,4.5,10,45.5,5,527.53,0.0,,,
ZJY_h4s9n1.txt,GLCT,9,4,25,10,600.0,0,0.0,4,16.0,5,526.29,0.0,,,
ZJY_h4s9n10.txt,GLCT,9,4,25,10,600.0,0,0.0,7,28.0,5,540.07,0.0,,,
ZJY_h4s9n11.txt,GLCT,9,4,25,10,600.0,0,0.0,5,20.0,5,526.41,0.0,,,
ZJY_h4s9n12.txt,GLCT,9,4,25,10,600.0,0,0.0,5,20.0,5,513.26,0.0,,,
ZJY_h4s9n13.txt,GLCT,9,4,25,10,600.0,0,0.0,5,20.0,5,498.16,0.0,,,
ZJY_h4s9n14.txt,GLCT,9,4,25,10,600.0,3,12.0,9,36.0,5,486.77,0.0,,,
ZJY_h4s9n15.txt,GLCT,9,4,25,10,600.0,1,4.0,16,64.0,6,583.31,0.0,,,
ZJY_h4s9n16.txt,GLCT,9,4,25,9,600.0,2,8.0,10,40.0,6,582.58,0.0,,,
ZJY_h4s9n17.txt,GLCT,9,4,25,10,600.0,0,0.0,3,12.0,5,525.15,0.0,,,
ZJY_h4s9n18.txt,GLCT,9,4,25,10,600.0,0,0.0,6,24.0,5,516.54,0.0,,,
ZJY_h4s9n19.txt,GLCT,9,4,25,10,600.0,1,4.0,8,32.0,6,595.99,0.0,,,
ZJY_h4s9n2.txt,GLCT,9,4,25,10,600.0,6,24.0,22,88.0,5,547.20,0.0,,,
ZJY_h4s9n20.txt,GLCT,9,4,25,10,600.0,1,4.0,4,16.0,5,553.15,0.0,,,
ZJY_h4s9n3.txt,GLCT,9,4,25,9,600.0,6,24.0,12,48.0,4,418.64,0.0,,,
ZJY_h4s9n4.txt,GLCT,9,4,25,10,600.0,0,0.0,6,24.0,6,583.03,0.0,,,
ZJY_h4s9n5.txt,GLCT,9,4,25,10,600.0,3,12.0,13,52.0,6,592.84,0.0,,,
ZJY_h4s9n6.txt,GLCT,9,4,25,10,600.0,0,0.0,8,32.0,5,505.12,0.0,,,
ZJY_h4s9n7.txt,GLCT,9,4,25,10,600.0,0,0.0,7,28.0,6,596.78,0.0,,,
ZJY_h4s9n8.txt,GLCT,9,4,25,10,600.0,0,0.0,4,16.0,5,545.03,0.0,,,
ZJY_h4s9n9.txt,GLCT,9,4,25,10,600.0,4,16.0,11,44.0,4,412.97,0.0,,,
ZJY_h5s6n1.txt,GLCT,6,5,21,10,600.0,0,0.0,3,14.3,5,491.39,0.0,,,
ZJY_h5s6n10.txt,GLCT,6,5,21,10,600.0,0,0.0,4,19.0,5,554.40,0.0,,,
ZJY_h5s6n11.txt,GLCT,6,5,21,10,600.0,1,4.8,3,14.3,5,529.28,0.0,,,
ZJY_h5s6n12.txt,GLCT,6,5,21,10,600.0,0,0.0,3,14.3,4,429.31,0.0,,,
ZJY_h5s6n13.txt,GLCT,6,5,21,10,600.0,0,0.0,3,14.3,6,579.00,0.0,,,
ZJY_h5s6n14.txt,GLCT,6,5,21,10,600.0,0,0.0,4,19.0,5,551.74,0.0,,,
ZJY_h5s6n15.txt,GLCT,6,5,21,10,600.0,0,0.0,3,14.3,5,538.14,0.0,,,
ZJY_h5s6n16.txt,GLCT,6,5,21,10,600.0,0,0.0,2,9.5,5,541.87,0.0,,,
ZJY_h5s6n17.txt,GLCT,6,5,21,10,600.0,2,9.5,9,42.9,5,538.05,0.0,,,
ZJY_h5s6n18.txt,GLCT,6,5,21,10,600.0,1,4.8,4,19.0,5,588.39,0.0,,,
ZJY_h5s6n19.txt,GLCT,6,5,21,10,600.0,1,4.8,3,14.3,5,571.99,0.0,,,
ZJY_h5s6n2.txt,GLCT,6,5,21,10,600.0,1,4.8,4,19.0,5,520.17,0.0,,,
ZJY_h5s6n20.txt,GLCT,6,5,21,10,600.0,1,4.8,6,28.6,5,505.72,0.0,,,
ZJY_h5s6n3.txt,GLCT,6,5,21,10,600.0,1,4.8,4,19.0,5,598.82,0.0,,,
ZJY_h5s6n4.txt,GLCT,6,5,21,10,600.0,0,0.0,5,23.8,4,391.02,0.0,,,
ZJY_h5s6n5.txt,GLCT,6,5,21,10,600.0,0,0.0,2,9.5,4,412.98,0.0,,,
ZJY_h5s6n6.txt,GLCT,6,5,21,10,600.0,0,0.0,3,14.3,4,410.81,0.0,,,
ZJY_h5s6n7.txt,GLCT,6,5,21,10,600.0,1,4.8,2,9.5,5,536.57,0.0,,,
ZJY_h5s6n8.txt,GLCT,6,5,21,10,600.0,2,9.5,3,14.3,5,533.02,0.0,,,
ZJY_h5s6n9.txt,GLCT,6,5,21,10,600.0,0,0.0,5,23.8,4,404.73,0.0,,,
ZJY_h4s6n1.txt,GLCT,6,4,17,10,900.0,1,5.9,8,47.1,8,894.05,0.0,,,
ZJY_h4s6n10.txt,GLCT,6,4,17,10,900.0,0,0.0,6,35.3,8,883.86,0.0,,,
ZJY_h4s6n11.txt,GLCT,6,4,17,9,900.0,0,0.0,5,29.4,8,808.35,0.0,,,
ZJY_h4s6n12.txt,GLCT,6,4,17,10,900.0,1,5.9,10,58.8,8,831.48,0.0,,,
ZJY_h4s6n13.txt,GLCT,6,4,17,10,900.0,0,0.0,7,41.2,9,899.52,0.0,,,
ZJY_h4s6n14.txt,GLCT,6,4,17,10,900.0,1,5.9,4,23.5,8,826.17,0.0,,,
ZJY_h4s6n15.txt,GLCT,6,4,17,10,900.0,1,5.9,7,41.2,8,887.46,0.0,,,
ZJY_h4s6n16.txt,GLCT,6,4,17,10,900.0,1,5.9,8,47.1,8,849.87,0.0,,,
ZJY_h4s6n17.txt,GLCT,6,4,17,10,900.0,1,5.9,10,58.8,6,583.48,0.0,,,
ZJY_h4s6n18.txt,GLCT,6,4,17,10,900.0,1,5.9,8,47.1,8,782.58,0.0,,,
ZJY_h4s6n19.txt,GLCT,6,4,17,10,900.0,1,5.9,6,35.3,7,737.43,0.0,,,
ZJY_h4s6n2.txt,GLCT,6,4,17,10,900.0,3,17.6,8,47.1,6,675.69,0.0,,,
ZJY_h4s6n20.txt,GLCT,6,4,17,10,900.0,1,5.9,8,47.1,7,732.03,0.0,,,
ZJY_h4s6n3.txt,GLCT,6,4,17,10,900.0,1,5.9,5,29.4,8,851.66,0.0,,,
ZJY_h4s6n4.txt,GLCT,6,4,17,10,900.0,0,0.0,6,35.3,8,836.45,0.0,,,
ZJY_h4s6n5.txt,GLCT,6,4,17,10,900.0,1,5.9,8,47.1,8,832.08,0.0,,,
ZJY_h4s6n6.txt,GLCT,6,4,17,10,900.0,3,17.6,9,52.9,8,846.86,0.0,,,
ZJY_h4s6n7.txt,GLCT,6,4,17,10,900.0,2,11.8,4,23.5,7,764.85,0.0,,,
ZJY_h4s6n8.txt,GLCT,6,4,17,10,900.0,0,0.0,3,17.6,8,854.89,0.0,,,
ZJY_h4s6n9.txt,GLCT,6,4,17,10,900.0,1,5.9,10,58.8,8,852.65,0.0,,,
ZJY_h4s7n1.txt,GLCT,7,4,20,10,900.0,1,5.0,9,45.0,8,845.15,0.0,,,
ZJY_h4s7n10.txt,GLCT,7,4,20,9,900.0,1,5.0,6,30.0,7,762.73,0.0,,,
ZJY_h4s7n11.txt,GLCT,7,4,20,10,900.0,1,5.0,7,35.0,9,873.87,0.0,,,
ZJY_h4s7n12.txt,GLCT,7,4,20,10,900.0,0,0.0,8,40.0,8,842.78,0.0,,,
ZJY_h4s7n13.txt,GLCT,7,4,20,10,900.0,1,5.0,6,30.0,8,833.98,0.0,,,
ZJY_h4s7n14.txt,GLCT,7,4,20,10,900.0,0,0.0,10,50.0,8,855.95,0.0,,,
ZJY_h4s7n15.txt,GLCT,7,4,20,9,900.0,1,5.0,5,25.0,8,870.93,0.0,,,
ZJY_h4s7n16.txt,GLCT,7,4,20,10,900.0,1,5.0,7,35.0,8,843.52,0.0,,,
ZJY_h4s7n17.txt,GLCT,7,4,20,10,900.0,1,5.0,8,40.0,8,835.98,0.0,,,
ZJY_h4s7n18.txt,GLCT,7,4,20,10,900.0,0,0.0,12,60.0,8,856.13,0.0,,,
ZJY_h4s7n19.txt,GLCT,7,4,20,10,900.0,0,0.0,7,35.0,7,761.88,0.0,,,
ZJY_h4s7n2.txt,GLCT,7,4,20,10,900.0,1,5.0,11,55.0,8,837.42,0.0,,,
ZJY_h4s7n20.txt,GLCT,7,4,20,10,900.0,0,0.0,7,35.0,8,842.74,0.0,,,
ZJY_h4s7n3.txt,GLCT,7,4,20,10,900.0,2,10.0,8,40.0,8,874.27,0.0,,,
ZJY_h4s7n4.txt,GLCT,7,4,20,10,900.0,1,5.0,6,30.0,8,831.52,0.0,,,
ZJY_h4s7n5.txt,GLCT,7,4,20,9,900.0,3,15.0,9,45.0,9,875.80,0.0,,,
ZJY_h4s7n6.txt,GLCT,7,4,20,10,900.0,3,15.0,9,45.0,8,886.81,0.0,,,
ZJY_h4s7n7.txt,GLCT,7,4,20,10,900.0,0,0.0,6,30.0,8,848.39,0.0,,,
ZJY_h4s7n8.txt,GLCT,7,4,20,10,900.0,0,0.0,4,20.0,8,827.47,0.0,,,
ZJY_h4s7n9.txt,GLCT,7,4,20,10,900.0,0,0.0,8,40.0,9,868.23,0.0,,,
ZJY_h4s8n1.txt,GLCT,8,4,22,10,900.0,9,40.9,22,100.0,4,414.59,0.0,,,
ZJY_h4s8n10.txt,GLCT,8,4,22,10,900.0,0,0.0,11,50.0,8,857.10,0.0,,,
ZJY_h4s8n11.txt,GLCT,8,4,22,10,900.0,2,9.1,7,31.8,8,898.52,0.0,,,
ZJY_h4s8n12.txt,GLCT,8,4,22,10,900.0,0,0.0,11,50.0,8,846.83,0.0,,,
ZJY_h4s8n13.txt,GLCT,8,4,22,10,900.0,1,4.5,7,31.8,8,881.94,0.0,,,
ZJY_h4s8n14.txt,GLCT,8,4,22,10,900.0,0,0.0,22,100.0,5,529.78,0.0,,,
ZJY_h4s8n15.txt,GLCT,8,4,22,10,900.0,1,4.5,8,36.4,8,859.51,0.0,,,
ZJY_h4s8n16.txt,GLCT,8,4,22,10,900.0,0,0.0,6,27.3,7,725.83,0.0,,,
ZJY_h4s8n17.txt,GLCT,8,4,22,10,900.0,2,9.1,7,31.8,8,818.24,0.0,,,
ZJY_h4s8n18.txt,GLCT,8,4,22,10,900.0,2,9.1,6,27.3,8,854.43,0.0,,,
ZJY_h4s8n19.txt,GLCT,8,4,22,10,900.0,0,0.0,11,50.0,8,805.22,0.0,,,
ZJY_h4s8n2.txt,GLCT,8,4,22,10,900.0,1,4.5,8,36.4,9,884.09,0.0,,,
ZJY_h4s8n20.txt,GLCT,8,4,22,10,900.0,0,0.0,10,45.5,8,898.03,0.0,,,
ZJY_h4s8n3.txt,GLCT,8,4,22,10,900.0,2,9.1,11,50.0,8,809.42,0.0,,,
ZJY_h4s8n4.txt,GLCT,8,4,22,10,900.0,0,0.0,6,27.3,8,821.21,0.0,,,
ZJY_h4s8n5.txt,GLCT,8,4,22,10,900.0,0,0.0,8,36.4,8,825.64,0.0,,,
ZJY_h4s8n6.txt,GLCT,8,4,22,10,900.0,4,18.2,9,40.9,8,871.45,0.0,,,
ZJY_h4s8n7.txt,GLCT,8,4,22,10,900.0,5,22.7,22,100.0,6,660.40,0.0,,,
ZJY_h4s8n8.txt,GLCT,8,4,22,10,900.0,1,4.5,10,45.5,9,895.24,0.0,,,
ZJY_h4s8n9.txt,GLCT,8,4,22,10,900.0,1,4.5,12,54.5,8,871.52,0.0,,,
ZJY_h4s9n1.txt,GLCT,9,4,25,10,900.0,0,0.0,7,28.0,8,867.13,0.0,,,
ZJY_h4s9n10.txt,GLCT,9,4,25,10,900.0,0,0.0,9,36.0,8,891.16,0.0,,,
ZJY_h4s9n11.txt,GLCT,9,4,25,10,900.0,0,0.0,7,28.0,8,841.85,0.0,,,
ZJY_h4s9n12.txt,GLCT,9,4,25,10,900.0,0,0.0,8,32.0,8,886.57,0.0,,,
ZJY_h4s9n13.txt,GLCT,9,4,25,10,900.0,0,0.0,9,36.0,8,842.37,0.0,,,
ZJY_h4s9n14.txt,GLCT,9,4,25,10,900.0,3,12.0,16,64.0,8,844.30,0.0,,,
ZJY_h4s9n15.txt,GLCT,9,4,25,10,900.0,1,4.0,17,68.0,9,872.89,0.0,,,
ZJY_h4s9n16.txt,GLCT,9,4,25,9,900.0,2,8.0,12,48.0,8,819.28,0.0,,,
ZJY_h4s9n17.txt,GLCT,9,4,25,10,900.0,0,0.0,10,40.0,8,874.05,0.0,,,
ZJY_h4s9n18.txt,GLCT,9,4,25,10,900.0,0,0.0,8,32.0,8,876.16,0.0,,,
ZJY_h4s9n19.txt,GLCT,9,4,25,10,900.0,1,4.0,12,48.0,9,891.95,0.0,,,
ZJY_h4s9n2.txt,GLCT,9,4,25,10,900.0,6,24.0,22,88.0,6,641.66,0.0,,,
ZJY_h4s9n20.txt,GLCT,9,4,25,10,900.0,1,4.0,6,24.0,8,870.24,0.0,,,
ZJY_h4s9n3.txt,GLCT,9,4,25,9,900.0,6,24.0,14,56.0,8,811.28,0.0,,,
ZJY_h4s9n4.txt,GLCT,9,4,25,10,900.0,0,0.0,7,28.0,8,801.11,0.0,,,
ZJY_h4s9n5.txt,GLCT,9,4,25,10,900.0,3,12.0,14,56.0,8,876.19,0.0,,,
ZJY_h4s9n6.txt,GLCT,9,4,25,10,900.0,0,0.0,9,36.0,8,878.66,0.0,,,
ZJY_h4s9n7.txt,GLCT,9,4,25,10,900.0,0,0.0,7,28.0,8,826.86,0.0,,,
ZJY_h4s9n8.txt,GLCT,9,4,25,10,900.0,0,0.0,6,24.0,8,882.59,0.0,,,
ZJY_h4s9n9.txt,GLCT,9,4,25,10,900.0,4,16.0,18,72.0,8,803.14,0.1,,,
ZJY_h5s6n1.txt,GLCT,6,5,21,10,900.0,0,0.0,3,14.3,8,858.91,0.0,,,
ZJY_h5s6n10.txt,GLCT,6,5,21,10,900.0,0,0.0,8,38.1,8,842.26,0.0,,,
ZJY_h5s6n11.txt,GLCT,6,5,21,10,900.0,1,4.8,6,28.6,8,891.39,0.0,,,
ZJY_h5s6n12.txt,GLCT,6,5,21,10,900.0,0,0.0,4,19.0,8,887.11,0.0,,,
ZJY_h5s6n13.txt,GLCT,6,5,21,10,900.0,0,0.0,4,19.0,8,885.21,0.0,,,
ZJY_h5s6n14.txt,GLCT,6,5,21,10,900.0,0,0.0,5,23.8,8,855.98,0.0,,,
ZJY_h5s6n15.txt,GLCT,6,5,21,10,900.0,0,0.0,3,14.3,6,648.99,0.0,,,
ZJY_h5s6n16.txt,GLCT,6,5,21,10,900.0,0,0.0,2,9.5,7,828.40,0.0,,,
ZJY_h5s6n17.txt,GLCT,6,5,21,10,900.0,2,9.5,11,52.4,8,834.50,0.0,,,
ZJY_h5s6n18.txt,GLCT,6,5,21,10,900.0,1,4.8,5,23.8,7,854.66,0.0,,,
ZJY_h5s6n19.txt,GLCT,6,5,21,10,900.0,1,4.8,4,19.0,7,831.04,0.0,,,
ZJY_h5s6n2.txt,GLCT,6,5,21,10,900.0,1,4.8,5,23.8,8,846.88,0.0,,,
ZJY_h5s6n20.txt,GLCT,6,5,21,10,900.0,1,4.8,8,38.1,8,885.66,0.0,,,
ZJY_h5s6n3.txt,GLCT,6,5,21,10,900.0,1,4.8,4,19.0,7,806.70,0.0,,,
ZJY_h5s6n4.txt,GLCT,6,5,21,10,900.0,0,0.0,8,38.1,7,716.65,0.0,,,
ZJY_h5s6n5.txt,GLCT,6,5,21,10,900.0,0,0.0,6,28.6,8,887.45,0.0,,,
ZJY_h5s6n6.txt,GLCT,6,5,21,10,900.0,0,0.0,3,14.3,8,847.39,0.0,,,
ZJY_h5s6n7.txt,GLCT,6,5,21,10,900.0,1,4.8,4,19.0,8,823.44,0.0,,,
ZJY_h5s6n8.txt,GLCT,6,5,21,10,900.0,2,9.5,4,19.0,7,827.50,0.0,,,
ZJY_h5s6n9.txt,GLCT,6,5,21,10,900.0,0,0.0,9,42.9,8,856.66,0.0,,,
ZJY_h4s6n1.txt,GLCT,6,4,17,10,1200.0,1,5.9,8,47.1,10,1078.28,0.0,,,
ZJY_h4s6n10.txt,GLCT,6,4,17,10,1200.0,0,0.0,11,64.7,10,1082.97,0.0,,,
ZJY_h4s6n11.txt,GLCT,6,4,17,9,1200.0,0,0.0,9,52.9,11,1186.39,0.0,,,
ZJY_h4s6n12.txt,GLCT,6,4,17,10,1200.0,1,5.9,12,70.6,10,1028.69,0.0,,,
ZJY_h4s6n13.txt,GLCT,6,4,17,10,1200.0,0,0.0,8,47.1,10,991.54,0.0,,,
ZJY_h4s6n14.txt,GLCT,6,4,17,10,1200.0,1,5.9,7,41.2,9,925.74,0.0,,,
ZJY_h4s6n15.txt,GLCT,6,4,17,10,1200.0,1,5.9,8,47.1,11,1180.29,0.0,,,
ZJY_h4s6n16.txt,GLCT,6,4,17,10,1200.0,1,5.9,8,47.1,9,959.96,0.0,,,
ZJY_h4s6n17.txt,GLCT,6,4,17,10,1200.0,1,5.9,11,64.7,12,1183.68,0.0,,,
ZJY_h4s6n18.txt,GLCT,6,4,17,10,1200.0,1,5.9,8,47.1,8,782.58,0.0,,,
ZJY_h4s6n19.txt,GLCT,6,4,17,10,1200.0,1,5.9,11,64.7,11,1193.59,0.0,,,
ZJY_h4s6n2.txt,GLCT,6,4,17,10,1200.0,3,17.6,9,52.9,9,1010.69,0.0,,,
ZJY_h4s6n20.txt,GLCT,6,4,17,10,1200.0,1,5.9,10,58.8,10,1027.64,0.0,,,
ZJY_h4s6n3.txt,GLCT,6,4,17,10,1200.0,1,5.9,8,47.1,10,1040.70,0.0,,,
ZJY_h4s6n4.txt,GLCT,6,4,17,10,1200.0,0,0.0,7,41.2,11,1170.47,0.0,,,
ZJY_h4s6n5.txt,GLCT,6,4,17,10,1200.0,1,5.9,11,64.7,10,1031.63,0.0,,,
ZJY_h4s6n6.txt,GLCT,6,4,17,10,1200.0,3,17.6,10,58.8,9,967.90,0.0,,,
ZJY_h4s6n7.txt,GLCT,6,4,17,10,1200.0,2,11.8,7,41.2,10,1100.38,0.0,,,
ZJY_h4s6n8.txt,GLCT,6,4,17,10,1200.0,0,0.0,4,23.5,11,1167.06,0.0,,,
ZJY_h4s6n9.txt,GLCT,6,4,17,10,1200.0,1,5.9,10,58.8,10,1044.61,0.0,,,
ZJY_h4s7n1.txt,GLCT,7,4,20,10,1200.0,1,5.0,16,80.0,11,1189.66,0.0,,,
ZJY_h4s7n10.txt,GLCT,7,4,20,9,1200.0,1,5.0,7,35.0,11,1197.47,0.0,,,
ZJY_h4s7n11.txt,GLCT,7,4,20,10,1200.0,1,5.0,7,35.0,11,1050.58,0.0,,,
ZJY_h4s7n12.txt,GLCT,7,4,20,10,1200.0,0,0.0,11,55.0,10,1022.79,0.0,,,
ZJY_h4s7n13.txt,GLCT,7,4,20,10,1200.0,1,5.0,7,35.0,11,1168.64,0.0,,,
ZJY_h4s7n14.txt,GLCT,7,4,20,10,1200.0,0,0.0,10,50.0,9,950.51,0.0,,,
ZJY_h4s7n15.txt,GLCT,7,4,20,9,1200.0,1,5.0,6,30.0,11,1199.71,0.0,,,
ZJY_h4s7n16.txt,GLCT,7,4,20,10,1200.0,1,5.0,15,75.0,10,1052.92,0.0,,,
ZJY_h4s7n17.txt,GLCT,7,4,20,10,1200.0,1,5.0,16,80.0,11,1132.02,0.0,,,
ZJY_h4s7n18.txt,GLCT,7,4,20,10,1200.0,0,0.0,12,60.0,10,1021.08,0.0,,,
ZJY_h4s7n19.txt,GLCT,7,4,20,10,1200.0,0,0.0,7,35.0,10,1101.23,0.0,,,
ZJY_h4s7n2.txt,GLCT,7,4,20,10,1200.0,1,5.0,12,60.0,11,1159.41,0.0,,,
ZJY_h4s7n20.txt,GLCT,7,4,20,10,1200.0,0,0.0,9,45.0,10,1084.47,0.0,,,
ZJY_h4s7n3.txt,GLCT,7,4,20,10,1200.0,2,10.0,10,50.0,10,1056.94,0.0,,,
ZJY_h4s7n4.txt,GLCT,7,4,20,10,1200.0,1,5.0,8,40.0,11,1161.89,0.0,,,
ZJY_h4s7n5.txt,GLCT,7,4,20,9,1200.0,3,15.0,10,50.0,11,1138.52,0.0,,,
ZJY_h4s7n6.txt,GLCT,7,4,20,10,1200.0,3,15.0,9,45.0,11,1168.18,0.0,,,
ZJY_h4s7n7.txt,GLCT,7,4,20,10,1200.0,0,0.0,8,40.0,11,1170.96,0.0,,,
ZJY_h4s7n8.txt,GLCT,7,4,20,10,1200.0,0,0.0,6,30.0,10,1016.51,0.0,,,
ZJY_h4s7n9.txt,GLCT,7,4,20,10,1200.0,0,0.0,10,50.0,12,1171.26,0.0,,,
ZJY_h4s8n1.txt,GLCT,8,4,22,10,1200.0,9,40.9,22,100.0,4,414.59,0.0,,,
ZJY_h4s8n10.txt,GLCT,8,4,22,10,1200.0,0,0.0,12,54.5,11,1192.71,0.0,,,
ZJY_h4s8n11.txt,GLCT,8,4,22,10,1200.0,2,9.1,9,40.9,10,1129.65,0.0,,,
ZJY_h4s8n12.txt,GLCT,8,4,22,10,1200.0,0,0.0,13,59.1,11,1165.27,0.0,,,
ZJY_h4s8n13.txt,GLCT,8,4,22,10,1200.0,1,4.5,8,36.4,10,1145.07,0.0,,,
ZJY_h4s8n14.txt,GLCT,8,4,22,10,1200.0,0,0.0,22,100.0,5,529.78,0.0,,,
ZJY_h4s8n15.txt,GLCT,8,4,22,10,1200.0,1,4.5,15,68.2,11,1173.35,0.0,,,
ZJY_h4s8n16.txt,GLCT,8,4,22,10,1200.0,0,0.0,10,45.5,11,1196.26,0.0,,,
ZJY_h4s8n17.txt,GLCT,8,4,22,10,1200.0,2,9.1,9,40.9,11,1154.64,0.0,,,
ZJY_h4s8n18.txt,GLCT,8,4,22,10,1200.0,2,9.1,8,36.4,11,1161.23,0.0,,,
ZJY_h4s8n19.txt,GLCT,8,4,22,10,1200.0,0,0.0,14,63.6,11,1162.64,0.0,,,
ZJY_h4s8n2.txt,GLCT,8,4,22,10,1200.0,1,4.5,9,40.9,11,1136.89,0.0,,,
ZJY_h4s8n20.txt,GLCT,8,4,22,10,1200.0,0,0.0,13,59.1,11,1181.83,0.0,,,
ZJY_h4s8n3.txt,GLCT,8,4,22,10,1200.0,2,9.1,12,54.5,11,1157.46,0.0,,,
ZJY_h4s8n4.txt,GLCT,8,4,22,10,1200.0,0,0.0,7,31.8,11,1120.79,0.0,,,
ZJY_h4s8n5.txt,GLCT,8,4,22,10,1200.0,0,0.0,12,54.5,11,1132.44,0.0,,,
ZJY_h4s8n6.txt,GLCT,8,4,22,10,1200.0,4,18.2,22,100.0,9,1017.72,0.0,,,
ZJY_h4s8n7.txt,GLCT,8,4,22,10,1200.0,5,22.7,22,100.0,6,660.40,0.0,,,
ZJY_h4s8n8.txt,GLCT,8,4,22,10,1200.0,1,4.5,12,54.5,11,1071.96,0.0,,,
ZJY_h4s8n9.txt,GLCT,8,4,22,10,1200.0,1,4.5,12,54.5,11,1179.98,0.0,,,
ZJY_h4s9n1.txt,GLCT,9,4,25,10,1200.0,0,0.0,8,32.0,11,1141.26,0.0,,,
ZJY_h4s9n10.txt,GLCT,9,4,25,10,1200.0,0,0.0,12,48.0,11,1191.76,0.0,,,
ZJY_h4s9n11.txt,GLCT,9,4,25,10,1200.0,0,0.0,8,32.0,11,1124.73,0.0,,,
ZJY_h4s9n12.txt,GLCT,9,4,25,10,1200.0,0,0.0,8,32.0,10,1100.57,0.0,,,
ZJY_h4s9n13.txt,GLCT,9,4,25,10,1200.0,0,0.0,11,44.0,11,1174.44,0.0,,,
ZJY_h4s9n14.txt,GLCT,9,4,25,10,1200.0,3,12.0,17,68.0,10,1113.52,0.0,,,
ZJY_h4s9n15.txt,GLCT,9,4,25,10,1200.0,1,4.0,25,100.0,12,1175.57,0.0,,,
ZJY_h4s9n16.txt,GLCT,9,4,25,9,1200.0,2,8.0,14,56.0,11,1139.64,0.0,,,
ZJY_h4s9n17.txt,GLCT,9,4,25,10,1200.0,0,0.0,11,44.0,11,1163.25,0.0,,,
ZJY_h4s9n18.txt,GLCT,9,4,25,10,1200.0,0,0.0,11,44.0,11,1192.34,0.0,,,
ZJY_h4s9n19.txt,GLCT,9,4,25,10,1200.0,1,4.0,12,48.0,10,1039.38,0.0,,,
ZJY_h4s9n2.txt,GLCT,9,4,25,10,1200.0,6,24.0,25,100.0,10,1044.61,0.0,,,
ZJY_h4s9n20.txt,GLCT,9,4,25,10,1200.0,1,4.0,6,24.0,10,1152.30,0.0,,,
ZJY_h4s9n3.txt,GLCT,9,4,25,9,1200.0,6,24.0,15,60.0,11,1103.14,0.0,,,
ZJY_h4s9n4.txt,GLCT,9,4,25,10,1200.0,0,0.0,8,32.0,11,1130.19,0.0,,,
ZJY_h4s9n5.txt,GLCT,9,4,25,10,1200.0,3,12.0,17,68.0,9,983.43,0.0,,,
ZJY_h4s9n6.txt,GLCT,9,4,25,10,1200.0,0,0.0,9,36.0,11,1199.33,0.0,,,
ZJY_h4s9n7.txt,GLCT,9,4,25,10,1200.0,0,0.0,8,32.0,12,1197.42,0.0,,,
ZJY_h4s9n8.txt,GLCT,9,4,25,10,1200.0,0,0.0,7,28.0,11,1185.78,0.0,,,
ZJY_h4s9n9.txt,GLCT,9,4,25,10,1200.0,4,16.0,19,76.0,11,1094.64,0.1,,,
ZJY_h5s6n1.txt,GLCT,6,5,21,10,1200.0,0,0.0,4,19.0,11,1194.86,0.0,,,
ZJY_h5s6n10.txt,GLCT,6,5,21,10,1200.0,0,0.0,8,38.1,11,1165.06,0.0,,,
ZJY_h5s6n11.txt,GLCT,6,5,21,10,1200.0,1,4.8,10,47.6,11,1177.02,0.0,,,
ZJY_h5s6n12.txt,GLCT,6,5,21,10,1200.0,0,0.0,9,42.9,10,1080.21,0.0,,,
ZJY_h5s6n13.txt,GLCT,6,5,21,10,1200.0,0,0.0,4,19.0,11,1181.18,0.0,,,
ZJY_h5s6n14.txt,GLCT,6,5,21,10,1200.0,0,0.0,5,23.8,10,1026.00,0.0,,,
ZJY_h5s6n15.txt,GLCT,6,5,21,10,1200.0,0,0.0,6,28.6,10,1148.43,0.0,,,
ZJY_h5s6n16.txt,GLCT,6,5,21,10,1200.0,0,0.0,5,23.8,10,1150.85,0.0,,,
ZJY_h5s6n17.txt,GLCT,6,5,21,10,1200.0,2,9.5,12,57.1,11,1119.72,0.0,,,
ZJY_h5s6n18.txt,GLCT,6,5,21,10,1200.0,1,4.8,5,23.8,9,1023.26,0.0,,,
ZJY_h5s6n19.txt,GLCT,6,5,21,10,1200.0,1,4.8,5,23.8,10,1124.23,0.0,,,
ZJY_h5s6n2.txt,GLCT,6,5,21,10,1200.0,1,4.8,5,23.8,9,933.68,0.0,,,
ZJY_h5s6n20.txt,GLCT,6,5,21,10,1200.0,1,4.8,9,42.9,11,1192.85,0.0,,,
ZJY_h5s6n3.txt,GLCT,6,5,21,10,1200.0,1,4.8,6,28.6,10,1154.97,0.0,,,
ZJY_h5s6n4.txt,GLCT,6,5,21,10,1200.0,0,0.0,8,38.1,9,965.07,0.0,,,
ZJY_h5s6n5.txt,GLCT,6,5,21,10,1200.0,0,0.0,6,28.6,10,1045.66,0.0,,,
ZJY_h5s6n6.txt,GLCT,6,5,21,10,1200.0,0,0.0,6,28.6,9,959.74,0.0,,,
ZJY_h5s6n7.txt,GLCT,6,5,21,10,1200.0,1,4.8,4,19.0,10,1175.12,0.0,,,
ZJY_h5s6n8.txt,GLCT,6,5,21,10,1200.0,2,9.5,4,19.0,9,1077.66,0.0,,,
ZJY_h5s6n9.txt,GLCT,6,5,21,10,1200.0,0,0.0,9,42.9,10,1155.51,0.0,,,
