instance,algorithm,s,h,c,p,tau,initial_acc,initial_acc_pct,acc,acc_pct,moves,crane_time,elapsed_ms,nodes,proved_optimal,stop_reason
BF_BF10_h8s16n1.txt,BBLCT,16,8,77,16,600.0,0,0.0,2,2.6,2,199.80,5398.7,53562,true,completed
BF_BF10_h8s16n10.txt,BBLCT,16,8,77,16,600.0,2,2.6,5,6.5,5,584.90,452.9,5485,true,completed
BF_BF10_h8s16n11.txt,BBLCT,16,8,77,16,600.0,2,2.6,3,3.9,3,288.18,1320.7,13636,true,completed
BF_BF10_h8s16n12.txt,BBLCT,16,8,77,16,600.0,1,1.3,4,5.2,3,301.27,64.6,655,true,completed
BF_BF10_h8s16n13.txt,BBLCT,16,8,77,16,600.0,1,1.3,3,3.9,5,594.03,2920.0,43435,true,completed
BF_BF10_h8s16n14.txt,BBLCT,16,8,77,16,600.0,1,1.3,4,5.2,6,586.17,66.3,624,true,completed
BF_BF10_h8s16n15.txt,BBLCT,16,8,77,16,600.0,2,2.6,3,3.9,1,117.99,449.0,3831,true,completed
BF_BF10_h8s16n16.txt,BBLCT,16,8,77,16,600.0,0,0.0,2,2.6,3,321.42,2336.5,19938,true,completed
BF_BF10_h8s16n17.txt,BBLCT,16,8,77,16,600.0,0,0.0,2,2.6,6,595.30,105.9,1014,true,completed
BF_BF10_h8s16n18.txt,BBLCT,16,8,77,16,600.0,1,1.3,3,3.9,5,599.66,987.2,11212,true,completed
BF_BF10_h8s16n19.txt,BBLCT,16,8,77,16,600.0,0,0.0,2,2.6,6,598.69,108.1,889,true,completed
BF_BF10_h8s16n2.txt,BBLCT,16,8,77,16,600.0,2,2.6,3,3.9,2,190.58,303.4,2887,true,completed
BF_BF10_h8s16n20.txt,BBLCT,16,8,77,16,600.0,0,0.0,2,2.6,2,175.75,2178.6,22257,true,completed
BF_BF10_h8s16n3.txt,BBLCT,16,8,77,16,600.0,2,2.6,7,9.1,5,599.14,27.4,425,true,completed
BF_BF10_h8s16n4.txt,BBLCT,16,8,77,16,600.0,0,0.0,3,3.9,5,584.64,137.2,1066,true,completed
BF_BF10_h8s16n5.txt,BBLCT,16,8,77,16,600.0,1,1.3,3,3.9,5,597.72,2453.8,29067,true,completed
BF_BF10_h8s16n6.txt,BBLCT,16,8,77,16,600.0,1,1.3,4,5.2,6,598.84,443.3,4261,true,completed
BF_BF10_h8s16n7.txt,BBLCT,16,8,77,16,600.0,0,0.0,2,2.6,5,599.45,193643.6,2358834,true,completed
BF_BF10_h8s16n8.txt,BBLCT,16,8,77,16,600.0,1,1.3,2,2.6,5,588.93,22.4,270,true,completed
BF_BF10_h8s16n9.txt,BBLCT,16,8,77,16,600.0,2,2.6,4,5.2,5,589.79,279.4,2143,true,completed
BF_BF11_h8s16n1.txt,BBLCT,16,8,77,31,600.0,0,0.0,0,0.0,0,0.00,0.3,1,true,completed
BF_BF11_h8s16n10.txt,BBLCT,16,8,77,31,600.0,0,0.0,0,0.0,0,0.00,0.2,1,true,completed
BF_BF11_h8s16n11.txt,BBLCT,16,8,77,31,600.0,0,0.0,1,1.3,4,599.00,34.8,185,true,completed
BF_BF11_h8s16n12.txt,BBLCT,16,8,77,31,600.0,0,0.0,1,1.3,5,592.02,32.4,430,true,completed
BF_BF11_h8s16n13.txt,BBLCT,16,8,77,31,600.0,0,0.0,1,1.3,1,109.01,65.0,697,true,completed
BF_BF11_h8s16n14.txt,BBLCT,16,8,77,31,600.0,0,0.0,4,5.2,5,599.50,153.6,1347,true,completed
BF_BF11_h8s16n15.txt,BBLCT,16,8,77,31,600.0,1,1.3,1,1.3,0,0.00,0.2,1,true,completed
BF_BF11_h8s16n16.txt,BBLCT,16,8,77,31,600.0,0,0.0,1,1.3,4,557.33,49.4,498,true,completed
BF_BF11_h8s16n17.txt,BBLCT,16,8,77,31,600.0,2,2.6,2,2.6,0,0.00,0.2,1,true,completed
BF_BF11_h8s16n18.txt,BBLCT,16,8,77,31,600.0,0,0.0,3,3.9,5,597.28,3498.9,36340,true,completed
BF_BF11_h8s16n19.txt,BBLCT,16,8,77,31,600.0,0,0.0,2,2.6,5,595.95,66.9,900,true,completed
BF_BF11_h8s16n2.txt,BBLCT,16,8,77,31,600.0,1,1.3,2,2.6,4,566.77,89.6,459,true,completed
BF_BF11_h8s16n20.txt,BBLCT,16,8,77,31,600.0,1,1.3,4,5.2,4,517.56,137.4,1017,true,completed
BF_BF11_h8s16n3.txt,BBLCT,16,8,77,31,600.0,1,1.3,3,3.9,3,367.86,63.0,704,true,completed
BF_BF11_h8s16n4.txt,BBLCT,16,8,77,31,600.0,0,0.0,1,1.3,4,595.33,79.7,854,true,completed
BF_BF11_h8s16n5.txt,BBLCT,16,8,77,31,600.0,0,0.0,5,6.5,5,587.97,55.5,638,true,completed
BF_BF11_h8s16n6.txt,BBLCT,16,8,77,31,600.0,0,0.0,2,2.6,4,598.44,65.4,535,true,completed
BF_BF11_h8s16n7.txt,BBLCT,16,8,77,31,600.0,0,0.0,2,2.6,4,593.85,57.3,648,true,completed
BF_BF11_h8s16n8.txt,BBLCT,16,8,77,31,600.0,0,0.0,1,1.3,4,539.57,70.4,655,true,completed
BF_BF11_h8s16n9.txt,BBLCT,16,8,77,31,600.0,0,0.0,1,1.3,4,560.30,49.3,492,true,completed
BF_BF12_h8s16n1.txt,BBLCT,16,8,77,31,600.0,0,0.0,1,1.3,5,598.28,842.8,8461,true,completed
BF_BF12_h8s16n10.txt,BBLCT,16,8,77,31,600.0,0,0.0,3,3.9,5,599.35,53349.7,818567,true,completed
BF_BF12_h8s16n11.txt,BBLCT,16,8,77,31,600.0,0,0.0,0,0.0,0,0.00,0.2,1,true,completed
BF_BF12_h8s16n12.txt,BBLCT,16,8,77,31,600.0,0,0.0,3,3.9,6,599.30,43.6,635,true,completed
BF_BF12_h8s16n13.txt,BBLCT,16,8,77,31,600.0,0,0.0,1,1.3,5,519.20,21.0,422,true,completed
BF_BF12_h8s16n14.txt,BBLCT,16,8,77,31,600.0,0,0.0,3,3.9,5,593.86,26.7,506,true,completed
BF_BF12_h8s16n15.txt,BBLCT,16,8,77,31,600.0,0,0.0,2,2.6,6,597.91,63.6,807,true,completed
BF_BF12_h8s16n16.txt,BBLCT,16,8,77,31,600.0,2,2.6,4,5.2,4,598.82,261.1,1879,true,completed
BF_BF12_h8s16n17.txt,BBLCT,16,8,77,31,600.0,0,0.0,1,1.3,1,88.54,29.9,557,true,completed
BF_BF12_h8s16n18.txt,BBLCT,16,8,77,31,600.0,1,1.3,3,3.9,5,598.97,161.8,2559,true,completed
BF_BF12_h8s16n19.txt,BBLCT,16,8,77,31,600.0,1,1.3,3,3.9,5,590.69,2347.1,23267,true,completed
BF_BF12_h8s16n2.txt,BBLCT,16,8,77,31,600.0,1,1.3,1,1.3,0,0.00,0.2,1,true,completed
BF_BF12_h8s16n20.txt,BBLCT,16,8,77,31,600.0,1,1.3,2,2.6,5,597.40,33.3,389,true,completed
BF_BF12_h8s16n3.txt,BBLCT,16,8,77,31,600.0,2,2.6,5,6.5,6,580.42,163.7,1386,true,completed
BF_BF12_h8s16n4.txt,BBLCT,16,8,77,31,600.0,3,3.9,4,5.2,5,586.17,40.4,401,true,completed
BF_BF12_h8s16n5.txt,BBLCT,16,8,77,31,600.0,0,0.0,1,1.3,4,578.42,811.9,8437,true,completed
BF_BF12_h8s16n6.txt,BBLCT,16,8,77,31,600.0,1,1.3,5,6.5,5,586.07,119.1,1262,true,completed
BF_BF12_h8s16n7.txt,BBLCT,16,8,77,31,600.0,0,0.0,3,3.9,5,595.52,1155.2,13542,true,completed
BF_BF12_h8s16n8.txt,BBLCT,16,8,77,31,600.0,0,0.0,1,1.3,5,538.73,23.5,386,true,completed
BF_BF12_h8s16n9.txt,BBLCT,16,8,77,31,600.0,0,0.0,1,1.3,3,291.86,40.9,590,true,completed
BF_BF13_h8s16n1.txt,BBLCT,16,8,103,21,600.0,1,1.0,3,2.9,5,593.23,3330.9,26094,true,completed
BF_BF13_h8s16n10.txt,BBLCT,16,8,103,21,600.0,2,1.9,3,2.9,6,585.97,82.6,709,true,completed
BF_BF13_h8s16n11.txt,BBLCT,16,8,103,21,600.0,0,0.0,1,1.0,1,107.07,16665.8,118790,true,completed
BF_BF13_h8s16n12.txt,BBLCT,16,8,103,21,600.0,1,1.0,5,4.9,6,570.68,500.2,5634,true,completed
BF_BF13_h8s16n13.txt,BBLCT,16,8,103,21,600.0,0,0.0,2,1.9,5,581.19,1719.4,17157,true,completed
BF_BF13_h8s16n14.txt,BBLCT,16,8,103,21,600.0,0,0.0,2,1.9,6,535.99,116.9,1166,true,completed
BF_BF13_h8s16n15.txt,BBLCT,16,8,103,21,600.0,0,0.0,2,1.9,5,594.12,104.9,779,true,completed
BF_BF13_h8s16n16.txt,BBLCT,16,8,103,21,600.0,1,1.0,4,3.9,6,598.98,108.9,1199,true,completed
BF_BF13_h8s16n17.txt,BBLCT,16,8,103,21,600.0,0,0.0,3,2.9,5,592.34,451.9,3953,true,completed
BF_BF13_h8s16n18.txt,BBLCT,16,8,103,21,600.0,0,0.0,3,2.9,5,586.01,491.3,3726,true,completed
BF_BF13_h8s16n19.txt,BBLCT,16,8,103,21,600.0,1,1.0,2,1.9,5,595.35,432.0,4195,true,completed
BF_BF13_h8s16n2.txt,BBLCT,16,8,103,21,600.0,1,1.0,2,1.9,5,546.81,123.2,973,true,completed
BF_BF13_h8s16n20.txt,BBLCT,16,8,103,21,600.0,0,0.0,3,2.9,5,597.98,206.1,3455,true,completed
BF_BF13_h8s16n3.txt,BBLCT,16,8,103,21,600.0,1,1.0,4,3.9,5,595.94,723.9,5479,true,completed
BF_BF13_h8s16n4.txt,BBLCT,16,8,103,21,600.0,2,1.9,3,2.9,2,194.37,420.0,2922,true,completed
BF_BF13_h8s16n5.txt,BBLCT,16,8,103,21,600.0,2,1.9,3,2.9,5,597.88,113.5,800,true,completed
BF_BF13_h8s16n6.txt,BBLCT,16,8,103,21,600.0,1,1.0,4,3.9,6,596.83,2414.9,18825,true,completed
BF_BF13_h8s16n7.txt,BBLCT,16,8,103,21,600.0,0,0.0,2,1.9,5,599.79,53.1,522,true,completed
BF_BF13_h8s16n8.txt,BBLCT,16,8,103,21,600.0,2,1.9,3,2.9,5,592.05,237.5,2086,true,completed
BF_BF13_h8s16n9.txt,BBLCT,16,8,103,21,600.0,0,0.0,4,3.9,5,588.07,57.7,554,true,completed
BF_BF14_h8s16n1.txt,BBLCT,16,8,103,21,600.0,2,1.9,7,6.8,3,304.09,95.7,730,true,completed
BF_BF14_h8s16n10.txt,BBLCT,16,8,103,21,600.0,1,1.0,3,2.9,5,596.67,171.3,1805,true,completed
BF_BF14_h8s16n11.txt,BBLCT,16,8,103,21,600.0,0,0.0,2,1.9,6,599.16,9301.6,307015,true,completed
BF_BF14_h8s16n12.txt,BBLCT,16,8,103,21,600.0,1,1.0,4,3.9,3,372.21,532.6,4307,true,completed
BF_BF14_h8s16n13.txt,BBLCT,16,8,103,21,600.0,0,0.0,2,1.9,6,598.24,387.6,3810,true,completed
BF_BF14_h8s16n14.txt,BBLCT,16,8,103,21,600.0,1,1.0,3,2.9,5,596.29,2384.1,29469,true,completed
BF_BF14_h8s16n15.txt,BBLCT,16,8,103,21,600.0,2,1.9,4,3.9,2,215.06,41.2,585,true,completed
BF_BF14_h8s16n16.txt,BBLCT,16,8,103,21,600.0,0,0.0,2,1.9,5,534.80,620.5,5725,true,completed
BF_BF14_h8s16n17.txt,BBLCT,16,8,103,21,600.0,1,1.0,4,3.9,6,592.79,32.7,535,true,completed
BF_BF14_h8s16n18.txt,BBLCT,16,8,103,21,600.0,0,0.0,2,1.9,5,590.80,169.5,1849,true,completed
BF_BF14_h8s16n19.txt,BBLCT,16,8,103,21,600.0,0,0.0,2,1.9,2,203.83,451.4,3861,true,completed
BF_BF14_h8s16n2.txt,BBLCT,16,8,103,21,600.0,1,1.0,2,1.9,3,303.51,2739.9,21199,true,completed
BF_BF14_h8s16n20.txt,BBLCT,16,8,103,21,600.0,0,0.0,2,1.9,3,336.37,18065.7,153102,true,completed
BF_BF14_h8s16n3.txt,BBLCT,16,8,103,21,600.0,0,0.0,4,3.9,5,599.94,97.3,998,true,completed
BF_BF14_h8s16n4.txt,BBLCT,16,8,103,21,600.0,2,1.9,4,3.9,6,590.82,1098.4,10713,true,completed
BF_BF14_h8s16n5.txt,BBLCT,16,8,103,21,600.0,2,1.9,3,2.9,5,590.26,403.1,3522,true,completed
BF_BF14_h8s16n6.txt,BBLCT,16,8,103,21,600.0,0,0.0,3,2.9,5,593.83,6040.7,52548,true,completed
BF_BF14_h8s16n7.txt,BBLCT,16,8,103,21,600.0,1,1.0,2,1.9,3,357.02,221.2,2974,true,completed
BF_BF14_h8s16n8.txt,BBLCT,16,8,103,21,600.0,0,0.0,3,2.9,5,586.24,1427.1,17429,true,completed
BF_BF14_h8s16n9.txt,BBLCT,16,8,103,21,600.0,1,1.0,2,1.9,6,585.15,130.3,1336,true,completed
BF_BF15_h8s16n1.txt,BBLCT,16,8,103,42,600.0,0,0.0,2,1.9,4,589.78,1645.9,14120,true,completed
BF_BF15_h8s16n10.txt,BBLCT,16,8,103,42,600.0,0,0.0,1,1.0,1,133.88,21.5,386,true,completed
BF_BF15_h8s16n11.txt,BBLCT,16,8,103,42,600.0,0,0.0,2,1.9,6,593.59,228.8,1987,true,completed
BF_BF15_h8s16n12.txt,BBLCT,16,8,103,42,600.0,1,1.0,2,1.9,5,596.57,11.4,125,true,completed
BF_BF15_h8s16n13.txt,BBLCT,16,8,103,42,600.0,1,1.0,5,4.9,5,597.60,64.9,728,true,completed
BF_BF15_h8s16n14.txt,BBLCT,16,8,103,42,600.0,1,1.0,3,2.9,5,598.76,158.8,1787,true,completed
BF_BF15_h8s16n15.txt,BBLCT,16,8,103,42,600.0,0,0.0,1,1.0,5,580.69,40.7,629,true,completed
BF_BF15_h8s16n16.txt,BBLCT,16,8,103,42,600.0,0,0.0,2,1.9,5,599.08,193.3,2009,true,completed
BF_BF15_h8s16n17.txt,BBLCT,16,8,103,42,600.0,0,0.0,1,1.0,6,594.45,56.5,669,true,completed
BF_BF15_h8s16n18.txt,BBLCT,16,8,103,42,600.0,0,0.0,1,1.0,6,599.12,35.7,468,true,completed
BF_BF15_h8s16n19.txt,BBLCT,16,8,103,42,600.0,2,1.9,4,3.9,2,219.05,51.1,547,true,completed
BF_BF15_h8s16n2.txt,BBLCT,16,8,103,42,600.0,1,1.0,3,2.9,4,431.17,348.4,2223,true,completed
BF_BF15_h8s16n20.txt,BBLCT,16,8,103,42,600.0,1,1.0,4,3.9,6,596.47,170.9,1880,true,completed
BF_BF15_h8s16n3.txt,BBLCT,16,8,103,42,600.0,0,0.0,2,1.9,6,598.77,34.4,552,true,completed
BF_BF15_h8s16n4.txt,BBLCT,16,8,103,42,600.0,0,0.0,1,1.0,2,201.02,90.4,1182,true,completed
BF_BF15_h8s16n5.txt,BBLCT,16,8,103,42,600.0,0,0.0,2,1.9,5,563.02,194.8,1571,true,completed
BF_BF15_h8s16n6.txt,BBLCT,16,8,103,42,600.0,0,0.0,0,0.0,0,0.00,0.2,1,true,completed
BF_BF15_h8s16n7.txt,BBLCT,16,8,103,42,600.0,0,0.0,4,3.9,6,597.68,56.6,692,true,completed
BF_BF15_h8s16n8.txt,BBLCT,16,8,103,42,600.0,0,0.0,2,1.9,5,598.94,880.1,6251,true,completed
BF_BF15_h8s16n9.txt,BBLCT,16,8,103,42,600.0,1,1.0,4,3.9,3,416.53,61.4,604,true,completed
BF_BF16_h8s16n1.txt,BBLCT,16,8,103,42,600.0,0,0.0,3,2.9,6,593.81,68.2,761,true,completed
BF_BF16_h8s16n10.txt,BBLCT,16,8,103,42,600.0,0,0.0,1,1.0,5,564.88,681.5,6337,true,completed
BF_BF16_h8s16n11.txt,BBLCT,16,8,103,42,600.0,0,0.0,1,1.0,2,236.39,269.3,3121,true,completed
BF_BF16_h8s16n12.txt,BBLCT,16,8,103,42,600.0,0,0.0,2,1.9,5,580.69,448.8,3308,true,completed
BF_BF16_h8s16n13.txt,BBLCT,16,8,103,42,600.0,1,1.0,4,3.9,6,598.28,161.2,1334,true,completed
BF_BF16_h8s16n14.txt,BBLCT,16,8,103,42,600.0,0,0.0,2,1.9,6,592.87,44.3,578,true,completed
BF_BF16_h8s16n15.txt,BBLCT,16,8,103,42,600.0,0,0.0,1,1.0,6,594.98,23.1,368,true,completed
BF_BF16_h8s16n16.txt,BBLCT,16,8,103,42,600.0,1,1.0,2,1.9,2,208.45,24.0,402,true,completed
BF_BF16_h8s16n17.txt,BBLCT,16,8,103,42,600.0,0,0.0,1,1.0,6,598.78,26.7,423,true,completed
BF_BF16_h8s16n18.txt,BBLCT,16,8,103,42,600.0,0,0.0,2,1.9,6,575.35,56.5,671,true,completed
BF_BF16_h8s16n19.txt,BBLCT,16,8,103,42,600.0,0,0.0,1,1.0,3,296.29,4265.4,46370,true,completed
BF_BF16_h8s16n2.txt,BBLCT,16,8,103,42,600.0,0,0.0,2,1.9,6,598.67,349.2,2917,true,completed
BF_BF16_h8s16n20.txt,BBLCT,16,8,103,42,600.0,0,0.0,2,1.9,5,597.90,1776.4,20998,true,completed
BF_BF16_h8s16n3.txt,BBLCT,16,8,103,42,600.0,0,0.0,0,0.0,0,0.00,0.2,1,true,completed
BF_BF16_h8s16n4.txt,BBLCT,16,8,103,42,600.0,1,1.0,1,1.0,0,0.00,92.7,781,true,completed
BF_BF16_h8s16n5.txt,BBLCT,16,8,103,42,600.0,0,0.0,2,1.9,5,595.31,276.9,2205,true,completed
BF_BF16_h8s16n6.txt,BBLCT,16,8,103,42,600.0,1,1.0,2,1.9,5,573.88,7.1,170,true,completed
BF_BF16_h8s16n7.txt,BBLCT,16,8,103,42,600.0,0,0.0,0,0.0,0,0.00,0.2,1,true,completed
BF_BF16_h8s16n8.txt,BBLCT,16,8,103,42,600.0,0,0.0,1,1.0,4,598.56,15415.0,124307,true,completed
BF_BF16_h8s16n9.txt,BBLCT,16,8,103,42,600.0,0,0.0,2,1.9,5,599.06,38.1,516,true,completed
BF_BF17_h5s20n1.txt,BBLCT,20,5,60,12,600.0,1,1.7,4,6.7,5,589.56,2939.6,19779,true,completed
BF_BF17_h5s20n10.txt,BBLCT,20,5,60,12,600.0,1,1.7,13,21.7,6,596.74,97.1,791,true,completed
BF_BF17_h5s20n11.txt,BBLCT,20,5,60,12,600.0,0,0.0,4,6.7,6,596.18,2264.6,14898,true,completed
BF_BF17_h5s20n12.txt,BBLCT,20,5,60,12,600.0,2,3.3,5,8.3,5,592.66,1989.7,13383,true,completed
BF_BF17_h5s20n13.txt,BBLCT,20,5,60,12,600.0,2,3.3,8,13.3,6,594.25,162.1,1095,true,completed
BF_BF17_h5s20n14.txt,BBLCT,20,5,60,12,600.0,2,3.3,5,8.3,6,599.92,218.0,1321,true,completed
BF_BF17_h5s20n15.txt,BBLCT,20,5,60,12,600.0,0,0.0,4,6.7,6,599.45,68.0,802,true,completed
BF_BF17_h5s20n16.txt,BBLCT,20,5,60,12,600.0,1,1.7,3,5.0,4,405.49,86.3,959,true,completed
BF_BF17_h5s20n17.txt,BBLCT,20,5,60,12,600.0,2,3.3,7,11.7,5,588.68,2225.4,12815,true,completed
BF_BF17_h5s20n18.txt,BBLCT,20,5,60,12,600.0,0,0.0,3,5.0,6,599.03,861.8,6095,true,completed
BF_BF17_h5s20n19.txt,BBLCT,20,5,60,12,600.0,2,3.3,6,10.0,6,593.89,348.6,2346,true,completed
BF_BF17_h5s20n2.txt,BBLCT,20,5,60,12,600.0,3,5.0,4,6.7,4,410.93,121.7,1106,true,completed
BF_BF17_h5s20n20.txt,BBLCT,20,5,60,12,600.0,1,1.7,3,5.0,5,591.83,75.2,822,true,completed
BF_BF17_h5s20n3.txt,BBLCT,20,5,60,12,600.0,4,6.7,9,15.0,5,599.99,152.6,1025,true,completed
BF_BF17_h5s20n4.txt,BBLCT,20,5,60,12,600.0,3,5.0,5,8.3,6,599.31,13602.5,90447,true,completed
BF_BF17_h5s20n5.txt,BBLCT,20,5,60,12,600.0,2,3.3,6,10.0,5,585.99,177.6,1107,true,completed
BF_BF17_h5s20n6.txt,BBLCT,20,5,60,12,600.0,1,1.7,4,6.7,6,598.05,6064.2,36060,true,completed
BF_BF17_h5s20n7.txt,BBLCT,20,5,60,12,600.0,2,3.3,4,6.7,6,561.57,172.3,1757,true,completed
BF_BF17_h5s20n8.txt,BBLCT,20,5,60,12,600.0,2,3.3,4,6.7,6,595.50,443.4,2570,true,completed
BF_BF17_h5s20n9.txt,BBLCT,20,5,60,12,600.0,1,1.7,3,5.0,5,579.65,89.1,904,true,completed
BF_BF18_h5s20n1.txt,BBLCT,20,5,60,12,600.0,1,1.7,3,5.0,5,590.62,166.6,1394,true,completed
BF_BF18_h5s20n10.txt,BBLCT,20,5,60,12,600.0,0,0.0,3,5.0,6,586.27,145.5,1502,true,completed
BF_BF18_h5s20n11.txt,BBLCT,20,5,60,12,600.0,0,0.0,2,3.3,2,193.74,1530.3,14052,true,completed
BF_BF18_h5s20n12.txt,BBLCT,20,5,60,12,600.0,1,1.7,5,8.3,6,586.57,174.4,1832,true,completed
BF_BF18_h5s20n13.txt,BBLCT,20,5,60,12,600.0,3,5.0,5,8.3,3,316.58,42.0,678,true,completed
BF_BF18_h5s20n14.txt,BBLCT,20,5,60,12,600.0,1,1.7,6,10.0,6,599.63,129.7,1451,true,completed
BF_BF18_h5s20n15.txt,BBLCT,20,5,60,12,600.0,0,0.0,3,5.0,4,430.44,1636.7,15903,true,completed
BF_BF18_h5s20n16.txt,BBLCT,20,5,60,12,600.0,1,1.7,4,6.7,3,286.78,653.9,6429,true,completed
BF_BF18_h5s20n17.txt,BBLCT,20,5,60,12,600.0,1,1.7,3,5.0,5,561.99,57.2,568,true,completed
BF_BF18_h5s20n18.txt,BBLCT,20,5,60,12,600.0,1,1.7,4,6.7,6,595.47,1308.9,12276,true,completed
BF_BF18_h5s20n19.txt,BBLCT,20,5,60,12,600.0,3,5.0,6,10.0,6,566.92,98.8,1154,true,completed
BF_BF18_h5s20n2.txt,BBLCT,20,5,60,12,600.0,3,5.0,9,15.0,6,591.28,100.8,1184,true,completed
BF_BF18_h5s20n20.txt,BBLCT,20,5,60,12,600.0,2,3.3,4,6.7,5,598.21,58.9,774,true,completed
BF_BF18_h5s20n3.txt,BBLCT,20,5,60,12,600.0,0,0.0,3,5.0,5,590.67,5501.5,49316,true,completed
BF_BF18_h5s20n4.txt,BBLCT,20,5,60,12,600.0,2,3.3,4,6.7,5,540.62,7305.0,64739,true,completed
BF_BF18_h5s20n5.txt,BBLCT,20,5,60,12,600.0,3,5.0,6,10.0,6,598.83,375.1,3731,true,completed
BF_BF18_h5s20n6.txt,BBLCT,20,5,60,12,600.0,0,0.0,3,5.0,4,427.62,838.1,12743,true,completed
BF_BF18_h5s20n7.txt,BBLCT,20,5,60,12,600.0,1,1.7,4,6.7,5,578.77,14724.6,135700,true,completed
BF_BF18_h5s20n8.txt,BBLCT,20,5,60,12,600.0,2,3.3,5,8.3,5,596.72,67.3,778,true,completed
BF_BF18_h5s20n9.txt,BBLCT,20,5,60,12,600.0,2,3.3,4,6.7,2,171.21,56.7,842,true,completed
BF_BF19_h5s20n1.txt,BBLCT,20,5,60,24,600.0,1,1.7,4,6.7,5,599.80,1812.8,10853,true,completed
BF_BF19_h5s20n10.txt,BBLCT,20,5,60,24,600.0,1,1.7,6,10.0,6,599.68,81.5,497,true,completed
BF_BF19_h5s20n11.txt,BBLCT,20,5,60,24,600.0,1,1.7,8,13.3,6,598.09,141.1,1184,true,completed
BF_BF19_h5s20n12.txt,BBLCT,20,5,60,24,600.0,0,0.0,3,5.0,6,594.59,829.7,4452,true,completed
BF_BF19_h5s20n13.txt,BBLCT,20,5,60,24,600.0,0,0.0,1,1.7,5,598.09,943.5,6073,true,completed
BF_BF19_h5s20n14.txt,BBLCT,20,5,60,24,600.0,0,0.0,5,8.3,6,589.80,116.0,1152,true,completed
BF_BF19_h5s20n15.txt,BBLCT,20,5,60,24,600.0,0,0.0,3,5.0,5,592.99,653.5,3288,true,completed
BF_BF19_h5s20n16.txt,BBLCT,20,5,60,24,600.0,3,5.0,4,6.7,2,225.05,187.1,1204,true,completed
BF_BF19_h5s20n17.txt,BBLCT,20,5,60,24,600.0,0,0.0,2,3.3,5,599.22,196.7,1900,true,completed
BF_BF19_h5s20n18.txt,BBLCT,20,5,60,24,600.0,1,1.7,7,11.7,5,598.60,129.2,1034,true,completed
BF_BF19_h5s20n19.txt,BBLCT,20,5,60,24,600.0,1,1.7,4,6.7,6,599.09,89.0,779,true,completed
BF_BF19_h5s20n2.txt,BBLCT,20,5,60,24,600.0,0,0.0,3,5.0,2,174.39,556.7,4997,true,completed
BF_BF19_h5s20n20.txt,BBLCT,20,5,60,24,600.0,2,3.3,5,8.3,6,594.01,132.5,1404,true,completed
BF_BF19_h5s20n3.txt,BBLCT,20,5,60,24,600.0,1,1.7,6,10.0,6,580.54,902.4,6368,true,completed
BF_BF19_h5s20n4.txt,BBLCT,20,5,60,24,600.0,1,1.7,8,13.3,6,594.58,127.4,1086,true,completed
BF_BF19_h5s20n5.txt,BBLCT,20,5,60,24,600.0,0,0.0,3,5.0,6,590.99,81.4,939,true,completed
BF_BF19_h5s20n6.txt,BBLCT,20,5,60,24,600.0,2,3.3,6,10.0,5,565.05,178.0,1045,true,completed
BF_BF19_h5s20n7.txt,BBLCT,20,5,60,24,600.0,1,1.7,2,3.3,5,599.88,741.9,5136,true,completed
BF_BF19_h5s20n8.txt,BBLCT,20,5,60,24,600.0,1,1.7,8,13.3,6,599.39,162.0,1366,true,completed
BF_BF19_h5s20n9.txt,BBLCT,20,5,60,24,600.0,3,5.0,6,10.0,5,574.55,113.6,778,true,completed
BF_BF1_h5s16n1.txt,BBLCT,16,5,48,10,600.0,2,4.2,4,8.3,3,322.79,91.7,1794,true,completed
BF_BF1_h5s16n10.txt,BBLCT,16,5,48,10,600.0,3,6.2,9,18.8,6,589.87,44.2,669,true,completed
BF_BF1_h5s16n11.txt,BBLCT,16,5,48,10,600.0,2,4.2,4,8.3,5,589.50,220.6,2362,true,completed
BF_BF1_h5s16n12.txt,BBLCT,16,5,48,10,600.0,2,4.2,4,8.3,5,584.35,55.3,1004,true,completed
BF_BF1_h5s16n13.txt,BBLCT,16,5,48,10,600.0,2,4.2,3,6.2,2,195.12,39.2,865,true,completed
BF_BF1_h5s16n14.txt,BBLCT,16,5,48,10,600.0,0,0.0,2,4.2,6,597.69,369.4,3904,true,completed
BF_BF1_h5s16n15.txt,BBLCT,16,5,48,10,600.0,1,2.1,2,4.2,5,588.23,37.3,489,true,completed
BF_BF1_h5s16n16.txt,BBLCT,16,5,48,10,600.0,2,4.2,4,8.3,4,364.16,447.9,4505,true,completed
BF_BF1_h5s16n17.txt,BBLCT,16,5,48,10,600.0,2,4.2,5,10.4,6,596.91,27.3,544,true,completed
BF_BF1_h5s16n18.txt,BBLCT,16,5,48,10,600.0,3,6.2,8,16.7,6,596.64,53.2,810,true,completed
BF_BF1_h5s16n19.txt,BBLCT,16,5,48,10,600.0,0,0.0,2,4.2,5,575.77,19.2,440,true,completed
BF_BF1_h5s16n2.txt,BBLCT,16,5,48,10,600.0,1,2.1,4,8.3,6,592.09,459.3,4575,true,completed
BF_BF1_h5s16n20.txt,BBLCT,16,5,48,10,600.0,1,2.1,4,8.3,5,597.93,19.8,473,true,completed
BF_BF1_h5s16n3.txt,BBLCT,16,5,48,10,600.0,2,4.2,4,8.3,6,597.32,596.3,7748,true,completed
BF_BF1_h5s16n4.txt,BBLCT,16,5,48,10,600.0,3,6.2,8,16.7,6,582.77,31.2,467,true,completed
BF_BF1_h5s16n5.txt,BBLCT,16,5,48,10,600.0,1,2.1,3,6.2,5,593.25,26.6,552,true,completed
BF_BF1_h5s16n6.txt,BBLCT,16,5,48,10,600.0,0,0.0,3,6.2,6,595.40,354.2,5466,true,completed
BF_BF1_h5s16n7.txt,BBLCT,16,5,48,10,600.0,1,2.1,3,6.2,3,322.78,453.0,4585,true,completed
BF_BF1_h5s16n8.txt,BBLCT,16,5,48,10,600.0,1,2.1,4,8.3,3,276.05,1479.9,16576,true,completed
BF_BF1_h5s16n9.txt,BBLCT,16,5,48,10,600.0,1,2.1,4,8.3,6,597.71,2235.9,24564,true,completed
BF_BF20_h5s20n1.txt,BBLCT,20,5,60,24,600.0,0,0.0,1,1.7,5,588.51,300.2,3609,true,completed
BF_BF20_h5s20n10.txt,BBLCT,20,5,60,24,600.0,1,1.7,5,8.3,5,593.68,33.1,454,true,completed
BF_BF20_h5s20n11.txt,BBLCT,20,5,60,24,600.0,0,0.0,2,3.3,5,539.73,318.3,4062,true,completed
BF_BF20_h5s20n12.txt,BBLCT,20,5,60,24,600.0,0,0.0,4,6.7,6,584.22,69.0,885,true,completed
BF_BF20_h5s20n13.txt,BBLCT,20,5,60,24,600.0,0,0.0,2,3.3,2,175.78,97.6,1314,true,completed
BF_BF20_h5s20n14.txt,BBLCT,20,5,60,24,600.0,0,0.0,2,3.3,6,599.82,38.7,444,true,completed
BF_BF20_h5s20n15.txt,BBLCT,20,5,60,24,600.0,1,1.7,2,3.3,2,216.69,37.9,516,true,completed
BF_BF20_h5s20n16.txt,BBLCT,20,5,60,24,600.0,2,3.3,3,5.0,2,220.29,32.3,439,true,completed
BF_BF20_h5s20n17.txt,BBLCT,20,5,60,24,600.0,2,3.3,7,11.7,6,564.23,82.0,926,true,completed
BF_BF20_h5s20n18.txt,BBLCT,20,5,60,24,600.0,0,0.0,4,6.7,5,523.77,238.1,3220,true,completed
BF_BF20_h5s20n19.txt,BBLCT,20,5,60,24,600.0,1,1.7,3,5.0,5,562.60,33.6,381,true,completed
BF_BF20_h5s20n2.txt,BBLCT,20,5,60,24,600.0,0,0.0,4,6.7,5,599.83,1136.8,16135,true,completed
BF_BF20_h5s20n20.txt,BBLCT,20,5,60,24,600.0,1,1.7,5,8.3,6,598.64,98.3,1563,true,completed
BF_BF20_h5s20n3.txt,BBLCT,20,5,60,24,600.0,1,1.7,3,5.0,5,598.70,116.7,1600,true,completed
BF_BF20_h5s20n4.txt,BBLCT,20,5,60,24,600.0,0,0.0,3,5.0,6,592.64,52.7,695,true,completed
BF_BF20_h5s20n5.txt,BBLCT,20,5,60,24,600.0,1,1.7,9,15.0,5,599.88,1418.7,13176,true,completed
BF_BF20_h5s20n6.txt,BBLCT,20,5,60,24,600.0,0,0.0,5,8.3,5,589.51,137.5,1384,true,completed
BF_BF20_h5s20n7.txt,BBLCT,20,5,60,24,600.0,0,0.0,1,1.7,2,225.90,32.7,522,true,completed
BF_BF20_h5s20n8.txt,BBLCT,20,5,60,24,600.0,0,0.0,3,5.0,6,598.82,65.0,1124,true,completed
BF_BF20_h5s20n9.txt,BBLCT,20,5,60,24,600.0,0,0.0,2,3.3,5,597.28,121.4,1749,true,completed
BF_BF21_h5s20n1.txt,BBLCT,20,5,80,16,600.0,2,2.5,4,5.0,6,599.60,177.7,1375,true,completed
BF_BF21_h5s20n10.txt,BBLCT,20,5,80,16,600.0,3,3.8,9,11.2,6,599.96,80.7,904,true,completed
BF_BF21_h5s20n11.txt,BBLCT,20,5,80,16,600.0,2,2.5,7,8.8,6,590.18,67.4,638,true,completed
BF_BF21_h5s20n12.txt,BBLCT,20,5,80,16,600.0,1,1.2,3,3.8,6,592.09,49.9,529,true,completed
BF_BF21_h5s20n13.txt,BBLCT,20,5,80,16,600.0,1,1.2,4,5.0,5,558.53,1025.0,21982,true,completed
BF_BF21_h5s20n14.txt,BBLCT,20,5,80,16,600.0,1,1.2,8,10.0,6,599.59,169.4,1196,true,completed
BF_BF21_h5s20n15.txt,BBLCT,20,5,80,16,600.0,4,5.0,7,8.8,6,593.82,387.5,2617,true,completed
BF_BF21_h5s20n16.txt,BBLCT,20,5,80,16,600.0,2,2.5,5,6.2,4,336.47,124.1,1208,true,completed
BF_BF21_h5s20n17.txt,BBLCT,20,5,80,16,600.0,1,1.2,4,5.0,6,590.53,8488.9,46728,true,completed
BF_BF21_h5s20n18.txt,BBLCT,20,5,80,16,600.0,1,1.2,4,5.0,6,586.54,203.1,1778,true,completed
BF_BF21_h5s20n19.txt,BBLCT,20,5,80,16,600.0,3,3.8,5,6.2,6,599.42,540.6,4439,true,completed
BF_BF21_h5s20n2.txt,BBLCT,20,5,80,16,600.0,3,3.8,4,5.0,3,290.90,2577.9,15543,true,completed
BF_BF21_h5s20n20.txt,BBLCT,20,5,80,16,600.0,1,1.2,4,5.0,2,170.06,150.5,2219,true,completed
BF_BF21_h5s20n3.txt,BBLCT,20,5,80,16,600.0,1,1.2,4,5.0,6,584.25,178.1,1407,true,completed
BF_BF21_h5s20n4.txt,BBLCT,20,5,80,16,600.0,1,1.2,7,8.8,6,598.26,203.9,1942,true,completed
BF_BF21_h5s20n5.txt,BBLCT,20,5,80,16,600.0,0,0.0,2,2.5,6,598.17,98.3,734,true,completed
BF_BF21_h5s20n6.txt,BBLCT,20,5,80,16,600.0,2,2.5,5,6.2,6,597.27,72.9,741,true,completed
BF_BF21_h5s20n7.txt,BBLCT,20,5,80,16,600.0,0,0.0,2,2.5,4,371.13,500.6,3951,true,completed
BF_BF21_h5s20n8.txt,BBLCT,20,5,80,16,600.0,0,0.0,3,3.8,5,556.14,862.6,7636,true,completed
BF_BF21_h5s20n9.txt,BBLCT,20,5,80,16,600.0,1,1.2,5,6.2,6,559.72,886.9,5991,true,completed
BF_BF22_h5s20n1.txt,BBLCT,20,5,80,16,600.0,0,0.0,4,5.0,6,597.53,703.7,11035,true,completed
BF_BF22_h5s20n10.txt,BBLCT,20,5,80,16,600.0,0,0.0,3,3.8,4,388.14,1276.9,12764,true,completed
BF_BF22_h5s20n11.txt,BBLCT,20,5,80,16,600.0,3,3.8,8,10.0,6,596.67,66.9,812,true,completed
BF_BF22_h5s20n12.txt,BBLCT,20,5,80,16,600.0,3,3.8,5,6.2,6,590.81,69.5,909,true,completed
BF_BF22_h5s20n13.txt,BBLCT,20,5,80,16,600.0,0,0.0,3,3.8,6,595.46,58.8,564,true,completed
BF_BF22_h5s20n14.txt,BBLCT,20,5,80,16,600.0,0,0.0,2,2.5,6,596.68,70.7,966,true,completed
BF_BF22_h5s20n15.txt,BBLCT,20,5,80,16,600.0,2,2.5,3,3.8,2,190.13,65.6,950,true,completed
BF_BF22_h5s20n16.txt,BBLCT,20,5,80,16,600.0,1,1.2,3,3.8,3,295.67,23.6,449,true,completed
BF_BF22_h5s20n17.txt,BBLCT,20,5,80,16,600.0,2,2.5,5,6.2,5,594.61,795.5,8956,true,completed
BF_BF22_h5s20n18.txt,BBLCT,20,5,80,16,600.0,0,0.0,3,3.8,4,376.86,45.0,472,true,completed
BF_BF22_h5s20n19.txt,BBLCT,20,5,80,16,600.0,0,0.0,3,3.8,6,594.03,96.2,1065,true,completed
BF_BF22_h5s20n2.txt,BBLCT,20,5,80,16,600.0,1,1.2,4,5.0,6,596.79,258.1,2433,true,completed
BF_BF22_h5s20n20.txt,BBLCT,20,5,80,16,600.0,0,0.0,3,3.8,5,588.15,527.6,6142,true,completed
BF_BF22_h5s20n3.txt,BBLCT,20,5,80,16,600.0,0,0.0,3,3.8,4,399.15,1200.6,12557,true,completed
BF_BF22_h5s20n4.txt,BBLCT,20,5,80,16,600.0,4,5.0,9,11.2,6,596.66,470.1,3484,true,completed
BF_BF22_h5s20n5.txt,BBLCT,20,5,80,16,600.0,1,1.2,3,3.8,6,599.92,15.3,275,true,completed
BF_BF22_h5s20n6.txt,BBLCT,20,5,80,16,600.0,0,0.0,4,5.0,6,588.30,40.7,615,true,completed
BF_BF22_h5s20n7.txt,BBLCT,20,5,80,16,600.0,0,0.0,2,2.5,3,341.39,129.5,1535,true,completed
BF_BF22_h5s20n8.txt,BBLCT,20,5,80,16,600.0,1,1.2,5,6.2,6,573.71,129.1,1318,true,completed
BF_BF22_h5s20n9.txt,BBLCT,20,5,80,16,600.0,0,0.0,3,3.8,6,595.19,65.5,634,true,completed
BF_BF23_h5s20n1.txt,BBLCT,20,5,80,32,600.0,0,0.0,4,5.0,4,463.14,494.8,5844,true,completed
BF_BF23_h5s20n10.txt,BBLCT,20,5,80,32,600.0,1,1.2,4,5.0,6,595.75,298.8,2886,true,completed
BF_BF23_h5s20n11.txt,BBLCT,20,5,80,32,600.0,0,0.0,2,2.5,4,435.61,758.0,4455,true,completed
BF_BF23_h5s20n12.txt,BBLCT,20,5,80,32,600.0,0,0.0,3,3.8,4,328.89,14175.8,86090,true,completed
BF_BF23_h5s20n13.txt,BBLCT,20,5,80,32,600.0,1,1.2,6,7.5,6,595.29,4947.3,34303,true,completed
BF_BF23_h5s20n14.txt,BBLCT,20,5,80,32,600.0,3,3.8,9,11.2,6,590.56,446.1,2346,true,completed
BF_BF23_h5s20n15.txt,BBLCT,20,5,80,32,600.0,0,0.0,7,8.8,6,572.06,541.3,5849,true,completed
BF_BF23_h5s20n16.txt,BBLCT,20,5,80,32,600.0,1,1.2,5,6.2,5,599.93,838.0,6390,true,completed
BF_BF23_h5s20n17.txt,BBLCT,20,5,80,32,600.0,1,1.2,3,3.8,6,598.40,50.2,398,true,completed
BF_BF23_h5s20n18.txt,BBLCT,20,5,80,32,600.0,1,1.2,3,3.8,5,595.27,32.7,303,true,completed
BF_BF23_h5s20n19.txt,BBLCT,20,5,80,32,600.0,2,2.5,5,6.2,6,598.42,266.8,1798,true,completed
BF_BF23_h5s20n2.txt,BBLCT,20,5,80,32,600.0,1,1.2,2,2.5,5,581.69,1280.7,12323,true,completed
BF_BF23_h5s20n20.txt,BBLCT,20,5,80,32,600.0,0,0.0,2,2.5,4,396.54,370.6,3426,true,completed
BF_BF23_h5s20n3.txt,BBLCT,20,5,80,32,600.0,0,0.0,3,3.8,5,442.04,2464.3,14176,true,completed
BF_BF23_h5s20n4.txt,BBLCT,20,5,80,32,600.0,2,2.5,6,7.5,6,598.42,59.8,693,true,completed
BF_BF23_h5s20n5.txt,BBLCT,20,5,80,32,600.0,1,1.2,9,11.2,7,596.30,89.7,902,true,completed
BF_BF23_h5s20n6.txt,BBLCT,20,5,80,32,600.0,1,1.2,4,5.0,6,599.30,129.6,1190,true,completed
BF_BF23_h5s20n7.txt,BBLCT,20,5,80,32,600.0,0,0.0,5,6.2,6,595.82,56.5,733,true,completed
BF_BF23_h5s20n8.txt,BBLCT,20,5,80,32,600.0,1,1.2,3,3.8,5,563.77,42.8,499,true,completed
BF_BF23_h5s20n9.txt,BBLCT,20,5,80,32,600.0,1,1.2,2,2.5,3,289.15,194.0,2560,true,completed
BF_BF24_h5s20n1.txt,BBLCT,20,5,80,32,600.0,1,1.2,2,2.5,5,580.57,18.7,313,true,completed
BF_BF24_h5s20n10.txt,BBLCT,20,5,80,32,600.0,0,0.0,3,3.8,5,584.05,42.1,754,true,completed
BF_BF24_h5s20n11.txt,BBLCT,20,5,80,32,600.0,0,0.0,2,2.5,5,569.37,507.4,5876,true,completed
BF_BF24_h5s20n12.txt,BBLCT,20,5,80,32,600.0,0,0.0,3,3.8,5,570.81,492.2,5671,true,completed
BF_BF24_h5s20n13.txt,BBLCT,20,5,80,32,600.0,0,0.0,1,1.2,5,598.39,245.7,1846,true,completed
BF_BF24_h5s20n14.txt,BBLCT,20,5,80,32,600.0,0,0.0,6,7.5,6,596.32,82.0,912,true,completed
BF_BF24_h5s20n15.txt,BBLCT,20,5,80,32,600.0,0,0.0,5,6.2,5,592.99,212.6,3412,true,completed
BF_BF24_h5s20n16.txt,BBLCT,20,5,80,32,600.0,1,1.2,4,5.0,6,597.10,35.5,410,true,completed
BF_BF24_h5s20n17.txt,BBLCT,20,5,80,32,600.0,1,1.2,7,8.8,6,582.10,43.7,616,true,completed
BF_BF24_h5s20n18.txt,BBLCT,20,5,80,32,600.0,0,0.0,1,1.2,5,574.18,27.5,442,true,completed
BF_BF24_h5s20n19.txt,BBLCT,20,5,80,32,600.0,0,0.0,2,2.5,5,559.49,42.4,620,true,completed
BF_BF24_h5s20n2.txt,BBLCT,20,5,80,32,600.0,0,0.0,2,2.5,6,594.07,32.9,480,true,completed
BF_BF24_h5s20n20.txt,BBLCT,20,5,80,32,600.0,0,0.0,6,7.5,6,594.95,48.9,634,true,completed
BF_BF24_h5s20n3.txt,BBLCT,20,5,80,32,600.0,2,2.5,4,5.0,5,579.03,330.9,3179,true,completed
BF_BF24_h5s20n4.txt,BBLCT,20,5,80,32,600.0,1,1.2,8,10.0,6,598.53,49.1,773,true,completed
BF_BF24_h5s20n5.txt,BBLCT,20,5,80,32,600.0,0,0.0,4,5.0,5,590.96,12.9,303,true,completed
BF_BF24_h5s20n6.txt,BBLCT,20,5,80,32,600.0,0,0.0,2,2.5,5,592.92,56.7,857,true,completed
BF_BF24_h5s20n7.txt,BBLCT,20,5,80,32,600.0,0,0.0,1,1.2,2,196.17,40.6,624,true,completed
BF_BF24_h5s20n8.txt,BBLCT,20,5,80,32,600.0,0,0.0,2,2.5,5,589.75,16.4,255,true,completed
BF_BF24_h5s20n9.txt,BBLCT,20,5,80,32,600.0,1,1.2,6,7.5,6,598.90,363.0,5450,true,completed
BF_BF25_h8s20n1.txt,BBLCT,20,8,96,20,600.0,1,1.0,3,3.1,5,586.49,145.7,1148,true,completed
BF_BF25_h8s20n10.txt,BBLCT,20,8,96,20,600.0,1,1.0,3,3.1,5,596.77,5420.4,24116,true,completed
BF_BF25_h8s20n11.txt,BBLCT,20,8,96,20,600.0,3,3.1,4,4.2,4,590.37,141.8,670,true,completed
BF_BF25_h8s20n12.txt,BBLCT,20,8,96,20,600.0,1,1.0,4,4.2,5,594.32,1507.2,6465,true,completed
BF_BF25_h8s20n13.txt,BBLCT,20,8,96,20,600.0,1,1.0,4,4.2,5,597.76,6259.3,25945,true,completed
BF_BF25_h8s20n14.txt,BBLCT,20,8,96,20,600.0,2,2.1,3,3.1,1,159.99,6981.0,26117,true,completed
BF_BF25_h8s20n15.txt,BBLCT,20,8,96,20,600.0,1,1.0,3,3.1,4,587.04,271.9,1447,true,completed
BF_BF25_h8s20n16.txt,BBLCT,20,8,96,20,600.0,1,1.0,3,3.1,4,594.26,234.3,769,true,completed
BF_BF25_h8s20n17.txt,BBLCT,20,8,96,20,600.0,0,0.0,3,3.1,4,536.49,1874.7,9194,true,completed
BF_BF25_h8s20n18.txt,BBLCT,20,8,96,20,600.0,2,2.1,4,4.2,3,321.37,923.5,3514,true,completed
BF_BF25_h8s20n19.txt,BBLCT,20,8,96,20,600.0,2,2.1,4,4.2,5,599.00,135.0,1030,true,completed
BF_BF25_h8s20n2.txt,BBLCT,20,8,96,20,600.0,1,1.0,3,3.1,5,597.12,276.4,1359,true,completed
BF_BF25_h8s20n20.txt,BBLCT,20,8,96,20,600.0,1,1.0,3,3.1,5,588.00,204.0,765,true,completed
BF_BF25_h8s20n3.txt,BBLCT,20,8,96,20,600.0,1,1.0,4,4.2,5,598.75,2706.1,10197,true,completed
BF_BF25_h8s20n4.txt,BBLCT,20,8,96,20,600.0,1,1.0,3,3.1,3,350.51,644.3,2614,true,completed
BF_BF25_h8s20n5.txt,BBLCT,20,8,96,20,600.0,1,1.0,3,3.1,4,581.71,129.6,991,true,completed
BF_BF25_h8s20n6.txt,BBLCT,20,8,96,20,600.0,0,0.0,3,3.1,6,587.90,283.2,1541,true,completed
BF_BF25_h8s20n7.txt,BBLCT,20,8,96,20,600.0,0,0.0,3,3.1,5,599.93,1135.8,3712,true,completed
BF_BF25_h8s20n8.txt,BBLCT,20,8,96,20,600.0,3,3.1,7,7.3,4,585.47,157.4,721,true,completed
BF_BF25_h8s20n9.txt,BBLCT,20,8,96,20,600.0,1,1.0,3,3.1,2,230.31,11261.6,48220,true,completed
BF_BF26_h8s20n1.txt,BBLCT,20,8,96,20,600.0,1,1.0,2,2.1,2,193.09,1683.4,11807,true,completed
BF_BF26_h8s20n10.txt,BBLCT,20,8,96,20,600.0,1,1.0,4,4.2,6,594.64,702.9,2823,true,completed
BF_BF26_h8s20n11.txt,BBLCT,20,8,96,20,600.0,2,2.1,3,3.1,2,203.31,1071.9,4733,true,completed
BF_BF26_h8s20n12.txt,BBLCT,20,8,96,20,600.0,0,0.0,2,2.1,3,325.13,179.5,944,true,completed
BF_BF26_h8s20n13.txt,BBLCT,20,8,96,20,600.0,0,0.0,3,3.1,5,599.02,1460.2,7498,true,completed
BF_BF26_h8s20n14.txt,BBLCT,20,8,96,20,600.0,0,0.0,2,2.1,4,548.94,40.9,498,true,completed
BF_BF26_h8s20n15.txt,BBLCT,20,8,96,20,600.0,0,0.0,2,2.1,4,522.41,113.7,658,true,completed
BF_BF26_h8s20n16.txt,BBLCT,20,8,96,20,600.0,0,0.0,3,3.1,5,585.11,4880.5,29311,true,completed
BF_BF26_h8s20n17.txt,BBLCT,20,8,96,20,600.0,0,0.0,3,3.1,5,597.56,851.6,4417,true,completed
BF_BF26_h8s20n18.txt,BBLCT,20,8,96,20,600.0,1,1.0,3,3.1,5,599.76,922.6,28605,true,completed
BF_BF26_h8s20n19.txt,BBLCT,20,8,96,20,600.0,2,2.1,4,4.2,2,204.93,53524.8,269489,true,completed
BF_BF26_h8s20n2.txt,BBLCT,20,8,96,20,600.0,2,2.1,4,4.2,5,594.39,157.6,1144,true,completed
BF_BF26_h8s20n20.txt,BBLCT,20,8,96,20,600.0,1,1.0,4,4.2,5,595.08,187.9,952,true,completed
BF_BF26_h8s20n3.txt,BBLCT,20,8,96,20,600.0,2,2.1,4,4.2,4,579.26,6840.7,39789,true,completed
BF_BF26_h8s20n4.txt,BBLCT,20,8,96,20,600.0,0,0.0,3,3.1,3,280.29,282.9,1283,true,completed
BF_BF26_h8s20n5.txt,BBLCT,20,8,96,20,600.0,1,1.0,2,2.1,5,587.29,84.2,442,true,completed
BF_BF26_h8s20n6.txt,BBLCT,20,8,96,20,600.0,1,1.0,3,3.1,4,592.31,2218.7,12923,true,completed
BF_BF26_h8s20n7.txt,BBLCT,20,8,96,20,600.0,1,1.0,3,3.1,5,589.53,155.1,1006,true,completed
BF_BF26_h8s20n8.txt,BBLCT,20,8,96,20,600.0,0,0.0,2,2.1,2,201.33,72.9,531,true,completed
BF_BF26_h8s20n9.txt,BBLCT,20,8,96,20,600.0,1,1.0,2,2.1,1,123.31,8050.0,41972,true,completed
BF_BF27_h8s20n1.txt,BBLCT,20,8,96,39,600.0,1,1.0,5,5.2,6,599.55,316.3,1154,true,completed
BF_BF27_h8s20n10.txt,BBLCT,20,8,96,39,600.0,0,0.0,2,2.1,5,597.90,185.5,1266,true,completed
BF_BF27_h8s20n11.txt,BBLCT,20,8,96,39,600.0,1,1.0,5,5.2,3,418.88,298.8,999,true,completed
BF_BF27_h8s20n12.txt,BBLCT,20,8,96,39,600.0,0,0.0,1,1.0,5,572.95,153.7,946,true,completed
BF_BF27_h8s20n13.txt,BBLCT,20,8,96,39,600.0,0,0.0,1,1.0,5,594.81,218.3,822,true,completed
BF_BF27_h8s20n14.txt,BBLCT,20,8,96,39,600.0,2,2.1,4,4.2,5,573.46,202.9,760,true,completed
BF_BF27_h8s20n15.txt,BBLCT,20,8,96,39,600.0,1,1.0,2,2.1,4,577.68,137.5,889,true,completed
BF_BF27_h8s20n16.txt,BBLCT,20,8,96,39,600.0,0,0.0,3,3.1,5,597.36,745.8,3405,true,completed
BF_BF27_h8s20n17.txt,BBLCT,20,8,96,39,600.0,1,1.0,4,4.2,5,599.36,105.4,622,true,completed
BF_BF27_h8s20n18.txt,BBLCT,20,8,96,39,600.0,0,0.0,2,2.1,2,294.34,568.8,2322,true,completed
BF_BF27_h8s20n19.txt,BBLCT,20,8,96,39,600.0,2,2.1,2,2.1,0,0.00,0.3,1,true,completed
BF_BF27_h8s20n2.txt,BBLCT,20,8,96,39,600.0,1,1.0,3,3.1,2,268.15,19103.9,55294,true,completed
BF_BF27_h8s20n20.txt,BBLCT,20,8,96,39,600.0,1,1.0,5,5.2,3,325.04,1940.9,8132,true,completed
BF_BF27_h8s20n3.txt,BBLCT,20,8,96,39,600.0,0,0.0,1,1.0,4,565.21,211.7,1339,true,completed
BF_BF27_h8s20n4.txt,BBLCT,20,8,96,39,600.0,1,1.0,4,4.2,5,549.50,4351.5,17428,true,completed
BF_BF27_h8s20n5.txt,BBLCT,20,8,96,39,600.0,2,2.1,4,4.2,4,585.58,56.5,365,true,completed
BF_BF27_h8s20n6.txt,BBLCT,20,8,96,39,600.0,2,2.1,4,4.2,4,588.72,135.6,620,true,completed
BF_BF27_h8s20n7.txt,BBLCT,20,8,96,39,600.0,0,0.0,4,4.2,5,596.82,156.8,459,true,completed
BF_BF27_h8s20n8.txt,BBLCT,20,8,96,39,600.0,1,1.0,1,1.0,0,0.00,0.3,1,true,completed
BF_BF27_h8s20n9.txt,BBLCT,20,8,96,39,600.0,0,0.0,5,5.2,4,592.22,241.7,973,true,completed
BF_BF28_h8s20n1.txt,BBLCT,20,8,96,39,600.0,1,1.0,4,4.2,2,289.30,170.3,774,true,completed
BF_BF28_h8s20n10.txt,BBLCT,20,8,96,39,600.0,1,1.0,4,4.2,5,586.01,323.9,1951,true,completed
BF_BF28_h8s20n11.txt,BBLCT,20,8,96,39,600.0,1,1.0,4,4.2,6,597.84,159.3,1200,true,completed
BF_BF28_h8s20n12.txt,BBLCT,20,8,96,39,600.0,0,0.0,2,2.1,4,574.46,25.8,235,true,completed
BF_BF28_h8s20n13.txt,BBLCT,20,8,96,39,600.0,1,1.0,2,2.1,4,423.45,156.4,667,true,completed
BF_BF28_h8s20n14.txt,BBLCT,20,8,96,39,600.0,1,1.0,2,2.1,5,597.00,103.3,799,true,completed
BF_BF28_h8s20n15.txt,BBLCT,20,8,96,39,600.0,0,0.0,2,2.1,5,546.74,18144.4,107740,true,completed
BF_BF28_h8s20n16.txt,BBLCT,20,8,96,39,600.0,1,1.0,2,2.1,1,94.58,76.2,601,true,completed
BF_BF28_h8s20n17.txt,BBLCT,20,8,96,39,600.0,1,1.0,3,3.1,4,592.82,71.8,286,true,completed
BF_BF28_h8s20n18.txt,BBLCT,20,8,96,39,600.0,0,0.0,1,1.0,4,595.46,772.6,6009,true,completed
BF_BF28_h8s20n19.txt,BBLCT,20,8,96,39,600.0,0,0.0,2,2.1,6,598.54,684.9,3098,true,completed
BF_BF28_h8s20n2.txt,BBLCT,20,8,96,39,600.0,0,0.0,2,2.1,5,579.03,89.6,676,true,completed
BF_BF28_h8s20n20.txt,BBLCT,20,8,96,39,600.0,0,0.0,1,1.0,2,304.47,29298.9,132185,true,completed
BF_BF28_h8s20n3.txt,BBLCT,20,8,96,39,600.0,0,0.0,1,1.0,4,425.71,103.0,983,true,completed
BF_BF28_h8s20n4.txt,BBLCT,20,8,96,39,600.0,0,0.0,1,1.0,1,107.25,68.3,661,true,completed
BF_BF28_h8s20n5.txt,BBLCT,20,8,96,39,600.0,0,0.0,1,1.0,5,597.86,65.0,492,true,completed
BF_BF28_h8s20n6.txt,BBLCT,20,8,96,39,600.0,0,0.0,2,2.1,5,587.99,137.2,964,true,completed
BF_BF28_h8s20n7.txt,BBLCT,20,8,96,39,600.0,0,0.0,2,2.1,6,595.81,129.7,881,true,completed
BF_BF28_h8s20n8.txt,BBLCT,20,8,96,39,600.0,0,0.0,1,1.0,1,89.52,85.3,813,true,completed
BF_BF28_h8s20n9.txt,BBLCT,20,8,96,39,600.0,0,0.0,1,1.0,1,135.84,157.5,1137,true,completed
BF_BF29_h8s20n1.txt,BBLCT,20,8,128,26,600.0,1,0.8,5,3.9,6,597.15,3584.3,17159,true,completed
BF_BF29_h8s20n10.txt,BBLCT,20,8,128,26,600.0,0,0.0,3,2.3,6,589.15,37867.0,195936,true,completed
BF_BF29_h8s20n11.txt,BBLCT,20,8,128,26,600.0,1,0.8,2,1.6,3,327.20,1218.3,4921,true,completed
BF_BF29_h8s20n12.txt,BBLCT,20,8,128,26,600.0,0,0.0,2,1.6,3,255.78,26358.7,136466,true,completed
BF_BF29_h8s20n13.txt,BBLCT,20,8,128,26,600.0,1,0.8,4,3.1,6,597.89,223.7,1256,true,completed
BF_BF29_h8s20n14.txt,BBLCT,20,8,128,26,600.0,1,0.8,3,2.3,4,588.18,3185.8,19251,true,completed
BF_BF29_h8s20n15.txt,BBLCT,20,8,128,26,600.0,2,1.6,4,3.1,5,571.52,375.8,2029,true,completed
BF_BF29_h8s20n16.txt,BBLCT,20,8,128,26,600.0,0,0.0,3,2.3,4,447.57,6918.6,34315,true,completed
BF_BF29_h8s20n17.txt,BBLCT,20,8,128,26,600.0,0,0.0,2,1.6,5,595.44,4256.3,19584,true,completed
BF_BF29_h8s20n18.txt,BBLCT,20,8,128,26,600.0,2,1.6,4,3.1,5,594.70,2811.4,12284,true,completed
BF_BF29_h8s20n19.txt,BBLCT,20,8,128,26,600.0,2,1.6,3,2.3,3,291.33,3497.1,14533,true,completed
BF_BF29_h8s20n2.txt,BBLCT,20,8,128,26,600.0,0,0.0,2,1.6,5,596.77,36902.5,156297,true,completed
BF_BF29_h8s20n20.txt,BBLCT,20,8,128,26,600.0,0,0.0,2,1.6,4,441.93,2214.9,10987,true,completed
BF_BF29_h8s20n3.txt,BBLCT,20,8,128,26,600.0,0,0.0,2,1.6,5,564.39,998.9,4599,true,completed
BF_BF29_h8s20n4.txt,BBLCT,20,8,128,26,600.0,2,1.6,4,3.1,5,566.95,113.8,975,true,completed
BF_BF29_h8s20n5.txt,BBLCT,20,8,128,26,600.0,2,1.6,4,3.1,6,598.96,145.7,1026,true,completed
BF_BF29_h8s20n6.txt,BBLCT,20,8,128,26,600.0,0,0.0,3,2.3,5,583.77,664.3,3786,true,completed
BF_BF29_h8s20n7.txt,BBLCT,20,8,128,26,600.0,0,0.0,2,1.6,5,593.40,225.6,1103,true,completed
BF_BF29_h8s20n8.txt,BBLCT,20,8,128,26,600.0,1,0.8,3,2.3,6,595.62,1089.6,5336,true,completed
BF_BF29_h8s20n9.txt,BBLCT,20,8,128,26,600.0,2,1.6,4,3.1,6,581.81,966.5,3867,true,completed
BF_BF2_h5s16n1.txt,BBLCT,16,5,48,10,600.0,1,2.1,5,10.4,6,599.33,252.4,3600,true,completed
BF_BF2_h5s16n10.txt,BBLCT,16,5,48,10,600.0,2,4.2,4,8.3,6,555.18,13.3,375,true,completed
BF_BF2_h5s16n11.txt,BBLCT,16,5,48,10,600.0,2,4.2,4,8.3,5,522.22,44.1,852,true,completed
BF_BF2_h5s16n12.txt,BBLCT,16,5,48,10,600.0,1,2.1,3,6.2,4,408.28,285.9,4258,true,completed
BF_BF2_h5s16n13.txt,BBLCT,16,5,48,10,600.0,1,2.1,6,12.5,5,598.75,44.7,857,true,completed
BF_BF2_h5s16n14.txt,BBLCT,16,5,48,10,600.0,1,2.1,4,8.3,6,596.80,250.2,4256,true,completed
BF_BF2_h5s16n15.txt,BBLCT,16,5,48,10,600.0,1,2.1,3,6.2,5,597.77,2118.4,31030,true,completed
BF_BF2_h5s16n16.txt,BBLCT,16,5,48,10,600.0,0,0.0,3,6.2,6,594.82,11.7,362,true,completed
BF_BF2_h5s16n17.txt,BBLCT,16,5,48,10,600.0,2,4.2,6,12.5,5,576.56,129.9,2160,true,completed
BF_BF2_h5s16n18.txt,BBLCT,16,5,48,10,600.0,1,2.1,3,6.2,3,303.34,25.4,459,true,completed
BF_BF2_h5s16n19.txt,BBLCT,16,5,48,10,600.0,0,0.0,4,8.3,5,599.08,141.4,2985,true,completed
BF_BF2_h5s16n2.txt,BBLCT,16,5,48,10,600.0,1,2.1,4,8.3,6,589.44,2231.5,27776,true,completed
BF_BF2_h5s16n20.txt,BBLCT,16,5,48,10,600.0,1,2.1,5,10.4,6,599.64,34.1,476,true,completed
BF_BF2_h5s16n3.txt,BBLCT,16,5,48,10,600.0,1,2.1,3,6.2,6,595.87,50.5,735,true,completed
BF_BF2_h5s16n4.txt,BBLCT,16,5,48,10,600.0,2,4.2,4,8.3,6,598.85,14.4,346,true,completed
BF_BF2_h5s16n5.txt,BBLCT,16,5,48,10,600.0,1,2.1,5,10.4,2,163.49,43.1,1003,true,completed
BF_BF2_h5s16n6.txt,BBLCT,16,5,48,10,600.0,1,2.1,3,6.2,5,552.79,33.1,518,true,completed
BF_BF2_h5s16n7.txt,BBLCT,16,5,48,10,600.0,4,8.3,7,14.6,6,597.11,23.2,533,true,completed
BF_BF2_h5s16n8.txt,BBLCT,16,5,48,10,600.0,0,0.0,3,6.2,6,557.83,73.4,1389,true,completed
BF_BF2_h5s16n9.txt,BBLCT,16,5,48,10,600.0,1,2.1,4,8.3,6,588.44,24.6,529,true,completed
BF_BF30_h8s20n1.txt,BBLCT,20,8,128,26,600.0,1,0.8,3,2.3,4,365.66,717.0,3299,true,completed
BF_BF30_h8s20n10.txt,BBLCT,20,8,128,26,600.0,0,0.0,2,1.6,2,208.04,7871.1,34499,true,completed
BF_BF30_h8s20n11.txt,BBLCT,20,8,128,26,600.0,2,1.6,3,2.3,2,188.41,114.6,601,true,completed
BF_BF30_h8s20n12.txt,BBLCT,20,8,128,26,600.0,0,0.0,1,0.8,5,593.56,100.5,629,true,completed
BF_BF30_h8s20n13.txt,BBLCT,20,8,128,26,600.0,1,0.8,3,2.3,3,314.32,2735.0,13485,true,completed
BF_BF30_h8s20n14.txt,BBLCT,20,8,128,26,600.0,1,0.8,1,0.8,0,0.00,595046.2,15535104,false,cpu_limit
BF_BF30_h8s20n15.txt,BBLCT,20,8,128,26,600.0,1,0.8,2,1.6,6,594.90,427.0,1851,true,completed
BF_BF30_h8s20n16.txt,BBLCT,20,8,128,26,600.0,1,0.8,3,2.3,7,593.72,197.3,1117,true,completed
BF_BF30_h8s20n17.txt,BBLCT,20,8,128,26,600.0,1,0.8,2,1.6,2,200.96,4844.8,28346,true,completed
BF_BF30_h8s20n18.txt,BBLCT,20,8,128,26,600.0,1,0.8,2,1.6,5,584.03,14850.3,79595,true,completed
BF_BF30_h8s20n19.txt,BBLCT,20,8,128,26,600.0,0,0.0,3,2.3,5,599.10,266.3,1636,true,completed
BF_BF30_h8s20n2.txt,BBLCT,20,8,128,26,600.0,1,0.8,2,1.6,1,106.29,12297.5,50222,true,completed
BF_BF30_h8s20n20.txt,BBLCT,20,8,128,26,600.0,2,1.6,3,2.3,4,428.86,894.1,4149,true,completed
BF_BF30_h8s20n3.txt,BBLCT,20,8,128,26,600.0,1,0.8,4,3.1,6,598.83,374.2,2103,true,completed
BF_BF30_h8s20n4.txt,BBLCT,20,8,128,26,600.0,1,0.8,3,2.3,6,593.43,109.4,735,true,completed
BF_BF30_h8s20n5.txt,BBLCT,20,8,128,26,600.0,1,0.8,2,1.6,1,108.69,4372.9,24259,true,completed
BF_BF30_h8s20n6.txt,BBLCT,20,8,128,26,600.0,0,0.0,2,1.6,5,585.58,80.7,520,true,completed
BF_BF30_h8s20n7.txt,BBLCT,20,8,128,26,600.0,2,1.6,3,2.3,5,596.28,1790.0,9534,true,completed
BF_BF30_h8s20n8.txt,BBLCT,20,8,128,26,600.0,1,0.8,2,1.6,3,294.39,2694.9,13277,true,completed
BF_BF30_h8s20n9.txt,BBLCT,20,8,128,26,600.0,3,2.3,4,3.1,1,142.67,1041.5,5233,true,completed
BF_BF31_h8s20n1.txt,BBLCT,20,8,128,52,600.0,0,0.0,1,0.8,5,596.63,1644.4,7485,true,completed
BF_BF31_h8s20n10.txt,BBLCT,20,8,128,52,600.0,0,0.0,1,0.8,1,125.59,160.9,1042,true,completed
BF_BF31_h8s20n11.txt,BBLCT,20,8,128,52,600.0,0,0.0,1,0.8,1,131.35,2466.8,9574,true,completed
BF_BF31_h8s20n12.txt,BBLCT,20,8,128,52,600.0,1,0.8,3,2.3,5,598.43,8563.4,34608,true,completed
BF_BF31_h8s20n13.txt,BBLCT,20,8,128,52,600.0,1,0.8,2,1.6,5,595.34,111.2,794,true,completed
BF_BF31_h8s20n14.txt,BBLCT,20,8,128,52,600.0,0,0.0,1,0.8,6,595.49,98.9,780,true,completed
BF_BF31_h8s20n15.txt,BBLCT,20,8,128,52,600.0,0,0.0,5,3.9,6,594.75,153.3,984,true,completed
BF_BF31_h8s20n16.txt,BBLCT,20,8,128,52,600.0,2,1.6,3,2.3,3,320.91,2199.2,10229,true,completed
BF_BF31_h8s20n17.txt,BBLCT,20,8,128,52,600.0,0,0.0,3,2.3,6,599.62,125.3,904,true,completed
BF_BF31_h8s20n18.txt,BBLCT,20,8,128,52,600.0,0,0.0,2,1.6,6,594.01,153.5,879,true,completed
BF_BF31_h8s20n19.txt,BBLCT,20,8,128,52,600.0,0,0.0,1,0.8,5,590.81,310.0,1203,true,completed
BF_BF31_h8s20n2.txt,BBLCT,20,8,128,52,600.0,3,2.3,4,3.1,5,598.59,41.1,129,true,completed
BF_BF31_h8s20n20.txt,BBLCT,20,8,128,52,600.0,0,0.0,1,0.8,5,583.36,98.2,748,true,completed
BF_BF31_h8s20n3.txt,BBLCT,20,8,128,52,600.0,3,2.3,4,3.1,5,598.71,121.3,773,true,completed
BF_BF31_h8s20n4.txt,BBLCT,20,8,128,52,600.0,2,1.6,3,2.3,5,594.76,135.8,755,true,completed
BF_BF31_h8s20n5.txt,BBLCT,20,8,128,52,600.0,0,0.0,2,1.6,3,265.89,264.9,1127,true,completed
BF_BF31_h8s20n6.txt,BBLCT,20,8,128,52,600.0,1,0.8,1,0.8,0,0.00,0.3,1,true,completed
BF_BF31_h8s20n7.txt,BBLCT,20,8,128,52,600.0,0,0.0,2,1.6,6,598.42,249.7,1150,true,completed
BF_BF31_h8s20n8.txt,BBLCT,20,8,128,52,600.0,0,0.0,1,0.8,5,597.51,97.0,660,true,completed
BF_BF31_h8s20n9.txt,BBLCT,20,8,128,52,600.0,1,0.8,4,3.1,5,570.07,227.8,969,true,completed
BF_BF32_h8s20n1.txt,BBLCT,20,8,128,52,600.0,0,0.0,1,0.8,2,180.83,97.8,1032,true,completed
BF_BF32_h8s20n10.txt,BBLCT,20,8,128,52,600.0,0,0.0,1,0.8,3,300.81,60.9,354,true,completed
BF_BF32_h8s20n11.txt,BBLCT,20,8,128,52,600.0,0,0.0,1,0.8,3,309.30,2154.0,14924,true,completed
BF_BF32_h8s20n12.txt,BBLCT,20,8,128,52,600.0,1,0.8,2,1.6,5,595.77,23.8,194,true,completed
BF_BF32_h8s20n13.txt,BBLCT,20,8,128,52,600.0,1,0.8,2,1.6,5,599.70,7.7,44,true,completed
BF_BF32_h8s20n14.txt,BBLCT,20,8,128,52,600.0,0,0.0,0,0.0,0,0.00,0.2,1,true,completed
BF_BF32_h8s20n15.txt,BBLCT,20,8,128,52,600.0,0,0.0,0,0.0,0,0.00,0.3,1,true,completed
BF_BF32_h8s20n16.txt,BBLCT,20,8,128,52,600.0,1,0.8,2,1.6,6,598.93,146.7,740,true,completed
BF_BF32_h8s20n17.txt,BBLCT,20,8,128,52,600.0,0,0.0,1,0.8,5,591.74,210.2,1043,true,completed
BF_BF32_h8s20n18.txt,BBLCT,20,8,128,52,600.0,0,0.0,1,0.8,1,108.76,129.2,1010,true,completed
BF_BF32_h8s20n19.txt,BBLCT,20,8,128,52,600.0,1,0.8,3,2.3,6,593.12,446.5,2492,true,completed
BF_BF32_h8s20n2.txt,BBLCT,20,8,128,52,600.0,0,0.0,3,2.3,6,599.95,259.0,1567,true,completed
BF_BF32_h8s20n20.txt,BBLCT,20,8,128,52,600.0,0,0.0,1,0.8,5,599.11,379.5,2629,true,completed
BF_BF32_h8s20n3.txt,BBLCT,20,8,128,52,600.0,1,0.8,2,1.6,6,598.83,45.5,461,true,completed
BF_BF32_h8s20n4.txt,BBLCT,20,8,128,52,600.0,1,0.8,2,1.6,3,286.99,1345.0,5156,true,completed
BF_BF32_h8s20n5.txt,BBLCT,20,8,128,52,600.0,0,0.0,2,1.6,5,558.76,3672.3,21031,true,completed
BF_BF32_h8s20n6.txt,BBLCT,20,8,128,52,600.0,0,0.0,3,2.3,2,244.65,349.2,1489,true,completed
BF_BF32_h8s20n7.txt,BBLCT,20,8,128,52,600.0,0,0.0,2,1.6,6,592.92,108.3,911,true,completed
BF_BF32_h8s20n8.txt,BBLCT,20,8,128,52,600.0,0,0.0,1,0.8,1,95.30,70.2,678,true,completed
BF_BF32_h8s20n9.txt,BBLCT,20,8,128,52,600.0,0,0.0,1,0.8,5,597.83,79.0,502,true,completed
BF_BF3_h5s16n1.txt,BBLCT,16,5,48,20,600.0,1,2.1,4,8.3,5,563.04,22.8,491,true,completed
BF_BF3_h5s16n10.txt,BBLCT,16,5,48,20,600.0,1,2.1,5,10.4,6,599.73,16.4,293,true,completed
BF_BF3_h5s16n11.txt,BBLCT,16,5,48,20,600.0,0,0.0,2,4.2,6,596.63,30.4,565,true,completed
BF_BF3_h5s16n12.txt,BBLCT,16,5,48,20,600.0,1,2.1,2,4.2,5,559.94,36.5,780,true,completed
BF_BF3_h5s16n13.txt,BBLCT,16,5,48,20,600.0,1,2.1,4,8.3,5,587.29,18.1,376,true,completed
BF_BF3_h5s16n14.txt,BBLCT,16,5,48,20,600.0,2,4.2,6,12.5,6,598.55,50.8,713,true,completed
BF_BF3_h5s16n15.txt,BBLCT,16,5,48,20,600.0,0,0.0,1,2.1,2,196.18,40.9,779,true,completed
BF_BF3_h5s16n16.txt,BBLCT,16,5,48,20,600.0,1,2.1,5,10.4,6,596.63,117.1,1428,true,completed
BF_BF3_h5s16n17.txt,BBLCT,16,5,48,20,600.0,1,2.1,5,10.4,6,599.54,49.2,694,true,completed
BF_BF3_h5s16n18.txt,BBLCT,16,5,48,20,600.0,2,4.2,4,8.3,6,597.07,58.0,743,true,completed
BF_BF3_h5s16n19.txt,BBLCT,16,5,48,20,600.0,1,2.1,5,10.4,6,579.99,67.1,946,true,completed
BF_BF3_h5s16n2.txt,BBLCT,16,5,48,20,600.0,0,0.0,5,10.4,6,589.64,59.0,944,true,completed
BF_BF3_h5s16n20.txt,BBLCT,16,5,48,20,600.0,1,2.1,2,4.2,3,306.40,34.4,719,true,completed
BF_BF3_h5s16n3.txt,BBLCT,16,5,48,20,600.0,2,4.2,5,10.4,3,336.50,23.4,399,true,completed
BF_BF3_h5s16n4.txt,BBLCT,16,5,48,20,600.0,1,2.1,6,12.5,5,483.04,57.1,1090,true,completed
BF_BF3_h5s16n5.txt,BBLCT,16,5,48,20,600.0,1,2.1,6,12.5,6,594.00,66.0,992,true,completed
BF_BF3_h5s16n6.txt,BBLCT,16,5,48,20,600.0,1,2.1,4,8.3,5,582.87,23.3,468,true,completed
BF_BF3_h5s16n7.txt,BBLCT,16,5,48,20,600.0,1,2.1,5,10.4,6,587.34,129.4,2116,true,completed
BF_BF3_h5s16n8.txt,BBLCT,16,5,48,20,600.0,0,0.0,5,10.4,6,598.94,48.9,812,true,completed
BF_BF3_h5s16n9.txt,BBLCT,16,5,48,20,600.0,1,2.1,3,6.2,4,444.40,50.5,591,true,completed
BF_BF4_h5s16n1.txt,BBLCT,16,5,48,20,600.0,0,0.0,3,6.2,6,596.87,170.2,2944,true,completed
BF_BF4_h5s16n10.txt,BBLCT,16,5,48,20,600.0,0,0.0,5,10.4,6,596.96,57.3,1161,true,completed
BF_BF4_h5s16n11.txt,BBLCT,16,5,48,20,600.0,0,0.0,3,6.2,5,598.43,15.6,291,true,completed
BF_BF4_h5s16n12.txt,BBLCT,16,5,48,20,600.0,0,0.0,4,8.3,5,595.74,33.2,659,true,completed
BF_BF4_h5s16n13.txt,BBLCT,16,5,48,20,600.0,1,2.1,4,8.3,6,586.68,16.5,455,true,completed
BF_BF4_h5s16n14.txt,BBLCT,16,5,48,20,600.0,1,2.1,9,18.8,6,599.96,878.7,32877,true,completed
BF_BF4_h5s16n15.txt,BBLCT,16,5,48,20,600.0,0,0.0,2,4.2,5,588.55,59.0,1319,true,completed
BF_BF4_h5s16n16.txt,BBLCT,16,5,48,20,600.0,1,2.1,4,8.3,6,577.81,13.3,307,true,completed
BF_BF4_h5s16n17.txt,BBLCT,16,5,48,20,600.0,1,2.1,4,8.3,2,183.69,37.0,806,true,completed
BF_BF4_h5s16n18.txt,BBLCT,16,5,48,20,600.0,1,2.1,4,8.3,5,562.53,8.2,215,true,completed
BF_BF4_h5s16n19.txt,BBLCT,16,5,48,20,600.0,1,2.1,8,16.7,5,595.91,23.3,515,true,completed
BF_BF4_h5s16n2.txt,BBLCT,16,5,48,20,600.0,1,2.1,4,8.3,6,596.58,16.9,468,true,completed
BF_BF4_h5s16n20.txt,BBLCT,16,5,48,20,600.0,1,2.1,6,12.5,6,599.29,41.0,665,true,completed
BF_BF4_h5s16n3.txt,BBLCT,16,5,48,20,600.0,0,0.0,6,12.5,5,570.70,484.4,13015,true,completed
BF_BF4_h5s16n4.txt,BBLCT,16,5,48,20,600.0,0,0.0,4,8.3,5,596.17,49.5,1053,true,completed
BF_BF4_h5s16n5.txt,BBLCT,16,5,48,20,600.0,0,0.0,1,2.1,5,595.46,49.2,850,true,completed
BF_BF4_h5s16n6.txt,BBLCT,16,5,48,20,600.0,2,4.2,7,14.6,6,588.42,10.6,260,true,completed
BF_BF4_h5s16n7.txt,BBLCT,16,5,48,20,600.0,0,0.0,3,6.2,5,515.20,330.5,4793,true,completed
BF_BF4_h5s16n8.txt,BBLCT,16,5,48,20,600.0,0,0.0,2,4.2,5,599.86,6621.7,86091,true,completed
BF_BF4_h5s16n9.txt,BBLCT,16,5,48,20,600.0,0,0.0,2,4.2,5,583.90,2303.9,36203,true,completed
BF_BF5_h5s16n1.txt,BBLCT,16,5,64,13,600.0,1,1.6,3,4.7,5,532.59,24.6,539,true,completed
BF_BF5_h5s16n10.txt,BBLCT,16,5,64,13,600.0,1,1.6,8,12.5,6,558.90,106.4,1560,true,completed
BF_BF5_h5s16n11.txt,BBLCT,16,5,64,13,600.0,1,1.6,4,6.2,6,593.48,33.3,567,true,completed
BF_BF5_h5s16n12.txt,BBLCT,16,5,64,13,600.0,1,1.6,6,9.4,6,572.80,27.2,598,true,completed
BF_BF5_h5s16n13.txt,BBLCT,16,5,64,13,600.0,0,0.0,3,4.7,7,597.73,421.8,5993,true,completed
BF_BF5_h5s16n14.txt,BBLCT,16,5,64,13,600.0,2,3.1,4,6.2,6,587.21,27.3,465,true,completed
BF_BF5_h5s16n15.txt,BBLCT,16,5,64,13,600.0,3,4.7,6,9.4,5,595.49,428.9,7959,true,completed
BF_BF5_h5s16n16.txt,BBLCT,16,5,64,13,600.0,1,1.6,3,4.7,6,599.98,36.0,570,true,completed
BF_BF5_h5s16n17.txt,BBLCT,16,5,64,13,600.0,1,1.6,5,7.8,6,597.48,42.9,650,true,completed
BF_BF5_h5s16n18.txt,BBLCT,16,5,64,13,600.0,1,1.6,3,4.7,6,591.51,233.6,2797,true,completed
BF_BF5_h5s16n19.txt,BBLCT,16,5,64,13,600.0,2,3.1,5,7.8,6,595.96,293.0,4473,true,completed
BF_BF5_h5s16n2.txt,BBLCT,16,5,64,13,600.0,1,1.6,5,7.8,6,596.99,26.8,605,true,completed
BF_BF5_h5s16n20.txt,BBLCT,16,5,64,13,600.0,2,3.1,4,6.2,5,597.34,30.1,556,true,completed
BF_BF5_h5s16n3.txt,BBLCT,16,5,64,13,600.0,2,3.1,8,12.5,6,594.16,32.4,413,true,completed
BF_BF5_h5s16n4.txt,BBLCT,16,5,64,13,600.0,4,6.2,8,12.5,6,599.19,444.6,6769,true,completed
BF_BF5_h5s16n5.txt,BBLCT,16,5,64,13,600.0,1,1.6,4,6.2,6,591.19,250.1,3670,true,completed
BF_BF5_h5s16n6.txt,BBLCT,16,5,64,13,600.0,0,0.0,5,7.8,6,594.81,42.3,554,true,completed
BF_BF5_h5s16n7.txt,BBLCT,16,5,64,13,600.0,0,0.0,3,4.7,6,587.59,73.7,1284,true,completed
BF_BF5_h5s16n8.txt,BBLCT,16,5,64,13,600.0,0,0.0,3,4.7,6,596.06,2464.7,30694,true,completed
BF_BF5_h5s16n9.txt,BBLCT,16,5,64,13,600.0,1,1.6,6,9.4,6,566.64,72.7,734,true,completed
BF_BF6_h5s16n1.txt,BBLCT,16,5,64,13,600.0,2,3.1,6,9.4,6,597.68,124.8,3452,true,completed
BF_BF6_h5s16n10.txt,BBLCT,16,5,64,13,600.0,1,1.6,2,3.1,3,332.26,65.6,1332,true,completed
BF_BF6_h5s16n11.txt,BBLCT,16,5,64,13,600.0,0,0.0,2,3.1,4,433.04,13.5,273,true,completed
BF_BF6_h5s16n12.txt,BBLCT,16,5,64,13,600.0,0,0.0,2,3.1,2,200.80,7.4,238,true,completed
BF_BF6_h5s16n13.txt,BBLCT,16,5,64,13,600.0,2,3.1,4,6.2,6,599.10,678.0,14023,true,completed
BF_BF6_h5s16n14.txt,BBLCT,16,5,64,13,600.0,1,1.6,3,4.7,3,294.87,149.9,4128,true,completed
BF_BF6_h5s16n15.txt,BBLCT,16,5,64,13,600.0,0,0.0,3,4.7,6,598.49,13.3,380,true,completed
BF_BF6_h5s16n16.txt,BBLCT,16,5,64,13,600.0,2,3.1,8,12.5,5,502.30,525.3,9689,true,completed
BF_BF6_h5s16n17.txt,BBLCT,16,5,64,13,600.0,0,0.0,2,3.1,4,418.50,50.4,827,true,completed
BF_BF6_h5s16n18.txt,BBLCT,16,5,64,13,600.0,0,0.0,2,3.1,3,280.97,556.6,12097,true,completed
BF_BF6_h5s16n19.txt,BBLCT,16,5,64,13,600.0,2,3.1,5,7.8,5,595.55,24.3,758,true,completed
BF_BF6_h5s16n2.txt,BBLCT,16,5,64,13,600.0,1,1.6,3,4.7,6,594.07,21.6,417,true,completed
BF_BF6_h5s16n20.txt,BBLCT,16,5,64,13,600.0,0,0.0,4,6.2,6,594.59,145.6,2889,true,completed
BF_BF6_h5s16n3.txt,BBLCT,16,5,64,13,600.0,2,3.1,6,9.4,5,551.13,76.8,2013,true,completed
BF_BF6_h5s16n4.txt,BBLCT,16,5,64,13,600.0,0,0.0,3,4.7,6,599.61,71.2,1170,true,completed
BF_BF6_h5s16n5.txt,BBLCT,16,5,64,13,600.0,2,3.1,4,6.2,6,587.88,15.7,286,true,completed
BF_BF6_h5s16n6.txt,BBLCT,16,5,64,13,600.0,0,0.0,3,4.7,6,598.63,64.9,1050,true,completed
BF_BF6_h5s16n7.txt,BBLCT,16,5,64,13,600.0,0,0.0,4,6.2,6,584.81,346.7,6592,true,completed
BF_BF6_h5s16n8.txt,BBLCT,16,5,64,13,600.0,1,1.6,3,4.7,5,572.33,14.9,433,true,completed
BF_BF6_h5s16n9.txt,BBLCT,16,5,64,13,600.0,5,7.8,6,9.4,2,233.50,81.2,1123,true,completed
BF_BF7_h5s16n1.txt,BBLCT,16,5,64,26,600.0,1,1.6,2,3.1,4,412.33,52.6,791,true,completed
BF_BF7_h5s16n10.txt,BBLCT,16,5,64,26,600.0,2,3.1,7,10.9,6,598.23,43.1,604,true,completed
BF_BF7_h5s16n11.txt,BBLCT,16,5,64,26,600.0,1,1.6,4,6.2,6,551.22,168.7,1762,true,completed
BF_BF7_h5s16n12.txt,BBLCT,16,5,64,26,600.0,1,1.6,8,12.5,5,594.53,46.5,1045,true,completed
BF_BF7_h5s16n13.txt,BBLCT,16,5,64,26,600.0,0,0.0,3,4.7,6,598.42,19.9,323,true,completed
BF_BF7_h5s16n14.txt,BBLCT,16,5,64,26,600.0,1,1.6,3,4.7,6,599.54,167.4,2364,true,completed
BF_BF7_h5s16n15.txt,BBLCT,16,5,64,26,600.0,2,3.1,5,7.8,2,212.33,606.6,7004,true,completed
BF_BF7_h5s16n16.txt,BBLCT,16,5,64,26,600.0,1,1.6,4,6.2,5,597.46,44.9,869,true,completed
BF_BF7_h5s16n17.txt,BBLCT,16,5,64,26,600.0,0,0.0,3,4.7,6,595.25,42.4,594,true,completed
BF_BF7_h5s16n18.txt,BBLCT,16,5,64,26,600.0,3,4.7,4,6.2,6,596.45,32.9,375,true,completed
BF_BF7_h5s16n19.txt,BBLCT,16,5,64,26,600.0,0,0.0,3,4.7,6,599.83,122.4,2030,true,completed
BF_BF7_h5s16n2.txt,BBLCT,16,5,64,26,600.0,1,1.6,5,7.8,5,546.40,105.1,1358,true,completed
BF_BF7_h5s16n20.txt,BBLCT,16,5,64,26,600.0,1,1.6,7,10.9,6,593.59,1014.9,12769,true,completed
BF_BF7_h5s16n3.txt,BBLCT,16,5,64,26,600.0,1,1.6,4,6.2,5,523.21,49.8,627,true,completed
BF_BF7_h5s16n4.txt,BBLCT,16,5,64,26,600.0,2,3.1,8,12.5,6,591.45,13.7,347,true,completed
BF_BF7_h5s16n5.txt,BBLCT,16,5,64,26,600.0,0,0.0,3,4.7,6,589.25,57.0,719,true,completed
BF_BF7_h5s16n6.txt,BBLCT,16,5,64,26,600.0,1,1.6,5,7.8,7,595.77,41.0,662,true,completed
BF_BF7_h5s16n7.txt,BBLCT,16,5,64,26,600.0,1,1.6,5,7.8,6,598.64,34.4,400,true,completed
BF_BF7_h5s16n8.txt,BBLCT,16,5,64,26,600.0,0,0.0,8,12.5,6,584.64,97.7,1815,true,completed
BF_BF7_h5s16n9.txt,BBLCT,16,5,64,26,600.0,0,0.0,6,9.4,6,595.65,193.9,2561,true,completed
BF_BF8_h5s16n1.txt,BBLCT,16,5,64,26,600.0,1,1.6,3,4.7,5,583.38,15.7,331,true,completed
BF_BF8_h5s16n10.txt,BBLCT,16,5,64,26,600.0,0,0.0,2,3.1,6,574.08,13.3,306,true,completed
BF_BF8_h5s16n11.txt,BBLCT,16,5,64,26,600.0,0,0.0,1,1.6,6,584.11,57.2,963,true,completed
BF_BF8_h5s16n12.txt,BBLCT,16,5,64,26,600.0,0,0.0,1,1.6,2,208.90,13.1,388,true,completed
BF_BF8_h5s16n13.txt,BBLCT,16,5,64,26,600.0,0,0.0,3,4.7,5,542.97,507.8,15861,true,completed
BF_BF8_h5s16n14.txt,BBLCT,16,5,64,26,600.0,0,0.0,3,4.7,5,579.56,32.8,939,true,completed
BF_BF8_h5s16n15.txt,BBLCT,16,5,64,26,600.0,1,1.6,3,4.7,6,596.83,39.7,722,true,completed
BF_BF8_h5s16n16.txt,BBLCT,16,5,64,26,600.0,1,1.6,2,3.1,2,217.94,8.7,224,true,completed
BF_BF8_h5s16n17.txt,BBLCT,16,5,64,26,600.0,0,0.0,1,1.6,5,595.44,21.8,462,true,completed
BF_BF8_h5s16n18.txt,BBLCT,16,5,64,26,600.0,1,1.6,5,7.8,6,598.38,6.1,213,true,completed
BF_BF8_h5s16n19.txt,BBLCT,16,5,64,26,600.0,1,1.6,3,4.7,5,545.00,44.1,967,true,completed
BF_BF8_h5s16n2.txt,BBLCT,16,5,64,26,600.0,0,0.0,4,6.2,6,598.01,32.4,621,true,completed
BF_BF8_h5s16n20.txt,BBLCT,16,5,64,26,600.0,1,1.6,2,3.1,2,198.07,10.3,314,true,completed
BF_BF8_h5s16n3.txt,BBLCT,16,5,64,26,600.0,1,1.6,3,4.7,5,550.14,7.9,218,true,completed
BF_BF8_h5s16n4.txt,BBLCT,16,5,64,26,600.0,1,1.6,7,10.9,6,595.85,64.5,1274,true,completed
BF_BF8_h5s16n5.txt,BBLCT,16,5,64,26,600.0,1,1.6,5,7.8,5,568.37,38.2,799,true,completed
BF_BF8_h5s16n6.txt,BBLCT,16,5,64,26,600.0,0,0.0,4,6.2,6,598.37,82.7,1608,true,completed
BF_BF8_h5s16n7.txt,BBLCT,16,5,64,26,600.0,2,3.1,4,6.2,4,435.18,15.5,237,true,completed
BF_BF8_h5s16n8.txt,BBLCT,16,5,64,26,600.0,1,1.6,3,4.7,5,526.49,13.2,444,true,completed
BF_BF8_h5s16n9.txt,BBLCT,16,5,64,26,600.0,1,1.6,2,3.1,2,211.73,10.5,304,true,completed
BF_BF9_h8s16n1.txt,BBLCT,16,8,77,16,600.0,0,0.0,1,1.3,2,266.39,245.7,1605,true,completed
BF_BF9_h8s16n10.txt,BBLCT,16,8,77,16,600.0,1,1.3,3,3.9,4,568.92,1240.3,9477,true,completed
BF_BF9_h8s16n11.txt,BBLCT,16,8,77,16,600.0,2,2.6,3,3.9,5,581.26,57.2,837,true,completed
BF_BF9_h8s16n12.txt,BBLCT,16,8,77,16,600.0,1,1.3,2,2.6,2,299.16,331.3,2430,true,completed
BF_BF9_h8s16n13.txt,BBLCT,16,8,77,16,600.0,1,1.3,3,3.9,4,576.11,113.7,928,true,completed
BF_BF9_h8s16n14.txt,BBLCT,16,8,77,16,600.0,2,2.6,3,3.9,5,577.02,109.6,680,true,completed
BF_BF9_h8s16n15.txt,BBLCT,16,8,77,16,600.0,3,3.9,6,7.8,4,595.72,2897.9,20544,true,completed
BF_BF9_h8s16n16.txt,BBLCT,16,8,77,16,600.0,1,1.3,3,3.9,4,564.30,114.4,772,true,completed
BF_BF9_h8s16n17.txt,BBLCT,16,8,77,16,600.0,2,2.6,3,3.9,4,599.16,5082.5,32518,true,completed
BF_BF9_h8s16n18.txt,BBLCT,16,8,77,16,600.0,3,3.9,4,5.2,1,86.07,82.7,557,true,completed
BF_BF9_h8s16n19.txt,BBLCT,16,8,77,16,600.0,1,1.3,3,3.9,4,593.60,210.0,1845,true,completed
BF_BF9_h8s16n2.txt,BBLCT,16,8,77,16,600.0,1,1.3,3,3.9,4,598.19,4947.5,34094,true,completed
BF_BF9_h8s16n20.txt,BBLCT,16,8,77,16,600.0,1,1.3,3,3.9,4,594.45,121.6,804,true,completed
BF_BF9_h8s16n3.txt,BBLCT,16,8,77,16,600.0,1,1.3,2,2.6,2,235.79,21350.6,154405,true,completed
BF_BF9_h8s16n4.txt,BBLCT,16,8,77,16,600.0,1,1.3,2,2.6,1,147.35,540.3,3463,true,completed
BF_BF9_h8s16n5.txt,BBLCT,16,8,77,16,600.0,3,3.9,3,3.9,0,0.00,689.2,4271,true,completed
BF_BF9_h8s16n6.txt,BBLCT,16,8,77,16,600.0,1,1.3,3,3.9,4,566.47,76.2,776,true,completed
BF_BF9_h8s16n7.txt,BBLCT,16,8,77,16,600.0,1,1.3,4,5.2,5,573.55,1232.6,11736,true,completed
BF_BF9_h8s16n8.txt,BBLCT,16,8,77,16,600.0,4,5.2,6,7.8,3,363.49,282.7,2245,true,completed
BF_BF9_h8s16n9.txt,BBLCT,16,8,77,16,600.0,1,1.3,4,5.2,5,588.56,81.3,891,true,completed
BF_BF10_h8s16n1.txt,BBLCT,16,8,77,16,900.0,0,0.0,3,3.9,8,896.60,10667.5,115224,true,completed
BF_BF10_h8s16n10.txt,BBLCT,16,8,77,16,900.0,2,2.6,5,6.5,7,899.94,114.8,1501,true,completed
BF_BF10_h8s16n11.txt,BBLCT,16,8,77,16,900.0,2,2.6,4,5.2,6,615.93,101553.3,751717,true,completed
BF_BF10_h8s16n12.txt,BBLCT,16,8,77,16,900.0,1,1.3,5,6.5,7,898.89,65.4,883,true,completed
BF_BF10_h8s16n13.txt,BBLCT,16,8,77,16,900.0,1,1.3,3,3.9,5,545.24,72422.7,786735,true,completed
BF_BF10_h8s16n14.txt,BBLCT,16,8,77,16,900.0,1,1.3,5,6.5,9,894.23,1494.0,15371,true,completed
BF_BF10_h8s16n15.txt,BBLCT,16,8,77,16,900.0,2,2.6,4,5.2,6,876.53,69.0,965,true,completed
BF_BF10_h8s16n16.txt,BBLCT,16,8,77,16,900.0,0,0.0,2,2.6,4,498.59,595053.5,4707328,false,cpu_limit
BF_BF10_h8s16n17.txt,BBLCT,16,8,77,16,900.0,0,0.0,3,3.9,9,892.44,170.7,1300,true,completed
BF_BF10_h8s16n18.txt,BBLCT,16,8,77,16,900.0,1,1.3,3,3.9,5,599.66,3513.9,36198,true,completed
BF_BF10_h8s16n19.txt,BBLCT,16,8,77,16,900.0,0,0.0,2,2.6,5,495.83,595138.9,4475904,false,cpu_limit
BF_BF10_h8s16n2.txt,BBLCT,16,8,77,16,900.0,2,2.6,4,5.2,8,897.52,3110.6,29240,true,completed
BF_BF10_h8s16n20.txt,BBLCT,16,8,77,16,900.0,0,0.0,3,3.9,8,897.10,162.9,1707,true,completed
BF_BF10_h8s16n3.txt,BBLCT,16,8,77,16,900.0,2,2.6,8,10.4,8,882.94,3032.5,27838,true,completed
BF_BF10_h8s16n4.txt,BBLCT,16,8,77,16,900.0,0,0.0,3,3.9,5,542.89,26779.1,171467,true,completed
BF_BF10_h8s16n5.txt,BBLCT,16,8,77,16,900.0,1,1.3,3,3.9,5,544.97,23590.7,202529,true,completed
BF_BF10_h8s16n6.txt,BBLCT,16,8,77,16,900.0,1,1.3,4,5.2,8,899.94,249.5,3066,true,completed
BF_BF10_h8s16n7.txt,BBLCT,16,8,77,16,900.0,0,0.0,2,2.6,6,648.96,595066.5,6530048,false,cpu_limit
BF_BF10_h8s16n8.txt,BBLCT,16,8,77,16,900.0,1,1.3,2,2.6,2,222.27,106213.4,1101772,true,completed
BF_BF10_h8s16n9.txt,BBLCT,16,8,77,16,900.0,2,2.6,4,5.2,5,558.12,595100.0,4123648,false,cpu_limit
BF_BF11_h8s16n1.txt,BBLCT,16,8,77,31,900.0,0,0.0,3,3.9,7,899.82,527.5,3123,true,completed
BF_BF11_h8s16n10.txt,BBLCT,16,8,77,31,900.0,0,0.0,3,3.9,7,892.44,881.1,5176,true,completed
BF_BF11_h8s16n11.txt,BBLCT,16,8,77,31,900.0,0,0.0,2,2.6,7,895.27,16879.9,120357,true,completed
BF_BF11_h8s16n12.txt,BBLCT,16,8,77,31,900.0,0,0.0,1,1.3,7,881.17,77.1,991,true,completed
BF_BF11_h8s16n13.txt,BBLCT,16,8,77,31,900.0,0,0.0,3,3.9,7,894.19,210.9,2168,true,completed
BF_BF11_h8s16n14.txt,BBLCT,16,8,77,31,900.0,0,0.0,4,5.2,7,893.00,133.3,1314,true,completed
BF_BF11_h8s16n15.txt,BBLCT,16,8,77,31,900.0,1,1.3,4,5.2,7,898.00,180.7,1433,true,completed
BF_BF11_h8s16n16.txt,BBLCT,16,8,77,31,900.0,0,0.0,4,5.2,7,899.37,925.5,6064,true,completed
BF_BF11_h8s16n17.txt,BBLCT,16,8,77,31,900.0,2,2.6,5,6.5,7,898.90,18.9,120,true,completed
BF_BF11_h8s16n18.txt,BBLCT,16,8,77,31,900.0,0,0.0,3,3.9,7,889.87,453.3,4130,true,completed
BF_BF11_h8s16n19.txt,BBLCT,16,8,77,31,900.0,0,0.0,4,5.2,8,898.56,140.8,1671,true,completed
BF_BF11_h8s16n2.txt,BBLCT,16,8,77,31,900.0,1,1.3,3,3.9,6,898.10,7270.3,40000,true,completed
BF_BF11_h8s16n20.txt,BBLCT,16,8,77,31,900.0,1,1.3,5,6.5,7,887.60,412.7,2941,true,completed
BF_BF11_h8s16n3.txt,BBLCT,16,8,77,31,900.0,1,1.3,4,5.2,7,899.97,97.4,949,true,completed
BF_BF11_h8s16n4.txt,BBLCT,16,8,77,31,900.0,0,0.0,1,1.3,2,334.27,199.8,2181,true,completed
BF_BF11_h8s16n5.txt,BBLCT,16,8,77,31,900.0,0,0.0,5,6.5,7,890.18,96.3,1040,true,completed
BF_BF11_h8s16n6.txt,BBLCT,16,8,77,31,900.0,0,0.0,3,3.9,6,883.68,177.3,1351,true,completed
BF_BF11_h8s16n7.txt,BBLCT,16,8,77,31,900.0,0,0.0,4,5.2,7,897.87,997.5,7338,true,completed
BF_BF11_h8s16n8.txt,BBLCT,16,8,77,31,900.0,0,0.0,2,2.6,7,897.61,141.0,1219,true,completed
BF_BF11_h8s16n9.txt,BBLCT,16,8,77,31,900.0,0,0.0,1,1.3,6,852.33,122.0,1285,true,completed
BF_BF12_h8s16n1.txt,BBLCT,16,8,77,31,900.0,0,0.0,1,1.3,7,894.16,1501.9,14935,true,completed
BF_BF12_h8s16n10.txt,BBLCT,16,8,77,31,900.0,0,0.0,4,5.2,8,893.62,32489.2,520631,true,completed
BF_BF12_h8s16n11.txt,BBLCT,16,8,77,31,900.0,0,0.0,1,1.3,7,899.78,68.8,881,true,completed
BF_BF12_h8s16n12.txt,BBLCT,16,8,77,31,900.0,0,0.0,4,5.2,7,899.62,646.6,12074,true,completed
BF_BF12_h8s16n13.txt,BBLCT,16,8,77,31,900.0,0,0.0,1,1.3,8,867.57,39.4,746,true,completed
BF_BF12_h8s16n14.txt,BBLCT,16,8,77,31,900.0,0,0.0,3,3.9,7,859.12,54.7,839,true,completed
BF_BF12_h8s16n15.txt,BBLCT,16,8,77,31,900.0,0,0.0,4,5.2,8,868.44,124.4,1285,true,completed
BF_BF12_h8s16n16.txt,BBLCT,16,8,77,31,900.0,2,2.6,7,9.1,6,892.35,1363.7,19690,true,completed
BF_BF12_h8s16n17.txt,BBLCT,16,8,77,31,900.0,0,0.0,1,1.3,1,88.54,47.0,652,true,completed
BF_BF12_h8s16n18.txt,BBLCT,16,8,77,31,900.0,1,1.3,4,5.2,7,669.40,595051.8,5702656,false,cpu_limit
BF_BF12_h8s16n19.txt,BBLCT,16,8,77,31,900.0,1,1.3,3,3.9,5,582.78,489219.6,4031177,true,completed
BF_BF12_h8s16n2.txt,BBLCT,16,8,77,31,900.0,1,1.3,1,1.3,0,0.00,320.0,5209,true,completed
BF_BF12_h8s16n20.txt,BBLCT,16,8,77,31,900.0,1,1.3,4,5.2,7,892.26,74.0,882,true,completed
BF_BF12_h8s16n3.txt,BBLCT,16,8,77,31,900.0,2,2.6,6,7.8,9,899.70,1908.1,14757,true,completed
BF_BF12_h8s16n4.txt,BBLCT,16,8,77,31,900.0,3,3.9,6,7.8,7,898.79,147.0,1489,true,completed
BF_BF12_h8s16n5.txt,BBLCT,16,8,77,31,900.0,0,0.0,1,1.3,6,886.41,607.4,6277,true,completed
BF_BF12_h8s16n6.txt,BBLCT,16,8,77,31,900.0,1,1.3,6,7.8,7,897.95,299.1,2428,true,completed
BF_BF12_h8s16n7.txt,BBLCT,16,8,77,31,900.0,0,0.0,3,3.9,5,589.49,17464.2,176616,true,completed
BF_BF12_h8s16n8.txt,BBLCT,16,8,77,31,900.0,0,0.0,3,3.9,8,899.30,157.1,1987,true,completed
BF_BF12_h8s16n9.txt,BBLCT,16,8,77,31,900.0,0,0.0,2,2.6,6,622.51,98074.0,955325,true,completed
BF_BF13_h8s16n1.txt,BBLCT,16,8,103,21,900.0,1,1.0,3,2.9,5,546.03,595105.0,4532224,false,cpu_limit
BF_BF13_h8s16n10.txt,BBLCT,16,8,103,21,900.0,2,1.9,3,2.9,9,899.58,98.5,1060,true,completed
BF_BF13_h8s16n11.txt,BBLCT,16,8,103,21,900.0,0,0.0,2,1.9,8,895.27,193010.5,1439638,true,completed
BF_BF13_h8s16n12.txt,BBLCT,16,8,103,21,900.0,1,1.0,5,4.9,7,683.61,595081.5,5722112,false,cpu_limit
BF_BF13_h8s16n13.txt,BBLCT,16,8,103,21,900.0,0,0.0,2,1.9,8,896.46,583.9,5136,true,completed
BF_BF13_h8s16n14.txt,BBLCT,16,8,103,21,900.0,0,0.0,2,1.9,6,542.55,595121.3,4638720,false,cpu_limit
BF_BF13_h8s16n15.txt,BBLCT,16,8,103,21,900.0,0,0.0,2,1.9,3,358.36,595120.0,4023296,false,cpu_limit
BF_BF13_h8s16n16.txt,BBLCT,16,8,103,21,900.0,1,1.0,6,5.8,8,896.14,3021.3,36646,true,completed
BF_BF13_h8s16n17.txt,BBLCT,16,8,103,21,900.0,0,0.0,3,2.9,5,560.61,595033.1,5140480,false,cpu_limit
BF_BF13_h8s16n18.txt,BBLCT,16,8,103,21,900.0,0,0.0,3,2.9,5,555.05,595167.4,4065280,false,cpu_limit
BF_BF13_h8s16n19.txt,BBLCT,16,8,103,21,900.0,1,1.0,2,1.9,5,527.27,595055.5,5202944,false,cpu_limit
BF_BF13_h8s16n2.txt,BBLCT,16,8,103,21,900.0,1,1.0,2,1.9,3,362.26,5414.5,40693,true,completed
BF_BF13_h8s16n20.txt,BBLCT,16,8,103,21,900.0,0,0.0,3,2.9,8,899.18,245.7,6200,true,completed
BF_BF13_h8s16n3.txt,BBLCT,16,8,103,21,900.0,1,1.0,4,3.9,5,548.29,595157.5,4295680,false,cpu_limit
BF_BF13_h8s16n4.txt,BBLCT,16,8,103,21,900.0,2,1.9,3,2.9,4,384.20,595061.2,4230144,false,cpu_limit
BF_BF13_h8s16n5.txt,BBLCT,16,8,103,21,900.0,2,1.9,4,3.9,8,898.75,288155.3,2175618,true,completed
BF_BF13_h8s16n6.txt,BBLCT,16,8,103,21,900.0,1,1.0,4,3.9,8,898.60,824.1,6955,true,completed
BF_BF13_h8s16n7.txt,BBLCT,16,8,103,21,900.0,0,0.0,2,1.9,4,463.76,595060.2,4962304,false,cpu_limit
BF_BF13_h8s16n8.txt,BBLCT,16,8,103,21,900.0,2,1.9,3,2.9,4,477.65,595050.3,4732928,false,cpu_limit
BF_BF13_h8s16n9.txt,BBLCT,16,8,103,21,900.0,0,0.0,4,3.9,4,450.00,139949.4,1282359,true,completed
BF_BF14_h8s16n1.txt,BBLCT,16,8,103,21,900.0,2,1.9,7,6.8,4,408.20,595056.8,3761152,false,cpu_limit
BF_BF14_h8s16n10.txt,BBLCT,16,8,103,21,900.0,1,1.0,3,2.9,4,461.10,151469.3,1650908,true,completed
BF_BF14_h8s16n11.txt,BBLCT,16,8,103,21,900.0,0,0.0,3,2.9,8,885.62,32273.3,317839,true,completed
BF_BF14_h8s16n12.txt,BBLCT,16,8,103,21,900.0,1,1.0,4,3.9,5,580.76,595123.9,4772864,false,cpu_limit
BF_BF14_h8s16n13.txt,BBLCT,16,8,103,21,900.0,0,0.0,2,1.9,5,478.44,595080.6,5082112,false,cpu_limit
BF_BF14_h8s16n14.txt,BBLCT,16,8,103,21,900.0,1,1.0,3,2.9,8,899.98,1576.3,20146,true,completed
BF_BF14_h8s16n15.txt,BBLCT,16,8,103,21,900.0,2,1.9,7,6.8,7,863.79,99.5,1019,true,completed
BF_BF14_h8s16n16.txt,BBLCT,16,8,103,21,900.0,0,0.0,2,1.9,8,843.95,12740.8,110853,true,completed
BF_BF14_h8s16n17.txt,BBLCT,16,8,103,21,900.0,1,1.0,7,6.8,9,893.47,132.7,2071,true,completed
BF_BF14_h8s16n18.txt,BBLCT,16,8,103,21,900.0,0,0.0,2,1.9,5,548.66,595057.6,5778432,false,cpu_limit
BF_BF14_h8s16n19.txt,BBLCT,16,8,103,21,900.0,0,0.0,2,1.9,4,408.93,595061.1,4726784,false,cpu_limit
BF_BF14_h8s16n2.txt,BBLCT,16,8,103,21,900.0,1,1.0,3,2.9,8,899.17,84.3,1003,true,completed
BF_BF14_h8s16n20.txt,BBLCT,16,8,103,21,900.0,0,0.0,3,2.9,8,896.39,131.9,1379,true,completed
BF_BF14_h8s16n3.txt,BBLCT,16,8,103,21,900.0,0,0.0,5,4.9,7,899.47,141689.3,1390247,true,completed
BF_BF14_h8s16n4.txt,BBLCT,16,8,103,21,900.0,2,1.9,4,3.9,6,559.86,595147.5,5283840,false,cpu_limit
BF_BF14_h8s16n5.txt,BBLCT,16,8,103,21,900.0,2,1.9,3,2.9,4,502.84,595117.6,4853760,false,cpu_limit
BF_BF14_h8s16n6.txt,BBLCT,16,8,103,21,900.0,0,0.0,2,1.9,4,420.39,595088.3,5373952,false,cpu_limit
BF_BF14_h8s16n7.txt,BBLCT,16,8,103,21,900.0,1,1.0,3,2.9,8,898.54,28477.0,282401,true,completed
BF_BF14_h8s16n8.txt,BBLCT,16,8,103,21,900.0,0,0.0,3,2.9,7,874.18,2912.5,33602,true,completed
BF_BF14_h8s16n9.txt,BBLCT,16,8,103,21,900.0,1,1.0,2,1.9,5,505.57,595092.0,5576704,false,cpu_limit
BF_BF15_h8s16n1.txt,BBLCT,16,8,103,42,900.0,0,0.0,2,1.9,6,898.70,2245.5,19391,true,completed
BF_BF15_h8s16n10.txt,BBLCT,16,8,103,42,900.0,0,0.0,1,1.0,1,133.88,59.2,964,true,completed
BF_BF15_h8s16n11.txt,BBLCT,16,8,103,42,900.0,0,0.0,2,1.9,6,588.81,595065.4,4864000,false,cpu_limit
BF_BF15_h8s16n12.txt,BBLCT,16,8,103,42,900.0,1,1.0,3,2.9,8,887.61,85736.8,720360,true,completed
BF_BF15_h8s16n13.txt,BBLCT,16,8,103,42,900.0,1,1.0,8,7.8,7,898.85,19088.7,129680,true,completed
BF_BF15_h8s16n14.txt,BBLCT,16,8,103,42,900.0,1,1.0,8,7.8,8,894.66,149.8,1845,true,completed
BF_BF15_h8s16n15.txt,BBLCT,16,8,103,42,900.0,0,0.0,4,3.9,8,883.96,185.7,2358,true,completed
BF_BF15_h8s16n16.txt,BBLCT,16,8,103,42,900.0,0,0.0,2,1.9,7,895.43,64.0,646,true,completed
BF_BF15_h8s16n17.txt,BBLCT,16,8,103,42,900.0,0,0.0,1,1.0,8,895.12,81.2,926,true,completed
BF_BF15_h8s16n18.txt,BBLCT,16,8,103,42,900.0,0,0.0,1,1.0,6,799.66,52.2,800,true,completed
BF_BF15_h8s16n19.txt,BBLCT,16,8,103,42,900.0,2,1.9,4,3.9,2,219.05,71.4,758,true,completed
BF_BF15_h8s16n2.txt,BBLCT,16,8,103,42,900.0,1,1.0,4,3.9,8,896.16,158.6,986,true,completed
BF_BF15_h8s16n20.txt,BBLCT,16,8,103,42,900.0,1,1.0,4,3.9,8,881.85,154.9,1670,true,completed
BF_BF15_h8s16n3.txt,BBLCT,16,8,103,42,900.0,0,0.0,2,1.9,8,899.52,49.5,790,true,completed
BF_BF15_h8s16n4.txt,BBLCT,16,8,103,42,900.0,0,0.0,3,2.9,8,900.00,120.8,1686,true,completed
BF_BF15_h8s16n5.txt,BBLCT,16,8,103,42,900.0,0,0.0,2,1.9,8,889.79,123.5,1273,true,completed
BF_BF15_h8s16n6.txt,BBLCT,16,8,103,42,900.0,0,0.0,1,1.0,7,853.01,66.3,698,true,completed
BF_BF15_h8s16n7.txt,BBLCT,16,8,103,42,900.0,0,0.0,4,3.9,8,884.52,75.0,950,true,completed
BF_BF15_h8s16n8.txt,BBLCT,16,8,103,42,900.0,0,0.0,2,1.9,8,899.53,5081.9,36186,true,completed
BF_BF15_h8s16n9.txt,BBLCT,16,8,103,42,900.0,1,1.0,5,4.9,6,891.66,10275.0,97251,true,completed
BF_BF16_h8s16n1.txt,BBLCT,16,8,103,42,900.0,0,0.0,4,3.9,9,896.24,7175.4,94294,true,completed
BF_BF16_h8s16n10.txt,BBLCT,16,8,103,42,900.0,0,0.0,1,1.0,8,889.75,168.2,1785,true,completed
BF_BF16_h8s16n11.txt,BBLCT,16,8,103,42,900.0,0,0.0,2,1.9,8,867.82,47968.7,537101,true,completed
BF_BF16_h8s16n12.txt,BBLCT,16,8,103,42,900.0,0,0.0,3,2.9,8,897.52,3670.2,47291,true,completed
BF_BF16_h8s16n13.txt,BBLCT,16,8,103,42,900.0,1,1.0,4,3.9,9,894.86,201.9,1678,true,completed
BF_BF16_h8s16n14.txt,BBLCT,16,8,103,42,900.0,0,0.0,4,3.9,9,897.70,402.9,5882,true,completed
BF_BF16_h8s16n15.txt,BBLCT,16,8,103,42,900.0,0,0.0,2,1.9,8,898.47,1239.5,21554,true,completed
BF_BF16_h8s16n16.txt,BBLCT,16,8,103,42,900.0,1,1.0,4,3.9,5,642.28,23414.9,239519,true,completed
BF_BF16_h8s16n17.txt,BBLCT,16,8,103,42,900.0,0,0.0,1,1.0,8,889.84,45.9,682,true,completed
BF_BF16_h8s16n18.txt,BBLCT,16,8,103,42,900.0,0,0.0,4,3.9,9,884.47,105355.2,1153509,true,completed
BF_BF16_h8s16n19.txt,BBLCT,16,8,103,42,900.0,0,0.0,2,1.9,9,897.79,27255.6,296040,true,completed
BF_BF16_h8s16n2.txt,BBLCT,16,8,103,42,900.0,0,0.0,2,1.9,9,898.12,117.1,1344,true,completed
BF_BF16_h8s16n20.txt,BBLCT,16,8,103,42,900.0,0,0.0,3,2.9,7,873.27,2218.4,25151,true,completed
BF_BF16_h8s16n3.txt,BBLCT,16,8,103,42,900.0,0,0.0,1,1.0,7,874.67,84.0,822,true,completed
BF_BF16_h8s16n4.txt,BBLCT,16,8,103,42,900.0,1,1.0,2,1.9,7,891.53,483678.4,4354430,true,completed
BF_BF16_h8s16n5.txt,BBLCT,16,8,103,42,900.0,0,0.0,2,1.9,5,537.12,595102.3,4518912,false,cpu_limit
BF_BF16_h8s16n6.txt,BBLCT,16,8,103,42,900.0,1,1.0,2,1.9,7,896.78,11.6,285,true,completed
BF_BF16_h8s16n7.txt,BBLCT,16,8,103,42,900.0,0,0.0,2,1.9,7,877.61,33.4,448,true,completed
BF_BF16_h8s16n8.txt,BBLCT,16,8,103,42,900.0,0,0.0,1,1.0,7,894.51,880.2,7866,true,completed
BF_BF16_h8s16n9.txt,BBLCT,16,8,103,42,900.0,0,0.0,4,3.9,7,897.56,11110.0,134122,true,completed
BF_BF17_h5s20n1.txt,BBLCT,20,5,60,12,900.0,1,1.7,4,6.7,5,512.98,1526.1,16158,true,completed
BF_BF17_h5s20n10.txt,BBLCT,20,5,60,12,900.0,1,1.7,13,21.7,6,555.71,595235.8,3043328,false,cpu_limit
BF_BF17_h5s20n11.txt,BBLCT,20,5,60,12,900.0,0,0.0,6,10.0,9,893.25,220.2,1593,true,completed
BF_BF17_h5s20n12.txt,BBLCT,20,5,60,12,900.0,2,3.3,5,8.3,6,612.65,595070.2,3422208,false,cpu_limit
BF_BF17_h5s20n13.txt,BBLCT,20,5,60,12,900.0,2,3.3,9,15.0,9,898.08,26860.8,135486,true,completed
BF_BF17_h5s20n14.txt,BBLCT,20,5,60,12,900.0,2,3.3,9,15.0,9,895.40,36877.0,171340,true,completed
BF_BF17_h5s20n15.txt,BBLCT,20,5,60,12,900.0,0,0.0,10,16.7,9,897.73,6419.7,57383,true,completed
BF_BF17_h5s20n16.txt,BBLCT,20,5,60,12,900.0,1,1.7,7,11.7,9,888.90,205.5,1436,true,completed
BF_BF17_h5s20n17.txt,BBLCT,20,5,60,12,900.0,2,3.3,7,11.7,6,619.49,595120.9,3107840,false,cpu_limit
BF_BF17_h5s20n18.txt,BBLCT,20,5,60,12,900.0,0,0.0,6,10.0,9,889.64,3608.7,37712,true,completed
BF_BF17_h5s20n19.txt,BBLCT,20,5,60,12,900.0,2,3.3,6,10.0,6,593.89,595207.8,3115008,false,cpu_limit
BF_BF17_h5s20n2.txt,BBLCT,20,5,60,12,900.0,3,5.0,6,10.0,7,738.71,3024.4,15823,true,completed
BF_BF17_h5s20n20.txt,BBLCT,20,5,60,12,900.0,1,1.7,7,11.7,7,693.50,595145.2,3321856,false,cpu_limit
BF_BF17_h5s20n3.txt,BBLCT,20,5,60,12,900.0,4,6.7,10,16.7,7,721.44,595137.1,2674688,false,cpu_limit
BF_BF17_h5s20n4.txt,BBLCT,20,5,60,12,900.0,3,5.0,5,8.3,5,524.27,1014.6,7196,true,completed
BF_BF17_h5s20n5.txt,BBLCT,20,5,60,12,900.0,2,3.3,7,11.7,8,898.24,498806.4,2380464,true,completed
BF_BF17_h5s20n6.txt,BBLCT,20,5,60,12,900.0,1,1.7,7,11.7,9,898.59,4930.7,29875,true,completed
BF_BF17_h5s20n7.txt,BBLCT,20,5,60,12,900.0,2,3.3,9,15.0,9,894.22,633.3,3965,true,completed
BF_BF17_h5s20n8.txt,BBLCT,20,5,60,12,900.0,2,3.3,4,6.7,6,595.50,595132.4,3376128,false,cpu_limit
BF_BF17_h5s20n9.txt,BBLCT,20,5,60,12,900.0,1,1.7,7,11.7,9,878.54,93918.7,552309,true,completed
BF_BF18_h5s20n1.txt,BBLCT,20,5,60,12,900.0,1,1.7,4,6.7,8,859.63,178476.5,1269524,true,completed
BF_BF18_h5s20n10.txt,BBLCT,20,5,60,12,900.0,0,0.0,3,5.0,5,503.33,3053.5,42455,true,completed
BF_BF18_h5s20n11.txt,BBLCT,20,5,60,12,900.0,0,0.0,3,5.0,8,899.92,1909.4,17124,true,completed
BF_BF18_h5s20n12.txt,BBLCT,20,5,60,12,900.0,1,1.7,6,10.0,8,892.93,36441.4,382587,true,completed
BF_BF18_h5s20n13.txt,BBLCT,20,5,60,12,900.0,3,5.0,8,13.3,8,897.20,879.4,7705,true,completed
BF_BF18_h5s20n14.txt,BBLCT,20,5,60,12,900.0,1,1.7,8,13.3,9,895.87,211191.2,1685872,true,completed
BF_BF18_h5s20n15.txt,BBLCT,20,5,60,12,900.0,0,0.0,5,8.3,8,898.16,117902.8,959645,true,completed
BF_BF18_h5s20n16.txt,BBLCT,20,5,60,12,900.0,1,1.7,5,8.3,8,899.97,57.3,802,true,completed
BF_BF18_h5s20n17.txt,BBLCT,20,5,60,12,900.0,1,1.7,3,5.0,5,555.90,253410.9,2055778,true,completed
BF_BF18_h5s20n18.txt,BBLCT,20,5,60,12,900.0,1,1.7,4,6.7,5,498.27,9767.1,98029,true,completed
BF_BF18_h5s20n19.txt,BBLCT,20,5,60,12,900.0,3,5.0,10,16.7,8,898.66,14468.2,179910,true,completed
BF_BF18_h5s20n2.txt,BBLCT,20,5,60,12,900.0,3,5.0,12,20.0,9,895.71,355186.9,2464522,true,completed
BF_BF18_h5s20n20.txt,BBLCT,20,5,60,12,900.0,2,3.3,6,10.0,8,893.83,68432.4,547669,true,completed
BF_BF18_h5s20n3.txt,BBLCT,20,5,60,12,900.0,0,0.0,3,5.0,8,898.35,6800.2,59702,true,completed
BF_BF18_h5s20n4.txt,BBLCT,20,5,60,12,900.0,2,3.3,4,6.7,8,856.26,5585.6,50098,true,completed
BF_BF18_h5s20n5.txt,BBLCT,20,5,60,12,900.0,3,5.0,7,11.7,9,893.21,394297.8,3087672,true,completed
BF_BF18_h5s20n6.txt,BBLCT,20,5,60,12,900.0,0,0.0,7,11.7,7,715.05,595068.0,4635648,false,cpu_limit
BF_BF18_h5s20n7.txt,BBLCT,20,5,60,12,900.0,1,1.7,4,6.7,6,603.33,595116.6,4218880,false,cpu_limit
BF_BF18_h5s20n8.txt,BBLCT,20,5,60,12,900.0,2,3.3,6,10.0,7,898.44,9708.4,81759,true,completed
BF_BF18_h5s20n9.txt,BBLCT,20,5,60,12,900.0,2,3.3,13,21.7,8,897.16,14721.4,206943,true,completed
BF_BF19_h5s20n1.txt,BBLCT,20,5,60,24,900.0,1,1.7,4,6.7,8,899.75,498.7,3530,true,completed
BF_BF19_h5s20n10.txt,BBLCT,20,5,60,24,900.0,1,1.7,6,10.0,6,570.57,595068.3,2810880,false,cpu_limit
BF_BF19_h5s20n11.txt,BBLCT,20,5,60,24,900.0,1,1.7,11,18.3,9,899.57,21698.8,169372,true,completed
BF_BF19_h5s20n12.txt,BBLCT,20,5,60,24,900.0,0,0.0,6,10.0,8,775.83,53750.9,414190,true,completed
BF_BF19_h5s20n13.txt,BBLCT,20,5,60,24,900.0,0,0.0,3,5.0,8,894.73,9627.7,96423,true,completed
BF_BF19_h5s20n14.txt,BBLCT,20,5,60,24,900.0,0,0.0,8,13.3,9,899.33,7693.8,37992,true,completed
BF_BF19_h5s20n15.txt,BBLCT,20,5,60,24,900.0,0,0.0,3,5.0,8,897.20,14032.4,107784,true,completed
BF_BF19_h5s20n16.txt,BBLCT,20,5,60,24,900.0,3,5.0,7,11.7,8,899.13,2500.2,14506,true,completed
BF_BF19_h5s20n17.txt,BBLCT,20,5,60,24,900.0,0,0.0,3,5.0,8,897.62,838.4,4910,true,completed
BF_BF19_h5s20n18.txt,BBLCT,20,5,60,24,900.0,1,1.7,15,25.0,8,882.03,664.6,4971,true,completed
BF_BF19_h5s20n19.txt,BBLCT,20,5,60,24,900.0,1,1.7,6,10.0,9,897.21,753.7,7562,true,completed
BF_BF19_h5s20n2.txt,BBLCT,20,5,60,24,900.0,0,0.0,6,10.0,8,896.13,1540.6,12659,true,completed
BF_BF19_h5s20n20.txt,BBLCT,20,5,60,24,900.0,2,3.3,6,10.0,8,882.26,1226.2,10305,true,completed
BF_BF19_h5s20n3.txt,BBLCT,20,5,60,24,900.0,1,1.7,7,11.7,9,884.36,15128.0,96277,true,completed
BF_BF19_h5s20n4.txt,BBLCT,20,5,60,24,900.0,1,1.7,17,28.3,9,899.91,3580.4,26544,true,completed
BF_BF19_h5s20n5.txt,BBLCT,20,5,60,24,900.0,0,0.0,6,10.0,9,882.72,2107.8,23903,true,completed
BF_BF19_h5s20n6.txt,BBLCT,20,5,60,24,900.0,2,3.3,7,11.7,6,647.34,11924.6,58120,true,completed
BF_BF19_h5s20n7.txt,BBLCT,20,5,60,24,900.0,1,1.7,4,6.7,8,898.04,509.6,4234,true,completed
BF_BF19_h5s20n8.txt,BBLCT,20,5,60,24,900.0,1,1.7,11,18.3,8,894.76,442.6,3500,true,completed
BF_BF19_h5s20n9.txt,BBLCT,20,5,60,24,900.0,3,5.0,8,13.3,8,894.68,2733.1,17804,true,completed
BF_BF1_h5s16n1.txt,BBLCT,16,5,48,10,900.0,2,4.2,8,16.7,8,897.87,53.0,941,true,completed
BF_BF1_h5s16n10.txt,BBLCT,16,5,48,10,900.0,3,6.2,9,18.8,9,893.76,92.3,1407,true,completed
BF_BF1_h5s16n11.txt,BBLCT,16,5,48,10,900.0,2,4.2,4,8.3,6,598.40,274.3,3686,true,completed
BF_BF1_h5s16n12.txt,BBLCT,16,5,48,10,900.0,2,4.2,6,12.5,8,893.86,1015.4,13988,true,completed
BF_BF1_h5s16n13.txt,BBLCT,16,5,48,10,900.0,2,4.2,7,14.6,8,895.94,50.0,818,true,completed
BF_BF1_h5s16n14.txt,BBLCT,16,5,48,10,900.0,0,0.0,3,6.2,9,899.24,113902.6,1188484,true,completed
BF_BF1_h5s16n15.txt,BBLCT,16,5,48,10,900.0,1,2.1,3,6.2,8,896.83,81812.3,909283,true,completed
BF_BF1_h5s16n16.txt,BBLCT,16,5,48,10,900.0,2,4.2,5,10.4,9,891.01,66030.3,647653,true,completed
BF_BF1_h5s16n17.txt,BBLCT,16,5,48,10,900.0,2,4.2,6,12.5,7,719.46,80346.4,762061,true,completed
BF_BF1_h5s16n18.txt,BBLCT,16,5,48,10,900.0,3,6.2,9,18.8,9,899.95,478968.4,4182994,true,completed
BF_BF1_h5s16n19.txt,BBLCT,16,5,48,10,900.0,0,0.0,12,25.0,9,893.03,7159.1,72581,true,completed
BF_BF1_h5s16n2.txt,BBLCT,16,5,48,10,900.0,1,2.1,8,16.7,8,899.63,2359.7,23483,true,completed
BF_BF1_h5s16n20.txt,BBLCT,16,5,48,10,900.0,1,2.1,9,18.8,8,891.86,57.4,1101,true,completed
BF_BF1_h5s16n3.txt,BBLCT,16,5,48,10,900.0,2,4.2,7,14.6,8,892.97,33969.1,380604,true,completed
BF_BF1_h5s16n4.txt,BBLCT,16,5,48,10,900.0,3,6.2,9,18.8,9,899.85,68144.7,802808,true,completed
BF_BF1_h5s16n5.txt,BBLCT,16,5,48,10,900.0,1,2.1,7,14.6,7,687.78,485148.0,4548773,true,completed
BF_BF1_h5s16n6.txt,BBLCT,16,5,48,10,900.0,0,0.0,4,8.3,9,895.21,4926.8,54194,true,completed
BF_BF1_h5s16n7.txt,BBLCT,16,5,48,10,900.0,1,2.1,4,8.3,8,895.65,49098.0,510375,true,completed
BF_BF1_h5s16n8.txt,BBLCT,16,5,48,10,900.0,1,2.1,5,10.4,8,899.55,37383.5,401832,true,completed
BF_BF1_h5s16n9.txt,BBLCT,16,5,48,10,900.0,1,2.1,6,12.5,9,896.55,12264.9,133350,true,completed
BF_BF20_h5s20n1.txt,BBLCT,20,5,60,24,900.0,0,0.0,1,1.7,4,454.32,6976.0,115398,true,completed
BF_BF20_h5s20n10.txt,BBLCT,20,5,60,24,900.0,1,1.7,5,8.3,7,899.43,487.1,8025,true,completed
BF_BF20_h5s20n11.txt,BBLCT,20,5,60,24,900.0,0,0.0,2,3.3,4,459.62,1177.7,20382,true,completed
BF_BF20_h5s20n12.txt,BBLCT,20,5,60,24,900.0,0,0.0,6,10.0,9,897.49,23651.5,335930,true,completed
BF_BF20_h5s20n13.txt,BBLCT,20,5,60,24,900.0,0,0.0,4,6.7,9,898.03,1134.9,9528,true,completed
BF_BF20_h5s20n14.txt,BBLCT,20,5,60,24,900.0,0,0.0,4,6.7,8,895.44,1133.9,13467,true,completed
BF_BF20_h5s20n15.txt,BBLCT,20,5,60,24,900.0,1,1.7,5,8.3,8,892.99,74.6,966,true,completed
BF_BF20_h5s20n16.txt,BBLCT,20,5,60,24,900.0,2,3.3,5,8.3,8,898.04,49736.8,397802,true,completed
BF_BF20_h5s20n17.txt,BBLCT,20,5,60,24,900.0,2,3.3,12,20.0,9,886.52,200.3,2421,true,completed
BF_BF20_h5s20n18.txt,BBLCT,20,5,60,24,900.0,0,0.0,9,15.0,8,894.44,6566.2,77889,true,completed
BF_BF20_h5s20n19.txt,BBLCT,20,5,60,24,900.0,1,1.7,3,5.0,8,854.63,59.0,988,true,completed
BF_BF20_h5s20n2.txt,BBLCT,20,5,60,24,900.0,0,0.0,5,8.3,9,880.81,12925.9,101373,true,completed
BF_BF20_h5s20n20.txt,BBLCT,20,5,60,24,900.0,1,1.7,5,8.3,5,477.40,16585.6,207526,true,completed
BF_BF20_h5s20n3.txt,BBLCT,20,5,60,24,900.0,1,1.7,4,6.7,8,897.13,920.8,7220,true,completed
BF_BF20_h5s20n4.txt,BBLCT,20,5,60,24,900.0,0,0.0,4,6.7,8,899.19,42151.5,374327,true,completed
BF_BF20_h5s20n5.txt,BBLCT,20,5,60,24,900.0,1,1.7,15,25.0,9,897.54,15926.7,124827,true,completed
BF_BF20_h5s20n6.txt,BBLCT,20,5,60,24,900.0,0,0.0,5,8.3,5,498.42,3458.3,46903,true,completed
BF_BF20_h5s20n7.txt,BBLCT,20,5,60,24,900.0,0,0.0,5,8.3,8,898.56,68.5,890,true,completed
BF_BF20_h5s20n8.txt,BBLCT,20,5,60,24,900.0,0,0.0,5,8.3,7,737.75,44185.2,362795,true,completed
BF_BF20_h5s20n9.txt,BBLCT,20,5,60,24,900.0,0,0.0,8,13.3,8,887.94,33181.6,412783,true,completed
BF_BF21_h5s20n1.txt,BBLCT,20,5,80,16,900.0,2,2.5,9,11.2,8,896.49,32808.1,172920,true,completed
BF_BF21_h5s20n10.txt,BBLCT,20,5,80,16,900.0,3,3.8,11,13.8,9,863.76,74072.9,764388,true,completed
BF_BF21_h5s20n11.txt,BBLCT,20,5,80,16,900.0,2,2.5,8,10.0,9,899.39,38049.8,248712,true,completed
BF_BF21_h5s20n12.txt,BBLCT,20,5,80,16,900.0,1,1.2,3,3.8,8,863.05,1434.3,13167,true,completed
BF_BF21_h5s20n13.txt,BBLCT,20,5,80,16,900.0,1,1.2,8,10.0,8,895.81,80066.1,982681,true,completed
BF_BF21_h5s20n14.txt,BBLCT,20,5,80,16,900.0,1,1.2,8,10.0,9,890.57,388.6,3018,true,completed
BF_BF21_h5s20n15.txt,BBLCT,20,5,80,16,900.0,4,5.0,8,10.0,9,898.47,37249.1,240416,true,completed
BF_BF21_h5s20n16.txt,BBLCT,20,5,80,16,900.0,2,2.5,10,12.5,10,896.95,6227.4,34035,true,completed
BF_BF21_h5s20n17.txt,BBLCT,20,5,80,16,900.0,1,1.2,6,7.5,9,896.59,4182.9,27658,true,completed
BF_BF21_h5s20n18.txt,BBLCT,20,5,80,16,900.0,1,1.2,6,7.5,9,898.88,419.7,4019,true,completed
BF_BF21_h5s20n19.txt,BBLCT,20,5,80,16,900.0,3,3.8,7,8.8,8,868.84,5314.0,42105,true,completed
BF_BF21_h5s20n2.txt,BBLCT,20,5,80,16,900.0,3,3.8,5,6.2,8,888.60,143.8,1301,true,completed
BF_BF21_h5s20n20.txt,BBLCT,20,5,80,16,900.0,1,1.2,7,8.8,8,893.79,6287.2,48521,true,completed
BF_BF21_h5s20n3.txt,BBLCT,20,5,80,16,900.0,1,1.2,4,5.0,8,898.73,791.8,7070,true,completed
BF_BF21_h5s20n4.txt,BBLCT,20,5,80,16,900.0,1,1.2,7,8.8,7,625.61,595059.1,3263488,false,cpu_limit
BF_BF21_h5s20n5.txt,BBLCT,20,5,80,16,900.0,0,0.0,3,3.8,9,898.47,68306.5,440406,true,completed
BF_BF21_h5s20n6.txt,BBLCT,20,5,80,16,900.0,2,2.5,9,11.2,8,801.43,595165.0,3435520,false,cpu_limit
BF_BF21_h5s20n7.txt,BBLCT,20,5,80,16,900.0,0,0.0,3,3.8,9,855.30,130608.0,1037216,true,completed
BF_BF21_h5s20n8.txt,BBLCT,20,5,80,16,900.0,0,0.0,4,5.0,8,891.93,4408.1,55163,true,completed
BF_BF21_h5s20n9.txt,BBLCT,20,5,80,16,900.0,1,1.2,6,7.5,10,889.06,29729.6,174571,true,completed
BF_BF22_h5s20n1.txt,BBLCT,20,5,80,16,900.0,0,0.0,4,5.0,5,500.34,6817.1,100770,true,completed
BF_BF22_h5s20n10.txt,BBLCT,20,5,80,16,900.0,0,0.0,4,5.0,8,887.53,751.3,13218,true,completed
BF_BF22_h5s20n11.txt,BBLCT,20,5,80,16,900.0,3,3.8,9,11.2,8,892.66,174.5,1723,true,completed
BF_BF22_h5s20n12.txt,BBLCT,20,5,80,16,900.0,3,3.8,7,8.8,7,742.60,8257.1,78052,true,completed
BF_BF22_h5s20n13.txt,BBLCT,20,5,80,16,900.0,0,0.0,3,3.8,5,475.35,595139.6,5053440,false,cpu_limit
BF_BF22_h5s20n14.txt,BBLCT,20,5,80,16,900.0,0,0.0,3,3.8,8,841.46,302667.2,2785501,true,completed
BF_BF22_h5s20n15.txt,BBLCT,20,5,80,16,900.0,2,2.5,6,7.5,8,853.97,194267.5,1638457,true,completed
BF_BF22_h5s20n16.txt,BBLCT,20,5,80,16,900.0,1,1.2,7,8.8,8,894.04,548.4,5034,true,completed
BF_BF22_h5s20n17.txt,BBLCT,20,5,80,16,900.0,2,2.5,7,8.8,8,885.52,8979.7,137527,true,completed
BF_BF22_h5s20n18.txt,BBLCT,20,5,80,16,900.0,0,0.0,4,5.0,9,897.09,84214.3,817005,true,completed
BF_BF22_h5s20n19.txt,BBLCT,20,5,80,16,900.0,0,0.0,4,5.0,9,899.70,2916.3,28845,true,completed
BF_BF22_h5s20n2.txt,BBLCT,20,5,80,16,900.0,1,1.2,5,6.2,8,899.35,29624.7,217654,true,completed
BF_BF22_h5s20n20.txt,BBLCT,20,5,80,16,900.0,0,0.0,3,3.8,8,898.13,685.0,7430,true,completed
BF_BF22_h5s20n3.txt,BBLCT,20,5,80,16,900.0,0,0.0,5,6.2,8,898.20,578585.3,4907563,true,completed
BF_BF22_h5s20n4.txt,BBLCT,20,5,80,16,900.0,4,5.0,10,12.5,9,896.90,1655.1,11313,true,completed
BF_BF22_h5s20n5.txt,BBLCT,20,5,80,16,900.0,1,1.2,3,3.8,4,421.52,1413.0,28464,true,completed
BF_BF22_h5s20n6.txt,BBLCT,20,5,80,16,900.0,0,0.0,10,12.5,8,887.39,14363.6,111898,true,completed
BF_BF22_h5s20n7.txt,BBLCT,20,5,80,16,900.0,0,0.0,3,3.8,8,898.68,919.3,11065,true,completed
BF_BF22_h5s20n8.txt,BBLCT,20,5,80,16,900.0,1,1.2,7,8.8,9,893.15,8395.5,68163,true,completed
BF_BF22_h5s20n9.txt,BBLCT,20,5,80,16,900.0,0,0.0,3,3.8,6,523.32,595084.3,5232640,false,cpu_limit
BF_BF23_h5s20n1.txt,BBLCT,20,5,80,32,900.0,0,0.0,9,11.2,8,823.60,103199.0,770127,true,completed
BF_BF23_h5s20n10.txt,BBLCT,20,5,80,32,900.0,1,1.2,5,6.2,9,897.67,125987.2,785042,true,completed
BF_BF23_h5s20n11.txt,BBLCT,20,5,80,32,900.0,0,0.0,3,3.8,9,897.92,5339.3,35281,true,completed
BF_BF23_h5s20n12.txt,BBLCT,20,5,80,32,900.0,0,0.0,4,5.0,10,898.93,187978.3,1172177,true,completed
BF_BF23_h5s20n13.txt,BBLCT,20,5,80,32,900.0,1,1.2,6,7.5,6,578.32,595108.9,5617664,false,cpu_limit
BF_BF23_h5s20n14.txt,BBLCT,20,5,80,32,900.0,3,3.8,9,11.2,10,899.77,467.9,2847,true,completed
BF_BF23_h5s20n15.txt,BBLCT,20,5,80,32,900.0,0,0.0,8,10.0,9,881.53,3692.0,21086,true,completed
BF_BF23_h5s20n16.txt,BBLCT,20,5,80,32,900.0,1,1.2,10,12.5,9,898.11,9034.5,63147,true,completed
BF_BF23_h5s20n17.txt,BBLCT,20,5,80,32,900.0,1,1.2,6,7.5,9,898.43,654.5,4051,true,completed
BF_BF23_h5s20n18.txt,BBLCT,20,5,80,32,900.0,1,1.2,4,5.0,8,896.10,2046.0,22601,true,completed
BF_BF23_h5s20n19.txt,BBLCT,20,5,80,32,900.0,2,2.5,6,7.5,9,897.64,24540.6,217360,true,completed
BF_BF23_h5s20n2.txt,BBLCT,20,5,80,32,900.0,1,1.2,2,2.5,4,460.64,1290.9,19002,true,completed
BF_BF23_h5s20n20.txt,BBLCT,20,5,80,32,900.0,0,0.0,3,3.8,8,851.35,6862.3,47441,true,completed
BF_BF23_h5s20n3.txt,BBLCT,20,5,80,32,900.0,0,0.0,5,6.2,10,894.62,22895.9,139389,true,completed
BF_BF23_h5s20n4.txt,BBLCT,20,5,80,32,900.0,2,2.5,9,11.2,9,894.12,555.9,4680,true,completed
BF_BF23_h5s20n5.txt,BBLCT,20,5,80,32,900.0,1,1.2,12,15.0,10,899.06,169.6,1567,true,completed
BF_BF23_h5s20n6.txt,BBLCT,20,5,80,32,900.0,1,1.2,8,10.0,9,885.31,73832.5,667605,true,completed
BF_BF23_h5s20n7.txt,BBLCT,20,5,80,32,900.0,0,0.0,11,13.8,9,895.10,334.9,2848,true,completed
BF_BF23_h5s20n8.txt,BBLCT,20,5,80,32,900.0,1,1.2,5,6.2,8,855.08,10603.3,87651,true,completed
BF_BF23_h5s20n9.txt,BBLCT,20,5,80,32,900.0,1,1.2,4,5.0,9,891.33,3559.9,22947,true,completed
BF_BF24_h5s20n1.txt,BBLCT,20,5,80,32,900.0,1,1.2,4,5.0,8,882.23,380.0,5982,true,completed
BF_BF24_h5s20n10.txt,BBLCT,20,5,80,32,900.0,0,0.0,4,5.0,8,895.06,97.7,1773,true,completed
BF_BF24_h5s20n11.txt,BBLCT,20,5,80,32,900.0,0,0.0,2,2.5,8,898.04,228.1,3576,true,completed
BF_BF24_h5s20n12.txt,BBLCT,20,5,80,32,900.0,0,0.0,3,3.8,7,891.75,5269.7,51202,true,completed
BF_BF24_h5s20n13.txt,BBLCT,20,5,80,32,900.0,0,0.0,2,2.5,7,885.71,28126.4,311439,true,completed
BF_BF24_h5s20n14.txt,BBLCT,20,5,80,32,900.0,0,0.0,7,8.8,9,896.22,1690.3,18453,true,completed
BF_BF24_h5s20n15.txt,BBLCT,20,5,80,32,900.0,0,0.0,6,7.5,8,897.90,36731.1,308913,true,completed
BF_BF24_h5s20n16.txt,BBLCT,20,5,80,32,900.0,1,1.2,4,5.0,9,885.19,2628.7,34020,true,completed
BF_BF24_h5s20n17.txt,BBLCT,20,5,80,32,900.0,1,1.2,11,13.8,8,895.16,6180.6,77637,true,completed
BF_BF24_h5s20n18.txt,BBLCT,20,5,80,32,900.0,0,0.0,3,3.8,8,896.60,539.7,7080,true,completed
BF_BF24_h5s20n19.txt,BBLCT,20,5,80,32,900.0,0,0.0,7,8.8,8,897.94,1320.1,20050,true,completed
BF_BF24_h5s20n2.txt,BBLCT,20,5,80,32,900.0,0,0.0,5,6.2,9,898.56,632.0,6785,true,completed
BF_BF24_h5s20n20.txt,BBLCT,20,5,80,32,900.0,0,0.0,7,8.8,7,699.52,57097.2,802987,true,completed
BF_BF24_h5s20n3.txt,BBLCT,20,5,80,32,900.0,2,2.5,4,5.0,8,899.30,1429.0,13190,true,completed
BF_BF24_h5s20n4.txt,BBLCT,20,5,80,32,900.0,1,1.2,8,10.0,5,515.67,36.3,561,true,completed
BF_BF24_h5s20n5.txt,BBLCT,20,5,80,32,900.0,0,0.0,4,5.0,5,590.96,2353.7,42743,true,completed
BF_BF24_h5s20n6.txt,BBLCT,20,5,80,32,900.0,0,0.0,4,5.0,8,890.74,115569.0,914109,true,completed
BF_BF24_h5s20n7.txt,BBLCT,20,5,80,32,900.0,0,0.0,3,3.8,9,886.51,741.1,6132,true,completed
BF_BF24_h5s20n8.txt,BBLCT,20,5,80,32,900.0,0,0.0,4,5.0,8,896.51,69.5,1154,true,completed
BF_BF24_h5s20n9.txt,BBLCT,20,5,80,32,900.0,1,1.2,10,12.5,9,899.71,147039.5,1711887,true,completed
BF_BF25_h8s20n1.txt,BBLCT,20,8,96,20,900.0,1,1.0,3,3.1,5,624.35,228.7,1690,true,completed
BF_BF25_h8s20n10.txt,BBLCT,20,8,96,20,900.0,1,1.0,3,3.1,7,896.93,4781.9,24745,true,completed
BF_BF25_h8s20n11.txt,BBLCT,20,8,96,20,900.0,3,3.1,7,7.3,6,899.73,2208.1,7294,true,completed
BF_BF25_h8s20n12.txt,BBLCT,20,8,96,20,900.0,1,1.0,4,4.2,5,583.01,595108.1,2323456,false,cpu_limit
BF_BF25_h8s20n13.txt,BBLCT,20,8,96,20,900.0,1,1.0,4,4.2,6,638.87,595347.1,1970176,false,cpu_limit
BF_BF25_h8s20n14.txt,BBLCT,20,8,96,20,900.0,2,2.1,4,4.2,7,889.36,204817.8,832409,true,completed
BF_BF25_h8s20n15.txt,BBLCT,20,8,96,20,900.0,1,1.0,3,3.1,7,898.86,332.1,1922,true,completed
BF_BF25_h8s20n16.txt,BBLCT,20,8,96,20,900.0,1,1.0,4,4.2,6,899.84,438.3,1912,true,completed
BF_BF25_h8s20n17.txt,BBLCT,20,8,96,20,900.0,0,0.0,3,3.1,6,872.80,3313.6,16451,true,completed
BF_BF25_h8s20n18.txt,BBLCT,20,8,96,20,900.0,2,2.1,5,5.2,7,892.78,10239.4,49236,true,completed
BF_BF25_h8s20n19.txt,BBLCT,20,8,96,20,900.0,2,2.1,6,6.2,8,899.69,605.5,3768,true,completed
BF_BF25_h8s20n2.txt,BBLCT,20,8,96,20,900.0,1,1.0,5,5.2,7,898.66,574.7,2246,true,completed
BF_BF25_h8s20n20.txt,BBLCT,20,8,96,20,900.0,1,1.0,4,4.2,7,895.66,483.0,2360,true,completed
BF_BF25_h8s20n3.txt,BBLCT,20,8,96,20,900.0,1,1.0,6,6.2,7,897.78,187230.7,644711,true,completed
BF_BF25_h8s20n4.txt,BBLCT,20,8,96,20,900.0,1,1.0,4,4.2,7,889.37,1667.8,6871,true,completed
BF_BF25_h8s20n5.txt,BBLCT,20,8,96,20,900.0,1,1.0,3,3.1,6,878.12,228.0,1626,true,completed
BF_BF25_h8s20n6.txt,BBLCT,20,8,96,20,900.0,0,0.0,6,6.2,8,809.53,307724.2,954427,true,completed
BF_BF25_h8s20n7.txt,BBLCT,20,8,96,20,900.0,0,0.0,3,3.1,8,899.74,2177.3,7973,true,completed
BF_BF25_h8s20n8.txt,BBLCT,20,8,96,20,900.0,3,3.1,12,12.5,6,897.25,10460.4,31686,true,completed
BF_BF25_h8s20n9.txt,BBLCT,20,8,96,20,900.0,1,1.0,4,4.2,7,896.99,26056.1,112470,true,completed
BF_BF26_h8s20n1.txt,BBLCT,20,8,96,20,900.0,1,1.0,3,3.1,8,898.09,2087.1,13605,true,completed
BF_BF26_h8s20n10.txt,BBLCT,20,8,96,20,900.0,1,1.0,4,4.2,9,897.32,6283.6,24059,true,completed
BF_BF26_h8s20n11.txt,BBLCT,20,8,96,20,900.0,2,2.1,4,4.2,8,888.67,44598.5,192631,true,completed
BF_BF26_h8s20n12.txt,BBLCT,20,8,96,20,900.0,0,0.0,2,2.1,4,438.80,595154.7,2981888,false,cpu_limit
BF_BF26_h8s20n13.txt,BBLCT,20,8,96,20,900.0,0,0.0,4,4.2,8,888.14,283817.1,1478040,true,completed
BF_BF26_h8s20n14.txt,BBLCT,20,8,96,20,900.0,0,0.0,2,2.1,6,872.62,66.2,787,true,completed
BF_BF26_h8s20n15.txt,BBLCT,20,8,96,20,900.0,0,0.0,2,2.1,4,489.31,111384.6,578255,true,completed
BF_BF26_h8s20n16.txt,BBLCT,20,8,96,20,900.0,0,0.0,3,3.1,5,557.66,595235.2,2879488,false,cpu_limit
BF_BF26_h8s20n17.txt,BBLCT,20,8,96,20,900.0,0,0.0,3,3.1,5,601.03,595111.1,2409472,false,cpu_limit
BF_BF26_h8s20n18.txt,BBLCT,20,8,96,20,900.0,1,1.0,3,3.1,4,386.45,595160.4,3421184,false,cpu_limit
BF_BF26_h8s20n19.txt,BBLCT,20,8,96,20,900.0,2,2.1,4,4.2,4,480.60,595188.2,3045376,false,cpu_limit
BF_BF26_h8s20n2.txt,BBLCT,20,8,96,20,900.0,2,2.1,4,4.2,7,845.18,234.4,1709,true,completed
BF_BF26_h8s20n20.txt,BBLCT,20,8,96,20,900.0,1,1.0,4,4.2,5,562.81,595063.1,2599936,false,cpu_limit
BF_BF26_h8s20n3.txt,BBLCT,20,8,96,20,900.0,2,2.1,4,4.2,7,863.06,157.9,1382,true,completed
BF_BF26_h8s20n4.txt,BBLCT,20,8,96,20,900.0,0,0.0,3,3.1,4,457.46,595257.0,2443264,false,cpu_limit
BF_BF26_h8s20n5.txt,BBLCT,20,8,96,20,900.0,1,1.0,3,3.1,8,899.69,474476.7,2686714,true,completed
BF_BF26_h8s20n6.txt,BBLCT,20,8,96,20,900.0,1,1.0,3,3.1,4,533.80,595149.4,2699264,false,cpu_limit
BF_BF26_h8s20n7.txt,BBLCT,20,8,96,20,900.0,1,1.0,5,5.2,7,897.12,6650.4,39419,true,completed
BF_BF26_h8s20n8.txt,BBLCT,20,8,96,20,900.0,0,0.0,6,6.2,8,893.22,16541.2,85408,true,completed
BF_BF26_h8s20n9.txt,BBLCT,20,8,96,20,900.0,1,1.0,3,3.1,8,898.85,71876.7,344195,true,completed
BF_BF27_h8s20n1.txt,BBLCT,20,8,96,39,900.0,1,1.0,6,6.2,8,896.92,29854.7,100413,true,completed
BF_BF27_h8s20n10.txt,BBLCT,20,8,96,39,900.0,0,0.0,2,2.1,7,881.90,324.3,2156,true,completed
BF_BF27_h8s20n11.txt,BBLCT,20,8,96,39,900.0,1,1.0,6,6.2,7,895.97,48264.1,186281,true,completed
BF_BF27_h8s20n12.txt,BBLCT,20,8,96,39,900.0,0,0.0,3,3.1,8,893.84,1073.1,6080,true,completed
BF_BF27_h8s20n13.txt,BBLCT,20,8,96,39,900.0,0,0.0,2,2.1,7,897.07,476895.9,1741757,true,completed
BF_BF27_h8s20n14.txt,BBLCT,20,8,96,39,900.0,2,2.1,5,5.2,8,897.76,542.5,2171,true,completed
BF_BF27_h8s20n15.txt,BBLCT,20,8,96,39,900.0,1,1.0,2,2.1,3,434.72,959.1,6641,true,completed
BF_BF27_h8s20n16.txt,BBLCT,20,8,96,39,900.0,0,0.0,5,5.2,8,886.32,13884.0,46404,true,completed
BF_BF27_h8s20n17.txt,BBLCT,20,8,96,39,900.0,1,1.0,7,7.3,7,894.27,248.0,1170,true,completed
BF_BF27_h8s20n18.txt,BBLCT,20,8,96,39,900.0,0,0.0,3,3.1,7,897.72,793.6,3406,true,completed
BF_BF27_h8s20n19.txt,BBLCT,20,8,96,39,900.0,2,2.1,3,3.1,7,898.77,69.5,446,true,completed
BF_BF27_h8s20n2.txt,BBLCT,20,8,96,39,900.0,1,1.0,3,3.1,4,514.34,595335.0,1809408,false,cpu_limit
BF_BF27_h8s20n20.txt,BBLCT,20,8,96,39,900.0,1,1.0,6,6.2,8,893.84,517.3,2418,true,completed
BF_BF27_h8s20n3.txt,BBLCT,20,8,96,39,900.0,0,0.0,1,1.0,7,887.81,250.6,1769,true,completed
BF_BF27_h8s20n4.txt,BBLCT,20,8,96,39,900.0,1,1.0,4,4.2,6,623.23,595037.5,4738048,false,cpu_limit
BF_BF27_h8s20n5.txt,BBLCT,20,8,96,39,900.0,2,2.1,4,4.2,6,872.86,140.5,893,true,completed
BF_BF27_h8s20n6.txt,BBLCT,20,8,96,39,900.0,2,2.1,8,8.3,6,697.69,134602.0,453393,true,completed
BF_BF27_h8s20n7.txt,BBLCT,20,8,96,39,900.0,0,0.0,5,5.2,6,899.00,60172.3,177421,true,completed
BF_BF27_h8s20n8.txt,BBLCT,20,8,96,39,900.0,1,1.0,3,3.1,7,897.17,2919.8,11660,true,completed
BF_BF27_h8s20n9.txt,BBLCT,20,8,96,39,900.0,0,0.0,5,5.2,5,615.30,595073.8,1837056,false,cpu_limit
BF_BF28_h8s20n1.txt,BBLCT,20,8,96,39,900.0,1,1.0,5,5.2,6,861.15,2951.9,13182,true,completed
BF_BF28_h8s20n10.txt,BBLCT,20,8,96,39,900.0,1,1.0,4,4.2,8,899.50,362.6,2319,true,completed
BF_BF28_h8s20n11.txt,BBLCT,20,8,96,39,900.0,1,1.0,4,4.2,9,899.53,281.9,2142,true,completed
BF_BF28_h8s20n12.txt,BBLCT,20,8,96,39,900.0,0,0.0,2,2.1,6,896.41,72.8,618,true,completed
BF_BF28_h8s20n13.txt,BBLCT,20,8,96,39,900.0,1,1.0,3,3.1,7,899.56,131227.6,737883,true,completed
BF_BF28_h8s20n14.txt,BBLCT,20,8,96,39,900.0,1,1.0,2,2.1,7,889.99,181.3,1501,true,completed
BF_BF28_h8s20n15.txt,BBLCT,20,8,96,39,900.0,0,0.0,4,4.2,6,718.34,23554.1,159494,true,completed
BF_BF28_h8s20n16.txt,BBLCT,20,8,96,39,900.0,1,1.0,3,3.1,7,899.92,2095.9,13853,true,completed
BF_BF28_h8s20n17.txt,BBLCT,20,8,96,39,900.0,1,1.0,4,4.2,6,897.24,226.4,1233,true,completed
BF_BF28_h8s20n18.txt,BBLCT,20,8,96,39,900.0,0,0.0,1,1.0,6,891.72,1142.0,8740,true,completed
BF_BF28_h8s20n19.txt,BBLCT,20,8,96,39,900.0,0,0.0,3,3.1,9,894.68,73003.7,329845,true,completed
BF_BF28_h8s20n2.txt,BBLCT,20,8,96,39,900.0,0,0.0,3,3.1,7,798.42,53457.3,244971,true,completed
BF_BF28_h8s20n20.txt,BBLCT,20,8,96,39,900.0,0,0.0,2,2.1,5,880.34,137.3,1063,true,completed
BF_BF28_h8s20n3.txt,BBLCT,20,8,96,39,900.0,0,0.0,8,8.3,8,895.30,1410.5,11827,true,completed
BF_BF28_h8s20n4.txt,BBLCT,20,8,96,39,900.0,0,0.0,1,1.0,1,107.25,252.5,2700,true,completed
BF_BF28_h8s20n5.txt,BBLCT,20,8,96,39,900.0,0,0.0,1,1.0,6,888.41,319.1,2085,true,completed
BF_BF28_h8s20n6.txt,BBLCT,20,8,96,39,900.0,0,0.0,2,2.1,7,895.57,258.4,1583,true,completed
BF_BF28_h8s20n7.txt,BBLCT,20,8,96,39,900.0,0,0.0,3,3.1,8,897.92,451.5,2879,true,completed
BF_BF28_h8s20n8.txt,BBLCT,20,8,96,39,900.0,0,0.0,2,2.1,6,640.73,8231.6,39123,true,completed
BF_BF28_h8s20n9.txt,BBLCT,20,8,96,39,900.0,0,0.0,5,5.2,7,895.17,8264.9,52849,true,completed
BF_BF29_h8s20n1.txt,BBLCT,20,8,128,26,900.0,1,0.8,6,4.7,9,898.08,216992.0,925813,true,completed
BF_BF29_h8s20n10.txt,BBLCT,20,8,128,26,900.0,0,0.0,3,2.3,6,668.52,595155.8,2582528,false,cpu_limit
BF_BF29_h8s20n11.txt,BBLCT,20,8,128,26,900.0,1,0.8,3,2.3,8,886.08,254476.2,1103070,true,completed
BF_BF29_h8s20n12.txt,BBLCT,20,8,128,26,900.0,0,0.0,3,2.3,8,891.33,595090.1,2344960,false,cpu_limit
BF_BF29_h8s20n13.txt,BBLCT,20,8,128,26,900.0,1,0.8,4,3.1,9,887.55,270.0,1856,true,completed
BF_BF29_h8s20n14.txt,BBLCT,20,8,128,26,900.0,1,0.8,3,2.3,3,423.73,595159.3,2761728,false,cpu_limit
BF_BF29_h8s20n15.txt,BBLCT,20,8,128,26,900.0,2,1.6,5,3.9,7,725.75,595069.5,5201920,false,cpu_limit
BF_BF29_h8s20n16.txt,BBLCT,20,8,128,26,900.0,0,0.0,6,4.7,8,889.80,41288.8,184750,true,completed
BF_BF29_h8s20n17.txt,BBLCT,20,8,128,26,900.0,0,0.0,2,1.6,6,629.35,595191.8,2404352,false,cpu_limit
BF_BF29_h8s20n18.txt,BBLCT,20,8,128,26,900.0,2,1.6,4,3.1,5,525.09,595288.9,2118656,false,cpu_limit
BF_BF29_h8s20n19.txt,BBLCT,20,8,128,26,900.0,2,1.6,3,2.3,6,551.12,595247.5,2421760,false,cpu_limit
BF_BF29_h8s20n2.txt,BBLCT,20,8,128,26,900.0,0,0.0,2,1.6,6,634.37,595063.8,2507776,false,cpu_limit
BF_BF29_h8s20n20.txt,BBLCT,20,8,128,26,900.0,0,0.0,2,1.6,6,649.72,595034.0,2669568,false,cpu_limit
BF_BF29_h8s20n3.txt,BBLCT,20,8,128,26,900.0,0,0.0,2,1.6,4,443.76,185570.8,753018,true,completed
BF_BF29_h8s20n4.txt,BBLCT,20,8,128,26,900.0,2,1.6,4,3.1,2,208.53,647.1,5142,true,completed
BF_BF29_h8s20n5.txt,BBLCT,20,8,128,26,900.0,2,1.6,4,3.1,8,889.32,209.7,1527,true,completed
BF_BF29_h8s20n6.txt,BBLCT,20,8,128,26,900.0,0,0.0,4,3.1,8,896.59,338909.8,1395710,true,completed
BF_BF29_h8s20n7.txt,BBLCT,20,8,128,26,900.0,0,0.0,2,1.6,5,510.15,595058.5,2696192,false,cpu_limit
BF_BF29_h8s20n8.txt,BBLCT,20,8,128,26,900.0,1,0.8,3,2.3,8,894.21,1111.8,5807,true,completed
BF_BF29_h8s20n9.txt,BBLCT,20,8,128,26,900.0,2,1.6,4,3.1,9,888.52,78013.4,290584,true,completed
BF_BF2_h5s16n1.txt,BBLCT,16,5,48,10,900.0,1,2.1,5,10.4,6,599.33,87337.0,1098994,true,completed
BF_BF2_h5s16n10.txt,BBLCT,16,5,48,10,900.0,2,4.2,9,18.8,9,891.35,115.3,2741,true,completed
BF_BF2_h5s16n11.txt,BBLCT,16,5,48,10,900.0,2,4.2,8,16.7,8,897.11,302.7,5084,true,completed
BF_BF2_h5s16n12.txt,BBLCT,16,5,48,10,900.0,1,2.1,4,8.3,8,896.08,70.9,1171,true,completed
BF_BF2_h5s16n13.txt,BBLCT,16,5,48,10,900.0,1,2.1,7,14.6,7,751.12,4655.3,56412,true,completed
BF_BF2_h5s16n14.txt,BBLCT,16,5,48,10,900.0,1,2.1,4,8.3,9,897.21,163.5,2659,true,completed
BF_BF2_h5s16n15.txt,BBLCT,16,5,48,10,900.0,1,2.1,3,6.2,5,600.93,595121.6,7486464,false,cpu_limit
BF_BF2_h5s16n16.txt,BBLCT,16,5,48,10,900.0,0,0.0,6,12.5,7,721.96,33180.4,458063,true,completed
BF_BF2_h5s16n17.txt,BBLCT,16,5,48,10,900.0,2,4.2,7,14.6,8,892.70,203.5,2833,true,completed
BF_BF2_h5s16n18.txt,BBLCT,16,5,48,10,900.0,1,2.1,4,8.3,8,883.57,12476.6,180741,true,completed
BF_BF2_h5s16n19.txt,BBLCT,16,5,48,10,900.0,0,0.0,6,12.5,8,888.11,566.7,9769,true,completed
BF_BF2_h5s16n2.txt,BBLCT,16,5,48,10,900.0,1,2.1,4,8.3,9,889.67,216791.8,2528125,true,completed
BF_BF2_h5s16n20.txt,BBLCT,16,5,48,10,900.0,1,2.1,6,12.5,8,877.44,36.2,736,true,completed
BF_BF2_h5s16n3.txt,BBLCT,16,5,48,10,900.0,1,2.1,4,8.3,8,886.36,20.5,547,true,completed
BF_BF2_h5s16n4.txt,BBLCT,16,5,48,10,900.0,2,4.2,9,18.8,9,894.20,53.9,925,true,completed
BF_BF2_h5s16n5.txt,BBLCT,16,5,48,10,900.0,1,2.1,8,16.7,6,614.20,27974.0,374521,true,completed
BF_BF2_h5s16n6.txt,BBLCT,16,5,48,10,900.0,1,2.1,3,6.2,5,550.63,595054.7,7523328,false,cpu_limit
BF_BF2_h5s16n7.txt,BBLCT,16,5,48,10,900.0,4,8.3,9,18.8,8,885.91,5053.9,98626,true,completed
BF_BF2_h5s16n8.txt,BBLCT,16,5,48,10,900.0,0,0.0,4,8.3,9,888.24,3817.6,58974,true,completed
BF_BF2_h5s16n9.txt,BBLCT,16,5,48,10,900.0,1,2.1,6,12.5,8,817.88,39189.7,493972,true,completed
BF_BF30_h8s20n1.txt,BBLCT,20,8,128,26,900.0,1,0.8,4,3.1,9,897.14,213.5,1530,true,completed
BF_BF30_h8s20n10.txt,BBLCT,20,8,128,26,900.0,0,0.0,3,2.3,9,898.26,544064.5,2363176,true,completed
BF_BF30_h8s20n11.txt,BBLCT,20,8,128,26,900.0,2,1.6,3,2.3,3,330.25,595063.1,2961408,false,cpu_limit
BF_BF30_h8s20n12.txt,BBLCT,20,8,128,26,900.0,0,0.0,2,1.6,8,899.92,176731.6,954588,true,completed
BF_BF30_h8s20n13.txt,BBLCT,20,8,128,26,900.0,1,0.8,4,3.1,8,899.54,97801.7,467266,true,completed
BF_BF30_h8s20n14.txt,BBLCT,20,8,128,26,900.0,1,0.8,1,0.8,0,0.00,595072.0,13687808,false,cpu_limit
BF_BF30_h8s20n15.txt,BBLCT,20,8,128,26,900.0,1,0.8,2,1.6,5,507.48,595247.3,2326528,false,cpu_limit
BF_BF30_h8s20n16.txt,BBLCT,20,8,128,26,900.0,1,0.8,6,4.7,7,710.23,326110.0,1184363,true,completed
BF_BF30_h8s20n17.txt,BBLCT,20,8,128,26,900.0,1,0.8,3,2.3,8,893.57,113.5,1060,true,completed
BF_BF30_h8s20n18.txt,BBLCT,20,8,128,26,900.0,1,0.8,2,1.6,8,882.31,14464.4,76265,true,completed
BF_BF30_h8s20n19.txt,BBLCT,20,8,128,26,900.0,0,0.0,3,2.3,7,897.87,765.2,4528,true,completed
BF_BF30_h8s20n2.txt,BBLCT,20,8,128,26,900.0,1,0.8,2,1.6,4,418.39,595251.1,2441216,false,cpu_limit
BF_BF30_h8s20n20.txt,BBLCT,20,8,128,26,900.0,2,1.6,4,3.1,7,897.22,2769.0,13036,true,completed
BF_BF30_h8s20n3.txt,BBLCT,20,8,128,26,900.0,1,0.8,4,3.1,7,685.32,595154.0,2781184,false,cpu_limit
BF_BF30_h8s20n4.txt,BBLCT,20,8,128,26,900.0,1,0.8,3,2.3,2,214.03,179.7,1345,true,completed
BF_BF30_h8s20n5.txt,BBLCT,20,8,128,26,900.0,1,0.8,3,2.3,8,889.16,99083.3,483294,true,completed
BF_BF30_h8s20n6.txt,BBLCT,20,8,128,26,900.0,0,0.0,2,1.6,4,374.60,595196.2,2676736,false,cpu_limit
BF_BF30_h8s20n7.txt,BBLCT,20,8,128,26,900.0,2,1.6,3,2.3,7,897.63,3214.9,17159,true,completed
BF_BF30_h8s20n8.txt,BBLCT,20,8,128,26,900.0,1,0.8,3,2.3,8,899.45,57928.2,270700,true,completed
BF_BF30_h8s20n9.txt,BBLCT,20,8,128,26,900.0,3,2.3,5,3.9,8,887.90,1026.7,5658,true,completed
BF_BF31_h8s20n1.txt,BBLCT,20,8,128,52,900.0,0,0.0,1,0.8,7,885.00,534.5,2731,true,completed
BF_BF31_h8s20n10.txt,BBLCT,20,8,128,52,900.0,0,0.0,4,3.1,8,897.15,1757.0,8380,true,completed
BF_BF31_h8s20n11.txt,BBLCT,20,8,128,52,900.0,0,0.0,2,1.6,8,888.63,43471.1,165290,true,completed
BF_BF31_h8s20n12.txt,BBLCT,20,8,128,52,900.0,1,0.8,3,2.3,4,457.49,2706.4,11284,true,completed
BF_BF31_h8s20n13.txt,BBLCT,20,8,128,52,900.0,1,0.8,5,3.9,8,899.63,232.0,1706,true,completed
BF_BF31_h8s20n14.txt,BBLCT,20,8,128,52,900.0,0,0.0,3,2.3,8,896.89,42846.4,226876,true,completed
BF_BF31_h8s20n15.txt,BBLCT,20,8,128,52,900.0,0,0.0,5,3.9,8,896.09,237.6,1446,true,completed
BF_BF31_h8s20n16.txt,BBLCT,20,8,128,52,900.0,2,1.6,4,3.1,9,892.97,4083.9,20024,true,completed
BF_BF31_h8s20n17.txt,BBLCT,20,8,128,52,900.0,0,0.0,3,2.3,8,890.98,169.2,1143,true,completed
BF_BF31_h8s20n18.txt,BBLCT,20,8,128,52,900.0,0,0.0,4,3.1,9,898.39,6668.1,26770,true,completed
BF_BF31_h8s20n19.txt,BBLCT,20,8,128,52,900.0,0,0.0,1,0.8,5,508.41,595201.1,2264064,false,cpu_limit
BF_BF31_h8s20n2.txt,BBLCT,20,8,128,52,900.0,3,2.3,5,3.9,7,891.26,13030.7,49092,true,completed
BF_BF31_h8s20n20.txt,BBLCT,20,8,128,52,900.0,0,0.0,2,1.6,8,872.57,267.8,1525,true,completed
BF_BF31_h8s20n3.txt,BBLCT,20,8,128,52,900.0,3,2.3,5,3.9,8,896.85,575.3,3327,true,completed
BF_BF31_h8s20n4.txt,BBLCT,20,8,128,52,900.0,2,1.6,3,2.3,2,264.75,214.0,1266,true,completed
BF_BF31_h8s20n5.txt,BBLCT,20,8,128,52,900.0,0,0.0,3,2.3,9,898.77,217397.3,803592,true,completed
BF_BF31_h8s20n6.txt,BBLCT,20,8,128,52,900.0,1,0.8,1,0.8,0,0.00,23.6,153,true,completed
BF_BF31_h8s20n7.txt,BBLCT,20,8,128,52,900.0,0,0.0,2,1.6,4,419.10,595199.2,2649088,false,cpu_limit
BF_BF31_h8s20n8.txt,BBLCT,20,8,128,52,900.0,0,0.0,1,0.8,7,899.27,156.1,1086,true,completed
BF_BF31_h8s20n9.txt,BBLCT,20,8,128,52,900.0,1,0.8,5,3.9,8,898.94,2419.1,10573,true,completed
BF_BF32_h8s20n1.txt,BBLCT,20,8,128,52,900.0,0,0.0,3,2.3,6,606.84,282949.1,1986808,true,completed
BF_BF32_h8s20n10.txt,BBLCT,20,8,128,52,900.0,0,0.0,2,1.6,8,899.78,66192.4,372236,true,completed
BF_BF32_h8s20n11.txt,BBLCT,20,8,128,52,900.0,0,0.0,2,1.6,9,897.30,7908.4,49581,true,completed
BF_BF32_h8s20n12.txt,BBLCT,20,8,128,52,900.0,1,0.8,4,3.1,8,884.35,527.0,4325,true,completed
BF_BF32_h8s20n13.txt,BBLCT,20,8,128,52,900.0,1,0.8,4,3.1,8,891.62,11331.5,47697,true,completed
BF_BF32_h8s20n14.txt,BBLCT,20,8,128,52,900.0,0,0.0,2,1.6,7,895.66,48.6,243,true,completed
BF_BF32_h8s20n15.txt,BBLCT,20,8,128,52,900.0,0,0.0,2,1.6,6,776.34,13828.1,81859,true,completed
BF_BF32_h8s20n16.txt,BBLCT,20,8,128,52,900.0,1,0.8,4,3.1,7,897.01,1661.3,8901,true,completed
BF_BF32_h8s20n17.txt,BBLCT,20,8,128,52,900.0,0,0.0,3,2.3,8,899.58,1018.0,5535,true,completed
BF_BF32_h8s20n18.txt,BBLCT,20,8,128,52,900.0,0,0.0,4,3.1,8,899.90,1532.6,8022,true,completed
BF_BF32_h8s20n19.txt,BBLCT,20,8,128,52,900.0,1,0.8,3,2.3,9,893.96,346.7,2305,true,completed
BF_BF32_h8s20n2.txt,BBLCT,20,8,128,52,900.0,0,0.0,3,2.3,6,562.28,595144.6,4038656,false,cpu_limit
BF_BF32_h8s20n20.txt,BBLCT,20,8,128,52,900.0,0,0.0,1,0.8,7,890.16,314.6,2202,true,completed
BF_BF32_h8s20n3.txt,BBLCT,20,8,128,52,900.0,1,0.8,2,1.6,8,899.65,86.6,959,true,completed
BF_BF32_h8s20n4.txt,BBLCT,20,8,128,52,900.0,1,0.8,2,1.6,5,515.90,595186.5,2424832,false,cpu_limit
BF_BF32_h8s20n5.txt,BBLCT,20,8,128,52,900.0,0,0.0,2,1.6,8,890.33,1510.5,8588,true,completed
BF_BF32_h8s20n6.txt,BBLCT,20,8,128,52,900.0,0,0.0,4,3.1,7,885.05,216316.6,822793,true,completed
BF_BF32_h8s20n7.txt,BBLCT,20,8,128,52,900.0,0,0.0,2,1.6,8,890.78,154.8,1297,true,completed
BF_BF32_h8s20n8.txt,BBLCT,20,8,128,52,900.0,0,0.0,1,0.8,1,95.30,95.7,973,true,completed
BF_BF32_h8s20n9.txt,BBLCT,20,8,128,52,900.0,0,0.0,1,0.8,6,899.69,259.1,1703,true,completed
BF_BF3_h5s16n1.txt,BBLCT,16,5,48,20,900.0,1,2.1,10,20.8,8,885.09,118.7,1882,true,completed
BF_BF3_h5s16n10.txt,BBLCT,16,5,48,20,900.0,1,2.1,8,16.7,8,897.49,803.0,7754,true,completed
BF_BF3_h5s16n11.txt,BBLCT,16,5,48,20,900.0,0,0.0,8,16.7,8,895.44,22119.7,276811,true,completed
BF_BF3_h5s16n12.txt,BBLCT,16,5,48,20,900.0,1,2.1,5,10.4,9,898.87,1281.4,17631,true,completed
BF_BF3_h5s16n13.txt,BBLCT,16,5,48,20,900.0,1,2.1,7,14.6,8,894.54,115.6,1429,true,completed
BF_BF3_h5s16n14.txt,BBLCT,16,5,48,20,900.0,2,4.2,8,16.7,9,899.64,7475.7,81067,true,completed
BF_BF3_h5s16n15.txt,BBLCT,16,5,48,20,900.0,0,0.0,8,16.7,9,892.40,18385.4,210679,true,completed
BF_BF3_h5s16n16.txt,BBLCT,16,5,48,20,900.0,1,2.1,10,20.8,9,899.69,10550.5,109724,true,completed
BF_BF3_h5s16n17.txt,BBLCT,16,5,48,20,900.0,1,2.1,5,10.4,8,890.90,145.1,1796,true,completed
BF_BF3_h5s16n18.txt,BBLCT,16,5,48,20,900.0,2,4.2,6,12.5,8,897.50,1040.2,17804,true,completed
BF_BF3_h5s16n19.txt,BBLCT,16,5,48,20,900.0,1,2.1,7,14.6,9,896.74,137.4,1368,true,completed
BF_BF3_h5s16n2.txt,BBLCT,16,5,48,20,900.0,0,0.0,8,16.7,9,898.12,4349.2,56130,true,completed
BF_BF3_h5s16n20.txt,BBLCT,16,5,48,20,900.0,1,2.1,4,8.3,8,895.34,34.4,646,true,completed
BF_BF3_h5s16n3.txt,BBLCT,16,5,48,20,900.0,2,4.2,8,16.7,8,886.78,2432.8,21396,true,completed
BF_BF3_h5s16n4.txt,BBLCT,16,5,48,20,900.0,1,2.1,8,16.7,8,898.13,5641.8,51265,true,completed
BF_BF3_h5s16n5.txt,BBLCT,16,5,48,20,900.0,1,2.1,7,14.6,7,709.73,27706.5,304272,true,completed
BF_BF3_h5s16n6.txt,BBLCT,16,5,48,20,900.0,1,2.1,8,16.7,8,899.58,2862.1,42581,true,completed
BF_BF3_h5s16n7.txt,BBLCT,16,5,48,20,900.0,1,2.1,8,16.7,9,898.68,31146.1,451848,true,completed
BF_BF3_h5s16n8.txt,BBLCT,16,5,48,20,900.0,0,0.0,8,16.7,10,892.34,359.1,5231,true,completed
BF_BF3_h5s16n9.txt,BBLCT,16,5,48,20,900.0,1,2.1,4,8.3,6,673.71,47155.5,439442,true,completed
BF_BF4_h5s16n1.txt,BBLCT,16,5,48,20,900.0,0,0.0,4,8.3,9,886.12,283.9,4633,true,completed
BF_BF4_h5s16n10.txt,BBLCT,16,5,48,20,900.0,0,0.0,7,14.6,9,897.69,369.2,6304,true,completed
BF_BF4_h5s16n11.txt,BBLCT,16,5,48,20,900.0,0,0.0,5,10.4,8,896.52,741.5,15204,true,completed
BF_BF4_h5s16n12.txt,BBLCT,16,5,48,20,900.0,0,0.0,6,12.5,9,898.61,11665.0,138917,true,completed
BF_BF4_h5s16n13.txt,BBLCT,16,5,48,20,900.0,1,2.1,11,22.9,8,869.81,2080.1,31842,true,completed
BF_BF4_h5s16n14.txt,BBLCT,16,5,48,20,900.0,1,2.1,13,27.1,9,899.53,17663.7,553103,true,completed
BF_BF4_h5s16n15.txt,BBLCT,16,5,48,20,900.0,0,0.0,4,8.3,9,886.89,5541.4,82283,true,completed
BF_BF4_h5s16n16.txt,BBLCT,16,5,48,20,900.0,1,2.1,5,10.4,8,894.29,1160.7,23694,true,completed
BF_BF4_h5s16n17.txt,BBLCT,16,5,48,20,900.0,1,2.1,6,12.5,8,797.17,111363.2,1261683,true,completed
BF_BF4_h5s16n18.txt,BBLCT,16,5,48,20,900.0,1,2.1,6,12.5,8,894.81,469.5,13098,true,completed
BF_BF4_h5s16n19.txt,BBLCT,16,5,48,20,900.0,1,2.1,9,18.8,8,897.12,2894.0,31330,true,completed
BF_BF4_h5s16n2.txt,BBLCT,16,5,48,20,900.0,1,2.1,7,14.6,8,899.41,2260.6,43002,true,completed
BF_BF4_h5s16n20.txt,BBLCT,16,5,48,20,900.0,1,2.1,6,12.5,5,513.21,131.7,2413,true,completed
BF_BF4_h5s16n3.txt,BBLCT,16,5,48,20,900.0,0,0.0,12,25.0,9,887.72,1268.4,25282,true,completed
BF_BF4_h5s16n4.txt,BBLCT,16,5,48,20,900.0,0,0.0,4,8.3,5,581.71,49215.0,636288,true,completed
BF_BF4_h5s16n5.txt,BBLCT,16,5,48,20,900.0,0,0.0,3,6.2,8,898.20,5879.8,147583,true,completed
BF_BF4_h5s16n6.txt,BBLCT,16,5,48,20,900.0,2,4.2,7,14.6,5,512.42,89.7,2129,true,completed
BF_BF4_h5s16n7.txt,BBLCT,16,5,48,20,900.0,0,0.0,4,8.3,8,891.13,602.7,13881,true,completed
BF_BF4_h5s16n8.txt,BBLCT,16,5,48,20,900.0,0,0.0,2,4.2,7,897.88,7066.8,87165,true,completed
BF_BF4_h5s16n9.txt,BBLCT,16,5,48,20,900.0,0,0.0,2,4.2,8,876.09,1519.1,21547,true,completed
BF_BF5_h5s16n1.txt,BBLCT,16,5,64,13,900.0,1,1.6,3,4.7,5,525.82,165.6,3729,true,completed
BF_BF5_h5s16n10.txt,BBLCT,16,5,64,13,900.0,1,1.6,9,14.1,7,621.36,9499.1,206009,true,completed
BF_BF5_h5s16n11.txt,BBLCT,16,5,64,13,900.0,1,1.6,7,10.9,9,899.96,22572.8,257926,true,completed
BF_BF5_h5s16n12.txt,BBLCT,16,5,64,13,900.0,1,1.6,8,12.5,8,739.69,32502.1,342547,true,completed
BF_BF5_h5s16n13.txt,BBLCT,16,5,64,13,900.0,0,0.0,6,9.4,10,893.80,362552.5,4187224,true,completed
BF_BF5_h5s16n14.txt,BBLCT,16,5,64,13,900.0,2,3.1,6,9.4,8,815.72,246643.0,2781604,true,completed
BF_BF5_h5s16n15.txt,BBLCT,16,5,64,13,900.0,3,4.7,8,12.5,8,883.05,4421.8,53058,true,completed
BF_BF5_h5s16n16.txt,BBLCT,16,5,64,13,900.0,1,1.6,4,6.2,9,876.90,34104.3,473103,true,completed
BF_BF5_h5s16n17.txt,BBLCT,16,5,64,13,900.0,1,1.6,9,14.1,9,888.13,332.8,4424,true,completed
BF_BF5_h5s16n18.txt,BBLCT,16,5,64,13,900.0,1,1.6,4,6.2,9,898.83,11002.8,107489,true,completed
BF_BF5_h5s16n19.txt,BBLCT,16,5,64,13,900.0,2,3.1,5,7.8,6,543.87,3835.1,107626,true,completed
BF_BF5_h5s16n2.txt,BBLCT,16,5,64,13,900.0,1,1.6,9,14.1,9,898.76,162.7,2285,true,completed
BF_BF5_h5s16n20.txt,BBLCT,16,5,64,13,900.0,2,3.1,7,10.9,8,891.64,1283.5,17418,true,completed
BF_BF5_h5s16n3.txt,BBLCT,16,5,64,13,900.0,2,3.1,9,14.1,9,899.71,5529.3,59100,true,completed
BF_BF5_h5s16n4.txt,BBLCT,16,5,64,13,900.0,4,6.2,12,18.8,9,893.21,3147.1,36747,true,completed
BF_BF5_h5s16n5.txt,BBLCT,16,5,64,13,900.0,1,1.6,4,6.2,4,443.82,18837.4,423772,true,completed
BF_BF5_h5s16n6.txt,BBLCT,16,5,64,13,900.0,0,0.0,7,10.9,9,893.18,820.1,8241,true,completed
BF_BF5_h5s16n7.txt,BBLCT,16,5,64,13,900.0,0,0.0,3,4.7,5,480.90,18886.6,459094,true,completed
BF_BF5_h5s16n8.txt,BBLCT,16,5,64,13,900.0,0,0.0,3,4.7,6,585.17,595065.1,5970944,false,cpu_limit
BF_BF5_h5s16n9.txt,BBLCT,16,5,64,13,900.0,1,1.6,7,10.9,9,899.14,13231.6,121204,true,completed
BF_BF6_h5s16n1.txt,BBLCT,16,5,64,13,900.0,2,3.1,7,10.9,9,879.43,8101.4,120191,true,completed
BF_BF6_h5s16n10.txt,BBLCT,16,5,64,13,900.0,1,1.6,3,4.7,8,878.43,20.4,554,true,completed
BF_BF6_h5s16n11.txt,BBLCT,16,5,64,13,900.0,0,0.0,3,4.7,8,897.77,163.3,3031,true,completed
BF_BF6_h5s16n12.txt,BBLCT,16,5,64,13,900.0,0,0.0,6,9.4,8,892.71,194.1,4405,true,completed
BF_BF6_h5s16n13.txt,BBLCT,16,5,64,13,900.0,2,3.1,4,6.2,5,522.69,44544.2,748204,true,completed
BF_BF6_h5s16n14.txt,BBLCT,16,5,64,13,900.0,1,1.6,12,18.8,9,895.82,19508.2,294489,true,completed
BF_BF6_h5s16n15.txt,BBLCT,16,5,64,13,900.0,0,0.0,7,10.9,8,865.55,205.7,5619,true,completed
BF_BF6_h5s16n16.txt,BBLCT,16,5,64,13,900.0,2,3.1,9,14.1,7,710.38,595054.6,9022464,false,cpu_limit
BF_BF6_h5s16n17.txt,BBLCT,16,5,64,13,900.0,0,0.0,3,4.7,8,894.46,521.9,8618,true,completed
BF_BF6_h5s16n18.txt,BBLCT,16,5,64,13,900.0,0,0.0,3,4.7,8,887.73,36214.9,482877,true,completed
BF_BF6_h5s16n19.txt,BBLCT,16,5,64,13,900.0,2,3.1,6,9.4,7,752.00,2545.3,37075,true,completed
BF_BF6_h5s16n2.txt,BBLCT,16,5,64,13,900.0,1,1.6,4,6.2,8,898.69,265970.5,3702614,true,completed
BF_BF6_h5s16n20.txt,BBLCT,16,5,64,13,900.0,0,0.0,4,6.2,9,899.72,6178.5,122294,true,completed
BF_BF6_h5s16n3.txt,BBLCT,16,5,64,13,900.0,2,3.1,8,12.5,8,847.09,126700.5,1891979,true,completed
BF_BF6_h5s16n4.txt,BBLCT,16,5,64,13,900.0,0,0.0,3,4.7,6,597.09,6177.8,95298,true,completed
BF_BF6_h5s16n5.txt,BBLCT,16,5,64,13,900.0,2,3.1,5,7.8,8,897.60,177.8,2971,true,completed
BF_BF6_h5s16n6.txt,BBLCT,16,5,64,13,900.0,0,0.0,3,4.7,6,598.63,15276.6,233920,true,completed
BF_BF6_h5s16n7.txt,BBLCT,16,5,64,13,900.0,0,0.0,7,10.9,8,885.85,249939.0,6301418,true,completed
BF_BF6_h5s16n8.txt,BBLCT,16,5,64,13,900.0,1,1.6,10,15.6,8,897.01,618.4,12807,true,completed
BF_BF6_h5s16n9.txt,BBLCT,16,5,64,13,900.0,5,7.8,7,10.9,8,842.13,389.1,5393,true,completed
BF_BF7_h5s16n1.txt,BBLCT,16,5,64,26,900.0,1,1.6,5,7.8,8,874.10,75.2,1594,true,completed
BF_BF7_h5s16n10.txt,BBLCT,16,5,64,26,900.0,2,3.1,8,12.5,8,896.51,253776.9,2327727,true,completed
BF_BF7_h5s16n11.txt,BBLCT,16,5,64,26,900.0,1,1.6,7,10.9,9,899.67,2159.7,34747,true,completed
BF_BF7_h5s16n12.txt,BBLCT,16,5,64,26,900.0,1,1.6,9,14.1,8,891.17,11419.2,140785,true,completed
BF_BF7_h5s16n13.txt,BBLCT,16,5,64,26,900.0,0,0.0,3,4.7,9,881.63,66.8,1056,true,completed
BF_BF7_h5s16n14.txt,BBLCT,16,5,64,26,900.0,1,1.6,3,4.7,5,479.42,6605.8,143054,true,completed
BF_BF7_h5s16n15.txt,BBLCT,16,5,64,26,900.0,2,3.1,6,9.4,8,855.35,14895.1,186030,true,completed
BF_BF7_h5s16n16.txt,BBLCT,16,5,64,26,900.0,1,1.6,5,7.8,7,726.00,56044.3,606174,true,completed
BF_BF7_h5s16n17.txt,BBLCT,16,5,64,26,900.0,0,0.0,4,6.2,9,893.20,3113.8,28443,true,completed
BF_BF7_h5s16n18.txt,BBLCT,16,5,64,26,900.0,3,4.7,6,9.4,8,897.80,1019.5,16048,true,completed
BF_BF7_h5s16n19.txt,BBLCT,16,5,64,26,900.0,0,0.0,6,9.4,9,899.96,189798.2,3105688,true,completed
BF_BF7_h5s16n2.txt,BBLCT,16,5,64,26,900.0,1,1.6,8,12.5,8,878.15,338.8,4148,true,completed
BF_BF7_h5s16n20.txt,BBLCT,16,5,64,26,900.0,1,1.6,8,12.5,8,880.82,11255.7,110435,true,completed
BF_BF7_h5s16n3.txt,BBLCT,16,5,64,26,900.0,1,1.6,5,7.8,8,886.02,44.1,712,true,completed
BF_BF7_h5s16n4.txt,BBLCT,16,5,64,26,900.0,2,3.1,12,18.8,9,896.04,59.8,1010,true,completed
BF_BF7_h5s16n5.txt,BBLCT,16,5,64,26,900.0,0,0.0,4,6.2,7,706.22,13571.8,286896,true,completed
BF_BF7_h5s16n6.txt,BBLCT,16,5,64,26,900.0,1,1.6,7,10.9,9,898.51,1233.4,17414,true,completed
BF_BF7_h5s16n7.txt,BBLCT,16,5,64,26,900.0,1,1.6,6,9.4,7,698.73,89469.0,1750468,true,completed
BF_BF7_h5s16n8.txt,BBLCT,16,5,64,26,900.0,0,0.0,10,15.6,8,898.14,17825.9,274438,true,completed
BF_BF7_h5s16n9.txt,BBLCT,16,5,64,26,900.0,0,0.0,7,10.9,8,895.28,145.7,2023,true,completed
BF_BF8_h5s16n1.txt,BBLCT,16,5,64,26,900.0,1,1.6,7,10.9,8,896.95,539.8,10269,true,completed
BF_BF8_h5s16n10.txt,BBLCT,16,5,64,26,900.0,0,0.0,3,4.7,9,885.68,588.1,15248,true,completed
BF_BF8_h5s16n11.txt,BBLCT,16,5,64,26,900.0,0,0.0,6,9.4,8,895.72,1026.6,32254,true,completed
BF_BF8_h5s16n12.txt,BBLCT,16,5,64,26,900.0,0,0.0,6,9.4,8,898.32,7650.7,125217,true,completed
BF_BF8_h5s16n13.txt,BBLCT,16,5,64,26,900.0,0,0.0,4,6.2,8,876.16,282334.6,3864584,true,completed
BF_BF8_h5s16n14.txt,BBLCT,16,5,64,26,900.0,0,0.0,3,4.7,7,895.74,140.1,3888,true,completed
BF_BF8_h5s16n15.txt,BBLCT,16,5,64,26,900.0,1,1.6,3,4.7,5,516.73,362.6,6022,true,completed
BF_BF8_h5s16n16.txt,BBLCT,16,5,64,26,900.0,1,1.6,5,7.8,8,895.04,51.7,858,true,completed
BF_BF8_h5s16n17.txt,BBLCT,16,5,64,26,900.0,0,0.0,3,4.7,8,899.18,96.3,2567,true,completed
BF_BF8_h5s16n18.txt,BBLCT,16,5,64,26,900.0,1,1.6,5,7.8,5,515.93,50.8,1569,true,completed
BF_BF8_h5s16n19.txt,BBLCT,16,5,64,26,900.0,1,1.6,4,6.2,7,724.24,14006.2,166533,true,completed
BF_BF8_h5s16n2.txt,BBLCT,16,5,64,26,900.0,0,0.0,6,9.4,9,898.24,36328.2,383252,true,completed
BF_BF8_h5s16n20.txt,BBLCT,16,5,64,26,900.0,1,1.6,4,6.2,8,894.35,923.6,17132,true,completed
BF_BF8_h5s16n3.txt,BBLCT,16,5,64,26,900.0,1,1.6,5,7.8,8,846.10,2676.9,48023,true,completed
BF_BF8_h5s16n4.txt,BBLCT,16,5,64,26,900.0,1,1.6,7,10.9,9,897.88,342.4,5225,true,completed
BF_BF8_h5s16n5.txt,BBLCT,16,5,64,26,900.0,1,1.6,7,10.9,8,822.54,5385.1,77739,true,completed
BF_BF8_h5s16n6.txt,BBLCT,16,5,64,26,900.0,0,0.0,5,7.8,10,897.96,2833.6,32766,true,completed
BF_BF8_h5s16n7.txt,BBLCT,16,5,64,26,900.0,2,3.1,5,7.8,9,875.13,70.0,1159,true,completed
BF_BF8_h5s16n8.txt,BBLCT,16,5,64,26,900.0,1,1.6,8,12.5,9,898.19,4558.5,105796,true,completed
BF_BF8_h5s16n9.txt,BBLCT,16,5,64,26,900.0,1,1.6,4,6.2,6,653.97,335.8,5288,true,completed
BF_BF9_h8s16n1.txt,BBLCT,16,8,77,16,900.0,0,0.0,2,2.6,7,894.20,31192.4,217950,true,completed
BF_BF9_h8s16n10.txt,BBLCT,16,8,77,16,900.0,1,1.3,3,3.9,4,526.22,595082.4,3758080,false,cpu_limit
BF_BF9_h8s16n11.txt,BBLCT,16,8,77,16,900.0,2,2.6,7,9.1,7,899.54,586.3,6763,true,completed
BF_BF9_h8s16n12.txt,BBLCT,16,8,77,16,900.0,1,1.3,3,3.9,6,882.83,371802.1,2492524,true,completed
BF_BF9_h8s16n13.txt,BBLCT,16,8,77,16,900.0,1,1.3,3,3.9,3,406.87,595056.1,3918848,false,cpu_limit
BF_BF9_h8s16n14.txt,BBLCT,16,8,77,16,900.0,2,2.6,3,3.9,4,420.30,595130.1,3911680,false,cpu_limit
BF_BF9_h8s16n15.txt,BBLCT,16,8,77,16,900.0,3,3.9,6,7.8,6,899.07,2918.0,21409,true,completed
BF_BF9_h8s16n16.txt,BBLCT,16,8,77,16,900.0,1,1.3,4,5.2,6,877.71,8830.8,57057,true,completed
BF_BF9_h8s16n17.txt,BBLCT,16,8,77,16,900.0,2,2.6,3,3.9,6,893.12,6193.2,42794,true,completed
BF_BF9_h8s16n18.txt,BBLCT,16,8,77,16,900.0,3,3.9,5,6.5,7,823.55,420236.1,2760045,true,completed
BF_BF9_h8s16n19.txt,BBLCT,16,8,77,16,900.0,1,1.3,4,5.2,7,898.15,155659.1,1050691,true,completed
BF_BF9_h8s16n2.txt,BBLCT,16,8,77,16,900.0,1,1.3,3,3.9,7,888.94,4518.7,30351,true,completed
BF_BF9_h8s16n20.txt,BBLCT,16,8,77,16,900.0,1,1.3,3,3.9,4,586.62,1446.5,16871,true,completed
BF_BF9_h8s16n3.txt,BBLCT,16,8,77,16,900.0,1,1.3,3,3.9,6,694.33,595161.6,3686400,false,cpu_limit
BF_BF9_h8s16n4.txt,BBLCT,16,8,77,16,900.0,1,1.3,3,3.9,7,884.27,229309.8,1587783,true,completed
BF_BF9_h8s16n5.txt,BBLCT,16,8,77,16,900.0,3,3.9,3,3.9,0,0.00,595046.0,4130816,false,cpu_limit
BF_BF9_h8s16n6.txt,BBLCT,16,8,77,16,900.0,1,1.3,3,3.9,2,267.77,457595.4,3130062,true,completed
BF_BF9_h8s16n7.txt,BBLCT,16,8,77,16,900.0,1,1.3,4,5.2,8,876.96,2923.8,24220,true,completed
BF_BF9_h8s16n8.txt,BBLCT,16,8,77,16,900.0,4,5.2,7,9.1,8,897.57,302202.0,1975519,true,completed
BF_BF9_h8s16n9.txt,BBLCT,16,8,77,16,900.0,1,1.3,6,7.8,6,831.74,13989.8,93843,true,completed
BF_BF10_h8s16n1.txt,BBLCT,16,8,77,16,1200.0,0,0.0,3,3.9,10,1199.72,793.0,6792,true,completed
BF_BF10_h8s16n10.txt,BBLCT,16,8,77,16,1200.0,2,2.6,5,6.5,9,1190.09,866.5,10005,true,completed
BF_BF10_h8s16n11.txt,BBLCT,16,8,77,16,1200.0,2,2.6,4,5.2,8,859.89,595074.8,4499456,false,cpu_limit
BF_BF10_h8s16n12.txt,BBLCT,16,8,77,16,1200.0,1,1.3,5,6.5,9,1198.15,87.2,1154,true,completed
BF_BF10_h8s16n13.txt,BBLCT,16,8,77,16,1200.0,1,1.3,3,3.9,7,811.33,595138.8,5224448,false,cpu_limit
BF_BF10_h8s16n14.txt,BBLCT,16,8,77,16,1200.0,1,1.3,5,6.5,11,1196.69,181.0,1998,true,completed
BF_BF10_h8s16n15.txt,BBLCT,16,8,77,16,1200.0,2,2.6,4,5.2,6,876.53,105.2,1344,true,completed
BF_BF10_h8s16n16.txt,BBLCT,16,8,77,16,1200.0,0,0.0,2,2.6,6,837.03,595119.3,4752384,false,cpu_limit
BF_BF10_h8s16n17.txt,BBLCT,16,8,77,16,1200.0,0,0.0,3,3.9,8,808.69,595158.7,4343808,false,cpu_limit
BF_BF10_h8s16n18.txt,BBLCT,16,8,77,16,1200.0,1,1.3,3,3.9,6,751.43,595064.3,5933056,false,cpu_limit
BF_BF10_h8s16n19.txt,BBLCT,16,8,77,16,1200.0,0,0.0,2,2.6,8,783.19,595095.0,4529152,false,cpu_limit
BF_BF10_h8s16n2.txt,BBLCT,16,8,77,16,1200.0,2,2.6,4,5.2,7,758.97,595068.8,5471232,false,cpu_limit
BF_BF10_h8s16n20.txt,BBLCT,16,8,77,16,1200.0,0,0.0,3,3.9,10,1196.92,285.8,3055,true,completed
BF_BF10_h8s16n3.txt,BBLCT,16,8,77,16,1200.0,2,2.6,8,10.4,9,912.03,595047.2,4834304,false,cpu_limit
BF_BF10_h8s16n4.txt,BBLCT,16,8,77,16,1200.0,0,0.0,4,5.2,10,1198.36,588606.0,3673353,true,completed
BF_BF10_h8s16n5.txt,BBLCT,16,8,77,16,1200.0,1,1.3,3,3.9,7,766.99,595067.7,5069824,false,cpu_limit
BF_BF10_h8s16n6.txt,BBLCT,16,8,77,16,1200.0,1,1.3,4,5.2,7,715.25,595072.9,8064000,false,cpu_limit
BF_BF10_h8s16n7.txt,BBLCT,16,8,77,16,1200.0,0,0.0,2,2.6,8,981.46,595099.6,7084032,false,cpu_limit
BF_BF10_h8s16n8.txt,BBLCT,16,8,77,16,1200.0,1,1.3,2,2.6,4,509.62,595107.5,5939200,false,cpu_limit
BF_BF10_h8s16n9.txt,BBLCT,16,8,77,16,1200.0,2,2.6,4,5.2,7,834.35,595074.8,4562944,false,cpu_limit
BF_BF11_h8s16n1.txt,BBLCT,16,8,77,31,1200.0,0,0.0,4,5.2,9,1189.62,211717.1,1173104,true,completed
BF_BF11_h8s16n10.txt,BBLCT,16,8,77,31,1200.0,0,0.0,4,5.2,10,1197.78,4920.6,29377,true,completed
BF_BF11_h8s16n11.txt,BBLCT,16,8,77,31,1200.0,0,0.0,2,2.6,9,1196.64,1540.0,9786,true,completed
BF_BF11_h8s16n12.txt,BBLCT,16,8,77,31,1200.0,0,0.0,2,2.6,9,1100.02,224042.1,1649131,true,completed
BF_BF11_h8s16n13.txt,BBLCT,16,8,77,31,1200.0,0,0.0,3,3.9,9,1199.98,533.3,5454,true,completed
BF_BF11_h8s16n14.txt,BBLCT,16,8,77,31,1200.0,0,0.0,4,5.2,9,1190.29,1032.2,9097,true,completed
BF_BF11_h8s16n15.txt,BBLCT,16,8,77,31,1200.0,1,1.3,4,5.2,9,1173.03,684.9,5746,true,completed
BF_BF11_h8s16n16.txt,BBLCT,16,8,77,31,1200.0,0,0.0,6,7.8,9,1191.22,1138.8,9817,true,completed
BF_BF11_h8s16n17.txt,BBLCT,16,8,77,31,1200.0,2,2.6,6,7.8,9,1195.15,446.2,3686,true,completed
BF_BF11_h8s16n18.txt,BBLCT,16,8,77,31,1200.0,0,0.0,3,3.9,9,1198.00,3448.2,40106,true,completed
BF_BF11_h8s16n19.txt,BBLCT,16,8,77,31,1200.0,0,0.0,5,6.5,10,1198.34,17233.6,194104,true,completed
BF_BF11_h8s16n2.txt,BBLCT,16,8,77,31,1200.0,1,1.3,3,3.9,8,1193.00,14120.4,75862,true,completed
BF_BF11_h8s16n20.txt,BBLCT,16,8,77,31,1200.0,1,1.3,6,7.8,10,1199.62,53674.2,410855,true,completed
BF_BF11_h8s16n3.txt,BBLCT,16,8,77,31,1200.0,1,1.3,7,9.1,10,1199.59,328.4,3414,true,completed
BF_BF11_h8s16n4.txt,BBLCT,16,8,77,31,1200.0,0,0.0,3,3.9,9,1198.74,20579.8,163542,true,completed
BF_BF11_h8s16n5.txt,BBLCT,16,8,77,31,1200.0,0,0.0,6,7.8,9,1094.13,595077.2,3635200,false,cpu_limit
BF_BF11_h8s16n6.txt,BBLCT,16,8,77,31,1200.0,0,0.0,4,5.2,10,1196.65,169051.3,986203,true,completed
BF_BF11_h8s16n7.txt,BBLCT,16,8,77,31,1200.0,0,0.0,6,7.8,9,1199.55,26298.4,248977,true,completed
BF_BF11_h8s16n8.txt,BBLCT,16,8,77,31,1200.0,0,0.0,3,3.9,10,1196.98,319540.8,2463295,true,completed
BF_BF11_h8s16n9.txt,BBLCT,16,8,77,31,1200.0,0,0.0,4,5.2,9,1191.91,2543.4,30105,true,completed
BF_BF12_h8s16n1.txt,BBLCT,16,8,77,31,1200.0,0,0.0,1,1.3,9,1189.24,916.0,9236,true,completed
BF_BF12_h8s16n10.txt,BBLCT,16,8,77,31,1200.0,0,0.0,5,6.5,10,1190.88,41767.5,683183,true,completed
BF_BF12_h8s16n11.txt,BBLCT,16,8,77,31,1200.0,0,0.0,2,2.6,8,1169.32,23452.0,302062,true,completed
BF_BF12_h8s16n12.txt,BBLCT,16,8,77,31,1200.0,0,0.0,5,6.5,10,1195.59,561500.7,5914497,true,completed
BF_BF12_h8s16n13.txt,BBLCT,16,8,77,31,1200.0,0,0.0,2,2.6,9,1178.42,121.1,1239,true,completed
BF_BF12_h8s16n14.txt,BBLCT,16,8,77,31,1200.0,0,0.0,3,3.9,9,1186.22,69.5,1099,true,completed
BF_BF12_h8s16n15.txt,BBLCT,16,8,77,31,1200.0,0,0.0,5,6.5,10,1168.97,1061.0,11909,true,completed
BF_BF12_h8s16n16.txt,BBLCT,16,8,77,31,1200.0,2,2.6,7,9.1,8,1188.95,231.3,2206,true,completed
BF_BF12_h8s16n17.txt,BBLCT,16,8,77,31,1200.0,0,0.0,3,3.9,10,1193.06,3549.8,32114,true,completed
BF_BF12_h8s16n18.txt,BBLCT,16,8,77,31,1200.0,1,1.3,5,6.5,10,1188.18,595077.8,8797184,false,cpu_limit
BF_BF12_h8s16n19.txt,BBLCT,16,8,77,31,1200.0,1,1.3,3,3.9,7,922.65,595143.9,4666368,false,cpu_limit
BF_BF12_h8s16n2.txt,BBLCT,16,8,77,31,1200.0,1,1.3,3,3.9,10,1196.22,4149.7,60893,true,completed
BF_BF12_h8s16n20.txt,BBLCT,16,8,77,31,1200.0,1,1.3,4,5.2,9,1196.16,121.7,1422,true,completed
BF_BF12_h8s16n3.txt,BBLCT,16,8,77,31,1200.0,2,2.6,9,11.7,11,1197.15,595033.3,6916096,false,cpu_limit
BF_BF12_h8s16n4.txt,BBLCT,16,8,77,31,1200.0,3,3.9,6,7.8,6,768.12,15961.8,177955,true,completed
BF_BF12_h8s16n5.txt,BBLCT,16,8,77,31,1200.0,0,0.0,1,1.3,8,1192.15,493.0,5272,true,completed
BF_BF12_h8s16n6.txt,BBLCT,16,8,77,31,1200.0,1,1.3,7,9.1,9,1199.32,505665.0,3608766,true,completed
BF_BF12_h8s16n7.txt,BBLCT,16,8,77,31,1200.0,0,0.0,3,3.9,7,825.11,595112.7,5466112,false,cpu_limit
BF_BF12_h8s16n8.txt,BBLCT,16,8,77,31,1200.0,0,0.0,3,3.9,9,986.06,595104.0,6064128,false,cpu_limit
BF_BF12_h8s16n9.txt,BBLCT,16,8,77,31,1200.0,0,0.0,2,2.6,9,900.37,595088.0,6602752,false,cpu_limit
BF_BF13_h8s16n1.txt,BBLCT,16,8,103,21,1200.0,1,1.0,3,2.9,7,818.16,595074.0,4891648,false,cpu_limit
BF_BF13_h8s16n10.txt,BBLCT,16,8,103,21,1200.0,2,1.9,3,2.9,4,400.33,88404.4,1113680,true,completed
BF_BF13_h8s16n11.txt,BBLCT,16,8,103,21,1200.0,0,0.0,2,1.9,10,1187.11,595152.4,4838400,false,cpu_limit
BF_BF13_h8s16n12.txt,BBLCT,16,8,103,21,1200.0,1,1.0,6,5.8,12,1191.72,141932.0,1127892,true,completed
BF_BF13_h8s16n13.txt,BBLCT,16,8,103,21,1200.0,0,0.0,6,5.8,11,1199.00,198510.9,2833869,true,completed
BF_BF13_h8s16n14.txt,BBLCT,16,8,103,21,1200.0,0,0.0,3,2.9,10,1146.49,92.6,1320,true,completed
BF_BF13_h8s16n15.txt,BBLCT,16,8,103,21,1200.0,0,0.0,2,1.9,6,699.87,595100.0,4418560,false,cpu_limit
BF_BF13_h8s16n16.txt,BBLCT,16,8,103,21,1200.0,1,1.0,7,6.8,11,1197.14,595055.0,4241408,false,cpu_limit
BF_BF13_h8s16n17.txt,BBLCT,16,8,103,21,1200.0,0,0.0,2,1.9,8,940.49,595114.0,5100544,false,cpu_limit
BF_BF13_h8s16n18.txt,BBLCT,16,8,103,21,1200.0,0,0.0,3,2.9,8,833.09,595077.0,4123648,false,cpu_limit
BF_BF13_h8s16n19.txt,BBLCT,16,8,103,21,1200.0,1,1.0,2,1.9,7,756.93,595158.8,5165056,false,cpu_limit
BF_BF13_h8s16n2.txt,BBLCT,16,8,103,21,1200.0,1,1.0,2,1.9,5,546.81,595058.3,4508672,false,cpu_limit
BF_BF13_h8s16n20.txt,BBLCT,16,8,103,21,1200.0,0,0.0,3,2.9,9,1192.65,279.6,4551,true,completed
BF_BF13_h8s16n3.txt,BBLCT,16,8,103,21,1200.0,1,1.0,4,3.9,8,868.88,595033.7,4686848,false,cpu_limit
BF_BF13_h8s16n4.txt,BBLCT,16,8,103,21,1200.0,2,1.9,3,2.9,7,753.18,595131.6,4719616,false,cpu_limit
BF_BF13_h8s16n5.txt,BBLCT,16,8,103,21,1200.0,2,1.9,3,2.9,7,801.48,595166.1,4576256,false,cpu_limit
BF_BF13_h8s16n6.txt,BBLCT,16,8,103,21,1200.0,1,1.0,8,7.8,11,1199.63,20246.6,170274,true,completed
BF_BF13_h8s16n7.txt,BBLCT,16,8,103,21,1200.0,0,0.0,3,2.9,10,1180.83,12709.5,107804,true,completed
BF_BF13_h8s16n8.txt,BBLCT,16,8,103,21,1200.0,2,1.9,3,2.9,6,746.35,595082.9,5265408,false,cpu_limit
BF_BF13_h8s16n9.txt,BBLCT,16,8,103,21,1200.0,0,0.0,5,4.9,9,1193.43,5035.4,55576,true,completed
BF_BF14_h8s16n1.txt,BBLCT,16,8,103,21,1200.0,2,1.9,7,6.8,7,732.16,595157.9,3647488,false,cpu_limit
BF_BF14_h8s16n10.txt,BBLCT,16,8,103,21,1200.0,1,1.0,3,2.9,7,802.45,595134.4,5498880,false,cpu_limit
BF_BF14_h8s16n11.txt,BBLCT,16,8,103,21,1200.0,0,0.0,3,2.9,11,1198.13,4212.6,58750,true,completed
BF_BF14_h8s16n12.txt,BBLCT,16,8,103,21,1200.0,1,1.0,4,3.9,7,875.43,595124.3,5115904,false,cpu_limit
BF_BF14_h8s16n13.txt,BBLCT,16,8,103,21,1200.0,0,0.0,2,1.9,7,809.24,595136.8,5292032,false,cpu_limit
BF_BF14_h8s16n14.txt,BBLCT,16,8,103,21,1200.0,1,1.0,3,2.9,9,1199.25,2602.7,33342,true,completed
BF_BF14_h8s16n15.txt,BBLCT,16,8,103,21,1200.0,2,1.9,8,7.8,10,1159.25,56197.1,597873,true,completed
BF_BF14_h8s16n16.txt,BBLCT,16,8,103,21,1200.0,0,0.0,2,1.9,7,718.25,595130.5,4861952,false,cpu_limit
BF_BF14_h8s16n17.txt,BBLCT,16,8,103,21,1200.0,1,1.0,7,6.8,10,970.81,595123.2,5106688,false,cpu_limit
BF_BF14_h8s16n18.txt,BBLCT,16,8,103,21,1200.0,0,0.0,2,1.9,7,829.74,595125.4,5300224,false,cpu_limit
BF_BF14_h8s16n19.txt,BBLCT,16,8,103,21,1200.0,0,0.0,2,1.9,7,773.16,595142.6,4791296,false,cpu_limit
BF_BF14_h8s16n2.txt,BBLCT,16,8,103,21,1200.0,1,1.0,3,2.9,10,1182.93,162.3,1838,true,completed
BF_BF14_h8s16n20.txt,BBLCT,16,8,103,21,1200.0,0,0.0,3,2.9,10,1194.47,108.9,1220,true,completed
BF_BF14_h8s16n3.txt,BBLCT,16,8,103,21,1200.0,0,0.0,6,5.8,10,1182.91,595057.5,5830656,false,cpu_limit
BF_BF14_h8s16n4.txt,BBLCT,16,8,103,21,1200.0,2,1.9,4,3.9,9,866.87,595055.9,5061632,false,cpu_limit
BF_BF14_h8s16n5.txt,BBLCT,16,8,103,21,1200.0,2,1.9,3,2.9,6,800.30,595035.9,4892672,false,cpu_limit
BF_BF14_h8s16n6.txt,BBLCT,16,8,103,21,1200.0,0,0.0,2,1.9,6,725.46,595134.6,5321728,false,cpu_limit
BF_BF14_h8s16n7.txt,BBLCT,16,8,103,21,1200.0,1,1.0,3,2.9,11,1183.54,11672.9,121102,true,completed
BF_BF14_h8s16n8.txt,BBLCT,16,8,103,21,1200.0,0,0.0,3,2.9,6,724.07,595050.9,5992448,false,cpu_limit
BF_BF14_h8s16n9.txt,BBLCT,16,8,103,21,1200.0,1,1.0,2,1.9,8,794.99,595065.0,5844992,false,cpu_limit
BF_BF15_h8s16n1.txt,BBLCT,16,8,103,42,1200.0,0,0.0,2,1.9,9,1197.55,19208.2,158982,true,completed
BF_BF15_h8s16n10.txt,BBLCT,16,8,103,42,1200.0,0,0.0,3,2.9,10,1199.45,21008.9,329767,true,completed
BF_BF15_h8s16n11.txt,BBLCT,16,8,103,42,1200.0,0,0.0,2,1.9,8,873.50,595080.5,4856832,false,cpu_limit
BF_BF15_h8s16n12.txt,BBLCT,16,8,103,42,1200.0,1,1.0,3,2.9,11,1198.86,125006.9,956845,true,completed
BF_BF15_h8s16n13.txt,BBLCT,16,8,103,42,1200.0,1,1.0,10,9.7,10,1178.94,116199.9,647323,true,completed
BF_BF15_h8s16n14.txt,BBLCT,16,8,103,42,1200.0,1,1.0,8,7.8,10,1189.78,382.7,6113,true,completed
BF_BF15_h8s16n15.txt,BBLCT,16,8,103,42,1200.0,0,0.0,4,3.9,9,1045.86,595066.4,5265408,false,cpu_limit
BF_BF15_h8s16n16.txt,BBLCT,16,8,103,42,1200.0,0,0.0,2,1.9,9,1181.45,252.0,2572,true,completed
BF_BF15_h8s16n17.txt,BBLCT,16,8,103,42,1200.0,0,0.0,5,4.9,11,1194.98,660.8,7617,true,completed
BF_BF15_h8s16n18.txt,BBLCT,16,8,103,42,1200.0,0,0.0,3,2.9,9,1196.27,58.1,925,true,completed
BF_BF15_h8s16n19.txt,BBLCT,16,8,103,42,1200.0,2,1.9,6,5.8,10,1182.24,9858.8,69317,true,completed
BF_BF15_h8s16n2.txt,BBLCT,16,8,103,42,1200.0,1,1.0,4,3.9,7,746.24,595114.1,3519488,false,cpu_limit
BF_BF15_h8s16n20.txt,BBLCT,16,8,103,42,1200.0,1,1.0,5,4.9,11,1194.07,4045.9,34909,true,completed
BF_BF15_h8s16n3.txt,BBLCT,16,8,103,42,1200.0,0,0.0,4,3.9,10,1196.65,291005.0,4653350,true,completed
BF_BF15_h8s16n4.txt,BBLCT,16,8,103,42,1200.0,0,0.0,5,4.9,10,1198.62,83035.7,750142,true,completed
BF_BF15_h8s16n5.txt,BBLCT,16,8,103,42,1200.0,0,0.0,4,3.9,9,1198.54,5777.9,55511,true,completed
BF_BF15_h8s16n6.txt,BBLCT,16,8,103,42,1200.0,0,0.0,1,1.0,8,951.42,595161.0,4203520,false,cpu_limit
BF_BF15_h8s16n7.txt,BBLCT,16,8,103,42,1200.0,0,0.0,5,4.9,10,1188.23,247.5,2799,true,completed
BF_BF15_h8s16n8.txt,BBLCT,16,8,103,42,1200.0,0,0.0,4,3.9,9,1190.74,105816.0,840469,true,completed
BF_BF15_h8s16n9.txt,BBLCT,16,8,103,42,1200.0,1,1.0,5,4.9,6,875.43,595080.3,5312512,false,cpu_limit
BF_BF16_h8s16n1.txt,BBLCT,16,8,103,42,1200.0,0,0.0,6,5.8,12,1195.49,122.1,1541,true,completed
BF_BF16_h8s16n10.txt,BBLCT,16,8,103,42,1200.0,0,0.0,1,1.0,5,564.88,3429.7,38426,true,completed
BF_BF16_h8s16n11.txt,BBLCT,16,8,103,42,1200.0,0,0.0,4,3.9,11,1189.37,55795.4,1050200,true,completed
BF_BF16_h8s16n12.txt,BBLCT,16,8,103,42,1200.0,0,0.0,3,2.9,7,818.71,80286.2,589357,true,completed
BF_BF16_h8s16n13.txt,BBLCT,16,8,103,42,1200.0,1,1.0,4,3.9,7,672.22,595074.1,8279040,false,cpu_limit
BF_BF16_h8s16n14.txt,BBLCT,16,8,103,42,1200.0,0,0.0,4,3.9,11,1195.39,147.7,2046,true,completed
BF_BF16_h8s16n15.txt,BBLCT,16,8,103,42,1200.0,0,0.0,2,1.9,9,956.17,595097.6,6560768,false,cpu_limit
BF_BF16_h8s16n16.txt,BBLCT,16,8,103,42,1200.0,1,1.0,5,4.9,9,1142.20,727.2,9740,true,completed
BF_BF16_h8s16n17.txt,BBLCT,16,8,103,42,1200.0,0,0.0,2,1.9,10,1199.48,2030.6,32423,true,completed
BF_BF16_h8s16n18.txt,BBLCT,16,8,103,42,1200.0,0,0.0,5,4.9,11,1184.07,167541.6,1343524,true,completed
BF_BF16_h8s16n19.txt,BBLCT,16,8,103,42,1200.0,0,0.0,6,5.8,11,1181.96,76562.2,827827,true,completed
BF_BF16_h8s16n2.txt,BBLCT,16,8,103,42,1200.0,0,0.0,4,3.9,10,1177.56,5530.9,71128,true,completed
BF_BF16_h8s16n20.txt,BBLCT,16,8,103,42,1200.0,0,0.0,7,6.8,10,1184.40,37151.4,410335,true,completed
BF_BF16_h8s16n3.txt,BBLCT,16,8,103,42,1200.0,0,0.0,2,1.9,7,933.61,513518.6,4949771,true,completed
BF_BF16_h8s16n4.txt,BBLCT,16,8,103,42,1200.0,1,1.0,1,1.0,0,0.00,595058.0,5388288,false,cpu_limit
BF_BF16_h8s16n5.txt,BBLCT,16,8,103,42,1200.0,0,0.0,2,1.9,7,815.38,595119.1,4866048,false,cpu_limit
BF_BF16_h8s16n6.txt,BBLCT,16,8,103,42,1200.0,1,1.0,3,2.9,10,1197.94,17664.1,385482,true,completed
BF_BF16_h8s16n7.txt,BBLCT,16,8,103,42,1200.0,0,0.0,2,1.9,10,1193.19,66.6,869,true,completed
BF_BF16_h8s16n8.txt,BBLCT,16,8,103,42,1200.0,0,0.0,2,1.9,10,1196.85,2142.8,26880,true,completed
BF_BF16_h8s16n9.txt,BBLCT,16,8,103,42,1200.0,0,0.0,4,3.9,9,1044.64,595095.9,5011456,false,cpu_limit
BF_BF17_h5s20n1.txt,BBLCT,20,5,60,12,1200.0,1,1.7,7,11.7,11,1120.01,595032.7,3411968,false,cpu_limit
BF_BF17_h5s20n10.txt,BBLCT,20,5,60,12,1200.0,1,1.7,14,23.3,11,1194.64,595157.5,2618368,false,cpu_limit
BF_BF17_h5s20n11.txt,BBLCT,20,5,60,12,1200.0,0,0.0,7,11.7,10,963.36,595073.3,3185664,false,cpu_limit
BF_BF17_h5s20n12.txt,BBLCT,20,5,60,12,1200.0,2,3.3,5,8.3,9,948.51,595087.6,3213312,false,cpu_limit
BF_BF17_h5s20n13.txt,BBLCT,20,5,60,12,1200.0,2,3.3,13,21.7,11,1193.01,100125.1,665298,true,completed
BF_BF17_h5s20n14.txt,BBLCT,20,5,60,12,1200.0,2,3.3,13,21.7,12,1195.94,321905.0,2595366,true,completed
BF_BF17_h5s20n15.txt,BBLCT,20,5,60,12,1200.0,0,0.0,10,16.7,8,802.76,595104.3,7234560,false,cpu_limit
BF_BF17_h5s20n16.txt,BBLCT,20,5,60,12,1200.0,1,1.7,7,11.7,9,882.79,595177.9,3425280,false,cpu_limit
BF_BF17_h5s20n17.txt,BBLCT,20,5,60,12,1200.0,2,3.3,8,13.3,11,1191.85,24326.7,223846,true,completed
BF_BF17_h5s20n18.txt,BBLCT,20,5,60,12,1200.0,0,0.0,6,10.0,10,970.04,595153.6,3635200,false,cpu_limit
BF_BF17_h5s20n19.txt,BBLCT,20,5,60,12,1200.0,2,3.3,6,10.0,9,932.39,595090.3,2829312,false,cpu_limit
BF_BF17_h5s20n2.txt,BBLCT,20,5,60,12,1200.0,3,5.0,8,13.3,11,1191.46,30886.4,139380,true,completed
BF_BF17_h5s20n20.txt,BBLCT,20,5,60,12,1200.0,1,1.7,8,13.3,10,1038.09,595033.3,2961408,false,cpu_limit
BF_BF17_h5s20n3.txt,BBLCT,20,5,60,12,1200.0,4,6.7,11,18.3,9,926.60,595130.6,3898368,false,cpu_limit
BF_BF17_h5s20n4.txt,BBLCT,20,5,60,12,1200.0,3,5.0,10,16.7,11,1199.30,595041.3,3617792,false,cpu_limit
BF_BF17_h5s20n5.txt,BBLCT,20,5,60,12,1200.0,2,3.3,7,11.7,7,810.70,32062.8,244568,true,completed
BF_BF17_h5s20n6.txt,BBLCT,20,5,60,12,1200.0,1,1.7,7,11.7,9,978.86,595109.7,2857984,false,cpu_limit
BF_BF17_h5s20n7.txt,BBLCT,20,5,60,12,1200.0,2,3.3,10,16.7,12,1197.45,185606.8,895140,true,completed
BF_BF17_h5s20n8.txt,BBLCT,20,5,60,12,1200.0,2,3.3,5,8.3,11,1195.35,595118.4,3355648,false,cpu_limit
BF_BF17_h5s20n9.txt,BBLCT,20,5,60,12,1200.0,1,1.7,8,13.3,12,1199.91,234425.1,1279809,true,completed
BF_BF18_h5s20n1.txt,BBLCT,20,5,60,12,1200.0,1,1.7,4,6.7,9,971.94,595035.1,4155392,false,cpu_limit
BF_BF18_h5s20n10.txt,BBLCT,20,5,60,12,1200.0,0,0.0,8,13.3,10,1033.14,595054.1,6968320,false,cpu_limit
BF_BF18_h5s20n11.txt,BBLCT,20,5,60,12,1200.0,0,0.0,3,5.0,7,722.23,595086.5,8832000,false,cpu_limit
BF_BF18_h5s20n12.txt,BBLCT,20,5,60,12,1200.0,1,1.7,9,15.0,11,1194.98,595103.7,4194304,false,cpu_limit
BF_BF18_h5s20n13.txt,BBLCT,20,5,60,12,1200.0,3,5.0,8,13.3,9,975.24,595096.7,3956736,false,cpu_limit
BF_BF18_h5s20n14.txt,BBLCT,20,5,60,12,1200.0,1,1.7,9,15.0,12,1198.45,595173.6,4110336,false,cpu_limit
BF_BF18_h5s20n15.txt,BBLCT,20,5,60,12,1200.0,0,0.0,4,6.7,9,969.35,595062.5,4928512,false,cpu_limit
BF_BF18_h5s20n16.txt,BBLCT,20,5,60,12,1200.0,1,1.7,9,15.0,10,1187.41,1289.5,10470,true,completed
BF_BF18_h5s20n17.txt,BBLCT,20,5,60,12,1200.0,1,1.7,4,6.7,10,1189.43,5309.1,41588,true,completed
BF_BF18_h5s20n18.txt,BBLCT,20,5,60,12,1200.0,1,1.7,7,11.7,11,1190.86,595084.9,4168704,false,cpu_limit
BF_BF18_h5s20n19.txt,BBLCT,20,5,60,12,1200.0,3,5.0,10,16.7,9,966.62,595052.3,3962880,false,cpu_limit
BF_BF18_h5s20n2.txt,BBLCT,20,5,60,12,1200.0,3,5.0,11,18.3,10,1001.07,595141.6,3585024,false,cpu_limit
BF_BF18_h5s20n20.txt,BBLCT,20,5,60,12,1200.0,2,3.3,6,10.0,10,1010.45,595167.3,4246528,false,cpu_limit
BF_BF18_h5s20n3.txt,BBLCT,20,5,60,12,1200.0,0,0.0,7,11.7,11,1186.72,595061.0,5694464,false,cpu_limit
BF_BF18_h5s20n4.txt,BBLCT,20,5,60,12,1200.0,2,3.3,9,15.0,11,1199.03,186615.9,1831224,true,completed
BF_BF18_h5s20n5.txt,BBLCT,20,5,60,12,1200.0,3,5.0,7,11.7,10,1024.74,595122.9,4398080,false,cpu_limit
BF_BF18_h5s20n6.txt,BBLCT,20,5,60,12,1200.0,0,0.0,8,13.3,11,1198.29,595117.2,4265984,false,cpu_limit
BF_BF18_h5s20n7.txt,BBLCT,20,5,60,12,1200.0,1,1.7,4,6.7,8,867.05,595159.6,4117504,false,cpu_limit
BF_BF18_h5s20n8.txt,BBLCT,20,5,60,12,1200.0,2,3.3,7,11.7,10,1193.60,343114.7,2630900,true,completed
BF_BF18_h5s20n9.txt,BBLCT,20,5,60,12,1200.0,2,3.3,14,23.3,12,1198.61,42554.0,304758,true,completed
BF_BF19_h5s20n1.txt,BBLCT,20,5,60,24,1200.0,1,1.7,6,10.0,10,1199.48,3787.3,24377,true,completed
BF_BF19_h5s20n10.txt,BBLCT,20,5,60,24,1200.0,1,1.7,7,11.7,8,826.04,429345.0,2126807,true,completed
BF_BF19_h5s20n11.txt,BBLCT,20,5,60,24,1200.0,1,1.7,11,18.3,11,1198.95,595154.2,4330496,false,cpu_limit
BF_BF19_h5s20n12.txt,BBLCT,20,5,60,24,1200.0,0,0.0,12,20.0,12,1196.92,595098.6,2581504,false,cpu_limit
BF_BF19_h5s20n13.txt,BBLCT,20,5,60,24,1200.0,0,0.0,3,5.0,8,863.33,595061.4,6095872,false,cpu_limit
BF_BF19_h5s20n14.txt,BBLCT,20,5,60,24,1200.0,0,0.0,9,15.0,11,1196.18,12356.8,114756,true,completed
BF_BF19_h5s20n15.txt,BBLCT,20,5,60,24,1200.0,0,0.0,8,13.3,11,1196.74,43040.0,329359,true,completed
BF_BF19_h5s20n16.txt,BBLCT,20,5,60,24,1200.0,3,5.0,7,11.7,9,910.07,595062.2,2287616,false,cpu_limit
BF_BF19_h5s20n17.txt,BBLCT,20,5,60,24,1200.0,0,0.0,5,8.3,11,1196.31,52774.2,454199,true,completed
BF_BF19_h5s20n18.txt,BBLCT,20,5,60,24,1200.0,1,1.7,17,28.3,11,1198.37,1402.3,9779,true,completed
BF_BF19_h5s20n19.txt,BBLCT,20,5,60,24,1200.0,1,1.7,6,10.0,12,1193.19,128028.7,1161715,true,completed
BF_BF19_h5s20n2.txt,BBLCT,20,5,60,24,1200.0,0,0.0,14,23.3,11,1191.36,189929.8,969749,true,completed
BF_BF19_h5s20n20.txt,BBLCT,20,5,60,24,1200.0,2,3.3,7,11.7,12,1192.99,3568.8,42040,true,completed
BF_BF19_h5s20n3.txt,BBLCT,20,5,60,24,1200.0,1,1.7,8,13.3,10,1035.97,595131.1,3109888,false,cpu_limit
BF_BF19_h5s20n4.txt,BBLCT,20,5,60,24,1200.0,1,1.7,19,31.7,12,1189.91,17688.3,109241,true,completed
BF_BF19_h5s20n5.txt,BBLCT,20,5,60,24,1200.0,0,0.0,8,13.3,12,1188.62,77027.8,472289,true,completed
BF_BF19_h5s20n6.txt,BBLCT,20,5,60,24,1200.0,2,3.3,8,13.3,11,1199.72,52469.1,253765,true,completed
BF_BF19_h5s20n7.txt,BBLCT,20,5,60,24,1200.0,1,1.7,5,8.3,11,1196.05,62948.7,322208,true,completed
BF_BF19_h5s20n8.txt,BBLCT,20,5,60,24,1200.0,1,1.7,15,25.0,11,1198.26,595259.6,3482624,false,cpu_limit
BF_BF19_h5s20n9.txt,BBLCT,20,5,60,24,1200.0,3,5.0,8,13.3,8,901.47,595136.4,3618816,false,cpu_limit
BF_BF1_h5s16n1.txt,BBLCT,16,5,48,10,1200.0,2,4.2,8,16.7,11,1199.79,489.7,9014,true,completed
BF_BF1_h5s16n10.txt,BBLCT,16,5,48,10,1200.0,3,6.2,11,22.9,10,1044.24,595045.0,7046144,false,cpu_limit
BF_BF1_h5s16n11.txt,BBLCT,16,5,48,10,1200.0,2,4.2,6,12.5,10,1075.51,595129.9,6189056,false,cpu_limit
BF_BF1_h5s16n12.txt,BBLCT,16,5,48,10,1200.0,2,4.2,7,14.6,10,1023.39,595082.4,6597632,false,cpu_limit
BF_BF1_h5s16n13.txt,BBLCT,16,5,48,10,1200.0,2,4.2,12,25.0,12,1196.53,285080.3,3628255,true,completed
BF_BF1_h5s16n14.txt,BBLCT,16,5,48,10,1200.0,0,0.0,2,4.2,8,810.05,595042.2,6919168,false,cpu_limit
BF_BF1_h5s16n15.txt,BBLCT,16,5,48,10,1200.0,1,2.1,3,6.2,9,977.29,595062.6,6118400,false,cpu_limit
BF_BF1_h5s16n16.txt,BBLCT,16,5,48,10,1200.0,2,4.2,12,25.0,12,1199.74,117246.8,1699851,true,completed
BF_BF1_h5s16n17.txt,BBLCT,16,5,48,10,1200.0,2,4.2,7,14.6,9,959.57,595056.6,4852736,false,cpu_limit
BF_BF1_h5s16n18.txt,BBLCT,16,5,48,10,1200.0,3,6.2,9,18.8,9,936.76,595144.4,4710400,false,cpu_limit
BF_BF1_h5s16n19.txt,BBLCT,16,5,48,10,1200.0,0,0.0,12,25.0,10,1012.69,595113.6,5035008,false,cpu_limit
BF_BF1_h5s16n2.txt,BBLCT,16,5,48,10,1200.0,1,2.1,8,16.7,10,1009.05,595062.6,5469184,false,cpu_limit
BF_BF1_h5s16n20.txt,BBLCT,16,5,48,10,1200.0,1,2.1,9,18.8,8,866.71,260233.9,5069027,true,completed
BF_BF1_h5s16n3.txt,BBLCT,16,5,48,10,1200.0,2,4.2,7,14.6,11,1084.51,595116.5,6844416,false,cpu_limit
BF_BF1_h5s16n4.txt,BBLCT,16,5,48,10,1200.0,3,6.2,13,27.1,12,1199.34,225949.3,4184628,true,completed
BF_BF1_h5s16n5.txt,BBLCT,16,5,48,10,1200.0,1,2.1,8,16.7,11,1199.36,261228.1,2469505,true,completed
BF_BF1_h5s16n6.txt,BBLCT,16,5,48,10,1200.0,0,0.0,4,8.3,8,777.00,595045.7,11377664,false,cpu_limit
BF_BF1_h5s16n7.txt,BBLCT,16,5,48,10,1200.0,1,2.1,4,8.3,7,775.60,595051.0,9337856,false,cpu_limit
BF_BF1_h5s16n8.txt,BBLCT,16,5,48,10,1200.0,1,2.1,5,10.4,7,766.84,595029.5,10449920,false,cpu_limit
BF_BF1_h5s16n9.txt,BBLCT,16,5,48,10,1200.0,1,2.1,7,14.6,11,1044.23,595113.7,5597184,false,cpu_limit
BF_BF20_h5s20n1.txt,BBLCT,20,5,60,24,1200.0,0,0.0,6,10.0,11,1199.67,595040.6,5608448,false,cpu_limit
BF_BF20_h5s20n10.txt,BBLCT,20,5,60,24,1200.0,1,1.7,8,13.3,10,1198.59,307022.3,2180151,true,completed
BF_BF20_h5s20n11.txt,BBLCT,20,5,60,24,1200.0,0,0.0,8,13.3,10,1184.79,2652.2,44021,true,completed
BF_BF20_h5s20n12.txt,BBLCT,20,5,60,24,1200.0,0,0.0,9,15.0,11,1198.57,550136.7,4299988,true,completed
BF_BF20_h5s20n13.txt,BBLCT,20,5,60,24,1200.0,0,0.0,10,16.7,12,1189.71,504743.6,4536153,true,completed
BF_BF20_h5s20n14.txt,BBLCT,20,5,60,24,1200.0,0,0.0,7,11.7,11,1193.73,151666.2,1829548,true,completed
BF_BF20_h5s20n15.txt,BBLCT,20,5,60,24,1200.0,1,1.7,6,10.0,11,1193.33,210201.6,1735364,true,completed
BF_BF20_h5s20n16.txt,BBLCT,20,5,60,24,1200.0,2,3.3,5,8.3,9,1019.98,595097.4,5821440,false,cpu_limit
BF_BF20_h5s20n17.txt,BBLCT,20,5,60,24,1200.0,2,3.3,14,23.3,12,1199.30,2304.6,22601,true,completed
BF_BF20_h5s20n18.txt,BBLCT,20,5,60,24,1200.0,0,0.0,10,16.7,11,1199.38,595202.4,4860928,false,cpu_limit
BF_BF20_h5s20n19.txt,BBLCT,20,5,60,24,1200.0,1,1.7,8,13.3,11,1185.42,10295.4,164421,true,completed
BF_BF20_h5s20n2.txt,BBLCT,20,5,60,24,1200.0,0,0.0,6,10.0,11,1193.61,595075.4,4363264,false,cpu_limit
BF_BF20_h5s20n20.txt,BBLCT,20,5,60,24,1200.0,1,1.7,7,11.7,11,1199.67,192.4,2780,true,completed
BF_BF20_h5s20n3.txt,BBLCT,20,5,60,24,1200.0,1,1.7,7,11.7,11,1199.48,23719.0,257892,true,completed
BF_BF20_h5s20n4.txt,BBLCT,20,5,60,24,1200.0,0,0.0,4,6.7,9,945.79,595066.2,4371456,false,cpu_limit
BF_BF20_h5s20n5.txt,BBLCT,20,5,60,24,1200.0,1,1.7,17,28.3,11,1196.39,71015.0,509342,true,completed
BF_BF20_h5s20n6.txt,BBLCT,20,5,60,24,1200.0,0,0.0,9,15.0,11,1197.81,135405.9,1452870,true,completed
BF_BF20_h5s20n7.txt,BBLCT,20,5,60,24,1200.0,0,0.0,7,11.7,11,1184.33,40643.3,337372,true,completed
BF_BF20_h5s20n8.txt,BBLCT,20,5,60,24,1200.0,0,0.0,6,10.0,11,1198.34,157512.0,1196167,true,completed
BF_BF20_h5s20n9.txt,BBLCT,20,5,60,24,1200.0,0,0.0,9,15.0,11,1199.56,434763.5,2985030,true,completed
BF_BF21_h5s20n1.txt,BBLCT,20,5,80,16,1200.0,2,2.5,9,11.2,11,1198.13,595164.7,3361792,false,cpu_limit
BF_BF21_h5s20n10.txt,BBLCT,20,5,80,16,1200.0,3,3.8,11,13.8,10,1041.33,595122.1,3540992,false,cpu_limit
BF_BF21_h5s20n11.txt,BBLCT,20,5,80,16,1200.0,2,2.5,8,10.0,10,1027.81,595191.7,3497984,false,cpu_limit
BF_BF21_h5s20n12.txt,BBLCT,20,5,80,16,1200.0,1,1.2,5,6.2,12,1194.67,45042.5,294312,true,completed
BF_BF21_h5s20n13.txt,BBLCT,20,5,80,16,1200.0,1,1.2,9,11.2,10,1121.04,595058.7,4361216,false,cpu_limit
BF_BF21_h5s20n14.txt,BBLCT,20,5,80,16,1200.0,1,1.2,9,11.2,12,1196.26,595137.6,3378176,false,cpu_limit
BF_BF21_h5s20n15.txt,BBLCT,20,5,80,16,1200.0,4,5.0,6,7.5,9,944.43,595132.4,4089856,false,cpu_limit
BF_BF21_h5s20n16.txt,BBLCT,20,5,80,16,1200.0,2,2.5,17,21.2,12,1184.59,13477.8,86277,true,completed
BF_BF21_h5s20n17.txt,BBLCT,20,5,80,16,1200.0,1,1.2,8,10.0,11,1031.02,595092.8,4742144,false,cpu_limit
BF_BF21_h5s20n18.txt,BBLCT,20,5,80,16,1200.0,1,1.2,6,7.5,11,1024.17,595037.0,3623936,false,cpu_limit
BF_BF21_h5s20n19.txt,BBLCT,20,5,80,16,1200.0,3,3.8,9,11.2,11,1195.96,170116.5,1112296,true,completed
BF_BF21_h5s20n2.txt,BBLCT,20,5,80,16,1200.0,3,3.8,8,10.0,10,1034.80,595075.8,3695616,false,cpu_limit
BF_BF21_h5s20n20.txt,BBLCT,20,5,80,16,1200.0,1,1.2,8,10.0,11,1189.50,44744.6,567641,true,completed
BF_BF21_h5s20n3.txt,BBLCT,20,5,80,16,1200.0,1,1.2,10,12.5,12,1199.26,321195.0,3229112,true,completed
BF_BF21_h5s20n4.txt,BBLCT,20,5,80,16,1200.0,1,1.2,7,8.8,9,939.57,595117.9,3687424,false,cpu_limit
BF_BF21_h5s20n5.txt,BBLCT,20,5,80,16,1200.0,0,0.0,2,2.5,8,823.70,595137.2,3940352,false,cpu_limit
BF_BF21_h5s20n6.txt,BBLCT,20,5,80,16,1200.0,2,2.5,9,11.2,12,1197.39,595054.2,5117952,false,cpu_limit
BF_BF21_h5s20n7.txt,BBLCT,20,5,80,16,1200.0,0,0.0,2,2.5,9,884.12,595042.4,5058560,false,cpu_limit
BF_BF21_h5s20n8.txt,BBLCT,20,5,80,16,1200.0,0,0.0,4,5.0,10,1113.57,595064.7,4204544,false,cpu_limit
BF_BF21_h5s20n9.txt,BBLCT,20,5,80,16,1200.0,1,1.2,10,12.5,11,1042.07,595173.3,4888576,false,cpu_limit
BF_BF22_h5s20n1.txt,BBLCT,20,5,80,16,1200.0,0,0.0,4,5.0,8,777.23,595070.5,8170496,false,cpu_limit
BF_BF22_h5s20n10.txt,BBLCT,20,5,80,16,1200.0,0,0.0,7,8.8,12,1198.58,206403.5,1562498,true,completed
BF_BF22_h5s20n11.txt,BBLCT,20,5,80,16,1200.0,3,3.8,9,11.2,8,864.09,595076.2,4799488,false,cpu_limit
BF_BF22_h5s20n12.txt,BBLCT,20,5,80,16,1200.0,3,3.8,9,11.2,12,1193.01,78433.1,705080,true,completed
BF_BF22_h5s20n13.txt,BBLCT,20,5,80,16,1200.0,0,0.0,3,3.8,8,797.70,595049.5,4401152,false,cpu_limit
BF_BF22_h5s20n14.txt,BBLCT,20,5,80,16,1200.0,0,0.0,3,3.8,11,1146.44,595064.9,5022720,false,cpu_limit
BF_BF22_h5s20n15.txt,BBLCT,20,5,80,16,1200.0,2,2.5,7,8.8,11,1148.99,36457.0,289904,true,completed
BF_BF22_h5s20n16.txt,BBLCT,20,5,80,16,1200.0,1,1.2,8,10.0,10,1177.92,17872.4,145714,true,completed
BF_BF22_h5s20n17.txt,BBLCT,20,5,80,16,1200.0,2,2.5,8,10.0,11,1194.60,595085.2,6504448,false,cpu_limit
BF_BF22_h5s20n18.txt,BBLCT,20,5,80,16,1200.0,0,0.0,4,5.0,8,800.41,595071.8,9650176,false,cpu_limit
BF_BF22_h5s20n19.txt,BBLCT,20,5,80,16,1200.0,0,0.0,4,5.0,8,766.94,595037.5,9208832,false,cpu_limit
BF_BF22_h5s20n2.txt,BBLCT,20,5,80,16,1200.0,1,1.2,5,6.2,7,757.86,554525.1,7014125,true,completed
BF_BF22_h5s20n20.txt,BBLCT,20,5,80,16,1200.0,0,0.0,5,6.2,11,1196.33,595079.3,5899264,false,cpu_limit
BF_BF22_h5s20n3.txt,BBLCT,20,5,80,16,1200.0,0,0.0,5,6.2,12,1196.58,149043.4,1352632,true,completed
BF_BF22_h5s20n4.txt,BBLCT,20,5,80,16,1200.0,4,5.0,10,12.5,8,762.14,595057.7,4643840,false,cpu_limit
BF_BF22_h5s20n5.txt,BBLCT,20,5,80,16,1200.0,1,1.2,5,6.2,10,1159.79,595106.7,5648384,false,cpu_limit
BF_BF22_h5s20n6.txt,BBLCT,20,5,80,16,1200.0,0,0.0,11,13.8,12,1187.32,79389.0,602391,true,completed
BF_BF22_h5s20n7.txt,BBLCT,20,5,80,16,1200.0,0,0.0,7,8.8,9,981.57,90478.3,1096741,true,completed
BF_BF22_h5s20n8.txt,BBLCT,20,5,80,16,1200.0,1,1.2,9,11.2,10,1070.61,595123.9,4454400,false,cpu_limit
BF_BF22_h5s20n9.txt,BBLCT,20,5,80,16,1200.0,0,0.0,3,3.8,8,831.51,595091.3,4961280,false,cpu_limit
BF_BF23_h5s20n1.txt,BBLCT,20,5,80,32,1200.0,0,0.0,12,15.0,11,1191.77,202110.7,2240828,true,completed
BF_BF23_h5s20n10.txt,BBLCT,20,5,80,32,1200.0,1,1.2,4,5.0,9,932.87,595139.5,3579904,false,cpu_limit
BF_BF23_h5s20n11.txt,BBLCT,20,5,80,32,1200.0,0,0.0,3,3.8,8,786.72,595080.8,5560320,false,cpu_limit
BF_BF23_h5s20n12.txt,BBLCT,20,5,80,32,1200.0,0,0.0,4,5.0,9,792.16,595031.1,6050816,false,cpu_limit
BF_BF23_h5s20n13.txt,BBLCT,20,5,80,32,1200.0,1,1.2,7,8.8,11,1190.14,595173.1,3630080,false,cpu_limit
BF_BF23_h5s20n14.txt,BBLCT,20,5,80,32,1200.0,3,3.8,11,13.8,11,1017.16,595060.2,3539968,false,cpu_limit
BF_BF23_h5s20n15.txt,BBLCT,20,5,80,32,1200.0,0,0.0,8,10.0,9,849.56,595068.7,4062208,false,cpu_limit
BF_BF23_h5s20n16.txt,BBLCT,20,5,80,32,1200.0,1,1.2,10,12.5,11,1104.20,595041.0,2954240,false,cpu_limit
BF_BF23_h5s20n17.txt,BBLCT,20,5,80,32,1200.0,1,1.2,6,7.5,8,847.48,595116.3,6111232,false,cpu_limit
BF_BF23_h5s20n18.txt,BBLCT,20,5,80,32,1200.0,1,1.2,4,5.0,10,1192.56,595087.6,6920192,false,cpu_limit
BF_BF23_h5s20n19.txt,BBLCT,20,5,80,32,1200.0,2,2.5,6,7.5,11,1106.93,595161.2,3534848,false,cpu_limit
BF_BF23_h5s20n2.txt,BBLCT,20,5,80,32,1200.0,1,1.2,4,5.0,11,1198.71,595059.1,5516288,false,cpu_limit
BF_BF23_h5s20n20.txt,BBLCT,20,5,80,32,1200.0,0,0.0,3,3.8,8,818.98,595205.4,3450880,false,cpu_limit
BF_BF23_h5s20n3.txt,BBLCT,20,5,80,32,1200.0,0,0.0,7,8.8,12,1198.70,595217.0,3464192,false,cpu_limit
BF_BF23_h5s20n4.txt,BBLCT,20,5,80,32,1200.0,2,2.5,9,11.2,12,1199.96,5380.9,31783,true,completed
BF_BF23_h5s20n5.txt,BBLCT,20,5,80,32,1200.0,1,1.2,14,17.5,13,1198.01,530499.1,2833156,true,completed
BF_BF23_h5s20n6.txt,BBLCT,20,5,80,32,1200.0,1,1.2,8,10.0,12,1183.91,595194.2,3266560,false,cpu_limit
BF_BF23_h5s20n7.txt,BBLCT,20,5,80,32,1200.0,0,0.0,12,15.0,10,969.22,595065.9,3561472,false,cpu_limit
BF_BF23_h5s20n8.txt,BBLCT,20,5,80,32,1200.0,1,1.2,7,8.8,11,1163.06,595196.4,4230144,false,cpu_limit
BF_BF23_h5s20n9.txt,BBLCT,20,5,80,32,1200.0,1,1.2,5,6.2,12,1187.96,23634.3,289345,true,completed
BF_BF24_h5s20n1.txt,BBLCT,20,5,80,32,1200.0,1,1.2,6,7.5,11,1188.53,503845.0,5942102,true,completed
BF_BF24_h5s20n10.txt,BBLCT,20,5,80,32,1200.0,0,0.0,4,5.0,8,837.43,595155.5,4799488,false,cpu_limit
BF_BF24_h5s20n11.txt,BBLCT,20,5,80,32,1200.0,0,0.0,5,6.2,11,1156.47,20313.0,341522,true,completed
BF_BF24_h5s20n12.txt,BBLCT,20,5,80,32,1200.0,0,0.0,3,3.8,6,725.33,595075.3,7533568,false,cpu_limit
BF_BF24_h5s20n13.txt,BBLCT,20,5,80,32,1200.0,0,0.0,3,3.8,10,1194.66,595083.2,4525056,false,cpu_limit
BF_BF24_h5s20n14.txt,BBLCT,20,5,80,32,1200.0,0,0.0,9,11.2,12,1198.45,99931.2,995428,true,completed
BF_BF24_h5s20n15.txt,BBLCT,20,5,80,32,1200.0,0,0.0,8,10.0,11,1186.52,160974.0,2209810,true,completed
BF_BF24_h5s20n16.txt,BBLCT,20,5,80,32,1200.0,1,1.2,6,7.5,11,1171.52,595151.5,4606976,false,cpu_limit
BF_BF24_h5s20n17.txt,BBLCT,20,5,80,32,1200.0,1,1.2,12,15.0,11,1197.50,63415.2,583581,true,completed
BF_BF24_h5s20n18.txt,BBLCT,20,5,80,32,1200.0,0,0.0,6,7.5,11,1197.33,507316.2,6984911,true,completed
BF_BF24_h5s20n19.txt,BBLCT,20,5,80,32,1200.0,0,0.0,8,10.0,11,1193.47,91871.3,810208,true,completed
BF_BF24_h5s20n2.txt,BBLCT,20,5,80,32,1200.0,0,0.0,9,11.2,12,1185.77,29077.5,348738,true,completed
BF_BF24_h5s20n20.txt,BBLCT,20,5,80,32,1200.0,0,0.0,12,15.0,12,1197.33,595170.2,4195328,false,cpu_limit
BF_BF24_h5s20n3.txt,BBLCT,20,5,80,32,1200.0,2,2.5,4,5.0,6,673.94,595041.6,7958528,false,cpu_limit
BF_BF24_h5s20n4.txt,BBLCT,20,5,80,32,1200.0,1,1.2,9,11.2,9,966.54,516876.0,3333498,true,completed
BF_BF24_h5s20n5.txt,BBLCT,20,5,80,32,1200.0,0,0.0,10,12.5,11,1192.45,472.7,3634,true,completed
BF_BF24_h5s20n6.txt,BBLCT,20,5,80,32,1200.0,0,0.0,5,6.2,10,1024.32,595121.7,5595136,false,cpu_limit
BF_BF24_h5s20n7.txt,BBLCT,20,5,80,32,1200.0,0,0.0,3,3.8,8,783.98,595059.5,9012224,false,cpu_limit
BF_BF24_h5s20n8.txt,BBLCT,20,5,80,32,1200.0,0,0.0,6,7.5,10,1173.49,326984.5,2985897,true,completed
BF_BF24_h5s20n9.txt,BBLCT,20,5,80,32,1200.0,1,1.2,13,16.2,11,1192.36,595032.0,4997120,false,cpu_limit
BF_BF25_h8s20n1.txt,BBLCT,20,8,96,20,1200.0,1,1.0,8,8.3,9,1198.45,510.5,2191,true,completed
BF_BF25_h8s20n10.txt,BBLCT,20,8,96,20,1200.0,1,1.0,3,3.1,6,634.08,595200.0,3595264,false,cpu_limit
BF_BF25_h8s20n11.txt,BBLCT,20,8,96,20,1200.0,3,3.1,10,10.4,9,1199.49,193188.9,909991,true,completed
BF_BF25_h8s20n12.txt,BBLCT,20,8,96,20,1200.0,1,1.0,4,4.2,7,896.76,595121.9,2285568,false,cpu_limit
BF_BF25_h8s20n13.txt,BBLCT,20,8,96,20,1200.0,1,1.0,4,4.2,7,857.70,595256.2,2103296,false,cpu_limit
BF_BF25_h8s20n14.txt,BBLCT,20,8,96,20,1200.0,2,2.1,4,4.2,9,1192.37,253428.3,1021737,true,completed
BF_BF25_h8s20n15.txt,BBLCT,20,8,96,20,1200.0,1,1.0,7,7.3,8,1199.23,2726.9,14937,true,completed
BF_BF25_h8s20n16.txt,BBLCT,20,8,96,20,1200.0,1,1.0,4,4.2,8,1196.88,3359.4,11972,true,completed
BF_BF25_h8s20n17.txt,BBLCT,20,8,96,20,1200.0,0,0.0,3,3.1,9,1198.40,1626.7,8845,true,completed
BF_BF25_h8s20n18.txt,BBLCT,20,8,96,20,1200.0,2,2.1,5,5.2,10,1198.45,42254.7,188042,true,completed
BF_BF25_h8s20n19.txt,BBLCT,20,8,96,20,1200.0,2,2.1,7,7.3,11,1198.53,595141.5,2051072,false,cpu_limit
BF_BF25_h8s20n2.txt,BBLCT,20,8,96,20,1200.0,1,1.0,5,5.2,7,890.74,595302.4,2081792,false,cpu_limit
BF_BF25_h8s20n20.txt,BBLCT,20,8,96,20,1200.0,1,1.0,4,4.2,9,1185.53,3494.7,13955,true,completed
BF_BF25_h8s20n3.txt,BBLCT,20,8,96,20,1200.0,1,1.0,8,8.3,10,1198.80,223363.2,816890,true,completed
BF_BF25_h8s20n4.txt,BBLCT,20,8,96,20,1200.0,1,1.0,5,5.2,9,1187.20,1754.1,10452,true,completed
BF_BF25_h8s20n5.txt,BBLCT,20,8,96,20,1200.0,1,1.0,5,5.2,9,1193.15,39252.0,215775,true,completed
BF_BF25_h8s20n6.txt,BBLCT,20,8,96,20,1200.0,0,0.0,6,6.2,11,1087.29,595066.7,1925120,false,cpu_limit
BF_BF25_h8s20n7.txt,BBLCT,20,8,96,20,1200.0,0,0.0,4,4.2,9,1107.02,316955.6,1202039,true,completed
BF_BF25_h8s20n8.txt,BBLCT,20,8,96,20,1200.0,3,3.1,12,12.5,9,1197.66,156206.9,477765,true,completed
BF_BF25_h8s20n9.txt,BBLCT,20,8,96,20,1200.0,1,1.0,4,4.2,9,1198.53,34454.4,153407,true,completed
BF_BF26_h8s20n1.txt,BBLCT,20,8,96,20,1200.0,1,1.0,3,3.1,6,612.79,2461.3,22534,true,completed
BF_BF26_h8s20n10.txt,BBLCT,20,8,96,20,1200.0,1,1.0,7,7.3,10,1198.44,11387.7,58415,true,completed
BF_BF26_h8s20n11.txt,BBLCT,20,8,96,20,1200.0,2,2.1,4,4.2,6,648.31,65118.5,339621,true,completed
BF_BF26_h8s20n12.txt,BBLCT,20,8,96,20,1200.0,0,0.0,2,2.1,6,768.06,595106.2,2860032,false,cpu_limit
BF_BF26_h8s20n13.txt,BBLCT,20,8,96,20,1200.0,0,0.0,3,3.1,8,961.56,595210.2,3178496,false,cpu_limit
BF_BF26_h8s20n14.txt,BBLCT,20,8,96,20,1200.0,0,0.0,6,6.2,9,1185.96,12834.5,68273,true,completed
BF_BF26_h8s20n15.txt,BBLCT,20,8,96,20,1200.0,0,0.0,3,3.1,10,1198.57,548274.0,2807272,true,completed
BF_BF26_h8s20n16.txt,BBLCT,20,8,96,20,1200.0,0,0.0,3,3.1,8,901.98,595082.6,2936832,false,cpu_limit
BF_BF26_h8s20n17.txt,BBLCT,20,8,96,20,1200.0,0,0.0,4,4.2,6,826.03,9161.7,50284,true,completed
BF_BF26_h8s20n18.txt,BBLCT,20,8,96,20,1200.0,1,1.0,4,4.2,10,1197.33,179603.0,1029370,true,completed
BF_BF26_h8s20n19.txt,BBLCT,20,8,96,20,1200.0,2,2.1,4,4.2,6,792.31,595213.4,2996224,false,cpu_limit
BF_BF26_h8s20n2.txt,BBLCT,20,8,96,20,1200.0,2,2.1,7,7.3,9,1117.11,595260.2,2461696,false,cpu_limit
BF_BF26_h8s20n20.txt,BBLCT,20,8,96,20,1200.0,1,1.0,5,5.2,10,1199.60,595171.2,2553856,false,cpu_limit
BF_BF26_h8s20n3.txt,BBLCT,20,8,96,20,1200.0,2,2.1,7,7.3,10,1198.10,468.7,2602,true,completed
BF_BF26_h8s20n4.txt,BBLCT,20,8,96,20,1200.0,0,0.0,3,3.1,6,772.51,595198.2,2324480,false,cpu_limit
BF_BF26_h8s20n5.txt,BBLCT,20,8,96,20,1200.0,1,1.0,2,2.1,6,711.75,595235.7,3021824,false,cpu_limit
BF_BF26_h8s20n6.txt,BBLCT,20,8,96,20,1200.0,1,1.0,3,3.1,6,803.90,595151.3,2696192,false,cpu_limit
BF_BF26_h8s20n7.txt,BBLCT,20,8,96,20,1200.0,1,1.0,5,5.2,9,1109.78,595150.2,2632704,false,cpu_limit
BF_BF26_h8s20n8.txt,BBLCT,20,8,96,20,1200.0,0,0.0,6,6.2,8,964.17,595269.4,2239488,false,cpu_limit
BF_BF26_h8s20n9.txt,BBLCT,20,8,96,20,1200.0,1,1.0,3,3.1,10,1179.17,24370.3,113555,true,completed
BF_BF27_h8s20n1.txt,BBLCT,20,8,96,39,1200.0,1,1.0,8,8.3,10,1109.97,595311.4,1859584,false,cpu_limit
BF_BF27_h8s20n10.txt,BBLCT,20,8,96,39,1200.0,0,0.0,3,3.1,9,1147.07,760.7,2884,true,completed
BF_BF27_h8s20n11.txt,BBLCT,20,8,96,39,1200.0,1,1.0,6,6.2,5,665.16,53754.7,231411,true,completed
BF_BF27_h8s20n12.txt,BBLCT,20,8,96,39,1200.0,0,0.0,3,3.1,6,712.93,16155.9,88725,true,completed
BF_BF27_h8s20n13.txt,BBLCT,20,8,96,39,1200.0,0,0.0,2,2.1,9,1199.90,99150.2,356066,true,completed
BF_BF27_h8s20n14.txt,BBLCT,20,8,96,39,1200.0,2,2.1,5,5.2,11,1191.61,30044.0,114950,true,completed
BF_BF27_h8s20n15.txt,BBLCT,20,8,96,39,1200.0,1,1.0,3,3.1,7,914.69,595046.6,2305024,false,cpu_limit
BF_BF27_h8s20n16.txt,BBLCT,20,8,96,39,1200.0,0,0.0,10,10.4,10,1196.36,510277.8,2652988,true,completed
BF_BF27_h8s20n17.txt,BBLCT,20,8,96,39,1200.0,1,1.0,8,8.3,8,1015.10,595359.7,1744896,false,cpu_limit
BF_BF27_h8s20n18.txt,BBLCT,20,8,96,39,1200.0,0,0.0,5,5.2,9,1089.72,595040.4,2063360,false,cpu_limit
BF_BF27_h8s20n19.txt,BBLCT,20,8,96,39,1200.0,2,2.1,3,3.1,9,1194.24,913.3,5421,true,completed
BF_BF27_h8s20n2.txt,BBLCT,20,8,96,39,1200.0,1,1.0,3,3.1,6,815.24,595032.3,2027520,false,cpu_limit
BF_BF27_h8s20n20.txt,BBLCT,20,8,96,39,1200.0,1,1.0,8,8.3,10,1198.09,13773.9,76160,true,completed
BF_BF27_h8s20n3.txt,BBLCT,20,8,96,39,1200.0,0,0.0,2,2.1,8,1074.54,114563.1,790442,true,completed
BF_BF27_h8s20n4.txt,BBLCT,20,8,96,39,1200.0,1,1.0,3,3.1,9,960.91,595063.1,4618240,false,cpu_limit
BF_BF27_h8s20n5.txt,BBLCT,20,8,96,39,1200.0,2,2.1,8,8.3,9,1182.09,1227.5,6213,true,completed
BF_BF27_h8s20n6.txt,BBLCT,20,8,96,39,1200.0,2,2.1,8,8.3,8,964.43,595156.0,2224128,false,cpu_limit
BF_BF27_h8s20n7.txt,BBLCT,20,8,96,39,1200.0,0,0.0,5,5.2,6,776.42,2955.7,14132,true,completed
BF_BF27_h8s20n8.txt,BBLCT,20,8,96,39,1200.0,1,1.0,3,3.1,9,1198.23,115992.3,644979,true,completed
BF_BF27_h8s20n9.txt,BBLCT,20,8,96,39,1200.0,0,0.0,6,6.2,8,1199.97,34544.9,100167,true,completed
BF_BF28_h8s20n1.txt,BBLCT,20,8,96,39,1200.0,1,1.0,5,5.2,6,734.68,595103.5,4217856,false,cpu_limit
BF_BF28_h8s20n10.txt,BBLCT,20,8,96,39,1200.0,1,1.0,5,5.2,10,1196.20,197277.9,1258020,true,completed
BF_BF28_h8s20n11.txt,BBLCT,20,8,96,39,1200.0,1,1.0,4,4.2,3,347.71,2845.5,24230,true,completed
BF_BF28_h8s20n12.txt,BBLCT,20,8,96,39,1200.0,0,0.0,4,4.2,9,1180.68,1629.6,12496,true,completed
BF_BF28_h8s20n13.txt,BBLCT,20,8,96,39,1200.0,1,1.0,3,3.1,8,952.06,595254.0,2247680,false,cpu_limit
BF_BF28_h8s20n14.txt,BBLCT,20,8,96,39,1200.0,1,1.0,3,3.1,9,1177.49,229.5,1889,true,completed
BF_BF28_h8s20n15.txt,BBLCT,20,8,96,39,1200.0,0,0.0,8,8.3,9,1009.50,595042.3,2475008,false,cpu_limit
BF_BF28_h8s20n16.txt,BBLCT,20,8,96,39,1200.0,1,1.0,3,3.1,8,913.37,595129.9,2466816,false,cpu_limit
BF_BF28_h8s20n17.txt,BBLCT,20,8,96,39,1200.0,1,1.0,4,4.2,8,1199.53,2610.4,14197,true,completed
BF_BF28_h8s20n18.txt,BBLCT,20,8,96,39,1200.0,0,0.0,1,1.0,2,357.38,4132.3,36766,true,completed
BF_BF28_h8s20n19.txt,BBLCT,20,8,96,39,1200.0,0,0.0,3,3.1,9,868.06,595122.6,2741248,false,cpu_limit
BF_BF28_h8s20n2.txt,BBLCT,20,8,96,39,1200.0,0,0.0,4,4.2,10,1191.94,5938.5,32267,true,completed
BF_BF28_h8s20n20.txt,BBLCT,20,8,96,39,1200.0,0,0.0,3,3.1,9,1188.46,468.1,3083,true,completed
BF_BF28_h8s20n3.txt,BBLCT,20,8,96,39,1200.0,0,0.0,8,8.3,10,1190.59,258.5,2088,true,completed
BF_BF28_h8s20n4.txt,BBLCT,20,8,96,39,1200.0,0,0.0,2,2.1,7,917.31,595043.4,4178944,false,cpu_limit
BF_BF28_h8s20n5.txt,BBLCT,20,8,96,39,1200.0,0,0.0,3,3.1,10,1165.10,33082.3,239233,true,completed
BF_BF28_h8s20n6.txt,BBLCT,20,8,96,39,1200.0,0,0.0,4,4.2,9,1193.13,8577.1,50460,true,completed
BF_BF28_h8s20n7.txt,BBLCT,20,8,96,39,1200.0,0,0.0,3,3.1,10,1199.31,3293.9,21084,true,completed
BF_BF28_h8s20n8.txt,BBLCT,20,8,96,39,1200.0,0,0.0,3,3.1,11,1198.50,595176.1,2770944,false,cpu_limit
BF_BF28_h8s20n9.txt,BBLCT,20,8,96,39,1200.0,0,0.0,5,5.2,9,1191.35,12668.6,79568,true,completed
BF_BF29_h8s20n1.txt,BBLCT,20,8,128,26,1200.0,1,0.8,6,4.7,10,987.76,595038.1,3731456,false,cpu_limit
BF_BF29_h8s20n10.txt,BBLCT,20,8,128,26,1200.0,0,0.0,3,2.3,8,968.73,595158.6,2614272,false,cpu_limit
BF_BF29_h8s20n11.txt,BBLCT,20,8,128,26,1200.0,1,0.8,3,2.3,10,1195.55,274652.5,1187172,true,completed
BF_BF29_h8s20n12.txt,BBLCT,20,8,128,26,1200.0,0,0.0,3,2.3,10,1197.82,595270.3,2677760,false,cpu_limit
BF_BF29_h8s20n13.txt,BBLCT,20,8,128,26,1200.0,1,0.8,4,3.1,4,395.99,1208.6,8524,true,completed
BF_BF29_h8s20n14.txt,BBLCT,20,8,128,26,1200.0,1,0.8,3,2.3,6,734.71,595172.6,2905088,false,cpu_limit
BF_BF29_h8s20n15.txt,BBLCT,20,8,128,26,1200.0,2,1.6,5,3.9,10,1078.41,595106.2,2900992,false,cpu_limit
BF_BF29_h8s20n16.txt,BBLCT,20,8,128,26,1200.0,0,0.0,6,4.7,9,951.65,595156.0,2417664,false,cpu_limit
BF_BF29_h8s20n17.txt,BBLCT,20,8,128,26,1200.0,0,0.0,3,2.3,11,1197.88,279719.5,1187418,true,completed
BF_BF29_h8s20n18.txt,BBLCT,20,8,128,26,1200.0,2,1.6,4,3.1,7,827.94,595237.1,2440192,false,cpu_limit
BF_BF29_h8s20n19.txt,BBLCT,20,8,128,26,1200.0,2,1.6,8,6.2,10,1104.25,595110.8,2793472,false,cpu_limit
BF_BF29_h8s20n2.txt,BBLCT,20,8,128,26,1200.0,0,0.0,2,1.6,8,853.25,595096.3,2486272,false,cpu_limit
BF_BF29_h8s20n20.txt,BBLCT,20,8,128,26,1200.0,0,0.0,2,1.6,7,921.44,595088.4,2838528,false,cpu_limit
BF_BF29_h8s20n3.txt,BBLCT,20,8,128,26,1200.0,0,0.0,2,1.6,7,749.99,595214.1,2562048,false,cpu_limit
BF_BF29_h8s20n4.txt,BBLCT,20,8,128,26,1200.0,2,1.6,7,5.5,11,1197.78,25771.9,126139,true,completed
BF_BF29_h8s20n5.txt,BBLCT,20,8,128,26,1200.0,2,1.6,7,5.5,9,1004.82,595302.3,2226176,false,cpu_limit
BF_BF29_h8s20n6.txt,BBLCT,20,8,128,26,1200.0,0,0.0,3,2.3,8,941.06,595039.1,2420736,false,cpu_limit
BF_BF29_h8s20n7.txt,BBLCT,20,8,128,26,1200.0,0,0.0,2,1.6,7,778.58,595243.4,2758656,false,cpu_limit
BF_BF29_h8s20n8.txt,BBLCT,20,8,128,26,1200.0,1,0.8,5,3.9,10,1097.41,595155.3,2825216,false,cpu_limit
BF_BF29_h8s20n9.txt,BBLCT,20,8,128,26,1200.0,2,1.6,6,4.7,10,1199.91,140553.5,662795,true,completed
BF_BF2_h5s16n1.txt,BBLCT,16,5,48,10,1200.0,1,2.1,5,10.4,9,889.62,595131.5,6795264,false,cpu_limit
BF_BF2_h5s16n10.txt,BBLCT,16,5,48,10,1200.0,2,4.2,11,22.9,12,1193.92,44543.5,536739,true,completed
BF_BF2_h5s16n11.txt,BBLCT,16,5,48,10,1200.0,2,4.2,8,16.7,8,897.11,595078.1,6881280,false,cpu_limit
BF_BF2_h5s16n12.txt,BBLCT,16,5,48,10,1200.0,1,2.1,13,27.1,10,1197.31,83.0,1673,true,completed
BF_BF2_h5s16n13.txt,BBLCT,16,5,48,10,1200.0,1,2.1,7,14.6,9,921.33,595058.7,6756352,false,cpu_limit
BF_BF2_h5s16n14.txt,BBLCT,16,5,48,10,1200.0,1,2.1,7,14.6,11,1199.44,595078.0,8699904,false,cpu_limit
BF_BF2_h5s16n15.txt,BBLCT,16,5,48,10,1200.0,1,2.1,4,8.3,10,1199.98,296004.5,3818339,true,completed
BF_BF2_h5s16n16.txt,BBLCT,16,5,48,10,1200.0,0,0.0,7,14.6,12,1197.08,60149.7,1143313,true,completed
BF_BF2_h5s16n17.txt,BBLCT,16,5,48,10,1200.0,2,4.2,8,16.7,11,1181.05,21064.6,248255,true,completed
BF_BF2_h5s16n18.txt,BBLCT,16,5,48,10,1200.0,1,2.1,6,12.5,11,1191.24,132562.6,2820815,true,completed
BF_BF2_h5s16n19.txt,BBLCT,16,5,48,10,1200.0,0,0.0,8,16.7,11,1198.60,30181.4,391145,true,completed
BF_BF2_h5s16n2.txt,BBLCT,16,5,48,10,1200.0,1,2.1,4,8.3,8,776.45,595073.1,11012096,false,cpu_limit
BF_BF2_h5s16n20.txt,BBLCT,16,5,48,10,1200.0,1,2.1,6,12.5,8,812.96,27853.2,620708,true,completed
BF_BF2_h5s16n3.txt,BBLCT,16,5,48,10,1200.0,1,2.1,4,8.3,10,1199.37,634.5,16767,true,completed
BF_BF2_h5s16n4.txt,BBLCT,16,5,48,10,1200.0,2,4.2,9,18.8,10,991.95,595114.0,6652928,false,cpu_limit
BF_BF2_h5s16n5.txt,BBLCT,16,5,48,10,1200.0,1,2.1,9,18.8,11,1190.45,18383.4,238495,true,completed
BF_BF2_h5s16n6.txt,BBLCT,16,5,48,10,1200.0,1,2.1,3,6.2,7,774.04,595063.5,7328768,false,cpu_limit
BF_BF2_h5s16n7.txt,BBLCT,16,5,48,10,1200.0,4,8.3,9,18.8,9,952.57,595120.1,6873088,false,cpu_limit
BF_BF2_h5s16n8.txt,BBLCT,16,5,48,10,1200.0,0,0.0,7,14.6,11,1195.98,24643.8,417299,true,completed
BF_BF2_h5s16n9.txt,BBLCT,16,5,48,10,1200.0,1,2.1,7,14.6,10,1014.06,595050.2,6124544,false,cpu_limit
BF_BF30_h8s20n1.txt,BBLCT,20,8,128,26,1200.0,1,0.8,4,3.1,11,1199.22,210.9,1714,true,completed
BF_BF30_h8s20n10.txt,BBLCT,20,8,128,26,1200.0,0,0.0,3,2.3,11,1194.33,595102.0,2312192,false,cpu_limit
BF_BF30_h8s20n11.txt,BBLCT,20,8,128,26,1200.0,2,1.6,3,2.3,6,760.57,595146.9,3250176,false,cpu_limit
BF_BF30_h8s20n12.txt,BBLCT,20,8,128,26,1200.0,0,0.0,2,1.6,8,892.19,595094.0,3206144,false,cpu_limit
BF_BF30_h8s20n13.txt,BBLCT,20,8,128,26,1200.0,1,0.8,5,3.9,11,1193.22,54307.3,274997,true,completed
BF_BF30_h8s20n14.txt,BBLCT,20,8,128,26,1200.0,1,0.8,1,0.8,0,0.00,595035.2,13343744,false,cpu_limit
BF_BF30_h8s20n15.txt,BBLCT,20,8,128,26,1200.0,1,0.8,2,1.6,8,847.80,595161.8,2313216,false,cpu_limit
BF_BF30_h8s20n16.txt,BBLCT,20,8,128,26,1200.0,1,0.8,6,4.7,10,1007.91,595159.4,2337792,false,cpu_limit
BF_BF30_h8s20n17.txt,BBLCT,20,8,128,26,1200.0,1,0.8,5,3.9,11,1198.37,242.3,1528,true,completed
BF_BF30_h8s20n18.txt,BBLCT,20,8,128,26,1200.0,1,0.8,2,1.6,10,1188.57,33517.9,180865,true,completed
BF_BF30_h8s20n19.txt,BBLCT,20,8,128,26,1200.0,0,0.0,6,4.7,11,1197.15,13801.7,71168,true,completed
BF_BF30_h8s20n2.txt,BBLCT,20,8,128,26,1200.0,1,0.8,2,1.6,6,720.37,595251.2,2766848,false,cpu_limit
BF_BF30_h8s20n20.txt,BBLCT,20,8,128,26,1200.0,2,1.6,4,3.1,7,889.66,595052.8,2781184,false,cpu_limit
BF_BF30_h8s20n3.txt,BBLCT,20,8,128,26,1200.0,1,0.8,4,3.1,10,1028.97,595086.6,2599936,false,cpu_limit
BF_BF30_h8s20n4.txt,BBLCT,20,8,128,26,1200.0,1,0.8,5,3.9,9,1057.97,595065.1,2750464,false,cpu_limit
BF_BF30_h8s20n5.txt,BBLCT,20,8,128,26,1200.0,1,0.8,2,1.6,6,675.70,595078.3,2892800,false,cpu_limit
BF_BF30_h8s20n6.txt,BBLCT,20,8,128,26,1200.0,0,0.0,2,1.6,6,706.15,595112.4,2866176,false,cpu_limit
BF_BF30_h8s20n7.txt,BBLCT,20,8,128,26,1200.0,2,1.6,7,5.5,10,1199.40,595127.2,5152768,false,cpu_limit
BF_BF30_h8s20n8.txt,BBLCT,20,8,128,26,1200.0,1,0.8,3,2.3,8,857.25,595102.0,2558976,false,cpu_limit
BF_BF30_h8s20n9.txt,BBLCT,20,8,128,26,1200.0,3,2.3,5,3.9,6,672.69,509715.6,2740748,true,completed
BF_BF31_h8s20n1.txt,BBLCT,20,8,128,52,1200.0,0,0.0,1,0.8,3,391.38,1353.4,6916,true,completed
BF_BF31_h8s20n10.txt,BBLCT,20,8,128,52,1200.0,0,0.0,4,3.1,11,1199.58,2698.9,18131,true,completed
BF_BF31_h8s20n11.txt,BBLCT,20,8,128,52,1200.0,0,0.0,1,0.8,6,668.89,595136.8,2556928,false,cpu_limit
BF_BF31_h8s20n12.txt,BBLCT,20,8,128,52,1200.0,1,0.8,4,3.1,8,930.88,595096.0,2391040,false,cpu_limit
BF_BF31_h8s20n13.txt,BBLCT,20,8,128,52,1200.0,1,0.8,7,5.5,10,1041.20,595167.5,3170304,false,cpu_limit
BF_BF31_h8s20n14.txt,BBLCT,20,8,128,52,1200.0,0,0.0,3,2.3,11,1199.86,65726.9,618985,true,completed
BF_BF31_h8s20n15.txt,BBLCT,20,8,128,52,1200.0,0,0.0,7,5.5,11,1198.90,4752.6,24689,true,completed
BF_BF31_h8s20n16.txt,BBLCT,20,8,128,52,1200.0,2,1.6,6,4.7,12,1199.59,555737.6,3650133,true,completed
BF_BF31_h8s20n17.txt,BBLCT,20,8,128,52,1200.0,0,0.0,3,2.3,7,681.58,595111.3,4065280,false,cpu_limit
BF_BF31_h8s20n18.txt,BBLCT,20,8,128,52,1200.0,0,0.0,6,4.7,12,1197.99,160081.9,629929,true,completed
BF_BF31_h8s20n19.txt,BBLCT,20,8,128,52,1200.0,0,0.0,1,0.8,7,808.64,595100.2,2352128,false,cpu_limit
BF_BF31_h8s20n2.txt,BBLCT,20,8,128,52,1200.0,3,2.3,6,4.7,10,1197.58,4869.4,23591,true,completed
BF_BF31_h8s20n20.txt,BBLCT,20,8,128,52,1200.0,0,0.0,3,2.3,10,1189.32,421408.4,2205925,true,completed
BF_BF31_h8s20n3.txt,BBLCT,20,8,128,52,1200.0,3,2.3,6,4.7,11,1195.58,166281.7,635957,true,completed
BF_BF31_h8s20n4.txt,BBLCT,20,8,128,52,1200.0,2,1.6,5,3.9,7,938.64,150079.5,571138,true,completed
BF_BF31_h8s20n5.txt,BBLCT,20,8,128,52,1200.0,0,0.0,3,2.3,7,716.00,595059.8,3267584,false,cpu_limit
BF_BF31_h8s20n6.txt,BBLCT,20,8,128,52,1200.0,1,0.8,3,2.3,9,1194.50,3251.0,17964,true,completed
BF_BF31_h8s20n7.txt,BBLCT,20,8,128,52,1200.0,0,0.0,2,1.6,7,709.58,595157.8,2734080,false,cpu_limit
BF_BF31_h8s20n8.txt,BBLCT,20,8,128,52,1200.0,0,0.0,4,3.1,11,1199.70,213127.0,907170,true,completed
BF_BF31_h8s20n9.txt,BBLCT,20,8,128,52,1200.0,1,0.8,5,3.9,7,754.17,595180.6,3625984,false,cpu_limit
BF_BF32_h8s20n1.txt,BBLCT,20,8,128,52,1200.0,0,0.0,3,2.3,9,925.85,595149.0,3129344,false,cpu_limit
BF_BF32_h8s20n10.txt,BBLCT,20,8,128,52,1200.0,0,0.0,2,1.6,10,1195.21,429609.4,2408675,true,completed
BF_BF32_h8s20n11.txt,BBLCT,20,8,128,52,1200.0,0,0.0,4,3.1,11,1198.23,11017.6,96661,true,completed
BF_BF32_h8s20n12.txt,BBLCT,20,8,128,52,1200.0,1,0.8,5,3.9,9,930.28,595034.1,2546688,false,cpu_limit
BF_BF32_h8s20n13.txt,BBLCT,20,8,128,52,1200.0,1,0.8,4,3.1,11,1196.23,23555.5,117997,true,completed
BF_BF32_h8s20n14.txt,BBLCT,20,8,128,52,1200.0,0,0.0,2,1.6,10,1198.56,379.0,2008,true,completed
BF_BF32_h8s20n15.txt,BBLCT,20,8,128,52,1200.0,0,0.0,3,2.3,9,1196.08,595246.6,3175424,false,cpu_limit
BF_BF32_h8s20n16.txt,BBLCT,20,8,128,52,1200.0,1,0.8,6,4.7,9,1198.62,93895.0,482792,true,completed
BF_BF32_h8s20n17.txt,BBLCT,20,8,128,52,1200.0,0,0.0,3,2.3,9,946.83,595274.2,2125824,false,cpu_limit
BF_BF32_h8s20n18.txt,BBLCT,20,8,128,52,1200.0,0,0.0,4,3.1,11,1191.43,7820.5,38691,true,completed
BF_BF32_h8s20n19.txt,BBLCT,20,8,128,52,1200.0,1,0.8,3,2.3,5,461.53,523.6,3749,true,completed
BF_BF32_h8s20n2.txt,BBLCT,20,8,128,52,1200.0,0,0.0,4,3.1,10,1120.74,595197.4,2630656,false,cpu_limit
BF_BF32_h8s20n20.txt,BBLCT,20,8,128,52,1200.0,0,0.0,1,0.8,3,399.43,757.9,5912,true,completed
BF_BF32_h8s20n3.txt,BBLCT,20,8,128,52,1200.0,1,0.8,3,2.3,10,1187.88,38824.3,429931,true,completed
BF_BF32_h8s20n4.txt,BBLCT,20,8,128,52,1200.0,1,0.8,2,1.6,7,814.06,595216.1,2543616,false,cpu_limit
BF_BF32_h8s20n5.txt,BBLCT,20,8,128,52,1200.0,0,0.0,3,2.3,10,1185.23,301834.7,2040499,true,completed
BF_BF32_h8s20n6.txt,BBLCT,20,8,128,52,1200.0,0,0.0,3,2.3,6,670.28,595174.5,2325504,false,cpu_limit
BF_BF32_h8s20n7.txt,BBLCT,20,8,128,52,1200.0,0,0.0,6,4.7,10,1190.75,595056.2,2856960,false,cpu_limit
BF_BF32_h8s20n8.txt,BBLCT,20,8,128,52,1200.0,0,0.0,3,2.3,10,1186.51,4832.5,45072,true,completed
BF_BF32_h8s20n9.txt,BBLCT,20,8,128,52,1200.0,0,0.0,2,1.6,10,1199.96,77936.8,626635,true,completed
BF_BF3_h5s16n1.txt,BBLCT,16,5,48,20,1200.0,1,2.1,14,29.2,10,1188.20,403.2,6756,true,completed
BF_BF3_h5s16n10.txt,BBLCT,16,5,48,20,1200.0,1,2.1,11,22.9,11,1195.15,65.6,1021,true,completed
BF_BF3_h5s16n11.txt,BBLCT,16,5,48,20,1200.0,0,0.0,9,18.8,11,1115.37,595145.5,5524480,false,cpu_limit
BF_BF3_h5s16n12.txt,BBLCT,16,5,48,20,1200.0,1,2.1,5,10.4,8,792.00,595081.9,10420224,false,cpu_limit
BF_BF3_h5s16n13.txt,BBLCT,16,5,48,20,1200.0,1,2.1,9,18.8,11,1198.96,53271.6,716192,true,completed
BF_BF3_h5s16n14.txt,BBLCT,16,5,48,20,1200.0,2,4.2,8,16.7,10,1026.10,595181.9,4110336,false,cpu_limit
BF_BF3_h5s16n15.txt,BBLCT,16,5,48,20,1200.0,0,0.0,13,27.1,12,1197.66,67374.3,1151512,true,completed
BF_BF3_h5s16n16.txt,BBLCT,16,5,48,20,1200.0,1,2.1,18,37.5,12,1191.29,192660.6,1941481,true,completed
BF_BF3_h5s16n17.txt,BBLCT,16,5,48,20,1200.0,1,2.1,10,20.8,10,1120.81,388441.6,3227007,true,completed
BF_BF3_h5s16n18.txt,BBLCT,16,5,48,20,1200.0,2,4.2,6,12.5,11,1190.27,1023.5,17196,true,completed
BF_BF3_h5s16n19.txt,BBLCT,16,5,48,20,1200.0,1,2.1,8,16.7,11,1192.92,2349.0,20833,true,completed
BF_BF3_h5s16n2.txt,BBLCT,16,5,48,20,1200.0,0,0.0,8,16.7,10,985.57,595065.4,7713792,false,cpu_limit
BF_BF3_h5s16n20.txt,BBLCT,16,5,48,20,1200.0,1,2.1,7,14.6,11,1165.29,595104.8,6643712,false,cpu_limit
BF_BF3_h5s16n3.txt,BBLCT,16,5,48,20,1200.0,2,4.2,13,27.1,11,1194.37,233328.0,2021298,true,completed
BF_BF3_h5s16n4.txt,BBLCT,16,5,48,20,1200.0,1,2.1,8,16.7,8,846.71,595039.2,8413184,false,cpu_limit
BF_BF3_h5s16n5.txt,BBLCT,16,5,48,20,1200.0,1,2.1,9,18.8,12,1193.51,225482.7,1916996,true,completed
BF_BF3_h5s16n6.txt,BBLCT,16,5,48,20,1200.0,1,2.1,9,18.8,11,1199.68,384872.2,3490124,true,completed
BF_BF3_h5s16n7.txt,BBLCT,16,5,48,20,1200.0,1,2.1,8,16.7,9,887.54,595029.4,8360960,false,cpu_limit
BF_BF3_h5s16n8.txt,BBLCT,16,5,48,20,1200.0,0,0.0,10,20.8,11,1045.71,595038.5,6092800,false,cpu_limit
BF_BF3_h5s16n9.txt,BBLCT,16,5,48,20,1200.0,1,2.1,5,10.4,10,1198.93,9116.2,81560,true,completed
BF_BF4_h5s16n1.txt,BBLCT,16,5,48,20,1200.0,0,0.0,6,12.5,12,1194.69,3053.9,52039,true,completed
BF_BF4_h5s16n10.txt,BBLCT,16,5,48,20,1200.0,0,0.0,9,18.8,12,1186.29,21394.1,259396,true,completed
BF_BF4_h5s16n11.txt,BBLCT,16,5,48,20,1200.0,0,0.0,7,14.6,11,1195.37,60135.1,1132071,true,completed
BF_BF4_h5s16n12.txt,BBLCT,16,5,48,20,1200.0,0,0.0,6,12.5,8,808.53,60039.3,971942,true,completed
BF_BF4_h5s16n13.txt,BBLCT,16,5,48,20,1200.0,1,2.1,11,22.9,11,1183.59,42606.4,849449,true,completed
BF_BF4_h5s16n14.txt,BBLCT,16,5,48,20,1200.0,1,2.1,13,27.1,10,1012.91,595109.9,4979712,false,cpu_limit
BF_BF4_h5s16n15.txt,BBLCT,16,5,48,20,1200.0,0,0.0,4,8.3,11,1194.79,2533.6,39542,true,completed
BF_BF4_h5s16n16.txt,BBLCT,16,5,48,20,1200.0,1,2.1,7,14.6,11,1191.87,35830.4,556197,true,completed
BF_BF4_h5s16n17.txt,BBLCT,16,5,48,20,1200.0,1,2.1,7,14.6,11,1197.44,147302.9,2517816,true,completed
BF_BF4_h5s16n18.txt,BBLCT,16,5,48,20,1200.0,1,2.1,6,12.5,8,884.12,133472.1,3347293,true,completed
BF_BF4_h5s16n19.txt,BBLCT,16,5,48,20,1200.0,1,2.1,10,20.8,11,1195.78,263334.3,3183599,true,completed
BF_BF4_h5s16n2.txt,BBLCT,16,5,48,20,1200.0,1,2.1,7,14.6,11,1197.22,3411.5,58303,true,completed
BF_BF4_h5s16n20.txt,BBLCT,16,5,48,20,1200.0,1,2.1,10,20.8,11,1199.57,564925.7,6402351,true,completed
BF_BF4_h5s16n3.txt,BBLCT,16,5,48,20,1200.0,0,0.0,12,25.0,8,780.12,595039.9,9866240,false,cpu_limit
BF_BF4_h5s16n4.txt,BBLCT,16,5,48,20,1200.0,0,0.0,4,8.3,8,888.70,595132.7,6412288,false,cpu_limit
BF_BF4_h5s16n5.txt,BBLCT,16,5,48,20,1200.0,0,0.0,3,6.2,7,822.64,16510.8,389269,true,completed
BF_BF4_h5s16n6.txt,BBLCT,16,5,48,20,1200.0,2,4.2,12,25.0,11,1187.22,161.2,3516,true,completed
BF_BF4_h5s16n7.txt,BBLCT,16,5,48,20,1200.0,0,0.0,8,16.7,11,1198.44,1481.8,33823,true,completed
BF_BF4_h5s16n8.txt,BBLCT,16,5,48,20,1200.0,0,0.0,2,4.2,6,714.41,595045.3,11385856,false,cpu_limit
BF_BF4_h5s16n9.txt,BBLCT,16,5,48,20,1200.0,0,0.0,6,12.5,11,1199.20,27544.1,610261,true,completed
BF_BF5_h5s16n1.txt,BBLCT,16,5,64,13,1200.0,1,1.6,6,9.4,9,949.11,595054.4,7330816,false,cpu_limit
BF_BF5_h5s16n10.txt,BBLCT,16,5,64,13,1200.0,1,1.6,16,25.0,12,1199.31,162639.4,2054184,true,completed
BF_BF5_h5s16n11.txt,BBLCT,16,5,64,13,1200.0,1,1.6,7,10.9,9,960.65,595046.5,6334464,false,cpu_limit
BF_BF5_h5s16n12.txt,BBLCT,16,5,64,13,1200.0,1,1.6,9,14.1,12,1184.42,595053.9,5833728,false,cpu_limit
BF_BF5_h5s16n13.txt,BBLCT,16,5,64,13,1200.0,0,0.0,7,10.9,13,1199.93,595074.5,6450176,false,cpu_limit
BF_BF5_h5s16n14.txt,BBLCT,16,5,64,13,1200.0,2,3.1,8,12.5,11,1192.72,595079.1,9694208,false,cpu_limit
BF_BF5_h5s16n15.txt,BBLCT,16,5,64,13,1200.0,3,4.7,7,10.9,9,989.86,595107.8,7217152,false,cpu_limit
BF_BF5_h5s16n16.txt,BBLCT,16,5,64,13,1200.0,1,1.6,4,6.2,7,728.47,595060.7,16836608,false,cpu_limit
BF_BF5_h5s16n17.txt,BBLCT,16,5,64,13,1200.0,1,1.6,9,14.1,9,885.00,595053.9,6159360,false,cpu_limit
BF_BF5_h5s16n18.txt,BBLCT,16,5,64,13,1200.0,1,1.6,4,6.2,9,869.50,595035.7,11470848,false,cpu_limit
BF_BF5_h5s16n19.txt,BBLCT,16,5,64,13,1200.0,2,3.1,7,10.9,12,1199.53,595101.6,8813568,false,cpu_limit
BF_BF5_h5s16n2.txt,BBLCT,16,5,64,13,1200.0,1,1.6,10,15.6,12,1112.61,595106.6,7076864,false,cpu_limit
BF_BF5_h5s16n20.txt,BBLCT,16,5,64,13,1200.0,2,3.1,8,12.5,9,965.37,595092.8,7527424,false,cpu_limit
BF_BF5_h5s16n3.txt,BBLCT,16,5,64,13,1200.0,2,3.1,9,14.1,11,1195.64,13589.1,202602,true,completed
BF_BF5_h5s16n4.txt,BBLCT,16,5,64,13,1200.0,4,6.2,16,25.0,12,1198.27,391473.2,5730085,true,completed
BF_BF5_h5s16n5.txt,BBLCT,16,5,64,13,1200.0,1,1.6,13,20.3,11,1199.15,430358.8,4931222,true,completed
BF_BF5_h5s16n6.txt,BBLCT,16,5,64,13,1200.0,0,0.0,12,18.8,12,1197.61,595080.0,6439936,false,cpu_limit
BF_BF5_h5s16n7.txt,BBLCT,16,5,64,13,1200.0,0,0.0,6,9.4,11,1199.89,595058.6,7924736,false,cpu_limit
BF_BF5_h5s16n8.txt,BBLCT,16,5,64,13,1200.0,0,0.0,3,4.7,9,874.95,595126.7,6202368,false,cpu_limit
BF_BF5_h5s16n9.txt,BBLCT,16,5,64,13,1200.0,1,1.6,8,12.5,12,1164.93,5110.4,52861,true,completed
BF_BF6_h5s16n1.txt,BBLCT,16,5,64,13,1200.0,2,3.1,10,15.6,11,1197.26,268533.2,5000642,true,completed
BF_BF6_h5s16n10.txt,BBLCT,16,5,64,13,1200.0,1,1.6,9,14.1,11,1188.79,544.9,13087,true,completed
BF_BF6_h5s16n11.txt,BBLCT,16,5,64,13,1200.0,0,0.0,3,4.7,7,803.12,36660.8,1183852,true,completed
BF_BF6_h5s16n12.txt,BBLCT,16,5,64,13,1200.0,0,0.0,6,9.4,8,874.14,595077.6,6881280,false,cpu_limit
BF_BF6_h5s16n13.txt,BBLCT,16,5,64,13,1200.0,2,3.1,5,7.8,10,1169.77,178326.4,2747514,true,completed
BF_BF6_h5s16n14.txt,BBLCT,16,5,64,13,1200.0,1,1.6,12,18.8,10,963.20,595056.1,11609088,false,cpu_limit
BF_BF6_h5s16n15.txt,BBLCT,16,5,64,13,1200.0,0,0.0,13,20.3,11,1193.96,15354.2,269873,true,completed
BF_BF6_h5s16n16.txt,BBLCT,16,5,64,13,1200.0,2,3.1,10,15.6,11,1150.91,88609.8,2116071,true,completed
BF_BF6_h5s16n17.txt,BBLCT,16,5,64,13,1200.0,0,0.0,5,7.8,10,1187.19,595062.3,14234624,false,cpu_limit
BF_BF6_h5s16n18.txt,BBLCT,16,5,64,13,1200.0,0,0.0,7,10.9,11,1149.60,536162.9,8174548,true,completed
BF_BF6_h5s16n19.txt,BBLCT,16,5,64,13,1200.0,2,3.1,7,10.9,11,1167.98,25599.0,345319,true,completed
BF_BF6_h5s16n2.txt,BBLCT,16,5,64,13,1200.0,1,1.6,4,6.2,7,745.75,265939.2,6648468,true,completed
BF_BF6_h5s16n20.txt,BBLCT,16,5,64,13,1200.0,0,0.0,10,15.6,12,1186.76,105967.2,2684347,true,completed
BF_BF6_h5s16n3.txt,BBLCT,16,5,64,13,1200.0,2,3.1,8,12.5,11,1149.48,331472.7,5014729,true,completed
BF_BF6_h5s16n4.txt,BBLCT,16,5,64,13,1200.0,0,0.0,3,4.7,7,748.87,595073.4,7468032,false,cpu_limit
BF_BF6_h5s16n5.txt,BBLCT,16,5,64,13,1200.0,2,3.1,6,9.4,11,1193.72,117480.4,1594120,true,completed
BF_BF6_h5s16n6.txt,BBLCT,16,5,64,13,1200.0,0,0.0,3,4.7,8,822.04,595097.4,8565760,false,cpu_limit
BF_BF6_h5s16n7.txt,BBLCT,16,5,64,13,1200.0,0,0.0,7,10.9,10,1082.35,595067.2,7631872,false,cpu_limit
BF_BF6_h5s16n8.txt,BBLCT,16,5,64,13,1200.0,1,1.6,11,17.2,11,1194.46,484.2,9327,true,completed
BF_BF6_h5s16n9.txt,BBLCT,16,5,64,13,1200.0,5,7.8,11,17.2,10,1113.67,98694.1,1133324,true,completed
BF_BF7_h5s16n1.txt,BBLCT,16,5,64,26,1200.0,1,1.6,8,12.5,11,1171.80,42596.1,527318,true,completed
BF_BF7_h5s16n10.txt,BBLCT,16,5,64,26,1200.0,2,3.1,9,14.1,11,1197.76,539181.0,8043809,true,completed
BF_BF7_h5s16n11.txt,BBLCT,16,5,64,26,1200.0,1,1.6,7,10.9,11,1037.08,595111.1,5658624,false,cpu_limit
BF_BF7_h5s16n12.txt,BBLCT,16,5,64,26,1200.0,1,1.6,10,15.6,10,1182.92,436763.2,9142167,true,completed
BF_BF7_h5s16n13.txt,BBLCT,16,5,64,26,1200.0,0,0.0,8,12.5,12,1199.51,10174.9,172850,true,completed
BF_BF7_h5s16n14.txt,BBLCT,16,5,64,26,1200.0,1,1.6,5,7.8,11,1192.32,77097.6,1724324,true,completed
BF_BF7_h5s16n15.txt,BBLCT,16,5,64,26,1200.0,2,3.1,10,15.6,11,1198.04,107745.4,2127730,true,completed
BF_BF7_h5s16n16.txt,BBLCT,16,5,64,26,1200.0,1,1.6,9,14.1,11,1195.62,595069.8,8275968,false,cpu_limit
BF_BF7_h5s16n17.txt,BBLCT,16,5,64,26,1200.0,0,0.0,4,6.2,10,977.08,595095.0,5310464,false,cpu_limit
BF_BF7_h5s16n18.txt,BBLCT,16,5,64,26,1200.0,3,4.7,6,9.4,11,1195.35,3093.2,52554,true,completed
BF_BF7_h5s16n19.txt,BBLCT,16,5,64,26,1200.0,0,0.0,6,9.4,10,1025.59,595085.9,9697280,false,cpu_limit
BF_BF7_h5s16n2.txt,BBLCT,16,5,64,26,1200.0,1,1.6,8,12.5,11,1152.25,5930.6,103804,true,completed
BF_BF7_h5s16n20.txt,BBLCT,16,5,64,26,1200.0,1,1.6,8,12.5,8,826.49,595083.0,5508096,false,cpu_limit
BF_BF7_h5s16n3.txt,BBLCT,16,5,64,26,1200.0,1,1.6,7,10.9,11,1179.73,595071.8,12136448,false,cpu_limit
BF_BF7_h5s16n4.txt,BBLCT,16,5,64,26,1200.0,2,3.1,13,20.3,11,1194.22,25996.7,228744,true,completed
BF_BF7_h5s16n5.txt,BBLCT,16,5,64,26,1200.0,0,0.0,6,9.4,11,1144.64,595082.4,9608192,false,cpu_limit
BF_BF7_h5s16n6.txt,BBLCT,16,5,64,26,1200.0,1,1.6,7,10.9,12,1124.32,595130.8,5879808,false,cpu_limit
BF_BF7_h5s16n7.txt,BBLCT,16,5,64,26,1200.0,1,1.6,8,12.5,10,1024.23,595101.4,6813696,false,cpu_limit
BF_BF7_h5s16n8.txt,BBLCT,16,5,64,26,1200.0,0,0.0,10,15.6,11,1096.69,595088.7,5619712,false,cpu_limit
BF_BF7_h5s16n9.txt,BBLCT,16,5,64,26,1200.0,0,0.0,9,14.1,11,1198.03,2145.0,32531,true,completed
BF_BF8_h5s16n1.txt,BBLCT,16,5,64,26,1200.0,1,1.6,9,14.1,10,1037.55,595093.4,7169024,false,cpu_limit
BF_BF8_h5s16n10.txt,BBLCT,16,5,64,26,1200.0,0,0.0,3,4.7,8,807.52,55225.3,1391363,true,completed
BF_BF8_h5s16n11.txt,BBLCT,16,5,64,26,1200.0,0,0.0,8,12.5,11,1183.12,595053.6,16773120,false,cpu_limit
BF_BF8_h5s16n12.txt,BBLCT,16,5,64,26,1200.0,0,0.0,6,9.4,8,861.66,595033.5,7135232,false,cpu_limit
BF_BF8_h5s16n13.txt,BBLCT,16,5,64,26,1200.0,0,0.0,4,6.2,11,1164.10,426484.3,5405252,true,completed
BF_BF8_h5s16n14.txt,BBLCT,16,5,64,26,1200.0,0,0.0,3,4.7,6,710.75,595029.6,14255104,false,cpu_limit
BF_BF8_h5s16n15.txt,BBLCT,16,5,64,26,1200.0,1,1.6,9,14.1,11,1196.25,494931.1,11340582,true,completed
BF_BF8_h5s16n16.txt,BBLCT,16,5,64,26,1200.0,1,1.6,6,9.4,11,1197.64,7684.6,89382,true,completed
BF_BF8_h5s16n17.txt,BBLCT,16,5,64,26,1200.0,0,0.0,5,7.8,11,1198.70,1974.1,61445,true,completed
BF_BF8_h5s16n18.txt,BBLCT,16,5,64,26,1200.0,1,1.6,9,14.1,11,1195.98,425687.1,11115011,true,completed
BF_BF8_h5s16n19.txt,BBLCT,16,5,64,26,1200.0,1,1.6,5,7.8,10,1187.54,12678.9,170202,true,completed
BF_BF8_h5s16n2.txt,BBLCT,16,5,64,26,1200.0,0,0.0,6,9.4,8,811.28,160183.6,2779883,true,completed
BF_BF8_h5s16n20.txt,BBLCT,16,5,64,26,1200.0,1,1.6,7,10.9,11,1193.23,9866.3,204762,true,completed
BF_BF8_h5s16n3.txt,BBLCT,16,5,64,26,1200.0,1,1.6,7,10.9,11,1157.54,64100.4,1504692,true,completed
BF_BF8_h5s16n4.txt,BBLCT,16,5,64,26,1200.0,1,1.6,7,10.9,8,756.62,595078.8,10265600,false,cpu_limit
BF_BF8_h5s16n5.txt,BBLCT,16,5,64,26,1200.0,1,1.6,10,15.6,12,1198.17,75084.3,1116712,true,completed
BF_BF8_h5s16n6.txt,BBLCT,16,5,64,26,1200.0,0,0.0,9,14.1,12,1199.83,29026.5,573842,true,completed
BF_BF8_h5s16n7.txt,BBLCT,16,5,64,26,1200.0,2,3.1,7,10.9,11,1194.27,327168.8,4753580,true,completed
BF_BF8_h5s16n8.txt,BBLCT,16,5,64,26,1200.0,1,1.6,10,15.6,10,1044.83,595040.4,5562368,false,cpu_limit
BF_BF8_h5s16n9.txt,BBLCT,16,5,64,26,1200.0,1,1.6,4,6.2,8,855.93,595036.6,7164928,false,cpu_limit
BF_BF9_h8s16n1.txt,BBLCT,16,8,77,16,1200.0,0,0.0,2,2.6,10,1176.45,25015.3,191543,true,completed
BF_BF9_h8s16n10.txt,BBLCT,16,8,77,16,1200.0,1,1.3,3,3.9,10,1199.96,595109.0,4332544,false,cpu_limit
BF_BF9_h8s16n11.txt,BBLCT,16,8,77,16,1200.0,2,2.6,7,9.1,8,991.23,595035.4,3838976,false,cpu_limit
BF_BF9_h8s16n12.txt,BBLCT,16,8,77,16,1200.0,1,1.3,3,3.9,8,1186.15,215651.8,1509409,true,completed
BF_BF9_h8s16n13.txt,BBLCT,16,8,77,16,1200.0,1,1.3,3,3.9,5,716.80,595127.1,3896320,false,cpu_limit
BF_BF9_h8s16n14.txt,BBLCT,16,8,77,16,1200.0,2,2.6,3,3.9,6,684.72,595120.8,4489216,false,cpu_limit
BF_BF9_h8s16n15.txt,BBLCT,16,8,77,16,1200.0,3,3.9,8,10.4,9,1193.75,310426.9,2975901,true,completed
BF_BF9_h8s16n16.txt,BBLCT,16,8,77,16,1200.0,1,1.3,8,10.4,8,1194.40,58995.6,389036,true,completed
BF_BF9_h8s16n17.txt,BBLCT,16,8,77,16,1200.0,2,2.6,4,5.2,9,1194.03,5912.2,46526,true,completed
BF_BF9_h8s16n18.txt,BBLCT,16,8,77,16,1200.0,3,3.9,5,6.5,10,1185.76,121.5,1497,true,completed
BF_BF9_h8s16n19.txt,BBLCT,16,8,77,16,1200.0,1,1.3,4,5.2,9,1198.30,595059.7,3873792,false,cpu_limit
BF_BF9_h8s16n2.txt,BBLCT,16,8,77,16,1200.0,1,1.3,3,3.9,9,1191.01,35435.6,263990,true,completed
BF_BF9_h8s16n20.txt,BBLCT,16,8,77,16,1200.0,1,1.3,5,6.5,8,1199.17,595178.4,4042752,false,cpu_limit
BF_BF9_h8s16n3.txt,BBLCT,16,8,77,16,1200.0,1,1.3,3,3.9,8,983.77,595122.8,3795968,false,cpu_limit
BF_BF9_h8s16n4.txt,BBLCT,16,8,77,16,1200.0,1,1.3,3,3.9,10,1191.58,26785.6,190599,true,completed
BF_BF9_h8s16n5.txt,BBLCT,16,8,77,16,1200.0,3,3.9,4,5.2,9,1199.84,369257.7,2635343,true,completed
BF_BF9_h8s16n6.txt,BBLCT,16,8,77,16,1200.0,1,1.3,3,3.9,5,621.39,595147.3,4184064,false,cpu_limit
BF_BF9_h8s16n7.txt,BBLCT,16,8,77,16,1200.0,1,1.3,6,7.8,9,1083.03,595120.8,3990528,false,cpu_limit
BF_BF9_h8s16n8.txt,BBLCT,16,8,77,16,1200.0,4,5.2,7,9.1,10,1193.05,117733.8,790828,true,completed
BF_BF9_h8s16n9.txt,BBLCT,16,8,77,16,1200.0,1,1.3,8,10.4,9,1193.02,2142.4,15729,true,completed
CV_h12s10n1.txt,BBLCT,10,12,100,100,600.0,0,0.0,0,0.0,0,0.00,0.2,1,true,completed
CV_h12s10n10.txt,BBLCT,10,12,100,100,600.0,1,1.0,1,1.0,0,0.00,0.2,1,true,completed
CV_h12s10n11.txt,BBLCT,10,12,100,100,600.0,0,0.0,0,0.0,0,0.00,0.2,1,true,completed
CV_h12s10n12.txt,BBLCT,10,12,100,100,600.0,0,0.0,0,0.0,0,0.00,0.2,1,true,completed
CV_h12s10n13.txt,BBLCT,10,12,100,100,600.0,0,0.0,2,2.0,1,110.43,11.5,277,true,completed
CV_h12s10n14.txt,BBLCT,10,12,100,100,600.0,0,0.0,3,3.0,5,593.20,14.3,315,true,completed
CV_h12s10n15.txt,BBLCT,10,12,100,100,600.0,0,0.0,0,0.0,0,0.00,0.2,1,true,completed
CV_h12s10n16.txt,BBLCT,10,12,100,100,600.0,0,0.0,2,2.0,5,593.82,8.8,223,true,completed
CV_h12s10n17.txt,BBLCT,10,12,100,100,600.0,0,0.0,1,1.0,4,570.52,9.6,229,true,completed
CV_h12s10n18.txt,BBLCT,10,12,100,100,600.0,0,0.0,0,0.0,0,0.00,0.2,1,true,completed
CV_h12s10n19.txt,BBLCT,10,12,100,100,600.0,0,0.0,0,0.0,0,0.00,0.2,1,true,completed
CV_h12s10n2.txt,BBLCT,10,12,100,100,600.0,0,0.0,3,3.0,1,116.75,15.7,333,true,completed
CV_h12s10n20.txt,BBLCT,10,12,100,100,600.0,0,0.0,1,1.0,1,118.01,15.0,333,true,completed
CV_h12s10n21.txt,BBLCT,10,12,100,100,600.0,0,0.0,0,0.0,0,0.00,0.2,1,true,completed
CV_h12s10n22.txt,BBLCT,10,12,100,100,600.0,0,0.0,0,0.0,0,0.00,0.2,1,true,completed
CV_h12s10n23.txt,BBLCT,10,12,100,100,600.0,0,0.0,0,0.0,0,0.00,0.2,1,true,completed
CV_h12s10n24.txt,BBLCT,10,12,100,100,600.0,0,0.0,0,0.0,0,0.00,0.2,1,true,completed
CV_h12s10n25.txt,BBLCT,10,12,100,100,600.0,0,0.0,0,0.0,0,0.00,0.2,1,true,completed
CV_h12s10n26.txt,BBLCT,10,12,100,100,600.0,1,1.0,2,2.0,4,566.91,10.3,181,true,completed
CV_h12s10n27.txt,BBLCT,10,12,100,100,600.0,0,0.0,0,0.0,0,0.00,0.2,1,true,completed
CV_h12s10n28.txt,BBLCT,10,12,100,100,600.0,0,0.0,0,0.0,0,0.00,0.2,1,true,completed
CV_h12s10n29.txt,BBLCT,10,12,100,100,600.0,0,0.0,2,2.0,5,596.81,9.1,183,true,completed
CV_h12s10n3.txt,BBLCT,10,12,100,100,600.0,0,0.0,1,1.0,4,497.74,7.2,212,true,completed
CV_h12s10n30.txt,BBLCT,10,12,100,100,600.0,0,0.0,1,1.0,4,570.52,9.6,229,true,completed
CV_h12s10n31.txt,BBLCT,10,12,100,100,600.0,1,1.0,1,1.0,0,0.00,0.2,1,true,completed
CV_h12s10n32.txt,BBLCT,10,12,100,100,600.0,1,1.0,1,1.0,0,0.00,0.2,1,true,completed
CV_h12s10n33.txt,BBLCT,10,12,100,100,600.0,0,0.0,0,0.0,0,0.00,0.2,1,true,completed
CV_h12s10n34.txt,BBLCT,10,12,100,100,600.0,0,0.0,0,0.0,0,0.00,0.2,1,true,completed
CV_h12s10n35.txt,BBLCT,10,12,100,100,600.0,1,1.0,2,2.0,5,586.25,6.4,128,true,completed
CV_h12s10n36.txt,BBLCT,10,12,100,100,600.0,0,0.0,3,3.0,5,599.54,11.3,293,true,completed
CV_h12s10n37.txt,BBLCT,10,12,100,100,600.0,4,4.0,4,4.0,0,0.00,0.2,1,true,completed
CV_h12s10n38.txt,BBLCT,10,12,100,100,600.0,0,0.0,0,0.0,0,0.00,0.2,1,true,completed
CV_h12s10n39.txt,BBLCT,10,12,100,100,600.0,0,0.0,0,0.0,0,0.00,0.2,1,true,completed
CV_h12s10n4.txt,BBLCT,10,12,100,100,600.0,0,0.0,0,0.0,0,0.00,0.2,1,true,completed
CV_h12s10n40.txt,BBLCT,10,12,100,100,600.0,1,1.0,2,2.0,5,599.71,12.6,242,true,completed
CV_h12s10n5.txt,BBLCT,10,12,100,100,600.0,0,0.0,0,0.0,0,0.00,0.2,1,true,completed
CV_h12s10n6.txt,BBLCT,10,12,100,100,600.0,0,0.0,1,1.0,1,111.69,13.3,333,true,completed
CV_h12s10n7.txt,BBLCT,10,12,100,100,600.0,0,0.0,0,0.0,0,0.00,0.2,1,true,completed
CV_h12s10n8.txt,BBLCT,10,12,100,100,600.0,0,0.0,1,1.0,5,599.89,3.4,84,true,completed
CV_h12s10n9.txt,BBLCT,10,12,100,100,600.0,0,0.0,0,0.0,0,0.00,0.1,1,true,completed
CV_h12s6n1.txt,BBLCT,6,12,60,60,600.0,0,0.0,0,0.0,0,0.00,0.1,1,true,completed
CV_h12s6n10.txt,BBLCT,6,12,60,60,600.0,0,0.0,0,0.0,0,0.00,0.1,1,true,completed
CV_h12s6n11.txt,BBLCT,6,12,60,60,600.0,0,0.0,1,1.7,5,599.71,1.7,172,true,completed
CV_h12s6n12.txt,BBLCT,6,12,60,60,600.0,0,0.0,0,0.0,0,0.00,0.1,1,true,completed
CV_h12s6n13.txt,BBLCT,6,12,60,60,600.0,0,0.0,0,0.0,0,0.00,0.2,1,true,completed
CV_h12s6n14.txt,BBLCT,6,12,60,60,600.0,0,0.0,1,1.7,1,112.96,1.2,109,true,completed
CV_h12s6n15.txt,BBLCT,6,12,60,60,600.0,0,0.0,0,0.0,0,0.00,0.2,1,true,completed
CV_h12s6n16.txt,BBLCT,6,12,60,60,600.0,0,0.0,0,0.0,0,0.00,0.1,1,true,completed
CV_h12s6n17.txt,BBLCT,6,12,60,60,600.0,1,1.7,1,1.7,0,0.00,0.2,1,true,completed
CV_h12s6n18.txt,BBLCT,6,12,60,60,600.0,1,1.7,1,1.7,0,0.00,0.2,1,true,completed
CV_h12s6n19.txt,BBLCT,6,12,60,60,600.0,0,0.0,0,0.0,0,0.00,0.2,1,true,completed
CV_h12s6n2.txt,BBLCT,6,12,60,60,600.0,0,0.0,0,0.0,0,0.00,0.2,1,true,completed
CV_h12s6n20.txt,BBLCT,6,12,60,60,600.0,0,0.0,0,0.0,0,0.00,0.1,1,true,completed
CV_h12s6n21.txt,BBLCT,6,12,60,60,600.0,0,0.0,4,6.7,5,568.14,1.2,104,true,completed
CV_h12s6n22.txt,BBLCT,6,12,60,60,600.0,0,0.0,2,3.3,5,598.70,1.1,101,true,completed
CV_h12s6n23.txt,BBLCT,6,12,60,60,600.0,0,0.0,1,1.7,2,220.18,0.7,61,true,completed
CV_h12s6n24.txt,BBLCT,6,12,60,60,600.0,0,0.0,1,1.7,4,545.81,1.2,108,true,completed
CV_h12s6n25.txt,BBLCT,6,12,60,60,600.0,0,0.0,1,1.7,4,497.74,0.8,84,true,completed
CV_h12s6n26.txt,BBLCT,6,12,60,60,600.0,0,0.0,2,3.3,4,545.81,1.2,108,true,completed
CV_h12s6n27.txt,BBLCT,6,12,60,60,600.0,0,0.0,2,3.3,4,455.36,1.0,103,true,completed
CV_h12s6n28.txt,BBLCT,6,12,60,60,600.0,0,0.0,0,0.0,0,0.00,0.1,1,true,completed
CV_h12s6n29.txt,BBLCT,6,12,60,60,600.0,0,0.0,0,0.0,0,0.00,0.1,1,true,completed
CV_h12s6n3.txt,BBLCT,6,12,60,60,600.0,0,0.0,0,0.0,0,0.00,0.1,1,true,completed
CV_h12s6n30.txt,BBLCT,6,12,60,60,600.0,0,0.0,1,1.7,4,497.74,0.8,84,true,completed
CV_h12s6n31.txt,BBLCT,6,12,60,60,600.0,0,0.0,0,0.0,0,0.00,0.1,1,true,completed
CV_h12s6n32.txt,BBLCT,6,12,60,60,600.0,0,0.0,1,1.7,5,595.62,1.0,108,true,completed
CV_h12s6n33.txt,BBLCT,6,12,60,60,600.0,0,0.0,1,1.7,5,592.20,0.8,65,true,completed
CV_h12s6n34.txt,BBLCT,6,12,60,60,600.0,0,0.0,0,0.0,0,0.00,0.1,1,true,completed
CV_h12s6n35.txt,BBLCT,6,12,60,60,600.0,0,0.0,0,0.0,0,0.00,0.1,1,true,completed
CV_h12s6n36.txt,BBLCT,6,12,60,60,600.0,0,0.0,0,0.0,0,0.00,0.2,1,true,completed
CV_h12s6n37.txt,BBLCT,6,12,60,60,600.0,0,0.0,1,1.7,4,497.74,0.8,84,true,completed
CV_h12s6n38.txt,BBLCT,6,12,60,60,600.0,1,1.7,1,1.7,0,0.00,0.1,1,true,completed
CV_h12s6n39.txt,BBLCT,6,12,60,60,600.0,0,0.0,3,5.0,5,539.25,1.5,125,true,completed
CV_h12s6n4.txt,BBLCT,6,12,60,60,600.0,0,0.0,0,0.0,0,0.00,0.1,1,true,completed
CV_h12s6n40.txt,BBLCT,6,12,60,60,600.0,0,0.0,0,0.0,0,0.00,0.1,1,true,completed
CV_h12s6n5.txt,BBLCT,6,12,60,60,600.0,0,0.0,2,3.3,5,599.89,0.5,42,true,completed
CV_h12s6n6.txt,BBLCT,6,12,60,60,600.0,0,0.0,2,3.3,5,599.89,1.1,101,true,completed
CV_h12s6n7.txt,BBLCT,6,12,60,60,600.0,0,0.0,0,0.0,0,0.00,0.1,1,true,completed
CV_h12s6n8.txt,BBLCT,6,12,60,60,600.0,0,0.0,0,0.0,0,0.00,0.1,1,true,completed
CV_h12s6n9.txt,BBLCT,6,12,60,60,600.0,0,0.0,1,1.7,5,568.41,0.8,79,true,completed
CV_h5s3n1.txt,BBLCT,3,5,9,9,600.0,1,11.1,2,22.2,2,221.51,0.2,46,true,completed
CV_h5s3n10.txt,BBLCT,3,5,9,9,600.0,0,0.0,4,44.4,5,545.87,0.2,48,true,completed
CV_h5s3n11.txt,BBLCT,3,5,9,9,600.0,2,22.2,7,77.8,5,557.36,0.5,312,true,completed
CV_h5s3n12.txt,BBLCT,3,5,9,9,600.0,0,0.0,5,55.6,5,599.66,0.2,106,true,completed
CV_h5s3n13.txt,BBLCT,3,5,9,9,600.0,0,0.0,3,33.3,5,567.74,0.2,126,true,completed
CV_h5s3n14.txt,BBLCT,3,5,9,9,600.0,0,0.0,1,11.1,2,221.51,0.2,55,true,completed
CV_h5s3n15.txt,BBLCT,3,5,9,9,600.0,0,0.0,2,22.2,5,597.07,0.2,68,true,completed
CV_h5s3n16.txt,BBLCT,3,5,9,9,600.0,0,0.0,2,22.2,4,477.81,0.2,32,true,completed
CV_h5s3n17.txt,BBLCT,3,5,9,9,600.0,2,22.2,3,33.3,4,434.73,0.2,21,true,completed
CV_h5s3n18.txt,BBLCT,3,5,9,9,600.0,0,0.0,7,77.8,1,107.84,0.2,92,true,completed
CV_h5s3n19.txt,BBLCT,3,5,9,9,600.0,0,0.0,1,11.1,2,222.78,0.2,54,true,completed
CV_h5s3n2.txt,BBLCT,3,5,9,9,600.0,0,0.0,4,44.4,2,222.78,0.2,31,true,completed
CV_h5s3n20.txt,BBLCT,3,5,9,9,600.0,0,0.0,3,33.3,6,598.49,0.2,39,true,completed
CV_h5s3n21.txt,BBLCT,3,5,9,9,600.0,1,11.1,2,22.2,2,226.87,0.2,48,true,completed
CV_h5s3n22.txt,BBLCT,3,5,9,9,600.0,2,22.2,4,44.4,5,571.16,0.2,38,true,completed
CV_h5s3n23.txt,BBLCT,3,5,9,9,600.0,0,0.0,1,11.1,2,222.78,0.2,54,true,completed
CV_h5s3n24.txt,BBLCT,3,5,9,9,600.0,1,11.1,3,33.3,5,530.01,0.2,28,true,completed
CV_h5s3n25.txt,BBLCT,3,5,9,9,600.0,0,0.0,2,22.2,2,221.51,0.2,45,true,completed
CV_h5s3n26.txt,BBLCT,3,5,9,9,600.0,0,0.0,9,100.0,5,596.84,0.2,66,true,completed
CV_h5s3n27.txt,BBLCT,3,5,9,9,600.0,0,0.0,2,22.2,5,597.07,0.2,68,true,completed
CV_h5s3n28.txt,BBLCT,3,5,9,9,600.0,0,0.0,4,44.4,5,599.66,0.2,87,true,completed
CV_h5s3n29.txt,BBLCT,3,5,9,9,600.0,0,0.0,1,11.1,2,221.51,0.2,55,true,completed
CV_h5s3n3.txt,BBLCT,3,5,9,9,600.0,0,0.0,9,100.0,5,543.73,0.1,28,true,completed
CV_h5s3n30.txt,BBLCT,3,5,9,9,600.0,0,0.0,5,55.6,5,508.34,0.2,21,true,completed
CV_h5s3n31.txt,BBLCT,3,5,9,9,600.0,0,0.0,2,22.2,2,230.67,0.2,47,true,completed
CV_h5s3n32.txt,BBLCT,3,5,9,9,600.0,1,11.1,9,100.0,5,558.38,0.3,188,true,completed
CV_h5s3n33.txt,BBLCT,3,5,9,9,600.0,1,11.1,6,66.7,5,535.64,0.5,342,true,completed
CV_h5s3n34.txt,BBLCT,3,5,9,9,600.0,0,0.0,2,22.2,2,221.51,0.2,45,true,completed
CV_h5s3n35.txt,BBLCT,3,5,9,9,600.0,0,0.0,5,55.6,5,567.74,0.2,69,true,completed
CV_h5s3n36.txt,BBLCT,3,5,9,9,600.0,0,0.0,1,11.1,2,221.51,0.2,49,true,completed
CV_h5s3n37.txt,BBLCT,3,5,9,9,600.0,0,0.0,2,22.2,2,233.26,0.2,51,true,completed
CV_h5s3n38.txt,BBLCT,3,5,9,9,600.0,0,0.0,2,22.2,1,110.43,0.3,194,true,completed
CV_h5s3n39.txt,BBLCT,3,5,9,9,600.0,9,100.0,9,100.0,0,0.00,0.1,1,true,completed
CV_h5s3n4.txt,BBLCT,3,5,9,9,600.0,1,11.1,4,44.4,3,320.06,0.2,87,true,completed
CV_h5s3n40.txt,BBLCT,3,5,9,9,600.0,1,11.1,4,44.4,2,221.51,0.2,23,true,completed
CV_h5s3n5.txt,BBLCT,3,5,9,9,600.0,4,44.4,9,100.0,5,571.22,0.3,225,true,completed
CV_h5s3n6.txt,BBLCT,3,5,9,9,600.0,0,0.0,1,11.1,2,222.78,0.2,54,true,completed
CV_h5s3n7.txt,BBLCT,3,5,9,9,600.0,0,0.0,3,33.3,5,547.29,0.2,47,true,completed
CV_h5s3n8.txt,BBLCT,3,5,9,9,600.0,1,11.1,4,44.4,2,225.78,0.2,88,true,completed
CV_h5s3n9.txt,BBLCT,3,5,9,9,600.0,0,0.0,1,11.1,2,220.18,0.2,44,true,completed
CV_h5s4n1.txt,BBLCT,4,5,12,12,600.0,2,16.7,6,50.0,5,568.41,0.3,53,true,completed
CV_h5s4n10.txt,BBLCT,4,5,12,12,600.0,0,0.0,3,25.0,5,513.12,0.2,46,true,completed
CV_h5s4n11.txt,BBLCT,4,5,12,12,600.0,1,8.3,4,33.3,5,563.27,0.3,64,true,completed
CV_h5s4n12.txt,BBLCT,4,5,12,12,600.0,1,8.3,3,25.0,3,348.46,0.3,49,true,completed
CV_h5s4n13.txt,BBLCT,4,5,12,12,600.0,1,8.3,12,100.0,5,572.19,0.6,189,true,completed
CV_h5s4n14.txt,BBLCT,4,5,12,12,600.0,0,0.0,2,16.7,5,535.30,0.2,48,true,completed
CV_h5s4n15.txt,BBLCT,4,5,12,12,600.0,0,0.0,8,66.7,5,565.95,0.3,52,true,completed
CV_h5s4n16.txt,BBLCT,4,5,12,12,600.0,0,0.0,3,25.0,5,573.72,0.2,47,true,completed
CV_h5s4n17.txt,BBLCT,4,5,12,12,600.0,0,0.0,7,58.3,5,542.76,1.3,477,true,completed
CV_h5s4n18.txt,BBLCT,4,5,12,12,600.0,0,0.0,3,25.0,5,592.90,0.6,219,true,completed
CV_h5s4n19.txt,BBLCT,4,5,12,12,600.0,0,0.0,5,41.7,5,540.73,0.3,49,true,completed
CV_h5s4n2.txt,BBLCT,4,5,12,12,600.0,0,0.0,9,75.0,2,234.53,0.3,58,true,completed
CV_h5s4n20.txt,BBLCT,4,5,12,12,600.0,0,0.0,5,41.7,5,558.19,0.2,41,true,completed
CV_h5s4n21.txt,BBLCT,4,5,12,12,600.0,1,8.3,4,33.3,3,340.61,0.3,56,true,completed
CV_h5s4n22.txt,BBLCT,4,5,12,12,600.0,0,0.0,6,50.0,5,591.55,0.4,120,true,completed
CV_h5s4n23.txt,BBLCT,4,5,12,12,600.0,3,25.0,5,41.7,2,221.51,0.3,37,true,completed
CV_h5s4n24.txt,BBLCT,4,5,12,12,600.0,0,0.0,4,33.3,6,598.19,0.3,66,true,completed
CV_h5s4n25.txt,BBLCT,4,5,12,12,600.0,0,0.0,2,16.7,5,535.30,0.2,46,true,completed
CV_h5s4n26.txt,BBLCT,4,5,12,12,600.0,1,8.3,9,75.0,5,540.56,1.3,427,true,completed
CV_h5s4n27.txt,BBLCT,4,5,12,12,600.0,4,33.3,12,100.0,5,547.71,0.2,36,true,completed
CV_h5s4n28.txt,BBLCT,4,5,12,12,600.0,0,0.0,3,25.0,5,573.12,0.3,62,true,completed
CV_h5s4n29.txt,BBLCT,4,5,12,12,600.0,0,0.0,4,33.3,5,589.00,0.2,52,true,completed
CV_h5s4n3.txt,BBLCT,4,5,12,12,600.0,1,8.3,6,50.0,5,560.62,0.3,43,true,completed
CV_h5s4n30.txt,BBLCT,4,5,12,12,600.0,0,0.0,5,41.7,5,584.08,0.3,49,true,completed
CV_h5s4n31.txt,BBLCT,4,5,12,12,600.0,0,0.0,3,25.0,2,211.47,0.4,67,true,completed
CV_h5s4n32.txt,BBLCT,4,5,12,12,600.0,0,0.0,2,16.7,5,574.83,0.2,46,true,completed
CV_h5s4n33.txt,BBLCT,4,5,12,12,600.0,0,0.0,3,25.0,5,583.86,0.4,114,true,completed
CV_h5s4n34.txt,BBLCT,4,5,12,12,600.0,0,0.0,4,33.3,3,339.13,0.3,75,true,completed
CV_h5s4n35.txt,BBLCT,4,5,12,12,600.0,1,8.3,8,66.7,5,551.14,0.5,146,true,completed
CV_h5s4n36.txt,BBLCT,4,5,12,12,600.0,0,0.0,3,25.0,5,545.56,0.3,74,true,completed
CV_h5s4n37.txt,BBLCT,4,5,12,12,600.0,3,25.0,7,58.3,5,590.02,0.4,82,true,completed
CV_h5s4n38.txt,BBLCT,4,5,12,12,600.0,2,16.7,6,50.0,5,555.68,0.7,230,true,completed
CV_h5s4n39.txt,BBLCT,4,5,12,12,600.0,0,0.0,4,33.3,5,542.15,0.3,69,true,completed
CV_h5s4n4.txt,BBLCT,4,5,12,12,600.0,0,0.0,9,75.0,5,596.76,0.4,105,true,completed
CV_h5s4n40.txt,BBLCT,4,5,12,12,600.0,0,0.0,4,33.3,2,212.64,0.3,82,true,completed
CV_h5s4n5.txt,BBLCT,4,5,12,12,600.0,1,8.3,4,33.3,2,233.26,0.4,116,true,completed
CV_h5s4n6.txt,BBLCT,4,5,12,12,600.0,0,0.0,4,33.3,5,541.70,0.3,61,true,completed
CV_h5s4n7.txt,BBLCT,4,5,12,12,600.0,0,0.0,3,25.0,5,575.71,0.3,70,true,completed
CV_h5s4n8.txt,BBLCT,4,5,12,12,600.0,2,16.7,4,33.3,5,562.43,0.5,121,true,completed
CV_h5s4n9.txt,BBLCT,4,5,12,12,600.0,0,0.0,7,58.3,5,565.09,0.4,82,true,completed
CV_h5s5n1.txt,BBLCT,5,5,15,15,600.0,1,6.7,7,46.7,5,561.31,0.7,98,true,completed
CV_h5s5n10.txt,BBLCT,5,5,15,15,600.0,3,20.0,13,86.7,5,594.23,1.8,257,true,completed
CV_h5s5n11.txt,BBLCT,5,5,15,15,600.0,0,0.0,2,13.3,5,575.65,0.4,73,true,completed
CV_h5s5n12.txt,BBLCT,5,5,15,15,600.0,0,0.0,4,26.7,5,592.79,0.9,187,true,completed
CV_h5s5n13.txt,BBLCT,5,5,15,15,600.0,0,0.0,2,13.3,3,331.62,1.2,378,true,completed
CV_h5s5n14.txt,BBLCT,5,5,15,15,600.0,0,0.0,10,66.7,5,555.99,2.9,617,true,completed
CV_h5s5n15.txt,BBLCT,5,5,15,15,600.0,0,0.0,7,46.7,5,535.13,0.6,101,true,completed
CV_h5s5n16.txt,BBLCT,5,5,15,15,600.0,0,0.0,5,33.3,5,535.46,0.5,79,true,completed
CV_h5s5n17.txt,BBLCT,5,5,15,15,600.0,0,0.0,11,73.3,5,573.29,4.3,1003,true,completed
CV_h5s5n18.txt,BBLCT,5,5,15,15,600.0,1,6.7,10,66.7,5,590.42,1.0,139,true,completed
CV_h5s5n19.txt,BBLCT,5,5,15,15,600.0,1,6.7,6,40.0,6,591.51,0.8,119,true,completed
CV_h5s5n2.txt,BBLCT,5,5,15,15,600.0,0,0.0,3,20.0,3,339.42,1.0,226,true,completed
CV_h5s5n20.txt,BBLCT,5,5,15,15,600.0,0,0.0,8,53.3,5,573.78,0.5,77,true,completed
CV_h5s5n21.txt,BBLCT,5,5,15,15,600.0,0,0.0,5,33.3,5,574.59,0.9,173,true,completed
CV_h5s5n22.txt,BBLCT,5,5,15,15,600.0,1,6.7,4,26.7,4,451.75,1.1,199,true,completed
CV_h5s5n23.txt,BBLCT,5,5,15,15,600.0,1,6.7,5,33.3,5,537.81,0.8,134,true,completed
CV_h5s5n24.txt,BBLCT,5,5,15,15,600.0,0,0.0,3,20.0,5,537.94,0.4,67,true,completed
CV_h5s5n25.txt,BBLCT,5,5,15,15,600.0,2,13.3,11,73.3,5,556.86,1.6,271,true,completed
CV_h5s5n26.txt,BBLCT,5,5,15,15,600.0,0,0.0,5,33.3,5,566.55,0.8,144,true,completed
CV_h5s5n27.txt,BBLCT,5,5,15,15,600.0,0,0.0,6,40.0,5,537.98,0.6,108,true,completed
CV_h5s5n28.txt,BBLCT,5,5,15,15,600.0,0,0.0,8,53.3,5,549.53,0.7,125,true,completed
CV_h5s5n29.txt,BBLCT,5,5,15,15,600.0,0,0.0,2,13.3,3,332.73,1.3,377,true,completed
CV_h5s5n3.txt,BBLCT,5,5,15,15,600.0,0,0.0,4,26.7,5,540.62,0.5,64,true,completed
CV_h5s5n30.txt,BBLCT,5,5,15,15,600.0,0,0.0,8,53.3,5,560.88,2.3,549,true,completed
CV_h5s5n31.txt,BBLCT,5,5,15,15,600.0,1,6.7,3,20.0,5,536.72,0.5,67,true,completed
CV_h5s5n32.txt,BBLCT,5,5,15,15,600.0,0,0.0,5,33.3,5,597.89,0.6,115,true,completed
CV_h5s5n33.txt,BBLCT,5,5,15,15,600.0,1,6.7,10,66.7,5,549.88,0.7,109,true,completed
CV_h5s5n34.txt,BBLCT,5,5,15,15,600.0,0,0.0,2,13.3,3,330.36,1.3,387,true,completed
CV_h5s5n35.txt,BBLCT,5,5,15,15,600.0,1,6.7,8,53.3,5,573.62,0.8,107,true,completed
CV_h5s5n36.txt,BBLCT,5,5,15,15,600.0,1,6.7,4,26.7,5,589.41,0.8,134,true,completed
CV_h5s5n37.txt,BBLCT,5,5,15,15,600.0,0,0.0,2,13.3,5,584.60,0.4,58,true,completed
CV_h5s5n38.txt,BBLCT,5,5,15,15,600.0,0,0.0,15,100.0,5,572.48,3.4,584,true,completed
CV_h5s5n39.txt,BBLCT,5,5,15,15,600.0,0,0.0,8,53.3,5,559.48,0.7,118,true,completed
CV_h5s5n4.txt,BBLCT,5,5,15,15,600.0,0,0.0,7,46.7,5,574.95,1.0,200,true,completed
CV_h5s5n40.txt,BBLCT,5,5,15,15,600.0,2,13.3,7,46.7,5,582.59,1.1,147,true,completed
CV_h5s5n5.txt,BBLCT,5,5,15,15,600.0,0,0.0,3,20.0,6,596.70,0.4,70,true,completed
CV_h5s5n6.txt,BBLCT,5,5,15,15,600.0,0,0.0,5,33.3,5,546.98,0.4,68,true,completed
CV_h5s5n7.txt,BBLCT,5,5,15,15,600.0,0,0.0,5,33.3,5,559.37,0.9,184,true,completed
CV_h5s5n8.txt,BBLCT,5,5,15,15,600.0,0,0.0,2,13.3,5,574.83,0.4,68,true,completed
CV_h5s5n9.txt,BBLCT,5,5,15,15,600.0,0,0.0,5,33.3,5,549.37,0.5,80,true,completed
CV_h5s6n1.txt,BBLCT,6,5,18,18,600.0,0,0.0,3,16.7,3,336.64,2.4,416,true,completed
CV_h5s6n10.txt,BBLCT,6,5,18,18,600.0,1,5.6,7,38.9,5,551.81,1.7,184,true,completed
CV_h5s6n11.txt,BBLCT,6,5,18,18,600.0,3,16.7,18,100.0,5,564.92,0.5,95,true,completed
CV_h5s6n12.txt,BBLCT,6,5,18,18,600.0,0,0.0,5,27.8,5,563.31,0.9,108,true,completed
CV_h5s6n13.txt,BBLCT,6,5,18,18,600.0,0,0.0,7,38.9,5,552.65,0.9,118,true,completed
CV_h5s6n14.txt,BBLCT,6,5,18,18,600.0,0,0.0,5,27.8,5,541.33,1.1,125,true,completed
CV_h5s6n15.txt,BBLCT,6,5,18,18,600.0,0,0.0,4,22.2,5,580.02,0.9,121,true,completed
CV_h5s6n16.txt,BBLCT,6,5,18,18,600.0,0,0.0,4,22.2,5,560.77,0.9,109,true,completed
CV_h5s6n17.txt,BBLCT,6,5,18,18,600.0,0,0.0,3,16.7,5,576.78,1.0,126,true,completed
CV_h5s6n18.txt,BBLCT,6,5,18,18,600.0,2,11.1,8,44.4,5,597.03,1.4,119,true,completed
CV_h5s6n19.txt,BBLCT,6,5,18,18,600.0,0,0.0,3,16.7,5,589.27,0.8,102,true,completed
CV_h5s6n2.txt,BBLCT,6,5,18,18,600.0,0,0.0,5,27.8,5,593.57,0.9,105,true,completed
CV_h5s6n20.txt,BBLCT,6,5,18,18,600.0,0,0.0,10,55.6,5,575.74,1.1,131,true,completed
CV_h5s6n21.txt,BBLCT,6,5,18,18,600.0,1,5.6,6,33.3,5,582.49,0.9,89,true,completed
CV_h5s6n22.txt,BBLCT,6,5,18,18,600.0,0,0.0,3,16.7,5,559.15,0.8,107,true,completed
CV_h5s6n23.txt,BBLCT,6,5,18,18,600.0,0,0.0,4,22.2,5,584.60,0.7,83,true,completed
CV_h5s6n24.txt,BBLCT,6,5,18,18,600.0,0,0.0,3,16.7,5,556.70,0.9,113,true,completed
CV_h5s6n25.txt,BBLCT,6,5,18,18,600.0,1,5.6,4,22.2,5,588.82,0.9,90,true,completed
CV_h5s6n26.txt,BBLCT,6,5,18,18,600.0,0,0.0,3,16.7,5,550.13,0.9,107,true,completed
CV_h5s6n27.txt,BBLCT,6,5,18,18,600.0,1,5.6,3,16.7,5,597.57,0.9,94,true,completed
CV_h5s6n28.txt,BBLCT,6,5,18,18,600.0,2,11.1,10,55.6,6,587.93,9.1,820,true,completed
CV_h5s6n29.txt,BBLCT,6,5,18,18,600.0,0,0.0,4,22.2,5,565.71,1.1,130,true,completed
CV_h5s6n3.txt,BBLCT,6,5,18,18,600.0,0,0.0,3,16.7,3,318.89,4.6,752,true,completed
CV_h5s6n30.txt,BBLCT,6,5,18,18,600.0,4,22.2,8,44.4,5,582.05,1.7,141,true,completed
CV_h5s6n31.txt,BBLCT,6,5,18,18,600.0,0,0.0,5,27.8,5,558.05,1.0,121,true,completed
CV_h5s6n32.txt,BBLCT,6,5,18,18,600.0,0,0.0,7,38.9,5,594.28,0.9,107,true,completed
CV_h5s6n33.txt,BBLCT,6,5,18,18,600.0,1,5.6,4,22.2,5,528.69,0.9,88,true,completed
CV_h5s6n34.txt,BBLCT,6,5,18,18,600.0,0,0.0,9,50.0,5,584.15,1.0,113,true,completed
CV_h5s6n35.txt,BBLCT,6,5,18,18,600.0,1,5.6,11,61.1,5,597.50,1.1,106,true,completed
CV_h5s6n36.txt,BBLCT,6,5,18,18,600.0,2,11.1,5,27.8,5,599.71,2.0,215,true,completed
CV_h5s6n37.txt,BBLCT,6,5,18,18,600.0,0,0.0,3,16.7,5,569.41,0.9,114,true,completed
CV_h5s6n38.txt,BBLCT,6,5,18,18,600.0,0,0.0,8,44.4,5,581.73,1.9,247,true,completed
CV_h5s6n39.txt,BBLCT,6,5,18,18,600.0,0,0.0,5,27.8,5,565.89,1.0,120,true,completed
CV_h5s6n4.txt,BBLCT,6,5,18,18,600.0,0,0.0,7,38.9,5,579.20,1.8,234,true,completed
CV_h5s6n40.txt,BBLCT,6,5,18,18,600.0,1,5.6,7,38.9,5,583.24,1.2,135,true,completed
CV_h5s6n5.txt,BBLCT,6,5,18,18,600.0,0,0.0,11,61.1,5,560.45,1.4,101,true,completed
CV_h5s6n6.txt,BBLCT,6,5,18,18,600.0,0,0.0,3,16.7,5,556.87,1.1,143,true,completed
CV_h5s6n7.txt,BBLCT,6,5,18,18,600.0,0,0.0,2,11.1,5,589.43,0.9,101,true,completed
CV_h5s6n8.txt,BBLCT,6,5,18,18,600.0,1,5.6,5,27.8,5,568.36,1.1,117,true,completed
CV_h5s6n9.txt,BBLCT,6,5,18,18,600.0,0,0.0,3,16.7,3,332.88,2.4,385,true,completed
CV_h5s7n1.txt,BBLCT,7,5,21,21,600.0,0,0.0,12,57.1,5,566.89,3.0,226,true,completed
CV_h5s7n10.txt,BBLCT,7,5,21,21,600.0,0,0.0,12,57.1,5,599.71,2.9,220,true,completed
CV_h5s7n11.txt,BBLCT,7,5,21,21,600.0,0,0.0,7,33.3,5,559.50,1.8,169,true,completed
CV_h5s7n12.txt,BBLCT,7,5,21,21,600.0,1,4.8,11,52.4,5,580.48,2.5,163,true,completed
CV_h5s7n13.txt,BBLCT,7,5,21,21,600.0,0,0.0,3,14.3,5,528.72,1.5,151,true,completed
CV_h5s7n14.txt,BBLCT,7,5,21,21,600.0,0,0.0,7,33.3,5,567.12,1.8,178,true,completed
CV_h5s7n15.txt,BBLCT,7,5,21,21,600.0,0,0.0,12,57.1,5,596.24,2.4,196,true,completed
CV_h5s7n16.txt,BBLCT,7,5,21,21,600.0,3,14.3,5,23.8,5,591.32,2.3,127,true,completed
CV_h5s7n17.txt,BBLCT,7,5,21,21,600.0,1,4.8,9,42.9,5,581.15,2.1,153,true,completed
CV_h5s7n18.txt,BBLCT,7,5,21,21,600.0,5,23.8,9,42.9,5,587.33,3.5,168,true,completed
CV_h5s7n19.txt,BBLCT,7,5,21,21,600.0,0,0.0,3,14.3,5,591.71,1.4,134,true,completed
CV_h5s7n2.txt,BBLCT,7,5,21,21,600.0,0,0.0,8,38.1,5,576.42,1.8,169,true,completed
CV_h5s7n20.txt,BBLCT,7,5,21,21,600.0,0,0.0,10,47.6,5,552.34,2.7,224,true,completed
CV_h5s7n21.txt,BBLCT,7,5,21,21,600.0,0,0.0,5,23.8,5,584.24,2.2,187,true,completed
CV_h5s7n22.txt,BBLCT,7,5,21,21,600.0,0,0.0,6,28.6,5,593.02,1.7,140,true,completed
CV_h5s7n23.txt,BBLCT,7,5,21,21,600.0,0,0.0,5,23.8,5,590.05,1.5,132,true,completed
CV_h5s7n24.txt,BBLCT,7,5,21,21,600.0,1,4.8,8,38.1,5,598.02,1.9,125,true,completed
CV_h5s7n25.txt,BBLCT,7,5,21,21,600.0,1,4.8,6,28.6,5,566.43,2.0,147,true,completed
CV_h5s7n26.txt,BBLCT,7,5,21,21,600.0,0,0.0,6,28.6,5,572.10,2.9,252,true,completed
CV_h5s7n27.txt,BBLCT,7,5,21,21,600.0,0,0.0,5,23.8,5,569.25,1.6,153,true,completed
CV_h5s7n28.txt,BBLCT,7,5,21,21,600.0,2,9.5,10,47.6,5,590.63,4.1,233,true,completed
CV_h5s7n29.txt,BBLCT,7,5,21,21,600.0,1,4.8,4,19.0,5,573.27,1.8,140,true,completed
CV_h5s7n3.txt,BBLCT,7,5,21,21,600.0,3,14.3,8,38.1,5,576.25,2.2,121,true,completed
CV_h5s7n30.txt,BBLCT,7,5,21,21,600.0,2,9.5,6,28.6,5,580.63,2.8,176,true,completed
CV_h5s7n31.txt,BBLCT,7,5,21,21,600.0,0,0.0,5,23.8,6,597.35,1.8,165,true,completed
CV_h5s7n32.txt,BBLCT,7,5,21,21,600.0,1,4.8,4,19.0,4,452.82,8.1,729,true,completed
CV_h5s7n33.txt,BBLCT,7,5,21,21,600.0,0,0.0,4,19.0,5,553.09,6.8,803,true,completed
CV_h5s7n34.txt,BBLCT,7,5,21,21,600.0,0,0.0,6,28.6,5,594.35,1.4,131,true,completed
CV_h5s7n35.txt,BBLCT,7,5,21,21,600.0,0,0.0,4,19.0,4,481.18,3.6,439,true,completed
CV_h5s7n36.txt,BBLCT,7,5,21,21,600.0,0,0.0,7,33.3,5,556.99,2.3,204,true,completed
CV_h5s7n37.txt,BBLCT,7,5,21,21,600.0,0,0.0,9,42.9,5,556.69,5.5,465,true,completed
CV_h5s7n38.txt,BBLCT,7,5,21,21,600.0,1,4.8,3,14.3,5,568.14,1.9,139,true,completed
CV_h5s7n39.txt,BBLCT,7,5,21,21,600.0,0,0.0,9,42.9,5,582.19,3.3,268,true,completed
CV_h5s7n4.txt,BBLCT,7,5,21,21,600.0,0,0.0,8,38.1,5,587.08,1.6,131,true,completed
CV_h5s7n40.txt,BBLCT,7,5,21,21,600.0,0,0.0,8,38.1,5,584.91,2.0,165,true,completed
CV_h5s7n5.txt,BBLCT,7,5,21,21,600.0,0,0.0,4,19.0,5,538.71,1.9,169,true,completed
CV_h5s7n6.txt,BBLCT,7,5,21,21,600.0,1,4.8,7,33.3,5,565.93,1.9,143,true,completed
CV_h5s7n7.txt,BBLCT,7,5,21,21,600.0,0,0.0,4,19.0,5,552.76,1.6,145,true,completed
CV_h5s7n8.txt,BBLCT,7,5,21,21,600.0,0,0.0,10,47.6,5,573.57,3.3,236,true,completed
CV_h5s7n9.txt,BBLCT,7,5,21,21,600.0,0,0.0,4,19.0,4,434.51,7.3,743,true,completed
CV_h5s8n1.txt,BBLCT,8,5,24,24,600.0,0,0.0,6,25.0,5,571.25,3.3,198,true,completed
CV_h5s8n10.txt,BBLCT,8,5,24,24,600.0,0,0.0,6,25.0,4,455.94,12.1,818,true,completed
CV_h5s8n11.txt,BBLCT,8,5,24,24,600.0,1,4.2,4,16.7,5,595.51,3.8,220,true,completed
CV_h5s8n12.txt,BBLCT,8,5,24,24,600.0,0,0.0,7,29.2,5,528.72,2.6,182,true,completed
CV_h5s8n13.txt,BBLCT,8,5,24,24,600.0,0,0.0,6,25.0,5,570.15,2.9,186,true,completed
CV_h5s8n14.txt,BBLCT,8,5,24,24,600.0,0,0.0,5,20.8,4,433.72,14.7,847,true,completed
CV_h5s8n15.txt,BBLCT,8,5,24,24,600.0,0,0.0,6,25.0,5,597.44,3.9,247,true,completed
CV_h5s8n16.txt,BBLCT,8,5,24,24,600.0,1,4.2,8,33.3,5,580.10,4.7,237,true,completed
CV_h5s8n17.txt,BBLCT,8,5,24,24,600.0,1,4.2,11,45.8,3,337.41,15.1,611,true,completed
CV_h5s8n18.txt,BBLCT,8,5,24,24,600.0,0,0.0,8,33.3,5,596.62,3.1,200,true,completed
CV_h5s8n19.txt,BBLCT,8,5,24,24,600.0,0,0.0,8,33.3,5,548.15,3.7,244,true,completed
CV_h5s8n2.txt,BBLCT,8,5,24,24,600.0,0,0.0,8,33.3,5,555.34,4.6,281,true,completed
CV_h5s8n20.txt,BBLCT,8,5,24,24,600.0,0,0.0,4,16.7,5,582.87,2.3,166,true,completed
CV_h5s8n21.txt,BBLCT,8,5,24,24,600.0,0,0.0,10,41.7,5,593.82,4.5,241,true,completed
CV_h5s8n22.txt,BBLCT,8,5,24,24,600.0,0,0.0,6,25.0,5,557.75,2.7,194,true,completed
CV_h5s8n23.txt,BBLCT,8,5,24,24,600.0,0,0.0,9,37.5,5,596.48,3.1,201,true,completed
CV_h5s8n24.txt,BBLCT,8,5,24,24,600.0,0,0.0,11,45.8,5,572.32,3.9,262,true,completed
CV_h5s8n25.txt,BBLCT,8,5,24,24,600.0,1,4.2,10,41.7,5,579.34,7.7,302,true,completed
CV_h5s8n26.txt,BBLCT,8,5,24,24,600.0,0,0.0,3,12.5,5,588.86,3.0,207,true,completed
CV_h5s8n27.txt,BBLCT,8,5,24,24,600.0,0,0.0,5,20.8,5,580.43,3.8,254,true,completed
CV_h5s8n28.txt,BBLCT,8,5,24,24,600.0,0,0.0,10,41.7,5,556.73,3.7,247,true,completed
CV_h5s8n29.txt,BBLCT,8,5,24,24,600.0,0,0.0,5,20.8,5,550.06,2.6,159,true,completed
CV_h5s8n3.txt,BBLCT,8,5,24,24,600.0,0,0.0,7,29.2,5,589.04,5.0,281,true,completed
CV_h5s8n30.txt,BBLCT,8,5,24,24,600.0,0,0.0,6,25.0,5,587.79,2.9,176,true,completed
CV_h5s8n31.txt,BBLCT,8,5,24,24,600.0,0,0.0,4,16.7,5,586.46,3.3,241,true,completed
CV_h5s8n32.txt,BBLCT,8,5,24,24,600.0,0,0.0,3,12.5,5,551.48,2.5,169,true,completed
CV_h5s8n33.txt,BBLCT,8,5,24,24,600.0,0,0.0,4,16.7,5,583.75,3.9,255,true,completed
CV_h5s8n34.txt,BBLCT,8,5,24,24,600.0,0,0.0,3,12.5,5,596.93,3.2,210,true,completed
CV_h5s8n35.txt,BBLCT,8,5,24,24,600.0,0,0.0,5,20.8,5,554.07,4.4,277,true,completed
CV_h5s8n36.txt,BBLCT,8,5,24,24,600.0,0,0.0,4,16.7,6,597.57,3.8,238,true,completed
CV_h5s8n37.txt,BBLCT,8,5,24,24,600.0,0,0.0,13,54.2,5,551.02,4.0,223,true,completed
CV_h5s8n38.txt,BBLCT,8,5,24,24,600.0,0,0.0,7,29.2,5,538.71,3.9,195,true,completed
CV_h5s8n39.txt,BBLCT,8,5,24,24,600.0,0,0.0,4,16.7,5,592.16,2.7,167,true,completed
CV_h5s8n4.txt,BBLCT,8,5,24,24,600.0,1,4.2,6,25.0,3,336.72,4.2,206,true,completed
CV_h5s8n40.txt,BBLCT,8,5,24,24,600.0,1,4.2,6,25.0,5,574.28,4.1,226,true,completed
CV_h5s8n5.txt,BBLCT,8,5,24,24,600.0,0,0.0,7,29.2,5,586.51,4.4,277,true,completed
CV_h5s8n6.txt,BBLCT,8,5,24,24,600.0,0,0.0,5,20.8,5,595.51,4.0,237,true,completed
CV_h5s8n7.txt,BBLCT,8,5,24,24,600.0,0,0.0,4,16.7,5,566.48,3.8,241,true,completed
CV_h5s8n8.txt,BBLCT,8,5,24,24,600.0,2,8.3,4,16.7,5,587.26,3.7,163,true,completed
CV_h5s8n9.txt,BBLCT,8,5,24,24,600.0,0,0.0,5,20.8,5,539.88,13.5,827,true,completed
CV_h6s4n1.txt,BBLCT,4,6,16,16,600.0,0,0.0,4,25.0,5,589.00,0.3,69,true,completed
CV_h6s4n10.txt,BBLCT,4,6,16,16,600.0,0,0.0,5,31.2,5,571.15,0.3,57,true,completed
CV_h6s4n11.txt,BBLCT,4,6,16,16,600.0,0,0.0,3,18.8,5,560.76,0.2,42,true,completed
CV_h6s4n12.txt,BBLCT,4,6,16,16,600.0,3,18.8,5,31.2,5,589.25,0.3,41,true,completed
CV_h6s4n13.txt,BBLCT,4,6,16,16,600.0,0,0.0,4,25.0,5,545.07,0.5,149,true,completed
CV_h6s4n14.txt,BBLCT,4,6,16,16,600.0,0,0.0,2,12.5,5,588.57,0.2,45,true,completed
CV_h6s4n15.txt,BBLCT,4,6,16,16,600.0,1,6.2,5,31.2,5,594.17,0.6,163,true,completed
CV_h6s4n16.txt,BBLCT,4,6,16,16,600.0,0,0.0,2,12.5,5,573.24,0.2,37,true,completed
CV_h6s4n17.txt,BBLCT,4,6,16,16,600.0,0,0.0,3,18.8,5,592.52,0.2,29,true,completed
CV_h6s4n18.txt,BBLCT,4,6,16,16,600.0,0,0.0,1,6.2,3,355.79,0.2,34,true,completed
CV_h6s4n19.txt,BBLCT,4,6,16,16,600.0,0,0.0,3,18.8,5,598.31,0.3,62,true,completed
CV_h6s4n2.txt,BBLCT,4,6,16,16,600.0,0,0.0,6,37.5,5,538.09,0.2,43,true,completed
CV_h6s4n20.txt,BBLCT,4,6,16,16,600.0,0,0.0,6,37.5,5,549.82,0.3,59,true,completed
CV_h6s4n21.txt,BBLCT,4,6,16,16,600.0,0,0.0,2,12.5,5,562.22,0.2,24,true,completed
CV_h6s4n22.txt,BBLCT,4,6,16,16,600.0,0,0.0,3,18.8,5,584.88,0.3,64,true,completed
CV_h6s4n23.txt,BBLCT,4,6,16,16,600.0,0,0.0,3,18.8,3,357.12,0.3,87,true,completed
CV_h6s4n24.txt,BBLCT,4,6,16,16,600.0,0,0.0,4,25.0,2,229.47,0.3,68,true,completed
CV_h6s4n25.txt,BBLCT,4,6,16,16,600.0,1,6.2,4,25.0,2,220.18,0.2,35,true,completed
CV_h6s4n26.txt,BBLCT,4,6,16,16,600.0,0,0.0,5,31.2,5,536.51,0.3,51,true,completed
CV_h6s4n27.txt,BBLCT,4,6,16,16,600.0,0,0.0,4,25.0,2,230.67,0.3,71,true,completed
CV_h6s4n28.txt,BBLCT,4,6,16,16,600.0,0,0.0,3,18.8,5,541.70,0.3,62,true,completed
CV_h6s4n29.txt,BBLCT,4,6,16,16,600.0,0,0.0,6,37.5,5,574.74,0.4,92,true,completed
CV_h6s4n3.txt,BBLCT,4,6,16,16,600.0,2,12.5,3,18.8,5,577.65,0.2,34,true,completed
CV_h6s4n30.txt,BBLCT,4,6,16,16,600.0,0,0.0,2,12.5,5,576.26,0.2,45,true,completed
CV_h6s4n31.txt,BBLCT,4,6,16,16,600.0,1,6.2,3,18.8,2,210.05,0.3,46,true,completed
CV_h6s4n32.txt,BBLCT,4,6,16,16,600.0,2,12.5,4,25.0,5,581.37,0.3,74,true,completed
CV_h6s4n33.txt,BBLCT,4,6,16,16,600.0,0,0.0,2,12.5,2,224.04,0.3,53,true,completed
CV_h6s4n34.txt,BBLCT,4,6,16,16,600.0,1,6.2,3,18.8,6,594.93,0.2,42,true,completed
CV_h6s4n35.txt,BBLCT,4,6,16,16,600.0,0,0.0,1,6.2,5,559.58,0.2,24,true,completed
CV_h6s4n36.txt,BBLCT,4,6,16,16,600.0,0,0.0,3,18.8,5,583.86,0.2,35,true,completed
CV_h6s4n37.txt,BBLCT,4,6,16,16,600.0,1,6.2,7,43.8,5,576.16,0.4,112,true,completed
CV_h6s4n38.txt,BBLCT,4,6,16,16,600.0,0,0.0,3,18.8,5,574.32,0.2,44,true,completed
CV_h6s4n39.txt,BBLCT,4,6,16,16,600.0,1,6.2,2,12.5,5,527.03,0.2,33,true,completed
CV_h6s4n4.txt,BBLCT,4,6,16,16,600.0,1,6.2,3,18.8,5,595.36,0.2,44,true,completed
CV_h6s4n40.txt,BBLCT,4,6,16,16,600.0,0,0.0,2,12.5,3,329.02,0.2,40,true,completed
CV_h6s4n5.txt,BBLCT,4,6,16,16,600.0,0,0.0,2,12.5,5,560.76,0.2,47,true,completed
CV_h6s4n6.txt,BBLCT,4,6,16,16,600.0,1,6.2,8,50.0,3,346.05,0.5,104,true,completed
CV_h6s4n7.txt,BBLCT,4,6,16,16,600.0,0,0.0,3,18.8,5,578.89,0.2,37,true,completed
CV_h6s4n8.txt,BBLCT,4,6,16,16,600.0,1,6.2,3,18.8,5,527.03,0.2,29,true,completed
CV_h6s4n9.txt,BBLCT,4,6,16,16,600.0,0,0.0,5,31.2,5,582.44,0.5,168,true,completed
CV_h6s5n1.txt,BBLCT,5,6,20,20,600.0,0,0.0,3,15.0,2,232.00,1.0,211,true,completed
CV_h6s5n10.txt,BBLCT,5,6,20,20,600.0,0,0.0,4,20.0,5,555.87,0.6,96,true,completed
CV_h6s5n11.txt,BBLCT,5,6,20,20,600.0,1,5.0,8,40.0,5,595.07,1.1,171,true,completed
CV_h6s5n12.txt,BBLCT,5,6,20,20,600.0,0,0.0,5,25.0,5,581.35,0.4,61,true,completed
CV_h6s5n13.txt,BBLCT,5,6,20,20,600.0,1,5.0,4,20.0,5,588.70,0.4,49,true,completed
CV_h6s5n14.txt,BBLCT,5,6,20,20,600.0,0,0.0,4,20.0,5,560.84,0.5,85,true,completed
CV_h6s5n15.txt,BBLCT,5,6,20,20,600.0,0,0.0,4,20.0,4,440.23,0.4,72,true,completed
CV_h6s5n16.txt,BBLCT,5,6,20,20,600.0,0,0.0,2,10.0,5,543.93,0.4,60,true,completed
CV_h6s5n17.txt,BBLCT,5,6,20,20,600.0,1,5.0,2,10.0,3,355.79,0.8,175,true,completed
CV_h6s5n18.txt,BBLCT,5,6,20,20,600.0,0,0.0,4,20.0,5,587.60,0.4,66,true,completed
CV_h6s5n19.txt,BBLCT,5,6,20,20,600.0,0,0.0,3,15.0,5,578.56,0.4,69,true,completed
CV_h6s5n2.txt,BBLCT,5,6,20,20,600.0,0,0.0,4,20.0,5,565.06,0.4,62,true,completed
CV_h6s5n20.txt,BBLCT,5,6,20,20,600.0,0,0.0,1,5.0,5,559.58,0.3,36,true,completed
CV_h6s5n21.txt,BBLCT,5,6,20,20,600.0,0,0.0,3,15.0,4,443.81,1.4,393,true,completed
CV_h6s5n22.txt,BBLCT,5,6,20,20,600.0,0,0.0,4,20.0,5,572.89,0.5,66,true,completed
CV_h6s5n23.txt,BBLCT,5,6,20,20,600.0,0,0.0,2,10.0,4,466.67,1.2,380,true,completed
CV_h6s5n24.txt,BBLCT,5,6,20,20,600.0,1,5.0,2,10.0,2,221.51,0.9,166,true,completed
CV_h6s5n25.txt,BBLCT,5,6,20,20,600.0,0,0.0,4,20.0,5,569.10,0.5,83,true,completed
CV_h6s5n26.txt,BBLCT,5,6,20,20,600.0,0,0.0,3,15.0,5,579.66,0.3,45,true,completed
CV_h6s5n27.txt,BBLCT,5,6,20,20,600.0,0,0.0,6,30.0,5,576.15,0.5,73,true,completed
CV_h6s5n28.txt,BBLCT,5,6,20,20,600.0,0,0.0,4,20.0,2,211.47,0.6,92,true,completed
CV_h6s5n29.txt,BBLCT,5,6,20,20,600.0,0,0.0,4,20.0,5,519.53,0.4,72,true,completed
CV_h6s5n3.txt,BBLCT,5,6,20,20,600.0,1,5.0,5,25.0,5,596.58,0.4,50,true,completed
CV_h6s5n30.txt,BBLCT,5,6,20,20,600.0,0,0.0,3,15.0,5,597.55,0.3,47,true,completed
CV_h6s5n31.txt,BBLCT,5,6,20,20,600.0,0,0.0,1,5.0,5,559.58,0.3,36,true,completed
CV_h6s5n32.txt,BBLCT,5,6,20,20,600.0,3,15.0,7,35.0,3,336.95,1.2,135,true,completed
CV_h6s5n33.txt,BBLCT,5,6,20,20,600.0,1,5.0,5,25.0,5,595.87,0.4,47,true,completed
CV_h6s5n34.txt,BBLCT,5,6,20,20,600.0,0,0.0,3,15.0,5,595.95,0.5,66,true,completed
CV_h6s5n35.txt,BBLCT,5,6,20,20,600.0,0,0.0,2,10.0,2,211.47,1.2,294,true,completed
CV_h6s5n36.txt,BBLCT,5,6,20,20,600.0,0,0.0,5,25.0,5,594.25,0.5,69,true,completed
CV_h6s5n37.txt,BBLCT,5,6,20,20,600.0,0,0.0,2,10.0,5,574.34,0.3,46,true,completed
CV_h6s5n38.txt,BBLCT,5,6,20,20,600.0,1,5.0,3,15.0,3,366.25,0.7,142,true,completed
CV_h6s5n39.txt,BBLCT,5,6,20,20,600.0,0,0.0,6,30.0,5,556.61,0.3,44,true,completed
CV_h6s5n4.txt,BBLCT,5,6,20,20,600.0,0,0.0,9,45.0,5,582.46,0.4,40,true,completed
CV_h6s5n40.txt,BBLCT,5,6,20,20,600.0,1,5.0,3,15.0,6,596.77,0.5,65,true,completed
CV_h6s5n5.txt,BBLCT,5,6,20,20,600.0,0,0.0,2,10.0,5,579.53,0.4,70,true,completed
CV_h6s5n6.txt,BBLCT,5,6,20,20,600.0,0,0.0,3,15.0,5,557.08,0.4,64,true,completed
CV_h6s5n7.txt,BBLCT,5,6,20,20,600.0,0,0.0,5,25.0,5,588.71,0.5,80,true,completed
CV_h6s5n8.txt,BBLCT,5,6,20,20,600.0,0,0.0,5,25.0,5,575.84,0.5,95,true,completed
CV_h6s5n9.txt,BBLCT,5,6,20,20,600.0,1,5.0,5,25.0,5,586.08,0.4,44,true,completed
CV_h6s6n1.txt,BBLCT,6,6,24,24,600.0,0,0.0,3,12.5,5,578.20,1.4,216,true,completed
CV_h6s6n10.txt,BBLCT,6,6,24,24,600.0,0,0.0,3,12.5,5,591.21,1.1,128,true,completed
CV_h6s6n11.txt,BBLCT,6,6,24,24,600.0,0,0.0,1,4.2,5,597.55,0.6,63,true,completed
CV_h6s6n12.txt,BBLCT,6,6,24,24,600.0,2,8.3,5,20.8,5,597.76,1.1,81,true,completed
CV_h6s6n13.txt,BBLCT,6,6,24,24,600.0,0,0.0,5,20.8,6,595.64,1.0,112,true,completed
CV_h6s6n14.txt,BBLCT,6,6,24,24,600.0,0,0.0,8,33.3,5,555.81,1.9,222,true,completed
CV_h6s6n15.txt,BBLCT,6,6,24,24,600.0,1,4.2,6,25.0,3,331.66,1.6,169,true,completed
CV_h6s6n16.txt,BBLCT,6,6,24,24,600.0,2,8.3,6,25.0,5,592.63,1.0,78,true,completed
CV_h6s6n17.txt,BBLCT,6,6,24,24,600.0,0,0.0,3,12.5,5,535.46,0.7,93,true,completed
CV_h6s6n18.txt,BBLCT,6,6,24,24,600.0,0,0.0,2,8.3,5,592.20,0.6,65,true,completed
CV_h6s6n19.txt,BBLCT,6,6,24,24,600.0,0,0.0,3,12.5,5,594.80,0.9,107,true,completed
CV_h6s6n2.txt,BBLCT,6,6,24,24,600.0,1,4.2,6,25.0,5,580.11,1.3,124,true,completed
CV_h6s6n20.txt,BBLCT,6,6,24,24,600.0,0,0.0,8,33.3,5,587.42,1.2,127,true,completed
CV_h6s6n21.txt,BBLCT,6,6,24,24,600.0,0,0.0,7,29.2,5,589.70,1.0,124,true,completed
CV_h6s6n22.txt,BBLCT,6,6,24,24,600.0,0,0.0,3,12.5,4,479.00,2.0,337,true,completed
CV_h6s6n23.txt,BBLCT,6,6,24,24,600.0,0,0.0,5,20.8,5,543.93,0.9,107,true,completed
CV_h6s6n24.txt,BBLCT,6,6,24,24,600.0,0,0.0,3,12.5,4,457.88,2.7,413,true,completed
CV_h6s6n25.txt,BBLCT,6,6,24,24,600.0,1,4.2,2,8.3,5,575.60,0.7,60,true,completed
CV_h6s6n26.txt,BBLCT,6,6,24,24,600.0,0,0.0,4,16.7,5,592.52,0.6,69,true,completed
CV_h6s6n27.txt,BBLCT,6,6,24,24,600.0,1,4.2,5,20.8,5,599.06,0.9,79,true,completed
CV_h6s6n28.txt,BBLCT,6,6,24,24,600.0,1,4.2,2,8.3,5,584.60,0.6,62,true,completed
CV_h6s6n29.txt,BBLCT,6,6,24,24,600.0,0,0.0,3,12.5,5,593.82,0.9,103,true,completed
CV_h6s6n3.txt,BBLCT,6,6,24,24,600.0,3,12.5,8,33.3,5,584.06,1.3,95,true,completed
CV_h6s6n30.txt,BBLCT,6,6,24,24,600.0,0,0.0,2,8.3,5,593.98,0.9,105,true,completed
CV_h6s6n31.txt,BBLCT,6,6,24,24,600.0,1,4.2,5,20.8,4,488.18,3.3,415,true,completed
CV_h6s6n32.txt,BBLCT,6,6,24,24,600.0,0,0.0,4,16.7,5,591.35,0.9,109,true,completed
CV_h6s6n33.txt,BBLCT,6,6,24,24,600.0,0,0.0,5,20.8,5,580.04,0.9,106,true,completed
CV_h6s6n34.txt,BBLCT,6,6,24,24,600.0,0,0.0,3,12.5,5,579.83,1.1,138,true,completed
CV_h6s6n35.txt,BBLCT,6,6,24,24,600.0,0,0.0,3,12.5,4,472.47,2.4,349,true,completed
CV_h6s6n36.txt,BBLCT,6,6,24,24,600.0,0,0.0,3,12.5,5,573.24,1.1,129,true,completed
CV_h6s6n37.txt,BBLCT,6,6,24,24,600.0,0,0.0,3,12.5,5,580.94,0.8,94,true,completed
CV_h6s6n38.txt,BBLCT,6,6,24,24,600.0,0,0.0,3,12.5,5,597.43,0.7,80,true,completed
CV_h6s6n39.txt,BBLCT,6,6,24,24,600.0,0,0.0,2,8.3,5,583.86,0.7,83,true,completed
CV_h6s6n4.txt,BBLCT,6,6,24,24,600.0,2,8.3,3,12.5,5,562.22,0.6,42,true,completed
CV_h6s6n40.txt,BBLCT,6,6,24,24,600.0,0,0.0,3,12.5,5,579.73,1.5,210,true,completed
CV_h6s6n5.txt,BBLCT,6,6,24,24,600.0,0,0.0,1,4.2,5,559.58,0.4,50,true,completed
CV_h6s6n6.txt,BBLCT,6,6,24,24,600.0,0,0.0,3,12.5,5,578.31,0.7,95,true,completed
CV_h6s6n7.txt,BBLCT,6,6,24,24,600.0,0,0.0,3,12.5,5,579.53,0.6,69,true,completed
CV_h6s6n8.txt,BBLCT,6,6,24,24,600.0,0,0.0,9,37.5,5,582.26,0.7,81,true,completed
CV_h6s6n9.txt,BBLCT,6,6,24,24,600.0,1,4.2,3,12.5,5,589.10,1.1,106,true,completed
CV_h6s7n1.txt,BBLCT,7,6,28,28,600.0,1,3.6,3,10.7,5,595.05,1.5,92,true,completed
CV_h6s7n10.txt,BBLCT,7,6,28,28,600.0,2,7.1,4,14.3,5,584.29,1.8,106,true,completed
CV_h6s7n11.txt,BBLCT,7,6,28,28,600.0,0,0.0,2,7.1,5,598.70,1.4,109,true,completed
CV_h6s7n12.txt,BBLCT,7,6,28,28,600.0,2,7.1,6,21.4,5,567.03,2.4,144,true,completed
CV_h6s7n13.txt,BBLCT,7,6,28,28,600.0,0,0.0,5,17.9,5,565.71,2.7,222,true,completed
CV_h6s7n14.txt,BBLCT,7,6,28,28,600.0,0,0.0,2,7.1,5,579.73,1.6,147,true,completed
CV_h6s7n15.txt,BBLCT,7,6,28,28,600.0,0,0.0,4,14.3,5,585.91,1.4,128,true,completed
CV_h6s7n16.txt,BBLCT,7,6,28,28,600.0,1,3.6,4,14.3,5,568.28,1.9,133,true,completed
CV_h6s7n17.txt,BBLCT,7,6,28,28,600.0,2,7.1,4,14.3,5,580.92,1.5,82,true,completed
CV_h6s7n18.txt,BBLCT,7,6,28,28,600.0,1,3.6,3,10.7,5,574.25,1.9,135,true,completed
CV_h6s7n19.txt,BBLCT,7,6,28,28,600.0,0,0.0,6,21.4,5,556.65,3.2,251,true,completed
CV_h6s7n2.txt,BBLCT,7,6,28,28,600.0,0,0.0,1,3.6,3,355.79,1.3,121,true,completed
CV_h6s7n20.txt,BBLCT,7,6,28,28,600.0,1,3.6,3,10.7,5,598.70,1.5,97,true,completed
CV_h6s7n21.txt,BBLCT,7,6,28,28,600.0,0,0.0,1,3.6,5,597.55,1.0,87,true,completed
CV_h6s7n22.txt,BBLCT,7,6,28,28,600.0,0,0.0,4,14.3,5,598.02,2.1,156,true,completed
CV_h6s7n23.txt,BBLCT,7,6,28,28,600.0,0,0.0,7,25.0,5,589.42,1.8,136,true,completed
CV_h6s7n24.txt,BBLCT,7,6,28,28,600.0,0,0.0,4,14.3,5,586.57,1.9,160,true,completed
CV_h6s7n25.txt,BBLCT,7,6,28,28,600.0,0,0.0,2,7.1,5,597.55,1.0,87,true,completed
CV_h6s7n26.txt,BBLCT,7,6,28,28,600.0,0,0.0,5,17.9,5,555.49,2.9,229,true,completed
CV_h6s7n27.txt,BBLCT,7,6,28,28,600.0,0,0.0,4,14.3,5,584.98,1.2,101,true,completed
CV_h6s7n28.txt,BBLCT,7,6,28,28,600.0,0,0.0,1,3.6,5,592.20,1.2,91,true,completed
CV_h6s7n29.txt,BBLCT,7,6,28,28,600.0,1,3.6,3,10.7,5,586.08,1.0,67,true,completed
CV_h6s7n3.txt,BBLCT,7,6,28,28,600.0,1,3.6,4,14.3,5,596.80,1.7,107,true,completed
CV_h6s7n30.txt,BBLCT,7,6,28,28,600.0,1,3.6,6,21.4,5,591.92,2.5,182,true,completed
CV_h6s7n31.txt,BBLCT,7,6,28,28,600.0,0,0.0,2,7.1,5,579.73,1.0,91,true,completed
CV_h6s7n32.txt,BBLCT,7,6,28,28,600.0,0,0.0,3,10.7,5,591.21,1.2,100,true,completed
CV_h6s7n33.txt,BBLCT,7,6,28,28,600.0,0,0.0,2,7.1,5,598.70,1.4,109,true,completed
CV_h6s7n34.txt,BBLCT,7,6,28,28,600.0,0,0.0,4,14.3,5,596.23,2.9,246,true,completed
CV_h6s7n35.txt,BBLCT,7,6,28,28,600.0,0,0.0,2,7.1,5,599.78,4.4,425,true,completed
CV_h6s7n36.txt,BBLCT,7,6,28,28,600.0,0,0.0,3,10.7,5,583.99,1.3,113,true,completed
CV_h6s7n37.txt,BBLCT,7,6,28,28,600.0,0,0.0,5,17.9,5,599.30,2.2,160,true,completed
CV_h6s7n38.txt,BBLCT,7,6,28,28,600.0,0,0.0,5,17.9,5,558.24,2.0,173,true,completed
CV_h6s7n39.txt,BBLCT,7,6,28,28,600.0,1,3.6,5,17.9,4,476.45,5.4,393,true,completed
CV_h6s7n4.txt,BBLCT,7,6,28,28,600.0,0,0.0,2,7.1,5,580.54,1.4,128,true,completed
CV_h6s7n40.txt,BBLCT,7,6,28,28,600.0,0,0.0,4,14.3,5,597.48,2.0,163,true,completed
CV_h6s7n5.txt,BBLCT,7,6,28,28,600.0,0,0.0,5,17.9,5,586.12,2.2,179,true,completed
CV_h6s7n6.txt,BBLCT,7,6,28,28,600.0,2,7.1,3,10.7,5,559.58,1.1,62,true,completed
CV_h6s7n7.txt,BBLCT,7,6,28,28,600.0,1,3.6,5,17.9,5,551.34,1.9,146,true,completed
CV_h6s7n8.txt,BBLCT,7,6,28,28,600.0,0,0.0,5,17.9,5,590.68,2.4,187,true,completed
CV_h6s7n9.txt,BBLCT,7,6,28,28,600.0,0,0.0,2,7.1,5,589.48,1.0,91,true,completed
CV_h7s10n1.txt,BBLCT,10,7,50,50,600.0,0,0.0,1,2.0,5,585.91,7.6,266,true,completed
CV_h7s10n10.txt,BBLCT,10,7,50,50,600.0,0,0.0,2,4.0,5,598.00,8.8,271,true,completed
CV_h7s10n11.txt,BBLCT,10,7,50,50,600.0,0,0.0,1,2.0,5,580.54,7.2,267,true,completed
CV_h7s10n12.txt,BBLCT,10,7,50,50,600.0,0,0.0,1,2.0,4,594.71,4.3,127,true,completed
CV_h7s10n13.txt,BBLCT,10,7,50,50,600.0,0,0.0,4,8.0,5,597.22,11.5,360,true,completed
CV_h7s10n14.txt,BBLCT,10,7,50,50,600.0,0,0.0,2,4.0,4,498.69,7.5,275,true,completed
CV_h7s10n15.txt,BBLCT,10,7,50,50,600.0,0,0.0,1,2.0,1,114.22,10.8,352,true,completed
CV_h7s10n16.txt,BBLCT,10,7,50,50,600.0,1,2.0,5,10.0,5,594.59,11.4,289,true,completed
CV_h7s10n17.txt,BBLCT,10,7,50,50,600.0,0,0.0,4,8.0,5,585.07,11.7,350,true,completed
CV_h7s10n18.txt,BBLCT,10,7,50,50,600.0,0,0.0,5,10.0,5,590.04,9.7,320,true,completed
CV_h7s10n19.txt,BBLCT,10,7,50,50,600.0,1,2.0,2,4.0,1,112.96,12.1,327,true,completed
CV_h7s10n2.txt,BBLCT,10,7,50,50,600.0,0,0.0,1,2.0,4,545.81,7.0,258,true,completed
CV_h7s10n20.txt,BBLCT,10,7,50,50,600.0,0,0.0,4,8.0,5,594.28,6.2,186,true,completed
CV_h7s10n21.txt,BBLCT,10,7,50,50,600.0,0,0.0,4,8.0,5,597.66,11.3,354,true,completed
CV_h7s10n22.txt,BBLCT,10,7,50,50,600.0,0,0.0,2,4.0,5,596.40,11.9,360,true,completed
CV_h7s10n23.txt,BBLCT,10,7,50,50,600.0,0,0.0,1,2.0,5,586.25,3.7,138,true,completed
CV_h7s10n24.txt,BBLCT,10,7,50,50,600.0,0,0.0,1,2.0,4,582.62,5.6,179,true,completed
CV_h7s10n25.txt,BBLCT,10,7,50,50,600.0,2,4.0,3,6.0,4,559.69,8.5,167,true,completed
CV_h7s10n26.txt,BBLCT,10,7,50,50,600.0,0,0.0,1,2.0,5,599.16,6.2,182,true,completed
CV_h7s10n27.txt,BBLCT,10,7,50,50,600.0,0,0.0,2,4.0,5,596.79,5.8,214,true,completed
CV_h7s10n28.txt,BBLCT,10,7,50,50,600.0,0,0.0,1,2.0,3,355.79,7.0,259,true,completed
CV_h7s10n29.txt,BBLCT,10,7,50,50,600.0,0,0.0,3,6.0,5,572.35,8.7,295,true,completed
CV_h7s10n3.txt,BBLCT,10,7,50,50,600.0,0,0.0,2,4.0,4,499.07,4.9,189,true,completed
CV_h7s10n30.txt,BBLCT,10,7,50,50,600.0,0,0.0,2,4.0,5,573.63,9.8,293,true,completed
CV_h7s10n31.txt,BBLCT,10,7,50,50,600.0,1,2.0,4,8.0,5,597.43,10.5,281,true,completed
CV_h7s10n32.txt,BBLCT,10,7,50,50,600.0,0,0.0,5,10.0,5,559.58,7.4,275,true,completed
CV_h7s10n33.txt,BBLCT,10,7,50,50,600.0,0,0.0,1,2.0,4,497.43,7.7,287,true,completed
CV_h7s10n34.txt,BBLCT,10,7,50,50,600.0,0,0.0,5,10.0,5,581.68,11.4,338,true,completed
CV_h7s10n35.txt,BBLCT,10,7,50,50,600.0,0,0.0,2,4.0,5,559.58,7.3,275,true,completed
CV_h7s10n36.txt,BBLCT,10,7,50,50,600.0,0,0.0,4,8.0,5,594.78,11.2,358,true,completed
CV_h7s10n37.txt,BBLCT,10,7,50,50,600.0,0,0.0,1,2.0,5,596.10,5.9,188,true,completed
CV_h7s10n38.txt,BBLCT,10,7,50,50,600.0,0,0.0,3,6.0,4,546.33,19.4,543,true,completed
CV_h7s10n39.txt,BBLCT,10,7,50,50,600.0,0,0.0,1,2.0,4,498.69,7.5,268,true,completed
CV_h7s10n4.txt,BBLCT,10,7,50,50,600.0,0,0.0,2,4.0,5,598.43,7.0,207,true,completed
CV_h7s10n40.txt,BBLCT,10,7,50,50,600.0,0,0.0,1,2.0,3,355.79,7.0,259,true,completed
CV_h7s10n5.txt,BBLCT,10,7,50,50,600.0,0,0.0,1,2.0,5,583.72,5.4,193,true,completed
CV_h7s10n6.txt,BBLCT,10,7,50,50,600.0,0,0.0,2,4.0,5,592.20,5.9,193,true,completed
CV_h7s10n7.txt,BBLCT,10,7,50,50,600.0,0,0.0,1,2.0,5,592.20,5.6,193,true,completed
CV_h7s10n8.txt,BBLCT,10,7,50,50,600.0,0,0.0,1,2.0,5,583.72,5.4,193,true,completed
CV_h7s10n9.txt,BBLCT,10,7,50,50,600.0,0,0.0,5,10.0,5,567.08,9.6,350,true,completed
CV_h7s4n1.txt,BBLCT,4,7,20,20,600.0,0,0.0,2,10.0,1,111.69,0.3,59,true,completed
CV_h7s4n10.txt,BBLCT,4,7,20,20,600.0,0,0.0,3,15.0,5,582.28,0.3,58,true,completed
CV_h7s4n11.txt,BBLCT,4,7,20,20,600.0,0,0.0,3,15.0,5,575.99,0.3,48,true,completed
CV_h7s4n12.txt,BBLCT,4,7,20,20,600.0,0,0.0,1,5.0,5,559.58,0.2,24,true,completed
CV_h7s4n13.txt,BBLCT,4,7,20,20,600.0,0,0.0,1,5.0,5,559.58,0.2,24,true,completed
CV_h7s4n14.txt,BBLCT,4,7,20,20,600.0,0,0.0,3,15.0,5,586.25,0.2,42,true,completed
CV_h7s4n15.txt,BBLCT,4,7,20,20,600.0,0,0.0,7,35.0,5,564.88,0.3,55,true,completed
CV_h7s4n16.txt,BBLCT,4,7,20,20,600.0,0,0.0,2,10.0,5,596.60,0.2,53,true,completed
CV_h7s4n17.txt,BBLCT,4,7,20,20,600.0,0,0.0,1,5.0,5,597.55,0.2,26,true,completed
CV_h7s4n18.txt,BBLCT,4,7,20,20,600.0,1,5.0,5,25.0,5,595.27,0.8,266,true,completed
CV_h7s4n19.txt,BBLCT,4,7,20,20,600.0,0,0.0,2,10.0,3,330.36,0.4,140,true,completed
CV_h7s4n2.txt,BBLCT,4,7,20,20,600.0,0,0.0,1,5.0,4,497.74,0.2,31,true,completed
CV_h7s4n20.txt,BBLCT,4,7,20,20,600.0,0,0.0,2,10.0,5,592.52,0.2,26,true,completed
CV_h7s4n21.txt,BBLCT,4,7,20,20,600.0,0,0.0,3,15.0,2,211.38,0.4,81,true,completed
CV_h7s4n22.txt,BBLCT,4,7,20,20,600.0,3,15.0,3,15.0,0,0.00,0.2,30,true,completed
CV_h7s4n23.txt,BBLCT,4,7,20,20,600.0,0,0.0,7,35.0,5,547.29,0.3,73,true,completed
CV_h7s4n24.txt,BBLCT,4,7,20,20,600.0,0,0.0,1,5.0,5,596.60,0.2,50,true,completed
CV_h7s4n25.txt,BBLCT,4,7,20,20,600.0,3,15.0,4,20.0,2,233.26,0.3,46,true,completed
CV_h7s4n26.txt,BBLCT,4,7,20,20,600.0,0,0.0,1,5.0,5,586.25,0.2,39,true,completed
CV_h7s4n27.txt,BBLCT,4,7,20,20,600.0,0,0.0,1,5.0,2,220.18,0.2,25,true,completed
CV_h7s4n28.txt,BBLCT,4,7,20,20,600.0,0,0.0,1,5.0,2,220.18,0.2,25,true,completed
CV_h7s4n29.txt,BBLCT,4,7,20,20,600.0,1,5.0,3,15.0,5,554.64,0.2,35,true,completed
CV_h7s4n3.txt,BBLCT,4,7,20,20,600.0,0,0.0,5,25.0,5,539.51,0.3,52,true,completed
CV_h7s4n30.txt,BBLCT,4,7,20,20,600.0,1,5.0,2,10.0,1,111.69,0.3,42,true,completed
CV_h7s4n31.txt,BBLCT,4,7,20,20,600.0,1,5.0,5,25.0,5,591.17,0.3,53,true,completed
CV_h7s4n32.txt,BBLCT,4,7,20,20,600.0,0,0.0,1,5.0,5,597.55,0.2,26,true,completed
CV_h7s4n33.txt,BBLCT,4,7,20,20,600.0,0,0.0,2,10.0,5,576.26,0.2,31,true,completed
CV_h7s4n34.txt,BBLCT,4,7,20,20,600.0,0,0.0,1,5.0,3,370.11,0.4,144,true,completed
CV_h7s4n35.txt,BBLCT,4,7,20,20,600.0,0,0.0,2,10.0,5,573.24,0.3,56,true,completed
CV_h7s4n36.txt,BBLCT,4,7,20,20,600.0,0,0.0,3,15.0,5,570.44,0.2,48,true,completed
CV_h7s4n37.txt,BBLCT,4,7,20,20,600.0,0,0.0,1,5.0,5,586.25,0.2,39,true,completed
CV_h7s4n38.txt,BBLCT,4,7,20,20,600.0,0,0.0,1,5.0,1,111.69,0.3,109,true,completed
CV_h7s4n39.txt,BBLCT,4,7,20,20,600.0,0,0.0,1,5.0,1,111.69,0.3,93,true,completed
CV_h7s4n4.txt,BBLCT,4,7,20,20,600.0,0,0.0,3,15.0,5,554.64,0.2,39,true,completed
CV_h7s4n40.txt,BBLCT,4,7,20,20,600.0,0,0.0,3,15.0,3,358.13,0.2,42,true,completed
CV_h7s4n5.txt,BBLCT,4,7,20,20,600.0,0,0.0,2,10.0,5,596.60,0.3,79,true,completed
CV_h7s4n6.txt,BBLCT,4,7,20,20,600.0,0,0.0,2,10.0,5,535.46,0.3,54,true,completed
CV_h7s4n7.txt,BBLCT,4,7,20,20,600.0,0,0.0,5,25.0,5,592.79,0.3,79,true,completed
CV_h7s4n8.txt,BBLCT,4,7,20,20,600.0,0,0.0,2,10.0,5,580.24,0.2,31,true,completed
CV_h7s4n9.txt,BBLCT,4,7,20,20,600.0,2,10.0,3,15.0,2,232.00,0.4,73,true,completed
CV_h7s5n1.txt,BBLCT,5,7,25,25,600.0,0,0.0,1,4.0,5,559.58,0.3,36,true,completed
CV_h7s5n10.txt,BBLCT,5,7,25,25,600.0,0,0.0,1,4.0,5,597.55,0.3,43,true,completed
CV_h7s5n11.txt,BBLCT,5,7,25,25,600.0,0,0.0,2,8.0,1,110.43,0.7,127,true,completed
CV_h7s5n12.txt,BBLCT,5,7,25,25,600.0,0,0.0,2,8.0,5,586.25,0.4,59,true,completed
CV_h7s5n13.txt,BBLCT,5,7,25,25,600.0,0,0.0,5,20.0,5,547.13,0.4,64,true,completed
CV_h7s5n14.txt,BBLCT,5,7,25,25,600.0,0,0.0,3,12.0,5,495.43,0.4,65,true,completed
CV_h7s5n15.txt,BBLCT,5,7,25,25,600.0,0,0.0,2,8.0,5,599.80,0.4,67,true,completed
CV_h7s5n16.txt,BBLCT,5,7,25,25,600.0,0,0.0,3,12.0,5,557.08,0.4,61,true,completed
CV_h7s5n17.txt,BBLCT,5,7,25,25,600.0,0,0.0,2,8.0,2,212.64,1.2,292,true,completed
CV_h7s5n18.txt,BBLCT,5,7,25,25,600.0,1,4.0,4,16.0,5,563.27,0.4,53,true,completed
CV_h7s5n19.txt,BBLCT,5,7,25,25,600.0,1,4.0,3,12.0,4,459.42,0.6,71,true,completed
CV_h7s5n2.txt,BBLCT,5,7,25,25,600.0,1,4.0,7,28.0,5,596.13,0.5,55,true,completed
CV_h7s5n20.txt,BBLCT,5,7,25,25,600.0,0,0.0,1,4.0,5,595.84,0.5,91,true,completed
CV_h7s5n21.txt,BBLCT,5,7,25,25,600.0,0,0.0,1,4.0,5,595.84,0.6,91,true,completed
CV_h7s5n22.txt,BBLCT,5,7,25,25,600.0,0,0.0,4,16.0,5,582.05,0.5,68,true,completed
CV_h7s5n23.txt,BBLCT,5,7,25,25,600.0,0,0.0,1,4.0,4,500.33,0.7,150,true,completed
CV_h7s5n24.txt,BBLCT,5,7,25,25,600.0,1,4.0,2,8.0,4,497.74,0.5,75,true,completed
CV_h7s5n25.txt,BBLCT,5,7,25,25,600.0,1,4.0,5,20.0,5,572.42,0.3,34,true,completed
CV_h7s5n26.txt,BBLCT,5,7,25,25,600.0,0,0.0,2,8.0,5,599.80,0.5,86,true,completed
CV_h7s5n27.txt,BBLCT,5,7,25,25,600.0,0,0.0,1,4.0,5,568.41,0.3,56,true,completed
CV_h7s5n28.txt,BBLCT,5,7,25,25,600.0,0,0.0,2,8.0,5,583.86,0.4,73,true,completed
CV_h7s5n29.txt,BBLCT,5,7,25,25,600.0,0,0.0,2,8.0,5,589.10,0.4,56,true,completed
CV_h7s5n3.txt,BBLCT,5,7,25,25,600.0,0,0.0,1,4.0,5,592.52,0.3,43,true,completed
CV_h7s5n30.txt,BBLCT,5,7,25,25,600.0,0,0.0,6,24.0,5,582.44,0.5,78,true,completed
CV_h7s5n31.txt,BBLCT,5,7,25,25,600.0,0,0.0,1,4.0,5,586.25,0.4,59,true,completed
CV_h7s5n32.txt,BBLCT,5,7,25,25,600.0,2,8.0,3,12.0,5,591.41,0.4,45,true,completed
CV_h7s5n33.txt,BBLCT,5,7,25,25,600.0,0,0.0,3,12.0,5,589.10,0.5,79,true,completed
CV_h7s5n34.txt,BBLCT,5,7,25,25,600.0,1,4.0,4,16.0,5,574.73,0.6,86,true,completed
CV_h7s5n35.txt,BBLCT,5,7,25,25,600.0,0,0.0,5,20.0,5,566.71,0.9,169,true,completed
CV_h7s5n36.txt,BBLCT,5,7,25,25,600.0,0,0.0,2,8.0,3,340.50,1.4,386,true,completed
CV_h7s5n37.txt,BBLCT,5,7,25,25,600.0,1,4.0,2,8.0,5,592.94,0.3,31,true,completed
CV_h7s5n38.txt,BBLCT,5,7,25,25,600.0,1,4.0,5,20.0,5,564.63,0.5,59,true,completed
CV_h7s5n39.txt,BBLCT,5,7,25,25,600.0,0,0.0,2,8.0,4,497.74,0.5,74,true,completed
CV_h7s5n4.txt,BBLCT,5,7,25,25,600.0,0,0.0,2,8.0,5,579.96,0.5,75,true,completed
CV_h7s5n40.txt,BBLCT,5,7,25,25,600.0,0,0.0,3,12.0,5,599.46,0.5,88,true,completed
CV_h7s5n5.txt,BBLCT,5,7,25,25,600.0,1,4.0,5,20.0,5,584.60,0.5,76,true,completed
CV_h7s5n6.txt,BBLCT,5,7,25,25,600.0,0,0.0,3,12.0,2,221.57,0.6,88,true,completed
CV_h7s5n7.txt,BBLCT,5,7,25,25,600.0,0,0.0,2,8.0,5,569.11,0.4,51,true,completed
CV_h7s5n8.txt,BBLCT,5,7,25,25,600.0,0,0.0,1,4.0,3,355.79,0.4,57,true,completed
CV_h7s5n9.txt,BBLCT,5,7,25,25,600.0,0,0.0,3,12.0,5,587.42,0.5,86,true,completed
CV_h7s6n1.txt,BBLCT,6,7,30,30,600.0,0,0.0,1,3.3,5,580.54,0.7,87,true,completed
CV_h7s6n10.txt,BBLCT,6,7,30,30,600.0,0,0.0,1,3.3,5,583.72,0.6,65,true,completed
CV_h7s6n11.txt,BBLCT,6,7,30,30,600.0,0,0.0,2,6.7,1,116.86,1.1,114,true,completed
CV_h7s6n12.txt,BBLCT,6,7,30,30,600.0,0,0.0,5,16.7,5,578.38,0.8,105,true,completed
CV_h7s6n13.txt,BBLCT,6,7,30,30,600.0,0,0.0,1,3.3,1,107.84,0.9,103,true,completed
CV_h7s6n14.txt,BBLCT,6,7,30,30,600.0,2,6.7,5,16.7,5,542.15,1.9,142,true,completed
CV_h7s6n15.txt,BBLCT,6,7,30,30,600.0,0,0.0,4,13.3,4,455.36,1.1,103,true,completed
CV_h7s6n16.txt,BBLCT,6,7,30,30,600.0,0,0.0,2,6.7,5,543.93,0.7,85,true,completed
CV_h7s6n17.txt,BBLCT,6,7,30,30,600.0,0,0.0,4,13.3,1,111.80,0.8,91,true,completed
CV_h7s6n18.txt,BBLCT,6,7,30,30,600.0,0,0.0,2,6.7,5,575.56,0.7,91,true,completed
CV_h7s6n19.txt,BBLCT,6,7,30,30,600.0,0,0.0,1,3.3,5,597.55,0.6,63,true,completed
CV_h7s6n2.txt,BBLCT,6,7,30,30,600.0,0,0.0,3,10.0,5,598.62,1.5,123,true,completed
CV_h7s6n20.txt,BBLCT,6,7,30,30,600.0,0,0.0,1,3.3,5,592.20,0.7,65,true,completed
CV_h7s6n21.txt,BBLCT,6,7,30,30,600.0,0,0.0,3,10.0,5,592.65,0.7,84,true,completed
CV_h7s6n22.txt,BBLCT,6,7,30,30,600.0,0,0.0,2,6.7,5,597.43,0.9,103,true,completed
CV_h7s6n23.txt,BBLCT,6,7,30,30,600.0,1,3.3,2,6.7,5,595.62,0.7,61,true,completed
CV_h7s6n24.txt,BBLCT,6,7,30,30,600.0,0,0.0,1,3.3,5,595.62,0.8,108,true,completed
CV_h7s6n25.txt,BBLCT,6,7,30,30,600.0,1,3.3,2,6.7,5,592.65,0.6,55,true,completed
CV_h7s6n26.txt,BBLCT,6,7,30,30,600.0,0,0.0,1,3.3,5,586.25,0.6,77,true,completed
CV_h7s6n27.txt,BBLCT,6,7,30,30,600.0,0,0.0,1,3.3,4,545.81,1.0,108,true,completed
CV_h7s6n28.txt,BBLCT,6,7,30,30,600.0,0,0.0,1,3.3,4,545.81,0.9,108,true,completed
CV_h7s6n29.txt,BBLCT,6,7,30,30,600.0,0,0.0,1,3.3,5,568.41,0.6,79,true,completed
CV_h7s6n3.txt,BBLCT,6,7,30,30,600.0,1,3.3,4,13.3,5,586.25,0.7,63,true,completed
CV_h7s6n30.txt,BBLCT,6,7,30,30,600.0,0,0.0,1,3.3,4,545.81,1.0,108,true,completed
CV_h7s6n31.txt,BBLCT,6,7,30,30,600.0,0,0.0,3,10.0,5,561.74,1.3,144,true,completed
CV_h7s6n32.txt,BBLCT,6,7,30,30,600.0,0,0.0,2,6.7,5,597.11,1.2,134,true,completed
CV_h7s6n33.txt,BBLCT,6,7,30,30,600.0,2,6.7,3,10.0,3,372.63,3.4,340,true,completed
CV_h7s6n34.txt,BBLCT,6,7,30,30,600.0,0,0.0,5,16.7,5,564.16,1.2,131,true,completed
CV_h7s6n35.txt,BBLCT,6,7,30,30,600.0,0,0.0,3,10.0,5,572.24,0.9,92,true,completed
CV_h7s6n36.txt,BBLCT,6,7,30,30,600.0,0,0.0,1,3.3,4,497.74,0.6,84,true,completed
CV_h7s6n37.txt,BBLCT,6,7,30,30,600.0,0,0.0,1,3.3,5,585.91,0.8,86,true,completed
CV_h7s6n38.txt,BBLCT,6,7,30,30,600.0,0,0.0,1,3.3,4,497.74,0.9,117,true,completed
CV_h7s6n39.txt,BBLCT,6,7,30,30,600.0,1,3.3,4,13.3,5,543.93,0.8,74,true,completed
CV_h7s6n4.txt,BBLCT,6,7,30,30,600.0,0,0.0,1,3.3,4,500.33,1.2,182,true,completed
CV_h7s6n40.txt,BBLCT,6,7,30,30,600.0,0,0.0,2,6.7,4,545.81,1.0,108,true,completed
CV_h7s6n5.txt,BBLCT,6,7,30,30,600.0,0,0.0,1,3.3,4,497.74,0.6,84,true,completed
CV_h7s6n6.txt,BBLCT,6,7,30,30,600.0,0,0.0,9,30.0,5,579.16,1.7,219,true,completed
CV_h7s6n7.txt,BBLCT,6,7,30,30,600.0,0,0.0,1,3.3,4,545.81,1.0,108,true,completed
CV_h7s6n8.txt,BBLCT,6,7,30,30,600.0,4,13.3,5,16.7,5,578.47,0.9,64,true,completed
CV_h7s6n9.txt,BBLCT,6,7,30,30,600.0,0,0.0,1,3.3,4,500.33,1.2,182,true,completed
CV_h7s7n1.txt,BBLCT,7,7,35,35,600.0,2,5.7,4,11.4,5,593.42,2.3,115,true,completed
CV_h7s7n10.txt,BBLCT,7,7,35,35,600.0,2,5.7,3,8.6,5,588.57,1.8,100,true,completed
CV_h7s7n11.txt,BBLCT,7,7,35,35,600.0,1,2.9,3,8.6,5,587.64,1.3,86,true,completed
CV_h7s7n12.txt,BBLCT,7,7,35,35,600.0,0,0.0,4,11.4,5,599.89,1.7,140,true,completed
CV_h7s7n13.txt,BBLCT,7,7,35,35,600.0,0,0.0,4,11.4,5,588.57,1.3,106,true,completed
CV_h7s7n14.txt,BBLCT,7,7,35,35,600.0,2,5.7,4,11.4,5,561.89,2.2,120,true,completed
CV_h7s7n15.txt,BBLCT,7,7,35,35,600.0,0,0.0,2,5.7,5,586.25,1.0,94,true,completed
CV_h7s7n16.txt,BBLCT,7,7,35,35,600.0,0,0.0,1,2.9,5,568.41,1.2,106,true,completed
CV_h7s7n17.txt,BBLCT,7,7,35,35,600.0,3,8.6,5,14.3,6,596.78,2.6,155,true,completed
CV_h7s7n18.txt,BBLCT,7,7,35,35,600.0,0,0.0,1,2.9,5,599.89,0.7,52,true,completed
CV_h7s7n19.txt,BBLCT,7,7,35,35,600.0,0,0.0,1,2.9,5,585.91,1.6,122,true,completed
CV_h7s7n2.txt,BBLCT,7,7,35,35,600.0,0,0.0,1,2.9,5,599.71,2.3,208,true,completed
CV_h7s7n20.txt,BBLCT,7,7,35,35,600.0,0,0.0,1,2.9,5,596.10,1.3,89,true,completed
CV_h7s7n21.txt,BBLCT,7,7,35,35,600.0,0,0.0,1,2.9,5,595.62,1.3,122,true,completed
CV_h7s7n22.txt,BBLCT,7,7,35,35,600.0,0,0.0,1,2.9,5,599.89,0.7,52,true,completed
CV_h7s7n23.txt,BBLCT,7,7,35,35,600.0,0,0.0,3,8.6,6,599.70,2.2,166,true,completed
CV_h7s7n24.txt,BBLCT,7,7,35,35,600.0,0,0.0,5,14.3,5,590.78,1.6,128,true,completed
CV_h7s7n25.txt,BBLCT,7,7,35,35,600.0,0,0.0,4,11.4,5,550.87,2.1,166,true,completed
CV_h7s7n26.txt,BBLCT,7,7,35,35,600.0,0,0.0,6,17.1,5,580.02,2.2,163,true,completed
CV_h7s7n27.txt,BBLCT,7,7,35,35,600.0,0,0.0,2,5.7,5,597.22,2.3,172,true,completed
CV_h7s7n28.txt,BBLCT,7,7,35,35,600.0,0,0.0,4,11.4,5,593.98,1.4,120,true,completed
CV_h7s7n29.txt,BBLCT,7,7,35,35,600.0,0,0.0,1,2.9,5,583.72,1.2,91,true,completed
CV_h7s7n3.txt,BBLCT,7,7,35,35,600.0,0,0.0,1,2.9,5,595.62,1.3,122,true,completed
CV_h7s7n30.txt,BBLCT,7,7,35,35,600.0,0,0.0,1,2.9,1,110.43,2.2,169,true,completed
CV_h7s7n31.txt,BBLCT,7,7,35,35,600.0,0,0.0,3,8.6,5,596.38,1.6,115,true,completed
CV_h7s7n32.txt,BBLCT,7,7,35,35,600.0,1,2.9,3,8.6,5,599.70,2.1,133,true,completed
CV_h7s7n33.txt,BBLCT,7,7,35,35,600.0,0,0.0,2,5.7,5,595.84,2.5,231,true,completed
CV_h7s7n34.txt,BBLCT,7,7,35,35,600.0,0,0.0,2,5.7,5,593.00,1.3,108,true,completed
CV_h7s7n35.txt,BBLCT,7,7,35,35,600.0,0,0.0,1,2.9,2,220.18,1.0,85,true,completed
CV_h7s7n36.txt,BBLCT,7,7,35,35,600.0,1,2.9,3,8.6,5,584.60,1.5,92,true,completed
CV_h7s7n37.txt,BBLCT,7,7,35,35,600.0,0,0.0,2,5.7,5,568.41,1.2,106,true,completed
CV_h7s7n38.txt,BBLCT,7,7,35,35,600.0,0,0.0,4,11.4,5,593.98,1.3,114,true,completed
CV_h7s7n39.txt,BBLCT,7,7,35,35,600.0,0,0.0,3,8.6,5,559.58,0.8,71,true,completed
CV_h7s7n4.txt,BBLCT,7,7,35,35,600.0,0,0.0,4,11.4,5,547.36,2.0,153,true,completed
CV_h7s7n40.txt,BBLCT,7,7,35,35,600.0,0,0.0,3,8.6,5,547.38,1.5,134,true,completed
CV_h7s7n5.txt,BBLCT,7,7,35,35,600.0,0,0.0,1,2.9,5,592.52,1.1,89,true,completed
CV_h7s7n6.txt,BBLCT,7,7,35,35,600.0,0,0.0,1,2.9,5,596.10,1.3,89,true,completed
CV_h7s7n7.txt,BBLCT,7,7,35,35,600.0,0,0.0,5,14.3,3,330.29,2.1,153,true,completed
CV_h7s7n8.txt,BBLCT,7,7,35,35,600.0,1,2.9,3,8.6,3,330.29,2.5,143,true,completed
CV_h7s7n9.txt,BBLCT,7,7,35,35,600.0,0,0.0,3,8.6,5,555.60,1.8,158,true,completed
CV_h7s8n1.txt,BBLCT,8,7,40,40,600.0,0,0.0,4,10.0,4,559.69,2.9,150,true,completed
CV_h7s8n10.txt,BBLCT,8,7,40,40,600.0,0,0.0,3,7.5,4,570.52,5.5,285,true,completed
CV_h7s8n11.txt,BBLCT,8,7,40,40,600.0,1,2.5,2,5.0,4,497.74,2.4,123,true,completed
CV_h7s8n12.txt,BBLCT,8,7,40,40,600.0,0,0.0,4,10.0,5,595.61,3.4,188,true,completed
CV_h7s8n13.txt,BBLCT,8,7,40,40,600.0,0,0.0,2,5.0,2,215.08,3.6,205,true,completed
CV_h7s8n14.txt,BBLCT,8,7,40,40,600.0,0,0.0,1,2.5,4,496.17,4.2,281,true,completed
CV_h7s8n15.txt,BBLCT,8,7,40,40,600.0,1,2.5,3,7.5,5,598.36,3.8,185,true,completed
CV_h7s8n16.txt,BBLCT,8,7,40,40,600.0,0,0.0,2,5.0,5,591.21,2.3,146,true,completed
CV_h7s8n17.txt,BBLCT,8,7,40,40,600.0,0,0.0,4,10.0,5,590.74,2.5,158,true,completed
CV_h7s8n18.txt,BBLCT,8,7,40,40,600.0,0,0.0,3,7.5,5,592.60,2.3,139,true,completed
CV_h7s8n19.txt,BBLCT,8,7,40,40,600.0,0,0.0,1,2.5,4,570.52,2.5,132,true,completed
CV_h7s8n2.txt,BBLCT,8,7,40,40,600.0,0,0.0,1,2.5,4,496.17,4.1,270,true,completed
CV_h7s8n20.txt,BBLCT,8,7,40,40,600.0,1,2.5,3,7.5,2,214.74,5.5,227,true,completed
CV_h7s8n21.txt,BBLCT,8,7,40,40,600.0,0,0.0,5,12.5,5,590.99,3.7,228,true,completed
CV_h7s8n22.txt,BBLCT,8,7,40,40,600.0,0,0.0,2,5.0,5,559.01,2.9,184,true,completed
CV_h7s8n23.txt,BBLCT,8,7,40,40,600.0,1,2.5,2,5.0,1,114.22,5.1,228,true,completed
CV_h7s8n24.txt,BBLCT,8,7,40,40,600.0,0,0.0,5,12.5,5,565.04,5.2,302,true,completed
CV_h7s8n25.txt,BBLCT,8,7,40,40,600.0,0,0.0,2,5.0,1,107.84,2.4,122,true,completed
CV_h7s8n26.txt,BBLCT,8,7,40,40,600.0,1,2.5,3,7.5,5,596.73,2.1,100,true,completed
CV_h7s8n27.txt,BBLCT,8,7,40,40,600.0,0,0.0,1,2.5,5,599.71,3.4,226,true,completed
CV_h7s8n28.txt,BBLCT,8,7,40,40,600.0,0,0.0,4,10.0,5,567.16,3.4,199,true,completed
CV_h7s8n29.txt,BBLCT,8,7,40,40,600.0,0,0.0,1,2.5,4,558.43,3.5,202,true,completed
CV_h7s8n3.txt,BBLCT,8,7,40,40,600.0,0,0.0,2,5.0,5,599.89,2.8,179,true,completed
CV_h7s8n30.txt,BBLCT,8,7,40,40,600.0,0,0.0,2,5.0,4,498.69,4.2,252,true,completed
CV_h7s8n31.txt,BBLCT,8,7,40,40,600.0,1,2.5,3,7.5,4,544.09,4.1,183,true,completed
CV_h7s8n32.txt,BBLCT,8,7,40,40,600.0,0,0.0,1,2.5,5,595.62,2.0,136,true,completed
CV_h7s8n33.txt,BBLCT,8,7,40,40,600.0,1,2.5,2,5.0,5,559.58,1.7,83,true,completed
CV_h7s8n34.txt,BBLCT,8,7,40,40,600.0,0,0.0,2,5.0,4,463.03,3.1,198,true,completed
CV_h7s8n35.txt,BBLCT,8,7,40,40,600.0,0,0.0,3,7.5,4,500.33,4.9,284,true,completed
CV_h7s8n36.txt,BBLCT,8,7,40,40,600.0,0,0.0,4,10.0,5,575.56,2.7,165,true,completed
CV_h7s8n37.txt,BBLCT,8,7,40,40,600.0,0,0.0,2,5.0,3,334.08,3.8,205,true,completed
CV_h7s8n38.txt,BBLCT,8,7,40,40,600.0,0,0.0,2,5.0,6,595.00,2.7,176,true,completed
CV_h7s8n39.txt,BBLCT,8,7,40,40,600.0,0,0.0,2,5.0,5,587.60,2.3,146,true,completed
CV_h7s8n4.txt,BBLCT,8,7,40,40,600.0,0,0.0,1,2.5,5,590.78,3.0,164,true,completed
CV_h7s8n40.txt,BBLCT,8,7,40,40,600.0,0,0.0,1,2.5,5,596.10,2.2,118,true,completed
CV_h7s8n5.txt,BBLCT,8,7,40,40,600.0,0,0.0,1,2.5,3,355.79,2.5,161,true,completed
CV_h7s8n6.txt,BBLCT,8,7,40,40,600.0,0,0.0,1,2.5,5,592.20,2.1,121,true,completed
CV_h7s8n7.txt,BBLCT,8,7,40,40,600.0,0,0.0,7,17.5,5,590.53,4.3,223,true,completed
CV_h7s8n8.txt,BBLCT,8,7,40,40,600.0,1,2.5,3,7.5,5,559.58,1.7,80,true,completed
CV_h7s8n9.txt,BBLCT,8,7,40,40,600.0,0,0.0,1,2.5,5,583.72,2.0,121,true,completed
CV_h7s9n1.txt,BBLCT,9,7,45,45,600.0,0,0.0,1,2.2,5,590.78,5.0,212,true,completed
CV_h7s9n10.txt,BBLCT,9,7,45,45,600.0,1,2.2,2,4.4,5,599.16,4.5,137,true,completed
CV_h7s9n11.txt,BBLCT,9,7,45,45,600.0,1,2.2,3,6.7,5,595.53,7.1,231,true,completed
CV_h7s9n12.txt,BBLCT,9,7,45,45,600.0,0,0.0,1,2.2,5,595.62,3.0,150,true,completed
CV_h7s9n13.txt,BBLCT,9,7,45,45,600.0,1,2.2,3,6.7,4,579.01,3.7,112,true,completed
CV_h7s9n14.txt,BBLCT,9,7,45,45,600.0,0,0.0,1,2.2,1,118.01,6.8,269,true,completed
CV_h7s9n15.txt,BBLCT,9,7,45,45,600.0,0,0.0,5,11.1,5,556.75,7.1,273,true,completed
CV_h7s9n16.txt,BBLCT,9,7,45,45,600.0,0,0.0,1,2.2,4,558.43,5.1,229,true,completed
CV_h7s9n17.txt,BBLCT,9,7,45,45,600.0,0,0.0,1,2.2,5,568.41,3.4,171,true,completed
CV_h7s9n18.txt,BBLCT,9,7,45,45,600.0,2,4.4,3,6.7,5,596.60,3.7,105,true,completed
CV_h7s9n19.txt,BBLCT,9,7,45,45,600.0,0,0.0,2,4.4,5,598.14,4.9,195,true,completed
CV_h7s9n2.txt,BBLCT,9,7,45,45,600.0,0,0.0,3,6.7,5,599.80,7.1,325,true,completed
CV_h7s9n20.txt,BBLCT,9,7,45,45,600.0,0,0.0,3,6.7,5,588.16,4.9,232,true,completed
CV_h7s9n21.txt,BBLCT,9,7,45,45,600.0,0,0.0,4,8.9,5,598.59,3.8,173,true,completed
CV_h7s9n22.txt,BBLCT,9,7,45,45,600.0,0,0.0,3,6.7,5,590.71,4.6,222,true,completed
CV_h7s9n23.txt,BBLCT,9,7,45,45,600.0,0,0.0,1,2.2,5,599.89,1.6,74,true,completed
CV_h7s9n24.txt,BBLCT,9,7,45,45,600.0,0,0.0,2,4.4,2,216.25,8.1,330,true,completed
CV_h7s9n25.txt,BBLCT,9,7,45,45,600.0,1,2.2,2,4.4,5,599.42,3.6,130,true,completed
CV_h7s9n26.txt,BBLCT,9,7,45,45,600.0,0,0.0,3,6.7,5,525.11,7.3,331,true,completed
CV_h7s9n27.txt,BBLCT,9,7,45,45,600.0,0,0.0,3,6.7,5,561.06,6.0,247,true,completed
CV_h7s9n28.txt,BBLCT,9,7,45,45,600.0,1,2.2,3,6.7,1,109.17,6.0,214,true,completed
CV_h7s9n29.txt,BBLCT,9,7,45,45,600.0,0,0.0,2,4.4,4,497.43,10.5,447,true,completed
CV_h7s9n3.txt,BBLCT,9,7,45,45,600.0,0,0.0,2,4.4,5,596.10,3.8,151,true,completed
CV_h7s9n30.txt,BBLCT,9,7,45,45,600.0,1,2.2,2,4.4,5,568.41,4.3,161,true,completed
CV_h7s9n31.txt,BBLCT,9,7,45,45,600.0,0,0.0,3,6.7,5,596.79,5.6,231,true,completed
CV_h7s9n32.txt,BBLCT,9,7,45,45,600.0,0,0.0,2,4.4,2,218.69,6.3,265,true,completed
CV_h7s9n33.txt,BBLCT,9,7,45,45,600.0,0,0.0,1,2.2,4,582.62,3.1,125,true,completed
CV_h7s9n34.txt,BBLCT,9,7,45,45,600.0,0,0.0,4,8.9,5,594.85,8.4,345,true,completed
CV_h7s9n35.txt,BBLCT,9,7,45,45,600.0,0,0.0,1,2.2,1,111.69,6.8,310,true,completed
CV_h7s9n36.txt,BBLCT,9,7,45,45,600.0,0,0.0,3,6.7,5,583.59,5.6,257,true,completed
CV_h7s9n37.txt,BBLCT,9,7,45,45,600.0,1,2.2,2,4.4,5,559.58,2.7,100,true,completed
CV_h7s9n38.txt,BBLCT,9,7,45,45,600.0,0,0.0,2,4.4,5,596.84,7.2,290,true,completed
CV_h7s9n39.txt,BBLCT,9,7,45,45,600.0,1,2.2,2,4.4,5,594.68,6.4,200,true,completed
CV_h7s9n4.txt,BBLCT,9,7,45,45,600.0,0,0.0,4,8.9,2,234.52,8.3,304,true,completed
CV_h7s9n40.txt,BBLCT,9,7,45,45,600.0,0,0.0,2,4.4,5,586.25,2.6,125,true,completed
CV_h7s9n5.txt,BBLCT,9,7,45,45,600.0,1,2.2,3,6.7,5,590.71,5.6,205,true,completed
CV_h7s9n6.txt,BBLCT,9,7,45,45,600.0,1,2.2,4,8.9,5,593.13,7.4,235,true,completed
CV_h7s9n7.txt,BBLCT,9,7,45,45,600.0,0,0.0,2,4.4,4,545.81,5.2,245,true,completed
CV_h7s9n8.txt,BBLCT,9,7,45,45,600.0,0,0.0,4,8.9,5,585.10,7.3,330,true,completed
CV_h7s9n9.txt,BBLCT,9,7,45,45,600.0,0,0.0,2,4.4,4,496.17,5.6,280,true,completed
CV_h8s10n1.txt,BBLCT,10,8,60,60,600.0,0,0.0,2,3.3,5,594.42,10.9,347,true,completed
CV_h8s10n10.txt,BBLCT,10,8,60,60,600.0,0,0.0,3,5.0,5,593.61,6.7,218,true,completed
CV_h8s10n11.txt,BBLCT,10,8,60,60,600.0,0,0.0,0,0.0,0,0.00,0.1,1,true,completed
CV_h8s10n12.txt,BBLCT,10,8,60,60,600.0,0,0.0,2,3.3,5,495.43,8.7,323,true,completed
CV_h8s10n13.txt,BBLCT,10,8,60,60,600.0,0,0.0,0,0.0,0,0.00,0.2,1,true,completed
CV_h8s10n14.txt,BBLCT,10,8,60,60,600.0,0,0.0,1,1.7,4,497.74,5.2,194,true,completed
CV_h8s10n15.txt,BBLCT,10,8,60,60,600.0,0,0.0,2,3.3,5,599.23,4.8,165,true,completed
CV_h8s10n16.txt,BBLCT,10,8,60,60,600.0,0,0.0,1,1.7,5,597.55,5.6,183,true,completed
CV_h8s10n17.txt,BBLCT,10,8,60,60,600.0,0,0.0,3,5.0,5,599.07,7.3,209,true,completed
CV_h8s10n18.txt,BBLCT,10,8,60,60,600.0,0,0.0,1,1.7,5,596.81,6.9,183,true,completed
CV_h8s10n19.txt,BBLCT,10,8,60,60,600.0,0,0.0,2,3.3,5,597.11,9.6,266,true,completed
CV_h8s10n2.txt,BBLCT,10,8,60,60,600.0,0,0.0,4,6.7,5,592.88,10.1,326,true,completed
CV_h8s10n20.txt,BBLCT,10,8,60,60,600.0,1,1.7,3,5.0,5,598.81,9.0,195,true,completed
CV_h8s10n21.txt,BBLCT,10,8,60,60,600.0,0,0.0,3,5.0,5,574.36,6.7,237,true,completed
CV_h8s10n22.txt,BBLCT,10,8,60,60,600.0,0,0.0,1,1.7,5,597.55,5.5,183,true,completed
CV_h8s10n23.txt,BBLCT,10,8,60,60,600.0,0,0.0,1,1.7,4,500.33,5.9,212,true,completed
CV_h8s10n24.txt,BBLCT,10,8,60,60,600.0,0,0.0,2,3.3,5,597.55,10.2,344,true,completed
CV_h8s10n25.txt,BBLCT,10,8,60,60,600.0,1,1.7,4,6.7,5,598.59,9.5,234,true,completed
CV_h8s10n26.txt,BBLCT,10,8,60,60,600.0,1,1.7,3,5.0,5,593.17,11.7,266,true,completed
CV_h8s10n27.txt,BBLCT,10,8,60,60,600.0,1,1.7,3,5.0,5,599.96,14.9,346,true,completed
CV_h8s10n28.txt,BBLCT,10,8,60,60,600.0,0,0.0,2,3.3,5,591.41,6.4,225,true,completed
CV_h8s10n29.txt,BBLCT,10,8,60,60,600.0,0,0.0,0,0.0,0,0.00,0.2,1,true,completed
CV_h8s10n3.txt,BBLCT,10,8,60,60,600.0,0,0.0,2,3.3,5,597.82,8.2,283,true,completed
CV_h8s10n30.txt,BBLCT,10,8,60,60,600.0,0,0.0,2,3.3,5,597.40,10.7,345,true,completed
CV_h8s10n31.txt,BBLCT,10,8,60,60,600.0,1,1.7,3,5.0,5,583.72,8.2,175,true,completed
CV_h8s10n32.txt,BBLCT,10,8,60,60,600.0,0,0.0,1,1.7,5,594.28,6.6,186,true,completed
CV_h8s10n33.txt,BBLCT,10,8,60,60,600.0,0,0.0,1,1.7,5,594.68,9.4,263,true,completed
CV_h8s10n34.txt,BBLCT,10,8,60,60,600.0,0,0.0,1,1.7,1,109.17,7.1,249,true,completed
CV_h8s10n35.txt,BBLCT,10,8,60,60,600.0,1,1.7,5,8.3,6,592.37,9.9,269,true,completed
CV_h8s10n36.txt,BBLCT,10,8,60,60,600.0,0,0.0,1,1.7,4,497.74,6.2,234,true,completed
CV_h8s10n37.txt,BBLCT,10,8,60,60,600.0,0,0.0,0,0.0,0,0.00,0.2,1,true,completed
CV_h8s10n38.txt,BBLCT,10,8,60,60,600.0,0,0.0,0,0.0,0,0.00,0.1,1,true,completed
CV_h8s10n39.txt,BBLCT,10,8,60,60,600.0,0,0.0,0,0.0,0,0.00,0.2,1,true,completed
CV_h8s10n4.txt,BBLCT,10,8,60,60,600.0,0,0.0,1,1.7,5,559.58,3.8,126,true,completed
CV_h8s10n40.txt,BBLCT,10,8,60,60,600.0,0,0.0,1,1.7,5,595.95,9.6,262,true,completed
CV_h8s10n5.txt,BBLCT,10,8,60,60,600.0,0,0.0,1,1.7,5,594.28,6.5,186,true,completed
CV_h8s10n6.txt,BBLCT,10,8,60,60,600.0,0,0.0,2,3.3,5,599.16,5.9,191,true,completed
CV_h8s10n7.txt,BBLCT,10,8,60,60,600.0,0,0.0,1,1.7,4,570.52,7.4,229,true,completed
CV_h8s10n8.txt,BBLCT,10,8,60,60,600.0,1,1.7,2,3.3,5,599.16,8.0,173,true,completed
CV_h8s10n9.txt,BBLCT,10,8,60,60,600.0,1,1.7,3,5.0,1,115.48,14.1,325,true,completed
CV_h8s6n1.txt,BBLCT,6,8,36,36,600.0,0,0.0,2,5.6,5,598.51,0.8,72,true,completed
CV_h8s6n10.txt,BBLCT,6,8,36,36,600.0,1,2.8,5,13.9,5,581.67,1.0,79,true,completed
CV_h8s6n11.txt,BBLCT,6,8,36,36,600.0,0,0.0,1,2.8,5,599.71,1.5,192,true,completed
CV_h8s6n12.txt,BBLCT,6,8,36,36,600.0,1,2.8,3,8.3,3,331.55,1.1,94,true,completed
CV_h8s6n13.txt,BBLCT,6,8,36,36,600.0,0,0.0,5,13.9,5,550.13,1.1,114,true,completed
CV_h8s6n14.txt,BBLCT,6,8,36,36,600.0,0,0.0,5,13.9,5,581.03,0.8,72,true,completed
CV_h8s6n15.txt,BBLCT,6,8,36,36,600.0,0,0.0,1,2.8,5,586.25,0.6,77,true,completed
CV_h8s6n16.txt,BBLCT,6,8,36,36,600.0,0,0.0,2,5.6,5,597.43,1.0,103,true,completed
CV_h8s6n17.txt,BBLCT,6,8,36,36,600.0,0,0.0,2,5.6,5,591.23,0.7,67,true,completed
CV_h8s6n18.txt,BBLCT,6,8,36,36,600.0,1,2.8,2,5.6,5,586.27,0.8,77,true,completed
CV_h8s6n19.txt,BBLCT,6,8,36,36,600.0,0,0.0,1,2.8,5,583.72,0.7,65,true,completed
CV_h8s6n2.txt,BBLCT,6,8,36,36,600.0,0,0.0,1,2.8,5,595.62,0.9,108,true,completed
CV_h8s6n20.txt,BBLCT,6,8,36,36,600.0,0,0.0,2,5.6,5,592.20,0.7,69,true,completed
CV_h8s6n21.txt,BBLCT,6,8,36,36,600.0,0,0.0,1,2.8,4,545.81,1.1,116,true,completed
CV_h8s6n22.txt,BBLCT,6,8,36,36,600.0,0,0.0,1,2.8,5,592.52,0.6,64,true,completed
CV_h8s6n23.txt,BBLCT,6,8,36,36,600.0,1,2.8,5,13.9,5,549.23,1.2,96,true,completed
CV_h8s6n24.txt,BBLCT,6,8,36,36,600.0,0,0.0,0,0.0,0,0.00,0.1,1,true,completed
CV_h8s6n25.txt,BBLCT,6,8,36,36,600.0,0,0.0,1,2.8,5,597.55,0.6,63,true,completed
CV_h8s6n26.txt,BBLCT,6,8,36,36,600.0,0,0.0,1,2.8,5,586.25,0.6,77,true,completed
CV_h8s6n27.txt,BBLCT,6,8,36,36,600.0,0,0.0,1,2.8,5,599.71,1.4,172,true,completed
CV_h8s6n28.txt,BBLCT,6,8,36,36,600.0,0,0.0,4,11.1,5,560.79,1.2,121,true,completed
CV_h8s6n29.txt,BBLCT,6,8,36,36,600.0,0,0.0,1,2.8,5,586.25,0.6,77,true,completed
CV_h8s6n3.txt,BBLCT,6,8,36,36,600.0,0,0.0,0,0.0,0,0.00,0.1,1,true,completed
CV_h8s6n30.txt,BBLCT,6,8,36,36,600.0,0,0.0,1,2.8,4,497.74,1.0,140,true,completed
CV_h8s6n31.txt,BBLCT,6,8,36,36,600.0,0,0.0,1,2.8,5,592.52,0.6,64,true,completed
CV_h8s6n32.txt,BBLCT,6,8,36,36,600.0,0,0.0,2,5.6,5,590.80,0.9,91,true,completed
CV_h8s6n33.txt,BBLCT,6,8,36,36,600.0,0,0.0,3,8.3,5,544.74,1.2,120,true,completed
CV_h8s6n34.txt,BBLCT,6,8,36,36,600.0,0,0.0,0,0.0,0,0.00,0.1,1,true,completed
CV_h8s6n35.txt,BBLCT,6,8,36,36,600.0,1,2.8,2,5.6,5,599.71,1.3,129,true,completed
CV_h8s6n36.txt,BBLCT,6,8,36,36,600.0,1,2.8,2,5.6,1,110.47,0.9,95,true,completed
CV_h8s6n37.txt,BBLCT,6,8,36,36,600.0,1,2.8,2,5.6,5,597.11,1.4,116,true,completed
CV_h8s6n38.txt,BBLCT,6,8,36,36,600.0,0,0.0,3,8.3,4,497.74,0.7,84,true,completed
CV_h8s6n39.txt,BBLCT,6,8,36,36,600.0,0,0.0,2,5.6,3,358.13,1.0,110,true,completed
CV_h8s6n4.txt,BBLCT,6,8,36,36,600.0,0,0.0,1,2.8,5,599.89,0.5,42,true,completed
CV_h8s6n40.txt,BBLCT,6,8,36,36,600.0,0,0.0,0,0.0,0,0.00,0.1,1,true,completed
CV_h8s6n5.txt,BBLCT,6,8,36,36,600.0,0,0.0,0,0.0,0,0.00,0.1,1,true,completed
CV_h8s6n6.txt,BBLCT,6,8,36,36,600.0,1,2.8,1,2.8,0,0.00,0.1,1,true,completed
CV_h8s6n7.txt,BBLCT,6,8,36,36,600.0,0,0.0,2,5.6,5,582.05,0.9,102,true,completed
CV_h8s6n8.txt,BBLCT,6,8,36,36,600.0,0,0.0,2,5.6,1,109.17,0.8,88,true,completed
CV_h8s6n9.txt,BBLCT,6,8,36,36,600.0,0,0.0,1,2.8,5,599.89,0.4,42,true,completed
CV_h12s10n1.txt,BBLCT,10,12,100,100,900.0,0,0.0,0,0.0,0,0.00,0.2,1,true,completed
CV_h12s10n10.txt,BBLCT,10,12,100,100,900.0,1,1.0,1,1.0,0,0.00,0.2,1,true,completed
CV_h12s10n11.txt,BBLCT,10,12,100,100,900.0,0,0.0,1,1.0,7,896.88,2.0,51,true,completed
CV_h12s10n12.txt,BBLCT,10,12,100,100,900.0,0,0.0,1,1.0,7,895.62,7.7,200,true,completed
CV_h12s10n13.txt,BBLCT,10,12,100,100,900.0,0,0.0,2,2.0,1,110.43,16.4,421,true,completed
CV_h12s10n14.txt,BBLCT,10,12,100,100,900.0,0,0.0,3,3.0,8,898.66,33.0,640,true,completed
CV_h12s10n15.txt,BBLCT,10,12,100,100,900.0,0,0.0,0,0.0,0,0.00,0.2,1,true,completed
CV_h12s10n16.txt,BBLCT,10,12,100,100,900.0,0,0.0,3,3.0,8,896.21,18.1,458,true,completed
CV_h12s10n17.txt,BBLCT,10,12,100,100,900.0,0,0.0,1,1.0,7,889.07,12.6,293,true,completed
CV_h12s10n18.txt,BBLCT,10,12,100,100,900.0,0,0.0,0,0.0,0,0.00,0.1,1,true,completed
CV_h12s10n19.txt,BBLCT,10,12,100,100,900.0,0,0.0,2,2.0,7,897.90,72.1,1610,true,completed
CV_h12s10n2.txt,BBLCT,10,12,100,100,900.0,0,0.0,4,4.0,7,899.76,76.2,1321,true,completed
CV_h12s10n20.txt,BBLCT,10,12,100,100,900.0,0,0.0,2,2.0,7,899.94,24.2,543,true,completed
CV_h12s10n21.txt,BBLCT,10,12,100,100,900.0,0,0.0,0,0.0,0,0.00,0.2,1,true,completed
CV_h12s10n22.txt,BBLCT,10,12,100,100,900.0,0,0.0,0,0.0,0,0.00,0.2,1,true,completed
CV_h12s10n23.txt,BBLCT,10,12,100,100,900.0,0,0.0,2,2.0,7,899.98,10.8,244,true,completed
CV_h12s10n24.txt,BBLCT,10,12,100,100,900.0,0,0.0,0,0.0,0,0.00,0.2,1,true,completed
CV_h12s10n25.txt,BBLCT,10,12,100,100,900.0,0,0.0,0,0.0,0,0.00,0.2,1,true,completed
CV_h12s10n26.txt,BBLCT,10,12,100,100,900.0,1,1.0,2,2.0,7,889.07,16.1,293,true,completed
CV_h12s10n27.txt,BBLCT,10,12,100,100,900.0,0,0.0,2,2.0,6,835.09,4.5,127,true,completed
CV_h12s10n28.txt,BBLCT,10,12,100,100,900.0,0,0.0,0,0.0,0,0.00,0.2,1,true,completed
CV_h12s10n29.txt,BBLCT,10,12,100,100,900.0,0,0.0,2,2.0,8,899.42,17.8,383,true,completed
CV_h12s10n3.txt,BBLCT,10,12,100,100,900.0,0,0.0,3,3.0,7,895.21,18.1,474,true,completed
CV_h12s10n30.txt,BBLCT,10,12,100,100,900.0,0,0.0,1,1.0,7,889.07,12.6,293,true,completed
CV_h12s10n31.txt,BBLCT,10,12,100,100,900.0,1,1.0,1,1.0,0,0.00,0.2,1,true,completed
CV_h12s10n32.txt,BBLCT,10,12,100,100,900.0,1,1.0,1,1.0,0,0.00,0.2,1,true,completed
CV_h12s10n33.txt,BBLCT,10,12,100,100,900.0,0,0.0,0,0.0,0,0.00,0.2,1,true,completed
CV_h12s10n34.txt,BBLCT,10,12,100,100,900.0,0,0.0,1,1.0,7,895.57,9.5,201,true,completed
CV_h12s10n35.txt,BBLCT,10,12,100,100,900.0,1,1.0,2,2.0,8,896.76,13.6,277,true,completed
CV_h12s10n36.txt,BBLCT,10,12,100,100,900.0,0,0.0,3,3.0,8,893.52,51.8,1404,true,completed
CV_h12s10n37.txt,BBLCT,10,12,100,100,900.0,4,4.0,5,5.0,6,886.97,4.3,48,true,completed
CV_h12s10n38.txt,BBLCT,10,12,100,100,900.0,0,0.0,0,0.0,0,0.00,0.2,1,true,completed
CV_h12s10n39.txt,BBLCT,10,12,100,100,900.0,0,0.0,0,0.0,0,0.00,0.2,1,true,completed
CV_h12s10n4.txt,BBLCT,10,12,100,100,900.0,0,0.0,0,0.0,0,0.00,0.2,1,true,completed
CV_h12s10n40.txt,BBLCT,10,12,100,100,900.0,1,1.0,2,2.0,7,886.49,14.6,276,true,completed
CV_h12s10n5.txt,BBLCT,10,12,100,100,900.0,0,0.0,0,0.0,0,0.00,0.2,1,true,completed
CV_h12s10n6.txt,BBLCT,10,12,100,100,900.0,0,0.0,1,1.0,1,111.69,17.0,428,true,completed
CV_h12s10n7.txt,BBLCT,10,12,100,100,900.0,0,0.0,0,0.0,0,0.00,0.2,1,true,completed
CV_h12s10n8.txt,BBLCT,10,12,100,100,900.0,0,0.0,1,1.0,7,877.41,10.9,287,true,completed
CV_h12s10n9.txt,BBLCT,10,12,100,100,900.0,0,0.0,0,0.0,0,0.00,0.2,1,true,completed
CV_h12s6n1.txt,BBLCT,6,12,60,60,900.0,0,0.0,0,0.0,0,0.00,0.1,1,true,completed
CV_h12s6n10.txt,BBLCT,6,12,60,60,900.0,0,0.0,0,0.0,0,0.00,0.1,1,true,completed
CV_h12s6n11.txt,BBLCT,6,12,60,60,900.0,0,0.0,2,3.3,7,850.59,1.3,118,true,completed
CV_h12s6n12.txt,BBLCT,6,12,60,60,900.0,0,0.0,2,3.3,7,898.64,1.1,86,true,completed
CV_h12s6n13.txt,BBLCT,6,12,60,60,900.0,0,0.0,0,0.0,0,0.00,0.1,1,true,completed
CV_h12s6n14.txt,BBLCT,6,12,60,60,900.0,0,0.0,2,3.3,6,762.23,1.5,148,true,completed
CV_h12s6n15.txt,BBLCT,6,12,60,60,900.0,0,0.0,2,3.3,6,871.19,0.5,38,true,completed
CV_h12s6n16.txt,BBLCT,6,12,60,60,900.0,0,0.0,2,3.3,7,889.06,0.9,76,true,completed
CV_h12s6n17.txt,BBLCT,6,12,60,60,900.0,1,1.7,2,3.3,6,833.76,0.5,39,true,completed
CV_h12s6n18.txt,BBLCT,6,12,60,60,900.0,1,1.7,2,3.3,6,851.62,1.3,114,true,completed
CV_h12s6n19.txt,BBLCT,6,12,60,60,900.0,0,0.0,0,0.0,0,0.00,0.1,1,true,completed
CV_h12s6n2.txt,BBLCT,6,12,60,60,900.0,0,0.0,1,1.7,6,833.76,0.5,47,true,completed
CV_h12s6n20.txt,BBLCT,6,12,60,60,900.0,0,0.0,1,1.7,7,893.96,0.8,70,true,completed
CV_h12s6n21.txt,BBLCT,6,12,60,60,900.0,0,0.0,4,6.7,8,858.76,1.7,162,true,completed
CV_h12s6n22.txt,BBLCT,6,12,60,60,900.0,0,0.0,3,5.0,8,897.93,23.2,2408,true,completed
CV_h12s6n23.txt,BBLCT,6,12,60,60,900.0,0,0.0,2,3.3,7,897.09,1.0,90,true,completed
CV_h12s6n24.txt,BBLCT,6,12,60,60,900.0,0,0.0,1,1.7,7,894.98,1.1,95,true,completed
CV_h12s6n25.txt,BBLCT,6,12,60,60,900.0,0,0.0,3,5.0,7,835.27,27.8,4249,true,completed
CV_h12s6n26.txt,BBLCT,6,12,60,60,900.0,0,0.0,3,5.0,7,884.11,1.4,121,true,completed
CV_h12s6n27.txt,BBLCT,6,12,60,60,900.0,0,0.0,2,3.3,4,455.36,1.5,136,true,completed
CV_h12s6n28.txt,BBLCT,6,12,60,60,900.0,0,0.0,2,3.3,7,865.52,1.8,236,true,completed
CV_h12s6n29.txt,BBLCT,6,12,60,60,900.0,0,0.0,0,0.0,0,0.00,0.1,1,true,completed
CV_h12s6n3.txt,BBLCT,6,12,60,60,900.0,0,0.0,0,0.0,0,0.00,0.1,1,true,completed
CV_h12s6n30.txt,BBLCT,6,12,60,60,900.0,0,0.0,1,1.7,4,497.74,1.1,111,true,completed
CV_h12s6n31.txt,BBLCT,6,12,60,60,900.0,0,0.0,0,0.0,0,0.00,0.1,1,true,completed
CV_h12s6n32.txt,BBLCT,6,12,60,60,900.0,0,0.0,1,1.7,7,882.83,1.0,99,true,completed
CV_h12s6n33.txt,BBLCT,6,12,60,60,900.0,0,0.0,1,1.7,7,899.14,1.3,115,true,completed
CV_h12s6n34.txt,BBLCT,6,12,60,60,900.0,0,0.0,1,1.7,6,840.30,0.5,42,true,completed
CV_h12s6n35.txt,BBLCT,6,12,60,60,900.0,0,0.0,0,0.0,0,0.00,0.1,1,true,completed
CV_h12s6n36.txt,BBLCT,6,12,60,60,900.0,0,0.0,1,1.7,5,662.66,1.1,125,true,completed
CV_h12s6n37.txt,BBLCT,6,12,60,60,900.0,0,0.0,6,10.0,7,857.17,5.6,723,true,completed
CV_h12s6n38.txt,BBLCT,6,12,60,60,900.0,1,1.7,2,3.3,7,898.14,0.5,32,true,completed
CV_h12s6n39.txt,BBLCT,6,12,60,60,900.0,0,0.0,5,8.3,8,897.63,24.4,2568,true,completed
CV_h12s6n4.txt,BBLCT,6,12,60,60,900.0,0,0.0,0,0.0,0,0.00,0.1,1,true,completed
CV_h12s6n40.txt,BBLCT,6,12,60,60,900.0,0,0.0,0,0.0,0,0.00,0.1,1,true,completed
CV_h12s6n5.txt,BBLCT,6,12,60,60,900.0,0,0.0,2,3.3,7,877.41,1.0,98,true,completed
CV_h12s6n6.txt,BBLCT,6,12,60,60,900.0,0,0.0,2,3.3,7,887.89,1.4,139,true,completed
CV_h12s6n7.txt,BBLCT,6,12,60,60,900.0,0,0.0,0,0.0,0,0.00,0.1,1,true,completed
CV_h12s6n8.txt,BBLCT,6,12,60,60,900.0,0,0.0,0,0.0,0,0.00,0.1,1,true,completed
CV_h12s6n9.txt,BBLCT,6,12,60,60,900.0,0,0.0,1,1.7,7,798.65,1.8,208,true,completed
CV_h5s3n1.txt,BBLCT,3,5,9,9,900.0,1,11.1,4,44.4,7,798.65,2.4,2411,true,completed
CV_h5s3n10.txt,BBLCT,3,5,9,9,900.0,0,0.0,5,55.6,7,768.00,2.7,2830,true,completed
CV_h5s3n11.txt,BBLCT,3,5,9,9,900.0,2,22.2,9,100.0,8,870.90,11.8,10896,true,completed
CV_h5s3n12.txt,BBLCT,3,5,9,9,900.0,0,0.0,7,77.8,8,888.56,1.9,1947,true,completed
CV_h5s3n13.txt,BBLCT,3,5,9,9,900.0,0,0.0,3,33.3,4,473.87,0.4,333,true,completed
CV_h5s3n14.txt,BBLCT,3,5,9,9,900.0,0,0.0,5,55.6,8,882.26,2.0,2273,true,completed
CV_h5s3n15.txt,BBLCT,3,5,9,9,900.0,0,0.0,4,44.4,8,867.12,1.9,1819,true,completed
CV_h5s3n16.txt,BBLCT,3,5,9,9,900.0,0,0.0,4,44.4,8,854.27,1.4,1540,true,completed
CV_h5s3n17.txt,BBLCT,3,5,9,9,900.0,2,22.2,3,33.3,2,229.47,1.3,1174,true,completed
CV_h5s3n18.txt,BBLCT,3,5,9,9,900.0,0,0.0,9,100.0,8,886.84,2.5,1973,true,completed
CV_h5s3n19.txt,BBLCT,3,5,9,9,900.0,0,0.0,4,44.4,8,884.62,1.8,2096,true,completed
CV_h5s3n2.txt,BBLCT,3,5,9,9,900.0,0,0.0,6,66.7,7,825.22,1.5,1413,true,completed
CV_h5s3n20.txt,BBLCT,3,5,9,9,900.0,0,0.0,5,55.6,8,884.62,1.2,1141,true,completed
CV_h5s3n21.txt,BBLCT,3,5,9,9,900.0,1,11.1,3,33.3,7,798.65,0.2,86,true,completed
CV_h5s3n22.txt,BBLCT,3,5,9,9,900.0,2,22.2,4,44.4,5,571.16,0.8,613,true,completed
CV_h5s3n23.txt,BBLCT,3,5,9,9,900.0,0,0.0,4,44.4,8,895.27,1.3,1542,true,completed
CV_h5s3n24.txt,BBLCT,3,5,9,9,900.0,1,11.1,4,44.4,8,897.35,0.2,86,true,completed
CV_h5s3n25.txt,BBLCT,3,5,9,9,900.0,0,0.0,4,44.4,8,874.57,3.3,4198,true,completed
CV_h5s3n26.txt,BBLCT,3,5,9,9,900.0,0,0.0,9,100.0,8,895.36,0.2,75,true,completed
CV_h5s3n27.txt,BBLCT,3,5,9,9,900.0,0,0.0,9,100.0,8,867.12,1.0,940,true,completed
CV_h5s3n28.txt,BBLCT,3,5,9,9,900.0,0,0.0,4,44.4,8,854.27,0.6,475,true,completed
CV_h5s3n29.txt,BBLCT,3,5,9,9,900.0,0,0.0,5,55.6,7,842.64,1.5,1903,true,completed
CV_h5s3n3.txt,BBLCT,3,5,9,9,900.0,0,0.0,9,100.0,8,895.22,0.1,34,true,completed
CV_h5s3n30.txt,BBLCT,3,5,9,9,900.0,0,0.0,5,55.6,4,440.44,0.5,344,true,completed
CV_h5s3n31.txt,BBLCT,3,5,9,9,900.0,0,0.0,9,100.0,8,880.83,1.2,1230,true,completed
CV_h5s3n32.txt,BBLCT,3,5,9,9,900.0,1,11.1,9,100.0,8,872.67,0.2,95,true,completed
CV_h5s3n33.txt,BBLCT,3,5,9,9,900.0,1,11.1,9,100.0,7,796.84,5.2,4883,true,completed
CV_h5s3n34.txt,BBLCT,3,5,9,9,900.0,0,0.0,3,33.3,7,798.65,0.5,411,true,completed
CV_h5s3n35.txt,BBLCT,3,5,9,9,900.0,0,0.0,5,55.6,4,473.87,0.5,402,true,completed
CV_h5s3n36.txt,BBLCT,3,5,9,9,900.0,0,0.0,3,33.3,8,884.50,0.4,353,true,completed
CV_h5s3n37.txt,BBLCT,3,5,9,9,900.0,0,0.0,5,55.6,8,874.57,1.5,1787,true,completed
CV_h5s3n38.txt,BBLCT,3,5,9,9,900.0,0,0.0,6,66.7,8,864.43,0.5,366,true,completed
CV_h5s3n39.txt,BBLCT,3,5,9,9,900.0,9,100.0,9,100.0,0,0.00,0.1,1,true,completed
CV_h5s3n4.txt,BBLCT,3,5,9,9,900.0,1,11.1,9,100.0,8,879.66,1.5,1490,true,completed
CV_h5s3n40.txt,BBLCT,3,5,9,9,900.0,1,11.1,5,55.6,8,897.35,1.2,1131,true,completed
CV_h5s3n5.txt,BBLCT,3,5,9,9,900.0,4,44.4,9,100.0,8,852.91,0.3,126,true,completed
CV_h5s3n6.txt,BBLCT,3,5,9,9,900.0,0,0.0,7,77.8,7,841.31,0.9,949,true,completed
CV_h5s3n7.txt,BBLCT,3,5,9,9,900.0,0,0.0,9,100.0,8,886.31,1.3,1309,true,completed
CV_h5s3n8.txt,BBLCT,3,5,9,9,900.0,1,11.1,9,100.0,8,888.85,0.3,197,true,completed
CV_h5s3n9.txt,BBLCT,3,5,9,9,900.0,0,0.0,3,33.3,8,898.77,0.4,333,true,completed
CV_h5s4n1.txt,BBLCT,4,5,12,12,900.0,2,16.7,6,50.0,5,579.17,10.6,3909,true,completed
CV_h5s4n10.txt,BBLCT,4,5,12,12,900.0,0,0.0,3,25.0,4,439.95,4.1,2614,true,completed
CV_h5s4n11.txt,BBLCT,4,5,12,12,900.0,1,8.3,5,41.7,8,884.31,1.0,396,true,completed
CV_h5s4n12.txt,BBLCT,4,5,12,12,900.0,1,8.3,10,83.3,8,892.29,42.1,15924,true,completed
CV_h5s4n13.txt,BBLCT,4,5,12,12,900.0,1,8.3,12,100.0,8,864.14,0.9,271,true,completed
CV_h5s4n14.txt,BBLCT,4,5,12,12,900.0,0,0.0,5,41.7,8,892.16,8.5,4311,true,completed
CV_h5s4n15.txt,BBLCT,4,5,12,12,900.0,0,0.0,8,66.7,5,586.56,0.9,248,true,completed
CV_h5s4n16.txt,BBLCT,4,5,12,12,900.0,0,0.0,3,25.0,4,447.82,4.7,2655,true,completed
CV_h5s4n17.txt,BBLCT,4,5,12,12,900.0,0,0.0,12,100.0,8,891.77,154.7,59843,true,completed
CV_h5s4n18.txt,BBLCT,4,5,12,12,900.0,0,0.0,6,50.0,8,893.33,23.5,11640,true,completed
CV_h5s4n19.txt,BBLCT,4,5,12,12,900.0,0,0.0,7,58.3,7,837.51,10.8,5099,true,completed
CV_h5s4n2.txt,BBLCT,4,5,12,12,900.0,0,0.0,12,100.0,8,897.69,50.5,15462,true,completed
CV_h5s4n20.txt,BBLCT,4,5,12,12,900.0,0,0.0,9,75.0,8,897.21,37.1,15776,true,completed
CV_h5s4n21.txt,BBLCT,4,5,12,12,900.0,1,8.3,6,50.0,7,864.51,59.3,22952,true,completed
CV_h5s4n22.txt,BBLCT,4,5,12,12,900.0,0,0.0,6,50.0,5,561.87,1.7,699,true,completed
CV_h5s4n23.txt,BBLCT,4,5,12,12,900.0,3,25.0,12,100.0,8,897.35,0.4,111,true,completed
CV_h5s4n24.txt,BBLCT,4,5,12,12,900.0,0,0.0,5,41.7,8,892.22,73.0,30963,true,completed
CV_h5s4n25.txt,BBLCT,4,5,12,12,900.0,0,0.0,6,50.0,8,874.69,1.4,605,true,completed
CV_h5s4n26.txt,BBLCT,4,5,12,12,900.0,1,8.3,12,100.0,8,896.30,89.4,35495,true,completed
CV_h5s4n27.txt,BBLCT,4,5,12,12,900.0,4,33.3,12,100.0,5,547.71,0.2,64,true,completed
CV_h5s4n28.txt,BBLCT,4,5,12,12,900.0,0,0.0,4,33.3,7,840.35,5.7,3191,true,completed
CV_h5s4n29.txt,BBLCT,4,5,12,12,900.0,0,0.0,4,33.3,5,595.65,4.7,2508,true,completed
CV_h5s4n3.txt,BBLCT,4,5,12,12,900.0,1,8.3,6,50.0,8,898.53,7.1,2969,true,completed
CV_h5s4n30.txt,BBLCT,4,5,12,12,900.0,0,0.0,6,50.0,7,828.57,20.3,9808,true,completed
CV_h5s4n31.txt,BBLCT,4,5,12,12,900.0,0,0.0,12,100.0,8,898.08,40.1,14466,true,completed
CV_h5s4n32.txt,BBLCT,4,5,12,12,900.0,0,0.0,2,16.7,4,456.62,4.2,2554,true,completed
CV_h5s4n33.txt,BBLCT,4,5,12,12,900.0,0,0.0,4,33.3,7,814.14,0.6,193,true,completed
CV_h5s4n34.txt,BBLCT,4,5,12,12,900.0,0,0.0,6,50.0,8,867.97,1.6,592,true,completed
CV_h5s4n35.txt,BBLCT,4,5,12,12,900.0,1,8.3,8,66.7,4,462.25,6.1,2609,true,completed
CV_h5s4n36.txt,BBLCT,4,5,12,12,900.0,0,0.0,4,33.3,8,898.04,2.0,938,true,completed
CV_h5s4n37.txt,BBLCT,4,5,12,12,900.0,3,25.0,7,58.3,5,590.02,5.7,1907,true,completed
CV_h5s4n38.txt,BBLCT,4,5,12,12,900.0,2,16.7,12,100.0,8,894.28,50.9,16837,true,completed
CV_h5s4n39.txt,BBLCT,4,5,12,12,900.0,0,0.0,12,100.0,8,899.38,7.3,3249,true,completed
CV_h5s4n4.txt,BBLCT,4,5,12,12,900.0,0,0.0,12,100.0,8,885.07,5.2,2091,true,completed
CV_h5s4n40.txt,BBLCT,4,5,12,12,900.0,0,0.0,12,100.0,8,896.01,0.2,80,true,completed
CV_h5s4n5.txt,BBLCT,4,5,12,12,900.0,1,8.3,7,58.3,7,823.52,43.4,19454,true,completed
CV_h5s4n6.txt,BBLCT,4,5,12,12,900.0,0,0.0,5,41.7,8,898.92,0.6,300,true,completed
CV_h5s4n7.txt,BBLCT,4,5,12,12,900.0,0,0.0,3,25.0,8,873.57,0.8,281,true,completed
CV_h5s4n8.txt,BBLCT,4,5,12,12,900.0,2,16.7,8,66.7,8,865.67,2.5,808,true,completed
CV_h5s4n9.txt,BBLCT,4,5,12,12,900.0,0,0.0,12,100.0,7,840.11,5.0,2148,true,completed
CV_h5s5n1.txt,BBLCT,5,5,15,15,900.0,1,6.7,8,53.3,8,896.30,106.4,19169,true,completed
CV_h5s5n10.txt,BBLCT,5,5,15,15,900.0,3,20.0,13,86.7,8,878.03,11.6,1908,true,completed
CV_h5s5n11.txt,BBLCT,5,5,15,15,900.0,0,0.0,4,26.7,7,881.22,65.0,22956,true,completed
CV_h5s5n12.txt,BBLCT,5,5,15,15,900.0,0,0.0,8,53.3,8,899.06,24.6,6059,true,completed
CV_h5s5n13.txt,BBLCT,5,5,15,15,900.0,0,0.0,5,33.3,7,835.84,2.8,678,true,completed
CV_h5s5n14.txt,BBLCT,5,5,15,15,900.0,0,0.0,15,100.0,7,853.98,2658.5,504965,true,completed
CV_h5s5n15.txt,BBLCT,5,5,15,15,900.0,0,0.0,7,46.7,4,437.10,105.5,20846,true,completed
CV_h5s5n16.txt,BBLCT,5,5,15,15,900.0,0,0.0,6,40.0,7,808.12,23.4,5460,true,completed
CV_h5s5n17.txt,BBLCT,5,5,15,15,900.0,0,0.0,11,73.3,5,584.22,104.8,23898,true,completed
CV_h5s5n18.txt,BBLCT,5,5,15,15,900.0,1,6.7,13,86.7,7,852.48,114.9,18913,true,completed
CV_h5s5n19.txt,BBLCT,5,5,15,15,900.0,1,6.7,8,53.3,7,843.35,2.1,364,true,completed
CV_h5s5n2.txt,BBLCT,5,5,15,15,900.0,0,0.0,5,33.3,8,873.97,3.9,988,true,completed
CV_h5s5n20.txt,BBLCT,5,5,15,15,900.0,0,0.0,8,53.3,5,592.04,5.3,1177,true,completed
CV_h5s5n21.txt,BBLCT,5,5,15,15,900.0,0,0.0,7,46.7,6,682.48,11.4,2739,true,completed
CV_h5s5n22.txt,BBLCT,5,5,15,15,900.0,1,6.7,5,33.3,8,875.28,12.6,2817,true,completed
CV_h5s5n23.txt,BBLCT,5,5,15,15,900.0,1,6.7,6,40.0,8,891.67,22.8,4468,true,completed
CV_h5s5n24.txt,BBLCT,5,5,15,15,900.0,0,0.0,4,26.7,8,881.91,2.8,718,true,completed
CV_h5s5n25.txt,BBLCT,5,5,15,15,900.0,2,13.3,11,73.3,4,451.98,118.7,22296,true,completed
CV_h5s5n26.txt,BBLCT,5,5,15,15,900.0,0,0.0,7,46.7,7,868.35,53.0,12810,true,completed
CV_h5s5n27.txt,BBLCT,5,5,15,15,900.0,0,0.0,11,73.3,8,895.14,2.9,695,true,completed
CV_h5s5n28.txt,BBLCT,5,5,15,15,900.0,0,0.0,9,60.0,8,868.14,35.3,6284,true,completed
CV_h5s5n29.txt,BBLCT,5,5,15,15,900.0,0,0.0,8,53.3,8,895.73,36.7,8360,true,completed
CV_h5s5n3.txt,BBLCT,5,5,15,15,900.0,0,0.0,6,40.0,8,866.61,7.5,1633,true,completed
CV_h5s5n30.txt,BBLCT,5,5,15,15,900.0,0,0.0,15,100.0,8,897.29,105.9,21973,true,completed
CV_h5s5n31.txt,BBLCT,5,5,15,15,900.0,1,6.7,6,40.0,8,887.65,33.0,6835,true,completed
CV_h5s5n32.txt,BBLCT,5,5,15,15,900.0,0,0.0,5,33.3,5,593.94,10.8,2772,true,completed
CV_h5s5n33.txt,BBLCT,5,5,15,15,900.0,1,6.7,10,66.7,4,456.01,7.6,1377,true,completed
CV_h5s5n34.txt,BBLCT,5,5,15,15,900.0,0,0.0,6,40.0,6,706.29,84.7,20898,true,completed
CV_h5s5n35.txt,BBLCT,5,5,15,15,900.0,1,6.7,10,66.7,8,882.61,42.8,6744,true,completed
CV_h5s5n36.txt,BBLCT,5,5,15,15,900.0,1,6.7,9,60.0,8,885.21,15.8,3070,true,completed
CV_h5s5n37.txt,BBLCT,5,5,15,15,900.0,0,0.0,4,26.7,7,880.48,48.4,19028,true,completed
CV_h5s5n38.txt,BBLCT,5,5,15,15,900.0,0,0.0,15,100.0,8,889.17,1.5,304,true,completed
CV_h5s5n39.txt,BBLCT,5,5,15,15,900.0,0,0.0,9,60.0,8,898.48,81.3,14098,true,completed
CV_h5s5n4.txt,BBLCT,5,5,15,15,900.0,0,0.0,15,100.0,8,888.83,13.2,2946,true,completed
CV_h5s5n40.txt,BBLCT,5,5,15,15,900.0,2,13.3,9,60.0,8,873.12,43.1,6672,true,completed
CV_h5s5n5.txt,BBLCT,5,5,15,15,900.0,0,0.0,5,33.3,7,895.71,34.4,9617,true,completed
CV_h5s5n6.txt,BBLCT,5,5,15,15,900.0,0,0.0,7,46.7,7,883.50,57.6,14087,true,completed
CV_h5s5n7.txt,BBLCT,5,5,15,15,900.0,0,0.0,15,100.0,8,897.91,53.0,11711,true,completed
CV_h5s5n8.txt,BBLCT,5,5,15,15,900.0,0,0.0,7,46.7,7,860.52,146.0,47156,true,completed
CV_h5s5n9.txt,BBLCT,5,5,15,15,900.0,0,0.0,6,40.0,7,854.33,128.9,33027,true,completed
CV_h5s6n1.txt,BBLCT,6,5,18,18,900.0,0,0.0,4,22.2,6,686.71,9.6,1514,true,completed
CV_h5s6n10.txt,BBLCT,6,5,18,18,900.0,1,5.6,12,66.7,8,893.35,978.3,110725,true,completed
CV_h5s6n11.txt,BBLCT,6,5,18,18,900.0,3,16.7,18,100.0,8,871.18,1.9,311,true,completed
CV_h5s6n12.txt,BBLCT,6,5,18,18,900.0,0,0.0,6,33.3,8,884.74,4.0,705,true,completed
CV_h5s6n13.txt,BBLCT,6,5,18,18,900.0,0,0.0,12,66.7,8,899.56,11.3,1924,true,completed
CV_h5s6n14.txt,BBLCT,6,5,18,18,900.0,0,0.0,8,44.4,7,883.91,687.7,114679,true,completed
CV_h5s6n15.txt,BBLCT,6,5,18,18,900.0,0,0.0,6,33.3,8,893.19,16.5,2437,true,completed
CV_h5s6n16.txt,BBLCT,6,5,18,18,900.0,0,0.0,4,22.2,5,559.03,403.2,70903,true,completed
CV_h5s6n17.txt,BBLCT,6,5,18,18,900.0,0,0.0,7,38.9,7,898.65,266.5,51037,true,completed
CV_h5s6n18.txt,BBLCT,6,5,18,18,900.0,2,11.1,16,88.9,8,880.42,391.2,32655,true,completed
CV_h5s6n19.txt,BBLCT,6,5,18,18,900.0,0,0.0,5,27.8,8,893.77,164.8,32345,true,completed
CV_h5s6n2.txt,BBLCT,6,5,18,18,900.0,0,0.0,15,83.3,7,806.11,81.0,12812,true,completed
CV_h5s6n20.txt,BBLCT,6,5,18,18,900.0,0,0.0,10,55.6,8,894.82,3.4,431,true,completed
CV_h5s6n21.txt,BBLCT,6,5,18,18,900.0,1,5.6,6,33.3,8,880.79,13.5,1719,true,completed
CV_h5s6n22.txt,BBLCT,6,5,18,18,900.0,0,0.0,3,16.7,5,552.70,258.7,53504,true,completed
CV_h5s6n23.txt,BBLCT,6,5,18,18,900.0,0,0.0,7,38.9,7,892.10,12.3,1896,true,completed
CV_h5s6n24.txt,BBLCT,6,5,18,18,900.0,0,0.0,6,33.3,7,880.25,1.9,278,true,completed
CV_h5s6n25.txt,BBLCT,6,5,18,18,900.0,1,5.6,13,72.2,7,879.83,4.1,455,true,completed
CV_h5s6n26.txt,BBLCT,6,5,18,18,900.0,0,0.0,3,16.7,5,550.13,272.8,52931,true,completed
CV_h5s6n27.txt,BBLCT,6,5,18,18,900.0,1,5.6,5,27.8,8,890.86,11.1,1794,true,completed
CV_h5s6n28.txt,BBLCT,6,5,18,18,900.0,2,11.1,13,72.2,8,853.91,123.2,10670,true,completed
CV_h5s6n29.txt,BBLCT,6,5,18,18,900.0,0,0.0,7,38.9,8,899.55,433.8,63531,true,completed
CV_h5s6n3.txt,BBLCT,6,5,18,18,900.0,0,0.0,6,33.3,7,837.61,50.1,5925,true,completed
CV_h5s6n30.txt,BBLCT,6,5,18,18,900.0,4,22.2,9,50.0,7,838.42,251.2,24747,true,completed
CV_h5s6n31.txt,BBLCT,6,5,18,18,900.0,0,0.0,7,38.9,8,871.96,44.3,4515,true,completed
CV_h5s6n32.txt,BBLCT,6,5,18,18,900.0,0,0.0,7,38.9,5,594.13,229.5,28576,true,completed
CV_h5s6n33.txt,BBLCT,6,5,18,18,900.0,1,5.6,5,27.8,6,692.27,620.5,92632,true,completed
CV_h5s6n34.txt,BBLCT,6,5,18,18,900.0,0,0.0,14,77.8,8,883.94,107.2,13704,true,completed
CV_h5s6n35.txt,BBLCT,6,5,18,18,900.0,1,5.6,18,100.0,7,881.60,137.8,12507,true,completed
CV_h5s6n36.txt,BBLCT,6,5,18,18,900.0,2,11.1,6,33.3,8,898.14,1322.1,147815,true,completed
CV_h5s6n37.txt,BBLCT,6,5,18,18,900.0,0,0.0,5,27.8,7,852.42,165.4,33063,true,completed
CV_h5s6n38.txt,BBLCT,6,5,18,18,900.0,0,0.0,10,55.6,8,894.78,7.2,1177,true,completed
CV_h5s6n39.txt,BBLCT,6,5,18,18,900.0,0,0.0,7,38.9,7,872.56,320.1,59613,true,completed
CV_h5s6n4.txt,BBLCT,6,5,18,18,900.0,0,0.0,8,44.4,8,887.97,14.1,1888,true,completed
CV_h5s6n40.txt,BBLCT,6,5,18,18,900.0,1,5.6,7,38.9,5,569.16,84.1,8462,true,completed
CV_h5s6n5.txt,BBLCT,6,5,18,18,900.0,0,0.0,18,100.0,8,897.74,2.5,254,true,completed
CV_h5s6n6.txt,BBLCT,6,5,18,18,900.0,0,0.0,7,38.9,8,893.32,257.9,48661,true,completed
CV_h5s6n7.txt,BBLCT,6,5,18,18,900.0,0,0.0,7,38.9,8,891.84,4.7,809,true,completed
CV_h5s6n8.txt,BBLCT,6,5,18,18,900.0,1,5.6,5,27.8,8,888.58,11.0,1266,true,completed
CV_h5s6n9.txt,BBLCT,6,5,18,18,900.0,0,0.0,5,27.8,8,886.66,9.1,1226,true,completed
CV_h5s7n1.txt,BBLCT,7,5,21,21,900.0,0,0.0,17,81.0,8,893.93,15.3,1220,true,completed
CV_h5s7n10.txt,BBLCT,7,5,21,21,900.0,0,0.0,16,76.2,8,891.84,19.3,1209,true,completed
CV_h5s7n11.txt,BBLCT,7,5,21,21,900.0,0,0.0,9,42.9,8,890.00,5.1,714,true,completed
CV_h5s7n12.txt,BBLCT,7,5,21,21,900.0,1,4.8,11,52.4,8,879.46,98.3,6788,true,completed
CV_h5s7n13.txt,BBLCT,7,5,21,21,900.0,0,0.0,9,42.9,8,893.87,287.0,35619,true,completed
CV_h5s7n14.txt,BBLCT,7,5,21,21,900.0,0,0.0,16,76.2,8,899.73,177.6,18329,true,completed
CV_h5s7n15.txt,BBLCT,7,5,21,21,900.0,0,0.0,14,66.7,8,887.03,12.1,991,true,completed
CV_h5s7n16.txt,BBLCT,7,5,21,21,900.0,3,14.3,6,28.6,6,692.19,3245.6,235018,true,completed
CV_h5s7n17.txt,BBLCT,7,5,21,21,900.0,1,4.8,11,52.4,8,891.96,3.8,302,true,completed
CV_h5s7n18.txt,BBLCT,7,5,21,21,900.0,5,23.8,11,52.4,8,897.09,152.0,7351,true,completed
CV_h5s7n19.txt,BBLCT,7,5,21,21,900.0,0,0.0,5,23.8,8,885.85,1569.5,176690,true,completed
CV_h5s7n2.txt,BBLCT,7,5,21,21,900.0,0,0.0,8,38.1,8,892.72,43.5,3847,true,completed
CV_h5s7n20.txt,BBLCT,7,5,21,21,900.0,0,0.0,15,71.4,8,874.89,33.2,2436,true,completed
CV_h5s7n21.txt,BBLCT,7,5,21,21,900.0,0,0.0,6,28.6,6,670.80,3468.1,279758,true,completed
CV_h5s7n22.txt,BBLCT,7,5,21,21,900.0,0,0.0,6,28.6,5,588.45,1772.2,172830,true,completed
CV_h5s7n23.txt,BBLCT,7,5,21,21,900.0,0,0.0,10,47.6,8,880.28,14.8,1260,true,completed
CV_h5s7n24.txt,BBLCT,7,5,21,21,900.0,1,4.8,11,52.4,7,861.61,1224.8,84055,true,completed
CV_h5s7n25.txt,BBLCT,7,5,21,21,900.0,1,4.8,9,42.9,8,899.37,19.3,1530,true,completed
CV_h5s7n26.txt,BBLCT,7,5,21,21,900.0,0,0.0,6,28.6,5,566.71,258.0,20743,true,completed
CV_h5s7n27.txt,BBLCT,7,5,21,21,900.0,0,0.0,5,23.8,5,559.35,726.3,82261,true,completed
CV_h5s7n28.txt,BBLCT,7,5,21,21,900.0,2,9.5,10,47.6,7,861.00,75.5,4330,true,completed
CV_h5s7n29.txt,BBLCT,7,5,21,21,900.0,1,4.8,5,23.8,8,896.32,10.5,976,true,completed
CV_h5s7n3.txt,BBLCT,7,5,21,21,900.0,3,14.3,8,38.1,7,877.35,40.4,2009,true,completed
CV_h5s7n30.txt,BBLCT,7,5,21,21,900.0,2,9.5,7,33.3,6,684.74,76.9,4331,true,completed
CV_h5s7n31.txt,BBLCT,7,5,21,21,900.0,0,0.0,9,42.9,7,832.59,189.3,19097,true,completed
CV_h5s7n32.txt,BBLCT,7,5,21,21,900.0,1,4.8,6,28.6,6,678.51,49.3,3855,true,completed
CV_h5s7n33.txt,BBLCT,7,5,21,21,900.0,0,0.0,5,23.8,8,886.27,60.3,5758,true,completed
CV_h5s7n34.txt,BBLCT,7,5,21,21,900.0,0,0.0,9,42.9,7,847.43,170.8,14903,true,completed
CV_h5s7n35.txt,BBLCT,7,5,21,21,900.0,0,0.0,5,23.8,8,888.01,41.0,3959,true,completed
CV_h5s7n36.txt,BBLCT,7,5,21,21,900.0,0,0.0,8,38.1,8,897.85,620.8,48242,true,completed
CV_h5s7n37.txt,BBLCT,7,5,21,21,900.0,0,0.0,15,71.4,7,867.19,80.6,6879,true,completed
CV_h5s7n38.txt,BBLCT,7,5,21,21,900.0,1,4.8,4,19.0,8,870.26,20.7,1912,true,completed
CV_h5s7n39.txt,BBLCT,7,5,21,21,900.0,0,0.0,13,61.9,8,892.83,65.1,4900,true,completed
CV_h5s7n4.txt,BBLCT,7,5,21,21,900.0,0,0.0,11,52.4,8,893.56,11.9,1132,true,completed
CV_h5s7n40.txt,BBLCT,7,5,21,21,900.0,0,0.0,9,42.9,7,839.48,5.4,469,true,completed
CV_h5s7n5.txt,BBLCT,7,5,21,21,900.0,0,0.0,4,19.0,5,537.24,1410.2,146734,true,completed
CV_h5s7n6.txt,BBLCT,7,5,21,21,900.0,1,4.8,12,57.1,8,899.81,2771.0,269528,true,completed
CV_h5s7n7.txt,BBLCT,7,5,21,21,900.0,0,0.0,4,19.0,5,552.76,757.7,83649,true,completed
CV_h5s7n8.txt,BBLCT,7,5,21,21,900.0,0,0.0,10,47.6,5,565.68,154.6,12539,true,completed
CV_h5s7n9.txt,BBLCT,7,5,21,21,900.0,0,0.0,5,23.8,6,680.82,41.2,3558,true,completed
CV_h5s8n1.txt,BBLCT,8,5,24,24,900.0,0,0.0,8,33.3,8,898.37,204.3,12710,true,completed
CV_h5s8n10.txt,BBLCT,8,5,24,24,900.0,0,0.0,7,29.2,6,686.62,7334.7,476327,true,completed
CV_h5s8n11.txt,BBLCT,8,5,24,24,900.0,1,4.2,13,54.2,8,894.39,2094.4,124524,true,completed
CV_h5s8n12.txt,BBLCT,8,5,24,24,900.0,0,0.0,8,33.3,8,896.06,33.0,2161,true,completed
CV_h5s8n13.txt,BBLCT,8,5,24,24,900.0,0,0.0,10,41.7,8,899.50,33.7,1855,true,completed
CV_h5s8n14.txt,BBLCT,8,5,24,24,900.0,0,0.0,6,25.0,6,677.77,181.3,9770,true,completed
CV_h5s8n15.txt,BBLCT,8,5,24,24,900.0,0,0.0,10,41.7,7,803.77,5577.3,296009,true,completed
CV_h5s8n16.txt,BBLCT,8,5,24,24,900.0,1,4.2,13,54.2,8,898.94,64.7,2471,true,completed
CV_h5s8n17.txt,BBLCT,8,5,24,24,900.0,1,4.2,14,58.3,8,895.31,161.2,6896,true,completed
CV_h5s8n18.txt,BBLCT,8,5,24,24,900.0,0,0.0,9,37.5,7,893.16,172.4,10438,true,completed
CV_h5s8n19.txt,BBLCT,8,5,24,24,900.0,0,0.0,9,37.5,6,663.14,17744.8,1223373,true,completed
CV_h5s8n2.txt,BBLCT,8,5,24,24,900.0,0,0.0,9,37.5,8,894.34,123.1,6795,true,completed
CV_h5s8n20.txt,BBLCT,8,5,24,24,900.0,0,0.0,8,33.3,7,881.55,1237.6,88795,true,completed
CV_h5s8n21.txt,BBLCT,8,5,24,24,900.0,0,0.0,11,45.8,8,898.00,114.3,5179,true,completed
CV_h5s8n22.txt,BBLCT,8,5,24,24,900.0,0,0.0,8,33.3,7,831.63,1369.1,108244,true,completed
CV_h5s8n23.txt,BBLCT,8,5,24,24,900.0,0,0.0,9,37.5,5,569.11,813.8,40122,true,completed
CV_h5s8n24.txt,BBLCT,8,5,24,24,900.0,0,0.0,16,66.7,8,898.40,89.3,4914,true,completed
CV_h5s8n25.txt,BBLCT,8,5,24,24,900.0,1,4.2,11,45.8,8,897.67,42.9,1342,true,completed
CV_h5s8n26.txt,BBLCT,8,5,24,24,900.0,0,0.0,4,16.7,6,681.03,1693.3,132913,true,completed
CV_h5s8n27.txt,BBLCT,8,5,24,24,900.0,0,0.0,9,37.5,7,851.22,5187.3,314202,true,completed
CV_h5s8n28.txt,BBLCT,8,5,24,24,900.0,0,0.0,10,41.7,5,556.54,386.6,20372,true,completed
CV_h5s8n29.txt,BBLCT,8,5,24,24,900.0,0,0.0,6,25.0,8,876.67,68.8,4614,true,completed
CV_h5s8n3.txt,BBLCT,8,5,24,24,900.0,0,0.0,10,41.7,8,896.12,90.9,3806,true,completed
CV_h5s8n30.txt,BBLCT,8,5,24,24,900.0,0,0.0,8,33.3,7,842.76,265.4,15274,true,completed
CV_h5s8n31.txt,BBLCT,8,5,24,24,900.0,0,0.0,4,16.7,5,585.72,28977.5,2782452,true,completed
CV_h5s8n32.txt,BBLCT,8,5,24,24,900.0,0,0.0,4,16.7,6,658.41,2335.9,197436,true,completed
CV_h5s8n33.txt,BBLCT,8,5,24,24,900.0,0,0.0,6,25.0,8,864.08,65.2,4152,true,completed
CV_h5s8n34.txt,BBLCT,8,5,24,24,900.0,0,0.0,4,16.7,6,701.33,64406.4,5334508,true,completed
CV_h5s8n35.txt,BBLCT,8,5,24,24,900.0,0,0.0,7,29.2,8,888.24,185.7,11287,true,completed
CV_h5s8n36.txt,BBLCT,8,5,24,24,900.0,0,0.0,5,20.8,6,681.58,1361.8,100594,true,completed
CV_h5s8n37.txt,BBLCT,8,5,24,24,900.0,0,0.0,13,54.2,5,549.51,347.0,22087,true,completed
CV_h5s8n38.txt,BBLCT,8,5,24,24,900.0,0,0.0,7,29.2,5,538.71,8427.9,478454,true,completed
CV_h5s8n39.txt,BBLCT,8,5,24,24,900.0,0,0.0,6,25.0,6,680.22,3319.1,211277,true,completed
CV_h5s8n4.txt,BBLCT,8,5,24,24,900.0,1,4.2,8,33.3,8,865.76,145.6,6784,true,completed
CV_h5s8n40.txt,BBLCT,8,5,24,24,900.0,1,4.2,8,33.3,8,890.64,1071.9,58430,true,completed
CV_h5s8n5.txt,BBLCT,8,5,24,24,900.0,0,0.0,8,33.3,8,895.26,1178.5,60006,true,completed
CV_h5s8n6.txt,BBLCT,8,5,24,24,900.0,0,0.0,7,29.2,7,791.10,5206.0,306375,true,completed
CV_h5s8n7.txt,BBLCT,8,5,24,24,900.0,0,0.0,6,25.0,8,887.13,1307.6,75666,true,completed
CV_h5s8n8.txt,BBLCT,8,5,24,24,900.0,2,8.3,8,33.3,8,898.46,189.2,8695,true,completed
CV_h5s8n9.txt,BBLCT,8,5,24,24,900.0,0,0.0,7,29.2,6,659.02,1885.3,113170,true,completed
CV_h6s4n1.txt,BBLCT,4,6,16,16,900.0,0,0.0,4,25.0,6,693.97,0.6,173,true,completed
CV_h6s4n10.txt,BBLCT,4,6,16,16,900.0,0,0.0,6,37.5,8,898.35,37.0,14769,true,completed
CV_h6s4n11.txt,BBLCT,4,6,16,16,900.0,0,0.0,3,18.8,7,838.66,0.5,174,true,completed
CV_h6s4n12.txt,BBLCT,4,6,16,16,900.0,3,18.8,5,31.2,8,880.37,1.0,361,true,completed
CV_h6s4n13.txt,BBLCT,4,6,16,16,900.0,0,0.0,6,37.5,7,890.00,8.7,3308,true,completed
CV_h6s4n14.txt,BBLCT,4,6,16,16,900.0,0,0.0,2,12.5,4,461.57,3.5,1890,true,completed
CV_h6s4n15.txt,BBLCT,4,6,16,16,900.0,1,6.2,10,62.5,8,872.65,1.3,374,true,completed
CV_h6s4n16.txt,BBLCT,4,6,16,16,900.0,0,0.0,2,12.5,4,454.06,10.7,7891,true,completed
CV_h6s4n17.txt,BBLCT,4,6,16,16,900.0,0,0.0,4,25.0,7,827.75,0.6,267,true,completed
CV_h6s4n18.txt,BBLCT,4,6,16,16,900.0,0,0.0,1,6.2,3,355.79,10.0,8834,true,completed
CV_h6s4n19.txt,BBLCT,4,6,16,16,900.0,0,0.0,3,18.8,5,600.94,0.8,304,true,completed
CV_h6s4n2.txt,BBLCT,4,6,16,16,900.0,0,0.0,9,56.2,8,872.65,0.5,144,true,completed
CV_h6s4n20.txt,BBLCT,4,6,16,16,900.0,0,0.0,6,37.5,3,344.56,4.4,1670,true,completed
CV_h6s4n21.txt,BBLCT,4,6,16,16,900.0,0,0.0,2,12.5,3,357.12,1.8,1081,true,completed
CV_h6s4n22.txt,BBLCT,4,6,16,16,900.0,0,0.0,5,31.2,8,894.93,4.2,2249,true,completed
CV_h6s4n23.txt,BBLCT,4,6,16,16,900.0,0,0.0,6,37.5,8,876.52,1.8,853,true,completed
CV_h6s4n24.txt,BBLCT,4,6,16,16,900.0,0,0.0,6,37.5,8,895.73,10.4,5072,true,completed
CV_h6s4n25.txt,BBLCT,4,6,16,16,900.0,1,6.2,5,31.2,8,875.54,1.6,522,true,completed
CV_h6s4n26.txt,BBLCT,4,6,16,16,900.0,0,0.0,5,31.2,4,470.97,0.6,186,true,completed
CV_h6s4n27.txt,BBLCT,4,6,16,16,900.0,0,0.0,5,31.2,7,843.63,2.1,864,true,completed
CV_h6s4n28.txt,BBLCT,4,6,16,16,900.0,0,0.0,3,18.8,4,450.42,10.1,4779,true,completed
CV_h6s4n29.txt,BBLCT,4,6,16,16,900.0,0,0.0,6,37.5,8,894.13,1.3,591,true,completed
CV_h6s4n3.txt,BBLCT,4,6,16,16,900.0,2,12.5,5,31.2,7,883.64,9.2,3515,true,completed
CV_h6s4n30.txt,BBLCT,4,6,16,16,900.0,0,0.0,4,25.0,8,892.22,1.3,569,true,completed
CV_h6s4n31.txt,BBLCT,4,6,16,16,900.0,1,6.2,4,25.0,8,884.18,0.8,241,true,completed
CV_h6s4n32.txt,BBLCT,4,6,16,16,900.0,2,12.5,4,25.0,7,862.51,0.5,132,true,completed
CV_h6s4n33.txt,BBLCT,4,6,16,16,900.0,0,0.0,4,25.0,7,886.04,12.9,7191,true,completed
CV_h6s4n34.txt,BBLCT,4,6,16,16,900.0,1,6.2,4,25.0,7,866.82,4.6,2122,true,completed
CV_h6s4n35.txt,BBLCT,4,6,16,16,900.0,0,0.0,1,6.2,3,354.48,10.8,9051,true,completed
CV_h6s4n36.txt,BBLCT,4,6,16,16,900.0,0,0.0,4,25.0,7,854.17,3.5,1948,true,completed
CV_h6s4n37.txt,BBLCT,4,6,16,16,900.0,1,6.2,7,43.8,8,897.89,1.0,267,true,completed
CV_h6s4n38.txt,BBLCT,4,6,16,16,900.0,0,0.0,3,18.8,8,872.91,0.4,129,true,completed
CV_h6s4n39.txt,BBLCT,4,6,16,16,900.0,1,6.2,3,18.8,8,887.42,1.8,1042,true,completed
CV_h6s4n4.txt,BBLCT,4,6,16,16,900.0,1,6.2,9,56.2,8,875.27,13.5,6046,true,completed
CV_h6s4n40.txt,BBLCT,4,6,16,16,900.0,0,0.0,2,12.5,3,329.02,3.1,1886,true,completed
CV_h6s4n5.txt,BBLCT,4,6,16,16,900.0,0,0.0,8,50.0,8,897.53,5.6,3562,true,completed
CV_h6s4n6.txt,BBLCT,4,6,16,16,900.0,1,6.2,11,68.8,8,852.75,353.0,102204,true,completed
CV_h6s4n7.txt,BBLCT,4,6,16,16,900.0,0,0.0,4,25.0,7,870.58,3.0,1578,true,completed
CV_h6s4n8.txt,BBLCT,4,6,16,16,900.0,1,6.2,3,18.8,3,366.25,2.0,978,true,completed
CV_h6s4n9.txt,BBLCT,4,6,16,16,900.0,0,0.0,16,100.0,7,868.75,41.1,17713,true,completed
CV_h6s5n1.txt,BBLCT,5,6,20,20,900.0,0,0.0,4,20.0,8,885.83,3.9,770,true,completed
CV_h6s5n10.txt,BBLCT,5,6,20,20,900.0,0,0.0,6,30.0,8,880.09,5.9,1372,true,completed
CV_h6s5n11.txt,BBLCT,5,6,20,20,900.0,1,5.0,10,50.0,7,812.78,6.2,1194,true,completed
CV_h6s5n12.txt,BBLCT,5,6,20,20,900.0,0,0.0,6,30.0,7,880.94,11.4,2843,true,completed
CV_h6s5n13.txt,BBLCT,5,6,20,20,900.0,1,5.0,9,45.0,7,877.96,6.7,1321,true,completed
CV_h6s5n14.txt,BBLCT,5,6,20,20,900.0,0,0.0,5,25.0,7,829.71,3.7,1105,true,completed
CV_h6s5n15.txt,BBLCT,5,6,20,20,900.0,0,0.0,5,25.0,8,890.04,0.5,90,true,completed
CV_h6s5n16.txt,BBLCT,5,6,20,20,900.0,0,0.0,4,20.0,7,888.49,52.4,18712,true,completed
CV_h6s5n17.txt,BBLCT,5,6,20,20,900.0,1,5.0,4,20.0,8,882.51,0.7,133,true,completed
CV_h6s5n18.txt,BBLCT,5,6,20,20,900.0,0,0.0,5,25.0,7,845.92,4.4,1205,true,completed
CV_h6s5n19.txt,BBLCT,5,6,20,20,900.0,0,0.0,5,25.0,7,855.22,19.3,4807,true,completed
CV_h6s5n2.txt,BBLCT,5,6,20,20,900.0,0,0.0,6,30.0,7,865.64,50.0,12099,true,completed
CV_h6s5n20.txt,BBLCT,5,6,20,20,900.0,0,0.0,7,35.0,8,892.88,9.3,3084,true,completed
CV_h6s5n21.txt,BBLCT,5,6,20,20,900.0,0,0.0,4,20.0,7,826.58,103.3,36731,true,completed
CV_h6s5n22.txt,BBLCT,5,6,20,20,900.0,0,0.0,5,25.0,7,856.22,2.4,579,true,completed
CV_h6s5n23.txt,BBLCT,5,6,20,20,900.0,0,0.0,6,30.0,8,871.88,4.4,1627,true,completed
CV_h6s5n24.txt,BBLCT,5,6,20,20,900.0,1,5.0,3,15.0,7,885.64,105.3,34585,true,completed
CV_h6s5n25.txt,BBLCT,5,6,20,20,900.0,0,0.0,9,45.0,7,835.99,20.5,5471,true,completed
CV_h6s5n26.txt,BBLCT,5,6,20,20,900.0,0,0.0,3,15.0,5,579.66,19.2,5768,true,completed
CV_h6s5n27.txt,BBLCT,5,6,20,20,900.0,0,0.0,8,40.0,8,851.26,1.9,307,true,completed
CV_h6s5n28.txt,BBLCT,5,6,20,20,900.0,0,0.0,7,35.0,7,846.69,2.8,436,true,completed
CV_h6s5n29.txt,BBLCT,5,6,20,20,900.0,0,0.0,4,20.0,5,557.78,1.8,419,true,completed
CV_h6s5n3.txt,BBLCT,5,6,20,20,900.0,1,5.0,5,25.0,8,890.92,1.8,337,true,completed
CV_h6s5n30.txt,BBLCT,5,6,20,20,900.0,0,0.0,3,15.0,7,893.93,0.5,92,true,completed
CV_h6s5n31.txt,BBLCT,5,6,20,20,900.0,0,0.0,2,10.0,8,896.71,12.8,4905,true,completed
CV_h6s5n32.txt,BBLCT,5,6,20,20,900.0,3,15.0,8,40.0,8,894.44,4.8,672,true,completed
CV_h6s5n33.txt,BBLCT,5,6,20,20,900.0,1,5.0,5,25.0,8,891.04,0.9,151,true,completed
CV_h6s5n34.txt,BBLCT,5,6,20,20,900.0,0,0.0,3,15.0,4,461.57,8.1,2373,true,completed
CV_h6s5n35.txt,BBLCT,5,6,20,20,900.0,0,0.0,4,20.0,7,894.97,2.7,619,true,completed
CV_h6s5n36.txt,BBLCT,5,6,20,20,900.0,0,0.0,6,30.0,7,858.12,107.6,27150,true,completed
CV_h6s5n37.txt,BBLCT,5,6,20,20,900.0,0,0.0,2,10.0,7,857.62,0.5,101,true,completed
CV_h6s5n38.txt,BBLCT,5,6,20,20,900.0,1,5.0,4,20.0,5,609.12,22.7,6127,true,completed
CV_h6s5n39.txt,BBLCT,5,6,20,20,900.0,0,0.0,6,30.0,4,467.72,33.0,8206,true,completed
CV_h6s5n4.txt,BBLCT,5,6,20,20,900.0,0,0.0,9,45.0,8,863.04,1.8,210,true,completed
CV_h6s5n40.txt,BBLCT,5,6,20,20,900.0,1,5.0,4,20.0,8,860.01,8.9,1882,true,completed
CV_h6s5n5.txt,BBLCT,5,6,20,20,900.0,0,0.0,2,10.0,5,579.53,25.0,9143,true,completed
CV_h6s5n6.txt,BBLCT,5,6,20,20,900.0,0,0.0,4,20.0,7,877.80,65.1,20231,true,completed
CV_h6s5n7.txt,BBLCT,5,6,20,20,900.0,0,0.0,6,30.0,7,873.26,7.6,1926,true,completed
CV_h6s5n8.txt,BBLCT,5,6,20,20,900.0,0,0.0,5,25.0,8,896.99,1.4,347,true,completed
CV_h6s5n9.txt,BBLCT,5,6,20,20,900.0,1,5.0,6,30.0,7,879.08,3.5,747,true,completed
CV_h6s6n1.txt,BBLCT,6,6,24,24,900.0,0,0.0,9,37.5,7,858.46,77.8,12324,true,completed
CV_h6s6n10.txt,BBLCT,6,6,24,24,900.0,0,0.0,6,25.0,8,895.77,8.1,1227,true,completed
CV_h6s6n11.txt,BBLCT,6,6,24,24,900.0,0,0.0,2,8.3,7,864.11,3.1,502,true,completed
CV_h6s6n12.txt,BBLCT,6,6,24,24,900.0,2,8.3,5,20.8,8,894.09,4.6,534,true,completed
CV_h6s6n13.txt,BBLCT,6,6,24,24,900.0,0,0.0,6,25.0,7,853.91,20.2,2695,true,completed
CV_h6s6n14.txt,BBLCT,6,6,24,24,900.0,0,0.0,9,37.5,8,899.69,49.0,5795,true,completed
CV_h6s6n15.txt,BBLCT,6,6,24,24,900.0,1,4.2,7,29.2,8,894.40,5.7,677,true,completed
CV_h6s6n16.txt,BBLCT,6,6,24,24,900.0,2,8.3,6,25.0,4,484.30,81.2,9834,true,completed
CV_h6s6n17.txt,BBLCT,6,6,24,24,900.0,0,0.0,4,16.7,7,871.52,194.2,35907,true,completed
CV_h6s6n18.txt,BBLCT,6,6,24,24,900.0,0,0.0,4,16.7,7,840.47,1.5,184,true,completed
CV_h6s6n19.txt,BBLCT,6,6,24,24,900.0,0,0.0,3,12.5,8,898.75,7.3,1136,true,completed
CV_h6s6n2.txt,BBLCT,6,6,24,24,900.0,1,4.2,7,29.2,7,837.38,81.0,7827,true,completed
CV_h6s6n20.txt,BBLCT,6,6,24,24,900.0,0,0.0,10,41.7,7,884.51,56.9,5345,true,completed
CV_h6s6n21.txt,BBLCT,6,6,24,24,900.0,0,0.0,7,29.2,5,586.27,173.3,24704,true,completed
CV_h6s6n22.txt,BBLCT,6,6,24,24,900.0,0,0.0,9,37.5,8,895.60,16.8,2795,true,completed
CV_h6s6n23.txt,BBLCT,6,6,24,24,900.0,0,0.0,5,20.8,4,453.34,161.7,22312,true,completed
CV_h6s6n24.txt,BBLCT,6,6,24,24,900.0,0,0.0,6,25.0,7,877.35,1.4,190,true,completed
CV_h6s6n25.txt,BBLCT,6,6,24,24,900.0,1,4.2,4,16.7,7,868.99,1.7,185,true,completed
CV_h6s6n26.txt,BBLCT,6,6,24,24,900.0,0,0.0,5,20.8,6,776.53,55.6,6755,true,completed
CV_h6s6n27.txt,BBLCT,6,6,24,24,900.0,1,4.2,6,25.0,8,885.97,19.8,2470,true,completed
CV_h6s6n28.txt,BBLCT,6,6,24,24,900.0,1,4.2,6,25.0,7,891.83,139.3,24856,true,completed
CV_h6s6n29.txt,BBLCT,6,6,24,24,900.0,0,0.0,4,16.7,7,834.12,40.3,5266,true,completed
CV_h6s6n3.txt,BBLCT,6,6,24,24,900.0,3,12.5,8,33.3,5,564.17,263.5,23726,true,completed
CV_h6s6n30.txt,BBLCT,6,6,24,24,900.0,0,0.0,9,37.5,7,854.07,86.0,12998,true,completed
CV_h6s6n31.txt,BBLCT,6,6,24,24,900.0,1,4.2,7,29.2,7,858.99,22.7,2560,true,completed
CV_h6s6n32.txt,BBLCT,6,6,24,24,900.0,0,0.0,6,25.0,7,851.32,6.2,1290,true,completed
CV_h6s6n33.txt,BBLCT,6,6,24,24,900.0,0,0.0,6,25.0,7,882.49,371.9,67428,true,completed
CV_h6s6n34.txt,BBLCT,6,6,24,24,900.0,0,0.0,4,16.7,8,892.36,1.7,221,true,completed
CV_h6s6n35.txt,BBLCT,6,6,24,24,900.0,0,0.0,4,16.7,8,897.55,9.7,1238,true,completed
CV_h6s6n36.txt,BBLCT,6,6,24,24,900.0,0,0.0,4,16.7,7,893.59,75.1,10670,true,completed
CV_h6s6n37.txt,BBLCT,6,6,24,24,900.0,0,0.0,4,16.7,8,899.45,10.4,1702,true,completed
CV_h6s6n38.txt,BBLCT,6,6,24,24,900.0,0,0.0,6,25.0,6,702.19,254.8,39166,true,completed
CV_h6s6n39.txt,BBLCT,6,6,24,24,900.0,0,0.0,2,8.3,4,457.96,411.6,104325,true,completed
CV_h6s6n4.txt,BBLCT,6,6,24,24,900.0,2,8.3,4,16.7,8,899.36,17.3,2223,true,completed
CV_h6s6n40.txt,BBLCT,6,6,24,24,900.0,0,0.0,6,25.0,7,817.56,49.2,6115,true,completed
CV_h6s6n5.txt,BBLCT,6,6,24,24,900.0,0,0.0,2,8.3,8,890.04,0.9,126,true,completed
CV_h6s6n6.txt,BBLCT,6,6,24,24,900.0,0,0.0,5,20.8,8,887.68,89.4,16809,true,completed
CV_h6s6n7.txt,BBLCT,6,6,24,24,900.0,0,0.0,5,20.8,7,824.86,20.2,3707,true,completed
CV_h6s6n8.txt,BBLCT,6,6,24,24,900.0,0,0.0,9,37.5,5,579.53,78.5,10936,true,completed
CV_h6s6n9.txt,BBLCT,6,6,24,24,900.0,1,4.2,3,12.5,8,893.29,1.8,209,true,completed
CV_h6s7n1.txt,BBLCT,7,6,28,28,900.0,1,3.6,6,21.4,8,881.61,3.0,216,true,completed
CV_h6s7n10.txt,BBLCT,7,6,28,28,900.0,2,7.1,7,25.0,7,795.48,355.0,22986,true,completed
CV_h6s7n11.txt,BBLCT,7,6,28,28,900.0,0,0.0,4,14.3,6,681.94,36.1,2832,true,completed
CV_h6s7n12.txt,BBLCT,7,6,28,28,900.0,2,7.1,8,28.6,8,891.67,33.0,2083,true,completed
CV_h6s7n13.txt,BBLCT,7,6,28,28,900.0,0,0.0,9,32.1,8,899.82,67.4,6693,true,completed
CV_h6s7n14.txt,BBLCT,7,6,28,28,900.0,0,0.0,5,17.9,8,895.92,60.7,5461,true,completed
CV_h6s7n15.txt,BBLCT,7,6,28,28,900.0,0,0.0,6,21.4,8,881.00,2.9,234,true,completed
CV_h6s7n16.txt,BBLCT,7,6,28,28,900.0,1,3.6,4,14.3,5,566.57,952.4,82811,true,completed
CV_h6s7n17.txt,BBLCT,7,6,28,28,900.0,2,7.1,10,35.7,7,863.03,18.8,1123,true,completed
CV_h6s7n18.txt,BBLCT,7,6,28,28,900.0,1,3.6,4,14.3,8,880.07,35.0,3085,true,completed
CV_h6s7n19.txt,BBLCT,7,6,28,28,900.0,0,0.0,7,25.0,8,851.58,39.6,2753,true,completed
CV_h6s7n2.txt,BBLCT,7,6,28,28,900.0,0,0.0,3,10.7,8,892.56,383.4,53042,true,completed
CV_h6s7n20.txt,BBLCT,7,6,28,28,900.0,1,3.6,4,14.3,8,887.81,468.9,43426,true,completed
CV_h6s7n21.txt,BBLCT,7,6,28,28,900.0,0,0.0,2,7.1,7,874.94,10.6,1179,true,completed
CV_h6s7n22.txt,BBLCT,7,6,28,28,900.0,0,0.0,7,25.0,7,860.36,395.5,32502,true,completed
CV_h6s7n23.txt,BBLCT,7,6,28,28,900.0,0,0.0,10,35.7,8,895.60,2.7,215,true,completed
CV_h6s7n24.txt,BBLCT,7,6,28,28,900.0,0,0.0,6,21.4,7,842.25,22.5,1785,true,completed
CV_h6s7n25.txt,BBLCT,7,6,28,28,900.0,0,0.0,3,10.7,6,715.81,532.0,63465,true,completed
CV_h6s7n26.txt,BBLCT,7,6,28,28,900.0,0,0.0,8,28.6,8,892.54,1523.0,123603,true,completed
CV_h6s7n27.txt,BBLCT,7,6,28,28,900.0,0,0.0,4,14.3,7,858.30,2.1,165,true,completed
CV_h6s7n28.txt,BBLCT,7,6,28,28,900.0,0,0.0,3,10.7,8,877.39,2.4,176,true,completed
CV_h6s7n29.txt,BBLCT,7,6,28,28,900.0,1,3.6,5,17.9,8,898.43,88.9,8140,true,completed
CV_h6s7n3.txt,BBLCT,7,6,28,28,900.0,1,3.6,6,21.4,8,899.49,533.3,45526,true,completed
CV_h6s7n30.txt,BBLCT,7,6,28,28,900.0,1,3.6,6,21.4,8,856.86,26.2,2006,true,completed
CV_h6s7n31.txt,BBLCT,7,6,28,28,900.0,0,0.0,4,14.3,8,899.96,129.4,17847,true,completed
CV_h6s7n32.txt,BBLCT,7,6,28,28,900.0,0,0.0,5,17.9,8,891.67,49.8,5035,true,completed
CV_h6s7n33.txt,BBLCT,7,6,28,28,900.0,0,0.0,6,21.4,8,896.02,28.3,2833,true,completed
CV_h6s7n34.txt,BBLCT,7,6,28,28,900.0,0,0.0,4,14.3,8,899.76,41.1,3340,true,completed
CV_h6s7n35.txt,BBLCT,7,6,28,28,900.0,0,0.0,2,7.1,8,896.87,5.2,483,true,completed
CV_h6s7n36.txt,BBLCT,7,6,28,28,900.0,0,0.0,3,10.7,4,464.36,292.1,34347,true,completed
CV_h6s7n37.txt,BBLCT,7,6,28,28,900.0,0,0.0,5,17.9,7,874.18,4.5,312,true,completed
CV_h6s7n38.txt,BBLCT,7,6,28,28,900.0,0,0.0,6,21.4,7,855.77,3391.0,319570,true,completed
CV_h6s7n39.txt,BBLCT,7,6,28,28,900.0,1,3.6,7,25.0,8,898.53,47.7,3198,true,completed
CV_h6s7n4.txt,BBLCT,7,6,28,28,900.0,0,0.0,3,10.7,8,889.20,2.0,182,true,completed
CV_h6s7n40.txt,BBLCT,7,6,28,28,900.0,0,0.0,4,14.3,7,866.82,3.1,246,true,completed
CV_h6s7n5.txt,BBLCT,7,6,28,28,900.0,0,0.0,5,17.9,8,884.41,4.9,400,true,completed
CV_h6s7n6.txt,BBLCT,7,6,28,28,900.0,2,7.1,4,14.3,7,841.38,10.0,680,true,completed
CV_h6s7n7.txt,BBLCT,7,6,28,28,900.0,1,3.6,6,21.4,8,882.25,118.2,12340,true,completed
CV_h6s7n8.txt,BBLCT,7,6,28,28,900.0,0,0.0,5,17.9,5,587.70,1005.9,87265,true,completed
CV_h6s7n9.txt,BBLCT,7,6,28,28,900.0,0,0.0,3,10.7,6,679.15,8959.6,1350352,true,completed
CV_h7s10n1.txt,BBLCT,10,7,50,50,900.0,0,0.0,2,4.0,7,899.43,14.4,490,true,completed
CV_h7s10n10.txt,BBLCT,10,7,50,50,900.0,0,0.0,3,6.0,7,853.89,15.7,502,true,completed
CV_h7s10n11.txt,BBLCT,10,7,50,50,900.0,0,0.0,4,8.0,7,885.21,11.9,428,true,completed
CV_h7s10n12.txt,BBLCT,10,7,50,50,900.0,0,0.0,2,4.0,7,895.30,16.6,499,true,completed
CV_h7s10n13.txt,BBLCT,10,7,50,50,900.0,0,0.0,7,14.0,7,829.91,498.6,12552,true,completed
CV_h7s10n14.txt,BBLCT,10,7,50,50,900.0,0,0.0,4,8.0,7,863.70,14.7,490,true,completed
CV_h7s10n15.txt,BBLCT,10,7,50,50,900.0,0,0.0,4,8.0,7,884.51,38.0,1021,true,completed
CV_h7s10n16.txt,BBLCT,10,7,50,50,900.0,1,2.0,6,12.0,7,832.56,22.1,613,true,completed
CV_h7s10n17.txt,BBLCT,10,7,50,50,900.0,0,0.0,4,8.0,7,871.36,16.7,504,true,completed
CV_h7s10n18.txt,BBLCT,10,7,50,50,900.0,0,0.0,6,12.0,8,897.23,274.1,7488,true,completed
CV_h7s10n19.txt,BBLCT,10,7,50,50,900.0,1,2.0,3,6.0,8,894.09,15.7,466,true,completed
CV_h7s10n2.txt,BBLCT,10,7,50,50,900.0,0,0.0,1,2.0,7,894.98,8.1,280,true,completed
CV_h7s10n20.txt,BBLCT,10,7,50,50,900.0,0,0.0,5,10.0,7,893.71,20.7,630,true,completed
CV_h7s10n21.txt,BBLCT,10,7,50,50,900.0,0,0.0,4,8.0,8,898.81,19.1,609,true,completed
CV_h7s10n22.txt,BBLCT,10,7,50,50,900.0,0,0.0,3,6.0,7,895.40,42.0,1098,true,completed
CV_h7s10n23.txt,BBLCT,10,7,50,50,900.0,0,0.0,1,2.0,8,896.76,7.4,283,true,completed
CV_h7s10n24.txt,BBLCT,10,7,50,50,900.0,0,0.0,2,4.0,7,898.99,649.9,20952,true,completed
CV_h7s10n25.txt,BBLCT,10,7,50,50,900.0,2,4.0,4,8.0,7,896.54,16.1,362,true,completed
CV_h7s10n26.txt,BBLCT,10,7,50,50,900.0,0,0.0,5,10.0,8,898.01,48.3,1316,true,completed
CV_h7s10n27.txt,BBLCT,10,7,50,50,900.0,0,0.0,2,4.0,7,893.80,15.2,636,true,completed
CV_h7s10n28.txt,BBLCT,10,7,50,50,900.0,0,0.0,2,4.0,7,851.90,7.7,286,true,completed
CV_h7s10n29.txt,BBLCT,10,7,50,50,900.0,0,0.0,6,12.0,8,896.21,14.3,488,true,completed
CV_h7s10n3.txt,BBLCT,10,7,50,50,900.0,0,0.0,3,6.0,7,814.27,16.4,624,true,completed
CV_h7s10n30.txt,BBLCT,10,7,50,50,900.0,0,0.0,4,8.0,8,898.49,18.0,536,true,completed
CV_h7s10n31.txt,BBLCT,10,7,50,50,900.0,1,2.0,4,8.0,8,886.93,16.6,455,true,completed
CV_h7s10n32.txt,BBLCT,10,7,50,50,900.0,0,0.0,6,12.0,7,828.71,30.0,1032,true,completed
CV_h7s10n33.txt,BBLCT,10,7,50,50,900.0,0,0.0,2,4.0,7,894.98,8.2,280,true,completed
CV_h7s10n34.txt,BBLCT,10,7,50,50,900.0,0,0.0,9,18.0,8,897.94,18.1,539,true,completed
CV_h7s10n35.txt,BBLCT,10,7,50,50,900.0,0,0.0,4,8.0,7,835.40,43.3,1475,true,completed
CV_h7s10n36.txt,BBLCT,10,7,50,50,900.0,0,0.0,5,10.0,8,899.28,631.7,16444,true,completed
CV_h7s10n37.txt,BBLCT,10,7,50,50,900.0,0,0.0,6,12.0,8,895.35,14.0,471,true,completed
CV_h7s10n38.txt,BBLCT,10,7,50,50,900.0,0,0.0,4,8.0,8,898.79,19.1,594,true,completed
CV_h7s10n39.txt,BBLCT,10,7,50,50,900.0,0,0.0,3,6.0,7,897.87,40.5,1197,true,completed
CV_h7s10n4.txt,BBLCT,10,7,50,50,900.0,0,0.0,4,8.0,8,899.62,218.0,6821,true,completed
CV_h7s10n40.txt,BBLCT,10,7,50,50,900.0,0,0.0,3,6.0,8,899.80,15.5,527,true,completed
CV_h7s10n5.txt,BBLCT,10,7,50,50,900.0,0,0.0,4,8.0,7,884.57,52.1,1452,true,completed
CV_h7s10n6.txt,BBLCT,10,7,50,50,900.0,0,0.0,3,6.0,7,895.72,11.6,406,true,completed
CV_h7s10n7.txt,BBLCT,10,7,50,50,900.0,0,0.0,3,6.0,7,896.83,12.8,435,true,completed
CV_h7s10n8.txt,BBLCT,10,7,50,50,900.0,0,0.0,3,6.0,7,898.10,11.4,400,true,completed
CV_h7s10n9.txt,BBLCT,10,7,50,50,900.0,0,0.0,6,12.0,8,899.95,88.2,2795,true,completed
CV_h7s4n1.txt,BBLCT,4,7,20,20,900.0,0,0.0,3,15.0,8,875.44,0.9,389,true,completed
CV_h7s4n10.txt,BBLCT,4,7,20,20,900.0,0,0.0,3,15.0,4,465.62,0.7,217,true,completed
CV_h7s4n11.txt,BBLCT,4,7,20,20,900.0,0,0.0,3,15.0,5,575.99,9.4,4171,true,completed
CV_h7s4n12.txt,BBLCT,4,7,20,20,900.0,0,0.0,1,5.0,3,354.48,11.7,8690,true,completed
CV_h7s4n13.txt,BBLCT,4,7,20,20,900.0,0,0.0,1,5.0,3,354.48,12.1,9051,true,completed
CV_h7s4n14.txt,BBLCT,4,7,20,20,900.0,0,0.0,3,15.0,4,492.38,0.5,211,true,completed
CV_h7s4n15.txt,BBLCT,4,7,20,20,900.0,0,0.0,7,35.0,8,891.27,0.4,86,true,completed
CV_h7s4n16.txt,BBLCT,4,7,20,20,900.0,0,0.0,2,10.0,4,501.60,0.5,207,true,completed
CV_h7s4n17.txt,BBLCT,4,7,20,20,900.0,0,0.0,1,5.0,3,361.99,0.5,212,true,completed
CV_h7s4n18.txt,BBLCT,4,7,20,20,900.0,1,5.0,7,35.0,7,886.30,6.5,2259,true,completed
CV_h7s4n19.txt,BBLCT,4,7,20,20,900.0,0,0.0,4,20.0,8,886.00,0.6,239,true,completed
CV_h7s4n2.txt,BBLCT,4,7,20,20,900.0,0,0.0,1,5.0,4,497.74,0.4,190,true,completed
CV_h7s4n20.txt,BBLCT,4,7,20,20,900.0,0,0.0,2,10.0,3,355.75,9.5,5834,true,completed
CV_h7s4n21.txt,BBLCT,4,7,20,20,900.0,0,0.0,5,25.0,7,872.91,1.2,460,true,completed
CV_h7s4n22.txt,BBLCT,4,7,20,20,900.0,3,15.0,4,20.0,8,875.45,2.1,914,true,completed
CV_h7s4n23.txt,BBLCT,4,7,20,20,900.0,0,0.0,7,35.0,8,899.21,0.5,157,true,completed
CV_h7s4n24.txt,BBLCT,4,7,20,20,900.0,0,0.0,1,5.0,7,840.84,0.3,63,true,completed
CV_h7s4n25.txt,BBLCT,4,7,20,20,900.0,3,15.0,8,40.0,7,842.56,14.0,5251,true,completed
CV_h7s4n26.txt,BBLCT,4,7,20,20,900.0,0,0.0,1,5.0,4,492.38,7.4,5761,true,completed
CV_h7s4n27.txt,BBLCT,4,7,20,20,900.0,0,0.0,1,5.0,2,220.18,6.4,4935,true,completed
CV_h7s4n28.txt,BBLCT,4,7,20,20,900.0,0,0.0,1,5.0,2,220.18,7.5,5452,true,completed
CV_h7s4n29.txt,BBLCT,4,7,20,20,900.0,1,5.0,3,15.0,2,240.93,1.4,568,true,completed
CV_h7s4n3.txt,BBLCT,4,7,20,20,900.0,0,0.0,5,25.0,3,334.26,0.6,187,true,completed
CV_h7s4n30.txt,BBLCT,4,7,20,20,900.0,1,5.0,3,15.0,8,899.72,1.0,353,true,completed
CV_h7s4n31.txt,BBLCT,4,7,20,20,900.0,1,5.0,7,35.0,8,899.63,0.9,242,true,completed
CV_h7s4n32.txt,BBLCT,4,7,20,20,900.0,0,0.0,1,5.0,3,359.65,0.5,205,true,completed
CV_h7s4n33.txt,BBLCT,4,7,20,20,900.0,0,0.0,2,10.0,3,336.64,0.5,161,true,completed
CV_h7s4n34.txt,BBLCT,4,7,20,20,900.0,0,0.0,4,20.0,7,883.64,6.9,4094,true,completed
CV_h7s4n35.txt,BBLCT,4,7,20,20,900.0,0,0.0,2,10.0,4,454.06,14.2,8283,true,completed
CV_h7s4n36.txt,BBLCT,4,7,20,20,900.0,0,0.0,3,15.0,4,443.81,5.6,2801,true,completed
CV_h7s4n37.txt,BBLCT,4,7,20,20,900.0,0,0.0,1,5.0,4,492.38,7.0,5360,true,completed
CV_h7s4n38.txt,BBLCT,4,7,20,20,900.0,0,0.0,2,10.0,7,876.86,2.4,1515,true,completed
CV_h7s4n39.txt,BBLCT,4,7,20,20,900.0,0,0.0,3,15.0,7,873.89,3.5,2185,true,completed
CV_h7s4n4.txt,BBLCT,4,7,20,20,900.0,0,0.0,3,15.0,2,230.73,4.6,2112,true,completed
CV_h7s4n40.txt,BBLCT,4,7,20,20,900.0,0,0.0,3,15.0,3,358.13,0.3,56,true,completed
CV_h7s4n5.txt,BBLCT,4,7,20,20,900.0,0,0.0,2,10.0,4,507.55,0.6,233,true,completed
CV_h7s4n6.txt,BBLCT,4,7,20,20,900.0,0,0.0,4,20.0,8,884.75,0.8,372,true,completed
CV_h7s4n7.txt,BBLCT,4,7,20,20,900.0,0,0.0,5,25.0,8,895.31,0.5,194,true,completed
CV_h7s4n8.txt,BBLCT,4,7,20,20,900.0,0,0.0,2,10.0,3,370.11,2.2,1068,true,completed
CV_h7s4n9.txt,BBLCT,4,7,20,20,900.0,2,10.0,4,20.0,7,793.51,0.4,94,true,completed
CV_h7s5n1.txt,BBLCT,5,7,25,25,900.0,0,0.0,1,4.0,3,357.12,12.6,6521,true,completed
CV_h7s5n10.txt,BBLCT,5,7,25,25,900.0,0,0.0,3,12.0,7,889.24,0.5,84,true,completed
CV_h7s5n11.txt,BBLCT,5,7,25,25,900.0,0,0.0,3,12.0,8,887.11,0.9,170,true,completed
CV_h7s5n12.txt,BBLCT,5,7,25,25,900.0,0,0.0,7,28.0,7,835.50,5.5,1572,true,completed
CV_h7s5n13.txt,BBLCT,5,7,25,25,900.0,0,0.0,6,24.0,7,849.41,0.8,136,true,completed
CV_h7s5n14.txt,BBLCT,5,7,25,25,900.0,0,0.0,3,12.0,3,337.91,3.2,907,true,completed
CV_h7s5n15.txt,BBLCT,5,7,25,25,900.0,0,0.0,2,8.0,8,898.77,0.7,157,true,completed
CV_h7s5n16.txt,BBLCT,5,7,25,25,900.0,0,0.0,3,12.0,4,475.57,6.8,2247,true,completed
CV_h7s5n17.txt,BBLCT,5,7,25,25,900.0,0,0.0,3,12.0,8,885.36,2.1,642,true,completed
CV_h7s5n18.txt,BBLCT,5,7,25,25,900.0,1,4.0,5,20.0,7,867.52,4.0,871,true,completed
CV_h7s5n19.txt,BBLCT,5,7,25,25,900.0,1,4.0,3,12.0,4,459.42,16.8,3793,true,completed
CV_h7s5n2.txt,BBLCT,5,7,25,25,900.0,1,4.0,7,28.0,4,471.87,4.1,673,true,completed
CV_h7s5n20.txt,BBLCT,5,7,25,25,900.0,0,0.0,1,4.0,4,502.86,14.5,6489,true,completed
CV_h7s5n21.txt,BBLCT,5,7,25,25,900.0,0,0.0,3,12.0,7,855.15,0.8,157,true,completed
CV_h7s5n22.txt,BBLCT,5,7,25,25,900.0,0,0.0,4,16.0,7,874.08,0.6,121,true,completed
CV_h7s5n23.txt,BBLCT,5,7,25,25,900.0,0,0.0,3,12.0,7,853.58,2.9,871,true,completed
CV_h7s5n24.txt,BBLCT,5,7,25,25,900.0,1,4.0,3,12.0,8,899.26,0.6,106,true,completed
CV_h7s5n25.txt,BBLCT,5,7,25,25,900.0,1,4.0,5,20.0,8,888.68,1.2,227,true,completed
CV_h7s5n26.txt,BBLCT,5,7,25,25,900.0,0,0.0,4,16.0,7,862.41,12.8,3982,true,completed
CV_h7s5n27.txt,BBLCT,5,7,25,25,900.0,0,0.0,4,16.0,7,898.03,20.4,8165,true,completed
CV_h7s5n28.txt,BBLCT,5,7,25,25,900.0,0,0.0,3,12.0,7,832.09,32.9,9687,true,completed
CV_h7s5n29.txt,BBLCT,5,7,25,25,900.0,0,0.0,2,8.0,7,844.96,1.6,427,true,completed
CV_h7s5n3.txt,BBLCT,5,7,25,25,900.0,0,0.0,1,4.0,3,355.75,14.3,6529,true,completed
CV_h7s5n30.txt,BBLCT,5,7,25,25,900.0,0,0.0,7,28.0,7,866.74,20.7,4294,true,completed
CV_h7s5n31.txt,BBLCT,5,7,25,25,900.0,0,0.0,2,8.0,7,830.07,3.9,1350,true,completed
CV_h7s5n32.txt,BBLCT,5,7,25,25,900.0,2,8.0,3,12.0,7,826.93,1.0,150,true,completed
CV_h7s5n33.txt,BBLCT,5,7,25,25,900.0,0,0.0,5,20.0,7,883.29,1.9,435,true,completed
CV_h7s5n34.txt,BBLCT,5,7,25,25,900.0,1,4.0,4,16.0,8,881.21,1.7,288,true,completed
CV_h7s5n35.txt,BBLCT,5,7,25,25,900.0,0,0.0,5,20.0,5,574.51,78.4,17758,true,completed
CV_h7s5n36.txt,BBLCT,5,7,25,25,900.0,0,0.0,4,16.0,7,835.48,42.4,13418,true,completed
CV_h7s5n37.txt,BBLCT,5,7,25,25,900.0,1,4.0,2,8.0,4,505.03,1.1,242,true,completed
CV_h7s5n38.txt,BBLCT,5,7,25,25,900.0,1,4.0,6,24.0,7,854.01,17.1,3760,true,completed
CV_h7s5n39.txt,BBLCT,5,7,25,25,900.0,0,0.0,4,16.0,5,636.57,5.0,1216,true,completed
CV_h7s5n4.txt,BBLCT,5,7,25,25,900.0,0,0.0,3,12.0,7,858.75,1.0,212,true,completed
CV_h7s5n40.txt,BBLCT,5,7,25,25,900.0,0,0.0,3,12.0,8,898.43,1.1,251,true,completed
CV_h7s5n5.txt,BBLCT,5,7,25,25,900.0,1,4.0,5,20.0,7,845.13,0.9,152,true,completed
CV_h7s5n6.txt,BBLCT,5,7,25,25,900.0,0,0.0,5,20.0,8,890.66,10.5,2372,true,completed
CV_h7s5n7.txt,BBLCT,5,7,25,25,900.0,0,0.0,2,8.0,3,358.38,1.6,468,true,completed
CV_h7s5n8.txt,BBLCT,5,7,25,25,900.0,0,0.0,1,4.0,3,355.79,13.5,6485,true,completed
CV_h7s5n9.txt,BBLCT,5,7,25,25,900.0,0,0.0,3,12.0,8,886.03,0.9,207,true,completed
CV_h7s6n1.txt,BBLCT,6,7,30,30,900.0,0,0.0,2,6.7,7,847.11,1.1,143,true,completed
CV_h7s6n10.txt,BBLCT,6,7,30,30,900.0,0,0.0,2,6.7,6,714.55,307.0,65583,true,completed
CV_h7s6n11.txt,BBLCT,6,7,30,30,900.0,0,0.0,6,20.0,7,895.20,3.8,453,true,completed
CV_h7s6n12.txt,BBLCT,6,7,30,30,900.0,0,0.0,6,20.0,8,883.05,2.1,316,true,completed
CV_h7s6n13.txt,BBLCT,6,7,30,30,900.0,0,0.0,3,10.0,7,886.49,1.0,96,true,completed
CV_h7s6n14.txt,BBLCT,6,7,30,30,900.0,2,6.7,6,20.0,8,881.64,8.4,1285,true,completed
CV_h7s6n15.txt,BBLCT,6,7,30,30,900.0,0,0.0,6,20.0,7,849.06,1.3,146,true,completed
CV_h7s6n16.txt,BBLCT,6,7,30,30,900.0,0,0.0,3,10.0,8,859.74,260.1,45883,true,completed
CV_h7s6n17.txt,BBLCT,6,7,30,30,900.0,0,0.0,6,20.0,7,842.68,5.3,542,true,completed
CV_h7s6n18.txt,BBLCT,6,7,30,30,900.0,0,0.0,2,6.7,5,575.56,1393.8,363146,true,completed
CV_h7s6n19.txt,BBLCT,6,7,30,30,900.0,0,0.0,3,10.0,7,830.73,2.2,317,true,completed
CV_h7s6n2.txt,BBLCT,6,7,30,30,900.0,0,0.0,3,10.0,7,894.07,2.2,306,true,completed
CV_h7s6n20.txt,BBLCT,6,7,30,30,900.0,0,0.0,2,6.7,7,866.55,1.3,140,true,completed
CV_h7s6n21.txt,BBLCT,6,7,30,30,900.0,0,0.0,3,10.0,7,845.67,1.6,236,true,completed
CV_h7s6n22.txt,BBLCT,6,7,30,30,900.0,0,0.0,2,6.7,8,886.93,1.4,168,true,completed
CV_h7s6n23.txt,BBLCT,6,7,30,30,900.0,1,3.3,3,10.0,8,893.35,1.2,115,true,completed
CV_h7s6n24.txt,BBLCT,6,7,30,30,900.0,0,0.0,3,10.0,7,860.85,0.9,121,true,completed
CV_h7s6n25.txt,BBLCT,6,7,30,30,900.0,1,3.3,3,10.0,7,855.87,1.6,168,true,completed
CV_h7s6n26.txt,BBLCT,6,7,30,30,900.0,0,0.0,1,3.3,8,896.76,1.0,141,true,completed
CV_h7s6n27.txt,BBLCT,6,7,30,30,900.0,0,0.0,2,6.7,6,751.30,102.0,20577,true,completed
CV_h7s6n28.txt,BBLCT,6,7,30,30,900.0,0,0.0,2,6.7,7,896.17,1.1,117,true,completed
CV_h7s6n29.txt,BBLCT,6,7,30,30,900.0,0,0.0,2,6.7,7,847.93,2.1,317,true,completed
CV_h7s6n3.txt,BBLCT,6,7,30,30,900.0,1,3.3,5,16.7,7,844.49,10.7,1416,true,completed
CV_h7s6n30.txt,BBLCT,6,7,30,30,900.0,0,0.0,5,16.7,8,886.80,1.2,125,true,completed
CV_h7s6n31.txt,BBLCT,6,7,30,30,900.0,0,0.0,3,10.0,8,898.28,8.1,1298,true,completed
CV_h7s6n32.txt,BBLCT,6,7,30,30,900.0,0,0.0,2,6.7,7,870.24,1.2,125,true,completed
CV_h7s6n33.txt,BBLCT,6,7,30,30,900.0,2,6.7,4,13.3,7,883.97,8.3,847,true,completed
CV_h7s6n34.txt,BBLCT,6,7,30,30,900.0,0,0.0,5,16.7,8,886.36,6.6,809,true,completed
CV_h7s6n35.txt,BBLCT,6,7,30,30,900.0,0,0.0,5,16.7,7,871.81,19.4,2634,true,completed
CV_h7s6n36.txt,BBLCT,6,7,30,30,900.0,0,0.0,2,6.7,7,888.63,32.6,6559,true,completed
CV_h7s6n37.txt,BBLCT,6,7,30,30,900.0,0,0.0,5,16.7,6,725.31,35.8,5124,true,completed
CV_h7s6n38.txt,BBLCT,6,7,30,30,900.0,0,0.0,2,6.7,5,607.84,1.1,142,true,completed
CV_h7s6n39.txt,BBLCT,6,7,30,30,900.0,1,3.3,4,13.3,4,452.76,248.8,33953,true,completed
CV_h7s6n4.txt,BBLCT,6,7,30,30,900.0,0,0.0,3,10.0,7,866.89,1.6,235,true,completed
CV_h7s6n40.txt,BBLCT,6,7,30,30,900.0,0,0.0,2,6.7,7,897.88,1.0,103,true,completed
CV_h7s6n5.txt,BBLCT,6,7,30,30,900.0,0,0.0,2,6.7,7,869.53,0.9,122,true,completed
CV_h7s6n6.txt,BBLCT,6,7,30,30,900.0,0,0.0,9,30.0,8,893.15,9.1,1190,true,completed
CV_h7s6n7.txt,BBLCT,6,7,30,30,900.0,0,0.0,2,6.7,7,863.58,1.1,117,true,completed
CV_h7s6n8.txt,BBLCT,6,7,30,30,900.0,4,13.3,5,16.7,2,229.47,33.2,2833,true,completed
CV_h7s6n9.txt,BBLCT,6,7,30,30,900.0,0,0.0,3,10.0,7,875.64,2.0,315,true,completed
CV_h7s7n1.txt,BBLCT,7,7,35,35,900.0,2,5.7,6,17.1,7,874.17,729.0,49514,true,completed
CV_h7s7n10.txt,BBLCT,7,7,35,35,900.0,2,5.7,3,8.6,8,896.95,2.7,175,true,completed
CV_h7s7n11.txt,BBLCT,7,7,35,35,900.0,1,2.9,4,11.4,7,838.05,260.8,20455,true,completed
CV_h7s7n12.txt,BBLCT,7,7,35,35,900.0,0,0.0,5,14.3,7,868.90,3.2,255,true,completed
CV_h7s7n13.txt,BBLCT,7,7,35,35,900.0,0,0.0,4,11.4,8,887.05,2.2,191,true,completed
CV_h7s7n14.txt,BBLCT,7,7,35,35,900.0,2,5.7,4,11.4,8,892.73,4.7,320,true,completed
CV_h7s7n15.txt,BBLCT,7,7,35,35,900.0,0,0.0,2,5.7,8,896.76,1.8,174,true,completed
CV_h7s7n16.txt,BBLCT,7,7,35,35,900.0,0,0.0,2,5.7,7,877.55,3.4,338,true,completed
CV_h7s7n17.txt,BBLCT,7,7,35,35,900.0,3,8.6,6,17.1,8,899.22,24.3,1570,true,completed
CV_h7s7n18.txt,BBLCT,7,7,35,35,900.0,0,0.0,1,2.9,7,877.41,1.5,137,true,completed
CV_h7s7n19.txt,BBLCT,7,7,35,35,900.0,0,0.0,2,5.7,7,838.02,3.4,282,true,completed
CV_h7s7n2.txt,BBLCT,7,7,35,35,900.0,0,0.0,5,14.3,7,851.72,3.3,297,true,completed
CV_h7s7n20.txt,BBLCT,7,7,35,35,900.0,0,0.0,2,5.7,7,896.99,2.5,197,true,completed
CV_h7s7n21.txt,BBLCT,7,7,35,35,900.0,0,0.0,2,5.7,7,857.17,1.9,171,true,completed
CV_h7s7n22.txt,BBLCT,7,7,35,35,900.0,0,0.0,1,2.9,7,877.41,1.5,137,true,completed
CV_h7s7n23.txt,BBLCT,7,7,35,35,900.0,0,0.0,5,14.3,7,841.08,16.7,1256,true,completed
CV_h7s7n24.txt,BBLCT,7,7,35,35,900.0,0,0.0,6,17.1,7,890.77,3.0,201,true,completed
CV_h7s7n25.txt,BBLCT,7,7,35,35,900.0,0,0.0,5,14.3,8,897.65,22.5,2709,true,completed
CV_h7s7n26.txt,BBLCT,7,7,35,35,900.0,0,0.0,9,25.7,7,840.10,700.8,46858,true,completed
CV_h7s7n27.txt,BBLCT,7,7,35,35,900.0,0,0.0,3,8.6,8,893.82,10.2,829,true,completed
CV_h7s7n28.txt,BBLCT,7,7,35,35,900.0,0,0.0,4,11.4,8,899.87,2.4,209,true,completed
CV_h7s7n29.txt,BBLCT,7,7,35,35,900.0,0,0.0,2,5.7,8,897.80,15.7,1601,true,completed
CV_h7s7n3.txt,BBLCT,7,7,35,35,900.0,0,0.0,3,8.6,7,827.68,4.1,415,true,completed
CV_h7s7n30.txt,BBLCT,7,7,35,35,900.0,0,0.0,2,5.7,8,852.99,2.2,204,true,completed
CV_h7s7n31.txt,BBLCT,7,7,35,35,900.0,0,0.0,3,8.6,8,897.88,2.9,218,true,completed
CV_h7s7n32.txt,BBLCT,7,7,35,35,900.0,1,2.9,3,8.6,8,890.77,3.0,213,true,completed
CV_h7s7n33.txt,BBLCT,7,7,35,35,900.0,0,0.0,3,8.6,7,899.84,3.1,308,true,completed
CV_h7s7n34.txt,BBLCT,7,7,35,35,900.0,0,0.0,2,5.7,8,889.52,2.5,241,true,completed
CV_h7s7n35.txt,BBLCT,7,7,35,35,900.0,0,0.0,3,8.6,8,896.76,1.3,107,true,completed
CV_h7s7n36.txt,BBLCT,7,7,35,35,900.0,1,2.9,3,8.6,3,355.75,67.4,6613,true,completed
CV_h7s7n37.txt,BBLCT,7,7,35,35,900.0,0,0.0,3,8.6,7,877.55,3.4,327,true,completed
CV_h7s7n38.txt,BBLCT,7,7,35,35,900.0,0,0.0,8,22.9,8,899.67,54.4,5236,true,completed
CV_h7s7n39.txt,BBLCT,7,7,35,35,900.0,0,0.0,4,11.4,8,896.52,8.1,805,true,completed
CV_h7s7n4.txt,BBLCT,7,7,35,35,900.0,0,0.0,8,22.9,8,897.39,2.9,256,true,completed
CV_h7s7n40.txt,BBLCT,7,7,35,35,900.0,0,0.0,4,11.4,8,868.50,2.3,208,true,completed
CV_h7s7n5.txt,BBLCT,7,7,35,35,900.0,0,0.0,2,5.7,7,869.53,2.0,195,true,completed
CV_h7s7n6.txt,BBLCT,7,7,35,35,900.0,0,0.0,5,14.3,7,859.11,16.7,1494,true,completed
CV_h7s7n7.txt,BBLCT,7,7,35,35,900.0,0,0.0,9,25.7,8,888.86,5.4,386,true,completed
CV_h7s7n8.txt,BBLCT,7,7,35,35,900.0,1,2.9,5,14.3,7,885.48,6.2,364,true,completed
CV_h7s7n9.txt,BBLCT,7,7,35,35,900.0,0,0.0,4,11.4,8,856.22,1443.8,146112,true,completed
CV_h7s8n1.txt,BBLCT,8,7,40,40,900.0,0,0.0,5,12.5,7,887.77,5.0,268,true,completed
CV_h7s8n10.txt,BBLCT,8,7,40,40,900.0,0,0.0,3,7.5,7,890.45,5.4,297,true,completed
CV_h7s8n11.txt,BBLCT,8,7,40,40,900.0,1,2.5,3,7.5,8,889.39,4.5,224,true,completed
CV_h7s8n12.txt,BBLCT,8,7,40,40,900.0,0,0.0,5,12.5,7,862.16,73.2,3518,true,completed
CV_h7s8n13.txt,BBLCT,8,7,40,40,900.0,0,0.0,3,7.5,8,893.61,8.5,484,true,completed
CV_h7s8n14.txt,BBLCT,8,7,40,40,900.0,0,0.0,2,5.0,8,896.73,3.3,205,true,completed
CV_h7s8n15.txt,BBLCT,8,7,40,40,900.0,1,2.5,5,12.5,8,899.42,78.7,3763,true,completed
CV_h7s8n16.txt,BBLCT,8,7,40,40,900.0,0,0.0,3,7.5,8,897.59,5.0,357,true,completed
CV_h7s8n17.txt,BBLCT,8,7,40,40,900.0,0,0.0,4,10.0,5,579.46,3560.0,267386,true,completed
CV_h7s8n18.txt,BBLCT,8,7,40,40,900.0,0,0.0,4,10.0,8,898.01,4.8,261,true,completed
CV_h7s8n19.txt,BBLCT,8,7,40,40,900.0,0,0.0,3,7.5,7,895.23,4.9,260,true,completed
CV_h7s8n2.txt,BBLCT,8,7,40,40,900.0,0,0.0,7,17.5,8,899.40,7.8,480,true,completed
CV_h7s8n20.txt,BBLCT,8,7,40,40,900.0,1,2.5,6,15.0,8,872.56,7.1,294,true,completed
CV_h7s8n21.txt,BBLCT,8,7,40,40,900.0,0,0.0,6,15.0,7,858.70,435.1,26103,true,completed
CV_h7s8n22.txt,BBLCT,8,7,40,40,900.0,0,0.0,3,7.5,8,859.80,4.6,307,true,completed
CV_h7s8n23.txt,BBLCT,8,7,40,40,900.0,1,2.5,4,10.0,8,896.89,7.4,360,true,completed
CV_h7s8n24.txt,BBLCT,8,7,40,40,900.0,0,0.0,5,12.5,5,564.75,4456.8,234662,true,completed
CV_h7s8n25.txt,BBLCT,8,7,40,40,900.0,0,0.0,5,12.5,7,884.10,4.0,175,true,completed
CV_h7s8n26.txt,BBLCT,8,7,40,40,900.0,1,2.5,4,10.0,7,873.39,9.1,489,true,completed
CV_h7s8n27.txt,BBLCT,8,7,40,40,900.0,0,0.0,2,5.0,7,864.84,3.4,217,true,completed
CV_h7s8n28.txt,BBLCT,8,7,40,40,900.0,0,0.0,4,10.0,8,874.28,5.1,300,true,completed
CV_h7s8n29.txt,BBLCT,8,7,40,40,900.0,0,0.0,3,7.5,7,899.07,5.3,298,true,completed
CV_h7s8n3.txt,BBLCT,8,7,40,40,900.0,0,0.0,3,7.5,7,869.66,5.8,372,true,completed
CV_h7s8n30.txt,BBLCT,8,7,40,40,900.0,0,0.0,3,7.5,8,896.78,4.5,240,true,completed
CV_h7s8n31.txt,BBLCT,8,7,40,40,900.0,1,2.5,4,10.0,7,873.77,4.9,216,true,completed
CV_h7s8n32.txt,BBLCT,8,7,40,40,900.0,0,0.0,5,12.5,7,874.06,3.5,231,true,completed
CV_h7s8n33.txt,BBLCT,8,7,40,40,900.0,1,2.5,3,7.5,7,855.91,4.2,235,true,completed
CV_h7s8n34.txt,BBLCT,8,7,40,40,900.0,0,0.0,4,10.0,8,856.83,5.3,310,true,completed
CV_h7s8n35.txt,BBLCT,8,7,40,40,900.0,0,0.0,4,10.0,7,867.11,41.2,2041,true,completed
CV_h7s8n36.txt,BBLCT,8,7,40,40,900.0,0,0.0,6,15.0,7,848.53,5.2,310,true,completed
CV_h7s8n37.txt,BBLCT,8,7,40,40,900.0,0,0.0,3,7.5,8,895.51,6.1,318,true,completed
CV_h7s8n38.txt,BBLCT,8,7,40,40,900.0,0,0.0,4,10.0,8,888.78,4.2,283,true,completed
CV_h7s8n39.txt,BBLCT,8,7,40,40,900.0,0,0.0,2,5.0,7,879.63,6.2,483,true,completed
CV_h7s8n4.txt,BBLCT,8,7,40,40,900.0,0,0.0,2,5.0,7,856.04,5.6,321,true,completed
CV_h7s8n40.txt,BBLCT,8,7,40,40,900.0,0,0.0,2,5.0,7,869.76,4.2,222,true,completed
CV_h7s8n5.txt,BBLCT,8,7,40,40,900.0,0,0.0,3,7.5,7,861.86,2.8,178,true,completed
CV_h7s8n6.txt,BBLCT,8,7,40,40,900.0,0,0.0,2,5.0,7,847.17,20.6,1393,true,completed
CV_h7s8n7.txt,BBLCT,8,7,40,40,900.0,0,0.0,7,17.5,8,899.63,5.6,293,true,completed
CV_h7s8n8.txt,BBLCT,8,7,40,40,900.0,1,2.5,5,12.5,7,840.77,12.1,624,true,completed
CV_h7s8n9.txt,BBLCT,8,7,40,40,900.0,0,0.0,3,7.5,7,896.54,4.2,254,true,completed
CV_h7s9n1.txt,BBLCT,9,7,45,45,900.0,0,0.0,2,4.4,7,856.04,9.1,406,true,completed
CV_h7s9n10.txt,BBLCT,9,7,45,45,900.0,1,2.2,3,6.7,7,892.43,17.4,579,true,completed
CV_h7s9n11.txt,BBLCT,9,7,45,45,900.0,1,2.2,4,8.9,8,898.65,39.1,1325,true,completed
CV_h7s9n12.txt,BBLCT,9,7,45,45,900.0,0,0.0,8,17.8,7,849.20,17.0,854,true,completed
CV_h7s9n13.txt,BBLCT,9,7,45,45,900.0,1,2.2,4,8.9,7,889.53,8.5,264,true,completed
CV_h7s9n14.txt,BBLCT,9,7,45,45,900.0,0,0.0,2,4.4,7,896.20,14.6,578,true,completed
CV_h7s9n15.txt,BBLCT,9,7,45,45,900.0,0,0.0,6,13.3,8,898.07,73.7,2734,true,completed
CV_h7s9n16.txt,BBLCT,9,7,45,45,900.0,0,0.0,2,4.4,7,885.21,6.6,282,true,completed
CV_h7s9n17.txt,BBLCT,9,7,45,45,900.0,0,0.0,3,6.7,7,877.55,10.2,519,true,completed
CV_h7s9n18.txt,BBLCT,9,7,45,45,900.0,2,4.4,4,8.9,7,872.53,9.5,280,true,completed
CV_h7s9n19.txt,BBLCT,9,7,45,45,900.0,0,0.0,3,6.7,7,897.63,34.8,1105,true,completed
CV_h7s9n2.txt,BBLCT,9,7,45,45,900.0,0,0.0,5,11.1,8,899.40,32.3,1219,true,completed
CV_h7s9n20.txt,BBLCT,9,7,45,45,900.0,0,0.0,8,17.8,8,884.25,373.3,15042,true,completed
CV_h7s9n21.txt,BBLCT,9,7,45,45,900.0,0,0.0,4,8.9,8,897.31,7.0,336,true,completed
CV_h7s9n22.txt,BBLCT,9,7,45,45,900.0,0,0.0,3,6.7,7,895.36,6.7,332,true,completed
CV_h7s9n23.txt,BBLCT,9,7,45,45,900.0,0,0.0,2,4.4,7,895.90,5.7,277,true,completed
CV_h7s9n24.txt,BBLCT,9,7,45,45,900.0,0,0.0,5,11.1,7,858.71,12.5,510,true,completed
CV_h7s9n25.txt,BBLCT,9,7,45,45,900.0,1,2.2,2,4.4,7,882.83,6.0,227,true,completed
CV_h7s9n26.txt,BBLCT,9,7,45,45,900.0,0,0.0,4,8.9,8,897.36,11.5,508,true,completed
CV_h7s9n27.txt,BBLCT,9,7,45,45,900.0,0,0.0,3,6.7,8,895.66,11.6,479,true,completed
CV_h7s9n28.txt,BBLCT,9,7,45,45,900.0,1,2.2,5,11.1,7,823.47,12.0,430,true,completed
CV_h7s9n29.txt,BBLCT,9,7,45,45,900.0,0,0.0,5,11.1,7,880.37,11.1,490,true,completed
CV_h7s9n3.txt,BBLCT,9,7,45,45,900.0,0,0.0,2,4.4,7,869.87,6.9,301,true,completed
CV_h7s9n30.txt,BBLCT,9,7,45,45,900.0,1,2.2,5,11.1,7,882.11,18.1,641,true,completed
CV_h7s9n31.txt,BBLCT,9,7,45,45,900.0,0,0.0,3,6.7,8,894.93,9.1,408,true,completed
CV_h7s9n32.txt,BBLCT,9,7,45,45,900.0,0,0.0,8,17.8,7,832.96,32.7,1342,true,completed
CV_h7s9n33.txt,BBLCT,9,7,45,45,900.0,0,0.0,2,4.4,7,894.52,7.4,292,true,completed
CV_h7s9n34.txt,BBLCT,9,7,45,45,900.0,0,0.0,5,11.1,7,854.24,57.2,2001,true,completed
CV_h7s9n35.txt,BBLCT,9,7,45,45,900.0,0,0.0,3,6.7,7,880.37,10.1,461,true,completed
CV_h7s9n36.txt,BBLCT,9,7,45,45,900.0,0,0.0,3,6.7,8,895.64,7.7,379,true,completed
CV_h7s9n37.txt,BBLCT,9,7,45,45,900.0,1,2.2,3,6.7,7,875.67,7.5,280,true,completed
CV_h7s9n38.txt,BBLCT,9,7,45,45,900.0,0,0.0,3,6.7,8,898.99,41.1,1531,true,completed
CV_h7s9n39.txt,BBLCT,9,7,45,45,900.0,1,2.2,3,6.7,7,899.81,12.2,393,true,completed
CV_h7s9n4.txt,BBLCT,9,7,45,45,900.0,0,0.0,5,11.1,7,892.08,48.6,1451,true,completed
CV_h7s9n40.txt,BBLCT,9,7,45,45,900.0,0,0.0,2,4.4,8,896.76,4.8,243,true,completed
CV_h7s9n5.txt,BBLCT,9,7,45,45,900.0,1,2.2,6,13.3,8,894.22,9.4,346,true,completed
CV_h7s9n6.txt,BBLCT,9,7,45,45,900.0,1,2.2,4,8.9,8,891.43,11.2,369,true,completed
CV_h7s9n7.txt,BBLCT,9,7,45,45,900.0,0,0.0,4,8.9,7,863.11,6.8,303,true,completed
CV_h7s9n8.txt,BBLCT,9,7,45,45,900.0,0,0.0,5,11.1,8,896.04,12.5,542,true,completed
CV_h7s9n9.txt,BBLCT,9,7,45,45,900.0,0,0.0,3,6.7,8,899.08,5.5,252,true,completed
CV_h8s10n1.txt,BBLCT,10,8,60,60,900.0,0,0.0,3,5.0,8,897.28,61.4,1727,true,completed
CV_h8s10n10.txt,BBLCT,10,8,60,60,900.0,0,0.0,5,8.3,8,899.20,41.3,1099,true,completed
CV_h8s10n11.txt,BBLCT,10,8,60,60,900.0,0,0.0,2,3.3,7,898.20,8.3,278,true,completed
CV_h8s10n12.txt,BBLCT,10,8,60,60,900.0,0,0.0,2,3.3,8,895.98,11.7,434,true,completed
CV_h8s10n13.txt,BBLCT,10,8,60,60,900.0,0,0.0,2,3.3,7,899.16,7.6,263,true,completed
CV_h8s10n14.txt,BBLCT,10,8,60,60,900.0,0,0.0,1,1.7,4,497.74,9.5,343,true,completed
CV_h8s10n15.txt,BBLCT,10,8,60,60,900.0,0,0.0,2,3.3,8,896.74,50.7,1574,true,completed
CV_h8s10n16.txt,BBLCT,10,8,60,60,900.0,0,0.0,1,1.7,7,889.24,10.2,354,true,completed
CV_h8s10n17.txt,BBLCT,10,8,60,60,900.0,0,0.0,4,6.7,7,895.48,21.1,612,true,completed
CV_h8s10n18.txt,BBLCT,10,8,60,60,900.0,0,0.0,2,3.3,7,897.81,46.2,1217,true,completed
CV_h8s10n19.txt,BBLCT,10,8,60,60,900.0,0,0.0,4,6.7,7,899.84,18.3,501,true,completed
CV_h8s10n2.txt,BBLCT,10,8,60,60,900.0,0,0.0,4,6.7,8,899.40,14.7,474,true,completed
CV_h8s10n20.txt,BBLCT,10,8,60,60,900.0,1,1.7,4,6.7,7,899.45,16.7,354,true,completed
CV_h8s10n21.txt,BBLCT,10,8,60,60,900.0,0,0.0,4,6.7,8,885.63,359.0,14023,true,completed
CV_h8s10n22.txt,BBLCT,10,8,60,60,900.0,0,0.0,2,3.3,7,893.70,26.5,838,true,completed
CV_h8s10n23.txt,BBLCT,10,8,60,60,900.0,0,0.0,2,3.3,8,891.17,11.7,408,true,completed
CV_h8s10n24.txt,BBLCT,10,8,60,60,900.0,0,0.0,3,5.0,8,896.71,47.9,1324,true,completed
CV_h8s10n25.txt,BBLCT,10,8,60,60,900.0,1,1.7,5,8.3,7,895.00,21.3,522,true,completed
CV_h8s10n26.txt,BBLCT,10,8,60,60,900.0,1,1.7,5,8.3,7,899.98,22.6,517,true,completed
CV_h8s10n27.txt,BBLCT,10,8,60,60,900.0,1,1.7,4,6.7,7,885.50,936.0,23934,true,completed
CV_h8s10n28.txt,BBLCT,10,8,60,60,900.0,0,0.0,3,5.0,7,887.89,8.6,298,true,completed
CV_h8s10n29.txt,BBLCT,10,8,60,60,900.0,0,0.0,1,1.7,7,897.09,7.0,201,true,completed
CV_h8s10n3.txt,BBLCT,10,8,60,60,900.0,0,0.0,2,3.3,8,898.10,12.2,432,true,completed
CV_h8s10n30.txt,BBLCT,10,8,60,60,900.0,0,0.0,3,5.0,7,878.43,40.3,1145,true,completed
CV_h8s10n31.txt,BBLCT,10,8,60,60,900.0,1,1.7,4,6.7,8,890.60,88.6,1909,true,completed
CV_h8s10n32.txt,BBLCT,10,8,60,60,900.0,0,0.0,1,1.7,7,878.24,12.0,360,true,completed
CV_h8s10n33.txt,BBLCT,10,8,60,60,900.0,0,0.0,2,3.3,7,892.02,32.2,810,true,completed
CV_h8s10n34.txt,BBLCT,10,8,60,60,900.0,0,0.0,2,3.3,7,886.96,13.3,472,true,completed
CV_h8s10n35.txt,BBLCT,10,8,60,60,900.0,1,1.7,6,10.0,8,888.68,147.5,4851,true,completed
CV_h8s10n36.txt,BBLCT,10,8,60,60,900.0,0,0.0,4,6.7,8,899.52,14.5,479,true,completed
CV_h8s10n37.txt,BBLCT,10,8,60,60,900.0,0,0.0,2,3.3,7,895.57,7.3,201,true,completed
CV_h8s10n38.txt,BBLCT,10,8,60,60,900.0,0,0.0,1,1.7,5,662.66,11.0,401,true,completed
CV_h8s10n39.txt,BBLCT,10,8,60,60,900.0,0,0.0,1,1.7,7,898.84,6.0,191,true,completed
CV_h8s10n4.txt,BBLCT,10,8,60,60,900.0,0,0.0,1,1.7,8,890.04,8.5,310,true,completed
CV_h8s10n40.txt,BBLCT,10,8,60,60,900.0,0,0.0,3,5.0,7,867.88,20.8,597,true,completed
CV_h8s10n5.txt,BBLCT,10,8,60,60,900.0,0,0.0,3,5.0,7,878.24,12.5,360,true,completed
CV_h8s10n6.txt,BBLCT,10,8,60,60,900.0,0,0.0,3,5.0,8,899.92,14.3,399,true,completed
CV_h8s10n7.txt,BBLCT,10,8,60,60,900.0,0,0.0,3,5.0,7,898.25,11.4,340,true,completed
CV_h8s10n8.txt,BBLCT,10,8,60,60,900.0,1,1.7,2,3.3,7,886.73,15.4,355,true,completed
CV_h8s10n9.txt,BBLCT,10,8,60,60,900.0,1,1.7,6,10.0,7,898.05,53.6,985,true,completed
CV_h8s6n1.txt,BBLCT,6,8,36,36,900.0,0,0.0,3,8.3,7,836.06,12.7,1780,true,completed
CV_h8s6n10.txt,BBLCT,6,8,36,36,900.0,1,2.8,6,16.7,8,896.80,10.3,1152,true,completed
CV_h8s6n11.txt,BBLCT,6,8,36,36,900.0,0,0.0,2,5.6,5,630.31,102.3,19202,true,completed
CV_h8s6n12.txt,BBLCT,6,8,36,36,900.0,1,2.8,5,13.9,7,892.45,1.5,141,true,completed
CV_h8s6n13.txt,BBLCT,6,8,36,36,900.0,0,0.0,5,13.9,8,879.99,13.1,1817,true,completed
CV_h8s6n14.txt,BBLCT,6,8,36,36,900.0,0,0.0,5,13.9,7,844.42,1.3,147,true,completed
CV_h8s6n15.txt,BBLCT,6,8,36,36,900.0,0,0.0,1,2.8,8,896.76,1.0,141,true,completed
CV_h8s6n16.txt,BBLCT,6,8,36,36,900.0,0,0.0,2,5.6,5,582.10,1885.5,394421,true,completed
CV_h8s6n17.txt,BBLCT,6,8,36,36,900.0,0,0.0,2,5.6,7,899.14,1.2,115,true,completed
CV_h8s6n18.txt,BBLCT,6,8,36,36,900.0,1,2.8,4,11.1,7,884.89,1.4,154,true,completed
CV_h8s6n19.txt,BBLCT,6,8,36,36,900.0,0,0.0,2,5.6,8,897.80,7.8,1195,true,completed
CV_h8s6n2.txt,BBLCT,6,8,36,36,900.0,0,0.0,2,5.6,7,897.09,0.8,102,true,completed
CV_h8s6n20.txt,BBLCT,6,8,36,36,900.0,0,0.0,3,8.3,7,879.90,7.6,1218,true,completed
CV_h8s6n21.txt,BBLCT,6,8,36,36,900.0,0,0.0,2,5.6,7,890.80,2.0,278,true,completed
CV_h8s6n22.txt,BBLCT,6,8,36,36,900.0,0,0.0,2,5.6,7,864.90,35.2,6580,true,completed
CV_h8s6n23.txt,BBLCT,6,8,36,36,900.0,1,2.8,5,13.9,8,882.86,1.5,136,true,completed
CV_h8s6n24.txt,BBLCT,6,8,36,36,900.0,0,0.0,1,2.8,7,893.96,0.7,70,true,completed
CV_h8s6n25.txt,BBLCT,6,8,36,36,900.0,0,0.0,4,11.1,7,851.81,1.2,143,true,completed
CV_h8s6n26.txt,BBLCT,6,8,36,36,900.0,0,0.0,1,2.8,8,896.76,1.0,141,true,completed
CV_h8s6n27.txt,BBLCT,6,8,36,36,900.0,0,0.0,3,8.3,7,864.84,35.7,6543,true,completed
CV_h8s6n28.txt,BBLCT,6,8,36,36,900.0,0,0.0,4,11.1,3,323.85,42.2,3472,true,completed
CV_h8s6n29.txt,BBLCT,6,8,36,36,900.0,0,0.0,2,5.6,7,838.02,1.5,212,true,completed
CV_h8s6n3.txt,BBLCT,6,8,36,36,900.0,0,0.0,4,11.1,7,858.63,0.5,57,true,completed
CV_h8s6n30.txt,BBLCT,6,8,36,36,900.0,0,0.0,3,8.3,7,851.90,1.1,145,true,completed
CV_h8s6n31.txt,BBLCT,6,8,36,36,900.0,0,0.0,2,5.6,7,835.60,4.4,740,true,completed
CV_h8s6n32.txt,BBLCT,6,8,36,36,900.0,0,0.0,3,8.3,7,897.97,1.9,201,true,completed
CV_h8s6n33.txt,BBLCT,6,8,36,36,900.0,0,0.0,4,11.1,8,896.93,7.6,1291,true,completed
CV_h8s6n34.txt,BBLCT,6,8,36,36,900.0,0,0.0,1,2.8,5,686.72,22.4,3349,true,completed
CV_h8s6n35.txt,BBLCT,6,8,36,36,900.0,1,2.8,4,11.1,7,875.17,1.6,144,true,completed
CV_h8s6n36.txt,BBLCT,6,8,36,36,900.0,1,2.8,4,11.1,7,858.83,1.4,158,true,completed
CV_h8s6n37.txt,BBLCT,6,8,36,36,900.0,1,2.8,3,8.3,7,899.86,2.8,331,true,completed
CV_h8s6n38.txt,BBLCT,6,8,36,36,900.0,0,0.0,3,8.3,4,497.74,34.5,6535,true,completed
CV_h8s6n39.txt,BBLCT,6,8,36,36,900.0,0,0.0,3,8.3,8,874.60,1.3,148,true,completed
CV_h8s6n4.txt,BBLCT,6,8,36,36,900.0,0,0.0,2,5.6,7,862.44,1.2,152,true,completed
CV_h8s6n40.txt,BBLCT,6,8,36,36,900.0,0,0.0,2,5.6,5,665.00,1.0,137,true,completed
CV_h8s6n5.txt,BBLCT,6,8,36,36,900.0,0,0.0,3,8.3,7,887.41,1.0,128,true,completed
CV_h8s6n6.txt,BBLCT,6,8,36,36,900.0,1,2.8,2,5.6,5,663.99,19.8,3954,true,completed
CV_h8s6n7.txt,BBLCT,6,8,36,36,900.0,0,0.0,2,5.6,8,897.78,1.6,260,true,completed
CV_h8s6n8.txt,BBLCT,6,8,36,36,900.0,0,0.0,4,11.1,7,899.05,3.9,494,true,completed
CV_h8s6n9.txt,BBLCT,6,8,36,36,900.0,0,0.0,1,2.8,7,877.41,0.8,98,true,completed
CV_h12s10n1.txt,BBLCT,10,12,100,100,1200.0,0,0.0,0,0.0,0,0.00,0.4,1,true,completed
CV_h12s10n10.txt,BBLCT,10,12,100,100,1200.0,1,1.0,2,2.0,8,1197.71,74.4,1454,true,completed
CV_h12s10n11.txt,BBLCT,10,12,100,100,1200.0,0,0.0,1,1.0,6,822.29,38768.6,1306995,true,completed
CV_h12s10n12.txt,BBLCT,10,12,100,100,1200.0,0,0.0,1,1.0,10,1189.09,18.1,517,true,completed
CV_h12s10n13.txt,BBLCT,10,12,100,100,1200.0,0,0.0,5,5.0,8,1136.41,273.7,5710,true,completed
CV_h12s10n14.txt,BBLCT,10,12,100,100,1200.0,0,0.0,3,3.0,10,1199.27,26.0,596,true,completed
CV_h12s10n15.txt,BBLCT,10,12,100,100,1200.0,0,0.0,0,0.0,0,0.00,0.2,1,true,completed
CV_h12s10n16.txt,BBLCT,10,12,100,100,1200.0,0,0.0,3,3.0,10,1190.78,24.8,670,true,completed
CV_h12s10n17.txt,BBLCT,10,12,100,100,1200.0,0,0.0,1,1.0,9,1183.85,18.1,434,true,completed
CV_h12s10n18.txt,BBLCT,10,12,100,100,1200.0,0,0.0,1,1.0,7,1027.84,16.7,501,true,completed
CV_h12s10n19.txt,BBLCT,10,12,100,100,1200.0,0,0.0,2,2.0,10,1198.49,208.9,4694,true,completed
CV_h12s10n2.txt,BBLCT,10,12,100,100,1200.0,0,0.0,4,4.0,9,1179.52,73.7,1354,true,completed
CV_h12s10n20.txt,BBLCT,10,12,100,100,1200.0,0,0.0,2,2.0,10,1197.30,35.5,641,true,completed
CV_h12s10n21.txt,BBLCT,10,12,100,100,1200.0,0,0.0,0,0.0,0,0.00,15.8,493,true,completed
CV_h12s10n22.txt,BBLCT,10,12,100,100,1200.0,0,0.0,0,0.0,0,0.00,50.2,1164,true,completed
CV_h12s10n23.txt,BBLCT,10,12,100,100,1200.0,0,0.0,2,2.0,10,1199.66,33.1,628,true,completed
CV_h12s10n24.txt,BBLCT,10,12,100,100,1200.0,0,0.0,0,0.0,0,0.00,53.0,1164,true,completed
CV_h12s10n25.txt,BBLCT,10,12,100,100,1200.0,0,0.0,0,0.0,0,0.00,0.1,1,true,completed
CV_h12s10n26.txt,BBLCT,10,12,100,100,1200.0,1,1.0,3,3.0,10,1195.96,475.4,8977,true,completed
CV_h12s10n27.txt,BBLCT,10,12,100,100,1200.0,0,0.0,2,2.0,9,1184.23,12.3,355,true,completed
CV_h12s10n28.txt,BBLCT,10,12,100,100,1200.0,0,0.0,0,0.0,0,0.00,60.7,1814,true,completed
CV_h12s10n29.txt,BBLCT,10,12,100,100,1200.0,0,0.0,2,2.0,10,1198.88,23.1,509,true,completed
CV_h12s10n3.txt,BBLCT,10,12,100,100,1200.0,0,0.0,3,3.0,9,1199.94,22.8,575,true,completed
CV_h12s10n30.txt,BBLCT,10,12,100,100,1200.0,0,0.0,1,1.0,9,1183.85,18.1,434,true,completed
CV_h12s10n31.txt,BBLCT,10,12,100,100,1200.0,1,1.0,1,1.0,0,0.00,0.2,1,true,completed
CV_h12s10n32.txt,BBLCT,10,12,100,100,1200.0,1,1.0,1,1.0,0,0.00,0.2,1,true,completed
CV_h12s10n33.txt,BBLCT,10,12,100,100,1200.0,0,0.0,0,0.0,0,0.00,65.4,1814,true,completed
CV_h12s10n34.txt,BBLCT,10,12,100,100,1200.0,0,0.0,1,1.0,9,1194.41,16.5,366,true,completed
CV_h12s10n35.txt,BBLCT,10,12,100,100,1200.0,1,1.0,2,2.0,4,492.38,112.9,2085,true,completed
CV_h12s10n36.txt,BBLCT,10,12,100,100,1200.0,0,0.0,3,3.0,10,1188.91,72.6,2162,true,completed
CV_h12s10n37.txt,BBLCT,10,12,100,100,1200.0,4,4.0,5,5.0,9,1194.99,34.9,414,true,completed
CV_h12s10n38.txt,BBLCT,10,12,100,100,1200.0,0,0.0,3,3.0,8,1196.96,98.6,2491,true,completed
CV_h12s10n39.txt,BBLCT,10,12,100,100,1200.0,0,0.0,0,0.0,0,0.00,0.2,1,true,completed
CV_h12s10n4.txt,BBLCT,10,12,100,100,1200.0,0,0.0,1,1.0,8,1164.55,129.0,3799,true,completed
CV_h12s10n40.txt,BBLCT,10,12,100,100,1200.0,1,1.0,2,2.0,9,1155.92,21.9,434,true,completed
CV_h12s10n5.txt,BBLCT,10,12,100,100,1200.0,0,0.0,0,0.0,0,0.00,0.2,1,true,completed
CV_h12s10n6.txt,BBLCT,10,12,100,100,1200.0,0,0.0,2,2.0,8,1144.15,101.7,2205,true,completed
CV_h12s10n7.txt,BBLCT,10,12,100,100,1200.0,0,0.0,0,0.0,0,0.00,0.2,1,true,completed
CV_h12s10n8.txt,BBLCT,10,12,100,100,1200.0,0,0.0,2,2.0,9,1199.01,18.9,504,true,completed
CV_h12s10n9.txt,BBLCT,10,12,100,100,1200.0,0,0.0,0,0.0,0,0.00,128.2,3957,true,completed
CV_h12s6n1.txt,BBLCT,6,12,60,60,1200.0,0,0.0,1,1.7,8,1127.99,5.6,794,true,completed
CV_h12s6n10.txt,BBLCT,6,12,60,60,1200.0,0,0.0,1,1.7,8,1127.06,6.7,925,true,completed
CV_h12s6n11.txt,BBLCT,6,12,60,60,1200.0,0,0.0,4,6.7,10,1199.46,17074.3,2762257,true,completed
CV_h12s6n12.txt,BBLCT,6,12,60,60,1200.0,0,0.0,2,3.3,10,1182.94,44.6,5460,true,completed
CV_h12s6n13.txt,BBLCT,6,12,60,60,1200.0,0,0.0,0,0.0,0,0.00,0.1,1,true,completed
CV_h12s6n14.txt,BBLCT,6,12,60,60,1200.0,0,0.0,2,3.3,6,762.23,2.0,167,true,completed
CV_h12s6n15.txt,BBLCT,6,12,60,60,1200.0,0,0.0,2,3.3,9,1197.10,5.4,692,true,completed
CV_h12s6n16.txt,BBLCT,6,12,60,60,1200.0,0,0.0,3,5.0,9,1163.20,14.4,1728,true,completed
CV_h12s6n17.txt,BBLCT,6,12,60,60,1200.0,1,1.7,2,3.3,6,833.76,4.0,407,true,completed
CV_h12s6n18.txt,BBLCT,6,12,60,60,1200.0,1,1.7,2,3.3,7,921.97,1.7,166,true,completed
CV_h12s6n19.txt,BBLCT,6,12,60,60,1200.0,0,0.0,2,3.3,8,1173.77,6.7,712,true,completed
CV_h12s6n2.txt,BBLCT,6,12,60,60,1200.0,0,0.0,1,1.7,6,833.76,3.9,531,true,completed
CV_h12s6n20.txt,BBLCT,6,12,60,60,1200.0,0,0.0,1,1.7,9,1192.34,1.2,119,true,completed
CV_h12s6n21.txt,BBLCT,6,12,60,60,1200.0,0,0.0,4,6.7,10,1189.26,8.6,926,true,completed
CV_h12s6n22.txt,BBLCT,6,12,60,60,1200.0,0,0.0,3,5.0,9,1140.30,33.1,4153,true,completed
CV_h12s6n23.txt,BBLCT,6,12,60,60,1200.0,0,0.0,2,3.3,10,1174.32,1.6,155,true,completed
CV_h12s6n24.txt,BBLCT,6,12,60,60,1200.0,0,0.0,1,1.7,10,1196.36,1.9,188,true,completed
CV_h12s6n25.txt,BBLCT,6,12,60,60,1200.0,0,0.0,3,5.0,10,1197.64,1.6,164,true,completed
CV_h12s6n26.txt,BBLCT,6,12,60,60,1200.0,0,0.0,3,5.0,9,1188.19,3.2,351,true,completed
CV_h12s6n27.txt,BBLCT,6,12,60,60,1200.0,0,0.0,2,3.3,4,455.36,1.7,164,true,completed
CV_h12s6n28.txt,BBLCT,6,12,60,60,1200.0,0,0.0,2,3.3,5,654.79,11.8,1348,true,completed
CV_h12s6n29.txt,BBLCT,6,12,60,60,1200.0,0,0.0,0,0.0,0,0.00,0.1,1,true,completed
CV_h12s6n3.txt,BBLCT,6,12,60,60,1200.0,0,0.0,1,1.7,8,1127.99,5.6,794,true,completed
CV_h12s6n30.txt,BBLCT,6,12,60,60,1200.0,0,0.0,1,1.7,4,497.74,1.1,111,true,completed
CV_h12s6n31.txt,BBLCT,6,12,60,60,1200.0,0,0.0,0,0.0,0,0.00,9.3,1454,true,completed
CV_h12s6n32.txt,BBLCT,6,12,60,60,1200.0,0,0.0,1,1.7,10,1174.32,1.5,170,true,completed
CV_h12s6n33.txt,BBLCT,6,12,60,60,1200.0,0,0.0,1,1.7,9,1194.74,1.7,167,true,completed
CV_h12s6n34.txt,BBLCT,6,12,60,60,1200.0,0,0.0,1,1.7,9,1164.21,2.9,470,true,completed
CV_h12s6n35.txt,BBLCT,6,12,60,60,1200.0,0,0.0,0,0.0,0,0.00,0.1,1,true,completed
CV_h12s6n36.txt,BBLCT,6,12,60,60,1200.0,0,0.0,1,1.7,5,662.66,1.2,131,true,completed
CV_h12s6n37.txt,BBLCT,6,12,60,60,1200.0,0,0.0,7,11.7,8,990.30,4369.4,634381,true,completed
CV_h12s6n38.txt,BBLCT,6,12,60,60,1200.0,1,1.7,2,3.3,9,1168.01,1.3,98,true,completed
CV_h12s6n39.txt,BBLCT,6,12,60,60,1200.0,0,0.0,5,8.3,10,1199.78,25.5,2546,true,completed
CV_h12s6n4.txt,BBLCT,6,12,60,60,1200.0,0,0.0,0,0.0,0,0.00,0.1,1,true,completed
CV_h12s6n40.txt,BBLCT,6,12,60,60,1200.0,0,0.0,0,0.0,0,0.00,1.6,164,true,completed
CV_h12s6n5.txt,BBLCT,6,12,60,60,1200.0,0,0.0,2,3.3,10,1180.69,1.7,195,true,completed
CV_h12s6n6.txt,BBLCT,6,12,60,60,1200.0,0,0.0,2,3.3,10,1180.69,2.2,219,true,completed
CV_h12s6n7.txt,BBLCT,6,12,60,60,1200.0,0,0.0,1,1.7,7,1027.84,1.2,141,true,completed
CV_h12s6n8.txt,BBLCT,6,12,60,60,1200.0,0,0.0,0,0.0,0,0.00,0.1,1,true,completed
CV_h12s6n9.txt,BBLCT,6,12,60,60,1200.0,0,0.0,1,1.7,2,221.51,2.6,299,true,completed
CV_h5s3n1.txt,BBLCT,3,5,9,9,1200.0,1,11.1,7,77.8,10,1173.97,12.1,12033,true,completed
CV_h5s3n10.txt,BBLCT,3,5,9,9,1200.0,0,0.0,7,77.8,8,918.11,13.6,14366,true,completed
CV_h5s3n11.txt,BBLCT,3,5,9,9,1200.0,2,22.2,9,100.0,11,1193.68,13.5,12667,true,completed
CV_h5s3n12.txt,BBLCT,3,5,9,9,1200.0,0,0.0,9,100.0,10,1143.63,9.3,9593,true,completed
CV_h5s3n13.txt,BBLCT,3,5,9,9,1200.0,0,0.0,6,66.7,10,1142.09,41.6,44795,true,completed
CV_h5s3n14.txt,BBLCT,3,5,9,9,1200.0,0,0.0,6,66.7,10,1149.71,9.5,11259,true,completed
CV_h5s3n15.txt,BBLCT,3,5,9,9,1200.0,0,0.0,9,100.0,10,1119.03,0.6,439,true,completed
CV_h5s3n16.txt,BBLCT,3,5,9,9,1200.0,0,0.0,9,100.0,11,1191.33,16.8,19309,true,completed
CV_h5s3n17.txt,BBLCT,3,5,9,9,1200.0,2,22.2,9,100.0,10,1159.10,4.3,4444,true,completed
CV_h5s3n18.txt,BBLCT,3,5,9,9,1200.0,0,0.0,9,100.0,11,1183.13,11.0,9532,true,completed
CV_h5s3n19.txt,BBLCT,3,5,9,9,1200.0,0,0.0,6,66.7,11,1188.49,40.9,41244,true,completed
CV_h5s3n2.txt,BBLCT,3,5,9,9,1200.0,0,0.0,9,100.0,10,1146.45,5.2,5340,true,completed
CV_h5s3n20.txt,BBLCT,3,5,9,9,1200.0,0,0.0,5,55.6,8,884.62,10.3,11359,true,completed
CV_h5s3n21.txt,BBLCT,3,5,9,9,1200.0,1,11.1,4,44.4,10,1156.40,9.0,9283,true,completed
CV_h5s3n22.txt,BBLCT,3,5,9,9,1200.0,2,22.2,6,66.7,10,1141.46,110.3,101581,true,completed
CV_h5s3n23.txt,BBLCT,3,5,9,9,1200.0,0,0.0,9,100.0,10,1125.60,1.9,2440,true,completed
CV_h5s3n24.txt,BBLCT,3,5,9,9,1200.0,1,11.1,4,44.4,7,769.68,11.4,11580,true,completed
CV_h5s3n25.txt,BBLCT,3,5,9,9,1200.0,0,0.0,9,100.0,10,1173.97,0.4,328,true,completed
CV_h5s3n26.txt,BBLCT,3,5,9,9,1200.0,0,0.0,9,100.0,10,1151.57,0.6,416,true,completed
CV_h5s3n27.txt,BBLCT,3,5,9,9,1200.0,0,0.0,9,100.0,11,1191.96,0.5,393,true,completed
CV_h5s3n28.txt,BBLCT,3,5,9,9,1200.0,0,0.0,7,77.8,10,1141.46,64.9,64658,true,completed
CV_h5s3n29.txt,BBLCT,3,5,9,9,1200.0,0,0.0,7,77.8,10,1166.85,8.6,10120,true,completed
CV_h5s3n3.txt,BBLCT,3,5,9,9,1200.0,0,0.0,9,100.0,10,1118.62,0.2,55,true,completed
CV_h5s3n30.txt,BBLCT,3,5,9,9,1200.0,0,0.0,9,100.0,10,1147.69,7.6,7774,true,completed
CV_h5s3n31.txt,BBLCT,3,5,9,9,1200.0,0,0.0,9,100.0,11,1179.80,15.2,16808,true,completed
CV_h5s3n32.txt,BBLCT,3,5,9,9,1200.0,1,11.1,9,100.0,11,1198.98,0.2,78,true,completed
CV_h5s3n33.txt,BBLCT,3,5,9,9,1200.0,1,11.1,9,100.0,11,1189.00,17.8,18074,true,completed
CV_h5s3n34.txt,BBLCT,3,5,9,9,1200.0,0,0.0,7,77.8,10,1146.46,49.4,53869,true,completed
CV_h5s3n35.txt,BBLCT,3,5,9,9,1200.0,0,0.0,9,100.0,11,1199.08,4.1,4063,true,completed
CV_h5s3n36.txt,BBLCT,3,5,9,9,1200.0,0,0.0,9,100.0,11,1186.23,4.8,5747,true,completed
CV_h5s3n37.txt,BBLCT,3,5,9,9,1200.0,0,0.0,9,100.0,10,1149.71,2.8,3273,true,completed
CV_h5s3n38.txt,BBLCT,3,5,9,9,1200.0,0,0.0,9,100.0,10,1199.04,27.4,29017,true,completed
CV_h5s3n39.txt,BBLCT,3,5,9,9,1200.0,9,100.0,9,100.0,0,0.00,0.1,1,true,completed
CV_h5s3n4.txt,BBLCT,3,5,9,9,1200.0,1,11.1,9,100.0,11,1178.93,1.3,1323,true,completed
CV_h5s3n40.txt,BBLCT,3,5,9,9,1200.0,1,11.1,9,100.0,10,1148.35,0.3,202,true,completed
CV_h5s3n5.txt,BBLCT,3,5,9,9,1200.0,4,44.4,9,100.0,11,1159.67,1.2,971,true,completed
CV_h5s3n6.txt,BBLCT,3,5,9,9,1200.0,0,0.0,9,100.0,10,1133.45,1.4,1721,true,completed
CV_h5s3n7.txt,BBLCT,3,5,9,9,1200.0,0,0.0,9,100.0,11,1181.85,3.8,3705,true,completed
CV_h5s3n8.txt,BBLCT,3,5,9,9,1200.0,1,11.1,9,100.0,11,1193.70,0.7,558,true,completed
CV_h5s3n9.txt,BBLCT,3,5,9,9,1200.0,0,0.0,9,100.0,10,1170.75,32.6,30377,true,completed
CV_h5s4n1.txt,BBLCT,4,5,12,12,1200.0,2,16.7,12,100.0,10,1130.59,760.5,283657,true,completed
CV_h5s4n10.txt,BBLCT,4,5,12,12,1200.0,0,0.0,4,33.3,10,1157.27,4.6,2406,true,completed
CV_h5s4n11.txt,BBLCT,4,5,12,12,1200.0,1,8.3,12,100.0,10,1147.11,40.3,13814,true,completed
CV_h5s4n12.txt,BBLCT,4,5,12,12,1200.0,1,8.3,12,100.0,11,1196.09,105.7,44349,true,completed
CV_h5s4n13.txt,BBLCT,4,5,12,12,1200.0,1,8.3,12,100.0,11,1185.50,0.4,121,true,completed
CV_h5s4n14.txt,BBLCT,4,5,12,12,1200.0,0,0.0,12,100.0,10,1175.91,5.5,3087,true,completed
CV_h5s4n15.txt,BBLCT,4,5,12,12,1200.0,0,0.0,12,100.0,10,1160.94,1.4,477,true,completed
CV_h5s4n16.txt,BBLCT,4,5,12,12,1200.0,0,0.0,4,33.3,10,1128.08,82.4,40310,true,completed
CV_h5s4n17.txt,BBLCT,4,5,12,12,1200.0,0,0.0,12,100.0,11,1196.97,267.9,106808,true,completed
CV_h5s4n18.txt,BBLCT,4,5,12,12,1200.0,0,0.0,12,100.0,11,1197.41,113.2,45951,true,completed
CV_h5s4n19.txt,BBLCT,4,5,12,12,1200.0,0,0.0,12,100.0,10,1161.73,451.2,194915,true,completed
CV_h5s4n2.txt,BBLCT,4,5,12,12,1200.0,0,0.0,12,100.0,10,1165.71,2.7,1036,true,completed
CV_h5s4n20.txt,BBLCT,4,5,12,12,1200.0,0,0.0,12,100.0,10,1146.39,1.2,451,true,completed
CV_h5s4n21.txt,BBLCT,4,5,12,12,1200.0,1,8.3,6,50.0,11,1191.77,319.6,128665,true,completed
CV_h5s4n22.txt,BBLCT,4,5,12,12,1200.0,0,0.0,9,75.0,11,1190.58,22.6,10184,true,completed
CV_h5s4n23.txt,BBLCT,4,5,12,12,1200.0,3,25.0,12,100.0,10,1151.57,0.6,185,true,completed
CV_h5s4n24.txt,BBLCT,4,5,12,12,1200.0,0,0.0,8,66.7,10,1160.22,2046.9,853555,true,completed
CV_h5s4n25.txt,BBLCT,4,5,12,12,1200.0,0,0.0,12,100.0,11,1160.00,1.5,624,true,completed
CV_h5s4n26.txt,BBLCT,4,5,12,12,1200.0,1,8.3,12,100.0,11,1199.38,4.4,1952,true,completed
CV_h5s4n27.txt,BBLCT,4,5,12,12,1200.0,4,33.3,12,100.0,5,547.71,0.3,90,true,completed
CV_h5s4n28.txt,BBLCT,4,5,12,12,1200.0,0,0.0,12,100.0,11,1197.40,23.6,11925,true,completed
CV_h5s4n29.txt,BBLCT,4,5,12,12,1200.0,0,0.0,6,50.0,10,1157.09,33.1,15964,true,completed
CV_h5s4n3.txt,BBLCT,4,5,12,12,1200.0,1,8.3,7,58.3,10,1151.47,9.5,3573,true,completed
CV_h5s4n30.txt,BBLCT,4,5,12,12,1200.0,0,0.0,7,58.3,11,1196.82,122.0,52672,true,completed
CV_h5s4n31.txt,BBLCT,4,5,12,12,1200.0,0,0.0,12,100.0,11,1183.50,7.3,2886,true,completed
CV_h5s4n32.txt,BBLCT,4,5,12,12,1200.0,0,0.0,12,100.0,10,1170.29,34.6,20033,true,completed
CV_h5s4n33.txt,BBLCT,4,5,12,12,1200.0,0,0.0,4,33.3,5,645.68,380.4,192038,true,completed
CV_h5s4n34.txt,BBLCT,4,5,12,12,1200.0,0,0.0,12,100.0,10,1183.40,116.4,44916,true,completed
CV_h5s4n35.txt,BBLCT,4,5,12,12,1200.0,1,8.3,12,100.0,11,1197.14,1.6,582,true,completed
CV_h5s4n36.txt,BBLCT,4,5,12,12,1200.0,0,0.0,12,100.0,10,1156.75,932.1,449337,true,completed
CV_h5s4n37.txt,BBLCT,4,5,12,12,1200.0,3,25.0,12,100.0,10,1189.99,7.2,2402,true,completed
CV_h5s4n38.txt,BBLCT,4,5,12,12,1200.0,2,16.7,12,100.0,11,1197.08,19.1,7207,true,completed
CV_h5s4n39.txt,BBLCT,4,5,12,12,1200.0,0,0.0,12,100.0,10,1136.78,51.7,19966,true,completed
CV_h5s4n4.txt,BBLCT,4,5,12,12,1200.0,0,0.0,12,100.0,11,1195.41,2.7,1160,true,completed
CV_h5s4n40.txt,BBLCT,4,5,12,12,1200.0,0,0.0,12,100.0,11,1195.03,1.2,546,true,completed
CV_h5s4n5.txt,BBLCT,4,5,12,12,1200.0,1,8.3,12,100.0,10,1178.52,21.6,9542,true,completed
CV_h5s4n6.txt,BBLCT,4,5,12,12,1200.0,0,0.0,5,41.7,7,788.38,90.0,43112,true,completed
CV_h5s4n7.txt,BBLCT,4,5,12,12,1200.0,0,0.0,7,58.3,10,1193.41,137.7,69640,true,completed
CV_h5s4n8.txt,BBLCT,4,5,12,12,1200.0,2,16.7,12,100.0,10,1159.89,82.6,28775,true,completed
CV_h5s4n9.txt,BBLCT,4,5,12,12,1200.0,0,0.0,12,100.0,11,1168.01,0.7,292,true,completed
CV_h5s5n1.txt,BBLCT,5,5,15,15,1200.0,1,6.7,15,100.0,10,1146.67,439.4,81104,true,completed
CV_h5s5n10.txt,BBLCT,5,5,15,15,1200.0,3,20.0,15,100.0,10,1163.74,169.8,31158,true,completed
CV_h5s5n11.txt,BBLCT,5,5,15,15,1200.0,0,0.0,6,40.0,10,1176.76,1563.9,626314,true,completed
CV_h5s5n12.txt,BBLCT,5,5,15,15,1200.0,0,0.0,12,80.0,10,1188.23,829.8,214365,true,completed
CV_h5s5n13.txt,BBLCT,5,5,15,15,1200.0,0,0.0,6,40.0,10,1194.42,4.0,958,true,completed
CV_h5s5n14.txt,BBLCT,5,5,15,15,1200.0,0,0.0,15,100.0,10,1127.67,11.1,2607,true,completed
CV_h5s5n15.txt,BBLCT,5,5,15,15,1200.0,0,0.0,10,66.7,10,1136.39,147.7,27877,true,completed
CV_h5s5n16.txt,BBLCT,5,5,15,15,1200.0,0,0.0,15,100.0,10,1171.20,2667.4,564272,true,completed
CV_h5s5n17.txt,BBLCT,5,5,15,15,1200.0,0,0.0,12,80.0,10,1191.31,670.3,148700,true,completed
CV_h5s5n18.txt,BBLCT,5,5,15,15,1200.0,1,6.7,15,100.0,10,1194.21,985.7,160180,true,completed
CV_h5s5n19.txt,BBLCT,5,5,15,15,1200.0,1,6.7,15,100.0,10,1194.90,3.5,615,true,completed
CV_h5s5n2.txt,BBLCT,5,5,15,15,1200.0,0,0.0,7,46.7,10,1195.36,217.6,52778,true,completed
CV_h5s5n20.txt,BBLCT,5,5,15,15,1200.0,0,0.0,11,73.3,10,1196.55,163.5,35658,true,completed
CV_h5s5n21.txt,BBLCT,5,5,15,15,1200.0,0,0.0,15,100.0,10,1169.75,100.5,19214,true,completed
CV_h5s5n22.txt,BBLCT,5,5,15,15,1200.0,1,6.7,15,100.0,10,1173.32,647.7,138241,true,completed
CV_h5s5n23.txt,BBLCT,5,5,15,15,1200.0,1,6.7,15,100.0,11,1196.59,14.3,2753,true,completed
CV_h5s5n24.txt,BBLCT,5,5,15,15,1200.0,0,0.0,15,100.0,10,1174.46,1235.4,312893,true,completed
CV_h5s5n25.txt,BBLCT,5,5,15,15,1200.0,2,13.3,15,100.0,10,1189.49,502.9,86188,true,completed
CV_h5s5n26.txt,BBLCT,5,5,15,15,1200.0,0,0.0,15,100.0,10,1152.11,265.9,53282,true,completed
CV_h5s5n27.txt,BBLCT,5,5,15,15,1200.0,0,0.0,15,100.0,10,1191.78,201.8,43980,true,completed
CV_h5s5n28.txt,BBLCT,5,5,15,15,1200.0,0,0.0,15,100.0,10,1169.43,302.8,62142,true,completed
CV_h5s5n29.txt,BBLCT,5,5,15,15,1200.0,0,0.0,10,66.7,11,1176.08,161.9,36433,true,completed
CV_h5s5n3.txt,BBLCT,5,5,15,15,1200.0,0,0.0,13,86.7,10,1170.98,250.7,52054,true,completed
CV_h5s5n30.txt,BBLCT,5,5,15,15,1200.0,0,0.0,15,100.0,10,1161.39,49.3,9247,true,completed
CV_h5s5n31.txt,BBLCT,5,5,15,15,1200.0,1,6.7,7,46.7,10,1187.37,2472.7,542403,true,completed
CV_h5s5n32.txt,BBLCT,5,5,15,15,1200.0,0,0.0,15,100.0,10,1131.91,177.5,37682,true,completed
CV_h5s5n33.txt,BBLCT,5,5,15,15,1200.0,1,6.7,15,100.0,11,1198.53,4695.8,768638,true,completed
CV_h5s5n34.txt,BBLCT,5,5,15,15,1200.0,0,0.0,15,100.0,10,1162.14,0.7,223,true,completed
CV_h5s5n35.txt,BBLCT,5,5,15,15,1200.0,1,6.7,15,100.0,10,1159.59,2348.5,400085,true,completed
CV_h5s5n36.txt,BBLCT,5,5,15,15,1200.0,1,6.7,15,100.0,10,1183.41,877.9,163972,true,completed
CV_h5s5n37.txt,BBLCT,5,5,15,15,1200.0,0,0.0,4,26.7,7,874.96,708.8,223347,true,completed
CV_h5s5n38.txt,BBLCT,5,5,15,15,1200.0,0,0.0,15,100.0,11,1170.83,18.7,3300,true,completed
CV_h5s5n39.txt,BBLCT,5,5,15,15,1200.0,0,0.0,15,100.0,11,1198.92,19.6,3856,true,completed
CV_h5s5n4.txt,BBLCT,5,5,15,15,1200.0,0,0.0,15,100.0,11,1197.80,5.4,1219,true,completed
CV_h5s5n40.txt,BBLCT,5,5,15,15,1200.0,2,13.3,15,100.0,10,1196.48,653.2,112202,true,completed
CV_h5s5n5.txt,BBLCT,5,5,15,15,1200.0,0,0.0,6,40.0,10,1197.88,4197.8,1031922,true,completed
CV_h5s5n6.txt,BBLCT,5,5,15,15,1200.0,0,0.0,7,46.7,7,871.83,1498.1,388817,true,completed
CV_h5s5n7.txt,BBLCT,5,5,15,15,1200.0,0,0.0,15,100.0,11,1173.00,8.7,1864,true,completed
CV_h5s5n8.txt,BBLCT,5,5,15,15,1200.0,0,0.0,8,53.3,10,1165.88,5.9,1442,true,completed
CV_h5s5n9.txt,BBLCT,5,5,15,15,1200.0,0,0.0,8,53.3,8,919.12,1660.1,427075,true,completed
CV_h5s6n1.txt,BBLCT,6,5,18,18,1200.0,0,0.0,6,33.3,10,1172.96,986.6,151866,true,completed
CV_h5s6n10.txt,BBLCT,6,5,18,18,1200.0,1,5.6,18,100.0,10,1194.00,12193.5,1266000,true,completed
CV_h5s6n11.txt,BBLCT,6,5,18,18,1200.0,3,16.7,18,100.0,10,1196.09,3.5,569,true,completed
CV_h5s6n12.txt,BBLCT,6,5,18,18,1200.0,0,0.0,8,44.4,10,1198.65,2795.3,413396,true,completed
CV_h5s6n13.txt,BBLCT,6,5,18,18,1200.0,0,0.0,18,100.0,10,1191.18,1976.5,277824,true,completed
CV_h5s6n14.txt,BBLCT,6,5,18,18,1200.0,0,0.0,12,66.7,11,1196.20,3939.9,518471,true,completed
CV_h5s6n15.txt,BBLCT,6,5,18,18,1200.0,0,0.0,6,33.3,7,813.31,74450.4,9324267,true,completed
CV_h5s6n16.txt,BBLCT,6,5,18,18,1200.0,0,0.0,9,50.0,10,1199.03,741.5,118592,true,completed
CV_h5s6n17.txt,BBLCT,6,5,18,18,1200.0,0,0.0,8,44.4,9,1145.33,5003.0,732279,true,completed
CV_h5s6n18.txt,BBLCT,6,5,18,18,1200.0,2,11.1,18,100.0,10,1197.17,63375.2,6258692,true,completed
CV_h5s6n19.txt,BBLCT,6,5,18,18,1200.0,0,0.0,7,38.9,10,1197.54,605.1,108933,true,completed
CV_h5s6n2.txt,BBLCT,6,5,18,18,1200.0,0,0.0,18,100.0,10,1186.80,1885.3,264284,true,completed
CV_h5s6n20.txt,BBLCT,6,5,18,18,1200.0,0,0.0,18,100.0,10,1186.46,1540.2,162776,true,completed
CV_h5s6n21.txt,BBLCT,6,5,18,18,1200.0,1,5.6,9,50.0,10,1149.58,298.9,39770,true,completed
CV_h5s6n22.txt,BBLCT,6,5,18,18,1200.0,0,0.0,5,27.8,10,1193.60,9889.9,1726720,true,completed
CV_h5s6n23.txt,BBLCT,6,5,18,18,1200.0,0,0.0,7,38.9,10,1127.76,867.8,140845,true,completed
CV_h5s6n24.txt,BBLCT,6,5,18,18,1200.0,0,0.0,9,50.0,10,1191.05,1636.0,233700,true,completed
CV_h5s6n25.txt,BBLCT,6,5,18,18,1200.0,1,5.6,18,100.0,10,1198.87,164.9,20129,true,completed
CV_h5s6n26.txt,BBLCT,6,5,18,18,1200.0,0,0.0,5,27.8,10,1194.49,701.5,122260,true,completed
CV_h5s6n27.txt,BBLCT,6,5,18,18,1200.0,1,5.6,12,66.7,10,1190.61,13523.7,1849733,true,completed
CV_h5s6n28.txt,BBLCT,6,5,18,18,1200.0,2,11.1,18,100.0,10,1143.90,165.1,13059,true,completed
CV_h5s6n29.txt,BBLCT,6,5,18,18,1200.0,0,0.0,18,100.0,10,1196.96,11065.9,1536380,true,completed
CV_h5s6n3.txt,BBLCT,6,5,18,18,1200.0,0,0.0,6,33.3,7,812.43,54674.6,7135918,true,completed
CV_h5s6n30.txt,BBLCT,6,5,18,18,1200.0,4,22.2,9,50.0,10,1181.06,727.5,69704,true,completed
CV_h5s6n31.txt,BBLCT,6,5,18,18,1200.0,0,0.0,11,61.1,10,1152.07,1637.6,194365,true,completed
CV_h5s6n32.txt,BBLCT,6,5,18,18,1200.0,0,0.0,15,83.3,10,1185.85,8471.7,989196,true,completed
CV_h5s6n33.txt,BBLCT,6,5,18,18,1200.0,1,5.6,13,72.2,10,1198.79,11640.7,1244381,true,completed
CV_h5s6n34.txt,BBLCT,6,5,18,18,1200.0,0,0.0,14,77.8,11,1182.02,4783.7,569396,true,completed
CV_h5s6n35.txt,BBLCT,6,5,18,18,1200.0,1,5.6,18,100.0,10,1197.84,8.8,1286,true,completed
CV_h5s6n36.txt,BBLCT,6,5,18,18,1200.0,2,11.1,9,50.0,11,1198.24,30747.3,3418776,true,completed
CV_h5s6n37.txt,BBLCT,6,5,18,18,1200.0,0,0.0,6,33.3,10,1199.83,1288.9,199600,true,completed
CV_h5s6n38.txt,BBLCT,6,5,18,18,1200.0,0,0.0,12,66.7,10,1154.34,263.3,34362,true,completed
CV_h5s6n39.txt,BBLCT,6,5,18,18,1200.0,0,0.0,12,66.7,10,1184.93,1981.2,237254,true,completed
CV_h5s6n4.txt,BBLCT,6,5,18,18,1200.0,0,0.0,18,100.0,10,1187.77,243.2,29827,true,completed
CV_h5s6n40.txt,BBLCT,6,5,18,18,1200.0,1,5.6,9,50.0,10,1199.40,5019.5,562945,true,completed
CV_h5s6n5.txt,BBLCT,6,5,18,18,1200.0,0,0.0,18,100.0,10,1162.53,12.8,1169,true,completed
CV_h5s6n6.txt,BBLCT,6,5,18,18,1200.0,0,0.0,9,50.0,10,1193.20,4002.9,725350,true,completed
CV_h5s6n7.txt,BBLCT,6,5,18,18,1200.0,0,0.0,8,44.4,10,1198.64,1015.1,161232,true,completed
CV_h5s6n8.txt,BBLCT,6,5,18,18,1200.0,1,5.6,6,33.3,10,1174.98,1498.2,161993,true,completed
CV_h5s6n9.txt,BBLCT,6,5,18,18,1200.0,0,0.0,8,44.4,10,1182.35,620.5,73470,true,completed
CV_h5s7n1.txt,BBLCT,7,5,21,21,1200.0,0,0.0,21,100.0,10,1180.12,2609.4,183037,true,completed
CV_h5s7n10.txt,BBLCT,7,5,21,21,1200.0,0,0.0,17,81.0,10,1177.80,86653.7,4331363,true,completed
CV_h5s7n11.txt,BBLCT,7,5,21,21,1200.0,0,0.0,11,52.4,10,1180.27,460.4,49064,true,completed
CV_h5s7n12.txt,BBLCT,7,5,21,21,1200.0,1,4.8,14,66.7,10,1189.63,103722.7,7138643,true,completed
CV_h5s7n13.txt,BBLCT,7,5,21,21,1200.0,0,0.0,17,81.0,10,1193.59,6845.8,673351,true,completed
CV_h5s7n14.txt,BBLCT,7,5,21,21,1200.0,0,0.0,16,76.2,10,1198.73,1427.8,147052,true,completed
CV_h5s7n15.txt,BBLCT,7,5,21,21,1200.0,0,0.0,15,71.4,11,1199.00,56463.5,4107311,true,completed
CV_h5s7n16.txt,BBLCT,7,5,21,21,1200.0,3,14.3,13,61.9,10,1198.09,10567.9,682298,true,completed
CV_h5s7n17.txt,BBLCT,7,5,21,21,1200.0,1,4.8,11,52.4,7,788.97,19255.8,1177967,true,completed
CV_h5s7n18.txt,BBLCT,7,5,21,21,1200.0,5,23.8,12,57.1,10,1182.01,15833.2,842098,true,completed
CV_h5s7n19.txt,BBLCT,7,5,21,21,1200.0,0,0.0,7,33.3,8,960.24,2127.7,244114,true,completed
CV_h5s7n2.txt,BBLCT,7,5,21,21,1200.0,0,0.0,15,71.4,10,1158.58,1876.9,181442,true,completed
CV_h5s7n20.txt,BBLCT,7,5,21,21,1200.0,0,0.0,16,76.2,10,1173.59,233.9,16341,true,completed
CV_h5s7n21.txt,BBLCT,7,5,21,21,1200.0,0,0.0,12,57.1,10,1159.10,3189.7,240453,true,completed
CV_h5s7n22.txt,BBLCT,7,5,21,21,1200.0,0,0.0,7,33.3,8,984.54,4679.5,432058,true,completed
CV_h5s7n23.txt,BBLCT,7,5,21,21,1200.0,0,0.0,11,52.4,10,1153.38,931.5,64429,true,completed
CV_h5s7n24.txt,BBLCT,7,5,21,21,1200.0,1,4.8,21,100.0,10,1191.03,39.6,2576,true,completed
CV_h5s7n25.txt,BBLCT,7,5,21,21,1200.0,1,4.8,15,71.4,10,1185.60,177.5,14248,true,completed
CV_h5s7n26.txt,BBLCT,7,5,21,21,1200.0,0,0.0,10,47.6,10,1199.61,9961.4,821057,true,completed
CV_h5s7n27.txt,BBLCT,7,5,21,21,1200.0,0,0.0,8,38.1,10,1183.43,218.1,26203,true,completed
CV_h5s7n28.txt,BBLCT,7,5,21,21,1200.0,2,9.5,13,61.9,10,1172.14,116.5,6773,true,completed
CV_h5s7n29.txt,BBLCT,7,5,21,21,1200.0,1,4.8,6,28.6,10,1186.54,3562.3,371545,true,completed
CV_h5s7n3.txt,BBLCT,7,5,21,21,1200.0,3,14.3,9,42.9,10,1156.29,132124.7,8873336,true,completed
CV_h5s7n30.txt,BBLCT,7,5,21,21,1200.0,2,9.5,12,57.1,10,1196.19,64405.9,4253728,true,completed
CV_h5s7n31.txt,BBLCT,7,5,21,21,1200.0,0,0.0,21,100.0,10,1176.62,61954.5,4775713,true,completed
CV_h5s7n32.txt,BBLCT,7,5,21,21,1200.0,1,4.8,11,52.4,10,1181.92,166680.6,12599486,true,completed
CV_h5s7n33.txt,BBLCT,7,5,21,21,1200.0,0,0.0,10,47.6,10,1145.45,3206.7,331353,true,completed
CV_h5s7n34.txt,BBLCT,7,5,21,21,1200.0,0,0.0,21,100.0,10,1196.39,4413.6,360756,true,completed
CV_h5s7n35.txt,BBLCT,7,5,21,21,1200.0,0,0.0,8,38.1,10,1182.68,13868.7,1383636,true,completed
CV_h5s7n36.txt,BBLCT,7,5,21,21,1200.0,0,0.0,19,90.5,10,1170.81,28694.0,2037132,true,completed
CV_h5s7n37.txt,BBLCT,7,5,21,21,1200.0,0,0.0,17,81.0,11,1196.50,2213.1,186899,true,completed
CV_h5s7n38.txt,BBLCT,7,5,21,21,1200.0,1,4.8,7,33.3,10,1192.56,2855.6,245084,true,completed
CV_h5s7n39.txt,BBLCT,7,5,21,21,1200.0,0,0.0,21,100.0,10,1194.31,716.8,50629,true,completed
CV_h5s7n4.txt,BBLCT,7,5,21,21,1200.0,0,0.0,13,61.9,10,1198.15,258.8,23722,true,completed
CV_h5s7n40.txt,BBLCT,7,5,21,21,1200.0,0,0.0,10,47.6,10,1179.38,98.1,8379,true,completed
CV_h5s7n5.txt,BBLCT,7,5,21,21,1200.0,0,0.0,5,23.8,11,1165.84,2252.9,212556,true,completed
CV_h5s7n6.txt,BBLCT,7,5,21,21,1200.0,1,4.8,14,66.7,10,1194.50,3474.9,275961,true,completed
CV_h5s7n7.txt,BBLCT,7,5,21,21,1200.0,0,0.0,7,33.3,10,1196.26,59041.2,5913791,true,completed
CV_h5s7n8.txt,BBLCT,7,5,21,21,1200.0,0,0.0,14,66.7,10,1181.62,185.3,12697,true,completed
CV_h5s7n9.txt,BBLCT,7,5,21,21,1200.0,0,0.0,8,38.1,10,1191.30,18656.4,1897740,true,completed
CV_h5s8n1.txt,BBLCT,8,5,24,24,1200.0,0,0.0,24,100.0,10,1170.43,27261.6,1647032,true,completed
CV_h5s8n10.txt,BBLCT,8,5,24,24,1200.0,0,0.0,9,37.5,10,1198.88,55364.8,3653222,true,completed
CV_h5s8n11.txt,BBLCT,8,5,24,24,1200.0,1,4.2,15,62.5,10,1199.82,10172.1,603502,true,completed
CV_h5s8n12.txt,BBLCT,8,5,24,24,1200.0,0,0.0,9,37.5,10,1198.49,14647.0,1084548,true,completed
CV_h5s8n13.txt,BBLCT,8,5,24,24,1200.0,0,0.0,12,50.0,10,1174.41,20302.7,1191136,true,completed
CV_h5s8n14.txt,BBLCT,8,5,24,24,1200.0,0,0.0,8,33.3,10,1167.11,97863.9,5644913,true,completed
CV_h5s8n15.txt,BBLCT,8,5,24,24,1200.0,0,0.0,17,70.8,10,1175.22,13191.7,687530,true,completed
CV_h5s8n16.txt,BBLCT,8,5,24,24,1200.0,1,4.2,16,66.7,10,1198.88,71977.0,3008716,true,completed
CV_h5s8n17.txt,BBLCT,8,5,24,24,1200.0,1,4.2,17,70.8,10,1198.75,595033.8,24745984,false,cpu_limit
CV_h5s8n18.txt,BBLCT,8,5,24,24,1200.0,0,0.0,19,79.2,10,1184.07,13981.7,763421,true,completed
CV_h5s8n19.txt,BBLCT,8,5,24,24,1200.0,0,0.0,11,45.8,8,938.19,41442.2,2720153,true,completed
CV_h5s8n2.txt,BBLCT,8,5,24,24,1200.0,0,0.0,11,45.8,10,1192.12,28619.7,1264947,true,completed
CV_h5s8n20.txt,BBLCT,8,5,24,24,1200.0,0,0.0,8,33.3,7,790.12,167638.6,11949132,true,completed
CV_h5s8n21.txt,BBLCT,8,5,24,24,1200.0,0,0.0,14,58.3,10,1182.27,16751.9,803350,true,completed
CV_h5s8n22.txt,BBLCT,8,5,24,24,1200.0,0,0.0,13,54.2,10,1197.50,93423.8,6770670,true,completed
CV_h5s8n23.txt,BBLCT,8,5,24,24,1200.0,0,0.0,16,66.7,10,1199.13,2547.7,119812,true,completed
CV_h5s8n24.txt,BBLCT,8,5,24,24,1200.0,0,0.0,17,70.8,10,1197.50,139998.3,7190882,true,completed
CV_h5s8n25.txt,BBLCT,8,5,24,24,1200.0,1,4.2,18,75.0,10,1189.36,263824.6,13019661,true,completed
CV_h5s8n26.txt,BBLCT,8,5,24,24,1200.0,0,0.0,6,25.0,10,1190.58,442946.1,33688971,true,completed
CV_h5s8n27.txt,BBLCT,8,5,24,24,1200.0,0,0.0,24,100.0,10,1196.15,262111.4,15341971,true,completed
CV_h5s8n28.txt,BBLCT,8,5,24,24,1200.0,0,0.0,12,50.0,10,1158.67,830.6,45072,true,completed
CV_h5s8n29.txt,BBLCT,8,5,24,24,1200.0,0,0.0,7,29.2,10,1186.23,8877.3,488951,true,completed
CV_h5s8n3.txt,BBLCT,8,5,24,24,1200.0,0,0.0,15,62.5,10,1191.85,262307.0,11104222,true,completed
CV_h5s8n30.txt,BBLCT,8,5,24,24,1200.0,0,0.0,13,54.2,10,1198.91,3036.0,185171,true,completed
CV_h5s8n31.txt,BBLCT,8,5,24,24,1200.0,0,0.0,10,41.7,10,1198.42,88488.6,6650181,true,completed
CV_h5s8n32.txt,BBLCT,8,5,24,24,1200.0,0,0.0,14,58.3,10,1189.03,66779.3,4625846,true,completed
CV_h5s8n33.txt,BBLCT,8,5,24,24,1200.0,0,0.0,7,29.2,10,1194.27,1804.7,120876,true,completed
CV_h5s8n34.txt,BBLCT,8,5,24,24,1200.0,0,0.0,5,20.8,8,931.37,317984.7,22016360,true,completed
CV_h5s8n35.txt,BBLCT,8,5,24,24,1200.0,0,0.0,9,37.5,10,1199.55,26970.3,1829097,true,completed
CV_h5s8n36.txt,BBLCT,8,5,24,24,1200.0,0,0.0,7,29.2,10,1199.75,310463.7,20018557,true,completed
CV_h5s8n37.txt,BBLCT,8,5,24,24,1200.0,0,0.0,16,66.7,8,954.70,3090.2,194222,true,completed
CV_h5s8n38.txt,BBLCT,8,5,24,24,1200.0,0,0.0,10,41.7,10,1152.17,2762.0,134778,true,completed
CV_h5s8n39.txt,BBLCT,8,5,24,24,1200.0,0,0.0,16,66.7,10,1199.94,4260.4,242782,true,completed
CV_h5s8n4.txt,BBLCT,8,5,24,24,1200.0,1,4.2,9,37.5,10,1194.35,628.7,31505,true,completed
CV_h5s8n40.txt,BBLCT,8,5,24,24,1200.0,1,4.2,12,50.0,10,1199.44,24375.3,1405662,true,completed
CV_h5s8n5.txt,BBLCT,8,5,24,24,1200.0,0,0.0,11,45.8,10,1196.05,106374.3,6066315,true,completed
CV_h5s8n6.txt,BBLCT,8,5,24,24,1200.0,0,0.0,15,62.5,10,1178.92,26844.4,1440902,true,completed
CV_h5s8n7.txt,BBLCT,8,5,24,24,1200.0,0,0.0,8,33.3,10,1196.26,7750.1,391265,true,completed
CV_h5s8n8.txt,BBLCT,8,5,24,24,1200.0,2,8.3,9,37.5,9,1093.44,79647.5,3984322,true,completed
CV_h5s8n9.txt,BBLCT,8,5,24,24,1200.0,0,0.0,13,54.2,11,1199.71,2143.0,112672,true,completed
CV_h6s4n1.txt,BBLCT,4,6,16,16,1200.0,0,0.0,4,25.0,4,489.05,355.3,176107,true,completed
CV_h6s4n10.txt,BBLCT,4,6,16,16,1200.0,0,0.0,9,56.2,10,1167.78,663.6,293840,true,completed
CV_h6s4n11.txt,BBLCT,4,6,16,16,1200.0,0,0.0,4,25.0,9,1197.02,218.9,131248,true,completed
CV_h6s4n12.txt,BBLCT,4,6,16,16,1200.0,3,18.8,5,31.2,5,589.25,107.6,36234,true,completed
CV_h6s4n13.txt,BBLCT,4,6,16,16,1200.0,0,0.0,6,37.5,10,1158.51,7.3,2764,true,completed
CV_h6s4n14.txt,BBLCT,4,6,16,16,1200.0,0,0.0,3,18.8,10,1138.20,13.7,7462,true,completed
CV_h6s4n15.txt,BBLCT,4,6,16,16,1200.0,1,6.2,10,62.5,10,1126.86,105.8,33325,true,completed
CV_h6s4n16.txt,BBLCT,4,6,16,16,1200.0,0,0.0,4,25.0,9,1156.79,347.6,222594,true,completed
CV_h6s4n17.txt,BBLCT,4,6,16,16,1200.0,0,0.0,4,25.0,7,827.75,307.5,175583,true,completed
CV_h6s4n18.txt,BBLCT,4,6,16,16,1200.0,0,0.0,4,25.0,9,1197.39,1.0,509,true,completed
CV_h6s4n19.txt,BBLCT,4,6,16,16,1200.0,0,0.0,7,43.8,10,1184.13,112.9,53725,true,completed
CV_h6s4n2.txt,BBLCT,4,6,16,16,1200.0,0,0.0,10,62.5,10,1187.11,139.1,54950,true,completed
CV_h6s4n20.txt,BBLCT,4,6,16,16,1200.0,0,0.0,7,43.8,11,1199.75,11.7,4681,true,completed
CV_h6s4n21.txt,BBLCT,4,6,16,16,1200.0,0,0.0,4,25.0,9,1145.80,59.0,34277,true,completed
CV_h6s4n22.txt,BBLCT,4,6,16,16,1200.0,0,0.0,5,31.2,6,705.23,403.0,193045,true,completed
CV_h6s4n23.txt,BBLCT,4,6,16,16,1200.0,0,0.0,7,43.8,10,1185.06,29.6,14160,true,completed
CV_h6s4n24.txt,BBLCT,4,6,16,16,1200.0,0,0.0,6,37.5,7,815.04,282.6,134864,true,completed
CV_h6s4n25.txt,BBLCT,4,6,16,16,1200.0,1,6.2,6,37.5,10,1193.17,217.7,85775,true,completed
CV_h6s4n26.txt,BBLCT,4,6,16,16,1200.0,0,0.0,6,37.5,10,1198.78,48.9,19099,true,completed
CV_h6s4n27.txt,BBLCT,4,6,16,16,1200.0,0,0.0,5,31.2,6,735.34,16.6,8969,true,completed
CV_h6s4n28.txt,BBLCT,4,6,16,16,1200.0,0,0.0,4,25.0,10,1160.66,88.7,37312,true,completed
CV_h6s4n29.txt,BBLCT,4,6,16,16,1200.0,0,0.0,7,43.8,10,1197.14,267.2,136092,true,completed
CV_h6s4n3.txt,BBLCT,4,6,16,16,1200.0,2,12.5,5,31.2,10,1144.60,8.0,2910,true,completed
CV_h6s4n30.txt,BBLCT,4,6,16,16,1200.0,0,0.0,8,50.0,10,1175.63,20.0,9782,true,completed
CV_h6s4n31.txt,BBLCT,4,6,16,16,1200.0,1,6.2,6,37.5,10,1197.07,171.6,70300,true,completed
CV_h6s4n32.txt,BBLCT,4,6,16,16,1200.0,2,12.5,4,25.0,4,494.32,432.7,176201,true,completed
CV_h6s4n33.txt,BBLCT,4,6,16,16,1200.0,0,0.0,5,31.2,8,955.79,30.2,13395,true,completed
CV_h6s4n34.txt,BBLCT,4,6,16,16,1200.0,1,6.2,6,37.5,9,1128.40,363.0,168450,true,completed
CV_h6s4n35.txt,BBLCT,4,6,16,16,1200.0,0,0.0,4,25.0,9,1156.79,80.9,59500,true,completed
CV_h6s4n36.txt,BBLCT,4,6,16,16,1200.0,0,0.0,5,31.2,10,1182.14,9.9,5381,true,completed
CV_h6s4n37.txt,BBLCT,4,6,16,16,1200.0,1,6.2,10,62.5,11,1196.28,5.5,1774,true,completed
CV_h6s4n38.txt,BBLCT,4,6,16,16,1200.0,0,0.0,3,18.8,5,574.32,45.1,24814,true,completed
CV_h6s4n39.txt,BBLCT,4,6,16,16,1200.0,1,6.2,3,18.8,6,712.84,75.6,34466,true,completed
CV_h6s4n4.txt,BBLCT,4,6,16,16,1200.0,1,6.2,12,75.0,10,1187.15,119.6,43401,true,completed
CV_h6s4n40.txt,BBLCT,4,6,16,16,1200.0,0,0.0,3,18.8,10,1158.66,3.6,1748,true,completed
CV_h6s4n5.txt,BBLCT,4,6,16,16,1200.0,0,0.0,9,56.2,11,1178.41,98.5,43706,true,completed
CV_h6s4n6.txt,BBLCT,4,6,16,16,1200.0,1,6.2,16,100.0,10,1138.45,0.6,210,true,completed
CV_h6s4n7.txt,BBLCT,4,6,16,16,1200.0,0,0.0,5,31.2,11,1199.67,22.2,12667,true,completed
CV_h6s4n8.txt,BBLCT,4,6,16,16,1200.0,1,6.2,4,25.0,9,1160.20,3.6,1576,true,completed
CV_h6s4n9.txt,BBLCT,4,6,16,16,1200.0,0,0.0,16,100.0,10,1185.50,217.6,101993,true,completed
CV_h6s5n1.txt,BBLCT,5,6,20,20,1200.0,0,0.0,5,25.0,10,1180.80,815.0,187231,true,completed
CV_h6s5n10.txt,BBLCT,5,6,20,20,1200.0,0,0.0,6,30.0,10,1133.16,6.4,1525,true,completed
CV_h6s5n11.txt,BBLCT,5,6,20,20,1200.0,1,5.0,10,50.0,6,732.00,213.7,35373,true,completed
CV_h6s5n12.txt,BBLCT,5,6,20,20,1200.0,0,0.0,6,30.0,7,880.94,1527.0,354834,true,completed
CV_h6s5n13.txt,BBLCT,5,6,20,20,1200.0,1,5.0,9,45.0,10,1191.66,53.8,9821,true,completed
CV_h6s5n14.txt,BBLCT,5,6,20,20,1200.0,0,0.0,8,40.0,10,1198.16,310.1,77800,true,completed
CV_h6s5n15.txt,BBLCT,5,6,20,20,1200.0,0,0.0,5,25.0,6,758.52,44.3,12566,true,completed
CV_h6s5n16.txt,BBLCT,5,6,20,20,1200.0,0,0.0,4,20.0,7,870.72,834.5,247981,true,completed
CV_h6s5n17.txt,BBLCT,5,6,20,20,1200.0,1,5.0,6,30.0,9,1169.70,209.9,53678,true,completed
CV_h6s5n18.txt,BBLCT,5,6,20,20,1200.0,0,0.0,5,25.0,10,1153.24,24.9,6528,true,completed
CV_h6s5n19.txt,BBLCT,5,6,20,20,1200.0,0,0.0,5,25.0,7,853.36,1639.3,436766,true,completed
CV_h6s5n2.txt,BBLCT,5,6,20,20,1200.0,0,0.0,8,40.0,10,1193.14,4.2,1053,true,completed
CV_h6s5n20.txt,BBLCT,5,6,20,20,1200.0,0,0.0,9,45.0,9,1150.12,268.8,85277,true,completed
CV_h6s5n21.txt,BBLCT,5,6,20,20,1200.0,0,0.0,4,20.0,6,715.36,664.2,201695,true,completed
CV_h6s5n22.txt,BBLCT,5,6,20,20,1200.0,0,0.0,5,25.0,10,1198.43,24.1,5947,true,completed
CV_h6s5n23.txt,BBLCT,5,6,20,20,1200.0,0,0.0,6,30.0,6,702.86,454.8,125090,true,completed
CV_h6s5n24.txt,BBLCT,5,6,20,20,1200.0,1,5.0,3,15.0,6,697.41,309.9,82800,true,completed
CV_h6s5n25.txt,BBLCT,5,6,20,20,1200.0,0,0.0,11,55.0,10,1195.09,318.9,82378,true,completed
CV_h6s5n26.txt,BBLCT,5,6,20,20,1200.0,0,0.0,4,20.0,10,1174.72,1.2,209,true,completed
CV_h6s5n27.txt,BBLCT,5,6,20,20,1200.0,0,0.0,11,55.0,10,1160.13,783.4,173083,true,completed
CV_h6s5n28.txt,BBLCT,5,6,20,20,1200.0,0,0.0,9,45.0,10,1182.09,20.2,3572,true,completed
CV_h6s5n29.txt,BBLCT,5,6,20,20,1200.0,0,0.0,7,35.0,10,1172.12,50.5,13310,true,completed
CV_h6s5n3.txt,BBLCT,5,6,20,20,1200.0,1,5.0,6,30.0,10,1178.14,177.4,37173,true,completed
CV_h6s5n30.txt,BBLCT,5,6,20,20,1200.0,0,0.0,4,20.0,9,1173.95,237.7,76511,true,completed
CV_h6s5n31.txt,BBLCT,5,6,20,20,1200.0,0,0.0,4,20.0,10,1151.97,106.6,39195,true,completed
CV_h6s5n32.txt,BBLCT,5,6,20,20,1200.0,3,15.0,9,45.0,10,1194.83,1280.8,216874,true,completed
CV_h6s5n33.txt,BBLCT,5,6,20,20,1200.0,1,5.0,6,30.0,9,1177.56,478.1,111742,true,completed
CV_h6s5n34.txt,BBLCT,5,6,20,20,1200.0,0,0.0,4,20.0,10,1175.54,7.1,2130,true,completed
CV_h6s5n35.txt,BBLCT,5,6,20,20,1200.0,0,0.0,6,30.0,10,1195.87,6500.1,1652476,true,completed
CV_h6s5n36.txt,BBLCT,5,6,20,20,1200.0,0,0.0,6,30.0,10,1153.83,120.9,29007,true,completed
CV_h6s5n37.txt,BBLCT,5,6,20,20,1200.0,0,0.0,3,15.0,9,1157.23,10.1,3678,true,completed
CV_h6s5n38.txt,BBLCT,5,6,20,20,1200.0,1,5.0,7,35.0,9,1164.62,2167.6,539680,true,completed
CV_h6s5n39.txt,BBLCT,5,6,20,20,1200.0,0,0.0,7,35.0,10,1147.05,48.7,13167,true,completed
CV_h6s5n4.txt,BBLCT,5,6,20,20,1200.0,0,0.0,9,45.0,5,577.05,1234.2,239342,true,completed
CV_h6s5n40.txt,BBLCT,5,6,20,20,1200.0,1,5.0,7,35.0,11,1193.94,217.7,43869,true,completed
CV_h6s5n5.txt,BBLCT,5,6,20,20,1200.0,0,0.0,4,20.0,10,1198.75,44.7,14878,true,completed
CV_h6s5n6.txt,BBLCT,5,6,20,20,1200.0,0,0.0,4,20.0,7,852.80,21.4,6035,true,completed
CV_h6s5n7.txt,BBLCT,5,6,20,20,1200.0,0,0.0,9,45.0,10,1161.05,42.5,10102,true,completed
CV_h6s5n8.txt,BBLCT,5,6,20,20,1200.0,0,0.0,5,25.0,5,575.84,427.1,111600,true,completed
CV_h6s5n9.txt,BBLCT,5,6,20,20,1200.0,1,5.0,10,50.0,9,1171.85,483.3,109991,true,completed
CV_h6s6n1.txt,BBLCT,6,6,24,24,1200.0,0,0.0,9,37.5,10,1137.10,40.9,4885,true,completed
CV_h6s6n10.txt,BBLCT,6,6,24,24,1200.0,0,0.0,6,25.0,10,1194.51,81.8,10391,true,completed
CV_h6s6n11.txt,BBLCT,6,6,24,24,1200.0,0,0.0,6,25.0,9,1151.86,43021.5,10582939,true,completed
CV_h6s6n12.txt,BBLCT,6,6,24,24,1200.0,2,8.3,8,33.3,10,1192.45,1144.8,162225,true,completed
CV_h6s6n13.txt,BBLCT,6,6,24,24,1200.0,0,0.0,10,41.7,10,1171.76,22089.9,2381546,true,completed
CV_h6s6n14.txt,BBLCT,6,6,24,24,1200.0,0,0.0,14,58.3,10,1189.64,882.9,108868,true,completed
CV_h6s6n15.txt,BBLCT,6,6,24,24,1200.0,1,4.2,8,33.3,10,1166.76,147.1,19865,true,completed
CV_h6s6n16.txt,BBLCT,6,6,24,24,1200.0,2,8.3,14,58.3,10,1198.65,63289.3,7674063,true,completed
CV_h6s6n17.txt,BBLCT,6,6,24,24,1200.0,0,0.0,6,25.0,9,1145.70,2384.1,457468,true,completed
CV_h6s6n18.txt,BBLCT,6,6,24,24,1200.0,0,0.0,4,16.7,7,825.36,270.6,47336,true,completed
CV_h6s6n19.txt,BBLCT,6,6,24,24,1200.0,0,0.0,4,16.7,9,1189.72,6435.5,1242958,true,completed
CV_h6s6n2.txt,BBLCT,6,6,24,24,1200.0,1,4.2,10,41.7,10,1143.33,1572.0,153295,true,completed
CV_h6s6n20.txt,BBLCT,6,6,24,24,1200.0,0,0.0,11,45.8,10,1199.51,171.8,20080,true,completed
CV_h6s6n21.txt,BBLCT,6,6,24,24,1200.0,0,0.0,8,33.3,9,1189.93,61897.1,9378028,true,completed
CV_h6s6n22.txt,BBLCT,6,6,24,24,1200.0,0,0.0,9,37.5,6,702.66,896.7,125367,true,completed
CV_h6s6n23.txt,BBLCT,6,6,24,24,1200.0,0,0.0,8,33.3,10,1178.00,34.3,3616,true,completed
CV_h6s6n24.txt,BBLCT,6,6,24,24,1200.0,0,0.0,7,29.2,9,1156.06,3930.0,558349,true,completed
CV_h6s6n25.txt,BBLCT,6,6,24,24,1200.0,1,4.2,4,16.7,7,847.90,403.7,64826,true,completed
CV_h6s6n26.txt,BBLCT,6,6,24,24,1200.0,0,0.0,6,25.0,8,977.95,2904.7,425805,true,completed
CV_h6s6n27.txt,BBLCT,6,6,24,24,1200.0,1,4.2,6,25.0,7,811.68,1792.7,227393,true,completed
CV_h6s6n28.txt,BBLCT,6,6,24,24,1200.0,1,4.2,6,25.0,10,1182.53,101.7,16886,true,completed
CV_h6s6n29.txt,BBLCT,6,6,24,24,1200.0,0,0.0,6,25.0,10,1188.32,482.6,65380,true,completed
CV_h6s6n3.txt,BBLCT,6,6,24,24,1200.0,3,12.5,9,37.5,11,1195.37,386.5,37598,true,completed
CV_h6s6n30.txt,BBLCT,6,6,24,24,1200.0,0,0.0,9,37.5,10,1197.32,102.6,16111,true,completed
CV_h6s6n31.txt,BBLCT,6,6,24,24,1200.0,1,4.2,12,50.0,8,945.95,144.8,16715,true,completed
CV_h6s6n32.txt,BBLCT,6,6,24,24,1200.0,0,0.0,10,41.7,9,1144.33,181.9,30690,true,completed
CV_h6s6n33.txt,BBLCT,6,6,24,24,1200.0,0,0.0,7,29.2,10,1189.76,911.7,132453,true,completed
CV_h6s6n34.txt,BBLCT,6,6,24,24,1200.0,0,0.0,8,33.3,9,1197.47,8553.2,1205861,true,completed
CV_h6s6n35.txt,BBLCT,6,6,24,24,1200.0,0,0.0,8,33.3,10,1171.34,6500.0,899542,true,completed
CV_h6s6n36.txt,BBLCT,6,6,24,24,1200.0,0,0.0,4,16.7,7,823.82,6792.2,922430,true,completed
CV_h6s6n37.txt,BBLCT,6,6,24,24,1200.0,0,0.0,5,20.8,10,1192.56,7191.8,1146780,true,completed
CV_h6s6n38.txt,BBLCT,6,6,24,24,1200.0,0,0.0,7,29.2,9,1136.55,310.7,41879,true,completed
CV_h6s6n39.txt,BBLCT,6,6,24,24,1200.0,0,0.0,4,16.7,10,1198.46,2085.8,481999,true,completed
CV_h6s6n4.txt,BBLCT,6,6,24,24,1200.0,2,8.3,7,29.2,10,1187.46,92.5,12327,true,completed
CV_h6s6n40.txt,BBLCT,6,6,24,24,1200.0,0,0.0,8,33.3,10,1182.45,417.8,54685,true,completed
CV_h6s6n5.txt,BBLCT,6,6,24,24,1200.0,0,0.0,7,29.2,9,1188.62,24291.4,6947091,true,completed
CV_h6s6n6.txt,BBLCT,6,6,24,24,1200.0,0,0.0,5,20.8,10,1178.80,983.3,191069,true,completed
CV_h6s6n7.txt,BBLCT,6,6,24,24,1200.0,0,0.0,9,37.5,10,1185.84,3438.6,610747,true,completed
CV_h6s6n8.txt,BBLCT,6,6,24,24,1200.0,0,0.0,11,45.8,10,1199.74,7.1,1084,true,completed
CV_h6s6n9.txt,BBLCT,6,6,24,24,1200.0,1,4.2,11,45.8,9,1196.17,48141.7,8892639,true,completed
CV_h6s7n1.txt,BBLCT,7,6,28,28,1200.0,1,3.6,8,28.6,10,1197.77,435.7,36277,true,completed
CV_h6s7n10.txt,BBLCT,7,6,28,28,1200.0,2,7.1,10,35.7,10,1161.53,3709.0,255123,true,completed
CV_h6s7n11.txt,BBLCT,7,6,28,28,1200.0,0,0.0,8,28.6,10,1198.02,50809.7,5850200,true,completed
CV_h6s7n12.txt,BBLCT,7,6,28,28,1200.0,2,7.1,8,28.6,7,813.52,2899.5,218864,true,completed
CV_h6s7n13.txt,BBLCT,7,6,28,28,1200.0,0,0.0,12,42.9,10,1176.80,8210.5,661357,true,completed
CV_h6s7n14.txt,BBLCT,7,6,28,28,1200.0,0,0.0,6,21.4,10,1186.28,1896.3,214726,true,completed
CV_h6s7n15.txt,BBLCT,7,6,28,28,1200.0,0,0.0,7,25.0,10,1155.15,56392.7,6516272,true,completed
CV_h6s7n16.txt,BBLCT,7,6,28,28,1200.0,1,3.6,6,21.4,10,1183.51,1700.3,139834,true,completed
CV_h6s7n17.txt,BBLCT,7,6,28,28,1200.0,2,7.1,12,42.9,9,1147.76,300.7,21212,true,completed
CV_h6s7n18.txt,BBLCT,7,6,28,28,1200.0,1,3.6,5,17.9,10,1194.39,7290.4,661653,true,completed
CV_h6s7n19.txt,BBLCT,7,6,28,28,1200.0,0,0.0,9,32.1,10,1160.02,8349.1,629611,true,completed
CV_h6s7n2.txt,BBLCT,7,6,28,28,1200.0,0,0.0,9,32.1,10,1189.65,4792.2,512382,true,completed
CV_h6s7n20.txt,BBLCT,7,6,28,28,1200.0,1,3.6,6,21.4,10,1192.04,37446.6,3169060,true,completed
CV_h6s7n21.txt,BBLCT,7,6,28,28,1200.0,0,0.0,2,7.1,7,813.54,595031.0,114061312,false,cpu_limit
CV_h6s7n22.txt,BBLCT,7,6,28,28,1200.0,0,0.0,9,32.1,10,1198.53,711.0,52656,true,completed
CV_h6s7n23.txt,BBLCT,7,6,28,28,1200.0,0,0.0,11,39.3,10,1175.36,130.0,9559,true,completed
CV_h6s7n24.txt,BBLCT,7,6,28,28,1200.0,0,0.0,7,25.0,10,1199.99,9483.7,784124,true,completed
CV_h6s7n25.txt,BBLCT,7,6,28,28,1200.0,0,0.0,5,17.9,9,1186.07,5417.2,627821,true,completed
CV_h6s7n26.txt,BBLCT,7,6,28,28,1200.0,0,0.0,8,28.6,7,814.38,39865.1,3039285,true,completed
CV_h6s7n27.txt,BBLCT,7,6,28,28,1200.0,0,0.0,7,25.0,10,1189.84,6.7,678,true,completed
CV_h6s7n28.txt,BBLCT,7,6,28,28,1200.0,0,0.0,4,14.3,10,1189.91,20021.5,3204798,true,completed
CV_h6s7n29.txt,BBLCT,7,6,28,28,1200.0,1,3.6,6,21.4,10,1184.89,535.0,48477,true,completed
CV_h6s7n3.txt,BBLCT,7,6,28,28,1200.0,1,3.6,7,25.0,10,1168.72,58.8,7108,true,completed
CV_h6s7n30.txt,BBLCT,7,6,28,28,1200.0,1,3.6,8,28.6,10,1168.21,1597.5,136721,true,completed
CV_h6s7n31.txt,BBLCT,7,6,28,28,1200.0,0,0.0,4,14.3,10,1161.69,1204.3,171976,true,completed
CV_h6s7n32.txt,BBLCT,7,6,28,28,1200.0,0,0.0,5,17.9,10,1142.70,76.8,8423,true,completed
CV_h6s7n33.txt,BBLCT,7,6,28,28,1200.0,0,0.0,9,32.1,10,1172.24,2426.5,257612,true,completed
CV_h6s7n34.txt,BBLCT,7,6,28,28,1200.0,0,0.0,7,25.0,10,1193.84,1722.5,156798,true,completed
CV_h6s7n35.txt,BBLCT,7,6,28,28,1200.0,0,0.0,3,10.7,10,1198.94,151819.3,18227090,true,completed
CV_h6s7n36.txt,BBLCT,7,6,28,28,1200.0,0,0.0,8,28.6,10,1193.02,471.7,47706,true,completed
CV_h6s7n37.txt,BBLCT,7,6,28,28,1200.0,0,0.0,6,21.4,10,1197.38,426.1,30802,true,completed
CV_h6s7n38.txt,BBLCT,7,6,28,28,1200.0,0,0.0,11,39.3,10,1173.05,26004.2,2391403,true,completed
CV_h6s7n39.txt,BBLCT,7,6,28,28,1200.0,1,3.6,8,28.6,10,1194.40,572.7,41783,true,completed
CV_h6s7n4.txt,BBLCT,7,6,28,28,1200.0,0,0.0,3,10.7,7,800.31,359879.6,53732015,true,completed
CV_h6s7n40.txt,BBLCT,7,6,28,28,1200.0,0,0.0,7,25.0,10,1163.57,478.4,44588,true,completed
CV_h6s7n5.txt,BBLCT,7,6,28,28,1200.0,0,0.0,8,28.6,10,1199.82,391.6,29890,true,completed
CV_h6s7n6.txt,BBLCT,7,6,28,28,1200.0,2,7.1,4,14.3,6,728.44,48676.4,5131594,true,completed
CV_h6s7n7.txt,BBLCT,7,6,28,28,1200.0,1,3.6,7,25.0,10,1139.73,613.2,71748,true,completed
CV_h6s7n8.txt,BBLCT,7,6,28,28,1200.0,0,0.0,6,21.4,10,1199.91,4117.2,344491,true,completed
CV_h6s7n9.txt,BBLCT,7,6,28,28,1200.0,0,0.0,8,28.6,11,1199.18,2515.3,401168,true,completed
CV_h7s10n1.txt,BBLCT,10,7,50,50,1200.0,0,0.0,2,4.0,10,1199.36,72.8,2292,true,completed
CV_h7s10n10.txt,BBLCT,10,7,50,50,1200.0,0,0.0,3,6.0,10,1195.44,109.2,3098,true,completed
CV_h7s10n11.txt,BBLCT,10,7,50,50,1200.0,0,0.0,5,10.0,10,1197.21,20.0,723,true,completed
CV_h7s10n12.txt,BBLCT,10,7,50,50,1200.0,0,0.0,3,6.0,10,1199.29,13160.0,492633,true,completed
CV_h7s10n13.txt,BBLCT,10,7,50,50,1200.0,0,0.0,8,16.0,10,1179.51,9683.9,267038,true,completed
CV_h7s10n14.txt,BBLCT,10,7,50,50,1200.0,0,0.0,6,12.0,9,1191.55,1032.3,35736,true,completed
CV_h7s10n15.txt,BBLCT,10,7,50,50,1200.0,0,0.0,4,8.0,7,823.67,315.7,8314,true,completed
CV_h7s10n16.txt,BBLCT,10,7,50,50,1200.0,1,2.0,8,16.0,10,1197.18,433853.5,10339514,true,completed
CV_h7s10n17.txt,BBLCT,10,7,50,50,1200.0,0,0.0,5,10.0,10,1170.75,35.7,881,true,completed
CV_h7s10n18.txt,BBLCT,10,7,50,50,1200.0,0,0.0,7,14.0,10,1198.16,56021.4,1670611,true,completed
CV_h7s10n19.txt,BBLCT,10,7,50,50,1200.0,1,2.0,6,12.0,10,1198.65,227999.9,6654079,true,completed
CV_h7s10n2.txt,BBLCT,10,7,50,50,1200.0,0,0.0,2,4.0,10,1197.42,482.5,17182,true,completed
CV_h7s10n20.txt,BBLCT,10,7,50,50,1200.0,0,0.0,6,12.0,10,1196.01,1456.1,42020,true,completed
CV_h7s10n21.txt,BBLCT,10,7,50,50,1200.0,0,0.0,5,10.0,10,1148.43,48.7,1358,true,completed
CV_h7s10n22.txt,BBLCT,10,7,50,50,1200.0,0,0.0,3,6.0,10,1198.28,28.2,903,true,completed
CV_h7s10n23.txt,BBLCT,10,7,50,50,1200.0,0,0.0,2,4.0,10,1198.90,184.5,7379,true,completed
CV_h7s10n24.txt,BBLCT,10,7,50,50,1200.0,0,0.0,3,6.0,10,1197.69,1391.7,47415,true,completed
CV_h7s10n25.txt,BBLCT,10,7,50,50,1200.0,2,4.0,7,14.0,10,1199.63,287.7,6389,true,completed
CV_h7s10n26.txt,BBLCT,10,7,50,50,1200.0,0,0.0,5,10.0,7,829.98,326074.9,10329762,true,completed
CV_h7s10n27.txt,BBLCT,10,7,50,50,1200.0,0,0.0,4,8.0,10,1198.59,24.0,895,true,completed
CV_h7s10n28.txt,BBLCT,10,7,50,50,1200.0,0,0.0,2,4.0,9,1155.92,12.6,439,true,completed
CV_h7s10n29.txt,BBLCT,10,7,50,50,1200.0,0,0.0,7,14.0,11,1176.27,6912.8,271279,true,completed
CV_h7s10n3.txt,BBLCT,10,7,50,50,1200.0,0,0.0,4,8.0,10,1190.71,13531.2,548212,true,completed
CV_h7s10n30.txt,BBLCT,10,7,50,50,1200.0,0,0.0,4,8.0,10,1196.69,20.9,653,true,completed
CV_h7s10n31.txt,BBLCT,10,7,50,50,1200.0,1,2.0,6,12.0,10,1180.75,595038.5,16548864,false,cpu_limit
CV_h7s10n32.txt,BBLCT,10,7,50,50,1200.0,0,0.0,8,16.0,10,1199.41,48814.3,1151226,true,completed
CV_h7s10n33.txt,BBLCT,10,7,50,50,1200.0,0,0.0,5,10.0,10,1199.24,363.4,13135,true,completed
CV_h7s10n34.txt,BBLCT,10,7,50,50,1200.0,0,0.0,10,20.0,11,1198.55,32.7,853,true,completed
CV_h7s10n35.txt,BBLCT,10,7,50,50,1200.0,0,0.0,4,8.0,6,712.20,5688.4,198543,true,completed
CV_h7s10n36.txt,BBLCT,10,7,50,50,1200.0,0,0.0,6,12.0,11,1197.70,1548.8,40460,true,completed
CV_h7s10n37.txt,BBLCT,10,7,50,50,1200.0,0,0.0,8,16.0,10,1190.16,370.8,11877,true,completed
CV_h7s10n38.txt,BBLCT,10,7,50,50,1200.0,0,0.0,6,12.0,10,1194.92,24.1,766,true,completed
CV_h7s10n39.txt,BBLCT,10,7,50,50,1200.0,0,0.0,5,10.0,8,953.35,484093.8,18782709,true,completed
CV_h7s10n4.txt,BBLCT,10,7,50,50,1200.0,0,0.0,8,16.0,10,1155.22,92681.4,3269986,true,completed
CV_h7s10n40.txt,BBLCT,10,7,50,50,1200.0,0,0.0,6,12.0,10,1128.86,595044.6,24365056,false,cpu_limit
CV_h7s10n5.txt,BBLCT,10,7,50,50,1200.0,0,0.0,5,10.0,10,1174.12,42.4,1276,true,completed
CV_h7s10n6.txt,BBLCT,10,7,50,50,1200.0,0,0.0,3,6.0,10,1197.68,3340.9,117540,true,completed
CV_h7s10n7.txt,BBLCT,10,7,50,50,1200.0,0,0.0,4,8.0,10,1197.50,251.9,9168,true,completed
CV_h7s10n8.txt,BBLCT,10,7,50,50,1200.0,0,0.0,4,8.0,10,1199.58,303.6,9189,true,completed
CV_h7s10n9.txt,BBLCT,10,7,50,50,1200.0,0,0.0,6,12.0,7,781.42,595036.3,21022720,false,cpu_limit
CV_h7s4n1.txt,BBLCT,4,7,20,20,1200.0,0,0.0,3,15.0,6,774.21,8.5,3975,true,completed
CV_h7s4n10.txt,BBLCT,4,7,20,20,1200.0,0,0.0,4,20.0,9,1185.94,518.2,241947,true,completed
CV_h7s4n11.txt,BBLCT,4,7,20,20,1200.0,0,0.0,6,30.0,8,954.24,90.5,35943,true,completed
CV_h7s4n12.txt,BBLCT,4,7,20,20,1200.0,0,0.0,2,10.0,9,1134.71,35.1,26051,true,completed
CV_h7s4n13.txt,BBLCT,4,7,20,20,1200.0,0,0.0,3,15.0,9,1192.56,267.3,159678,true,completed
CV_h7s4n14.txt,BBLCT,4,7,20,20,1200.0,0,0.0,5,25.0,9,1186.82,276.5,168337,true,completed
CV_h7s4n15.txt,BBLCT,4,7,20,20,1200.0,0,0.0,7,35.0,4,473.84,4.6,1488,true,completed
CV_h7s4n16.txt,BBLCT,4,7,20,20,1200.0,0,0.0,3,15.0,9,1184.07,109.9,58127,true,completed
CV_h7s4n17.txt,BBLCT,4,7,20,20,1200.0,0,0.0,2,10.0,9,1187.26,410.8,304861,true,completed
CV_h7s4n18.txt,BBLCT,4,7,20,20,1200.0,1,5.0,7,35.0,10,1119.81,74.0,25837,true,completed
CV_h7s4n19.txt,BBLCT,4,7,20,20,1200.0,0,0.0,4,20.0,11,1197.39,5.0,2888,true,completed
CV_h7s4n2.txt,BBLCT,4,7,20,20,1200.0,0,0.0,2,10.0,9,1189.65,403.2,348837,true,completed
CV_h7s4n20.txt,BBLCT,4,7,20,20,1200.0,0,0.0,5,25.0,10,1194.77,1120.1,686746,true,completed
CV_h7s4n21.txt,BBLCT,4,7,20,20,1200.0,0,0.0,5,25.0,10,1189.89,0.6,213,true,completed
CV_h7s4n22.txt,BBLCT,4,7,20,20,1200.0,3,15.0,6,30.0,10,1197.69,107.0,52750,true,completed
CV_h7s4n23.txt,BBLCT,4,7,20,20,1200.0,0,0.0,7,35.0,4,449.45,195.2,85405,true,completed
CV_h7s4n24.txt,BBLCT,4,7,20,20,1200.0,0,0.0,1,5.0,4,501.60,33.4,22077,true,completed
CV_h7s4n25.txt,BBLCT,4,7,20,20,1200.0,3,15.0,13,65.0,10,1140.78,141.8,39244,true,completed
CV_h7s4n26.txt,BBLCT,4,7,20,20,1200.0,0,0.0,2,10.0,9,1125.80,33.2,20555,true,completed
CV_h7s4n27.txt,BBLCT,4,7,20,20,1200.0,0,0.0,6,30.0,10,1174.91,0.4,118,true,completed
CV_h7s4n28.txt,BBLCT,4,7,20,20,1200.0,0,0.0,2,10.0,9,1193.60,12.3,7569,true,completed
CV_h7s4n29.txt,BBLCT,4,7,20,20,1200.0,1,5.0,4,20.0,10,1181.75,2.7,1198,true,completed
CV_h7s4n3.txt,BBLCT,4,7,20,20,1200.0,0,0.0,6,30.0,10,1200.00,19.2,8929,true,completed
CV_h7s4n30.txt,BBLCT,4,7,20,20,1200.0,1,5.0,3,15.0,10,1196.43,4.4,1770,true,completed
CV_h7s4n31.txt,BBLCT,4,7,20,20,1200.0,1,5.0,7,35.0,11,1197.76,4.3,1471,true,completed
CV_h7s4n32.txt,BBLCT,4,7,20,20,1200.0,0,0.0,2,10.0,9,1189.65,468.4,348897,true,completed
CV_h7s4n33.txt,BBLCT,4,7,20,20,1200.0,0,0.0,5,25.0,9,1168.76,146.7,71599,true,completed
CV_h7s4n34.txt,BBLCT,4,7,20,20,1200.0,0,0.0,5,25.0,10,1185.31,57.1,27566,true,completed
CV_h7s4n35.txt,BBLCT,4,7,20,20,1200.0,0,0.0,8,40.0,10,1191.27,414.2,202263,true,completed
CV_h7s4n36.txt,BBLCT,4,7,20,20,1200.0,0,0.0,4,20.0,10,1124.94,5.4,2442,true,completed
CV_h7s4n37.txt,BBLCT,4,7,20,20,1200.0,0,0.0,9,45.0,10,1197.83,34.7,22404,true,completed
CV_h7s4n38.txt,BBLCT,4,7,20,20,1200.0,0,0.0,2,10.0,10,1167.48,1.9,1053,true,completed
CV_h7s4n39.txt,BBLCT,4,7,20,20,1200.0,0,0.0,5,25.0,9,1130.16,99.2,49203,true,completed
CV_h7s4n4.txt,BBLCT,4,7,20,20,1200.0,0,0.0,4,20.0,10,1176.98,33.5,14483,true,completed
CV_h7s4n40.txt,BBLCT,4,7,20,20,1200.0,0,0.0,4,20.0,9,1195.57,39.3,21608,true,completed
CV_h7s4n5.txt,BBLCT,4,7,20,20,1200.0,0,0.0,3,15.0,9,1171.64,87.3,51822,true,completed
CV_h7s4n6.txt,BBLCT,4,7,20,20,1200.0,0,0.0,6,30.0,10,1177.84,199.2,101346,true,completed
CV_h7s4n7.txt,BBLCT,4,7,20,20,1200.0,0,0.0,7,35.0,10,1193.59,10.2,4687,true,completed
CV_h7s4n8.txt,BBLCT,4,7,20,20,1200.0,0,0.0,4,20.0,10,1193.91,330.8,173097,true,completed
CV_h7s4n9.txt,BBLCT,4,7,20,20,1200.0,2,10.0,4,20.0,9,1156.21,0.8,227,true,completed
CV_h7s5n1.txt,BBLCT,5,7,25,25,1200.0,0,0.0,2,8.0,9,1165.93,1556.9,832392,true,completed
CV_h7s5n10.txt,BBLCT,5,7,25,25,1200.0,0,0.0,4,16.0,9,1136.67,416.5,139368,true,completed
CV_h7s5n11.txt,BBLCT,5,7,25,25,1200.0,0,0.0,3,12.0,5,608.84,1201.7,387856,true,completed
CV_h7s5n12.txt,BBLCT,5,7,25,25,1200.0,0,0.0,8,32.0,10,1166.68,33.2,6823,true,completed
CV_h7s5n13.txt,BBLCT,5,7,25,25,1200.0,0,0.0,6,24.0,10,1149.41,9.3,1924,true,completed
CV_h7s5n14.txt,BBLCT,5,7,25,25,1200.0,0,0.0,6,24.0,9,1165.82,109.5,29940,true,completed
CV_h7s5n15.txt,BBLCT,5,7,25,25,1200.0,0,0.0,2,8.0,5,599.80,33.5,10551,true,completed
CV_h7s5n16.txt,BBLCT,5,7,25,25,1200.0,0,0.0,11,44.0,9,1168.69,373.6,85512,true,completed
CV_h7s5n17.txt,BBLCT,5,7,25,25,1200.0,0,0.0,3,12.0,9,1161.56,5.4,1304,true,completed
CV_h7s5n18.txt,BBLCT,5,7,25,25,1200.0,1,4.0,5,20.0,6,761.33,47.7,9435,true,completed
CV_h7s5n19.txt,BBLCT,5,7,25,25,1200.0,1,4.0,5,20.0,10,1167.24,12.5,3062,true,completed
CV_h7s5n2.txt,BBLCT,5,7,25,25,1200.0,1,4.0,10,40.0,9,1186.21,322.8,66082,true,completed
CV_h7s5n20.txt,BBLCT,5,7,25,25,1200.0,0,0.0,2,8.0,9,1198.51,2.6,791,true,completed
CV_h7s5n21.txt,BBLCT,5,7,25,25,1200.0,0,0.0,3,12.0,9,1170.77,40.7,12227,true,completed
CV_h7s5n22.txt,BBLCT,5,7,25,25,1200.0,0,0.0,6,24.0,9,1164.45,1644.0,486256,true,completed
CV_h7s5n23.txt,BBLCT,5,7,25,25,1200.0,0,0.0,3,12.0,7,854.84,443.6,142046,true,completed
CV_h7s5n24.txt,BBLCT,5,7,25,25,1200.0,1,4.0,3,12.0,6,722.70,396.0,118274,true,completed
CV_h7s5n25.txt,BBLCT,5,7,25,25,1200.0,1,4.0,7,28.0,9,1197.10,1575.3,482925,true,completed
CV_h7s5n26.txt,BBLCT,5,7,25,25,1200.0,0,0.0,4,16.0,7,864.01,363.3,96730,true,completed
CV_h7s5n27.txt,BBLCT,5,7,25,25,1200.0,0,0.0,5,20.0,10,1187.92,269.7,82864,true,completed
CV_h7s5n28.txt,BBLCT,5,7,25,25,1200.0,0,0.0,4,16.0,10,1196.56,1578.9,447712,true,completed
CV_h7s5n29.txt,BBLCT,5,7,25,25,1200.0,0,0.0,2,8.0,5,585.82,51.4,17933,true,completed
CV_h7s5n3.txt,BBLCT,5,7,25,25,1200.0,0,0.0,2,8.0,9,1182.10,1072.9,493449,true,completed
CV_h7s5n30.txt,BBLCT,5,7,25,25,1200.0,0,0.0,9,36.0,10,1156.66,23.6,4769,true,completed
CV_h7s5n31.txt,BBLCT,5,7,25,25,1200.0,0,0.0,3,12.0,10,1177.56,258.7,82271,true,completed
CV_h7s5n32.txt,BBLCT,5,7,25,25,1200.0,2,8.0,7,28.0,9,1132.75,89.1,17518,true,completed
CV_h7s5n33.txt,BBLCT,5,7,25,25,1200.0,0,0.0,5,20.0,9,1144.12,122.1,31486,true,completed
CV_h7s5n34.txt,BBLCT,5,7,25,25,1200.0,1,4.0,4,16.0,5,573.31,899.0,182970,true,completed
CV_h7s5n35.txt,BBLCT,5,7,25,25,1200.0,0,0.0,7,28.0,10,1155.09,696.9,168961,true,completed
CV_h7s5n36.txt,BBLCT,5,7,25,25,1200.0,0,0.0,5,20.0,9,1184.07,543.4,139070,true,completed
CV_h7s5n37.txt,BBLCT,5,7,25,25,1200.0,1,4.0,3,12.0,10,1199.08,158.9,42459,true,completed
CV_h7s5n38.txt,BBLCT,5,7,25,25,1200.0,1,4.0,6,24.0,11,1186.15,250.5,62062,true,completed
CV_h7s5n39.txt,BBLCT,5,7,25,25,1200.0,0,0.0,7,28.0,10,1195.84,238.4,59829,true,completed
CV_h7s5n4.txt,BBLCT,5,7,25,25,1200.0,0,0.0,3,12.0,9,1179.06,79.7,20300,true,completed
CV_h7s5n40.txt,BBLCT,5,7,25,25,1200.0,0,0.0,3,12.0,4,480.51,132.2,34352,true,completed
CV_h7s5n5.txt,BBLCT,5,7,25,25,1200.0,1,4.0,5,20.0,5,586.90,11.0,2416,true,completed
CV_h7s5n6.txt,BBLCT,5,7,25,25,1200.0,0,0.0,7,28.0,9,1167.19,138.0,30143,true,completed
CV_h7s5n7.txt,BBLCT,5,7,25,25,1200.0,0,0.0,3,12.0,10,1189.50,13.9,5563,true,completed
CV_h7s5n8.txt,BBLCT,5,7,25,25,1200.0,0,0.0,2,8.0,9,1189.88,1297.1,518904,true,completed
CV_h7s5n9.txt,BBLCT,5,7,25,25,1200.0,0,0.0,7,28.0,9,1154.82,322.3,83568,true,completed
CV_h7s6n1.txt,BBLCT,6,7,30,30,1200.0,0,0.0,3,10.0,10,1190.17,4865.7,915712,true,completed
CV_h7s6n10.txt,BBLCT,6,7,30,30,1200.0,0,0.0,3,10.0,10,1180.90,15157.3,3332510,true,completed
CV_h7s6n11.txt,BBLCT,6,7,30,30,1200.0,0,0.0,6,20.0,9,1155.90,177.5,20633,true,completed
CV_h7s6n12.txt,BBLCT,6,7,30,30,1200.0,0,0.0,6,20.0,10,1199.49,12.2,1895,true,completed
CV_h7s6n13.txt,BBLCT,6,7,30,30,1200.0,0,0.0,5,16.7,10,1198.85,9.6,1634,true,completed
CV_h7s6n14.txt,BBLCT,6,7,30,30,1200.0,2,6.7,6,20.0,11,1197.98,56.5,6703,true,completed
CV_h7s6n15.txt,BBLCT,6,7,30,30,1200.0,0,0.0,7,23.3,10,1145.27,104.6,11364,true,completed
CV_h7s6n16.txt,BBLCT,6,7,30,30,1200.0,0,0.0,4,13.3,10,1147.73,348.5,53156,true,completed
CV_h7s6n17.txt,BBLCT,6,7,30,30,1200.0,0,0.0,7,23.3,9,1185.67,307.1,38391,true,completed
CV_h7s6n18.txt,BBLCT,6,7,30,30,1200.0,0,0.0,3,10.0,10,1180.20,11.5,2175,true,completed
CV_h7s6n19.txt,BBLCT,6,7,30,30,1200.0,0,0.0,4,13.3,9,1142.78,49.6,11045,true,completed
CV_h7s6n2.txt,BBLCT,6,7,30,30,1200.0,0,0.0,5,16.7,10,1199.71,29944.0,4943584,true,completed
CV_h7s6n20.txt,BBLCT,6,7,30,30,1200.0,0,0.0,2,6.7,7,853.07,11106.1,2388513,true,completed
CV_h7s6n21.txt,BBLCT,6,7,30,30,1200.0,0,0.0,4,13.3,10,1198.88,1766.2,361703,true,completed
CV_h7s6n22.txt,BBLCT,6,7,30,30,1200.0,0,0.0,3,10.0,10,1189.19,30652.7,6610915,true,completed
CV_h7s6n23.txt,BBLCT,6,7,30,30,1200.0,1,3.3,5,16.7,9,1173.90,355.4,60010,true,completed
CV_h7s6n24.txt,BBLCT,6,7,30,30,1200.0,0,0.0,3,10.0,7,860.56,9330.0,2193621,true,completed
CV_h7s6n25.txt,BBLCT,6,7,30,30,1200.0,1,3.3,3,10.0,10,1171.43,108.9,16949,true,completed
CV_h7s6n26.txt,BBLCT,6,7,30,30,1200.0,0,0.0,2,6.7,10,1189.53,1.2,172,true,completed
CV_h7s6n27.txt,BBLCT,6,7,30,30,1200.0,0,0.0,4,13.3,9,1195.56,4951.2,936052,true,completed
CV_h7s6n28.txt,BBLCT,6,7,30,30,1200.0,0,0.0,5,16.7,10,1198.97,18434.4,3922684,true,completed
CV_h7s6n29.txt,BBLCT,6,7,30,30,1200.0,0,0.0,6,20.0,10,1179.38,419.1,58337,true,completed
CV_h7s6n3.txt,BBLCT,6,7,30,30,1200.0,1,3.3,5,16.7,10,1197.86,41.1,4844,true,completed
CV_h7s6n30.txt,BBLCT,6,7,30,30,1200.0,0,0.0,5,16.7,6,730.68,3560.0,644473,true,completed
CV_h7s6n31.txt,BBLCT,6,7,30,30,1200.0,0,0.0,4,13.3,9,1152.68,29615.7,4497735,true,completed
CV_h7s6n32.txt,BBLCT,6,7,30,30,1200.0,0,0.0,3,10.0,10,1193.59,7680.7,1577011,true,completed
CV_h7s6n33.txt,BBLCT,6,7,30,30,1200.0,2,6.7,4,13.3,5,605.87,280.6,32588,true,completed
CV_h7s6n34.txt,BBLCT,6,7,30,30,1200.0,0,0.0,6,20.0,10,1189.33,5830.9,753223,true,completed
CV_h7s6n35.txt,BBLCT,6,7,30,30,1200.0,0,0.0,5,16.7,10,1167.96,13.6,1766,true,completed
CV_h7s6n36.txt,BBLCT,6,7,30,30,1200.0,0,0.0,3,10.0,10,1168.66,215.8,45537,true,completed
CV_h7s6n37.txt,BBLCT,6,7,30,30,1200.0,0,0.0,6,20.0,8,957.85,1769.9,267659,true,completed
CV_h7s6n38.txt,BBLCT,6,7,30,30,1200.0,0,0.0,2,6.7,5,607.84,3189.4,822036,true,completed
CV_h7s6n39.txt,BBLCT,6,7,30,30,1200.0,1,3.3,5,16.7,10,1178.18,2.7,285,true,completed
CV_h7s6n4.txt,BBLCT,6,7,30,30,1200.0,0,0.0,4,13.3,9,1191.35,10606.3,2482819,true,completed
CV_h7s6n40.txt,BBLCT,6,7,30,30,1200.0,0,0.0,7,23.3,10,1193.74,1403.3,273389,true,completed
CV_h7s6n5.txt,BBLCT,6,7,30,30,1200.0,0,0.0,4,13.3,9,1122.71,146.0,30467,true,completed
CV_h7s6n6.txt,BBLCT,6,7,30,30,1200.0,0,0.0,10,33.3,10,1154.47,661.3,84813,true,completed
CV_h7s6n7.txt,BBLCT,6,7,30,30,1200.0,0,0.0,3,10.0,10,1195.07,11246.3,2444818,true,completed
CV_h7s6n8.txt,BBLCT,6,7,30,30,1200.0,4,13.3,7,23.3,10,1196.69,1394.5,138338,true,completed
CV_h7s6n9.txt,BBLCT,6,7,30,30,1200.0,0,0.0,4,13.3,10,1189.75,2955.5,589620,true,completed
CV_h7s7n1.txt,BBLCT,7,7,35,35,1200.0,2,5.7,8,22.9,11,1189.87,1090.6,65208,true,completed
CV_h7s7n10.txt,BBLCT,7,7,35,35,1200.0,2,5.7,6,17.1,10,1190.09,6.1,405,true,completed
CV_h7s7n11.txt,BBLCT,7,7,35,35,1200.0,1,2.9,4,11.4,6,698.25,1343.8,132527,true,completed
CV_h7s7n12.txt,BBLCT,7,7,35,35,1200.0,0,0.0,5,14.3,10,1196.42,3.7,317,true,completed
CV_h7s7n13.txt,BBLCT,7,7,35,35,1200.0,0,0.0,5,14.3,10,1198.31,22681.0,2523489,true,completed
CV_h7s7n14.txt,BBLCT,7,7,35,35,1200.0,2,5.7,6,17.1,10,1197.79,58.5,5220,true,completed
CV_h7s7n15.txt,BBLCT,7,7,35,35,1200.0,0,0.0,3,8.6,10,1199.02,7.5,806,true,completed
CV_h7s7n16.txt,BBLCT,7,7,35,35,1200.0,0,0.0,2,5.7,6,722.79,595029.8,94078976,false,cpu_limit
CV_h7s7n17.txt,BBLCT,7,7,35,35,1200.0,3,8.6,6,17.1,10,1173.17,358.0,21651,true,completed
CV_h7s7n18.txt,BBLCT,7,7,35,35,1200.0,0,0.0,2,5.7,9,1158.39,685.1,86432,true,completed
CV_h7s7n19.txt,BBLCT,7,7,35,35,1200.0,0,0.0,2,5.7,6,714.83,595030.9,99436544,false,cpu_limit
CV_h7s7n2.txt,BBLCT,7,7,35,35,1200.0,0,0.0,5,14.3,7,839.29,1653.5,205191,true,completed
CV_h7s7n20.txt,BBLCT,7,7,35,35,1200.0,0,0.0,2,5.7,10,1199.87,1094.4,122578,true,completed
CV_h7s7n21.txt,BBLCT,7,7,35,35,1200.0,0,0.0,2,5.7,7,855.60,595037.4,107683840,false,cpu_limit
CV_h7s7n22.txt,BBLCT,7,7,35,35,1200.0,0,0.0,4,11.4,10,1199.85,349.8,41888,true,completed
CV_h7s7n23.txt,BBLCT,7,7,35,35,1200.0,0,0.0,6,17.1,10,1199.85,325.8,23604,true,completed
CV_h7s7n24.txt,BBLCT,7,7,35,35,1200.0,0,0.0,7,20.0,10,1188.72,4.7,282,true,completed
CV_h7s7n25.txt,BBLCT,7,7,35,35,1200.0,0,0.0,6,17.1,10,1198.71,2281.6,186467,true,completed
CV_h7s7n26.txt,BBLCT,7,7,35,35,1200.0,0,0.0,9,25.7,10,1175.58,388.9,26035,true,completed
CV_h7s7n27.txt,BBLCT,7,7,35,35,1200.0,0,0.0,8,22.9,10,1194.12,779.6,78210,true,completed
CV_h7s7n28.txt,BBLCT,7,7,35,35,1200.0,0,0.0,5,14.3,10,1197.86,10835.4,1150623,true,completed
CV_h7s7n29.txt,BBLCT,7,7,35,35,1200.0,0,0.0,2,5.7,6,702.01,595038.7,104647680,false,cpu_limit
CV_h7s7n3.txt,BBLCT,7,7,35,35,1200.0,0,0.0,5,14.3,10,1193.65,1498.8,215554,true,completed
CV_h7s7n30.txt,BBLCT,7,7,35,35,1200.0,0,0.0,3,8.6,10,1146.46,59586.5,7462520,true,completed
CV_h7s7n31.txt,BBLCT,7,7,35,35,1200.0,0,0.0,4,11.4,10,1198.76,5363.9,577299,true,completed
CV_h7s7n32.txt,BBLCT,7,7,35,35,1200.0,1,2.9,5,14.3,10,1195.75,22106.7,1891820,true,completed
CV_h7s7n33.txt,BBLCT,7,7,35,35,1200.0,0,0.0,3,8.6,5,623.91,7848.5,936630,true,completed
CV_h7s7n34.txt,BBLCT,7,7,35,35,1200.0,0,0.0,3,8.6,10,1152.48,144845.1,19031150,true,completed
CV_h7s7n35.txt,BBLCT,7,7,35,35,1200.0,0,0.0,4,11.4,11,1199.52,52.9,5246,true,completed
CV_h7s7n36.txt,BBLCT,7,7,35,35,1200.0,1,2.9,4,11.4,9,1149.79,502.6,37865,true,completed
CV_h7s7n37.txt,BBLCT,7,7,35,35,1200.0,0,0.0,3,8.6,10,1168.62,11.9,1051,true,completed
CV_h7s7n38.txt,BBLCT,7,7,35,35,1200.0,0,0.0,9,25.7,10,1169.50,323.1,34352,true,completed
CV_h7s7n39.txt,BBLCT,7,7,35,35,1200.0,0,0.0,5,14.3,10,1163.71,10.0,883,true,completed
CV_h7s7n4.txt,BBLCT,7,7,35,35,1200.0,0,0.0,8,22.9,6,692.13,3376.1,312445,true,completed
CV_h7s7n40.txt,BBLCT,7,7,35,35,1200.0,0,0.0,4,11.4,7,795.33,484339.8,57129438,true,completed
CV_h7s7n5.txt,BBLCT,7,7,35,35,1200.0,0,0.0,2,5.7,11,1181.93,982.7,122558,true,completed
CV_h7s7n6.txt,BBLCT,7,7,35,35,1200.0,0,0.0,9,25.7,10,1199.88,199693.3,22747795,true,completed
CV_h7s7n7.txt,BBLCT,7,7,35,35,1200.0,0,0.0,10,28.6,9,1153.33,99113.7,7042521,true,completed
CV_h7s7n8.txt,BBLCT,7,7,35,35,1200.0,1,2.9,5,14.3,7,861.71,1078.7,87763,true,completed
CV_h7s7n9.txt,BBLCT,7,7,35,35,1200.0,0,0.0,5,14.3,11,1164.62,1177.5,142726,true,completed
CV_h7s8n1.txt,BBLCT,8,7,40,40,1200.0,0,0.0,5,12.5,10,1199.62,48.3,2373,true,completed
CV_h7s8n10.txt,BBLCT,8,7,40,40,1200.0,0,0.0,6,15.0,10,1197.33,109.3,5469,true,completed
CV_h7s8n11.txt,BBLCT,8,7,40,40,1200.0,1,2.5,3,7.5,10,1187.63,53.3,3128,true,completed
CV_h7s8n12.txt,BBLCT,8,7,40,40,1200.0,0,0.0,5,12.5,7,824.87,286758.8,19442297,true,completed
CV_h7s8n13.txt,BBLCT,8,7,40,40,1200.0,0,0.0,4,10.0,10,1188.31,16.2,863,true,completed
CV_h7s8n14.txt,BBLCT,8,7,40,40,1200.0,0,0.0,3,7.5,10,1180.26,1118.9,103977,true,completed
CV_h7s8n15.txt,BBLCT,8,7,40,40,1200.0,1,2.5,5,12.5,10,1143.22,798.4,60499,true,completed
CV_h7s8n16.txt,BBLCT,8,7,40,40,1200.0,0,0.0,4,10.0,10,1187.12,1381.4,138138,true,completed
CV_h7s8n17.txt,BBLCT,8,7,40,40,1200.0,0,0.0,7,17.5,10,1161.76,1492.0,98769,true,completed
CV_h7s8n18.txt,BBLCT,8,7,40,40,1200.0,0,0.0,4,10.0,6,685.66,86025.2,7645251,true,completed
CV_h7s8n19.txt,BBLCT,8,7,40,40,1200.0,0,0.0,4,10.0,10,1159.15,137.5,11262,true,completed
CV_h7s8n2.txt,BBLCT,8,7,40,40,1200.0,0,0.0,9,22.5,10,1195.43,440.1,31275,true,completed
CV_h7s8n20.txt,BBLCT,8,7,40,40,1200.0,1,2.5,6,15.0,10,1173.15,492.8,23842,true,completed
CV_h7s8n21.txt,BBLCT,8,7,40,40,1200.0,0,0.0,6,15.0,10,1159.88,644.2,53230,true,completed
CV_h7s8n22.txt,BBLCT,8,7,40,40,1200.0,0,0.0,4,10.0,10,1198.84,391641.4,37162400,true,completed
CV_h7s8n23.txt,BBLCT,8,7,40,40,1200.0,1,2.5,8,20.0,9,1157.42,1270.7,60854,true,completed
CV_h7s8n24.txt,BBLCT,8,7,40,40,1200.0,0,0.0,9,22.5,10,1188.54,9640.8,551229,true,completed
CV_h7s8n25.txt,BBLCT,8,7,40,40,1200.0,0,0.0,6,15.0,10,1187.09,781.6,36230,true,completed
CV_h7s8n26.txt,BBLCT,8,7,40,40,1200.0,1,2.5,5,12.5,10,1195.22,1876.9,123383,true,completed
CV_h7s8n27.txt,BBLCT,8,7,40,40,1200.0,0,0.0,2,5.0,7,859.47,1939.1,151718,true,completed
CV_h7s8n28.txt,BBLCT,8,7,40,40,1200.0,0,0.0,6,15.0,10,1187.34,927.1,53177,true,completed
CV_h7s8n29.txt,BBLCT,8,7,40,40,1200.0,0,0.0,3,7.5,10,1189.93,76.9,5331,true,completed
CV_h7s8n3.txt,BBLCT,8,7,40,40,1200.0,0,0.0,3,7.5,6,714.67,113.3,6234,true,completed
CV_h7s8n30.txt,BBLCT,8,7,40,40,1200.0,0,0.0,4,10.0,10,1168.59,264.8,18890,true,completed
CV_h7s8n31.txt,BBLCT,8,7,40,40,1200.0,1,2.5,8,20.0,8,986.25,76195.0,3999549,true,completed
CV_h7s8n32.txt,BBLCT,8,7,40,40,1200.0,0,0.0,7,17.5,10,1197.37,2210.1,162850,true,completed
CV_h7s8n33.txt,BBLCT,8,7,40,40,1200.0,1,2.5,3,7.5,10,1196.07,8.5,539,true,completed
CV_h7s8n34.txt,BBLCT,8,7,40,40,1200.0,0,0.0,4,10.0,6,721.59,1315.8,116602,true,completed
CV_h7s8n35.txt,BBLCT,8,7,40,40,1200.0,0,0.0,5,12.5,10,1191.08,10.8,678,true,completed
CV_h7s8n36.txt,BBLCT,8,7,40,40,1200.0,0,0.0,6,15.0,10,1178.31,7.9,461,true,completed
CV_h7s8n37.txt,BBLCT,8,7,40,40,1200.0,0,0.0,3,7.5,7,827.77,139064.8,10783017,true,completed
CV_h7s8n38.txt,BBLCT,8,7,40,40,1200.0,0,0.0,5,12.5,10,1199.48,28165.8,2198035,true,completed
CV_h7s8n39.txt,BBLCT,8,7,40,40,1200.0,0,0.0,3,7.5,10,1187.53,2172.0,201591,true,completed
CV_h7s8n4.txt,BBLCT,8,7,40,40,1200.0,0,0.0,3,7.5,10,1193.60,7.5,444,true,completed
CV_h7s8n40.txt,BBLCT,8,7,40,40,1200.0,0,0.0,2,5.0,9,1193.55,727.2,47310,true,completed
CV_h7s8n5.txt,BBLCT,8,7,40,40,1200.0,0,0.0,3,7.5,10,1192.18,4.5,279,true,completed
CV_h7s8n6.txt,BBLCT,8,7,40,40,1200.0,0,0.0,2,5.0,6,703.27,3372.2,239691,true,completed
CV_h7s8n7.txt,BBLCT,8,7,40,40,1200.0,0,0.0,9,22.5,10,1198.84,8339.2,392363,true,completed
CV_h7s8n8.txt,BBLCT,8,7,40,40,1200.0,1,2.5,5,12.5,10,1141.97,20.3,1105,true,completed
CV_h7s8n9.txt,BBLCT,8,7,40,40,1200.0,0,0.0,3,7.5,7,868.78,595037.3,45742080,false,cpu_limit
CV_h7s9n1.txt,BBLCT,9,7,45,45,1200.0,0,0.0,4,8.9,10,1197.64,72.8,3139,true,completed
CV_h7s9n10.txt,BBLCT,9,7,45,45,1200.0,1,2.2,3,6.7,6,719.05,629.1,22388,true,completed
CV_h7s9n11.txt,BBLCT,9,7,45,45,1200.0,1,2.2,6,13.3,10,1198.02,3263.0,134854,true,completed
CV_h7s9n12.txt,BBLCT,9,7,45,45,1200.0,0,0.0,8,17.8,7,838.37,19748.8,1013117,true,completed
CV_h7s9n13.txt,BBLCT,9,7,45,45,1200.0,1,2.2,6,13.3,10,1183.71,171.7,6263,true,completed
CV_h7s9n14.txt,BBLCT,9,7,45,45,1200.0,0,0.0,4,8.9,9,1193.02,36.2,1399,true,completed
CV_h7s9n15.txt,BBLCT,9,7,45,45,1200.0,0,0.0,6,13.3,11,1198.88,87.3,2768,true,completed
CV_h7s9n16.txt,BBLCT,9,7,45,45,1200.0,0,0.0,2,4.4,6,716.09,282.5,13572,true,completed
CV_h7s9n17.txt,BBLCT,9,7,45,45,1200.0,0,0.0,3,6.7,10,1167.87,52.8,2252,true,completed
CV_h7s9n18.txt,BBLCT,9,7,45,45,1200.0,2,4.4,7,15.6,10,1199.86,107930.9,3605623,true,completed
CV_h7s9n19.txt,BBLCT,9,7,45,45,1200.0,0,0.0,3,6.7,10,1198.69,62.5,2675,true,completed
CV_h7s9n2.txt,BBLCT,9,7,45,45,1200.0,0,0.0,7,15.6,10,1191.04,595048.2,23182336,false,cpu_limit
CV_h7s9n20.txt,BBLCT,9,7,45,45,1200.0,0,0.0,9,20.0,10,1143.78,3326.9,132023,true,completed
CV_h7s9n21.txt,BBLCT,9,7,45,45,1200.0,0,0.0,5,11.1,9,1093.10,221776.2,10998728,true,completed
CV_h7s9n22.txt,BBLCT,9,7,45,45,1200.0,0,0.0,4,8.9,10,1196.61,1450.5,88495,true,completed
CV_h7s9n23.txt,BBLCT,9,7,45,45,1200.0,0,0.0,2,4.4,7,856.57,3714.3,190306,true,completed
CV_h7s9n24.txt,BBLCT,9,7,45,45,1200.0,0,0.0,7,15.6,10,1192.92,37.7,1673,true,completed
CV_h7s9n25.txt,BBLCT,9,7,45,45,1200.0,1,2.2,3,6.7,10,1180.79,2241.7,99501,true,completed
CV_h7s9n26.txt,BBLCT,9,7,45,45,1200.0,0,0.0,5,11.1,9,1073.52,595040.0,25769984,false,cpu_limit
CV_h7s9n27.txt,BBLCT,9,7,45,45,1200.0,0,0.0,4,8.9,8,969.22,189534.7,8745375,true,completed
CV_h7s9n28.txt,BBLCT,9,7,45,45,1200.0,1,2.2,7,15.6,10,1197.17,3138.9,144070,true,completed
CV_h7s9n29.txt,BBLCT,9,7,45,45,1200.0,0,0.0,5,11.1,7,839.78,87494.0,3696879,true,completed
CV_h7s9n3.txt,BBLCT,9,7,45,45,1200.0,0,0.0,4,8.9,10,1183.95,10.6,480,true,completed
CV_h7s9n30.txt,BBLCT,9,7,45,45,1200.0,1,2.2,5,11.1,7,841.93,20597.0,737359,true,completed
CV_h7s9n31.txt,BBLCT,9,7,45,45,1200.0,0,0.0,4,8.9,8,958.42,1690.0,55378,true,completed
CV_h7s9n32.txt,BBLCT,9,7,45,45,1200.0,0,0.0,8,17.8,10,1197.27,424.8,15835,true,completed
CV_h7s9n33.txt,BBLCT,9,7,45,45,1200.0,0,0.0,2,4.4,10,1195.68,157.6,6980,true,completed
CV_h7s9n34.txt,BBLCT,9,7,45,45,1200.0,0,0.0,5,11.1,7,820.03,595039.8,28295168,false,cpu_limit
CV_h7s9n35.txt,BBLCT,9,7,45,45,1200.0,0,0.0,4,8.9,10,1199.85,97.1,3983,true,completed
CV_h7s9n36.txt,BBLCT,9,7,45,45,1200.0,0,0.0,4,8.9,8,979.33,595044.7,26950656,false,cpu_limit
CV_h7s9n37.txt,BBLCT,9,7,45,45,1200.0,1,2.2,4,8.9,10,1163.22,42.7,1362,true,completed
CV_h7s9n38.txt,BBLCT,9,7,45,45,1200.0,0,0.0,3,6.7,7,810.77,595050.5,30387200,false,cpu_limit
CV_h7s9n39.txt,BBLCT,9,7,45,45,1200.0,1,2.2,3,6.7,10,1196.99,220.5,7723,true,completed
CV_h7s9n4.txt,BBLCT,9,7,45,45,1200.0,0,0.0,6,13.3,9,1090.46,595068.7,22176768,false,cpu_limit
CV_h7s9n40.txt,BBLCT,9,7,45,45,1200.0,0,0.0,4,8.9,10,1197.02,409.9,19627,true,completed
CV_h7s9n5.txt,BBLCT,9,7,45,45,1200.0,1,2.2,7,15.6,10,1189.47,3017.4,109908,true,completed
CV_h7s9n6.txt,BBLCT,9,7,45,45,1200.0,1,2.2,6,13.3,10,1176.68,5541.4,210074,true,completed
CV_h7s9n7.txt,BBLCT,9,7,45,45,1200.0,0,0.0,5,11.1,10,1199.69,17.6,804,true,completed
CV_h7s9n8.txt,BBLCT,9,7,45,45,1200.0,0,0.0,5,11.1,6,689.61,91486.3,3569429,true,completed
CV_h7s9n9.txt,BBLCT,9,7,45,45,1200.0,0,0.0,4,8.9,10,1198.55,1148.8,56519,true,completed
CV_h8s10n1.txt,BBLCT,10,8,60,60,1200.0,0,0.0,3,5.0,10,1178.14,21.0,715,true,completed
CV_h8s10n10.txt,BBLCT,10,8,60,60,1200.0,0,0.0,5,8.3,10,1181.53,74.5,2893,true,completed
CV_h8s10n11.txt,BBLCT,10,8,60,60,1200.0,0,0.0,3,5.0,9,1180.61,349.8,11603,true,completed
CV_h8s10n12.txt,BBLCT,10,8,60,60,1200.0,0,0.0,6,10.0,9,1140.75,33231.8,1108997,true,completed
CV_h8s10n13.txt,BBLCT,10,8,60,60,1200.0,0,0.0,2,3.3,10,1195.20,34.4,1192,true,completed
CV_h8s10n14.txt,BBLCT,10,8,60,60,1200.0,0,0.0,3,5.0,9,1165.94,12.7,430,true,completed
CV_h8s10n15.txt,BBLCT,10,8,60,60,1200.0,0,0.0,3,5.0,10,1175.94,34.5,1113,true,completed
CV_h8s10n16.txt,BBLCT,10,8,60,60,1200.0,0,0.0,2,3.3,10,1199.85,74.0,2301,true,completed
CV_h8s10n17.txt,BBLCT,10,8,60,60,1200.0,0,0.0,4,6.7,10,1196.54,20.3,636,true,completed
CV_h8s10n18.txt,BBLCT,10,8,60,60,1200.0,0,0.0,2,3.3,10,1198.87,88.1,2849,true,completed
CV_h8s10n19.txt,BBLCT,10,8,60,60,1200.0,0,0.0,4,6.7,9,1198.73,105.8,2478,true,completed
CV_h8s10n2.txt,BBLCT,10,8,60,60,1200.0,0,0.0,5,8.3,10,1199.65,139.0,3427,true,completed
CV_h8s10n20.txt,BBLCT,10,8,60,60,1200.0,1,1.7,4,6.7,9,1184.11,23.0,528,true,completed
CV_h8s10n21.txt,BBLCT,10,8,60,60,1200.0,0,0.0,6,10.0,10,1171.05,17336.0,725205,true,completed
CV_h8s10n22.txt,BBLCT,10,8,60,60,1200.0,0,0.0,2,3.3,6,713.29,3709.9,117762,true,completed
CV_h8s10n23.txt,BBLCT,10,8,60,60,1200.0,0,0.0,3,5.0,10,1174.94,18.3,657,true,completed
CV_h8s10n24.txt,BBLCT,10,8,60,60,1200.0,0,0.0,5,8.3,10,1179.41,26.0,818,true,completed
CV_h8s10n25.txt,BBLCT,10,8,60,60,1200.0,1,1.7,7,11.7,10,1195.01,114.5,2397,true,completed
CV_h8s10n26.txt,BBLCT,10,8,60,60,1200.0,1,1.7,8,13.3,10,1172.14,783.4,20212,true,completed
CV_h8s10n27.txt,BBLCT,10,8,60,60,1200.0,1,1.7,4,6.7,10,1197.25,317.6,9593,true,completed
CV_h8s10n28.txt,BBLCT,10,8,60,60,1200.0,0,0.0,3,5.0,10,1180.69,13.5,480,true,completed
CV_h8s10n29.txt,BBLCT,10,8,60,60,1200.0,0,0.0,1,1.7,9,1174.28,12.0,380,true,completed
CV_h8s10n3.txt,BBLCT,10,8,60,60,1200.0,0,0.0,3,5.0,10,1199.16,487.8,12825,true,completed
CV_h8s10n30.txt,BBLCT,10,8,60,60,1200.0,0,0.0,8,13.3,10,1199.39,16471.3,612028,true,completed
CV_h8s10n31.txt,BBLCT,10,8,60,60,1200.0,1,1.7,4,6.7,11,1198.71,32.6,678,true,completed
CV_h8s10n32.txt,BBLCT,10,8,60,60,1200.0,0,0.0,3,5.0,9,1186.56,1467.7,48624,true,completed
CV_h8s10n33.txt,BBLCT,10,8,60,60,1200.0,0,0.0,3,5.0,9,1197.01,6334.5,203364,true,completed
CV_h8s10n34.txt,BBLCT,10,8,60,60,1200.0,0,0.0,4,6.7,10,1199.03,3367.3,117553,true,completed
CV_h8s10n35.txt,BBLCT,10,8,60,60,1200.0,1,1.7,7,11.7,10,1199.49,48073.5,1786926,true,completed
CV_h8s10n36.txt,BBLCT,10,8,60,60,1200.0,0,0.0,4,6.7,9,1164.72,17.2,572,true,completed
CV_h8s10n37.txt,BBLCT,10,8,60,60,1200.0,0,0.0,4,6.7,9,1195.92,15.3,452,true,completed
CV_h8s10n38.txt,BBLCT,10,8,60,60,1200.0,0,0.0,1,1.7,5,662.66,11.1,415,true,completed
CV_h8s10n39.txt,BBLCT,10,8,60,60,1200.0,0,0.0,3,5.0,9,1179.11,15.5,520,true,completed
CV_h8s10n4.txt,BBLCT,10,8,60,60,1200.0,0,0.0,2,3.3,9,1194.30,91.2,2924,true,completed
CV_h8s10n40.txt,BBLCT,10,8,60,60,1200.0,0,0.0,4,6.7,10,1160.57,133.5,3997,true,completed
CV_h8s10n5.txt,BBLCT,10,8,60,60,1200.0,0,0.0,3,5.0,7,858.32,3185.1,108548,true,completed
CV_h8s10n6.txt,BBLCT,10,8,60,60,1200.0,0,0.0,3,5.0,10,1199.63,19.4,566,true,completed
CV_h8s10n7.txt,BBLCT,10,8,60,60,1200.0,0,0.0,3,5.0,10,1198.79,88.9,3181,true,completed
CV_h8s10n8.txt,BBLCT,10,8,60,60,1200.0,1,1.7,3,5.0,9,1160.52,200.4,4978,true,completed
CV_h8s10n9.txt,BBLCT,10,8,60,60,1200.0,1,1.7,6,10.0,10,1199.42,808.4,15336,true,completed
CV_h8s6n1.txt,BBLCT,6,8,36,36,1200.0,0,0.0,4,11.1,9,1197.72,58257.5,10297890,true,completed
CV_h8s6n10.txt,BBLCT,6,8,36,36,1200.0,1,2.8,6,16.7,10,1199.28,423.6,48981,true,completed
CV_h8s6n11.txt,BBLCT,6,8,36,36,1200.0,0,0.0,5,13.9,10,1196.47,1601.4,327815,true,completed
CV_h8s6n12.txt,BBLCT,6,8,36,36,1200.0,1,2.8,6,16.7,9,1182.69,6.1,700,true,completed
CV_h8s6n13.txt,BBLCT,6,8,36,36,1200.0,0,0.0,5,13.9,10,1137.61,53.5,7888,true,completed
CV_h8s6n14.txt,BBLCT,6,8,36,36,1200.0,0,0.0,5,13.9,10,1167.06,3.6,519,true,completed
CV_h8s6n15.txt,BBLCT,6,8,36,36,1200.0,0,0.0,1,2.8,4,492.38,1951.5,650496,true,completed
CV_h8s6n16.txt,BBLCT,6,8,36,36,1200.0,0,0.0,3,8.3,10,1190.98,5.6,907,true,completed
CV_h8s6n17.txt,BBLCT,6,8,36,36,1200.0,0,0.0,3,8.3,10,1171.12,3.2,386,true,completed
CV_h8s6n18.txt,BBLCT,6,8,36,36,1200.0,1,2.8,4,11.1,10,1192.81,24.0,3102,true,completed
CV_h8s6n19.txt,BBLCT,6,8,36,36,1200.0,0,0.0,5,13.9,9,1154.13,25738.6,5278637,true,completed
CV_h8s6n2.txt,BBLCT,6,8,36,36,1200.0,0,0.0,2,5.6,6,717.51,10107.6,2388421,true,completed
CV_h8s6n20.txt,BBLCT,6,8,36,36,1200.0,0,0.0,4,11.1,9,1150.02,258.4,35517,true,completed
CV_h8s6n21.txt,BBLCT,6,8,36,36,1200.0,0,0.0,6,16.7,9,1196.89,23371.0,4571686,true,completed
CV_h8s6n22.txt,BBLCT,6,8,36,36,1200.0,0,0.0,4,11.1,10,1194.29,171.4,33720,true,completed
CV_h8s6n23.txt,BBLCT,6,8,36,36,1200.0,1,2.8,6,16.7,9,1181.78,6.1,616,true,completed
CV_h8s6n24.txt,BBLCT,6,8,36,36,1200.0,0,0.0,1,2.8,5,656.05,2029.8,650139,true,completed
CV_h8s6n25.txt,BBLCT,6,8,36,36,1200.0,0,0.0,4,11.1,7,856.79,6120.8,1202580,true,completed
CV_h8s6n26.txt,BBLCT,6,8,36,36,1200.0,0,0.0,1,2.8,4,492.38,1953.0,650496,true,completed
CV_h8s6n27.txt,BBLCT,6,8,36,36,1200.0,0,0.0,5,13.9,10,1181.68,295.3,54546,true,completed
CV_h8s6n28.txt,BBLCT,6,8,36,36,1200.0,0,0.0,5,13.9,9,1171.02,24.3,2320,true,completed
CV_h8s6n29.txt,BBLCT,6,8,36,36,1200.0,0,0.0,2,5.6,6,720.26,9818.1,2365582,true,completed
CV_h8s6n3.txt,BBLCT,6,8,36,36,1200.0,0,0.0,5,13.9,9,1199.41,106.8,20507,true,completed
CV_h8s6n30.txt,BBLCT,6,8,36,36,1200.0,0,0.0,3,8.3,9,1191.46,1.4,180,true,completed
CV_h8s6n31.txt,BBLCT,6,8,36,36,1200.0,0,0.0,2,5.6,10,1197.84,11.3,2493,true,completed
CV_h8s6n32.txt,BBLCT,6,8,36,36,1200.0,0,0.0,6,16.7,9,1176.92,4399.2,565448,true,completed
CV_h8s6n33.txt,BBLCT,6,8,36,36,1200.0,0,0.0,6,16.7,10,1191.04,2388.2,292212,true,completed
CV_h8s6n34.txt,BBLCT,6,8,36,36,1200.0,0,0.0,2,5.6,9,1194.52,15.9,2811,true,completed
CV_h8s6n35.txt,BBLCT,6,8,36,36,1200.0,1,2.8,4,11.1,10,1162.29,339.1,46337,true,completed
CV_h8s6n36.txt,BBLCT,6,8,36,36,1200.0,1,2.8,4,11.1,10,1182.94,20.1,2869,true,completed
CV_h8s6n37.txt,BBLCT,6,8,36,36,1200.0,1,2.8,3,8.3,10,1198.37,1.7,168,true,completed
CV_h8s6n38.txt,BBLCT,6,8,36,36,1200.0,0,0.0,5,13.9,10,1159.62,6.6,980,true,completed
CV_h8s6n39.txt,BBLCT,6,8,36,36,1200.0,0,0.0,3,8.3,7,823.99,403.8,79553,true,completed
CV_h8s6n4.txt,BBLCT,6,8,36,36,1200.0,0,0.0,2,5.6,9,1166.52,13.9,3083,true,completed
CV_h8s6n40.txt,BBLCT,6,8,36,36,1200.0,0,0.0,3,8.3,9,1148.62,55.8,11125,true,completed
CV_h8s6n5.txt,BBLCT,6,8,36,36,1200.0,0,0.0,3,8.3,10,1132.31,2.5,391,true,completed
CV_h8s6n6.txt,BBLCT,6,8,36,36,1200.0,1,2.8,3,8.3,10,1197.70,27.5,4895,true,completed
CV_h8s6n7.txt,BBLCT,6,8,36,36,1200.0,0,0.0,2,5.6,4,445.23,3721.6,723523,true,completed
CV_h8s6n8.txt,BBLCT,6,8,36,36,1200.0,0,0.0,7,19.4,9,1171.09,1966.1,255223,true,completed
CV_h8s6n9.txt,BBLCT,6,8,36,36,1200.0,0,0.0,2,5.6,9,1143.21,79.1,12825,true,completed
