instance,algorithm,s,h,c,p,tau,initial_acc,initial_acc_pct,acc,acc_pct,moves,crane_time,elapsed_ms,nodes,proved_optimal,stop_reason
BF_BF10_h8s16n1.txt,BBLCT,16,8,77,16,600.0,0,0.0,2,2.6,2,199.80,4889.2,52614,true,completed
BF_BF10_h8s16n10.txt,BBLCT,16,8,77,16,600.0,2,2.6,5,6.5,5,556.49,97.1,1516,true,completed
BF_BF10_h8s16n11.txt,BBLCT,16,8,77,16,600.0,2,2.6,3,3.9,3,288.18,1206.5,13348,true,completed
BF_BF10_h8s16n12.txt,BBLCT,16,8,77,16,600.0,1,1.3,4,5.2,3,301.27,53.4,484,true,completed
BF_BF10_h8s16n13.txt,BBLCT,16,8,77,16,600.0,1,1.3,3,3.9,5,545.24,37.6,373,true,completed
BF_BF10_h8s16n14.txt,BBLCT,16,8,77,16,600.0,1,1.3,4,5.2,5,496.94,68.3,758,true,completed
BF_BF10_h8s16n15.txt,BBLCT,16,8,77,16,600.0,2,2.6,3,3.9,1,117.99,366.3,3302,true,completed
BF_BF10_h8s16n16.txt,BBLCT,16,8,77,16,600.0,0,0.0,2,2.6,3,321.42,1981.8,17895,true,completed
BF_BF10_h8s16n17.txt,BBLCT,16,8,77,16,600.0,0,0.0,2,2.6,4,402.24,66.0,625,true,completed
BF_BF10_h8s16n18.txt,BBLCT,16,8,77,16,600.0,1,1.3,3,3.9,5,599.66,661.8,7786,true,completed
BF_BF10_h8s16n19.txt,BBLCT,16,8,77,16,600.0,0,0.0,2,2.6,5,495.83,67.4,578,true,completed
BF_BF10_h8s16n2.txt,BBLCT,16,8,77,16,600.0,2,2.6,3,3.9,2,190.58,258.7,2559,true,completed
BF_BF10_h8s16n20.txt,BBLCT,16,8,77,16,600.0,0,0.0,2,2.6,2,175.75,1924.4,21373,true,completed
BF_BF10_h8s16n3.txt,BBLCT,16,8,77,16,600.0,2,2.6,7,9.1,4,489.27,29.2,423,true,completed
BF_BF10_h8s16n4.txt,BBLCT,16,8,77,16,600.0,0,0.0,3,3.9,5,562.16,137.7,964,true,completed
BF_BF10_h8s16n5.txt,BBLCT,16,8,77,16,600.0,1,1.3,3,3.9,5,552.48,43.8,362,true,completed
BF_BF10_h8s16n6.txt,BBLCT,16,8,77,16,600.0,1,1.3,4,5.2,6,588.43,42.9,541,true,completed
BF_BF10_h8s16n7.txt,BBLCT,16,8,77,16,600.0,0,0.0,2,2.6,5,594.49,16729.2,223083,true,completed
BF_BF10_h8s16n8.txt,BBLCT,16,8,77,16,600.0,1,1.3,2,2.6,2,222.27,15.3,188,true,completed
BF_BF10_h8s16n9.txt,BBLCT,16,8,77,16,600.0,2,2.6,4,5.2,5,565.87,76.3,560,true,completed
BF_BF11_h8s16n1.txt,BBLCT,16,8,77,31,600.0,0,0.0,0,0.0,0,0.00,0.3,1,true,completed
BF_BF11_h8s16n10.txt,BBLCT,16,8,77,31,600.0,0,0.0,0,0.0,0,0.00,0.2,1,true,completed
BF_BF11_h8s16n11.txt,BBLCT,16,8,77,31,600.0,0,0.0,1,1.3,3,432.38,66.2,454,true,completed
BF_BF11_h8s16n12.txt,BBLCT,16,8,77,31,600.0,0,0.0,1,1.3,3,332.84,41.9,545,true,completed
BF_BF11_h8s16n13.txt,BBLCT,16,8,77,31,600.0,0,0.0,1,1.3,1,109.01,23.1,241,true,completed
BF_BF11_h8s16n14.txt,BBLCT,16,8,77,31,600.0,0,0.0,4,5.2,5,599.86,99.8,738,true,completed
BF_BF11_h8s16n15.txt,BBLCT,16,8,77,31,600.0,1,1.3,1,1.3,0,0.00,0.2,1,true,completed
BF_BF11_h8s16n16.txt,BBLCT,16,8,77,31,600.0,0,0.0,1,1.3,2,297.45,45.6,437,true,completed
BF_BF11_h8s16n17.txt,BBLCT,16,8,77,31,600.0,2,2.6,2,2.6,0,0.00,0.2,1,true,completed
BF_BF11_h8s16n18.txt,BBLCT,16,8,77,31,600.0,0,0.0,3,3.9,5,556.20,32.3,422,true,completed
BF_BF11_h8s16n19.txt,BBLCT,16,8,77,31,600.0,0,0.0,2,2.6,2,254.36,35.3,393,true,completed
BF_BF11_h8s16n2.txt,BBLCT,16,8,77,31,600.0,1,1.3,2,2.6,2,307.74,79.6,442,true,completed
BF_BF11_h8s16n20.txt,BBLCT,16,8,77,31,600.0,1,1.3,4,5.2,4,477.21,67.4,531,true,completed
BF_BF11_h8s16n3.txt,BBLCT,16,8,77,31,600.0,1,1.3,3,3.9,3,367.86,69.6,809,true,completed
BF_BF11_h8s16n4.txt,BBLCT,16,8,77,31,600.0,0,0.0,1,1.3,4,482.48,57.5,818,true,completed
BF_BF11_h8s16n5.txt,BBLCT,16,8,77,31,600.0,0,0.0,5,6.5,5,587.97,22.4,235,true,completed
BF_BF11_h8s16n6.txt,BBLCT,16,8,77,31,600.0,0,0.0,2,2.6,4,598.44,66.5,416,true,completed
BF_BF11_h8s16n7.txt,BBLCT,16,8,77,31,600.0,0,0.0,2,2.6,4,548.46,24.4,261,true,completed
BF_BF11_h8s16n8.txt,BBLCT,16,8,77,31,600.0,0,0.0,1,1.3,3,356.43,57.3,619,true,completed
BF_BF11_h8s16n9.txt,BBLCT,16,8,77,31,600.0,0,0.0,1,1.3,2,258.89,41.4,422,true,completed
BF_BF12_h8s16n1.txt,BBLCT,16,8,77,31,600.0,0,0.0,1,1.3,4,516.40,23.3,456,true,completed
BF_BF12_h8s16n10.txt,BBLCT,16,8,77,31,600.0,0,0.0,3,3.9,5,584.94,3371.3,63391,true,completed
BF_BF12_h8s16n11.txt,BBLCT,16,8,77,31,600.0,0,0.0,0,0.0,0,0.00,0.2,1,true,completed
BF_BF12_h8s16n12.txt,BBLCT,16,8,77,31,600.0,0,0.0,3,3.9,4,412.19,19.8,416,true,completed
BF_BF12_h8s16n13.txt,BBLCT,16,8,77,31,600.0,0,0.0,1,1.3,2,211.80,12.0,243,true,completed
BF_BF12_h8s16n14.txt,BBLCT,16,8,77,31,600.0,0,0.0,3,3.9,5,568.34,9.8,178,true,completed
BF_BF12_h8s16n15.txt,BBLCT,16,8,77,31,600.0,0,0.0,2,2.6,4,447.53,37.4,518,true,completed
BF_BF12_h8s16n16.txt,BBLCT,16,8,77,31,600.0,2,2.6,4,5.2,4,477.13,45.5,480,true,completed
BF_BF12_h8s16n17.txt,BBLCT,16,8,77,31,600.0,0,0.0,1,1.3,1,88.54,11.2,170,true,completed
BF_BF12_h8s16n18.txt,BBLCT,16,8,77,31,600.0,1,1.3,3,3.9,4,363.53,33.4,530,true,completed
BF_BF12_h8s16n19.txt,BBLCT,16,8,77,31,600.0,1,1.3,3,3.9,5,570.46,35.9,324,true,completed
BF_BF12_h8s16n2.txt,BBLCT,16,8,77,31,600.0,1,1.3,1,1.3,0,0.00,0.2,1,true,completed
BF_BF12_h8s16n20.txt,BBLCT,16,8,77,31,600.0,1,1.3,2,2.6,2,179.19,25.6,334,true,completed
BF_BF12_h8s16n3.txt,BBLCT,16,8,77,31,600.0,2,2.6,5,6.5,6,549.22,80.7,679,true,completed
BF_BF12_h8s16n4.txt,BBLCT,16,8,77,31,600.0,3,3.9,4,5.2,3,336.56,38.8,424,true,completed
BF_BF12_h8s16n5.txt,BBLCT,16,8,77,31,600.0,0,0.0,1,1.3,4,497.97,27.5,525,true,completed
BF_BF12_h8s16n6.txt,BBLCT,16,8,77,31,600.0,1,1.3,5,6.5,5,598.16,103.5,1126,true,completed
BF_BF12_h8s16n7.txt,BBLCT,16,8,77,31,600.0,0,0.0,3,3.9,5,595.36,32.7,367,true,completed
BF_BF12_h8s16n8.txt,BBLCT,16,8,77,31,600.0,0,0.0,1,1.3,3,286.80,26.2,431,true,completed
BF_BF12_h8s16n9.txt,BBLCT,16,8,77,31,600.0,0,0.0,1,1.3,3,291.86,33.2,486,true,completed
BF_BF13_h8s16n1.txt,BBLCT,16,8,103,21,600.0,1,1.0,3,2.9,5,555.94,56.4,406,true,completed
BF_BF13_h8s16n10.txt,BBLCT,16,8,103,21,600.0,2,1.9,3,2.9,4,408.35,48.5,600,true,completed
BF_BF13_h8s16n11.txt,BBLCT,16,8,103,21,600.0,0,0.0,1,1.0,1,107.07,14345.3,108483,true,completed
BF_BF13_h8s16n12.txt,BBLCT,16,8,103,21,600.0,1,1.0,5,4.9,6,591.66,51.2,489,true,completed
BF_BF13_h8s16n13.txt,BBLCT,16,8,103,21,600.0,0,0.0,2,1.9,4,475.98,34.6,517,true,completed
BF_BF13_h8s16n14.txt,BBLCT,16,8,103,21,600.0,0,0.0,2,1.9,4,375.00,84.1,626,true,completed
BF_BF13_h8s16n15.txt,BBLCT,16,8,103,21,600.0,0,0.0,2,1.9,2,254.41,65.3,415,true,completed
BF_BF13_h8s16n16.txt,BBLCT,16,8,103,21,600.0,1,1.0,4,3.9,4,436.63,40.7,474,true,completed
BF_BF13_h8s16n17.txt,BBLCT,16,8,103,21,600.0,0,0.0,3,2.9,5,574.60,68.6,498,true,completed
BF_BF13_h8s16n18.txt,BBLCT,16,8,103,21,600.0,0,0.0,3,2.9,4,488.67,60.1,473,true,completed
BF_BF13_h8s16n19.txt,BBLCT,16,8,103,21,600.0,1,1.0,2,1.9,3,431.23,50.4,484,true,completed
BF_BF13_h8s16n2.txt,BBLCT,16,8,103,21,600.0,1,1.0,2,1.9,3,369.29,59.5,431,true,completed
BF_BF13_h8s16n20.txt,BBLCT,16,8,103,21,600.0,0,0.0,3,2.9,5,580.11,306.3,3408,true,completed
BF_BF13_h8s16n3.txt,BBLCT,16,8,103,21,600.0,1,1.0,4,3.9,5,564.58,164.7,1216,true,completed
BF_BF13_h8s16n4.txt,BBLCT,16,8,103,21,600.0,2,1.9,3,2.9,2,194.37,338.6,2389,true,completed
BF_BF13_h8s16n5.txt,BBLCT,16,8,103,21,600.0,2,1.9,3,2.9,3,357.01,72.7,541,true,completed
BF_BF13_h8s16n6.txt,BBLCT,16,8,103,21,600.0,1,1.0,4,3.9,5,551.47,42.4,495,true,completed
BF_BF13_h8s16n7.txt,BBLCT,16,8,103,21,600.0,0,0.0,2,1.9,4,476.98,48.5,445,true,completed
BF_BF13_h8s16n8.txt,BBLCT,16,8,103,21,600.0,2,1.9,3,2.9,3,382.85,56.8,408,true,completed
BF_BF13_h8s16n9.txt,BBLCT,16,8,103,21,600.0,0,0.0,4,3.9,4,474.84,43.4,424,true,completed
BF_BF14_h8s16n1.txt,BBLCT,16,8,103,21,600.0,2,1.9,7,6.8,3,304.09,97.1,695,true,completed
BF_BF14_h8s16n10.txt,BBLCT,16,8,103,21,600.0,1,1.0,3,2.9,4,468.48,43.1,560,true,completed
BF_BF14_h8s16n11.txt,BBLCT,16,8,103,21,600.0,0,0.0,2,1.9,6,587.32,331.6,18076,true,completed
BF_BF14_h8s16n12.txt,BBLCT,16,8,103,21,600.0,1,1.0,4,3.9,3,372.21,415.9,3488,true,completed
BF_BF14_h8s16n13.txt,BBLCT,16,8,103,21,600.0,0,0.0,2,1.9,5,488.78,65.3,579,true,completed
BF_BF14_h8s16n14.txt,BBLCT,16,8,103,21,600.0,1,1.0,3,2.9,5,571.31,11.3,241,true,completed
BF_BF14_h8s16n15.txt,BBLCT,16,8,103,21,600.0,2,1.9,4,3.9,2,215.06,20.7,308,true,completed
BF_BF14_h8s16n16.txt,BBLCT,16,8,103,21,600.0,0,0.0,2,1.9,5,544.97,427.2,3660,true,completed
BF_BF14_h8s16n17.txt,BBLCT,16,8,103,21,600.0,1,1.0,4,3.9,6,560.33,41.5,610,true,completed
BF_BF14_h8s16n18.txt,BBLCT,16,8,103,21,600.0,0,0.0,2,1.9,4,468.92,40.6,378,true,completed
BF_BF14_h8s16n19.txt,BBLCT,16,8,103,21,600.0,0,0.0,2,1.9,2,203.83,355.1,3073,true,completed
BF_BF14_h8s16n2.txt,BBLCT,16,8,103,21,600.0,1,1.0,2,1.9,3,303.51,2426.2,20168,true,completed
BF_BF14_h8s16n20.txt,BBLCT,16,8,103,21,600.0,0,0.0,2,1.9,3,336.37,15496.0,141923,true,completed
BF_BF14_h8s16n3.txt,BBLCT,16,8,103,21,600.0,0,0.0,4,3.9,5,482.00,104.8,1090,true,completed
BF_BF14_h8s16n4.txt,BBLCT,16,8,103,21,600.0,2,1.9,4,3.9,5,491.32,51.4,450,true,completed
BF_BF14_h8s16n5.txt,BBLCT,16,8,103,21,600.0,2,1.9,3,2.9,3,408.34,102.3,799,true,completed
BF_BF14_h8s16n6.txt,BBLCT,16,8,103,21,600.0,0,0.0,3,2.9,5,596.39,1491.7,14095,true,completed
BF_BF14_h8s16n7.txt,BBLCT,16,8,103,21,600.0,1,1.0,2,1.9,3,357.02,105.7,1191,true,completed
BF_BF14_h8s16n8.txt,BBLCT,16,8,103,21,600.0,0,0.0,3,2.9,5,596.37,42.8,460,true,completed
BF_BF14_h8s16n9.txt,BBLCT,16,8,103,21,600.0,1,1.0,2,1.9,3,306.58,102.7,993,true,completed
BF_BF15_h8s16n1.txt,BBLCT,16,8,103,42,600.0,0,0.0,2,1.9,4,520.53,23.2,404,true,completed
BF_BF15_h8s16n10.txt,BBLCT,16,8,103,42,600.0,0,0.0,1,1.0,1,133.88,8.4,136,true,completed
BF_BF15_h8s16n11.txt,BBLCT,16,8,103,42,600.0,0,0.0,2,1.9,6,586.51,57.6,525,true,completed
BF_BF15_h8s16n12.txt,BBLCT,16,8,103,42,600.0,1,1.0,2,1.9,5,544.03,10.7,97,true,completed
BF_BF15_h8s16n13.txt,BBLCT,16,8,103,42,600.0,1,1.0,5,4.9,5,564.22,24.5,264,true,completed
BF_BF15_h8s16n14.txt,BBLCT,16,8,103,42,600.0,1,1.0,3,2.9,3,367.91,37.9,443,true,completed
BF_BF15_h8s16n15.txt,BBLCT,16,8,103,42,600.0,0,0.0,1,1.0,3,280.68,32.4,415,true,completed
BF_BF15_h8s16n16.txt,BBLCT,16,8,103,42,600.0,0,0.0,2,1.9,4,533.64,38.7,438,true,completed
BF_BF15_h8s16n17.txt,BBLCT,16,8,103,42,600.0,0,0.0,1,1.0,2,183.99,27.0,320,true,completed
BF_BF15_h8s16n18.txt,BBLCT,16,8,103,42,600.0,0,0.0,1,1.0,2,189.77,18.4,291,true,completed
BF_BF15_h8s16n19.txt,BBLCT,16,8,103,42,600.0,2,1.9,4,3.9,2,219.05,32.4,292,true,completed
BF_BF15_h8s16n2.txt,BBLCT,16,8,103,42,600.0,1,1.0,3,2.9,4,431.17,323.4,2030,true,completed
BF_BF15_h8s16n20.txt,BBLCT,16,8,103,42,600.0,1,1.0,4,3.9,6,557.53,96.9,1017,true,completed
BF_BF15_h8s16n3.txt,BBLCT,16,8,103,42,600.0,0,0.0,2,1.9,4,379.27,32.7,484,true,completed
BF_BF15_h8s16n4.txt,BBLCT,16,8,103,42,600.0,0,0.0,1,1.0,2,201.02,64.9,982,true,completed
BF_BF15_h8s16n5.txt,BBLCT,16,8,103,42,600.0,0,0.0,2,1.9,4,473.17,33.1,479,true,completed
BF_BF15_h8s16n6.txt,BBLCT,16,8,103,42,600.0,0,0.0,0,0.0,0,0.00,0.2,1,true,completed
BF_BF15_h8s16n7.txt,BBLCT,16,8,103,42,600.0,0,0.0,4,3.9,3,291.23,50.3,502,true,completed
BF_BF15_h8s16n8.txt,BBLCT,16,8,103,42,600.0,0,0.0,2,1.9,5,598.94,105.3,923,true,completed
BF_BF15_h8s16n9.txt,BBLCT,16,8,103,42,600.0,1,1.0,4,3.9,3,400.90,60.9,560,true,completed
BF_BF16_h8s16n1.txt,BBLCT,16,8,103,42,600.0,0,0.0,3,2.9,6,541.36,66.2,740,true,completed
BF_BF16_h8s16n10.txt,BBLCT,16,8,103,42,600.0,0,0.0,1,1.0,5,587.81,187.1,2034,true,completed
BF_BF16_h8s16n11.txt,BBLCT,16,8,103,42,600.0,0,0.0,1,1.0,2,236.39,241.9,2838,true,completed
BF_BF16_h8s16n12.txt,BBLCT,16,8,103,42,600.0,0,0.0,2,1.9,5,527.78,49.7,599,true,completed
BF_BF16_h8s16n13.txt,BBLCT,16,8,103,42,600.0,1,1.0,4,3.9,6,592.33,43.6,450,true,completed
BF_BF16_h8s16n14.txt,BBLCT,16,8,103,42,600.0,0,0.0,2,1.9,3,315.35,24.0,388,true,completed
BF_BF16_h8s16n15.txt,BBLCT,16,8,103,42,600.0,0,0.0,1,1.0,3,309.28,18.1,311,true,completed
BF_BF16_h8s16n16.txt,BBLCT,16,8,103,42,600.0,1,1.0,2,1.9,2,204.20,16.9,279,true,completed
BF_BF16_h8s16n17.txt,BBLCT,16,8,103,42,600.0,0,0.0,1,1.0,3,294.84,21.4,360,true,completed
BF_BF16_h8s16n18.txt,BBLCT,16,8,103,42,600.0,0,0.0,2,1.9,3,255.52,40.5,474,true,completed
BF_BF16_h8s16n19.txt,BBLCT,16,8,103,42,600.0,0,0.0,1,1.0,3,296.29,3706.4,42514,true,completed
BF_BF16_h8s16n2.txt,BBLCT,16,8,103,42,600.0,0,0.0,2,1.9,5,493.92,32.9,517,true,completed
BF_BF16_h8s16n20.txt,BBLCT,16,8,103,42,600.0,0,0.0,2,1.9,5,593.28,33.5,461,true,completed
BF_BF16_h8s16n3.txt,BBLCT,16,8,103,42,600.0,0,0.0,0,0.0,0,0.00,0.2,1,true,completed
BF_BF16_h8s16n4.txt,BBLCT,16,8,103,42,600.0,1,1.0,1,1.0,0,0.00,89.8,770,true,completed
BF_BF16_h8s16n5.txt,BBLCT,16,8,103,42,600.0,0,0.0,2,1.9,3,393.74,93.1,671,true,completed
BF_BF16_h8s16n6.txt,BBLCT,16,8,103,42,600.0,1,1.0,2,1.9,4,418.49,12.6,311,true,completed
BF_BF16_h8s16n7.txt,BBLCT,16,8,103,42,600.0,0,0.0,0,0.0,0,0.00,0.2,1,true,completed
BF_BF16_h8s16n8.txt,BBLCT,16,8,103,42,600.0,0,0.0,1,1.0,4,531.77,920.3,7866,true,completed
BF_BF16_h8s16n9.txt,BBLCT,16,8,103,42,600.0,0,0.0,2,1.9,2,219.04,15.9,233,true,completed
BF_BF17_h5s20n1.txt,BBLCT,20,5,60,12,600.0,1,1.7,4,6.7,5,533.20,62.9,768,true,completed
BF_BF17_h5s20n10.txt,BBLCT,20,5,60,12,600.0,1,1.7,13,21.7,5,434.69,108.6,804,true,completed
BF_BF17_h5s20n11.txt,BBLCT,20,5,60,12,600.0,0,0.0,4,6.7,6,571.76,72.5,865,true,completed
BF_BF17_h5s20n12.txt,BBLCT,20,5,60,12,600.0,2,3.3,5,8.3,5,522.70,195.9,1207,true,completed
BF_BF17_h5s20n13.txt,BBLCT,20,5,60,12,600.0,2,3.3,8,13.3,5,449.03,195.6,1190,true,completed
BF_BF17_h5s20n14.txt,BBLCT,20,5,60,12,600.0,2,3.3,5,8.3,5,453.59,143.0,1300,true,completed
BF_BF17_h5s20n15.txt,BBLCT,20,5,60,12,600.0,0,0.0,4,6.7,5,473.32,44.8,649,true,completed
BF_BF17_h5s20n16.txt,BBLCT,20,5,60,12,600.0,1,1.7,3,5.0,4,424.42,69.0,811,true,completed
BF_BF17_h5s20n17.txt,BBLCT,20,5,60,12,600.0,2,3.3,7,11.7,5,566.73,155.2,1042,true,completed
BF_BF17_h5s20n18.txt,BBLCT,20,5,60,12,600.0,0,0.0,3,5.0,5,498.98,65.3,790,true,completed
BF_BF17_h5s20n19.txt,BBLCT,20,5,60,12,600.0,2,3.3,6,10.0,6,589.72,188.2,1212,true,completed
BF_BF17_h5s20n2.txt,BBLCT,20,5,60,12,600.0,3,5.0,4,6.7,3,338.21,81.7,767,true,completed
BF_BF17_h5s20n20.txt,BBLCT,20,5,60,12,600.0,1,1.7,3,5.0,3,308.55,64.8,658,true,completed
BF_BF17_h5s20n3.txt,BBLCT,20,5,60,12,600.0,4,6.7,9,15.0,5,566.66,163.4,819,true,completed
BF_BF17_h5s20n4.txt,BBLCT,20,5,60,12,600.0,3,5.0,5,8.3,5,550.09,49.1,567,true,completed
BF_BF17_h5s20n5.txt,BBLCT,20,5,60,12,600.0,2,3.3,6,10.0,5,590.36,192.7,1006,true,completed
BF_BF17_h5s20n6.txt,BBLCT,20,5,60,12,600.0,1,1.7,4,6.7,5,496.28,100.0,959,true,completed
BF_BF17_h5s20n7.txt,BBLCT,20,5,60,12,600.0,2,3.3,4,6.7,4,365.21,85.2,933,true,completed
BF_BF17_h5s20n8.txt,BBLCT,20,5,60,12,600.0,2,3.3,4,6.7,5,549.30,99.5,638,true,completed
BF_BF17_h5s20n9.txt,BBLCT,20,5,60,12,600.0,1,1.7,3,5.0,3,300.54,62.6,610,true,completed
BF_BF18_h5s20n1.txt,BBLCT,20,5,60,12,600.0,1,1.7,3,5.0,3,307.53,113.7,950,true,completed
BF_BF18_h5s20n10.txt,BBLCT,20,5,60,12,600.0,0,0.0,3,5.0,5,534.48,32.7,497,true,completed
BF_BF18_h5s20n11.txt,BBLCT,20,5,60,12,600.0,0,0.0,2,3.3,2,193.74,1363.6,13319,true,completed
BF_BF18_h5s20n12.txt,BBLCT,20,5,60,12,600.0,1,1.7,5,8.3,5,484.93,129.5,1275,true,completed
BF_BF18_h5s20n13.txt,BBLCT,20,5,60,12,600.0,3,5.0,5,8.3,3,316.58,36.1,586,true,completed
BF_BF18_h5s20n14.txt,BBLCT,20,5,60,12,600.0,1,1.7,6,10.0,6,582.67,113.5,1126,true,completed
BF_BF18_h5s20n15.txt,BBLCT,20,5,60,12,600.0,0,0.0,3,5.0,4,430.44,1515.0,15313,true,completed
BF_BF18_h5s20n16.txt,BBLCT,20,5,60,12,600.0,1,1.7,4,6.7,3,286.78,581.7,5997,true,completed
BF_BF18_h5s20n17.txt,BBLCT,20,5,60,12,600.0,1,1.7,3,5.0,5,596.38,45.6,429,true,completed
BF_BF18_h5s20n18.txt,BBLCT,20,5,60,12,600.0,1,1.7,4,6.7,5,511.03,40.1,533,true,completed
BF_BF18_h5s20n19.txt,BBLCT,20,5,60,12,600.0,3,5.0,6,10.0,4,385.40,34.8,502,true,completed
BF_BF18_h5s20n2.txt,BBLCT,20,5,60,12,600.0,3,5.0,9,15.0,5,493.08,66.7,939,true,completed
BF_BF18_h5s20n20.txt,BBLCT,20,5,60,12,600.0,2,3.3,4,6.7,4,497.87,42.3,450,true,completed
BF_BF18_h5s20n3.txt,BBLCT,20,5,60,12,600.0,0,0.0,3,5.0,5,535.12,32.3,544,true,completed
BF_BF18_h5s20n4.txt,BBLCT,20,5,60,12,600.0,2,3.3,4,6.7,5,577.83,32.5,505,true,completed
BF_BF18_h5s20n5.txt,BBLCT,20,5,60,12,600.0,3,5.0,6,10.0,6,598.52,272.1,2735,true,completed
BF_BF18_h5s20n6.txt,BBLCT,20,5,60,12,600.0,0,0.0,3,5.0,4,427.62,233.9,3997,true,completed
BF_BF18_h5s20n7.txt,BBLCT,20,5,60,12,600.0,1,1.7,4,6.7,5,554.69,72.7,580,true,completed
BF_BF18_h5s20n8.txt,BBLCT,20,5,60,12,600.0,2,3.3,5,8.3,5,580.91,41.1,420,true,completed
BF_BF18_h5s20n9.txt,BBLCT,20,5,60,12,600.0,2,3.3,4,6.7,2,171.21,27.4,472,true,completed
BF_BF19_h5s20n1.txt,BBLCT,20,5,60,24,600.0,1,1.7,4,6.7,5,586.71,65.9,625,true,completed
BF_BF19_h5s20n10.txt,BBLCT,20,5,60,24,600.0,1,1.7,6,10.0,6,594.22,146.1,926,true,completed
BF_BF19_h5s20n11.txt,BBLCT,20,5,60,24,600.0,1,1.7,8,13.3,6,576.69,137.9,841,true,completed
BF_BF19_h5s20n12.txt,BBLCT,20,5,60,24,600.0,0,0.0,3,5.0,5,519.31,108.0,876,true,completed
BF_BF19_h5s20n13.txt,BBLCT,20,5,60,24,600.0,0,0.0,1,1.7,4,408.27,83.2,869,true,completed
BF_BF19_h5s20n14.txt,BBLCT,20,5,60,24,600.0,0,0.0,5,8.3,6,591.29,72.7,631,true,completed
BF_BF19_h5s20n15.txt,BBLCT,20,5,60,24,600.0,0,0.0,3,5.0,5,592.71,100.4,796,true,completed
BF_BF19_h5s20n16.txt,BBLCT,20,5,60,24,600.0,3,5.0,4,6.7,2,225.05,82.7,510,true,completed
BF_BF19_h5s20n17.txt,BBLCT,20,5,60,24,600.0,0,0.0,2,3.3,5,540.71,76.7,462,true,completed
BF_BF19_h5s20n18.txt,BBLCT,20,5,60,24,600.0,1,1.7,7,11.7,5,562.20,39.8,332,true,completed
BF_BF19_h5s20n19.txt,BBLCT,20,5,60,24,600.0,1,1.7,4,6.7,6,597.67,73.2,570,true,completed
BF_BF19_h5s20n2.txt,BBLCT,20,5,60,24,600.0,0,0.0,3,5.0,2,174.39,507.8,4536,true,completed
BF_BF19_h5s20n20.txt,BBLCT,20,5,60,24,600.0,2,3.3,5,8.3,5,529.89,32.8,253,true,completed
BF_BF19_h5s20n3.txt,BBLCT,20,5,60,24,600.0,1,1.7,6,10.0,6,593.53,80.9,753,true,completed
BF_BF19_h5s20n4.txt,BBLCT,20,5,60,24,600.0,1,1.7,8,13.3,4,398.41,113.2,930,true,completed
BF_BF19_h5s20n5.txt,BBLCT,20,5,60,24,600.0,0,0.0,3,5.0,4,374.58,64.8,758,true,completed
BF_BF19_h5s20n6.txt,BBLCT,20,5,60,24,600.0,2,3.3,6,10.0,5,544.40,81.6,479,true,completed
BF_BF19_h5s20n7.txt,BBLCT,20,5,60,24,600.0,1,1.7,2,3.3,4,437.80,60.5,617,true,completed
BF_BF19_h5s20n8.txt,BBLCT,20,5,60,24,600.0,1,1.7,8,13.3,4,411.14,186.2,1309,true,completed
BF_BF19_h5s20n9.txt,BBLCT,20,5,60,24,600.0,3,5.0,6,10.0,4,483.57,93.7,748,true,completed
BF_BF1_h5s16n1.txt,BBLCT,16,5,48,10,600.0,2,4.2,4,8.3,3,322.79,77.6,1578,true,completed
BF_BF1_h5s16n10.txt,BBLCT,16,5,48,10,600.0,3,6.2,9,18.8,6,595.37,36.9,537,true,completed
BF_BF1_h5s16n11.txt,BBLCT,16,5,48,10,600.0,2,4.2,4,8.3,5,548.39,38.3,605,true,completed
BF_BF1_h5s16n12.txt,BBLCT,16,5,48,10,600.0,2,4.2,4,8.3,3,339.02,10.3,279,true,completed
BF_BF1_h5s16n13.txt,BBLCT,16,5,48,10,600.0,2,4.2,3,6.2,2,195.12,27.5,829,true,completed
BF_BF1_h5s16n14.txt,BBLCT,16,5,48,10,600.0,0,0.0,2,4.2,3,316.03,325.2,3625,true,completed
BF_BF1_h5s16n15.txt,BBLCT,16,5,48,10,600.0,1,2.1,2,4.2,3,325.36,43.3,463,true,completed
BF_BF1_h5s16n16.txt,BBLCT,16,5,48,10,600.0,2,4.2,4,8.3,4,364.16,397.2,4304,true,completed
BF_BF1_h5s16n17.txt,BBLCT,16,5,48,10,600.0,2,4.2,5,10.4,5,506.69,18.4,480,true,completed
BF_BF1_h5s16n18.txt,BBLCT,16,5,48,10,600.0,3,6.2,8,16.7,6,598.18,91.3,1547,true,completed
BF_BF1_h5s16n19.txt,BBLCT,16,5,48,10,600.0,0,0.0,2,4.2,3,279.63,19.7,390,true,completed
BF_BF1_h5s16n2.txt,BBLCT,16,5,48,10,600.0,1,2.1,4,8.3,5,512.47,35.5,610,true,completed
BF_BF1_h5s16n20.txt,BBLCT,16,5,48,10,600.0,1,2.1,4,8.3,4,464.75,22.0,502,true,completed
BF_BF1_h5s16n3.txt,BBLCT,16,5,48,10,600.0,2,4.2,4,8.3,5,552.98,35.1,673,true,completed
BF_BF1_h5s16n4.txt,BBLCT,16,5,48,10,600.0,3,6.2,8,16.7,6,586.30,35.1,471,true,completed
BF_BF1_h5s16n5.txt,BBLCT,16,5,48,10,600.0,1,2.1,3,6.2,3,299.21,20.9,412,true,completed
BF_BF1_h5s16n6.txt,BBLCT,16,5,48,10,600.0,0,0.0,3,6.2,4,435.37,146.0,2037,true,completed
BF_BF1_h5s16n7.txt,BBLCT,16,5,48,10,600.0,1,2.1,3,6.2,3,322.78,403.0,4195,true,completed
BF_BF1_h5s16n8.txt,BBLCT,16,5,48,10,600.0,1,2.1,4,8.3,3,276.05,1353.3,16271,true,completed
BF_BF1_h5s16n9.txt,BBLCT,16,5,48,10,600.0,1,2.1,4,8.3,6,597.60,39.4,604,true,completed
BF_BF20_h5s20n1.txt,BBLCT,20,5,60,24,600.0,0,0.0,1,1.7,4,486.19,23.7,475,true,completed
BF_BF20_h5s20n10.txt,BBLCT,20,5,60,24,600.0,1,1.7,5,8.3,5,564.06,21.6,428,true,completed
BF_BF20_h5s20n11.txt,BBLCT,20,5,60,24,600.0,0,0.0,2,3.3,4,495.73,23.6,498,true,completed
BF_BF20_h5s20n12.txt,BBLCT,20,5,60,24,600.0,0,0.0,4,6.7,5,494.00,41.1,755,true,completed
BF_BF20_h5s20n13.txt,BBLCT,20,5,60,24,600.0,0,0.0,2,3.3,2,175.78,74.5,1057,true,completed
BF_BF20_h5s20n14.txt,BBLCT,20,5,60,24,600.0,0,0.0,2,3.3,4,419.85,36.5,458,true,completed
BF_BF20_h5s20n15.txt,BBLCT,20,5,60,24,600.0,1,1.7,2,3.3,2,216.69,18.1,306,true,completed
BF_BF20_h5s20n16.txt,BBLCT,20,5,60,24,600.0,2,3.3,3,5.0,2,220.29,16.6,253,true,completed
BF_BF20_h5s20n17.txt,BBLCT,20,5,60,24,600.0,2,3.3,7,11.7,5,533.67,47.5,529,true,completed
BF_BF20_h5s20n18.txt,BBLCT,20,5,60,24,600.0,0,0.0,4,6.7,5,523.77,116.5,1153,true,completed
BF_BF20_h5s20n19.txt,BBLCT,20,5,60,24,600.0,1,1.7,3,5.0,5,599.08,40.4,593,true,completed
BF_BF20_h5s20n2.txt,BBLCT,20,5,60,24,600.0,0,0.0,4,6.7,5,547.70,42.1,457,true,completed
BF_BF20_h5s20n20.txt,BBLCT,20,5,60,24,600.0,1,1.7,5,8.3,5,506.41,45.1,582,true,completed
BF_BF20_h5s20n3.txt,BBLCT,20,5,60,24,600.0,1,1.7,3,5.0,5,546.78,21.9,210,true,completed
BF_BF20_h5s20n4.txt,BBLCT,20,5,60,24,600.0,0,0.0,3,5.0,5,496.30,41.1,387,true,completed
BF_BF20_h5s20n5.txt,BBLCT,20,5,60,24,600.0,1,1.7,9,15.0,5,590.78,282.4,3793,true,completed
BF_BF20_h5s20n6.txt,BBLCT,20,5,60,24,600.0,0,0.0,5,8.3,6,596.92,107.7,1080,true,completed
BF_BF20_h5s20n7.txt,BBLCT,20,5,60,24,600.0,0,0.0,1,1.7,2,225.90,15.3,288,true,completed
BF_BF20_h5s20n8.txt,BBLCT,20,5,60,24,600.0,0,0.0,3,5.0,4,432.50,24.6,457,true,completed
BF_BF20_h5s20n9.txt,BBLCT,20,5,60,24,600.0,0,0.0,2,3.3,5,569.91,49.1,461,true,completed
BF_BF21_h5s20n1.txt,BBLCT,20,5,80,16,600.0,2,2.5,4,5.0,4,451.97,58.5,617,true,completed
BF_BF21_h5s20n10.txt,BBLCT,20,5,80,16,600.0,3,3.8,9,11.2,5,497.25,49.0,568,true,completed
BF_BF21_h5s20n11.txt,BBLCT,20,5,80,16,600.0,2,2.5,7,8.8,6,599.64,60.8,405,true,completed
BF_BF21_h5s20n12.txt,BBLCT,20,5,80,16,600.0,1,1.2,3,3.8,6,594.57,49.6,539,true,completed
BF_BF21_h5s20n13.txt,BBLCT,20,5,80,16,600.0,1,1.2,4,5.0,6,584.64,623.2,19493,true,completed
BF_BF21_h5s20n14.txt,BBLCT,20,5,80,16,600.0,1,1.2,8,10.0,6,573.45,532.4,9440,true,completed
BF_BF21_h5s20n15.txt,BBLCT,20,5,80,16,600.0,4,5.0,7,8.8,4,430.23,227.5,1508,true,completed
BF_BF21_h5s20n16.txt,BBLCT,20,5,80,16,600.0,2,2.5,5,6.2,4,336.47,82.6,844,true,completed
BF_BF21_h5s20n17.txt,BBLCT,20,5,80,16,600.0,1,1.2,4,5.0,6,595.79,249.9,1627,true,completed
BF_BF21_h5s20n18.txt,BBLCT,20,5,80,16,600.0,1,1.2,4,5.0,4,373.36,57.0,636,true,completed
BF_BF21_h5s20n19.txt,BBLCT,20,5,80,16,600.0,3,3.8,5,6.2,3,358.31,64.5,605,true,completed
BF_BF21_h5s20n2.txt,BBLCT,20,5,80,16,600.0,3,3.8,4,5.0,3,290.90,2316.7,14644,true,completed
BF_BF21_h5s20n20.txt,BBLCT,20,5,80,16,600.0,1,1.2,4,5.0,2,170.06,129.4,1970,true,completed
BF_BF21_h5s20n3.txt,BBLCT,20,5,80,16,600.0,1,1.2,4,5.0,6,591.61,128.8,1156,true,completed
BF_BF21_h5s20n4.txt,BBLCT,20,5,80,16,600.0,1,1.2,7,8.8,6,582.86,108.8,715,true,completed
BF_BF21_h5s20n5.txt,BBLCT,20,5,80,16,600.0,0,0.0,2,2.5,4,366.47,88.9,620,true,completed
BF_BF21_h5s20n6.txt,BBLCT,20,5,80,16,600.0,2,2.5,5,6.2,3,270.32,54.8,570,true,completed
BF_BF21_h5s20n7.txt,BBLCT,20,5,80,16,600.0,0,0.0,2,2.5,4,371.13,348.4,2709,true,completed
BF_BF21_h5s20n8.txt,BBLCT,20,5,80,16,600.0,0,0.0,3,3.8,6,593.42,171.9,2605,true,completed
BF_BF21_h5s20n9.txt,BBLCT,20,5,80,16,600.0,1,1.2,5,6.2,6,568.47,78.4,577,true,completed
BF_BF22_h5s20n1.txt,BBLCT,20,5,80,16,600.0,0,0.0,4,5.0,5,510.45,17.4,361,true,completed
BF_BF22_h5s20n10.txt,BBLCT,20,5,80,16,600.0,0,0.0,3,3.8,4,388.14,1192.3,12516,true,completed
BF_BF22_h5s20n11.txt,BBLCT,20,5,80,16,600.0,3,3.8,8,10.0,5,507.31,40.8,460,true,completed
BF_BF22_h5s20n12.txt,BBLCT,20,5,80,16,600.0,3,3.8,5,6.2,4,428.34,16.4,338,true,completed
BF_BF22_h5s20n13.txt,BBLCT,20,5,80,16,600.0,0,0.0,3,3.8,4,417.52,33.6,342,true,completed
BF_BF22_h5s20n14.txt,BBLCT,20,5,80,16,600.0,0,0.0,2,2.5,3,318.78,44.8,441,true,completed
BF_BF22_h5s20n15.txt,BBLCT,20,5,80,16,600.0,2,2.5,3,3.8,2,190.13,36.4,627,true,completed
BF_BF22_h5s20n16.txt,BBLCT,20,5,80,16,600.0,1,1.2,3,3.8,3,295.67,15.4,311,true,completed
BF_BF22_h5s20n17.txt,BBLCT,20,5,80,16,600.0,2,2.5,5,6.2,5,530.56,14.0,291,true,completed
BF_BF22_h5s20n18.txt,BBLCT,20,5,80,16,600.0,0,0.0,3,3.8,4,376.86,48.6,494,true,completed
BF_BF22_h5s20n19.txt,BBLCT,20,5,80,16,600.0,0,0.0,3,3.8,4,438.33,89.3,991,true,completed
BF_BF22_h5s20n2.txt,BBLCT,20,5,80,16,600.0,1,1.2,4,5.0,5,545.32,40.9,386,true,completed
BF_BF22_h5s20n20.txt,BBLCT,20,5,80,16,600.0,0,0.0,3,3.8,5,571.36,12.1,251,true,completed
BF_BF22_h5s20n3.txt,BBLCT,20,5,80,16,600.0,0,0.0,3,3.8,4,399.15,1056.1,11462,true,completed
BF_BF22_h5s20n4.txt,BBLCT,20,5,80,16,600.0,4,5.0,9,11.2,6,598.65,207.3,1453,true,completed
BF_BF22_h5s20n5.txt,BBLCT,20,5,80,16,600.0,1,1.2,3,3.8,4,426.73,13.7,313,true,completed
BF_BF22_h5s20n6.txt,BBLCT,20,5,80,16,600.0,0,0.0,4,5.0,4,392.60,21.1,378,true,completed
BF_BF22_h5s20n7.txt,BBLCT,20,5,80,16,600.0,0,0.0,2,2.5,3,341.39,122.8,1384,true,completed
BF_BF22_h5s20n8.txt,BBLCT,20,5,80,16,600.0,1,1.2,5,6.2,5,538.01,25.1,432,true,completed
BF_BF22_h5s20n9.txt,BBLCT,20,5,80,16,600.0,0,0.0,3,3.8,5,463.90,42.3,437,true,completed
BF_BF23_h5s20n1.txt,BBLCT,20,5,80,32,600.0,0,0.0,4,5.0,4,463.14,419.5,5063,true,completed
BF_BF23_h5s20n10.txt,BBLCT,20,5,80,32,600.0,1,1.2,4,5.0,5,543.58,115.0,707,true,completed
BF_BF23_h5s20n11.txt,BBLCT,20,5,80,32,600.0,0,0.0,2,2.5,4,435.61,713.9,4105,true,completed
BF_BF23_h5s20n12.txt,BBLCT,20,5,80,32,600.0,0,0.0,3,3.8,4,328.89,13432.8,85381,true,completed
BF_BF23_h5s20n13.txt,BBLCT,20,5,80,32,600.0,1,1.2,6,7.5,5,545.10,91.2,826,true,completed
BF_BF23_h5s20n14.txt,BBLCT,20,5,80,32,600.0,3,3.8,9,11.2,6,557.33,89.0,650,true,completed
BF_BF23_h5s20n15.txt,BBLCT,20,5,80,32,600.0,0,0.0,7,8.8,6,549.39,120.9,783,true,completed
BF_BF23_h5s20n16.txt,BBLCT,20,5,80,32,600.0,1,1.2,5,6.2,4,404.89,73.5,590,true,completed
BF_BF23_h5s20n17.txt,BBLCT,20,5,80,32,600.0,1,1.2,3,3.8,4,419.47,82.6,722,true,completed
BF_BF23_h5s20n18.txt,BBLCT,20,5,80,32,600.0,1,1.2,3,3.8,4,489.24,32.8,403,true,completed
BF_BF23_h5s20n19.txt,BBLCT,20,5,80,32,600.0,2,2.5,5,6.2,6,556.53,66.4,718,true,completed
BF_BF23_h5s20n2.txt,BBLCT,20,5,80,32,600.0,1,1.2,2,2.5,4,502.79,19.3,364,true,completed
BF_BF23_h5s20n20.txt,BBLCT,20,5,80,32,600.0,0,0.0,2,2.5,4,396.54,314.6,2976,true,completed
BF_BF23_h5s20n3.txt,BBLCT,20,5,80,32,600.0,0,0.0,3,3.8,5,442.04,2376.3,14249,true,completed
BF_BF23_h5s20n4.txt,BBLCT,20,5,80,32,600.0,2,2.5,6,7.5,3,316.05,33.2,421,true,completed
BF_BF23_h5s20n5.txt,BBLCT,20,5,80,32,600.0,1,1.2,9,11.2,6,514.91,72.9,784,true,completed
BF_BF23_h5s20n6.txt,BBLCT,20,5,80,32,600.0,1,1.2,4,5.0,5,510.93,89.1,780,true,completed
BF_BF23_h5s20n7.txt,BBLCT,20,5,80,32,600.0,0,0.0,5,6.2,6,599.68,48.8,555,true,completed
BF_BF23_h5s20n8.txt,BBLCT,20,5,80,32,600.0,1,1.2,3,3.8,2,245.56,18.8,254,true,completed
BF_BF23_h5s20n9.txt,BBLCT,20,5,80,32,600.0,1,1.2,2,2.5,3,289.15,178.2,2458,true,completed
BF_BF24_h5s20n1.txt,BBLCT,20,5,80,32,600.0,1,1.2,2,2.5,2,264.14,11.1,185,true,completed
BF_BF24_h5s20n10.txt,BBLCT,20,5,80,32,600.0,0,0.0,3,3.8,5,560.22,7.3,151,true,completed
BF_BF24_h5s20n11.txt,BBLCT,20,5,80,32,600.0,0,0.0,2,2.5,5,542.60,20.6,382,true,completed
BF_BF24_h5s20n12.txt,BBLCT,20,5,80,32,600.0,0,0.0,3,3.8,5,570.65,12.8,242,true,completed
BF_BF24_h5s20n13.txt,BBLCT,20,5,80,32,600.0,0,0.0,1,1.2,3,382.25,33.9,404,true,completed
BF_BF24_h5s20n14.txt,BBLCT,20,5,80,32,600.0,0,0.0,6,7.5,6,596.32,97.4,1362,true,completed
BF_BF24_h5s20n15.txt,BBLCT,20,5,80,32,600.0,0,0.0,5,6.2,5,596.05,33.0,293,true,completed
BF_BF24_h5s20n16.txt,BBLCT,20,5,80,32,600.0,1,1.2,4,5.0,6,597.10,34.4,389,true,completed
BF_BF24_h5s20n17.txt,BBLCT,20,5,80,32,600.0,1,1.2,7,8.8,4,401.41,26.0,388,true,completed
BF_BF24_h5s20n18.txt,BBLCT,20,5,80,32,600.0,0,0.0,1,1.2,3,348.46,11.9,255,true,completed
BF_BF24_h5s20n19.txt,BBLCT,20,5,80,32,600.0,0,0.0,2,2.5,3,317.08,12.2,264,true,completed
BF_BF24_h5s20n2.txt,BBLCT,20,5,80,32,600.0,0,0.0,2,2.5,3,282.74,16.7,300,true,completed
BF_BF24_h5s20n20.txt,BBLCT,20,5,80,32,600.0,0,0.0,6,7.5,5,540.38,32.8,312,true,completed
BF_BF24_h5s20n3.txt,BBLCT,20,5,80,32,600.0,2,2.5,4,5.0,5,579.03,154.7,1586,true,completed
BF_BF24_h5s20n4.txt,BBLCT,20,5,80,32,600.0,1,1.2,8,10.0,5,549.23,26.7,380,true,completed
BF_BF24_h5s20n5.txt,BBLCT,20,5,80,32,600.0,0,0.0,4,5.0,5,590.96,12.0,296,true,completed
BF_BF24_h5s20n6.txt,BBLCT,20,5,80,32,600.0,0,0.0,2,2.5,5,566.57,18.1,207,true,completed
BF_BF24_h5s20n7.txt,BBLCT,20,5,80,32,600.0,0,0.0,1,1.2,2,196.17,25.2,424,true,completed
BF_BF24_h5s20n8.txt,BBLCT,20,5,80,32,600.0,0,0.0,2,2.5,5,573.43,10.7,244,true,completed
BF_BF24_h5s20n9.txt,BBLCT,20,5,80,32,600.0,1,1.2,6,7.5,5,556.24,67.1,1019,true,completed
BF_BF25_h8s20n1.txt,BBLCT,20,8,96,20,600.0,1,1.0,3,3.1,5,569.00,65.1,452,true,completed
BF_BF25_h8s20n10.txt,BBLCT,20,8,96,20,600.0,1,1.0,3,3.1,5,567.89,89.3,591,true,completed
BF_BF25_h8s20n11.txt,BBLCT,20,8,96,20,600.0,3,3.1,4,4.2,2,249.69,131.1,668,true,completed
BF_BF25_h8s20n12.txt,BBLCT,20,8,96,20,600.0,1,1.0,4,4.2,5,596.03,218.4,919,true,completed
BF_BF25_h8s20n13.txt,BBLCT,20,8,96,20,600.0,1,1.0,4,4.2,5,577.44,246.4,944,true,completed
BF_BF25_h8s20n14.txt,BBLCT,20,8,96,20,600.0,2,2.1,3,3.1,1,159.99,6139.3,24182,true,completed
BF_BF25_h8s20n15.txt,BBLCT,20,8,96,20,600.0,1,1.0,3,3.1,3,407.99,122.0,853,true,completed
BF_BF25_h8s20n16.txt,BBLCT,20,8,96,20,600.0,1,1.0,3,3.1,4,549.85,227.0,788,true,completed
BF_BF25_h8s20n17.txt,BBLCT,20,8,96,20,600.0,0,0.0,3,3.1,4,506.00,89.4,726,true,completed
BF_BF25_h8s20n18.txt,BBLCT,20,8,96,20,600.0,2,2.1,4,4.2,3,321.37,866.1,3488,true,completed
BF_BF25_h8s20n19.txt,BBLCT,20,8,96,20,600.0,2,2.1,4,4.2,3,333.15,129.0,899,true,completed
BF_BF25_h8s20n2.txt,BBLCT,20,8,96,20,600.0,1,1.0,3,3.1,3,402.79,128.9,845,true,completed
BF_BF25_h8s20n20.txt,BBLCT,20,8,96,20,600.0,1,1.0,3,3.1,4,562.89,201.4,802,true,completed
BF_BF25_h8s20n3.txt,BBLCT,20,8,96,20,600.0,1,1.0,4,4.2,5,598.19,115.2,742,true,completed
BF_BF25_h8s20n4.txt,BBLCT,20,8,96,20,600.0,1,1.0,3,3.1,3,350.51,530.9,2199,true,completed
BF_BF25_h8s20n5.txt,BBLCT,20,8,96,20,600.0,1,1.0,3,3.1,2,280.38,104.9,630,true,completed
BF_BF25_h8s20n6.txt,BBLCT,20,8,96,20,600.0,0,0.0,3,3.1,5,487.84,161.2,1047,true,completed
BF_BF25_h8s20n7.txt,BBLCT,20,8,96,20,600.0,0,0.0,3,3.1,5,598.74,355.8,1577,true,completed
BF_BF25_h8s20n8.txt,BBLCT,20,8,96,20,600.0,3,3.1,7,7.3,3,408.60,163.6,911,true,completed
BF_BF25_h8s20n9.txt,BBLCT,20,8,96,20,600.0,1,1.0,3,3.1,2,230.31,9692.7,44006,true,completed
BF_BF26_h8s20n1.txt,BBLCT,20,8,96,20,600.0,1,1.0,2,2.1,2,193.09,1473.8,11074,true,completed
BF_BF26_h8s20n10.txt,BBLCT,20,8,96,20,600.0,1,1.0,4,4.2,6,595.15,154.7,957,true,completed
BF_BF26_h8s20n11.txt,BBLCT,20,8,96,20,600.0,2,2.1,3,3.1,2,203.31,895.5,4147,true,completed
BF_BF26_h8s20n12.txt,BBLCT,20,8,96,20,600.0,0,0.0,2,2.1,3,325.13,176.0,854,true,completed
BF_BF26_h8s20n13.txt,BBLCT,20,8,96,20,600.0,0,0.0,3,3.1,5,537.85,1305.0,7110,true,completed
BF_BF26_h8s20n14.txt,BBLCT,20,8,96,20,600.0,0,0.0,2,2.1,2,212.87,32.9,343,true,completed
BF_BF26_h8s20n15.txt,BBLCT,20,8,96,20,600.0,0,0.0,2,2.1,4,510.42,106.0,670,true,completed
BF_BF26_h8s20n16.txt,BBLCT,20,8,96,20,600.0,0,0.0,3,3.1,5,576.35,118.3,593,true,completed
BF_BF26_h8s20n17.txt,BBLCT,20,8,96,20,600.0,0,0.0,3,3.1,4,534.44,397.3,1643,true,completed
BF_BF26_h8s20n18.txt,BBLCT,20,8,96,20,600.0,1,1.0,3,3.1,6,539.79,340.4,8219,true,completed
BF_BF26_h8s20n19.txt,BBLCT,20,8,96,20,600.0,2,2.1,4,4.2,2,204.93,38043.2,201823,true,completed
BF_BF26_h8s20n2.txt,BBLCT,20,8,96,20,600.0,2,2.1,4,4.2,2,203.88,77.7,549,true,completed
BF_BF26_h8s20n20.txt,BBLCT,20,8,96,20,600.0,1,1.0,4,4.2,5,571.11,140.2,659,true,completed
BF_BF26_h8s20n3.txt,BBLCT,20,8,96,20,600.0,2,2.1,4,4.2,4,552.12,56.7,612,true,completed
BF_BF26_h8s20n4.txt,BBLCT,20,8,96,20,600.0,0,0.0,3,3.1,3,280.29,301.5,1195,true,completed
BF_BF26_h8s20n5.txt,BBLCT,20,8,96,20,600.0,1,1.0,2,2.1,3,313.72,89.5,527,true,completed
BF_BF26_h8s20n6.txt,BBLCT,20,8,96,20,600.0,1,1.0,3,3.1,4,533.80,180.9,1070,true,completed
BF_BF26_h8s20n7.txt,BBLCT,20,8,96,20,600.0,1,1.0,3,3.1,3,322.24,89.5,709,true,completed
BF_BF26_h8s20n8.txt,BBLCT,20,8,96,20,600.0,0,0.0,2,2.1,2,201.33,262.0,7812,true,completed
BF_BF26_h8s20n9.txt,BBLCT,20,8,96,20,600.0,1,1.0,2,2.1,1,123.31,6618.0,36659,true,completed
BF_BF27_h8s20n1.txt,BBLCT,20,8,96,39,600.0,1,1.0,5,5.2,6,598.71,351.3,1320,true,completed
BF_BF27_h8s20n10.txt,BBLCT,20,8,96,39,600.0,0,0.0,2,2.1,2,269.83,97.0,649,true,completed
BF_BF27_h8s20n11.txt,BBLCT,20,8,96,39,600.0,1,1.0,5,5.2,3,418.88,323.5,1122,true,completed
BF_BF27_h8s20n12.txt,BBLCT,20,8,96,39,600.0,0,0.0,1,1.0,2,205.84,105.4,629,true,completed
BF_BF27_h8s20n13.txt,BBLCT,20,8,96,39,600.0,0,0.0,1,1.0,3,409.34,211.6,895,true,completed
BF_BF27_h8s20n14.txt,BBLCT,20,8,96,39,600.0,2,2.1,4,4.2,6,558.48,264.8,1112,true,completed
BF_BF27_h8s20n15.txt,BBLCT,20,8,96,39,600.0,1,1.0,2,2.1,3,436.52,97.1,974,true,completed
BF_BF27_h8s20n16.txt,BBLCT,20,8,96,39,600.0,0,0.0,3,3.1,4,438.95,153.3,1074,true,completed
BF_BF27_h8s20n17.txt,BBLCT,20,8,96,39,600.0,1,1.0,4,4.2,2,186.77,119.6,649,true,completed
BF_BF27_h8s20n18.txt,BBLCT,20,8,96,39,600.0,0,0.0,2,2.1,2,294.34,511.6,2001,true,completed
BF_BF27_h8s20n19.txt,BBLCT,20,8,96,39,600.0,2,2.1,2,2.1,0,0.00,0.3,1,true,completed
BF_BF27_h8s20n2.txt,BBLCT,20,8,96,39,600.0,1,1.0,3,3.1,2,268.15,16108.7,49223,true,completed
BF_BF27_h8s20n20.txt,BBLCT,20,8,96,39,600.0,1,1.0,5,5.2,3,325.04,1877.9,8316,true,completed
BF_BF27_h8s20n3.txt,BBLCT,20,8,96,39,600.0,0,0.0,1,1.0,3,419.70,103.1,851,true,completed
BF_BF27_h8s20n4.txt,BBLCT,20,8,96,39,600.0,1,1.0,4,4.2,5,550.91,367.2,4501,true,completed
BF_BF27_h8s20n5.txt,BBLCT,20,8,96,39,600.0,2,2.1,4,4.2,4,569.73,101.4,762,true,completed
BF_BF27_h8s20n6.txt,BBLCT,20,8,96,39,600.0,2,2.1,4,4.2,3,397.84,116.3,824,true,completed
BF_BF27_h8s20n7.txt,BBLCT,20,8,96,39,600.0,0,0.0,4,4.2,4,470.69,308.8,1046,true,completed
BF_BF27_h8s20n8.txt,BBLCT,20,8,96,39,600.0,1,1.0,1,1.0,0,0.00,0.3,1,true,completed
BF_BF27_h8s20n9.txt,BBLCT,20,8,96,39,600.0,0,0.0,5,5.2,4,534.54,195.5,818,true,completed
BF_BF28_h8s20n1.txt,BBLCT,20,8,96,39,600.0,1,1.0,4,4.2,2,289.30,158.1,703,true,completed
BF_BF28_h8s20n10.txt,BBLCT,20,8,96,39,600.0,1,1.0,4,4.2,5,551.08,66.2,418,true,completed
BF_BF28_h8s20n11.txt,BBLCT,20,8,96,39,600.0,1,1.0,4,4.2,3,347.71,73.1,613,true,completed
BF_BF28_h8s20n12.txt,BBLCT,20,8,96,39,600.0,0,0.0,2,2.1,3,411.11,59.7,551,true,completed
BF_BF28_h8s20n13.txt,BBLCT,20,8,96,39,600.0,1,1.0,2,2.1,4,423.45,261.9,1223,true,completed
BF_BF28_h8s20n14.txt,BBLCT,20,8,96,39,600.0,1,1.0,2,2.1,2,247.89,57.5,500,true,completed
BF_BF28_h8s20n15.txt,BBLCT,20,8,96,39,600.0,0,0.0,2,2.1,5,521.57,9379.7,56255,true,completed
BF_BF28_h8s20n16.txt,BBLCT,20,8,96,39,600.0,1,1.0,2,2.1,1,94.58,33.0,241,true,completed
BF_BF28_h8s20n17.txt,BBLCT,20,8,96,39,600.0,1,1.0,3,3.1,4,590.29,67.1,287,true,completed
BF_BF28_h8s20n18.txt,BBLCT,20,8,96,39,600.0,0,0.0,1,1.0,5,578.17,236.9,2056,true,completed
BF_BF28_h8s20n19.txt,BBLCT,20,8,96,39,600.0,0,0.0,2,2.1,4,391.21,661.1,3187,true,completed
BF_BF28_h8s20n2.txt,BBLCT,20,8,96,39,600.0,0,0.0,2,2.1,4,410.03,104.5,905,true,completed
BF_BF28_h8s20n20.txt,BBLCT,20,8,96,39,600.0,0,0.0,1,1.0,2,304.47,22938.3,109403,true,completed
BF_BF28_h8s20n3.txt,BBLCT,20,8,96,39,600.0,0,0.0,1,1.0,3,286.25,85.4,731,true,completed
BF_BF28_h8s20n4.txt,BBLCT,20,8,96,39,600.0,0,0.0,1,1.0,1,107.25,17.6,188,true,completed
BF_BF28_h8s20n5.txt,BBLCT,20,8,96,39,600.0,0,0.0,1,1.0,4,428.93,132.2,1108,true,completed
BF_BF28_h8s20n6.txt,BBLCT,20,8,96,39,600.0,0,0.0,2,2.1,4,421.20,164.8,1047,true,completed
BF_BF28_h8s20n7.txt,BBLCT,20,8,96,39,600.0,0,0.0,2,2.1,6,595.01,161.3,760,true,completed
BF_BF28_h8s20n8.txt,BBLCT,20,8,96,39,600.0,0,0.0,1,1.0,1,89.52,36.0,262,true,completed
BF_BF28_h8s20n9.txt,BBLCT,20,8,96,39,600.0,0,0.0,1,1.0,1,135.84,89.9,612,true,completed
BF_BF29_h8s20n1.txt,BBLCT,20,8,128,26,600.0,1,0.8,5,3.9,6,597.15,491.5,2510,true,completed
BF_BF29_h8s20n10.txt,BBLCT,20,8,128,26,600.0,0,0.0,3,2.3,5,572.64,153.3,710,true,completed
BF_BF29_h8s20n11.txt,BBLCT,20,8,128,26,600.0,1,0.8,2,1.6,3,327.20,1087.3,4444,true,completed
BF_BF29_h8s20n12.txt,BBLCT,20,8,128,26,600.0,0,0.0,2,1.6,3,255.78,24023.4,131679,true,completed
BF_BF29_h8s20n13.txt,BBLCT,20,8,128,26,600.0,1,0.8,4,3.1,6,592.58,99.4,704,true,completed
BF_BF29_h8s20n14.txt,BBLCT,20,8,128,26,600.0,1,0.8,3,2.3,5,583.43,278.1,1566,true,completed
BF_BF29_h8s20n15.txt,BBLCT,20,8,128,26,600.0,2,1.6,4,3.1,4,447.95,100.3,843,true,completed
BF_BF29_h8s20n16.txt,BBLCT,20,8,128,26,600.0,0,0.0,3,2.3,4,447.57,2352.2,10874,true,completed
BF_BF29_h8s20n17.txt,BBLCT,20,8,128,26,600.0,0,0.0,2,1.6,5,516.86,195.4,910,true,completed
BF_BF29_h8s20n18.txt,BBLCT,20,8,128,26,600.0,2,1.6,4,3.1,5,530.83,279.7,1050,true,completed
BF_BF29_h8s20n19.txt,BBLCT,20,8,128,26,600.0,2,1.6,3,2.3,3,291.33,3250.4,13798,true,completed
BF_BF29_h8s20n2.txt,BBLCT,20,8,128,26,600.0,0,0.0,2,1.6,5,581.16,156.9,640,true,completed
BF_BF29_h8s20n20.txt,BBLCT,20,8,128,26,600.0,0,0.0,2,1.6,4,441.93,1065.8,5086,true,completed
BF_BF29_h8s20n3.txt,BBLCT,20,8,128,26,600.0,0,0.0,2,1.6,4,465.24,188.8,863,true,completed
BF_BF29_h8s20n4.txt,BBLCT,20,8,128,26,600.0,2,1.6,4,3.1,2,208.53,52.2,408,true,completed
BF_BF29_h8s20n5.txt,BBLCT,20,8,128,26,600.0,2,1.6,4,3.1,5,593.32,107.6,828,true,completed
BF_BF29_h8s20n6.txt,BBLCT,20,8,128,26,600.0,0,0.0,3,2.3,4,493.88,139.2,704,true,completed
BF_BF29_h8s20n7.txt,BBLCT,20,8,128,26,600.0,0,0.0,2,1.6,4,392.02,177.2,814,true,completed
BF_BF29_h8s20n8.txt,BBLCT,20,8,128,26,600.0,1,0.8,3,2.3,5,511.45,98.3,798,true,completed
BF_BF29_h8s20n9.txt,BBLCT,20,8,128,26,600.0,2,1.6,4,3.1,6,599.78,97.4,611,true,completed
BF_BF2_h5s16n1.txt,BBLCT,16,5,48,10,600.0,1,2.1,5,10.4,6,599.33,24.2,412,true,completed
BF_BF2_h5s16n10.txt,BBLCT,16,5,48,10,600.0,2,4.2,4,8.3,3,276.63,7.9,229,true,completed
BF_BF2_h5s16n11.txt,BBLCT,16,5,48,10,600.0,2,4.2,4,8.3,4,421.36,12.5,352,true,completed
BF_BF2_h5s16n12.txt,BBLCT,16,5,48,10,600.0,1,2.1,3,6.2,4,408.28,246.1,4073,true,completed
BF_BF2_h5s16n13.txt,BBLCT,16,5,48,10,600.0,1,2.1,6,12.5,5,598.75,22.7,347,true,completed
BF_BF2_h5s16n14.txt,BBLCT,16,5,48,10,600.0,1,2.1,4,8.3,6,583.32,9.3,270,true,completed
BF_BF2_h5s16n15.txt,BBLCT,16,5,48,10,600.0,1,2.1,3,6.2,4,552.25,16.4,301,true,completed
BF_BF2_h5s16n16.txt,BBLCT,16,5,48,10,600.0,0,0.0,3,6.2,3,296.79,6.7,210,true,completed
BF_BF2_h5s16n17.txt,BBLCT,16,5,48,10,600.0,2,4.2,6,12.5,5,561.24,18.7,307,true,completed
BF_BF2_h5s16n18.txt,BBLCT,16,5,48,10,600.0,1,2.1,3,6.2,3,303.34,20.8,369,true,completed
BF_BF2_h5s16n19.txt,BBLCT,16,5,48,10,600.0,0,0.0,4,8.3,4,450.17,14.3,375,true,completed
BF_BF2_h5s16n2.txt,BBLCT,16,5,48,10,600.0,1,2.1,4,8.3,6,584.68,17.9,411,true,completed
BF_BF2_h5s16n20.txt,BBLCT,16,5,48,10,600.0,1,2.1,5,10.4,4,419.91,23.7,365,true,completed
BF_BF2_h5s16n3.txt,BBLCT,16,5,48,10,600.0,1,2.1,3,6.2,4,453.11,17.5,323,true,completed
BF_BF2_h5s16n4.txt,BBLCT,16,5,48,10,600.0,2,4.2,4,8.3,4,391.54,11.0,305,true,completed
BF_BF2_h5s16n5.txt,BBLCT,16,5,48,10,600.0,1,2.1,5,10.4,2,163.49,33.3,801,true,completed
BF_BF2_h5s16n6.txt,BBLCT,16,5,48,10,600.0,1,2.1,3,6.2,5,574.37,16.2,293,true,completed
BF_BF2_h5s16n7.txt,BBLCT,16,5,48,10,600.0,4,8.3,7,14.6,4,408.91,9.1,278,true,completed
BF_BF2_h5s16n8.txt,BBLCT,16,5,48,10,600.0,0,0.0,3,6.2,5,484.65,27.8,514,true,completed
BF_BF2_h5s16n9.txt,BBLCT,16,5,48,10,600.0,1,2.1,4,8.3,4,431.09,12.4,334,true,completed
BF_BF30_h8s20n1.txt,BBLCT,20,8,128,26,600.0,1,0.8,3,2.3,4,365.66,709.7,3401,true,completed
BF_BF30_h8s20n10.txt,BBLCT,20,8,128,26,600.0,0,0.0,2,1.6,2,208.04,7407.0,33783,true,completed
BF_BF30_h8s20n11.txt,BBLCT,20,8,128,26,600.0,2,1.6,3,2.3,2,188.41,105.9,571,true,completed
BF_BF30_h8s20n12.txt,BBLCT,20,8,128,26,600.0,0,0.0,1,0.8,3,333.92,109.3,595,true,completed
BF_BF30_h8s20n13.txt,BBLCT,20,8,128,26,600.0,1,0.8,3,2.3,3,309.63,2444.4,12612,true,completed
BF_BF30_h8s20n14.txt,BBLCT,20,8,128,26,600.0,1,0.8,1,0.8,0,0.00,595085.4,13237248,false,cpu_limit
BF_BF30_h8s20n15.txt,BBLCT,20,8,128,26,600.0,1,0.8,2,1.6,4,420.37,285.1,1074,true,completed
BF_BF30_h8s20n16.txt,BBLCT,20,8,128,26,600.0,1,0.8,3,2.3,4,351.94,148.5,988,true,completed
BF_BF30_h8s20n17.txt,BBLCT,20,8,128,26,600.0,1,0.8,2,1.6,2,200.96,4414.3,27248,true,completed
BF_BF30_h8s20n18.txt,BBLCT,20,8,128,26,600.0,1,0.8,2,1.6,5,592.33,57.4,560,true,completed
BF_BF30_h8s20n19.txt,BBLCT,20,8,128,26,600.0,0,0.0,3,2.3,5,596.86,4613.8,27139,true,completed
BF_BF30_h8s20n2.txt,BBLCT,20,8,128,26,600.0,1,0.8,2,1.6,1,106.29,10857.1,46326,true,completed
BF_BF30_h8s20n20.txt,BBLCT,20,8,128,26,600.0,2,1.6,3,2.3,4,428.86,852.7,4213,true,completed
BF_BF30_h8s20n3.txt,BBLCT,20,8,128,26,600.0,1,0.8,4,3.1,5,468.16,250.2,1298,true,completed
BF_BF30_h8s20n4.txt,BBLCT,20,8,128,26,600.0,1,0.8,3,2.3,7,599.78,123.9,1186,true,completed
BF_BF30_h8s20n5.txt,BBLCT,20,8,128,26,600.0,1,0.8,2,1.6,1,108.69,3745.9,21717,true,completed
BF_BF30_h8s20n6.txt,BBLCT,20,8,128,26,600.0,0,0.0,2,1.6,3,267.31,103.6,532,true,completed
BF_BF30_h8s20n7.txt,BBLCT,20,8,128,26,600.0,2,1.6,3,2.3,4,464.29,85.1,692,true,completed
BF_BF30_h8s20n8.txt,BBLCT,20,8,128,26,600.0,1,0.8,2,1.6,3,294.39,2547.7,13142,true,completed
BF_BF30_h8s20n9.txt,BBLCT,20,8,128,26,600.0,3,2.3,4,3.1,1,142.67,839.1,4309,true,completed
BF_BF31_h8s20n1.txt,BBLCT,20,8,128,52,600.0,0,0.0,1,0.8,3,391.38,117.2,772,true,completed
BF_BF31_h8s20n10.txt,BBLCT,20,8,128,52,600.0,0,0.0,1,0.8,1,125.59,51.3,286,true,completed
BF_BF31_h8s20n11.txt,BBLCT,20,8,128,52,600.0,0,0.0,1,0.8,1,131.35,2124.8,8613,true,completed
BF_BF31_h8s20n12.txt,BBLCT,20,8,128,52,600.0,1,0.8,3,2.3,4,480.77,139.5,927,true,completed
BF_BF31_h8s20n13.txt,BBLCT,20,8,128,52,600.0,1,0.8,2,1.6,2,213.22,72.7,501,true,completed
BF_BF31_h8s20n14.txt,BBLCT,20,8,128,52,600.0,0,0.0,1,0.8,3,324.31,73.4,588,true,completed
BF_BF31_h8s20n15.txt,BBLCT,20,8,128,52,600.0,0,0.0,5,3.9,6,594.75,523.7,2389,true,completed
BF_BF31_h8s20n16.txt,BBLCT,20,8,128,52,600.0,2,1.6,3,2.3,3,320.91,2093.8,10155,true,completed
BF_BF31_h8s20n17.txt,BBLCT,20,8,128,52,600.0,0,0.0,3,2.3,6,599.62,81.6,546,true,completed
BF_BF31_h8s20n18.txt,BBLCT,20,8,128,52,600.0,0,0.0,2,1.6,6,599.07,149.5,820,true,completed
BF_BF31_h8s20n19.txt,BBLCT,20,8,128,52,600.0,0,0.0,1,0.8,3,318.94,261.5,953,true,completed
BF_BF31_h8s20n2.txt,BBLCT,20,8,128,52,600.0,3,2.3,4,3.1,4,526.87,57.0,201,true,completed
BF_BF31_h8s20n20.txt,BBLCT,20,8,128,52,600.0,0,0.0,1,0.8,2,239.29,64.6,463,true,completed
BF_BF31_h8s20n3.txt,BBLCT,20,8,128,52,600.0,3,2.3,4,3.1,2,232.45,66.1,464,true,completed
BF_BF31_h8s20n4.txt,BBLCT,20,8,128,52,600.0,2,1.6,3,2.3,2,277.40,89.3,519,true,completed
BF_BF31_h8s20n5.txt,BBLCT,20,8,128,52,600.0,0,0.0,2,1.6,3,265.89,232.5,888,true,completed
BF_BF31_h8s20n6.txt,BBLCT,20,8,128,52,600.0,1,0.8,1,0.8,0,0.00,0.3,1,true,completed
BF_BF31_h8s20n7.txt,BBLCT,20,8,128,52,600.0,0,0.0,2,1.6,3,331.87,154.0,667,true,completed
BF_BF31_h8s20n8.txt,BBLCT,20,8,128,52,600.0,0,0.0,1,0.8,2,196.09,64.7,445,true,completed
BF_BF31_h8s20n9.txt,BBLCT,20,8,128,52,600.0,1,0.8,4,3.1,5,534.57,209.7,900,true,completed
BF_BF32_h8s20n1.txt,BBLCT,20,8,128,52,600.0,0,0.0,1,0.8,2,180.83,74.1,830,true,completed
BF_BF32_h8s20n10.txt,BBLCT,20,8,128,52,600.0,0,0.0,1,0.8,3,300.81,88.7,486,true,completed
BF_BF32_h8s20n11.txt,BBLCT,20,8,128,52,600.0,0,0.0,1,0.8,3,309.30,1973.7,14355,true,completed
BF_BF32_h8s20n12.txt,BBLCT,20,8,128,52,600.0,1,0.8,2,1.6,4,455.20,73.4,598,true,completed
BF_BF32_h8s20n13.txt,BBLCT,20,8,128,52,600.0,1,0.8,2,1.6,5,547.73,11.5,64,true,completed
BF_BF32_h8s20n14.txt,BBLCT,20,8,128,52,600.0,0,0.0,0,0.0,0,0.00,0.3,1,true,completed
BF_BF32_h8s20n15.txt,BBLCT,20,8,128,52,600.0,0,0.0,0,0.0,0,0.00,0.3,1,true,completed
BF_BF32_h8s20n16.txt,BBLCT,20,8,128,52,600.0,1,0.8,2,1.6,2,191.39,88.6,464,true,completed
BF_BF32_h8s20n17.txt,BBLCT,20,8,128,52,600.0,0,0.0,1,0.8,3,339.29,137.2,825,true,completed
BF_BF32_h8s20n18.txt,BBLCT,20,8,128,52,600.0,0,0.0,1,0.8,1,108.76,36.9,229,true,completed
BF_BF32_h8s20n19.txt,BBLCT,20,8,128,52,600.0,1,0.8,3,2.3,5,467.01,94.0,880,true,completed
BF_BF32_h8s20n2.txt,BBLCT,20,8,128,52,600.0,0,0.0,3,2.3,5,458.56,94.5,811,true,completed
BF_BF32_h8s20n20.txt,BBLCT,20,8,128,52,600.0,0,0.0,1,0.8,3,409.54,33.2,386,true,completed
BF_BF32_h8s20n3.txt,BBLCT,20,8,128,52,600.0,1,0.8,2,1.6,3,287.89,44.7,472,true,completed
BF_BF32_h8s20n4.txt,BBLCT,20,8,128,52,600.0,1,0.8,2,1.6,3,286.99,1313.0,5283,true,completed
BF_BF32_h8s20n5.txt,BBLCT,20,8,128,52,600.0,0,0.0,2,1.6,5,558.76,70.9,675,true,completed
BF_BF32_h8s20n6.txt,BBLCT,20,8,128,52,600.0,0,0.0,3,2.3,2,244.65,267.8,1057,true,completed
BF_BF32_h8s20n7.txt,BBLCT,20,8,128,52,600.0,0,0.0,2,1.6,2,196.45,61.0,444,true,completed
BF_BF32_h8s20n8.txt,BBLCT,20,8,128,52,600.0,0,0.0,1,0.8,1,95.30,14.2,153,true,completed
BF_BF32_h8s20n9.txt,BBLCT,20,8,128,52,600.0,0,0.0,1,0.8,3,305.77,92.7,643,true,completed
BF_BF3_h5s16n1.txt,BBLCT,16,5,48,20,600.0,1,2.1,4,8.3,5,497.73,17.3,350,true,completed
BF_BF3_h5s16n10.txt,BBLCT,16,5,48,20,600.0,1,2.1,5,10.4,5,516.43,34.6,544,true,completed
BF_BF3_h5s16n11.txt,BBLCT,16,5,48,20,600.0,0,0.0,2,4.2,3,297.48,19.3,383,true,completed
BF_BF3_h5s16n12.txt,BBLCT,16,5,48,20,600.0,1,2.1,2,4.2,3,304.22,22.1,427,true,completed
BF_BF3_h5s16n13.txt,BBLCT,16,5,48,20,600.0,1,2.1,4,8.3,4,502.57,15.9,329,true,completed
BF_BF3_h5s16n14.txt,BBLCT,16,5,48,20,600.0,2,4.2,6,12.5,5,450.23,42.1,731,true,completed
BF_BF3_h5s16n15.txt,BBLCT,16,5,48,20,600.0,0,0.0,1,2.1,2,196.18,28.7,611,true,completed
BF_BF3_h5s16n16.txt,BBLCT,16,5,48,20,600.0,1,2.1,5,10.4,6,599.00,101.3,1125,true,completed
BF_BF3_h5s16n17.txt,BBLCT,16,5,48,20,600.0,1,2.1,5,10.4,5,559.02,19.4,312,true,completed
BF_BF3_h5s16n18.txt,BBLCT,16,5,48,20,600.0,2,4.2,4,8.3,4,421.34,18.6,392,true,completed
BF_BF3_h5s16n19.txt,BBLCT,16,5,48,20,600.0,1,2.1,5,10.4,5,468.80,50.0,669,true,completed
BF_BF3_h5s16n2.txt,BBLCT,16,5,48,20,600.0,0,0.0,5,10.4,6,585.69,54.7,501,true,completed
BF_BF3_h5s16n20.txt,BBLCT,16,5,48,20,600.0,1,2.1,2,4.2,3,306.40,33.1,704,true,completed
BF_BF3_h5s16n3.txt,BBLCT,16,5,48,20,600.0,2,4.2,5,10.4,3,336.50,24.6,452,true,completed
BF_BF3_h5s16n4.txt,BBLCT,16,5,48,20,600.0,1,2.1,6,12.5,5,483.04,36.0,737,true,completed
BF_BF3_h5s16n5.txt,BBLCT,16,5,48,20,600.0,1,2.1,6,12.5,6,594.88,24.2,275,true,completed
BF_BF3_h5s16n6.txt,BBLCT,16,5,48,20,600.0,1,2.1,4,8.3,4,410.90,26.3,474,true,completed
BF_BF3_h5s16n7.txt,BBLCT,16,5,48,20,600.0,1,2.1,5,10.4,6,579.30,43.3,599,true,completed
BF_BF3_h5s16n8.txt,BBLCT,16,5,48,20,600.0,0,0.0,5,10.4,6,593.67,33.9,579,true,completed
BF_BF3_h5s16n9.txt,BBLCT,16,5,48,20,600.0,1,2.1,3,6.2,4,444.40,59.9,562,true,completed
BF_BF4_h5s16n1.txt,BBLCT,16,5,48,20,600.0,0,0.0,3,6.2,5,522.06,15.3,296,true,completed
BF_BF4_h5s16n10.txt,BBLCT,16,5,48,20,600.0,0,0.0,5,10.4,6,597.19,20.3,320,true,completed
BF_BF4_h5s16n11.txt,BBLCT,16,5,48,20,600.0,0,0.0,3,6.2,5,576.76,9.4,265,true,completed
BF_BF4_h5s16n12.txt,BBLCT,16,5,48,20,600.0,0,0.0,4,8.3,5,539.09,22.4,335,true,completed
BF_BF4_h5s16n13.txt,BBLCT,16,5,48,20,600.0,1,2.1,4,8.3,3,322.56,10.6,256,true,completed
BF_BF4_h5s16n14.txt,BBLCT,16,5,48,20,600.0,1,2.1,9,18.8,6,596.35,242.4,10561,true,completed
BF_BF4_h5s16n15.txt,BBLCT,16,5,48,20,600.0,0,0.0,2,4.2,4,369.85,10.1,315,true,completed
BF_BF4_h5s16n16.txt,BBLCT,16,5,48,20,600.0,1,2.1,4,8.3,4,416.07,12.1,297,true,completed
BF_BF4_h5s16n17.txt,BBLCT,16,5,48,20,600.0,1,2.1,4,8.3,2,183.69,33.5,636,true,completed
BF_BF4_h5s16n18.txt,BBLCT,16,5,48,20,600.0,1,2.1,4,8.3,4,439.05,10.9,316,true,completed
BF_BF4_h5s16n19.txt,BBLCT,16,5,48,20,600.0,1,2.1,8,16.7,5,557.28,13.6,194,true,completed
BF_BF4_h5s16n2.txt,BBLCT,16,5,48,20,600.0,1,2.1,4,8.3,4,403.89,12.3,306,true,completed
BF_BF4_h5s16n20.txt,BBLCT,16,5,48,20,600.0,1,2.1,6,12.5,5,539.11,18.7,395,true,completed
BF_BF4_h5s16n3.txt,BBLCT,16,5,48,20,600.0,0,0.0,6,12.5,5,555.81,176.0,4497,true,completed
BF_BF4_h5s16n4.txt,BBLCT,16,5,48,20,600.0,0,0.0,4,8.3,5,593.99,6.4,115,true,completed
BF_BF4_h5s16n5.txt,BBLCT,16,5,48,20,600.0,0,0.0,1,2.1,3,381.45,8.2,230,true,completed
BF_BF4_h5s16n6.txt,BBLCT,16,5,48,20,600.0,2,4.2,7,14.6,5,557.73,12.1,337,true,completed
BF_BF4_h5s16n7.txt,BBLCT,16,5,48,20,600.0,0,0.0,3,6.2,5,515.20,298.7,4428,true,completed
BF_BF4_h5s16n8.txt,BBLCT,16,5,48,20,600.0,0,0.0,2,4.2,5,567.00,33.0,612,true,completed
BF_BF4_h5s16n9.txt,BBLCT,16,5,48,20,600.0,0,0.0,2,4.2,5,547.31,11.4,333,true,completed
BF_BF5_h5s16n1.txt,BBLCT,16,5,64,13,600.0,1,1.6,3,4.7,5,548.29,15.8,405,true,completed
BF_BF5_h5s16n10.txt,BBLCT,16,5,64,13,600.0,1,1.6,8,12.5,6,585.01,81.1,1288,true,completed
BF_BF5_h5s16n11.txt,BBLCT,16,5,64,13,600.0,1,1.6,4,6.2,4,406.56,18.7,416,true,completed
BF_BF5_h5s16n12.txt,BBLCT,16,5,64,13,600.0,1,1.6,6,9.4,6,540.27,15.7,394,true,completed
BF_BF5_h5s16n13.txt,BBLCT,16,5,64,13,600.0,0,0.0,3,4.7,5,434.56,18.9,462,true,completed
BF_BF5_h5s16n14.txt,BBLCT,16,5,64,13,600.0,2,3.1,4,6.2,4,348.83,25.3,458,true,completed
BF_BF5_h5s16n15.txt,BBLCT,16,5,64,13,600.0,3,4.7,6,9.4,5,567.88,42.8,499,true,completed
BF_BF5_h5s16n16.txt,BBLCT,16,5,64,13,600.0,1,1.6,3,4.7,3,327.10,21.1,352,true,completed
BF_BF5_h5s16n17.txt,BBLCT,16,5,64,13,600.0,1,1.6,5,7.8,6,599.30,15.0,345,true,completed
BF_BF5_h5s16n18.txt,BBLCT,16,5,64,13,600.0,1,1.6,3,4.7,5,488.68,202.8,2461,true,completed
BF_BF5_h5s16n19.txt,BBLCT,16,5,64,13,600.0,2,3.1,5,7.8,6,595.98,10.1,281,true,completed
BF_BF5_h5s16n2.txt,BBLCT,16,5,64,13,600.0,1,1.6,5,7.8,6,596.99,13.3,190,true,completed
BF_BF5_h5s16n20.txt,BBLCT,16,5,64,13,600.0,2,3.1,4,6.2,4,430.27,11.2,319,true,completed
BF_BF5_h5s16n3.txt,BBLCT,16,5,64,13,600.0,2,3.1,8,12.5,6,599.21,34.2,431,true,completed
BF_BF5_h5s16n4.txt,BBLCT,16,5,64,13,600.0,4,6.2,8,12.5,5,478.69,21.9,426,true,completed
BF_BF5_h5s16n5.txt,BBLCT,16,5,64,13,600.0,1,1.6,4,6.2,4,447.58,17.2,370,true,completed
BF_BF5_h5s16n6.txt,BBLCT,16,5,64,13,600.0,0,0.0,5,7.8,6,590.48,32.5,350,true,completed
BF_BF5_h5s16n7.txt,BBLCT,16,5,64,13,600.0,0,0.0,3,4.7,5,529.66,10.1,302,true,completed
BF_BF5_h5s16n8.txt,BBLCT,16,5,64,13,600.0,0,0.0,3,4.7,6,592.84,2215.1,37107,true,completed
BF_BF5_h5s16n9.txt,BBLCT,16,5,64,13,600.0,1,1.6,6,9.4,6,559.84,57.2,587,true,completed
BF_BF6_h5s16n1.txt,BBLCT,16,5,64,13,600.0,2,3.1,6,9.4,5,527.93,11.8,232,true,completed
BF_BF6_h5s16n10.txt,BBLCT,16,5,64,13,600.0,1,1.6,2,3.1,3,332.26,56.8,1217,true,completed
BF_BF6_h5s16n11.txt,BBLCT,16,5,64,13,600.0,0,0.0,2,3.1,4,440.69,11.9,247,true,completed
BF_BF6_h5s16n12.txt,BBLCT,16,5,64,13,600.0,0,0.0,2,3.1,2,200.80,3.4,131,true,completed
BF_BF6_h5s16n13.txt,BBLCT,16,5,64,13,600.0,2,3.1,4,6.2,5,525.06,8.6,194,true,completed
BF_BF6_h5s16n14.txt,BBLCT,16,5,64,13,600.0,1,1.6,3,4.7,3,294.87,132.8,3916,true,completed
BF_BF6_h5s16n15.txt,BBLCT,16,5,64,13,600.0,0,0.0,3,4.7,5,508.09,7.1,246,true,completed
BF_BF6_h5s16n16.txt,BBLCT,16,5,64,13,600.0,2,3.1,8,12.5,5,499.19,464.4,8956,true,completed
BF_BF6_h5s16n17.txt,BBLCT,16,5,64,13,600.0,0,0.0,2,3.1,4,418.50,41.1,732,true,completed
BF_BF6_h5s16n18.txt,BBLCT,16,5,64,13,600.0,0,0.0,2,3.1,3,280.97,509.1,11717,true,completed
BF_BF6_h5s16n19.txt,BBLCT,16,5,64,13,600.0,2,3.1,5,7.8,5,540.41,4.8,100,true,completed
BF_BF6_h5s16n2.txt,BBLCT,16,5,64,13,600.0,1,1.6,3,4.7,3,319.99,12.6,253,true,completed
BF_BF6_h5s16n20.txt,BBLCT,16,5,64,13,600.0,0,0.0,4,6.2,6,596.82,33.2,682,true,completed
BF_BF6_h5s16n3.txt,BBLCT,16,5,64,13,600.0,2,3.1,6,9.4,5,570.63,32.9,528,true,completed
BF_BF6_h5s16n4.txt,BBLCT,16,5,64,13,600.0,0,0.0,3,4.7,6,597.09,156.9,3005,true,completed
BF_BF6_h5s16n5.txt,BBLCT,16,5,64,13,600.0,2,3.1,4,6.2,4,496.12,11.4,240,true,completed
BF_BF6_h5s16n6.txt,BBLCT,16,5,64,13,600.0,0,0.0,3,4.7,6,598.63,209.7,4109,true,completed
BF_BF6_h5s16n7.txt,BBLCT,16,5,64,13,600.0,0,0.0,4,6.2,5,516.59,6.9,229,true,completed
BF_BF6_h5s16n8.txt,BBLCT,16,5,64,13,600.0,1,1.6,3,4.7,4,497.07,4.9,193,true,completed
BF_BF6_h5s16n9.txt,BBLCT,16,5,64,13,600.0,5,7.8,6,9.4,2,233.50,66.3,940,true,completed
BF_BF7_h5s16n1.txt,BBLCT,16,5,64,26,600.0,1,1.6,2,3.1,4,412.33,54.3,737,true,completed
BF_BF7_h5s16n10.txt,BBLCT,16,5,64,26,600.0,2,3.1,7,10.9,5,509.22,42.4,427,true,completed
BF_BF7_h5s16n11.txt,BBLCT,16,5,64,26,600.0,1,1.6,4,6.2,6,555.11,144.1,1619,true,completed
BF_BF7_h5s16n12.txt,BBLCT,16,5,64,26,600.0,1,1.6,8,12.5,5,553.86,17.9,307,true,completed
BF_BF7_h5s16n13.txt,BBLCT,16,5,64,26,600.0,0,0.0,3,4.7,6,594.54,24.5,428,true,completed
BF_BF7_h5s16n14.txt,BBLCT,16,5,64,26,600.0,1,1.6,3,4.7,5,497.47,15.2,361,true,completed
BF_BF7_h5s16n15.txt,BBLCT,16,5,64,26,600.0,2,3.1,5,7.8,2,212.33,571.3,6789,true,completed
BF_BF7_h5s16n16.txt,BBLCT,16,5,64,26,600.0,1,1.6,4,6.2,5,538.64,11.2,241,true,completed
BF_BF7_h5s16n17.txt,BBLCT,16,5,64,26,600.0,0,0.0,3,4.7,6,594.94,41.1,408,true,completed
BF_BF7_h5s16n18.txt,BBLCT,16,5,64,26,600.0,3,4.7,4,6.2,4,406.56,21.2,391,true,completed
BF_BF7_h5s16n19.txt,BBLCT,16,5,64,26,600.0,0,0.0,3,4.7,6,599.83,137.1,1386,true,completed
BF_BF7_h5s16n2.txt,BBLCT,16,5,64,26,600.0,1,1.6,5,7.8,5,537.89,19.7,365,true,completed
BF_BF7_h5s16n20.txt,BBLCT,16,5,64,26,600.0,1,1.6,7,10.9,5,537.26,863.8,10369,true,completed
BF_BF7_h5s16n3.txt,BBLCT,16,5,64,26,600.0,1,1.6,4,6.2,5,523.21,24.3,264,true,completed
BF_BF7_h5s16n4.txt,BBLCT,16,5,64,26,600.0,2,3.1,8,12.5,6,596.51,16.0,455,true,completed
BF_BF7_h5s16n5.txt,BBLCT,16,5,64,26,600.0,0,0.0,3,4.7,6,591.00,44.6,473,true,completed
BF_BF7_h5s16n6.txt,BBLCT,16,5,64,26,600.0,1,1.6,5,7.8,6,560.67,27.2,519,true,completed
BF_BF7_h5s16n7.txt,BBLCT,16,5,64,26,600.0,1,1.6,5,7.8,6,588.83,46.8,516,true,completed
BF_BF7_h5s16n8.txt,BBLCT,16,5,64,26,600.0,0,0.0,8,12.5,6,596.76,32.5,433,true,completed
BF_BF7_h5s16n9.txt,BBLCT,16,5,64,26,600.0,0,0.0,6,9.4,6,562.27,57.3,622,true,completed
BF_BF8_h5s16n1.txt,BBLCT,16,5,64,26,600.0,1,1.6,3,4.7,4,441.66,10.7,277,true,completed
BF_BF8_h5s16n10.txt,BBLCT,16,5,64,26,600.0,0,0.0,2,3.1,4,385.29,9.9,285,true,completed
BF_BF8_h5s16n11.txt,BBLCT,16,5,64,26,600.0,0,0.0,1,1.6,4,430.48,7.4,243,true,completed
BF_BF8_h5s16n12.txt,BBLCT,16,5,64,26,600.0,0,0.0,1,1.6,2,208.90,6.0,194,true,completed
BF_BF8_h5s16n13.txt,BBLCT,16,5,64,26,600.0,0,0.0,3,4.7,5,540.49,12.2,240,true,completed
BF_BF8_h5s16n14.txt,BBLCT,16,5,64,26,600.0,0,0.0,3,4.7,5,579.56,2.8,90,true,completed
BF_BF8_h5s16n15.txt,BBLCT,16,5,64,26,600.0,1,1.6,3,4.7,5,523.74,6.3,202,true,completed
BF_BF8_h5s16n16.txt,BBLCT,16,5,64,26,600.0,1,1.6,2,3.1,2,217.94,5.8,153,true,completed
BF_BF8_h5s16n17.txt,BBLCT,16,5,64,26,600.0,0,0.0,1,1.6,3,377.13,4.6,169,true,completed
BF_BF8_h5s16n18.txt,BBLCT,16,5,64,26,600.0,1,1.6,5,7.8,5,545.70,4.4,161,true,completed
BF_BF8_h5s16n19.txt,BBLCT,16,5,64,26,600.0,1,1.6,3,4.7,5,544.40,11.0,164,true,completed
BF_BF8_h5s16n2.txt,BBLCT,16,5,64,26,600.0,0,0.0,4,6.2,4,395.46,21.6,505,true,completed
BF_BF8_h5s16n20.txt,BBLCT,16,5,64,26,600.0,1,1.6,2,3.1,2,198.07,5.2,163,true,completed
BF_BF8_h5s16n3.txt,BBLCT,16,5,64,26,600.0,1,1.6,3,4.7,5,577.76,4.3,176,true,completed
BF_BF8_h5s16n4.txt,BBLCT,16,5,64,26,600.0,1,1.6,7,10.9,6,596.50,13.4,271,true,completed
BF_BF8_h5s16n5.txt,BBLCT,16,5,64,26,600.0,1,1.6,5,7.8,4,463.46,32.9,499,true,completed
BF_BF8_h5s16n6.txt,BBLCT,16,5,64,26,600.0,0,0.0,4,6.2,6,593.84,33.0,409,true,completed
BF_BF8_h5s16n7.txt,BBLCT,16,5,64,26,600.0,2,3.1,4,6.2,4,435.18,18.6,294,true,completed
BF_BF8_h5s16n8.txt,BBLCT,16,5,64,26,600.0,1,1.6,3,4.7,5,581.37,9.6,362,true,completed
BF_BF8_h5s16n9.txt,BBLCT,16,5,64,26,600.0,1,1.6,2,3.1,2,211.73,4.3,131,true,completed
BF_BF9_h8s16n1.txt,BBLCT,16,8,77,16,600.0,0,0.0,1,1.3,2,266.39,186.4,1305,true,completed
BF_BF9_h8s16n10.txt,BBLCT,16,8,77,16,600.0,1,1.3,3,3.9,4,533.26,97.5,654,true,completed
BF_BF9_h8s16n11.txt,BBLCT,16,8,77,16,600.0,2,2.6,3,3.9,2,271.73,32.5,334,true,completed
BF_BF9_h8s16n12.txt,BBLCT,16,8,77,16,600.0,1,1.3,2,2.6,2,299.16,268.3,1862,true,completed
BF_BF9_h8s16n13.txt,BBLCT,16,8,77,16,600.0,1,1.3,3,3.9,4,460.22,112.9,798,true,completed
BF_BF9_h8s16n14.txt,BBLCT,16,8,77,16,600.0,2,2.6,3,3.9,3,337.48,97.3,603,true,completed
BF_BF9_h8s16n15.txt,BBLCT,16,8,77,16,600.0,3,3.9,6,7.8,4,569.48,41.1,415,true,completed
BF_BF9_h8s16n16.txt,BBLCT,16,8,77,16,600.0,1,1.3,3,3.9,4,517.03,73.2,496,true,completed
BF_BF9_h8s16n17.txt,BBLCT,16,8,77,16,600.0,2,2.6,3,3.9,4,569.20,49.1,514,true,completed
BF_BF9_h8s16n18.txt,BBLCT,16,8,77,16,600.0,3,3.9,4,5.2,1,86.07,41.0,265,true,completed
BF_BF9_h8s16n19.txt,BBLCT,16,8,77,16,600.0,1,1.3,3,3.9,4,480.30,105.5,823,true,completed
BF_BF9_h8s16n2.txt,BBLCT,16,8,77,16,600.0,1,1.3,3,3.9,4,583.10,42.1,528,true,completed
BF_BF9_h8s16n20.txt,BBLCT,16,8,77,16,600.0,1,1.3,3,3.9,4,591.04,49.2,436,true,completed
BF_BF9_h8s16n3.txt,BBLCT,16,8,77,16,600.0,1,1.3,2,2.6,2,235.79,16038.0,124522,true,completed
BF_BF9_h8s16n4.txt,BBLCT,16,8,77,16,600.0,1,1.3,2,2.6,1,147.35,411.5,2686,true,completed
BF_BF9_h8s16n5.txt,BBLCT,16,8,77,16,600.0,3,3.9,3,3.9,0,0.00,564.7,3705,true,completed
BF_BF9_h8s16n6.txt,BBLCT,16,8,77,16,600.0,1,1.3,3,3.9,4,487.75,75.0,594,true,completed
BF_BF9_h8s16n7.txt,BBLCT,16,8,77,16,600.0,1,1.3,4,5.2,4,517.20,50.7,677,true,completed
BF_BF9_h8s16n8.txt,BBLCT,16,8,77,16,600.0,4,5.2,6,7.8,3,363.49,199.7,1328,true,completed
BF_BF9_h8s16n9.txt,BBLCT,16,8,77,16,600.0,1,1.3,4,5.2,3,370.93,48.9,564,true,completed
BF_BF10_h8s16n1.txt,BBLCT,16,8,77,16,900.0,0,0.0,3,3.9,9,877.96,78.2,999,true,completed
BF_BF10_h8s16n10.txt,BBLCT,16,8,77,16,900.0,2,2.6,5,6.5,9,876.18,211.9,2987,true,completed
BF_BF10_h8s16n11.txt,BBLCT,16,8,77,16,900.0,2,2.6,4,5.2,6,608.87,89319.7,701135,true,completed
BF_BF10_h8s16n12.txt,BBLCT,16,8,77,16,900.0,1,1.3,5,6.5,7,795.93,50.9,824,true,completed
BF_BF10_h8s16n13.txt,BBLCT,16,8,77,16,900.0,1,1.3,3,3.9,5,545.24,47569.4,501243,true,completed
BF_BF10_h8s16n14.txt,BBLCT,16,8,77,16,900.0,1,1.3,5,6.5,9,889.21,92.1,1276,true,completed
BF_BF10_h8s16n15.txt,BBLCT,16,8,77,16,900.0,2,2.6,4,5.2,6,698.25,58.9,906,true,completed
BF_BF10_h8s16n16.txt,BBLCT,16,8,77,16,900.0,0,0.0,2,2.6,3,323.59,595101.0,5709824,false,cpu_limit
BF_BF10_h8s16n17.txt,BBLCT,16,8,77,16,900.0,0,0.0,3,3.9,8,858.22,114.5,947,true,completed
BF_BF10_h8s16n18.txt,BBLCT,16,8,77,16,900.0,1,1.3,3,3.9,5,599.66,1531.0,16373,true,completed
BF_BF10_h8s16n19.txt,BBLCT,16,8,77,16,900.0,0,0.0,2,2.6,5,495.83,595049.2,4908032,false,cpu_limit
BF_BF10_h8s16n2.txt,BBLCT,16,8,77,16,900.0,2,2.6,4,5.2,6,662.57,80.2,771,true,completed
BF_BF10_h8s16n20.txt,BBLCT,16,8,77,16,900.0,0,0.0,3,3.9,6,626.83,66.6,891,true,completed
BF_BF10_h8s16n3.txt,BBLCT,16,8,77,16,900.0,2,2.6,8,10.4,7,863.73,282.5,2944,true,completed
BF_BF10_h8s16n4.txt,BBLCT,16,8,77,16,900.0,0,0.0,3,3.9,5,542.89,23925.7,161953,true,completed
BF_BF10_h8s16n5.txt,BBLCT,16,8,77,16,900.0,1,1.3,3,3.9,5,544.97,19230.0,176522,true,completed
BF_BF10_h8s16n6.txt,BBLCT,16,8,77,16,900.0,1,1.3,4,5.2,6,588.43,76.9,1007,true,completed
BF_BF10_h8s16n7.txt,BBLCT,16,8,77,16,900.0,0,0.0,3,3.9,7,899.81,253484.7,3318883,true,completed
BF_BF10_h8s16n8.txt,BBLCT,16,8,77,16,900.0,1,1.3,2,2.6,2,222.27,82794.4,919037,true,completed
BF_BF10_h8s16n9.txt,BBLCT,16,8,77,16,900.0,2,2.6,4,5.2,5,558.12,595117.3,4156416,false,cpu_limit
BF_BF11_h8s16n1.txt,BBLCT,16,8,77,31,900.0,0,0.0,3,3.9,7,899.82,2016.9,12905,true,completed
BF_BF11_h8s16n10.txt,BBLCT,16,8,77,31,900.0,0,0.0,3,3.9,7,849.13,148.9,998,true,completed
BF_BF11_h8s16n11.txt,BBLCT,16,8,77,31,900.0,0,0.0,2,2.6,7,847.63,78.5,823,true,completed
BF_BF11_h8s16n12.txt,BBLCT,16,8,77,31,900.0,0,0.0,1,1.3,3,332.84,41.9,545,true,completed
BF_BF11_h8s16n13.txt,BBLCT,16,8,77,31,900.0,0,0.0,3,3.9,7,888.98,27.8,291,true,completed
BF_BF11_h8s16n14.txt,BBLCT,16,8,77,31,900.0,0,0.0,4,5.2,6,685.45,129.2,1205,true,completed
BF_BF11_h8s16n15.txt,BBLCT,16,8,77,31,900.0,1,1.3,4,5.2,7,871.37,105.9,1200,true,completed
BF_BF11_h8s16n16.txt,BBLCT,16,8,77,31,900.0,0,0.0,4,5.2,6,808.83,300.3,2170,true,completed
BF_BF11_h8s16n17.txt,BBLCT,16,8,77,31,900.0,2,2.6,5,6.5,7,850.46,14.5,109,true,completed
BF_BF11_h8s16n18.txt,BBLCT,16,8,77,31,900.0,0,0.0,3,3.9,5,556.20,66.9,869,true,completed
BF_BF11_h8s16n19.txt,BBLCT,16,8,77,31,900.0,0,0.0,4,5.2,7,831.51,41.0,518,true,completed
BF_BF11_h8s16n2.txt,BBLCT,16,8,77,31,900.0,1,1.3,3,3.9,5,769.71,100.2,953,true,completed
BF_BF11_h8s16n20.txt,BBLCT,16,8,77,31,900.0,1,1.3,5,6.5,6,717.83,86.0,979,true,completed
BF_BF11_h8s16n3.txt,BBLCT,16,8,77,31,900.0,1,1.3,4,5.2,5,605.75,99.1,941,true,completed
BF_BF11_h8s16n4.txt,BBLCT,16,8,77,31,900.0,0,0.0,1,1.3,2,334.27,110.5,1582,true,completed
BF_BF11_h8s16n5.txt,BBLCT,16,8,77,31,900.0,0,0.0,5,6.5,5,587.97,93.2,975,true,completed
BF_BF11_h8s16n6.txt,BBLCT,16,8,77,31,900.0,0,0.0,3,3.9,5,691.07,134.7,961,true,completed
BF_BF11_h8s16n7.txt,BBLCT,16,8,77,31,900.0,0,0.0,4,5.2,6,815.24,96.2,983,true,completed
BF_BF11_h8s16n8.txt,BBLCT,16,8,77,31,900.0,0,0.0,2,2.6,8,899.98,96.1,642,true,completed
BF_BF11_h8s16n9.txt,BBLCT,16,8,77,31,900.0,0,0.0,1,1.3,2,258.89,41.7,422,true,completed
BF_BF12_h8s16n1.txt,BBLCT,16,8,77,31,900.0,0,0.0,1,1.3,4,516.40,30.5,526,true,completed
BF_BF12_h8s16n10.txt,BBLCT,16,8,77,31,900.0,0,0.0,4,5.2,8,854.66,19963.2,370739,true,completed
BF_BF12_h8s16n11.txt,BBLCT,16,8,77,31,900.0,0,0.0,1,1.3,6,814.25,19.0,285,true,completed
BF_BF12_h8s16n12.txt,BBLCT,16,8,77,31,900.0,0,0.0,4,5.2,7,887.22,38.2,509,true,completed
BF_BF12_h8s16n13.txt,BBLCT,16,8,77,31,900.0,0,0.0,1,1.3,2,211.80,11.9,243,true,completed
BF_BF12_h8s16n14.txt,BBLCT,16,8,77,31,900.0,0,0.0,3,3.9,5,568.34,37.4,635,true,completed
BF_BF12_h8s16n15.txt,BBLCT,16,8,77,31,900.0,0,0.0,4,5.2,8,888.97,53.7,684,true,completed
BF_BF12_h8s16n16.txt,BBLCT,16,8,77,31,900.0,2,2.6,7,9.1,7,893.86,77.5,810,true,completed
BF_BF12_h8s16n17.txt,BBLCT,16,8,77,31,900.0,0,0.0,1,1.3,1,88.54,11.2,172,true,completed
BF_BF12_h8s16n18.txt,BBLCT,16,8,77,31,900.0,1,1.3,4,5.2,7,669.40,595111.3,6170624,false,cpu_limit
BF_BF12_h8s16n19.txt,BBLCT,16,8,77,31,900.0,1,1.3,3,3.9,5,570.46,387619.9,3392648,true,completed
BF_BF12_h8s16n2.txt,BBLCT,16,8,77,31,900.0,1,1.3,1,1.3,0,0.00,298.5,5136,true,completed
BF_BF12_h8s16n20.txt,BBLCT,16,8,77,31,900.0,1,1.3,4,5.2,7,884.68,35.2,376,true,completed
BF_BF12_h8s16n3.txt,BBLCT,16,8,77,31,900.0,2,2.6,6,7.8,8,816.81,82.4,1072,true,completed
BF_BF12_h8s16n4.txt,BBLCT,16,8,77,31,900.0,3,3.9,6,7.8,6,816.95,48.4,542,true,completed
BF_BF12_h8s16n5.txt,BBLCT,16,8,77,31,900.0,0,0.0,1,1.3,4,497.97,33.4,561,true,completed
BF_BF12_h8s16n6.txt,BBLCT,16,8,77,31,900.0,1,1.3,6,7.8,8,896.20,2430.7,18063,true,completed
BF_BF12_h8s16n7.txt,BBLCT,16,8,77,31,900.0,0,0.0,3,3.9,5,589.49,13240.6,140829,true,completed
BF_BF12_h8s16n8.txt,BBLCT,16,8,77,31,900.0,0,0.0,3,3.9,8,872.05,65.2,543,true,completed
BF_BF12_h8s16n9.txt,BBLCT,16,8,77,31,900.0,0,0.0,2,2.6,6,622.51,90593.8,950365,true,completed
BF_BF13_h8s16n1.txt,BBLCT,16,8,103,21,900.0,1,1.0,3,2.9,5,546.03,595035.3,4808704,false,cpu_limit
BF_BF13_h8s16n10.txt,BBLCT,16,8,103,21,900.0,2,1.9,3,2.9,4,408.35,51.0,601,true,completed
BF_BF13_h8s16n11.txt,BBLCT,16,8,103,21,900.0,0,0.0,2,1.9,5,650.66,23074.6,170343,true,completed
BF_BF13_h8s16n12.txt,BBLCT,16,8,103,21,900.0,1,1.0,6,5.8,8,822.23,48.4,838,true,completed
BF_BF13_h8s16n13.txt,BBLCT,16,8,103,21,900.0,0,0.0,2,1.9,4,475.98,41.9,528,true,completed
BF_BF13_h8s16n14.txt,BBLCT,16,8,103,21,900.0,0,0.0,2,1.9,4,375.00,595054.0,4687872,false,cpu_limit
BF_BF13_h8s16n15.txt,BBLCT,16,8,103,21,900.0,0,0.0,3,2.9,7,809.85,73.6,907,true,completed
BF_BF13_h8s16n16.txt,BBLCT,16,8,103,21,900.0,1,1.0,6,5.8,8,858.86,135.5,1014,true,completed
BF_BF13_h8s16n17.txt,BBLCT,16,8,103,21,900.0,0,0.0,3,2.9,5,568.19,595095.2,5580800,false,cpu_limit
BF_BF13_h8s16n18.txt,BBLCT,16,8,103,21,900.0,0,0.0,3,2.9,4,482.29,595047.3,4867072,false,cpu_limit
BF_BF13_h8s16n19.txt,BBLCT,16,8,103,21,900.0,1,1.0,3,2.9,7,865.80,646.3,7286,true,completed
BF_BF13_h8s16n2.txt,BBLCT,16,8,103,21,900.0,1,1.0,2,1.9,3,362.26,4721.9,37711,true,completed
BF_BF13_h8s16n20.txt,BBLCT,16,8,103,21,900.0,0,0.0,3,2.9,9,899.35,847.8,26024,true,completed
BF_BF13_h8s16n3.txt,BBLCT,16,8,103,21,900.0,1,1.0,4,3.9,5,548.29,595125.1,4516864,false,cpu_limit
BF_BF13_h8s16n4.txt,BBLCT,16,8,103,21,900.0,2,1.9,4,3.9,7,883.98,82.6,983,true,completed
BF_BF13_h8s16n5.txt,BBLCT,16,8,103,21,900.0,2,1.9,4,3.9,7,773.89,67.2,873,true,completed
BF_BF13_h8s16n6.txt,BBLCT,16,8,103,21,900.0,1,1.0,4,3.9,5,551.47,58.6,709,true,completed
BF_BF13_h8s16n7.txt,BBLCT,16,8,103,21,900.0,0,0.0,2,1.9,4,463.76,595134.0,5302272,false,cpu_limit
BF_BF13_h8s16n8.txt,BBLCT,16,8,103,21,900.0,2,1.9,4,3.9,7,898.10,89.0,754,true,completed
BF_BF13_h8s16n9.txt,BBLCT,16,8,103,21,900.0,0,0.0,4,3.9,4,450.00,115184.2,1118746,true,completed
BF_BF14_h8s16n1.txt,BBLCT,16,8,103,21,900.0,2,1.9,8,7.8,7,813.85,3540.6,21745,true,completed
BF_BF14_h8s16n10.txt,BBLCT,16,8,103,21,900.0,1,1.0,3,2.9,4,461.10,129214.0,1495776,true,completed
BF_BF14_h8s16n11.txt,BBLCT,16,8,103,21,900.0,0,0.0,3,2.9,8,869.91,15123.9,196032,true,completed
BF_BF14_h8s16n12.txt,BBLCT,16,8,103,21,900.0,1,1.0,5,4.9,6,711.88,1812.6,14857,true,completed
BF_BF14_h8s16n13.txt,BBLCT,16,8,103,21,900.0,0,0.0,2,1.9,5,488.71,595051.1,5391360,false,cpu_limit
BF_BF14_h8s16n14.txt,BBLCT,16,8,103,21,900.0,1,1.0,3,2.9,5,571.31,20.3,440,true,completed
BF_BF14_h8s16n15.txt,BBLCT,16,8,103,21,900.0,2,1.9,7,6.8,7,883.60,81.6,750,true,completed
BF_BF14_h8s16n16.txt,BBLCT,16,8,103,21,900.0,0,0.0,2,1.9,6,657.20,5952.4,52200,true,completed
BF_BF14_h8s16n17.txt,BBLCT,16,8,103,21,900.0,1,1.0,7,6.8,9,893.47,105.9,1556,true,completed
BF_BF14_h8s16n18.txt,BBLCT,16,8,103,21,900.0,0,0.0,3,2.9,8,870.54,23.0,450,true,completed
BF_BF14_h8s16n19.txt,BBLCT,16,8,103,21,900.0,0,0.0,3,2.9,6,792.73,181.3,1653,true,completed
BF_BF14_h8s16n2.txt,BBLCT,16,8,103,21,900.0,1,1.0,3,2.9,6,650.86,56.5,820,true,completed
BF_BF14_h8s16n20.txt,BBLCT,16,8,103,21,900.0,0,0.0,3,2.9,6,639.54,69.2,876,true,completed
BF_BF14_h8s16n3.txt,BBLCT,16,8,103,21,900.0,0,0.0,5,4.9,7,794.91,124425.0,1305022,true,completed
BF_BF14_h8s16n4.txt,BBLCT,16,8,103,21,900.0,2,1.9,5,4.9,8,899.05,382319.0,3570785,true,completed
BF_BF14_h8s16n5.txt,BBLCT,16,8,103,21,900.0,2,1.9,4,3.9,6,865.71,48.6,700,true,completed
BF_BF14_h8s16n6.txt,BBLCT,16,8,103,21,900.0,0,0.0,3,2.9,5,603.97,84769.2,782058,true,completed
BF_BF14_h8s16n7.txt,BBLCT,16,8,103,21,900.0,1,1.0,3,2.9,6,694.24,25.2,536,true,completed
BF_BF14_h8s16n8.txt,BBLCT,16,8,103,21,900.0,0,0.0,3,2.9,5,647.37,1200.9,14081,true,completed
BF_BF14_h8s16n9.txt,BBLCT,16,8,103,21,900.0,1,1.0,3,2.9,7,782.60,254.4,2603,true,completed
BF_BF15_h8s16n1.txt,BBLCT,16,8,103,42,900.0,0,0.0,2,1.9,4,520.53,51.5,792,true,completed
BF_BF15_h8s16n10.txt,BBLCT,16,8,103,42,900.0,0,0.0,1,1.0,1,133.88,34.5,511,true,completed
BF_BF15_h8s16n11.txt,BBLCT,16,8,103,42,900.0,0,0.0,2,1.9,5,508.50,595095.1,5163008,false,cpu_limit
BF_BF15_h8s16n12.txt,BBLCT,16,8,103,42,900.0,1,1.0,3,2.9,8,884.24,137.8,1445,true,completed
BF_BF15_h8s16n13.txt,BBLCT,16,8,103,42,900.0,1,1.0,8,7.8,7,869.97,25762.2,178996,true,completed
BF_BF15_h8s16n14.txt,BBLCT,16,8,103,42,900.0,1,1.0,8,7.8,7,752.65,64.5,845,true,completed
BF_BF15_h8s16n15.txt,BBLCT,16,8,103,42,900.0,0,0.0,4,3.9,8,893.91,195.2,1657,true,completed
BF_BF15_h8s16n16.txt,BBLCT,16,8,103,42,900.0,0,0.0,2,1.9,4,533.64,50.6,531,true,completed
BF_BF15_h8s16n17.txt,BBLCT,16,8,103,42,900.0,0,0.0,1,1.0,2,183.99,34.4,320,true,completed
BF_BF15_h8s16n18.txt,BBLCT,16,8,103,42,900.0,0,0.0,1,1.0,2,189.77,18.6,295,true,completed
BF_BF15_h8s16n19.txt,BBLCT,16,8,103,42,900.0,2,1.9,4,3.9,2,219.05,28.3,292,true,completed
BF_BF15_h8s16n2.txt,BBLCT,16,8,103,42,900.0,1,1.0,4,3.9,7,771.12,170.1,1083,true,completed
BF_BF15_h8s16n20.txt,BBLCT,16,8,103,42,900.0,1,1.0,4,3.9,10,850.87,129.9,1503,true,completed
BF_BF15_h8s16n3.txt,BBLCT,16,8,103,42,900.0,0,0.0,2,1.9,4,379.27,33.2,484,true,completed
BF_BF15_h8s16n4.txt,BBLCT,16,8,103,42,900.0,0,0.0,3,2.9,6,687.59,56.7,776,true,completed
BF_BF15_h8s16n5.txt,BBLCT,16,8,103,42,900.0,0,0.0,2,1.9,4,473.17,41.1,557,true,completed
BF_BF15_h8s16n6.txt,BBLCT,16,8,103,42,900.0,0,0.0,1,1.0,7,873.30,23.3,177,true,completed
BF_BF15_h8s16n7.txt,BBLCT,16,8,103,42,900.0,0,0.0,4,3.9,3,291.23,46.7,504,true,completed
BF_BF15_h8s16n8.txt,BBLCT,16,8,103,42,900.0,0,0.0,2,1.9,5,642.81,82.6,1017,true,completed
BF_BF15_h8s16n9.txt,BBLCT,16,8,103,42,900.0,1,1.0,5,4.9,6,783.92,3866.1,35273,true,completed
BF_BF16_h8s16n1.txt,BBLCT,16,8,103,42,900.0,0,0.0,4,3.9,10,886.54,71.7,974,true,completed
BF_BF16_h8s16n10.txt,BBLCT,16,8,103,42,900.0,0,0.0,1,1.0,7,869.63,58.5,937,true,completed
BF_BF16_h8s16n11.txt,BBLCT,16,8,103,42,900.0,0,0.0,2,1.9,6,671.42,25.7,526,true,completed
BF_BF16_h8s16n12.txt,BBLCT,16,8,103,42,900.0,0,0.0,3,2.9,8,898.98,161.1,1904,true,completed
BF_BF16_h8s16n13.txt,BBLCT,16,8,103,42,900.0,1,1.0,4,3.9,6,601.72,72.8,796,true,completed
BF_BF16_h8s16n14.txt,BBLCT,16,8,103,42,900.0,0,0.0,4,3.9,8,821.82,54.0,760,true,completed
BF_BF16_h8s16n15.txt,BBLCT,16,8,103,42,900.0,0,0.0,2,1.9,8,895.82,56.7,801,true,completed
BF_BF16_h8s16n16.txt,BBLCT,16,8,103,42,900.0,1,1.0,4,3.9,5,642.28,19860.3,214716,true,completed
BF_BF16_h8s16n17.txt,BBLCT,16,8,103,42,900.0,0,0.0,1,1.0,3,294.84,21.3,360,true,completed
BF_BF16_h8s16n18.txt,BBLCT,16,8,103,42,900.0,0,0.0,4,3.9,8,835.88,44889.1,356595,true,completed
BF_BF16_h8s16n19.txt,BBLCT,16,8,103,42,900.0,0,0.0,2,1.9,9,874.10,1120.3,14550,true,completed
BF_BF16_h8s16n2.txt,BBLCT,16,8,103,42,900.0,0,0.0,2,1.9,5,493.92,40.8,641,true,completed
BF_BF16_h8s16n20.txt,BBLCT,16,8,103,42,900.0,0,0.0,3,2.9,7,895.92,413.8,4868,true,completed
BF_BF16_h8s16n3.txt,BBLCT,16,8,103,42,900.0,0,0.0,1,1.0,7,880.99,68.9,589,true,completed
BF_BF16_h8s16n4.txt,BBLCT,16,8,103,42,900.0,1,1.0,2,1.9,6,782.18,42.0,636,true,completed
BF_BF16_h8s16n5.txt,BBLCT,16,8,103,42,900.0,0,0.0,3,2.9,7,824.55,62.6,872,true,completed
BF_BF16_h8s16n6.txt,BBLCT,16,8,103,42,900.0,1,1.0,2,1.9,4,418.49,13.2,316,true,completed
BF_BF16_h8s16n7.txt,BBLCT,16,8,103,42,900.0,0,0.0,2,1.9,7,876.19,5.3,83,true,completed
BF_BF16_h8s16n8.txt,BBLCT,16,8,103,42,900.0,0,0.0,1,1.0,5,605.72,49.5,629,true,completed
BF_BF16_h8s16n9.txt,BBLCT,16,8,103,42,900.0,0,0.0,4,3.9,7,837.97,2810.6,26080,true,completed
BF_BF17_h5s20n1.txt,BBLCT,20,5,60,12,900.0,1,1.7,4,6.7,5,512.98,1281.7,14577,true,completed
BF_BF17_h5s20n10.txt,BBLCT,20,5,60,12,900.0,1,1.7,14,23.3,9,858.18,176.9,1137,true,completed
BF_BF17_h5s20n11.txt,BBLCT,20,5,60,12,900.0,0,0.0,6,10.0,9,898.32,5694.3,34049,true,completed
BF_BF17_h5s20n12.txt,BBLCT,20,5,60,12,900.0,2,3.3,6,10.0,8,847.91,114.5,1259,true,completed
BF_BF17_h5s20n13.txt,BBLCT,20,5,60,12,900.0,2,3.3,9,15.0,8,815.62,169.8,1611,true,completed
BF_BF17_h5s20n14.txt,BBLCT,20,5,60,12,900.0,2,3.3,9,15.0,9,885.60,310.5,2195,true,completed
BF_BF17_h5s20n15.txt,BBLCT,20,5,60,12,900.0,0,0.0,10,16.7,8,842.97,129.5,1328,true,completed
BF_BF17_h5s20n16.txt,BBLCT,20,5,60,12,900.0,1,1.7,7,11.7,8,853.13,136.0,880,true,completed
BF_BF17_h5s20n17.txt,BBLCT,20,5,60,12,900.0,2,3.3,8,13.3,8,884.36,8480.8,47102,true,completed
BF_BF17_h5s20n18.txt,BBLCT,20,5,60,12,900.0,0,0.0,6,10.0,9,893.25,3732.8,44808,true,completed
BF_BF17_h5s20n19.txt,BBLCT,20,5,60,12,900.0,2,3.3,6,10.0,6,574.38,595131.3,3389440,false,cpu_limit
BF_BF17_h5s20n2.txt,BBLCT,20,5,60,12,900.0,3,5.0,6,10.0,7,738.71,2836.1,15808,true,completed
BF_BF17_h5s20n20.txt,BBLCT,20,5,60,12,900.0,1,1.7,7,11.7,7,693.50,595130.4,3536896,false,cpu_limit
BF_BF17_h5s20n3.txt,BBLCT,20,5,60,12,900.0,4,6.7,10,16.7,7,721.44,595127.0,2817024,false,cpu_limit
BF_BF17_h5s20n4.txt,BBLCT,20,5,60,12,900.0,3,5.0,5,8.3,5,524.27,171.0,1853,true,completed
BF_BF17_h5s20n5.txt,BBLCT,20,5,60,12,900.0,2,3.3,7,11.7,8,895.79,191.6,1560,true,completed
BF_BF17_h5s20n6.txt,BBLCT,20,5,60,12,900.0,1,1.7,7,11.7,8,785.29,370.8,1924,true,completed
BF_BF17_h5s20n7.txt,BBLCT,20,5,60,12,900.0,2,3.3,9,15.0,9,899.50,27711.5,160809,true,completed
BF_BF17_h5s20n8.txt,BBLCT,20,5,60,12,900.0,2,3.3,4,6.7,5,515.32,595120.3,3704832,false,cpu_limit
BF_BF17_h5s20n9.txt,BBLCT,20,5,60,12,900.0,1,1.7,7,11.7,9,887.38,218.0,1336,true,completed
BF_BF18_h5s20n1.txt,BBLCT,20,5,60,12,900.0,1,1.7,4,6.7,7,717.63,316.5,2605,true,completed
BF_BF18_h5s20n10.txt,BBLCT,20,5,60,12,900.0,0,0.0,3,5.0,5,503.33,2769.3,41094,true,completed
BF_BF18_h5s20n11.txt,BBLCT,20,5,60,12,900.0,0,0.0,3,5.0,8,814.16,57.5,998,true,completed
BF_BF18_h5s20n12.txt,BBLCT,20,5,60,12,900.0,1,1.7,6,10.0,7,721.89,11894.0,182515,true,completed
BF_BF18_h5s20n13.txt,BBLCT,20,5,60,12,900.0,3,5.0,8,13.3,8,897.14,4027.2,35062,true,completed
BF_BF18_h5s20n14.txt,BBLCT,20,5,60,12,900.0,1,1.7,8,13.3,9,893.77,195497.2,1662233,true,completed
BF_BF18_h5s20n15.txt,BBLCT,20,5,60,12,900.0,0,0.0,5,8.3,8,892.77,65.3,900,true,completed
BF_BF18_h5s20n16.txt,BBLCT,20,5,60,12,900.0,1,1.7,5,8.3,6,632.24,50.1,768,true,completed
BF_BF18_h5s20n17.txt,BBLCT,20,5,60,12,900.0,1,1.7,3,5.0,5,555.90,233006.0,1983016,true,completed
BF_BF18_h5s20n18.txt,BBLCT,20,5,60,12,900.0,1,1.7,4,6.7,5,498.27,3777.6,53398,true,completed
BF_BF18_h5s20n19.txt,BBLCT,20,5,60,12,900.0,3,5.0,10,16.7,8,877.53,90.1,815,true,completed
BF_BF18_h5s20n2.txt,BBLCT,20,5,60,12,900.0,3,5.0,12,20.0,9,899.19,2561.6,20114,true,completed
BF_BF18_h5s20n20.txt,BBLCT,20,5,60,12,900.0,2,3.3,6,10.0,8,877.31,89.4,836,true,completed
BF_BF18_h5s20n3.txt,BBLCT,20,5,60,12,900.0,0,0.0,3,5.0,5,535.12,107.9,1666,true,completed
BF_BF18_h5s20n4.txt,BBLCT,20,5,60,12,900.0,2,3.3,4,6.7,5,577.83,89.1,1352,true,completed
BF_BF18_h5s20n5.txt,BBLCT,20,5,60,12,900.0,3,5.0,7,11.7,8,887.87,89.2,808,true,completed
BF_BF18_h5s20n6.txt,BBLCT,20,5,60,12,900.0,0,0.0,7,11.7,7,715.05,595078.5,4881408,false,cpu_limit
BF_BF18_h5s20n7.txt,BBLCT,20,5,60,12,900.0,1,1.7,4,6.7,5,534.35,595047.5,4419584,false,cpu_limit
BF_BF18_h5s20n8.txt,BBLCT,20,5,60,12,900.0,2,3.3,6,10.0,7,856.32,8536.6,75197,true,completed
BF_BF18_h5s20n9.txt,BBLCT,20,5,60,12,900.0,2,3.3,13,21.7,8,899.29,161.2,1562,true,completed
BF_BF19_h5s20n1.txt,BBLCT,20,5,60,24,900.0,1,1.7,4,6.7,5,586.71,105.0,970,true,completed
BF_BF19_h5s20n10.txt,BBLCT,20,5,60,24,900.0,1,1.7,7,11.7,8,874.37,49216.3,227087,true,completed
BF_BF19_h5s20n11.txt,BBLCT,20,5,60,24,900.0,1,1.7,11,18.3,9,897.71,13836.0,79213,true,completed
BF_BF19_h5s20n12.txt,BBLCT,20,5,60,24,900.0,0,0.0,6,10.0,8,775.83,51496.0,413612,true,completed
BF_BF19_h5s20n13.txt,BBLCT,20,5,60,24,900.0,0,0.0,3,5.0,8,859.99,93.5,955,true,completed
BF_BF19_h5s20n14.txt,BBLCT,20,5,60,24,900.0,0,0.0,8,13.3,9,899.33,6645.6,41372,true,completed
BF_BF19_h5s20n15.txt,BBLCT,20,5,60,24,900.0,0,0.0,3,5.0,5,605.16,139.7,1160,true,completed
BF_BF19_h5s20n16.txt,BBLCT,20,5,60,24,900.0,3,5.0,7,11.7,6,696.73,333.0,1450,true,completed
BF_BF19_h5s20n17.txt,BBLCT,20,5,60,24,900.0,0,0.0,3,5.0,7,739.36,125.1,1316,true,completed
BF_BF19_h5s20n18.txt,BBLCT,20,5,60,24,900.0,1,1.7,15,25.0,8,859.10,171.7,1250,true,completed
BF_BF19_h5s20n19.txt,BBLCT,20,5,60,24,900.0,1,1.7,6,10.0,9,898.89,1749.3,14944,true,completed
BF_BF19_h5s20n2.txt,BBLCT,20,5,60,24,900.0,0,0.0,6,10.0,7,711.90,982.3,8245,true,completed
BF_BF19_h5s20n20.txt,BBLCT,20,5,60,24,900.0,2,3.3,6,10.0,7,723.21,88.7,1100,true,completed
BF_BF19_h5s20n3.txt,BBLCT,20,5,60,24,900.0,1,1.7,7,11.7,9,899.88,676.6,6142,true,completed
BF_BF19_h5s20n4.txt,BBLCT,20,5,60,24,900.0,1,1.7,17,28.3,9,893.55,3435.7,26297,true,completed
BF_BF19_h5s20n5.txt,BBLCT,20,5,60,24,900.0,0,0.0,6,10.0,9,892.53,1700.2,11145,true,completed
BF_BF19_h5s20n6.txt,BBLCT,20,5,60,24,900.0,2,3.3,7,11.7,6,647.34,11173.0,57596,true,completed
BF_BF19_h5s20n7.txt,BBLCT,20,5,60,24,900.0,1,1.7,4,6.7,8,896.93,104.2,645,true,completed
BF_BF19_h5s20n8.txt,BBLCT,20,5,60,24,900.0,1,1.7,11,18.3,8,860.57,322.9,1901,true,completed
BF_BF19_h5s20n9.txt,BBLCT,20,5,60,24,900.0,3,5.0,8,13.3,7,855.69,1597.0,10298,true,completed
BF_BF1_h5s16n1.txt,BBLCT,16,5,48,10,900.0,2,4.2,8,16.7,8,878.93,47.2,811,true,completed
BF_BF1_h5s16n10.txt,BBLCT,16,5,48,10,900.0,3,6.2,9,18.8,7,688.18,51.8,872,true,completed
BF_BF1_h5s16n11.txt,BBLCT,16,5,48,10,900.0,2,4.2,4,8.3,5,548.39,129.3,2286,true,completed
BF_BF1_h5s16n12.txt,BBLCT,16,5,48,10,900.0,2,4.2,6,12.5,7,825.81,853.1,11748,true,completed
BF_BF1_h5s16n13.txt,BBLCT,16,5,48,10,900.0,2,4.2,7,14.6,8,838.28,39.6,782,true,completed
BF_BF1_h5s16n14.txt,BBLCT,16,5,48,10,900.0,0,0.0,3,6.2,7,731.83,47.7,831,true,completed
BF_BF1_h5s16n15.txt,BBLCT,16,5,48,10,900.0,1,2.1,3,6.2,7,760.96,100.9,1196,true,completed
BF_BF1_h5s16n16.txt,BBLCT,16,5,48,10,900.0,2,4.2,5,10.4,7,665.69,45.7,861,true,completed
BF_BF1_h5s16n17.txt,BBLCT,16,5,48,10,900.0,2,4.2,6,12.5,7,719.46,74976.5,755853,true,completed
BF_BF1_h5s16n18.txt,BBLCT,16,5,48,10,900.0,3,6.2,9,18.8,8,853.13,161.8,1565,true,completed
BF_BF1_h5s16n19.txt,BBLCT,16,5,48,10,900.0,0,0.0,12,25.0,9,899.70,30636.8,283319,true,completed
BF_BF1_h5s16n2.txt,BBLCT,16,5,48,10,900.0,1,2.1,8,16.7,8,884.88,169.9,1761,true,completed
BF_BF1_h5s16n20.txt,BBLCT,16,5,48,10,900.0,1,2.1,9,18.8,8,894.89,32.6,553,true,completed
BF_BF1_h5s16n3.txt,BBLCT,16,5,48,10,900.0,2,4.2,7,14.6,8,839.14,202.1,2539,true,completed
BF_BF1_h5s16n4.txt,BBLCT,16,5,48,10,900.0,3,6.2,9,18.8,9,897.71,94.3,1799,true,completed
BF_BF1_h5s16n5.txt,BBLCT,16,5,48,10,900.0,1,2.1,7,14.6,7,687.78,451217.1,4537884,true,completed
BF_BF1_h5s16n6.txt,BBLCT,16,5,48,10,900.0,0,0.0,4,8.3,7,724.15,27.3,686,true,completed
BF_BF1_h5s16n7.txt,BBLCT,16,5,48,10,900.0,1,2.1,4,8.3,7,771.11,52.2,839,true,completed
BF_BF1_h5s16n8.txt,BBLCT,16,5,48,10,900.0,1,2.1,5,10.4,6,627.86,37.9,678,true,completed
BF_BF1_h5s16n9.txt,BBLCT,16,5,48,10,900.0,1,2.1,6,12.5,9,899.53,86.3,862,true,completed
BF_BF20_h5s20n1.txt,BBLCT,20,5,60,24,900.0,0,0.0,1,1.7,4,454.32,6333.1,112525,true,completed
BF_BF20_h5s20n10.txt,BBLCT,20,5,60,24,900.0,1,1.7,5,8.3,5,564.06,454.3,7882,true,completed
BF_BF20_h5s20n11.txt,BBLCT,20,5,60,24,900.0,0,0.0,2,3.3,4,459.62,1015.8,19022,true,completed
BF_BF20_h5s20n12.txt,BBLCT,20,5,60,24,900.0,0,0.0,6,10.0,7,742.77,61.7,975,true,completed
BF_BF20_h5s20n13.txt,BBLCT,20,5,60,24,900.0,0,0.0,4,6.7,8,839.27,69.5,871,true,completed
BF_BF20_h5s20n14.txt,BBLCT,20,5,60,24,900.0,0,0.0,4,6.7,7,765.30,65.3,810,true,completed
BF_BF20_h5s20n15.txt,BBLCT,20,5,60,24,900.0,1,1.7,5,8.3,7,757.66,58.1,913,true,completed
BF_BF20_h5s20n16.txt,BBLCT,20,5,60,24,900.0,2,3.3,5,8.3,8,895.61,1919.7,18588,true,completed
BF_BF20_h5s20n17.txt,BBLCT,20,5,60,24,900.0,2,3.3,12,20.0,8,838.17,106.1,1103,true,completed
BF_BF20_h5s20n18.txt,BBLCT,20,5,60,24,900.0,0,0.0,9,15.0,8,885.37,74.2,905,true,completed
BF_BF20_h5s20n19.txt,BBLCT,20,5,60,24,900.0,1,1.7,3,5.0,5,607.47,45.5,810,true,completed
BF_BF20_h5s20n2.txt,BBLCT,20,5,60,24,900.0,0,0.0,5,8.3,7,727.83,72.7,890,true,completed
BF_BF20_h5s20n20.txt,BBLCT,20,5,60,24,900.0,1,1.7,5,8.3,5,477.40,15543.8,204296,true,completed
BF_BF20_h5s20n3.txt,BBLCT,20,5,60,24,900.0,1,1.7,4,6.7,7,802.35,61.3,867,true,completed
BF_BF20_h5s20n4.txt,BBLCT,20,5,60,24,900.0,0,0.0,4,6.7,7,723.15,88.8,831,true,completed
BF_BF20_h5s20n5.txt,BBLCT,20,5,60,24,900.0,1,1.7,15,25.0,8,897.27,347.2,3013,true,completed
BF_BF20_h5s20n6.txt,BBLCT,20,5,60,24,900.0,0,0.0,5,8.3,5,498.42,3286.2,46820,true,completed
BF_BF20_h5s20n7.txt,BBLCT,20,5,60,24,900.0,0,0.0,5,8.3,8,881.17,49.1,773,true,completed
BF_BF20_h5s20n8.txt,BBLCT,20,5,60,24,900.0,0,0.0,5,8.3,7,737.75,37569.5,303698,true,completed
BF_BF20_h5s20n9.txt,BBLCT,20,5,60,24,900.0,0,0.0,8,13.3,8,889.49,166.3,1582,true,completed
BF_BF21_h5s20n1.txt,BBLCT,20,5,80,16,900.0,2,2.5,9,11.2,8,887.64,3406.9,20951,true,completed
BF_BF21_h5s20n10.txt,BBLCT,20,5,80,16,900.0,3,3.8,11,13.8,8,847.67,3173.5,20794,true,completed
BF_BF21_h5s20n11.txt,BBLCT,20,5,80,16,900.0,2,2.5,8,10.0,9,898.33,25335.6,201307,true,completed
BF_BF21_h5s20n12.txt,BBLCT,20,5,80,16,900.0,1,1.2,3,3.8,6,594.57,75.1,979,true,completed
BF_BF21_h5s20n13.txt,BBLCT,20,5,80,16,900.0,1,1.2,8,10.0,8,893.13,4914.2,49738,true,completed
BF_BF21_h5s20n14.txt,BBLCT,20,5,80,16,900.0,1,1.2,8,10.0,10,889.51,533.3,8383,true,completed
BF_BF21_h5s20n15.txt,BBLCT,20,5,80,16,900.0,4,5.0,8,10.0,7,740.64,74.1,953,true,completed
BF_BF21_h5s20n16.txt,BBLCT,20,5,80,16,900.0,2,2.5,10,12.5,9,851.98,137.6,1391,true,completed
BF_BF21_h5s20n17.txt,BBLCT,20,5,80,16,900.0,1,1.2,6,7.5,9,875.13,590.1,3875,true,completed
BF_BF21_h5s20n18.txt,BBLCT,20,5,80,16,900.0,1,1.2,6,7.5,8,796.40,226.7,1488,true,completed
BF_BF21_h5s20n19.txt,BBLCT,20,5,80,16,900.0,3,3.8,7,8.8,7,812.19,1183.9,7199,true,completed
BF_BF21_h5s20n2.txt,BBLCT,20,5,80,16,900.0,3,3.8,5,6.2,6,625.88,97.4,1089,true,completed
BF_BF21_h5s20n20.txt,BBLCT,20,5,80,16,900.0,1,1.2,7,8.8,8,853.57,6229.0,48287,true,completed
BF_BF21_h5s20n3.txt,BBLCT,20,5,80,16,900.0,1,1.2,4,5.0,6,616.88,73.2,921,true,completed
BF_BF21_h5s20n4.txt,BBLCT,20,5,80,16,900.0,1,1.2,8,10.0,9,895.62,204.1,1705,true,completed
BF_BF21_h5s20n5.txt,BBLCT,20,5,80,16,900.0,0,0.0,3,3.8,8,795.71,98.0,1196,true,completed
BF_BF21_h5s20n6.txt,BBLCT,20,5,80,16,900.0,2,2.5,9,11.2,8,788.50,583271.6,3532680,true,completed
BF_BF21_h5s20n7.txt,BBLCT,20,5,80,16,900.0,0,0.0,3,3.8,7,693.44,64.9,921,true,completed
BF_BF21_h5s20n8.txt,BBLCT,20,5,80,16,900.0,0,0.0,4,5.0,8,877.04,705.8,6397,true,completed
BF_BF21_h5s20n9.txt,BBLCT,20,5,80,16,900.0,1,1.2,6,7.5,8,786.08,74.0,1064,true,completed
BF_BF22_h5s20n1.txt,BBLCT,20,5,80,16,900.0,0,0.0,4,5.0,5,500.34,3684.0,61321,true,completed
BF_BF22_h5s20n10.txt,BBLCT,20,5,80,16,900.0,0,0.0,4,5.0,6,647.13,692.0,13067,true,completed
BF_BF22_h5s20n11.txt,BBLCT,20,5,80,16,900.0,3,3.8,9,11.2,7,716.54,82.4,764,true,completed
BF_BF22_h5s20n12.txt,BBLCT,20,5,80,16,900.0,3,3.8,7,8.8,7,742.60,7489.8,73498,true,completed
BF_BF22_h5s20n13.txt,BBLCT,20,5,80,16,900.0,0,0.0,4,5.0,8,898.08,25980.9,250169,true,completed
BF_BF22_h5s20n14.txt,BBLCT,20,5,80,16,900.0,0,0.0,3,3.8,7,778.58,89.6,972,true,completed
BF_BF22_h5s20n15.txt,BBLCT,20,5,80,16,900.0,2,2.5,6,7.5,8,874.72,16462.9,144574,true,completed
BF_BF22_h5s20n16.txt,BBLCT,20,5,80,16,900.0,1,1.2,7,8.8,8,899.25,3690.4,36311,true,completed
BF_BF22_h5s20n17.txt,BBLCT,20,5,80,16,900.0,2,2.5,7,8.8,8,894.91,2445.3,25101,true,completed
BF_BF22_h5s20n18.txt,BBLCT,20,5,80,16,900.0,0,0.0,4,5.0,7,797.95,40.9,678,true,completed
BF_BF22_h5s20n19.txt,BBLCT,20,5,80,16,900.0,0,0.0,4,5.0,7,753.22,41.0,703,true,completed
BF_BF22_h5s20n2.txt,BBLCT,20,5,80,16,900.0,1,1.2,5,6.2,7,815.73,42.5,620,true,completed
BF_BF22_h5s20n20.txt,BBLCT,20,5,80,16,900.0,0,0.0,3,3.8,5,571.36,54.3,990,true,completed
BF_BF22_h5s20n3.txt,BBLCT,20,5,80,16,900.0,0,0.0,5,6.2,8,865.44,35.5,583,true,completed
BF_BF22_h5s20n4.txt,BBLCT,20,5,80,16,900.0,4,5.0,10,12.5,9,875.13,97.2,1049,true,completed
BF_BF22_h5s20n5.txt,BBLCT,20,5,80,16,900.0,1,1.2,3,3.8,4,421.52,1258.0,26667,true,completed
BF_BF22_h5s20n6.txt,BBLCT,20,5,80,16,900.0,0,0.0,10,12.5,8,866.12,821.8,6374,true,completed
BF_BF22_h5s20n7.txt,BBLCT,20,5,80,16,900.0,0,0.0,3,3.8,6,657.31,107.5,2206,true,completed
BF_BF22_h5s20n8.txt,BBLCT,20,5,80,16,900.0,1,1.2,7,8.8,8,879.78,7877.3,66918,true,completed
BF_BF22_h5s20n9.txt,BBLCT,20,5,80,16,900.0,0,0.0,4,5.0,8,864.29,39.2,671,true,completed
BF_BF23_h5s20n1.txt,BBLCT,20,5,80,32,900.0,0,0.0,9,11.2,8,823.60,92562.3,695092,true,completed
BF_BF23_h5s20n10.txt,BBLCT,20,5,80,32,900.0,1,1.2,5,6.2,8,827.38,91.5,964,true,completed
BF_BF23_h5s20n11.txt,BBLCT,20,5,80,32,900.0,0,0.0,3,3.8,6,632.37,116.6,1056,true,completed
BF_BF23_h5s20n12.txt,BBLCT,20,5,80,32,900.0,0,0.0,4,5.0,7,633.13,104.8,1179,true,completed
BF_BF23_h5s20n13.txt,BBLCT,20,5,80,32,900.0,1,1.2,7,8.8,8,897.56,407525.2,2541015,true,completed
BF_BF23_h5s20n14.txt,BBLCT,20,5,80,32,900.0,3,3.8,9,11.2,6,557.33,185.6,1310,true,completed
BF_BF23_h5s20n15.txt,BBLCT,20,5,80,32,900.0,0,0.0,8,10.0,8,789.30,137.1,1241,true,completed
BF_BF23_h5s20n16.txt,BBLCT,20,5,80,32,900.0,1,1.2,10,12.5,9,898.71,3055.7,17010,true,completed
BF_BF23_h5s20n17.txt,BBLCT,20,5,80,32,900.0,1,1.2,6,7.5,7,754.51,121.7,1121,true,completed
BF_BF23_h5s20n18.txt,BBLCT,20,5,80,32,900.0,1,1.2,4,5.0,7,797.65,56.8,671,true,completed
BF_BF23_h5s20n19.txt,BBLCT,20,5,80,32,900.0,2,2.5,6,7.5,9,859.36,4852.3,29144,true,completed
BF_BF23_h5s20n2.txt,BBLCT,20,5,80,32,900.0,1,1.2,2,2.5,4,460.64,910.4,15456,true,completed
BF_BF23_h5s20n20.txt,BBLCT,20,5,80,32,900.0,0,0.0,3,3.8,8,806.78,5476.7,38319,true,completed
BF_BF23_h5s20n3.txt,BBLCT,20,5,80,32,900.0,0,0.0,5,6.2,9,847.84,21186.6,132104,true,completed
BF_BF23_h5s20n4.txt,BBLCT,20,5,80,32,900.0,2,2.5,9,11.2,9,898.27,112.2,997,true,completed
BF_BF23_h5s20n5.txt,BBLCT,20,5,80,32,900.0,1,1.2,12,15.0,9,795.63,161.9,1424,true,completed
BF_BF23_h5s20n6.txt,BBLCT,20,5,80,32,900.0,1,1.2,8,10.0,9,896.93,6886.1,40592,true,completed
BF_BF23_h5s20n7.txt,BBLCT,20,5,80,32,900.0,0,0.0,11,13.8,9,899.02,2218.9,27568,true,completed
BF_BF23_h5s20n8.txt,BBLCT,20,5,80,32,900.0,1,1.2,5,6.2,7,818.99,4680.4,50052,true,completed
BF_BF23_h5s20n9.txt,BBLCT,20,5,80,32,900.0,1,1.2,4,5.0,8,814.66,73.1,859,true,completed
BF_BF24_h5s20n1.txt,BBLCT,20,5,80,32,900.0,1,1.2,4,5.0,7,800.06,154.9,2301,true,completed
BF_BF24_h5s20n10.txt,BBLCT,20,5,80,32,900.0,0,0.0,4,5.0,7,786.97,58.3,616,true,completed
BF_BF24_h5s20n11.txt,BBLCT,20,5,80,32,900.0,0,0.0,2,2.5,5,542.60,170.9,3063,true,completed
BF_BF24_h5s20n12.txt,BBLCT,20,5,80,32,900.0,0,0.0,3,3.8,5,570.65,43.1,635,true,completed
BF_BF24_h5s20n13.txt,BBLCT,20,5,80,32,900.0,0,0.0,2,2.5,7,867.66,6239.8,43912,true,completed
BF_BF24_h5s20n14.txt,BBLCT,20,5,80,32,900.0,0,0.0,7,8.8,8,843.91,62.2,743,true,completed
BF_BF24_h5s20n15.txt,BBLCT,20,5,80,32,900.0,0,0.0,6,7.5,8,894.14,54.0,599,true,completed
BF_BF24_h5s20n16.txt,BBLCT,20,5,80,32,900.0,1,1.2,4,5.0,6,617.80,28.7,501,true,completed
BF_BF24_h5s20n17.txt,BBLCT,20,5,80,32,900.0,1,1.2,11,13.8,8,894.71,780.7,6377,true,completed
BF_BF24_h5s20n18.txt,BBLCT,20,5,80,32,900.0,0,0.0,3,3.8,7,880.39,346.9,3717,true,completed
BF_BF24_h5s20n19.txt,BBLCT,20,5,80,32,900.0,0,0.0,7,8.8,8,899.40,922.9,9831,true,completed
BF_BF24_h5s20n2.txt,BBLCT,20,5,80,32,900.0,0,0.0,5,6.2,8,846.74,57.6,881,true,completed
BF_BF24_h5s20n20.txt,BBLCT,20,5,80,32,900.0,0,0.0,7,8.8,7,699.52,53119.2,784935,true,completed
BF_BF24_h5s20n3.txt,BBLCT,20,5,80,32,900.0,2,2.5,4,5.0,5,643.50,28.3,436,true,completed
BF_BF24_h5s20n4.txt,BBLCT,20,5,80,32,900.0,1,1.2,8,10.0,5,515.67,42.5,603,true,completed
BF_BF24_h5s20n5.txt,BBLCT,20,5,80,32,900.0,0,0.0,4,5.0,5,590.96,2216.7,41842,true,completed
BF_BF24_h5s20n6.txt,BBLCT,20,5,80,32,900.0,0,0.0,4,5.0,8,888.38,108.0,1074,true,completed
BF_BF24_h5s20n7.txt,BBLCT,20,5,80,32,900.0,0,0.0,3,3.8,7,750.62,52.8,808,true,completed
BF_BF24_h5s20n8.txt,BBLCT,20,5,80,32,900.0,0,0.0,4,5.0,7,795.22,22.1,459,true,completed
BF_BF24_h5s20n9.txt,BBLCT,20,5,80,32,900.0,1,1.2,10,12.5,8,869.38,42.5,507,true,completed
BF_BF25_h8s20n1.txt,BBLCT,20,8,96,20,900.0,1,1.0,3,3.1,5,569.00,193.4,1438,true,completed
BF_BF25_h8s20n10.txt,BBLCT,20,8,96,20,900.0,1,1.0,3,3.1,5,567.89,226.4,1454,true,completed
BF_BF25_h8s20n11.txt,BBLCT,20,8,96,20,900.0,3,3.1,7,7.3,6,899.73,5175.3,17071,true,completed
BF_BF25_h8s20n12.txt,BBLCT,20,8,96,20,900.0,1,1.0,5,5.2,8,897.80,100418.0,453410,true,completed
BF_BF25_h8s20n13.txt,BBLCT,20,8,96,20,900.0,1,1.0,4,4.2,5,551.67,595299.1,2330624,false,cpu_limit
BF_BF25_h8s20n14.txt,BBLCT,20,8,96,20,900.0,2,2.1,4,4.2,8,899.18,261.2,1682,true,completed
BF_BF25_h8s20n15.txt,BBLCT,20,8,96,20,900.0,1,1.0,3,3.1,3,407.99,141.8,900,true,completed
BF_BF25_h8s20n16.txt,BBLCT,20,8,96,20,900.0,1,1.0,4,4.2,6,826.18,236.8,1457,true,completed
BF_BF25_h8s20n17.txt,BBLCT,20,8,96,20,900.0,0,0.0,3,3.1,6,730.87,202.8,1590,true,completed
BF_BF25_h8s20n18.txt,BBLCT,20,8,96,20,900.0,2,2.1,5,5.2,6,664.30,259.8,1781,true,completed
BF_BF25_h8s20n19.txt,BBLCT,20,8,96,20,900.0,2,2.1,6,6.2,8,891.53,378.9,2081,true,completed
BF_BF25_h8s20n2.txt,BBLCT,20,8,96,20,900.0,1,1.0,5,5.2,5,713.54,386.9,1365,true,completed
BF_BF25_h8s20n20.txt,BBLCT,20,8,96,20,900.0,1,1.0,4,4.2,7,899.04,177.7,1238,true,completed
BF_BF25_h8s20n3.txt,BBLCT,20,8,96,20,900.0,1,1.0,6,6.2,7,848.49,407.1,1846,true,completed
BF_BF25_h8s20n4.txt,BBLCT,20,8,96,20,900.0,1,1.0,4,4.2,5,660.94,193.7,1403,true,completed
BF_BF25_h8s20n5.txt,BBLCT,20,8,96,20,900.0,1,1.0,3,3.1,2,280.38,105.2,630,true,completed
BF_BF25_h8s20n6.txt,BBLCT,20,8,96,20,900.0,0,0.0,6,6.2,8,809.53,223708.0,723750,true,completed
BF_BF25_h8s20n7.txt,BBLCT,20,8,96,20,900.0,0,0.0,3,3.1,7,784.81,352.4,2040,true,completed
BF_BF25_h8s20n8.txt,BBLCT,20,8,96,20,900.0,3,3.1,12,12.5,6,851.64,483.7,1753,true,completed
BF_BF25_h8s20n9.txt,BBLCT,20,8,96,20,900.0,1,1.0,4,4.2,5,631.51,226.1,1436,true,completed
BF_BF26_h8s20n1.txt,BBLCT,20,8,96,20,900.0,1,1.0,3,3.1,6,624.69,106.2,1101,true,completed
BF_BF26_h8s20n10.txt,BBLCT,20,8,96,20,900.0,1,1.0,4,4.2,6,595.15,298.9,1859,true,completed
BF_BF26_h8s20n11.txt,BBLCT,20,8,96,20,900.0,2,2.1,4,4.2,6,701.39,163.0,1328,true,completed
BF_BF26_h8s20n12.txt,BBLCT,20,8,96,20,900.0,0,0.0,3,3.1,6,840.63,267.3,2121,true,completed
BF_BF26_h8s20n13.txt,BBLCT,20,8,96,20,900.0,0,0.0,4,4.2,8,869.26,19819.8,131180,true,completed
BF_BF26_h8s20n14.txt,BBLCT,20,8,96,20,900.0,0,0.0,2,2.1,2,212.87,32.5,343,true,completed
BF_BF26_h8s20n15.txt,BBLCT,20,8,96,20,900.0,0,0.0,2,2.1,4,489.31,98456.7,537524,true,completed
BF_BF26_h8s20n16.txt,BBLCT,20,8,96,20,900.0,0,0.0,3,3.1,5,557.66,595172.2,3133440,false,cpu_limit
BF_BF26_h8s20n17.txt,BBLCT,20,8,96,20,900.0,0,0.0,4,4.2,6,856.15,186.8,1448,true,completed
BF_BF26_h8s20n18.txt,BBLCT,20,8,96,20,900.0,1,1.0,3,3.1,4,378.36,595051.7,3776512,false,cpu_limit
BF_BF26_h8s20n19.txt,BBLCT,20,8,96,20,900.0,2,2.1,4,4.2,5,433.39,595136.2,3093504,false,cpu_limit
BF_BF26_h8s20n2.txt,BBLCT,20,8,96,20,900.0,2,2.1,4,4.2,2,203.88,72.5,549,true,completed
BF_BF26_h8s20n20.txt,BBLCT,20,8,96,20,900.0,1,1.0,4,4.2,5,554.68,595125.6,2842624,false,cpu_limit
BF_BF26_h8s20n3.txt,BBLCT,20,8,96,20,900.0,2,2.1,4,4.2,4,552.12,89.5,837,true,completed
BF_BF26_h8s20n4.txt,BBLCT,20,8,96,20,900.0,0,0.0,4,4.2,7,762.78,443.5,1913,true,completed
BF_BF26_h8s20n5.txt,BBLCT,20,8,96,20,900.0,1,1.0,3,3.1,7,849.47,89.0,889,true,completed
BF_BF26_h8s20n6.txt,BBLCT,20,8,96,20,900.0,1,1.0,3,3.1,4,533.80,595144.7,2844672,false,cpu_limit
BF_BF26_h8s20n7.txt,BBLCT,20,8,96,20,900.0,1,1.0,5,5.2,7,867.40,218.9,1053,true,completed
BF_BF26_h8s20n8.txt,BBLCT,20,8,96,20,900.0,0,0.0,6,6.2,8,897.01,19966.4,131431,true,completed
BF_BF26_h8s20n9.txt,BBLCT,20,8,96,20,900.0,1,1.0,3,3.1,5,632.44,137.7,1177,true,completed
BF_BF27_h8s20n1.txt,BBLCT,20,8,96,39,900.0,1,1.0,6,6.2,8,879.10,353.7,1924,true,completed
BF_BF27_h8s20n10.txt,BBLCT,20,8,96,39,900.0,0,0.0,2,2.1,2,269.83,99.9,649,true,completed
BF_BF27_h8s20n11.txt,BBLCT,20,8,96,39,900.0,1,1.0,6,6.2,5,691.17,337.4,1543,true,completed
BF_BF27_h8s20n12.txt,BBLCT,20,8,96,39,900.0,0,0.0,3,3.1,7,828.45,201.4,1139,true,completed
BF_BF27_h8s20n13.txt,BBLCT,20,8,96,39,900.0,0,0.0,2,2.1,7,856.27,197.6,1309,true,completed
BF_BF27_h8s20n14.txt,BBLCT,20,8,96,39,900.0,2,2.1,5,5.2,8,899.62,822.4,3201,true,completed
BF_BF27_h8s20n15.txt,BBLCT,20,8,96,39,900.0,1,1.0,2,2.1,3,434.72,728.3,6102,true,completed
BF_BF27_h8s20n16.txt,BBLCT,20,8,96,39,900.0,0,0.0,5,5.2,8,878.51,223.0,1322,true,completed
BF_BF27_h8s20n17.txt,BBLCT,20,8,96,39,900.0,1,1.0,7,7.3,6,795.02,334.7,1054,true,completed
BF_BF27_h8s20n18.txt,BBLCT,20,8,96,39,900.0,0,0.0,3,3.1,5,720.33,230.6,1415,true,completed
BF_BF27_h8s20n19.txt,BBLCT,20,8,96,39,900.0,2,2.1,3,3.1,7,888.28,16.6,108,true,completed
BF_BF27_h8s20n2.txt,BBLCT,20,8,96,39,900.0,1,1.0,4,4.2,7,852.32,3892.7,13654,true,completed
BF_BF27_h8s20n20.txt,BBLCT,20,8,96,39,900.0,1,1.0,6,6.2,6,634.81,283.0,1649,true,completed
BF_BF27_h8s20n3.txt,BBLCT,20,8,96,39,900.0,0,0.0,1,1.0,3,419.70,117.1,861,true,completed
BF_BF27_h8s20n4.txt,BBLCT,20,8,96,39,900.0,1,1.0,4,4.2,5,529.43,595067.9,2734080,false,cpu_limit
BF_BF27_h8s20n5.txt,BBLCT,20,8,96,39,900.0,2,2.1,4,4.2,4,569.73,188.2,1208,true,completed
BF_BF27_h8s20n6.txt,BBLCT,20,8,96,39,900.0,2,2.1,8,8.3,6,697.69,127439.7,452315,true,completed
BF_BF27_h8s20n7.txt,BBLCT,20,8,96,39,900.0,0,0.0,5,5.2,7,876.81,267.7,1364,true,completed
BF_BF27_h8s20n8.txt,BBLCT,20,8,96,39,900.0,1,1.0,3,3.1,7,864.11,276.4,1751,true,completed
BF_BF27_h8s20n9.txt,BBLCT,20,8,96,39,900.0,0,0.0,6,6.2,6,867.04,245.2,1235,true,completed
BF_BF28_h8s20n1.txt,BBLCT,20,8,96,39,900.0,1,1.0,5,5.2,6,747.32,155.6,1197,true,completed
BF_BF28_h8s20n10.txt,BBLCT,20,8,96,39,900.0,1,1.0,4,4.2,6,643.63,269.4,1705,true,completed
BF_BF28_h8s20n11.txt,BBLCT,20,8,96,39,900.0,1,1.0,4,4.2,3,347.71,74.0,616,true,completed
BF_BF28_h8s20n12.txt,BBLCT,20,8,96,39,900.0,0,0.0,2,2.1,3,411.11,63.9,582,true,completed
BF_BF28_h8s20n13.txt,BBLCT,20,8,96,39,900.0,1,1.0,3,3.1,6,717.78,10344.2,38058,true,completed
BF_BF28_h8s20n14.txt,BBLCT,20,8,96,39,900.0,1,1.0,2,2.1,2,247.89,56.8,500,true,completed
BF_BF28_h8s20n15.txt,BBLCT,20,8,96,39,900.0,0,0.0,4,4.2,6,718.34,20973.0,149593,true,completed
BF_BF28_h8s20n16.txt,BBLCT,20,8,96,39,900.0,1,1.0,3,3.1,7,846.85,137.0,572,true,completed
BF_BF28_h8s20n17.txt,BBLCT,20,8,96,39,900.0,1,1.0,4,4.2,6,880.11,135.5,1034,true,completed
BF_BF28_h8s20n18.txt,BBLCT,20,8,96,39,900.0,0,0.0,1,1.0,9,880.71,317.9,2871,true,completed
BF_BF28_h8s20n19.txt,BBLCT,20,8,96,39,900.0,0,0.0,3,3.1,7,682.58,48974.8,230334,true,completed
BF_BF28_h8s20n2.txt,BBLCT,20,8,96,39,900.0,0,0.0,3,3.1,7,798.42,49916.7,236719,true,completed
BF_BF28_h8s20n20.txt,BBLCT,20,8,96,39,900.0,0,0.0,2,2.1,7,867.35,202.5,1695,true,completed
BF_BF28_h8s20n3.txt,BBLCT,20,8,96,39,900.0,0,0.0,8,8.3,8,898.12,925.3,8081,true,completed
BF_BF28_h8s20n4.txt,BBLCT,20,8,96,39,900.0,0,0.0,1,1.0,1,107.25,153.2,1782,true,completed
BF_BF28_h8s20n5.txt,BBLCT,20,8,96,39,900.0,0,0.0,1,1.0,4,428.93,154.1,1140,true,completed
BF_BF28_h8s20n6.txt,BBLCT,20,8,96,39,900.0,0,0.0,2,2.1,4,421.20,185.3,1073,true,completed
BF_BF28_h8s20n7.txt,BBLCT,20,8,96,39,900.0,0,0.0,3,3.1,8,845.94,299.6,2003,true,completed
BF_BF28_h8s20n8.txt,BBLCT,20,8,96,39,900.0,0,0.0,2,2.1,6,640.73,7656.8,37201,true,completed
BF_BF28_h8s20n9.txt,BBLCT,20,8,96,39,900.0,0,0.0,5,5.2,7,880.86,193.5,1431,true,completed
BF_BF29_h8s20n1.txt,BBLCT,20,8,128,26,900.0,1,0.8,6,4.7,9,899.11,11624.0,55204,true,completed
BF_BF29_h8s20n10.txt,BBLCT,20,8,128,26,900.0,0,0.0,4,3.1,8,892.92,129.7,1002,true,completed
BF_BF29_h8s20n11.txt,BBLCT,20,8,128,26,900.0,1,0.8,3,2.3,7,784.66,202.2,1581,true,completed
BF_BF29_h8s20n12.txt,BBLCT,20,8,128,26,900.0,0,0.0,3,2.3,7,699.11,595248.3,2583552,false,cpu_limit
BF_BF29_h8s20n13.txt,BBLCT,20,8,128,26,900.0,1,0.8,4,3.1,6,592.58,178.6,1357,true,completed
BF_BF29_h8s20n14.txt,BBLCT,20,8,128,26,900.0,1,0.8,3,2.3,3,438.98,595104.2,2860032,false,cpu_limit
BF_BF29_h8s20n15.txt,BBLCT,20,8,128,26,900.0,2,1.6,5,3.9,7,729.50,595054.1,4950016,false,cpu_limit
BF_BF29_h8s20n16.txt,BBLCT,20,8,128,26,900.0,0,0.0,6,4.7,8,895.33,459.6,3032,true,completed
BF_BF29_h8s20n17.txt,BBLCT,20,8,128,26,900.0,0,0.0,3,2.3,8,865.55,3986.8,21437,true,completed
BF_BF29_h8s20n18.txt,BBLCT,20,8,128,26,900.0,2,1.6,5,3.9,8,875.70,56403.6,202786,true,completed
BF_BF29_h8s20n19.txt,BBLCT,20,8,128,26,900.0,2,1.6,4,3.1,6,684.67,171.5,1310,true,completed
BF_BF29_h8s20n2.txt,BBLCT,20,8,128,26,900.0,0,0.0,2,1.6,5,572.95,595110.6,2735104,false,cpu_limit
BF_BF29_h8s20n20.txt,BBLCT,20,8,128,26,900.0,0,0.0,3,2.3,6,753.04,97.0,970,true,completed
BF_BF29_h8s20n3.txt,BBLCT,20,8,128,26,900.0,0,0.0,2,1.6,4,443.76,142419.2,592967,true,completed
BF_BF29_h8s20n4.txt,BBLCT,20,8,128,26,900.0,2,1.6,4,3.1,2,208.53,501.8,4142,true,completed
BF_BF29_h8s20n5.txt,BBLCT,20,8,128,26,900.0,2,1.6,4,3.1,5,593.32,186.2,1673,true,completed
BF_BF29_h8s20n6.txt,BBLCT,20,8,128,26,900.0,0,0.0,4,3.1,7,789.85,613.8,2786,true,completed
BF_BF29_h8s20n7.txt,BBLCT,20,8,128,26,900.0,0,0.0,3,2.3,8,896.56,6237.7,29934,true,completed
BF_BF29_h8s20n8.txt,BBLCT,20,8,128,26,900.0,1,0.8,3,2.3,5,511.45,137.6,1080,true,completed
BF_BF29_h8s20n9.txt,BBLCT,20,8,128,26,900.0,2,1.6,4,3.1,6,610.51,204.8,1395,true,completed
BF_BF2_h5s16n1.txt,BBLCT,16,5,48,10,900.0,1,2.1,5,10.4,6,599.33,67795.7,918735,true,completed
BF_BF2_h5s16n10.txt,BBLCT,16,5,48,10,900.0,2,4.2,9,18.8,9,892.41,4510.6,63667,true,completed
BF_BF2_h5s16n11.txt,BBLCT,16,5,48,10,900.0,2,4.2,8,16.7,7,856.58,892.5,19814,true,completed
BF_BF2_h5s16n12.txt,BBLCT,16,5,48,10,900.0,1,2.1,4,8.3,6,672.01,20.3,566,true,completed
BF_BF2_h5s16n13.txt,BBLCT,16,5,48,10,900.0,1,2.1,7,14.6,7,751.12,1975.4,24504,true,completed
BF_BF2_h5s16n14.txt,BBLCT,16,5,48,10,900.0,1,2.1,4,8.3,6,583.32,18.2,519,true,completed
BF_BF2_h5s16n15.txt,BBLCT,16,5,48,10,900.0,1,2.1,4,8.3,7,869.88,14.3,375,true,completed
BF_BF2_h5s16n16.txt,BBLCT,16,5,48,10,900.0,0,0.0,6,12.5,7,721.96,22214.9,332795,true,completed
BF_BF2_h5s16n17.txt,BBLCT,16,5,48,10,900.0,2,4.2,7,14.6,7,791.87,169.4,2509,true,completed
BF_BF2_h5s16n18.txt,BBLCT,16,5,48,10,900.0,1,2.1,4,8.3,7,740.37,18.9,574,true,completed
BF_BF2_h5s16n19.txt,BBLCT,16,5,48,10,900.0,0,0.0,6,12.5,7,790.28,441.8,7013,true,completed
BF_BF2_h5s16n2.txt,BBLCT,16,5,48,10,900.0,1,2.1,4,8.3,6,611.32,27.4,621,true,completed
BF_BF2_h5s16n20.txt,BBLCT,16,5,48,10,900.0,1,2.1,6,12.5,8,898.49,21.8,573,true,completed
BF_BF2_h5s16n3.txt,BBLCT,16,5,48,10,900.0,1,2.1,4,8.3,8,880.39,18.4,497,true,completed
BF_BF2_h5s16n4.txt,BBLCT,16,5,48,10,900.0,2,4.2,9,18.8,8,821.49,34.6,467,true,completed
BF_BF2_h5s16n5.txt,BBLCT,16,5,48,10,900.0,1,2.1,8,16.7,6,614.20,25737.6,370685,true,completed
BF_BF2_h5s16n6.txt,BBLCT,16,5,48,10,900.0,1,2.1,3,6.2,5,550.63,595084.2,8073216,false,cpu_limit
BF_BF2_h5s16n7.txt,BBLCT,16,5,48,10,900.0,4,8.3,9,18.8,8,859.95,398.5,6200,true,completed
BF_BF2_h5s16n8.txt,BBLCT,16,5,48,10,900.0,0,0.0,4,8.3,7,708.76,23.4,643,true,completed
BF_BF2_h5s16n9.txt,BBLCT,16,5,48,10,900.0,1,2.1,6,12.5,8,817.88,35956.5,471563,true,completed
BF_BF30_h8s20n1.txt,BBLCT,20,8,128,26,900.0,1,0.8,4,3.1,7,652.96,155.6,1362,true,completed
BF_BF30_h8s20n10.txt,BBLCT,20,8,128,26,900.0,0,0.0,3,2.3,8,837.28,11284.3,48064,true,completed
BF_BF30_h8s20n11.txt,BBLCT,20,8,128,26,900.0,2,1.6,4,3.1,7,782.49,113.5,1159,true,completed
BF_BF30_h8s20n12.txt,BBLCT,20,8,128,26,900.0,0,0.0,2,1.6,7,842.51,165.3,994,true,completed
BF_BF30_h8s20n13.txt,BBLCT,20,8,128,26,900.0,1,0.8,4,3.1,7,738.97,127.5,1209,true,completed
BF_BF30_h8s20n14.txt,BBLCT,20,8,128,26,900.0,1,0.8,1,0.8,0,0.00,595043.9,13973504,false,cpu_limit
BF_BF30_h8s20n15.txt,BBLCT,20,8,128,26,900.0,1,0.8,3,2.3,8,863.22,934.7,3922,true,completed
BF_BF30_h8s20n16.txt,BBLCT,20,8,128,26,900.0,1,0.8,6,4.7,7,710.23,308868.6,1183090,true,completed
BF_BF30_h8s20n17.txt,BBLCT,20,8,128,26,900.0,1,0.8,3,2.3,6,625.63,107.0,1053,true,completed
BF_BF30_h8s20n18.txt,BBLCT,20,8,128,26,900.0,1,0.8,2,1.6,5,592.33,83.4,820,true,completed
BF_BF30_h8s20n19.txt,BBLCT,20,8,128,26,900.0,0,0.0,3,2.3,7,824.06,122.8,1164,true,completed
BF_BF30_h8s20n2.txt,BBLCT,20,8,128,26,900.0,1,0.8,3,2.3,7,860.34,210.0,1517,true,completed
BF_BF30_h8s20n20.txt,BBLCT,20,8,128,26,900.0,2,1.6,3,2.3,4,484.22,595074.2,2823168,false,cpu_limit
BF_BF30_h8s20n3.txt,BBLCT,20,8,128,26,900.0,1,0.8,5,3.9,8,794.72,17469.3,82844,true,completed
BF_BF30_h8s20n4.txt,BBLCT,20,8,128,26,900.0,1,0.8,3,2.3,2,214.03,236.5,2037,true,completed
BF_BF30_h8s20n5.txt,BBLCT,20,8,128,26,900.0,1,0.8,3,2.3,5,677.87,720.2,4172,true,completed
BF_BF30_h8s20n6.txt,BBLCT,20,8,128,26,900.0,0,0.0,3,2.3,8,840.91,130.4,1152,true,completed
BF_BF30_h8s20n7.txt,BBLCT,20,8,128,26,900.0,2,1.6,3,2.3,4,464.29,95.2,729,true,completed
BF_BF30_h8s20n8.txt,BBLCT,20,8,128,26,900.0,1,0.8,3,2.3,7,743.53,3670.9,17571,true,completed
BF_BF30_h8s20n9.txt,BBLCT,20,8,128,26,900.0,3,2.3,5,3.9,6,870.42,2610.6,14791,true,completed
BF_BF31_h8s20n1.txt,BBLCT,20,8,128,52,900.0,0,0.0,1,0.8,3,391.38,121.2,772,true,completed
BF_BF31_h8s20n10.txt,BBLCT,20,8,128,52,900.0,0,0.0,4,3.1,7,776.16,288.6,1775,true,completed
BF_BF31_h8s20n11.txt,BBLCT,20,8,128,52,900.0,0,0.0,2,1.6,6,684.99,193.7,1366,true,completed
BF_BF31_h8s20n12.txt,BBLCT,20,8,128,52,900.0,1,0.8,3,2.3,4,457.49,376.7,2400,true,completed
BF_BF31_h8s20n13.txt,BBLCT,20,8,128,52,900.0,1,0.8,5,3.9,7,782.38,170.8,1351,true,completed
BF_BF31_h8s20n14.txt,BBLCT,20,8,128,52,900.0,0,0.0,3,2.3,8,896.82,131.5,1125,true,completed
BF_BF31_h8s20n15.txt,BBLCT,20,8,128,52,900.0,0,0.0,5,3.9,7,728.47,218.0,1478,true,completed
BF_BF31_h8s20n16.txt,BBLCT,20,8,128,52,900.0,2,1.6,4,3.1,6,642.90,169.6,1165,true,completed
BF_BF31_h8s20n17.txt,BBLCT,20,8,128,52,900.0,0,0.0,3,2.3,6,622.52,185.7,1289,true,completed
BF_BF31_h8s20n18.txt,BBLCT,20,8,128,52,900.0,0,0.0,4,3.1,9,877.45,5788.8,23236,true,completed
BF_BF31_h8s20n19.txt,BBLCT,20,8,128,52,900.0,0,0.0,2,1.6,7,788.07,214.8,1549,true,completed
BF_BF31_h8s20n2.txt,BBLCT,20,8,128,52,900.0,3,2.3,5,3.9,6,774.91,195.9,1143,true,completed
BF_BF31_h8s20n20.txt,BBLCT,20,8,128,52,900.0,0,0.0,2,1.6,7,818.76,266.9,1253,true,completed
BF_BF31_h8s20n3.txt,BBLCT,20,8,128,52,900.0,3,2.3,5,3.9,6,747.26,236.0,993,true,completed
BF_BF31_h8s20n4.txt,BBLCT,20,8,128,52,900.0,2,1.6,3,2.3,2,264.75,95.6,544,true,completed
BF_BF31_h8s20n5.txt,BBLCT,20,8,128,52,900.0,0,0.0,3,2.3,7,763.15,245.6,1518,true,completed
BF_BF31_h8s20n6.txt,BBLCT,20,8,128,52,900.0,1,0.8,1,0.8,0,0.00,22.3,153,true,completed
BF_BF31_h8s20n7.txt,BBLCT,20,8,128,52,900.0,0,0.0,3,2.3,7,891.98,137.0,1186,true,completed
BF_BF31_h8s20n8.txt,BBLCT,20,8,128,52,900.0,0,0.0,1,0.8,2,196.09,64.5,445,true,completed
BF_BF31_h8s20n9.txt,BBLCT,20,8,128,52,900.0,1,0.8,5,3.9,7,737.64,218.4,1419,true,completed
BF_BF32_h8s20n1.txt,BBLCT,20,8,128,52,900.0,0,0.0,3,2.3,6,606.84,266953.8,1975940,true,completed
BF_BF32_h8s20n10.txt,BBLCT,20,8,128,52,900.0,0,0.0,2,1.6,7,873.68,81.2,871,true,completed
BF_BF32_h8s20n11.txt,BBLCT,20,8,128,52,900.0,0,0.0,2,1.6,6,622.14,73.1,867,true,completed
BF_BF32_h8s20n12.txt,BBLCT,20,8,128,52,900.0,1,0.8,4,3.1,7,751.01,556.3,4723,true,completed
BF_BF32_h8s20n13.txt,BBLCT,20,8,128,52,900.0,1,0.8,4,3.1,8,898.52,1756.3,8486,true,completed
BF_BF32_h8s20n14.txt,BBLCT,20,8,128,52,900.0,0,0.0,2,1.6,7,882.11,34.7,136,true,completed
BF_BF32_h8s20n15.txt,BBLCT,20,8,128,52,900.0,0,0.0,2,1.6,6,776.34,12106.3,73414,true,completed
BF_BF32_h8s20n16.txt,BBLCT,20,8,128,52,900.0,1,0.8,4,3.1,7,897.88,219.0,1175,true,completed
BF_BF32_h8s20n17.txt,BBLCT,20,8,128,52,900.0,0,0.0,3,2.3,7,761.49,404.7,1523,true,completed
BF_BF32_h8s20n18.txt,BBLCT,20,8,128,52,900.0,0,0.0,4,3.1,8,895.66,111.2,846,true,completed
BF_BF32_h8s20n19.txt,BBLCT,20,8,128,52,900.0,1,0.8,3,2.3,5,467.01,112.2,1003,true,completed
BF_BF32_h8s20n2.txt,BBLCT,20,8,128,52,900.0,0,0.0,4,3.1,8,801.91,595076.0,2604032,false,cpu_limit
BF_BF32_h8s20n20.txt,BBLCT,20,8,128,52,900.0,0,0.0,1,0.8,3,409.54,40.6,387,true,completed
BF_BF32_h8s20n3.txt,BBLCT,20,8,128,52,900.0,1,0.8,2,1.6,3,287.89,46.5,472,true,completed
BF_BF32_h8s20n4.txt,BBLCT,20,8,128,52,900.0,1,0.8,3,2.3,7,717.79,196.1,1524,true,completed
BF_BF32_h8s20n5.txt,BBLCT,20,8,128,52,900.0,0,0.0,2,1.6,5,558.76,99.0,821,true,completed
BF_BF32_h8s20n6.txt,BBLCT,20,8,128,52,900.0,0,0.0,4,3.1,6,761.09,164.6,1150,true,completed
BF_BF32_h8s20n7.txt,BBLCT,20,8,128,52,900.0,0,0.0,2,1.6,2,196.45,57.2,444,true,completed
BF_BF32_h8s20n8.txt,BBLCT,20,8,128,52,900.0,0,0.0,1,0.8,1,95.30,14.2,153,true,completed
BF_BF32_h8s20n9.txt,BBLCT,20,8,128,52,900.0,0,0.0,1,0.8,3,305.77,103.9,643,true,completed
BF_BF3_h5s16n1.txt,BBLCT,16,5,48,20,900.0,1,2.1,10,20.8,8,869.19,73.4,954,true,completed
BF_BF3_h5s16n10.txt,BBLCT,16,5,48,20,900.0,1,2.1,8,16.7,8,898.71,163.1,2523,true,completed
BF_BF3_h5s16n11.txt,BBLCT,16,5,48,20,900.0,0,0.0,8,16.7,8,869.17,12805.1,129366,true,completed
BF_BF3_h5s16n12.txt,BBLCT,16,5,48,20,900.0,1,2.1,5,10.4,8,792.60,56.7,933,true,completed
BF_BF3_h5s16n13.txt,BBLCT,16,5,48,20,900.0,1,2.1,7,14.6,7,799.46,44.4,683,true,completed
BF_BF3_h5s16n14.txt,BBLCT,16,5,48,20,900.0,2,4.2,7,14.6,7,653.29,595089.4,5748736,false,cpu_limit
BF_BF3_h5s16n15.txt,BBLCT,16,5,48,20,900.0,0,0.0,8,16.7,8,811.07,45.1,801,true,completed
BF_BF3_h5s16n16.txt,BBLCT,16,5,48,20,900.0,1,2.1,10,20.8,9,899.69,8392.0,93912,true,completed
BF_BF3_h5s16n17.txt,BBLCT,16,5,48,20,900.0,1,2.1,5,10.4,7,727.02,82.8,1110,true,completed
BF_BF3_h5s16n18.txt,BBLCT,16,5,48,20,900.0,2,4.2,6,12.5,8,894.69,73.6,959,true,completed
BF_BF3_h5s16n19.txt,BBLCT,16,5,48,20,900.0,1,2.1,7,14.6,9,863.13,136.4,1067,true,completed
BF_BF3_h5s16n2.txt,BBLCT,16,5,48,20,900.0,0,0.0,8,16.7,9,893.91,66.8,921,true,completed
BF_BF3_h5s16n20.txt,BBLCT,16,5,48,20,900.0,1,2.1,4,8.3,6,625.13,37.4,684,true,completed
BF_BF3_h5s16n3.txt,BBLCT,16,5,48,20,900.0,2,4.2,8,16.7,8,894.15,69.8,931,true,completed
BF_BF3_h5s16n4.txt,BBLCT,16,5,48,20,900.0,1,2.1,8,16.7,8,899.74,46.1,813,true,completed
BF_BF3_h5s16n5.txt,BBLCT,16,5,48,20,900.0,1,2.1,7,14.6,7,709.73,8314.4,138376,true,completed
BF_BF3_h5s16n6.txt,BBLCT,16,5,48,20,900.0,1,2.1,8,16.7,8,867.64,92.7,1107,true,completed
BF_BF3_h5s16n7.txt,BBLCT,16,5,48,20,900.0,1,2.1,8,16.7,9,897.87,703.6,10438,true,completed
BF_BF3_h5s16n8.txt,BBLCT,16,5,48,20,900.0,0,0.0,8,16.7,9,861.31,88.7,1410,true,completed
BF_BF3_h5s16n9.txt,BBLCT,16,5,48,20,900.0,1,2.1,4,8.3,6,673.71,42782.9,422703,true,completed
BF_BF4_h5s16n1.txt,BBLCT,16,5,48,20,900.0,0,0.0,4,8.3,7,713.22,21.5,537,true,completed
BF_BF4_h5s16n10.txt,BBLCT,16,5,48,20,900.0,0,0.0,7,14.6,7,722.61,111.5,2465,true,completed
BF_BF4_h5s16n11.txt,BBLCT,16,5,48,20,900.0,0,0.0,5,10.4,7,781.42,41.2,1055,true,completed
BF_BF4_h5s16n12.txt,BBLCT,16,5,48,20,900.0,0,0.0,6,12.5,8,866.41,23.4,547,true,completed
BF_BF4_h5s16n13.txt,BBLCT,16,5,48,20,900.0,1,2.1,11,22.9,8,873.89,27.2,558,true,completed
BF_BF4_h5s16n14.txt,BBLCT,16,5,48,20,900.0,1,2.1,13,27.1,9,896.89,2844.2,43229,true,completed
BF_BF4_h5s16n15.txt,BBLCT,16,5,48,20,900.0,0,0.0,4,8.3,9,895.74,17.7,465,true,completed
BF_BF4_h5s16n16.txt,BBLCT,16,5,48,20,900.0,1,2.1,5,10.4,7,819.33,1055.0,22842,true,completed
BF_BF4_h5s16n17.txt,BBLCT,16,5,48,20,900.0,1,2.1,6,12.5,8,797.17,102637.9,1241198,true,completed
BF_BF4_h5s16n18.txt,BBLCT,16,5,48,20,900.0,1,2.1,6,12.5,8,882.58,12.1,347,true,completed
BF_BF4_h5s16n19.txt,BBLCT,16,5,48,20,900.0,1,2.1,9,18.8,7,788.29,42.0,605,true,completed
BF_BF4_h5s16n2.txt,BBLCT,16,5,48,20,900.0,1,2.1,7,14.6,8,880.81,43.0,612,true,completed
BF_BF4_h5s16n20.txt,BBLCT,16,5,48,20,900.0,1,2.1,6,12.5,5,513.21,107.5,2091,true,completed
BF_BF4_h5s16n3.txt,BBLCT,16,5,48,20,900.0,0,0.0,12,25.0,8,850.33,98.1,1766,true,completed
BF_BF4_h5s16n4.txt,BBLCT,16,5,48,20,900.0,0,0.0,4,8.3,5,581.71,44157.1,605087,true,completed
BF_BF4_h5s16n5.txt,BBLCT,16,5,48,20,900.0,0,0.0,3,6.2,7,837.09,11.9,340,true,completed
BF_BF4_h5s16n6.txt,BBLCT,16,5,48,20,900.0,2,4.2,7,14.6,5,512.42,96.7,2264,true,completed
BF_BF4_h5s16n7.txt,BBLCT,16,5,48,20,900.0,0,0.0,4,8.3,6,689.12,515.1,12935,true,completed
BF_BF4_h5s16n8.txt,BBLCT,16,5,48,20,900.0,0,0.0,2,4.2,6,640.08,62.5,1306,true,completed
BF_BF4_h5s16n9.txt,BBLCT,16,5,48,20,900.0,0,0.0,2,4.2,5,547.31,22.5,630,true,completed
BF_BF5_h5s16n1.txt,BBLCT,16,5,64,13,900.0,1,1.6,3,4.7,5,525.82,145.5,3443,true,completed
BF_BF5_h5s16n10.txt,BBLCT,16,5,64,13,900.0,1,1.6,9,14.1,7,621.36,8974.7,205429,true,completed
BF_BF5_h5s16n11.txt,BBLCT,16,5,64,13,900.0,1,1.6,7,10.9,8,860.24,3722.3,38986,true,completed
BF_BF5_h5s16n12.txt,BBLCT,16,5,64,13,900.0,1,1.6,8,12.5,8,739.69,30264.1,337032,true,completed
BF_BF5_h5s16n13.txt,BBLCT,16,5,64,13,900.0,0,0.0,6,9.4,9,828.76,97.1,1201,true,completed
BF_BF5_h5s16n14.txt,BBLCT,16,5,64,13,900.0,2,3.1,6,9.4,8,815.72,243032.8,2661324,true,completed
BF_BF5_h5s16n15.txt,BBLCT,16,5,64,13,900.0,3,4.7,8,12.5,8,898.83,1771.1,23133,true,completed
BF_BF5_h5s16n16.txt,BBLCT,16,5,64,13,900.0,1,1.6,4,6.2,7,759.43,16.9,508,true,completed
BF_BF5_h5s16n17.txt,BBLCT,16,5,64,13,900.0,1,1.6,9,14.1,9,890.36,4151.1,89269,true,completed
BF_BF5_h5s16n18.txt,BBLCT,16,5,64,13,900.0,1,1.6,4,6.2,8,795.57,36.0,702,true,completed
BF_BF5_h5s16n19.txt,BBLCT,16,5,64,13,900.0,2,3.1,5,7.8,6,543.87,3473.5,105679,true,completed
BF_BF5_h5s16n2.txt,BBLCT,16,5,64,13,900.0,1,1.6,9,14.1,9,898.00,6341.7,84495,true,completed
BF_BF5_h5s16n20.txt,BBLCT,16,5,64,13,900.0,2,3.1,7,10.9,8,897.33,1604.9,22880,true,completed
BF_BF5_h5s16n3.txt,BBLCT,16,5,64,13,900.0,2,3.1,9,14.1,8,862.65,33.6,603,true,completed
BF_BF5_h5s16n4.txt,BBLCT,16,5,64,13,900.0,4,6.2,12,18.8,9,899.83,8194.9,91481,true,completed
BF_BF5_h5s16n5.txt,BBLCT,16,5,64,13,900.0,1,1.6,4,6.2,4,443.82,16583.3,404654,true,completed
BF_BF5_h5s16n6.txt,BBLCT,16,5,64,13,900.0,0,0.0,7,10.9,9,896.97,121.8,1492,true,completed
BF_BF5_h5s16n7.txt,BBLCT,16,5,64,13,900.0,0,0.0,3,4.7,5,480.90,17751.3,457717,true,completed
BF_BF5_h5s16n8.txt,BBLCT,16,5,64,13,900.0,0,0.0,3,4.7,6,585.17,595043.4,6374400,false,cpu_limit
BF_BF5_h5s16n9.txt,BBLCT,16,5,64,13,900.0,1,1.6,7,10.9,9,851.65,11910.8,115864,true,completed
BF_BF6_h5s16n1.txt,BBLCT,16,5,64,13,900.0,2,3.1,7,10.9,7,758.46,14.9,410,true,completed
BF_BF6_h5s16n10.txt,BBLCT,16,5,64,13,900.0,1,1.6,3,4.7,6,681.70,9.2,330,true,completed
BF_BF6_h5s16n11.txt,BBLCT,16,5,64,13,900.0,0,0.0,3,4.7,7,831.67,9.8,364,true,completed
BF_BF6_h5s16n12.txt,BBLCT,16,5,64,13,900.0,0,0.0,6,9.4,8,893.54,89.5,1422,true,completed
BF_BF6_h5s16n13.txt,BBLCT,16,5,64,13,900.0,2,3.1,4,6.2,5,522.69,39832.8,708243,true,completed
BF_BF6_h5s16n14.txt,BBLCT,16,5,64,13,900.0,1,1.6,12,18.8,9,897.51,2894.2,38133,true,completed
BF_BF6_h5s16n15.txt,BBLCT,16,5,64,13,900.0,0,0.0,7,10.9,8,875.92,11.7,383,true,completed
BF_BF6_h5s16n16.txt,BBLCT,16,5,64,13,900.0,2,3.1,10,15.6,8,850.67,43.2,727,true,completed
BF_BF6_h5s16n17.txt,BBLCT,16,5,64,13,900.0,0,0.0,3,4.7,8,897.09,46.1,851,true,completed
BF_BF6_h5s16n18.txt,BBLCT,16,5,64,13,900.0,0,0.0,3,4.7,6,614.95,14.0,427,true,completed
BF_BF6_h5s16n19.txt,BBLCT,16,5,64,13,900.0,2,3.1,6,9.4,7,752.00,2215.9,33991,true,completed
BF_BF6_h5s16n2.txt,BBLCT,16,5,64,13,900.0,1,1.6,4,6.2,7,797.18,14.0,420,true,completed
BF_BF6_h5s16n20.txt,BBLCT,16,5,64,13,900.0,0,0.0,4,6.2,6,604.56,13.7,440,true,completed
BF_BF6_h5s16n3.txt,BBLCT,16,5,64,13,900.0,2,3.1,8,12.5,8,874.25,11.6,350,true,completed
BF_BF6_h5s16n4.txt,BBLCT,16,5,64,13,900.0,0,0.0,3,4.7,6,597.09,5672.8,93065,true,completed
BF_BF6_h5s16n5.txt,BBLCT,16,5,64,13,900.0,2,3.1,5,7.8,7,831.84,34.6,555,true,completed
BF_BF6_h5s16n6.txt,BBLCT,16,5,64,13,900.0,0,0.0,3,4.7,6,598.63,13577.5,220196,true,completed
BF_BF6_h5s16n7.txt,BBLCT,16,5,64,13,900.0,0,0.0,7,10.9,8,886.46,4512.0,62578,true,completed
BF_BF6_h5s16n8.txt,BBLCT,16,5,64,13,900.0,1,1.6,10,15.6,8,889.27,495.6,9568,true,completed
BF_BF6_h5s16n9.txt,BBLCT,16,5,64,13,900.0,5,7.8,7,10.9,6,677.53,21.9,484,true,completed
BF_BF7_h5s16n1.txt,BBLCT,16,5,64,26,900.0,1,1.6,5,7.8,8,889.33,75.9,1681,true,completed
BF_BF7_h5s16n10.txt,BBLCT,16,5,64,26,900.0,2,3.1,8,12.5,8,847.44,64.7,979,true,completed
BF_BF7_h5s16n11.txt,BBLCT,16,5,64,26,900.0,1,1.6,7,10.9,9,877.25,74.6,1001,true,completed
BF_BF7_h5s16n12.txt,BBLCT,16,5,64,26,900.0,1,1.6,9,14.1,8,867.66,25.7,549,true,completed
BF_BF7_h5s16n13.txt,BBLCT,16,5,64,26,900.0,0,0.0,3,4.7,6,614.91,35.1,597,true,completed
BF_BF7_h5s16n14.txt,BBLCT,16,5,64,26,900.0,1,1.6,3,4.7,5,479.42,5531.6,128506,true,completed
BF_BF7_h5s16n15.txt,BBLCT,16,5,64,26,900.0,2,3.1,6,9.4,6,661.46,32.7,553,true,completed
BF_BF7_h5s16n16.txt,BBLCT,16,5,64,26,900.0,1,1.6,5,7.8,7,726.00,52182.2,593441,true,completed
BF_BF7_h5s16n17.txt,BBLCT,16,5,64,26,900.0,0,0.0,4,6.2,9,888.86,130.3,1103,true,completed
BF_BF7_h5s16n18.txt,BBLCT,16,5,64,26,900.0,3,4.7,6,9.4,8,884.56,24.5,454,true,completed
BF_BF7_h5s16n19.txt,BBLCT,16,5,64,26,900.0,0,0.0,6,9.4,8,856.50,1071.9,17219,true,completed
BF_BF7_h5s16n2.txt,BBLCT,16,5,64,26,900.0,1,1.6,8,12.5,8,893.96,45.2,650,true,completed
BF_BF7_h5s16n20.txt,BBLCT,16,5,64,26,900.0,1,1.6,8,12.5,7,795.83,10525.9,108600,true,completed
BF_BF7_h5s16n3.txt,BBLCT,16,5,64,26,900.0,1,1.6,5,7.8,6,637.49,43.6,599,true,completed
BF_BF7_h5s16n4.txt,BBLCT,16,5,64,26,900.0,2,3.1,12,18.8,9,899.94,73.9,1089,true,completed
BF_BF7_h5s16n5.txt,BBLCT,16,5,64,26,900.0,0,0.0,4,6.2,7,706.22,12919.4,286380,true,completed
BF_BF7_h5s16n6.txt,BBLCT,16,5,64,26,900.0,1,1.6,7,10.9,9,883.87,226.9,2491,true,completed
BF_BF7_h5s16n7.txt,BBLCT,16,5,64,26,900.0,1,1.6,6,9.4,7,698.73,84558.4,1739422,true,completed
BF_BF7_h5s16n8.txt,BBLCT,16,5,64,26,900.0,0,0.0,10,15.6,8,887.86,6381.8,70929,true,completed
BF_BF7_h5s16n9.txt,BBLCT,16,5,64,26,900.0,0,0.0,7,10.9,8,767.25,49.2,816,true,completed
BF_BF8_h5s16n1.txt,BBLCT,16,5,64,26,900.0,1,1.6,7,10.9,8,898.18,351.5,7289,true,completed
BF_BF8_h5s16n10.txt,BBLCT,16,5,64,26,900.0,0,0.0,3,4.7,8,829.34,14.3,398,true,completed
BF_BF8_h5s16n11.txt,BBLCT,16,5,64,26,900.0,0,0.0,6,9.4,8,895.79,24.3,877,true,completed
BF_BF8_h5s16n12.txt,BBLCT,16,5,64,26,900.0,0,0.0,6,9.4,8,899.25,212.3,5109,true,completed
BF_BF8_h5s16n13.txt,BBLCT,16,5,64,26,900.0,0,0.0,4,6.2,8,891.21,19.0,434,true,completed
BF_BF8_h5s16n14.txt,BBLCT,16,5,64,26,900.0,0,0.0,3,4.7,5,579.56,12.3,353,true,completed
BF_BF8_h5s16n15.txt,BBLCT,16,5,64,26,900.0,1,1.6,3,4.7,5,516.73,38.8,1053,true,completed
BF_BF8_h5s16n16.txt,BBLCT,16,5,64,26,900.0,1,1.6,5,7.8,8,878.77,50.1,724,true,completed
BF_BF8_h5s16n17.txt,BBLCT,16,5,64,26,900.0,0,0.0,3,4.7,7,840.63,7.3,266,true,completed
BF_BF8_h5s16n18.txt,BBLCT,16,5,64,26,900.0,1,1.6,5,7.8,5,515.93,44.5,1351,true,completed
BF_BF8_h5s16n19.txt,BBLCT,16,5,64,26,900.0,1,1.6,4,6.2,7,724.24,12936.5,161136,true,completed
BF_BF8_h5s16n2.txt,BBLCT,16,5,64,26,900.0,0,0.0,6,9.4,8,883.49,22.0,470,true,completed
BF_BF8_h5s16n20.txt,BBLCT,16,5,64,26,900.0,1,1.6,4,6.2,8,865.86,576.2,8735,true,completed
BF_BF8_h5s16n3.txt,BBLCT,16,5,64,26,900.0,1,1.6,5,7.8,8,895.51,171.4,2990,true,completed
BF_BF8_h5s16n4.txt,BBLCT,16,5,64,26,900.0,1,1.6,7,10.9,6,688.12,19.1,447,true,completed
BF_BF8_h5s16n5.txt,BBLCT,16,5,64,26,900.0,1,1.6,7,10.9,8,822.54,4961.6,75977,true,completed
BF_BF8_h5s16n6.txt,BBLCT,16,5,64,26,900.0,0,0.0,5,7.8,8,802.64,40.8,744,true,completed
BF_BF8_h5s16n7.txt,BBLCT,16,5,64,26,900.0,2,3.1,5,7.8,6,676.25,16.1,401,true,completed
BF_BF8_h5s16n8.txt,BBLCT,16,5,64,26,900.0,1,1.6,8,12.5,8,842.43,4466.4,106466,true,completed
BF_BF8_h5s16n9.txt,BBLCT,16,5,64,26,900.0,1,1.6,4,6.2,6,653.97,306.6,4448,true,completed
BF_BF9_h8s16n1.txt,BBLCT,16,8,77,16,900.0,0,0.0,2,2.6,5,678.65,79.1,883,true,completed
BF_BF9_h8s16n10.txt,BBLCT,16,8,77,16,900.0,1,1.3,3,3.9,4,526.22,595184.3,3870720,false,cpu_limit
BF_BF9_h8s16n11.txt,BBLCT,16,8,77,16,900.0,2,2.6,7,9.1,7,888.51,64.7,483,true,completed
BF_BF9_h8s16n12.txt,BBLCT,16,8,77,16,900.0,1,1.3,3,3.9,5,780.02,58.7,823,true,completed
BF_BF9_h8s16n13.txt,BBLCT,16,8,77,16,900.0,1,1.3,3,3.9,3,386.27,595100.8,4347904,false,cpu_limit
BF_BF9_h8s16n14.txt,BBLCT,16,8,77,16,900.0,2,2.6,4,5.2,8,898.97,159.5,1511,true,completed
BF_BF9_h8s16n15.txt,BBLCT,16,8,77,16,900.0,3,3.9,6,7.8,4,569.48,66.0,744,true,completed
BF_BF9_h8s16n16.txt,BBLCT,16,8,77,16,900.0,1,1.3,4,5.2,6,803.23,70.8,841,true,completed
BF_BF9_h8s16n17.txt,BBLCT,16,8,77,16,900.0,2,2.6,3,3.9,4,569.20,73.3,758,true,completed
BF_BF9_h8s16n18.txt,BBLCT,16,8,77,16,900.0,3,3.9,5,6.5,7,899.51,81.2,1097,true,completed
BF_BF9_h8s16n19.txt,BBLCT,16,8,77,16,900.0,1,1.3,4,5.2,7,883.64,170.6,1092,true,completed
BF_BF9_h8s16n2.txt,BBLCT,16,8,77,16,900.0,1,1.3,3,3.9,4,583.10,74.2,896,true,completed
BF_BF9_h8s16n20.txt,BBLCT,16,8,77,16,900.0,1,1.3,3,3.9,4,586.62,1176.9,15427,true,completed
BF_BF9_h8s16n3.txt,BBLCT,16,8,77,16,900.0,1,1.3,3,3.9,5,610.67,595069.1,4151296,false,cpu_limit
BF_BF9_h8s16n4.txt,BBLCT,16,8,77,16,900.0,1,1.3,3,3.9,6,764.85,90.6,1138,true,completed
BF_BF9_h8s16n5.txt,BBLCT,16,8,77,16,900.0,3,3.9,4,5.2,5,691.07,89.9,1094,true,completed
BF_BF9_h8s16n6.txt,BBLCT,16,8,77,16,900.0,1,1.3,3,3.9,2,267.77,391540.1,2833859,true,completed
BF_BF9_h8s16n7.txt,BBLCT,16,8,77,16,900.0,1,1.3,4,5.2,4,517.20,73.5,798,true,completed
BF_BF9_h8s16n8.txt,BBLCT,16,8,77,16,900.0,4,5.2,7,9.1,6,762.01,89.0,1097,true,completed
BF_BF9_h8s16n9.txt,BBLCT,16,8,77,16,900.0,1,1.3,6,7.8,6,874.01,13119.7,93479,true,completed
BF_BF10_h8s16n1.txt,BBLCT,16,8,77,16,1200.0,0,0.0,3,3.9,9,877.96,121.2,1565,true,completed
BF_BF10_h8s16n10.txt,BBLCT,16,8,77,16,1200.0,2,2.6,5,6.5,13,1175.59,185.6,2658,true,completed
BF_BF10_h8s16n11.txt,BBLCT,16,8,77,16,1200.0,2,2.6,5,6.5,10,1054.20,95.8,1423,true,completed
BF_BF10_h8s16n12.txt,BBLCT,16,8,77,16,1200.0,1,1.3,5,6.5,7,795.93,65.8,993,true,completed
BF_BF10_h8s16n13.txt,BBLCT,16,8,77,16,1200.0,1,1.3,4,5.2,9,1199.10,51.6,922,true,completed
BF_BF10_h8s16n14.txt,BBLCT,16,8,77,16,1200.0,1,1.3,5,6.5,12,1156.11,139.2,2175,true,completed
BF_BF10_h8s16n15.txt,BBLCT,16,8,77,16,1200.0,2,2.6,4,5.2,6,698.25,64.8,935,true,completed
BF_BF10_h8s16n16.txt,BBLCT,16,8,77,16,1200.0,0,0.0,2,2.6,3,323.59,595059.5,5856256,false,cpu_limit
BF_BF10_h8s16n17.txt,BBLCT,16,8,77,16,1200.0,0,0.0,3,3.9,8,826.99,595110.7,4460544,false,cpu_limit
BF_BF10_h8s16n18.txt,BBLCT,16,8,77,16,1200.0,1,1.3,3,3.9,5,708.58,595073.3,6100992,false,cpu_limit
BF_BF10_h8s16n19.txt,BBLCT,16,8,77,16,1200.0,0,0.0,3,3.9,9,965.34,110.1,1453,true,completed
BF_BF10_h8s16n2.txt,BBLCT,16,8,77,16,1200.0,2,2.6,4,5.2,6,652.53,595142.8,5719040,false,cpu_limit
BF_BF10_h8s16n20.txt,BBLCT,16,8,77,16,1200.0,0,0.0,3,3.9,6,626.83,62.7,891,true,completed
BF_BF10_h8s16n3.txt,BBLCT,16,8,77,16,1200.0,2,2.6,9,11.7,10,1192.19,17444.5,160073,true,completed
BF_BF10_h8s16n4.txt,BBLCT,16,8,77,16,1200.0,0,0.0,4,5.2,10,1170.68,118.4,1395,true,completed
BF_BF10_h8s16n5.txt,BBLCT,16,8,77,16,1200.0,1,1.3,4,5.2,9,1173.45,127.0,1786,true,completed
BF_BF10_h8s16n6.txt,BBLCT,16,8,77,16,1200.0,1,1.3,8,10.4,11,1199.66,83627.2,681634,true,completed
BF_BF10_h8s16n7.txt,BBLCT,16,8,77,16,1200.0,0,0.0,2,2.6,10,951.05,595036.9,6947840,false,cpu_limit
BF_BF10_h8s16n8.txt,BBLCT,16,8,77,16,1200.0,1,1.3,3,3.9,8,1049.44,41.2,749,true,completed
BF_BF10_h8s16n9.txt,BBLCT,16,8,77,16,1200.0,2,2.6,5,6.5,9,1002.25,110.5,1472,true,completed
BF_BF11_h8s16n1.txt,BBLCT,16,8,77,31,1200.0,0,0.0,4,5.2,9,1182.79,150666.7,898029,true,completed
BF_BF11_h8s16n10.txt,BBLCT,16,8,77,31,1200.0,0,0.0,4,5.2,10,1146.36,138.3,1454,true,completed
BF_BF11_h8s16n11.txt,BBLCT,16,8,77,31,1200.0,0,0.0,2,2.6,7,847.63,121.7,1304,true,completed
BF_BF11_h8s16n12.txt,BBLCT,16,8,77,31,1200.0,0,0.0,2,2.6,9,1100.02,209196.9,1623295,true,completed
BF_BF11_h8s16n13.txt,BBLCT,16,8,77,31,1200.0,0,0.0,3,3.9,7,888.98,439.7,4691,true,completed
BF_BF11_h8s16n14.txt,BBLCT,16,8,77,31,1200.0,0,0.0,4,5.2,6,685.45,151.8,1370,true,completed
BF_BF11_h8s16n15.txt,BBLCT,16,8,77,31,1200.0,1,1.3,4,5.2,8,1004.41,151.7,1632,true,completed
BF_BF11_h8s16n16.txt,BBLCT,16,8,77,31,1200.0,0,0.0,6,7.8,9,1128.18,95674.3,578981,true,completed
BF_BF11_h8s16n17.txt,BBLCT,16,8,77,31,1200.0,2,2.6,6,7.8,8,974.33,130.2,1521,true,completed
BF_BF11_h8s16n18.txt,BBLCT,16,8,77,31,1200.0,0,0.0,3,3.9,5,556.20,73.4,869,true,completed
BF_BF11_h8s16n19.txt,BBLCT,16,8,77,31,1200.0,0,0.0,5,6.5,10,1196.70,14338.7,177973,true,completed
BF_BF11_h8s16n2.txt,BBLCT,16,8,77,31,1200.0,1,1.3,3,3.9,5,769.71,120.7,1041,true,completed
BF_BF11_h8s16n20.txt,BBLCT,16,8,77,31,1200.0,1,1.3,6,7.8,10,1176.28,38727.0,261122,true,completed
BF_BF11_h8s16n3.txt,BBLCT,16,8,77,31,1200.0,1,1.3,7,9.1,10,1171.25,516.5,3053,true,completed
BF_BF11_h8s16n4.txt,BBLCT,16,8,77,31,1200.0,0,0.0,3,3.9,8,1107.03,2748.9,33817,true,completed
BF_BF11_h8s16n5.txt,BBLCT,16,8,77,31,1200.0,0,0.0,7,9.1,9,1133.48,246.6,1812,true,completed
BF_BF11_h8s16n6.txt,BBLCT,16,8,77,31,1200.0,0,0.0,4,5.2,9,1112.03,115.5,1246,true,completed
BF_BF11_h8s16n7.txt,BBLCT,16,8,77,31,1200.0,0,0.0,6,7.8,9,1154.55,48258.1,460793,true,completed
BF_BF11_h8s16n8.txt,BBLCT,16,8,77,31,1200.0,0,0.0,3,3.9,10,1200.00,102117.1,768271,true,completed
BF_BF11_h8s16n9.txt,BBLCT,16,8,77,31,1200.0,0,0.0,4,5.2,9,1194.95,102.0,893,true,completed
BF_BF12_h8s16n1.txt,BBLCT,16,8,77,31,1200.0,0,0.0,1,1.3,4,516.40,35.8,526,true,completed
BF_BF12_h8s16n10.txt,BBLCT,16,8,77,31,1200.0,0,0.0,5,6.5,10,1173.86,25954.0,474054,true,completed
BF_BF12_h8s16n11.txt,BBLCT,16,8,77,31,1200.0,0,0.0,2,2.6,8,1161.74,10658.5,98526,true,completed
BF_BF12_h8s16n12.txt,BBLCT,16,8,77,31,1200.0,0,0.0,5,6.5,9,1139.31,1533.0,19284,true,completed
BF_BF12_h8s16n13.txt,BBLCT,16,8,77,31,1200.0,0,0.0,2,2.6,9,1138.37,81.0,873,true,completed
BF_BF12_h8s16n14.txt,BBLCT,16,8,77,31,1200.0,0,0.0,3,3.9,5,568.34,42.0,635,true,completed
BF_BF12_h8s16n15.txt,BBLCT,16,8,77,31,1200.0,0,0.0,5,6.5,10,1165.08,165.0,1591,true,completed
BF_BF12_h8s16n16.txt,BBLCT,16,8,77,31,1200.0,2,2.6,7,9.1,7,903.53,102.3,1072,true,completed
BF_BF12_h8s16n17.txt,BBLCT,16,8,77,31,1200.0,0,0.0,3,3.9,10,1198.64,133.8,1566,true,completed
BF_BF12_h8s16n18.txt,BBLCT,16,8,77,31,1200.0,1,1.3,5,6.5,9,965.59,595065.0,9704448,false,cpu_limit
BF_BF12_h8s16n19.txt,BBLCT,16,8,77,31,1200.0,1,1.3,4,5.2,10,1171.50,66.5,1019,true,completed
BF_BF12_h8s16n2.txt,BBLCT,16,8,77,31,1200.0,1,1.3,3,3.9,7,918.71,1104.1,10545,true,completed
BF_BF12_h8s16n20.txt,BBLCT,16,8,77,31,1200.0,1,1.3,4,5.2,7,884.68,88.6,1266,true,completed
BF_BF12_h8s16n3.txt,BBLCT,16,8,77,31,1200.0,2,2.6,11,14.3,11,1193.80,144.6,1653,true,completed
BF_BF12_h8s16n4.txt,BBLCT,16,8,77,31,1200.0,3,3.9,6,7.8,6,768.12,14130.2,166007,true,completed
BF_BF12_h8s16n5.txt,BBLCT,16,8,77,31,1200.0,0,0.0,1,1.3,4,497.97,33.2,561,true,completed
BF_BF12_h8s16n6.txt,BBLCT,16,8,77,31,1200.0,1,1.3,6,7.8,8,912.94,595151.2,4037632,false,cpu_limit
BF_BF12_h8s16n7.txt,BBLCT,16,8,77,31,1200.0,0,0.0,4,5.2,9,1117.78,46.9,924,true,completed
BF_BF12_h8s16n8.txt,BBLCT,16,8,77,31,1200.0,0,0.0,5,6.5,11,1178.85,97.4,1741,true,completed
BF_BF12_h8s16n9.txt,BBLCT,16,8,77,31,1200.0,0,0.0,3,3.9,10,1038.20,74.3,1165,true,completed
BF_BF13_h8s16n1.txt,BBLCT,16,8,103,21,1200.0,1,1.0,4,3.9,9,964.78,75.1,1117,true,completed
BF_BF13_h8s16n10.txt,BBLCT,16,8,103,21,1200.0,2,1.9,3,2.9,4,400.33,83618.3,1112092,true,completed
BF_BF13_h8s16n11.txt,BBLCT,16,8,103,21,1200.0,0,0.0,3,2.9,10,1198.29,4680.2,42453,true,completed
BF_BF13_h8s16n12.txt,BBLCT,16,8,103,21,1200.0,1,1.0,6,5.8,8,822.23,58.5,969,true,completed
BF_BF13_h8s16n13.txt,BBLCT,16,8,103,21,1200.0,0,0.0,6,5.8,10,1176.24,113.6,944,true,completed
BF_BF13_h8s16n14.txt,BBLCT,16,8,103,21,1200.0,0,0.0,3,2.9,9,959.41,97.3,1341,true,completed
BF_BF13_h8s16n15.txt,BBLCT,16,8,103,21,1200.0,0,0.0,3,2.9,7,809.85,80.7,979,true,completed
BF_BF13_h8s16n16.txt,BBLCT,16,8,103,21,1200.0,1,1.0,7,6.8,9,990.18,595041.7,4635648,false,cpu_limit
BF_BF13_h8s16n17.txt,BBLCT,16,8,103,21,1200.0,0,0.0,4,3.9,8,940.96,260.9,4007,true,completed
BF_BF13_h8s16n18.txt,BBLCT,16,8,103,21,1200.0,0,0.0,4,3.9,8,933.08,79.2,990,true,completed
BF_BF13_h8s16n19.txt,BBLCT,16,8,103,21,1200.0,1,1.0,3,2.9,8,935.85,49.1,834,true,completed
BF_BF13_h8s16n2.txt,BBLCT,16,8,103,21,1200.0,1,1.0,2,1.9,3,369.29,595144.6,4747264,false,cpu_limit
BF_BF13_h8s16n20.txt,BBLCT,16,8,103,21,1200.0,0,0.0,3,2.9,12,1144.78,2521.1,37831,true,completed
BF_BF13_h8s16n3.txt,BBLCT,16,8,103,21,1200.0,1,1.0,5,4.9,10,1090.86,105.3,1366,true,completed
BF_BF13_h8s16n4.txt,BBLCT,16,8,103,21,1200.0,2,1.9,4,3.9,11,1190.58,105.4,1318,true,completed
BF_BF13_h8s16n5.txt,BBLCT,16,8,103,21,1200.0,2,1.9,4,3.9,7,773.89,697.0,9758,true,completed
BF_BF13_h8s16n6.txt,BBLCT,16,8,103,21,1200.0,1,1.0,8,7.8,10,1132.38,140.7,1154,true,completed
BF_BF13_h8s16n7.txt,BBLCT,16,8,103,21,1200.0,0,0.0,3,2.9,9,1053.99,62.7,978,true,completed
BF_BF13_h8s16n8.txt,BBLCT,16,8,103,21,1200.0,2,1.9,4,3.9,7,903.43,595081.0,5177344,false,cpu_limit
BF_BF13_h8s16n9.txt,BBLCT,16,8,103,21,1200.0,0,0.0,5,4.9,10,1134.94,10941.6,116019,true,completed
BF_BF14_h8s16n1.txt,BBLCT,16,8,103,21,1200.0,2,1.9,8,7.8,7,813.56,595091.0,3714048,false,cpu_limit
BF_BF14_h8s16n10.txt,BBLCT,16,8,103,21,1200.0,1,1.0,3,2.9,6,634.43,595037.5,6865920,false,cpu_limit
BF_BF14_h8s16n11.txt,BBLCT,16,8,103,21,1200.0,0,0.0,3,2.9,12,1180.99,7491.2,101089,true,completed
BF_BF14_h8s16n12.txt,BBLCT,16,8,103,21,1200.0,1,1.0,6,5.8,10,1163.15,59.2,798,true,completed
BF_BF14_h8s16n13.txt,BBLCT,16,8,103,21,1200.0,0,0.0,3,2.9,9,939.17,68.2,1090,true,completed
BF_BF14_h8s16n14.txt,BBLCT,16,8,103,21,1200.0,1,1.0,3,2.9,5,571.31,20.3,440,true,completed
BF_BF14_h8s16n15.txt,BBLCT,16,8,103,21,1200.0,2,1.9,8,7.8,9,1140.71,185.9,1753,true,completed
BF_BF14_h8s16n16.txt,BBLCT,16,8,103,21,1200.0,0,0.0,3,2.9,11,1196.96,2609.9,25703,true,completed
BF_BF14_h8s16n17.txt,BBLCT,16,8,103,21,1200.0,1,1.0,7,6.8,9,886.99,595118.7,5287936,false,cpu_limit
BF_BF14_h8s16n18.txt,BBLCT,16,8,103,21,1200.0,0,0.0,3,2.9,8,870.54,212.2,4259,true,completed
BF_BF14_h8s16n19.txt,BBLCT,16,8,103,21,1200.0,0,0.0,3,2.9,7,771.23,595142.9,5229568,false,cpu_limit
BF_BF14_h8s16n2.txt,BBLCT,16,8,103,21,1200.0,1,1.0,3,2.9,6,650.86,53.3,820,true,completed
BF_BF14_h8s16n20.txt,BBLCT,16,8,103,21,1200.0,0,0.0,3,2.9,6,639.54,64.8,876,true,completed
BF_BF14_h8s16n3.txt,BBLCT,16,8,103,21,1200.0,0,0.0,6,5.8,10,1177.17,595106.7,6050816,false,cpu_limit
BF_BF14_h8s16n4.txt,BBLCT,16,8,103,21,1200.0,2,1.9,5,4.9,9,980.16,3069.3,51208,true,completed
BF_BF14_h8s16n5.txt,BBLCT,16,8,103,21,1200.0,2,1.9,4,3.9,6,865.71,89.5,1456,true,completed
BF_BF14_h8s16n6.txt,BBLCT,16,8,103,21,1200.0,0,0.0,3,2.9,5,603.97,595076.3,5616640,false,cpu_limit
BF_BF14_h8s16n7.txt,BBLCT,16,8,103,21,1200.0,1,1.0,3,2.9,6,694.24,32.6,542,true,completed
BF_BF14_h8s16n8.txt,BBLCT,16,8,103,21,1200.0,0,0.0,3,2.9,5,614.22,595111.9,6253568,false,cpu_limit
BF_BF14_h8s16n9.txt,BBLCT,16,8,103,21,1200.0,1,1.0,3,2.9,7,752.09,595091.5,6200320,false,cpu_limit
BF_BF15_h8s16n1.txt,BBLCT,16,8,103,42,1200.0,0,0.0,2,1.9,4,520.53,69.4,1181,true,completed
BF_BF15_h8s16n10.txt,BBLCT,16,8,103,42,1200.0,0,0.0,3,2.9,8,1113.47,49.5,786,true,completed
BF_BF15_h8s16n11.txt,BBLCT,16,8,103,42,1200.0,0,0.0,3,2.9,11,1199.77,567529.6,4954367,true,completed
BF_BF15_h8s16n12.txt,BBLCT,16,8,103,42,1200.0,1,1.0,3,2.9,9,979.15,75.4,1029,true,completed
BF_BF15_h8s16n13.txt,BBLCT,16,8,103,42,1200.0,1,1.0,9,8.7,9,1018.94,595220.7,3210240,false,cpu_limit
BF_BF15_h8s16n14.txt,BBLCT,16,8,103,42,1200.0,1,1.0,8,7.8,7,752.65,67.6,895,true,completed
BF_BF15_h8s16n15.txt,BBLCT,16,8,103,42,1200.0,0,0.0,5,4.9,11,1178.53,3118.1,27433,true,completed
BF_BF15_h8s16n16.txt,BBLCT,16,8,103,42,1200.0,0,0.0,2,1.9,4,533.64,53.8,548,true,completed
BF_BF15_h8s16n17.txt,BBLCT,16,8,103,42,1200.0,0,0.0,5,4.9,11,1198.77,6470.6,81382,true,completed
BF_BF15_h8s16n18.txt,BBLCT,16,8,103,42,1200.0,0,0.0,3,2.9,9,1132.01,52.1,833,true,completed
BF_BF15_h8s16n19.txt,BBLCT,16,8,103,42,1200.0,2,1.9,6,5.8,10,1196.86,169.2,1233,true,completed
BF_BF15_h8s16n2.txt,BBLCT,16,8,103,42,1200.0,1,1.0,4,3.9,7,765.09,595188.7,3785728,false,cpu_limit
BF_BF15_h8s16n20.txt,BBLCT,16,8,103,42,1200.0,1,1.0,5,4.9,12,1166.61,3941.4,36562,true,completed
BF_BF15_h8s16n3.txt,BBLCT,16,8,103,42,1200.0,0,0.0,4,3.9,9,1190.37,5170.2,86106,true,completed
BF_BF15_h8s16n4.txt,BBLCT,16,8,103,42,1200.0,0,0.0,5,4.9,10,1198.52,48969.2,377833,true,completed
BF_BF15_h8s16n5.txt,BBLCT,16,8,103,42,1200.0,0,0.0,4,3.9,9,1198.19,105.0,939,true,completed
BF_BF15_h8s16n6.txt,BBLCT,16,8,103,42,1200.0,0,0.0,1,1.0,7,851.46,595102.5,4603904,false,cpu_limit
BF_BF15_h8s16n7.txt,BBLCT,16,8,103,42,1200.0,0,0.0,5,4.9,8,951.55,177.2,1157,true,completed
BF_BF15_h8s16n8.txt,BBLCT,16,8,103,42,1200.0,0,0.0,4,3.9,9,1194.53,123.0,1635,true,completed
BF_BF15_h8s16n9.txt,BBLCT,16,8,103,42,1200.0,1,1.0,6,5.8,9,1199.56,30095.0,255800,true,completed
BF_BF16_h8s16n1.txt,BBLCT,16,8,103,42,1200.0,0,0.0,6,5.8,12,1176.14,38334.5,522144,true,completed
BF_BF16_h8s16n10.txt,BBLCT,16,8,103,42,1200.0,0,0.0,1,1.0,5,564.88,219.6,4233,true,completed
BF_BF16_h8s16n11.txt,BBLCT,16,8,103,42,1200.0,0,0.0,4,3.9,10,1116.04,37.7,650,true,completed
BF_BF16_h8s16n12.txt,BBLCT,16,8,103,42,1200.0,0,0.0,3,2.9,7,818.71,75435.2,588247,true,completed
BF_BF16_h8s16n13.txt,BBLCT,16,8,103,42,1200.0,1,1.0,4,3.9,6,601.72,595034.9,8242176,false,cpu_limit
BF_BF16_h8s16n14.txt,BBLCT,16,8,103,42,1200.0,0,0.0,4,3.9,8,821.82,66.6,980,true,completed
BF_BF16_h8s16n15.txt,BBLCT,16,8,103,42,1200.0,0,0.0,2,1.9,8,879.74,595072.9,7254016,false,cpu_limit
BF_BF16_h8s16n16.txt,BBLCT,16,8,103,42,1200.0,1,1.0,5,4.9,9,1187.04,61.3,885,true,completed
BF_BF16_h8s16n17.txt,BBLCT,16,8,103,42,1200.0,0,0.0,2,1.9,10,1199.50,47.1,444,true,completed
BF_BF16_h8s16n18.txt,BBLCT,16,8,103,42,1200.0,0,0.0,5,4.9,10,1041.48,98.4,1304,true,completed
BF_BF16_h8s16n19.txt,BBLCT,16,8,103,42,1200.0,0,0.0,6,5.8,11,1186.36,1498.6,19360,true,completed
BF_BF16_h8s16n2.txt,BBLCT,16,8,103,42,1200.0,0,0.0,4,3.9,10,1192.72,4286.5,41003,true,completed
BF_BF16_h8s16n20.txt,BBLCT,16,8,103,42,1200.0,0,0.0,7,6.8,10,1188.71,26506.4,267826,true,completed
BF_BF16_h8s16n3.txt,BBLCT,16,8,103,42,1200.0,0,0.0,2,1.9,7,933.61,428200.8,4370040,true,completed
BF_BF16_h8s16n4.txt,BBLCT,16,8,103,42,1200.0,1,1.0,2,1.9,6,782.18,48.4,651,true,completed
BF_BF16_h8s16n5.txt,BBLCT,16,8,103,42,1200.0,0,0.0,3,2.9,7,824.55,72.9,1007,true,completed
BF_BF16_h8s16n6.txt,BBLCT,16,8,103,42,1200.0,1,1.0,3,2.9,9,1101.65,49.7,599,true,completed
BF_BF16_h8s16n7.txt,BBLCT,16,8,103,42,1200.0,0,0.0,2,1.9,7,876.19,48.8,695,true,completed
BF_BF16_h8s16n8.txt,BBLCT,16,8,103,42,1200.0,0,0.0,2,1.9,10,1163.25,48.4,682,true,completed
BF_BF16_h8s16n9.txt,BBLCT,16,8,103,42,1200.0,0,0.0,5,4.9,8,996.13,479666.2,7165020,true,completed
BF_BF17_h5s20n1.txt,BBLCT,20,5,60,12,1200.0,1,1.7,7,11.7,10,1044.18,595081.5,3307520,false,cpu_limit
BF_BF17_h5s20n10.txt,BBLCT,20,5,60,12,1200.0,1,1.7,14,23.3,9,851.86,595152.6,2864128,false,cpu_limit
BF_BF17_h5s20n11.txt,BBLCT,20,5,60,12,1200.0,0,0.0,7,11.7,10,991.17,595052.3,3290112,false,cpu_limit
BF_BF17_h5s20n12.txt,BBLCT,20,5,60,12,1200.0,2,3.3,12,20.0,11,1199.89,22114.2,228960,true,completed
BF_BF17_h5s20n13.txt,BBLCT,20,5,60,12,1200.0,2,3.3,13,21.7,11,1199.98,569059.6,3108370,true,completed
BF_BF17_h5s20n14.txt,BBLCT,20,5,60,12,1200.0,2,3.3,13,21.7,12,1195.38,411.3,3372,true,completed
BF_BF17_h5s20n15.txt,BBLCT,20,5,60,12,1200.0,0,0.0,10,16.7,8,802.76,595077.9,7707648,false,cpu_limit
BF_BF17_h5s20n16.txt,BBLCT,20,5,60,12,1200.0,1,1.7,7,11.7,8,834.74,595170.7,3792896,false,cpu_limit
BF_BF17_h5s20n17.txt,BBLCT,20,5,60,12,1200.0,2,3.3,8,13.3,11,1188.11,21921.5,216198,true,completed
BF_BF17_h5s20n18.txt,BBLCT,20,5,60,12,1200.0,0,0.0,7,11.7,12,1199.95,488280.3,3017104,true,completed
BF_BF17_h5s20n19.txt,BBLCT,20,5,60,12,1200.0,2,3.3,7,11.7,11,1090.84,595159.8,3249152,false,cpu_limit
BF_BF17_h5s20n2.txt,BBLCT,20,5,60,12,1200.0,3,5.0,8,13.3,11,1197.43,9994.6,55254,true,completed
BF_BF17_h5s20n20.txt,BBLCT,20,5,60,12,1200.0,1,1.7,8,13.3,9,969.84,595045.5,3075072,false,cpu_limit
BF_BF17_h5s20n3.txt,BBLCT,20,5,60,12,1200.0,4,6.7,11,18.3,9,926.21,595040.9,5107712,false,cpu_limit
BF_BF17_h5s20n4.txt,BBLCT,20,5,60,12,1200.0,3,5.0,11,18.3,11,1193.35,37160.6,211503,true,completed
BF_BF17_h5s20n5.txt,BBLCT,20,5,60,12,1200.0,2,3.3,7,11.7,7,810.70,22385.8,204377,true,completed
BF_BF17_h5s20n6.txt,BBLCT,20,5,60,12,1200.0,1,1.7,8,13.3,10,1042.70,262.2,2346,true,completed
BF_BF17_h5s20n7.txt,BBLCT,20,5,60,12,1200.0,2,3.3,10,16.7,11,1159.73,2054.2,11317,true,completed
BF_BF17_h5s20n8.txt,BBLCT,20,5,60,12,1200.0,2,3.3,5,8.3,9,995.88,595034.4,3511296,false,cpu_limit
BF_BF17_h5s20n9.txt,BBLCT,20,5,60,12,1200.0,1,1.7,8,13.3,11,1167.30,196.0,1942,true,completed
BF_BF18_h5s20n1.txt,BBLCT,20,5,60,12,1200.0,1,1.7,5,8.3,11,1194.94,87.4,1277,true,completed
BF_BF18_h5s20n10.txt,BBLCT,20,5,60,12,1200.0,0,0.0,8,13.3,10,1034.99,595029.2,7752704,false,cpu_limit
BF_BF18_h5s20n11.txt,BBLCT,20,5,60,12,1200.0,0,0.0,9,15.0,10,1197.46,595139.6,9093120,false,cpu_limit
BF_BF18_h5s20n12.txt,BBLCT,20,5,60,12,1200.0,1,1.7,9,15.0,10,1094.61,595081.4,4628480,false,cpu_limit
BF_BF18_h5s20n13.txt,BBLCT,20,5,60,12,1200.0,3,5.0,9,15.0,11,1199.48,561633.8,3888752,true,completed
BF_BF18_h5s20n14.txt,BBLCT,20,5,60,12,1200.0,1,1.7,10,16.7,12,1197.91,457333.4,3303478,true,completed
BF_BF18_h5s20n15.txt,BBLCT,20,5,60,12,1200.0,0,0.0,9,15.0,10,1157.98,15522.5,150313,true,completed
BF_BF18_h5s20n16.txt,BBLCT,20,5,60,12,1200.0,1,1.7,9,15.0,10,1127.88,114.4,1074,true,completed
BF_BF18_h5s20n17.txt,BBLCT,20,5,60,12,1200.0,1,1.7,4,6.7,9,1094.46,68.6,1114,true,completed
BF_BF18_h5s20n18.txt,BBLCT,20,5,60,12,1200.0,1,1.7,7,11.7,10,1047.79,595111.9,4052992,false,cpu_limit
BF_BF18_h5s20n19.txt,BBLCT,20,5,60,12,1200.0,3,5.0,11,18.3,10,1142.09,58869.5,437784,true,completed
BF_BF18_h5s20n2.txt,BBLCT,20,5,60,12,1200.0,3,5.0,12,20.0,9,896.50,595043.3,3267584,false,cpu_limit
BF_BF18_h5s20n20.txt,BBLCT,20,5,60,12,1200.0,2,3.3,7,11.7,10,1147.74,78.0,1027,true,completed
BF_BF18_h5s20n3.txt,BBLCT,20,5,60,12,1200.0,0,0.0,7,11.7,11,1199.04,595128.5,4865024,false,cpu_limit
BF_BF18_h5s20n4.txt,BBLCT,20,5,60,12,1200.0,2,3.3,9,15.0,10,1164.75,109.0,1359,true,completed
BF_BF18_h5s20n5.txt,BBLCT,20,5,60,12,1200.0,3,5.0,7,11.7,8,844.19,595131.4,4674560,false,cpu_limit
BF_BF18_h5s20n6.txt,BBLCT,20,5,60,12,1200.0,0,0.0,9,15.0,11,1196.86,48538.1,309854,true,completed
BF_BF18_h5s20n7.txt,BBLCT,20,5,60,12,1200.0,1,1.7,5,8.3,9,1051.02,97.4,1289,true,completed
BF_BF18_h5s20n8.txt,BBLCT,20,5,60,12,1200.0,2,3.3,7,11.7,10,1199.77,58.2,893,true,completed
BF_BF18_h5s20n9.txt,BBLCT,20,5,60,12,1200.0,2,3.3,14,23.3,10,1098.90,733.9,6241,true,completed
BF_BF19_h5s20n1.txt,BBLCT,20,5,60,24,1200.0,1,1.7,6,10.0,9,1027.89,171.9,1628,true,completed
BF_BF19_h5s20n10.txt,BBLCT,20,5,60,24,1200.0,1,1.7,7,11.7,8,826.04,14073.3,126941,true,completed
BF_BF19_h5s20n11.txt,BBLCT,20,5,60,24,1200.0,1,1.7,13,21.7,10,967.67,595186.5,2595840,false,cpu_limit
BF_BF19_h5s20n12.txt,BBLCT,20,5,60,24,1200.0,0,0.0,13,21.7,11,1151.65,12379.2,51534,true,completed
BF_BF19_h5s20n13.txt,BBLCT,20,5,60,24,1200.0,0,0.0,3,5.0,8,859.99,595117.4,6353920,false,cpu_limit
BF_BF19_h5s20n14.txt,BBLCT,20,5,60,24,1200.0,0,0.0,9,15.0,10,1033.64,11856.0,114820,true,completed
BF_BF19_h5s20n15.txt,BBLCT,20,5,60,24,1200.0,0,0.0,8,13.3,11,1197.35,134010.7,1225277,true,completed
BF_BF19_h5s20n16.txt,BBLCT,20,5,60,24,1200.0,3,5.0,8,13.3,10,1128.05,303.6,1957,true,completed
BF_BF19_h5s20n17.txt,BBLCT,20,5,60,24,1200.0,0,0.0,5,8.3,11,1176.10,145.5,1398,true,completed
BF_BF19_h5s20n18.txt,BBLCT,20,5,60,24,1200.0,1,1.7,17,28.3,11,1199.36,1865.5,12462,true,completed
BF_BF19_h5s20n19.txt,BBLCT,20,5,60,24,1200.0,1,1.7,6,10.0,9,947.82,235.3,1976,true,completed
BF_BF19_h5s20n2.txt,BBLCT,20,5,60,24,1200.0,0,0.0,14,23.3,11,1197.23,27435.6,214141,true,completed
BF_BF19_h5s20n20.txt,BBLCT,20,5,60,24,1200.0,2,3.3,7,11.7,11,1140.38,156.6,1173,true,completed
BF_BF19_h5s20n3.txt,BBLCT,20,5,60,24,1200.0,1,1.7,8,13.3,11,1177.20,595126.9,3234816,false,cpu_limit
BF_BF19_h5s20n4.txt,BBLCT,20,5,60,24,1200.0,1,1.7,18,30.0,10,988.23,595162.6,2151424,false,cpu_limit
BF_BF19_h5s20n5.txt,BBLCT,20,5,60,24,1200.0,0,0.0,7,11.7,11,1169.87,595169.6,3517440,false,cpu_limit
BF_BF19_h5s20n6.txt,BBLCT,20,5,60,24,1200.0,2,3.3,8,13.3,10,1071.87,193.7,1796,true,completed
BF_BF19_h5s20n7.txt,BBLCT,20,5,60,24,1200.0,1,1.7,5,8.3,10,1096.30,146.1,1392,true,completed
BF_BF19_h5s20n8.txt,BBLCT,20,5,60,24,1200.0,1,1.7,16,26.7,10,1152.19,2346.7,11096,true,completed
BF_BF19_h5s20n9.txt,BBLCT,20,5,60,24,1200.0,3,5.0,8,13.3,8,910.22,595052.1,3578880,false,cpu_limit
BF_BF1_h5s16n1.txt,BBLCT,16,5,48,10,1200.0,2,4.2,8,16.7,8,878.93,455.5,8808,true,completed
BF_BF1_h5s16n10.txt,BBLCT,16,5,48,10,1200.0,3,6.2,11,22.9,10,1026.97,595034.6,6042624,false,cpu_limit
BF_BF1_h5s16n11.txt,BBLCT,16,5,48,10,1200.0,2,4.2,8,16.7,11,1173.85,613.1,6256,true,completed
BF_BF1_h5s16n12.txt,BBLCT,16,5,48,10,1200.0,2,4.2,7,14.6,9,958.60,595048.5,7215104,false,cpu_limit
BF_BF1_h5s16n13.txt,BBLCT,16,5,48,10,1200.0,2,4.2,11,22.9,11,1123.81,595084.1,8155136,false,cpu_limit
BF_BF1_h5s16n14.txt,BBLCT,16,5,48,10,1200.0,0,0.0,7,14.6,11,1174.33,107634.2,1260687,true,completed
BF_BF1_h5s16n15.txt,BBLCT,16,5,48,10,1200.0,1,2.1,4,8.3,11,1189.59,145.2,2512,true,completed
BF_BF1_h5s16n16.txt,BBLCT,16,5,48,10,1200.0,2,4.2,12,25.0,12,1191.98,42870.8,776036,true,completed
BF_BF1_h5s16n17.txt,BBLCT,16,5,48,10,1200.0,2,4.2,7,14.6,10,1045.76,595074.9,5723136,false,cpu_limit
BF_BF1_h5s16n18.txt,BBLCT,16,5,48,10,1200.0,3,6.2,9,18.8,8,836.00,595065.2,4852736,false,cpu_limit
BF_BF1_h5s16n19.txt,BBLCT,16,5,48,10,1200.0,0,0.0,13,27.1,11,1178.38,4511.2,40994,true,completed
BF_BF1_h5s16n2.txt,BBLCT,16,5,48,10,1200.0,1,2.1,9,18.8,11,1183.25,140.8,2068,true,completed
BF_BF1_h5s16n20.txt,BBLCT,16,5,48,10,1200.0,1,2.1,9,18.8,8,866.71,243245.2,5067474,true,completed
BF_BF1_h5s16n3.txt,BBLCT,16,5,48,10,1200.0,2,4.2,8,16.7,11,1178.73,595052.1,6303744,false,cpu_limit
BF_BF1_h5s16n4.txt,BBLCT,16,5,48,10,1200.0,3,6.2,13,27.1,12,1183.10,24479.2,310025,true,completed
BF_BF1_h5s16n5.txt,BBLCT,16,5,48,10,1200.0,1,2.1,8,16.7,9,989.32,66.3,1151,true,completed
BF_BF1_h5s16n6.txt,BBLCT,16,5,48,10,1200.0,0,0.0,7,14.6,11,1199.81,595100.7,7638016,false,cpu_limit
BF_BF1_h5s16n7.txt,BBLCT,16,5,48,10,1200.0,1,2.1,8,16.7,10,1184.63,566365.7,7325927,true,completed
BF_BF1_h5s16n8.txt,BBLCT,16,5,48,10,1200.0,1,2.1,11,22.9,11,1168.51,3147.1,33353,true,completed
BF_BF1_h5s16n9.txt,BBLCT,16,5,48,10,1200.0,1,2.1,7,14.6,11,1036.75,595130.5,6075392,false,cpu_limit
BF_BF20_h5s20n1.txt,BBLCT,20,5,60,24,1200.0,0,0.0,9,15.0,11,1199.06,473907.9,6506490,true,completed
BF_BF20_h5s20n10.txt,BBLCT,20,5,60,24,1200.0,1,1.7,8,13.3,10,1109.82,1611.7,11948,true,completed
BF_BF20_h5s20n11.txt,BBLCT,20,5,60,24,1200.0,0,0.0,8,13.3,9,1144.65,9383.3,91003,true,completed
BF_BF20_h5s20n12.txt,BBLCT,20,5,60,24,1200.0,0,0.0,9,15.0,11,1198.03,30994.1,453131,true,completed
BF_BF20_h5s20n13.txt,BBLCT,20,5,60,24,1200.0,0,0.0,10,16.7,12,1199.07,491975.3,3096690,true,completed
BF_BF20_h5s20n14.txt,BBLCT,20,5,60,24,1200.0,0,0.0,7,11.7,11,1197.78,10777.3,127197,true,completed
BF_BF20_h5s20n15.txt,BBLCT,20,5,60,24,1200.0,1,1.7,6,10.0,11,1192.02,195321.0,1705875,true,completed
BF_BF20_h5s20n16.txt,BBLCT,20,5,60,24,1200.0,2,3.3,7,11.7,10,1168.66,86.1,1114,true,completed
BF_BF20_h5s20n17.txt,BBLCT,20,5,60,24,1200.0,2,3.3,14,23.3,11,1177.48,59663.2,567522,true,completed
BF_BF20_h5s20n18.txt,BBLCT,20,5,60,24,1200.0,0,0.0,10,16.7,11,1199.46,595103.6,5430272,false,cpu_limit
BF_BF20_h5s20n19.txt,BBLCT,20,5,60,24,1200.0,1,1.7,8,13.3,11,1195.15,94646.4,796837,true,completed
BF_BF20_h5s20n2.txt,BBLCT,20,5,60,24,1200.0,0,0.0,6,10.0,11,1192.20,595132.4,4381696,false,cpu_limit
BF_BF20_h5s20n20.txt,BBLCT,20,5,60,24,1200.0,1,1.7,7,11.7,10,1086.30,105.2,1384,true,completed
BF_BF20_h5s20n3.txt,BBLCT,20,5,60,24,1200.0,1,1.7,6,10.0,11,1197.56,595169.1,4439040,false,cpu_limit
BF_BF20_h5s20n4.txt,BBLCT,20,5,60,24,1200.0,0,0.0,5,8.3,11,1196.40,83.6,1139,true,completed
BF_BF20_h5s20n5.txt,BBLCT,20,5,60,24,1200.0,1,1.7,17,28.3,10,1185.64,101545.2,686370,true,completed
BF_BF20_h5s20n6.txt,BBLCT,20,5,60,24,1200.0,0,0.0,9,15.0,11,1197.06,478766.6,5951066,true,completed
BF_BF20_h5s20n7.txt,BBLCT,20,5,60,24,1200.0,0,0.0,7,11.7,11,1197.22,339.1,4486,true,completed
BF_BF20_h5s20n8.txt,BBLCT,20,5,60,24,1200.0,0,0.0,6,10.0,10,1079.54,98.6,1435,true,completed
BF_BF20_h5s20n9.txt,BBLCT,20,5,60,24,1200.0,0,0.0,9,15.0,10,1101.80,2347.5,20479,true,completed
BF_BF21_h5s20n1.txt,BBLCT,20,5,80,16,1200.0,2,2.5,9,11.2,9,1009.68,595208.4,3402752,false,cpu_limit
BF_BF21_h5s20n10.txt,BBLCT,20,5,80,16,1200.0,3,3.8,12,15.0,11,1173.72,595056.3,3180544,false,cpu_limit
BF_BF21_h5s20n11.txt,BBLCT,20,5,80,16,1200.0,2,2.5,9,11.2,10,984.85,595093.9,6928384,false,cpu_limit
BF_BF21_h5s20n12.txt,BBLCT,20,5,80,16,1200.0,1,1.2,5,6.2,11,1156.21,21006.2,137444,true,completed
BF_BF21_h5s20n13.txt,BBLCT,20,5,80,16,1200.0,1,1.2,9,11.2,9,979.62,595144.4,3978240,false,cpu_limit
BF_BF21_h5s20n14.txt,BBLCT,20,5,80,16,1200.0,1,1.2,9,11.2,10,1019.55,595107.0,3226624,false,cpu_limit
BF_BF21_h5s20n15.txt,BBLCT,20,5,80,16,1200.0,4,5.0,11,13.8,11,1159.85,595163.6,4169728,false,cpu_limit
BF_BF21_h5s20n16.txt,BBLCT,20,5,80,16,1200.0,2,2.5,17,21.2,12,1199.73,5856.1,31120,true,completed
BF_BF21_h5s20n17.txt,BBLCT,20,5,80,16,1200.0,1,1.2,8,10.0,12,1164.44,595116.9,6403072,false,cpu_limit
BF_BF21_h5s20n18.txt,BBLCT,20,5,80,16,1200.0,1,1.2,8,10.0,12,1196.50,137.6,1552,true,completed
BF_BF21_h5s20n19.txt,BBLCT,20,5,80,16,1200.0,3,3.8,8,10.0,9,995.69,595100.0,4323328,false,cpu_limit
BF_BF21_h5s20n2.txt,BBLCT,20,5,80,16,1200.0,3,3.8,8,10.0,10,1034.80,595164.4,4009984,false,cpu_limit
BF_BF21_h5s20n20.txt,BBLCT,20,5,80,16,1200.0,1,1.2,8,10.0,10,1075.67,27434.8,425079,true,completed
BF_BF21_h5s20n3.txt,BBLCT,20,5,80,16,1200.0,1,1.2,9,11.2,10,1029.64,595058.9,4037632,false,cpu_limit
BF_BF21_h5s20n4.txt,BBLCT,20,5,80,16,1200.0,1,1.2,8,10.0,10,981.57,18393.3,204492,true,completed
BF_BF21_h5s20n5.txt,BBLCT,20,5,80,16,1200.0,0,0.0,6,7.5,12,1199.78,595052.8,3997696,false,cpu_limit
BF_BF21_h5s20n6.txt,BBLCT,20,5,80,16,1200.0,2,2.5,10,12.5,10,991.69,595046.9,3325952,false,cpu_limit
BF_BF21_h5s20n7.txt,BBLCT,20,5,80,16,1200.0,0,0.0,5,6.2,11,1199.19,43417.1,346752,true,completed
BF_BF21_h5s20n8.txt,BBLCT,20,5,80,16,1200.0,0,0.0,6,7.5,11,1195.41,468783.7,3172753,true,completed
BF_BF21_h5s20n9.txt,BBLCT,20,5,80,16,1200.0,1,1.2,10,12.5,11,1042.07,595042.7,3693568,false,cpu_limit
BF_BF22_h5s20n1.txt,BBLCT,20,5,80,16,1200.0,0,0.0,8,10.0,11,1199.41,5182.5,40352,true,completed
BF_BF22_h5s20n10.txt,BBLCT,20,5,80,16,1200.0,0,0.0,7,8.8,11,1198.54,40873.3,394917,true,completed
BF_BF22_h5s20n11.txt,BBLCT,20,5,80,16,1200.0,3,3.8,10,12.5,11,1178.77,66.5,901,true,completed
BF_BF22_h5s20n12.txt,BBLCT,20,5,80,16,1200.0,3,3.8,9,11.2,11,1198.06,5093.4,46028,true,completed
BF_BF22_h5s20n13.txt,BBLCT,20,5,80,16,1200.0,0,0.0,4,5.0,8,905.31,1353.5,24185,true,completed
BF_BF22_h5s20n14.txt,BBLCT,20,5,80,16,1200.0,0,0.0,3,3.8,7,772.44,595055.1,5252096,false,cpu_limit
BF_BF22_h5s20n15.txt,BBLCT,20,5,80,16,1200.0,2,2.5,7,8.8,11,1123.11,584.6,4938,true,completed
BF_BF22_h5s20n16.txt,BBLCT,20,5,80,16,1200.0,1,1.2,8,10.0,10,1129.47,146.9,1424,true,completed
BF_BF22_h5s20n17.txt,BBLCT,20,5,80,16,1200.0,2,2.5,11,13.8,9,1029.87,18716.2,177869,true,completed
BF_BF22_h5s20n18.txt,BBLCT,20,5,80,16,1200.0,0,0.0,4,5.0,7,740.02,595085.6,10098688,false,cpu_limit
BF_BF22_h5s20n19.txt,BBLCT,20,5,80,16,1200.0,0,0.0,7,8.8,11,1198.92,595071.7,5216256,false,cpu_limit
BF_BF22_h5s20n2.txt,BBLCT,20,5,80,16,1200.0,1,1.2,5,6.2,7,757.86,378731.5,5737297,true,completed
BF_BF22_h5s20n20.txt,BBLCT,20,5,80,16,1200.0,0,0.0,7,8.8,10,1182.15,46745.1,446806,true,completed
BF_BF22_h5s20n3.txt,BBLCT,20,5,80,16,1200.0,0,0.0,5,6.2,8,865.44,22285.0,388502,true,completed
BF_BF22_h5s20n4.txt,BBLCT,20,5,80,16,1200.0,4,5.0,12,15.0,11,1186.09,595044.8,4156416,false,cpu_limit
BF_BF22_h5s20n5.txt,BBLCT,20,5,80,16,1200.0,1,1.2,5,6.2,8,1006.04,595091.8,5728256,false,cpu_limit
BF_BF22_h5s20n6.txt,BBLCT,20,5,80,16,1200.0,0,0.0,11,13.8,11,1179.78,255223.9,1717263,true,completed
BF_BF22_h5s20n7.txt,BBLCT,20,5,80,16,1200.0,0,0.0,7,8.8,9,981.57,25106.0,461187,true,completed
BF_BF22_h5s20n8.txt,BBLCT,20,5,80,16,1200.0,1,1.2,9,11.2,9,917.91,595160.2,4646912,false,cpu_limit
BF_BF22_h5s20n9.txt,BBLCT,20,5,80,16,1200.0,0,0.0,4,5.0,8,864.29,70034.2,1287658,true,completed
BF_BF23_h5s20n1.txt,BBLCT,20,5,80,32,1200.0,0,0.0,10,12.5,9,934.70,595090.6,6943744,false,cpu_limit
BF_BF23_h5s20n10.txt,BBLCT,20,5,80,32,1200.0,1,1.2,7,8.8,11,1122.55,595187.7,3760128,false,cpu_limit
BF_BF23_h5s20n11.txt,BBLCT,20,5,80,32,1200.0,0,0.0,6,7.5,11,1198.28,595132.7,5204992,false,cpu_limit
BF_BF23_h5s20n12.txt,BBLCT,20,5,80,32,1200.0,0,0.0,8,10.0,12,1182.91,234.4,1532,true,completed
BF_BF23_h5s20n13.txt,BBLCT,20,5,80,32,1200.0,1,1.2,8,10.0,11,1173.49,2763.9,33619,true,completed
BF_BF23_h5s20n14.txt,BBLCT,20,5,80,32,1200.0,3,3.8,12,15.0,12,1158.77,595165.1,2519040,false,cpu_limit
BF_BF23_h5s20n15.txt,BBLCT,20,5,80,32,1200.0,0,0.0,8,10.0,8,775.92,595075.4,3918848,false,cpu_limit
BF_BF23_h5s20n16.txt,BBLCT,20,5,80,32,1200.0,1,1.2,11,13.8,12,1195.58,595242.3,2879488,false,cpu_limit
BF_BF23_h5s20n17.txt,BBLCT,20,5,80,32,1200.0,1,1.2,8,10.0,10,1116.49,147.6,1347,true,completed
BF_BF23_h5s20n18.txt,BBLCT,20,5,80,32,1200.0,1,1.2,4,5.0,7,794.04,595065.5,8143872,false,cpu_limit
BF_BF23_h5s20n19.txt,BBLCT,20,5,80,32,1200.0,2,2.5,7,8.8,10,1010.51,595059.6,3418112,false,cpu_limit
BF_BF23_h5s20n2.txt,BBLCT,20,5,80,32,1200.0,1,1.2,6,7.5,10,1190.68,137460.4,1085702,true,completed
BF_BF23_h5s20n20.txt,BBLCT,20,5,80,32,1200.0,0,0.0,4,5.0,12,1198.91,20883.0,157895,true,completed
BF_BF23_h5s20n3.txt,BBLCT,20,5,80,32,1200.0,0,0.0,7,8.8,12,1195.76,595116.8,3779584,false,cpu_limit
BF_BF23_h5s20n4.txt,BBLCT,20,5,80,32,1200.0,2,2.5,9,11.2,9,903.48,153.9,1685,true,completed
BF_BF23_h5s20n5.txt,BBLCT,20,5,80,32,1200.0,1,1.2,14,17.5,12,1194.22,2490.6,11774,true,completed
BF_BF23_h5s20n6.txt,BBLCT,20,5,80,32,1200.0,1,1.2,9,11.2,11,1149.14,69218.9,654465,true,completed
BF_BF23_h5s20n7.txt,BBLCT,20,5,80,32,1200.0,0,0.0,12,15.0,10,1064.66,595094.3,3708928,false,cpu_limit
BF_BF23_h5s20n8.txt,BBLCT,20,5,80,32,1200.0,1,1.2,8,10.0,10,1147.68,595039.6,5561344,false,cpu_limit
BF_BF23_h5s20n9.txt,BBLCT,20,5,80,32,1200.0,1,1.2,5,6.2,12,1195.62,69140.2,760732,true,completed
BF_BF24_h5s20n1.txt,BBLCT,20,5,80,32,1200.0,1,1.2,6,7.5,10,1113.59,472688.2,5881281,true,completed
BF_BF24_h5s20n10.txt,BBLCT,20,5,80,32,1200.0,0,0.0,4,5.0,7,759.73,595026.5,4638720,false,cpu_limit
BF_BF24_h5s20n11.txt,BBLCT,20,5,80,32,1200.0,0,0.0,5,6.2,9,1035.60,266.0,4787,true,completed
BF_BF24_h5s20n12.txt,BBLCT,20,5,80,32,1200.0,0,0.0,5,6.2,9,1192.66,595102.5,4769792,false,cpu_limit
BF_BF24_h5s20n13.txt,BBLCT,20,5,80,32,1200.0,0,0.0,4,5.0,10,1199.58,169.4,1225,true,completed
BF_BF24_h5s20n14.txt,BBLCT,20,5,80,32,1200.0,0,0.0,7,8.8,8,773.77,595083.5,6660096,false,cpu_limit
BF_BF24_h5s20n15.txt,BBLCT,20,5,80,32,1200.0,0,0.0,8,10.0,11,1194.97,2210.5,27469,true,completed
BF_BF24_h5s20n16.txt,BBLCT,20,5,80,32,1200.0,1,1.2,8,10.0,11,1182.78,595120.3,4073472,false,cpu_limit
BF_BF24_h5s20n17.txt,BBLCT,20,5,80,32,1200.0,1,1.2,12,15.0,9,998.62,88.1,976,true,completed
BF_BF24_h5s20n18.txt,BBLCT,20,5,80,32,1200.0,0,0.0,6,7.5,11,1199.68,454594.9,7755387,true,completed
BF_BF24_h5s20n19.txt,BBLCT,20,5,80,32,1200.0,0,0.0,8,10.0,9,1025.08,56.8,863,true,completed
BF_BF24_h5s20n2.txt,BBLCT,20,5,80,32,1200.0,0,0.0,9,11.2,12,1194.46,29994.5,373428,true,completed
BF_BF24_h5s20n20.txt,BBLCT,20,5,80,32,1200.0,0,0.0,15,18.8,11,1197.70,89.3,1208,true,completed
BF_BF24_h5s20n3.txt,BBLCT,20,5,80,32,1200.0,2,2.5,7,8.8,10,1194.02,334144.6,4383811,true,completed
BF_BF24_h5s20n4.txt,BBLCT,20,5,80,32,1200.0,1,1.2,9,11.2,9,966.54,446549.1,3242041,true,completed
BF_BF24_h5s20n5.txt,BBLCT,20,5,80,32,1200.0,0,0.0,10,12.5,10,1198.14,60.4,806,true,completed
BF_BF24_h5s20n6.txt,BBLCT,20,5,80,32,1200.0,0,0.0,5,6.2,10,1024.32,595080.1,7368704,false,cpu_limit
BF_BF24_h5s20n7.txt,BBLCT,20,5,80,32,1200.0,0,0.0,7,8.8,11,1196.19,595110.7,5218304,false,cpu_limit
BF_BF24_h5s20n8.txt,BBLCT,20,5,80,32,1200.0,0,0.0,6,7.5,10,1167.97,305342.3,2913393,true,completed
BF_BF24_h5s20n9.txt,BBLCT,20,5,80,32,1200.0,1,1.2,14,17.5,11,1195.14,82.0,784,true,completed
BF_BF25_h8s20n1.txt,BBLCT,20,8,96,20,1200.0,1,1.0,8,8.3,9,1131.66,415.3,1636,true,completed
BF_BF25_h8s20n10.txt,BBLCT,20,8,96,20,1200.0,1,1.0,5,5.2,10,1173.53,595065.6,2215936,false,cpu_limit
BF_BF25_h8s20n11.txt,BBLCT,20,8,96,20,1200.0,3,3.1,10,10.4,9,1199.49,185545.0,929103,true,completed
BF_BF25_h8s20n12.txt,BBLCT,20,8,96,20,1200.0,1,1.0,5,5.2,8,945.15,310.6,2209,true,completed
BF_BF25_h8s20n13.txt,BBLCT,20,8,96,20,1200.0,1,1.0,5,5.2,9,1070.58,595072.3,2190336,false,cpu_limit
BF_BF25_h8s20n14.txt,BBLCT,20,8,96,20,1200.0,2,2.1,4,4.2,8,906.11,368.1,2374,true,completed
BF_BF25_h8s20n15.txt,BBLCT,20,8,96,20,1200.0,1,1.0,7,7.3,8,1183.17,348.0,1459,true,completed
BF_BF25_h8s20n16.txt,BBLCT,20,8,96,20,1200.0,1,1.0,4,4.2,6,826.18,327.2,2000,true,completed
BF_BF25_h8s20n17.txt,BBLCT,20,8,96,20,1200.0,0,0.0,3,3.1,6,730.87,233.8,1678,true,completed
BF_BF25_h8s20n18.txt,BBLCT,20,8,96,20,1200.0,2,2.1,5,5.2,6,664.30,271.3,1783,true,completed
BF_BF25_h8s20n19.txt,BBLCT,20,8,96,20,1200.0,2,2.1,7,7.3,10,1039.68,595035.0,2079744,false,cpu_limit
BF_BF25_h8s20n2.txt,BBLCT,20,8,96,20,1200.0,1,1.0,6,6.2,8,1165.71,4523.8,15770,true,completed
BF_BF25_h8s20n20.txt,BBLCT,20,8,96,20,1200.0,1,1.0,4,4.2,7,905.51,292.3,2077,true,completed
BF_BF25_h8s20n3.txt,BBLCT,20,8,96,20,1200.0,1,1.0,8,8.3,10,1195.19,852.1,3438,true,completed
BF_BF25_h8s20n4.txt,BBLCT,20,8,96,20,1200.0,1,1.0,5,5.2,9,1197.31,2617.7,19529,true,completed
BF_BF25_h8s20n5.txt,BBLCT,20,8,96,20,1200.0,1,1.0,5,5.2,9,1160.48,12063.7,42501,true,completed
BF_BF25_h8s20n6.txt,BBLCT,20,8,96,20,1200.0,0,0.0,8,8.3,10,1124.71,486.7,2852,true,completed
BF_BF25_h8s20n7.txt,BBLCT,20,8,96,20,1200.0,0,0.0,4,4.2,9,1107.02,309433.0,1038073,true,completed
BF_BF25_h8s20n8.txt,BBLCT,20,8,96,20,1200.0,3,3.1,12,12.5,9,1187.09,833.5,4696,true,completed
BF_BF25_h8s20n9.txt,BBLCT,20,8,96,20,1200.0,1,1.0,4,4.2,5,631.51,222.3,1436,true,completed
BF_BF26_h8s20n1.txt,BBLCT,20,8,96,20,1200.0,1,1.0,3,3.1,6,612.79,1595.4,17698,true,completed
BF_BF26_h8s20n10.txt,BBLCT,20,8,96,20,1200.0,1,1.0,7,7.3,10,1182.89,3102.2,10876,true,completed
BF_BF26_h8s20n11.txt,BBLCT,20,8,96,20,1200.0,2,2.1,4,4.2,6,648.31,17832.7,130200,true,completed
BF_BF26_h8s20n12.txt,BBLCT,20,8,96,20,1200.0,0,0.0,3,3.1,10,1176.11,312.8,2520,true,completed
BF_BF26_h8s20n13.txt,BBLCT,20,8,96,20,1200.0,0,0.0,8,8.3,11,1198.26,365483.1,1997750,true,completed
BF_BF26_h8s20n14.txt,BBLCT,20,8,96,20,1200.0,0,0.0,6,6.2,9,1197.73,1128.4,6585,true,completed
BF_BF26_h8s20n15.txt,BBLCT,20,8,96,20,1200.0,0,0.0,3,3.1,9,1157.24,436.2,2420,true,completed
BF_BF26_h8s20n16.txt,BBLCT,20,8,96,20,1200.0,0,0.0,4,4.2,9,1092.96,182.0,1768,true,completed
BF_BF26_h8s20n17.txt,BBLCT,20,8,96,20,1200.0,0,0.0,4,4.2,6,826.03,4326.1,31988,true,completed
BF_BF26_h8s20n18.txt,BBLCT,20,8,96,20,1200.0,1,1.0,3,3.1,8,695.45,595041.7,3880960,false,cpu_limit
BF_BF26_h8s20n19.txt,BBLCT,20,8,96,20,1200.0,2,2.1,4,4.2,9,739.93,595197.6,3087360,false,cpu_limit
BF_BF26_h8s20n2.txt,BBLCT,20,8,96,20,1200.0,2,2.1,7,7.3,9,1110.61,595141.8,2511872,false,cpu_limit
BF_BF26_h8s20n20.txt,BBLCT,20,8,96,20,1200.0,1,1.0,5,5.2,9,1048.27,595194.0,2688000,false,cpu_limit
BF_BF26_h8s20n3.txt,BBLCT,20,8,96,20,1200.0,2,2.1,7,7.3,9,1138.55,307.4,1658,true,completed
BF_BF26_h8s20n4.txt,BBLCT,20,8,96,20,1200.0,0,0.0,4,4.2,7,762.78,595275.3,2362368,false,cpu_limit
BF_BF26_h8s20n5.txt,BBLCT,20,8,96,20,1200.0,1,1.0,3,3.1,7,849.47,108.4,1121,true,completed
BF_BF26_h8s20n6.txt,BBLCT,20,8,96,20,1200.0,1,1.0,4,4.2,11,1195.79,595131.6,2759680,false,cpu_limit
BF_BF26_h8s20n7.txt,BBLCT,20,8,96,20,1200.0,1,1.0,6,6.2,10,1177.75,63608.6,448574,true,completed
BF_BF26_h8s20n8.txt,BBLCT,20,8,96,20,1200.0,0,0.0,6,6.2,10,1111.34,595201.2,2797568,false,cpu_limit
BF_BF26_h8s20n9.txt,BBLCT,20,8,96,20,1200.0,1,1.0,3,3.1,5,632.44,143.2,1240,true,completed
BF_BF27_h8s20n1.txt,BBLCT,20,8,96,39,1200.0,1,1.0,8,8.3,10,1109.97,595245.7,1910784,false,cpu_limit
BF_BF27_h8s20n10.txt,BBLCT,20,8,96,39,1200.0,0,0.0,3,3.1,9,1181.21,212.5,801,true,completed
BF_BF27_h8s20n11.txt,BBLCT,20,8,96,39,1200.0,1,1.0,6,6.2,5,665.16,48399.2,217771,true,completed
BF_BF27_h8s20n12.txt,BBLCT,20,8,96,39,1200.0,0,0.0,3,3.1,6,712.93,14523.7,82494,true,completed
BF_BF27_h8s20n13.txt,BBLCT,20,8,96,39,1200.0,0,0.0,2,2.1,7,983.28,275.0,2183,true,completed
BF_BF27_h8s20n14.txt,BBLCT,20,8,96,39,1200.0,2,2.1,5,5.2,11,1179.81,25888.5,103085,true,completed
BF_BF27_h8s20n15.txt,BBLCT,20,8,96,39,1200.0,1,1.0,3,3.1,7,914.69,595130.4,2422784,false,cpu_limit
BF_BF27_h8s20n16.txt,BBLCT,20,8,96,39,1200.0,0,0.0,10,10.4,10,1196.36,201834.7,1077220,true,completed
BF_BF27_h8s20n17.txt,BBLCT,20,8,96,39,1200.0,1,1.0,8,8.3,8,1015.10,595338.9,1716224,false,cpu_limit
BF_BF27_h8s20n18.txt,BBLCT,20,8,96,39,1200.0,0,0.0,5,5.2,9,1089.72,595036.3,2156544,false,cpu_limit
BF_BF27_h8s20n19.txt,BBLCT,20,8,96,39,1200.0,2,2.1,3,3.1,7,901.99,999.7,6232,true,completed
BF_BF27_h8s20n2.txt,BBLCT,20,8,96,39,1200.0,1,1.0,5,5.2,9,1172.47,1685.2,7199,true,completed
BF_BF27_h8s20n20.txt,BBLCT,20,8,96,39,1200.0,1,1.0,8,8.3,10,1175.64,39607.5,218014,true,completed
BF_BF27_h8s20n3.txt,BBLCT,20,8,96,39,1200.0,0,0.0,2,2.1,8,1074.54,107677.4,780840,true,completed
BF_BF27_h8s20n4.txt,BBLCT,20,8,96,39,1200.0,1,1.0,5,5.2,11,1192.00,59268.7,371541,true,completed
BF_BF27_h8s20n5.txt,BBLCT,20,8,96,39,1200.0,2,2.1,8,8.3,9,1150.42,54430.2,194162,true,completed
BF_BF27_h8s20n6.txt,BBLCT,20,8,96,39,1200.0,2,2.1,9,9.4,8,1029.47,407.4,2169,true,completed
BF_BF27_h8s20n7.txt,BBLCT,20,8,96,39,1200.0,0,0.0,5,5.2,6,776.42,2483.8,13437,true,completed
BF_BF27_h8s20n8.txt,BBLCT,20,8,96,39,1200.0,1,1.0,3,3.1,7,864.11,452.0,2956,true,completed
BF_BF27_h8s20n9.txt,BBLCT,20,8,96,39,1200.0,0,0.0,6,6.2,6,867.04,1639.4,9349,true,completed
BF_BF28_h8s20n1.txt,BBLCT,20,8,96,39,1200.0,1,1.0,5,5.2,6,734.68,595139.2,4476928,false,cpu_limit
BF_BF28_h8s20n10.txt,BBLCT,20,8,96,39,1200.0,1,1.0,5,5.2,9,1120.21,55931.0,364114,true,completed
BF_BF28_h8s20n11.txt,BBLCT,20,8,96,39,1200.0,1,1.0,4,4.2,3,347.71,1989.7,18303,true,completed
BF_BF28_h8s20n12.txt,BBLCT,20,8,96,39,1200.0,0,0.0,4,4.2,8,1022.38,167.3,1272,true,completed
BF_BF28_h8s20n13.txt,BBLCT,20,8,96,39,1200.0,1,1.0,4,4.2,9,1162.67,260207.1,919049,true,completed
BF_BF28_h8s20n14.txt,BBLCT,20,8,96,39,1200.0,1,1.0,3,3.1,9,1199.06,97.5,818,true,completed
BF_BF28_h8s20n15.txt,BBLCT,20,8,96,39,1200.0,0,0.0,8,8.3,10,1066.31,595159.0,3164160,false,cpu_limit
BF_BF28_h8s20n16.txt,BBLCT,20,8,96,39,1200.0,1,1.0,4,4.2,10,1191.28,234.1,1683,true,completed
BF_BF28_h8s20n17.txt,BBLCT,20,8,96,39,1200.0,1,1.0,4,4.2,8,1078.56,225.7,1729,true,completed
BF_BF28_h8s20n18.txt,BBLCT,20,8,96,39,1200.0,0,0.0,1,1.0,2,357.38,3385.6,32463,true,completed
BF_BF28_h8s20n19.txt,BBLCT,20,8,96,39,1200.0,0,0.0,3,3.1,7,675.00,595063.0,3062784,false,cpu_limit
BF_BF28_h8s20n2.txt,BBLCT,20,8,96,39,1200.0,0,0.0,4,4.2,9,1050.88,227.6,1904,true,completed
BF_BF28_h8s20n20.txt,BBLCT,20,8,96,39,1200.0,0,0.0,3,3.1,9,1193.88,413.9,3021,true,completed
BF_BF28_h8s20n3.txt,BBLCT,20,8,96,39,1200.0,0,0.0,8,8.3,10,1162.42,7921.0,70155,true,completed
BF_BF28_h8s20n4.txt,BBLCT,20,8,96,39,1200.0,0,0.0,2,2.1,7,917.31,595073.1,4476928,false,cpu_limit
BF_BF28_h8s20n5.txt,BBLCT,20,8,96,39,1200.0,0,0.0,3,3.1,9,1037.18,3658.8,28163,true,completed
BF_BF28_h8s20n6.txt,BBLCT,20,8,96,39,1200.0,0,0.0,4,4.2,10,1185.16,250.0,1429,true,completed
BF_BF28_h8s20n7.txt,BBLCT,20,8,96,39,1200.0,0,0.0,3,3.1,10,1021.77,283.1,2285,true,completed
BF_BF28_h8s20n8.txt,BBLCT,20,8,96,39,1200.0,0,0.0,3,3.1,9,1027.13,595138.3,2720768,false,cpu_limit
BF_BF28_h8s20n9.txt,BBLCT,20,8,96,39,1200.0,0,0.0,5,5.2,8,1026.92,287.9,1876,true,completed
BF_BF29_h8s20n1.txt,BBLCT,20,8,128,26,1200.0,1,0.8,7,5.5,11,1192.81,8244.0,50945,true,completed
BF_BF29_h8s20n10.txt,BBLCT,20,8,128,26,1200.0,0,0.0,4,3.1,8,892.92,184.0,1490,true,completed
BF_BF29_h8s20n11.txt,BBLCT,20,8,128,26,1200.0,1,0.8,3,2.3,7,784.66,251.6,1913,true,completed
BF_BF29_h8s20n12.txt,BBLCT,20,8,128,26,1200.0,0,0.0,4,3.1,11,1163.94,218.2,1742,true,completed
BF_BF29_h8s20n13.txt,BBLCT,20,8,128,26,1200.0,1,0.8,4,3.1,4,395.99,1053.6,7753,true,completed
BF_BF29_h8s20n14.txt,BBLCT,20,8,128,26,1200.0,1,0.8,3,2.3,7,723.11,595093.3,2897920,false,cpu_limit
BF_BF29_h8s20n15.txt,BBLCT,20,8,128,26,1200.0,2,1.6,9,7.0,11,1192.67,283035.6,3079450,true,completed
BF_BF29_h8s20n16.txt,BBLCT,20,8,128,26,1200.0,0,0.0,6,4.7,8,874.09,595046.0,2470912,false,cpu_limit
BF_BF29_h8s20n17.txt,BBLCT,20,8,128,26,1200.0,0,0.0,3,2.3,9,942.85,234.1,1924,true,completed
BF_BF29_h8s20n18.txt,BBLCT,20,8,128,26,1200.0,2,1.6,5,3.9,9,951.32,358.5,2392,true,completed
BF_BF29_h8s20n19.txt,BBLCT,20,8,128,26,1200.0,2,1.6,8,6.2,10,1115.01,595236.8,2550784,false,cpu_limit
BF_BF29_h8s20n2.txt,BBLCT,20,8,128,26,1200.0,0,0.0,3,2.3,8,1021.05,595079.2,2814976,false,cpu_limit
BF_BF29_h8s20n20.txt,BBLCT,20,8,128,26,1200.0,0,0.0,3,2.3,6,753.04,124.8,1164,true,completed
BF_BF29_h8s20n3.txt,BBLCT,20,8,128,26,1200.0,0,0.0,2,1.6,4,465.24,595223.9,2538496,false,cpu_limit
BF_BF29_h8s20n4.txt,BBLCT,20,8,128,26,1200.0,2,1.6,7,5.5,10,1170.78,314.9,1486,true,completed
BF_BF29_h8s20n5.txt,BBLCT,20,8,128,26,1200.0,2,1.6,7,5.5,9,1012.47,595103.7,2383872,false,cpu_limit
BF_BF29_h8s20n6.txt,BBLCT,20,8,128,26,1200.0,0,0.0,5,3.9,11,1197.74,82869.7,375035,true,completed
BF_BF29_h8s20n7.txt,BBLCT,20,8,128,26,1200.0,0,0.0,3,2.3,9,966.37,595225.5,2749440,false,cpu_limit
BF_BF29_h8s20n8.txt,BBLCT,20,8,128,26,1200.0,1,0.8,5,3.9,10,1109.92,595193.7,2821120,false,cpu_limit
BF_BF29_h8s20n9.txt,BBLCT,20,8,128,26,1200.0,2,1.6,6,4.7,10,1198.22,3866.3,17578,true,completed
BF_BF2_h5s16n1.txt,BBLCT,16,5,48,10,1200.0,1,2.1,6,12.5,10,1062.77,32.8,827,true,completed
BF_BF2_h5s16n10.txt,BBLCT,16,5,48,10,1200.0,2,4.2,11,22.9,11,1192.28,98450.5,1197853,true,completed
BF_BF2_h5s16n11.txt,BBLCT,16,5,48,10,1200.0,2,4.2,9,18.8,10,1191.82,275.3,4067,true,completed
BF_BF2_h5s16n12.txt,BBLCT,16,5,48,10,1200.0,1,2.1,13,27.1,10,1150.58,23.2,631,true,completed
BF_BF2_h5s16n13.txt,BBLCT,16,5,48,10,1200.0,1,2.1,7,14.6,8,851.36,595092.3,6750208,false,cpu_limit
BF_BF2_h5s16n14.txt,BBLCT,16,5,48,10,1200.0,1,2.1,8,16.7,11,1185.14,57.4,1138,true,completed
BF_BF2_h5s16n15.txt,BBLCT,16,5,48,10,1200.0,1,2.1,4,8.3,7,869.88,34606.1,803485,true,completed
BF_BF2_h5s16n16.txt,BBLCT,16,5,48,10,1200.0,0,0.0,7,14.6,10,1123.14,32112.6,812556,true,completed
BF_BF2_h5s16n17.txt,BBLCT,16,5,48,10,1200.0,2,4.2,8,16.7,10,1108.43,37.3,811,true,completed
BF_BF2_h5s16n18.txt,BBLCT,16,5,48,10,1200.0,1,2.1,6,12.5,11,1198.82,18818.0,282248,true,completed
BF_BF2_h5s16n19.txt,BBLCT,16,5,48,10,1200.0,0,0.0,8,16.7,11,1193.69,780.5,12021,true,completed
BF_BF2_h5s16n2.txt,BBLCT,16,5,48,10,1200.0,1,2.1,11,22.9,12,1190.03,1990.0,38268,true,completed
BF_BF2_h5s16n20.txt,BBLCT,16,5,48,10,1200.0,1,2.1,6,12.5,8,812.96,25962.6,619299,true,completed
BF_BF2_h5s16n3.txt,BBLCT,16,5,48,10,1200.0,1,2.1,4,8.3,8,924.60,595.8,16533,true,completed
BF_BF2_h5s16n4.txt,BBLCT,16,5,48,10,1200.0,2,4.2,10,20.8,10,1021.26,595062.6,7439360,false,cpu_limit
BF_BF2_h5s16n5.txt,BBLCT,16,5,48,10,1200.0,1,2.1,9,18.8,9,976.43,33.7,800,true,completed
BF_BF2_h5s16n6.txt,BBLCT,16,5,48,10,1200.0,1,2.1,4,8.3,9,1010.14,26.6,761,true,completed
BF_BF2_h5s16n7.txt,BBLCT,16,5,48,10,1200.0,4,8.3,9,18.8,9,962.70,595061.3,7619584,false,cpu_limit
BF_BF2_h5s16n8.txt,BBLCT,16,5,48,10,1200.0,0,0.0,7,14.6,11,1182.28,1616.8,25340,true,completed
BF_BF2_h5s16n9.txt,BBLCT,16,5,48,10,1200.0,1,2.1,7,14.6,10,1017.25,595079.4,6922240,false,cpu_limit
BF_BF30_h8s20n1.txt,BBLCT,20,8,128,26,1200.0,1,0.8,4,3.1,7,652.96,153.4,1362,true,completed
BF_BF30_h8s20n10.txt,BBLCT,20,8,128,26,1200.0,0,0.0,3,2.3,8,829.69,595166.6,2567168,false,cpu_limit
BF_BF30_h8s20n11.txt,BBLCT,20,8,128,26,1200.0,2,1.6,4,3.1,7,782.49,123.3,1199,true,completed
BF_BF30_h8s20n12.txt,BBLCT,20,8,128,26,1200.0,0,0.0,2,1.6,7,760.80,595066.8,3454976,false,cpu_limit
BF_BF30_h8s20n13.txt,BBLCT,20,8,128,26,1200.0,1,0.8,5,3.9,11,1199.54,26155.5,257448,true,completed
BF_BF30_h8s20n14.txt,BBLCT,20,8,128,26,1200.0,1,0.8,1,0.8,0,0.00,595081.5,16503808,false,cpu_limit
BF_BF30_h8s20n15.txt,BBLCT,20,8,128,26,1200.0,1,0.8,3,2.3,8,860.54,595186.3,2552832,false,cpu_limit
BF_BF30_h8s20n16.txt,BBLCT,20,8,128,26,1200.0,1,0.8,7,5.5,10,1056.62,323282.3,1216654,true,completed
BF_BF30_h8s20n17.txt,BBLCT,20,8,128,26,1200.0,1,0.8,5,3.9,11,1198.22,352870.7,3745026,true,completed
BF_BF30_h8s20n18.txt,BBLCT,20,8,128,26,1200.0,1,0.8,2,1.6,5,592.33,82.4,820,true,completed
BF_BF30_h8s20n19.txt,BBLCT,20,8,128,26,1200.0,0,0.0,6,4.7,10,1156.37,67502.7,494437,true,completed
BF_BF30_h8s20n2.txt,BBLCT,20,8,128,26,1200.0,1,0.8,3,2.3,11,1166.09,295.3,2264,true,completed
BF_BF30_h8s20n20.txt,BBLCT,20,8,128,26,1200.0,2,1.6,3,2.3,8,787.98,595241.4,2843648,false,cpu_limit
BF_BF30_h8s20n3.txt,BBLCT,20,8,128,26,1200.0,1,0.8,6,4.7,11,1185.89,12529.0,60483,true,completed
BF_BF30_h8s20n4.txt,BBLCT,20,8,128,26,1200.0,1,0.8,5,3.9,9,1057.97,595113.3,3201024,false,cpu_limit
BF_BF30_h8s20n5.txt,BBLCT,20,8,128,26,1200.0,1,0.8,3,2.3,5,677.72,595202.1,3449856,false,cpu_limit
BF_BF30_h8s20n6.txt,BBLCT,20,8,128,26,1200.0,0,0.0,3,2.3,8,840.91,148.0,1323,true,completed
BF_BF30_h8s20n7.txt,BBLCT,20,8,128,26,1200.0,2,1.6,9,7.0,10,1188.40,595216.1,3048448,false,cpu_limit
BF_BF30_h8s20n8.txt,BBLCT,20,8,128,26,1200.0,1,0.8,3,2.3,7,743.53,595182.4,2866176,false,cpu_limit
BF_BF30_h8s20n9.txt,BBLCT,20,8,128,26,1200.0,3,2.3,5,3.9,6,672.69,397.3,3269,true,completed
BF_BF31_h8s20n1.txt,BBLCT,20,8,128,52,1200.0,0,0.0,1,0.8,3,391.38,140.9,921,true,completed
BF_BF31_h8s20n10.txt,BBLCT,20,8,128,52,1200.0,0,0.0,4,3.1,7,776.16,318.4,1835,true,completed
BF_BF31_h8s20n11.txt,BBLCT,20,8,128,52,1200.0,0,0.0,2,1.6,6,684.99,190.9,1366,true,completed
BF_BF31_h8s20n12.txt,BBLCT,20,8,128,52,1200.0,1,0.8,4,3.1,8,930.88,595279.5,2373632,false,cpu_limit
BF_BF31_h8s20n13.txt,BBLCT,20,8,128,52,1200.0,1,0.8,7,5.5,9,971.58,595154.6,2475008,false,cpu_limit
BF_BF31_h8s20n14.txt,BBLCT,20,8,128,52,1200.0,0,0.0,3,2.3,8,896.82,161.7,1399,true,completed
BF_BF31_h8s20n15.txt,BBLCT,20,8,128,52,1200.0,0,0.0,7,5.5,11,1194.56,244.7,1587,true,completed
BF_BF31_h8s20n16.txt,BBLCT,20,8,128,52,1200.0,2,1.6,6,4.7,10,1114.76,229.4,1590,true,completed
BF_BF31_h8s20n17.txt,BBLCT,20,8,128,52,1200.0,0,0.0,4,3.1,11,1171.46,195.8,1322,true,completed
BF_BF31_h8s20n18.txt,BBLCT,20,8,128,52,1200.0,0,0.0,5,3.9,10,975.20,595141.5,4099072,false,cpu_limit
BF_BF31_h8s20n19.txt,BBLCT,20,8,128,52,1200.0,0,0.0,2,1.6,7,788.07,227.3,1579,true,completed
BF_BF31_h8s20n2.txt,BBLCT,20,8,128,52,1200.0,3,2.3,6,4.7,10,1197.53,1218.4,4514,true,completed
BF_BF31_h8s20n20.txt,BBLCT,20,8,128,52,1200.0,0,0.0,3,2.3,9,1169.03,541.9,3281,true,completed
BF_BF31_h8s20n3.txt,BBLCT,20,8,128,52,1200.0,3,2.3,6,4.7,9,1041.81,226.4,1674,true,completed
BF_BF31_h8s20n4.txt,BBLCT,20,8,128,52,1200.0,2,1.6,5,3.9,7,938.64,143095.8,569232,true,completed
BF_BF31_h8s20n5.txt,BBLCT,20,8,128,52,1200.0,0,0.0,5,3.9,11,1191.69,274.9,1616,true,completed
BF_BF31_h8s20n6.txt,BBLCT,20,8,128,52,1200.0,1,0.8,3,2.3,8,1058.30,1509.9,6063,true,completed
BF_BF31_h8s20n7.txt,BBLCT,20,8,128,52,1200.0,0,0.0,3,2.3,7,891.98,206.9,1936,true,completed
BF_BF31_h8s20n8.txt,BBLCT,20,8,128,52,1200.0,0,0.0,4,3.1,10,1153.74,189.8,1451,true,completed
BF_BF31_h8s20n9.txt,BBLCT,20,8,128,52,1200.0,1,0.8,5,3.9,7,737.64,595070.9,3706880,false,cpu_limit
BF_BF32_h8s20n1.txt,BBLCT,20,8,128,52,1200.0,0,0.0,4,3.1,9,957.42,109.2,1137,true,completed
BF_BF32_h8s20n10.txt,BBLCT,20,8,128,52,1200.0,0,0.0,2,1.6,7,873.68,339.2,3762,true,completed
BF_BF32_h8s20n11.txt,BBLCT,20,8,128,52,1200.0,0,0.0,4,3.1,11,1194.98,274558.1,1690576,true,completed
BF_BF32_h8s20n12.txt,BBLCT,20,8,128,52,1200.0,1,0.8,5,3.9,9,935.11,595034.8,2631680,false,cpu_limit
BF_BF32_h8s20n13.txt,BBLCT,20,8,128,52,1200.0,1,0.8,4,3.1,9,1004.97,209.6,1563,true,completed
BF_BF32_h8s20n14.txt,BBLCT,20,8,128,52,1200.0,0,0.0,2,1.6,7,882.11,387.9,1635,true,completed
BF_BF32_h8s20n15.txt,BBLCT,20,8,128,52,1200.0,0,0.0,3,2.3,7,940.17,595056.0,3195904,false,cpu_limit
BF_BF32_h8s20n16.txt,BBLCT,20,8,128,52,1200.0,1,0.8,6,4.7,9,1188.80,23278.5,86672,true,completed
BF_BF32_h8s20n17.txt,BBLCT,20,8,128,52,1200.0,0,0.0,4,3.1,10,1055.56,326.3,2174,true,completed
BF_BF32_h8s20n18.txt,BBLCT,20,8,128,52,1200.0,0,0.0,4,3.1,8,903.15,192.7,1490,true,completed
BF_BF32_h8s20n19.txt,BBLCT,20,8,128,52,1200.0,1,0.8,3,2.3,5,461.53,228.9,2064,true,completed
BF_BF32_h8s20n2.txt,BBLCT,20,8,128,52,1200.0,0,0.0,6,4.7,11,1182.39,595109.9,2271232,false,cpu_limit
BF_BF32_h8s20n20.txt,BBLCT,20,8,128,52,1200.0,0,0.0,1,0.8,3,399.43,73.0,796,true,completed
BF_BF32_h8s20n3.txt,BBLCT,20,8,128,52,1200.0,1,0.8,3,2.3,9,1079.44,169.7,1069,true,completed
BF_BF32_h8s20n4.txt,BBLCT,20,8,128,52,1200.0,1,0.8,3,2.3,7,717.79,202.3,1527,true,completed
BF_BF32_h8s20n5.txt,BBLCT,20,8,128,52,1200.0,0,0.0,2,1.6,5,558.76,595058.6,5021696,false,cpu_limit
BF_BF32_h8s20n6.txt,BBLCT,20,8,128,52,1200.0,0,0.0,4,3.1,6,761.09,174.2,1202,true,completed
BF_BF32_h8s20n7.txt,BBLCT,20,8,128,52,1200.0,0,0.0,6,4.7,10,1195.80,175049.1,821936,true,completed
BF_BF32_h8s20n8.txt,BBLCT,20,8,128,52,1200.0,0,0.0,3,2.3,8,1008.48,212.4,2174,true,completed
BF_BF32_h8s20n9.txt,BBLCT,20,8,128,52,1200.0,0,0.0,2,1.6,10,1199.59,170.8,754,true,completed
BF_BF3_h5s16n1.txt,BBLCT,16,5,48,20,1200.0,1,2.1,14,29.2,11,1198.86,347.6,5903,true,completed
BF_BF3_h5s16n10.txt,BBLCT,16,5,48,20,1200.0,1,2.1,11,22.9,10,1152.60,147275.1,2302403,true,completed
BF_BF3_h5s16n11.txt,BBLCT,16,5,48,20,1200.0,0,0.0,10,20.8,11,1145.62,381.0,3970,true,completed
BF_BF3_h5s16n12.txt,BBLCT,16,5,48,20,1200.0,1,2.1,9,18.8,12,1199.63,20633.4,353497,true,completed
BF_BF3_h5s16n13.txt,BBLCT,16,5,48,20,1200.0,1,2.1,9,18.8,11,1196.19,101396.6,1412515,true,completed
BF_BF3_h5s16n14.txt,BBLCT,16,5,48,20,1200.0,2,4.2,8,16.7,10,1000.01,595061.7,4676608,false,cpu_limit
BF_BF3_h5s16n15.txt,BBLCT,16,5,48,20,1200.0,0,0.0,13,27.1,11,1197.20,168.6,3054,true,completed
BF_BF3_h5s16n16.txt,BBLCT,16,5,48,20,1200.0,1,2.1,18,37.5,12,1196.97,12994.8,183025,true,completed
BF_BF3_h5s16n17.txt,BBLCT,16,5,48,20,1200.0,1,2.1,10,20.8,10,1120.81,338447.9,2665554,true,completed
BF_BF3_h5s16n18.txt,BBLCT,16,5,48,20,1200.0,2,4.2,6,12.5,10,1081.60,929.1,16512,true,completed
BF_BF3_h5s16n19.txt,BBLCT,16,5,48,20,1200.0,1,2.1,8,16.7,12,1196.19,129.4,1524,true,completed
BF_BF3_h5s16n2.txt,BBLCT,16,5,48,20,1200.0,0,0.0,9,18.8,11,1197.52,290923.4,2647831,true,completed
BF_BF3_h5s16n20.txt,BBLCT,16,5,48,20,1200.0,1,2.1,8,16.7,11,1123.21,595065.6,6919168,false,cpu_limit
BF_BF3_h5s16n3.txt,BBLCT,16,5,48,20,1200.0,2,4.2,13,27.1,11,1193.63,91.4,1308,true,completed
BF_BF3_h5s16n4.txt,BBLCT,16,5,48,20,1200.0,1,2.1,8,16.7,8,846.71,595073.0,9974784,false,cpu_limit
BF_BF3_h5s16n5.txt,BBLCT,16,5,48,20,1200.0,1,2.1,9,18.8,11,1195.93,121.7,1765,true,completed
BF_BF3_h5s16n6.txt,BBLCT,16,5,48,20,1200.0,1,2.1,9,18.8,12,1198.26,13925.9,105475,true,completed
BF_BF3_h5s16n7.txt,BBLCT,16,5,48,20,1200.0,1,2.1,8,16.7,9,887.27,595045.3,8302592,false,cpu_limit
BF_BF3_h5s16n8.txt,BBLCT,16,5,48,20,1200.0,0,0.0,10,20.8,10,979.99,595085.3,5423104,false,cpu_limit
BF_BF3_h5s16n9.txt,BBLCT,16,5,48,20,1200.0,1,2.1,5,10.4,10,1140.72,62.1,1024,true,completed
BF_BF4_h5s16n1.txt,BBLCT,16,5,48,20,1200.0,0,0.0,6,12.5,11,1199.30,25.1,576,true,completed
BF_BF4_h5s16n10.txt,BBLCT,16,5,48,20,1200.0,0,0.0,9,18.8,11,1180.28,58.3,945,true,completed
BF_BF4_h5s16n11.txt,BBLCT,16,5,48,20,1200.0,0,0.0,7,14.6,11,1193.59,50091.6,999569,true,completed
BF_BF4_h5s16n12.txt,BBLCT,16,5,48,20,1200.0,0,0.0,6,12.5,8,808.53,30240.0,635116,true,completed
BF_BF4_h5s16n13.txt,BBLCT,16,5,48,20,1200.0,1,2.1,11,22.9,8,873.89,35103.4,749073,true,completed
BF_BF4_h5s16n14.txt,BBLCT,16,5,48,20,1200.0,1,2.1,14,29.2,10,997.90,595054.1,7514112,false,cpu_limit
BF_BF4_h5s16n15.txt,BBLCT,16,5,48,20,1200.0,0,0.0,4,8.3,9,907.27,119.2,3443,true,completed
BF_BF4_h5s16n16.txt,BBLCT,16,5,48,20,1200.0,1,2.1,7,14.6,9,1012.55,47.7,845,true,completed
BF_BF4_h5s16n17.txt,BBLCT,16,5,48,20,1200.0,1,2.1,7,14.6,9,979.45,119889.6,2198765,true,completed
BF_BF4_h5s16n18.txt,BBLCT,16,5,48,20,1200.0,1,2.1,6,12.5,8,882.58,122778.9,3284619,true,completed
BF_BF4_h5s16n19.txt,BBLCT,16,5,48,20,1200.0,1,2.1,10,20.8,11,1180.67,3826.7,46294,true,completed
BF_BF4_h5s16n2.txt,BBLCT,16,5,48,20,1200.0,1,2.1,7,14.6,10,1110.07,830.1,16685,true,completed
BF_BF4_h5s16n20.txt,BBLCT,16,5,48,20,1200.0,1,2.1,10,20.8,11,1191.41,259.8,2756,true,completed
BF_BF4_h5s16n3.txt,BBLCT,16,5,48,20,1200.0,0,0.0,12,25.0,8,790.32,595085.9,10570752,false,cpu_limit
BF_BF4_h5s16n4.txt,BBLCT,16,5,48,20,1200.0,0,0.0,5,10.4,8,987.87,36.9,730,true,completed
BF_BF4_h5s16n5.txt,BBLCT,16,5,48,20,1200.0,0,0.0,3,6.2,7,822.64,13397.8,343828,true,completed
BF_BF4_h5s16n6.txt,BBLCT,16,5,48,20,1200.0,2,4.2,12,25.0,11,1197.56,6625.3,78657,true,completed
BF_BF4_h5s16n7.txt,BBLCT,16,5,48,20,1200.0,0,0.0,8,16.7,10,1153.56,1300.8,31810,true,completed
BF_BF4_h5s16n8.txt,BBLCT,16,5,48,20,1200.0,0,0.0,3,6.2,10,1142.27,595033.9,7192576,false,cpu_limit
BF_BF4_h5s16n9.txt,BBLCT,16,5,48,20,1200.0,0,0.0,4,8.3,9,987.88,595032.2,13590528,false,cpu_limit
BF_BF5_h5s16n1.txt,BBLCT,16,5,64,13,1200.0,1,1.6,6,9.4,9,953.80,595056.8,7689216,false,cpu_limit
BF_BF5_h5s16n10.txt,BBLCT,16,5,64,13,1200.0,1,1.6,16,25.0,12,1199.02,386857.0,4545278,true,completed
BF_BF5_h5s16n11.txt,BBLCT,16,5,64,13,1200.0,1,1.6,7,10.9,9,968.34,595104.4,6608896,false,cpu_limit
BF_BF5_h5s16n12.txt,BBLCT,16,5,64,13,1200.0,1,1.6,9,14.1,10,973.09,595121.4,5859328,false,cpu_limit
BF_BF5_h5s16n13.txt,BBLCT,16,5,64,13,1200.0,0,0.0,7,10.9,11,1015.32,595086.3,6257664,false,cpu_limit
BF_BF5_h5s16n14.txt,BBLCT,16,5,64,13,1200.0,2,3.1,8,12.5,9,932.05,595036.6,10331136,false,cpu_limit
BF_BF5_h5s16n15.txt,BBLCT,16,5,64,13,1200.0,3,4.7,8,12.5,10,1102.01,745.8,15855,true,completed
BF_BF5_h5s16n16.txt,BBLCT,16,5,64,13,1200.0,1,1.6,4,6.2,7,728.47,571332.4,17009037,true,completed
BF_BF5_h5s16n17.txt,BBLCT,16,5,64,13,1200.0,1,1.6,9,14.1,9,885.00,595118.6,6459392,false,cpu_limit
BF_BF5_h5s16n18.txt,BBLCT,16,5,64,13,1200.0,1,1.6,5,7.8,10,1032.04,595068.6,7630848,false,cpu_limit
BF_BF5_h5s16n19.txt,BBLCT,16,5,64,13,1200.0,2,3.1,8,12.5,12,1199.81,29117.6,418030,true,completed
BF_BF5_h5s16n2.txt,BBLCT,16,5,64,13,1200.0,1,1.6,12,18.8,12,1199.04,81169.4,1038475,true,completed
BF_BF5_h5s16n20.txt,BBLCT,16,5,64,13,1200.0,2,3.1,9,14.1,11,1184.22,12628.9,163057,true,completed
BF_BF5_h5s16n3.txt,BBLCT,16,5,64,13,1200.0,2,3.1,9,14.1,8,862.65,5478.4,114041,true,completed
BF_BF5_h5s16n4.txt,BBLCT,16,5,64,13,1200.0,4,6.2,16,25.0,12,1198.79,5985.3,64513,true,completed
BF_BF5_h5s16n5.txt,BBLCT,16,5,64,13,1200.0,1,1.6,13,20.3,11,1197.93,372207.2,4504000,true,completed
BF_BF5_h5s16n6.txt,BBLCT,16,5,64,13,1200.0,0,0.0,12,18.8,12,1196.61,595108.1,6171648,false,cpu_limit
BF_BF5_h5s16n7.txt,BBLCT,16,5,64,13,1200.0,0,0.0,7,10.9,12,1198.33,532498.8,6108316,true,completed
BF_BF5_h5s16n8.txt,BBLCT,16,5,64,13,1200.0,0,0.0,4,6.2,10,1053.58,50.2,1055,true,completed
BF_BF5_h5s16n9.txt,BBLCT,16,5,64,13,1200.0,1,1.6,8,12.5,12,1195.36,69.1,1260,true,completed
BF_BF6_h5s16n1.txt,BBLCT,16,5,64,13,1200.0,2,3.1,10,15.6,11,1197.66,281002.0,5501889,true,completed
BF_BF6_h5s16n10.txt,BBLCT,16,5,64,13,1200.0,1,1.6,9,14.1,11,1190.00,171.1,2922,true,completed
BF_BF6_h5s16n11.txt,BBLCT,16,5,64,13,1200.0,0,0.0,3,4.7,7,803.12,33801.3,1158374,true,completed
BF_BF6_h5s16n12.txt,BBLCT,16,5,64,13,1200.0,0,0.0,6,9.4,8,874.14,595050.7,7416832,false,cpu_limit
BF_BF6_h5s16n13.txt,BBLCT,16,5,64,13,1200.0,2,3.1,5,7.8,9,1075.31,160232.8,2617054,true,completed
BF_BF6_h5s16n14.txt,BBLCT,16,5,64,13,1200.0,1,1.6,12,18.8,9,878.17,595057.3,12086272,false,cpu_limit
BF_BF6_h5s16n15.txt,BBLCT,16,5,64,13,1200.0,0,0.0,13,20.3,11,1191.44,7518.4,113111,true,completed
BF_BF6_h5s16n16.txt,BBLCT,16,5,64,13,1200.0,2,3.1,10,15.6,11,1145.30,76516.0,1960504,true,completed
BF_BF6_h5s16n17.txt,BBLCT,16,5,64,13,1200.0,0,0.0,5,7.8,10,1180.49,368942.0,5927387,true,completed
BF_BF6_h5s16n18.txt,BBLCT,16,5,64,13,1200.0,0,0.0,7,10.9,11,1162.24,102.4,1473,true,completed
BF_BF6_h5s16n19.txt,BBLCT,16,5,64,13,1200.0,2,3.1,7,10.9,9,982.27,17694.7,254508,true,completed
BF_BF6_h5s16n2.txt,BBLCT,16,5,64,13,1200.0,1,1.6,4,6.2,7,745.75,220643.1,6075429,true,completed
BF_BF6_h5s16n20.txt,BBLCT,16,5,64,13,1200.0,0,0.0,10,15.6,12,1199.49,18280.2,236935,true,completed
BF_BF6_h5s16n3.txt,BBLCT,16,5,64,13,1200.0,2,3.1,8,12.5,8,874.25,25738.5,664799,true,completed
BF_BF6_h5s16n4.txt,BBLCT,16,5,64,13,1200.0,0,0.0,4,6.2,10,1165.91,18.3,564,true,completed
BF_BF6_h5s16n5.txt,BBLCT,16,5,64,13,1200.0,2,3.1,5,7.8,7,804.79,595081.1,9843712,false,cpu_limit
BF_BF6_h5s16n6.txt,BBLCT,16,5,64,13,1200.0,0,0.0,4,6.2,10,1149.39,18.9,577,true,completed
BF_BF6_h5s16n7.txt,BBLCT,16,5,64,13,1200.0,0,0.0,8,12.5,11,1167.97,45695.7,566762,true,completed
BF_BF6_h5s16n8.txt,BBLCT,16,5,64,13,1200.0,1,1.6,11,17.2,10,1180.98,23.4,679,true,completed
BF_BF6_h5s16n9.txt,BBLCT,16,5,64,13,1200.0,5,7.8,11,17.2,10,1113.67,89837.5,1092093,true,completed
BF_BF7_h5s16n1.txt,BBLCT,16,5,64,26,1200.0,1,1.6,8,12.5,11,1182.42,11453.9,153094,true,completed
BF_BF7_h5s16n10.txt,BBLCT,16,5,64,26,1200.0,2,3.1,9,14.1,11,1195.13,8912.5,143362,true,completed
BF_BF7_h5s16n11.txt,BBLCT,16,5,64,26,1200.0,1,1.6,8,12.5,12,1180.66,20554.4,185022,true,completed
BF_BF7_h5s16n12.txt,BBLCT,16,5,64,26,1200.0,1,1.6,10,15.6,10,1182.48,48254.6,1039540,true,completed
BF_BF7_h5s16n13.txt,BBLCT,16,5,64,26,1200.0,0,0.0,7,10.9,10,1008.98,595061.9,9692160,false,cpu_limit
BF_BF7_h5s16n14.txt,BBLCT,16,5,64,26,1200.0,1,1.6,5,7.8,9,1002.22,12353.5,298617,true,completed
BF_BF7_h5s16n15.txt,BBLCT,16,5,64,26,1200.0,2,3.1,10,15.6,11,1198.04,48654.2,965327,true,completed
BF_BF7_h5s16n16.txt,BBLCT,16,5,64,26,1200.0,1,1.6,9,14.1,11,1196.30,470302.0,5081820,true,completed
BF_BF7_h5s16n17.txt,BBLCT,16,5,64,26,1200.0,0,0.0,4,6.2,9,871.68,595074.4,5129216,false,cpu_limit
BF_BF7_h5s16n18.txt,BBLCT,16,5,64,26,1200.0,3,4.7,6,9.4,8,884.56,1459.2,26788,true,completed
BF_BF7_h5s16n19.txt,BBLCT,16,5,64,26,1200.0,0,0.0,9,14.1,10,1071.53,595049.4,9478144,false,cpu_limit
BF_BF7_h5s16n2.txt,BBLCT,16,5,64,26,1200.0,1,1.6,8,12.5,8,928.50,5462.5,101105,true,completed
BF_BF7_h5s16n20.txt,BBLCT,16,5,64,26,1200.0,1,1.6,9,14.1,11,1179.24,8223.9,76860,true,completed
BF_BF7_h5s16n3.txt,BBLCT,16,5,64,26,1200.0,1,1.6,7,10.9,10,1072.01,595082.8,12189696,false,cpu_limit
BF_BF7_h5s16n4.txt,BBLCT,16,5,64,26,1200.0,2,3.1,12,18.8,10,1002.88,595097.7,5897216,false,cpu_limit
BF_BF7_h5s16n5.txt,BBLCT,16,5,64,26,1200.0,0,0.0,6,9.4,11,1190.86,595080.2,12208128,false,cpu_limit
BF_BF7_h5s16n6.txt,BBLCT,16,5,64,26,1200.0,1,1.6,9,14.1,12,1199.48,595116.0,5815296,false,cpu_limit
BF_BF7_h5s16n7.txt,BBLCT,16,5,64,26,1200.0,1,1.6,8,12.5,10,1011.81,595072.2,6745088,false,cpu_limit
BF_BF7_h5s16n8.txt,BBLCT,16,5,64,26,1200.0,0,0.0,10,15.6,10,1007.46,595054.4,6453248,false,cpu_limit
BF_BF7_h5s16n9.txt,BBLCT,16,5,64,26,1200.0,0,0.0,9,14.1,11,1104.04,1160.2,21094,true,completed
BF_BF8_h5s16n1.txt,BBLCT,16,5,64,26,1200.0,1,1.6,9,14.1,10,1037.55,595072.8,7353344,false,cpu_limit
BF_BF8_h5s16n10.txt,BBLCT,16,5,64,26,1200.0,0,0.0,3,4.7,8,807.52,47450.4,1236212,true,completed
BF_BF8_h5s16n11.txt,BBLCT,16,5,64,26,1200.0,0,0.0,11,17.2,11,1198.42,595048.6,9799680,false,cpu_limit
BF_BF8_h5s16n12.txt,BBLCT,16,5,64,26,1200.0,0,0.0,6,9.4,8,861.66,595056.9,7566336,false,cpu_limit
BF_BF8_h5s16n13.txt,BBLCT,16,5,64,26,1200.0,0,0.0,4,6.2,8,910.82,12636.4,411799,true,completed
BF_BF8_h5s16n14.txt,BBLCT,16,5,64,26,1200.0,0,0.0,6,9.4,9,1130.10,54.7,863,true,completed
BF_BF8_h5s16n15.txt,BBLCT,16,5,64,26,1200.0,1,1.6,9,14.1,11,1175.77,20.9,608,true,completed
BF_BF8_h5s16n16.txt,BBLCT,16,5,64,26,1200.0,1,1.6,6,9.4,11,1194.88,227.3,3506,true,completed
BF_BF8_h5s16n17.txt,BBLCT,16,5,64,26,1200.0,0,0.0,5,7.8,9,1032.15,148.2,4588,true,completed
BF_BF8_h5s16n18.txt,BBLCT,16,5,64,26,1200.0,1,1.6,9,14.1,11,1195.82,66380.7,1471868,true,completed
BF_BF8_h5s16n19.txt,BBLCT,16,5,64,26,1200.0,1,1.6,5,7.8,9,1035.26,33.0,678,true,completed
BF_BF8_h5s16n2.txt,BBLCT,16,5,64,26,1200.0,0,0.0,6,9.4,8,811.28,135160.1,2580987,true,completed
BF_BF8_h5s16n20.txt,BBLCT,16,5,64,26,1200.0,1,1.6,7,10.9,11,1185.92,17512.7,237208,true,completed
BF_BF8_h5s16n3.txt,BBLCT,16,5,64,26,1200.0,1,1.6,7,10.9,11,1174.95,8434.8,221086,true,completed
BF_BF8_h5s16n4.txt,BBLCT,16,5,64,26,1200.0,1,1.6,9,14.1,10,1189.27,402265.3,7851180,true,completed
BF_BF8_h5s16n5.txt,BBLCT,16,5,64,26,1200.0,1,1.6,10,15.6,11,1192.46,172.5,3209,true,completed
BF_BF8_h5s16n6.txt,BBLCT,16,5,64,26,1200.0,0,0.0,7,10.9,10,1020.44,595075.2,11540480,false,cpu_limit
BF_BF8_h5s16n7.txt,BBLCT,16,5,64,26,1200.0,2,3.1,7,10.9,11,1199.33,268498.3,3320103,true,completed
BF_BF8_h5s16n8.txt,BBLCT,16,5,64,26,1200.0,1,1.6,10,15.6,10,1038.34,595090.7,6209536,false,cpu_limit
BF_BF8_h5s16n9.txt,BBLCT,16,5,64,26,1200.0,1,1.6,5,7.8,9,999.04,34.4,651,true,completed
BF_BF9_h8s16n1.txt,BBLCT,16,8,77,16,1200.0,0,0.0,2,2.6,5,678.65,73.6,883,true,completed
BF_BF9_h8s16n10.txt,BBLCT,16,8,77,16,1200.0,1,1.3,4,5.2,9,1088.43,142.0,1642,true,completed
BF_BF9_h8s16n11.txt,BBLCT,16,8,77,16,1200.0,2,2.6,7,9.1,7,886.46,595101.9,4680704,false,cpu_limit
BF_BF9_h8s16n12.txt,BBLCT,16,8,77,16,1200.0,1,1.3,3,3.9,5,780.02,106.1,1442,true,completed
BF_BF9_h8s16n13.txt,BBLCT,16,8,77,16,1200.0,1,1.3,4,5.2,8,932.34,125.9,1523,true,completed
BF_BF9_h8s16n14.txt,BBLCT,16,8,77,16,1200.0,2,2.6,4,5.2,8,1016.95,117.2,1515,true,completed
BF_BF9_h8s16n15.txt,BBLCT,16,8,77,16,1200.0,3,3.9,8,10.4,9,1139.30,103658.4,742368,true,completed
BF_BF9_h8s16n16.txt,BBLCT,16,8,77,16,1200.0,1,1.3,8,10.4,8,1134.65,94.2,1160,true,completed
BF_BF9_h8s16n17.txt,BBLCT,16,8,77,16,1200.0,2,2.6,4,5.2,9,1199.08,107.1,871,true,completed
BF_BF9_h8s16n18.txt,BBLCT,16,8,77,16,1200.0,3,3.9,5,6.5,8,958.80,124.1,1748,true,completed
BF_BF9_h8s16n19.txt,BBLCT,16,8,77,16,1200.0,1,1.3,4,5.2,6,805.04,595169.5,4127744,false,cpu_limit
BF_BF9_h8s16n2.txt,BBLCT,16,8,77,16,1200.0,1,1.3,3,3.9,4,583.10,73.5,896,true,completed
BF_BF9_h8s16n20.txt,BBLCT,16,8,77,16,1200.0,1,1.3,5,6.5,8,1157.30,595164.6,4096000,false,cpu_limit
BF_BF9_h8s16n3.txt,BBLCT,16,8,77,16,1200.0,1,1.3,3,3.9,9,898.31,595099.5,4081664,false,cpu_limit
BF_BF9_h8s16n4.txt,BBLCT,16,8,77,16,1200.0,1,1.3,3,3.9,6,764.85,101.4,1164,true,completed
BF_BF9_h8s16n5.txt,BBLCT,16,8,77,16,1200.0,3,3.9,4,5.2,5,691.07,98.6,1133,true,completed
BF_BF9_h8s16n6.txt,BBLCT,16,8,77,16,1200.0,1,1.3,4,5.2,9,1171.72,161901.6,1196682,true,completed
BF_BF9_h8s16n7.txt,BBLCT,16,8,77,16,1200.0,1,1.3,7,9.1,9,1122.57,2667.4,17069,true,completed
BF_BF9_h8s16n8.txt,BBLCT,16,8,77,16,1200.0,4,5.2,7,9.1,6,762.01,102.5,1159,true,completed
BF_BF9_h8s16n9.txt,BBLCT,16,8,77,16,1200.0,1,1.3,8,10.4,8,1142.82,589.2,4673,true,completed
CV_h12s10n1.txt,BBLCT,10,12,100,100,600.0,0,0.0,0,0.0,0,0.00,0.2,1,true,completed
CV_h12s10n10.txt,BBLCT,10,12,100,100,600.0,1,1.0,1,1.0,0,0.00,0.2,1,true,completed
CV_h12s10n11.txt,BBLCT,10,12,100,100,600.0,0,0.0,0,0.0,0,0.00,0.2,1,true,completed
CV_h12s10n12.txt,BBLCT,10,12,100,100,600.0,0,0.0,0,0.0,0,0.00,0.1,1,true,completed
CV_h12s10n13.txt,BBLCT,10,12,100,100,600.0,0,0.0,2,2.0,1,110.43,3.8,91,true,completed
CV_h12s10n14.txt,BBLCT,10,12,100,100,600.0,0,0.0,3,3.0,5,565.71,11.9,255,true,completed
CV_h12s10n15.txt,BBLCT,10,12,100,100,600.0,0,0.0,0,0.0,0,0.00,0.2,1,true,completed
CV_h12s10n16.txt,BBLCT,10,12,100,100,600.0,0,0.0,2,2.0,5,588.39,9.5,254,true,completed
CV_h12s10n17.txt,BBLCT,10,12,100,100,600.0,0,0.0,1,1.0,4,499.96,4.3,108,true,completed
CV_h12s10n18.txt,BBLCT,10,12,100,100,600.0,0,0.0,0,0.0,0,0.00,0.1,1,true,completed
CV_h12s10n19.txt,BBLCT,10,12,100,100,600.0,0,0.0,0,0.0,0,0.00,0.2,1,true,completed
CV_h12s10n2.txt,BBLCT,10,12,100,100,600.0,0,0.0,3,3.0,1,116.75,4.5,91,true,completed
CV_h12s10n20.txt,BBLCT,10,12,100,100,600.0,0,0.0,1,1.0,1,118.01,4.3,91,true,completed
CV_h12s10n21.txt,BBLCT,10,12,100,100,600.0,0,0.0,0,0.0,0,0.00,0.2,1,true,completed
CV_h12s10n22.txt,BBLCT,10,12,100,100,600.0,0,0.0,0,0.0,0,0.00,0.2,1,true,completed
CV_h12s10n23.txt,BBLCT,10,12,100,100,600.0,0,0.0,0,0.0,0,0.00,0.2,1,true,completed
CV_h12s10n24.txt,BBLCT,10,12,100,100,600.0,0,0.0,0,0.0,0,0.00,0.2,1,true,completed
CV_h12s10n25.txt,BBLCT,10,12,100,100,600.0,0,0.0,0,0.0,0,0.00,0.2,1,true,completed
CV_h12s10n26.txt,BBLCT,10,12,100,100,600.0,1,1.0,2,2.0,4,510.44,5.1,100,true,completed
CV_h12s10n27.txt,BBLCT,10,12,100,100,600.0,0,0.0,0,0.0,0,0.00,0.2,1,true,completed
CV_h12s10n28.txt,BBLCT,10,12,100,100,600.0,0,0.0,0,0.0,0,0.00,0.2,1,true,completed
CV_h12s10n29.txt,BBLCT,10,12,100,100,600.0,0,0.0,2,2.0,3,367.23,10.9,238,true,completed
CV_h12s10n3.txt,BBLCT,10,12,100,100,600.0,0,0.0,1,1.0,4,497.74,5.9,189,true,completed
CV_h12s10n30.txt,BBLCT,10,12,100,100,600.0,0,0.0,1,1.0,4,499.96,4.2,108,true,completed
CV_h12s10n31.txt,BBLCT,10,12,100,100,600.0,1,1.0,1,1.0,0,0.00,0.2,1,true,completed
CV_h12s10n32.txt,BBLCT,10,12,100,100,600.0,1,1.0,1,1.0,0,0.00,0.2,1,true,completed
CV_h12s10n33.txt,BBLCT,10,12,100,100,600.0,0,0.0,0,0.0,0,0.00,0.1,1,true,completed
CV_h12s10n34.txt,BBLCT,10,12,100,100,600.0,0,0.0,0,0.0,0,0.00,0.2,1,true,completed
CV_h12s10n35.txt,BBLCT,10,12,100,100,600.0,1,1.0,2,2.0,4,492.38,6.0,136,true,completed
CV_h12s10n36.txt,BBLCT,10,12,100,100,600.0,0,0.0,3,3.0,4,449.02,12.3,286,true,completed
CV_h12s10n37.txt,BBLCT,10,12,100,100,600.0,4,4.0,4,4.0,0,0.00,0.2,1,true,completed
CV_h12s10n38.txt,BBLCT,10,12,100,100,600.0,0,0.0,0,0.0,0,0.00,0.2,1,true,completed
CV_h12s10n39.txt,BBLCT,10,12,100,100,600.0,0,0.0,0,0.0,0,0.00,0.2,1,true,completed
CV_h12s10n4.txt,BBLCT,10,12,100,100,600.0,0,0.0,0,0.0,0,0.00,0.2,1,true,completed
CV_h12s10n40.txt,BBLCT,10,12,100,100,600.0,1,1.0,2,2.0,4,496.17,5.9,121,true,completed
CV_h12s10n5.txt,BBLCT,10,12,100,100,600.0,0,0.0,0,0.0,0,0.00,0.2,1,true,completed
CV_h12s10n6.txt,BBLCT,10,12,100,100,600.0,0,0.0,1,1.0,1,111.69,3.8,91,true,completed
CV_h12s10n7.txt,BBLCT,10,12,100,100,600.0,0,0.0,0,0.0,0,0.00,0.2,1,true,completed
CV_h12s10n8.txt,BBLCT,10,12,100,100,600.0,0,0.0,1,1.0,4,494.90,4.5,130,true,completed
CV_h12s10n9.txt,BBLCT,10,12,100,100,600.0,0,0.0,0,0.0,0,0.00,0.2,1,true,completed
CV_h12s6n1.txt,BBLCT,6,12,60,60,600.0,0,0.0,0,0.0,0,0.00,0.1,1,true,completed
CV_h12s6n10.txt,BBLCT,6,12,60,60,600.0,0,0.0,0,0.0,0,0.00,0.1,1,true,completed
CV_h12s6n11.txt,BBLCT,6,12,60,60,600.0,0,0.0,1,1.7,4,496.17,0.6,57,true,completed
CV_h12s6n12.txt,BBLCT,6,12,60,60,600.0,0,0.0,0,0.0,0,0.00,0.1,1,true,completed
CV_h12s6n13.txt,BBLCT,6,12,60,60,600.0,0,0.0,0,0.0,0,0.00,0.1,1,true,completed
CV_h12s6n14.txt,BBLCT,6,12,60,60,600.0,0,0.0,1,1.7,1,112.96,0.4,31,true,completed
CV_h12s6n15.txt,BBLCT,6,12,60,60,600.0,0,0.0,0,0.0,0,0.00,0.1,1,true,completed
CV_h12s6n16.txt,BBLCT,6,12,60,60,600.0,0,0.0,0,0.0,0,0.00,0.1,1,true,completed
CV_h12s6n17.txt,BBLCT,6,12,60,60,600.0,1,1.7,1,1.7,0,0.00,0.1,1,true,completed
CV_h12s6n18.txt,BBLCT,6,12,60,60,600.0,1,1.7,1,1.7,0,0.00,0.1,1,true,completed
CV_h12s6n19.txt,BBLCT,6,12,60,60,600.0,0,0.0,0,0.0,0,0.00,0.1,1,true,completed
CV_h12s6n2.txt,BBLCT,6,12,60,60,600.0,0,0.0,0,0.0,0,0.00,0.1,1,true,completed
CV_h12s6n20.txt,BBLCT,6,12,60,60,600.0,0,0.0,0,0.0,0,0.00,0.1,1,true,completed
CV_h12s6n21.txt,BBLCT,6,12,60,60,600.0,0,0.0,4,6.7,4,443.81,1.1,79,true,completed
CV_h12s6n22.txt,BBLCT,6,12,60,60,600.0,0,0.0,2,3.3,5,582.10,0.7,64,true,completed
CV_h12s6n23.txt,BBLCT,6,12,60,60,600.0,0,0.0,1,1.7,2,220.18,0.6,56,true,completed
CV_h12s6n24.txt,BBLCT,6,12,60,60,600.0,0,0.0,1,1.7,4,504.12,0.7,59,true,completed
CV_h12s6n25.txt,BBLCT,6,12,60,60,600.0,0,0.0,1,1.7,4,497.74,0.6,73,true,completed
CV_h12s6n26.txt,BBLCT,6,12,60,60,600.0,0,0.0,2,3.3,4,518.19,0.9,87,true,completed
CV_h12s6n27.txt,BBLCT,6,12,60,60,600.0,0,0.0,2,3.3,4,455.36,0.8,87,true,completed
CV_h12s6n28.txt,BBLCT,6,12,60,60,600.0,0,0.0,0,0.0,0,0.00,0.1,1,true,completed
CV_h12s6n29.txt,BBLCT,6,12,60,60,600.0,0,0.0,0,0.0,0,0.00,0.1,1,true,completed
CV_h12s6n3.txt,BBLCT,6,12,60,60,600.0,0,0.0,0,0.0,0,0.00,0.1,1,true,completed
CV_h12s6n30.txt,BBLCT,6,12,60,60,600.0,0,0.0,1,1.7,4,497.74,0.6,73,true,completed
CV_h12s6n31.txt,BBLCT,6,12,60,60,600.0,0,0.0,0,0.0,0,0.00,0.1,1,true,completed
CV_h12s6n32.txt,BBLCT,6,12,60,60,600.0,0,0.0,1,1.7,4,493.64,0.6,65,true,completed
CV_h12s6n33.txt,BBLCT,6,12,60,60,600.0,0,0.0,1,1.7,3,362.17,0.9,75,true,completed
CV_h12s6n34.txt,BBLCT,6,12,60,60,600.0,0,0.0,0,0.0,0,0.00,0.1,1,true,completed
CV_h12s6n35.txt,BBLCT,6,12,60,60,600.0,0,0.0,0,0.0,0,0.00,0.1,1,true,completed
CV_h12s6n36.txt,BBLCT,6,12,60,60,600.0,0,0.0,0,0.0,0,0.00,0.1,1,true,completed
CV_h12s6n37.txt,BBLCT,6,12,60,60,600.0,0,0.0,1,1.7,4,497.74,0.6,73,true,completed
CV_h12s6n38.txt,BBLCT,6,12,60,60,600.0,1,1.7,1,1.7,0,0.00,0.1,1,true,completed
CV_h12s6n39.txt,BBLCT,6,12,60,60,600.0,0,0.0,3,5.0,3,344.34,1.0,76,true,completed
CV_h12s6n4.txt,BBLCT,6,12,60,60,600.0,0,0.0,0,0.0,0,0.00,0.1,1,true,completed
CV_h12s6n40.txt,BBLCT,6,12,60,60,600.0,0,0.0,0,0.0,0,0.00,0.1,1,true,completed
CV_h12s6n5.txt,BBLCT,6,12,60,60,600.0,0,0.0,2,3.3,5,599.89,1.1,133,true,completed
CV_h12s6n6.txt,BBLCT,6,12,60,60,600.0,0,0.0,2,3.3,4,505.39,0.8,72,true,completed
CV_h12s6n7.txt,BBLCT,6,12,60,60,600.0,0,0.0,0,0.0,0,0.00,0.1,1,true,completed
CV_h12s6n8.txt,BBLCT,6,12,60,60,600.0,0,0.0,0,0.0,0,0.00,0.1,1,true,completed
CV_h12s6n9.txt,BBLCT,6,12,60,60,600.0,0,0.0,1,1.7,2,221.51,0.6,56,true,completed
CV_h5s3n1.txt,BBLCT,3,5,9,9,600.0,1,11.1,2,22.2,2,221.51,0.1,30,true,completed
CV_h5s3n10.txt,BBLCT,3,5,9,9,600.0,0,0.0,4,44.4,4,461.02,0.2,22,true,completed
CV_h5s3n11.txt,BBLCT,3,5,9,9,600.0,2,22.2,7,77.8,5,557.36,0.2,65,true,completed
CV_h5s3n12.txt,BBLCT,3,5,9,9,600.0,0,0.0,5,55.6,5,599.66,0.2,45,true,completed
CV_h5s3n13.txt,BBLCT,3,5,9,9,600.0,0,0.0,3,33.3,4,473.87,0.2,40,true,completed
CV_h5s3n14.txt,BBLCT,3,5,9,9,600.0,0,0.0,1,11.1,2,221.51,0.2,29,true,completed
CV_h5s3n15.txt,BBLCT,3,5,9,9,600.0,0,0.0,2,22.2,4,480.41,0.1,23,true,completed
CV_h5s3n16.txt,BBLCT,3,5,9,9,600.0,0,0.0,2,22.2,5,599.66,0.1,27,true,completed
CV_h5s3n17.txt,BBLCT,3,5,9,9,600.0,2,22.2,3,33.3,2,229.47,0.1,16,true,completed
CV_h5s3n18.txt,BBLCT,3,5,9,9,600.0,0,0.0,7,77.8,1,107.84,0.2,37,true,completed
CV_h5s3n19.txt,BBLCT,3,5,9,9,600.0,0,0.0,1,11.1,2,222.78,0.2,31,true,completed
CV_h5s3n2.txt,BBLCT,3,5,9,9,600.0,0,0.0,4,44.4,2,222.78,0.1,15,true,completed
CV_h5s3n20.txt,BBLCT,3,5,9,9,600.0,0,0.0,3,33.3,5,571.22,0.1,18,true,completed
CV_h5s3n21.txt,BBLCT,3,5,9,9,600.0,1,11.1,2,22.2,2,226.87,0.2,30,true,completed
CV_h5s3n22.txt,BBLCT,3,5,9,9,600.0,2,22.2,4,44.4,5,571.16,0.2,25,true,completed
CV_h5s3n23.txt,BBLCT,3,5,9,9,600.0,0,0.0,1,11.1,2,222.78,0.2,31,true,completed
CV_h5s3n24.txt,BBLCT,3,5,9,9,600.0,1,11.1,3,33.3,5,530.01,0.1,19,true,completed
CV_h5s3n25.txt,BBLCT,3,5,9,9,600.0,0,0.0,2,22.2,2,221.51,0.1,34,true,completed
CV_h5s3n26.txt,BBLCT,3,5,9,9,600.0,0,0.0,9,100.0,5,596.84,0.2,29,true,completed
CV_h5s3n27.txt,BBLCT,3,5,9,9,600.0,0,0.0,2,22.2,4,480.41,0.2,23,true,completed
CV_h5s3n28.txt,BBLCT,3,5,9,9,600.0,0,0.0,4,44.4,5,599.66,0.2,36,true,completed
CV_h5s3n29.txt,BBLCT,3,5,9,9,600.0,0,0.0,1,11.1,2,221.51,0.2,29,true,completed
CV_h5s3n3.txt,BBLCT,3,5,9,9,600.0,0,0.0,9,100.0,3,340.86,0.1,15,true,completed
CV_h5s3n30.txt,BBLCT,3,5,9,9,600.0,0,0.0,5,55.6,5,576.58,0.2,33,true,completed
CV_h5s3n31.txt,BBLCT,3,5,9,9,600.0,0,0.0,2,22.2,2,230.67,0.2,33,true,completed
CV_h5s3n32.txt,BBLCT,3,5,9,9,600.0,1,11.1,9,100.0,5,540.38,0.2,30,true,completed
CV_h5s3n33.txt,BBLCT,3,5,9,9,600.0,1,11.1,6,66.7,5,535.64,0.2,69,true,completed
CV_h5s3n34.txt,BBLCT,3,5,9,9,600.0,0,0.0,2,22.2,2,221.51,0.2,34,true,completed
CV_h5s3n35.txt,BBLCT,3,5,9,9,600.0,0,0.0,5,55.6,5,582.91,0.2,33,true,completed
CV_h5s3n36.txt,BBLCT,3,5,9,9,600.0,0,0.0,1,11.1,2,221.51,0.1,31,true,completed
CV_h5s3n37.txt,BBLCT,3,5,9,9,600.0,0,0.0,2,22.2,2,233.26,0.2,33,true,completed
CV_h5s3n38.txt,BBLCT,3,5,9,9,600.0,0,0.0,2,22.2,1,110.43,0.2,52,true,completed
CV_h5s3n39.txt,BBLCT,3,5,9,9,600.0,9,100.0,9,100.0,0,0.00,0.1,1,true,completed
CV_h5s3n4.txt,BBLCT,3,5,9,9,600.0,1,11.1,4,44.4,3,320.06,0.2,41,true,completed
CV_h5s3n40.txt,BBLCT,3,5,9,9,600.0,1,11.1,4,44.4,2,221.51,0.1,16,true,completed
CV_h5s3n5.txt,BBLCT,3,5,9,9,600.0,4,44.4,9,100.0,4,438.11,0.1,15,true,completed
CV_h5s3n6.txt,BBLCT,3,5,9,9,600.0,0,0.0,1,11.1,2,222.78,0.2,31,true,completed
CV_h5s3n7.txt,BBLCT,3,5,9,9,600.0,0,0.0,3,33.3,5,549.28,0.2,30,true,completed
CV_h5s3n8.txt,BBLCT,3,5,9,9,600.0,1,11.1,4,44.4,2,225.78,0.2,41,true,completed
CV_h5s3n9.txt,BBLCT,3,5,9,9,600.0,0,0.0,1,11.1,2,220.18,0.1,28,true,completed
CV_h5s4n1.txt,BBLCT,4,5,12,12,600.0,2,16.7,6,50.0,5,568.41,0.4,67,true,completed
CV_h5s4n10.txt,BBLCT,4,5,12,12,600.0,0,0.0,3,25.0,4,455.20,0.2,29,true,completed
CV_h5s4n11.txt,BBLCT,4,5,12,12,600.0,1,8.3,4,33.3,5,543.93,0.2,44,true,completed
CV_h5s4n12.txt,BBLCT,4,5,12,12,600.0,1,8.3,3,25.0,3,348.46,0.2,46,true,completed
CV_h5s4n13.txt,BBLCT,4,5,12,12,600.0,1,8.3,12,100.0,5,599.37,0.4,109,true,completed
CV_h5s4n14.txt,BBLCT,4,5,12,12,600.0,0,0.0,2,16.7,3,335.18,0.2,36,true,completed
CV_h5s4n15.txt,BBLCT,4,5,12,12,600.0,0,0.0,8,66.7,5,570.94,0.3,68,true,completed
CV_h5s4n16.txt,BBLCT,4,5,12,12,600.0,0,0.0,3,25.0,5,552.93,0.2,46,true,completed
CV_h5s4n17.txt,BBLCT,4,5,12,12,600.0,0,0.0,7,58.3,5,555.70,0.7,211,true,completed
CV_h5s4n18.txt,BBLCT,4,5,12,12,600.0,0,0.0,3,25.0,5,596.78,0.4,129,true,completed
CV_h5s4n19.txt,BBLCT,4,5,12,12,600.0,0,0.0,5,41.7,5,567.17,0.3,60,true,completed
CV_h5s4n2.txt,BBLCT,4,5,12,12,600.0,0,0.0,9,75.0,2,234.53,0.3,50,true,completed
CV_h5s4n20.txt,BBLCT,4,5,12,12,600.0,0,0.0,5,41.7,6,591.26,0.2,34,true,completed
CV_h5s4n21.txt,BBLCT,4,5,12,12,600.0,1,8.3,4,33.3,3,335.68,0.3,39,true,completed
CV_h5s4n22.txt,BBLCT,4,5,12,12,600.0,0,0.0,6,50.0,5,545.03,0.3,76,true,completed
CV_h5s4n23.txt,BBLCT,4,5,12,12,600.0,3,25.0,5,41.7,2,221.51,0.2,29,true,completed
CV_h5s4n24.txt,BBLCT,4,5,12,12,600.0,0,0.0,4,33.3,5,582.77,0.2,38,true,completed
CV_h5s4n25.txt,BBLCT,4,5,12,12,600.0,0,0.0,2,16.7,3,335.18,0.2,33,true,completed
CV_h5s4n26.txt,BBLCT,4,5,12,12,600.0,1,8.3,9,75.0,5,540.56,0.7,206,true,completed
CV_h5s4n27.txt,BBLCT,4,5,12,12,600.0,4,33.3,12,100.0,5,579.22,0.2,49,true,completed
CV_h5s4n28.txt,BBLCT,4,5,12,12,600.0,0,0.0,3,25.0,5,552.64,0.2,51,true,completed
CV_h5s4n29.txt,BBLCT,4,5,12,12,600.0,0,0.0,4,33.3,5,595.65,0.4,142,true,completed
CV_h5s4n3.txt,BBLCT,4,5,12,12,600.0,1,8.3,6,50.0,5,560.62,0.3,58,true,completed
CV_h5s4n30.txt,BBLCT,4,5,12,12,600.0,0,0.0,5,41.7,5,584.08,0.2,42,true,completed
CV_h5s4n31.txt,BBLCT,4,5,12,12,600.0,0,0.0,3,25.0,2,211.47,0.2,44,true,completed
CV_h5s4n32.txt,BBLCT,4,5,12,12,600.0,0,0.0,2,16.7,5,547.79,0.2,26,true,completed
CV_h5s4n33.txt,BBLCT,4,5,12,12,600.0,0,0.0,3,25.0,5,571.18,0.3,87,true,completed
CV_h5s4n34.txt,BBLCT,4,5,12,12,600.0,0,0.0,4,33.3,3,339.13,0.3,55,true,completed
CV_h5s4n35.txt,BBLCT,4,5,12,12,600.0,1,8.3,8,66.7,4,462.25,0.3,72,true,completed
CV_h5s4n36.txt,BBLCT,4,5,12,12,600.0,0,0.0,3,25.0,4,491.81,0.2,46,true,completed
CV_h5s4n37.txt,BBLCT,4,5,12,12,600.0,3,25.0,7,58.3,5,590.02,0.3,63,true,completed
CV_h5s4n38.txt,BBLCT,4,5,12,12,600.0,2,16.7,6,50.0,5,571.12,0.4,111,true,completed
CV_h5s4n39.txt,BBLCT,4,5,12,12,600.0,0,0.0,4,33.3,5,595.96,0.3,72,true,completed
CV_h5s4n4.txt,BBLCT,4,5,12,12,600.0,0,0.0,9,75.0,5,596.76,0.3,70,true,completed
CV_h5s4n40.txt,BBLCT,4,5,12,12,600.0,0,0.0,4,33.3,2,212.64,0.3,48,true,completed
CV_h5s4n5.txt,BBLCT,4,5,12,12,600.0,1,8.3,4,33.3,2,233.26,0.4,93,true,completed
CV_h5s4n6.txt,BBLCT,4,5,12,12,600.0,0,0.0,4,33.3,5,598.06,0.2,55,true,completed
CV_h5s4n7.txt,BBLCT,4,5,12,12,600.0,0,0.0,3,25.0,5,576.00,0.3,44,true,completed
CV_h5s4n8.txt,BBLCT,4,5,12,12,600.0,2,16.7,4,33.3,4,435.37,0.3,76,true,completed
CV_h5s4n9.txt,BBLCT,4,5,12,12,600.0,0,0.0,7,58.3,4,495.37,0.3,52,true,completed
CV_h5s5n1.txt,BBLCT,5,5,15,15,600.0,1,6.7,7,46.7,5,551.96,0.6,76,true,completed
CV_h5s5n10.txt,BBLCT,5,5,15,15,600.0,3,20.0,13,86.7,5,594.23,1.3,187,true,completed
CV_h5s5n11.txt,BBLCT,5,5,15,15,600.0,0,0.0,2,13.3,4,445.23,0.3,52,true,completed
CV_h5s5n12.txt,BBLCT,5,5,15,15,600.0,0,0.0,4,26.7,5,570.60,0.5,100,true,completed
CV_h5s5n13.txt,BBLCT,5,5,15,15,600.0,0,0.0,2,13.3,3,331.62,1.1,363,true,completed
CV_h5s5n14.txt,BBLCT,5,5,15,15,600.0,0,0.0,10,66.7,5,566.10,1.1,200,true,completed
CV_h5s5n15.txt,BBLCT,5,5,15,15,600.0,0,0.0,7,46.7,5,565.95,0.5,64,true,completed
CV_h5s5n16.txt,BBLCT,5,5,15,15,600.0,0,0.0,5,33.3,3,334.15,0.4,56,true,completed
CV_h5s5n17.txt,BBLCT,5,5,15,15,600.0,0,0.0,11,73.3,5,573.29,1.8,429,true,completed
CV_h5s5n18.txt,BBLCT,5,5,15,15,600.0,1,6.7,10,66.7,5,590.42,1.4,214,true,completed
CV_h5s5n19.txt,BBLCT,5,5,15,15,600.0,1,6.7,6,40.0,4,450.44,0.6,95,true,completed
CV_h5s5n2.txt,BBLCT,5,5,15,15,600.0,0,0.0,3,20.0,3,339.42,0.8,206,true,completed
CV_h5s5n20.txt,BBLCT,5,5,15,15,600.0,0,0.0,8,53.3,5,572.36,0.5,80,true,completed
CV_h5s5n21.txt,BBLCT,5,5,15,15,600.0,0,0.0,5,33.3,5,574.59,0.6,127,true,completed
CV_h5s5n22.txt,BBLCT,5,5,15,15,600.0,1,6.7,4,26.7,4,451.75,0.7,119,true,completed
CV_h5s5n23.txt,BBLCT,5,5,15,15,600.0,1,6.7,5,33.3,5,540.52,0.6,94,true,completed
CV_h5s5n24.txt,BBLCT,5,5,15,15,600.0,0,0.0,3,20.0,3,337.53,0.4,62,true,completed
CV_h5s5n25.txt,BBLCT,5,5,15,15,600.0,2,13.3,11,73.3,5,550.84,0.6,78,true,completed
CV_h5s5n26.txt,BBLCT,5,5,15,15,600.0,0,0.0,5,33.3,5,566.84,0.6,101,true,completed
CV_h5s5n27.txt,BBLCT,5,5,15,15,600.0,0,0.0,6,40.0,5,565.96,0.5,78,true,completed
CV_h5s5n28.txt,BBLCT,5,5,15,15,600.0,0,0.0,8,53.3,5,542.89,0.5,76,true,completed
CV_h5s5n29.txt,BBLCT,5,5,15,15,600.0,0,0.0,2,13.3,3,332.73,1.1,363,true,completed
CV_h5s5n3.txt,BBLCT,5,5,15,15,600.0,0,0.0,4,26.7,3,333.08,0.4,57,true,completed
CV_h5s5n30.txt,BBLCT,5,5,15,15,600.0,0,0.0,8,53.3,5,572.76,0.5,76,true,completed
CV_h5s5n31.txt,BBLCT,5,5,15,15,600.0,1,6.7,3,20.0,3,331.62,0.4,54,true,completed
CV_h5s5n32.txt,BBLCT,5,5,15,15,600.0,0,0.0,5,33.3,5,583.39,0.5,92,true,completed
CV_h5s5n33.txt,BBLCT,5,5,15,15,600.0,1,6.7,10,66.7,5,552.11,0.4,46,true,completed
CV_h5s5n34.txt,BBLCT,5,5,15,15,600.0,0,0.0,2,13.3,3,330.36,1.0,361,true,completed
CV_h5s5n35.txt,BBLCT,5,5,15,15,600.0,1,6.7,8,53.3,5,573.62,0.6,93,true,completed
CV_h5s5n36.txt,BBLCT,5,5,15,15,600.0,1,6.7,4,26.7,5,569.81,0.8,126,true,completed
CV_h5s5n37.txt,BBLCT,5,5,15,15,600.0,0,0.0,2,13.3,4,455.20,0.3,52,true,completed
CV_h5s5n38.txt,BBLCT,5,5,15,15,600.0,0,0.0,15,100.0,5,572.48,3.1,507,true,completed
CV_h5s5n39.txt,BBLCT,5,5,15,15,600.0,0,0.0,8,53.3,5,561.92,0.8,106,true,completed
CV_h5s5n4.txt,BBLCT,5,5,15,15,600.0,0,0.0,7,46.7,5,575.11,0.7,136,true,completed
CV_h5s5n40.txt,BBLCT,5,5,15,15,600.0,2,13.3,7,46.7,5,572.44,0.8,104,true,completed
CV_h5s5n5.txt,BBLCT,5,5,15,15,600.0,0,0.0,3,20.0,4,458.24,0.4,51,true,completed
CV_h5s5n6.txt,BBLCT,5,5,15,15,600.0,0,0.0,5,33.3,5,547.01,0.4,65,true,completed
CV_h5s5n7.txt,BBLCT,5,5,15,15,600.0,0,0.0,5,33.3,5,559.67,0.7,123,true,completed
CV_h5s5n8.txt,BBLCT,5,5,15,15,600.0,0,0.0,2,13.3,4,443.97,0.3,52,true,completed
CV_h5s5n9.txt,BBLCT,5,5,15,15,600.0,0,0.0,5,33.3,5,585.35,0.5,91,true,completed
CV_h5s6n1.txt,BBLCT,6,5,18,18,600.0,0,0.0,3,16.7,3,336.64,2.2,420,true,completed
CV_h5s6n10.txt,BBLCT,6,5,18,18,600.0,1,5.6,7,38.9,5,532.22,1.2,125,true,completed
CV_h5s6n11.txt,BBLCT,6,5,18,18,600.0,3,16.7,18,100.0,5,573.41,1.9,198,true,completed
CV_h5s6n12.txt,BBLCT,6,5,18,18,600.0,0,0.0,5,27.8,5,557.64,0.8,94,true,completed
CV_h5s6n13.txt,BBLCT,6,5,18,18,600.0,0,0.0,7,38.9,5,576.29,0.8,90,true,completed
CV_h5s6n14.txt,BBLCT,6,5,18,18,600.0,0,0.0,5,27.8,5,564.95,0.8,88,true,completed
CV_h5s6n15.txt,BBLCT,6,5,18,18,600.0,0,0.0,4,22.2,5,524.68,0.9,101,true,completed
CV_h5s6n16.txt,BBLCT,6,5,18,18,600.0,0,0.0,4,22.2,5,559.19,0.7,80,true,completed
CV_h5s6n17.txt,BBLCT,6,5,18,18,600.0,0,0.0,3,16.7,4,446.49,0.7,83,true,completed
CV_h5s6n18.txt,BBLCT,6,5,18,18,600.0,2,11.1,8,44.4,5,564.74,1.5,137,true,completed
CV_h5s6n19.txt,BBLCT,6,5,18,18,600.0,0,0.0,3,16.7,4,446.49,0.7,83,true,completed
CV_h5s6n2.txt,BBLCT,6,5,18,18,600.0,0,0.0,5,27.8,5,593.13,0.8,89,true,completed
CV_h5s6n20.txt,BBLCT,6,5,18,18,600.0,0,0.0,10,55.6,5,575.74,1.2,136,true,completed
CV_h5s6n21.txt,BBLCT,6,5,18,18,600.0,1,5.6,6,33.3,5,582.21,1.2,135,true,completed
CV_h5s6n22.txt,BBLCT,6,5,18,18,600.0,0,0.0,3,16.7,5,559.15,0.6,79,true,completed
CV_h5s6n23.txt,BBLCT,6,5,18,18,600.0,0,0.0,4,22.2,5,539.92,0.7,84,true,completed
CV_h5s6n24.txt,BBLCT,6,5,18,18,600.0,0,0.0,3,16.7,5,566.39,0.7,89,true,completed
CV_h5s6n25.txt,BBLCT,6,5,18,18,600.0,1,5.6,4,22.2,4,453.19,0.8,79,true,completed
CV_h5s6n26.txt,BBLCT,6,5,18,18,600.0,0,0.0,3,16.7,5,562.46,0.7,79,true,completed
CV_h5s6n27.txt,BBLCT,6,5,18,18,600.0,1,5.6,3,16.7,4,459.14,0.8,79,true,completed
CV_h5s6n28.txt,BBLCT,6,5,18,18,600.0,2,11.1,10,55.6,5,560.70,6.0,594,true,completed
CV_h5s6n29.txt,BBLCT,6,5,18,18,600.0,0,0.0,4,22.2,4,449.34,0.8,77,true,completed
CV_h5s6n3.txt,BBLCT,6,5,18,18,600.0,0,0.0,3,16.7,3,318.89,4.0,720,true,completed
CV_h5s6n30.txt,BBLCT,6,5,18,18,600.0,4,22.2,8,44.4,5,582.05,1.4,113,true,completed
CV_h5s6n31.txt,BBLCT,6,5,18,18,600.0,0,0.0,5,27.8,4,437.78,0.8,88,true,completed
CV_h5s6n32.txt,BBLCT,6,5,18,18,600.0,0,0.0,7,38.9,5,594.28,0.8,98,true,completed
CV_h5s6n33.txt,BBLCT,6,5,18,18,600.0,1,5.6,4,22.2,4,460.77,0.8,79,true,completed
CV_h5s6n34.txt,BBLCT,6,5,18,18,600.0,0,0.0,9,50.0,5,551.66,1.0,97,true,completed
CV_h5s6n35.txt,BBLCT,6,5,18,18,600.0,1,5.6,11,61.1,4,461.81,1.3,127,true,completed
CV_h5s6n36.txt,BBLCT,6,5,18,18,600.0,2,11.1,5,27.8,5,574.38,1.0,89,true,completed
CV_h5s6n37.txt,BBLCT,6,5,18,18,600.0,0,0.0,3,16.7,5,556.60,0.7,84,true,completed
CV_h5s6n38.txt,BBLCT,6,5,18,18,600.0,0,0.0,8,44.4,5,581.88,1.7,227,true,completed
CV_h5s6n39.txt,BBLCT,6,5,18,18,600.0,0,0.0,5,27.8,4,438.70,0.9,83,true,completed
CV_h5s6n4.txt,BBLCT,6,5,18,18,600.0,0,0.0,7,38.9,5,578.91,2.0,287,true,completed
CV_h5s6n40.txt,BBLCT,6,5,18,18,600.0,1,5.6,7,38.9,5,563.43,1.3,138,true,completed
CV_h5s6n5.txt,BBLCT,6,5,18,18,600.0,0,0.0,11,61.1,5,560.45,1.1,95,true,completed
CV_h5s6n6.txt,BBLCT,6,5,18,18,600.0,0,0.0,3,16.7,5,566.46,0.7,79,true,completed
CV_h5s6n7.txt,BBLCT,6,5,18,18,600.0,0,0.0,2,11.1,5,545.20,0.6,66,true,completed
CV_h5s6n8.txt,BBLCT,6,5,18,18,600.0,1,5.6,5,27.8,5,569.62,1.1,107,true,completed
CV_h5s6n9.txt,BBLCT,6,5,18,18,600.0,0,0.0,3,16.7,3,332.88,2.1,376,true,completed
CV_h5s7n1.txt,BBLCT,7,5,21,21,600.0,0,0.0,12,57.1,5,579.97,2.1,150,true,completed
CV_h5s7n10.txt,BBLCT,7,5,21,21,600.0,0,0.0,12,57.1,5,599.71,2.9,156,true,completed
CV_h5s7n11.txt,BBLCT,7,5,21,21,600.0,0,0.0,7,33.3,5,562.96,1.5,140,true,completed
CV_h5s7n12.txt,BBLCT,7,5,21,21,600.0,1,4.8,11,52.4,5,569.65,2.3,139,true,completed
CV_h5s7n13.txt,BBLCT,7,5,21,21,600.0,0,0.0,3,14.3,5,546.05,1.4,126,true,completed
CV_h5s7n14.txt,BBLCT,7,5,21,21,600.0,0,0.0,7,33.3,5,572.86,1.2,110,true,completed
CV_h5s7n15.txt,BBLCT,7,5,21,21,600.0,0,0.0,12,57.1,5,591.72,2.0,142,true,completed
CV_h5s7n16.txt,BBLCT,7,5,21,21,600.0,3,14.3,5,23.8,5,559.25,1.6,91,true,completed
CV_h5s7n17.txt,BBLCT,7,5,21,21,600.0,1,4.8,9,42.9,5,571.58,2.5,154,true,completed
CV_h5s7n18.txt,BBLCT,7,5,21,21,600.0,5,23.8,9,42.9,5,590.08,2.4,133,true,completed
CV_h5s7n19.txt,BBLCT,7,5,21,21,600.0,0,0.0,3,14.3,4,442.42,1.4,128,true,completed
CV_h5s7n2.txt,BBLCT,7,5,21,21,600.0,0,0.0,8,38.1,5,576.42,1.6,130,true,completed
CV_h5s7n20.txt,BBLCT,7,5,21,21,600.0,0,0.0,10,47.6,5,521.93,1.8,126,true,completed
CV_h5s7n21.txt,BBLCT,7,5,21,21,600.0,0,0.0,5,23.8,4,437.78,1.7,112,true,completed
CV_h5s7n22.txt,BBLCT,7,5,21,21,600.0,0,0.0,6,28.6,5,589.89,2.0,161,true,completed
CV_h5s7n23.txt,BBLCT,7,5,21,21,600.0,0,0.0,5,23.8,5,546.86,1.9,144,true,completed
CV_h5s7n24.txt,BBLCT,7,5,21,21,600.0,1,4.8,8,38.1,5,566.36,1.8,117,true,completed
CV_h5s7n25.txt,BBLCT,7,5,21,21,600.0,1,4.8,6,28.6,5,576.09,1.8,119,true,completed
CV_h5s7n26.txt,BBLCT,7,5,21,21,600.0,0,0.0,6,28.6,5,564.77,1.7,122,true,completed
CV_h5s7n27.txt,BBLCT,7,5,21,21,600.0,0,0.0,5,23.8,5,569.25,1.2,114,true,completed
CV_h5s7n28.txt,BBLCT,7,5,21,21,600.0,2,9.5,10,47.6,5,591.58,4.5,255,true,completed
CV_h5s7n29.txt,BBLCT,7,5,21,21,600.0,1,4.8,4,19.0,5,552.48,1.2,89,true,completed
CV_h5s7n3.txt,BBLCT,7,5,21,21,600.0,3,14.3,8,38.1,5,585.09,2.3,141,true,completed
CV_h5s7n30.txt,BBLCT,7,5,21,21,600.0,2,9.5,6,28.6,5,557.69,2.2,131,true,completed
CV_h5s7n31.txt,BBLCT,7,5,21,21,600.0,0,0.0,5,23.8,4,451.06,1.5,110,true,completed
CV_h5s7n32.txt,BBLCT,7,5,21,21,600.0,1,4.8,4,19.0,4,452.82,7.5,741,true,completed
CV_h5s7n33.txt,BBLCT,7,5,21,21,600.0,0,0.0,4,19.0,5,557.85,6.4,799,true,completed
CV_h5s7n34.txt,BBLCT,7,5,21,21,600.0,0,0.0,6,28.6,5,534.73,1.7,130,true,completed
CV_h5s7n35.txt,BBLCT,7,5,21,21,600.0,0,0.0,4,19.0,4,455.35,3.3,432,true,completed
CV_h5s7n36.txt,BBLCT,7,5,21,21,600.0,0,0.0,7,33.3,5,580.74,1.6,110,true,completed
CV_h5s7n37.txt,BBLCT,7,5,21,21,600.0,0,0.0,9,42.9,5,566.49,4.3,376,true,completed
CV_h5s7n38.txt,BBLCT,7,5,21,21,600.0,1,4.8,3,14.3,4,443.81,1.6,116,true,completed
CV_h5s7n39.txt,BBLCT,7,5,21,21,600.0,0,0.0,9,42.9,5,586.88,2.4,172,true,completed
CV_h5s7n4.txt,BBLCT,7,5,21,21,600.0,0,0.0,8,38.1,5,521.77,1.7,137,true,completed
CV_h5s7n40.txt,BBLCT,7,5,21,21,600.0,0,0.0,8,38.1,5,570.80,1.6,123,true,completed
CV_h5s7n5.txt,BBLCT,7,5,21,21,600.0,0,0.0,4,19.0,5,565.87,1.5,117,true,completed
CV_h5s7n6.txt,BBLCT,7,5,21,21,600.0,1,4.8,7,33.3,5,560.45,1.6,112,true,completed
CV_h5s7n7.txt,BBLCT,7,5,21,21,600.0,0,0.0,4,19.0,5,564.81,1.3,112,true,completed
CV_h5s7n8.txt,BBLCT,7,5,21,21,600.0,0,0.0,10,47.6,5,563.38,2.6,197,true,completed
CV_h5s7n9.txt,BBLCT,7,5,21,21,600.0,0,0.0,4,19.0,4,434.51,6.6,725,true,completed
CV_h5s8n1.txt,BBLCT,8,5,24,24,600.0,0,0.0,6,25.0,5,590.41,3.8,214,true,completed
CV_h5s8n10.txt,BBLCT,8,5,24,24,600.0,0,0.0,6,25.0,4,440.30,11.1,775,true,completed
CV_h5s8n11.txt,BBLCT,8,5,24,24,600.0,1,4.2,4,16.7,5,536.37,2.3,118,true,completed
CV_h5s8n12.txt,BBLCT,8,5,24,24,600.0,0,0.0,7,29.2,5,541.29,2.7,167,true,completed
CV_h5s8n13.txt,BBLCT,8,5,24,24,600.0,0,0.0,6,25.0,5,569.70,3.0,201,true,completed
CV_h5s8n14.txt,BBLCT,8,5,24,24,600.0,0,0.0,5,20.8,4,433.72,13.1,761,true,completed
CV_h5s8n15.txt,BBLCT,8,5,24,24,600.0,0,0.0,6,25.0,5,595.33,2.7,154,true,completed
CV_h5s8n16.txt,BBLCT,8,5,24,24,600.0,1,4.2,8,33.3,5,563.06,5.3,240,true,completed
CV_h5s8n17.txt,BBLCT,8,5,24,24,600.0,1,4.2,11,45.8,3,337.41,14.3,573,true,completed
CV_h5s8n18.txt,BBLCT,8,5,24,24,600.0,0,0.0,8,33.3,5,538.52,3.6,189,true,completed
CV_h5s8n19.txt,BBLCT,8,5,24,24,600.0,0,0.0,8,33.3,5,551.94,3.1,172,true,completed
CV_h5s8n2.txt,BBLCT,8,5,24,24,600.0,0,0.0,8,33.3,5,564.11,2.8,143,true,completed
CV_h5s8n20.txt,BBLCT,8,5,24,24,600.0,0,0.0,4,16.7,4,446.49,2.6,161,true,completed
CV_h5s8n21.txt,BBLCT,8,5,24,24,600.0,0,0.0,10,41.7,5,593.43,4.4,199,true,completed
CV_h5s8n22.txt,BBLCT,8,5,24,24,600.0,0,0.0,6,25.0,5,564.97,3.1,199,true,completed
CV_h5s8n23.txt,BBLCT,8,5,24,24,600.0,0,0.0,9,37.5,5,570.98,2.9,163,true,completed
CV_h5s8n24.txt,BBLCT,8,5,24,24,600.0,0,0.0,11,45.8,5,558.77,2.3,145,true,completed
CV_h5s8n25.txt,BBLCT,8,5,24,24,600.0,1,4.2,10,41.7,5,570.54,5.7,241,true,completed
CV_h5s8n26.txt,BBLCT,8,5,24,24,600.0,0,0.0,3,12.5,5,563.88,2.5,155,true,completed
CV_h5s8n27.txt,BBLCT,8,5,24,24,600.0,0,0.0,5,20.8,5,564.92,2.9,153,true,completed
CV_h5s8n28.txt,BBLCT,8,5,24,24,600.0,0,0.0,10,41.7,5,569.90,3.8,183,true,completed
CV_h5s8n29.txt,BBLCT,8,5,24,24,600.0,0,0.0,5,20.8,5,550.06,2.5,163,true,completed
CV_h5s8n3.txt,BBLCT,8,5,24,24,600.0,0,0.0,7,29.2,5,574.82,4.0,160,true,completed
CV_h5s8n30.txt,BBLCT,8,5,24,24,600.0,0,0.0,6,25.0,5,578.73,3.4,204,true,completed
CV_h5s8n31.txt,BBLCT,8,5,24,24,600.0,0,0.0,4,16.7,5,593.37,2.6,178,true,completed
CV_h5s8n32.txt,BBLCT,8,5,24,24,600.0,0,0.0,3,12.5,5,551.48,2.4,172,true,completed
CV_h5s8n33.txt,BBLCT,8,5,24,24,600.0,0,0.0,4,16.7,5,559.11,3.4,184,true,completed
CV_h5s8n34.txt,BBLCT,8,5,24,24,600.0,0,0.0,3,12.5,4,458.24,3.2,175,true,completed
CV_h5s8n35.txt,BBLCT,8,5,24,24,600.0,0,0.0,5,20.8,5,559.13,2.9,165,true,completed
CV_h5s8n36.txt,BBLCT,8,5,24,24,600.0,0,0.0,4,16.7,5,534.90,3.2,194,true,completed
CV_h5s8n37.txt,BBLCT,8,5,24,24,600.0,0,0.0,13,54.2,5,549.60,3.7,200,true,completed
CV_h5s8n38.txt,BBLCT,8,5,24,24,600.0,0,0.0,7,29.2,5,539.97,3.4,169,true,completed
CV_h5s8n39.txt,BBLCT,8,5,24,24,600.0,0,0.0,4,16.7,4,452.81,2.8,160,true,completed
CV_h5s8n4.txt,BBLCT,8,5,24,24,600.0,1,4.2,6,25.0,3,344.37,3.3,161,true,completed
CV_h5s8n40.txt,BBLCT,8,5,24,24,600.0,1,4.2,6,25.0,5,584.50,3.3,173,true,completed
CV_h5s8n5.txt,BBLCT,8,5,24,24,600.0,0,0.0,7,29.2,5,547.75,3.9,188,true,completed
CV_h5s8n6.txt,BBLCT,8,5,24,24,600.0,0,0.0,5,20.8,5,544.81,3.0,163,true,completed
CV_h5s8n7.txt,BBLCT,8,5,24,24,600.0,0,0.0,4,16.7,4,442.31,3.1,155,true,completed
CV_h5s8n8.txt,BBLCT,8,5,24,24,600.0,2,8.3,4,16.7,4,458.13,3.5,158,true,completed
CV_h5s8n9.txt,BBLCT,8,5,24,24,600.0,0,0.0,5,20.8,5,539.88,11.6,772,true,completed
CV_h6s4n1.txt,BBLCT,4,6,16,16,600.0,0,0.0,4,25.0,5,589.00,0.2,41,true,completed
CV_h6s4n10.txt,BBLCT,4,6,16,16,600.0,0,0.0,5,31.2,5,562.24,0.2,41,true,completed
CV_h6s4n11.txt,BBLCT,4,6,16,16,600.0,0,0.0,3,18.8,4,472.18,0.2,26,true,completed
CV_h6s4n12.txt,BBLCT,4,6,16,16,600.0,3,18.8,5,31.2,5,589.25,0.3,42,true,completed
CV_h6s4n13.txt,BBLCT,4,6,16,16,600.0,0,0.0,4,25.0,5,595.45,0.2,44,true,completed
CV_h6s4n14.txt,BBLCT,4,6,16,16,600.0,0,0.0,2,12.5,4,464.41,0.2,26,true,completed
CV_h6s4n15.txt,BBLCT,4,6,16,16,600.0,1,6.2,5,31.2,5,596.92,0.5,135,true,completed
CV_h6s4n16.txt,BBLCT,4,6,16,16,600.0,0,0.0,2,12.5,4,454.06,0.2,31,true,completed
CV_h6s4n17.txt,BBLCT,4,6,16,16,600.0,0,0.0,3,18.8,4,462.99,0.2,31,true,completed
CV_h6s4n18.txt,BBLCT,4,6,16,16,600.0,0,0.0,1,6.2,3,355.79,0.2,28,true,completed
CV_h6s4n19.txt,BBLCT,4,6,16,16,600.0,0,0.0,3,18.8,5,599.57,0.2,46,true,completed
CV_h6s4n2.txt,BBLCT,4,6,16,16,600.0,0,0.0,6,37.5,5,553.35,0.3,57,true,completed
CV_h6s4n20.txt,BBLCT,4,6,16,16,600.0,0,0.0,6,37.5,5,581.51,0.2,36,true,completed
CV_h6s4n21.txt,BBLCT,4,6,16,16,600.0,0,0.0,2,12.5,3,357.12,0.2,33,true,completed
CV_h6s4n22.txt,BBLCT,4,6,16,16,600.0,0,0.0,3,18.8,5,584.88,0.2,45,true,completed
CV_h6s4n23.txt,BBLCT,4,6,16,16,600.0,0,0.0,3,18.8,3,357.12,0.3,73,true,completed
CV_h6s4n24.txt,BBLCT,4,6,16,16,600.0,0,0.0,4,25.0,2,229.47,0.2,45,true,completed
CV_h6s4n25.txt,BBLCT,4,6,16,16,600.0,1,6.2,4,25.0,2,220.18,0.3,32,true,completed
CV_h6s4n26.txt,BBLCT,4,6,16,16,600.0,0,0.0,5,31.2,5,528.22,0.2,30,true,completed
CV_h6s4n27.txt,BBLCT,4,6,16,16,600.0,0,0.0,4,25.0,2,230.67,0.3,61,true,completed
CV_h6s4n28.txt,BBLCT,4,6,16,16,600.0,0,0.0,3,18.8,5,587.71,0.2,31,true,completed
CV_h6s4n29.txt,BBLCT,4,6,16,16,600.0,0,0.0,6,37.5,5,577.58,0.3,65,true,completed
CV_h6s4n3.txt,BBLCT,4,6,16,16,600.0,2,12.5,3,18.8,2,233.26,0.2,24,true,completed
CV_h6s4n30.txt,BBLCT,4,6,16,16,600.0,0,0.0,2,12.5,4,434.05,0.2,44,true,completed
CV_h6s4n31.txt,BBLCT,4,6,16,16,600.0,1,6.2,3,18.8,2,210.05,0.3,50,true,completed
CV_h6s4n32.txt,BBLCT,4,6,16,16,600.0,2,12.5,4,25.0,5,589.08,0.2,31,true,completed
CV_h6s4n33.txt,BBLCT,4,6,16,16,600.0,0,0.0,2,12.5,2,224.04,0.2,24,true,completed
CV_h6s4n34.txt,BBLCT,4,6,16,16,600.0,1,6.2,3,18.8,4,456.84,0.2,35,true,completed
CV_h6s4n35.txt,BBLCT,4,6,16,16,600.0,0,0.0,1,6.2,3,354.48,0.2,28,true,completed
CV_h6s4n36.txt,BBLCT,4,6,16,16,600.0,0,0.0,3,18.8,4,460.80,0.3,57,true,completed
CV_h6s4n37.txt,BBLCT,4,6,16,16,600.0,1,6.2,7,43.8,5,576.16,0.3,65,true,completed
CV_h6s4n38.txt,BBLCT,4,6,16,16,600.0,0,0.0,3,18.8,5,574.32,0.2,41,true,completed
CV_h6s4n39.txt,BBLCT,4,6,16,16,600.0,1,6.2,2,12.5,3,366.25,0.2,30,true,completed
CV_h6s4n4.txt,BBLCT,4,6,16,16,600.0,1,6.2,3,18.8,5,596.78,0.2,38,true,completed
CV_h6s4n40.txt,BBLCT,4,6,16,16,600.0,0,0.0,2,12.5,3,329.02,0.2,28,true,completed
CV_h6s4n5.txt,BBLCT,4,6,16,16,600.0,0,0.0,2,12.5,5,560.32,0.2,42,true,completed
CV_h6s4n6.txt,BBLCT,4,6,16,16,600.0,1,6.2,8,50.0,3,346.05,0.5,102,true,completed
CV_h6s4n7.txt,BBLCT,4,6,16,16,600.0,0,0.0,3,18.8,4,434.05,0.2,36,true,completed
CV_h6s4n8.txt,BBLCT,4,6,16,16,600.0,1,6.2,3,18.8,3,366.25,0.2,28,true,completed
CV_h6s4n9.txt,BBLCT,4,6,16,16,600.0,0,0.0,5,31.2,5,582.44,0.4,125,true,completed
CV_h6s5n1.txt,BBLCT,5,6,20,20,600.0,0,0.0,3,15.0,2,225.30,0.8,177,true,completed
CV_h6s5n10.txt,BBLCT,5,6,20,20,600.0,0,0.0,4,20.0,5,565.39,0.5,83,true,completed
CV_h6s5n11.txt,BBLCT,5,6,20,20,600.0,1,5.0,8,40.0,5,587.35,0.4,54,true,completed
CV_h6s5n12.txt,BBLCT,5,6,20,20,600.0,0,0.0,5,25.0,5,579.80,0.5,85,true,completed
CV_h6s5n13.txt,BBLCT,5,6,20,20,600.0,1,5.0,4,20.0,3,364.97,0.4,51,true,completed
CV_h6s5n14.txt,BBLCT,5,6,20,20,600.0,0,0.0,4,20.0,5,578.77,0.4,58,true,completed
CV_h6s5n15.txt,BBLCT,5,6,20,20,600.0,0,0.0,4,20.0,4,440.23,0.4,60,true,completed
CV_h6s5n16.txt,BBLCT,5,6,20,20,600.0,0,0.0,2,10.0,5,554.06,0.3,44,true,completed
CV_h6s5n17.txt,BBLCT,5,6,20,20,600.0,1,5.0,2,10.0,3,355.79,0.7,167,true,completed
CV_h6s5n18.txt,BBLCT,5,6,20,20,600.0,0,0.0,4,20.0,5,562.67,0.4,63,true,completed
CV_h6s5n19.txt,BBLCT,5,6,20,20,600.0,0,0.0,3,15.0,4,468.49,0.4,46,true,completed
CV_h6s5n2.txt,BBLCT,5,6,20,20,600.0,0,0.0,4,20.0,5,534.81,0.3,54,true,completed
CV_h6s5n20.txt,BBLCT,5,6,20,20,600.0,0,0.0,1,5.0,3,354.48,0.3,49,true,completed
CV_h6s5n21.txt,BBLCT,5,6,20,20,600.0,0,0.0,3,15.0,4,443.81,1.1,362,true,completed
CV_h6s5n22.txt,BBLCT,5,6,20,20,600.0,0,0.0,4,20.0,5,548.69,0.5,90,true,completed
CV_h6s5n23.txt,BBLCT,5,6,20,20,600.0,0,0.0,2,10.0,4,466.67,1.0,364,true,completed
CV_h6s5n24.txt,BBLCT,5,6,20,20,600.0,1,5.0,2,10.0,2,221.51,0.7,151,true,completed
CV_h6s5n25.txt,BBLCT,5,6,20,20,600.0,0,0.0,4,20.0,5,536.48,0.4,58,true,completed
CV_h6s5n26.txt,BBLCT,5,6,20,20,600.0,0,0.0,3,15.0,5,582.30,0.3,41,true,completed
CV_h6s5n27.txt,BBLCT,5,6,20,20,600.0,0,0.0,6,30.0,4,411.86,0.4,65,true,completed
CV_h6s5n28.txt,BBLCT,5,6,20,20,600.0,0,0.0,4,20.0,2,211.47,0.5,57,true,completed
CV_h6s5n29.txt,BBLCT,5,6,20,20,600.0,0,0.0,4,20.0,5,546.46,0.4,57,true,completed
CV_h6s5n3.txt,BBLCT,5,6,20,20,600.0,1,5.0,5,25.0,5,598.73,0.4,57,true,completed
CV_h6s5n30.txt,BBLCT,5,6,20,20,600.0,0,0.0,3,15.0,5,592.00,0.3,52,true,completed
CV_h6s5n31.txt,BBLCT,5,6,20,20,600.0,0,0.0,1,5.0,3,354.48,0.3,49,true,completed
CV_h6s5n32.txt,BBLCT,5,6,20,20,600.0,3,15.0,7,35.0,3,336.95,0.8,85,true,completed
CV_h6s5n33.txt,BBLCT,5,6,20,20,600.0,1,5.0,5,25.0,5,594.57,0.4,52,true,completed
CV_h6s5n34.txt,BBLCT,5,6,20,20,600.0,0,0.0,3,15.0,5,557.97,0.4,64,true,completed
CV_h6s5n35.txt,BBLCT,5,6,20,20,600.0,0,0.0,2,10.0,2,211.47,1.0,263,true,completed
CV_h6s5n36.txt,BBLCT,5,6,20,20,600.0,0,0.0,5,25.0,5,585.10,0.5,87,true,completed
CV_h6s5n37.txt,BBLCT,5,6,20,20,600.0,0,0.0,2,10.0,5,592.00,0.3,52,true,completed
CV_h6s5n38.txt,BBLCT,5,6,20,20,600.0,1,5.0,3,15.0,3,366.25,0.6,137,true,completed
CV_h6s5n39.txt,BBLCT,5,6,20,20,600.0,0,0.0,6,30.0,5,568.73,0.4,60,true,completed
CV_h6s5n4.txt,BBLCT,5,6,20,20,600.0,0,0.0,9,45.0,5,582.46,0.4,39,true,completed
CV_h6s5n40.txt,BBLCT,5,6,20,20,600.0,1,5.0,3,15.0,4,437.70,0.5,69,true,completed
CV_h6s5n5.txt,BBLCT,5,6,20,20,600.0,0,0.0,2,10.0,5,581.92,0.3,48,true,completed
CV_h6s5n6.txt,BBLCT,5,6,20,20,600.0,0,0.0,3,15.0,4,467.97,0.4,47,true,completed
CV_h6s5n7.txt,BBLCT,5,6,20,20,600.0,0,0.0,5,25.0,5,583.25,0.6,96,true,completed
CV_h6s5n8.txt,BBLCT,5,6,20,20,600.0,0,0.0,5,25.0,5,580.82,0.4,79,true,completed
CV_h6s5n9.txt,BBLCT,5,6,20,20,600.0,1,5.0,5,25.0,3,365.60,0.4,54,true,completed
CV_h6s6n1.txt,BBLCT,6,6,24,24,600.0,0,0.0,3,12.5,5,578.20,1.1,182,true,completed
CV_h6s6n10.txt,BBLCT,6,6,24,24,600.0,0,0.0,3,12.5,4,464.59,0.7,76,true,completed
CV_h6s6n11.txt,BBLCT,6,6,24,24,600.0,0,0.0,1,4.2,3,357.01,0.7,76,true,completed
CV_h6s6n12.txt,BBLCT,6,6,24,24,600.0,2,8.3,5,20.8,5,593.47,1.2,119,true,completed
CV_h6s6n13.txt,BBLCT,6,6,24,24,600.0,0,0.0,5,20.8,5,542.55,0.9,94,true,completed
CV_h6s6n14.txt,BBLCT,6,6,24,24,600.0,0,0.0,8,33.3,5,568.20,0.9,91,true,completed
CV_h6s6n15.txt,BBLCT,6,6,24,24,600.0,1,4.2,6,25.0,3,331.66,1.6,174,true,completed
CV_h6s6n16.txt,BBLCT,6,6,24,24,600.0,2,8.3,6,25.0,5,573.29,1.0,83,true,completed
CV_h6s6n17.txt,BBLCT,6,6,24,24,600.0,0,0.0,3,12.5,3,330.36,0.7,76,true,completed
CV_h6s6n18.txt,BBLCT,6,6,24,24,600.0,0,0.0,2,8.3,3,364.52,0.8,89,true,completed
CV_h6s6n19.txt,BBLCT,6,6,24,24,600.0,0,0.0,3,12.5,5,584.29,0.6,64,true,completed
CV_h6s6n2.txt,BBLCT,6,6,24,24,600.0,1,4.2,6,25.0,5,580.07,1.3,124,true,completed
CV_h6s6n20.txt,BBLCT,6,6,24,24,600.0,0,0.0,8,33.3,4,473.63,1.3,121,true,completed
CV_h6s6n21.txt,BBLCT,6,6,24,24,600.0,0,0.0,7,29.2,5,591.25,1.2,136,true,completed
CV_h6s6n22.txt,BBLCT,6,6,24,24,600.0,0,0.0,3,12.5,4,479.00,1.7,312,true,completed
CV_h6s6n23.txt,BBLCT,6,6,24,24,600.0,0,0.0,5,20.8,4,469.80,0.8,76,true,completed
CV_h6s6n24.txt,BBLCT,6,6,24,24,600.0,0,0.0,3,12.5,4,457.88,2.3,383,true,completed
CV_h6s6n25.txt,BBLCT,6,6,24,24,600.0,1,4.2,2,8.3,3,358.27,0.8,76,true,completed
CV_h6s6n26.txt,BBLCT,6,6,24,24,600.0,0,0.0,4,16.7,3,355.75,0.6,76,true,completed
CV_h6s6n27.txt,BBLCT,6,6,24,24,600.0,1,4.2,5,20.8,5,596.63,1.1,117,true,completed
CV_h6s6n28.txt,BBLCT,6,6,24,24,600.0,1,4.2,2,8.3,3,355.75,0.7,76,true,completed
CV_h6s6n29.txt,BBLCT,6,6,24,24,600.0,0,0.0,3,12.5,5,578.20,0.6,64,true,completed
CV_h6s6n3.txt,BBLCT,6,6,24,24,600.0,3,12.5,8,33.3,5,579.37,1.0,81,true,completed
CV_h6s6n30.txt,BBLCT,6,6,24,24,600.0,0,0.0,2,8.3,5,580.68,0.6,64,true,completed
CV_h6s6n31.txt,BBLCT,6,6,24,24,600.0,1,4.2,5,20.8,4,488.18,2.9,428,true,completed
CV_h6s6n32.txt,BBLCT,6,6,24,24,600.0,0,0.0,4,16.7,5,595.60,0.8,96,true,completed
CV_h6s6n33.txt,BBLCT,6,6,24,24,600.0,0,0.0,5,20.8,5,556.59,0.6,64,true,completed
CV_h6s6n34.txt,BBLCT,6,6,24,24,600.0,0,0.0,3,12.5,4,471.17,0.7,76,true,completed
CV_h6s6n35.txt,BBLCT,6,6,24,24,600.0,0,0.0,3,12.5,4,472.47,1.7,272,true,completed
CV_h6s6n36.txt,BBLCT,6,6,24,24,600.0,0,0.0,3,12.5,4,456.58,0.7,70,true,completed
CV_h6s6n37.txt,BBLCT,6,6,24,24,600.0,0,0.0,3,12.5,3,341.48,0.7,76,true,completed
CV_h6s6n38.txt,BBLCT,6,6,24,24,600.0,0,0.0,3,12.5,5,585.87,0.8,99,true,completed
CV_h6s6n39.txt,BBLCT,6,6,24,24,600.0,0,0.0,2,8.3,5,551.39,0.7,90,true,completed
CV_h6s6n4.txt,BBLCT,6,6,24,24,600.0,2,8.3,3,12.5,3,357.12,0.8,76,true,completed
CV_h6s6n40.txt,BBLCT,6,6,24,24,600.0,0,0.0,3,12.5,5,581.99,1.4,209,true,completed
CV_h6s6n5.txt,BBLCT,6,6,24,24,600.0,0,0.0,1,4.2,3,354.48,0.6,76,true,completed
CV_h6s6n6.txt,BBLCT,6,6,24,24,600.0,0,0.0,3,12.5,5,578.31,0.5,64,true,completed
CV_h6s6n7.txt,BBLCT,6,6,24,24,600.0,0,0.0,3,12.5,5,579.53,0.7,98,true,completed
CV_h6s6n8.txt,BBLCT,6,6,24,24,600.0,0,0.0,9,37.5,5,582.26,0.7,93,true,completed
CV_h6s6n9.txt,BBLCT,6,6,24,24,600.0,1,4.2,3,12.5,5,588.50,0.8,74,true,completed
CV_h6s7n1.txt,BBLCT,7,6,28,28,600.0,1,3.6,3,10.7,4,466.78,1.7,123,true,completed
CV_h6s7n10.txt,BBLCT,7,6,28,28,600.0,2,7.1,4,14.3,4,446.49,1.8,112,true,completed
CV_h6s7n11.txt,BBLCT,7,6,28,28,600.0,0,0.0,2,7.1,5,594.53,1.4,115,true,completed
CV_h6s7n12.txt,BBLCT,7,6,28,28,600.0,2,7.1,6,21.4,5,542.67,1.6,91,true,completed
CV_h6s7n13.txt,BBLCT,7,6,28,28,600.0,0,0.0,5,17.9,5,530.06,1.8,135,true,completed
CV_h6s7n14.txt,BBLCT,7,6,28,28,600.0,0,0.0,2,7.1,5,579.46,1.1,90,true,completed
CV_h6s7n15.txt,BBLCT,7,6,28,28,600.0,0,0.0,4,14.3,5,585.91,1.2,116,true,completed
CV_h6s7n16.txt,BBLCT,7,6,28,28,600.0,1,3.6,4,14.3,5,563.11,1.7,112,true,completed
CV_h6s7n17.txt,BBLCT,7,6,28,28,600.0,2,7.1,4,14.3,4,464.49,2.0,130,true,completed
CV_h6s7n18.txt,BBLCT,7,6,28,28,600.0,1,3.6,3,10.7,5,581.76,1.3,87,true,completed
CV_h6s7n19.txt,BBLCT,7,6,28,28,600.0,0,0.0,6,21.4,5,568.33,2.8,214,true,completed
CV_h6s7n2.txt,BBLCT,7,6,28,28,600.0,0,0.0,1,3.6,3,355.79,1.1,109,true,completed
CV_h6s7n20.txt,BBLCT,7,6,28,28,600.0,1,3.6,3,10.7,5,594.64,1.6,113,true,completed
CV_h6s7n21.txt,BBLCT,7,6,28,28,600.0,0,0.0,1,3.6,3,357.01,1.2,109,true,completed
CV_h6s7n22.txt,BBLCT,7,6,28,28,600.0,0,0.0,4,14.3,5,566.74,1.7,119,true,completed
CV_h6s7n23.txt,BBLCT,7,6,28,28,600.0,0,0.0,7,25.0,5,547.34,1.9,143,true,completed
CV_h6s7n24.txt,BBLCT,7,6,28,28,600.0,0,0.0,4,14.3,4,473.47,1.6,117,true,completed
CV_h6s7n25.txt,BBLCT,7,6,28,28,600.0,0,0.0,2,7.1,3,359.65,1.4,135,true,completed
CV_h6s7n26.txt,BBLCT,7,6,28,28,600.0,0,0.0,5,17.9,5,577.76,1.8,112,true,completed
CV_h6s7n27.txt,BBLCT,7,6,28,28,600.0,0,0.0,4,14.3,5,576.87,1.0,90,true,completed
CV_h6s7n28.txt,BBLCT,7,6,28,28,600.0,0,0.0,1,3.6,3,359.54,1.3,108,true,completed
CV_h6s7n29.txt,BBLCT,7,6,28,28,600.0,1,3.6,3,10.7,5,532.35,1.6,116,true,completed
CV_h6s7n3.txt,BBLCT,7,6,28,28,600.0,1,3.6,4,14.3,5,583.21,1.6,112,true,completed
CV_h6s7n30.txt,BBLCT,7,6,28,28,600.0,1,3.6,6,21.4,5,597.13,2.2,173,true,completed
CV_h6s7n31.txt,BBLCT,7,6,28,28,600.0,0,0.0,2,7.1,5,579.73,1.2,116,true,completed
CV_h6s7n32.txt,BBLCT,7,6,28,28,600.0,0,0.0,3,10.7,5,564.56,1.4,138,true,completed
CV_h6s7n33.txt,BBLCT,7,6,28,28,600.0,0,0.0,2,7.1,5,594.53,1.3,115,true,completed
CV_h6s7n34.txt,BBLCT,7,6,28,28,600.0,0,0.0,4,14.3,5,591.83,1.8,119,true,completed
CV_h6s7n35.txt,BBLCT,7,6,28,28,600.0,0,0.0,2,7.1,5,599.91,1.3,105,true,completed
CV_h6s7n36.txt,BBLCT,7,6,28,28,600.0,0,0.0,3,10.7,4,465.62,1.4,127,true,completed
CV_h6s7n37.txt,BBLCT,7,6,28,28,600.0,0,0.0,5,17.9,5,599.73,2.2,152,true,completed
CV_h6s7n38.txt,BBLCT,7,6,28,28,600.0,0,0.0,5,17.9,5,566.98,1.5,114,true,completed
CV_h6s7n39.txt,BBLCT,7,6,28,28,600.0,1,3.6,5,17.9,4,466.93,4.0,330,true,completed
CV_h6s7n4.txt,BBLCT,7,6,28,28,600.0,0,0.0,2,7.1,5,580.54,1.1,116,true,completed
CV_h6s7n40.txt,BBLCT,7,6,28,28,600.0,0,0.0,4,14.3,5,590.78,1.8,144,true,completed
CV_h6s7n5.txt,BBLCT,7,6,28,28,600.0,0,0.0,5,17.9,5,582.95,1.2,84,true,completed
CV_h6s7n6.txt,BBLCT,7,6,28,28,600.0,2,7.1,3,10.7,3,354.48,1.7,109,true,completed
CV_h6s7n7.txt,BBLCT,7,6,28,28,600.0,1,3.6,5,17.9,5,551.34,1.7,125,true,completed
CV_h6s7n8.txt,BBLCT,7,6,28,28,600.0,0,0.0,5,17.9,5,580.33,1.5,91,true,completed
CV_h6s7n9.txt,BBLCT,7,6,28,28,600.0,0,0.0,2,7.1,5,589.48,1.2,116,true,completed
CV_h7s10n1.txt,BBLCT,10,7,50,50,600.0,0,0.0,1,2.0,2,226.57,5.1,172,true,completed
CV_h7s10n10.txt,BBLCT,10,7,50,50,600.0,0,0.0,2,4.0,2,230.36,5.7,172,true,completed
CV_h7s10n11.txt,BBLCT,10,7,50,50,600.0,0,0.0,1,2.0,2,222.78,4.8,172,true,completed
CV_h7s10n12.txt,BBLCT,10,7,50,50,600.0,0,0.0,1,2.0,4,509.18,3.4,111,true,completed
CV_h7s10n13.txt,BBLCT,10,7,50,50,600.0,0,0.0,4,8.0,4,460.37,10.8,272,true,completed
CV_h7s10n14.txt,BBLCT,10,7,50,50,600.0,0,0.0,2,4.0,4,498.69,4.1,151,true,completed
CV_h7s10n15.txt,BBLCT,10,7,50,50,600.0,0,0.0,1,2.0,1,114.22,3.5,110,true,completed
CV_h7s10n16.txt,BBLCT,10,7,50,50,600.0,1,2.0,5,10.0,5,549.21,10.8,264,true,completed
CV_h7s10n17.txt,BBLCT,10,7,50,50,600.0,0,0.0,4,8.0,4,453.03,11.5,273,true,completed
CV_h7s10n18.txt,BBLCT,10,7,50,50,600.0,0,0.0,5,10.0,5,557.97,11.6,297,true,completed
CV_h7s10n19.txt,BBLCT,10,7,50,50,600.0,1,2.0,2,4.0,1,112.96,5.0,136,true,completed
CV_h7s10n2.txt,BBLCT,10,7,50,50,600.0,0,0.0,1,2.0,4,497.43,3.3,122,true,completed
CV_h7s10n20.txt,BBLCT,10,7,50,50,600.0,0,0.0,4,8.0,3,362.06,7.9,241,true,completed
CV_h7s10n21.txt,BBLCT,10,7,50,50,600.0,0,0.0,4,8.0,4,470.72,10.1,250,true,completed
CV_h7s10n22.txt,BBLCT,10,7,50,50,600.0,0,0.0,2,4.0,4,464.17,9.8,269,true,completed
CV_h7s10n23.txt,BBLCT,10,7,50,50,600.0,0,0.0,1,2.0,4,492.38,3.5,148,true,completed
CV_h7s10n24.txt,BBLCT,10,7,50,50,600.0,0,0.0,1,2.0,4,501.22,3.2,105,true,completed
CV_h7s10n25.txt,BBLCT,10,7,50,50,600.0,2,4.0,3,6.0,4,510.44,4.1,93,true,completed
CV_h7s10n26.txt,BBLCT,10,7,50,50,600.0,0,0.0,1,2.0,3,363.33,7.6,239,true,completed
CV_h7s10n27.txt,BBLCT,10,7,50,50,600.0,0,0.0,2,4.0,4,469.64,7.9,293,true,completed
CV_h7s10n28.txt,BBLCT,10,7,50,50,600.0,0,0.0,1,2.0,3,355.79,6.0,241,true,completed
CV_h7s10n29.txt,BBLCT,10,7,50,50,600.0,0,0.0,3,6.0,5,572.96,9.4,264,true,completed
CV_h7s10n3.txt,BBLCT,10,7,50,50,600.0,0,0.0,2,4.0,4,499.07,5.0,212,true,completed
CV_h7s10n30.txt,BBLCT,10,7,50,50,600.0,0,0.0,2,4.0,3,346.78,8.5,244,true,completed
CV_h7s10n31.txt,BBLCT,10,7,50,50,600.0,1,2.0,4,8.0,5,582.10,7.5,198,true,completed
CV_h7s10n32.txt,BBLCT,10,7,50,50,600.0,0,0.0,5,10.0,3,354.48,7.8,241,true,completed
CV_h7s10n33.txt,BBLCT,10,7,50,50,600.0,0,0.0,1,2.0,4,497.43,4.6,178,true,completed
CV_h7s10n34.txt,BBLCT,10,7,50,50,600.0,0,0.0,5,10.0,5,577.01,9.2,255,true,completed
CV_h7s10n35.txt,BBLCT,10,7,50,50,600.0,0,0.0,2,4.0,3,354.48,7.4,241,true,completed
CV_h7s10n36.txt,BBLCT,10,7,50,50,600.0,0,0.0,4,8.0,4,448.79,10.9,275,true,completed
CV_h7s10n37.txt,BBLCT,10,7,50,50,600.0,0,0.0,1,2.0,3,360.80,7.2,242,true,completed
CV_h7s10n38.txt,BBLCT,10,7,50,50,600.0,0,0.0,3,6.0,4,507.92,7.3,198,true,completed
CV_h7s10n39.txt,BBLCT,10,7,50,50,600.0,0,0.0,1,2.0,4,498.69,4.1,151,true,completed
CV_h7s10n4.txt,BBLCT,10,7,50,50,600.0,0,0.0,2,4.0,5,589.57,7.8,248,true,completed
CV_h7s10n40.txt,BBLCT,10,7,50,50,600.0,0,0.0,1,2.0,3,355.79,6.1,241,true,completed
CV_h7s10n5.txt,BBLCT,10,7,50,50,600.0,0,0.0,1,2.0,3,358.27,6.7,243,true,completed
CV_h7s10n6.txt,BBLCT,10,7,50,50,600.0,0,0.0,2,4.0,3,359.54,7.0,243,true,completed
CV_h7s10n7.txt,BBLCT,10,7,50,50,600.0,0,0.0,1,2.0,3,359.54,6.9,243,true,completed
CV_h7s10n8.txt,BBLCT,10,7,50,50,600.0,0,0.0,1,2.0,3,358.27,6.7,243,true,completed
CV_h7s10n9.txt,BBLCT,10,7,50,50,600.0,0,0.0,5,10.0,5,572.14,8.2,258,true,completed
CV_h7s4n1.txt,BBLCT,4,7,20,20,600.0,0,0.0,2,10.0,1,111.69,0.2,31,true,completed
CV_h7s4n10.txt,BBLCT,4,7,20,20,600.0,0,0.0,3,15.0,5,584.72,0.3,47,true,completed
CV_h7s4n11.txt,BBLCT,4,7,20,20,600.0,0,0.0,3,15.0,5,580.82,0.3,61,true,completed
CV_h7s4n12.txt,BBLCT,4,7,20,20,600.0,0,0.0,1,5.0,3,354.48,0.2,28,true,completed
CV_h7s4n13.txt,BBLCT,4,7,20,20,600.0,0,0.0,1,5.0,3,354.48,0.2,28,true,completed
CV_h7s4n14.txt,BBLCT,4,7,20,20,600.0,0,0.0,3,15.0,4,492.38,0.2,26,true,completed
CV_h7s4n15.txt,BBLCT,4,7,20,20,600.0,0,0.0,7,35.0,5,590.51,0.3,50,true,completed
CV_h7s4n16.txt,BBLCT,4,7,20,20,600.0,0,0.0,2,10.0,4,511.79,0.2,26,true,completed
CV_h7s4n17.txt,BBLCT,4,7,20,20,600.0,0,0.0,1,5.0,3,359.65,0.2,28,true,completed
CV_h7s4n18.txt,BBLCT,4,7,20,20,600.0,1,5.0,5,25.0,5,595.27,0.5,137,true,completed
CV_h7s4n19.txt,BBLCT,4,7,20,20,600.0,0,0.0,2,10.0,3,330.36,0.4,130,true,completed
CV_h7s4n2.txt,BBLCT,4,7,20,20,600.0,0,0.0,1,5.0,4,497.74,0.2,26,true,completed
CV_h7s4n20.txt,BBLCT,4,7,20,20,600.0,0,0.0,2,10.0,4,433.75,0.2,34,true,completed
CV_h7s4n21.txt,BBLCT,4,7,20,20,600.0,0,0.0,3,15.0,2,211.38,0.3,63,true,completed
CV_h7s4n22.txt,BBLCT,4,7,20,20,600.0,3,15.0,3,15.0,0,0.00,0.2,24,true,completed
CV_h7s4n23.txt,BBLCT,4,7,20,20,600.0,0,0.0,7,35.0,5,559.70,0.3,63,true,completed
CV_h7s4n24.txt,BBLCT,4,7,20,20,600.0,0,0.0,1,5.0,4,501.60,0.2,26,true,completed
CV_h7s4n25.txt,BBLCT,4,7,20,20,600.0,3,15.0,4,20.0,2,233.26,0.2,33,true,completed
CV_h7s4n26.txt,BBLCT,4,7,20,20,600.0,0,0.0,1,5.0,4,492.38,0.2,26,true,completed
CV_h7s4n27.txt,BBLCT,4,7,20,20,600.0,0,0.0,1,5.0,2,220.18,0.2,22,true,completed
CV_h7s4n28.txt,BBLCT,4,7,20,20,600.0,0,0.0,1,5.0,2,220.18,0.2,22,true,completed
CV_h7s4n29.txt,BBLCT,4,7,20,20,600.0,1,5.0,3,15.0,2,240.93,0.2,32,true,completed
CV_h7s4n3.txt,BBLCT,4,7,20,20,600.0,0,0.0,5,25.0,5,550.51,0.3,39,true,completed
CV_h7s4n30.txt,BBLCT,4,7,20,20,600.0,1,5.0,2,10.0,1,111.69,0.2,16,true,completed
CV_h7s4n31.txt,BBLCT,4,7,20,20,600.0,1,5.0,5,25.0,5,591.17,0.3,46,true,completed
CV_h7s4n32.txt,BBLCT,4,7,20,20,600.0,0,0.0,1,5.0,3,359.65,0.2,28,true,completed
CV_h7s4n33.txt,BBLCT,4,7,20,20,600.0,0,0.0,2,10.0,5,542.93,0.2,24,true,completed
CV_h7s4n34.txt,BBLCT,4,7,20,20,600.0,0,0.0,1,5.0,3,359.65,0.3,146,true,completed
CV_h7s4n35.txt,BBLCT,4,7,20,20,600.0,0,0.0,2,10.0,4,456.58,0.2,26,true,completed
CV_h7s4n36.txt,BBLCT,4,7,20,20,600.0,0,0.0,3,15.0,4,443.97,0.2,29,true,completed
CV_h7s4n37.txt,BBLCT,4,7,20,20,600.0,0,0.0,1,5.0,4,492.38,0.2,26,true,completed
CV_h7s4n38.txt,BBLCT,4,7,20,20,600.0,0,0.0,1,5.0,1,111.69,0.2,79,true,completed
CV_h7s4n39.txt,BBLCT,4,7,20,20,600.0,0,0.0,1,5.0,1,111.69,0.2,71,true,completed
CV_h7s4n4.txt,BBLCT,4,7,20,20,600.0,0,0.0,3,15.0,5,513.31,0.2,29,true,completed
CV_h7s4n40.txt,BBLCT,4,7,20,20,600.0,0,0.0,3,15.0,3,358.13,0.2,33,true,completed
CV_h7s4n5.txt,BBLCT,4,7,20,20,600.0,0,0.0,2,10.0,4,501.60,0.2,29,true,completed
CV_h7s4n6.txt,BBLCT,4,7,20,20,600.0,0,0.0,2,10.0,3,330.36,0.2,36,true,completed
CV_h7s4n7.txt,BBLCT,4,7,20,20,600.0,0,0.0,5,25.0,5,580.05,0.4,104,true,completed
CV_h7s4n8.txt,BBLCT,4,7,20,20,600.0,0,0.0,2,10.0,5,530.88,0.2,31,true,completed
CV_h7s4n9.txt,BBLCT,4,7,20,20,600.0,2,10.0,3,15.0,2,229.36,0.3,59,true,completed
CV_h7s5n1.txt,BBLCT,5,7,25,25,600.0,0,0.0,1,4.0,3,354.48,0.4,49,true,completed
CV_h7s5n10.txt,BBLCT,5,7,25,25,600.0,0,0.0,1,4.0,3,357.01,0.3,49,true,completed
CV_h7s5n11.txt,BBLCT,5,7,25,25,600.0,0,0.0,2,8.0,1,110.43,0.5,86,true,completed
CV_h7s5n12.txt,BBLCT,5,7,25,25,600.0,0,0.0,2,8.0,4,492.38,0.3,48,true,completed
CV_h7s5n13.txt,BBLCT,5,7,25,25,600.0,0,0.0,5,20.0,2,222.78,0.3,37,true,completed
CV_h7s5n14.txt,BBLCT,5,7,25,25,600.0,0,0.0,3,12.0,4,427.53,0.4,73,true,completed
CV_h7s5n15.txt,BBLCT,5,7,25,25,600.0,0,0.0,2,8.0,5,599.80,0.3,49,true,completed
CV_h7s5n16.txt,BBLCT,5,7,25,25,600.0,0,0.0,3,12.0,4,468.19,0.3,54,true,completed
CV_h7s5n17.txt,BBLCT,5,7,25,25,600.0,0,0.0,2,8.0,2,212.64,1.1,284,true,completed
CV_h7s5n18.txt,BBLCT,5,7,25,25,600.0,1,4.0,4,16.0,2,232.00,0.5,59,true,completed
CV_h7s5n19.txt,BBLCT,5,7,25,25,600.0,1,4.0,3,12.0,4,465.96,0.4,44,true,completed
CV_h7s5n2.txt,BBLCT,5,7,25,25,600.0,1,4.0,7,28.0,4,482.07,0.7,91,true,completed
CV_h7s5n20.txt,BBLCT,5,7,25,25,600.0,0,0.0,1,4.0,4,502.86,0.3,44,true,completed
CV_h7s5n21.txt,BBLCT,5,7,25,25,600.0,0,0.0,1,4.0,4,502.86,0.3,44,true,completed
CV_h7s5n22.txt,BBLCT,5,7,25,25,600.0,0,0.0,4,16.0,4,460.41,0.4,52,true,completed
CV_h7s5n23.txt,BBLCT,5,7,25,25,600.0,0,0.0,1,4.0,4,493.64,0.4,99,true,completed
CV_h7s5n24.txt,BBLCT,5,7,25,25,600.0,1,4.0,2,8.0,4,497.74,0.4,70,true,completed
CV_h7s5n25.txt,BBLCT,5,7,25,25,600.0,1,4.0,5,20.0,4,432.49,0.4,59,true,completed
CV_h7s5n26.txt,BBLCT,5,7,25,25,600.0,0,0.0,2,8.0,5,599.80,0.4,58,true,completed
CV_h7s5n27.txt,BBLCT,5,7,25,25,600.0,0,0.0,1,4.0,2,221.51,0.3,37,true,completed
CV_h7s5n28.txt,BBLCT,5,7,25,25,600.0,0,0.0,2,8.0,4,459.53,0.3,47,true,completed
CV_h7s5n29.txt,BBLCT,5,7,25,25,600.0,0,0.0,2,8.0,5,588.50,0.3,52,true,completed
CV_h7s5n3.txt,BBLCT,5,7,25,25,600.0,0,0.0,1,4.0,3,355.75,0.3,49,true,completed
CV_h7s5n30.txt,BBLCT,5,7,25,25,600.0,0,0.0,6,24.0,5,597.91,0.7,113,true,completed
CV_h7s5n31.txt,BBLCT,5,7,25,25,600.0,0,0.0,1,4.0,4,492.38,0.3,48,true,completed
CV_h7s5n32.txt,BBLCT,5,7,25,25,600.0,2,8.0,3,12.0,4,515.85,0.3,34,true,completed
CV_h7s5n33.txt,BBLCT,5,7,25,25,600.0,0,0.0,3,12.0,5,589.10,0.4,53,true,completed
CV_h7s5n34.txt,BBLCT,5,7,25,25,600.0,1,4.0,4,16.0,5,582.58,0.5,60,true,completed
CV_h7s5n35.txt,BBLCT,5,7,25,25,600.0,0,0.0,5,20.0,5,582.49,0.6,116,true,completed
CV_h7s5n36.txt,BBLCT,5,7,25,25,600.0,0,0.0,2,8.0,3,335.68,1.2,363,true,completed
CV_h7s5n37.txt,BBLCT,5,7,25,25,600.0,1,4.0,2,8.0,4,499.07,0.3,36,true,completed
CV_h7s5n38.txt,BBLCT,5,7,25,25,600.0,1,4.0,5,20.0,5,561.65,0.4,57,true,completed
CV_h7s5n39.txt,BBLCT,5,7,25,25,600.0,0,0.0,2,8.0,4,497.74,0.4,66,true,completed
CV_h7s5n4.txt,BBLCT,5,7,25,25,600.0,0,0.0,2,8.0,3,341.92,0.4,49,true,completed
CV_h7s5n40.txt,BBLCT,5,7,25,25,600.0,0,0.0,3,12.0,5,571.39,0.4,56,true,completed
CV_h7s5n5.txt,BBLCT,5,7,25,25,600.0,1,4.0,5,20.0,5,584.60,0.3,41,true,completed
CV_h7s5n6.txt,BBLCT,5,7,25,25,600.0,0,0.0,3,12.0,2,221.57,0.6,65,true,completed
CV_h7s5n7.txt,BBLCT,5,7,25,25,600.0,0,0.0,2,8.0,5,529.82,0.3,54,true,completed
CV_h7s5n8.txt,BBLCT,5,7,25,25,600.0,0,0.0,1,4.0,3,355.79,0.3,49,true,completed
CV_h7s5n9.txt,BBLCT,5,7,25,25,600.0,0,0.0,3,12.0,4,460.80,0.5,79,true,completed
CV_h7s6n1.txt,BBLCT,6,7,30,30,600.0,0,0.0,1,3.3,2,222.78,0.5,56,true,completed
CV_h7s6n10.txt,BBLCT,6,7,30,30,600.0,0,0.0,1,3.3,3,358.27,0.7,76,true,completed
CV_h7s6n11.txt,BBLCT,6,7,30,30,600.0,0,0.0,2,6.7,1,116.86,0.9,86,true,completed
CV_h7s6n12.txt,BBLCT,6,7,30,30,600.0,0,0.0,5,16.7,5,582.93,0.7,87,true,completed
CV_h7s6n13.txt,BBLCT,6,7,30,30,600.0,0,0.0,1,3.3,1,107.84,0.8,103,true,completed
CV_h7s6n14.txt,BBLCT,6,7,30,30,600.0,2,6.7,5,16.7,4,446.71,1.4,120,true,completed
CV_h7s6n15.txt,BBLCT,6,7,30,30,600.0,0,0.0,4,13.3,4,455.36,0.7,87,true,completed
CV_h7s6n16.txt,BBLCT,6,7,30,30,600.0,0,0.0,2,6.7,5,554.06,0.6,66,true,completed
CV_h7s6n17.txt,BBLCT,6,7,30,30,600.0,0,0.0,4,13.3,1,111.80,0.9,84,true,completed
CV_h7s6n18.txt,BBLCT,6,7,30,30,600.0,0,0.0,2,6.7,5,575.56,0.6,81,true,completed
CV_h7s6n19.txt,BBLCT,6,7,30,30,600.0,0,0.0,1,3.3,3,357.01,0.6,76,true,completed
CV_h7s6n2.txt,BBLCT,6,7,30,30,600.0,0,0.0,3,10.0,4,465.51,0.9,88,true,completed
CV_h7s6n20.txt,BBLCT,6,7,30,30,600.0,0,0.0,1,3.3,3,362.17,0.7,75,true,completed
CV_h7s6n21.txt,BBLCT,6,7,30,30,600.0,0,0.0,3,10.0,5,589.66,0.6,74,true,completed
CV_h7s6n22.txt,BBLCT,6,7,30,30,600.0,0,0.0,2,6.7,5,582.10,0.7,72,true,completed
CV_h7s6n23.txt,BBLCT,6,7,30,30,600.0,1,3.3,2,6.7,4,500.33,0.6,52,true,completed
CV_h7s6n24.txt,BBLCT,6,7,30,30,600.0,0,0.0,1,3.3,4,493.64,0.5,65,true,completed
CV_h7s6n25.txt,BBLCT,6,7,30,30,600.0,1,3.3,2,6.7,4,499.07,0.6,68,true,completed
CV_h7s6n26.txt,BBLCT,6,7,30,30,600.0,0,0.0,1,3.3,4,492.38,0.6,73,true,completed
CV_h7s6n27.txt,BBLCT,6,7,30,30,600.0,0,0.0,1,3.3,4,504.12,0.6,59,true,completed
CV_h7s6n28.txt,BBLCT,6,7,30,30,600.0,0,0.0,1,3.3,4,504.12,0.6,59,true,completed
CV_h7s6n29.txt,BBLCT,6,7,30,30,600.0,0,0.0,1,3.3,2,221.51,0.5,56,true,completed
CV_h7s6n3.txt,BBLCT,6,7,30,30,600.0,1,3.3,4,13.3,4,502.86,0.6,61,true,completed
CV_h7s6n30.txt,BBLCT,6,7,30,30,600.0,0,0.0,1,3.3,4,504.12,0.5,59,true,completed
CV_h7s6n31.txt,BBLCT,6,7,30,30,600.0,0,0.0,3,10.0,5,556.44,0.8,80,true,completed
CV_h7s6n32.txt,BBLCT,6,7,30,30,600.0,0,0.0,2,6.7,4,504.12,0.6,59,true,completed
CV_h7s6n33.txt,BBLCT,6,7,30,30,600.0,2,6.7,3,10.0,3,372.63,2.9,351,true,completed
CV_h7s6n34.txt,BBLCT,6,7,30,30,600.0,0,0.0,5,16.7,5,569.22,0.7,61,true,completed
CV_h7s6n35.txt,BBLCT,6,7,30,30,600.0,0,0.0,3,10.0,5,513.05,0.8,81,true,completed
CV_h7s6n36.txt,BBLCT,6,7,30,30,600.0,0,0.0,1,3.3,4,497.74,0.5,73,true,completed
CV_h7s6n37.txt,BBLCT,6,7,30,30,600.0,0,0.0,1,3.3,2,226.57,0.6,56,true,completed
CV_h7s6n38.txt,BBLCT,6,7,30,30,600.0,0,0.0,1,3.3,4,497.74,0.7,106,true,completed
CV_h7s6n39.txt,BBLCT,6,7,30,30,600.0,1,3.3,4,13.3,5,554.06,0.7,60,true,completed
CV_h7s6n4.txt,BBLCT,6,7,30,30,600.0,0,0.0,1,3.3,4,493.64,0.8,130,true,completed
CV_h7s6n40.txt,BBLCT,6,7,30,30,600.0,0,0.0,2,6.7,4,518.19,0.7,87,true,completed
CV_h7s6n5.txt,BBLCT,6,7,30,30,600.0,0,0.0,1,3.3,4,497.74,0.5,73,true,completed
CV_h7s6n6.txt,BBLCT,6,7,30,30,600.0,0,0.0,9,30.0,5,579.16,1.4,205,true,completed
CV_h7s6n7.txt,BBLCT,6,7,30,30,600.0,0,0.0,1,3.3,4,504.12,0.5,59,true,completed
CV_h7s6n8.txt,BBLCT,6,7,30,30,600.0,4,13.3,5,16.7,2,229.47,0.8,56,true,completed
CV_h7s6n9.txt,BBLCT,6,7,30,30,600.0,0,0.0,1,3.3,4,493.64,0.9,130,true,completed
CV_h7s7n1.txt,BBLCT,7,7,35,35,600.0,2,5.7,4,11.4,5,593.85,1.6,87,true,completed
CV_h7s7n10.txt,BBLCT,7,7,35,35,600.0,2,5.7,3,8.6,4,505.39,1.1,67,true,completed
CV_h7s7n11.txt,BBLCT,7,7,35,35,600.0,1,2.9,3,8.6,5,587.19,1.7,131,true,completed
CV_h7s7n12.txt,BBLCT,7,7,35,35,600.0,0,0.0,4,11.4,4,505.39,1.3,96,true,completed
CV_h7s7n13.txt,BBLCT,7,7,35,35,600.0,0,0.0,4,11.4,4,464.25,1.5,124,true,completed
CV_h7s7n14.txt,BBLCT,7,7,35,35,600.0,2,5.7,4,11.4,4,455.56,2.0,112,true,completed
CV_h7s7n15.txt,BBLCT,7,7,35,35,600.0,0,0.0,2,5.7,4,502.86,1.0,95,true,completed
CV_h7s7n16.txt,BBLCT,7,7,35,35,600.0,0,0.0,1,2.9,2,221.51,0.9,79,true,completed
CV_h7s7n17.txt,BBLCT,7,7,35,35,600.0,3,8.6,5,14.3,4,455.42,2.1,115,true,completed
CV_h7s7n18.txt,BBLCT,7,7,35,35,600.0,0,0.0,1,2.9,4,494.90,0.9,79,true,completed
CV_h7s7n19.txt,BBLCT,7,7,35,35,600.0,0,0.0,1,2.9,2,226.57,1.0,79,true,completed
CV_h7s7n2.txt,BBLCT,7,7,35,35,600.0,0,0.0,1,2.9,4,496.17,0.9,76,true,completed
CV_h7s7n20.txt,BBLCT,7,7,35,35,600.0,0,0.0,1,2.9,3,363.44,1.4,107,true,completed
CV_h7s7n21.txt,BBLCT,7,7,35,35,600.0,0,0.0,1,2.9,4,493.64,0.9,86,true,completed
CV_h7s7n22.txt,BBLCT,7,7,35,35,600.0,0,0.0,1,2.9,4,494.90,0.9,79,true,completed
CV_h7s7n23.txt,BBLCT,7,7,35,35,600.0,0,0.0,3,8.6,2,226.34,1.3,79,true,completed
CV_h7s7n24.txt,BBLCT,7,7,35,35,600.0,0,0.0,5,14.3,5,590.78,1.3,116,true,completed
CV_h7s7n25.txt,BBLCT,7,7,35,35,600.0,0,0.0,4,11.4,5,506.68,1.7,110,true,completed
CV_h7s7n26.txt,BBLCT,7,7,35,35,600.0,0,0.0,6,17.1,4,422.72,2.0,132,true,completed
CV_h7s7n27.txt,BBLCT,7,7,35,35,600.0,0,0.0,2,5.7,4,460.37,1.6,113,true,completed
CV_h7s7n28.txt,BBLCT,7,7,35,35,600.0,0,0.0,4,11.4,5,575.52,1.3,116,true,completed
CV_h7s7n29.txt,BBLCT,7,7,35,35,600.0,0,0.0,1,2.9,3,358.27,1.3,109,true,completed
CV_h7s7n3.txt,BBLCT,7,7,35,35,600.0,0,0.0,1,2.9,4,493.64,0.9,86,true,completed
CV_h7s7n30.txt,BBLCT,7,7,35,35,600.0,0,0.0,1,2.9,1,110.43,1.1,96,true,completed
CV_h7s7n31.txt,BBLCT,7,7,35,35,600.0,0,0.0,3,8.6,4,467.07,1.6,121,true,completed
CV_h7s7n32.txt,BBLCT,7,7,35,35,600.0,1,2.9,3,8.6,4,469.28,1.6,103,true,completed
CV_h7s7n33.txt,BBLCT,7,7,35,35,600.0,0,0.0,2,5.7,5,593.45,1.0,82,true,completed
CV_h7s7n34.txt,BBLCT,7,7,35,35,600.0,0,0.0,2,5.7,5,582.26,1.5,138,true,completed
CV_h7s7n35.txt,BBLCT,7,7,35,35,600.0,0,0.0,1,2.9,2,220.18,0.9,79,true,completed
CV_h7s7n36.txt,BBLCT,7,7,35,35,600.0,1,2.9,3,8.6,3,355.75,1.6,109,true,completed
CV_h7s7n37.txt,BBLCT,7,7,35,35,600.0,0,0.0,2,5.7,2,221.51,1.0,79,true,completed
CV_h7s7n38.txt,BBLCT,7,7,35,35,600.0,0,0.0,4,11.4,5,575.52,1.3,116,true,completed
CV_h7s7n39.txt,BBLCT,7,7,35,35,600.0,0,0.0,3,8.6,4,432.49,1.5,136,true,completed
CV_h7s7n4.txt,BBLCT,7,7,35,35,600.0,0,0.0,4,11.4,5,513.10,1.5,118,true,completed
CV_h7s7n40.txt,BBLCT,7,7,35,35,600.0,0,0.0,3,8.6,5,562.62,1.4,124,true,completed
CV_h7s7n5.txt,BBLCT,7,7,35,35,600.0,0,0.0,1,2.9,3,355.75,1.2,109,true,completed
CV_h7s7n6.txt,BBLCT,7,7,35,35,600.0,0,0.0,1,2.9,3,363.44,1.4,107,true,completed
CV_h7s7n7.txt,BBLCT,7,7,35,35,600.0,0,0.0,5,14.3,4,421.09,1.9,133,true,completed
CV_h7s7n8.txt,BBLCT,7,7,35,35,600.0,1,2.9,3,8.6,3,330.29,1.6,109,true,completed
CV_h7s7n9.txt,BBLCT,7,7,35,35,600.0,0,0.0,3,8.6,5,555.34,1.5,124,true,completed
CV_h7s8n1.txt,BBLCT,8,7,40,40,600.0,0,0.0,4,10.0,5,591.09,1.5,82,true,completed
CV_h7s8n10.txt,BBLCT,8,7,40,40,600.0,0,0.0,3,7.5,4,512.61,1.9,97,true,completed
CV_h7s8n11.txt,BBLCT,8,7,40,40,600.0,1,2.5,2,5.0,4,497.74,2.0,109,true,completed
CV_h7s8n12.txt,BBLCT,8,7,40,40,600.0,0,0.0,4,10.0,5,588.68,3.4,178,true,completed
CV_h7s8n13.txt,BBLCT,8,7,40,40,600.0,0,0.0,2,5.0,2,220.20,2.0,106,true,completed
CV_h7s8n14.txt,BBLCT,8,7,40,40,600.0,0,0.0,1,2.5,4,496.17,2.5,181,true,completed
CV_h7s8n15.txt,BBLCT,8,7,40,40,600.0,1,2.5,3,7.5,5,576.78,2.4,119,true,completed
CV_h7s8n16.txt,BBLCT,8,7,40,40,600.0,0,0.0,2,5.0,4,459.38,2.7,175,true,completed
CV_h7s8n17.txt,BBLCT,8,7,40,40,600.0,0,0.0,4,10.0,5,590.74,2.5,155,true,completed
CV_h7s8n18.txt,BBLCT,8,7,40,40,600.0,0,0.0,3,7.5,5,585.91,2.0,133,true,completed
CV_h7s8n19.txt,BBLCT,8,7,40,40,600.0,0,0.0,1,2.5,4,506.65,1.6,90,true,completed
CV_h7s8n2.txt,BBLCT,8,7,40,40,600.0,0,0.0,1,2.5,4,496.17,2.6,179,true,completed
CV_h7s8n20.txt,BBLCT,8,7,40,40,600.0,1,2.5,3,7.5,2,214.74,3.3,143,true,completed
CV_h7s8n21.txt,BBLCT,8,7,40,40,600.0,0,0.0,5,12.5,5,590.84,3.6,194,true,completed
CV_h7s8n22.txt,BBLCT,8,7,40,40,600.0,0,0.0,2,5.0,3,335.41,3.1,155,true,completed
CV_h7s8n23.txt,BBLCT,8,7,40,40,600.0,1,2.5,2,5.0,1,114.22,2.0,86,true,completed
CV_h7s8n24.txt,BBLCT,8,7,40,40,600.0,0,0.0,5,12.5,5,584.54,3.2,151,true,completed
CV_h7s8n25.txt,BBLCT,8,7,40,40,600.0,0,0.0,2,5.0,1,107.84,2.2,122,true,completed
CV_h7s8n26.txt,BBLCT,8,7,40,40,600.0,1,2.5,3,7.5,4,513.32,2.1,121,true,completed
CV_h7s8n27.txt,BBLCT,8,7,40,40,600.0,0,0.0,1,2.5,4,496.17,1.5,98,true,completed
CV_h7s8n28.txt,BBLCT,8,7,40,40,600.0,0,0.0,4,10.0,5,558.10,3.2,173,true,completed
CV_h7s8n29.txt,BBLCT,8,7,40,40,600.0,0,0.0,1,2.5,4,498.69,1.4,82,true,completed
CV_h7s8n3.txt,BBLCT,8,7,40,40,600.0,0,0.0,2,5.0,4,505.39,2.2,134,true,completed
CV_h7s8n30.txt,BBLCT,8,7,40,40,600.0,0,0.0,2,5.0,4,498.69,1.9,115,true,completed
CV_h7s8n31.txt,BBLCT,8,7,40,40,600.0,1,2.5,3,7.5,5,589.53,1.8,86,true,completed
CV_h7s8n32.txt,BBLCT,8,7,40,40,600.0,0,0.0,1,2.5,4,493.64,1.5,107,true,completed
CV_h7s8n33.txt,BBLCT,8,7,40,40,600.0,1,2.5,2,5.0,3,354.48,2.9,153,true,completed
CV_h7s8n34.txt,BBLCT,8,7,40,40,600.0,0,0.0,2,5.0,4,463.03,2.6,174,true,completed
CV_h7s8n35.txt,BBLCT,8,7,40,40,600.0,0,0.0,3,7.5,4,500.33,4.2,244,true,completed
CV_h7s8n36.txt,BBLCT,8,7,40,40,600.0,0,0.0,4,10.0,4,406.83,3.9,220,true,completed
CV_h7s8n37.txt,BBLCT,8,7,40,40,600.0,0,0.0,2,5.0,3,342.99,3.0,155,true,completed
CV_h7s8n38.txt,BBLCT,8,7,40,40,600.0,0,0.0,2,5.0,2,220.02,2.1,106,true,completed
CV_h7s8n39.txt,BBLCT,8,7,40,40,600.0,0,0.0,2,5.0,4,455.32,2.7,175,true,completed
CV_h7s8n4.txt,BBLCT,8,7,40,40,600.0,0,0.0,1,2.5,2,227.83,2.0,106,true,completed
CV_h7s8n40.txt,BBLCT,8,7,40,40,600.0,0,0.0,1,2.5,3,360.80,2.8,146,true,completed
CV_h7s8n5.txt,BBLCT,8,7,40,40,600.0,0,0.0,1,2.5,3,355.79,2.1,147,true,completed
CV_h7s8n6.txt,BBLCT,8,7,40,40,600.0,0,0.0,1,2.5,3,359.54,2.5,147,true,completed
CV_h7s8n7.txt,BBLCT,8,7,40,40,600.0,0,0.0,7,17.5,5,557.63,3.7,159,true,completed
CV_h7s8n8.txt,BBLCT,8,7,40,40,600.0,1,2.5,3,7.5,3,354.48,2.9,147,true,completed
CV_h7s8n9.txt,BBLCT,8,7,40,40,600.0,0,0.0,1,2.5,3,358.27,2.4,148,true,completed
CV_h7s9n1.txt,BBLCT,9,7,45,45,600.0,0,0.0,1,2.2,2,227.83,3.3,137,true,completed
CV_h7s9n10.txt,BBLCT,9,7,45,45,600.0,1,2.2,2,4.4,3,365.96,5.7,188,true,completed
CV_h7s9n11.txt,BBLCT,9,7,45,45,600.0,1,2.2,3,6.7,5,583.25,4.5,151,true,completed
CV_h7s9n12.txt,BBLCT,9,7,45,45,600.0,0,0.0,1,2.2,4,493.64,2.3,124,true,completed
CV_h7s9n13.txt,BBLCT,9,7,45,45,600.0,1,2.2,3,6.7,4,531.73,2.8,98,true,completed
CV_h7s9n14.txt,BBLCT,9,7,45,45,600.0,0,0.0,1,2.2,1,118.01,2.1,77,true,completed
CV_h7s9n15.txt,BBLCT,9,7,45,45,600.0,0,0.0,5,11.1,5,576.68,7.0,260,true,completed
CV_h7s9n16.txt,BBLCT,9,7,45,45,600.0,0,0.0,1,2.2,4,498.69,2.2,100,true,completed
CV_h7s9n17.txt,BBLCT,9,7,45,45,600.0,0,0.0,1,2.2,2,221.51,2.8,137,true,completed
CV_h7s9n18.txt,BBLCT,9,7,45,45,600.0,2,4.4,3,6.7,4,501.60,3.0,95,true,completed
CV_h7s9n19.txt,BBLCT,9,7,45,45,600.0,0,0.0,2,4.4,5,587.90,4.6,202,true,completed
CV_h7s9n2.txt,BBLCT,9,7,45,45,600.0,0,0.0,3,6.7,5,599.80,5.6,240,true,completed
CV_h7s9n20.txt,BBLCT,9,7,45,45,600.0,0,0.0,3,6.7,3,336.67,5.0,193,true,completed
CV_h7s9n21.txt,BBLCT,9,7,45,45,600.0,0,0.0,4,8.9,5,580.73,4.2,204,true,completed
CV_h7s9n22.txt,BBLCT,9,7,45,45,600.0,0,0.0,3,6.7,5,595.83,6.2,326,true,completed
CV_h7s9n23.txt,BBLCT,9,7,45,45,600.0,0,0.0,1,2.2,4,494.90,2.2,116,true,completed
CV_h7s9n24.txt,BBLCT,9,7,45,45,600.0,0,0.0,2,4.4,2,216.25,5.2,197,true,completed
CV_h7s9n25.txt,BBLCT,9,7,45,45,600.0,1,2.2,2,4.4,4,504.12,2.7,107,true,completed
CV_h7s9n26.txt,BBLCT,9,7,45,45,600.0,0,0.0,3,6.7,4,447.97,5.8,232,true,completed
CV_h7s9n27.txt,BBLCT,9,7,45,45,600.0,0,0.0,3,6.7,4,462.03,5.5,210,true,completed
CV_h7s9n28.txt,BBLCT,9,7,45,45,600.0,1,2.2,3,6.7,1,109.17,2.6,88,true,completed
CV_h7s9n29.txt,BBLCT,9,7,45,45,600.0,0,0.0,2,4.4,4,497.43,5.0,209,true,completed
CV_h7s9n3.txt,BBLCT,9,7,45,45,600.0,0,0.0,2,4.4,5,588.31,4.5,198,true,completed
CV_h7s9n30.txt,BBLCT,9,7,45,45,600.0,1,2.2,2,4.4,2,221.51,3.8,137,true,completed
CV_h7s9n31.txt,BBLCT,9,7,45,45,600.0,0,0.0,3,6.7,4,469.64,6.1,203,true,completed
CV_h7s9n32.txt,BBLCT,9,7,45,45,600.0,0,0.0,2,4.4,2,225.07,3.5,137,true,completed
CV_h7s9n33.txt,BBLCT,9,7,45,45,600.0,0,0.0,1,2.2,4,507.91,2.1,90,true,completed
CV_h7s9n34.txt,BBLCT,9,7,45,45,600.0,0,0.0,4,8.9,5,574.38,6.0,248,true,completed
CV_h7s9n35.txt,BBLCT,9,7,45,45,600.0,0,0.0,1,2.2,1,111.69,2.7,118,true,completed
CV_h7s9n36.txt,BBLCT,9,7,45,45,600.0,0,0.0,3,6.7,4,467.12,5.7,218,true,completed
CV_h7s9n37.txt,BBLCT,9,7,45,45,600.0,1,2.2,2,4.4,3,354.48,4.9,191,true,completed
CV_h7s9n38.txt,BBLCT,9,7,45,45,600.0,0,0.0,2,4.4,4,472.23,5.7,207,true,completed
CV_h7s9n39.txt,BBLCT,9,7,45,45,600.0,1,2.2,2,4.4,2,237.05,4.3,137,true,completed
CV_h7s9n4.txt,BBLCT,9,7,45,45,600.0,0,0.0,4,8.9,2,234.52,8.6,277,true,completed
CV_h7s9n40.txt,BBLCT,9,7,45,45,600.0,0,0.0,2,4.4,4,492.38,2.5,133,true,completed
CV_h7s9n5.txt,BBLCT,9,7,45,45,600.0,1,2.2,3,6.7,3,337.53,5.4,193,true,completed
CV_h7s9n6.txt,BBLCT,9,7,45,45,600.0,1,2.2,4,8.9,4,456.60,6.3,208,true,completed
CV_h7s9n7.txt,BBLCT,9,7,45,45,600.0,0,0.0,2,4.4,5,597.56,2.6,129,true,completed
CV_h7s9n8.txt,BBLCT,9,7,45,45,600.0,0,0.0,4,8.9,4,477.31,5.7,218,true,completed
CV_h7s9n9.txt,BBLCT,9,7,45,45,600.0,0,0.0,2,4.4,4,496.17,3.4,179,true,completed
CV_h8s10n1.txt,BBLCT,10,8,60,60,600.0,0,0.0,2,3.3,4,463.32,9.7,272,true,completed
CV_h8s10n10.txt,BBLCT,10,8,60,60,600.0,0,0.0,3,5.0,4,461.90,9.1,288,true,completed
CV_h8s10n11.txt,BBLCT,10,8,60,60,600.0,0,0.0,0,0.0,0,0.00,0.2,1,true,completed
CV_h8s10n12.txt,BBLCT,10,8,60,60,600.0,0,0.0,2,3.3,5,553.54,5.7,183,true,completed
CV_h8s10n13.txt,BBLCT,10,8,60,60,600.0,0,0.0,0,0.0,0,0.00,0.2,1,true,completed
CV_h8s10n14.txt,BBLCT,10,8,60,60,600.0,0,0.0,1,1.7,4,497.74,4.3,171,true,completed
CV_h8s10n15.txt,BBLCT,10,8,60,60,600.0,0,0.0,2,3.3,5,580.73,6.9,255,true,completed
CV_h8s10n16.txt,BBLCT,10,8,60,60,600.0,0,0.0,1,1.7,3,357.01,7.0,242,true,completed
CV_h8s10n17.txt,BBLCT,10,8,60,60,600.0,0,0.0,3,5.0,5,580.57,8.1,255,true,completed
CV_h8s10n18.txt,BBLCT,10,8,60,60,600.0,0,0.0,1,1.7,3,367.23,8.3,238,true,completed
CV_h8s10n19.txt,BBLCT,10,8,60,60,600.0,0,0.0,2,3.3,3,340.47,9.3,244,true,completed
CV_h8s10n2.txt,BBLCT,10,8,60,60,600.0,0,0.0,4,6.7,4,436.36,10.9,296,true,completed
CV_h8s10n20.txt,BBLCT,10,8,60,60,600.0,1,1.7,3,5.0,3,381.48,12.1,305,true,completed
CV_h8s10n21.txt,BBLCT,10,8,60,60,600.0,0,0.0,3,5.0,5,566.69,8.5,298,true,completed
CV_h8s10n22.txt,BBLCT,10,8,60,60,600.0,0,0.0,1,1.7,3,357.01,6.9,242,true,completed
CV_h8s10n23.txt,BBLCT,10,8,60,60,600.0,0,0.0,1,1.7,4,493.64,5.4,216,true,completed
CV_h8s10n24.txt,BBLCT,10,8,60,60,600.0,0,0.0,2,3.3,3,357.01,8.4,242,true,completed
CV_h8s10n25.txt,BBLCT,10,8,60,60,600.0,1,1.7,4,6.7,4,469.12,11.2,289,true,completed
CV_h8s10n26.txt,BBLCT,10,8,60,60,600.0,1,1.7,3,5.0,3,342.99,10.8,244,true,completed
CV_h8s10n27.txt,BBLCT,10,8,60,60,600.0,1,1.7,3,5.0,5,596.48,8.8,208,true,completed
CV_h8s10n28.txt,BBLCT,10,8,60,60,600.0,0,0.0,2,3.3,5,578.12,3.5,137,true,completed
CV_h8s10n29.txt,BBLCT,10,8,60,60,600.0,0,0.0,0,0.0,0,0.00,0.2,1,true,completed
CV_h8s10n3.txt,BBLCT,10,8,60,60,600.0,0,0.0,2,3.3,3,334.15,7.9,244,true,completed
CV_h8s10n30.txt,BBLCT,10,8,60,60,600.0,0,0.0,2,3.3,4,462.06,9.4,272,true,completed
CV_h8s10n31.txt,BBLCT,10,8,60,60,600.0,1,1.7,3,5.0,4,463.08,11.0,251,true,completed
CV_h8s10n32.txt,BBLCT,10,8,60,60,600.0,0,0.0,1,1.7,3,362.06,8.0,241,true,completed
CV_h8s10n33.txt,BBLCT,10,8,60,60,600.0,0,0.0,1,1.7,2,230.36,6.1,172,true,completed
CV_h8s10n34.txt,BBLCT,10,8,60,60,600.0,0,0.0,1,1.7,1,109.17,2.8,91,true,completed
CV_h8s10n35.txt,BBLCT,10,8,60,60,600.0,1,1.7,5,8.3,4,444.20,13.2,265,true,completed
CV_h8s10n36.txt,BBLCT,10,8,60,60,600.0,0,0.0,1,1.7,4,497.74,5.2,211,true,completed
CV_h8s10n37.txt,BBLCT,10,8,60,60,600.0,0,0.0,0,0.0,0,0.00,0.2,1,true,completed
CV_h8s10n38.txt,BBLCT,10,8,60,60,600.0,0,0.0,0,0.0,0,0.00,0.2,1,true,completed
CV_h8s10n39.txt,BBLCT,10,8,60,60,600.0,0,0.0,0,0.0,0,0.00,0.1,1,true,completed
CV_h8s10n4.txt,BBLCT,10,8,60,60,600.0,0,0.0,1,1.7,3,354.48,6.5,241,true,completed
CV_h8s10n40.txt,BBLCT,10,8,60,60,600.0,0,0.0,1,1.7,2,231.62,6.2,172,true,completed
CV_h8s10n5.txt,BBLCT,10,8,60,60,600.0,0,0.0,1,1.7,3,362.06,7.9,241,true,completed
CV_h8s10n6.txt,BBLCT,10,8,60,60,600.0,0,0.0,2,3.3,5,580.66,5.4,192,true,completed
CV_h8s10n7.txt,BBLCT,10,8,60,60,600.0,0,0.0,1,1.7,4,499.96,3.4,108,true,completed
CV_h8s10n8.txt,BBLCT,10,8,60,60,600.0,1,1.7,2,3.3,3,363.33,10.0,239,true,completed
CV_h8s10n9.txt,BBLCT,10,8,60,60,600.0,1,1.7,3,5.0,1,115.48,4.4,91,true,completed
CV_h8s6n1.txt,BBLCT,6,8,36,36,600.0,0,0.0,2,5.6,4,461.75,0.9,85,true,completed
CV_h8s6n10.txt,BBLCT,6,8,36,36,600.0,1,2.8,5,13.9,4,439.95,0.9,79,true,completed
CV_h8s6n11.txt,BBLCT,6,8,36,36,600.0,0,0.0,1,2.8,4,496.17,0.8,91,true,completed
CV_h8s6n12.txt,BBLCT,6,8,36,36,600.0,1,2.8,3,8.3,3,349.22,0.9,76,true,completed
CV_h8s6n13.txt,BBLCT,6,8,36,36,600.0,0,0.0,5,13.9,5,565.19,0.9,89,true,completed
CV_h8s6n14.txt,BBLCT,6,8,36,36,600.0,0,0.0,5,13.9,5,590.92,0.9,94,true,completed
CV_h8s6n15.txt,BBLCT,6,8,36,36,600.0,0,0.0,1,2.8,4,492.38,0.6,73,true,completed
CV_h8s6n16.txt,BBLCT,6,8,36,36,600.0,0,0.0,2,5.6,5,582.10,0.7,72,true,completed
CV_h8s6n17.txt,BBLCT,6,8,36,36,600.0,0,0.0,2,5.6,4,436.13,0.9,93,true,completed
CV_h8s6n18.txt,BBLCT,6,8,36,36,600.0,1,2.8,2,5.6,2,225.30,0.7,56,true,completed
CV_h8s6n19.txt,BBLCT,6,8,36,36,600.0,0,0.0,1,2.8,3,358.27,0.7,76,true,completed
CV_h8s6n2.txt,BBLCT,6,8,36,36,600.0,0,0.0,1,2.8,4,493.64,0.5,65,true,completed
CV_h8s6n20.txt,BBLCT,6,8,36,36,600.0,0,0.0,2,5.6,5,579.50,0.6,64,true,completed
CV_h8s6n21.txt,BBLCT,6,8,36,36,600.0,0,0.0,1,2.8,4,504.12,0.7,67,true,completed
CV_h8s6n22.txt,BBLCT,6,8,36,36,600.0,0,0.0,1,2.8,3,355.75,0.6,76,true,completed
CV_h8s6n23.txt,BBLCT,6,8,36,36,600.0,1,2.8,5,13.9,5,588.60,0.9,71,true,completed
CV_h8s6n24.txt,BBLCT,6,8,36,36,600.0,0,0.0,0,0.0,0,0.00,0.1,1,true,completed
CV_h8s6n25.txt,BBLCT,6,8,36,36,600.0,0,0.0,1,2.8,3,357.01,0.7,76,true,completed
CV_h8s6n26.txt,BBLCT,6,8,36,36,600.0,0,0.0,1,2.8,4,492.38,0.6,73,true,completed
CV_h8s6n27.txt,BBLCT,6,8,36,36,600.0,0,0.0,1,2.8,4,496.17,0.5,57,true,completed
CV_h8s6n28.txt,BBLCT,6,8,36,36,600.0,0,0.0,4,11.1,5,505.65,1.3,124,true,completed
CV_h8s6n29.txt,BBLCT,6,8,36,36,600.0,0,0.0,1,2.8,4,492.38,0.6,73,true,completed
CV_h8s6n3.txt,BBLCT,6,8,36,36,600.0,0,0.0,0,0.0,0,0.00,0.1,1,true,completed
CV_h8s6n30.txt,BBLCT,6,8,36,36,600.0,0,0.0,1,2.8,4,497.74,0.8,129,true,completed
CV_h8s6n31.txt,BBLCT,6,8,36,36,600.0,0,0.0,1,2.8,3,355.75,0.6,76,true,completed
CV_h8s6n32.txt,BBLCT,6,8,36,36,600.0,0,0.0,2,5.6,4,433.91,1.1,101,true,completed
CV_h8s6n33.txt,BBLCT,6,8,36,36,600.0,0,0.0,3,8.3,2,212.53,0.7,56,true,completed
CV_h8s6n34.txt,BBLCT,6,8,36,36,600.0,0,0.0,0,0.0,0,0.00,0.1,1,true,completed
CV_h8s6n35.txt,BBLCT,6,8,36,36,600.0,1,2.8,2,5.6,4,496.17,0.6,48,true,completed
CV_h8s6n36.txt,BBLCT,6,8,36,36,600.0,1,2.8,2,5.6,1,110.47,0.4,31,true,completed
CV_h8s6n37.txt,BBLCT,6,8,36,36,600.0,1,2.8,2,5.6,4,504.12,0.8,73,true,completed
CV_h8s6n38.txt,BBLCT,6,8,36,36,600.0,0,0.0,3,8.3,4,497.74,0.6,73,true,completed
CV_h8s6n39.txt,BBLCT,6,8,36,36,600.0,0,0.0,2,5.6,3,358.13,0.7,93,true,completed
CV_h8s6n4.txt,BBLCT,6,8,36,36,600.0,0,0.0,1,2.8,4,494.90,0.5,58,true,completed
CV_h8s6n40.txt,BBLCT,6,8,36,36,600.0,0,0.0,0,0.0,0,0.00,0.1,1,true,completed
CV_h8s6n5.txt,BBLCT,6,8,36,36,600.0,0,0.0,0,0.0,0,0.00,0.1,1,true,completed
CV_h8s6n6.txt,BBLCT,6,8,36,36,600.0,1,2.8,1,2.8,0,0.00,0.1,1,true,completed
CV_h8s6n7.txt,BBLCT,6,8,36,36,600.0,0,0.0,2,5.6,4,445.23,0.8,83,true,completed
CV_h8s6n8.txt,BBLCT,6,8,36,36,600.0,0,0.0,2,5.6,1,109.17,0.4,31,true,completed
CV_h8s6n9.txt,BBLCT,6,8,36,36,600.0,0,0.0,1,2.8,4,494.90,0.5,58,true,completed
CV_h12s10n1.txt,BBLCT,10,12,100,100,900.0,0,0.0,0,0.0,0,0.00,0.2,1,true,completed
CV_h12s10n10.txt,BBLCT,10,12,100,100,900.0,1,1.0,1,1.0,0,0.00,0.2,1,true,completed
CV_h12s10n11.txt,BBLCT,10,12,100,100,900.0,0,0.0,1,1.0,6,822.29,1.9,61,true,completed
CV_h12s10n12.txt,BBLCT,10,12,100,100,900.0,0,0.0,1,1.0,5,654.79,12.5,367,true,completed
CV_h12s10n13.txt,BBLCT,10,12,100,100,900.0,0,0.0,2,2.0,1,110.43,3.8,91,true,completed
CV_h12s10n14.txt,BBLCT,10,12,100,100,900.0,0,0.0,3,3.0,7,754.41,23.9,472,true,completed
CV_h12s10n15.txt,BBLCT,10,12,100,100,900.0,0,0.0,0,0.0,0,0.00,0.2,1,true,completed
CV_h12s10n16.txt,BBLCT,10,12,100,100,900.0,0,0.0,3,3.0,7,817.17,16.4,404,true,completed
CV_h12s10n17.txt,BBLCT,10,12,100,100,900.0,0,0.0,1,1.0,4,499.96,13.1,317,true,completed
CV_h12s10n18.txt,BBLCT,10,12,100,100,900.0,0,0.0,0,0.0,0,0.00,0.2,1,true,completed
CV_h12s10n19.txt,BBLCT,10,12,100,100,900.0,0,0.0,2,2.0,7,899.34,16.0,369,true,completed
CV_h12s10n2.txt,BBLCT,10,12,100,100,900.0,0,0.0,4,4.0,6,791.51,17.7,292,true,completed
CV_h12s10n20.txt,BBLCT,10,12,100,100,900.0,0,0.0,2,2.0,6,766.00,17.5,369,true,completed
CV_h12s10n21.txt,BBLCT,10,12,100,100,900.0,0,0.0,0,0.0,0,0.00,0.2,1,true,completed
CV_h12s10n22.txt,BBLCT,10,12,100,100,900.0,0,0.0,0,0.0,0,0.00,0.2,1,true,completed
CV_h12s10n23.txt,BBLCT,10,12,100,100,900.0,0,0.0,2,2.0,7,896.10,14.9,374,true,completed
CV_h12s10n24.txt,BBLCT,10,12,100,100,900.0,0,0.0,0,0.0,0,0.00,0.2,1,true,completed
CV_h12s10n25.txt,BBLCT,10,12,100,100,900.0,0,0.0,0,0.0,0,0.00,0.2,1,true,completed
CV_h12s10n26.txt,BBLCT,10,12,100,100,900.0,1,1.0,2,2.0,4,510.44,17.0,325,true,completed
CV_h12s10n27.txt,BBLCT,10,12,100,100,900.0,0,0.0,2,2.0,6,835.09,3.1,106,true,completed
CV_h12s10n28.txt,BBLCT,10,12,100,100,900.0,0,0.0,0,0.0,0,0.00,0.2,1,true,completed
CV_h12s10n29.txt,BBLCT,10,12,100,100,900.0,0,0.0,2,2.0,3,367.23,11.2,244,true,completed
CV_h12s10n3.txt,BBLCT,10,12,100,100,900.0,0,0.0,3,3.0,7,860.85,13.8,392,true,completed
CV_h12s10n30.txt,BBLCT,10,12,100,100,900.0,0,0.0,1,1.0,4,499.96,13.0,317,true,completed
CV_h12s10n31.txt,BBLCT,10,12,100,100,900.0,1,1.0,1,1.0,0,0.00,0.2,1,true,completed
CV_h12s10n32.txt,BBLCT,10,12,100,100,900.0,1,1.0,1,1.0,0,0.00,0.2,1,true,completed
CV_h12s10n33.txt,BBLCT,10,12,100,100,900.0,0,0.0,0,0.0,0,0.00,0.1,1,true,completed
CV_h12s10n34.txt,BBLCT,10,12,100,100,900.0,0,0.0,1,1.0,5,662.37,15.4,364,true,completed
CV_h12s10n35.txt,BBLCT,10,12,100,100,900.0,1,1.0,2,2.0,4,492.38,14.4,317,true,completed
CV_h12s10n36.txt,BBLCT,10,12,100,100,900.0,0,0.0,3,3.0,4,449.02,13.8,317,true,completed
CV_h12s10n37.txt,BBLCT,10,12,100,100,900.0,4,4.0,5,5.0,6,848.81,3.4,45,true,completed
CV_h12s10n38.txt,BBLCT,10,12,100,100,900.0,0,0.0,0,0.0,0,0.00,0.2,1,true,completed
CV_h12s10n39.txt,BBLCT,10,12,100,100,900.0,0,0.0,0,0.0,0,0.00,0.2,1,true,completed
CV_h12s10n4.txt,BBLCT,10,12,100,100,900.0,0,0.0,0,0.0,0,0.00,0.2,1,true,completed
CV_h12s10n40.txt,BBLCT,10,12,100,100,900.0,1,1.0,2,2.0,4,496.17,15.8,317,true,completed
CV_h12s10n5.txt,BBLCT,10,12,100,100,900.0,0,0.0,0,0.0,0,0.00,0.2,1,true,completed
CV_h12s10n6.txt,BBLCT,10,12,100,100,900.0,0,0.0,1,1.0,1,111.69,3.8,91,true,completed
CV_h12s10n7.txt,BBLCT,10,12,100,100,900.0,0,0.0,0,0.0,0,0.00,0.2,1,true,completed
CV_h12s10n8.txt,BBLCT,10,12,100,100,900.0,0,0.0,1,1.0,4,494.90,11.5,317,true,completed
CV_h12s10n9.txt,BBLCT,10,12,100,100,900.0,0,0.0,0,0.0,0,0.00,0.2,1,true,completed
CV_h12s6n1.txt,BBLCT,6,12,60,60,900.0,0,0.0,0,0.0,0,0.00,0.1,1,true,completed
CV_h12s6n10.txt,BBLCT,6,12,60,60,900.0,0,0.0,0,0.0,0,0.00,0.1,1,true,completed
CV_h12s6n11.txt,BBLCT,6,12,60,60,900.0,0,0.0,2,3.3,7,852.85,1.1,102,true,completed
CV_h12s6n12.txt,BBLCT,6,12,60,60,900.0,0,0.0,2,3.3,5,669.04,1.1,106,true,completed
CV_h12s6n13.txt,BBLCT,6,12,60,60,900.0,0,0.0,0,0.0,0,0.00,0.1,1,true,completed
CV_h12s6n14.txt,BBLCT,6,12,60,60,900.0,0,0.0,2,3.3,6,771.30,1.0,95,true,completed
CV_h12s6n15.txt,BBLCT,6,12,60,60,900.0,0,0.0,2,3.3,6,840.15,0.4,33,true,completed
CV_h12s6n16.txt,BBLCT,6,12,60,60,900.0,0,0.0,2,3.3,6,747.05,1.2,116,true,completed
CV_h12s6n17.txt,BBLCT,6,12,60,60,900.0,1,1.7,2,3.3,6,833.76,0.4,30,true,completed
CV_h12s6n18.txt,BBLCT,6,12,60,60,900.0,1,1.7,2,3.3,6,851.62,0.4,29,true,completed
CV_h12s6n19.txt,BBLCT,6,12,60,60,900.0,0,0.0,0,0.0,0,0.00,0.1,1,true,completed
CV_h12s6n2.txt,BBLCT,6,12,60,60,900.0,0,0.0,1,1.7,6,833.76,0.3,35,true,completed
CV_h12s6n20.txt,BBLCT,6,12,60,60,900.0,0,0.0,1,1.7,5,656.05,1.0,107,true,completed
CV_h12s6n21.txt,BBLCT,6,12,60,60,900.0,0,0.0,4,6.7,4,443.81,1.2,97,true,completed
CV_h12s6n22.txt,BBLCT,6,12,60,60,900.0,0,0.0,3,5.0,8,868.88,1.3,117,true,completed
CV_h12s6n23.txt,BBLCT,6,12,60,60,900.0,0,0.0,2,3.3,6,717.51,1.0,106,true,completed
CV_h12s6n24.txt,BBLCT,6,12,60,60,900.0,0,0.0,1,1.7,4,504.12,1.1,97,true,completed
CV_h12s6n25.txt,BBLCT,6,12,60,60,900.0,0,0.0,3,5.0,7,836.61,12.1,2028,true,completed
CV_h12s6n26.txt,BBLCT,6,12,60,60,900.0,0,0.0,3,5.0,7,855.65,4.6,545,true,completed
CV_h12s6n27.txt,BBLCT,6,12,60,60,900.0,0,0.0,2,3.3,4,455.36,0.9,97,true,completed
CV_h12s6n28.txt,BBLCT,6,12,60,60,900.0,0,0.0,2,3.3,5,654.79,1.0,107,true,completed
CV_h12s6n29.txt,BBLCT,6,12,60,60,900.0,0,0.0,0,0.0,0,0.00,0.1,1,true,completed
CV_h12s6n3.txt,BBLCT,6,12,60,60,900.0,0,0.0,0,0.0,0,0.00,0.1,1,true,completed
CV_h12s6n30.txt,BBLCT,6,12,60,60,900.0,0,0.0,1,1.7,4,497.74,0.8,97,true,completed
CV_h12s6n31.txt,BBLCT,6,12,60,60,900.0,0,0.0,0,0.0,0,0.00,0.1,1,true,completed
CV_h12s6n32.txt,BBLCT,6,12,60,60,900.0,0,0.0,1,1.7,4,493.64,0.9,97,true,completed
CV_h12s6n33.txt,BBLCT,6,12,60,60,900.0,0,0.0,1,1.7,3,362.17,0.9,76,true,completed
CV_h12s6n34.txt,BBLCT,6,12,60,60,900.0,0,0.0,1,1.7,6,823.55,0.4,38,true,completed
CV_h12s6n35.txt,BBLCT,6,12,60,60,900.0,0,0.0,0,0.0,0,0.00,0.1,1,true,completed
CV_h12s6n36.txt,BBLCT,6,12,60,60,900.0,0,0.0,1,1.7,5,662.66,0.9,107,true,completed
CV_h12s6n37.txt,BBLCT,6,12,60,60,900.0,0,0.0,6,10.0,7,857.17,4.7,709,true,completed
CV_h12s6n38.txt,BBLCT,6,12,60,60,900.0,1,1.7,2,3.3,6,823.55,0.4,30,true,completed
CV_h12s6n39.txt,BBLCT,6,12,60,60,900.0,0,0.0,5,8.3,8,896.79,1.8,147,true,completed
CV_h12s6n4.txt,BBLCT,6,12,60,60,900.0,0,0.0,0,0.0,0,0.00,0.1,1,true,completed
CV_h12s6n40.txt,BBLCT,6,12,60,60,900.0,0,0.0,0,0.0,0,0.00,0.1,1,true,completed
CV_h12s6n5.txt,BBLCT,6,12,60,60,900.0,0,0.0,2,3.3,5,606.27,1.1,113,true,completed
CV_h12s6n6.txt,BBLCT,6,12,60,60,900.0,0,0.0,2,3.3,4,505.39,1.1,97,true,completed
CV_h12s6n7.txt,BBLCT,6,12,60,60,900.0,0,0.0,0,0.0,0,0.00,0.1,1,true,completed
CV_h12s6n8.txt,BBLCT,6,12,60,60,900.0,0,0.0,0,0.0,0,0.00,0.1,1,true,completed
CV_h12s6n9.txt,BBLCT,6,12,60,60,900.0,0,0.0,1,1.7,2,221.51,0.6,56,true,completed
CV_h5s3n1.txt,BBLCT,3,5,9,9,900.0,1,11.1,4,44.4,7,798.65,0.6,456,true,completed
CV_h5s3n10.txt,BBLCT,3,5,9,9,900.0,0,0.0,5,55.6,7,768.00,0.6,490,true,completed
CV_h5s3n11.txt,BBLCT,3,5,9,9,900.0,2,22.2,9,100.0,8,870.90,0.4,247,true,completed
CV_h5s3n12.txt,BBLCT,3,5,9,9,900.0,0,0.0,7,77.8,8,888.56,0.4,295,true,completed
CV_h5s3n13.txt,BBLCT,3,5,9,9,900.0,0,0.0,3,33.3,4,473.87,0.2,105,true,completed
CV_h5s3n14.txt,BBLCT,3,5,9,9,900.0,0,0.0,5,55.6,7,809.09,0.4,365,true,completed
CV_h5s3n15.txt,BBLCT,3,5,9,9,900.0,0,0.0,4,44.4,8,891.23,0.5,386,true,completed
CV_h5s3n16.txt,BBLCT,3,5,9,9,900.0,0,0.0,4,44.4,8,879.40,0.4,238,true,completed
CV_h5s3n17.txt,BBLCT,3,5,9,9,900.0,2,22.2,3,33.3,2,229.47,0.4,206,true,completed
CV_h5s3n18.txt,BBLCT,3,5,9,9,900.0,0,0.0,9,100.0,7,813.67,0.3,111,true,completed
CV_h5s3n19.txt,BBLCT,3,5,9,9,900.0,0,0.0,4,44.4,8,887.10,0.4,326,true,completed
CV_h5s3n2.txt,BBLCT,3,5,9,9,900.0,0,0.0,6,66.7,8,887.10,0.4,234,true,completed
CV_h5s3n20.txt,BBLCT,3,5,9,9,900.0,0,0.0,5,55.6,8,884.62,0.2,105,true,completed
CV_h5s3n21.txt,BBLCT,3,5,9,9,900.0,1,11.1,3,33.3,7,806.76,0.2,71,true,completed
CV_h5s3n22.txt,BBLCT,3,5,9,9,900.0,2,22.2,4,44.4,5,571.16,0.4,179,true,completed
CV_h5s3n23.txt,BBLCT,3,5,9,9,900.0,0,0.0,4,44.4,8,899.95,0.3,133,true,completed
CV_h5s3n24.txt,BBLCT,3,5,9,9,900.0,1,11.1,4,44.4,8,897.35,0.2,62,true,completed
CV_h5s3n25.txt,BBLCT,3,5,9,9,900.0,0,0.0,4,44.4,7,801.40,0.5,475,true,completed
CV_h5s3n26.txt,BBLCT,3,5,9,9,900.0,0,0.0,9,100.0,8,851.56,0.2,34,true,completed
CV_h5s3n27.txt,BBLCT,3,5,9,9,900.0,0,0.0,9,100.0,8,866.97,0.2,103,true,completed
CV_h5s3n28.txt,BBLCT,3,5,9,9,900.0,0,0.0,4,44.4,8,866.73,0.3,129,true,completed
CV_h5s3n29.txt,BBLCT,3,5,9,9,900.0,0,0.0,5,55.6,7,842.64,0.3,133,true,completed
CV_h5s3n3.txt,BBLCT,3,5,9,9,900.0,0,0.0,9,100.0,3,340.86,0.1,15,true,completed
CV_h5s3n30.txt,BBLCT,3,5,9,9,900.0,0,0.0,5,55.6,4,440.44,0.3,135,true,completed
CV_h5s3n31.txt,BBLCT,3,5,9,9,900.0,0,0.0,9,100.0,8,880.83,0.4,258,true,completed
CV_h5s3n32.txt,BBLCT,3,5,9,9,900.0,1,11.1,9,100.0,8,886.46,0.1,29,true,completed
CV_h5s3n33.txt,BBLCT,3,5,9,9,900.0,1,11.1,9,100.0,7,796.84,0.5,300,true,completed
CV_h5s3n34.txt,BBLCT,3,5,9,9,900.0,0,0.0,3,33.3,8,884.62,0.2,128,true,completed
CV_h5s3n35.txt,BBLCT,3,5,9,9,900.0,0,0.0,5,55.6,4,473.87,0.3,142,true,completed
CV_h5s3n36.txt,BBLCT,3,5,9,9,900.0,0,0.0,3,33.3,7,806.61,0.2,114,true,completed
CV_h5s3n37.txt,BBLCT,3,5,9,9,900.0,0,0.0,5,55.6,8,899.95,0.3,147,true,completed
CV_h5s3n38.txt,BBLCT,3,5,9,9,900.0,0,0.0,6,66.7,7,796.58,0.2,105,true,completed
CV_h5s3n39.txt,BBLCT,3,5,9,9,900.0,9,100.0,9,100.0,0,0.00,0.1,1,true,completed
CV_h5s3n4.txt,BBLCT,3,5,9,9,900.0,1,11.1,9,100.0,8,838.16,0.3,178,true,completed
CV_h5s3n40.txt,BBLCT,3,5,9,9,900.0,1,11.1,5,55.6,8,893.41,0.3,191,true,completed
CV_h5s3n5.txt,BBLCT,3,5,9,9,900.0,4,44.4,9,100.0,4,438.11,0.1,16,true,completed
CV_h5s3n6.txt,BBLCT,3,5,9,9,900.0,0,0.0,7,77.8,7,841.31,0.3,153,true,completed
CV_h5s3n7.txt,BBLCT,3,5,9,9,900.0,0,0.0,9,100.0,8,886.31,0.3,174,true,completed
CV_h5s3n8.txt,BBLCT,3,5,9,9,900.0,1,11.1,9,100.0,8,864.59,0.2,47,true,completed
CV_h5s3n9.txt,BBLCT,3,5,9,9,900.0,0,0.0,3,33.3,7,806.76,0.2,122,true,completed
CV_h5s4n1.txt,BBLCT,4,5,12,12,900.0,2,16.7,6,50.0,5,579.17,4.6,1693,true,completed
CV_h5s4n10.txt,BBLCT,4,5,12,12,900.0,0,0.0,3,25.0,4,439.95,1.7,1086,true,completed
CV_h5s4n11.txt,BBLCT,4,5,12,12,900.0,1,8.3,5,41.7,7,839.79,0.5,192,true,completed
CV_h5s4n12.txt,BBLCT,4,5,12,12,900.0,1,8.3,10,83.3,8,892.29,6.2,2650,true,completed
CV_h5s4n13.txt,BBLCT,4,5,12,12,900.0,1,8.3,12,100.0,8,852.65,0.7,221,true,completed
CV_h5s4n14.txt,BBLCT,4,5,12,12,900.0,0,0.0,5,41.7,8,892.16,3.5,1931,true,completed
CV_h5s4n15.txt,BBLCT,4,5,12,12,900.0,0,0.0,8,66.7,5,586.56,0.6,170,true,completed
CV_h5s4n16.txt,BBLCT,4,5,12,12,900.0,0,0.0,3,25.0,4,447.82,1.9,1152,true,completed
CV_h5s4n17.txt,BBLCT,4,5,12,12,900.0,0,0.0,12,100.0,8,899.28,14.8,5692,true,completed
CV_h5s4n18.txt,BBLCT,4,5,12,12,900.0,0,0.0,6,50.0,7,840.55,5.6,2790,true,completed
CV_h5s4n19.txt,BBLCT,4,5,12,12,900.0,0,0.0,7,58.3,7,859.52,4.0,2030,true,completed
CV_h5s4n2.txt,BBLCT,4,5,12,12,900.0,0,0.0,12,100.0,8,881.83,0.4,110,true,completed
CV_h5s4n20.txt,BBLCT,4,5,12,12,900.0,0,0.0,9,75.0,8,894.52,8.0,3618,true,completed
CV_h5s4n21.txt,BBLCT,4,5,12,12,900.0,1,8.3,6,50.0,7,859.24,9.3,4074,true,completed
CV_h5s4n22.txt,BBLCT,4,5,12,12,900.0,0,0.0,6,50.0,5,561.87,0.9,343,true,completed
CV_h5s4n23.txt,BBLCT,4,5,12,12,900.0,3,25.0,12,100.0,8,895.49,5.3,2040,true,completed
CV_h5s4n24.txt,BBLCT,4,5,12,12,900.0,0,0.0,5,41.7,7,829.99,16.9,8382,true,completed
CV_h5s4n25.txt,BBLCT,4,5,12,12,900.0,0,0.0,6,50.0,7,850.15,0.8,317,true,completed
CV_h5s4n26.txt,BBLCT,4,5,12,12,900.0,1,8.3,12,100.0,8,896.30,9.8,3708,true,completed
CV_h5s4n27.txt,BBLCT,4,5,12,12,900.0,4,33.3,12,100.0,8,852.74,0.2,76,true,completed
CV_h5s4n28.txt,BBLCT,4,5,12,12,900.0,0,0.0,4,33.3,7,840.35,0.9,382,true,completed
CV_h5s4n29.txt,BBLCT,4,5,12,12,900.0,0,0.0,4,33.3,5,595.65,2.3,1202,true,completed
CV_h5s4n3.txt,BBLCT,4,5,12,12,900.0,1,8.3,6,50.0,7,827.43,3.5,1496,true,completed
CV_h5s4n30.txt,BBLCT,4,5,12,12,900.0,0,0.0,6,50.0,7,828.57,6.7,3136,true,completed
CV_h5s4n31.txt,BBLCT,4,5,12,12,900.0,0,0.0,12,100.0,8,898.08,10.5,4325,true,completed
CV_h5s4n32.txt,BBLCT,4,5,12,12,900.0,0,0.0,2,16.7,4,456.62,1.6,1066,true,completed
CV_h5s4n33.txt,BBLCT,4,5,12,12,900.0,0,0.0,4,33.3,7,816.88,0.4,134,true,completed
CV_h5s4n34.txt,BBLCT,4,5,12,12,900.0,0,0.0,6,50.0,8,892.40,2.3,896,true,completed
CV_h5s4n35.txt,BBLCT,4,5,12,12,900.0,1,8.3,8,66.7,4,462.25,2.3,1009,true,completed
CV_h5s4n36.txt,BBLCT,4,5,12,12,900.0,0,0.0,4,33.3,7,796.32,0.8,319,true,completed
CV_h5s4n37.txt,BBLCT,4,5,12,12,900.0,3,25.0,7,58.3,5,590.02,3.1,1070,true,completed
CV_h5s4n38.txt,BBLCT,4,5,12,12,900.0,2,16.7,12,100.0,8,891.44,0.9,346,true,completed
CV_h5s4n39.txt,BBLCT,4,5,12,12,900.0,0,0.0,12,100.0,7,817.23,1.4,620,true,completed
CV_h5s4n4.txt,BBLCT,4,5,12,12,900.0,0,0.0,12,100.0,7,841.73,4.9,1979,true,completed
CV_h5s4n40.txt,BBLCT,4,5,12,12,900.0,0,0.0,12,100.0,8,896.01,4.0,1703,true,completed
CV_h5s4n5.txt,BBLCT,4,5,12,12,900.0,1,8.3,7,58.3,8,887.10,0.7,199,true,completed
CV_h5s4n6.txt,BBLCT,4,5,12,12,900.0,0,0.0,5,41.7,7,851.73,0.6,202,true,completed
CV_h5s4n7.txt,BBLCT,4,5,12,12,900.0,0,0.0,3,25.0,8,831.79,0.5,188,true,completed
CV_h5s4n8.txt,BBLCT,4,5,12,12,900.0,2,16.7,8,66.7,7,849.49,2.1,715,true,completed
CV_h5s4n9.txt,BBLCT,4,5,12,12,900.0,0,0.0,12,100.0,7,821.29,2.0,787,true,completed
CV_h5s5n1.txt,BBLCT,5,5,15,15,900.0,1,6.7,8,53.3,8,896.46,33.7,6632,true,completed
CV_h5s5n10.txt,BBLCT,5,5,15,15,900.0,3,20.0,13,86.7,7,792.84,4.9,897,true,completed
CV_h5s5n11.txt,BBLCT,5,5,15,15,900.0,0,0.0,4,26.7,7,881.22,18.1,5800,true,completed
CV_h5s5n12.txt,BBLCT,5,5,15,15,900.0,0,0.0,8,53.3,8,896.56,8.5,2277,true,completed
CV_h5s5n13.txt,BBLCT,5,5,15,15,900.0,0,0.0,5,33.3,7,829.18,1.8,451,true,completed
CV_h5s5n14.txt,BBLCT,5,5,15,15,900.0,0,0.0,15,100.0,7,853.23,492.7,94472,true,completed
CV_h5s5n15.txt,BBLCT,5,5,15,15,900.0,0,0.0,7,46.7,4,437.10,49.9,10741,true,completed
CV_h5s5n16.txt,BBLCT,5,5,15,15,900.0,0,0.0,6,40.0,8,880.84,2.6,563,true,completed
CV_h5s5n17.txt,BBLCT,5,5,15,15,900.0,0,0.0,11,73.3,5,584.22,23.3,6060,true,completed
CV_h5s5n18.txt,BBLCT,5,5,15,15,900.0,1,6.7,13,86.7,8,899.51,49.2,9229,true,completed
CV_h5s5n19.txt,BBLCT,5,5,15,15,900.0,1,6.7,8,53.3,8,897.22,1.4,269,true,completed
CV_h5s5n2.txt,BBLCT,5,5,15,15,900.0,0,0.0,5,33.3,8,890.74,2.2,548,true,completed
CV_h5s5n20.txt,BBLCT,5,5,15,15,900.0,0,0.0,8,53.3,5,592.04,3.1,704,true,completed
CV_h5s5n21.txt,BBLCT,5,5,15,15,900.0,0,0.0,7,46.7,6,682.48,6.8,1755,true,completed
CV_h5s5n22.txt,BBLCT,5,5,15,15,900.0,1,6.7,5,33.3,8,881.24,9.1,2045,true,completed
CV_h5s5n23.txt,BBLCT,5,5,15,15,900.0,1,6.7,6,40.0,8,889.86,10.7,2256,true,completed
CV_h5s5n24.txt,BBLCT,5,5,15,15,900.0,0,0.0,4,26.7,7,858.27,1.9,524,true,completed
CV_h5s5n25.txt,BBLCT,5,5,15,15,900.0,2,13.3,11,73.3,4,451.98,37.3,7605,true,completed
CV_h5s5n26.txt,BBLCT,5,5,15,15,900.0,0,0.0,7,46.7,7,856.50,25.9,6413,true,completed
CV_h5s5n27.txt,BBLCT,5,5,15,15,900.0,0,0.0,11,73.3,8,897.79,1.3,268,true,completed
CV_h5s5n28.txt,BBLCT,5,5,15,15,900.0,0,0.0,9,60.0,8,878.39,2.3,412,true,completed
CV_h5s5n29.txt,BBLCT,5,5,15,15,900.0,0,0.0,8,53.3,7,836.70,7.9,1941,true,completed
CV_h5s5n3.txt,BBLCT,5,5,15,15,900.0,0,0.0,6,40.0,8,878.93,5.0,1235,true,completed
CV_h5s5n30.txt,BBLCT,5,5,15,15,900.0,0,0.0,15,100.0,8,892.33,0.9,196,true,completed
CV_h5s5n31.txt,BBLCT,5,5,15,15,900.0,1,6.7,6,40.0,8,866.56,0.6,86,true,completed
CV_h5s5n32.txt,BBLCT,5,5,15,15,900.0,0,0.0,5,33.3,5,593.94,5.5,1491,true,completed
CV_h5s5n33.txt,BBLCT,5,5,15,15,900.0,1,6.7,10,66.7,4,456.01,4.6,906,true,completed
CV_h5s5n34.txt,BBLCT,5,5,15,15,900.0,0,0.0,6,40.0,6,706.29,41.3,10964,true,completed
CV_h5s5n35.txt,BBLCT,5,5,15,15,900.0,1,6.7,10,66.7,8,882.61,16.0,3068,true,completed
CV_h5s5n36.txt,BBLCT,5,5,15,15,900.0,1,6.7,9,60.0,8,893.57,15.3,3043,true,completed
CV_h5s5n37.txt,BBLCT,5,5,15,15,900.0,0,0.0,4,26.7,7,871.03,7.7,3273,true,completed
CV_h5s5n38.txt,BBLCT,5,5,15,15,900.0,0,0.0,15,100.0,8,896.08,45.7,6436,true,completed
CV_h5s5n39.txt,BBLCT,5,5,15,15,900.0,0,0.0,9,60.0,8,895.80,37.6,7606,true,completed
CV_h5s5n4.txt,BBLCT,5,5,15,15,900.0,0,0.0,15,100.0,8,868.37,3.7,802,true,completed
CV_h5s5n40.txt,BBLCT,5,5,15,15,900.0,2,13.3,9,60.0,8,870.26,18.5,3305,true,completed
CV_h5s5n5.txt,BBLCT,5,5,15,15,900.0,0,0.0,5,33.3,7,885.60,0.8,149,true,completed
CV_h5s5n6.txt,BBLCT,5,5,15,15,900.0,0,0.0,7,46.7,7,878.49,14.4,3773,true,completed
CV_h5s5n7.txt,BBLCT,5,5,15,15,900.0,0,0.0,15,100.0,8,892.63,40.9,7490,true,completed
CV_h5s5n8.txt,BBLCT,5,5,15,15,900.0,0,0.0,7,46.7,7,860.52,4.9,1435,true,completed
CV_h5s5n9.txt,BBLCT,5,5,15,15,900.0,0,0.0,6,40.0,7,852.62,67.1,17618,true,completed
CV_h5s6n1.txt,BBLCT,6,5,18,18,900.0,0,0.0,4,22.2,6,686.71,8.1,1452,true,completed
CV_h5s6n10.txt,BBLCT,6,5,18,18,900.0,1,5.6,12,66.7,8,885.98,41.4,4209,true,completed
CV_h5s6n11.txt,BBLCT,6,5,18,18,900.0,3,16.7,18,100.0,8,878.67,0.5,140,true,completed
CV_h5s6n12.txt,BBLCT,6,5,18,18,900.0,0,0.0,6,33.3,8,863.35,1.7,215,true,completed
CV_h5s6n13.txt,BBLCT,6,5,18,18,900.0,0,0.0,12,66.7,8,899.56,56.4,10009,true,completed
CV_h5s6n14.txt,BBLCT,6,5,18,18,900.0,0,0.0,8,44.4,7,878.70,218.6,32141,true,completed
CV_h5s6n15.txt,BBLCT,6,5,18,18,900.0,0,0.0,6,33.3,7,815.74,18.7,2670,true,completed
CV_h5s6n16.txt,BBLCT,6,5,18,18,900.0,0,0.0,4,22.2,5,559.03,242.7,45225,true,completed
CV_h5s6n17.txt,BBLCT,6,5,18,18,900.0,0,0.0,7,38.9,7,887.22,1.9,272,true,completed
CV_h5s6n18.txt,BBLCT,6,5,18,18,900.0,2,11.1,16,88.9,8,876.98,28.5,2995,true,completed
CV_h5s6n19.txt,BBLCT,6,5,18,18,900.0,0,0.0,5,27.8,8,890.53,4.3,692,true,completed
CV_h5s6n2.txt,BBLCT,6,5,18,18,900.0,0,0.0,15,83.3,7,810.93,28.4,4504,true,completed
CV_h5s6n20.txt,BBLCT,6,5,18,18,900.0,0,0.0,10,55.6,8,868.47,4.1,452,true,completed
CV_h5s6n21.txt,BBLCT,6,5,18,18,900.0,1,5.6,6,33.3,8,868.43,10.6,1459,true,completed
CV_h5s6n22.txt,BBLCT,6,5,18,18,900.0,0,0.0,3,16.7,5,552.70,165.4,36824,true,completed
CV_h5s6n23.txt,BBLCT,6,5,18,18,900.0,0,0.0,7,38.9,7,892.10,11.0,2015,true,completed
CV_h5s6n24.txt,BBLCT,6,5,18,18,900.0,0,0.0,6,33.3,8,894.92,112.5,19888,true,completed
CV_h5s6n25.txt,BBLCT,6,5,18,18,900.0,1,5.6,13,72.2,7,890.69,4.9,585,true,completed
CV_h5s6n26.txt,BBLCT,6,5,18,18,900.0,0,0.0,3,16.7,5,550.13,173.5,34691,true,completed
CV_h5s6n27.txt,BBLCT,6,5,18,18,900.0,1,5.6,5,27.8,7,791.59,5.1,786,true,completed
CV_h5s6n28.txt,BBLCT,6,5,18,18,900.0,2,11.1,13,72.2,8,856.22,105.7,9802,true,completed
CV_h5s6n29.txt,BBLCT,6,5,18,18,900.0,0,0.0,7,38.9,7,852.89,14.4,1748,true,completed
CV_h5s6n3.txt,BBLCT,6,5,18,18,900.0,0,0.0,6,33.3,8,898.42,11.6,1715,true,completed
CV_h5s6n30.txt,BBLCT,6,5,18,18,900.0,4,22.2,9,50.0,7,838.42,95.0,10579,true,completed
CV_h5s6n31.txt,BBLCT,6,5,18,18,900.0,0,0.0,7,38.9,8,886.54,28.4,3678,true,completed
CV_h5s6n32.txt,BBLCT,6,5,18,18,900.0,0,0.0,7,38.9,5,594.13,142.3,19887,true,completed
CV_h5s6n33.txt,BBLCT,6,5,18,18,900.0,1,5.6,5,27.8,6,692.27,350.5,56896,true,completed
CV_h5s6n34.txt,BBLCT,6,5,18,18,900.0,0,0.0,14,77.8,8,883.94,266.1,34167,true,completed
CV_h5s6n35.txt,BBLCT,6,5,18,18,900.0,1,5.6,18,100.0,7,887.50,54.9,4574,true,completed
CV_h5s6n36.txt,BBLCT,6,5,18,18,900.0,2,11.1,6,33.3,8,898.14,645.2,80225,true,completed
CV_h5s6n37.txt,BBLCT,6,5,18,18,900.0,0,0.0,5,27.8,7,865.61,1.1,146,true,completed
CV_h5s6n38.txt,BBLCT,6,5,18,18,900.0,0,0.0,10,55.6,8,888.87,5.2,651,true,completed
CV_h5s6n39.txt,BBLCT,6,5,18,18,900.0,0,0.0,7,38.9,8,893.03,51.1,6304,true,completed
CV_h5s6n4.txt,BBLCT,6,5,18,18,900.0,0,0.0,8,44.4,8,897.92,10.5,1535,true,completed
CV_h5s6n40.txt,BBLCT,6,5,18,18,900.0,1,5.6,7,38.9,5,569.16,57.1,6186,true,completed
CV_h5s6n5.txt,BBLCT,6,5,18,18,900.0,0,0.0,18,100.0,7,829.84,14.6,1412,true,completed
CV_h5s6n6.txt,BBLCT,6,5,18,18,900.0,0,0.0,7,38.9,8,888.34,1.5,195,true,completed
CV_h5s6n7.txt,BBLCT,6,5,18,18,900.0,0,0.0,7,38.9,8,855.34,2.8,430,true,completed
CV_h5s6n8.txt,BBLCT,6,5,18,18,900.0,1,5.6,5,27.8,8,865.22,8.4,1049,true,completed
CV_h5s6n9.txt,BBLCT,6,5,18,18,900.0,0,0.0,5,27.8,8,899.97,6.6,992,true,completed
CV_h5s7n1.txt,BBLCT,7,5,21,21,900.0,0,0.0,17,81.0,8,881.82,8.4,611,true,completed
CV_h5s7n10.txt,BBLCT,7,5,21,21,900.0,0,0.0,16,76.2,8,895.90,108.5,5885,true,completed
CV_h5s7n11.txt,BBLCT,7,5,21,21,900.0,0,0.0,9,42.9,8,897.26,81.9,7977,true,completed
CV_h5s7n12.txt,BBLCT,7,5,21,21,900.0,1,4.8,11,52.4,8,870.36,59.5,4232,true,completed
CV_h5s7n13.txt,BBLCT,7,5,21,21,900.0,0,0.0,9,42.9,8,892.36,16.1,1657,true,completed
CV_h5s7n14.txt,BBLCT,7,5,21,21,900.0,0,0.0,16,76.2,8,899.73,80.9,7981,true,completed
CV_h5s7n15.txt,BBLCT,7,5,21,21,900.0,0,0.0,14,66.7,8,899.60,22.6,1586,true,completed
CV_h5s7n16.txt,BBLCT,7,5,21,21,900.0,3,14.3,6,28.6,6,692.19,1805.9,153272,true,completed
CV_h5s7n17.txt,BBLCT,7,5,21,21,900.0,1,4.8,11,52.4,8,894.07,129.4,8620,true,completed
CV_h5s7n18.txt,BBLCT,7,5,21,21,900.0,5,23.8,11,52.4,8,890.36,9.7,531,true,completed
CV_h5s7n19.txt,BBLCT,7,5,21,21,900.0,0,0.0,5,23.8,8,881.13,1005.0,122292,true,completed
CV_h5s7n2.txt,BBLCT,7,5,21,21,900.0,0,0.0,8,38.1,8,891.57,20.8,1946,true,completed
CV_h5s7n20.txt,BBLCT,7,5,21,21,900.0,0,0.0,15,71.4,8,892.61,92.5,6079,true,completed
CV_h5s7n21.txt,BBLCT,7,5,21,21,900.0,0,0.0,6,28.6,6,670.80,2148.1,194454,true,completed
CV_h5s7n22.txt,BBLCT,7,5,21,21,900.0,0,0.0,6,28.6,5,588.45,1035.9,111235,true,completed
CV_h5s7n23.txt,BBLCT,7,5,21,21,900.0,0,0.0,10,47.6,8,898.29,13.1,1120,true,completed
CV_h5s7n24.txt,BBLCT,7,5,21,21,900.0,1,4.8,11,52.4,7,848.73,772.2,60018,true,completed
CV_h5s7n25.txt,BBLCT,7,5,21,21,900.0,1,4.8,9,42.9,8,895.47,7.7,662,true,completed
CV_h5s7n26.txt,BBLCT,7,5,21,21,900.0,0,0.0,6,28.6,5,566.71,185.9,16563,true,completed
CV_h5s7n27.txt,BBLCT,7,5,21,21,900.0,0,0.0,5,23.8,5,559.35,504.3,60641,true,completed
CV_h5s7n28.txt,BBLCT,7,5,21,21,900.0,2,9.5,10,47.6,8,867.79,53.9,3311,true,completed
CV_h5s7n29.txt,BBLCT,7,5,21,21,900.0,1,4.8,5,23.8,8,899.33,9.6,959,true,completed
CV_h5s7n3.txt,BBLCT,7,5,21,21,900.0,3,14.3,8,38.1,8,861.27,32.3,1712,true,completed
CV_h5s7n30.txt,BBLCT,7,5,21,21,900.0,2,9.5,7,33.3,6,684.74,56.0,3778,true,completed
CV_h5s7n31.txt,BBLCT,7,5,21,21,900.0,0,0.0,9,42.9,7,830.78,24.3,1982,true,completed
CV_h5s7n32.txt,BBLCT,7,5,21,21,900.0,1,4.8,6,28.6,6,678.51,41.1,3137,true,completed
CV_h5s7n33.txt,BBLCT,7,5,21,21,900.0,0,0.0,5,23.8,8,887.10,21.5,2324,true,completed
CV_h5s7n34.txt,BBLCT,7,5,21,21,900.0,0,0.0,9,42.9,7,847.43,242.1,23333,true,completed
CV_h5s7n35.txt,BBLCT,7,5,21,21,900.0,0,0.0,5,23.8,8,893.92,32.5,3577,true,completed
CV_h5s7n36.txt,BBLCT,7,5,21,21,900.0,0,0.0,8,38.1,7,843.15,233.8,18859,true,completed
CV_h5s7n37.txt,BBLCT,7,5,21,21,900.0,0,0.0,15,71.4,8,881.08,81.0,6424,true,completed
CV_h5s7n38.txt,BBLCT,7,5,21,21,900.0,1,4.8,4,19.0,6,667.53,17.5,1817,true,completed
CV_h5s7n39.txt,BBLCT,7,5,21,21,900.0,0,0.0,13,61.9,7,847.95,40.8,3028,true,completed
CV_h5s7n4.txt,BBLCT,7,5,21,21,900.0,0,0.0,11,52.4,8,889.11,14.5,1357,true,completed
CV_h5s7n40.txt,BBLCT,7,5,21,21,900.0,0,0.0,9,42.9,8,887.76,4.9,356,true,completed
CV_h5s7n5.txt,BBLCT,7,5,21,21,900.0,0,0.0,4,19.0,5,537.24,950.9,108011,true,completed
CV_h5s7n6.txt,BBLCT,7,5,21,21,900.0,1,4.8,12,57.1,8,899.39,108.6,8605,true,completed
CV_h5s7n7.txt,BBLCT,7,5,21,21,900.0,0,0.0,4,19.0,5,552.76,520.2,62279,true,completed
CV_h5s7n8.txt,BBLCT,7,5,21,21,900.0,0,0.0,10,47.6,5,565.68,109.1,9204,true,completed
CV_h5s7n9.txt,BBLCT,7,5,21,21,900.0,0,0.0,5,23.8,6,680.82,33.9,2884,true,completed
CV_h5s8n1.txt,BBLCT,8,5,24,24,900.0,0,0.0,8,33.3,8,892.32,298.8,19917,true,completed
CV_h5s8n10.txt,BBLCT,8,5,24,24,900.0,0,0.0,7,29.2,6,686.62,4503.5,316164,true,completed
CV_h5s8n11.txt,BBLCT,8,5,24,24,900.0,1,4.2,13,54.2,8,895.65,32.3,1475,true,completed
CV_h5s8n12.txt,BBLCT,8,5,24,24,900.0,0,0.0,8,33.3,8,894.75,17.9,1087,true,completed
CV_h5s8n13.txt,BBLCT,8,5,24,24,900.0,0,0.0,10,41.7,8,896.98,10.6,668,true,completed
CV_h5s8n14.txt,BBLCT,8,5,24,24,900.0,0,0.0,6,25.0,6,677.77,153.2,8790,true,completed
CV_h5s8n15.txt,BBLCT,8,5,24,24,900.0,0,0.0,10,41.7,7,803.77,3015.5,178619,true,completed
CV_h5s8n16.txt,BBLCT,8,5,24,24,900.0,1,4.2,13,54.2,8,897.25,51.7,2105,true,completed
CV_h5s8n17.txt,BBLCT,8,5,24,24,900.0,1,4.2,14,58.3,8,899.31,193.6,8278,true,completed
CV_h5s8n18.txt,BBLCT,8,5,24,24,900.0,0,0.0,9,37.5,8,899.94,140.9,8654,true,completed
CV_h5s8n19.txt,BBLCT,8,5,24,24,900.0,0,0.0,9,37.5,6,663.14,11243.4,839503,true,completed
CV_h5s8n2.txt,BBLCT,8,5,24,24,900.0,0,0.0,9,37.5,8,897.21,17.8,896,true,completed
CV_h5s8n20.txt,BBLCT,8,5,24,24,900.0,0,0.0,8,33.3,8,899.27,6.7,388,true,completed
CV_h5s8n21.txt,BBLCT,8,5,24,24,900.0,0,0.0,11,45.8,8,899.61,15.2,670,true,completed
CV_h5s8n22.txt,BBLCT,8,5,24,24,900.0,0,0.0,8,33.3,7,839.12,501.2,31361,true,completed
CV_h5s8n23.txt,BBLCT,8,5,24,24,900.0,0,0.0,9,37.5,5,569.11,548.2,30248,true,completed
CV_h5s8n24.txt,BBLCT,8,5,24,24,900.0,0,0.0,16,66.7,8,899.04,11.3,705,true,completed
CV_h5s8n25.txt,BBLCT,8,5,24,24,900.0,1,4.2,11,45.8,8,899.96,92.4,3328,true,completed
CV_h5s8n26.txt,BBLCT,8,5,24,24,900.0,0,0.0,4,16.7,6,681.03,1475.4,128462,true,completed
CV_h5s8n27.txt,BBLCT,8,5,24,24,900.0,0,0.0,9,37.5,7,825.39,964.2,57273,true,completed
CV_h5s8n28.txt,BBLCT,8,5,24,24,900.0,0,0.0,10,41.7,5,556.54,293.3,16568,true,completed
CV_h5s8n29.txt,BBLCT,8,5,24,24,900.0,0,0.0,6,25.0,8,871.58,60.7,4141,true,completed
CV_h5s8n3.txt,BBLCT,8,5,24,24,900.0,0,0.0,10,41.7,8,896.60,214.3,8787,true,completed
CV_h5s8n30.txt,BBLCT,8,5,24,24,900.0,0,0.0,8,33.3,7,831.52,602.8,36486,true,completed
CV_h5s8n31.txt,BBLCT,8,5,24,24,900.0,0,0.0,4,16.7,5,585.72,15576.3,1589332,true,completed
CV_h5s8n32.txt,BBLCT,8,5,24,24,900.0,0,0.0,4,16.7,6,658.41,2114.6,197359,true,completed
CV_h5s8n33.txt,BBLCT,8,5,24,24,900.0,0,0.0,6,25.0,8,830.26,56.7,3777,true,completed
CV_h5s8n34.txt,BBLCT,8,5,24,24,900.0,0,0.0,4,16.7,6,701.33,30690.7,2726676,true,completed
CV_h5s8n35.txt,BBLCT,8,5,24,24,900.0,0,0.0,7,29.2,8,898.29,1069.9,77055,true,completed
CV_h5s8n36.txt,BBLCT,8,5,24,24,900.0,0,0.0,5,20.8,6,681.58,1223.8,100456,true,completed
CV_h5s8n37.txt,BBLCT,8,5,24,24,900.0,0,0.0,13,54.2,5,549.51,257.0,17353,true,completed
CV_h5s8n38.txt,BBLCT,8,5,24,24,900.0,0,0.0,7,29.2,5,538.71,5372.6,336230,true,completed
CV_h5s8n39.txt,BBLCT,8,5,24,24,900.0,0,0.0,6,25.0,6,680.22,2235.5,155803,true,completed
CV_h5s8n4.txt,BBLCT,8,5,24,24,900.0,1,4.2,8,33.3,8,868.85,97.6,5094,true,completed
CV_h5s8n40.txt,BBLCT,8,5,24,24,900.0,1,4.2,8,33.3,7,844.18,5.5,292,true,completed
CV_h5s8n5.txt,BBLCT,8,5,24,24,900.0,0,0.0,8,33.3,7,834.26,97.4,4776,true,completed
CV_h5s8n6.txt,BBLCT,8,5,24,24,900.0,0,0.0,7,29.2,7,791.10,3673.8,241627,true,completed
CV_h5s8n7.txt,BBLCT,8,5,24,24,900.0,0,0.0,6,25.0,8,878.03,80.6,4306,true,completed
CV_h5s8n8.txt,BBLCT,8,5,24,24,900.0,2,8.3,8,33.3,8,878.74,64.8,2916,true,completed
CV_h5s8n9.txt,BBLCT,8,5,24,24,900.0,0,0.0,7,29.2,6,659.02,1420.2,94507,true,completed
CV_h6s4n1.txt,BBLCT,4,6,16,16,900.0,0,0.0,4,25.0,8,871.58,0.4,122,true,completed
CV_h6s4n10.txt,BBLCT,4,6,16,16,900.0,0,0.0,6,37.5,8,898.35,8.2,4243,true,completed
CV_h6s4n11.txt,BBLCT,4,6,16,16,900.0,0,0.0,3,18.8,6,686.42,0.4,140,true,completed
CV_h6s4n12.txt,BBLCT,4,6,16,16,900.0,3,18.8,5,31.2,7,765.81,0.3,60,true,completed
CV_h6s4n13.txt,BBLCT,4,6,16,16,900.0,0,0.0,6,37.5,7,890.00,4.2,1733,true,completed
CV_h6s4n14.txt,BBLCT,4,6,16,16,900.0,0,0.0,2,12.5,4,461.57,1.5,851,true,completed
CV_h6s4n15.txt,BBLCT,4,6,16,16,900.0,1,6.2,10,62.5,8,872.65,20.7,7777,true,completed
CV_h6s4n16.txt,BBLCT,4,6,16,16,900.0,0,0.0,2,12.5,4,454.06,2.7,2046,true,completed
CV_h6s4n17.txt,BBLCT,4,6,16,16,900.0,0,0.0,4,25.0,7,838.01,0.7,339,true,completed
CV_h6s4n18.txt,BBLCT,4,6,16,16,900.0,0,0.0,1,6.2,3,355.79,2.5,2253,true,completed
CV_h6s4n19.txt,BBLCT,4,6,16,16,900.0,0,0.0,3,18.8,5,600.94,0.5,184,true,completed
CV_h6s4n2.txt,BBLCT,4,6,16,16,900.0,0,0.0,9,56.2,8,898.40,2.4,906,true,completed
CV_h6s4n20.txt,BBLCT,4,6,16,16,900.0,0,0.0,6,37.5,3,344.56,2.2,882,true,completed
CV_h6s4n21.txt,BBLCT,4,6,16,16,900.0,0,0.0,2,12.5,3,357.12,0.9,567,true,completed
CV_h6s4n22.txt,BBLCT,4,6,16,16,900.0,0,0.0,5,31.2,8,892.61,1.3,597,true,completed
CV_h6s4n23.txt,BBLCT,4,6,16,16,900.0,0,0.0,6,37.5,8,866.44,1.0,501,true,completed
CV_h6s4n24.txt,BBLCT,4,6,16,16,900.0,0,0.0,6,37.5,7,861.50,5.5,2613,true,completed
CV_h6s4n25.txt,BBLCT,4,6,16,16,900.0,1,6.2,5,31.2,8,898.08,0.9,342,true,completed
CV_h6s4n26.txt,BBLCT,4,6,16,16,900.0,0,0.0,5,31.2,4,470.97,0.4,132,true,completed
CV_h6s4n27.txt,BBLCT,4,6,16,16,900.0,0,0.0,5,31.2,7,843.63,0.5,168,true,completed
CV_h6s4n28.txt,BBLCT,4,6,16,16,900.0,0,0.0,3,18.8,4,450.42,4.6,2419,true,completed
CV_h6s4n29.txt,BBLCT,4,6,16,16,900.0,0,0.0,6,37.5,7,840.35,0.6,253,true,completed
CV_h6s4n3.txt,BBLCT,4,6,16,16,900.0,2,12.5,5,31.2,7,872.08,1.3,454,true,completed
CV_h6s4n30.txt,BBLCT,4,6,16,16,900.0,0,0.0,4,25.0,8,892.23,2.5,1326,true,completed
CV_h6s4n31.txt,BBLCT,4,6,16,16,900.0,1,6.2,4,25.0,7,816.28,1.3,531,true,completed
CV_h6s4n32.txt,BBLCT,4,6,16,16,900.0,2,12.5,4,25.0,5,589.08,0.4,94,true,completed
CV_h6s4n33.txt,BBLCT,4,6,16,16,900.0,0,0.0,4,25.0,6,787.19,1.8,892,true,completed
CV_h6s4n34.txt,BBLCT,4,6,16,16,900.0,1,6.2,4,25.0,7,848.90,1.5,678,true,completed
CV_h6s4n35.txt,BBLCT,4,6,16,16,900.0,0,0.0,1,6.2,3,354.48,2.5,2193,true,completed
CV_h6s4n36.txt,BBLCT,4,6,16,16,900.0,0,0.0,4,25.0,7,851.49,1.5,857,true,completed
CV_h6s4n37.txt,BBLCT,4,6,16,16,900.0,1,6.2,7,43.8,7,869.33,0.8,249,true,completed
CV_h6s4n38.txt,BBLCT,4,6,16,16,900.0,0,0.0,3,18.8,8,885.56,0.3,56,true,completed
CV_h6s4n39.txt,BBLCT,4,6,16,16,900.0,1,6.2,3,18.8,7,834.03,0.2,39,true,completed
CV_h6s4n4.txt,BBLCT,4,6,16,16,900.0,1,6.2,9,56.2,8,875.27,2.2,954,true,completed
CV_h6s4n40.txt,BBLCT,4,6,16,16,900.0,0,0.0,2,12.5,3,329.02,1.3,840,true,completed
CV_h6s4n5.txt,BBLCT,4,6,16,16,900.0,0,0.0,8,50.0,8,897.53,2.0,1182,true,completed
CV_h6s4n6.txt,BBLCT,4,6,16,16,900.0,1,6.2,11,68.8,8,895.55,56.5,16395,true,completed
CV_h6s4n7.txt,BBLCT,4,6,16,16,900.0,0,0.0,4,25.0,7,870.58,1.4,745,true,completed
CV_h6s4n8.txt,BBLCT,4,6,16,16,900.0,1,6.2,3,18.8,3,366.25,1.0,506,true,completed
CV_h6s4n9.txt,BBLCT,4,6,16,16,900.0,0,0.0,16,100.0,7,860.64,2.0,865,true,completed
CV_h6s5n1.txt,BBLCT,5,6,20,20,900.0,0,0.0,4,20.0,8,880.30,1.8,362,true,completed
CV_h6s5n10.txt,BBLCT,5,6,20,20,900.0,0,0.0,6,30.0,7,823.92,7.5,2080,true,completed
CV_h6s5n11.txt,BBLCT,5,6,20,20,900.0,1,5.0,10,50.0,8,886.70,0.7,94,true,completed
CV_h6s5n12.txt,BBLCT,5,6,20,20,900.0,0,0.0,6,30.0,7,880.94,6.5,1753,true,completed
CV_h6s5n13.txt,BBLCT,5,6,20,20,900.0,1,5.0,9,45.0,7,879.09,6.1,1442,true,completed
CV_h6s5n14.txt,BBLCT,5,6,20,20,900.0,0,0.0,5,25.0,7,833.21,2.2,480,true,completed
CV_h6s5n15.txt,BBLCT,5,6,20,20,900.0,0,0.0,5,25.0,8,890.04,0.6,110,true,completed
CV_h6s5n16.txt,BBLCT,5,6,20,20,900.0,0,0.0,4,20.0,7,873.33,14.0,5506,true,completed
CV_h6s5n17.txt,BBLCT,5,6,20,20,900.0,1,5.0,4,20.0,8,882.51,0.5,84,true,completed
CV_h6s5n18.txt,BBLCT,5,6,20,20,900.0,0,0.0,5,25.0,7,816.37,3.0,729,true,completed
CV_h6s5n19.txt,BBLCT,5,6,20,20,900.0,0,0.0,5,25.0,7,852.43,1.2,173,true,completed
CV_h6s5n2.txt,BBLCT,5,6,20,20,900.0,0,0.0,6,30.0,7,838.43,18.0,5384,true,completed
CV_h6s5n20.txt,BBLCT,5,6,20,20,900.0,0,0.0,7,35.0,7,885.35,2.9,939,true,completed
CV_h6s5n21.txt,BBLCT,5,6,20,20,900.0,0,0.0,4,20.0,7,864.34,0.5,104,true,completed
CV_h6s5n22.txt,BBLCT,5,6,20,20,900.0,0,0.0,5,25.0,7,833.28,1.8,356,true,completed
CV_h6s5n23.txt,BBLCT,5,6,20,20,900.0,0,0.0,6,30.0,8,879.73,0.6,106,true,completed
CV_h6s5n24.txt,BBLCT,5,6,20,20,900.0,1,5.0,3,15.0,7,861.50,0.5,84,true,completed
CV_h6s5n25.txt,BBLCT,5,6,20,20,900.0,0,0.0,9,45.0,7,884.42,10.6,2928,true,completed
CV_h6s5n26.txt,BBLCT,5,6,20,20,900.0,0,0.0,3,15.0,5,579.66,10.1,3368,true,completed
CV_h6s5n27.txt,BBLCT,5,6,20,20,900.0,0,0.0,8,40.0,8,875.48,1.3,226,true,completed
CV_h6s5n28.txt,BBLCT,5,6,20,20,900.0,0,0.0,7,35.0,8,896.16,0.8,124,true,completed
CV_h6s5n29.txt,BBLCT,5,6,20,20,900.0,0,0.0,4,20.0,5,557.78,1.5,349,true,completed
CV_h6s5n3.txt,BBLCT,5,6,20,20,900.0,1,5.0,5,25.0,8,886.67,1.0,201,true,completed
CV_h6s5n30.txt,BBLCT,5,6,20,20,900.0,0,0.0,3,15.0,5,592.00,0.5,77,true,completed
CV_h6s5n31.txt,BBLCT,5,6,20,20,900.0,0,0.0,2,10.0,6,699.37,5.8,2323,true,completed
CV_h6s5n32.txt,BBLCT,5,6,20,20,900.0,3,15.0,8,40.0,8,875.55,3.3,483,true,completed
CV_h6s5n33.txt,BBLCT,5,6,20,20,900.0,1,5.0,5,25.0,5,594.57,0.5,71,true,completed
CV_h6s5n34.txt,BBLCT,5,6,20,20,900.0,0,0.0,3,15.0,4,461.57,4.5,1408,true,completed
CV_h6s5n35.txt,BBLCT,5,6,20,20,900.0,0,0.0,4,20.0,8,889.45,2.0,474,true,completed
CV_h6s5n36.txt,BBLCT,5,6,20,20,900.0,0,0.0,6,30.0,7,890.15,24.4,6625,true,completed
CV_h6s5n37.txt,BBLCT,5,6,20,20,900.0,0,0.0,2,10.0,5,592.00,0.4,74,true,completed
CV_h6s5n38.txt,BBLCT,5,6,20,20,900.0,1,5.0,4,20.0,5,609.12,12.3,3682,true,completed
CV_h6s5n39.txt,BBLCT,5,6,20,20,900.0,0,0.0,6,30.0,4,467.72,16.4,5157,true,completed
CV_h6s5n4.txt,BBLCT,5,6,20,20,900.0,0,0.0,9,45.0,8,879.99,0.7,108,true,completed
CV_h6s5n40.txt,BBLCT,5,6,20,20,900.0,1,5.0,4,20.0,8,850.98,5.1,1241,true,completed
CV_h6s5n5.txt,BBLCT,5,6,20,20,900.0,0,0.0,2,10.0,5,579.53,11.5,4635,true,completed
CV_h6s5n6.txt,BBLCT,5,6,20,20,900.0,0,0.0,4,20.0,7,871.85,2.7,719,true,completed
CV_h6s5n7.txt,BBLCT,5,6,20,20,900.0,0,0.0,6,30.0,7,878.25,4.9,1240,true,completed
CV_h6s5n8.txt,BBLCT,5,6,20,20,900.0,0,0.0,5,25.0,8,889.27,0.5,86,true,completed
CV_h6s5n9.txt,BBLCT,5,6,20,20,900.0,1,5.0,6,30.0,7,879.22,1.4,276,true,completed
CV_h6s6n1.txt,BBLCT,6,6,24,24,900.0,0,0.0,9,37.5,7,860.17,49.5,7642,true,completed
CV_h6s6n10.txt,BBLCT,6,6,24,24,900.0,0,0.0,6,25.0,7,847.00,1.4,166,true,completed
CV_h6s6n11.txt,BBLCT,6,6,24,24,900.0,0,0.0,2,8.3,6,720.51,0.9,117,true,completed
CV_h6s6n12.txt,BBLCT,6,6,24,24,900.0,2,8.3,5,20.8,8,857.05,2.7,307,true,completed
CV_h6s6n13.txt,BBLCT,6,6,24,24,900.0,0,0.0,6,25.0,7,822.93,7.6,981,true,completed
CV_h6s6n14.txt,BBLCT,6,6,24,24,900.0,0,0.0,9,37.5,7,818.27,81.5,10763,true,completed
CV_h6s6n15.txt,BBLCT,6,6,24,24,900.0,1,4.2,7,29.2,8,870.06,5.5,626,true,completed
CV_h6s6n16.txt,BBLCT,6,6,24,24,900.0,2,8.3,6,25.0,4,484.30,46.9,6558,true,completed
CV_h6s6n17.txt,BBLCT,6,6,24,24,900.0,0,0.0,4,16.7,7,853.58,49.5,7393,true,completed
CV_h6s6n18.txt,BBLCT,6,6,24,24,900.0,0,0.0,4,16.7,8,899.80,4.6,882,true,completed
CV_h6s6n19.txt,BBLCT,6,6,24,24,900.0,0,0.0,3,12.5,5,584.29,1.2,140,true,completed
CV_h6s6n2.txt,BBLCT,6,6,24,24,900.0,1,4.2,7,29.2,8,897.28,49.7,5135,true,completed
CV_h6s6n20.txt,BBLCT,6,6,24,24,900.0,0,0.0,10,41.7,7,854.67,36.1,3480,true,completed
CV_h6s6n21.txt,BBLCT,6,6,24,24,900.0,0,0.0,7,29.2,5,586.27,90.5,14433,true,completed
CV_h6s6n22.txt,BBLCT,6,6,24,24,900.0,0,0.0,9,37.5,8,894.40,7.9,1142,true,completed
CV_h6s6n23.txt,BBLCT,6,6,24,24,900.0,0,0.0,5,20.8,4,453.34,89.1,14301,true,completed
CV_h6s6n24.txt,BBLCT,6,6,24,24,900.0,0,0.0,6,25.0,8,869.91,2.3,279,true,completed
CV_h6s6n25.txt,BBLCT,6,6,24,24,900.0,1,4.2,4,16.7,7,862.50,1.2,131,true,completed
CV_h6s6n26.txt,BBLCT,6,6,24,24,900.0,0,0.0,5,20.8,6,776.53,34.2,4227,true,completed
CV_h6s6n27.txt,BBLCT,6,6,24,24,900.0,1,4.2,6,25.0,7,829.09,14.6,1832,true,completed
CV_h6s6n28.txt,BBLCT,6,6,24,24,900.0,1,4.2,6,25.0,7,891.99,1.3,157,true,completed
CV_h6s6n29.txt,BBLCT,6,6,24,24,900.0,0,0.0,4,16.7,7,836.67,15.0,2715,true,completed
CV_h6s6n3.txt,BBLCT,6,6,24,24,900.0,3,12.5,8,33.3,5,564.17,161.3,16677,true,completed
CV_h6s6n30.txt,BBLCT,6,6,24,24,900.0,0,0.0,9,37.5,7,888.85,2.0,273,true,completed
CV_h6s6n31.txt,BBLCT,6,6,24,24,900.0,1,4.2,7,29.2,8,872.52,15.5,1917,true,completed
CV_h6s6n32.txt,BBLCT,6,6,24,24,900.0,0,0.0,6,25.0,7,858.15,10.9,1787,true,completed
CV_h6s6n33.txt,BBLCT,6,6,24,24,900.0,0,0.0,6,25.0,7,869.64,21.8,3171,true,completed
CV_h6s6n34.txt,BBLCT,6,6,24,24,900.0,0,0.0,4,16.7,7,840.46,1.5,192,true,completed
CV_h6s6n35.txt,BBLCT,6,6,24,24,900.0,0,0.0,4,16.7,7,807.37,5.8,777,true,completed
CV_h6s6n36.txt,BBLCT,6,6,24,24,900.0,0,0.0,4,16.7,7,860.87,1.5,176,true,completed
CV_h6s6n37.txt,BBLCT,6,6,24,24,900.0,0,0.0,4,16.7,6,693.06,2.1,282,true,completed
CV_h6s6n38.txt,BBLCT,6,6,24,24,900.0,0,0.0,6,25.0,6,702.19,154.9,24814,true,completed
CV_h6s6n39.txt,BBLCT,6,6,24,24,900.0,0,0.0,2,8.3,4,457.96,176.9,47612,true,completed
CV_h6s6n4.txt,BBLCT,6,6,24,24,900.0,2,8.3,4,16.7,7,836.73,3.2,377,true,completed
CV_h6s6n40.txt,BBLCT,6,6,24,24,900.0,0,0.0,6,25.0,8,896.28,8.3,1159,true,completed
CV_h6s6n5.txt,BBLCT,6,6,24,24,900.0,0,0.0,2,8.3,7,829.38,2.0,345,true,completed
CV_h6s6n6.txt,BBLCT,6,6,24,24,900.0,0,0.0,5,20.8,8,898.03,1.1,144,true,completed
CV_h6s6n7.txt,BBLCT,6,6,24,24,900.0,0,0.0,5,20.8,7,824.86,3.9,705,true,completed
CV_h6s6n8.txt,BBLCT,6,6,24,24,900.0,0,0.0,9,37.5,5,579.53,47.4,6544,true,completed
CV_h6s6n9.txt,BBLCT,6,6,24,24,900.0,1,4.2,3,12.5,6,679.54,1.3,131,true,completed
CV_h6s7n1.txt,BBLCT,7,6,28,28,900.0,1,3.6,6,21.4,6,691.76,2.4,178,true,completed
CV_h6s7n10.txt,BBLCT,7,6,28,28,900.0,2,7.1,7,25.0,7,795.48,242.5,17702,true,completed
CV_h6s7n11.txt,BBLCT,7,6,28,28,900.0,0,0.0,4,14.3,6,681.94,25.0,2729,true,completed
CV_h6s7n12.txt,BBLCT,7,6,28,28,900.0,2,7.1,8,28.6,8,899.18,41.1,2574,true,completed
CV_h6s7n13.txt,BBLCT,7,6,28,28,900.0,0,0.0,9,32.1,7,864.52,40.8,3400,true,completed
CV_h6s7n14.txt,BBLCT,7,6,28,28,900.0,0,0.0,5,17.9,7,839.97,16.6,1664,true,completed
CV_h6s7n15.txt,BBLCT,7,6,28,28,900.0,0,0.0,6,21.4,8,890.97,2.5,218,true,completed
CV_h6s7n16.txt,BBLCT,7,6,28,28,900.0,1,3.6,4,14.3,5,563.11,617.5,59812,true,completed
CV_h6s7n17.txt,BBLCT,7,6,28,28,900.0,2,7.1,10,35.7,7,837.70,14.5,954,true,completed
CV_h6s7n18.txt,BBLCT,7,6,28,28,900.0,1,3.6,4,14.3,8,895.69,2.3,175,true,completed
CV_h6s7n19.txt,BBLCT,7,6,28,28,900.0,0,0.0,7,25.0,8,885.57,9.4,734,true,completed
CV_h6s7n2.txt,BBLCT,7,6,28,28,900.0,0,0.0,3,10.7,7,815.00,204.4,31632,true,completed
CV_h6s7n20.txt,BBLCT,7,6,28,28,900.0,1,3.6,4,14.3,8,884.73,282.7,29219,true,completed
CV_h6s7n21.txt,BBLCT,7,6,28,28,900.0,0,0.0,2,7.1,6,707.38,1.8,167,true,completed
CV_h6s7n22.txt,BBLCT,7,6,28,28,900.0,0,0.0,7,25.0,7,851.45,210.7,17484,true,completed
CV_h6s7n23.txt,BBLCT,7,6,28,28,900.0,0,0.0,10,35.7,8,886.97,3.3,225,true,completed
CV_h6s7n24.txt,BBLCT,7,6,28,28,900.0,0,0.0,6,21.4,7,849.03,2.9,209,true,completed
CV_h6s7n25.txt,BBLCT,7,6,28,28,900.0,0,0.0,3,10.7,6,715.81,258.6,34532,true,completed
CV_h6s7n26.txt,BBLCT,7,6,28,28,900.0,0,0.0,8,28.6,7,865.35,202.0,15530,true,completed
CV_h6s7n27.txt,BBLCT,7,6,28,28,900.0,0,0.0,4,14.3,5,576.87,1.9,166,true,completed
CV_h6s7n28.txt,BBLCT,7,6,28,28,900.0,0,0.0,3,10.7,8,891.82,2.0,178,true,completed
CV_h6s7n29.txt,BBLCT,7,6,28,28,900.0,1,3.6,5,17.9,8,897.97,7.0,543,true,completed
CV_h6s7n3.txt,BBLCT,7,6,28,28,900.0,1,3.6,6,21.4,8,899.26,243.0,23484,true,completed
CV_h6s7n30.txt,BBLCT,7,6,28,28,900.0,1,3.6,6,21.4,8,874.57,15.1,1290,true,completed
CV_h6s7n31.txt,BBLCT,7,6,28,28,900.0,0,0.0,4,14.3,7,836.31,41.2,3899,true,completed
CV_h6s7n32.txt,BBLCT,7,6,28,28,900.0,0,0.0,5,17.9,7,821.77,137.5,15355,true,completed
CV_h6s7n33.txt,BBLCT,7,6,28,28,900.0,0,0.0,6,21.4,8,884.47,15.8,1635,true,completed
CV_h6s7n34.txt,BBLCT,7,6,28,28,900.0,0,0.0,4,14.3,7,762.83,3.3,238,true,completed
CV_h6s7n35.txt,BBLCT,7,6,28,28,900.0,0,0.0,2,7.1,8,888.16,1.6,124,true,completed
CV_h6s7n36.txt,BBLCT,7,6,28,28,900.0,0,0.0,3,10.7,4,464.36,193.9,26436,true,completed
CV_h6s7n37.txt,BBLCT,7,6,28,28,900.0,0,0.0,5,17.9,7,809.72,3.2,219,true,completed
CV_h6s7n38.txt,BBLCT,7,6,28,28,900.0,0,0.0,6,21.4,8,898.10,983.6,99587,true,completed
CV_h6s7n39.txt,BBLCT,7,6,28,28,900.0,1,3.6,7,25.0,8,863.63,22.1,1681,true,completed
CV_h6s7n4.txt,BBLCT,7,6,28,28,900.0,0,0.0,3,10.7,8,899.56,2.2,217,true,completed
CV_h6s7n40.txt,BBLCT,7,6,28,28,900.0,0,0.0,4,14.3,7,767.73,2.4,187,true,completed
CV_h6s7n5.txt,BBLCT,7,6,28,28,900.0,0,0.0,5,17.9,5,582.95,4.0,317,true,completed
CV_h6s7n6.txt,BBLCT,7,6,28,28,900.0,2,7.1,4,14.3,8,898.91,2.0,131,true,completed
CV_h6s7n7.txt,BBLCT,7,6,28,28,900.0,1,3.6,6,21.4,8,899.32,13.0,1075,true,completed
CV_h6s7n8.txt,BBLCT,7,6,28,28,900.0,0,0.0,5,17.9,5,587.70,572.4,54393,true,completed
CV_h6s7n9.txt,BBLCT,7,6,28,28,900.0,0,0.0,3,10.7,6,679.15,3949.2,633386,true,completed
CV_h7s10n1.txt,BBLCT,10,7,50,50,900.0,0,0.0,2,4.0,6,729.10,12.9,387,true,completed
CV_h7s10n10.txt,BBLCT,10,7,50,50,900.0,0,0.0,3,6.0,6,736.69,13.8,381,true,completed
CV_h7s10n11.txt,BBLCT,10,7,50,50,900.0,0,0.0,4,8.0,6,718.62,12.6,390,true,completed
CV_h7s10n12.txt,BBLCT,10,7,50,50,900.0,0,0.0,2,4.0,5,618.02,12.3,377,true,completed
CV_h7s10n13.txt,BBLCT,10,7,50,50,900.0,0,0.0,7,14.0,7,827.46,65.0,1463,true,completed
CV_h7s10n14.txt,BBLCT,10,7,50,50,900.0,0,0.0,4,8.0,6,694.03,14.0,434,true,completed
CV_h7s10n15.txt,BBLCT,10,7,50,50,900.0,0,0.0,4,8.0,7,848.85,13.9,389,true,completed
CV_h7s10n16.txt,BBLCT,10,7,50,50,900.0,1,2.0,6,12.0,7,845.35,19.9,452,true,completed
CV_h7s10n17.txt,BBLCT,10,7,50,50,900.0,0,0.0,4,8.0,4,453.03,14.0,330,true,completed
CV_h7s10n18.txt,BBLCT,10,7,50,50,900.0,0,0.0,6,12.0,7,819.65,49.3,1119,true,completed
CV_h7s10n19.txt,BBLCT,10,7,50,50,900.0,1,2.0,3,6.0,5,613.94,14.9,381,true,completed
CV_h7s10n2.txt,BBLCT,10,7,50,50,900.0,0,0.0,1,2.0,4,497.43,8.9,317,true,completed
CV_h7s10n20.txt,BBLCT,10,7,50,50,900.0,0,0.0,5,10.0,7,823.79,36.1,701,true,completed
CV_h7s10n21.txt,BBLCT,10,7,50,50,900.0,0,0.0,4,8.0,4,470.72,13.1,317,true,completed
CV_h7s10n22.txt,BBLCT,10,7,50,50,900.0,0,0.0,3,6.0,7,818.32,12.5,339,true,completed
CV_h7s10n23.txt,BBLCT,10,7,50,50,900.0,0,0.0,1,2.0,4,492.38,7.9,317,true,completed
CV_h7s10n24.txt,BBLCT,10,7,50,50,900.0,0,0.0,2,4.0,7,895.57,10.8,345,true,completed
CV_h7s10n25.txt,BBLCT,10,7,50,50,900.0,2,4.0,4,8.0,7,873.80,16.3,372,true,completed
CV_h7s10n26.txt,BBLCT,10,7,50,50,900.0,0,0.0,5,10.0,7,826.33,16.1,517,true,completed
CV_h7s10n27.txt,BBLCT,10,7,50,50,900.0,0,0.0,2,4.0,4,469.64,9.1,317,true,completed
CV_h7s10n28.txt,BBLCT,10,7,50,50,900.0,0,0.0,2,4.0,7,851.90,6.6,268,true,completed
CV_h7s10n29.txt,BBLCT,10,7,50,50,900.0,0,0.0,6,12.0,8,896.21,82.0,2149,true,completed
CV_h7s10n3.txt,BBLCT,10,7,50,50,900.0,0,0.0,3,6.0,7,785.15,12.3,474,true,completed
CV_h7s10n30.txt,BBLCT,10,7,50,50,900.0,0,0.0,4,8.0,7,821.17,20.9,585,true,completed
CV_h7s10n31.txt,BBLCT,10,7,50,50,900.0,1,2.0,4,8.0,8,872.46,10.1,247,true,completed
CV_h7s10n32.txt,BBLCT,10,7,50,50,900.0,0,0.0,6,12.0,6,699.37,16.5,405,true,completed
CV_h7s10n33.txt,BBLCT,10,7,50,50,900.0,0,0.0,2,4.0,5,611.33,10.9,381,true,completed
CV_h7s10n34.txt,BBLCT,10,7,50,50,900.0,0,0.0,9,18.0,7,823.08,761.1,19151,true,completed
CV_h7s10n35.txt,BBLCT,10,7,50,50,900.0,0,0.0,4,8.0,8,896.78,14.3,421,true,completed
CV_h7s10n36.txt,BBLCT,10,7,50,50,900.0,0,0.0,5,10.0,7,808.00,14.4,351,true,completed
CV_h7s10n37.txt,BBLCT,10,7,50,50,900.0,0,0.0,6,12.0,7,848.36,17.3,591,true,completed
CV_h7s10n38.txt,BBLCT,10,7,50,50,900.0,0,0.0,4,8.0,7,781.41,19.0,463,true,completed
CV_h7s10n39.txt,BBLCT,10,7,50,50,900.0,0,0.0,3,6.0,8,892.20,11.9,393,true,completed
CV_h7s10n4.txt,BBLCT,10,7,50,50,900.0,0,0.0,4,8.0,7,809.34,145.7,4956,true,completed
CV_h7s10n40.txt,BBLCT,10,7,50,50,900.0,0,0.0,3,6.0,7,823.51,16.2,580,true,completed
CV_h7s10n5.txt,BBLCT,10,7,50,50,900.0,0,0.0,4,8.0,7,832.29,12.9,409,true,completed
CV_h7s10n6.txt,BBLCT,10,7,50,50,900.0,0,0.0,3,6.0,7,863.60,9.3,318,true,completed
CV_h7s10n7.txt,BBLCT,10,7,50,50,900.0,0,0.0,3,6.0,7,870.67,8.3,288,true,completed
CV_h7s10n8.txt,BBLCT,10,7,50,50,900.0,0,0.0,3,6.0,7,865.97,8.2,290,true,completed
CV_h7s10n9.txt,BBLCT,10,7,50,50,900.0,0,0.0,6,12.0,8,887.71,17.3,448,true,completed
CV_h7s4n1.txt,BBLCT,4,7,20,20,900.0,0,0.0,3,15.0,7,838.34,0.2,43,true,completed
CV_h7s4n10.txt,BBLCT,4,7,20,20,900.0,0,0.0,3,15.0,4,465.62,0.5,173,true,completed
CV_h7s4n11.txt,BBLCT,4,7,20,20,900.0,0,0.0,3,15.0,5,575.99,4.6,2402,true,completed
CV_h7s4n12.txt,BBLCT,4,7,20,20,900.0,0,0.0,1,5.0,3,354.48,2.6,2051,true,completed
CV_h7s4n13.txt,BBLCT,4,7,20,20,900.0,0,0.0,1,5.0,3,354.48,2.8,2193,true,completed
CV_h7s4n14.txt,BBLCT,4,7,20,20,900.0,0,0.0,3,15.0,4,492.38,0.3,93,true,completed
CV_h7s4n15.txt,BBLCT,4,7,20,20,900.0,0,0.0,7,35.0,8,888.34,0.3,53,true,completed
CV_h7s4n16.txt,BBLCT,4,7,20,20,900.0,0,0.0,2,10.0,4,501.60,0.4,189,true,completed
CV_h7s4n17.txt,BBLCT,4,7,20,20,900.0,0,0.0,1,5.0,3,359.65,0.4,176,true,completed
CV_h7s4n18.txt,BBLCT,4,7,20,20,900.0,1,5.0,7,35.0,7,886.30,1.7,669,true,completed
CV_h7s4n19.txt,BBLCT,4,7,20,20,900.0,0,0.0,4,20.0,7,836.12,0.4,117,true,completed
CV_h7s4n2.txt,BBLCT,4,7,20,20,900.0,0,0.0,1,5.0,4,497.74,0.3,181,true,completed
CV_h7s4n20.txt,BBLCT,4,7,20,20,900.0,0,0.0,2,10.0,3,355.75,2.5,1592,true,completed
CV_h7s4n21.txt,BBLCT,4,7,20,20,900.0,0,0.0,5,25.0,7,865.25,0.4,106,true,completed
CV_h7s4n22.txt,BBLCT,4,7,20,20,900.0,3,15.0,4,20.0,7,837.23,0.7,284,true,completed
CV_h7s4n23.txt,BBLCT,4,7,20,20,900.0,0,0.0,7,35.0,8,876.82,0.4,104,true,completed
CV_h7s4n24.txt,BBLCT,4,7,20,20,900.0,0,0.0,1,5.0,4,501.60,0.2,35,true,completed
CV_h7s4n25.txt,BBLCT,4,7,20,20,900.0,3,15.0,8,40.0,7,865.53,0.9,252,true,completed
CV_h7s4n26.txt,BBLCT,4,7,20,20,900.0,0,0.0,1,5.0,4,492.38,1.7,1399,true,completed
CV_h7s4n27.txt,BBLCT,4,7,20,20,900.0,0,0.0,1,5.0,2,220.18,1.7,1362,true,completed
CV_h7s4n28.txt,BBLCT,4,7,20,20,900.0,0,0.0,1,5.0,2,220.18,1.8,1406,true,completed
CV_h7s4n29.txt,BBLCT,4,7,20,20,900.0,1,5.0,3,15.0,2,240.93,0.7,299,true,completed
CV_h7s4n3.txt,BBLCT,4,7,20,20,900.0,0,0.0,5,25.0,3,334.26,0.4,89,true,completed
CV_h7s4n30.txt,BBLCT,4,7,20,20,900.0,1,5.0,3,15.0,6,733.12,0.3,67,true,completed
CV_h7s4n31.txt,BBLCT,4,7,20,20,900.0,1,5.0,7,35.0,7,784.65,0.3,73,true,completed
CV_h7s4n32.txt,BBLCT,4,7,20,20,900.0,0,0.0,1,5.0,3,359.65,0.4,176,true,completed
CV_h7s4n33.txt,BBLCT,4,7,20,20,900.0,0,0.0,2,10.0,3,336.64,0.3,108,true,completed
CV_h7s4n34.txt,BBLCT,4,7,20,20,900.0,0,0.0,4,20.0,7,871.63,2.7,1536,true,completed
CV_h7s4n35.txt,BBLCT,4,7,20,20,900.0,0,0.0,2,10.0,4,454.06,3.6,2175,true,completed
CV_h7s4n36.txt,BBLCT,4,7,20,20,900.0,0,0.0,3,15.0,4,443.81,2.2,1168,true,completed
CV_h7s4n37.txt,BBLCT,4,7,20,20,900.0,0,0.0,1,5.0,4,492.38,1.7,1365,true,completed
CV_h7s4n38.txt,BBLCT,4,7,20,20,900.0,0,0.0,2,10.0,7,833.23,0.3,57,true,completed
CV_h7s4n39.txt,BBLCT,4,7,20,20,900.0,0,0.0,3,15.0,7,872.92,0.4,156,true,completed
CV_h7s4n4.txt,BBLCT,4,7,20,20,900.0,0,0.0,3,15.0,2,230.73,1.6,775,true,completed
CV_h7s4n40.txt,BBLCT,4,7,20,20,900.0,0,0.0,3,15.0,3,358.13,0.2,48,true,completed
CV_h7s4n5.txt,BBLCT,4,7,20,20,900.0,0,0.0,2,10.0,4,501.60,0.4,179,true,completed
CV_h7s4n6.txt,BBLCT,4,7,20,20,900.0,0,0.0,4,20.0,8,879.73,0.5,160,true,completed
CV_h7s4n7.txt,BBLCT,4,7,20,20,900.0,0,0.0,5,25.0,8,830.22,0.6,206,true,completed
CV_h7s4n8.txt,BBLCT,4,7,20,20,900.0,0,0.0,2,10.0,3,370.11,1.1,577,true,completed
CV_h7s4n9.txt,BBLCT,4,7,20,20,900.0,2,10.0,4,20.0,8,879.00,0.3,63,true,completed
CV_h7s5n1.txt,BBLCT,5,7,25,25,900.0,0,0.0,1,4.0,3,354.48,10.5,6487,true,completed
CV_h7s5n10.txt,BBLCT,5,7,25,25,900.0,0,0.0,3,12.0,6,717.12,0.4,75,true,completed
CV_h7s5n11.txt,BBLCT,5,7,25,25,900.0,0,0.0,3,12.0,7,829.37,0.4,54,true,completed
CV_h7s5n12.txt,BBLCT,5,7,25,25,900.0,0,0.0,7,28.0,7,835.50,1.5,394,true,completed
CV_h7s5n13.txt,BBLCT,5,7,25,25,900.0,0,0.0,6,24.0,7,844.32,0.5,82,true,completed
CV_h7s5n14.txt,BBLCT,5,7,25,25,900.0,0,0.0,3,12.0,3,337.91,1.9,599,true,completed
CV_h7s5n15.txt,BBLCT,5,7,25,25,900.0,0,0.0,2,8.0,5,599.80,0.4,71,true,completed
CV_h7s5n16.txt,BBLCT,5,7,25,25,900.0,0,0.0,3,12.0,4,475.57,3.2,1084,true,completed
CV_h7s5n17.txt,BBLCT,5,7,25,25,900.0,0,0.0,3,12.0,7,816.69,1.1,235,true,completed
CV_h7s5n18.txt,BBLCT,5,7,25,25,900.0,1,4.0,5,20.0,7,839.87,0.8,140,true,completed
CV_h7s5n19.txt,BBLCT,5,7,25,25,900.0,1,4.0,3,12.0,4,459.42,8.0,2071,true,completed
CV_h7s5n2.txt,BBLCT,5,7,25,25,900.0,1,4.0,7,28.0,4,471.87,2.6,461,true,completed
CV_h7s5n20.txt,BBLCT,5,7,25,25,900.0,0,0.0,1,4.0,4,502.86,12.2,6486,true,completed
CV_h7s5n21.txt,BBLCT,5,7,25,25,900.0,0,0.0,3,12.0,7,826.32,0.5,73,true,completed
CV_h7s5n22.txt,BBLCT,5,7,25,25,900.0,0,0.0,4,16.0,4,460.41,0.5,84,true,completed
CV_h7s5n23.txt,BBLCT,5,7,25,25,900.0,0,0.0,3,12.0,7,871.79,9.2,3451,true,completed
CV_h7s5n24.txt,BBLCT,5,7,25,25,900.0,1,4.0,3,12.0,6,760.38,0.5,82,true,completed
CV_h7s5n25.txt,BBLCT,5,7,25,25,900.0,1,4.0,5,20.0,4,432.49,0.7,130,true,completed
CV_h7s5n26.txt,BBLCT,5,7,25,25,900.0,0,0.0,4,16.0,7,884.37,0.6,109,true,completed
CV_h7s5n27.txt,BBLCT,5,7,25,25,900.0,0,0.0,4,16.0,7,862.64,2.6,800,true,completed
CV_h7s5n28.txt,BBLCT,5,7,25,25,900.0,0,0.0,3,12.0,7,870.05,1.9,493,true,completed
CV_h7s5n29.txt,BBLCT,5,7,25,25,900.0,0,0.0,2,8.0,7,759.94,0.4,80,true,completed
CV_h7s5n3.txt,BBLCT,5,7,25,25,900.0,0,0.0,1,4.0,3,355.75,12.1,6477,true,completed
CV_h7s5n30.txt,BBLCT,5,7,25,25,900.0,0,0.0,7,28.0,7,866.89,4.5,900,true,completed
CV_h7s5n31.txt,BBLCT,5,7,25,25,900.0,0,0.0,2,8.0,6,713.56,1.7,614,true,completed
CV_h7s5n32.txt,BBLCT,5,7,25,25,900.0,2,8.0,3,12.0,4,515.85,0.8,139,true,completed
CV_h7s5n33.txt,BBLCT,5,7,25,25,900.0,0,0.0,5,20.0,7,890.95,0.5,74,true,completed
CV_h7s5n34.txt,BBLCT,5,7,25,25,900.0,1,4.0,4,16.0,8,823.76,0.6,83,true,completed
CV_h7s5n35.txt,BBLCT,5,7,25,25,900.0,0,0.0,5,20.0,5,574.51,31.1,8590,true,completed
CV_h7s5n36.txt,BBLCT,5,7,25,25,900.0,0,0.0,4,16.0,8,892.45,0.5,84,true,completed
CV_h7s5n37.txt,BBLCT,5,7,25,25,900.0,1,4.0,2,8.0,4,499.07,0.8,210,true,completed
CV_h7s5n38.txt,BBLCT,5,7,25,25,900.0,1,4.0,6,24.0,7,851.33,10.2,2545,true,completed
CV_h7s5n39.txt,BBLCT,5,7,25,25,900.0,0,0.0,4,16.0,5,636.57,3.1,877,true,completed
CV_h7s5n4.txt,BBLCT,5,7,25,25,900.0,0,0.0,3,12.0,7,871.74,0.4,68,true,completed
CV_h7s5n40.txt,BBLCT,5,7,25,25,900.0,0,0.0,3,12.0,6,641.74,0.5,87,true,completed
CV_h7s5n5.txt,BBLCT,5,7,25,25,900.0,1,4.0,5,20.0,8,871.47,0.6,97,true,completed
CV_h7s5n6.txt,BBLCT,5,7,25,25,900.0,0,0.0,5,20.0,7,836.15,0.8,123,true,completed
CV_h7s5n7.txt,BBLCT,5,7,25,25,900.0,0,0.0,2,8.0,3,358.38,0.8,228,true,completed
CV_h7s5n8.txt,BBLCT,5,7,25,25,900.0,0,0.0,1,4.0,3,355.79,11.6,6477,true,completed
CV_h7s5n9.txt,BBLCT,5,7,25,25,900.0,0,0.0,3,12.0,6,691.48,0.6,89,true,completed
CV_h7s6n1.txt,BBLCT,6,7,30,30,900.0,0,0.0,2,6.7,6,721.52,0.9,105,true,completed
CV_h7s6n10.txt,BBLCT,6,7,30,30,900.0,0,0.0,2,6.7,6,713.51,138.1,33174,true,completed
CV_h7s6n11.txt,BBLCT,6,7,30,30,900.0,0,0.0,6,20.0,7,892.07,1.3,122,true,completed
CV_h7s6n12.txt,BBLCT,6,7,30,30,900.0,0,0.0,6,20.0,6,682.50,1.1,130,true,completed
CV_h7s6n13.txt,BBLCT,6,7,30,30,900.0,0,0.0,3,10.0,5,608.82,1.0,113,true,completed
CV_h7s6n14.txt,BBLCT,6,7,30,30,900.0,2,6.7,6,20.0,8,860.55,1.4,119,true,completed
CV_h7s6n15.txt,BBLCT,6,7,30,30,900.0,0,0.0,6,20.0,7,849.06,0.9,107,true,completed
CV_h7s6n16.txt,BBLCT,6,7,30,30,900.0,0,0.0,3,10.0,8,881.32,152.5,30017,true,completed
CV_h7s6n17.txt,BBLCT,6,7,30,30,900.0,0,0.0,6,20.0,7,829.32,2.3,247,true,completed
CV_h7s6n18.txt,BBLCT,6,7,30,30,900.0,0,0.0,2,6.7,5,575.56,540.5,154250,true,completed
CV_h7s6n19.txt,BBLCT,6,7,30,30,900.0,0,0.0,3,10.0,8,892.87,0.9,105,true,completed
CV_h7s6n2.txt,BBLCT,6,7,30,30,900.0,0,0.0,3,10.0,4,465.51,1.0,97,true,completed
CV_h7s6n20.txt,BBLCT,6,7,30,30,900.0,0,0.0,2,6.7,7,855.44,0.8,84,true,completed
CV_h7s6n21.txt,BBLCT,6,7,30,30,900.0,0,0.0,3,10.0,7,743.97,1.0,134,true,completed
CV_h7s6n22.txt,BBLCT,6,7,30,30,900.0,0,0.0,2,6.7,8,872.46,0.8,93,true,completed
CV_h7s6n23.txt,BBLCT,6,7,30,30,900.0,1,3.3,3,10.0,7,854.54,1.0,103,true,completed
CV_h7s6n24.txt,BBLCT,6,7,30,30,900.0,0,0.0,3,10.0,7,865.92,0.9,126,true,completed
CV_h7s6n25.txt,BBLCT,6,7,30,30,900.0,1,3.3,3,10.0,7,810.01,1.0,116,true,completed
CV_h7s6n26.txt,BBLCT,6,7,30,30,900.0,0,0.0,1,3.3,4,492.38,0.7,97,true,completed
CV_h7s6n27.txt,BBLCT,6,7,30,30,900.0,0,0.0,2,6.7,6,751.30,84.7,18966,true,completed
CV_h7s6n28.txt,BBLCT,6,7,30,30,900.0,0,0.0,2,6.7,7,875.47,1.0,112,true,completed
CV_h7s6n29.txt,BBLCT,6,7,30,30,900.0,0,0.0,2,6.7,6,716.09,0.9,105,true,completed
CV_h7s6n3.txt,BBLCT,6,7,30,30,900.0,1,3.3,5,16.7,7,844.34,1.6,180,true,completed
CV_h7s6n30.txt,BBLCT,6,7,30,30,900.0,0,0.0,5,16.7,6,737.06,1.0,119,true,completed
CV_h7s6n31.txt,BBLCT,6,7,30,30,900.0,0,0.0,3,10.0,5,556.44,1.1,118,true,completed
CV_h7s6n32.txt,BBLCT,6,7,30,30,900.0,0,0.0,2,6.7,4,504.12,0.9,97,true,completed
CV_h7s6n33.txt,BBLCT,6,7,30,30,900.0,2,6.7,4,13.3,5,602.86,1.2,113,true,completed
CV_h7s6n34.txt,BBLCT,6,7,30,30,900.0,0,0.0,5,16.7,5,569.22,1.2,113,true,completed
CV_h7s6n35.txt,BBLCT,6,7,30,30,900.0,0,0.0,5,16.7,7,874.25,8.6,1298,true,completed
CV_h7s6n36.txt,BBLCT,6,7,30,30,900.0,0,0.0,2,6.7,7,888.03,21.6,6544,true,completed
CV_h7s6n37.txt,BBLCT,6,7,30,30,900.0,0,0.0,5,16.7,6,725.31,21.0,3664,true,completed
CV_h7s6n38.txt,BBLCT,6,7,30,30,900.0,0,0.0,2,6.7,5,607.84,0.8,113,true,completed
CV_h7s6n39.txt,BBLCT,6,7,30,30,900.0,1,3.3,4,13.3,4,452.76,132.5,20987,true,completed
CV_h7s6n4.txt,BBLCT,6,7,30,30,900.0,0,0.0,3,10.0,8,859.44,0.9,115,true,completed
CV_h7s6n40.txt,BBLCT,6,7,30,30,900.0,0,0.0,2,6.7,6,679.42,1.1,127,true,completed
CV_h7s6n5.txt,BBLCT,6,7,30,30,900.0,0,0.0,2,6.7,7,869.08,0.8,112,true,completed
CV_h7s6n6.txt,BBLCT,6,7,30,30,900.0,0,0.0,9,30.0,7,761.19,6.7,974,true,completed
CV_h7s6n7.txt,BBLCT,6,7,30,30,900.0,0,0.0,2,6.7,7,858.28,0.9,102,true,completed
CV_h7s6n8.txt,BBLCT,6,7,30,30,900.0,4,13.3,5,16.7,2,229.47,16.5,1805,true,completed
CV_h7s6n9.txt,BBLCT,6,7,30,30,900.0,0,0.0,3,10.0,8,856.71,0.9,121,true,completed
CV_h7s7n1.txt,BBLCT,7,7,35,35,900.0,2,5.7,6,17.1,7,865.97,436.3,33732,true,completed
CV_h7s7n10.txt,BBLCT,7,7,35,35,900.0,2,5.7,3,8.6,4,505.39,2.3,145,true,completed
CV_h7s7n11.txt,BBLCT,7,7,35,35,900.0,1,2.9,4,11.4,8,878.42,2.2,158,true,completed
CV_h7s7n12.txt,BBLCT,7,7,35,35,900.0,0,0.0,5,14.3,7,868.30,2.3,161,true,completed
CV_h7s7n13.txt,BBLCT,7,7,35,35,900.0,0,0.0,4,11.4,4,464.25,1.8,140,true,completed
CV_h7s7n14.txt,BBLCT,7,7,35,35,900.0,2,5.7,4,11.4,4,455.56,2.4,140,true,completed
CV_h7s7n15.txt,BBLCT,7,7,35,35,900.0,0,0.0,2,5.7,4,502.86,2.0,192,true,completed
CV_h7s7n16.txt,BBLCT,7,7,35,35,900.0,0,0.0,2,5.7,6,725.31,2.0,159,true,completed
CV_h7s7n17.txt,BBLCT,7,7,35,35,900.0,3,8.6,6,17.1,8,899.06,11.6,806,true,completed
CV_h7s7n18.txt,BBLCT,7,7,35,35,900.0,0,0.0,1,2.9,4,494.90,1.5,140,true,completed
CV_h7s7n19.txt,BBLCT,7,7,35,35,900.0,0,0.0,2,5.7,6,719.88,1.9,158,true,completed
CV_h7s7n2.txt,BBLCT,7,7,35,35,900.0,0,0.0,5,14.3,7,840.75,2.1,179,true,completed
CV_h7s7n20.txt,BBLCT,7,7,35,35,900.0,0,0.0,2,5.7,7,869.51,1.6,121,true,completed
CV_h7s7n21.txt,BBLCT,7,7,35,35,900.0,0,0.0,2,5.7,7,849.01,1.5,148,true,completed
CV_h7s7n22.txt,BBLCT,7,7,35,35,900.0,0,0.0,1,2.9,4,494.90,1.5,140,true,completed
CV_h7s7n23.txt,BBLCT,7,7,35,35,900.0,0,0.0,5,14.3,7,810.83,2.3,147,true,completed
CV_h7s7n24.txt,BBLCT,7,7,35,35,900.0,0,0.0,6,17.1,6,694.41,2.6,187,true,completed
CV_h7s7n25.txt,BBLCT,7,7,35,35,900.0,0,0.0,5,14.3,7,832.61,4.2,251,true,completed
CV_h7s7n26.txt,BBLCT,7,7,35,35,900.0,0,0.0,9,25.7,7,815.29,463.3,33310,true,completed
CV_h7s7n27.txt,BBLCT,7,7,35,35,900.0,0,0.0,3,8.6,7,818.43,8.7,769,true,completed
CV_h7s7n28.txt,BBLCT,7,7,35,35,900.0,0,0.0,4,11.4,5,575.52,2.1,165,true,completed
CV_h7s7n29.txt,BBLCT,7,7,35,35,900.0,0,0.0,2,5.7,6,718.39,2.0,169,true,completed
CV_h7s7n3.txt,BBLCT,7,7,35,35,900.0,0,0.0,3,8.6,7,830.36,2.4,231,true,completed
CV_h7s7n30.txt,BBLCT,7,7,35,35,900.0,0,0.0,2,5.7,5,623.73,1.9,165,true,completed
CV_h7s7n31.txt,BBLCT,7,7,35,35,900.0,0,0.0,3,8.6,4,467.07,2.0,140,true,completed
CV_h7s7n32.txt,BBLCT,7,7,35,35,900.0,1,2.9,3,8.6,4,469.28,2.2,140,true,completed
CV_h7s7n33.txt,BBLCT,7,7,35,35,900.0,0,0.0,3,8.6,8,872.91,2.4,202,true,completed
CV_h7s7n34.txt,BBLCT,7,7,35,35,900.0,0,0.0,2,5.7,7,753.49,2.3,197,true,completed
CV_h7s7n35.txt,BBLCT,7,7,35,35,900.0,0,0.0,3,8.6,7,828.86,1.3,112,true,completed
CV_h7s7n36.txt,BBLCT,7,7,35,35,900.0,1,2.9,3,8.6,3,355.75,58.9,6537,true,completed
CV_h7s7n37.txt,BBLCT,7,7,35,35,900.0,0,0.0,3,8.6,6,731.27,2.0,153,true,completed
CV_h7s7n38.txt,BBLCT,7,7,35,35,900.0,0,0.0,8,22.9,8,897.15,74.0,6945,true,completed
CV_h7s7n39.txt,BBLCT,7,7,35,35,900.0,0,0.0,4,11.4,7,786.65,2.2,176,true,completed
CV_h7s7n4.txt,BBLCT,7,7,35,35,900.0,0,0.0,8,22.9,8,880.99,2.4,177,true,completed
CV_h7s7n40.txt,BBLCT,7,7,35,35,900.0,0,0.0,4,11.4,7,810.57,2.1,175,true,completed
CV_h7s7n5.txt,BBLCT,7,7,35,35,900.0,0,0.0,2,5.7,7,888.96,1.4,121,true,completed
CV_h7s7n6.txt,BBLCT,7,7,35,35,900.0,0,0.0,5,14.3,7,840.76,2.7,209,true,completed
CV_h7s7n7.txt,BBLCT,7,7,35,35,900.0,0,0.0,9,25.7,8,898.07,3.9,255,true,completed
CV_h7s7n8.txt,BBLCT,7,7,35,35,900.0,1,2.9,5,14.3,7,838.60,2.2,123,true,completed
CV_h7s7n9.txt,BBLCT,7,7,35,35,900.0,0,0.0,4,11.4,8,830.21,974.9,107629,true,completed
CV_h7s8n1.txt,BBLCT,8,7,40,40,900.0,0,0.0,5,12.5,7,881.38,4.8,252,true,completed
CV_h7s8n10.txt,BBLCT,8,7,40,40,900.0,0,0.0,3,7.5,7,762.33,5.8,270,true,completed
CV_h7s8n11.txt,BBLCT,8,7,40,40,900.0,1,2.5,3,7.5,7,821.20,3.8,208,true,completed
CV_h7s8n12.txt,BBLCT,8,7,40,40,900.0,0,0.0,5,12.5,7,830.72,23.8,1205,true,completed
CV_h7s8n13.txt,BBLCT,8,7,40,40,900.0,0,0.0,3,7.5,6,730.86,4.2,219,true,completed
CV_h7s8n14.txt,BBLCT,8,7,40,40,900.0,0,0.0,2,5.0,5,606.27,3.6,227,true,completed
CV_h7s8n15.txt,BBLCT,8,7,40,40,900.0,1,2.5,5,12.5,7,821.10,8.7,406,true,completed
CV_h7s8n16.txt,BBLCT,8,7,40,40,900.0,0,0.0,3,7.5,6,683.09,4.3,248,true,completed
CV_h7s8n17.txt,BBLCT,8,7,40,40,900.0,0,0.0,4,10.0,5,579.46,1611.3,127393,true,completed
CV_h7s8n18.txt,BBLCT,8,7,40,40,900.0,0,0.0,4,10.0,7,768.66,4.7,275,true,completed
CV_h7s8n19.txt,BBLCT,8,7,40,40,900.0,0,0.0,3,7.5,8,899.75,5.5,314,true,completed
CV_h7s8n2.txt,BBLCT,8,7,40,40,900.0,0,0.0,7,17.5,7,828.89,32.7,1756,true,completed
CV_h7s8n20.txt,BBLCT,8,7,40,40,900.0,1,2.5,6,15.0,7,827.08,6.1,283,true,completed
CV_h7s8n21.txt,BBLCT,8,7,40,40,900.0,0,0.0,6,15.0,7,842.57,129.4,6096,true,completed
CV_h7s8n22.txt,BBLCT,8,7,40,40,900.0,0,0.0,3,7.5,7,800.92,4.4,223,true,completed
CV_h7s8n23.txt,BBLCT,8,7,40,40,900.0,1,2.5,4,10.0,7,825.32,3.4,145,true,completed
CV_h7s8n24.txt,BBLCT,8,7,40,40,900.0,0,0.0,5,12.5,5,564.75,3237.8,188452,true,completed
CV_h7s8n25.txt,BBLCT,8,7,40,40,900.0,0,0.0,5,12.5,6,688.20,5.1,256,true,completed
CV_h7s8n26.txt,BBLCT,8,7,40,40,900.0,1,2.5,4,10.0,7,837.60,6.8,363,true,completed
CV_h7s8n27.txt,BBLCT,8,7,40,40,900.0,0,0.0,2,5.0,7,854.23,3.1,202,true,completed
CV_h7s8n28.txt,BBLCT,8,7,40,40,900.0,0,0.0,4,10.0,7,745.36,5.6,292,true,completed
CV_h7s8n29.txt,BBLCT,8,7,40,40,900.0,0,0.0,3,7.5,7,854.90,3.7,209,true,completed
CV_h7s8n3.txt,BBLCT,8,7,40,40,900.0,0,0.0,3,7.5,6,740.38,4.3,243,true,completed
CV_h7s8n30.txt,BBLCT,8,7,40,40,900.0,0,0.0,3,7.5,5,608.80,4.1,227,true,completed
CV_h7s8n31.txt,BBLCT,8,7,40,40,900.0,1,2.5,4,10.0,7,867.24,5.6,262,true,completed
CV_h7s8n32.txt,BBLCT,8,7,40,40,900.0,0,0.0,5,12.5,7,859.55,3.3,220,true,completed
CV_h7s8n33.txt,BBLCT,8,7,40,40,900.0,1,2.5,3,7.5,7,847.80,3.2,169,true,completed
CV_h7s8n34.txt,BBLCT,8,7,40,40,900.0,0,0.0,4,10.0,8,872.16,3.2,205,true,completed
CV_h7s8n35.txt,BBLCT,8,7,40,40,900.0,0,0.0,4,10.0,8,895.62,4.9,267,true,completed
CV_h7s8n36.txt,BBLCT,8,7,40,40,900.0,0,0.0,6,15.0,7,853.13,14.2,699,true,completed
CV_h7s8n37.txt,BBLCT,8,7,40,40,900.0,0,0.0,3,7.5,7,842.71,3.3,167,true,completed
CV_h7s8n38.txt,BBLCT,8,7,40,40,900.0,0,0.0,4,10.0,7,841.00,3.1,157,true,completed
CV_h7s8n39.txt,BBLCT,8,7,40,40,900.0,0,0.0,2,5.0,4,455.32,3.2,191,true,completed
CV_h7s8n4.txt,BBLCT,8,7,40,40,900.0,0,0.0,2,5.0,6,721.15,3.9,222,true,completed
CV_h7s8n40.txt,BBLCT,8,7,40,40,900.0,0,0.0,2,5.0,7,865.86,2.9,166,true,completed
CV_h7s8n5.txt,BBLCT,8,7,40,40,900.0,0,0.0,3,7.5,7,861.86,2.4,164,true,completed
CV_h7s8n6.txt,BBLCT,8,7,40,40,900.0,0,0.0,2,5.0,6,719.65,4.0,235,true,completed
CV_h7s8n7.txt,BBLCT,8,7,40,40,900.0,0,0.0,7,17.5,5,557.63,5.7,240,true,completed
CV_h7s8n8.txt,BBLCT,8,7,40,40,900.0,1,2.5,5,12.5,7,830.65,24.0,1257,true,completed
CV_h7s8n9.txt,BBLCT,8,7,40,40,900.0,0,0.0,3,7.5,7,858.58,2.7,164,true,completed
CV_h7s9n1.txt,BBLCT,9,7,45,45,900.0,0,0.0,2,4.4,6,721.15,7.2,299,true,completed
CV_h7s9n10.txt,BBLCT,9,7,45,45,900.0,1,2.2,3,6.7,6,721.20,8.9,302,true,completed
CV_h7s9n11.txt,BBLCT,9,7,45,45,900.0,1,2.2,4,8.9,6,682.83,10.0,337,true,completed
CV_h7s9n12.txt,BBLCT,9,7,45,45,900.0,0,0.0,8,17.8,7,848.71,8.1,404,true,completed
CV_h7s9n13.txt,BBLCT,9,7,45,45,900.0,1,2.2,4,8.9,7,850.28,12.2,402,true,completed
CV_h7s9n14.txt,BBLCT,9,7,45,45,900.0,0,0.0,2,4.4,7,842.29,5.2,187,true,completed
CV_h7s9n15.txt,BBLCT,9,7,45,45,900.0,0,0.0,6,13.3,8,899.26,710.6,35699,true,completed
CV_h7s9n16.txt,BBLCT,9,7,45,45,900.0,0,0.0,2,4.4,6,723.67,7.3,323,true,completed
CV_h7s9n17.txt,BBLCT,9,7,45,45,900.0,0,0.0,3,6.7,7,801.84,7.2,310,true,completed
CV_h7s9n18.txt,BBLCT,9,7,45,45,900.0,2,4.4,4,8.9,6,733.16,9.7,314,true,completed
CV_h7s9n19.txt,BBLCT,9,7,45,45,900.0,0,0.0,3,6.7,7,883.66,7.6,308,true,completed
CV_h7s9n2.txt,BBLCT,9,7,45,45,900.0,0,0.0,5,11.1,7,843.11,11.0,448,true,completed
CV_h7s9n20.txt,BBLCT,9,7,45,45,900.0,0,0.0,8,17.8,8,900.00,242.2,10422,true,completed
CV_h7s9n21.txt,BBLCT,9,7,45,45,900.0,0,0.0,4,8.9,6,673.62,8.0,339,true,completed
CV_h7s9n22.txt,BBLCT,9,7,45,45,900.0,0,0.0,3,6.7,7,769.42,7.6,350,true,completed
CV_h7s9n23.txt,BBLCT,9,7,45,45,900.0,0,0.0,2,4.4,7,854.23,5.3,264,true,completed
CV_h7s9n24.txt,BBLCT,9,7,45,45,900.0,0,0.0,5,11.1,7,846.88,9.3,321,true,completed
CV_h7s9n25.txt,BBLCT,9,7,45,45,900.0,1,2.2,2,4.4,4,504.12,6.6,257,true,completed
CV_h7s9n26.txt,BBLCT,9,7,45,45,900.0,0,0.0,4,8.9,8,855.33,9.9,376,true,completed
CV_h7s9n27.txt,BBLCT,9,7,45,45,900.0,0,0.0,3,6.7,4,462.03,6.7,250,true,completed
CV_h7s9n28.txt,BBLCT,9,7,45,45,900.0,1,2.2,5,11.1,5,618.37,9.3,299,true,completed
CV_h7s9n29.txt,BBLCT,9,7,45,45,900.0,0,0.0,5,11.1,7,829.83,15.1,574,true,completed
CV_h7s9n3.txt,BBLCT,9,7,45,45,900.0,0,0.0,2,4.4,5,588.31,7.2,307,true,completed
CV_h7s9n30.txt,BBLCT,9,7,45,45,900.0,1,2.2,5,11.1,7,839.63,9.3,323,true,completed
CV_h7s9n31.txt,BBLCT,9,7,45,45,900.0,0,0.0,3,6.7,4,469.64,7.7,257,true,completed
CV_h7s9n32.txt,BBLCT,9,7,45,45,900.0,0,0.0,8,17.8,7,838.09,37.5,1209,true,completed
CV_h7s9n33.txt,BBLCT,9,7,45,45,900.0,0,0.0,2,4.4,6,732.89,7.5,316,true,completed
CV_h7s9n34.txt,BBLCT,9,7,45,45,900.0,0,0.0,5,11.1,7,828.74,12.8,488,true,completed
CV_h7s9n35.txt,BBLCT,9,7,45,45,900.0,0,0.0,3,6.7,7,830.21,7.4,307,true,completed
CV_h7s9n36.txt,BBLCT,9,7,45,45,900.0,0,0.0,3,6.7,4,467.12,6.7,257,true,completed
CV_h7s9n37.txt,BBLCT,9,7,45,45,900.0,1,2.2,3,6.7,7,862.98,5.4,209,true,completed
CV_h7s9n38.txt,BBLCT,9,7,45,45,900.0,0,0.0,3,6.7,8,897.99,18.6,692,true,completed
CV_h7s9n39.txt,BBLCT,9,7,45,45,900.0,1,2.2,3,6.7,6,729.10,8.6,280,true,completed
CV_h7s9n4.txt,BBLCT,9,7,45,45,900.0,0,0.0,5,11.1,8,882.68,194.8,5914,true,completed
CV_h7s9n40.txt,BBLCT,9,7,45,45,900.0,0,0.0,2,4.4,4,492.38,4.8,250,true,completed
CV_h7s9n5.txt,BBLCT,9,7,45,45,900.0,1,2.2,6,13.3,8,875.29,9.3,323,true,completed
CV_h7s9n6.txt,BBLCT,9,7,45,45,900.0,1,2.2,4,8.9,4,456.60,7.5,250,true,completed
CV_h7s9n7.txt,BBLCT,9,7,45,45,900.0,0,0.0,4,8.9,8,897.71,7.9,351,true,completed
CV_h7s9n8.txt,BBLCT,9,7,45,45,900.0,0,0.0,5,11.1,6,702.29,10.0,336,true,completed
CV_h7s9n9.txt,BBLCT,9,7,45,45,900.0,0,0.0,3,6.7,5,606.27,6.6,299,true,completed
CV_h8s10n1.txt,BBLCT,10,8,60,60,900.0,0,0.0,3,5.0,6,684.51,15.8,418,true,completed
CV_h8s10n10.txt,BBLCT,10,8,60,60,900.0,0,0.0,5,8.3,7,828.78,24.7,691,true,completed
CV_h8s10n11.txt,BBLCT,10,8,60,60,900.0,0,0.0,2,3.3,6,772.48,11.1,410,true,completed
CV_h8s10n12.txt,BBLCT,10,8,60,60,900.0,0,0.0,2,3.3,5,553.54,13.0,398,true,completed
CV_h8s10n13.txt,BBLCT,10,8,60,60,900.0,0,0.0,2,3.3,7,884.83,10.0,376,true,completed
CV_h8s10n14.txt,BBLCT,10,8,60,60,900.0,0,0.0,1,1.7,4,497.74,8.2,317,true,completed
CV_h8s10n15.txt,BBLCT,10,8,60,60,900.0,0,0.0,2,3.3,5,580.73,12.3,391,true,completed
CV_h8s10n16.txt,BBLCT,10,8,60,60,900.0,0,0.0,1,1.7,3,357.01,6.9,244,true,completed
CV_h8s10n17.txt,BBLCT,10,8,60,60,900.0,0,0.0,4,6.7,7,889.97,13.5,392,true,completed
CV_h8s10n18.txt,BBLCT,10,8,60,60,900.0,0,0.0,2,3.3,7,873.30,9.4,268,true,completed
CV_h8s10n19.txt,BBLCT,10,8,60,60,900.0,0,0.0,4,6.7,7,873.04,16.1,399,true,completed
CV_h8s10n2.txt,BBLCT,10,8,60,60,900.0,0,0.0,4,6.7,6,623.95,19.6,470,true,completed
CV_h8s10n20.txt,BBLCT,10,8,60,60,900.0,1,1.7,4,6.7,7,885.28,19.9,419,true,completed
CV_h8s10n21.txt,BBLCT,10,8,60,60,900.0,0,0.0,4,6.7,8,887.69,13.0,401,true,completed
CV_h8s10n22.txt,BBLCT,10,8,60,60,900.0,0,0.0,2,3.3,6,716.79,13.5,414,true,completed
CV_h8s10n23.txt,BBLCT,10,8,60,60,900.0,0,0.0,2,3.3,7,776.07,12.6,458,true,completed
CV_h8s10n24.txt,BBLCT,10,8,60,60,900.0,0,0.0,3,5.0,6,712.25,15.3,409,true,completed
CV_h8s10n25.txt,BBLCT,10,8,60,60,900.0,1,1.7,5,8.3,6,780.07,17.0,383,true,completed
CV_h8s10n26.txt,BBLCT,10,8,60,60,900.0,1,1.7,5,8.3,7,876.57,11.4,262,true,completed
CV_h8s10n27.txt,BBLCT,10,8,60,60,900.0,1,1.7,4,6.7,8,883.47,11.4,258,true,completed
CV_h8s10n28.txt,BBLCT,10,8,60,60,900.0,0,0.0,3,5.0,7,807.57,12.1,416,true,completed
CV_h8s10n29.txt,BBLCT,10,8,60,60,900.0,0,0.0,1,1.7,5,659.85,11.6,366,true,completed
CV_h8s10n3.txt,BBLCT,10,8,60,60,900.0,0,0.0,2,3.3,3,334.15,7.9,244,true,completed
CV_h8s10n30.txt,BBLCT,10,8,60,60,900.0,0,0.0,3,5.0,7,816.22,23.0,683,true,completed
CV_h8s10n31.txt,BBLCT,10,8,60,60,900.0,1,1.7,4,6.7,7,834.42,35.1,725,true,completed
CV_h8s10n32.txt,BBLCT,10,8,60,60,900.0,0,0.0,1,1.7,3,362.06,8.1,244,true,completed
CV_h8s10n33.txt,BBLCT,10,8,60,60,900.0,0,0.0,2,3.3,7,883.56,7.2,203,true,completed
CV_h8s10n34.txt,BBLCT,10,8,60,60,900.0,0,0.0,2,3.3,6,762.63,11.8,371,true,completed
CV_h8s10n35.txt,BBLCT,10,8,60,60,900.0,1,1.7,6,10.0,6,757.21,19.6,397,true,completed
CV_h8s10n36.txt,BBLCT,10,8,60,60,900.0,0,0.0,4,6.7,7,833.09,10.9,390,true,completed
CV_h8s10n37.txt,BBLCT,10,8,60,60,900.0,0,0.0,2,3.3,5,662.37,12.0,364,true,completed
CV_h8s10n38.txt,BBLCT,10,8,60,60,900.0,0,0.0,1,1.7,5,662.66,9.1,367,true,completed
CV_h8s10n39.txt,BBLCT,10,8,60,60,900.0,0,0.0,1,1.7,5,657.32,10.4,367,true,completed
CV_h8s10n4.txt,BBLCT,10,8,60,60,900.0,0,0.0,1,1.7,3,354.48,6.6,244,true,completed
CV_h8s10n40.txt,BBLCT,10,8,60,60,900.0,0,0.0,3,5.0,7,837.57,14.3,394,true,completed
CV_h8s10n5.txt,BBLCT,10,8,60,60,900.0,0,0.0,3,5.0,7,878.07,10.1,317,true,completed
CV_h8s10n6.txt,BBLCT,10,8,60,60,900.0,0,0.0,3,5.0,8,899.14,13.4,401,true,completed
CV_h8s10n7.txt,BBLCT,10,8,60,60,900.0,0,0.0,3,5.0,7,860.81,11.9,376,true,completed
CV_h8s10n8.txt,BBLCT,10,8,60,60,900.0,1,1.7,2,3.3,3,363.33,10.2,244,true,completed
CV_h8s10n9.txt,BBLCT,10,8,60,60,900.0,1,1.7,6,10.0,6,783.20,19.1,364,true,completed
CV_h8s6n1.txt,BBLCT,6,8,36,36,900.0,0,0.0,3,8.3,8,884.06,1.0,108,true,completed
CV_h8s6n10.txt,BBLCT,6,8,36,36,900.0,1,2.8,6,16.7,7,859.54,1.6,174,true,completed
CV_h8s6n11.txt,BBLCT,6,8,36,36,900.0,0,0.0,2,5.6,5,630.31,85.4,18581,true,completed
CV_h8s6n12.txt,BBLCT,6,8,36,36,900.0,1,2.8,5,13.9,6,754.34,1.3,105,true,completed
CV_h8s6n13.txt,BBLCT,6,8,36,36,900.0,0,0.0,5,13.9,7,741.73,1.2,124,true,completed
CV_h8s6n14.txt,BBLCT,6,8,36,36,900.0,0,0.0,5,13.9,7,747.01,1.3,140,true,completed
CV_h8s6n15.txt,BBLCT,6,8,36,36,900.0,0,0.0,1,2.8,4,492.38,0.7,97,true,completed
CV_h8s6n16.txt,BBLCT,6,8,36,36,900.0,0,0.0,2,5.6,5,582.10,701.4,166023,true,completed
CV_h8s6n17.txt,BBLCT,6,8,36,36,900.0,0,0.0,2,5.6,4,436.13,1.0,97,true,completed
CV_h8s6n18.txt,BBLCT,6,8,36,36,900.0,1,2.8,4,11.1,7,894.48,0.8,69,true,completed
CV_h8s6n19.txt,BBLCT,6,8,36,36,900.0,0,0.0,2,5.6,6,718.39,1.0,120,true,completed
CV_h8s6n2.txt,BBLCT,6,8,36,36,900.0,0,0.0,2,5.6,6,734.70,0.9,116,true,completed
CV_h8s6n20.txt,BBLCT,6,8,36,36,900.0,0,0.0,3,8.3,8,851.74,6.5,1200,true,completed
CV_h8s6n21.txt,BBLCT,6,8,36,36,900.0,0,0.0,2,5.6,8,859.37,1.0,115,true,completed
CV_h8s6n22.txt,BBLCT,6,8,36,36,900.0,0,0.0,2,5.6,7,869.53,32.5,6525,true,completed
CV_h8s6n23.txt,BBLCT,6,8,36,36,900.0,1,2.8,5,13.9,6,671.44,1.6,132,true,completed
CV_h8s6n24.txt,BBLCT,6,8,36,36,900.0,0,0.0,1,2.8,5,656.05,0.8,107,true,completed
CV_h8s6n25.txt,BBLCT,6,8,36,36,900.0,0,0.0,4,11.1,7,868.93,0.8,96,true,completed
CV_h8s6n26.txt,BBLCT,6,8,36,36,900.0,0,0.0,1,2.8,4,492.38,0.7,97,true,completed
CV_h8s6n27.txt,BBLCT,6,8,36,36,900.0,0,0.0,3,8.3,7,854.23,33.7,6540,true,completed
CV_h8s6n28.txt,BBLCT,6,8,36,36,900.0,0,0.0,4,11.1,3,323.85,40.5,3438,true,completed
CV_h8s6n29.txt,BBLCT,6,8,36,36,900.0,0,0.0,2,5.6,6,714.83,1.0,118,true,completed
CV_h8s6n3.txt,BBLCT,6,8,36,36,900.0,0,0.0,4,11.1,5,653.53,0.8,107,true,completed
CV_h8s6n30.txt,BBLCT,6,8,36,36,900.0,0,0.0,3,8.3,7,851.90,0.9,116,true,completed
CV_h8s6n31.txt,BBLCT,6,8,36,36,900.0,0,0.0,2,5.6,6,700.64,0.9,113,true,completed
CV_h8s6n32.txt,BBLCT,6,8,36,36,900.0,0,0.0,3,8.3,7,884.40,1.5,160,true,completed
CV_h8s6n33.txt,BBLCT,6,8,36,36,900.0,0,0.0,4,11.1,7,846.05,1.2,106,true,completed
CV_h8s6n34.txt,BBLCT,6,8,36,36,900.0,0,0.0,1,2.8,5,669.04,19.8,3383,true,completed
CV_h8s6n35.txt,BBLCT,6,8,36,36,900.0,1,2.8,4,11.1,7,842.18,1.1,104,true,completed
CV_h8s6n36.txt,BBLCT,6,8,36,36,900.0,1,2.8,4,11.1,7,897.74,1.1,103,true,completed
CV_h8s6n37.txt,BBLCT,6,8,36,36,900.0,1,2.8,3,8.3,5,611.55,1.1,113,true,completed
CV_h8s6n38.txt,BBLCT,6,8,36,36,900.0,0,0.0,3,8.3,4,497.74,25.3,6521,true,completed
CV_h8s6n39.txt,BBLCT,6,8,36,36,900.0,0,0.0,3,8.3,8,874.60,1.0,126,true,completed
CV_h8s6n4.txt,BBLCT,6,8,36,36,900.0,0,0.0,2,5.6,7,822.31,0.9,109,true,completed
CV_h8s6n40.txt,BBLCT,6,8,36,36,900.0,0,0.0,2,5.6,5,665.00,0.9,117,true,completed
CV_h8s6n5.txt,BBLCT,6,8,36,36,900.0,0,0.0,3,8.3,7,887.41,0.8,110,true,completed
CV_h8s6n6.txt,BBLCT,6,8,36,36,900.0,1,2.8,2,5.6,5,663.99,17.4,3993,true,completed
CV_h8s6n7.txt,BBLCT,6,8,36,36,900.0,0,0.0,2,5.6,4,445.23,0.9,97,true,completed
CV_h8s6n8.txt,BBLCT,6,8,36,36,900.0,0,0.0,4,11.1,7,888.02,3.2,419,true,completed
CV_h8s6n9.txt,BBLCT,6,8,36,36,900.0,0,0.0,1,2.8,4,494.90,0.8,97,true,completed
CV_h12s10n1.txt,BBLCT,10,12,100,100,1200.0,0,0.0,0,0.0,0,0.00,0.2,1,true,completed
CV_h12s10n10.txt,BBLCT,10,12,100,100,1200.0,1,1.0,2,2.0,7,1019.07,21.3,444,true,completed
CV_h12s10n11.txt,BBLCT,10,12,100,100,1200.0,0,0.0,1,1.0,6,822.29,34997.6,1307032,true,completed
CV_h12s10n12.txt,BBLCT,10,12,100,100,1200.0,0,0.0,1,1.0,5,654.79,12.9,381,true,completed
CV_h12s10n13.txt,BBLCT,10,12,100,100,1200.0,0,0.0,5,5.0,8,1152.45,11.2,229,true,completed
CV_h12s10n14.txt,BBLCT,10,12,100,100,1200.0,0,0.0,3,3.0,7,754.41,32.6,534,true,completed
CV_h12s10n15.txt,BBLCT,10,12,100,100,1200.0,0,0.0,0,0.0,0,0.00,0.2,1,true,completed
CV_h12s10n16.txt,BBLCT,10,12,100,100,1200.0,0,0.0,3,3.0,7,817.17,22.0,511,true,completed
CV_h12s10n17.txt,BBLCT,10,12,100,100,1200.0,0,0.0,1,1.0,4,499.96,13.0,317,true,completed
CV_h12s10n18.txt,BBLCT,10,12,100,100,1200.0,0,0.0,1,1.0,7,1027.84,13.9,457,true,completed
CV_h12s10n19.txt,BBLCT,10,12,100,100,1200.0,0,0.0,2,2.0,7,899.34,21.3,495,true,completed
CV_h12s10n2.txt,BBLCT,10,12,100,100,1200.0,0,0.0,4,4.0,8,997.64,39.3,578,true,completed
CV_h12s10n20.txt,BBLCT,10,12,100,100,1200.0,0,0.0,2,2.0,6,766.00,21.2,446,true,completed
CV_h12s10n21.txt,BBLCT,10,12,100,100,1200.0,0,0.0,0,0.0,0,0.00,14.3,493,true,completed
CV_h12s10n22.txt,BBLCT,10,12,100,100,1200.0,0,0.0,0,0.0,0,0.00,41.3,1164,true,completed
CV_h12s10n23.txt,BBLCT,10,12,100,100,1200.0,0,0.0,2,2.0,7,896.10,23.0,583,true,completed
CV_h12s10n24.txt,BBLCT,10,12,100,100,1200.0,0,0.0,0,0.0,0,0.00,47.5,1164,true,completed
CV_h12s10n25.txt,BBLCT,10,12,100,100,1200.0,0,0.0,0,0.0,0,0.00,0.2,1,true,completed
CV_h12s10n26.txt,BBLCT,10,12,100,100,1200.0,1,1.0,3,3.0,8,1011.43,27.2,531,true,completed
CV_h12s10n27.txt,BBLCT,10,12,100,100,1200.0,0,0.0,2,2.0,8,1010.91,17.7,548,true,completed
CV_h12s10n28.txt,BBLCT,10,12,100,100,1200.0,0,0.0,0,0.0,0,0.00,52.6,1814,true,completed
CV_h12s10n29.txt,BBLCT,10,12,100,100,1200.0,0,0.0,2,2.0,3,367.23,11.2,244,true,completed
CV_h12s10n3.txt,BBLCT,10,12,100,100,1200.0,0,0.0,3,3.0,7,860.85,19.4,502,true,completed
CV_h12s10n30.txt,BBLCT,10,12,100,100,1200.0,0,0.0,1,1.0,4,499.96,13.0,317,true,completed
CV_h12s10n31.txt,BBLCT,10,12,100,100,1200.0,1,1.0,1,1.0,0,0.00,0.2,1,true,completed
CV_h12s10n32.txt,BBLCT,10,12,100,100,1200.0,1,1.0,1,1.0,0,0.00,0.2,1,true,completed
CV_h12s10n33.txt,BBLCT,10,12,100,100,1200.0,0,0.0,0,0.0,0,0.00,55.6,1814,true,completed
CV_h12s10n34.txt,BBLCT,10,12,100,100,1200.0,0,0.0,1,1.0,5,662.37,16.0,381,true,completed
CV_h12s10n35.txt,BBLCT,10,12,100,100,1200.0,1,1.0,2,2.0,4,492.38,101.7,1993,true,completed
CV_h12s10n36.txt,BBLCT,10,12,100,100,1200.0,0,0.0,3,3.0,4,449.02,14.6,330,true,completed
CV_h12s10n37.txt,BBLCT,10,12,100,100,1200.0,4,4.0,5,5.0,6,848.81,35.4,462,true,completed
CV_h12s10n38.txt,BBLCT,10,12,100,100,1200.0,0,0.0,3,3.0,7,1016.72,18.2,456,true,completed
CV_h12s10n39.txt,BBLCT,10,12,100,100,1200.0,0,0.0,0,0.0,0,0.00,0.2,1,true,completed
CV_h12s10n4.txt,BBLCT,10,12,100,100,1200.0,0,0.0,1,1.0,7,1012.93,16.0,458,true,completed
CV_h12s10n40.txt,BBLCT,10,12,100,100,1200.0,1,1.0,2,2.0,4,496.17,15.8,317,true,completed
CV_h12s10n5.txt,BBLCT,10,12,100,100,1200.0,0,0.0,0,0.0,0,0.00,0.2,1,true,completed
CV_h12s10n6.txt,BBLCT,10,12,100,100,1200.0,0,0.0,2,2.0,8,1126.73,10.8,243,true,completed
CV_h12s10n7.txt,BBLCT,10,12,100,100,1200.0,0,0.0,0,0.0,0,0.00,0.2,1,true,completed
CV_h12s10n8.txt,BBLCT,10,12,100,100,1200.0,0,0.0,2,2.0,9,1150.63,12.5,343,true,completed
CV_h12s10n9.txt,BBLCT,10,12,100,100,1200.0,0,0.0,0,0.0,0,0.00,119.6,3957,true,completed
CV_h12s6n1.txt,BBLCT,6,12,60,60,1200.0,0,0.0,1,1.7,7,1011.49,1.0,121,true,completed
CV_h12s6n10.txt,BBLCT,6,12,60,60,1200.0,0,0.0,1,1.7,7,1010.40,1.0,122,true,completed
CV_h12s6n11.txt,BBLCT,6,12,60,60,1200.0,0,0.0,4,6.7,10,1199.81,1132.3,167711,true,completed
CV_h12s6n12.txt,BBLCT,6,12,60,60,1200.0,0,0.0,2,3.3,5,669.04,1.2,113,true,completed
CV_h12s6n13.txt,BBLCT,6,12,60,60,1200.0,0,0.0,0,0.0,0,0.00,0.1,1,true,completed
CV_h12s6n14.txt,BBLCT,6,12,60,60,1200.0,0,0.0,2,3.3,6,771.30,1.4,130,true,completed
CV_h12s6n15.txt,BBLCT,6,12,60,60,1200.0,0,0.0,2,3.3,6,840.15,1.3,130,true,completed
CV_h12s6n16.txt,BBLCT,6,12,60,60,1200.0,0,0.0,3,5.0,9,1172.21,859.5,183159,true,completed
CV_h12s6n17.txt,BBLCT,6,12,60,60,1200.0,1,1.7,2,3.3,6,833.76,3.3,386,true,completed
CV_h12s6n18.txt,BBLCT,6,12,60,60,1200.0,1,1.7,2,3.3,6,851.62,1.4,138,true,completed
CV_h12s6n19.txt,BBLCT,6,12,60,60,1200.0,0,0.0,2,3.3,8,1169.53,2.5,275,true,completed
CV_h12s6n2.txt,BBLCT,6,12,60,60,1200.0,0,0.0,1,1.7,6,833.76,3.2,510,true,completed
CV_h12s6n20.txt,BBLCT,6,12,60,60,1200.0,0,0.0,1,1.7,5,656.05,1.1,113,true,completed
CV_h12s6n21.txt,BBLCT,6,12,60,60,1200.0,0,0.0,4,6.7,4,443.81,1.2,97,true,completed
CV_h12s6n22.txt,BBLCT,6,12,60,60,1200.0,0,0.0,3,5.0,8,868.88,1.7,163,true,completed
CV_h12s6n23.txt,BBLCT,6,12,60,60,1200.0,0,0.0,2,3.3,6,717.51,1.2,130,true,completed
CV_h12s6n24.txt,BBLCT,6,12,60,60,1200.0,0,0.0,1,1.7,4,504.12,1.1,97,true,completed
CV_h12s6n25.txt,BBLCT,6,12,60,60,1200.0,0,0.0,3,5.0,8,907.40,1.3,158,true,completed
CV_h12s6n26.txt,BBLCT,6,12,60,60,1200.0,0,0.0,3,5.0,10,1088.55,1.7,158,true,completed
CV_h12s6n27.txt,BBLCT,6,12,60,60,1200.0,0,0.0,2,3.3,4,455.36,0.9,97,true,completed
CV_h12s6n28.txt,BBLCT,6,12,60,60,1200.0,0,0.0,2,3.3,5,654.79,8.9,1077,true,completed
CV_h12s6n29.txt,BBLCT,6,12,60,60,1200.0,0,0.0,0,0.0,0,0.00,0.1,1,true,completed
CV_h12s6n3.txt,BBLCT,6,12,60,60,1200.0,0,0.0,1,1.7,7,1011.49,1.0,121,true,completed
CV_h12s6n30.txt,BBLCT,6,12,60,60,1200.0,0,0.0,1,1.7,4,497.74,0.8,97,true,completed
CV_h12s6n31.txt,BBLCT,6,12,60,60,1200.0,0,0.0,0,0.0,0,0.00,8.0,1454,true,completed
CV_h12s6n32.txt,BBLCT,6,12,60,60,1200.0,0,0.0,1,1.7,4,493.64,0.9,97,true,completed
CV_h12s6n33.txt,BBLCT,6,12,60,60,1200.0,0,0.0,1,1.7,3,362.17,0.9,76,true,completed
CV_h12s6n34.txt,BBLCT,6,12,60,60,1200.0,0,0.0,1,1.7,6,823.55,1.1,130,true,completed
CV_h12s6n35.txt,BBLCT,6,12,60,60,1200.0,0,0.0,0,0.0,0,0.00,0.1,1,true,completed
CV_h12s6n36.txt,BBLCT,6,12,60,60,1200.0,0,0.0,1,1.7,5,662.66,0.9,113,true,completed
CV_h12s6n37.txt,BBLCT,6,12,60,60,1200.0,0,0.0,7,11.7,8,990.30,2406.8,404138,true,completed
CV_h12s6n38.txt,BBLCT,6,12,60,60,1200.0,1,1.7,2,3.3,6,823.55,1.5,130,true,completed
CV_h12s6n39.txt,BBLCT,6,12,60,60,1200.0,0,0.0,5,8.3,10,1174.96,2.2,178,true,completed
CV_h12s6n4.txt,BBLCT,6,12,60,60,1200.0,0,0.0,0,0.0,0,0.00,0.1,1,true,completed
CV_h12s6n40.txt,BBLCT,6,12,60,60,1200.0,0,0.0,0,0.0,0,0.00,1.5,164,true,completed
CV_h12s6n5.txt,BBLCT,6,12,60,60,1200.0,0,0.0,2,3.3,5,606.27,1.2,113,true,completed
CV_h12s6n6.txt,BBLCT,6,12,60,60,1200.0,0,0.0,2,3.3,4,505.39,1.1,97,true,completed
CV_h12s6n7.txt,BBLCT,6,12,60,60,1200.0,0,0.0,1,1.7,7,1027.84,0.9,121,true,completed
CV_h12s6n8.txt,BBLCT,6,12,60,60,1200.0,0,0.0,0,0.0,0,0.00,0.1,1,true,completed
CV_h12s6n9.txt,BBLCT,6,12,60,60,1200.0,0,0.0,1,1.7,2,221.51,1.5,178,true,completed
CV_h5s3n1.txt,BBLCT,3,5,9,9,1200.0,1,11.1,7,77.8,10,1157.95,2.0,1895,true,completed
CV_h5s3n10.txt,BBLCT,3,5,9,9,1200.0,0,0.0,7,77.8,8,918.11,2.2,2227,true,completed
CV_h5s3n11.txt,BBLCT,3,5,9,9,1200.0,2,22.2,9,100.0,11,1178.03,0.2,53,true,completed
CV_h5s3n12.txt,BBLCT,3,5,9,9,1200.0,0,0.0,9,100.0,10,1143.63,1.0,850,true,completed
CV_h5s3n13.txt,BBLCT,3,5,9,9,1200.0,0,0.0,6,66.7,10,1142.09,3.5,3831,true,completed
CV_h5s3n14.txt,BBLCT,3,5,9,9,1200.0,0,0.0,6,66.7,10,1140.92,1.6,1666,true,completed
CV_h5s3n15.txt,BBLCT,3,5,9,9,1200.0,0,0.0,9,100.0,11,1146.71,1.7,1614,true,completed
CV_h5s3n16.txt,BBLCT,3,5,9,9,1200.0,0,0.0,9,100.0,11,1190.65,0.4,268,true,completed
CV_h5s3n17.txt,BBLCT,3,5,9,9,1200.0,2,22.2,9,100.0,9,986.07,0.4,276,true,completed
CV_h5s3n18.txt,BBLCT,3,5,9,9,1200.0,0,0.0,9,100.0,10,1093.25,0.2,42,true,completed
CV_h5s3n19.txt,BBLCT,3,5,9,9,1200.0,0,0.0,6,66.7,11,1195.92,1.5,1534,true,completed
CV_h5s3n2.txt,BBLCT,3,5,9,9,1200.0,0,0.0,9,100.0,10,1150.89,0.4,249,true,completed
CV_h5s3n20.txt,BBLCT,3,5,9,9,1200.0,0,0.0,5,55.6,8,884.62,1.6,1550,true,completed
CV_h5s3n21.txt,BBLCT,3,5,9,9,1200.0,1,11.1,4,44.4,10,1164.52,1.5,1363,true,completed
CV_h5s3n22.txt,BBLCT,3,5,9,9,1200.0,2,22.2,6,66.7,10,1141.46,7.2,6822,true,completed
CV_h5s3n23.txt,BBLCT,3,5,9,9,1200.0,0,0.0,9,100.0,10,1150.89,0.2,99,true,completed
CV_h5s3n24.txt,BBLCT,3,5,9,9,1200.0,1,11.1,4,44.4,7,769.68,1.9,1777,true,completed
CV_h5s3n25.txt,BBLCT,3,5,9,9,1200.0,0,0.0,9,100.0,10,1153.74,0.2,34,true,completed
CV_h5s3n26.txt,BBLCT,3,5,9,9,1200.0,0,0.0,9,100.0,9,1003.79,0.2,29,true,completed
CV_h5s3n27.txt,BBLCT,3,5,9,9,1200.0,0,0.0,9,100.0,11,1196.07,1.5,1343,true,completed
CV_h5s3n28.txt,BBLCT,3,5,9,9,1200.0,0,0.0,7,77.8,10,1141.46,5.0,4950,true,completed
CV_h5s3n29.txt,BBLCT,3,5,9,9,1200.0,0,0.0,7,77.8,10,1166.85,1.5,1536,true,completed
CV_h5s3n3.txt,BBLCT,3,5,9,9,1200.0,0,0.0,9,100.0,3,340.86,0.1,15,true,completed
CV_h5s3n30.txt,BBLCT,3,5,9,9,1200.0,0,0.0,9,100.0,10,1129.74,2.6,2389,true,completed
CV_h5s3n31.txt,BBLCT,3,5,9,9,1200.0,0,0.0,9,100.0,10,1096.03,1.1,1039,true,completed
CV_h5s3n32.txt,BBLCT,3,5,9,9,1200.0,1,11.1,9,100.0,8,886.46,0.1,35,true,completed
CV_h5s3n33.txt,BBLCT,3,5,9,9,1200.0,1,11.1,9,100.0,10,1114.11,0.2,46,true,completed
CV_h5s3n34.txt,BBLCT,3,5,9,9,1200.0,0,0.0,7,77.8,10,1146.46,3.4,3458,true,completed
CV_h5s3n35.txt,BBLCT,3,5,9,9,1200.0,0,0.0,9,100.0,10,1134.50,0.6,467,true,completed
CV_h5s3n36.txt,BBLCT,3,5,9,9,1200.0,0,0.0,9,100.0,10,1179.70,2.3,2371,true,completed
CV_h5s3n37.txt,BBLCT,3,5,9,9,1200.0,0,0.0,9,100.0,10,1131.76,0.9,736,true,completed
CV_h5s3n38.txt,BBLCT,3,5,9,9,1200.0,0,0.0,9,100.0,10,1162.95,2.4,2303,true,completed
CV_h5s3n39.txt,BBLCT,3,5,9,9,1200.0,9,100.0,9,100.0,0,0.00,0.1,1,true,completed
CV_h5s3n4.txt,BBLCT,3,5,9,9,1200.0,1,11.1,9,100.0,11,1196.13,0.2,99,true,completed
CV_h5s3n40.txt,BBLCT,3,5,9,9,1200.0,1,11.1,9,100.0,10,1149.71,2.7,2529,true,completed
CV_h5s3n5.txt,BBLCT,3,5,9,9,1200.0,4,44.4,9,100.0,4,438.11,0.1,16,true,completed
CV_h5s3n6.txt,BBLCT,3,5,9,9,1200.0,0,0.0,9,100.0,11,1195.65,0.4,248,true,completed
CV_h5s3n7.txt,BBLCT,3,5,9,9,1200.0,0,0.0,9,100.0,11,1191.96,0.6,421,true,completed
CV_h5s3n8.txt,BBLCT,3,5,9,9,1200.0,1,11.1,9,100.0,9,1003.83,0.2,44,true,completed
CV_h5s3n9.txt,BBLCT,3,5,9,9,1200.0,0,0.0,9,100.0,10,1170.75,2.6,2686,true,completed
CV_h5s4n1.txt,BBLCT,4,5,12,12,1200.0,2,16.7,12,100.0,11,1186.63,9.9,3222,true,completed
CV_h5s4n10.txt,BBLCT,4,5,12,12,1200.0,0,0.0,4,33.3,9,1059.74,2.4,1166,true,completed
CV_h5s4n11.txt,BBLCT,4,5,12,12,1200.0,1,8.3,12,100.0,10,1167.66,16.6,7662,true,completed
CV_h5s4n12.txt,BBLCT,4,5,12,12,1200.0,1,8.3,12,100.0,11,1182.98,1.2,434,true,completed
CV_h5s4n13.txt,BBLCT,4,5,12,12,1200.0,1,8.3,12,100.0,11,1170.09,0.2,76,true,completed
CV_h5s4n14.txt,BBLCT,4,5,12,12,1200.0,0,0.0,12,100.0,11,1192.79,0.6,248,true,completed
CV_h5s4n15.txt,BBLCT,4,5,12,12,1200.0,0,0.0,12,100.0,10,1182.23,16.7,5467,true,completed
CV_h5s4n16.txt,BBLCT,4,5,12,12,1200.0,0,0.0,4,33.3,10,1169.14,22.7,12494,true,completed
CV_h5s4n17.txt,BBLCT,4,5,12,12,1200.0,0,0.0,12,100.0,10,1102.50,3.5,1424,true,completed
CV_h5s4n18.txt,BBLCT,4,5,12,12,1200.0,0,0.0,12,100.0,10,1121.40,49.3,20782,true,completed
CV_h5s4n19.txt,BBLCT,4,5,12,12,1200.0,0,0.0,12,100.0,11,1198.09,51.6,21076,true,completed
CV_h5s4n2.txt,BBLCT,4,5,12,12,1200.0,0,0.0,12,100.0,11,1151.78,0.2,77,true,completed
CV_h5s4n20.txt,BBLCT,4,5,12,12,1200.0,0,0.0,12,100.0,11,1178.81,0.9,327,true,completed
CV_h5s4n21.txt,BBLCT,4,5,12,12,1200.0,1,8.3,6,50.0,11,1177.52,33.6,11575,true,completed
CV_h5s4n22.txt,BBLCT,4,5,12,12,1200.0,0,0.0,9,75.0,10,1148.05,7.4,3318,true,completed
CV_h5s4n23.txt,BBLCT,4,5,12,12,1200.0,3,25.0,12,100.0,10,1096.81,1.0,328,true,completed
CV_h5s4n24.txt,BBLCT,4,5,12,12,1200.0,0,0.0,8,66.7,10,1150.38,370.8,161375,true,completed
CV_h5s4n25.txt,BBLCT,4,5,12,12,1200.0,0,0.0,12,100.0,10,1129.31,15.6,7122,true,completed
CV_h5s4n26.txt,BBLCT,4,5,12,12,1200.0,1,8.3,12,100.0,11,1176.11,71.9,22578,true,completed
CV_h5s4n27.txt,BBLCT,4,5,12,12,1200.0,4,33.3,12,100.0,11,1143.15,0.2,87,true,completed
CV_h5s4n28.txt,BBLCT,4,5,12,12,1200.0,0,0.0,12,100.0,10,1108.81,69.6,31276,true,completed
CV_h5s4n29.txt,BBLCT,4,5,12,12,1200.0,0,0.0,6,50.0,10,1167.43,4.0,1925,true,completed
CV_h5s4n3.txt,BBLCT,4,5,12,12,1200.0,1,8.3,7,58.3,10,1137.99,4.9,2007,true,completed
CV_h5s4n30.txt,BBLCT,4,5,12,12,1200.0,0,0.0,7,58.3,10,1102.33,46.8,18847,true,completed
CV_h5s4n31.txt,BBLCT,4,5,12,12,1200.0,0,0.0,12,100.0,10,1121.42,6.6,2478,true,completed
CV_h5s4n32.txt,BBLCT,4,5,12,12,1200.0,0,0.0,12,100.0,10,1123.68,0.3,125,true,completed
CV_h5s4n33.txt,BBLCT,4,5,12,12,1200.0,0,0.0,4,33.3,5,645.68,84.5,44299,true,completed
CV_h5s4n34.txt,BBLCT,4,5,12,12,1200.0,0,0.0,12,100.0,10,1161.74,6.6,2552,true,completed
CV_h5s4n35.txt,BBLCT,4,5,12,12,1200.0,1,8.3,12,100.0,10,1131.41,0.9,308,true,completed
CV_h5s4n36.txt,BBLCT,4,5,12,12,1200.0,0,0.0,12,100.0,10,1156.75,17.7,7538,true,completed
CV_h5s4n37.txt,BBLCT,4,5,12,12,1200.0,3,25.0,12,100.0,10,1144.64,2.4,776,true,completed
CV_h5s4n38.txt,BBLCT,4,5,12,12,1200.0,2,16.7,12,100.0,11,1176.65,0.3,94,true,completed
CV_h5s4n39.txt,BBLCT,4,5,12,12,1200.0,0,0.0,12,100.0,11,1173.64,1.3,468,true,completed
CV_h5s4n4.txt,BBLCT,4,5,12,12,1200.0,0,0.0,12,100.0,10,1156.47,10.9,4480,true,completed
CV_h5s4n40.txt,BBLCT,4,5,12,12,1200.0,0,0.0,12,100.0,10,1094.37,32.4,9982,true,completed
CV_h5s4n5.txt,BBLCT,4,5,12,12,1200.0,1,8.3,12,100.0,10,1178.52,45.0,18376,true,completed
CV_h5s4n6.txt,BBLCT,4,5,12,12,1200.0,0,0.0,5,41.7,7,788.38,25.0,13730,true,completed
CV_h5s4n7.txt,BBLCT,4,5,12,12,1200.0,0,0.0,7,58.3,10,1193.41,61.7,27903,true,completed
CV_h5s4n8.txt,BBLCT,4,5,12,12,1200.0,2,16.7,12,100.0,10,1153.85,4.0,1393,true,completed
CV_h5s4n9.txt,BBLCT,4,5,12,12,1200.0,0,0.0,12,100.0,10,1077.85,1.0,244,true,completed
CV_h5s5n1.txt,BBLCT,5,5,15,15,1200.0,1,6.7,15,100.0,10,1169.00,241.9,47264,true,completed
CV_h5s5n10.txt,BBLCT,5,5,15,15,1200.0,3,20.0,15,100.0,10,1178.90,799.5,129198,true,completed
CV_h5s5n11.txt,BBLCT,5,5,15,15,1200.0,0,0.0,6,40.0,10,1172.64,29.2,8465,true,completed
CV_h5s5n12.txt,BBLCT,5,5,15,15,1200.0,0,0.0,12,80.0,10,1186.97,157.1,41233,true,completed
CV_h5s5n13.txt,BBLCT,5,5,15,15,1200.0,0,0.0,6,40.0,10,1183.74,3.1,703,true,completed
CV_h5s5n14.txt,BBLCT,5,5,15,15,1200.0,0,0.0,15,100.0,11,1194.27,83.8,12546,true,completed
CV_h5s5n15.txt,BBLCT,5,5,15,15,1200.0,0,0.0,10,66.7,10,1195.78,390.0,81822,true,completed
CV_h5s5n16.txt,BBLCT,5,5,15,15,1200.0,0,0.0,15,100.0,10,1130.87,12.6,2254,true,completed
CV_h5s5n17.txt,BBLCT,5,5,15,15,1200.0,0,0.0,12,80.0,10,1151.21,130.8,32713,true,completed
CV_h5s5n18.txt,BBLCT,5,5,15,15,1200.0,1,6.7,15,100.0,10,1183.53,91.3,15591,true,completed
CV_h5s5n19.txt,BBLCT,5,5,15,15,1200.0,1,6.7,15,100.0,10,1197.58,37.1,5772,true,completed
CV_h5s5n2.txt,BBLCT,5,5,15,15,1200.0,0,0.0,7,46.7,10,1194.82,85.6,19906,true,completed
CV_h5s5n20.txt,BBLCT,5,5,15,15,1200.0,0,0.0,11,73.3,10,1187.30,38.7,7541,true,completed
CV_h5s5n21.txt,BBLCT,5,5,15,15,1200.0,0,0.0,15,100.0,10,1169.75,21.5,4557,true,completed
CV_h5s5n22.txt,BBLCT,5,5,15,15,1200.0,1,6.7,15,100.0,10,1148.20,194.0,38580,true,completed
CV_h5s5n23.txt,BBLCT,5,5,15,15,1200.0,1,6.7,15,100.0,10,1139.31,171.5,31578,true,completed
CV_h5s5n24.txt,BBLCT,5,5,15,15,1200.0,0,0.0,15,100.0,10,1174.46,67.0,17189,true,completed
CV_h5s5n25.txt,BBLCT,5,5,15,15,1200.0,2,13.3,15,100.0,10,1139.66,4.6,906,true,completed
CV_h5s5n26.txt,BBLCT,5,5,15,15,1200.0,0,0.0,15,100.0,10,1163.35,1740.5,411860,true,completed
CV_h5s5n27.txt,BBLCT,5,5,15,15,1200.0,0,0.0,15,100.0,10,1195.15,76.2,16153,true,completed
CV_h5s5n28.txt,BBLCT,5,5,15,15,1200.0,0,0.0,15,100.0,10,1169.43,2293.6,484786,true,completed
CV_h5s5n29.txt,BBLCT,5,5,15,15,1200.0,0,0.0,10,66.7,11,1195.31,56.8,12523,true,completed
CV_h5s5n3.txt,BBLCT,5,5,15,15,1200.0,0,0.0,13,86.7,10,1132.34,170.6,38325,true,completed
CV_h5s5n30.txt,BBLCT,5,5,15,15,1200.0,0,0.0,15,100.0,11,1177.66,177.9,31967,true,completed
CV_h5s5n31.txt,BBLCT,5,5,15,15,1200.0,1,6.7,7,46.7,10,1196.90,976.4,238349,true,completed
CV_h5s5n32.txt,BBLCT,5,5,15,15,1200.0,0,0.0,15,100.0,10,1154.98,15.3,3313,true,completed
CV_h5s5n33.txt,BBLCT,5,5,15,15,1200.0,1,6.7,15,100.0,10,1104.66,1554.5,304861,true,completed
CV_h5s5n34.txt,BBLCT,5,5,15,15,1200.0,0,0.0,15,100.0,10,1178.96,4.9,1070,true,completed
CV_h5s5n35.txt,BBLCT,5,5,15,15,1200.0,1,6.7,15,100.0,10,1194.83,1678.4,320779,true,completed
CV_h5s5n36.txt,BBLCT,5,5,15,15,1200.0,1,6.7,15,100.0,10,1157.44,2373.3,481051,true,completed
CV_h5s5n37.txt,BBLCT,5,5,15,15,1200.0,0,0.0,4,26.7,7,874.96,243.9,82267,true,completed
CV_h5s5n38.txt,BBLCT,5,5,15,15,1200.0,0,0.0,15,100.0,11,1193.38,14.0,2323,true,completed
CV_h5s5n39.txt,BBLCT,5,5,15,15,1200.0,0,0.0,15,100.0,10,1159.70,9.6,1666,true,completed
CV_h5s5n4.txt,BBLCT,5,5,15,15,1200.0,0,0.0,15,100.0,11,1196.86,2.2,510,true,completed
CV_h5s5n40.txt,BBLCT,5,5,15,15,1200.0,2,13.3,15,100.0,10,1180.21,2.3,559,true,completed
CV_h5s5n5.txt,BBLCT,5,5,15,15,1200.0,0,0.0,6,40.0,10,1197.88,1367.2,364539,true,completed
CV_h5s5n6.txt,BBLCT,5,5,15,15,1200.0,0,0.0,7,46.7,7,871.83,556.5,156303,true,completed
CV_h5s5n7.txt,BBLCT,5,5,15,15,1200.0,0,0.0,15,100.0,10,1119.71,391.1,83103,true,completed
CV_h5s5n8.txt,BBLCT,5,5,15,15,1200.0,0,0.0,8,53.3,10,1188.65,11.9,3082,true,completed
CV_h5s5n9.txt,BBLCT,5,5,15,15,1200.0,0,0.0,8,53.3,8,919.12,282.9,72204,true,completed
CV_h5s6n1.txt,BBLCT,6,5,18,18,1200.0,0,0.0,6,33.3,10,1173.50,616.9,108483,true,completed
CV_h5s6n10.txt,BBLCT,6,5,18,18,1200.0,1,5.6,18,100.0,11,1197.23,149.7,15333,true,completed
CV_h5s6n11.txt,BBLCT,6,5,18,18,1200.0,3,16.7,18,100.0,12,1196.15,2.3,385,true,completed
CV_h5s6n12.txt,BBLCT,6,5,18,18,1200.0,0,0.0,8,44.4,10,1181.90,1282.6,206768,true,completed
CV_h5s6n13.txt,BBLCT,6,5,18,18,1200.0,0,0.0,18,100.0,10,1194.27,178.3,26666,true,completed
CV_h5s6n14.txt,BBLCT,6,5,18,18,1200.0,0,0.0,12,66.7,10,1149.71,1745.9,249271,true,completed
CV_h5s6n15.txt,BBLCT,6,5,18,18,1200.0,0,0.0,6,33.3,7,813.31,37314.9,5218785,true,completed
CV_h5s6n16.txt,BBLCT,6,5,18,18,1200.0,0,0.0,9,50.0,10,1161.83,99.2,15807,true,completed
CV_h5s6n17.txt,BBLCT,6,5,18,18,1200.0,0,0.0,8,44.4,9,1133.64,1904.0,308287,true,completed
CV_h5s6n18.txt,BBLCT,6,5,18,18,1200.0,2,11.1,18,100.0,10,1189.11,8847.3,940846,true,completed
CV_h5s6n19.txt,BBLCT,6,5,18,18,1200.0,0,0.0,7,38.9,10,1184.37,73.4,11323,true,completed
CV_h5s6n2.txt,BBLCT,6,5,18,18,1200.0,0,0.0,18,100.0,10,1195.65,797.7,107268,true,completed
CV_h5s6n20.txt,BBLCT,6,5,18,18,1200.0,0,0.0,18,100.0,10,1186.46,3673.7,385156,true,completed
CV_h5s6n21.txt,BBLCT,6,5,18,18,1200.0,1,5.6,9,50.0,10,1183.71,139.5,15899,true,completed
CV_h5s6n22.txt,BBLCT,6,5,18,18,1200.0,0,0.0,5,27.8,10,1198.96,4250.9,817473,true,completed
CV_h5s6n23.txt,BBLCT,6,5,18,18,1200.0,0,0.0,7,38.9,10,1154.42,456.5,83422,true,completed
CV_h5s6n24.txt,BBLCT,6,5,18,18,1200.0,0,0.0,9,50.0,10,1199.25,556.3,84804,true,completed
CV_h5s6n25.txt,BBLCT,6,5,18,18,1200.0,1,5.6,18,100.0,10,1173.86,105.6,12263,true,completed
CV_h5s6n26.txt,BBLCT,6,5,18,18,1200.0,0,0.0,5,27.8,10,1144.00,180.7,30455,true,completed
CV_h5s6n27.txt,BBLCT,6,5,18,18,1200.0,1,5.6,12,66.7,10,1177.58,948.7,126205,true,completed
CV_h5s6n28.txt,BBLCT,6,5,18,18,1200.0,2,11.1,18,100.0,10,1119.84,653.0,66992,true,completed
CV_h5s6n29.txt,BBLCT,6,5,18,18,1200.0,0,0.0,18,100.0,10,1186.61,2989.1,350754,true,completed
CV_h5s6n3.txt,BBLCT,6,5,18,18,1200.0,0,0.0,6,33.3,7,812.43,26356.8,3920886,true,completed
CV_h5s6n30.txt,BBLCT,6,5,18,18,1200.0,4,22.2,9,50.0,11,1182.18,390.1,42774,true,completed
CV_h5s6n31.txt,BBLCT,6,5,18,18,1200.0,0,0.0,11,61.1,10,1150.40,819.8,104759,true,completed
CV_h5s6n32.txt,BBLCT,6,5,18,18,1200.0,0,0.0,15,83.3,10,1185.55,3806.7,481633,true,completed
CV_h5s6n33.txt,BBLCT,6,5,18,18,1200.0,1,5.6,13,72.2,10,1198.61,113.0,12679,true,completed
CV_h5s6n34.txt,BBLCT,6,5,18,18,1200.0,0,0.0,14,77.8,11,1161.74,2287.4,298856,true,completed
CV_h5s6n35.txt,BBLCT,6,5,18,18,1200.0,1,5.6,18,100.0,10,1193.85,48.6,3700,true,completed
CV_h5s6n36.txt,BBLCT,6,5,18,18,1200.0,2,11.1,9,50.0,10,1165.47,12776.2,1570456,true,completed
CV_h5s6n37.txt,BBLCT,6,5,18,18,1200.0,0,0.0,6,33.3,10,1198.57,1409.9,233870,true,completed
CV_h5s6n38.txt,BBLCT,6,5,18,18,1200.0,0,0.0,12,66.7,10,1139.74,250.3,32254,true,completed
CV_h5s6n39.txt,BBLCT,6,5,18,18,1200.0,0,0.0,12,66.7,10,1175.34,1013.1,131760,true,completed
CV_h5s6n4.txt,BBLCT,6,5,18,18,1200.0,0,0.0,18,100.0,10,1188.03,1069.6,145085,true,completed
CV_h5s6n40.txt,BBLCT,6,5,18,18,1200.0,1,5.6,9,50.0,11,1199.82,1821.3,229681,true,completed
CV_h5s6n5.txt,BBLCT,6,5,18,18,1200.0,0,0.0,18,100.0,11,1189.52,4.0,463,true,completed
CV_h5s6n6.txt,BBLCT,6,5,18,18,1200.0,0,0.0,9,50.0,10,1196.09,1305.1,212352,true,completed
CV_h5s6n7.txt,BBLCT,6,5,18,18,1200.0,0,0.0,8,44.4,10,1195.10,346.5,57205,true,completed
CV_h5s6n8.txt,BBLCT,6,5,18,18,1200.0,1,5.6,6,33.3,10,1157.82,781.3,94122,true,completed
CV_h5s6n9.txt,BBLCT,6,5,18,18,1200.0,0,0.0,8,44.4,10,1188.64,111.9,15197,true,completed
CV_h5s7n1.txt,BBLCT,7,5,21,21,1200.0,0,0.0,21,100.0,10,1182.94,822.6,59333,true,completed
CV_h5s7n10.txt,BBLCT,7,5,21,21,1200.0,0,0.0,17,81.0,10,1154.78,43713.6,2516834,true,completed
CV_h5s7n11.txt,BBLCT,7,5,21,21,1200.0,0,0.0,11,52.4,10,1199.61,766.7,80004,true,completed
CV_h5s7n12.txt,BBLCT,7,5,21,21,1200.0,1,4.8,14,66.7,10,1170.08,1031.8,66473,true,completed
CV_h5s7n13.txt,BBLCT,7,5,21,21,1200.0,0,0.0,17,81.0,10,1172.60,411.7,40603,true,completed
CV_h5s7n14.txt,BBLCT,7,5,21,21,1200.0,0,0.0,16,76.2,11,1176.24,218.4,21544,true,completed
CV_h5s7n15.txt,BBLCT,7,5,21,21,1200.0,0,0.0,15,71.4,10,1178.23,33171.5,2665151,true,completed
CV_h5s7n16.txt,BBLCT,7,5,21,21,1200.0,3,14.3,13,61.9,10,1198.06,4961.8,353290,true,completed
CV_h5s7n17.txt,BBLCT,7,5,21,21,1200.0,1,4.8,11,52.4,7,788.97,10027.4,723290,true,completed
CV_h5s7n18.txt,BBLCT,7,5,21,21,1200.0,5,23.8,12,57.1,10,1193.52,84.3,4827,true,completed
CV_h5s7n19.txt,BBLCT,7,5,21,21,1200.0,0,0.0,7,33.3,8,960.24,1137.8,131142,true,completed
CV_h5s7n2.txt,BBLCT,7,5,21,21,1200.0,0,0.0,15,71.4,10,1199.90,1805.6,173191,true,completed
CV_h5s7n20.txt,BBLCT,7,5,21,21,1200.0,0,0.0,16,76.2,10,1163.80,135.2,9770,true,completed
CV_h5s7n21.txt,BBLCT,7,5,21,21,1200.0,0,0.0,12,57.1,11,1193.38,1986.8,165315,true,completed
CV_h5s7n22.txt,BBLCT,7,5,21,21,1200.0,0,0.0,7,33.3,8,984.54,2177.9,213524,true,completed
CV_h5s7n23.txt,BBLCT,7,5,21,21,1200.0,0,0.0,11,52.4,10,1187.42,1788.4,136575,true,completed
CV_h5s7n24.txt,BBLCT,7,5,21,21,1200.0,1,4.8,21,100.0,10,1191.50,49.5,3016,true,completed
CV_h5s7n25.txt,BBLCT,7,5,21,21,1200.0,1,4.8,15,71.4,10,1195.52,301.0,23921,true,completed
CV_h5s7n26.txt,BBLCT,7,5,21,21,1200.0,0,0.0,10,47.6,10,1199.61,5111.2,466709,true,completed
CV_h5s7n27.txt,BBLCT,7,5,21,21,1200.0,0,0.0,8,38.1,10,1177.06,65.5,5513,true,completed
CV_h5s7n28.txt,BBLCT,7,5,21,21,1200.0,2,9.5,13,61.9,10,1140.53,91.2,5563,true,completed
CV_h5s7n29.txt,BBLCT,7,5,21,21,1200.0,1,4.8,6,28.6,10,1179.14,733.9,75693,true,completed
CV_h5s7n3.txt,BBLCT,7,5,21,21,1200.0,3,14.3,9,42.9,10,1187.68,56060.6,4307425,true,completed
CV_h5s7n30.txt,BBLCT,7,5,21,21,1200.0,2,9.5,12,57.1,10,1198.87,7424.5,538398,true,completed
CV_h5s7n31.txt,BBLCT,7,5,21,21,1200.0,0,0.0,21,100.0,10,1174.16,18740.2,1401783,true,completed
CV_h5s7n32.txt,BBLCT,7,5,21,21,1200.0,1,4.8,11,52.4,10,1181.92,68626.8,5836705,true,completed
CV_h5s7n33.txt,BBLCT,7,5,21,21,1200.0,0,0.0,10,47.6,10,1199.01,3802.1,393430,true,completed
CV_h5s7n34.txt,BBLCT,7,5,21,21,1200.0,0,0.0,21,100.0,10,1196.39,1358.2,114347,true,completed
CV_h5s7n35.txt,BBLCT,7,5,21,21,1200.0,0,0.0,8,38.1,10,1184.87,6919.4,749318,true,completed
CV_h5s7n36.txt,BBLCT,7,5,21,21,1200.0,0,0.0,19,90.5,10,1197.04,14733.7,1153044,true,completed
CV_h5s7n37.txt,BBLCT,7,5,21,21,1200.0,0,0.0,17,81.0,11,1186.87,334.1,23318,true,completed
CV_h5s7n38.txt,BBLCT,7,5,21,21,1200.0,1,4.8,7,33.3,10,1197.70,1551.1,139642,true,completed
CV_h5s7n39.txt,BBLCT,7,5,21,21,1200.0,0,0.0,21,100.0,10,1197.18,57.7,4124,true,completed
CV_h5s7n4.txt,BBLCT,7,5,21,21,1200.0,0,0.0,13,61.9,10,1169.50,40.5,3427,true,completed
CV_h5s7n40.txt,BBLCT,7,5,21,21,1200.0,0,0.0,10,47.6,10,1197.82,81.9,6872,true,completed
CV_h5s7n5.txt,BBLCT,7,5,21,21,1200.0,0,0.0,5,23.8,10,1134.85,984.3,98462,true,completed
CV_h5s7n6.txt,BBLCT,7,5,21,21,1200.0,1,4.8,14,66.7,10,1174.63,1621.5,140215,true,completed
CV_h5s7n7.txt,BBLCT,7,5,21,21,1200.0,0,0.0,7,33.3,10,1167.44,124.2,11628,true,completed
CV_h5s7n8.txt,BBLCT,7,5,21,21,1200.0,0,0.0,14,66.7,10,1176.95,144.3,10796,true,completed
CV_h5s7n9.txt,BBLCT,7,5,21,21,1200.0,0,0.0,8,38.1,10,1189.25,3435.4,303337,true,completed
CV_h5s8n1.txt,BBLCT,8,5,24,24,1200.0,0,0.0,24,100.0,10,1198.16,32597.0,1970440,true,completed
CV_h5s8n10.txt,BBLCT,8,5,24,24,1200.0,0,0.0,9,37.5,10,1199.41,28645.7,2064456,true,completed
CV_h5s8n11.txt,BBLCT,8,5,24,24,1200.0,1,4.2,15,62.5,10,1175.14,5085.5,298089,true,completed
CV_h5s8n12.txt,BBLCT,8,5,24,24,1200.0,0,0.0,9,37.5,10,1197.77,42252.3,2726618,true,completed
CV_h5s8n13.txt,BBLCT,8,5,24,24,1200.0,0,0.0,12,50.0,10,1178.94,7766.2,495542,true,completed
CV_h5s8n14.txt,BBLCT,8,5,24,24,1200.0,0,0.0,8,33.3,10,1154.22,30441.6,1682946,true,completed
CV_h5s8n15.txt,BBLCT,8,5,24,24,1200.0,0,0.0,17,70.8,10,1142.35,3914.6,197270,true,completed
CV_h5s8n16.txt,BBLCT,8,5,24,24,1200.0,1,4.2,16,66.7,10,1185.44,6660.4,286398,true,completed
CV_h5s8n17.txt,BBLCT,8,5,24,24,1200.0,1,4.2,20,83.3,10,1195.18,9464.5,398782,true,completed
CV_h5s8n18.txt,BBLCT,8,5,24,24,1200.0,0,0.0,19,79.2,10,1176.33,7374.1,427652,true,completed
CV_h5s8n19.txt,BBLCT,8,5,24,24,1200.0,0,0.0,11,45.8,8,938.19,13345.6,891418,true,completed
CV_h5s8n2.txt,BBLCT,8,5,24,24,1200.0,0,0.0,11,45.8,10,1179.94,16758.6,823329,true,completed
CV_h5s8n20.txt,BBLCT,8,5,24,24,1200.0,0,0.0,8,33.3,7,790.12,85202.4,6719036,true,completed
CV_h5s8n21.txt,BBLCT,8,5,24,24,1200.0,0,0.0,14,58.3,10,1178.61,1259.1,53340,true,completed
CV_h5s8n22.txt,BBLCT,8,5,24,24,1200.0,0,0.0,13,54.2,10,1199.57,9361.3,542685,true,completed
CV_h5s8n23.txt,BBLCT,8,5,24,24,1200.0,0,0.0,16,66.7,9,1115.73,1115.9,58754,true,completed
CV_h5s8n24.txt,BBLCT,8,5,24,24,1200.0,0,0.0,17,70.8,9,1142.91,12171.6,705414,true,completed
CV_h5s8n25.txt,BBLCT,8,5,24,24,1200.0,1,4.2,18,75.0,10,1189.36,124573.5,6779752,true,completed
CV_h5s8n26.txt,BBLCT,8,5,24,24,1200.0,0,0.0,6,25.0,10,1176.15,84795.2,6540953,true,completed
CV_h5s8n27.txt,BBLCT,8,5,24,24,1200.0,0,0.0,24,100.0,10,1182.05,4724.1,224406,true,completed
CV_h5s8n28.txt,BBLCT,8,5,24,24,1200.0,0,0.0,12,50.0,11,1199.02,294.1,16577,true,completed
CV_h5s8n29.txt,BBLCT,8,5,24,24,1200.0,0,0.0,7,29.2,10,1192.03,5074.3,309839,true,completed
CV_h5s8n3.txt,BBLCT,8,5,24,24,1200.0,0,0.0,15,62.5,10,1172.72,130447.8,5926056,true,completed
CV_h5s8n30.txt,BBLCT,8,5,24,24,1200.0,0,0.0,13,54.2,10,1188.96,363.5,19553,true,completed
CV_h5s8n31.txt,BBLCT,8,5,24,24,1200.0,0,0.0,10,41.7,10,1184.11,42864.9,3168165,true,completed
CV_h5s8n32.txt,BBLCT,8,5,24,24,1200.0,0,0.0,14,58.3,10,1176.82,27397.5,2085499,true,completed
CV_h5s8n33.txt,BBLCT,8,5,24,24,1200.0,0,0.0,7,29.2,10,1147.78,2916.0,178927,true,completed
CV_h5s8n34.txt,BBLCT,8,5,24,24,1200.0,0,0.0,5,20.8,8,931.37,159170.4,12290602,true,completed
CV_h5s8n35.txt,BBLCT,8,5,24,24,1200.0,0,0.0,9,37.5,10,1187.39,8383.6,565419,true,completed
CV_h5s8n36.txt,BBLCT,8,5,24,24,1200.0,0,0.0,7,29.2,10,1199.75,94883.6,6787367,true,completed
CV_h5s8n37.txt,BBLCT,8,5,24,24,1200.0,0,0.0,16,66.7,8,954.70,2251.5,149670,true,completed
CV_h5s8n38.txt,BBLCT,8,5,24,24,1200.0,0,0.0,10,41.7,10,1149.94,450.3,20412,true,completed
CV_h5s8n39.txt,BBLCT,8,5,24,24,1200.0,0,0.0,16,66.7,10,1169.08,2513.1,156847,true,completed
CV_h5s8n4.txt,BBLCT,8,5,24,24,1200.0,1,4.2,9,37.5,11,1195.54,459.6,25703,true,completed
CV_h5s8n40.txt,BBLCT,8,5,24,24,1200.0,1,4.2,12,50.0,10,1197.63,31174.0,1979449,true,completed
CV_h5s8n5.txt,BBLCT,8,5,24,24,1200.0,0,0.0,11,45.8,10,1169.30,355.9,17720,true,completed
CV_h5s8n6.txt,BBLCT,8,5,24,24,1200.0,0,0.0,15,62.5,10,1181.45,47542.9,2812065,true,completed
CV_h5s8n7.txt,BBLCT,8,5,24,24,1200.0,0,0.0,8,33.3,10,1170.03,55234.5,2938411,true,completed
CV_h5s8n8.txt,BBLCT,8,5,24,24,1200.0,2,8.3,9,37.5,9,1093.44,44808.6,2575290,true,completed
CV_h5s8n9.txt,BBLCT,8,5,24,24,1200.0,0,0.0,13,54.2,11,1199.09,228.5,14501,true,completed
CV_h6s4n1.txt,BBLCT,4,6,16,16,1200.0,0,0.0,4,25.0,4,489.05,88.6,45518,true,completed
CV_h6s4n10.txt,BBLCT,4,6,16,16,1200.0,0,0.0,9,56.2,10,1178.73,79.3,34915,true,completed
CV_h6s4n11.txt,BBLCT,4,6,16,16,1200.0,0,0.0,4,25.0,9,1197.02,39.0,23622,true,completed
CV_h6s4n12.txt,BBLCT,4,6,16,16,1200.0,3,18.8,5,31.2,5,589.25,40.2,13482,true,completed
CV_h6s4n13.txt,BBLCT,4,6,16,16,1200.0,0,0.0,6,37.5,10,1170.28,5.6,2413,true,completed
CV_h6s4n14.txt,BBLCT,4,6,16,16,1200.0,0,0.0,3,18.8,9,1030.10,1.8,900,true,completed
CV_h6s4n15.txt,BBLCT,4,6,16,16,1200.0,1,6.2,10,62.5,11,1198.65,48.1,16114,true,completed
CV_h6s4n16.txt,BBLCT,4,6,16,16,1200.0,0,0.0,4,25.0,10,1199.12,55.7,32588,true,completed
CV_h6s4n17.txt,BBLCT,4,6,16,16,1200.0,0,0.0,4,25.0,7,827.75,52.2,33296,true,completed
CV_h6s4n18.txt,BBLCT,4,6,16,16,1200.0,0,0.0,4,25.0,9,1137.75,0.8,456,true,completed
CV_h6s4n19.txt,BBLCT,4,6,16,16,1200.0,0,0.0,7,43.8,10,1184.13,140.7,72879,true,completed
CV_h6s4n2.txt,BBLCT,4,6,16,16,1200.0,0,0.0,10,62.5,10,1189.79,38.0,15973,true,completed
CV_h6s4n20.txt,BBLCT,4,6,16,16,1200.0,0,0.0,7,43.8,10,1149.80,5.7,2174,true,completed
CV_h6s4n21.txt,BBLCT,4,6,16,16,1200.0,0,0.0,4,25.0,10,1198.30,5.1,3231,true,completed
CV_h6s4n22.txt,BBLCT,4,6,16,16,1200.0,0,0.0,5,31.2,6,705.23,92.0,46554,true,completed
CV_h6s4n23.txt,BBLCT,4,6,16,16,1200.0,0,0.0,7,43.8,9,1151.56,15.5,8593,true,completed
CV_h6s4n24.txt,BBLCT,4,6,16,16,1200.0,0,0.0,6,37.5,7,815.04,42.8,21318,true,completed
CV_h6s4n25.txt,BBLCT,4,6,16,16,1200.0,1,6.2,6,37.5,10,1136.59,59.9,23834,true,completed
CV_h6s4n26.txt,BBLCT,4,6,16,16,1200.0,0,0.0,6,37.5,10,1198.78,55.2,23842,true,completed
CV_h6s4n27.txt,BBLCT,4,6,16,16,1200.0,0,0.0,5,31.2,6,735.34,5.0,2918,true,completed
CV_h6s4n28.txt,BBLCT,4,6,16,16,1200.0,0,0.0,4,25.0,10,1121.26,25.7,11736,true,completed
CV_h6s4n29.txt,BBLCT,4,6,16,16,1200.0,0,0.0,7,43.8,10,1191.86,45.9,24644,true,completed
CV_h6s4n3.txt,BBLCT,4,6,16,16,1200.0,2,12.5,5,31.2,10,1196.36,4.1,1741,true,completed
CV_h6s4n30.txt,BBLCT,4,6,16,16,1200.0,0,0.0,8,50.0,10,1136.97,46.0,18501,true,completed
CV_h6s4n31.txt,BBLCT,4,6,16,16,1200.0,1,6.2,6,37.5,10,1197.07,38.5,15941,true,completed
CV_h6s4n32.txt,BBLCT,4,6,16,16,1200.0,2,12.5,4,25.0,4,494.32,98.8,44993,true,completed
CV_h6s4n33.txt,BBLCT,4,6,16,16,1200.0,0,0.0,5,31.2,8,955.79,8.7,4224,true,completed
CV_h6s4n34.txt,BBLCT,4,6,16,16,1200.0,1,6.2,6,37.5,10,1198.16,67.2,31040,true,completed
CV_h6s4n35.txt,BBLCT,4,6,16,16,1200.0,0,0.0,4,25.0,9,1133.32,0.7,413,true,completed
CV_h6s4n36.txt,BBLCT,4,6,16,16,1200.0,0,0.0,5,31.2,10,1196.37,1.2,593,true,completed
CV_h6s4n37.txt,BBLCT,4,6,16,16,1200.0,1,6.2,10,62.5,11,1199.87,1.3,455,true,completed
CV_h6s4n38.txt,BBLCT,4,6,16,16,1200.0,0,0.0,3,18.8,5,574.32,14.6,9334,true,completed
CV_h6s4n39.txt,BBLCT,4,6,16,16,1200.0,1,6.2,3,18.8,6,712.84,22.3,11703,true,completed
CV_h6s4n4.txt,BBLCT,4,6,16,16,1200.0,1,6.2,12,75.0,10,1159.70,48.8,16484,true,completed
CV_h6s4n40.txt,BBLCT,4,6,16,16,1200.0,0,0.0,3,18.8,8,992.85,1.6,847,true,completed
CV_h6s4n5.txt,BBLCT,4,6,16,16,1200.0,0,0.0,9,56.2,11,1175.13,12.4,6482,true,completed
CV_h6s4n6.txt,BBLCT,4,6,16,16,1200.0,1,6.2,16,100.0,10,1182.41,210.1,65467,true,completed
CV_h6s4n7.txt,BBLCT,4,6,16,16,1200.0,0,0.0,5,31.2,10,1118.35,5.4,3310,true,completed
CV_h6s4n8.txt,BBLCT,4,6,16,16,1200.0,1,6.2,4,25.0,9,1171.70,2.4,1195,true,completed
CV_h6s4n9.txt,BBLCT,4,6,16,16,1200.0,0,0.0,16,100.0,10,1118.02,0.2,80,true,completed
CV_h6s5n1.txt,BBLCT,5,6,20,20,1200.0,0,0.0,5,25.0,10,1174.97,3.5,663,true,completed
CV_h6s5n10.txt,BBLCT,5,6,20,20,1200.0,0,0.0,6,30.0,11,1198.00,4.0,1048,true,completed
CV_h6s5n11.txt,BBLCT,5,6,20,20,1200.0,1,5.0,10,50.0,6,732.00,96.8,18674,true,completed
CV_h6s5n12.txt,BBLCT,5,6,20,20,1200.0,0,0.0,6,30.0,7,880.94,492.2,132066,true,completed
CV_h6s5n13.txt,BBLCT,5,6,20,20,1200.0,1,5.0,9,45.0,10,1183.90,42.3,7924,true,completed
CV_h6s5n14.txt,BBLCT,5,6,20,20,1200.0,0,0.0,8,40.0,10,1182.28,68.5,17329,true,completed
CV_h6s5n15.txt,BBLCT,5,6,20,20,1200.0,0,0.0,5,25.0,6,758.52,23.8,8499,true,completed
CV_h6s5n16.txt,BBLCT,5,6,20,20,1200.0,0,0.0,4,20.0,7,870.72,270.9,89943,true,completed
CV_h6s5n17.txt,BBLCT,5,6,20,20,1200.0,1,5.0,6,30.0,9,1127.25,51.2,14701,true,completed
CV_h6s5n18.txt,BBLCT,5,6,20,20,1200.0,0,0.0,5,25.0,10,1198.00,13.6,3886,true,completed
CV_h6s5n19.txt,BBLCT,5,6,20,20,1200.0,0,0.0,5,25.0,7,853.36,255.7,66021,true,completed
CV_h6s5n2.txt,BBLCT,5,6,20,20,1200.0,0,0.0,8,40.0,10,1184.94,12.8,2940,true,completed
CV_h6s5n20.txt,BBLCT,5,6,20,20,1200.0,0,0.0,9,45.0,10,1145.00,1.8,524,true,completed
CV_h6s5n21.txt,BBLCT,5,6,20,20,1200.0,0,0.0,4,20.0,6,715.36,205.5,66746,true,completed
CV_h6s5n22.txt,BBLCT,5,6,20,20,1200.0,0,0.0,5,25.0,10,1077.21,11.8,3287,true,completed
CV_h6s5n23.txt,BBLCT,5,6,20,20,1200.0,0,0.0,6,30.0,6,702.86,153.9,47954,true,completed
CV_h6s5n24.txt,BBLCT,5,6,20,20,1200.0,1,5.0,3,15.0,6,697.41,125.5,38222,true,completed
CV_h6s5n25.txt,BBLCT,5,6,20,20,1200.0,0,0.0,11,55.0,10,1133.70,32.5,7745,true,completed
CV_h6s5n26.txt,BBLCT,5,6,20,20,1200.0,0,0.0,4,20.0,10,1179.33,0.6,110,true,completed
CV_h6s5n27.txt,BBLCT,5,6,20,20,1200.0,0,0.0,11,55.0,10,1184.18,306.1,73350,true,completed
CV_h6s5n28.txt,BBLCT,5,6,20,20,1200.0,0,0.0,9,45.0,10,1190.05,6.7,1255,true,completed
CV_h6s5n29.txt,BBLCT,5,6,20,20,1200.0,0,0.0,7,35.0,10,1177.40,1.0,199,true,completed
CV_h6s5n3.txt,BBLCT,5,6,20,20,1200.0,1,5.0,6,30.0,10,1196.68,58.2,14589,true,completed
CV_h6s5n30.txt,BBLCT,5,6,20,20,1200.0,0,0.0,4,20.0,9,1189.61,1.2,284,true,completed
CV_h6s5n31.txt,BBLCT,5,6,20,20,1200.0,0,0.0,4,20.0,9,1152.11,81.9,32774,true,completed
CV_h6s5n32.txt,BBLCT,5,6,20,20,1200.0,3,15.0,9,45.0,10,1191.99,526.1,99587,true,completed
CV_h6s5n33.txt,BBLCT,5,6,20,20,1200.0,1,5.0,6,30.0,9,1177.56,164.9,43364,true,completed
CV_h6s5n34.txt,BBLCT,5,6,20,20,1200.0,0,0.0,4,20.0,10,1129.60,1.3,313,true,completed
CV_h6s5n35.txt,BBLCT,5,6,20,20,1200.0,0,0.0,6,30.0,9,1162.17,338.9,95192,true,completed
CV_h6s5n36.txt,BBLCT,5,6,20,20,1200.0,0,0.0,6,30.0,10,1176.09,33.3,7854,true,completed
CV_h6s5n37.txt,BBLCT,5,6,20,20,1200.0,0,0.0,3,15.0,9,1185.55,1.4,428,true,completed
CV_h6s5n38.txt,BBLCT,5,6,20,20,1200.0,1,5.0,7,35.0,9,1153.24,505.9,134153,true,completed
CV_h6s5n39.txt,BBLCT,5,6,20,20,1200.0,0,0.0,7,35.0,10,1194.38,2.8,717,true,completed
CV_h6s5n4.txt,BBLCT,5,6,20,20,1200.0,0,0.0,9,45.0,5,577.05,338.4,80235,true,completed
CV_h6s5n40.txt,BBLCT,5,6,20,20,1200.0,1,5.0,7,35.0,10,1123.74,75.1,16737,true,completed
CV_h6s5n5.txt,BBLCT,5,6,20,20,1200.0,0,0.0,4,20.0,10,1177.73,1.4,432,true,completed
CV_h6s5n6.txt,BBLCT,5,6,20,20,1200.0,0,0.0,4,20.0,7,852.80,9.6,3124,true,completed
CV_h6s5n7.txt,BBLCT,5,6,20,20,1200.0,0,0.0,9,45.0,10,1198.27,1.3,266,true,completed
CV_h6s5n8.txt,BBLCT,5,6,20,20,1200.0,0,0.0,5,25.0,5,575.84,146.5,43395,true,completed
CV_h6s5n9.txt,BBLCT,5,6,20,20,1200.0,1,5.0,10,50.0,9,1171.85,129.5,32142,true,completed
CV_h6s6n1.txt,BBLCT,6,6,24,24,1200.0,0,0.0,9,37.5,11,1172.03,49.0,6974,true,completed
CV_h6s6n10.txt,BBLCT,6,6,24,24,1200.0,0,0.0,6,25.0,10,1132.15,48.6,6347,true,completed
CV_h6s6n11.txt,BBLCT,6,6,24,24,1200.0,0,0.0,6,25.0,9,1154.54,6152.8,1576832,true,completed
CV_h6s6n12.txt,BBLCT,6,6,24,24,1200.0,2,8.3,8,33.3,10,1191.28,305.9,40196,true,completed
CV_h6s6n13.txt,BBLCT,6,6,24,24,1200.0,0,0.0,10,41.7,10,1169.17,9098.0,1117465,true,completed
CV_h6s6n14.txt,BBLCT,6,6,24,24,1200.0,0,0.0,14,58.3,10,1192.09,120.9,14656,true,completed
CV_h6s6n15.txt,BBLCT,6,6,24,24,1200.0,1,4.2,8,33.3,10,1194.55,5.9,700,true,completed
CV_h6s6n16.txt,BBLCT,6,6,24,24,1200.0,2,8.3,14,58.3,9,1125.69,959.3,127489,true,completed
CV_h6s6n17.txt,BBLCT,6,6,24,24,1200.0,0,0.0,6,25.0,9,1180.98,430.1,72497,true,completed
CV_h6s6n18.txt,BBLCT,6,6,24,24,1200.0,0,0.0,4,16.7,7,825.36,203.5,39917,true,completed
CV_h6s6n19.txt,BBLCT,6,6,24,24,1200.0,0,0.0,4,16.7,9,1164.53,62.0,8911,true,completed
CV_h6s6n2.txt,BBLCT,6,6,24,24,1200.0,1,4.2,10,41.7,10,1192.04,571.9,56534,true,completed
CV_h6s6n20.txt,BBLCT,6,6,24,24,1200.0,0,0.0,11,45.8,10,1174.94,20.3,2227,true,completed
CV_h6s6n21.txt,BBLCT,6,6,24,24,1200.0,0,0.0,8,33.3,10,1198.91,10.4,1364,true,completed
CV_h6s6n22.txt,BBLCT,6,6,24,24,1200.0,0,0.0,9,37.5,6,702.66,413.1,65785,true,completed
CV_h6s6n23.txt,BBLCT,6,6,24,24,1200.0,0,0.0,8,33.3,10,1198.43,22.4,3036,true,completed
CV_h6s6n24.txt,BBLCT,6,6,24,24,1200.0,0,0.0,7,29.2,9,1156.06,236.5,33350,true,completed
CV_h6s6n25.txt,BBLCT,6,6,24,24,1200.0,1,4.2,4,16.7,7,847.90,296.6,54621,true,completed
CV_h6s6n26.txt,BBLCT,6,6,24,24,1200.0,0,0.0,6,25.0,8,977.95,1474.4,243127,true,completed
CV_h6s6n27.txt,BBLCT,6,6,24,24,1200.0,1,4.2,6,25.0,7,811.68,889.0,128471,true,completed
CV_h6s6n28.txt,BBLCT,6,6,24,24,1200.0,1,4.2,6,25.0,10,1199.21,12.9,1995,true,completed
CV_h6s6n29.txt,BBLCT,6,6,24,24,1200.0,0,0.0,6,25.0,10,1196.85,237.0,34894,true,completed
CV_h6s6n3.txt,BBLCT,6,6,24,24,1200.0,3,12.5,9,37.5,11,1188.67,32.6,2622,true,completed
CV_h6s6n30.txt,BBLCT,6,6,24,24,1200.0,0,0.0,9,37.5,10,1187.62,36.4,5546,true,completed
CV_h6s6n31.txt,BBLCT,6,6,24,24,1200.0,1,4.2,12,50.0,8,945.95,461.6,56636,true,completed
CV_h6s6n32.txt,BBLCT,6,6,24,24,1200.0,0,0.0,10,41.7,9,1144.33,1190.1,195954,true,completed
CV_h6s6n33.txt,BBLCT,6,6,24,24,1200.0,0,0.0,7,29.2,10,1193.46,211.0,27704,true,completed
CV_h6s6n34.txt,BBLCT,6,6,24,24,1200.0,0,0.0,8,33.3,9,1190.20,3905.9,633243,true,completed
CV_h6s6n35.txt,BBLCT,6,6,24,24,1200.0,0,0.0,8,33.3,10,1177.92,18.5,2648,true,completed
CV_h6s6n36.txt,BBLCT,6,6,24,24,1200.0,0,0.0,4,16.7,7,823.82,3231.0,510538,true,completed
CV_h6s6n37.txt,BBLCT,6,6,24,24,1200.0,0,0.0,5,20.8,9,1143.83,2835.8,452350,true,completed
CV_h6s6n38.txt,BBLCT,6,6,24,24,1200.0,0,0.0,7,29.2,10,1197.18,177.2,25258,true,completed
CV_h6s6n39.txt,BBLCT,6,6,24,24,1200.0,0,0.0,4,16.7,10,1190.72,457.2,93906,true,completed
CV_h6s6n4.txt,BBLCT,6,6,24,24,1200.0,2,8.3,7,29.2,10,1197.56,1845.5,292415,true,completed
CV_h6s6n40.txt,BBLCT,6,6,24,24,1200.0,0,0.0,8,33.3,10,1148.48,162.9,20967,true,completed
CV_h6s6n5.txt,BBLCT,6,6,24,24,1200.0,0,0.0,7,29.2,9,1163.77,4237.0,1182184,true,completed
CV_h6s6n6.txt,BBLCT,6,6,24,24,1200.0,0,0.0,5,20.8,9,1158.90,39.5,7364,true,completed
CV_h6s6n7.txt,BBLCT,6,6,24,24,1200.0,0,0.0,9,37.5,10,1175.03,82.1,12342,true,completed
CV_h6s6n8.txt,BBLCT,6,6,24,24,1200.0,0,0.0,11,45.8,10,1172.05,5.6,648,true,completed
CV_h6s6n9.txt,BBLCT,6,6,24,24,1200.0,1,4.2,11,45.8,9,1198.60,4466.7,883937,true,completed
CV_h6s7n1.txt,BBLCT,7,6,28,28,1200.0,1,3.6,8,28.6,9,1146.92,219.0,19567,true,completed
CV_h6s7n10.txt,BBLCT,7,6,28,28,1200.0,2,7.1,10,35.7,10,1167.97,221.0,13969,true,completed
CV_h6s7n11.txt,BBLCT,7,6,28,28,1200.0,0,0.0,8,28.6,10,1189.64,131.5,13324,true,completed
CV_h6s7n12.txt,BBLCT,7,6,28,28,1200.0,2,7.1,8,28.6,7,813.52,2475.3,212500,true,completed
CV_h6s7n13.txt,BBLCT,7,6,28,28,1200.0,0,0.0,12,42.9,10,1162.41,1373.8,111581,true,completed
CV_h6s7n14.txt,BBLCT,7,6,28,28,1200.0,0,0.0,6,21.4,10,1193.28,10.0,980,true,completed
CV_h6s7n15.txt,BBLCT,7,6,28,28,1200.0,0,0.0,7,25.0,10,1170.49,26017.9,3291453,true,completed
CV_h6s7n16.txt,BBLCT,7,6,28,28,1200.0,1,3.6,6,21.4,10,1169.07,199.4,14800,true,completed
CV_h6s7n17.txt,BBLCT,7,6,28,28,1200.0,2,7.1,12,42.9,10,1193.53,155.2,10553,true,completed
CV_h6s7n18.txt,BBLCT,7,6,28,28,1200.0,1,3.6,5,17.9,10,1184.10,4069.2,418354,true,completed
CV_h6s7n19.txt,BBLCT,7,6,28,28,1200.0,0,0.0,9,32.1,10,1162.85,3047.5,235671,true,completed
CV_h6s7n2.txt,BBLCT,7,6,28,28,1200.0,0,0.0,9,32.1,10,1199.24,2596.3,316581,true,completed
CV_h6s7n20.txt,BBLCT,7,6,28,28,1200.0,1,3.6,6,21.4,10,1169.70,7634.9,704445,true,completed
CV_h6s7n21.txt,BBLCT,7,6,28,28,1200.0,0,0.0,2,7.1,6,705.96,595041.9,121233408,false,cpu_limit
CV_h6s7n22.txt,BBLCT,7,6,28,28,1200.0,0,0.0,9,32.1,10,1198.67,1194.7,86816,true,completed
CV_h6s7n23.txt,BBLCT,7,6,28,28,1200.0,0,0.0,11,39.3,10,1197.38,889.1,67632,true,completed
CV_h6s7n24.txt,BBLCT,7,6,28,28,1200.0,0,0.0,7,25.0,10,1185.95,114.9,10201,true,completed
CV_h6s7n25.txt,BBLCT,7,6,28,28,1200.0,0,0.0,5,17.9,9,1170.54,97.7,11175,true,completed
CV_h6s7n26.txt,BBLCT,7,6,28,28,1200.0,0,0.0,8,28.6,7,814.38,15440.0,1345617,true,completed
CV_h6s7n27.txt,BBLCT,7,6,28,28,1200.0,0,0.0,7,25.0,11,1195.59,2.9,256,true,completed
CV_h6s7n28.txt,BBLCT,7,6,28,28,1200.0,0,0.0,4,14.3,10,1191.38,5.0,567,true,completed
CV_h6s7n29.txt,BBLCT,7,6,28,28,1200.0,1,3.6,6,21.4,10,1199.46,1084.5,99967,true,completed
CV_h6s7n3.txt,BBLCT,7,6,28,28,1200.0,1,3.6,7,25.0,10,1113.68,5.2,392,true,completed
CV_h6s7n30.txt,BBLCT,7,6,28,28,1200.0,1,3.6,8,28.6,10,1133.95,1127.8,109682,true,completed
CV_h6s7n31.txt,BBLCT,7,6,28,28,1200.0,0,0.0,4,14.3,9,1020.25,1076.5,170899,true,completed
CV_h6s7n32.txt,BBLCT,7,6,28,28,1200.0,0,0.0,5,17.9,11,1169.88,44.5,4909,true,completed
CV_h6s7n33.txt,BBLCT,7,6,28,28,1200.0,0,0.0,9,32.1,10,1198.84,2737.7,262578,true,completed
CV_h6s7n34.txt,BBLCT,7,6,28,28,1200.0,0,0.0,7,25.0,10,1199.12,2077.4,187353,true,completed
CV_h6s7n35.txt,BBLCT,7,6,28,28,1200.0,0,0.0,3,10.7,10,1154.77,78360.9,10421767,true,completed
CV_h6s7n36.txt,BBLCT,7,6,28,28,1200.0,0,0.0,8,28.6,10,1168.38,577.4,66665,true,completed
CV_h6s7n37.txt,BBLCT,7,6,28,28,1200.0,0,0.0,6,21.4,10,1186.43,120.4,8711,true,completed
CV_h6s7n38.txt,BBLCT,7,6,28,28,1200.0,0,0.0,11,39.3,10,1192.79,99.8,8837,true,completed
CV_h6s7n39.txt,BBLCT,7,6,28,28,1200.0,1,3.6,8,28.6,10,1180.39,653.3,52971,true,completed
CV_h6s7n4.txt,BBLCT,7,6,28,28,1200.0,0,0.0,3,10.7,7,800.31,122506.1,19753651,true,completed
CV_h6s7n40.txt,BBLCT,7,6,28,28,1200.0,0,0.0,7,25.0,10,1166.56,288.8,33263,true,completed
CV_h6s7n5.txt,BBLCT,7,6,28,28,1200.0,0,0.0,8,28.6,9,1119.49,798.7,66778,true,completed
CV_h6s7n6.txt,BBLCT,7,6,28,28,1200.0,2,7.1,4,14.3,6,728.44,29963.6,3593057,true,completed
CV_h6s7n7.txt,BBLCT,7,6,28,28,1200.0,1,3.6,7,25.0,10,1191.67,241.4,22199,true,completed
CV_h6s7n8.txt,BBLCT,7,6,28,28,1200.0,0,0.0,6,21.4,10,1150.02,264.8,21434,true,completed
CV_h6s7n9.txt,BBLCT,7,6,28,28,1200.0,0,0.0,8,28.6,10,1140.08,30.1,3699,true,completed
CV_h7s10n1.txt,BBLCT,10,7,50,50,1200.0,0,0.0,2,4.0,6,729.10,62.8,2091,true,completed
CV_h7s10n10.txt,BBLCT,10,7,50,50,1200.0,0,0.0,3,6.0,6,736.69,79.3,2509,true,completed
CV_h7s10n11.txt,BBLCT,10,7,50,50,1200.0,0,0.0,5,10.0,9,1080.29,16.9,517,true,completed
CV_h7s10n12.txt,BBLCT,10,7,50,50,1200.0,0,0.0,3,6.0,10,1160.47,13.3,405,true,completed
CV_h7s10n13.txt,BBLCT,10,7,50,50,1200.0,0,0.0,8,16.0,10,1161.75,61077.7,1774919,true,completed
CV_h7s10n14.txt,BBLCT,10,7,50,50,1200.0,0,0.0,6,12.0,9,1141.67,529.8,15923,true,completed
CV_h7s10n15.txt,BBLCT,10,7,50,50,1200.0,0,0.0,4,8.0,7,823.67,225.3,6278,true,completed
CV_h7s10n16.txt,BBLCT,10,7,50,50,1200.0,1,2.0,8,16.0,10,1193.10,25189.9,696352,true,completed
CV_h7s10n17.txt,BBLCT,10,7,50,50,1200.0,0,0.0,5,10.0,8,956.31,23.6,561,true,completed
CV_h7s10n18.txt,BBLCT,10,7,50,50,1200.0,0,0.0,7,14.0,10,1163.48,5335.9,139217,true,completed
CV_h7s10n19.txt,BBLCT,10,7,50,50,1200.0,1,2.0,6,12.0,10,1198.77,91.5,2363,true,completed
CV_h7s10n2.txt,BBLCT,10,7,50,50,1200.0,0,0.0,2,4.0,8,994.75,14.9,511,true,completed
CV_h7s10n20.txt,BBLCT,10,7,50,50,1200.0,0,0.0,6,12.0,10,1196.40,270.7,6836,true,completed
CV_h7s10n21.txt,BBLCT,10,7,50,50,1200.0,0,0.0,5,10.0,8,981.75,21.0,518,true,completed
CV_h7s10n22.txt,BBLCT,10,7,50,50,1200.0,0,0.0,3,6.0,7,818.32,18.5,502,true,completed
CV_h7s10n23.txt,BBLCT,10,7,50,50,1200.0,0,0.0,2,4.0,8,985.69,171.3,7354,true,completed
CV_h7s10n24.txt,BBLCT,10,7,50,50,1200.0,0,0.0,3,6.0,9,1128.13,130.7,3842,true,completed
CV_h7s10n25.txt,BBLCT,10,7,50,50,1200.0,2,4.0,7,14.0,10,1154.98,33.4,585,true,completed
CV_h7s10n26.txt,BBLCT,10,7,50,50,1200.0,0,0.0,5,10.0,7,829.98,298683.2,10317493,true,completed
CV_h7s10n27.txt,BBLCT,10,7,50,50,1200.0,0,0.0,4,8.0,10,1197.99,17.7,536,true,completed
CV_h7s10n28.txt,BBLCT,10,7,50,50,1200.0,0,0.0,2,4.0,7,851.90,13.4,502,true,completed
CV_h7s10n29.txt,BBLCT,10,7,50,50,1200.0,0,0.0,7,14.0,10,1119.54,23.0,622,true,completed
CV_h7s10n3.txt,BBLCT,10,7,50,50,1200.0,0,0.0,4,8.0,9,1110.42,6297.8,278091,true,completed
CV_h7s10n30.txt,BBLCT,10,7,50,50,1200.0,0,0.0,4,8.0,10,1103.80,24.1,648,true,completed
CV_h7s10n31.txt,BBLCT,10,7,50,50,1200.0,1,2.0,6,12.0,9,1121.80,595046.8,17689600,false,cpu_limit
CV_h7s10n32.txt,BBLCT,10,7,50,50,1200.0,0,0.0,8,16.0,10,1193.97,30054.5,768519,true,completed
CV_h7s10n33.txt,BBLCT,10,7,50,50,1200.0,0,0.0,5,10.0,9,1127.60,45.2,1270,true,completed
CV_h7s10n34.txt,BBLCT,10,7,50,50,1200.0,0,0.0,10,20.0,10,1167.69,12946.8,318709,true,completed
CV_h7s10n35.txt,BBLCT,10,7,50,50,1200.0,0,0.0,4,8.0,6,712.20,5214.8,197908,true,completed
CV_h7s10n36.txt,BBLCT,10,7,50,50,1200.0,0,0.0,6,12.0,10,1146.51,55.0,1290,true,completed
CV_h7s10n37.txt,BBLCT,10,7,50,50,1200.0,0,0.0,8,16.0,10,1199.71,257.3,9192,true,completed
CV_h7s10n38.txt,BBLCT,10,7,50,50,1200.0,0,0.0,6,12.0,10,1126.30,23.4,540,true,completed
CV_h7s10n39.txt,BBLCT,10,7,50,50,1200.0,0,0.0,5,10.0,8,953.35,443530.3,18796476,true,completed
CV_h7s10n4.txt,BBLCT,10,7,50,50,1200.0,0,0.0,8,16.0,10,1194.94,170611.1,5867763,true,completed
CV_h7s10n40.txt,BBLCT,10,7,50,50,1200.0,0,0.0,6,12.0,10,1158.26,595048.8,26972160,false,cpu_limit
CV_h7s10n5.txt,BBLCT,10,7,50,50,1200.0,0,0.0,5,10.0,9,1064.37,17.7,540,true,completed
CV_h7s10n6.txt,BBLCT,10,7,50,50,1200.0,0,0.0,3,6.0,9,1040.95,2979.6,113644,true,completed
CV_h7s10n7.txt,BBLCT,10,7,50,50,1200.0,0,0.0,4,8.0,10,1184.43,19.8,631,true,completed
CV_h7s10n8.txt,BBLCT,10,7,50,50,1200.0,0,0.0,4,8.0,10,1190.72,19.8,624,true,completed
CV_h7s10n9.txt,BBLCT,10,7,50,50,1200.0,0,0.0,6,12.0,7,783.94,595048.3,20999168,false,cpu_limit
CV_h7s4n1.txt,BBLCT,4,7,20,20,1200.0,0,0.0,3,15.0,6,774.21,3.2,1551,true,completed
CV_h7s4n10.txt,BBLCT,4,7,20,20,1200.0,0,0.0,4,20.0,9,1185.34,85.7,43253,true,completed
CV_h7s4n11.txt,BBLCT,4,7,20,20,1200.0,0,0.0,6,30.0,8,954.24,30.4,13984,true,completed
CV_h7s4n12.txt,BBLCT,4,7,20,20,1200.0,0,0.0,2,10.0,9,1100.77,0.8,436,true,completed
CV_h7s4n13.txt,BBLCT,4,7,20,20,1200.0,0,0.0,3,15.0,9,1192.56,44.2,27881,true,completed
CV_h7s4n14.txt,BBLCT,4,7,20,20,1200.0,0,0.0,5,25.0,9,1179.15,29.6,19938,true,completed
CV_h7s4n15.txt,BBLCT,4,7,20,20,1200.0,0,0.0,7,35.0,4,473.84,1.9,686,true,completed
CV_h7s4n16.txt,BBLCT,4,7,20,20,1200.0,0,0.0,3,15.0,9,1180.12,46.1,27899,true,completed
CV_h7s4n17.txt,BBLCT,4,7,20,20,1200.0,0,0.0,2,10.0,9,1179.44,3.3,2073,true,completed
CV_h7s4n18.txt,BBLCT,4,7,20,20,1200.0,1,5.0,7,35.0,11,1141.63,16.2,6432,true,completed
CV_h7s4n19.txt,BBLCT,4,7,20,20,1200.0,0,0.0,4,20.0,10,1139.29,0.6,263,true,completed
CV_h7s4n2.txt,BBLCT,4,7,20,20,1200.0,0,0.0,2,10.0,9,1186.37,38.2,35513,true,completed
CV_h7s4n20.txt,BBLCT,4,7,20,20,1200.0,0,0.0,5,25.0,10,1178.91,5.8,3229,true,completed
CV_h7s4n21.txt,BBLCT,4,7,20,20,1200.0,0,0.0,5,25.0,10,1165.91,0.6,220,true,completed
CV_h7s4n22.txt,BBLCT,4,7,20,20,1200.0,3,15.0,6,30.0,10,1187.34,17.1,8939,true,completed
CV_h7s4n23.txt,BBLCT,4,7,20,20,1200.0,0,0.0,7,35.0,4,449.45,35.8,15146,true,completed
CV_h7s4n24.txt,BBLCT,4,7,20,20,1200.0,0,0.0,1,5.0,4,501.60,8.2,6912,true,completed
CV_h7s4n25.txt,BBLCT,4,7,20,20,1200.0,3,15.0,13,65.0,10,1157.15,18.2,6022,true,completed
CV_h7s4n26.txt,BBLCT,4,7,20,20,1200.0,0,0.0,2,10.0,9,1161.64,0.5,233,true,completed
CV_h7s4n27.txt,BBLCT,4,7,20,20,1200.0,0,0.0,6,30.0,10,1199.27,0.4,115,true,completed
CV_h7s4n28.txt,BBLCT,4,7,20,20,1200.0,0,0.0,2,10.0,9,1121.55,3.4,2238,true,completed
CV_h7s4n29.txt,BBLCT,4,7,20,20,1200.0,1,5.0,4,20.0,10,1182.96,0.7,199,true,completed
CV_h7s4n3.txt,BBLCT,4,7,20,20,1200.0,0,0.0,6,30.0,9,1137.37,6.0,2469,true,completed
CV_h7s4n30.txt,BBLCT,4,7,20,20,1200.0,1,5.0,3,15.0,10,1169.55,2.4,1143,true,completed
CV_h7s4n31.txt,BBLCT,4,7,20,20,1200.0,1,5.0,7,35.0,11,1192.56,1.3,496,true,completed
CV_h7s4n32.txt,BBLCT,4,7,20,20,1200.0,0,0.0,2,10.0,9,1186.37,0.5,215,true,completed
CV_h7s4n33.txt,BBLCT,4,7,20,20,1200.0,0,0.0,5,25.0,9,1168.76,33.1,16902,true,completed
CV_h7s4n34.txt,BBLCT,4,7,20,20,1200.0,0,0.0,5,25.0,10,1188.14,18.1,10222,true,completed
CV_h7s4n35.txt,BBLCT,4,7,20,20,1200.0,0,0.0,8,40.0,9,1159.14,71.4,32143,true,completed
CV_h7s4n36.txt,BBLCT,4,7,20,20,1200.0,0,0.0,4,20.0,9,1064.11,2.5,1211,true,completed
CV_h7s4n37.txt,BBLCT,4,7,20,20,1200.0,0,0.0,9,45.0,9,1116.28,8.8,5723,true,completed
CV_h7s4n38.txt,BBLCT,4,7,20,20,1200.0,0,0.0,2,10.0,9,1125.35,0.5,189,true,completed
CV_h7s4n39.txt,BBLCT,4,7,20,20,1200.0,0,0.0,5,25.0,9,1130.16,6.1,3225,true,completed
CV_h7s4n4.txt,BBLCT,4,7,20,20,1200.0,0,0.0,4,20.0,10,1180.19,4.9,2432,true,completed
CV_h7s4n40.txt,BBLCT,4,7,20,20,1200.0,0,0.0,4,20.0,9,1195.57,7.2,4610,true,completed
CV_h7s4n5.txt,BBLCT,4,7,20,20,1200.0,0,0.0,3,15.0,9,1168.80,32.7,18965,true,completed
CV_h7s4n6.txt,BBLCT,4,7,20,20,1200.0,0,0.0,6,30.0,10,1177.84,22.0,11458,true,completed
CV_h7s4n7.txt,BBLCT,4,7,20,20,1200.0,0,0.0,7,35.0,10,1195.74,23.6,12478,true,completed
CV_h7s4n8.txt,BBLCT,4,7,20,20,1200.0,0,0.0,4,20.0,9,1179.69,64.5,36456,true,completed
CV_h7s4n9.txt,BBLCT,4,7,20,20,1200.0,2,10.0,4,20.0,10,1100.82,0.7,213,true,completed
CV_h7s5n1.txt,BBLCT,5,7,25,25,1200.0,0,0.0,2,8.0,9,1175.62,57.2,25141,true,completed
CV_h7s5n10.txt,BBLCT,5,7,25,25,1200.0,0,0.0,4,16.0,9,1193.22,1.1,286,true,completed
CV_h7s5n11.txt,BBLCT,5,7,25,25,1200.0,0,0.0,3,12.0,5,608.84,362.0,132213,true,completed
CV_h7s5n12.txt,BBLCT,5,7,25,25,1200.0,0,0.0,8,32.0,9,1107.73,92.8,27282,true,completed
CV_h7s5n13.txt,BBLCT,5,7,25,25,1200.0,0,0.0,6,24.0,10,1161.79,5.9,1374,true,completed
CV_h7s5n14.txt,BBLCT,5,7,25,25,1200.0,0,0.0,6,24.0,9,1173.49,29.1,9147,true,completed
CV_h7s5n15.txt,BBLCT,5,7,25,25,1200.0,0,0.0,2,8.0,5,599.80,15.2,6436,true,completed
CV_h7s5n16.txt,BBLCT,5,7,25,25,1200.0,0,0.0,11,44.0,9,1161.72,114.7,29502,true,completed
CV_h7s5n17.txt,BBLCT,5,7,25,25,1200.0,0,0.0,3,12.0,10,1117.13,3.6,865,true,completed
CV_h7s5n18.txt,BBLCT,5,7,25,25,1200.0,1,4.0,5,20.0,6,761.33,24.3,6120,true,completed
CV_h7s5n19.txt,BBLCT,5,7,25,25,1200.0,1,4.0,5,20.0,10,1192.99,1.4,348,true,completed
CV_h7s5n2.txt,BBLCT,5,7,25,25,1200.0,1,4.0,10,40.0,9,1160.34,129.5,23011,true,completed
CV_h7s5n20.txt,BBLCT,5,7,25,25,1200.0,0,0.0,2,8.0,9,1184.79,2.3,810,true,completed
CV_h7s5n21.txt,BBLCT,5,7,25,25,1200.0,0,0.0,3,12.0,10,1183.17,23.5,8132,true,completed
CV_h7s5n22.txt,BBLCT,5,7,25,25,1200.0,0,0.0,6,24.0,9,1171.28,411.2,134692,true,completed
CV_h7s5n23.txt,BBLCT,5,7,25,25,1200.0,0,0.0,3,12.0,7,854.84,108.1,36435,true,completed
CV_h7s5n24.txt,BBLCT,5,7,25,25,1200.0,1,4.0,3,12.0,6,722.70,181.6,63816,true,completed
CV_h7s5n25.txt,BBLCT,5,7,25,25,1200.0,1,4.0,7,28.0,9,1191.74,3.9,770,true,completed
CV_h7s5n26.txt,BBLCT,5,7,25,25,1200.0,0,0.0,4,16.0,7,864.01,97.5,26120,true,completed
CV_h7s5n27.txt,BBLCT,5,7,25,25,1200.0,0,0.0,5,20.0,10,1190.37,1.6,389,true,completed
CV_h7s5n28.txt,BBLCT,5,7,25,25,1200.0,0,0.0,4,16.0,10,1199.50,41.5,10256,true,completed
CV_h7s5n29.txt,BBLCT,5,7,25,25,1200.0,0,0.0,2,8.0,5,585.82,33.5,11665,true,completed
CV_h7s5n3.txt,BBLCT,5,7,25,25,1200.0,0,0.0,2,8.0,9,1138.61,0.6,139,true,completed
CV_h7s5n30.txt,BBLCT,5,7,25,25,1200.0,0,0.0,9,36.0,10,1180.03,23.1,4582,true,completed
CV_h7s5n31.txt,BBLCT,5,7,25,25,1200.0,0,0.0,3,12.0,10,1138.09,98.4,35932,true,completed
CV_h7s5n32.txt,BBLCT,5,7,25,25,1200.0,2,8.0,7,28.0,9,1125.12,23.4,4929,true,completed
CV_h7s5n33.txt,BBLCT,5,7,25,25,1200.0,0,0.0,5,20.0,10,1174.59,58.4,16308,true,completed
CV_h7s5n34.txt,BBLCT,5,7,25,25,1200.0,1,4.0,4,16.0,5,573.31,294.9,70327,true,completed
CV_h7s5n35.txt,BBLCT,5,7,25,25,1200.0,0,0.0,7,28.0,10,1167.12,217.6,60298,true,completed
CV_h7s5n36.txt,BBLCT,5,7,25,25,1200.0,0,0.0,5,20.0,9,1183.78,42.1,9476,true,completed
CV_h7s5n37.txt,BBLCT,5,7,25,25,1200.0,1,4.0,3,12.0,10,1191.12,80.3,24241,true,completed
CV_h7s5n38.txt,BBLCT,5,7,25,25,1200.0,1,4.0,6,24.0,10,1199.80,81.8,23179,true,completed
CV_h7s5n39.txt,BBLCT,5,7,25,25,1200.0,0,0.0,7,28.0,10,1196.00,42.7,11566,true,completed
CV_h7s5n4.txt,BBLCT,5,7,25,25,1200.0,0,0.0,3,12.0,9,1122.33,48.4,12603,true,completed
CV_h7s5n40.txt,BBLCT,5,7,25,25,1200.0,0,0.0,3,12.0,4,480.51,74.3,21630,true,completed
CV_h7s5n5.txt,BBLCT,5,7,25,25,1200.0,1,4.0,5,20.0,5,586.90,6.9,1668,true,completed
CV_h7s5n6.txt,BBLCT,5,7,25,25,1200.0,0,0.0,7,28.0,9,1169.87,20.7,4581,true,completed
CV_h7s5n7.txt,BBLCT,5,7,25,25,1200.0,0,0.0,3,12.0,9,1194.43,15.5,6161,true,completed
CV_h7s5n8.txt,BBLCT,5,7,25,25,1200.0,0,0.0,2,8.0,9,1189.88,483.5,217657,true,completed
CV_h7s5n9.txt,BBLCT,5,7,25,25,1200.0,0,0.0,7,28.0,9,1159.95,92.0,23523,true,completed
CV_h7s6n1.txt,BBLCT,6,7,30,30,1200.0,0,0.0,3,10.0,8,1036.64,2088.8,437536,true,completed
CV_h7s6n10.txt,BBLCT,6,7,30,30,1200.0,0,0.0,3,10.0,10,1198.86,6443.8,1553120,true,completed
CV_h7s6n11.txt,BBLCT,6,7,30,30,1200.0,0,0.0,6,20.0,10,1193.49,2.5,277,true,completed
CV_h7s6n12.txt,BBLCT,6,7,30,30,1200.0,0,0.0,6,20.0,6,682.50,7.0,1153,true,completed
CV_h7s6n13.txt,BBLCT,6,7,30,30,1200.0,0,0.0,5,16.7,9,1161.80,2.6,388,true,completed
CV_h7s6n14.txt,BBLCT,6,7,30,30,1200.0,2,6.7,6,20.0,11,1146.71,6.6,689,true,completed
CV_h7s6n15.txt,BBLCT,6,7,30,30,1200.0,0,0.0,7,23.3,10,1164.99,33.8,4314,true,completed
CV_h7s6n16.txt,BBLCT,6,7,30,30,1200.0,0,0.0,4,13.3,10,1176.45,265.1,45899,true,completed
CV_h7s6n17.txt,BBLCT,6,7,30,30,1200.0,0,0.0,7,23.3,9,1168.31,43.6,4309,true,completed
CV_h7s6n18.txt,BBLCT,6,7,30,30,1200.0,0,0.0,3,10.0,10,1179.08,8.9,1963,true,completed
CV_h7s6n19.txt,BBLCT,6,7,30,30,1200.0,0,0.0,4,13.3,9,1165.10,4646.9,1067116,true,completed
CV_h7s6n2.txt,BBLCT,6,7,30,30,1200.0,0,0.0,5,16.7,10,1194.76,2243.0,377445,true,completed
CV_h7s6n20.txt,BBLCT,6,7,30,30,1200.0,0,0.0,2,6.7,7,853.07,5967.9,1439970,true,completed
CV_h7s6n21.txt,BBLCT,6,7,30,30,1200.0,0,0.0,4,13.3,10,1198.19,125.9,26068,true,completed
CV_h7s6n22.txt,BBLCT,6,7,30,30,1200.0,0,0.0,3,10.0,9,1137.71,3474.5,797650,true,completed
CV_h7s6n23.txt,BBLCT,6,7,30,30,1200.0,1,3.3,5,16.7,9,1173.90,3586.1,663434,true,completed
CV_h7s6n24.txt,BBLCT,6,7,30,30,1200.0,0,0.0,3,10.0,7,860.56,4768.5,1257785,true,completed
CV_h7s6n25.txt,BBLCT,6,7,30,30,1200.0,1,3.3,3,10.0,7,810.01,68.5,12121,true,completed
CV_h7s6n26.txt,BBLCT,6,7,30,30,1200.0,0,0.0,2,6.7,8,984.43,0.9,135,true,completed
CV_h7s6n27.txt,BBLCT,6,7,30,30,1200.0,0,0.0,4,13.3,10,1172.84,2594.5,540471,true,completed
CV_h7s6n28.txt,BBLCT,6,7,30,30,1200.0,0,0.0,5,16.7,10,1199.30,46.9,8868,true,completed
CV_h7s6n29.txt,BBLCT,6,7,30,30,1200.0,0,0.0,6,20.0,9,1121.25,2.8,434,true,completed
CV_h7s6n3.txt,BBLCT,6,7,30,30,1200.0,1,3.3,5,16.7,10,1100.11,7.6,1104,true,completed
CV_h7s6n30.txt,BBLCT,6,7,30,30,1200.0,0,0.0,5,16.7,6,730.68,2045.8,419937,true,completed
CV_h7s6n31.txt,BBLCT,6,7,30,30,1200.0,0,0.0,4,13.3,9,1155.31,15.0,2414,true,completed
CV_h7s6n32.txt,BBLCT,6,7,30,30,1200.0,0,0.0,3,10.0,9,1120.70,1.5,167,true,completed
CV_h7s6n33.txt,BBLCT,6,7,30,30,1200.0,2,6.7,4,13.3,5,602.86,195.6,26522,true,completed
CV_h7s6n34.txt,BBLCT,6,7,30,30,1200.0,0,0.0,6,20.0,10,1191.11,40.0,4990,true,completed
CV_h7s6n35.txt,BBLCT,6,7,30,30,1200.0,0,0.0,5,16.7,10,1117.68,1.7,191,true,completed
CV_h7s6n36.txt,BBLCT,6,7,30,30,1200.0,0,0.0,3,10.0,10,1168.66,153.2,36274,true,completed
CV_h7s6n37.txt,BBLCT,6,7,30,30,1200.0,0,0.0,6,20.0,8,957.85,1045.1,176998,true,completed
CV_h7s6n38.txt,BBLCT,6,7,30,30,1200.0,0,0.0,2,6.7,5,607.84,1478.4,415750,true,completed
CV_h7s6n39.txt,BBLCT,6,7,30,30,1200.0,1,3.3,5,16.7,10,1199.45,146.5,17965,true,completed
CV_h7s6n4.txt,BBLCT,6,7,30,30,1200.0,0,0.0,4,13.3,9,1196.11,13708.4,3387913,true,completed
CV_h7s6n40.txt,BBLCT,6,7,30,30,1200.0,0,0.0,7,23.3,9,1169.55,1604.8,382551,true,completed
CV_h7s6n5.txt,BBLCT,6,7,30,30,1200.0,0,0.0,4,13.3,10,1192.91,48.3,11589,true,completed
CV_h7s6n6.txt,BBLCT,6,7,30,30,1200.0,0,0.0,10,33.3,10,1157.00,242.1,36488,true,completed
CV_h7s6n7.txt,BBLCT,6,7,30,30,1200.0,0,0.0,3,10.0,10,1199.88,10.1,1872,true,completed
CV_h7s6n8.txt,BBLCT,6,7,30,30,1200.0,4,13.3,7,23.3,10,1188.69,4.0,344,true,completed
CV_h7s6n9.txt,BBLCT,6,7,30,30,1200.0,0,0.0,4,13.3,9,1114.18,10.1,1849,true,completed
CV_h7s7n1.txt,BBLCT,7,7,35,35,1200.0,2,5.7,8,22.9,10,1130.16,608.8,41731,true,completed
CV_h7s7n10.txt,BBLCT,7,7,35,35,1200.0,2,5.7,6,17.1,9,1160.62,5.9,404,true,completed
CV_h7s7n11.txt,BBLCT,7,7,35,35,1200.0,1,2.9,4,11.4,6,698.25,1128.3,126207,true,completed
CV_h7s7n12.txt,BBLCT,7,7,35,35,1200.0,0,0.0,5,14.3,9,1042.11,3.5,247,true,completed
CV_h7s7n13.txt,BBLCT,7,7,35,35,1200.0,0,0.0,5,14.3,10,1199.92,2400.1,252250,true,completed
CV_h7s7n14.txt,BBLCT,7,7,35,35,1200.0,2,5.7,6,17.1,9,1143.53,5.9,416,true,completed
CV_h7s7n15.txt,BBLCT,7,7,35,35,1200.0,0,0.0,3,8.6,9,1137.76,80.6,6886,true,completed
CV_h7s7n16.txt,BBLCT,7,7,35,35,1200.0,0,0.0,2,5.7,6,722.79,565190.1,102336636,true,completed
CV_h7s7n17.txt,BBLCT,7,7,35,35,1200.0,3,8.6,6,17.1,10,1096.23,302.1,20931,true,completed
CV_h7s7n18.txt,BBLCT,7,7,35,35,1200.0,0,0.0,2,5.7,8,1011.52,80.3,9173,true,completed
CV_h7s7n19.txt,BBLCT,7,7,35,35,1200.0,0,0.0,2,5.7,6,714.83,595035.0,110299136,false,cpu_limit
CV_h7s7n2.txt,BBLCT,7,7,35,35,1200.0,0,0.0,5,14.3,7,839.29,1457.3,205114,true,completed
CV_h7s7n20.txt,BBLCT,7,7,35,35,1200.0,0,0.0,2,5.7,9,1038.40,969.4,122360,true,completed
CV_h7s7n21.txt,BBLCT,7,7,35,35,1200.0,0,0.0,2,5.7,7,849.01,526254.9,107550073,true,completed
CV_h7s7n22.txt,BBLCT,7,7,35,35,1200.0,0,0.0,4,11.4,10,1189.50,1.8,162,true,completed
CV_h7s7n23.txt,BBLCT,7,7,35,35,1200.0,0,0.0,6,17.1,9,1177.92,4.8,336,true,completed
CV_h7s7n24.txt,BBLCT,7,7,35,35,1200.0,0,0.0,7,20.0,10,1131.21,3.3,239,true,completed
CV_h7s7n25.txt,BBLCT,7,7,35,35,1200.0,0,0.0,6,17.1,10,1197.85,813.7,58358,true,completed
CV_h7s7n26.txt,BBLCT,7,7,35,35,1200.0,0,0.0,9,25.7,10,1090.34,7.7,499,true,completed
CV_h7s7n27.txt,BBLCT,7,7,35,35,1200.0,0,0.0,8,22.9,10,1191.62,3099.3,292619,true,completed
CV_h7s7n28.txt,BBLCT,7,7,35,35,1200.0,0,0.0,5,14.3,10,1195.16,2.4,189,true,completed
CV_h7s7n29.txt,BBLCT,7,7,35,35,1200.0,0,0.0,2,5.7,6,702.01,595035.4,115435520,false,cpu_limit
CV_h7s7n3.txt,BBLCT,7,7,35,35,1200.0,0,0.0,5,14.3,10,1199.45,1630.4,242650,true,completed
CV_h7s7n30.txt,BBLCT,7,7,35,35,1200.0,0,0.0,3,8.6,10,1157.98,35639.5,5006760,true,completed
CV_h7s7n31.txt,BBLCT,7,7,35,35,1200.0,0,0.0,4,11.4,9,1107.95,1458.4,156457,true,completed
CV_h7s7n32.txt,BBLCT,7,7,35,35,1200.0,1,2.9,5,14.3,10,1181.97,1803.9,156078,true,completed
CV_h7s7n33.txt,BBLCT,7,7,35,35,1200.0,0,0.0,3,8.6,5,623.91,4112.8,535868,true,completed
CV_h7s7n34.txt,BBLCT,7,7,35,35,1200.0,0,0.0,3,8.6,10,1117.46,75037.1,10947721,true,completed
CV_h7s7n35.txt,BBLCT,7,7,35,35,1200.0,0,0.0,4,11.4,10,1138.49,45.7,4831,true,completed
CV_h7s7n36.txt,BBLCT,7,7,35,35,1200.0,1,2.9,4,11.4,9,1151.84,100.1,8757,true,completed
CV_h7s7n37.txt,BBLCT,7,7,35,35,1200.0,0,0.0,3,8.6,6,731.27,10.4,951,true,completed
CV_h7s7n38.txt,BBLCT,7,7,35,35,1200.0,0,0.0,9,25.7,10,1197.25,2564.3,219217,true,completed
CV_h7s7n39.txt,BBLCT,7,7,35,35,1200.0,0,0.0,5,14.3,10,1129.53,4.0,320,true,completed
CV_h7s7n4.txt,BBLCT,7,7,35,35,1200.0,0,0.0,8,22.9,6,692.13,1967.8,197418,true,completed
CV_h7s7n40.txt,BBLCT,7,7,35,35,1200.0,0,0.0,4,11.4,7,795.33,173676.8,22959717,true,completed
CV_h7s7n5.txt,BBLCT,7,7,35,35,1200.0,0,0.0,2,5.7,7,888.96,876.9,122269,true,completed
CV_h7s7n6.txt,BBLCT,7,7,35,35,1200.0,0,0.0,9,25.7,10,1195.80,5963.4,574665,true,completed
CV_h7s7n7.txt,BBLCT,7,7,35,35,1200.0,0,0.0,10,28.6,9,1146.86,2178.3,173599,true,completed
CV_h7s7n8.txt,BBLCT,7,7,35,35,1200.0,1,2.9,5,14.3,7,838.60,936.6,87194,true,completed
CV_h7s7n9.txt,BBLCT,7,7,35,35,1200.0,0,0.0,5,14.3,11,1190.49,50.9,5463,true,completed
CV_h7s8n1.txt,BBLCT,8,7,40,40,1200.0,0,0.0,5,12.5,8,946.33,6.5,329,true,completed
CV_h7s8n10.txt,BBLCT,8,7,40,40,1200.0,0,0.0,6,15.0,10,1181.89,7.5,351,true,completed
CV_h7s8n11.txt,BBLCT,8,7,40,40,1200.0,1,2.5,3,7.5,9,969.39,55.4,3197,true,completed
CV_h7s8n12.txt,BBLCT,8,7,40,40,1200.0,0,0.0,5,12.5,7,824.87,256547.2,19419357,true,completed
CV_h7s8n13.txt,BBLCT,8,7,40,40,1200.0,0,0.0,4,10.0,10,1154.59,5.1,273,true,completed
CV_h7s8n14.txt,BBLCT,8,7,40,40,1200.0,0,0.0,3,7.5,10,1153.22,4.0,248,true,completed
CV_h7s8n15.txt,BBLCT,8,7,40,40,1200.0,1,2.5,5,12.5,9,1004.75,7.8,373,true,completed
CV_h7s8n16.txt,BBLCT,8,7,40,40,1200.0,0,0.0,4,10.0,10,1199.04,37552.6,3487077,true,completed
CV_h7s8n17.txt,BBLCT,8,7,40,40,1200.0,0,0.0,7,17.5,10,1168.15,1395.9,89612,true,completed
CV_h7s8n18.txt,BBLCT,8,7,40,40,1200.0,0,0.0,4,10.0,6,685.66,77916.2,7645220,true,completed
CV_h7s8n19.txt,BBLCT,8,7,40,40,1200.0,0,0.0,4,10.0,10,1135.44,6.2,338,true,completed
CV_h7s8n2.txt,BBLCT,8,7,40,40,1200.0,0,0.0,9,22.5,10,1195.43,7098.5,528163,true,completed
CV_h7s8n20.txt,BBLCT,8,7,40,40,1200.0,1,2.5,6,15.0,9,991.58,442.6,23838,true,completed
CV_h7s8n21.txt,BBLCT,8,7,40,40,1200.0,0,0.0,6,15.0,10,1101.64,7.2,366,true,completed
CV_h7s8n22.txt,BBLCT,8,7,40,40,1200.0,0,0.0,4,10.0,10,1198.37,33543.7,3310153,true,completed
CV_h7s8n23.txt,BBLCT,8,7,40,40,1200.0,1,2.5,8,20.0,9,1137.69,18699.0,1080447,true,completed
CV_h7s8n24.txt,BBLCT,8,7,40,40,1200.0,0,0.0,9,22.5,10,1198.27,17.0,776,true,completed
CV_h7s8n25.txt,BBLCT,8,7,40,40,1200.0,0,0.0,6,15.0,10,1199.59,5.4,271,true,completed
CV_h7s8n26.txt,BBLCT,8,7,40,40,1200.0,1,2.5,5,12.5,10,1158.57,8.3,438,true,completed
CV_h7s8n27.txt,BBLCT,8,7,40,40,1200.0,0,0.0,2,5.0,7,854.23,1743.4,150531,true,completed
CV_h7s8n28.txt,BBLCT,8,7,40,40,1200.0,0,0.0,6,15.0,10,1145.41,737.4,43595,true,completed
CV_h7s8n29.txt,BBLCT,8,7,40,40,1200.0,0,0.0,3,7.5,9,1005.65,21.0,1322,true,completed
CV_h7s8n3.txt,BBLCT,8,7,40,40,1200.0,0,0.0,3,7.5,6,714.67,104.8,6000,true,completed
CV_h7s8n30.txt,BBLCT,8,7,40,40,1200.0,0,0.0,4,10.0,10,1139.44,4.5,247,true,completed
CV_h7s8n31.txt,BBLCT,8,7,40,40,1200.0,1,2.5,8,20.0,8,986.25,47773.9,2823090,true,completed
CV_h7s8n32.txt,BBLCT,8,7,40,40,1200.0,0,0.0,7,17.5,10,1195.92,2000.2,163074,true,completed
CV_h7s8n33.txt,BBLCT,8,7,40,40,1200.0,1,2.5,3,7.5,7,847.80,6.0,313,true,completed
CV_h7s8n34.txt,BBLCT,8,7,40,40,1200.0,0,0.0,4,10.0,6,721.59,1171.3,116540,true,completed
CV_h7s8n35.txt,BBLCT,8,7,40,40,1200.0,0,0.0,5,12.5,10,1185.33,918.4,58994,true,completed
CV_h7s8n36.txt,BBLCT,8,7,40,40,1200.0,0,0.0,6,15.0,10,1140.69,71.4,3425,true,completed
CV_h7s8n37.txt,BBLCT,8,7,40,40,1200.0,0,0.0,3,7.5,7,827.77,125486.6,10782896,true,completed
CV_h7s8n38.txt,BBLCT,8,7,40,40,1200.0,0,0.0,5,12.5,10,1198.22,5393.6,388566,true,completed
CV_h7s8n39.txt,BBLCT,8,7,40,40,1200.0,0,0.0,3,7.5,8,948.64,5.3,311,true,completed
CV_h7s8n4.txt,BBLCT,8,7,40,40,1200.0,0,0.0,3,7.5,9,1096.55,5.3,288,true,completed
CV_h7s8n40.txt,BBLCT,8,7,40,40,1200.0,0,0.0,2,5.0,7,865.86,650.8,47277,true,completed
CV_h7s8n5.txt,BBLCT,8,7,40,40,1200.0,0,0.0,3,7.5,9,1030.75,5.2,337,true,completed
CV_h7s8n6.txt,BBLCT,8,7,40,40,1200.0,0,0.0,2,5.0,6,703.27,3040.1,239381,true,completed
CV_h7s8n7.txt,BBLCT,8,7,40,40,1200.0,0,0.0,9,22.5,10,1190.67,2112.8,94949,true,completed
CV_h7s8n8.txt,BBLCT,8,7,40,40,1200.0,1,2.5,5,12.5,8,923.10,15.4,885,true,completed
CV_h7s8n9.txt,BBLCT,8,7,40,40,1200.0,0,0.0,3,7.5,7,858.58,359501.3,30195250,true,completed
CV_h7s9n1.txt,BBLCT,9,7,45,45,1200.0,0,0.0,4,8.9,10,1184.13,9.8,413,true,completed
CV_h7s9n10.txt,BBLCT,9,7,45,45,1200.0,1,2.2,3,6.7,6,719.05,568.7,22199,true,completed
CV_h7s9n11.txt,BBLCT,9,7,45,45,1200.0,1,2.2,6,13.3,8,980.30,12.5,422,true,completed
CV_h7s9n12.txt,BBLCT,9,7,45,45,1200.0,0,0.0,8,17.8,7,838.37,18107.9,1013139,true,completed
CV_h7s9n13.txt,BBLCT,9,7,45,45,1200.0,1,2.2,6,13.3,10,1163.50,14.8,479,true,completed
CV_h7s9n14.txt,BBLCT,9,7,45,45,1200.0,0,0.0,4,8.9,10,1197.09,14.0,534,true,completed
CV_h7s9n15.txt,BBLCT,9,7,45,45,1200.0,0,0.0,6,13.3,11,1190.90,13.1,436,true,completed
CV_h7s9n16.txt,BBLCT,9,7,45,45,1200.0,0,0.0,2,4.4,6,716.09,252.0,13498,true,completed
CV_h7s9n17.txt,BBLCT,9,7,45,45,1200.0,0,0.0,3,6.7,7,801.84,47.5,2129,true,completed
CV_h7s9n18.txt,BBLCT,9,7,45,45,1200.0,2,4.4,7,15.6,10,1198.00,15797.0,552445,true,completed
CV_h7s9n19.txt,BBLCT,9,7,45,45,1200.0,0,0.0,3,6.7,7,883.66,9.9,391,true,completed
CV_h7s9n2.txt,BBLCT,9,7,45,45,1200.0,0,0.0,7,15.6,10,1196.25,472048.6,20761529,true,completed
CV_h7s9n20.txt,BBLCT,9,7,45,45,1200.0,0,0.0,9,20.0,11,1182.39,14.4,507,true,completed
CV_h7s9n21.txt,BBLCT,9,7,45,45,1200.0,0,0.0,5,11.1,9,1093.10,199330.9,10928593,true,completed
CV_h7s9n22.txt,BBLCT,9,7,45,45,1200.0,0,0.0,4,8.9,9,1135.49,228.1,12842,true,completed
CV_h7s9n23.txt,BBLCT,9,7,45,45,1200.0,0,0.0,2,4.4,7,854.23,3357.3,188301,true,completed
CV_h7s9n24.txt,BBLCT,9,7,45,45,1200.0,0,0.0,7,15.6,10,1198.85,43.7,1441,true,completed
CV_h7s9n25.txt,BBLCT,9,7,45,45,1200.0,1,2.2,3,6.7,8,1012.62,10.3,411,true,completed
CV_h7s9n26.txt,BBLCT,9,7,45,45,1200.0,0,0.0,5,11.1,9,1073.52,595056.0,29390848,false,cpu_limit
CV_h7s9n27.txt,BBLCT,9,7,45,45,1200.0,0,0.0,4,8.9,8,959.36,171563.0,8745163,true,completed
CV_h7s9n28.txt,BBLCT,9,7,45,45,1200.0,1,2.2,7,15.6,9,1111.64,10.4,329,true,completed
CV_h7s9n29.txt,BBLCT,9,7,45,45,1200.0,0,0.0,5,11.1,7,839.78,79509.5,3696587,true,completed
CV_h7s9n3.txt,BBLCT,9,7,45,45,1200.0,0,0.0,4,8.9,10,1196.99,7.7,329,true,completed
CV_h7s9n30.txt,BBLCT,9,7,45,45,1200.0,1,2.2,5,11.1,7,841.93,18627.6,736601,true,completed
CV_h7s9n31.txt,BBLCT,9,7,45,45,1200.0,0,0.0,4,8.9,8,958.42,1520.7,54936,true,completed
CV_h7s9n32.txt,BBLCT,9,7,45,45,1200.0,0,0.0,8,17.8,10,1110.37,332.5,13273,true,completed
CV_h7s9n33.txt,BBLCT,9,7,45,45,1200.0,0,0.0,2,4.4,6,732.89,144.0,6883,true,completed
CV_h7s9n34.txt,BBLCT,9,7,45,45,1200.0,0,0.0,5,11.1,7,820.03,595037.0,31178752,false,cpu_limit
CV_h7s9n35.txt,BBLCT,9,7,45,45,1200.0,0,0.0,4,8.9,9,1098.26,10.4,420,true,completed
CV_h7s9n36.txt,BBLCT,9,7,45,45,1200.0,0,0.0,4,8.9,8,972.09,595042.9,28490752,false,cpu_limit
CV_h7s9n37.txt,BBLCT,9,7,45,45,1200.0,1,2.2,4,8.9,10,1136.63,10.5,399,true,completed
CV_h7s9n38.txt,BBLCT,9,7,45,45,1200.0,0,0.0,4,8.9,10,1195.31,12.8,463,true,completed
CV_h7s9n39.txt,BBLCT,9,7,45,45,1200.0,1,2.2,3,6.7,6,729.10,194.2,7540,true,completed
CV_h7s9n4.txt,BBLCT,9,7,45,45,1200.0,0,0.0,6,13.3,9,1090.46,595035.9,23725056,false,cpu_limit
CV_h7s9n40.txt,BBLCT,9,7,45,45,1200.0,0,0.0,4,8.9,8,1002.13,8.5,391,true,completed
CV_h7s9n5.txt,BBLCT,9,7,45,45,1200.0,1,2.2,7,15.6,10,1184.35,250.6,9013,true,completed
CV_h7s9n6.txt,BBLCT,9,7,45,45,1200.0,1,2.2,6,13.3,8,980.43,4971.0,209938,true,completed
CV_h7s9n7.txt,BBLCT,9,7,45,45,1200.0,0,0.0,5,11.1,10,1199.09,14.4,620,true,completed
CV_h7s9n8.txt,BBLCT,9,7,45,45,1200.0,0,0.0,5,11.1,6,689.61,83414.9,3561485,true,completed
CV_h7s9n9.txt,BBLCT,9,7,45,45,1200.0,0,0.0,4,8.9,9,1136.25,7.6,335,true,completed
CV_h8s10n1.txt,BBLCT,10,8,60,60,1200.0,0,0.0,3,5.0,6,684.51,17.0,446,true,completed
CV_h8s10n10.txt,BBLCT,10,8,60,60,1200.0,0,0.0,5,8.3,9,997.76,23.3,587,true,completed
CV_h8s10n11.txt,BBLCT,10,8,60,60,1200.0,0,0.0,3,5.0,9,1126.70,13.4,469,true,completed
CV_h8s10n12.txt,BBLCT,10,8,60,60,1200.0,0,0.0,6,10.0,9,1155.18,3197.3,104831,true,completed
CV_h8s10n13.txt,BBLCT,10,8,60,60,1200.0,0,0.0,2,3.3,7,884.83,18.8,688,true,completed
CV_h8s10n14.txt,BBLCT,10,8,60,60,1200.0,0,0.0,3,5.0,8,989.79,14.2,511,true,completed
CV_h8s10n15.txt,BBLCT,10,8,60,60,1200.0,0,0.0,3,5.0,8,936.89,18.5,560,true,completed
CV_h8s10n16.txt,BBLCT,10,8,60,60,1200.0,0,0.0,2,3.3,8,1008.66,22.5,750,true,completed
CV_h8s10n17.txt,BBLCT,10,8,60,60,1200.0,0,0.0,4,6.7,7,889.97,18.5,502,true,completed
CV_h8s10n18.txt,BBLCT,10,8,60,60,1200.0,0,0.0,2,3.3,9,1042.19,21.3,581,true,completed
CV_h8s10n19.txt,BBLCT,10,8,60,60,1200.0,0,0.0,4,6.7,7,873.04,20.8,502,true,completed
CV_h8s10n2.txt,BBLCT,10,8,60,60,1200.0,0,0.0,5,8.3,10,1126.49,20.5,489,true,completed
CV_h8s10n20.txt,BBLCT,10,8,60,60,1200.0,1,1.7,4,6.7,9,1056.70,33.9,584,true,completed
CV_h8s10n21.txt,BBLCT,10,8,60,60,1200.0,0,0.0,6,10.0,10,1137.99,20.3,582,true,completed
CV_h8s10n22.txt,BBLCT,10,8,60,60,1200.0,0,0.0,2,3.3,6,713.29,3375.9,117469,true,completed
CV_h8s10n23.txt,BBLCT,10,8,60,60,1200.0,0,0.0,3,5.0,10,1131.31,15.5,535,true,completed
CV_h8s10n24.txt,BBLCT,10,8,60,60,1200.0,0,0.0,5,8.3,9,1072.73,20.0,519,true,completed
CV_h8s10n25.txt,BBLCT,10,8,60,60,1200.0,1,1.7,7,11.7,10,1193.46,19.7,454,true,completed
CV_h8s10n26.txt,BBLCT,10,8,60,60,1200.0,1,1.7,8,13.3,10,1190.50,24.4,536,true,completed
CV_h8s10n27.txt,BBLCT,10,8,60,60,1200.0,1,1.7,4,6.7,8,883.47,32.8,591,true,completed
CV_h8s10n28.txt,BBLCT,10,8,60,60,1200.0,0,0.0,3,5.0,7,807.57,16.0,518,true,completed
CV_h8s10n29.txt,BBLCT,10,8,60,60,1200.0,0,0.0,1,1.7,5,659.85,11.9,381,true,completed
CV_h8s10n3.txt,BBLCT,10,8,60,60,1200.0,0,0.0,3,5.0,8,1002.24,18.6,500,true,completed
CV_h8s10n30.txt,BBLCT,10,8,60,60,1200.0,0,0.0,8,13.3,10,1188.69,21.4,570,true,completed
CV_h8s10n31.txt,BBLCT,10,8,60,60,1200.0,1,1.7,4,6.7,9,1018.07,24.1,574,true,completed
CV_h8s10n32.txt,BBLCT,10,8,60,60,1200.0,0,0.0,3,5.0,9,1136.13,17.1,503,true,completed
CV_h8s10n33.txt,BBLCT,10,8,60,60,1200.0,0,0.0,3,5.0,9,1142.68,19.0,524,true,completed
CV_h8s10n34.txt,BBLCT,10,8,60,60,1200.0,0,0.0,4,6.7,9,1097.72,17.7,541,true,completed
CV_h8s10n35.txt,BBLCT,10,8,60,60,1200.0,1,1.7,7,11.7,9,1139.04,80.6,1778,true,completed
CV_h8s10n36.txt,BBLCT,10,8,60,60,1200.0,0,0.0,4,6.7,7,833.09,15.4,502,true,completed
CV_h8s10n37.txt,BBLCT,10,8,60,60,1200.0,0,0.0,4,6.7,9,1154.42,13.4,399,true,completed
CV_h8s10n38.txt,BBLCT,10,8,60,60,1200.0,0,0.0,1,1.7,5,662.66,9.4,381,true,completed
CV_h8s10n39.txt,BBLCT,10,8,60,60,1200.0,0,0.0,3,5.0,9,1165.81,11.6,401,true,completed
CV_h8s10n4.txt,BBLCT,10,8,60,60,1200.0,0,0.0,2,3.3,8,1024.46,16.2,507,true,completed
CV_h8s10n40.txt,BBLCT,10,8,60,60,1200.0,0,0.0,4,6.7,10,1116.10,19.2,526,true,completed
CV_h8s10n5.txt,BBLCT,10,8,60,60,1200.0,0,0.0,3,5.0,7,858.32,2915.8,108690,true,completed
CV_h8s10n6.txt,BBLCT,10,8,60,60,1200.0,0,0.0,3,5.0,9,977.14,20.6,584,true,completed
CV_h8s10n7.txt,BBLCT,10,8,60,60,1200.0,0,0.0,3,5.0,8,935.92,18.1,553,true,completed
CV_h8s10n8.txt,BBLCT,10,8,60,60,1200.0,1,1.7,3,5.0,8,1022.85,20.4,488,true,completed
CV_h8s10n9.txt,BBLCT,10,8,60,60,1200.0,1,1.7,6,10.0,6,783.20,23.4,454,true,completed
CV_h8s6n1.txt,BBLCT,6,8,36,36,1200.0,0,0.0,4,11.1,9,1198.67,6571.3,1198238,true,completed
CV_h8s6n10.txt,BBLCT,6,8,36,36,1200.0,1,2.8,6,16.7,8,923.82,201.1,26348,true,completed
CV_h8s6n11.txt,BBLCT,6,8,36,36,1200.0,0,0.0,5,13.9,10,1174.39,353.9,72415,true,completed
CV_h8s6n12.txt,BBLCT,6,8,36,36,1200.0,1,2.8,6,16.7,9,1135.92,1.8,169,true,completed
CV_h8s6n13.txt,BBLCT,6,8,36,36,1200.0,0,0.0,5,13.9,7,741.73,8.9,1403,true,completed
CV_h8s6n14.txt,BBLCT,6,8,36,36,1200.0,0,0.0,5,13.9,7,747.01,2.3,266,true,completed
CV_h8s6n15.txt,BBLCT,6,8,36,36,1200.0,0,0.0,1,2.8,4,492.38,1699.5,649993,true,completed
CV_h8s6n16.txt,BBLCT,6,8,36,36,1200.0,0,0.0,3,8.3,10,1159.06,374.9,81259,true,completed
CV_h8s6n17.txt,BBLCT,6,8,36,36,1200.0,0,0.0,3,8.3,10,1194.19,94.3,17455,true,completed
CV_h8s6n18.txt,BBLCT,6,8,36,36,1200.0,1,2.8,4,11.1,9,1108.69,1.5,162,true,completed
CV_h8s6n19.txt,BBLCT,6,8,36,36,1200.0,0,0.0,5,13.9,9,1194.49,12.5,2218,true,completed
CV_h8s6n2.txt,BBLCT,6,8,36,36,1200.0,0,0.0,2,5.6,6,717.51,5462.7,1439956,true,completed
CV_h8s6n20.txt,BBLCT,6,8,36,36,1200.0,0,0.0,4,11.1,9,1144.69,12.0,1825,true,completed
CV_h8s6n21.txt,BBLCT,6,8,36,36,1200.0,0,0.0,6,16.7,9,1199.58,471.6,81874,true,completed
CV_h8s6n22.txt,BBLCT,6,8,36,36,1200.0,0,0.0,4,11.1,10,1159.58,1.3,180,true,completed
CV_h8s6n23.txt,BBLCT,6,8,36,36,1200.0,1,2.8,6,16.7,9,1141.35,358.4,44678,true,completed
CV_h8s6n24.txt,BBLCT,6,8,36,36,1200.0,0,0.0,1,2.8,5,656.05,1762.5,649984,true,completed
CV_h8s6n25.txt,BBLCT,6,8,36,36,1200.0,0,0.0,4,11.1,7,856.79,3269.1,725336,true,completed
CV_h8s6n26.txt,BBLCT,6,8,36,36,1200.0,0,0.0,1,2.8,4,492.38,1704.3,649993,true,completed
CV_h8s6n27.txt,BBLCT,6,8,36,36,1200.0,0,0.0,5,13.9,10,1159.76,14.1,2641,true,completed
CV_h8s6n28.txt,BBLCT,6,8,36,36,1200.0,0,0.0,5,13.9,9,1151.74,127.9,13474,true,completed
CV_h8s6n29.txt,BBLCT,6,8,36,36,1200.0,0,0.0,2,5.6,6,714.83,5301.2,1414539,true,completed
CV_h8s6n3.txt,BBLCT,6,8,36,36,1200.0,0,0.0,5,13.9,9,1190.77,73.0,15236,true,completed
CV_h8s6n30.txt,BBLCT,6,8,36,36,1200.0,0,0.0,3,8.3,7,851.90,1.1,142,true,completed
CV_h8s6n31.txt,BBLCT,6,8,36,36,1200.0,0,0.0,2,5.6,6,700.64,1.1,130,true,completed
CV_h8s6n32.txt,BBLCT,6,8,36,36,1200.0,0,0.0,6,16.7,9,1147.64,2468.8,398056,true,completed
CV_h8s6n33.txt,BBLCT,6,8,36,36,1200.0,0,0.0,6,16.7,10,1198.30,120.1,13738,true,completed
CV_h8s6n34.txt,BBLCT,6,8,36,36,1200.0,0,0.0,2,5.6,9,1085.55,1.2,140,true,completed
CV_h8s6n35.txt,BBLCT,6,8,36,36,1200.0,1,2.8,4,11.1,11,1185.79,229.5,34647,true,completed
CV_h8s6n36.txt,BBLCT,6,8,36,36,1200.0,1,2.8,4,11.1,9,1088.15,1.4,158,true,completed
CV_h8s6n37.txt,BBLCT,6,8,36,36,1200.0,1,2.8,3,8.3,5,611.55,1.1,113,true,completed
CV_h8s6n38.txt,BBLCT,6,8,36,36,1200.0,0,0.0,5,13.9,10,1159.62,3.4,608,true,completed
CV_h8s6n39.txt,BBLCT,6,8,36,36,1200.0,0,0.0,3,8.3,7,823.99,313.0,69070,true,completed
CV_h8s6n4.txt,BBLCT,6,8,36,36,1200.0,0,0.0,2,5.6,9,973.05,1.3,172,true,completed
CV_h8s6n40.txt,BBLCT,6,8,36,36,1200.0,0,0.0,3,8.3,9,1181.76,23.8,6070,true,completed
CV_h8s6n5.txt,BBLCT,6,8,36,36,1200.0,0,0.0,3,8.3,9,1056.30,2.0,348,true,completed
CV_h8s6n6.txt,BBLCT,6,8,36,36,1200.0,1,2.8,3,8.3,8,1048.17,1.3,157,true,completed
CV_h8s6n7.txt,BBLCT,6,8,36,36,1200.0,0,0.0,2,5.6,4,445.23,1506.6,333032,true,completed
CV_h8s6n8.txt,BBLCT,6,8,36,36,1200.0,0,0.0,7,19.4,9,1121.87,2.4,294,true,completed
CV_h8s6n9.txt,BBLCT,6,8,36,36,1200.0,0,0.0,2,5.6,8,1032.65,8.7,1577,true,completed
