instance,algorithm,s,h,c,p,tau,initial_acc,initial_acc_pct,acc,acc_pct,moves,crane_time,elapsed_ms,nodes,proved_optimal,stop_reason
BF_BF10_h8s16n1.txt,BBLCT,16,8,77,16,600.0,0,0.0,2,2.6,3,301.22,595034.4,166001664,false,cpu_limit
BF_BF10_h8s16n10.txt,BBLCT,16,8,77,16,600.0,2,2.6,5,6.5,5,573.80,595030.5,178103296,false,cpu_limit
BF_BF10_h8s16n11.txt,BBLCT,16,8,77,16,600.0,2,2.6,3,3.9,3,288.18,595039.5,179734528,false,cpu_limit
BF_BF10_h8s16n12.txt,BBLCT,16,8,77,16,600.0,1,1.3,4,5.2,4,380.09,595038.4,178520064,false,cpu_limit
BF_BF10_h8s16n13.txt,BBLCT,16,8,77,16,600.0,1,1.3,2,2.6,3,287.29,595033.7,204253184,false,cpu_limit
BF_BF10_h8s16n14.txt,BBLCT,16,8,77,16,600.0,1,1.3,4,5.2,6,568.92,595032.0,175943680,false,cpu_limit
BF_BF10_h8s16n15.txt,BBLCT,16,8,77,16,600.0,2,2.6,3,3.9,2,261.38,595034.3,178116608,false,cpu_limit
BF_BF10_h8s16n16.txt,BBLCT,16,8,77,16,600.0,0,0.0,2,2.6,4,448.45,595040.4,184197120,false,cpu_limit
BF_BF10_h8s16n17.txt,BBLCT,16,8,77,16,600.0,0,0.0,2,2.6,5,474.99,595041.7,165780480,false,cpu_limit
BF_BF10_h8s16n18.txt,BBLCT,16,8,77,16,600.0,1,1.3,2,2.6,2,224.58,595025.7,202401792,false,cpu_limit
BF_BF10_h8s16n19.txt,BBLCT,16,8,77,16,600.0,0,0.0,2,2.6,6,567.19,595031.1,176015360,false,cpu_limit
BF_BF10_h8s16n2.txt,BBLCT,16,8,77,16,600.0,2,2.6,3,3.9,3,299.71,595033.4,203912192,false,cpu_limit
BF_BF10_h8s16n20.txt,BBLCT,16,8,77,16,600.0,0,0.0,2,2.6,2,175.75,595032.8,177015808,false,cpu_limit
BF_BF10_h8s16n3.txt,BBLCT,16,8,77,16,600.0,2,2.6,7,9.1,5,532.38,595034.0,198393856,false,cpu_limit
BF_BF10_h8s16n4.txt,BBLCT,16,8,77,16,600.0,0,0.0,2,2.6,4,442.79,595039.2,161966080,false,cpu_limit
BF_BF10_h8s16n5.txt,BBLCT,16,8,77,16,600.0,1,1.3,2,2.6,3,342.46,595036.1,186219520,false,cpu_limit
BF_BF10_h8s16n6.txt,BBLCT,16,8,77,16,600.0,1,1.3,3,3.9,4,433.01,595033.6,173584384,false,cpu_limit
BF_BF10_h8s16n7.txt,BBLCT,16,8,77,16,600.0,0,0.0,1,1.3,2,199.63,595033.3,228326400,false,cpu_limit
BF_BF10_h8s16n8.txt,BBLCT,16,8,77,16,600.0,1,1.3,2,2.6,3,340.56,595043.2,217562112,false,cpu_limit
BF_BF10_h8s16n9.txt,BBLCT,16,8,77,16,600.0,2,2.6,3,3.9,3,319.72,595033.5,179195904,false,cpu_limit
BF_BF11_h8s16n1.txt,BBLCT,16,8,77,31,600.0,0,0.0,0,0.0,0,0.00,595039.9,153324544,false,cpu_limit
BF_BF11_h8s16n10.txt,BBLCT,16,8,77,31,600.0,0,0.0,0,0.0,0,0.00,595033.1,159617024,false,cpu_limit
BF_BF11_h8s16n11.txt,BBLCT,16,8,77,31,600.0,0,0.0,1,1.3,4,566.24,595031.5,157565952,false,cpu_limit
BF_BF11_h8s16n12.txt,BBLCT,16,8,77,31,600.0,0,0.0,1,1.3,4,423.43,595037.4,165730304,false,cpu_limit
BF_BF11_h8s16n13.txt,BBLCT,16,8,77,31,600.0,0,0.0,1,1.3,2,255.27,595032.7,154689536,false,cpu_limit
BF_BF11_h8s16n14.txt,BBLCT,16,8,77,31,600.0,0,0.0,3,3.9,4,513.28,595031.3,156973056,false,cpu_limit
BF_BF11_h8s16n15.txt,BBLCT,16,8,77,31,600.0,1,1.3,1,1.3,0,0.00,595033.9,156922880,false,cpu_limit
BF_BF11_h8s16n16.txt,BBLCT,16,8,77,31,600.0,0,0.0,1,1.3,3,404.26,595028.2,157085696,false,cpu_limit
BF_BF11_h8s16n17.txt,BBLCT,16,8,77,31,600.0,2,2.6,2,2.6,0,0.00,595029.5,159390720,false,cpu_limit
BF_BF11_h8s16n18.txt,BBLCT,16,8,77,31,600.0,0,0.0,2,2.6,3,382.25,595038.3,163451904,false,cpu_limit
BF_BF11_h8s16n19.txt,BBLCT,16,8,77,31,600.0,0,0.0,2,2.6,3,347.23,595032.9,156990464,false,cpu_limit
BF_BF11_h8s16n2.txt,BBLCT,16,8,77,31,600.0,1,1.3,2,2.6,3,417.65,595030.5,152781824,false,cpu_limit
BF_BF11_h8s16n20.txt,BBLCT,16,8,77,31,600.0,1,1.3,3,3.9,4,521.45,595032.1,162464768,false,cpu_limit
BF_BF11_h8s16n3.txt,BBLCT,16,8,77,31,600.0,1,1.3,3,3.9,3,367.86,595031.7,158692352,false,cpu_limit
BF_BF11_h8s16n4.txt,BBLCT,16,8,77,31,600.0,0,0.0,1,1.3,3,445.55,595031.4,161908736,false,cpu_limit
BF_BF11_h8s16n5.txt,BBLCT,16,8,77,31,600.0,0,0.0,1,1.3,2,256.55,595030.3,158141440,false,cpu_limit
BF_BF11_h8s16n6.txt,BBLCT,16,8,77,31,600.0,0,0.0,1,1.3,3,391.48,595039.4,157819904,false,cpu_limit
BF_BF11_h8s16n7.txt,BBLCT,16,8,77,31,600.0,0,0.0,1,1.3,2,267.25,595038.4,155765760,false,cpu_limit
BF_BF11_h8s16n8.txt,BBLCT,16,8,77,31,600.0,0,0.0,1,1.3,4,473.76,595028.5,158619648,false,cpu_limit
BF_BF11_h8s16n9.txt,BBLCT,16,8,77,31,600.0,0,0.0,1,1.3,2,257.47,595029.4,159647744,false,cpu_limit
BF_BF12_h8s16n1.txt,BBLCT,16,8,77,31,600.0,0,0.0,0,0.0,0,0.00,595030.2,179917824,false,cpu_limit
BF_BF12_h8s16n10.txt,BBLCT,16,8,77,31,600.0,0,0.0,2,2.6,5,494.05,595032.8,190971904,false,cpu_limit
BF_BF12_h8s16n11.txt,BBLCT,16,8,77,31,600.0,0,0.0,0,0.0,0,0.00,595030.7,184162304,false,cpu_limit
BF_BF12_h8s16n12.txt,BBLCT,16,8,77,31,600.0,0,0.0,3,3.9,5,480.38,595027.6,212644864,false,cpu_limit
BF_BF12_h8s16n13.txt,BBLCT,16,8,77,31,600.0,0,0.0,1,1.3,3,291.90,595033.5,195763200,false,cpu_limit
BF_BF12_h8s16n14.txt,BBLCT,16,8,77,31,600.0,0,0.0,1,1.3,2,232.42,595027.5,191009792,false,cpu_limit
BF_BF12_h8s16n15.txt,BBLCT,16,8,77,31,600.0,0,0.0,2,2.6,5,515.11,595027.1,169110528,false,cpu_limit
BF_BF12_h8s16n16.txt,BBLCT,16,8,77,31,600.0,2,2.6,3,3.9,3,362.10,595026.5,163377152,false,cpu_limit
BF_BF12_h8s16n17.txt,BBLCT,16,8,77,31,600.0,0,0.0,1,1.3,2,225.59,595028.6,178056192,false,cpu_limit
BF_BF12_h8s16n18.txt,BBLCT,16,8,77,31,600.0,1,1.3,3,3.9,5,488.94,595031.1,198495232,false,cpu_limit
BF_BF12_h8s16n19.txt,BBLCT,16,8,77,31,600.0,1,1.3,2,2.6,3,379.25,595028.4,185172992,false,cpu_limit
BF_BF12_h8s16n2.txt,BBLCT,16,8,77,31,600.0,1,1.3,1,1.3,0,0.00,595028.6,188314624,false,cpu_limit
BF_BF12_h8s16n20.txt,BBLCT,16,8,77,31,600.0,1,1.3,2,2.6,3,302.65,595028.2,167318528,false,cpu_limit
BF_BF12_h8s16n3.txt,BBLCT,16,8,77,31,600.0,2,2.6,4,5.2,5,436.32,595025.2,176128000,false,cpu_limit
BF_BF12_h8s16n4.txt,BBLCT,16,8,77,31,600.0,3,3.9,4,5.2,4,412.81,595027.6,174775296,false,cpu_limit
BF_BF12_h8s16n5.txt,BBLCT,16,8,77,31,600.0,0,0.0,0,0.0,0,0.00,595034.4,193598464,false,cpu_limit
BF_BF12_h8s16n6.txt,BBLCT,16,8,77,31,600.0,1,1.3,4,5.2,5,581.94,595026.0,164839424,false,cpu_limit
BF_BF12_h8s16n7.txt,BBLCT,16,8,77,31,600.0,0,0.0,2,2.6,4,408.18,595034.7,199223296,false,cpu_limit
BF_BF12_h8s16n8.txt,BBLCT,16,8,77,31,600.0,0,0.0,1,1.3,4,365.78,595029.7,179792896,false,cpu_limit
BF_BF12_h8s16n9.txt,BBLCT,16,8,77,31,600.0,0,0.0,1,1.3,4,376.22,595034.2,198915072,false,cpu_limit
BF_BF13_h8s16n1.txt,BBLCT,16,8,103,21,600.0,1,1.0,2,1.9,3,320.32,595029.5,180098048,false,cpu_limit
BF_BF13_h8s16n10.txt,BBLCT,16,8,103,21,600.0,2,1.9,3,2.9,6,566.50,595029.4,167384064,false,cpu_limit
BF_BF13_h8s16n11.txt,BBLCT,16,8,103,21,600.0,0,0.0,1,1.0,3,300.87,595034.2,172668928,false,cpu_limit
BF_BF13_h8s16n12.txt,BBLCT,16,8,103,21,600.0,1,1.0,4,3.9,6,540.43,595029.3,188270592,false,cpu_limit
BF_BF13_h8s16n13.txt,BBLCT,16,8,103,21,600.0,0,0.0,1,1.0,3,277.91,595027.0,176367616,false,cpu_limit
BF_BF13_h8s16n14.txt,BBLCT,16,8,103,21,600.0,0,0.0,2,1.9,6,534.72,595034.8,175932416,false,cpu_limit
BF_BF13_h8s16n15.txt,BBLCT,16,8,103,21,600.0,0,0.0,2,1.9,4,440.48,595027.5,175109120,false,cpu_limit
BF_BF13_h8s16n16.txt,BBLCT,16,8,103,21,600.0,1,1.0,4,3.9,6,594.92,595034.6,180584448,false,cpu_limit
BF_BF13_h8s16n17.txt,BBLCT,16,8,103,21,600.0,0,0.0,2,1.9,5,514.60,595033.1,180519936,false,cpu_limit
BF_BF13_h8s16n18.txt,BBLCT,16,8,103,21,600.0,0,0.0,2,1.9,4,408.46,595040.1,170295296,false,cpu_limit
BF_BF13_h8s16n19.txt,BBLCT,16,8,103,21,600.0,1,1.0,1,1.0,0,0.00,595033.1,182486016,false,cpu_limit
BF_BF13_h8s16n2.txt,BBLCT,16,8,103,21,600.0,1,1.0,2,1.9,5,546.81,595036.9,176233472,false,cpu_limit
BF_BF13_h8s16n20.txt,BBLCT,16,8,103,21,600.0,0,0.0,2,1.9,4,478.30,595026.6,193797120,false,cpu_limit
BF_BF13_h8s16n3.txt,BBLCT,16,8,103,21,600.0,1,1.0,3,2.9,4,429.82,595034.0,173682688,false,cpu_limit
BF_BF13_h8s16n4.txt,BBLCT,16,8,103,21,600.0,2,1.9,3,2.9,4,402.02,595033.5,184624128,false,cpu_limit
BF_BF13_h8s16n5.txt,BBLCT,16,8,103,21,600.0,2,1.9,3,2.9,5,571.09,595039.2,176844800,false,cpu_limit
BF_BF13_h8s16n6.txt,BBLCT,16,8,103,21,600.0,1,1.0,3,2.9,4,370.93,595034.9,177043456,false,cpu_limit
BF_BF13_h8s16n7.txt,BBLCT,16,8,103,21,600.0,0,0.0,2,1.9,4,463.76,595040.0,191855616,false,cpu_limit
BF_BF13_h8s16n8.txt,BBLCT,16,8,103,21,600.0,2,1.9,3,2.9,5,564.88,595028.2,180055040,false,cpu_limit
BF_BF13_h8s16n9.txt,BBLCT,16,8,103,21,600.0,0,0.0,4,3.9,5,527.56,595031.0,185135104,false,cpu_limit
BF_BF14_h8s16n1.txt,BBLCT,16,8,103,21,600.0,2,1.9,7,6.8,5,476.39,595040.7,172687360,false,cpu_limit
BF_BF14_h8s16n10.txt,BBLCT,16,8,103,21,600.0,1,1.0,3,2.9,5,588.47,595027.3,197832704,false,cpu_limit
BF_BF14_h8s16n11.txt,BBLCT,16,8,103,21,600.0,0,0.0,2,1.9,5,509.40,595040.0,202647552,false,cpu_limit
BF_BF14_h8s16n12.txt,BBLCT,16,8,103,21,600.0,1,1.0,4,3.9,5,578.46,595029.3,180637696,false,cpu_limit
BF_BF14_h8s16n13.txt,BBLCT,16,8,103,21,600.0,0,0.0,1,1.0,3,319.63,595033.8,196654080,false,cpu_limit
BF_BF14_h8s16n14.txt,BBLCT,16,8,103,21,600.0,1,1.0,2,1.9,4,438.40,595038.6,208689152,false,cpu_limit
BF_BF14_h8s16n15.txt,BBLCT,16,8,103,21,600.0,2,1.9,4,3.9,4,405.59,595027.4,184370176,false,cpu_limit
BF_BF14_h8s16n16.txt,BBLCT,16,8,103,21,600.0,0,0.0,1,1.0,1,92.62,595037.7,182974464,false,cpu_limit
BF_BF14_h8s16n17.txt,BBLCT,16,8,103,21,600.0,1,1.0,4,3.9,6,539.86,595033.8,199539712,false,cpu_limit
BF_BF14_h8s16n18.txt,BBLCT,16,8,103,21,600.0,0,0.0,2,1.9,5,557.63,595038.7,190902272,false,cpu_limit
BF_BF14_h8s16n19.txt,BBLCT,16,8,103,21,600.0,0,0.0,2,1.9,4,408.93,595033.5,184259584,false,cpu_limit
BF_BF14_h8s16n2.txt,BBLCT,16,8,103,21,600.0,1,1.0,2,1.9,3,322.61,595033.5,178613248,false,cpu_limit
BF_BF14_h8s16n20.txt,BBLCT,16,8,103,21,600.0,0,0.0,2,1.9,3,336.37,595039.6,179394560,false,cpu_limit
BF_BF14_h8s16n3.txt,BBLCT,16,8,103,21,600.0,0,0.0,4,3.9,5,461.56,595030.9,210565120,false,cpu_limit
BF_BF14_h8s16n4.txt,BBLCT,16,8,103,21,600.0,2,1.9,3,2.9,4,351.42,595031.2,191040512,false,cpu_limit
BF_BF14_h8s16n5.txt,BBLCT,16,8,103,21,600.0,2,1.9,3,2.9,5,576.73,595031.3,181030912,false,cpu_limit
BF_BF14_h8s16n6.txt,BBLCT,16,8,103,21,600.0,0,0.0,2,1.9,3,346.44,595027.9,188205056,false,cpu_limit
BF_BF14_h8s16n7.txt,BBLCT,16,8,103,21,600.0,1,1.0,2,1.9,5,524.42,595032.0,210424832,false,cpu_limit
BF_BF14_h8s16n8.txt,BBLCT,16,8,103,21,600.0,0,0.0,2,1.9,4,404.20,595032.4,212753408,false,cpu_limit
BF_BF14_h8s16n9.txt,BBLCT,16,8,103,21,600.0,1,1.0,2,1.9,5,511.83,595032.9,203792384,false,cpu_limit
BF_BF15_h8s16n1.txt,BBLCT,16,8,103,42,600.0,0,0.0,1,1.0,1,128.06,595035.8,183256064,false,cpu_limit
BF_BF15_h8s16n10.txt,BBLCT,16,8,103,42,600.0,0,0.0,1,1.0,2,270.70,595027.4,193224704,false,cpu_limit
BF_BF15_h8s16n11.txt,BBLCT,16,8,103,42,600.0,0,0.0,1,1.0,4,327.27,595033.0,191389696,false,cpu_limit
BF_BF15_h8s16n12.txt,BBLCT,16,8,103,42,600.0,1,1.0,1,1.0,0,0.00,595037.6,173561856,false,cpu_limit
BF_BF15_h8s16n13.txt,BBLCT,16,8,103,42,600.0,1,1.0,2,1.9,3,324.51,595034.9,181833728,false,cpu_limit
BF_BF15_h8s16n14.txt,BBLCT,16,8,103,42,600.0,1,1.0,3,2.9,5,566.80,595030.2,175749120,false,cpu_limit
BF_BF15_h8s16n15.txt,BBLCT,16,8,103,42,600.0,0,0.0,1,1.0,4,435.27,595026.5,189669376,false,cpu_limit
BF_BF15_h8s16n16.txt,BBLCT,16,8,103,42,600.0,0,0.0,1,1.0,5,574.98,595026.6,176334848,false,cpu_limit
BF_BF15_h8s16n17.txt,BBLCT,16,8,103,42,600.0,0,0.0,1,1.0,4,344.76,595031.3,174269440,false,cpu_limit
BF_BF15_h8s16n18.txt,BBLCT,16,8,103,42,600.0,0,0.0,1,1.0,4,352.52,595031.7,184843264,false,cpu_limit
BF_BF15_h8s16n19.txt,BBLCT,16,8,103,42,600.0,2,1.9,4,3.9,3,312.09,595029.3,171659264,false,cpu_limit
BF_BF15_h8s16n2.txt,BBLCT,16,8,103,42,600.0,1,1.0,2,1.9,4,421.42,595031.5,164443136,false,cpu_limit
BF_BF15_h8s16n20.txt,BBLCT,16,8,103,42,600.0,1,1.0,3,2.9,5,505.70,595031.8,177224704,false,cpu_limit
BF_BF15_h8s16n3.txt,BBLCT,16,8,103,42,600.0,0,0.0,2,1.9,4,367.89,595037.3,187365376,false,cpu_limit
BF_BF15_h8s16n4.txt,BBLCT,16,8,103,42,600.0,0,0.0,1,1.0,4,381.33,595032.2,175876096,false,cpu_limit
BF_BF15_h8s16n5.txt,BBLCT,16,8,103,42,600.0,0,0.0,1,1.0,3,297.00,595035.7,166195200,false,cpu_limit
BF_BF15_h8s16n6.txt,BBLCT,16,8,103,42,600.0,0,0.0,0,0.0,0,0.00,595032.9,171759616,false,cpu_limit
BF_BF15_h8s16n7.txt,BBLCT,16,8,103,42,600.0,0,0.0,4,3.9,5,461.45,595037.8,172516352,false,cpu_limit
BF_BF15_h8s16n8.txt,BBLCT,16,8,103,42,600.0,0,0.0,1,1.0,3,281.79,595037.8,163591168,false,cpu_limit
BF_BF15_h8s16n9.txt,BBLCT,16,8,103,42,600.0,1,1.0,4,3.9,4,559.33,595035.5,198116352,false,cpu_limit
BF_BF16_h8s16n1.txt,BBLCT,16,8,103,42,600.0,0,0.0,2,1.9,4,356.94,595025.7,186343424,false,cpu_limit
BF_BF16_h8s16n10.txt,BBLCT,16,8,103,42,600.0,0,0.0,0,0.0,0,0.00,595028.1,194726912,false,cpu_limit
BF_BF16_h8s16n11.txt,BBLCT,16,8,103,42,600.0,0,0.0,1,1.0,3,327.11,595028.4,211620864,false,cpu_limit
BF_BF16_h8s16n12.txt,BBLCT,16,8,103,42,600.0,0,0.0,1,1.0,4,384.42,595036.9,168214528,false,cpu_limit
BF_BF16_h8s16n13.txt,BBLCT,16,8,103,42,600.0,1,1.0,3,2.9,5,492.86,595026.3,178122752,false,cpu_limit
BF_BF16_h8s16n14.txt,BBLCT,16,8,103,42,600.0,0,0.0,2,1.9,5,469.09,595036.3,187100160,false,cpu_limit
BF_BF16_h8s16n15.txt,BBLCT,16,8,103,42,600.0,0,0.0,1,1.0,5,448.81,595033.8,205901824,false,cpu_limit
BF_BF16_h8s16n16.txt,BBLCT,16,8,103,42,600.0,1,1.0,2,1.9,4,369.96,595038.2,195147776,false,cpu_limit
BF_BF16_h8s16n17.txt,BBLCT,16,8,103,42,600.0,0,0.0,1,1.0,5,464.44,595033.4,183618560,false,cpu_limit
BF_BF16_h8s16n18.txt,BBLCT,16,8,103,42,600.0,0,0.0,2,1.9,5,446.87,595034.5,178723840,false,cpu_limit
BF_BF16_h8s16n19.txt,BBLCT,16,8,103,42,600.0,0,0.0,1,1.0,4,371.26,595034.5,205271040,false,cpu_limit
BF_BF16_h8s16n2.txt,BBLCT,16,8,103,42,600.0,0,0.0,1,1.0,4,346.62,595029.6,186499072,false,cpu_limit
BF_BF16_h8s16n20.txt,BBLCT,16,8,103,42,600.0,0,0.0,1,1.0,3,311.89,595030.1,209118208,false,cpu_limit
BF_BF16_h8s16n3.txt,BBLCT,16,8,103,42,600.0,0,0.0,0,0.0,0,0.00,595031.8,210480128,false,cpu_limit
BF_BF16_h8s16n4.txt,BBLCT,16,8,103,42,600.0,1,1.0,1,1.0,0,0.00,595031.3,190099456,false,cpu_limit
BF_BF16_h8s16n5.txt,BBLCT,16,8,103,42,600.0,0,0.0,2,1.9,5,572.56,595036.0,177326080,false,cpu_limit
BF_BF16_h8s16n6.txt,BBLCT,16,8,103,42,600.0,1,1.0,2,1.9,4,418.49,595036.5,216870912,false,cpu_limit
BF_BF16_h8s16n7.txt,BBLCT,16,8,103,42,600.0,0,0.0,0,0.0,0,0.00,595034.8,187033600,false,cpu_limit
BF_BF16_h8s16n8.txt,BBLCT,16,8,103,42,600.0,0,0.0,0,0.0,0,0.00,595034.7,186250240,false,cpu_limit
BF_BF16_h8s16n9.txt,BBLCT,16,8,103,42,600.0,0,0.0,2,1.9,3,333.24,595037.7,182178816,false,cpu_limit
BF_BF17_h5s20n1.txt,BBLCT,20,5,60,12,600.0,1,1.7,3,5.0,4,408.68,595032.5,143044608,false,cpu_limit
BF_BF17_h5s20n10.txt,BBLCT,20,5,60,12,600.0,1,1.7,3,5.0,5,436.33,595031.8,134359040,false,cpu_limit
BF_BF17_h5s20n11.txt,BBLCT,20,5,60,12,600.0,0,0.0,3,5.0,4,468.25,595037.3,124368896,false,cpu_limit
BF_BF17_h5s20n12.txt,BBLCT,20,5,60,12,600.0,2,3.3,4,6.7,5,467.86,595029.5,125480960,false,cpu_limit
BF_BF17_h5s20n13.txt,BBLCT,20,5,60,12,600.0,2,3.3,7,11.7,6,568.04,595044.3,127314944,false,cpu_limit
BF_BF17_h5s20n14.txt,BBLCT,20,5,60,12,600.0,2,3.3,4,6.7,5,453.80,595033.8,120620032,false,cpu_limit
BF_BF17_h5s20n15.txt,BBLCT,20,5,60,12,600.0,0,0.0,4,6.7,6,598.71,595038.0,160882688,false,cpu_limit
BF_BF17_h5s20n16.txt,BBLCT,20,5,60,12,600.0,1,1.7,3,5.0,4,405.49,595033.7,131236864,false,cpu_limit
BF_BF17_h5s20n17.txt,BBLCT,20,5,60,12,600.0,2,3.3,6,10.0,5,518.09,595037.5,132723712,false,cpu_limit
BF_BF17_h5s20n18.txt,BBLCT,20,5,60,12,600.0,0,0.0,2,3.3,5,437.27,595028.8,139235328,false,cpu_limit
BF_BF17_h5s20n19.txt,BBLCT,20,5,60,12,600.0,2,3.3,4,6.7,5,447.65,595029.5,127453184,false,cpu_limit
BF_BF17_h5s20n2.txt,BBLCT,20,5,60,12,600.0,3,5.0,4,6.7,4,410.93,595031.4,115676160,false,cpu_limit
BF_BF17_h5s20n20.txt,BBLCT,20,5,60,12,600.0,1,1.7,3,5.0,4,422.48,595029.3,127450112,false,cpu_limit
BF_BF17_h5s20n3.txt,BBLCT,20,5,60,12,600.0,4,6.7,6,10.0,5,534.29,595029.6,121368576,false,cpu_limit
BF_BF17_h5s20n4.txt,BBLCT,20,5,60,12,600.0,3,5.0,4,6.7,4,405.21,595028.9,133898240,false,cpu_limit
BF_BF17_h5s20n5.txt,BBLCT,20,5,60,12,600.0,2,3.3,3,5.0,4,422.14,595032.8,114514944,false,cpu_limit
BF_BF17_h5s20n6.txt,BBLCT,20,5,60,12,600.0,1,1.7,3,5.0,3,366.05,595030.7,120994816,false,cpu_limit
BF_BF17_h5s20n7.txt,BBLCT,20,5,60,12,600.0,2,3.3,4,6.7,6,544.16,595033.2,122692608,false,cpu_limit
BF_BF17_h5s20n8.txt,BBLCT,20,5,60,12,600.0,2,3.3,3,5.0,4,410.93,595037.3,122692608,false,cpu_limit
BF_BF17_h5s20n9.txt,BBLCT,20,5,60,12,600.0,1,1.7,3,5.0,5,491.57,595036.7,133044224,false,cpu_limit
BF_BF18_h5s20n1.txt,BBLCT,20,5,60,12,600.0,1,1.7,3,5.0,5,482.87,595028.7,143585280,false,cpu_limit
BF_BF18_h5s20n10.txt,BBLCT,20,5,60,12,600.0,0,0.0,2,3.3,4,453.02,595037.9,170695680,false,cpu_limit
BF_BF18_h5s20n11.txt,BBLCT,20,5,60,12,600.0,0,0.0,2,3.3,3,366.32,595033.1,184085504,false,cpu_limit
BF_BF18_h5s20n12.txt,BBLCT,20,5,60,12,600.0,1,1.7,5,8.3,5,498.21,595031.3,163468288,false,cpu_limit
BF_BF18_h5s20n13.txt,BBLCT,20,5,60,12,600.0,3,5.0,5,8.3,3,316.58,595032.4,183692288,false,cpu_limit
BF_BF18_h5s20n14.txt,BBLCT,20,5,60,12,600.0,1,1.7,4,6.7,5,456.62,595034.6,165440512,false,cpu_limit
BF_BF18_h5s20n15.txt,BBLCT,20,5,60,12,600.0,0,0.0,3,5.0,4,438.10,595032.4,179065856,false,cpu_limit
BF_BF18_h5s20n16.txt,BBLCT,20,5,60,12,600.0,1,1.7,4,6.7,3,286.78,595032.9,162268160,false,cpu_limit
BF_BF18_h5s20n17.txt,BBLCT,20,5,60,12,600.0,1,1.7,3,5.0,5,561.99,595039.6,164471808,false,cpu_limit
BF_BF18_h5s20n18.txt,BBLCT,20,5,60,12,600.0,1,1.7,3,5.0,4,395.82,595034.4,159900672,false,cpu_limit
BF_BF18_h5s20n19.txt,BBLCT,20,5,60,12,600.0,3,5.0,6,10.0,5,471.70,595035.8,166772736,false,cpu_limit
BF_BF18_h5s20n2.txt,BBLCT,20,5,60,12,600.0,3,5.0,9,15.0,6,551.38,595035.3,159612928,false,cpu_limit
BF_BF18_h5s20n20.txt,BBLCT,20,5,60,12,600.0,2,3.3,3,5.0,3,283.57,595031.7,166247424,false,cpu_limit
BF_BF18_h5s20n3.txt,BBLCT,20,5,60,12,600.0,0,0.0,2,3.3,3,279.02,595041.3,160560128,false,cpu_limit
BF_BF18_h5s20n4.txt,BBLCT,20,5,60,12,600.0,2,3.3,3,5.0,3,301.12,595032.1,158352384,false,cpu_limit
BF_BF18_h5s20n5.txt,BBLCT,20,5,60,12,600.0,3,5.0,5,8.3,5,483.61,595029.4,162074624,false,cpu_limit
BF_BF18_h5s20n6.txt,BBLCT,20,5,60,12,600.0,0,0.0,3,5.0,5,530.30,595031.3,179744768,false,cpu_limit
BF_BF18_h5s20n7.txt,BBLCT,20,5,60,12,600.0,1,1.7,3,5.0,5,457.23,595032.9,161704960,false,cpu_limit
BF_BF18_h5s20n8.txt,BBLCT,20,5,60,12,600.0,2,3.3,5,8.3,4,453.01,595033.7,176591872,false,cpu_limit
BF_BF18_h5s20n9.txt,BBLCT,20,5,60,12,600.0,2,3.3,4,6.7,4,355.51,595031.3,157694976,false,cpu_limit
BF_BF19_h5s20n1.txt,BBLCT,20,5,60,24,600.0,1,1.7,3,5.0,5,546.46,595035.3,137219072,false,cpu_limit
BF_BF19_h5s20n10.txt,BBLCT,20,5,60,24,600.0,1,1.7,6,10.0,6,577.65,595032.7,135440384,false,cpu_limit
BF_BF19_h5s20n11.txt,BBLCT,20,5,60,24,600.0,1,1.7,4,6.7,6,595.06,595027.7,141470720,false,cpu_limit
BF_BF19_h5s20n12.txt,BBLCT,20,5,60,24,600.0,0,0.0,2,3.3,5,522.80,595033.1,115667968,false,cpu_limit
BF_BF19_h5s20n13.txt,BBLCT,20,5,60,24,600.0,0,0.0,0,0.0,0,0.00,595032.5,129240064,false,cpu_limit
BF_BF19_h5s20n14.txt,BBLCT,20,5,60,24,600.0,0,0.0,5,8.3,6,573.60,595031.5,112856064,false,cpu_limit
BF_BF19_h5s20n15.txt,BBLCT,20,5,60,24,600.0,0,0.0,2,3.3,5,544.12,595027.0,113833984,false,cpu_limit
BF_BF19_h5s20n16.txt,BBLCT,20,5,60,24,600.0,3,5.0,4,6.7,4,408.14,595034.4,113191936,false,cpu_limit
BF_BF19_h5s20n17.txt,BBLCT,20,5,60,24,600.0,0,0.0,1,1.7,3,271.83,595030.8,128053248,false,cpu_limit
BF_BF19_h5s20n18.txt,BBLCT,20,5,60,24,600.0,1,1.7,3,5.0,3,340.99,595027.4,117749760,false,cpu_limit
BF_BF19_h5s20n19.txt,BBLCT,20,5,60,24,600.0,1,1.7,3,5.0,4,364.42,595041.6,133379072,false,cpu_limit
BF_BF19_h5s20n2.txt,BBLCT,20,5,60,24,600.0,0,0.0,3,5.0,3,314.60,595030.7,134618112,false,cpu_limit
BF_BF19_h5s20n20.txt,BBLCT,20,5,60,24,600.0,2,3.3,3,5.0,2,245.08,595034.3,165591040,false,cpu_limit
BF_BF19_h5s20n3.txt,BBLCT,20,5,60,24,600.0,1,1.7,5,8.3,5,509.26,595028.7,135025664,false,cpu_limit
BF_BF19_h5s20n4.txt,BBLCT,20,5,60,24,600.0,1,1.7,8,13.3,4,375.47,595031.7,121459712,false,cpu_limit
BF_BF19_h5s20n5.txt,BBLCT,20,5,60,24,600.0,0,0.0,3,5.0,5,487.31,595029.1,145378304,false,cpu_limit
BF_BF19_h5s20n6.txt,BBLCT,20,5,60,24,600.0,2,3.3,6,10.0,5,526.64,595032.5,127461376,false,cpu_limit
BF_BF19_h5s20n7.txt,BBLCT,20,5,60,24,600.0,1,1.7,1,1.7,0,0.00,595031.5,137466880,false,cpu_limit
BF_BF19_h5s20n8.txt,BBLCT,20,5,60,24,600.0,1,1.7,8,13.3,6,587.32,595030.3,111891456,false,cpu_limit
BF_BF19_h5s20n9.txt,BBLCT,20,5,60,24,600.0,3,5.0,5,8.3,5,538.75,595033.6,118121472,false,cpu_limit
BF_BF1_h5s16n1.txt,BBLCT,16,5,48,10,600.0,2,4.2,4,8.3,3,322.79,595026.9,185923584,false,cpu_limit
BF_BF1_h5s16n10.txt,BBLCT,16,5,48,10,600.0,3,6.2,8,16.7,6,565.60,595025.7,190891008,false,cpu_limit
BF_BF1_h5s16n11.txt,BBLCT,16,5,48,10,600.0,2,4.2,3,6.2,3,362.45,595026.8,180792320,false,cpu_limit
BF_BF1_h5s16n12.txt,BBLCT,16,5,48,10,600.0,2,4.2,4,8.3,4,425.00,595028.0,205976576,false,cpu_limit
BF_BF1_h5s16n13.txt,BBLCT,16,5,48,10,600.0,2,4.2,3,6.2,2,202.01,595027.8,207919104,false,cpu_limit
BF_BF1_h5s16n14.txt,BBLCT,16,5,48,10,600.0,0,0.0,2,4.2,5,486.29,595029.2,200792064,false,cpu_limit
BF_BF1_h5s16n15.txt,BBLCT,16,5,48,10,600.0,1,2.1,2,4.2,4,461.18,595031.8,205080576,false,cpu_limit
BF_BF1_h5s16n16.txt,BBLCT,16,5,48,10,600.0,2,4.2,4,8.3,5,494.29,595030.5,206507008,false,cpu_limit
BF_BF1_h5s16n17.txt,BBLCT,16,5,48,10,600.0,2,4.2,5,10.4,5,485.20,595037.7,202381312,false,cpu_limit
BF_BF1_h5s16n18.txt,BBLCT,16,5,48,10,600.0,3,6.2,5,10.4,5,425.45,595042.9,179318784,false,cpu_limit
BF_BF1_h5s16n19.txt,BBLCT,16,5,48,10,600.0,0,0.0,2,4.2,4,411.37,595031.9,192922624,false,cpu_limit
BF_BF1_h5s16n2.txt,BBLCT,16,5,48,10,600.0,1,2.1,3,6.2,5,437.45,595029.6,183011328,false,cpu_limit
BF_BF1_h5s16n20.txt,BBLCT,16,5,48,10,600.0,1,2.1,4,8.3,4,451.89,595034.1,197996544,false,cpu_limit
BF_BF1_h5s16n3.txt,BBLCT,16,5,48,10,600.0,2,4.2,3,6.2,4,365.54,595027.4,189460480,false,cpu_limit
BF_BF1_h5s16n4.txt,BBLCT,16,5,48,10,600.0,3,6.2,7,14.6,6,589.99,595033.9,220967936,false,cpu_limit
BF_BF1_h5s16n5.txt,BBLCT,16,5,48,10,600.0,1,2.1,3,6.2,4,412.10,595038.8,195857408,false,cpu_limit
BF_BF1_h5s16n6.txt,BBLCT,16,5,48,10,600.0,0,0.0,3,6.2,6,568.24,595034.6,206154752,false,cpu_limit
BF_BF1_h5s16n7.txt,BBLCT,16,5,48,10,600.0,1,2.1,3,6.2,4,449.00,595031.9,199818240,false,cpu_limit
BF_BF1_h5s16n8.txt,BBLCT,16,5,48,10,600.0,1,2.1,4,8.3,4,410.80,595027.2,201930752,false,cpu_limit
BF_BF1_h5s16n9.txt,BBLCT,16,5,48,10,600.0,1,2.1,3,6.2,5,489.05,595034.7,188263424,false,cpu_limit
BF_BF20_h5s20n1.txt,BBLCT,20,5,60,24,600.0,0,0.0,1,1.7,5,588.51,595027.8,171793408,false,cpu_limit
BF_BF20_h5s20n10.txt,BBLCT,20,5,60,24,600.0,1,1.7,5,8.3,5,561.59,595034.6,181127168,false,cpu_limit
BF_BF20_h5s20n11.txt,BBLCT,20,5,60,24,600.0,0,0.0,1,1.7,3,248.77,595027.4,175001600,false,cpu_limit
BF_BF20_h5s20n12.txt,BBLCT,20,5,60,24,600.0,0,0.0,4,6.7,6,556.82,595034.4,156455936,false,cpu_limit
BF_BF20_h5s20n13.txt,BBLCT,20,5,60,24,600.0,0,0.0,2,3.3,4,359.65,595028.3,160279552,false,cpu_limit
BF_BF20_h5s20n14.txt,BBLCT,20,5,60,24,600.0,0,0.0,2,3.3,5,529.32,595033.1,173260800,false,cpu_limit
BF_BF20_h5s20n15.txt,BBLCT,20,5,60,24,600.0,1,1.7,2,3.3,2,232.24,595027.5,158534656,false,cpu_limit
BF_BF20_h5s20n16.txt,BBLCT,20,5,60,24,600.0,2,3.3,3,5.0,3,325.43,595032.2,161100800,false,cpu_limit
BF_BF20_h5s20n17.txt,BBLCT,20,5,60,24,600.0,2,3.3,7,11.7,6,564.23,595026.5,149541888,false,cpu_limit
BF_BF20_h5s20n18.txt,BBLCT,20,5,60,24,600.0,0,0.0,2,3.3,3,326.79,595035.2,177780736,false,cpu_limit
BF_BF20_h5s20n19.txt,BBLCT,20,5,60,24,600.0,1,1.7,2,3.3,5,542.22,595038.2,170522624,false,cpu_limit
BF_BF20_h5s20n2.txt,BBLCT,20,5,60,24,600.0,0,0.0,3,5.0,5,525.58,595031.3,179689472,false,cpu_limit
BF_BF20_h5s20n20.txt,BBLCT,20,5,60,24,600.0,1,1.7,3,5.0,5,453.41,595037.2,153060352,false,cpu_limit
BF_BF20_h5s20n3.txt,BBLCT,20,5,60,24,600.0,1,1.7,2,3.3,3,283.16,595036.1,153310208,false,cpu_limit
BF_BF20_h5s20n4.txt,BBLCT,20,5,60,24,600.0,0,0.0,1,1.7,3,328.60,595036.4,170748928,false,cpu_limit
BF_BF20_h5s20n5.txt,BBLCT,20,5,60,24,600.0,1,1.7,7,11.7,5,584.36,595037.0,175706112,false,cpu_limit
BF_BF20_h5s20n6.txt,BBLCT,20,5,60,24,600.0,0,0.0,5,8.3,5,516.87,595032.9,158880768,false,cpu_limit
BF_BF20_h5s20n7.txt,BBLCT,20,5,60,24,600.0,0,0.0,1,1.7,4,379.21,595033.8,172465152,false,cpu_limit
BF_BF20_h5s20n8.txt,BBLCT,20,5,60,24,600.0,0,0.0,3,5.0,5,518.95,595034.7,169786368,false,cpu_limit
BF_BF20_h5s20n9.txt,BBLCT,20,5,60,24,600.0,0,0.0,1,1.7,2,235.15,595029.1,175788032,false,cpu_limit
BF_BF21_h5s20n1.txt,BBLCT,20,5,80,16,600.0,2,2.5,3,3.8,4,420.20,595039.5,160696320,false,cpu_limit
BF_BF21_h5s20n10.txt,BBLCT,20,5,80,16,600.0,3,3.8,9,11.2,6,599.96,595028.5,165579776,false,cpu_limit
BF_BF21_h5s20n11.txt,BBLCT,20,5,80,16,600.0,2,2.5,4,5.0,4,369.67,595037.0,146130944,false,cpu_limit
BF_BF21_h5s20n12.txt,BBLCT,20,5,80,16,600.0,1,1.2,3,3.8,6,592.09,595029.7,133443584,false,cpu_limit
BF_BF21_h5s20n13.txt,BBLCT,20,5,80,16,600.0,1,1.2,4,5.0,6,593.54,595031.4,164249600,false,cpu_limit
BF_BF21_h5s20n14.txt,BBLCT,20,5,80,16,600.0,1,1.2,6,7.5,6,570.87,595029.5,130766848,false,cpu_limit
BF_BF21_h5s20n15.txt,BBLCT,20,5,80,16,600.0,4,5.0,6,7.5,5,504.48,595031.4,144964608,false,cpu_limit
BF_BF21_h5s20n16.txt,BBLCT,20,5,80,16,600.0,2,2.5,5,6.2,6,538.53,595032.7,139717632,false,cpu_limit
BF_BF21_h5s20n17.txt,BBLCT,20,5,80,16,600.0,1,1.2,3,3.8,5,557.99,595030.3,130206720,false,cpu_limit
BF_BF21_h5s20n18.txt,BBLCT,20,5,80,16,600.0,1,1.2,4,5.0,6,541.93,595029.0,151601152,false,cpu_limit
BF_BF21_h5s20n19.txt,BBLCT,20,5,80,16,600.0,3,3.8,5,6.2,6,592.91,595027.9,131717120,false,cpu_limit
BF_BF21_h5s20n2.txt,BBLCT,20,5,80,16,600.0,3,3.8,4,5.0,3,290.90,595028.5,133683200,false,cpu_limit
BF_BF21_h5s20n20.txt,BBLCT,20,5,80,16,600.0,1,1.2,4,5.0,4,350.23,595027.4,164334592,false,cpu_limit
BF_BF21_h5s20n3.txt,BBLCT,20,5,80,16,600.0,1,1.2,4,5.0,6,576.37,595029.6,149213184,false,cpu_limit
BF_BF21_h5s20n4.txt,BBLCT,20,5,80,16,600.0,1,1.2,3,3.8,6,559.16,595034.7,143693824,false,cpu_limit
BF_BF21_h5s20n5.txt,BBLCT,20,5,80,16,600.0,0,0.0,2,2.5,5,489.15,595034.3,153933824,false,cpu_limit
BF_BF21_h5s20n6.txt,BBLCT,20,5,80,16,600.0,2,2.5,5,6.2,5,528.94,595033.1,149373952,false,cpu_limit
BF_BF21_h5s20n7.txt,BBLCT,20,5,80,16,600.0,0,0.0,2,2.5,6,537.29,595033.6,157812736,false,cpu_limit
BF_BF21_h5s20n8.txt,BBLCT,20,5,80,16,600.0,0,0.0,2,2.5,5,513.87,595035.3,144538624,false,cpu_limit
BF_BF21_h5s20n9.txt,BBLCT,20,5,80,16,600.0,1,1.2,4,5.0,6,516.69,595034.5,149680128,false,cpu_limit
BF_BF22_h5s20n1.txt,BBLCT,20,5,80,16,600.0,0,0.0,3,3.8,4,387.27,595035.9,179093504,false,cpu_limit
BF_BF22_h5s20n10.txt,BBLCT,20,5,80,16,600.0,0,0.0,3,3.8,4,417.70,595033.2,172107776,false,cpu_limit
BF_BF22_h5s20n11.txt,BBLCT,20,5,80,16,600.0,3,3.8,7,8.8,5,478.31,595026.3,186863616,false,cpu_limit
BF_BF22_h5s20n12.txt,BBLCT,20,5,80,16,600.0,3,3.8,5,6.2,6,569.03,595030.5,182125568,false,cpu_limit
BF_BF22_h5s20n13.txt,BBLCT,20,5,80,16,600.0,0,0.0,3,3.8,6,568.36,595041.4,172371968,false,cpu_limit
BF_BF22_h5s20n14.txt,BBLCT,20,5,80,16,600.0,0,0.0,2,2.5,4,411.03,595032.1,180306944,false,cpu_limit
BF_BF22_h5s20n15.txt,BBLCT,20,5,80,16,600.0,2,2.5,3,3.8,4,385.39,595027.9,164458496,false,cpu_limit
BF_BF22_h5s20n16.txt,BBLCT,20,5,80,16,600.0,1,1.2,3,3.8,4,397.48,595032.4,180008960,false,cpu_limit
BF_BF22_h5s20n17.txt,BBLCT,20,5,80,16,600.0,2,2.5,4,5.0,4,434.94,595030.2,192356352,false,cpu_limit
BF_BF22_h5s20n18.txt,BBLCT,20,5,80,16,600.0,0,0.0,3,3.8,5,498.25,595030.5,190052352,false,cpu_limit
BF_BF22_h5s20n19.txt,BBLCT,20,5,80,16,600.0,0,0.0,3,3.8,6,557.59,595030.8,186665984,false,cpu_limit
BF_BF22_h5s20n2.txt,BBLCT,20,5,80,16,600.0,1,1.2,3,3.8,4,406.47,595029.2,170380288,false,cpu_limit
BF_BF22_h5s20n20.txt,BBLCT,20,5,80,16,600.0,0,0.0,2,2.5,4,438.47,595029.5,194148352,false,cpu_limit
BF_BF22_h5s20n3.txt,BBLCT,20,5,80,16,600.0,0,0.0,3,3.8,5,493.03,595029.5,182018048,false,cpu_limit
BF_BF22_h5s20n4.txt,BBLCT,20,5,80,16,600.0,4,5.0,8,10.0,6,599.75,595031.5,160976896,false,cpu_limit
BF_BF22_h5s20n5.txt,BBLCT,20,5,80,16,600.0,1,1.2,3,3.8,5,510.65,595032.0,197588992,false,cpu_limit
BF_BF22_h5s20n6.txt,BBLCT,20,5,80,16,600.0,0,0.0,4,5.0,6,537.92,595039.2,184390656,false,cpu_limit
BF_BF22_h5s20n7.txt,BBLCT,20,5,80,16,600.0,0,0.0,2,2.5,4,442.96,595026.3,193376256,false,cpu_limit
BF_BF22_h5s20n8.txt,BBLCT,20,5,80,16,600.0,1,1.2,4,5.0,4,443.82,595025.9,180765696,false,cpu_limit
BF_BF22_h5s20n9.txt,BBLCT,20,5,80,16,600.0,0,0.0,3,3.8,6,554.53,595033.2,173811712,false,cpu_limit
BF_BF23_h5s20n1.txt,BBLCT,20,5,80,32,600.0,0,0.0,3,3.8,5,555.46,595030.4,160931840,false,cpu_limit
BF_BF23_h5s20n10.txt,BBLCT,20,5,80,32,600.0,1,1.2,1,1.2,0,0.00,595036.5,139452416,false,cpu_limit
BF_BF23_h5s20n11.txt,BBLCT,20,5,80,32,600.0,0,0.0,1,1.2,4,339.11,595035.9,140224512,false,cpu_limit
BF_BF23_h5s20n12.txt,BBLCT,20,5,80,32,600.0,0,0.0,3,3.8,6,510.67,595043.7,142472192,false,cpu_limit
BF_BF23_h5s20n13.txt,BBLCT,20,5,80,32,600.0,1,1.2,5,6.2,5,464.53,595033.2,158791680,false,cpu_limit
BF_BF23_h5s20n14.txt,BBLCT,20,5,80,32,600.0,3,3.8,8,10.0,6,539.11,595031.6,137659392,false,cpu_limit
BF_BF23_h5s20n15.txt,BBLCT,20,5,80,32,600.0,0,0.0,4,5.0,6,566.37,595033.5,142434304,false,cpu_limit
BF_BF23_h5s20n16.txt,BBLCT,20,5,80,32,600.0,1,1.2,4,5.0,4,439.54,595035.0,146031616,false,cpu_limit
BF_BF23_h5s20n17.txt,BBLCT,20,5,80,32,600.0,1,1.2,1,1.2,0,0.00,595031.1,133700608,false,cpu_limit
BF_BF23_h5s20n18.txt,BBLCT,20,5,80,32,600.0,1,1.2,1,1.2,0,0.00,595036.6,154199040,false,cpu_limit
BF_BF23_h5s20n19.txt,BBLCT,20,5,80,32,600.0,2,2.5,4,5.0,6,566.47,595032.4,144752640,false,cpu_limit
BF_BF23_h5s20n2.txt,BBLCT,20,5,80,32,600.0,1,1.2,1,1.2,0,0.00,595036.3,168284160,false,cpu_limit
BF_BF23_h5s20n20.txt,BBLCT,20,5,80,32,600.0,0,0.0,2,2.5,6,599.94,595038.6,139607040,false,cpu_limit
BF_BF23_h5s20n3.txt,BBLCT,20,5,80,32,600.0,0,0.0,3,3.8,5,452.01,595039.5,146732032,false,cpu_limit
BF_BF23_h5s20n4.txt,BBLCT,20,5,80,32,600.0,2,2.5,6,7.5,5,511.41,595036.0,145807360,false,cpu_limit
BF_BF23_h5s20n5.txt,BBLCT,20,5,80,32,600.0,1,1.2,4,5.0,5,428.45,595032.6,141990912,false,cpu_limit
BF_BF23_h5s20n6.txt,BBLCT,20,5,80,32,600.0,1,1.2,3,3.8,5,494.22,595044.3,142496768,false,cpu_limit
BF_BF23_h5s20n7.txt,BBLCT,20,5,80,32,600.0,0,0.0,1,1.2,3,290.71,595033.6,144813056,false,cpu_limit
BF_BF23_h5s20n8.txt,BBLCT,20,5,80,32,600.0,1,1.2,3,3.8,4,395.71,595032.6,158439424,false,cpu_limit
BF_BF23_h5s20n9.txt,BBLCT,20,5,80,32,600.0,1,1.2,2,2.5,5,464.17,595032.3,150078464,false,cpu_limit
BF_BF24_h5s20n1.txt,BBLCT,20,5,80,32,600.0,1,1.2,2,2.5,4,403.30,595035.6,157555712,false,cpu_limit
BF_BF24_h5s20n10.txt,BBLCT,20,5,80,32,600.0,0,0.0,1,1.2,2,238.76,595034.0,185407488,false,cpu_limit
BF_BF24_h5s20n11.txt,BBLCT,20,5,80,32,600.0,0,0.0,0,0.0,0,0.00,595031.9,178756608,false,cpu_limit
BF_BF24_h5s20n12.txt,BBLCT,20,5,80,32,600.0,0,0.0,2,2.5,4,501.09,595031.7,197349376,false,cpu_limit
BF_BF24_h5s20n13.txt,BBLCT,20,5,80,32,600.0,0,0.0,1,1.2,5,588.35,595031.2,148498432,false,cpu_limit
BF_BF24_h5s20n14.txt,BBLCT,20,5,80,32,600.0,0,0.0,2,2.5,5,489.08,595033.8,167984128,false,cpu_limit
BF_BF24_h5s20n15.txt,BBLCT,20,5,80,32,600.0,0,0.0,3,3.8,5,539.06,595034.1,187216896,false,cpu_limit
BF_BF24_h5s20n16.txt,BBLCT,20,5,80,32,600.0,1,1.2,3,3.8,5,482.02,595031.5,196862976,false,cpu_limit
BF_BF24_h5s20n17.txt,BBLCT,20,5,80,32,600.0,1,1.2,7,8.8,6,581.95,595030.2,175685632,false,cpu_limit
BF_BF24_h5s20n18.txt,BBLCT,20,5,80,32,600.0,0,0.0,1,1.2,5,521.61,595032.3,178989056,false,cpu_limit
BF_BF24_h5s20n19.txt,BBLCT,20,5,80,32,600.0,0,0.0,2,2.5,4,405.36,595029.1,178427904,false,cpu_limit
BF_BF24_h5s20n2.txt,BBLCT,20,5,80,32,600.0,0,0.0,2,2.5,5,450.43,595037.2,171369472,false,cpu_limit
BF_BF24_h5s20n20.txt,BBLCT,20,5,80,32,600.0,0,0.0,6,7.5,6,594.95,595032.0,190572544,false,cpu_limit
BF_BF24_h5s20n3.txt,BBLCT,20,5,80,32,600.0,2,2.5,3,3.8,3,354.11,595038.8,187844608,false,cpu_limit
BF_BF24_h5s20n4.txt,BBLCT,20,5,80,32,600.0,1,1.2,1,1.2,0,0.00,595029.3,173320192,false,cpu_limit
BF_BF24_h5s20n5.txt,BBLCT,20,5,80,32,600.0,0,0.0,4,5.0,5,590.96,595030.5,192088064,false,cpu_limit
BF_BF24_h5s20n6.txt,BBLCT,20,5,80,32,600.0,0,0.0,1,1.2,3,261.56,595030.5,186828800,false,cpu_limit
BF_BF24_h5s20n7.txt,BBLCT,20,5,80,32,600.0,0,0.0,1,1.2,4,369.20,595032.2,157332480,false,cpu_limit
BF_BF24_h5s20n8.txt,BBLCT,20,5,80,32,600.0,0,0.0,1,1.2,5,597.08,595029.1,190603264,false,cpu_limit
BF_BF24_h5s20n9.txt,BBLCT,20,5,80,32,600.0,1,1.2,3,3.8,4,447.95,595027.1,184548352,false,cpu_limit
BF_BF25_h8s20n1.txt,BBLCT,20,8,96,20,600.0,1,1.0,3,3.1,5,552.77,595029.8,106686464,false,cpu_limit
BF_BF25_h8s20n10.txt,BBLCT,20,8,96,20,600.0,1,1.0,2,2.1,2,279.11,595034.1,106017792,false,cpu_limit
BF_BF25_h8s20n11.txt,BBLCT,20,8,96,20,600.0,3,3.1,4,4.2,3,404.30,595031.9,101391360,false,cpu_limit
BF_BF25_h8s20n12.txt,BBLCT,20,8,96,20,600.0,1,1.0,3,3.1,4,434.12,595030.6,109036544,false,cpu_limit
BF_BF25_h8s20n13.txt,BBLCT,20,8,96,20,600.0,1,1.0,3,3.1,4,430.12,595034.0,107039744,false,cpu_limit
BF_BF25_h8s20n14.txt,BBLCT,20,8,96,20,600.0,2,2.1,3,3.1,2,285.52,595029.5,104202240,false,cpu_limit
BF_BF25_h8s20n15.txt,BBLCT,20,8,96,20,600.0,1,1.0,3,3.1,4,520.59,595030.2,104023040,false,cpu_limit
BF_BF25_h8s20n16.txt,BBLCT,20,8,96,20,600.0,1,1.0,3,3.1,4,525.79,595036.4,99609600,false,cpu_limit
BF_BF25_h8s20n17.txt,BBLCT,20,8,96,20,600.0,0,0.0,2,2.1,3,370.42,595036.7,111651840,false,cpu_limit
BF_BF25_h8s20n18.txt,BBLCT,20,8,96,20,600.0,2,2.1,4,4.2,4,427.37,595032.3,102452224,false,cpu_limit
BF_BF25_h8s20n19.txt,BBLCT,20,8,96,20,600.0,2,2.1,4,4.2,4,446.26,595033.1,106188800,false,cpu_limit
BF_BF25_h8s20n2.txt,BBLCT,20,8,96,20,600.0,1,1.0,3,3.1,5,575.39,595040.1,100602880,false,cpu_limit
BF_BF25_h8s20n20.txt,BBLCT,20,8,96,20,600.0,1,1.0,3,3.1,4,562.89,595034.9,105039872,false,cpu_limit
BF_BF25_h8s20n3.txt,BBLCT,20,8,96,20,600.0,1,1.0,3,3.1,4,553.32,595034.3,102024192,false,cpu_limit
BF_BF25_h8s20n4.txt,BBLCT,20,8,96,20,600.0,1,1.0,3,3.1,4,452.01,595033.0,103846912,false,cpu_limit
BF_BF25_h8s20n5.txt,BBLCT,20,8,96,20,600.0,1,1.0,3,3.1,3,419.02,595038.2,104768512,false,cpu_limit
BF_BF25_h8s20n6.txt,BBLCT,20,8,96,20,600.0,0,0.0,3,3.1,6,576.44,595043.0,104626176,false,cpu_limit
BF_BF25_h8s20n7.txt,BBLCT,20,8,96,20,600.0,0,0.0,2,2.1,3,337.99,595036.6,99367936,false,cpu_limit
BF_BF25_h8s20n8.txt,BBLCT,20,8,96,20,600.0,3,3.1,7,7.3,4,525.44,595033.8,100391936,false,cpu_limit
BF_BF25_h8s20n9.txt,BBLCT,20,8,96,20,600.0,1,1.0,3,3.1,3,378.53,595036.2,105807872,false,cpu_limit
BF_BF26_h8s20n1.txt,BBLCT,20,8,96,20,600.0,1,1.0,2,2.1,4,349.03,595032.2,140677120,false,cpu_limit
BF_BF26_h8s20n10.txt,BBLCT,20,8,96,20,600.0,1,1.0,3,3.1,5,471.65,595031.1,106677248,false,cpu_limit
BF_BF26_h8s20n11.txt,BBLCT,20,8,96,20,600.0,2,2.1,3,3.1,3,308.48,595038.6,119650304,false,cpu_limit
BF_BF26_h8s20n12.txt,BBLCT,20,8,96,20,600.0,0,0.0,2,2.1,4,489.59,595029.0,128219136,false,cpu_limit
BF_BF26_h8s20n13.txt,BBLCT,20,8,96,20,600.0,0,0.0,3,3.1,5,587.56,595039.7,122634240,false,cpu_limit
BF_BF26_h8s20n14.txt,BBLCT,20,8,96,20,600.0,0,0.0,2,2.1,3,311.57,595032.3,147424256,false,cpu_limit
BF_BF26_h8s20n15.txt,BBLCT,20,8,96,20,600.0,0,0.0,2,2.1,4,489.31,595031.5,129495040,false,cpu_limit
BF_BF26_h8s20n16.txt,BBLCT,20,8,96,20,600.0,0,0.0,2,2.1,3,350.38,595029.2,125911040,false,cpu_limit
BF_BF26_h8s20n17.txt,BBLCT,20,8,96,20,600.0,0,0.0,2,2.1,4,401.61,595033.4,103647232,false,cpu_limit
BF_BF26_h8s20n18.txt,BBLCT,20,8,96,20,600.0,1,1.0,3,3.1,5,493.89,595029.1,129244160,false,cpu_limit
BF_BF26_h8s20n19.txt,BBLCT,20,8,96,20,600.0,2,2.1,4,4.2,3,336.84,595030.0,113443840,false,cpu_limit
BF_BF26_h8s20n2.txt,BBLCT,20,8,96,20,600.0,2,2.1,4,4.2,4,412.92,595029.1,118135808,false,cpu_limit
BF_BF26_h8s20n20.txt,BBLCT,20,8,96,20,600.0,1,1.0,4,4.2,5,562.81,595031.5,118752256,false,cpu_limit
BF_BF26_h8s20n3.txt,BBLCT,20,8,96,20,600.0,2,2.1,3,3.1,3,311.59,595033.9,126294016,false,cpu_limit
BF_BF26_h8s20n4.txt,BBLCT,20,8,96,20,600.0,0,0.0,3,3.1,4,427.74,595037.1,112986112,false,cpu_limit
BF_BF26_h8s20n5.txt,BBLCT,20,8,96,20,600.0,1,1.0,2,2.1,4,439.72,595034.3,141218816,false,cpu_limit
BF_BF26_h8s20n6.txt,BBLCT,20,8,96,20,600.0,1,1.0,2,2.1,3,322.61,595036.2,124206080,false,cpu_limit
BF_BF26_h8s20n7.txt,BBLCT,20,8,96,20,600.0,1,1.0,3,3.1,5,540.22,595035.0,121691136,false,cpu_limit
BF_BF26_h8s20n8.txt,BBLCT,20,8,96,20,600.0,0,0.0,2,2.1,2,201.33,595039.3,121820160,false,cpu_limit
BF_BF26_h8s20n9.txt,BBLCT,20,8,96,20,600.0,1,1.0,2,2.1,3,283.00,595034.2,118575104,false,cpu_limit
BF_BF27_h8s20n1.txt,BBLCT,20,8,96,39,600.0,1,1.0,5,5.2,6,586.00,595034.1,102063104,false,cpu_limit
BF_BF27_h8s20n10.txt,BBLCT,20,8,96,39,600.0,0,0.0,2,2.1,3,372.51,595028.2,101535744,false,cpu_limit
BF_BF27_h8s20n11.txt,BBLCT,20,8,96,39,600.0,1,1.0,5,5.2,4,557.18,595025.6,98360320,false,cpu_limit
BF_BF27_h8s20n12.txt,BBLCT,20,8,96,39,600.0,0,0.0,1,1.0,4,362.87,595033.4,105689088,false,cpu_limit
BF_BF27_h8s20n13.txt,BBLCT,20,8,96,39,600.0,0,0.0,1,1.0,5,548.39,595037.0,104694784,false,cpu_limit
BF_BF27_h8s20n14.txt,BBLCT,20,8,96,39,600.0,2,2.1,4,4.2,5,502.35,595031.2,98830336,false,cpu_limit
BF_BF27_h8s20n15.txt,BBLCT,20,8,96,39,600.0,1,1.0,2,2.1,4,577.68,595038.5,109891584,false,cpu_limit
BF_BF27_h8s20n16.txt,BBLCT,20,8,96,39,600.0,0,0.0,3,3.1,5,544.74,595042.5,101322752,false,cpu_limit
BF_BF27_h8s20n17.txt,BBLCT,20,8,96,39,600.0,1,1.0,4,4.2,3,315.84,595040.7,102696960,false,cpu_limit
BF_BF27_h8s20n18.txt,BBLCT,20,8,96,39,600.0,0,0.0,2,2.1,3,443.94,595032.3,106324992,false,cpu_limit
BF_BF27_h8s20n19.txt,BBLCT,20,8,96,39,600.0,2,2.1,2,2.1,0,0.00,595032.2,108697600,false,cpu_limit
BF_BF27_h8s20n2.txt,BBLCT,20,8,96,39,600.0,1,1.0,3,3.1,3,403.60,595042.2,100224000,false,cpu_limit
BF_BF27_h8s20n20.txt,BBLCT,20,8,96,39,600.0,1,1.0,5,5.2,4,460.19,595028.0,108003328,false,cpu_limit
BF_BF27_h8s20n3.txt,BBLCT,20,8,96,39,600.0,0,0.0,1,1.0,4,522.12,595028.3,108084224,false,cpu_limit
BF_BF27_h8s20n4.txt,BBLCT,20,8,96,39,600.0,1,1.0,3,3.1,5,543.89,595031.4,104601600,false,cpu_limit
BF_BF27_h8s20n5.txt,BBLCT,20,8,96,39,600.0,2,2.1,3,3.1,4,577.68,595044.1,104586240,false,cpu_limit
BF_BF27_h8s20n6.txt,BBLCT,20,8,96,39,600.0,2,2.1,4,4.2,4,542.33,595031.7,105789440,false,cpu_limit
BF_BF27_h8s20n7.txt,BBLCT,20,8,96,39,600.0,0,0.0,4,4.2,4,518.76,595031.6,97858560,false,cpu_limit
BF_BF27_h8s20n8.txt,BBLCT,20,8,96,39,600.0,1,1.0,1,1.0,0,0.00,595033.2,102329344,false,cpu_limit
BF_BF27_h8s20n9.txt,BBLCT,20,8,96,39,600.0,0,0.0,4,4.2,4,554.34,595042.4,106749952,false,cpu_limit
BF_BF28_h8s20n1.txt,BBLCT,20,8,96,39,600.0,1,1.0,4,4.2,2,289.30,595028.6,128083968,false,cpu_limit
BF_BF28_h8s20n10.txt,BBLCT,20,8,96,39,600.0,1,1.0,2,2.1,3,328.47,595030.5,108896256,false,cpu_limit
BF_BF28_h8s20n11.txt,BBLCT,20,8,96,39,600.0,1,1.0,3,3.1,5,493.84,595029.9,132421632,false,cpu_limit
BF_BF28_h8s20n12.txt,BBLCT,20,8,96,39,600.0,0,0.0,2,2.1,4,550.85,595031.3,131301376,false,cpu_limit
BF_BF28_h8s20n13.txt,BBLCT,20,8,96,39,600.0,1,1.0,2,2.1,5,556.07,595032.1,114737152,false,cpu_limit
BF_BF28_h8s20n14.txt,BBLCT,20,8,96,39,600.0,1,1.0,2,2.1,4,421.99,595033.8,119881728,false,cpu_limit
BF_BF28_h8s20n15.txt,BBLCT,20,8,96,39,600.0,0,0.0,1,1.0,4,474.10,595035.2,119952384,false,cpu_limit
BF_BF28_h8s20n16.txt,BBLCT,20,8,96,39,600.0,1,1.0,2,2.1,2,226.55,595032.3,119257088,false,cpu_limit
BF_BF28_h8s20n17.txt,BBLCT,20,8,96,39,600.0,1,1.0,3,3.1,4,590.29,595030.3,115494912,false,cpu_limit
BF_BF28_h8s20n18.txt,BBLCT,20,8,96,39,600.0,0,0.0,1,1.0,4,500.69,595031.4,125051904,false,cpu_limit
BF_BF28_h8s20n19.txt,BBLCT,20,8,96,39,600.0,0,0.0,2,2.1,6,553.61,595033.8,119705600,false,cpu_limit
BF_BF28_h8s20n2.txt,BBLCT,20,8,96,39,600.0,0,0.0,2,2.1,5,521.83,595029.4,125309952,false,cpu_limit
BF_BF28_h8s20n20.txt,BBLCT,20,8,96,39,600.0,0,0.0,1,1.0,2,321.38,595033.4,112666624,false,cpu_limit
BF_BF28_h8s20n3.txt,BBLCT,20,8,96,39,600.0,0,0.0,1,1.0,5,425.62,595041.8,119396352,false,cpu_limit
BF_BF28_h8s20n4.txt,BBLCT,20,8,96,39,600.0,0,0.0,1,1.0,3,306.04,595027.6,138814464,false,cpu_limit
BF_BF28_h8s20n5.txt,BBLCT,20,8,96,39,600.0,0,0.0,1,1.0,5,562.62,595036.7,116690944,false,cpu_limit
BF_BF28_h8s20n6.txt,BBLCT,20,8,96,39,600.0,0,0.0,2,2.1,4,416.54,595036.5,104504320,false,cpu_limit
BF_BF28_h8s20n7.txt,BBLCT,20,8,96,39,600.0,0,0.0,1,1.0,3,329.77,595034.5,111376384,false,cpu_limit
BF_BF28_h8s20n8.txt,BBLCT,20,8,96,39,600.0,0,0.0,1,1.0,2,215.05,595040.8,128025600,false,cpu_limit
BF_BF28_h8s20n9.txt,BBLCT,20,8,96,39,600.0,0,0.0,1,1.0,2,240.82,595033.5,116470784,false,cpu_limit
BF_BF29_h8s20n1.txt,BBLCT,20,8,128,26,600.0,1,0.8,3,2.3,4,444.69,595028.9,123109376,false,cpu_limit
BF_BF29_h8s20n10.txt,BBLCT,20,8,128,26,600.0,0,0.0,2,1.6,5,495.82,595037.0,131879936,false,cpu_limit
BF_BF29_h8s20n11.txt,BBLCT,20,8,128,26,600.0,1,0.8,2,1.6,5,516.64,595035.7,115521536,false,cpu_limit
BF_BF29_h8s20n12.txt,BBLCT,20,8,128,26,600.0,0,0.0,2,1.6,5,448.86,595034.3,128060416,false,cpu_limit
BF_BF29_h8s20n13.txt,BBLCT,20,8,128,26,600.0,1,0.8,3,2.3,4,362.90,595034.3,118953984,false,cpu_limit
BF_BF29_h8s20n14.txt,BBLCT,20,8,128,26,600.0,1,0.8,2,1.6,3,351.82,595037.1,127712256,false,cpu_limit
BF_BF29_h8s20n15.txt,BBLCT,20,8,128,26,600.0,2,1.6,3,2.3,3,356.93,595034.1,125134848,false,cpu_limit
BF_BF29_h8s20n16.txt,BBLCT,20,8,128,26,600.0,0,0.0,2,1.6,5,496.97,595030.5,128420864,false,cpu_limit
BF_BF29_h8s20n17.txt,BBLCT,20,8,128,26,600.0,0,0.0,1,0.8,4,418.71,595032.2,117532672,false,cpu_limit
BF_BF29_h8s20n18.txt,BBLCT,20,8,128,26,600.0,2,1.6,3,2.3,3,317.79,595033.2,115595264,false,cpu_limit
BF_BF29_h8s20n19.txt,BBLCT,20,8,128,26,600.0,2,1.6,3,2.3,6,548.78,595029.6,113059840,false,cpu_limit
BF_BF29_h8s20n2.txt,BBLCT,20,8,128,26,600.0,0,0.0,1,0.8,5,495.37,595034.0,115630080,false,cpu_limit
BF_BF29_h8s20n20.txt,BBLCT,20,8,128,26,600.0,0,0.0,1,0.8,3,362.58,595031.0,125842432,false,cpu_limit
BF_BF29_h8s20n3.txt,BBLCT,20,8,128,26,600.0,0,0.0,1,0.8,3,343.90,595027.3,121163776,false,cpu_limit
BF_BF29_h8s20n4.txt,BBLCT,20,8,128,26,600.0,2,1.6,4,3.1,4,414.49,595030.4,127333376,false,cpu_limit
BF_BF29_h8s20n5.txt,BBLCT,20,8,128,26,600.0,2,1.6,4,3.1,6,578.89,595032.3,116208640,false,cpu_limit
BF_BF29_h8s20n6.txt,BBLCT,20,8,128,26,600.0,0,0.0,2,1.6,4,470.70,595030.6,126397440,false,cpu_limit
BF_BF29_h8s20n7.txt,BBLCT,20,8,128,26,600.0,0,0.0,2,1.6,5,527.47,595031.4,130012160,false,cpu_limit
BF_BF29_h8s20n8.txt,BBLCT,20,8,128,26,600.0,1,0.8,2,1.6,4,409.74,595034.0,120330240,false,cpu_limit
BF_BF29_h8s20n9.txt,BBLCT,20,8,128,26,600.0,2,1.6,3,2.3,6,522.13,595037.9,117509120,false,cpu_limit
BF_BF2_h5s16n1.txt,BBLCT,16,5,48,10,600.0,1,2.1,4,8.3,5,463.56,595032.9,224924672,false,cpu_limit
BF_BF2_h5s16n10.txt,BBLCT,16,5,48,10,600.0,2,4.2,4,8.3,4,361.79,595039.8,238727168,false,cpu_limit
BF_BF2_h5s16n11.txt,BBLCT,16,5,48,10,600.0,2,4.2,4,8.3,4,416.44,595029.1,224612352,false,cpu_limit
BF_BF2_h5s16n12.txt,BBLCT,16,5,48,10,600.0,1,2.1,3,6.2,5,517.44,595031.7,226664448,false,cpu_limit
BF_BF2_h5s16n13.txt,BBLCT,16,5,48,10,600.0,1,2.1,3,6.2,4,408.36,595030.8,235186176,false,cpu_limit
BF_BF2_h5s16n14.txt,BBLCT,16,5,48,10,600.0,1,2.1,3,6.2,4,367.28,595027.5,223809536,false,cpu_limit
BF_BF2_h5s16n15.txt,BBLCT,16,5,48,10,600.0,1,2.1,2,4.2,3,340.33,595027.3,233401344,false,cpu_limit
BF_BF2_h5s16n16.txt,BBLCT,16,5,48,10,600.0,0,0.0,3,6.2,4,365.19,595032.8,236577792,false,cpu_limit
BF_BF2_h5s16n17.txt,BBLCT,16,5,48,10,600.0,2,4.2,5,10.4,5,533.79,595033.9,219492352,false,cpu_limit
BF_BF2_h5s16n18.txt,BBLCT,16,5,48,10,600.0,1,2.1,3,6.2,4,408.62,595029.9,228925440,false,cpu_limit
BF_BF2_h5s16n19.txt,BBLCT,16,5,48,10,600.0,0,0.0,4,8.3,4,447.64,595037.0,239681536,false,cpu_limit
BF_BF2_h5s16n2.txt,BBLCT,16,5,48,10,600.0,1,2.1,3,6.2,4,327.61,595031.0,215188480,false,cpu_limit
BF_BF2_h5s16n20.txt,BBLCT,16,5,48,10,600.0,1,2.1,5,10.4,5,475.71,595033.0,216735744,false,cpu_limit
BF_BF2_h5s16n3.txt,BBLCT,16,5,48,10,600.0,1,2.1,3,6.2,5,498.16,595040.4,235161600,false,cpu_limit
BF_BF2_h5s16n4.txt,BBLCT,16,5,48,10,600.0,2,4.2,4,8.3,5,468.19,595032.7,229419008,false,cpu_limit
BF_BF2_h5s16n5.txt,BBLCT,16,5,48,10,600.0,1,2.1,5,10.4,2,184.88,595032.5,230364160,false,cpu_limit
BF_BF2_h5s16n6.txt,BBLCT,16,5,48,10,600.0,1,2.1,3,6.2,5,550.63,595032.0,223321088,false,cpu_limit
BF_BF2_h5s16n7.txt,BBLCT,16,5,48,10,600.0,4,8.3,7,14.6,5,468.93,595033.3,239085568,false,cpu_limit
BF_BF2_h5s16n8.txt,BBLCT,16,5,48,10,600.0,0,0.0,3,6.2,5,484.65,595033.2,233280512,false,cpu_limit
BF_BF2_h5s16n9.txt,BBLCT,16,5,48,10,600.0,1,2.1,4,8.3,5,506.14,595029.8,228079616,false,cpu_limit
BF_BF30_h8s20n1.txt,BBLCT,20,8,128,26,600.0,1,0.8,3,2.3,5,446.52,595031.3,130966528,false,cpu_limit
BF_BF30_h8s20n10.txt,BBLCT,20,8,128,26,600.0,0,0.0,2,1.6,4,389.83,595030.0,118096896,false,cpu_limit
BF_BF30_h8s20n11.txt,BBLCT,20,8,128,26,600.0,2,1.6,3,2.3,3,330.25,595030.7,140942336,false,cpu_limit
BF_BF30_h8s20n12.txt,BBLCT,20,8,128,26,600.0,0,0.0,1,0.8,5,528.52,595035.0,145000448,false,cpu_limit
BF_BF30_h8s20n13.txt,BBLCT,20,8,128,26,600.0,1,0.8,3,2.3,5,502.81,595026.9,129854464,false,cpu_limit
BF_BF30_h8s20n14.txt,BBLCT,20,8,128,26,600.0,1,0.8,1,0.8,0,0.00,595038.2,134156288,false,cpu_limit
BF_BF30_h8s20n15.txt,BBLCT,20,8,128,26,600.0,1,0.8,1,0.8,0,0.00,595034.5,120154112,false,cpu_limit
BF_BF30_h8s20n16.txt,BBLCT,20,8,128,26,600.0,1,0.8,3,2.3,7,590.88,595032.3,119070720,false,cpu_limit
BF_BF30_h8s20n17.txt,BBLCT,20,8,128,26,600.0,1,0.8,2,1.6,4,373.64,595038.0,138578944,false,cpu_limit
BF_BF30_h8s20n18.txt,BBLCT,20,8,128,26,600.0,1,0.8,1,0.8,0,0.00,595036.8,138359808,false,cpu_limit
BF_BF30_h8s20n19.txt,BBLCT,20,8,128,26,600.0,0,0.0,2,1.6,3,303.79,595034.6,133244928,false,cpu_limit
BF_BF30_h8s20n2.txt,BBLCT,20,8,128,26,600.0,1,0.8,2,1.6,4,418.39,595038.5,124139520,false,cpu_limit
BF_BF30_h8s20n20.txt,BBLCT,20,8,128,26,600.0,2,1.6,3,2.3,4,523.22,595037.0,124142592,false,cpu_limit
BF_BF30_h8s20n3.txt,BBLCT,20,8,128,26,600.0,1,0.8,3,2.3,5,491.89,595031.3,136880128,false,cpu_limit
BF_BF30_h8s20n4.txt,BBLCT,20,8,128,26,600.0,1,0.8,3,2.3,5,506.60,595035.0,128969728,false,cpu_limit
BF_BF30_h8s20n5.txt,BBLCT,20,8,128,26,600.0,1,0.8,2,1.6,3,295.84,595032.0,133937152,false,cpu_limit
BF_BF30_h8s20n6.txt,BBLCT,20,8,128,26,600.0,0,0.0,2,1.6,4,414.41,595034.2,145827840,false,cpu_limit
BF_BF30_h8s20n7.txt,BBLCT,20,8,128,26,600.0,2,1.6,2,1.6,0,0.00,595030.4,132413440,false,cpu_limit
BF_BF30_h8s20n8.txt,BBLCT,20,8,128,26,600.0,1,0.8,2,1.6,5,510.27,595031.4,131948544,false,cpu_limit
BF_BF30_h8s20n9.txt,BBLCT,20,8,128,26,600.0,3,2.3,4,3.1,3,328.36,595033.4,133193728,false,cpu_limit
BF_BF31_h8s20n1.txt,BBLCT,20,8,128,52,600.0,0,0.0,0,0.0,0,0.00,595026.1,115745792,false,cpu_limit
BF_BF31_h8s20n10.txt,BBLCT,20,8,128,52,600.0,0,0.0,1,0.8,3,337.53,595032.1,114865152,false,cpu_limit
BF_BF31_h8s20n11.txt,BBLCT,20,8,128,52,600.0,0,0.0,1,0.8,3,340.05,595039.8,117660672,false,cpu_limit
BF_BF31_h8s20n12.txt,BBLCT,20,8,128,52,600.0,1,0.8,2,1.6,3,293.24,595033.2,109616128,false,cpu_limit
BF_BF31_h8s20n13.txt,BBLCT,20,8,128,52,600.0,1,0.8,2,1.6,4,428.26,595047.1,123634688,false,cpu_limit
BF_BF31_h8s20n14.txt,BBLCT,20,8,128,52,600.0,0,0.0,1,0.8,5,509.28,595040.4,126968832,false,cpu_limit
BF_BF31_h8s20n15.txt,BBLCT,20,8,128,52,600.0,0,0.0,5,3.9,6,586.86,595038.3,120113152,false,cpu_limit
BF_BF31_h8s20n16.txt,BBLCT,20,8,128,52,600.0,2,1.6,3,2.3,5,487.08,595038.2,126645248,false,cpu_limit
BF_BF31_h8s20n17.txt,BBLCT,20,8,128,52,600.0,0,0.0,1,0.8,4,390.47,595034.5,122901504,false,cpu_limit
BF_BF31_h8s20n18.txt,BBLCT,20,8,128,52,600.0,0,0.0,1,0.8,4,408.81,595036.0,122661888,false,cpu_limit
BF_BF31_h8s20n19.txt,BBLCT,20,8,128,52,600.0,0,0.0,1,0.8,5,534.33,595033.2,116379648,false,cpu_limit
BF_BF31_h8s20n2.txt,BBLCT,20,8,128,52,600.0,3,2.3,3,2.3,0,0.00,595038.4,109494272,false,cpu_limit
BF_BF31_h8s20n20.txt,BBLCT,20,8,128,52,600.0,0,0.0,1,0.8,4,437.01,595033.7,127784960,false,cpu_limit
BF_BF31_h8s20n3.txt,BBLCT,20,8,128,52,600.0,3,2.3,4,3.1,4,427.63,595027.0,114448384,false,cpu_limit
BF_BF31_h8s20n4.txt,BBLCT,20,8,128,52,600.0,2,1.6,3,2.3,4,492.20,595026.9,114368512,false,cpu_limit
BF_BF31_h8s20n5.txt,BBLCT,20,8,128,52,600.0,0,0.0,2,1.6,6,496.22,595029.5,126800896,false,cpu_limit
BF_BF31_h8s20n6.txt,BBLCT,20,8,128,52,600.0,1,0.8,1,0.8,0,0.00,595038.2,125231104,false,cpu_limit
BF_BF31_h8s20n7.txt,BBLCT,20,8,128,52,600.0,0,0.0,2,1.6,6,587.70,595030.4,120639488,false,cpu_limit
BF_BF31_h8s20n8.txt,BBLCT,20,8,128,52,600.0,0,0.0,1,0.8,4,405.71,595031.7,122672128,false,cpu_limit
BF_BF31_h8s20n9.txt,BBLCT,20,8,128,52,600.0,1,0.8,4,3.1,5,529.51,595033.8,117373952,false,cpu_limit
BF_BF32_h8s20n1.txt,BBLCT,20,8,128,52,600.0,0,0.0,1,0.8,4,373.75,595033.1,149909504,false,cpu_limit
BF_BF32_h8s20n10.txt,BBLCT,20,8,128,52,600.0,0,0.0,1,0.8,4,429.73,595029.8,148533248,false,cpu_limit
BF_BF32_h8s20n11.txt,BBLCT,20,8,128,52,600.0,0,0.0,1,0.8,5,488.75,595030.3,151144448,false,cpu_limit
BF_BF32_h8s20n12.txt,BBLCT,20,8,128,52,600.0,1,0.8,1,0.8,0,0.00,595032.3,124837888,false,cpu_limit
BF_BF32_h8s20n13.txt,BBLCT,20,8,128,52,600.0,1,0.8,1,0.8,0,0.00,595033.2,125052928,false,cpu_limit
BF_BF32_h8s20n14.txt,BBLCT,20,8,128,52,600.0,0,0.0,0,0.0,0,0.00,595031.9,119375872,false,cpu_limit
BF_BF32_h8s20n15.txt,BBLCT,20,8,128,52,600.0,0,0.0,0,0.0,0,0.00,595035.9,134011904,false,cpu_limit
BF_BF32_h8s20n16.txt,BBLCT,20,8,128,52,600.0,1,0.8,2,1.6,4,407.53,595038.9,120631296,false,cpu_limit
BF_BF32_h8s20n17.txt,BBLCT,20,8,128,52,600.0,0,0.0,1,0.8,5,574.64,595033.6,112302080,false,cpu_limit
BF_BF32_h8s20n18.txt,BBLCT,20,8,128,52,600.0,0,0.0,1,0.8,4,344.20,595027.4,123941888,false,cpu_limit
BF_BF32_h8s20n19.txt,BBLCT,20,8,128,52,600.0,1,0.8,2,1.6,4,345.24,595041.4,128261120,false,cpu_limit
BF_BF32_h8s20n2.txt,BBLCT,20,8,128,52,600.0,0,0.0,2,1.6,4,421.23,595041.1,142103552,false,cpu_limit
BF_BF32_h8s20n20.txt,BBLCT,20,8,128,52,600.0,0,0.0,1,0.8,5,587.73,595035.3,143557632,false,cpu_limit
BF_BF32_h8s20n3.txt,BBLCT,20,8,128,52,600.0,1,0.8,2,1.6,5,468.25,595030.4,144155648,false,cpu_limit
BF_BF32_h8s20n4.txt,BBLCT,20,8,128,52,600.0,1,0.8,2,1.6,5,501.99,595034.1,119757824,false,cpu_limit
BF_BF32_h8s20n5.txt,BBLCT,20,8,128,52,600.0,0,0.0,1,0.8,5,479.09,595037.7,134599680,false,cpu_limit
BF_BF32_h8s20n6.txt,BBLCT,20,8,128,52,600.0,0,0.0,3,2.3,4,439.61,595033.8,125488128,false,cpu_limit
BF_BF32_h8s20n7.txt,BBLCT,20,8,128,52,600.0,0,0.0,2,1.6,4,371.57,595048.7,129431552,false,cpu_limit
BF_BF32_h8s20n8.txt,BBLCT,20,8,128,52,600.0,0,0.0,1,0.8,3,268.06,595045.6,137818112,false,cpu_limit
BF_BF32_h8s20n9.txt,BBLCT,20,8,128,52,600.0,0,0.0,1,0.8,5,551.05,595040.5,124233728,false,cpu_limit
BF_BF3_h5s16n1.txt,BBLCT,16,5,48,20,600.0,1,2.1,2,4.2,2,221.31,595034.4,219123712,false,cpu_limit
BF_BF3_h5s16n10.txt,BBLCT,16,5,48,20,600.0,1,2.1,5,10.4,6,567.71,595040.9,189750272,false,cpu_limit
BF_BF3_h5s16n11.txt,BBLCT,16,5,48,20,600.0,0,0.0,2,4.2,5,466.23,595034.1,194902016,false,cpu_limit
BF_BF3_h5s16n12.txt,BBLCT,16,5,48,20,600.0,1,2.1,2,4.2,4,414.85,595033.3,188685312,false,cpu_limit
BF_BF3_h5s16n13.txt,BBLCT,16,5,48,20,600.0,1,2.1,2,4.2,3,367.24,595035.2,209019904,false,cpu_limit
BF_BF3_h5s16n14.txt,BBLCT,16,5,48,20,600.0,2,4.2,6,12.5,5,429.95,595029.1,169779200,false,cpu_limit
BF_BF3_h5s16n15.txt,BBLCT,16,5,48,20,600.0,0,0.0,1,2.1,3,320.25,595025.8,201769984,false,cpu_limit
BF_BF3_h5s16n16.txt,BBLCT,16,5,48,20,600.0,1,2.1,2,4.2,4,353.78,595030.9,180247552,false,cpu_limit
BF_BF3_h5s16n17.txt,BBLCT,16,5,48,20,600.0,1,2.1,3,6.2,4,377.78,595039.4,184941568,false,cpu_limit
BF_BF3_h5s16n18.txt,BBLCT,16,5,48,20,600.0,2,4.2,4,8.3,5,510.07,595034.3,195235840,false,cpu_limit
BF_BF3_h5s16n19.txt,BBLCT,16,5,48,20,600.0,1,2.1,5,10.4,5,476.39,595027.3,166567936,false,cpu_limit
BF_BF3_h5s16n2.txt,BBLCT,16,5,48,20,600.0,0,0.0,4,8.3,5,534.86,595035.4,205229056,false,cpu_limit
BF_BF3_h5s16n20.txt,BBLCT,16,5,48,20,600.0,1,2.1,2,4.2,4,402.14,595034.3,204107776,false,cpu_limit
BF_BF3_h5s16n3.txt,BBLCT,16,5,48,20,600.0,2,4.2,5,10.4,5,523.76,595038.0,180139008,false,cpu_limit
BF_BF3_h5s16n4.txt,BBLCT,16,5,48,20,600.0,1,2.1,3,6.2,4,394.79,595032.0,206691328,false,cpu_limit
BF_BF3_h5s16n5.txt,BBLCT,16,5,48,20,600.0,1,2.1,4,8.3,4,351.09,595033.4,186072064,false,cpu_limit
BF_BF3_h5s16n6.txt,BBLCT,16,5,48,20,600.0,1,2.1,4,8.3,5,531.43,595033.4,196417536,false,cpu_limit
BF_BF3_h5s16n7.txt,BBLCT,16,5,48,20,600.0,1,2.1,3,6.2,5,506.44,595027.5,193899520,false,cpu_limit
BF_BF3_h5s16n8.txt,BBLCT,16,5,48,20,600.0,0,0.0,3,6.2,6,541.70,595029.0,200714240,false,cpu_limit
BF_BF3_h5s16n9.txt,BBLCT,16,5,48,20,600.0,1,2.1,3,6.2,5,575.30,595033.1,183171072,false,cpu_limit
BF_BF4_h5s16n1.txt,BBLCT,16,5,48,20,600.0,0,0.0,3,6.2,6,596.87,595030.3,238006272,false,cpu_limit
BF_BF4_h5s16n10.txt,BBLCT,16,5,48,20,600.0,0,0.0,3,6.2,5,488.65,595029.2,235443200,false,cpu_limit
BF_BF4_h5s16n11.txt,BBLCT,16,5,48,20,600.0,0,0.0,2,4.2,5,563.82,595035.2,232089600,false,cpu_limit
BF_BF4_h5s16n12.txt,BBLCT,16,5,48,20,600.0,0,0.0,2,4.2,4,439.36,595025.9,228393984,false,cpu_limit
BF_BF4_h5s16n13.txt,BBLCT,16,5,48,20,600.0,1,2.1,4,8.3,4,384.08,595028.7,229665792,false,cpu_limit
BF_BF4_h5s16n14.txt,BBLCT,16,5,48,20,600.0,1,2.1,7,14.6,5,530.40,595034.8,226350080,false,cpu_limit
BF_BF4_h5s16n15.txt,BBLCT,16,5,48,20,600.0,0,0.0,2,4.2,5,460.22,595026.4,240636928,false,cpu_limit
BF_BF4_h5s16n16.txt,BBLCT,16,5,48,20,600.0,1,2.1,4,8.3,4,407.02,595031.8,230509568,false,cpu_limit
BF_BF4_h5s16n17.txt,BBLCT,16,5,48,20,600.0,1,2.1,4,8.3,3,318.78,595038.6,230521856,false,cpu_limit
BF_BF4_h5s16n18.txt,BBLCT,16,5,48,20,600.0,1,2.1,4,8.3,5,545.10,595038.2,229053440,false,cpu_limit
BF_BF4_h5s16n19.txt,BBLCT,16,5,48,20,600.0,1,2.1,5,10.4,3,294.23,595035.5,222880768,false,cpu_limit
BF_BF4_h5s16n2.txt,BBLCT,16,5,48,20,600.0,1,2.1,4,8.3,5,484.85,595039.8,230360064,false,cpu_limit
BF_BF4_h5s16n20.txt,BBLCT,16,5,48,20,600.0,1,2.1,4,8.3,5,540.07,595039.6,220225536,false,cpu_limit
BF_BF4_h5s16n3.txt,BBLCT,16,5,48,20,600.0,0,0.0,3,6.2,6,543.99,595030.3,232062976,false,cpu_limit
BF_BF4_h5s16n4.txt,BBLCT,16,5,48,20,600.0,0,0.0,1,2.1,2,208.01,595030.4,231627776,false,cpu_limit
BF_BF4_h5s16n5.txt,BBLCT,16,5,48,20,600.0,0,0.0,1,2.1,4,477.41,595028.9,218905600,false,cpu_limit
BF_BF4_h5s16n6.txt,BBLCT,16,5,48,20,600.0,2,4.2,4,8.3,5,534.10,595029.3,227025920,false,cpu_limit
BF_BF4_h5s16n7.txt,BBLCT,16,5,48,20,600.0,0,0.0,3,6.2,5,544.07,595030.7,238353408,false,cpu_limit
BF_BF4_h5s16n8.txt,BBLCT,16,5,48,20,600.0,0,0.0,1,2.1,3,327.92,595027.4,212033536,false,cpu_limit
BF_BF4_h5s16n9.txt,BBLCT,16,5,48,20,600.0,0,0.0,1,2.1,2,204.40,595028.9,226655232,false,cpu_limit
BF_BF5_h5s16n1.txt,BBLCT,16,5,64,13,600.0,1,1.6,3,4.7,5,525.82,595031.1,200398848,false,cpu_limit
BF_BF5_h5s16n10.txt,BBLCT,16,5,64,13,600.0,1,1.6,8,12.5,6,527.20,595026.9,228731904,false,cpu_limit
BF_BF5_h5s16n11.txt,BBLCT,16,5,64,13,600.0,1,1.6,4,6.2,6,588.81,595029.8,210928640,false,cpu_limit
BF_BF5_h5s16n12.txt,BBLCT,16,5,64,13,600.0,1,1.6,6,9.4,6,542.22,595029.2,214233088,false,cpu_limit
BF_BF5_h5s16n13.txt,BBLCT,16,5,64,13,600.0,0,0.0,2,3.1,5,436.04,595041.7,208643072,false,cpu_limit
BF_BF5_h5s16n14.txt,BBLCT,16,5,64,13,600.0,2,3.1,4,6.2,6,544.76,595042.9,190942208,false,cpu_limit
BF_BF5_h5s16n15.txt,BBLCT,16,5,64,13,600.0,3,4.7,4,6.2,3,280.36,595029.5,209444864,false,cpu_limit
BF_BF5_h5s16n16.txt,BBLCT,16,5,64,13,600.0,1,1.6,3,4.7,5,481.89,595029.6,220995584,false,cpu_limit
BF_BF5_h5s16n17.txt,BBLCT,16,5,64,13,600.0,1,1.6,5,7.8,6,597.19,595027.7,210648064,false,cpu_limit
BF_BF5_h5s16n18.txt,BBLCT,16,5,64,13,600.0,1,1.6,3,4.7,6,584.47,595029.9,201850880,false,cpu_limit
BF_BF5_h5s16n19.txt,BBLCT,16,5,64,13,600.0,2,3.1,4,6.2,5,422.47,595028.0,235927552,false,cpu_limit
BF_BF5_h5s16n2.txt,BBLCT,16,5,64,13,600.0,1,1.6,2,3.1,4,346.10,595028.1,222488576,false,cpu_limit
BF_BF5_h5s16n20.txt,BBLCT,16,5,64,13,600.0,2,3.1,4,6.2,6,572.86,595028.4,212509696,false,cpu_limit
BF_BF5_h5s16n3.txt,BBLCT,16,5,64,13,600.0,2,3.1,7,10.9,5,485.80,595029.2,218050560,false,cpu_limit
BF_BF5_h5s16n4.txt,BBLCT,16,5,64,13,600.0,4,6.2,7,10.9,3,323.28,595026.1,219179008,false,cpu_limit
BF_BF5_h5s16n5.txt,BBLCT,16,5,64,13,600.0,1,1.6,3,4.7,4,371.47,595034.6,212760576,false,cpu_limit
BF_BF5_h5s16n6.txt,BBLCT,16,5,64,13,600.0,0,0.0,3,4.7,5,450.19,595034.7,192903168,false,cpu_limit
BF_BF5_h5s16n7.txt,BBLCT,16,5,64,13,600.0,0,0.0,3,4.7,6,553.63,595034.2,236200960,false,cpu_limit
BF_BF5_h5s16n8.txt,BBLCT,16,5,64,13,600.0,0,0.0,2,3.1,6,531.56,595036.8,200604672,false,cpu_limit
BF_BF5_h5s16n9.txt,BBLCT,16,5,64,13,600.0,1,1.6,6,9.4,6,527.88,595034.0,201880576,false,cpu_limit
BF_BF6_h5s16n1.txt,BBLCT,16,5,64,13,600.0,2,3.1,6,9.4,6,589.94,595026.5,243901440,false,cpu_limit
BF_BF6_h5s16n10.txt,BBLCT,16,5,64,13,600.0,1,1.6,2,3.1,3,332.26,595039.5,251201536,false,cpu_limit
BF_BF6_h5s16n11.txt,BBLCT,16,5,64,13,600.0,0,0.0,2,3.1,4,433.04,595034.2,249799680,false,cpu_limit
BF_BF6_h5s16n12.txt,BBLCT,16,5,64,13,600.0,0,0.0,2,3.1,2,200.80,595027.9,246322176,false,cpu_limit
BF_BF6_h5s16n13.txt,BBLCT,16,5,64,13,600.0,2,3.1,3,4.7,3,324.09,595037.2,249373696,false,cpu_limit
BF_BF6_h5s16n14.txt,BBLCT,16,5,64,13,600.0,1,1.6,3,4.7,5,459.65,595034.2,226692096,false,cpu_limit
BF_BF6_h5s16n15.txt,BBLCT,16,5,64,13,600.0,0,0.0,3,4.7,5,490.04,595027.2,240829440,false,cpu_limit
BF_BF6_h5s16n16.txt,BBLCT,16,5,64,13,600.0,2,3.1,8,12.5,6,557.28,595035.7,244352000,false,cpu_limit
BF_BF6_h5s16n17.txt,BBLCT,16,5,64,13,600.0,0,0.0,2,3.1,5,503.30,595033.8,244414464,false,cpu_limit
BF_BF6_h5s16n18.txt,BBLCT,16,5,64,13,600.0,0,0.0,2,3.1,4,387.19,595035.4,230732800,false,cpu_limit
BF_BF6_h5s16n19.txt,BBLCT,16,5,64,13,600.0,2,3.1,3,4.7,2,195.92,595032.9,240061440,false,cpu_limit
BF_BF6_h5s16n2.txt,BBLCT,16,5,64,13,600.0,1,1.6,3,4.7,4,403.68,595032.2,242995200,false,cpu_limit
BF_BF6_h5s16n20.txt,BBLCT,16,5,64,13,600.0,0,0.0,3,4.7,5,486.09,595038.1,250550272,false,cpu_limit
BF_BF6_h5s16n3.txt,BBLCT,16,5,64,13,600.0,2,3.1,3,4.7,3,301.95,595031.5,252534784,false,cpu_limit
BF_BF6_h5s16n4.txt,BBLCT,16,5,64,13,600.0,0,0.0,2,3.1,3,313.50,595029.0,235900928,false,cpu_limit
BF_BF6_h5s16n5.txt,BBLCT,16,5,64,13,600.0,2,3.1,4,6.2,5,514.86,595030.6,232732672,false,cpu_limit
BF_BF6_h5s16n6.txt,BBLCT,16,5,64,13,600.0,0,0.0,3,4.7,6,598.63,595033.6,250747904,false,cpu_limit
BF_BF6_h5s16n7.txt,BBLCT,16,5,64,13,600.0,0,0.0,3,4.7,4,396.95,595032.9,241356800,false,cpu_limit
BF_BF6_h5s16n8.txt,BBLCT,16,5,64,13,600.0,1,1.6,3,4.7,5,549.74,595029.2,253323264,false,cpu_limit
BF_BF6_h5s16n9.txt,BBLCT,16,5,64,13,600.0,5,7.8,6,9.4,3,307.36,595027.5,221692928,false,cpu_limit
BF_BF7_h5s16n1.txt,BBLCT,16,5,64,26,600.0,1,1.6,1,1.6,0,0.00,595028.2,201229312,false,cpu_limit
BF_BF7_h5s16n10.txt,BBLCT,16,5,64,26,600.0,2,3.1,3,4.7,3,259.66,595028.2,193351680,false,cpu_limit
BF_BF7_h5s16n11.txt,BBLCT,16,5,64,26,600.0,1,1.6,4,6.2,5,461.85,595033.8,210524160,false,cpu_limit
BF_BF7_h5s16n12.txt,BBLCT,16,5,64,26,600.0,1,1.6,1,1.6,0,0.00,595040.8,211248128,false,cpu_limit
BF_BF7_h5s16n13.txt,BBLCT,16,5,64,26,600.0,0,0.0,2,3.1,6,593.84,595035.4,201852928,false,cpu_limit
BF_BF7_h5s16n14.txt,BBLCT,16,5,64,26,600.0,1,1.6,2,3.1,4,347.74,595037.0,227755008,false,cpu_limit
BF_BF7_h5s16n15.txt,BBLCT,16,5,64,26,600.0,2,3.1,5,7.8,3,345.64,595035.4,210254848,false,cpu_limit
BF_BF7_h5s16n16.txt,BBLCT,16,5,64,26,600.0,1,1.6,2,3.1,2,174.35,595037.9,208423936,false,cpu_limit
BF_BF7_h5s16n17.txt,BBLCT,16,5,64,26,600.0,0,0.0,2,3.1,5,456.09,595035.4,193245184,false,cpu_limit
BF_BF7_h5s16n18.txt,BBLCT,16,5,64,26,600.0,3,4.7,4,6.2,6,590.16,595032.0,205843456,false,cpu_limit
BF_BF7_h5s16n19.txt,BBLCT,16,5,64,26,600.0,0,0.0,1,1.6,3,278.62,595036.9,200908800,false,cpu_limit
BF_BF7_h5s16n2.txt,BBLCT,16,5,64,26,600.0,1,1.6,4,6.2,6,590.05,595039.6,202322944,false,cpu_limit
BF_BF7_h5s16n20.txt,BBLCT,16,5,64,26,600.0,1,1.6,4,6.2,5,468.76,595036.3,220256256,false,cpu_limit
BF_BF7_h5s16n3.txt,BBLCT,16,5,64,26,600.0,1,1.6,2,3.1,2,235.80,595040.8,193440768,false,cpu_limit
BF_BF7_h5s16n4.txt,BBLCT,16,5,64,26,600.0,2,3.1,8,12.5,6,591.30,595032.2,228092928,false,cpu_limit
BF_BF7_h5s16n5.txt,BBLCT,16,5,64,26,600.0,0,0.0,1,1.6,3,274.03,595037.2,193686528,false,cpu_limit
BF_BF7_h5s16n6.txt,BBLCT,16,5,64,26,600.0,1,1.6,3,4.7,5,417.50,595028.4,196452352,false,cpu_limit
BF_BF7_h5s16n7.txt,BBLCT,16,5,64,26,600.0,1,1.6,2,3.1,6,598.31,595037.4,207412224,false,cpu_limit
BF_BF7_h5s16n8.txt,BBLCT,16,5,64,26,600.0,0,0.0,5,7.8,6,520.42,595039.5,203000832,false,cpu_limit
BF_BF7_h5s16n9.txt,BBLCT,16,5,64,26,600.0,0,0.0,5,7.8,5,487.28,595036.0,217508864,false,cpu_limit
BF_BF8_h5s16n1.txt,BBLCT,16,5,64,26,600.0,1,1.6,1,1.6,0,0.00,595034.7,226044928,false,cpu_limit
BF_BF8_h5s16n10.txt,BBLCT,16,5,64,26,600.0,0,0.0,2,3.1,5,490.79,595039.8,230886400,false,cpu_limit
BF_BF8_h5s16n11.txt,BBLCT,16,5,64,26,600.0,0,0.0,1,1.6,6,581.88,595036.8,218529792,false,cpu_limit
BF_BF8_h5s16n12.txt,BBLCT,16,5,64,26,600.0,0,0.0,1,1.6,4,374.55,595036.8,231516160,false,cpu_limit
BF_BF8_h5s16n13.txt,BBLCT,16,5,64,26,600.0,0,0.0,2,3.1,5,517.61,595040.4,242864128,false,cpu_limit
BF_BF8_h5s16n14.txt,BBLCT,16,5,64,26,600.0,0,0.0,1,1.6,2,246.16,595029.6,234867712,false,cpu_limit
BF_BF8_h5s16n15.txt,BBLCT,16,5,64,26,600.0,1,1.6,2,3.1,4,350.41,595035.8,241476608,false,cpu_limit
BF_BF8_h5s16n16.txt,BBLCT,16,5,64,26,600.0,1,1.6,2,3.1,3,344.16,595033.1,229494784,false,cpu_limit
BF_BF8_h5s16n17.txt,BBLCT,16,5,64,26,600.0,0,0.0,1,1.6,5,527.71,595029.0,231501824,false,cpu_limit
BF_BF8_h5s16n18.txt,BBLCT,16,5,64,26,600.0,1,1.6,5,7.8,6,594.43,595031.9,250125312,false,cpu_limit
BF_BF8_h5s16n19.txt,BBLCT,16,5,64,26,600.0,1,1.6,2,3.1,2,224.14,595034.4,224027648,false,cpu_limit
BF_BF8_h5s16n2.txt,BBLCT,16,5,64,26,600.0,0,0.0,4,6.2,6,553.29,595033.2,214562816,false,cpu_limit
BF_BF8_h5s16n20.txt,BBLCT,16,5,64,26,600.0,1,1.6,2,3.1,4,341.39,595035.0,241928192,false,cpu_limit
BF_BF8_h5s16n3.txt,BBLCT,16,5,64,26,600.0,1,1.6,2,3.1,5,542.22,595031.1,252035072,false,cpu_limit
BF_BF8_h5s16n4.txt,BBLCT,16,5,64,26,600.0,1,1.6,6,9.4,5,496.70,595033.8,243560448,false,cpu_limit
BF_BF8_h5s16n5.txt,BBLCT,16,5,64,26,600.0,1,1.6,1,1.6,0,0.00,595037.6,231900160,false,cpu_limit
BF_BF8_h5s16n6.txt,BBLCT,16,5,64,26,600.0,0,0.0,2,3.1,4,327.29,595039.5,218020864,false,cpu_limit
BF_BF8_h5s16n7.txt,BBLCT,16,5,64,26,600.0,2,3.1,4,6.2,6,596.16,595032.9,229919744,false,cpu_limit
BF_BF8_h5s16n8.txt,BBLCT,16,5,64,26,600.0,1,1.6,3,4.7,5,526.49,595031.5,239120384,false,cpu_limit
BF_BF8_h5s16n9.txt,BBLCT,16,5,64,26,600.0,1,1.6,2,3.1,3,306.81,595030.1,219906048,false,cpu_limit
BF_BF9_h8s16n1.txt,BBLCT,16,8,77,16,600.0,0,0.0,1,1.3,3,347.12,595038.3,157470720,false,cpu_limit
BF_BF9_h8s16n10.txt,BBLCT,16,8,77,16,600.0,1,1.3,2,2.6,3,382.91,595036.5,157169664,false,cpu_limit
BF_BF9_h8s16n11.txt,BBLCT,16,8,77,16,600.0,2,2.6,3,3.9,3,378.05,595033.2,163123200,false,cpu_limit
BF_BF9_h8s16n12.txt,BBLCT,16,8,77,16,600.0,1,1.3,2,2.6,3,414.51,595030.0,163181568,false,cpu_limit
BF_BF9_h8s16n13.txt,BBLCT,16,8,77,16,600.0,1,1.3,3,3.9,4,517.54,595036.1,157760512,false,cpu_limit
BF_BF9_h8s16n14.txt,BBLCT,16,8,77,16,600.0,2,2.6,3,3.9,4,439.40,595035.3,157146112,false,cpu_limit
BF_BF9_h8s16n15.txt,BBLCT,16,8,77,16,600.0,3,3.9,5,6.5,3,407.63,595035.7,159183872,false,cpu_limit
BF_BF9_h8s16n16.txt,BBLCT,16,8,77,16,600.0,1,1.3,3,3.9,4,518.67,595040.7,160730112,false,cpu_limit
BF_BF9_h8s16n17.txt,BBLCT,16,8,77,16,600.0,2,2.6,2,2.6,0,0.00,595036.8,157384704,false,cpu_limit
BF_BF9_h8s16n18.txt,BBLCT,16,8,77,16,600.0,3,3.9,4,5.2,3,250.08,595039.5,160358400,false,cpu_limit
BF_BF9_h8s16n19.txt,BBLCT,16,8,77,16,600.0,1,1.3,3,3.9,4,501.87,595027.8,156555264,false,cpu_limit
BF_BF9_h8s16n2.txt,BBLCT,16,8,77,16,600.0,1,1.3,2,2.6,2,217.95,595032.9,157017088,false,cpu_limit
BF_BF9_h8s16n20.txt,BBLCT,16,8,77,16,600.0,1,1.3,2,2.6,3,398.19,595034.7,155795456,false,cpu_limit
BF_BF9_h8s16n3.txt,BBLCT,16,8,77,16,600.0,1,1.3,2,2.6,3,350.32,595034.7,158974976,false,cpu_limit
BF_BF9_h8s16n4.txt,BBLCT,16,8,77,16,600.0,1,1.3,2,2.6,2,246.94,595027.2,158121984,false,cpu_limit
BF_BF9_h8s16n5.txt,BBLCT,16,8,77,16,600.0,3,3.9,3,3.9,0,0.00,595036.9,157275136,false,cpu_limit
BF_BF9_h8s16n6.txt,BBLCT,16,8,77,16,600.0,1,1.3,3,3.9,3,392.55,595036.1,166503424,false,cpu_limit
BF_BF9_h8s16n7.txt,BBLCT,16,8,77,16,600.0,1,1.3,4,5.2,4,500.66,595032.0,157033472,false,cpu_limit
BF_BF9_h8s16n8.txt,BBLCT,16,8,77,16,600.0,4,5.2,6,7.8,4,448.11,595030.8,158551040,false,cpu_limit
BF_BF9_h8s16n9.txt,BBLCT,16,8,77,16,600.0,1,1.3,4,5.2,3,368.76,595034.8,162197504,false,cpu_limit
BF_BF10_h8s16n1.txt,BBLCT,16,8,77,16,900.0,0,0.0,2,2.6,5,610.30,595040.0,168201216,false,cpu_limit
BF_BF10_h8s16n10.txt,BBLCT,16,8,77,16,900.0,2,2.6,5,6.5,7,886.92,595035.8,170631168,false,cpu_limit
BF_BF10_h8s16n11.txt,BBLCT,16,8,77,16,900.0,2,2.6,2,2.6,0,0.00,595032.8,178914304,false,cpu_limit
BF_BF10_h8s16n12.txt,BBLCT,16,8,77,16,900.0,1,1.3,5,6.5,7,795.19,595034.6,168329216,false,cpu_limit
BF_BF10_h8s16n13.txt,BBLCT,16,8,77,16,900.0,1,1.3,2,2.6,4,555.57,595042.8,206918656,false,cpu_limit
BF_BF10_h8s16n14.txt,BBLCT,16,8,77,16,900.0,1,1.3,4,5.2,8,864.90,595033.2,168137728,false,cpu_limit
BF_BF10_h8s16n15.txt,BBLCT,16,8,77,16,900.0,2,2.6,4,5.2,6,838.16,595040.3,168836096,false,cpu_limit
BF_BF10_h8s16n16.txt,BBLCT,16,8,77,16,900.0,0,0.0,2,2.6,5,683.20,595040.4,171453440,false,cpu_limit
BF_BF10_h8s16n17.txt,BBLCT,16,8,77,16,900.0,0,0.0,3,3.9,8,808.69,595035.3,166863872,false,cpu_limit
BF_BF10_h8s16n18.txt,BBLCT,16,8,77,16,900.0,1,1.3,2,2.6,4,536.28,595042.8,210455552,false,cpu_limit
BF_BF10_h8s16n19.txt,BBLCT,16,8,77,16,900.0,0,0.0,1,1.3,6,621.87,595033.9,182519808,false,cpu_limit
BF_BF10_h8s16n2.txt,BBLCT,16,8,77,16,900.0,2,2.6,3,3.9,7,772.25,595041.6,207001600,false,cpu_limit
BF_BF10_h8s16n20.txt,BBLCT,16,8,77,16,900.0,0,0.0,3,3.9,8,887.53,595041.4,177428480,false,cpu_limit
BF_BF10_h8s16n3.txt,BBLCT,16,8,77,16,900.0,2,2.6,7,9.1,7,817.43,595040.9,210837504,false,cpu_limit
BF_BF10_h8s16n4.txt,BBLCT,16,8,77,16,900.0,0,0.0,3,3.9,7,864.95,595044.7,168637440,false,cpu_limit
BF_BF10_h8s16n5.txt,BBLCT,16,8,77,16,900.0,1,1.3,2,2.6,5,662.87,595033.0,198934528,false,cpu_limit
BF_BF10_h8s16n6.txt,BBLCT,16,8,77,16,900.0,1,1.3,3,3.9,6,716.50,595035.5,173954048,false,cpu_limit
BF_BF10_h8s16n7.txt,BBLCT,16,8,77,16,900.0,0,0.0,1,1.3,4,525.92,595034.8,222622720,false,cpu_limit
BF_BF10_h8s16n8.txt,BBLCT,16,8,77,16,900.0,1,1.3,2,2.6,5,625.61,595036.9,220612608,false,cpu_limit
BF_BF10_h8s16n9.txt,BBLCT,16,8,77,16,900.0,2,2.6,4,5.2,7,869.76,595036.4,178301952,false,cpu_limit
BF_BF11_h8s16n1.txt,BBLCT,16,8,77,31,900.0,0,0.0,0,0.0,0,0.00,595037.1,148327424,false,cpu_limit
BF_BF11_h8s16n10.txt,BBLCT,16,8,77,31,900.0,0,0.0,0,0.0,0,0.00,595031.6,157456384,false,cpu_limit
BF_BF11_h8s16n11.txt,BBLCT,16,8,77,31,900.0,0,0.0,1,1.3,6,878.05,595036.1,158048256,false,cpu_limit
BF_BF11_h8s16n12.txt,BBLCT,16,8,77,31,900.0,0,0.0,1,1.3,6,730.00,595040.9,167813120,false,cpu_limit
BF_BF11_h8s16n13.txt,BBLCT,16,8,77,31,900.0,0,0.0,1,1.3,4,556.58,595032.4,153147392,false,cpu_limit
BF_BF11_h8s16n14.txt,BBLCT,16,8,77,31,900.0,0,0.0,3,3.9,6,795.32,595034.7,156626944,false,cpu_limit
BF_BF11_h8s16n15.txt,BBLCT,16,8,77,31,900.0,1,1.3,1,1.3,0,0.00,595032.5,155265024,false,cpu_limit
BF_BF11_h8s16n16.txt,BBLCT,16,8,77,31,900.0,0,0.0,1,1.3,5,667.18,595033.5,155445248,false,cpu_limit
BF_BF11_h8s16n17.txt,BBLCT,16,8,77,31,900.0,2,2.6,2,2.6,0,0.00,595032.6,166144000,false,cpu_limit
BF_BF11_h8s16n18.txt,BBLCT,16,8,77,31,900.0,0,0.0,2,2.6,5,676.70,595037.6,166356992,false,cpu_limit
BF_BF11_h8s16n19.txt,BBLCT,16,8,77,31,900.0,0,0.0,2,2.6,6,674.29,595028.8,158751744,false,cpu_limit
BF_BF11_h8s16n2.txt,BBLCT,16,8,77,31,900.0,1,1.3,2,2.6,5,693.94,595031.9,155554816,false,cpu_limit
BF_BF11_h8s16n20.txt,BBLCT,16,8,77,31,900.0,1,1.3,4,5.2,7,881.38,595030.4,163253248,false,cpu_limit
BF_BF11_h8s16n3.txt,BBLCT,16,8,77,31,900.0,1,1.3,3,3.9,5,691.61,595030.1,156875776,false,cpu_limit
BF_BF11_h8s16n4.txt,BBLCT,16,8,77,31,900.0,0,0.0,1,1.3,5,747.58,595033.4,160763904,false,cpu_limit
BF_BF11_h8s16n5.txt,BBLCT,16,8,77,31,900.0,0,0.0,1,1.3,4,584.00,595032.7,151960576,false,cpu_limit
BF_BF11_h8s16n6.txt,BBLCT,16,8,77,31,900.0,0,0.0,1,1.3,6,700.83,595029.1,158266368,false,cpu_limit
BF_BF11_h8s16n7.txt,BBLCT,16,8,77,31,900.0,0,0.0,1,1.3,4,533.29,595032.0,155104256,false,cpu_limit
BF_BF11_h8s16n8.txt,BBLCT,16,8,77,31,900.0,0,0.0,1,1.3,6,772.51,595034.8,156821504,false,cpu_limit
BF_BF11_h8s16n9.txt,BBLCT,16,8,77,31,900.0,0,0.0,1,1.3,6,758.98,595034.6,159305728,false,cpu_limit
BF_BF12_h8s16n1.txt,BBLCT,16,8,77,31,900.0,0,0.0,0,0.0,0,0.00,595033.0,177260544,false,cpu_limit
BF_BF12_h8s16n10.txt,BBLCT,16,8,77,31,900.0,0,0.0,2,2.6,8,859.25,595033.2,191648768,false,cpu_limit
BF_BF12_h8s16n11.txt,BBLCT,16,8,77,31,900.0,0,0.0,0,0.0,0,0.00,595027.9,168667136,false,cpu_limit
BF_BF12_h8s16n12.txt,BBLCT,16,8,77,31,900.0,0,0.0,3,3.9,7,791.69,595029.5,201698304,false,cpu_limit
BF_BF12_h8s16n13.txt,BBLCT,16,8,77,31,900.0,0,0.0,1,1.3,5,499.53,595041.5,194130944,false,cpu_limit
BF_BF12_h8s16n14.txt,BBLCT,16,8,77,31,900.0,0,0.0,1,1.3,4,545.54,595034.9,180692992,false,cpu_limit
BF_BF12_h8s16n15.txt,BBLCT,16,8,77,31,900.0,0,0.0,3,3.9,8,849.47,595041.8,170748928,false,cpu_limit
BF_BF12_h8s16n16.txt,BBLCT,16,8,77,31,900.0,2,2.6,4,5.2,6,859.57,595037.4,155285504,false,cpu_limit
BF_BF12_h8s16n17.txt,BBLCT,16,8,77,31,900.0,0,0.0,1,1.3,4,455.83,595035.3,185752576,false,cpu_limit
BF_BF12_h8s16n18.txt,BBLCT,16,8,77,31,900.0,1,1.3,3,3.9,7,771.27,595035.6,188199936,false,cpu_limit
BF_BF12_h8s16n19.txt,BBLCT,16,8,77,31,900.0,1,1.3,2,2.6,5,701.92,595037.1,174417920,false,cpu_limit
BF_BF12_h8s16n2.txt,BBLCT,16,8,77,31,900.0,1,1.3,1,1.3,0,0.00,595031.5,189732864,false,cpu_limit
BF_BF12_h8s16n20.txt,BBLCT,16,8,77,31,900.0,1,1.3,2,2.6,5,587.10,595029.0,163181568,false,cpu_limit
BF_BF12_h8s16n3.txt,BBLCT,16,8,77,31,900.0,2,2.6,4,5.2,7,739.11,595041.9,178984960,false,cpu_limit
BF_BF12_h8s16n4.txt,BBLCT,16,8,77,31,900.0,3,3.9,3,3.9,0,0.00,595032.4,177426432,false,cpu_limit
BF_BF12_h8s16n5.txt,BBLCT,16,8,77,31,900.0,0,0.0,0,0.0,0,0.00,595027.3,191926272,false,cpu_limit
BF_BF12_h8s16n6.txt,BBLCT,16,8,77,31,900.0,1,1.3,4,5.2,7,889.77,595028.1,163787776,false,cpu_limit
BF_BF12_h8s16n7.txt,BBLCT,16,8,77,31,900.0,0,0.0,2,2.6,6,705.31,595038.5,199670784,false,cpu_limit
BF_BF12_h8s16n8.txt,BBLCT,16,8,77,31,900.0,0,0.0,1,1.3,6,653.43,595029.6,179973120,false,cpu_limit
BF_BF12_h8s16n9.txt,BBLCT,16,8,77,31,900.0,0,0.0,1,1.3,7,701.30,595030.6,202756096,false,cpu_limit
BF_BF13_h8s16n1.txt,BBLCT,16,8,103,21,900.0,1,1.0,2,1.9,5,620.54,595031.6,191834112,false,cpu_limit
BF_BF13_h8s16n10.txt,BBLCT,16,8,103,21,900.0,2,1.9,3,2.9,9,883.73,595031.8,174820352,false,cpu_limit
BF_BF13_h8s16n11.txt,BBLCT,16,8,103,21,900.0,0,0.0,1,1.0,5,600.69,595034.0,182070272,false,cpu_limit
BF_BF13_h8s16n12.txt,BBLCT,16,8,103,21,900.0,1,1.0,3,2.9,8,822.93,595034.9,194829312,false,cpu_limit
BF_BF13_h8s16n13.txt,BBLCT,16,8,103,21,900.0,0,0.0,1,1.0,6,581.49,595032.6,180845568,false,cpu_limit
BF_BF13_h8s16n14.txt,BBLCT,16,8,103,21,900.0,0,0.0,2,1.9,6,630.54,595034.9,186483712,false,cpu_limit
BF_BF13_h8s16n15.txt,BBLCT,16,8,103,21,900.0,0,0.0,2,1.9,6,705.92,595029.5,182176768,false,cpu_limit
BF_BF13_h8s16n16.txt,BBLCT,16,8,103,21,900.0,1,1.0,3,2.9,7,735.73,595033.7,185833472,false,cpu_limit
BF_BF13_h8s16n17.txt,BBLCT,16,8,103,21,900.0,0,0.0,1,1.0,6,712.61,595030.1,188565504,false,cpu_limit
BF_BF13_h8s16n18.txt,BBLCT,16,8,103,21,900.0,0,0.0,2,1.9,7,715.12,595035.0,175505408,false,cpu_limit
BF_BF13_h8s16n19.txt,BBLCT,16,8,103,21,900.0,1,1.0,2,1.9,8,892.58,595044.0,189725696,false,cpu_limit
BF_BF13_h8s16n2.txt,BBLCT,16,8,103,21,900.0,1,1.0,1,1.0,0,0.00,595035.7,185366528,false,cpu_limit
BF_BF13_h8s16n20.txt,BBLCT,16,8,103,21,900.0,0,0.0,2,1.9,7,833.53,595033.4,204889088,false,cpu_limit
BF_BF13_h8s16n3.txt,BBLCT,16,8,103,21,900.0,1,1.0,3,2.9,7,792.16,595029.2,182943744,false,cpu_limit
BF_BF13_h8s16n4.txt,BBLCT,16,8,103,21,900.0,2,1.9,3,2.9,8,821.37,595033.9,184557568,false,cpu_limit
BF_BF13_h8s16n5.txt,BBLCT,16,8,103,21,900.0,2,1.9,2,1.9,0,0.00,595034.0,184111104,false,cpu_limit
BF_BF13_h8s16n6.txt,BBLCT,16,8,103,21,900.0,1,1.0,3,2.9,6,674.86,595032.5,181274624,false,cpu_limit
BF_BF13_h8s16n7.txt,BBLCT,16,8,103,21,900.0,0,0.0,2,1.9,6,804.10,595037.6,196151296,false,cpu_limit
BF_BF13_h8s16n8.txt,BBLCT,16,8,103,21,900.0,2,1.9,3,2.9,7,854.00,595030.0,186554368,false,cpu_limit
BF_BF13_h8s16n9.txt,BBLCT,16,8,103,21,900.0,0,0.0,4,3.9,6,803.90,595028.4,199787520,false,cpu_limit
BF_BF14_h8s16n1.txt,BBLCT,16,8,103,21,900.0,2,1.9,3,2.9,6,652.87,595032.7,180465664,false,cpu_limit
BF_BF14_h8s16n10.txt,BBLCT,16,8,103,21,900.0,1,1.0,2,1.9,6,698.58,595029.2,195562496,false,cpu_limit
BF_BF14_h8s16n11.txt,BBLCT,16,8,103,21,900.0,0,0.0,2,1.9,7,750.60,595029.2,215097344,false,cpu_limit
BF_BF14_h8s16n12.txt,BBLCT,16,8,103,21,900.0,1,1.0,4,3.9,7,875.36,595028.4,183282688,false,cpu_limit
BF_BF14_h8s16n13.txt,BBLCT,16,8,103,21,900.0,0,0.0,2,1.9,7,839.52,595039.4,192047104,false,cpu_limit
BF_BF14_h8s16n14.txt,BBLCT,16,8,103,21,900.0,1,1.0,2,1.9,6,711.71,595034.4,223022080,false,cpu_limit
BF_BF14_h8s16n15.txt,BBLCT,16,8,103,21,900.0,2,1.9,4,3.9,6,690.26,595031.6,197890048,false,cpu_limit
BF_BF14_h8s16n16.txt,BBLCT,16,8,103,21,900.0,0,0.0,1,1.0,1,92.62,595032.9,193057792,false,cpu_limit
BF_BF14_h8s16n17.txt,BBLCT,16,8,103,21,900.0,1,1.0,4,3.9,8,811.07,595035.5,213629952,false,cpu_limit
BF_BF14_h8s16n18.txt,BBLCT,16,8,103,21,900.0,0,0.0,2,1.9,8,899.92,595027.5,191838208,false,cpu_limit
BF_BF14_h8s16n19.txt,BBLCT,16,8,103,21,900.0,0,0.0,2,1.9,8,828.47,595033.1,202582016,false,cpu_limit
BF_BF14_h8s16n2.txt,BBLCT,16,8,103,21,900.0,1,1.0,3,2.9,7,758.69,595027.6,183214080,false,cpu_limit
BF_BF14_h8s16n20.txt,BBLCT,16,8,103,21,900.0,0,0.0,3,2.9,8,876.58,595032.4,185076736,false,cpu_limit
BF_BF14_h8s16n3.txt,BBLCT,16,8,103,21,900.0,0,0.0,5,4.9,7,781.42,595034.5,229767168,false,cpu_limit
BF_BF14_h8s16n4.txt,BBLCT,16,8,103,21,900.0,2,1.9,3,2.9,7,690.94,595032.6,193965056,false,cpu_limit
BF_BF14_h8s16n5.txt,BBLCT,16,8,103,21,900.0,2,1.9,3,2.9,7,878.87,595037.2,181959680,false,cpu_limit
BF_BF14_h8s16n6.txt,BBLCT,16,8,103,21,900.0,0,0.0,2,1.9,5,651.35,595040.8,188971008,false,cpu_limit
BF_BF14_h8s16n7.txt,BBLCT,16,8,103,21,900.0,1,1.0,2,1.9,7,774.12,595034.2,221513728,false,cpu_limit
BF_BF14_h8s16n8.txt,BBLCT,16,8,103,21,900.0,0,0.0,2,1.9,5,696.54,595030.9,228818944,false,cpu_limit
BF_BF14_h8s16n9.txt,BBLCT,16,8,103,21,900.0,1,1.0,1,1.0,0,0.00,595030.3,214572032,false,cpu_limit
BF_BF15_h8s16n1.txt,BBLCT,16,8,103,42,900.0,0,0.0,1,1.0,1,128.06,595040.3,183105536,false,cpu_limit
BF_BF15_h8s16n10.txt,BBLCT,16,8,103,42,900.0,0,0.0,1,1.0,4,614.85,595031.4,198396928,false,cpu_limit
BF_BF15_h8s16n11.txt,BBLCT,16,8,103,42,900.0,0,0.0,1,1.0,6,625.08,595031.6,204496896,false,cpu_limit
BF_BF15_h8s16n12.txt,BBLCT,16,8,103,42,900.0,1,1.0,1,1.0,0,0.00,595030.6,181105664,false,cpu_limit
BF_BF15_h8s16n13.txt,BBLCT,16,8,103,42,900.0,1,1.0,2,1.9,5,575.88,595040.8,194573312,false,cpu_limit
BF_BF15_h8s16n14.txt,BBLCT,16,8,103,42,900.0,1,1.0,3,2.9,7,829.61,595033.6,186292224,false,cpu_limit
BF_BF15_h8s16n15.txt,BBLCT,16,8,103,42,900.0,0,0.0,1,1.0,6,785.51,595029.8,212072448,false,cpu_limit
BF_BF15_h8s16n16.txt,BBLCT,16,8,103,42,900.0,0,0.0,1,1.0,7,879.25,595030.0,183586816,false,cpu_limit
BF_BF15_h8s16n17.txt,BBLCT,16,8,103,42,900.0,0,0.0,1,1.0,7,678.19,595028.2,178662400,false,cpu_limit
BF_BF15_h8s16n18.txt,BBLCT,16,8,103,42,900.0,0,0.0,1,1.0,6,645.99,595027.7,189584384,false,cpu_limit
BF_BF15_h8s16n19.txt,BBLCT,16,8,103,42,900.0,2,1.9,4,3.9,5,584.37,595031.0,179120128,false,cpu_limit
BF_BF15_h8s16n2.txt,BBLCT,16,8,103,42,900.0,1,1.0,2,1.9,6,711.11,595030.5,171013120,false,cpu_limit
BF_BF15_h8s16n20.txt,BBLCT,16,8,103,42,900.0,1,1.0,3,2.9,7,804.46,595030.5,179115008,false,cpu_limit
BF_BF15_h8s16n3.txt,BBLCT,16,8,103,42,900.0,0,0.0,2,1.9,6,651.61,595031.0,195742720,false,cpu_limit
BF_BF15_h8s16n4.txt,BBLCT,16,8,103,42,900.0,0,0.0,1,1.0,6,672.22,595030.3,184100864,false,cpu_limit
BF_BF15_h8s16n5.txt,BBLCT,16,8,103,42,900.0,0,0.0,1,1.0,6,597.24,595031.6,175173632,false,cpu_limit
BF_BF15_h8s16n6.txt,BBLCT,16,8,103,42,900.0,0,0.0,0,0.0,0,0.00,595029.1,178896896,false,cpu_limit
BF_BF15_h8s16n7.txt,BBLCT,16,8,103,42,900.0,0,0.0,4,3.9,7,778.99,595031.4,189860864,false,cpu_limit
BF_BF15_h8s16n8.txt,BBLCT,16,8,103,42,900.0,0,0.0,1,1.0,5,569.84,595043.4,187264000,false,cpu_limit
BF_BF15_h8s16n9.txt,BBLCT,16,8,103,42,900.0,1,1.0,4,3.9,6,849.05,595037.5,200742912,false,cpu_limit
BF_BF16_h8s16n1.txt,BBLCT,16,8,103,42,900.0,0,0.0,2,1.9,6,630.73,595027.8,186957824,false,cpu_limit
BF_BF16_h8s16n10.txt,BBLCT,16,8,103,42,900.0,0,0.0,0,0.0,0,0.00,595029.1,205144064,false,cpu_limit
BF_BF16_h8s16n11.txt,BBLCT,16,8,103,42,900.0,0,0.0,1,1.0,6,666.84,595033.6,216291328,false,cpu_limit
BF_BF16_h8s16n12.txt,BBLCT,16,8,103,42,900.0,0,0.0,2,1.9,8,896.25,595042.1,177786880,false,cpu_limit
BF_BF16_h8s16n13.txt,BBLCT,16,8,103,42,900.0,1,1.0,3,2.9,7,756.87,595032.6,182626304,false,cpu_limit
BF_BF16_h8s16n14.txt,BBLCT,16,8,103,42,900.0,0,0.0,1,1.0,5,569.55,595025.8,207295488,false,cpu_limit
BF_BF16_h8s16n15.txt,BBLCT,16,8,103,42,900.0,0,0.0,1,1.0,8,785.64,595031.7,215540736,false,cpu_limit
BF_BF16_h8s16n16.txt,BBLCT,16,8,103,42,900.0,1,1.0,2,1.9,6,650.04,595033.1,203687936,false,cpu_limit
BF_BF16_h8s16n17.txt,BBLCT,16,8,103,42,900.0,0,0.0,1,1.0,7,708.96,595033.7,190789632,false,cpu_limit
BF_BF16_h8s16n18.txt,BBLCT,16,8,103,42,900.0,0,0.0,2,1.9,7,698.24,595037.3,194163712,false,cpu_limit
BF_BF16_h8s16n19.txt,BBLCT,16,8,103,42,900.0,0,0.0,1,1.0,6,589.74,595033.9,211978240,false,cpu_limit
BF_BF16_h8s16n2.txt,BBLCT,16,8,103,42,900.0,0,0.0,1,1.0,7,661.24,595031.6,194571264,false,cpu_limit
BF_BF16_h8s16n20.txt,BBLCT,16,8,103,42,900.0,0,0.0,1,1.0,6,628.15,595037.9,207851520,false,cpu_limit
BF_BF16_h8s16n3.txt,BBLCT,16,8,103,42,900.0,0,0.0,0,0.0,0,0.00,595042.1,204975104,false,cpu_limit
BF_BF16_h8s16n4.txt,BBLCT,16,8,103,42,900.0,1,1.0,1,1.0,0,0.00,595039.3,197833728,false,cpu_limit
BF_BF16_h8s16n5.txt,BBLCT,16,8,103,42,900.0,0,0.0,2,1.9,7,865.56,595034.8,186872832,false,cpu_limit
BF_BF16_h8s16n6.txt,BBLCT,16,8,103,42,900.0,1,1.0,2,1.9,6,734.22,595032.3,216449024,false,cpu_limit
BF_BF16_h8s16n7.txt,BBLCT,16,8,103,42,900.0,0,0.0,0,0.0,0,0.00,595033.7,193131520,false,cpu_limit
BF_BF16_h8s16n8.txt,BBLCT,16,8,103,42,900.0,0,0.0,1,1.0,7,879.63,595033.8,190963712,false,cpu_limit
BF_BF16_h8s16n9.txt,BBLCT,16,8,103,42,900.0,0,0.0,2,1.9,6,670.64,595035.6,183799808,false,cpu_limit
BF_BF17_h5s20n1.txt,BBLCT,20,5,60,12,900.0,1,1.7,3,5.0,7,744.23,595036.0,141851648,false,cpu_limit
BF_BF17_h5s20n10.txt,BBLCT,20,5,60,12,900.0,1,1.7,3,5.0,9,877.91,595031.0,136188928,false,cpu_limit
BF_BF17_h5s20n11.txt,BBLCT,20,5,60,12,900.0,0,0.0,4,6.7,8,872.26,595032.6,130980864,false,cpu_limit
BF_BF17_h5s20n12.txt,BBLCT,20,5,60,12,900.0,2,3.3,4,6.7,7,803.28,595029.3,133211136,false,cpu_limit
BF_BF17_h5s20n13.txt,BBLCT,20,5,60,12,900.0,2,3.3,7,11.7,8,849.40,595043.8,130905088,false,cpu_limit
BF_BF17_h5s20n14.txt,BBLCT,20,5,60,12,900.0,2,3.3,5,8.3,9,883.87,595039.0,117932032,false,cpu_limit
BF_BF17_h5s20n15.txt,BBLCT,20,5,60,12,900.0,0,0.0,3,5.0,7,728.38,595033.3,159288320,false,cpu_limit
BF_BF17_h5s20n16.txt,BBLCT,20,5,60,12,900.0,1,1.7,3,5.0,6,618.22,595037.2,135045120,false,cpu_limit
BF_BF17_h5s20n17.txt,BBLCT,20,5,60,12,900.0,2,3.3,3,5.0,7,734.06,595035.6,136489984,false,cpu_limit
BF_BF17_h5s20n18.txt,BBLCT,20,5,60,12,900.0,0,0.0,2,3.3,7,690.67,595039.8,141502464,false,cpu_limit
BF_BF17_h5s20n19.txt,BBLCT,20,5,60,12,900.0,2,3.3,4,6.7,7,743.07,595028.8,136252416,false,cpu_limit
BF_BF17_h5s20n2.txt,BBLCT,20,5,60,12,900.0,3,5.0,6,10.0,8,840.11,595029.2,117388288,false,cpu_limit
BF_BF17_h5s20n20.txt,BBLCT,20,5,60,12,900.0,1,1.7,3,5.0,6,691.97,595029.6,129197056,false,cpu_limit
BF_BF17_h5s20n3.txt,BBLCT,20,5,60,12,900.0,4,6.7,6,10.0,7,764.26,595032.0,119666688,false,cpu_limit
BF_BF17_h5s20n4.txt,BBLCT,20,5,60,12,900.0,3,5.0,4,6.7,8,806.62,595028.6,139714560,false,cpu_limit
BF_BF17_h5s20n5.txt,BBLCT,20,5,60,12,900.0,2,3.3,3,5.0,6,714.00,595033.3,117032960,false,cpu_limit
BF_BF17_h5s20n6.txt,BBLCT,20,5,60,12,900.0,1,1.7,3,5.0,5,671.80,595028.0,120005632,false,cpu_limit
BF_BF17_h5s20n7.txt,BBLCT,20,5,60,12,900.0,2,3.3,8,13.3,9,876.69,595027.6,126704640,false,cpu_limit
BF_BF17_h5s20n8.txt,BBLCT,20,5,60,12,900.0,2,3.3,4,6.7,7,738.15,595030.4,126111744,false,cpu_limit
BF_BF17_h5s20n9.txt,BBLCT,20,5,60,12,900.0,1,1.7,3,5.0,7,760.62,595033.4,137816064,false,cpu_limit
BF_BF18_h5s20n1.txt,BBLCT,20,5,60,12,900.0,1,1.7,3,5.0,7,756.65,595029.1,157893632,false,cpu_limit
BF_BF18_h5s20n10.txt,BBLCT,20,5,60,12,900.0,0,0.0,2,3.3,7,771.14,595034.0,163969024,false,cpu_limit
BF_BF18_h5s20n11.txt,BBLCT,20,5,60,12,900.0,0,0.0,2,3.3,6,670.78,595036.5,179938304,false,cpu_limit
BF_BF18_h5s20n12.txt,BBLCT,20,5,60,12,900.0,1,1.7,5,8.3,7,721.62,595034.5,167211008,false,cpu_limit
BF_BF18_h5s20n13.txt,BBLCT,20,5,60,12,900.0,3,5.0,7,11.7,8,885.25,595032.9,181238784,false,cpu_limit
BF_BF18_h5s20n14.txt,BBLCT,20,5,60,12,900.0,1,1.7,4,6.7,8,798.15,595040.4,163422208,false,cpu_limit
BF_BF18_h5s20n15.txt,BBLCT,20,5,60,12,900.0,0,0.0,3,5.0,7,776.54,595035.0,178529280,false,cpu_limit
BF_BF18_h5s20n16.txt,BBLCT,20,5,60,12,900.0,1,1.7,5,8.3,6,660.39,595033.6,160327680,false,cpu_limit
BF_BF18_h5s20n17.txt,BBLCT,20,5,60,12,900.0,1,1.7,3,5.0,5,561.99,595032.2,161293312,false,cpu_limit
BF_BF18_h5s20n18.txt,BBLCT,20,5,60,12,900.0,1,1.7,3,5.0,7,737.80,595038.5,159454208,false,cpu_limit
BF_BF18_h5s20n19.txt,BBLCT,20,5,60,12,900.0,3,5.0,5,8.3,8,804.35,595029.1,165165056,false,cpu_limit
BF_BF18_h5s20n2.txt,BBLCT,20,5,60,12,900.0,3,5.0,9,15.0,9,893.36,595037.0,159845376,false,cpu_limit
BF_BF18_h5s20n20.txt,BBLCT,20,5,60,12,900.0,2,3.3,3,5.0,5,547.14,595032.4,164120576,false,cpu_limit
BF_BF18_h5s20n3.txt,BBLCT,20,5,60,12,900.0,0,0.0,2,3.3,5,584.76,595040.3,161033216,false,cpu_limit
BF_BF18_h5s20n4.txt,BBLCT,20,5,60,12,900.0,2,3.3,3,5.0,5,566.65,595038.8,158274560,false,cpu_limit
BF_BF18_h5s20n5.txt,BBLCT,20,5,60,12,900.0,3,5.0,6,10.0,8,819.47,595033.1,163631104,false,cpu_limit
BF_BF18_h5s20n6.txt,BBLCT,20,5,60,12,900.0,0,0.0,3,5.0,8,844.33,595031.3,178257920,false,cpu_limit
BF_BF18_h5s20n7.txt,BBLCT,20,5,60,12,900.0,1,1.7,3,5.0,7,731.38,595032.4,159619072,false,cpu_limit
BF_BF18_h5s20n8.txt,BBLCT,20,5,60,12,900.0,2,3.3,5,8.3,6,697.12,595028.1,172720128,false,cpu_limit
BF_BF18_h5s20n9.txt,BBLCT,20,5,60,12,900.0,2,3.3,4,6.7,6,644.94,595028.4,158110720,false,cpu_limit
BF_BF19_h5s20n1.txt,BBLCT,20,5,60,24,900.0,1,1.7,3,5.0,7,795.72,595035.3,130913280,false,cpu_limit
BF_BF19_h5s20n10.txt,BBLCT,20,5,60,24,900.0,1,1.7,2,3.3,8,835.34,595030.5,139590656,false,cpu_limit
BF_BF19_h5s20n11.txt,BBLCT,20,5,60,24,900.0,1,1.7,4,6.7,8,865.21,595027.6,139935744,false,cpu_limit
BF_BF19_h5s20n12.txt,BBLCT,20,5,60,24,900.0,0,0.0,2,3.3,7,789.28,595034.0,116335616,false,cpu_limit
BF_BF19_h5s20n13.txt,BBLCT,20,5,60,24,900.0,0,0.0,0,0.0,0,0.00,595033.1,132888576,false,cpu_limit
BF_BF19_h5s20n14.txt,BBLCT,20,5,60,24,900.0,0,0.0,5,8.3,7,671.24,595031.4,115266560,false,cpu_limit
BF_BF19_h5s20n15.txt,BBLCT,20,5,60,24,900.0,0,0.0,2,3.3,7,842.33,595029.6,120467456,false,cpu_limit
BF_BF19_h5s20n16.txt,BBLCT,20,5,60,24,900.0,3,5.0,4,6.7,7,711.43,595033.7,117030912,false,cpu_limit
BF_BF19_h5s20n17.txt,BBLCT,20,5,60,24,900.0,0,0.0,1,1.7,5,546.16,595038.0,132008960,false,cpu_limit
BF_BF19_h5s20n18.txt,BBLCT,20,5,60,24,900.0,1,1.7,3,5.0,5,636.32,595034.2,123294720,false,cpu_limit
BF_BF19_h5s20n19.txt,BBLCT,20,5,60,24,900.0,1,1.7,3,5.0,6,683.06,595026.8,136180736,false,cpu_limit
BF_BF19_h5s20n2.txt,BBLCT,20,5,60,24,900.0,0,0.0,3,5.0,6,633.11,595036.1,126202880,false,cpu_limit
BF_BF19_h5s20n20.txt,BBLCT,20,5,60,24,900.0,2,3.3,3,5.0,4,550.82,595031.5,163838976,false,cpu_limit
BF_BF19_h5s20n3.txt,BBLCT,20,5,60,24,900.0,1,1.7,5,8.3,8,876.34,595034.2,141001728,false,cpu_limit
BF_BF19_h5s20n4.txt,BBLCT,20,5,60,24,900.0,1,1.7,8,13.3,7,679.05,595029.7,123864064,false,cpu_limit
BF_BF19_h5s20n5.txt,BBLCT,20,5,60,24,900.0,0,0.0,3,5.0,7,787.68,595029.0,149267456,false,cpu_limit
BF_BF19_h5s20n6.txt,BBLCT,20,5,60,24,900.0,2,3.3,7,11.7,6,657.60,595028.5,124558336,false,cpu_limit
BF_BF19_h5s20n7.txt,BBLCT,20,5,60,24,900.0,1,1.7,2,3.3,8,878.40,595033.5,135357440,false,cpu_limit
BF_BF19_h5s20n8.txt,BBLCT,20,5,60,24,900.0,1,1.7,8,13.3,8,856.93,595032.5,109854720,false,cpu_limit
BF_BF19_h5s20n9.txt,BBLCT,20,5,60,24,900.0,3,5.0,4,6.7,7,821.03,595032.5,130843648,false,cpu_limit
BF_BF1_h5s16n1.txt,BBLCT,16,5,48,10,900.0,2,4.2,4,8.3,6,632.08,595030.1,190515200,false,cpu_limit
BF_BF1_h5s16n10.txt,BBLCT,16,5,48,10,900.0,3,6.2,4,8.3,6,633.14,595040.2,199564288,false,cpu_limit
BF_BF1_h5s16n11.txt,BBLCT,16,5,48,10,900.0,2,4.2,3,6.2,5,668.20,595030.6,182382592,false,cpu_limit
BF_BF1_h5s16n12.txt,BBLCT,16,5,48,10,900.0,2,4.2,4,8.3,7,763.44,595039.0,208994304,false,cpu_limit
BF_BF1_h5s16n13.txt,BBLCT,16,5,48,10,900.0,2,4.2,6,12.5,8,870.19,595033.5,210227200,false,cpu_limit
BF_BF1_h5s16n14.txt,BBLCT,16,5,48,10,900.0,0,0.0,2,4.2,8,795.54,595028.4,211479552,false,cpu_limit
BF_BF1_h5s16n15.txt,BBLCT,16,5,48,10,900.0,1,2.1,2,4.2,6,766.92,595040.0,202437632,false,cpu_limit
BF_BF1_h5s16n16.txt,BBLCT,16,5,48,10,900.0,2,4.2,4,8.3,7,800.03,595036.5,207381504,false,cpu_limit
BF_BF1_h5s16n17.txt,BBLCT,16,5,48,10,900.0,2,4.2,5,10.4,7,734.03,595037.8,204986368,false,cpu_limit
BF_BF1_h5s16n18.txt,BBLCT,16,5,48,10,900.0,3,6.2,5,10.4,7,696.78,595032.5,188044288,false,cpu_limit
BF_BF1_h5s16n19.txt,BBLCT,16,5,48,10,900.0,0,0.0,2,4.2,6,680.70,595031.3,190185472,false,cpu_limit
BF_BF1_h5s16n2.txt,BBLCT,16,5,48,10,900.0,1,2.1,3,6.2,8,767.93,595030.0,188187648,false,cpu_limit
BF_BF1_h5s16n20.txt,BBLCT,16,5,48,10,900.0,1,2.1,4,8.3,6,681.20,595031.5,210940928,false,cpu_limit
BF_BF1_h5s16n3.txt,BBLCT,16,5,48,10,900.0,2,4.2,3,6.2,6,635.21,595035.1,198064128,false,cpu_limit
BF_BF1_h5s16n4.txt,BBLCT,16,5,48,10,900.0,3,6.2,4,8.3,6,647.70,595030.4,225236992,false,cpu_limit
BF_BF1_h5s16n5.txt,BBLCT,16,5,48,10,900.0,1,2.1,3,6.2,6,703.84,595040.9,209674240,false,cpu_limit
BF_BF1_h5s16n6.txt,BBLCT,16,5,48,10,900.0,0,0.0,3,6.2,8,839.59,595040.0,212132864,false,cpu_limit
BF_BF1_h5s16n7.txt,BBLCT,16,5,48,10,900.0,1,2.1,3,6.2,6,754.06,595037.4,194310144,false,cpu_limit
BF_BF1_h5s16n8.txt,BBLCT,16,5,48,10,900.0,1,2.1,4,8.3,6,695.99,595043.0,204288000,false,cpu_limit
BF_BF1_h5s16n9.txt,BBLCT,16,5,48,10,900.0,1,2.1,3,6.2,8,848.70,595045.8,190003200,false,cpu_limit
BF_BF20_h5s20n1.txt,BBLCT,20,5,60,24,900.0,0,0.0,1,1.7,7,899.24,595029.6,177380352,false,cpu_limit
BF_BF20_h5s20n10.txt,BBLCT,20,5,60,24,900.0,1,1.7,5,8.3,7,868.27,595036.0,182152192,false,cpu_limit
BF_BF20_h5s20n11.txt,BBLCT,20,5,60,24,900.0,0,0.0,2,3.3,8,844.71,595031.7,180465664,false,cpu_limit
BF_BF20_h5s20n12.txt,BBLCT,20,5,60,24,900.0,0,0.0,4,6.7,9,870.98,595029.1,166149120,false,cpu_limit
BF_BF20_h5s20n13.txt,BBLCT,20,5,60,24,900.0,0,0.0,2,3.3,6,649.87,595027.4,154628096,false,cpu_limit
BF_BF20_h5s20n14.txt,BBLCT,20,5,60,24,900.0,0,0.0,2,3.3,7,773.04,595035.9,166920192,false,cpu_limit
BF_BF20_h5s20n15.txt,BBLCT,20,5,60,24,900.0,1,1.7,2,3.3,4,537.98,595031.3,159230976,false,cpu_limit
BF_BF20_h5s20n16.txt,BBLCT,20,5,60,24,900.0,2,3.3,3,5.0,6,660.94,595032.4,159468544,false,cpu_limit
BF_BF20_h5s20n17.txt,BBLCT,20,5,60,24,900.0,2,3.3,4,6.7,7,735.49,595029.8,152127488,false,cpu_limit
BF_BF20_h5s20n18.txt,BBLCT,20,5,60,24,900.0,0,0.0,2,3.3,6,661.79,595032.7,175627264,false,cpu_limit
BF_BF20_h5s20n19.txt,BBLCT,20,5,60,24,900.0,1,1.7,3,5.0,8,854.63,595030.5,167949312,false,cpu_limit
BF_BF20_h5s20n2.txt,BBLCT,20,5,60,24,900.0,0,0.0,3,5.0,7,832.41,595030.8,179120128,false,cpu_limit
BF_BF20_h5s20n20.txt,BBLCT,20,5,60,24,900.0,1,1.7,3,5.0,7,731.97,595030.9,162419712,false,cpu_limit
BF_BF20_h5s20n3.txt,BBLCT,20,5,60,24,900.0,1,1.7,2,3.3,5,556.07,595031.4,151584768,false,cpu_limit
BF_BF20_h5s20n4.txt,BBLCT,20,5,60,24,900.0,0,0.0,1,1.7,5,634.34,595028.5,170904576,false,cpu_limit
BF_BF20_h5s20n5.txt,BBLCT,20,5,60,24,900.0,1,1.7,4,6.7,8,886.74,595029.1,175745024,false,cpu_limit
BF_BF20_h5s20n6.txt,BBLCT,20,5,60,24,900.0,0,0.0,5,8.3,7,767.81,595032.9,159180800,false,cpu_limit
BF_BF20_h5s20n7.txt,BBLCT,20,5,60,24,900.0,0,0.0,5,8.3,8,848.25,595027.8,168691712,false,cpu_limit
BF_BF20_h5s20n8.txt,BBLCT,20,5,60,24,900.0,0,0.0,3,5.0,8,849.45,595032.7,175717376,false,cpu_limit
BF_BF20_h5s20n9.txt,BBLCT,20,5,60,24,900.0,0,0.0,1,1.7,4,540.89,595030.7,173188096,false,cpu_limit
BF_BF21_h5s20n1.txt,BBLCT,20,5,80,16,900.0,2,2.5,4,5.0,8,861.83,595030.7,153111552,false,cpu_limit
BF_BF21_h5s20n10.txt,BBLCT,20,5,80,16,900.0,3,3.8,9,11.2,8,888.34,595027.9,172766208,false,cpu_limit
BF_BF21_h5s20n11.txt,BBLCT,20,5,80,16,900.0,2,2.5,4,5.0,7,717.74,595037.1,152626176,false,cpu_limit
BF_BF21_h5s20n12.txt,BBLCT,20,5,80,16,900.0,1,1.2,2,2.5,2,200.18,595040.7,141284352,false,cpu_limit
BF_BF21_h5s20n13.txt,BBLCT,20,5,80,16,900.0,1,1.2,4,5.0,8,850.64,595036.0,155864064,false,cpu_limit
BF_BF21_h5s20n14.txt,BBLCT,20,5,80,16,900.0,1,1.2,4,5.0,8,805.80,595035.2,141711360,false,cpu_limit
BF_BF21_h5s20n15.txt,BBLCT,20,5,80,16,900.0,4,5.0,5,6.2,7,772.88,595032.6,147737600,false,cpu_limit
BF_BF21_h5s20n16.txt,BBLCT,20,5,80,16,900.0,2,2.5,5,6.2,8,836.37,595031.0,154656768,false,cpu_limit
BF_BF21_h5s20n17.txt,BBLCT,20,5,80,16,900.0,1,1.2,3,3.8,8,856.72,595033.6,144073728,false,cpu_limit
BF_BF21_h5s20n18.txt,BBLCT,20,5,80,16,900.0,1,1.2,4,5.0,8,827.49,595033.7,151791616,false,cpu_limit
BF_BF21_h5s20n19.txt,BBLCT,20,5,80,16,900.0,3,3.8,4,5.0,7,744.16,595030.6,136775680,false,cpu_limit
BF_BF21_h5s20n2.txt,BBLCT,20,5,80,16,900.0,3,3.8,5,6.2,8,868.66,595031.7,135901184,false,cpu_limit
BF_BF21_h5s20n20.txt,BBLCT,20,5,80,16,900.0,1,1.2,7,8.8,8,810.37,595029.3,171096064,false,cpu_limit
BF_BF21_h5s20n3.txt,BBLCT,20,5,80,16,900.0,1,1.2,3,3.8,6,643.38,595031.5,152688640,false,cpu_limit
BF_BF21_h5s20n4.txt,BBLCT,20,5,80,16,900.0,1,1.2,3,3.8,8,854.00,595028.9,151499776,false,cpu_limit
BF_BF21_h5s20n5.txt,BBLCT,20,5,80,16,900.0,0,0.0,2,2.5,8,823.70,595029.5,156690432,false,cpu_limit
BF_BF21_h5s20n6.txt,BBLCT,20,5,80,16,900.0,2,2.5,5,6.2,8,851.25,595026.1,154066944,false,cpu_limit
BF_BF21_h5s20n7.txt,BBLCT,20,5,80,16,900.0,0,0.0,2,2.5,9,876.45,595028.9,162316288,false,cpu_limit
BF_BF21_h5s20n8.txt,BBLCT,20,5,80,16,900.0,0,0.0,3,3.8,8,899.31,595044.4,159903744,false,cpu_limit
BF_BF21_h5s20n9.txt,BBLCT,20,5,80,16,900.0,1,1.2,4,5.0,8,829.66,595036.1,159622144,false,cpu_limit
BF_BF22_h5s20n1.txt,BBLCT,20,5,80,16,900.0,0,0.0,3,3.8,7,737.81,595027.6,176610304,false,cpu_limit
BF_BF22_h5s20n10.txt,BBLCT,20,5,80,16,900.0,0,0.0,4,5.0,8,876.85,595028.3,168676352,false,cpu_limit
BF_BF22_h5s20n11.txt,BBLCT,20,5,80,16,900.0,3,3.8,8,10.0,8,871.74,595029.1,190198784,false,cpu_limit
BF_BF22_h5s20n12.txt,BBLCT,20,5,80,16,900.0,3,3.8,5,6.2,8,817.59,595026.4,180380672,false,cpu_limit
BF_BF22_h5s20n13.txt,BBLCT,20,5,80,16,900.0,0,0.0,3,3.8,8,836.10,595035.3,175683584,false,cpu_limit
BF_BF22_h5s20n14.txt,BBLCT,20,5,80,16,900.0,0,0.0,2,2.5,7,734.33,595029.9,177910784,false,cpu_limit
BF_BF22_h5s20n15.txt,BBLCT,20,5,80,16,900.0,2,2.5,3,3.8,7,688.98,595031.5,168735744,false,cpu_limit
BF_BF22_h5s20n16.txt,BBLCT,20,5,80,16,900.0,1,1.2,6,7.5,7,837.63,595032.8,175090688,false,cpu_limit
BF_BF22_h5s20n17.txt,BBLCT,20,5,80,16,900.0,2,2.5,4,5.0,7,741.55,595029.8,189187072,false,cpu_limit
BF_BF22_h5s20n18.txt,BBLCT,20,5,80,16,900.0,0,0.0,3,3.8,7,829.29,595033.5,191164416,false,cpu_limit
BF_BF22_h5s20n19.txt,BBLCT,20,5,80,16,900.0,0,0.0,3,3.8,8,823.15,595031.2,183339008,false,cpu_limit
BF_BF22_h5s20n2.txt,BBLCT,20,5,80,16,900.0,1,1.2,3,3.8,7,741.88,595029.7,178633728,false,cpu_limit
BF_BF22_h5s20n20.txt,BBLCT,20,5,80,16,900.0,0,0.0,2,2.5,7,730.56,595031.4,188966912,false,cpu_limit
BF_BF22_h5s20n3.txt,BBLCT,20,5,80,16,900.0,0,0.0,3,3.8,8,800.90,595033.7,181338112,false,cpu_limit
BF_BF22_h5s20n4.txt,BBLCT,20,5,80,16,900.0,4,5.0,8,10.0,8,853.23,595026.2,180702208,false,cpu_limit
BF_BF22_h5s20n5.txt,BBLCT,20,5,80,16,900.0,1,1.2,3,3.8,7,810.21,595035.7,192695296,false,cpu_limit
BF_BF22_h5s20n6.txt,BBLCT,20,5,80,16,900.0,0,0.0,4,5.0,8,810.33,595037.8,180120576,false,cpu_limit
BF_BF22_h5s20n7.txt,BBLCT,20,5,80,16,900.0,0,0.0,2,2.5,7,764.16,595033.3,190471168,false,cpu_limit
BF_BF22_h5s20n8.txt,BBLCT,20,5,80,16,900.0,1,1.2,5,6.2,8,874.01,595037.7,171729920,false,cpu_limit
BF_BF22_h5s20n9.txt,BBLCT,20,5,80,16,900.0,0,0.0,3,3.8,9,898.38,595036.1,187218944,false,cpu_limit
BF_BF23_h5s20n1.txt,BBLCT,20,5,80,32,900.0,0,0.0,3,3.8,8,875.27,595035.0,163118080,false,cpu_limit
BF_BF23_h5s20n10.txt,BBLCT,20,5,80,32,900.0,1,1.2,1,1.2,0,0.00,595033.0,137979904,false,cpu_limit
BF_BF23_h5s20n11.txt,BBLCT,20,5,80,32,900.0,0,0.0,1,1.2,6,625.89,595034.5,142190592,false,cpu_limit
BF_BF23_h5s20n12.txt,BBLCT,20,5,80,32,900.0,0,0.0,3,3.8,9,834.23,595041.8,149475328,false,cpu_limit
BF_BF23_h5s20n13.txt,BBLCT,20,5,80,32,900.0,1,1.2,5,6.2,7,747.27,595039.7,176173056,false,cpu_limit
BF_BF23_h5s20n14.txt,BBLCT,20,5,80,32,900.0,3,3.8,8,10.0,9,865.56,595037.4,142185472,false,cpu_limit
BF_BF23_h5s20n15.txt,BBLCT,20,5,80,32,900.0,0,0.0,4,5.0,8,839.75,595035.1,155305984,false,cpu_limit
BF_BF23_h5s20n16.txt,BBLCT,20,5,80,32,900.0,1,1.2,4,5.0,7,765.05,595039.0,139819008,false,cpu_limit
BF_BF23_h5s20n17.txt,BBLCT,20,5,80,32,900.0,1,1.2,1,1.2,0,0.00,595035.8,132848640,false,cpu_limit
BF_BF23_h5s20n18.txt,BBLCT,20,5,80,32,900.0,1,1.2,1,1.2,0,0.00,595035.0,160591872,false,cpu_limit
BF_BF23_h5s20n19.txt,BBLCT,20,5,80,32,900.0,2,2.5,4,5.0,9,893.78,595036.8,139138048,false,cpu_limit
BF_BF23_h5s20n2.txt,BBLCT,20,5,80,32,900.0,1,1.2,1,1.2,0,0.00,595030.8,179088384,false,cpu_limit
BF_BF23_h5s20n20.txt,BBLCT,20,5,80,32,900.0,0,0.0,2,2.5,8,844.97,595036.2,143556608,false,cpu_limit
BF_BF23_h5s20n3.txt,BBLCT,20,5,80,32,900.0,0,0.0,3,3.8,9,888.39,595034.1,151747584,false,cpu_limit
BF_BF23_h5s20n4.txt,BBLCT,20,5,80,32,900.0,2,2.5,6,7.5,8,834.95,595036.5,152384512,false,cpu_limit
BF_BF23_h5s20n5.txt,BBLCT,20,5,80,32,900.0,1,1.2,4,5.0,9,844.80,595031.4,144254976,false,cpu_limit
BF_BF23_h5s20n6.txt,BBLCT,20,5,80,32,900.0,1,1.2,3,3.8,8,786.90,595035.1,144299008,false,cpu_limit
BF_BF23_h5s20n7.txt,BBLCT,20,5,80,32,900.0,0,0.0,1,1.2,5,563.02,595033.8,155979776,false,cpu_limit
BF_BF23_h5s20n8.txt,BBLCT,20,5,80,32,900.0,1,1.2,3,3.8,6,707.25,595031.7,157232128,false,cpu_limit
BF_BF23_h5s20n9.txt,BBLCT,20,5,80,32,900.0,1,1.2,2,2.5,8,786.07,595035.7,159489024,false,cpu_limit
BF_BF24_h5s20n1.txt,BBLCT,20,5,80,32,900.0,1,1.2,2,2.5,6,714.30,595039.4,156379136,false,cpu_limit
BF_BF24_h5s20n10.txt,BBLCT,20,5,80,32,900.0,0,0.0,1,1.2,5,563.57,595037.9,185367552,false,cpu_limit
BF_BF24_h5s20n11.txt,BBLCT,20,5,80,32,900.0,0,0.0,1,1.2,8,878.21,595030.3,173864960,false,cpu_limit
BF_BF24_h5s20n12.txt,BBLCT,20,5,80,32,900.0,0,0.0,2,2.5,6,783.28,595029.2,200397824,false,cpu_limit
BF_BF24_h5s20n13.txt,BBLCT,20,5,80,32,900.0,0,0.0,1,1.2,7,889.81,595030.6,151289856,false,cpu_limit
BF_BF24_h5s20n14.txt,BBLCT,20,5,80,32,900.0,0,0.0,2,2.5,7,774.49,595026.5,172545024,false,cpu_limit
BF_BF24_h5s20n15.txt,BBLCT,20,5,80,32,900.0,0,0.0,3,3.8,8,868.33,595032.0,184965120,false,cpu_limit
BF_BF24_h5s20n16.txt,BBLCT,20,5,80,32,900.0,1,1.2,3,3.8,7,698.11,595031.8,192991232,false,cpu_limit
BF_BF24_h5s20n17.txt,BBLCT,20,5,80,32,900.0,1,1.2,7,8.8,8,849.68,595029.2,177033216,false,cpu_limit
BF_BF24_h5s20n18.txt,BBLCT,20,5,80,32,900.0,0,0.0,1,1.2,7,794.64,595028.9,184942592,false,cpu_limit
BF_BF24_h5s20n19.txt,BBLCT,20,5,80,32,900.0,0,0.0,2,2.5,7,737.42,595027.4,174873600,false,cpu_limit
BF_BF24_h5s20n2.txt,BBLCT,20,5,80,32,900.0,0,0.0,2,2.5,7,716.46,595030.1,182085632,false,cpu_limit
BF_BF24_h5s20n20.txt,BBLCT,20,5,80,32,900.0,0,0.0,6,7.5,9,886.85,595028.8,190067712,false,cpu_limit
BF_BF24_h5s20n3.txt,BBLCT,20,5,80,32,900.0,2,2.5,3,3.8,6,655.67,595034.5,182809600,false,cpu_limit
BF_BF24_h5s20n4.txt,BBLCT,20,5,80,32,900.0,1,1.2,4,5.0,8,885.98,595028.2,176892928,false,cpu_limit
BF_BF24_h5s20n5.txt,BBLCT,20,5,80,32,900.0,0,0.0,4,5.0,5,590.96,595031.1,182871040,false,cpu_limit
BF_BF24_h5s20n6.txt,BBLCT,20,5,80,32,900.0,0,0.0,1,1.2,5,538.55,595035.3,181731328,false,cpu_limit
BF_BF24_h5s20n7.txt,BBLCT,20,5,80,32,900.0,0,0.0,1,1.2,6,676.04,595028.6,161324032,false,cpu_limit
BF_BF24_h5s20n8.txt,BBLCT,20,5,80,32,900.0,0,0.0,0,0.0,0,0.00,595032.7,188013568,false,cpu_limit
BF_BF24_h5s20n9.txt,BBLCT,20,5,80,32,900.0,1,1.2,3,3.8,7,767.49,595029.3,175947776,false,cpu_limit
BF_BF25_h8s20n1.txt,BBLCT,20,8,96,20,900.0,1,1.0,3,3.1,5,586.49,595028.4,107857920,false,cpu_limit
BF_BF25_h8s20n10.txt,BBLCT,20,8,96,20,900.0,1,1.0,2,2.1,4,578.09,595026.3,102928384,false,cpu_limit
BF_BF25_h8s20n11.txt,BBLCT,20,8,96,20,900.0,3,3.1,4,4.2,5,716.12,595031.0,101431296,false,cpu_limit
BF_BF25_h8s20n12.txt,BBLCT,20,8,96,20,900.0,1,1.0,3,3.1,6,767.24,595029.3,107469824,false,cpu_limit
BF_BF25_h8s20n13.txt,BBLCT,20,8,96,20,900.0,1,1.0,3,3.1,6,730.20,595034.3,105718784,false,cpu_limit
BF_BF25_h8s20n14.txt,BBLCT,20,8,96,20,900.0,2,2.1,3,3.1,5,642.65,595036.8,106571776,false,cpu_limit
BF_BF25_h8s20n15.txt,BBLCT,20,8,96,20,900.0,1,1.0,3,3.1,7,841.61,595031.8,106198016,false,cpu_limit
BF_BF25_h8s20n16.txt,BBLCT,20,8,96,20,900.0,1,1.0,3,3.1,5,687.50,595031.6,98320384,false,cpu_limit
BF_BF25_h8s20n17.txt,BBLCT,20,8,96,20,900.0,0,0.0,2,2.1,5,685.01,595033.1,111080448,false,cpu_limit
BF_BF25_h8s20n18.txt,BBLCT,20,8,96,20,900.0,2,2.1,4,4.2,6,722.84,595026.8,95910912,false,cpu_limit
BF_BF25_h8s20n19.txt,BBLCT,20,8,96,20,900.0,2,2.1,4,4.2,6,729.75,595027.9,106075136,false,cpu_limit
BF_BF25_h8s20n2.txt,BBLCT,20,8,96,20,900.0,1,1.0,3,3.1,7,833.02,595040.3,102727680,false,cpu_limit
BF_BF25_h8s20n20.txt,BBLCT,20,8,96,20,900.0,1,1.0,3,3.1,5,747.14,595042.1,104109056,false,cpu_limit
BF_BF25_h8s20n3.txt,BBLCT,20,8,96,20,900.0,1,1.0,2,2.1,5,636.15,595035.6,103329792,false,cpu_limit
BF_BF25_h8s20n4.txt,BBLCT,20,8,96,20,900.0,1,1.0,3,3.1,7,793.99,595037.6,102858752,false,cpu_limit
BF_BF25_h8s20n5.txt,BBLCT,20,8,96,20,900.0,1,1.0,3,3.1,5,721.05,595028.5,104306688,false,cpu_limit
BF_BF25_h8s20n6.txt,BBLCT,20,8,96,20,900.0,0,0.0,2,2.1,7,749.26,595035.7,107115520,false,cpu_limit
BF_BF25_h8s20n7.txt,BBLCT,20,8,96,20,900.0,0,0.0,2,2.1,6,685.26,595032.9,101544960,false,cpu_limit
BF_BF25_h8s20n8.txt,BBLCT,20,8,96,20,900.0,3,3.1,7,7.3,6,858.44,595034.6,101807104,false,cpu_limit
BF_BF25_h8s20n9.txt,BBLCT,20,8,96,20,900.0,1,1.0,3,3.1,5,682.16,595030.2,109562880,false,cpu_limit
BF_BF26_h8s20n1.txt,BBLCT,20,8,96,20,900.0,1,1.0,2,2.1,6,652.04,595035.9,142699520,false,cpu_limit
BF_BF26_h8s20n10.txt,BBLCT,20,8,96,20,900.0,1,1.0,3,3.1,7,755.10,595033.4,108849152,false,cpu_limit
BF_BF26_h8s20n11.txt,BBLCT,20,8,96,20,900.0,2,2.1,3,3.1,6,620.41,595032.5,122757120,false,cpu_limit
BF_BF26_h8s20n12.txt,BBLCT,20,8,96,20,900.0,0,0.0,2,2.1,6,785.48,595026.7,126527488,false,cpu_limit
BF_BF26_h8s20n13.txt,BBLCT,20,8,96,20,900.0,0,0.0,3,3.1,7,854.05,595035.2,123154432,false,cpu_limit
BF_BF26_h8s20n14.txt,BBLCT,20,8,96,20,900.0,0,0.0,2,2.1,4,545.04,595033.2,143866880,false,cpu_limit
BF_BF26_h8s20n15.txt,BBLCT,20,8,96,20,900.0,0,0.0,2,2.1,5,672.93,595038.4,128265216,false,cpu_limit
BF_BF26_h8s20n16.txt,BBLCT,20,8,96,20,900.0,0,0.0,2,2.1,5,655.74,595033.0,121726976,false,cpu_limit
BF_BF26_h8s20n17.txt,BBLCT,20,8,96,20,900.0,0,0.0,3,3.1,6,647.87,595032.6,107875328,false,cpu_limit
BF_BF26_h8s20n18.txt,BBLCT,20,8,96,20,900.0,1,1.0,3,3.1,7,761.83,595031.0,131853312,false,cpu_limit
BF_BF26_h8s20n19.txt,BBLCT,20,8,96,20,900.0,2,2.1,4,4.2,5,669.21,595039.9,114844672,false,cpu_limit
BF_BF26_h8s20n2.txt,BBLCT,20,8,96,20,900.0,2,2.1,4,4.2,7,782.10,595035.6,122130432,false,cpu_limit
BF_BF26_h8s20n20.txt,BBLCT,20,8,96,20,900.0,1,1.0,4,4.2,6,685.40,595034.0,116850688,false,cpu_limit
BF_BF26_h8s20n3.txt,BBLCT,20,8,96,20,900.0,2,2.1,4,4.2,6,707.30,595033.5,131826688,false,cpu_limit
BF_BF26_h8s20n4.txt,BBLCT,20,8,96,20,900.0,0,0.0,3,3.1,6,749.58,595036.5,108140544,false,cpu_limit
BF_BF26_h8s20n5.txt,BBLCT,20,8,96,20,900.0,1,1.0,2,2.1,7,785.06,595036.4,136389632,false,cpu_limit
BF_BF26_h8s20n6.txt,BBLCT,20,8,96,20,900.0,1,1.0,2,2.1,5,639.61,595035.3,125549568,false,cpu_limit
BF_BF26_h8s20n7.txt,BBLCT,20,8,96,20,900.0,1,1.0,2,2.1,6,637.97,595033.9,122791936,false,cpu_limit
BF_BF26_h8s20n8.txt,BBLCT,20,8,96,20,900.0,0,0.0,4,4.2,7,836.64,595035.7,118778880,false,cpu_limit
BF_BF26_h8s20n9.txt,BBLCT,20,8,96,20,900.0,1,1.0,2,2.1,5,570.22,595027.9,123411456,false,cpu_limit
BF_BF27_h8s20n1.txt,BBLCT,20,8,96,39,900.0,1,1.0,5,5.2,8,793.54,595028.7,101480448,false,cpu_limit
BF_BF27_h8s20n10.txt,BBLCT,20,8,96,39,900.0,0,0.0,2,2.1,6,716.79,595035.8,101356544,false,cpu_limit
BF_BF27_h8s20n11.txt,BBLCT,20,8,96,39,900.0,1,1.0,5,5.2,6,853.59,595037.3,92905472,false,cpu_limit
BF_BF27_h8s20n12.txt,BBLCT,20,8,96,39,900.0,0,0.0,1,1.0,6,627.13,595029.1,106592256,false,cpu_limit
BF_BF27_h8s20n13.txt,BBLCT,20,8,96,39,900.0,0,0.0,1,1.0,6,868.31,595032.8,104195072,false,cpu_limit
BF_BF27_h8s20n14.txt,BBLCT,20,8,96,39,900.0,2,2.1,4,4.2,7,765.56,595025.3,101809152,false,cpu_limit
BF_BF27_h8s20n15.txt,BBLCT,20,8,96,39,900.0,1,1.0,1,1.0,0,0.00,595031.2,112721920,false,cpu_limit
BF_BF27_h8s20n16.txt,BBLCT,20,8,96,39,900.0,0,0.0,3,3.1,8,893.12,595031.3,102074368,false,cpu_limit
BF_BF27_h8s20n17.txt,BBLCT,20,8,96,39,900.0,1,1.0,4,4.2,7,853.87,595030.8,103357440,false,cpu_limit
BF_BF27_h8s20n18.txt,BBLCT,20,8,96,39,900.0,0,0.0,2,2.1,5,746.17,595041.7,109599744,false,cpu_limit
BF_BF27_h8s20n19.txt,BBLCT,20,8,96,39,900.0,2,2.1,2,2.1,0,0.00,595038.8,108603392,false,cpu_limit
BF_BF27_h8s20n2.txt,BBLCT,20,8,96,39,900.0,1,1.0,3,3.1,5,730.98,595033.9,106875904,false,cpu_limit
BF_BF27_h8s20n20.txt,BBLCT,20,8,96,39,900.0,1,1.0,4,4.2,6,856.81,595036.6,107964416,false,cpu_limit
BF_BF27_h8s20n3.txt,BBLCT,20,8,96,39,900.0,0,0.0,1,1.0,6,802.13,595032.4,110155776,false,cpu_limit
BF_BF27_h8s20n4.txt,BBLCT,20,8,96,39,900.0,1,1.0,3,3.1,7,723.04,595035.9,108589056,false,cpu_limit
BF_BF27_h8s20n5.txt,BBLCT,20,8,96,39,900.0,2,2.1,2,2.1,0,0.00,595032.1,106795008,false,cpu_limit
BF_BF27_h8s20n6.txt,BBLCT,20,8,96,39,900.0,2,2.1,3,3.1,5,752.81,595030.7,108771328,false,cpu_limit
BF_BF27_h8s20n7.txt,BBLCT,20,8,96,39,900.0,0,0.0,3,3.1,7,879.36,595031.2,96149504,false,cpu_limit
BF_BF27_h8s20n8.txt,BBLCT,20,8,96,39,900.0,1,1.0,1,1.0,0,0.00,595032.8,109776896,false,cpu_limit
BF_BF27_h8s20n9.txt,BBLCT,20,8,96,39,900.0,0,0.0,5,5.2,6,855.61,595030.3,101868544,false,cpu_limit
BF_BF28_h8s20n1.txt,BBLCT,20,8,96,39,900.0,1,1.0,4,4.2,4,613.12,595030.5,118648832,false,cpu_limit
BF_BF28_h8s20n10.txt,BBLCT,20,8,96,39,900.0,1,1.0,2,2.1,5,589.67,595030.8,107465728,false,cpu_limit
BF_BF28_h8s20n11.txt,BBLCT,20,8,96,39,900.0,1,1.0,3,3.1,8,805.64,595029.5,135518208,false,cpu_limit
BF_BF28_h8s20n12.txt,BBLCT,20,8,96,39,900.0,0,0.0,2,2.1,6,839.76,595035.1,130055168,false,cpu_limit
BF_BF28_h8s20n13.txt,BBLCT,20,8,96,39,900.0,1,1.0,2,2.1,7,838.10,595030.5,107232256,false,cpu_limit
BF_BF28_h8s20n14.txt,BBLCT,20,8,96,39,900.0,1,1.0,2,2.1,6,690.77,595037.5,121156608,false,cpu_limit
BF_BF28_h8s20n15.txt,BBLCT,20,8,96,39,900.0,0,0.0,2,2.1,8,876.58,595031.6,123829248,false,cpu_limit
BF_BF28_h8s20n16.txt,BBLCT,20,8,96,39,900.0,1,1.0,2,2.1,4,570.04,595029.2,122178560,false,cpu_limit
BF_BF28_h8s20n17.txt,BBLCT,20,8,96,39,900.0,1,1.0,2,2.1,1,180.02,595035.8,110872576,false,cpu_limit
BF_BF28_h8s20n18.txt,BBLCT,20,8,96,39,900.0,0,0.0,1,1.0,6,797.50,595029.9,125114368,false,cpu_limit
BF_BF28_h8s20n19.txt,BBLCT,20,8,96,39,900.0,0,0.0,2,2.1,8,847.36,595032.9,117675008,false,cpu_limit
BF_BF28_h8s20n2.txt,BBLCT,20,8,96,39,900.0,0,0.0,2,2.1,7,818.24,595029.2,127342592,false,cpu_limit
BF_BF28_h8s20n20.txt,BBLCT,20,8,96,39,900.0,0,0.0,2,2.1,5,766.86,595032.9,107659264,false,cpu_limit
BF_BF28_h8s20n3.txt,BBLCT,20,8,96,39,900.0,0,0.0,5,5.2,7,734.61,595031.4,123965440,false,cpu_limit
BF_BF28_h8s20n4.txt,BBLCT,20,8,96,39,900.0,0,0.0,1,1.0,5,578.07,595028.6,138374144,false,cpu_limit
BF_BF28_h8s20n5.txt,BBLCT,20,8,96,39,900.0,0,0.0,1,1.0,6,787.63,595034.4,114065408,false,cpu_limit
BF_BF28_h8s20n6.txt,BBLCT,20,8,96,39,900.0,0,0.0,2,2.1,6,709.27,595036.6,104968192,false,cpu_limit
BF_BF28_h8s20n7.txt,BBLCT,20,8,96,39,900.0,0,0.0,2,2.1,7,780.27,595041.1,109371392,false,cpu_limit
BF_BF28_h8s20n8.txt,BBLCT,20,8,96,39,900.0,0,0.0,1,1.0,5,557.50,595038.2,131794944,false,cpu_limit
BF_BF28_h8s20n9.txt,BBLCT,20,8,96,39,900.0,0,0.0,1,1.0,4,534.15,595034.7,114860032,false,cpu_limit
BF_BF29_h8s20n1.txt,BBLCT,20,8,128,26,900.0,1,0.8,4,3.1,8,893.44,595033.3,122707968,false,cpu_limit
BF_BF29_h8s20n10.txt,BBLCT,20,8,128,26,900.0,0,0.0,2,1.6,7,775.79,595038.0,132249600,false,cpu_limit
BF_BF29_h8s20n11.txt,BBLCT,20,8,128,26,900.0,1,0.8,2,1.6,7,814.10,595031.2,117550080,false,cpu_limit
BF_BF29_h8s20n12.txt,BBLCT,20,8,128,26,900.0,0,0.0,2,1.6,7,762.47,595031.2,133517312,false,cpu_limit
BF_BF29_h8s20n13.txt,BBLCT,20,8,128,26,900.0,1,0.8,3,2.3,6,628.25,595026.7,122022912,false,cpu_limit
BF_BF29_h8s20n14.txt,BBLCT,20,8,128,26,900.0,1,0.8,2,1.6,5,645.18,595026.5,135541760,false,cpu_limit
BF_BF29_h8s20n15.txt,BBLCT,20,8,128,26,900.0,2,1.6,3,2.3,5,636.88,595032.2,124375040,false,cpu_limit
BF_BF29_h8s20n16.txt,BBLCT,20,8,128,26,900.0,0,0.0,2,1.6,7,802.92,595041.6,129741824,false,cpu_limit
BF_BF29_h8s20n17.txt,BBLCT,20,8,128,26,900.0,0,0.0,1,0.8,6,725.22,595038.5,121436160,false,cpu_limit
BF_BF29_h8s20n18.txt,BBLCT,20,8,128,26,900.0,2,1.6,3,2.3,5,618.08,595032.2,117496832,false,cpu_limit
BF_BF29_h8s20n19.txt,BBLCT,20,8,128,26,900.0,2,1.6,3,2.3,8,799.38,595037.9,118666240,false,cpu_limit
BF_BF29_h8s20n2.txt,BBLCT,20,8,128,26,900.0,0,0.0,1,0.8,7,756.29,595043.0,122104832,false,cpu_limit
BF_BF29_h8s20n20.txt,BBLCT,20,8,128,26,900.0,0,0.0,1,0.8,5,645.35,595030.6,129205248,false,cpu_limit
BF_BF29_h8s20n3.txt,BBLCT,20,8,128,26,900.0,0,0.0,1,0.8,5,641.12,595039.5,125967360,false,cpu_limit
BF_BF29_h8s20n4.txt,BBLCT,20,8,128,26,900.0,2,1.6,4,3.1,6,694.92,595028.4,126158848,false,cpu_limit
BF_BF29_h8s20n5.txt,BBLCT,20,8,128,26,900.0,2,1.6,4,3.1,7,675.55,595041.1,119606272,false,cpu_limit
BF_BF29_h8s20n6.txt,BBLCT,20,8,128,26,900.0,0,0.0,2,1.6,6,771.74,595035.7,127868928,false,cpu_limit
BF_BF29_h8s20n7.txt,BBLCT,20,8,128,26,900.0,0,0.0,2,1.6,7,887.66,595034.0,141999104,false,cpu_limit
BF_BF29_h8s20n8.txt,BBLCT,20,8,128,26,900.0,1,0.8,2,1.6,6,717.33,595044.3,124075008,false,cpu_limit
BF_BF29_h8s20n9.txt,BBLCT,20,8,128,26,900.0,2,1.6,2,1.6,0,0.00,595037.2,124979200,false,cpu_limit
BF_BF2_h5s16n1.txt,BBLCT,16,5,48,10,900.0,1,2.1,3,6.2,7,712.69,595032.4,227704832,false,cpu_limit
BF_BF2_h5s16n10.txt,BBLCT,16,5,48,10,900.0,2,4.2,4,8.3,6,613.32,595031.6,240013312,false,cpu_limit
BF_BF2_h5s16n11.txt,BBLCT,16,5,48,10,900.0,2,4.2,3,6.2,5,516.86,595028.0,236019712,false,cpu_limit
BF_BF2_h5s16n12.txt,BBLCT,16,5,48,10,900.0,1,2.1,4,8.3,7,778.99,595032.6,216628224,false,cpu_limit
BF_BF2_h5s16n13.txt,BBLCT,16,5,48,10,900.0,1,2.1,3,6.2,8,805.54,595031.9,242710528,false,cpu_limit
BF_BF2_h5s16n14.txt,BBLCT,16,5,48,10,900.0,1,2.1,3,6.2,7,705.72,595038.9,222246912,false,cpu_limit
BF_BF2_h5s16n15.txt,BBLCT,16,5,48,10,900.0,1,2.1,2,4.2,6,686.50,595027.8,224480256,false,cpu_limit
BF_BF2_h5s16n16.txt,BBLCT,16,5,48,10,900.0,0,0.0,3,6.2,7,676.84,595029.7,237266944,false,cpu_limit
BF_BF2_h5s16n17.txt,BBLCT,16,5,48,10,900.0,2,4.2,6,12.5,8,872.23,595029.9,220654592,false,cpu_limit
BF_BF2_h5s16n18.txt,BBLCT,16,5,48,10,900.0,1,2.1,3,6.2,6,684.57,595034.3,241082368,false,cpu_limit
BF_BF2_h5s16n19.txt,BBLCT,16,5,48,10,900.0,0,0.0,4,8.3,6,759.01,595033.4,245078016,false,cpu_limit
BF_BF2_h5s16n2.txt,BBLCT,16,5,48,10,900.0,1,2.1,3,6.2,7,709.09,595030.4,217306112,false,cpu_limit
BF_BF2_h5s16n20.txt,BBLCT,16,5,48,10,900.0,1,2.1,6,12.5,8,833.18,595033.5,217476096,false,cpu_limit
BF_BF2_h5s16n3.txt,BBLCT,16,5,48,10,900.0,1,2.1,4,8.3,8,871.36,595035.4,229690368,false,cpu_limit
BF_BF2_h5s16n4.txt,BBLCT,16,5,48,10,900.0,2,4.2,4,8.3,8,781.10,595033.0,227523584,false,cpu_limit
BF_BF2_h5s16n5.txt,BBLCT,16,5,48,10,900.0,1,2.1,5,10.4,5,521.25,595034.4,236691456,false,cpu_limit
BF_BF2_h5s16n6.txt,BBLCT,16,5,48,10,900.0,1,2.1,3,6.2,7,774.04,595032.8,225130496,false,cpu_limit
BF_BF2_h5s16n7.txt,BBLCT,16,5,48,10,900.0,4,8.3,7,14.6,7,778.58,595033.4,247981056,false,cpu_limit
BF_BF2_h5s16n8.txt,BBLCT,16,5,48,10,900.0,0,0.0,3,6.2,7,811.15,595034.9,227479552,false,cpu_limit
BF_BF2_h5s16n9.txt,BBLCT,16,5,48,10,900.0,1,2.1,4,8.3,7,790.08,595028.2,221721600,false,cpu_limit
BF_BF30_h8s20n1.txt,BBLCT,20,8,128,26,900.0,1,0.8,3,2.3,7,733.15,595034.7,134788096,false,cpu_limit
BF_BF30_h8s20n10.txt,BBLCT,20,8,128,26,900.0,0,0.0,2,1.6,7,700.55,595034.6,123517952,false,cpu_limit
BF_BF30_h8s20n11.txt,BBLCT,20,8,128,26,900.0,2,1.6,3,2.3,6,760.57,595032.4,144356352,false,cpu_limit
BF_BF30_h8s20n12.txt,BBLCT,20,8,128,26,900.0,0,0.0,1,0.8,5,734.51,595030.7,144824320,false,cpu_limit
BF_BF30_h8s20n13.txt,BBLCT,20,8,128,26,900.0,1,0.8,3,2.3,7,793.98,595030.8,138481664,false,cpu_limit
BF_BF30_h8s20n14.txt,BBLCT,20,8,128,26,900.0,1,0.8,1,0.8,0,0.00,595034.6,131912704,false,cpu_limit
BF_BF30_h8s20n15.txt,BBLCT,20,8,128,26,900.0,1,0.8,1,0.8,0,0.00,595028.7,120381440,false,cpu_limit
BF_BF30_h8s20n16.txt,BBLCT,20,8,128,26,900.0,1,0.8,2,1.6,8,753.58,595033.8,120685568,false,cpu_limit
BF_BF30_h8s20n17.txt,BBLCT,20,8,128,26,900.0,1,0.8,3,2.3,7,771.25,595027.6,142749696,false,cpu_limit
BF_BF30_h8s20n18.txt,BBLCT,20,8,128,26,900.0,1,0.8,1,0.8,0,0.00,595038.5,139219968,false,cpu_limit
BF_BF30_h8s20n19.txt,BBLCT,20,8,128,26,900.0,0,0.0,2,1.6,6,691.06,595032.4,136089600,false,cpu_limit
BF_BF30_h8s20n2.txt,BBLCT,20,8,128,26,900.0,1,0.8,1,0.8,0,0.00,595031.4,126620672,false,cpu_limit
BF_BF30_h8s20n20.txt,BBLCT,20,8,128,26,900.0,2,1.6,4,3.1,7,889.66,595032.5,130301952,false,cpu_limit
BF_BF30_h8s20n3.txt,BBLCT,20,8,128,26,900.0,1,0.8,2,1.6,7,703.87,595031.6,135375872,false,cpu_limit
BF_BF30_h8s20n4.txt,BBLCT,20,8,128,26,900.0,1,0.8,2,1.6,7,716.08,595030.3,137179136,false,cpu_limit
BF_BF30_h8s20n5.txt,BBLCT,20,8,128,26,900.0,1,0.8,2,1.6,5,587.06,595032.0,137737216,false,cpu_limit
BF_BF30_h8s20n6.txt,BBLCT,20,8,128,26,900.0,0,0.0,2,1.6,6,716.52,595031.0,144230400,false,cpu_limit
BF_BF30_h8s20n7.txt,BBLCT,20,8,128,26,900.0,2,1.6,2,1.6,0,0.00,595034.9,131093504,false,cpu_limit
BF_BF30_h8s20n8.txt,BBLCT,20,8,128,26,900.0,1,0.8,2,1.6,7,814.22,595029.0,133911552,false,cpu_limit
BF_BF30_h8s20n9.txt,BBLCT,20,8,128,26,900.0,3,2.3,4,3.1,5,648.89,595037.1,145483776,false,cpu_limit
BF_BF31_h8s20n1.txt,BBLCT,20,8,128,52,900.0,0,0.0,1,0.8,7,885.00,595028.1,121143296,false,cpu_limit
BF_BF31_h8s20n10.txt,BBLCT,20,8,128,52,900.0,0,0.0,1,0.8,5,616.51,595027.5,121110528,false,cpu_limit
BF_BF31_h8s20n11.txt,BBLCT,20,8,128,52,900.0,0,0.0,1,0.8,6,668.89,595027.5,120779776,false,cpu_limit
BF_BF31_h8s20n12.txt,BBLCT,20,8,128,52,900.0,1,0.8,2,1.6,6,608.21,595034.5,114557952,false,cpu_limit
BF_BF31_h8s20n13.txt,BBLCT,20,8,128,52,900.0,1,0.8,2,1.6,6,720.68,595037.0,120016896,false,cpu_limit
BF_BF31_h8s20n14.txt,BBLCT,20,8,128,52,900.0,0,0.0,1,0.8,8,830.81,595028.6,128721920,false,cpu_limit
BF_BF31_h8s20n15.txt,BBLCT,20,8,128,52,900.0,0,0.0,5,3.9,8,896.09,595035.0,123398144,false,cpu_limit
BF_BF31_h8s20n16.txt,BBLCT,20,8,128,52,900.0,2,1.6,3,2.3,8,825.25,595034.2,129858560,false,cpu_limit
BF_BF31_h8s20n17.txt,BBLCT,20,8,128,52,900.0,0,0.0,1,0.8,6,694.03,595036.5,128175104,false,cpu_limit
BF_BF31_h8s20n18.txt,BBLCT,20,8,128,52,900.0,0,0.0,1,0.8,6,698.21,595040.3,127392768,false,cpu_limit
BF_BF31_h8s20n19.txt,BBLCT,20,8,128,52,900.0,0,0.0,1,0.8,7,823.69,595029.1,117531648,false,cpu_limit
BF_BF31_h8s20n2.txt,BBLCT,20,8,128,52,900.0,3,2.3,3,2.3,0,0.00,595028.2,114515968,false,cpu_limit
BF_BF31_h8s20n20.txt,BBLCT,20,8,128,52,900.0,0,0.0,1,0.8,6,714.95,595031.2,131556352,false,cpu_limit
BF_BF31_h8s20n3.txt,BBLCT,20,8,128,52,900.0,3,2.3,4,3.1,7,757.38,595033.6,115383296,false,cpu_limit
BF_BF31_h8s20n4.txt,BBLCT,20,8,128,52,900.0,2,1.6,3,2.3,6,780.66,595037.4,121706496,false,cpu_limit
BF_BF31_h8s20n5.txt,BBLCT,20,8,128,52,900.0,0,0.0,2,1.6,8,780.19,595031.3,125786112,false,cpu_limit
BF_BF31_h8s20n6.txt,BBLCT,20,8,128,52,900.0,1,0.8,1,0.8,0,0.00,595033.0,128514048,false,cpu_limit
BF_BF31_h8s20n7.txt,BBLCT,20,8,128,52,900.0,0,0.0,2,1.6,8,840.32,595040.7,125971456,false,cpu_limit
BF_BF31_h8s20n8.txt,BBLCT,20,8,128,52,900.0,0,0.0,1,0.8,6,707.74,595032.3,122760192,false,cpu_limit
BF_BF31_h8s20n9.txt,BBLCT,20,8,128,52,900.0,1,0.8,3,2.3,8,834.02,595030.3,123868160,false,cpu_limit
BF_BF32_h8s20n1.txt,BBLCT,20,8,128,52,900.0,0,0.0,1,0.8,6,645.86,595039.7,152004608,false,cpu_limit
BF_BF32_h8s20n10.txt,BBLCT,20,8,128,52,900.0,0,0.0,1,0.8,6,766.48,595028.9,148972544,false,cpu_limit
BF_BF32_h8s20n11.txt,BBLCT,20,8,128,52,900.0,0,0.0,1,0.8,7,759.20,595035.8,150429696,false,cpu_limit
BF_BF32_h8s20n12.txt,BBLCT,20,8,128,52,900.0,1,0.8,1,0.8,0,0.00,595031.9,126179328,false,cpu_limit
BF_BF32_h8s20n13.txt,BBLCT,20,8,128,52,900.0,1,0.8,1,0.8,0,0.00,595033.3,131473408,false,cpu_limit
BF_BF32_h8s20n14.txt,BBLCT,20,8,128,52,900.0,0,0.0,0,0.0,0,0.00,595035.5,122161152,false,cpu_limit
BF_BF32_h8s20n15.txt,BBLCT,20,8,128,52,900.0,0,0.0,0,0.0,0,0.00,595034.9,137594880,false,cpu_limit
BF_BF32_h8s20n16.txt,BBLCT,20,8,128,52,900.0,1,0.8,2,1.6,6,659.66,595031.4,122534912,false,cpu_limit
BF_BF32_h8s20n17.txt,BBLCT,20,8,128,52,900.0,0,0.0,1,0.8,7,881.59,595037.4,116503552,false,cpu_limit
BF_BF32_h8s20n18.txt,BBLCT,20,8,128,52,900.0,0,0.0,1,0.8,6,599.53,595034.5,130508800,false,cpu_limit
BF_BF32_h8s20n19.txt,BBLCT,20,8,128,52,900.0,1,0.8,2,1.6,6,624.02,595030.4,134880256,false,cpu_limit
BF_BF32_h8s20n2.txt,BBLCT,20,8,128,52,900.0,0,0.0,3,2.3,8,891.46,595034.2,140964864,false,cpu_limit
BF_BF32_h8s20n20.txt,BBLCT,20,8,128,52,900.0,0,0.0,1,0.8,7,868.82,595038.7,147078144,false,cpu_limit
BF_BF32_h8s20n3.txt,BBLCT,20,8,128,52,900.0,1,0.8,2,1.6,7,734.77,595042.2,153210880,false,cpu_limit
BF_BF32_h8s20n4.txt,BBLCT,20,8,128,52,900.0,1,0.8,2,1.6,7,804.02,595039.1,120309760,false,cpu_limit
BF_BF32_h8s20n5.txt,BBLCT,20,8,128,52,900.0,0,0.0,1,0.8,7,745.98,595037.8,145965056,false,cpu_limit
BF_BF32_h8s20n6.txt,BBLCT,20,8,128,52,900.0,0,0.0,3,2.3,6,738.27,595033.6,132211712,false,cpu_limit
BF_BF32_h8s20n7.txt,BBLCT,20,8,128,52,900.0,0,0.0,2,1.6,6,663.83,595048.2,131028992,false,cpu_limit
BF_BF32_h8s20n8.txt,BBLCT,20,8,128,52,900.0,0,0.0,1,0.8,5,525.94,595036.9,148127744,false,cpu_limit
BF_BF32_h8s20n9.txt,BBLCT,20,8,128,52,900.0,0,0.0,1,0.8,6,837.70,595028.8,119876608,false,cpu_limit
BF_BF3_h5s16n1.txt,BBLCT,16,5,48,20,900.0,1,2.1,2,4.2,4,527.06,595038.2,219835392,false,cpu_limit
BF_BF3_h5s16n10.txt,BBLCT,16,5,48,20,900.0,1,2.1,7,14.6,8,842.05,595039.1,196239360,false,cpu_limit
BF_BF3_h5s16n11.txt,BBLCT,16,5,48,20,900.0,0,0.0,2,4.2,7,726.66,595034.2,207532032,false,cpu_limit
BF_BF3_h5s16n12.txt,BBLCT,16,5,48,20,900.0,1,2.1,2,4.2,7,743.60,595031.3,201001984,false,cpu_limit
BF_BF3_h5s16n13.txt,BBLCT,16,5,48,20,900.0,1,2.1,2,4.2,5,672.98,595034.5,205265920,false,cpu_limit
BF_BF3_h5s16n14.txt,BBLCT,16,5,48,20,900.0,2,4.2,6,12.5,8,811.98,595033.5,173324288,false,cpu_limit
BF_BF3_h5s16n15.txt,BBLCT,16,5,48,20,900.0,0,0.0,1,2.1,5,618.76,595028.7,205818880,false,cpu_limit
BF_BF3_h5s16n16.txt,BBLCT,16,5,48,20,900.0,1,2.1,2,4.2,6,611.66,595027.7,191006720,false,cpu_limit
BF_BF3_h5s16n17.txt,BBLCT,16,5,48,20,900.0,1,2.1,3,6.2,7,729.59,595033.3,193656832,false,cpu_limit
BF_BF3_h5s16n18.txt,BBLCT,16,5,48,20,900.0,2,4.2,4,8.3,8,851.60,595030.5,195708928,false,cpu_limit
BF_BF3_h5s16n19.txt,BBLCT,16,5,48,20,900.0,1,2.1,5,10.4,9,891.92,595029.0,174014464,false,cpu_limit
BF_BF3_h5s16n2.txt,BBLCT,16,5,48,20,900.0,0,0.0,4,8.3,8,857.51,595027.4,199481344,false,cpu_limit
BF_BF3_h5s16n20.txt,BBLCT,16,5,48,20,900.0,1,2.1,2,4.2,6,646.25,595042.2,203773952,false,cpu_limit
BF_BF3_h5s16n3.txt,BBLCT,16,5,48,20,900.0,2,4.2,2,4.2,0,0.00,595033.3,187054080,false,cpu_limit
BF_BF3_h5s16n4.txt,BBLCT,16,5,48,20,900.0,1,2.1,3,6.2,7,721.02,595035.5,206724096,false,cpu_limit
BF_BF3_h5s16n5.txt,BBLCT,16,5,48,20,900.0,1,2.1,4,8.3,6,619.41,595025.5,190283776,false,cpu_limit
BF_BF3_h5s16n6.txt,BBLCT,16,5,48,20,900.0,1,2.1,3,6.2,8,857.10,595034.2,210806784,false,cpu_limit
BF_BF3_h5s16n7.txt,BBLCT,16,5,48,20,900.0,1,2.1,3,6.2,7,799.10,595035.0,194824192,false,cpu_limit
BF_BF3_h5s16n8.txt,BBLCT,16,5,48,20,900.0,0,0.0,3,6.2,8,823.53,595039.0,198579200,false,cpu_limit
BF_BF3_h5s16n9.txt,BBLCT,16,5,48,20,900.0,1,2.1,2,4.2,5,577.14,595031.4,179036160,false,cpu_limit
BF_BF4_h5s16n1.txt,BBLCT,16,5,48,20,900.0,0,0.0,2,4.2,8,803.44,595031.2,233418752,false,cpu_limit
BF_BF4_h5s16n10.txt,BBLCT,16,5,48,20,900.0,0,0.0,3,6.2,8,799.67,595033.1,236010496,false,cpu_limit
BF_BF4_h5s16n11.txt,BBLCT,16,5,48,20,900.0,0,0.0,1,2.1,8,889.84,595031.2,224731136,false,cpu_limit
BF_BF4_h5s16n12.txt,BBLCT,16,5,48,20,900.0,0,0.0,2,4.2,6,745.11,595035.2,229063680,false,cpu_limit
BF_BF4_h5s16n13.txt,BBLCT,16,5,48,20,900.0,1,2.1,4,8.3,6,617.11,595035.7,222278656,false,cpu_limit
BF_BF4_h5s16n14.txt,BBLCT,16,5,48,20,900.0,1,2.1,1,2.1,0,0.00,595037.5,241554432,false,cpu_limit
BF_BF4_h5s16n15.txt,BBLCT,16,5,48,20,900.0,0,0.0,2,4.2,7,767.96,595034.2,235129856,false,cpu_limit
BF_BF4_h5s16n16.txt,BBLCT,16,5,48,20,900.0,1,2.1,4,8.3,7,734.16,595027.6,236269568,false,cpu_limit
BF_BF4_h5s16n17.txt,BBLCT,16,5,48,20,900.0,1,2.1,4,8.3,5,585.86,595033.1,224461824,false,cpu_limit
BF_BF4_h5s16n18.txt,BBLCT,16,5,48,20,900.0,1,2.1,4,8.3,8,859.15,595032.8,225745920,false,cpu_limit
BF_BF4_h5s16n19.txt,BBLCT,16,5,48,20,900.0,1,2.1,5,10.4,5,599.60,595025.5,223644672,false,cpu_limit
BF_BF4_h5s16n2.txt,BBLCT,16,5,48,20,900.0,1,2.1,4,8.3,7,748.63,595034.2,229041152,false,cpu_limit
BF_BF4_h5s16n20.txt,BBLCT,16,5,48,20,900.0,1,2.1,4,8.3,7,842.23,595041.8,223460352,false,cpu_limit
BF_BF4_h5s16n3.txt,BBLCT,16,5,48,20,900.0,0,0.0,3,6.2,8,813.01,595027.8,228314112,false,cpu_limit
BF_BF4_h5s16n4.txt,BBLCT,16,5,48,20,900.0,0,0.0,1,2.1,5,523.15,595037.5,223594496,false,cpu_limit
BF_BF4_h5s16n5.txt,BBLCT,16,5,48,20,900.0,0,0.0,1,2.1,7,818.87,595029.2,220442624,false,cpu_limit
BF_BF4_h5s16n6.txt,BBLCT,16,5,48,20,900.0,2,4.2,4,8.3,8,843.44,595028.7,227645440,false,cpu_limit
BF_BF4_h5s16n7.txt,BBLCT,16,5,48,20,900.0,0,0.0,3,6.2,8,865.57,595033.3,238420992,false,cpu_limit
BF_BF4_h5s16n8.txt,BBLCT,16,5,48,20,900.0,0,0.0,1,2.1,5,608.49,595038.3,217790464,false,cpu_limit
BF_BF4_h5s16n9.txt,BBLCT,16,5,48,20,900.0,0,0.0,1,2.1,5,521.72,595028.1,223349760,false,cpu_limit
BF_BF5_h5s16n1.txt,BBLCT,16,5,64,13,900.0,1,1.6,3,4.7,6,610.60,595030.5,201753600,false,cpu_limit
BF_BF5_h5s16n10.txt,BBLCT,16,5,64,13,900.0,1,1.6,8,12.5,9,841.85,595031.8,239554560,false,cpu_limit
BF_BF5_h5s16n11.txt,BBLCT,16,5,64,13,900.0,1,1.6,3,4.7,6,702.77,595036.7,232624128,false,cpu_limit
BF_BF5_h5s16n12.txt,BBLCT,16,5,64,13,900.0,1,1.6,5,7.8,8,794.61,595030.5,223520768,false,cpu_limit
BF_BF5_h5s16n13.txt,BBLCT,16,5,64,13,900.0,0,0.0,2,3.1,8,739.63,595038.9,215402496,false,cpu_limit
BF_BF5_h5s16n14.txt,BBLCT,16,5,64,13,900.0,2,3.1,4,6.2,8,824.03,595029.5,207798272,false,cpu_limit
BF_BF5_h5s16n15.txt,BBLCT,16,5,64,13,900.0,3,4.7,4,6.2,6,632.49,595034.5,218377216,false,cpu_limit
BF_BF5_h5s16n16.txt,BBLCT,16,5,64,13,900.0,1,1.6,3,4.7,7,741.95,595029.9,234715136,false,cpu_limit
BF_BF5_h5s16n17.txt,BBLCT,16,5,64,13,900.0,1,1.6,4,6.2,7,709.10,595030.2,218372096,false,cpu_limit
BF_BF5_h5s16n18.txt,BBLCT,16,5,64,13,900.0,1,1.6,3,4.7,9,888.05,595027.5,206638080,false,cpu_limit
BF_BF5_h5s16n19.txt,BBLCT,16,5,64,13,900.0,2,3.1,4,6.2,7,724.91,595027.2,238585856,false,cpu_limit
BF_BF5_h5s16n2.txt,BBLCT,16,5,64,13,900.0,1,1.6,2,3.1,6,606.17,595032.1,229885952,false,cpu_limit
BF_BF5_h5s16n20.txt,BBLCT,16,5,64,13,900.0,2,3.1,4,6.2,7,744.52,595036.3,220104704,false,cpu_limit
BF_BF5_h5s16n3.txt,BBLCT,16,5,64,13,900.0,2,3.1,7,10.9,7,737.99,595035.6,228706304,false,cpu_limit
BF_BF5_h5s16n4.txt,BBLCT,16,5,64,13,900.0,4,6.2,7,10.9,6,665.58,595040.0,222433280,false,cpu_limit
BF_BF5_h5s16n5.txt,BBLCT,16,5,64,13,900.0,1,1.6,3,4.7,7,707.08,595036.7,226404352,false,cpu_limit
BF_BF5_h5s16n6.txt,BBLCT,16,5,64,13,900.0,0,0.0,3,4.7,7,749.10,595035.4,221467648,false,cpu_limit
BF_BF5_h5s16n7.txt,BBLCT,16,5,64,13,900.0,0,0.0,3,4.7,8,856.33,595034.8,246346752,false,cpu_limit
BF_BF5_h5s16n8.txt,BBLCT,16,5,64,13,900.0,0,0.0,2,3.1,9,858.89,595034.0,204336128,false,cpu_limit
BF_BF5_h5s16n9.txt,BBLCT,16,5,64,13,900.0,1,1.6,6,9.4,9,861.53,595027.6,209071104,false,cpu_limit
BF_BF6_h5s16n1.txt,BBLCT,16,5,64,13,900.0,2,3.1,5,7.8,8,863.91,595027.7,245401600,false,cpu_limit
BF_BF6_h5s16n10.txt,BBLCT,16,5,64,13,900.0,1,1.6,3,4.7,8,872.11,595027.0,252411904,false,cpu_limit
BF_BF6_h5s16n11.txt,BBLCT,16,5,64,13,900.0,0,0.0,2,3.1,5,557.29,595026.5,248830976,false,cpu_limit
BF_BF6_h5s16n12.txt,BBLCT,16,5,64,13,900.0,0,0.0,2,3.1,6,653.30,595035.1,243855360,false,cpu_limit
BF_BF6_h5s16n13.txt,BBLCT,16,5,64,13,900.0,2,3.1,4,6.2,7,847.07,595026.5,241451008,false,cpu_limit
BF_BF6_h5s16n14.txt,BBLCT,16,5,64,13,900.0,1,1.6,3,4.7,7,783.20,595034.0,236226560,false,cpu_limit
BF_BF6_h5s16n15.txt,BBLCT,16,5,64,13,900.0,0,0.0,3,4.7,7,717.74,595030.0,251502592,false,cpu_limit
BF_BF6_h5s16n16.txt,BBLCT,16,5,64,13,900.0,2,3.1,7,10.9,9,872.00,595027.8,247696384,false,cpu_limit
BF_BF6_h5s16n17.txt,BBLCT,16,5,64,13,900.0,0,0.0,2,3.1,7,775.60,595027.7,242651136,false,cpu_limit
BF_BF6_h5s16n18.txt,BBLCT,16,5,64,13,900.0,0,0.0,2,3.1,7,724.60,595037.5,229519360,false,cpu_limit
BF_BF6_h5s16n19.txt,BBLCT,16,5,64,13,900.0,2,3.1,3,4.7,5,533.34,595033.8,236828672,false,cpu_limit
BF_BF6_h5s16n2.txt,BBLCT,16,5,64,13,900.0,1,1.6,3,4.7,7,704.39,595028.5,245091328,false,cpu_limit
BF_BF6_h5s16n20.txt,BBLCT,16,5,64,13,900.0,0,0.0,3,4.7,8,799.53,595030.5,248944640,false,cpu_limit
BF_BF6_h5s16n3.txt,BBLCT,16,5,64,13,900.0,2,3.1,3,4.7,5,586.45,595031.5,248412160,false,cpu_limit
BF_BF6_h5s16n4.txt,BBLCT,16,5,64,13,900.0,0,0.0,3,4.7,8,858.29,595030.0,238598144,false,cpu_limit
BF_BF6_h5s16n5.txt,BBLCT,16,5,64,13,900.0,2,3.1,5,7.8,8,897.60,595030.7,238510080,false,cpu_limit
BF_BF6_h5s16n6.txt,BBLCT,16,5,64,13,900.0,0,0.0,3,4.7,8,841.93,595030.3,254832640,false,cpu_limit
BF_BF6_h5s16n7.txt,BBLCT,16,5,64,13,900.0,0,0.0,3,4.7,7,713.83,595033.8,239927296,false,cpu_limit
BF_BF6_h5s16n8.txt,BBLCT,16,5,64,13,900.0,1,1.6,3,4.7,7,766.97,595033.8,253809664,false,cpu_limit
BF_BF6_h5s16n9.txt,BBLCT,16,5,64,13,900.0,5,7.8,6,9.4,6,633.86,595037.4,225553408,false,cpu_limit
BF_BF7_h5s16n1.txt,BBLCT,16,5,64,26,900.0,1,1.6,3,4.7,8,873.48,595035.7,212122624,false,cpu_limit
BF_BF7_h5s16n10.txt,BBLCT,16,5,64,26,900.0,2,3.1,3,4.7,6,583.18,595033.4,196776960,false,cpu_limit
BF_BF7_h5s16n11.txt,BBLCT,16,5,64,26,900.0,1,1.6,4,6.2,9,870.19,595034.2,213504000,false,cpu_limit
BF_BF7_h5s16n12.txt,BBLCT,16,5,64,26,900.0,1,1.6,1,1.6,0,0.00,595038.5,218920960,false,cpu_limit
BF_BF7_h5s16n13.txt,BBLCT,16,5,64,26,900.0,0,0.0,0,0.0,0,0.00,595034.1,208443392,false,cpu_limit
BF_BF7_h5s16n14.txt,BBLCT,16,5,64,26,900.0,1,1.6,2,3.1,6,607.84,595033.5,241602560,false,cpu_limit
BF_BF7_h5s16n15.txt,BBLCT,16,5,64,26,900.0,2,3.1,5,7.8,6,692.69,595032.3,211651584,false,cpu_limit
BF_BF7_h5s16n16.txt,BBLCT,16,5,64,26,900.0,1,1.6,2,3.1,5,523.89,595036.2,218483712,false,cpu_limit
BF_BF7_h5s16n17.txt,BBLCT,16,5,64,26,900.0,0,0.0,2,3.1,7,716.08,595028.9,200733696,false,cpu_limit
BF_BF7_h5s16n18.txt,BBLCT,16,5,64,26,900.0,3,4.7,3,4.7,0,0.00,595033.4,215553024,false,cpu_limit
BF_BF7_h5s16n19.txt,BBLCT,16,5,64,26,900.0,0,0.0,1,1.6,5,557.12,595029.3,209812480,false,cpu_limit
BF_BF7_h5s16n2.txt,BBLCT,16,5,64,26,900.0,1,1.6,4,6.2,9,898.43,595031.7,205960192,false,cpu_limit
BF_BF7_h5s16n20.txt,BBLCT,16,5,64,26,900.0,1,1.6,4,6.2,7,763.09,595027.9,234689536,false,cpu_limit
BF_BF7_h5s16n3.txt,BBLCT,16,5,64,26,900.0,1,1.6,2,3.1,5,576.40,595029.8,205454336,false,cpu_limit
BF_BF7_h5s16n4.txt,BBLCT,16,5,64,26,900.0,2,3.1,8,12.5,7,750.23,595030.5,223545344,false,cpu_limit
BF_BF7_h5s16n5.txt,BBLCT,16,5,64,26,900.0,0,0.0,1,1.6,6,591.77,595032.3,198381568,false,cpu_limit
BF_BF7_h5s16n6.txt,BBLCT,16,5,64,26,900.0,1,1.6,3,4.7,7,652.51,595032.2,213427200,false,cpu_limit
BF_BF7_h5s16n7.txt,BBLCT,16,5,64,26,900.0,1,1.6,2,3.1,8,889.97,595032.3,225516544,false,cpu_limit
BF_BF7_h5s16n8.txt,BBLCT,16,5,64,26,900.0,0,0.0,5,7.8,8,757.11,595036.7,207228928,false,cpu_limit
BF_BF7_h5s16n9.txt,BBLCT,16,5,64,26,900.0,0,0.0,6,9.4,9,876.61,595033.1,214263808,false,cpu_limit
BF_BF8_h5s16n1.txt,BBLCT,16,5,64,26,900.0,1,1.6,1,1.6,0,0.00,595036.6,227360768,false,cpu_limit
BF_BF8_h5s16n10.txt,BBLCT,16,5,64,26,900.0,0,0.0,2,3.1,7,783.42,595030.8,238880768,false,cpu_limit
BF_BF8_h5s16n11.txt,BBLCT,16,5,64,26,900.0,0,0.0,1,1.6,8,861.78,595026.6,227761152,false,cpu_limit
BF_BF8_h5s16n12.txt,BBLCT,16,5,64,26,900.0,0,0.0,1,1.6,6,651.46,595029.8,237151232,false,cpu_limit
BF_BF8_h5s16n13.txt,BBLCT,16,5,64,26,900.0,0,0.0,3,4.7,8,890.05,595027.3,231065600,false,cpu_limit
BF_BF8_h5s16n14.txt,BBLCT,16,5,64,26,900.0,0,0.0,1,1.6,4,513.51,595028.5,244057088,false,cpu_limit
BF_BF8_h5s16n15.txt,BBLCT,16,5,64,26,900.0,1,1.6,2,3.1,6,625.81,595035.5,238578688,false,cpu_limit
BF_BF8_h5s16n16.txt,BBLCT,16,5,64,26,900.0,1,1.6,2,3.1,6,659.20,595028.8,237940736,false,cpu_limit
BF_BF8_h5s16n17.txt,BBLCT,16,5,64,26,900.0,0,0.0,1,1.6,8,825.84,595028.9,232401920,false,cpu_limit
BF_BF8_h5s16n18.txt,BBLCT,16,5,64,26,900.0,1,1.6,3,4.7,7,740.03,595039.3,243747840,false,cpu_limit
BF_BF8_h5s16n19.txt,BBLCT,16,5,64,26,900.0,1,1.6,2,3.1,5,669.57,595031.0,229460992,false,cpu_limit
BF_BF8_h5s16n2.txt,BBLCT,16,5,64,26,900.0,0,0.0,4,6.2,8,821.05,595039.4,230061056,false,cpu_limit
BF_BF8_h5s16n20.txt,BBLCT,16,5,64,26,900.0,1,1.6,2,3.1,6,621.05,595041.0,243865600,false,cpu_limit
BF_BF8_h5s16n3.txt,BBLCT,16,5,64,26,900.0,1,1.6,3,4.7,8,842.17,595028.8,248468480,false,cpu_limit
BF_BF8_h5s16n4.txt,BBLCT,16,5,64,26,900.0,1,1.6,6,9.4,8,813.53,595028.8,245277696,false,cpu_limit
BF_BF8_h5s16n5.txt,BBLCT,16,5,64,26,900.0,1,1.6,5,7.8,8,890.31,595031.1,242375680,false,cpu_limit
BF_BF8_h5s16n6.txt,BBLCT,16,5,64,26,900.0,0,0.0,2,3.1,7,652.72,595031.8,227311616,false,cpu_limit
BF_BF8_h5s16n7.txt,BBLCT,16,5,64,26,900.0,2,3.1,4,6.2,8,843.18,595032.9,236559360,false,cpu_limit
BF_BF8_h5s16n8.txt,BBLCT,16,5,64,26,900.0,1,1.6,8,12.5,8,827.99,595028.8,238547968,false,cpu_limit
BF_BF8_h5s16n9.txt,BBLCT,16,5,64,26,900.0,1,1.6,2,3.1,6,646.09,595030.6,229492736,false,cpu_limit
BF_BF9_h8s16n1.txt,BBLCT,16,8,77,16,900.0,0,0.0,1,1.3,6,686.18,595030.5,158770176,false,cpu_limit
BF_BF9_h8s16n10.txt,BBLCT,16,8,77,16,900.0,1,1.3,2,2.6,5,674.24,595031.0,158083072,false,cpu_limit
BF_BF9_h8s16n11.txt,BBLCT,16,8,77,16,900.0,2,2.6,3,3.9,6,677.98,595026.9,163080192,false,cpu_limit
BF_BF9_h8s16n12.txt,BBLCT,16,8,77,16,900.0,1,1.3,2,2.6,5,706.86,595034.9,166469632,false,cpu_limit
BF_BF9_h8s16n13.txt,BBLCT,16,8,77,16,900.0,1,1.3,3,3.9,5,733.50,595029.0,155497472,false,cpu_limit
BF_BF9_h8s16n14.txt,BBLCT,16,8,77,16,900.0,2,2.6,3,3.9,7,753.99,595035.7,159652864,false,cpu_limit
BF_BF9_h8s16n15.txt,BBLCT,16,8,77,16,900.0,3,3.9,5,6.5,5,696.95,595039.6,157432832,false,cpu_limit
BF_BF9_h8s16n16.txt,BBLCT,16,8,77,16,900.0,1,1.3,3,3.9,6,760.24,595034.9,158280704,false,cpu_limit
BF_BF9_h8s16n17.txt,BBLCT,16,8,77,16,900.0,2,2.6,2,2.6,0,0.00,595041.5,157797376,false,cpu_limit
BF_BF9_h8s16n18.txt,BBLCT,16,8,77,16,900.0,3,3.9,4,5.2,6,565.55,595033.1,158325760,false,cpu_limit
BF_BF9_h8s16n19.txt,BBLCT,16,8,77,16,900.0,1,1.3,3,3.9,6,793.90,595028.7,154267648,false,cpu_limit
BF_BF9_h8s16n2.txt,BBLCT,16,8,77,16,900.0,1,1.3,2,2.6,5,540.15,595028.2,157693952,false,cpu_limit
BF_BF9_h8s16n20.txt,BBLCT,16,8,77,16,900.0,1,1.3,2,2.6,6,727.98,595027.2,157203456,false,cpu_limit
BF_BF9_h8s16n3.txt,BBLCT,16,8,77,16,900.0,1,1.3,2,2.6,5,652.35,595026.7,158363648,false,cpu_limit
BF_BF9_h8s16n4.txt,BBLCT,16,8,77,16,900.0,1,1.3,2,2.6,5,576.07,595030.7,156437504,false,cpu_limit
BF_BF9_h8s16n5.txt,BBLCT,16,8,77,16,900.0,3,3.9,3,3.9,0,0.00,595025.6,160302080,false,cpu_limit
BF_BF9_h8s16n6.txt,BBLCT,16,8,77,16,900.0,1,1.3,3,3.9,5,672.56,595038.0,165684224,false,cpu_limit
BF_BF9_h8s16n7.txt,BBLCT,16,8,77,16,900.0,1,1.3,3,3.9,6,626.73,595029.7,159346688,false,cpu_limit
BF_BF9_h8s16n8.txt,BBLCT,16,8,77,16,900.0,4,5.2,6,7.8,7,771.86,595030.7,162267136,false,cpu_limit
BF_BF9_h8s16n9.txt,BBLCT,16,8,77,16,900.0,1,1.3,6,7.8,6,827.38,595029.7,165223424,false,cpu_limit
BF_BF10_h8s16n1.txt,BBLCT,16,8,77,16,1200.0,0,0.0,2,2.6,7,905.65,595038.9,173353984,false,cpu_limit
BF_BF10_h8s16n10.txt,BBLCT,16,8,77,16,1200.0,2,2.6,5,6.5,9,1159.18,595032.4,170668032,false,cpu_limit
BF_BF10_h8s16n11.txt,BBLCT,16,8,77,16,1200.0,2,2.6,3,3.9,10,1179.29,595033.7,186517504,false,cpu_limit
BF_BF10_h8s16n12.txt,BBLCT,16,8,77,16,1200.0,1,1.3,5,6.5,8,979.69,595045.4,168534016,false,cpu_limit
BF_BF10_h8s16n13.txt,BBLCT,16,8,77,16,1200.0,1,1.3,2,2.6,6,870.85,595041.0,205988864,false,cpu_limit
BF_BF10_h8s16n14.txt,BBLCT,16,8,77,16,1200.0,1,1.3,4,5.2,10,1172.48,595040.1,169763840,false,cpu_limit
BF_BF10_h8s16n15.txt,BBLCT,16,8,77,16,1200.0,2,2.6,4,5.2,6,858.64,595044.0,169182208,false,cpu_limit
BF_BF10_h8s16n16.txt,BBLCT,16,8,77,16,1200.0,0,0.0,2,2.6,7,1042.94,595032.5,186316800,false,cpu_limit
BF_BF10_h8s16n17.txt,BBLCT,16,8,77,16,1200.0,0,0.0,3,3.9,10,1074.43,595041.3,168421376,false,cpu_limit
BF_BF10_h8s16n18.txt,BBLCT,16,8,77,16,1200.0,1,1.3,2,2.6,6,821.33,595029.1,220503040,false,cpu_limit
BF_BF10_h8s16n19.txt,BBLCT,16,8,77,16,1200.0,0,0.0,2,2.6,11,1169.56,595043.9,179674112,false,cpu_limit
BF_BF10_h8s16n2.txt,BBLCT,16,8,77,16,1200.0,2,2.6,3,3.9,10,1175.53,595037.2,217736192,false,cpu_limit
BF_BF10_h8s16n20.txt,BBLCT,16,8,77,16,1200.0,0,0.0,2,2.6,6,745.85,595032.2,176640000,false,cpu_limit
BF_BF10_h8s16n3.txt,BBLCT,16,8,77,16,1200.0,2,2.6,7,9.1,9,1116.43,595045.1,210020352,false,cpu_limit
BF_BF10_h8s16n4.txt,BBLCT,16,8,77,16,1200.0,0,0.0,3,3.9,9,1191.24,595033.3,170864640,false,cpu_limit
BF_BF10_h8s16n5.txt,BBLCT,16,8,77,16,1200.0,1,1.3,2,2.6,7,949.46,595030.6,201511936,false,cpu_limit
BF_BF10_h8s16n6.txt,BBLCT,16,8,77,16,1200.0,1,1.3,3,3.9,8,1029.08,595034.3,176733184,false,cpu_limit
BF_BF10_h8s16n7.txt,BBLCT,16,8,77,16,1200.0,0,0.0,1,1.3,6,829.62,595037.8,231173120,false,cpu_limit
BF_BF10_h8s16n8.txt,BBLCT,16,8,77,16,1200.0,1,1.3,2,2.6,7,910.65,595033.3,220056576,false,cpu_limit
BF_BF10_h8s16n9.txt,BBLCT,16,8,77,16,1200.0,2,2.6,4,5.2,9,1199.34,595033.3,193762304,false,cpu_limit
BF_BF11_h8s16n1.txt,BBLCT,16,8,77,31,1200.0,0,0.0,0,0.0,0,0.00,595034.3,162137088,false,cpu_limit
BF_BF11_h8s16n10.txt,BBLCT,16,8,77,31,1200.0,0,0.0,0,0.0,0,0.00,595039.8,161497088,false,cpu_limit
BF_BF11_h8s16n11.txt,BBLCT,16,8,77,31,1200.0,0,0.0,1,1.3,8,1194.74,595039.4,159353856,false,cpu_limit
BF_BF11_h8s16n12.txt,BBLCT,16,8,77,31,1200.0,0,0.0,1,1.3,8,1039.98,595035.3,168033280,false,cpu_limit
BF_BF11_h8s16n13.txt,BBLCT,16,8,77,31,1200.0,0,0.0,1,1.3,6,866.34,595035.3,164503552,false,cpu_limit
BF_BF11_h8s16n14.txt,BBLCT,16,8,77,31,1200.0,0,0.0,3,3.9,8,1084.63,595040.2,167504896,false,cpu_limit
BF_BF11_h8s16n15.txt,BBLCT,16,8,77,31,1200.0,1,1.3,1,1.3,0,0.00,595038.6,158902272,false,cpu_limit
BF_BF11_h8s16n16.txt,BBLCT,16,8,77,31,1200.0,0,0.0,1,1.3,7,985.39,595031.9,161282048,false,cpu_limit
BF_BF11_h8s16n17.txt,BBLCT,16,8,77,31,1200.0,2,2.6,2,2.6,0,0.00,595033.6,169600000,false,cpu_limit
BF_BF11_h8s16n18.txt,BBLCT,16,8,77,31,1200.0,0,0.0,2,2.6,6,927.88,595034.6,170484736,false,cpu_limit
BF_BF11_h8s16n19.txt,BBLCT,16,8,77,31,1200.0,0,0.0,2,2.6,8,963.68,595041.1,163360768,false,cpu_limit
BF_BF11_h8s16n2.txt,BBLCT,16,8,77,31,1200.0,1,1.3,2,2.6,7,999.02,595043.8,160784384,false,cpu_limit
BF_BF11_h8s16n20.txt,BBLCT,16,8,77,31,1200.0,1,1.3,4,5.2,9,1173.26,595031.9,165584896,false,cpu_limit
BF_BF11_h8s16n3.txt,BBLCT,16,8,77,31,1200.0,1,1.3,2,2.6,8,1154.93,595033.4,159761408,false,cpu_limit
BF_BF11_h8s16n4.txt,BBLCT,16,8,77,31,1200.0,0,0.0,1,1.3,7,1069.54,595031.7,169332736,false,cpu_limit
BF_BF11_h8s16n5.txt,BBLCT,16,8,77,31,1200.0,0,0.0,1,1.3,6,901.53,595041.9,158324736,false,cpu_limit
BF_BF11_h8s16n6.txt,BBLCT,16,8,77,31,1200.0,0,0.0,1,1.3,8,1007.83,595026.5,160905216,false,cpu_limit
BF_BF11_h8s16n7.txt,BBLCT,16,8,77,31,1200.0,0,0.0,1,1.3,6,859.69,595041.6,157873152,false,cpu_limit
BF_BF11_h8s16n8.txt,BBLCT,16,8,77,31,1200.0,0,0.0,1,1.3,7,980.26,595041.9,168879104,false,cpu_limit
BF_BF11_h8s16n9.txt,BBLCT,16,8,77,31,1200.0,0,0.0,1,1.3,8,1050.85,595033.6,161967104,false,cpu_limit
BF_BF12_h8s16n1.txt,BBLCT,16,8,77,31,1200.0,0,0.0,0,0.0,0,0.00,595031.5,175183872,false,cpu_limit
BF_BF12_h8s16n10.txt,BBLCT,16,8,77,31,1200.0,0,0.0,2,2.6,9,1176.50,595027.2,192313344,false,cpu_limit
BF_BF12_h8s16n11.txt,BBLCT,16,8,77,31,1200.0,0,0.0,0,0.0,0,0.00,595029.3,174807040,false,cpu_limit
BF_BF12_h8s16n12.txt,BBLCT,16,8,77,31,1200.0,0,0.0,3,3.9,9,1103.11,595038.6,204551168,false,cpu_limit
BF_BF12_h8s16n13.txt,BBLCT,16,8,77,31,1200.0,0,0.0,2,2.6,9,1133.25,595040.6,199784448,false,cpu_limit
BF_BF12_h8s16n14.txt,BBLCT,16,8,77,31,1200.0,0,0.0,3,3.9,9,1174.21,595038.2,181945344,false,cpu_limit
BF_BF12_h8s16n15.txt,BBLCT,16,8,77,31,1200.0,0,0.0,3,3.9,10,1162.22,595038.5,175048704,false,cpu_limit
BF_BF12_h8s16n16.txt,BBLCT,16,8,77,31,1200.0,2,2.6,2,2.6,0,0.00,595031.6,161755136,false,cpu_limit
BF_BF12_h8s16n17.txt,BBLCT,16,8,77,31,1200.0,0,0.0,1,1.3,6,848.60,595038.6,183368704,false,cpu_limit
BF_BF12_h8s16n18.txt,BBLCT,16,8,77,31,1200.0,1,1.3,3,3.9,9,1100.50,595037.9,187198464,false,cpu_limit
BF_BF12_h8s16n19.txt,BBLCT,16,8,77,31,1200.0,1,1.3,2,2.6,7,986.97,595027.9,176788480,false,cpu_limit
BF_BF12_h8s16n2.txt,BBLCT,16,8,77,31,1200.0,1,1.3,1,1.3,0,0.00,595029.4,198104064,false,cpu_limit
BF_BF12_h8s16n20.txt,BBLCT,16,8,77,31,1200.0,1,1.3,2,2.6,7,907.25,595027.8,166778880,false,cpu_limit
BF_BF12_h8s16n3.txt,BBLCT,16,8,77,31,1200.0,2,2.6,4,5.2,9,1091.73,595034.0,183203840,false,cpu_limit
BF_BF12_h8s16n4.txt,BBLCT,16,8,77,31,1200.0,3,3.9,3,3.9,0,0.00,595037.3,185191424,false,cpu_limit
BF_BF12_h8s16n5.txt,BBLCT,16,8,77,31,1200.0,0,0.0,0,0.0,0,0.00,595028.4,195052544,false,cpu_limit
BF_BF12_h8s16n6.txt,BBLCT,16,8,77,31,1200.0,1,1.3,4,5.2,9,1195.52,595038.4,166010880,false,cpu_limit
BF_BF12_h8s16n7.txt,BBLCT,16,8,77,31,1200.0,0,0.0,2,2.6,8,981.95,595033.4,200559616,false,cpu_limit
BF_BF12_h8s16n8.txt,BBLCT,16,8,77,31,1200.0,0,0.0,1,1.3,8,937.84,595036.4,180363264,false,cpu_limit
BF_BF12_h8s16n9.txt,BBLCT,16,8,77,31,1200.0,0,0.0,1,1.3,8,962.90,595043.1,205799424,false,cpu_limit
BF_BF13_h8s16n1.txt,BBLCT,16,8,103,21,1200.0,1,1.0,2,1.9,8,1066.57,595032.0,213843968,false,cpu_limit
BF_BF13_h8s16n10.txt,BBLCT,16,8,103,21,1200.0,2,1.9,3,2.9,11,1189.23,595029.6,174997504,false,cpu_limit
BF_BF13_h8s16n11.txt,BBLCT,16,8,103,21,1200.0,0,0.0,1,1.0,7,890.22,595030.4,187826176,false,cpu_limit
BF_BF13_h8s16n12.txt,BBLCT,16,8,103,21,1200.0,1,1.0,4,3.9,11,1175.18,595031.7,199703552,false,cpu_limit
BF_BF13_h8s16n13.txt,BBLCT,16,8,103,21,1200.0,0,0.0,1,1.0,8,893.63,595031.9,181400576,false,cpu_limit
BF_BF13_h8s16n14.txt,BBLCT,16,8,103,21,1200.0,0,0.0,3,2.9,10,1115.41,595034.1,195940352,false,cpu_limit
BF_BF13_h8s16n15.txt,BBLCT,16,8,103,21,1200.0,0,0.0,2,1.9,8,1035.85,595034.4,198531072,false,cpu_limit
BF_BF13_h8s16n16.txt,BBLCT,16,8,103,21,1200.0,1,1.0,3,2.9,9,1083.35,595035.0,195611648,false,cpu_limit
BF_BF13_h8s16n17.txt,BBLCT,16,8,103,21,1200.0,0,0.0,1,1.0,8,1039.07,595031.4,193453056,false,cpu_limit
BF_BF13_h8s16n18.txt,BBLCT,16,8,103,21,1200.0,0,0.0,2,1.9,9,1019.92,595033.3,184509440,false,cpu_limit
BF_BF13_h8s16n19.txt,BBLCT,16,8,103,21,1200.0,1,1.0,1,1.0,0,0.00,595035.6,205056000,false,cpu_limit
BF_BF13_h8s16n2.txt,BBLCT,16,8,103,21,1200.0,1,1.0,1,1.0,0,0.00,595032.9,201023488,false,cpu_limit
BF_BF13_h8s16n20.txt,BBLCT,16,8,103,21,1200.0,0,0.0,2,1.9,8,1104.74,595031.3,225527808,false,cpu_limit
BF_BF13_h8s16n3.txt,BBLCT,16,8,103,21,1200.0,1,1.0,3,2.9,9,1116.69,595034.6,204985344,false,cpu_limit
BF_BF13_h8s16n4.txt,BBLCT,16,8,103,21,1200.0,2,1.9,3,2.9,10,1150.34,595033.3,197278720,false,cpu_limit
BF_BF13_h8s16n5.txt,BBLCT,16,8,103,21,1200.0,2,1.9,2,1.9,0,0.00,595031.8,191583232,false,cpu_limit
BF_BF13_h8s16n6.txt,BBLCT,16,8,103,21,1200.0,1,1.0,3,2.9,7,938.77,595035.3,212280320,false,cpu_limit
BF_BF13_h8s16n7.txt,BBLCT,16,8,103,21,1200.0,0,0.0,1,1.0,1,148.91,595032.7,194053120,false,cpu_limit
BF_BF13_h8s16n8.txt,BBLCT,16,8,103,21,1200.0,2,1.9,2,1.9,0,0.00,595032.9,198042624,false,cpu_limit
BF_BF13_h8s16n9.txt,BBLCT,16,8,103,21,1200.0,0,0.0,4,3.9,7,905.30,595032.9,203319296,false,cpu_limit
BF_BF14_h8s16n1.txt,BBLCT,16,8,103,21,1200.0,2,1.9,3,2.9,8,928.83,595028.2,192481280,false,cpu_limit
BF_BF14_h8s16n10.txt,BBLCT,16,8,103,21,1200.0,1,1.0,2,1.9,8,998.73,595033.8,196664320,false,cpu_limit
BF_BF14_h8s16n11.txt,BBLCT,16,8,103,21,1200.0,0,0.0,2,1.9,9,1048.80,595033.5,217928704,false,cpu_limit
BF_BF14_h8s16n12.txt,BBLCT,16,8,103,21,1200.0,1,1.0,4,3.9,8,1128.03,595034.3,212415488,false,cpu_limit
BF_BF14_h8s16n13.txt,BBLCT,16,8,103,21,1200.0,0,0.0,2,1.9,8,1030.77,595033.7,197035008,false,cpu_limit
BF_BF14_h8s16n14.txt,BBLCT,16,8,103,21,1200.0,1,1.0,2,1.9,7,1004.59,595025.9,234376192,false,cpu_limit
BF_BF14_h8s16n15.txt,BBLCT,16,8,103,21,1200.0,2,1.9,4,3.9,9,1120.37,595034.6,207241216,false,cpu_limit
BF_BF14_h8s16n16.txt,BBLCT,16,8,103,21,1200.0,0,0.0,1,1.0,1,92.62,595034.2,204793856,false,cpu_limit
BF_BF14_h8s16n17.txt,BBLCT,16,8,103,21,1200.0,1,1.0,4,3.9,10,1114.74,595032.9,206260224,false,cpu_limit
BF_BF14_h8s16n18.txt,BBLCT,16,8,103,21,1200.0,0,0.0,1,1.0,8,944.90,595030.8,199620608,false,cpu_limit
BF_BF14_h8s16n19.txt,BBLCT,16,8,103,21,1200.0,0,0.0,2,1.9,10,1166.18,595031.8,196197376,false,cpu_limit
BF_BF14_h8s16n2.txt,BBLCT,16,8,103,21,1200.0,1,1.0,3,2.9,10,1145.46,595038.0,195187712,false,cpu_limit
BF_BF14_h8s16n20.txt,BBLCT,16,8,103,21,1200.0,0,0.0,3,2.9,10,1181.88,595028.8,200713216,false,cpu_limit
BF_BF14_h8s16n3.txt,BBLCT,16,8,103,21,1200.0,0,0.0,5,4.9,8,1041.08,595028.8,216054784,false,cpu_limit
BF_BF14_h8s16n4.txt,BBLCT,16,8,103,21,1200.0,2,1.9,3,2.9,9,976.99,595028.1,205363200,false,cpu_limit
BF_BF14_h8s16n5.txt,BBLCT,16,8,103,21,1200.0,2,1.9,3,2.9,9,1194.39,595029.6,188036096,false,cpu_limit
BF_BF14_h8s16n6.txt,BBLCT,16,8,103,21,1200.0,0,0.0,2,1.9,7,936.40,595035.5,188754944,false,cpu_limit
BF_BF14_h8s16n7.txt,BBLCT,16,8,103,21,1200.0,1,1.0,2,1.9,9,1108.94,595031.1,224683008,false,cpu_limit
BF_BF14_h8s16n8.txt,BBLCT,16,8,103,21,1200.0,0,0.0,2,1.9,7,994.16,595027.0,232692736,false,cpu_limit
BF_BF14_h8s16n9.txt,BBLCT,16,8,103,21,1200.0,1,1.0,1,1.0,0,0.00,595035.3,212701184,false,cpu_limit
BF_BF15_h8s16n1.txt,BBLCT,16,8,103,42,1200.0,0,0.0,1,1.0,1,128.06,595033.3,193952768,false,cpu_limit
BF_BF15_h8s16n10.txt,BBLCT,16,8,103,42,1200.0,0,0.0,1,1.0,6,887.07,595034.1,204636160,false,cpu_limit
BF_BF15_h8s16n11.txt,BBLCT,16,8,103,42,1200.0,0,0.0,1,1.0,8,935.98,595030.7,199155712,false,cpu_limit
BF_BF15_h8s16n12.txt,BBLCT,16,8,103,42,1200.0,1,1.0,1,1.0,0,0.00,595029.5,184599552,false,cpu_limit
BF_BF15_h8s16n13.txt,BBLCT,16,8,103,42,1200.0,1,1.0,2,1.9,7,886.62,595029.6,205199360,false,cpu_limit
BF_BF15_h8s16n14.txt,BBLCT,16,8,103,42,1200.0,1,1.0,3,2.9,9,1154.33,595030.5,208924672,false,cpu_limit
BF_BF15_h8s16n15.txt,BBLCT,16,8,103,42,1200.0,0,0.0,1,1.0,8,1046.44,595030.2,204808192,false,cpu_limit
BF_BF15_h8s16n16.txt,BBLCT,16,8,103,42,1200.0,0,0.0,1,1.0,9,1168.77,595028.0,194331648,false,cpu_limit
BF_BF15_h8s16n17.txt,BBLCT,16,8,103,42,1200.0,0,0.0,1,1.0,9,975.32,595025.6,190611456,false,cpu_limit
BF_BF15_h8s16n18.txt,BBLCT,16,8,103,42,1200.0,0,0.0,3,2.9,8,990.82,595028.4,195803136,false,cpu_limit
BF_BF15_h8s16n19.txt,BBLCT,16,8,103,42,1200.0,2,1.9,4,3.9,7,889.16,595026.8,190648320,false,cpu_limit
BF_BF15_h8s16n2.txt,BBLCT,16,8,103,42,1200.0,1,1.0,2,1.9,8,1004.25,595026.2,177769472,false,cpu_limit
BF_BF15_h8s16n20.txt,BBLCT,16,8,103,42,1200.0,1,1.0,3,2.9,9,1115.51,595027.1,196827136,false,cpu_limit
BF_BF15_h8s16n3.txt,BBLCT,16,8,103,42,1200.0,0,0.0,2,1.9,8,930.11,595033.8,199899136,false,cpu_limit
BF_BF15_h8s16n4.txt,BBLCT,16,8,103,42,1200.0,0,0.0,1,1.0,8,963.33,595035.9,194720768,false,cpu_limit
BF_BF15_h8s16n5.txt,BBLCT,16,8,103,42,1200.0,0,0.0,1,1.0,8,888.13,595033.2,185499648,false,cpu_limit
BF_BF15_h8s16n6.txt,BBLCT,16,8,103,42,1200.0,0,0.0,0,0.0,0,0.00,595037.4,180202496,false,cpu_limit
BF_BF15_h8s16n7.txt,BBLCT,16,8,103,42,1200.0,0,0.0,4,3.9,10,1140.41,595033.1,191884288,false,cpu_limit
BF_BF15_h8s16n8.txt,BBLCT,16,8,103,42,1200.0,0,0.0,1,1.0,8,920.15,595036.5,188839936,false,cpu_limit
BF_BF15_h8s16n9.txt,BBLCT,16,8,103,42,1200.0,1,1.0,4,3.9,8,1134.10,595036.4,196280320,false,cpu_limit
BF_BF16_h8s16n1.txt,BBLCT,16,8,103,42,1200.0,0,0.0,3,2.9,11,1192.95,595028.6,193293312,false,cpu_limit
BF_BF16_h8s16n10.txt,BBLCT,16,8,103,42,1200.0,0,0.0,0,0.0,0,0.00,595028.4,206888960,false,cpu_limit
BF_BF16_h8s16n11.txt,BBLCT,16,8,103,42,1200.0,0,0.0,1,1.0,8,919.42,595031.3,216665088,false,cpu_limit
BF_BF16_h8s16n12.txt,BBLCT,16,8,103,42,1200.0,0,0.0,1,1.0,8,991.02,595033.3,192391168,false,cpu_limit
BF_BF16_h8s16n13.txt,BBLCT,16,8,103,42,1200.0,1,1.0,3,2.9,9,1029.15,595030.5,197285888,false,cpu_limit
BF_BF16_h8s16n14.txt,BBLCT,16,8,103,42,1200.0,0,0.0,2,1.9,9,1049.30,595028.3,195659776,false,cpu_limit
BF_BF16_h8s16n15.txt,BBLCT,16,8,103,42,1200.0,0,0.0,1,1.0,9,1045.83,595031.8,213746688,false,cpu_limit
BF_BF16_h8s16n16.txt,BBLCT,16,8,103,42,1200.0,1,1.0,2,1.9,7,927.55,595031.3,210708480,false,cpu_limit
BF_BF16_h8s16n17.txt,BBLCT,16,8,103,42,1200.0,0,0.0,1,1.0,9,1017.32,595028.0,197207040,false,cpu_limit
BF_BF16_h8s16n18.txt,BBLCT,16,8,103,42,1200.0,0,0.0,2,1.9,9,1047.49,595031.8,193730560,false,cpu_limit
BF_BF16_h8s16n19.txt,BBLCT,16,8,103,42,1200.0,0,0.0,1,1.0,8,916.98,595037.5,215119872,false,cpu_limit
BF_BF16_h8s16n2.txt,BBLCT,16,8,103,42,1200.0,0,0.0,1,1.0,9,964.22,595031.3,199870464,false,cpu_limit
BF_BF16_h8s16n20.txt,BBLCT,16,8,103,42,1200.0,0,0.0,1,1.0,8,903.01,595036.8,217006080,false,cpu_limit
BF_BF16_h8s16n3.txt,BBLCT,16,8,103,42,1200.0,0,0.0,0,0.0,0,0.00,595030.3,210723840,false,cpu_limit
BF_BF16_h8s16n4.txt,BBLCT,16,8,103,42,1200.0,1,1.0,1,1.0,0,0.00,595042.9,201209856,false,cpu_limit
BF_BF16_h8s16n5.txt,BBLCT,16,8,103,42,1200.0,0,0.0,2,1.9,9,1170.04,595036.7,181444608,false,cpu_limit
BF_BF16_h8s16n6.txt,BBLCT,16,8,103,42,1200.0,1,1.0,2,1.9,8,1067.01,595034.2,224841728,false,cpu_limit
BF_BF16_h8s16n7.txt,BBLCT,16,8,103,42,1200.0,0,0.0,0,0.0,0,0.00,595033.0,207217664,false,cpu_limit
BF_BF16_h8s16n8.txt,BBLCT,16,8,103,42,1200.0,0,0.0,0,0.0,0,0.00,595028.2,197625856,false,cpu_limit
BF_BF16_h8s16n9.txt,BBLCT,16,8,103,42,1200.0,0,0.0,2,1.9,8,967.94,595038.2,193199104,false,cpu_limit
BF_BF17_h5s20n1.txt,BBLCT,20,5,60,12,1200.0,1,1.7,3,5.0,9,1014.52,595035.4,136830976,false,cpu_limit
BF_BF17_h5s20n10.txt,BBLCT,20,5,60,12,1200.0,1,1.7,2,3.3,10,1037.59,595033.3,138404864,false,cpu_limit
BF_BF17_h5s20n11.txt,BBLCT,20,5,60,12,1200.0,0,0.0,4,6.7,10,1126.54,595037.7,125906944,false,cpu_limit
BF_BF17_h5s20n12.txt,BBLCT,20,5,60,12,1200.0,2,3.3,4,6.7,10,1095.64,595029.0,135490560,false,cpu_limit
BF_BF17_h5s20n13.txt,BBLCT,20,5,60,12,1200.0,2,3.3,7,11.7,10,1160.39,595035.1,137698304,false,cpu_limit
BF_BF17_h5s20n14.txt,BBLCT,20,5,60,12,1200.0,2,3.3,4,6.7,10,1055.84,595035.8,124998656,false,cpu_limit
BF_BF17_h5s20n15.txt,BBLCT,20,5,60,12,1200.0,0,0.0,3,5.0,9,1020.88,595034.3,168386560,false,cpu_limit
BF_BF17_h5s20n16.txt,BBLCT,20,5,60,12,1200.0,1,1.7,3,5.0,9,966.84,595035.0,141820928,false,cpu_limit
BF_BF17_h5s20n17.txt,BBLCT,20,5,60,12,1200.0,2,3.3,7,11.7,10,1113.81,595039.8,132862976,false,cpu_limit
BF_BF17_h5s20n18.txt,BBLCT,20,5,60,12,1200.0,0,0.0,2,3.3,10,1032.20,595029.1,145073152,false,cpu_limit
BF_BF17_h5s20n19.txt,BBLCT,20,5,60,12,1200.0,2,3.3,4,6.7,10,1064.00,595025.5,135040000,false,cpu_limit
BF_BF17_h5s20n2.txt,BBLCT,20,5,60,12,1200.0,3,5.0,6,10.0,10,1136.95,595043.4,121220096,false,cpu_limit
BF_BF17_h5s20n20.txt,BBLCT,20,5,60,12,1200.0,1,1.7,3,5.0,9,1084.75,595035.2,136304640,false,cpu_limit
BF_BF17_h5s20n3.txt,BBLCT,20,5,60,12,1200.0,4,6.7,6,10.0,10,1136.33,595038.9,123838464,false,cpu_limit
BF_BF17_h5s20n4.txt,BBLCT,20,5,60,12,1200.0,3,5.0,4,6.7,11,1165.31,595035.1,149797888,false,cpu_limit
BF_BF17_h5s20n5.txt,BBLCT,20,5,60,12,1200.0,2,3.3,3,5.0,9,1020.50,595035.1,111254528,false,cpu_limit
BF_BF17_h5s20n6.txt,BBLCT,20,5,60,12,1200.0,1,1.7,3,5.0,7,977.54,595032.5,120432640,false,cpu_limit
BF_BF17_h5s20n7.txt,BBLCT,20,5,60,12,1200.0,2,3.3,8,13.3,11,1146.57,595030.0,131213312,false,cpu_limit
BF_BF17_h5s20n8.txt,BBLCT,20,5,60,12,1200.0,2,3.3,4,6.7,9,1028.51,595035.4,131489792,false,cpu_limit
BF_BF17_h5s20n9.txt,BBLCT,20,5,60,12,1200.0,1,1.7,3,5.0,9,1038.42,595033.1,134617088,false,cpu_limit
BF_BF18_h5s20n1.txt,BBLCT,20,5,60,12,1200.0,1,1.7,3,5.0,10,1079.78,595032.1,152902656,false,cpu_limit
BF_BF18_h5s20n10.txt,BBLCT,20,5,60,12,1200.0,0,0.0,3,5.0,11,1193.28,595031.5,156825600,false,cpu_limit
BF_BF18_h5s20n11.txt,BBLCT,20,5,60,12,1200.0,0,0.0,2,3.3,9,967.50,595030.2,173910016,false,cpu_limit
BF_BF18_h5s20n12.txt,BBLCT,20,5,60,12,1200.0,1,1.7,5,8.3,11,1165.91,595032.1,169804800,false,cpu_limit
BF_BF18_h5s20n13.txt,BBLCT,20,5,60,12,1200.0,3,5.0,5,8.3,8,892.60,595034.6,183058432,false,cpu_limit
BF_BF18_h5s20n14.txt,BBLCT,20,5,60,12,1200.0,1,1.7,4,6.7,10,1046.33,595029.1,167897088,false,cpu_limit
BF_BF18_h5s20n15.txt,BBLCT,20,5,60,12,1200.0,0,0.0,2,3.3,9,1039.77,595036.6,181124096,false,cpu_limit
BF_BF18_h5s20n16.txt,BBLCT,20,5,60,12,1200.0,1,1.7,5,8.3,9,979.51,595038.6,162585600,false,cpu_limit
BF_BF18_h5s20n17.txt,BBLCT,20,5,60,12,1200.0,1,1.7,3,5.0,7,800.06,595030.7,162174976,false,cpu_limit
BF_BF18_h5s20n18.txt,BBLCT,20,5,60,12,1200.0,1,1.7,3,5.0,10,1036.38,595032.9,160057344,false,cpu_limit
BF_BF18_h5s20n19.txt,BBLCT,20,5,60,12,1200.0,3,5.0,5,8.3,10,1094.39,595029.1,168689664,false,cpu_limit
BF_BF18_h5s20n2.txt,BBLCT,20,5,60,12,1200.0,3,5.0,8,13.3,11,1147.77,595028.6,162267136,false,cpu_limit
BF_BF18_h5s20n20.txt,BBLCT,20,5,60,12,1200.0,2,3.3,3,5.0,7,830.56,595030.5,168134656,false,cpu_limit
BF_BF18_h5s20n3.txt,BBLCT,20,5,60,12,1200.0,0,0.0,2,3.3,7,890.51,595030.2,161479680,false,cpu_limit
BF_BF18_h5s20n4.txt,BBLCT,20,5,60,12,1200.0,2,3.3,3,5.0,7,854.73,595028.9,168715264,false,cpu_limit
BF_BF18_h5s20n5.txt,BBLCT,20,5,60,12,1200.0,3,5.0,6,10.0,11,1119.32,595028.7,163968000,false,cpu_limit
BF_BF18_h5s20n6.txt,BBLCT,20,5,60,12,1200.0,0,0.0,3,5.0,10,1101.70,595029.9,179777536,false,cpu_limit
BF_BF18_h5s20n7.txt,BBLCT,20,5,60,12,1200.0,1,1.7,3,5.0,9,1015.78,595028.2,168140800,false,cpu_limit
BF_BF18_h5s20n8.txt,BBLCT,20,5,60,12,1200.0,2,3.3,6,10.0,10,1198.30,595030.8,179685376,false,cpu_limit
BF_BF18_h5s20n9.txt,BBLCT,20,5,60,12,1200.0,2,3.3,4,6.7,9,962.16,595028.4,159773696,false,cpu_limit
BF_BF19_h5s20n1.txt,BBLCT,20,5,60,24,1200.0,1,1.7,3,5.0,10,1111.25,595029.4,131010560,false,cpu_limit
BF_BF19_h5s20n10.txt,BBLCT,20,5,60,24,1200.0,1,1.7,6,10.0,11,1161.32,595035.1,137629696,false,cpu_limit
BF_BF19_h5s20n11.txt,BBLCT,20,5,60,24,1200.0,1,1.7,4,6.7,10,1155.64,595033.8,138357760,false,cpu_limit
BF_BF19_h5s20n12.txt,BBLCT,20,5,60,24,1200.0,0,0.0,2,3.3,10,1118.75,595026.1,120141824,false,cpu_limit
BF_BF19_h5s20n13.txt,BBLCT,20,5,60,24,1200.0,0,0.0,0,0.0,0,0.00,595043.7,133967872,false,cpu_limit
BF_BF19_h5s20n14.txt,BBLCT,20,5,60,24,1200.0,0,0.0,5,8.3,9,962.68,595042.6,119316480,false,cpu_limit
BF_BF19_h5s20n15.txt,BBLCT,20,5,60,24,1200.0,0,0.0,2,3.3,10,1160.39,595040.2,117499904,false,cpu_limit
BF_BF19_h5s20n16.txt,BBLCT,20,5,60,24,1200.0,3,5.0,4,6.7,9,996.74,595035.0,124395520,false,cpu_limit
BF_BF19_h5s20n17.txt,BBLCT,20,5,60,24,1200.0,0,0.0,1,1.7,8,894.18,595038.3,129974272,false,cpu_limit
BF_BF19_h5s20n18.txt,BBLCT,20,5,60,24,1200.0,1,1.7,3,5.0,8,945.37,595035.1,119584768,false,cpu_limit
BF_BF19_h5s20n19.txt,BBLCT,20,5,60,24,1200.0,1,1.7,3,5.0,8,920.12,595031.0,130021376,false,cpu_limit
BF_BF19_h5s20n2.txt,BBLCT,20,5,60,24,1200.0,0,0.0,3,5.0,9,969.01,595038.8,128601088,false,cpu_limit
BF_BF19_h5s20n20.txt,BBLCT,20,5,60,24,1200.0,2,3.3,3,5.0,6,856.57,595037.5,166094848,false,cpu_limit
BF_BF19_h5s20n3.txt,BBLCT,20,5,60,24,1200.0,1,1.7,5,8.3,10,1125.61,595035.8,141224960,false,cpu_limit
BF_BF19_h5s20n4.txt,BBLCT,20,5,60,24,1200.0,1,1.7,8,13.3,9,973.97,595031.5,126339072,false,cpu_limit
BF_BF19_h5s20n5.txt,BBLCT,20,5,60,24,1200.0,0,0.0,3,5.0,9,1011.38,595032.9,143278080,false,cpu_limit
BF_BF19_h5s20n6.txt,BBLCT,20,5,60,24,1200.0,2,3.3,7,11.7,9,1003.54,595036.9,125557760,false,cpu_limit
BF_BF19_h5s20n7.txt,BBLCT,20,5,60,24,1200.0,1,1.7,2,3.3,11,1194.30,595033.3,138248192,false,cpu_limit
BF_BF19_h5s20n8.txt,BBLCT,20,5,60,24,1200.0,1,1.7,8,13.3,11,1180.23,595041.5,115324928,false,cpu_limit
BF_BF19_h5s20n9.txt,BBLCT,20,5,60,24,1200.0,3,5.0,4,6.7,11,1192.63,595040.5,129175552,false,cpu_limit
BF_BF1_h5s16n1.txt,BBLCT,16,5,48,10,1200.0,2,4.2,4,8.3,9,968.86,595032.0,192894976,false,cpu_limit
BF_BF1_h5s16n10.txt,BBLCT,16,5,48,10,1200.0,3,6.2,7,14.6,11,1190.75,595027.5,198532096,false,cpu_limit
BF_BF1_h5s16n11.txt,BBLCT,16,5,48,10,1200.0,2,4.2,3,6.2,7,973.94,595026.4,187493376,false,cpu_limit
BF_BF1_h5s16n12.txt,BBLCT,16,5,48,10,1200.0,2,4.2,4,8.3,10,1072.78,595027.9,209174528,false,cpu_limit
BF_BF1_h5s16n13.txt,BBLCT,16,5,48,10,1200.0,2,4.2,6,12.5,11,1189.32,595036.2,209457152,false,cpu_limit
BF_BF1_h5s16n14.txt,BBLCT,16,5,48,10,1200.0,0,0.0,2,4.2,10,1091.39,595026.1,211510272,false,cpu_limit
BF_BF1_h5s16n15.txt,BBLCT,16,5,48,10,1200.0,1,2.1,2,4.2,8,1040.50,595034.1,204435456,false,cpu_limit
BF_BF1_h5s16n16.txt,BBLCT,16,5,48,10,1200.0,2,4.2,4,8.3,9,1105.78,595028.6,212841472,false,cpu_limit
BF_BF1_h5s16n17.txt,BBLCT,16,5,48,10,1200.0,2,4.2,5,10.4,10,1062.46,595031.4,204909568,false,cpu_limit
BF_BF1_h5s16n18.txt,BBLCT,16,5,48,10,1200.0,3,6.2,5,10.4,9,983.05,595036.0,202503168,false,cpu_limit
BF_BF1_h5s16n19.txt,BBLCT,16,5,48,10,1200.0,0,0.0,2,4.2,9,1020.65,595038.2,192378880,false,cpu_limit
BF_BF1_h5s16n2.txt,BBLCT,16,5,48,10,1200.0,1,2.1,3,6.2,10,1032.35,595032.1,193427456,false,cpu_limit
BF_BF1_h5s16n20.txt,BBLCT,16,5,48,10,1200.0,1,2.1,4,8.3,9,1005.62,595030.1,198647808,false,cpu_limit
BF_BF1_h5s16n3.txt,BBLCT,16,5,48,10,1200.0,2,4.2,3,6.2,9,962.78,595039.1,199165952,false,cpu_limit
BF_BF1_h5s16n4.txt,BBLCT,16,5,48,10,1200.0,3,6.2,7,14.6,11,1186.34,595034.5,218720256,false,cpu_limit
BF_BF1_h5s16n5.txt,BBLCT,16,5,48,10,1200.0,1,2.1,3,6.2,9,1033.12,595027.5,203121664,false,cpu_limit
BF_BF1_h5s16n6.txt,BBLCT,16,5,48,10,1200.0,0,0.0,3,6.2,11,1138.17,595038.3,212979712,false,cpu_limit
BF_BF1_h5s16n7.txt,BBLCT,16,5,48,10,1200.0,1,2.1,3,6.2,8,1039.26,595037.9,200539136,false,cpu_limit
BF_BF1_h5s16n8.txt,BBLCT,16,5,48,10,1200.0,1,2.1,4,8.3,8,981.19,595038.1,207514624,false,cpu_limit
BF_BF1_h5s16n9.txt,BBLCT,16,5,48,10,1200.0,1,2.1,3,6.2,10,1134.23,595036.2,197394432,false,cpu_limit
BF_BF20_h5s20n1.txt,BBLCT,20,5,60,24,1200.0,0,0.0,0,0.0,0,0.00,595037.8,176105472,false,cpu_limit
BF_BF20_h5s20n10.txt,BBLCT,20,5,60,24,1200.0,1,1.7,5,8.3,9,1174.01,595028.3,185577472,false,cpu_limit
BF_BF20_h5s20n11.txt,BBLCT,20,5,60,24,1200.0,0,0.0,2,3.3,9,1149.03,595036.4,178771968,false,cpu_limit
BF_BF20_h5s20n12.txt,BBLCT,20,5,60,24,1200.0,0,0.0,3,5.0,10,1028.41,595033.8,165763072,false,cpu_limit
BF_BF20_h5s20n13.txt,BBLCT,20,5,60,24,1200.0,0,0.0,2,3.3,8,890.01,595035.6,152331264,false,cpu_limit
BF_BF20_h5s20n14.txt,BBLCT,20,5,60,24,1200.0,0,0.0,2,3.3,10,1146.71,595030.8,174652416,false,cpu_limit
BF_BF20_h5s20n15.txt,BBLCT,20,5,60,24,1200.0,1,1.7,2,3.3,6,843.73,595033.1,159917056,false,cpu_limit
BF_BF20_h5s20n16.txt,BBLCT,20,5,60,24,1200.0,2,3.3,3,5.0,8,937.13,595037.3,161226752,false,cpu_limit
BF_BF20_h5s20n17.txt,BBLCT,20,5,60,24,1200.0,2,3.3,7,11.7,10,1123.51,595040.0,146435072,false,cpu_limit
BF_BF20_h5s20n18.txt,BBLCT,20,5,60,24,1200.0,0,0.0,2,3.3,8,909.88,595031.7,187309056,false,cpu_limit
BF_BF20_h5s20n19.txt,BBLCT,20,5,60,24,1200.0,1,1.7,3,5.0,10,1163.15,595033.7,171590656,false,cpu_limit
BF_BF20_h5s20n2.txt,BBLCT,20,5,60,24,1200.0,0,0.0,3,5.0,9,1138.15,595033.3,181224448,false,cpu_limit
BF_BF20_h5s20n20.txt,BBLCT,20,5,60,24,1200.0,1,1.7,3,5.0,10,1052.02,595033.6,161172480,false,cpu_limit
BF_BF20_h5s20n3.txt,BBLCT,20,5,60,24,1200.0,1,1.7,2,3.3,7,848.25,595033.2,158801920,false,cpu_limit
BF_BF20_h5s20n4.txt,BBLCT,20,5,60,24,1200.0,0,0.0,1,1.7,7,940.09,595027.9,172241920,false,cpu_limit
BF_BF20_h5s20n5.txt,BBLCT,20,5,60,24,1200.0,1,1.7,2,3.3,9,1021.05,595031.9,167774208,false,cpu_limit
BF_BF20_h5s20n6.txt,BBLCT,20,5,60,24,1200.0,0,0.0,5,8.3,10,1086.65,595032.9,160545792,false,cpu_limit
BF_BF20_h5s20n7.txt,BBLCT,20,5,60,24,1200.0,0,0.0,5,8.3,11,1175.85,595032.9,168848384,false,cpu_limit
BF_BF20_h5s20n8.txt,BBLCT,20,5,60,24,1200.0,0,0.0,3,5.0,11,1168.13,595030.6,176862208,false,cpu_limit
BF_BF20_h5s20n9.txt,BBLCT,20,5,60,24,1200.0,0,0.0,1,1.7,6,846.64,595032.1,170779648,false,cpu_limit
BF_BF21_h5s20n1.txt,BBLCT,20,5,80,16,1200.0,2,2.5,4,5.0,11,1195.43,595030.8,154586112,false,cpu_limit
BF_BF21_h5s20n10.txt,BBLCT,20,5,80,16,1200.0,3,3.8,9,11.2,11,1197.05,595034.0,167965696,false,cpu_limit
BF_BF21_h5s20n11.txt,BBLCT,20,5,80,16,1200.0,2,2.5,4,5.0,10,1061.21,595033.0,153801728,false,cpu_limit
BF_BF21_h5s20n12.txt,BBLCT,20,5,80,16,1200.0,1,1.2,2,2.5,2,200.18,595028.9,158055424,false,cpu_limit
BF_BF21_h5s20n13.txt,BBLCT,20,5,80,16,1200.0,1,1.2,4,5.0,11,1158.32,595035.1,159515648,false,cpu_limit
BF_BF21_h5s20n14.txt,BBLCT,20,5,80,16,1200.0,1,1.2,4,5.0,11,1161.09,595028.6,155486208,false,cpu_limit
BF_BF21_h5s20n15.txt,BBLCT,20,5,80,16,1200.0,4,5.0,5,6.2,9,1037.08,595030.7,153882624,false,cpu_limit
BF_BF21_h5s20n16.txt,BBLCT,20,5,80,16,1200.0,2,2.5,5,6.2,11,1148.38,595040.8,145227776,false,cpu_limit
BF_BF21_h5s20n17.txt,BBLCT,20,5,80,16,1200.0,1,1.2,3,3.8,11,1170.68,595027.9,132274176,false,cpu_limit
BF_BF21_h5s20n18.txt,BBLCT,20,5,80,16,1200.0,1,1.2,4,5.0,11,1172.48,595030.4,157176832,false,cpu_limit
BF_BF21_h5s20n19.txt,BBLCT,20,5,80,16,1200.0,3,3.8,4,5.0,9,1017.25,595027.7,148274176,false,cpu_limit
BF_BF21_h5s20n2.txt,BBLCT,20,5,80,16,1200.0,3,3.8,5,6.2,11,1193.45,595031.8,148271104,false,cpu_limit
BF_BF21_h5s20n20.txt,BBLCT,20,5,80,16,1200.0,1,1.2,7,8.8,10,1092.22,595029.4,160808960,false,cpu_limit
BF_BF21_h5s20n3.txt,BBLCT,20,5,80,16,1200.0,1,1.2,3,3.8,10,1091.62,595033.2,153519104,false,cpu_limit
BF_BF21_h5s20n4.txt,BBLCT,20,5,80,16,1200.0,1,1.2,3,3.8,11,1172.37,595029.7,153533440,false,cpu_limit
BF_BF21_h5s20n5.txt,BBLCT,20,5,80,16,1200.0,0,0.0,2,2.5,10,1139.87,595033.3,159275008,false,cpu_limit
BF_BF21_h5s20n6.txt,BBLCT,20,5,80,16,1200.0,2,2.5,5,6.2,11,1177.98,595033.5,156925952,false,cpu_limit
BF_BF21_h5s20n7.txt,BBLCT,20,5,80,16,1200.0,0,0.0,2,2.5,11,1155.92,595042.5,169011200,false,cpu_limit
BF_BF21_h5s20n8.txt,BBLCT,20,5,80,16,1200.0,0,0.0,2,2.5,10,1134.89,595035.8,150611968,false,cpu_limit
BF_BF21_h5s20n9.txt,BBLCT,20,5,80,16,1200.0,1,1.2,4,5.0,10,1082.89,595035.6,151783424,false,cpu_limit
BF_BF22_h5s20n1.txt,BBLCT,20,5,80,16,1200.0,0,0.0,3,3.8,10,1048.74,595029.5,180509696,false,cpu_limit
BF_BF22_h5s20n10.txt,BBLCT,20,5,80,16,1200.0,0,0.0,3,3.8,10,1102.18,595035.3,173125632,false,cpu_limit
BF_BF22_h5s20n11.txt,BBLCT,20,5,80,16,1200.0,3,3.8,8,10.0,11,1190.53,595026.0,182476800,false,cpu_limit
BF_BF22_h5s20n12.txt,BBLCT,20,5,80,16,1200.0,3,3.8,5,6.2,10,1120.63,595030.8,182937600,false,cpu_limit
BF_BF22_h5s20n13.txt,BBLCT,20,5,80,16,1200.0,0,0.0,3,3.8,11,1138.29,595027.0,175400960,false,cpu_limit
BF_BF22_h5s20n14.txt,BBLCT,20,5,80,16,1200.0,0,0.0,2,2.5,9,1009.55,595026.8,187012096,false,cpu_limit
BF_BF22_h5s20n15.txt,BBLCT,20,5,80,16,1200.0,2,2.5,3,3.8,9,974.01,595030.1,172936192,false,cpu_limit
BF_BF22_h5s20n16.txt,BBLCT,20,5,80,16,1200.0,1,1.2,3,3.8,9,1007.44,595032.5,175162368,false,cpu_limit
BF_BF22_h5s20n17.txt,BBLCT,20,5,80,16,1200.0,2,2.5,4,5.0,9,1045.50,595040.9,195213312,false,cpu_limit
BF_BF22_h5s20n18.txt,BBLCT,20,5,80,16,1200.0,0,0.0,3,3.8,9,1124.99,595032.6,197537792,false,cpu_limit
BF_BF22_h5s20n19.txt,BBLCT,20,5,80,16,1200.0,0,0.0,3,3.8,10,1125.53,595032.3,186460160,false,cpu_limit
BF_BF22_h5s20n2.txt,BBLCT,20,5,80,16,1200.0,1,1.2,3,3.8,9,1008.51,595036.3,175119360,false,cpu_limit
BF_BF22_h5s20n20.txt,BBLCT,20,5,80,16,1200.0,0,0.0,2,2.5,9,1043.88,595029.0,195463168,false,cpu_limit
BF_BF22_h5s20n3.txt,BBLCT,20,5,80,16,1200.0,0,0.0,3,3.8,10,1084.16,595029.9,184429568,false,cpu_limit
BF_BF22_h5s20n4.txt,BBLCT,20,5,80,16,1200.0,4,5.0,8,10.0,11,1162.09,595027.7,175340544,false,cpu_limit
BF_BF22_h5s20n5.txt,BBLCT,20,5,80,16,1200.0,1,1.2,3,3.8,9,1171.09,595033.1,194780160,false,cpu_limit
BF_BF22_h5s20n6.txt,BBLCT,20,5,80,16,1200.0,0,0.0,4,5.0,10,1126.43,595026.9,185109504,false,cpu_limit
BF_BF22_h5s20n7.txt,BBLCT,20,5,80,16,1200.0,0,0.0,2,2.5,9,1013.93,595025.5,200209408,false,cpu_limit
BF_BF22_h5s20n8.txt,BBLCT,20,5,80,16,1200.0,1,1.2,4,5.0,8,986.32,595033.7,178036736,false,cpu_limit
BF_BF22_h5s20n9.txt,BBLCT,20,5,80,16,1200.0,0,0.0,3,3.8,12,1193.55,595026.2,183864320,false,cpu_limit
BF_BF23_h5s20n1.txt,BBLCT,20,5,80,32,1200.0,0,0.0,3,3.8,10,1168.18,595033.4,170783744,false,cpu_limit
BF_BF23_h5s20n10.txt,BBLCT,20,5,80,32,1200.0,1,1.2,1,1.2,0,0.00,595040.7,148180992,false,cpu_limit
BF_BF23_h5s20n11.txt,BBLCT,20,5,80,32,1200.0,0,0.0,1,1.2,8,894.42,595033.1,144861184,false,cpu_limit
BF_BF23_h5s20n12.txt,BBLCT,20,5,80,32,1200.0,0,0.0,3,3.8,11,1124.13,595032.7,160294912,false,cpu_limit
BF_BF23_h5s20n13.txt,BBLCT,20,5,80,32,1200.0,1,1.2,5,6.2,10,1052.30,595036.1,168273920,false,cpu_limit
BF_BF23_h5s20n14.txt,BBLCT,20,5,80,32,1200.0,3,3.8,8,10.0,11,1151.42,595031.7,149240832,false,cpu_limit
BF_BF23_h5s20n15.txt,BBLCT,20,5,80,32,1200.0,0,0.0,4,5.0,10,1126.38,595039.1,147728384,false,cpu_limit
BF_BF23_h5s20n16.txt,BBLCT,20,5,80,32,1200.0,1,1.2,4,5.0,9,1027.07,595035.2,142371840,false,cpu_limit
BF_BF23_h5s20n17.txt,BBLCT,20,5,80,32,1200.0,1,1.2,1,1.2,0,0.00,595037.2,144658432,false,cpu_limit
BF_BF23_h5s20n18.txt,BBLCT,20,5,80,32,1200.0,1,1.2,1,1.2,0,0.00,595028.6,158249984,false,cpu_limit
BF_BF23_h5s20n19.txt,BBLCT,20,5,80,32,1200.0,2,2.5,4,5.0,11,1166.05,595031.9,149185536,false,cpu_limit
BF_BF23_h5s20n2.txt,BBLCT,20,5,80,32,1200.0,1,1.2,1,1.2,0,0.00,595036.5,178121728,false,cpu_limit
BF_BF23_h5s20n20.txt,BBLCT,20,5,80,32,1200.0,0,0.0,2,2.5,11,1193.34,595037.7,151645184,false,cpu_limit
BF_BF23_h5s20n3.txt,BBLCT,20,5,80,32,1200.0,0,0.0,3,3.8,10,1054.43,595027.4,156036096,false,cpu_limit
BF_BF23_h5s20n4.txt,BBLCT,20,5,80,32,1200.0,2,2.5,6,7.5,11,1185.96,595036.2,153426944,false,cpu_limit
BF_BF23_h5s20n5.txt,BBLCT,20,5,80,32,1200.0,1,1.2,4,5.0,11,1146.09,595035.0,152665088,false,cpu_limit
BF_BF23_h5s20n6.txt,BBLCT,20,5,80,32,1200.0,1,1.2,3,3.8,11,1118.11,595033.9,140023808,false,cpu_limit
BF_BF23_h5s20n7.txt,BBLCT,20,5,80,32,1200.0,0,0.0,1,1.2,6,733.65,595031.7,148390912,false,cpu_limit
BF_BF23_h5s20n8.txt,BBLCT,20,5,80,32,1200.0,1,1.2,3,3.8,8,986.02,595036.0,161522688,false,cpu_limit
BF_BF23_h5s20n9.txt,BBLCT,20,5,80,32,1200.0,1,1.2,2,2.5,10,1060.92,595032.5,167702528,false,cpu_limit
BF_BF24_h5s20n1.txt,BBLCT,20,5,80,32,1200.0,1,1.2,2,2.5,9,1038.75,595033.5,154982400,false,cpu_limit
BF_BF24_h5s20n10.txt,BBLCT,20,5,80,32,1200.0,0,0.0,1,1.2,8,884.74,595031.8,177339392,false,cpu_limit
BF_BF24_h5s20n11.txt,BBLCT,20,5,80,32,1200.0,0,0.0,0,0.0,0,0.00,595037.6,169253888,false,cpu_limit
BF_BF24_h5s20n12.txt,BBLCT,20,5,80,32,1200.0,0,0.0,2,2.5,8,1089.02,595028.9,193027072,false,cpu_limit
BF_BF24_h5s20n13.txt,BBLCT,20,5,80,32,1200.0,0,0.0,1,1.2,10,1184.95,595036.1,154674176,false,cpu_limit
BF_BF24_h5s20n14.txt,BBLCT,20,5,80,32,1200.0,0,0.0,2,2.5,10,1116.82,595030.7,168379392,false,cpu_limit
BF_BF24_h5s20n15.txt,BBLCT,20,5,80,32,1200.0,0,0.0,4,5.0,11,1189.74,595034.7,193440768,false,cpu_limit
BF_BF24_h5s20n16.txt,BBLCT,20,5,80,32,1200.0,1,1.2,3,3.8,10,1065.71,595032.3,193755136,false,cpu_limit
BF_BF24_h5s20n17.txt,BBLCT,20,5,80,32,1200.0,1,1.2,7,8.8,11,1151.88,595029.7,175646720,false,cpu_limit
BF_BF24_h5s20n18.txt,BBLCT,20,5,80,32,1200.0,0,0.0,1,1.2,10,1096.84,595035.0,187815936,false,cpu_limit
BF_BF24_h5s20n19.txt,BBLCT,20,5,80,32,1200.0,0,0.0,2,2.5,9,1013.61,595030.5,181564416,false,cpu_limit
BF_BF24_h5s20n2.txt,BBLCT,20,5,80,32,1200.0,0,0.0,2,2.5,10,1067.36,595037.5,180059136,false,cpu_limit
BF_BF24_h5s20n20.txt,BBLCT,20,5,80,32,1200.0,0,0.0,6,7.5,11,1165.02,595030.6,190441472,false,cpu_limit
BF_BF24_h5s20n3.txt,BBLCT,20,5,80,32,1200.0,2,2.5,3,3.8,7,921.31,595032.4,182487040,false,cpu_limit
BF_BF24_h5s20n4.txt,BBLCT,20,5,80,32,1200.0,1,1.2,4,5.0,11,1188.18,595031.4,175370240,false,cpu_limit
BF_BF24_h5s20n5.txt,BBLCT,20,5,80,32,1200.0,0,0.0,7,8.8,10,1185.43,595031.4,180678656,false,cpu_limit
BF_BF24_h5s20n6.txt,BBLCT,20,5,80,32,1200.0,0,0.0,1,1.2,7,850.25,595039.6,193258496,false,cpu_limit
BF_BF24_h5s20n7.txt,BBLCT,20,5,80,32,1200.0,0,0.0,1,1.2,8,916.18,595029.0,159963136,false,cpu_limit
BF_BF24_h5s20n8.txt,BBLCT,20,5,80,32,1200.0,0,0.0,1,1.2,10,1164.34,595031.7,197302272,false,cpu_limit
BF_BF24_h5s20n9.txt,BBLCT,20,5,80,32,1200.0,1,1.2,3,3.8,9,1063.02,595030.1,184748032,false,cpu_limit
BF_BF25_h8s20n1.txt,BBLCT,20,8,96,20,1200.0,1,1.0,3,3.1,7,889.18,595028.1,106359808,false,cpu_limit
BF_BF25_h8s20n10.txt,BBLCT,20,8,96,20,1200.0,1,1.0,2,2.1,5,873.46,595027.9,109875200,false,cpu_limit
BF_BF25_h8s20n11.txt,BBLCT,20,8,96,20,1200.0,3,3.1,4,4.2,7,1009.92,595027.7,100362240,false,cpu_limit
BF_BF25_h8s20n12.txt,BBLCT,20,8,96,20,1200.0,1,1.0,3,3.1,8,1050.44,595027.2,110301184,false,cpu_limit
BF_BF25_h8s20n13.txt,BBLCT,20,8,96,20,1200.0,1,1.0,3,3.1,8,1085.67,595038.4,111105024,false,cpu_limit
BF_BF25_h8s20n14.txt,BBLCT,20,8,96,20,1200.0,2,2.1,3,3.1,6,931.56,595036.2,113082368,false,cpu_limit
BF_BF25_h8s20n15.txt,BBLCT,20,8,96,20,1200.0,1,1.0,2,2.1,8,1051.65,595034.8,107854848,false,cpu_limit
BF_BF25_h8s20n16.txt,BBLCT,20,8,96,20,1200.0,1,1.0,3,3.1,9,1168.88,595042.9,100927488,false,cpu_limit
BF_BF25_h8s20n17.txt,BBLCT,20,8,96,20,1200.0,0,0.0,2,2.1,7,956.82,595032.3,114363392,false,cpu_limit
BF_BF25_h8s20n18.txt,BBLCT,20,8,96,20,1200.0,2,2.1,3,3.1,1,131.15,595034.2,106512384,false,cpu_limit
BF_BF25_h8s20n19.txt,BBLCT,20,8,96,20,1200.0,2,2.1,4,4.2,8,1042.33,595028.4,107308032,false,cpu_limit
BF_BF25_h8s20n2.txt,BBLCT,20,8,96,20,1200.0,1,1.0,3,3.1,9,1136.39,595031.2,104055808,false,cpu_limit
BF_BF25_h8s20n20.txt,BBLCT,20,8,96,20,1200.0,1,1.0,3,3.1,7,1036.87,595028.1,108504064,false,cpu_limit
BF_BF25_h8s20n3.txt,BBLCT,20,8,96,20,1200.0,1,1.0,3,3.1,10,1186.44,595028.7,104091648,false,cpu_limit
BF_BF25_h8s20n4.txt,BBLCT,20,8,96,20,1200.0,1,1.0,3,3.1,9,1075.71,595032.0,103281664,false,cpu_limit
BF_BF25_h8s20n5.txt,BBLCT,20,8,96,20,1200.0,1,1.0,3,3.1,7,1043.00,595024.9,111308800,false,cpu_limit
BF_BF25_h8s20n6.txt,BBLCT,20,8,96,20,1200.0,0,0.0,3,3.1,11,1190.57,595031.3,109779968,false,cpu_limit
BF_BF25_h8s20n7.txt,BBLCT,20,8,96,20,1200.0,0,0.0,2,2.1,7,959.61,595038.8,110401536,false,cpu_limit
BF_BF25_h8s20n8.txt,BBLCT,20,8,96,20,1200.0,3,3.1,7,7.3,8,1107.27,595036.6,105570304,false,cpu_limit
BF_BF25_h8s20n9.txt,BBLCT,20,8,96,20,1200.0,1,1.0,3,3.1,7,967.21,595032.6,108347392,false,cpu_limit
BF_BF26_h8s20n1.txt,BBLCT,20,8,96,20,1200.0,1,1.0,2,2.1,7,906.15,595031.8,144015360,false,cpu_limit
BF_BF26_h8s20n10.txt,BBLCT,20,8,96,20,1200.0,1,1.0,3,3.1,9,1065.23,595032.2,110010368,false,cpu_limit
BF_BF26_h8s20n11.txt,BBLCT,20,8,96,20,1200.0,2,2.1,3,3.1,8,936.65,595031.4,124595200,false,cpu_limit
BF_BF26_h8s20n12.txt,BBLCT,20,8,96,20,1200.0,0,0.0,2,2.1,8,1092.69,595037.2,127393792,false,cpu_limit
BF_BF26_h8s20n13.txt,BBLCT,20,8,96,20,1200.0,0,0.0,2,2.1,8,1048.30,595036.7,124831744,false,cpu_limit
BF_BF26_h8s20n14.txt,BBLCT,20,8,96,20,1200.0,0,0.0,2,2.1,6,867.47,595039.9,144969728,false,cpu_limit
BF_BF26_h8s20n15.txt,BBLCT,20,8,96,20,1200.0,0,0.0,2,2.1,9,1153.12,595036.8,127212544,false,cpu_limit
BF_BF26_h8s20n16.txt,BBLCT,20,8,96,20,1200.0,0,0.0,2,2.1,7,940.03,595041.9,131404800,false,cpu_limit
BF_BF26_h8s20n17.txt,BBLCT,20,8,96,20,1200.0,0,0.0,2,2.1,8,935.01,595047.9,108455936,false,cpu_limit
BF_BF26_h8s20n18.txt,BBLCT,20,8,96,20,1200.0,1,1.0,3,3.1,9,1048.79,595038.0,133349376,false,cpu_limit
BF_BF26_h8s20n19.txt,BBLCT,20,8,96,20,1200.0,2,2.1,4,4.2,9,1160.91,595032.5,121111552,false,cpu_limit
BF_BF26_h8s20n2.txt,BBLCT,20,8,96,20,1200.0,2,2.1,4,4.2,9,1138.14,595032.0,131494912,false,cpu_limit
BF_BF26_h8s20n20.txt,BBLCT,20,8,96,20,1200.0,1,1.0,4,4.2,9,1065.18,595038.2,118849536,false,cpu_limit
BF_BF26_h8s20n3.txt,BBLCT,20,8,96,20,1200.0,2,2.1,4,4.2,9,1153.29,595036.2,131559424,false,cpu_limit
BF_BF26_h8s20n4.txt,BBLCT,20,8,96,20,1200.0,0,0.0,3,3.1,7,1019.88,595036.5,113162240,false,cpu_limit
BF_BF26_h8s20n5.txt,BBLCT,20,8,96,20,1200.0,1,1.0,2,2.1,9,1077.09,595037.1,137236480,false,cpu_limit
BF_BF26_h8s20n6.txt,BBLCT,20,8,96,20,1200.0,1,1.0,2,2.1,8,988.95,595040.6,136662016,false,cpu_limit
BF_BF26_h8s20n7.txt,BBLCT,20,8,96,20,1200.0,1,1.0,2,2.1,8,935.65,595038.4,123772928,false,cpu_limit
BF_BF26_h8s20n8.txt,BBLCT,20,8,96,20,1200.0,0,0.0,2,2.1,2,272.44,595027.2,120827904,false,cpu_limit
BF_BF26_h8s20n9.txt,BBLCT,20,8,96,20,1200.0,1,1.0,2,2.1,7,866.01,595036.2,119274496,false,cpu_limit
BF_BF27_h8s20n1.txt,BBLCT,20,8,96,39,1200.0,1,1.0,4,4.2,10,1160.91,595040.9,106283008,false,cpu_limit
BF_BF27_h8s20n10.txt,BBLCT,20,8,96,39,1200.0,0,0.0,3,3.1,9,1147.07,595027.7,105717760,false,cpu_limit
BF_BF27_h8s20n11.txt,BBLCT,20,8,96,39,1200.0,1,1.0,4,4.2,8,1147.97,595034.5,102497280,false,cpu_limit
BF_BF27_h8s20n12.txt,BBLCT,20,8,96,39,1200.0,0,0.0,1,1.0,8,949.98,595030.8,108519424,false,cpu_limit
BF_BF27_h8s20n13.txt,BBLCT,20,8,96,39,1200.0,0,0.0,1,1.0,8,1098.47,595027.9,110462976,false,cpu_limit
BF_BF27_h8s20n14.txt,BBLCT,20,8,96,39,1200.0,2,2.1,4,4.2,9,1100.07,595035.7,102652928,false,cpu_limit
BF_BF27_h8s20n15.txt,BBLCT,20,8,96,39,1200.0,1,1.0,1,1.0,0,0.00,595024.9,117170176,false,cpu_limit
BF_BF27_h8s20n16.txt,BBLCT,20,8,96,39,1200.0,0,0.0,3,3.1,10,1177.28,595028.0,103453696,false,cpu_limit
BF_BF27_h8s20n17.txt,BBLCT,20,8,96,39,1200.0,1,1.0,1,1.0,0,0.00,595030.0,109871104,false,cpu_limit
BF_BF27_h8s20n18.txt,BBLCT,20,8,96,39,1200.0,0,0.0,2,2.1,7,1031.21,595034.2,109198336,false,cpu_limit
BF_BF27_h8s20n19.txt,BBLCT,20,8,96,39,1200.0,2,2.1,2,2.1,0,0.00,595031.5,110246912,false,cpu_limit
BF_BF27_h8s20n2.txt,BBLCT,20,8,96,39,1200.0,1,1.0,3,3.1,7,1020.71,595033.1,106498048,false,cpu_limit
BF_BF27_h8s20n20.txt,BBLCT,20,8,96,39,1200.0,1,1.0,1,1.0,0,0.00,595031.0,113072128,false,cpu_limit
BF_BF27_h8s20n3.txt,BBLCT,20,8,96,39,1200.0,0,0.0,1,1.0,8,1132.20,595035.8,118312960,false,cpu_limit
BF_BF27_h8s20n4.txt,BBLCT,20,8,96,39,1200.0,1,1.0,3,3.1,9,1059.63,595030.9,112382976,false,cpu_limit
BF_BF27_h8s20n5.txt,BBLCT,20,8,96,39,1200.0,2,2.1,2,2.1,0,0.00,595031.7,110185472,false,cpu_limit
BF_BF27_h8s20n6.txt,BBLCT,20,8,96,39,1200.0,2,2.1,4,4.2,8,1083.58,595028.0,109670400,false,cpu_limit
BF_BF27_h8s20n7.txt,BBLCT,20,8,96,39,1200.0,0,0.0,3,3.1,8,1136.35,595028.4,105822208,false,cpu_limit
BF_BF27_h8s20n8.txt,BBLCT,20,8,96,39,1200.0,1,1.0,1,1.0,0,0.00,595032.2,105414656,false,cpu_limit
BF_BF27_h8s20n9.txt,BBLCT,20,8,96,39,1200.0,0,0.0,5,5.2,8,1173.83,595034.4,106034176,false,cpu_limit
BF_BF28_h8s20n1.txt,BBLCT,20,8,96,39,1200.0,1,1.0,4,4.2,6,1022.72,595036.8,125787136,false,cpu_limit
BF_BF28_h8s20n10.txt,BBLCT,20,8,96,39,1200.0,1,1.0,2,2.1,7,877.79,595031.1,109561856,false,cpu_limit
BF_BF28_h8s20n11.txt,BBLCT,20,8,96,39,1200.0,1,1.0,2,2.1,10,1094.95,595030.7,138574848,false,cpu_limit
BF_BF28_h8s20n12.txt,BBLCT,20,8,96,39,1200.0,0,0.0,2,2.1,8,1150.34,595028.8,130706432,false,cpu_limit
BF_BF28_h8s20n13.txt,BBLCT,20,8,96,39,1200.0,1,1.0,2,2.1,9,1140.13,595036.3,114574336,false,cpu_limit
BF_BF28_h8s20n14.txt,BBLCT,20,8,96,39,1200.0,1,1.0,3,3.1,9,1128.63,595030.5,126393344,false,cpu_limit
BF_BF28_h8s20n15.txt,BBLCT,20,8,96,39,1200.0,0,0.0,2,2.1,10,1188.81,595029.9,125121536,false,cpu_limit
BF_BF28_h8s20n16.txt,BBLCT,20,8,96,39,1200.0,1,1.0,2,2.1,5,831.65,595034.2,122637312,false,cpu_limit
BF_BF28_h8s20n17.txt,BBLCT,20,8,96,39,1200.0,1,1.0,2,2.1,1,180.02,595032.4,116594688,false,cpu_limit
BF_BF28_h8s20n18.txt,BBLCT,20,8,96,39,1200.0,0,0.0,1,1.0,8,1112.09,595030.3,125306880,false,cpu_limit
BF_BF28_h8s20n19.txt,BBLCT,20,8,96,39,1200.0,0,0.0,2,2.1,9,1135.01,595026.4,119853056,false,cpu_limit
BF_BF28_h8s20n2.txt,BBLCT,20,8,96,39,1200.0,0,0.0,2,2.1,9,1082.55,595026.1,131401728,false,cpu_limit
BF_BF28_h8s20n20.txt,BBLCT,20,8,96,39,1200.0,0,0.0,2,2.1,7,1085.36,595029.1,108318720,false,cpu_limit
BF_BF28_h8s20n3.txt,BBLCT,20,8,96,39,1200.0,0,0.0,8,8.3,10,1158.32,595027.3,122237952,false,cpu_limit
BF_BF28_h8s20n4.txt,BBLCT,20,8,96,39,1200.0,0,0.0,1,1.0,7,870.11,595031.5,139023360,false,cpu_limit
BF_BF28_h8s20n5.txt,BBLCT,20,8,96,39,1200.0,0,0.0,1,1.0,8,1146.86,595030.3,116208640,false,cpu_limit
BF_BF28_h8s20n6.txt,BBLCT,20,8,96,39,1200.0,0,0.0,2,2.1,8,1003.70,595027.4,106033152,false,cpu_limit
BF_BF28_h8s20n7.txt,BBLCT,20,8,96,39,1200.0,0,0.0,2,2.1,9,1099.52,595026.7,111104000,false,cpu_limit
BF_BF28_h8s20n8.txt,BBLCT,20,8,96,39,1200.0,0,0.0,1,1.0,6,815.64,595026.9,127190016,false,cpu_limit
BF_BF28_h8s20n9.txt,BBLCT,20,8,96,39,1200.0,0,0.0,1,1.0,6,838.24,595034.4,114226176,false,cpu_limit
BF_BF29_h8s20n1.txt,BBLCT,20,8,128,26,1200.0,1,0.8,3,2.3,8,1047.42,595032.1,123279360,false,cpu_limit
BF_BF29_h8s20n10.txt,BBLCT,20,8,128,26,1200.0,0,0.0,2,1.6,8,1041.85,595030.0,144949248,false,cpu_limit
BF_BF29_h8s20n11.txt,BBLCT,20,8,128,26,1200.0,1,0.8,2,1.6,9,1127.47,595030.2,119987200,false,cpu_limit
BF_BF29_h8s20n12.txt,BBLCT,20,8,128,26,1200.0,0,0.0,2,1.6,8,1056.05,595032.6,136858624,false,cpu_limit
BF_BF29_h8s20n13.txt,BBLCT,20,8,128,26,1200.0,1,0.8,4,3.1,11,1184.43,595026.9,127546368,false,cpu_limit
BF_BF29_h8s20n14.txt,BBLCT,20,8,128,26,1200.0,1,0.8,3,2.3,8,1199.61,595038.6,148516864,false,cpu_limit
BF_BF29_h8s20n15.txt,BBLCT,20,8,128,26,1200.0,2,1.6,4,3.1,9,1194.84,595030.3,135836672,false,cpu_limit
BF_BF29_h8s20n16.txt,BBLCT,20,8,128,26,1200.0,0,0.0,2,1.6,9,1072.72,595035.7,131913728,false,cpu_limit
BF_BF29_h8s20n17.txt,BBLCT,20,8,128,26,1200.0,0,0.0,1,0.8,8,1023.84,595038.6,125573120,false,cpu_limit
BF_BF29_h8s20n18.txt,BBLCT,20,8,128,26,1200.0,2,1.6,3,2.3,7,919.96,595035.4,128466944,false,cpu_limit
BF_BF29_h8s20n19.txt,BBLCT,20,8,128,26,1200.0,2,1.6,3,2.3,10,1119.82,595034.4,122132480,false,cpu_limit
BF_BF29_h8s20n2.txt,BBLCT,20,8,128,26,1200.0,0,0.0,1,0.8,9,1033.26,595032.2,128659456,false,cpu_limit
BF_BF29_h8s20n20.txt,BBLCT,20,8,128,26,1200.0,0,0.0,1,0.8,7,971.84,595037.0,136186880,false,cpu_limit
BF_BF29_h8s20n3.txt,BBLCT,20,8,128,26,1200.0,0,0.0,1,0.8,7,938.23,595035.5,129952768,false,cpu_limit
BF_BF29_h8s20n4.txt,BBLCT,20,8,128,26,1200.0,2,1.6,4,3.1,9,1021.65,595037.1,135066624,false,cpu_limit
BF_BF29_h8s20n5.txt,BBLCT,20,8,128,26,1200.0,2,1.6,4,3.1,10,1090.96,595035.1,122082304,false,cpu_limit
BF_BF29_h8s20n6.txt,BBLCT,20,8,128,26,1200.0,0,0.0,2,1.6,8,1053.81,595028.5,127032320,false,cpu_limit
BF_BF29_h8s20n7.txt,BBLCT,20,8,128,26,1200.0,0,0.0,2,1.6,9,1177.39,595038.2,138504192,false,cpu_limit
BF_BF29_h8s20n8.txt,BBLCT,20,8,128,26,1200.0,1,0.8,2,1.6,7,979.59,595033.2,140465152,false,cpu_limit
BF_BF29_h8s20n9.txt,BBLCT,20,8,128,26,1200.0,2,1.6,2,1.6,0,0.00,595038.0,132501504,false,cpu_limit
BF_BF2_h5s16n1.txt,BBLCT,16,5,48,10,1200.0,1,2.1,3,6.2,9,981.66,595030.4,231139328,false,cpu_limit
BF_BF2_h5s16n10.txt,BBLCT,16,5,48,10,1200.0,2,4.2,4,8.3,8,966.18,595039.2,249206784,false,cpu_limit
BF_BF2_h5s16n11.txt,BBLCT,16,5,48,10,1200.0,2,4.2,4,8.3,10,1111.63,595032.5,229798912,false,cpu_limit
BF_BF2_h5s16n12.txt,BBLCT,16,5,48,10,1200.0,1,2.1,4,8.3,10,1147.01,595034.0,224384000,false,cpu_limit
BF_BF2_h5s16n13.txt,BBLCT,16,5,48,10,1200.0,1,2.1,3,6.2,10,1102.46,595032.8,255718400,false,cpu_limit
BF_BF2_h5s16n14.txt,BBLCT,16,5,48,10,1200.0,1,2.1,3,6.2,10,1022.58,595034.8,227759104,false,cpu_limit
BF_BF2_h5s16n15.txt,BBLCT,16,5,48,10,1200.0,1,2.1,2,4.2,8,967.18,595033.7,231270400,false,cpu_limit
BF_BF2_h5s16n16.txt,BBLCT,16,5,48,10,1200.0,0,0.0,3,6.2,9,935.26,595025.3,237035520,false,cpu_limit
BF_BF2_h5s16n17.txt,BBLCT,16,5,48,10,1200.0,2,4.2,5,10.4,11,1185.11,595036.1,222133248,false,cpu_limit
BF_BF2_h5s16n18.txt,BBLCT,16,5,48,10,1200.0,1,2.1,3,6.2,8,990.31,595045.9,244935680,false,cpu_limit
BF_BF2_h5s16n19.txt,BBLCT,16,5,48,10,1200.0,0,0.0,4,8.3,9,1050.61,595031.7,242591744,false,cpu_limit
BF_BF2_h5s16n2.txt,BBLCT,16,5,48,10,1200.0,1,2.1,3,6.2,9,954.13,595033.2,209288192,false,cpu_limit
BF_BF2_h5s16n20.txt,BBLCT,16,5,48,10,1200.0,1,2.1,6,12.5,9,993.81,595034.5,218027008,false,cpu_limit
BF_BF2_h5s16n3.txt,BBLCT,16,5,48,10,1200.0,1,2.1,4,8.3,9,1031.26,595030.1,243951616,false,cpu_limit
BF_BF2_h5s16n4.txt,BBLCT,16,5,48,10,1200.0,2,4.2,4,8.3,10,1039.52,595037.9,229051392,false,cpu_limit
BF_BF2_h5s16n5.txt,BBLCT,16,5,48,10,1200.0,1,2.1,5,10.4,8,837.55,595041.1,237422592,false,cpu_limit
BF_BF2_h5s16n6.txt,BBLCT,16,5,48,10,1200.0,1,2.1,2,4.2,8,896.45,595031.8,238203904,false,cpu_limit
BF_BF2_h5s16n7.txt,BBLCT,16,5,48,10,1200.0,4,8.3,7,14.6,9,1084.33,595027.4,253035520,false,cpu_limit
BF_BF2_h5s16n8.txt,BBLCT,16,5,48,10,1200.0,0,0.0,3,6.2,9,1013.25,595031.6,236696576,false,cpu_limit
BF_BF2_h5s16n9.txt,BBLCT,16,5,48,10,1200.0,1,2.1,4,8.3,10,1096.35,595034.2,230088704,false,cpu_limit
BF_BF30_h8s20n1.txt,BBLCT,20,8,128,26,1200.0,1,0.8,3,2.3,9,1055.71,595035.4,143364096,false,cpu_limit
BF_BF30_h8s20n10.txt,BBLCT,20,8,128,26,1200.0,0,0.0,2,1.6,9,989.75,595035.6,127955968,false,cpu_limit
BF_BF30_h8s20n11.txt,BBLCT,20,8,128,26,1200.0,2,1.6,3,2.3,9,1102.14,595027.7,150964224,false,cpu_limit
BF_BF30_h8s20n12.txt,BBLCT,20,8,128,26,1200.0,0,0.0,2,1.6,9,1132.58,595028.1,143855616,false,cpu_limit
BF_BF30_h8s20n13.txt,BBLCT,20,8,128,26,1200.0,1,0.8,3,2.3,9,1078.66,595034.2,133087232,false,cpu_limit
BF_BF30_h8s20n14.txt,BBLCT,20,8,128,26,1200.0,1,0.8,1,0.8,0,0.00,595027.9,132347904,false,cpu_limit
BF_BF30_h8s20n15.txt,BBLCT,20,8,128,26,1200.0,1,0.8,1,0.8,0,0.00,595031.6,119619584,false,cpu_limit
BF_BF30_h8s20n16.txt,BBLCT,20,8,128,26,1200.0,1,0.8,2,1.6,10,1051.85,595037.1,127029248,false,cpu_limit
BF_BF30_h8s20n17.txt,BBLCT,20,8,128,26,1200.0,1,0.8,3,2.3,9,1018.13,595033.6,143717376,false,cpu_limit
BF_BF30_h8s20n18.txt,BBLCT,20,8,128,26,1200.0,1,0.8,1,0.8,0,0.00,595033.2,142334976,false,cpu_limit
BF_BF30_h8s20n19.txt,BBLCT,20,8,128,26,1200.0,0,0.0,2,1.6,8,986.94,595037.5,139232256,false,cpu_limit
BF_BF30_h8s20n2.txt,BBLCT,20,8,128,26,1200.0,1,0.8,1,0.8,0,0.00,595032.7,134503424,false,cpu_limit
BF_BF30_h8s20n20.txt,BBLCT,20,8,128,26,1200.0,2,1.6,4,3.1,9,1140.41,595034.8,133392384,false,cpu_limit
BF_BF30_h8s20n3.txt,BBLCT,20,8,128,26,1200.0,1,0.8,3,2.3,11,1199.88,595036.5,142856192,false,cpu_limit
BF_BF30_h8s20n4.txt,BBLCT,20,8,128,26,1200.0,1,0.8,2,1.6,8,968.80,595037.1,145575936,false,cpu_limit
BF_BF30_h8s20n5.txt,BBLCT,20,8,128,26,1200.0,1,0.8,2,1.6,7,880.57,595032.9,141887488,false,cpu_limit
BF_BF30_h8s20n6.txt,BBLCT,20,8,128,26,1200.0,0,0.0,2,1.6,8,1048.28,595035.2,141871104,false,cpu_limit
BF_BF30_h8s20n7.txt,BBLCT,20,8,128,26,1200.0,2,1.6,2,1.6,0,0.00,595032.6,130729984,false,cpu_limit
BF_BF30_h8s20n8.txt,BBLCT,20,8,128,26,1200.0,1,0.8,2,1.6,8,1093.63,595027.6,138959872,false,cpu_limit
BF_BF30_h8s20n9.txt,BBLCT,20,8,128,26,1200.0,3,2.3,4,3.1,7,920.33,595029.5,138963968,false,cpu_limit
BF_BF31_h8s20n1.txt,BBLCT,20,8,128,52,1200.0,0,0.0,0,0.0,0,0.00,595033.9,126171136,false,cpu_limit
BF_BF31_h8s20n10.txt,BBLCT,20,8,128,52,1200.0,0,0.0,1,0.8,7,958.49,595026.3,123808768,false,cpu_limit
BF_BF31_h8s20n11.txt,BBLCT,20,8,128,52,1200.0,0,0.0,1,0.8,7,900.19,595026.4,126850048,false,cpu_limit
BF_BF31_h8s20n12.txt,BBLCT,20,8,128,52,1200.0,1,0.8,2,1.6,8,919.88,595034.2,115699712,false,cpu_limit
BF_BF31_h8s20n13.txt,BBLCT,20,8,128,52,1200.0,1,0.8,2,1.6,8,1015.72,595036.4,121453568,false,cpu_limit
BF_BF31_h8s20n14.txt,BBLCT,20,8,128,52,1200.0,0,0.0,1,0.8,10,1142.06,595032.3,133545984,false,cpu_limit
BF_BF31_h8s20n15.txt,BBLCT,20,8,128,52,1200.0,0,0.0,2,1.6,9,1134.06,595032.6,126919680,false,cpu_limit
BF_BF31_h8s20n16.txt,BBLCT,20,8,128,52,1200.0,2,1.6,3,2.3,10,1104.10,595037.9,135050240,false,cpu_limit
BF_BF31_h8s20n17.txt,BBLCT,20,8,128,52,1200.0,0,0.0,1,0.8,8,1008.69,595034.5,129319936,false,cpu_limit
BF_BF31_h8s20n18.txt,BBLCT,20,8,128,52,1200.0,0,0.0,1,0.8,8,998.51,595031.1,126242816,false,cpu_limit
BF_BF31_h8s20n19.txt,BBLCT,20,8,128,52,1200.0,0,0.0,1,0.8,9,1156.92,595035.5,127801344,false,cpu_limit
BF_BF31_h8s20n2.txt,BBLCT,20,8,128,52,1200.0,3,2.3,3,2.3,0,0.00,595031.8,115031040,false,cpu_limit
BF_BF31_h8s20n20.txt,BBLCT,20,8,128,52,1200.0,0,0.0,1,0.8,8,1027.76,595035.6,127798272,false,cpu_limit
BF_BF31_h8s20n3.txt,BBLCT,20,8,128,52,1200.0,3,2.3,4,3.1,9,1057.93,595040.6,118818816,false,cpu_limit
BF_BF31_h8s20n4.txt,BBLCT,20,8,128,52,1200.0,2,1.6,3,2.3,8,1051.67,595042.1,125412352,false,cpu_limit
BF_BF31_h8s20n5.txt,BBLCT,20,8,128,52,1200.0,0,0.0,2,1.6,10,1080.64,595040.8,125485056,false,cpu_limit
BF_BF31_h8s20n6.txt,BBLCT,20,8,128,52,1200.0,1,0.8,1,0.8,0,0.00,595041.1,141645824,false,cpu_limit
BF_BF31_h8s20n7.txt,BBLCT,20,8,128,52,1200.0,0,0.0,2,1.6,10,1187.21,595033.4,131830784,false,cpu_limit
BF_BF31_h8s20n8.txt,BBLCT,20,8,128,52,1200.0,0,0.0,1,0.8,8,1026.32,595029.6,136780800,false,cpu_limit
BF_BF31_h8s20n9.txt,BBLCT,20,8,128,52,1200.0,1,0.8,3,2.3,11,1193.17,595028.2,125410304,false,cpu_limit
BF_BF32_h8s20n1.txt,BBLCT,20,8,128,52,1200.0,0,0.0,1,0.8,8,960.62,595029.1,153175040,false,cpu_limit
BF_BF32_h8s20n10.txt,BBLCT,20,8,128,52,1200.0,0,0.0,1,0.8,8,1084.92,595031.3,157562880,false,cpu_limit
BF_BF32_h8s20n11.txt,BBLCT,20,8,128,52,1200.0,0,0.0,1,0.8,9,1038.18,595031.5,160850944,false,cpu_limit
BF_BF32_h8s20n12.txt,BBLCT,20,8,128,52,1200.0,1,0.8,1,0.8,0,0.00,595030.0,126090240,false,cpu_limit
BF_BF32_h8s20n13.txt,BBLCT,20,8,128,52,1200.0,1,0.8,1,0.8,0,0.00,595035.3,137771008,false,cpu_limit
BF_BF32_h8s20n14.txt,BBLCT,20,8,128,52,1200.0,0,0.0,0,0.0,0,0.00,595036.8,127543296,false,cpu_limit
BF_BF32_h8s20n15.txt,BBLCT,20,8,128,52,1200.0,0,0.0,0,0.0,0,0.00,595037.1,141247488,false,cpu_limit
BF_BF32_h8s20n16.txt,BBLCT,20,8,128,52,1200.0,1,0.8,2,1.6,8,961.50,595034.7,128348160,false,cpu_limit
BF_BF32_h8s20n17.txt,BBLCT,20,8,128,52,1200.0,0,0.0,1,0.8,9,1166.64,595034.8,117676032,false,cpu_limit
BF_BF32_h8s20n18.txt,BBLCT,20,8,128,52,1200.0,0,0.0,1,0.8,7,875.05,595029.3,134992896,false,cpu_limit
BF_BF32_h8s20n19.txt,BBLCT,20,8,128,52,1200.0,1,0.8,2,1.6,8,942.00,595039.5,137714688,false,cpu_limit
BF_BF32_h8s20n2.txt,BBLCT,20,8,128,52,1200.0,0,0.0,3,2.3,10,1176.51,595033.0,139663360,false,cpu_limit
BF_BF32_h8s20n20.txt,BBLCT,20,8,128,52,1200.0,0,0.0,1,0.8,9,1149.65,595040.8,151443456,false,cpu_limit
BF_BF32_h8s20n3.txt,BBLCT,20,8,128,52,1200.0,1,0.8,2,1.6,8,1019.13,595038.5,162097152,false,cpu_limit
BF_BF32_h8s20n4.txt,BBLCT,20,8,128,52,1200.0,1,0.8,2,1.6,8,1052.05,595040.6,131323904,false,cpu_limit
BF_BF32_h8s20n5.txt,BBLCT,20,8,128,52,1200.0,0,0.0,1,0.8,10,1100.91,595035.2,143839232,false,cpu_limit
BF_BF32_h8s20n6.txt,BBLCT,20,8,128,52,1200.0,0,0.0,3,2.3,8,1020.49,595035.6,131634176,false,cpu_limit
BF_BF32_h8s20n7.txt,BBLCT,20,8,128,52,1200.0,0,0.0,2,1.6,8,954.80,595038.0,139335680,false,cpu_limit
BF_BF32_h8s20n8.txt,BBLCT,20,8,128,52,1200.0,0,0.0,1,0.8,7,876.57,595032.0,144909312,false,cpu_limit
BF_BF32_h8s20n9.txt,BBLCT,20,8,128,52,1200.0,0,0.0,1,0.8,8,1110.47,595029.9,122933248,false,cpu_limit
BF_BF3_h5s16n1.txt,BBLCT,16,5,48,20,1200.0,1,2.1,4,8.3,9,1159.73,595035.8,223321088,false,cpu_limit
BF_BF3_h5s16n10.txt,BBLCT,16,5,48,20,1200.0,1,2.1,8,16.7,11,1193.27,595027.9,193156096,false,cpu_limit
BF_BF3_h5s16n11.txt,BBLCT,16,5,48,20,1200.0,0,0.0,2,4.2,10,1056.16,595032.0,205298688,false,cpu_limit
BF_BF3_h5s16n12.txt,BBLCT,16,5,48,20,1200.0,1,2.1,2,4.2,9,998.36,595033.0,194817024,false,cpu_limit
BF_BF3_h5s16n13.txt,BBLCT,16,5,48,20,1200.0,1,2.1,2,4.2,7,978.73,595031.6,213368832,false,cpu_limit
BF_BF3_h5s16n14.txt,BBLCT,16,5,48,20,1200.0,2,4.2,4,8.3,10,1042.12,595037.5,173278208,false,cpu_limit
BF_BF3_h5s16n15.txt,BBLCT,16,5,48,20,1200.0,0,0.0,1,2.1,8,924.14,595032.0,200564736,false,cpu_limit
BF_BF3_h5s16n16.txt,BBLCT,16,5,48,20,1200.0,1,2.1,2,4.2,9,928.71,595033.2,191819776,false,cpu_limit
BF_BF3_h5s16n17.txt,BBLCT,16,5,48,20,1200.0,1,2.1,3,6.2,10,1076.67,595029.1,198377472,false,cpu_limit
BF_BF3_h5s16n18.txt,BBLCT,16,5,48,20,1200.0,2,4.2,4,8.3,10,1079.85,595030.5,197969920,false,cpu_limit
BF_BF3_h5s16n19.txt,BBLCT,16,5,48,20,1200.0,1,2.1,3,6.2,9,981.15,595032.6,176820224,false,cpu_limit
BF_BF3_h5s16n2.txt,BBLCT,16,5,48,20,1200.0,0,0.0,4,8.3,11,1171.73,595034.3,191845376,false,cpu_limit
BF_BF3_h5s16n20.txt,BBLCT,16,5,48,20,1200.0,1,2.1,2,4.2,9,1041.03,595031.6,219916288,false,cpu_limit
BF_BF3_h5s16n3.txt,BBLCT,16,5,48,20,1200.0,2,4.2,2,4.2,0,0.00,595030.3,187708416,false,cpu_limit
BF_BF3_h5s16n4.txt,BBLCT,16,5,48,20,1200.0,1,2.1,5,10.4,11,1190.33,595030.2,202665984,false,cpu_limit
BF_BF3_h5s16n5.txt,BBLCT,16,5,48,20,1200.0,1,2.1,4,8.3,9,939.62,595032.6,192175104,false,cpu_limit
BF_BF3_h5s16n6.txt,BBLCT,16,5,48,20,1200.0,1,2.1,3,6.2,10,1141.26,595036.7,205970432,false,cpu_limit
BF_BF3_h5s16n7.txt,BBLCT,16,5,48,20,1200.0,1,2.1,3,6.2,9,1104.84,595034.4,199087104,false,cpu_limit
BF_BF3_h5s16n8.txt,BBLCT,16,5,48,20,1200.0,0,0.0,3,6.2,10,1106.85,595035.6,209006592,false,cpu_limit
BF_BF3_h5s16n9.txt,BBLCT,16,5,48,20,1200.0,1,2.1,2,4.2,7,857.38,595037.1,181841920,false,cpu_limit
BF_BF4_h5s16n1.txt,BBLCT,16,5,48,20,1200.0,0,0.0,2,4.2,10,1110.00,595032.3,245883904,false,cpu_limit
BF_BF4_h5s16n10.txt,BBLCT,16,5,48,20,1200.0,0,0.0,3,6.2,10,1099.81,595034.3,237946880,false,cpu_limit
BF_BF4_h5s16n11.txt,BBLCT,16,5,48,20,1200.0,0,0.0,1,2.1,10,1175.46,595031.9,237291520,false,cpu_limit
BF_BF4_h5s16n12.txt,BBLCT,16,5,48,20,1200.0,0,0.0,2,4.2,8,1000.65,595033.8,231912448,false,cpu_limit
BF_BF4_h5s16n13.txt,BBLCT,16,5,48,20,1200.0,1,2.1,4,8.3,8,918.00,595028.2,235305984,false,cpu_limit
BF_BF4_h5s16n14.txt,BBLCT,16,5,48,20,1200.0,1,2.1,1,2.1,0,0.00,595032.5,244256768,false,cpu_limit
BF_BF4_h5s16n15.txt,BBLCT,16,5,48,20,1200.0,0,0.0,2,4.2,9,1073.70,595040.9,242898944,false,cpu_limit
BF_BF4_h5s16n16.txt,BBLCT,16,5,48,20,1200.0,1,2.1,4,8.3,11,1194.79,595030.6,242819072,false,cpu_limit
BF_BF4_h5s16n17.txt,BBLCT,16,5,48,20,1200.0,1,2.1,4,8.3,7,851.66,595027.4,219113472,false,cpu_limit
BF_BF4_h5s16n18.txt,BBLCT,16,5,48,20,1200.0,1,2.1,4,8.3,10,1154.56,595033.7,239864832,false,cpu_limit
BF_BF4_h5s16n19.txt,BBLCT,16,5,48,20,1200.0,1,2.1,5,10.4,7,905.35,595028.0,227040256,false,cpu_limit
BF_BF4_h5s16n2.txt,BBLCT,16,5,48,20,1200.0,1,2.1,4,8.3,10,1075.00,595027.7,245288960,false,cpu_limit
BF_BF4_h5s16n20.txt,BBLCT,16,5,48,20,1200.0,1,2.1,5,10.4,10,1159.27,595033.2,220798976,false,cpu_limit
BF_BF4_h5s16n3.txt,BBLCT,16,5,48,20,1200.0,0,0.0,3,6.2,10,1104.98,595033.2,224320512,false,cpu_limit
BF_BF4_h5s16n4.txt,BBLCT,16,5,48,20,1200.0,0,0.0,1,2.1,7,804.70,595027.8,228313088,false,cpu_limit
BF_BF4_h5s16n5.txt,BBLCT,16,5,48,20,1200.0,0,0.0,1,2.1,10,1127.91,595034.6,235073536,false,cpu_limit
BF_BF4_h5s16n6.txt,BBLCT,16,5,48,20,1200.0,2,4.2,4,8.3,10,1118.02,595030.3,242957312,false,cpu_limit
BF_BF4_h5s16n7.txt,BBLCT,16,5,48,20,1200.0,0,0.0,4,8.3,11,1195.60,595031.4,238418944,false,cpu_limit
BF_BF4_h5s16n8.txt,BBLCT,16,5,48,20,1200.0,0,0.0,1,2.1,7,914.23,595040.5,219531264,false,cpu_limit
BF_BF4_h5s16n9.txt,BBLCT,16,5,48,20,1200.0,0,0.0,2,4.2,11,1191.64,595031.6,222287872,false,cpu_limit
BF_BF5_h5s16n1.txt,BBLCT,16,5,64,13,1200.0,1,1.6,3,4.7,8,896.15,595027.8,220695552,false,cpu_limit
BF_BF5_h5s16n10.txt,BBLCT,16,5,64,13,1200.0,1,1.6,8,12.5,11,1172.65,595030.4,226323456,false,cpu_limit
BF_BF5_h5s16n11.txt,BBLCT,16,5,64,13,1200.0,1,1.6,3,4.7,9,1025.66,595028.2,223984640,false,cpu_limit
BF_BF5_h5s16n12.txt,BBLCT,16,5,64,13,1200.0,1,1.6,5,7.8,10,1105.62,595029.9,239694848,false,cpu_limit
BF_BF5_h5s16n13.txt,BBLCT,16,5,64,13,1200.0,0,0.0,2,3.1,10,1017.24,595031.3,226966528,false,cpu_limit
BF_BF5_h5s16n14.txt,BBLCT,16,5,64,13,1200.0,2,3.1,4,6.2,11,1148.85,595033.8,204370944,false,cpu_limit
BF_BF5_h5s16n15.txt,BBLCT,16,5,64,13,1200.0,3,4.7,4,6.2,8,855.90,595028.5,227837952,false,cpu_limit
BF_BF5_h5s16n16.txt,BBLCT,16,5,64,13,1200.0,1,1.6,3,4.7,10,1082.55,595029.4,225756160,false,cpu_limit
BF_BF5_h5s16n17.txt,BBLCT,16,5,64,13,1200.0,1,1.6,4,6.2,9,988.82,595028.1,233205760,false,cpu_limit
BF_BF5_h5s16n18.txt,BBLCT,16,5,64,13,1200.0,1,1.6,3,4.7,11,1171.85,595027.1,211339264,false,cpu_limit
BF_BF5_h5s16n19.txt,BBLCT,16,5,64,13,1200.0,2,3.1,4,6.2,9,965.05,595028.0,227918848,false,cpu_limit
BF_BF5_h5s16n2.txt,BBLCT,16,5,64,13,1200.0,1,1.6,2,3.1,9,943.49,595030.6,230099968,false,cpu_limit
BF_BF5_h5s16n20.txt,BBLCT,16,5,64,13,1200.0,2,3.1,4,6.2,9,1001.10,595028.6,214572032,false,cpu_limit
BF_BF5_h5s16n3.txt,BBLCT,16,5,64,13,1200.0,2,3.1,7,10.9,10,1080.07,595030.0,220974080,false,cpu_limit
BF_BF5_h5s16n4.txt,BBLCT,16,5,64,13,1200.0,4,6.2,7,10.9,8,951.02,595038.8,225362944,false,cpu_limit
BF_BF5_h5s16n5.txt,BBLCT,16,5,64,13,1200.0,1,1.6,3,4.7,10,1086.41,595032.7,225043456,false,cpu_limit
BF_BF5_h5s16n6.txt,BBLCT,16,5,64,13,1200.0,0,0.0,3,4.7,10,1059.28,595033.4,214468608,false,cpu_limit
BF_BF5_h5s16n7.txt,BBLCT,16,5,64,13,1200.0,0,0.0,3,4.7,11,1163.18,595031.7,233145344,false,cpu_limit
BF_BF5_h5s16n8.txt,BBLCT,16,5,64,13,1200.0,0,0.0,2,3.1,11,1146.89,595033.1,217050112,false,cpu_limit
BF_BF5_h5s16n9.txt,BBLCT,16,5,64,13,1200.0,1,1.6,6,9.4,11,1111.72,595039.3,210697216,false,cpu_limit
BF_BF6_h5s16n1.txt,BBLCT,16,5,64,13,1200.0,2,3.1,6,9.4,11,1183.19,595028.2,248785920,false,cpu_limit
BF_BF6_h5s16n10.txt,BBLCT,16,5,64,13,1200.0,1,1.6,2,3.1,8,944.39,595027.2,267410432,false,cpu_limit
BF_BF6_h5s16n11.txt,BBLCT,16,5,64,13,1200.0,0,0.0,2,3.1,8,868.22,595028.1,250916864,false,cpu_limit
BF_BF6_h5s16n12.txt,BBLCT,16,5,64,13,1200.0,0,0.0,2,3.1,10,1139.47,595036.5,259970048,false,cpu_limit
BF_BF6_h5s16n13.txt,BBLCT,16,5,64,13,1200.0,2,3.1,3,4.7,9,1042.35,595026.2,261626880,false,cpu_limit
BF_BF6_h5s16n14.txt,BBLCT,16,5,64,13,1200.0,1,1.6,3,4.7,10,1124.41,595027.8,256165888,false,cpu_limit
BF_BF6_h5s16n15.txt,BBLCT,16,5,64,13,1200.0,0,0.0,3,4.7,9,1031.50,595026.5,237632512,false,cpu_limit
BF_BF6_h5s16n16.txt,BBLCT,16,5,64,13,1200.0,2,3.1,8,12.5,10,1183.74,595033.9,253765632,false,cpu_limit
BF_BF6_h5s16n17.txt,BBLCT,16,5,64,13,1200.0,0,0.0,2,3.1,10,1118.09,595031.2,259686400,false,cpu_limit
BF_BF6_h5s16n18.txt,BBLCT,16,5,64,13,1200.0,0,0.0,2,3.1,9,1012.61,595028.4,248352768,false,cpu_limit
BF_BF6_h5s16n19.txt,BBLCT,16,5,64,13,1200.0,2,3.1,3,4.7,7,817.55,595036.6,252341248,false,cpu_limit
BF_BF6_h5s16n2.txt,BBLCT,16,5,64,13,1200.0,1,1.6,3,4.7,9,975.01,595029.8,245996544,false,cpu_limit
BF_BF6_h5s16n20.txt,BBLCT,16,5,64,13,1200.0,0,0.0,3,4.7,10,1122.32,595033.2,263667712,false,cpu_limit
BF_BF6_h5s16n3.txt,BBLCT,16,5,64,13,1200.0,2,3.1,3,4.7,8,924.65,595031.1,250447872,false,cpu_limit
BF_BF6_h5s16n4.txt,BBLCT,16,5,64,13,1200.0,0,0.0,3,4.7,11,1190.65,595033.5,236567552,false,cpu_limit
BF_BF6_h5s16n5.txt,BBLCT,16,5,64,13,1200.0,2,3.1,4,6.2,9,943.03,595032.5,238340096,false,cpu_limit
BF_BF6_h5s16n6.txt,BBLCT,16,5,64,13,1200.0,0,0.0,2,3.1,8,916.87,595032.6,267223040,false,cpu_limit
BF_BF6_h5s16n7.txt,BBLCT,16,5,64,13,1200.0,0,0.0,4,6.2,11,1197.74,595040.9,245110784,false,cpu_limit
BF_BF6_h5s16n8.txt,BBLCT,16,5,64,13,1200.0,1,1.6,3,4.7,9,1088.77,595041.0,263649280,false,cpu_limit
BF_BF6_h5s16n9.txt,BBLCT,16,5,64,13,1200.0,5,7.8,6,9.4,8,882.30,595037.6,226091008,false,cpu_limit
BF_BF7_h5s16n1.txt,BBLCT,16,5,64,26,1200.0,1,1.6,2,3.1,10,1147.03,595038.4,228575232,false,cpu_limit
BF_BF7_h5s16n10.txt,BBLCT,16,5,64,26,1200.0,2,3.1,3,4.7,8,868.73,595042.5,216539136,false,cpu_limit
BF_BF7_h5s16n11.txt,BBLCT,16,5,64,26,1200.0,1,1.6,3,4.7,11,1117.11,595037.9,234100736,false,cpu_limit
BF_BF7_h5s16n12.txt,BBLCT,16,5,64,26,1200.0,1,1.6,4,6.2,11,1193.25,595029.6,221645824,false,cpu_limit
BF_BF7_h5s16n13.txt,BBLCT,16,5,64,26,1200.0,0,0.0,1,1.6,11,1191.49,595038.7,219680768,false,cpu_limit
BF_BF7_h5s16n14.txt,BBLCT,16,5,64,26,1200.0,1,1.6,2,3.1,8,907.23,595032.2,250545152,false,cpu_limit
BF_BF7_h5s16n15.txt,BBLCT,16,5,64,26,1200.0,2,3.1,5,7.8,8,969.35,595037.7,217417728,false,cpu_limit
BF_BF7_h5s16n16.txt,BBLCT,16,5,64,26,1200.0,1,1.6,2,3.1,8,850.86,595036.6,222809088,false,cpu_limit
BF_BF7_h5s16n17.txt,BBLCT,16,5,64,26,1200.0,0,0.0,2,3.1,10,1044.74,595035.3,209950720,false,cpu_limit
BF_BF7_h5s16n18.txt,BBLCT,16,5,64,26,1200.0,3,4.7,4,6.2,11,1191.38,595031.4,226569216,false,cpu_limit
BF_BF7_h5s16n19.txt,BBLCT,16,5,64,26,1200.0,0,0.0,1,1.6,8,882.01,595031.6,204817408,false,cpu_limit
BF_BF7_h5s16n2.txt,BBLCT,16,5,64,26,1200.0,1,1.6,3,4.7,8,903.38,595028.6,225819648,false,cpu_limit
BF_BF7_h5s16n20.txt,BBLCT,16,5,64,26,1200.0,1,1.6,7,10.9,10,1167.88,595028.6,225656832,false,cpu_limit
BF_BF7_h5s16n3.txt,BBLCT,16,5,64,26,1200.0,1,1.6,2,3.1,8,913.99,595030.2,206917632,false,cpu_limit
BF_BF7_h5s16n4.txt,BBLCT,16,5,64,26,1200.0,2,3.1,8,12.5,9,1018.89,595025.0,221046784,false,cpu_limit
BF_BF7_h5s16n5.txt,BBLCT,16,5,64,26,1200.0,0,0.0,1,1.6,8,877.48,595027.6,219890688,false,cpu_limit
BF_BF7_h5s16n6.txt,BBLCT,16,5,64,26,1200.0,1,1.6,3,4.7,9,947.92,595026.9,229958656,false,cpu_limit
BF_BF7_h5s16n7.txt,BBLCT,16,5,64,26,1200.0,1,1.6,2,3.1,11,1195.94,595028.8,228277248,false,cpu_limit
BF_BF7_h5s16n8.txt,BBLCT,16,5,64,26,1200.0,0,0.0,5,7.8,11,1119.75,595031.5,208389120,false,cpu_limit
BF_BF7_h5s16n9.txt,BBLCT,16,5,64,26,1200.0,0,0.0,6,9.4,11,1129.97,595032.5,214424576,false,cpu_limit
BF_BF8_h5s16n1.txt,BBLCT,16,5,64,26,1200.0,1,1.6,2,3.1,10,1188.43,595031.2,230282240,false,cpu_limit
BF_BF8_h5s16n10.txt,BBLCT,16,5,64,26,1200.0,0,0.0,2,3.1,10,1103.81,595031.1,242070528,false,cpu_limit
BF_BF8_h5s16n11.txt,BBLCT,16,5,64,26,1200.0,0,0.0,1,1.6,11,1172.71,595034.1,230877184,false,cpu_limit
BF_BF8_h5s16n12.txt,BBLCT,16,5,64,26,1200.0,0,0.0,1,1.6,8,927.01,595027.8,235636736,false,cpu_limit
BF_BF8_h5s16n13.txt,BBLCT,16,5,64,26,1200.0,0,0.0,2,3.1,9,1136.81,595029.6,247835648,false,cpu_limit
BF_BF8_h5s16n14.txt,BBLCT,16,5,64,26,1200.0,0,0.0,1,1.6,7,839.89,595028.9,239825920,false,cpu_limit
BF_BF8_h5s16n15.txt,BBLCT,16,5,64,26,1200.0,1,1.6,2,3.1,8,917.28,595031.4,248641536,false,cpu_limit
BF_BF8_h5s16n16.txt,BBLCT,16,5,64,26,1200.0,1,1.6,2,3.1,9,977.95,595032.6,231758848,false,cpu_limit
BF_BF8_h5s16n17.txt,BBLCT,16,5,64,26,1200.0,0,0.0,1,1.6,10,1136.35,595028.1,236228608,false,cpu_limit
BF_BF8_h5s16n18.txt,BBLCT,16,5,64,26,1200.0,1,1.6,3,4.7,8,994.94,595031.6,262758400,false,cpu_limit
BF_BF8_h5s16n19.txt,BBLCT,16,5,64,26,1200.0,1,1.6,2,3.1,9,1103.40,595031.9,233975808,false,cpu_limit
BF_BF8_h5s16n2.txt,BBLCT,16,5,64,26,1200.0,0,0.0,4,6.2,11,1182.73,595036.2,217202688,false,cpu_limit
BF_BF8_h5s16n20.txt,BBLCT,16,5,64,26,1200.0,1,1.6,2,3.1,9,931.98,595032.4,247419904,false,cpu_limit
BF_BF8_h5s16n3.txt,BBLCT,16,5,64,26,1200.0,1,1.6,3,4.7,10,1150.69,595030.4,263143424,false,cpu_limit
BF_BF8_h5s16n4.txt,BBLCT,16,5,64,26,1200.0,1,1.6,6,9.4,10,1076.59,595031.5,259602432,false,cpu_limit
BF_BF8_h5s16n5.txt,BBLCT,16,5,64,26,1200.0,1,1.6,1,1.6,0,0.00,595033.4,230796288,false,cpu_limit
BF_BF8_h5s16n6.txt,BBLCT,16,5,64,26,1200.0,0,0.0,2,3.1,9,947.57,595027.5,217833472,false,cpu_limit
BF_BF8_h5s16n7.txt,BBLCT,16,5,64,26,1200.0,2,3.1,4,6.2,11,1176.02,595027.2,233651200,false,cpu_limit
BF_BF8_h5s16n8.txt,BBLCT,16,5,64,26,1200.0,1,1.6,8,12.5,10,1104.88,595028.0,226521088,false,cpu_limit
BF_BF8_h5s16n9.txt,BBLCT,16,5,64,26,1200.0,1,1.6,2,3.1,9,949.90,595028.0,228343808,false,cpu_limit
BF_BF9_h8s16n1.txt,BBLCT,16,8,77,16,1200.0,0,0.0,1,1.3,8,982.59,595032.0,165482496,false,cpu_limit
BF_BF9_h8s16n10.txt,BBLCT,16,8,77,16,1200.0,1,1.3,2,2.6,7,980.64,595028.2,163999744,false,cpu_limit
BF_BF9_h8s16n11.txt,BBLCT,16,8,77,16,1200.0,2,2.6,3,3.9,8,982.11,595029.3,166993920,false,cpu_limit
BF_BF9_h8s16n12.txt,BBLCT,16,8,77,16,1200.0,1,1.3,2,2.6,7,1003.48,595034.4,165497856,false,cpu_limit
BF_BF9_h8s16n13.txt,BBLCT,16,8,77,16,1200.0,1,1.3,3,3.9,7,1069.92,595037.5,168053760,false,cpu_limit
BF_BF9_h8s16n14.txt,BBLCT,16,8,77,16,1200.0,2,2.6,3,3.9,9,1081.27,595028.0,163874816,false,cpu_limit
BF_BF9_h8s16n15.txt,BBLCT,16,8,77,16,1200.0,3,3.9,5,6.5,7,1042.86,595027.7,171666432,false,cpu_limit
BF_BF9_h8s16n16.txt,BBLCT,16,8,77,16,1200.0,1,1.3,2,2.6,7,929.97,595039.8,170456064,false,cpu_limit
BF_BF9_h8s16n17.txt,BBLCT,16,8,77,16,1200.0,2,2.6,2,2.6,0,0.00,595035.8,158686208,false,cpu_limit
BF_BF9_h8s16n18.txt,BBLCT,16,8,77,16,1200.0,3,3.9,5,6.5,9,984.32,595031.5,164419584,false,cpu_limit
BF_BF9_h8s16n19.txt,BBLCT,16,8,77,16,1200.0,1,1.3,4,5.2,8,1100.59,595030.3,158967808,false,cpu_limit
BF_BF9_h8s16n2.txt,BBLCT,16,8,77,16,1200.0,1,1.3,2,2.6,7,816.44,595026.9,164255744,false,cpu_limit
BF_BF9_h8s16n20.txt,BBLCT,16,8,77,16,1200.0,1,1.3,2,2.6,8,1026.45,595031.2,162829312,false,cpu_limit
BF_BF9_h8s16n3.txt,BBLCT,16,8,77,16,1200.0,1,1.3,2,2.6,7,974.30,595035.7,167175168,false,cpu_limit
BF_BF9_h8s16n4.txt,BBLCT,16,8,77,16,1200.0,1,1.3,2,2.6,6,853.97,595027.8,163516416,false,cpu_limit
BF_BF9_h8s16n5.txt,BBLCT,16,8,77,16,1200.0,3,3.9,3,3.9,0,0.00,595032.6,164252672,false,cpu_limit
BF_BF9_h8s16n6.txt,BBLCT,16,8,77,16,1200.0,1,1.3,3,3.9,7,968.97,595025.6,169024512,false,cpu_limit
BF_BF9_h8s16n7.txt,BBLCT,16,8,77,16,1200.0,1,1.3,3,3.9,10,1123.67,595029.4,164237312,false,cpu_limit
BF_BF9_h8s16n8.txt,BBLCT,16,8,77,16,1200.0,4,5.2,6,7.8,9,1053.01,595030.9,161285120,false,cpu_limit
BF_BF9_h8s16n9.txt,BBLCT,16,8,77,16,1200.0,1,1.3,4,5.2,6,882.87,595030.6,169281536,false,cpu_limit
CV_h12s10n1.txt,BBLCT,10,12,100,100,600.0,0,0.0,0,0.0,0,0.00,595026.9,363104256,false,cpu_limit
CV_h12s10n10.txt,BBLCT,10,12,100,100,600.0,1,1.0,1,1.0,0,0.00,595030.0,324864000,false,cpu_limit
CV_h12s10n11.txt,BBLCT,10,12,100,100,600.0,0,0.0,0,0.0,0,0.00,595025.7,363046912,false,cpu_limit
CV_h12s10n12.txt,BBLCT,10,12,100,100,600.0,0,0.0,0,0.0,0,0.00,595026.2,362985472,false,cpu_limit
CV_h12s10n13.txt,BBLCT,10,12,100,100,600.0,0,0.0,2,2.0,2,207.41,595032.9,345455616,false,cpu_limit
CV_h12s10n14.txt,BBLCT,10,12,100,100,600.0,0,0.0,2,2.0,4,437.37,595046.5,338735104,false,cpu_limit
CV_h12s10n15.txt,BBLCT,10,12,100,100,600.0,0,0.0,0,0.0,0,0.00,595033.9,348811264,false,cpu_limit
CV_h12s10n16.txt,BBLCT,10,12,100,100,600.0,0,0.0,1,1.0,4,457.71,595033.9,354530304,false,cpu_limit
CV_h12s10n17.txt,BBLCT,10,12,100,100,600.0,0,0.0,0,0.0,0,0.00,595035.6,345641984,false,cpu_limit
CV_h12s10n18.txt,BBLCT,10,12,100,100,600.0,0,0.0,0,0.0,0,0.00,595034.9,368247808,false,cpu_limit
CV_h12s10n19.txt,BBLCT,10,12,100,100,600.0,0,0.0,0,0.0,0,0.00,595030.7,335441920,false,cpu_limit
CV_h12s10n2.txt,BBLCT,10,12,100,100,600.0,0,0.0,3,3.0,2,219.43,595037.2,330065920,false,cpu_limit
CV_h12s10n20.txt,BBLCT,10,12,100,100,600.0,0,0.0,1,1.0,2,223.00,595028.5,331399168,false,cpu_limit
CV_h12s10n21.txt,BBLCT,10,12,100,100,600.0,0,0.0,0,0.0,0,0.00,595031.4,369931264,false,cpu_limit
CV_h12s10n22.txt,BBLCT,10,12,100,100,600.0,0,0.0,0,0.0,0,0.00,595037.8,343969792,false,cpu_limit
CV_h12s10n23.txt,BBLCT,10,12,100,100,600.0,0,0.0,0,0.0,0,0.00,595035.6,340388864,false,cpu_limit
CV_h12s10n24.txt,BBLCT,10,12,100,100,600.0,0,0.0,0,0.0,0,0.00,595037.6,342245376,false,cpu_limit
CV_h12s10n25.txt,BBLCT,10,12,100,100,600.0,0,0.0,0,0.0,0,0.00,595029.6,363405312,false,cpu_limit
CV_h12s10n26.txt,BBLCT,10,12,100,100,600.0,1,1.0,1,1.0,0,0.00,595033.7,318870528,false,cpu_limit
CV_h12s10n27.txt,BBLCT,10,12,100,100,600.0,0,0.0,0,0.0,0,0.00,595037.8,366239744,false,cpu_limit
CV_h12s10n28.txt,BBLCT,10,12,100,100,600.0,0,0.0,0,0.0,0,0.00,595032.5,366459904,false,cpu_limit
CV_h12s10n29.txt,BBLCT,10,12,100,100,600.0,0,0.0,2,2.0,4,472.21,595032.8,334074880,false,cpu_limit
CV_h12s10n3.txt,BBLCT,10,12,100,100,600.0,0,0.0,1,1.0,4,497.74,595032.0,369782784,false,cpu_limit
CV_h12s10n30.txt,BBLCT,10,12,100,100,600.0,0,0.0,0,0.0,0,0.00,595043.9,345632768,false,cpu_limit
CV_h12s10n31.txt,BBLCT,10,12,100,100,600.0,1,1.0,1,1.0,0,0.00,595032.1,334265344,false,cpu_limit
CV_h12s10n32.txt,BBLCT,10,12,100,100,600.0,1,1.0,1,1.0,0,0.00,595032.1,325068800,false,cpu_limit
CV_h12s10n33.txt,BBLCT,10,12,100,100,600.0,0,0.0,0,0.0,0,0.00,595030.8,365870080,false,cpu_limit
CV_h12s10n34.txt,BBLCT,10,12,100,100,600.0,0,0.0,0,0.0,0,0.00,595032.3,339918848,false,cpu_limit
CV_h12s10n35.txt,BBLCT,10,12,100,100,600.0,1,1.0,1,1.0,0,0.00,595036.5,330631168,false,cpu_limit
CV_h12s10n36.txt,BBLCT,10,12,100,100,600.0,0,0.0,3,3.0,5,552.70,595031.3,359297024,false,cpu_limit
CV_h12s10n37.txt,BBLCT,10,12,100,100,600.0,4,4.0,4,4.0,0,0.00,595028.4,294836224,false,cpu_limit
CV_h12s10n38.txt,BBLCT,10,12,100,100,600.0,0,0.0,0,0.0,0,0.00,595033.0,343731200,false,cpu_limit
CV_h12s10n39.txt,BBLCT,10,12,100,100,600.0,0,0.0,0,0.0,0,0.00,595030.3,349358080,false,cpu_limit
CV_h12s10n4.txt,BBLCT,10,12,100,100,600.0,0,0.0,0,0.0,0,0.00,595039.6,355399680,false,cpu_limit
CV_h12s10n40.txt,BBLCT,10,12,100,100,600.0,1,1.0,1,1.0,0,0.00,595034.6,319931392,false,cpu_limit
CV_h12s10n5.txt,BBLCT,10,12,100,100,600.0,0,0.0,0,0.0,0,0.00,595035.8,354067456,false,cpu_limit
CV_h12s10n6.txt,BBLCT,10,12,100,100,600.0,0,0.0,1,1.0,2,210.05,595033.5,348484608,false,cpu_limit
CV_h12s10n7.txt,BBLCT,10,12,100,100,600.0,0,0.0,0,0.0,0,0.00,595035.2,336683008,false,cpu_limit
CV_h12s10n8.txt,BBLCT,10,12,100,100,600.0,0,0.0,1,1.0,5,599.89,595042.3,359260160,false,cpu_limit
CV_h12s10n9.txt,BBLCT,10,12,100,100,600.0,0,0.0,0,0.0,0,0.00,595040.1,362845184,false,cpu_limit
CV_h12s6n1.txt,BBLCT,6,12,60,60,600.0,0,0.0,0,0.0,0,0.00,14190.9,23082241,true,completed
CV_h12s6n10.txt,BBLCT,6,12,60,60,600.0,0,0.0,0,0.0,0,0.00,14516.1,23082241,true,completed
CV_h12s6n11.txt,BBLCT,6,12,60,60,600.0,0,0.0,1,1.7,4,496.17,15459.3,23082241,true,completed
CV_h12s6n12.txt,BBLCT,6,12,60,60,600.0,0,0.0,0,0.0,0,0.00,16037.8,23082241,true,completed
CV_h12s6n13.txt,BBLCT,6,12,60,60,600.0,0,0.0,0,0.0,0,0.00,15422.6,23082241,true,completed
CV_h12s6n14.txt,BBLCT,6,12,60,60,600.0,0,0.0,1,1.7,1,112.96,15985.1,23082241,true,completed
CV_h12s6n15.txt,BBLCT,6,12,60,60,600.0,0,0.0,0,0.0,0,0.00,15996.2,23082241,true,completed
CV_h12s6n16.txt,BBLCT,6,12,60,60,600.0,0,0.0,0,0.0,0,0.00,16109.2,23082241,true,completed
CV_h12s6n17.txt,BBLCT,6,12,60,60,600.0,1,1.7,1,1.7,0,0.00,16275.8,23082241,true,completed
CV_h12s6n18.txt,BBLCT,6,12,60,60,600.0,1,1.7,1,1.7,0,0.00,15921.2,23082241,true,completed
CV_h12s6n19.txt,BBLCT,6,12,60,60,600.0,0,0.0,0,0.0,0,0.00,15987.2,23082241,true,completed
CV_h12s6n2.txt,BBLCT,6,12,60,60,600.0,0,0.0,0,0.0,0,0.00,13829.3,23082241,true,completed
CV_h12s6n20.txt,BBLCT,6,12,60,60,600.0,0,0.0,0,0.0,0,0.00,15001.9,23082241,true,completed
CV_h12s6n21.txt,BBLCT,6,12,60,60,600.0,0,0.0,4,6.7,4,443.81,15665.8,23082241,true,completed
CV_h12s6n22.txt,BBLCT,6,12,60,60,600.0,0,0.0,2,3.3,5,579.57,15063.0,23082241,true,completed
CV_h12s6n23.txt,BBLCT,6,12,60,60,600.0,0,0.0,1,1.7,2,220.18,14251.0,23082241,true,completed
CV_h12s6n24.txt,BBLCT,6,12,60,60,600.0,0,0.0,1,1.7,4,504.12,16068.1,23082241,true,completed
CV_h12s6n25.txt,BBLCT,6,12,60,60,600.0,0,0.0,1,1.7,4,497.74,13841.7,23082241,true,completed
CV_h12s6n26.txt,BBLCT,6,12,60,60,600.0,0,0.0,2,3.3,4,518.19,16010.4,23082241,true,completed
CV_h12s6n27.txt,BBLCT,6,12,60,60,600.0,0,0.0,2,3.3,4,455.36,14003.1,23082241,true,completed
CV_h12s6n28.txt,BBLCT,6,12,60,60,600.0,0,0.0,0,0.0,0,0.00,14614.1,23082241,true,completed
CV_h12s6n29.txt,BBLCT,6,12,60,60,600.0,0,0.0,0,0.0,0,0.00,14963.1,23082241,true,completed
CV_h12s6n3.txt,BBLCT,6,12,60,60,600.0,0,0.0,0,0.0,0,0.00,14192.1,23082241,true,completed
CV_h12s6n30.txt,BBLCT,6,12,60,60,600.0,0,0.0,1,1.7,4,497.74,13810.0,23082241,true,completed
CV_h12s6n31.txt,BBLCT,6,12,60,60,600.0,0,0.0,0,0.0,0,0.00,14172.3,23082241,true,completed
CV_h12s6n32.txt,BBLCT,6,12,60,60,600.0,0,0.0,1,1.7,4,493.64,14582.8,23082241,true,completed
CV_h12s6n33.txt,BBLCT,6,12,60,60,600.0,0,0.0,1,1.7,3,362.17,16127.3,23082241,true,completed
CV_h12s6n34.txt,BBLCT,6,12,60,60,600.0,0,0.0,0,0.0,0,0.00,14929.1,23082241,true,completed
CV_h12s6n35.txt,BBLCT,6,12,60,60,600.0,0,0.0,0,0.0,0,0.00,14414.1,23082241,true,completed
CV_h12s6n36.txt,BBLCT,6,12,60,60,600.0,0,0.0,0,0.0,0,0.00,13834.0,23082241,true,completed
CV_h12s6n37.txt,BBLCT,6,12,60,60,600.0,0,0.0,1,1.7,4,497.74,13861.9,23082241,true,completed
CV_h12s6n38.txt,BBLCT,6,12,60,60,600.0,1,1.7,1,1.7,0,0.00,16662.3,23082241,true,completed
CV_h12s6n39.txt,BBLCT,6,12,60,60,600.0,0,0.0,3,5.0,3,333.92,17065.2,23082241,true,completed
CV_h12s6n4.txt,BBLCT,6,12,60,60,600.0,0,0.0,0,0.0,0,0.00,14496.1,23082241,true,completed
CV_h12s6n40.txt,BBLCT,6,12,60,60,600.0,0,0.0,0,0.0,0,0.00,16000.1,23082241,true,completed
CV_h12s6n5.txt,BBLCT,6,12,60,60,600.0,0,0.0,2,3.3,5,599.89,14954.9,23082241,true,completed
CV_h12s6n6.txt,BBLCT,6,12,60,60,600.0,0,0.0,2,3.3,4,494.90,15280.2,23082241,true,completed
CV_h12s6n7.txt,BBLCT,6,12,60,60,600.0,0,0.0,0,0.0,0,0.00,13822.4,23082241,true,completed
CV_h12s6n8.txt,BBLCT,6,12,60,60,600.0,0,0.0,0,0.0,0,0.00,13789.6,23082241,true,completed
CV_h12s6n9.txt,BBLCT,6,12,60,60,600.0,0,0.0,1,1.7,2,221.51,14579.1,23082241,true,completed
CV_h5s3n1.txt,BBLCT,3,5,9,9,600.0,1,11.1,2,22.2,2,221.51,2.1,8007,true,completed
CV_h5s3n10.txt,BBLCT,3,5,9,9,600.0,0,0.0,4,44.4,3,340.61,2.0,8007,true,completed
CV_h5s3n11.txt,BBLCT,3,5,9,9,600.0,2,22.2,7,77.8,5,557.36,2.3,8007,true,completed
CV_h5s3n12.txt,BBLCT,3,5,9,9,600.0,0,0.0,5,55.6,5,599.66,2.0,8007,true,completed
CV_h5s3n13.txt,BBLCT,3,5,9,9,600.0,0,0.0,3,33.3,4,473.87,1.9,8007,true,completed
CV_h5s3n14.txt,BBLCT,3,5,9,9,600.0,0,0.0,1,11.1,2,221.51,2.0,8007,true,completed
CV_h5s3n15.txt,BBLCT,3,5,9,9,600.0,0,0.0,2,22.2,4,480.41,2.0,8007,true,completed
CV_h5s3n16.txt,BBLCT,3,5,9,9,600.0,0,0.0,2,22.2,4,477.81,2.0,8007,true,completed
CV_h5s3n17.txt,BBLCT,3,5,9,9,600.0,2,22.2,3,33.3,2,229.47,2.2,8007,true,completed
CV_h5s3n18.txt,BBLCT,3,5,9,9,600.0,0,0.0,7,77.8,1,107.84,2.2,8007,true,completed
CV_h5s3n19.txt,BBLCT,3,5,9,9,600.0,0,0.0,1,11.1,2,222.78,2.0,8007,true,completed
CV_h5s3n2.txt,BBLCT,3,5,9,9,600.0,0,0.0,4,44.4,2,222.78,2.0,8007,true,completed
CV_h5s3n20.txt,BBLCT,3,5,9,9,600.0,0,0.0,3,33.3,3,320.22,2.0,8007,true,completed
CV_h5s3n21.txt,BBLCT,3,5,9,9,600.0,1,11.1,2,22.2,2,226.87,2.1,8007,true,completed
CV_h5s3n22.txt,BBLCT,3,5,9,9,600.0,2,22.2,4,44.4,5,571.16,2.2,8007,true,completed
CV_h5s3n23.txt,BBLCT,3,5,9,9,600.0,0,0.0,1,11.1,2,222.78,2.0,8007,true,completed
CV_h5s3n24.txt,BBLCT,3,5,9,9,600.0,1,11.1,3,33.3,3,352.52,2.1,8007,true,completed
CV_h5s3n25.txt,BBLCT,3,5,9,9,600.0,0,0.0,2,22.2,2,221.51,1.9,8007,true,completed
CV_h5s3n26.txt,BBLCT,3,5,9,9,600.0,0,0.0,9,100.0,5,596.84,2.0,8007,true,completed
CV_h5s3n27.txt,BBLCT,3,5,9,9,600.0,0,0.0,2,22.2,4,480.41,2.0,8007,true,completed
CV_h5s3n28.txt,BBLCT,3,5,9,9,600.0,0,0.0,4,44.4,5,599.66,2.1,8007,true,completed
CV_h5s3n29.txt,BBLCT,3,5,9,9,600.0,0,0.0,1,11.1,2,221.51,2.0,8007,true,completed
CV_h5s3n3.txt,BBLCT,3,5,9,9,600.0,0,0.0,9,100.0,2,225.78,1.8,7327,true,completed
CV_h5s3n30.txt,BBLCT,3,5,9,9,600.0,0,0.0,5,55.6,4,440.44,2.1,8007,true,completed
CV_h5s3n31.txt,BBLCT,3,5,9,9,600.0,0,0.0,2,22.2,2,230.67,1.9,8007,true,completed
CV_h5s3n32.txt,BBLCT,3,5,9,9,600.0,1,11.1,9,100.0,5,540.38,2.1,8007,true,completed
CV_h5s3n33.txt,BBLCT,3,5,9,9,600.0,1,11.1,6,66.7,4,439.53,2.2,8007,true,completed
CV_h5s3n34.txt,BBLCT,3,5,9,9,600.0,0,0.0,2,22.2,2,221.51,2.0,8007,true,completed
CV_h5s3n35.txt,BBLCT,3,5,9,9,600.0,0,0.0,5,55.6,4,473.87,1.9,8007,true,completed
CV_h5s3n36.txt,BBLCT,3,5,9,9,600.0,0,0.0,1,11.1,2,221.51,1.9,8007,true,completed
CV_h5s3n37.txt,BBLCT,3,5,9,9,600.0,0,0.0,2,22.2,2,233.26,2.0,8007,true,completed
CV_h5s3n38.txt,BBLCT,3,5,9,9,600.0,0,0.0,2,22.2,1,110.43,2.2,8007,true,completed
CV_h5s3n39.txt,BBLCT,3,5,9,9,600.0,9,100.0,9,100.0,0,0.00,0.1,1,true,completed
CV_h5s3n4.txt,BBLCT,3,5,9,9,600.0,1,11.1,4,44.4,3,320.06,2.1,8007,true,completed
CV_h5s3n40.txt,BBLCT,3,5,9,9,600.0,1,11.1,4,44.4,2,221.51,2.1,8007,true,completed
CV_h5s3n5.txt,BBLCT,3,5,9,9,600.0,4,44.4,9,100.0,4,426.62,2.2,7987,true,completed
CV_h5s3n6.txt,BBLCT,3,5,9,9,600.0,0,0.0,1,11.1,2,222.78,2.0,8007,true,completed
CV_h5s3n7.txt,BBLCT,3,5,9,9,600.0,0,0.0,3,33.3,3,342.03,1.9,8007,true,completed
CV_h5s3n8.txt,BBLCT,3,5,9,9,600.0,1,11.1,4,44.4,2,225.78,2.1,8007,true,completed
CV_h5s3n9.txt,BBLCT,3,5,9,9,600.0,0,0.0,1,11.1,2,220.18,1.9,8007,true,completed
CV_h5s4n1.txt,BBLCT,4,5,12,12,600.0,2,16.7,6,50.0,5,553.14,97.5,255129,true,completed
CV_h5s4n10.txt,BBLCT,4,5,12,12,600.0,0,0.0,3,25.0,4,439.95,88.8,255129,true,completed
CV_h5s4n11.txt,BBLCT,4,5,12,12,600.0,1,8.3,4,33.3,4,455.80,88.9,255129,true,completed
CV_h5s4n12.txt,BBLCT,4,5,12,12,600.0,1,8.3,3,25.0,2,228.21,89.5,255129,true,completed
CV_h5s4n13.txt,BBLCT,4,5,12,12,600.0,1,8.3,12,100.0,5,552.03,92.4,255129,true,completed
CV_h5s4n14.txt,BBLCT,4,5,12,12,600.0,0,0.0,2,16.7,3,327.61,89.9,255129,true,completed
CV_h5s4n15.txt,BBLCT,4,5,12,12,600.0,0,0.0,8,66.7,5,565.95,93.4,255129,true,completed
CV_h5s4n16.txt,BBLCT,4,5,12,12,600.0,0,0.0,3,25.0,4,447.82,88.9,255129,true,completed
CV_h5s4n17.txt,BBLCT,4,5,12,12,600.0,0,0.0,7,58.3,5,542.76,89.1,255129,true,completed
CV_h5s4n18.txt,BBLCT,4,5,12,12,600.0,0,0.0,3,25.0,5,590.22,89.2,255129,true,completed
CV_h5s4n19.txt,BBLCT,4,5,12,12,600.0,0,0.0,5,41.7,3,335.63,90.2,255129,true,completed
CV_h5s4n2.txt,BBLCT,4,5,12,12,600.0,0,0.0,9,75.0,2,234.53,89.0,255129,true,completed
CV_h5s4n20.txt,BBLCT,4,5,12,12,600.0,0,0.0,5,41.7,2,232.83,88.9,255129,true,completed
CV_h5s4n21.txt,BBLCT,4,5,12,12,600.0,1,8.3,4,33.3,3,331.57,93.9,255129,true,completed
CV_h5s4n22.txt,BBLCT,4,5,12,12,600.0,0,0.0,6,50.0,5,545.03,89.6,255129,true,completed
CV_h5s4n23.txt,BBLCT,4,5,12,12,600.0,3,25.0,5,41.7,2,221.51,97.6,255129,true,completed
CV_h5s4n24.txt,BBLCT,4,5,12,12,600.0,0,0.0,4,33.3,3,332.88,97.4,255129,true,completed
CV_h5s4n25.txt,BBLCT,4,5,12,12,600.0,0,0.0,2,16.7,3,327.61,89.5,255129,true,completed
CV_h5s4n26.txt,BBLCT,4,5,12,12,600.0,1,8.3,9,75.0,5,539.26,90.4,255129,true,completed
CV_h5s4n27.txt,BBLCT,4,5,12,12,600.0,4,33.3,12,100.0,5,506.62,103.0,255125,true,completed
CV_h5s4n28.txt,BBLCT,4,5,12,12,600.0,0,0.0,3,25.0,4,448.79,89.3,255129,true,completed
CV_h5s4n29.txt,BBLCT,4,5,12,12,600.0,0,0.0,4,33.3,5,562.77,91.0,255129,true,completed
CV_h5s4n3.txt,BBLCT,4,5,12,12,600.0,1,8.3,6,50.0,5,560.62,97.0,255129,true,completed
CV_h5s4n30.txt,BBLCT,4,5,12,12,600.0,0,0.0,5,41.7,4,454.44,90.0,255129,true,completed
CV_h5s4n31.txt,BBLCT,4,5,12,12,600.0,0,0.0,3,25.0,2,211.47,89.4,255129,true,completed
CV_h5s4n32.txt,BBLCT,4,5,12,12,600.0,0,0.0,2,16.7,4,456.62,90.8,255129,true,completed
CV_h5s4n33.txt,BBLCT,4,5,12,12,600.0,0,0.0,3,25.0,5,557.78,86.5,255129,true,completed
CV_h5s4n34.txt,BBLCT,4,5,12,12,600.0,0,0.0,4,33.3,3,339.13,90.2,255129,true,completed
CV_h5s4n35.txt,BBLCT,4,5,12,12,600.0,1,8.3,8,66.7,4,462.25,94.3,255129,true,completed
CV_h5s4n36.txt,BBLCT,4,5,12,12,600.0,0,0.0,3,25.0,4,455.70,89.1,255129,true,completed
CV_h5s4n37.txt,BBLCT,4,5,12,12,600.0,3,25.0,7,58.3,5,590.02,101.4,255129,true,completed
CV_h5s4n38.txt,BBLCT,4,5,12,12,600.0,2,16.7,6,50.0,5,554.26,98.1,255129,true,completed
CV_h5s4n39.txt,BBLCT,4,5,12,12,600.0,0,0.0,4,33.3,4,450.42,83.0,255129,true,completed
CV_h5s4n4.txt,BBLCT,4,5,12,12,600.0,0,0.0,9,75.0,5,596.76,89.3,255129,true,completed
CV_h5s4n40.txt,BBLCT,4,5,12,12,600.0,0,0.0,4,33.3,2,212.64,90.0,255129,true,completed
CV_h5s4n5.txt,BBLCT,4,5,12,12,600.0,1,8.3,4,33.3,2,233.26,98.0,255129,true,completed
CV_h5s4n6.txt,BBLCT,4,5,12,12,600.0,0,0.0,4,33.3,4,450.42,84.7,255129,true,completed
CV_h5s4n7.txt,BBLCT,4,5,12,12,600.0,0,0.0,3,25.0,5,575.71,88.5,255129,true,completed
CV_h5s4n8.txt,BBLCT,4,5,12,12,600.0,2,16.7,4,33.3,3,334.42,102.7,255129,true,completed
CV_h5s4n9.txt,BBLCT,4,5,12,12,600.0,0,0.0,7,58.3,4,473.81,90.7,255129,true,completed
CV_h5s5n1.txt,BBLCT,5,5,15,15,600.0,1,6.7,7,46.7,4,450.57,1597.6,3218960,true,completed
CV_h5s5n10.txt,BBLCT,5,5,15,15,600.0,3,20.0,13,86.7,5,594.23,1692.0,3218960,true,completed
CV_h5s5n11.txt,BBLCT,5,5,15,15,600.0,0,0.0,2,13.3,4,442.70,1401.2,3218960,true,completed
CV_h5s5n12.txt,BBLCT,5,5,15,15,600.0,0,0.0,4,26.7,4,450.54,1384.0,3218960,true,completed
CV_h5s5n13.txt,BBLCT,5,5,15,15,600.0,0,0.0,2,13.3,3,331.62,1468.6,3218960,true,completed
CV_h5s5n14.txt,BBLCT,5,5,15,15,600.0,0,0.0,10,66.7,4,460.99,1490.0,3218960,true,completed
CV_h5s5n15.txt,BBLCT,5,5,15,15,600.0,0,0.0,7,46.7,4,437.10,1540.2,3218960,true,completed
CV_h5s5n16.txt,BBLCT,5,5,15,15,600.0,0,0.0,5,33.3,3,330.36,1514.6,3218960,true,completed
CV_h5s5n17.txt,BBLCT,5,5,15,15,600.0,0,0.0,11,73.3,5,573.29,1428.2,3218960,true,completed
CV_h5s5n18.txt,BBLCT,5,5,15,15,600.0,1,6.7,10,66.7,5,581.15,1571.5,3218960,true,completed
CV_h5s5n19.txt,BBLCT,5,5,15,15,600.0,1,6.7,6,40.0,4,450.44,1523.8,3218960,true,completed
CV_h5s5n2.txt,BBLCT,5,5,15,15,600.0,0,0.0,3,20.0,3,339.42,1472.5,3218960,true,completed
CV_h5s5n20.txt,BBLCT,5,5,15,15,600.0,0,0.0,8,53.3,5,572.36,1509.1,3218960,true,completed
CV_h5s5n21.txt,BBLCT,5,5,15,15,600.0,0,0.0,5,33.3,5,563.96,1389.7,3218960,true,completed
CV_h5s5n22.txt,BBLCT,5,5,15,15,600.0,1,6.7,4,26.7,4,451.75,1531.2,3218960,true,completed
CV_h5s5n23.txt,BBLCT,5,5,15,15,600.0,1,6.7,5,33.3,4,445.45,1549.6,3218960,true,completed
CV_h5s5n24.txt,BBLCT,5,5,15,15,600.0,0,0.0,3,20.0,3,330.24,1412.2,3218960,true,completed
CV_h5s5n25.txt,BBLCT,5,5,15,15,600.0,2,13.3,11,73.3,4,451.98,1603.4,3218960,true,completed
CV_h5s5n26.txt,BBLCT,5,5,15,15,600.0,0,0.0,5,33.3,5,566.55,1548.1,3218960,true,completed
CV_h5s5n27.txt,BBLCT,5,5,15,15,600.0,0,0.0,6,40.0,4,448.28,1506.4,3218960,true,completed
CV_h5s5n28.txt,BBLCT,5,5,15,15,600.0,0,0.0,8,53.3,4,441.65,1518.1,3218960,true,completed
CV_h5s5n29.txt,BBLCT,5,5,15,15,600.0,0,0.0,2,13.3,3,332.73,1476.5,3218960,true,completed
CV_h5s5n3.txt,BBLCT,5,5,15,15,600.0,0,0.0,4,26.7,3,329.02,1474.4,3218960,true,completed
CV_h5s5n30.txt,BBLCT,5,5,15,15,600.0,0,0.0,8,53.3,4,474.05,1501.2,3218960,true,completed
CV_h5s5n31.txt,BBLCT,5,5,15,15,600.0,1,6.7,3,20.0,3,328.94,1547.2,3218960,true,completed
CV_h5s5n32.txt,BBLCT,5,5,15,15,600.0,0,0.0,5,33.3,5,561.72,1435.1,3218960,true,completed
CV_h5s5n33.txt,BBLCT,5,5,15,15,600.0,1,6.7,10,66.7,4,456.01,1587.3,3218960,true,completed
CV_h5s5n34.txt,BBLCT,5,5,15,15,600.0,0,0.0,2,13.3,3,330.36,1494.9,3218960,true,completed
CV_h5s5n35.txt,BBLCT,5,5,15,15,600.0,1,6.7,8,53.3,4,475.19,1579.5,3218960,true,completed
CV_h5s5n36.txt,BBLCT,5,5,15,15,600.0,1,6.7,4,26.7,5,559.04,1599.3,3218960,true,completed
CV_h5s5n37.txt,BBLCT,5,5,15,15,600.0,0,0.0,2,13.3,4,439.95,1412.6,3218960,true,completed
CV_h5s5n38.txt,BBLCT,5,5,15,15,600.0,0,0.0,15,100.0,5,569.80,1573.4,3218960,true,completed
CV_h5s5n39.txt,BBLCT,5,5,15,15,600.0,0,0.0,8,53.3,4,471.03,1554.8,3218960,true,completed
CV_h5s5n4.txt,BBLCT,5,5,15,15,600.0,0,0.0,7,46.7,5,572.27,1424.7,3218960,true,completed
CV_h5s5n40.txt,BBLCT,5,5,15,15,600.0,2,13.3,7,46.7,5,569.60,1655.5,3218960,true,completed
CV_h5s5n5.txt,BBLCT,5,5,15,15,600.0,0,0.0,3,20.0,4,451.86,1506.3,3218960,true,completed
CV_h5s5n6.txt,BBLCT,5,5,15,15,600.0,0,0.0,5,33.3,4,450.21,1441.9,3218960,true,completed
CV_h5s5n7.txt,BBLCT,5,5,15,15,600.0,0,0.0,5,33.3,5,556.54,1538.5,3218960,true,completed
CV_h5s5n8.txt,BBLCT,5,5,15,15,600.0,0,0.0,2,13.3,4,443.97,1417.6,3218960,true,completed
CV_h5s5n9.txt,BBLCT,5,5,15,15,600.0,0,0.0,5,33.3,4,448.03,1409.6,3218960,true,completed
CV_h5s6n1.txt,BBLCT,6,5,18,18,600.0,0,0.0,3,16.7,3,336.64,13242.0,23065055,true,completed
CV_h5s6n10.txt,BBLCT,6,5,18,18,600.0,1,5.6,7,38.9,4,441.50,15089.0,23065055,true,completed
CV_h5s6n11.txt,BBLCT,6,5,18,18,600.0,3,16.7,18,100.0,4,461.03,16085.4,23064994,true,completed
CV_h5s6n12.txt,BBLCT,6,5,18,18,600.0,0,0.0,5,27.8,5,555.24,13655.6,23065055,true,completed
CV_h5s6n13.txt,BBLCT,6,5,18,18,600.0,0,0.0,7,38.9,5,552.65,13899.9,23065055,true,completed
CV_h5s6n14.txt,BBLCT,6,5,18,18,600.0,0,0.0,5,27.8,4,452.59,14172.5,23065055,true,completed
CV_h5s6n15.txt,BBLCT,6,5,18,18,600.0,0,0.0,4,22.2,4,418.46,14234.5,23065055,true,completed
CV_h5s6n16.txt,BBLCT,6,5,18,18,600.0,0,0.0,4,22.2,5,556.66,13453.2,23065055,true,completed
CV_h5s6n17.txt,BBLCT,6,5,18,18,600.0,0,0.0,3,16.7,4,445.23,14044.0,23065055,true,completed
CV_h5s6n18.txt,BBLCT,6,5,18,18,600.0,2,11.1,8,44.4,4,447.73,15470.6,23065055,true,completed
CV_h5s6n19.txt,BBLCT,6,5,18,18,600.0,0,0.0,3,16.7,4,443.97,13501.5,23065055,true,completed
CV_h5s6n2.txt,BBLCT,6,5,18,18,600.0,0,0.0,5,27.8,5,590.45,13739.6,23065055,true,completed
CV_h5s6n20.txt,BBLCT,6,5,18,18,600.0,0,0.0,10,55.6,5,552.60,14272.9,23065055,true,completed
CV_h5s6n21.txt,BBLCT,6,5,18,18,600.0,1,5.6,6,33.3,5,577.57,14817.3,23065055,true,completed
CV_h5s6n22.txt,BBLCT,6,5,18,18,600.0,0,0.0,3,16.7,5,551.32,13183.9,23065055,true,completed
CV_h5s6n23.txt,BBLCT,6,5,18,18,600.0,0,0.0,4,22.2,4,449.33,13330.1,23065055,true,completed
CV_h5s6n24.txt,BBLCT,6,5,18,18,600.0,0,0.0,3,16.7,5,556.42,13813.6,23065055,true,completed
CV_h5s6n25.txt,BBLCT,6,5,18,18,600.0,1,5.6,4,22.2,4,453.03,14794.8,23065055,true,completed
CV_h5s6n26.txt,BBLCT,6,5,18,18,600.0,0,0.0,3,16.7,5,550.13,13958.6,23065055,true,completed
CV_h5s6n27.txt,BBLCT,6,5,18,18,600.0,1,5.6,3,16.7,4,459.14,14822.5,23065055,true,completed
CV_h5s6n28.txt,BBLCT,6,5,18,18,600.0,2,11.1,10,55.6,4,439.92,15603.8,23065055,true,completed
CV_h5s6n29.txt,BBLCT,6,5,18,18,600.0,0,0.0,4,22.2,4,436.47,14867.1,23065055,true,completed
CV_h5s6n3.txt,BBLCT,6,5,18,18,600.0,0,0.0,3,16.7,3,318.89,13953.1,23065055,true,completed
CV_h5s6n30.txt,BBLCT,6,5,18,18,600.0,4,22.2,8,44.4,5,572.60,16032.2,23065055,true,completed
CV_h5s6n31.txt,BBLCT,6,5,18,18,600.0,0,0.0,5,27.8,4,432.46,13490.0,23065055,true,completed
CV_h5s6n32.txt,BBLCT,6,5,18,18,600.0,0,0.0,7,38.9,5,587.68,14051.3,23065055,true,completed
CV_h5s6n33.txt,BBLCT,6,5,18,18,600.0,1,5.6,4,22.2,4,453.12,14821.5,23065055,true,completed
CV_h5s6n34.txt,BBLCT,6,5,18,18,600.0,0,0.0,9,50.0,4,454.44,13981.6,23065055,true,completed
CV_h5s6n35.txt,BBLCT,6,5,18,18,600.0,1,5.6,11,61.1,4,448.79,15451.0,23065055,true,completed
CV_h5s6n36.txt,BBLCT,6,5,18,18,600.0,2,11.1,5,27.8,5,566.41,15304.5,23065055,true,completed
CV_h5s6n37.txt,BBLCT,6,5,18,18,600.0,0,0.0,3,16.7,5,553.76,13695.9,23065055,true,completed
CV_h5s6n38.txt,BBLCT,6,5,18,18,600.0,0,0.0,8,44.4,5,576.52,14018.1,23065055,true,completed
CV_h5s6n39.txt,BBLCT,6,5,18,18,600.0,0,0.0,5,27.8,4,428.51,14240.3,23065055,true,completed
CV_h5s6n4.txt,BBLCT,6,5,18,18,600.0,0,0.0,7,38.9,5,574.96,14346.5,23065055,true,completed
CV_h5s6n40.txt,BBLCT,6,5,18,18,600.0,1,5.6,7,38.9,5,560.59,14555.3,23065055,true,completed
CV_h5s6n5.txt,BBLCT,6,5,18,18,600.0,0,0.0,11,61.1,4,467.02,14515.6,23065055,true,completed
CV_h5s6n6.txt,BBLCT,6,5,18,18,600.0,0,0.0,3,16.7,5,550.13,13879.6,23065055,true,completed
CV_h5s6n7.txt,BBLCT,6,5,18,18,600.0,0,0.0,2,11.1,4,445.23,13982.8,23065055,true,completed
CV_h5s6n8.txt,BBLCT,6,5,18,18,600.0,1,5.6,5,27.8,5,568.36,15088.4,23065055,true,completed
CV_h5s6n9.txt,BBLCT,6,5,18,18,600.0,0,0.0,3,16.7,3,332.88,14053.3,23065055,true,completed
CV_h5s7n1.txt,BBLCT,7,5,21,21,600.0,0,0.0,12,57.1,4,478.66,94882.4,115406632,true,completed
CV_h5s7n10.txt,BBLCT,7,5,21,21,600.0,0,0.0,12,57.1,5,599.71,99158.7,115406632,true,completed
CV_h5s7n11.txt,BBLCT,7,5,21,21,600.0,0,0.0,7,33.3,5,556.51,86491.1,115406632,true,completed
CV_h5s7n12.txt,BBLCT,7,5,21,21,600.0,1,4.8,11,52.4,5,569.65,97776.9,115406632,true,completed
CV_h5s7n13.txt,BBLCT,7,5,21,21,600.0,0,0.0,3,14.3,4,437.15,86193.7,115406632,true,completed
CV_h5s7n14.txt,BBLCT,7,5,21,21,600.0,0,0.0,7,33.3,5,563.22,86696.8,115406632,true,completed
CV_h5s7n15.txt,BBLCT,7,5,21,21,600.0,0,0.0,12,57.1,5,591.09,92346.2,115406632,true,completed
CV_h5s7n16.txt,BBLCT,7,5,21,21,600.0,3,14.3,5,23.8,4,456.91,100819.1,115406632,true,completed
CV_h5s7n17.txt,BBLCT,7,5,21,21,600.0,1,4.8,9,42.9,5,556.11,95993.1,115406632,true,completed
CV_h5s7n18.txt,BBLCT,7,5,21,21,600.0,5,23.8,9,42.9,5,579.14,102878.4,115406632,true,completed
CV_h5s7n19.txt,BBLCT,7,5,21,21,600.0,0,0.0,3,14.3,4,432.16,86420.8,115406632,true,completed
CV_h5s7n2.txt,BBLCT,7,5,21,21,600.0,0,0.0,8,38.1,5,569.73,89100.8,115406632,true,completed
CV_h5s7n20.txt,BBLCT,7,5,21,21,600.0,0,0.0,10,47.6,3,330.12,94292.5,115406632,true,completed
CV_h5s7n21.txt,BBLCT,7,5,21,21,600.0,0,0.0,5,23.8,4,432.57,93992.8,115406632,true,completed
CV_h5s7n22.txt,BBLCT,7,5,21,21,600.0,0,0.0,6,28.6,5,582.49,92261.8,115406632,true,completed
CV_h5s7n23.txt,BBLCT,7,5,21,21,600.0,0,0.0,5,23.8,4,437.93,89513.8,115406632,true,completed
CV_h5s7n24.txt,BBLCT,7,5,21,21,600.0,1,4.8,8,38.1,4,455.24,96803.2,115406632,true,completed
CV_h5s7n25.txt,BBLCT,7,5,21,21,600.0,1,4.8,6,28.6,5,557.59,93585.4,115406632,true,completed
CV_h5s7n26.txt,BBLCT,7,5,21,21,600.0,0,0.0,6,28.6,5,555.16,93442.2,115406632,true,completed
CV_h5s7n27.txt,BBLCT,7,5,21,21,600.0,0,0.0,5,23.8,5,559.35,85963.3,115406632,true,completed
CV_h5s7n28.txt,BBLCT,7,5,21,21,600.0,2,9.5,10,47.6,5,583.58,101914.1,115406632,true,completed
CV_h5s7n29.txt,BBLCT,7,5,21,21,600.0,1,4.8,4,19.0,4,454.38,92967.9,115406632,true,completed
CV_h5s7n3.txt,BBLCT,7,5,21,21,600.0,3,14.3,8,38.1,5,574.54,102306.7,115406632,true,completed
CV_h5s7n30.txt,BBLCT,7,5,21,21,600.0,2,9.5,6,28.6,4,442.27,99570.1,115406632,true,completed
CV_h5s7n31.txt,BBLCT,7,5,21,21,600.0,0,0.0,5,23.8,4,438.57,95171.4,115406632,true,completed
CV_h5s7n32.txt,BBLCT,7,5,21,21,600.0,1,4.8,4,19.0,4,452.82,96107.4,115406632,true,completed
CV_h5s7n33.txt,BBLCT,7,5,21,21,600.0,0,0.0,4,19.0,5,552.64,86489.5,115406632,true,completed
CV_h5s7n34.txt,BBLCT,7,5,21,21,600.0,0,0.0,6,28.6,4,433.87,86674.8,115406632,true,completed
CV_h5s7n35.txt,BBLCT,7,5,21,21,600.0,0,0.0,4,19.0,4,455.35,86163.9,115406632,true,completed
CV_h5s7n36.txt,BBLCT,7,5,21,21,600.0,0,0.0,7,33.3,4,454.68,92485.6,115406632,true,completed
CV_h5s7n37.txt,BBLCT,7,5,21,21,600.0,0,0.0,9,42.9,5,548.92,89421.0,115406632,true,completed
CV_h5s7n38.txt,BBLCT,7,5,21,21,600.0,1,4.8,3,14.3,4,441.28,95656.5,115406632,true,completed
CV_h5s7n39.txt,BBLCT,7,5,21,21,600.0,0,0.0,9,42.9,5,567.76,91172.3,115406632,true,completed
CV_h5s7n4.txt,BBLCT,7,5,21,21,600.0,0,0.0,8,38.1,4,441.84,91012.9,115406632,true,completed
CV_h5s7n40.txt,BBLCT,7,5,21,21,600.0,0,0.0,8,38.1,5,556.55,87723.9,115406632,true,completed
CV_h5s7n5.txt,BBLCT,7,5,21,21,600.0,0,0.0,4,19.0,5,537.24,90623.5,115406632,true,completed
CV_h5s7n6.txt,BBLCT,7,5,21,21,600.0,1,4.8,7,33.3,5,557.79,91996.0,115406632,true,completed
CV_h5s7n7.txt,BBLCT,7,5,21,21,600.0,0,0.0,4,19.0,5,552.76,88948.8,115406632,true,completed
CV_h5s7n8.txt,BBLCT,7,5,21,21,600.0,0,0.0,10,47.6,5,549.85,89071.1,115406632,true,completed
CV_h5s7n9.txt,BBLCT,7,5,21,21,600.0,0,0.0,4,19.0,4,433.76,90428.2,115406632,true,completed
CV_h5s8n1.txt,BBLCT,8,5,24,24,600.0,0,0.0,6,25.0,5,566.04,489370.1,448800418,true,completed
CV_h5s8n10.txt,BBLCT,8,5,24,24,600.0,0,0.0,6,25.0,4,435.09,469809.2,448800418,true,completed
CV_h5s8n11.txt,BBLCT,8,5,24,24,600.0,1,4.2,4,16.7,4,433.72,502619.3,448800418,true,completed
CV_h5s8n12.txt,BBLCT,8,5,24,24,600.0,0,0.0,7,29.2,4,438.86,462789.9,448800418,true,completed
CV_h5s8n13.txt,BBLCT,8,5,24,24,600.0,0,0.0,6,25.0,5,559.10,458233.0,448800418,true,completed
CV_h5s8n14.txt,BBLCT,8,5,24,24,600.0,0,0.0,5,20.8,4,433.72,495663.4,448800418,true,completed
CV_h5s8n15.txt,BBLCT,8,5,24,24,600.0,0,0.0,6,25.0,5,563.11,487752.8,448800418,true,completed
CV_h5s8n16.txt,BBLCT,8,5,24,24,600.0,1,4.2,8,33.3,5,555.25,514408.7,448800418,true,completed
CV_h5s8n17.txt,BBLCT,8,5,24,24,600.0,1,4.2,11,45.8,3,337.41,520232.7,448800418,true,completed
CV_h5s8n18.txt,BBLCT,8,5,24,24,600.0,0,0.0,8,33.3,4,449.96,482626.1,448800418,true,completed
CV_h5s8n19.txt,BBLCT,8,5,24,24,600.0,0,0.0,8,33.3,5,541.41,477285.1,448800418,true,completed
CV_h5s8n2.txt,BBLCT,8,5,24,24,600.0,0,0.0,8,33.3,5,555.34,502949.3,448800418,true,completed
CV_h5s8n20.txt,BBLCT,8,5,24,24,600.0,0,0.0,4,16.7,4,443.97,462619.4,448800418,true,completed
CV_h5s8n21.txt,BBLCT,8,5,24,24,600.0,0,0.0,10,41.7,5,583.39,494621.8,448800418,true,completed
CV_h5s8n22.txt,BBLCT,8,5,24,24,600.0,0,0.0,6,25.0,5,556.82,462030.4,448800418,true,completed
CV_h5s8n23.txt,BBLCT,8,5,24,24,600.0,0,0.0,9,37.5,5,561.92,474718.5,448800418,true,completed
CV_h5s8n24.txt,BBLCT,8,5,24,24,600.0,0,0.0,11,45.8,4,450.09,476260.9,448800418,true,completed
CV_h5s8n25.txt,BBLCT,8,5,24,24,600.0,1,4.2,10,41.7,5,556.54,512791.2,448800418,true,completed
CV_h5s8n26.txt,BBLCT,8,5,24,24,600.0,0,0.0,3,12.5,5,561.58,472541.7,448800418,true,completed
CV_h5s8n27.txt,BBLCT,8,5,24,24,600.0,0,0.0,5,20.8,5,557.54,486097.8,448800418,true,completed
CV_h5s8n28.txt,BBLCT,8,5,24,24,600.0,0,0.0,10,41.7,5,550.18,484932.7,448800418,true,completed
CV_h5s8n29.txt,BBLCT,8,5,24,24,600.0,0,0.0,5,20.8,5,550.06,461159.1,448800418,true,completed
CV_h5s8n3.txt,BBLCT,8,5,24,24,600.0,0,0.0,7,29.2,5,553.98,511050.4,448800418,true,completed
CV_h5s8n30.txt,BBLCT,8,5,24,24,600.0,0,0.0,6,25.0,5,558.83,479408.4,448800418,true,completed
CV_h5s8n31.txt,BBLCT,8,5,24,24,600.0,0,0.0,4,16.7,5,585.72,466307.2,448800418,true,completed
CV_h5s8n32.txt,BBLCT,8,5,24,24,600.0,0,0.0,3,12.5,5,548.80,458057.8,448800418,true,completed
CV_h5s8n33.txt,BBLCT,8,5,24,24,600.0,0,0.0,4,16.7,5,556.43,487939.4,448800418,true,completed
CV_h5s8n34.txt,BBLCT,8,5,24,24,600.0,0,0.0,3,12.5,4,437.19,490528.7,448800418,true,completed
CV_h5s8n35.txt,BBLCT,8,5,24,24,600.0,0,0.0,5,20.8,5,551.55,496678.4,448800418,true,completed
CV_h5s8n36.txt,BBLCT,8,5,24,24,600.0,0,0.0,4,16.7,4,445.51,486801.1,448800418,true,completed
CV_h5s8n37.txt,BBLCT,8,5,24,24,600.0,0,0.0,13,54.2,5,548.29,460617.6,448800418,true,completed
CV_h5s8n38.txt,BBLCT,8,5,24,24,600.0,0,0.0,7,29.2,5,536.02,484729.4,448800418,true,completed
CV_h5s8n39.txt,BBLCT,8,5,24,24,600.0,0,0.0,4,16.7,4,445.16,483668.6,448800418,true,completed
CV_h5s8n4.txt,BBLCT,8,5,24,24,600.0,1,4.2,6,25.0,3,336.72,512415.6,448800418,true,completed
CV_h5s8n40.txt,BBLCT,8,5,24,24,600.0,1,4.2,6,25.0,5,552.36,499071.5,448800418,true,completed
CV_h5s8n5.txt,BBLCT,8,5,24,24,600.0,0,0.0,7,29.2,4,458.76,496602.9,448800418,true,completed
CV_h5s8n6.txt,BBLCT,8,5,24,24,600.0,0,0.0,5,20.8,4,451.25,498676.9,448800418,true,completed
CV_h5s8n7.txt,BBLCT,8,5,24,24,600.0,0,0.0,4,16.7,4,431.15,491003.9,448800418,true,completed
CV_h5s8n8.txt,BBLCT,8,5,24,24,600.0,2,8.3,4,16.7,4,454.14,518436.7,448800418,true,completed
CV_h5s8n9.txt,BBLCT,8,5,24,24,600.0,0,0.0,5,20.8,5,539.88,475709.2,448800418,true,completed
CV_h6s4n1.txt,BBLCT,4,6,16,16,600.0,0,0.0,4,25.0,4,489.05,89.2,257012,true,completed
CV_h6s4n10.txt,BBLCT,4,6,16,16,600.0,0,0.0,5,31.2,4,462.31,90.2,257012,true,completed
CV_h6s4n11.txt,BBLCT,4,6,16,16,600.0,0,0.0,3,18.8,4,469.43,89.5,257012,true,completed
CV_h6s4n12.txt,BBLCT,4,6,16,16,600.0,3,18.8,5,31.2,5,589.25,102.3,257012,true,completed
CV_h6s4n13.txt,BBLCT,4,6,16,16,600.0,0,0.0,4,25.0,4,452.09,99.8,257012,true,completed
CV_h6s4n14.txt,BBLCT,4,6,16,16,600.0,0,0.0,2,12.5,4,461.57,91.8,257012,true,completed
CV_h6s4n15.txt,BBLCT,4,6,16,16,600.0,1,6.2,5,31.2,5,594.17,97.0,257012,true,completed
CV_h6s4n16.txt,BBLCT,4,6,16,16,600.0,0,0.0,2,12.5,4,454.06,89.2,257012,true,completed
CV_h6s4n17.txt,BBLCT,4,6,16,16,600.0,0,0.0,3,18.8,4,452.73,90.8,257012,true,completed
CV_h6s4n18.txt,BBLCT,4,6,16,16,600.0,0,0.0,1,6.2,3,355.79,89.4,257012,true,completed
CV_h6s4n19.txt,BBLCT,4,6,16,16,600.0,0,0.0,3,18.8,5,584.88,88.9,257012,true,completed
CV_h6s4n2.txt,BBLCT,4,6,16,16,600.0,0,0.0,6,37.5,4,449.20,93.0,257012,true,completed
CV_h6s4n20.txt,BBLCT,4,6,16,16,600.0,0,0.0,6,37.5,3,344.56,98.6,257012,true,completed
CV_h6s4n21.txt,BBLCT,4,6,16,16,600.0,0,0.0,2,12.5,3,357.12,82.9,257012,true,completed
CV_h6s4n22.txt,BBLCT,4,6,16,16,600.0,0,0.0,3,18.8,5,584.88,89.7,257012,true,completed
CV_h6s4n23.txt,BBLCT,4,6,16,16,600.0,0,0.0,3,18.8,3,357.12,83.9,257012,true,completed
CV_h6s4n24.txt,BBLCT,4,6,16,16,600.0,0,0.0,4,25.0,2,229.47,92.0,257012,true,completed
CV_h6s4n25.txt,BBLCT,4,6,16,16,600.0,1,6.2,4,25.0,2,220.18,98.7,257012,true,completed
CV_h6s4n26.txt,BBLCT,4,6,16,16,600.0,0,0.0,5,31.2,4,444.94,90.8,257012,true,completed
CV_h6s4n27.txt,BBLCT,4,6,16,16,600.0,0,0.0,4,25.0,2,230.67,89.4,257012,true,completed
CV_h6s4n28.txt,BBLCT,4,6,16,16,600.0,0,0.0,3,18.8,4,450.42,97.2,257012,true,completed
CV_h6s4n29.txt,BBLCT,4,6,16,16,600.0,0,0.0,6,37.5,5,574.74,89.1,257012,true,completed
CV_h6s4n3.txt,BBLCT,4,6,16,16,600.0,2,12.5,3,18.8,2,233.26,97.5,257012,true,completed
CV_h6s4n30.txt,BBLCT,4,6,16,16,600.0,0,0.0,2,12.5,3,332.88,89.4,257012,true,completed
CV_h6s4n31.txt,BBLCT,4,6,16,16,600.0,1,6.2,3,18.8,2,210.05,98.3,257012,true,completed
CV_h6s4n32.txt,BBLCT,4,6,16,16,600.0,2,12.5,4,25.0,4,494.32,105.3,257012,true,completed
CV_h6s4n33.txt,BBLCT,4,6,16,16,600.0,0,0.0,2,12.5,2,224.04,90.8,257012,true,completed
CV_h6s4n34.txt,BBLCT,4,6,16,16,600.0,1,6.2,3,18.8,3,357.21,97.3,257012,true,completed
CV_h6s4n35.txt,BBLCT,4,6,16,16,600.0,0,0.0,1,6.2,3,354.48,86.8,257012,true,completed
CV_h6s4n36.txt,BBLCT,4,6,16,16,600.0,0,0.0,3,18.8,4,457.96,89.5,257012,true,completed
CV_h6s4n37.txt,BBLCT,4,6,16,16,600.0,1,6.2,7,43.8,5,576.16,97.4,257012,true,completed
CV_h6s4n38.txt,BBLCT,4,6,16,16,600.0,0,0.0,3,18.8,5,574.32,92.5,257012,true,completed
CV_h6s4n39.txt,BBLCT,4,6,16,16,600.0,1,6.2,2,12.5,3,366.25,97.4,257012,true,completed
CV_h6s4n4.txt,BBLCT,4,6,16,16,600.0,1,6.2,3,18.8,4,445.44,99.5,257012,true,completed
CV_h6s4n40.txt,BBLCT,4,6,16,16,600.0,0,0.0,2,12.5,3,329.02,83.2,257012,true,completed
CV_h6s4n5.txt,BBLCT,4,6,16,16,600.0,0,0.0,2,12.5,4,469.43,81.6,257012,true,completed
CV_h6s4n6.txt,BBLCT,4,6,16,16,600.0,1,6.2,8,50.0,3,340.91,103.6,257012,true,completed
CV_h6s4n7.txt,BBLCT,4,6,16,16,600.0,0,0.0,3,18.8,3,332.88,90.5,257012,true,completed
CV_h6s4n8.txt,BBLCT,4,6,16,16,600.0,1,6.2,3,18.8,3,366.25,93.4,257012,true,completed
CV_h6s4n9.txt,BBLCT,4,6,16,16,600.0,0,0.0,5,31.2,5,579.60,90.3,257012,true,completed
CV_h6s5n1.txt,BBLCT,5,6,20,20,600.0,0,0.0,3,15.0,2,225.30,1571.0,3226396,true,completed
CV_h6s5n10.txt,BBLCT,5,6,20,20,600.0,0,0.0,4,20.0,4,467.27,1461.8,3226396,true,completed
CV_h6s5n11.txt,BBLCT,5,6,20,20,600.0,1,5.0,8,40.0,4,495.05,1635.4,3226396,true,completed
CV_h6s5n12.txt,BBLCT,5,6,20,20,600.0,0,0.0,5,25.0,4,481.69,1531.4,3226396,true,completed
CV_h6s5n13.txt,BBLCT,5,6,20,20,600.0,1,5.0,4,20.0,3,362.33,1651.2,3226396,true,completed
CV_h6s5n14.txt,BBLCT,5,6,20,20,600.0,0,0.0,4,20.0,4,432.57,1485.2,3226396,true,completed
CV_h6s5n15.txt,BBLCT,5,6,20,20,600.0,0,0.0,4,20.0,3,359.84,1385.5,3226396,true,completed
CV_h6s5n16.txt,BBLCT,5,6,20,20,600.0,0,0.0,2,10.0,4,452.76,1418.0,3226396,true,completed
CV_h6s5n17.txt,BBLCT,5,6,20,20,600.0,1,5.0,2,10.0,3,355.79,1557.3,3226396,true,completed
CV_h6s5n18.txt,BBLCT,5,6,20,20,600.0,0,0.0,4,20.0,4,462.01,1436.8,3226396,true,completed
CV_h6s5n19.txt,BBLCT,5,6,20,20,600.0,0,0.0,3,15.0,4,460.48,1570.7,3226396,true,completed
CV_h6s5n2.txt,BBLCT,5,6,20,20,600.0,0,0.0,4,20.0,3,355.75,1437.3,3226396,true,completed
CV_h6s5n20.txt,BBLCT,5,6,20,20,600.0,0,0.0,1,5.0,3,354.48,1402.3,3226396,true,completed
CV_h6s5n21.txt,BBLCT,5,6,20,20,600.0,0,0.0,3,15.0,4,441.28,1435.3,3226396,true,completed
CV_h6s5n22.txt,BBLCT,5,6,20,20,600.0,0,0.0,4,20.0,4,454.97,1531.0,3226396,true,completed
CV_h6s5n23.txt,BBLCT,5,6,20,20,600.0,0,0.0,2,10.0,4,452.76,1424.0,3226396,true,completed
CV_h6s5n24.txt,BBLCT,5,6,20,20,600.0,1,5.0,2,10.0,2,221.51,1565.8,3226396,true,completed
CV_h6s5n25.txt,BBLCT,5,6,20,20,600.0,0,0.0,4,20.0,4,435.25,1487.1,3226396,true,completed
CV_h6s5n26.txt,BBLCT,5,6,20,20,600.0,0,0.0,3,15.0,5,579.66,1428.3,3226396,true,completed
CV_h6s5n27.txt,BBLCT,5,6,20,20,600.0,0,0.0,6,30.0,3,336.36,1417.7,3226396,true,completed
CV_h6s5n28.txt,BBLCT,5,6,20,20,600.0,0,0.0,4,20.0,2,211.47,1610.8,3226396,true,completed
CV_h6s5n29.txt,BBLCT,5,6,20,20,600.0,0,0.0,4,20.0,4,441.37,1487.1,3226396,true,completed
CV_h6s5n3.txt,BBLCT,5,6,20,20,600.0,1,5.0,5,25.0,5,593.45,1578.7,3226396,true,completed
CV_h6s5n30.txt,BBLCT,5,6,20,20,600.0,0,0.0,3,15.0,5,574.34,1465.8,3226396,true,completed
CV_h6s5n31.txt,BBLCT,5,6,20,20,600.0,0,0.0,1,5.0,3,354.48,1402.0,3226396,true,completed
CV_h6s5n32.txt,BBLCT,5,6,20,20,600.0,3,15.0,7,35.0,3,336.95,1749.5,3226396,true,completed
CV_h6s5n33.txt,BBLCT,5,6,20,20,600.0,1,5.0,5,25.0,5,594.57,1556.9,3226396,true,completed
CV_h6s5n34.txt,BBLCT,5,6,20,20,600.0,0,0.0,3,15.0,4,461.57,1469.9,3226396,true,completed
CV_h6s5n35.txt,BBLCT,5,6,20,20,600.0,0,0.0,2,10.0,2,210.05,1529.6,3226396,true,completed
CV_h6s5n36.txt,BBLCT,5,6,20,20,600.0,0,0.0,5,25.0,5,578.34,1434.4,3226396,true,completed
CV_h6s5n37.txt,BBLCT,5,6,20,20,600.0,0,0.0,2,10.0,5,574.34,1457.2,3226396,true,completed
CV_h6s5n38.txt,BBLCT,5,6,20,20,600.0,1,5.0,3,15.0,3,366.25,1523.9,3226396,true,completed
CV_h6s5n39.txt,BBLCT,5,6,20,20,600.0,0,0.0,6,30.0,4,467.72,1402.4,3226396,true,completed
CV_h6s5n4.txt,BBLCT,5,6,20,20,600.0,0,0.0,9,45.0,5,577.05,1601.9,3226396,true,completed
CV_h6s5n40.txt,BBLCT,5,6,20,20,600.0,1,5.0,3,15.0,3,346.66,1547.2,3226396,true,completed
CV_h6s5n5.txt,BBLCT,5,6,20,20,600.0,0,0.0,2,10.0,5,579.53,1442.2,3226396,true,completed
CV_h6s5n6.txt,BBLCT,5,6,20,20,600.0,0,0.0,3,15.0,4,460.39,1482.7,3226396,true,completed
CV_h6s5n7.txt,BBLCT,5,6,20,20,600.0,0,0.0,5,25.0,5,577.81,1458.5,3226396,true,completed
CV_h6s5n8.txt,BBLCT,5,6,20,20,600.0,0,0.0,5,25.0,5,575.84,1459.1,3226396,true,completed
CV_h6s5n9.txt,BBLCT,5,6,20,20,600.0,1,5.0,5,25.0,3,365.60,1619.6,3226396,true,completed
CV_h6s6n1.txt,BBLCT,6,6,24,24,600.0,0,0.0,3,12.5,5,576.89,13549.3,23082241,true,completed
CV_h6s6n10.txt,BBLCT,6,6,24,24,600.0,0,0.0,3,12.5,4,459.38,14872.8,23082241,true,completed
CV_h6s6n11.txt,BBLCT,6,6,24,24,600.0,0,0.0,1,4.2,3,357.01,13701.9,23082241,true,completed
CV_h6s6n12.txt,BBLCT,6,6,24,24,600.0,2,8.3,5,20.8,4,471.76,15478.7,23082241,true,completed
CV_h6s6n13.txt,BBLCT,6,6,24,24,600.0,0,0.0,5,20.8,4,433.58,14246.7,23082241,true,completed
CV_h6s6n14.txt,BBLCT,6,6,24,24,600.0,0,0.0,8,33.3,5,553.24,14215.0,23082241,true,completed
CV_h6s6n15.txt,BBLCT,6,6,24,24,600.0,1,4.2,6,25.0,3,331.66,14972.0,23082241,true,completed
CV_h6s6n16.txt,BBLCT,6,6,24,24,600.0,2,8.3,6,25.0,4,481.96,16163.5,23082241,true,completed
CV_h6s6n17.txt,BBLCT,6,6,24,24,600.0,0,0.0,3,12.5,3,330.36,13618.8,23082241,true,completed
CV_h6s6n18.txt,BBLCT,6,6,24,24,600.0,0,0.0,2,8.3,3,364.52,14475.3,23082241,true,completed
CV_h6s6n19.txt,BBLCT,6,6,24,24,600.0,0,0.0,3,12.5,5,584.29,14645.1,23082241,true,completed
CV_h6s6n2.txt,BBLCT,6,6,24,24,600.0,1,4.2,6,25.0,5,550.45,15205.1,23082241,true,completed
CV_h6s6n20.txt,BBLCT,6,6,24,24,600.0,0,0.0,8,33.3,4,472.16,14901.4,23082241,true,completed
CV_h6s6n21.txt,BBLCT,6,6,24,24,600.0,0,0.0,7,29.2,5,586.27,13812.0,23082241,true,completed
CV_h6s6n22.txt,BBLCT,6,6,24,24,600.0,0,0.0,3,12.5,4,479.00,14013.2,23082241,true,completed
CV_h6s6n23.txt,BBLCT,6,6,24,24,600.0,0,0.0,5,20.8,4,453.34,13983.7,23082241,true,completed
CV_h6s6n24.txt,BBLCT,6,6,24,24,600.0,0,0.0,3,12.5,4,457.88,14254.8,23082241,true,completed
CV_h6s6n25.txt,BBLCT,6,6,24,24,600.0,1,4.2,2,8.3,3,358.27,15020.0,23082241,true,completed
CV_h6s6n26.txt,BBLCT,6,6,24,24,600.0,0,0.0,4,16.7,3,355.75,13488.7,23082241,true,completed
CV_h6s6n27.txt,BBLCT,6,6,24,24,600.0,1,4.2,5,20.8,5,578.00,15084.6,23082241,true,completed
CV_h6s6n28.txt,BBLCT,6,6,24,24,600.0,1,4.2,2,8.3,3,355.75,14553.4,23082241,true,completed
CV_h6s6n29.txt,BBLCT,6,6,24,24,600.0,0,0.0,3,12.5,5,575.52,13886.2,23082241,true,completed
CV_h6s6n3.txt,BBLCT,6,6,24,24,600.0,3,12.5,8,33.3,5,564.17,16311.7,23082241,true,completed
CV_h6s6n30.txt,BBLCT,6,6,24,24,600.0,0,0.0,2,8.3,5,575.52,14085.8,23082241,true,completed
CV_h6s6n31.txt,BBLCT,6,6,24,24,600.0,1,4.2,5,20.8,4,469.57,15391.1,23082241,true,completed
CV_h6s6n32.txt,BBLCT,6,6,24,24,600.0,0,0.0,4,16.7,5,588.09,13723.9,23082241,true,completed
CV_h6s6n33.txt,BBLCT,6,6,24,24,600.0,0,0.0,5,20.8,4,455.35,13856.0,23082241,true,completed
CV_h6s6n34.txt,BBLCT,6,6,24,24,600.0,0,0.0,3,12.5,4,456.69,14391.7,23082241,true,completed
CV_h6s6n35.txt,BBLCT,6,6,24,24,600.0,0,0.0,3,12.5,4,464.36,14682.8,23082241,true,completed
CV_h6s6n36.txt,BBLCT,6,6,24,24,600.0,0,0.0,3,12.5,4,454.06,14641.6,23082241,true,completed
CV_h6s6n37.txt,BBLCT,6,6,24,24,600.0,0,0.0,3,12.5,3,341.48,14220.2,23082241,true,completed
CV_h6s6n38.txt,BBLCT,6,6,24,24,600.0,0,0.0,3,12.5,5,583.18,14055.4,23082241,true,completed
CV_h6s6n39.txt,BBLCT,6,6,24,24,600.0,0,0.0,2,8.3,4,457.96,13429.9,23082241,true,completed
CV_h6s6n4.txt,BBLCT,6,6,24,24,600.0,2,8.3,3,12.5,3,357.12,15520.1,23082241,true,completed
CV_h6s6n40.txt,BBLCT,6,6,24,24,600.0,0,0.0,3,12.5,5,575.67,14168.2,23082241,true,completed
CV_h6s6n5.txt,BBLCT,6,6,24,24,600.0,0,0.0,1,4.2,3,354.48,13290.1,23082241,true,completed
CV_h6s6n6.txt,BBLCT,6,6,24,24,600.0,0,0.0,3,12.5,5,578.31,13476.4,23082241,true,completed
CV_h6s6n7.txt,BBLCT,6,6,24,24,600.0,0,0.0,3,12.5,5,579.53,13277.3,23082241,true,completed
CV_h6s6n8.txt,BBLCT,6,6,24,24,600.0,0,0.0,9,37.5,5,579.53,13314.0,23082241,true,completed
CV_h6s6n9.txt,BBLCT,6,6,24,24,600.0,1,4.2,3,12.5,5,580.79,15080.8,23082241,true,completed
CV_h6s7n1.txt,BBLCT,7,6,28,28,600.0,1,3.6,3,10.7,4,456.58,96686.6,115437731,true,completed
CV_h6s7n10.txt,BBLCT,7,6,28,28,600.0,2,7.1,4,14.3,4,446.49,100681.3,115437731,true,completed
CV_h6s7n11.txt,BBLCT,7,6,28,28,600.0,0,0.0,2,7.1,5,576.94,91864.0,115437731,true,completed
CV_h6s7n12.txt,BBLCT,7,6,28,28,600.0,2,7.1,6,21.4,4,446.56,100189.2,115437731,true,completed
CV_h6s7n13.txt,BBLCT,7,6,28,28,600.0,0,0.0,5,17.9,4,436.47,93456.9,115437731,true,completed
CV_h6s7n14.txt,BBLCT,7,6,28,28,600.0,0,0.0,2,7.1,5,575.67,89720.5,115437731,true,completed
CV_h6s7n15.txt,BBLCT,7,6,28,28,600.0,0,0.0,4,14.3,5,578.24,84985.0,115437731,true,completed
CV_h6s7n16.txt,BBLCT,7,6,28,28,600.0,1,3.6,4,14.3,5,560.43,95939.6,115437731,true,completed
CV_h6s7n17.txt,BBLCT,7,6,28,28,600.0,2,7.1,4,14.3,3,359.54,101034.2,115437731,true,completed
CV_h6s7n18.txt,BBLCT,7,6,28,28,600.0,1,3.6,3,10.7,5,574.25,97027.3,115437731,true,completed
CV_h6s7n19.txt,BBLCT,7,6,28,28,600.0,0,0.0,6,21.4,5,556.65,95914.0,115437731,true,completed
CV_h6s7n2.txt,BBLCT,7,6,28,28,600.0,0,0.0,1,3.6,3,355.79,85078.5,115437731,true,completed
CV_h6s7n20.txt,BBLCT,7,6,28,28,600.0,1,3.6,3,10.7,5,583.36,95949.7,115437731,true,completed
CV_h6s7n21.txt,BBLCT,7,6,28,28,600.0,0,0.0,1,3.6,3,357.01,87928.8,115437731,true,completed
CV_h6s7n22.txt,BBLCT,7,6,28,28,600.0,0,0.0,4,14.3,3,360.27,96203.9,115437731,true,completed
CV_h6s7n23.txt,BBLCT,7,6,28,28,600.0,0,0.0,7,25.0,4,446.28,94368.7,115437731,true,completed
CV_h6s7n24.txt,BBLCT,7,6,28,28,600.0,0,0.0,4,14.3,4,455.32,91910.9,115437731,true,completed
CV_h6s7n25.txt,BBLCT,7,6,28,28,600.0,0,0.0,2,7.1,3,359.65,87931.7,115437731,true,completed
CV_h6s7n26.txt,BBLCT,7,6,28,28,600.0,0,0.0,5,17.9,5,555.49,98482.4,115437731,true,completed
CV_h6s7n27.txt,BBLCT,7,6,28,28,600.0,0,0.0,4,14.3,5,576.87,86411.0,115437731,true,completed
CV_h6s7n28.txt,BBLCT,7,6,28,28,600.0,0,0.0,1,3.6,3,359.54,91944.6,115437731,true,completed
CV_h6s7n29.txt,BBLCT,7,6,28,28,600.0,1,3.6,3,10.7,3,360.91,95318.1,115437731,true,completed
CV_h6s7n3.txt,BBLCT,7,6,28,28,600.0,1,3.6,4,14.3,5,580.84,98017.9,115437731,true,completed
CV_h6s7n30.txt,BBLCT,7,6,28,28,600.0,1,3.6,6,21.4,5,591.92,93604.0,115437731,true,completed
CV_h6s7n31.txt,BBLCT,7,6,28,28,600.0,0,0.0,2,7.1,5,575.67,85827.7,115437731,true,completed
CV_h6s7n32.txt,BBLCT,7,6,28,28,600.0,0,0.0,3,10.7,4,459.22,88137.4,115437731,true,completed
CV_h6s7n33.txt,BBLCT,7,6,28,28,600.0,0,0.0,2,7.1,5,576.94,91589.2,115437731,true,completed
CV_h6s7n34.txt,BBLCT,7,6,28,28,600.0,0,0.0,4,14.3,5,591.54,97621.2,115437731,true,completed
CV_h6s7n35.txt,BBLCT,7,6,28,28,600.0,0,0.0,2,7.1,5,599.62,94625.0,115437731,true,completed
CV_h6s7n36.txt,BBLCT,7,6,28,28,600.0,0,0.0,3,10.7,4,464.36,86443.2,115437731,true,completed
CV_h6s7n37.txt,BBLCT,7,6,28,28,600.0,0,0.0,5,17.9,5,589.55,95519.2,115437731,true,completed
CV_h6s7n38.txt,BBLCT,7,6,28,28,600.0,0,0.0,5,17.9,5,553.98,90382.6,115437731,true,completed
CV_h6s7n39.txt,BBLCT,7,6,28,28,600.0,1,3.6,5,17.9,4,464.09,99617.7,115437731,true,completed
CV_h6s7n4.txt,BBLCT,7,6,28,28,600.0,0,0.0,2,7.1,5,580.54,85849.2,115437731,true,completed
CV_h6s7n40.txt,BBLCT,7,6,28,28,600.0,0,0.0,4,14.3,5,585.73,87216.0,115437731,true,completed
CV_h6s7n5.txt,BBLCT,7,6,28,28,600.0,0,0.0,5,17.9,5,571.87,93239.3,115437731,true,completed
CV_h6s7n6.txt,BBLCT,7,6,28,28,600.0,2,7.1,3,10.7,3,354.48,99578.6,115437731,true,completed
CV_h6s7n7.txt,BBLCT,7,6,28,28,600.0,1,3.6,5,17.9,5,551.34,93643.1,115437731,true,completed
CV_h6s7n8.txt,BBLCT,7,6,28,28,600.0,0,0.0,5,17.9,5,580.19,97845.3,115437731,true,completed
CV_h6s7n9.txt,BBLCT,7,6,28,28,600.0,0,0.0,2,7.1,5,578.20,85866.5,115437731,true,completed
CV_h7s10n1.txt,BBLCT,10,7,50,50,600.0,0,0.0,1,2.0,3,331.55,595034.4,367994880,false,cpu_limit
CV_h7s10n10.txt,BBLCT,10,7,50,50,600.0,0,0.0,2,4.0,3,335.34,595029.0,355892224,false,cpu_limit
CV_h7s10n11.txt,BBLCT,10,7,50,50,600.0,0,0.0,1,2.0,3,327.61,595033.2,374863872,false,cpu_limit
CV_h7s10n12.txt,BBLCT,10,7,50,50,600.0,0,0.0,0,0.0,0,0.00,595025.5,356352000,false,cpu_limit
CV_h7s10n13.txt,BBLCT,10,7,50,50,600.0,0,0.0,4,8.0,5,565.13,595028.8,355832832,false,cpu_limit
CV_h7s10n14.txt,BBLCT,10,7,50,50,600.0,0,0.0,0,0.0,0,0.00,595028.3,365378560,false,cpu_limit
CV_h7s10n15.txt,BBLCT,10,7,50,50,600.0,0,0.0,1,2.0,2,214.74,595035.1,359520256,false,cpu_limit
CV_h7s10n16.txt,BBLCT,10,7,50,50,600.0,1,2.0,5,10.0,4,439.54,595032.1,348511232,false,cpu_limit
CV_h7s10n17.txt,BBLCT,10,7,50,50,600.0,0,0.0,4,8.0,4,434.80,595034.7,349332480,false,cpu_limit
CV_h7s10n18.txt,BBLCT,10,7,50,50,600.0,0,0.0,5,10.0,5,563.85,595031.5,364474368,false,cpu_limit
CV_h7s10n19.txt,BBLCT,10,7,50,50,600.0,1,2.0,2,4.0,2,212.39,595033.0,348896256,false,cpu_limit
CV_h7s10n2.txt,BBLCT,10,7,50,50,600.0,0,0.0,0,0.0,0,0.00,595032.8,369410048,false,cpu_limit
CV_h7s10n20.txt,BBLCT,10,7,50,50,600.0,0,0.0,4,8.0,4,464.75,595039.3,361914368,false,cpu_limit
CV_h7s10n21.txt,BBLCT,10,7,50,50,600.0,0,0.0,4,8.0,5,572.87,595034.8,355248128,false,cpu_limit
CV_h7s10n22.txt,BBLCT,10,7,50,50,600.0,0,0.0,2,4.0,5,566.62,595031.3,349595648,false,cpu_limit
CV_h7s10n23.txt,BBLCT,10,7,50,50,600.0,0,0.0,0,0.0,0,0.00,595033.9,377649152,false,cpu_limit
CV_h7s10n24.txt,BBLCT,10,7,50,50,600.0,0,0.0,0,0.0,0,0.00,595030.9,359207936,false,cpu_limit
CV_h7s10n25.txt,BBLCT,10,7,50,50,600.0,2,4.0,2,4.0,0,0.00,595038.6,336254976,false,cpu_limit
CV_h7s10n26.txt,BBLCT,10,7,50,50,600.0,0,0.0,1,2.0,4,467.10,595039.2,359259136,false,cpu_limit
CV_h7s10n27.txt,BBLCT,10,7,50,50,600.0,0,0.0,2,4.0,5,566.62,595034.3,376573952,false,cpu_limit
CV_h7s10n28.txt,BBLCT,10,7,50,50,600.0,0,0.0,1,2.0,3,355.79,595028.7,379561984,false,cpu_limit
CV_h7s10n29.txt,BBLCT,10,7,50,50,600.0,0,0.0,3,6.0,5,553.85,595029.6,364615680,false,cpu_limit
CV_h7s10n3.txt,BBLCT,10,7,50,50,600.0,0,0.0,0,0.0,0,0.00,595035.2,371218432,false,cpu_limit
CV_h7s10n30.txt,BBLCT,10,7,50,50,600.0,0,0.0,2,4.0,4,437.55,595039.7,353843200,false,cpu_limit
CV_h7s10n31.txt,BBLCT,10,7,50,50,600.0,1,2.0,3,6.0,3,330.29,595030.7,350884864,false,cpu_limit
CV_h7s10n32.txt,BBLCT,10,7,50,50,600.0,0,0.0,5,10.0,4,461.76,595029.0,372016128,false,cpu_limit
CV_h7s10n33.txt,BBLCT,10,7,50,50,600.0,0,0.0,0,0.0,0,0.00,595032.3,370049024,false,cpu_limit
CV_h7s10n34.txt,BBLCT,10,7,50,50,600.0,0,0.0,5,10.0,5,562.89,595032.3,354022400,false,cpu_limit
CV_h7s10n35.txt,BBLCT,10,7,50,50,600.0,0,0.0,2,4.0,4,461.76,595030.6,372098048,false,cpu_limit
CV_h7s10n36.txt,BBLCT,10,7,50,50,600.0,0,0.0,4,8.0,5,551.09,595036.4,355638272,false,cpu_limit
CV_h7s10n37.txt,BBLCT,10,7,50,50,600.0,0,0.0,1,2.0,4,462.40,595034.7,366171136,false,cpu_limit
CV_h7s10n38.txt,BBLCT,10,7,50,50,600.0,0,0.0,2,4.0,2,214.74,595036.0,354529280,false,cpu_limit
CV_h7s10n39.txt,BBLCT,10,7,50,50,600.0,0,0.0,0,0.0,0,0.00,595039.3,366266368,false,cpu_limit
CV_h7s10n4.txt,BBLCT,10,7,50,50,600.0,0,0.0,1,2.0,4,467.10,595030.8,359149568,false,cpu_limit
CV_h7s10n40.txt,BBLCT,10,7,50,50,600.0,0,0.0,1,2.0,3,355.79,595032.5,378140672,false,cpu_limit
CV_h7s10n5.txt,BBLCT,10,7,50,50,600.0,0,0.0,1,2.0,4,457.71,595037.0,372756480,false,cpu_limit
CV_h7s10n6.txt,BBLCT,10,7,50,50,600.0,0,0.0,2,4.0,4,460.06,595034.1,368964608,false,cpu_limit
CV_h7s10n7.txt,BBLCT,10,7,50,50,600.0,0,0.0,1,2.0,4,460.06,595027.5,369299456,false,cpu_limit
CV_h7s10n8.txt,BBLCT,10,7,50,50,600.0,0,0.0,1,2.0,4,457.71,595031.3,372711424,false,cpu_limit
CV_h7s10n9.txt,BBLCT,10,7,50,50,600.0,0,0.0,3,6.0,4,439.49,595031.5,369793024,false,cpu_limit
CV_h7s4n1.txt,BBLCT,4,7,20,20,600.0,0,0.0,2,10.0,1,111.69,98.5,257012,true,completed
CV_h7s4n10.txt,BBLCT,4,7,20,20,600.0,0,0.0,3,15.0,4,465.62,98.4,257012,true,completed
CV_h7s4n11.txt,BBLCT,4,7,20,20,600.0,0,0.0,3,15.0,5,575.99,97.3,257012,true,completed
CV_h7s4n12.txt,BBLCT,4,7,20,20,600.0,0,0.0,1,5.0,3,354.48,90.8,257012,true,completed
CV_h7s4n13.txt,BBLCT,4,7,20,20,600.0,0,0.0,1,5.0,3,354.48,89.3,257012,true,completed
CV_h7s4n14.txt,BBLCT,4,7,20,20,600.0,0,0.0,3,15.0,4,492.38,89.9,257012,true,completed
CV_h7s4n15.txt,BBLCT,4,7,20,20,600.0,0,0.0,7,35.0,4,473.84,100.8,257012,true,completed
CV_h7s4n16.txt,BBLCT,4,7,20,20,600.0,0,0.0,2,10.0,4,501.60,93.3,257012,true,completed
CV_h7s4n17.txt,BBLCT,4,7,20,20,600.0,0,0.0,1,5.0,3,359.65,89.9,257012,true,completed
CV_h7s4n18.txt,BBLCT,4,7,20,20,600.0,1,5.0,5,25.0,5,577.27,97.4,257012,true,completed
CV_h7s4n19.txt,BBLCT,4,7,20,20,600.0,0,0.0,2,10.0,3,330.36,93.8,257012,true,completed
CV_h7s4n2.txt,BBLCT,4,7,20,20,600.0,0,0.0,1,5.0,4,497.74,81.7,257012,true,completed
CV_h7s4n20.txt,BBLCT,4,7,20,20,600.0,0,0.0,2,10.0,3,355.75,89.5,257012,true,completed
CV_h7s4n21.txt,BBLCT,4,7,20,20,600.0,0,0.0,3,15.0,2,211.38,97.5,257012,true,completed
CV_h7s4n22.txt,BBLCT,4,7,20,20,600.0,3,15.0,3,15.0,0,0.00,106.8,257012,true,completed
CV_h7s4n23.txt,BBLCT,4,7,20,20,600.0,0,0.0,7,35.0,4,449.45,96.9,257012,true,completed
CV_h7s4n24.txt,BBLCT,4,7,20,20,600.0,0,0.0,1,5.0,4,501.60,90.2,257012,true,completed
CV_h7s4n25.txt,BBLCT,4,7,20,20,600.0,3,15.0,4,20.0,2,230.63,105.0,257012,true,completed
CV_h7s4n26.txt,BBLCT,4,7,20,20,600.0,0,0.0,1,5.0,4,492.38,88.8,257012,true,completed
CV_h7s4n27.txt,BBLCT,4,7,20,20,600.0,0,0.0,1,5.0,2,220.18,88.7,257012,true,completed
CV_h7s4n28.txt,BBLCT,4,7,20,20,600.0,0,0.0,1,5.0,2,220.18,89.9,257012,true,completed
CV_h7s4n29.txt,BBLCT,4,7,20,20,600.0,1,5.0,3,15.0,2,240.93,104.9,257012,true,completed
CV_h7s4n3.txt,BBLCT,4,7,20,20,600.0,0,0.0,5,25.0,3,334.26,100.3,257012,true,completed
CV_h7s4n30.txt,BBLCT,4,7,20,20,600.0,1,5.0,2,10.0,1,111.69,97.4,257012,true,completed
CV_h7s4n31.txt,BBLCT,4,7,20,20,600.0,1,5.0,5,25.0,5,588.49,97.3,257012,true,completed
CV_h7s4n32.txt,BBLCT,4,7,20,20,600.0,0,0.0,1,5.0,3,359.65,97.4,257012,true,completed
CV_h7s4n33.txt,BBLCT,4,7,20,20,600.0,0,0.0,2,10.0,3,332.88,93.7,257012,true,completed
CV_h7s4n34.txt,BBLCT,4,7,20,20,600.0,0,0.0,1,5.0,3,359.65,96.6,257012,true,completed
CV_h7s4n35.txt,BBLCT,4,7,20,20,600.0,0,0.0,2,10.0,4,454.06,100.8,257012,true,completed
CV_h7s4n36.txt,BBLCT,4,7,20,20,600.0,0,0.0,3,15.0,4,443.81,91.8,257012,true,completed
CV_h7s4n37.txt,BBLCT,4,7,20,20,600.0,0,0.0,1,5.0,4,492.38,85.6,257012,true,completed
CV_h7s4n38.txt,BBLCT,4,7,20,20,600.0,0,0.0,1,5.0,1,111.69,96.4,257012,true,completed
CV_h7s4n39.txt,BBLCT,4,7,20,20,600.0,0,0.0,1,5.0,1,111.69,96.4,257012,true,completed
CV_h7s4n4.txt,BBLCT,4,7,20,20,600.0,0,0.0,3,15.0,2,230.73,97.4,257012,true,completed
CV_h7s4n40.txt,BBLCT,4,7,20,20,600.0,0,0.0,3,15.0,3,358.13,84.2,257012,true,completed
CV_h7s4n5.txt,BBLCT,4,7,20,20,600.0,0,0.0,2,10.0,4,501.60,100.8,257012,true,completed
CV_h7s4n6.txt,BBLCT,4,7,20,20,600.0,0,0.0,2,10.0,3,330.36,91.0,257012,true,completed
CV_h7s4n7.txt,BBLCT,4,7,20,20,600.0,0,0.0,5,25.0,5,579.89,85.2,257012,true,completed
CV_h7s4n8.txt,BBLCT,4,7,20,20,600.0,0,0.0,2,10.0,3,370.11,93.8,257012,true,completed
CV_h7s4n9.txt,BBLCT,4,7,20,20,600.0,2,10.0,3,15.0,2,229.36,106.1,257012,true,completed
CV_h7s5n1.txt,BBLCT,5,7,25,25,600.0,0,0.0,1,4.0,3,354.48,1424.6,3226396,true,completed
CV_h7s5n10.txt,BBLCT,5,7,25,25,600.0,0,0.0,1,4.0,3,357.01,1496.5,3226396,true,completed
CV_h7s5n11.txt,BBLCT,5,7,25,25,600.0,0,0.0,2,8.0,1,110.43,1579.2,3226396,true,completed
CV_h7s5n12.txt,BBLCT,5,7,25,25,600.0,0,0.0,2,8.0,4,492.38,1416.9,3226396,true,completed
CV_h7s5n13.txt,BBLCT,5,7,25,25,600.0,0,0.0,5,20.0,2,222.78,1519.3,3226396,true,completed
CV_h7s5n14.txt,BBLCT,5,7,25,25,600.0,0,0.0,3,12.0,3,337.91,1425.0,3226396,true,completed
CV_h7s5n15.txt,BBLCT,5,7,25,25,600.0,0,0.0,2,8.0,5,599.80,1413.8,3226396,true,completed
CV_h7s5n16.txt,BBLCT,5,7,25,25,600.0,0,0.0,3,12.0,4,460.39,1391.7,3226396,true,completed
CV_h7s5n17.txt,BBLCT,5,7,25,25,600.0,0,0.0,2,8.0,2,212.64,1577.8,3226396,true,completed
CV_h7s5n18.txt,BBLCT,5,7,25,25,600.0,1,4.0,4,16.0,2,232.00,1572.5,3226396,true,completed
CV_h7s5n19.txt,BBLCT,5,7,25,25,600.0,1,4.0,3,12.0,4,459.42,1670.2,3226396,true,completed
CV_h7s5n2.txt,BBLCT,5,7,25,25,600.0,1,4.0,7,28.0,4,471.69,1634.6,3226396,true,completed
CV_h7s5n20.txt,BBLCT,5,7,25,25,600.0,0,0.0,1,4.0,4,502.86,1538.3,3226396,true,completed
CV_h7s5n21.txt,BBLCT,5,7,25,25,600.0,0,0.0,1,4.0,4,502.86,1544.7,3226396,true,completed
CV_h7s5n22.txt,BBLCT,5,7,25,25,600.0,0,0.0,4,16.0,4,447.53,1490.0,3226396,true,completed
CV_h7s5n23.txt,BBLCT,5,7,25,25,600.0,0,0.0,1,4.0,4,493.64,1443.7,3226396,true,completed
CV_h7s5n24.txt,BBLCT,5,7,25,25,600.0,1,4.0,2,8.0,4,497.74,1578.1,3226396,true,completed
CV_h7s5n25.txt,BBLCT,5,7,25,25,600.0,1,4.0,5,20.0,3,367.31,1596.3,3226396,true,completed
CV_h7s5n26.txt,BBLCT,5,7,25,25,600.0,0,0.0,2,8.0,5,599.80,1538.5,3226396,true,completed
CV_h7s5n27.txt,BBLCT,5,7,25,25,600.0,0,0.0,1,4.0,2,221.51,1444.2,3226396,true,completed
CV_h7s5n28.txt,BBLCT,5,7,25,25,600.0,0,0.0,2,8.0,4,457.96,1507.5,3226396,true,completed
CV_h7s5n29.txt,BBLCT,5,7,25,25,600.0,0,0.0,2,8.0,5,580.84,1459.5,3226396,true,completed
CV_h7s5n3.txt,BBLCT,5,7,25,25,600.0,0,0.0,1,4.0,3,355.75,1449.3,3226396,true,completed
CV_h7s5n30.txt,BBLCT,5,7,25,25,600.0,0,0.0,6,24.0,5,579.60,1582.3,3226396,true,completed
CV_h7s5n31.txt,BBLCT,5,7,25,25,600.0,0,0.0,1,4.0,4,492.38,1399.8,3226396,true,completed
CV_h7s5n32.txt,BBLCT,5,7,25,25,600.0,2,8.0,3,12.0,4,511.79,1689.4,3226396,true,completed
CV_h7s5n33.txt,BBLCT,5,7,25,25,600.0,0,0.0,3,12.0,5,580.84,1540.4,3226396,true,completed
CV_h7s5n34.txt,BBLCT,5,7,25,25,600.0,1,4.0,4,16.0,5,573.31,1675.4,3226396,true,completed
CV_h7s5n35.txt,BBLCT,5,7,25,25,600.0,0,0.0,5,20.0,5,559.04,1454.3,3226396,true,completed
CV_h7s5n36.txt,BBLCT,5,7,25,25,600.0,0,0.0,2,8.0,3,331.62,1542.1,3226396,true,completed
CV_h7s5n37.txt,BBLCT,5,7,25,25,600.0,1,4.0,2,8.0,4,499.07,1566.6,3226396,true,completed
CV_h7s5n38.txt,BBLCT,5,7,25,25,600.0,1,4.0,5,20.0,4,470.76,1571.3,3226396,true,completed
CV_h7s5n39.txt,BBLCT,5,7,25,25,600.0,0,0.0,2,8.0,4,497.74,1478.5,3226396,true,completed
CV_h7s5n4.txt,BBLCT,5,7,25,25,600.0,0,0.0,2,8.0,3,341.77,1578.0,3226396,true,completed
CV_h7s5n40.txt,BBLCT,5,7,25,25,600.0,0,0.0,3,12.0,4,480.51,1556.5,3226396,true,completed
CV_h7s5n5.txt,BBLCT,5,7,25,25,600.0,1,4.0,5,20.0,5,583.14,1571.4,3226396,true,completed
CV_h7s5n6.txt,BBLCT,5,7,25,25,600.0,0,0.0,3,12.0,2,215.17,1643.4,3226396,true,completed
CV_h7s5n7.txt,BBLCT,5,7,25,25,600.0,0,0.0,2,8.0,3,358.38,1443.5,3226396,true,completed
CV_h7s5n8.txt,BBLCT,5,7,25,25,600.0,0,0.0,1,4.0,3,355.79,1385.4,3226396,true,completed
CV_h7s5n9.txt,BBLCT,5,7,25,25,600.0,0,0.0,3,12.0,4,460.80,1558.7,3226396,true,completed
CV_h7s6n1.txt,BBLCT,6,7,30,30,600.0,0,0.0,1,3.3,2,222.78,13862.9,23082241,true,completed
CV_h7s6n10.txt,BBLCT,6,7,30,30,600.0,0,0.0,1,3.3,3,358.27,14318.8,23082241,true,completed
CV_h7s6n11.txt,BBLCT,6,7,30,30,600.0,0,0.0,2,6.7,1,116.86,15898.2,23082241,true,completed
CV_h7s6n12.txt,BBLCT,6,7,30,30,600.0,0,0.0,5,16.7,4,505.21,13412.9,23082241,true,completed
CV_h7s6n13.txt,BBLCT,6,7,30,30,600.0,0,0.0,1,3.3,1,107.84,14434.0,23082241,true,completed
CV_h7s6n14.txt,BBLCT,6,7,30,30,600.0,2,6.7,5,16.7,4,434.80,16311.7,23082241,true,completed
CV_h7s6n15.txt,BBLCT,6,7,30,30,600.0,0,0.0,4,13.3,4,455.36,13256.1,23082241,true,completed
CV_h7s6n16.txt,BBLCT,6,7,30,30,600.0,0,0.0,2,6.7,4,452.76,13684.1,23082241,true,completed
CV_h7s6n17.txt,BBLCT,6,7,30,30,600.0,0,0.0,4,13.3,1,111.80,15021.9,23082241,true,completed
CV_h7s6n18.txt,BBLCT,6,7,30,30,600.0,0,0.0,2,6.7,5,575.56,13373.4,23082241,true,completed
CV_h7s6n19.txt,BBLCT,6,7,30,30,600.0,0,0.0,1,3.3,3,357.01,13935.0,23082241,true,completed
CV_h7s6n2.txt,BBLCT,6,7,30,30,600.0,0,0.0,3,10.0,4,455.32,15184.3,23082241,true,completed
CV_h7s6n20.txt,BBLCT,6,7,30,30,600.0,0,0.0,1,3.3,3,362.17,14948.4,23082241,true,completed
CV_h7s6n21.txt,BBLCT,6,7,30,30,600.0,0,0.0,3,10.0,4,499.07,13442.6,23082241,true,completed
CV_h7s6n22.txt,BBLCT,6,7,30,30,600.0,0,0.0,2,6.7,5,582.10,14464.7,23082241,true,completed
CV_h7s6n23.txt,BBLCT,6,7,30,30,600.0,1,3.3,2,6.7,4,500.33,15124.4,23082241,true,completed
CV_h7s6n24.txt,BBLCT,6,7,30,30,600.0,0,0.0,1,3.3,4,493.64,13639.4,23082241,true,completed
CV_h7s6n25.txt,BBLCT,6,7,30,30,600.0,1,3.3,2,6.7,4,499.07,14846.2,23082241,true,completed
CV_h7s6n26.txt,BBLCT,6,7,30,30,600.0,0,0.0,1,3.3,4,492.38,13438.2,23082241,true,completed
CV_h7s6n27.txt,BBLCT,6,7,30,30,600.0,0,0.0,1,3.3,4,504.12,14902.0,23082241,true,completed
CV_h7s6n28.txt,BBLCT,6,7,30,30,600.0,0,0.0,1,3.3,4,504.12,14870.7,23082241,true,completed
CV_h7s6n29.txt,BBLCT,6,7,30,30,600.0,0,0.0,1,3.3,2,221.51,13780.8,23082241,true,completed
CV_h7s6n3.txt,BBLCT,6,7,30,30,600.0,1,3.3,4,13.3,4,492.38,15077.0,23082241,true,completed
CV_h7s6n30.txt,BBLCT,6,7,30,30,600.0,0,0.0,1,3.3,4,504.12,14900.4,23082241,true,completed
CV_h7s6n31.txt,BBLCT,6,7,30,30,600.0,0,0.0,3,10.0,5,551.39,14528.3,23082241,true,completed
CV_h7s6n32.txt,BBLCT,6,7,30,30,600.0,0,0.0,2,6.7,4,504.12,14882.7,23082241,true,completed
CV_h7s6n33.txt,BBLCT,6,7,30,30,600.0,2,6.7,3,10.0,3,372.63,16276.0,23082241,true,completed
CV_h7s6n34.txt,BBLCT,6,7,30,30,600.0,0,0.0,5,16.7,5,564.16,15673.4,23082241,true,completed
CV_h7s6n35.txt,BBLCT,6,7,30,30,600.0,0,0.0,3,10.0,2,233.26,15148.6,23082241,true,completed
CV_h7s6n36.txt,BBLCT,6,7,30,30,600.0,0,0.0,1,3.3,4,497.74,13163.7,23082241,true,completed
CV_h7s6n37.txt,BBLCT,6,7,30,30,600.0,0,0.0,1,3.3,2,226.57,15009.1,23082241,true,completed
CV_h7s6n38.txt,BBLCT,6,7,30,30,600.0,0,0.0,1,3.3,4,497.74,13239.1,23082241,true,completed
CV_h7s6n39.txt,BBLCT,6,7,30,30,600.0,1,3.3,4,13.3,4,452.76,15348.2,23082241,true,completed
CV_h7s6n4.txt,BBLCT,6,7,30,30,600.0,0,0.0,1,3.3,4,493.64,13664.9,23082241,true,completed
CV_h7s6n40.txt,BBLCT,6,7,30,30,600.0,0,0.0,2,6.7,4,518.19,14890.4,23082241,true,completed
CV_h7s6n5.txt,BBLCT,6,7,30,30,600.0,0,0.0,1,3.3,4,497.74,13208.0,23082241,true,completed
CV_h7s6n6.txt,BBLCT,6,7,30,30,600.0,0,0.0,9,30.0,5,579.16,13272.4,23082241,true,completed
CV_h7s6n7.txt,BBLCT,6,7,30,30,600.0,0,0.0,1,3.3,4,504.12,14883.4,23082241,true,completed
CV_h7s6n8.txt,BBLCT,6,7,30,30,600.0,4,13.3,5,16.7,2,229.47,17131.9,23082241,true,completed
CV_h7s6n9.txt,BBLCT,6,7,30,30,600.0,0,0.0,1,3.3,4,493.64,13644.6,23082241,true,completed
CV_h7s7n1.txt,BBLCT,7,7,35,35,600.0,2,5.7,4,11.4,5,586.20,107317.2,115437731,true,completed
CV_h7s7n10.txt,BBLCT,7,7,35,35,600.0,2,5.7,3,8.6,4,505.39,100564.8,115437731,true,completed
CV_h7s7n11.txt,BBLCT,7,7,35,35,600.0,1,2.9,3,8.6,5,582.08,94738.2,115437731,true,completed
CV_h7s7n12.txt,BBLCT,7,7,35,35,600.0,0,0.0,4,11.4,4,494.90,90517.1,115437731,true,completed
CV_h7s7n13.txt,BBLCT,7,7,35,35,600.0,0,0.0,4,11.4,4,454.06,88822.1,115437731,true,completed
CV_h7s7n14.txt,BBLCT,7,7,35,35,600.0,2,5.7,4,11.4,4,450.06,102844.8,115437731,true,completed
CV_h7s7n15.txt,BBLCT,7,7,35,35,600.0,0,0.0,2,5.7,4,492.38,86454.1,115437731,true,completed
CV_h7s7n16.txt,BBLCT,7,7,35,35,600.0,0,0.0,1,2.9,2,221.51,88432.1,115437731,true,completed
CV_h7s7n17.txt,BBLCT,7,7,35,35,600.0,3,8.6,5,14.3,4,447.53,104615.3,115437731,true,completed
CV_h7s7n18.txt,BBLCT,7,7,35,35,600.0,0,0.0,1,2.9,4,494.90,88690.3,115437731,true,completed
CV_h7s7n19.txt,BBLCT,7,7,35,35,600.0,0,0.0,1,2.9,2,226.57,93295.9,115437731,true,completed
CV_h7s7n2.txt,BBLCT,7,7,35,35,600.0,0,0.0,1,2.9,4,496.17,90236.5,115437731,true,completed
CV_h7s7n20.txt,BBLCT,7,7,35,35,600.0,0,0.0,1,2.9,3,363.44,96006.7,115437731,true,completed
CV_h7s7n21.txt,BBLCT,7,7,35,35,600.0,0,0.0,1,2.9,4,493.64,87238.8,115437731,true,completed
CV_h7s7n22.txt,BBLCT,7,7,35,35,600.0,0,0.0,1,2.9,4,494.90,88620.3,115437731,true,completed
CV_h7s7n23.txt,BBLCT,7,7,35,35,600.0,0,0.0,3,8.6,2,216.07,98429.0,115437731,true,completed
CV_h7s7n24.txt,BBLCT,7,7,35,35,600.0,0,0.0,5,14.3,5,585.24,86108.1,115437731,true,completed
CV_h7s7n25.txt,BBLCT,7,7,35,35,600.0,0,0.0,4,11.4,2,213.90,96292.6,115437731,true,completed
CV_h7s7n26.txt,BBLCT,7,7,35,35,600.0,0,0.0,6,17.1,3,321.48,96051.0,115437731,true,completed
CV_h7s7n27.txt,BBLCT,7,7,35,35,600.0,0,0.0,2,5.7,4,457.85,97838.9,115437731,true,completed
CV_h7s7n28.txt,BBLCT,7,7,35,35,600.0,0,0.0,4,11.4,5,575.52,87674.0,115437731,true,completed
CV_h7s7n29.txt,BBLCT,7,7,35,35,600.0,0,0.0,1,2.9,3,358.27,90422.4,115437731,true,completed
CV_h7s7n3.txt,BBLCT,7,7,35,35,600.0,0,0.0,1,2.9,4,493.64,87458.5,115437731,true,completed
CV_h7s7n30.txt,BBLCT,7,7,35,35,600.0,0,0.0,1,2.9,1,110.43,91156.1,115437731,true,completed
CV_h7s7n31.txt,BBLCT,7,7,35,35,600.0,0,0.0,3,8.6,4,462.01,95429.1,115437731,true,completed
CV_h7s7n32.txt,BBLCT,7,7,35,35,600.0,1,2.9,3,8.6,4,458.11,99595.5,115437731,true,completed
CV_h7s7n33.txt,BBLCT,7,7,35,35,600.0,0,0.0,2,5.7,4,502.86,90237.3,115437731,true,completed
CV_h7s7n34.txt,BBLCT,7,7,35,35,600.0,0,0.0,2,5.7,5,579.57,88657.5,115437731,true,completed
CV_h7s7n35.txt,BBLCT,7,7,35,35,600.0,0,0.0,1,2.9,2,220.18,86583.7,115437731,true,completed
CV_h7s7n36.txt,BBLCT,7,7,35,35,600.0,1,2.9,3,8.6,3,355.75,97065.3,115437731,true,completed
CV_h7s7n37.txt,BBLCT,7,7,35,35,600.0,0,0.0,2,5.7,2,221.51,89000.7,115437731,true,completed
CV_h7s7n38.txt,BBLCT,7,7,35,35,600.0,0,0.0,4,11.4,5,575.52,87796.7,115437731,true,completed
CV_h7s7n39.txt,BBLCT,7,7,35,35,600.0,0,0.0,3,8.6,3,354.48,86799.3,115437731,true,completed
CV_h7s7n4.txt,BBLCT,7,7,35,35,600.0,0,0.0,4,11.4,3,331.62,89430.7,115437731,true,completed
CV_h7s7n40.txt,BBLCT,7,7,35,35,600.0,0,0.0,3,8.6,5,547.38,88466.0,115437731,true,completed
CV_h7s7n5.txt,BBLCT,7,7,35,35,600.0,0,0.0,1,2.9,3,355.75,87265.1,115437731,true,completed
CV_h7s7n6.txt,BBLCT,7,7,35,35,600.0,0,0.0,1,2.9,3,363.44,95350.6,115437731,true,completed
CV_h7s7n7.txt,BBLCT,7,7,35,35,600.0,0,0.0,5,14.3,3,330.29,93693.6,115437731,true,completed
CV_h7s7n8.txt,BBLCT,7,7,35,35,600.0,1,2.9,3,8.6,3,330.29,97152.3,115437731,true,completed
CV_h7s7n9.txt,BBLCT,7,7,35,35,600.0,0,0.0,3,8.6,5,551.55,88132.8,115437731,true,completed
CV_h7s8n1.txt,BBLCT,8,7,40,40,600.0,0,0.0,4,10.0,4,516.85,502958.6,448850385,true,completed
CV_h7s8n10.txt,BBLCT,8,7,40,40,600.0,0,0.0,3,7.5,4,512.61,518816.6,448850385,true,completed
CV_h7s8n11.txt,BBLCT,8,7,40,40,600.0,1,2.5,2,5.0,4,497.74,504561.3,448850385,true,completed
CV_h7s8n12.txt,BBLCT,8,7,40,40,600.0,0,0.0,4,10.0,5,584.78,500431.8,448850385,true,completed
CV_h7s8n13.txt,BBLCT,8,7,40,40,600.0,0,0.0,2,5.0,2,212.39,496089.8,448850385,true,completed
CV_h7s8n14.txt,BBLCT,8,7,40,40,600.0,0,0.0,1,2.5,4,496.17,478958.4,448850385,true,completed
CV_h7s8n15.txt,BBLCT,8,7,40,40,600.0,1,2.5,3,7.5,5,576.78,510391.1,448850385,true,completed
CV_h7s8n16.txt,BBLCT,8,7,40,40,600.0,0,0.0,2,5.0,4,457.96,469459.7,448850385,true,completed
CV_h7s8n17.txt,BBLCT,8,7,40,40,600.0,0,0.0,4,10.0,5,579.46,470502.0,448850385,true,completed
CV_h7s8n18.txt,BBLCT,8,7,40,40,600.0,0,0.0,3,7.5,5,580.25,469524.3,448850385,true,completed
CV_h7s8n19.txt,BBLCT,8,7,40,40,600.0,0,0.0,1,2.5,4,506.65,504430.5,448850385,true,completed
CV_h7s8n2.txt,BBLCT,8,7,40,40,600.0,0,0.0,1,2.5,4,496.17,484270.8,448850385,true,completed
CV_h7s8n20.txt,BBLCT,8,7,40,40,600.0,1,2.5,3,7.5,2,214.74,524511.6,448850385,true,completed
CV_h7s8n21.txt,BBLCT,8,7,40,40,600.0,0,0.0,5,12.5,5,584.14,489361.4,448850385,true,completed
CV_h7s8n22.txt,BBLCT,8,7,40,40,600.0,0,0.0,2,5.0,3,332.88,492082.9,448850385,true,completed
CV_h7s8n23.txt,BBLCT,8,7,40,40,600.0,1,2.5,2,5.0,1,114.22,536683.3,448850385,true,completed
CV_h7s8n24.txt,BBLCT,8,7,40,40,600.0,0,0.0,5,12.5,5,564.75,499044.2,448850385,true,completed
CV_h7s8n25.txt,BBLCT,8,7,40,40,600.0,0,0.0,2,5.0,1,107.84,492939.1,448850385,true,completed
CV_h7s8n26.txt,BBLCT,8,7,40,40,600.0,1,2.5,3,7.5,4,502.86,498473.3,448850385,true,completed
CV_h7s8n27.txt,BBLCT,8,7,40,40,600.0,0,0.0,1,2.5,4,496.17,478381.1,448850385,true,completed
CV_h7s8n28.txt,BBLCT,8,7,40,40,600.0,0,0.0,4,10.0,4,451.82,493689.9,448850385,true,completed
CV_h7s8n29.txt,BBLCT,8,7,40,40,600.0,0,0.0,1,2.5,4,498.69,496953.8,448850385,true,completed
CV_h7s8n3.txt,BBLCT,8,7,40,40,600.0,0,0.0,2,5.0,4,494.90,477048.7,448850385,true,completed
CV_h7s8n30.txt,BBLCT,8,7,40,40,600.0,0,0.0,2,5.0,4,498.69,497412.2,448850385,true,completed
CV_h7s8n31.txt,BBLCT,8,7,40,40,600.0,1,2.5,3,7.5,4,509.34,524963.8,448850385,true,completed
CV_h7s8n32.txt,BBLCT,8,7,40,40,600.0,0,0.0,1,2.5,4,493.64,468977.4,448850385,true,completed
CV_h7s8n33.txt,BBLCT,8,7,40,40,600.0,1,2.5,2,5.0,3,354.48,498540.6,448850385,true,completed
CV_h7s8n34.txt,BBLCT,8,7,40,40,600.0,0,0.0,2,5.0,4,460.06,465706.8,448850385,true,completed
CV_h7s8n35.txt,BBLCT,8,7,40,40,600.0,0,0.0,3,7.5,4,500.33,485925.1,448850385,true,completed
CV_h7s8n36.txt,BBLCT,8,7,40,40,600.0,0,0.0,4,10.0,3,330.24,480340.0,448850385,true,completed
CV_h7s8n37.txt,BBLCT,8,7,40,40,600.0,0,0.0,2,5.0,3,334.08,507889.8,448850385,true,completed
CV_h7s8n38.txt,BBLCT,8,7,40,40,600.0,0,0.0,2,5.0,2,211.38,491631.3,448850385,true,completed
CV_h7s8n39.txt,BBLCT,8,7,40,40,600.0,0,0.0,2,5.0,4,455.32,470148.1,448850385,true,completed
CV_h7s8n4.txt,BBLCT,8,7,40,40,600.0,0,0.0,1,2.5,2,227.83,497385.8,448850385,true,completed
CV_h7s8n40.txt,BBLCT,8,7,40,40,600.0,0,0.0,1,2.5,3,360.80,495211.2,448850385,true,completed
CV_h7s8n5.txt,BBLCT,8,7,40,40,600.0,0,0.0,1,2.5,3,355.79,462908.1,448850385,true,completed
CV_h7s8n6.txt,BBLCT,8,7,40,40,600.0,0,0.0,1,2.5,3,359.54,488732.9,448850385,true,completed
CV_h7s8n7.txt,BBLCT,8,7,40,40,600.0,0,0.0,7,17.5,5,541.08,507600.5,448850385,true,completed
CV_h7s8n8.txt,BBLCT,8,7,40,40,600.0,1,2.5,3,7.5,3,354.48,505176.6,448850385,true,completed
CV_h7s8n9.txt,BBLCT,8,7,40,40,600.0,0,0.0,1,2.5,3,358.27,479560.6,448850385,true,completed
CV_h7s9n1.txt,BBLCT,9,7,45,45,600.0,0,0.0,1,2.2,3,332.82,595037.9,442274816,false,cpu_limit
CV_h7s9n10.txt,BBLCT,9,7,45,45,600.0,1,2.2,2,4.4,4,467.79,595040.4,416935936,false,cpu_limit
CV_h7s9n11.txt,BBLCT,9,7,45,45,600.0,1,2.2,3,6.7,5,578.20,595027.2,415230976,false,cpu_limit
CV_h7s9n12.txt,BBLCT,9,7,45,45,600.0,0,0.0,1,2.2,4,493.64,595031.2,461564928,false,cpu_limit
CV_h7s9n13.txt,BBLCT,9,7,45,45,600.0,1,2.2,1,2.2,0,0.00,595029.7,405011456,false,cpu_limit
CV_h7s9n14.txt,BBLCT,9,7,45,45,600.0,0,0.0,1,2.2,2,220.76,595036.2,423213056,false,cpu_limit
CV_h7s9n15.txt,BBLCT,9,7,45,45,600.0,0,0.0,5,11.1,5,556.75,595028.1,434607104,false,cpu_limit
CV_h7s9n16.txt,BBLCT,9,7,45,45,600.0,0,0.0,0,0.0,0,0.00,595026.3,444070912,false,cpu_limit
CV_h7s9n17.txt,BBLCT,9,7,45,45,600.0,0,0.0,1,2.2,2,221.51,595031.9,458267648,false,cpu_limit
CV_h7s9n18.txt,BBLCT,9,7,45,45,600.0,2,4.4,2,4.4,0,0.00,595026.6,413176832,false,cpu_limit
CV_h7s9n19.txt,BBLCT,9,7,45,45,600.0,0,0.0,1,2.2,4,460.30,595034.9,443404288,false,cpu_limit
CV_h7s9n2.txt,BBLCT,9,7,45,45,600.0,0,0.0,3,6.7,5,599.80,595032.5,449216512,false,cpu_limit
CV_h7s9n20.txt,BBLCT,9,7,45,45,600.0,0,0.0,3,6.7,4,433.78,595044.1,452261888,false,cpu_limit
CV_h7s9n21.txt,BBLCT,9,7,45,45,600.0,0,0.0,1,2.2,4,454.06,595029.5,460175360,false,cpu_limit
CV_h7s9n22.txt,BBLCT,9,7,45,45,600.0,0,0.0,3,6.7,5,590.71,595030.9,459151360,false,cpu_limit
CV_h7s9n23.txt,BBLCT,9,7,45,45,600.0,0,0.0,1,2.2,5,599.89,595028.1,458943488,false,cpu_limit
CV_h7s9n24.txt,BBLCT,9,7,45,45,600.0,0,0.0,2,4.4,3,321.15,595034.1,431666176,false,cpu_limit
CV_h7s9n25.txt,BBLCT,9,7,45,45,600.0,1,2.2,2,4.4,4,504.12,595032.1,434641920,false,cpu_limit
CV_h7s9n26.txt,BBLCT,9,7,45,45,600.0,0,0.0,3,6.7,4,434.80,595026.6,440832000,false,cpu_limit
CV_h7s9n27.txt,BBLCT,9,7,45,45,600.0,0,0.0,3,6.7,4,451.86,595028.2,437368832,false,cpu_limit
CV_h7s9n28.txt,BBLCT,9,7,45,45,600.0,1,2.2,3,6.7,1,109.17,595032.7,417858560,false,cpu_limit
CV_h7s9n29.txt,BBLCT,9,7,45,45,600.0,0,0.0,1,2.2,3,331.55,595035.2,448073728,false,cpu_limit
CV_h7s9n3.txt,BBLCT,9,7,45,45,600.0,0,0.0,2,4.4,5,578.13,595038.9,444060672,false,cpu_limit
CV_h7s9n30.txt,BBLCT,9,7,45,45,600.0,1,2.2,2,4.4,2,221.51,595037.1,427532288,false,cpu_limit
CV_h7s9n31.txt,BBLCT,9,7,45,45,600.0,0,0.0,3,6.7,4,465.62,595031.8,432311296,false,cpu_limit
CV_h7s9n32.txt,BBLCT,9,7,45,45,600.0,0,0.0,2,4.4,2,214.74,595035.6,436362240,false,cpu_limit
CV_h7s9n33.txt,BBLCT,9,7,45,45,600.0,0,0.0,0,0.0,0,0.00,595025.8,433524736,false,cpu_limit
CV_h7s9n34.txt,BBLCT,9,7,45,45,600.0,0,0.0,4,8.9,5,569.33,595030.4,434337792,false,cpu_limit
CV_h7s9n35.txt,BBLCT,9,7,45,45,600.0,0,0.0,1,2.2,2,208.74,595030.2,448009216,false,cpu_limit
CV_h7s9n36.txt,BBLCT,9,7,45,45,600.0,0,0.0,3,6.7,4,459.04,595032.1,440242176,false,cpu_limit
CV_h7s9n37.txt,BBLCT,9,7,45,45,600.0,1,2.2,2,4.4,3,354.48,595026.9,431031296,false,cpu_limit
CV_h7s9n38.txt,BBLCT,9,7,45,45,600.0,0,0.0,2,4.4,5,576.93,595031.1,423904256,false,cpu_limit
CV_h7s9n39.txt,BBLCT,9,7,45,45,600.0,1,2.2,2,4.4,3,342.04,595027.9,408960000,false,cpu_limit
CV_h7s9n4.txt,BBLCT,9,7,45,45,600.0,0,0.0,4,8.9,3,339.51,595028.7,441031680,false,cpu_limit
CV_h7s9n40.txt,BBLCT,9,7,45,45,600.0,0,0.0,2,4.4,4,492.38,595028.2,464623616,false,cpu_limit
CV_h7s9n5.txt,BBLCT,9,7,45,45,600.0,1,2.2,3,6.7,3,330.24,595034.6,433445888,false,cpu_limit
CV_h7s9n6.txt,BBLCT,9,7,45,45,600.0,1,2.2,4,8.9,4,447.76,595035.6,418714624,false,cpu_limit
CV_h7s9n7.txt,BBLCT,9,7,45,45,600.0,0,0.0,0,0.0,0,0.00,595035.1,447858688,false,cpu_limit
CV_h7s9n8.txt,BBLCT,9,7,45,45,600.0,0,0.0,4,8.9,4,459.04,595031.6,437091328,false,cpu_limit
CV_h7s9n9.txt,BBLCT,9,7,45,45,600.0,0,0.0,0,0.0,0,0.00,595035.7,456689664,false,cpu_limit
CV_h8s10n1.txt,BBLCT,10,8,60,60,600.0,0,0.0,2,3.3,5,566.73,595028.9,359725056,false,cpu_limit
CV_h8s10n10.txt,BBLCT,10,8,60,60,600.0,0,0.0,3,5.0,5,565.47,595029.2,369059840,false,cpu_limit
CV_h8s10n11.txt,BBLCT,10,8,60,60,600.0,0,0.0,0,0.0,0,0.00,595031.0,371347456,false,cpu_limit
CV_h8s10n12.txt,BBLCT,10,8,60,60,600.0,0,0.0,2,3.3,3,336.64,595037.7,368110592,false,cpu_limit
CV_h8s10n13.txt,BBLCT,10,8,60,60,600.0,0,0.0,0,0.0,0,0.00,595036.6,373341184,false,cpu_limit
CV_h8s10n14.txt,BBLCT,10,8,60,60,600.0,0,0.0,1,1.7,4,497.74,595033.2,377869312,false,cpu_limit
CV_h8s10n15.txt,BBLCT,10,8,60,60,600.0,0,0.0,1,1.7,4,461.76,595025.4,375674880,false,cpu_limit
CV_h8s10n16.txt,BBLCT,10,8,60,60,600.0,0,0.0,1,1.7,4,455.36,595027.0,371259392,false,cpu_limit
CV_h8s10n17.txt,BBLCT,10,8,60,60,600.0,0,0.0,1,1.7,4,462.40,595025.9,362963968,false,cpu_limit
CV_h8s10n18.txt,BBLCT,10,8,60,60,600.0,0,0.0,1,1.7,4,471.15,595031.7,350875648,false,cpu_limit
CV_h8s10n19.txt,BBLCT,10,8,60,60,600.0,0,0.0,2,3.3,4,440.80,595031.1,349869056,false,cpu_limit
CV_h8s10n2.txt,BBLCT,10,8,60,60,600.0,0,0.0,4,6.7,5,541.34,595036.3,367478784,false,cpu_limit
CV_h8s10n20.txt,BBLCT,10,8,60,60,600.0,1,1.7,3,5.0,4,484.32,595035.6,329812992,false,cpu_limit
CV_h8s10n21.txt,BBLCT,10,8,60,60,600.0,0,0.0,2,3.3,5,573.14,595029.4,375930880,false,cpu_limit
CV_h8s10n22.txt,BBLCT,10,8,60,60,600.0,0,0.0,1,1.7,4,455.36,595034.3,370318336,false,cpu_limit
CV_h8s10n23.txt,BBLCT,10,8,60,60,600.0,0,0.0,0,0.0,0,0.00,595029.4,373909504,false,cpu_limit
CV_h8s10n24.txt,BBLCT,10,8,60,60,600.0,0,0.0,2,3.3,4,455.36,595026.5,364303360,false,cpu_limit
CV_h8s10n25.txt,BBLCT,10,8,60,60,600.0,1,1.7,4,6.7,5,569.08,595031.1,343914496,false,cpu_limit
CV_h8s10n26.txt,BBLCT,10,8,60,60,600.0,1,1.7,3,5.0,4,434.92,595032.5,340045824,false,cpu_limit
CV_h8s10n27.txt,BBLCT,10,8,60,60,600.0,1,1.7,2,3.3,3,334.08,595031.3,337437696,false,cpu_limit
CV_h8s10n28.txt,BBLCT,10,8,60,60,600.0,0,0.0,1,1.7,5,599.89,595031.1,370938880,false,cpu_limit
CV_h8s10n29.txt,BBLCT,10,8,60,60,600.0,0,0.0,0,0.0,0,0.00,595038.0,352882688,false,cpu_limit
CV_h8s10n3.txt,BBLCT,10,8,60,60,600.0,0,0.0,2,3.3,4,429.82,595031.3,369984512,false,cpu_limit
CV_h8s10n30.txt,BBLCT,10,8,60,60,600.0,0,0.0,2,3.3,5,565.47,595034.8,362759168,false,cpu_limit
CV_h8s10n31.txt,BBLCT,10,8,60,60,600.0,1,1.7,3,5.0,4,457.71,595041.3,330516480,false,cpu_limit
CV_h8s10n32.txt,BBLCT,10,8,60,60,600.0,0,0.0,1,1.7,4,464.75,595028.2,357572608,false,cpu_limit
CV_h8s10n33.txt,BBLCT,10,8,60,60,600.0,0,0.0,1,1.7,3,335.34,595032.1,353479680,false,cpu_limit
CV_h8s10n34.txt,BBLCT,10,8,60,60,600.0,0,0.0,1,1.7,2,210.05,595031.5,368420864,false,cpu_limit
CV_h8s10n35.txt,BBLCT,10,8,60,60,600.0,1,1.7,5,8.3,4,433.87,595031.9,348928000,false,cpu_limit
CV_h8s10n36.txt,BBLCT,10,8,60,60,600.0,0,0.0,1,1.7,4,497.74,595026.7,377277440,false,cpu_limit
CV_h8s10n37.txt,BBLCT,10,8,60,60,600.0,0,0.0,0,0.0,0,0.00,595032.9,354613248,false,cpu_limit
CV_h8s10n38.txt,BBLCT,10,8,60,60,600.0,0,0.0,0,0.0,0,0.00,595031.6,378371072,false,cpu_limit
CV_h8s10n39.txt,BBLCT,10,8,60,60,600.0,0,0.0,0,0.0,0,0.00,595025.1,368602112,false,cpu_limit
CV_h8s10n4.txt,BBLCT,10,8,60,60,600.0,0,0.0,1,1.7,4,461.76,595025.5,376690688,false,cpu_limit
CV_h8s10n40.txt,BBLCT,10,8,60,60,600.0,0,0.0,1,1.7,3,336.61,595032.0,351015936,false,cpu_limit
CV_h8s10n5.txt,BBLCT,10,8,60,60,600.0,0,0.0,1,1.7,4,464.75,595033.5,358371328,false,cpu_limit
CV_h8s10n6.txt,BBLCT,10,8,60,60,600.0,0,0.0,2,3.3,5,580.66,595028.1,365728768,false,cpu_limit
CV_h8s10n7.txt,BBLCT,10,8,60,60,600.0,0,0.0,0,0.0,0,0.00,595031.8,359428096,false,cpu_limit
CV_h8s10n8.txt,BBLCT,10,8,60,60,600.0,1,1.7,2,3.3,4,467.10,595034.2,340411392,false,cpu_limit
CV_h8s10n9.txt,BBLCT,10,8,60,60,600.0,1,1.7,3,5.0,2,217.09,595032.6,334333952,false,cpu_limit
CV_h8s6n1.txt,BBLCT,6,8,36,36,600.0,0,0.0,2,5.6,4,459.38,15196.5,23082241,true,completed
CV_h8s6n10.txt,BBLCT,6,8,36,36,600.0,1,2.8,5,13.9,4,439.95,15607.1,23082241,true,completed
CV_h8s6n11.txt,BBLCT,6,8,36,36,600.0,0,0.0,1,2.8,4,496.17,14701.2,23082241,true,completed
CV_h8s6n12.txt,BBLCT,6,8,36,36,600.0,1,2.8,3,8.3,3,331.55,16155.3,23082241,true,completed
CV_h8s6n13.txt,BBLCT,6,8,36,36,600.0,0,0.0,5,13.9,5,550.13,14938.4,23082241,true,completed
CV_h8s6n14.txt,BBLCT,6,8,36,36,600.0,0,0.0,5,13.9,5,577.90,14746.0,23082241,true,completed
CV_h8s6n15.txt,BBLCT,6,8,36,36,600.0,0,0.0,1,2.8,4,492.38,13610.6,23082241,true,completed
CV_h8s6n16.txt,BBLCT,6,8,36,36,600.0,0,0.0,2,5.6,5,582.10,14884.9,23082241,true,completed
CV_h8s6n17.txt,BBLCT,6,8,36,36,600.0,0,0.0,2,5.6,3,363.59,15239.5,23082241,true,completed
CV_h8s6n18.txt,BBLCT,6,8,36,36,600.0,1,2.8,2,5.6,2,225.30,15844.6,23082241,true,completed
CV_h8s6n19.txt,BBLCT,6,8,36,36,600.0,0,0.0,1,2.8,3,358.27,14723.4,23082241,true,completed
CV_h8s6n2.txt,BBLCT,6,8,36,36,600.0,0,0.0,1,2.8,4,493.64,13844.3,23082241,true,completed
CV_h8s6n20.txt,BBLCT,6,8,36,36,600.0,0,0.0,2,5.6,5,579.50,13853.1,23082241,true,completed
CV_h8s6n21.txt,BBLCT,6,8,36,36,600.0,0,0.0,1,2.8,4,504.12,15209.9,23082241,true,completed
CV_h8s6n22.txt,BBLCT,6,8,36,36,600.0,0,0.0,1,2.8,3,355.75,13872.1,23082241,true,completed
CV_h8s6n23.txt,BBLCT,6,8,36,36,600.0,1,2.8,5,13.9,4,460.06,16662.8,23082241,true,completed
CV_h8s6n24.txt,BBLCT,6,8,36,36,600.0,0,0.0,0,0.0,0,0.00,14142.0,23082241,true,completed
CV_h8s6n25.txt,BBLCT,6,8,36,36,600.0,0,0.0,1,2.8,3,357.01,14133.6,23082241,true,completed
CV_h8s6n26.txt,BBLCT,6,8,36,36,600.0,0,0.0,1,2.8,4,492.38,13627.3,23082241,true,completed
CV_h8s6n27.txt,BBLCT,6,8,36,36,600.0,0,0.0,1,2.8,4,496.17,14689.1,23082241,true,completed
CV_h8s6n28.txt,BBLCT,6,8,36,36,600.0,0,0.0,4,11.1,3,323.85,16133.8,23082241,true,completed
CV_h8s6n29.txt,BBLCT,6,8,36,36,600.0,0,0.0,1,2.8,4,492.38,13610.9,23082241,true,completed
CV_h8s6n3.txt,BBLCT,6,8,36,36,600.0,0,0.0,0,0.0,0,0.00,13557.3,23082241,true,completed
CV_h8s6n30.txt,BBLCT,6,8,36,36,600.0,0,0.0,1,2.8,4,497.74,13451.3,23082241,true,completed
CV_h8s6n31.txt,BBLCT,6,8,36,36,600.0,0,0.0,1,2.8,3,355.75,13910.0,23082241,true,completed
CV_h8s6n32.txt,BBLCT,6,8,36,36,600.0,0,0.0,2,5.6,3,343.03,15424.3,23082241,true,completed
CV_h8s6n33.txt,BBLCT,6,8,36,36,600.0,0,0.0,3,8.3,2,210.00,15656.1,23082241,true,completed
CV_h8s6n34.txt,BBLCT,6,8,36,36,600.0,0,0.0,0,0.0,0,0.00,15101.5,23082241,true,completed
CV_h8s6n35.txt,BBLCT,6,8,36,36,600.0,1,2.8,2,5.6,4,496.17,15768.4,23082241,true,completed
CV_h8s6n36.txt,BBLCT,6,8,36,36,600.0,1,2.8,2,5.6,1,110.47,15618.4,23082241,true,completed
CV_h8s6n37.txt,BBLCT,6,8,36,36,600.0,1,2.8,2,5.6,4,504.12,15930.1,23082241,true,completed
CV_h8s6n38.txt,BBLCT,6,8,36,36,600.0,0,0.0,3,8.3,4,497.74,13360.3,23082241,true,completed
CV_h8s6n39.txt,BBLCT,6,8,36,36,600.0,0,0.0,2,5.6,3,358.13,13392.4,23082241,true,completed
CV_h8s6n4.txt,BBLCT,6,8,36,36,600.0,0,0.0,1,2.8,4,494.90,14118.6,23082241,true,completed
CV_h8s6n40.txt,BBLCT,6,8,36,36,600.0,0,0.0,0,0.0,0,0.00,13338.8,23082241,true,completed
CV_h8s6n5.txt,BBLCT,6,8,36,36,600.0,0,0.0,0,0.0,0,0.00,13336.1,23082241,true,completed
CV_h8s6n6.txt,BBLCT,6,8,36,36,600.0,1,2.8,1,2.8,0,0.00,15067.9,23082241,true,completed
CV_h8s6n7.txt,BBLCT,6,8,36,36,600.0,0,0.0,2,5.6,4,442.55,14200.9,23082241,true,completed
CV_h8s6n8.txt,BBLCT,6,8,36,36,600.0,0,0.0,2,5.6,1,109.17,14923.8,23082241,true,completed
CV_h8s6n9.txt,BBLCT,6,8,36,36,600.0,0,0.0,1,2.8,4,494.90,14098.5,23082241,true,completed
CV_h12s10n1.txt,BBLCT,10,12,100,100,900.0,0,0.0,0,0.0,0,0.00,595035.0,349614080,false,cpu_limit
CV_h12s10n10.txt,BBLCT,10,12,100,100,900.0,1,1.0,1,1.0,0,0.00,595030.8,334148608,false,cpu_limit
CV_h12s10n11.txt,BBLCT,10,12,100,100,900.0,0,0.0,0,0.0,0,0.00,595039.3,379483136,false,cpu_limit
CV_h12s10n12.txt,BBLCT,10,12,100,100,900.0,0,0.0,0,0.0,0,0.00,595038.5,379847680,false,cpu_limit
CV_h12s10n13.txt,BBLCT,10,12,100,100,900.0,0,0.0,2,2.0,5,546.60,595029.9,362392576,false,cpu_limit
CV_h12s10n14.txt,BBLCT,10,12,100,100,900.0,0,0.0,2,2.0,6,724.05,595038.7,354140160,false,cpu_limit
CV_h12s10n15.txt,BBLCT,10,12,100,100,900.0,0,0.0,0,0.0,0,0.00,595033.5,373439488,false,cpu_limit
CV_h12s10n16.txt,BBLCT,10,12,100,100,900.0,0,0.0,1,1.0,6,706.15,595032.5,363311104,false,cpu_limit
CV_h12s10n17.txt,BBLCT,10,12,100,100,900.0,0,0.0,0,0.0,0,0.00,595030.3,358795264,false,cpu_limit
CV_h12s10n18.txt,BBLCT,10,12,100,100,900.0,0,0.0,0,0.0,0,0.00,595029.0,388717568,false,cpu_limit
CV_h12s10n19.txt,BBLCT,10,12,100,100,900.0,0,0.0,0,0.0,0,0.00,595031.7,350502912,false,cpu_limit
CV_h12s10n2.txt,BBLCT,10,12,100,100,900.0,0,0.0,3,3.0,5,542.37,595028.4,338288640,false,cpu_limit
CV_h12s10n20.txt,BBLCT,10,12,100,100,900.0,0,0.0,1,1.0,5,543.64,595030.6,339698688,false,cpu_limit
CV_h12s10n21.txt,BBLCT,10,12,100,100,900.0,0,0.0,0,0.0,0,0.00,595028.2,388918272,false,cpu_limit
CV_h12s10n22.txt,BBLCT,10,12,100,100,900.0,0,0.0,0,0.0,0,0.00,595033.2,358473728,false,cpu_limit
CV_h12s10n23.txt,BBLCT,10,12,100,100,900.0,0,0.0,0,0.0,0,0.00,595032.9,360336384,false,cpu_limit
CV_h12s10n24.txt,BBLCT,10,12,100,100,900.0,0,0.0,0,0.0,0,0.00,595029.9,359625728,false,cpu_limit
CV_h12s10n25.txt,BBLCT,10,12,100,100,900.0,0,0.0,0,0.0,0,0.00,595035.3,380873728,false,cpu_limit
CV_h12s10n26.txt,BBLCT,10,12,100,100,900.0,1,1.0,1,1.0,0,0.00,595034.7,336760832,false,cpu_limit
CV_h12s10n27.txt,BBLCT,10,12,100,100,900.0,0,0.0,0,0.0,0,0.00,595039.4,378413056,false,cpu_limit
CV_h12s10n28.txt,BBLCT,10,12,100,100,900.0,0,0.0,0,0.0,0,0.00,595037.7,385203200,false,cpu_limit
CV_h12s10n29.txt,BBLCT,10,12,100,100,900.0,0,0.0,2,2.0,7,805.65,595033.2,341566464,false,cpu_limit
CV_h12s10n3.txt,BBLCT,10,12,100,100,900.0,0,0.0,3,3.0,7,860.85,595031.9,368011264,false,cpu_limit
CV_h12s10n30.txt,BBLCT,10,12,100,100,900.0,0,0.0,0,0.0,0,0.00,595036.9,361134080,false,cpu_limit
CV_h12s10n31.txt,BBLCT,10,12,100,100,900.0,1,1.0,1,1.0,0,0.00,595035.0,349743104,false,cpu_limit
CV_h12s10n32.txt,BBLCT,10,12,100,100,900.0,1,1.0,1,1.0,0,0.00,595031.5,340304896,false,cpu_limit
CV_h12s10n33.txt,BBLCT,10,12,100,100,900.0,0,0.0,0,0.0,0,0.00,595039.1,384722944,false,cpu_limit
CV_h12s10n34.txt,BBLCT,10,12,100,100,900.0,0,0.0,0,0.0,0,0.00,595031.6,355217408,false,cpu_limit
CV_h12s10n35.txt,BBLCT,10,12,100,100,900.0,1,1.0,1,1.0,0,0.00,595032.8,347122688,false,cpu_limit
CV_h12s10n36.txt,BBLCT,10,12,100,100,900.0,0,0.0,2,2.0,8,891.88,595034.2,369420288,false,cpu_limit
CV_h12s10n37.txt,BBLCT,10,12,100,100,900.0,4,4.0,4,4.0,0,0.00,595045.7,309757952,false,cpu_limit
CV_h12s10n38.txt,BBLCT,10,12,100,100,900.0,0,0.0,0,0.0,0,0.00,595031.4,360877056,false,cpu_limit
CV_h12s10n39.txt,BBLCT,10,12,100,100,900.0,0,0.0,0,0.0,0,0.00,595037.5,364451840,false,cpu_limit
CV_h12s10n4.txt,BBLCT,10,12,100,100,900.0,0,0.0,0,0.0,0,0.00,595036.0,373402624,false,cpu_limit
CV_h12s10n40.txt,BBLCT,10,12,100,100,900.0,1,1.0,1,1.0,0,0.00,595032.6,339102720,false,cpu_limit
CV_h12s10n5.txt,BBLCT,10,12,100,100,900.0,0,0.0,0,0.0,0,0.00,595030.0,377952256,false,cpu_limit
CV_h12s10n6.txt,BBLCT,10,12,100,100,900.0,0,0.0,1,1.0,4,455.36,595031.0,354244608,false,cpu_limit
CV_h12s10n7.txt,BBLCT,10,12,100,100,900.0,0,0.0,0,0.0,0,0.00,595030.4,351713280,false,cpu_limit
CV_h12s10n8.txt,BBLCT,10,12,100,100,900.0,0,0.0,1,1.0,7,849.06,595037.6,369650688,false,cpu_limit
CV_h12s10n9.txt,BBLCT,10,12,100,100,900.0,0,0.0,0,0.0,0,0.00,595039.2,378665984,false,cpu_limit
CV_h12s6n1.txt,BBLCT,6,12,60,60,900.0,0,0.0,0,0.0,0,0.00,595030.2,976757760,false,cpu_limit
CV_h12s6n10.txt,BBLCT,6,12,60,60,900.0,0,0.0,0,0.0,0,0.00,595031.0,951379968,false,cpu_limit
CV_h12s6n11.txt,BBLCT,6,12,60,60,900.0,0,0.0,1,1.7,6,713.50,595027.3,886935552,false,cpu_limit
CV_h12s6n12.txt,BBLCT,6,12,60,60,900.0,0,0.0,1,1.7,7,886.37,595032.6,861310976,false,cpu_limit
CV_h12s6n13.txt,BBLCT,6,12,60,60,900.0,0,0.0,0,0.0,0,0.00,595034.7,902249472,false,cpu_limit
CV_h12s6n14.txt,BBLCT,6,12,60,60,900.0,0,0.0,2,3.3,6,762.23,595032.1,871196672,false,cpu_limit
CV_h12s6n15.txt,BBLCT,6,12,60,60,900.0,0,0.0,0,0.0,0,0.00,595034.7,867198976,false,cpu_limit
CV_h12s6n16.txt,BBLCT,6,12,60,60,900.0,0,0.0,2,3.3,7,887.64,595027.1,860793856,false,cpu_limit
CV_h12s6n17.txt,BBLCT,6,12,60,60,900.0,1,1.7,2,3.3,6,833.76,595033.4,852281344,false,cpu_limit
CV_h12s6n18.txt,BBLCT,6,12,60,60,900.0,1,1.7,2,3.3,6,851.62,595035.3,859681792,false,cpu_limit
CV_h12s6n19.txt,BBLCT,6,12,60,60,900.0,0,0.0,0,0.0,0,0.00,595039.7,868214784,false,cpu_limit
CV_h12s6n2.txt,BBLCT,6,12,60,60,900.0,0,0.0,1,1.7,6,833.76,595030.2,996331520,false,cpu_limit
CV_h12s6n20.txt,BBLCT,6,12,60,60,900.0,0,0.0,1,1.7,7,873.39,595037.1,923991040,false,cpu_limit
CV_h12s6n21.txt,BBLCT,6,12,60,60,900.0,0,0.0,4,6.7,7,793.16,595027.0,904619008,false,cpu_limit
CV_h12s6n22.txt,BBLCT,6,12,60,60,900.0,0,0.0,2,3.3,7,814.93,595041.6,931506176,false,cpu_limit
CV_h12s6n23.txt,BBLCT,6,12,60,60,900.0,0,0.0,2,3.3,6,717.51,595035.3,878015488,false,cpu_limit
CV_h12s6n24.txt,BBLCT,6,12,60,60,900.0,0,0.0,1,1.7,6,721.45,595033.3,859170816,false,cpu_limit
CV_h12s6n25.txt,BBLCT,6,12,60,60,900.0,0,0.0,3,5.0,7,834.24,595033.9,988307456,false,cpu_limit
CV_h12s6n26.txt,BBLCT,6,12,60,60,900.0,0,0.0,2,3.3,6,735.52,595027.0,862699520,false,cpu_limit
CV_h12s6n27.txt,BBLCT,6,12,60,60,900.0,0,0.0,2,3.3,4,455.36,595030.3,935615488,false,cpu_limit
CV_h12s6n28.txt,BBLCT,6,12,60,60,900.0,0,0.0,1,1.7,7,882.43,595027.0,950636544,false,cpu_limit
CV_h12s6n29.txt,BBLCT,6,12,60,60,900.0,0,0.0,0,0.0,0,0.00,595032.3,926564352,false,cpu_limit
CV_h12s6n3.txt,BBLCT,6,12,60,60,900.0,0,0.0,0,0.0,0,0.00,595033.4,977616896,false,cpu_limit
CV_h12s6n30.txt,BBLCT,6,12,60,60,900.0,0,0.0,1,1.7,4,497.74,595037.9,994619392,false,cpu_limit
CV_h12s6n31.txt,BBLCT,6,12,60,60,900.0,0,0.0,0,0.0,0,0.00,595032.6,979221504,false,cpu_limit
CV_h12s6n32.txt,BBLCT,6,12,60,60,900.0,0,0.0,1,1.7,6,717.51,595036.7,944083968,false,cpu_limit
CV_h12s6n33.txt,BBLCT,6,12,60,60,900.0,0,0.0,1,1.7,5,579.50,595032.3,859766784,false,cpu_limit
CV_h12s6n34.txt,BBLCT,6,12,60,60,900.0,0,0.0,0,0.0,0,0.00,595031.4,922588160,false,cpu_limit
CV_h12s6n35.txt,BBLCT,6,12,60,60,900.0,0,0.0,0,0.0,0,0.00,595030.4,955833344,false,cpu_limit
CV_h12s6n36.txt,BBLCT,6,12,60,60,900.0,0,0.0,1,1.7,5,662.66,595037.2,996302848,false,cpu_limit
CV_h12s6n37.txt,BBLCT,6,12,60,60,900.0,0,0.0,6,10.0,7,857.17,595028.9,990684160,false,cpu_limit
CV_h12s6n38.txt,BBLCT,6,12,60,60,900.0,1,1.7,1,1.7,0,0.00,595028.1,815251456,false,cpu_limit
CV_h12s6n39.txt,BBLCT,6,12,60,60,900.0,0,0.0,5,8.3,8,897.49,595026.3,822636544,false,cpu_limit
CV_h12s6n4.txt,BBLCT,6,12,60,60,900.0,0,0.0,0,0.0,0,0.00,595026.3,955570176,false,cpu_limit
CV_h12s6n40.txt,BBLCT,6,12,60,60,900.0,0,0.0,0,0.0,0,0.00,595032.8,863079424,false,cpu_limit
CV_h12s6n5.txt,BBLCT,6,12,60,60,900.0,0,0.0,2,3.3,6,712.23,595028.3,926320640,false,cpu_limit
CV_h12s6n6.txt,BBLCT,6,12,60,60,900.0,0,0.0,2,3.3,6,712.23,595034.0,914509824,false,cpu_limit
CV_h12s6n7.txt,BBLCT,6,12,60,60,900.0,0,0.0,0,0.0,0,0.00,595030.8,1002121216,false,cpu_limit
CV_h12s6n8.txt,BBLCT,6,12,60,60,900.0,0,0.0,0,0.0,0,0.00,595029.6,1001630720,false,cpu_limit
CV_h12s6n9.txt,BBLCT,6,12,60,60,900.0,0,0.0,1,1.7,5,543.64,595033.0,965364736,false,cpu_limit
CV_h5s3n1.txt,BBLCT,3,5,9,9,900.0,1,11.1,4,44.4,7,798.65,221.4,921304,true,completed
CV_h5s3n10.txt,BBLCT,3,5,9,9,900.0,0,0.0,5,55.6,7,768.00,210.0,921304,true,completed
CV_h5s3n11.txt,BBLCT,3,5,9,9,900.0,2,22.2,9,100.0,7,792.89,235.4,921299,true,completed
CV_h5s3n12.txt,BBLCT,3,5,9,9,900.0,0,0.0,7,77.8,7,794.33,210.0,921304,true,completed
CV_h5s3n13.txt,BBLCT,3,5,9,9,900.0,0,0.0,3,33.3,4,473.87,207.8,921304,true,completed
CV_h5s3n14.txt,BBLCT,3,5,9,9,900.0,0,0.0,5,55.6,7,809.09,209.8,921304,true,completed
CV_h5s3n15.txt,BBLCT,3,5,9,9,900.0,0,0.0,4,44.4,8,866.97,214.0,921304,true,completed
CV_h5s3n16.txt,BBLCT,3,5,9,9,900.0,0,0.0,4,44.4,7,773.78,208.8,921304,true,completed
CV_h5s3n17.txt,BBLCT,3,5,9,9,900.0,2,22.2,3,33.3,2,229.47,230.8,921304,true,completed
CV_h5s3n18.txt,BBLCT,3,5,9,9,900.0,0,0.0,9,100.0,7,789.02,232.2,921282,true,completed
CV_h5s3n19.txt,BBLCT,3,5,9,9,900.0,0,0.0,4,44.4,8,884.62,211.7,921304,true,completed
CV_h5s3n2.txt,BBLCT,3,5,9,9,900.0,0,0.0,6,66.7,6,731.35,216.2,921304,true,completed
CV_h5s3n20.txt,BBLCT,3,5,9,9,900.0,0,0.0,5,55.6,8,884.62,209.5,921304,true,completed
CV_h5s3n21.txt,BBLCT,3,5,9,9,900.0,1,11.1,3,33.3,7,798.65,217.7,921304,true,completed
CV_h5s3n22.txt,BBLCT,3,5,9,9,900.0,2,22.2,4,44.4,5,571.16,233.6,921304,true,completed
CV_h5s3n23.txt,BBLCT,3,5,9,9,900.0,0,0.0,4,44.4,7,801.40,211.9,921304,true,completed
CV_h5s3n24.txt,BBLCT,3,5,9,9,900.0,1,11.1,4,44.4,7,769.68,225.6,921304,true,completed
CV_h5s3n25.txt,BBLCT,3,5,9,9,900.0,0,0.0,4,44.4,7,801.40,205.9,921304,true,completed
CV_h5s3n26.txt,BBLCT,3,5,9,9,900.0,0,0.0,9,100.0,5,596.84,209.9,920580,true,completed
CV_h5s3n27.txt,BBLCT,3,5,9,9,900.0,0,0.0,9,100.0,8,866.97,217.8,921304,true,completed
CV_h5s3n28.txt,BBLCT,3,5,9,9,900.0,0,0.0,4,44.4,5,599.66,218.0,921304,true,completed
CV_h5s3n29.txt,BBLCT,3,5,9,9,900.0,0,0.0,5,55.6,6,731.35,210.2,921304,true,completed
CV_h5s3n3.txt,BBLCT,3,5,9,9,900.0,0,0.0,9,100.0,2,225.78,178.7,764410,true,completed
CV_h5s3n30.txt,BBLCT,3,5,9,9,900.0,0,0.0,5,55.6,4,440.44,218.0,921304,true,completed
CV_h5s3n31.txt,BBLCT,3,5,9,9,900.0,0,0.0,9,100.0,8,880.83,202.7,921304,true,completed
CV_h5s3n32.txt,BBLCT,3,5,9,9,900.0,1,11.1,9,100.0,5,540.38,226.3,919178,true,completed
CV_h5s3n33.txt,BBLCT,3,5,9,9,900.0,1,11.1,9,100.0,7,791.66,226.7,921301,true,completed
CV_h5s3n34.txt,BBLCT,3,5,9,9,900.0,0,0.0,3,33.3,7,798.65,210.4,921304,true,completed
CV_h5s3n35.txt,BBLCT,3,5,9,9,900.0,0,0.0,5,55.6,4,473.87,209.7,921304,true,completed
CV_h5s3n36.txt,BBLCT,3,5,9,9,900.0,0,0.0,3,33.3,6,724.81,209.6,921304,true,completed
CV_h5s3n37.txt,BBLCT,3,5,9,9,900.0,0,0.0,5,55.6,7,801.40,212.9,921304,true,completed
CV_h5s3n38.txt,BBLCT,3,5,9,9,900.0,0,0.0,6,66.7,6,718.73,220.0,921304,true,completed
CV_h5s3n39.txt,BBLCT,3,5,9,9,900.0,9,100.0,9,100.0,0,0.00,0.1,1,true,completed
CV_h5s3n4.txt,BBLCT,3,5,9,9,900.0,1,11.1,9,100.0,7,768.26,226.6,921295,true,completed
CV_h5s3n40.txt,BBLCT,3,5,9,9,900.0,1,11.1,5,55.6,8,893.41,226.0,921304,true,completed
CV_h5s3n5.txt,BBLCT,3,5,9,9,900.0,4,44.4,9,100.0,4,426.62,241.8,910487,true,completed
CV_h5s3n6.txt,BBLCT,3,5,9,9,900.0,0,0.0,7,77.8,7,841.31,209.9,921304,true,completed
CV_h5s3n7.txt,BBLCT,3,5,9,9,900.0,0,0.0,9,100.0,8,886.31,206.0,921304,true,completed
CV_h5s3n8.txt,BBLCT,3,5,9,9,900.0,1,11.1,9,100.0,6,636.39,233.7,921001,true,completed
CV_h5s3n9.txt,BBLCT,3,5,9,9,900.0,0,0.0,3,33.3,6,736.86,202.4,921304,true,completed
CV_h5s4n1.txt,BBLCT,4,5,12,12,900.0,2,16.7,6,50.0,5,553.14,78810.6,213837022,true,completed
CV_h5s4n10.txt,BBLCT,4,5,12,12,900.0,0,0.0,3,25.0,4,439.95,68056.8,213837022,true,completed
CV_h5s4n11.txt,BBLCT,4,5,12,12,900.0,1,8.3,5,41.7,6,722.30,72442.0,213837022,true,completed
CV_h5s4n12.txt,BBLCT,4,5,12,12,900.0,1,8.3,10,83.3,8,892.29,73276.9,213837022,true,completed
CV_h5s4n13.txt,BBLCT,4,5,12,12,900.0,1,8.3,12,100.0,5,552.03,73457.8,213740253,true,completed
CV_h5s4n14.txt,BBLCT,4,5,12,12,900.0,0,0.0,5,41.7,7,837.51,68246.3,213837022,true,completed
CV_h5s4n15.txt,BBLCT,4,5,12,12,900.0,0,0.0,8,66.7,5,565.95,72888.4,213837022,true,completed
CV_h5s4n16.txt,BBLCT,4,5,12,12,900.0,0,0.0,3,25.0,4,447.82,68271.0,213837022,true,completed
CV_h5s4n17.txt,BBLCT,4,5,12,12,900.0,0,0.0,12,100.0,7,797.89,72107.3,213837014,true,completed
CV_h5s4n18.txt,BBLCT,4,5,12,12,900.0,0,0.0,6,50.0,6,713.25,69837.6,213837022,true,completed
CV_h5s4n19.txt,BBLCT,4,5,12,12,900.0,0,0.0,7,58.3,7,837.51,70779.4,213837022,true,completed
CV_h5s4n2.txt,BBLCT,4,5,12,12,900.0,0,0.0,12,100.0,7,810.91,72164.2,213837012,true,completed
CV_h5s4n20.txt,BBLCT,4,5,12,12,900.0,0,0.0,9,75.0,8,894.52,67509.9,213837022,true,completed
CV_h5s4n21.txt,BBLCT,4,5,12,12,900.0,1,8.3,6,50.0,7,859.24,76042.6,213837022,true,completed
CV_h5s4n22.txt,BBLCT,4,5,12,12,900.0,0,0.0,6,50.0,5,545.03,69550.2,213837022,true,completed
CV_h5s4n23.txt,BBLCT,4,5,12,12,900.0,3,25.0,12,100.0,7,810.26,78648.8,213837013,true,completed
CV_h5s4n24.txt,BBLCT,4,5,12,12,900.0,0,0.0,5,41.7,7,822.03,74350.4,213837022,true,completed
CV_h5s4n25.txt,BBLCT,4,5,12,12,900.0,0,0.0,6,50.0,6,712.92,68288.5,213837022,true,completed
CV_h5s4n26.txt,BBLCT,4,5,12,12,900.0,1,8.3,12,100.0,8,896.26,74812.9,213837022,true,completed
CV_h5s4n27.txt,BBLCT,4,5,12,12,900.0,4,33.3,12,100.0,5,506.62,80053.3,213578550,true,completed
CV_h5s4n28.txt,BBLCT,4,5,12,12,900.0,0,0.0,4,33.3,6,746.76,67615.5,213837022,true,completed
CV_h5s4n29.txt,BBLCT,4,5,12,12,900.0,0,0.0,4,33.3,5,562.77,69032.1,213837022,true,completed
CV_h5s4n3.txt,BBLCT,4,5,12,12,900.0,1,8.3,6,50.0,5,560.62,75145.8,213837022,true,completed
CV_h5s4n30.txt,BBLCT,4,5,12,12,900.0,0,0.0,6,50.0,7,828.57,69159.8,213837022,true,completed
CV_h5s4n31.txt,BBLCT,4,5,12,12,900.0,0,0.0,12,100.0,8,898.08,72419.6,213837022,true,completed
CV_h5s4n32.txt,BBLCT,4,5,12,12,900.0,0,0.0,2,16.7,4,456.62,70138.5,213837022,true,completed
CV_h5s4n33.txt,BBLCT,4,5,12,12,900.0,0,0.0,4,33.3,5,645.68,70179.8,213837022,true,completed
CV_h5s4n34.txt,BBLCT,4,5,12,12,900.0,0,0.0,6,50.0,6,660.27,71500.2,213837022,true,completed
CV_h5s4n35.txt,BBLCT,4,5,12,12,900.0,1,8.3,8,66.7,4,462.25,73078.5,213837022,true,completed
CV_h5s4n36.txt,BBLCT,4,5,12,12,900.0,0,0.0,4,33.3,6,684.67,68557.9,213837022,true,completed
CV_h5s4n37.txt,BBLCT,4,5,12,12,900.0,3,25.0,7,58.3,5,590.02,78739.8,213837022,true,completed
CV_h5s4n38.txt,BBLCT,4,5,12,12,900.0,2,16.7,12,100.0,7,782.28,76346.3,213836950,true,completed
CV_h5s4n39.txt,BBLCT,4,5,12,12,900.0,0,0.0,12,100.0,7,805.51,67799.3,213837022,true,completed
CV_h5s4n4.txt,BBLCT,4,5,12,12,900.0,0,0.0,12,100.0,6,717.36,71898.5,213836911,true,completed
CV_h5s4n40.txt,BBLCT,4,5,12,12,900.0,0,0.0,12,100.0,8,896.01,73761.8,213837022,true,completed
CV_h5s4n5.txt,BBLCT,4,5,12,12,900.0,1,8.3,7,58.3,6,731.35,75308.8,213837022,true,completed
CV_h5s4n6.txt,BBLCT,4,5,12,12,900.0,0,0.0,5,41.7,7,788.38,67986.4,213837022,true,completed
CV_h5s4n7.txt,BBLCT,4,5,12,12,900.0,0,0.0,3,25.0,5,575.71,70682.6,213837022,true,completed
CV_h5s4n8.txt,BBLCT,4,5,12,12,900.0,2,16.7,8,66.7,6,655.28,78061.6,213837022,true,completed
CV_h5s4n9.txt,BBLCT,4,5,12,12,900.0,0,0.0,12,100.0,6,723.76,69749.6,213836977,true,completed
CV_h5s5n1.txt,BBLCT,5,5,15,15,900.0,1,6.7,8,53.3,8,893.46,595033.8,1228495872,false,cpu_limit
CV_h5s5n10.txt,BBLCT,5,5,15,15,900.0,3,20.0,13,86.7,7,799.49,595031.8,1169769472,false,cpu_limit
CV_h5s5n11.txt,BBLCT,5,5,15,15,900.0,0,0.0,2,13.3,5,559.20,595032.0,1385623552,false,cpu_limit
CV_h5s5n12.txt,BBLCT,5,5,15,15,900.0,0,0.0,8,53.3,7,820.40,595032.1,1344463872,false,cpu_limit
CV_h5s5n13.txt,BBLCT,5,5,15,15,900.0,0,0.0,5,33.3,7,783.28,595031.8,1334272000,false,cpu_limit
CV_h5s5n14.txt,BBLCT,5,5,15,15,900.0,0,0.0,13,86.7,8,874.28,595026.6,1321240576,false,cpu_limit
CV_h5s5n15.txt,BBLCT,5,5,15,15,900.0,0,0.0,7,46.7,4,466.94,595030.6,1255943168,false,cpu_limit
CV_h5s5n16.txt,BBLCT,5,5,15,15,900.0,0,0.0,5,33.3,5,528.52,595031.2,1277613056,false,cpu_limit
CV_h5s5n17.txt,BBLCT,5,5,15,15,900.0,0,0.0,11,73.3,7,725.29,595034.0,1313833984,false,cpu_limit
CV_h5s5n18.txt,BBLCT,5,5,15,15,900.0,1,6.7,10,66.7,6,668.43,595038.8,1206939648,false,cpu_limit
CV_h5s5n19.txt,BBLCT,5,5,15,15,900.0,1,6.7,8,53.3,6,709.49,595030.4,1211168768,false,cpu_limit
CV_h5s5n2.txt,BBLCT,5,5,15,15,900.0,0,0.0,5,33.3,7,772.50,595033.9,1337894912,false,cpu_limit
CV_h5s5n20.txt,BBLCT,5,5,15,15,900.0,0,0.0,8,53.3,7,777.46,595031.2,1293582336,false,cpu_limit
CV_h5s5n21.txt,BBLCT,5,5,15,15,900.0,0,0.0,7,46.7,6,655.00,595029.2,1346909184,false,cpu_limit
CV_h5s5n22.txt,BBLCT,5,5,15,15,900.0,1,6.7,5,33.3,7,775.96,595032.9,1292858368,false,cpu_limit
CV_h5s5n23.txt,BBLCT,5,5,15,15,900.0,1,6.7,6,40.0,7,802.59,595027.4,1222963200,false,cpu_limit
CV_h5s5n24.txt,BBLCT,5,5,15,15,900.0,0,0.0,4,26.7,6,720.14,595029.4,1372538880,false,cpu_limit
CV_h5s5n25.txt,BBLCT,5,5,15,15,900.0,2,13.3,11,73.3,6,649.04,595034.3,1194898432,false,cpu_limit
CV_h5s5n26.txt,BBLCT,5,5,15,15,900.0,0,0.0,5,33.3,6,656.13,595027.5,1258687488,false,cpu_limit
CV_h5s5n27.txt,BBLCT,5,5,15,15,900.0,0,0.0,11,73.3,6,709.51,595026.2,1290172416,false,cpu_limit
CV_h5s5n28.txt,BBLCT,5,5,15,15,900.0,0,0.0,9,60.0,7,825.32,595029.4,1281568768,false,cpu_limit
CV_h5s5n29.txt,BBLCT,5,5,15,15,900.0,0,0.0,4,26.7,6,697.58,595028.7,1324654592,false,cpu_limit
CV_h5s5n3.txt,BBLCT,5,5,15,15,900.0,0,0.0,6,40.0,7,777.03,595031.3,1251177472,false,cpu_limit
CV_h5s5n30.txt,BBLCT,5,5,15,15,900.0,0,0.0,15,100.0,8,886.61,595032.8,1316280320,false,cpu_limit
CV_h5s5n31.txt,BBLCT,5,5,15,15,900.0,1,6.7,3,20.0,4,445.44,595033.6,1266668544,false,cpu_limit
CV_h5s5n32.txt,BBLCT,5,5,15,15,900.0,0,0.0,5,33.3,6,650.61,595033.3,1307117568,false,cpu_limit
CV_h5s5n33.txt,BBLCT,5,5,15,15,900.0,1,6.7,10,66.7,6,654.71,595029.0,1184951296,false,cpu_limit
CV_h5s5n34.txt,BBLCT,5,5,15,15,900.0,0,0.0,6,40.0,6,716.66,595029.8,1299897344,false,cpu_limit
CV_h5s5n35.txt,BBLCT,5,5,15,15,900.0,1,6.7,9,60.0,7,839.35,595028.0,1190135808,false,cpu_limit
CV_h5s5n36.txt,BBLCT,5,5,15,15,900.0,1,6.7,9,60.0,7,778.94,595028.6,1233891328,false,cpu_limit
CV_h5s5n37.txt,BBLCT,5,5,15,15,900.0,0,0.0,4,26.7,7,877.51,595026.3,1379136512,false,cpu_limit
CV_h5s5n38.txt,BBLCT,5,5,15,15,900.0,0,0.0,15,100.0,6,681.47,595029.2,1254013952,false,cpu_limit
CV_h5s5n39.txt,BBLCT,5,5,15,15,900.0,0,0.0,9,60.0,8,895.80,595035.1,1260064768,false,cpu_limit
CV_h5s5n4.txt,BBLCT,5,5,15,15,900.0,0,0.0,15,100.0,7,773.67,595033.4,1313989632,false,cpu_limit
CV_h5s5n40.txt,BBLCT,5,5,15,15,900.0,2,13.3,9,60.0,7,788.76,595033.4,1188981760,false,cpu_limit
CV_h5s5n5.txt,BBLCT,5,5,15,15,900.0,0,0.0,5,33.3,7,877.80,595027.6,1287587840,false,cpu_limit
CV_h5s5n6.txt,BBLCT,5,5,15,15,900.0,0,0.0,6,40.0,7,802.25,595036.0,1355442176,false,cpu_limit
CV_h5s5n7.txt,BBLCT,5,5,15,15,900.0,0,0.0,15,100.0,8,891.01,595026.4,1266786304,false,cpu_limit
CV_h5s5n8.txt,BBLCT,5,5,15,15,900.0,0,0.0,4,26.7,7,861.59,595028.4,1372840960,false,cpu_limit
CV_h5s5n9.txt,BBLCT,5,5,15,15,900.0,0,0.0,5,33.3,4,460.48,595032.9,1382475776,false,cpu_limit
CV_h5s6n1.txt,BBLCT,6,5,18,18,900.0,0,0.0,4,22.2,7,763.91,595029.5,949443584,false,cpu_limit
CV_h5s6n10.txt,BBLCT,6,5,18,18,900.0,1,5.6,8,44.4,7,818.61,595030.4,923546624,false,cpu_limit
CV_h5s6n11.txt,BBLCT,6,5,18,18,900.0,3,16.7,18,100.0,6,668.32,595033.9,923264000,false,cpu_limit
CV_h5s6n12.txt,BBLCT,6,5,18,18,900.0,0,0.0,5,27.8,6,675.50,595030.2,1021872128,false,cpu_limit
CV_h5s6n13.txt,BBLCT,6,5,18,18,900.0,0,0.0,7,38.9,7,785.59,595034.3,1011059712,false,cpu_limit
CV_h5s6n14.txt,BBLCT,6,5,18,18,900.0,0,0.0,5,27.8,5,541.04,595039.6,982974464,false,cpu_limit
CV_h5s6n15.txt,BBLCT,6,5,18,18,900.0,0,0.0,4,22.2,5,558.10,595031.6,1005249536,false,cpu_limit
CV_h5s6n16.txt,BBLCT,6,5,18,18,900.0,0,0.0,3,16.7,6,666.90,595034.2,1057610752,false,cpu_limit
CV_h5s6n17.txt,BBLCT,6,5,18,18,900.0,0,0.0,4,22.2,8,877.39,595027.2,1011208192,false,cpu_limit
CV_h5s6n18.txt,BBLCT,6,5,18,18,900.0,2,11.1,8,44.4,5,594.50,595032.6,868946944,false,cpu_limit
CV_h5s6n19.txt,BBLCT,6,5,18,18,900.0,0,0.0,3,16.7,6,661.14,595036.4,1038003200,false,cpu_limit
CV_h5s6n2.txt,BBLCT,6,5,18,18,900.0,0,0.0,5,27.8,7,846.46,595038.0,1027638272,false,cpu_limit
CV_h5s6n20.txt,BBLCT,6,5,18,18,900.0,0,0.0,10,55.6,6,691.96,595031.4,1001531392,false,cpu_limit
CV_h5s6n21.txt,BBLCT,6,5,18,18,900.0,1,5.6,6,33.3,7,808.78,595029.2,985678848,false,cpu_limit
CV_h5s6n22.txt,BBLCT,6,5,18,18,900.0,0,0.0,3,16.7,5,551.32,595029.9,961637376,false,cpu_limit
CV_h5s6n23.txt,BBLCT,6,5,18,18,900.0,0,0.0,4,22.2,4,449.33,595027.0,968813568,false,cpu_limit
CV_h5s6n24.txt,BBLCT,6,5,18,18,900.0,0,0.0,6,33.3,7,806.43,595034.4,1005101056,false,cpu_limit
CV_h5s6n25.txt,BBLCT,6,5,18,18,900.0,1,5.6,13,72.2,7,879.83,595037.2,961939456,false,cpu_limit
CV_h5s6n26.txt,BBLCT,6,5,18,18,900.0,0,0.0,2,11.1,5,547.38,595032.0,1011442688,false,cpu_limit
CV_h5s6n27.txt,BBLCT,6,5,18,18,900.0,1,5.6,3,16.7,7,808.36,595032.1,989779968,false,cpu_limit
CV_h5s6n28.txt,BBLCT,6,5,18,18,900.0,2,11.1,13,72.2,6,695.17,595032.2,874711040,false,cpu_limit
CV_h5s6n29.txt,BBLCT,6,5,18,18,900.0,0,0.0,4,22.2,7,793.42,595028.3,953700352,false,cpu_limit
CV_h5s6n3.txt,BBLCT,6,5,18,18,900.0,0,0.0,4,22.2,7,792.29,595029.4,913756160,false,cpu_limit
CV_h5s6n30.txt,BBLCT,6,5,18,18,900.0,4,22.2,8,44.4,5,582.05,595025.6,847217664,false,cpu_limit
CV_h5s6n31.txt,BBLCT,6,5,18,18,900.0,0,0.0,7,38.9,7,787.84,595028.0,1063889920,false,cpu_limit
CV_h5s6n32.txt,BBLCT,6,5,18,18,900.0,0,0.0,6,33.3,5,581.21,595029.8,1001618432,false,cpu_limit
CV_h5s6n33.txt,BBLCT,6,5,18,18,900.0,1,5.6,5,27.8,7,765.12,595035.8,914640896,false,cpu_limit
CV_h5s6n34.txt,BBLCT,6,5,18,18,900.0,0,0.0,12,66.7,8,882.52,595033.6,1000836096,false,cpu_limit
CV_h5s6n35.txt,BBLCT,6,5,18,18,900.0,1,5.6,11,61.1,6,676.32,595031.6,920538112,false,cpu_limit
CV_h5s6n36.txt,BBLCT,6,5,18,18,900.0,2,11.1,5,27.8,7,725.20,595035.9,947494912,false,cpu_limit
CV_h5s6n37.txt,BBLCT,6,5,18,18,900.0,0,0.0,2,11.1,6,663.67,595027.5,1028510720,false,cpu_limit
CV_h5s6n38.txt,BBLCT,6,5,18,18,900.0,0,0.0,8,44.4,7,837.61,595026.2,1020899328,false,cpu_limit
CV_h5s6n39.txt,BBLCT,6,5,18,18,900.0,0,0.0,5,27.8,7,778.09,595032.6,1036028928,false,cpu_limit
CV_h5s6n4.txt,BBLCT,6,5,18,18,900.0,0,0.0,8,44.4,6,726.05,595033.4,973542400,false,cpu_limit
CV_h5s6n40.txt,BBLCT,6,5,18,18,900.0,1,5.6,7,38.9,8,871.09,595029.6,942781440,false,cpu_limit
CV_h5s6n5.txt,BBLCT,6,5,18,18,900.0,0,0.0,18,100.0,7,829.84,595031.0,796423168,false,cpu_limit
CV_h5s6n6.txt,BBLCT,6,5,18,18,900.0,0,0.0,3,16.7,8,898.44,595030.5,1018175488,false,cpu_limit
CV_h5s6n7.txt,BBLCT,6,5,18,18,900.0,0,0.0,2,11.1,6,662.56,595034.3,1006090240,false,cpu_limit
CV_h5s6n8.txt,BBLCT,6,5,18,18,900.0,1,5.6,5,27.8,8,887.31,595031.9,913030144,false,cpu_limit
CV_h5s6n9.txt,BBLCT,6,5,18,18,900.0,0,0.0,5,27.8,7,800.88,595033.0,900200448,false,cpu_limit
CV_h5s7n1.txt,BBLCT,7,5,21,21,900.0,0,0.0,12,57.1,8,893.61,595036.3,745169920,false,cpu_limit
CV_h5s7n10.txt,BBLCT,7,5,21,21,900.0,0,0.0,12,57.1,7,758.94,595033.6,716837888,false,cpu_limit
CV_h5s7n11.txt,BBLCT,7,5,21,21,900.0,0,0.0,9,42.9,8,869.87,595027.4,810328064,false,cpu_limit
CV_h5s7n12.txt,BBLCT,7,5,21,21,900.0,1,4.8,7,33.3,7,757.16,595027.1,724852736,false,cpu_limit
CV_h5s7n13.txt,BBLCT,7,5,21,21,900.0,0,0.0,3,14.3,7,723.95,595026.8,824884224,false,cpu_limit
CV_h5s7n14.txt,BBLCT,7,5,21,21,900.0,0,0.0,4,19.0,8,859.01,595027.3,812396544,false,cpu_limit
CV_h5s7n15.txt,BBLCT,7,5,21,21,900.0,0,0.0,12,57.1,8,829.39,595027.2,767751168,false,cpu_limit
CV_h5s7n16.txt,BBLCT,7,5,21,21,900.0,3,14.3,5,23.8,7,745.70,595026.7,711497728,false,cpu_limit
CV_h5s7n17.txt,BBLCT,7,5,21,21,900.0,1,4.8,9,42.9,8,854.69,595026.8,767074304,false,cpu_limit
CV_h5s7n18.txt,BBLCT,7,5,21,21,900.0,5,23.8,7,33.3,8,872.97,595039.3,702790656,false,cpu_limit
CV_h5s7n19.txt,BBLCT,7,5,21,21,900.0,0,0.0,4,19.0,8,862.47,595038.7,807592960,false,cpu_limit
CV_h5s7n2.txt,BBLCT,7,5,21,21,900.0,0,0.0,5,23.8,7,723.95,595033.2,811721728,false,cpu_limit
CV_h5s7n20.txt,BBLCT,7,5,21,21,900.0,0,0.0,10,47.6,6,616.58,595031.7,751749120,false,cpu_limit
CV_h5s7n21.txt,BBLCT,7,5,21,21,900.0,0,0.0,6,28.6,8,816.19,595032.2,752988160,false,cpu_limit
CV_h5s7n22.txt,BBLCT,7,5,21,21,900.0,0,0.0,4,19.0,6,664.94,595036.5,759645184,false,cpu_limit
CV_h5s7n23.txt,BBLCT,7,5,21,21,900.0,0,0.0,8,38.1,8,866.66,595031.9,778322944,false,cpu_limit
CV_h5s7n24.txt,BBLCT,7,5,21,21,900.0,1,4.8,8,38.1,6,642.28,595026.8,727877632,false,cpu_limit
CV_h5s7n25.txt,BBLCT,7,5,21,21,900.0,1,4.8,6,28.6,7,724.57,595030.8,749705216,false,cpu_limit
CV_h5s7n26.txt,BBLCT,7,5,21,21,900.0,0,0.0,6,28.6,8,860.53,595032.5,755918848,false,cpu_limit
CV_h5s7n27.txt,BBLCT,7,5,21,21,900.0,0,0.0,2,9.5,7,727.56,595030.0,823262208,false,cpu_limit
CV_h5s7n28.txt,BBLCT,7,5,21,21,900.0,2,9.5,9,42.9,6,677.36,595026.2,704001024,false,cpu_limit
CV_h5s7n29.txt,BBLCT,7,5,21,21,900.0,1,4.8,5,23.8,8,880.14,595034.5,763152384,false,cpu_limit
CV_h5s7n3.txt,BBLCT,7,5,21,21,900.0,3,14.3,8,38.1,7,782.08,595027.2,689590272,false,cpu_limit
CV_h5s7n30.txt,BBLCT,7,5,21,21,900.0,2,9.5,6,28.6,7,751.52,595025.5,714358784,false,cpu_limit
CV_h5s7n31.txt,BBLCT,7,5,21,21,900.0,0,0.0,5,23.8,6,597.35,595025.5,789594112,false,cpu_limit
CV_h5s7n32.txt,BBLCT,7,5,21,21,900.0,1,4.8,6,28.6,8,878.85,595026.7,736342016,false,cpu_limit
CV_h5s7n33.txt,BBLCT,7,5,21,21,900.0,0,0.0,3,14.3,8,851.42,595026.6,814014464,false,cpu_limit
CV_h5s7n34.txt,BBLCT,7,5,21,21,900.0,0,0.0,6,28.6,6,627.24,595032.8,804357120,false,cpu_limit
CV_h5s7n35.txt,BBLCT,7,5,21,21,900.0,0,0.0,5,23.8,8,885.33,595032.2,824184832,false,cpu_limit
CV_h5s7n36.txt,BBLCT,7,5,21,21,900.0,0,0.0,7,33.3,6,601.69,595036.6,771464192,false,cpu_limit
CV_h5s7n37.txt,BBLCT,7,5,21,21,900.0,0,0.0,15,71.4,7,867.19,595040.9,793531392,false,cpu_limit
CV_h5s7n38.txt,BBLCT,7,5,21,21,900.0,1,4.8,3,14.3,8,843.67,595035.4,737838080,false,cpu_limit
CV_h5s7n39.txt,BBLCT,7,5,21,21,900.0,0,0.0,9,42.9,8,873.91,595035.0,768013312,false,cpu_limit
CV_h5s7n4.txt,BBLCT,7,5,21,21,900.0,0,0.0,11,52.4,8,878.76,595026.0,768990208,false,cpu_limit
CV_h5s7n40.txt,BBLCT,7,5,21,21,900.0,0,0.0,8,38.1,7,767.04,595032.9,807655424,false,cpu_limit
CV_h5s7n5.txt,BBLCT,7,5,21,21,900.0,0,0.0,4,19.0,7,744.94,595043.3,782080000,false,cpu_limit
CV_h5s7n6.txt,BBLCT,7,5,21,21,900.0,1,4.8,4,19.0,6,634.85,595032.7,750966784,false,cpu_limit
CV_h5s7n7.txt,BBLCT,7,5,21,21,900.0,0,0.0,3,14.3,6,624.60,595025.7,792858624,false,cpu_limit
CV_h5s7n8.txt,BBLCT,7,5,21,21,900.0,0,0.0,10,47.6,8,847.27,595041.8,674235392,false,cpu_limit
CV_h5s7n9.txt,BBLCT,7,5,21,21,900.0,0,0.0,5,23.8,8,840.51,595036.9,774416384,false,cpu_limit
CV_h5s8n1.txt,BBLCT,8,5,24,24,900.0,0,0.0,6,25.0,8,888.98,595037.2,567360512,false,cpu_limit
CV_h5s8n10.txt,BBLCT,8,5,24,24,900.0,0,0.0,6,25.0,7,747.62,595032.4,594686976,false,cpu_limit
CV_h5s8n11.txt,BBLCT,8,5,24,24,900.0,1,4.2,4,16.7,8,838.37,595027.8,584072192,false,cpu_limit
CV_h5s8n12.txt,BBLCT,8,5,24,24,900.0,0,0.0,7,29.2,7,737.15,595030.7,609900544,false,cpu_limit
CV_h5s8n13.txt,BBLCT,8,5,24,24,900.0,0,0.0,6,25.0,7,772.43,595030.6,560797696,false,cpu_limit
CV_h5s8n14.txt,BBLCT,8,5,24,24,900.0,0,0.0,6,25.0,8,878.15,595032.3,568860672,false,cpu_limit
CV_h5s8n15.txt,BBLCT,8,5,24,24,900.0,0,0.0,6,25.0,8,870.14,595026.9,573845504,false,cpu_limit
CV_h5s8n16.txt,BBLCT,8,5,24,24,900.0,1,4.2,8,33.3,7,767.86,595026.3,546683904,false,cpu_limit
CV_h5s8n17.txt,BBLCT,8,5,24,24,900.0,1,4.2,11,45.8,7,750.49,595035.2,541237248,false,cpu_limit
CV_h5s8n18.txt,BBLCT,8,5,24,24,900.0,0,0.0,9,37.5,7,881.63,595037.9,583143424,false,cpu_limit
CV_h5s8n19.txt,BBLCT,8,5,24,24,900.0,0,0.0,3,12.5,8,848.34,595026.5,604499968,false,cpu_limit
CV_h5s8n2.txt,BBLCT,8,5,24,24,900.0,0,0.0,5,20.8,8,867.86,595029.3,560287744,false,cpu_limit
CV_h5s8n20.txt,BBLCT,8,5,24,24,900.0,0,0.0,4,16.7,8,853.29,595027.8,608051200,false,cpu_limit
CV_h5s8n21.txt,BBLCT,8,5,24,24,900.0,0,0.0,7,29.2,7,752.77,595036.5,573145088,false,cpu_limit
CV_h5s8n22.txt,BBLCT,8,5,24,24,900.0,0,0.0,5,20.8,7,749.00,595037.1,606718976,false,cpu_limit
CV_h5s8n23.txt,BBLCT,8,5,24,24,900.0,0,0.0,9,37.5,8,860.21,595037.2,588278784,false,cpu_limit
CV_h5s8n24.txt,BBLCT,8,5,24,24,900.0,0,0.0,11,45.8,7,757.74,595028.2,586792960,false,cpu_limit
CV_h5s8n25.txt,BBLCT,8,5,24,24,900.0,1,4.2,10,41.7,8,869.12,595033.4,523938816,false,cpu_limit
CV_h5s8n26.txt,BBLCT,8,5,24,24,900.0,0,0.0,3,12.5,8,868.61,595030.1,589990912,false,cpu_limit
CV_h5s8n27.txt,BBLCT,8,5,24,24,900.0,0,0.0,4,16.7,8,859.87,595041.0,580246528,false,cpu_limit
CV_h5s8n28.txt,BBLCT,8,5,24,24,900.0,0,0.0,10,41.7,8,848.47,595030.4,585267200,false,cpu_limit
CV_h5s8n29.txt,BBLCT,8,5,24,24,900.0,0,0.0,5,20.8,6,691.78,595031.4,549476352,false,cpu_limit
CV_h5s8n3.txt,BBLCT,8,5,24,24,900.0,0,0.0,6,25.0,7,737.78,595031.4,458522624,false,cpu_limit
CV_h5s8n30.txt,BBLCT,8,5,24,24,900.0,0,0.0,6,25.0,7,805.52,595030.0,580540416,false,cpu_limit
CV_h5s8n31.txt,BBLCT,8,5,24,24,900.0,0,0.0,4,16.7,8,879.62,595034.2,599209984,false,cpu_limit
CV_h5s8n32.txt,BBLCT,8,5,24,24,900.0,0,0.0,4,16.7,7,782.56,595026.9,567793664,false,cpu_limit
CV_h5s8n33.txt,BBLCT,8,5,24,24,900.0,0,0.0,6,25.0,8,861.26,595032.2,575203328,false,cpu_limit
CV_h5s8n34.txt,BBLCT,8,5,24,24,900.0,0,0.0,3,12.5,6,682.51,595029.6,572983296,false,cpu_limit
CV_h5s8n35.txt,BBLCT,8,5,24,24,900.0,0,0.0,2,8.3,6,666.94,595034.9,559806464,false,cpu_limit
CV_h5s8n36.txt,BBLCT,8,5,24,24,900.0,0,0.0,4,16.7,6,648.38,595032.2,562729984,false,cpu_limit
CV_h5s8n37.txt,BBLCT,8,5,24,24,900.0,0,0.0,13,54.2,7,752.46,595031.9,556352512,false,cpu_limit
CV_h5s8n38.txt,BBLCT,8,5,24,24,900.0,0,0.0,7,29.2,7,743.72,595032.8,523950080,false,cpu_limit
CV_h5s8n39.txt,BBLCT,8,5,24,24,900.0,0,0.0,5,20.8,7,807.58,595035.0,574159872,false,cpu_limit
CV_h5s8n4.txt,BBLCT,8,5,24,24,900.0,1,4.2,6,25.0,4,471.06,595034.7,538052608,false,cpu_limit
CV_h5s8n40.txt,BBLCT,8,5,24,24,900.0,1,4.2,6,25.0,7,760.06,595034.1,558318592,false,cpu_limit
CV_h5s8n5.txt,BBLCT,8,5,24,24,900.0,0,0.0,7,29.2,8,867.42,595034.9,575452160,false,cpu_limit
CV_h5s8n6.txt,BBLCT,8,5,24,24,900.0,0,0.0,7,29.2,7,868.59,595033.0,559804416,false,cpu_limit
CV_h5s8n7.txt,BBLCT,8,5,24,24,900.0,0,0.0,4,16.7,8,841.93,595034.6,573686784,false,cpu_limit
CV_h5s8n8.txt,BBLCT,8,5,24,24,900.0,2,8.3,4,16.7,7,802.22,595034.2,541396992,false,cpu_limit
CV_h5s8n9.txt,BBLCT,8,5,24,24,900.0,0,0.0,5,20.8,8,838.17,595028.0,541964288,false,cpu_limit
CV_h6s4n1.txt,BBLCT,4,6,16,16,900.0,0,0.0,4,25.0,4,489.05,70039.0,218656360,true,completed
CV_h6s4n10.txt,BBLCT,4,6,16,16,900.0,0,0.0,6,37.5,7,793.35,74532.4,218656360,true,completed
CV_h6s4n11.txt,BBLCT,4,6,16,16,900.0,0,0.0,3,18.8,4,469.43,72979.2,218656360,true,completed
CV_h6s4n12.txt,BBLCT,4,6,16,16,900.0,3,18.8,5,31.2,5,589.25,83826.9,218656360,true,completed
CV_h6s4n13.txt,BBLCT,4,6,16,16,900.0,0,0.0,6,37.5,7,890.00,78729.5,218656360,true,completed
CV_h6s4n14.txt,BBLCT,4,6,16,16,900.0,0,0.0,2,12.5,4,461.57,74525.3,218656360,true,completed
CV_h6s4n15.txt,BBLCT,4,6,16,16,900.0,1,6.2,10,62.5,7,809.29,80429.0,218656360,true,completed
CV_h6s4n16.txt,BBLCT,4,6,16,16,900.0,0,0.0,2,12.5,4,454.06,69853.1,218656360,true,completed
CV_h6s4n17.txt,BBLCT,4,6,16,16,900.0,0,0.0,4,25.0,7,827.75,71081.6,218656360,true,completed
CV_h6s4n18.txt,BBLCT,4,6,16,16,900.0,0,0.0,1,6.2,3,355.79,68126.2,218656360,true,completed
CV_h6s4n19.txt,BBLCT,4,6,16,16,900.0,0,0.0,3,18.8,5,584.88,71135.0,218656360,true,completed
CV_h6s4n2.txt,BBLCT,4,6,16,16,900.0,0,0.0,9,56.2,8,872.65,72674.0,218656360,true,completed
CV_h6s4n20.txt,BBLCT,4,6,16,16,900.0,0,0.0,6,37.5,3,344.56,79758.2,218656360,true,completed
CV_h6s4n21.txt,BBLCT,4,6,16,16,900.0,0,0.0,2,12.5,3,357.12,69740.6,218656360,true,completed
CV_h6s4n22.txt,BBLCT,4,6,16,16,900.0,0,0.0,5,31.2,6,705.23,71422.6,218656360,true,completed
CV_h6s4n23.txt,BBLCT,4,6,16,16,900.0,0,0.0,6,37.5,5,618.70,69933.8,218656360,true,completed
CV_h6s4n24.txt,BBLCT,4,6,16,16,900.0,0,0.0,6,37.5,7,815.04,73462.6,218656360,true,completed
CV_h6s4n25.txt,BBLCT,4,6,16,16,900.0,1,6.2,5,31.2,6,716.76,77205.5,218656360,true,completed
CV_h6s4n26.txt,BBLCT,4,6,16,16,900.0,0,0.0,5,31.2,4,444.94,74138.6,218656360,true,completed
CV_h6s4n27.txt,BBLCT,4,6,16,16,900.0,0,0.0,5,31.2,6,709.11,71696.2,218656360,true,completed
CV_h6s4n28.txt,BBLCT,4,6,16,16,900.0,0,0.0,3,18.8,4,450.42,75838.4,218656360,true,completed
CV_h6s4n29.txt,BBLCT,4,6,16,16,900.0,0,0.0,6,37.5,5,574.74,72047.6,218656360,true,completed
CV_h6s4n3.txt,BBLCT,4,6,16,16,900.0,2,12.5,5,31.2,7,871.92,81764.8,218656360,true,completed
CV_h6s4n30.txt,BBLCT,4,6,16,16,900.0,0,0.0,4,25.0,7,794.49,70886.2,218656360,true,completed
CV_h6s4n31.txt,BBLCT,4,6,16,16,900.0,1,6.2,4,25.0,6,737.82,79373.9,218656360,true,completed
CV_h6s4n32.txt,BBLCT,4,6,16,16,900.0,2,12.5,4,25.0,4,494.32,83141.1,218656360,true,completed
CV_h6s4n33.txt,BBLCT,4,6,16,16,900.0,0,0.0,4,25.0,6,787.19,74806.9,218656360,true,completed
CV_h6s4n34.txt,BBLCT,4,6,16,16,900.0,1,6.2,4,25.0,7,848.90,75287.6,218656360,true,completed
CV_h6s4n35.txt,BBLCT,4,6,16,16,900.0,0,0.0,1,6.2,3,354.48,69880.8,218656360,true,completed
CV_h6s4n36.txt,BBLCT,4,6,16,16,900.0,0,0.0,4,25.0,7,851.49,71013.5,218656360,true,completed
CV_h6s4n37.txt,BBLCT,4,6,16,16,900.0,1,6.2,7,43.8,5,576.16,78132.6,218656360,true,completed
CV_h6s4n38.txt,BBLCT,4,6,16,16,900.0,0,0.0,3,18.8,5,574.32,71860.3,218656360,true,completed
CV_h6s4n39.txt,BBLCT,4,6,16,16,900.0,1,6.2,3,18.8,6,712.84,75446.7,218656360,true,completed
CV_h6s4n4.txt,BBLCT,4,6,16,16,900.0,1,6.2,9,56.2,7,846.43,76901.2,218656360,true,completed
CV_h6s4n40.txt,BBLCT,4,6,16,16,900.0,0,0.0,2,12.5,3,329.02,69742.3,218656360,true,completed
CV_h6s4n5.txt,BBLCT,4,6,16,16,900.0,0,0.0,8,50.0,7,787.06,68503.5,218656360,true,completed
CV_h6s4n6.txt,BBLCT,4,6,16,16,900.0,1,6.2,11,68.8,7,760.24,82497.9,218656360,true,completed
CV_h6s4n7.txt,BBLCT,4,6,16,16,900.0,0,0.0,4,25.0,7,870.58,70875.3,218656360,true,completed
CV_h6s4n8.txt,BBLCT,4,6,16,16,900.0,1,6.2,3,18.8,3,366.25,75650.8,218656360,true,completed
CV_h6s4n9.txt,BBLCT,4,6,16,16,900.0,0,0.0,16,100.0,7,857.96,71012.2,218656360,true,completed
CV_h6s5n1.txt,BBLCT,5,6,20,20,900.0,0,0.0,4,20.0,6,722.35,595030.8,1233073152,false,cpu_limit
CV_h6s5n10.txt,BBLCT,5,6,20,20,900.0,0,0.0,6,30.0,6,710.64,595032.8,1286031360,false,cpu_limit
CV_h6s5n11.txt,BBLCT,5,6,20,20,900.0,1,5.0,10,50.0,7,805.09,595033.0,1213588480,false,cpu_limit
CV_h6s5n12.txt,BBLCT,5,6,20,20,900.0,0,0.0,5,25.0,4,500.92,595028.3,1269348352,false,cpu_limit
CV_h6s5n13.txt,BBLCT,5,6,20,20,900.0,1,5.0,8,40.0,7,835.60,595027.2,1185803264,false,cpu_limit
CV_h6s5n14.txt,BBLCT,5,6,20,20,900.0,0,0.0,4,20.0,6,637.67,595029.8,1314164736,false,cpu_limit
CV_h6s5n15.txt,BBLCT,5,6,20,20,900.0,0,0.0,5,25.0,6,756.11,595033.7,1368489984,false,cpu_limit
CV_h6s5n16.txt,BBLCT,5,6,20,20,900.0,0,0.0,4,20.0,7,877.51,595027.1,1370451968,false,cpu_limit
CV_h6s5n17.txt,BBLCT,5,6,20,20,900.0,1,5.0,4,20.0,6,721.13,595031.4,1241342976,false,cpu_limit
CV_h6s5n18.txt,BBLCT,5,6,20,20,900.0,0,0.0,5,25.0,7,844.50,595030.2,1352414208,false,cpu_limit
CV_h6s5n19.txt,BBLCT,5,6,20,20,900.0,0,0.0,3,15.0,5,577.14,595028.3,1262000128,false,cpu_limit
CV_h6s5n2.txt,BBLCT,5,6,20,20,900.0,0,0.0,6,30.0,7,845.60,595032.3,1351880704,false,cpu_limit
CV_h6s5n20.txt,BBLCT,5,6,20,20,900.0,0,0.0,7,35.0,7,841.80,595024.8,1383537664,false,cpu_limit
CV_h6s5n21.txt,BBLCT,5,6,20,20,900.0,0,0.0,4,20.0,7,824.06,595029.6,1354886144,false,cpu_limit
CV_h6s5n22.txt,BBLCT,5,6,20,20,900.0,0,0.0,5,25.0,7,855.93,595031.0,1257205760,false,cpu_limit
CV_h6s5n23.txt,BBLCT,5,6,20,20,900.0,0,0.0,6,30.0,6,764.24,595033.5,1369455616,false,cpu_limit
CV_h6s5n24.txt,BBLCT,5,6,20,20,900.0,1,5.0,2,10.0,4,426.61,595032.7,1255648256,false,cpu_limit
CV_h6s5n25.txt,BBLCT,5,6,20,20,900.0,0,0.0,4,20.0,6,640.35,595027.6,1313455104,false,cpu_limit
CV_h6s5n26.txt,BBLCT,5,6,20,20,900.0,0,0.0,3,15.0,5,579.66,595029.2,1302906880,false,cpu_limit
CV_h6s5n27.txt,BBLCT,5,6,20,20,900.0,0,0.0,8,40.0,6,694.87,595025.8,1308308480,false,cpu_limit
CV_h6s5n28.txt,BBLCT,5,6,20,20,900.0,0,0.0,7,35.0,7,802.37,595033.4,1196101632,false,cpu_limit
CV_h6s5n29.txt,BBLCT,5,6,20,20,900.0,0,0.0,4,20.0,4,441.37,595035.7,1301886976,false,cpu_limit
CV_h6s5n3.txt,BBLCT,5,6,20,20,900.0,1,5.0,5,25.0,5,593.45,595032.4,1195958272,false,cpu_limit
CV_h6s5n30.txt,BBLCT,5,6,20,20,900.0,0,0.0,3,15.0,5,574.34,595032.1,1315220480,false,cpu_limit
CV_h6s5n31.txt,BBLCT,5,6,20,20,900.0,0,0.0,2,10.0,7,815.87,595034.1,1380349952,false,cpu_limit
CV_h6s5n32.txt,BBLCT,5,6,20,20,900.0,3,15.0,8,40.0,7,809.70,595026.8,1125282816,false,cpu_limit
CV_h6s5n33.txt,BBLCT,5,6,20,20,900.0,1,5.0,5,25.0,6,684.47,595028.1,1230404608,false,cpu_limit
CV_h6s5n34.txt,BBLCT,5,6,20,20,900.0,0,0.0,3,15.0,6,666.82,595035.1,1324141568,false,cpu_limit
CV_h6s5n35.txt,BBLCT,5,6,20,20,900.0,0,0.0,4,20.0,6,706.50,595028.2,1256196096,false,cpu_limit
CV_h6s5n36.txt,BBLCT,5,6,20,20,900.0,0,0.0,5,25.0,7,783.44,595026.5,1358806016,false,cpu_limit
CV_h6s5n37.txt,BBLCT,5,6,20,20,900.0,0,0.0,2,10.0,5,574.34,595026.4,1324940288,false,cpu_limit
CV_h6s5n38.txt,BBLCT,5,6,20,20,900.0,1,5.0,4,20.0,5,615.52,595027.9,1271954432,false,cpu_limit
CV_h6s5n39.txt,BBLCT,5,6,20,20,900.0,0,0.0,6,30.0,4,468.01,595028.2,1374648320,false,cpu_limit
CV_h6s5n4.txt,BBLCT,5,6,20,20,900.0,0,0.0,9,45.0,5,582.46,595025.8,1127305216,false,cpu_limit
CV_h6s5n40.txt,BBLCT,5,6,20,20,900.0,1,5.0,4,20.0,7,778.29,595026.7,1248501760,false,cpu_limit
CV_h6s5n5.txt,BBLCT,5,6,20,20,900.0,0,0.0,2,10.0,7,784.63,595031.1,1347479552,false,cpu_limit
CV_h6s5n6.txt,BBLCT,5,6,20,20,900.0,0,0.0,3,15.0,4,460.39,595037.5,1314727936,false,cpu_limit
CV_h6s5n7.txt,BBLCT,5,6,20,20,900.0,0,0.0,5,25.0,6,666.70,595035.4,1338128384,false,cpu_limit
CV_h6s5n8.txt,BBLCT,5,6,20,20,900.0,0,0.0,5,25.0,7,781.09,595031.6,1323270144,false,cpu_limit
CV_h6s5n9.txt,BBLCT,5,6,20,20,900.0,1,5.0,5,25.0,5,570.86,595028.1,1217167360,false,cpu_limit
CV_h6s6n1.txt,BBLCT,6,6,24,24,900.0,0,0.0,1,4.2,5,543.64,595026.1,1037310976,false,cpu_limit
CV_h6s6n10.txt,BBLCT,6,6,24,24,900.0,0,0.0,3,12.5,6,676.55,595028.5,936581120,false,cpu_limit
CV_h6s6n11.txt,BBLCT,6,6,24,24,900.0,0,0.0,1,4.2,5,574.34,595030.1,1015031808,false,cpu_limit
CV_h6s6n12.txt,BBLCT,6,6,24,24,900.0,2,8.3,5,20.8,7,830.65,595025.3,936358912,false,cpu_limit
CV_h6s6n13.txt,BBLCT,6,6,24,24,900.0,0,0.0,5,20.8,6,683.65,595033.3,967141376,false,cpu_limit
CV_h6s6n14.txt,BBLCT,6,6,24,24,900.0,0,0.0,8,33.3,7,754.00,595033.0,963476480,false,cpu_limit
CV_h6s6n15.txt,BBLCT,6,6,24,24,900.0,1,4.2,7,29.2,6,679.29,595032.8,964378624,false,cpu_limit
CV_h6s6n16.txt,BBLCT,6,6,24,24,900.0,2,8.3,6,25.0,6,717.18,595026.3,864118784,false,cpu_limit
CV_h6s6n17.txt,BBLCT,6,6,24,24,900.0,0,0.0,3,12.5,6,679.60,595035.1,1045563392,false,cpu_limit
CV_h6s6n18.txt,BBLCT,6,6,24,24,900.0,0,0.0,2,8.3,5,581.85,595028.1,953008128,false,cpu_limit
CV_h6s6n19.txt,BBLCT,6,6,24,24,900.0,0,0.0,2,8.3,7,817.17,595029.6,949592064,false,cpu_limit
CV_h6s6n2.txt,BBLCT,6,6,24,24,900.0,1,4.2,6,25.0,7,795.05,595029.8,908865536,false,cpu_limit
CV_h6s6n20.txt,BBLCT,6,6,24,24,900.0,0,0.0,8,33.3,7,807.94,595031.0,978130944,false,cpu_limit
CV_h6s6n21.txt,BBLCT,6,6,24,24,900.0,0,0.0,3,12.5,6,667.19,595032.3,1015917568,false,cpu_limit
CV_h6s6n22.txt,BBLCT,6,6,24,24,900.0,0,0.0,9,37.5,8,887.55,595025.1,998434816,false,cpu_limit
CV_h6s6n23.txt,BBLCT,6,6,24,24,900.0,0,0.0,5,20.8,5,543.93,595026.6,1006774272,false,cpu_limit
CV_h6s6n24.txt,BBLCT,6,6,24,24,900.0,0,0.0,6,25.0,6,712.47,595031.2,978861056,false,cpu_limit
CV_h6s6n25.txt,BBLCT,6,6,24,24,900.0,1,4.2,2,8.3,5,575.60,595032.0,942475264,false,cpu_limit
CV_h6s6n26.txt,BBLCT,6,6,24,24,900.0,0,0.0,4,16.7,5,575.56,595030.9,951710720,false,cpu_limit
CV_h6s6n27.txt,BBLCT,6,6,24,24,900.0,1,4.2,5,20.8,8,889.80,595042.1,925564928,false,cpu_limit
CV_h6s6n28.txt,BBLCT,6,6,24,24,900.0,1,4.2,2,8.3,5,584.31,595030.6,936477696,false,cpu_limit
CV_h6s6n29.txt,BBLCT,6,6,24,24,900.0,0,0.0,3,12.5,7,810.87,595029.4,1006863360,false,cpu_limit
CV_h6s6n3.txt,BBLCT,6,6,24,24,900.0,3,12.5,5,20.8,7,815.87,595030.3,889876480,false,cpu_limit
CV_h6s6n30.txt,BBLCT,6,6,24,24,900.0,0,0.0,3,12.5,7,812.29,595030.6,982002688,false,cpu_limit
CV_h6s6n31.txt,BBLCT,6,6,24,24,900.0,1,4.2,7,29.2,7,858.99,595033.7,917392384,false,cpu_limit
CV_h6s6n32.txt,BBLCT,6,6,24,24,900.0,0,0.0,6,25.0,7,843.94,595032.6,1013261312,false,cpu_limit
CV_h6s6n33.txt,BBLCT,6,6,24,24,900.0,0,0.0,5,20.8,6,704.81,595030.0,1005156352,false,cpu_limit
CV_h6s6n34.txt,BBLCT,6,6,24,24,900.0,0,0.0,3,12.5,7,784.94,595027.6,976600064,false,cpu_limit
CV_h6s6n35.txt,BBLCT,6,6,24,24,900.0,0,0.0,3,12.5,6,720.82,595028.1,966343680,false,cpu_limit
CV_h6s6n36.txt,BBLCT,6,6,24,24,900.0,0,0.0,3,12.5,7,800.95,595031.4,961286144,false,cpu_limit
CV_h6s6n37.txt,BBLCT,6,6,24,24,900.0,0,0.0,3,12.5,5,576.70,595035.2,977648640,false,cpu_limit
CV_h6s6n38.txt,BBLCT,6,6,24,24,900.0,0,0.0,6,25.0,7,811.08,595029.8,986596352,false,cpu_limit
CV_h6s6n39.txt,BBLCT,6,6,24,24,900.0,0,0.0,2,8.3,7,799.82,595035.2,1031327744,false,cpu_limit
CV_h6s6n4.txt,BBLCT,6,6,24,24,900.0,2,8.3,3,12.5,6,705.14,595033.6,917255168,false,cpu_limit
CV_h6s6n40.txt,BBLCT,6,6,24,24,900.0,0,0.0,2,8.3,4,442.64,595032.0,986368000,false,cpu_limit
CV_h6s6n5.txt,BBLCT,6,6,24,24,900.0,0,0.0,2,8.3,7,819.41,595032.5,1050981376,false,cpu_limit
CV_h6s6n6.txt,BBLCT,6,6,24,24,900.0,0,0.0,1,4.2,5,543.64,595031.3,1046005760,false,cpu_limit
CV_h6s6n7.txt,BBLCT,6,6,24,24,900.0,0,0.0,2,8.3,6,700.69,595034.0,1050639360,false,cpu_limit
CV_h6s6n8.txt,BBLCT,6,6,24,24,900.0,0,0.0,2,8.3,6,683.01,595030.7,1051780096,false,cpu_limit
CV_h6s6n9.txt,BBLCT,6,6,24,24,900.0,1,4.2,3,12.5,7,825.23,595031.6,935747584,false,cpu_limit
CV_h6s7n1.txt,BBLCT,7,6,28,28,900.0,1,3.6,3,10.7,7,750.88,595035.3,703240192,false,cpu_limit
CV_h6s7n10.txt,BBLCT,7,6,28,28,900.0,2,7.1,4,14.3,8,861.29,595035.5,694960128,false,cpu_limit
CV_h6s7n11.txt,BBLCT,7,6,28,28,900.0,0,0.0,2,7.1,8,867.28,595030.8,748155904,false,cpu_limit
CV_h6s7n12.txt,BBLCT,7,6,28,28,900.0,2,7.1,6,21.4,8,859.14,595028.0,706445312,false,cpu_limit
CV_h6s7n13.txt,BBLCT,7,6,28,28,900.0,0,0.0,5,17.9,8,851.42,595029.9,740856832,false,cpu_limit
CV_h6s7n14.txt,BBLCT,7,6,28,28,900.0,0,0.0,1,3.6,5,518.11,595026.5,771603456,false,cpu_limit
CV_h6s7n15.txt,BBLCT,7,6,28,28,900.0,0,0.0,6,21.4,8,872.31,595026.4,767142912,false,cpu_limit
CV_h6s7n16.txt,BBLCT,7,6,28,28,900.0,1,3.6,3,10.7,7,719.25,595027.4,721710080,false,cpu_limit
CV_h6s7n17.txt,BBLCT,7,6,28,28,900.0,2,7.1,4,14.3,6,651.57,595030.7,699314176,false,cpu_limit
CV_h6s7n18.txt,BBLCT,7,6,28,28,900.0,1,3.6,2,7.1,5,513.12,595030.6,718036992,false,cpu_limit
CV_h6s7n19.txt,BBLCT,7,6,28,28,900.0,0,0.0,7,25.0,8,834.92,595033.5,730094592,false,cpu_limit
CV_h6s7n2.txt,BBLCT,7,6,28,28,900.0,0,0.0,3,10.7,7,812.16,595026.6,780125184,false,cpu_limit
CV_h6s7n20.txt,BBLCT,7,6,28,28,900.0,1,3.6,3,10.7,8,888.04,595035.2,725739520,false,cpu_limit
CV_h6s7n21.txt,BBLCT,7,6,28,28,900.0,0,0.0,1,3.6,6,643.46,595032.4,785701888,false,cpu_limit
CV_h6s7n22.txt,BBLCT,7,6,28,28,900.0,0,0.0,4,14.3,6,664.94,595033.5,736674816,false,cpu_limit
CV_h6s7n23.txt,BBLCT,7,6,28,28,900.0,0,0.0,10,35.7,6,732.21,595039.4,726325248,false,cpu_limit
CV_h6s7n24.txt,BBLCT,7,6,28,28,900.0,0,0.0,4,14.3,7,750.65,595039.6,765473792,false,cpu_limit
CV_h6s7n25.txt,BBLCT,7,6,28,28,900.0,0,0.0,2,7.1,6,650.15,595043.7,787985408,false,cpu_limit
CV_h6s7n26.txt,BBLCT,7,6,28,28,900.0,0,0.0,5,17.9,7,713.98,595028.3,713995264,false,cpu_limit
CV_h6s7n27.txt,BBLCT,7,6,28,28,900.0,0,0.0,4,14.3,6,653.47,595030.3,716178432,false,cpu_limit
CV_h6s7n28.txt,BBLCT,7,6,28,28,900.0,0,0.0,3,10.7,8,871.98,595032.7,758154240,false,cpu_limit
CV_h6s7n29.txt,BBLCT,7,6,28,28,900.0,1,3.6,3,10.7,7,742.16,595028.2,755529728,false,cpu_limit
CV_h6s7n3.txt,BBLCT,7,6,28,28,900.0,1,3.6,4,14.3,8,867.28,595029.5,694411264,false,cpu_limit
CV_h6s7n30.txt,BBLCT,7,6,28,28,900.0,1,3.6,6,21.4,8,831.54,595027.8,723832832,false,cpu_limit
CV_h6s7n31.txt,BBLCT,7,6,28,28,900.0,0,0.0,1,3.6,7,751.20,595028.1,808936448,false,cpu_limit
CV_h6s7n32.txt,BBLCT,7,6,28,28,900.0,0,0.0,3,10.7,7,757.10,595026.6,788405248,false,cpu_limit
CV_h6s7n33.txt,BBLCT,7,6,28,28,900.0,0,0.0,2,7.1,8,867.28,595030.2,754313216,false,cpu_limit
CV_h6s7n34.txt,BBLCT,7,6,28,28,900.0,0,0.0,3,10.7,8,839.10,595034.1,719499264,false,cpu_limit
CV_h6s7n35.txt,BBLCT,7,6,28,28,900.0,0,0.0,2,7.1,8,886.23,595036.4,734302208,false,cpu_limit
CV_h6s7n36.txt,BBLCT,7,6,28,28,900.0,0,0.0,3,10.7,7,775.71,595031.0,796562432,false,cpu_limit
CV_h6s7n37.txt,BBLCT,7,6,28,28,900.0,0,0.0,5,17.9,7,779.99,595033.4,697385984,false,cpu_limit
CV_h6s7n38.txt,BBLCT,7,6,28,28,900.0,0,0.0,4,14.3,7,715.40,595034.2,770424832,false,cpu_limit
CV_h6s7n39.txt,BBLCT,7,6,28,28,900.0,1,3.6,5,17.9,8,879.04,595031.3,696675328,false,cpu_limit
CV_h6s7n4.txt,BBLCT,7,6,28,28,900.0,0,0.0,3,10.7,7,800.31,595026.3,789577728,false,cpu_limit
CV_h6s7n40.txt,BBLCT,7,6,28,28,900.0,0,0.0,4,14.3,6,656.44,595028.4,663521280,false,cpu_limit
CV_h6s7n5.txt,BBLCT,7,6,28,28,900.0,0,0.0,5,17.9,8,870.16,595028.1,737091584,false,cpu_limit
CV_h6s7n6.txt,BBLCT,7,6,28,28,900.0,2,7.1,3,10.7,7,760.77,595026.4,705335296,false,cpu_limit
CV_h6s7n7.txt,BBLCT,7,6,28,28,900.0,1,3.6,3,10.7,7,737.04,595031.8,763522048,false,cpu_limit
CV_h6s7n8.txt,BBLCT,7,6,28,28,900.0,0,0.0,3,10.7,6,628.37,595031.3,707243008,false,cpu_limit
CV_h6s7n9.txt,BBLCT,7,6,28,28,900.0,0,0.0,1,3.6,7,751.20,595035.9,808653824,false,cpu_limit
CV_h7s10n1.txt,BBLCT,10,7,50,50,900.0,0,0.0,1,2.0,6,652.19,595028.7,376105984,false,cpu_limit
CV_h7s10n10.txt,BBLCT,10,7,50,50,900.0,0,0.0,2,4.0,6,672.00,595027.7,364953600,false,cpu_limit
CV_h7s10n11.txt,BBLCT,10,7,50,50,900.0,0,0.0,1,2.0,6,669.43,595031.5,384988160,false,cpu_limit
CV_h7s10n12.txt,BBLCT,10,7,50,50,900.0,0,0.0,0,0.0,0,0.00,595026.4,373941248,false,cpu_limit
CV_h7s10n13.txt,BBLCT,10,7,50,50,900.0,0,0.0,4,8.0,8,899.34,595033.0,364225536,false,cpu_limit
CV_h7s10n14.txt,BBLCT,10,7,50,50,900.0,0,0.0,0,0.0,0,0.00,595029.7,384412672,false,cpu_limit
CV_h7s10n15.txt,BBLCT,10,7,50,50,900.0,0,0.0,1,2.0,5,539.33,595026.7,367466496,false,cpu_limit
CV_h7s10n16.txt,BBLCT,10,7,50,50,900.0,1,2.0,5,10.0,7,774.03,595031.9,368521216,false,cpu_limit
CV_h7s10n17.txt,BBLCT,10,7,50,50,900.0,0,0.0,4,8.0,6,680.12,595035.7,358047744,false,cpu_limit
CV_h7s10n18.txt,BBLCT,10,7,50,50,900.0,0,0.0,4,8.0,8,889.30,595031.5,380441600,false,cpu_limit
CV_h7s10n19.txt,BBLCT,10,7,50,50,900.0,1,2.0,2,4.0,5,546.60,595033.2,369106944,false,cpu_limit
CV_h7s10n2.txt,BBLCT,10,7,50,50,900.0,0,0.0,0,0.0,0,0.00,595028.8,388744192,false,cpu_limit
CV_h7s10n20.txt,BBLCT,10,7,50,50,900.0,0,0.0,4,8.0,7,787.69,595027.5,370660352,false,cpu_limit
CV_h7s10n21.txt,BBLCT,10,7,50,50,900.0,0,0.0,2,4.0,5,551.58,595030.2,366352384,false,cpu_limit
CV_h7s10n22.txt,BBLCT,10,7,50,50,900.0,0,0.0,2,4.0,8,887.26,595031.3,354649088,false,cpu_limit
CV_h7s10n23.txt,BBLCT,10,7,50,50,900.0,0,0.0,0,0.0,0,0.00,595030.7,398533632,false,cpu_limit
CV_h7s10n24.txt,BBLCT,10,7,50,50,900.0,0,0.0,0,0.0,0,0.00,595037.4,375582720,false,cpu_limit
CV_h7s10n25.txt,BBLCT,10,7,50,50,900.0,2,4.0,2,4.0,0,0.00,595032.3,363159552,false,cpu_limit
CV_h7s10n26.txt,BBLCT,10,7,50,50,900.0,0,0.0,1,2.0,7,788.95,595027.6,367498240,false,cpu_limit
CV_h7s10n27.txt,BBLCT,10,7,50,50,900.0,0,0.0,1,2.0,7,798.61,595033.0,386704384,false,cpu_limit
CV_h7s10n28.txt,BBLCT,10,7,50,50,900.0,0,0.0,2,4.0,7,847.84,595029.4,367630336,false,cpu_limit
CV_h7s10n29.txt,BBLCT,10,7,50,50,900.0,0,0.0,3,6.0,7,782.06,595035.1,379428864,false,cpu_limit
CV_h7s10n3.txt,BBLCT,10,7,50,50,900.0,0,0.0,0,0.0,0,0.00,595032.6,398726144,false,cpu_limit
CV_h7s10n30.txt,BBLCT,10,7,50,50,900.0,0,0.0,3,6.0,8,856.90,595028.3,363268096,false,cpu_limit
CV_h7s10n31.txt,BBLCT,10,7,50,50,900.0,1,2.0,3,6.0,5,581.03,595029.2,357907456,false,cpu_limit
CV_h7s10n32.txt,BBLCT,10,7,50,50,900.0,0,0.0,5,10.0,8,890.04,595028.8,384607232,false,cpu_limit
CV_h7s10n33.txt,BBLCT,10,7,50,50,900.0,0,0.0,0,0.0,0,0.00,595026.2,387127296,false,cpu_limit
CV_h7s10n34.txt,BBLCT,10,7,50,50,900.0,0,0.0,5,10.0,8,869.89,595026.9,364265472,false,cpu_limit
CV_h7s10n35.txt,BBLCT,10,7,50,50,900.0,0,0.0,2,4.0,8,890.04,595030.2,386380800,false,cpu_limit
CV_h7s10n36.txt,BBLCT,10,7,50,50,900.0,0,0.0,4,8.0,8,871.73,595030.2,364066816,false,cpu_limit
CV_h7s10n37.txt,BBLCT,10,7,50,50,900.0,0,0.0,5,10.0,8,890.21,595027.6,373707776,false,cpu_limit
CV_h7s10n38.txt,BBLCT,10,7,50,50,900.0,0,0.0,2,4.0,5,539.33,595033.0,363602944,false,cpu_limit
CV_h7s10n39.txt,BBLCT,10,7,50,50,900.0,0,0.0,0,0.0,0,0.00,595034.2,383109120,false,cpu_limit
CV_h7s10n4.txt,BBLCT,10,7,50,50,900.0,0,0.0,1,2.0,7,788.95,595026.7,366988288,false,cpu_limit
CV_h7s10n40.txt,BBLCT,10,7,50,50,900.0,0,0.0,3,6.0,8,887.37,595029.2,347285504,false,cpu_limit
CV_h7s10n5.txt,BBLCT,10,7,50,50,900.0,0,0.0,1,2.0,6,704.73,595028.4,379091968,false,cpu_limit
CV_h7s10n6.txt,BBLCT,10,7,50,50,900.0,0,0.0,2,4.0,7,784.64,595035.1,376722432,false,cpu_limit
CV_h7s10n7.txt,BBLCT,10,7,50,50,900.0,0,0.0,1,2.0,7,784.64,595034.4,377488384,false,cpu_limit
CV_h7s10n8.txt,BBLCT,10,7,50,50,900.0,0,0.0,1,2.0,6,704.73,595036.6,381199360,false,cpu_limit
CV_h7s10n9.txt,BBLCT,10,7,50,50,900.0,0,0.0,3,6.0,6,687.94,595033.8,379422720,false,cpu_limit
CV_h7s4n1.txt,BBLCT,4,7,20,20,900.0,0,0.0,3,15.0,6,742.18,79445.7,218836679,true,completed
CV_h7s4n10.txt,BBLCT,4,7,20,20,900.0,0,0.0,3,15.0,4,465.62,79557.4,218836679,true,completed
CV_h7s4n11.txt,BBLCT,4,7,20,20,900.0,0,0.0,3,15.0,5,575.99,75611.8,218836679,true,completed
CV_h7s4n12.txt,BBLCT,4,7,20,20,900.0,0,0.0,1,5.0,3,354.48,70900.1,218836679,true,completed
CV_h7s4n13.txt,BBLCT,4,7,20,20,900.0,0,0.0,1,5.0,3,354.48,71434.2,218836679,true,completed
CV_h7s4n14.txt,BBLCT,4,7,20,20,900.0,0,0.0,3,15.0,4,492.38,70556.0,218836679,true,completed
CV_h7s4n15.txt,BBLCT,4,7,20,20,900.0,0,0.0,7,35.0,4,473.84,81078.0,218836679,true,completed
CV_h7s4n16.txt,BBLCT,4,7,20,20,900.0,0,0.0,2,10.0,4,501.60,74700.0,218836679,true,completed
CV_h7s4n17.txt,BBLCT,4,7,20,20,900.0,0,0.0,1,5.0,3,359.65,75422.0,218836679,true,completed
CV_h7s4n18.txt,BBLCT,4,7,20,20,900.0,1,5.0,7,35.0,6,706.68,79388.2,218836679,true,completed
CV_h7s4n19.txt,BBLCT,4,7,20,20,900.0,0,0.0,4,20.0,6,679.48,74402.9,218836679,true,completed
CV_h7s4n2.txt,BBLCT,4,7,20,20,900.0,0,0.0,1,5.0,4,497.74,68488.0,218836679,true,completed
CV_h7s4n20.txt,BBLCT,4,7,20,20,900.0,0,0.0,2,10.0,3,355.75,73357.8,218836679,true,completed
CV_h7s4n21.txt,BBLCT,4,7,20,20,900.0,0,0.0,5,25.0,7,865.09,77940.1,218836679,true,completed
CV_h7s4n22.txt,BBLCT,4,7,20,20,900.0,3,15.0,4,20.0,5,617.96,85612.9,218836679,true,completed
CV_h7s4n23.txt,BBLCT,4,7,20,20,900.0,0,0.0,7,35.0,4,449.45,75796.0,218836679,true,completed
CV_h7s4n24.txt,BBLCT,4,7,20,20,900.0,0,0.0,1,5.0,4,501.60,74901.4,218836679,true,completed
CV_h7s4n25.txt,BBLCT,4,7,20,20,900.0,3,15.0,8,40.0,6,769.67,87174.6,218836679,true,completed
CV_h7s4n26.txt,BBLCT,4,7,20,20,900.0,0,0.0,1,5.0,4,492.38,70594.6,218836679,true,completed
CV_h7s4n27.txt,BBLCT,4,7,20,20,900.0,0,0.0,1,5.0,2,220.18,70447.9,218836679,true,completed
CV_h7s4n28.txt,BBLCT,4,7,20,20,900.0,0,0.0,1,5.0,2,220.18,70765.4,218836679,true,completed
CV_h7s4n29.txt,BBLCT,4,7,20,20,900.0,1,5.0,3,15.0,2,240.93,81597.6,218836679,true,completed
CV_h7s4n3.txt,BBLCT,4,7,20,20,900.0,0,0.0,5,25.0,3,334.26,79429.0,218836679,true,completed
CV_h7s4n30.txt,BBLCT,4,7,20,20,900.0,1,5.0,3,15.0,6,730.59,81065.0,218836679,true,completed
CV_h7s4n31.txt,BBLCT,4,7,20,20,900.0,1,5.0,7,35.0,6,675.91,80098.1,218836679,true,completed
CV_h7s4n32.txt,BBLCT,4,7,20,20,900.0,0,0.0,1,5.0,3,359.65,75324.4,218836679,true,completed
CV_h7s4n33.txt,BBLCT,4,7,20,20,900.0,0,0.0,2,10.0,3,332.88,74094.2,218836679,true,completed
CV_h7s4n34.txt,BBLCT,4,7,20,20,900.0,0,0.0,4,20.0,6,772.50,75611.7,218836679,true,completed
CV_h7s4n35.txt,BBLCT,4,7,20,20,900.0,0,0.0,2,10.0,4,454.06,77997.9,218836679,true,completed
CV_h7s4n36.txt,BBLCT,4,7,20,20,900.0,0,0.0,3,15.0,4,443.81,74427.9,218836679,true,completed
CV_h7s4n37.txt,BBLCT,4,7,20,20,900.0,0,0.0,1,5.0,4,492.38,70241.8,218836679,true,completed
CV_h7s4n38.txt,BBLCT,4,7,20,20,900.0,0,0.0,2,10.0,6,752.53,77841.4,218836679,true,completed
CV_h7s4n39.txt,BBLCT,4,7,20,20,900.0,0,0.0,3,15.0,6,777.04,77000.5,218836679,true,completed
CV_h7s4n4.txt,BBLCT,4,7,20,20,900.0,0,0.0,3,15.0,2,230.73,77803.7,218836679,true,completed
CV_h7s4n40.txt,BBLCT,4,7,20,20,900.0,0,0.0,3,15.0,3,358.13,69884.9,218836679,true,completed
CV_h7s4n5.txt,BBLCT,4,7,20,20,900.0,0,0.0,2,10.0,4,501.60,79196.2,218836679,true,completed
CV_h7s4n6.txt,BBLCT,4,7,20,20,900.0,0,0.0,4,20.0,6,702.86,72501.6,218836679,true,completed
CV_h7s4n7.txt,BBLCT,4,7,20,20,900.0,0,0.0,5,25.0,5,579.89,71594.9,218836679,true,completed
CV_h7s4n8.txt,BBLCT,4,7,20,20,900.0,0,0.0,2,10.0,3,370.11,75740.8,218836679,true,completed
CV_h7s4n9.txt,BBLCT,4,7,20,20,900.0,2,10.0,4,20.0,6,696.46,82512.9,218836679,true,completed
CV_h7s5n1.txt,BBLCT,5,7,25,25,900.0,0,0.0,1,4.0,4,462.05,595027.4,1361371136,false,cpu_limit
CV_h7s5n10.txt,BBLCT,5,7,25,25,900.0,0,0.0,3,12.0,6,702.10,595028.1,1297683456,false,cpu_limit
CV_h7s5n11.txt,BBLCT,5,7,25,25,900.0,0,0.0,3,12.0,7,813.94,595032.3,1241211904,false,cpu_limit
CV_h7s5n12.txt,BBLCT,5,7,25,25,900.0,0,0.0,2,8.0,5,608.88,595033.2,1362912256,false,cpu_limit
CV_h7s5n13.txt,BBLCT,5,7,25,25,900.0,0,0.0,6,24.0,7,849.41,595031.2,1294509056,false,cpu_limit
CV_h7s5n14.txt,BBLCT,5,7,25,25,900.0,0,0.0,3,12.0,3,340.55,595027.7,1314741248,false,cpu_limit
CV_h7s5n15.txt,BBLCT,5,7,25,25,900.0,0,0.0,2,8.0,6,716.30,595036.3,1367942144,false,cpu_limit
CV_h7s5n16.txt,BBLCT,5,7,25,25,900.0,0,0.0,3,12.0,4,460.39,595033.7,1374808064,false,cpu_limit
CV_h7s5n17.txt,BBLCT,5,7,25,25,900.0,0,0.0,3,12.0,6,712.70,595035.8,1238983680,false,cpu_limit
CV_h7s5n18.txt,BBLCT,5,7,25,25,900.0,1,4.0,5,20.0,7,836.08,595037.1,1192647680,false,cpu_limit
CV_h7s5n19.txt,BBLCT,5,7,25,25,900.0,1,4.0,3,12.0,4,459.42,595031.0,1167308800,false,cpu_limit
CV_h7s5n2.txt,BBLCT,5,7,25,25,900.0,1,4.0,7,28.0,6,676.79,595027.3,1190605824,false,cpu_limit
CV_h7s5n20.txt,BBLCT,5,7,25,25,900.0,0,0.0,1,4.0,5,607.84,595027.4,1264951296,false,cpu_limit
CV_h7s5n21.txt,BBLCT,5,7,25,25,900.0,0,0.0,3,12.0,7,851.20,595028.3,1260698624,false,cpu_limit
CV_h7s5n22.txt,BBLCT,5,7,25,25,900.0,0,0.0,4,16.0,5,562.48,595027.5,1311777792,false,cpu_limit
CV_h7s5n23.txt,BBLCT,5,7,25,25,900.0,0,0.0,2,8.0,6,724.41,595029.0,1345039360,false,cpu_limit
CV_h7s5n24.txt,BBLCT,5,7,25,25,900.0,1,4.0,3,12.0,6,722.70,595033.0,1235078144,false,cpu_limit
CV_h7s5n25.txt,BBLCT,5,7,25,25,900.0,1,4.0,5,20.0,4,475.97,595032.6,1224669184,false,cpu_limit
CV_h7s5n26.txt,BBLCT,5,7,25,25,900.0,0,0.0,2,8.0,6,716.30,595028.7,1257648128,false,cpu_limit
CV_h7s5n27.txt,BBLCT,5,7,25,25,900.0,0,0.0,4,16.0,7,897.88,595035.4,1346884608,false,cpu_limit
CV_h7s5n28.txt,BBLCT,5,7,25,25,900.0,0,0.0,2,8.0,6,663.21,595030.9,1298200576,false,cpu_limit
CV_h7s5n29.txt,BBLCT,5,7,25,25,900.0,0,0.0,2,8.0,6,697.49,595035.5,1336214528,false,cpu_limit
CV_h7s5n3.txt,BBLCT,5,7,25,25,900.0,0,0.0,1,4.0,4,452.73,595026.5,1332308992,false,cpu_limit
CV_h7s5n30.txt,BBLCT,5,7,25,25,900.0,0,0.0,6,24.0,6,668.49,595032.7,1247430656,false,cpu_limit
CV_h7s5n31.txt,BBLCT,5,7,25,25,900.0,0,0.0,2,8.0,7,830.07,595025.3,1366246400,false,cpu_limit
CV_h7s5n32.txt,BBLCT,5,7,25,25,900.0,2,8.0,3,12.0,5,616.70,595039.9,1163079680,false,cpu_limit
CV_h7s5n33.txt,BBLCT,5,7,25,25,900.0,0,0.0,3,12.0,6,697.49,595036.8,1268645888,false,cpu_limit
CV_h7s5n34.txt,BBLCT,5,7,25,25,900.0,1,4.0,4,16.0,7,778.41,595032.6,1181624320,false,cpu_limit
CV_h7s5n35.txt,BBLCT,5,7,25,25,900.0,0,0.0,5,20.0,6,647.20,595028.5,1335486464,false,cpu_limit
CV_h7s5n36.txt,BBLCT,5,7,25,25,900.0,0,0.0,4,16.0,7,819.36,595029.0,1262604288,false,cpu_limit
CV_h7s5n37.txt,BBLCT,5,7,25,25,900.0,1,4.0,2,8.0,5,619.36,595028.0,1215086592,false,cpu_limit
CV_h7s5n38.txt,BBLCT,5,7,25,25,900.0,1,4.0,5,20.0,6,675.86,595025.1,1204869120,false,cpu_limit
CV_h7s5n39.txt,BBLCT,5,7,25,25,900.0,0,0.0,4,16.0,5,622.95,595035.2,1265902592,false,cpu_limit
CV_h7s5n4.txt,BBLCT,5,7,25,25,900.0,0,0.0,3,12.0,7,831.68,595033.0,1229355008,false,cpu_limit
CV_h7s5n40.txt,BBLCT,5,7,25,25,900.0,0,0.0,3,12.0,5,601.86,595033.0,1249636352,false,cpu_limit
CV_h7s5n5.txt,BBLCT,5,7,25,25,900.0,1,4.0,5,20.0,5,584.60,595033.4,1181153280,false,cpu_limit
CV_h7s5n6.txt,BBLCT,5,7,25,25,900.0,0,0.0,5,20.0,7,814.37,595032.2,1186009088,false,cpu_limit
CV_h7s5n7.txt,BBLCT,5,7,25,25,900.0,0,0.0,2,8.0,5,553.00,595032.6,1333703680,false,cpu_limit
CV_h7s5n8.txt,BBLCT,5,7,25,25,900.0,0,0.0,1,4.0,3,355.79,595032.6,1373721600,false,cpu_limit
CV_h7s5n9.txt,BBLCT,5,7,25,25,900.0,0,0.0,3,12.0,6,666.05,595030.7,1263475712,false,cpu_limit
CV_h7s6n1.txt,BBLCT,6,7,30,30,900.0,0,0.0,1,3.3,4,439.95,595030.8,1004348416,false,cpu_limit
CV_h7s6n10.txt,BBLCT,6,7,30,30,900.0,0,0.0,1,3.3,5,575.60,595034.6,965533696,false,cpu_limit
CV_h7s6n11.txt,BBLCT,6,7,30,30,900.0,0,0.0,4,13.3,7,860.50,595030.6,890585088,false,cpu_limit
CV_h7s6n12.txt,BBLCT,6,7,30,30,900.0,0,0.0,5,16.7,7,841.75,595035.0,1035194368,false,cpu_limit
CV_h7s6n13.txt,BBLCT,6,7,30,30,900.0,0,0.0,3,10.0,6,713.50,595032.8,870697984,false,cpu_limit
CV_h7s6n14.txt,BBLCT,6,7,30,30,900.0,2,6.7,6,20.0,7,802.87,595026.8,918840320,false,cpu_limit
CV_h7s6n15.txt,BBLCT,6,7,30,30,900.0,0,0.0,6,20.0,7,849.06,595029.5,995287040,false,cpu_limit
CV_h7s6n16.txt,BBLCT,6,7,30,30,900.0,0,0.0,3,10.0,7,790.82,595026.9,1026903040,false,cpu_limit
CV_h7s6n17.txt,BBLCT,6,7,30,30,900.0,0,0.0,4,13.3,4,437.70,595035.8,985597952,false,cpu_limit
CV_h7s6n18.txt,BBLCT,6,7,30,30,900.0,0,0.0,2,6.7,5,575.56,595027.6,1005457408,false,cpu_limit
CV_h7s6n19.txt,BBLCT,6,7,30,30,900.0,0,0.0,1,3.3,5,574.34,595027.7,992021504,false,cpu_limit
CV_h7s6n2.txt,BBLCT,6,7,30,30,900.0,0,0.0,3,10.0,6,672.50,595030.4,928488448,false,cpu_limit
CV_h7s6n20.txt,BBLCT,6,7,30,30,900.0,0,0.0,1,3.3,5,579.50,595031.2,930673664,false,cpu_limit
CV_h7s6n21.txt,BBLCT,6,7,30,30,900.0,0,0.0,3,10.0,7,845.67,595027.8,1029673984,false,cpu_limit
CV_h7s6n22.txt,BBLCT,6,7,30,30,900.0,0,0.0,2,6.7,7,817.32,595029.8,960816128,false,cpu_limit
CV_h7s6n23.txt,BBLCT,6,7,30,30,900.0,1,3.3,3,10.0,6,731.58,595031.2,928142336,false,cpu_limit
CV_h7s6n24.txt,BBLCT,6,7,30,30,900.0,0,0.0,1,3.3,6,717.51,595027.7,1016852480,false,cpu_limit
CV_h7s6n25.txt,BBLCT,6,7,30,30,900.0,1,3.3,3,10.0,7,855.87,595026.6,946505728,false,cpu_limit
CV_h7s6n26.txt,BBLCT,6,7,30,30,900.0,0,0.0,1,3.3,7,828.57,595027.8,1036921856,false,cpu_limit
CV_h7s6n27.txt,BBLCT,6,7,30,30,900.0,0,0.0,1,3.3,6,721.45,595027.7,932245504,false,cpu_limit
CV_h7s6n28.txt,BBLCT,6,7,30,30,900.0,0,0.0,1,3.3,6,721.45,595028.1,931586048,false,cpu_limit
CV_h7s6n29.txt,BBLCT,6,7,30,30,900.0,0,0.0,1,3.3,5,543.64,595033.4,1023574016,false,cpu_limit
CV_h7s6n3.txt,BBLCT,6,7,30,30,900.0,1,3.3,4,13.3,7,839.27,595030.6,926115840,false,cpu_limit
CV_h7s6n30.txt,BBLCT,6,7,30,30,900.0,0,0.0,5,16.7,6,730.68,595028.1,931120128,false,cpu_limit
CV_h7s6n31.txt,BBLCT,6,7,30,30,900.0,0,0.0,3,10.0,8,898.28,595029.1,967069696,false,cpu_limit
CV_h7s6n32.txt,BBLCT,6,7,30,30,900.0,0,0.0,2,6.7,6,730.68,595032.8,930183168,false,cpu_limit
CV_h7s6n33.txt,BBLCT,6,7,30,30,900.0,2,6.7,4,13.3,7,861.70,595026.7,829921280,false,cpu_limit
CV_h7s6n34.txt,BBLCT,6,7,30,30,900.0,0,0.0,3,10.0,4,428.60,595032.9,901314560,false,cpu_limit
CV_h7s6n35.txt,BBLCT,6,7,30,30,900.0,0,0.0,3,10.0,4,459.81,595032.1,919942144,false,cpu_limit
CV_h7s6n36.txt,BBLCT,6,7,30,30,900.0,0,0.0,1,3.3,4,497.74,595029.7,1045784576,false,cpu_limit
CV_h7s6n37.txt,BBLCT,6,7,30,30,900.0,0,0.0,1,3.3,4,443.90,595030.4,929153024,false,cpu_limit
CV_h7s6n38.txt,BBLCT,6,7,30,30,900.0,0,0.0,2,6.7,5,607.84,595033.8,1039875072,false,cpu_limit
CV_h7s6n39.txt,BBLCT,6,7,30,30,900.0,1,3.3,4,13.3,5,543.64,595033.6,915415040,false,cpu_limit
CV_h7s6n4.txt,BBLCT,6,7,30,30,900.0,0,0.0,3,10.0,7,854.55,595033.0,1017988096,false,cpu_limit
CV_h7s6n40.txt,BBLCT,6,7,30,30,900.0,0,0.0,2,6.7,6,735.52,595032.2,927683584,false,cpu_limit
CV_h7s6n5.txt,BBLCT,6,7,30,30,900.0,0,0.0,2,6.7,7,868.79,595027.5,1042588672,false,cpu_limit
CV_h7s6n6.txt,BBLCT,6,7,30,30,900.0,0,0.0,9,30.0,7,749.80,595036.3,989385728,false,cpu_limit
CV_h7s6n7.txt,BBLCT,6,7,30,30,900.0,0,0.0,1,3.3,6,721.45,595033.8,929169408,false,cpu_limit
CV_h7s6n8.txt,BBLCT,6,7,30,30,900.0,4,13.3,5,16.7,5,563.67,595038.1,852527104,false,cpu_limit
CV_h7s6n9.txt,BBLCT,6,7,30,30,900.0,0,0.0,3,10.0,7,872.96,595032.3,1017013248,false,cpu_limit
CV_h7s7n1.txt,BBLCT,7,7,35,35,900.0,2,5.7,6,17.1,7,755.09,595031.9,647378944,false,cpu_limit
CV_h7s7n10.txt,BBLCT,7,7,35,35,900.0,2,5.7,3,8.6,8,887.39,595029.7,732729344,false,cpu_limit
CV_h7s7n11.txt,BBLCT,7,7,35,35,900.0,1,2.9,2,5.7,7,751.20,595026.6,761615360,false,cpu_limit
CV_h7s7n12.txt,BBLCT,7,7,35,35,900.0,0,0.0,4,11.4,7,785.41,595027.6,767556608,false,cpu_limit
CV_h7s7n13.txt,BBLCT,7,7,35,35,900.0,0,0.0,4,11.4,8,849.07,595026.6,775814144,false,cpu_limit
CV_h7s7n14.txt,BBLCT,7,7,35,35,900.0,2,5.7,4,11.4,7,739.59,595029.0,687219712,false,cpu_limit
CV_h7s7n15.txt,BBLCT,7,7,35,35,900.0,0,0.0,2,5.7,8,896.76,595033.9,798906368,false,cpu_limit
CV_h7s7n16.txt,BBLCT,7,7,35,35,900.0,0,0.0,1,2.9,6,611.83,595033.7,794962944,false,cpu_limit
CV_h7s7n17.txt,BBLCT,7,7,35,35,900.0,3,8.6,5,14.3,5,523.61,595030.3,632916992,false,cpu_limit
CV_h7s7n18.txt,BBLCT,7,7,35,35,900.0,0,0.0,1,2.9,7,783.99,595038.7,778113024,false,cpu_limit
CV_h7s7n19.txt,BBLCT,7,7,35,35,900.0,0,0.0,1,2.9,5,521.02,595035.2,738888704,false,cpu_limit
CV_h7s7n2.txt,BBLCT,7,7,35,35,900.0,0,0.0,1,2.9,7,788.97,595034.5,764595200,false,cpu_limit
CV_h7s7n20.txt,BBLCT,7,7,35,35,900.0,0,0.0,1,2.9,6,652.50,595033.2,723983360,false,cpu_limit
CV_h7s7n21.txt,BBLCT,7,7,35,35,900.0,0,0.0,1,2.9,7,790.39,595032.9,789367808,false,cpu_limit
CV_h7s7n22.txt,BBLCT,7,7,35,35,900.0,0,0.0,1,2.9,7,783.99,595032.9,774409216,false,cpu_limit
CV_h7s7n23.txt,BBLCT,7,7,35,35,900.0,0,0.0,3,8.6,6,599.70,595033.2,713871360,false,cpu_limit
CV_h7s7n24.txt,BBLCT,7,7,35,35,900.0,0,0.0,6,17.1,6,684.81,595032.4,739174400,false,cpu_limit
CV_h7s7n25.txt,BBLCT,7,7,35,35,900.0,0,0.0,5,14.3,8,882.85,595030.6,727479296,false,cpu_limit
CV_h7s7n26.txt,BBLCT,7,7,35,35,900.0,0,0.0,6,17.1,6,626.16,595028.0,732220416,false,cpu_limit
CV_h7s7n27.txt,BBLCT,7,7,35,35,900.0,0,0.0,3,8.6,7,809.52,595030.2,707556352,false,cpu_limit
CV_h7s7n28.txt,BBLCT,7,7,35,35,900.0,0,0.0,4,11.4,8,873.48,595027.0,779947008,false,cpu_limit
CV_h7s7n29.txt,BBLCT,7,7,35,35,900.0,0,0.0,1,2.9,6,646.09,595026.1,762422272,false,cpu_limit
CV_h7s7n3.txt,BBLCT,7,7,35,35,900.0,0,0.0,1,2.9,7,790.39,595031.6,790389760,false,cpu_limit
CV_h7s7n30.txt,BBLCT,7,7,35,35,900.0,0,0.0,2,5.7,5,613.46,595026.9,764881920,false,cpu_limit
CV_h7s7n31.txt,BBLCT,7,7,35,35,900.0,0,0.0,3,8.6,8,850.78,595027.3,724631552,false,cpu_limit
CV_h7s7n32.txt,BBLCT,7,7,35,35,900.0,1,2.9,3,8.6,8,847.01,595030.9,710382592,false,cpu_limit
CV_h7s7n33.txt,BBLCT,7,7,35,35,900.0,0,0.0,2,5.7,7,791.81,595035.9,756451328,false,cpu_limit
CV_h7s7n34.txt,BBLCT,7,7,35,35,900.0,0,0.0,2,5.7,8,884.63,595030.9,775662592,false,cpu_limit
CV_h7s7n35.txt,BBLCT,7,7,35,35,900.0,0,0.0,3,8.6,8,896.76,595030.4,728494080,false,cpu_limit
CV_h7s7n36.txt,BBLCT,7,7,35,35,900.0,1,2.9,3,8.6,6,652.50,595030.5,712736768,false,cpu_limit
CV_h7s7n37.txt,BBLCT,7,7,35,35,900.0,0,0.0,2,5.7,6,611.83,595030.1,793695232,false,cpu_limit
CV_h7s7n38.txt,BBLCT,7,7,35,35,900.0,0,0.0,4,11.4,8,873.48,595035.6,787295232,false,cpu_limit
CV_h7s7n39.txt,BBLCT,7,7,35,35,900.0,0,0.0,3,8.6,7,752.47,595028.7,796011520,false,cpu_limit
CV_h7s7n4.txt,BBLCT,7,7,35,35,900.0,0,0.0,4,11.4,7,725.37,595027.2,779295744,false,cpu_limit
CV_h7s7n40.txt,BBLCT,7,7,35,35,900.0,0,0.0,4,11.4,8,868.50,595029.2,781749248,false,cpu_limit
CV_h7s7n5.txt,BBLCT,7,7,35,35,900.0,0,0.0,2,5.7,7,868.79,595027.6,785618944,false,cpu_limit
CV_h7s7n6.txt,BBLCT,7,7,35,35,900.0,0,0.0,1,2.9,6,652.50,595027.0,725025792,false,cpu_limit
CV_h7s7n7.txt,BBLCT,7,7,35,35,900.0,0,0.0,9,25.7,8,873.68,595027.2,707369984,false,cpu_limit
CV_h7s7n8.txt,BBLCT,7,7,35,35,900.0,1,2.9,3,8.6,4,400.78,595028.1,659023872,false,cpu_limit
CV_h7s7n9.txt,BBLCT,7,7,35,35,900.0,0,0.0,2,5.7,8,833.02,595027.2,794141696,false,cpu_limit
CV_h7s8n1.txt,BBLCT,8,7,40,40,900.0,0,0.0,2,5.0,7,862.84,595028.6,533463040,false,cpu_limit
CV_h7s8n10.txt,BBLCT,8,7,40,40,900.0,0,0.0,3,7.5,7,862.84,595036.3,515237888,false,cpu_limit
CV_h7s8n11.txt,BBLCT,8,7,40,40,900.0,1,2.5,3,7.5,6,729.58,595031.5,528787456,false,cpu_limit
CV_h7s8n12.txt,BBLCT,8,7,40,40,900.0,0,0.0,2,5.0,5,579.50,595030.8,536717312,false,cpu_limit
CV_h7s8n13.txt,BBLCT,8,7,40,40,900.0,0,0.0,2,5.0,4,457.71,595028.3,537030656,false,cpu_limit
CV_h7s8n14.txt,BBLCT,8,7,40,40,900.0,0,0.0,1,2.5,7,847.84,595028.9,560582656,false,cpu_limit
CV_h7s8n15.txt,BBLCT,8,7,40,40,900.0,1,2.5,2,5.0,5,575.56,595028.3,530243584,false,cpu_limit
CV_h7s8n16.txt,BBLCT,8,7,40,40,900.0,0,0.0,2,5.0,7,769.27,595029.8,572933120,false,cpu_limit
CV_h7s8n17.txt,BBLCT,8,7,40,40,900.0,0,0.0,4,10.0,8,893.36,595029.9,572228608,false,cpu_limit
CV_h7s8n18.txt,BBLCT,8,7,40,40,900.0,0,0.0,4,10.0,8,888.53,595032.1,516624384,false,cpu_limit
CV_h7s8n19.txt,BBLCT,8,7,40,40,900.0,0,0.0,2,5.0,7,858.32,595033.2,536675328,false,cpu_limit
CV_h7s8n2.txt,BBLCT,8,7,40,40,900.0,0,0.0,4,10.0,7,847.84,595032.8,563219456,false,cpu_limit
CV_h7s8n20.txt,BBLCT,8,7,40,40,900.0,1,2.5,6,15.0,6,723.57,595034.0,489256960,false,cpu_limit
CV_h7s8n21.txt,BBLCT,8,7,40,40,900.0,0,0.0,3,7.5,6,626.06,595029.1,568847360,false,cpu_limit
CV_h7s8n22.txt,BBLCT,8,7,40,40,900.0,0,0.0,3,7.5,8,852.82,595030.1,569377792,false,cpu_limit
CV_h7s8n23.txt,BBLCT,8,7,40,40,900.0,1,2.5,2,5.0,4,460.06,595028.2,502750208,false,cpu_limit
CV_h7s8n24.txt,BBLCT,8,7,40,40,900.0,0,0.0,5,12.5,8,858.66,595037.5,546219008,false,cpu_limit
CV_h7s8n25.txt,BBLCT,8,7,40,40,900.0,0,0.0,5,12.5,7,859.52,595037.0,488274944,false,cpu_limit
CV_h7s8n26.txt,BBLCT,8,7,40,40,900.0,1,2.5,1,2.5,0,0.00,595032.8,580062208,false,cpu_limit
CV_h7s8n27.txt,BBLCT,8,7,40,40,900.0,0,0.0,1,2.5,7,847.84,595036.2,564048896,false,cpu_limit
CV_h7s8n28.txt,BBLCT,8,7,40,40,900.0,0,0.0,4,10.0,8,852.36,595031.1,546161664,false,cpu_limit
CV_h7s8n29.txt,BBLCT,8,7,40,40,900.0,0,0.0,1,2.5,7,850.37,595026.9,544912384,false,cpu_limit
CV_h7s8n3.txt,BBLCT,8,7,40,40,900.0,0,0.0,2,5.0,7,811.49,595032.6,565405696,false,cpu_limit
CV_h7s8n30.txt,BBLCT,8,7,40,40,900.0,0,0.0,1,2.5,7,850.37,595037.3,543575040,false,cpu_limit
CV_h7s8n31.txt,BBLCT,8,7,40,40,900.0,1,2.5,3,7.5,7,854.24,595037.2,516420608,false,cpu_limit
CV_h7s8n32.txt,BBLCT,8,7,40,40,900.0,0,0.0,1,2.5,7,808.80,595028.0,576074752,false,cpu_limit
CV_h7s8n33.txt,BBLCT,8,7,40,40,900.0,1,2.5,2,5.0,7,760.35,595032.6,558934016,false,cpu_limit
CV_h7s8n34.txt,BBLCT,8,7,40,40,900.0,0,0.0,4,10.0,8,856.54,595032.7,524189696,false,cpu_limit
CV_h7s8n35.txt,BBLCT,8,7,40,40,900.0,0,0.0,2,5.0,7,808.80,595036.1,553647104,false,cpu_limit
CV_h7s8n36.txt,BBLCT,8,7,40,40,900.0,0,0.0,4,10.0,5,554.64,595033.0,560177152,false,cpu_limit
CV_h7s8n37.txt,BBLCT,8,7,40,40,900.0,0,0.0,2,5.0,4,468.42,595038.6,518104064,false,cpu_limit
CV_h7s8n38.txt,BBLCT,8,7,40,40,900.0,0,0.0,4,10.0,8,888.04,595030.9,570566656,false,cpu_limit
CV_h7s8n39.txt,BBLCT,8,7,40,40,900.0,0,0.0,2,5.0,7,767.85,595026.9,569069568,false,cpu_limit
CV_h7s8n4.txt,BBLCT,8,7,40,40,900.0,0,0.0,1,2.5,5,579.50,595033.1,539636736,false,cpu_limit
CV_h7s8n40.txt,BBLCT,8,7,40,40,900.0,0,0.0,2,5.0,7,854.42,595026.4,541333504,false,cpu_limit
CV_h7s8n5.txt,BBLCT,8,7,40,40,900.0,0,0.0,3,7.5,7,861.57,595027.7,548282368,false,cpu_limit
CV_h7s8n6.txt,BBLCT,8,7,40,40,900.0,0,0.0,1,2.5,6,705.37,595026.2,548190208,false,cpu_limit
CV_h7s8n7.txt,BBLCT,8,7,40,40,900.0,0,0.0,7,17.5,7,787.77,595033.5,527246336,false,cpu_limit
CV_h7s8n8.txt,BBLCT,8,7,40,40,900.0,1,2.5,3,7.5,7,766.30,595032.7,532052992,false,cpu_limit
CV_h7s8n9.txt,BBLCT,8,7,40,40,900.0,0,0.0,1,2.5,6,703.02,595034.1,561145856,false,cpu_limit
CV_h7s9n1.txt,BBLCT,9,7,45,45,900.0,0,0.0,1,2.2,5,579.50,595029.2,449117184,false,cpu_limit
CV_h7s9n10.txt,BBLCT,9,7,45,45,900.0,1,2.2,2,4.4,6,717.64,595033.0,424707072,false,cpu_limit
CV_h7s9n11.txt,BBLCT,9,7,45,45,900.0,1,2.2,2,4.4,5,579.50,595033.7,422510592,false,cpu_limit
CV_h7s9n12.txt,BBLCT,9,7,45,45,900.0,0,0.0,2,4.4,7,869.53,595030.3,480780288,false,cpu_limit
CV_h7s9n13.txt,BBLCT,9,7,45,45,900.0,1,2.2,3,6.7,7,868.97,595035.4,422788096,false,cpu_limit
CV_h7s9n14.txt,BBLCT,9,7,45,45,900.0,0,0.0,1,2.2,4,469.69,595026.7,431521792,false,cpu_limit
CV_h7s9n15.txt,BBLCT,9,7,45,45,900.0,0,0.0,5,11.1,6,694.70,595025.8,423033856,false,cpu_limit
CV_h7s9n16.txt,BBLCT,9,7,45,45,900.0,0,0.0,1,2.2,7,850.37,595027.0,401795072,false,cpu_limit
CV_h7s9n17.txt,BBLCT,9,7,45,45,900.0,0,0.0,1,2.2,7,756.97,595030.6,473021440,false,cpu_limit
CV_h7s9n18.txt,BBLCT,9,7,45,45,900.0,2,4.4,3,6.7,7,869.08,595032.3,422916096,false,cpu_limit
CV_h7s9n19.txt,BBLCT,9,7,45,45,900.0,0,0.0,1,2.2,6,710.69,595034.0,451792896,false,cpu_limit
CV_h7s9n2.txt,BBLCT,9,7,45,45,900.0,0,0.0,2,4.4,8,870.01,595025.0,459784192,false,cpu_limit
CV_h7s9n20.txt,BBLCT,9,7,45,45,900.0,0,0.0,3,6.7,6,680.12,595025.9,460558336,false,cpu_limit
CV_h7s9n21.txt,BBLCT,9,7,45,45,900.0,0,0.0,1,2.2,6,700.68,595028.0,466287616,false,cpu_limit
CV_h7s9n22.txt,BBLCT,9,7,45,45,900.0,0,0.0,3,6.7,6,679.60,595024.9,468457472,false,cpu_limit
CV_h7s9n23.txt,BBLCT,9,7,45,45,900.0,0,0.0,1,2.2,7,849.06,595037.2,470773760,false,cpu_limit
CV_h7s9n24.txt,BBLCT,9,7,45,45,900.0,0,0.0,2,4.4,5,567.77,595029.5,438924288,false,cpu_limit
CV_h7s9n25.txt,BBLCT,9,7,45,45,900.0,1,2.2,2,4.4,7,861.86,595028.3,458754048,false,cpu_limit
CV_h7s9n26.txt,BBLCT,9,7,45,45,900.0,0,0.0,3,6.7,8,856.54,595030.2,450454528,false,cpu_limit
CV_h7s9n27.txt,BBLCT,9,7,45,45,900.0,0,0.0,3,6.7,7,753.14,595030.6,444431360,false,cpu_limit
CV_h7s9n28.txt,BBLCT,9,7,45,45,900.0,1,2.2,3,6.7,6,636.61,595029.7,447493120,false,cpu_limit
CV_h7s9n29.txt,BBLCT,9,7,45,45,900.0,0,0.0,2,4.4,7,849.10,595032.2,445889536,false,cpu_limit
CV_h7s9n3.txt,BBLCT,9,7,45,45,900.0,0,0.0,2,4.4,6,712.47,595028.0,446728192,false,cpu_limit
CV_h7s9n30.txt,BBLCT,9,7,45,45,900.0,1,2.2,2,4.4,7,756.97,595029.6,439319552,false,cpu_limit
CV_h7s9n31.txt,BBLCT,9,7,45,45,900.0,0,0.0,3,6.7,7,814.39,595032.4,454849536,false,cpu_limit
CV_h7s9n32.txt,BBLCT,9,7,45,45,900.0,0,0.0,2,4.4,4,461.76,595026.9,437819392,false,cpu_limit
CV_h7s9n33.txt,BBLCT,9,7,45,45,900.0,0,0.0,1,2.2,7,859.59,595036.1,447273984,false,cpu_limit
CV_h7s9n34.txt,BBLCT,9,7,45,45,900.0,0,0.0,2,4.4,7,819.82,595028.5,439349248,false,cpu_limit
CV_h7s9n35.txt,BBLCT,9,7,45,45,900.0,0,0.0,1,2.2,4,455.36,595028.8,457553920,false,cpu_limit
CV_h7s9n36.txt,BBLCT,9,7,45,45,900.0,0,0.0,1,2.2,6,630.37,595033.3,469695488,false,cpu_limit
CV_h7s9n37.txt,BBLCT,9,7,45,45,900.0,1,2.2,2,4.4,8,889.75,595036.0,438511616,false,cpu_limit
CV_h7s9n38.txt,BBLCT,9,7,45,45,900.0,0,0.0,2,4.4,7,823.62,595033.4,433079296,false,cpu_limit
CV_h7s9n39.txt,BBLCT,9,7,45,45,900.0,1,2.2,2,4.4,5,588.73,595034.7,417390592,false,cpu_limit
CV_h7s9n4.txt,BBLCT,9,7,45,45,900.0,0,0.0,4,8.9,6,660.15,595034.7,448992256,false,cpu_limit
CV_h7s9n40.txt,BBLCT,9,7,45,45,900.0,0,0.0,0,0.0,0,0.00,595037.3,489746432,false,cpu_limit
CV_h7s9n5.txt,BBLCT,9,7,45,45,900.0,1,2.2,3,6.7,6,679.60,595035.2,445727744,false,cpu_limit
CV_h7s9n6.txt,BBLCT,9,7,45,45,900.0,1,2.2,2,4.4,5,582.03,595036.7,431842304,false,cpu_limit
CV_h7s9n7.txt,BBLCT,9,7,45,45,900.0,0,0.0,2,4.4,7,855.80,595027.5,461818880,false,cpu_limit
CV_h7s9n8.txt,BBLCT,9,7,45,45,900.0,0,0.0,2,4.4,7,739.21,595035.6,448030720,false,cpu_limit
CV_h7s9n9.txt,BBLCT,9,7,45,45,900.0,0,0.0,2,4.4,7,847.84,595029.1,467479552,false,cpu_limit
CV_h8s10n1.txt,BBLCT,10,8,60,60,900.0,0,0.0,2,3.3,7,813.58,595042.4,369650688,false,cpu_limit
CV_h8s10n10.txt,BBLCT,10,8,60,60,900.0,0,0.0,3,5.0,7,812.16,595034.3,378172416,false,cpu_limit
CV_h8s10n11.txt,BBLCT,10,8,60,60,900.0,0,0.0,0,0.0,0,0.00,595027.1,390327296,false,cpu_limit
CV_h8s10n12.txt,BBLCT,10,8,60,60,900.0,0,0.0,2,3.3,6,644.91,595035.5,392461312,false,cpu_limit
CV_h8s10n13.txt,BBLCT,10,8,60,60,900.0,0,0.0,0,0.0,0,0.00,595036.2,393663488,false,cpu_limit
CV_h8s10n14.txt,BBLCT,10,8,60,60,900.0,0,0.0,1,1.7,4,497.74,595031.2,393102336,false,cpu_limit
CV_h8s10n15.txt,BBLCT,10,8,60,60,900.0,0,0.0,1,1.7,8,890.04,595026.3,378587136,false,cpu_limit
CV_h8s10n16.txt,BBLCT,10,8,60,60,900.0,0,0.0,1,1.7,6,700.68,595029.9,379963392,false,cpu_limit
CV_h8s10n17.txt,BBLCT,10,8,60,60,900.0,0,0.0,1,1.7,7,786.43,595031.1,371267584,false,cpu_limit
CV_h8s10n18.txt,BBLCT,10,8,60,60,900.0,0,0.0,1,1.7,7,792.85,595037.8,355092480,false,cpu_limit
CV_h8s10n19.txt,BBLCT,10,8,60,60,900.0,0,0.0,2,3.3,7,762.30,595041.1,367077376,false,cpu_limit
CV_h8s10n2.txt,BBLCT,10,8,60,60,900.0,0,0.0,4,6.7,7,788.03,595027.1,375976960,false,cpu_limit
CV_h8s10n20.txt,BBLCT,10,8,60,60,900.0,1,1.7,4,6.7,7,875.10,595029.1,333889536,false,cpu_limit
CV_h8s10n21.txt,BBLCT,10,8,60,60,900.0,0,0.0,1,1.7,8,890.04,595033.4,385830912,false,cpu_limit
CV_h8s10n22.txt,BBLCT,10,8,60,60,900.0,0,0.0,1,1.7,6,700.68,595043.7,378933248,false,cpu_limit
CV_h8s10n23.txt,BBLCT,10,8,60,60,900.0,0,0.0,0,0.0,0,0.00,595041.4,393293824,false,cpu_limit
CV_h8s10n24.txt,BBLCT,10,8,60,60,900.0,0,0.0,2,3.3,6,700.68,595040.0,380442624,false,cpu_limit
CV_h8s10n25.txt,BBLCT,10,8,60,60,900.0,1,1.7,3,5.0,7,855.50,595038.7,352888832,false,cpu_limit
CV_h8s10n26.txt,BBLCT,10,8,60,60,900.0,1,1.7,3,5.0,7,777.01,595035.2,348429312,false,cpu_limit
CV_h8s10n27.txt,BBLCT,10,8,60,60,900.0,1,1.7,2,3.3,6,654.72,595033.3,351386624,false,cpu_limit
CV_h8s10n28.txt,BBLCT,10,8,60,60,900.0,0,0.0,3,5.0,7,849.06,595032.1,387290112,false,cpu_limit
CV_h8s10n29.txt,BBLCT,10,8,60,60,900.0,0,0.0,0,0.0,0,0.00,595027.3,380941312,false,cpu_limit
CV_h8s10n3.txt,BBLCT,10,8,60,60,900.0,0,0.0,2,3.3,6,675.13,595028.5,377794560,false,cpu_limit
CV_h8s10n30.txt,BBLCT,10,8,60,60,900.0,0,0.0,2,3.3,7,812.16,595040.6,380181504,false,cpu_limit
CV_h8s10n31.txt,BBLCT,10,8,60,60,900.0,1,1.7,3,5.0,7,781.03,595034.9,333602816,false,cpu_limit
CV_h8s10n32.txt,BBLCT,10,8,60,60,900.0,0,0.0,1,1.7,7,787.69,595028.2,365462528,false,cpu_limit
CV_h8s10n33.txt,BBLCT,10,8,60,60,900.0,0,0.0,1,1.7,6,655.98,595036.8,370296832,false,cpu_limit
CV_h8s10n34.txt,BBLCT,10,8,60,60,900.0,0,0.0,1,1.7,6,630.66,595033.2,392932352,false,cpu_limit
CV_h8s10n35.txt,BBLCT,10,8,60,60,900.0,1,1.7,5,8.3,7,748.73,595033.9,371725312,false,cpu_limit
CV_h8s10n36.txt,BBLCT,10,8,60,60,900.0,0,0.0,4,6.7,7,829.03,595032.0,391856128,false,cpu_limit
CV_h8s10n37.txt,BBLCT,10,8,60,60,900.0,0,0.0,0,0.0,0,0.00,595028.5,369857536,false,cpu_limit
CV_h8s10n38.txt,BBLCT,10,8,60,60,900.0,0,0.0,1,1.7,5,662.66,595034.4,397159424,false,cpu_limit
CV_h8s10n39.txt,BBLCT,10,8,60,60,900.0,0,0.0,0,0.0,0,0.00,595025.3,387901440,false,cpu_limit
CV_h8s10n4.txt,BBLCT,10,8,60,60,900.0,0,0.0,1,1.7,8,890.04,595032.7,378759168,false,cpu_limit
CV_h8s10n40.txt,BBLCT,10,8,60,60,900.0,0,0.0,1,1.7,6,657.25,595029.5,366418944,false,cpu_limit
CV_h8s10n5.txt,BBLCT,10,8,60,60,900.0,0,0.0,3,5.0,7,858.32,595040.1,366130176,false,cpu_limit
CV_h8s10n6.txt,BBLCT,10,8,60,60,900.0,0,0.0,2,3.3,7,794.50,595029.6,343794688,false,cpu_limit
CV_h8s10n7.txt,BBLCT,10,8,60,60,900.0,0,0.0,0,0.0,0,0.00,595025.5,375161856,false,cpu_limit
CV_h8s10n8.txt,BBLCT,10,8,60,60,900.0,1,1.7,2,3.3,7,788.95,595031.1,348390400,false,cpu_limit
CV_h8s10n9.txt,BBLCT,10,8,60,60,900.0,1,1.7,3,5.0,5,541.11,595029.4,350801920,false,cpu_limit
CV_h8s6n1.txt,BBLCT,6,8,36,36,900.0,0,0.0,2,5.6,6,676.55,595031.6,917633024,false,cpu_limit
CV_h8s6n10.txt,BBLCT,6,8,36,36,900.0,1,2.8,6,16.7,7,785.51,595033.6,853969920,false,cpu_limit
CV_h8s6n11.txt,BBLCT,6,8,36,36,900.0,0,0.0,2,5.6,7,847.85,595032.0,941835264,false,cpu_limit
CV_h8s6n12.txt,BBLCT,6,8,36,36,900.0,1,2.8,5,13.9,6,721.45,595031.4,872899584,false,cpu_limit
CV_h8s6n13.txt,BBLCT,6,8,36,36,900.0,0,0.0,2,5.6,5,547.38,595031.7,948771840,false,cpu_limit
CV_h8s6n14.txt,BBLCT,6,8,36,36,900.0,0,0.0,5,13.9,5,577.90,595025.8,941265920,false,cpu_limit
CV_h8s6n15.txt,BBLCT,6,8,36,36,900.0,0,0.0,1,2.8,7,828.57,595027.5,1020407808,false,cpu_limit
CV_h8s6n16.txt,BBLCT,6,8,36,36,900.0,0,0.0,2,5.6,7,817.32,595033.9,935394304,false,cpu_limit
CV_h8s6n17.txt,BBLCT,6,8,36,36,900.0,0,0.0,2,5.6,5,580.92,595031.9,915057664,false,cpu_limit
CV_h8s6n18.txt,BBLCT,6,8,36,36,900.0,1,2.8,2,5.6,5,538.66,595037.7,927276032,false,cpu_limit
CV_h8s6n19.txt,BBLCT,6,8,36,36,900.0,0,0.0,1,2.8,5,575.60,595031.2,937356288,false,cpu_limit
CV_h8s6n2.txt,BBLCT,6,8,36,36,900.0,0,0.0,2,5.6,6,717.51,595031.0,1002535936,false,cpu_limit
CV_h8s6n20.txt,BBLCT,6,8,36,36,900.0,0,0.0,3,8.3,6,681.43,595037.2,886334464,false,cpu_limit
CV_h8s6n21.txt,BBLCT,6,8,36,36,900.0,0,0.0,2,5.6,7,855.07,595030.3,915355648,false,cpu_limit
CV_h8s6n22.txt,BBLCT,6,8,36,36,900.0,0,0.0,1,2.8,5,575.56,595030.8,1001911296,false,cpu_limit
CV_h8s6n23.txt,BBLCT,6,8,36,36,900.0,1,2.8,5,13.9,4,460.06,595028.5,866619392,false,cpu_limit
CV_h8s6n24.txt,BBLCT,6,8,36,36,900.0,0,0.0,1,2.8,7,873.39,595027.0,981761024,false,cpu_limit
CV_h8s6n25.txt,BBLCT,6,8,36,36,900.0,0,0.0,1,2.8,5,574.34,595028.5,983360512,false,cpu_limit
CV_h8s6n26.txt,BBLCT,6,8,36,36,900.0,0,0.0,1,2.8,7,828.57,595032.3,1021639680,false,cpu_limit
CV_h8s6n27.txt,BBLCT,6,8,36,36,900.0,0,0.0,1,2.8,6,713.50,595028.9,944691200,false,cpu_limit
CV_h8s6n28.txt,BBLCT,6,8,36,36,900.0,0,0.0,4,11.1,5,559.37,595030.7,881754112,false,cpu_limit
CV_h8s6n29.txt,BBLCT,6,8,36,36,900.0,0,0.0,1,2.8,7,828.57,595034.2,1021049856,false,cpu_limit
CV_h8s6n3.txt,BBLCT,6,8,36,36,900.0,0,0.0,0,0.0,0,0.00,595030.9,1027901440,false,cpu_limit
CV_h8s6n30.txt,BBLCT,6,8,36,36,900.0,0,0.0,3,8.3,7,851.90,595032.8,1030418432,false,cpu_limit
CV_h8s6n31.txt,BBLCT,6,8,36,36,900.0,0,0.0,1,2.8,5,575.56,595026.8,1003308032,false,cpu_limit
CV_h8s6n32.txt,BBLCT,6,8,36,36,900.0,0,0.0,2,5.6,5,560.36,595026.8,905563136,false,cpu_limit
CV_h8s6n33.txt,BBLCT,6,8,36,36,900.0,0,0.0,4,11.1,7,809.40,595029.4,889463808,false,cpu_limit
CV_h8s6n34.txt,BBLCT,6,8,36,36,900.0,0,0.0,1,2.8,7,886.37,595031.0,922213376,false,cpu_limit
CV_h8s6n35.txt,BBLCT,6,8,36,36,900.0,1,2.8,2,5.6,6,722.72,595032.1,858190848,false,cpu_limit
CV_h8s6n36.txt,BBLCT,6,8,36,36,900.0,1,2.8,2,5.6,3,327.95,595028.1,886822912,false,cpu_limit
CV_h8s6n37.txt,BBLCT,6,8,36,36,900.0,1,2.8,3,8.3,7,873.60,595024.4,849733632,false,cpu_limit
CV_h8s6n38.txt,BBLCT,6,8,36,36,900.0,0,0.0,3,8.3,4,497.74,595032.2,1028524032,false,cpu_limit
CV_h8s6n39.txt,BBLCT,6,8,36,36,900.0,0,0.0,3,8.3,6,703.02,595037.6,982943744,false,cpu_limit
CV_h8s6n4.txt,BBLCT,6,8,36,36,900.0,0,0.0,1,2.8,6,712.23,595028.0,979412992,false,cpu_limit
CV_h8s6n40.txt,BBLCT,6,8,36,36,900.0,0,0.0,2,5.6,5,665.00,595027.8,1042117632,false,cpu_limit
CV_h8s6n5.txt,BBLCT,6,8,36,36,900.0,0,0.0,3,8.3,7,887.41,595027.9,1040316416,false,cpu_limit
CV_h8s6n6.txt,BBLCT,6,8,36,36,900.0,1,2.8,1,2.8,0,0.00,595027.5,927595520,false,cpu_limit
CV_h8s6n7.txt,BBLCT,6,8,36,36,900.0,0,0.0,2,5.6,6,659.72,595032.2,984934400,false,cpu_limit
CV_h8s6n8.txt,BBLCT,6,8,36,36,900.0,0,0.0,2,5.6,4,437.70,595033.4,988350464,false,cpu_limit
CV_h8s6n9.txt,BBLCT,6,8,36,36,900.0,0,0.0,1,2.8,6,712.23,595031.5,983465984,false,cpu_limit
CV_h12s10n1.txt,BBLCT,10,12,100,100,1200.0,0,0.0,0,0.0,0,0.00,595034.3,383906816,false,cpu_limit
CV_h12s10n10.txt,BBLCT,10,12,100,100,1200.0,1,1.0,1,1.0,0,0.00,595032.4,343104512,false,cpu_limit
CV_h12s10n11.txt,BBLCT,10,12,100,100,1200.0,0,0.0,0,0.0,0,0.00,595026.6,382789632,false,cpu_limit
CV_h12s10n12.txt,BBLCT,10,12,100,100,1200.0,0,0.0,0,0.0,0,0.00,595033.1,382842880,false,cpu_limit
CV_h12s10n13.txt,BBLCT,10,12,100,100,1200.0,0,0.0,2,2.0,8,937.52,595033.1,378911744,false,cpu_limit
CV_h12s10n14.txt,BBLCT,10,12,100,100,1200.0,0,0.0,2,2.0,8,987.21,595027.3,349465600,false,cpu_limit
CV_h12s10n15.txt,BBLCT,10,12,100,100,1200.0,0,0.0,0,0.0,0,0.00,595035.0,376288256,false,cpu_limit
CV_h12s10n16.txt,BBLCT,10,12,100,100,1200.0,0,0.0,1,1.0,8,1007.55,595029.9,369294336,false,cpu_limit
CV_h12s10n17.txt,BBLCT,10,12,100,100,1200.0,0,0.0,0,0.0,0,0.00,595033.7,361154560,false,cpu_limit
CV_h12s10n18.txt,BBLCT,10,12,100,100,1200.0,0,0.0,1,1.0,7,1027.84,595030.1,383157248,false,cpu_limit
CV_h12s10n19.txt,BBLCT,10,12,100,100,1200.0,0,0.0,0,0.0,0,0.00,595028.8,352555008,false,cpu_limit
CV_h12s10n2.txt,BBLCT,10,12,100,100,1200.0,0,0.0,3,3.0,7,847.98,595032.2,349038592,false,cpu_limit
CV_h12s10n20.txt,BBLCT,10,12,100,100,1200.0,0,0.0,1,1.0,7,849.24,595029.0,350519296,false,cpu_limit
CV_h12s10n21.txt,BBLCT,10,12,100,100,1200.0,0,0.0,0,0.0,0,0.00,595035.8,391860224,false,cpu_limit
CV_h12s10n22.txt,BBLCT,10,12,100,100,1200.0,0,0.0,0,0.0,0,0.00,595026.4,364026880,false,cpu_limit
CV_h12s10n23.txt,BBLCT,10,12,100,100,1200.0,0,0.0,0,0.0,0,0.00,595032.5,362805248,false,cpu_limit
CV_h12s10n24.txt,BBLCT,10,12,100,100,1200.0,0,0.0,0,0.0,0,0.00,595038.6,362198016,false,cpu_limit
CV_h12s10n25.txt,BBLCT,10,12,100,100,1200.0,0,0.0,0,0.0,0,0.00,595031.5,383591424,false,cpu_limit
CV_h12s10n26.txt,BBLCT,10,12,100,100,1200.0,1,1.0,1,1.0,0,0.00,595033.6,338696192,false,cpu_limit
CV_h12s10n27.txt,BBLCT,10,12,100,100,1200.0,0,0.0,0,0.0,0,0.00,595033.5,387760128,false,cpu_limit
CV_h12s10n28.txt,BBLCT,10,12,100,100,1200.0,0,0.0,0,0.0,0,0.00,595032.7,387325952,false,cpu_limit
CV_h12s10n29.txt,BBLCT,10,12,100,100,1200.0,0,0.0,2,2.0,10,1189.88,595029.6,348144640,false,cpu_limit
CV_h12s10n3.txt,BBLCT,10,12,100,100,1200.0,0,0.0,3,3.0,9,1103.08,595038.7,329888768,false,cpu_limit
CV_h12s10n30.txt,BBLCT,10,12,100,100,1200.0,0,0.0,0,0.0,0,0.00,595033.5,361570304,false,cpu_limit
CV_h12s10n31.txt,BBLCT,10,12,100,100,1200.0,1,1.0,1,1.0,0,0.00,595035.9,362978304,false,cpu_limit
CV_h12s10n32.txt,BBLCT,10,12,100,100,1200.0,1,1.0,1,1.0,0,0.00,595031.8,340101120,false,cpu_limit
CV_h12s10n33.txt,BBLCT,10,12,100,100,1200.0,0,0.0,0,0.0,0,0.00,595033.1,387874816,false,cpu_limit
CV_h12s10n34.txt,BBLCT,10,12,100,100,1200.0,0,0.0,0,0.0,0,0.00,595031.9,357421056,false,cpu_limit
CV_h12s10n35.txt,BBLCT,10,12,100,100,1200.0,1,1.0,1,1.0,0,0.00,595031.5,348831744,false,cpu_limit
CV_h12s10n36.txt,BBLCT,10,12,100,100,1200.0,0,0.0,1,1.0,9,1064.12,595029.6,380874752,false,cpu_limit
CV_h12s10n37.txt,BBLCT,10,12,100,100,1200.0,4,4.0,4,4.0,0,0.00,595029.6,316880896,false,cpu_limit
CV_h12s10n38.txt,BBLCT,10,12,100,100,1200.0,0,0.0,0,0.0,0,0.00,595027.8,363544576,false,cpu_limit
CV_h12s10n39.txt,BBLCT,10,12,100,100,1200.0,0,0.0,0,0.0,0,0.00,595030.7,362108928,false,cpu_limit
CV_h12s10n4.txt,BBLCT,10,12,100,100,1200.0,0,0.0,0,0.0,0,0.00,595031.0,375481344,false,cpu_limit
CV_h12s10n40.txt,BBLCT,10,12,100,100,1200.0,1,1.0,2,2.0,9,1155.92,595033.9,340098048,false,cpu_limit
CV_h12s10n5.txt,BBLCT,10,12,100,100,1200.0,0,0.0,0,0.0,0,0.00,595042.9,380873728,false,cpu_limit
CV_h12s10n6.txt,BBLCT,10,12,100,100,1200.0,0,0.0,1,1.0,7,853.46,595044.2,373979136,false,cpu_limit
CV_h12s10n7.txt,BBLCT,10,12,100,100,1200.0,0,0.0,0,0.0,0,0.00,595043.6,352496640,false,cpu_limit
CV_h12s10n8.txt,BBLCT,10,12,100,100,1200.0,0,0.0,0,0.0,0,0.00,595042.4,379015168,false,cpu_limit
CV_h12s10n9.txt,BBLCT,10,12,100,100,1200.0,0,0.0,0,0.0,0,0.00,595040.6,384441344,false,cpu_limit
CV_h12s6n1.txt,BBLCT,6,12,60,60,1200.0,0,0.0,0,0.0,0,0.00,595030.4,1005588480,false,cpu_limit
CV_h12s6n10.txt,BBLCT,6,12,60,60,1200.0,0,0.0,0,0.0,0,0.00,595038.8,978671616,false,cpu_limit
CV_h12s6n11.txt,BBLCT,6,12,60,60,1200.0,0,0.0,1,1.7,8,989.79,595033.2,911895552,false,cpu_limit
CV_h12s6n12.txt,BBLCT,6,12,60,60,1200.0,0,0.0,1,1.7,9,1198.45,595031.4,887300096,false,cpu_limit
CV_h12s6n13.txt,BBLCT,6,12,60,60,1200.0,0,0.0,0,0.0,0,0.00,595033.9,929440768,false,cpu_limit
CV_h12s6n14.txt,BBLCT,6,12,60,60,1200.0,0,0.0,2,3.3,6,762.23,595038.2,894601216,false,cpu_limit
CV_h12s6n15.txt,BBLCT,6,12,60,60,1200.0,0,0.0,0,0.0,0,0.00,595026.5,890738688,false,cpu_limit
CV_h12s6n16.txt,BBLCT,6,12,60,60,1200.0,0,0.0,1,1.7,9,1198.45,595037.6,886174720,false,cpu_limit
CV_h12s6n17.txt,BBLCT,6,12,60,60,1200.0,1,1.7,2,3.3,6,833.76,595035.2,878091264,false,cpu_limit
CV_h12s6n18.txt,BBLCT,6,12,60,60,1200.0,1,1.7,2,3.3,7,921.68,595026.8,887990272,false,cpu_limit
CV_h12s6n19.txt,BBLCT,6,12,60,60,1200.0,0,0.0,0,0.0,0,0.00,595027.0,891553792,false,cpu_limit
CV_h12s6n2.txt,BBLCT,6,12,60,60,1200.0,0,0.0,1,1.7,6,833.76,595026.6,1019676672,false,cpu_limit
CV_h12s6n20.txt,BBLCT,6,12,60,60,1200.0,0,0.0,1,1.7,9,1191.07,595030.9,947015680,false,cpu_limit
CV_h12s6n21.txt,BBLCT,6,12,60,60,1200.0,0,0.0,3,5.0,6,724.20,595026.3,942887936,false,cpu_limit
CV_h12s6n22.txt,BBLCT,6,12,60,60,1200.0,0,0.0,1,1.7,7,821.20,595032.2,973040640,false,cpu_limit
CV_h12s6n23.txt,BBLCT,6,12,60,60,1200.0,0,0.0,2,3.3,9,1106.13,595038.3,860210176,false,cpu_limit
CV_h12s6n24.txt,BBLCT,6,12,60,60,1200.0,0,0.0,1,1.7,8,997.75,595030.0,882116608,false,cpu_limit
CV_h12s6n25.txt,BBLCT,6,12,60,60,1200.0,0,0.0,3,5.0,8,904.87,595026.5,881833984,false,cpu_limit
CV_h12s6n26.txt,BBLCT,6,12,60,60,1200.0,0,0.0,2,3.3,8,1085.99,595033.7,882373632,false,cpu_limit
CV_h12s6n27.txt,BBLCT,6,12,60,60,1200.0,0,0.0,2,3.3,5,605.16,595025.7,812180480,false,cpu_limit
CV_h12s6n28.txt,BBLCT,6,12,60,60,1200.0,0,0.0,0,0.0,0,0.00,595030.3,967288832,false,cpu_limit
CV_h12s6n29.txt,BBLCT,6,12,60,60,1200.0,0,0.0,0,0.0,0,0.00,595036.5,951477248,false,cpu_limit
CV_h12s6n3.txt,BBLCT,6,12,60,60,1200.0,0,0.0,0,0.0,0,0.00,595029.4,1006730240,false,cpu_limit
CV_h12s6n30.txt,BBLCT,6,12,60,60,1200.0,0,0.0,1,1.7,4,497.74,595031.4,907132928,false,cpu_limit
CV_h12s6n31.txt,BBLCT,6,12,60,60,1200.0,0,0.0,0,0.0,0,0.00,595033.0,1005307904,false,cpu_limit
CV_h12s6n32.txt,BBLCT,6,12,60,60,1200.0,0,0.0,1,1.7,9,1106.13,595027.1,978345984,false,cpu_limit
CV_h12s6n33.txt,BBLCT,6,12,60,60,1200.0,0,0.0,1,1.7,7,855.80,595033.2,884976640,false,cpu_limit
CV_h12s6n34.txt,BBLCT,6,12,60,60,1200.0,0,0.0,0,0.0,0,0.00,595032.1,949229568,false,cpu_limit
CV_h12s6n35.txt,BBLCT,6,12,60,60,1200.0,0,0.0,0,0.0,0,0.00,595031.9,983583744,false,cpu_limit
CV_h12s6n36.txt,BBLCT,6,12,60,60,1200.0,0,0.0,1,1.7,5,662.66,595039.8,990367744,false,cpu_limit
CV_h12s6n37.txt,BBLCT,6,12,60,60,1200.0,0,0.0,7,11.7,10,1154.59,595029.8,883488768,false,cpu_limit
CV_h12s6n38.txt,BBLCT,6,12,60,60,1200.0,1,1.7,1,1.7,0,0.00,595026.4,848106496,false,cpu_limit
CV_h12s6n39.txt,BBLCT,6,12,60,60,1200.0,0,0.0,4,6.7,10,1189.28,595026.1,860340224,false,cpu_limit
CV_h12s6n4.txt,BBLCT,6,12,60,60,1200.0,0,0.0,0,0.0,0,0.00,595032.4,982923264,false,cpu_limit
CV_h12s6n40.txt,BBLCT,6,12,60,60,1200.0,0,0.0,0,0.0,0,0.00,595025.3,888345600,false,cpu_limit
CV_h12s6n5.txt,BBLCT,6,12,60,60,1200.0,0,0.0,2,3.3,8,995.06,595026.4,950188032,false,cpu_limit
CV_h12s6n6.txt,BBLCT,6,12,60,60,1200.0,0,0.0,2,3.3,8,995.06,595025.7,946573312,false,cpu_limit
CV_h12s6n7.txt,BBLCT,6,12,60,60,1200.0,0,0.0,1,1.7,7,1027.84,595029.4,1032633344,false,cpu_limit
CV_h12s6n8.txt,BBLCT,6,12,60,60,1200.0,0,0.0,0,0.0,0,0.00,595030.5,1025748992,false,cpu_limit
CV_h12s6n9.txt,BBLCT,6,12,60,60,1200.0,0,0.0,1,1.7,8,906.58,595039.4,999510016,false,cpu_limit
CV_h5s3n1.txt,BBLCT,3,5,9,9,1200.0,1,11.1,7,77.8,9,1011.24,23757.6,101066300,true,completed
CV_h5s3n10.txt,BBLCT,3,5,9,9,1200.0,0,0.0,7,77.8,8,918.11,22855.9,101066300,true,completed
CV_h5s3n11.txt,BBLCT,3,5,9,9,1200.0,2,22.2,9,100.0,7,792.89,25007.4,101056210,true,completed
CV_h5s3n12.txt,BBLCT,3,5,9,9,1200.0,0,0.0,9,100.0,10,1116.70,22862.8,101066300,true,completed
CV_h5s3n13.txt,BBLCT,3,5,9,9,1200.0,0,0.0,6,66.7,10,1142.09,21857.5,101066300,true,completed
CV_h5s3n14.txt,BBLCT,3,5,9,9,1200.0,0,0.0,6,66.7,10,1140.92,22574.4,101066300,true,completed
CV_h5s3n15.txt,BBLCT,3,5,9,9,1200.0,0,0.0,9,100.0,9,936.86,23322.7,101065969,true,completed
CV_h5s3n16.txt,BBLCT,3,5,9,9,1200.0,0,0.0,9,100.0,9,1001.50,22919.2,101066242,true,completed
CV_h5s3n17.txt,BBLCT,3,5,9,9,1200.0,2,22.2,9,100.0,8,931.46,24748.8,101066096,true,completed
CV_h5s3n18.txt,BBLCT,3,5,9,9,1200.0,0,0.0,9,100.0,7,789.02,24852.3,101038586,true,completed
CV_h5s3n19.txt,BBLCT,3,5,9,9,1200.0,0,0.0,6,66.7,9,1043.54,22944.1,101066300,true,completed
CV_h5s3n2.txt,BBLCT,3,5,9,9,1200.0,0,0.0,9,100.0,8,941.35,23412.3,101066111,true,completed
CV_h5s3n20.txt,BBLCT,3,5,9,9,1200.0,0,0.0,5,55.6,8,884.62,22658.2,101066300,true,completed
CV_h5s3n21.txt,BBLCT,3,5,9,9,1200.0,1,11.1,4,44.4,10,1152.46,23702.4,101066300,true,completed
CV_h5s3n22.txt,BBLCT,3,5,9,9,1200.0,2,22.2,6,66.7,10,1141.46,24949.3,101066300,true,completed
CV_h5s3n23.txt,BBLCT,3,5,9,9,1200.0,0,0.0,9,100.0,8,917.90,22785.7,101066161,true,completed
CV_h5s3n24.txt,BBLCT,3,5,9,9,1200.0,1,11.1,4,44.4,7,769.68,23857.2,101066300,true,completed
CV_h5s3n25.txt,BBLCT,3,5,9,9,1200.0,0,0.0,9,100.0,9,1045.04,22557.6,101066266,true,completed
CV_h5s3n26.txt,BBLCT,3,5,9,9,1200.0,0,0.0,9,100.0,5,596.84,22898.5,100729949,true,completed
CV_h5s3n27.txt,BBLCT,3,5,9,9,1200.0,0,0.0,9,100.0,8,866.97,23290.3,101064245,true,completed
CV_h5s3n28.txt,BBLCT,3,5,9,9,1200.0,0,0.0,7,77.8,10,1141.46,23545.4,101066300,true,completed
CV_h5s3n29.txt,BBLCT,3,5,9,9,1200.0,0,0.0,7,77.8,10,1166.85,22548.8,101066300,true,completed
CV_h5s3n3.txt,BBLCT,3,5,9,9,1200.0,0,0.0,9,100.0,2,225.78,17363.5,76889064,true,completed
CV_h5s3n30.txt,BBLCT,3,5,9,9,1200.0,0,0.0,9,100.0,10,1121.62,23770.3,101066300,true,completed
CV_h5s3n31.txt,BBLCT,3,5,9,9,1200.0,0,0.0,9,100.0,8,880.83,22115.0,101065570,true,completed
CV_h5s3n32.txt,BBLCT,3,5,9,9,1200.0,1,11.1,9,100.0,5,540.38,24520.4,100334064,true,completed
CV_h5s3n33.txt,BBLCT,3,5,9,9,1200.0,1,11.1,9,100.0,7,791.66,24517.7,101053285,true,completed
CV_h5s3n34.txt,BBLCT,3,5,9,9,1200.0,0,0.0,7,77.8,10,1097.21,22525.0,101066300,true,completed
CV_h5s3n35.txt,BBLCT,3,5,9,9,1200.0,0,0.0,9,100.0,8,920.65,22232.5,101065689,true,completed
CV_h5s3n36.txt,BBLCT,3,5,9,9,1200.0,0,0.0,9,100.0,9,1003.76,22363.5,101066272,true,completed
CV_h5s3n37.txt,BBLCT,3,5,9,9,1200.0,0,0.0,9,100.0,8,919.32,23115.8,101066175,true,completed
CV_h5s3n38.txt,BBLCT,3,5,9,9,1200.0,0,0.0,9,100.0,10,1159.16,23937.9,101066300,true,completed
CV_h5s3n39.txt,BBLCT,3,5,9,9,1200.0,9,100.0,9,100.0,0,0.00,0.1,1,true,completed
CV_h5s3n4.txt,BBLCT,3,5,9,9,1200.0,1,11.1,9,100.0,7,768.26,24304.8,101051058,true,completed
CV_h5s3n40.txt,BBLCT,3,5,9,9,1200.0,1,11.1,9,100.0,10,1148.35,24136.0,101066300,true,completed
CV_h5s3n5.txt,BBLCT,3,5,9,9,1200.0,4,44.4,9,100.0,4,426.62,24990.2,98908991,true,completed
CV_h5s3n6.txt,BBLCT,3,5,9,9,1200.0,0,0.0,9,100.0,8,925.75,22903.0,101066021,true,completed
CV_h5s3n7.txt,BBLCT,3,5,9,9,1200.0,0,0.0,9,100.0,8,886.31,22259.3,101065692,true,completed
CV_h5s3n8.txt,BBLCT,3,5,9,9,1200.0,1,11.1,9,100.0,6,636.39,24674.8,100848271,true,completed
CV_h5s3n9.txt,BBLCT,3,5,9,9,1200.0,0,0.0,9,100.0,10,1170.75,21945.0,101066300,true,completed
CV_h5s4n1.txt,BBLCT,4,5,12,12,1200.0,2,16.7,8,66.7,9,995.61,595035.8,1641800704,false,cpu_limit
CV_h5s4n10.txt,BBLCT,4,5,12,12,1200.0,0,0.0,4,33.3,8,971.97,595027.2,1880651776,false,cpu_limit
CV_h5s4n11.txt,BBLCT,4,5,12,12,1200.0,1,8.3,5,41.7,7,852.54,595031.0,1702828032,false,cpu_limit
CV_h5s4n12.txt,BBLCT,4,5,12,12,1200.0,1,8.3,7,58.3,9,1089.63,595028.3,1782269952,false,cpu_limit
CV_h5s4n13.txt,BBLCT,4,5,12,12,1200.0,1,8.3,12,100.0,7,774.65,595028.7,1685321728,false,cpu_limit
CV_h5s4n14.txt,BBLCT,4,5,12,12,1200.0,0,0.0,12,100.0,8,973.05,595027.6,1868650496,false,cpu_limit
CV_h5s4n15.txt,BBLCT,4,5,12,12,1200.0,0,0.0,12,100.0,9,1086.07,595028.3,1785330688,false,cpu_limit
CV_h5s4n16.txt,BBLCT,4,5,12,12,1200.0,0,0.0,4,33.3,8,984.57,595036.0,1897638912,false,cpu_limit
CV_h5s4n17.txt,BBLCT,4,5,12,12,1200.0,0,0.0,12,100.0,11,1193.44,595032.9,1822163968,false,cpu_limit
CV_h5s4n18.txt,BBLCT,4,5,12,12,1200.0,0,0.0,7,58.3,10,1128.57,595027.7,1687322624,false,cpu_limit
CV_h5s4n19.txt,BBLCT,4,5,12,12,1200.0,0,0.0,7,58.3,10,1168.46,595038.0,1708337152,false,cpu_limit
CV_h5s4n2.txt,BBLCT,4,5,12,12,1200.0,0,0.0,12,100.0,8,900.86,595026.8,1789466624,false,cpu_limit
CV_h5s4n20.txt,BBLCT,4,5,12,12,1200.0,0,0.0,12,100.0,9,990.88,595032.5,1791776768,false,cpu_limit
CV_h5s4n21.txt,BBLCT,4,5,12,12,1200.0,1,8.3,5,41.7,10,1186.86,595029.5,1745189888,false,cpu_limit
CV_h5s4n22.txt,BBLCT,4,5,12,12,1200.0,0,0.0,9,75.0,10,1112.57,595029.8,1892690944,false,cpu_limit
CV_h5s4n23.txt,BBLCT,4,5,12,12,1200.0,3,25.0,12,100.0,8,893.64,595026.9,1592815616,false,cpu_limit
CV_h5s4n24.txt,BBLCT,4,5,12,12,1200.0,0,0.0,6,50.0,9,1014.15,595029.1,1741508608,false,cpu_limit
CV_h5s4n25.txt,BBLCT,4,5,12,12,1200.0,0,0.0,12,100.0,10,1091.94,595029.3,1866610688,false,cpu_limit
CV_h5s4n26.txt,BBLCT,4,5,12,12,1200.0,1,8.3,12,100.0,8,915.98,595030.1,1691122688,false,cpu_limit
CV_h5s4n27.txt,BBLCT,4,5,12,12,1200.0,4,33.3,12,100.0,5,547.71,595032.3,1651657728,false,cpu_limit
CV_h5s4n28.txt,BBLCT,4,5,12,12,1200.0,0,0.0,7,58.3,10,1190.57,595031.8,1903143936,false,cpu_limit
CV_h5s4n29.txt,BBLCT,4,5,12,12,1200.0,0,0.0,6,50.0,9,1069.31,595025.5,1861490688,false,cpu_limit
CV_h5s4n3.txt,BBLCT,4,5,12,12,1200.0,1,8.3,7,58.3,9,1034.93,595031.0,1726587904,false,cpu_limit
CV_h5s4n30.txt,BBLCT,4,5,12,12,1200.0,0,0.0,7,58.3,8,925.77,595029.8,1730732032,false,cpu_limit
CV_h5s4n31.txt,BBLCT,4,5,12,12,1200.0,0,0.0,12,100.0,9,1045.32,595031.8,1743868928,false,cpu_limit
CV_h5s4n32.txt,BBLCT,4,5,12,12,1200.0,0,0.0,2,16.7,6,712.92,595034.0,1830844416,false,cpu_limit
CV_h5s4n33.txt,BBLCT,4,5,12,12,1200.0,0,0.0,4,33.3,6,741.40,595033.9,1827743744,false,cpu_limit
CV_h5s4n34.txt,BBLCT,4,5,12,12,1200.0,0,0.0,7,58.3,10,1103.04,595031.9,1804201984,false,cpu_limit
CV_h5s4n35.txt,BBLCT,4,5,12,12,1200.0,1,8.3,12,100.0,9,1029.26,595027.1,1742310400,false,cpu_limit
CV_h5s4n36.txt,BBLCT,4,5,12,12,1200.0,0,0.0,4,33.3,9,1012.64,595031.8,1870578688,false,cpu_limit
CV_h5s4n37.txt,BBLCT,4,5,12,12,1200.0,3,25.0,12,100.0,10,1138.44,595031.9,1652004864,false,cpu_limit
CV_h5s4n38.txt,BBLCT,4,5,12,12,1200.0,2,16.7,12,100.0,10,1136.08,595024.2,1698063360,false,cpu_limit
CV_h5s4n39.txt,BBLCT,4,5,12,12,1200.0,0,0.0,12,100.0,10,1136.78,595027.6,1907460096,false,cpu_limit
CV_h5s4n4.txt,BBLCT,4,5,12,12,1200.0,0,0.0,12,100.0,9,1032.92,595030.2,1791536128,false,cpu_limit
CV_h5s4n40.txt,BBLCT,4,5,12,12,1200.0,0,0.0,12,100.0,8,896.01,595033.6,1781748736,false,cpu_limit
CV_h5s4n5.txt,BBLCT,4,5,12,12,1200.0,1,8.3,12,100.0,10,1178.52,595035.2,1744370688,false,cpu_limit
CV_h5s4n6.txt,BBLCT,4,5,12,12,1200.0,0,0.0,5,41.7,7,831.02,595038.0,1894115328,false,cpu_limit
CV_h5s4n7.txt,BBLCT,4,5,12,12,1200.0,0,0.0,3,25.0,8,872.83,595038.5,1817451520,false,cpu_limit
CV_h5s4n8.txt,BBLCT,4,5,12,12,1200.0,2,16.7,8,66.7,8,862.98,595035.7,1708045312,false,cpu_limit
CV_h5s4n9.txt,BBLCT,4,5,12,12,1200.0,0,0.0,12,100.0,8,943.35,595031.6,1811523584,false,cpu_limit
CV_h5s5n1.txt,BBLCT,5,5,15,15,1200.0,1,6.7,8,53.3,10,1147.68,595030.4,1295700992,false,cpu_limit
CV_h5s5n10.txt,BBLCT,5,5,15,15,1200.0,3,20.0,5,33.3,8,883.80,595036.0,1243932672,false,cpu_limit
CV_h5s5n11.txt,BBLCT,5,5,15,15,1200.0,0,0.0,2,13.3,9,1019.84,595033.5,1449508864,false,cpu_limit
CV_h5s5n12.txt,BBLCT,5,5,15,15,1200.0,0,0.0,8,53.3,9,1014.74,595029.9,1235316736,false,cpu_limit
CV_h5s5n13.txt,BBLCT,5,5,15,15,1200.0,0,0.0,6,40.0,10,1189.65,595033.9,1394019328,false,cpu_limit
CV_h5s5n14.txt,BBLCT,5,5,15,15,1200.0,0,0.0,15,100.0,10,1127.67,595025.0,1415513088,false,cpu_limit
CV_h5s5n15.txt,BBLCT,5,5,15,15,1200.0,0,0.0,8,53.3,10,1118.91,595030.5,1331369984,false,cpu_limit
CV_h5s5n16.txt,BBLCT,5,5,15,15,1200.0,0,0.0,6,40.0,10,1170.59,595031.9,1342998528,false,cpu_limit
CV_h5s5n17.txt,BBLCT,5,5,15,15,1200.0,0,0.0,11,73.3,9,991.11,595035.3,1312669696,false,cpu_limit
CV_h5s5n18.txt,BBLCT,5,5,15,15,1200.0,1,6.7,10,66.7,10,1132.34,595038.5,1282171904,false,cpu_limit
CV_h5s5n19.txt,BBLCT,5,5,15,15,1200.0,1,6.7,8,53.3,8,914.18,595037.6,1110802432,false,cpu_limit
CV_h5s5n2.txt,BBLCT,5,5,15,15,1200.0,0,0.0,3,20.0,8,918.88,595034.0,1415473152,false,cpu_limit
CV_h5s5n20.txt,BBLCT,5,5,15,15,1200.0,0,0.0,6,40.0,9,989.59,595036.8,1352509440,false,cpu_limit
CV_h5s5n21.txt,BBLCT,5,5,15,15,1200.0,0,0.0,7,46.7,9,966.20,595029.7,1237233664,false,cpu_limit
CV_h5s5n22.txt,BBLCT,5,5,15,15,1200.0,1,6.7,5,33.3,10,1129.50,595033.5,1371765760,false,cpu_limit
CV_h5s5n23.txt,BBLCT,5,5,15,15,1200.0,1,6.7,15,100.0,11,1196.59,595026.8,1290665984,false,cpu_limit
CV_h5s5n24.txt,BBLCT,5,5,15,15,1200.0,0,0.0,4,26.7,8,974.35,595027.9,1419366400,false,cpu_limit
CV_h5s5n25.txt,BBLCT,5,5,15,15,1200.0,2,13.3,11,73.3,10,1107.18,595032.8,1215648768,false,cpu_limit
CV_h5s5n26.txt,BBLCT,5,5,15,15,1200.0,0,0.0,10,66.7,10,1122.03,595033.9,1325915136,false,cpu_limit
CV_h5s5n27.txt,BBLCT,5,5,15,15,1200.0,0,0.0,11,73.3,9,1012.00,595030.6,1350140928,false,cpu_limit
CV_h5s5n28.txt,BBLCT,5,5,15,15,1200.0,0,0.0,9,60.0,8,909.56,595028.3,1381580800,false,cpu_limit
CV_h5s5n29.txt,BBLCT,5,5,15,15,1200.0,0,0.0,8,53.3,8,970.16,595040.2,1394132992,false,cpu_limit
CV_h5s5n3.txt,BBLCT,5,5,15,15,1200.0,0,0.0,6,40.0,10,1122.82,595027.2,1229412352,false,cpu_limit
CV_h5s5n30.txt,BBLCT,5,5,15,15,1200.0,0,0.0,15,100.0,9,990.02,595032.7,1406812160,false,cpu_limit
CV_h5s5n31.txt,BBLCT,5,5,15,15,1200.0,1,6.7,3,20.0,8,906.07,595031.2,1327094784,false,cpu_limit
CV_h5s5n32.txt,BBLCT,5,5,15,15,1200.0,0,0.0,5,33.3,9,1005.21,595032.5,1298377728,false,cpu_limit
CV_h5s5n33.txt,BBLCT,5,5,15,15,1200.0,1,6.7,10,66.7,10,1118.46,595025.7,1232593920,false,cpu_limit
CV_h5s5n34.txt,BBLCT,5,5,15,15,1200.0,0,0.0,15,100.0,9,1006.63,595028.8,1351388160,false,cpu_limit
CV_h5s5n35.txt,BBLCT,5,5,15,15,1200.0,1,6.7,10,66.7,10,1176.06,595025.4,1235239936,false,cpu_limit
CV_h5s5n36.txt,BBLCT,5,5,15,15,1200.0,1,6.7,3,20.0,8,878.53,595030.6,1300672512,false,cpu_limit
CV_h5s5n37.txt,BBLCT,5,5,15,15,1200.0,0,0.0,4,26.7,10,1124.19,595026.9,1422133248,false,cpu_limit
CV_h5s5n38.txt,BBLCT,5,5,15,15,1200.0,0,0.0,15,100.0,9,1012.96,595027.1,1341165568,false,cpu_limit
CV_h5s5n39.txt,BBLCT,5,5,15,15,1200.0,0,0.0,8,53.3,9,1015.72,595026.9,1340502016,false,cpu_limit
CV_h5s5n4.txt,BBLCT,5,5,15,15,1200.0,0,0.0,15,100.0,10,1086.70,595027.0,1320036352,false,cpu_limit
CV_h5s5n40.txt,BBLCT,5,5,15,15,1200.0,2,13.3,4,26.7,6,731.48,595034.9,1256030208,false,cpu_limit
CV_h5s5n5.txt,BBLCT,5,5,15,15,1200.0,0,0.0,5,33.3,9,1021.26,595026.8,1343858688,false,cpu_limit
CV_h5s5n6.txt,BBLCT,5,5,15,15,1200.0,0,0.0,7,46.7,9,1050.07,595026.4,1418671104,false,cpu_limit
CV_h5s5n7.txt,BBLCT,5,5,15,15,1200.0,0,0.0,15,100.0,11,1170.47,595026.2,1326703616,false,cpu_limit
CV_h5s5n8.txt,BBLCT,5,5,15,15,1200.0,0,0.0,7,46.7,9,1031.51,595025.4,1415843840,false,cpu_limit
CV_h5s5n9.txt,BBLCT,5,5,15,15,1200.0,0,0.0,5,33.3,9,1008.69,595025.6,1453332480,false,cpu_limit
CV_h5s6n1.txt,BBLCT,6,5,18,18,1200.0,0,0.0,4,22.2,8,917.97,595025.8,903889920,false,cpu_limit
CV_h5s6n10.txt,BBLCT,6,5,18,18,1200.0,1,5.6,7,38.9,9,1011.83,595028.1,939792384,false,cpu_limit
CV_h5s6n11.txt,BBLCT,6,5,18,18,1200.0,3,16.7,18,100.0,9,1035.66,595025.6,912534528,false,cpu_limit
CV_h5s6n12.txt,BBLCT,6,5,18,18,1200.0,0,0.0,5,27.8,10,1105.30,595030.7,1035650048,false,cpu_limit
CV_h5s6n13.txt,BBLCT,6,5,18,18,1200.0,0,0.0,7,38.9,9,993.94,595028.0,1017512960,false,cpu_limit
CV_h5s6n14.txt,BBLCT,6,5,18,18,1200.0,0,0.0,12,66.7,10,1125.93,595032.5,987402240,false,cpu_limit
CV_h5s6n15.txt,BBLCT,6,5,18,18,1200.0,0,0.0,4,22.2,9,1013.96,595026.4,1019286528,false,cpu_limit
CV_h5s6n16.txt,BBLCT,6,5,18,18,1200.0,0,0.0,4,22.2,10,1136.32,595033.2,1068898304,false,cpu_limit
CV_h5s6n17.txt,BBLCT,6,5,18,18,1200.0,0,0.0,7,38.9,10,1115.70,595035.1,1017733120,false,cpu_limit
CV_h5s6n18.txt,BBLCT,6,5,18,18,1200.0,2,11.1,8,44.4,9,1076.27,595033.1,894630912,false,cpu_limit
CV_h5s6n19.txt,BBLCT,6,5,18,18,1200.0,0,0.0,3,16.7,9,990.09,595028.4,1056129024,false,cpu_limit
CV_h5s6n2.txt,BBLCT,6,5,18,18,1200.0,0,0.0,5,27.8,10,1175.40,595033.8,1035706368,false,cpu_limit
CV_h5s6n20.txt,BBLCT,6,5,18,18,1200.0,0,0.0,10,55.6,10,1168.26,595029.4,1012131840,false,cpu_limit
CV_h5s6n21.txt,BBLCT,6,5,18,18,1200.0,1,5.6,6,33.3,10,1135.46,595034.4,977028096,false,cpu_limit
CV_h5s6n22.txt,BBLCT,6,5,18,18,1200.0,0,0.0,4,22.2,10,1136.03,595030.1,920153088,false,cpu_limit
CV_h5s6n23.txt,BBLCT,6,5,18,18,1200.0,0,0.0,7,38.9,10,1127.76,595033.0,933262336,false,cpu_limit
CV_h5s6n24.txt,BBLCT,6,5,18,18,1200.0,0,0.0,6,33.3,10,1135.37,595031.8,1000681472,false,cpu_limit
CV_h5s6n25.txt,BBLCT,6,5,18,18,1200.0,1,5.6,13,72.2,10,1137.57,595035.4,967593984,false,cpu_limit
CV_h5s6n26.txt,BBLCT,6,5,18,18,1200.0,0,0.0,2,11.1,8,876.32,595028.4,1018869760,false,cpu_limit
CV_h5s6n27.txt,BBLCT,6,5,18,18,1200.0,1,5.6,3,16.7,9,1041.13,595035.0,979968000,false,cpu_limit
CV_h5s6n28.txt,BBLCT,6,5,18,18,1200.0,2,11.1,13,72.2,8,936.25,595032.2,874156032,false,cpu_limit
CV_h5s6n29.txt,BBLCT,6,5,18,18,1200.0,0,0.0,4,22.2,10,1112.46,595033.6,963601408,false,cpu_limit
CV_h5s6n3.txt,BBLCT,6,5,18,18,1200.0,0,0.0,4,22.2,10,1136.19,595026.7,964384768,false,cpu_limit
CV_h5s6n30.txt,BBLCT,6,5,18,18,1200.0,4,22.2,9,50.0,10,1130.52,595025.4,845313024,false,cpu_limit
CV_h5s6n31.txt,BBLCT,6,5,18,18,1200.0,0,0.0,7,38.9,10,1106.88,595032.8,1065818112,false,cpu_limit
CV_h5s6n32.txt,BBLCT,6,5,18,18,1200.0,0,0.0,7,38.9,10,1174.27,595036.8,1017176064,false,cpu_limit
CV_h5s6n33.txt,BBLCT,6,5,18,18,1200.0,1,5.6,12,66.7,10,1133.51,595036.7,918995968,false,cpu_limit
CV_h5s6n34.txt,BBLCT,6,5,18,18,1200.0,0,0.0,12,66.7,9,1028.01,595035.7,1011261440,false,cpu_limit
CV_h5s6n35.txt,BBLCT,6,5,18,18,1200.0,1,5.6,11,61.1,9,1005.11,595044.0,927503360,false,cpu_limit
CV_h5s6n36.txt,BBLCT,6,5,18,18,1200.0,2,11.1,8,44.4,9,1024.34,595033.8,955369472,false,cpu_limit
CV_h5s6n37.txt,BBLCT,6,5,18,18,1200.0,0,0.0,3,16.7,10,1136.03,595033.7,1038980096,false,cpu_limit
CV_h5s6n38.txt,BBLCT,6,5,18,18,1200.0,0,0.0,8,44.4,10,1161.47,595033.5,1029196800,false,cpu_limit
CV_h5s6n39.txt,BBLCT,6,5,18,18,1200.0,0,0.0,7,38.9,9,1010.85,595032.0,1027804160,false,cpu_limit
CV_h5s6n4.txt,BBLCT,6,5,18,18,1200.0,0,0.0,7,38.9,9,1103.95,595027.7,986218496,false,cpu_limit
CV_h5s6n40.txt,BBLCT,6,5,18,18,1200.0,1,5.6,7,38.9,10,1132.13,595031.8,955058176,false,cpu_limit
CV_h5s6n5.txt,BBLCT,6,5,18,18,1200.0,0,0.0,11,61.1,10,1176.21,595026.4,919624704,false,cpu_limit
CV_h5s6n6.txt,BBLCT,6,5,18,18,1200.0,0,0.0,3,16.7,10,1129.94,595026.9,1023470592,false,cpu_limit
CV_h5s6n7.txt,BBLCT,6,5,18,18,1200.0,0,0.0,2,11.1,9,991.51,595031.0,1014862848,false,cpu_limit
CV_h5s6n8.txt,BBLCT,6,5,18,18,1200.0,1,5.6,5,27.8,10,1148.36,595034.5,915616768,false,cpu_limit
CV_h5s6n9.txt,BBLCT,6,5,18,18,1200.0,0,0.0,5,27.8,10,1121.45,595037.0,959761408,false,cpu_limit
CV_h5s7n1.txt,BBLCT,7,5,21,21,1200.0,0,0.0,10,47.6,10,1174.09,595033.3,781858816,false,cpu_limit
CV_h5s7n10.txt,BBLCT,7,5,21,21,1200.0,0,0.0,6,28.6,8,898.28,595040.3,758038528,false,cpu_limit
CV_h5s7n11.txt,BBLCT,7,5,21,21,1200.0,0,0.0,4,19.0,10,1139.76,595032.0,863105024,false,cpu_limit
CV_h5s7n12.txt,BBLCT,7,5,21,21,1200.0,1,4.8,6,28.6,10,1159.82,595030.1,778904576,false,cpu_limit
CV_h5s7n13.txt,BBLCT,7,5,21,21,1200.0,0,0.0,3,14.3,9,1014.69,595032.8,875820032,false,cpu_limit
CV_h5s7n14.txt,BBLCT,7,5,21,21,1200.0,0,0.0,2,9.5,8,908.42,595030.1,863481856,false,cpu_limit
CV_h5s7n15.txt,BBLCT,7,5,21,21,1200.0,0,0.0,12,57.1,10,1172.11,595030.4,817088512,false,cpu_limit
CV_h5s7n16.txt,BBLCT,7,5,21,21,1200.0,3,14.3,5,23.8,9,1032.61,595027.7,751340544,false,cpu_limit
CV_h5s7n17.txt,BBLCT,7,5,21,21,1200.0,1,4.8,7,33.3,10,1111.68,595031.6,826171392,false,cpu_limit
CV_h5s7n18.txt,BBLCT,7,5,21,21,1200.0,5,23.8,6,28.6,9,1060.24,595039.7,783867904,false,cpu_limit
CV_h5s7n19.txt,BBLCT,7,5,21,21,1200.0,0,0.0,3,14.3,9,1001.59,595026.1,865937408,false,cpu_limit
CV_h5s7n2.txt,BBLCT,7,5,21,21,1200.0,0,0.0,5,23.8,10,1115.48,595036.0,863459328,false,cpu_limit
CV_h5s7n20.txt,BBLCT,7,5,21,21,1200.0,0,0.0,10,47.6,8,950.95,595028.7,791553024,false,cpu_limit
CV_h5s7n21.txt,BBLCT,7,5,21,21,1200.0,0,0.0,6,28.6,10,1136.59,595027.3,803954688,false,cpu_limit
CV_h5s7n22.txt,BBLCT,7,5,21,21,1200.0,0,0.0,4,19.0,8,988.46,595035.0,802262016,false,cpu_limit
CV_h5s7n23.txt,BBLCT,7,5,21,21,1200.0,0,0.0,8,38.1,10,1173.81,595027.2,831596544,false,cpu_limit
CV_h5s7n24.txt,BBLCT,7,5,21,21,1200.0,1,4.8,8,38.1,8,958.03,595032.2,765674496,false,cpu_limit
CV_h5s7n25.txt,BBLCT,7,5,21,21,1200.0,1,4.8,6,28.6,9,1048.20,595032.8,792683520,false,cpu_limit
CV_h5s7n26.txt,BBLCT,7,5,21,21,1200.0,0,0.0,3,14.3,10,1136.72,595028.7,800944128,false,cpu_limit
CV_h5s7n27.txt,BBLCT,7,5,21,21,1200.0,0,0.0,2,9.5,9,1025.23,595028.9,877790208,false,cpu_limit
CV_h5s7n28.txt,BBLCT,7,5,21,21,1200.0,2,9.5,9,42.9,9,1093.47,595029.0,749742080,false,cpu_limit
CV_h5s7n29.txt,BBLCT,7,5,21,21,1200.0,1,4.8,2,9.5,8,910.13,595032.2,812180480,false,cpu_limit
CV_h5s7n3.txt,BBLCT,7,5,21,21,1200.0,3,14.3,8,38.1,9,1105.60,595030.6,731230208,false,cpu_limit
CV_h5s7n30.txt,BBLCT,7,5,21,21,1200.0,2,9.5,6,28.6,10,1167.92,595031.1,754769920,false,cpu_limit
CV_h5s7n31.txt,BBLCT,7,5,21,21,1200.0,0,0.0,5,23.8,8,940.99,595037.0,840545280,false,cpu_limit
CV_h5s7n32.txt,BBLCT,7,5,21,21,1200.0,1,4.8,6,28.6,10,1188.85,595029.2,774221824,false,cpu_limit
CV_h5s7n33.txt,BBLCT,7,5,21,21,1200.0,0,0.0,2,9.5,10,1123.93,595025.9,866987008,false,cpu_limit
CV_h5s7n34.txt,BBLCT,7,5,21,21,1200.0,0,0.0,6,28.6,9,1043.51,595028.0,865822720,false,cpu_limit
CV_h5s7n35.txt,BBLCT,7,5,21,21,1200.0,0,0.0,3,14.3,8,931.90,595025.4,875972608,false,cpu_limit
CV_h5s7n36.txt,BBLCT,7,5,21,21,1200.0,0,0.0,7,33.3,9,1012.69,595026.8,816227328,false,cpu_limit
CV_h5s7n37.txt,BBLCT,7,5,21,21,1200.0,0,0.0,15,71.4,10,1175.43,595026.4,851705856,false,cpu_limit
CV_h5s7n38.txt,BBLCT,7,5,21,21,1200.0,1,4.8,3,14.3,10,1161.52,595025.9,777235456,false,cpu_limit
CV_h5s7n39.txt,BBLCT,7,5,21,21,1200.0,0,0.0,6,28.6,9,1025.52,595025.8,816300032,false,cpu_limit
CV_h5s7n4.txt,BBLCT,7,5,21,21,1200.0,0,0.0,8,38.1,9,1041.51,595030.3,815216640,false,cpu_limit
CV_h5s7n40.txt,BBLCT,7,5,21,21,1200.0,0,0.0,8,38.1,10,1156.98,595025.7,862008320,false,cpu_limit
CV_h5s7n5.txt,BBLCT,7,5,21,21,1200.0,0,0.0,4,19.0,10,1134.04,595031.5,851908608,false,cpu_limit
CV_h5s7n6.txt,BBLCT,7,5,21,21,1200.0,1,4.8,4,19.0,9,1018.19,595031.6,795806720,false,cpu_limit
CV_h5s7n7.txt,BBLCT,7,5,21,21,1200.0,0,0.0,3,14.3,9,1003.30,595037.5,841191424,false,cpu_limit
CV_h5s7n8.txt,BBLCT,7,5,21,21,1200.0,0,0.0,10,47.6,10,1169.95,595031.7,773919744,false,cpu_limit
CV_h5s7n9.txt,BBLCT,7,5,21,21,1200.0,0,0.0,4,19.0,9,999.24,595035.7,818676736,false,cpu_limit
CV_h5s8n1.txt,BBLCT,8,5,24,24,1200.0,0,0.0,3,12.5,9,1001.93,595032.4,578916352,false,cpu_limit
CV_h5s8n10.txt,BBLCT,8,5,24,24,1200.0,0,0.0,6,25.0,10,1140.88,595029.7,610186240,false,cpu_limit
CV_h5s8n11.txt,BBLCT,8,5,24,24,1200.0,1,4.2,3,12.5,10,1072.42,595030.5,593327104,false,cpu_limit
CV_h5s8n12.txt,BBLCT,8,5,24,24,1200.0,0,0.0,7,29.2,10,1084.29,595028.8,624638976,false,cpu_limit
CV_h5s8n13.txt,BBLCT,8,5,24,24,1200.0,0,0.0,8,33.3,10,1168.42,595028.3,562454528,false,cpu_limit
CV_h5s8n14.txt,BBLCT,8,5,24,24,1200.0,0,0.0,4,16.7,8,862.83,595028.4,579296256,false,cpu_limit
CV_h5s8n15.txt,BBLCT,8,5,24,24,1200.0,0,0.0,4,16.7,9,1004.27,595026.4,585645056,false,cpu_limit
CV_h5s8n16.txt,BBLCT,8,5,24,24,1200.0,1,4.2,8,33.3,9,1089.35,595033.0,559307776,false,cpu_limit
CV_h5s8n17.txt,BBLCT,8,5,24,24,1200.0,1,4.2,11,45.8,10,1138.54,595038.0,552656896,false,cpu_limit
CV_h5s8n18.txt,BBLCT,8,5,24,24,1200.0,0,0.0,8,33.3,10,1189.00,595036.1,609142784,false,cpu_limit
CV_h5s8n19.txt,BBLCT,8,5,24,24,1200.0,0,0.0,2,8.3,9,962.91,595033.8,620041216,false,cpu_limit
CV_h5s8n2.txt,BBLCT,8,5,24,24,1200.0,0,0.0,4,16.7,9,984.44,595037.2,565426176,false,cpu_limit
CV_h5s8n20.txt,BBLCT,8,5,24,24,1200.0,0,0.0,2,8.3,9,990.23,595040.5,625658880,false,cpu_limit
CV_h5s8n21.txt,BBLCT,8,5,24,24,1200.0,0,0.0,5,20.8,9,974.70,595031.5,604350464,false,cpu_limit
CV_h5s8n22.txt,BBLCT,8,5,24,24,1200.0,0,0.0,4,16.7,11,1195.89,595032.0,625513472,false,cpu_limit
CV_h5s8n23.txt,BBLCT,8,5,24,24,1200.0,0,0.0,6,25.0,10,1104.59,595032.7,602896384,false,cpu_limit
CV_h5s8n24.txt,BBLCT,8,5,24,24,1200.0,0,0.0,5,20.8,10,1104.80,595031.8,602415104,false,cpu_limit
CV_h5s8n25.txt,BBLCT,8,5,24,24,1200.0,1,4.2,7,29.2,9,959.80,595032.4,525126656,false,cpu_limit
CV_h5s8n26.txt,BBLCT,8,5,24,24,1200.0,0,0.0,2,8.3,9,982.66,595031.6,501175296,false,cpu_limit
CV_h5s8n27.txt,BBLCT,8,5,24,24,1200.0,0,0.0,3,12.5,9,971.47,595032.0,523563008,false,cpu_limit
CV_h5s8n28.txt,BBLCT,8,5,24,24,1200.0,0,0.0,5,20.8,9,961.49,595038.9,600023040,false,cpu_limit
CV_h5s8n29.txt,BBLCT,8,5,24,24,1200.0,0,0.0,5,20.8,9,1011.20,595028.2,547637248,false,cpu_limit
CV_h5s8n3.txt,BBLCT,8,5,24,24,1200.0,0,0.0,6,25.0,10,1084.93,595026.9,569839616,false,cpu_limit
CV_h5s8n30.txt,BBLCT,8,5,24,24,1200.0,0,0.0,6,25.0,10,1102.88,595033.7,593072128,false,cpu_limit
CV_h5s8n31.txt,BBLCT,8,5,24,24,1200.0,0,0.0,4,16.7,10,1107.38,595033.4,614652928,false,cpu_limit
CV_h5s8n32.txt,BBLCT,8,5,24,24,1200.0,0,0.0,4,16.7,10,1088.96,595032.2,569975808,false,cpu_limit
CV_h5s8n33.txt,BBLCT,8,5,24,24,1200.0,0,0.0,3,12.5,10,1089.29,595033.2,590176256,false,cpu_limit
CV_h5s8n34.txt,BBLCT,8,5,24,24,1200.0,0,0.0,3,12.5,9,985.03,595034.4,584491008,false,cpu_limit
CV_h5s8n35.txt,BBLCT,8,5,24,24,1200.0,0,0.0,2,8.3,9,982.95,595034.1,559128576,false,cpu_limit
CV_h5s8n36.txt,BBLCT,8,5,24,24,1200.0,0,0.0,4,16.7,8,877.22,595032.5,566167552,false,cpu_limit
CV_h5s8n37.txt,BBLCT,8,5,24,24,1200.0,0,0.0,13,54.2,10,1067.02,595030.6,532971520,false,cpu_limit
CV_h5s8n38.txt,BBLCT,8,5,24,24,1200.0,0,0.0,7,29.2,10,1132.82,595031.1,537608192,false,cpu_limit
CV_h5s8n39.txt,BBLCT,8,5,24,24,1200.0,0,0.0,5,20.8,10,1127.00,595030.3,587367424,false,cpu_limit
CV_h5s8n4.txt,BBLCT,8,5,24,24,1200.0,1,4.2,8,33.3,10,1140.87,595032.8,540652544,false,cpu_limit
CV_h5s8n40.txt,BBLCT,8,5,24,24,1200.0,1,4.2,6,25.0,10,1124.42,595027.7,569859072,false,cpu_limit
CV_h5s8n5.txt,BBLCT,8,5,24,24,1200.0,0,0.0,4,16.7,9,961.20,595027.2,585558016,false,cpu_limit
CV_h5s8n6.txt,BBLCT,8,5,24,24,1200.0,0,0.0,7,29.2,10,1152.88,595031.0,569462784,false,cpu_limit
CV_h5s8n7.txt,BBLCT,8,5,24,24,1200.0,0,0.0,3,12.5,8,862.78,595034.9,590565376,false,cpu_limit
CV_h5s8n8.txt,BBLCT,8,5,24,24,1200.0,2,8.3,4,16.7,10,1101.93,595028.5,555185152,false,cpu_limit
CV_h5s8n9.txt,BBLCT,8,5,24,24,1200.0,0,0.0,5,20.8,11,1193.46,595033.3,552737792,false,cpu_limit
CV_h6s4n1.txt,BBLCT,4,6,16,16,1200.0,0,0.0,4,25.0,5,589.00,595032.7,1759476736,false,cpu_limit
CV_h6s4n10.txt,BBLCT,4,6,16,16,1200.0,0,0.0,8,50.0,10,1138.01,595032.8,1632161792,false,cpu_limit
CV_h6s4n11.txt,BBLCT,4,6,16,16,1200.0,0,0.0,3,18.8,5,560.32,595032.8,1831208960,false,cpu_limit
CV_h6s4n12.txt,BBLCT,4,6,16,16,1200.0,3,18.8,5,31.2,7,771.91,595032.6,1638476800,false,cpu_limit
CV_h6s4n13.txt,BBLCT,4,6,16,16,1200.0,0,0.0,6,37.5,9,1020.08,595031.0,1694695424,false,cpu_limit
CV_h6s4n14.txt,BBLCT,4,6,16,16,1200.0,0,0.0,2,12.5,7,813.60,595032.6,1807636480,false,cpu_limit
CV_h6s4n15.txt,BBLCT,4,6,16,16,1200.0,1,6.2,10,62.5,8,869.96,595028.8,1659014144,false,cpu_limit
CV_h6s4n16.txt,BBLCT,4,6,16,16,1200.0,0,0.0,2,12.5,7,800.95,595030.6,1886290944,false,cpu_limit
CV_h6s4n17.txt,BBLCT,4,6,16,16,1200.0,0,0.0,4,25.0,7,827.75,595031.3,1843393536,false,cpu_limit
CV_h6s4n18.txt,BBLCT,4,6,16,16,1200.0,0,0.0,4,25.0,7,948.60,595033.2,1882656768,false,cpu_limit
CV_h6s4n19.txt,BBLCT,4,6,16,16,1200.0,0,0.0,3,18.8,8,878.18,595028.0,1841559552,false,cpu_limit
CV_h6s4n2.txt,BBLCT,4,6,16,16,1200.0,0,0.0,9,56.2,8,872.65,595031.6,1837266944,false,cpu_limit
CV_h6s4n20.txt,BBLCT,4,6,16,16,1200.0,0,0.0,6,37.5,7,759.51,595028.7,1730159616,false,cpu_limit
CV_h6s4n21.txt,BBLCT,4,6,16,16,1200.0,0,0.0,3,18.8,9,1119.88,595027.7,1888251904,false,cpu_limit
CV_h6s4n22.txt,BBLCT,4,6,16,16,1200.0,0,0.0,5,31.2,8,948.37,595031.7,1844322304,false,cpu_limit
CV_h6s4n23.txt,BBLCT,4,6,16,16,1200.0,0,0.0,7,43.8,10,1178.81,595028.4,1879068672,false,cpu_limit
CV_h6s4n24.txt,BBLCT,4,6,16,16,1200.0,0,0.0,4,25.0,6,644.42,595026.1,1806433280,false,cpu_limit
CV_h6s4n25.txt,BBLCT,4,6,16,16,1200.0,1,6.2,5,31.2,7,807.64,595025.2,1655566336,false,cpu_limit
CV_h6s4n26.txt,BBLCT,4,6,16,16,1200.0,0,0.0,5,31.2,6,634.53,595027.4,1783195648,false,cpu_limit
CV_h6s4n27.txt,BBLCT,4,6,16,16,1200.0,0,0.0,5,31.2,7,843.63,595025.1,1706430464,false,cpu_limit
CV_h6s4n28.txt,BBLCT,4,6,16,16,1200.0,0,0.0,4,25.0,10,1129.04,595028.0,1744844800,false,cpu_limit
CV_h6s4n29.txt,BBLCT,4,6,16,16,1200.0,0,0.0,6,37.5,9,989.69,595027.1,1859665920,false,cpu_limit
CV_h6s4n3.txt,BBLCT,4,6,16,16,1200.0,2,12.5,5,31.2,10,1144.60,595026.1,1665790976,false,cpu_limit
CV_h6s4n30.txt,BBLCT,4,6,16,16,1200.0,0,0.0,8,50.0,10,1175.63,595031.9,1859952640,false,cpu_limit
CV_h6s4n31.txt,BBLCT,4,6,16,16,1200.0,1,6.2,4,25.0,7,816.28,595031.5,1619280896,false,cpu_limit
CV_h6s4n32.txt,BBLCT,4,6,16,16,1200.0,2,12.5,4,25.0,5,581.37,595025.2,1611845632,false,cpu_limit
CV_h6s4n33.txt,BBLCT,4,6,16,16,1200.0,0,0.0,5,31.2,9,1105.96,595032.6,1750883328,false,cpu_limit
CV_h6s4n34.txt,BBLCT,4,6,16,16,1200.0,1,6.2,4,25.0,9,1073.29,595029.9,1671105536,false,cpu_limit
CV_h6s4n35.txt,BBLCT,4,6,16,16,1200.0,0,0.0,1,6.2,6,692.16,595034.2,1878796288,false,cpu_limit
CV_h6s4n36.txt,BBLCT,4,6,16,16,1200.0,0,0.0,5,31.2,9,1089.14,595032.5,1838295040,false,cpu_limit
CV_h6s4n37.txt,BBLCT,4,6,16,16,1200.0,1,6.2,7,43.8,8,873.12,595026.2,1653708800,false,cpu_limit
CV_h6s4n38.txt,BBLCT,4,6,16,16,1200.0,0,0.0,3,18.8,6,701.38,595029.3,1717781504,false,cpu_limit
CV_h6s4n39.txt,BBLCT,4,6,16,16,1200.0,1,6.2,3,18.8,8,924.47,595035.0,1754340352,false,cpu_limit
CV_h6s4n4.txt,BBLCT,4,6,16,16,1200.0,1,6.2,9,56.2,8,912.47,595028.7,1684564992,false,cpu_limit
CV_h6s4n40.txt,BBLCT,4,6,16,16,1200.0,0,0.0,3,18.8,8,981.13,595036.1,1774606336,false,cpu_limit
CV_h6s4n5.txt,BBLCT,4,6,16,16,1200.0,0,0.0,8,50.0,9,988.41,595033.5,1896092672,false,cpu_limit
CV_h6s4n6.txt,BBLCT,4,6,16,16,1200.0,1,6.2,16,100.0,9,1068.40,595035.2,1557173248,false,cpu_limit
CV_h6s4n7.txt,BBLCT,4,6,16,16,1200.0,0,0.0,5,31.2,9,1029.37,595038.2,1864476672,false,cpu_limit
CV_h6s4n8.txt,BBLCT,4,6,16,16,1200.0,1,6.2,4,25.0,9,1132.82,595032.3,1748899840,false,cpu_limit
CV_h6s4n9.txt,BBLCT,4,6,16,16,1200.0,0,0.0,9,56.2,9,1000.56,595032.0,1843544064,false,cpu_limit
CV_h6s5n1.txt,BBLCT,5,6,20,20,1200.0,0,0.0,4,20.0,10,1185.66,595035.2,1307617280,false,cpu_limit
CV_h6s5n10.txt,BBLCT,5,6,20,20,1200.0,0,0.0,6,30.0,8,909.49,595032.7,1199252480,false,cpu_limit
CV_h6s5n11.txt,BBLCT,5,6,20,20,1200.0,1,5.0,8,40.0,10,1166.21,595032.6,1293097984,false,cpu_limit
CV_h6s5n12.txt,BBLCT,5,6,20,20,1200.0,0,0.0,5,25.0,8,964.67,595038.7,1324617728,false,cpu_limit
CV_h6s5n13.txt,BBLCT,5,6,20,20,1200.0,1,5.0,9,45.0,9,1031.31,595036.2,1233423360,false,cpu_limit
CV_h6s5n14.txt,BBLCT,5,6,20,20,1200.0,0,0.0,4,20.0,10,1103.57,595031.3,1398892544,false,cpu_limit
CV_h6s5n15.txt,BBLCT,5,6,20,20,1200.0,0,0.0,5,25.0,8,890.04,595031.3,1240159232,false,cpu_limit
CV_h6s5n16.txt,BBLCT,5,6,20,20,1200.0,0,0.0,4,20.0,10,1118.54,595033.4,1425771520,false,cpu_limit
CV_h6s5n17.txt,BBLCT,5,6,20,20,1200.0,1,5.0,4,20.0,8,882.51,595031.1,1257205760,false,cpu_limit
CV_h6s5n18.txt,BBLCT,5,6,20,20,1200.0,0,0.0,5,25.0,10,1137.87,595032.6,1393090560,false,cpu_limit
CV_h6s5n19.txt,BBLCT,5,6,20,20,1200.0,0,0.0,3,15.0,9,1037.77,595035.5,1363322880,false,cpu_limit
CV_h6s5n2.txt,BBLCT,5,6,20,20,1200.0,0,0.0,8,40.0,10,1187.99,595033.4,1400221696,false,cpu_limit
CV_h6s5n20.txt,BBLCT,5,6,20,20,1200.0,0,0.0,7,35.0,10,1072.36,595027.9,1434961920,false,cpu_limit
CV_h6s5n21.txt,BBLCT,5,6,20,20,1200.0,0,0.0,3,15.0,9,1018.42,595032.6,1423511552,false,cpu_limit
CV_h6s5n22.txt,BBLCT,5,6,20,20,1200.0,0,0.0,4,20.0,8,965.19,595036.2,1318301696,false,cpu_limit
CV_h6s5n23.txt,BBLCT,5,6,20,20,1200.0,0,0.0,6,30.0,9,1002.78,595033.8,1425301504,false,cpu_limit
CV_h6s5n24.txt,BBLCT,5,6,20,20,1200.0,1,5.0,2,10.0,8,876.84,595030.9,1322547200,false,cpu_limit
CV_h6s5n25.txt,BBLCT,5,6,20,20,1200.0,0,0.0,4,20.0,10,1106.26,595036.1,1366650880,false,cpu_limit
CV_h6s5n26.txt,BBLCT,5,6,20,20,1200.0,0,0.0,4,20.0,10,1174.72,595034.8,1172699136,false,cpu_limit
CV_h6s5n27.txt,BBLCT,5,6,20,20,1200.0,0,0.0,8,40.0,9,1016.28,595034.9,1176528896,false,cpu_limit
CV_h6s5n28.txt,BBLCT,5,6,20,20,1200.0,0,0.0,7,35.0,10,1156.37,595039.9,1276229632,false,cpu_limit
CV_h6s5n29.txt,BBLCT,5,6,20,20,1200.0,0,0.0,4,20.0,6,695.43,595040.2,1362459648,false,cpu_limit
CV_h6s5n3.txt,BBLCT,5,6,20,20,1200.0,1,5.0,5,25.0,8,971.00,595029.5,1231694848,false,cpu_limit
CV_h6s5n30.txt,BBLCT,5,6,20,20,1200.0,0,0.0,3,15.0,7,782.25,595032.8,1370505216,false,cpu_limit
CV_h6s5n31.txt,BBLCT,5,6,20,20,1200.0,0,0.0,1,5.0,8,890.04,595032.6,1436746752,false,cpu_limit
CV_h6s5n32.txt,BBLCT,5,6,20,20,1200.0,3,15.0,7,35.0,9,997.96,595034.1,1226677248,false,cpu_limit
CV_h6s5n33.txt,BBLCT,5,6,20,20,1200.0,1,5.0,5,25.0,8,918.42,595027.7,1280857088,false,cpu_limit
CV_h6s5n34.txt,BBLCT,5,6,20,20,1200.0,0,0.0,3,15.0,10,1132.73,595029.0,1373782016,false,cpu_limit
CV_h6s5n35.txt,BBLCT,5,6,20,20,1200.0,0,0.0,4,20.0,9,1061.18,595029.2,1315388416,false,cpu_limit
CV_h6s5n36.txt,BBLCT,5,6,20,20,1200.0,0,0.0,3,15.0,7,869.05,595040.2,1394873344,false,cpu_limit
CV_h6s5n37.txt,BBLCT,5,6,20,20,1200.0,0,0.0,2,10.0,7,811.12,595025.5,1370037248,false,cpu_limit
CV_h6s5n38.txt,BBLCT,5,6,20,20,1200.0,1,5.0,4,20.0,8,840.40,595025.9,1290265600,false,cpu_limit
CV_h6s5n39.txt,BBLCT,5,6,20,20,1200.0,0,0.0,6,30.0,9,1002.89,595033.2,1435532288,false,cpu_limit
CV_h6s5n4.txt,BBLCT,5,6,20,20,1200.0,0,0.0,9,45.0,9,1022.98,595025.9,1115591680,false,cpu_limit
CV_h6s5n40.txt,BBLCT,5,6,20,20,1200.0,1,5.0,4,20.0,9,1007.46,595026.2,1251714048,false,cpu_limit
CV_h6s5n5.txt,BBLCT,5,6,20,20,1200.0,0,0.0,1,5.0,6,669.43,595028.4,1394119680,false,cpu_limit
CV_h6s5n6.txt,BBLCT,5,6,20,20,1200.0,0,0.0,4,20.0,10,1091.81,595025.8,1363822592,false,cpu_limit
CV_h6s5n7.txt,BBLCT,5,6,20,20,1200.0,0,0.0,5,25.0,9,988.27,595031.5,1420242944,false,cpu_limit
CV_h6s5n8.txt,BBLCT,5,6,20,20,1200.0,0,0.0,3,15.0,9,1033.87,595028.9,1368841216,false,cpu_limit
CV_h6s5n9.txt,BBLCT,5,6,20,20,1200.0,1,5.0,6,30.0,11,1197.54,595029.8,1286537216,false,cpu_limit
CV_h6s6n1.txt,BBLCT,6,6,24,24,1200.0,0,0.0,1,4.2,8,906.58,595032.6,1128651776,false,cpu_limit
CV_h6s6n10.txt,BBLCT,6,6,24,24,1200.0,0,0.0,3,12.5,9,1120.06,595034.9,1012059136,false,cpu_limit
CV_h6s6n11.txt,BBLCT,6,6,24,24,1200.0,0,0.0,1,4.2,7,853.11,595030.5,1086891008,false,cpu_limit
CV_h6s6n12.txt,BBLCT,6,6,24,24,1200.0,2,8.3,2,8.3,0,0.00,595026.7,1038493696,false,cpu_limit
CV_h6s6n13.txt,BBLCT,6,6,24,24,1200.0,0,0.0,5,20.8,10,1179.08,595035.6,1080192000,false,cpu_limit
CV_h6s6n14.txt,BBLCT,6,6,24,24,1200.0,0,0.0,6,25.0,7,822.17,595027.9,1049252864,false,cpu_limit
CV_h6s6n15.txt,BBLCT,6,6,24,24,1200.0,1,4.2,7,29.2,8,931.63,595028.0,1055759360,false,cpu_limit
CV_h6s6n16.txt,BBLCT,6,6,24,24,1200.0,2,8.3,6,25.0,8,1070.62,595026.3,947918848,false,cpu_limit
CV_h6s6n17.txt,BBLCT,6,6,24,24,1200.0,0,0.0,4,16.7,10,1190.65,595026.9,1129316352,false,cpu_limit
CV_h6s6n18.txt,BBLCT,6,6,24,24,1200.0,0,0.0,2,8.3,7,893.93,595027.6,1027806208,false,cpu_limit
CV_h6s6n19.txt,BBLCT,6,6,24,24,1200.0,0,0.0,2,8.3,9,1170.90,595036.6,1013356544,false,cpu_limit
CV_h6s6n2.txt,BBLCT,6,6,24,24,1200.0,1,4.2,5,20.8,10,1199.86,595035.6,986847232,false,cpu_limit
CV_h6s6n20.txt,BBLCT,6,6,24,24,1200.0,0,0.0,4,16.7,8,890.94,595027.3,1085966336,false,cpu_limit
CV_h6s6n21.txt,BBLCT,6,6,24,24,1200.0,0,0.0,3,12.5,10,1149.32,595027.6,1104942080,false,cpu_limit
CV_h6s6n22.txt,BBLCT,6,6,24,24,1200.0,0,0.0,9,37.5,9,1092.96,595029.4,1084926976,false,cpu_limit
CV_h6s6n23.txt,BBLCT,6,6,24,24,1200.0,0,0.0,5,20.8,9,1054.31,595033.2,1088642048,false,cpu_limit
CV_h6s6n24.txt,BBLCT,6,6,24,24,1200.0,0,0.0,6,25.0,9,1134.10,595027.5,1061456896,false,cpu_limit
CV_h6s6n25.txt,BBLCT,6,6,24,24,1200.0,1,4.2,2,8.3,8,981.20,595028.4,1031684096,false,cpu_limit
CV_h6s6n26.txt,BBLCT,6,6,24,24,1200.0,0,0.0,4,16.7,8,964.18,595029.8,1108861952,false,cpu_limit
CV_h6s6n27.txt,BBLCT,6,6,24,24,1200.0,1,4.2,3,12.5,8,999.78,595027.8,1005260800,false,cpu_limit
CV_h6s6n28.txt,BBLCT,6,6,24,24,1200.0,1,4.2,2,8.3,9,1045.51,595026.0,1009426432,false,cpu_limit
CV_h6s6n29.txt,BBLCT,6,6,24,24,1200.0,0,0.0,2,8.3,7,820.91,595027.2,1101774848,false,cpu_limit
CV_h6s6n3.txt,BBLCT,6,6,24,24,1200.0,3,12.5,4,16.7,8,941.31,595030.6,982434816,false,cpu_limit
CV_h6s6n30.txt,BBLCT,6,6,24,24,1200.0,0,0.0,1,4.2,6,718.93,595031.0,1063487488,false,cpu_limit
CV_h6s6n31.txt,BBLCT,6,6,24,24,1200.0,1,4.2,3,12.5,8,1005.70,595032.9,991132672,false,cpu_limit
CV_h6s6n32.txt,BBLCT,6,6,24,24,1200.0,0,0.0,3,12.5,9,1197.38,595034.5,1091321856,false,cpu_limit
CV_h6s6n33.txt,BBLCT,6,6,24,24,1200.0,0,0.0,2,8.3,7,806.93,595024.9,1086063616,false,cpu_limit
CV_h6s6n34.txt,BBLCT,6,6,24,24,1200.0,0,0.0,3,12.5,10,1196.07,595032.0,1053694976,false,cpu_limit
CV_h6s6n35.txt,BBLCT,6,6,24,24,1200.0,0,0.0,2,8.3,5,607.80,595031.7,1061432320,false,cpu_limit
CV_h6s6n36.txt,BBLCT,6,6,24,24,1200.0,0,0.0,2,8.3,5,605.16,595031.7,1057972224,false,cpu_limit
CV_h6s6n37.txt,BBLCT,6,6,24,24,1200.0,0,0.0,3,12.5,8,1026.01,595033.3,1063472128,false,cpu_limit
CV_h6s6n38.txt,BBLCT,6,6,24,24,1200.0,0,0.0,4,16.7,9,1164.65,595039.0,1062200320,false,cpu_limit
CV_h6s6n39.txt,BBLCT,6,6,24,24,1200.0,0,0.0,1,4.2,8,960.28,595038.4,1108794368,false,cpu_limit
CV_h6s6n4.txt,BBLCT,6,6,24,24,1200.0,2,8.3,2,8.3,0,0.00,595033.0,1018763264,false,cpu_limit
CV_h6s6n40.txt,BBLCT,6,6,24,24,1200.0,0,0.0,2,8.3,6,718.93,595032.0,1064678400,false,cpu_limit
CV_h6s6n5.txt,BBLCT,6,6,24,24,1200.0,0,0.0,2,8.3,9,1049.85,595039.3,1135090688,false,cpu_limit
CV_h6s6n6.txt,BBLCT,6,6,24,24,1200.0,0,0.0,1,4.2,8,906.58,595031.0,1130257408,false,cpu_limit
CV_h6s6n7.txt,BBLCT,6,6,24,24,1200.0,0,0.0,2,8.3,10,1182.53,595033.4,1127750656,false,cpu_limit
CV_h6s6n8.txt,BBLCT,6,6,24,24,1200.0,0,0.0,2,8.3,9,1049.56,595031.7,1128828928,false,cpu_limit
CV_h6s6n9.txt,BBLCT,6,6,24,24,1200.0,1,4.2,2,8.3,6,727.99,595033.4,1022948352,false,cpu_limit
CV_h6s7n1.txt,BBLCT,7,6,28,28,1200.0,1,3.6,3,10.7,9,1065.63,595028.5,751382528,false,cpu_limit
CV_h6s7n10.txt,BBLCT,7,6,28,28,1200.0,2,7.1,3,10.7,10,1088.81,595030.0,754294784,false,cpu_limit
CV_h6s7n11.txt,BBLCT,7,6,28,28,1200.0,0,0.0,1,3.6,8,929.41,595025.5,812618752,false,cpu_limit
CV_h6s7n12.txt,BBLCT,7,6,28,28,1200.0,2,7.1,3,10.7,9,969.10,595027.1,798197760,false,cpu_limit
CV_h6s7n13.txt,BBLCT,7,6,28,28,1200.0,0,0.0,2,7.1,10,1076.52,595028.6,797871104,false,cpu_limit
CV_h6s7n14.txt,BBLCT,7,6,28,28,1200.0,0,0.0,1,3.6,7,799.08,595036.4,831890432,false,cpu_limit
CV_h6s7n15.txt,BBLCT,7,6,28,28,1200.0,0,0.0,6,21.4,9,1066.88,595033.2,685391872,false,cpu_limit
CV_h6s7n16.txt,BBLCT,7,6,28,28,1200.0,1,3.6,3,10.7,9,1040.07,595030.2,775387136,false,cpu_limit
CV_h6s7n17.txt,BBLCT,7,6,28,28,1200.0,2,7.1,4,14.3,10,1097.09,595031.7,797140992,false,cpu_limit
CV_h6s7n18.txt,BBLCT,7,6,28,28,1200.0,1,3.6,2,7.1,7,799.08,595031.9,761682944,false,cpu_limit
CV_h6s7n19.txt,BBLCT,7,6,28,28,1200.0,0,0.0,5,17.9,9,955.24,595029.1,789316608,false,cpu_limit
CV_h6s7n2.txt,BBLCT,7,6,28,28,1200.0,0,0.0,4,14.3,9,1109.26,595032.3,743162880,false,cpu_limit
CV_h6s7n20.txt,BBLCT,7,6,28,28,1200.0,1,3.6,2,7.1,8,968.95,595030.8,785845248,false,cpu_limit
CV_h6s7n21.txt,BBLCT,7,6,28,28,1200.0,0,0.0,1,3.6,8,935.81,595031.5,843790336,false,cpu_limit
CV_h6s7n22.txt,BBLCT,7,6,28,28,1200.0,0,0.0,4,14.3,8,1021.35,595030.2,806925312,false,cpu_limit
CV_h6s7n23.txt,BBLCT,7,6,28,28,1200.0,0,0.0,10,35.7,10,1126.37,595028.8,782266368,false,cpu_limit
CV_h6s7n24.txt,BBLCT,7,6,28,28,1200.0,0,0.0,2,7.1,9,954.91,595028.1,851151872,false,cpu_limit
CV_h6s7n25.txt,BBLCT,7,6,28,28,1200.0,0,0.0,2,7.1,8,946.27,595028.2,848362496,false,cpu_limit
CV_h6s7n26.txt,BBLCT,7,6,28,28,1200.0,0,0.0,5,17.9,10,1136.44,595027.8,770083840,false,cpu_limit
CV_h6s7n27.txt,BBLCT,7,6,28,28,1200.0,0,0.0,4,14.3,9,1011.50,595028.7,757528576,false,cpu_limit
CV_h6s7n28.txt,BBLCT,7,6,28,28,1200.0,0,0.0,3,10.7,9,1027.19,595032.8,814129152,false,cpu_limit
CV_h6s7n29.txt,BBLCT,7,6,28,28,1200.0,1,3.6,3,10.7,9,1063.90,595037.0,813251584,false,cpu_limit
CV_h6s7n3.txt,BBLCT,7,6,28,28,1200.0,1,3.6,3,10.7,8,933.47,595030.9,742368256,false,cpu_limit
CV_h6s7n30.txt,BBLCT,7,6,28,28,1200.0,1,3.6,6,21.4,10,1100.33,595029.5,729126912,false,cpu_limit
CV_h6s7n31.txt,BBLCT,7,6,28,28,1200.0,0,0.0,1,3.6,9,1049.85,595033.2,869921792,false,cpu_limit
CV_h6s7n32.txt,BBLCT,7,6,28,28,1200.0,0,0.0,1,3.6,8,935.81,595025.1,844764160,false,cpu_limit
CV_h6s7n33.txt,BBLCT,7,6,28,28,1200.0,0,0.0,1,3.6,8,929.41,595028.8,809529344,false,cpu_limit
CV_h6s7n34.txt,BBLCT,7,6,28,28,1200.0,0,0.0,3,10.7,10,1184.86,595032.0,773273600,false,cpu_limit
CV_h6s7n35.txt,BBLCT,7,6,28,28,1200.0,0,0.0,1,3.6,7,804.63,595031.5,782417920,false,cpu_limit
CV_h6s7n36.txt,BBLCT,7,6,28,28,1200.0,0,0.0,1,3.6,10,1108.47,595031.0,860298240,false,cpu_limit
CV_h6s7n37.txt,BBLCT,7,6,28,28,1200.0,0,0.0,5,17.9,9,1090.53,595030.2,761888768,false,cpu_limit
CV_h6s7n38.txt,BBLCT,7,6,28,28,1200.0,0,0.0,4,14.3,9,1029.90,595038.8,826196992,false,cpu_limit
CV_h6s7n39.txt,BBLCT,7,6,28,28,1200.0,1,3.6,3,10.7,9,1105.21,595030.1,753177600,false,cpu_limit
CV_h6s7n4.txt,BBLCT,7,6,28,28,1200.0,0,0.0,3,10.7,11,1188.87,595028.4,765806592,false,cpu_limit
CV_h6s7n40.txt,BBLCT,7,6,28,28,1200.0,0,0.0,4,14.3,9,1015.61,595027.7,697987072,false,cpu_limit
CV_h6s7n5.txt,BBLCT,7,6,28,28,1200.0,0,0.0,3,10.7,7,785.15,595033.6,800118784,false,cpu_limit
CV_h6s7n6.txt,BBLCT,7,6,28,28,1200.0,2,7.1,3,10.7,9,1066.64,595035.3,761119744,false,cpu_limit
CV_h6s7n7.txt,BBLCT,7,6,28,28,1200.0,1,3.6,2,7.1,8,906.87,595029.2,828534784,false,cpu_limit
CV_h6s7n8.txt,BBLCT,7,6,28,28,1200.0,0,0.0,3,10.7,8,909.34,595031.8,763026432,false,cpu_limit
CV_h6s7n9.txt,BBLCT,7,6,28,28,1200.0,0,0.0,1,3.6,9,1049.85,595034.0,867467264,false,cpu_limit
CV_h7s10n1.txt,BBLCT,10,7,50,50,1200.0,0,0.0,1,2.0,7,883.85,595035.3,417072128,false,cpu_limit
CV_h7s10n10.txt,BBLCT,10,7,50,50,1200.0,0,0.0,2,4.0,9,1057.61,595031.3,404101120,false,cpu_limit
CV_h7s10n11.txt,BBLCT,10,7,50,50,1200.0,0,0.0,1,2.0,9,1064.12,595033.2,428600320,false,cpu_limit
CV_h7s10n12.txt,BBLCT,10,7,50,50,1200.0,0,0.0,0,0.0,0,0.00,595031.2,401628160,false,cpu_limit
CV_h7s10n13.txt,BBLCT,10,7,50,50,1200.0,0,0.0,3,6.0,9,1114.97,595033.4,402361344,false,cpu_limit
CV_h7s10n14.txt,BBLCT,10,7,50,50,1200.0,0,0.0,1,2.0,9,1155.97,595029.5,406201344,false,cpu_limit
CV_h7s10n15.txt,BBLCT,10,7,50,50,1200.0,0,0.0,1,2.0,6,766.29,595033.3,405777408,false,cpu_limit
CV_h7s10n16.txt,BBLCT,10,7,50,50,1200.0,1,2.0,3,6.0,9,1045.99,595037.9,422305792,false,cpu_limit
CV_h7s10n17.txt,BBLCT,10,7,50,50,1200.0,0,0.0,4,8.0,9,1078.22,595029.1,395949056,false,cpu_limit
CV_h7s10n18.txt,BBLCT,10,7,50,50,1200.0,0,0.0,2,4.0,9,1048.89,595032.8,428713984,false,cpu_limit
CV_h7s10n19.txt,BBLCT,10,7,50,50,1200.0,1,2.0,2,4.0,8,935.81,595031.1,420896768,false,cpu_limit
CV_h7s10n2.txt,BBLCT,10,7,50,50,1200.0,0,0.0,1,2.0,9,1154.71,595035.3,418762752,false,cpu_limit
CV_h7s10n20.txt,BBLCT,10,7,50,50,1200.0,0,0.0,4,8.0,9,1093.29,595030.1,410451968,false,cpu_limit
CV_h7s10n21.txt,BBLCT,10,7,50,50,1200.0,0,0.0,2,4.0,8,935.81,595028.9,405625856,false,cpu_limit
CV_h7s10n22.txt,BBLCT,10,7,50,50,1200.0,0,0.0,2,4.0,10,1192.87,595031.8,394521600,false,cpu_limit
CV_h7s10n23.txt,BBLCT,10,7,50,50,1200.0,0,0.0,0,0.0,0,0.00,595031.3,431286272,false,cpu_limit
CV_h7s10n24.txt,BBLCT,10,7,50,50,1200.0,0,0.0,0,0.0,0,0.00,595033.3,404142080,false,cpu_limit
CV_h7s10n25.txt,BBLCT,10,7,50,50,1200.0,2,4.0,2,4.0,0,0.00,595032.3,395102208,false,cpu_limit
CV_h7s10n26.txt,BBLCT,10,7,50,50,1200.0,0,0.0,1,2.0,9,1094.56,595033.4,404930560,false,cpu_limit
CV_h7s10n27.txt,BBLCT,10,7,50,50,1200.0,0,0.0,1,2.0,10,1196.91,595032.8,427935744,false,cpu_limit
CV_h7s10n28.txt,BBLCT,10,7,50,50,1200.0,0,0.0,2,4.0,9,1155.92,595033.3,388743168,false,cpu_limit
CV_h7s10n29.txt,BBLCT,10,7,50,50,1200.0,0,0.0,3,6.0,10,1162.50,595035.5,427146240,false,cpu_limit
CV_h7s10n3.txt,BBLCT,10,7,50,50,1200.0,0,0.0,0,0.0,0,0.00,595034.6,426241024,false,cpu_limit
CV_h7s10n30.txt,BBLCT,10,7,50,50,1200.0,0,0.0,3,6.0,10,1173.94,595033.4,399887360,false,cpu_limit
CV_h7s10n31.txt,BBLCT,10,7,50,50,1200.0,1,2.0,3,6.0,7,882.43,595034.4,395250688,false,cpu_limit
CV_h7s10n32.txt,BBLCT,10,7,50,50,1200.0,0,0.0,1,2.0,8,948.96,595038.0,433139712,false,cpu_limit
CV_h7s10n33.txt,BBLCT,10,7,50,50,1200.0,0,0.0,2,4.0,9,1154.71,595032.5,418444288,false,cpu_limit
CV_h7s10n34.txt,BBLCT,10,7,50,50,1200.0,0,0.0,3,6.0,10,1173.94,595034.5,400851968,false,cpu_limit
CV_h7s10n35.txt,BBLCT,10,7,50,50,1200.0,0,0.0,1,2.0,8,948.96,595034.5,429944832,false,cpu_limit
CV_h7s10n36.txt,BBLCT,10,7,50,50,1200.0,0,0.0,4,8.0,9,1103.54,595038.5,397416448,false,cpu_limit
CV_h7s10n37.txt,BBLCT,10,7,50,50,1200.0,0,0.0,5,10.0,10,1199.87,595032.5,413709312,false,cpu_limit
CV_h7s10n38.txt,BBLCT,10,7,50,50,1200.0,0,0.0,3,6.0,9,1157.34,595026.2,402647040,false,cpu_limit
CV_h7s10n39.txt,BBLCT,10,7,50,50,1200.0,0,0.0,1,2.0,9,1155.97,595027.4,415181824,false,cpu_limit
CV_h7s10n4.txt,BBLCT,10,7,50,50,1200.0,0,0.0,1,2.0,9,1094.56,595037.5,399688704,false,cpu_limit
CV_h7s10n40.txt,BBLCT,10,7,50,50,1200.0,0,0.0,3,6.0,9,1119.02,595034.8,374629376,false,cpu_limit
CV_h7s10n5.txt,BBLCT,10,7,50,50,1200.0,0,0.0,1,2.0,8,1007.55,595030.8,421113856,false,cpu_limit
CV_h7s10n6.txt,BBLCT,10,7,50,50,1200.0,0,0.0,2,4.0,8,1011.60,595029.7,418273280,false,cpu_limit
CV_h7s10n7.txt,BBLCT,10,7,50,50,1200.0,0,0.0,1,2.0,8,1011.60,595032.4,417850368,false,cpu_limit
CV_h7s10n8.txt,BBLCT,10,7,50,50,1200.0,0,0.0,1,2.0,8,1007.55,595034.6,423296000,false,cpu_limit
CV_h7s10n9.txt,BBLCT,10,7,50,50,1200.0,0,0.0,3,6.0,8,989.33,595034.0,422210560,false,cpu_limit
CV_h7s4n1.txt,BBLCT,4,7,20,20,1200.0,0,0.0,3,15.0,7,807.54,595035.5,1656164352,false,cpu_limit
CV_h7s4n10.txt,BBLCT,4,7,20,20,1200.0,0,0.0,3,15.0,7,789.98,595029.7,1679398912,false,cpu_limit
CV_h7s4n11.txt,BBLCT,4,7,20,20,1200.0,0,0.0,6,30.0,9,1005.59,595039.7,1738236928,false,cpu_limit
CV_h7s4n12.txt,BBLCT,4,7,20,20,1200.0,0,0.0,1,5.0,6,692.16,595029.8,1852361728,false,cpu_limit
CV_h7s4n13.txt,BBLCT,4,7,20,20,1200.0,0,0.0,1,5.0,6,692.16,595029.9,1849393152,false,cpu_limit
CV_h7s4n14.txt,BBLCT,4,7,20,20,1200.0,0,0.0,3,15.0,7,839.27,595026.9,1870612480,false,cpu_limit
CV_h7s4n15.txt,BBLCT,4,7,20,20,1200.0,0,0.0,7,35.0,6,633.07,595027.9,1669126144,false,cpu_limit
CV_h7s4n16.txt,BBLCT,4,7,20,20,1200.0,0,0.0,3,15.0,9,1180.12,595026.9,1752291328,false,cpu_limit
CV_h7s4n17.txt,BBLCT,4,7,20,20,1200.0,0,0.0,1,5.0,5,594.87,595026.9,1733435392,false,cpu_limit
CV_h7s4n18.txt,BBLCT,4,7,20,20,1200.0,1,5.0,7,35.0,7,886.14,595031.4,1535908864,false,cpu_limit
CV_h7s4n19.txt,BBLCT,4,7,20,20,1200.0,0,0.0,4,20.0,10,1094.27,595031.6,1782367232,false,cpu_limit
CV_h7s4n2.txt,BBLCT,4,7,20,20,1200.0,0,0.0,1,5.0,4,497.74,595028.5,1904106496,false,cpu_limit
CV_h7s4n20.txt,BBLCT,4,7,20,20,1200.0,0,0.0,2,10.0,5,592.52,595024.8,1781969920,false,cpu_limit
CV_h7s4n21.txt,BBLCT,4,7,20,20,1200.0,0,0.0,5,25.0,9,1055.22,595032.5,1720335360,false,cpu_limit
CV_h7s4n22.txt,BBLCT,4,7,20,20,1200.0,3,15.0,4,20.0,7,804.87,595026.4,1575866368,false,cpu_limit
CV_h7s4n23.txt,BBLCT,4,7,20,20,1200.0,0,0.0,7,35.0,6,645.00,595030.1,1755340800,false,cpu_limit
CV_h7s4n24.txt,BBLCT,4,7,20,20,1200.0,0,0.0,1,5.0,6,756.05,595035.5,1750931456,false,cpu_limit
CV_h7s4n25.txt,BBLCT,4,7,20,20,1200.0,3,15.0,10,50.0,10,1192.46,595027.7,1564175360,false,cpu_limit
CV_h7s4n26.txt,BBLCT,4,7,20,20,1200.0,0,0.0,1,5.0,7,839.27,595028.1,1867907072,false,cpu_limit
CV_h7s4n27.txt,BBLCT,4,7,20,20,1200.0,0,0.0,6,30.0,8,1006.15,595028.3,1781127168,false,cpu_limit
CV_h7s4n28.txt,BBLCT,4,7,20,20,1200.0,0,0.0,2,10.0,7,916.69,595028.8,1756267520,false,cpu_limit
CV_h7s4n29.txt,BBLCT,4,7,20,20,1200.0,1,5.0,3,15.0,5,553.38,595030.0,1643668480,false,cpu_limit
CV_h7s4n3.txt,BBLCT,4,7,20,20,1200.0,0,0.0,5,25.0,7,749.21,595027.3,1700535296,false,cpu_limit
CV_h7s4n30.txt,BBLCT,4,7,20,20,1200.0,1,5.0,3,15.0,8,963.51,595032.1,1581181952,false,cpu_limit
CV_h7s4n31.txt,BBLCT,4,7,20,20,1200.0,1,5.0,7,35.0,9,974.20,595026.7,1601093632,false,cpu_limit
CV_h7s4n32.txt,BBLCT,4,7,20,20,1200.0,0,0.0,1,5.0,5,594.87,595029.3,1751193600,false,cpu_limit
CV_h7s4n33.txt,BBLCT,4,7,20,20,1200.0,0,0.0,2,10.0,5,567.33,595026.9,1658791936,false,cpu_limit
CV_h7s4n34.txt,BBLCT,4,7,20,20,1200.0,0,0.0,4,20.0,10,1187.45,595027.1,1745641472,false,cpu_limit
CV_h7s4n35.txt,BBLCT,4,7,20,20,1200.0,0,0.0,2,10.0,7,800.95,595029.4,1693889536,false,cpu_limit
CV_h7s4n36.txt,BBLCT,4,7,20,20,1200.0,0,0.0,4,20.0,8,961.17,595027.8,1809091584,false,cpu_limit
CV_h7s4n37.txt,BBLCT,4,7,20,20,1200.0,0,0.0,1,5.0,7,839.27,595030.6,1865681920,false,cpu_limit
CV_h7s4n38.txt,BBLCT,4,7,20,20,1200.0,0,0.0,2,10.0,9,1104.57,595026.4,1697458176,false,cpu_limit
CV_h7s4n39.txt,BBLCT,4,7,20,20,1200.0,0,0.0,3,15.0,7,916.40,595027.9,1708149760,false,cpu_limit
CV_h7s4n4.txt,BBLCT,4,7,20,20,1200.0,0,0.0,3,15.0,4,485.19,595027.5,1710856192,false,cpu_limit
CV_h7s4n40.txt,BBLCT,4,7,20,20,1200.0,0,0.0,4,20.0,9,1195.57,595026.4,1829282816,false,cpu_limit
CV_h7s4n5.txt,BBLCT,4,7,20,20,1200.0,0,0.0,2,10.0,6,756.05,595031.4,1666795520,false,cpu_limit
CV_h7s4n6.txt,BBLCT,4,7,20,20,1200.0,0,0.0,4,20.0,7,847.61,595034.2,1831417856,false,cpu_limit
CV_h7s4n7.txt,BBLCT,4,7,20,20,1200.0,0,0.0,5,25.0,6,692.45,595031.2,1835731968,false,cpu_limit
CV_h7s4n8.txt,BBLCT,4,7,20,20,1200.0,0,0.0,2,10.0,5,625.83,595031.3,1739932672,false,cpu_limit
CV_h7s4n9.txt,BBLCT,4,7,20,20,1200.0,2,10.0,4,20.0,6,703.99,595043.0,1616764928,false,cpu_limit
CV_h7s5n1.txt,BBLCT,5,7,25,25,1200.0,0,0.0,1,4.0,8,890.04,595032.1,1406233600,false,cpu_limit
CV_h7s5n10.txt,BBLCT,5,7,25,25,1200.0,0,0.0,3,12.0,8,877.10,595039.0,1333797888,false,cpu_limit
CV_h7s5n11.txt,BBLCT,5,7,25,25,1200.0,0,0.0,2,8.0,5,546.60,595027.9,1313359872,false,cpu_limit
CV_h7s5n12.txt,BBLCT,5,7,25,25,1200.0,0,0.0,2,8.0,9,1069.51,595031.0,1406582784,false,cpu_limit
CV_h7s5n13.txt,BBLCT,5,7,25,25,1200.0,0,0.0,5,20.0,6,724.26,595027.9,1357485056,false,cpu_limit
CV_h7s5n14.txt,BBLCT,5,7,25,25,1200.0,0,0.0,3,12.0,6,644.91,595028.1,1202072576,false,cpu_limit
CV_h7s5n15.txt,BBLCT,5,7,25,25,1200.0,0,0.0,2,8.0,10,1176.93,595030.3,1409375232,false,cpu_limit
CV_h7s5n16.txt,BBLCT,5,7,25,25,1200.0,0,0.0,3,12.0,5,557.08,595034.2,1300680704,false,cpu_limit
CV_h7s5n17.txt,BBLCT,5,7,25,25,1200.0,0,0.0,3,12.0,8,882.52,595025.5,1293260800,false,cpu_limit
CV_h7s5n18.txt,BBLCT,5,7,25,25,1200.0,1,4.0,5,20.0,8,906.43,595031.4,1231935488,false,cpu_limit
CV_h7s5n19.txt,BBLCT,5,7,25,25,1200.0,1,4.0,5,20.0,9,1099.05,595032.1,1215527936,false,cpu_limit
CV_h7s5n2.txt,BBLCT,5,7,25,25,1200.0,1,4.0,7,28.0,10,1142.70,595036.7,1241742336,false,cpu_limit
CV_h7s5n20.txt,BBLCT,5,7,25,25,1200.0,0,0.0,2,8.0,8,1070.66,595038.1,1296752640,false,cpu_limit
CV_h7s5n21.txt,BBLCT,5,7,25,25,1200.0,0,0.0,1,4.0,8,956.68,595032.7,1292388352,false,cpu_limit
CV_h7s5n22.txt,BBLCT,5,7,25,25,1200.0,0,0.0,4,16.0,8,956.49,595028.1,1359451136,false,cpu_limit
CV_h7s5n23.txt,BBLCT,5,7,25,25,1200.0,0,0.0,2,8.0,9,1118.43,595032.0,1376277504,false,cpu_limit
CV_h7s5n24.txt,BBLCT,5,7,25,25,1200.0,1,4.0,3,12.0,6,760.38,595031.7,1261210624,false,cpu_limit
CV_h7s5n25.txt,BBLCT,5,7,25,25,1200.0,1,4.0,5,20.0,8,928.64,595033.7,1267927040,false,cpu_limit
CV_h7s5n26.txt,BBLCT,5,7,25,25,1200.0,0,0.0,2,8.0,10,1176.93,595031.9,1310264320,false,cpu_limit
CV_h7s5n27.txt,BBLCT,5,7,25,25,1200.0,0,0.0,4,16.0,10,1106.45,595030.6,1397056512,false,cpu_limit
CV_h7s5n28.txt,BBLCT,5,7,25,25,1200.0,0,0.0,2,8.0,10,1129.12,595032.9,1361824768,false,cpu_limit
CV_h7s5n29.txt,BBLCT,5,7,25,25,1200.0,0,0.0,2,8.0,9,1091.51,595033.3,1365576704,false,cpu_limit
CV_h7s5n3.txt,BBLCT,5,7,25,25,1200.0,0,0.0,1,4.0,7,798.61,595026.0,1371047936,false,cpu_limit
CV_h7s5n30.txt,BBLCT,5,7,25,25,1200.0,0,0.0,6,24.0,10,1134.39,595030.3,1318010880,false,cpu_limit
CV_h7s5n31.txt,BBLCT,5,7,25,25,1200.0,0,0.0,1,4.0,9,1059.10,595031.0,1409659904,false,cpu_limit
CV_h7s5n32.txt,BBLCT,5,7,25,25,1200.0,2,8.0,3,12.0,8,1025.63,595032.4,1233186816,false,cpu_limit
CV_h7s5n33.txt,BBLCT,5,7,25,25,1200.0,0,0.0,3,12.0,9,1096.49,595029.0,1330380800,false,cpu_limit
CV_h7s5n34.txt,BBLCT,5,7,25,25,1200.0,1,4.0,3,12.0,8,967.10,595035.0,1243656192,false,cpu_limit
CV_h7s5n35.txt,BBLCT,5,7,25,25,1200.0,0,0.0,6,24.0,9,1021.90,595031.4,1393262592,false,cpu_limit
CV_h7s5n36.txt,BBLCT,5,7,25,25,1200.0,0,0.0,2,8.0,7,822.46,595029.7,1328507904,false,cpu_limit
CV_h7s5n37.txt,BBLCT,5,7,25,25,1200.0,1,4.0,2,8.0,9,1059.10,595030.8,1243170816,false,cpu_limit
CV_h7s5n38.txt,BBLCT,5,7,25,25,1200.0,1,4.0,5,20.0,10,1129.06,595034.8,1240246272,false,cpu_limit
CV_h7s5n39.txt,BBLCT,5,7,25,25,1200.0,0,0.0,4,16.0,7,786.41,595030.6,1229810688,false,cpu_limit
CV_h7s5n4.txt,BBLCT,5,7,25,25,1200.0,0,0.0,3,12.0,7,930.27,595033.1,1282095104,false,cpu_limit
CV_h7s5n40.txt,BBLCT,5,7,25,25,1200.0,0,0.0,3,12.0,9,1065.18,595031.0,1283058688,false,cpu_limit
CV_h7s5n5.txt,BBLCT,5,7,25,25,1200.0,1,4.0,5,20.0,8,909.00,595029.2,1142451200,false,cpu_limit
CV_h7s5n6.txt,BBLCT,5,7,25,25,1200.0,0,0.0,3,12.0,6,694.88,595030.6,1238537216,false,cpu_limit
CV_h7s5n7.txt,BBLCT,5,7,25,25,1200.0,0,0.0,2,8.0,9,1016.61,595033.9,1365964800,false,cpu_limit
CV_h7s5n8.txt,BBLCT,5,7,25,25,1200.0,0,0.0,2,8.0,9,1159.83,595029.6,1307659264,false,cpu_limit
CV_h7s5n9.txt,BBLCT,5,7,25,25,1200.0,0,0.0,3,12.0,10,1129.12,595029.8,1333599232,false,cpu_limit
CV_h7s6n1.txt,BBLCT,6,7,30,30,1200.0,0,0.0,1,3.3,7,821.20,595029.7,1045519360,false,cpu_limit
CV_h7s6n10.txt,BBLCT,6,7,30,30,1200.0,0,0.0,1,3.3,7,851.90,595024.5,1008333824,false,cpu_limit
CV_h7s6n11.txt,BBLCT,6,7,30,30,1200.0,0,0.0,2,6.7,5,610.48,595024.7,940990464,false,cpu_limit
CV_h7s6n12.txt,BBLCT,6,7,30,30,1200.0,0,0.0,1,3.3,10,1198.74,595032.5,1082423296,false,cpu_limit
CV_h7s6n13.txt,BBLCT,6,7,30,30,1200.0,0,0.0,3,10.0,8,989.79,595033.1,896691200,false,cpu_limit
CV_h7s6n14.txt,BBLCT,6,7,30,30,1200.0,2,6.7,5,16.7,10,1177.27,595039.0,1002840064,false,cpu_limit
CV_h7s6n15.txt,BBLCT,6,7,30,30,1200.0,0,0.0,6,20.0,8,1037.61,595026.4,894279680,false,cpu_limit
CV_h7s6n16.txt,BBLCT,6,7,30,30,1200.0,0,0.0,2,6.7,8,924.44,595034.5,1077471232,false,cpu_limit
CV_h7s6n17.txt,BBLCT,6,7,30,30,1200.0,0,0.0,4,13.3,8,896.11,595030.2,1055822848,false,cpu_limit
CV_h7s6n18.txt,BBLCT,6,7,30,30,1200.0,0,0.0,3,10.0,8,1014.87,595029.7,920139776,false,cpu_limit
CV_h7s6n19.txt,BBLCT,6,7,30,30,1200.0,0,0.0,1,3.3,7,853.11,595032.2,1034416128,false,cpu_limit
CV_h7s6n2.txt,BBLCT,6,7,30,30,1200.0,0,0.0,3,10.0,9,1101.87,595028.4,970070016,false,cpu_limit
CV_h7s6n20.txt,BBLCT,6,7,30,30,1200.0,0,0.0,1,3.3,7,855.80,595029.2,963556352,false,cpu_limit
CV_h7s6n21.txt,BBLCT,6,7,30,30,1200.0,0,0.0,1,3.3,10,1198.74,595029.1,1084294144,false,cpu_limit
CV_h7s6n22.txt,BBLCT,6,7,30,30,1200.0,0,0.0,2,6.7,9,1171.05,595029.5,995046400,false,cpu_limit
CV_h7s6n23.txt,BBLCT,6,7,30,30,1200.0,1,3.3,1,3.3,0,0.00,595028.4,973564928,false,cpu_limit
CV_h7s6n24.txt,BBLCT,6,7,30,30,1200.0,0,0.0,1,3.3,9,1106.13,595028.7,1052593152,false,cpu_limit
CV_h7s6n25.txt,BBLCT,6,7,30,30,1200.0,1,3.3,1,3.3,0,0.00,595033.5,1008236544,false,cpu_limit
CV_h7s6n26.txt,BBLCT,6,7,30,30,1200.0,0,0.0,1,3.3,10,1198.74,595037.6,1079202816,false,cpu_limit
CV_h7s6n27.txt,BBLCT,6,7,30,30,1200.0,0,0.0,1,3.3,8,997.75,595027.3,967201792,false,cpu_limit
CV_h7s6n28.txt,BBLCT,6,7,30,30,1200.0,0,0.0,1,3.3,8,997.75,595028.1,966144000,false,cpu_limit
CV_h7s6n29.txt,BBLCT,6,7,30,30,1200.0,0,0.0,1,3.3,8,906.58,595027.3,1080192000,false,cpu_limit
CV_h7s6n3.txt,BBLCT,6,7,30,30,1200.0,1,3.3,1,3.3,0,0.00,595030.7,960419840,false,cpu_limit
CV_h7s6n30.txt,BBLCT,6,7,30,30,1200.0,0,0.0,5,16.7,9,1153.72,595027.9,962924544,false,cpu_limit
CV_h7s6n31.txt,BBLCT,6,7,30,30,1200.0,0,0.0,2,6.7,9,1050.76,595025.6,1021819904,false,cpu_limit
CV_h7s6n32.txt,BBLCT,6,7,30,30,1200.0,0,0.0,2,6.7,9,1112.06,595036.4,943866880,false,cpu_limit
CV_h7s6n33.txt,BBLCT,6,7,30,30,1200.0,2,6.7,3,10.0,8,1007.16,595027.7,878778368,false,cpu_limit
CV_h7s6n34.txt,BBLCT,6,7,30,30,1200.0,0,0.0,3,10.0,6,704.73,595032.1,950683648,false,cpu_limit
CV_h7s6n35.txt,BBLCT,6,7,30,30,1200.0,0,0.0,3,10.0,7,841.20,595032.1,963757056,false,cpu_limit
CV_h7s6n36.txt,BBLCT,6,7,30,30,1200.0,0,0.0,3,10.0,10,1168.37,595037.3,1000204288,false,cpu_limit
CV_h7s6n37.txt,BBLCT,6,7,30,30,1200.0,0,0.0,1,3.3,6,720.19,595031.1,970088448,false,cpu_limit
CV_h7s6n38.txt,BBLCT,6,7,30,30,1200.0,0,0.0,2,6.7,5,607.84,595031.0,944636928,false,cpu_limit
CV_h7s6n39.txt,BBLCT,6,7,30,30,1200.0,1,3.3,4,13.3,8,978.17,595028.8,952804352,false,cpu_limit
CV_h7s6n4.txt,BBLCT,6,7,30,30,1200.0,0,0.0,1,3.3,9,1106.13,595029.1,1057027072,false,cpu_limit
CV_h7s6n40.txt,BBLCT,6,7,30,30,1200.0,0,0.0,2,6.7,8,1085.99,595028.2,966881280,false,cpu_limit
CV_h7s6n5.txt,BBLCT,6,7,30,30,1200.0,0,0.0,2,6.7,8,960.57,595028.5,994222080,false,cpu_limit
CV_h7s6n6.txt,BBLCT,6,7,30,30,1200.0,0,0.0,9,30.0,9,973.55,595025.7,867848192,false,cpu_limit
CV_h7s6n7.txt,BBLCT,6,7,30,30,1200.0,0,0.0,1,3.3,8,997.75,595032.4,967656448,false,cpu_limit
CV_h7s6n8.txt,BBLCT,6,7,30,30,1200.0,4,13.3,5,16.7,10,1114.90,595039.0,929499136,false,cpu_limit
CV_h7s6n9.txt,BBLCT,6,7,30,30,1200.0,0,0.0,1,3.3,9,1106.13,595032.2,1053634560,false,cpu_limit
CV_h7s7n1.txt,BBLCT,7,7,35,35,1200.0,2,5.7,6,17.1,8,945.78,595032.1,667650048,false,cpu_limit
CV_h7s7n10.txt,BBLCT,7,7,35,35,1200.0,2,5.7,6,17.1,10,1189.94,595033.3,763558912,false,cpu_limit
CV_h7s7n11.txt,BBLCT,7,7,35,35,1200.0,1,2.9,2,5.7,9,1049.85,595031.6,775671808,false,cpu_limit
CV_h7s7n12.txt,BBLCT,7,7,35,35,1200.0,0,0.0,4,11.4,9,1078.05,595033.9,791555072,false,cpu_limit
CV_h7s7n13.txt,BBLCT,7,7,35,35,1200.0,0,0.0,4,11.4,10,1192.30,595031.4,793262080,false,cpu_limit
CV_h7s7n14.txt,BBLCT,7,7,35,35,1200.0,2,5.7,3,8.6,9,969.39,595036.1,755419136,false,cpu_limit
CV_h7s7n15.txt,BBLCT,7,7,35,35,1200.0,0,0.0,3,8.6,10,1199.02,595033.9,824201216,false,cpu_limit
CV_h7s7n16.txt,BBLCT,7,7,35,35,1200.0,0,0.0,1,2.9,8,906.87,595035.3,817497088,false,cpu_limit
CV_h7s7n17.txt,BBLCT,7,7,35,35,1200.0,3,8.6,5,14.3,9,1007.11,595033.2,658018304,false,cpu_limit
CV_h7s7n18.txt,BBLCT,7,7,35,35,1200.0,0,0.0,1,2.9,9,1078.05,595035.1,799511552,false,cpu_limit
CV_h7s7n19.txt,BBLCT,7,7,35,35,1200.0,0,0.0,1,2.9,7,803.36,595032.0,759166976,false,cpu_limit
CV_h7s7n2.txt,BBLCT,7,7,35,35,1200.0,0,0.0,1,2.9,9,1069.94,595029.7,783186944,false,cpu_limit
CV_h7s7n20.txt,BBLCT,7,7,35,35,1200.0,0,0.0,1,2.9,8,934.73,595029.4,742551552,false,cpu_limit
CV_h7s7n21.txt,BBLCT,7,7,35,35,1200.0,0,0.0,0,0.0,0,0.00,595032.5,812185600,false,cpu_limit
CV_h7s7n22.txt,BBLCT,7,7,35,35,1200.0,0,0.0,1,2.9,9,1078.05,595026.8,798758912,false,cpu_limit
CV_h7s7n23.txt,BBLCT,7,7,35,35,1200.0,0,0.0,3,8.6,8,888.78,595037.2,735620096,false,cpu_limit
CV_h7s7n24.txt,BBLCT,7,7,35,35,1200.0,0,0.0,7,20.0,10,1185.88,595035.8,597951488,false,cpu_limit
CV_h7s7n25.txt,BBLCT,7,7,35,35,1200.0,0,0.0,5,14.3,10,1059.91,595031.1,763849728,false,cpu_limit
CV_h7s7n26.txt,BBLCT,7,7,35,35,1200.0,0,0.0,6,17.1,10,1145.95,595032.3,762926080,false,cpu_limit
CV_h7s7n27.txt,BBLCT,7,7,35,35,1200.0,0,0.0,3,8.6,9,1031.62,595033.0,726685696,false,cpu_limit
CV_h7s7n28.txt,BBLCT,7,7,35,35,1200.0,0,0.0,2,5.7,10,1108.47,595033.0,812166144,false,cpu_limit
CV_h7s7n29.txt,BBLCT,7,7,35,35,1200.0,0,0.0,1,2.9,8,927.06,595031.7,781487104,false,cpu_limit
CV_h7s7n3.txt,BBLCT,7,7,35,35,1200.0,0,0.0,0,0.0,0,0.00,595030.0,809037824,false,cpu_limit
CV_h7s7n30.txt,BBLCT,7,7,35,35,1200.0,0,0.0,2,5.7,8,852.99,595027.0,798510080,false,cpu_limit
CV_h7s7n31.txt,BBLCT,7,7,35,35,1200.0,0,0.0,2,5.7,9,1031.09,595027.1,737868800,false,cpu_limit
CV_h7s7n32.txt,BBLCT,7,7,35,35,1200.0,1,2.9,3,8.6,10,1190.24,595027.2,734731264,false,cpu_limit
CV_h7s7n33.txt,BBLCT,7,7,35,35,1200.0,0,0.0,2,5.7,9,1078.05,595027.4,787421184,false,cpu_limit
CV_h7s7n34.txt,BBLCT,7,7,35,35,1200.0,0,0.0,1,2.9,8,936.10,595027.2,795578368,false,cpu_limit
CV_h7s7n35.txt,BBLCT,7,7,35,35,1200.0,0,0.0,1,2.9,2,220.18,595027.0,746184704,false,cpu_limit
CV_h7s7n36.txt,BBLCT,7,7,35,35,1200.0,1,2.9,3,8.6,10,1122.10,595032.6,731698176,false,cpu_limit
CV_h7s7n37.txt,BBLCT,7,7,35,35,1200.0,0,0.0,2,5.7,8,912.83,595026.2,815416320,false,cpu_limit
CV_h7s7n38.txt,BBLCT,7,7,35,35,1200.0,0,0.0,1,2.9,10,1108.47,595032.3,809762816,false,cpu_limit
CV_h7s7n39.txt,BBLCT,7,7,35,35,1200.0,0,0.0,3,8.6,9,1053.47,595026.1,821405696,false,cpu_limit
CV_h7s7n4.txt,BBLCT,7,7,35,35,1200.0,0,0.0,2,5.7,10,1076.52,595033.4,805572608,false,cpu_limit
CV_h7s7n40.txt,BBLCT,7,7,35,35,1200.0,0,0.0,3,8.6,10,1085.12,595033.3,809797632,false,cpu_limit
CV_h7s7n5.txt,BBLCT,7,7,35,35,1200.0,0,0.0,2,5.7,10,1108.47,595025.2,802745344,false,cpu_limit
CV_h7s7n6.txt,BBLCT,7,7,35,35,1200.0,0,0.0,1,2.9,8,934.73,595026.0,741427200,false,cpu_limit
CV_h7s7n7.txt,BBLCT,7,7,35,35,1200.0,0,0.0,5,14.3,7,795.95,595029.7,738270208,false,cpu_limit
CV_h7s7n8.txt,BBLCT,7,7,35,35,1200.0,1,2.9,3,8.6,7,755.70,595028.3,676342784,false,cpu_limit
CV_h7s7n9.txt,BBLCT,7,7,35,35,1200.0,0,0.0,2,5.7,10,1126.64,595028.5,819132416,false,cpu_limit
CV_h7s8n1.txt,BBLCT,8,7,40,40,1200.0,0,0.0,2,5.0,9,1167.36,595038.6,550373376,false,cpu_limit
CV_h7s8n10.txt,BBLCT,8,7,40,40,1200.0,0,0.0,3,7.5,9,1167.36,595030.0,539272192,false,cpu_limit
CV_h7s8n11.txt,BBLCT,8,7,40,40,1200.0,1,2.5,3,7.5,9,1065.10,595033.2,533913600,false,cpu_limit
CV_h7s8n12.txt,BBLCT,8,7,40,40,1200.0,0,0.0,2,5.0,7,885.11,595028.3,557070336,false,cpu_limit
CV_h7s8n13.txt,BBLCT,8,7,40,40,1200.0,0,0.0,2,5.0,6,719.13,595028.5,559633408,false,cpu_limit
CV_h7s8n14.txt,BBLCT,8,7,40,40,1200.0,0,0.0,1,2.5,9,1105.21,595027.1,577651712,false,cpu_limit
CV_h7s8n15.txt,BBLCT,8,7,40,40,1200.0,1,2.5,3,7.5,10,1182.03,595028.4,549340160,false,cpu_limit
CV_h7s8n16.txt,BBLCT,8,7,40,40,1200.0,0,0.0,1,2.5,10,1132.23,595031.2,589581312,false,cpu_limit
CV_h7s8n17.txt,BBLCT,8,7,40,40,1200.0,0,0.0,2,5.0,10,1146.49,595027.3,591890432,false,cpu_limit
CV_h7s8n18.txt,BBLCT,8,7,40,40,1200.0,0,0.0,4,10.0,10,1147.58,595027.8,538808320,false,cpu_limit
CV_h7s8n19.txt,BBLCT,8,7,40,40,1200.0,0,0.0,2,5.0,9,1163.93,595025.6,552518656,false,cpu_limit
CV_h7s8n2.txt,BBLCT,8,7,40,40,1200.0,0,0.0,4,10.0,9,1105.21,595029.8,578624512,false,cpu_limit
CV_h7s8n20.txt,BBLCT,8,7,40,40,1200.0,1,2.5,6,15.0,9,989.07,595026.8,499695616,false,cpu_limit
CV_h7s8n21.txt,BBLCT,8,7,40,40,1200.0,0,0.0,3,7.5,10,1101.20,595031.9,592970752,false,cpu_limit
CV_h7s8n22.txt,BBLCT,8,7,40,40,1200.0,0,0.0,3,7.5,9,1034.00,595026.1,589229056,false,cpu_limit
CV_h7s8n23.txt,BBLCT,8,7,40,40,1200.0,1,2.5,2,5.0,6,764.58,595032.3,521500672,false,cpu_limit
CV_h7s8n24.txt,BBLCT,8,7,40,40,1200.0,0,0.0,3,7.5,10,1101.99,595034.0,566547456,false,cpu_limit
CV_h7s8n25.txt,BBLCT,8,7,40,40,1200.0,0,0.0,5,12.5,9,1122.36,595033.2,509105152,false,cpu_limit
CV_h7s8n26.txt,BBLCT,8,7,40,40,1200.0,1,2.5,1,2.5,0,0.00,595032.5,578635776,false,cpu_limit
CV_h7s8n27.txt,BBLCT,8,7,40,40,1200.0,0,0.0,1,2.5,9,1105.21,595031.7,577992704,false,cpu_limit
CV_h7s8n28.txt,BBLCT,8,7,40,40,1200.0,0,0.0,4,10.0,10,1165.25,595034.1,566337536,false,cpu_limit
CV_h7s8n29.txt,BBLCT,8,7,40,40,1200.0,0,0.0,1,2.5,9,1155.97,595025.5,558775296,false,cpu_limit
CV_h7s8n3.txt,BBLCT,8,7,40,40,1200.0,0,0.0,2,5.0,9,1110.64,595031.0,582537216,false,cpu_limit
CV_h7s8n30.txt,BBLCT,8,7,40,40,1200.0,0,0.0,2,5.0,10,1187.17,595032.2,559440896,false,cpu_limit
CV_h7s8n31.txt,BBLCT,8,7,40,40,1200.0,1,2.5,3,7.5,9,1158.76,595032.0,536097792,false,cpu_limit
CV_h7s8n32.txt,BBLCT,8,7,40,40,1200.0,0,0.0,0,0.0,0,0.00,595035.9,589871104,false,cpu_limit
CV_h7s8n33.txt,BBLCT,8,7,40,40,1200.0,1,2.5,2,5.0,9,1070.93,595031.9,576617472,false,cpu_limit
CV_h7s8n34.txt,BBLCT,8,7,40,40,1200.0,0,0.0,4,10.0,9,1037.72,595028.2,515360768,false,cpu_limit
CV_h7s8n35.txt,BBLCT,8,7,40,40,1200.0,0,0.0,1,2.5,8,880.23,595025.1,586286080,false,cpu_limit
CV_h7s8n36.txt,BBLCT,8,7,40,40,1200.0,0,0.0,4,10.0,7,835.72,595025.9,578191360,false,cpu_limit
CV_h7s8n37.txt,BBLCT,8,7,40,40,1200.0,0,0.0,2,5.0,7,799.90,595025.5,541096960,false,cpu_limit
CV_h7s8n38.txt,BBLCT,8,7,40,40,1200.0,0,0.0,4,10.0,9,1064.54,595034.6,592396288,false,cpu_limit
CV_h7s8n39.txt,BBLCT,8,7,40,40,1200.0,0,0.0,1,2.5,10,1132.23,595034.0,591367168,false,cpu_limit
CV_h7s8n4.txt,BBLCT,8,7,40,40,1200.0,0,0.0,1,2.5,7,885.11,595033.6,558420992,false,cpu_limit
CV_h7s8n40.txt,BBLCT,8,7,40,40,1200.0,0,0.0,2,5.0,8,1018.08,595036.5,560925696,false,cpu_limit
CV_h7s8n5.txt,BBLCT,8,7,40,40,1200.0,0,0.0,1,2.5,3,355.79,595037.0,539220992,false,cpu_limit
CV_h7s8n6.txt,BBLCT,8,7,40,40,1200.0,0,0.0,1,2.5,8,972.01,595032.3,568630272,false,cpu_limit
CV_h7s8n7.txt,BBLCT,8,7,40,40,1200.0,0,0.0,7,17.5,10,1119.24,595035.9,550682624,false,cpu_limit
CV_h7s8n8.txt,BBLCT,8,7,40,40,1200.0,1,2.5,3,7.5,9,1090.07,595033.8,552144896,false,cpu_limit
CV_h7s8n9.txt,BBLCT,8,7,40,40,1200.0,0,0.0,1,2.5,8,964.45,595034.5,579156992,false,cpu_limit
CV_h7s9n1.txt,BBLCT,9,7,45,45,1200.0,0,0.0,1,2.2,7,885.11,595042.2,491348992,false,cpu_limit
CV_h7s9n10.txt,BBLCT,9,7,45,45,1200.0,1,2.2,2,4.4,8,1022.43,595035.3,470234112,false,cpu_limit
CV_h7s9n11.txt,BBLCT,9,7,45,45,1200.0,1,2.2,2,4.4,7,885.11,595031.5,459433984,false,cpu_limit
CV_h7s9n12.txt,BBLCT,9,7,45,45,1200.0,0,0.0,0,0.0,0,0.00,595043.2,438276096,false,cpu_limit
CV_h7s9n13.txt,BBLCT,9,7,45,45,1200.0,1,2.2,3,6.7,9,1170.97,595033.4,451723264,false,cpu_limit
CV_h7s9n14.txt,BBLCT,9,7,45,45,1200.0,0,0.0,1,2.2,6,775.29,595032.0,470244352,false,cpu_limit
CV_h7s9n15.txt,BBLCT,9,7,45,45,1200.0,0,0.0,5,11.1,10,1180.34,595032.4,472108032,false,cpu_limit
CV_h7s9n16.txt,BBLCT,9,7,45,45,1200.0,0,0.0,1,2.2,9,1155.97,595037.6,492473344,false,cpu_limit
CV_h7s9n17.txt,BBLCT,9,7,45,45,1200.0,0,0.0,1,2.2,9,1079.17,595031.0,519805952,false,cpu_limit
CV_h7s9n18.txt,BBLCT,9,7,45,45,1200.0,2,4.4,2,4.4,0,0.00,595035.2,466348032,false,cpu_limit
CV_h7s9n19.txt,BBLCT,9,7,45,45,1200.0,0,0.0,1,2.2,8,1013.95,595030.1,492097536,false,cpu_limit
CV_h7s9n2.txt,BBLCT,9,7,45,45,1200.0,0,0.0,1,2.2,6,764.58,595029.7,503695360,false,cpu_limit
CV_h7s9n20.txt,BBLCT,9,7,45,45,1200.0,0,0.0,3,6.7,10,1158.22,595032.3,505943040,false,cpu_limit
CV_h7s9n21.txt,BBLCT,9,7,45,45,1200.0,0,0.0,1,2.2,8,1016.30,595026.6,507336704,false,cpu_limit
CV_h7s9n22.txt,BBLCT,9,7,45,45,1200.0,0,0.0,3,6.7,9,1071.50,595034.3,516326400,false,cpu_limit
CV_h7s9n23.txt,BBLCT,9,7,45,45,1200.0,0,0.0,1,2.2,9,1168.44,595029.9,511456256,false,cpu_limit
CV_h7s9n24.txt,BBLCT,9,7,45,45,1200.0,0,0.0,2,4.4,7,874.68,595030.0,479364096,false,cpu_limit
CV_h7s9n25.txt,BBLCT,9,7,45,45,1200.0,1,2.2,1,2.2,0,0.00,595027.3,505292800,false,cpu_limit
CV_h7s9n26.txt,BBLCT,9,7,45,45,1200.0,0,0.0,3,6.7,10,1181.09,595027.2,493245440,false,cpu_limit
CV_h7s9n27.txt,BBLCT,9,7,45,45,1200.0,0,0.0,3,6.7,10,1141.73,595033.5,484475904,false,cpu_limit
CV_h7s9n28.txt,BBLCT,9,7,45,45,1200.0,1,2.2,3,6.7,8,962.14,595026.6,490396672,false,cpu_limit
CV_h7s9n29.txt,BBLCT,9,7,45,45,1200.0,0,0.0,2,4.4,9,1154.71,595032.5,497636352,false,cpu_limit
CV_h7s9n3.txt,BBLCT,9,7,45,45,1200.0,0,0.0,2,4.4,9,1092.03,595028.9,493014016,false,cpu_limit
CV_h7s9n30.txt,BBLCT,9,7,45,45,1200.0,1,2.2,2,4.4,9,1079.17,595030.6,477019136,false,cpu_limit
CV_h7s9n31.txt,BBLCT,9,7,45,45,1200.0,0,0.0,2,4.4,8,937.23,595025.7,513564672,false,cpu_limit
CV_h7s9n32.txt,BBLCT,9,7,45,45,1200.0,0,0.0,2,4.4,6,764.58,595025.3,483933184,false,cpu_limit
CV_h7s9n33.txt,BBLCT,9,7,45,45,1200.0,0,0.0,1,2.2,9,1165.19,595025.3,475925504,false,cpu_limit
CV_h7s9n34.txt,BBLCT,9,7,45,45,1200.0,0,0.0,1,2.2,6,772.24,595034.9,480578560,false,cpu_limit
CV_h7s9n35.txt,BBLCT,9,7,45,45,1200.0,0,0.0,1,2.2,6,764.58,595029.9,502712320,false,cpu_limit
CV_h7s9n36.txt,BBLCT,9,7,45,45,1200.0,0,0.0,1,2.2,8,948.96,595033.4,517619712,false,cpu_limit
CV_h7s9n37.txt,BBLCT,9,7,45,45,1200.0,1,2.2,1,2.2,0,0.00,595035.6,475039744,false,cpu_limit
CV_h7s9n38.txt,BBLCT,9,7,45,45,1200.0,0,0.0,2,4.4,9,1129.22,595037.3,470026240,false,cpu_limit
CV_h7s9n39.txt,BBLCT,9,7,45,45,1200.0,1,2.2,2,4.4,7,894.33,595029.8,454069248,false,cpu_limit
CV_h7s9n4.txt,BBLCT,9,7,45,45,1200.0,0,0.0,4,8.9,8,969.81,595027.4,489089024,false,cpu_limit
CV_h7s9n40.txt,BBLCT,9,7,45,45,1200.0,0,0.0,0,0.0,0,0.00,595035.2,520402944,false,cpu_limit
CV_h7s9n5.txt,BBLCT,9,7,45,45,1200.0,1,2.2,3,6.7,9,1081.51,595030.8,487718912,false,cpu_limit
CV_h7s9n6.txt,BBLCT,9,7,45,45,1200.0,1,2.2,2,4.4,7,888.72,595028.1,472403968,false,cpu_limit
CV_h7s9n7.txt,BBLCT,9,7,45,45,1200.0,0,0.0,2,4.4,9,1161.40,595031.6,496925696,false,cpu_limit
CV_h7s9n8.txt,BBLCT,9,7,45,45,1200.0,0,0.0,2,4.4,9,1056.38,595035.4,493225984,false,cpu_limit
CV_h7s9n9.txt,BBLCT,9,7,45,45,1200.0,0,0.0,2,4.4,9,1158.27,595027.1,506876928,false,cpu_limit
CV_h8s10n1.txt,BBLCT,10,8,60,60,1200.0,0,0.0,2,3.3,9,1119.02,595026.6,380381184,false,cpu_limit
CV_h8s10n10.txt,BBLCT,10,8,60,60,1200.0,0,0.0,3,5.0,9,1116.39,595030.9,391027712,false,cpu_limit
CV_h8s10n11.txt,BBLCT,10,8,60,60,1200.0,0,0.0,0,0.0,0,0.00,595026.5,395207680,false,cpu_limit
CV_h8s10n12.txt,BBLCT,10,8,60,60,1200.0,0,0.0,2,3.3,9,1036.72,595027.0,397594624,false,cpu_limit
CV_h8s10n13.txt,BBLCT,10,8,60,60,1200.0,0,0.0,0,0.0,0,0.00,595032.1,396259328,false,cpu_limit
CV_h8s10n14.txt,BBLCT,10,8,60,60,1200.0,0,0.0,3,5.0,9,1165.94,595034.8,365370368,false,cpu_limit
CV_h8s10n15.txt,BBLCT,10,8,60,60,1200.0,0,0.0,0,0.0,0,0.00,595025.8,393763840,false,cpu_limit
CV_h8s10n16.txt,BBLCT,10,8,60,60,1200.0,0,0.0,1,1.7,9,1105.47,595026.4,395275264,false,cpu_limit
CV_h8s10n17.txt,BBLCT,10,8,60,60,1200.0,0,0.0,1,1.7,9,1091.51,595033.1,379815936,false,cpu_limit
CV_h8s10n18.txt,BBLCT,10,8,60,60,1200.0,0,0.0,1,1.7,9,1098.46,595033.1,359325696,false,cpu_limit
CV_h8s10n19.txt,BBLCT,10,8,60,60,1200.0,0,0.0,2,3.3,9,1067.90,595033.3,356228096,false,cpu_limit
CV_h8s10n2.txt,BBLCT,10,8,60,60,1200.0,0,0.0,4,6.7,9,1100.81,595026.9,387979264,false,cpu_limit
CV_h8s10n20.txt,BBLCT,10,8,60,60,1200.0,1,1.7,4,6.7,9,1116.25,595029.7,334910464,false,cpu_limit
CV_h8s10n21.txt,BBLCT,10,8,60,60,1200.0,0,0.0,0,0.0,0,0.00,595037.6,394509312,false,cpu_limit
CV_h8s10n22.txt,BBLCT,10,8,60,60,1200.0,0,0.0,1,1.7,9,1105.47,595033.9,393737216,false,cpu_limit
CV_h8s10n23.txt,BBLCT,10,8,60,60,1200.0,0,0.0,0,0.0,0,0.00,595029.3,395322368,false,cpu_limit
CV_h8s10n24.txt,BBLCT,10,8,60,60,1200.0,0,0.0,2,3.3,9,1105.47,595038.6,390548480,false,cpu_limit
CV_h8s10n25.txt,BBLCT,10,8,60,60,1200.0,1,1.7,3,5.0,9,1118.92,595041.5,362735616,false,cpu_limit
CV_h8s10n26.txt,BBLCT,10,8,60,60,1200.0,1,1.7,2,3.3,8,977.61,595042.2,377691136,false,cpu_limit
CV_h8s10n27.txt,BBLCT,10,8,60,60,1200.0,1,1.7,2,3.3,8,960.32,595031.5,350265344,false,cpu_limit
CV_h8s10n28.txt,BBLCT,10,8,60,60,1200.0,0,0.0,0,0.0,0,0.00,595033.5,394613760,false,cpu_limit
CV_h8s10n29.txt,BBLCT,10,8,60,60,1200.0,0,0.0,0,0.0,0,0.00,595027.9,384193536,false,cpu_limit
CV_h8s10n3.txt,BBLCT,10,8,60,60,1200.0,0,0.0,2,3.3,9,1078.22,595034.2,393836544,false,cpu_limit
CV_h8s10n30.txt,BBLCT,10,8,60,60,1200.0,0,0.0,1,1.7,7,853.46,595031.2,390492160,false,cpu_limit
CV_h8s10n31.txt,BBLCT,10,8,60,60,1200.0,1,1.7,3,5.0,8,1007.55,595033.5,342916096,false,cpu_limit
CV_h8s10n32.txt,BBLCT,10,8,60,60,1200.0,0,0.0,1,1.7,9,1093.29,595033.3,372428800,false,cpu_limit
CV_h8s10n33.txt,BBLCT,10,8,60,60,1200.0,0,0.0,1,1.7,8,961.59,595036.5,363529216,false,cpu_limit
CV_h8s10n34.txt,BBLCT,10,8,60,60,1200.0,0,0.0,1,1.7,8,948.96,595035.8,396161024,false,cpu_limit
CV_h8s10n35.txt,BBLCT,10,8,60,60,1200.0,1,1.7,4,6.7,10,1159.08,595030.9,390513664,false,cpu_limit
CV_h8s10n36.txt,BBLCT,10,8,60,60,1200.0,0,0.0,4,6.7,8,1046.28,595032.0,356961280,false,cpu_limit
CV_h8s10n37.txt,BBLCT,10,8,60,60,1200.0,0,0.0,0,0.0,0,0.00,595029.9,366738432,false,cpu_limit
CV_h8s10n38.txt,BBLCT,10,8,60,60,1200.0,0,0.0,1,1.7,5,662.66,595029.0,366083072,false,cpu_limit
CV_h8s10n39.txt,BBLCT,10,8,60,60,1200.0,0,0.0,0,0.0,0,0.00,595032.4,391999488,false,cpu_limit
CV_h8s10n4.txt,BBLCT,10,8,60,60,1200.0,0,0.0,0,0.0,0,0.00,595038.1,396216320,false,cpu_limit
CV_h8s10n40.txt,BBLCT,10,8,60,60,1200.0,0,0.0,1,1.7,8,962.85,595038.9,359037952,false,cpu_limit
CV_h8s10n5.txt,BBLCT,10,8,60,60,1200.0,0,0.0,3,5.0,9,1098.39,595027.4,374772736,false,cpu_limit
CV_h8s10n6.txt,BBLCT,10,8,60,60,1200.0,0,0.0,2,3.3,9,1094.56,595032.9,353385472,false,cpu_limit
CV_h8s10n7.txt,BBLCT,10,8,60,60,1200.0,0,0.0,0,0.0,0,0.00,595033.1,373777408,false,cpu_limit
CV_h8s10n8.txt,BBLCT,10,8,60,60,1200.0,1,1.7,2,3.3,9,1094.56,595034.7,359328768,false,cpu_limit
CV_h8s10n9.txt,BBLCT,10,8,60,60,1200.0,1,1.7,3,5.0,7,846.19,595035.0,334895104,false,cpu_limit
CV_h8s6n1.txt,BBLCT,6,8,36,36,1200.0,0,0.0,2,5.6,9,1120.06,595031.0,953542656,false,cpu_limit
CV_h8s6n10.txt,BBLCT,6,8,36,36,1200.0,1,2.8,6,16.7,9,1139.14,595031.4,873934848,false,cpu_limit
CV_h8s6n11.txt,BBLCT,6,8,36,36,1200.0,0,0.0,1,2.8,8,989.79,595030.6,972450816,false,cpu_limit
CV_h8s6n12.txt,BBLCT,6,8,36,36,1200.0,1,2.8,5,13.9,9,1166.84,595027.4,947192832,false,cpu_limit
CV_h8s6n13.txt,BBLCT,6,8,36,36,1200.0,0,0.0,2,5.6,8,957.08,595032.8,1015899136,false,cpu_limit
CV_h8s6n14.txt,BBLCT,6,8,36,36,1200.0,0,0.0,5,13.9,8,969.66,595032.3,971957248,false,cpu_limit
CV_h8s6n15.txt,BBLCT,6,8,36,36,1200.0,0,0.0,1,2.8,10,1198.74,595028.0,1058149376,false,cpu_limit
CV_h8s6n16.txt,BBLCT,6,8,36,36,1200.0,0,0.0,2,5.6,9,1171.05,595032.4,970079232,false,cpu_limit
CV_h8s6n17.txt,BBLCT,6,8,36,36,1200.0,0,0.0,3,8.3,8,1013.02,595027.8,946333696,false,cpu_limit
CV_h8s6n18.txt,BBLCT,6,8,36,36,1200.0,1,2.8,2,5.6,8,892.51,595030.0,981240832,false,cpu_limit
CV_h8s6n19.txt,BBLCT,6,8,36,36,1200.0,0,0.0,1,2.8,7,851.90,595028.2,972411904,false,cpu_limit
CV_h8s6n2.txt,BBLCT,6,8,36,36,1200.0,0,0.0,2,5.6,9,1106.13,595037.8,1037885440,false,cpu_limit
CV_h8s6n20.txt,BBLCT,6,8,36,36,1200.0,0,0.0,3,8.3,9,1131.43,595029.8,874238976,false,cpu_limit
CV_h8s6n21.txt,BBLCT,6,8,36,36,1200.0,0,0.0,1,2.8,8,997.75,595025.0,948148224,false,cpu_limit
CV_h8s6n22.txt,BBLCT,6,8,36,36,1200.0,0,0.0,1,2.8,8,960.57,595040.3,1032461312,false,cpu_limit
CV_h8s6n23.txt,BBLCT,6,8,36,36,1200.0,1,2.8,5,13.9,7,808.13,595025.9,950187008,false,cpu_limit
CV_h8s6n24.txt,BBLCT,6,8,36,36,1200.0,0,0.0,1,2.8,9,1191.07,595033.0,1005202432,false,cpu_limit
CV_h8s6n25.txt,BBLCT,6,8,36,36,1200.0,0,0.0,1,2.8,7,853.11,595031.2,1015928832,false,cpu_limit
CV_h8s6n26.txt,BBLCT,6,8,36,36,1200.0,0,0.0,1,2.8,10,1198.74,595032.8,1057614848,false,cpu_limit
CV_h8s6n27.txt,BBLCT,6,8,36,36,1200.0,0,0.0,1,2.8,8,989.79,595027.5,976316416,false,cpu_limit
CV_h8s6n28.txt,BBLCT,6,8,36,36,1200.0,0,0.0,4,11.1,8,1006.17,595044.1,926149632,false,cpu_limit
CV_h8s6n29.txt,BBLCT,6,8,36,36,1200.0,0,0.0,1,2.8,10,1198.74,595029.6,1047864320,false,cpu_limit
CV_h8s6n3.txt,BBLCT,6,8,36,36,1200.0,0,0.0,0,0.0,0,0.00,595027.4,1060216832,false,cpu_limit
CV_h8s6n30.txt,BBLCT,6,8,36,36,1200.0,0,0.0,3,8.3,7,851.90,595029.3,921052160,false,cpu_limit
CV_h8s6n31.txt,BBLCT,6,8,36,36,1200.0,0,0.0,1,2.8,8,960.57,595027.6,1036912640,false,cpu_limit
CV_h8s6n32.txt,BBLCT,6,8,36,36,1200.0,0,0.0,2,5.6,7,872.44,595027.8,939922432,false,cpu_limit
CV_h8s6n33.txt,BBLCT,6,8,36,36,1200.0,0,0.0,4,11.1,9,985.67,595026.8,944630784,false,cpu_limit
CV_h8s6n34.txt,BBLCT,6,8,36,36,1200.0,0,0.0,1,2.8,9,1198.45,595030.4,951179264,false,cpu_limit
CV_h8s6n35.txt,BBLCT,6,8,36,36,1200.0,1,2.8,2,5.6,9,1104.10,595032.1,898196480,false,cpu_limit
CV_h8s6n36.txt,BBLCT,6,8,36,36,1200.0,1,2.8,2,5.6,6,672.74,595027.0,948288512,false,cpu_limit
CV_h8s6n37.txt,BBLCT,6,8,36,36,1200.0,1,2.8,2,5.6,9,1112.06,595025.5,884999168,false,cpu_limit
CV_h8s6n38.txt,BBLCT,6,8,36,36,1200.0,0,0.0,5,13.9,10,1159.62,595026.8,903074816,false,cpu_limit
CV_h8s6n39.txt,BBLCT,6,8,36,36,1200.0,0,0.0,3,8.3,8,1023.65,595032.0,870190080,false,cpu_limit
CV_h8s6n4.txt,BBLCT,6,8,36,36,1200.0,0,0.0,1,2.8,8,995.06,595038.4,1012816896,false,cpu_limit
CV_h8s6n40.txt,BBLCT,6,8,36,36,1200.0,0,0.0,2,5.6,5,665.00,595026.1,1035737088,false,cpu_limit
CV_h8s6n5.txt,BBLCT,6,8,36,36,1200.0,0,0.0,3,8.3,7,887.41,595030.8,1043559424,false,cpu_limit
CV_h8s6n6.txt,BBLCT,6,8,36,36,1200.0,1,2.8,1,2.8,0,0.00,595030.8,988055552,false,cpu_limit
CV_h8s6n7.txt,BBLCT,6,8,36,36,1200.0,0,0.0,2,5.6,9,1104.65,595031.3,1034684416,false,cpu_limit
CV_h8s6n8.txt,BBLCT,6,8,36,36,1200.0,0,0.0,2,5.6,8,894.84,595030.9,1036399616,false,cpu_limit
CV_h8s6n9.txt,BBLCT,6,8,36,36,1200.0,0,0.0,1,2.8,8,995.06,595030.9,1016487936,false,cpu_limit
