instance,algorithm,s,h,c,p,tau,initial_acc,initial_acc_pct,acc,acc_pct,moves,crane_time,elapsed_ms,nodes,proved_optimal,stop_reason
CV_h5s3n1.txt,IPLCT,3,5,9,9,600.0,1,11.1,2,22.2,2,221.51,8369.4,,true,solver_status:optimal
CV_h5s3n10.txt,IPLCT,3,5,9,9,600.0,0,0.0,4,44.4,5,517.48,8715.5,,true,solver_status:optimal
CV_h5s3n11.txt,IPLCT,3,5,9,9,600.0,2,22.2,7,77.8,5,557.36,11198.5,,true,solver_status:optimal
CV_h5s3n12.txt,IPLCT,3,5,9,9,600.0,0,0.0,5,55.6,5,599.66,10390.6,,true,solver_status:optimal
CV_h5s3n13.txt,IPLCT,3,5,9,9,600.0,0,0.0,3,33.3,4,473.87,7537.5,,true,solver_status:optimal
CV_h5s3n14.txt,IPLCT,3,5,9,9,600.0,0,0.0,1,11.1,2,221.51,8711.5,,true,solver_status:optimal
CV_h5s3n15.txt,IPLCT,3,5,9,9,600.0,0,0.0,2,22.2,5,597.07,10265.2,,true,solver_status:optimal
CV_h5s3n16.txt,IPLCT,3,5,9,9,600.0,0,0.0,2,22.2,5,599.66,11617.3,,true,solver_status:optimal
CV_h5s3n17.txt,IPLCT,3,5,9,9,600.0,2,22.2,3,33.3,2,229.47,8314.7,,true,solver_status:optimal
CV_h5s3n18.txt,IPLCT,3,5,9,9,600.0,0,0.0,7,77.8,2,225.78,10393.1,,true,solver_status:optimal
CV_h5s3n19.txt,IPLCT,3,5,9,9,600.0,0,0.0,1,11.1,3,340.61,8762.9,,true,solver_status:optimal
CV_h5s3n2.txt,IPLCT,3,5,9,9,600.0,0,0.0,4,44.4,2,222.78,7986.8,,true,solver_status:optimal
CV_h5s3n20.txt,IPLCT,3,5,9,9,600.0,0,0.0,3,33.3,4,461.02,7591.3,,true,solver_status:optimal
CV_h5s3n21.txt,IPLCT,3,5,9,9,600.0,1,11.1,2,22.2,2,226.87,9447.5,,true,solver_status:optimal
CV_h5s3n22.txt,IPLCT,3,5,9,9,600.0,2,22.2,4,44.4,5,571.16,8225.2,,true,solver_status:optimal
CV_h5s3n23.txt,IPLCT,3,5,9,9,600.0,0,0.0,1,11.1,3,342.19,7596.6,,true,solver_status:optimal
CV_h5s3n24.txt,IPLCT,3,5,9,9,600.0,1,11.1,3,33.3,4,432.78,8760.9,,true,solver_status:optimal
CV_h5s3n25.txt,IPLCT,3,5,9,9,600.0,0,0.0,2,22.2,3,345.86,10309.9,,true,solver_status:optimal
CV_h5s3n26.txt,IPLCT,3,5,9,9,600.0,0,0.0,9,100.0,5,596.84,4193.2,,true,solver_status:optimal
CV_h5s3n27.txt,IPLCT,3,5,9,9,600.0,0,0.0,2,22.2,4,480.41,9058.0,,true,solver_status:optimal
CV_h5s3n28.txt,IPLCT,3,5,9,9,600.0,0,0.0,4,44.4,5,599.66,8163.6,,true,solver_status:optimal
CV_h5s3n29.txt,IPLCT,3,5,9,9,600.0,0,0.0,1,11.1,2,221.51,7976.2,,true,solver_status:optimal
CV_h5s3n3.txt,IPLCT,3,5,9,9,600.0,0,0.0,9,100.0,2,225.78,1906.7,,true,solver_status:optimal
CV_h5s3n30.txt,IPLCT,3,5,9,9,600.0,0,0.0,5,55.6,5,576.58,6410.9,,true,solver_status:optimal
CV_h5s3n31.txt,IPLCT,3,5,9,9,600.0,0,0.0,2,22.2,4,457.64,6941.2,,true,solver_status:optimal
CV_h5s3n32.txt,IPLCT,3,5,9,9,600.0,1,11.1,9,100.0,5,558.38,6415.7,,true,solver_status:optimal
CV_h5s3n33.txt,IPLCT,3,5,9,9,600.0,1,11.1,6,66.7,5,535.64,10112.0,,true,solver_status:optimal
CV_h5s3n34.txt,IPLCT,3,5,9,9,600.0,0,0.0,2,22.2,3,345.86,8050.6,,true,solver_status:optimal
CV_h5s3n35.txt,IPLCT,3,5,9,9,600.0,0,0.0,5,55.6,4,473.87,5930.5,,true,solver_status:optimal
CV_h5s3n36.txt,IPLCT,3,5,9,9,600.0,0,0.0,1,11.1,2,221.51,7332.2,,true,solver_status:optimal
CV_h5s3n37.txt,IPLCT,3,5,9,9,600.0,0,0.0,2,22.2,3,339.43,7198.9,,true,solver_status:optimal
CV_h5s3n38.txt,IPLCT,3,5,9,9,600.0,0,0.0,2,22.2,2,225.78,8510.2,,true,solver_status:optimal
CV_h5s3n39.txt,IPLCT,3,5,9,9,600.0,9,100.0,9,100.0,1,109.17,1505.2,,true,solver_status:optimal
CV_h5s3n4.txt,IPLCT,3,5,9,9,600.0,1,11.1,4,44.4,5,509.21,8806.1,,true,solver_status:optimal
CV_h5s3n40.txt,IPLCT,3,5,9,9,600.0,1,11.1,4,44.4,2,221.51,7265.0,,true,solver_status:optimal
CV_h5s3n5.txt,IPLCT,3,5,9,9,600.0,4,44.4,9,100.0,5,571.22,1408.5,,true,solver_status:optimal
CV_h5s3n6.txt,IPLCT,3,5,9,9,600.0,0,0.0,1,11.1,3,342.19,7227.6,,true,solver_status:optimal
CV_h5s3n7.txt,IPLCT,3,5,9,9,600.0,0,0.0,3,33.3,4,477.63,7274.1,,true,solver_status:optimal
CV_h5s3n8.txt,IPLCT,3,5,9,9,600.0,1,11.1,4,44.4,3,329.51,7991.6,,true,solver_status:optimal
CV_h5s3n9.txt,IPLCT,3,5,9,9,600.0,0,0.0,1,11.1,3,340.61,7269.8,,true,solver_status:optimal
CV_h5s4n1.txt,IPLCT,4,5,12,12,600.0,2,16.7,6,50.0,5,553.14,36459.2,,true,solver_status:optimal
CV_h5s4n10.txt,IPLCT,4,5,12,12,600.0,0,0.0,3,25.0,4,450.21,15678.9,,true,solver_status:optimal
CV_h5s4n11.txt,IPLCT,4,5,12,12,600.0,1,8.3,4,33.3,5,570.73,21095.2,,true,solver_status:optimal
CV_h5s4n12.txt,IPLCT,4,5,12,12,600.0,1,8.3,3,25.0,3,318.80,26047.8,,true,solver_status:optimal
CV_h5s4n13.txt,IPLCT,4,5,12,12,600.0,1,8.3,12,100.0,5,564.37,13404.3,,true,solver_status:optimal
CV_h5s4n14.txt,IPLCT,4,5,12,12,600.0,0,0.0,2,16.7,5,566.84,23193.6,,true,solver_status:optimal
CV_h5s4n15.txt,IPLCT,4,5,12,12,600.0,0,0.0,8,66.7,5,588.72,21088.4,,true,solver_status:optimal
CV_h5s4n16.txt,IPLCT,4,5,12,12,600.0,0,0.0,3,25.0,4,450.66,13373.9,,true,solver_status:optimal
CV_h5s4n17.txt,IPLCT,4,5,12,12,600.0,0,0.0,7,58.3,5,547.74,63570.4,,true,solver_status:optimal
CV_h5s4n18.txt,IPLCT,4,5,12,12,600.0,0,0.0,3,25.0,5,596.92,39787.8,,true,solver_status:optimal
CV_h5s4n19.txt,IPLCT,4,5,12,12,600.0,0,0.0,5,41.7,3,337.05,26849.3,,true,solver_status:optimal
CV_h5s4n2.txt,IPLCT,4,5,12,12,600.0,0,0.0,9,75.0,3,336.94,22145.1,,true,solver_status:optimal
CV_h5s4n20.txt,IPLCT,4,5,12,12,600.0,0,0.0,5,41.7,3,343.01,27604.1,,true,solver_status:optimal
CV_h5s4n21.txt,IPLCT,4,5,12,12,600.0,1,8.3,4,33.3,4,474.21,32770.9,,true,solver_status:optimal
CV_h5s4n22.txt,IPLCT,4,5,12,12,600.0,0,0.0,6,50.0,5,545.03,20996.8,,true,solver_status:optimal
CV_h5s4n23.txt,IPLCT,4,5,12,12,600.0,3,25.0,5,41.7,2,221.51,28865.3,,true,solver_status:optimal
CV_h5s4n24.txt,IPLCT,4,5,12,12,600.0,0,0.0,4,33.3,3,332.88,20550.8,,true,solver_status:optimal
CV_h5s4n25.txt,IPLCT,4,5,12,12,600.0,0,0.0,2,16.7,5,565.87,24656.9,,true,solver_status:optimal
CV_h5s4n26.txt,IPLCT,4,5,12,12,600.0,1,8.3,9,75.0,5,539.26,71568.4,,true,solver_status:optimal
CV_h5s4n27.txt,IPLCT,4,5,12,12,600.0,4,33.3,12,100.0,5,555.99,5733.0,,true,solver_status:optimal
CV_h5s4n28.txt,IPLCT,4,5,12,12,600.0,0,0.0,3,25.0,5,591.28,18868.6,,true,solver_status:optimal
CV_h5s4n29.txt,IPLCT,4,5,12,12,600.0,0,0.0,4,33.3,5,595.65,15837.4,,true,solver_status:optimal
CV_h5s4n3.txt,IPLCT,4,5,12,12,600.0,1,8.3,6,50.0,5,560.62,23354.7,,true,solver_status:optimal
CV_h5s4n30.txt,IPLCT,4,5,12,12,600.0,0,0.0,5,41.7,4,454.44,25599.0,,true,solver_status:optimal
CV_h5s4n31.txt,IPLCT,4,5,12,12,600.0,0,0.0,3,25.0,3,324.02,32945.6,,true,solver_status:optimal
CV_h5s4n32.txt,IPLCT,4,5,12,12,600.0,0,0.0,2,16.7,4,456.91,16496.1,,true,solver_status:optimal
CV_h5s4n33.txt,IPLCT,4,5,12,12,600.0,0,0.0,3,25.0,5,560.62,24684.0,,true,solver_status:optimal
CV_h5s4n34.txt,IPLCT,4,5,12,12,600.0,0,0.0,4,33.3,3,339.13,53268.0,,true,solver_status:optimal
CV_h5s4n35.txt,IPLCT,4,5,12,12,600.0,1,8.3,8,66.7,4,462.25,25589.3,,true,solver_status:optimal
CV_h5s4n36.txt,IPLCT,4,5,12,12,600.0,0,0.0,3,25.0,4,455.99,38512.9,,true,solver_status:optimal
CV_h5s4n37.txt,IPLCT,4,5,12,12,600.0,3,25.0,7,58.3,5,592.71,38644.7,,true,solver_status:optimal
CV_h5s4n38.txt,IPLCT,4,5,12,12,600.0,2,16.7,6,50.0,5,555.68,56240.1,,true,solver_status:optimal
CV_h5s4n39.txt,IPLCT,4,5,12,12,600.0,0,0.0,4,33.3,4,475.13,37984.1,,true,solver_status:optimal
CV_h5s4n4.txt,IPLCT,4,5,12,12,600.0,0,0.0,9,75.0,5,596.76,50762.0,,true,solver_status:optimal
CV_h5s4n40.txt,IPLCT,4,5,12,12,600.0,0,0.0,4,33.3,3,313.74,31563.9,,true,solver_status:optimal
CV_h5s4n5.txt,IPLCT,4,5,12,12,600.0,1,8.3,4,33.3,3,359.80,25787.3,,true,solver_status:optimal
CV_h5s4n6.txt,IPLCT,4,5,12,12,600.0,0,0.0,4,33.3,4,481.67,23256.1,,true,solver_status:optimal
CV_h5s4n7.txt,IPLCT,4,5,12,12,600.0,0,0.0,3,25.0,5,575.71,20873.8,,true,solver_status:optimal
CV_h5s4n8.txt,IPLCT,4,5,12,12,600.0,2,16.7,4,33.3,3,334.42,48396.3,,true,solver_status:optimal
CV_h5s4n9.txt,IPLCT,4,5,12,12,600.0,0,0.0,7,58.3,4,490.46,41607.0,,true,solver_status:optimal
CV_h5s5n1.txt,IPLCT,5,5,15,15,600.0,1,6.7,7,46.7,4,453.25,48593.4,,true,solver_status:optimal
CV_h5s5n10.txt,IPLCT,5,5,15,15,600.0,3,20.0,13,86.7,5,594.23,92084.3,,true,solver_status:optimal
CV_h5s5n11.txt,IPLCT,5,5,15,15,600.0,0,0.0,2,13.3,4,451.25,29575.0,,true,solver_status:optimal
CV_h5s5n12.txt,IPLCT,5,5,15,15,600.0,0,0.0,4,26.7,4,510.61,52590.9,,true,solver_status:optimal
CV_h5s5n13.txt,IPLCT,5,5,15,15,600.0,0,0.0,2,13.3,3,334.26,57465.8,,true,solver_status:optimal
CV_h5s5n14.txt,IPLCT,5,5,15,15,600.0,0,0.0,10,66.7,4,470.32,119169.3,,true,solver_status:optimal
CV_h5s5n15.txt,IPLCT,5,5,15,15,600.0,0,0.0,7,46.7,4,442.38,35913.4,,true,solver_status:optimal
CV_h5s5n16.txt,IPLCT,5,5,15,15,600.0,0,0.0,5,33.3,3,342.06,38594.6,,true,solver_status:optimal
CV_h5s5n17.txt,IPLCT,5,5,15,15,600.0,0,0.0,11,73.3,5,584.22,148158.1,,true,solver_status:optimal
CV_h5s5n18.txt,IPLCT,5,5,15,15,600.0,1,6.7,10,66.7,5,581.15,91084.9,,true,solver_status:optimal
CV_h5s5n19.txt,IPLCT,5,5,15,15,600.0,1,6.7,6,40.0,4,455.13,48203.1,,true,solver_status:optimal
CV_h5s5n2.txt,IPLCT,5,5,15,15,600.0,0,0.0,3,20.0,3,341.74,43492.8,,true,solver_status:optimal
CV_h5s5n20.txt,IPLCT,5,5,15,15,600.0,0,0.0,8,53.3,5,583.60,7224.0,,true,solver_status:optimal
CV_h5s5n21.txt,IPLCT,5,5,15,15,600.0,0,0.0,5,33.3,5,580.03,212354.4,,true,solver_status:optimal
CV_h5s5n22.txt,IPLCT,5,5,15,15,600.0,1,6.7,4,26.7,5,584.77,104466.5,,true,solver_status:optimal
CV_h5s5n23.txt,IPLCT,5,5,15,15,600.0,1,6.7,5,33.3,5,559.64,109508.6,,true,solver_status:optimal
CV_h5s5n24.txt,IPLCT,5,5,15,15,600.0,0,0.0,3,20.0,3,336.78,46923.8,,true,solver_status:optimal
CV_h5s5n25.txt,IPLCT,5,5,15,15,600.0,2,13.3,11,73.3,4,452.14,43697.9,,true,solver_status:optimal
CV_h5s5n26.txt,IPLCT,5,5,15,15,600.0,0,0.0,5,33.3,5,566.55,39429.2,,true,solver_status:optimal
CV_h5s5n27.txt,IPLCT,5,5,15,15,600.0,0,0.0,6,40.0,4,501.33,42475.9,,true,solver_status:optimal
CV_h5s5n28.txt,IPLCT,5,5,15,15,600.0,0,0.0,8,53.3,4,468.84,64573.1,,true,solver_status:optimal
CV_h5s5n29.txt,IPLCT,5,5,15,15,600.0,0,0.0,2,13.3,4,456.38,38701.1,,true,solver_status:optimal
CV_h5s5n3.txt,IPLCT,5,5,15,15,600.0,0,0.0,4,26.7,5,567.29,39427.8,,true,solver_status:optimal
CV_h5s5n30.txt,IPLCT,5,5,15,15,600.0,0,0.0,8,53.3,4,477.67,81055.2,,true,solver_status:optimal
CV_h5s5n31.txt,IPLCT,5,5,15,15,600.0,1,6.7,3,20.0,5,599.37,45578.1,,true,solver_status:optimal
CV_h5s5n32.txt,IPLCT,5,5,15,15,600.0,0,0.0,5,33.3,5,597.89,33937.6,,true,solver_status:optimal
CV_h5s5n33.txt,IPLCT,5,5,15,15,600.0,1,6.7,10,66.7,5,554.41,38051.5,,true,solver_status:optimal
CV_h5s5n34.txt,IPLCT,5,5,15,15,600.0,0,0.0,2,13.3,4,446.37,47743.3,,true,solver_status:optimal
CV_h5s5n35.txt,IPLCT,5,5,15,15,600.0,1,6.7,8,53.3,5,579.96,41078.8,,true,solver_status:optimal
CV_h5s5n36.txt,IPLCT,5,5,15,15,600.0,1,6.7,4,26.7,5,581.40,85577.6,,true,solver_status:optimal
CV_h5s5n37.txt,IPLCT,5,5,15,15,600.0,0,0.0,2,13.3,5,564.10,26380.3,,true,solver_status:optimal
CV_h5s5n38.txt,IPLCT,5,5,15,15,600.0,0,0.0,15,100.0,5,569.80,189525.6,,true,solver_status:optimal
CV_h5s5n39.txt,IPLCT,5,5,15,15,600.0,0,0.0,8,53.3,5,599.50,113528.3,,true,solver_status:optimal
CV_h5s5n4.txt,IPLCT,5,5,15,15,600.0,0,0.0,7,46.7,5,577.64,74307.7,,true,solver_status:optimal
CV_h5s5n40.txt,IPLCT,5,5,15,15,600.0,2,13.3,7,46.7,5,596.76,129460.5,,true,solver_status:optimal
CV_h5s5n5.txt,IPLCT,5,5,15,15,600.0,0,0.0,3,20.0,4,457.22,16821.3,,true,solver_status:optimal
CV_h5s5n6.txt,IPLCT,5,5,15,15,600.0,0,0.0,5,33.3,4,457.73,33444.9,,true,solver_status:optimal
CV_h5s5n7.txt,IPLCT,5,5,15,15,600.0,0,0.0,5,33.3,5,556.54,75578.3,,true,solver_status:optimal
CV_h5s5n8.txt,IPLCT,5,5,15,15,600.0,0,0.0,2,13.3,4,463.34,28130.9,,true,solver_status:optimal
CV_h5s5n9.txt,IPLCT,5,5,15,15,600.0,0,0.0,5,33.3,4,453.20,38956.3,,true,solver_status:optimal
CV_h5s6n1.txt,IPLCT,6,5,18,18,600.0,0,0.0,3,16.7,3,358.75,39283.2,,true,solver_status:optimal
CV_h5s6n10.txt,IPLCT,6,5,18,18,600.0,1,5.6,7,38.9,4,466.00,258173.8,,true,solver_status:optimal
CV_h5s6n11.txt,IPLCT,6,5,18,18,600.0,3,16.7,18,100.0,5,576.32,19577.7,,true,solver_status:optimal
CV_h5s6n12.txt,IPLCT,6,5,18,18,600.0,0,0.0,5,27.8,5,592.94,23596.0,,true,solver_status:optimal
CV_h5s6n13.txt,IPLCT,6,5,18,18,600.0,0,0.0,7,38.9,5,565.08,15060.0,,true,solver_status:optimal
CV_h5s6n14.txt,IPLCT,6,5,18,18,600.0,0,0.0,5,27.8,4,469.22,35244.6,,true,solver_status:optimal
CV_h5s6n15.txt,IPLCT,6,5,18,18,600.0,0,0.0,4,22.2,4,440.93,7107.8,,true,solver_status:optimal
CV_h5s6n16.txt,IPLCT,6,5,18,18,600.0,0,0.0,4,22.2,5,567.24,31890.2,,true,solver_status:optimal
CV_h5s6n17.txt,IPLCT,6,5,18,18,600.0,0,0.0,3,16.7,4,478.97,29366.0,,true,solver_status:optimal
CV_h5s6n18.txt,IPLCT,6,5,18,18,600.0,2,11.1,8,44.4,4,456.84,113188.6,,true,solver_status:optimal
CV_h5s6n19.txt,IPLCT,6,5,18,18,600.0,0,0.0,3,16.7,5,569.67,25179.7,,true,solver_status:optimal
CV_h5s6n2.txt,IPLCT,6,5,18,18,600.0,0,0.0,5,27.8,5,593.42,32262.4,,true,solver_status:optimal
CV_h5s6n20.txt,IPLCT,6,5,18,18,600.0,0,0.0,10,55.6,5,564.46,12383.0,,true,solver_status:optimal
CV_h5s6n21.txt,IPLCT,6,5,18,18,600.0,1,5.6,6,33.3,5,593.42,30441.8,,true,solver_status:optimal
CV_h5s6n22.txt,IPLCT,6,5,18,18,600.0,0,0.0,3,16.7,5,576.38,16264.9,,true,solver_status:optimal
CV_h5s6n23.txt,IPLCT,6,5,18,18,600.0,0,0.0,4,22.2,4,449.33,33162.8,,true,solver_status:optimal
CV_h5s6n24.txt,IPLCT,6,5,18,18,600.0,0,0.0,3,16.7,5,575.21,36453.6,,true,solver_status:optimal
CV_h5s6n25.txt,IPLCT,6,5,18,18,600.0,1,5.6,4,22.2,5,562.99,41010.1,,true,solver_status:optimal
CV_h5s6n26.txt,IPLCT,6,5,18,18,600.0,0,0.0,3,16.7,5,560.09,20675.9,,true,solver_status:optimal
CV_h5s6n27.txt,IPLCT,6,5,18,18,600.0,1,5.6,3,16.7,4,481.54,40032.0,,true,solver_status:optimal
CV_h5s6n28.txt,IPLCT,6,5,18,18,600.0,2,11.1,10,55.6,4,449.70,535144.3,,true,solver_status:optimal
CV_h5s6n29.txt,IPLCT,6,5,18,18,600.0,0,0.0,4,22.2,4,446.66,50288.0,,true,solver_status:optimal
CV_h5s6n3.txt,IPLCT,6,5,18,18,600.0,0,0.0,3,16.7,3,322.94,88100.3,,true,solver_status:optimal
CV_h5s6n30.txt,IPLCT,6,5,18,18,600.0,4,22.2,8,44.4,5,588.97,55688.7,,true,solver_status:optimal
CV_h5s6n31.txt,IPLCT,6,5,18,18,600.0,0,0.0,5,27.8,4,449.24,19344.6,,true,solver_status:optimal
CV_h5s6n32.txt,IPLCT,6,5,18,18,600.0,0,0.0,7,38.9,5,594.13,59990.2,,true,solver_status:optimal
CV_h5s6n33.txt,IPLCT,6,5,18,18,600.0,1,5.6,4,22.2,4,458.33,28406.0,,true,solver_status:optimal
CV_h5s6n34.txt,IPLCT,6,5,18,18,600.0,0,0.0,9,50.0,5,573.04,44350.4,,true,solver_status:optimal
CV_h5s6n35.txt,IPLCT,6,5,18,18,600.0,1,5.6,11,61.1,4,476.90,54620.5,,true,solver_status:optimal
CV_h5s6n36.txt,IPLCT,6,5,18,18,600.0,2,11.1,5,27.8,5,581.60,86704.0,,true,solver_status:optimal
CV_h5s6n37.txt,IPLCT,6,5,18,18,600.0,0,0.0,3,16.7,5,573.79,27144.7,,true,solver_status:optimal
CV_h5s6n38.txt,IPLCT,6,5,18,18,600.0,0,0.0,8,44.4,5,580.46,119408.8,,true,solver_status:optimal
CV_h5s6n39.txt,IPLCT,6,5,18,18,600.0,0,0.0,5,27.8,4,443.87,50776.0,,true,solver_status:optimal
CV_h5s6n4.txt,IPLCT,6,5,18,18,600.0,0,0.0,7,38.9,5,577.78,97631.4,,true,solver_status:optimal
CV_h5s6n40.txt,IPLCT,6,5,18,18,600.0,1,5.6,7,38.9,5,579.83,60252.2,,true,solver_status:optimal
CV_h5s6n5.txt,IPLCT,6,5,18,18,600.0,0,0.0,11,61.1,5,585.32,141403.0,,true,solver_status:optimal
CV_h5s6n6.txt,IPLCT,6,5,18,18,600.0,0,0.0,3,16.7,5,570.51,39728.5,,true,solver_status:optimal
CV_h5s6n7.txt,IPLCT,6,5,18,18,600.0,0,0.0,2,11.1,4,473.35,43525.7,,true,solver_status:optimal
CV_h5s6n8.txt,IPLCT,6,5,18,18,600.0,1,5.6,5,27.8,5,593.50,22975.1,,true,solver_status:optimal
CV_h5s6n9.txt,IPLCT,6,5,18,18,600.0,0,0.0,3,16.7,3,355.21,46851.0,,true,solver_status:optimal
CV_h5s7n1.txt,IPLCT,7,5,21,21,600.0,0,0.0,12,57.1,5,586.87,126810.0,,true,solver_status:optimal
CV_h5s7n10.txt,IPLCT,7,5,21,21,600.0,0,0.0,12,57.1,5,599.71,63265.7,,true,solver_status:optimal
CV_h5s7n11.txt,IPLCT,7,5,21,21,600.0,0,0.0,7,33.3,5,585.85,24636.8,,true,solver_status:optimal
CV_h5s7n12.txt,IPLCT,7,5,21,21,600.0,1,4.8,11,52.4,5,580.48,50310.1,,true,solver_status:optimal
CV_h5s7n13.txt,IPLCT,7,5,21,21,600.0,0,0.0,3,14.3,4,454.27,71836.5,,true,solver_status:optimal
CV_h5s7n14.txt,IPLCT,7,5,21,21,600.0,0,0.0,7,33.3,5,576.80,29417.5,,true,solver_status:optimal
CV_h5s7n15.txt,IPLCT,7,5,21,21,600.0,0,0.0,12,57.1,5,596.24,76926.9,,true,solver_status:optimal
CV_h5s7n16.txt,IPLCT,7,5,21,21,600.0,3,14.3,5,23.8,5,569.47,47027.6,,true,solver_status:optimal
CV_h5s7n17.txt,IPLCT,7,5,21,21,600.0,1,4.8,9,42.9,5,593.74,36541.8,,true,solver_status:optimal
CV_h5s7n18.txt,IPLCT,7,5,21,21,600.0,5,23.8,9,42.9,5,588.19,69450.5,,true,solver_status:optimal
CV_h5s7n19.txt,IPLCT,7,5,21,21,600.0,0,0.0,3,14.3,4,442.65,34935.5,,true,solver_status:optimal
CV_h5s7n2.txt,IPLCT,7,5,21,21,600.0,0,0.0,8,38.1,5,584.00,27259.9,,true,solver_status:optimal
CV_h5s7n20.txt,IPLCT,7,5,21,21,600.0,0,0.0,10,47.6,4,449.14,187335.7,,true,solver_status:optimal
CV_h5s7n21.txt,IPLCT,7,5,21,21,600.0,0,0.0,5,23.8,4,448.31,40103.3,,true,solver_status:optimal
CV_h5s7n22.txt,IPLCT,7,5,21,21,600.0,0,0.0,6,28.6,5,593.79,29716.9,,true,solver_status:optimal
CV_h5s7n23.txt,IPLCT,7,5,21,21,600.0,0,0.0,5,23.8,5,597.83,45023.3,,true,solver_status:optimal
CV_h5s7n24.txt,IPLCT,7,5,21,21,600.0,1,4.8,8,38.1,4,463.15,94951.1,,true,solver_status:optimal
CV_h5s7n25.txt,IPLCT,7,5,21,21,600.0,1,4.8,6,28.6,5,578.93,28730.1,,true,solver_status:optimal
CV_h5s7n26.txt,IPLCT,7,5,21,21,600.0,0,0.0,6,28.6,5,580.01,49434.8,,true,solver_status:optimal
CV_h5s7n27.txt,IPLCT,7,5,21,21,600.0,0,0.0,5,23.8,5,579.29,28433.6,,true,solver_status:optimal
CV_h5s7n28.txt,IPLCT,7,5,21,21,600.0,2,9.5,10,47.6,5,590.63,30196.5,,true,solver_status:optimal
CV_h5s7n29.txt,IPLCT,7,5,21,21,600.0,1,4.8,4,19.0,4,473.35,35751.7,,true,solver_status:optimal
CV_h5s7n3.txt,IPLCT,7,5,21,21,600.0,3,14.3,8,38.1,5,578.24,36282.5,,true,solver_status:optimal
CV_h5s7n30.txt,IPLCT,7,5,21,21,600.0,2,9.5,6,28.6,4,463.90,55305.9,,true,solver_status:optimal
CV_h5s7n31.txt,IPLCT,7,5,21,21,600.0,0,0.0,5,23.8,4,445.79,75558.8,,true,solver_status:optimal
CV_h5s7n32.txt,IPLCT,7,5,21,21,600.0,1,4.8,4,19.0,4,463.47,177596.5,,true,solver_status:optimal
CV_h5s7n33.txt,IPLCT,7,5,21,21,600.0,0,0.0,4,19.0,5,567.07,113569.1,,true,solver_status:optimal
CV_h5s7n34.txt,IPLCT,7,5,21,21,600.0,0,0.0,6,28.6,5,568.31,62069.8,,true,solver_status:optimal
CV_h5s7n35.txt,IPLCT,7,5,21,21,600.0,0,0.0,4,19.0,4,481.18,132391.6,,true,solver_status:optimal
CV_h5s7n36.txt,IPLCT,7,5,21,21,600.0,0,0.0,7,33.3,4,463.68,105606.5,,true,solver_status:optimal
CV_h5s7n37.txt,IPLCT,7,5,21,21,600.0,0,0.0,9,42.9,5,566.11,450611.2,,true,solver_status:optimal
CV_h5s7n38.txt,IPLCT,7,5,21,21,600.0,1,4.8,3,14.3,4,464.31,41021.1,,true,solver_status:optimal
CV_h5s7n39.txt,IPLCT,7,5,21,21,600.0,0,0.0,9,42.9,5,580.30,78616.9,,true,solver_status:optimal
CV_h5s7n4.txt,IPLCT,7,5,21,21,600.0,0,0.0,8,38.1,4,464.12,76713.1,,true,solver_status:optimal
CV_h5s7n40.txt,IPLCT,7,5,21,21,600.0,0,0.0,8,38.1,5,586.53,18067.4,,true,solver_status:optimal
CV_h5s7n5.txt,IPLCT,7,5,21,21,600.0,0,0.0,4,19.0,5,554.04,20479.5,,true,solver_status:optimal
CV_h5s7n6.txt,IPLCT,7,5,21,21,600.0,1,4.8,7,33.3,5,576.87,62255.1,,true,solver_status:optimal
CV_h5s7n7.txt,IPLCT,7,5,21,21,600.0,0,0.0,4,19.0,5,574.26,30954.7,,true,solver_status:optimal
CV_h5s7n8.txt,IPLCT,7,5,21,21,600.0,0,0.0,10,47.6,5,566.06,34046.5,,true,solver_status:optimal
CV_h5s7n9.txt,IPLCT,7,5,21,21,600.0,0,0.0,4,19.0,4,452.35,112485.2,,true,solver_status:optimal
CV_h5s8n1.txt,IPLCT,8,5,24,24,600.0,0,0.0,6,25.0,5,595.83,33889.2,,true,solver_status:optimal
CV_h5s8n10.txt,IPLCT,8,5,24,24,600.0,0,0.0,6,25.0,4,464.01,304226.8,,true,solver_status:optimal
CV_h5s8n11.txt,IPLCT,8,5,24,24,600.0,1,4.2,4,16.7,4,473.94,134147.6,,true,solver_status:optimal
CV_h5s8n12.txt,IPLCT,8,5,24,24,600.0,0,0.0,7,29.2,4,460.44,23218.0,,true,solver_status:optimal
CV_h5s8n13.txt,IPLCT,8,5,24,24,600.0,0,0.0,6,25.0,5,584.64,87767.7,,true,solver_status:optimal
CV_h5s8n14.txt,IPLCT,8,5,24,24,600.0,0,0.0,5,20.8,4,458.42,257845.0,,true,solver_status:optimal
CV_h5s8n15.txt,IPLCT,8,5,24,24,600.0,0,0.0,6,25.0,5,598.69,60246.3,,true,solver_status:optimal
CV_h5s8n16.txt,IPLCT,8,5,24,24,600.0,1,4.2,8,33.3,5,597.74,129783.4,,true,solver_status:optimal
CV_h5s8n17.txt,IPLCT,8,5,24,24,600.0,1,4.2,11,45.8,4,465.27,511115.8,,true,solver_status:optimal
CV_h5s8n18.txt,IPLCT,8,5,24,24,600.0,0,0.0,8,33.3,4,480.25,57049.6,,true,solver_status:optimal
CV_h5s8n19.txt,IPLCT,8,5,24,24,600.0,0,0.0,8,33.3,5,578.49,52894.0,,true,solver_status:optimal
CV_h5s8n2.txt,IPLCT,8,5,24,24,600.0,0,0.0,8,33.3,5,582.11,62803.2,,true,solver_status:optimal
CV_h5s8n20.txt,IPLCT,8,5,24,24,600.0,0,0.0,4,16.7,4,461.78,129393.2,,true,solver_status:optimal
CV_h5s8n21.txt,IPLCT,8,5,24,24,600.0,0,0.0,10,41.7,5,591.13,82432.0,,true,solver_status:optimal
CV_h5s8n22.txt,IPLCT,8,5,24,24,600.0,0,0.0,6,25.0,5,579.78,41852.0,,true,solver_status:optimal
CV_h5s8n23.txt,IPLCT,8,5,24,24,600.0,0,0.0,9,37.5,5,593.02,47971.4,,true,solver_status:optimal
CV_h5s8n24.txt,IPLCT,8,5,24,24,600.0,0,0.0,11,45.8,4,456.83,121406.5,,true,solver_status:optimal
CV_h5s8n25.txt,IPLCT,8,5,24,24,600.0,1,4.2,10,41.7,5,574.44,113951.6,,true,solver_status:optimal
CV_h5s8n26.txt,IPLCT,8,5,24,24,600.0,0,0.0,3,12.5,5,597.74,44507.5,,true,solver_status:optimal
CV_h5s8n27.txt,IPLCT,8,5,24,24,600.0,0,0.0,5,20.8,5,573.69,166895.3,,true,solver_status:optimal
CV_h5s8n28.txt,IPLCT,8,5,24,24,600.0,0,0.0,10,41.7,5,585.89,24910.3,,true,solver_status:optimal
CV_h5s8n29.txt,IPLCT,8,5,24,24,600.0,0,0.0,5,20.8,5,580.71,50039.1,,true,solver_status:optimal
CV_h5s8n3.txt,IPLCT,8,5,24,24,600.0,0,0.0,7,29.2,5,596.48,99902.8,,true,solver_status:optimal
CV_h5s8n30.txt,IPLCT,8,5,24,24,600.0,0,0.0,6,25.0,5,598.69,34044.6,,true,solver_status:optimal
CV_h5s8n31.txt,IPLCT,8,5,24,24,600.0,0,0.0,4,16.7,5,599.80,12289.8,,true,solver_status:optimal
CV_h5s8n32.txt,IPLCT,8,5,24,24,600.0,0,0.0,3,12.5,5,568.10,59925.5,,true,solver_status:optimal
CV_h5s8n33.txt,IPLCT,8,5,24,24,600.0,0,0.0,4,16.7,5,576.46,110658.9,,true,solver_status:optimal
CV_h5s8n34.txt,IPLCT,8,5,24,24,600.0,0,0.0,3,12.5,4,480.35,39451.1,,true,solver_status:optimal
CV_h5s8n35.txt,IPLCT,8,5,24,24,600.0,0,0.0,5,20.8,5,576.99,39741.9,,true,solver_status:optimal
CV_h5s8n36.txt,IPLCT,8,5,24,24,600.0,0,0.0,4,16.7,4,467.55,29352.4,,true,solver_status:optimal
CV_h5s8n37.txt,IPLCT,8,5,24,24,600.0,0,0.0,13,54.2,5,562.21,10076.8,,true,solver_status:optimal
CV_h5s8n38.txt,IPLCT,8,5,24,24,600.0,0,0.0,7,29.2,5,579.01,43858.3,,true,solver_status:optimal
CV_h5s8n39.txt,IPLCT,8,5,24,24,600.0,0,0.0,4,16.7,4,474.41,40696.2,,true,solver_status:optimal
CV_h5s8n4.txt,IPLCT,8,5,24,24,600.0,1,4.2,6,25.0,3,336.72,114910.9,,true,solver_status:optimal
CV_h5s8n40.txt,IPLCT,8,5,24,24,600.0,1,4.2,6,25.0,5,579.45,19819.4,,true,solver_status:optimal
CV_h5s8n5.txt,IPLCT,8,5,24,24,600.0,0,0.0,7,29.2,4,502.21,34461.2,,true,solver_status:optimal
CV_h5s8n6.txt,IPLCT,8,5,24,24,600.0,0,0.0,5,20.8,4,468.16,80140.4,,true,solver_status:optimal
CV_h5s8n7.txt,IPLCT,8,5,24,24,600.0,0,0.0,4,16.7,4,446.33,58728.4,,true,solver_status:optimal
CV_h5s8n8.txt,IPLCT,8,5,24,24,600.0,2,8.3,4,16.7,4,512.63,101133.4,,true,solver_status:optimal
CV_h5s8n9.txt,IPLCT,8,5,24,24,600.0,0,0.0,5,20.8,5,548.23,571420.5,,true,solver_status:optimal
CV_h6s4n1.txt,IPLCT,4,6,16,16,600.0,0,0.0,4,25.0,4,498.41,24436.6,,true,solver_status:optimal
CV_h6s4n10.txt,IPLCT,4,6,16,16,600.0,0,0.0,5,31.2,5,591.76,31460.0,,true,solver_status:optimal
CV_h6s4n11.txt,IPLCT,4,6,16,16,600.0,0,0.0,3,18.8,5,586.59,7793.2,,true,solver_status:optimal
CV_h6s4n12.txt,IPLCT,4,6,16,16,600.0,3,18.8,5,31.2,5,589.25,28953.3,,true,solver_status:optimal
CV_h6s4n13.txt,IPLCT,4,6,16,16,600.0,0,0.0,4,25.0,4,452.09,30766.8,,true,solver_status:optimal
CV_h6s4n14.txt,IPLCT,4,6,16,16,600.0,0,0.0,2,12.5,5,580.82,16755.3,,true,solver_status:optimal
CV_h6s4n15.txt,IPLCT,4,6,16,16,600.0,1,6.2,5,31.2,5,596.92,65327.8,,true,solver_status:optimal
CV_h6s4n16.txt,IPLCT,4,6,16,16,600.0,0,0.0,2,12.5,4,456.74,7604.6,,true,solver_status:optimal
CV_h6s4n17.txt,IPLCT,4,6,16,16,600.0,0,0.0,3,18.8,4,458.00,10809.5,,true,solver_status:optimal
CV_h6s4n18.txt,IPLCT,4,6,16,16,600.0,0,0.0,1,6.2,4,486.57,18284.1,,true,solver_status:optimal
CV_h6s4n19.txt,IPLCT,4,6,16,16,600.0,0,0.0,3,18.8,5,584.88,20836.0,,true,solver_status:optimal
CV_h6s4n2.txt,IPLCT,4,6,16,16,600.0,0,0.0,6,37.5,4,453.22,149972.1,,true,solver_status:optimal
CV_h6s4n20.txt,IPLCT,4,6,16,16,600.0,0,0.0,6,37.5,3,344.56,21947.2,,true,solver_status:optimal
CV_h6s4n21.txt,IPLCT,4,6,16,16,600.0,0,0.0,2,12.5,4,499.07,11887.6,,true,solver_status:optimal
CV_h6s4n22.txt,IPLCT,4,6,16,16,600.0,0,0.0,3,18.8,5,585.17,38585.8,,true,solver_status:optimal
CV_h6s4n23.txt,IPLCT,4,6,16,16,600.0,0,0.0,3,18.8,3,362.59,45249.9,,true,solver_status:optimal
CV_h6s4n24.txt,IPLCT,4,6,16,16,600.0,0,0.0,4,25.0,2,229.47,28664.5,,true,solver_status:optimal
CV_h6s4n25.txt,IPLCT,4,6,16,16,600.0,1,6.2,4,25.0,4,470.00,13566.8,,true,solver_status:optimal
CV_h6s4n26.txt,IPLCT,4,6,16,16,600.0,0,0.0,5,31.2,5,573.49,8515.8,,true,solver_status:optimal
CV_h6s4n27.txt,IPLCT,4,6,16,16,600.0,0,0.0,4,25.0,2,232.09,22163.2,,true,solver_status:optimal
CV_h6s4n28.txt,IPLCT,4,6,16,16,600.0,0,0.0,3,18.8,5,585.18,31857.8,,true,solver_status:optimal
CV_h6s4n29.txt,IPLCT,4,6,16,16,600.0,0,0.0,6,37.5,5,577.58,20559.1,,true,solver_status:optimal
CV_h6s4n3.txt,IPLCT,4,6,16,16,600.0,2,12.5,3,18.8,2,233.26,24951.7,,true,solver_status:optimal
CV_h6s4n30.txt,IPLCT,4,6,16,16,600.0,0,0.0,2,12.5,3,337.05,30594.1,,true,solver_status:optimal
CV_h6s4n31.txt,IPLCT,4,6,16,16,600.0,1,6.2,3,18.8,4,439.27,22160.9,,true,solver_status:optimal
CV_h6s4n32.txt,IPLCT,4,6,16,16,600.0,2,12.5,4,25.0,4,494.32,18300.5,,true,solver_status:optimal
CV_h6s4n33.txt,IPLCT,4,6,16,16,600.0,0,0.0,2,12.5,2,236.87,29390.8,,true,solver_status:optimal
CV_h6s4n34.txt,IPLCT,4,6,16,16,600.0,1,6.2,3,18.8,3,357.21,15134.9,,true,solver_status:optimal
CV_h6s4n35.txt,IPLCT,4,6,16,16,600.0,0,0.0,1,6.2,3,354.48,8780.5,,true,solver_status:optimal
CV_h6s4n36.txt,IPLCT,4,6,16,16,600.0,0,0.0,3,18.8,4,460.80,11914.9,,true,solver_status:optimal
CV_h6s4n37.txt,IPLCT,4,6,16,16,600.0,1,6.2,7,43.8,5,576.16,31718.0,,true,solver_status:optimal
CV_h6s4n38.txt,IPLCT,4,6,16,16,600.0,0,0.0,3,18.8,5,577.36,48695.8,,true,solver_status:optimal
CV_h6s4n39.txt,IPLCT,4,6,16,16,600.0,1,6.2,2,12.5,4,458.39,11121.7,,true,solver_status:optimal
CV_h6s4n4.txt,IPLCT,4,6,16,16,600.0,1,6.2,3,18.8,4,459.95,54375.4,,true,solver_status:optimal
CV_h6s4n40.txt,IPLCT,4,6,16,16,600.0,0,0.0,2,12.5,3,335.72,18315.9,,true,solver_status:optimal
CV_h6s4n5.txt,IPLCT,4,6,16,16,600.0,0,0.0,2,12.5,4,470.98,36078.7,,true,solver_status:optimal
CV_h6s4n6.txt,IPLCT,4,6,16,16,600.0,1,6.2,8,50.0,3,346.05,72486.0,,true,solver_status:optimal
CV_h6s4n7.txt,IPLCT,4,6,16,16,600.0,0,0.0,3,18.8,3,336.64,11033.1,,true,solver_status:optimal
CV_h6s4n8.txt,IPLCT,4,6,16,16,600.0,1,6.2,3,18.8,3,367.51,8466.7,,true,solver_status:optimal
CV_h6s4n9.txt,IPLCT,4,6,16,16,600.0,0,0.0,5,31.2,5,582.44,50941.0,,true,solver_status:optimal
CV_h6s5n1.txt,IPLCT,5,6,20,20,600.0,0,0.0,3,15.0,2,244.43,24723.4,,true,solver_status:optimal
CV_h6s5n10.txt,IPLCT,5,6,20,20,600.0,0,0.0,4,20.0,4,479.86,16998.1,,true,solver_status:optimal
CV_h6s5n11.txt,IPLCT,5,6,20,20,600.0,1,5.0,8,40.0,5,595.07,29783.2,,true,solver_status:optimal
CV_h6s5n12.txt,IPLCT,5,6,20,20,600.0,0,0.0,5,25.0,4,494.08,22343.7,,true,solver_status:optimal
CV_h6s5n13.txt,IPLCT,5,6,20,20,600.0,1,5.0,4,20.0,3,372.63,12579.4,,true,solver_status:optimal
CV_h6s5n14.txt,IPLCT,5,6,20,20,600.0,0,0.0,4,20.0,5,572.85,12774.1,,true,solver_status:optimal
CV_h6s5n15.txt,IPLCT,5,6,20,20,600.0,0,0.0,4,20.0,3,377.26,12298.7,,true,solver_status:optimal
CV_h6s5n16.txt,IPLCT,5,6,20,20,600.0,0,0.0,2,10.0,5,597.58,35795.8,,true,solver_status:optimal
CV_h6s5n17.txt,IPLCT,5,6,20,20,600.0,1,5.0,2,10.0,3,359.84,32540.5,,true,solver_status:optimal
CV_h6s5n18.txt,IPLCT,5,6,20,20,600.0,0,0.0,4,20.0,4,473.18,16855.4,,true,solver_status:optimal
CV_h6s5n19.txt,IPLCT,5,6,20,20,600.0,0,0.0,3,15.0,4,509.44,27739.2,,true,solver_status:optimal
CV_h6s5n2.txt,IPLCT,5,6,20,20,600.0,0,0.0,4,20.0,3,362.44,18460.1,,true,solver_status:optimal
CV_h6s5n20.txt,IPLCT,5,6,20,20,600.0,0,0.0,1,5.0,3,366.39,15766.8,,true,solver_status:optimal
CV_h6s5n21.txt,IPLCT,5,6,20,20,600.0,0,0.0,3,15.0,4,449.13,63383.9,,true,solver_status:optimal
CV_h6s5n22.txt,IPLCT,5,6,20,20,600.0,0,0.0,4,20.0,4,455.25,16016.1,,true,solver_status:optimal
CV_h6s5n23.txt,IPLCT,5,6,20,20,600.0,0,0.0,2,10.0,4,476.03,77418.7,,true,solver_status:optimal
CV_h6s5n24.txt,IPLCT,5,6,20,20,600.0,1,5.0,2,10.0,2,234.35,39493.1,,true,solver_status:optimal
CV_h6s5n25.txt,IPLCT,5,6,20,20,600.0,0,0.0,4,20.0,4,435.25,28658.1,,true,solver_status:optimal
CV_h6s5n26.txt,IPLCT,5,6,20,20,600.0,0,0.0,3,15.0,5,592.40,17703.6,,true,solver_status:optimal
CV_h6s5n27.txt,IPLCT,5,6,20,20,600.0,0,0.0,6,30.0,3,336.36,89029.8,,true,solver_status:optimal
CV_h6s5n28.txt,IPLCT,5,6,20,20,600.0,0,0.0,4,20.0,2,227.87,35059.6,,true,solver_status:optimal
CV_h6s5n29.txt,IPLCT,5,6,20,20,600.0,0,0.0,4,20.0,4,467.69,18072.9,,true,solver_status:optimal
CV_h6s5n3.txt,IPLCT,5,6,20,20,600.0,1,5.0,5,25.0,5,593.74,51162.3,,true,solver_status:optimal
CV_h6s5n30.txt,IPLCT,5,6,20,20,600.0,0,0.0,3,15.0,5,578.20,17650.7,,true,solver_status:optimal
CV_h6s5n31.txt,IPLCT,5,6,20,20,600.0,0,0.0,1,5.0,3,361.17,15979.7,,true,solver_status:optimal
CV_h6s5n32.txt,IPLCT,5,6,20,20,600.0,3,15.0,7,35.0,4,478.68,57648.1,,true,solver_status:optimal
CV_h6s5n33.txt,IPLCT,5,6,20,20,600.0,1,5.0,5,25.0,5,599.89,20650.6,,true,solver_status:optimal
CV_h6s5n34.txt,IPLCT,5,6,20,20,600.0,0,0.0,3,15.0,4,474.22,16195.6,,true,solver_status:optimal
CV_h6s5n35.txt,IPLCT,5,6,20,20,600.0,0,0.0,2,10.0,2,229.08,51854.5,,true,solver_status:optimal
CV_h6s5n36.txt,IPLCT,5,6,20,20,600.0,0,0.0,5,25.0,5,589.16,31767.7,,true,solver_status:optimal
CV_h6s5n37.txt,IPLCT,5,6,20,20,600.0,0,0.0,2,10.0,5,597.39,13554.8,,true,solver_status:optimal
CV_h6s5n38.txt,IPLCT,5,6,20,20,600.0,1,5.0,3,15.0,3,368.59,30290.1,,true,solver_status:optimal
CV_h6s5n39.txt,IPLCT,5,6,20,20,600.0,0,0.0,6,30.0,4,470.41,22523.4,,true,solver_status:optimal
CV_h6s5n4.txt,IPLCT,5,6,20,20,600.0,0,0.0,9,45.0,5,588.96,29945.1,,true,solver_status:optimal
CV_h6s5n40.txt,IPLCT,5,6,20,20,600.0,1,5.0,3,15.0,5,597.60,69822.4,,true,solver_status:optimal
CV_h6s5n5.txt,IPLCT,5,6,20,20,600.0,0,0.0,2,10.0,5,590.03,17800.6,,true,solver_status:optimal
CV_h6s5n6.txt,IPLCT,5,6,20,20,600.0,0,0.0,3,15.0,4,479.81,14583.9,,true,solver_status:optimal
CV_h6s5n7.txt,IPLCT,5,6,20,20,600.0,0,0.0,5,25.0,5,588.71,19411.5,,true,solver_status:optimal
CV_h6s5n8.txt,IPLCT,5,6,20,20,600.0,0,0.0,5,25.0,5,581.20,11424.7,,true,solver_status:optimal
CV_h6s5n9.txt,IPLCT,5,6,20,20,600.0,1,5.0,5,25.0,3,369.55,16024.5,,true,solver_status:optimal
CV_h5s3n1.txt,IPLCT,3,5,9,9,900.0,1,11.1,4,44.4,7,802.82,224240.4,,true,solver_status:optimal
CV_h5s3n10.txt,IPLCT,3,5,9,9,900.0,0,0.0,5,55.6,8,893.12,226072.2,,true,solver_status:optimal
CV_h5s3n11.txt,IPLCT,3,5,9,9,900.0,2,22.2,9,100.0,7,792.89,49329.4,,true,solver_status:optimal
CV_h5s3n12.txt,IPLCT,3,5,9,9,900.0,0,0.0,7,77.8,7,796.58,114231.6,,true,solver_status:optimal
CV_h5s3n13.txt,IPLCT,3,5,9,9,900.0,0,0.0,3,33.3,8,860.43,81984.9,,true,solver_status:optimal
CV_h5s3n14.txt,IPLCT,3,5,9,9,900.0,0,0.0,5,55.6,7,809.09,111164.8,,true,solver_status:optimal
CV_h5s3n15.txt,IPLCT,3,5,9,9,900.0,0,0.0,4,44.4,8,866.97,150123.3,,true,solver_status:optimal
CV_h5s3n16.txt,IPLCT,3,5,9,9,900.0,0,0.0,4,44.4,7,776.53,136840.8,,true,solver_status:optimal
CV_h5s3n17.txt,IPLCT,3,5,9,9,900.0,2,22.2,3,33.3,2,229.47,137200.5,,true,solver_status:optimal
CV_h5s3n18.txt,IPLCT,3,5,9,9,900.0,0,0.0,9,100.0,7,791.66,38148.9,,true,solver_status:optimal
CV_h5s3n19.txt,IPLCT,3,5,9,9,900.0,0,0.0,4,44.4,8,887.10,73047.4,,true,solver_status:optimal
CV_h5s3n2.txt,IPLCT,3,5,9,9,900.0,0,0.0,6,66.7,7,864.32,108893.2,,true,solver_status:optimal
CV_h5s3n20.txt,IPLCT,3,5,9,9,900.0,0,0.0,5,55.6,8,884.62,182886.1,,true,solver_status:optimal
CV_h5s3n21.txt,IPLCT,3,5,9,9,900.0,1,11.1,3,33.3,7,806.61,74780.1,,true,solver_status:optimal
CV_h5s3n22.txt,IPLCT,3,5,9,9,900.0,2,22.2,4,44.4,7,796.56,153930.0,,true,solver_status:optimal
CV_h5s3n23.txt,IPLCT,3,5,9,9,900.0,0,0.0,4,44.4,7,801.40,71683.2,,true,solver_status:optimal
CV_h5s3n24.txt,IPLCT,3,5,9,9,900.0,1,11.1,4,44.4,8,868.39,129286.9,,true,solver_status:optimal
CV_h5s3n25.txt,IPLCT,3,5,9,9,900.0,0,0.0,4,44.4,7,801.40,325849.7,,true,solver_status:optimal
CV_h5s3n26.txt,IPLCT,3,5,9,9,900.0,0,0.0,9,100.0,7,802.81,13070.7,,true,solver_status:optimal
CV_h5s3n27.txt,IPLCT,3,5,9,9,900.0,0,0.0,9,100.0,8,867.12,28629.3,,true,solver_status:optimal
CV_h5s3n28.txt,IPLCT,3,5,9,9,900.0,0,0.0,4,44.4,7,777.76,201330.4,,true,solver_status:optimal
CV_h5s3n29.txt,IPLCT,3,5,9,9,900.0,0,0.0,5,55.6,7,809.09,74971.8,,true,solver_status:optimal
CV_h5s3n3.txt,IPLCT,3,5,9,9,900.0,0,0.0,9,100.0,4,451.34,4804.8,,true,solver_status:optimal
CV_h5s3n30.txt,IPLCT,3,5,9,9,900.0,0,0.0,5,55.6,7,756.95,102946.5,,true,solver_status:optimal
CV_h5s3n31.txt,IPLCT,3,5,9,9,900.0,0,0.0,9,100.0,8,880.83,91421.4,,true,solver_status:optimal
CV_h5s3n32.txt,IPLCT,3,5,9,9,900.0,1,11.1,9,100.0,7,783.94,3987.1,,true,solver_status:optimal
CV_h5s3n33.txt,IPLCT,3,5,9,9,900.0,1,11.1,9,100.0,7,791.66,86044.7,,true,solver_status:optimal
CV_h5s3n34.txt,IPLCT,3,5,9,9,900.0,0,0.0,3,33.3,7,801.40,217586.3,,true,solver_status:optimal
CV_h5s3n35.txt,IPLCT,3,5,9,9,900.0,0,0.0,5,55.6,5,567.74,127393.1,,true,solver_status:optimal
CV_h5s3n36.txt,IPLCT,3,5,9,9,900.0,0,0.0,3,33.3,6,724.81,79957.1,,true,solver_status:optimal
CV_h5s3n37.txt,IPLCT,3,5,9,9,900.0,0,0.0,5,55.6,7,801.40,138535.1,,true,solver_status:optimal
CV_h5s3n38.txt,IPLCT,3,5,9,9,900.0,0,0.0,6,66.7,7,772.42,173557.6,,true,solver_status:optimal
CV_h5s3n39.txt,IPLCT,3,5,9,9,900.0,9,100.0,9,100.0,5,550.46,1509.5,,true,solver_status:optimal
CV_h5s3n4.txt,IPLCT,3,5,9,9,900.0,1,11.1,9,100.0,8,851.64,6462.3,,true,solver_status:optimal
CV_h5s3n40.txt,IPLCT,3,5,9,9,900.0,1,11.1,5,55.6,8,897.35,129070.9,,true,solver_status:optimal
CV_h5s3n5.txt,IPLCT,3,5,9,9,900.0,4,44.4,9,100.0,4,439.53,1881.3,,true,solver_status:optimal
CV_h5s3n6.txt,IPLCT,3,5,9,9,900.0,0,0.0,7,77.8,7,841.31,73642.1,,true,solver_status:optimal
CV_h5s3n7.txt,IPLCT,3,5,9,9,900.0,0,0.0,9,100.0,8,886.31,100147.2,,true,solver_status:optimal
CV_h5s3n8.txt,IPLCT,3,5,9,9,900.0,1,11.1,9,100.0,7,787.76,7661.5,,true,solver_status:optimal
CV_h5s3n9.txt,IPLCT,3,5,9,9,900.0,0,0.0,3,33.3,7,826.78,93665.7,,true,solver_status:optimal
CV_h5s4n1.txt,IPLCT,4,5,12,12,900.0,2,16.7,6,50.0,8,878.64,1459258.1,,true,solver_status:optimal
CV_h5s4n10.txt,IPLCT,4,5,12,12,900.0,0,0.0,3,25.0,4,445.23,661909.8,,true,solver_status:optimal
CV_h5s4n11.txt,IPLCT,4,5,12,12,900.0,1,8.3,5,41.7,8,899.83,337747.3,,true,solver_status:optimal
CV_h5s4n12.txt,IPLCT,4,5,12,12,900.0,1,8.3,10,83.3,8,892.29,1717472.5,,true,solver_status:optimal
CV_h5s4n13.txt,IPLCT,4,5,12,12,900.0,1,8.3,12,100.0,5,552.03,10178.9,,true,solver_status:optimal
CV_h5s4n14.txt,IPLCT,4,5,12,12,900.0,0,0.0,5,41.7,8,887.24,1004770.0,,true,solver_status:optimal
CV_h5s4n15.txt,IPLCT,4,5,12,12,900.0,0,0.0,8,66.7,7,783.15,1139622.1,,true,solver_status:optimal
CV_h5s4n16.txt,IPLCT,4,5,12,12,900.0,0,0.0,3,25.0,5,609.32,580990.8,,true,solver_status:optimal
CV_h5s4n17.txt,IPLCT,4,5,12,12,900.0,0,0.0,12,100.0,8,890.01,12319.7,,true,solver_status:optimal
CV_h5s4n18.txt,IPLCT,4,5,12,12,900.0,0,0.0,6,50.0,7,790.97,1201242.3,,true,solver_status:optimal
CV_h5s4n19.txt,IPLCT,4,5,12,12,900.0,0,0.0,7,58.3,7,850.46,690809.0,,true,solver_status:optimal
CV_h5s4n2.txt,IPLCT,4,5,12,12,900.0,0,0.0,12,100.0,7,839.04,219480.8,,true,solver_status:optimal
CV_h5s4n20.txt,IPLCT,4,5,12,12,900.0,0,0.0,9,75.0,8,897.21,2625591.6,,true,solver_status:optimal
CV_h5s4n21.txt,IPLCT,4,5,12,12,900.0,1,8.3,6,50.0,7,859.24,1000234.2,,true,solver_status:optimal
CV_h5s4n22.txt,IPLCT,4,5,12,12,900.0,0,0.0,6,50.0,8,881.88,637276.6,,true,solver_status:optimal
CV_h5s4n23.txt,IPLCT,4,5,12,12,900.0,3,25.0,12,100.0,7,812.90,467007.5,,true,solver_status:optimal
CV_h5s4n24.txt,IPLCT,4,5,12,12,900.0,0,0.0,5,41.7,7,847.10,2214970.4,,true,solver_status:optimal
CV_h5s4n25.txt,IPLCT,4,5,12,12,900.0,0,0.0,6,50.0,7,816.32,611299.3,,true,solver_status:optimal
CV_h5s4n26.txt,IPLCT,4,5,12,12,900.0,1,8.3,10,83.3,8,892.31,3595367.2,,false,solver_status:not_proved_optimal
CV_h5s4n27.txt,IPLCT,4,5,12,12,900.0,4,33.3,12,100.0,5,565.96,7428.6,,true,solver_status:optimal
CV_h5s4n28.txt,IPLCT,4,5,12,12,900.0,0,0.0,4,33.3,7,861.79,850403.0,,true,solver_status:optimal
CV_h5s4n29.txt,IPLCT,4,5,12,12,900.0,0,0.0,4,33.3,6,664.07,496132.3,,true,solver_status:optimal
CV_h5s4n3.txt,IPLCT,4,5,12,12,900.0,1,8.3,6,50.0,7,850.19,568179.7,,true,solver_status:optimal
CV_h5s4n30.txt,IPLCT,4,5,12,12,900.0,0,0.0,6,50.0,8,889.15,931185.8,,true,solver_status:optimal
CV_h5s4n31.txt,IPLCT,4,5,12,12,900.0,0,0.0,12,100.0,8,898.08,2091688.8,,true,solver_status:optimal
CV_h5s4n32.txt,IPLCT,4,5,12,12,900.0,0,0.0,2,16.7,7,799.70,778533.8,,true,solver_status:optimal
CV_h5s4n33.txt,IPLCT,4,5,12,12,900.0,0,0.0,4,33.3,7,850.34,427095.4,,true,solver_status:optimal
CV_h5s4n34.txt,IPLCT,4,5,12,12,900.0,0,0.0,6,50.0,8,882.91,1157756.9,,true,solver_status:optimal
CV_h5s4n35.txt,IPLCT,4,5,12,12,900.0,1,8.3,8,66.7,7,752.50,1165287.4,,true,solver_status:optimal
CV_h5s4n36.txt,IPLCT,4,5,12,12,900.0,0,0.0,4,33.3,6,684.67,871642.7,,true,solver_status:optimal
CV_h5s4n37.txt,IPLCT,4,5,12,12,900.0,3,25.0,7,58.3,8,880.85,939753.1,,true,solver_status:optimal
CV_h5s4n38.txt,IPLCT,4,5,12,12,900.0,2,16.7,12,100.0,8,899.11,103421.2,,true,solver_status:optimal
CV_h5s4n39.txt,IPLCT,4,5,12,12,900.0,0,0.0,12,100.0,7,835.25,288975.1,,true,solver_status:optimal
CV_h5s4n4.txt,IPLCT,4,5,12,12,900.0,0,0.0,12,100.0,7,826.16,21297.3,,true,solver_status:optimal
CV_h5s4n40.txt,IPLCT,4,5,12,12,900.0,0,0.0,12,100.0,8,896.01,1370329.4,,true,solver_status:optimal
CV_h5s4n5.txt,IPLCT,4,5,12,12,900.0,1,8.3,7,58.3,7,829.79,384174.9,,true,solver_status:optimal
CV_h5s4n6.txt,IPLCT,4,5,12,12,900.0,0,0.0,5,41.7,7,848.89,471430.4,,true,solver_status:optimal
CV_h5s4n7.txt,IPLCT,4,5,12,12,900.0,0,0.0,3,25.0,7,784.65,507587.4,,true,solver_status:optimal
CV_h5s4n8.txt,IPLCT,4,5,12,12,900.0,2,16.7,8,66.7,8,893.64,997498.3,,true,solver_status:optimal
CV_h5s4n9.txt,IPLCT,4,5,12,12,900.0,0,0.0,12,100.0,7,814.55,75162.9,,true,solver_status:optimal
CV_h5s5n1.txt,IPLCT,5,5,15,15,900.0,1,6.7,8,53.3,8,896.30,3595434.7,,false,solver_status:not_proved_optimal
CV_h5s5n10.txt,IPLCT,5,5,15,15,900.0,3,20.0,13,86.7,7,811.67,3595440.4,,false,solver_status:not_proved_optimal
CV_h5s5n11.txt,IPLCT,5,5,15,15,900.0,0,0.0,4,26.7,7,868.37,979059.3,,true,solver_status:optimal
CV_h5s5n12.txt,IPLCT,5,5,15,15,900.0,0,0.0,8,53.3,7,844.54,1188734.4,,true,solver_status:optimal
CV_h5s5n13.txt,IPLCT,5,5,15,15,900.0,0,0.0,5,33.3,7,839.75,2407158.2,,true,solver_status:optimal
CV_h5s5n14.txt,IPLCT,5,5,15,15,900.0,0,0.0,13,86.7,7,810.56,3595351.9,,false,solver_status:not_proved_optimal
CV_h5s5n15.txt,IPLCT,5,5,15,15,900.0,0,0.0,7,46.7,7,790.32,3366045.7,,true,solver_status:optimal
CV_h5s5n16.txt,IPLCT,5,5,15,15,900.0,0,0.0,6,40.0,6,745.26,2406393.1,,true,solver_status:optimal
CV_h5s5n17.txt,IPLCT,5,5,15,15,900.0,0,0.0,11,73.3,7,803.45,2595618.0,,true,solver_status:optimal
CV_h5s5n18.txt,IPLCT,5,5,15,15,900.0,1,6.7,10,66.7,8,866.53,3595430.0,,false,solver_status:not_proved_optimal
CV_h5s5n19.txt,IPLCT,5,5,15,15,900.0,1,6.7,8,53.3,8,894.38,1849550.0,,true,solver_status:optimal
CV_h5s5n2.txt,IPLCT,5,5,15,15,900.0,0,0.0,5,33.3,6,679.51,1518157.5,,true,solver_status:optimal
CV_h5s5n20.txt,IPLCT,5,5,15,15,900.0,0,0.0,8,53.3,5,586.12,992308.3,,true,solver_status:optimal
CV_h5s5n21.txt,IPLCT,5,5,15,15,900.0,0,0.0,7,46.7,7,742.34,3595482.8,,false,solver_status:not_proved_optimal
CV_h5s5n22.txt,IPLCT,5,5,15,15,900.0,1,6.7,5,33.3,7,806.38,2993375.3,,true,solver_status:optimal
CV_h5s5n23.txt,IPLCT,5,5,15,15,900.0,1,6.7,6,40.0,8,896.42,3595665.7,,false,solver_status:not_proved_optimal
CV_h5s5n24.txt,IPLCT,5,5,15,15,900.0,0,0.0,4,26.7,7,870.81,1262363.9,,true,solver_status:optimal
CV_h5s5n25.txt,IPLCT,5,5,15,15,900.0,2,13.3,11,73.3,7,819.29,3595392.4,,false,solver_status:not_proved_optimal
CV_h5s5n26.txt,IPLCT,5,5,15,15,900.0,0,0.0,7,46.7,7,868.35,3595462.1,,false,solver_status:not_proved_optimal
CV_h5s5n27.txt,IPLCT,5,5,15,15,900.0,0,0.0,11,73.3,7,822.48,1684531.5,,true,solver_status:optimal
CV_h5s5n28.txt,IPLCT,5,5,15,15,900.0,0,0.0,9,60.0,8,881.75,3016348.6,,true,solver_status:optimal
CV_h5s5n29.txt,IPLCT,5,5,15,15,900.0,0,0.0,8,53.3,7,819.43,2328976.4,,true,solver_status:optimal
CV_h5s5n3.txt,IPLCT,5,5,15,15,900.0,0,0.0,6,40.0,6,695.18,3510318.3,,true,solver_status:optimal
CV_h5s5n30.txt,IPLCT,5,5,15,15,900.0,0,0.0,15,100.0,7,843.60,487861.4,,true,solver_status:optimal
CV_h5s5n31.txt,IPLCT,5,5,15,15,900.0,1,6.7,6,40.0,7,795.09,1302673.0,,true,solver_status:optimal
CV_h5s5n32.txt,IPLCT,5,5,15,15,900.0,0,0.0,5,33.3,6,692.54,3595410.0,,false,solver_status:not_proved_optimal
CV_h5s5n33.txt,IPLCT,5,5,15,15,900.0,1,6.7,10,66.7,6,634.81,3595409.3,,false,solver_status:not_proved_optimal
CV_h5s5n34.txt,IPLCT,5,5,15,15,900.0,0,0.0,6,40.0,7,840.18,2131620.7,,true,solver_status:optimal
CV_h5s5n35.txt,IPLCT,5,5,15,15,900.0,1,6.7,10,66.7,7,815.36,3595438.3,,false,solver_status:not_proved_optimal
CV_h5s5n36.txt,IPLCT,5,5,15,15,900.0,1,6.7,9,60.0,7,831.38,2338590.3,,true,solver_status:optimal
CV_h5s5n37.txt,IPLCT,5,5,15,15,900.0,0,0.0,4,26.7,7,870.87,512140.8,,true,solver_status:optimal
CV_h5s5n38.txt,IPLCT,5,5,15,15,900.0,0,0.0,15,100.0,6,673.93,18212.0,,true,solver_status:optimal
CV_h5s5n39.txt,IPLCT,5,5,15,15,900.0,0,0.0,9,60.0,8,898.48,3595414.4,,false,solver_status:not_proved_optimal
CV_h5s5n4.txt,IPLCT,5,5,15,15,900.0,0,0.0,15,100.0,7,810.19,177039.4,,true,solver_status:optimal
CV_h5s5n40.txt,IPLCT,5,5,15,15,900.0,2,13.3,9,60.0,6,662.68,3595369.1,,false,solver_status:not_proved_optimal
CV_h5s5n5.txt,IPLCT,5,5,15,15,900.0,0,0.0,5,33.3,7,895.71,899049.5,,true,solver_status:optimal
CV_h5s5n6.txt,IPLCT,5,5,15,15,900.0,0,0.0,7,46.7,7,870.56,1032311.6,,true,solver_status:optimal
CV_h5s5n7.txt,IPLCT,5,5,15,15,900.0,0,0.0,15,100.0,8,898.97,96628.2,,true,solver_status:optimal
CV_h5s5n8.txt,IPLCT,5,5,15,15,900.0,0,0.0,7,46.7,7,869.01,1310321.5,,true,solver_status:optimal
CV_h5s5n9.txt,IPLCT,5,5,15,15,900.0,0,0.0,6,40.0,7,852.62,3484603.7,,true,solver_status:optimal
CV_h5s6n1.txt,IPLCT,6,5,18,18,900.0,0,0.0,4,22.2,6,723.15,1626841.7,,true,solver_status:optimal
CV_h5s6n10.txt,IPLCT,6,5,18,18,900.0,1,5.6,11,61.1,8,879.63,3595615.6,,false,solver_status:not_proved_optimal
CV_h5s6n11.txt,IPLCT,6,5,18,18,900.0,3,16.7,18,100.0,7,783.44,33525.8,,true,solver_status:optimal
CV_h5s6n12.txt,IPLCT,6,5,18,18,900.0,0,0.0,6,33.3,7,799.26,979940.9,,true,solver_status:optimal
CV_h5s6n13.txt,IPLCT,6,5,18,18,900.0,0,0.0,12,66.7,8,898.15,1493365.8,,true,solver_status:optimal
CV_h5s6n14.txt,IPLCT,6,5,18,18,900.0,0,0.0,8,44.4,7,823.68,3595659.0,,false,solver_status:not_proved_optimal
CV_h5s6n15.txt,IPLCT,6,5,18,18,900.0,0,0.0,6,33.3,7,822.70,3152269.6,,true,solver_status:optimal
CV_h5s6n16.txt,IPLCT,6,5,18,18,900.0,0,0.0,4,22.2,5,562.96,2414310.8,,true,solver_status:optimal
CV_h5s6n17.txt,IPLCT,6,5,18,18,900.0,0,0.0,7,38.9,7,867.61,579330.5,,true,solver_status:optimal
CV_h5s6n18.txt,IPLCT,6,5,18,18,900.0,2,11.1,16,88.9,7,812.93,3595569.4,,false,solver_status:not_proved_optimal
CV_h5s6n19.txt,IPLCT,6,5,18,18,900.0,0,0.0,5,27.8,7,858.16,456722.8,,true,solver_status:optimal
CV_h5s6n2.txt,IPLCT,6,5,18,18,900.0,0,0.0,15,83.3,7,812.58,1976168.3,,true,solver_status:optimal
CV_h5s6n20.txt,IPLCT,6,5,18,18,900.0,0,0.0,10,55.6,8,899.20,3595564.2,,false,solver_status:not_proved_optimal
CV_h5s6n21.txt,IPLCT,6,5,18,18,900.0,1,5.6,6,33.3,6,754.78,1192924.7,,true,solver_status:optimal
CV_h5s6n22.txt,IPLCT,6,5,18,18,900.0,0,0.0,3,16.7,6,710.02,1567430.6,,true,solver_status:optimal
CV_h5s6n23.txt,IPLCT,6,5,18,18,900.0,0,0.0,7,38.9,7,892.10,760194.7,,true,solver_status:optimal
CV_h5s6n24.txt,IPLCT,6,5,18,18,900.0,0,0.0,6,33.3,7,836.63,677103.0,,true,solver_status:optimal
CV_h5s6n25.txt,IPLCT,6,5,18,18,900.0,1,5.6,13,72.2,7,838.84,3595555.0,,false,solver_status:not_proved_optimal
CV_h5s6n26.txt,IPLCT,6,5,18,18,900.0,0,0.0,3,16.7,5,560.14,1410986.3,,true,solver_status:optimal
CV_h5s6n27.txt,IPLCT,6,5,18,18,900.0,1,5.6,5,27.8,7,812.47,993234.5,,true,solver_status:optimal
CV_h5s6n28.txt,IPLCT,6,5,18,18,900.0,2,11.1,13,72.2,7,762.94,3595463.8,,false,solver_status:not_proved_optimal
CV_h5s6n29.txt,IPLCT,6,5,18,18,900.0,0,0.0,7,38.9,7,850.36,3595481.1,,false,solver_status:not_proved_optimal
CV_h5s6n3.txt,IPLCT,6,5,18,18,900.0,0,0.0,6,33.3,7,850.39,1808978.0,,true,solver_status:optimal
CV_h5s6n30.txt,IPLCT,6,5,18,18,900.0,4,22.2,9,50.0,7,854.50,1784383.1,,true,solver_status:optimal
CV_h5s6n31.txt,IPLCT,6,5,18,18,900.0,0,0.0,7,38.9,7,866.50,3595526.2,,false,solver_status:not_proved_optimal
CV_h5s6n32.txt,IPLCT,6,5,18,18,900.0,0,0.0,7,38.9,7,768.50,3595567.2,,false,solver_status:not_proved_optimal
CV_h5s6n33.txt,IPLCT,6,5,18,18,900.0,1,5.6,5,27.8,7,811.14,3595511.4,,false,solver_status:not_proved_optimal
CV_h5s6n34.txt,IPLCT,6,5,18,18,900.0,0,0.0,12,66.7,7,817.55,3595543.7,,false,solver_status:not_proved_optimal
CV_h5s6n35.txt,IPLCT,6,5,18,18,900.0,1,5.6,18,100.0,7,886.03,1404646.6,,true,solver_status:optimal
CV_h5s6n36.txt,IPLCT,6,5,18,18,900.0,2,11.1,6,33.3,8,897.36,3595493.6,,false,solver_status:not_proved_optimal
CV_h5s6n37.txt,IPLCT,6,5,18,18,900.0,0,0.0,5,27.8,7,857.83,2096927.0,,true,solver_status:optimal
CV_h5s6n38.txt,IPLCT,6,5,18,18,900.0,0,0.0,10,55.6,7,787.94,3595526.4,,false,solver_status:not_proved_optimal
CV_h5s6n39.txt,IPLCT,6,5,18,18,900.0,0,0.0,7,38.9,7,853.12,3595523.3,,false,solver_status:not_proved_optimal
CV_h5s6n4.txt,IPLCT,6,5,18,18,900.0,0,0.0,8,44.4,7,786.68,3595642.5,,false,solver_status:not_proved_optimal
CV_h5s6n40.txt,IPLCT,6,5,18,18,900.0,1,5.6,7,38.9,7,805.98,3595626.9,,false,solver_status:not_proved_optimal
CV_h5s6n5.txt,IPLCT,6,5,18,18,900.0,0,0.0,18,100.0,7,856.56,107423.7,,true,solver_status:optimal
CV_h5s6n6.txt,IPLCT,6,5,18,18,900.0,0,0.0,7,38.9,7,843.77,695928.5,,true,solver_status:optimal
CV_h5s6n7.txt,IPLCT,6,5,18,18,900.0,0,0.0,7,38.9,6,684.57,3297667.6,,true,solver_status:optimal
CV_h5s6n8.txt,IPLCT,6,5,18,18,900.0,1,5.6,5,27.8,5,570.88,902114.3,,true,solver_status:optimal
CV_h5s6n9.txt,IPLCT,6,5,18,18,900.0,0,0.0,5,27.8,8,898.90,2869099.0,,true,solver_status:optimal
CV_h5s7n1.txt,IPLCT,7,5,21,21,900.0,0,0.0,17,81.0,8,859.80,3595609.8,,false,solver_status:not_proved_optimal
CV_h5s7n10.txt,IPLCT,7,5,21,21,900.0,0,0.0,16,76.2,8,896.64,3595713.0,,false,solver_status:not_proved_optimal
CV_h5s7n11.txt,IPLCT,7,5,21,21,900.0,0,0.0,9,42.9,7,812.54,532484.9,,true,solver_status:optimal
CV_h5s7n12.txt,IPLCT,7,5,21,21,900.0,1,4.8,11,52.4,6,657.12,3595768.3,,false,solver_status:not_proved_optimal
CV_h5s7n13.txt,IPLCT,7,5,21,21,900.0,0,0.0,9,42.9,7,805.55,3595650.7,,false,solver_status:not_proved_optimal
CV_h5s7n14.txt,IPLCT,7,5,21,21,900.0,0,0.0,16,76.2,8,899.73,2440234.4,,true,solver_status:optimal
CV_h5s7n15.txt,IPLCT,7,5,21,21,900.0,0,0.0,14,66.7,8,897.45,3035472.8,,true,solver_status:optimal
CV_h5s7n16.txt,IPLCT,7,5,21,21,900.0,3,14.3,6,28.6,7,841.04,3595564.0,,false,solver_status:not_proved_optimal
CV_h5s7n17.txt,IPLCT,7,5,21,21,900.0,1,4.8,11,52.4,8,892.69,1757063.1,,true,solver_status:optimal
CV_h5s7n18.txt,IPLCT,7,5,21,21,900.0,5,23.8,11,52.4,7,815.33,2548025.8,,true,solver_status:optimal
CV_h5s7n19.txt,IPLCT,7,5,21,21,900.0,0,0.0,5,23.8,6,675.23,3596174.9,,false,solver_status:not_proved_optimal
CV_h5s7n2.txt,IPLCT,7,5,21,21,900.0,0,0.0,8,38.1,7,755.12,3595882.8,,false,solver_status:not_proved_optimal
CV_h5s7n20.txt,IPLCT,7,5,21,21,900.0,0,0.0,15,71.4,7,829.23,3595723.3,,false,solver_status:not_proved_optimal
CV_h5s7n21.txt,IPLCT,7,5,21,21,900.0,0,0.0,6,28.6,6,695.27,3595775.5,,false,solver_status:not_proved_optimal
CV_h5s7n22.txt,IPLCT,7,5,21,21,900.0,0,0.0,6,28.6,5,602.59,3595745.5,,false,solver_status:not_proved_optimal
CV_h5s7n23.txt,IPLCT,7,5,21,21,900.0,0,0.0,10,47.6,7,825.03,3595615.1,,false,solver_status:not_proved_optimal
CV_h5s7n24.txt,IPLCT,7,5,21,21,900.0,1,4.8,11,52.4,7,846.29,3595767.0,,false,solver_status:not_proved_optimal
CV_h5s7n25.txt,IPLCT,7,5,21,21,900.0,1,4.8,9,42.9,7,849.66,3595619.6,,false,solver_status:not_proved_optimal
CV_h5s7n26.txt,IPLCT,7,5,21,21,900.0,0,0.0,6,28.6,7,848.18,3595674.8,,false,solver_status:not_proved_optimal
CV_h5s7n27.txt,IPLCT,7,5,21,21,900.0,0,0.0,5,23.8,6,677.10,3246349.2,,true,solver_status:optimal
CV_h5s7n28.txt,IPLCT,7,5,21,21,900.0,2,9.5,10,47.6,7,789.79,3595668.1,,false,solver_status:not_proved_optimal
CV_h5s7n29.txt,IPLCT,7,5,21,21,900.0,1,4.8,5,23.8,6,748.17,1269464.4,,true,solver_status:optimal
CV_h5s7n3.txt,IPLCT,7,5,21,21,900.0,3,14.3,8,38.1,5,582.09,3595678.9,,false,solver_status:not_proved_optimal
CV_h5s7n30.txt,IPLCT,7,5,21,21,900.0,2,9.5,7,33.3,7,829.86,1773965.0,,true,solver_status:optimal
CV_h5s7n31.txt,IPLCT,7,5,21,21,900.0,0,0.0,9,42.9,7,829.07,3595674.7,,false,solver_status:not_proved_optimal
CV_h5s7n32.txt,IPLCT,7,5,21,21,900.0,1,4.8,6,28.6,6,688.49,3595677.3,,false,solver_status:not_proved_optimal
CV_h5s7n33.txt,IPLCT,7,5,21,21,900.0,0,0.0,5,23.8,6,713.57,2993157.6,,true,solver_status:optimal
CV_h5s7n34.txt,IPLCT,7,5,21,21,900.0,0,0.0,9,42.9,7,847.43,3595657.0,,false,solver_status:not_proved_optimal
CV_h5s7n35.txt,IPLCT,7,5,21,21,900.0,0,0.0,5,23.8,7,828.56,3595844.5,,false,solver_status:not_proved_optimal
CV_h5s7n36.txt,IPLCT,7,5,21,21,900.0,0,0.0,8,38.1,7,835.57,3595600.3,,false,solver_status:not_proved_optimal
CV_h5s7n37.txt,IPLCT,7,5,21,21,900.0,0,0.0,15,71.4,6,728.85,3595686.9,,false,solver_status:not_proved_optimal
CV_h5s7n38.txt,IPLCT,7,5,21,21,900.0,1,4.8,4,19.0,6,690.14,860015.2,,true,solver_status:optimal
CV_h5s7n39.txt,IPLCT,7,5,21,21,900.0,0,0.0,13,61.9,7,827.97,3595689.0,,false,solver_status:not_proved_optimal
CV_h5s7n4.txt,IPLCT,7,5,21,21,900.0,0,0.0,11,52.4,7,849.10,1875038.6,,true,solver_status:optimal
CV_h5s7n40.txt,IPLCT,7,5,21,21,900.0,0,0.0,9,42.9,7,798.74,1661219.6,,true,solver_status:optimal
CV_h5s7n5.txt,IPLCT,7,5,21,21,900.0,0,0.0,4,19.0,6,624.51,3595928.0,,false,solver_status:not_proved_optimal
CV_h5s7n6.txt,IPLCT,7,5,21,21,900.0,1,4.8,12,57.1,7,821.88,2346161.8,,true,solver_status:optimal
CV_h5s7n7.txt,IPLCT,7,5,21,21,900.0,0,0.0,4,19.0,6,728.26,3595783.5,,false,solver_status:not_proved_optimal
CV_h5s7n8.txt,IPLCT,7,5,21,21,900.0,0,0.0,10,47.6,6,696.01,3595708.3,,false,solver_status:not_proved_optimal
CV_h5s7n9.txt,IPLCT,7,5,21,21,900.0,0,0.0,5,23.8,6,684.01,3410952.1,,true,solver_status:optimal
CV_h5s8n1.txt,IPLCT,8,5,24,24,900.0,0,0.0,8,33.3,8,892.24,3596118.7,,false,solver_status:not_proved_optimal
CV_h5s8n10.txt,IPLCT,8,5,24,24,900.0,0,0.0,7,29.2,7,833.17,3595881.4,,false,solver_status:not_proved_optimal
CV_h5s8n11.txt,IPLCT,8,5,24,24,900.0,1,4.2,13,54.2,8,898.49,3595867.0,,false,solver_status:not_proved_optimal
CV_h5s8n12.txt,IPLCT,8,5,24,24,900.0,0,0.0,8,33.3,7,846.93,2097461.0,,true,solver_status:optimal
CV_h5s8n13.txt,IPLCT,8,5,24,24,900.0,0,0.0,10,41.7,7,845.11,3582210.9,,true,solver_status:optimal
CV_h5s8n14.txt,IPLCT,8,5,24,24,900.0,0,0.0,6,25.0,7,846.51,3595992.5,,false,solver_status:not_proved_optimal
CV_h5s8n15.txt,IPLCT,8,5,24,24,900.0,0,0.0,10,41.7,7,815.34,3595838.7,,false,solver_status:not_proved_optimal
CV_h5s8n16.txt,IPLCT,8,5,24,24,900.0,1,4.2,13,54.2,7,812.18,3595896.3,,false,solver_status:not_proved_optimal
CV_h5s8n17.txt,IPLCT,8,5,24,24,900.0,1,4.2,14,58.3,6,761.13,3595971.8,,false,solver_status:not_proved_optimal
CV_h5s8n18.txt,IPLCT,8,5,24,24,900.0,0,0.0,9,37.5,7,823.27,3595872.4,,false,solver_status:not_proved_optimal
CV_h5s8n19.txt,IPLCT,8,5,24,24,900.0,0,0.0,9,37.5,6,700.58,3595883.4,,false,solver_status:not_proved_optimal
CV_h5s8n2.txt,IPLCT,8,5,24,24,900.0,0,0.0,9,37.5,8,895.41,2797381.2,,true,solver_status:optimal
CV_h5s8n20.txt,IPLCT,8,5,24,24,900.0,0,0.0,8,33.3,7,865.94,3595926.9,,false,solver_status:not_proved_optimal
CV_h5s8n21.txt,IPLCT,8,5,24,24,900.0,0,0.0,11,45.8,8,890.15,3595997.5,,false,solver_status:not_proved_optimal
CV_h5s8n22.txt,IPLCT,8,5,24,24,900.0,0,0.0,8,33.3,7,846.25,3506964.1,,true,solver_status:optimal
CV_h5s8n23.txt,IPLCT,8,5,24,24,900.0,0,0.0,9,37.5,5,617.13,3596003.5,,false,solver_status:not_proved_optimal
CV_h5s8n24.txt,IPLCT,8,5,24,24,900.0,0,0.0,16,66.7,7,805.34,3595977.2,,false,solver_status:not_proved_optimal
CV_h5s8n25.txt,IPLCT,8,5,24,24,900.0,1,4.2,11,45.8,7,847.35,3595862.7,,false,solver_status:not_proved_optimal
CV_h5s8n26.txt,IPLCT,8,5,24,24,900.0,0,0.0,4,16.7,7,872.05,2291915.5,,true,solver_status:optimal
CV_h5s8n27.txt,IPLCT,8,5,24,24,900.0,0,0.0,9,37.5,7,874.13,3596122.5,,false,solver_status:not_proved_optimal
CV_h5s8n28.txt,IPLCT,8,5,24,24,900.0,0,0.0,10,41.7,7,858.47,3595887.0,,false,solver_status:not_proved_optimal
CV_h5s8n29.txt,IPLCT,8,5,24,24,900.0,0,0.0,6,25.0,7,823.07,2615076.2,,true,solver_status:optimal
CV_h5s8n3.txt,IPLCT,8,5,24,24,900.0,0,0.0,10,41.7,7,785.62,3596028.4,,false,solver_status:not_proved_optimal
CV_h5s8n30.txt,IPLCT,8,5,24,24,900.0,0,0.0,8,33.3,7,831.65,3595880.1,,false,solver_status:not_proved_optimal
CV_h5s8n31.txt,IPLCT,8,5,24,24,900.0,0,0.0,4,16.7,6,744.49,3595917.5,,false,solver_status:not_proved_optimal
CV_h5s8n32.txt,IPLCT,8,5,24,24,900.0,0,0.0,4,16.7,6,668.01,2601659.5,,true,solver_status:optimal
CV_h5s8n33.txt,IPLCT,8,5,24,24,900.0,0,0.0,6,25.0,6,671.70,3595964.9,,false,solver_status:not_proved_optimal
CV_h5s8n34.txt,IPLCT,8,5,24,24,900.0,0,0.0,4,16.7,6,702.57,3595904.5,,false,solver_status:not_proved_optimal
CV_h5s8n35.txt,IPLCT,8,5,24,24,900.0,0,0.0,7,29.2,7,830.53,1395361.8,,true,solver_status:optimal
CV_h5s8n36.txt,IPLCT,8,5,24,24,900.0,0,0.0,5,20.8,6,697.96,2137519.4,,true,solver_status:optimal
CV_h5s8n37.txt,IPLCT,8,5,24,24,900.0,0,0.0,13,54.2,5,562.52,3595889.9,,false,solver_status:not_proved_optimal
CV_h5s8n38.txt,IPLCT,8,5,24,24,900.0,0,0.0,7,29.2,5,581.31,3595990.0,,false,solver_status:not_proved_optimal
CV_h5s8n39.txt,IPLCT,8,5,24,24,900.0,0,0.0,6,25.0,7,821.90,3595837.0,,false,solver_status:not_proved_optimal
CV_h5s8n4.txt,IPLCT,8,5,24,24,900.0,1,4.2,8,33.3,7,831.80,3595956.0,,false,solver_status:not_proved_optimal
CV_h5s8n40.txt,IPLCT,8,5,24,24,900.0,1,4.2,8,33.3,7,822.81,1084073.7,,true,solver_status:optimal
CV_h5s8n5.txt,IPLCT,8,5,24,24,900.0,0,0.0,8,33.3,7,870.27,3595969.8,,false,solver_status:not_proved_optimal
CV_h5s8n6.txt,IPLCT,8,5,24,24,900.0,0,0.0,7,29.2,8,891.80,3609058.3,,false,solver_status:not_proved_optimal
CV_h5s8n7.txt,IPLCT,8,5,24,24,900.0,0,0.0,6,25.0,7,848.30,3596132.1,,false,solver_status:not_proved_optimal
CV_h5s8n8.txt,IPLCT,8,5,24,24,900.0,2,8.3,8,33.3,6,732.53,3596017.2,,false,solver_status:not_proved_optimal
CV_h5s8n9.txt,IPLCT,8,5,24,24,900.0,0,0.0,7,29.2,7,864.13,3595913.3,,false,solver_status:not_proved_optimal
CV_h6s4n1.txt,IPLCT,4,6,16,16,900.0,0,0.0,4,25.0,6,674.99,337625.0,,true,solver_status:optimal
CV_h6s4n10.txt,IPLCT,4,6,16,16,900.0,0,0.0,6,37.5,7,810.19,985352.7,,true,solver_status:optimal
CV_h6s4n11.txt,IPLCT,4,6,16,16,900.0,0,0.0,3,18.8,7,818.11,210770.9,,true,solver_status:optimal
CV_h6s4n12.txt,IPLCT,4,6,16,16,900.0,3,18.8,5,31.2,6,659.30,204026.6,,true,solver_status:optimal
CV_h6s4n13.txt,IPLCT,4,6,16,16,900.0,0,0.0,6,37.5,7,890.00,527605.8,,true,solver_status:optimal
CV_h6s4n14.txt,IPLCT,4,6,16,16,900.0,0,0.0,2,12.5,6,674.85,271748.1,,true,solver_status:optimal
CV_h6s4n15.txt,IPLCT,4,6,16,16,900.0,1,6.2,10,62.5,7,810.87,432127.4,,true,solver_status:optimal
CV_h6s4n16.txt,IPLCT,4,6,16,16,900.0,0,0.0,2,12.5,5,560.43,293858.9,,true,solver_status:optimal
CV_h6s4n17.txt,IPLCT,4,6,16,16,900.0,0,0.0,4,25.0,7,843.08,376947.6,,true,solver_status:optimal
CV_h6s4n18.txt,IPLCT,4,6,16,16,900.0,0,0.0,1,6.2,4,482.67,251409.4,,true,solver_status:optimal
CV_h6s4n19.txt,IPLCT,4,6,16,16,900.0,0,0.0,3,18.8,7,766.02,546942.7,,true,solver_status:optimal
CV_h6s4n2.txt,IPLCT,4,6,16,16,900.0,0,0.0,9,56.2,8,887.07,667921.8,,true,solver_status:optimal
CV_h6s4n20.txt,IPLCT,4,6,16,16,900.0,0,0.0,6,37.5,4,477.67,534486.2,,true,solver_status:optimal
CV_h6s4n21.txt,IPLCT,4,6,16,16,900.0,0,0.0,2,12.5,4,480.21,204684.3,,true,solver_status:optimal
CV_h6s4n22.txt,IPLCT,4,6,16,16,900.0,0,0.0,5,31.2,6,705.23,305510.3,,true,solver_status:optimal
CV_h6s4n23.txt,IPLCT,4,6,16,16,900.0,0,0.0,6,37.5,8,898.64,236129.8,,true,solver_status:optimal
CV_h6s4n24.txt,IPLCT,4,6,16,16,900.0,0,0.0,6,37.5,8,890.75,451728.1,,true,solver_status:optimal
CV_h6s4n25.txt,IPLCT,4,6,16,16,900.0,1,6.2,5,31.2,7,855.68,719876.5,,true,solver_status:optimal
CV_h6s4n26.txt,IPLCT,4,6,16,16,900.0,0,0.0,5,31.2,5,604.15,1205302.1,,true,solver_status:optimal
CV_h6s4n27.txt,IPLCT,4,6,16,16,900.0,0,0.0,5,31.2,6,715.36,164448.0,,true,solver_status:optimal
CV_h6s4n28.txt,IPLCT,4,6,16,16,900.0,0,0.0,3,18.8,6,701.59,1620303.7,,true,solver_status:optimal
CV_h6s4n29.txt,IPLCT,4,6,16,16,900.0,0,0.0,6,37.5,7,823.53,233163.9,,true,solver_status:optimal
CV_h6s4n3.txt,IPLCT,4,6,16,16,900.0,2,12.5,5,31.2,7,883.64,267813.6,,true,solver_status:optimal
CV_h6s4n30.txt,IPLCT,4,6,16,16,900.0,0,0.0,4,25.0,8,879.57,574281.3,,true,solver_status:optimal
CV_h6s4n31.txt,IPLCT,4,6,16,16,900.0,1,6.2,4,25.0,7,809.18,278234.8,,true,solver_status:optimal
CV_h6s4n32.txt,IPLCT,4,6,16,16,900.0,2,12.5,4,25.0,7,781.43,437834.7,,true,solver_status:optimal
CV_h6s4n33.txt,IPLCT,4,6,16,16,900.0,0,0.0,4,25.0,7,858.79,349691.6,,true,solver_status:optimal
CV_h6s4n34.txt,IPLCT,4,6,16,16,900.0,1,6.2,4,25.0,7,861.84,395307.2,,true,solver_status:optimal
CV_h6s4n35.txt,IPLCT,4,6,16,16,900.0,0,0.0,1,6.2,3,362.59,233647.4,,true,solver_status:optimal
CV_h6s4n36.txt,IPLCT,4,6,16,16,900.0,0,0.0,4,25.0,7,851.49,842461.7,,true,solver_status:optimal
CV_h6s4n37.txt,IPLCT,4,6,16,16,900.0,1,6.2,7,43.8,7,811.59,814236.0,,true,solver_status:optimal
CV_h6s4n38.txt,IPLCT,4,6,16,16,900.0,0,0.0,3,18.8,5,577.21,182366.9,,true,solver_status:optimal
CV_h6s4n39.txt,IPLCT,4,6,16,16,900.0,1,6.2,3,18.8,8,866.42,318307.5,,true,solver_status:optimal
CV_h6s4n4.txt,IPLCT,4,6,16,16,900.0,1,6.2,9,56.2,7,880.68,315030.2,,true,solver_status:optimal
CV_h6s4n40.txt,IPLCT,4,6,16,16,900.0,0,0.0,2,12.5,6,660.23,418752.7,,true,solver_status:optimal
CV_h6s4n5.txt,IPLCT,4,6,16,16,900.0,0,0.0,8,50.0,8,897.37,338347.4,,true,solver_status:optimal
CV_h6s4n6.txt,IPLCT,4,6,16,16,900.0,1,6.2,11,68.8,7,798.10,3595387.4,,false,solver_status:not_proved_optimal
CV_h6s4n7.txt,IPLCT,4,6,16,16,900.0,0,0.0,4,25.0,7,870.58,394655.1,,true,solver_status:optimal
CV_h6s4n8.txt,IPLCT,4,6,16,16,900.0,1,6.2,3,18.8,7,828.35,195604.3,,true,solver_status:optimal
CV_h6s4n9.txt,IPLCT,4,6,16,16,900.0,0,0.0,16,100.0,7,877.55,11421.8,,true,solver_status:optimal
CV_h6s5n1.txt,IPLCT,5,6,20,20,900.0,0,0.0,4,20.0,5,602.26,1697371.1,,true,solver_status:optimal
CV_h6s5n10.txt,IPLCT,5,6,20,20,900.0,0,0.0,6,30.0,7,895.78,723775.1,,true,solver_status:optimal
CV_h6s5n11.txt,IPLCT,5,6,20,20,900.0,1,5.0,10,50.0,8,883.08,1060811.6,,true,solver_status:optimal
CV_h6s5n12.txt,IPLCT,5,6,20,20,900.0,0,0.0,6,30.0,7,880.94,260307.0,,true,solver_status:optimal
CV_h6s5n13.txt,IPLCT,5,6,20,20,900.0,1,5.0,9,45.0,7,879.09,381263.1,,true,solver_status:optimal
CV_h6s5n14.txt,IPLCT,5,6,20,20,900.0,0,0.0,5,25.0,7,832.23,597076.3,,true,solver_status:optimal
CV_h6s5n15.txt,IPLCT,5,6,20,20,900.0,0,0.0,5,25.0,6,734.10,220935.5,,true,solver_status:optimal
CV_h6s5n16.txt,IPLCT,5,6,20,20,900.0,0,0.0,4,20.0,7,876.01,1189383.1,,true,solver_status:optimal
CV_h6s5n17.txt,IPLCT,5,6,20,20,900.0,1,5.0,4,20.0,6,721.58,900878.3,,true,solver_status:optimal
CV_h6s5n18.txt,IPLCT,5,6,20,20,900.0,0,0.0,5,25.0,7,820.31,284182.2,,true,solver_status:optimal
CV_h6s5n19.txt,IPLCT,5,6,20,20,900.0,0,0.0,5,25.0,7,856.33,436086.6,,true,solver_status:optimal
CV_h6s5n2.txt,IPLCT,5,6,20,20,900.0,0,0.0,6,30.0,7,852.14,1492872.5,,true,solver_status:optimal
CV_h6s5n20.txt,IPLCT,5,6,20,20,900.0,0,0.0,7,35.0,7,848.05,273371.8,,true,solver_status:optimal
CV_h6s5n21.txt,IPLCT,5,6,20,20,900.0,0,0.0,4,20.0,6,728.10,509263.0,,true,solver_status:optimal
CV_h6s5n22.txt,IPLCT,5,6,20,20,900.0,0,0.0,5,25.0,6,739.72,211281.3,,true,solver_status:optimal
CV_h6s5n23.txt,IPLCT,5,6,20,20,900.0,0,0.0,6,30.0,6,713.10,380746.0,,true,solver_status:optimal
CV_h6s5n24.txt,IPLCT,5,6,20,20,900.0,1,5.0,3,15.0,6,732.28,892000.8,,true,solver_status:optimal
CV_h6s5n25.txt,IPLCT,5,6,20,20,900.0,0,0.0,9,45.0,7,838.36,1853266.8,,true,solver_status:optimal
CV_h6s5n26.txt,IPLCT,5,6,20,20,900.0,0,0.0,3,15.0,5,603.79,840407.8,,true,solver_status:optimal
CV_h6s5n27.txt,IPLCT,5,6,20,20,900.0,0,0.0,8,40.0,7,880.24,1380795.1,,true,solver_status:optimal
CV_h6s5n28.txt,IPLCT,5,6,20,20,900.0,0,0.0,7,35.0,7,834.94,478068.1,,true,solver_status:optimal
CV_h6s5n29.txt,IPLCT,5,6,20,20,900.0,0,0.0,4,20.0,5,535.88,777802.5,,true,solver_status:optimal
CV_h6s5n3.txt,IPLCT,5,6,20,20,900.0,1,5.0,5,25.0,5,619.67,413184.4,,true,solver_status:optimal
CV_h6s5n30.txt,IPLCT,5,6,20,20,900.0,0,0.0,3,15.0,5,593.33,258268.6,,true,solver_status:optimal
CV_h6s5n31.txt,IPLCT,5,6,20,20,900.0,0,0.0,2,10.0,7,831.35,504522.0,,true,solver_status:optimal
CV_h6s5n32.txt,IPLCT,5,6,20,20,900.0,3,15.0,8,40.0,6,728.39,313474.3,,true,solver_status:optimal
CV_h6s5n33.txt,IPLCT,5,6,20,20,900.0,1,5.0,5,25.0,5,598.56,260568.0,,true,solver_status:optimal
CV_h6s5n34.txt,IPLCT,5,6,20,20,900.0,0,0.0,3,15.0,6,690.82,3595655.1,,false,solver_status:not_proved_optimal
CV_h6s5n35.txt,IPLCT,5,6,20,20,900.0,0,0.0,4,20.0,7,836.94,1606821.7,,true,solver_status:optimal
CV_h6s5n36.txt,IPLCT,5,6,20,20,900.0,0,0.0,6,30.0,7,839.94,871413.7,,true,solver_status:optimal
CV_h6s5n37.txt,IPLCT,5,6,20,20,900.0,0,0.0,2,10.0,5,582.05,205168.7,,true,solver_status:optimal
CV_h6s5n38.txt,IPLCT,5,6,20,20,900.0,1,5.0,4,20.0,5,616.93,432559.3,,true,solver_status:optimal
CV_h6s5n39.txt,IPLCT,5,6,20,20,900.0,0,0.0,6,30.0,5,561.45,3595770.1,,false,solver_status:not_proved_optimal
CV_h6s5n4.txt,IPLCT,5,6,20,20,900.0,0,0.0,9,45.0,7,798.52,811397.1,,true,solver_status:optimal
CV_h6s5n40.txt,IPLCT,5,6,20,20,900.0,1,5.0,4,20.0,6,692.77,3595737.2,,false,solver_status:not_proved_optimal
CV_h6s5n5.txt,IPLCT,5,6,20,20,900.0,0,0.0,2,10.0,7,826.47,1058506.8,,true,solver_status:optimal
CV_h6s5n6.txt,IPLCT,5,6,20,20,900.0,0,0.0,4,20.0,7,877.80,190323.7,,true,solver_status:optimal
CV_h6s5n7.txt,IPLCT,5,6,20,20,900.0,0,0.0,6,30.0,7,872.68,1334362.4,,true,solver_status:optimal
CV_h6s5n8.txt,IPLCT,5,6,20,20,900.0,0,0.0,5,25.0,5,583.50,314977.3,,true,solver_status:optimal
CV_h6s5n9.txt,IPLCT,5,6,20,20,900.0,1,5.0,6,30.0,7,872.84,193308.8,,true,solver_status:optimal
CV_h5s3n1.txt,IPLCT,3,5,9,9,1200.0,1,11.1,7,77.8,9,1011.24,1573768.0,,true,solver_status:optimal
CV_h5s3n10.txt,IPLCT,3,5,9,9,1200.0,0,0.0,7,77.8,9,1042.44,856057.1,,true,solver_status:optimal
CV_h5s3n11.txt,IPLCT,3,5,9,9,1200.0,2,22.2,9,100.0,10,1118.12,172655.2,,true,solver_status:optimal
CV_h5s3n12.txt,IPLCT,3,5,9,9,1200.0,0,0.0,9,100.0,10,1116.70,1150264.8,,true,solver_status:optimal
CV_h5s3n13.txt,IPLCT,3,5,9,9,1200.0,0,0.0,6,66.7,11,1189.22,1147399.8,,true,solver_status:optimal
CV_h5s3n14.txt,IPLCT,3,5,9,9,1200.0,0,0.0,6,66.7,10,1149.71,563219.3,,true,solver_status:optimal
CV_h5s3n15.txt,IPLCT,3,5,9,9,1200.0,0,0.0,9,100.0,9,1037.30,230226.2,,true,solver_status:optimal
CV_h5s3n16.txt,IPLCT,3,5,9,9,1200.0,0,0.0,9,100.0,9,1001.50,84020.0,,true,solver_status:optimal
CV_h5s3n17.txt,IPLCT,3,5,9,9,1200.0,2,22.2,9,100.0,8,931.46,367996.1,,true,solver_status:optimal
CV_h5s3n18.txt,IPLCT,3,5,9,9,1200.0,0,0.0,9,100.0,10,1135.71,16667.5,,true,solver_status:optimal
CV_h5s3n19.txt,IPLCT,3,5,9,9,1200.0,0,0.0,6,66.7,9,1052.34,757704.2,,true,solver_status:optimal
CV_h5s3n2.txt,IPLCT,3,5,9,9,1200.0,0,0.0,9,100.0,9,1052.34,76937.2,,true,solver_status:optimal
CV_h5s3n20.txt,IPLCT,3,5,9,9,1200.0,0,0.0,5,55.6,8,919.44,1526953.6,,true,solver_status:optimal
CV_h5s3n21.txt,IPLCT,3,5,9,9,1200.0,1,11.1,4,44.4,10,1152.46,1072972.0,,true,solver_status:optimal
CV_h5s3n22.txt,IPLCT,3,5,9,9,1200.0,2,22.2,6,66.7,10,1149.23,3595346.4,,false,solver_status:not_proved_optimal
CV_h5s3n23.txt,IPLCT,3,5,9,9,1200.0,0,0.0,9,100.0,9,1032.32,219817.6,,true,solver_status:optimal
CV_h5s3n24.txt,IPLCT,3,5,9,9,1200.0,1,11.1,4,44.4,9,1049.10,1210554.8,,true,solver_status:optimal
CV_h5s3n25.txt,IPLCT,3,5,9,9,1200.0,0,0.0,9,100.0,9,1059.12,8391.7,,true,solver_status:optimal
CV_h5s3n26.txt,IPLCT,3,5,9,9,1200.0,0,0.0,9,100.0,7,768.48,8182.8,,true,solver_status:optimal
CV_h5s3n27.txt,IPLCT,3,5,9,9,1200.0,0,0.0,9,100.0,8,912.09,35485.1,,true,solver_status:optimal
CV_h5s3n28.txt,IPLCT,3,5,9,9,1200.0,0,0.0,7,77.8,10,1141.46,2659544.2,,true,solver_status:optimal
CV_h5s3n29.txt,IPLCT,3,5,9,9,1200.0,0,0.0,7,77.8,10,1166.85,661074.5,,true,solver_status:optimal
CV_h5s3n3.txt,IPLCT,3,5,9,9,1200.0,0,0.0,9,100.0,6,654.74,6592.5,,true,solver_status:optimal
CV_h5s3n30.txt,IPLCT,3,5,9,9,1200.0,0,0.0,9,100.0,10,1147.69,2028787.2,,true,solver_status:optimal
CV_h5s3n31.txt,IPLCT,3,5,9,9,1200.0,0,0.0,9,100.0,10,1131.76,14819.1,,true,solver_status:optimal
CV_h5s3n32.txt,IPLCT,3,5,9,9,1200.0,1,11.1,9,100.0,9,997.63,14820.2,,true,solver_status:optimal
CV_h5s3n33.txt,IPLCT,3,5,9,9,1200.0,1,11.1,9,100.0,7,796.84,11235.1,,true,solver_status:optimal
CV_h5s3n34.txt,IPLCT,3,5,9,9,1200.0,0,0.0,7,77.8,10,1097.21,3595335.9,,false,solver_status:not_proved_optimal
CV_h5s3n35.txt,IPLCT,3,5,9,9,1200.0,0,0.0,9,100.0,10,1090.67,56131.0,,true,solver_status:optimal
CV_h5s3n36.txt,IPLCT,3,5,9,9,1200.0,0,0.0,9,100.0,10,1179.70,189175.1,,true,solver_status:optimal
CV_h5s3n37.txt,IPLCT,3,5,9,9,1200.0,0,0.0,9,100.0,10,1130.50,725592.2,,true,solver_status:optimal
CV_h5s3n38.txt,IPLCT,3,5,9,9,1200.0,0,0.0,9,100.0,10,1199.04,559932.3,,true,solver_status:optimal
CV_h5s3n39.txt,IPLCT,3,5,9,9,1200.0,9,100.0,9,100.0,1,109.17,2694.3,,true,solver_status:optimal
CV_h5s3n4.txt,IPLCT,3,5,9,9,1200.0,1,11.1,9,100.0,10,1061.33,37894.9,,true,solver_status:optimal
CV_h5s3n40.txt,IPLCT,3,5,9,9,1200.0,1,11.1,9,100.0,10,1148.35,718664.3,,true,solver_status:optimal
CV_h5s3n5.txt,IPLCT,3,5,9,9,1200.0,4,44.4,9,100.0,5,571.22,3336.6,,true,solver_status:optimal
CV_h5s3n6.txt,IPLCT,3,5,9,9,1200.0,0,0.0,9,100.0,10,1157.41,151429.7,,true,solver_status:optimal
CV_h5s3n7.txt,IPLCT,3,5,9,9,1200.0,0,0.0,9,100.0,9,1041.82,30321.3,,true,solver_status:optimal
CV_h5s3n8.txt,IPLCT,3,5,9,9,1200.0,1,11.1,9,100.0,7,725.81,16873.3,,true,solver_status:optimal
CV_h5s3n9.txt,IPLCT,3,5,9,9,1200.0,0,0.0,9,100.0,10,1170.75,604222.2,,true,solver_status:optimal
CV_h5s4n1.txt,IPLCT,4,5,12,12,1200.0,2,16.7,8,66.7,11,1197.27,3597443.3,,false,solver_status:not_proved_optimal
CV_h5s4n10.txt,IPLCT,4,5,12,12,1200.0,0,0.0,4,33.3,10,1123.43,3595395.0,,false,solver_status:not_proved_optimal
CV_h5s4n11.txt,IPLCT,4,5,12,12,1200.0,1,8.3,12,100.0,10,1170.50,1892564.3,,true,solver_status:optimal
CV_h5s4n12.txt,IPLCT,4,5,12,12,1200.0,1,8.3,12,100.0,10,1196.46,452139.7,,true,solver_status:optimal
CV_h5s4n13.txt,IPLCT,4,5,12,12,1200.0,1,8.3,12,100.0,6,660.83,10911.4,,true,solver_status:optimal
CV_h5s4n14.txt,IPLCT,4,5,12,12,1200.0,0,0.0,12,100.0,9,1070.73,776628.4,,true,solver_status:optimal
CV_h5s4n15.txt,IPLCT,4,5,12,12,1200.0,0,0.0,12,100.0,9,1136.99,1321398.5,,true,solver_status:optimal
CV_h5s4n16.txt,IPLCT,4,5,12,12,1200.0,0,0.0,4,33.3,10,1177.35,3595272.0,,false,solver_status:not_proved_optimal
CV_h5s4n17.txt,IPLCT,4,5,12,12,1200.0,0,0.0,12,100.0,10,1122.84,44186.0,,true,solver_status:optimal
CV_h5s4n18.txt,IPLCT,4,5,12,12,1200.0,0,0.0,12,100.0,10,1164.13,2352310.2,,true,solver_status:optimal
CV_h5s4n19.txt,IPLCT,4,5,12,12,1200.0,0,0.0,7,58.3,10,1152.43,3595417.1,,false,solver_status:not_proved_optimal
CV_h5s4n2.txt,IPLCT,4,5,12,12,1200.0,0,0.0,12,100.0,8,991.72,37528.8,,true,solver_status:optimal
CV_h5s4n20.txt,IPLCT,4,5,12,12,1200.0,0,0.0,12,100.0,8,945.01,158599.1,,true,solver_status:optimal
CV_h5s4n21.txt,IPLCT,4,5,12,12,1200.0,1,8.3,6,50.0,10,1168.75,3595466.5,,false,solver_status:not_proved_optimal
CV_h5s4n22.txt,IPLCT,4,5,12,12,1200.0,0,0.0,9,75.0,10,1162.67,3595352.7,,false,solver_status:not_proved_optimal
CV_h5s4n23.txt,IPLCT,4,5,12,12,1200.0,3,25.0,12,100.0,9,1091.19,73206.5,,true,solver_status:optimal
CV_h5s4n24.txt,IPLCT,4,5,12,12,1200.0,0,0.0,6,50.0,9,1098.58,3595429.2,,false,solver_status:not_proved_optimal
CV_h5s4n25.txt,IPLCT,4,5,12,12,1200.0,0,0.0,12,100.0,9,1118.37,3153908.4,,true,solver_status:optimal
CV_h5s4n26.txt,IPLCT,4,5,12,12,1200.0,1,8.3,12,100.0,10,1178.01,324916.0,,true,solver_status:optimal
CV_h5s4n27.txt,IPLCT,4,5,12,12,1200.0,4,33.3,12,100.0,10,1157.73,21003.5,,true,solver_status:optimal
CV_h5s4n28.txt,IPLCT,4,5,12,12,1200.0,0,0.0,12,100.0,10,1144.95,2558008.3,,true,solver_status:optimal
CV_h5s4n29.txt,IPLCT,4,5,12,12,1200.0,0,0.0,6,50.0,10,1196.24,3243845.5,,true,solver_status:optimal
CV_h5s4n3.txt,IPLCT,4,5,12,12,1200.0,1,8.3,7,58.3,9,1065.51,3595408.1,,false,solver_status:not_proved_optimal
CV_h5s4n30.txt,IPLCT,4,5,12,12,1200.0,0,0.0,7,58.3,9,1055.07,3595349.8,,false,solver_status:not_proved_optimal
CV_h5s4n31.txt,IPLCT,4,5,12,12,1200.0,0,0.0,12,100.0,10,1184.29,239372.4,,true,solver_status:optimal
CV_h5s4n32.txt,IPLCT,4,5,12,12,1200.0,0,0.0,12,100.0,10,1190.61,1067413.6,,true,solver_status:optimal
CV_h5s4n33.txt,IPLCT,4,5,12,12,1200.0,0,0.0,4,33.3,10,1120.92,3595424.1,,false,solver_status:not_proved_optimal
CV_h5s4n34.txt,IPLCT,4,5,12,12,1200.0,0,0.0,10,83.3,10,1120.97,3595398.8,,false,solver_status:not_proved_optimal
CV_h5s4n35.txt,IPLCT,4,5,12,12,1200.0,1,8.3,12,100.0,8,990.43,62587.5,,true,solver_status:optimal
CV_h5s4n36.txt,IPLCT,4,5,12,12,1200.0,0,0.0,12,100.0,10,1156.75,1002830.7,,true,solver_status:optimal
CV_h5s4n37.txt,IPLCT,4,5,12,12,1200.0,3,25.0,12,100.0,10,1144.19,1931561.9,,true,solver_status:optimal
CV_h5s4n38.txt,IPLCT,4,5,12,12,1200.0,2,16.7,12,100.0,7,800.25,315327.9,,true,solver_status:optimal
CV_h5s4n39.txt,IPLCT,4,5,12,12,1200.0,0,0.0,12,100.0,7,805.51,377271.4,,true,solver_status:optimal
CV_h5s4n4.txt,IPLCT,4,5,12,12,1200.0,0,0.0,12,100.0,8,974.62,21710.2,,true,solver_status:optimal
CV_h5s4n40.txt,IPLCT,4,5,12,12,1200.0,0,0.0,12,100.0,10,1127.84,1137837.2,,true,solver_status:optimal
CV_h5s4n5.txt,IPLCT,4,5,12,12,1200.0,1,8.3,12,100.0,10,1163.63,2622169.3,,true,solver_status:optimal
CV_h5s4n6.txt,IPLCT,4,5,12,12,1200.0,0,0.0,5,41.7,9,1054.65,3595453.4,,false,solver_status:not_proved_optimal
CV_h5s4n7.txt,IPLCT,4,5,12,12,1200.0,0,0.0,6,50.0,10,1188.34,3595380.6,,false,solver_status:not_proved_optimal
CV_h5s4n8.txt,IPLCT,4,5,12,12,1200.0,2,16.7,12,100.0,10,1135.71,2486472.1,,true,solver_status:optimal
CV_h5s4n9.txt,IPLCT,4,5,12,12,1200.0,0,0.0,12,100.0,10,1121.18,59602.5,,true,solver_status:optimal
CV_h5s5n1.txt,IPLCT,5,5,15,15,1200.0,1,6.7,11,73.3,10,1112.78,3595644.9,,false,solver_status:not_proved_optimal
CV_h5s5n10.txt,IPLCT,5,5,15,15,1200.0,3,20.0,13,86.7,8,908.65,3595647.2,,false,solver_status:not_proved_optimal
CV_h5s5n11.txt,IPLCT,5,5,15,15,1200.0,0,0.0,6,40.0,9,1098.28,3595576.4,,false,solver_status:not_proved_optimal
CV_h5s5n12.txt,IPLCT,5,5,15,15,1200.0,0,0.0,12,80.0,10,1160.45,3595453.7,,false,solver_status:not_proved_optimal
CV_h5s5n13.txt,IPLCT,5,5,15,15,1200.0,0,0.0,5,33.3,9,1053.42,3595524.4,,false,solver_status:not_proved_optimal
CV_h5s5n14.txt,IPLCT,5,5,15,15,1200.0,0,0.0,15,100.0,8,912.98,2349637.4,,true,solver_status:optimal
CV_h5s5n15.txt,IPLCT,5,5,15,15,1200.0,0,0.0,10,66.7,10,1176.09,3595627.8,,false,solver_status:not_proved_optimal
CV_h5s5n16.txt,IPLCT,5,5,15,15,1200.0,0,0.0,8,53.3,10,1191.34,3595425.2,,false,solver_status:not_proved_optimal
CV_h5s5n17.txt,IPLCT,5,5,15,15,1200.0,0,0.0,12,80.0,10,1112.77,3595493.9,,false,solver_status:not_proved_optimal
CV_h5s5n18.txt,IPLCT,5,5,15,15,1200.0,1,6.7,13,86.7,8,938.75,3595436.7,,false,solver_status:not_proved_optimal
CV_h5s5n19.txt,IPLCT,5,5,15,15,1200.0,1,6.7,8,53.3,9,1057.66,3595514.2,,false,solver_status:not_proved_optimal
CV_h5s5n2.txt,IPLCT,5,5,15,15,1200.0,0,0.0,7,46.7,10,1182.16,3595524.6,,false,solver_status:not_proved_optimal
CV_h5s5n20.txt,IPLCT,5,5,15,15,1200.0,0,0.0,10,66.7,10,1177.62,3595472.9,,false,solver_status:not_proved_optimal
CV_h5s5n21.txt,IPLCT,5,5,15,15,1200.0,0,0.0,15,100.0,10,1191.38,1113602.6,,true,solver_status:optimal
CV_h5s5n22.txt,IPLCT,5,5,15,15,1200.0,1,6.7,15,100.0,10,1177.46,1268032.7,,true,solver_status:optimal
CV_h5s5n23.txt,IPLCT,5,5,15,15,1200.0,1,6.7,9,60.0,10,1118.96,3595423.3,,false,solver_status:not_proved_optimal
CV_h5s5n24.txt,IPLCT,5,5,15,15,1200.0,0,0.0,9,60.0,10,1161.80,3595499.4,,false,solver_status:not_proved_optimal
CV_h5s5n25.txt,IPLCT,5,5,15,15,1200.0,2,13.3,15,100.0,9,1055.26,802145.8,,true,solver_status:optimal
CV_h5s5n26.txt,IPLCT,5,5,15,15,1200.0,0,0.0,7,46.7,10,1117.19,3595592.8,,false,solver_status:not_proved_optimal
CV_h5s5n27.txt,IPLCT,5,5,15,15,1200.0,0,0.0,11,73.3,9,1114.56,3595519.1,,false,solver_status:not_proved_optimal
CV_h5s5n28.txt,IPLCT,5,5,15,15,1200.0,0,0.0,9,60.0,8,901.08,3595441.1,,false,solver_status:not_proved_optimal
CV_h5s5n29.txt,IPLCT,5,5,15,15,1200.0,0,0.0,10,66.7,10,1180.55,3595473.8,,false,solver_status:not_proved_optimal
CV_h5s5n3.txt,IPLCT,5,5,15,15,1200.0,0,0.0,13,86.7,10,1185.12,3595468.9,,false,solver_status:not_proved_optimal
CV_h5s5n30.txt,IPLCT,5,5,15,15,1200.0,0,0.0,15,100.0,10,1107.25,92141.0,,true,solver_status:optimal
CV_h5s5n31.txt,IPLCT,5,5,15,15,1200.0,1,6.7,6,40.0,9,1060.38,3595515.3,,false,solver_status:not_proved_optimal
CV_h5s5n32.txt,IPLCT,5,5,15,15,1200.0,0,0.0,15,100.0,10,1178.86,361598.1,,true,solver_status:optimal
CV_h5s5n33.txt,IPLCT,5,5,15,15,1200.0,1,6.7,11,73.3,10,1159.69,3595419.9,,false,solver_status:not_proved_optimal
CV_h5s5n34.txt,IPLCT,5,5,15,15,1200.0,0,0.0,15,100.0,9,1114.21,895392.5,,true,solver_status:optimal
CV_h5s5n35.txt,IPLCT,5,5,15,15,1200.0,1,6.7,15,100.0,10,1194.83,2923880.1,,true,solver_status:optimal
CV_h5s5n36.txt,IPLCT,5,5,15,15,1200.0,1,6.7,11,73.3,10,1111.66,3595497.6,,false,solver_status:not_proved_optimal
CV_h5s5n37.txt,IPLCT,5,5,15,15,1200.0,0,0.0,4,26.7,10,1196.70,3595682.4,,false,solver_status:not_proved_optimal
CV_h5s5n38.txt,IPLCT,5,5,15,15,1200.0,0,0.0,15,100.0,7,764.66,86196.1,,true,solver_status:optimal
CV_h5s5n39.txt,IPLCT,5,5,15,15,1200.0,0,0.0,15,100.0,8,936.66,387429.8,,true,solver_status:optimal
CV_h5s5n4.txt,IPLCT,5,5,15,15,1200.0,0,0.0,15,100.0,9,1013.71,60965.3,,true,solver_status:optimal
CV_h5s5n40.txt,IPLCT,5,5,15,15,1200.0,2,13.3,15,100.0,9,1097.19,246250.5,,true,solver_status:optimal
CV_h5s5n5.txt,IPLCT,5,5,15,15,1200.0,0,0.0,5,33.3,9,1092.85,3595603.2,,false,solver_status:not_proved_optimal
CV_h5s5n6.txt,IPLCT,5,5,15,15,1200.0,0,0.0,7,46.7,9,1077.86,3595671.2,,false,solver_status:not_proved_optimal
CV_h5s5n7.txt,IPLCT,5,5,15,15,1200.0,0,0.0,15,100.0,7,838.60,31623.5,,true,solver_status:optimal
CV_h5s5n8.txt,IPLCT,5,5,15,15,1200.0,0,0.0,8,53.3,10,1190.21,3595474.0,,false,solver_status:not_proved_optimal
CV_h5s5n9.txt,IPLCT,5,5,15,15,1200.0,0,0.0,8,53.3,10,1124.91,3595651.0,,false,solver_status:not_proved_optimal
CV_h5s6n1.txt,IPLCT,6,5,18,18,1200.0,0,0.0,6,33.3,10,1186.45,3595825.0,,false,solver_status:not_proved_optimal
CV_h5s6n10.txt,IPLCT,6,5,18,18,1200.0,1,5.6,13,72.2,10,1193.39,3595776.3,,false,solver_status:not_proved_optimal
CV_h5s6n11.txt,IPLCT,6,5,18,18,1200.0,3,16.7,18,100.0,6,734.44,75983.7,,true,solver_status:optimal
CV_h5s6n12.txt,IPLCT,6,5,18,18,1200.0,0,0.0,6,33.3,9,1048.68,3595545.8,,false,solver_status:not_proved_optimal
CV_h5s6n13.txt,IPLCT,6,5,18,18,1200.0,0,0.0,12,66.7,9,1018.75,3595807.0,,false,solver_status:not_proved_optimal
CV_h5s6n14.txt,IPLCT,6,5,18,18,1200.0,0,0.0,12,66.7,11,1198.03,3595822.7,,false,solver_status:not_proved_optimal
CV_h5s6n15.txt,IPLCT,6,5,18,18,1200.0,0,0.0,6,33.3,10,1120.00,3595791.3,,false,solver_status:not_proved_optimal
CV_h5s6n16.txt,IPLCT,6,5,18,18,1200.0,0,0.0,9,50.0,9,1064.30,3595635.1,,false,solver_status:not_proved_optimal
CV_h5s6n17.txt,IPLCT,6,5,18,18,1200.0,0,0.0,8,44.4,9,1131.12,3595882.6,,false,solver_status:not_proved_optimal
CV_h5s6n18.txt,IPLCT,6,5,18,18,1200.0,2,11.1,16,88.9,9,1028.30,3595848.1,,false,solver_status:not_proved_optimal
CV_h5s6n19.txt,IPLCT,6,5,18,18,1200.0,0,0.0,7,38.9,10,1194.26,3595868.2,,false,solver_status:not_proved_optimal
CV_h5s6n2.txt,IPLCT,6,5,18,18,1200.0,0,0.0,15,83.3,10,1189.53,3595729.4,,false,solver_status:not_proved_optimal
CV_h5s6n20.txt,IPLCT,6,5,18,18,1200.0,0,0.0,10,55.6,9,994.18,3595771.5,,false,solver_status:not_proved_optimal
CV_h5s6n21.txt,IPLCT,6,5,18,18,1200.0,1,5.6,9,50.0,10,1186.39,3595831.4,,false,solver_status:not_proved_optimal
CV_h5s6n22.txt,IPLCT,6,5,18,18,1200.0,0,0.0,4,22.2,9,1119.41,3595691.7,,false,solver_status:not_proved_optimal
CV_h5s6n23.txt,IPLCT,6,5,18,18,1200.0,0,0.0,7,38.9,9,1076.62,3595742.6,,false,solver_status:not_proved_optimal
CV_h5s6n24.txt,IPLCT,6,5,18,18,1200.0,0,0.0,6,33.3,10,1175.03,3595585.7,,false,solver_status:not_proved_optimal
CV_h5s6n25.txt,IPLCT,6,5,18,18,1200.0,1,5.6,18,100.0,10,1199.70,2960644.2,,true,solver_status:optimal
CV_h5s6n26.txt,IPLCT,6,5,18,18,1200.0,0,0.0,5,27.8,9,1098.30,3595661.0,,false,solver_status:not_proved_optimal
CV_h5s6n27.txt,IPLCT,6,5,18,18,1200.0,1,5.6,9,50.0,9,1102.56,3595623.9,,false,solver_status:not_proved_optimal
CV_h5s6n28.txt,IPLCT,6,5,18,18,1200.0,2,11.1,18,100.0,10,1195.93,939290.2,,true,solver_status:optimal
CV_h5s6n29.txt,IPLCT,6,5,18,18,1200.0,0,0.0,7,38.9,9,1123.95,3595607.5,,false,solver_status:not_proved_optimal
CV_h5s6n3.txt,IPLCT,6,5,18,18,1200.0,0,0.0,6,33.3,10,1131.21,3595585.1,,false,solver_status:not_proved_optimal
CV_h5s6n30.txt,IPLCT,6,5,18,18,1200.0,4,22.2,9,50.0,10,1115.11,3595764.2,,false,solver_status:not_proved_optimal
CV_h5s6n31.txt,IPLCT,6,5,18,18,1200.0,0,0.0,8,44.4,8,987.76,3595819.6,,false,solver_status:not_proved_optimal
CV_h5s6n32.txt,IPLCT,6,5,18,18,1200.0,0,0.0,15,83.3,10,1165.79,3595690.6,,false,solver_status:not_proved_optimal
CV_h5s6n33.txt,IPLCT,6,5,18,18,1200.0,1,5.6,13,72.2,10,1184.52,3595681.5,,false,solver_status:not_proved_optimal
CV_h5s6n34.txt,IPLCT,6,5,18,18,1200.0,0,0.0,14,77.8,9,1015.43,3595694.1,,false,solver_status:not_proved_optimal
CV_h5s6n35.txt,IPLCT,6,5,18,18,1200.0,1,5.6,18,100.0,7,898.43,108792.5,,true,solver_status:optimal
CV_h5s6n36.txt,IPLCT,6,5,18,18,1200.0,2,11.1,9,50.0,9,1047.81,3595625.9,,false,solver_status:not_proved_optimal
CV_h5s6n37.txt,IPLCT,6,5,18,18,1200.0,0,0.0,5,27.8,7,840.46,3595683.6,,false,solver_status:not_proved_optimal
CV_h5s6n38.txt,IPLCT,6,5,18,18,1200.0,0,0.0,12,66.7,10,1142.72,3595609.9,,false,solver_status:not_proved_optimal
CV_h5s6n39.txt,IPLCT,6,5,18,18,1200.0,0,0.0,10,55.6,10,1130.82,3595712.8,,false,solver_status:not_proved_optimal
CV_h5s6n4.txt,IPLCT,6,5,18,18,1200.0,0,0.0,9,50.0,10,1186.72,3595626.1,,false,solver_status:not_proved_optimal
CV_h5s6n40.txt,IPLCT,6,5,18,18,1200.0,1,5.6,9,50.0,9,1100.08,3595941.1,,false,solver_status:not_proved_optimal
CV_h5s6n5.txt,IPLCT,6,5,18,18,1200.0,0,0.0,18,100.0,10,1149.68,65739.1,,true,solver_status:optimal
CV_h5s6n6.txt,IPLCT,6,5,18,18,1200.0,0,0.0,7,38.9,9,1113.91,3595725.5,,false,solver_status:not_proved_optimal
CV_h5s6n7.txt,IPLCT,6,5,18,18,1200.0,0,0.0,7,38.9,8,926.19,3595734.8,,false,solver_status:not_proved_optimal
CV_h5s6n8.txt,IPLCT,6,5,18,18,1200.0,1,5.6,6,33.3,9,1094.79,3595856.3,,false,solver_status:not_proved_optimal
CV_h5s6n9.txt,IPLCT,6,5,18,18,1200.0,0,0.0,8,44.4,9,1114.00,3595760.9,,false,solver_status:not_proved_optimal
CV_h5s7n1.txt,IPLCT,7,5,21,21,1200.0,0,0.0,17,81.0,10,1153.67,3596084.9,,false,solver_status:not_proved_optimal
CV_h5s7n10.txt,IPLCT,7,5,21,21,1200.0,0,0.0,16,76.2,10,1105.60,3596061.4,,false,solver_status:not_proved_optimal
CV_h5s7n11.txt,IPLCT,7,5,21,21,1200.0,0,0.0,9,42.9,9,1049.73,3595985.0,,false,solver_status:not_proved_optimal
CV_h5s7n12.txt,IPLCT,7,5,21,21,1200.0,1,4.8,13,61.9,9,1140.27,3596136.0,,false,solver_status:not_proved_optimal
CV_h5s7n13.txt,IPLCT,7,5,21,21,1200.0,0,0.0,13,61.9,10,1189.44,3596223.6,,false,solver_status:not_proved_optimal
CV_h5s7n14.txt,IPLCT,7,5,21,21,1200.0,0,0.0,16,76.2,8,943.51,3595961.6,,false,solver_status:not_proved_optimal
CV_h5s7n15.txt,IPLCT,7,5,21,21,1200.0,0,0.0,14,66.7,9,1002.44,3596056.2,,false,solver_status:not_proved_optimal
CV_h5s7n16.txt,IPLCT,7,5,21,21,1200.0,3,14.3,7,33.3,9,1068.74,3596138.8,,false,solver_status:not_proved_optimal
CV_h5s7n17.txt,IPLCT,7,5,21,21,1200.0,1,4.8,11,52.4,9,1039.29,3596047.0,,false,solver_status:not_proved_optimal
CV_h5s7n18.txt,IPLCT,7,5,21,21,1200.0,5,23.8,12,57.1,10,1188.31,3595829.4,,false,solver_status:not_proved_optimal
CV_h5s7n19.txt,IPLCT,7,5,21,21,1200.0,0,0.0,7,33.3,8,991.48,3595958.9,,false,solver_status:not_proved_optimal
CV_h5s7n2.txt,IPLCT,7,5,21,21,1200.0,0,0.0,15,71.4,10,1124.33,3595974.9,,false,solver_status:not_proved_optimal
CV_h5s7n20.txt,IPLCT,7,5,21,21,1200.0,0,0.0,15,71.4,8,896.05,3596150.2,,false,solver_status:not_proved_optimal
CV_h5s7n21.txt,IPLCT,7,5,21,21,1200.0,0,0.0,12,57.1,10,1178.81,3595953.7,,false,solver_status:not_proved_optimal
CV_h5s7n22.txt,IPLCT,7,5,21,21,1200.0,0,0.0,7,33.3,9,1087.65,3596101.3,,false,solver_status:not_proved_optimal
CV_h5s7n23.txt,IPLCT,7,5,21,21,1200.0,0,0.0,11,52.4,10,1168.19,3595930.0,,false,solver_status:not_proved_optimal
CV_h5s7n24.txt,IPLCT,7,5,21,21,1200.0,1,4.8,21,100.0,8,1024.29,217148.0,,true,solver_status:optimal
CV_h5s7n25.txt,IPLCT,7,5,21,21,1200.0,1,4.8,15,71.4,10,1166.34,3595933.5,,false,solver_status:not_proved_optimal
CV_h5s7n26.txt,IPLCT,7,5,21,21,1200.0,0,0.0,8,38.1,10,1105.37,3595949.3,,false,solver_status:not_proved_optimal
CV_h5s7n27.txt,IPLCT,7,5,21,21,1200.0,0,0.0,7,33.3,9,1111.87,3595828.4,,false,solver_status:not_proved_optimal
CV_h5s7n28.txt,IPLCT,7,5,21,21,1200.0,2,9.5,13,61.9,10,1169.93,3595849.6,,false,solver_status:not_proved_optimal
CV_h5s7n29.txt,IPLCT,7,5,21,21,1200.0,1,4.8,6,28.6,10,1167.05,3596028.8,,false,solver_status:not_proved_optimal
CV_h5s7n3.txt,IPLCT,7,5,21,21,1200.0,3,14.3,9,42.9,10,1164.28,3596142.6,,false,solver_status:not_proved_optimal
CV_h5s7n30.txt,IPLCT,7,5,21,21,1200.0,2,9.5,10,47.6,10,1189.69,3595917.2,,false,solver_status:not_proved_optimal
CV_h5s7n31.txt,IPLCT,7,5,21,21,1200.0,0,0.0,9,42.9,9,1113.10,3596042.5,,false,solver_status:not_proved_optimal
CV_h5s7n32.txt,IPLCT,7,5,21,21,1200.0,1,4.8,9,42.9,10,1148.75,3595960.6,,false,solver_status:not_proved_optimal
CV_h5s7n33.txt,IPLCT,7,5,21,21,1200.0,0,0.0,10,47.6,10,1191.60,3595956.3,,false,solver_status:not_proved_optimal
CV_h5s7n34.txt,IPLCT,7,5,21,21,1200.0,0,0.0,15,71.4,10,1134.39,3595962.8,,false,solver_status:not_proved_optimal
CV_h5s7n35.txt,IPLCT,7,5,21,21,1200.0,0,0.0,8,38.1,10,1179.12,3595861.2,,false,solver_status:not_proved_optimal
CV_h5s7n36.txt,IPLCT,7,5,21,21,1200.0,0,0.0,18,85.7,9,1124.05,3595908.5,,false,solver_status:not_proved_optimal
CV_h5s7n37.txt,IPLCT,7,5,21,21,1200.0,0,0.0,15,71.4,8,925.85,3595953.9,,false,solver_status:not_proved_optimal
CV_h5s7n38.txt,IPLCT,7,5,21,21,1200.0,1,4.8,7,33.3,10,1188.30,3596081.3,,false,solver_status:not_proved_optimal
CV_h5s7n39.txt,IPLCT,7,5,21,21,1200.0,0,0.0,13,61.9,10,1171.03,3595969.6,,false,solver_status:not_proved_optimal
CV_h5s7n4.txt,IPLCT,7,5,21,21,1200.0,0,0.0,13,61.9,10,1191.76,3595961.9,,false,solver_status:not_proved_optimal
CV_h5s7n40.txt,IPLCT,7,5,21,21,1200.0,0,0.0,10,47.6,10,1194.05,3596002.2,,false,solver_status:not_proved_optimal
CV_h5s7n5.txt,IPLCT,7,5,21,21,1200.0,0,0.0,5,23.8,8,940.79,3596246.5,,false,solver_status:not_proved_optimal
CV_h5s7n6.txt,IPLCT,7,5,21,21,1200.0,1,4.8,12,57.1,9,1053.29,3596166.6,,false,solver_status:not_proved_optimal
CV_h5s7n7.txt,IPLCT,7,5,21,21,1200.0,0,0.0,7,33.3,8,1008.36,3595989.1,,false,solver_status:not_proved_optimal
CV_h5s7n8.txt,IPLCT,7,5,21,21,1200.0,0,0.0,10,47.6,5,572.40,3596266.4,,false,solver_status:not_proved_optimal
CV_h5s7n9.txt,IPLCT,7,5,21,21,1200.0,0,0.0,7,33.3,9,1114.58,3596144.8,,false,solver_status:not_proved_optimal
CV_h5s8n1.txt,IPLCT,8,5,24,24,1200.0,0,0.0,11,45.8,9,1103.52,3596608.6,,false,solver_status:not_proved_optimal
CV_h5s8n10.txt,IPLCT,8,5,24,24,1200.0,0,0.0,8,33.3,9,1139.82,3596254.7,,false,solver_status:not_proved_optimal
CV_h5s8n11.txt,IPLCT,8,5,24,24,1200.0,1,4.2,13,54.2,10,1163.03,3596461.1,,false,solver_status:not_proved_optimal
CV_h5s8n12.txt,IPLCT,8,5,24,24,1200.0,0,0.0,8,33.3,10,1199.28,3596256.0,,false,solver_status:not_proved_optimal
CV_h5s8n13.txt,IPLCT,8,5,24,24,1200.0,0,0.0,10,41.7,7,914.28,3596375.4,,false,solver_status:not_proved_optimal
CV_h5s8n14.txt,IPLCT,8,5,24,24,1200.0,0,0.0,8,33.3,9,1105.78,3596223.2,,false,solver_status:not_proved_optimal
CV_h5s8n15.txt,IPLCT,8,5,24,24,1200.0,0,0.0,17,70.8,9,1072.31,3596243.1,,false,solver_status:not_proved_optimal
CV_h5s8n16.txt,IPLCT,8,5,24,24,1200.0,1,4.2,16,66.7,10,1181.54,3596184.7,,false,solver_status:not_proved_optimal
CV_h5s8n17.txt,IPLCT,8,5,24,24,1200.0,1,4.2,15,62.5,10,1176.79,3596360.5,,false,solver_status:not_proved_optimal
CV_h5s8n18.txt,IPLCT,8,5,24,24,1200.0,0,0.0,13,54.2,9,1129.00,3596246.9,,false,solver_status:not_proved_optimal
CV_h5s8n19.txt,IPLCT,8,5,24,24,1200.0,0,0.0,11,45.8,9,1089.43,3596304.8,,false,solver_status:not_proved_optimal
CV_h5s8n2.txt,IPLCT,8,5,24,24,1200.0,0,0.0,9,37.5,10,1058.62,3596164.4,,false,solver_status:not_proved_optimal
CV_h5s8n20.txt,IPLCT,8,5,24,24,1200.0,0,0.0,8,33.3,8,904.25,3596640.0,,false,solver_status:not_proved_optimal
CV_h5s8n21.txt,IPLCT,8,5,24,24,1200.0,0,0.0,14,58.3,9,1073.91,3596557.0,,false,solver_status:not_proved_optimal
CV_h5s8n22.txt,IPLCT,8,5,24,24,1200.0,0,0.0,13,54.2,9,1187.16,3596282.4,,false,solver_status:not_proved_optimal
CV_h5s8n23.txt,IPLCT,8,5,24,24,1200.0,0,0.0,16,66.7,10,1194.27,3596514.0,,false,solver_status:not_proved_optimal
CV_h5s8n24.txt,IPLCT,8,5,24,24,1200.0,0,0.0,16,66.7,8,1008.78,3596327.0,,false,solver_status:not_proved_optimal
CV_h5s8n25.txt,IPLCT,8,5,24,24,1200.0,1,4.2,16,66.7,9,1141.13,3596623.6,,false,solver_status:not_proved_optimal
CV_h5s8n26.txt,IPLCT,8,5,24,24,1200.0,0,0.0,6,25.0,10,1150.90,3596122.0,,false,solver_status:not_proved_optimal
CV_h5s8n27.txt,IPLCT,8,5,24,24,1200.0,0,0.0,18,75.0,9,1085.18,3596198.0,,false,solver_status:not_proved_optimal
CV_h5s8n28.txt,IPLCT,8,5,24,24,1200.0,0,0.0,12,50.0,10,1129.06,3596133.6,,false,solver_status:not_proved_optimal
CV_h5s8n29.txt,IPLCT,8,5,24,24,1200.0,0,0.0,7,29.2,10,1169.69,3596714.5,,false,solver_status:not_proved_optimal
CV_h5s8n3.txt,IPLCT,8,5,24,24,1200.0,0,0.0,11,45.8,10,1170.44,3596235.2,,false,solver_status:not_proved_optimal
CV_h5s8n30.txt,IPLCT,8,5,24,24,1200.0,0,0.0,13,54.2,10,1188.14,3596110.3,,false,solver_status:not_proved_optimal
CV_h5s8n31.txt,IPLCT,8,5,24,24,1200.0,0,0.0,6,25.0,9,1132.73,3596099.8,,false,solver_status:not_proved_optimal
CV_h5s8n32.txt,IPLCT,8,5,24,24,1200.0,0,0.0,4,16.7,7,789.92,3596167.8,,false,solver_status:not_proved_optimal
CV_h5s8n33.txt,IPLCT,8,5,24,24,1200.0,0,0.0,6,25.0,7,833.34,3596649.5,,false,solver_status:not_proved_optimal
CV_h5s8n34.txt,IPLCT,8,5,24,24,1200.0,0,0.0,5,20.8,9,1099.68,3596627.5,,false,solver_status:not_proved_optimal
CV_h5s8n35.txt,IPLCT,8,5,24,24,1200.0,0,0.0,7,29.2,8,975.85,3596127.1,,false,solver_status:not_proved_optimal
CV_h5s8n36.txt,IPLCT,8,5,24,24,1200.0,0,0.0,6,25.0,10,1189.47,3596368.1,,false,solver_status:not_proved_optimal
CV_h5s8n37.txt,IPLCT,8,5,24,24,1200.0,0,0.0,16,66.7,10,1191.76,3596348.4,,false,solver_status:not_proved_optimal
CV_h5s8n38.txt,IPLCT,8,5,24,24,1200.0,0,0.0,9,37.5,10,1199.38,3596406.0,,false,solver_status:not_proved_optimal
CV_h5s8n39.txt,IPLCT,8,5,24,24,1200.0,0,0.0,16,66.7,9,1061.75,3596051.0,,false,solver_status:not_proved_optimal
CV_h5s8n4.txt,IPLCT,8,5,24,24,1200.0,1,4.2,9,37.5,10,1168.26,3596345.3,,false,solver_status:not_proved_optimal
CV_h5s8n40.txt,IPLCT,8,5,24,24,1200.0,1,4.2,11,45.8,9,1099.27,3596219.8,,false,solver_status:not_proved_optimal
CV_h5s8n5.txt,IPLCT,8,5,24,24,1200.0,0,0.0,8,33.3,10,1149.09,3596269.2,,false,solver_status:not_proved_optimal
CV_h5s8n6.txt,IPLCT,8,5,24,24,1200.0,0,0.0,8,33.3,10,1175.06,3596657.5,,false,solver_status:not_proved_optimal
CV_h5s8n7.txt,IPLCT,8,5,24,24,1200.0,0,0.0,6,25.0,8,883.25,3596500.3,,false,solver_status:not_proved_optimal
CV_h5s8n8.txt,IPLCT,8,5,24,24,1200.0,2,8.3,9,37.5,9,1128.91,3596420.4,,false,solver_status:not_proved_optimal
CV_h5s8n9.txt,IPLCT,8,5,24,24,1200.0,0,0.0,13,54.2,9,1114.69,3596175.6,,false,solver_status:not_proved_optimal
CV_h6s4n1.txt,IPLCT,4,6,16,16,1200.0,0,0.0,4,25.0,9,1035.97,3595461.4,,false,solver_status:not_proved_optimal
CV_h6s4n10.txt,IPLCT,4,6,16,16,1200.0,0,0.0,6,37.5,9,986.61,3595648.8,,false,solver_status:not_proved_optimal
CV_h6s4n11.txt,IPLCT,4,6,16,16,1200.0,0,0.0,3,18.8,6,689.83,3595607.6,,false,solver_status:not_proved_optimal
CV_h6s4n12.txt,IPLCT,4,6,16,16,1200.0,3,18.8,5,31.2,8,943.77,3595544.6,,false,solver_status:not_proved_optimal
CV_h6s4n13.txt,IPLCT,4,6,16,16,1200.0,0,0.0,6,37.5,9,1056.45,3395358.2,,true,solver_status:optimal
CV_h6s4n14.txt,IPLCT,4,6,16,16,1200.0,0,0.0,3,18.8,9,1031.65,3595430.9,,false,solver_status:not_proved_optimal
CV_h6s4n15.txt,IPLCT,4,6,16,16,1200.0,1,6.2,10,62.5,10,1142.17,3595384.0,,false,solver_status:not_proved_optimal
CV_h6s4n16.txt,IPLCT,4,6,16,16,1200.0,0,0.0,4,25.0,9,1158.98,3595539.5,,false,solver_status:not_proved_optimal
CV_h6s4n17.txt,IPLCT,4,6,16,16,1200.0,0,0.0,4,25.0,8,1006.25,3595399.6,,false,solver_status:not_proved_optimal
CV_h6s4n18.txt,IPLCT,4,6,16,16,1200.0,0,0.0,4,25.0,9,1172.71,2163423.4,,true,solver_status:optimal
CV_h6s4n19.txt,IPLCT,4,6,16,16,1200.0,0,0.0,6,37.5,10,1160.90,3595648.4,,false,solver_status:not_proved_optimal
CV_h6s4n2.txt,IPLCT,4,6,16,16,1200.0,0,0.0,9,56.2,9,1025.50,3595546.0,,false,solver_status:not_proved_optimal
CV_h6s4n20.txt,IPLCT,4,6,16,16,1200.0,0,0.0,7,43.8,10,1142.25,3029184.5,,true,solver_status:optimal
CV_h6s4n21.txt,IPLCT,4,6,16,16,1200.0,0,0.0,4,25.0,9,1125.56,3349943.9,,true,solver_status:optimal
CV_h6s4n22.txt,IPLCT,4,6,16,16,1200.0,0,0.0,5,31.2,9,1074.32,3595571.2,,false,solver_status:not_proved_optimal
CV_h6s4n23.txt,IPLCT,4,6,16,16,1200.0,0,0.0,7,43.8,10,1184.09,3595541.4,,false,solver_status:not_proved_optimal
CV_h6s4n24.txt,IPLCT,4,6,16,16,1200.0,0,0.0,6,37.5,8,895.73,3595757.8,,false,solver_status:not_proved_optimal
CV_h6s4n25.txt,IPLCT,4,6,16,16,1200.0,1,6.2,6,37.5,10,1139.27,3595817.9,,false,solver_status:not_proved_optimal
CV_h6s4n26.txt,IPLCT,4,6,16,16,1200.0,0,0.0,6,37.5,10,1198.78,2573089.5,,true,solver_status:optimal
CV_h6s4n27.txt,IPLCT,4,6,16,16,1200.0,0,0.0,5,31.2,6,716.78,2428139.7,,true,solver_status:optimal
CV_h6s4n28.txt,IPLCT,4,6,16,16,1200.0,0,0.0,4,25.0,9,1092.70,3595581.3,,false,solver_status:not_proved_optimal
CV_h6s4n29.txt,IPLCT,4,6,16,16,1200.0,0,0.0,6,37.5,7,775.66,3595622.7,,false,solver_status:not_proved_optimal
CV_h6s4n3.txt,IPLCT,4,6,16,16,1200.0,2,12.5,5,31.2,9,1017.59,3595441.7,,false,solver_status:not_proved_optimal
CV_h6s4n30.txt,IPLCT,4,6,16,16,1200.0,0,0.0,8,50.0,10,1142.40,3595579.4,,false,solver_status:not_proved_optimal
CV_h6s4n31.txt,IPLCT,4,6,16,16,1200.0,1,6.2,6,37.5,9,1124.50,3595468.9,,false,solver_status:not_proved_optimal
CV_h6s4n32.txt,IPLCT,4,6,16,16,1200.0,2,12.5,4,25.0,5,592.77,3595548.4,,false,solver_status:not_proved_optimal
CV_h6s4n33.txt,IPLCT,4,6,16,16,1200.0,0,0.0,5,31.2,8,1005.15,3595744.4,,false,solver_status:not_proved_optimal
CV_h6s4n34.txt,IPLCT,4,6,16,16,1200.0,1,6.2,4,25.0,9,1111.20,3595421.0,,false,solver_status:not_proved_optimal
CV_h6s4n35.txt,IPLCT,4,6,16,16,1200.0,0,0.0,4,25.0,9,1125.72,1962916.0,,true,solver_status:optimal
CV_h6s4n36.txt,IPLCT,4,6,16,16,1200.0,0,0.0,5,31.2,10,1142.18,3040638.4,,true,solver_status:optimal
CV_h6s4n37.txt,IPLCT,4,6,16,16,1200.0,1,6.2,10,62.5,10,1170.15,3595614.7,,false,solver_status:not_proved_optimal
CV_h6s4n38.txt,IPLCT,4,6,16,16,1200.0,0,0.0,3,18.8,7,815.27,3595616.8,,false,solver_status:not_proved_optimal
CV_h6s4n39.txt,IPLCT,4,6,16,16,1200.0,1,6.2,3,18.8,9,1132.51,3595579.1,,false,solver_status:not_proved_optimal
CV_h6s4n4.txt,IPLCT,4,6,16,16,1200.0,1,6.2,11,68.8,10,1190.87,3595413.5,,false,solver_status:not_proved_optimal
CV_h6s4n40.txt,IPLCT,4,6,16,16,1200.0,0,0.0,3,18.8,9,1118.37,3596073.5,,false,solver_status:not_proved_optimal
CV_h6s4n5.txt,IPLCT,4,6,16,16,1200.0,0,0.0,9,56.2,10,1146.08,3595403.7,,false,solver_status:not_proved_optimal
CV_h6s4n6.txt,IPLCT,4,6,16,16,1200.0,1,6.2,11,68.8,9,1010.35,3595810.7,,false,solver_status:not_proved_optimal
CV_h6s4n7.txt,IPLCT,4,6,16,16,1200.0,0,0.0,5,31.2,8,970.56,3150931.3,,true,solver_status:optimal
CV_h6s4n8.txt,IPLCT,4,6,16,16,1200.0,1,6.2,4,25.0,10,1174.07,3353594.5,,true,solver_status:optimal
CV_h6s4n9.txt,IPLCT,4,6,16,16,1200.0,0,0.0,16,100.0,10,1128.12,192452.7,,true,solver_status:optimal
CV_h6s5n1.txt,IPLCT,5,6,20,20,1200.0,0,0.0,5,25.0,9,1096.60,3595996.8,,false,solver_status:not_proved_optimal
CV_h6s5n10.txt,IPLCT,5,6,20,20,1200.0,0,0.0,6,30.0,9,1025.83,3595913.7,,false,solver_status:not_proved_optimal
CV_h6s5n11.txt,IPLCT,5,6,20,20,1200.0,1,5.0,10,50.0,8,898.52,3595796.9,,false,solver_status:not_proved_optimal
CV_h6s5n12.txt,IPLCT,5,6,20,20,1200.0,0,0.0,6,30.0,8,952.84,3595888.6,,false,solver_status:not_proved_optimal
CV_h6s5n13.txt,IPLCT,5,6,20,20,1200.0,1,5.0,9,45.0,9,1105.09,3595904.8,,false,solver_status:not_proved_optimal
CV_h6s5n14.txt,IPLCT,5,6,20,20,1200.0,0,0.0,5,25.0,9,1068.33,3595643.3,,false,solver_status:not_proved_optimal
CV_h6s5n15.txt,IPLCT,5,6,20,20,1200.0,0,0.0,5,25.0,8,985.75,3595587.0,,false,solver_status:not_proved_optimal
CV_h6s5n16.txt,IPLCT,5,6,20,20,1200.0,0,0.0,4,20.0,8,985.53,3595947.2,,false,solver_status:not_proved_optimal
CV_h6s5n17.txt,IPLCT,5,6,20,20,1200.0,1,5.0,4,20.0,9,1130.13,3595643.5,,false,solver_status:not_proved_optimal
CV_h6s5n18.txt,IPLCT,5,6,20,20,1200.0,0,0.0,5,25.0,9,1062.60,3595666.5,,false,solver_status:not_proved_optimal
CV_h6s5n19.txt,IPLCT,5,6,20,20,1200.0,0,0.0,5,25.0,8,951.09,3595734.9,,false,solver_status:not_proved_optimal
CV_h6s5n2.txt,IPLCT,5,6,20,20,1200.0,0,0.0,8,40.0,8,969.65,3351298.6,,true,solver_status:optimal
CV_h6s5n20.txt,IPLCT,5,6,20,20,1200.0,0,0.0,9,45.0,8,1067.20,3595790.8,,false,solver_status:not_proved_optimal
CV_h6s5n21.txt,IPLCT,5,6,20,20,1200.0,0,0.0,4,20.0,8,902.65,3595757.9,,false,solver_status:not_proved_optimal
CV_h6s5n22.txt,IPLCT,5,6,20,20,1200.0,0,0.0,5,25.0,6,739.72,3595903.9,,false,solver_status:not_proved_optimal
CV_h6s5n23.txt,IPLCT,5,6,20,20,1200.0,0,0.0,6,30.0,10,1187.18,3595830.3,,false,solver_status:not_proved_optimal
CV_h6s5n24.txt,IPLCT,5,6,20,20,1200.0,1,5.0,3,15.0,9,1113.80,3595592.2,,false,solver_status:not_proved_optimal
CV_h6s5n25.txt,IPLCT,5,6,20,20,1200.0,0,0.0,11,55.0,9,1147.41,3595730.3,,false,solver_status:not_proved_optimal
CV_h6s5n26.txt,IPLCT,5,6,20,20,1200.0,0,0.0,4,20.0,9,1101.82,3502064.0,,true,solver_status:optimal
CV_h6s5n27.txt,IPLCT,5,6,20,20,1200.0,0,0.0,11,55.0,10,1195.66,3595842.7,,false,solver_status:not_proved_optimal
CV_h6s5n28.txt,IPLCT,5,6,20,20,1200.0,0,0.0,9,45.0,10,1199.96,3596065.5,,false,solver_status:not_proved_optimal
CV_h6s5n29.txt,IPLCT,5,6,20,20,1200.0,0,0.0,7,35.0,10,1185.59,3557486.8,,true,solver_status:optimal
CV_h6s5n3.txt,IPLCT,5,6,20,20,1200.0,1,5.0,5,25.0,8,940.86,3595719.9,,false,solver_status:not_proved_optimal
CV_h6s5n30.txt,IPLCT,5,6,20,20,1200.0,0,0.0,4,20.0,9,1186.92,3528405.9,,true,solver_status:optimal
CV_h6s5n31.txt,IPLCT,5,6,20,20,1200.0,0,0.0,4,20.0,9,1145.88,3595605.6,,false,solver_status:not_proved_optimal
CV_h6s5n32.txt,IPLCT,5,6,20,20,1200.0,3,15.0,8,40.0,9,1132.89,3595740.8,,false,solver_status:not_proved_optimal
CV_h6s5n33.txt,IPLCT,5,6,20,20,1200.0,1,5.0,5,25.0,9,1056.74,3595688.9,,false,solver_status:not_proved_optimal
CV_h6s5n34.txt,IPLCT,5,6,20,20,1200.0,0,0.0,4,20.0,9,1195.73,3595807.9,,false,solver_status:not_proved_optimal
CV_h6s5n35.txt,IPLCT,5,6,20,20,1200.0,0,0.0,4,20.0,7,888.86,3595890.1,,false,solver_status:not_proved_optimal
CV_h6s5n36.txt,IPLCT,5,6,20,20,1200.0,0,0.0,6,30.0,10,1153.94,3595838.4,,false,solver_status:not_proved_optimal
CV_h6s5n37.txt,IPLCT,5,6,20,20,1200.0,0,0.0,3,15.0,9,1162.66,3596133.7,,false,solver_status:not_proved_optimal
CV_h6s5n38.txt,IPLCT,5,6,20,20,1200.0,1,5.0,7,35.0,9,1164.62,3595761.4,,false,solver_status:not_proved_optimal
CV_h6s5n39.txt,IPLCT,5,6,20,20,1200.0,0,0.0,7,35.0,9,1126.72,3595795.3,,false,solver_status:not_proved_optimal
CV_h6s5n4.txt,IPLCT,5,6,20,20,1200.0,0,0.0,9,45.0,10,1109.58,3595849.0,,false,solver_status:not_proved_optimal
CV_h6s5n40.txt,IPLCT,5,6,20,20,1200.0,1,5.0,4,20.0,8,1020.59,3595741.2,,false,solver_status:not_proved_optimal
CV_h6s5n5.txt,IPLCT,5,6,20,20,1200.0,0,0.0,4,20.0,9,1166.97,3595580.6,,false,solver_status:not_proved_optimal
CV_h6s5n6.txt,IPLCT,5,6,20,20,1200.0,0,0.0,4,20.0,10,1183.28,3595626.5,,false,solver_status:not_proved_optimal
CV_h6s5n7.txt,IPLCT,5,6,20,20,1200.0,0,0.0,9,45.0,10,1193.75,3595696.6,,false,solver_status:not_proved_optimal
CV_h6s5n8.txt,IPLCT,5,6,20,20,1200.0,0,0.0,5,25.0,6,762.97,3595758.1,,false,solver_status:not_proved_optimal
CV_h6s5n9.txt,IPLCT,5,6,20,20,1200.0,1,5.0,6,30.0,10,1178.91,3595703.8,,false,solver_status:not_proved_optimal
ZJY_h4s6n1.txt,IPLCT,6,4,17,10,600.0,1,5.9,7,41.2,4,386.50,759459.6,,true,solver_status:optimal
ZJY_h4s6n10.txt,IPLCT,6,4,17,10,600.0,0,0.0,8,47.1,6,598.41,82711.9,,true,solver_status:optimal
ZJY_h4s6n11.txt,IPLCT,6,4,17,9,600.0,0,0.0,4,23.5,4,391.49,143638.6,,true,solver_status:optimal
ZJY_h4s6n12.txt,IPLCT,6,4,17,10,600.0,1,5.9,10,58.8,5,511.04,72558.9,,true,solver_status:optimal
ZJY_h4s6n13.txt,IPLCT,6,4,17,10,600.0,0,0.0,7,41.2,5,538.80,49021.6,,true,solver_status:optimal
ZJY_h4s6n14.txt,IPLCT,6,4,17,10,600.0,1,5.9,4,23.5,4,396.75,43403.0,,true,solver_status:optimal
ZJY_h4s6n15.txt,IPLCT,6,4,17,10,600.0,1,5.9,7,41.2,4,394.18,22786.8,,true,solver_status:optimal
ZJY_h4s6n16.txt,IPLCT,6,4,17,10,600.0,1,5.9,8,47.1,6,588.53,60134.4,,true,solver_status:optimal
ZJY_h4s6n17.txt,IPLCT,6,4,17,10,600.0,1,5.9,11,64.7,6,593.73,38950.1,,true,solver_status:optimal
ZJY_h4s6n18.txt,IPLCT,6,4,17,10,600.0,1,5.9,7,41.2,6,597.75,74072.7,,true,solver_status:optimal
ZJY_h4s6n19.txt,IPLCT,6,4,17,10,600.0,1,5.9,6,35.3,4,400.76,46720.6,,true,solver_status:optimal
ZJY_h4s6n2.txt,IPLCT,6,4,17,10,600.0,3,17.6,8,47.1,5,556.10,80994.2,,true,solver_status:optimal
ZJY_h4s6n20.txt,IPLCT,6,4,17,10,600.0,1,5.9,8,47.1,4,415.88,33953.1,,true,solver_status:optimal
ZJY_h4s6n3.txt,IPLCT,6,4,17,10,600.0,1,5.9,5,29.4,4,407.53,28595.0,,true,solver_status:optimal
ZJY_h4s6n4.txt,IPLCT,6,4,17,10,600.0,0,0.0,2,11.8,4,404.08,31296.4,,true,solver_status:optimal
ZJY_h4s6n5.txt,IPLCT,6,4,17,10,600.0,1,5.9,11,64.7,6,596.19,49878.8,,true,solver_status:optimal
ZJY_h4s6n6.txt,IPLCT,6,4,17,10,600.0,3,17.6,10,58.8,6,593.13,53982.0,,true,solver_status:optimal
ZJY_h4s6n7.txt,IPLCT,6,4,17,10,600.0,2,11.8,4,23.5,5,505.95,21620.8,,true,solver_status:optimal
ZJY_h4s6n8.txt,IPLCT,6,4,17,10,600.0,0,0.0,2,11.8,4,406.20,16928.1,,true,solver_status:optimal
ZJY_h4s6n9.txt,IPLCT,6,4,17,10,600.0,1,5.9,10,58.8,6,592.74,146892.5,,true,solver_status:optimal
ZJY_h4s7n1.txt,IPLCT,7,4,20,10,600.0,1,5.0,9,45.0,6,598.71,35467.3,,true,solver_status:optimal
ZJY_h4s7n10.txt,IPLCT,7,4,20,9,600.0,1,5.0,4,20.0,5,522.11,39656.1,,true,solver_status:optimal
ZJY_h4s7n11.txt,IPLCT,7,4,20,10,600.0,1,5.0,7,35.0,6,598.09,45020.8,,true,solver_status:optimal
ZJY_h4s7n12.txt,IPLCT,7,4,20,10,600.0,0,0.0,7,35.0,5,498.12,188003.8,,true,solver_status:optimal
ZJY_h4s7n13.txt,IPLCT,7,4,20,10,600.0,1,5.0,5,25.0,4,418.13,38412.5,,true,solver_status:optimal
ZJY_h4s7n14.txt,IPLCT,7,4,20,10,600.0,0,0.0,7,35.0,5,508.98,40376.4,,true,solver_status:optimal
ZJY_h4s7n15.txt,IPLCT,7,4,20,9,600.0,1,5.0,5,25.0,6,583.73,28799.5,,true,solver_status:optimal
ZJY_h4s7n16.txt,IPLCT,7,4,20,10,600.0,1,5.0,5,25.0,3,306.82,148259.1,,true,solver_status:optimal
ZJY_h4s7n17.txt,IPLCT,7,4,20,10,600.0,1,5.0,8,40.0,6,597.65,94355.5,,true,solver_status:optimal
ZJY_h4s7n18.txt,IPLCT,7,4,20,10,600.0,0,0.0,11,55.0,5,520.12,51895.4,,true,solver_status:optimal
ZJY_h4s7n19.txt,IPLCT,7,4,20,10,600.0,0,0.0,5,25.0,4,392.87,141650.0,,true,solver_status:optimal
ZJY_h4s7n2.txt,IPLCT,7,4,20,10,600.0,1,5.0,12,60.0,5,529.44,32193.2,,true,solver_status:optimal
ZJY_h4s7n20.txt,IPLCT,7,4,20,10,600.0,0,0.0,5,25.0,5,489.64,69154.0,,true,solver_status:optimal
ZJY_h4s7n3.txt,IPLCT,7,4,20,10,600.0,2,10.0,8,40.0,5,516.46,11762.3,,true,solver_status:optimal
ZJY_h4s7n4.txt,IPLCT,7,4,20,10,600.0,1,5.0,6,30.0,6,593.04,23840.1,,true,solver_status:optimal
ZJY_h4s7n5.txt,IPLCT,7,4,20,9,600.0,3,15.0,9,45.0,6,594.20,37184.2,,true,solver_status:optimal
ZJY_h4s7n6.txt,IPLCT,7,4,20,10,600.0,3,15.0,7,35.0,5,524.08,159464.9,,true,solver_status:optimal
ZJY_h4s7n7.txt,IPLCT,7,4,20,10,600.0,0,0.0,5,25.0,4,398.71,21093.2,,true,solver_status:optimal
ZJY_h4s7n8.txt,IPLCT,7,4,20,10,600.0,0,0.0,4,20.0,5,495.90,20862.8,,true,solver_status:optimal
ZJY_h4s7n9.txt,IPLCT,7,4,20,10,600.0,0,0.0,7,35.0,6,595.10,84725.7,,true,solver_status:optimal
ZJY_h4s8n1.txt,IPLCT,8,4,22,10,600.0,9,40.9,22,100.0,4,420.02,2590.4,,true,solver_status:optimal
ZJY_h4s8n10.txt,IPLCT,8,4,22,10,600.0,0,0.0,9,40.9,4,429.63,374198.9,,true,solver_status:optimal
ZJY_h4s8n11.txt,IPLCT,8,4,22,10,600.0,2,9.1,5,22.7,5,526.10,41428.3,,true,solver_status:optimal
ZJY_h4s8n12.txt,IPLCT,8,4,22,10,600.0,0,0.0,13,59.1,6,596.82,80481.1,,true,solver_status:optimal
ZJY_h4s8n13.txt,IPLCT,8,4,22,10,600.0,1,4.5,7,31.8,5,521.66,83279.5,,true,solver_status:optimal
ZJY_h4s8n14.txt,IPLCT,8,4,22,10,600.0,0,0.0,22,100.0,5,519.99,10943.1,,true,solver_status:optimal
ZJY_h4s8n15.txt,IPLCT,8,4,22,10,600.0,1,4.5,7,31.8,5,522.10,251453.6,,true,solver_status:optimal
ZJY_h4s8n16.txt,IPLCT,8,4,22,10,600.0,0,0.0,6,27.3,4,396.05,56057.5,,true,solver_status:optimal
ZJY_h4s8n17.txt,IPLCT,8,4,22,10,600.0,2,9.1,7,31.8,4,411.48,60427.1,,true,solver_status:optimal
ZJY_h4s8n18.txt,IPLCT,8,4,22,10,600.0,2,9.1,5,22.7,5,522.58,115961.9,,true,solver_status:optimal
ZJY_h4s8n19.txt,IPLCT,8,4,22,10,600.0,0,0.0,11,50.0,5,516.86,85365.5,,true,solver_status:optimal
ZJY_h4s8n2.txt,IPLCT,8,4,22,10,600.0,1,4.5,9,40.9,6,599.29,13867.6,,true,solver_status:optimal
ZJY_h4s8n20.txt,IPLCT,8,4,22,10,600.0,0,0.0,4,18.2,5,519.68,59122.2,,true,solver_status:optimal
ZJY_h4s8n3.txt,IPLCT,8,4,22,10,600.0,2,9.1,12,54.5,5,492.73,31041.0,,true,solver_status:optimal
ZJY_h4s8n4.txt,IPLCT,8,4,22,10,600.0,0,0.0,6,27.3,5,504.79,10705.9,,true,solver_status:optimal
ZJY_h4s8n5.txt,IPLCT,8,4,22,10,600.0,0,0.0,8,36.4,5,512.82,32166.1,,true,solver_status:optimal
ZJY_h4s8n6.txt,IPLCT,8,4,22,10,600.0,4,18.2,9,40.9,5,536.07,125576.8,,true,solver_status:optimal
ZJY_h4s8n7.txt,IPLCT,8,4,22,10,600.0,5,22.7,22,100.0,5,489.89,20462.0,,true,solver_status:optimal
ZJY_h4s8n8.txt,IPLCT,8,4,22,10,600.0,1,4.5,9,40.9,5,518.85,154183.8,,true,solver_status:optimal
ZJY_h4s8n9.txt,IPLCT,8,4,22,10,600.0,1,4.5,11,50.0,5,509.21,31628.5,,true,solver_status:optimal
ZJY_h4s9n1.txt,IPLCT,9,4,25,10,600.0,0,0.0,7,28.0,6,597.52,34349.0,,true,solver_status:optimal
ZJY_h4s9n10.txt,IPLCT,9,4,25,10,600.0,0,0.0,9,36.0,5,521.11,58276.9,,true,solver_status:optimal
ZJY_h4s9n11.txt,IPLCT,9,4,25,10,600.0,0,0.0,8,32.0,6,598.75,17034.0,,true,solver_status:optimal
ZJY_h4s9n12.txt,IPLCT,9,4,25,10,600.0,0,0.0,5,20.0,6,596.50,39626.8,,true,solver_status:optimal
ZJY_h4s9n13.txt,IPLCT,9,4,25,10,600.0,0,0.0,9,36.0,6,599.80,51211.5,,true,solver_status:optimal
ZJY_h4s9n14.txt,IPLCT,9,4,25,10,600.0,3,12.0,9,36.0,5,509.15,168711.8,,true,solver_status:optimal
ZJY_h4s9n15.txt,IPLCT,9,4,25,10,600.0,1,4.0,17,68.0,5,498.57,74618.2,,true,solver_status:optimal
ZJY_h4s9n16.txt,IPLCT,9,4,25,9,600.0,2,8.0,15,60.0,6,589.94,160920.7,,true,solver_status:optimal
ZJY_h4s9n17.txt,IPLCT,9,4,25,10,600.0,0,0.0,10,40.0,6,597.85,29722.5,,true,solver_status:optimal
ZJY_h4s9n18.txt,IPLCT,9,4,25,10,600.0,0,0.0,10,40.0,6,598.93,171048.7,,true,solver_status:optimal
ZJY_h4s9n19.txt,IPLCT,9,4,25,10,600.0,1,4.0,12,48.0,5,495.19,204044.4,,true,solver_status:optimal
ZJY_h4s9n2.txt,IPLCT,9,4,25,10,600.0,6,24.0,22,88.0,4,402.32,377763.8,,true,solver_status:optimal
ZJY_h4s9n20.txt,IPLCT,9,4,25,10,600.0,1,4.0,4,16.0,5,530.46,34434.9,,true,solver_status:optimal
ZJY_h4s9n3.txt,IPLCT,9,4,25,9,600.0,6,24.0,12,48.0,6,596.44,123020.8,,true,solver_status:optimal
ZJY_h4s9n4.txt,IPLCT,9,4,25,10,600.0,0,0.0,6,24.0,5,516.22,38702.9,,true,solver_status:optimal
ZJY_h4s9n5.txt,IPLCT,9,4,25,10,600.0,3,12.0,14,56.0,5,590.57,90533.7,,true,solver_status:optimal
ZJY_h4s9n6.txt,IPLCT,9,4,25,10,600.0,0,0.0,9,36.0,6,599.93,20403.3,,true,solver_status:optimal
ZJY_h4s9n7.txt,IPLCT,9,4,25,10,600.0,0,0.0,7,28.0,5,486.56,48270.6,,true,solver_status:optimal
ZJY_h4s9n8.txt,IPLCT,9,4,25,10,600.0,0,0.0,6,24.0,6,596.59,28929.2,,true,solver_status:optimal
ZJY_h4s9n9.txt,IPLCT,9,4,25,10,600.0,4,16.0,16,64.0,5,531.26,70795.9,,true,solver_status:optimal
ZJY_h5s6n1.txt,IPLCT,6,5,21,10,600.0,0,0.0,3,14.3,4,427.01,7870.0,,true,solver_status:optimal
ZJY_h5s6n10.txt,IPLCT,6,5,21,10,600.0,0,0.0,4,19.0,3,307.02,136971.7,,true,solver_status:optimal
ZJY_h5s6n11.txt,IPLCT,6,5,21,10,600.0,1,4.8,3,14.3,3,314.71,38800.4,,true,solver_status:optimal
ZJY_h5s6n12.txt,IPLCT,6,5,21,10,600.0,0,0.0,4,19.0,4,429.47,36880.4,,true,solver_status:optimal
ZJY_h5s6n13.txt,IPLCT,6,5,21,10,600.0,0,0.0,3,14.3,4,409.01,53941.7,,true,solver_status:optimal
ZJY_h5s6n14.txt,IPLCT,6,5,21,10,600.0,0,0.0,5,23.8,5,542.23,3910.5,,true,solver_status:optimal
ZJY_h5s6n15.txt,IPLCT,6,5,21,10,600.0,0,0.0,3,14.3,5,540.24,18806.5,,true,solver_status:optimal
ZJY_h5s6n16.txt,IPLCT,6,5,21,10,600.0,0,0.0,2,9.5,5,598.89,19832.1,,true,solver_status:optimal
ZJY_h5s6n17.txt,IPLCT,6,5,21,10,600.0,2,9.5,11,52.4,6,593.63,152116.1,,true,solver_status:optimal
ZJY_h5s6n18.txt,IPLCT,6,5,21,10,600.0,1,4.8,4,19.0,4,489.97,25330.7,,true,solver_status:optimal
ZJY_h5s6n19.txt,IPLCT,6,5,21,10,600.0,1,4.8,3,14.3,3,321.14,14817.9,,true,solver_status:optimal
ZJY_h5s6n2.txt,IPLCT,6,5,21,10,600.0,1,4.8,4,19.0,5,528.40,79356.9,,true,solver_status:optimal
ZJY_h5s6n20.txt,IPLCT,6,5,21,10,600.0,1,4.8,6,28.6,4,434.49,24752.7,,true,solver_status:optimal
ZJY_h5s6n3.txt,IPLCT,6,5,21,10,600.0,1,4.8,4,19.0,5,594.12,26268.5,,true,solver_status:optimal
ZJY_h5s6n4.txt,IPLCT,6,5,21,10,600.0,0,0.0,8,38.1,5,530.70,119075.4,,true,solver_status:optimal
ZJY_h5s6n5.txt,IPLCT,6,5,21,10,600.0,0,0.0,2,9.5,4,406.20,31491.3,,true,solver_status:optimal
ZJY_h5s6n6.txt,IPLCT,6,5,21,10,600.0,0,0.0,3,14.3,5,569.41,17963.2,,true,solver_status:optimal
ZJY_h5s6n7.txt,IPLCT,6,5,21,10,600.0,1,4.8,2,9.5,3,326.28,11777.5,,true,solver_status:optimal
ZJY_h5s6n8.txt,IPLCT,6,5,21,10,600.0,2,9.5,3,14.3,3,329.83,69529.6,,true,solver_status:optimal
ZJY_h5s6n9.txt,IPLCT,6,5,21,10,600.0,0,0.0,9,42.9,5,556.11,20285.7,,true,solver_status:optimal
ZJY_h4s6n1.txt,IPLCT,6,4,17,10,900.0,1,5.9,8,47.1,8,768.51,3595661.2,,false,solver_status:not_proved_optimal
ZJY_h4s6n10.txt,IPLCT,6,4,17,10,900.0,0,0.0,17,100.0,8,828.35,6559.2,,true,solver_status:optimal
ZJY_h4s6n11.txt,IPLCT,6,4,17,9,900.0,0,0.0,5,29.4,7,765.34,2829285.1,,true,solver_status:optimal
ZJY_h4s6n12.txt,IPLCT,6,4,17,10,900.0,1,5.9,17,100.0,8,872.51,23803.4,,true,solver_status:optimal
ZJY_h4s6n13.txt,IPLCT,6,4,17,10,900.0,0,0.0,8,47.1,9,896.20,3058237.3,,true,solver_status:optimal
ZJY_h4s6n14.txt,IPLCT,6,4,17,10,900.0,1,5.9,7,41.2,8,842.71,846998.4,,true,solver_status:optimal
ZJY_h4s6n15.txt,IPLCT,6,4,17,10,900.0,1,5.9,8,47.1,8,806.90,3595831.5,,false,solver_status:not_proved_optimal
ZJY_h4s6n16.txt,IPLCT,6,4,17,10,900.0,1,5.9,13,76.5,8,810.35,3599145.3,,false,solver_status:not_proved_optimal
ZJY_h4s6n17.txt,IPLCT,6,4,17,10,900.0,1,5.9,11,64.7,8,828.87,3599336.9,,false,solver_status:not_proved_optimal
ZJY_h4s6n18.txt,IPLCT,6,4,17,10,900.0,1,5.9,8,47.1,8,776.27,2732987.3,,true,solver_status:optimal
ZJY_h4s6n19.txt,IPLCT,6,4,17,10,900.0,1,5.9,17,100.0,9,895.58,927639.6,,true,solver_status:optimal
ZJY_h4s6n2.txt,IPLCT,6,4,17,10,900.0,3,17.6,9,52.9,7,762.49,1834237.7,,true,solver_status:optimal
ZJY_h4s6n20.txt,IPLCT,6,4,17,10,900.0,1,5.9,17,100.0,8,850.72,409936.6,,true,solver_status:optimal
ZJY_h4s6n3.txt,IPLCT,6,4,17,10,900.0,1,5.9,8,47.1,8,837.42,2491340.4,,true,solver_status:optimal
ZJY_h4s6n4.txt,IPLCT,6,4,17,10,900.0,0,0.0,7,41.2,8,888.92,1090347.6,,true,solver_status:optimal
ZJY_h4s6n5.txt,IPLCT,6,4,17,10,900.0,1,5.9,13,76.5,9,889.57,1126191.7,,true,solver_status:optimal
ZJY_h4s6n6.txt,IPLCT,6,4,17,10,900.0,3,17.6,17,100.0,8,871.70,19768.3,,true,solver_status:optimal
ZJY_h4s6n7.txt,IPLCT,6,4,17,10,900.0,2,11.8,11,64.7,9,895.97,1055425.0,,true,solver_status:optimal
ZJY_h4s6n8.txt,IPLCT,6,4,17,10,900.0,0,0.0,5,29.4,8,876.66,298001.1,,true,solver_status:optimal
ZJY_h4s6n9.txt,IPLCT,6,4,17,10,900.0,1,5.9,17,100.0,8,827.19,41026.2,,true,solver_status:optimal
ZJY_h4s7n1.txt,IPLCT,7,4,20,10,900.0,1,5.0,16,80.0,8,869.13,3595875.8,,false,solver_status:not_proved_optimal
ZJY_h4s7n10.txt,IPLCT,7,4,20,9,900.0,1,5.0,7,35.0,8,857.96,3595407.0,,false,solver_status:not_proved_optimal
ZJY_h4s7n11.txt,IPLCT,7,4,20,10,900.0,1,5.0,11,55.0,8,821.64,3595391.0,,false,solver_status:not_proved_optimal
ZJY_h4s7n12.txt,IPLCT,7,4,20,10,900.0,0,0.0,16,80.0,7,722.42,3595398.4,,false,solver_status:not_proved_optimal
ZJY_h4s7n13.txt,IPLCT,7,4,20,10,900.0,1,5.0,16,80.0,8,850.38,3437025.2,,true,solver_status:optimal
ZJY_h4s7n14.txt,IPLCT,7,4,20,10,900.0,0,0.0,13,65.0,9,888.18,3595576.0,,false,solver_status:not_proved_optimal
ZJY_h4s7n15.txt,IPLCT,7,4,20,9,900.0,1,5.0,6,30.0,8,871.04,549398.0,,true,solver_status:optimal
ZJY_h4s7n16.txt,IPLCT,7,4,20,10,900.0,1,5.0,15,75.0,8,890.65,3595376.4,,false,solver_status:not_proved_optimal
ZJY_h4s7n17.txt,IPLCT,7,4,20,10,900.0,1,5.0,20,100.0,8,887.88,400526.0,,true,solver_status:optimal
ZJY_h4s7n18.txt,IPLCT,7,4,20,10,900.0,0,0.0,13,65.0,8,851.57,3595529.5,,false,solver_status:not_proved_optimal
ZJY_h4s7n19.txt,IPLCT,7,4,20,10,900.0,0,0.0,7,35.0,8,795.29,3573471.8,,true,solver_status:optimal
ZJY_h4s7n2.txt,IPLCT,7,4,20,10,900.0,1,5.0,20,100.0,8,861.38,98252.4,,true,solver_status:optimal
ZJY_h4s7n20.txt,IPLCT,7,4,20,10,900.0,0,0.0,9,45.0,8,849.37,1865121.0,,true,solver_status:optimal
ZJY_h4s7n3.txt,IPLCT,7,4,20,10,900.0,2,10.0,10,50.0,8,872.47,1727736.6,,true,solver_status:optimal
ZJY_h4s7n4.txt,IPLCT,7,4,20,10,900.0,1,5.0,8,40.0,8,817.70,3595327.5,,false,solver_status:not_proved_optimal
ZJY_h4s7n5.txt,IPLCT,7,4,20,9,900.0,3,15.0,10,50.0,8,821.64,1532364.9,,true,solver_status:optimal
ZJY_h4s7n6.txt,IPLCT,7,4,20,10,900.0,3,15.0,9,45.0,7,706.52,3595399.5,,false,solver_status:not_proved_optimal
ZJY_h4s7n7.txt,IPLCT,7,4,20,10,900.0,0,0.0,8,40.0,7,721.49,1233772.4,,true,solver_status:optimal
ZJY_h4s7n8.txt,IPLCT,7,4,20,10,900.0,0,0.0,7,35.0,8,855.52,532144.1,,true,solver_status:optimal
ZJY_h4s7n9.txt,IPLCT,7,4,20,10,900.0,0,0.0,14,70.0,8,867.40,3595411.9,,false,solver_status:not_proved_optimal
ZJY_h4s8n1.txt,IPLCT,8,4,22,10,900.0,9,40.9,22,100.0,4,409.72,3056.0,,true,solver_status:optimal
ZJY_h4s8n10.txt,IPLCT,8,4,22,10,900.0,0,0.0,13,59.1,8,897.07,3595487.1,,false,solver_status:not_proved_optimal
ZJY_h4s8n11.txt,IPLCT,8,4,22,10,900.0,2,9.1,9,40.9,8,863.11,3595492.4,,false,solver_status:not_proved_optimal
ZJY_h4s8n12.txt,IPLCT,8,4,22,10,900.0,0,0.0,18,81.8,9,895.98,3595424.0,,false,solver_status:not_proved_optimal
ZJY_h4s8n13.txt,IPLCT,8,4,22,10,900.0,1,4.5,8,36.4,7,768.13,3579179.4,,true,solver_status:optimal
ZJY_h4s8n14.txt,IPLCT,8,4,22,10,900.0,0,0.0,22,100.0,6,680.58,10132.4,,true,solver_status:optimal
ZJY_h4s8n15.txt,IPLCT,8,4,22,10,900.0,1,4.5,15,68.2,8,830.00,3595408.8,,false,solver_status:not_proved_optimal
ZJY_h4s8n16.txt,IPLCT,8,4,22,10,900.0,0,0.0,10,45.5,8,883.54,3595566.7,,false,solver_status:not_proved_optimal
ZJY_h4s8n17.txt,IPLCT,8,4,22,10,900.0,2,9.1,13,59.1,8,882.53,3595582.8,,false,solver_status:not_proved_optimal
ZJY_h4s8n18.txt,IPLCT,8,4,22,10,900.0,2,9.1,6,27.3,8,835.66,3595480.8,,false,solver_status:not_proved_optimal
ZJY_h4s8n19.txt,IPLCT,8,4,22,10,900.0,0,0.0,22,100.0,8,897.65,3166192.3,,true,solver_status:optimal
ZJY_h4s8n2.txt,IPLCT,8,4,22,10,900.0,1,4.5,9,40.9,7,752.41,3595578.7,,false,solver_status:not_proved_optimal
ZJY_h4s8n20.txt,IPLCT,8,4,22,10,900.0,0,0.0,10,45.5,7,735.72,3595474.6,,false,solver_status:not_proved_optimal
ZJY_h4s8n3.txt,IPLCT,8,4,22,10,900.0,2,9.1,14,63.6,8,880.53,2658504.9,,true,solver_status:optimal
ZJY_h4s8n4.txt,IPLCT,8,4,22,10,900.0,0,0.0,7,31.8,8,882.98,1552860.6,,true,solver_status:optimal
ZJY_h4s8n5.txt,IPLCT,8,4,22,10,900.0,0,0.0,12,54.5,8,865.92,2097014.7,,true,solver_status:optimal
ZJY_h4s8n6.txt,IPLCT,8,4,22,10,900.0,4,18.2,22,100.0,8,840.08,28570.6,,true,solver_status:optimal
ZJY_h4s8n7.txt,IPLCT,8,4,22,10,900.0,5,22.7,22,100.0,5,579.18,11153.3,,true,solver_status:optimal
ZJY_h4s8n8.txt,IPLCT,8,4,22,10,900.0,1,4.5,12,54.5,8,835.97,3595441.9,,false,solver_status:not_proved_optimal
ZJY_h4s8n9.txt,IPLCT,8,4,22,10,900.0,1,4.5,13,59.1,8,854.36,3595486.7,,false,solver_status:not_proved_optimal
ZJY_h4s9n1.txt,IPLCT,9,4,25,10,900.0,0,0.0,8,32.0,8,881.59,1720953.9,,true,solver_status:optimal
ZJY_h4s9n10.txt,IPLCT,9,4,25,10,900.0,0,0.0,10,40.0,7,734.05,3595446.4,,false,solver_status:not_proved_optimal
ZJY_h4s9n11.txt,IPLCT,9,4,25,10,900.0,0,0.0,9,36.0,8,831.89,785753.4,,true,solver_status:optimal
ZJY_h4s9n12.txt,IPLCT,9,4,25,10,900.0,0,0.0,8,32.0,8,830.79,3595440.6,,false,solver_status:not_proved_optimal
ZJY_h4s9n13.txt,IPLCT,9,4,25,10,900.0,0,0.0,12,48.0,8,879.28,3595415.3,,false,solver_status:not_proved_optimal
ZJY_h4s9n14.txt,IPLCT,9,4,25,10,900.0,3,12.0,17,68.0,8,862.34,3595498.6,,false,solver_status:not_proved_optimal
ZJY_h4s9n15.txt,IPLCT,9,4,25,10,900.0,1,4.0,25,100.0,8,840.51,109048.6,,true,solver_status:optimal
ZJY_h4s9n16.txt,IPLCT,9,4,25,9,900.0,2,8.0,16,64.0,9,897.06,3595468.9,,false,solver_status:not_proved_optimal
ZJY_h4s9n17.txt,IPLCT,9,4,25,10,900.0,0,0.0,11,44.0,8,870.07,3595408.3,,false,solver_status:not_proved_optimal
ZJY_h4s9n18.txt,IPLCT,9,4,25,10,900.0,0,0.0,11,44.0,8,848.04,3595401.4,,false,solver_status:not_proved_optimal
ZJY_h4s9n19.txt,IPLCT,9,4,25,10,900.0,1,4.0,17,68.0,8,870.96,3595516.0,,false,solver_status:not_proved_optimal
ZJY_h4s9n2.txt,IPLCT,9,4,25,10,900.0,6,24.0,25,100.0,7,765.74,40656.6,,true,solver_status:optimal
ZJY_h4s9n20.txt,IPLCT,9,4,25,10,900.0,1,4.0,6,24.0,8,838.09,3595617.3,,false,solver_status:not_proved_optimal
ZJY_h4s9n3.txt,IPLCT,9,4,25,9,900.0,6,24.0,15,60.0,8,827.65,3595404.1,,false,solver_status:not_proved_optimal
ZJY_h4s9n4.txt,IPLCT,9,4,25,10,900.0,0,0.0,8,32.0,8,862.60,3595473.7,,false,solver_status:not_proved_optimal
ZJY_h4s9n5.txt,IPLCT,9,4,25,10,900.0,3,12.0,25,100.0,8,894.76,1629482.9,,true,solver_status:optimal
ZJY_h4s9n6.txt,IPLCT,9,4,25,10,900.0,0,0.0,9,36.0,6,635.09,3596552.4,,false,solver_status:not_proved_optimal
ZJY_h4s9n7.txt,IPLCT,9,4,25,10,900.0,0,0.0,9,36.0,8,854.69,3595477.3,,false,solver_status:not_proved_optimal
ZJY_h4s9n8.txt,IPLCT,9,4,25,10,900.0,0,0.0,7,28.0,8,879.99,1209629.2,,true,solver_status:optimal
ZJY_h4s9n9.txt,IPLCT,9,4,25,10,900.0,4,16.0,19,76.0,8,851.28,3595446.4,,false,solver_status:not_proved_optimal
ZJY_h5s6n1.txt,IPLCT,6,5,21,10,900.0,0,0.0,3,14.3,4,426.86,3595440.2,,false,solver_status:not_proved_optimal
ZJY_h5s6n10.txt,IPLCT,6,5,21,10,900.0,0,0.0,8,38.1,8,873.16,3595367.6,,false,solver_status:not_proved_optimal
ZJY_h5s6n11.txt,IPLCT,6,5,21,10,900.0,1,4.8,10,47.6,6,660.50,3325984.8,,true,solver_status:optimal
ZJY_h5s6n12.txt,IPLCT,6,5,21,10,900.0,0,0.0,9,42.9,7,821.04,450952.1,,true,solver_status:optimal
ZJY_h5s6n13.txt,IPLCT,6,5,21,10,900.0,0,0.0,4,19.0,8,895.25,476746.3,,true,solver_status:optimal
ZJY_h5s6n14.txt,IPLCT,6,5,21,10,900.0,0,0.0,5,23.8,6,665.92,3595405.4,,false,solver_status:not_proved_optimal
ZJY_h5s6n15.txt,IPLCT,6,5,21,10,900.0,0,0.0,5,23.8,8,897.44,779421.1,,true,solver_status:optimal
ZJY_h5s6n16.txt,IPLCT,6,5,21,10,900.0,0,0.0,2,9.5,4,442.37,402868.2,,true,solver_status:optimal
ZJY_h5s6n17.txt,IPLCT,6,5,21,10,900.0,2,9.5,12,57.1,7,747.63,3595400.7,,false,solver_status:not_proved_optimal
ZJY_h5s6n18.txt,IPLCT,6,5,21,10,900.0,1,4.8,5,23.8,7,771.48,1153552.7,,true,solver_status:optimal
ZJY_h5s6n19.txt,IPLCT,6,5,21,10,900.0,1,4.8,4,19.0,8,879.55,651473.0,,true,solver_status:optimal
ZJY_h5s6n2.txt,IPLCT,6,5,21,10,900.0,1,4.8,5,23.8,8,858.34,710927.4,,true,solver_status:optimal
ZJY_h5s6n20.txt,IPLCT,6,5,21,10,900.0,1,4.8,9,42.9,8,878.35,369280.1,,true,solver_status:optimal
ZJY_h5s6n3.txt,IPLCT,6,5,21,10,900.0,1,4.8,4,19.0,6,633.02,1199676.6,,true,solver_status:optimal
ZJY_h5s6n4.txt,IPLCT,6,5,21,10,900.0,0,0.0,9,42.9,7,758.57,370980.0,,true,solver_status:optimal
ZJY_h5s6n5.txt,IPLCT,6,5,21,10,900.0,0,0.0,7,33.3,8,895.57,923118.6,,true,solver_status:optimal
ZJY_h5s6n6.txt,IPLCT,6,5,21,10,900.0,0,0.0,7,33.3,8,894.54,935589.3,,true,solver_status:optimal
ZJY_h5s6n7.txt,IPLCT,6,5,21,10,900.0,1,4.8,4,19.0,6,670.16,243931.4,,true,solver_status:optimal
ZJY_h5s6n8.txt,IPLCT,6,5,21,10,900.0,2,9.5,4,19.0,7,725.65,662670.9,,true,solver_status:optimal
ZJY_h5s6n9.txt,IPLCT,6,5,21,10,900.0,0,0.0,13,61.9,8,861.72,3595367.1,,false,solver_status:not_proved_optimal
ZJY_h4s6n1.txt,IPLCT,6,4,17,10,1200.0,1,5.9,17,100.0,10,1054.36,1542978.6,,true,solver_status:optimal
ZJY_h4s6n10.txt,IPLCT,6,4,17,10,1200.0,0,0.0,17,100.0,11,1112.53,101135.6,,true,solver_status:optimal
ZJY_h4s6n11.txt,IPLCT,6,4,17,9,1200.0,0,0.0,13,76.5,11,1180.44,3596550.3,,false,solver_status:not_proved_optimal
ZJY_h4s6n12.txt,IPLCT,6,4,17,10,1200.0,1,5.9,17,100.0,10,1024.18,121240.9,,true,solver_status:optimal
ZJY_h4s6n13.txt,IPLCT,6,4,17,10,1200.0,0,0.0,17,100.0,10,1036.05,493451.7,,true,solver_status:optimal
ZJY_h4s6n14.txt,IPLCT,6,4,17,10,1200.0,1,5.9,9,52.9,11,1135.68,3596584.5,,false,solver_status:not_proved_optimal
ZJY_h4s6n15.txt,IPLCT,6,4,17,10,1200.0,1,5.9,9,52.9,10,1064.30,3596547.7,,false,solver_status:not_proved_optimal
ZJY_h4s6n16.txt,IPLCT,6,4,17,10,1200.0,1,5.9,14,82.4,10,1032.39,3596592.8,,false,solver_status:not_proved_optimal
ZJY_h4s6n17.txt,IPLCT,6,4,17,10,1200.0,1,5.9,13,76.5,10,1053.06,3596594.0,,false,solver_status:not_proved_optimal
ZJY_h4s6n18.txt,IPLCT,6,4,17,10,1200.0,1,5.9,17,100.0,11,1115.52,1232832.4,,true,solver_status:optimal
ZJY_h4s6n19.txt,IPLCT,6,4,17,10,1200.0,1,5.9,17,100.0,11,1193.58,275727.8,,true,solver_status:optimal
ZJY_h4s6n2.txt,IPLCT,6,4,17,10,1200.0,3,17.6,9,52.9,11,1101.21,3596607.7,,false,solver_status:not_proved_optimal
ZJY_h4s6n20.txt,IPLCT,6,4,17,10,1200.0,1,5.9,17,100.0,10,1071.54,34220.0,,true,solver_status:optimal
ZJY_h4s6n3.txt,IPLCT,6,4,17,10,1200.0,1,5.9,17,100.0,11,1178.97,232047.1,,true,solver_status:optimal
ZJY_h4s6n4.txt,IPLCT,6,4,17,10,1200.0,0,0.0,7,41.2,11,1156.92,3596375.1,,false,solver_status:not_proved_optimal
ZJY_h4s6n5.txt,IPLCT,6,4,17,10,1200.0,1,5.9,13,76.5,11,1108.35,3596568.4,,false,solver_status:not_proved_optimal
ZJY_h4s6n6.txt,IPLCT,6,4,17,10,1200.0,3,17.6,17,100.0,9,990.35,1330408.6,,true,solver_status:optimal
ZJY_h4s6n7.txt,IPLCT,6,4,17,10,1200.0,2,11.8,12,70.6,11,1196.87,3596647.7,,false,solver_status:not_proved_optimal
ZJY_h4s6n8.txt,IPLCT,6,4,17,10,1200.0,0,0.0,7,41.2,11,1196.60,3596534.2,,false,solver_status:not_proved_optimal
ZJY_h4s6n9.txt,IPLCT,6,4,17,10,1200.0,1,5.9,17,100.0,10,1041.44,21356.8,,true,solver_status:optimal
ZJY_h4s7n1.txt,IPLCT,7,4,20,10,1200.0,1,5.0,20,100.0,11,1112.48,212226.4,,true,solver_status:optimal
ZJY_h4s7n10.txt,IPLCT,7,4,20,9,1200.0,1,5.0,7,35.0,9,915.94,3595715.8,,false,solver_status:not_proved_optimal
ZJY_h4s7n11.txt,IPLCT,7,4,20,10,1200.0,1,5.0,20,100.0,11,1148.73,491047.6,,true,solver_status:optimal
ZJY_h4s7n12.txt,IPLCT,7,4,20,10,1200.0,0,0.0,20,100.0,11,1138.53,594248.1,,true,solver_status:optimal
ZJY_h4s7n13.txt,IPLCT,7,4,20,10,1200.0,1,5.0,16,80.0,10,1018.15,3595718.2,,false,solver_status:not_proved_optimal
ZJY_h4s7n14.txt,IPLCT,7,4,20,10,1200.0,0,0.0,20,100.0,11,1127.90,1421941.0,,true,solver_status:optimal
ZJY_h4s7n15.txt,IPLCT,7,4,20,9,1200.0,1,5.0,11,55.0,11,1152.63,3595579.0,,false,solver_status:not_proved_optimal
ZJY_h4s7n16.txt,IPLCT,7,4,20,10,1200.0,1,5.0,15,75.0,10,1105.54,3595565.8,,false,solver_status:not_proved_optimal
ZJY_h4s7n17.txt,IPLCT,7,4,20,10,1200.0,1,5.0,20,100.0,10,1124.80,60797.1,,true,solver_status:optimal
ZJY_h4s7n18.txt,IPLCT,7,4,20,10,1200.0,0,0.0,20,100.0,11,1107.39,1449175.6,,true,solver_status:optimal
ZJY_h4s7n19.txt,IPLCT,7,4,20,10,1200.0,0,0.0,14,70.0,11,1149.20,3595679.7,,false,solver_status:not_proved_optimal
ZJY_h4s7n2.txt,IPLCT,7,4,20,10,1200.0,1,5.0,20,100.0,10,1034.67,37758.1,,true,solver_status:optimal
ZJY_h4s7n20.txt,IPLCT,7,4,20,10,1200.0,0,0.0,15,75.0,11,1195.41,3595435.5,,false,solver_status:not_proved_optimal
ZJY_h4s7n3.txt,IPLCT,7,4,20,10,1200.0,2,10.0,13,65.0,11,1130.48,3595499.8,,false,solver_status:not_proved_optimal
ZJY_h4s7n4.txt,IPLCT,7,4,20,10,1200.0,1,5.0,9,45.0,11,1190.68,3595477.3,,false,solver_status:not_proved_optimal
ZJY_h4s7n5.txt,IPLCT,7,4,20,9,1200.0,3,15.0,13,65.0,11,1141.43,3595341.9,,false,solver_status:not_proved_optimal
ZJY_h4s7n6.txt,IPLCT,7,4,20,10,1200.0,3,15.0,20,100.0,12,1198.99,2681136.0,,true,solver_status:optimal
ZJY_h4s7n7.txt,IPLCT,7,4,20,10,1200.0,0,0.0,14,70.0,12,1193.75,3595522.6,,false,solver_status:not_proved_optimal
ZJY_h4s7n8.txt,IPLCT,7,4,20,10,1200.0,0,0.0,7,35.0,12,1198.85,3595730.1,,false,solver_status:not_proved_optimal
ZJY_h4s7n9.txt,IPLCT,7,4,20,10,1200.0,0,0.0,14,70.0,11,1160.10,3595388.4,,false,solver_status:not_proved_optimal
ZJY_h4s8n1.txt,IPLCT,8,4,22,10,1200.0,9,40.9,22,100.0,3,310.66,2863.0,,true,solver_status:optimal
ZJY_h4s8n10.txt,IPLCT,8,4,22,10,1200.0,0,0.0,14,63.6,11,1187.39,3595401.3,,false,solver_status:not_proved_optimal
ZJY_h4s8n11.txt,IPLCT,8,4,22,10,1200.0,2,9.1,22,100.0,11,1197.44,260498.4,,true,solver_status:optimal
ZJY_h4s8n12.txt,IPLCT,8,4,22,10,1200.0,0,0.0,22,100.0,11,1165.44,800311.3,,true,solver_status:optimal
ZJY_h4s8n13.txt,IPLCT,8,4,22,10,1200.0,1,4.5,11,50.0,10,1179.34,3595490.2,,false,solver_status:not_proved_optimal
ZJY_h4s8n14.txt,IPLCT,8,4,22,10,1200.0,0,0.0,22,100.0,9,915.19,32069.6,,true,solver_status:optimal
ZJY_h4s8n15.txt,IPLCT,8,4,22,10,1200.0,1,4.5,22,100.0,11,1170.88,1488383.0,,true,solver_status:optimal
ZJY_h4s8n16.txt,IPLCT,8,4,22,10,1200.0,0,0.0,10,45.5,7,754.46,3595454.5,,false,solver_status:not_proved_optimal
ZJY_h4s8n17.txt,IPLCT,8,4,22,10,1200.0,2,9.1,14,63.6,11,1156.24,3595495.5,,false,solver_status:not_proved_optimal
ZJY_h4s8n18.txt,IPLCT,8,4,22,10,1200.0,2,9.1,14,63.6,11,1168.93,3595426.8,,false,solver_status:not_proved_optimal
ZJY_h4s8n19.txt,IPLCT,8,4,22,10,1200.0,0,0.0,22,100.0,11,1121.50,62481.0,,true,solver_status:optimal
ZJY_h4s8n2.txt,IPLCT,8,4,22,10,1200.0,1,4.5,17,77.3,11,1197.14,3595843.2,,false,solver_status:not_proved_optimal
ZJY_h4s8n20.txt,IPLCT,8,4,22,10,1200.0,0,0.0,14,63.6,10,1082.76,3595846.3,,false,solver_status:not_proved_optimal
ZJY_h4s8n3.txt,IPLCT,8,4,22,10,1200.0,2,9.1,14,63.6,10,1113.59,3595731.8,,false,solver_status:not_proved_optimal
ZJY_h4s8n4.txt,IPLCT,8,4,22,10,1200.0,0,0.0,8,36.4,10,1199.76,3596059.7,,false,solver_status:not_proved_optimal
ZJY_h4s8n5.txt,IPLCT,8,4,22,10,1200.0,0,0.0,12,54.5,11,1164.46,3595785.1,,false,solver_status:not_proved_optimal
ZJY_h4s8n6.txt,IPLCT,8,4,22,10,1200.0,4,18.2,22,100.0,9,992.02,44858.0,,true,solver_status:optimal
ZJY_h4s8n7.txt,IPLCT,8,4,22,10,1200.0,5,22.7,22,100.0,6,665.56,21361.9,,true,solver_status:optimal
ZJY_h4s8n8.txt,IPLCT,8,4,22,10,1200.0,1,4.5,12,54.5,10,1019.55,3596047.2,,false,solver_status:not_proved_optimal
ZJY_h4s8n9.txt,IPLCT,8,4,22,10,1200.0,1,4.5,22,100.0,10,1118.68,97009.3,,true,solver_status:optimal
ZJY_h4s9n1.txt,IPLCT,9,4,25,10,1200.0,0,0.0,12,48.0,11,1198.58,3596016.0,,false,solver_status:not_proved_optimal
ZJY_h4s9n10.txt,IPLCT,9,4,25,10,1200.0,0,0.0,16,64.0,9,1038.09,3596016.2,,false,solver_status:not_proved_optimal
ZJY_h4s9n11.txt,IPLCT,9,4,25,10,1200.0,0,0.0,9,36.0,11,1120.85,3595944.1,,false,solver_status:not_proved_optimal
ZJY_h4s9n12.txt,IPLCT,9,4,25,10,1200.0,0,0.0,9,36.0,11,1199.07,3595947.2,,false,solver_status:not_proved_optimal
ZJY_h4s9n13.txt,IPLCT,9,4,25,10,1200.0,0,0.0,15,60.0,10,1100.50,3595942.5,,false,solver_status:not_proved_optimal
ZJY_h4s9n14.txt,IPLCT,9,4,25,10,1200.0,3,12.0,19,76.0,10,1116.90,3595803.0,,false,solver_status:not_proved_optimal
ZJY_h4s9n15.txt,IPLCT,9,4,25,10,1200.0,1,4.0,25,100.0,8,868.16,78234.2,,true,solver_status:optimal
ZJY_h4s9n16.txt,IPLCT,9,4,25,9,1200.0,2,8.0,22,88.0,11,1196.90,3595490.9,,false,solver_status:not_proved_optimal
ZJY_h4s9n17.txt,IPLCT,9,4,25,10,1200.0,0,0.0,14,56.0,11,1191.38,3595580.2,,false,solver_status:not_proved_optimal
ZJY_h4s9n18.txt,IPLCT,9,4,25,10,1200.0,0,0.0,18,72.0,11,1198.48,3595692.5,,false,solver_status:not_proved_optimal
ZJY_h4s9n19.txt,IPLCT,9,4,25,10,1200.0,1,4.0,18,72.0,11,1132.08,3595645.6,,false,solver_status:not_proved_optimal
ZJY_h4s9n2.txt,IPLCT,9,4,25,10,1200.0,6,24.0,25,100.0,10,1088.97,20001.9,,true,solver_status:optimal
ZJY_h4s9n20.txt,IPLCT,9,4,25,10,1200.0,1,4.0,7,28.0,10,1047.92,3595562.2,,false,solver_status:not_proved_optimal
ZJY_h4s9n3.txt,IPLCT,9,4,25,9,1200.0,6,24.0,25,100.0,11,1173.46,2735604.5,,true,solver_status:optimal
ZJY_h4s9n4.txt,IPLCT,9,4,25,10,1200.0,0,0.0,8,32.0,10,1091.91,3595552.5,,false,solver_status:not_proved_optimal
ZJY_h4s9n5.txt,IPLCT,9,4,25,10,1200.0,3,12.0,25,100.0,11,1182.95,81800.1,,true,solver_status:optimal
ZJY_h4s9n6.txt,IPLCT,9,4,25,10,1200.0,0,0.0,11,44.0,9,1013.60,3595513.3,,false,solver_status:not_proved_optimal
ZJY_h4s9n7.txt,IPLCT,9,4,25,10,1200.0,0,0.0,11,44.0,12,1195.02,3595636.3,,false,solver_status:not_proved_optimal
ZJY_h4s9n8.txt,IPLCT,9,4,25,10,1200.0,0,0.0,7,28.0,9,941.91,3595537.3,,false,solver_status:not_proved_optimal
ZJY_h4s9n9.txt,IPLCT,9,4,25,10,1200.0,4,16.0,25,100.0,10,1123.79,76425.0,,true,solver_status:optimal
ZJY_h5s6n1.txt,IPLCT,6,5,21,10,1200.0,0,0.0,4,19.0,8,933.65,3595422.2,,false,solver_status:not_proved_optimal
ZJY_h5s6n10.txt,IPLCT,6,5,21,10,1200.0,0,0.0,15,71.4,11,1176.86,3595731.7,,false,solver_status:not_proved_optimal
ZJY_h5s6n11.txt,IPLCT,6,5,21,10,1200.0,1,4.8,11,52.4,9,1044.67,3595449.7,,false,solver_status:not_proved_optimal
ZJY_h5s6n12.txt,IPLCT,6,5,21,10,1200.0,0,0.0,9,42.9,11,1153.62,3595519.2,,false,solver_status:not_proved_optimal
ZJY_h5s6n13.txt,IPLCT,6,5,21,10,1200.0,0,0.0,8,38.1,10,1161.32,3595498.6,,false,solver_status:not_proved_optimal
ZJY_h5s6n14.txt,IPLCT,6,5,21,10,1200.0,0,0.0,6,28.6,10,1120.99,3595427.3,,false,solver_status:not_proved_optimal
ZJY_h5s6n15.txt,IPLCT,6,5,21,10,1200.0,0,0.0,7,33.3,10,1197.73,3595482.7,,false,solver_status:not_proved_optimal
ZJY_h5s6n16.txt,IPLCT,6,5,21,10,1200.0,0,0.0,12,57.1,10,1160.84,2573149.7,,true,solver_status:optimal
ZJY_h5s6n17.txt,IPLCT,6,5,21,10,1200.0,2,9.5,17,81.0,10,1065.05,3595812.2,,false,solver_status:not_proved_optimal
ZJY_h5s6n18.txt,IPLCT,6,5,21,10,1200.0,1,4.8,7,33.3,10,1168.65,3595856.9,,false,solver_status:not_proved_optimal
ZJY_h5s6n19.txt,IPLCT,6,5,21,10,1200.0,1,4.8,5,23.8,10,1135.38,3595858.3,,false,solver_status:not_proved_optimal
ZJY_h5s6n2.txt,IPLCT,6,5,21,10,1200.0,1,4.8,12,57.1,11,1177.82,3595733.7,,false,solver_status:not_proved_optimal
ZJY_h5s6n20.txt,IPLCT,6,5,21,10,1200.0,1,4.8,9,42.9,8,900.89,3595862.7,,false,solver_status:not_proved_optimal
ZJY_h5s6n3.txt,IPLCT,6,5,21,10,1200.0,1,4.8,6,28.6,9,1104.47,3595806.9,,false,solver_status:not_proved_optimal
ZJY_h5s6n4.txt,IPLCT,6,5,21,10,1200.0,0,0.0,13,61.9,10,1110.94,3595871.2,,false,solver_status:not_proved_optimal
ZJY_h5s6n5.txt,IPLCT,6,5,21,10,1200.0,0,0.0,21,100.0,11,1196.15,1465068.1,,true,solver_status:optimal
ZJY_h5s6n6.txt,IPLCT,6,5,21,10,1200.0,0,0.0,7,33.3,10,1075.10,3595841.3,,false,solver_status:not_proved_optimal
ZJY_h5s6n7.txt,IPLCT,6,5,21,10,1200.0,1,4.8,7,33.3,9,1095.70,3331772.3,,true,solver_status:optimal
ZJY_h5s6n8.txt,IPLCT,6,5,21,10,1200.0,2,9.5,10,47.6,10,1185.42,3595866.6,,false,solver_status:not_proved_optimal
ZJY_h5s6n9.txt,IPLCT,6,5,21,10,1200.0,0,0.0,14,66.7,10,1157.57,3595455.3,,false,solver_status:not_proved_optimal
